Šifra artikla,EAN,Spletne strani,Naziv artikla EN,Naziv artikla,Proizvajalec,Dobavitelj,ABC klasifikacija,Merska enota,Oznaka tarifa,Država proizvoda,Bruto teža,Enota bruto teže,Neto teža,Enota neto teže,Volumen,Enota volumna,Dolžina paketa,Enota dolžine paketa,Širina paketa,Enota širine paketa,Višina paketa,Enota višine paketa,Kategorije svetila ANG,Kategorije svetila SLO,Kategorije vid ANG,Kategorije vid SLO,Cena B2B,Cena B2C,Popust,Valuta,DDV,PAK2,Omejitev pri naročanju,Skupina popusta,S popust %,Posebni popust za stranko,Glavna slika,Ostale slike,Glavni dokument,Vloge dokumentov,Ostali dokumenti,VID trenutna zaloga,VID naročena količina,VID količina za odpremo,VID razpoložljiva količina,VID naročena količina dobaviteljem,VID datum dobave,VID koli. prihodnjih dobav,Dobavitelj zaloga,Dobavitelj naročena zaloga,Dobavitelj datum,Skladišče,Grlo,Svetilka vključuje svetlobni vir,Senzor gibanja,Max moč sijalke,Garancija,Zračni pretok,Uporaba ANG,Uporaba SLO,Način montaže ANG,Način montaže SLO,Simbol atributa,Baterija,Kapaciteta baterije,Kot svetlobnega snopa,Enota kota svetlobnega snopa,Presek kabla,Višina stropne kapice,Enota višine stropne kapice,Širina stropne kapice,Enota širine stropne kapice,Čas polnjenja,Način polnjenja ANG,Način polnjenja SLO,Nazivna jakost toka,Nazivna napetost,Nazivna moč,Kolekcija,Temperatura barve,Komentarji,Dopolnilna barva I ANG,Dopolnilna barva I SLO,Dopolnilna barva II ANG,Dopolnilna barva II SLO,Dopolnilni simbol tkanine iz vzorčne škatle I,Dopolnilni material I ANG,Dopolnilni material I SLO,Dopolnilni material II ANG,Dopolnilni material II SLO,Dopolnilni material III ANG,Dopolnilni material III SLO,Indeks barvnega videza (CRI),Vrsta toka,Izvrtina (cutout),Kot detekcije,Razdalja detekcije,Hitrost detekcije,Premer,Višina,Enota višine,Dolžina,Enota dolžine,Širina,Enota širine,Zatemnljivo ANG,Zatemnljivo SLO,Razdalja od stene,Enota razdalje od stene,EAN koda,Električni razred ANG,Režim nujne osvetlitve ANG,Režim nujne osvetlitve SLO,Energijski razred,Ekvivalent,Simbol tkanine iz vzorčne škatle,Svetlobni tok,Enota svetlobnega toka,Frekvenca,Enota frekvence,Bruto teža (2),Enota bruto teže (2),Nastavitev višine,Razpon nastavitve višine,Enota razpona nastavitve višine,Višina daljše roke,Enota višine daljše roke,Višina senčnika reflektorja,Enota višine senčnika reflektorja,Višina krajše roke,Enota višine krajše roke,Dimenzije odprtine,Enota dimenzij odprtine,Oblika odprtine ANG,Oblika odprtine SLO,Ikone,IK stopnja,Montažna višina,IP stopnja zaščite,Oblika svetilke ANG,Oblika svetilke SLO,Prevladujoča barva ANG,Prevladujoča barva SLO,Prevladujoč material ANG,Prevladujoč material SLO,Dolžina podnožja,Enota dolžine podnožja,Dolžina horizontalne roke,Enota dolžine horizontalne roke,Dolžina senčnika,Enota dolžine senčnika,Dolžina vertikalne roke,Enota dolžine vertikalne roke,Življenjska doba,Vrsta svetlobnega vira ANG,Vrsta svetlobnega vira SLO,Luks,Model,Vrtenje motorja,Neto teža (2),Enota neto teže (2),Hrup,Število svetlobnih segmentov,Število svetlobnih virov,Število paketov,Število ciklov polnjenja,PCN,Kosov na karton,Višina paketa I,Višina paketa II,Višina paketa III,Enota višine paketa I,Enota višine paketa II,Enota višine paketa III,Dolžina paketa I,Dolžina paketa II,Dolžina paketa III,Enota dolžine paketa I,Enota dolžine paketa II,Enota dolžine paketa III,Volumen paketa,Enota volumna paketa,Širina paketa I,Širina paketa II,Širina paketa III,Enota širine paketa I,Enota širine paketa II,Enota širine paketa III,Faktor moči,Ime izdelka,Razdelitev na segmente,Velikost,Podnožje / socket,Dolžina spuščenega stropa,Enota dolžine spuščenega stropa,Solarni panel,Solarna moč,Slog ANG,Slog SLO,Tehnična opomba,Časovna zakasnitev,Vrsta kabla,Video,Napetost,Enota napetosti,Širina podnožja,Enota širine podnožja,Širina senčnika reflektorja,Enota širine senčnika reflektorja,Delovna temperatura,Delovni čas,Združljivo z
DX.APC.25.500,4039677010469,,"LED power supply APC-25 CC 25,2W/50V IP42","Napajalnik, za LED, CC, APC, 0,5A-0,5A, 25,2W, ON/OFF, IP42, 1/72, (R3)",00001609,91086973,,kom,85044082,CN,0,,0,,0,,0,mm,0,mm,0,mm,,,,,13.03,,,,22,72,,,,,,,,,,,,,,,,,,,,,,,,,,,,,,,,,,,,,,,,,,,,,,,,,,,,,,,,,,,,,,,,,,,,,,,,,,,,,,,,,,,,,,,,,,,,,,,,,,,,,,,,,,,,,,,,,,,,,,,,,,,,,,,,,,,,,,,,,,,,,,,,,,,,,,,,,,,,,,,,,,,,,,,,,,,,,,,,,,,,
DX.APC.35.500,7000002125452,,LED power supply APC-35 CC 35W/70V IP42,"Napajalnik, za LED, CC, APC, 0,5A-0,5A, 35W, ON/OFF, IP42, 1/72, (R3)",00001609,91086973,,kom,85044082,CN,0.192,,0.192,,0,,35,mm,67,mm,125,mm,,,,,14.53,,,,22,72,,,,,,,,,,,,,,,,,,,,,,,,,,,,,,,,,,,,,,,,,,,,,,,,,,,,,,,,,,,,,,,,,,,,,,,,,,,,,,,,,,,,,,,,,,,,,,,,,,,,,,,,,,,,,,,,,,,,,,,,,,,,,,,,,,,,,,,,,,,,,,,,,,,,,,,,,,,,,,,,,,,,,,,,,,,,,,,,,,,,
DX.APV.16.12,4039677007612,,LED power supply APV-16 CV 16W/12V IP42,"Napajalnik, za LED, CV, APV, 12V, 16W, ON/OFF, IP42, 1/120, (R3)",00001609,91086973,,kom,85044082,CN,0,,0.1,,0,,0,mm,0,mm,0,mm,,,,,7.9,,,,22,120,,,,,,,,,,,,,,,,,,,,,,,,,,,,,,,,,,,,,,,,,,,,,,,,,,,,,,,,,,,,,,,,,,,,,,,,,,,,,,,,,,,,,,,,,,,,,,,,,,,,,,,,,,,,,,,,,,,,,,,,,,,,,,,,,,,,,,,,,,,,,,,,,,,,,,,,,,,,,,,,,,,,,,,,,,,,,,,,,,,,
DX.CBU.ASD,3830078332416,,"LED controller CBU-ASD MONO CASAMBI, DALI","LED kontroler, enobarvni, CBU-ASD, 12V/24V, 120/240W, DALI,CASAMBI, 0-10V, (R2)",00001606,91086973,,kom,85365080,CN,0.048,,0.045,,0,,55,mm,35,mm,23,mm,,,,,111.43,,,,22,0,,,,,,,,,,,,,,,,,,,,,,,,,,,,,,,,,,,,,,,,,,,,,,,,,,,,,,,,,,,,,,,,,,,,,,,,,,,,,,,,,,,,,,,,,,,,,,,,,,,,,,,,,,,,,,,,,,,,,,,,,,,,,,,,,,,,,,,,,,,,,,,,,,,,,,,,,,,,,,,,,,,,,,,,,,,,,,,,,,,,
DX.CBU.CEFL,3830078332454,,Motion detector CBU-CEFL PIR recessed CASAMBI,"Senzor gibanja, PIR, CBU-CEFL , za v profil, 220V/240V, CASAMBI, (R2)",00001606,91086973,,kom,85365080,CN,0,,0,,0,,0,mm,0,mm,0,mm,,,,,,,,,22,0,,,,,,,,,,,,,,,,,,,,,,,,,,,,,,,,,,,,,,,,,,,,,,,,,,,,,,,,,,,,,,,,,,,,,,,,,,,,,,,,,,,,,,,,,,,,,,,,,,,,,,,,,,,,,,,,,,,,,,,,,,,,,,,,,,,,,,,,,,,,,,,,,,,,,,,,,,,,,,,,,,,,,,,,,,,,,,,,,,,,
DX.CBU.TED,3830078330160,,LED controller CBU-TED MONO CASAMBI,"LED kontroler, enobarvni, CBU-TED, 85V/240V, 55/156W, CASAMBI, (R2)",00001606,91086973,,kom,85365080,CN,0.016,,0.016,,0,,10,mm,35,mm,40,mm,,,,,111.43,,,,22,0,,,,,,,,,,,,,,,,,,,,,,,,,,,,,,,,,,,,,,,,,,,,,,,,,,,,,,,,,,,,,,,,,,,,,,,,,,,,,,,,,,,,,,,,,,,,,,,,,,,,,,,,,,,,,,,,,,,,,,,,,,,,,,,,,,,,,,,,,,,,,,,,,,,,,,,,,,,,,,,,,,,,,,,,,,,,,,,,,,,,
DX.DAC230.1CH,4039677007605,,LED controller DAC230 MONO PUSH,"LED zatemnilnik, enobarvni, DAC230, 210V/240V, 168/192W, PUSH, (R3)",00001606,91086973,,kom,85365080,CN,0.043,,0.031,,0,,30,mm,55,mm,70,mm,,,,,46.83,,,,22,10,,,,,,,,,,,,,,,,,,,,,,,,,,,,,,,,,,,,,,,,,,,,,,,,,,,,,,,,,,,,,,,,,,,,,,,,,,,,,,,,,,,,,,,,,,,,,,,,,,,,,,,,,,,,,,,,,,,,,,,,,,,,,,,,,,,,,,,,,,,,,,,,,,,,,,,,,,,,,,,,,,,,,,,,,,,,,,,,,,,,
DX.DLB1248.1CV.DALI,3830078332409,,"LED controller DLB1248 MONO DALI, PUSH","LED zatemnilnik, enobarvni, DLB1248, 12V/24V, 120/240W, DALI, PUSH, 0/10V, 1/10V, (R2)",00001606,91086973,,kom,85365080,CN,0.043,,0.04,,0,,50,mm,44,mm,25,mm,,,,,44.35,,,,22,0,,,,,,,,,,,,,,,,,,,,,,,,,,,,,,,,,,,,,,,,,,,,,,,,,,,,,,,,,,,,,,,,,,,,,,,,,,,,,,,,,,,,,,,,,,,,,,,,,,,,,,,,,,,,,,,,,,,,,,,,,,,,,,,,,,,,,,,,,,,,,,,,,,,,,,,,,,,,,,,,,,,,,,,,,,,,,,,,,,,,
DX.DLB1248.3CV.DALI,3830078332423,,"LED controller DLB1248 MONO DALI, 3xPUSH","LED zatemnilnik, enobarvni, DLB1248, 12V/24V, 120/240W, DALI, 3xPUSH, 0-5V, 0-10V, (R2)",00001606,91086973,,kom,85365080,CN,0.043,,0.04,,0,,50,mm,44,mm,25,mm,,,,,78.05,,,,22,0,,,,,,,,,,,,,,,,,,,,,,,,,,,,,,,,,,,,,,,,,,,,,,,,,,,,,,,,,,,,,,,,,,,,,,,,,,,,,,,,,,,,,,,,,,,,,,,,,,,,,,,,,,,,,,,,,,,,,,,,,,,,,,,,,,,,,,,,,,,,,,,,,,,,,,,,,,,,,,,,,,,,,,,,,,,,,,,,,,,,
DX.DLC1248.1CV,8006012335316,,"LED controller DLC1248 MONO CASAMBI, PUSH","LED zatemnilnik, enobarvni, DLC1248, 12V/48V, 96W/192W, (R2)",00001606,91086973,,kom,85365080,CN,0.043,,0.04,,0,,50,mm,44,mm,25,mm,,,,,33.45,,,,22,0,,,,,,,,,,,,,,,,,,,,,,,,,,,,,,,,,,,,,,,,,,,,,,,,,,,,,,,,,,,,,,,,,,,,,,,,,,,,,,,,,,,,,,,,,,,,,,,,,,,,,,,,,,,,,,,,,,,,,,,,,,,,,,,,,,,,,,,,,,,,,,,,,,,,,,,,,,,,,,,,,,,,,,,,,,,,,,,,,,,,
DX.DLM1224.1CV,3830078330122,,"LED controller DLM1224 MONO PUSH, 0-10V, 1-10V","LED zatemnilnik, enobarvni, DLM1224, 12V/24V, 120/240W, PUSH, 0-10V, 1-10V, potenciometer, (R2)",00001606,91086973,,kom,85365080,CN,0.025,,0.025,,0,,20,mm,55,mm,45,mm,,,,,28.77,,,,22,10,,,,,,,,,,,,,,,,,,,,,,,,,,,,,,,,,,,,,,,,,,,,,,,,,,,,,,,,,,,,,,,,,,,,,,,,,,,,,,,,,,,,,,,,,,,,,,,,,,,,,,,,,,,,,,,,,,,,,,,,,,,,,,,,,,,,,,,,,,,,,,,,,,,,,,,,,,,,,,,,,,,,,,,,,,,,,,,,,,,,
DX.DLM1224.1CV.D,3830078330092,,"LED controller DLM1224 MONO PUSH, DALI","LED zatemnilnik, enobarvni, DLM1224, 12V/24V, 120/240W, PUSH, DALI, 0,10V, 1-10V, potenciometer, (R2)",00001606,91086973,,kom,85365080,CN,0.025,,0.025,,0,,20,mm,55,mm,45,mm,,,,,35.46,,,,22,10,,,,,,,,,,,,,,,,,,,,,,,,,,,,,,,,,,,,,,,,,,,,,,,,,,,,,,,,,,,,,,,,,,,,,,,,,,,,,,,,,,,,,,,,,,,,,,,,,,,,,,,,,,,,,,,,,,,,,,,,,,,,,,,,,,,,,,,,,,,,,,,,,,,,,,,,,,,,,,,,,,,,,,,,,,,,,,,,,,,,
DX.DLP1224.6CV.DALI,3830078332430,,LED controller DLP1224 MONO DALI,"LED zatemnilnik, enobarvni, DLP1224, 12V/24V, 240/480W, DALI, (R2)",00001606,91086973,,kom,85365080,CN,0.125,,0.125,,0,,62,mm,91,mm,124,mm,,,,,98.12,,,,22,0,,,,,,,,,,,,,,,,,,,,,,,,,,,,,,,,,,,,,,,,,,,,,,,,,,,,,,,,,,,,,,,,,,,,,,,,,,,,,,,,,,,,,,,,,,,,,,,,,,,,,,,,,,,,,,,,,,,,,,,,,,,,,,,,,,,,,,,,,,,,,,,,,,,,,,,,,,,,,,,,,,,,,,,,,,,,,,,,,,,,
DX.ELG.150.24,4039677008176,,LED power supply ELG-150 CV 150W/24V IP67,"Napajalnik, za LED, CV, ELG, 24V, 150W, ON/OFF, IP67, 1/16, (R3)",00001609,91086973,,kom,85044082,CN,0.952,,0.9,,0,,35,mm,64,mm,225,mm,,,,,45.72,,,,22,16,,,,,,,,,,,,,,,,,,,,,,,,,,,,,,,,,,,,,,,,,,,,,,,,,,,,,,,,,,,,,,,,,,,,,,,,,,,,,,,,,,,,,,,,,,,,,,,,,,,,,,,,,,,,,,,,,,,,,,,,,,,,,,,,,,,,,,,,,,,,,,,,,,,,,,,,,,,,,,,,,,,,,,,,,,,,,,,,,,,,
DX.ELG.150.24B,4039677006493,,LED power supply ELG-150 CV 150W/24V IP67,"Napajalnik, za LED, CV, ELG, 24V, 150W, 3 in 1, IP67, 1/16, (R3)",00001609,91086973,,kom,85044082,CN,0.99,,0.92,,0,,35,mm,64,mm,225,mm,,,,,48.07,,,,22,16,,,,,,,,,,,,,,,,,,,,,,,,,,,,,,,,,,,,,,,,,,,,,,,,,,,,,,,,,,,,,,,,,,,,,,,,,,,,,,,,,,,,,,,,,,,,,,,,,,,,,,,,,,,,,,,,,,,,,,,,,,,,,,,,,,,,,,,,,,,,,,,,,,,,,,,,,,,,,,,,,,,,,,,,,,,,,,,,,,,,
DX.ELG.150.24DA,4039677010551,,LED power supply ELG-150 CV 150W/24V DALI IP67,"Napajalnik, za LED, CV, ELG, 24V, 150W, DALI, IP67, 1/16, (R3)",00001609,91086973,,kom,85044082,CN,0.79,,0.73,,0,,50,mm,280,mm,85,mm,,,,,52.98,,,,22,16,,,,,,,,,,,,,,,,,,,,,,,,,,,,,,,,,,,,,,,,,,,,,,,,,,,,,,,,,,,,,,,,,,,,,,,,,,,,,,,,,,,,,,,,,,,,,,,,,,,,,,,,,,,,,,,,,,,,,,,,,,,,,,,,,,,,,,,,,,,,,,,,,,,,,,,,,,,,,,,,,,,,,,,,,,,,,,,,,,,,
DX.ELG.200.24DA,4039677010582,,LED power supply ELG-200 CV 200W/24V DALI IP67,"Napajalnik, za LED, CV, ELG, 24V, 200W, DALI, IP67, 1/12, (R3)",00001609,91086973,,kom,85044082,CN,1.2,,1.2,,0,,45,mm,300,mm,90,mm,,,,,63.45,,,,22,12,,,,,,,,,,,,,,,,,,,,,,,,,,,,,,,,,,,,,,,,,,,,,,,,,,,,,,,,,,,,,,,,,,,,,,,,,,,,,,,,,,,,,,,,,,,,,,,,,,,,,,,,,,,,,,,,,,,,,,,,,,,,,,,,,,,,,,,,,,,,,,,,,,,,,,,,,,,,,,,,,,,,,,,,,,,,,,,,,,,,
DX.ELG.240.24,4039677011367,,LED power supply ELG-240 CV 240W/24V IP67,"Napajalnik, za LED, CV, ELG, 24V, 240W, ON/OFF, IP67, 1/12, (R3)",00001609,91086973,,kom,85044082,CN,1.35,,1.22,,0,,45,mm,300,mm,90,mm,,,,,59.82,,,,22,12,,,,,,,,,,,,,,,,,,,,,,,,,,,,,,,,,,,,,,,,,,,,,,,,,,,,,,,,,,,,,,,,,,,,,,,,,,,,,,,,,,,,,,,,,,,,,,,,,,,,,,,,,,,,,,,,,,,,,,,,,,,,,,,,,,,,,,,,,,,,,,,,,,,,,,,,,,,,,,,,,,,,,,,,,,,,,,,,,,,,
DX.ELG.240.24B,4039677006301,,LED power supply ELG-240 CV 240W/24V IP67,"Napajalnik, za LED, CV, ELG, 24V, 240W, 3 in 1, IP67, 1/12, (R3)",00001609,91086973,,kom,85044082,CN,1.19,,1.185,,0,,45,mm,300,mm,90,mm,,,,,56.61,,,,22,12,,,,,,,,,,,,,,,,,,,,,,,,,,,,,,,,,,,,,,,,,,,,,,,,,,,,,,,,,,,,,,,,,,,,,,,,,,,,,,,,,,,,,,,,,,,,,,,,,,,,,,,,,,,,,,,,,,,,,,,,,,,,,,,,,,,,,,,,,,,,,,,,,,,,,,,,,,,,,,,,,,,,,,,,,,,,,,,,,,,,
DX.ELG.240.24B.3Y,3830078330184,,LED power supply ELG-240 CV 240W/24V TRIAC IP67,"Napajalnik, za LED, CV, ELG, 24V, 240W, 3 in 1, IP67, 1/12, (R3)",00001609,91086973,,kom,85044082,CN,1.19,,1.185,,0,,45,mm,300,mm,90,mm,,,,,62.38,,,,22,12,,,,,,,,,,,,,,,,,,,,,,,,,,,,,,,,,,,,,,,,,,,,,,,,,,,,,,,,,,,,,,,,,,,,,,,,,,,,,,,,,,,,,,,,,,,,,,,,,,,,,,,,,,,,,,,,,,,,,,,,,,,,,,,,,,,,,,,,,,,,,,,,,,,,,,,,,,,,,,,,,,,,,,,,,,,,,,,,,,,,
DX.ELG.300.24A,4039677010445,,LED power supply ELG-300 CV 300W/24V IP67,"Napajalnik, za LED, CV, ELG, 24V, 300W, ON/OFF, IP65, 1/9, (R3)",00001609,91086973,,kom,85044082,CN,1.424,,1.42,,0,,325,mm,97,mm,55,mm,,,,,89.73,,,,22,9,,,,,,,,,,,,,,,,,,,,,,,,,,,,,,,,,,,,,,,,,,,,,,,,,,,,,,,,,,,,,,,,,,,,,,,,,,,,,,,,,,,,,,,,,,,,,,,,,,,,,,,,,,,,,,,,,,,,,,,,,,,,,,,,,,,,,,,,,,,,,,,,,,,,,,,,,,,,,,,,,,,,,,,,,,,,,,,,,,,,
DX.FLS.16.500,4039677010742,,LED power supply FLS-16 CC 16W/32V,"Napajalnik, za LED, CC, FLS, 0,35A-0,5A, 16W, ON/OFF, IP20, (R3)",00001610,91086973,,kom,85044082,CN,0.116,,0.11,,0,,142,mm,45,mm,30,mm,,,,,17.76,,,,22,0,,,,,,,,,,,,,,,,,,,,,,,,,,,,,,,,,,,,,,,,,,,,,,,,,,,,,,,,,,,,,,,,,,,,,,,,,,,,,,,,,,,,,,,,,,,,,,,,,,,,,,,,,,,,,,,,,,,,,,,,,,,,,,,,,,,,,,,,,,,,,,,,,,,,,,,,,,,,,,,,,,,,,,,,,,,,,,,,,,,,
DX.FLS.20.700,4039677010476,,LED power supply FLS-20 CC 20W/40V,"Napajalnik, za LED, CC, FLS, 0,4A-0,7A, 20W, ON/OFF, IP20, (R3)",00001610,91086973,,kom,85044082,CN,0.188,,0.176,,0,,142,mm,45,mm,30,mm,,,,,18.21,,,,22,0,,,,,,,,,,,,,,,,,,,,,,,,,,,,,,,,,,,,,,,,,,,,,,,,,,,,,,,,,,,,,,,,,,,,,,,,,,,,,,,,,,,,,,,,,,,,,,,,,,,,,,,,,,,,,,,,,,,,,,,,,,,,,,,,,,,,,,,,,,,,,,,,,,,,,,,,,,,,,,,,,,,,,,,,,,,,,,,,,,,,
DX.FLS.42.1050,3830078330214,,LED power supply FLS-42 furniture CC 42W/42V CASAMBI,"Napajalnik, za LED, pohištveni, CC, FLS, 0,85A-1,05A, 42W, CASAMBI, IP20, (R3)",00001610,91086973,,kom,85044082,CN,0.188,,0.176,,0,,0,mm,0,mm,0,mm,,,,,14.21,,,,22,0,,,,,,,,,,,,,,,,,,,,,,,,,,,,,,,,,,,,,,,,,,,,,,,,,,,,,,,,,,,,,,,,,,,,,,,,,,,,,,,,,,,,,,,,,,,,,,,,,,,,,,,,,,,,,,,,,,,,,,,,,,,,,,,,,,,,,,,,,,,,,,,,,,,,,,,,,,,,,,,,,,,,,,,,,,,,,,,,,,,,
DX.FLS.42.1050LD,3830078331792,,LED power supply FLS-42 furniture CC 42W/40V,"Napajalnik, za LED, pohištveni, CC, FLS, 0,85A-1,05A, 42W, ON/OFF, IP20, (R3)",00001610,91086973,,kom,85044082,CN,0.109,,0.109,,0,,95,mm,40,mm,25,mm,,,,,14.21,,,,22,0,,,,,,,,,,,,,,,,,,,,,,,,,,,,,,,,,,,,,,,,,,,,,,,,,,,,,,,,,,,,,,,,,,,,,,,,,,,,,,,,,,,,,,,,,,,,,,,,,,,,,,,,,,,,,,,,,,,,,,,,,,,,,,,,,,,,,,,,,,,,,,,,,,,,,,,,,,,,,,,,,,,,,,,,,,,,,,,,,,,,
DX.FMS.80.700,3830078330177,,LED power supply FMS-80 CC 80W/180V,"Napajalnik, za LED, CC, FMS, 0,3A-0,7A, 80W, ON/OFF, IP20, (R2)",00001610,91086973,,kom,85044082,CN,0.2185,,0.2185,,0,,279,mm,30,mm,22,mm,,,,,22,,,,22,0,,,,,,,,,,,,,,,,,,,,,,,,,,,,,,,,,,,,,,,,,,,,,,,,,,,,,,,,,,,,,,,,,,,,,,,,,,,,,,,,,,,,,,,,,,,,,,,,,,,,,,,,,,,,,,,,,,,,,,,,,,,,,,,,,,,,,,,,,,,,,,,,,,,,,,,,,,,,,,,,,,,,,,,,,,,,,,,,,,,,
DX.HDR.100.12,4039677010087,,"LED power supply HDR-100 for DIN rail CV 85,2W/12V","Napajalnik, za LED, za DIN letev, CV, HDR, 12V, 85,2W, ON/OFF, IP20, 1/48, (R6)",00001609,91086973,,kom,85365080,CN,0.278,,0.275,,0,,110,mm,75,mm,65,mm,,,,,36.32,,,,22,48,,,,,,,,,,,,,,,,,,,,,,,,,,,,,,,,,,,,,,,,,,,,,,,,,,,,,,,,,,,,,,,,,,,,,,,,,,,,,,,,,,,,,,,,,,,,,,,,,,,,,,,,,,,,,,,,,,,,,,,,,,,,,,,,,,,,,,,,,,,,,,,,,,,,,,,,,,,,,,,,,,,,,,,,,,,,,,,,,,,,
DX.HDR.100.24,4039677010131,,LED power supply HDR-100 for DIN rail CV 92W/24V,"Napajalnik, za LED, za DIN letev, CV, HDR, 24V, 92W, ON/OFF, IP20, 1/48, (R6)",00001609,91086973,,kom,85365080,CN,0.278,,0.275,,0,,110,mm,75,mm,65,mm,,,,,36.32,,,,22,48,,,,,,,,,,,,,,,,,,,,,,,,,,,,,,,,,,,,,,,,,,,,,,,,,,,,,,,,,,,,,,,,,,,,,,,,,,,,,,,,,,,,,,,,,,,,,,,,,,,,,,,,,,,,,,,,,,,,,,,,,,,,,,,,,,,,,,,,,,,,,,,,,,,,,,,,,,,,,,,,,,,,,,,,,,,,,,,,,,,,
DX.HDR.15.12,3830078330146,,LED power supply HDR-15 for DIN rail CV 15W/12V,"Napajalnik, za LED, za DIN letev, CV, HDR, 12V, 15W, ON/OFF, IP20, 1/160, (R6)",00001609,91086973,,kom,85365080,CN,0.079,,0.075,,0,,95,mm,75,mm,24,mm,,,,,15.38,,,,22,160,,,,,,,,,,,,,,,,,,,,,,,,,,,,,,,,,,,,,,,,,,,,,,,,,,,,,,,,,,,,,,,,,,,,,,,,,,,,,,,,,,,,,,,,,,,,,,,,,,,,,,,,,,,,,,,,,,,,,,,,,,,,,,,,,,,,,,,,,,,,,,,,,,,,,,,,,,,,,,,,,,,,,,,,,,,,,,,,,,,,
DX.HDR.15.24,4039677010100,,"LED power supply HDR-15 for DIN rail CV 15,2W/24V","Napajalnik, za LED, za DIN letev, CV, HDR, 24V, 15,2W, ON/OFF, IP20, 1/160, (R6)",00001609,91086973,,kom,85365080,CN,0.079,,0.075,,0,,95,mm,75,mm,24,mm,,,,,15.38,,,,22,160,,,,,,,,,,,,,,,,,,,,,,,,,,,,,,,,,,,,,,,,,,,,,,,,,,,,,,,,,,,,,,,,,,,,,,,,,,,,,,,,,,,,,,,,,,,,,,,,,,,,,,,,,,,,,,,,,,,,,,,,,,,,,,,,,,,,,,,,,,,,,,,,,,,,,,,,,,,,,,,,,,,,,,,,,,,,,,,,,,,,
DX.HDR.150.12,4039677010094,,LED power supply HDR-150 for DIN rail CV 150W/12V,"Napajalnik, za LED, za DIN letev, CV, HDR, 12V, 150W, ON/OFF, IP20, 1/32, (R6)",00001609,91086973,,kom,85365080,CN,0.355,,0.35,,0,,120,mm,100,mm,65,mm,,,,,45.93,,,,22,32,,,,,,,,,,,,,,,,,,,,,,,,,,,,,,,,,,,,,,,,,,,,,,,,,,,,,,,,,,,,,,,,,,,,,,,,,,,,,,,,,,,,,,,,,,,,,,,,,,,,,,,,,,,,,,,,,,,,,,,,,,,,,,,,,,,,,,,,,,,,,,,,,,,,,,,,,,,,,,,,,,,,,,,,,,,,,,,,,,,,
DX.HDR.150.24,4039677010148,,LED power supply HDR-150 for DIN rail CV 150W/24V,"Napajalnik, za LED, za DIN letev, CV, HDR, 24V, 150W, ON/OFF, IP20, 1/32, (R6)",00001609,91086973,,kom,85365080,CN,0.355,,0.35,,0,,120,mm,100,mm,65,mm,,,,,45.93,,,,22,32,,,,,,,,,,,,,,,,,,,,,,,,,,,,,,,,,,,,,,,,,,,,,,,,,,,,,,,,,,,,,,,,,,,,,,,,,,,,,,,,,,,,,,,,,,,,,,,,,,,,,,,,,,,,,,,,,,,,,,,,,,,,,,,,,,,,,,,,,,,,,,,,,,,,,,,,,,,,,,,,,,,,,,,,,,,,,,,,,,,,
DX.HDR.30.12,4039677010063,,LED power supply HDR-30 for DIN rail CV 24W/12V,"Napajalnik, za LED, za DIN letev, CV, HDR, 12V, 24W, ON/OFF, IP20, 1/96, (R6)",00001609,91086973,,kom,85365080,CN,0.141,,0.124,,0,,65,mm,42,mm,98,mm,,,,,18.59,,,,22,96,,,,,,,,,,,,,,,,,,,,,,,,,,,,,,,,,,,,,,,,,,,,,,,,,,,,,,,,,,,,,,,,,,,,,,,,,,,,,,,,,,,,,,,,,,,,,,,,,,,,,,,,,,,,,,,,,,,,,,,,,,,,,,,,,,,,,,,,,,,,,,,,,,,,,,,,,,,,,,,,,,,,,,,,,,,,,,,,,,,,
DX.HDR.30.24,4039677010117,,LED power supply HDR-30 for DIN rail CV 36W/24V,"Napajalnik, za LED, za DIN letev, CV, HDR, 24V, 36W, ON/OFF, IP20, 1/96, (R6)",00001609,91086973,,kom,85365080,CN,0.1415,,0.1265,,0,,97,mm,66,mm,42,mm,,,,,18.59,,,,22,96,,,,,,,,,,,,,,,,,,,,,,,,,,,,,,,,,,,,,,,,,,,,,,,,,,,,,,,,,,,,,,,,,,,,,,,,,,,,,,,,,,,,,,,,,,,,,,,,,,,,,,,,,,,,,,,,,,,,,,,,,,,,,,,,,,,,,,,,,,,,,,,,,,,,,,,,,,,,,,,,,,,,,,,,,,,,,,,,,,,,
DX.HDR.60.12,4039677010070,,LED power supply HDR-60 for DIN rail CV 54W/12V,"Napajalnik, za LED, za DIN letev, CV, HDR, 12V, 54W, ON/OFF, IP20, 1/60, (R6)",00001609,91086973,,kom,85365080,CN,0.211,,0.205,,0,,100,mm,68,mm,65,mm,,,,,25.42,,,,22,60,,,,,,,,,,,,,,,,,,,,,,,,,,,,,,,,,,,,,,,,,,,,,,,,,,,,,,,,,,,,,,,,,,,,,,,,,,,,,,,,,,,,,,,,,,,,,,,,,,,,,,,,,,,,,,,,,,,,,,,,,,,,,,,,,,,,,,,,,,,,,,,,,,,,,,,,,,,,,,,,,,,,,,,,,,,,,,,,,,,,
DX.HDR.60.24,4039677010124,,LED power supply HDR-60 for DIN rail CV 60W/24V,"Napajalnik, za LED, za DIN letev, CV, HDR, 24V, 60W, ON/OFF, IP20, 1/60, (R6)",00001609,91086973,,kom,85365080,CN,0.211,,0.205,,0,,100,mm,68,mm,65,mm,,,,,25.42,,,,22,60,,,,,,,,,,,,,,,,,,,,,,,,,,,,,,,,,,,,,,,,,,,,,,,,,,,,,,,,,,,,,,,,,,,,,,,,,,,,,,,,,,,,,,,,,,,,,,,,,,,,,,,,,,,,,,,,,,,,,,,,,,,,,,,,,,,,,,,,,,,,,,,,,,,,,,,,,,,,,,,,,,,,,,,,,,,,,,,,,,,,
DX.HLG.150H.24B,4039677010520,,LED power supply HLG-150H CV 150W/24V IP67,"Napajalnik, za LED, CV, HLG, 24V, 150W, 3 in 1, IP67, 1/12, (R3)",00001609,91086973,,kom,85044082,CN,1.32,,1.15,,0,,50,mm,90,mm,295,mm,,,,,61.74,,,,22,12,,,,,,,,,,,,,,,,,,,,,,,,,,,,,,,,,,,,,,,,,,,,,,,,,,,,,,,,,,,,,,,,,,,,,,,,,,,,,,,,,,,,,,,,,,,,,,,,,,,,,,,,,,,,,,,,,,,,,,,,,,,,,,,,,,,,,,,,,,,,,,,,,,,,,,,,,,,,,,,,,,,,,,,,,,,,,,,,,,,,
DX.HLG.240H.12A,4039677010407,,LED power supply HLG-240H CV 240W/12V IP65,"Napajalnik, za LED, CV, HLG, 12V, 240W, ON/OFF, IP65, 1/12, (R3)",00001609,91086973,,kom,85044082,CN,1.256,,1.256,,0,,310,mm,90,mm,50,mm,,,,,80.11,,,,22,12,,,,,,,,,,,,,,,,,,,,,,,,,,,,,,,,,,,,,,,,,,,,,,,,,,,,,,,,,,,,,,,,,,,,,,,,,,,,,,,,,,,,,,,,,,,,,,,,,,,,,,,,,,,,,,,,,,,,,,,,,,,,,,,,,,,,,,,,,,,,,,,,,,,,,,,,,,,,,,,,,,,,,,,,,,,,,,,,,,,,
DX.HLG.320H.24,4039677006318,,LED power supply HLG-320H CV 320W/24V IP67,"Napajalnik, za LED, CV, HLG, 24V, 320W, ON/OFF, IP67, 1/8, (R3)",00001609,91086973,,kom,85044082,CN,1.901,,1.88,,0,,50,mm,120,mm,350,mm,,,,,108.1,,,,22,8,,,,,,,,,,,,,,,,,,,,,,,,,,,,,,,,,,,,,,,,,,,,,,,,,,,,,,,,,,,,,,,,,,,,,,,,,,,,,,,,,,,,,,,,,,,,,,,,,,,,,,,,,,,,,,,,,,,,,,,,,,,,,,,,,,,,,,,,,,,,,,,,,,,,,,,,,,,,,,,,,,,,,,,,,,,,,,,,,,,,
DX.HLG.320H.24B,4039677010438,,LED power supply HLG-320H CV 320W/24V IP67,"Napajalnik, za LED, CV, HLG, 24V, 320W, 3 in 1, IP67, 1/8, (R3)",00001609,91086973,,kom,85044082,CN,1.98,,1.88,,0,,60,mm,125,mm,335,mm,,,,,111.73,,,,22,8,,,,,,,,,,,,,,,,,,,,,,,,,,,,,,,,,,,,,,,,,,,,,,,,,,,,,,,,,,,,,,,,,,,,,,,,,,,,,,,,,,,,,,,,,,,,,,,,,,,,,,,,,,,,,,,,,,,,,,,,,,,,,,,,,,,,,,,,,,,,,,,,,,,,,,,,,,,,,,,,,,,,,,,,,,,,,,,,,,,,
DX.HLG.480H.24A,4021087038867,,LED power supply HLG-480H CV 480W/24V IP65,"Napajalnik, za LED, CV, HLG, 24V, 480W, ON/OFF, IP65, 1/4, (R3)",00001609,91086973,,kom,85044082,CN,2.8,,2655,,0,,362,mm,14,mm,62,mm,,,,,161.08,,,,22,4,,,,,,,,,,,,,,,,,,,,,,,,,,,,,,,,,,,,,,,,,,,,,,,,,,,,,,,,,,,,,,,,,,,,,,,,,,,,,,,,,,,,,,,,,,,,,,,,,,,,,,,,,,,,,,,,,,,,,,,,,,,,,,,,,,,,,,,,,,,,,,,,,,,,,,,,,,,,,,,,,,,,,,,,,,,,,,,,,,,,
DX.HLG.480H.24B,4039677011220,,LED power supply HLG-480H CV 480W/24V IP67,"Napajalnik, za LED, CV, HLG, 24V, 480W, 3 in 1, IP67, 1/4, (R3)",00001609,91086973,,kom,85044082,CN,2.9,,2.8,,0,,0,mm,0,mm,0,mm,,,,,173.05,,,,22,4,,,,,,,,,,,,,,,,,,,,,,,,,,,,,,,,,,,,,,,,,,,,,,,,,,,,,,,,,,,,,,,,,,,,,,,,,,,,,,,,,,,,,,,,,,,,,,,,,,,,,,,,,,,,,,,,,,,,,,,,,,,,,,,,,,,,,,,,,,,,,,,,,,,,,,,,,,,,,,,,,,,,,,,,,,,,,,,,,,,,
DX.LCM.25BLE,3830078330276,,LED power supply LCM-25BLE CC 25W/50V CASAMBI,"Napajalnik, za LED, CC, LCM, 0,35A-1,05A, 25W, CASAMBI, IP20, 1/72, (R3)",00001609,91086973,,kom,85044082,CN,0.1618,,0.144,,0,,140,mm,75,mm,30,mm,,,,,90.58,,,,22,72,,,,,,,,,,,,,,,,,,,,,,,,,,,,,,,,,,,,,,,,,,,,,,,,,,,,,,,,,,,,,,,,,,,,,,,,,,,,,,,,,,,,,,,,,,,,,,,,,,,,,,,,,,,,,,,,,,,,,,,,,,,,,,,,,,,,,,,,,,,,,,,,,,,,,,,,,,,,,,,,,,,,,,,,,,,,,,,,,,,,
DX.LCM.25DA,4039677010377,,LED power supply LCM-25DA CC 25W/50V DALI,"Napajalnik, za LED, CC, LCM, 0,35A-1,05A, 25W, DALI, PUSH, IP20, 1/72, (R3)",00001609,91086973,,kom,85044082,CN,0.58,,0.17,,0,,140,mm,75,mm,30,mm,,,,,37.17,,,,22,72,,,,,,,,,,,,,,,,,,,,,,,,,,,,,,,,,,,,,,,,,,,,,,,,,,,,,,,,,,,,,,,,,,,,,,,,,,,,,,,,,,,,,,,,,,,,,,,,,,,,,,,,,,,,,,,,,,,,,,,,,,,,,,,,,,,,,,,,,,,,,,,,,,,,,,,,,,,,,,,,,,,,,,,,,,,,,,,,,,,,
DX.LCM.40BLE,4039677010452,,LED power supply LCM-40 CC 40W/100V CASAMBI,"Napajalnik, za LED, CC, LCM, 0,35A-1,05A, 40W, CASAMBI, IP20, 1/54, (R3)",00001609,91086973,,kom,85044082,CN,0.264,,0.255,,0,,30,mm,90,mm,160,mm,,,,,96.99,,,,22,54,,,,,,,,,,,,,,,,,,,,,,,,,,,,,,,,,,,,,,,,,,,,,,,,,,,,,,,,,,,,,,,,,,,,,,,,,,,,,,,,,,,,,,,,,,,,,,,,,,,,,,,,,,,,,,,,,,,,,,,,,,,,,,,,,,,,,,,,,,,,,,,,,,,,,,,,,,,,,,,,,,,,,,,,,,,,,,,,,,,,
DX.LCM.40DA,4039677006622,,LED power supply LCM-40DA CC 40W/100V DALI,"Napajalnik, za LED, CC, LCM, 0,35A-1,05A, 40W, DALI, PUSH, IP20, 1/54, (R3)",00001609,91086973,,kom,85044082,CN,0.264,,0.255,,0,,30,mm,90,mm,160,mm,,,,,43.58,,,,22,54,,,,,,,,,,,,,,,,,,,,,,,,,,,,,,,,,,,,,,,,,,,,,,,,,,,,,,,,,,,,,,,,,,,,,,,,,,,,,,,,,,,,,,,,,,,,,,,,,,,,,,,,,,,,,,,,,,,,,,,,,,,,,,,,,,,,,,,,,,,,,,,,,,,,,,,,,,,,,,,,,,,,,,,,,,,,,,,,,,,,
DX.LCM.60BLE,4039677010513,,LED power supply LCM-60 CC 60W/90V CASAMBI,"Napajalnik, za LED, CC, LCM, 0,5A-1,4A, 60W, CASAMBI, IP20, 1/54, (R3)",00001609,91086973,,kom,85044082,CN,0.264,,0.255,,0,,30,mm,90,mm,160,mm,,,,,101.48,,,,22,54,,,,,,,,,,,,,,,,,,,,,,,,,,,,,,,,,,,,,,,,,,,,,,,,,,,,,,,,,,,,,,,,,,,,,,,,,,,,,,,,,,,,,,,,,,,,,,,,,,,,,,,,,,,,,,,,,,,,,,,,,,,,,,,,,,,,,,,,,,,,,,,,,,,,,,,,,,,,,,,,,,,,,,,,,,,,,,,,,,,,
DX.LDC.55DA,3830078331808,,LED power supply LDC-55DA line CV 55W/56V DALI,"Napajalnik, za LED, linijski, CV, LDC, 27V-56V, 55W, DALI, PUSH, IP20, 1/48, (R3)",00001609,91086973,,kom,85044082,CN,0.26,,0.255,,0,,320,mm,30,mm,21,mm,,,,,41.02,,,,22,48,,,,,,,,,,,,,,,,,,,,,,,,,,,,,,,,,,,,,,,,,,,,,,,,,,,,,,,,,,,,,,,,,,,,,,,,,,,,,,,,,,,,,,,,,,,,,,,,,,,,,,,,,,,,,,,,,,,,,,,,,,,,,,,,,,,,,,,,,,,,,,,,,,,,,,,,,,,,,,,,,,,,,,,,,,,,,,,,,,,,
DX.LPV.100.12,4039677003805,,LED power supply LPV-100 CV 100W/12V IP67,"Napajalnik, za LED, CV, LPV, 12V, 100W, ON/OFF, IP67, 1/20, (R6)",00001609,91086973,,kom,85044082,CN,0.647,,0.642,,0,,40,mm,70,mm,220,mm,,,,,29.91,,,,22,20,,,,,,,,,,,,,,,,,,,,,,,,,,,,,,,,,,,,,,,,,,,,,,,,,,,,,,,,,,,,,,,,,,,,,,,,,,,,,,,,,,,,,,,,,,,,,,,,,,,,,,,,,,,,,,,,,,,,,,,,,,,,,,,,,,,,,,,,,,,,,,,,,,,,,,,,,,,,,,,,,,,,,,,,,,,,,,,,,,,,
DX.LPV.100.24,4039677003416,,LED power supply LPV-100 CV 100W/24V IP67,"Napajalnik, za LED, CV, LPV, 24V, 100W, ON/OFF, IP67, 1/20, (R6)",00001609,91086973,,kom,85044082,CN,0.632,,0.6035,,0,,40,mm,230,mm,70,mm,,,,,29.91,,,,22,20,,,,,,,,,,,,,,,,,,,,,,,,,,,,,,,,,,,,,,,,,,,,,,,,,,,,,,,,,,,,,,,,,,,,,,,,,,,,,,,,,,,,,,,,,,,,,,,,,,,,,,,,,,,,,,,,,,,,,,,,,,,,,,,,,,,,,,,,,,,,,,,,,,,,,,,,,,,,,,,,,,,,,,,,,,,,,,,,,,,,
DX.LPV.150.12,4039677003812,,LED power supply LPV-150 CV 150W/12V IP67,"Napajalnik, za LED, CV, LPV, 12V, 150W, ON/OFF, IP67, 1/20, (R6)",00001609,91086973,,kom,85044082,CN,0.849,,0.841,,0,,45,mm,85,mm,275,mm,,,,,40.38,,,,22,20,,,,,,,,,,,,,,,,,,,,,,,,,,,,,,,,,,,,,,,,,,,,,,,,,,,,,,,,,,,,,,,,,,,,,,,,,,,,,,,,,,,,,,,,,,,,,,,,,,,,,,,,,,,,,,,,,,,,,,,,,,,,,,,,,,,,,,,,,,,,,,,,,,,,,,,,,,,,,,,,,,,,,,,,,,,,,,,,,,,,
DX.LPV.150.24,4039677003423,,LED power supply LPV-150 CV 150W/24V IP67,"Napajalnik, za LED, CV, LPV, 24V, 150W, ON/OFF, IP67, 1/20, (R6)",00001609,91086973,,kom,85044082,CN,0.8255,,0.776,,0,,280,mm,85,mm,50,mm,,,,,40.38,,,,22,20,,,,,,,,,,,,,,,,,,,,,,,,,,,,,,,,,,,,,,,,,,,,,,,,,,,,,,,,,,,,,,,,,,,,,,,,,,,,,,,,,,,,,,,,,,,,,,,,,,,,,,,,,,,,,,,,,,,,,,,,,,,,,,,,,,,,,,,,,,,,,,,,,,,,,,,,,,,,,,,,,,,,,,,,,,,,,,,,,,,,
DX.LPV.20.12,4039677003775,,LED power supply LPV-20 CV 20W/12V IP67,"Napajalnik, za LED, CV, LPV, 12V, 20W, ON/OFF, IP67, 1/60, (R6)",00001609,91086973,,kom,85044082,CN,0.212,,0.206,,0,,30,mm,60,mm,150,mm,,,,,11.54,,,,22,60,,,,,,,,,,,,,,,,,,,,,,,,,,,,,,,,,,,,,,,,,,,,,,,,,,,,,,,,,,,,,,,,,,,,,,,,,,,,,,,,,,,,,,,,,,,,,,,,,,,,,,,,,,,,,,,,,,,,,,,,,,,,,,,,,,,,,,,,,,,,,,,,,,,,,,,,,,,,,,,,,,,,,,,,,,,,,,,,,,,,
DX.LPV.20.24,4039677003386,,LED power supply LPV-20 CV 20W/24V IP67,"Napajalnik, za LED, CV, LPV, 24V, 20W, ON/OFF, IP67, 1/60, (R6)",00001609,91086973,,kom,85044082,CN,0.21,,0.194,,0,,152,mm,62,mm,30,mm,,,,,11.54,,,,22,60,,,,,,,,,,,,,,,,,,,,,,,,,,,,,,,,,,,,,,,,,,,,,,,,,,,,,,,,,,,,,,,,,,,,,,,,,,,,,,,,,,,,,,,,,,,,,,,,,,,,,,,,,,,,,,,,,,,,,,,,,,,,,,,,,,,,,,,,,,,,,,,,,,,,,,,,,,,,,,,,,,,,,,,,,,,,,,,,,,,,
DX.LPV.35.12,4039677003782,,LED power supply LPV-35 CV 35W/12V IP67,"Napajalnik, za LED, CV, LPV, 12V, 35W, ON/OFF, IP67, 1/40, (R6)",00001609,91086973,,kom,85044082,CN,0.309,,0.301,,0,,35,mm,65,mm,180,mm,,,,,16.24,,,,22,40,,,,,,,,,,,,,,,,,,,,,,,,,,,,,,,,,,,,,,,,,,,,,,,,,,,,,,,,,,,,,,,,,,,,,,,,,,,,,,,,,,,,,,,,,,,,,,,,,,,,,,,,,,,,,,,,,,,,,,,,,,,,,,,,,,,,,,,,,,,,,,,,,,,,,,,,,,,,,,,,,,,,,,,,,,,,,,,,,,,,
DX.LPV.35.24,4039677003393,,LED power supply LPV-35 CV 35W/24V IP67,"Napajalnik, za LED, CV, LPV, 24V, 35W, ON/OFF, IP67, 1/40, (R6)",00001609,91086973,,kom,85044082,CN,0.32,,0.301,,0,,185,mm,65,mm,35,mm,,,,,16.24,,,,22,40,,,,,,,,,,,,,,,,,,,,,,,,,,,,,,,,,,,,,,,,,,,,,,,,,,,,,,,,,,,,,,,,,,,,,,,,,,,,,,,,,,,,,,,,,,,,,,,,,,,,,,,,,,,,,,,,,,,,,,,,,,,,,,,,,,,,,,,,,,,,,,,,,,,,,,,,,,,,,,,,,,,,,,,,,,,,,,,,,,,,
DX.LPV.60.12,4039677003799,,LED power supply LPV-60 CV 60W/12V IP67,"Napajalnik, za LED, CV, LPV, 12V, 60W, ON/OFF, IP67, 1/32, (R6)",00001609,91086973,,kom,85044082,CN,0.41,,0.39,,0,,35,mm,65,mm,195,mm,,,,,18.16,,,,22,32,,,,,,,,,,,,,,,,,,,,,,,,,,,,,,,,,,,,,,,,,,,,,,,,,,,,,,,,,,,,,,,,,,,,,,,,,,,,,,,,,,,,,,,,,,,,,,,,,,,,,,,,,,,,,,,,,,,,,,,,,,,,,,,,,,,,,,,,,,,,,,,,,,,,,,,,,,,,,,,,,,,,,,,,,,,,,,,,,,,,
DX.LPV.60.24,4039677003409,,LED power supply LPV-60 CV 60W/24V IP67,"Napajalnik, za LED, CV, LPV, 24V, 60W, ON/OFF, IP67, 1/32, (R6)",00001609,91086973,,kom,85044082,CN,0.405,,0.383,,0,,195,mm,66,mm,36,mm,,,,,18.16,,,,22,32,,,,,,,,,,,,,,,,,,,,,,,,,,,,,,,,,,,,,,,,,,,,,,,,,,,,,,,,,,,,,,,,,,,,,,,,,,,,,,,,,,,,,,,,,,,,,,,,,,,,,,,,,,,,,,,,,,,,,,,,,,,,,,,,,,,,,,,,,,,,,,,,,,,,,,,,,,,,,,,,,,,,,,,,,,,,,,,,,,,,
DX.MDR.20.24,4039677010384,,LED power supply MDR-20 for DIN rail CV 20W/24V,"Napajalnik, za LED, za DIN letev, CV, MDR, 24V, 20W, ON/OFF, IP20, 1/72, (R3)",00001609,91086973,,kom,85044082,CN,0.167,,0.15,,0,,22,mm,111,mm,105,mm,,,,,17.73,,,,22,72,,,,,,,,,,,,,,,,,,,,,,,,,,,,,,,,,,,,,,,,,,,,,,,,,,,,,,,,,,,,,,,,,,,,,,,,,,,,,,,,,,,,,,,,,,,,,,,,,,,,,,,,,,,,,,,,,,,,,,,,,,,,,,,,,,,,,,,,,,,,,,,,,,,,,,,,,,,,,,,,,,,,,,,,,,,,,,,,,,,,
DX.NDR.120.24,4039677007582,,LED power supply NDR-120 for DIN rail CV 120W/24V,"Napajalnik, za LED, za DIN letev, CV, NDR, 24V, 120W, ON/OFF, IP20, 1/20, (R3)",00001609,91086973,,kom,85044082,CN,0.825,,0.8,,0,,85,mm,130,mm,145,mm,,,,,36.96,,,,22,20,,,,,,,,,,,,,,,,,,,,,,,,,,,,,,,,,,,,,,,,,,,,,,,,,,,,,,,,,,,,,,,,,,,,,,,,,,,,,,,,,,,,,,,,,,,,,,,,,,,,,,,,,,,,,,,,,,,,,,,,,,,,,,,,,,,,,,,,,,,,,,,,,,,,,,,,,,,,,,,,,,,,,,,,,,,,,,,,,,,,
DX.NDR.240.24,4039677007599,,LED power supply NDR-240 for DIN rail CV 240W/24V,"Napajalnik, za LED, za DIN letev, CV, NDR, 24V, 240W, ON/OFF, IP20, 1/12, (R3)",00001609,91086973,,kom,85044082,CN,0.98,,0.91,,0,,100,mm,155,mm,150,mm,,,,,68.36,,,,22,12,,,,,,,,,,,,,,,,,,,,,,,,,,,,,,,,,,,,,,,,,,,,,,,,,,,,,,,,,,,,,,,,,,,,,,,,,,,,,,,,,,,,,,,,,,,,,,,,,,,,,,,,,,,,,,,,,,,,,,,,,,,,,,,,,,,,,,,,,,,,,,,,,,,,,,,,,,,,,,,,,,,,,,,,,,,,,,,,,,,,
DX.NDR.75.24,4039677010544,,LED power supply NDR-75 for DIN rail CV 75W/24V,"Napajalnik, za LED, za DIN letev, CV, NDR, 24V, 75W, ON/OFF, IP20, 1/28, (R3)",00001609,91086973,,kom,85044082,CN,0.51,,0.51,,0,,145,mm,130,mm,50,mm,,,,,31.62,,,,22,28,,,,,,,,,,,,,,,,,,,,,,,,,,,,,,,,,,,,,,,,,,,,,,,,,,,,,,,,,,,,,,,,,,,,,,,,,,,,,,,,,,,,,,,,,,,,,,,,,,,,,,,,,,,,,,,,,,,,,,,,,,,,,,,,,,,,,,,,,,,,,,,,,,,,,,,,,,,,,,,,,,,,,,,,,,,,,,,,,,,,
DX.RSP.200.12,4039677010414,,LED power supply RSP-200 modular CV 200W/12V,"Napajalnik, za LED, v ohišju, CV, RSP, 12V, 200W, ON/OFF, IP20, 1/15, (R3)",00001609,91086973,,kom,85044082,CN,0.751,,0.745,,0,,123,mm,240,mm,35,mm,,,,,55.33,,,,22,15,,,,,,,,,,,,,,,,,,,,,,,,,,,,,,,,,,,,,,,,,,,,,,,,,,,,,,,,,,,,,,,,,,,,,,,,,,,,,,,,,,,,,,,,,,,,,,,,,,,,,,,,,,,,,,,,,,,,,,,,,,,,,,,,,,,,,,,,,,,,,,,,,,,,,,,,,,,,,,,,,,,,,,,,,,,,,,,,,,,,
DX.RSP.320.12,4039677011398,,LED power supply RSP-320 modular CV 320W/12V,"Napajalnik, za LED, v ohišju, CV, RSP, 12V, 320W, ON/OFF, IP20, 1/15, (R3)",00001609,91086973,,kom,85044082,CN,0.99,,0.9,,0,,0,mm,0,mm,0,mm,,,,,66.87,,,,22,15,,,,,,,,,,,,,,,,,,,,,,,,,,,,,,,,,,,,,,,,,,,,,,,,,,,,,,,,,,,,,,,,,,,,,,,,,,,,,,,,,,,,,,,,,,,,,,,,,,,,,,,,,,,,,,,,,,,,,,,,,,,,,,,,,,,,,,,,,,,,,,,,,,,,,,,,,,,,,,,,,,,,,,,,,,,,,,,,,,,,
DX.RSP.320.24,4039677011374,,LED power supply RSP-320 modular CV 320W/24V,"Napajalnik, za LED, v ohišju, CV, RSP, 24V, 320W, ON/OFF, IP20, 1/15, (R3)",00001609,91086973,,kom,85044082,CN,0.99,,0.9,,0,,0,mm,0,mm,0,mm,,,,,66.87,,,,22,15,,,,,,,,,,,,,,,,,,,,,,,,,,,,,,,,,,,,,,,,,,,,,,,,,,,,,,,,,,,,,,,,,,,,,,,,,,,,,,,,,,,,,,,,,,,,,,,,,,,,,,,,,,,,,,,,,,,,,,,,,,,,,,,,,,,,,,,,,,,,,,,,,,,,,,,,,,,,,,,,,,,,,,,,,,,,,,,,,,,,
DX.RSP.500.12,4039677011404,,LED power supply RSP-500 modular CV 500W/12V,"Napajalnik, za LED, v ohišju, CV, RSP, 12V, 500W, ON/OFF, IP20, 1/9, (R3)",00001609,91086973,,kom,85044082,CN,1.4,,1.3,,0,,270,mm,130,mm,45,mm,,,,,118.78,,,,22,9,,,,,,,,,,,,,,,,,,,,,,,,,,,,,,,,,,,,,,,,,,,,,,,,,,,,,,,,,,,,,,,,,,,,,,,,,,,,,,,,,,,,,,,,,,,,,,,,,,,,,,,,,,,,,,,,,,,,,,,,,,,,,,,,,,,,,,,,,,,,,,,,,,,,,,,,,,,,,,,,,,,,,,,,,,,,,,,,,,,,
DX.RSP.500.24,4039677011381,,LED power supply RSP-500 modular CV 500W/24V,"Napajalnik, za LED, v ohišju, CV, RSP, 24V, 500W, ON/OFF, IP20, 1/9, (R3)",00001609,91086973,,kom,85044082,CN,1.4,,1.3,,0,,0,mm,0,mm,0,mm,,,,,118.78,,,,22,9,,,,,,,,,,,,,,,,,,,,,,,,,,,,,,,,,,,,,,,,,,,,,,,,,,,,,,,,,,,,,,,,,,,,,,,,,,,,,,,,,,,,,,,,,,,,,,,,,,,,,,,,,,,,,,,,,,,,,,,,,,,,,,,,,,,,,,,,,,,,,,,,,,,,,,,,,,,,,,,,,,,,,,,,,,,,,,,,,,,,
DX.SDL100.24VF,4039677010506,,LED power supply Snappy line CV 100W/24V DALI,"Napajalnik, za LED, pohištveni, linijski, CV, SDL, 24V, 100W, DALI, PUSH, IP20, (R2)",00001611,91086973,,kom,85044082,CN,0.228,,0.198,,0,,30,mm,40,mm,370,mm,,,,,91.66,,,,22,0,,,,,,,,,,,,,,,,,,,,,,,,,,,,,,,,,,,,,,,,,,,,,,,,,,,,,,,,,,,,,,,,,,,,,,,,,,,,,,,,,,,,,,,,,,,,,,,,,,,,,,,,,,,,,,,,,,,,,,,,,,,,,,,,,,,,,,,,,,,,,,,,,,,,,,,,,,,,,,,,,,,,,,,,,,,,,,,,,,,,
DX.SDR.75.12,4039677008190,,LED power supply SDR-75 for DIN rail CV 75.6W/12V,"Napajalnik, za LED, CV, SDR, 12V, 75.6W, ON/OFF, IP20, 1/28, (R3)",00001609,91086973,,kom,85044082,CN,0.49,,0.19,,0,,0,mm,0,mm,0,mm,,,,,43.8,,,,22,28,,,,,,,,,,,,,,,,,,,,,,,,,,,,,,,,,,,,,,,,,,,,,,,,,,,,,,,,,,,,,,,,,,,,,,,,,,,,,,,,,,,,,,,,,,,,,,,,,,,,,,,,,,,,,,,,,,,,,,,,,,,,,,,,,,,,,,,,,,,,,,,,,,,,,,,,,,,,,,,,,,,,,,,,,,,,,,,,,,,,
DX.SE100.12VL,3830078330115,,LED power supply Snappy CV 100W/12V,"Napajalnik, za LED, pohištveni, CV, SE, 12V, 100W, ON/OFF, IP20, 1/50, (R2)",00001611,91086973,,kom,85044082,CN,0.306,,0.28,,0,,190,mm,35,mm,75,mm,,,,,55.19,,,,22,50,,,,,,,,,,,,,,,,,,,,,,,,,,,,,,,,,,,,,,,,,,,,,,,,,,,,,,,,,,,,,,,,,,,,,,,,,,,,,,,,,,,,,,,,,,,,,,,,,,,,,,,,,,,,,,,,,,,,,,,,,,,,,,,,,,,,,,,,,,,,,,,,,,,,,,,,,,,,,,,,,,,,,,,,,,,,,,,,,,,,
DX.SE100.24VL,3830078330078,,LED power supply Snappy furniture CV 100W/24V,"Napajalnik, za LED, CV, SE, 24V, 100W, ON/OFF, IP20, 1/50, (R2)",00001611,91086973,,kom,85044082,CN,0.306,,0.28,,0,,35,mm,75,mm,190,mm,,,,,55.19,,,,22,50,,,,,,,,,,,,,,,,,,,,,,,,,,,,,,,,,,,,,,,,,,,,,,,,,,,,,,,,,,,,,,,,,,,,,,,,,,,,,,,,,,,,,,,,,,,,,,,,,,,,,,,,,,,,,,,,,,,,,,,,,,,,,,,,,,,,,,,,,,,,,,,,,,,,,,,,,,,,,,,,,,,,,,,,,,,,,,,,,,,,
DX.SE150.12VL,3830078330221,,LED power supply Snappy CV 150W/12V,"Napajalnik, za LED, pohištveni, CV, SE, 12V, 150W, ON/OFF, IP20, 1/20, (R2)",00001611,91086973,,kom,85044082,CN,0.432,,0.405,,0,,35,mm,75,mm,190,mm,,,,,69.46,,,,22,20,,,,,,,,,,,,,,,,,,,,,,,,,,,,,,,,,,,,,,,,,,,,,,,,,,,,,,,,,,,,,,,,,,,,,,,,,,,,,,,,,,,,,,,,,,,,,,,,,,,,,,,,,,,,,,,,,,,,,,,,,,,,,,,,,,,,,,,,,,,,,,,,,,,,,,,,,,,,,,,,,,,,,,,,,,,,,,,,,,,,
DX.SE150.24VL,3830078330108,,LED power supply Snappy CV 150W/24V,"Napajalnik, za LED, CV, SE, 24V, 150W, ON/OFF, IP20, 1/20, (R2)",00001611,91086973,,kom,85044082,CN,0.432,,0.405,,0,,35,mm,75,mm,190,mm,,,,,65.33,,,,22,20,,,,,,,,,,,,,,,,,,,,,,,,,,,,,,,,,,,,,,,,,,,,,,,,,,,,,,,,,,,,,,,,,,,,,,,,,,,,,,,,,,,,,,,,,,,,,,,,,,,,,,,,,,,,,,,,,,,,,,,,,,,,,,,,,,,,,,,,,,,,,,,,,,,,,,,,,,,,,,,,,,,,,,,,,,,,,,,,,,,,
DX.SL100.24VF,3830078330061,,LED power supply Snappy line CV 100W/24V,"Napajalnik, za LED, pohištveni, linijski, CV, SL, 24V, 100W, ON/OFF, IP20, 1/50, (R2)",00001611,91086973,,kom,85044082,CN,0.198,,0.177,,0,,25,mm,40,mm,330,mm,,,,,59.63,,,,22,50,,,,,,,,,,,,,,,,,,,,,,,,,,,,,,,,,,,,,,,,,,,,,,,,,,,,,,,,,,,,,,,,,,,,,,,,,,,,,,,,,,,,,,,,,,,,,,,,,,,,,,,,,,,,,,,,,,,,,,,,,,,,,,,,,,,,,,,,,,,,,,,,,,,,,,,,,,,,,,,,,,,,,,,,,,,,,,,,,,,,
DX.SL60.12VF,3830078330054,,LED power supply Snappy line CV 60W/12V,"Napajalnik, za LED, pohištveni, linijski, CV, SL, 12V, 60W, ON/OFF, IP20, 1/50, (R2)",00001611,91086973,,kom,85044082,CN,0.165,,0.188,,0,,25,mm,35,mm,330,mm,,,,,45.67,,,,22,50,,,,,,,,,,,,,,,,,,,,,,,,,,,,,,,,,,,,,,,,,,,,,,,,,,,,,,,,,,,,,,,,,,,,,,,,,,,,,,,,,,,,,,,,,,,,,,,,,,,,,,,,,,,,,,,,,,,,,,,,,,,,,,,,,,,,,,,,,,,,,,,,,,,,,,,,,,,,,,,,,,,,,,,,,,,,,,,,,,,,
DX.SL60.24VF,3830078330085,,LED power supply Snappy line CV 60W/24V,"Napajalnik, za LED, pohištveni, linijski, CV, SL, 24V, 60W, ON/OFF, IP20, 1/50, (R2)",00001611,91086973,,kom,85044082,CN,0.165,,0.188,,0,,25,mm,35,mm,330,mm,,,,,45.67,,,,22,50,,,,,,,,,,,,,,,,,,,,,,,,,,,,,,,,,,,,,,,,,,,,,,,,,,,,,,,,,,,,,,,,,,,,,,,,,,,,,,,,,,,,,,,,,,,,,,,,,,,,,,,,,,,,,,,,,,,,,,,,,,,,,,,,,,,,,,,,,,,,,,,,,,,,,,,,,,,,,,,,,,,,,,,,,,,,,,,,,,,,
DX.SNP100.12VF.1,4039677007322,,LED power supply Snappy line CV 100W/12V,"Napajalnik, za LED, pohištveni, linijski, CV, SNP, 12V, 100W, ON/OFF, IP20, 1/20, (R2)",00001611,91086973,,kom,85044082,CN,0.219,,0.217,,0,,20,mm,30,mm,321,mm,,,,,71.36,,,,22,20,,,,,,,,,,,,,,,,,,,,,,,,,,,,,,,,,,,,,,,,,,,,,,,,,,,,,,,,,,,,,,,,,,,,,,,,,,,,,,,,,,,,,,,,,,,,,,,,,,,,,,,,,,,,,,,,,,,,,,,,,,,,,,,,,,,,,,,,,,,,,,,,,,,,,,,,,,,,,,,,,,,,,,,,,,,,,,,,,,,,
DX.SNP100.12VL.E,4039677007315,,LED power supply Snappy CV 100W/12V,"Napajalnik, za LED, pohištveni, CV, SNP, 12V, 100W, ON/OFF, IP20, 1/20, (R2)",00001611,91086973,,kom,85044082,CN,0.404,,0.378,,0,,36,mm,71,mm,187,mm,,,,,55.19,,,,22,20,,,,,,,,,,,,,,,,,,,,,,,,,,,,,,,,,,,,,,,,,,,,,,,,,,,,,,,,,,,,,,,,,,,,,,,,,,,,,,,,,,,,,,,,,,,,,,,,,,,,,,,,,,,,,,,,,,,,,,,,,,,,,,,,,,,,,,,,,,,,,,,,,,,,,,,,,,,,,,,,,,,,,,,,,,,,,,,,,,,,
DX.SNP100.24VF.1,4039677006080,,LED power supply Snappy line CV 100W/24V,"Napajalnik, za LED, pohištveni, linijski, CV, SNP, 24V, 100W, ON/OFF, IP20, 1/20, (R2)",00001611,91086973,,kom,85044082,CN,0.219,,0.217,,0,,20,mm,30,mm,321,mm,,,,,59.63,,,,22,20,,,,,,,,,,,,,,,,,,,,,,,,,,,,,,,,,,,,,,,,,,,,,,,,,,,,,,,,,,,,,,,,,,,,,,,,,,,,,,,,,,,,,,,,,,,,,,,,,,,,,,,,,,,,,,,,,,,,,,,,,,,,,,,,,,,,,,,,,,,,,,,,,,,,,,,,,,,,,,,,,,,,,,,,,,,,,,,,,,,,
DX.SNP100.24VL.E,4039677007414,,LED power supply Snappy CV 100W/24V,"Napajalnik, za LED, pohištveni, CV, SNP, 24V, 100W, ON/OFF, IP20, 1/20, (R2)",00001611,91086973,,kom,85044082,CN,0.404,,0.378,,0,,36,mm,71,mm,187,mm,,,,,47.3,,,,22,20,,,,,,,,,,,,,,,,,,,,,,,,,,,,,,,,,,,,,,,,,,,,,,,,,,,,,,,,,,,,,,,,,,,,,,,,,,,,,,,,,,,,,,,,,,,,,,,,,,,,,,,,,,,,,,,,,,,,,,,,,,,,,,,,,,,,,,,,,,,,,,,,,,,,,,,,,,,,,,,,,,,,,,,,,,,,,,,,,,,,
DX.SNP15.12VF.1,4039677006714,,LED power supply Snappy furniture CV 15W/12V,"Napajalnik, za LED, pohištveni, CV, SNP, 12V, 15W, ON/OFF, IP20, 1/100, (R2)",00001611,91086973,,kom,85044082,CN,0.059,,0.05,,0,,21,mm,40,mm,108,mm,,,,,11.1,,,,22,100,,,,,,,,,,,,,,,,,,,,,,,,,,,,,,,,,,,,,,,,,,,,,,,,,,,,,,,,,,,,,,,,,,,,,,,,,,,,,,,,,,,,,,,,,,,,,,,,,,,,,,,,,,,,,,,,,,,,,,,,,,,,,,,,,,,,,,,,,,,,,,,,,,,,,,,,,,,,,,,,,,,,,,,,,,,,,,,,,,,,
DX.SNP15.24VF.1,4039677007353,,LED power supply Snappy furniture CV 15W/24V,"Napajalnik, za LED, pohištveni, CV, SNP, 24V, 15W, ON/OFF, IP20, 1/100, (R2)",00001611,91086973,,kom,85044082,CN,0.059,,0.05,,0,,21,mm,40,mm,108,mm,,,,,11.1,,,,22,100,,,,,,,,,,,,,,,,,,,,,,,,,,,,,,,,,,,,,,,,,,,,,,,,,,,,,,,,,,,,,,,,,,,,,,,,,,,,,,,,,,,,,,,,,,,,,,,,,,,,,,,,,,,,,,,,,,,,,,,,,,,,,,,,,,,,,,,,,,,,,,,,,,,,,,,,,,,,,,,,,,,,,,,,,,,,,,,,,,,,
DX.SNP150.12VF,3830078330238,,LED power supply Snappy furniture CV 150W/12V,"Napajalnik, za LED, pohištveni, CV, SNP, 12V, 150W, ON/OFF, IP20, 1/20, (R2)",00001611,91086973,,kom,85044082,CN,0.2748,,0.2586,,0,,61,mm,180,mm,20,mm,,,,,88.88,,,,22,20,,,,,,,,,,,,,,,,,,,,,,,,,,,,,,,,,,,,,,,,,,,,,,,,,,,,,,,,,,,,,,,,,,,,,,,,,,,,,,,,,,,,,,,,,,,,,,,,,,,,,,,,,,,,,,,,,,,,,,,,,,,,,,,,,,,,,,,,,,,,,,,,,,,,,,,,,,,,,,,,,,,,,,,,,,,,,,,,,,,,
DX.SNP150.12VF.1,4039677007346,,LED power supply Snappy line CV 150W/12V,"Napajalnik, za LED, pohištveni, linijski, CV, SNP, 12V, 150W, ON/OFF, IP20, 1/40, (R2)",00001611,91086973,,kom,85044082,CN,0.289,,0.263,,0,,31,mm,42,mm,330,mm,,,,,82.46,,,,22,40,,,,,,,,,,,,,,,,,,,,,,,,,,,,,,,,,,,,,,,,,,,,,,,,,,,,,,,,,,,,,,,,,,,,,,,,,,,,,,,,,,,,,,,,,,,,,,,,,,,,,,,,,,,,,,,,,,,,,,,,,,,,,,,,,,,,,,,,,,,,,,,,,,,,,,,,,,,,,,,,,,,,,,,,,,,,,,,,,,,,
DX.SNP150.12VL,4039677007339,,LED power supply Snappy CV 150W/12V,"Napajalnik, za LED, pohištveni, CV, SNP, 12V, 150W, ON/OFF, IP20, 1/40, (R2)",00001611,91086973,,kom,85044082,CN,0.276,,0.26,,0,,20,mm,60,mm,180,mm,,,,,85.63,,,,22,40,,,,,,,,,,,,,,,,,,,,,,,,,,,,,,,,,,,,,,,,,,,,,,,,,,,,,,,,,,,,,,,,,,,,,,,,,,,,,,,,,,,,,,,,,,,,,,,,,,,,,,,,,,,,,,,,,,,,,,,,,,,,,,,,,,,,,,,,,,,,,,,,,,,,,,,,,,,,,,,,,,,,,,,,,,,,,,,,,,,,
DX.SNP150.24VF,4039677011107,,LED power supply Snappy furniture CV 150W/24V,"Napajalnik, za LED, pohištveni, CV, SNP, 24V, 150W, IP20, 1/20, (R2)",00001611,91086973,,kom,85044082,CN,0.3,,0.278,,0,,180,mm,60,mm,20,mm,,,,,93.56,,,,22,20,,,,,,,,,,,,,,,,,,,,,,,,,,,,,,,,,,,,,,,,,,,,,,,,,,,,,,,,,,,,,,,,,,,,,,,,,,,,,,,,,,,,,,,,,,,,,,,,,,,,,,,,,,,,,,,,,,,,,,,,,,,,,,,,,,,,,,,,,,,,,,,,,,,,,,,,,,,,,,,,,,,,,,,,,,,,,,,,,,,,
DX.SNP150.24VF.1,4039677007438,,LED power supply Snappy line CV 150W/24V,"Napajalnik, za LED, pohištveni, linijski, CV, SNP, 24V, 150W, ON/OFF, IP20, 1/40, (R2)",00001611,91086973,,kom,85044082,CN,0.43,,0.404,,0,,38,mm,74,mm,188,mm,,,,,93.24,,,,22,40,,,,,,,,,,,,,,,,,,,,,,,,,,,,,,,,,,,,,,,,,,,,,,,,,,,,,,,,,,,,,,,,,,,,,,,,,,,,,,,,,,,,,,,,,,,,,,,,,,,,,,,,,,,,,,,,,,,,,,,,,,,,,,,,,,,,,,,,,,,,,,,,,,,,,,,,,,,,,,,,,,,,,,,,,,,,,,,,,,,,
DX.SNP150.24VL,4039677007421,,LED power supply Snappy CV 150W/24V,"Napajalnik, za LED, pohištveni, CV, SNP, 24V, 150W, ON/OFF, IP20, 1/40, (R2)",00001611,91086973,,kom,85044082,CN,0.278,,0.278,,0,,180,mm,60,mm,20,mm,,,,,80.96,,,,22,40,,,,,,,,,,,,,,,,,,,,,,,,,,,,,,,,,,,,,,,,,,,,,,,,,,,,,,,,,,,,,,,,,,,,,,,,,,,,,,,,,,,,,,,,,,,,,,,,,,,,,,,,,,,,,,,,,,,,,,,,,,,,,,,,,,,,,,,,,,,,,,,,,,,,,,,,,,,,,,,,,,,,,,,,,,,,,,,,,,,,
DX.SNP20.12VF.E,4039677006721,,LED power supply Snappy furniture CV 20W/12V,"Napajalnik, za LED, pohištveni, CV, SNP, 12V, 20W, ON/OFF, IP20, 1/100, (R2)",00001611,91086973,,kom,85044082,CN,0.064,,0.061,,0,,21,mm,110,mm,40,mm,,,,,13.96,,,,22,100,,,,,,,,,,,,,,,,,,,,,,,,,,,,,,,,,,,,,,,,,,,,,,,,,,,,,,,,,,,,,,,,,,,,,,,,,,,,,,,,,,,,,,,,,,,,,,,,,,,,,,,,,,,,,,,,,,,,,,,,,,,,,,,,,,,,,,,,,,,,,,,,,,,,,,,,,,,,,,,,,,,,,,,,,,,,,,,,,,,,
DX.SNP20.24VF.E,4039677006356,,LED power supply Snappy furniture CV 20W/24V,"Napajalnik, za LED, pohištveni, CV, SNP, 24V, 20W, ON/OFF, IP20, 1/100, (R2)",00001611,91086973,,kom,85044082,CN,0.062,,0.06,,0,,21,mm,38,mm,107,mm,,,,,13.96,,,,22,100,,,,,,,,,,,,,,,,,,,,,,,,,,,,,,,,,,,,,,,,,,,,,,,,,,,,,,,,,,,,,,,,,,,,,,,,,,,,,,,,,,,,,,,,,,,,,,,,,,,,,,,,,,,,,,,,,,,,,,,,,,,,,,,,,,,,,,,,,,,,,,,,,,,,,,,,,,,,,,,,,,,,,,,,,,,,,,,,,,,,
DX.SNP30.12VF.2,4039677006745,,LED power supply Snappy line CV 30W/12V,"Napajalnik, za LED, pohištveni, linijski, CV, SNP, 12V, 30W, ON/OFF, IP20, 1/100, (R2)",00001611,91086973,,kom,85044082,CN,0.142,,0.125,,0,,20,mm,270,mm,40,mm,,,,,26.96,,,,22,100,,,,,,,,,,,,,,,,,,,,,,,,,,,,,,,,,,,,,,,,,,,,,,,,,,,,,,,,,,,,,,,,,,,,,,,,,,,,,,,,,,,,,,,,,,,,,,,,,,,,,,,,,,,,,,,,,,,,,,,,,,,,,,,,,,,,,,,,,,,,,,,,,,,,,,,,,,,,,,,,,,,,,,,,,,,,,,,,,,,,
DX.SNP30.12VF.3,4039677006738,,LED power supply Snappy furniture CV 30W/12V,"Napajalnik, za LED, pohištveni, CV, SNP, 12V, 30W, ON/OFF, IP20, 1/100, (R2)",00001611,91086973,,kom,85044082,CN,0.145,,0.131,,0,,20,mm,52,mm,160,mm,,,,,26.33,,,,22,100,,,,,,,,,,,,,,,,,,,,,,,,,,,,,,,,,,,,,,,,,,,,,,,,,,,,,,,,,,,,,,,,,,,,,,,,,,,,,,,,,,,,,,,,,,,,,,,,,,,,,,,,,,,,,,,,,,,,,,,,,,,,,,,,,,,,,,,,,,,,,,,,,,,,,,,,,,,,,,,,,,,,,,,,,,,,,,,,,,,,
DX.SNP30.24VF.2,4039677007377,,LED power supply Snappy line CV 30W/24V,"Napajalnik, za LED, pohištveni, linijski, CV, SNP, 24V, 30W, ON/OFF, IP20, 1/100, (R2)",00001611,91086973,,kom,85044082,CN,0.143,,0.14,,0,,265,mm,40,mm,23,mm,,,,,26.96,,,,22,100,,,,,,,,,,,,,,,,,,,,,,,,,,,,,,,,,,,,,,,,,,,,,,,,,,,,,,,,,,,,,,,,,,,,,,,,,,,,,,,,,,,,,,,,,,,,,,,,,,,,,,,,,,,,,,,,,,,,,,,,,,,,,,,,,,,,,,,,,,,,,,,,,,,,,,,,,,,,,,,,,,,,,,,,,,,,,,,,,,,,
DX.SNP30.24VF.3,4039677007360,,LED power supply Snappy furniture CV 30W/24V,"Napajalnik, za LED, pohištveni, CV, SNP, 24V, 30W, ON/OFF, IP20, 1/100, (R2)",00001611,91086973,,kom,85044082,CN,0.1425,,0.1295,,0,,20,mm,52,mm,160,mm,,,,,26.33,,,,22,100,,,,,,,,,,,,,,,,,,,,,,,,,,,,,,,,,,,,,,,,,,,,,,,,,,,,,,,,,,,,,,,,,,,,,,,,,,,,,,,,,,,,,,,,,,,,,,,,,,,,,,,,,,,,,,,,,,,,,,,,,,,,,,,,,,,,,,,,,,,,,,,,,,,,,,,,,,,,,,,,,,,,,,,,,,,,,,,,,,,,
DX.SNP50.12VF.1,4039677006752,,LED power supply Snappy furniture CV 50W/12V,"Napajalnik, za LED, pohištveni, CV, SNP, 12V, 50W, ON/OFF, IP20, 1/100, (R2)",00001611,91086973,,kom,85044082,CN,0.168,,0.152,,0,,21,mm,61,mm,160,mm,,,,,32.99,,,,22,100,,,,,,,,,,,,,,,,,,,,,,,,,,,,,,,,,,,,,,,,,,,,,,,,,,,,,,,,,,,,,,,,,,,,,,,,,,,,,,,,,,,,,,,,,,,,,,,,,,,,,,,,,,,,,,,,,,,,,,,,,,,,,,,,,,,,,,,,,,,,,,,,,,,,,,,,,,,,,,,,,,,,,,,,,,,,,,,,,,,,
DX.SNP50.24VF.1,4039677007384,,LED power supply Snappy furniture CV 50W/24V,"Napajalnik, za LED, pohištveni, CV, SNP, 24V, 50W, ON/OFF, IP20, 1/100, (R2)",00001611,91086973,,kom,85044082,CN,0.1655,,0.151,,0,,21,mm,61,mm,160,mm,,,,,31.71,,,,22,100,,,,,,,,,,,,,,,,,,,,,,,,,,,,,,,,,,,,,,,,,,,,,,,,,,,,,,,,,,,,,,,,,,,,,,,,,,,,,,,,,,,,,,,,,,,,,,,,,,,,,,,,,,,,,,,,,,,,,,,,,,,,,,,,,,,,,,,,,,,,,,,,,,,,,,,,,,,,,,,,,,,,,,,,,,,,,,,,,,,,
DX.SNP60.12VF.1,4039677006769,,LED power supply Snappy line CV 60W/12V,"Napajalnik, za LED, pohištveni, linijski, CV, SNP, 12V, 60W, ON/OFF, IP20, 1/50, (R2)",00001611,91086973,,kom,85044082,CN,0.193,,0.167,,0,,37,mm,24,mm,325,mm,,,,,40.96,,,,22,50,,,,,,,,,,,,,,,,,,,,,,,,,,,,,,,,,,,,,,,,,,,,,,,,,,,,,,,,,,,,,,,,,,,,,,,,,,,,,,,,,,,,,,,,,,,,,,,,,,,,,,,,,,,,,,,,,,,,,,,,,,,,,,,,,,,,,,,,,,,,,,,,,,,,,,,,,,,,,,,,,,,,,,,,,,,,,,,,,,,,
DX.SNP60.24VF.1,4039677007391,,LED power supply Snappy line CV 60W/24V,"Napajalnik, za LED, pohištveni, linijski, CV, SNP, 24V, 60W, ON/OFF, IP20, 1/50, (R2)",00001611,91086973,,kom,85044082,CN,0.193,,0.167,,0,,37,mm,24,mm,325,mm,,,,,40.96,,,,22,50,,,,,,,,,,,,,,,,,,,,,,,,,,,,,,,,,,,,,,,,,,,,,,,,,,,,,,,,,,,,,,,,,,,,,,,,,,,,,,,,,,,,,,,,,,,,,,,,,,,,,,,,,,,,,,,,,,,,,,,,,,,,,,,,,,,,,,,,,,,,,,,,,,,,,,,,,,,,,,,,,,,,,,,,,,,,,,,,,,,,
DX.SNP60.24VFP.1,4039677010360,,LED power supply Snappy line CV 60W/24V IP66,"Napajalnik, za LED, pohištveni, linijski, CV, SNP, 24V, 60W, ON/OFF, IP66, 1/50, (R2)",00001611,91086973,,kom,85044082,CN,0.342,,0.314,,0,,30,mm,50,mm,360,mm,,,,,56.46,,,,22,50,,,,,,,,,,,,,,,,,,,,,,,,,,,,,,,,,,,,,,,,,,,,,,,,,,,,,,,,,,,,,,,,,,,,,,,,,,,,,,,,,,,,,,,,,,,,,,,,,,,,,,,,,,,,,,,,,,,,,,,,,,,,,,,,,,,,,,,,,,,,,,,,,,,,,,,,,,,,,,,,,,,,,,,,,,,,,,,,,,,,
DX.SNP75.12VL.E,4039677007308,,LED power supply Snappy CV 75W/12V,"Napajalnik, za LED, pohištveni, CV, SNP, 12V, 75W, ON/OFF, IP20, 1/50, (R2)",00001611,91086973,,kom,85044082,CN,0.243,,0.225,,0,,32,mm,48,mm,176,mm,,,,,40.91,,,,22,50,,,,,,,,,,,,,,,,,,,,,,,,,,,,,,,,,,,,,,,,,,,,,,,,,,,,,,,,,,,,,,,,,,,,,,,,,,,,,,,,,,,,,,,,,,,,,,,,,,,,,,,,,,,,,,,,,,,,,,,,,,,,,,,,,,,,,,,,,,,,,,,,,,,,,,,,,,,,,,,,,,,,,,,,,,,,,,,,,,,,
DX.SNP75.24VL.E,4039677007407,,LED power supply Snappy CV 75W/24V,"Napajalnik, za LED, pohištveni, CV, SNP, 24V, 75W, ON/OFF, IP20, 1/50, (R2)",00001611,91086973,,kom,85044082,CN,0.243,,0.225,,0,,32,mm,48,mm,176,mm,,,,,39.33,,,,22,50,,,,,,,,,,,,,,,,,,,,,,,,,,,,,,,,,,,,,,,,,,,,,,,,,,,,,,,,,,,,,,,,,,,,,,,,,,,,,,,,,,,,,,,,,,,,,,,,,,,,,,,,,,,,,,,,,,,,,,,,,,,,,,,,,,,,,,,,,,,,,,,,,,,,,,,,,,,,,,,,,,,,,,,,,,,,,,,,,,,,
DX.TIMER.CASAMBI,3830078332447,,"Timer CASAMBI CASAMBI, PUSH","Časovnik, CASAMBI, 12V/48V, 120/240W, CASAMBI, PUSH, (R2)",00001606,91086973,,kom,85365080,CN,0.05,,0.047,,0,,68,mm,55,mm,35,mm,,,,,245.3,,,,22,0,,,,,,,,,,,,,,,,,,,,,,,,,,,,,,,,,,,,,,,,,,,,,,,,,,,,,,,,,,,,,,,,,,,,,,,,,,,,,,,,,,,,,,,,,,,,,,,,,,,,,,,,,,,,,,,,,,,,,,,,,,,,,,,,,,,,,,,,,,,,,,,,,,,,,,,,,,,,,,,,,,,,,,,,,,,,,,,,,,,,
DX.XLG.150.24.A,4039677009999,,LED power supply XLG-150 CV 150W/24V IP67,"Napajalnik, za LED, CV, XLG, 16,8V-24V, 150W, 3 in 1, IP67, 1/16, (R3)",00001609,91086973,,kom,85044082,CN,0.7528,,0.7128,,0,,240,mm,85,mm,45,mm,,,,,38.45,,,,22,16,,,,,,,,,,,,,,,,,,,,,,,,,,,,,,,,,,,,,,,,,,,,,,,,,,,,,,,,,,,,,,,,,,,,,,,,,,,,,,,,,,,,,,,,,,,,,,,,,,,,,,,,,,,,,,,,,,,,,,,,,,,,,,,,,,,,,,,,,,,,,,,,,,,,,,,,,,,,,,,,,,,,,,,,,,,,,,,,,,,,
DX.XLG.200.12.A,4039677010391,,LED power supply XLG-200 outdoor CV 200W/12V IP67,"Napajalnik, za LED, CV, XLG, 12V, 200W, ON/OFF, IP67, 1/16, (R3)",00001609,91086973,,kom,85044082,CN,0.88,,0.85,,0,,50,mm,85,mm,260,mm,,,,,46.15,,,,22,16,,,,,,,,,,,,,,,,,,,,,,,,,,,,,,,,,,,,,,,,,,,,,,,,,,,,,,,,,,,,,,,,,,,,,,,,,,,,,,,,,,,,,,,,,,,,,,,,,,,,,,,,,,,,,,,,,,,,,,,,,,,,,,,,,,,,,,,,,,,,,,,,,,,,,,,,,,,,,,,,,,,,,,,,,,,,,,,,,,,,
DX.XLG.200.24.A,3830078330153,,LED power supply XLG-200 CV 200W/24V IP67,"Napajalnik, za LED, CV, XLG, 16,8V-24V, 200W, 3 in 1, IP67, 1/16, (R3)",00001609,91086973,,kom,85044082,CN,0.882,,0.839,,0,,45,mm,85,mm,260,mm,,,,,46.15,,,,22,16,,,,,,,,,,,,,,,,,,,,,,,,,,,,,,,,,,,,,,,,,,,,,,,,,,,,,,,,,,,,,,,,,,,,,,,,,,,,,,,,,,,,,,,,,,,,,,,,,,,,,,,,,,,,,,,,,,,,,,,,,,,,,,,,,,,,,,,,,,,,,,,,,,,,,,,,,,,,,,,,,,,,,,,,,,,,,,,,,,,,
DX.XPRESS.B.C.239,3830078332461,,Remote control XPRESS black CASAMBI,"Daljinski upravljalnik, črn, XPRESS, CASAMBI, (R2)",00001606,91086973,,kom,85375080,CN,0.113,,0.112,,0,,100,mm,100,mm,22,mm,,,,,204.4,,,,22,0,,,,,,,,,,,,,,,,,,,,,,,,,,,,,,,,,,,,,,,,,,,,,,,,,,,,,,,,,,,,,,,,,,,,,,,,,,,,,,,,,,,,,,,,,,,,,,,,,,,,,,,,,,,,,,,,,,,,,,,,,,,,,,,,,,,,,,,,,,,,,,,,,,,,,,,,,,,,,,,,,,,,,,,,,,,,,,,,,,,,
DX.XPRESS.W.C.239,3830078330207,,Remote control XPRESS white CASAMBI,"Daljinski upravljalnik, bel, XPRESS, CASAMBI, (R2)",00001606,91086973,,kom,85365080,CN,0.113,,0.112,,0,,100,mm,100,mm,22,mm,,,,,204.4,,,,22,0,,,,,,,,,,,,,,,,,,,,,,,,,,,,,,,,,,,,,,,,,,,,,,,,,,,,,,,,,,,,,,,,,,,,,,,,,,,,,,,,,,,,,,,,,,,,,,,,,,,,,,,,,,,,,,,,,,,,,,,,,,,,,,,,,,,,,,,,,,,,,,,,,,,,,,,,,,,,,,,,,,,,,,,,,,,,,,,,,,,,
ER.E530,6921116321336,,LED dimmer SET E530 MONO RF,"LED zatemnilnik z daljinskim upravljalnikom, enobarvni, E530, set, 12V/24V, 96W/192W, RF, Cone: 1, (R2)",00001605,91086973,,set,85365080,CN,0.13,,0.1,,0,,42,mm,85,mm,122,mm,,,,,14.85,,,,22,1,,,,,,,,,,,,,,,,,,,,,,,,,,,,,,,,,,,,,,,,,,,,,,,,,,,,,,,,,,,,,,,,,,,,,,,,,,,,,,,,,,,,,,,,,,,,,,,,,,,,,,,,,,,,,,,,,,,,,,,,,,,,,,,,,,,,,,,,,,,,,,,,,,,,,,,,,,,,,,,,,,,,,,,,,,,,,,,,,,,,
ER.ES60.C,4039677003430,,,"Kabel s konektorjem , Število žic: 2x0,25, prozoren, 0,35m, (R2)",91086973,91086973,,kom,85444290,CN,0.012,,0.012,,0,,0,mm,0,mm,0,mm,,,,,1.52,,,,22,0,,,,,,,,,,,,,,,,,,,,,,,,,,,,,,,,,,,,,,,,,,,,,,,,,,,,,,,,,,,,,,,,,,,,,,,,,,,,,,,,,,,,,,,,,,,,,,,,,,,,,,,,,,,,,,,,,,,,,,,,,,,,,,,,,,,,,,,,,,,,,,,,,,,,,,,,,,,,,,,,,,,,,,,,,,,,,,,,,,,,
ER.ES60.C.RGB,4039677003447,,,"Kabel s konektorjem , Število žic: 2x0,25, prozoren, 0,35m, (R2)",91086973,91086973,,kom,85444290,CN,0.012,,0.012,,0,,0,mm,0,mm,0,mm,,,,,2.06,,,,22,0,,,,,,,,,,,,,,,,,,,,,,,,,,,,,,,,,,,,,,,,,,,,,,,,,,,,,,,,,,,,,,,,,,,,,,,,,,,,,,,,,,,,,,,,,,,,,,,,,,,,,,,,,,,,,,,,,,,,,,,,,,,,,,,,,,,,,,,,,,,,,,,,,,,,,,,,,,,,,,,,,,,,,,,,,,,,,,,,,,,,
ER.OP6303.MRQ,3800156663039,,LED controller SET OP6303 RGB IR,"LED kontroler z daljinskim upravljalnikom, RGB, OP6303, set, 12V, 72W, IR, Cone: 1, (R2)",00001605,91086973,,set,85365080,CN,0.0024,,0.0016,,0,,40,mm,50,mm,90,mm,,,,,,,,,22,1,,,,,,,,,,,,,,,,,,,,,,,,,,,,,,,,,,,,,,,,,,,,,,,,,,,,,,,,,,,,,,,,,,,,,,,,,,,,,,,,,,,,,,,,,,,,,,,,,,,,,,,,,,,,,,,,,,,,,,,,,,,,,,,,,,,,,,,,,,,,,,,,,,,,,,,,,,,,,,,,,,,,,,,,,,,,,,,,,,,,
F2-PROOF-001,3830000000001,svetila_si,Web title,Spletni naziv,Proizvajalec,Dobavitelj,,KOS,94051140,SI,2,,1.5,,0.0125,,250,mm,120,mm,90,mm,,Svetila/Test,,,,10,,,22,6,,,,,https://example.invalid/image.jpg,,,,,,,,,,,,,,,,,,,,24 mesecev,,,,,,,,,,,,,,,,,,,,,,,,,,,,,,,,,,,,,,,,,,,,,,,,,,,,,,,,,,,,,,,,,,,,,,,,,,,,,,,,,,,,,,,,,,,,,,,,,,,,,,,,,,,,,,,,,,,,,,,,,,,,,,,,,,,,,,,,,,,,,,,,,,,,,,,,,,,
IQ.LLE.AN0203.GP.N,5901597257844,,,,00001602,00001504,,kom,94059200,LT,0.001,,0.001,,0,,10,mm,100,mm,160,mm,,,,,0.99,,,,22,0,,,,,,,,,,,,,,,,,,,,,,,,,,,,,,,,,,,,,,,,,,,,,,,,,,,,,,,,,,,,,,,,,,,,,,,,,,,,,,,,,,,,,,,,,,,,,,,,,,,,,,,,,,,,,,,,,,,,,,,,,,,,,,,,,,,,,,,,,,,,,,,,,,,,,,,,,,,,,,,,,,,,,,,,,,,,,,,,,,,,
IQ.LLE.AN0203.GP.W,5901597257820,,,,00001602,00001504,,kom,94059200,LT,0.001,,0.001,,0,,10,mm,100,mm,160,mm,,,,,0.99,,,,22,0,,,,,,,,,,,,,,,,,,,,,,,,,,,,,,,,,,,,,,,,,,,,,,,,,,,,,,,,,,,,,,,,,,,,,,,,,,,,,,,,,,,,,,,,,,,,,,,,,,,,,,,,,,,,,,,,,,,,,,,,,,,,,,,,,,,,,,,,,,,,,,,,,,,,,,,,,,,,,,,,,,,,,,,,,,,,,,,,,,,,
IQ.LLE.AN0405.GP.N,5901597256557,,,,00001602,00001504,,kom,94059200,LT,0.001,,0.001,,0,,10,mm,100,mm,160,mm,,,,,0.99,,,,22,0,,,,,,,,,,,,,,,,,,,,,,,,,,,,,,,,,,,,,,,,,,,,,,,,,,,,,,,,,,,,,,,,,,,,,,,,,,,,,,,,,,,,,,,,,,,,,,,,,,,,,,,,,,,,,,,,,,,,,,,,,,,,,,,,,,,,,,,,,,,,,,,,,,,,,,,,,,,,,,,,,,,,,,,,,,,,,,,,,,,,
IQ.LLE.AN0405.GP.W,5901597256519,,,,00001602,00001504,,kom,94059200,LT,0.001,,0.001,,0,,10,mm,100,mm,160,mm,,,,,0.99,,,,22,0,,,,,,,,,,,,,,,,,,,,,,,,,,,,,,,,,,,,,,,,,,,,,,,,,,,,,,,,,,,,,,,,,,,,,,,,,,,,,,,,,,,,,,,,,,,,,,,,,,,,,,,,,,,,,,,,,,,,,,,,,,,,,,,,,,,,,,,,,,,,,,,,,,,,,,,,,,,,,,,,,,,,,,,,,,,,,,,,,,,,
IQ.LLE.AN0405L.GP.N,5901597257868,,,,00001602,00001504,,kom,94059200,LT,0.001,,0.001,,0,,10,mm,100,mm,160,mm,,,,,0.99,,,,22,0,,,,,,,,,,,,,,,,,,,,,,,,,,,,,,,,,,,,,,,,,,,,,,,,,,,,,,,,,,,,,,,,,,,,,,,,,,,,,,,,,,,,,,,,,,,,,,,,,,,,,,,,,,,,,,,,,,,,,,,,,,,,,,,,,,,,,,,,,,,,,,,,,,,,,,,,,,,,,,,,,,,,,,,,,,,,,,,,,,,,
IQ.LLE.AN0405L.GP.W,5901597257882,,,,00001602,00001504,,kom,94059200,LT,0.001,,0.001,,0,,10,mm,100,mm,160,mm,,,,,0.99,,,,22,0,,,,,,,,,,,,,,,,,,,,,,,,,,,,,,,,,,,,,,,,,,,,,,,,,,,,,,,,,,,,,,,,,,,,,,,,,,,,,,,,,,,,,,,,,,,,,,,,,,,,,,,,,,,,,,,,,,,,,,,,,,,,,,,,,,,,,,,,,,,,,,,,,,,,,,,,,,,,,,,,,,,,,,,,,,,,,,,,,,,,
IQ.LLE.RE01.GP.N,5901597257783,,,,00001602,00001504,,kom,94059200,LT,0.001,,0.001,,0,,10,mm,100,mm,160,mm,,,,,0.99,,,,22,0,,,,,,,,,,,,,,,,,,,,,,,,,,,,,,,,,,,,,,,,,,,,,,,,,,,,,,,,,,,,,,,,,,,,,,,,,,,,,,,,,,,,,,,,,,,,,,,,,,,,,,,,,,,,,,,,,,,,,,,,,,,,,,,,,,,,,,,,,,,,,,,,,,,,,,,,,,,,,,,,,,,,,,,,,,,,,,,,,,,,
IQ.LLE.RE01.GP.W,5901597257806,,,,00001602,00001504,,kom,94059200,LT,0.001,,0.001,,0,,10,mm,100,mm,160,mm,,,,,0.99,,,,22,0,,,,,,,,,,,,,,,,,,,,,,,,,,,,,,,,,,,,,,,,,,,,,,,,,,,,,,,,,,,,,,,,,,,,,,,,,,,,,,,,,,,,,,,,,,,,,,,,,,,,,,,,,,,,,,,,,,,,,,,,,,,,,,,,,,,,,,,,,,,,,,,,,,,,,,,,,,,,,,,,,,,,,,,,,,,,,,,,,,,,
IQ.LLE.RE01.WP.N,5901597257967,,,,00001602,00001504,,kom,94059200,LT,0.001,,0.001,,0,,10,mm,100,mm,160,mm,,,,,0.99,,,,22,0,,,,,,,,,,,,,,,,,,,,,,,,,,,,,,,,,,,,,,,,,,,,,,,,,,,,,,,,,,,,,,,,,,,,,,,,,,,,,,,,,,,,,,,,,,,,,,,,,,,,,,,,,,,,,,,,,,,,,,,,,,,,,,,,,,,,,,,,,,,,,,,,,,,,,,,,,,,,,,,,,,,,,,,,,,,,,,,,,,,,
IQ.LLE.RE01.WP.W,5901597257943,,,,00001602,00001504,,kom,94059200,LT,0.001,,0.001,,0,,10,mm,100,mm,160,mm,,,,,0.99,,,,22,0,,,,,,,,,,,,,,,,,,,,,,,,,,,,,,,,,,,,,,,,,,,,,,,,,,,,,,,,,,,,,,,,,,,,,,,,,,,,,,,,,,,,,,,,,,,,,,,,,,,,,,,,,,,,,,,,,,,,,,,,,,,,,,,,,,,,,,,,,,,,,,,,,,,,,,,,,,,,,,,,,,,,,,,,,,,,,,,,,,,,
IQ.LLE.RE02.GP.N,5901597257981,,,,00001602,00001504,,kom,94059200,LT,0.001,,0.001,,0,,10,mm,100,mm,160,mm,,,,,0.99,,,,22,0,,,,,,,,,,,,,,,,,,,,,,,,,,,,,,,,,,,,,,,,,,,,,,,,,,,,,,,,,,,,,,,,,,,,,,,,,,,,,,,,,,,,,,,,,,,,,,,,,,,,,,,,,,,,,,,,,,,,,,,,,,,,,,,,,,,,,,,,,,,,,,,,,,,,,,,,,,,,,,,,,,,,,,,,,,,,,,,,,,,,
IQ.LLE.RE02.GP.W,5901597258001,,,,00001602,00001504,,kom,94059200,LT,0.001,,0.001,,0,,10,mm,100,mm,160,mm,,,,,0.99,,,,22,0,,,,,,,,,,,,,,,,,,,,,,,,,,,,,,,,,,,,,,,,,,,,,,,,,,,,,,,,,,,,,,,,,,,,,,,,,,,,,,,,,,,,,,,,,,,,,,,,,,,,,,,,,,,,,,,,,,,,,,,,,,,,,,,,,,,,,,,,,,,,,,,,,,,,,,,,,,,,,,,,,,,,,,,,,,,,,,,,,,,,
IQ.LLE.RE02.WP.N,5901597261643,,,,00001602,00001504,,kom,94059200,LT,0.001,,0.001,,0,,10,mm,100,mm,160,mm,,,,,0.99,,,,22,0,,,,,,,,,,,,,,,,,,,,,,,,,,,,,,,,,,,,,,,,,,,,,,,,,,,,,,,,,,,,,,,,,,,,,,,,,,,,,,,,,,,,,,,,,,,,,,,,,,,,,,,,,,,,,,,,,,,,,,,,,,,,,,,,,,,,,,,,,,,,,,,,,,,,,,,,,,,,,,,,,,,,,,,,,,,,,,,,,,,,
IQ.LLE.RE02.WP.W,5901597261667,,,,00001602,00001504,,kom,94059200,LT,0.001,,0.001,,0,,10,mm,100,mm,160,mm,,,,,0.99,,,,22,0,,,,,,,,,,,,,,,,,,,,,,,,,,,,,,,,,,,,,,,,,,,,,,,,,,,,,,,,,,,,,,,,,,,,,,,,,,,,,,,,,,,,,,,,,,,,,,,,,,,,,,,,,,,,,,,,,,,,,,,,,,,,,,,,,,,,,,,,,,,,,,,,,,,,,,,,,,,,,,,,,,,,,,,,,,,,,,,,,,,,
IQ.LLE.SL05.GP.N,5901597261483,,,,00001602,00001504,,kom,94059200,LT,0.001,,0.001,,0,,10,mm,100,mm,160,mm,,,,,0.99,,,,22,0,,,,,,,,,,,,,,,,,,,,,,,,,,,,,,,,,,,,,,,,,,,,,,,,,,,,,,,,,,,,,,,,,,,,,,,,,,,,,,,,,,,,,,,,,,,,,,,,,,,,,,,,,,,,,,,,,,,,,,,,,,,,,,,,,,,,,,,,,,,,,,,,,,,,,,,,,,,,,,,,,,,,,,,,,,,,,,,,,,,,
IQ.LLE.SL05.GP.W,5901597243700,,,,00001602,00001504,,kom,94059200,LT,0.001,,0.001,,0,,10,mm,100,mm,160,mm,,,,,0.99,,,,22,0,,,,,,,,,,,,,,,,,,,,,,,,,,,,,,,,,,,,,,,,,,,,,,,,,,,,,,,,,,,,,,,,,,,,,,,,,,,,,,,,,,,,,,,,,,,,,,,,,,,,,,,,,,,,,,,,,,,,,,,,,,,,,,,,,,,,,,,,,,,,,,,,,,,,,,,,,,,,,,,,,,,,,,,,,,,,,,,,,,,,
IQ.LLE.SL05.WP.N,5901597257769,,,,00001602,00001504,,kom,94059200,LT,0.001,,0.001,,0,,10,mm,100,mm,160,mm,,,,,0.99,,,,22,0,,,,,,,,,,,,,,,,,,,,,,,,,,,,,,,,,,,,,,,,,,,,,,,,,,,,,,,,,,,,,,,,,,,,,,,,,,,,,,,,,,,,,,,,,,,,,,,,,,,,,,,,,,,,,,,,,,,,,,,,,,,,,,,,,,,,,,,,,,,,,,,,,,,,,,,,,,,,,,,,,,,,,,,,,,,,,,,,,,,,
IQ.LLE.SL05.WP.W,5901597257745,,,,00001602,00001504,,kom,94059200,LT,0.001,,0.001,,0,,10,mm,100,mm,160,mm,,,,,0.99,,,,22,0,,,,,,,,,,,,,,,,,,,,,,,,,,,,,,,,,,,,,,,,,,,,,,,,,,,,,,,,,,,,,,,,,,,,,,,,,,,,,,,,,,,,,,,,,,,,,,,,,,,,,,,,,,,,,,,,,,,,,,,,,,,,,,,,,,,,,,,,,,,,,,,,,,,,,,,,,,,,,,,,,,,,,,,,,,,,,,,,,,,,
IQ.LLE.SL08.GP.N,5901597261254,,,,00001602,00001504,,kom,94059200,LT,0.001,,0.001,,0,,10,mm,100,mm,160,mm,,,,,0.99,,,,22,0,,,,,,,,,,,,,,,,,,,,,,,,,,,,,,,,,,,,,,,,,,,,,,,,,,,,,,,,,,,,,,,,,,,,,,,,,,,,,,,,,,,,,,,,,,,,,,,,,,,,,,,,,,,,,,,,,,,,,,,,,,,,,,,,,,,,,,,,,,,,,,,,,,,,,,,,,,,,,,,,,,,,,,,,,,,,,,,,,,,,
IQ.LLE.SL08.GP.W,5901597204770,,,,00001602,00001504,,kom,94059200,LT,0.001,,0.001,,0,,10,mm,100,mm,160,mm,,,,,0.99,,,,22,0,,,,,,,,,,,,,,,,,,,,,,,,,,,,,,,,,,,,,,,,,,,,,,,,,,,,,,,,,,,,,,,,,,,,,,,,,,,,,,,,,,,,,,,,,,,,,,,,,,,,,,,,,,,,,,,,,,,,,,,,,,,,,,,,,,,,,,,,,,,,,,,,,,,,,,,,,,,,,,,,,,,,,,,,,,,,,,,,,,,,
IQ.LLE.SL08.WP.N,5901597261230,,,,00001602,00001504,,kom,94059200,LT,0.001,,0.001,,0,,10,mm,100,mm,160,mm,,,,,0.99,,,,22,0,,,,,,,,,,,,,,,,,,,,,,,,,,,,,,,,,,,,,,,,,,,,,,,,,,,,,,,,,,,,,,,,,,,,,,,,,,,,,,,,,,,,,,,,,,,,,,,,,,,,,,,,,,,,,,,,,,,,,,,,,,,,,,,,,,,,,,,,,,,,,,,,,,,,,,,,,,,,,,,,,,,,,,,,,,,,,,,,,,,,
IQ.LLE.SL08.WP.W,5901597261216,,,,00001602,00001504,,kom,94059200,LT,0.001,,0.001,,0,,10,mm,100,mm,160,mm,,,,,0.99,,,,22,0,,,,,,,,,,,,,,,,,,,,,,,,,,,,,,,,,,,,,,,,,,,,,,,,,,,,,,,,,,,,,,,,,,,,,,,,,,,,,,,,,,,,,,,,,,,,,,,,,,,,,,,,,,,,,,,,,,,,,,,,,,,,,,,,,,,,,,,,,,,,,,,,,,,,,,,,,,,,,,,,,,,,,,,,,,,,,,,,,,,,
MP.B0,4039677007797,,,"Stenski upravljalnik, RGB+CCT, B0, RF, (R2)",00001604,91086973,,kom,85365080,CN,0.18,,0.18,,0,,30,mm,110,mm,110,mm,,,,,33.8,,,,22,1,,,,,,,,,,,,,,,,,,,,,,,,,,,,,,,,,,,,,,,,,,,,,,,,,,,,,,,,,,,,,,,,,,,,,,,,,,,,,,,,,,,,,,,,,,,,,,,,,,,,,,,,,,,,,,,,,,,,,,,,,,,,,,,,,,,,,,,,,,,,,,,,,,,,,,,,,,,,,,,,,,,,,,,,,,,,,,,,,,,,
MP.B1,4039677007636,,,"Stenski upravljalnik, enobarvni, B1, RF, Cone: 4, (R2)",00001604,91086973,,kom,85365080,CN,0.152,,0.114,,0,,30,mm,110,mm,110.1,mm,,,,,33.8,,,,22,1,,,,,,,,,,,,,,,,,,,,,,,,,,,,,,,,,,,,,,,,,,,,,,,,,,,,,,,,,,,,,,,,,,,,,,,,,,,,,,,,,,,,,,,,,,,,,,,,,,,,,,,,,,,,,,,,,,,,,,,,,,,,,,,,,,,,,,,,,,,,,,,,,,,,,,,,,,,,,,,,,,,,,,,,,,,,,,,,,,,,
MP.B1.BL,6970602181947,,,"Stenski upravljalnik, enobarvni, B1.BL, RF, (R2)",00001604,91086973,,kom,85365080,CN,0.152,,0.114,,0,,30,mm,110,mm,110.1,mm,,,,,33.8,,,,22,1,,,,,,,,,,,,,,,,,,,,,,,,,,,,,,,,,,,,,,,,,,,,,,,,,,,,,,,,,,,,,,,,,,,,,,,,,,,,,,,,,,,,,,,,,,,,,,,,,,,,,,,,,,,,,,,,,,,,,,,,,,,,,,,,,,,,,,,,,,,,,,,,,,,,,,,,,,,,,,,,,,,,,,,,,,,,,,,,,,,,
MP.B4,4039677006431,,,"Stenski upravljalnik, RGB+CCT, B4, RF, (R2)",00001604,91086973,,kom,85365080,CN,0.182,,0.113,,0,,32,mm,110,mm,110,mm,,,,,33.8,,,,22,1,,,,,,,,,,,,,,,,,,,,,,,,,,,,,,,,,,,,,,,,,,,,,,,,,,,,,,,,,,,,,,,,,,,,,,,,,,,,,,,,,,,,,,,,,,,,,,,,,,,,,,,,,,,,,,,,,,,,,,,,,,,,,,,,,,,,,,,,,,,,,,,,,,,,,,,,,,,,,,,,,,,,,,,,,,,,,,,,,,,,
MP.B4.BL,6970602181961,,,"Stenski upravljalnik, RGB+CCT, B4.BL, RF, (R2)",00001604,91086973,,kom,85365080,CN,0.182,,0.113,,0,,32,mm,110,mm,110,mm,,,,,33.8,,,,22,1,,,,,,,,,,,,,,,,,,,,,,,,,,,,,,,,,,,,,,,,,,,,,,,,,,,,,,,,,,,,,,,,,,,,,,,,,,,,,,,,,,,,,,,,,,,,,,,,,,,,,,,,,,,,,,,,,,,,,,,,,,,,,,,,,,,,,,,,,,,,,,,,,,,,,,,,,,,,,,,,,,,,,,,,,,,,,,,,,,,,
MP.B8,4039677007803,,,"Stenski upravljalnik, RGB+CCT, B8, RF, (R2)",00001604,91086973,,kom,85365080,CN,0.336,,0.335,,0,,28,mm,130,mm,170,mm,,,,,65.78,,,,22,1,,,,,,,,,,,,,,,,,,,,,,,,,,,,,,,,,,,,,,,,,,,,,,,,,,,,,,,,,,,,,,,,,,,,,,,,,,,,,,,,,,,,,,,,,,,,,,,,,,,,,,,,,,,,,,,,,,,,,,,,,,,,,,,,,,,,,,,,,,,,,,,,,,,,,,,,,,,,,,,,,,,,,,,,,,,,,,,,,,,,
MP.DL.X,6970602181343,,,"LED kontroler, DALI, DL-X, RGB+CCT, RGBW, 12V/24V, 240/480w, Dali, PUSH, (R2)",00001604,91086973,,kom,85371090,CN,0.114,,0.097,,0,,132,mm,32,mm,51,mm,,,,,52.5,,,,22,100,,,,,,,,,,,,,,,,,,,,,,,,,,,,,,,,,,,,,,,,,,,,,,,,,,,,,,,,,,,,,,,,,,,,,,,,,,,,,,,,,,,,,,,,,,,,,,,,,,,,,,,,,,,,,,,,,,,,,,,,,,,,,,,,,,,,,,,,,,,,,,,,,,,,,,,,,,,,,,,,,,,,,,,,,,,,,,,,,,,,
MP.DL5,4039677009944,,,"LED kontroler, RGB+CCT, DL5, 12V/24V, 180/360W, DALI, (R2)",00001604,91086973,,kom,85365080,CN,0.097,,0.083,,0,,30,mm,49,mm,115,mm,,,,,50.11,,,,22,0,,,,,,,,,,,,,,,,,,,,,,,,,,,,,,,,,,,,,,,,,,,,,,,,,,,,,,,,,,,,,,,,,,,,,,,,,,,,,,,,,,,,,,,,,,,,,,,,,,,,,,,,,,,,,,,,,,,,,,,,,,,,,,,,,,,,,,,,,,,,,,,,,,,,,,,,,,,,,,,,,,,,,,,,,,,,,,,,,,,,
MP.FUT007,5902135121054,,,"Daljinski upravljalnik, DIM+CCT, FUT007, RF, Cone: 4, (R2)",00001604,91086973,,kom,85365080,CN,0.068,,0.044,,0,,27,mm,58,mm,115,mm,,,,,11.86,,,,22,1,,,,,,,,,,,,,,,,,,,,,,,,,,,,,,,,,,,,,,,,,,,,,,,,,,,,,,,,,,,,,,,,,,,,,,,,,,,,,,,,,,,,,,,,,,,,,,,,,,,,,,,,,,,,,,,,,,,,,,,,,,,,,,,,,,,,,,,,,,,,,,,,,,,,,,,,,,,,,,,,,,,,,,,,,,,,,,,,,,,,
MP.FUT027,4039677006400,,,"LED kontroler z daljinskim upravljalnikom, RGBW, FUT027, set, 120/240W, RF, WiFi (opcijsko), Cone: 1, (R2)",00001604,91086973,,set,85365080,CN,0.119,,0.077,,0,,30,mm,130,mm,130,mm,,,,,24.69,,,,22,1,,,,,,,,,,,,,,,,,,,,,,,,,,,,,,,,,,,,,,,,,,,,,,,,,,,,,,,,,,,,,,,,,,,,,,,,,,,,,,,,,,,,,,,,,,,,,,,,,,,,,,,,,,,,,,,,,,,,,,,,,,,,,,,,,,,,,,,,,,,,,,,,,,,,,,,,,,,,,,,,,,,,,,,,,,,,,,,,,,,,
MP.FUT036M,6970602180858,,,"LED zatemnilnik, enobarvni, FUT036, 12V/24V, 144/288W, RF, (R2)",00001604,91086973,,kom,85365080,CN,0.0638,,0.0524,,0,,29,mm,39,mm,121,mm,,,,,17.17,,,,22,1,,,,,,,,,,,,,,,,,,,,,,,,,,,,,,,,,,,,,,,,,,,,,,,,,,,,,,,,,,,,,,,,,,,,,,,,,,,,,,,,,,,,,,,,,,,,,,,,,,,,,,,,,,,,,,,,,,,,,,,,,,,,,,,,,,,,,,,,,,,,,,,,,,,,,,,,,,,,,,,,,,,,,,,,,,,,,,,,,,,,
MP.FUT036S,6970602181718,,,"LED kontroler, enobarvni, FUT036S, 12V/24V, 144/288W, RF, WiFi, (R2)",00001604,91086973,,kom,85371090,CN,0.041,,0.032,,0,,76,mm,24,mm,37,mm,,,,,18.36,,,,22,200,,,,,,,,,,,,,,,,,,,,,,,,,,,,,,,,,,,,,,,,,,,,,,,,,,,,,,,,,,,,,,,,,,,,,,,,,,,,,,,,,,,,,,,,,,,,,,,,,,,,,,,,,,,,,,,,,,,,,,,,,,,,,,,,,,,,,,,,,,,,,,,,,,,,,,,,,,,,,,,,,,,,,,,,,,,,,,,,,,,,
MP.FUT036W,6970602181862,,,"LED kontroler, enobarvni, FUT036w, 12V/24V, 144W/288W, RF, WiFi, bluetooth, (R2)",00001604,91086973,,kom,85371090,CN,0.052,,0.037,,0,,78,mm,28,mm,38,mm,,,,,34,,,,22,200,,,,,,,,,,,,,,,,,,,,,,,,,,,,,,,,,,,,,,,,,,,,,,,,,,,,,,,,,,,,,,,,,,,,,,,,,,,,,,,,,,,,,,,,,,,,,,,,,,,,,,,,,,,,,,,,,,,,,,,,,,,,,,,,,,,,,,,,,,,,,,,,,,,,,,,,,,,,,,,,,,,,,,,,,,,,,,,,,,,,
MP.FUT037M,6970602180865,,,"LED kontroler, RGB, FUT037, 12V/24V, 144/288W, RF, (R2)",00001604,91086973,,kom,85365080,CN,0.064,,0.0524,,0,,29,mm,39,mm,121,mm,,,,,22.89,,,,22,0,,,,,,,,,,,,,,,,,,,,,,,,,,,,,,,,,,,,,,,,,,,,,,,,,,,,,,,,,,,,,,,,,,,,,,,,,,,,,,,,,,,,,,,,,,,,,,,,,,,,,,,,,,,,,,,,,,,,,,,,,,,,,,,,,,,,,,,,,,,,,,,,,,,,,,,,,,,,,,,,,,,,,,,,,,,,,,,,,,,,
MP.FUT039S,6970602181749,,,"LED kontroler, RGB+CCT, FUT039S, 12V/24V, 144/288W, RF, (R2)",00001604,91086973,,kom,85371090,CN,0.041,,0.032,,0,,76,mm,24,mm,37,mm,,,,,24.23,,,,22,200,,,,,,,,,,,,,,,,,,,,,,,,,,,,,,,,,,,,,,,,,,,,,,,,,,,,,,,,,,,,,,,,,,,,,,,,,,,,,,,,,,,,,,,,,,,,,,,,,,,,,,,,,,,,,,,,,,,,,,,,,,,,,,,,,,,,,,,,,,,,,,,,,,,,,,,,,,,,,,,,,,,,,,,,,,,,,,,,,,,,
MP.FUT039W,6970602181893,,,"LED kontroler, RGB+CCT, FUT039w, 12V/24V, 144W/288W, RF, WiFi, bluetooth, (R2)",00001604,91086973,,kom,85371090,CN,0.052,,0.037,,0,,78,mm,28,mm,38,mm,,,,,34,,,,22,200,,,,,,,,,,,,,,,,,,,,,,,,,,,,,,,,,,,,,,,,,,,,,,,,,,,,,,,,,,,,,,,,,,,,,,,,,,,,,,,,,,,,,,,,,,,,,,,,,,,,,,,,,,,,,,,,,,,,,,,,,,,,,,,,,,,,,,,,,,,,,,,,,,,,,,,,,,,,,,,,,,,,,,,,,,,,,,,,,,,,
MP.FUT039Z,6970602181817,,,"LED kontroler, RGB+CCT, FUT039Z, 12V/24V, 144W/288W, Zigbee, (R2)",00001604,91086973,,kom,85371090,CN,0.0418,,0.0324,,0,,75,mm,37,mm,23,mm,,,,,33.44,,,,22,200,,,,,,,,,,,,,,,,,,,,,,,,,,,,,,,,,,,,,,,,,,,,,,,,,,,,,,,,,,,,,,,,,,,,,,,,,,,,,,,,,,,,,,,,,,,,,,,,,,,,,,,,,,,,,,,,,,,,,,,,,,,,,,,,,,,,,,,,,,,,,,,,,,,,,,,,,,,,,,,,,,,,,,,,,,,,,,,,,,,,
MP.FUT043,4039677008220,,,"LED kontroler, RGB, FUT043, 12V/24V, 180/360W, RF, WiFi (opcijsko), (R2)",00001604,91086973,,kom,85365080,CN,0.055,,0.051,,0,,25,mm,55,mm,95,mm,,,,,22.89,,,,22,1,,,,,,,,,,,,,,,,,,,,,,,,,,,,,,,,,,,,,,,,,,,,,,,,,,,,,,,,,,,,,,,,,,,,,,,,,,,,,,,,,,,,,,,,,,,,,,,,,,,,,,,,,,,,,,,,,,,,,,,,,,,,,,,,,,,,,,,,,,,,,,,,,,,,,,,,,,,,,,,,,,,,,,,,,,,,,,,,,,,,
MP.FUT044,6970602180391,,,"LED kontroler, RGBW, FUT044, 12V/24V, 180/360W, WiFi, (R2)",00001604,91086973,,kom,85365080,CN,0.066,,0.052,,0,,40,mm,32,mm,99,mm,,,,,22.93,,,,22,1,,,,,,,,,,,,,,,,,,,,,,,,,,,,,,,,,,,,,,,,,,,,,,,,,,,,,,,,,,,,,,,,,,,,,,,,,,,,,,,,,,,,,,,,,,,,,,,,,,,,,,,,,,,,,,,,,,,,,,,,,,,,,,,,,,,,,,,,,,,,,,,,,,,,,,,,,,,,,,,,,,,,,,,,,,,,,,,,,,,,
MP.FUT045,4039677007773,,,"LED kontroler, RGB+CCT, FUT045, 12V/24V, 180/360W, RF, WiFi (opcijsko), (R2)",00001604,91086973,,kom,85365080,CN,0.068,,0.068,,0,,33,mm,40,mm,95,mm,,,,,22.86,,,,22,1,,,,,,,,,,,,,,,,,,,,,,,,,,,,,,,,,,,,,,,,,,,,,,,,,,,,,,,,,,,,,,,,,,,,,,,,,,,,,,,,,,,,,,,,,,,,,,,,,,,,,,,,,,,,,,,,,,,,,,,,,,,,,,,,,,,,,,,,,,,,,,,,,,,,,,,,,,,,,,,,,,,,,,,,,,,,,,,,,,,,
MP.FUT087,4039677010759,,,"Daljinski upravljalnik, enobarvni, FUT087, Cone: 1, (R2)",00001604,91086973,,kom,85365080,CN,0.0696,,0.0522,,0,,22,mm,45,mm,85,mm,,,,,14.67,,,,22,1,,,,,,,,,,,,,,,,,,,,,,,,,,,,,,,,,,,,,,,,,,,,,,,,,,,,,,,,,,,,,,,,,,,,,,,,,,,,,,,,,,,,,,,,,,,,,,,,,,,,,,,,,,,,,,,,,,,,,,,,,,,,,,,,,,,,,,,,,,,,,,,,,,,,,,,,,,,,,,,,,,,,,,,,,,,,,,,,,,,,
MP.FUT088,4039677007780,,,"Daljinski upravljalnik, RGB+CCT, FUT088, RF, Cone: 1, (R2)",00001604,91086973,,kom,85365080,CN,0.079,,0.059,,0,,24,mm,54,mm,138,mm,,,,,19.62,,,,22,1,,,,,,,,,,,,,,,,,,,,,,,,,,,,,,,,,,,,,,,,,,,,,,,,,,,,,,,,,,,,,,,,,,,,,,,,,,,,,,,,,,,,,,,,,,,,,,,,,,,,,,,,,,,,,,,,,,,,,,,,,,,,,,,,,,,,,,,,,,,,,,,,,,,,,,,,,,,,,,,,,,,,,,,,,,,,,,,,,,,,
MP.FUT089,4039677007650,,,"Daljinski upravljalnik, RGB+CCT, FUT089, RF, Cone: 8, (R2)",00001604,91086973,,kom,85365080,CN,0.089,,0.074,,0,,25,mm,54,mm,156,mm,,,,,30.17,,,,22,1,,,,,,,,,,,,,,,,,,,,,,,,,,,,,,,,,,,,,,,,,,,,,,,,,,,,,,,,,,,,,,,,,,,,,,,,,,,,,,,,,,,,,,,,,,,,,,,,,,,,,,,,,,,,,,,,,,,,,,,,,,,,,,,,,,,,,,,,,,,,,,,,,,,,,,,,,,,,,,,,,,,,,,,,,,,,,,,,,,,,
MP.FUT089.B,6970602181916,,,MP.FUT089.B,00001604,91086973,,kom,85371090,CN,0,,0,,0,,0,mm,0,mm,0,mm,,,,,30.17,,,,22,1,,,,,,,,,,,,,,,,,,,,,,,,,,,,,,,,,,,,,,,,,,,,,,,,,,,,,,,,,,,,,,,,,,,,,,,,,,,,,,,,,,,,,,,,,,,,,,,,,,,,,,,,,,,,,,,,,,,,,,,,,,,,,,,,,,,,,,,,,,,,,,,,,,,,,,,,,,,,,,,,,,,,,,,,,,,,,,,,,,,,
MP.FUT089Z,6970602182371,,,"Daljinski upravljalnik, RGB+CCT, FUT089z, Zigbee, (R2)",00001604,91086973,,kom,85371090,CN,0.0934,,0.0181,,0,,155,mm,55,mm,25,mm,,,,,44.72,,,,22,1,,,,,,,,,,,,,,,,,,,,,,,,,,,,,,,,,,,,,,,,,,,,,,,,,,,,,,,,,,,,,,,,,,,,,,,,,,,,,,,,,,,,,,,,,,,,,,,,,,,,,,,,,,,,,,,,,,,,,,,,,,,,,,,,,,,,,,,,,,,,,,,,,,,,,,,,,,,,,,,,,,,,,,,,,,,,,,,,,,,,
MP.FUT092,4039677006462,,,"Daljinski upravljalnik, RGB+CCT, FUT092, RF, Cone: 4, (R2)",00001604,91086973,,kom,85365080,CN,0.089,,0.067,,0,,22,mm,58,mm,140,mm,,,,,25.07,,,,22,1,,,,,,,,,,,,,,,,,,,,,,,,,,,,,,,,,,,,,,,,,,,,,,,,,,,,,,,,,,,,,,,,,,,,,,,,,,,,,,,,,,,,,,,,,,,,,,,,,,,,,,,,,,,,,,,,,,,,,,,,,,,,,,,,,,,,,,,,,,,,,,,,,,,,,,,,,,,,,,,,,,,,,,,,,,,,,,,,,,,,
MP.FUT092.B,6970602181923,,,MP.FUT092.B,00001604,91086973,,kom,85371090,CN,0,,0,,0,,0,mm,0,mm,0,mm,,,,,25.07,,,,22,1,,,,,,,,,,,,,,,,,,,,,,,,,,,,,,,,,,,,,,,,,,,,,,,,,,,,,,,,,,,,,,,,,,,,,,,,,,,,,,,,,,,,,,,,,,,,,,,,,,,,,,,,,,,,,,,,,,,,,,,,,,,,,,,,,,,,,,,,,,,,,,,,,,,,,,,,,,,,,,,,,,,,,,,,,,,,,,,,,,,,
MP.FUT099,4039677006394,,,"Stensko stojalo za daljinski upravljalnik, FUT099, (R2)",00001604,91086973,,kom,85365080,CN,0.017,,0.016,,0,,30,mm,70,mm,80,mm,,,,,2.46,,,,22,1,,,,,,,,,,,,,,,,,,,,,,,,,,,,,,,,,,,,,,,,,,,,,,,,,,,,,,,,,,,,,,,,,,,,,,,,,,,,,,,,,,,,,,,,,,,,,,,,,,,,,,,,,,,,,,,,,,,,,,,,,,,,,,,,,,,,,,,,,,,,,,,,,,,,,,,,,,,,,,,,,,,,,,,,,,,,,,,,,,,,
MP.K1,6970602181831,,,"LED stenski zatemnilnik, CCT, K1, RF, (R2)",00001604,91086973,,kom,85269200,CN,0.12,,0.08,,0,,105,mm,34,mm,105,mm,,,,,21.39,,,,22,100,,,,,,,,,,,,,,,,,,,,,,,,,,,,,,,,,,,,,,,,,,,,,,,,,,,,,,,,,,,,,,,,,,,,,,,,,,,,,,,,,,,,,,,,,,,,,,,,,,,,,,,,,,,,,,,,,,,,,,,,,,,,,,,,,,,,,,,,,,,,,,,,,,,,,,,,,,,,,,,,,,,,,,,,,,,,,,,,,,,,
MP.LS2,4039677006424,,,"LED kontroler, RGB+CCT, LS2, 12V/24V, 180/360W, RF, WiFi (opcijsko), (R2)",00001604,91086973,,kom,85365080,CN,0.066,,0.055,,0,,30,mm,40,mm,125,mm,,,,,26.76,,,,22,0,,,,,,,,,,,,,,,,,,,,,,,,,,,,,,,,,,,,,,,,,,,,,,,,,,,,,,,,,,,,,,,,,,,,,,,,,,,,,,,,,,,,,,,,,,,,,,,,,,,,,,,,,,,,,,,,,,,,,,,,,,,,,,,,,,,,,,,,,,,,,,,,,,,,,,,,,,,,,,,,,,,,,,,,,,,,,,,,,,,,
MP.LS2.WP,6970602181404,,,"LED kontroler, vodoodporni, LS2, RGB+CCT, RGBW, 12V/36V, 240W/720W, RF, (R2)",00001604,91086973,,kom,85371090,CN,0.307,,0.258,,0,,240,mm,114,mm,36,mm,,,,,66.11,,,,22,0,,,,,,,,,,,,,,,,,,,,,,,,,,,,,,,,,,,,,,,,,,,,,,,,,,,,,,,,,,,,,,,,,,,,,,,,,,,,,,,,,,,,,,,,,,,,,,,,,,,,,,,,,,,,,,,,,,,,,,,,,,,,,,,,,,,,,,,,,,,,,,,,,,,,,,,,,,,,,,,,,,,,,,,,,,,,,,,,,,,,
MP.LS2S,6970602180216,,,"LED kontroler, RGB+CCT, LS2S, 12V/24V, 120/240W, RF, (R2)",00001604,91086973,,kom,85365080,CN,0.066,,0.0524,,0,,350,mm,490,mm,220,mm,,,,,31.53,,,,22,1,,,,,,,,,,,,,,,,,,,,,,,,,,,,,,,,,,,,,,,,,,,,,,,,,,,,,,,,,,,,,,,,,,,,,,,,,,,,,,,,,,,,,,,,,,,,,,,,,,,,,,,,,,,,,,,,,,,,,,,,,,,,,,,,,,,,,,,,,,,,,,,,,,,,,,,,,,,,,,,,,,,,,,,,,,,,,,,,,,,,
MP.LS4,4039677006417,,,"LED zatemnilnik, enobarvni, LS4, 12V/24V, 144/288W, RF, WiFi (opcijsko), PUSH, 0-10V, 1-10V, 10V PWM, (R2)",00001604,91086973,,kom,85365080,CN,0.067,,0.065,,0,,30,mm,40,mm,125,mm,,,,,24.66,,,,22,1,,,,,,,,,,,,,,,,,,,,,,,,,,,,,,,,,,,,,,,,,,,,,,,,,,,,,,,,,,,,,,,,,,,,,,,,,,,,,,,,,,,,,,,,,,,,,,,,,,,,,,,,,,,,,,,,,,,,,,,,,,,,,,,,,,,,,,,,,,,,,,,,,,,,,,,,,,,,,,,,,,,,,,,,,,,,,,,,,,,,
MP.PA4,6970602180322,,,"Ojačevalnik napetosti, RGBW, PA4, 12V/24V, 180/360W, WiFi, (R2)",00001604,91086973,,kom,85365080,CN,0.1,,0.08,,0,,50,mm,26,mm,122,mm,,,,,18.67,,,,22,1,,,,,,,,,,,,,,,,,,,,,,,,,,,,,,,,,,,,,,,,,,,,,,,,,,,,,,,,,,,,,,,,,,,,,,,,,,,,,,,,,,,,,,,,,,,,,,,,,,,,,,,,,,,,,,,,,,,,,,,,,,,,,,,,,,,,,,,,,,,,,,,,,,,,,,,,,,,,,,,,,,,,,,,,,,,,,,,,,,,,
MP.PA5,6970602180339,,,"Ojačevalnik napetosti, RGB+CCT, PA5, 12V/24V, 180/360W, (R2)",00001604,91086973,,kom,85365080,CN,0.1,,0.083,,0,,49,mm,30,mm,115,mm,,,,,21.39,,,,22,1,,,,,,,,,,,,,,,,,,,,,,,,,,,,,,,,,,,,,,,,,,,,,,,,,,,,,,,,,,,,,,,,,,,,,,,,,,,,,,,,,,,,,,,,,,,,,,,,,,,,,,,,,,,,,,,,,,,,,,,,,,,,,,,,,,,,,,,,,,,,,,,,,,,,,,,,,,,,,,,,,,,,,,,,,,,,,,,,,,,,
MP.RFR4RGBW01,5902135121061,,,"Daljinski upravljalnik, CCT, FUT095/096, RF, Cone: 4, (R2)",00001604,91086973,,kom,85365080,CN,0.074,,0.044,,0,,26,mm,54,mm,96,mm,,,,,14.8,,,,22,0,,,,,,,,,,,,,,,,,,,,,,,,,,,,,,,,,,,,,,,,,,,,,,,,,,,,,,,,,,,,,,,,,,,,,,,,,,,,,,,,,,,,,,,,,,,,,,,,,,,,,,,,,,,,,,,,,,,,,,,,,,,,,,,,,,,,,,,,,,,,,,,,,,,,,,,,,,,,,,,,,,,,,,,,,,,,,,,,,,,,
MP.S1.B,6970602182111,,,MP.S1.B,00001604,91086973,,kom,85371090,CN,0,,0,,0,,0,mm,0,mm,0,mm,,,,,21.39,,,,22,1,,,,,,,,,,,,,,,,,,,,,,,,,,,,,,,,,,,,,,,,,,,,,,,,,,,,,,,,,,,,,,,,,,,,,,,,,,,,,,,,,,,,,,,,,,,,,,,,,,,,,,,,,,,,,,,,,,,,,,,,,,,,,,,,,,,,,,,,,,,,,,,,,,,,,,,,,,,,,,,,,,,,,,,,,,,,,,,,,,,,
MP.S2.B,6970602182104,,,"Daljinski upravljalnik, RGB+CCT, S2, RF, WiFi, (R2)",00001604,91086973,,kom,85371090,CN,0.076,,0,,0,,86,mm,86,mm,31,mm,,,,,21.78,,,,22,200,,,,,,,,,,,,,,,,,,,,,,,,,,,,,,,,,,,,,,,,,,,,,,,,,,,,,,,,,,,,,,,,,,,,,,,,,,,,,,,,,,,,,,,,,,,,,,,,,,,,,,,,,,,,,,,,,,,,,,,,,,,,,,,,,,,,,,,,,,,,,,,,,,,,,,,,,,,,,,,,,,,,,,,,,,,,,,,,,,,,
MP.TRI.C1,6970602181824,,,"LED zatemnilnik za v dozo, enobarvni, Triac, 100V/240V, 300W, RF, PUSH, (R2)",00001604,91086973,,kom,85371090,CN,0.06,,0.052,,0,,52,mm,29,mm,52,mm,,,,,34.61,,,,22,200,,,,,,,,,,,,,,,,,,,,,,,,,,,,,,,,,,,,,,,,,,,,,,,,,,,,,,,,,,,,,,,,,,,,,,,,,,,,,,,,,,,,,,,,,,,,,,,,,,,,,,,,,,,,,,,,,,,,,,,,,,,,,,,,,,,,,,,,,,,,,,,,,,,,,,,,,,,,,,,,,,,,,,,,,,,,,,,,,,,,
MP.WFR01,5902135121085,,,"WiFi router, WFR01, 5V, WiFi, (R2)",00001604,91086973,,kom,85365080,CN,0.08,,0.058,,0,,33,mm,85,mm,110,mm,,,,,37.33,,,,22,1,,,,,,,,,,,,,,,,,,,,,,,,,,,,,,,,,,,,,,,,,,,,,,,,,,,,,,,,,,,,,,,,,,,,,,,,,,,,,,,,,,,,,,,,,,,,,,,,,,,,,,,,,,,,,,,,,,,,,,,,,,,,,,,,,,,,,,,,,,,,,,,,,,,,,,,,,,,,,,,,,,,,,,,,,,,,,,,,,,,,
MP.WL5.WP,6970602181398,,,"LED kontroler, vodoodporni, WL5, RGB+CCT, RGBW, 12V/36V, 240W/720W, RF, WiFi, (R2)",00001604,91086973,,kom,85371090,CN,0.306,,0.258,,0,,240,mm,114,mm,36,mm,,,,,85.56,,,,22,0,,,,,,,,,,,,,,,,,,,,,,,,,,,,,,,,,,,,,,,,,,,,,,,,,,,,,,,,,,,,,,,,,,,,,,,,,,,,,,,,,,,,,,,,,,,,,,,,,,,,,,,,,,,,,,,,,,,,,,,,,,,,,,,,,,,,,,,,,,,,,,,,,,,,,,,,,,,,,,,,,,,,,,,,,,,,,,,,,,,,
MP.ZB.BOX2,6970602181848,,,"WiFi router, Zigbee, WiFi, (R2)",00001604,91086973,,kom,85371090,CN,0.17,,0.16,,0,,110,mm,88,mm,41,mm,,,,,73.11,,,,22,100,,,,,,,,,,,,,,,,,,,,,,,,,,,,,,,,,,,,,,,,,,,,,,,,,,,,,,,,,,,,,,,,,,,,,,,,,,,,,,,,,,,,,,,,,,,,,,,,,,,,,,,,,,,,,,,,,,,,,,,,,,,,,,,,,,,,,,,,,,,,,,,,,,,,,,,,,,,,,,,,,,,,,,,,,,,,,,,,,,,,
NW.203,5903139203999,svetila_si|svetila_si_en,ARES II wall light E14 black-gold,Svetilka stenska ARES II IP20 črna,00001625,91086973,,kom,94051098,PL,0,,0.58,,0,,0,mm,0,mm,0,mm,Interior lighting > Wall lamps > Sconces,Notranja svetila > Stenska svetila > Svečniki,,,,,,,22,0,,,,,//pim.nowodvorski.com/media/files/203.jpg,,,,,,,,,,,,,,,,E14,0,,10W only LED,,,,,,,NW.203,,,,,,,,,,,,,,,,ARES,,,,,,,,,,,,,,,,,,,,,,,,,,,,,16,cm,,,,,,,,,,50/60,Hz,,,,,,,,,,,,,,,,,,,IP20,,,,,,,,,,,,,,,,,,,,,,,,1,2,1,,9405199000,,25,,,cm,,,25,,,cm,,,12.5,dm³,20,,,cm,,,,,,,,,,,,,,,,,,~220-230,V,,,,,,,
NW.204,5903139204996,,ARES III pendant light E14 black-gold,Svetilka viseča ARES III IP20 črna,00001625,91086973,,kom,94051098,PL,0,,1.35,,0,,0,mm,0,mm,0,mm,,,,,,,,,22,0,,,,,,,,,,,,,,,,,,,,,,,,,,,,,,,,,,,,,,,,,,,,,,,,,,,,,,,,,,,,,,,,,,,,,,,,,,,,,,,,,,,,,,,,,,,,,,,,,,,,,,,,,,,,,,,,,,,,,,,,,,,,,,,,,,,,,,,,,,,,,,,,,,,,,,,,,,,,,,,,,,,,,,,,,,,,,,,,,,,,
NW.205,5903139205993,svetila_si|svetila_si_en,ARES V pendant light E14 black-gold,Svetilka viseča ARES V IP20 črna,00001625,91086973,,kom,94051098,PL,0,,1.84,,0,,0,mm,0,mm,0,mm,Interior lighting > Ceiling lamps > Chandeliers,Notranja svetila > Stropna svetila > Lestenci,,,,,,,22,0,,,,,//pim.nowodvorski.com/media/files/205.jpg,,,,,,,,,,,,,,,,E14,0,,10W only LED,,,,,,,NW.205,,,,,,,,,,,,,,,,ARES,,,,,,,,,,,,,,,,,,,,,,,,,,,,,,,,,,,,,,,,50/60,Hz,,,Possible by a qualified electrician,,,,,,,,,,,,,,,,IP20,,,,,,,,,,,,,,,,,,,,,,,,2,5,1,,9405199000,,31,,,cm,,,54,,,cm,,,82.86,dm³,49.5,,,cm,,,,,2/3,,,,,,,,,,,,,~220-230,V,,,,,,,
NW.206,5903139206990,svetila_si|svetila_si_en,ARES X pendant light E14 black-gold,Svetilka viseča ARES X IP20 črna,00001625,91086973,,kom,94051098,PL,0,,3.77,,0,,0,mm,0,mm,0,mm,Interior lighting > Ceiling lamps > Chandeliers,Notranja svetila > Stropna svetila > Lestenci,,,,,,,22,0,,,,,//pim.nowodvorski.com/media/files/206.jpg,,,,,,,,,,,,,,,,E14,0,,10W only LED,,,,,,,NW.206,,,,,,,,,,,,,,,,ARES,,,,,,,,,,,,,,,,,,,,,,,,,,,,,,,,,,,,,,,,50/60,Hz,,,Possible by a qualified electrician,,,,,,,,,,,,,,,,IP20,,,,,,,,,,,,,,,,,,,,,,,,2,10,1,,9405199000,,34,,,cm,,,74,,,cm,,,176.12,dm³,70,,,cm,,,,,5/5,,,,,,,,,,,,,~220-230,V,,,,,,,
NW.2206,5903139220699,,GIPSY S wall light E27 square white,Svetilka stenska GIPSY S IP20 siva,00001625,91086973,,kom,94051091,PL,0,,1.59,,0,,0,mm,0,mm,0,mm,,,,,,,,,22,0,,,,,,,,,,,,,,,,,,,,,,,,,,,,,,,,,,,,,,,,,,,,,,,,,,,,,,,,,,,,,,,,,,,,,,,,,,,,,,,,,,,,,,,,,,,,,,,,,,,,,,,,,,,,,,,,,,,,,,,,,,,,,,,,,,,,,,,,,,,,,,,,,,,,,,,,,,,,,,,,,,,,,,,,,,,,,,,,,,,,
NW.2207,5903139220798,,GIPSY M wall light E27 square white,Svetilka stenska GIPSY M IP20 siva,00001625,91086973,,kom,94051091,PL,0,,2.45,,0,,0,mm,0,mm,0,mm,,,,,,,,,22,0,,,,,,,,,,,,,,,,,,,,,,,,,,,,,,,,,,,,,,,,,,,,,,,,,,,,,,,,,,,,,,,,,,,,,,,,,,,,,,,,,,,,,,,,,,,,,,,,,,,,,,,,,,,,,,,,,,,,,,,,,,,,,,,,,,,,,,,,,,,,,,,,,,,,,,,,,,,,,,,,,,,,,,,,,,,,,,,,,,,,
NW.2208,5903139220897,,GIPSY L wall light E27 square white,Svetilka stenska GIPSY L IP20 siva,00001625,91086973,,kom,94051091,PL,0,,3.2,,0,,0,mm,0,mm,0,mm,,,,,,,,,22,0,,,,,,,,,,,,,,,,,,,,,,,,,,,,,,,,,,,,,,,,,,,,,,,,,,,,,,,,,,,,,,,,,,,,,,,,,,,,,,,,,,,,,,,,,,,,,,,,,,,,,,,,,,,,,,,,,,,,,,,,,,,,,,,,,,,,,,,,,,,,,,,,,,,,,,,,,,,,,,,,,,,,,,,,,,,,,,,,,,,,
NW.2410,5903139241090,,GIPSY S wall light E27 oval white,Svetilka stenska GIPSY S IP20 siva,00001625,91086973,,kom,94051091,PL,0,,1.42,,0,,0,mm,0,mm,0,mm,,,,,,,,,22,0,,,,,,,,,,,,,,,,,,,,,,,,,,,,,,,,,,,,,,,,,,,,,,,,,,,,,,,,,,,,,,,,,,,,,,,,,,,,,,,,,,,,,,,,,,,,,,,,,,,,,,,,,,,,,,,,,,,,,,,,,,,,,,,,,,,,,,,,,,,,,,,,,,,,,,,,,,,,,,,,,,,,,,,,,,,,,,,,,,,,
NW.2411,5903139241199,,GIPSY L wall light E27 oval white,Svetilka stenska GIPSY L IP20 siva,00001625,91086973,,kom,94051091,PL,0,,2.58,,0,,0,mm,0,mm,0,mm,,,,,,,,,22,0,,,,,,,,,,,,,,,,,,,,,,,,,,,,,,,,,,,,,,,,,,,,,,,,,,,,,,,,,,,,,,,,,,,,,,,,,,,,,,,,,,,,,,,,,,,,,,,,,,,,,,,,,,,,,,,,,,,,,,,,,,,,,,,,,,,,,,,,,,,,,,,,,,,,,,,,,,,,,,,,,,,,,,,,,,,,,,,,,,,,
NW.2763,5903139276399,,TWIST II wall light E14 brown/gold,Svetilka stenska TWIST II IP20 zlata,00001625,91086973,,kom,94051091,PL,0,,0.91,,0,,0,mm,0,mm,0,mm,,,,,,,,,22,0,,,,,,,,,,,,,,,,,,,,,,,,,,,,,,,,,,,,,,,,,,,,,,,,,,,,,,,,,,,,,,,,,,,,,,,,,,,,,,,,,,,,,,,,,,,,,,,,,,,,,,,,,,,,,,,,,,,,,,,,,,,,,,,,,,,,,,,,,,,,,,,,,,,,,,,,,,,,,,,,,,,,,,,,,,,,,,,,,,,,
NW.2764,5903139276498,,TWIST III pendant light E14 brown/gold,Svetilka viseča TWIST III IP20 zlata,00001625,91086973,,kom,94051091,PL,0,,2.2,,0,,0,mm,0,mm,0,mm,,,,,,,,,22,0,,,,,,,,,,,,,,,,,,,,,,,,,,,,,,,,,,,,,,,,,,,,,,,,,,,,,,,,,,,,,,,,,,,,,,,,,,,,,,,,,,,,,,,,,,,,,,,,,,,,,,,,,,,,,,,,,,,,,,,,,,,,,,,,,,,,,,,,,,,,,,,,,,,,,,,,,,,,,,,,,,,,,,,,,,,,,,,,,,,,
NW.2766,5903139276696,,TWIST V pendant light E14 brown/gold,Svetilka viseča TWIST V IP20 zlata,00001625,91086973,,kom,94051091,PL,0,,2.86,,0,,0,mm,0,mm,0,mm,,,,,,,,,22,0,,,,,,,,,,,,,,,,,,,,,,,,,,,,,,,,,,,,,,,,,,,,,,,,,,,,,,,,,,,,,,,,,,,,,,,,,,,,,,,,,,,,,,,,,,,,,,,,,,,,,,,,,,,,,,,,,,,,,,,,,,,,,,,,,,,,,,,,,,,,,,,,,,,,,,,,,,,,,,,,,,,,,,,,,,,,,,,,,,,,
NW.2767,5903139276795,,TWIST X pendant light E14 brown/gold,Svetilka viseča TWIST X IP20 zlata,00001625,91086973,,kom,94051091,PL,0,,5.49,,0,,0,mm,0,mm,0,mm,,,,,,,,,22,0,,,,,,,,,,,,,,,,,,,,,,,,,,,,,,,,,,,,,,,,,,,,,,,,,,,,,,,,,,,,,,,,,,,,,,,,,,,,,,,,,,,,,,,,,,,,,,,,,,,,,,,,,,,,,,,,,,,,,,,,,,,,,,,,,,,,,,,,,,,,,,,,,,,,,,,,,,,,,,,,,,,,,,,,,,,,,,,,,,,,
NW.3346,5903139334693,,CELTIC I wall light E14 IP44 chrome/white,Svetilka stenska CELTIC I IP44 krom,00001625,91086973,,kom,94051091,PL,0,,0.82,,0,,0,mm,0,mm,0,mm,,,,,,,,,22,0,,,,,,,,,,,,,,,,,,,,,,,,,,,,,,,,,,,,,,,,,,,,,,,,,,,,,,,,,,,,,,,,,,,,,,,,,,,,,,,,,,,,,,,,,,,,,,,,,,,,,,,,,,,,,,,,,,,,,,,,,,,,,,,,,,,,,,,,,,,,,,,,,,,,,,,,,,,,,,,,,,,,,,,,,,,,,,,,,,,,
NW.3347,5903139334792,,CELTIC II wall light E14 IP44 chrome/white,Svetilka stenska CELTIC II IP44 krom,00001625,91086973,,kom,94051091,PL,0,,0.98,,0,,0,mm,0,mm,0,mm,,,,,,,,,22,0,,,,,,,,,,,,,,,,,,,,,,,,,,,,,,,,,,,,,,,,,,,,,,,,,,,,,,,,,,,,,,,,,,,,,,,,,,,,,,,,,,,,,,,,,,,,,,,,,,,,,,,,,,,,,,,,,,,,,,,,,,,,,,,,,,,,,,,,,,,,,,,,,,,,,,,,,,,,,,,,,,,,,,,,,,,,,,,,,,,,
NW.3382,5903139338295,,COSMO S floor light E27 silver/black,Svetilka stoječa COSMO S IP20 srebrna,00001625,91086973,,kom,94051091,PL,0,,18.22,,0,,0,mm,0,mm,0,mm,,,,,,,,,22,0,,,,,,,,,,,,,,,,,,,,,,,,,,,,,,,,,,,,,,,,,,,,,,,,,,,,,,,,,,,,,,,,,,,,,,,,,,,,,,,,,,,,,,,,,,,,,,,,,,,,,,,,,,,,,,,,,,,,,,,,,,,,,,,,,,,,,,,,,,,,,,,,,,,,,,,,,,,,,,,,,,,,,,,,,,,,,,,,,,,,
NW.3393,5903139339391,svetila_si|svetila_si_en,MISTRAL I wall light E27 IP44 anthracite/transparent,Svetilka zunanja MISTRAL I IP44 siva,00001625,91086973,,kom,94051091,PL,0,,1.17,,0,,0,mm,0,mm,0,mm,Outdoor lighting > Stenska svetila > Surface mounted,Zunanja svetila > Stenska svetila > Nadgradne svetilke,,,50.46,,,,22,0,,,,,//pim.nowodvorski.com/media/files/3393.jpg,,,,,,,,,,,,,,,,E27,0,,10W only LED,,,,,,,NW.3393,,,,,,,,,,,,,,,,MISTRAL,,,,,,,,,,,,,,,,,,,,,,,,,,,,,12,cm,,,,,,,,,,50/60,Hz,,,,,,,,,,,,,,,,,,,IP44,,,,,,,,,,,,,,,,,,,,,,,,,1,1,,9405199000,,35.5,,,cm,,,13,,,cm,,,5.77,dm³,12.5,,,cm,,,,,,,,,,,,,,,,,,~220-230,V,,,,,,,
NW.3394,5903139339490,svetila_si|svetila_si_en,MISTRAL I floor light E27 IP44 anthracite/transparent,Svetilka zunanja MISTRAL I IP44 siva,00001625,91086973,,kom,94051091,PL,0,,3.55,,0,,0,mm,0,mm,0,mm,Outdoor lighting > Standing lamps,Zunanja svetila > Stoječa svetila,,,141.52,,,,22,0,,,,,//pim.nowodvorski.com/media/files/3394.jpg,,,,,,,,,,,,,,,,E27,0,,10W only LED,,,,,,,NW.3394,,,,,,,,,,,,,,,,MISTRAL,,,,,,,,,,,,,,,,,,,,,,,,,,,,,,,,,,,,,,,,50/60,Hz,,,,,,,,,,,,,,,,,,,IP44,,,,,,,19,cm,,,,,,,,,,,,,,,,,1,1,,9405299000,,101,,,cm,,,19.5,,,cm,,,34.47,dm³,17.5,,,cm,,,,,,,,,,,,,,,,,,~220-230,V,11,cm,,,,,
NW.3396,5903139339698,,SIROCCO I floor light E27 IP44 anthracite/transparent,Svetilka zunanja SIROCCO I IP44 siva,00001625,91086973,,kom,94051091,PL,0,,2.28,,0,,0,mm,0,mm,0,mm,,,,,,,,,22,0,,,,,,,,,,,,,,,,,,,,,,,,,,,,,,,,,,,,,,,,,,,,,,,,,,,,,,,,,,,,,,,,,,,,,,,,,,,,,,,,,,,,,,,,,,,,,,,,,,,,,,,,,,,,,,,,,,,,,,,,,,,,,,,,,,,,,,,,,,,,,,,,,,,,,,,,,,,,,,,,,,,,,,,,,,,,,,,,,,,,
NW.3401,5903139340199,svetila_si|svetila_si_en,BUSH floor light GU10 IP67 anthracite,Svetilka zunanja BUSH IP65 siva,00001625,91086973,,kom,94051091,PL,0,,0.36,,0,,0,mm,0,mm,0,mm,Outdoor lighting > Ground lights,Zunanja svetila > Talna svetila,,,,,,,22,0,,,,,//pim.nowodvorski.com/media/files/3401.jpg,,,,,,,,,,,,,,,,GU10 R50,0,,10W only LED,,,,,,,NW.3401,,,,,,,,,,,,,,,,BUSH,,,,,,,,,,,,,,,,,,,,,,,,,,,,,,,,,,,,,,,,50/60,Hz,,,,,,,,,,,,,,,,,,,IP65,,,,,,,,,,,,,,,,,,,,,,,,,1,1,,9405199000,,15.5,,,cm,,,10.5,,,cm,,,1.71,dm³,10.5,,,cm,,,,,,,,,,,,,,,,,,~220-230,V,,,,,,,
NW.3402,5903139340298,svetila_si|svetila_si_en,FOG I wall light E27 IP44 anthracite,Svetilka zunanja FOG I IP44 siva,00001625,91086973,,kom,94051091,PL,0,,1.1,,0,,0,mm,0,mm,0,mm,Outdoor lighting > Stenska svetila > Surface mounted,Zunanja svetila > Stenska svetila > Nadgradne svetilke,,,,,,,22,0,,,,,//pim.nowodvorski.com/media/files/3402.jpg,,,,,,,,,,,,,,,,E27,0,,25W only LED,,,,,,,NW.3402,,,,,,,,,,,,,,,,FOG,,,,,,,,,,,,,,,,,,,,,,,,,,,,,17,cm,,,,,,,,,,50/60,Hz,,,,,,,,,,,,,,,,,,,IP44,,,,,,,,,,,,,,,,,,,,,,,,,1,1,,9405199000,,21.5,,,cm,,,18.5,,,cm,,,4.38,dm³,11,,,cm,,,,,,,,,,,,,,,,,,~220-230,V,,,,,,,
NW.3403,5903139340397,svetila_si|svetila_si_en,FOG I ceiling light E27 IP44 anthracite,Svetilka zunanja FOG I IP44 siva,00001625,91086973,,kom,94051091,PL,0,,0.68,,0,,0,mm,0,mm,0,mm,Outdoor lighting > Ceiling lamps > Plafonds,Zunanja svetila > Stropna svetila > Plafonjere,,,36.37,,,,22,0,,,,,//pim.nowodvorski.com/media/files/3403.jpg,,,,,,,,,,,,,,,,E27,0,,25W only LED,,,,,,,NW.3403,,,,,,,,,,,,,,,,FOG,,,,,,,,,,,,,,,,,,,,,,,,,,,,,,,,,,,,,,,,50/60,Hz,,,,,,,,,,,,,,,,,,,IP44,,,,,,,,,,,,,,,,,,,,,,,,,1,1,,9405199000,,17.5,,,cm,,,11,,,cm,,,2.12,dm³,11,,,cm,,,,,,,,,,,,,,,,,,~220-230,V,,,,,,,
NW.3404,5903139340496,svetila_si|svetila_si_en,FOG II wall light E27 IP44 anthracite,Svetilka zunanja FOG II IP44 siva,00001625,91086973,,kom,94051091,PL,0,,1.5,,0,,0,mm,0,mm,0,mm,Outdoor lighting > Stenska svetila > Surface mounted,Zunanja svetila > Stenska svetila > Nadgradne svetilke,,,60.6,,,,22,0,,,,,//pim.nowodvorski.com/media/files/3404.jpg,,,,,,,,,,,,,,,,E27,0,,25W only LED,,,,,,,NW.3404,,,,,,,,,,,,,,,,FOG,,,,,,,,,,,,,,,,,,,,,,,,,,,,,17,cm,,,,,,,,,,50/60,Hz,,,,,,,,,,,,,,,,,,,IP44,,,,,,,,,,,,,,,,,,,,,,,,,2,1,,9405199000,,31,,,cm,,,18.5,,,cm,,,6.31,dm³,11,,,cm,,,,,,,,,,,,,,,,,,~220-230,V,,,,,,,
NW.3405,5903139340595,svetila_si|svetila_si_en,ROCK I wall light E27 IP44 anthracite/transparent,Svetilka zunanja ROCK I IP44 siva,00001625,91086973,,kom,94051091,PL,0,,0.95,,0,,0,mm,0,mm,0,mm,Outdoor lighting > Stenska svetila > Surface mounted,Zunanja svetila > Stenska svetila > Nadgradne svetilke,,,,,,,22,0,,,,,//pim.nowodvorski.com/media/files/3405.jpg,,,,,,,,,,,,,,,,E27,0,,1x60W,,,,,,,NW.3405,,,,,,,,,,,,,,,,ROCK,,,,,,,,,,,,,,,,,,,,,,,,,,,,,17,cm,,,,,,,,,,50/60,Hz,,,,,,,,,,,,,,,,,,,IP44,,,,,,,,,,,,,,,,,,,,,,,,,1,1,,9405199000,,20.5,,,cm,,,19,,,cm,,,4.28,dm³,11,,,cm,,,,,,,,,,,,,,,,,,~220-230,V,,,,,,,
NW.3406,5903139340694,,ROCK I ceiling light E27 IP44 anthracite/transparent,Svetilka zunanja ROCK I IP44 siva,00001625,91086973,,kom,94051091,PL,0,,0.59,,0,,0,mm,0,mm,0,mm,,,,,,,,,22,0,,,,,,,,,,,,,,,,,,,,,,,,,,,,,,,,,,,,,,,,,,,,,,,,,,,,,,,,,,,,,,,,,,,,,,,,,,,,,,,,,,,,,,,,,,,,,,,,,,,,,,,,,,,,,,,,,,,,,,,,,,,,,,,,,,,,,,,,,,,,,,,,,,,,,,,,,,,,,,,,,,,,,,,,,,,,,,,,,,,,
NW.3407,5903139340793,,ROCK II wall light E27 IP44 anthracite/transparent,Svetilka zunanja ROCK II IP44 siva,00001625,91086973,,kom,94051091,PL,0,,1.35,,0,,0,mm,0,mm,0,mm,,,,,,,,,22,0,,,,,,,,,,,,,,,,,,,,,,,,,,,,,,,,,,,,,,,,,,,,,,,,,,,,,,,,,,,,,,,,,,,,,,,,,,,,,,,,,,,,,,,,,,,,,,,,,,,,,,,,,,,,,,,,,,,,,,,,,,,,,,,,,,,,,,,,,,,,,,,,,,,,,,,,,,,,,,,,,,,,,,,,,,,,,,,,,,,,
NW.3408,5903139340892,svetila_si|svetila_si_en,BRICK I wall light E27 IP67 anthracite/transparent,Svetilka zunanja BRICK I IP65 siva,00001625,91086973,,kom,94051091,PL,0,,1.03,,0,,0,mm,0,mm,0,mm,Outdoor lighting > Stenska svetila > Surface mounted,Zunanja svetila > Stenska svetila > Nadgradne svetilke,,,,,,,22,0,,,,,//pim.nowodvorski.com/media/files/3408.jpg,,,,,,,,,,,,,,,,E27,0,,25W only LED,,,,,,,NW.3408,,,,,,,,,,,,,,,,BRICK,,,,,,,,,,,,,,,,,,,,,,,,,,,,,12,cm,,,,,,,,,,50/60,Hz,,,,,,,,,,,,,,,,,,,IP65,,,,,,,,,,,,,,,,,,,,,,,,,1,1,,9405199000,,13,,,cm,,,23,,,cm,,,2.84,dm³,9.5,,,cm,,,,,,,,,,,,,,,,,,~220-230,V,,,,,,,
NW.3411,5903139341196,svetila_si|svetila_si_en,QUARTZ I wall light E27 anthracite/white,Svetilka zunanja QUARTZ I IP21 siva,00001625,91086973,,kom,94051091,PL,0,,0.55,,0,,0,mm,0,mm,0,mm,Outdoor lighting > Stenska svetila > Surface mounted,Zunanja svetila > Stenska svetila > Nadgradne svetilke,,,,,,,22,0,,,,,//pim.nowodvorski.com/media/files/3411.jpg,,,,,,,,,,,,,,,,E27,0,,10W only LED,,,,,,,NW.3411,,,,,,,,,,,,,,,,QUARTZ,,,,,,,,,,,,,,,,,,,,,,,,,,,,,10,cm,,,,,,,,,,50/60,Hz,,,,,,,,,,,,,,,,,,,IP21,,,,,,,,,,,,,,,,,,,,,,,,,1,1,,9405199000,,26.5,,,cm,,,18.5,,,cm,,,5.64,dm³,11.5,,,cm,,,,,,,,,,,,,,,,,,~220-230,V,,,,,,,
NW.3412,5903139341295,svetila_si|svetila_si_en,BASALT I wall light E14 IP44 anthracite/transparent,Svetilka zunanja vgradna BASALT I IP44 siva,00001625,91086973,,kom,94051091,PL,0,,0.61,,0,,0,mm,0,mm,0,mm,Outdoor lighting > Stenska svetila > Built-in lamps,Zunanja svetila > Stenska svetila > Vgradne svetilke,,,25.88,,,,22,0,,,,,//pim.nowodvorski.com/media/files/3412.jpg,,,,,,,,,,,,,,,,E14,0,,10W only LED,,,,,,,NW.3412,,,,,,,,,,,,,,,,BASALT,,,,,,,,,,,,,,,,,,,,,,,,,,,,,,,,,,,,,,,,50/60,Hz,,,,,,,,,,,,22x12,cm,,,,,,IP44,,,,,,,,,,,,,,,,,,,,,,,,,1,1,,9405199000,,23.5,,,cm,,,13,,,cm,,,3.06,dm³,10,,,cm,,,,,,,,,,,,,,,,,,~220-230,V,,,,,,,
NW.3457,5903139345798,,ALICE I L floor light E27 ecru/black,Svetilka stoječa ALICE I L IP20 bež,00001625,91086973,,kom,94051091,PL,0,,12.31,,0,,0,mm,0,mm,0,mm,,,,,,,,,22,0,,,,,,,,,,,,,,,,,,,,,,,,,,,,,,,,,,,,,,,,,,,,,,,,,,,,,,,,,,,,,,,,,,,,,,,,,,,,,,,,,,,,,,,,,,,,,,,,,,,,,,,,,,,,,,,,,,,,,,,,,,,,,,,,,,,,,,,,,,,,,,,,,,,,,,,,,,,,,,,,,,,,,,,,,,,,,,,,,,,,
NW.3458,5903139345897,,ALICE I M pendant light E27 ecru/black,Svetilka viseča ALICE I M IP20 bež,00001625,91086973,,kom,94051091,PL,0,,0.67,,0,,0,mm,0,mm,0,mm,,,,,,,,,22,0,,,,,,,,,,,,,,,,,,,,,,,,,,,,,,,,,,,,,,,,,,,,,,,,,,,,,,,,,,,,,,,,,,,,,,,,,,,,,,,,,,,,,,,,,,,,,,,,,,,,,,,,,,,,,,,,,,,,,,,,,,,,,,,,,,,,,,,,,,,,,,,,,,,,,,,,,,,,,,,,,,,,,,,,,,,,,,,,,,,,
NW.3464,5903139346498,,ALICE I L floor light E27 beige/black,Svetilka stoječa ALICE I L IP20 bež,00001625,91086973,,kom,94051091,PL,0,,12.31,,0,,0,mm,0,mm,0,mm,,,,,,,,,22,0,,,,,,,,,,,,,,,,,,,,,,,,,,,,,,,,,,,,,,,,,,,,,,,,,,,,,,,,,,,,,,,,,,,,,,,,,,,,,,,,,,,,,,,,,,,,,,,,,,,,,,,,,,,,,,,,,,,,,,,,,,,,,,,,,,,,,,,,,,,,,,,,,,,,,,,,,,,,,,,,,,,,,,,,,,,,,,,,,,,,
NW.3466,5903139346696,,ALICE I L pendant light E27 beige/black,Svetilka viseča ALICE I L IP20 bež,00001625,91086973,,kom,94051091,PL,0,,0.8,,0,,0,mm,0,mm,0,mm,,,,,,,,,22,0,,,,,,,,,,,,,,,,,,,,,,,,,,,,,,,,,,,,,,,,,,,,,,,,,,,,,,,,,,,,,,,,,,,,,,,,,,,,,,,,,,,,,,,,,,,,,,,,,,,,,,,,,,,,,,,,,,,,,,,,,,,,,,,,,,,,,,,,,,,,,,,,,,,,,,,,,,,,,,,,,,,,,,,,,,,,,,,,,,,,
NW.4171,5903139417198,svetila_si|svetila_si_en,IKA I A pendant light E27 natural wood,Svetilka viseča IKA I A IP20 naravna,00001625,91086973,,kom,94051091,PL,0,,1.01,,0,,0,mm,0,mm,0,mm,Interior lighting > Suspended lamps,Notranja svetila > Viseča svetila,,,,,,,22,0,,,,,//pim.nowodvorski.com/media/files/4171.jpg,,,,,,,,,,,,,,,,E27,0,,25W only LED,,,,,,,NW.4171,,,,,,7.5,cm,5.5,cm,,,,,,,IKA,,,,,,,,,,,,,,,,,,,,,,,,,,,,,,,,,,,,,,,,50/60,Hz,,,Possible by a qualified electrician,,,,,39,cm,,,,,,,,,,IP20,,,,,,,,,,,,,,,,,,,,,,,,,1,1,,9405199000,,25,,,cm,,,44,,,cm,,,27.5,dm³,25,,,cm,,,,,,,,,,,,,,,,,,~220-230,V,,,,,,,
NW.4173,5903139417396,,IKA I C pendant light E27 natural wood,Svetilka viseča IKA I C IP20 naravna,00001625,91086973,,kom,94051091,PL,0,,0.65,,0,,0,mm,0,mm,0,mm,,,,,,,,,22,0,,,,,,,,,,,,,,,,,,,,,,,,,,,,,,,,,,,,,,,,,,,,,,,,,,,,,,,,,,,,,,,,,,,,,,,,,,,,,,,,,,,,,,,,,,,,,,,,,,,,,,,,,,,,,,,,,,,,,,,,,,,,,,,,,,,,,,,,,,,,,,,,,,,,,,,,,,,,,,,,,,,,,,,,,,,,,,,,,,,,
NW.4174,5903139417495,svetila_si|svetila_si_en,IKA I D pendant light E27 natural wood,Svetilka viseča IKA I D IP20 naravna,00001625,91086973,,kom,94051091,PL,0,,1.03,,0,,0,mm,0,mm,0,mm,Interior lighting > Suspended lamps,Notranja svetila > Viseča svetila,,,83.52,,,,22,0,,,,,//pim.nowodvorski.com/media/files/4174.jpg,,,,,,,,,,,,,,,,E27,0,,25W only LED,,,,,,,NW.4174,,,,,,7.5,cm,5.5,cm,,,,,,,IKA,,,,,,,,,,,,,,,,,,,,,,,,,,,,,,,,,,,,,,,,50/60,Hz,,,Possible by a qualified electrician,,,,,37,cm,,,,,,,,,,IP20,,,,,,,,,,,,,,,,,,,,,,,,,1,1,,9405199000,,43,,,cm,,,50,,,cm,,,107.5,dm³,50,,,cm,,,,,,,,,,,,,,,,,,~220-230,V,,,,,,,
NW.4387,5903139438797,svetila_si|svetila_si_en,ORINOKO wall light E27 IP44 anthracite/transparent,Svetilka stenska ORINOKO IP44 antracit,00001625,91086973,,kom,94052091,PL,0,,0.85,,0,,0,mm,0,mm,0,mm,Outdoor lighting > Stenska svetila > Surface mounted,Zunanja svetila > Stenska svetila > Nadgradne svetilke,,,,,,,22,0,,,,,//pim.nowodvorski.com/media/files/4387.jpg,,,,,,,,,,,,,,,,E27,0,,10W only LED,,,,,,,NW.4387,,,,,,,,,,,,,,,,ORINOKO,,,,,,,,,,,,,,,,,,,,,,,,,,,,,13,cm,,,,,,,,,,50/60,Hz,,,,,,,,,,,,,,,,,,,IP44,,,,,,,,,,,,,,,,,,,,,,,,,1,1,,9405199000,,29.5,,,cm,,,12,,,cm,,,4.78,dm³,13.5,,,cm,,,,,,,,,,,,,,,,,,~220-230,V,,,,,,,
NW.4390,5903139439091,,MISTRAL I A wall light E27 IP44 anthracite/transparent,Svetilka zunanja MISTRAL I A IP44 siva,00001625,91086973,,kom,94051091,PL,0,,1.66,,0,,0,mm,0,mm,0,mm,,,,,65.18,,,,22,0,,,,,,,,,,,,,,,,,,,,,,,,,,,,,,,,,,,,,,,,,,,,,,,,,,,,,,,,,,,,,,,,,,,,,,,,,,,,,,,,,,,,,,,,,,,,,,,,,,,,,,,,,,,,,,,,,,,,,,,,,,,,,,,,,,,,,,,,,,,,,,,,,,,,,,,,,,,,,,,,,,,,,,,,,,,,,,,,,,,,
NW.4418,5903139441896,svetila_si|svetila_si_en,MEKONG I wall light E27 IP44 black,Svetilka zunanja MEKONG I IP42 siva,00001625,91086973,,kom,94051091,PL,0,,0.62,,0,,0,mm,0,mm,0,mm,Outdoor lighting > Stenska svetila > Surface mounted,Zunanja svetila > Stenska svetila > Nadgradne svetilke,,,,,,,22,0,,,,,//pim.nowodvorski.com/media/files/4418.jpg,,,,,,,,,,,,,,,,E27,0,,10W only LED,,,,,,,NW.4418,,,,,,,,,,,,,,,,MEKONG,,,,,,,,,,,,,,,,,,,,,,,,,,,,,16,cm,,,,,,,,,,50/60,Hz,,,,,,,,,,,,,,,,,,,IP42,,,,,,,,,,,,,,,,,,,,,,,,,1,1,,9405199000,,21,,,cm,,,17,,,cm,,,3.57,dm³,10,,,cm,,,,,,,,,,,,,,,,,,~220-230,V,,,,,,,
NW.4420,5903139442091,svetila_si|svetila_si_en,MEKONG II wall light E27 IP44 black,Svetilka zunanja MEKONG II IP42 siva,00001625,91086973,,kom,94051091,PL,0,,0.94,,0,,0,mm,0,mm,0,mm,Outdoor lighting > Stenska svetila > Surface mounted,Zunanja svetila > Stenska svetila > Nadgradne svetilke,,,,,,,22,0,,,,,//pim.nowodvorski.com/media/files/4420.jpg,,,,,,,,,,,,,,,,E27,0,,10W only LED,,,,,,,NW.4420,,,,,,,,,,,,,,,,MEKONG,,,,,,,,,,,,,,,,,,,,,,,,,,,,,16,cm,,,,,,,,,,50/60,Hz,,,,,,,,,,,,,,,,,,,IP42,,,,,,,,,,,,,,,,,,,,,,,,,2,1,,9405199000,,31,,,cm,,,16,,,cm,,,4.96,dm³,10,,,cm,,,,,,,,,,,,,,,,,,~220-230,V,,,,,,,
NW.4421,5903139442190,svetila_si|svetila_si_en,SIERRA I wall light E27 IP54 black/transparent,Svetilka zunanja SIERRA I IP54 črna,00001625,91086973,,kom,94051091,PL,0,,0.62,,0,,0,mm,0,mm,0,mm,Outdoor lighting > Stenska svetila > Surface mounted,Zunanja svetila > Stenska svetila > Nadgradne svetilke,,,,,,,22,0,,,,,//pim.nowodvorski.com/media/files/4421.jpg,,,,,,,,,,,,,,,,E27,0,,25W only LED,,,,,,,NW.4421,,,,,,,,,,,,,,,,SIERRA,,,,,,,,,,,,,,,,,,,,,,,,,,,,,15.5,cm,,,,,,,,,,50/60,Hz,,,,,,,,,,,,,,,,,,,IP54,,,,,,,,,,,,,,,,,,,,,,,,,1,1,,9405199000,,20.5,,,cm,,,16,,,cm,,,3.93,dm³,10,,,cm,,,,,,,,,,,,,,,,,,~220-230,V,,,,,,,
NW.4422,5903139442299,svetila_si|svetila_si_en,SIERRA II wall light E27 IP54 black/transparent,Svetilka zunanja SIERRA II IP54 črna,00001625,91086973,,kom,94051091,PL,0,,0.89,,0,,0,mm,0,mm,0,mm,Outdoor lighting > Stenska svetila > Surface mounted,Zunanja svetila > Stenska svetila > Nadgradne svetilke,,,,,,,22,0,,,,,//pim.nowodvorski.com/media/files/4422.jpg,,,,,,,,,,,,,,,,E27,0,,25W only LED,,,,,,,NW.4422,,,,,,,,,,,,,,,,SIERRA,,,,,,,,,,,,,,,,,,,,,,,,,,,,,15.5,cm,,,,,,,,,,50/60,Hz,,,,,,,,,,,,,,,,,,,IP54,,,,,,,,,,,,,,,,,,,,,,,,,2,1,,9405199000,,32,,,cm,,,17,,,cm,,,5.71,dm³,10.5,,,cm,,,,,,,,,,,,,,,,,,~220-230,V,,,,,,,
NW.4423,5903139442398,svetila_si|svetila_si_en,RIO I wall light E27 IP54 black/transparent,Svetilka zunanja RIO I IP54 črna,00001625,91086973,,kom,94051091,PL,0,,0.76,,0,,0,mm,0,mm,0,mm,Outdoor lighting > Stenska svetila > Surface mounted,Zunanja svetila > Stenska svetila > Nadgradne svetilke,,,,,,,22,0,,,,,//pim.nowodvorski.com/media/files/4423.jpg,,,,,,,,,,,,,,,,E27,0,,10W only LED,,,,,,,NW.4423,,,,,,,,,,,,,,,,RIO,,,,,,,,,,,,,,,,,,,,,,,,,,,,,10,cm,,,,,,,,,,50/60,Hz,,,,,,,,,,,,,,,,,,,IP54,,,,,,,,,,,,,,,,,,,,,,,,,1,1,,9405199000,,20,,,cm,,,12,,,cm,,,2.64,dm³,11,,,cm,,,,,,,,,,,,,,,,,,~220-230,V,,,,,,,
NW.4424,5903139442497,svetila_si|svetila_si_en,RIO II wall light E27 IP54 black/transparent,Svetilka zunanja RIO II IP54 črna,00001625,91086973,,kom,94051091,PL,0,,1.05,,0,,0,mm,0,mm,0,mm,Outdoor lighting > Stenska svetila > Surface mounted,Zunanja svetila > Stenska svetila > Nadgradne svetilke,,,,,,,22,0,,,,,//pim.nowodvorski.com/media/files/4424.jpg,,,,,,,,,,,,,,,,E27,0,,10W only LED,,,,,,,NW.4424,,,,,,,,,,,,,,,,RIO,,,,,,,,,,,,,,,,,,,,,,,,,,,,,10.5,cm,,,,,,,,,,50/60,Hz,,,,,,,,,,,,,,,,,,,IP54,,,,,,,,,,,,,,,,,,,,,,,,,2,1,,9405199000,,32,,,cm,,,12,,,cm,,,4.22,dm³,11,,,cm,,,,,,,,,,,,,,,,,,~220-230,V,,,,,,,
NW.4425,5903139442596,svetila_si|svetila_si_en,NEGRO I wall light GU10 IP54 grey,Svetilka zunanja NEGRO I IP54 siva,00001625,91086973,,kom,94051091,PL,0,,0.41,,0,,0,mm,0,mm,0,mm,Outdoor lighting > Stenska svetila > Surface mounted,Zunanja svetila > Stenska svetila > Nadgradne svetilke,,,,,,,22,0,,,,,//pim.nowodvorski.com/media/files/4425.jpg,,,,,,,,,,,,,,,,GU10 R50,0,,10W only LED,,,,,,,NW.4425,,,,,,,,,,,,,,,,NEGRO,,,,,,,,,,,,,,,,,,,,,,,,,,,,,12,cm,,,,,,,,,,50/60,Hz,,,,,,,,,,,,,,,,,,,IP54,,,,,,,,,,,,,,,,,,,,,,,,,1,1,,9405199000,,16.5,,,cm,,,13,,,cm,,,1.72,dm³,8,,,cm,,,,,,,,,,,,,,,,,,~220-230,V,,,,,,,
NW.4426,5903139442695,,NEGRO II wall light GU10 IP54 grey,Svetilka zunanja NEGRO II IP54 siva,00001625,91086973,,kom,94051091,PL,0,,0.53,,0,,0,mm,0,mm,0,mm,,,,,,,,,22,0,,,,,,,,,,,,,,,,,,,,,,,,,,,,,,,,,,,,,,,,,,,,,,,,,,,,,,,,,,,,,,,,,,,,,,,,,,,,,,,,,,,,,,,,,,,,,,,,,,,,,,,,,,,,,,,,,,,,,,,,,,,,,,,,,,,,,,,,,,,,,,,,,,,,,,,,,,,,,,,,,,,,,,,,,,,,,,,,,,,,
NW.4437,5903139443791,,wall light,Svetilka MAKALU dekorativna,00001625,00001625,,kom,,PL,0,,0.66,,0,,0,mm,0,mm,0,mm,,,,,52.94,,,,22,0,,,,,,,,,,,,,,,,,,,,,,,,,,,,,,,,,,,,,,,,,,,,,,,,,,,,,,,,,,,,,,,,,,,,,,,,,,,,,,,,,,,,,,,,,,,,,,,,,,,,,,,,,,,,,,,,,,,,,,,,,,,,,,,,,,,,,,,,,,,,,,,,,,,,,,,,,,,,,,,,,,,,,,,,,,,,,,,,,,,,
NW.4438,5903139443890,,wall light,Svetilka MAKALU dekorativna,00001625,00001625,,kom,,PL,0,,2.56,,0,,0,mm,0,mm,0,mm,,,,,88.44,,,,22,0,,,,,,,,,,,,,,,,,,,,,,,,,,,,,,,,,,,,,,,,,,,,,,,,,,,,,,,,,,,,,,,,,,,,,,,,,,,,,,,,,,,,,,,,,,,,,,,,,,,,,,,,,,,,,,,,,,,,,,,,,,,,,,,,,,,,,,,,,,,,,,,,,,,,,,,,,,,,,,,,,,,,,,,,,,,,,,,,,,,,
NW.4440,5903139444095,svetila_si|svetila_si_en,INDUS wall light E27 IP44 anthracite/white,Svetilka zunanja INDUS IP44 siva,00001625,91086973,,kom,94051091,PL,0,,2.77,,0,,0,mm,0,mm,0,mm,Outdoor lighting > Stenska svetila > Surface mounted,Zunanja svetila > Stenska svetila > Nadgradne svetilke,,,,,,,22,0,,,,,//pim.nowodvorski.com/media/files/4440.jpg,,,,,,,,,,,,,,,,E27,0,,10W only LED,,,,,,,NW.4440,,,,,,,,,,,,,,,,INDUS,,,,,,,,,,,,,,,,,,,,,,,,,,,,,10,cm,,,,,,,,,,50/60,Hz,,,,,,,,,,,,,,,,,,,IP44,,,,,,,,,,,,,,,,,,,,,,,,,2,1,,9405199000,,28.5,,,cm,,,29,,,cm,,,10.74,dm³,13,,,cm,,,,,,,,,,,,,,,,,,~220-230,V,,,,,,,
NW.4441,5903139444194,,PEAK wall light LED 3W warm white IP54 anthracite,LED svetilka zunanja PEAK 3W toplo bela 62lm IP54 antracit,00001625,91086973,,kom,94051091,PL,0,,0.49,,0,,0,mm,0,mm,0,mm,,,,,,,,,22,0,,,,,,,,,,,,,,,,,,,,,,,,,,,,,,,,,,,,,,,,,,,,,,,,,,,,,,,,,,,,,,,,,,,,,,,,,,,,,,,,,,,,,,,,,,,,,,,,,,,,,,,,,,,,,,,,,,,,,,,,,,,,,,,,,,,,,,,,,,,,,,,,,,,,,,,,,,,,,,,,,,,,,,,,,,,,,,,,,,,,
NW.4442,5903139444293,,DRAS wall light LED 6W warm white IP54 anthracite,LED svetilka zunanja DRAS 6W toplo bela 122lm IP54 siva,00001625,91086973,,kom,94051091,PL,0,,0.6,,0,,0,mm,0,mm,0,mm,,,,,,,,,22,0,,,,,,,,,,,,,,,,,,,,,,,,,,,,,,,,,,,,,,,,,,,,,,,,,,,,,,,,,,,,,,,,,,,,,,,,,,,,,,,,,,,,,,,,,,,,,,,,,,,,,,,,,,,,,,,,,,,,,,,,,,,,,,,,,,,,,,,,,,,,,,,,,,,,,,,,,,,,,,,,,,,,,,,,,,,,,,,,,,,,
NW.4443,5903139444392,svetila_si|svetila_si_en,KHUMBU wall light G9 IP44 anthracite,Svetilka zunanja KHUMBU IP44 siva,00001625,91086973,,kom,94051091,PL,0,,1.13,,0,,0,mm,0,mm,0,mm,Outdoor lighting > Stenska svetila > Surface mounted,Zunanja svetila > Stenska svetila > Nadgradne svetilke,,,,,,,22,0,,,,,//pim.nowodvorski.com/media/files/4443.jpg,,,,,,,,,,,,,,,,G9,0,,10W only LED,,,,,,,NW.4443,,,,,,,,,,,,,,,,KHUMBU,,,,,,,,,,,,,,,,,,,,,,,,,,,,,11,cm,,,,,,,,,,50/60,Hz,,,,,,,,,,,,,,,,,,,IP44,,,,,,,,,,,,,,,,,,,,,,,,,1,1,,9405199000,,14.5,,,cm,,,12,,,cm,,,2.09,dm³,12,,,cm,,,,,,,,,,,,,,,,,,~220-230,V,,,,,,,
NW.4446,5903139444699,svetila_si|svetila_si_en,NORIN I floor light E27 IP44 anthracite/white,Svetilka zunanja NORIN I IP44 siva,00001625,91086973,,kom,94051091,PL,0,,1.68,,0,,0,mm,0,mm,0,mm,Outdoor lighting > Standing lamps,Zunanja svetila > Stoječa svetila,,,,,,,22,0,,,,,//pim.nowodvorski.com/media/files/4446.jpg,,,,,,,,,,,,,,,,E27,0,,10W only LED,,,,,,,NW.4446,,,,,,,,,,,,,,,,NORIN,,,,,,,,,,,,,,,,,,,,,,,,,,,,,,,,,,,,,,,,50/60,Hz,,,,,,,,,,,,,,,,,,,IP44,,,,,,,,,,,,,,,,,,,,,,,,,1,1,,9405299000,,65.5,,,cm,,,15,,,cm,,,15.72,dm³,16,,,cm,,,,,,,,,,,,,,,,,,~220-230,V,,,,,,,
NW.4448,5903139444897,svetila_si|svetila_si_en,LHOTSE I floor light LED 3W warm white IP54 anthracite,LED svetilka zunanja LHOTSE I 3W toplo bela 169lm IP54 antracit,00001625,91086973,,kom,94051091,PL,0,,1.66,,0,,0,mm,0,mm,0,mm,Outdoor lighting > Standing lamps,Zunanja svetila > Stoječa svetila,,,,,,,22,0,,,,,//pim.nowodvorski.com/media/files/4448.jpg,,,,,,,,,,,,,,,,LED integrated,1,,9W,,,,,,,NW.4448,,,70,°,,,,,,,,,,,,LHOTSE LED,3000K,,,,,,,,,,,,,≥ 80,,,,,,,,,,,,,,,,,,,,,,,,169,lm,50/60,Hz,,,,,,,,,,,,,,,,,,,IP54,,,,,,,,,,,,,,,10000h,,,,,,,,,,,1,,9405219000,,65.5,,,cm,,,24,,,cm,,,13.36,dm³,8.5,,,cm,,,>0.8,,,,,,,,,,,,,,,~220-230,V,,,,,,,
NW.4452,5903139445290,,wall light,"Svetilka dekorativna ""PERI""",00001625,00001625,,kom,,PL,0,,0.43,,0,,0,mm,0,mm,0,mm,,,,,50.33,,,,22,0,,,,,,,,,,,,,,,,,,,,,,,,,,,,,,,,,,,,,,,,,,,,,,,,,,,,,,,,,,,,,,,,,,,,,,,,,,,,,,,,,,,,,,,,,,,,,,,,,,,,,,,,,,,,,,,,,,,,,,,,,,,,,,,,,,,,,,,,,,,,,,,,,,,,,,,,,,,,,,,,,,,,,,,,,,,,,,,,,,,,
NW.4453,5903139445399,svetila_si|svetila_si_en,ASSAM wall light E27 IP67 anthracite/transparent,Svetilka zunanja vgradna ASSAM IP65 siva,00001625,91086973,,kom,94051091,PL,0,,0.59,,0,,0,mm,0,mm,0,mm,Outdoor lighting > Stenska svetila > Built-in lamps,Zunanja svetila > Stenska svetila > Vgradne svetilke,,,,,,,22,0,,,,,//pim.nowodvorski.com/media/files/4453.jpg,,,,,,,,,,,,,,,,E27,0,,10W only LED,,,,,,,NW.4453,,,,,,,,,,,,,,,,ASSAM,,,,,,,,,,,,,,,,,,,,,,,,,,,,,,,,,,,,,,,,50/60,Hz,,,,,,,,,,,,23/9.5,cm,,,,,,IP65,,,,,,,,,,,,,,,,,,,,,,,,,1,1,,9405199000,,24,,,cm,,,11,,,cm,,,2.6,dm³,10,,,cm,,,,,,,,,,,,,,,,,,~220-230,V,,,,,,,
NW.4454,5903139445498,svetila_si|svetila_si_en,MON floor light LED 1W warm white IP67 silver,LED svetilka zunanja vgradna MON 1W toplo bela 68lm IP67 srebrna,00001625,91086973,,kom,94051091,PL,0,,0.3,,0,,0,mm,0,mm,0,mm,Outdoor lighting > Overrun lamps,Zunanja svetila > Pohodne svetilke,,,,,,,22,0,,,,,//pim.nowodvorski.com/media/files/4454.jpg,,,,,,,,,,,,,,,,LED integrated,1,,2W,,,,,,,NW.4454,,,30,°,,,,,,,,,,,,MON LED,3000K,,,,,,,,,,,,,≥ 80,,,,,,,,,,,,,,,,,,,,,G,,,100,lm,50/60,Hz,,,,,,,,,,,,6.4,cm,,,,,,IP67,,,,,,,,,,,,,,,10000h,,,,,,,,,,,1,,9405219000,,12,,,cm,,,7,,,cm,,,0.59,dm³,7,,,cm,,,>0.5,,,,,,,,,,,,,,,~220-230,V,,,,,,,WATERPROOF CONNECTOR 8845
NW.4607,5903139460798,,KAREN pendant light E27 black,Svetilka viseča KAREN IP20 črna,00001625,91086973,,kom,94051091,PL,0,,1.64,,0,,0,mm,0,mm,0,mm,,,,,,,,,22,0,,,,,,,,,,,,,,,,,,,,,,,,,,,,,,,,,,,,,,,,,,,,,,,,,,,,,,,,,,,,,,,,,,,,,,,,,,,,,,,,,,,,,,,,,,,,,,,,,,,,,,,,,,,,,,,,,,,,,,,,,,,,,,,,,,,,,,,,,,,,,,,,,,,,,,,,,,,,,,,,,,,,,,,,,,,,,,,,,,,,
NW.4610,5903139461092,,CAMILLA pendant light E27 black,Svetilka viseča CAMILLA IP20 črna,00001625,91086973,,kom,94051091,PL,0,,1.18,,0,,0,mm,0,mm,0,mm,,,,,,,,,22,0,,,,,,,,,,,,,,,,,,,,,,,,,,,,,,,,,,,,,,,,,,,,,,,,,,,,,,,,,,,,,,,,,,,,,,,,,,,,,,,,,,,,,,,,,,,,,,,,,,,,,,,,,,,,,,,,,,,,,,,,,,,,,,,,,,,,,,,,,,,,,,,,,,,,,,,,,,,,,,,,,,,,,,,,,,,,,,,,,,,,
NW.4611,5903139461191,,CAMILLA pendant light E27 white,Svetilka viseča CAMILLA IP20 bela,00001625,91086973,,kom,94051091,PL,0,,1.18,,0,,0,mm,0,mm,0,mm,,,,,,,,,22,0,,,,,,,,,,,,,,,,,,,,,,,,,,,,,,,,,,,,,,,,,,,,,,,,,,,,,,,,,,,,,,,,,,,,,,,,,,,,,,,,,,,,,,,,,,,,,,,,,,,,,,,,,,,,,,,,,,,,,,,,,,,,,,,,,,,,,,,,,,,,,,,,,,,,,,,,,,,,,,,,,,,,,,,,,,,,,,,,,,,,
NW.4650,5903139465090,,,Svetilka stenska TESALLI I IP20 krom,00001625,91086973,,kom,94051091,PL,0,,0.5,,0,,0,mm,0,mm,0,mm,,,,,,,,,22,0,,,,,,,,,,,,,,,,,,,,,,,,,,,,,,,,,,,,,,,,,,,,,,,,,,,,,,,,,,,,,,,,,,,,,,,,,,,,,,,,,,,,,,,,,,,,,,,,,,,,,,,,,,,,,,,,,,,,,,,,,,,,,,,,,,,,,,,,,,,,,,,,,,,,,,,,,,,,,,,,,,,,,,,,,,,,,,,,,,,,
NW.4651,5903139465199,,TESALLI I ceiling light G9 chrome/transparent,Svetilka stropna TESALLI I IP20 krom,00001625,91086973,,kom,94051091,PL,0,,0.45,,0,,0,mm,0,mm,0,mm,,,,,,,,,22,0,,,,,,,,,,,,,,,,,,,,,,,,,,,,,,,,,,,,,,,,,,,,,,,,,,,,,,,,,,,,,,,,,,,,,,,,,,,,,,,,,,,,,,,,,,,,,,,,,,,,,,,,,,,,,,,,,,,,,,,,,,,,,,,,,,,,,,,,,,,,,,,,,,,,,,,,,,,,,,,,,,,,,,,,,,,,,,,,,,,,
NW.4652,5903139465298,,TESALLI III pendant light G9 chrome/transparent,Svetilka viseča TESALLI III IP20 krom,00001625,91086973,,kom,94051091,PL,0,,1.54,,0,,0,mm,0,mm,0,mm,,,,,,,,,22,0,,,,,,,,,,,,,,,,,,,,,,,,,,,,,,,,,,,,,,,,,,,,,,,,,,,,,,,,,,,,,,,,,,,,,,,,,,,,,,,,,,,,,,,,,,,,,,,,,,,,,,,,,,,,,,,,,,,,,,,,,,,,,,,,,,,,,,,,,,,,,,,,,,,,,,,,,,,,,,,,,,,,,,,,,,,,,,,,,,,,
NW.4653,5903139465397,,TESALLI VI pendant light G9 chrome/transparent,Svetilka viseča TESALLI VI IP20 krom,00001625,91086973,,kom,94051091,PL,0,,2.9,,0,,0,mm,0,mm,0,mm,,,,,,,,,22,0,,,,,,,,,,,,,,,,,,,,,,,,,,,,,,,,,,,,,,,,,,,,,,,,,,,,,,,,,,,,,,,,,,,,,,,,,,,,,,,,,,,,,,,,,,,,,,,,,,,,,,,,,,,,,,,,,,,,,,,,,,,,,,,,,,,,,,,,,,,,,,,,,,,,,,,,,,,,,,,,,,,,,,,,,,,,,,,,,,,,
NW.4684,5903139468497,,TYBR I pendant light E27 IP44 black-gold/white,Svetilka zunanja TYBR I IP44 bron,00001625,91086973,,kom,94051091,PL,0,,1.25,,0,,0,mm,0,mm,0,mm,,,,,,,,,22,0,,,,,,,,,,,,,,,,,,,,,,,,,,,,,,,,,,,,,,,,,,,,,,,,,,,,,,,,,,,,,,,,,,,,,,,,,,,,,,,,,,,,,,,,,,,,,,,,,,,,,,,,,,,,,,,,,,,,,,,,,,,,,,,,,,,,,,,,,,,,,,,,,,,,,,,,,,,,,,,,,,,,,,,,,,,,,,,,,,,,
NW.4685,5903139468596,,TYBR I floor light E27 IP44 black-gold/white,Svetilka zunanja TYBR I IP44 bron,00001625,91086973,,kom,94051091,PL,0,,1.79,,0,,0,mm,0,mm,0,mm,,,,,,,,,22,0,,,,,,,,,,,,,,,,,,,,,,,,,,,,,,,,,,,,,,,,,,,,,,,,,,,,,,,,,,,,,,,,,,,,,,,,,,,,,,,,,,,,,,,,,,,,,,,,,,,,,,,,,,,,,,,,,,,,,,,,,,,,,,,,,,,,,,,,,,,,,,,,,,,,,,,,,,,,,,,,,,,,,,,,,,,,,,,,,,,,
NW.4686,5903139468695,svetila_si|svetila_si_en,TYBR I wall light E27 IP44 black-gold/white,Svetilka zunanja TYBR I IP44 bron,00001625,91086973,,kom,94051091,PL,0,,1.63,,0,,0,mm,0,mm,0,mm,Outdoor lighting > Stenska svetila > Surface mounted,Zunanja svetila > Stenska svetila > Nadgradne svetilke,,,,,,,22,0,,,,,//pim.nowodvorski.com/media/files/4686.jpg,,,,,,,,,,,,,,,,E27,0,,25W only LED,,,,,,,NW.4686,,,,,,,,,,,,,,,,TYBR,,,,,,,,,,,,,,,,,,,,,,,,,,,,,28,cm,,,,,,,,,,50/60,Hz,,,,,,,,,,,,,,,,,,,IP44,,,,,,,,,,,,,,,,,,,,,,,,,1,1,,9405199000,,46.5,,,cm,,,28,,,cm,,,26.04,dm³,20,,,cm,,,,,,,,,,,,,,,,,,~220-230,V,,,,,,,
NW.4687,5903139468794,svetila_si|svetila_si_en,DON S wall light E27 IP44 bronze,Svetilka zunanja DON S IP44 rjava,00001625,91086973,,kom,94051091,PL,0,,1.19,,0,,0,mm,0,mm,0,mm,Outdoor lighting > Stenska svetila > Surface mounted,Zunanja svetila > Stenska svetila > Nadgradne svetilke,,,,,,,22,0,,,,,//pim.nowodvorski.com/media/files/4687.jpg,,,,,,,,,,,,,,,,E27,0,,25W only LED,,,,,,,NW.4687,,,,,,,,,,,,,,,,DON,,,,,,,,,,,,,,,,,,,,,,,,,,,,,11,cm,,,,,,,,,,50/60,Hz,,,,,,,,,,,,,,,,,,,IP44,,,,,,,,,,,,,,,,,,,,,,,,,1,1,,9405199000,,29,,,cm,,,21.5,,,cm,,,7.48,dm³,12,,,cm,,,,,,,,,,,,,,,,,,~220-230,V,,,,,,,
NW.4691,5903139469197,,wall light,Svetilka JAWA dekorativna,00001625,00001625,,kom,,PL,0,,0.55,,0,,0,mm,0,mm,0,mm,,,,,26.33,,,,22,0,,,,,,,,,,,,,,,,,,,,,,,,,,,,,,,,,,,,,,,,,,,,,,,,,,,,,,,,,,,,,,,,,,,,,,,,,,,,,,,,,,,,,,,,,,,,,,,,,,,,,,,,,,,,,,,,,,,,,,,,,,,,,,,,,,,,,,,,,,,,,,,,,,,,,,,,,,,,,,,,,,,,,,,,,,,,,,,,,,,,
NW.4692,5903139469296,svetila_si|svetila_si_en,AMUR I wall light E27 bronze/transparent,Svetilka zunanja AMUR I IP23 bron,00001625,91086973,,kom,94051091,PL,0,,1.49,,0,,0,mm,0,mm,0,mm,Outdoor lighting > Stenska svetila > Surface mounted,Zunanja svetila > Stenska svetila > Nadgradne svetilke,,,,,,,22,0,,,,,//pim.nowodvorski.com/media/files/4692.jpg,,,,,,,,,,,,,,,,E27,0,,25W only LED,,,,,,,NW.4692,,,,,,,,,,,,,,,,AMUR,,,,,,,,,,,,,,,,,,,,,,,,,,,,,28,cm,,,,,,,,,,50/60,Hz,,,,,,,,,,,,,,,,,,,IP23,,,,,,,,,,,,,,,,,,,,,,,,,1,1,,9405199000,,39,,,cm,,,26.5,,,cm,,,23.25,dm³,22.5,,,cm,,,,,,,,,,,,,,,,,,~220-230,V,,,,,,,
NW.4693,5903139469395,,AMUR I pendant light E27 bronze/transparent,Svetilka zunanja AMUR I IP23 bron,00001625,91086973,,kom,94051091,PL,0,,1.34,,0,,0,mm,0,mm,0,mm,,,,,,,,,22,0,,,,,,,,,,,,,,,,,,,,,,,,,,,,,,,,,,,,,,,,,,,,,,,,,,,,,,,,,,,,,,,,,,,,,,,,,,,,,,,,,,,,,,,,,,,,,,,,,,,,,,,,,,,,,,,,,,,,,,,,,,,,,,,,,,,,,,,,,,,,,,,,,,,,,,,,,,,,,,,,,,,,,,,,,,,,,,,,,,,,
NW.4694,5903139469494,svetila_si|svetila_si_en,AMUR I floor light E27 IP44 bronze/transparent,Svetilka zunanja AMUR I IP44 bron,00001625,91086973,,kom,94051091,PL,0,,1.95,,0,,0,mm,0,mm,0,mm,Outdoor lighting > Standing lamps,Zunanja svetila > Stoječa svetila,,,,,,,22,0,,,,,//pim.nowodvorski.com/media/files/4694.jpg,,,,,,,,,,,,,,,,E27,0,,25W only LED,,,,,,,NW.4694,,,,,,,,,,,,,,,,AMUR,,,,,,,,,,,,,,,,,,,,,,,,,,,,,,,,,,,,,,,,50/60,Hz,,,,,,,,,,,,,,,,,,,IP44,,,,,,,,,,,,,,,,,,,,,,,,,1,1,,9405199000,,64,,,cm,,,33.5,,,cm,,,47.17,dm³,22,,,cm,,,,,,,,,,,,,,,,,,~220-230,V,,,,,,,
NW.4698,5903139469890,svetila_si|svetila_si_en,MEKONG I floor light E27 IP44 black,Svetilka zunanja MEKONG I IP42 siva,00001625,91086973,,kom,94051091,PL,0,,1.84,,0,,0,mm,0,mm,0,mm,Outdoor lighting > Standing lamps,Zunanja svetila > Stoječa svetila,,,,,,,22,0,,,,,//pim.nowodvorski.com/media/files/4698.jpg,,,,,,,,,,,,,,,,E27,0,,10W only LED,,,,,,,NW.4698,,,,,,,,,,,,,,,,MEKONG,,,,,,,,,,,,,,,,,,,,,,,,,,,,,,,,,,,,,,,,50/60,Hz,,,,,,,,,,,,,,,,,,,IP42,,,,,,,,,,,,,,,,,,,,,,,,,1,1,,9405299000,,101,,,cm,,,14,,,cm,,,21.34,dm³,14,,,cm,,,,,,,,,,,,,,,,,,~220-230,V,,,,,,,
NW.4730,5903139473095,,HOTEL I A wall light E27 ecru/chrome,Svetilka stenska HOTEL I A IP20 bež,00001625,91086973,,kom,94051091,PL,0,,0.5,,0,,0,mm,0,mm,0,mm,,,,,,,,,22,0,,,,,,,,,,,,,,,,,,,,,,,,,,,,,,,,,,,,,,,,,,,,,,,,,,,,,,,,,,,,,,,,,,,,,,,,,,,,,,,,,,,,,,,,,,,,,,,,,,,,,,,,,,,,,,,,,,,,,,,,,,,,,,,,,,,,,,,,,,,,,,,,,,,,,,,,,,,,,,,,,,,,,,,,,,,,,,,,,,,,
NW.4731,5903139473194,,HOTEL II wall light E27 ecru/chrome,Svetilka stenska HOTEL II IP20 bež,00001625,91086973,,kom,94051091,PL,0,,0.7,,0,,0,mm,0,mm,0,mm,,,,,,,,,22,0,,,,,,,,,,,,,,,,,,,,,,,,,,,,,,,,,,,,,,,,,,,,,,,,,,,,,,,,,,,,,,,,,,,,,,,,,,,,,,,,,,,,,,,,,,,,,,,,,,,,,,,,,,,,,,,,,,,,,,,,,,,,,,,,,,,,,,,,,,,,,,,,,,,,,,,,,,,,,,,,,,,,,,,,,,,,,,,,,,,,
NW.4838,5903139483896,,HEMISPHERE S pendant light E27 black/white,Svetilka viseča HEMISPHERE S IP20 črna,00001625,91086973,,kom,94051091,PL,0,,0.93,,0,,0,mm,0,mm,0,mm,,,,,,,,,22,0,,,,,,,,,,,,,,,,,,,,,,,,,,,,,,,,,,,,,,,,,,,,,,,,,,,,,,,,,,,,,,,,,,,,,,,,,,,,,,,,,,,,,,,,,,,,,,,,,,,,,,,,,,,,,,,,,,,,,,,,,,,,,,,,,,,,,,,,,,,,,,,,,,,,,,,,,,,,,,,,,,,,,,,,,,,,,,,,,,,,
NW.4840,5903139484091,,HEMISPHERE S pendant light E27 black/brass,Svetilka viseča HEMISPHERE S IP20 črna,00001625,91086973,,kom,94051091,PL,0,,0.93,,0,,0,mm,0,mm,0,mm,,,,,,,,,22,0,,,,,,,,,,,,,,,,,,,,,,,,,,,,,,,,,,,,,,,,,,,,,,,,,,,,,,,,,,,,,,,,,,,,,,,,,,,,,,,,,,,,,,,,,,,,,,,,,,,,,,,,,,,,,,,,,,,,,,,,,,,,,,,,,,,,,,,,,,,,,,,,,,,,,,,,,,,,,,,,,,,,,,,,,,,,,,,,,,,,
NW.4841,5903139484190,,HEMISPHERE S pendant light E27 white/transparent,Svetilka viseča HEMISPHERE S IP20 bela,00001625,91086973,,kom,94051091,PL,0,,0.94,,0,,0,mm,0,mm,0,mm,,,,,,,,,22,0,,,,,,,,,,,,,,,,,,,,,,,,,,,,,,,,,,,,,,,,,,,,,,,,,,,,,,,,,,,,,,,,,,,,,,,,,,,,,,,,,,,,,,,,,,,,,,,,,,,,,,,,,,,,,,,,,,,,,,,,,,,,,,,,,,,,,,,,,,,,,,,,,,,,,,,,,,,,,,,,,,,,,,,,,,,,,,,,,,,,
NW.4842,5903139484299,,HEMISPHERE L pendant light E27 white/brass,Svetilka viseča HEMISPHERE L IP20 bela,00001625,91086973,,kom,94051091,PL,0,,2.7,,0,,0,mm,0,mm,0,mm,,,,,,,,,22,0,,,,,,,,,,,,,,,,,,,,,,,,,,,,,,,,,,,,,,,,,,,,,,,,,,,,,,,,,,,,,,,,,,,,,,,,,,,,,,,,,,,,,,,,,,,,,,,,,,,,,,,,,,,,,,,,,,,,,,,,,,,,,,,,,,,,,,,,,,,,,,,,,,,,,,,,,,,,,,,,,,,,,,,,,,,,,,,,,,,,
NW.4843,5903139484398,,HEMISPHERE L pendant light E27 black/white,Svetilka viseča HEMISPHERE L IP20 črna,00001625,91086973,,kom,94051091,PL,0,,2.8,,0,,0,mm,0,mm,0,mm,,,,,,,,,22,0,,,,,,,,,,,,,,,,,,,,,,,,,,,,,,,,,,,,,,,,,,,,,,,,,,,,,,,,,,,,,,,,,,,,,,,,,,,,,,,,,,,,,,,,,,,,,,,,,,,,,,,,,,,,,,,,,,,,,,,,,,,,,,,,,,,,,,,,,,,,,,,,,,,,,,,,,,,,,,,,,,,,,,,,,,,,,,,,,,,,
NW.4844,5903139484497,,HEMISPHERE L pendant light E27 black/brass,Svetilka viseča HEMISPHERE L IP20 črna,00001625,91086973,,kom,94051091,PL,0,,2.8,,0,,0,mm,0,mm,0,mm,,,,,,,,,22,0,,,,,,,,,,,,,,,,,,,,,,,,,,,,,,,,,,,,,,,,,,,,,,,,,,,,,,,,,,,,,,,,,,,,,,,,,,,,,,,,,,,,,,,,,,,,,,,,,,,,,,,,,,,,,,,,,,,,,,,,,,,,,,,,,,,,,,,,,,,,,,,,,,,,,,,,,,,,,,,,,,,,,,,,,,,,,,,,,,,,
NW.4856,5903139485692,,HEMISPHERE L pendant light E27 white/transparent,Svetilka viseča HEMISPHERE L IP20 bela,00001625,91086973,,kom,94051091,PL,0,,2.85,,0,,0,mm,0,mm,0,mm,,,,,,,,,22,0,,,,,,,,,,,,,,,,,,,,,,,,,,,,,,,,,,,,,,,,,,,,,,,,,,,,,,,,,,,,,,,,,,,,,,,,,,,,,,,,,,,,,,,,,,,,,,,,,,,,,,,,,,,,,,,,,,,,,,,,,,,,,,,,,,,,,,,,,,,,,,,,,,,,,,,,,,,,,,,,,,,,,,,,,,,,,,,,,,,,
NW.4893,5903139489393,,HEMISPHERE S pendant light E27 white/brass,Svetilka viseča HEMISPHERE S IP20 bela,00001625,91086973,,kom,94051091,PL,0,,0.97,,0,,0,mm,0,mm,0,mm,,,,,,,,,22,0,,,,,,,,,,,,,,,,,,,,,,,,,,,,,,,,,,,,,,,,,,,,,,,,,,,,,,,,,,,,,,,,,,,,,,,,,,,,,,,,,,,,,,,,,,,,,,,,,,,,,,,,,,,,,,,,,,,,,,,,,,,,,,,,,,,,,,,,,,,,,,,,,,,,,,,,,,,,,,,,,,,,,,,,,,,,,,,,,,,,
NW.4906,5903139490696,svetila_si|svetila_si_en,HORN I floor light E27 IP44 brown,Svetilka zunanja HORN I IP44 rjava,00001625,91086973,,kom,94051091,PL,0,,1.68,,0,,0,mm,0,mm,0,mm,Outdoor lighting > Standing lamps,Zunanja svetila > Stoječa svetila,,,84.2,,,,22,0,,,,,//pim.nowodvorski.com/media/files/4906.jpg,,,,,,,,,,,,,,,,E27,0,,10W only LED,,,,,,,NW.4906,,,,,,,,,,,,,,,,HORN,,"Due to the small diameter of the lampshade in the fixture, we recommend using E27 light sources with a diameter not exceeding 50 mm.",,,,,,,,,,,,,,,,,,,,,,,,,,,,,,,,,,,,,,50/60,Hz,,,,,,,,,,,,,,,,,,,IP44,,,,,,,,,,,,,,,,,,,,,,,,,1,1,,9405299000,,65.5,,,cm,,,15,,,cm,,,14.74,dm³,15,,,cm,,,,,,,,,,,,,,,,,,~220-230,V,,,,,,,
NW.4907,5903139490795,svetila_si|svetila_si_en,INA wall light E27 IP67 anthracite/transparent,Svetilka zunanja vgradna INA IP65 siva,00001625,91086973,,kom,94051091,PL,0,,0.6,,0,,0,mm,0,mm,0,mm,Outdoor lighting > Stenska svetila > Built-in lamps,Zunanja svetila > Stenska svetila > Vgradne svetilke,,,,,,,22,0,,,,,//pim.nowodvorski.com/media/files/4907.jpg,,,,,,,,,,,,,,,,E27,0,,10W only LED,,,,,,,NW.4907,,,,,,,,,,,,,,,,INA,,,,,,,,,,,,,,,,,,,,,,,,,,,,,,,,,,,,,,,,50/60,Hz,,,,,,,,,,,,,,,,,,,IP65,,,,,,,,,,,,,,,,,,,,,,,,,1,1,,9405199000,,24,,,cm,,,10.5,,,cm,,,2.39,dm³,9.5,,,cm,,,,,,,,,,,,,,,,,,~220-230,V,,,,,,,
NW.4917,5903139491792,,COSMO S floor light E27 chrome/black,Svetilka stoječa COSMO S IP20 krom,00001625,91086973,,kom,94051091,PL,0,,16.38,,0,,0,mm,0,mm,0,mm,,,,,,,,,22,0,,,,,,,,,,,,,,,,,,,,,,,,,,,,,,,,,,,,,,,,,,,,,,,,,,,,,,,,,,,,,,,,,,,,,,,,,,,,,,,,,,,,,,,,,,,,,,,,,,,,,,,,,,,,,,,,,,,,,,,,,,,,,,,,,,,,,,,,,,,,,,,,,,,,,,,,,,,,,,,,,,,,,,,,,,,,,,,,,,,,
NW.4961,5903139496193,svetila_si|svetila_si_en,ALICE I L pendant light E27 black/black,Svetilka viseča ALICE I L IP20 zlata,00001625,91086973,,kom,94051091,PL,0,,0.8,,0,,0,mm,0,mm,0,mm,Interior lighting > Suspended lamps,Notranja svetila > Viseča svetila,,,,,,,22,0,,,,,//pim.nowodvorski.com/media/files/4961.jpg,,,,,,,,,,,,,,,,E27,0,,25W only LED,,,,,,,NW.4961,,,,,,3,cm,10.5,cm,,,,,,,ALICE,,,,,,,,,,,,,,,,,,,,,,,,,,,,,,,,,,,,,T013,,,50/60,Hz,,,Possible by a qualified electrician,,,,,30,cm,,,,,,,,,,IP20,,,,,,,,,,,,,,,,,,,,,,,,,1,1,,9405199000,,33,,,cm,,,50,,,cm,,,82.5,dm³,50,,,cm,,,,,,,,,,,,,,,,,,~220-230,V,,,46,cm,,,
NW.4962,5903139496292,,ALICE II M pendant light E27 black/black,Svetilka viseča ALICE II M IP20 zlata,00001625,91086973,,kom,94051091,PL,0,,1.7,,0,,0,mm,0,mm,0,mm,,,,,,,,,22,0,,,,,,,,,,,,,,,,,,,,,,,,,,,,,,,,,,,,,,,,,,,,,,,,,,,,,,,,,,,,,,,,,,,,,,,,,,,,,,,,,,,,,,,,,,,,,,,,,,,,,,,,,,,,,,,,,,,,,,,,,,,,,,,,,,,,,,,,,,,,,,,,,,,,,,,,,,,,,,,,,,,,,,,,,,,,,,,,,,,,
NW.4963,5903139496391,svetila_si|svetila_si_en,ALICE I L floor light E27 black/gold,Svetilka stoječa ALICE I L IP20 zlata,00001625,91086973,,kom,94051091,PL,0,,12.31,,0,,0,mm,0,mm,0,mm,Interior lighting > Floor lamps,Notranja svetila > Talna svetila,,,,,,,22,0,,,,,//pim.nowodvorski.com/media/files/4963.jpg,,,,,,,,,,,,,,,,E27,0,,25W only LED,,,,,,,NW.4963,,,,,,,,,,,,,,,,ALICE,,,,,,,T013,,,,,,,,,,,,,,,,,,,,,,,,,,,,,,,,,50/60,Hz,,,,,,,,30,cm,,,,,,,,,,IP20,,,,,,,,,,,,,,,,,,,,,,,,,1,3,,9405299000,,9,147,33,cm,cm,cm,65,47,51,cm,cm,cm,29.25,dm³,50,6.5,51,cm,cm,cm,,,,,,,,,,,,,,,,~220-230,V,65,cm,46,cm,,,
NW.4966,5903139496698,,BASALT I wall light E14 IP44 silver/transparent,Svetilka zunanja vgradna BASALT I IP44 srebrna,00001625,91086973,,kom,94051091,PL,0,,0.61,,0,,0,mm,0,mm,0,mm,,,,,,,,,22,0,,,,,,,,,,,,,,,,,,,,,,,,,,,,,,,,,,,,,,,,,,,,,,,,,,,,,,,,,,,,,,,,,,,,,,,,,,,,,,,,,,,,,,,,,,,,,,,,,,,,,,,,,,,,,,,,,,,,,,,,,,,,,,,,,,,,,,,,,,,,,,,,,,,,,,,,,,,,,,,,,,,,,,,,,,,,,,,,,,,,
NW.4981,5903139498197,,TWIST II wall light E14 white/gold,Svetilka stenska TWIST II IP20 bela,00001625,91086973,,kom,94051091,PL,0,,0.91,,0,,0,mm,0,mm,0,mm,,,,,,,,,22,0,,,,,,,,,,,,,,,,,,,,,,,,,,,,,,,,,,,,,,,,,,,,,,,,,,,,,,,,,,,,,,,,,,,,,,,,,,,,,,,,,,,,,,,,,,,,,,,,,,,,,,,,,,,,,,,,,,,,,,,,,,,,,,,,,,,,,,,,,,,,,,,,,,,,,,,,,,,,,,,,,,,,,,,,,,,,,,,,,,,,
NW.4983,5903139498395,,TWIST III pendant light E14 white/gold,Svetilka viseča TWIST III IP20 bela,00001625,91086973,,kom,94051091,PL,0,,2.2,,0,,0,mm,0,mm,0,mm,,,,,,,,,22,0,,,,,,,,,,,,,,,,,,,,,,,,,,,,,,,,,,,,,,,,,,,,,,,,,,,,,,,,,,,,,,,,,,,,,,,,,,,,,,,,,,,,,,,,,,,,,,,,,,,,,,,,,,,,,,,,,,,,,,,,,,,,,,,,,,,,,,,,,,,,,,,,,,,,,,,,,,,,,,,,,,,,,,,,,,,,,,,,,,,,
NW.4984,5903139498494,,TWIST V pendant light E14 white/gold,Svetilka viseča TWIST V IP20 bela,00001625,91086973,,kom,94051091,PL,0,,2.86,,0,,0,mm,0,mm,0,mm,,,,,,,,,22,0,,,,,,,,,,,,,,,,,,,,,,,,,,,,,,,,,,,,,,,,,,,,,,,,,,,,,,,,,,,,,,,,,,,,,,,,,,,,,,,,,,,,,,,,,,,,,,,,,,,,,,,,,,,,,,,,,,,,,,,,,,,,,,,,,,,,,,,,,,,,,,,,,,,,,,,,,,,,,,,,,,,,,,,,,,,,,,,,,,,,
NW.4985,5903139498593,,TWIST X pendant light E14 white/gold,Svetilka viseča TWIST X IP20 bela,00001625,91086973,,kom,94051091,PL,0,,5.5,,0,,0,mm,0,mm,0,mm,,,,,,,,,22,0,,,,,,,,,,,,,,,,,,,,,,,,,,,,,,,,,,,,,,,,,,,,,,,,,,,,,,,,,,,,,,,,,,,,,,,,,,,,,,,,,,,,,,,,,,,,,,,,,,,,,,,,,,,,,,,,,,,,,,,,,,,,,,,,,,,,,,,,,,,,,,,,,,,,,,,,,,,,,,,,,,,,,,,,,,,,,,,,,,,,
NW.5067,5903139506793,svetila_si|svetila_si_en,HIGH-BAY I pendant light E27 black/white,Svetilka viseča HIGH-BAY I IP20 črna,00001625,91086973,,kom,94051091,PL,0,,1.89,,0,,0,mm,0,mm,0,mm,Interior lighting > Suspended lamps,Notranja svetila > Viseča svetila,,,,,,,22,0,,,,,//pim.nowodvorski.com/media/files/5067.jpg,,,,,,,,,,,,,,,,E27,0,,25W only LED,,,,,,,NW.5067,,,,,,5,cm,9,cm,,,,,,,HIGH-BAY,,,,,,,,,,,,,,,,,,,,,,,,,,,,,,,,,,,,,,,,50/60,Hz,,,Possible by a qualified electrician,,,,,50,cm,,,,,,,,,,IP20,,,,,,,,,,,,,,,,,,,,,,,,,1,1,,9405199000,,25,,,cm,,,36,,,cm,,,32.4,dm³,36,,,cm,,,,,,,,,,,,,,,,,,~220-230,V,,,36.5,cm,,,
NW.5125,5903139512596,,AVEIRO I L floor light E27 white,Svetilka stoječa AVEIRO L I IP20 bela,00001625,91086973,,kom,94051091,PL,0,,1.95,,0,,0,mm,0,mm,0,mm,,,,,,,,,22,0,,,,,,,,,,,,,,,,,,,,,,,,,,,,,,,,,,,,,,,,,,,,,,,,,,,,,,,,,,,,,,,,,,,,,,,,,,,,,,,,,,,,,,,,,,,,,,,,,,,,,,,,,,,,,,,,,,,,,,,,,,,,,,,,,,,,,,,,,,,,,,,,,,,,,,,,,,,,,,,,,,,,,,,,,,,,,,,,,,,,
NW.5126,5903139512695,svetila_si|svetila_si_en,AVEIRO I L floor light E27 black,Svetilka stoječa AVEIRO L I IP20 črna,00001625,91086973,,kom,94051091,PL,0,,1.95,,0,,0,mm,0,mm,0,mm,Interior lighting > Table lamps,Notranja svetila > Namizna svetila,,,,,,,22,0,,,,,//pim.nowodvorski.com/media/files/5126.jpg,,,,,,,,,,,,,,,,E27,0,,25W only LED,,,,,,,NW.5126,,,,,,,,,,,,,,,,AVEIRO,,,,,,,T012,,,,,,,,,,,,,,,,,,,,,,,,,,,,,,,,,50/60,Hz,,,,,,,,,,,,,,,,,,,IP20,,,,,,,,,,,,,,,,,,,,,,,,0,1,1,,9405299000,,81,,,cm,,,23,,,cm,,,42.85,dm³,23,,,cm,,,,,,,,,,,,,,,,,,~220-230,V,,,,,,,
NW.5162,5903139516297,,floor light,LED svetilka stoječa KIBO dekorativna  1W,00001625,00001625,,kom,94051091,PL,0,,1.05,,0,,0,mm,0,mm,0,mm,,,,,118,,,,22,0,,,,,,,,,,,,,,,,,,,,,,,,,,,,,,,,,,,,,,,,,,,,,,,,,,,,,,,,,,,,,,,,,,,,,,,,,,,,,,,,,,,,,,,,,,,,,,,,,,,,,,,,,,,,,,,,,,,,,,,,,,,,,,,,,,,,,,,,,,,,,,,,,,,,,,,,,,,,,,,,,,,,,,,,,,,,,,,,,,,,
NW.5208,5903139520898,,KATERINA I pendant light E27 white/transparent,Svetilka viseča KATERINA I IP20 bela,00001625,91086973,,kom,94051091,PL,0,,0.78,,0,,0,mm,0,mm,0,mm,,,,,,,,,22,0,,,,,,,,,,,,,,,,,,,,,,,,,,,,,,,,,,,,,,,,,,,,,,,,,,,,,,,,,,,,,,,,,,,,,,,,,,,,,,,,,,,,,,,,,,,,,,,,,,,,,,,,,,,,,,,,,,,,,,,,,,,,,,,,,,,,,,,,,,,,,,,,,,,,,,,,,,,,,,,,,,,,,,,,,,,,,,,,,,,,
NW.5210,5903139521093,,KATERINA I pendant light E27 transparent,Svetilka viseča KATERINA I IP20 prozorna,00001625,91086973,,kom,94051091,PL,0,,0.83,,0,,0,mm,0,mm,0,mm,,,,,,,,,22,0,,,,,,,,,,,,,,,,,,,,,,,,,,,,,,,,,,,,,,,,,,,,,,,,,,,,,,,,,,,,,,,,,,,,,,,,,,,,,,,,,,,,,,,,,,,,,,,,,,,,,,,,,,,,,,,,,,,,,,,,,,,,,,,,,,,,,,,,,,,,,,,,,,,,,,,,,,,,,,,,,,,,,,,,,,,,,,,,,,,,
NW.5211,5903139521192,,KATERINA I pendant light E27 black/transparent,Svetilka viseča KATERINA I IP20 črna,00001625,91086973,,kom,94051091,PL,0,,0.76,,0,,0,mm,0,mm,0,mm,,,,,,,,,22,0,,,,,,,,,,,,,,,,,,,,,,,,,,,,,,,,,,,,,,,,,,,,,,,,,,,,,,,,,,,,,,,,,,,,,,,,,,,,,,,,,,,,,,,,,,,,,,,,,,,,,,,,,,,,,,,,,,,,,,,,,,,,,,,,,,,,,,,,,,,,,,,,,,,,,,,,,,,,,,,,,,,,,,,,,,,,,,,,,,,,
NW.5255,5903139525596,svetila_si|svetila_si_en,EYE S ceiling light GU10 white,Svetilka stropna EYE S IP20 bela,00001625,91086973,,kom,94051091,PL,0,,0.23,,0,,0,mm,0,mm,0,mm,Interior lighting > Downlights > Surfaced mounted,Notranja svetila > Downlights > Nadgradne svetilke,,,10.81,,,,22,0,,,,,//pim.nowodvorski.com/media/files/5255.jpg,,,,,,,,,,,,,,,,GU10 R50,0,,10W only LED,,,,,,,NW.5255,,,,,,,,,,,,,,,,EYE,,,,,,,,,,,,,,,,,,,,,,,,,,,,,,,,,,,,,,,,50/60,Hz,,,,,,,,,,,,,,,,,,,IP20,,,,,,,,,,,,,,,,,,,,,,,,0,1,1,,9405199000,,10,,,cm,,,6,,,cm,,,0.36,dm³,6,,,cm,,,,,,,,,,,,,,,,,,~220-230,V,,,,,,,
NW.5256,5903139525695,,EYE S ceiling light GU10 anthracite,Svetilka stropna EYE S IP20 antracit,00001625,91086973,,kom,94051091,PL,0,,0.23,,0,,0,mm,0,mm,0,mm,,,,,10.81,,,,22,0,,,,,,,,,,,,,,,,,,,,,,,,,,,,,,,,,,,,,,,,,,,,,,,,,,,,,,,,,,,,,,,,,,,,,,,,,,,,,,,,,,,,,,,,,,,,,,,,,,,,,,,,,,,,,,,,,,,,,,,,,,,,,,,,,,,,,,,,,,,,,,,,,,,,,,,,,,,,,,,,,,,,,,,,,,,,,,,,,,,,
NW.5257,5903139525794,,EYE S ceiling light GU10 silver,Svetilka stropna EYE S IP20 srebrna,00001625,91086973,,kom,94051091,PL,0,,0.23,,0,,0,mm,0,mm,0,mm,,,,,10.81,,,,22,0,,,,,,,,,,,,,,,,,,,,,,,,,,,,,,,,,,,,,,,,,,,,,,,,,,,,,,,,,,,,,,,,,,,,,,,,,,,,,,,,,,,,,,,,,,,,,,,,,,,,,,,,,,,,,,,,,,,,,,,,,,,,,,,,,,,,,,,,,,,,,,,,,,,,,,,,,,,,,,,,,,,,,,,,,,,,,,,,,,,,
NW.5266,5903139526692,,CUBE wall light G9 white,Svetilka stenska CUBE IP20 bela,00001625,91086973,,kom,94051091,PL,0,,0.34,,0,,0,mm,0,mm,0,mm,,,,,,,,,22,0,,,,,,,,,,,,,,,,,,,,,,,,,,,,,,,,,,,,,,,,,,,,,,,,,,,,,,,,,,,,,,,,,,,,,,,,,,,,,,,,,,,,,,,,,,,,,,,,,,,,,,,,,,,,,,,,,,,,,,,,,,,,,,,,,,,,,,,,,,,,,,,,,,,,,,,,,,,,,,,,,,,,,,,,,,,,,,,,,,,,
NW.5267,5903139526791,svetila_si|svetila_si_en,CUBE wall light G9 silver/white,Svetilka stenska CUBE IP20 srebrna,00001625,91086973,,kom,94051091,PL,0,,0.34,,0,,0,mm,0,mm,0,mm,Interior lighting > Wall lamps > Sconces,Notranja svetila > Stenska svetila > Svečniki,,,,,,,22,0,,,,,//pim.nowodvorski.com/media/files/5267.jpg,,,,,,,,,,,,,,,,G9,0,,10W only LED,,,,,,,NW.5267,,,,,,,,,,,,,,,,CUBE,,,,,,,,,,,,,,,,,,,,,,,,,,,,,9.5,cm,,,,,,,,,,50/60,Hz,,,,,,,,,,,,,,,,,,,IP20,,,,,,,,,,,,,,,,,,,,,,,,0,1,1,,9405199000,,10,,,cm,,,10,,,cm,,,1,dm³,10,,,cm,,,,,,,,,,,,,,,,,,~220-230,V,,,,,,,
NW.5272,5903139527293,,CUBE wall light G9 anthracite/white,Svetilka stenska CUBE IP20 antracit,00001625,91086973,,kom,94051091,PL,0,,0.34,,0,,0,mm,0,mm,0,mm,,,,,24.58,,,,22,0,,,,,,,,,,,,,,,,,,,,,,,,,,,,,,,,,,,,,,,,,,,,,,,,,,,,,,,,,,,,,,,,,,,,,,,,,,,,,,,,,,,,,,,,,,,,,,,,,,,,,,,,,,,,,,,,,,,,,,,,,,,,,,,,,,,,,,,,,,,,,,,,,,,,,,,,,,,,,,,,,,,,,,,,,,,,,,,,,,,,
NW.5290,5903139529099,,SPEY I wall light E27 black,Svetilka zunanja SPEY I IP23 črna,00001625,91086973,,kom,94051091,PL,0,,0.61,,0,,0,mm,0,mm,0,mm,,,,,,,,,22,0,,,,,,,,,,,,,,,,,,,,,,,,,,,,,,,,,,,,,,,,,,,,,,,,,,,,,,,,,,,,,,,,,,,,,,,,,,,,,,,,,,,,,,,,,,,,,,,,,,,,,,,,,,,,,,,,,,,,,,,,,,,,,,,,,,,,,,,,,,,,,,,,,,,,,,,,,,,,,,,,,,,,,,,,,,,,,,,,,,,,
NW.5291,5903139529198,,SPEY I pendant light E27 black,Svetilka zunanja SPEY I IP23 črna,00001625,91086973,,kom,94051091,PL,0,,0.675,,0,,0,mm,0,mm,0,mm,,,,,17.05,,,,22,0,,,,,,,,,,,,,,,,,,,,,,,,,,,,,,,,,,,,,,,,,,,,,,,,,,,,,,,,,,,,,,,,,,,,,,,,,,,,,,,,,,,,,,,,,,,,,,,,,,,,,,,,,,,,,,,,,,,,,,,,,,,,,,,,,,,,,,,,,,,,,,,,,,,,,,,,,,,,,,,,,,,,,,,,,,,,,,,,,,,,
NW.5292,5903139529297,svetila_si|svetila_si_en,TAY I wall light E27 black,Svetilka zunanja TAY I IP23 črna,00001625,91086973,,kom,94051091,PL,0,,1.58,,0,,0,mm,0,mm,0,mm,Outdoor lighting > Stenska svetila > Surface mounted,Zunanja svetila > Stenska svetila > Nadgradne svetilke,,,,,,,22,0,,,,,//pim.nowodvorski.com/media/files/5292.jpg,,,,,,,,,,,,,,,,E27,0,,25W only LED,,,,,,,NW.5292,,,,,,,,,,,,,,,,TAY,,,,,,,,,,,,,,,,,,,,,,,,,,,,,25,cm,,,,,,,,,,50/60,Hz,,,,,,,,,,,,,,,,,,,IP23,,,,,,,,,,,,,,,,,,,,,,,,,1,1,,9405199000,,20,,,cm,,,25,,,cm,,,18.25,dm³,36.5,,,cm,,,,,,,,,,,,,,,,,,~220-230,V,,,,,,,
NW.5293,5903139529396,,TAY I pendant light E27 black,Svetilka zunanja TAY I IP23 črna,00001625,91086973,,kom,94051091,PL,0,,1.36,,0,,0,mm,0,mm,0,mm,,,,,,,,,22,0,,,,,,,,,,,,,,,,,,,,,,,,,,,,,,,,,,,,,,,,,,,,,,,,,,,,,,,,,,,,,,,,,,,,,,,,,,,,,,,,,,,,,,,,,,,,,,,,,,,,,,,,,,,,,,,,,,,,,,,,,,,,,,,,,,,,,,,,,,,,,,,,,,,,,,,,,,,,,,,,,,,,,,,,,,,,,,,,,,,,
NW.5294,5903139529495,svetila_si|svetila_si_en,TAY I floor light E27 black,Svetilka zunanja TAY I IP23 črna,00001625,91086973,,kom,94051091,PL,0,,1.93,,0,,0,mm,0,mm,0,mm,Outdoor lighting > Standing lamps,Zunanja svetila > Stoječa svetila,,,,,,,22,0,,,,,//pim.nowodvorski.com/media/files/5294.jpg,,,,,,,,,,,,,,,,E27,0,,25W only LED,,,,,,,NW.5294,,,,,,,,,,,,,,,,TAY,,,,,,,,,,,,,,,,,,,,,,,,,,,,,,,,,,,,,,,,50/60,Hz,,,,,,,,,,,,,,,,,,,IP23,,,,,,,,,,,,,,,,,,,,,,,,,1,1,,9405299000,,61,,,cm,,,32,,,cm,,,42.94,dm³,22,,,cm,,,,,,,,,,,,,,,,,,~220-230,V,,,,,,,
NW.5295,5903139529594,svetila_si|svetila_si_en,MERSEY I pendant light E27 white,Svetilka viseča MERSEY I IP20 bela,00001625,91086973,,kom,94051091,PL,0,,1.94,,0,,0,mm,0,mm,0,mm,Interior lighting > Suspended lamps,Notranja svetila > Viseča svetila,,,,,,,22,0,,,,,//pim.nowodvorski.com/media/files/5295.jpg,,,,,,,,,,,,,,,,E27,0,,25W only LED,,,,,,,NW.5295,,,,,,7.5,cm,5.5,cm,,,,,,,MERSEY,,,,,,,,,,,,,,,,,,,,,,,,,,,,,,,,,,,,,,,,50/60,Hz,,,Possible by a qualified electrician,,,,,25,cm,,,,,,,,,,IP20,,,,,,,,,,,,,,,,,,,,,,,,1,1,1,,9405199000,,27,,,cm,,,46.5,,,cm,,,57.75,dm³,46,,,cm,,,,,,,,,,,,,,,,,,~220-230,V,,,,,,,
NW.5296,5903139529693,svetila_si|svetila_si_en,MERSEY I pendant light E27 black/white,Svetilka viseča MERSEY I IP20 črna,00001625,91086973,,kom,94051091,PL,0,,1.93,,0,,0,mm,0,mm,0,mm,Interior lighting > Suspended lamps,Notranja svetila > Viseča svetila,,,,,,,22,0,,,,,//pim.nowodvorski.com/media/files/5296.jpg,,,,,,,,,,,,,,,,E27,0,,25W only LED,,,,,,,NW.5296,,,,,,7.5,cm,5.5,cm,,,,,,,MERSEY,,,,,,,,,,,,,,,,,,,,,,,,,,,,,,,,,,,,,,,,50/60,Hz,,,Possible by a qualified electrician,,,,,25,cm,,,,,,,,,,IP20,,,,,,,,,,,,,,,,,,,,,,,,1,1,1,,9405199000,,27,,,cm,,,46.5,,,cm,,,57.75,dm³,46,,,cm,,,,,,,,,,,,,,,,,,~220-230,V,,,,,,,
NW.5297,5903139529792,,MEKNES I pendant light E27 white,Svetilka viseča MEKNES I IP20 bela,00001625,91086973,,kom,94051091,PL,0,,2.22,,0,,0,mm,0,mm,0,mm,,,,,,,,,22,0,,,,,,,,,,,,,,,,,,,,,,,,,,,,,,,,,,,,,,,,,,,,,,,,,,,,,,,,,,,,,,,,,,,,,,,,,,,,,,,,,,,,,,,,,,,,,,,,,,,,,,,,,,,,,,,,,,,,,,,,,,,,,,,,,,,,,,,,,,,,,,,,,,,,,,,,,,,,,,,,,,,,,,,,,,,,,,,,,,,,
NW.5298,5903139529891,,MEKNES I pendant light E27 black,Svetilka viseča MEKNES I IP20 črna,00001625,91086973,,kom,94051091,PL,0,,2.22,,0,,0,mm,0,mm,0,mm,,,,,,,,,22,0,,,,,,,,,,,,,,,,,,,,,,,,,,,,,,,,,,,,,,,,,,,,,,,,,,,,,,,,,,,,,,,,,,,,,,,,,,,,,,,,,,,,,,,,,,,,,,,,,,,,,,,,,,,,,,,,,,,,,,,,,,,,,,,,,,,,,,,,,,,,,,,,,,,,,,,,,,,,,,,,,,,,,,,,,,,,,,,,,,,,
NW.5383,5903139538398,,ALICE I M pendant light E27 white/transparent,Svetilka viseča ALICE I M IP20 bela,00001625,91086973,,kom,94051091,PL,0,,0.67,,0,,0,mm,0,mm,0,mm,,,,,,,,,22,0,,,,,,,,,,,,,,,,,,,,,,,,,,,,,,,,,,,,,,,,,,,,,,,,,,,,,,,,,,,,,,,,,,,,,,,,,,,,,,,,,,,,,,,,,,,,,,,,,,,,,,,,,,,,,,,,,,,,,,,,,,,,,,,,,,,,,,,,,,,,,,,,,,,,,,,,,,,,,,,,,,,,,,,,,,,,,,,,,,,,
NW.5384,5903139538497,,ALICE I L pendant light E27 white/transparent,Svetilka viseča ALICE I L IP20 bela,00001625,91086973,,kom,94051091,PL,0,,0.8,,0,,0,mm,0,mm,0,mm,,,,,,,,,22,0,,,,,,,,,,,,,,,,,,,,,,,,,,,,,,,,,,,,,,,,,,,,,,,,,,,,,,,,,,,,,,,,,,,,,,,,,,,,,,,,,,,,,,,,,,,,,,,,,,,,,,,,,,,,,,,,,,,,,,,,,,,,,,,,,,,,,,,,,,,,,,,,,,,,,,,,,,,,,,,,,,,,,,,,,,,,,,,,,,,,
NW.5386,5903139538695,,ALICE I L floor light E27 white,Svetilka stoječa ALICE I L IP20 bela,00001625,91086973,,kom,94051091,PL,0,,12.31,,0,,0,mm,0,mm,0,mm,,,,,,,,,22,0,,,,,,,,,,,,,,,,,,,,,,,,,,,,,,,,,,,,,,,,,,,,,,,,,,,,,,,,,,,,,,,,,,,,,,,,,,,,,,,,,,,,,,,,,,,,,,,,,,,,,,,,,,,,,,,,,,,,,,,,,,,,,,,,,,,,,,,,,,,,,,,,,,,,,,,,,,,,,,,,,,,,,,,,,,,,,,,,,,,,
NW.5397,5903139539791,svetila_si|svetila_si_en,EYE I M pendant light GU10 white,Svetilka viseča EYE I M IP20 bela,00001625,91086973,,kom,94051091,PL,0,,0.72,,0,,0,mm,0,mm,0,mm,Interior lighting > Suspended lamps,Notranja svetila > Viseča svetila,,,,,,,22,0,,,,,//pim.nowodvorski.com/media/files/5397.jpg,,,,,,,,,,,,,,,,GU10 R50,0,,10W only LED,,,,,,,NW.5397,,,,,,7.5,cm,5.5,cm,,,,,,,EYE,,,,,,,,,,,,,,,,,,,,,,,,,,,,,,,,,,,,,,,,50/60,Hz,,,Possible by a qualified electrician,,,,,25,cm,,,,,,,,,,IP20,,,,,,,,,,,,,,,,,,,,,,,,1,1,1,,9405199000,,6.5,,,cm,,,46.5,,,cm,,,1.96,dm³,6.5,,,cm,,,,,,,,,,,,,,,,,,~220-230,V,,,,,,,
NW.5398,5903139539890,svetila_si|svetila_si_en,EYE I M pendant light GU10 anthracite,Svetilka viseča EYE I M IP20 antracit,00001625,91086973,,kom,94051091,PL,0,,0.72,,0,,0,mm,0,mm,0,mm,Interior lighting > Suspended lamps,Notranja svetila > Viseča svetila,,,,,,,22,0,,,,,//pim.nowodvorski.com/media/files/5398.jpg,,,,,,,,,,,,,,,,GU10 R50,0,,10W only LED,,,,,,,NW.5398,,,,,,7.5,cm,5.5,cm,,,,,,,EYE,,,,,,,,,,,,,,,,,,,,,,,,,,,,,,,,,,,,,,,,50/60,Hz,,,Possible by a qualified electrician,,,,,25,cm,,,,,,,,,,IP20,,,,,,,,,,,,,,,,,,,,,,,,1,1,1,,9405199000,,6.5,,,cm,,,46.5,,,cm,,,1.96,dm³,6.5,,,cm,,,,,,,,,,,,,,,,,,~220-230,V,,,,,,,
NW.5400,5903139540094,,EYE I M pendant light GU10 silver,Svetilka viseča EYE I M IP20 srebrna,00001625,91086973,,kom,94051091,PL,0,,0.72,,0,,0,mm,0,mm,0,mm,,,,,28.18,,,,22,0,,,,,,,,,,,,,,,,,,,,,,,,,,,,,,,,,,,,,,,,,,,,,,,,,,,,,,,,,,,,,,,,,,,,,,,,,,,,,,,,,,,,,,,,,,,,,,,,,,,,,,,,,,,,,,,,,,,,,,,,,,,,,,,,,,,,,,,,,,,,,,,,,,,,,,,,,,,,,,,,,,,,,,,,,,,,,,,,,,,,
NW.5403,5903139540391,,QUEBECK I pendant light GU10 white/transparent,Svetilka viseča QUEBECK I IP20 bela,00001625,91086973,,kom,94051091,PL,0,,0.45,,0,,0,mm,0,mm,0,mm,,,,,,,,,22,0,,,,,,,,,,,,,,,,,,,,,,,,,,,,,,,,,,,,,,,,,,,,,,,,,,,,,,,,,,,,,,,,,,,,,,,,,,,,,,,,,,,,,,,,,,,,,,,,,,,,,,,,,,,,,,,,,,,,,,,,,,,,,,,,,,,,,,,,,,,,,,,,,,,,,,,,,,,,,,,,,,,,,,,,,,,,,,,,,,,,
NW.5404,5903139540490,,QUEBECK III pendant light GU10 white/transparent,Svetilka viseča QUEBECK III IP20 bela,00001625,91086973,,kom,94051091,PL,0,,2.02,,0,,0,mm,0,mm,0,mm,,,,,,,,,22,0,,,,,,,,,,,,,,,,,,,,,,,,,,,,,,,,,,,,,,,,,,,,,,,,,,,,,,,,,,,,,,,,,,,,,,,,,,,,,,,,,,,,,,,,,,,,,,,,,,,,,,,,,,,,,,,,,,,,,,,,,,,,,,,,,,,,,,,,,,,,,,,,,,,,,,,,,,,,,,,,,,,,,,,,,,,,,,,,,,,,
NW.5405,5903139540599,,QUEBECK I pendant light GU10 black/transparent,Svetilka viseča QUEBECK I IP20 črna,00001625,91086973,,kom,94051091,PL,0,,0.45,,0,,0,mm,0,mm,0,mm,,,,,,,,,22,0,,,,,,,,,,,,,,,,,,,,,,,,,,,,,,,,,,,,,,,,,,,,,,,,,,,,,,,,,,,,,,,,,,,,,,,,,,,,,,,,,,,,,,,,,,,,,,,,,,,,,,,,,,,,,,,,,,,,,,,,,,,,,,,,,,,,,,,,,,,,,,,,,,,,,,,,,,,,,,,,,,,,,,,,,,,,,,,,,,,,
NW.5406,5903139540698,,QUEBECK III pendant light GU10 black/transparent,Svetilka viseča QUEBECK III IP20 črna,00001625,91086973,,kom,94051091,PL,0,,2.04,,0,,0,mm,0,mm,0,mm,,,,,,,,,22,0,,,,,,,,,,,,,,,,,,,,,,,,,,,,,,,,,,,,,,,,,,,,,,,,,,,,,,,,,,,,,,,,,,,,,,,,,,,,,,,,,,,,,,,,,,,,,,,,,,,,,,,,,,,,,,,,,,,,,,,,,,,,,,,,,,,,,,,,,,,,,,,,,,,,,,,,,,,,,,,,,,,,,,,,,,,,,,,,,,,,
NW.5410,5903139541091,,AVEIRO I S table light E27 white,Svetilka namizna AVEIRO S I IP20 bela,00001625,91086973,,kom,94051091,PL,0,,1.19,,0,,0,mm,0,mm,0,mm,,,,,,,,,22,0,,,,,,,,,,,,,,,,,,,,,,,,,,,,,,,,,,,,,,,,,,,,,,,,,,,,,,,,,,,,,,,,,,,,,,,,,,,,,,,,,,,,,,,,,,,,,,,,,,,,,,,,,,,,,,,,,,,,,,,,,,,,,,,,,,,,,,,,,,,,,,,,,,,,,,,,,,,,,,,,,,,,,,,,,,,,,,,,,,,,
NW.5411,5903139541190,,AVEIRO I S table light E27 black,Svetilka namizna AVEIRO S I IP20 črna,00001625,91086973,,kom,94051091,PL,0,,1.19,,0,,0,mm,0,mm,0,mm,,,,,,,,,22,0,,,,,,,,,,,,,,,,,,,,,,,,,,,,,,,,,,,,,,,,,,,,,,,,,,,,,,,,,,,,,,,,,,,,,,,,,,,,,,,,,,,,,,,,,,,,,,,,,,,,,,,,,,,,,,,,,,,,,,,,,,,,,,,,,,,,,,,,,,,,,,,,,,,,,,,,,,,,,,,,,,,,,,,,,,,,,,,,,,,,
NW.5422,5903139542296,,SALVA A pendant light GU10 chrome,Svetilka viseča SALVA A IP20 krom,00001625,91086973,,kom,94051091,PL,0,,0.51,,0,,0,mm,0,mm,0,mm,,,,,69,,,,22,0,,,,,,,,,,,,,,,,,,,,,,,,,,,,,,,,,,,,,,,,,,,,,,,,,,,,,,,,,,,,,,,,,,,,,,,,,,,,,,,,,,,,,,,,,,,,,,,,,,,,,,,,,,,,,,,,,,,,,,,,,,,,,,,,,,,,,,,,,,,,,,,,,,,,,,,,,,,,,,,,,,,,,,,,,,,,,,,,,,,,
NW.5424,5903139542494,svetila_si|svetila_si_en,SALVA C pendant light GU10 chrome,Svetilka viseča SALVA C IP20 krom,00001625,91086973,,kom,94051091,PL,0,,1.47,,0,,0,mm,0,mm,0,mm,Interior lighting > Ceiling lamps > Flush mounted lamps,Notranja svetila > Stropna svetila > Nadgradne svetilke,,,,,,,22,0,,,,,//pim.nowodvorski.com/media/files/5424.jpg,,,,,,,,,,,,,,,,GU10 R50,0,,10W only LED,,,,,,,NW.5424,,,,,,3,cm,21,cm,,,,,,,SALVA,,,,,,,,,,,,,,,,,,,,,,,,,,,,,,,,,,,,,,,,50/60,Hz,,,No,,,,,,,,,,,,,,,,IP20,,,,,,,,,,,,,,,,,,,,,,,,1,3,1,,9405199000,,12,,,cm,,,51,,,cm,,,31.21,dm³,51,,,cm,,,,,,,,,,,,,,,,,,~220-230,V,,,,,,,
NW.5428,5903139542890,svetila_si|svetila_si_en,SALVA E pendant light GU10 chrome,Svetilka viseča SALVA E IP20 krom,00001625,91086973,,kom,94051091,PL,0,,1.68,,0,,0,mm,0,mm,0,mm,Interior lighting > Ceiling lamps > Flush mounted lamps,Notranja svetila > Stropna svetila > Nadgradne svetilke,,,,,,,22,0,,,,,//pim.nowodvorski.com/media/files/5428.jpg,,,,,,,,,,,,,,,,GU10 R50,0,,10W only LED,,,,,,,NW.5428,,,,,,3,cm,21,cm,,,,,,,SALVA,,,,,,,,,,,,,,,,,,,,,,,,,,,,,,,,,,,,,,,,50/60,Hz,,,No,,,,,,,,,,,,,,,,IP20,,,,,,,,,,,,,,,,,,,,,,,,2,5,1,,9405199000,,12,,,cm,,,61,,,cm,,,37.33,dm³,51,,,cm,,,,,2/3,,,,,,,,,,,,,~220-230,V,,,,,,,
NW.5455,5903139545594,svetila_si|svetila_si_en,EYE I L pendant light GU10 white,Svetilka viseča EYE I L IP20 bela,00001625,91086973,,kom,94051091,PL,0,,1.01,,0,,0,mm,0,mm,0,mm,Interior lighting > Suspended lamps,Notranja svetila > Viseča svetila,,,,,,,22,0,,,,,//pim.nowodvorski.com/media/files/5455.jpg,,,,,,,,,,,,,,,,GU10 R50,0,,10W only LED,,,,,,,NW.5455,,,,,,7.5,cm,5.5,cm,,,,,,,EYE,,,,,,,,,,,,,,,,,,,,,,,,,,,,,,,,,,,,,,,,50/60,Hz,,,Possible by a qualified electrician,,,,,40,cm,,,,,,,,,,IP20,,,,,,,,,,,,,,,,,,,,,,,,0,1,1,,9405199000,,7.5,,,cm,,,53,,,cm,,,2.98,dm³,7.5,,,cm,,,,,,,,,,,,,,,,,,~220-230,V,,,5.5,cm,,,
NW.5456,5903139545693,,EYE I L pendant light GU10 anthracite,Svetilka viseča EYE I L IP20 antracit,00001625,91086973,,kom,94051091,PL,0,,1.01,,0,,0,mm,0,mm,0,mm,,,,,31.11,,,,22,0,,,,,,,,,,,,,,,,,,,,,,,,,,,,,,,,,,,,,,,,,,,,,,,,,,,,,,,,,,,,,,,,,,,,,,,,,,,,,,,,,,,,,,,,,,,,,,,,,,,,,,,,,,,,,,,,,,,,,,,,,,,,,,,,,,,,,,,,,,,,,,,,,,,,,,,,,,,,,,,,,,,,,,,,,,,,,,,,,,,,
NW.5463,5903139546393,svetila_si|svetila_si_en,EYE M ceiling light GU10 white,Svetilka stropna EYE M IP20 bela,00001625,91086973,,kom,94051091,PL,0,,0.57,,0,,0,mm,0,mm,0,mm,Interior lighting > Downlights > Surfaced mounted,Notranja svetila > Downlights > Nadgradne svetilke,,,19.32,,,,22,0,,,,,//pim.nowodvorski.com/media/files/5463.jpg,,,,,,,,,,,,,,,,GU10 R50,0,,10W only LED,,,,,,,NW.5463,,,,,,,,,,,,,,,,EYE,,,,,,,,,,,,,,,,,,,,,,,,,,,,,,,,,,,,,,,,50/60,Hz,,,,,,,,,,,,,,,,,,,IP20,,,,,,,,,,,,,,,,,,,,,,,,0,1,1,,9405199000,,7,,,cm,,,32.5,,,cm,,,1.48,dm³,6.5,,,cm,,,,,,,,,,,,,,,,,,~220-230,V,,,,,,,
NW.5464,5903139546492,,EYE M ceiling light GU10 anthracite,Svetilka stropna EYE M IP20 antracit,00001625,91086973,,kom,94051091,PL,0,,0.57,,0,,0,mm,0,mm,0,mm,,,,,19.32,,,,22,0,,,,,,,,,,,,,,,,,,,,,,,,,,,,,,,,,,,,,,,,,,,,,,,,,,,,,,,,,,,,,,,,,,,,,,,,,,,,,,,,,,,,,,,,,,,,,,,,,,,,,,,,,,,,,,,,,,,,,,,,,,,,,,,,,,,,,,,,,,,,,,,,,,,,,,,,,,,,,,,,,,,,,,,,,,,,,,,,,,,,
NW.5471,5903139547192,svetila_si|svetila_si_en,EYE L ceiling light GU10 white,Svetilka stropna EYE L IP20 bela,00001625,91086973,,kom,94051091,PL,0,,0.88,,0,,0,mm,0,mm,0,mm,Interior lighting > Downlights > Surfaced mounted,Notranja svetila > Downlights > Nadgradne svetilke,,,22.93,,,,22,0,,,,,//pim.nowodvorski.com/media/files/5471.jpg,,,,,,,,,,,,,,,,GU10 R50,0,,10W only LED,,,,,,,NW.5471,,,,,,,,,,,,,,,,EYE,,,,,,,,,,,,,,,,,,,,,,,,,,,,,,,,,,,,,,,,50/60,Hz,,,,,,,,,,,,,,,,,,,IP20,,,,,,,,,,,,,,,,,,,,,,,,0,1,1,,9405199000,,6.5,,,cm,,,46.5,,,cm,,,1.96,dm³,6.5,,,cm,,,,,,,,,,,,,,,,,,~220-230,V,,,,,,,
NW.5472,5903139547291,,EYE L L ceiling light GU10 anthracite,Svetilka stropna EYE L IP20 antracit,00001625,91086973,,kom,94051091,PL,0,,0.88,,0,,0,mm,0,mm,0,mm,,,,,22.93,,,,22,0,,,,,,,,,,,,,,,,,,,,,,,,,,,,,,,,,,,,,,,,,,,,,,,,,,,,,,,,,,,,,,,,,,,,,,,,,,,,,,,,,,,,,,,,,,,,,,,,,,,,,,,,,,,,,,,,,,,,,,,,,,,,,,,,,,,,,,,,,,,,,,,,,,,,,,,,,,,,,,,,,,,,,,,,,,,,,,,,,,,,
NW.5654,5903139565493,svetila_si|svetila_si_en,EYE I wall light GU10 white,Svetilka stenska EYE I IP20 bela,00001625,91086973,,kom,94051091,PL,0,,0.52,,0,,0,mm,0,mm,0,mm,Interior lighting > Wall lamps > Adjustable lamps,Notranja svetila > Stenska svetila > Gibljive svetilke,,,,,,,22,0,,,,,//pim.nowodvorski.com/media/files/5654.jpg,,,,,,,,,,,,,,,,GU10 R50,0,,10W only LED,,,,,,,NW.5654,,,,,,,,,,,,,,,,EYE,,,,,,,,,,,,,,,,,,,,,,,,,,,,,21.5-38.5,cm,,,,,,,,,,50/60,Hz,,,,,,,,9.6,cm,,,,,,,,,,IP20,,,,,,,,,,,,,,,,,,,,,,,,0,1,1,,9405199000,,7,,,cm,,,32.5,,,cm,,,1.59,dm³,7,,,cm,,,,,,,,,,,,,,,,,,~220-230,V,,,5.5,cm,,,
NW.5655,5903139565592,,EYE I wall light GU10 anthracite,Svetilka stenska EYE I IP20 antracit,00001625,91086973,,kom,94051091,PL,0,,0.52,,0,,0,mm,0,mm,0,mm,,,,,,,,,22,0,,,,,,,,,,,,,,,,,,,,,,,,,,,,,,,,,,,,,,,,,,,,,,,,,,,,,,,,,,,,,,,,,,,,,,,,,,,,,,,,,,,,,,,,,,,,,,,,,,,,,,,,,,,,,,,,,,,,,,,,,,,,,,,,,,,,,,,,,,,,,,,,,,,,,,,,,,,,,,,,,,,,,,,,,,,,,,,,,,,,
NW.5663,5903139566391,,ALICE I XS wall light E27 ecru/white,Svetilka stenska ALICE I XS IP20 bež,00001625,91086973,,kom,94051091,PL,0,,0.25,,0,,0,mm,0,mm,0,mm,,,,,,,,,22,0,,,,,,,,,,,,,,,,,,,,,,,,,,,,,,,,,,,,,,,,,,,,,,,,,,,,,,,,,,,,,,,,,,,,,,,,,,,,,,,,,,,,,,,,,,,,,,,,,,,,,,,,,,,,,,,,,,,,,,,,,,,,,,,,,,,,,,,,,,,,,,,,,,,,,,,,,,,,,,,,,,,,,,,,,,,,,,,,,,,,
NW.5723,5903139572392,,ALICE I XS wall light E27 white,Svetilka stenska ALICE I XS IP20 bela,00001625,91086973,,kom,94051091,PL,0,,0.25,,0,,0,mm,0,mm,0,mm,,,,,,,,,22,0,,,,,,,,,,,,,,,,,,,,,,,,,,,,,,,,,,,,,,,,,,,,,,,,,,,,,,,,,,,,,,,,,,,,,,,,,,,,,,,,,,,,,,,,,,,,,,,,,,,,,,,,,,,,,,,,,,,,,,,,,,,,,,,,,,,,,,,,,,,,,,,,,,,,,,,,,,,,,,,,,,,,,,,,,,,,,,,,,,,,
NW.5794,5903139579490,,,Svetilka namizna POCATELLO I IP20 bela,00001625,91086973,,kom,94051091,PL,0,,0.93,,0,,0,mm,0,mm,0,mm,,,,,,,,,22,0,,,,,,,,,,,,,,,,,,,,,,,,,,,,,,,,,,,,,,,,,,,,,,,,,,,,,,,,,,,,,,,,,,,,,,,,,,,,,,,,,,,,,,,,,,,,,,,,,,,,,,,,,,,,,,,,,,,,,,,,,,,,,,,,,,,,,,,,,,,,,,,,,,,,,,,,,,,,,,,,,,,,,,,,,,,,,,,,,,,,
NW.5795,5903139579599,,POCATELLO I table light E27 silver/chrome,Svetilka namizna POCATELLO I IP20 srebrna,00001625,91086973,,kom,94051091,PL,0,,1,,0,,0,mm,0,mm,0,mm,,,,,,,,,22,0,,,,,,,,,,,,,,,,,,,,,,,,,,,,,,,,,,,,,,,,,,,,,,,,,,,,,,,,,,,,,,,,,,,,,,,,,,,,,,,,,,,,,,,,,,,,,,,,,,,,,,,,,,,,,,,,,,,,,,,,,,,,,,,,,,,,,,,,,,,,,,,,,,,,,,,,,,,,,,,,,,,,,,,,,,,,,,,,,,,,
NW.5796,5903139579698,,POCATELLO I table light E27 green/chrome,Svetilka namizna POCATELLO I IP20 zelena,00001625,91086973,,kom,94051091,PL,0,,0.93,,0,,0,mm,0,mm,0,mm,,,,,,,,,22,0,,,,,,,,,,,,,,,,,,,,,,,,,,,,,,,,,,,,,,,,,,,,,,,,,,,,,,,,,,,,,,,,,,,,,,,,,,,,,,,,,,,,,,,,,,,,,,,,,,,,,,,,,,,,,,,,,,,,,,,,,,,,,,,,,,,,,,,,,,,,,,,,,,,,,,,,,,,,,,,,,,,,,,,,,,,,,,,,,,,,
NW.5797,5903139579797,,,Svetilka namizna POCATELLO I IP20 modra,00001625,91086973,,kom,94051091,PL,0,,0.93,,0,,0,mm,0,mm,0,mm,,,,,,,,,22,0,,,,,,,,,,,,,,,,,,,,,,,,,,,,,,,,,,,,,,,,,,,,,,,,,,,,,,,,,,,,,,,,,,,,,,,,,,,,,,,,,,,,,,,,,,,,,,,,,,,,,,,,,,,,,,,,,,,,,,,,,,,,,,,,,,,,,,,,,,,,,,,,,,,,,,,,,,,,,,,,,,,,,,,,,,,,,,,,,,,,
NW.5798,5903139579896,,POCATELLO I table light E27 pink/chrome,Svetilka namizna POCATELLO I IP20 rožnata,00001625,91086973,,kom,94051091,PL,0,,0.93,,0,,0,mm,0,mm,0,mm,,,,,,,,,22,0,,,,,,,,,,,,,,,,,,,,,,,,,,,,,,,,,,,,,,,,,,,,,,,,,,,,,,,,,,,,,,,,,,,,,,,,,,,,,,,,,,,,,,,,,,,,,,,,,,,,,,,,,,,,,,,,,,,,,,,,,,,,,,,,,,,,,,,,,,,,,,,,,,,,,,,,,,,,,,,,,,,,,,,,,,,,,,,,,,,,
NW.5828,5903139582896,,,Svetilka namizna POCATELLO I IP20 črna,00001625,91086973,,kom,94051091,PL,0,,0.93,,0,,0,mm,0,mm,0,mm,,,,,,,,,22,0,,,,,,,,,,,,,,,,,,,,,,,,,,,,,,,,,,,,,,,,,,,,,,,,,,,,,,,,,,,,,,,,,,,,,,,,,,,,,,,,,,,,,,,,,,,,,,,,,,,,,,,,,,,,,,,,,,,,,,,,,,,,,,,,,,,,,,,,,,,,,,,,,,,,,,,,,,,,,,,,,,,,,,,,,,,,,,,,,,,,
NW.5844,5903139584494,svetila_si|svetila_si_en,EYE SPOT IV wall light GU10 silver,Svetilka stenska EYE SPOT IV IP20 srebrna,00001625,91086973,,kom,94051091,PL,0,,1.24,,0,,0,mm,0,mm,0,mm,Interior lighting > Spotlights and spots,Notranja svetila > Reflektorska svetila,,,60.6,,,,22,0,,,,,//pim.nowodvorski.com/media/files/5844.jpg,,,,,,,,,,,,,,,,GU10 R50,0,,4x10W only LED,,,,,,,NW.5844,,,,,,2,cm,19.5,cm,,,,,,,EYE SPOT,,,,,,,,,,,,,,,,,,,,,,,,,,,,,,,,,,,,,,,,50/60,Hz,,,,,,,,9.6,cm,,,,,,,,,,IP20,,,,,,,,,,,,,,,,,,,,,,,,2,4,1,,9405199000,,9,,,cm,,,20,,,cm,,,3.6,dm³,20,,,cm,,,,,2/2,,,,,,,,,,,,,~220-230,V,,,5.5,cm,,,
NW.5957,5903139595797,,ceiling light LED,LED svetilka stropna vgradna CEILING LED dnevno bela IP20 bela (R5),00001625,00001625,,kom,,PL,0,,0.13,,0,,0,mm,0,mm,0,mm,,,,,13.3,,,,22,0,,,,,,,,,,,,,,,,,,,,,,,,,,,,,,,,,,,,,,,,,,,,,,,,,,,,,,,,,,,,,,,,,,,,,,,,,,,,,,,,,,,,,,,,,,,,,,,,,,,,,,,,,,,,,,,,,,,,,,,,,,,,,,,,,,,,,,,,,,,,,,,,,,,,,,,,,,,,,,,,,,,,,,,,,,,,,,,,,,,,
NW.6000,5903139600095,svetila_si|svetila_si_en,POINT S ceiling light GU10 white/silver,Svetilka stropna POINT S IP20 bela,00001625,91086973,,kom,94051091,PL,0,,0.56,,0,,0,mm,0,mm,0,mm,Interior lighting > Downlights > Surfaced mounted,Notranja svetila > Downlights > Nadgradne svetilke,,,,,,,22,0,,,,,//pim.nowodvorski.com/media/files/6000.jpg,,,,,,,,,,,,,,,,GU10 R50,0,,10W only LED,,,,,,,NW.6000,,,,,,,,,,,,,,,,POINT,,,,,,,,,,,,,,,,,,,,,,,,,,,,,,,,,,,,,,,,50/60,Hz,,,,,,,,,,,,,,,,,,,IP20,,,,,,,,,,,,,,,,,,,,,,,,,1,1,,9405199000,,9,,,cm,,,13.5,,,cm,,,1.64,dm³,13.5,,,cm,,,,,,,,,,,,,,,,,,~220-230,V,,,,,,,
NW.6001,5903139600194,,POINT M ceiling light GU10 white/silver,Svetilka stropna POINT M IP20 bela,00001625,91086973,,kom,94051091,PL,0,,0.8,,0,,0,mm,0,mm,0,mm,,,,,,,,,22,0,,,,,,,,,,,,,,,,,,,,,,,,,,,,,,,,,,,,,,,,,,,,,,,,,,,,,,,,,,,,,,,,,,,,,,,,,,,,,,,,,,,,,,,,,,,,,,,,,,,,,,,,,,,,,,,,,,,,,,,,,,,,,,,,,,,,,,,,,,,,,,,,,,,,,,,,,,,,,,,,,,,,,,,,,,,,,,,,,,,,
NW.6005,5903139600590,,ceiling light,Svetilka POINT dekorativna  z difuzorjem srebrna,00001625,00001625,,kom,94051091,PL,0,,0,,0,,0,mm,0,mm,0,mm,,,,,29.31,,,,22,0,,,,,,,,,,,,,,,,,,,,,,,,,,,,,,,,,,,,,,,,,,,,,,,,,,,,,,,,,,,,,,,,,,,,,,,,,,,,,,,,,,,,,,,,,,,,,,,,,,,,,,,,,,,,,,,,,,,,,,,,,,,,,,,,,,,,,,,,,,,,,,,,,,,,,,,,,,,,,,,,,,,,,,,,,,,,,,,,,,,,
NW.6006,5903139600699,svetila_si|svetila_si_en,POINT S ceiling light GU10 anthracite/silver,Svetilka stropna POINT S IP20 antracit,00001625,91086973,,kom,94051091,PL,0,,0.56,,0,,0,mm,0,mm,0,mm,Interior lighting > Downlights > Surfaced mounted,Notranja svetila > Downlights > Nadgradne svetilke,,,,,,,22,0,,,,,//pim.nowodvorski.com/media/files/6006.jpg,,,,,,,,,,,,,,,,GU10 R50,0,,10W only LED,,,,,,,NW.6006,,,,,,,,,,,,,,,,POINT,,,,,,,,,,,,,,,,,,,,,,,,,,,,,,,,,,,,,,,,50/60,Hz,,,,,,,,,,,,,,,,,,,IP20,,,,,,,,,,,,,,,,,,,,,,,,,1,1,,9405199000,,9,,,cm,,,13.5,,,cm,,,1.64,dm³,13.5,,,cm,,,,,,,,,,,,,,,,,,~220-230,V,,,,,,,
NW.6007,5903139600798,,POINT M ceiling light GU10 anthracite/silver,Svetilka stropna POINT M IP20 antracit,00001625,91086973,,kom,94051091,PL,0,,0.79,,0,,0,mm,0,mm,0,mm,,,,,,,,,22,0,,,,,,,,,,,,,,,,,,,,,,,,,,,,,,,,,,,,,,,,,,,,,,,,,,,,,,,,,,,,,,,,,,,,,,,,,,,,,,,,,,,,,,,,,,,,,,,,,,,,,,,,,,,,,,,,,,,,,,,,,,,,,,,,,,,,,,,,,,,,,,,,,,,,,,,,,,,,,,,,,,,,,,,,,,,,,,,,,,,,
NW.6010,5903139601092,,ZELDA floor light E27 grey/black,Svetilka stoječa ZELDA IP20 siva,00001625,91086973,,kom,94051091,PL,0,,5.04,,0,,0,mm,0,mm,0,mm,,,,,,,,,22,0,,,,,,,,,,,,,,,,,,,,,,,,,,,,,,,,,,,,,,,,,,,,,,,,,,,,,,,,,,,,,,,,,,,,,,,,,,,,,,,,,,,,,,,,,,,,,,,,,,,,,,,,,,,,,,,,,,,,,,,,,,,,,,,,,,,,,,,,,,,,,,,,,,,,,,,,,,,,,,,,,,,,,,,,,,,,,,,,,,,,
NW.6014,5903139601498,svetila_si|svetila_si_en,EYE SPOT I wall light GU10 white,Svetilka stenska EYE SPOT I IP20 bela,00001625,91086973,,kom,94051091,PL,0,,0.29,,0,,0,mm,0,mm,0,mm,Interior lighting > Spotlights and spots,Notranja svetila > Reflektorska svetila,,,18.02,,,,22,0,,,,,//pim.nowodvorski.com/media/files/6014.jpg,,,,,,,,,,,,,,,,GU10 R50,0,,10W only LED,,,,,,,NW.6014,,,,,,2,cm,7,cm,,,,,,,EYE SPOT,,,,,,,,,,,,,,,,,,,,,,,,,,,,,8,cm,,,,,,,,,,50/60,Hz,,,,,,,,"9,6",cm,,,,,,,,,,IP20,,,,,,,,,,,,,,,,,,,,,,,,0,1,1,,9405199000,,15,,,cm,,,8,,,cm,,,0.96,dm³,8,,,cm,,,,,,,,,,,,,,,,,,~220-230,V,,,"5,5",cm,,,
NW.6015,5903139601597,svetila_si|svetila_si_en,EYE SPOT II wall light GU10 white,Svetilka stenska EYE SPOT II IP20 bela,00001625,91086973,,kom,94051091,PL,0,,0.6,,0,,0,mm,0,mm,0,mm,Interior lighting > Spotlights and spots,Notranja svetila > Reflektorska svetila,,,32.44,,,,22,0,,,,,//pim.nowodvorski.com/media/files/6015.jpg,,,,,,,,,,,,,,,,GU10 R50,0,,2x10W only LED,,,,,,,NW.6015,,,,,,2,cm,5.5,cm,,,,,,,EYE SPOT,,,,,,,,,,,,,,,,,,,,,,,,,,,,,,,,,,,,,,,,50/60,Hz,,,,,,,,9.6,cm,,,,,,,,,,IP20,,,,,,,,,,,,,,,,,,,,,,,,1,2,1,,9405199000,,7,,,cm,,,33,,,cm,,,2.08,dm³,9,,,cm,,,,,,,,14.5,cm,,,,,,,,,~220-230,V,,,5.5,cm,,,
NW.6016,5903139601696,svetila_si|svetila_si_en,EYE SPOT III wall light GU10 white,Svetilka stenska EYE SPOT III IP20 bela,00001625,91086973,,kom,94051091,PL,0,,0.9,,0,,0,mm,0,mm,0,mm,Interior lighting > Spotlights and spots,Notranja svetila > Reflektorska svetila,,,47.51,,,,22,0,,,,,//pim.nowodvorski.com/media/files/6016.jpg,,,,,,,,,,,,,,,,GU10 R50,0,,3x10W only LED,,,,,,,NW.6016,,,,,,2,cm,5.5,cm,,,,,,,EYE SPOT,,,,,,,,,,,,,,,,,,,,,,,,,,,,,,,,,,,,,,,,50/60,Hz,,,,,,,,9.6,cm,,,,,,,,,,IP20,,,,,,,,,,,,,,,,,,,,,,,,2,3,1,,9405199000,,7,,,cm,,,42,,,cm,,,2.5,dm³,8.5,,,cm,,,,,1/2,,,33,cm,,,,,,,,,~220-230,V,,,5.5,cm,,,
NW.6017,5903139601795,svetila_si|svetila_si_en,EYE SPOT IV wall light GU10 white,Svetilka stenska EYE SPOT IV IP20 bela,00001625,91086973,,kom,94051091,PL,0,,1.24,,0,,0,mm,0,mm,0,mm,Interior lighting > Spotlights and spots,Notranja svetila > Reflektorska svetila,,,60.6,,,,22,0,,,,,//pim.nowodvorski.com/media/files/6017.jpg,,,,,,,,,,,,,,,,GU10 R50,0,,4x10W only LED,,,,,,,NW.6017,,,,,,2,cm,19.5,cm,,,,,,,EYE SPOT,,,,,,,,,,,,,,,,,,,,,,,,,,,,,,,,,,,,,,,,50/60,Hz,,,,,,,,9.6,cm,,,,,,,,,,IP20,,,,,,,,,,,,,,,,,,,,,,,,2,4,1,,9405199000,,9,,,cm,,,20,,,cm,,,3.6,dm³,20,,,cm,,,,,2/2,,,,,,,,,,,,,~220-230,V,,,5.5,cm,,,
NW.6018,5903139601894,svetila_si|svetila_si_en,EYE SPOT I wall light GU10 black,eye spot I stenska Svetilka črna,00001625,91086973,,kom,94051091,PL,0,,0.29,,0,,0,mm,0,mm,0,mm,Interior lighting > Spotlights and spots,Notranja svetila > Reflektorska svetila,,,18.02,,,,22,0,,,,,//pim.nowodvorski.com/media/files/6018.jpg,,,,,,,,,,,,,,,,GU10 R50,0,,10W only LED,,,,,,,NW.6018,,,,,,2,cm,7,cm,,,,,,,EYE SPOT,,,,,,,,,,,,,,,,,,,,,,,,,,,,,,,,,,,,,,,,50/60,Hz,,,,,,,,9.6,cm,,,,,,,,,,IP20,,,,,,,,,,,,,,,,,,,,,,,,0,1,1,,9405199000,,15,,,cm,,,8,,,cm,,,0.96,dm³,8,,,cm,,,,,,,,,,,,,,,,,,~220-230,V,,,5.5,cm,,,
NW.6020,5903139602099,svetila_si|svetila_si_en,EYE SPOT II wall light GU10 black,eye spot II stenska Svetilka črna,00001625,91086973,,kom,94051091,PL,0,,0.6,,0,,0,mm,0,mm,0,mm,Interior lighting > Spotlights and spots,Notranja svetila > Reflektorska svetila,,,32.44,,,,22,0,,,,,//pim.nowodvorski.com/media/files/6020.jpg,,,,,,,,,,,,,,,,GU10 R50,0,,2x10W only LED,,,,,,,NW.6020,,,,,,2,cm,5.5,cm,,,,,,,EYE SPOT,,,,,,,,,,,,,,,,,,,,,,,,,,,,,,,,,,,,,,,,50/60,Hz,,,,,,,,9.6,cm,,,,,,,,,,IP20,,,,,,,,,,,,,,,,,,,,,,,,1,2,1,,9405199000,,7,,,cm,,,33,,,cm,,,2.08,dm³,9,,,cm,,,,,,,,14.5,cm,,,,,,,,,~220-230,V,,,5.5,cm,,,
NW.6021,5903139602198,svetila_si|svetila_si_en,EYE SPOT III wall light GU10 black,Svetilka stenska EYE SPOT III IP20 črna,00001625,91086973,,kom,94051091,PL,0,,0.9,,0,,0,mm,0,mm,0,mm,Interior lighting > Spotlights and spots,Notranja svetila > Reflektorska svetila,,,47.51,,,,22,0,,,,,//pim.nowodvorski.com/media/files/6021.jpg,,,,,,,,,,,,,,,,GU10 R50,0,,3x10W only LED,,,,,,,NW.6021,,,,,,2,cm,5.5,cm,,,,,,,EYE SPOT,,,,,,,,,,,,,,,,,,,,,,,,,,,,,,,,,,,,,,,,50/60,Hz,,,,,,,,9.6,cm,,,,,,,,,,IP20,,,,,,,,,,,,,,,,,,,,,,,,2,3,1,,9405199000,,7,,,cm,,,42,,,cm,,,2.5,dm³,8.5,,,cm,,,,,1/2,,,33,cm,,,,,,,,,~220-230,V,,,5.5,cm,,,
NW.6022,5903139602297,svetila_si|svetila_si_en,EYE SPOT IV wall light GU10 black,eye spot Iv stenska Svetilka črna,00001625,91086973,,kom,94051091,PL,0,,1.24,,0,,0,mm,0,mm,0,mm,Interior lighting > Spotlights and spots,Notranja svetila > Reflektorska svetila,,,60.6,,,,22,0,,,,,//pim.nowodvorski.com/media/files/6022.jpg,,,,,,,,,,,,,,,,GU10 R50,0,,4x10W only LED,,,,,,,NW.6022,,,,,,2,cm,19.5,cm,,,,,,,EYE SPOT,,,,,,,,,,,,,,,,,,,,,,,,,,,,,,,,,,,,,,,,50/60,Hz,,,,,,,,9.6,cm,,,,,,,,,,IP20,,,,,,,,,,,,,,,,,,,,,,,,2,4,1,,9405199000,,9,,,cm,,,20,,,cm,,,3.6,dm³,20,,,cm,,,,,2/2,,,,,,,,,,,,,~220-230,V,,,5.5,cm,,,
NW.6024,5903139602495,,BUBBLE I pendant light white,Svetilka viseča BUBBLE I IP20 bela,00001625,00001625,,kom,94051091,PL,0,,0.48,,0,,0,mm,0,mm,0,mm,,,,,26.33,,,,22,0,,,,,,,,,,,,,,,,,,,,,,,,,,,,,,,,,,,,,,,,,,,,,,,,,,,,,,,,,,,,,,,,,,,,,,,,,,,,,,,,,,,,,,,,,,,,,,,,,,,,,,,,,,,,,,,,,,,,,,,,,,,,,,,,,,,,,,,,,,,,,,,,,,,,,,,,,,,,,,,,,,,,,,,,,,,,,,,,,,,,
NW.6134,5903139613491,,EYE SPOT I wall light GU10 anthracite,Svetilka stenska EYE SPOT I IP20 antracit,00001625,91086973,,kom,94051091,PL,0,,0.29,,0,,0,mm,0,mm,0,mm,,,,,18.02,,,,22,0,,,,,,,,,,,,,,,,,,,,,,,,,,,,,,,,,,,,,,,,,,,,,,,,,,,,,,,,,,,,,,,,,,,,,,,,,,,,,,,,,,,,,,,,,,,,,,,,,,,,,,,,,,,,,,,,,,,,,,,,,,,,,,,,,,,,,,,,,,,,,,,,,,,,,,,,,,,,,,,,,,,,,,,,,,,,,,,,,,,,
NW.6135,5903139613590,,EYE SPOT II wall light GU10 anthracite,Svetilka stenska EYE SPOT II IP20 antracit,00001625,91086973,,kom,94051091,PL,0,,0.6,,0,,0,mm,0,mm,0,mm,,,,,32.44,,,,22,0,,,,,,,,,,,,,,,,,,,,,,,,,,,,,,,,,,,,,,,,,,,,,,,,,,,,,,,,,,,,,,,,,,,,,,,,,,,,,,,,,,,,,,,,,,,,,,,,,,,,,,,,,,,,,,,,,,,,,,,,,,,,,,,,,,,,,,,,,,,,,,,,,,,,,,,,,,,,,,,,,,,,,,,,,,,,,,,,,,,,
NW.6136,5903139613699,svetila_si|svetila_si_en,EYE SPOT III wall light GU10 anthracite,Svetilka stenska EYE SPOT III IP20 antracit,00001625,91086973,,kom,94051091,PL,0,,0.9,,0,,0,mm,0,mm,0,mm,Interior lighting > Spotlights and spots,Notranja svetila > Reflektorska svetila,,,47.51,,,,22,0,,,,,//pim.nowodvorski.com/media/files/6136.jpg,,,,,,,,,,,,,,,,GU10 R50,0,,3x10W only LED,,,,,,,NW.6136,,,,,,2,cm,5.5,cm,,,,,,,EYE SPOT,,,,,,,,,,,,,,,,,,,,,,,,,,,,,,,,,,,,,,,,50/60,Hz,,,,,,,,9.6,cm,,,,,,,,,,IP20,,,,,,,,,,,,,,,,,,,,,,,,2,3,1,,9405199000,,7,,,cm,,,42,,,cm,,,2.5,dm³,8.5,,,cm,,,,,1/2,,,33,cm,,,,,,,,,~220-230,V,,,5.5,cm,,,
NW.6137,5903139613798,,EYE SPOT IV wall light GU10 anthracite,Svetilka stenska EYE SPOT IV IP20 antracit,00001625,91086973,,kom,94051091,PL,0,,1.24,,0,,0,mm,0,mm,0,mm,,,,,60.6,,,,22,0,,,,,,,,,,,,,,,,,,,,,,,,,,,,,,,,,,,,,,,,,,,,,,,,,,,,,,,,,,,,,,,,,,,,,,,,,,,,,,,,,,,,,,,,,,,,,,,,,,,,,,,,,,,,,,,,,,,,,,,,,,,,,,,,,,,,,,,,,,,,,,,,,,,,,,,,,,,,,,,,,,,,,,,,,,,,,,,,,,,,
NW.6138,5903139613897,,EYE SPOT I wall light GU10 silver,Svetilka stenska EYE SPOT I IP20 srebrna,00001625,91086973,,kom,94051091,PL,0,,0.29,,0,,0,mm,0,mm,0,mm,,,,,18.02,,,,22,0,,,,,,,,,,,,,,,,,,,,,,,,,,,,,,,,,,,,,,,,,,,,,,,,,,,,,,,,,,,,,,,,,,,,,,,,,,,,,,,,,,,,,,,,,,,,,,,,,,,,,,,,,,,,,,,,,,,,,,,,,,,,,,,,,,,,,,,,,,,,,,,,,,,,,,,,,,,,,,,,,,,,,,,,,,,,,,,,,,,,
NW.6140,5903139614092,,EYE SPOT II wall light GU10 silver,Svetilka stenska EYE SPOT II IP20 srebrna,00001625,91086973,,kom,94051091,PL,0,,0.6,,0,,0,mm,0,mm,0,mm,,,,,32.44,,,,22,0,,,,,,,,,,,,,,,,,,,,,,,,,,,,,,,,,,,,,,,,,,,,,,,,,,,,,,,,,,,,,,,,,,,,,,,,,,,,,,,,,,,,,,,,,,,,,,,,,,,,,,,,,,,,,,,,,,,,,,,,,,,,,,,,,,,,,,,,,,,,,,,,,,,,,,,,,,,,,,,,,,,,,,,,,,,,,,,,,,,,
NW.6141,5903139614191,,EYE SPOT III wall light GU10 silver,Svetilka stenska EYE SPOT III IP20 srebrna,00001625,91086973,,kom,94051091,PL,0,,0.9,,0,,0,mm,0,mm,0,mm,,,,,47.51,,,,22,0,,,,,,,,,,,,,,,,,,,,,,,,,,,,,,,,,,,,,,,,,,,,,,,,,,,,,,,,,,,,,,,,,,,,,,,,,,,,,,,,,,,,,,,,,,,,,,,,,,,,,,,,,,,,,,,,,,,,,,,,,,,,,,,,,,,,,,,,,,,,,,,,,,,,,,,,,,,,,,,,,,,,,,,,,,,,,,,,,,,,
NW.6267,5903139626798,,STICKS II wall light E27 black/brass,Svetilka stenska STICKS II IP20 črna,00001625,91086973,,kom,94051091,PL,0,,0.45,,0,,0,mm,0,mm,0,mm,,,,,,,,,22,0,,,,,,,,,,,,,,,,,,,,,,,,,,,,,,,,,,,,,,,,,,,,,,,,,,,,,,,,,,,,,,,,,,,,,,,,,,,,,,,,,,,,,,,,,,,,,,,,,,,,,,,,,,,,,,,,,,,,,,,,,,,,,,,,,,,,,,,,,,,,,,,,,,,,,,,,,,,,,,,,,,,,,,,,,,,,,,,,,,,,
NW.6268,5903139626897,svetila_si|svetila_si_en,STICKS III pendant light E27 black/brass,Svetilka viseča STICKS III IP20 črna,00001625,91086973,,kom,94051091,PL,0,,0.995,,0,,0,mm,0,mm,0,mm,Interior lighting > Suspended lamps,Notranja svetila > Viseča svetila,,,,,,,22,0,,,,,//pim.nowodvorski.com/media/files/6268.jpg,,,,,,,,,,,,,,,,E27,0,,25W only LED,,,,,,,NW.6268,,,,,,3,cm,8,cm,,,,,,,STICKS,,,,,,,,,,,,,,,,,,,,,,,,,,,,,,,,,,,,,,,,50/60,Hz,,,Possible by a qualified electrician,,,,,,,,,,,,,,,,IP20,,,,,,,,,,,,,,,,,,,,,,,,1,3,1,,9405199000,,75,,,cm,,,17,,,cm,,,21.67,dm³,17,,,cm,,,,,,,,,,,,,,,,,,~220-230,V,,,,,,,
NW.6270,5903139627092,,STICKS V pendant light E27 black/brass,Svetilka viseča STICKS V IP20 črna,00001625,91086973,,kom,94051091,PL,0,,1.535,,0,,0,mm,0,mm,0,mm,,,,,,,,,22,0,,,,,,,,,,,,,,,,,,,,,,,,,,,,,,,,,,,,,,,,,,,,,,,,,,,,,,,,,,,,,,,,,,,,,,,,,,,,,,,,,,,,,,,,,,,,,,,,,,,,,,,,,,,,,,,,,,,,,,,,,,,,,,,,,,,,,,,,,,,,,,,,,,,,,,,,,,,,,,,,,,,,,,,,,,,,,,,,,,,,
NW.6330,5903139633093,,MARGARET pendant light E14 white,Svetilka viseča MARGARET IP20 bela,00001625,91086973,,kom,94051091,PL,0,,1.85,,0,,0,mm,0,mm,0,mm,,,,,,,,,22,0,,,,,,,,,,,,,,,,,,,,,,,,,,,,,,,,,,,,,,,,,,,,,,,,,,,,,,,,,,,,,,,,,,,,,,,,,,,,,,,,,,,,,,,,,,,,,,,,,,,,,,,,,,,,,,,,,,,,,,,,,,,,,,,,,,,,,,,,,,,,,,,,,,,,,,,,,,,,,,,,,,,,,,,,,,,,,,,,,,,,
NW.6333,5903139633390,,BIO S pendant light GU10 natural wood,Svetilka viseča BIO S IP20 naravna,00001625,91086973,,kom,94051091,PL,0,,0.99,,0,,0,mm,0,mm,0,mm,,,,,108.75,,,,22,0,,,,,,,,,,,,,,,,,,,,,,,,,,,,,,,,,,,,,,,,,,,,,,,,,,,,,,,,,,,,,,,,,,,,,,,,,,,,,,,,,,,,,,,,,,,,,,,,,,,,,,,,,,,,,,,,,,,,,,,,,,,,,,,,,,,,,,,,,,,,,,,,,,,,,,,,,,,,,,,,,,,,,,,,,,,,,,,,,,,,
NW.6335,5903139633598,,WORKSHOP C pendant light E27 black/coppery,Svetilka viseča WORKSHOP C IP20 črna,00001625,91086973,,kom,94051091,PL,0,,0.53,,0,,0,mm,0,mm,0,mm,,,,,,,,,22,0,,,,,,,,,,,,,,,,,,,,,,,,,,,,,,,,,,,,,,,,,,,,,,,,,,,,,,,,,,,,,,,,,,,,,,,,,,,,,,,,,,,,,,,,,,,,,,,,,,,,,,,,,,,,,,,,,,,,,,,,,,,,,,,,,,,,,,,,,,,,,,,,,,,,,,,,,,,,,,,,,,,,,,,,,,,,,,,,,,,,
NW.6336,5903139633697,svetila_si|svetila_si_en,WORKSHOP B pendant light E27 black/coppery,Svetilka viseča WORKSHOP B IP20 črna,00001625,91086973,,kom,94051091,PL,0,,0.51,,0,,0,mm,0,mm,0,mm,Interior lighting > Suspended lamps,Notranja svetila > Viseča svetila,,,,,,,22,0,,,,,//pim.nowodvorski.com/media/files/6336.jpg,,,,,,,,,,,,,,,,E27,0,,25W only LED,,,,,,,NW.6336,,,,,,3,cm,8,cm,,,,,,,WORKSHOP,,,,,,,,,,,,,,,,,,,,,,,,,,,,,,,,,,,,,,,,50/60,Hz,,,Possible by a qualified electrician,,,,,21,cm,,,,,,,,,,IP20,,,,,,,,,,,,,,,,,,,,,,,,0,1,1,,9405199000,,16.5,,,cm,,,25.5,,,cm,,,6.94,dm³,16.5,,,cm,,,,,,,,,,,,,,,,,,~220-230,V,,,,,,,
NW.6337,5903139633796,svetila_si|svetila_si_en,WORKSHOP A pendant light E27 black/coppery,Svetilka viseča WORKSHOP A IP20 črna,00001625,91086973,,kom,94051091,PL,0,,0.75,,0,,0,mm,0,mm,0,mm,Interior lighting > Suspended lamps,Notranja svetila > Viseča svetila,,,,,,,22,0,,,,,//pim.nowodvorski.com/media/files/6337.jpg,,,,,,,,,,,,,,,,E27,0,,25W only LED,,,,,,,NW.6337,,,,,,3,cm,8,cm,,,,,,,WORKSHOP,,,,,,,,,,,,,,,,,,,,,,,,,,,,,,,,,,,,,,,,50/60,Hz,,,Possible by a qualified electrician,,,,,25,cm,,,,,,,,,,IP20,,,,,,,,,,,,,,,,,,,,,,,,0,1,1,,9405199000,,26,,,cm,,,23.5,,,cm,,,14.36,dm³,23.5,,,cm,,,,,,,,,,,,,,,,,,~220-230,V,,,,,,,
NW.6345,5903139634595,svetila_si|svetila_si_en,STRAIGHT XS wall light E14 white,Svetilka stenska STRAIGHT WALL XS IP20 bela,00001625,91086973,,kom,94051091,PL,0,,0.57,,0,,0,mm,0,mm,0,mm,Interior lighting > Wall lamps > Sconces,Notranja svetila > Stenska svetila > Svečniki,,,,,,,22,0,,,,,//pim.nowodvorski.com/media/files/6345.jpg,,,,,,,,,,,,,,,,E14,0,,10W only LED,,,,,,,NW.6345,,,,,,,,,,,,,,,,STRAIGHT,,,,,,,,,,,,,,,,,,,,,,,,,,,,,5,cm,,,,,,,,,,50/60,Hz,,,,,,,,,,,,,,,,,,,IP20,,,,,,,,,,,,,,,,,,,,,,,,,1,1,,9405119000,,8,,,cm,,,28,,,cm,,,1.79,dm³,8,,,cm,,,,,,,,,,,,,,,,,,~220-230,V,,,,,,,
NW.6350,5903139635097,svetila_si|svetila_si_en,STRAIGHT wall light E14 anthracite/white,Svetilka stenska STRAIGHT WALL XS IP20 antracit,00001625,91086973,,kom,94051091,PL,0,,0.57,,0,,0,mm,0,mm,0,mm,Interior lighting > Wall lamps > Sconces,Notranja svetila > Stenska svetila > Svečniki,,,,,,,22,0,,,,,//pim.nowodvorski.com/media/files/6350.jpg,,,,,,,,,,,,,,,,E14,0,,10W only LED,,,,,,,NW.6350,,,,,,,,,,,,,,,,STRAIGHT,,,,,,,,,,,,,,,,,,,,,,,,,,,,,5,cm,,,,,,,,,,50/60,Hz,,,,,,,,,,,,,,,,,,,IP20,,,,,,,,,,,,,,,,,,,,,,,,,1,1,,9405119000,,8,,,cm,,,28,,,cm,,,1.79,dm³,8,,,cm,,,,,,,,,,,,,,,,,,~220-230,V,,,,,,,
NW.6354,5903139635493,,STRAIGHT XS wall light E14 silver/white,Svetilka stenska STRAIGHT WALL XS IP20 srebrna,00001625,91086973,,kom,94051091,PL,0,,0.57,,0,,0,mm,0,mm,0,mm,,,,,,,,,22,0,,,,,,,,,,,,,,,,,,,,,,,,,,,,,,,,,,,,,,,,,,,,,,,,,,,,,,,,,,,,,,,,,,,,,,,,,,,,,,,,,,,,,,,,,,,,,,,,,,,,,,,,,,,,,,,,,,,,,,,,,,,,,,,,,,,,,,,,,,,,,,,,,,,,,,,,,,,,,,,,,,,,,,,,,,,,,,,,,,,,
NW.6367,5903139636797,svetila_si|svetila_si_en,HEMISPHERE I S pendant light E27 rust effect,Svetilka viseča HEMISPHERE I S IP20 rjava,00001625,91086973,,kom,94051091,PL,0,,0.99,,0,,0,mm,0,mm,0,mm,Interior lighting > Suspended lamps,Notranja svetila > Viseča svetila,,,,,,,22,0,,,,,//pim.nowodvorski.com/media/files/6367.jpg,,,,,,,,,,,,,,,,E27,0,,25W only LED,,,,,,,NW.6367,,,,,,7.5,cm,5.5,cm,,,,,,,HEMISPHERE,,,,,,,,,,,,,,,,,,,,,,,,,,,,,,,,,,,,,,,,50/60,Hz,,,Possible by a qualified electrician,,,,,16.5,cm,,,,,,,,,,IP20,,,,,,,,,,,,,,,,,,,,,,,,0,1,1,,9405199000,,20,,,cm,,,36,,,cm,,,25.92,dm³,36,,,cm,,,,,,,,,,,,,,,,,,~220-230,V,,,33,cm,,,
NW.6368,5903139636896,svetila_si|svetila_si_en,HEMISPHERE I L pendant light E27 rust effect,Svetilka viseča HEMISPHERE I L IP20 rjava,00001625,91086973,,kom,94051091,PL,0,,2.99,,0,,0,mm,0,mm,0,mm,Interior lighting > Suspended lamps,Notranja svetila > Viseča svetila,,,,,,,22,0,,,,,//pim.nowodvorski.com/media/files/6368.jpg,,,,,,,,,,,,,,,,E27,0,,25W only LED,,,,,,,NW.6368,,,,,,,,12,cm,,,,,,,HEMISPHERE,,,,,,,,,,,,,,,,,,,,,,,,,,,,,,,,,,,,,,,,50/60,Hz,,,Possible by a qualified electrician,60-130,cm,,,24.5,cm,,,,,,,,,,IP20,,,,,,,,,,,,,,,,,,,,,,,,,1,1,,9405199000,,28.2,,,cm,,,51,,,cm,,,71.91,dm³,50,,,cm,,,,,,,,,,,,,,,,,,~220-230,V,,,50,cm,,,
NW.6384,5903139638494,,PUZZLE IV wall light GU10 multicolour,Svetilka stenska PUZZLE IV IP20 pisana,00001625,91086973,,kom,94051091,PL,0,,1.39,,0,,0,mm,0,mm,0,mm,,,,,,,,,22,0,,,,,,,,,,,,,,,,,,,,,,,,,,,,,,,,,,,,,,,,,,,,,,,,,,,,,,,,,,,,,,,,,,,,,,,,,,,,,,,,,,,,,,,,,,,,,,,,,,,,,,,,,,,,,,,,,,,,,,,,,,,,,,,,,,,,,,,,,,,,,,,,,,,,,,,,,,,,,,,,,,,,,,,,,,,,,,,,,,,,
NW.6390,5903139639095,svetila_si|svetila_si_en,VIVIANE pendant light E27 black/white,Svetilka viseča VIVIANE IP20 črna,00001625,91086973,,kom,94051091,PL,0,,2.55,,0,,0,mm,0,mm,0,mm,Interior lighting > Ceiling lamps > Flush mounted lamps,Notranja svetila > Stropna svetila > Nadgradne svetilke,,,,,,,22,0,,,,,//pim.nowodvorski.com/media/files/6390.jpg,,,,,,,,,,,,,,,,E27,0,,25W only LED,,,,,,,NW.6390,,,,,,3,cm,15,cm,,,,,,,VIVIANE,,,,,,,,,,,,,,,,,,,,,,,,,,,,,,,,,,,,,T012,,,50/60,Hz,,,,,,,,16,cm,,,,,,,,,,IP20,,,,,,,,,,,,,,,,,,,,,,,,1,3,1,,9405199000,,36,,,cm,,,53,,,cm,,,101.12,dm³,53,,,cm,,,,,,,,,,,,,,,,,,~220-230,V,,,,,,,
NW.6391,5903139639194,svetila_si|svetila_si_en,VIVIANE pendant light E27 white,Svetilka viseča VIVIANE IP20 bela,00001625,91086973,,kom,94051091,PL,0,,2.55,,0,,0,mm,0,mm,0,mm,Interior lighting > Ceiling lamps > Flush mounted lamps,Notranja svetila > Stropna svetila > Nadgradne svetilke,,,,,,,22,0,,,,,//pim.nowodvorski.com/media/files/6391.jpg,,,,,,,,,,,,,,,,E27,0,,25W only LED,,,,,,,NW.6391,,,,,,3,cm,15,cm,,,,,,,VIVIANE,,,,,,,,,,,,,,,,,,,,,,,,,,,,,,,,,,,,,T004,,,50/60,Hz,,,,,,,,16,cm,,,,,,,,,,IP20,,,,,,,,,,,,,,,,,,,,,,,,1,3,1,,9405199000,,36,,,cm,,,53,,,cm,,,101.12,dm³,53,,,cm,,,,,,,,,,,,,,,,,,~220-230,V,,,,,,,
NW.6400,5903139640091,,SILICONE pendant light E27 turquoise,Svetilka viseča SILICONE dekorativna  IP20 turkizna (R5),00001625,00001625,,kom,94051091,PL,0,,0.14,,0,,0,mm,0,mm,0,mm,,,,,14.15,,,,22,0,,,,,,,,,,,,,,,,,,,,,,,,,,,,,,,,,,,,,,,,,,,,,,,,,,,,,,,,,,,,,,,,,,,,,,,,,,,,,,,,,,,,,,,,,,,,,,,,,,,,,,,,,,,,,,,,,,,,,,,,,,,,,,,,,,,,,,,,,,,,,,,,,,,,,,,,,,,,,,,,,,,,,,,,,,,,,,,,,,,,
NW.6401,5903139640190,,,Svetilka viseča SILICONE dekorativna  IP20 rdeča (R5),00001625,00001625,,kom,94051091,PL,0,,0.16,,0,,0,mm,0,mm,0,mm,,,,,14.15,,,,22,0,,,,,,,,,,,,,,,,,,,,,,,,,,,,,,,,,,,,,,,,,,,,,,,,,,,,,,,,,,,,,,,,,,,,,,,,,,,,,,,,,,,,,,,,,,,,,,,,,,,,,,,,,,,,,,,,,,,,,,,,,,,,,,,,,,,,,,,,,,,,,,,,,,,,,,,,,,,,,,,,,,,,,,,,,,,,,,,,,,,,
NW.6402,5903139640299,,,Svetilka viseča SILICONE dekorativna  IP20 modra (R5),00001625,00001625,,kom,94051091,PL,0,,0.16,,0,,0,mm,0,mm,0,mm,,,,,14.15,,,,22,0,,,,,,,,,,,,,,,,,,,,,,,,,,,,,,,,,,,,,,,,,,,,,,,,,,,,,,,,,,,,,,,,,,,,,,,,,,,,,,,,,,,,,,,,,,,,,,,,,,,,,,,,,,,,,,,,,,,,,,,,,,,,,,,,,,,,,,,,,,,,,,,,,,,,,,,,,,,,,,,,,,,,,,,,,,,,,,,,,,,,
NW.6403,5903139640398,svetila_si|svetila_si_en,SILICONE pendant light E27 white,Svetilka viseča SILICONE IP20 bela,00001625,91086973,,kom,94051091,PL,0,,0.16,,0,,0,mm,0,mm,0,mm,Interior lighting > Suspended lamps,Notranja svetila > Viseča svetila,,,,,,,22,0,,,,,//pim.nowodvorski.com/media/files/6403.jpg,,,,,,,,,,,,,,,,E27,0,,25W only LED,,,,,,,NW.6403,,,,,,,,,,,,,,,,SILICONE,,,,,,,,,,,,,,,,,,,,,,,,,,,,,,,,,,,,,,,,50/60,Hz,,,Possible by a qualified electrician,,,,,,,,,,,,,,,,IP20,,,,,,,,,,,,,,,,,,,,,,,,,1,1,,9405199000,,23,,,cm,,,17,,,cm,,,1.96,dm³,5,,,cm,,,,,,,,,,,,,,,,,,~220-230,V,,,,,,,
NW.6404,5903139640497,svetila_si|svetila_si_en,SILICONE pendant light E27 black,Svetilka viseča SILICONE IP20 črna,00001625,91086973,,kom,94051091,PL,0,,0.16,,0,,0,mm,0,mm,0,mm,Interior lighting > Suspended lamps,Notranja svetila > Viseča svetila,,,,,,,22,0,,,,,//pim.nowodvorski.com/media/files/6404.jpg,,,,,,,,,,,,,,,,E27,0,,25W only LED,,,,,,,NW.6404,,,,,,,,,,,,,,,,SILICONE,,,,,,,,,,,,,,,,,,,,,,,,,,,,,,,,,,,,,,,,50/60,Hz,,,Possible by a qualified electrician,,,,,,,,,,,,,,,,IP20,,,,,,,,,,,,,,,,,,,,,,,,,1,1,,9405199000,,23,,,cm,,,17,,,cm,,,1.96,dm³,5,,,cm,,,,,,,,,,,,,,,,,,~220-230,V,,,,,,,
NW.6405,5903139640596,,SILICONE pendant light E27 green,Svetilka viseča SILICONE dekorativna  IP20 zelena (R5),00001625,00001625,,kom,94051091,PL,0,,0.16,,0,,0,mm,0,mm,0,mm,,,,,14.65,,,,22,0,,,,,,,,,,,,,,,,,,,,,,,,,,,,,,,,,,,,,,,,,,,,,,,,,,,,,,,,,,,,,,,,,,,,,,,,,,,,,,,,,,,,,,,,,,,,,,,,,,,,,,,,,,,,,,,,,,,,,,,,,,,,,,,,,,,,,,,,,,,,,,,,,,,,,,,,,,,,,,,,,,,,,,,,,,,,,,,,,,,,
NW.6442,5903139644297,svetila_si|svetila_si_en,GARRET I wall light E27 chocolate/coppery,Svetilka stenska GARRET I IP20 črna,00001625,91086973,,kom,94051091,PL,0,,0.78,,0,,0,mm,0,mm,0,mm,Interior lighting > Wall lamps > Sconces,Notranja svetila > Stenska svetila > Svečniki,,,,,,,22,0,,,,,//pim.nowodvorski.com/media/files/6442.jpg,,,,,,,,,,,,,,,,E27,0,,25W only LED,,,,,,,NW.6442,,,,,,,,15,cm,,,,,,,GARRET,,,,,,,,,,,,,,,,,,,,,,,,,,,,,44,cm,,,,,,,,,,50/60,Hz,,,,,,,,,,,,,,,,,,,IP20,,,,,,,,,,,,,,,,,,,,,,,,,1,1,,9405199000,,25,,,cm,,,29,,,cm,,,18.13,dm³,25,,,cm,,,,,,,,,,,,,,,,,,~220-230,V,,,25,cm,,,
NW.6443,5903139644396,svetila_si|svetila_si_en,GARRET I S pendant light E27 chocolate/coppery,Svetilka viseča GARRET I S IP20 črna,00001625,91086973,,kom,94051091,PL,0,,0.88,,0,,0,mm,0,mm,0,mm,Interior lighting > Suspended lamps,Notranja svetila > Viseča svetila,,,,,,,22,0,,,,,//pim.nowodvorski.com/media/files/6443.jpg,,,,,,,,,,,,,,,,E27,0,,25W only LED,,,,,,,NW.6443,,,,,,5.3,cm,9,cm,,,,,,,GARRET,,,,,,,,,,,,,,,,,,,,,,,,,,,,,,,,,,,,,,,,50/60,Hz,,,Possible by a qualified electrician,,,,,11,cm,,,,,,,,,,IP20,,,,,,,,,,,,,,,,,,,,,,,,,1,1,,9405199000,,21.5,,,cm,,,36.8,,,cm,,,29.04,dm³,36.7,,,cm,,,,,,,,,,,,,,,,,,~220-230,V,,,34,cm,,,
NW.6444,5903139644495,svetila_si|svetila_si_en,GARRET I M pendant light E27 chocolate/coppery,Svetilka viseča GARRET I M IP20 črna,00001625,91086973,,kom,94051091,PL,0,,1.16,,0,,0,mm,0,mm,0,mm,Interior lighting > Suspended lamps,Notranja svetila > Viseča svetila,,,75.66,,,,22,0,,,,,//pim.nowodvorski.com/media/files/6444.jpg,,,,,,,,,,,,,,,,E27,0,,25W only LED,,,,,,,NW.6444,,,,,,,,9,cm,,,,,,,GARRET,,,,,,,,,,,,,,,,,,,,,,,,,,,,,,,,,,,,,,,,50/60,Hz,,,Possible by a qualified electrician,,,,,15,cm,,,,,,,,,,IP20,,,,,,,,,,,,,,,,,,,,,,,,,1,1,,9405199000,,11,,,cm,,,51,,,cm,,,28.61,dm³,51,,,cm,,,,,,,,,,,,,,,,,,~220-230,V,,,50,cm,,,
NW.6481,5903139648196,svetila_si|svetila_si_en,EYE III pendant light GU10 white,"Svetilka dekorativna ""EYE WHITE III zwis""",00001625,91086973,,kom,,PL,0,,3.55,,0,,0,mm,0,mm,0,mm,Interior lighting > Suspended lamps,Notranja svetila > Viseča svetila,,,,,,,22,0,,,,,//pim.nowodvorski.com/media/files/6481.jpg,,,,,,,,,,,,,,,,GU10 R50,0,,3x10W only LED,,,,,,,NW.6481,,,,,,3,cm,6.5,cm,,,,,,,EYE,,,,,,,,,,,,,,,,,,,,,,,,,,,,,,,,,,,,,,,,50/60,Hz,,,Possible by a qualified electrician,,,,,40,cm,,,,,,,,,,IP20,,,,,,,,,,,,,,,,,,,,,,,,2,3,1,,9405199000,,9,,,cm,,,64,,,cm,,,14.11,dm³,24.5,,,cm,,,,,1/2,,,62,cm,,,,,,,,,~220-230,V,,,,,,,
NW.6487,5903139648790,svetila_si|svetila_si_en,EYE SUPER I wall light GU10 white,Svetilka stenska EYE SUPER I IP20 bela,00001625,91086973,,kom,94051091,PL,0,,0.9,,0,,0,mm,0,mm,0,mm,Interior lighting > Wall lamps > Adjustable lamps,Notranja svetila > Stenska svetila > Gibljive svetilke,,,,,,,22,0,,,,,//pim.nowodvorski.com/media/files/6487.jpg,,,,,,,,,,,,,,,,GU10 R50,0,,10W only LED,,,,,,,NW.6487,,,,,,,,,,,,,,,,EYE SUPER,,,,,,,,,,,,,,,,,,,,,,,,,,,,,44-55,cm,,,,,,,,,,50/60,Hz,,,,,,,,20,cm,,,,,,,,,,IP20,,,,,,,,,,,,,,,,,,,,,,,,0,1,1,,9405199000,,6.5,,,cm,,,63,,,cm,,,11.05,dm³,27,,,cm,,,,,,,,,,,,,,,,,,~220-230,V,,,5.5,cm,,,
NW.6488,5903139648899,svetila_si|svetila_si_en,EYE SUPER I A pendant light GU10 white,Svetilka viseča EYE SUPER I A IP20 bela,00001625,91086973,,kom,94051091,PL,0,,0.7,,0,,0,mm,0,mm,0,mm,Interior lighting > Spotlights and spots,Notranja svetila > Reflektorska svetila,,,,,,,22,0,,,,,//pim.nowodvorski.com/media/files/6488.jpg,,,,,,,,,,,,,,,,GU10 R50,0,,10W only LED,,,,,,,NW.6488,,,,,,3,cm,8,cm,,,,,,,EYE SUPER,,,,,,,,,,,,,,,,,,,,,,,,,,,,,,,,,,,,,,,,50/60,Hz,,,No,,,,,20,cm,,,,,,,,,,IP20,,,,,,,,,,,,,,,,,,,,,,,,0,1,1,,9405199000,,9,,,cm,,,9,,,cm,,,0.73,dm³,9,,,cm,,,,,,,,,,,,,,,,,,~220-230,V,,,5.5,cm,,,
NW.6490,5903139649094,svetila_si|svetila_si_en,EYE SUPER I B pendant light GU10 white,Svetilka viseča EYE SUPER I B IP20 bela,00001625,91086973,,kom,94051091,PL,0,,0.76,,0,,0,mm,0,mm,0,mm,Interior lighting > Spotlights and spots,Notranja svetila > Reflektorska svetila,,,,,,,22,0,,,,,//pim.nowodvorski.com/media/files/6490.jpg,,,,,,,,,,,,,,,,GU10 R50,0,,10W only LED,,,,,,,NW.6490,,,,,,3,cm,8,cm,,,,,,,EYE SUPER,,,,,,,,,,,,,,,,,,,,,,,,,,,,,,,,,,,,,,,,50/60,Hz,,,No,,,,,20,cm,,,,,,,,,,IP20,,,,,,,,,,,,,,,,,,,,,,,,0,1,1,,9405199000,,9,,,cm,,,80,,,cm,,,6.48,dm³,9,,,cm,,,,,,,,,,,,,,,,,,~220-230,V,,,5.5,cm,,,
NW.6491,5903139649193,svetila_si|svetila_si_en,EYE SUPER III ceiling light GU10 white,Svetilka stropna EYE SUPER III IP20 bela,00001625,91086973,,kom,94051091,PL,0,,2.6,,0,,0,mm,0,mm,0,mm,Interior lighting > Spotlights and spots,Notranja svetila > Reflektorska svetila,,,,,,,22,0,,,,,//pim.nowodvorski.com/media/files/6491.jpg,,,,,,,,,,,,,,,,GU10 R50,0,,10W only LED,,,,,,,NW.6491,,,,,,2.5,cm,13,cm,,,,,,,EYE SUPER,,,,,,,,,,,,,,,,,,,,,,,,,,,,,,,,,,,,,,,,50/60,Hz,,,,,,,,20,cm,,,,,,,,,,IP20,,,,,,,,,,,,,,,,,,,,,,,,2,3,1,,9405199000,,92,,,cm,,,26,,,cm,,,32.29,dm³,13.5,,,cm,,,,,1/2,,,,,,,,,,,,,~220-230,V,,,5.5,cm,,,
NW.6492,5903139649292,svetila_si|svetila_si_en,EYE SUPER VI ceiling light GU10 white,Svetilka stropna EYE SUPER VI IP20 bela,00001625,91086973,,kom,94051091,PL,0,,6.48,,0,,0,mm,0,mm,0,mm,Interior lighting > Spotlights and spots,Notranja svetila > Reflektorska svetila,,,,,,,22,0,,,,,//pim.nowodvorski.com/media/files/6492.jpg,,,,,,,,,,,,,,,,GU10 R50,0,,10W only LED,,,,,,,NW.6492,,,,,,2.5,cm,8,cm,,,,,,,EYE SUPER,,,,,,,,,,,,,,,,,,,,,,,,,,,,,,,,,,,,,,,,50/60,Hz,,,No,,,,,20,cm,,,,,,,,,,IP20,,,,,,,,,,,,,,,,,,,,,,,,2,6,1,,9405199000,,25.5,,,cm,,,94.5,,,cm,,,146.99,dm³,61,,,cm,,,,,3/3,,,60,cm,,,,,,,,,~220-230,V,,,5.5,cm,,,
NW.6493,5903139649391,svetila_si|svetila_si_en,EYE SUPER I floor light GU10 white,Svetilka stoječa EYE SUPER I IP20 bela,00001625,91086973,,kom,94051091,PL,0,,4.06,,0,,0,mm,0,mm,0,mm,Interior lighting > Floor lamps,Notranja svetila > Talna svetila,,,98.94,,,,22,0,,,,,//pim.nowodvorski.com/media/files/6493.jpg,,,,,,,,,,,,,,,,GU10 R50,0,,10W only LED,,,,,,,NW.6493,,,,,,,,,,,,,,,,EYE SUPER,,,,,,,,,,,,,,,,,,,,,,,,,,,,,,,,,,,,,,,,50/60,Hz,,,,,,,,,,,,,,,,,,,IP20,,,,,,,,,,,,,,,,,,,,,,,,,1,1,,9405299000,,6.5,,,cm,,,92,,,cm,,,21.53,dm³,36,,,cm,,,,,,,,,,,,,,,,,,~220-230,V,,,,,,,
NW.6494,5903139649490,,EYE SUPER I wall light GU10 anthracite,Svetilka stenska EYE SUPER I IP20 antracit,00001625,91086973,,kom,94051091,PL,0,,0.9,,0,,0,mm,0,mm,0,mm,,,,,,,,,22,0,,,,,,,,,,,,,,,,,,,,,,,,,,,,,,,,,,,,,,,,,,,,,,,,,,,,,,,,,,,,,,,,,,,,,,,,,,,,,,,,,,,,,,,,,,,,,,,,,,,,,,,,,,,,,,,,,,,,,,,,,,,,,,,,,,,,,,,,,,,,,,,,,,,,,,,,,,,,,,,,,,,,,,,,,,,,,,,,,,,,
NW.6495,5903139649599,,EYE SUPER I A pendant light GU10 anthracite,Svetilka viseča EYE SUPER I A IP20 antracit,00001625,91086973,,kom,94051091,PL,0,,0.7,,0,,0,mm,0,mm,0,mm,,,,,,,,,22,0,,,,,,,,,,,,,,,,,,,,,,,,,,,,,,,,,,,,,,,,,,,,,,,,,,,,,,,,,,,,,,,,,,,,,,,,,,,,,,,,,,,,,,,,,,,,,,,,,,,,,,,,,,,,,,,,,,,,,,,,,,,,,,,,,,,,,,,,,,,,,,,,,,,,,,,,,,,,,,,,,,,,,,,,,,,,,,,,,,,,
NW.6496,5903139649698,,EYE SUPER I B pendant light GU10 anthracite,Svetilka viseča EYE SUPER I B IP20 antracit,00001625,91086973,,kom,94051091,PL,0,,0.76,,0,,0,mm,0,mm,0,mm,,,,,,,,,22,0,,,,,,,,,,,,,,,,,,,,,,,,,,,,,,,,,,,,,,,,,,,,,,,,,,,,,,,,,,,,,,,,,,,,,,,,,,,,,,,,,,,,,,,,,,,,,,,,,,,,,,,,,,,,,,,,,,,,,,,,,,,,,,,,,,,,,,,,,,,,,,,,,,,,,,,,,,,,,,,,,,,,,,,,,,,,,,,,,,,,
NW.6497,5903139649797,,EYE SUPER III ceiling light GU10 anthracite,Svetilka stropna EYE SUPER III IP20 antracit,00001625,91086973,,kom,94051091,PL,0,,2.6,,0,,0,mm,0,mm,0,mm,,,,,,,,,22,0,,,,,,,,,,,,,,,,,,,,,,,,,,,,,,,,,,,,,,,,,,,,,,,,,,,,,,,,,,,,,,,,,,,,,,,,,,,,,,,,,,,,,,,,,,,,,,,,,,,,,,,,,,,,,,,,,,,,,,,,,,,,,,,,,,,,,,,,,,,,,,,,,,,,,,,,,,,,,,,,,,,,,,,,,,,,,,,,,,,,
NW.6498,5903139649896,,EYE SUPER VI ceiling light GU10 anthracite,Svetilka stropna EYE SUPER VI IP20 antracit,00001625,91086973,,kom,94051091,PL,0,,6.4,,0,,0,mm,0,mm,0,mm,,,,,,,,,22,0,,,,,,,,,,,,,,,,,,,,,,,,,,,,,,,,,,,,,,,,,,,,,,,,,,,,,,,,,,,,,,,,,,,,,,,,,,,,,,,,,,,,,,,,,,,,,,,,,,,,,,,,,,,,,,,,,,,,,,,,,,,,,,,,,,,,,,,,,,,,,,,,,,,,,,,,,,,,,,,,,,,,,,,,,,,,,,,,,,,,
NW.6500,5903139650090,,EYE SUPER I floor light GU10 anthracite,Svetilka stoječa EYE SUPER I IP20 antracit,00001625,91086973,,kom,94051091,PL,0,,4.06,,0,,0,mm,0,mm,0,mm,,,,,,,,,22,0,,,,,,,,,,,,,,,,,,,,,,,,,,,,,,,,,,,,,,,,,,,,,,,,,,,,,,,,,,,,,,,,,,,,,,,,,,,,,,,,,,,,,,,,,,,,,,,,,,,,,,,,,,,,,,,,,,,,,,,,,,,,,,,,,,,,,,,,,,,,,,,,,,,,,,,,,,,,,,,,,,,,,,,,,,,,,,,,,,,,
NW.6501,5903139650199,svetila_si|svetila_si_en,EYE SUPER I wall light GU10 black,Svetilka stenska EYE SUPER I IP20 črna,00001625,91086973,,kom,94051091,PL,0,,0.9,,0,,0,mm,0,mm,0,mm,Interior lighting > Wall lamps > Adjustable lamps,Notranja svetila > Stenska svetila > Gibljive svetilke,,,,,,,22,0,,,,,//pim.nowodvorski.com/media/files/6501.jpg,,,,,,,,,,,,,,,,GU10 R50,0,,10W only LED,,,,,,,NW.6501,,,,,,,,,,,,,,,,EYE SUPER,,,,,,,,,,,,,,,,,,,,,,,,,,,,,44-55,cm,,,,,,,,,,50/60,Hz,,,,,,,,20,cm,,,,,,,,,,IP20,,,,,,,,,,,,,,,,,,,,,,,,0,1,1,,9405199000,,6.5,,,cm,,,63,,,cm,,,11.05,dm³,27,,,cm,,,,,,,,,,,,,,,,,,~220-230,V,,,5.5,cm,,,
NW.6502,5903139650298,svetila_si|svetila_si_en,EYE SUPER I A pendant light GU10 black,Svetilka viseča EYE SUPER I A IP20 črna,00001625,91086973,,kom,94051091,PL,0,,0.7,,0,,0,mm,0,mm,0,mm,Interior lighting > Spotlights and spots,Notranja svetila > Reflektorska svetila,,,,,,,22,0,,,,,//pim.nowodvorski.com/media/files/6502.jpg,,,,,,,,,,,,,,,,GU10 R50,0,,10W only LED,,,,,,,NW.6502,,,,,,3,cm,8,cm,,,,,,,EYE SUPER,,,,,,,,,,,,,,,,,,,,,,,,,,,,,,,,,,,,,,,,50/60,Hz,,,No,,,,,20,cm,,,,,,,,,,IP20,,,,,,,,,,,,,,,,,,,,,,,,0,1,1,,9405199000,,9,,,cm,,,9,,,cm,,,0.73,dm³,9,,,cm,,,,,,,,,,,,,,,,,,~220-230,V,,,5.5,cm,,,
NW.6503,5903139650397,svetila_si|svetila_si_en,EYE SUPER I B pendant light GU10 black,Svetilka viseča EYE SUPER I B IP20 črna,00001625,91086973,,kom,94051091,PL,0,,0.76,,0,,0,mm,0,mm,0,mm,Interior lighting > Spotlights and spots,Notranja svetila > Reflektorska svetila,,,,,,,22,0,,,,,//pim.nowodvorski.com/media/files/6503.jpg,,,,,,,,,,,,,,,,GU10 R50,0,,10W only LED,,,,,,,NW.6503,,,,,,3,cm,8,cm,,,,,,,EYE SUPER,,,,,,,,,,,,,,,,,,,,,,,,,,,,,,,,,,,,,,,,50/60,Hz,,,No,,,,,20,cm,,,,,,,,,,IP20,,,,,,,,,,,,,,,,,,,,,,,,0,1,1,,9405199000,,9,,,cm,,,80,,,cm,,,6.48,dm³,9,,,cm,,,,,,,,,,,,,,,,,,~220-230,V,,,5.5,cm,,,
NW.6504,5903139650496,svetila_si|svetila_si_en,EYE SUPER III ceiling light GU10 black,Svetilka stropna EYE SUPER III IP20 črna,00001625,91086973,,kom,94051091,PL,0,,2.61,,0,,0,mm,0,mm,0,mm,Interior lighting > Spotlights and spots,Notranja svetila > Reflektorska svetila,,,,,,,22,0,,,,,//pim.nowodvorski.com/media/files/6504.jpg,,,,,,,,,,,,,,,,GU10 R50,0,,10W only LED,,,,,,,NW.6504,,,,,,2.5,cm,13,cm,,,,,,,EYE SUPER,,,,,,,,,,,,,,,,,,,,,,,,,,,,,,,,,,,,,,,,50/60,Hz,,,No,,,,,20,cm,,,,,,,,,,IP20,,,,,,,,,,,,,,,,,,,,,,,,2,3,1,,9405199000,,92,,,cm,,,26,,,cm,,,32.29,dm³,13.5,,,cm,,,,,1/2,,,,,,,,,,,,,~220-230,V,,,5.5,cm,,,
NW.6505,5903139650595,svetila_si|svetila_si_en,EYE SUPER VI ceiling light GU10 black,Svetilka stropna EYE SUPER VI IP20 črna,00001625,91086973,,kom,94051091,PL,0,,6.48,,0,,0,mm,0,mm,0,mm,Interior lighting > Spotlights and spots,Notranja svetila > Reflektorska svetila,,,,,,,22,0,,,,,//pim.nowodvorski.com/media/files/6505.jpg,,,,,,,,,,,,,,,,GU10 R50,0,,10W only LED,,,,,,,NW.6505,,,,,,2.5,cm,8,cm,,,,,,,EYE SUPER,,,,,,,,,,,,,,,,,,,,,,,,,,,,,,,,,,,,,,,,50/60,Hz,,,No,,,,,20,cm,,,,,,,,,,IP20,,,,,,,,,,,,,,,,,,,,,,,,2,6,1,,9405199000,,25.5,,,cm,,,94.5,,,cm,,,146.99,dm³,61,,,cm,,,,,3/3,,,60,cm,,,,,,,,,~220-230,V,,,5.5,cm,,,
NW.6506,5903139650694,svetila_si|svetila_si_en,EYE SUPER I floor light GU10 black,Svetilka stoječa EYE SUPER I IP20 črna,00001625,91086973,,kom,94051091,PL,0,,4.06,,0,,0,mm,0,mm,0,mm,Interior lighting > Floor lamps,Notranja svetila > Talna svetila,,,,,,,22,0,,,,,//pim.nowodvorski.com/media/files/6506.jpg,,,,,,,,,,,,,,,,GU10 R50,0,,10W only LED,,,,,,,NW.6506,,,,,,,,,,,,,,,,EYE SUPER,,,,,,,,,,,,,,,,,,,,,,,,,,,,,,,,,,,,,,,,50/60,Hz,,,,,,,,,,,,,,,,,,,IP20,,,,,,,,,,,,,,,,,,,,,,,,0,1,1,,9405299000,,6.5,,,cm,,,92,,,cm,,,21.52,dm³,36,,,cm,,,,,,,,,,,,,,,,,,~220-230,V,,,,,,,
NW.6510,5903139651097,,WORKS I pendant light E27 concrete/white,Svetilka viseča WORKS I IP20 siva,00001625,91086973,,kom,94051091,PL,0,,1.51,,0,,0,mm,0,mm,0,mm,,,,,,,,,22,0,,,,,,,,,,,,,,,,,,,,,,,,,,,,,,,,,,,,,,,,,,,,,,,,,,,,,,,,,,,,,,,,,,,,,,,,,,,,,,,,,,,,,,,,,,,,,,,,,,,,,,,,,,,,,,,,,,,,,,,,,,,,,,,,,,,,,,,,,,,,,,,,,,,,,,,,,,,,,,,,,,,,,,,,,,,,,,,,,,,,
NW.6512,5903139651295,svetila_si|svetila_si_en,VIPER I wall light E14 white,Svetilka stenska VIPER I IP20 bela,00001625,91086973,,kom,94051091,PL,0,,0.97,,0,,0,mm,0,mm,0,mm,Interior lighting > Wall lamps > Adjustable lamps,Notranja svetila > Stenska svetila > Gibljive svetilke,,,,,,,22,0,,,,,//pim.nowodvorski.com/media/files/6512.jpg,,,,,,,,,,,,,,,,E14,0,,10W only LED,,,,,,,NW.6512,,,,,,,,,,,,,,,,VIPER,,,,,,,,,,,,,,,,,,,,,,,,,,,,,41-67,cm,,,,,,,T004,,,50/60,Hz,,,,,,,,16,cm,,,,,,,,,,IP20,,,,,,,,,,,,,,,,,,,,,,,,0,1,2,,9405199000,,13,19.5,,cm,cm,,75.5,25,,cm,cm,,8.83,dm³,9,24,,cm,cm,,,,,,,,,,,,,,,,,~220-230,V,,,23,cm,,,
NW.6513,5903139651394,svetila_si|svetila_si_en,VIPER I wall light E14 black/black,Svetilka stenska VIPER I IP20 črna,00001625,91086973,,kom,94051091,PL,0,,0.97,,0,,0,mm,0,mm,0,mm,Interior lighting > Wall lamps > Adjustable lamps,Notranja svetila > Stenska svetila > Gibljive svetilke,,,,,,,22,0,,,,,//pim.nowodvorski.com/media/files/6513.jpg,,,,,,,,,,,,,,,,E14,0,,10W only LED,,,,,,,NW.6513,,,,,,,,,,,,,,,,VIPER,,,,,,,,,,,,,,,,,,,,,,,,,,,,,41-67,cm,,,,,,,T013,,,50/60,Hz,,,,,,,,16,cm,,,,,,,,,,IP20,,,,,,,,,,,,,,,,,,,,,,,,0,1,2,,9405199000,,13,19.5,,cm,cm,,75.5,25,,cm,cm,,8.83,dm³,9,24,,cm,cm,,,,,,,,,,,,,,,,,~220-230,V,,,23,cm,,,
NW.6525,5903139652599,svetila_si|svetila_si_en,POINT PLEXI M ceiling light GU10 white,Svetilka stropna POINT PLEXI M IP20 bela,00001625,91086973,,kom,94051091,PL,0,,0.72,,0,,0,mm,0,mm,0,mm,Interior lighting > Downlights > Surfaced mounted,Notranja svetila > Downlights > Nadgradne svetilke,,,,,,,22,0,,,,,//pim.nowodvorski.com/media/files/6525.jpg,,,,,,,,,,,,,,,,GU10 R50,0,,10W only LED,,,,,,,NW.6525,,,,,,,,,,,,,,,,POINT PLEXI,,,,,,,,,,,,,,,,,,,,,,,,,,,,,,,,,,,,,,,,50/60,Hz,,,,,,,,,,,,,,,,,,,IP20,,,,,,,,,,,,,,,,,,,,,,,,0,1,1,,9405199000,,14,,,cm,,,13.5,,,cm,,,"2,55",dm³,13.5,,,cm,,,,,,,,,,,,,,,,,,~220-230,V,,,,,,,
NW.6526,5903139652698,svetila_si|svetila_si_en,POINT PLEXI M ceiling light GU10 black/white,Svetilka stropna POINT PLEXI M IP20 črna,00001625,91086973,,kom,94051091,PL,0,,0.72,,0,,0,mm,0,mm,0,mm,Interior lighting > Downlights > Surfaced mounted,Notranja svetila > Downlights > Nadgradne svetilke,,,,,,,22,0,,,,,//pim.nowodvorski.com/media/files/6526.jpg,,,,,,,,,,,,,,,,GU10 R50,0,,10W only LED,,,,,,,NW.6526,,,,,,,,,,,,,,,,POINT PLEXI,,,,,,,,,,,,,,,,,,,,,,,,,,,,,,,,,,,,,,,,50/60,Hz,,,,,,,,,,,,,,,,,,,IP20,,,,,,,,,,,,,,,,,,,,,,,,0,1,1,,9405199000,,14,,,cm,,,13.5,,,cm,,,2.55,dm³,13.5,,,cm,,,,,,,,,,,,,,,,,,~220-230,V,,,,,,,
NW.6527,5903139652797,,POINT PLEXI M ceiling light GU10 silver/white,Svetilka stropna POINT PLEXI M IP20 srebrna,00001625,91086973,,kom,94051091,PL,0,,0.72,,0,,0,mm,0,mm,0,mm,,,,,,,,,22,0,,,,,,,,,,,,,,,,,,,,,,,,,,,,,,,,,,,,,,,,,,,,,,,,,,,,,,,,,,,,,,,,,,,,,,,,,,,,,,,,,,,,,,,,,,,,,,,,,,,,,,,,,,,,,,,,,,,,,,,,,,,,,,,,,,,,,,,,,,,,,,,,,,,,,,,,,,,,,,,,,,,,,,,,,,,,,,,,,,,,
NW.6528,5903139652896,svetila_si|svetila_si_en,POINT PLEXI L ceiling light E27 white,Svetilka stropna POINT PLEXI L IP20 bela,00001625,91086973,,kom,94051091,PL,0,,1.03,,0,,0,mm,0,mm,0,mm,Interior lighting > Downlights > Surfaced mounted,Notranja svetila > Downlights > Nadgradne svetilke,,,27.83,,,,22,0,,,,,//pim.nowodvorski.com/media/files/6528.jpg,,,,,,,,,,,,,,,,E27,0,,20W,,,,,,,NW.6528,,,,,,,,,,,,,,,,POINT PLEXI,,,,,,,,,,,,,,,,,,,,,,,,,,,,,,,,,,,,,,,,50/60,Hz,,,,,,,,,,,,,,,,,,,IP20,,,,,,,,,,,,,,,,,,,,,,,,0,1,1,,9405199000,,21,,,cm,,,13.5,,,cm,,,3.82,dm³,13.5,,,cm,,,,,,,,,,,,,,,,,,~220-230,V,,,,,,,
NW.6530,5903139653091,svetila_si|svetila_si_en,POINT PLEXI L ceiling light E27 black/white,Svetilka stropna POINT PLEXI L IP20 črna,00001625,91086973,,kom,94051091,PL,0,,1.03,,0,,0,mm,0,mm,0,mm,Interior lighting > Downlights > Surfaced mounted,Notranja svetila > Downlights > Nadgradne svetilke,,,,,,,22,0,,,,,//pim.nowodvorski.com/media/files/6530.jpg,,,,,,,,,,,,,,,,E27,0,,20W,,,,,,,NW.6530,,,,,,,,,,,,,,,,POINT PLEXI,,,,,,,,,,,,,,,,,,,,,,,,,,,,,,,,,,,,,,,,50/60,Hz,,,,,,,,,,,,,,,,,,,IP20,,,,,,,,,,,,,,,,,,,,,,,,0,1,1,,9405199000,,21,,,cm,,,13.5,,,cm,,,3.82,dm³,13.5,,,cm,,,,,,,,,,,,,,,,,,~220-230,V,,,,,,,
NW.6532,5903139653299,svetila_si|svetila_si_en,VIVIANE pendant light E27 grey/white,Svetilka viseča VIVIANE IP20 siva,00001625,91086973,,kom,94051091,PL,0,,2.55,,0,,0,mm,0,mm,0,mm,Interior lighting > Ceiling lamps > Flush mounted lamps,Notranja svetila > Stropna svetila > Nadgradne svetilke,,,,,,,22,0,,,,,//pim.nowodvorski.com/media/files/6532.jpg,,,,,,,,,,,,,,,,E27,0,,25W only LED,,,,,,,NW.6532,,,,,,3,cm,15,cm,,,,,,,VIVIANE,,,,,,,,,,,,,,,,,,,,,,,,,,,,,,,,,,,,,T022,,,50/60,Hz,,,,,,,,16,cm,,,,,,,,,,IP20,,,,,,,,,,,,,,,,,,,,,,,,1,3,1,,9405199000,,36,,,cm,,,53,,,cm,,,101.12,dm³,53,,,cm,,,,,,,,,,,,,,,,,,~220-230,V,,,,,,,
NW.6541,5903139654197,svetila_si|svetila_si_en,HAWK II pendant light E27 grey/white,Svetilka viseča HAWK II IP20 siva,00001625,91086973,,kom,94051091,PL,0,,6.65,,0,,0,mm,0,mm,0,mm,Interior lighting > Ceiling lamps > Flush mounted lamps,Notranja svetila > Stropna svetila > Nadgradne svetilke,,,190.97,,,,22,0,,,,,//pim.nowodvorski.com/media/files/6541.jpg,,,,,,,,,,,,,,,,E27,0,,25W only LED,,,,,,,NW.6541,,,,,,3,cm,12.5,cm,,,,,,,HAWK,,,,,,,,,,,,,,,,,,,,,,,,,,,,,,,,,,,,,T022,,,50/60,Hz,,,No,,,,,16,cm,,,,,,,,,,IP20,,,,,,,,,,,,,,,,,,,,,,,,2,6,1,,9405199000,,36,,,cm,,,97,,,cm,,,157.14,dm³,45,,,cm,,,,,3/3,,,,,,,,,,,,,~220-230,V,,,40.5,cm,,,
NW.6605,5903139660594,svetila_si|svetila_si_en,WORKSHOP I A wall light E27 black/coppery,Svetilka stenska WORKSHOP I A IP20 črna,00001625,91086973,,kom,94051091,PL,0,,0.51,,0,,0,mm,0,mm,0,mm,Interior lighting > Wall lamps > Sconces,Notranja svetila > Stenska svetila > Svečniki,,,,,,,22,0,,,,,//pim.nowodvorski.com/media/files/6605.jpg,,,,,,,,,,,,,,,,E27,0,,25W only LED,,,,,,,NW.6605,,,,,,,,,,,,,,,,WORKSHOP,,,,,,,,,,,,,,,,,,,,,,,,,,,,,19,cm,,,,,,,,,,50/60,Hz,,,,,,,,,,,,,,,,,,,IP20,,,,,,,,,,,,,,,,,,,,,,,,0,1,1,,9405199000,,11.5,,,cm,,,31.5,,,cm,,,5.43,dm³,13.5,,,cm,,,,,,,,,,,,,,,,,,~220-230,V,,,,,,,
NW.6606,5903139660693,,WORKSHOP I B wall light E27 black/coppery,Svetilka stenska WORKSHOP I B IP20 črna,00001625,91086973,,kom,94051091,PL,0,,0.56,,0,,0,mm,0,mm,0,mm,,,,,,,,,22,0,,,,,,,,,,,,,,,,,,,,,,,,,,,,,,,,,,,,,,,,,,,,,,,,,,,,,,,,,,,,,,,,,,,,,,,,,,,,,,,,,,,,,,,,,,,,,,,,,,,,,,,,,,,,,,,,,,,,,,,,,,,,,,,,,,,,,,,,,,,,,,,,,,,,,,,,,,,,,,,,,,,,,,,,,,,,,,,,,,,,
NW.6607,5903139660792,svetila_si|svetila_si_en,EYE SPOT VI ceiling light GU10 white/chrome,Svetilka stropna EYE SPOT VI IP20 bela,00001625,91086973,,kom,94051091,PL,0,,2.39,,0,,0,mm,0,mm,0,mm,Interior lighting > Spotlights and spots,Notranja svetila > Reflektorska svetila,,,96.96,,,,22,0,,,,,//pim.nowodvorski.com/media/files/6607.jpg,,,,,,,,,,,,,,,,GU10 R50,0,,6x10W only  LED,,,,,,,NW.6607,,,,,,3,cm,4,cm,,,,,,,EYE SPOT,,,,,,,,,,,,,,,,,,,,,,,,,,,,,,,,,,,,,,,,50/60,Hz,,,,,,,,9.6,cm,,,,,,,,,,IP20,,,,,,,,,,,,,,,,,,,,,,,,2,6,1,,9405199000,,6.5,,,cm,,,123,,,cm,,,11.2,dm³,14,,,cm,,,,,3/3,,,119,cm,,,,,,,,,~220-230,V,,,5.5,cm,,,
NW.6608,5903139660891,,EYE SPOT VI ceiling light GU10 silver,Svetilka stropna EYE SPOT VI IP20 srebrna,00001625,91086973,,kom,94051091,PL,0,,2.39,,0,,0,mm,0,mm,0,mm,,,,,,,,,22,0,,,,,,,,,,,,,,,,,,,,,,,,,,,,,,,,,,,,,,,,,,,,,,,,,,,,,,,,,,,,,,,,,,,,,,,,,,,,,,,,,,,,,,,,,,,,,,,,,,,,,,,,,,,,,,,,,,,,,,,,,,,,,,,,,,,,,,,,,,,,,,,,,,,,,,,,,,,,,,,,,,,,,,,,,,,,,,,,,,,,
NW.6610,5903139661096,,EYE SPOT VI ceiling light GU10 anthracite,Svetilka stropna EYE SPOT VI IP20 antracit,00001625,91086973,,kom,94051091,PL,0,,2.39,,0,,0,mm,0,mm,0,mm,,,,,,,,,22,0,,,,,,,,,,,,,,,,,,,,,,,,,,,,,,,,,,,,,,,,,,,,,,,,,,,,,,,,,,,,,,,,,,,,,,,,,,,,,,,,,,,,,,,,,,,,,,,,,,,,,,,,,,,,,,,,,,,,,,,,,,,,,,,,,,,,,,,,,,,,,,,,,,,,,,,,,,,,,,,,,,,,,,,,,,,,,,,,,,,,
NW.6611,5903139661195,svetila_si|svetila_si_en,EYE SPOT VI ceiling light GU10 black,Svetilka stropna EYE SPOT VI IP20 črna,00001625,91086973,,kom,94051091,PL,0,,2.39,,0,,0,mm,0,mm,0,mm,Interior lighting > Spotlights and spots,Notranja svetila > Reflektorska svetila,,,,,,,22,0,,,,,//pim.nowodvorski.com/media/files/6611.jpg,,,,,,,,,,,,,,,,GU10 R50,0,,6x10W only  LED,,,,,,,NW.6611,,,,,,3,cm,4,cm,,,,,,,EYE SPOT,,,,,,,,,,,,,,,,,,,,,,,,,,,,,,,,,,,,,,,,50/60,Hz,,,,,,,,9.6,cm,,,,,,,,,,IP20,,,,,,,,,,,,,,,,,,,,,,,,2,6,1,,9405199000,,6.5,,,cm,,,123,,,cm,,,11.2,dm³,14,,,cm,,,,,3/3,,,119,cm,,,,,,,,,~220-230,V,,,5.5,cm,,,
NW.6612,5903139661294,,WORKS I pendant light E27 white,Svetilka viseča WORKS I IP20 bela,00001625,91086973,,kom,94051091,PL,0,,1.51,,0,,0,mm,0,mm,0,mm,,,,,,,,,22,0,,,,,,,,,,,,,,,,,,,,,,,,,,,,,,,,,,,,,,,,,,,,,,,,,,,,,,,,,,,,,,,,,,,,,,,,,,,,,,,,,,,,,,,,,,,,,,,,,,,,,,,,,,,,,,,,,,,,,,,,,,,,,,,,,,,,,,,,,,,,,,,,,,,,,,,,,,,,,,,,,,,,,,,,,,,,,,,,,,,,
NW.6613,5903139661393,svetila_si|svetila_si_en,WORKS I pendant light E27 black/white,Svetilka viseča WORKS I IP20 črna,00001625,91086973,,kom,94051091,PL,0,,1.51,,0,,0,mm,0,mm,0,mm,Interior lighting > Suspended lamps,Notranja svetila > Viseča svetila,,,54.71,,,,22,0,,,,,//pim.nowodvorski.com/media/files/6613.jpg,,,,,,,,,,,,,,,,E27,0,,25W only LED,,,,,,,NW.6613,,,,,,3,cm,8,cm,,,,,,,WORKS,,,,,,,,,,,,,,,,,,,,,,,,,,,,,,,,,,,,,,,,50/60,Hz,,,Possible by a qualified electrician,,,,,23,cm,,,,,,,,,,IP20,,,,,,,,,,,,,,,,,,,,,,,,,1,1,,9405199000,,20.9,,,cm,,,37,,,cm,,,28.15,dm³,36.4,,,cm,,,,,,,,,,,,,,,,,,~220-230,V,,,33,cm,,,
NW.6640,5903139664097,svetila_si|svetila_si_en,VIPER I pendant light E27 white,Svetilka viseča VIPER I IP20 bela,00001625,91086973,,kom,94051091,PL,0,,1.82,,0,,0,mm,0,mm,0,mm,Interior lighting > Ceiling lamps > Flush mounted lamps,Notranja svetila > Stropna svetila > Nadgradne svetilke,,,,,,,22,0,,,,,//pim.nowodvorski.com/media/files/6640.jpg,,,,,,,,,,,,,,,,E27,0,,25W only LED,,,,,,,NW.6640,,,,,,3,cm,10,cm,,,,,,,VIPER,,,,,,,,,,,,,,,,,,,,,,,,,,,,,,,,,,,,,T004,,,50/60,Hz,,,No,,,,,25.5,cm,,,,,,,,,,IP20,,,,,,,,,38,cm,,,100,cm,,,,,,,,,,0,1,2,,9405199000,,11,30,,cm,cm,,150.5,39,,cm,cm,,23.18,dm³,14,39,,cm,cm,,,,,,,,,,,,,,,,,~220-230,V,,,37,cm,,,
NW.6641,5903139664196,svetila_si|svetila_si_en,VIPER I pendant light E27 black/black,Svetilka viseča VIPER I IP20 črna,00001625,91086973,,kom,94051091,PL,0,,1.82,,0,,0,mm,0,mm,0,mm,Interior lighting > Ceiling lamps > Flush mounted lamps,Notranja svetila > Stropna svetila > Nadgradne svetilke,,,,,,,22,0,,,,,//pim.nowodvorski.com/media/files/6641.jpg,,,,,,,,,,,,,,,,E27,0,,25W only LED,,,,,,,NW.6641,,,,,,3,cm,10,cm,,,,,,,VIPER,,,,,,,,,,,,,,,,,,,,,,,,,,,,,,,,,,,,,T013,,,50/60,Hz,,,No,,,,,25.5,cm,,,,,,,,,,IP20,,,,,,,,,38,cm,,,100,cm,,,,,,,,,,0,1,2,,9405199000,,11,30,,cm,cm,,150.5,39,,cm,cm,,23.18,dm³,14,39,,cm,cm,,,,,,,,,,,,,,,,,~220-230,V,,,37,cm,,,
NW.6724,5903139672498,,,Svetilka stropna ARENA IP44 bela,00001625,91086973,,kom,94051091,PL,0,,1.92,,0,,0,mm,0,mm,0,mm,,,,,,,,,22,0,,,,,,,,,,,,,,,,,,,,,,,,,,,,,,,,,,,,,,,,,,,,,,,,,,,,,,,,,,,,,,,,,,,,,,,,,,,,,,,,,,,,,,,,,,,,,,,,,,,,,,,,,,,,,,,,,,,,,,,,,,,,,,,,,,,,,,,,,,,,,,,,,,,,,,,,,,,,,,,,,,,,,,,,,,,,,,,,,,,,
NW.6725,5903139672597,,,Svetilka stropna ARENA IP44 antracit (R5),00001625,91086973,,kom,94051091,PL,0,,1.92,,0,,0,mm,0,mm,0,mm,,,,,,,,,22,0,,,,,,,,,,,,,,,,,,,,,,,,,,,,,,,,,,,,,,,,,,,,,,,,,,,,,,,,,,,,,,,,,,,,,,,,,,,,,,,,,,,,,,,,,,,,,,,,,,,,,,,,,,,,,,,,,,,,,,,,,,,,,,,,,,,,,,,,,,,,,,,,,,,,,,,,,,,,,,,,,,,,,,,,,,,,,,,,,,,,
NW.6726,5903139672696,,,LED svetilka stropna ARENA 18W dnevno bela IP44 bela,00001625,91086973,,kom,94051098,PL,0,,1.96,,0,,0,mm,0,mm,0,mm,,,,,,,,,22,0,,,,,,,,,,,,,,,,,,,,,,,,,,,,,,,,,,,,,,,,,,,,,,,,,,,,,,,,,,,,,,,,,,,,,,,,,,,,,,,,,,,,,,,,,,,,,,,,,,,,,,,,,,,,,,,,,,,,,,,,,,,,,,,,,,,,,,,,,,,,,,,,,,,,,,,,,,,,,,,,,,,,,,,,,,,,,,,,,,,,
NW.6727,5903139672795,,,LED svetilka stropna ARENA 18W dnevno bela IP44 antracit,00001625,91086973,,kom,94051091,PL,0,,1.96,,0,,0,mm,0,mm,0,mm,,,,,,,,,22,0,,,,,,,,,,,,,,,,,,,,,,,,,,,,,,,,,,,,,,,,,,,,,,,,,,,,,,,,,,,,,,,,,,,,,,,,,,,,,,,,,,,,,,,,,,,,,,,,,,,,,,,,,,,,,,,,,,,,,,,,,,,,,,,,,,,,,,,,,,,,,,,,,,,,,,,,,,,,,,,,,,,,,,,,,,,,,,,,,,,,
NW.6767,5903139676793,,NESS I pendant light E27 white,Svetilka viseča NESS I IP20 bela,00001625,91086973,,kom,94051091,PL,0,,1.66,,0,,0,mm,0,mm,0,mm,,,,,,,,,22,0,,,,,,,,,,,,,,,,,,,,,,,,,,,,,,,,,,,,,,,,,,,,,,,,,,,,,,,,,,,,,,,,,,,,,,,,,,,,,,,,,,,,,,,,,,,,,,,,,,,,,,,,,,,,,,,,,,,,,,,,,,,,,,,,,,,,,,,,,,,,,,,,,,,,,,,,,,,,,,,,,,,,,,,,,,,,,,,,,,,,
NW.6768,5903139676892,svetila_si|svetila_si_en,NESS I pendant light E27 black,Svetilka viseča NESS I IP20 črna,00001625,91086973,,kom,94051091,PL,0,,1.66,,0,,0,mm,0,mm,0,mm,Interior lighting > Suspended lamps,Notranja svetila > Viseča svetila,,,,,,,22,0,,,,,//pim.nowodvorski.com/media/files/6768.jpg,,,,,,,,,,,,,,,,E27,0,,25W only LED,,,,,,,NW.6768,,,,,,7.5,cm,5.5,cm,,,,,,,NESS,,,,,,,,,,,,,,,,,,,,,,,,,,,,,,,,,,,,,,,,50/60,Hz,,,Possible by a qualified electrician,,,,,27,cm,,,,,,,,,,IP20,,,,,,,,,,,,,,,,,,,,,,,,1,1,1,,9405199000,,29,,,cm,,,47,,,cm,,,62.7,dm³,46,,,cm,,,,,,,,,,,,,,,,,,~220-230,V,,,,,,,
NW.6770,5903139677097,,,Svetilka stropna ARENA IP44 srebrna,00001625,91086973,,kom,94051091,PL,0,,1.92,,0,,0,mm,0,mm,0,mm,,,,,,,,,22,0,,,,,,,,,,,,,,,,,,,,,,,,,,,,,,,,,,,,,,,,,,,,,,,,,,,,,,,,,,,,,,,,,,,,,,,,,,,,,,,,,,,,,,,,,,,,,,,,,,,,,,,,,,,,,,,,,,,,,,,,,,,,,,,,,,,,,,,,,,,,,,,,,,,,,,,,,,,,,,,,,,,,,,,,,,,,,,,,,,,,
NW.6771,5903139677196,,,LED svetilka stropna ARENA 18W dnevno bela IP44 srebrna,00001625,91086973,,kom,94051091,PL,0,,1.96,,0,,0,mm,0,mm,0,mm,,,,,,,,,22,0,,,,,,,,,,,,,,,,,,,,,,,,,,,,,,,,,,,,,,,,,,,,,,,,,,,,,,,,,,,,,,,,,,,,,,,,,,,,,,,,,,,,,,,,,,,,,,,,,,,,,,,,,,,,,,,,,,,,,,,,,,,,,,,,,,,,,,,,,,,,,,,,,,,,,,,,,,,,,,,,,,,,,,,,,,,,,,,,,,,,
NW.6772,5903139677295,svetila_si|svetila_si_en,VIVIANE I pendant light E27 white,Svetilka viseča VIVIANE I IP20 bela,00001625,91086973,,kom,94051091,PL,0,,3.96,,0,,0,mm,0,mm,0,mm,Interior lighting > Suspended lamps,Notranja svetila > Viseča svetila,,,,,,,22,0,,,,,//pim.nowodvorski.com/media/files/6772.jpg,,,,,,,,,,,,,,,,E27,0,,25W only LED,,,,,,,NW.6772,,,,,,3,cm,15,cm,,,,,,,VIVIANE,,,,,,,,,,,,,,,,,,,,,,,,,,,,,,,,,,,,,T004,,,50/60,Hz,,,Possible by a qualified electrician,,,,,16,cm,,,,,,,,,,IP20,,,,,,,,,,,,,,,,,,,,,,,,1,3,1,,9405199000,,22,,,cm,,,67,,,cm,,,98.76,dm³,67,,,cm,,,,,,,,,,,,,,,,,,~220-230,V,,,,,,,
NW.6773,5903139677394,svetila_si|svetila_si_en,VIVIANE I pendant light E27 grey/white,Svetilka viseča VIVIANE I IP20 siva,00001625,91086973,,kom,94051091,PL,0,,3.96,,0,,0,mm,0,mm,0,mm,Interior lighting > Suspended lamps,Notranja svetila > Viseča svetila,,,,,,,22,0,,,,,//pim.nowodvorski.com/media/files/6773.jpg,,,,,,,,,,,,,,,,E27,0,,25W only LED,,,,,,,NW.6773,,,,,,3,cm,15,cm,,,,,,,VIVIANE,,,,,,,,,,,,,,,,,,,,,,,,,,,,,,,,,,,,,T022,,,50/60,Hz,,,Possible by a qualified electrician,,,,,16,cm,,,,,,,,,,IP20,,,,,,,,,,,,,,,,,,,,,,,,1,3,1,,9405199000,,22,,,cm,,,67,,,cm,,,98.76,dm³,67,,,cm,,,,,,,,,,,,,,,,,,~220-230,V,,,,,,,
NW.6774,5903139677493,svetila_si|svetila_si_en,VIVIANE I pendant light E27 black/white,Svetilka viseča VIVIANE I IP20 črna,00001625,91086973,,kom,94051091,PL,0,,3.96,,0,,0,mm,0,mm,0,mm,Interior lighting > Suspended lamps,Notranja svetila > Viseča svetila,,,,,,,22,0,,,,,//pim.nowodvorski.com/media/files/6774.jpg,,,,,,,,,,,,,,,,E27,0,,25W only LED,,,,,,,NW.6774,,,,,,3,cm,15,cm,,,,,,,VIVIANE,,,,,,,,,,,,,,,,,,,,,,,,,,,,,,,,,,,,,T012,,,50/60,Hz,,,Possible by a qualified electrician,,,,,16,cm,,,,,,,,,,IP20,,,,,,,,,,,,,,,,,,,,,,,,1,3,1,,9405199000,,22,,,cm,,,67,,,cm,,,98.76,dm³,67,,,cm,,,,,,,,,,,,,,,,,,~220-230,V,,,,,,,
NW.6775,5903139677592,svetila_si|svetila_si_en,"SEMI wall light LED 7,2W warm white IP54 anthracite",LED svetilka zunanja SEMI 72W toplo bela 242lm IP54 siva,00001625,91086973,,kom,94051091,PL,0,,0.5,,0,,0,mm,0,mm,0,mm,Outdoor lighting > Stenska svetila > Surface mounted,Zunanja svetila > Stenska svetila > Nadgradne svetilke,,,,,,,22,0,,,,,//pim.nowodvorski.com/media/files/6775.jpg,,,,,,,,,,,,,,,,LED integrated,1,,2x3W,,,,,,,NW.6775,,,40,°,,,,,,,,,,,,SEMI  LED,3000K,,,,,,,,,,,,,≥ 80,,,,,,,,,,,,,,,3,cm,,,,,,,,242,lm,50/60,Hz,,,,,,,,,,,,,,,,,,,IP54,,,,,,,,,,,,,,,8000h,,,,,,,,,,,1,,9405119000,,4,,,cm,,,12,,,cm,,,0.46,dm³,9.5,,,cm,,,>0.5,,,,,,,,,,,,,,,~220-230,V,,,,,,,
NW.6776,5903139677691,svetila_si|svetila_si_en,MUNO wall light LED 6W warm white IP54 anthracite,LED svetilka zunanja MUNO 6W toplo bela 242lm IP54 siva,00001625,91086973,,kom,94051091,PL,0,,1,,0,,0,mm,0,mm,0,mm,Outdoor lighting > Stenska svetila > Surface mounted,Zunanja svetila > Stenska svetila > Nadgradne svetilke,,,91.73,,,,22,0,,,,,//pim.nowodvorski.com/media/files/6776.jpg,,,,,,,,,,,,,,,,LED integrated,1,,6W,,,,,,,NW.6776,,,120,°,,,,,,,,,,,,MUNO LED,3000K,,,,,,,,,,,,,≥ 80,,,,,,,,,,,,,,,13,cm,,,,,,,,240,lm,50/60,Hz,,,,,,,,,,,,,,,,,,,IP54,,,,,,,,,,,,,,,8000h,,,,,,,,,,,1,,9405119000,,6,,,cm,,,23,,,cm,,,2.00,dm³,14.5,,,cm,,,>0.5,,,,,,,,,,,,,,,~220-230,V,,,,,,,
NW.6777,5903139677790,,HEMISPHERE S pendant light E27 black/brass,Svetilka viseča HEMISPHERE S IP20 črna,00001625,91086973,,kom,94051091,PL,0,,1.055,,0,,0,mm,0,mm,0,mm,,,,,,,,,22,0,,,,,,,,,,,,,,,,,,,,,,,,,,,,,,,,,,,,,,,,,,,,,,,,,,,,,,,,,,,,,,,,,,,,,,,,,,,,,,,,,,,,,,,,,,,,,,,,,,,,,,,,,,,,,,,,,,,,,,,,,,,,,,,,,,,,,,,,,,,,,,,,,,,,,,,,,,,,,,,,,,,,,,,,,,,,,,,,,,,,
NW.6778,5903139677899,,HEMISPHERE L pendant light E27 black/brass,Svetilka viseča HEMISPHERE L IP20 črna,00001625,91086973,,kom,94051091,PL,0,,2.91,,0,,0,mm,0,mm,0,mm,,,,,,,,,22,0,,,,,,,,,,,,,,,,,,,,,,,,,,,,,,,,,,,,,,,,,,,,,,,,,,,,,,,,,,,,,,,,,,,,,,,,,,,,,,,,,,,,,,,,,,,,,,,,,,,,,,,,,,,,,,,,,,,,,,,,,,,,,,,,,,,,,,,,,,,,,,,,,,,,,,,,,,,,,,,,,,,,,,,,,,,,,,,,,,,,
NW.6785,5903139678599,svetila_si|svetila_si_en,SPIDER VII pendant light E27 black,Svetilka viseča SPIDER VII IP20 črna,00001625,91086973,,kom,94051091,PL,0,,1.68,,0,,0,mm,0,mm,0,mm,Interior lighting > Suspended lamps,Notranja svetila > Viseča svetila,,,,,,,22,0,,,,,//pim.nowodvorski.com/media/files/6785.jpg,,,,,,,,,,,,,,,,E27,0,,25W only LED,,,,,,,NW.6785,,,,,,5,cm,15,cm,,,,,,,SPIDER,,,,,,,,,,,,,,,,,,,,,,,,,,,,,,,,,,,,,,,,50/60,Hz,,,Possible by a qualified electrician,,,,,,,,,,,,,,,,IP20,,,,,,,,,,,,,,,,,,,,,,,,2,7,1,,9405199000,,21.2,,,cm,,,21.5,,,cm,,,9.66,dm³,21.2,,,cm,,,,,3/4,,,,,,,,,,,,,~220-230,V,,,,,,,
NW.6788,5903139678896,svetila_si|svetila_si_en,SPIDER V pendant light E27 black,Svetilka viseča SPIDER V IP20 črna,00001625,91086973,,kom,94051091,PL,0,,1.165,,0,,0,mm,0,mm,0,mm,Interior lighting > Suspended lamps,Notranja svetila > Viseča svetila,,,,,,,22,0,,,,,//pim.nowodvorski.com/media/files/6788.jpg,,,,,,,,,,,,,,,,E27,0,,25W only LED,,,,,,,NW.6788,,,,,,5,cm,15,cm,,,,,,,SPIDER,,,,,,,,,,,,,,,,,,,,,,,,,,,,,,,,,,,,,,,,50/60,Hz,,,Possible by a qualified electrician,,,,,,,,,,,,,,,,IP20,,,,,,,,,,,,,,,,,,,,,,,,2,5,1,,9405199000,,14.5,,,cm,,,21.8,,,cm,,,6.95,dm³,22,,,cm,,,,,2/3,,,,,,,,,,,,,~220-230,V,,,,,,,
NW.6792,5903139679299,svetila_si|svetila_si_en,SPIDER I pendant light E27 black,Svetilka viseča SPIDER I IP20 črna,00001625,91086973,,kom,94051091,PL,0,,0.34,,0,,0,mm,0,mm,0,mm,Interior lighting > Suspended lamps,Notranja svetila > Viseča svetila,,,,,,,22,0,,,,,//pim.nowodvorski.com/media/files/6792.jpg,,,,,,,,,,,,,,,,E27,0,,25W only LED,,,,,,,NW.6792,,,,,,5,cm,12,cm,,,,,,,SPIDER,,,,,,,,,,,,,,,,,,,,,,,,,,,,,,,,,,,,,,,,50/60,Hz,,,Possible by a qualified electrician,,,,,,,,,,,,,,,,IP20,,,,,,,,,,,,,,,,,,,,,,,,0,1,1,,9405199000,,14,,,cm,,,17,,,cm,,,2.86,dm³,12,,,cm,,,,,,,,,,,,,,,,,,~220-230,V,,,,,,,
NW.6800,5903139680097,,"HOTEL wall light LED E27 2,2W daily white ecru/chrome",LED svetilka stenska HOTEL dnevno bela IP20 bež,00001625,91086973,,kom,94051091,PL,0,,0.815,,0,,0,mm,0,mm,0,mm,,,,,,,,,22,0,,,,,,,,,,,,,,,,,,,,,,,,,,,,,,,,,,,,,,,,,,,,,,,,,,,,,,,,,,,,,,,,,,,,,,,,,,,,,,,,,,,,,,,,,,,,,,,,,,,,,,,,,,,,,,,,,,,,,,,,,,,,,,,,,,,,,,,,,,,,,,,,,,,,,,,,,,,,,,,,,,,,,,,,,,,,,,,,,,,,
NW.6812,5903139681292,svetila_si|svetila_si_en,ALICE I XS wall light E27 grey/white,Svetilka stenska ALICE I XS IP20 siva,00001625,91086973,,kom,94051091,PL,0,,0.26,,0,,0,mm,0,mm,0,mm,Interior lighting > Wall lamps > Sconces,Notranja svetila > Stenska svetila > Svečniki,,,,,,,22,0,,,,,//pim.nowodvorski.com/media/files/6812.jpg,,,,,,,,,,,,,,,,E27,0,,10W only LED,,,,,,,NW.6812,,,,,,,,,,,,,,,,ALICE,,,,,,,,,,,,,,,,,,,,,,,,,,,,,10,cm,,,,,,,T022,,,50/60,Hz,,,,,,,,,,,,,,,,,,,IP20,,,,,,,,,,,,,,,,,,,,,,,,,1,1,,9405199000,,27,,,cm,,,27,,,cm,,,10.21,dm³,14,,,cm,,,,,,,,,,,,,,,,,,~220-230,V,,,,,,,
NW.6815,5903139681599,,ALICE I M pendant light E27 grey/black,Svetilka viseča ALICE I M IP20 siva,00001625,91086973,,kom,94051091,PL,0,,0.67,,0,,0,mm,0,mm,0,mm,,,,,,,,,22,0,,,,,,,,,,,,,,,,,,,,,,,,,,,,,,,,,,,,,,,,,,,,,,,,,,,,,,,,,,,,,,,,,,,,,,,,,,,,,,,,,,,,,,,,,,,,,,,,,,,,,,,,,,,,,,,,,,,,,,,,,,,,,,,,,,,,,,,,,,,,,,,,,,,,,,,,,,,,,,,,,,,,,,,,,,,,,,,,,,,,
NW.6816,5903139681698,,ALICE I L pendant light E27 grey/black,Svetilka viseča ALICE I L IP20 siva,00001625,91086973,,kom,94051091,PL,0,,0.8,,0,,0,mm,0,mm,0,mm,,,,,,,,,22,0,,,,,,,,,,,,,,,,,,,,,,,,,,,,,,,,,,,,,,,,,,,,,,,,,,,,,,,,,,,,,,,,,,,,,,,,,,,,,,,,,,,,,,,,,,,,,,,,,,,,,,,,,,,,,,,,,,,,,,,,,,,,,,,,,,,,,,,,,,,,,,,,,,,,,,,,,,,,,,,,,,,,,,,,,,,,,,,,,,,,
NW.6817,5903139681797,,ALICE II M pendant light E27 grey/black,Svetilka viseča ALICE II M IP20 siva,00001625,91086973,,kom,94051091,PL,0,,1.7,,0,,0,mm,0,mm,0,mm,,,,,,,,,22,0,,,,,,,,,,,,,,,,,,,,,,,,,,,,,,,,,,,,,,,,,,,,,,,,,,,,,,,,,,,,,,,,,,,,,,,,,,,,,,,,,,,,,,,,,,,,,,,,,,,,,,,,,,,,,,,,,,,,,,,,,,,,,,,,,,,,,,,,,,,,,,,,,,,,,,,,,,,,,,,,,,,,,,,,,,,,,,,,,,,,
NW.6818,5903139681896,,ALICE I L floor light E27 black/grey,Svetilka stoječa ALICE I L IP20 siva,00001625,91086973,,kom,94051091,PL,0,,12.61,,0,,0,mm,0,mm,0,mm,,,,,,,,,22,0,,,,,,,,,,,,,,,,,,,,,,,,,,,,,,,,,,,,,,,,,,,,,,,,,,,,,,,,,,,,,,,,,,,,,,,,,,,,,,,,,,,,,,,,,,,,,,,,,,,,,,,,,,,,,,,,,,,,,,,,,,,,,,,,,,,,,,,,,,,,,,,,,,,,,,,,,,,,,,,,,,,,,,,,,,,,,,,,,,,,
NW.6836,5903139683692,svetila_si|svetila_si_en,EYE S ceiling light GU10 black,eye s stropna svetilka črna,00001625,91086973,,kom,94051091,PL,0,,0.23,,0,,0,mm,0,mm,0,mm,Interior lighting > Downlights > Surfaced mounted,Notranja svetila > Downlights > Nadgradne svetilke,,,10.81,,,,22,0,,,,,//pim.nowodvorski.com/media/files/6836.jpg,,,,,,,,,,,,,,,,GU10 R50,0,,10W only LED,,,,,,,NW.6836,,,,,,,,,,,,,,,,EYE,,,,,,,,,,,,,,,,,,,,,,,,,,,,,,,,,,,,,,,,50/60,Hz,,,,,,,,,,,,,,,,,,,IP20,,,,,,,,,,,,,,,,,,,,,,,,0,1,1,,9405199000,,10,,,cm,,,6,,,cm,,,0.36,dm³,6,,,cm,,,,,,,,,,,,,,,,,,~220-230,V,,,,,,,
NW.6837,5903139683791,svetila_si|svetila_si_en,EYE M ceiling light GU10 black,eye m stropna svetilka črna,00001625,91086973,,kom,94051091,PL,0,,0.57,,0,,0,mm,0,mm,0,mm,Interior lighting > Downlights > Surfaced mounted,Notranja svetila > Downlights > Nadgradne svetilke,,,19.32,,,,22,0,,,,,//pim.nowodvorski.com/media/files/6837.jpg,,,,,,,,,,,,,,,,GU10 R50,0,,10W only LED,,,,,,,NW.6837,,,,,,,,,,,,,,,,EYE,,,,,,,,,,,,,,,,,,,,,,,,,,,,,,,,,,,,,,,,50/60,Hz,,,,,,,,,,,,,,,,,,,IP20,,,,,,,,,,,,,,,,,,,,,,,,0,1,1,,9405199000,,7,,,cm,,,32.5,,,cm,,,1.48,dm³,6.5,,,cm,,,,,,,,,,,,,,,,,,~220-230,V,,,,,,,
NW.6838,5903139683890,svetila_si|svetila_si_en,EYE L ceiling light GU10 black,Svetilka stropna EYE L IP20 črna,00001625,91086973,,kom,94051091,PL,0,,0.88,,0,,0,mm,0,mm,0,mm,Interior lighting > Downlights > Surfaced mounted,Notranja svetila > Downlights > Nadgradne svetilke,,,,,,,22,0,,,,,//pim.nowodvorski.com/media/files/6838.jpg,,,,,,,,,,,,,,,,GU10 R50,0,,10W only LED,,,,,,,NW.6838,,,,,,,,,,,,,,,,EYE,,,,,,,,,,,,,,,,,,,,,,,,,,,,,,,,,,,,,,,,50/60,Hz,,,,,,,,,,,,,,,,,,,IP20,,,,,,,,,,,,,,,,,,,,,,,,0,1,1,,9405199000,,6.5,,,cm,,,46.5,,,cm,,,1.96,dm³,6.5,,,cm,,,,,,,,,,,,,,,,,,~220-230,V,,,,,,,
NW.6840,5903139684095,svetila_si|svetila_si_en,EYE I M pendant light GU10 black,Svetilka viseča EYE I M IP20 črna,00001625,91086973,,kom,94051091,PL,0,,0.72,,0,,0,mm,0,mm,0,mm,Interior lighting > Suspended lamps,Notranja svetila > Viseča svetila,,,28.18,,,,22,0,,,,,//pim.nowodvorski.com/media/files/6840.jpg,,,,,,,,,,,,,,,,GU10 R50,0,,10W only LED,,,,,,,NW.6840,,,,,,7.5,cm,5.5,cm,,,,,,,EYE,,,,,,,,,,,,,,,,,,,,,,,,,,,,,,,,,,,,,,,,50/60,Hz,,,Possible by a qualified electrician,,,,,25,cm,,,,,,,,,,IP20,,,,,,,,,,,,,,,,,,,,,,,,0,1,1,,9405199000,,6.5,,,cm,,,46.5,,,cm,,,1.96,dm³,6.5,,,cm,,,,,,,,,,,,,,,,,,~220-230,V,,,,,,,
NW.6841,5903139684194,svetila_si|svetila_si_en,EYE I L pendant light GU10 black,Svetilka viseča EYE I L IP20 črna,00001625,91086973,,kom,94051091,PL,0,,1.01,,0,,0,mm,0,mm,0,mm,Interior lighting > Suspended lamps,Notranja svetila > Viseča svetila,,,31.11,,,,22,0,,,,,//pim.nowodvorski.com/media/files/6841.jpg,,,,,,,,,,,,,,,,GU10 R50,0,,10W only LED,,,,,,,NW.6841,,,,,,7.5,cm,5.5,cm,,,,,,,EYE,,,,,,,,,,,,,,,,,,,,,,,,,,,,,,,,,,,,,,,,50/60,Hz,,,Possible by a qualified electrician,,,,,40,cm,,,,,,,,,,IP20,,,,,,,,,,,,,,,,,,,,,,,,0,1,1,,9405199000,,7.5,,,cm,,,53,,,cm,,,2.98,dm³,7.5,,,cm,,,,,,,,,,,,,,,,,,~220-230,V,,,5.5,cm,,,
NW.6842,5903139684293,svetila_si|svetila_si_en,EYE I wall light GU10 black,Svetilka stenska EYE I IP20 črna,00001625,91086973,,kom,94051091,PL,0,,0.54,,0,,0,mm,0,mm,0,mm,Interior lighting > Wall lamps > Adjustable lamps,Notranja svetila > Stenska svetila > Gibljive svetilke,,,,,,,22,0,,,,,//pim.nowodvorski.com/media/files/6842.jpg,,,,,,,,,,,,,,,,GU10 R50,0,,10W only LED,,,,,,,NW.6842,,,,,,,,,,,,,,,,EYE,,,,,,,,,,,,,,,,,,,,,,,,,,,,,21.5-38.5,cm,,,,,,,,,,50/60,Hz,,,,,,,,9.6,cm,,,,,,,,,,IP20,,,,,,,,,,,,,,,,,,,,,,,,0,1,1,,9405199000,,7,,,cm,,,32.5,,,cm,,,1.59,dm³,7,,,cm,,,,,,,,,,,,,,,,,,~220-230,V,,,5.5,cm,,,
NW.6844,5903139684491,,CAGE I pendant light GU10 black,Svetilka viseča CAGE I IP20 črna,00001625,91086973,,kom,94051091,PL,0,,1.88,,0,,0,mm,0,mm,0,mm,,,,,,,,,22,0,,,,,,,,,,,,,,,,,,,,,,,,,,,,,,,,,,,,,,,,,,,,,,,,,,,,,,,,,,,,,,,,,,,,,,,,,,,,,,,,,,,,,,,,,,,,,,,,,,,,,,,,,,,,,,,,,,,,,,,,,,,,,,,,,,,,,,,,,,,,,,,,,,,,,,,,,,,,,,,,,,,,,,,,,,,,,,,,,,,,
NW.6845,5903139684590,svetila_si|svetila_si_en,SALVA G pendant light E27 chrome,Svetilka viseča SALVA G IP20 krom,00001625,91086973,,kom,94051091,PL,0,,3.14,,0,,0,mm,0,mm,0,mm,Interior lighting > Ceiling lamps > Flush mounted lamps,Notranja svetila > Stropna svetila > Nadgradne svetilke,,,170.03,,,,22,0,,,,,//pim.nowodvorski.com/media/files/6845.jpg,,,,,,,,,,,,,,,,E27,0,,25W only LED,,,,,,,NW.6845,,,,,,3,cm,50,cm,,,,,,,SALVA,,,,,,,,,,,,,,,,,,,,,,,,,,,,,,,,,,,,,,,,50/60,Hz,,,No,,,,,,,,,,,,,,,,IP20,,,,,,,,,,,,,,,,,,,,,,,,2,4,1,,9405199000,,13.5,,,cm,,,74.5,,,cm,,,53.3,dm³,53,,,cm,,,,,2/2,,,,,,,,,,,,,~220-230,V,,,,,,,
NW.6846,5903139684699,,SALVA H pendant light E27 chrome,Svetilka viseča SALVA H IP20 krom,00001625,91086973,,kom,94051091,PL,0,,3.34,,0,,0,mm,0,mm,0,mm,,,,,184.39,,,,22,0,,,,,,,,,,,,,,,,,,,,,,,,,,,,,,,,,,,,,,,,,,,,,,,,,,,,,,,,,,,,,,,,,,,,,,,,,,,,,,,,,,,,,,,,,,,,,,,,,,,,,,,,,,,,,,,,,,,,,,,,,,,,,,,,,,,,,,,,,,,,,,,,,,,,,,,,,,,,,,,,,,,,,,,,,,,,,,,,,,,,
NW.6852,5903139685290,,VOLCANO L pendant light E27 grey/grey,Svetilka viseča VOLCANO L IP20 siva,00001625,91086973,,kom,94051091,PL,0,,2.22,,0,,0,mm,0,mm,0,mm,,,,,,,,,22,0,,,,,,,,,,,,,,,,,,,,,,,,,,,,,,,,,,,,,,,,,,,,,,,,,,,,,,,,,,,,,,,,,,,,,,,,,,,,,,,,,,,,,,,,,,,,,,,,,,,,,,,,,,,,,,,,,,,,,,,,,,,,,,,,,,,,,,,,,,,,,,,,,,,,,,,,,,,,,,,,,,,,,,,,,,,,,,,,,,,,
NW.6853,5903139685399,,VOLCANO S pendant light GU10 grey/grey,Svetilka viseča VOLCANO S IP20 siva,00001625,91086973,,kom,94051091,PL,0,,1.7,,0,,0,mm,0,mm,0,mm,,,,,,,,,22,0,,,,,,,,,,,,,,,,,,,,,,,,,,,,,,,,,,,,,,,,,,,,,,,,,,,,,,,,,,,,,,,,,,,,,,,,,,,,,,,,,,,,,,,,,,,,,,,,,,,,,,,,,,,,,,,,,,,,,,,,,,,,,,,,,,,,,,,,,,,,,,,,,,,,,,,,,,,,,,,,,,,,,,,,,,,,,,,,,,,,
NW.6855,5903139685597,,LAVA pendant light E27 grey,Svetilka viseča LAVA IP20 siva,00001625,91086973,,kom,94051091,PL,0,,2.02,,0,,0,mm,0,mm,0,mm,,,,,,,,,22,0,,,,,,,,,,,,,,,,,,,,,,,,,,,,,,,,,,,,,,,,,,,,,,,,,,,,,,,,,,,,,,,,,,,,,,,,,,,,,,,,,,,,,,,,,,,,,,,,,,,,,,,,,,,,,,,,,,,,,,,,,,,,,,,,,,,,,,,,,,,,,,,,,,,,,,,,,,,,,,,,,,,,,,,,,,,,,,,,,,,,
NW.6868,5903139686891,,HARMONY I wall light E27 white,Svetilka stenska HARMONY I IP20 bela,00001625,91086973,,kom,94051091,PL,0,,1.16,,0,,0,mm,0,mm,0,mm,,,,,,,,,22,0,,,,,,,,,,,,,,,,,,,,,,,,,,,,,,,,,,,,,,,,,,,,,,,,,,,,,,,,,,,,,,,,,,,,,,,,,,,,,,,,,,,,,,,,,,,,,,,,,,,,,,,,,,,,,,,,,,,,,,,,,,,,,,,,,,,,,,,,,,,,,,,,,,,,,,,,,,,,,,,,,,,,,,,,,,,,,,,,,,,,
NW.6902,5903139690294,,PLANE I wall light GU10 multicolour,Svetilka stenska PLANE I IP20 modra,00001625,91086973,,kom,94051091,PL,0,,0.4,,0,,0,mm,0,mm,0,mm,,,,,,,,,22,0,,,,,,,,,,,,,,,,,,,,,,,,,,,,,,,,,,,,,,,,,,,,,,,,,,,,,,,,,,,,,,,,,,,,,,,,,,,,,,,,,,,,,,,,,,,,,,,,,,,,,,,,,,,,,,,,,,,,,,,,,,,,,,,,,,,,,,,,,,,,,,,,,,,,,,,,,,,,,,,,,,,,,,,,,,,,,,,,,,,,
NW.6903,5903139690393,,PLANE II wall light GU10 multicolour,Svetilka stenska PLANE II IP20 modra,00001625,91086973,,kom,94051091,PL,0,,0.925,,0,,0,mm,0,mm,0,mm,,,,,,,,,22,0,,,,,,,,,,,,,,,,,,,,,,,,,,,,,,,,,,,,,,,,,,,,,,,,,,,,,,,,,,,,,,,,,,,,,,,,,,,,,,,,,,,,,,,,,,,,,,,,,,,,,,,,,,,,,,,,,,,,,,,,,,,,,,,,,,,,,,,,,,,,,,,,,,,,,,,,,,,,,,,,,,,,,,,,,,,,,,,,,,,,
NW.6904,5903139690492,,PLANE III wall light GU10 multicolour,Svetilka stenska PLANE III IP20 modra,00001625,91086973,,kom,94051091,PL,0,,1.19,,0,,0,mm,0,mm,0,mm,,,,,,,,,22,0,,,,,,,,,,,,,,,,,,,,,,,,,,,,,,,,,,,,,,,,,,,,,,,,,,,,,,,,,,,,,,,,,,,,,,,,,,,,,,,,,,,,,,,,,,,,,,,,,,,,,,,,,,,,,,,,,,,,,,,,,,,,,,,,,,,,,,,,,,,,,,,,,,,,,,,,,,,,,,,,,,,,,,,,,,,,,,,,,,,,
NW.6907,5903139690799,svetila_si|svetila_si_en,STEP wall light LED 3W warm white IP44 anthracite,LED svetilka zunanja vgradna STEP 3W toplo bela 310lm IP44 siva,00001625,91086973,,kom,94051091,PL,0,,0.466,,0,,0,mm,0,mm,0,mm,Outdoor lighting > Stenska svetila > Built-in lamps,Zunanja svetila > Stenska svetila > Vgradne svetilke,,,,,,,22,0,,,,,//pim.nowodvorski.com/media/files/6907.jpg,,,,,,,,,,,,,,,,LED integrated,1,,3W,,,,,,,NW.6907,,,92,°,,,,,,,,,,,,STEP LED,3000K,,,,,,,,,,,,,≥ 80,,,,,,,,,,,,,,,,,,,,,G,,,120,lm,50/60,Hz,,,,,,,,,,,,5.6/6.2,cm,,,,,,IP44,,,,,,,,,,,,,,,10000h,,,,,,,,,,,1,,9405119000,,7.5,,,cm,,,8,,,cm,,,0.45,dm³,7.5,,,cm,,,>0.5,,,,,,,,,,,,,,,~220-230,V,,,,,,,
NW.6908,5903139690898,svetila_si|svetila_si_en,STEP wall light LED 3W warm white IP44 white,LED svetilka zunanja vgradna STEP 3W toplo bela 310lm IP44 bela,00001625,91086973,,kom,94051091,PL,0,,0.468,,0,,0,mm,0,mm,0,mm,Outdoor lighting > Stenska svetila > Built-in lamps,Zunanja svetila > Stenska svetila > Vgradne svetilke,,,37.02,,,,22,0,,,,,//pim.nowodvorski.com/media/files/6908.jpg,,,,,,,,,,,,,,,,LED integrated,1,,3W,,,,,,,NW.6908,,,92,°,,,,,,,,,,,,STEP LED,3000K,,,,,,,,,,,,,≥ 80,,,,,,,,,,,,,,,,,,,,,G,,,190,lm,50/60,Hz,,,,,,,,,,,,5.6/6.2,cm,,,,,,IP44,,,,,,,,,,,,,,,10000h,,,,,,,,,,,1,,9405119000,,7.5,,,cm,,,8,,,cm,,,0.45,dm³,7.5,,,cm,,,>0.5,,,,,,,,,,,,,,,~220-230,V,,,,,,,
NW.6911,5903139691192,svetila_si|svetila_si_en,LANTERN wall light E27 IP23 bronze/transparent,Svetilka zunanja LANTERN bron,00001625,91086973,,kom,94051091,PL,0,,1.83,,0,,0,mm,0,mm,0,mm,Outdoor lighting > Stenska svetila > Surface mounted,Zunanja svetila > Stenska svetila > Nadgradne svetilke,,,,,,,22,0,,,,,//pim.nowodvorski.com/media/files/6911.jpg,,,,,,,,,,,,,,,,E27,0,,25W only LED,,,,,,,NW.6911,,,,,,,,,,,,,,,,LANTERN,,,,,,,,,,,,,,,,,,,,,,,,,,,,,25,cm,,,,,,,,,,50/60,Hz,,,,,,,,,,,,,,,,,,,IP23,,,,,,,,,,,,,,,,,,,,,,,,,1,1,,9405199000,,48,,,cm,,,24,,,cm,,,23.04,dm³,20,,,cm,,,,,,,,,,,,,,,,,,~220-230,V,,,,,,,
NW.6912,5903139691291,,GESS wall light LED 6W warm white white,LED svetilka stenska GESS 6W toplo bela 615lm IP20 bela,00001625,91086973,,kom,94051091,PL,0,,0.344,,0,,0,mm,0,mm,0,mm,,,,,,,,,22,0,,,,,,,,,,,,,,,,,,,,,,,,,,,,,,,,,,,,,,,,,,,,,,,,,,,,,,,,,,,,,,,,,,,,,,,,,,,,,,,,,,,,,,,,,,,,,,,,,,,,,,,,,,,,,,,,,,,,,,,,,,,,,,,,,,,,,,,,,,,,,,,,,,,,,,,,,,,,,,,,,,,,,,,,,,,,,,,,,,,,
NW.6913,5903139691390,svetila_si|svetila_si_en,LIA wall light LED 6W warm white white,LED svetilka stenska LIA 6W toplo bela 648lm IP20 bela,00001625,91086973,,kom,94051091,PL,0,,0.436,,0,,0,mm,0,mm,0,mm,Interior lighting > Wall lamps > Sconces,Notranja svetila > Stenska svetila > Svečniki,,,,,,,22,0,,,,,//pim.nowodvorski.com/media/files/6913.jpg,,,,,,,,,,,,,,,,LED integrated,1,,7W,,,,,,,NW.6913,,,89,°,,,,,,,,,,,,LIA LED,3000K,,,,,,,,,,,,,≥ 80,,,,,,,,,,,,,,,10,cm,,,,,,,,460,lm,50/60,Hz,,,,,,,,,,,,,,,,,,,IP20,,,,,,,,,,,,,,,10000h,,,,,,,,,,,1,,9405119000,,11,,,cm,,,11,,,cm,,,0.85,dm³,7,,,cm,,,>0.5,,,,,,,,,,,,,,,~220-230,V,,,,,,,
NW.6927,5903139692793,,ACROSS I floor light E27 natural wood/white,Svetilka stoječa ACROSS I IP20 naravna,00001625,91086973,,kom,94051098,PL,0,,4.43,,0,,0,mm,0,mm,0,mm,,,,,,,,,22,0,,,,,,,,,,,,,,,,,,,,,,,,,,,,,,,,,,,,,,,,,,,,,,,,,,,,,,,,,,,,,,,,,,,,,,,,,,,,,,,,,,,,,,,,,,,,,,,,,,,,,,,,,,,,,,,,,,,,,,,,,,,,,,,,,,,,,,,,,,,,,,,,,,,,,,,,,,,,,,,,,,,,,,,,,,,,,,,,,,,,
NW.6941,5903139694193,,ALLAN I pendant light GU10 black,Svetilka viseča ALLAN I IP20 črna,00001625,91086973,,kom,94051091,PL,0,,1.86,,0,,0,mm,0,mm,0,mm,,,,,,,,,22,0,,,,,,,,,,,,,,,,,,,,,,,,,,,,,,,,,,,,,,,,,,,,,,,,,,,,,,,,,,,,,,,,,,,,,,,,,,,,,,,,,,,,,,,,,,,,,,,,,,,,,,,,,,,,,,,,,,,,,,,,,,,,,,,,,,,,,,,,,,,,,,,,,,,,,,,,,,,,,,,,,,,,,,,,,,,,,,,,,,,,
NW.6948,5903139694896,svetila_si|svetila_si_en,BRAZOS I wall light G9 IP44 white/chrome,Svetilka stenska BRAZOS I IP44 krom,00001625,91086973,,kom,94051098,PL,0,,0.38,,0,,0,mm,0,mm,0,mm,Interior lighting > Wall lamps > Sconces,Notranja svetila > Stenska svetila > Svečniki,,,29.16,,,,22,0,,,,,//pim.nowodvorski.com/media/files/6948.jpg,,,,,,,,,,,,,,,,G9,0,,10W only LED,,,,,,,NW.6948,,,,,,,,,,,,,,,,BRAZOS,,,,,,,,,,,,,,,,,,,,,,,,,,,,,12,cm,,,,,,,,,,50/60,Hz,,,,,,,,,,,,,,,,,,,IP44,,,,,,,,,,,,,,,,,,,,,,,,,1,1,,9405199000,,15.5,,,cm,,,11.5,,,cm,,,2.05,dm³,11.5,,,cm,,,,,,,,,,,,,,,,,,~220-230,V,,,,,,,
NW.6950,5903139695091,svetila_si|svetila_si_en,BRAZOS II wall light G9 IP44 chrome/white,Svetilka stenska BRAZOS II IP44 krom,00001625,91086973,,kom,94051098,PL,0,,0.74,,0,,0,mm,0,mm,0,mm,Interior lighting > Wall lamps > Sconces,Notranja svetila > Stenska svetila > Svečniki,,,,,,,22,0,,,,,//pim.nowodvorski.com/media/files/6950.jpg,,,,,,,,,,,,,,,,G9,0,,10W only LED,,,,,,,NW.6950,,,,,,,,,,,,,,,,BRAZOS,,,,,,,,,,,,,,,,,,,,,,,,,,,,,11,cm,,,,,,,,,,50/60,Hz,,,,,,,,,,,,,,,,,,,IP44,,,,,,,,,,,,,,,,,,,,,,,,,2,1,,9405199000,,30,,,cm,,,14,,,cm,,,4.83,dm³,11.5,,,cm,,,,,,,,,,,,,,,,,,~220-230,V,,,,,,,
NW.6951,5903139695190,svetila_si|svetila_si_en,BRAZOS III wall light G9 IP44 chrome/white,Svetilka stenska BRAZOS III IP44 krom,00001625,91086973,,kom,94051098,PL,0,,1.06,,0,,0,mm,0,mm,0,mm,Interior lighting > Wall lamps > Sconces,Notranja svetila > Stenska svetila > Svečniki,,,,,,,22,0,,,,,//pim.nowodvorski.com/media/files/6951.jpg,,,,,,,,,,,,,,,,G9,0,,10W only LED,,,,,,,NW.6951,,,,,,,,,,,,,,,,BRAZOS,,,,,,,,,,,,,,,,,,,,,,,,,,,,,11,cm,,,,,,,,,,50/60,Hz,,,,,,,,,,,,,,,,,,,IP44,,,,,,,,,,,,,,,,,,,,,,,,,3,1,,9405199000,,45,,,cm,,,13.5,,,cm,,,6.99,dm³,11.5,,,cm,,,,,,,,,,,,,,,,,,~220-230,V,,,,,,,
NW.6976,5903139697699,svetila_si|svetila_si_en,CUMULUS S floor light E27 IP44 white,Svetilka zunanja CUMULUS S IP44 bela,00001625,91086973,,kom,94051098,PL,0,,1,,0,,0,mm,0,mm,0,mm,Outdoor lighting > Standing lamps,Zunanja svetila > Stoječa svetila,,,,,,,22,0,,,,,//pim.nowodvorski.com/media/files/6976.jpg,,,,,,,,,,,,,,,,E27,0,,25W only LED,,,,,,,NW.6976,,,,,,,,,,,,,,,,CUMULUS,,ta: -23°C - +40°C,,,,,,,,,,,,,,,,,,,,,,,,,,,,,,,,,,,,,,50/60,Hz,,,,,,,,,,,,,,,,,,,IP44,,,,,,,,,,,,,,,,,,,,,,,,,1,1,,9405299000,,27.7,,,cm,,,30.7,,,cm,,,26.11,dm³,30.7,,,cm,,,,,,,,,,,,,,,,,,~220-230,V,,,,,,,
NW.6977,5903139697798,svetila_si|svetila_si_en,CUMULUS M floor light E27 IP44 white,Svetilka zunanja CUMULUS M IP44 bela,00001625,91086973,,kom,94051098,PL,0,,2,,0,,0,mm,0,mm,0,mm,Outdoor lighting > Standing lamps,Zunanja svetila > Stoječa svetila,,,,,,,22,0,,,,,//pim.nowodvorski.com/media/files/6977.jpg,,,,,,,,,,,,,,,,E27,0,,25W only LED,,,,,,,NW.6977,,,,,,,,,,,,,,,,CUMULUS,,ta: -23°C - +40°C,,,,,,,,,,,,,,,,,,,,,,,,,,,,,,,,,,,,,,50/60,Hz,,,,,,,,,,,,,,,,,,,IP44,,,,,,,,,,,,,,,,,,,,,,,,,1,1,,9405299000,,41.7,,,cm,,,45.7,,,cm,,,87.09,dm³,45.7,,,cm,,,,,,,,,,,,,,,,,,~220-230,V,,,,,,,
NW.6978,5903139697897,svetila_si|svetila_si_en,CUMULUS L floor light E27 IP44 white,Svetilka zunanja CUMULUS L IP44 bela,00001625,91086973,,kom,94051091,PL,0,,3.4,,0,,0,mm,0,mm,0,mm,Outdoor lighting > Standing lamps,Zunanja svetila > Stoječa svetila,,,,,,,22,0,,,,,//pim.nowodvorski.com/media/files/6978.jpg,,,,,,,,,,,,,,,,E27,0,,25W only LED,,,,,,,NW.6978,,,,,,,,,,,,,,,,CUMULUS,,ta: -23°C - +40°C,,,,,,,,,,,,,,,,,,,,,,,,,,,,,,,,,,,,,,50/60,Hz,,,,,,,,,,,,,,,,,,,IP44,,,,,,,,,,,,,,,,,,,,,,,,,1,1,,9405299000,,58,,,cm,,,62,,,cm,,,222.95,dm³,62,,,cm,,,,,,,,,,,,,,,,,,~220-230,V,,,,,,,
NW.7016,5903139701693,,QUARTZ wall light E27 PIR black/white,Svetilka zunanja QUARTZ IP21 črna,00001625,91086973,,kom,94051098,PL,0,,0.55,,0,,0,mm,0,mm,0,mm,,,,,,,,,22,0,,,,,,,,,,,,,,,,,,,,,,,,,,,,,,,,,,,,,,,,,,,,,,,,,,,,,,,,,,,,,,,,,,,,,,,,,,,,,,,,,,,,,,,,,,,,,,,,,,,,,,,,,,,,,,,,,,,,,,,,,,,,,,,,,,,,,,,,,,,,,,,,,,,,,,,,,,,,,,,,,,,,,,,,,,,,,,,,,,,,
NW.7017,5903139701792,svetila_si|svetila_si_en,RIO wall light E27 PIR IP54 black/transparent,Svetilka zunanja RIO IP54 črna,00001625,91086973,,kom,94051098,PL,0,,0.76,,0,,0,mm,0,mm,0,mm,Outdoor lighting > Stenska svetila > Surface mounted,Zunanja svetila > Stenska svetila > Nadgradne svetilke,,,,,,,22,0,,,,,//pim.nowodvorski.com/media/files/7017.jpg,,,,,,,,,,,,,,,,E27,0,1,10W only LED,,,,,,,NW.7017,,,,,,,,,,,,,,,,RIO,,,,,,,,,,,,,,,,,,,,,,,,,,,,,10.5,cm,,,,,,,,,,50/60,Hz,,,,,,,,,,,,,,,,,,,IP54,,,,,,,,,,,,,,,,,,,,,,,,,1,1,,9405119000,,22,,,cm,,,13,,,cm,,,2.64,dm³,12,,,cm,,,,,,,,,,,,,,,,,,~220-230,V,,,,,,,
NW.7021,5903139702195,,,Svetilka namizna NUAGE S IP20 bela,00001625,91086973,,kom,94051098,PL,0,,0.95,,0,,0,mm,0,mm,0,mm,,,,,,,,,22,0,,,,,,,,,,,,,,,,,,,,,,,,,,,,,,,,,,,,,,,,,,,,,,,,,,,,,,,,,,,,,,,,,,,,,,,,,,,,,,,,,,,,,,,,,,,,,,,,,,,,,,,,,,,,,,,,,,,,,,,,,,,,,,,,,,,,,,,,,,,,,,,,,,,,,,,,,,,,,,,,,,,,,,,,,,,,,,,,,,,,
NW.7022,5903139702294,,NUAGE M table light E27 white,Svetilka namizna NUAGE M IP20 bela,00001625,91086973,,kom,94051098,PL,0,,1.33,,0,,0,mm,0,mm,0,mm,,,,,,,,,22,0,,,,,,,,,,,,,,,,,,,,,,,,,,,,,,,,,,,,,,,,,,,,,,,,,,,,,,,,,,,,,,,,,,,,,,,,,,,,,,,,,,,,,,,,,,,,,,,,,,,,,,,,,,,,,,,,,,,,,,,,,,,,,,,,,,,,,,,,,,,,,,,,,,,,,,,,,,,,,,,,,,,,,,,,,,,,,,,,,,,,
NW.7024,5903139702492,,NUAGE I S pendant light E27 white/chrome,Svetilka viseča NUAGE I S IP20 bela,00001625,91086973,,kom,94051098,PL,0,,1.005,,0,,0,mm,0,mm,0,mm,,,,,,,,,22,0,,,,,,,,,,,,,,,,,,,,,,,,,,,,,,,,,,,,,,,,,,,,,,,,,,,,,,,,,,,,,,,,,,,,,,,,,,,,,,,,,,,,,,,,,,,,,,,,,,,,,,,,,,,,,,,,,,,,,,,,,,,,,,,,,,,,,,,,,,,,,,,,,,,,,,,,,,,,,,,,,,,,,,,,,,,,,,,,,,,,
NW.7025,5903139702591,,NUAGE I M pendant light E27 white/chrome,Svetilka viseča NUAGE I M IP20 bela,00001625,91086973,,kom,94051098,PL,0,,1.33,,0,,0,mm,0,mm,0,mm,,,,,,,,,22,0,,,,,,,,,,,,,,,,,,,,,,,,,,,,,,,,,,,,,,,,,,,,,,,,,,,,,,,,,,,,,,,,,,,,,,,,,,,,,,,,,,,,,,,,,,,,,,,,,,,,,,,,,,,,,,,,,,,,,,,,,,,,,,,,,,,,,,,,,,,,,,,,,,,,,,,,,,,,,,,,,,,,,,,,,,,,,,,,,,,,
NW.7026,5903139702690,,NUAGE L pendant light E27 round white/chrome,Svetilka viseča NUAGE I L IP20 bela,00001625,91086973,,kom,94051098,PL,0,,2.64,,0,,0,mm,0,mm,0,mm,,,,,,,,,22,0,,,,,,,,,,,,,,,,,,,,,,,,,,,,,,,,,,,,,,,,,,,,,,,,,,,,,,,,,,,,,,,,,,,,,,,,,,,,,,,,,,,,,,,,,,,,,,,,,,,,,,,,,,,,,,,,,,,,,,,,,,,,,,,,,,,,,,,,,,,,,,,,,,,,,,,,,,,,,,,,,,,,,,,,,,,,,,,,,,,,
NW.7027,5903139702799,,NUAGE III pendant light E27 white/chrome,Svetilka viseča NUAGE III IP20 bela,00001625,91086973,,kom,94051098,PL,0,,4.05,,0,,0,mm,0,mm,0,mm,,,,,,,,,22,0,,,,,,,,,,,,,,,,,,,,,,,,,,,,,,,,,,,,,,,,,,,,,,,,,,,,,,,,,,,,,,,,,,,,,,,,,,,,,,,,,,,,,,,,,,,,,,,,,,,,,,,,,,,,,,,,,,,,,,,,,,,,,,,,,,,,,,,,,,,,,,,,,,,,,,,,,,,,,,,,,,,,,,,,,,,,,,,,,,,,
NW.8794,5903139879491,svetila_si|svetila_si_en,MONACO I floor light E27 black/smoked,Svetilka stoječa MONACO I IP20 črna,00001625,91086973,,kom,94051098,PL,0,,5.84,,0,,0,mm,0,mm,0,mm,Interior lighting > Floor lamps,Notranja svetila > Talna svetila,,,,,,,22,0,,,,,//pim.nowodvorski.com/media/files/8794.jpg,,,,,,,,,,,,,,,,E27,0,,25W only LED,,,,,,,NW.8794,,,,,,,,,,,,,,,,MONACO,,,,,,,,,,,,,,,,,,,,,,,,,,,,,,,,,,,,,,,,50/60,Hz,,,,,,,,26,cm,,,,,,,,,,IP20,,,,,,,40,cm,26,cm,,,160,cm,,,,,,,,,,,1,1,,9405299000,,163,,,cm,,,46,,,cm,,,263.67,dm³,33,,,cm,,,,,,,,,,,,,,,,,,~220-230,V,31,cm,30,cm,,,
NW.8796,5903139879699,svetila_si|svetila_si_en,LASER I pendant light G9 white,Svetilka viseča LASER I IP20 bela,00001625,91086973,,kom,94051098,PL,0,,0.51,,0,,0,mm,0,mm,0,mm,Interior lighting > Suspended lamps,Notranja svetila > Viseča svetila,,,,,,,22,0,,,,,//pim.nowodvorski.com/media/files/8796.jpg,,,,,,,,,,,,,,,,G9,0,,10W only LED,,,,,,,NW.8796,,,,,,7.5,cm,5.5,cm,,,,,,,LASER,,,,,,,,,,,,,,,,,,,,,,,,,,,,,,,,,,,,,,,,50/60,Hz,,,Possible by a qualified electrician,,,,,49,cm,,,,,,,,,,IP20,,,,,,,,,,,,,,,,,,,,,,,,0,1,1,,9405199000,,8,,,cm,,,53,,,cm,,,3.39,dm³,8,,,cm,,,,,,,,,,,,,,,,,,~220-230,V,,,2.5,cm,,,
NW.8797,5903139879798,svetila_si|svetila_si_en,LASER I pendant light G9 black,Svetilka viseča LASER I IP20 črna,00001625,91086973,,kom,94051098,PL,0,,0.51,,0,,0,mm,0,mm,0,mm,Interior lighting > Suspended lamps,Notranja svetila > Viseča svetila,,,24.58,,,,22,0,,,,,//pim.nowodvorski.com/media/files/8797.jpg,,,,,,,,,,,,,,,,G9,0,,10W only LED,,,,,,,NW.8797,,,,,,7.5,cm,5.5,cm,,,,,,,LASER,,,,,,,,,,,,,,,,,,,,,,,,,,,,,,,,,,,,,,,,50/60,Hz,,,Possible by a qualified electrician,,,,,49,cm,,,,,,,,,,IP20,,,,,,,,,,,,,,,,,,,,,,,,0,1,1,,9405199000,,8,,,cm,,,53,,,cm,,,3.39,dm³,8,,,cm,,,,,,,,,,,,,,,,,,~220-230,V,,,2.5,cm,,,
NW.8798,5903139879897,svetila_si|svetila_si_en,LASER I pendant light G9 brass/black,Svetilka viseča LASER I IP20 črna,00001625,91086973,,kom,94051098,PL,0,,0.62,,0,,0,mm,0,mm,0,mm,Interior lighting > Suspended lamps,Notranja svetila > Viseča svetila,,,,,,,22,0,,,,,//pim.nowodvorski.com/media/files/8798.jpg,,,,,,,,,,,,,,,,G9,0,,10W only LED,,,,,,,NW.8798,,,,,,7.5,cm,5.5,cm,,,,,,,LASER,,,,,,,,,,,,,,,,,,,,,,,,,,,,,,,,,,,,,,,,50/60,Hz,,,Possible by a qualified electrician,,,,,49,cm,,,,,,,,,,IP20,,,,,,,,,,,,,,,,,,,,,,,,0,1,1,,9405199000,,8,,,cm,,,53,,,cm,,,3.39,dm³,8,,,cm,,,,,,,,,,,,,,,,,,~220-230,V,,,2.5,cm,,,
NW.8800,5903139880091,svetila_si|svetila_si_en,EYE I L pendant light GU10 brass/black,Svetilka viseča EYE I L IP20 črna/zlata,00001625,91086973,,kom,94051098,PL,0,,1.01,,0,,0,mm,0,mm,0,mm,Interior lighting > Suspended lamps,Notranja svetila > Viseča svetila,,,54.06,,,,22,0,,,,,//pim.nowodvorski.com/media/files/8800.jpg,,,,,,,,,,,,,,,,GU10 R50,0,,10W only LED,,,,,,,NW.8800,,,,,,7.5,cm,5.5,cm,,,,,,,EYE,,,,,,,,,,,,,,,,,,,,,,,,,,,,,,,,,,,,,,,,50/60,Hz,,,Possible by a qualified electrician,,,,,40,cm,,,,,,,,,,IP20,,,,,,,,,,,,,,,,,,,,,,,,0,1,1,,9405199000,,7.5,,,cm,,,53,,,cm,,,3.39,dm³,7.5,,,cm,,,,,,,,,,,,,,,,,,~220-230,V,,,5.5,cm,,,
NW.8802,5903139880299,svetila_si|svetila_si_en,TURDA VII ceiling light E27 gold/white,Svetilka stropna TURDA VII IP20 zlata,00001625,91086973,,kom,94051098,PL,0,,4.3,,0,,0,mm,0,mm,0,mm,Interior lighting > Ceiling lamps > Plafonds,Notranja svetila > Stropna svetila > Plafonjere,,,,,,,22,0,,,,,//pim.nowodvorski.com/media/files/8802.jpg,,,,,,,,,,,,,,,,E27,0,,15W only LED,,,,,,,NW.8802,,,,,,,,,,,,,,,,TURDA,,,,,,,T002,,,,,,,,,,,,,,,,,,,,,,,,,,,,,,T025,,,50/60,Hz,,,,,,,,15,cm,,,,,,,,,,IP20,,,,,,,,,,,,,,,,,,,,,,,,2,7,1,,9405199000,,19,,,cm,,,80,,,cm,,,115.2,dm³,80,,,cm,,,,,3/4,,,,,,,,,,,,,~220-230,V,,,78,cm,,,
NW.8805,5903139880596,svetila_si|svetila_si_en,,Pritrdila za tračnico PROFILE RECESSED FIXING SET,00001625,91086973,,kom,,PL,0,,0.031,,0,,0,mm,0,mm,0,mm,Track systems > 1-circuit Profile > Accessories,Tračni sistemi > 1-fazni Profile > Dodatki,,,,,,,22,0,,,,,//pim.nowodvorski.com/media/files/8805.jpg,,,,,,,,,,,,,,,,,0,,,,,,,,,NW.8805,,,,,,,,,,,,,,,,PROFILE RECESSED FIXING,,,,,,,,,,,,,,,,,,,,,,,,,,,,,,,,,,,,,,,,,,,,,,,,,,,,,,,,,,,,,,,,,,,,,,,,,,,,,,,,,,,,0,0,1,,8536900100,,3,,,cm,,,17.5,,,cm,,,,,7.8,,,cm,,,,,,,,,,,,,,,,,,,,,,,,,,COMMERCIAL TRACK LIGHTS SYSTEM
NW.8816,5903139881692,svetila_si|svetila_si_en,EYE SPOT I wall light GU10 brass/black,Svetilka stenska EYE SPOT I IP20 črna,00001625,91086973,,kom,94051091,PL,0,,0.3,,0,,0,mm,0,mm,0,mm,Interior lighting > Spotlights and spots,Notranja svetila > Reflektorska svetila,,,,,,,22,0,,,,,//pim.nowodvorski.com/media/files/8816.jpg,,,,,,,,,,,,,,,,GU10 R50,0,,10W only LED,,,,,,,NW.8816,,,,,,2,cm,7,cm,,,,,,,EYE SPOT,,,,,,,,,,,,,,,,,,,,,,,,,,,,,,,,,,,,,,,,50/60,Hz,,,,,,,,9.6,cm,,,,,,,,,,IP20,,,,,,,,,,,,,,,,,,,,,,,,0,1,1,,9405199000,,15,,,cm,,,8,,,cm,,,0.96,dm³,8,,,cm,,,,,,,,,,,,,,,,,,~220-230,V,,,5.5,cm,,,
NW.8817,5903139881791,svetila_si|svetila_si_en,EYE SPOT II wall light GU10 brass/black,Svetilka stenska EYE SPOT II IP20 črna,00001625,91086973,,kom,94051091,PL,0,,0.67,,0,,0,mm,0,mm,0,mm,Interior lighting > Spotlights and spots,Notranja svetila > Reflektorska svetila,,,,,,,22,0,,,,,//pim.nowodvorski.com/media/files/8817.jpg,,,,,,,,,,,,,,,,GU10 R50,0,,2x10W only LED,,,,,,,NW.8817,,,,,,2,cm,5.5,cm,,,,,,,EYE SPOT,,,,,,,,,,,,,,,,,,,,,,,,,,,,,,,,,,,,,,,,50/60,Hz,,,,,,,,9.6,cm,,,,,,,,,,IP20,,,,,,,,,,,,,,,,,,,,,,,,1,2,1,,9405199000,,7,,,cm,,,33,,,cm,,,2.08,dm³,9,,,cm,,,,,,,,14.5,cm,,,,,,,,,~220-230,V,,,5.5,cm,,,
NW.8818,5903139881890,svetila_si|svetila_si_en,EYE SPOT III wall light GU10 brass/black,Svetilka stenska EYE SPOT III IP20 črna,00001625,91086973,,kom,94051091,PL,0,,0.99,,0,,0,mm,0,mm,0,mm,Interior lighting > Spotlights and spots,Notranja svetila > Reflektorska svetila,,,,,,,22,0,,,,,//pim.nowodvorski.com/media/files/8818.jpg,,,,,,,,,,,,,,,,GU10 R50,0,,3x10W only LED,,,,,,,NW.8818,,,,,,2,cm,5.5,cm,,,,,,,EYE SPOT,,,,,,,,,,,,,,,,,,,,,,,,,,,,,,,,,,,,,,,,50/60,Hz,,,,,,,,9.6,cm,,,,,,,,,,IP20,,,,,,,,,,,,,,,,,,,,,,,,2,3,1,,9405199000,,7,,,cm,,,42,,,cm,,,2.5,dm³,8.5,,,cm,,,,,1/2,,,33,cm,,,,,,,,,~220-230,V,,,5.5,cm,,,
NW.8819,5903139881999,svetila_si|svetila_si_en,EYE SPOT VI ceiling light GU10 brass/black,Svetilka stropna EYE SPOT VI IP20 črna,00001625,91086973,,kom,94051091,PL,0,,2.63,,0,,0,mm,0,mm,0,mm,Interior lighting > Spotlights and spots,Notranja svetila > Reflektorska svetila,,,,,,,22,0,,,,,//pim.nowodvorski.com/media/files/8819.jpg,,,,,,,,,,,,,,,,GU10 R50,0,,6x10W only  LED,,,,,,,NW.8819,,,,,,3,cm,4,cm,,,,,,,EYE SPOT,,,,,,,,,,,,,,,,,,,,,,,,,,,,,,,,,,,,,,,,50/60,Hz,,,,,,,,9.6,cm,,,,,,,,,,IP20,,,,,,,,,,,,,,,,,,,,,,,,2,6,1,,9405199000,,6.5,,,cm,,,123,,,cm,,,11.2,dm³,14,,,cm,,,,,3/3,,,119,cm,,,,,,,,,~220-230,V,,,5.5,cm,,,
NW.8820,5903139882095,svetila_si|svetila_si_en,EYE SPOT IV wall light GU10 brass/black,Svetilka stenska EYE SPOT IV IP20 črna,00001625,91086973,,kom,94051091,PL,0,,1.27,,0,,0,mm,0,mm,0,mm,Interior lighting > Spotlights and spots,Notranja svetila > Reflektorska svetila,,,,,,,22,0,,,,,//pim.nowodvorski.com/media/files/8820.jpg,,,,,,,,,,,,,,,,GU10 R50,0,,4x10W only LED,,,,,,,NW.8820,,,,,,2,cm,19.5,cm,,,,,,,EYE SPOT,,,,,,,,,,,,,,,,,,,,,,,,,,,,,,,,,,,,,,,,50/60,Hz,,,,,,,,9.6,cm,,,,,,,,,,IP20,,,,,,,,,,,,,,,,,,,,,,,,2,4,1,,9405199000,,9,,,cm,,,20,,,cm,,,3.6,dm³,20,,,cm,,,,,2/2,,,,,,,,,,,,,~220-230,V,,,5.5,cm,,,
NW.8823,5903139882392,svetila_si|svetila_si_en,,Svetilka za tračnico dekorativna  PROFILE BIT BLACK_,00001625,91086973,,kom,94051098,PL,0,,0.85,,0,,0,mm,0,mm,0,mm,Track systems > 1-circuit Profile,Tračni sistemi > 1-fazni Profile,,,,,,,22,0,,,,,//pim.nowodvorski.com/media/files/8823.jpg,,,,,,,,,,,,,,,,GU10 ES111,0,,15W only LED,,,,,,,NW.8823,,,,,,,,,,,,,,,,PROFILE BIT,,,,,,,,,,,,,,,,,,,,,,,,,,,,,,,,,,,,,,,,50/60,Hz,,,No,,,,,18,cm,,,,,,,,,,IP20,,,,,,,,,,,,,,,,,,,,,,,,0,1,1,,9405199000,,12,,,cm,,,19.5,,,cm,,,2.96,dm³,12,,,cm,,,,,,,,,,,,,,,,,,~220-230,V,,,11.5,cm,,,
NW.8824,5903139882491,svetila_si|svetila_si_en,,Svetilka za tračnico dekorativna  PROFILE VESPA WHITE,00001625,91086973,,kom,,PL,0,,0.25,,0,,0,mm,0,mm,0,mm,Track systems > 1-circuit Profile,Tračni sistemi > 1-fazni Profile,,,,,,,22,0,,,,,//pim.nowodvorski.com/media/files/8824.jpg,,,,,,,,,,,,,,,,GU10 ES111,0,,15W only LED,,,,,,,NW.8824,,,,,,,,,,,,,,,,PROFILE VESPA,,,,,,,,,,,,,,,,,,,,,,,,,,,,,,,,,,,,,,,,50/60,Hz,,,,,,,,,,,,,,,,,,,IP20,,,,,,,,,,,,,,,,,,,,,,,,0,1,1,,9405199000,,14,,,cm,,,13.5,,,cm,,,3.48,dm³,13.5,,,cm,,,,,,,,,,,,,,,,,,~220-230,V,,,11.4,cm,,,
NW.8825,5903139882590,svetila_si|svetila_si_en,,Svetilka za tračnico dekorativna  PROFILE VESPA BLACK,00001625,91086973,,kom,94051098,PL,0,,0.25,,0,,0,mm,0,mm,0,mm,Track systems > 1-circuit Profile,Tračni sistemi > 1-fazni Profile,,,,,,,22,0,,,,,//pim.nowodvorski.com/media/files/8825.jpg,,,,,,,,,,,,,,,,GU10 ES111,0,,15W only LED,,,,,,,NW.8825,,,,,,,,,,,,,,,,PROFILE VESPA,,,,,,,,,,,,,,,,,,,,,,,,,,,,,,,,,,,,,,,,50/60,Hz,,,,,,,,,,,,,,,,,,,IP20,,,,,,,,,,,,,,,,,,,,,,,,0,1,1,,9405199000,,14,,,cm,,,13.5,,,cm,,,3.48,dm³,13.5,,,cm,,,,,,,,,,,,,,,,,,~220-230,V,,,11.4,cm,,,
NW.8826,5903139882699,svetila_si|svetila_si_en,DOT ceiling light GU10 black,Svetilka stropna vgradna DOT IP20 črna,00001625,91086973,,kom,94051098,PL,0,,0.42,,0,,0,mm,0,mm,0,mm,Interior lighting > Downlights > Recessed mounted,Notranja svetila > Downlights > Vgradne svetilke,,,,,,,22,0,,,,,//pim.nowodvorski.com/media/files/8826.jpg,,,,,,,,,,,,,,,,GU10 R50,0,,10W only LED,,,,,,,NW.8826,,,,,,,,,,,,,,,,DOT,,,,,,,,,,,,,,,,,,,,,,,,,,,,,,,,,,,,,,,,50/60,Hz,,,,,,,,,,,,fi.12.9,cm,,,,,,IP20,,,,,,,,,,,,,,,,,,,,,,,,0,1,1,,9405199000,,14.5,,,cm,,,13.5,,,cm,,,2.64,dm³,13.5,,,cm,,,,,,,,,,,,,,,,,,~220-230,V,,,,,,,
NW.8827,5903139882798,,KASAIE SENSOR ceiling light E27 PIR chrome/white,Svetilka stropna KASAIE SENSOR IP20 krom,00001625,91086973,,kom,94051098,PL,0,,1.525,,0,,0,mm,0,mm,0,mm,,,,,,,,,22,0,,,,,,,,,,,,,,,,,,,,,,,,,,,,,,,,,,,,,,,,,,,,,,,,,,,,,,,,,,,,,,,,,,,,,,,,,,,,,,,,,,,,,,,,,,,,,,,,,,,,,,,,,,,,,,,,,,,,,,,,,,,,,,,,,,,,,,,,,,,,,,,,,,,,,,,,,,,,,,,,,,,,,,,,,,,,,,,,,,,,
NW.8828,5903139882897,,KASAI SATIN SENSOR ceiling light E27 PIR satine silver/white,Svetilka stropna KASAI SATIN SENSOR IP20 srebrna,00001625,91086973,,kom,94051098,PL,0,,1.525,,0,,0,mm,0,mm,0,mm,,,,,,,,,22,0,,,,,,,,,,,,,,,,,,,,,,,,,,,,,,,,,,,,,,,,,,,,,,,,,,,,,,,,,,,,,,,,,,,,,,,,,,,,,,,,,,,,,,,,,,,,,,,,,,,,,,,,,,,,,,,,,,,,,,,,,,,,,,,,,,,,,,,,,,,,,,,,,,,,,,,,,,,,,,,,,,,,,,,,,,,,,,,,,,,,
NW.8834,5903139883498,svetila_si|svetila_si_en,,Konektor  za tračnico PROFILE RECESSED T-CONNECTOR WHITE,00001625,91086973,,kom,,PL,0,,0,,0,,0,mm,0,mm,0,mm,Track systems > 1-circuit Profile > Accessories,Tračni sistemi > 1-fazni Profile > Dodatki,,,,,,,22,0,,,,,//pim.nowodvorski.com/media/files/8834.jpg,,,,,,,,,,,,,,,,,,,,,,,,,,NW.8834,,,,,,,,,,,,,,,,PROFILE RECESSED CONNECTOR,,,,,,,,,,,,,,,,,,,,,,,,,,,,,,,,,,,,,,,,50/60,Hz,,,,,,,,,,,,,,,,,,,IP20,,,,,,,,,,,,,,,,,,,,,,,,,,1,,8536900100,,10,,,cm,,,13.5,,,cm,,,0.41,dm³,3,,,cm,,,,,,,,,,,,,,,,,,~220-230,V,,,,,,,
NW.8835,5903139883597,svetila_si|svetila_si_en,,Konektor  za tračnico PROFILE RECESSED T-CONNECTOR BLACK,00001625,91086973,,kom,,PL,0,,0,,0,,0,mm,0,mm,0,mm,Track systems > 1-circuit Profile > Accessories,Tračni sistemi > 1-fazni Profile > Dodatki,,,,,,,22,0,,,,,//pim.nowodvorski.com/media/files/8835.jpg,,,,,,,,,,,,,,,,,,,,,,,,,,NW.8835,,,,,,,,,,,,,,,,PROFILE RECESSED CONNECTOR,,,,,,,,,,,,,,,,,,,,,,,,,,,,,,,,,,,,,,,,50/60,Hz,,,,,,,,,,,,,,,,,,,IP20,,,,,,,,,,,,,,,,,,,,,,,,,,1,,8536900100,,10,,,cm,,,13.5,,,cm,,,0.06,dm³,3,,,cm,,,,,,,,,,,,,,,,,,~220-230,V,,,,,,,
NW.8836,5903139883696,svetila_si|svetila_si_en,,Konektor  za tračnico PROFILE RECESSED X-CONNECTOR WHITE,00001625,91086973,,kom,,PL,0,,0,,0,,0,mm,0,mm,0,mm,Track systems > 1-circuit Profile > Accessories,Tračni sistemi > 1-fazni Profile > Dodatki,,,,,,,22,0,,,,,//pim.nowodvorski.com/media/files/8836.jpg,,,,,,,,,,,,,,,,,,,,,,,,,,NW.8836,,,,,,,,,,,,,,,,PROFILE RECESSED CONNECTOR,,,,,,,,,,,,,,,,,,,,,,,,,,,,,,,,,,,,,,,,50/60,Hz,,,,,,,,,,,,,,,,,,,IP20,,,,,,,,,,,,,,,,,,,,,,,,,,1,,8536900100,,2,,,cm,,,14,,,cm,,,0.39,dm³,14,,,cm,,,,,,,,,,,,,,,,,,~220-230,V,,,,,,,
NW.8837,5903139883795,svetila_si|svetila_si_en,,Konektor  za tračnico PROFILE RECESSED X-CONNECTOR BLACK,00001625,91086973,,kom,,PL,0,,0,,0,,0,mm,0,mm,0,mm,Track systems > 1-circuit Profile > Accessories,Tračni sistemi > 1-fazni Profile > Dodatki,,,,,,,22,0,,,,,//pim.nowodvorski.com/media/files/8837.jpg,,,,,,,,,,,,,,,,,,,,,,,,,,NW.8837,,,,,,,,,,,,,,,,PROFILE RECESSED CONNECTOR,,,,,,,,,,,,,,,,,,,,,,,,,,,,,,,,,,,,,,,,50/60,Hz,,,,,,,,,,,,,,,,,,,IP20,,,,,,,,,,,,,,,,,,,,,,,,,,1,,8536900100,,2,,,cm,,,14,,,cm,,,0.39,dm³,14,,,cm,,,,,,,,,,,,,,,,,,~220-230,V,,,,,,,
NW.8838,5903139883894,svetila_si|svetila_si_en,VESPA I ceiling light GU10 ES111 black,Svetilka stropna VESPA I IP20 črna,00001625,91086973,,kom,94051091,PL,0,,0.38,,0,,0,mm,0,mm,0,mm,Interior lighting > Spotlights and spots,Notranja svetila > Reflektorska svetila,,,,,,,22,0,,,,,//pim.nowodvorski.com/media/files/8838.jpg,,,,,,,,,,,,,,,,GU10 ES111,0,,15W only LED,,,,,,,NW.8838,,,,,,,,,,,,,,,,VESPA,,,,,,,,,,,,,,,,,,,,,,,,,,,,,,,,,,,,,,,,50/60,Hz,,,,,,,,9,cm,,,,,,,,,,IP20,,,,,,,,,,,,,,,,,,,,,,,,0,1,1,,9405199000,,15.5,,,cm,,,22.5,,,cm,,,4.46,dm³,14,,,cm,,,,,,,,11.5,cm,,,,,,,,,~220-230,V,,,11.4,cm,,,
NW.8840,5903139884099,,VESPA II ceiling light GU10 ES111 black,Svetilka stropna VESPA II IP20 črna,00001625,91086973,,kom,94051091,PL,0,,1.22,,0,,0,mm,0,mm,0,mm,,,,,,,,,22,0,,,,,,,,,,,,,,,,,,,,,,,,,,,,,,,,,,,,,,,,,,,,,,,,,,,,,,,,,,,,,,,,,,,,,,,,,,,,,,,,,,,,,,,,,,,,,,,,,,,,,,,,,,,,,,,,,,,,,,,,,,,,,,,,,,,,,,,,,,,,,,,,,,,,,,,,,,,,,,,,,,,,,,,,,,,,,,,,,,,,
NW.8841,5903139884198,svetila_si|svetila_si_en,VESPA III ceiling light GU10 ES111 black,Svetilka stropna VESPA III IP20 črna,00001625,91086973,,kom,94051091,PL,0,,1.32,,0,,0,mm,0,mm,0,mm,Interior lighting > Spotlights and spots,Notranja svetila > Reflektorska svetila,,,,,,,22,0,,,,,//pim.nowodvorski.com/media/files/8841.jpg,,,,,,,,,,,,,,,,GU10 ES111,0,,15W only LED,,,,,,,NW.8841,,,,,,,,,,,,,,,,VESPA,,,,,,,,,,,,,,,,,,,,,,,,,,,,,,,,,,,,,,,,50/60,Hz,,,,,,,,11,cm,,,,,,,,,,IP20,,,,,,,,,,,,,,,,,,,,,,,,2,3,1,,9405199000,,22.5,,,cm,,,51,,,cm,,,19.14,dm³,15.5,,,cm,,,,,1/2,,,50,cm,,,,,,,,,~220-230,V,,,11.4,cm,,,
NW.8842,5903139884297,svetila_si|svetila_si_en,VESPA VI ceiling light GU10 ES111 black,Svetilka stropna VESPA VI IP20 črna,00001625,91086973,,kom,94051091,PL,0,,4.4,,0,,0,mm,0,mm,0,mm,Interior lighting > Spotlights and spots,Notranja svetila > Reflektorska svetila,,,,,,,22,0,,,,,//pim.nowodvorski.com/media/files/8842.jpg,,,,,,,,,,,,,,,,GU10 ES111,0,,15W only LED,,,,,,,NW.8842,,,,,,,,,,,,,,,,VESPA,,,,,,,,,,,,,,,,,,,,,,,,,,,,,,,,,,,,,,,,50/60,Hz,,,,,,,,12,cm,,,,,,,,,,IP20,,,,,,,,,,,,,,,,,,,,,,,,2,6,1,,9405199000,,14,,,cm,,,154,,,cm,,,55.94,dm³,17,,,cm,,,,,3/3,,,150,cm,,,,,,,,,~220-230,V,,,11.4,cm,,,
NW.8843,5903139884396,,HAWK II pendant light E27 white,Svetilka viseča HAWK II IP20 bela,00001625,91086973,,kom,94051098,PL,0,,6.65,,0,,0,mm,0,mm,0,mm,,,,,,,,,22,0,,,,,,,,,,,,,,,,,,,,,,,,,,,,,,,,,,,,,,,,,,,,,,,,,,,,,,,,,,,,,,,,,,,,,,,,,,,,,,,,,,,,,,,,,,,,,,,,,,,,,,,,,,,,,,,,,,,,,,,,,,,,,,,,,,,,,,,,,,,,,,,,,,,,,,,,,,,,,,,,,,,,,,,,,,,,,,,,,,,,
NW.8847,5903139884792,,LUKSOR L pendant light E27 black,Svetilka viseča LUKSOR L IP20 črna,00001625,91086973,,kom,94051098,PL,0,,1.87,,0,,0,mm,0,mm,0,mm,,,,,,,,,22,0,,,,,,,,,,,,,,,,,,,,,,,,,,,,,,,,,,,,,,,,,,,,,,,,,,,,,,,,,,,,,,,,,,,,,,,,,,,,,,,,,,,,,,,,,,,,,,,,,,,,,,,,,,,,,,,,,,,,,,,,,,,,,,,,,,,,,,,,,,,,,,,,,,,,,,,,,,,,,,,,,,,,,,,,,,,,,,,,,,,,
NW.8850,5903139885096,svetila_si|svetila_si_en,LUKSOR L L pendant light E27 brass/black,Svetilka viseča LUKSOR L IP20 zlata,00001625,91086973,,kom,94051098,PL,0,,1.87,,0,,0,mm,0,mm,0,mm,Interior lighting > Suspended lamps,Notranja svetila > Viseča svetila,,,,,,,22,0,,,,,//pim.nowodvorski.com/media/files/8850.jpg,,,,,,,,,,,,,,,,E27,0,,25W only LED,,,,,,,NW.8850,,,,,,7.5,cm,5.5,cm,,,,,,,LUKSOR,,,,,,,,,,,,,,,,,,,,,,,,,,,,,,,,,,,,,,,,50/60,Hz,,,Possible by a qualified electrician,,,,,72,cm,,,,,,,,,,IP20,,,,,,,,,,,,,,,,,,,,,,,,0,1,1,,9405199000,,75,,,cm,,,33,,,cm,,,86.7,dm³,33,,,cm,,,,,,,,,,,,,,,,,,~220-230,V,,,32,cm,,,
NW.8851,5903139885195,svetila_si|svetila_si_en,LUKSOR S pendant light E27 black,Svetilka viseča LUKSOR S IP20 črna,00001625,91086973,,kom,94051098,PL,0,,1.85,,0,,0,mm,0,mm,0,mm,Interior lighting > Suspended lamps,Notranja svetila > Viseča svetila,,,,,,,22,0,,,,,//pim.nowodvorski.com/media/files/8851.jpg,,,,,,,,,,,,,,,,E27,0,,25W only LED,,,,,,,NW.8851,,,,,,7.5,cm,5.5,cm,,,,,,,LUKSOR,,,,,,,,,,,,,,,,,,,,,,,,,,,,,,,,,,,,,,,,50/60,Hz,,,Possible by a qualified electrician,,,,,72,cm,,,,,,,,,,IP20,,,,,,,,,,,,,,,,,,,,,,,,0,1,1,,9405199000,,75,,,cm,,,39,,,cm,,,110.77,dm³,39,,,cm,,,,,,,,,,,,,,,,,,~220-230,V,,,37,cm,,,
NW.8853,5903139885393,,LUKSOR S S pendant light E27 brass/black,Svetilka viseča LUKSOR S IP20 zlata,00001625,91086973,,kom,94051098,PL,0,,1.85,,0,,0,mm,0,mm,0,mm,,,,,,,,,22,0,,,,,,,,,,,,,,,,,,,,,,,,,,,,,,,,,,,,,,,,,,,,,,,,,,,,,,,,,,,,,,,,,,,,,,,,,,,,,,,,,,,,,,,,,,,,,,,,,,,,,,,,,,,,,,,,,,,,,,,,,,,,,,,,,,,,,,,,,,,,,,,,,,,,,,,,,,,,,,,,,,,,,,,,,,,,,,,,,,,,
NW.8854,5903139885492,,GSTAR pendant light GU10 brass/black,Svetilka viseča GSTAR IP20 zlata,00001625,91086973,,kom,94051098,PL,0,,0.8,,0,,0,mm,0,mm,0,mm,,,,,,,,,22,0,,,,,,,,,,,,,,,,,,,,,,,,,,,,,,,,,,,,,,,,,,,,,,,,,,,,,,,,,,,,,,,,,,,,,,,,,,,,,,,,,,,,,,,,,,,,,,,,,,,,,,,,,,,,,,,,,,,,,,,,,,,,,,,,,,,,,,,,,,,,,,,,,,,,,,,,,,,,,,,,,,,,,,,,,,,,,,,,,,,,
NW.8856,5903139885690,,WAVE L pendant light E27 black,Svetilka viseča WAVE L IP20 črna,00001625,91086973,,kom,94051098,PL,0,,1.22,,0,,0,mm,0,mm,0,mm,,,,,,,,,22,0,,,,,,,,,,,,,,,,,,,,,,,,,,,,,,,,,,,,,,,,,,,,,,,,,,,,,,,,,,,,,,,,,,,,,,,,,,,,,,,,,,,,,,,,,,,,,,,,,,,,,,,,,,,,,,,,,,,,,,,,,,,,,,,,,,,,,,,,,,,,,,,,,,,,,,,,,,,,,,,,,,,,,,,,,,,,,,,,,,,,
NW.8857,5903139885799,svetila_si|svetila_si_en,WAVE L pendant light E27 brass/black,Svetilka viseča WAVE L IP20 zlata,00001625,91086973,,kom,94051098,PL,0,,1.22,,0,,0,mm,0,mm,0,mm,Interior lighting > Suspended lamps,Notranja svetila > Viseča svetila,,,,,,,22,0,,,,,//pim.nowodvorski.com/media/files/8857.jpg,,,,,,,,,,,,,,,,E27,0,,25W only LED,,,,,,,NW.8857,,,,,,7.5,cm,5.5,cm,,,,,,,WAVE,,,,,,,,,,,,,,,,,,,,,,,,,,,,,,,,,,,,,,,,50/60,Hz,,,Possible by a qualified electrician,,,,,47,cm,,,,,,,,,,IP20,,,,,,,,,,,,,,,,,,,,,,,,0,1,1,,9405199000,,48,,,cm,,,33,,,cm,,,55.49,dm³,33,,,cm,,,,,,,,,,,,,,,,,,~220-230,V,,,30,cm,,,
NW.8858,5903139885898,svetila_si|svetila_si_en,WAVE S pendant light E27 black,Svetilka viseča WAVE S IP20 črna,00001625,91086973,,kom,94051098,PL,0,,1.34,,0,,0,mm,0,mm,0,mm,Interior lighting > Suspended lamps,Notranja svetila > Viseča svetila,,,,,,,22,0,,,,,//pim.nowodvorski.com/media/files/8858.jpg,,,,,,,,,,,,,,,,E27,0,,25W only LED,,,,,,,NW.8858,,,,,,7.5,cm,5.5,cm,,,,,,,WAVE,,,,,,,,,,,,,,,,,,,,,,,,,,,,,,,,,,,,,,,,50/60,Hz,,,Possible by a qualified electrician,,,,,35,cm,,,,,,,,,,IP20,,,,,,,,,,,,,,,,,,,,,,,,0,1,1,,9405199000,,37,,,cm,,,41,,,cm,,,63.71,dm³,41,,,cm,,,,,,,,,,,,,,,,,,~220-230,V,,,38,cm,,,
NW.8860,5903139886093,,WAVE S pendant light E27 white,Svetilka viseča WAVE S IP20 bela,00001625,91086973,,kom,94051098,PL,0,,1.34,,0,,0,mm,0,mm,0,mm,,,,,,,,,22,0,,,,,,,,,,,,,,,,,,,,,,,,,,,,,,,,,,,,,,,,,,,,,,,,,,,,,,,,,,,,,,,,,,,,,,,,,,,,,,,,,,,,,,,,,,,,,,,,,,,,,,,,,,,,,,,,,,,,,,,,,,,,,,,,,,,,,,,,,,,,,,,,,,,,,,,,,,,,,,,,,,,,,,,,,,,,,,,,,,,,
NW.8861,5903139886192,,WAVE S pendant light E27 brass/black,Svetilka viseča WAVE S IP20 zlata,00001625,91086973,,kom,94051098,PL,0,,1.34,,0,,0,mm,0,mm,0,mm,,,,,,,,,22,0,,,,,,,,,,,,,,,,,,,,,,,,,,,,,,,,,,,,,,,,,,,,,,,,,,,,,,,,,,,,,,,,,,,,,,,,,,,,,,,,,,,,,,,,,,,,,,,,,,,,,,,,,,,,,,,,,,,,,,,,,,,,,,,,,,,,,,,,,,,,,,,,,,,,,,,,,,,,,,,,,,,,,,,,,,,,,,,,,,,,
NW.8862,5903139886291,,PICO I pendant light GU10 black/brass,Svetilka viseča PICO I IP20 črna,00001625,91086973,,kom,94051098,PL,0,,0.99,,0,,0,mm,0,mm,0,mm,,,,,,,,,22,0,,,,,,,,,,,,,,,,,,,,,,,,,,,,,,,,,,,,,,,,,,,,,,,,,,,,,,,,,,,,,,,,,,,,,,,,,,,,,,,,,,,,,,,,,,,,,,,,,,,,,,,,,,,,,,,,,,,,,,,,,,,,,,,,,,,,,,,,,,,,,,,,,,,,,,,,,,,,,,,,,,,,,,,,,,,,,,,,,,,,
NW.8863,5903139886390,svetila_si|svetila_si_en,PICO III pendant light GU10 black/brass,Svetilka viseča PICO III IP20 črna,00001625,91086973,,kom,94051098,PL,0,,3.36,,0,,0,mm,0,mm,0,mm,Interior lighting > Suspended lamps,Notranja svetila > Viseča svetila,,,,,,,22,0,,,,,//pim.nowodvorski.com/media/files/8863.jpg,,,,,,,,,,,,,,,,GU10 R50,0,,10W only LED,,,,,,,NW.8863,,,,,,2.2,cm,30,cm,,,,,,,PICO,,,,,,,,,,,,,,,,,,,,,,,,,,,,,,,,,,,,,,,,50/60,Hz,,,Possible by a qualified electrician,,,,,,,,,,,,,,,,IP20,,,,,,,,,,,,,,,,,,,,,,,,1,3,1,,9405199000,,29,,,cm,,,43,,,cm,,,53.71,dm³,33,,,cm,,,,,,,,,,,,,,,,,,~220-230,V,,,,,,,
NW.8864,5903139886499,svetila_si|svetila_si_en,ABI L pendant light E27 black,Svetilka viseča ABI L IP20 črna,00001625,91086973,,kom,94051098,PL,0,,2.16,,0,,0,mm,0,mm,0,mm,Interior lighting > Suspended lamps,Notranja svetila > Viseča svetila,,,,,,,22,0,,,,,//pim.nowodvorski.com/media/files/8864.jpg,,,,,,,,,,,,,,,,E27,0,,25W only LED,,,,,,,NW.8864,,,,,,7.5,cm,5.5,cm,,,,,,,ABI,,,,,,,T011,,,,,,,,,,,,,,,,,,,,,,,,,,,,,,,,,50/60,Hz,,,Possible by a qualified electrician,,,,,120/24,cm,,,,,,,,,,IP20,,,,,,,,,,,,,,,,,,,,,,,,,1,1,,9405199000,,78.5,,,cm,,,28.5,,,cm,,,57.4,dm³,26,,,cm,,,,,,,,,,,,,,,,,,~220-230,V,,,22/13,cm,,,
NW.8865,5903139886598,,ABI L L pendant light E27 white,Svetilka viseča ABI L IP20 bela,00001625,91086973,,kom,94051098,PL,0,,2.16,,0,,0,mm,0,mm,0,mm,,,,,,,,,22,0,,,,,,,,,,,,,,,,,,,,,,,,,,,,,,,,,,,,,,,,,,,,,,,,,,,,,,,,,,,,,,,,,,,,,,,,,,,,,,,,,,,,,,,,,,,,,,,,,,,,,,,,,,,,,,,,,,,,,,,,,,,,,,,,,,,,,,,,,,,,,,,,,,,,,,,,,,,,,,,,,,,,,,,,,,,,,,,,,,,,
NW.8866,5903139886697,,ABI M pendant light E27 black,Svetilka viseča ABI M IP20 črna,00001625,91086973,,kom,94051098,PL,0,,1.76,,0,,0,mm,0,mm,0,mm,,,,,,,,,22,0,,,,,,,,,,,,,,,,,,,,,,,,,,,,,,,,,,,,,,,,,,,,,,,,,,,,,,,,,,,,,,,,,,,,,,,,,,,,,,,,,,,,,,,,,,,,,,,,,,,,,,,,,,,,,,,,,,,,,,,,,,,,,,,,,,,,,,,,,,,,,,,,,,,,,,,,,,,,,,,,,,,,,,,,,,,,,,,,,,,,
NW.8870,5903139887090,,ABI S pendant light E27 black,Svetilka viseča ABI S IP20 črna,00001625,91086973,,kom,94051098,PL,0,,1.69,,0,,0,mm,0,mm,0,mm,,,,,,,,,22,0,,,,,,,,,,,,,,,,,,,,,,,,,,,,,,,,,,,,,,,,,,,,,,,,,,,,,,,,,,,,,,,,,,,,,,,,,,,,,,,,,,,,,,,,,,,,,,,,,,,,,,,,,,,,,,,,,,,,,,,,,,,,,,,,,,,,,,,,,,,,,,,,,,,,,,,,,,,,,,,,,,,,,,,,,,,,,,,,,,,,
NW.8873,5903139887397,,UMBRELLA pendant light E27 black,Svetilka viseča UMBRELLA IP20 črna,00001625,91086973,,kom,94051098,PL,0,,1.75,,0,,0,mm,0,mm,0,mm,,,,,,,,,22,0,,,,,,,,,,,,,,,,,,,,,,,,,,,,,,,,,,,,,,,,,,,,,,,,,,,,,,,,,,,,,,,,,,,,,,,,,,,,,,,,,,,,,,,,,,,,,,,,,,,,,,,,,,,,,,,,,,,,,,,,,,,,,,,,,,,,,,,,,,,,,,,,,,,,,,,,,,,,,,,,,,,,,,,,,,,,,,,,,,,,
NW.8874,5903139887496,,UMBRELLA pendant light E27 brass/black,Svetilka viseča UMBRELLA IP20 zlata,00001625,91086973,,kom,94051098,PL,0,,1.75,,0,,0,mm,0,mm,0,mm,,,,,,,,,22,0,,,,,,,,,,,,,,,,,,,,,,,,,,,,,,,,,,,,,,,,,,,,,,,,,,,,,,,,,,,,,,,,,,,,,,,,,,,,,,,,,,,,,,,,,,,,,,,,,,,,,,,,,,,,,,,,,,,,,,,,,,,,,,,,,,,,,,,,,,,,,,,,,,,,,,,,,,,,,,,,,,,,,,,,,,,,,,,,,,,,
NW.8895,5903139889599,svetila_si|svetila_si_en,SET ceiling light GU10 white,Svetilka stropna SET IP20 bela,00001625,91086973,,kom,94051098,PL,0,,0.61,,0,,0,mm,0,mm,0,mm,Interior lighting > Downlights > Surfaced mounted,Notranja svetila > Downlights > Nadgradne svetilke,,,,,,,22,0,,,,,//pim.nowodvorski.com/media/files/8895.jpg,,,,,,,,,,,,,,,,GU10 R50,0,,10W only LED,,,,,,,NW.8895,,,,,,,,,,,,,,,,SET,,,,,,,,,,,,,,,,,,,,,,,,,,,,,,,,,,,,,,,,50/60,Hz,,,,,,,,,,,,,,,,,,,IP20,,,,,,,,,,,,,,,,,,,,,,,,0,1,1,,9405199000,,13,,,cm,,,11,,,cm,,,1.57,dm³,11,,,cm,,,,,,,,,,,,,,,,,,~220-230,V,,,,,,,
NW.8896,5903139889698,svetila_si|svetila_si_en,SET ceiling light GU10 white/gold,Svetilka stropna SET IP20 bela,00001625,91086973,,kom,94051098,PL,0,,0.61,,0,,0,mm,0,mm,0,mm,Interior lighting > Downlights > Surfaced mounted,Notranja svetila > Downlights > Nadgradne svetilke,,,,,,,22,0,,,,,//pim.nowodvorski.com/media/files/8896.jpg,,,,,,,,,,,,,,,,GU10 R50,0,,10W only LED,,,,,,,NW.8896,,,,,,,,,,,,,,,,SET,,,,,,,,,,,,,,,,,,,,,,,,,,,,,,,,,,,,,,,,50/60,Hz,,,,,,,,,,,,,,,,,,,IP20,,,,,,,,,,,,,,,,,,,,,,,,0,1,1,,9405199000,,13,,,cm,,,11,,,cm,,,1.57,dm³,11,,,cm,,,,,,,,,,,,,,,,,,~220-230,V,,,,,,,
NW.8897,5903139889797,,SET ceiling light GU10 white/silver,Svetilka stropna SET IP20 bela,00001625,91086973,,kom,94051098,PL,0,,0.61,,0,,0,mm,0,mm,0,mm,,,,,,,,,22,0,,,,,,,,,,,,,,,,,,,,,,,,,,,,,,,,,,,,,,,,,,,,,,,,,,,,,,,,,,,,,,,,,,,,,,,,,,,,,,,,,,,,,,,,,,,,,,,,,,,,,,,,,,,,,,,,,,,,,,,,,,,,,,,,,,,,,,,,,,,,,,,,,,,,,,,,,,,,,,,,,,,,,,,,,,,,,,,,,,,,
NW.8898,5903139889896,svetila_si|svetila_si_en,SET ceiling light GU10 white/black,Svetilka stropna SET IP20 bela,00001625,91086973,,kom,94051098,PL,0,,0.61,,0,,0,mm,0,mm,0,mm,Interior lighting > Downlights > Surfaced mounted,Notranja svetila > Downlights > Nadgradne svetilke,,,,,,,22,0,,,,,//pim.nowodvorski.com/media/files/8898.jpg,,,,,,,,,,,,,,,,GU10 R50,0,,10W only LED,,,,,,,NW.8898,,,,,,,,,,,,,,,,SET,,,,,,,,,,,,,,,,,,,,,,,,,,,,,,,,,,,,,,,,50/60,Hz,,,,,,,,,,,,,,,,,,,IP20,,,,,,,,,,,,,,,,,,,,,,,,0,1,1,,9405199000,,13,,,cm,,,11,,,cm,,,1.57,dm³,11,,,cm,,,,,,,,,,,,,,,,,,~220-230,V,,,,,,,
NW.8900,5903139890090,svetila_si|svetila_si_en,SET ceiling light GU10 black,Svetilka stropna SET IP20 črna,00001625,91086973,,kom,94051098,PL,0,,0.61,,0,,0,mm,0,mm,0,mm,Interior lighting > Downlights > Surfaced mounted,Notranja svetila > Downlights > Nadgradne svetilke,,,,,,,22,0,,,,,//pim.nowodvorski.com/media/files/8900.jpg,,,,,,,,,,,,,,,,GU10 R50,0,,10W only LED,,,,,,,NW.8900,,,,,,,,,,,,,,,,SET,,,,,,,,,,,,,,,,,,,,,,,,,,,,,,,,,,,,,,,,50/60,Hz,,,,,,,,,,,,,,,,,,,IP20,,,,,,,,,,,,,,,,,,,,,,,,0,1,1,,9405199000,,13,,,cm,,,11,,,cm,,,1.57,dm³,11,,,cm,,,,,,,,,,,,,,,,,,~220-230,V,,,,,,,
NW.8901,5903139890199,svetila_si|svetila_si_en,SET ceiling light GU10 black/gold,Svetilka stropna SET IP20 črna,00001625,91086973,,kom,94051098,PL,0,,0.61,,0,,0,mm,0,mm,0,mm,Interior lighting > Downlights > Surfaced mounted,Notranja svetila > Downlights > Nadgradne svetilke,,,,,,,22,0,,,,,//pim.nowodvorski.com/media/files/8901.jpg,,,,,,,,,,,,,,,,GU10 R50,0,,10W only LED,,,,,,,NW.8901,,,,,,,,,,,,,,,,SET,,,,,,,,,,,,,,,,,,,,,,,,,,,,,,,,,,,,,,,,50/60,Hz,,,,,,,,,,,,,,,,,,,IP20,,,,,,,,,,,,,,,,,,,,,,,,0,1,1,,9405199000,,13,,,cm,,,11,,,cm,,,1.57,dm³,11,,,cm,,,,,,,,,,,,,,,,,,~220-230,V,,,,,,,
NW.8902,5903139890298,,SET ceiling light GU10 black/silver,Svetilka stropna SET IP20 črna,00001625,91086973,,kom,94051098,PL,0,,0.61,,0,,0,mm,0,mm,0,mm,,,,,,,,,22,0,,,,,,,,,,,,,,,,,,,,,,,,,,,,,,,,,,,,,,,,,,,,,,,,,,,,,,,,,,,,,,,,,,,,,,,,,,,,,,,,,,,,,,,,,,,,,,,,,,,,,,,,,,,,,,,,,,,,,,,,,,,,,,,,,,,,,,,,,,,,,,,,,,,,,,,,,,,,,,,,,,,,,,,,,,,,,,,,,,,,
NW.8903,5903139890397,,SET ceiling light GU10 black/white,Svetilka stropna SET IP20 črna,00001625,91086973,,kom,94051098,PL,0,,0.61,,0,,0,mm,0,mm,0,mm,,,,,24.9,,,,22,0,,,,,,,,,,,,,,,,,,,,,,,,,,,,,,,,,,,,,,,,,,,,,,,,,,,,,,,,,,,,,,,,,,,,,,,,,,,,,,,,,,,,,,,,,,,,,,,,,,,,,,,,,,,,,,,,,,,,,,,,,,,,,,,,,,,,,,,,,,,,,,,,,,,,,,,,,,,,,,,,,,,,,,,,,,,,,,,,,,,,
NW.8908,5903139890892,,,LED svetilka viseča H 36W toplo bela IP20 bela,00001625,91086973,,kom,94051098,PL,0,,1.33,,0,,0,mm,0,mm,0,mm,,,,,,,,,22,0,,,,,,,,,,,,,,,,,,,,,,,,,,,,,,,,,,,,,,,,,,,,,,,,,,,,,,,,,,,,,,,,,,,,,,,,,,,,,,,,,,,,,,,,,,,,,,,,,,,,,,,,,,,,,,,,,,,,,,,,,,,,,,,,,,,,,,,,,,,,,,,,,,,,,,,,,,,,,,,,,,,,,,,,,,,,,,,,,,,,
NW.8910,5903139891097,,,LED svetilka viseča H 36W toplo bela IP20 bela,00001625,91086973,,kom,94051098,PL,0,,1.33,,0,,0,mm,0,mm,0,mm,,,,,,,,,22,0,,,,,,,,,,,,,,,,,,,,,,,,,,,,,,,,,,,,,,,,,,,,,,,,,,,,,,,,,,,,,,,,,,,,,,,,,,,,,,,,,,,,,,,,,,,,,,,,,,,,,,,,,,,,,,,,,,,,,,,,,,,,,,,,,,,,,,,,,,,,,,,,,,,,,,,,,,,,,,,,,,,,,,,,,,,,,,,,,,,,
NW.8911,5903139891196,svetila_si|svetila_si_en,EYE S ceiling light GU10 brass,Svetilka stropna EYE S IP20 zlata,00001625,91086973,,kom,94051098,PL,0,,0.2,,0,,0,mm,0,mm,0,mm,Interior lighting > Downlights > Surfaced mounted,Notranja svetila > Downlights > Nadgradne svetilke,,,18.02,,,,22,0,,,,,//pim.nowodvorski.com/media/files/8911.jpg,,,,,,,,,,,,,,,,GU10 R50,0,,10W only LED,,,,,,,NW.8911,,,,,,,,,,,,,,,,EYE,,,,,,,,,,,,,,,,,,,,,,,,,,,,,,,,,,,,,,,,50/60,Hz,,,,,,,,,,,,,,,,,,,IP20,,,,,,,,,,,,,,,,,,,,,,,,0,1,1,,9405199000,,10,,,cm,,,6,,,cm,,,0.36,dm³,6,,,cm,,,,,,,,,,,,,,,,,,~220-230,V,,,,,,,
NW.8912,5903139891295,svetila_si|svetila_si_en,EYE M ceiling light GU10 brass,Svetilka stropna EYE M IP20 zlata,00001625,91086973,,kom,94051098,PL,0,,0.46,,0,,0,mm,0,mm,0,mm,Interior lighting > Downlights > Surfaced mounted,Notranja svetila > Downlights > Nadgradne svetilke,,,34.72,,,,22,0,,,,,//pim.nowodvorski.com/media/files/8912.jpg,,,,,,,,,,,,,,,,GU10 R50,0,,10W only LED,,,,,,,NW.8912,,,,,,,,,,,,,,,,EYE,,,,,,,,,,,,,,,,,,,,,,,,,,,,,,,,,,,,,,,,50/60,Hz,,,,,,,,,,,,,,,,,,,IP20,,,,,,,,,,,,,,,,,,,,,,,,0,1,1,,9405199000,,7,,,cm,,,32.5,,,cm,,,1.59,dm³,6.5,,,cm,,,,,,,,,,,,,,,,,,~220-230,V,,,,,,,
NW.8913,5903139891394,svetila_si|svetila_si_en,EYE L ceiling light GU10 brass,Svetilka stropna EYE L IP20 zlata,00001625,91086973,,kom,94051098,PL,0,,0.73,,0,,0,mm,0,mm,0,mm,Interior lighting > Downlights > Surfaced mounted,Notranja svetila > Downlights > Nadgradne svetilke,,,45.5,,,,22,0,,,,,//pim.nowodvorski.com/media/files/8913.jpg,,,,,,,,,,,,,,,,GU10 R50,0,,10W only LED,,,,,,,NW.8913,,,,,,,,,,,,,,,,EYE,,,,,,,,,,,,,,,,,,,,,,,,,,,,,,,,,,,,,,,,50/60,Hz,,,,,,,,,,,,,,,,,,,IP20,,,,,,,,,,,,,,,,,,,,,,,,0,1,1,,9405199000,,6.5,,,cm,,,46.5,,,cm,,,2.27,dm³,6.5,,,cm,,,,,,,,,,,,,,,,,,~220-230,V,,,,,,,
NW.8914,5903139891493,svetila_si|svetila_si_en,EYE I M pendant light GU10 brass/black,Svetilka viseča EYE I M IP20 zlata,00001625,91086973,,kom,94051098,PL,0,,0.64,,0,,0,mm,0,mm,0,mm,Interior lighting > Suspended lamps,Notranja svetila > Viseča svetila,,,,,,,22,0,,,,,//pim.nowodvorski.com/media/files/8914.jpg,,,,,,,,,,,,,,,,GU10 R50,0,,10W only LED,,,,,,,NW.8914,,,,,,7.5,cm,5.5,cm,,,,,,,EYE,,,,,,,,,,,,,,,,,,,,,,,,,,,,,,,,,,,,,,,,50/60,Hz,,,Possible by a qualified electrician,,,,,25,cm,,,,,,,,,,IP20,,,,,,,,,,,,,,,,,,,,,,,,0,1,1,,9405199000,,6.5,,,cm,,,46.5,,,cm,,,2.27,dm³,6.5,,,cm,,,,,,,,,,,,,,,,,,~220-230,V,,,,,,,
NW.8915,5903139891592,svetila_si|svetila_si_en,EYE III L pendant light GU10 brass/black,Svetilka viseča EYE III L IP20 črna,00001625,91086973,,kom,94051098,PL,0,,2.47,,0,,0,mm,0,mm,0,mm,Interior lighting > Suspended lamps,Notranja svetila > Viseča svetila,,,,,,,22,0,,,,,//pim.nowodvorski.com/media/files/8915.jpg,,,,,,,,,,,,,,,,GU10 R50,0,,3x10W only LED,,,,,,,NW.8915,,,,,,2.5,cm,20,cm,,,,,,,EYE,,,,,,,,,,,,,,,,,,,,,,,,,,,,,,,,,,,,,,,,50/60,Hz,,,Possible by a qualified electrician,,,,,40,cm,,,,,,,,,,IP20,,,,,,,,,,,,,,,,,,,,,,,,1,3,1,,9405199000,,12.5,,,cm,,,45,,,cm,,,11.81,dm³,21,,,cm,,,,,,,,,,,,,,,,,,~220-230,V,,,5.5,cm,,,
NW.8916,5903139891691,svetila_si|svetila_si_en,EYE III L pendant light GU10 white,Svetilka viseča EYE III L IP20 bela,00001625,91086973,,kom,94051098,PL,0,,2.9,,0,,0,mm,0,mm,0,mm,Interior lighting > Suspended lamps,Notranja svetila > Viseča svetila,,,,,,,22,0,,,,,//pim.nowodvorski.com/media/files/8916.jpg,,,,,,,,,,,,,,,,GU10 R50,0,,3x10W only LED,,,,,,,NW.8916,,,,,,2.5,cm,20,cm,,,,,,,EYE,,,,,,,,,,,,,,,,,,,,,,,,,,,,,,,,,,,,,,,,50/60,Hz,,,Possible by a qualified electrician,,,,,40,cm,,,,,,,,,,IP20,,,,,,,,,,,,,,,,,,,,,,,,1,3,1,,9405199000,,12.5,,,cm,,,45,,,cm,,,11.81,dm³,21,,,cm,,,,,,,,,,,,,,,,,,~220-230,V,,,5.5,cm,,,
NW.8917,5903139891790,svetila_si|svetila_si_en,EYE III L pendant light GU10 black,Svetilka viseča EYE III L IP20 črna,00001625,91086973,,kom,94051098,PL,0,,2.9,,0,,0,mm,0,mm,0,mm,Interior lighting > Suspended lamps,Notranja svetila > Viseča svetila,,,85.91,,,,22,0,,,,,//pim.nowodvorski.com/media/files/8917.jpg,,,,,,,,,,,,,,,,GU10 R50,0,,3x10W only LED,,,,,,,NW.8917,,,,,,2.5,cm,20,cm,,,,,,,EYE,,,,,,,,,,,,,,,,,,,,,,,,,,,,,,,,,,,,,,,,50/60,Hz,,,Possible by a qualified electrician,,,,,40,cm,,,,,,,,,,IP20,,,,,,,,,,,,,,,,,,,,,,,,1,3,1,,9405199000,,12.5,,,cm,,,45,,,cm,,,11.85,dm³,21,,,cm,,,,,,,,,,,,,,,,,,~220-230,V,,,5.5,cm,,,
NW.8918,5903139891899,svetila_si|svetila_si_en,LASER VII pendant light G9 white,Svetilka viseča LASER VII IP20 bela,00001625,91086973,,kom,94051098,PL,0,,3.72,,0,,0,mm,0,mm,0,mm,Interior lighting > Suspended lamps,Notranja svetila > Viseča svetila,,,,,,,22,0,,,,,//pim.nowodvorski.com/media/files/8918.jpg,,,,,,,,,,,,,,,,G9,0,,7x10W only LED,,,,,,,NW.8918,,,,,,2.2,cm,30,cm,,,,,,,LASER,,,,,,,,,,,,,,,,,,,,,,,,,,,,,,,,,,,,,,,,50/60,Hz,,,Possible by a qualified electrician,,,,,49,cm,,,,,,,,,,IP20,,,,,,,,,,,,,,,,,,,,,,,,1,7,1,,9405199000,,16,,,cm,,,57,,,cm,,,30.38,dm³,31,,,cm,,,,,,,,,,,,,,,,,,~220-230,V,,,,,,,
NW.8920,5903139892094,svetila_si|svetila_si_en,LASER VII pendant light G9 black,Svetilka viseča LASER VII IP20 črna,00001625,91086973,,kom,94051098,PL,0,,3.72,,0,,0,mm,0,mm,0,mm,Interior lighting > Suspended lamps,Notranja svetila > Viseča svetila,,,,,,,22,0,,,,,//pim.nowodvorski.com/media/files/8920.jpg,,,,,,,,,,,,,,,,G9,0,,7x10W only LED,,,,,,,NW.8920,,,,,,2.2,cm,30,cm,,,,,,,LASER,,,,,,,,,,,,,,,,,,,,,,,,,,,,,,,,,,,,,,,,50/60,Hz,,,Possible by a qualified electrician,,,,,49,cm,,,,,,,,,,IP20,,,,,,,,,,,,,,,,,,,,,,,,1,7,1,,9405199000,,16,,,cm,,,57,,,cm,,,30.38,dm³,31,,,cm,,,,,,,,,,,,,,,,,,~220-230,V,,,2.5,cm,,,
NW.8921,5903139892193,svetila_si|svetila_si_en,LASER VII pendant light G9 brass/black,Svetilka viseča LASER VII IP20 črna,00001625,91086973,,kom,94051098,PL,0,,3.6,,0,,0,mm,0,mm,0,mm,Interior lighting > Suspended lamps,Notranja svetila > Viseča svetila,,,223.25,,,,22,0,,,,,//pim.nowodvorski.com/media/files/8921.jpg,,,,,,,,,,,,,,,,G9,0,,7x10W only LED,,,,,,,NW.8921,,,,,,2.2,cm,30,cm,,,,,,,LASER,,,,,,,,,,,,,,,,,,,,,,,,,,,,,,,,,,,,,,,,50/60,Hz,,,Possible by a qualified electrician,,,,,49,cm,,,,,,,,,,IP20,,,,,,,,,,,,,,,,,,,,,,,,1,7,1,,9405199000,,16,,,cm,,,57,,,cm,,,30.38,dm³,31,,,cm,,,,,,,,,,,,,,,,,,~220-230,V,,,,,,,
NW.8922,5903139892292,svetila_si|svetila_si_en,LASER X pendant light G9 white,Svetilka viseča LASER X IP20 bela,00001625,91086973,,kom,94051098,PL,0,,5.51,,0,,0,mm,0,mm,0,mm,Interior lighting > Suspended lamps,Notranja svetila > Viseča svetila,,,,,,,22,0,,,,,//pim.nowodvorski.com/media/files/8922.jpg,,,,,,,,,,,,,,,,G9,0,,10x10W only LED,,,,,,,NW.8922,,,,,,2.2,cm,20,cm,,,,,,,LASER,,,,,,,,,,,,,,,,,,,,,,,,,,,,,,,,,,,,,,,,50/60,Hz,,,Possible by a qualified electrician,,,,,49,cm,,,,,,,,,,IP20,,,,,,,,,,,,,,,,,,,,,,,,1,10,1,,9405199000,,12.5,,,cm,,,83.5,,,cm,,,26.29,dm³,25,,,cm,,,,,,,,78,cm,,,,,,,,,~220-230,V,,,,,,,
NW.8923,5903139892391,svetila_si|svetila_si_en,LASER X pendant light G9 black,Svetilka viseča LASER X IP20 črna,00001625,91086973,,kom,94051098,PL,0,,5.51,,0,,0,mm,0,mm,0,mm,Interior lighting > Suspended lamps,Notranja svetila > Viseča svetila,,,,,,,22,0,,,,,//pim.nowodvorski.com/media/files/8923.jpg,,,,,,,,,,,,,,,,G9,0,,10x10W only LED,,,,,,,NW.8923,,,,,,2.2,cm,20,cm,,,,,,,LASER,,,,,,,,,,,,,,,,,,,,,,,,,,,,,,,,,,,,,,,,50/60,Hz,,,Possible by a qualified electrician,,,,,49,cm,,,,,,,,,,IP20,,,,,,,,,,,,,,,,,,,,,,,,1,10,1,,9405199000,,12.5,,,cm,,,83.5,,,cm,,,26.29,dm³,25,,,cm,,,,,,,,78,cm,,,,,,,,,~220-230,V,,,2.5,cm,,,
NW.8924,5903139892490,svetila_si|svetila_si_en,LASER X pendant light G9 brass/black,Svetilka viseča LASER X IP20 zlata,00001625,91086973,,kom,94051098,PL,0,,6.1,,0,,0,mm,0,mm,0,mm,Interior lighting > Suspended lamps,Notranja svetila > Viseča svetila,,,,,,,22,0,,,,,//pim.nowodvorski.com/media/files/8924.jpg,,,,,,,,,,,,,,,,G9,0,,10x10W only LED,,,,,,,NW.8924,,,,,,2.2,cm,20,cm,,,,,,,LASER,,,,,,,,,,,,,,,,,,,,,,,,,,,,,,,,,,,,,,,,50/60,Hz,,,Possible by a qualified electrician,,,,,49,cm,,,,,,,,,,IP20,,,,,,,,,,,,,,,,,,,,,,,,1,10,1,,9405199000,,12.5,,,cm,,,83.5,,,cm,,,26.61,dm³,25,,,cm,,,,,,,,78,cm,,,,,,,,,~220-230,V,,,,,,,
NW.8925,5903139892599,svetila_si|svetila_si_en,EYE TONE ceiling light GU10 white,Svetilka stropna EYE TONE IP20 bela,00001625,91086973,,kom,94051098,PL,0,,0.46,,0,,0,mm,0,mm,0,mm,Interior lighting > Downlights > Surfaced mounted,Notranja svetila > Downlights > Nadgradne svetilke,,,19,,,,22,0,,,,,//pim.nowodvorski.com/media/files/8925.jpg,,,,,,,,,,,,,,,,GU10 R50,0,,10W only LED,,,,,,,NW.8925,,,,,,,,,,,,,,,,EYE TONE,,,,,,,,,,,,,,,,,,,,,,,,,,,,,,,,,,,,,,,,50/60,Hz,,,,,,,,,,,,,,,,,,,IP20,,,,,,,,,,,,,,,,,,,,,,,,0,1,1,,9405199000,,12.5,,,cm,,,9.5,,,cm,,,1.13,dm³,9.5,,,cm,,,,,,,,,,,,,,,,,,~220-230,V,,,,,,,
NW.8926,5903139892698,svetila_si|svetila_si_en,EYE TONE ceiling light GU10 white/gold,Svetilka stropna EYE TONE IP20 bela,00001625,91086973,,kom,94051098,PL,0,,0.46,,0,,0,mm,0,mm,0,mm,Interior lighting > Downlights > Surfaced mounted,Notranja svetila > Downlights > Nadgradne svetilke,,,19,,,,22,0,,,,,//pim.nowodvorski.com/media/files/8926.jpg,,,,,,,,,,,,,,,,GU10 R50,0,,10W only LED,,,,,,,NW.8926,,,,,,,,,,,,,,,,EYE TONE,,,,,,,,,,,,,,,,,,,,,,,,,,,,,,,,,,,,,,,,50/60,Hz,,,,,,,,,,,,,,,,,,,IP20,,,,,,,,,,,,,,,,,,,,,,,,0,1,1,,9405199000,,12.5,,,cm,,,9.5,,,cm,,,1.13,dm³,9.5,,,cm,,,,,,,,,,,,,,,,,,~220-230,V,,,,,,,
NW.8928,5903139892896,svetila_si|svetila_si_en,EYE TONE ceiling light GU10 white/silver,Svetilka stropna EYE TONE IP20 bela,00001625,91086973,,kom,94051098,PL,0,,0.46,,0,,0,mm,0,mm,0,mm,Interior lighting > Downlights > Surfaced mounted,Notranja svetila > Downlights > Nadgradne svetilke,,,19,,,,22,0,,,,,//pim.nowodvorski.com/media/files/8928.jpg,,,,,,,,,,,,,,,,GU10 R50,0,,10W only LED,,,,,,,NW.8928,,,,,,,,,,,,,,,,EYE TONE,,,,,,,,,,,,,,,,,,,,,,,,,,,,,,,,,,,,,,,,50/60,Hz,,,,,,,,,,,,,,,,,,,IP20,,,,,,,,,,,,,,,,,,,,,,,,0,1,1,,9405199000,,12.5,,,cm,,,9.5,,,cm,,,1.13,dm³,9.5,,,cm,,,,,,,,,,,,,,,,,,~220-230,V,,,,,,,
NW.8930,5903139893091,svetila_si|svetila_si_en,EYE TONE ceiling light GU10 black,Svetilka stropna EYE TONE IP20 črna,00001625,91086973,,kom,94051098,PL,0,,0.46,,0,,0,mm,0,mm,0,mm,Interior lighting > Downlights > Surfaced mounted,Notranja svetila > Downlights > Nadgradne svetilke,,,19,,,,22,0,,,,,//pim.nowodvorski.com/media/files/8930.jpg,,,,,,,,,,,,,,,,GU10 R50,0,,10W only LED,,,,,,,NW.8930,,,,,,,,,,,,,,,,EYE TONE,,,,,,,,,,,,,,,,,,,,,,,,,,,,,,,,,,,,,,,,50/60,Hz,,,,,,,,,,,,,,,,,,,IP20,,,,,,,,,,,,,,,,,,,,,,,,0,1,1,,9405199000,,12.5,,,cm,,,9.5,,,cm,,,1.13,dm³,9.5,,,cm,,,,,,,,,,,,,,,,,,~220-230,V,,,,,,,
NW.8931,5903139893190,svetila_si|svetila_si_en,EYE TONE ceiling light GU10 black/gold,Svetilka stropna EYE TONE IP20 črna,00001625,91086973,,kom,94051098,PL,0,,0.46,,0,,0,mm,0,mm,0,mm,Interior lighting > Downlights > Surfaced mounted,Notranja svetila > Downlights > Nadgradne svetilke,,,19,,,,22,0,,,,,//pim.nowodvorski.com/media/files/8931.jpg,,,,,,,,,,,,,,,,GU10 R50,0,,10W only LED,,,,,,,NW.8931,,,,,,,,,,,,,,,,EYE TONE,,,,,,,,,,,,,,,,,,,,,,,,,,,,,,,,,,,,,,,,50/60,Hz,,,,,,,,,,,,,,,,,,,IP20,,,,,,,,,,,,,,,,,,,,,,,,0,1,1,,9405199000,,12.5,,,cm,,,9.5,,,cm,,,1.13,dm³,9.5,,,cm,,,,,,,,,,,,,,,,,,~220-230,V,,,,,,,
NW.8932,5903139893299,svetila_si|svetila_si_en,EYE TONE ceiling light GU10 black/silver,Svetilka stropna EYE TONE IP20 črna,00001625,91086973,,kom,94051098,PL,0,,0.46,,0,,0,mm,0,mm,0,mm,Interior lighting > Downlights > Surfaced mounted,Notranja svetila > Downlights > Nadgradne svetilke,,,,,,,22,0,,,,,//pim.nowodvorski.com/media/files/8932.jpg,,,,,,,,,,,,,,,,GU10 R50,0,,10W only LED,,,,,,,NW.8932,,,,,,,,,,,,,,,,EYE TONE,,,,,,,,,,,,,,,,,,,,,,,,,,,,,,,,,,,,,,,,50/60,Hz,,,,,,,,,,,,,,,,,,,IP20,,,,,,,,,,,,,,,,,,,,,,,,0,1,1,,9405199000,,12.5,,,cm,,,9.5,,,cm,,,1.13,dm³,9.5,,,cm,,,,,,,,,,,,,,,,,,~220-230,V,,,,,,,
NW.8934,5903139893497,svetila_si|svetila_si_en,EYE I floor light GU10 white,Svetilka stoječa EYE I IP20 bela,00001625,91086973,,kom,94051098,PL,0,,2.97,,0,,0,mm,0,mm,0,mm,Interior lighting > Floor lamps,Notranja svetila > Talna svetila,,,,,,,22,0,,,,,//pim.nowodvorski.com/media/files/8934.jpg,,,,,,,,,,,,,,,,GU10 R50,0,,10W only LED,,,,,,,NW.8934,,,,,,,,,,,,,,,,EYE FLEX,,,,,,,,,,,,,,,,,,,,,,,,,,,,,,,,,,,,,,,,50/60,Hz,,,,,,,,9.6,cm,,,,,,,,,,IP20,,,,,,,,,,,,,,,,,,,,,,,,0,1,1,,9405299000,,9.5,,,cm,,,111,,,cm,,,8.74,dm³,33,,,cm,,,,,,,,,,,,,,,,,,~220-230,V,27,cm,"5,5",cm,,,
NW.8935,5903139893596,svetila_si|svetila_si_en,EYE I floor light GU10 black,Svetilka stoječa EYE I IP20 črna,00001625,91086973,,kom,94051098,PL,0,,2.97,,0,,0,mm,0,mm,0,mm,Interior lighting > Floor lamps,Notranja svetila > Talna svetila,,,,,,,22,0,,,,,//pim.nowodvorski.com/media/files/8935.jpg,,,,,,,,,,,,,,,,GU10 R50,0,,10W only LED,,,,,,,NW.8935,,,,,,,,,,,,,,,,EYE FLEX,,,,,,,,,,,,,,,,,,,,,,,,,,,,,,,,,,,,,,,,50/60,Hz,,,,,,,,9.6,cm,,,,,,,,,,IP20,,,,,,,,,,,,,,,,,,,,,,,,0,1,1,,9405299000,,9.5,,,cm,,,111,,,cm,,,8.74,dm³,33,,,cm,,,,,,,,,,,,,,,,,,~220-230,V,27,cm,"5,5",cm,,,
NW.8936,5903139893695,svetila_si|svetila_si_en,EYE MOD I ceiling light GU10 white,Svetilka stropna vgradna EYE MOD I IP20 bela,00001625,91086973,,kom,94051098,PL,0,,0.52,,0,,0,mm,0,mm,0,mm,Interior lighting > Downlights > Recessed mounted,Notranja svetila > Downlights > Vgradne svetilke,,,,,,,22,0,,,,,//pim.nowodvorski.com/media/files/8936.jpg,,,,,,,,,,,,,,,,GU10 R50,0,,10W only LED,,,,,,,NW.8936,,,,,,,,,,,,,,,,EYE MOD,,,,,,,,,,,,,,,,,,,,,,,,,,,,,,,,,,,,,,,,50/60,Hz,,,,,,,,,,,,9x9.5,cm,,,,,,IP20,,,,,,,,,,,,,,,,,,,,,,,,0,1,1,,9405199000,,13.5,,,cm,,,12,,,cm,,,2.55,dm³,12,,,cm,,,,,,,,,,,,,,,,,,~220-230,V,,,,,,,
NW.8937,5903139893794,svetila_si|svetila_si_en,EYE MOD I ceiling light GU10 black,Svetilka stropna vgradna EYE MOD I IP20 črna,00001625,91086973,,kom,94051098,PL,0,,0.52,,0,,0,mm,0,mm,0,mm,Interior lighting > Downlights > Recessed mounted,Notranja svetila > Downlights > Vgradne svetilke,,,,,,,22,0,,,,,//pim.nowodvorski.com/media/files/8937.jpg,,,,,,,,,,,,,,,,GU10 R50,0,,10W only LED,,,,,,,NW.8937,,,,,,,,,,,,,,,,EYE MOD,,,,,,,,,,,,,,,,,,,,,,,,,,,,,,,,,,,,,,,,50/60,Hz,,,,,,,,,,,,9x9.5,cm,,,,,,IP20,,,,,,,,,,,,,,,,,,,,,,,,0,1,1,,9405199000,,13.5,,,cm,,,12,,,cm,,,2.55,dm³,12,,,cm,,,,,,,,,,,,,,,,,,~220-230,V,,,,,,,
NW.8938,5903139893893,svetila_si|svetila_si_en,EYE MOD II ceiling light GU10 white,Svetilka stropna vgradna EYE MOD II IP20 bela,00001625,91086973,,kom,94051098,PL,0,,0.87,,0,,0,mm,0,mm,0,mm,Interior lighting > Downlights > Recessed mounted,Notranja svetila > Downlights > Vgradne svetilke,,,,,,,22,0,,,,,//pim.nowodvorski.com/media/files/8938.jpg,,,,,,,,,,,,,,,,GU10 R50,0,,10W only LED,,,,,,,NW.8938,,,,,,,,,,,,,,,,EYE MOD,,,,,,,,,,,,,,,,,,,,,,,,,,,,,,,,,,,,,,,,50/60,Hz,,,,,,,,,,,,9x17.5,cm,,,,,,IP20,,,,,,,,,,,,,,,,,,,,,,,,1,2,1,,9405199000,,13,,,cm,,,20,,,cm,,,5.17,dm³,12,,,cm,,,,,,,,,,,,,,,,,,~220-230,V,,,,,,,
NW.8940,5903139894098,svetila_si|svetila_si_en,EYE MOD II ceiling light GU10 black,Svetilka stropna vgradna EYE MOD II IP20 črna,00001625,91086973,,kom,94051098,PL,0,,0.87,,0,,0,mm,0,mm,0,mm,Interior lighting > Downlights > Recessed mounted,Notranja svetila > Downlights > Vgradne svetilke,,,,,,,22,0,,,,,//pim.nowodvorski.com/media/files/8940.jpg,,,,,,,,,,,,,,,,GU10 R50,0,,10W only LED,,,,,,,NW.8940,,,,,,,,,,,,,,,,EYE MOD,,,,,,,,,,,,,,,,,,,,,,,,,,,,,,,,,,,,,,,,50/60,Hz,,,,,,,,,,,,9x17.5,cm,,,,,,IP20,,,,,,,,,,,,,,,,,,,,,,,,1,2,1,,9405199000,,13,,,cm,,,20,,,cm,,,5.17,dm³,12,,,cm,,,,,,,,,,,,,,,,,,~220-230,V,,,,,,,
NW.8942,5903139894296,svetila_si|svetila_si_en,MIST III pendant light E27 white,Svetilka viseča MIST III IP20 bela,00001625,91086973,,kom,94051098,PL,0,,1.75,,0,,0,mm,0,mm,0,mm,Interior lighting > Suspended lamps,Notranja svetila > Viseča svetila,,,,,,,22,0,,,,,//pim.nowodvorski.com/media/files/8942.jpg,,,,,,,,,,,,,,,,E27,0,,15W only LED,,,,,,,NW.8942,,,,,,"7,5",cm,"5,5",cm,,,,,,,MIST,,,,,,,T002,,,,,,,,,,,,,,,,,,,,,,,,,,,,,,T003,,,50/60,Hz,,,Possible by a qualified electrician,,,,,13,cm,,,,,,,,,,IP20,,,,,,,,,,,,,,,,,,,,,,,,1,3,1,,9405199000,,17,,,cm,,,58.5,,,cm,,,56.68,dm³,57,,,cm,,,,,,,,,,,,,,,,,,~220-230,V,,,56,cm,,,
NW.8943,5903139894395,svetila_si|svetila_si_en,MIST III ceiling light E27 white,Svetilka stropna MIST III IP20 bela,00001625,91086973,,kom,94051098,PL,0,,2.41,,0,,0,mm,0,mm,0,mm,Interior lighting > Ceiling lamps > Plafonds,Notranja svetila > Stropna svetila > Plafonjere,,,,,,,22,0,,,,,//pim.nowodvorski.com/media/files/8943.jpg,,,,,,,,,,,,,,,,E27,0,,15W only LED,,,,,,,NW.8943,,,,,,,,,,,,,,,,MIST,,,,,,,T002,,,,,,,,,,,,,,,,,,,,,,,,,,,,,,T003,,,50/60,Hz,,,,,,,,13,cm,,,,,,,,,,IP20,,,,,,,,,,,,,,,,,,,,,,,,1,3,1,,9405199000,,17,,,cm,,,58,,,cm,,,2.2,dm³,58.5,,,cm,,,,,,,,,,,,,,,,,,~220-230,V,,,56,cm,,,
NW.8944,5903139894494,svetila_si|svetila_si_en,MIST VII ceiling light E27 white,Svetilka stropna MIST VII IP20 bela,00001625,91086973,,kom,94051098,PL,0,,4.8,,0,,0,mm,0,mm,0,mm,Interior lighting > Ceiling lamps > Plafonds,Notranja svetila > Stropna svetila > Plafonjere,,,,,,,22,0,,,,,//pim.nowodvorski.com/media/files/8944.jpg,,,,,,,,,,,,,,,,E27,0,,15W only LED,,,,,,,NW.8944,,,,,,,,,,,,,,,,MIST,,,,,,,T002,,,,,,,,,,,,,,,,,,,,,,,,,,,,,,T003,,,50/60,Hz,,,,,,,,15,cm,,,,,,,,,,IP20,,,,,,,,,,,,,,,,,,,,,,,,2,7,1,,9405199000,,18,,,cm,,,86,,,cm,,,122.8,dm³,85,,,cm,,,,,2/2,,,,,,,,,,,,,~220-230,V,,,84.5,cm,,,
NW.8945,5903139894593,svetila_si|svetila_si_en,TURDA III pendant light E27 cream,Svetilka viseča TURDA III IP20 bela,00001625,91086973,,kom,94051098,PL,0,,1.3,,0,,0,mm,0,mm,0,mm,Interior lighting > Suspended lamps,Notranja svetila > Viseča svetila,,,,,,,22,0,,,,,//pim.nowodvorski.com/media/files/8945.jpg,,,,,,,,,,,,,,,,E27,0,,15W only LED,,,,,,,NW.8945,,,,,,7.5,cm,5.5,cm,,,,,,,TURDA,,,,,,,T002,,,,,,,,,,,,,,,,,,,,,,,,,,,,,,T023,,,50/60,Hz,,,Possible by a qualified electrician,,,,,14,cm,,,,,,,,,,IP20,,,,,,,,,,,,,,,,,,,,,,,,1,3,1,,9405199000,,18,,,cm,,,"51,5",,,cm,,,48.2,dm³,52,,,cm,,,,,,,,,,,,,,,,,,~220-230,V,,,50,cm,,,
NW.8946,5903139894692,svetila_si|svetila_si_en,TURDA III pendant light E27 grey/white,Svetilka viseča TURDA III IP20 siva,00001625,91086973,,kom,94051098,PL,0,,1.3,,0,,0,mm,0,mm,0,mm,Interior lighting > Suspended lamps,Notranja svetila > Viseča svetila,,,,,,,22,0,,,,,//pim.nowodvorski.com/media/files/8946.jpg,,,,,,,,,,,,,,,,E27,0,,15W only LED,,,,,,,NW.8946,,,,,,7.5,cm,5.5,cm,,,,,,,TURDA,,,,,,,T002,,,,,,,,,,,,,,,,,,,,,,,,,,,,,,T024,,,50/60,Hz,,,Possible by a qualified electrician,,,,,14,cm,,,,,,,,,,IP20,,,,,,,,,,,,,,,,,,,,,,,,1,3,1,,9405199000,,18,,,cm,,,51.5,,,cm,,,48.2,dm³,52,,,cm,,,,,,,,,,,,,,,,,,~220-230,V,,,50,cm,,,
NW.8947,5903139894791,svetila_si|svetila_si_en,TURDA IV pendant light E27 grey/white,Svetilka viseča TURDA IV IP20 siva,00001625,91086973,,kom,94051098,PL,0,,1.65,,0,,0,mm,0,mm,0,mm,Interior lighting > Suspended lamps,Notranja svetila > Viseča svetila,,,,,,,22,0,,,,,//pim.nowodvorski.com/media/files/8947.jpg,,,,,,,,,,,,,,,,E27,0,,15W only LED,,,,,,,NW.8947,,,,,,7.5,cm,5.5,cm,,,,,,,TURDA,,,,,,,T002,,,,,,,,,,,,,,,,,,,,,,,,,,,,,,T024,,,50/60,Hz,,,Possible by a qualified electrician,,,,,14,cm,,,,,,,,,,IP20,,,,,,,,,,,,,,,,,,,,,,,,1,3,1,,9405199000,,22,,,cm,,,67,,,cm,,,98.76,dm³,67,,,cm,,,,,,,,,,,,,,,,,,~220-230,V,,,65,cm,,,
NW.8948,5903139894890,svetila_si|svetila_si_en,CROCO IV pendant light E27 grey/white,Svetilka viseča CROCO IV IP20 siva,00001625,91086973,,kom,94051098,PL,0,,1.79,,0,,0,mm,0,mm,0,mm,Interior lighting > Suspended lamps,Notranja svetila > Viseča svetila,,,,,,,22,0,,,,,//pim.nowodvorski.com/media/files/8948.jpg,,,,,,,,,,,,,,,,E27,0,,15W only LED,,,,,,,NW.8948,,,,,,7.5,cm,5.5,cm,,,,,,,CROCO,,,,,,,T002,,,,,,,,,,,,,,,,,,,,,,,,,,,,,,T030,,,50/60,Hz,,,Possible by a qualified electrician,,,,,14,cm,,,,,,,,,,IP20,,,,,,,,,,,,,,,,,,,,,,,,1,3,1,,9405199000,,23,,,cm,,,68,,,cm,,,104,dm³,66.5,,,cm,,,,,,,,,,,,,,,,,,~220-230,V,,,65,cm,,,
NW.8950,5903139895095,svetila_si|svetila_si_en,TURDA IV pendant light E27 gold/white,Svetilka viseča TURDA IV IP20 zlata,00001625,91086973,,kom,94051098,PL,0,,1.73,,0,,0,mm,0,mm,0,mm,Interior lighting > Suspended lamps,Notranja svetila > Viseča svetila,,,,,,,22,0,,,,,//pim.nowodvorski.com/media/files/8950.jpg,,,,,,,,,,,,,,,,E27,0,,15W only LED,,,,,,,NW.8950,,,,,,7.5,cm,5.5,cm,,,,,,,TURDA,,,,,,,T002,,,,,,,,,,,,,,,,,,,,,,,,,,,,,,T025,,,50/60,Hz,,,Possible by a qualified electrician,,,,,14,cm,,,,,,,,,,IP20,,,,,,,,,,,,,,,,,,,,,,,,1,3,1,,9405199000,,22,,,cm,,,67,,,cm,,,98.76,dm³,67,,,cm,,,,,,,,,,,,,,,,,,~220-230,V,,,65,cm,,,
NW.8951,5903139895194,,LAGUNA IV pendant light E27 cream,Svetilka viseča LAGUNA CREAM IV IP20 kremna,00001625,91086973,,kom,94051098,PL,0,,1.76,,0,,0,mm,0,mm,0,mm,,,,,,,,,22,0,,,,,,,,,,,,,,,,,,,,,,,,,,,,,,,,,,,,,,,,,,,,,,,,,,,,,,,,,,,,,,,,,,,,,,,,,,,,,,,,,,,,,,,,,,,,,,,,,,,,,,,,,,,,,,,,,,,,,,,,,,,,,,,,,,,,,,,,,,,,,,,,,,,,,,,,,,,,,,,,,,,,,,,,,,,,,,,,,,,,
NW.8952,5903139895293,svetila_si|svetila_si_en,TURDA III ceiling light E27 cream,Svetilka stropna TURDA III IP20 bela,00001625,91086973,,kom,94051098,PL,0,,2,,0,,0,mm,0,mm,0,mm,Interior lighting > Ceiling lamps > Plafonds,Notranja svetila > Stropna svetila > Plafonjere,,,,,,,22,0,,,,,//pim.nowodvorski.com/media/files/8952.jpg,,,,,,,,,,,,,,,,E27,0,,15W only LED,,,,,,,NW.8952,,,,,,,,,,,,,,,,TURDA,,,,,,,T002,,,,,,,,,,,,,,,,,,,,,,,,,,,,,,T023,,,50/60,Hz,,,,,,,,13,cm,,,,,,,,,,IP20,,,,,,,,,,,,,,,,,,,,,,,,1,3,1,,9405199000,,17,,,cm,,,52,,,cm,,,45.97,dm³,52,,,cm,,,,,,,,,,,,,,,,,,~220-230,V,,,50,cm,,,
NW.8953,5903139895392,svetila_si|svetila_si_en,TURDA III ceiling light E27 grey/white,Svetilka stropna TURDA III IP20 siva,00001625,91086973,,kom,94051098,PL,0,,2,,0,,0,mm,0,mm,0,mm,Interior lighting > Ceiling lamps > Plafonds,Notranja svetila > Stropna svetila > Plafonjere,,,,,,,22,0,,,,,//pim.nowodvorski.com/media/files/8953.jpg,,,,,,,,,,,,,,,,E27,0,,15W only LED,,,,,,,NW.8953,,,,,,,,,,,,,,,,TURDA,,,,,,,T002,,,,,,,,,,,,,,,,,,,,,,,,,,,,,,T024,,,50/60,Hz,,,,,,,,13,cm,,,,,,,,,,IP20,,,,,,,,,,,,,,,,,,,,,,,,1,3,1,,9405199000,,17,,,cm,,,52,,,cm,,,45.96,dm³,52,,,cm,,,,,,,,,,,,,,,,,,~220-230,V,,,50,cm,,,
NW.8954,5903139895491,svetila_si|svetila_si_en,LAGUNA III ceiling light E27 cream,Svetilka stropna LAGUNA CREAM III IP20 kremna,00001625,91086973,,kom,94051098,PL,0,,2,,0,,0,mm,0,mm,0,mm,Interior lighting > Ceiling lamps > Plafonds,Notranja svetila > Stropna svetila > Plafonjere,,,,,,,22,0,,,,,//pim.nowodvorski.com/media/files/8954.jpg,,,,,,,,,,,,,,,,E27,0,,15W only LED,,,,,,,NW.8954,,,,,,,,,,,,,,,,LAGUNA,,,,,,,T002,,,,,,,,,,,,,,,,,,,,,,,,,,,,,,T026,,,50/60,Hz,,,,,,,,13,cm,,,,,,,,,,IP20,,,,,,,,,,,,,,,,,,,,,,,,1,3,1,,9405199000,,17,,,cm,,,52,,,cm,,,45.96,dm³,52,,,cm,,,,,,,,,,,,,,,,,,~220-230,V,,,50,cm,,,
NW.8955,5903139895590,svetila_si|svetila_si_en,TURDA IV ceiling light E27 gold/white,Svetilka stropna TURDA IV IP20 zlata,00001625,91086973,,kom,94051098,PL,0,,3.05,,0,,0,mm,0,mm,0,mm,Interior lighting > Ceiling lamps > Plafonds,Notranja svetila > Stropna svetila > Plafonjere,,,,,,,22,0,,,,,//pim.nowodvorski.com/media/files/8955.jpg,,,,,,,,,,,,,,,,E27,0,,15W only LED,,,,,,,NW.8955,,,,,,,,,,,,,,,,TURDA,,,,,,,T002,,,,,,,,,,,,,,,,,,,,,,,,,,,,,,T025,,,50/60,Hz,,,,,,,,14,cm,,,,,,,,,,IP20,,,,,,,,,,,,,,,,,,,,,,,,2,4,1,,9405199000,,21.5,,,cm,,,67,,,cm,,,96.5,dm³,67,,,cm,,,,,2/2,,,,,,,,,,,,,~220-230,V,,,65,cm,,,
NW.8956,5903139895699,svetila_si|svetila_si_en,CROCO IV ceiling light E27 grey/white,Svetilka stropna CROCO IV IP20 siva,00001625,91086973,,kom,94051098,PL,0,,3.13,,0,,0,mm,0,mm,0,mm,Interior lighting > Ceiling lamps > Plafonds,Notranja svetila > Stropna svetila > Plafonjere,,,,,,,22,0,,,,,//pim.nowodvorski.com/media/files/8956.jpg,,,,,,,,,,,,,,,,E27,0,,15W only LED,,,,,,,NW.8956,,,,,,,,,,,,,,,,CROCO,,,,,,,T002,,,,,,,,,,,,,,,,,,,,,,,,,,,,,,T030,,,50/60,Hz,,,,,,,,14,cm,,,,,,,,,,IP20,,,,,,,,,,,,,,,,,,,,,,,,2,4,1,,9405199000,,22,,,cm,,,67,,,cm,,,98.75,dm³,67,,,cm,,,,,2/2,,,,,,,,,,,,,~220-230,V,,,65,cm,,,
NW.8957,5903139895798,svetila_si|svetila_si_en,LAGUNA IV ceiling light E27 cream,Svetilka stropna LAGUNA CREAM IV IP20 kremna,00001625,91086973,,kom,94051098,PL,0,,3.23,,0,,0,mm,0,mm,0,mm,Interior lighting > Ceiling lamps > Plafonds,Notranja svetila > Stropna svetila > Plafonjere,,,,,,,22,0,,,,,//pim.nowodvorski.com/media/files/8957.jpg,,,,,,,,,,,,,,,,E27,0,,15W only LED,,,,,,,NW.8957,,,,,,,,,,,,,,,,LAGUNA,,,,,,,T002,,,,,,,,,,,,,,,,,,,,,,,,,,,,,,T026,,,50/60,Hz,,,,,,,,14,cm,,,,,,,,,,IP20,,,,,,,,,,,,,,,,,,,,,,,,2,4,1,,9405199000,,22,,,cm,,,67,,,cm,,,97.28,dm³,67,,,cm,,,,,2/2,,,,,,,,,,,,,~220-230,V,,,65,cm,,,
NW.8958,5903139895897,svetila_si|svetila_si_en,TURDA VII ceiling light E27 cream,Svetilka stropna TURDA VII IP20 bela,00001625,91086973,,kom,94051098,PL,0,,4.3,,0,,0,mm,0,mm,0,mm,Interior lighting > Ceiling lamps > Plafonds,Notranja svetila > Stropna svetila > Plafonjere,,,,,,,22,0,,,,,//pim.nowodvorski.com/media/files/8958.jpg,,,,,,,,,,,,,,,,E27,0,,15W only LED,,,,,,,NW.8958,,,,,,,,,,,,,,,,TURDA,,,,,,,T002,,,,,,,,,,,,,,,,,,,,,,,,,,,,,,T023,,,50/60,Hz,,,,,,,,15,cm,,,,,,,,,,IP20,,,,,,,,,,,,,,,,,,,,,,,,2,7,1,,9405199000,,80,,,cm,,,19,,,cm,,,115.2,dm³,80,,,cm,,,,,3/4,,,,,,,,,,,,,~220-230,V,,,78,cm,,,
NW.8960,5903139896092,svetila_si|svetila_si_en,TURDA VII ceiling light E27 grey/white,Svetilka stropna TURDA VII IP20 siva,00001625,91086973,,kom,94051098,PL,0,,4.5,,0,,0,mm,0,mm,0,mm,Interior lighting > Ceiling lamps > Plafonds,Notranja svetila > Stropna svetila > Plafonjere,,,,,,,22,0,,,,,//pim.nowodvorski.com/media/files/8960.jpg,,,,,,,,,,,,,,,,E27,0,,15W only LED,,,,,,,NW.8960,,,,,,,,,,,,,,,,TURDA,,,,,,,T002,,,,,,,,,,,,,,,,,,,,,,,,,,,,,,T024,,,50/60,Hz,,,,,,,,15,cm,,,,,,,,,,IP20,,,,,,,,,,,,,,,,,,,,,,,,2,7,1,,9405199000,,18,,,cm,,,80,,,cm,,,115.2,dm³,80,,,cm,,,,,3/4,,,,,,,,,,,,,~220-230,V,,,78,cm,,,
NW.8961,5903139896191,,CROCO IX ceiling light E27 grey/white,Svetilka stropna CROCO IX IP20 siva,00001625,91086973,,kom,94051098,PL,0,,7.47,,0,,0,mm,0,mm,0,mm,,,,,,,,,22,0,,,,,,,,,,,,,,,,,,,,,,,,,,,,,,,,,,,,,,,,,,,,,,,,,,,,,,,,,,,,,,,,,,,,,,,,,,,,,,,,,,,,,,,,,,,,,,,,,,,,,,,,,,,,,,,,,,,,,,,,,,,,,,,,,,,,,,,,,,,,,,,,,,,,,,,,,,,,,,,,,,,,,,,,,,,,,,,,,,,,
NW.8962,5903139896290,svetila_si|svetila_si_en,LAGUNA IX ceiling light E27 cream,Svetilka stropna LAGUNA CREAM IX IP20 kremna,00001625,91086973,,kom,94051098,PL,0,,7.41,,0,,0,mm,0,mm,0,mm,Interior lighting > Ceiling lamps > Plafonds,Notranja svetila > Stropna svetila > Plafonjere,,,,,,,22,0,,,,,//pim.nowodvorski.com/media/files/8962.jpg,,,,,,,,,,,,,,,,E27,0,,15W only LED,,,,,,,NW.8962,,,,,,,,,,,,,,,,LAGUNA,,,,,,,T002,,,,,,,,,,,,,,,,,,,,,,,,,,,,,,T026,,,50/60,Hz,,,,,,,,16,cm,,,,,,,,,,IP20,,,,,,,,,,,,,,,,,,,,,,,,2,9,1,,9405199000,,18.5,,,cm,,,102,,,cm,,,190.58,dm³,101,,,cm,,,,,6/3,,,,,,,,,,,,,~220-230,V,,,100,cm,,,
NW.8967,5903139896795,svetila_si|svetila_si_en,,Konektor  za tračnico PROFILE RECESSED STRAIGHT CONNECTOR WH,00001625,91086973,,kom,94051098,PL,0,,0,,0,,0,mm,0,mm,0,mm,Track systems > 1-circuit Profile > Accessories,Tračni sistemi > 1-fazni Profile > Dodatki,,,,,,,22,0,,,,,//pim.nowodvorski.com/media/files/8967.jpg,,,,,,,,,,,,,,,,,,,,,,,,,,NW.8967,,,,,,,,,,,,,,,,PROFILE RECESSED CONNECTOR,,,,,,,,,,,,,,,,,,,,,,,,,,,,,,,,,,,,,,,,50/60,Hz,,,,,,,,,,,,,,,,,,,IP20,,,,,,,,,,,,,,,,,,,,,,,,,,1,,8536900100,,2,,,cm,,,8,,,cm,,,0.06,dm³,3.5,,,cm,,,,,,,,,,,,,,,,,,~220-230,V,,,,,,,
NW.8968,5903139896894,svetila_si|svetila_si_en,,Konektor  za tračnico PROFILE RECESSED STRAIGHT CONNECTOR BL,00001625,91086973,,kom,94051098,PL,0,,0,,0,,0,mm,0,mm,0,mm,Track systems > 1-circuit Profile > Accessories,Tračni sistemi > 1-fazni Profile > Dodatki,,,,,,,22,0,,,,,//pim.nowodvorski.com/media/files/8968.jpg,,,,,,,,,,,,,,,,,,,,,,,,,,NW.8968,,,,,,,,,,,,,,,,PROFILE RECESSED CONNECTOR,,,,,,,,,,,,,,,,,,,,,,,,,,,,,,,,,,,,,,,,50/60,Hz,,,,,,,,,,,,,,,,,,,IP20,,,,,,,,,,,,,,,,,,,,,,,,,,1,,8536900100,,2,,,cm,,,11,,,cm,,,0.06,dm³,3.5,,,cm,,,,,,,,,,,,,,,,,,~220-230,V,,,,,,,
NW.8970,5903139897099,svetila_si|svetila_si_en,,Konektor  za tračnico PROFILE RECESSED L-CONNECTOR WHITE,00001625,91086973,,kom,94051098,PL,0,,0,,0,,0,mm,0,mm,0,mm,Track systems > 1-circuit Profile > Accessories,Tračni sistemi > 1-fazni Profile > Dodatki,,,,,,,22,0,,,,,//pim.nowodvorski.com/media/files/8970.jpg,,,,,,,,,,,,,,,,,,,,,,,,,,NW.8970,,,,,,,,,,,,,,,,PROFILE RECESSED CONNECTOR,,,,,,,,,,,,,,,,,,,,,,,,,,,,,,,,,,,,,,,,50/60,Hz,,,,,,,,,,,,,,,,,,,IP20,,,,,,,,,,,,,,,,,,,,,,,,,,1,,8536900100,,2,,,cm,,,7,,,cm,,,0.34,dm³,7,,,cm,,,,,,,,,,,,,,,,,,~220-230,V,,,,,,,
NW.8971,5903139897198,svetila_si|svetila_si_en,,Konektor  za tračnico PROFILE RECESSED L-CONNECTOR BLACK,00001625,91086973,,kom,94051098,PL,0,,0,,0,,0,mm,0,mm,0,mm,Track systems > 1-circuit Profile > Accessories,Tračni sistemi > 1-fazni Profile > Dodatki,,,,,,,22,0,,,,,//pim.nowodvorski.com/media/files/8971.jpg,,,,,,,,,,,,,,,,,,,,,,,,,,NW.8971,,,,,,,,,,,,,,,,PROFILE RECESSED CONNECTOR,,,,,,,,,,,,,,,,,,,,,,,,,,,,,,,,,,,,,,,,50/60,Hz,,,,,,,,,,,,,,,,,,,IP20,,,,,,,,,,,,,,,,,,,,,,,,,,1,,8536900100,,2,,,cm,,,7,,,cm,,,0.34,dm³,7,,,cm,,,,,,,,,,,,,,,,,,~220-230,V,,,,,,,
NW.8972,5903139897297,svetila_si|svetila_si_en,,Zaključna kapa za tračnico PROFILE RECESSED POWER END CAP WHITE,00001625,91086973,,kom,,PL,0,,0,,0,,0,mm,0,mm,0,mm,Track systems > 1-circuit Profile > Accessories,Tračni sistemi > 1-fazni Profile > Dodatki,,,,,,,22,0,,,,,//pim.nowodvorski.com/media/files/8972.jpg,,,,,,,,,,,,,,,,,,,,,,,,,,NW.8972,,,,,,,,,,,,,,,,PROFILE RECESSED END CAP,,,,,,,,,,,,,,,,,,,,,,,,,,,,,,,,,,,,,,,,50/60,Hz,,,,,,,,,,,,,,,,,,,IP20,,,,,,,,,,,,,,,,,,,,,,,,,,1,,8536900100,,2,,,cm,,,11,,,cm,,,0.08,dm³,3.5,,,cm,,,,,,,,,,,,,,,,,,~220-230,V,,,,,,,
NW.8973,5903139897396,svetila_si|svetila_si_en,,Zaključna kapa za tračnico PROFILE RECESSED POWER END CAP BLACK,00001625,91086973,,kom,,PL,0,,0,,0,,0,mm,0,mm,0,mm,Track systems > 1-circuit Profile > Accessories,Tračni sistemi > 1-fazni Profile > Dodatki,,,4.77,,,,22,0,,,,,//pim.nowodvorski.com/media/files/8973.jpg,,,,,,,,,,,,,,,,,,,,,,,,,,NW.8973,,,,,,,,,,,,,,,,PROFILE RECESSED END CAP,,,,,,,,,,,,,,,,,,,,,,,,,,,,,,,,,,,,,,,,50/60,Hz,,,,,,,,,,,,,,,,,,,IP20,,,,,,,,,,,,,,,,,,,,,,,,,,1,,8536900100,,2,,,cm,,,7,,,cm,,,0.08,dm³,7,,,cm,,,,,,,,,,,,,,,,,,~220-230,V,,,,,,,
NW.8974,5903139897495,svetila_si|svetila_si_en,,Zaključna kapa za tračnico PROFILE RECESSED DEAD END CAP WHITE,00001625,91086973,,kom,,PL,0,,0,,0,,0,mm,0,mm,0,mm,Track systems > 1-circuit Profile > Accessories,Tračni sistemi > 1-fazni Profile > Dodatki,,,,,,,22,0,,,,,//pim.nowodvorski.com/media/files/8974.jpg,,,,,,,,,,,,,,,,,,,,,,,,,,NW.8974,,,,,,,,,,,,,,,,PROFILE RECESSED END CAP,,,,,,,,,,,,,,,,,,,,,,,,,,,,,,,,,,,,,,,,50/60,Hz,,,,,,,,,,,,,,,,,,,,,,,,,,,,,,,,,,,,,,,,,,,,,1,,3926909700,,6.5,,,cm,,,3.5,,,cm,,,0.09,dm³,4,,,cm,,,,,,,,,,,,,,,,,,~220-230,V,,,,,,,
NW.8975,5903139897594,svetila_si|svetila_si_en,,Zaključna kapa za tračnico PROFILE RECESSED DEAD END CAP BLACK,00001625,91086973,,kom,,PL,0,,0,,0,,0,mm,0,mm,0,mm,Track systems > 1-circuit Profile > Accessories,Tračni sistemi > 1-fazni Profile > Dodatki,,,2.49,,,,22,0,,,,,//pim.nowodvorski.com/media/files/8975.jpg,,,,,,,,,,,,,,,,,,,,,,,,,,NW.8975,,,,,,,,,,,,,,,,PROFILE RECESSED END CAP,,,,,,,,,,,,,,,,,,,,,,,,,,,,,,,,,,,,,,,,50/60,Hz,,,,,,,,,,,,,,,,,,,,,,,,,,,,,,,,,,,,,,,,,,,,,1,,3926909700,,6.5,,,cm,,,3.5,,,cm,,,0.09,dm³,4,,,cm,,,,,,,,,,,,,,,,,,~220-230,V,,,,,,,
NW.8980,5903139898096,,HOTEL I wall light E14 ecru/chrome,Svetilka stenska HOTEL I IP20 bež,00001625,91086973,,kom,94051098,PL,0,,0.6,,0,,0,mm,0,mm,0,mm,,,,,,,,,22,0,,,,,,,,,,,,,,,,,,,,,,,,,,,,,,,,,,,,,,,,,,,,,,,,,,,,,,,,,,,,,,,,,,,,,,,,,,,,,,,,,,,,,,,,,,,,,,,,,,,,,,,,,,,,,,,,,,,,,,,,,,,,,,,,,,,,,,,,,,,,,,,,,,,,,,,,,,,,,,,,,,,,,,,,,,,,,,,,,,,,
NW.8981,5903139898195,svetila_si|svetila_si_en,HOTEL I floor light E14 ecru/chrome,Svetilka stoječa HOTEL I IP20 bež,00001625,91086973,,kom,94051098,PL,0,,4.54,,0,,0,mm,0,mm,0,mm,Interior lighting > Floor lamps,Notranja svetila > Talna svetila,,,,,,,22,0,,,,,//pim.nowodvorski.com/media/files/8981.jpg,,,,,,,,,,,,,,,,E27,0,,25W only LED,,,,,,,NW.8981,,,,,,,,,,,,,,,,HOTEL,,,,,,,,,,,,,,,,,,,,,,,,,,,,,,,,,,,,,T006,,,50/60,Hz,,,,,,,,30,cm,,,,,,,,,,IP20,,,,,,,,,,,,,,,,,,,,,,,,,1,2,,9405299000,,9,32,,cm,cm,,64,49,,cm,cm,,15.55,dm³,27,49,,cm,cm,,,,,,,,,,,,,,,,,~220-230,V,25,cm,47,cm,,,
NW.8982,5903139898294,svetila_si|svetila_si_en,HOTEL I table light E27 ecru/chrome,Svetilka namizna HOTEL I IP20 bež,00001625,91086973,,kom,94051098,PL,0,,1.1,,0,,0,mm,0,mm,0,mm,Interior lighting > Table lamps,Notranja svetila > Namizna svetila,,,,,,,22,0,,,,,//pim.nowodvorski.com/media/files/8982.jpg,,,,,,,,,,,,,,,,E27,0,,10W only LED,,,,,,,NW.8982,,,,,,,,,,,,,,,,HOTEL,,,,,,,,,,,,,,,,,,,,,,,,,,,,,,,,,,,,,T006,,,50/60,Hz,,,,,,,,16,cm,,,,,,,,,,IP20,,,,,,,,,,,,,,,,,,,,,,,,,1,1,,9405299000,,30,,,cm,,,35,,,cm,,,27.3,dm³,26,,,cm,,,,,,,,,,,,,,,,,,~220-230,V,15,cm,23,cm,,,
NW.8988,5903139898898,,EOL ceiling light LED 5W warm white IP44 white,LED svetilka stropna vgradna EOL 5W toplo bela 265lm IP44 bela,00001625,91086973,,kom,94051098,PL,0,,0.095,,0,,0,mm,0,mm,0,mm,,,,,,,,,22,0,,,,,,,,,,,,,,,,,,,,,,,,,,,,,,,,,,,,,,,,,,,,,,,,,,,,,,,,,,,,,,,,,,,,,,,,,,,,,,,,,,,,,,,,,,,,,,,,,,,,,,,,,,,,,,,,,,,,,,,,,,,,,,,,,,,,,,,,,,,,,,,,,,,,,,,,,,,,,,,,,,,,,,,,,,,,,,,,,,,,
NW.8990,5903139899093,,EOL ceiling light LED 5W daily white IP44 white,LED svetilka stropna vgradna EOL 5W dnevno bela 265lm IP44 bela,00001625,91086973,,kom,94051098,PL,0,,0.095,,0,,0,mm,0,mm,0,mm,,,,,,,,,22,0,,,,,,,,,,,,,,,,,,,,,,,,,,,,,,,,,,,,,,,,,,,,,,,,,,,,,,,,,,,,,,,,,,,,,,,,,,,,,,,,,,,,,,,,,,,,,,,,,,,,,,,,,,,,,,,,,,,,,,,,,,,,,,,,,,,,,,,,,,,,,,,,,,,,,,,,,,,,,,,,,,,,,,,,,,,,,,,,,,,,
NW.8991,5903139899192,svetila_si|svetila_si_en,HELIOS ceiling light LED 5W warm white IP44 white,LED svetilka stropna vgradna HELIOS 5W toplo bela 260lm IP44 bela,00001625,91086973,,kom,94051098,PL,0,,0.065,,0,,0,mm,0,mm,0,mm,Interior lighting > Downlights > Recessed mounted,Notranja svetila > Downlights > Vgradne svetilke,,,,,,,22,0,,,,,//pim.nowodvorski.com/media/files/8991.jpg,,,,,,,,,,,,,,,,LED integrated,1,,5W,,,,,,,NW.8991,,,100,°,,,,,,,,,,,,CEILING LED,3000K,,,,,,,,,,,,,≥ 80,,,,,,,,,,,,,,,,,,,,,G,,,300,lm,50/60,Hz,,,,,,,,,,,,8.5,cm,,,,,,IP44/20,,,,,,,,,,,,,,,20000h,,,,,,,,,,,1,,9405119000,,6.2,,,cm,,,10.7,,,cm,,,0.71,dm³,10.7,,,cm,,,>0.5,,,,,,,,,,,,,,,~220-230,V,,,,,,,
NW.8992,5903139899291,svetila_si|svetila_si_en,HELIOS ceiling light LED 5W daily white IP44 white,LED svetilka stropna vgradna HELIOS 5W dnevno bela 260lm IP44 bela,00001625,91086973,,kom,94051098,PL,0,,0.065,,0,,0,mm,0,mm,0,mm,Interior lighting > Downlights > Recessed mounted,Notranja svetila > Downlights > Vgradne svetilke,,,,,,,22,0,,,,,//pim.nowodvorski.com/media/files/8992.jpg,,,,,,,,,,,,,,,,LED integrated,1,,5W,,,,,,,NW.8992,,,100,°,,,,,,,,,,,,CEILING LED,4000K,,,,,,,,,,,,,≥ 80,,,,,,,,,,,,,,,,,,,,,G,,,300,lm,50/60,Hz,,,,,,,,,,,,8.5,cm,,,,,,IP44/20,,,,,,,,,,,,,,,20000h,,,,,,,,,,,1,,9405119000,,6.2,,,cm,,,10.7,,,cm,,,0.71,dm³,10.7,,,cm,,,>0.5,,,,,,,,,,,,,,,~220-230,V,,,,,,,
NW.8993,5903139899390,svetila_si|svetila_si_en,IRIS ceiling light LED 7W warm white white,LED svetilka stropna IRIS 7W toplo bela 420lm IP20 bela,00001625,91086973,,kom,94051098,PL,0,,0.135,,0,,0,mm,0,mm,0,mm,Interior lighting > Spotlights and spots,Notranja svetila > Reflektorska svetila,,,,,,,22,0,,,,,//pim.nowodvorski.com/media/files/8993.jpg,,,,,,,,,,,,,,,,LED integrated,1,,7W,,,,,,,NW.8993,,,30,°,,2.7,cm,5.1,cm,,,,,,,IRIS LED,3000K,,,,,,,,,,,,,≥ 80,,,,,,,,,,,,,,,,,,,,,,,,550,lm,50/60,Hz,,,,,,,,,,,,,,,,,,,IP20,,,,,,,,,,,,,,,30000h,,,,,,,,,,,1,,9405119000,,7,,,cm,,,12.5,,,cm,,,1.09,dm³,12.5,,,cm,,,>0.5,,,,,8.3,cm,,,,,,,,,~220-230,V,,,,,,,
NW.8994,5903139899499,svetila_si|svetila_si_en,IRIS ceiling light LED 7W warm white black,LED svetilka stropna IRIS 7W toplo bela 420lm IP20 črna,00001625,91086973,,kom,94051098,PL,0,,0.135,,0,,0,mm,0,mm,0,mm,Interior lighting > Spotlights and spots,Notranja svetila > Reflektorska svetila,,,,,,,22,0,,,,,//pim.nowodvorski.com/media/files/8994.jpg,,,,,,,,,,,,,,,,LED integrated,1,,7W,,,,,,,NW.8994,,,30,°,,2.7,cm,5.1,cm,,,,,,,IRIS LED,3000K,,,,,,,,,,,,,≥ 80,,,,,,,,,,,,,,,,,,,,,,,,530,lm,50/60,Hz,,,,,,,,,,,,,,,,,,,IP20,,,,,,,,,,,,,,,30000h,,,,,,,,,,,1,,9405119000,,7,,,cm,,,12.5,,,cm,,,1.09,dm³,12.5,,,cm,,,>0.5,,,,,8.3,cm,,,,,,,,,~220-230,V,,,,,,,
NW.8995,5903139899598,svetila_si|svetila_si_en,,Svetilka za tračnico dekorativna  PROFILE IRIS LED WHITE 7W 3000K,00001625,91086973,,kom,94051098,PL,0,,0.135,,0,,0,mm,0,mm,0,mm,Track systems > 1-circuit Profile,Tračni sistemi > 1-fazni Profile,,,,,,,22,0,,,,,//pim.nowodvorski.com/media/files/8995.jpg,,,,,,,,,,,,,,,,LED integrated,1,,7W,,,,,,,NW.8995,,,30,°,,,,,,,,,,,,PROFILE IRIS LED,3000K,,,,,,,,,,,,,>80,,,,,,,,,,,,,,,,,,,,,,,,550,lm,50/60,Hz,,,,,,,,,,,,,,,,,,,IP20,,,,,,,,,,,,,,,30000h,,,,,,,,,,,1,,9405119000,,7,,,cm,,,12.5,,,cm,,,1.09,dm³,12.5,,,cm,,,>0.5,,,,,,,,,,,,,,,~220-230,V,,,,,,,
NW.8996,5903139899697,svetila_si|svetila_si_en,,Svetilka za tračnico dekorativna  PROFILE IRIS LED BLACK 7W 3000K,00001625,91086973,,kom,94051098,PL,0,,0.135,,0,,0,mm,0,mm,0,mm,Track systems > 1-circuit Profile,Tračni sistemi > 1-fazni Profile,,,,,,,22,0,,,,,//pim.nowodvorski.com/media/files/8996.jpg,,,,,,,,,,,,,,,,LED integrated,1,,7W,,,,,,,NW.8996,,,30,°,,,,,,,,,,,,PROFILE IRIS LED,3000K,,,,,,,,,,,,,>80,,,,,,,,,,,,,,,,,,,,,,,,530,lm,50/60,Hz,,,,,,,,,,,,,,,,,,,IP20,,,,,,,,,,,,,,,30000h,,,,,,,,,,,1,,9405119000,,7,,,cm,,,12.5,,,cm,,,1.09,dm³,12.5,,,cm,,,>0.5,,,,,,,,,,,,,,,~220-230,V,,,,,,,
NW.8997,5903139899796,svetila_si|svetila_si_en,,Svetilka za tračnico dekorativna  PROFILE IRIS LED WHITE 7W 4000K,00001625,91086973,,kom,94051098,PL,0,,0.135,,0,,0,mm,0,mm,0,mm,Track systems > 1-circuit Profile,Tračni sistemi > 1-fazni Profile,,,,,,,22,0,,,,,//pim.nowodvorski.com/media/files/8997.jpg,,,,,,,,,,,,,,,,LED integrated,1,,7W,,,,,,,NW.8997,,,30,°,,,,,,,,,,,,PROFILE IRIS LED,4000K,,,,,,,,,,,,,>80,,,,,,,,,,,,,,,,,,,,,,,,560,lm,50/60,Hz,,,,,,,,,,,,,,,,,,,IP20,,,,,,,,,,,,,,,30000h,,,,,,,,,,,1,,9405119000,,7,,,cm,,,12.5,,,cm,,,1.09,dm³,12.5,,,cm,,,>0.5,,,,,,,,,,,,,,,~220-230,V,,,,,,,
NW.8998,5903139899895,svetila_si|svetila_si_en,,Svetilka za tračnico dekorativna  PROFILE IRIS LED BLACK 7W 4000K,00001625,91086973,,kom,94051098,PL,0,,0.135,,0,,0,mm,0,mm,0,mm,Track systems > 1-circuit Profile,Tračni sistemi > 1-fazni Profile,,,,,,,22,0,,,,,//pim.nowodvorski.com/media/files/8998.jpg,,,,,,,,,,,,,,,,LED integrated,1,,7W,,,,,,,NW.8998,,,30,°,,,,,,,,,,,,PROFILE IRIS LED,4000K,,,,,,,,,,,,,>80,,,,,,,,,,,,,,,,,,,,,,,,550,lm,50/60,Hz,,,,,,,,,,,,,,,,,,,IP20,,,,,,,,,,,,,,,30000h,,,,,,,,,,,1,,9405119000,,7,,,cm,,,12.5,,,cm,,,1.09,dm³,12.5,,,cm,,,>0.5,,,,,,,,,,,,,,,~220-230,V,,,,,,,
NW.9000,5903139900096,svetila_si|svetila_si_en,,Svetilka za tračnico dekorativna  PROFILE IRIS LED WHITE 12W 3000K,00001625,91086973,,kom,94051098,PL,0,,0.274,,0,,0,mm,0,mm,0,mm,Track systems > 1-circuit Profile,Tračni sistemi > 1-fazni Profile,,,,,,,22,0,,,,,//pim.nowodvorski.com/media/files/9000.jpg,,,,,,,,,,,,,,,,LED integrated,1,,12W,,,,,,,NW.9000,,,30,°,,,,,,,,,,,,PROFILE IRIS LED,3000K,,,,,,,,,,,,,>80,,,,,,,,,,,,,,,,,,,,,,,,1000,lm,50/60,Hz,,,,,,,,,,,,,,,,,,,IP20,,,,,,,,,,,,,,,30000h,,,,,,,,,,,1,,9405119000,,5.7,,,cm,,,13,,,cm,,,1.09,dm³,12.5,,,cm,,,>0.5,,,,,,,,,,,,,,,~220-230,V,,,,,,,
NW.9001,5903139900195,svetila_si|svetila_si_en,,Svetilka za tračnico dekorativna  PROFILE IRIS LED BLACK 12W 3000K,00001625,91086973,,kom,94051098,PL,0,,0.274,,0,,0,mm,0,mm,0,mm,Track systems > 1-circuit Profile,Tračni sistemi > 1-fazni Profile,,,42.36,,,,22,0,,,,,//pim.nowodvorski.com/media/files/9001.jpg,,,,,,,,,,,,,,,,LED integrated,1,,12W,,,,,,,NW.9001,,,30,°,,,,,,,,,,,,PROFILE IRIS LED,3000K,,,,,,,,,,,,,>80,,,,,,,,,,,,,,,,,,,,,,,,950,lm,50/60,Hz,,,,,,,,,,,,,,,,,,,IP20,,,,,,,,,,,,,,,30000h,,,,,,,,,,,1,,9405119000,,5.7,,,cm,,,13,,,cm,,,0.93,dm³,12.5,,,cm,,,>0.5,,,,,,,,,,,,,,,~220-230,V,,,,,,,
NW.9002,5903139900294,svetila_si|svetila_si_en,,Svetilka za tračnico dekorativna  PROFILE IRIS LED WHITE 12W 4000K,00001625,91086973,,kom,94051098,PL,0,,0.274,,0,,0,mm,0,mm,0,mm,Track systems > 1-circuit Profile,Tračni sistemi > 1-fazni Profile,,,,,,,22,0,,,,,//pim.nowodvorski.com/media/files/9002.jpg,,,,,,,,,,,,,,,,LED integrated,1,,12W,,,,,,,NW.9002,,,30,°,,,,,,,,,,,,PROFILE IRIS LED,4000K,,,,,,,,,,,,,>80,,,,,,,,,,,,,,,,,,,,,,,,1100,lm,50/60,Hz,,,,,,,,,,,,,,,,,,,IP20,,,,,,,,,,,,,,,30000h,,,,,,,,,,,1,,9405119000,,5.7,,,cm,,,13,,,cm,,,0.93,dm³,12.5,,,cm,,,>0.5,,,,,,,,,,,,,,,~220-230,V,,,,,,,
NW.9003,5903139900393,svetila_si|svetila_si_en,,Svetilka za tračnico dekorativna  PROFILE IRIS LED BLACK 12W 4000K,00001625,91086973,,kom,94051098,PL,0,,0.274,,0,,0,mm,0,mm,0,mm,Track systems > 1-circuit Profile,Tračni sistemi > 1-fazni Profile,,,,,,,22,0,,,,,//pim.nowodvorski.com/media/files/9003.jpg,,,,,,,,,,,,,,,,LED integrated,1,,12W,,,,,,,NW.9003,,,30,°,,,,,,,,,,,,PROFILE IRIS LED,4000K,,,,,,,,,,,,,>80,,,,,,,,,,,,,,,,,,,,,,,,1000,lm,50/60,Hz,,,,,,,,,,,,,,,,,,,IP20,,,,,,,,,,,,,,,30000h,,,,,,,,,,,1,,9405119000,,5.7,,,cm,,,13,,,cm,,,0.93,dm³,12.5,,,cm,,,>0.5,,,,,,,,,,,,,,,~220-230,V,,,,,,,
NW.9004,5903139900492,svetila_si|svetila_si_en,,Svetilka za tračnico dekorativna  PROFILE IRIS LED WHITE 20W 3000K,00001625,91086973,,kom,94051098,PL,0,,0.428,,0,,0,mm,0,mm,0,mm,Track systems > 1-circuit Profile,Tračni sistemi > 1-fazni Profile,,,,,,,22,0,,,,,//pim.nowodvorski.com/media/files/9004.jpg,,,,,,,,,,,,,,,,LED integrated,1,,20W,,,,,,,NW.9004,,,30,°,,,,,,,,,,,,PROFILE IRIS LED,3000K,,,,,,,,,,,,,>80,,,,,,,,,,,,,,,,,,,,,,,,1500,lm,50/60,Hz,,,,,,,,,,,,,,,,,,,IP20,,,,,,,,,,,,,,,30000h,,,,,,,,,,,1,,9405119000,,6.7,,,cm,,,14.7,,,cm,,,1.45,dm³,14.7,,,cm,,,>0.5,,,,,,,,,,,,,,,~220-230,V,,,,,,,
NW.9005,5903139900591,svetila_si|svetila_si_en,,Svetilka za tračnico dekorativna  PROFILE IRIS LED BLACK 20W 3000K,00001625,91086973,,kom,94051098,PL,0,,0.428,,0,,0,mm,0,mm,0,mm,Track systems > 1-circuit Profile,Tračni sistemi > 1-fazni Profile,,,,,,,22,0,,,,,//pim.nowodvorski.com/media/files/9005.jpg,,,,,,,,,,,,,,,,LED integrated,1,,20W,,,,,,,NW.9005,,,30,°,,,,,,,,,,,,PROFILE IRIS LED,3000K,,,,,,,,,,,,,>80,,,,,,,,,,,,,,,,,,,,,,,,1400,lm,50/60,Hz,,,,,,,,,,,,,,,,,,,IP20,,,,,,,,,,,,,,,30000h,,,,,,,,,,,1,,9405119000,,6.7,,,cm,,,14.7,,,cm,,,1.45,dm³,14.7,,,cm,,,>0.5,,,,,,,,,,,,,,,~220-230,V,,,,,,,
NW.9006,5903139900690,svetila_si|svetila_si_en,,Svetilka za tračnico dekorativna  PROFILE IRIS LED WHITE 20W 4000K,00001625,91086973,,kom,94051098,PL,0,,0.428,,0,,0,mm,0,mm,0,mm,Track systems > 1-circuit Profile,Tračni sistemi > 1-fazni Profile,,,,,,,22,0,,,,,//pim.nowodvorski.com/media/files/9006.jpg,,,,,,,,,,,,,,,,LED integrated,1,,20W,,,,,,,NW.9006,,,30,°,,,,,,,,,,,,PROFILE IRIS LED,4000K,,,,,,,,,,,,,>80,,,,,,,,,,,,,,,,,,,,,,,,1600,lm,50/60,Hz,,,,,,,,,,,,,,,,,,,IP20,,,,,,,,,,,,,,,30000h,,,,,,,,,,,1,,9405119000,,6.7,,,cm,,,14.7,,,cm,,,1.45,dm³,14.7,,,cm,,,>0.5,,,,,,,,,,,,,,,~220-230,V,,,,,,,
NW.9007,5903139900799,svetila_si|svetila_si_en,,Svetilka za tračnico dekorativna  PROFILE IRIS LED BLACK 20W 4000K,00001625,91086973,,kom,94051098,PL,0,,0.428,,0,,0,mm,0,mm,0,mm,Track systems > 1-circuit Profile,Tračni sistemi > 1-fazni Profile,,,,,,,22,0,,,,,//pim.nowodvorski.com/media/files/9007.jpg,,,,,,,,,,,,,,,,LED integrated,1,,20W,,,,,,,NW.9007,,,30,°,,,,,,,,,,,,PROFILE IRIS LED,4000K,,,,,,,,,,,,,>80,,,,,,,,,,,,,,,,,,,,,,,,1500,lm,50/60,Hz,,,,,,,,,,,,,,,,,,,IP20,,,,,,,,,,,,,,,30000h,,,,,,,,,,,1,,9405119000,,6.7,,,cm,,,14.7,,,cm,,,1.45,dm³,14.7,,,cm,,,>0.5,,,,,,,,,,,,,,,~220-230,V,,,,,,,
NW.9012,5903139901291,svetila_si|svetila_si_en,,Tračnica PROFILE RECESSED TRACK WHITE 1 METER,00001625,91086973,,kom,94051098,PL,0,,0,,0,,0,mm,0,mm,0,mm,Track systems > 1-circuit Profile > Tracks,Tračni sistemi > 1-fazni Profile > Tračnice,,,,,,,22,0,,,,,//pim.nowodvorski.com/media/files/9012.jpg,,,,,,,,,,,,,,,,,,,,,,,,,,NW.9012,,,,,,,,,,,,,,,,PROFILE RECESSED TRACK,,Rail finish - gloss.,,,,,,,,,,,,,,,,,,,,,,,,,,,,,,,,,,,,,,50/60,Hz,,,,,,,,,,,,,,,,,,,IP20,,,,,,,,,,,,,,,,,,,,,,,,,,1,,8536900100,,2,,,cm,,,100,,,cm,,,0.7,dm³,3.5,,,cm,,,,,,,,,,,,,,,,,,~220-230,V,,,,,,,
NW.9013,5903139901390,svetila_si|svetila_si_en,,Tračnica PROFILE RECESSED TRACK BLACK 1 METER,00001625,91086973,,kom,94051098,PL,0,,0,,0,,0,mm,0,mm,0,mm,Track systems > 1-circuit Profile > Tracks,Tračni sistemi > 1-fazni Profile > Tračnice,,,,,,,22,0,,,,,//pim.nowodvorski.com/media/files/9013.jpg,,,,,,,,,,,,,,,,,,,,,,,,,,NW.9013,,,,,,,,,,,,,,,,PROFILE RECESSED TRACK,,Rail finish - gloss.,,,,,,,,,,,,,,,,,,,,,,,,,,,,,,,,,,,,,,50/60,Hz,,,,,,,,,,,,,,,,,,,IP20,,,,,,,,,,,,,,,,,,,,,,,,,,1,,8536900100,,2,,,cm,,,100,,,cm,,,0.70,dm³,3.5,,,cm,,,,,,,,,,,,,,,,,,~220-230,V,,,,,,,
NW.9014,5903139901499,svetila_si|svetila_si_en,,Tračnica PROFILE RECESSED TRACK WHITE 2 METERS,00001625,91086973,,kom,94051098,PL,0,,0,,0,,0,mm,0,mm,0,mm,Track systems > 1-circuit Profile > Tracks,Tračni sistemi > 1-fazni Profile > Tračnice,,,,,,,22,0,,,,,//pim.nowodvorski.com/media/files/9014.jpg,,,,,,,,,,,,,,,,,,,,,,,,,,NW.9014,,,,,,,,,,,,,,,,PROFILE RECESSED TRACK,,Rail finish - gloss.,,,,,,,,,,,,,,,,,,,,,,,,,,,,,,,,,,,,,,50/60,Hz,,,,,,,,,,,,,,,,,,,IP20,,,,,,,,,,,,,,,,,,,,,,,,,,1,,8536900100,,2,,,cm,,,200,,,cm,,,1.4,dm³,3.5,,,cm,,,,,,,,,,,,,,,,,,~220-230,V,,,,,,,
NW.9015,5903139901598,svetila_si|svetila_si_en,,Tračnica PROFILE RECESSED TRACK BLACK 2 METERS,00001625,91086973,,kom,94051098,PL,0,,0,,0,,0,mm,0,mm,0,mm,Track systems > 1-circuit Profile > Tracks,Tračni sistemi > 1-fazni Profile > Tračnice,,,,,,,22,0,,,,,//pim.nowodvorski.com/media/files/9015.jpg,,,,,,,,,,,,,,,,,,,,,,,,,,NW.9015,,,,,,,,,,,,,,,,PROFILE RECESSED TRACK,,Rail finish - gloss.,,,,,,,,,,,,,,,,,,,,,,,,,,,,,,,,,,,,,,50/60,Hz,,,,,,,,,,,,,,,,,,,IP20,,,,,,,,,,,,,,,,,,,,,,,,,,1,,8536900100,,2,,,cm,,,200,,,cm,,,1.4,dm³,3.5,,,cm,,,,,,,,,,,,,,,,,,~220-230,V,,,,,,,
NW.9018,5903139901895,svetila_si|svetila_si_en,,Svetilka za tračnico dekorativna  PROFILE BIT PLUS BLACK,00001625,91086973,,kom,94051098,PL,0,,0.84,,0,,0,mm,0,mm,0,mm,Track systems > 1-circuit Profile,Tračni sistemi > 1-fazni Profile,,,,,,,22,0,,,,,//pim.nowodvorski.com/media/files/9018.jpg,,,,,,,,,,,,,,,,GU10 ES111,0,,15W only LED,,,,,,,NW.9018,,,,,,,,,,,,,,,,PROFILE BIT,,,,,,,,,,,,,,,,,,,,,,,,,,,,,,,,,,,,,,,,50/60,Hz,,,,,,,,16,cm,,,,,,,,,,IP20,,,,,,,,,,,,,,,,,,,,,,,,0,1,1,,9405199000,,27.5,,,cm,,,17,,,cm,,,7.71,dm³,17,,,cm,,,,,,,,,,,,,,,,,,~220-230,V,,,11.5,cm,,,
NW.9020,5903139902090,,,Svetilka za tračnico dekorativna  PROFILE BIT PLUS WHITE,00001625,91086973,,kom,94051098,PL,0,,0.84,,0,,0,mm,0,mm,0,mm,,,,,,,,,22,0,,,,,,,,,,,,,,,,,,,,,,,,,,,,,,,,,,,,,,,,,,,,,,,,,,,,,,,,,,,,,,,,,,,,,,,,,,,,,,,,,,,,,,,,,,,,,,,,,,,,,,,,,,,,,,,,,,,,,,,,,,,,,,,,,,,,,,,,,,,,,,,,,,,,,,,,,,,,,,,,,,,,,,,,,,,,,,,,,,,,
NW.9021,5903139902199,svetila_si|svetila_si_en,EGG M pendant light E27 white/gold,Svetilka viseča EGG M IP20 bela/zlata,00001625,91086973,,kom,94051098,PL,0,,1.35,,0,,0,mm,0,mm,0,mm,Interior lighting > Suspended lamps,Notranja svetila > Viseča svetila,,,,,,,22,0,,,,,//pim.nowodvorski.com/media/files/9021.jpg,,,,,,,,,,,,,,,,E27,0,,25W only LED,,,,,,,NW.9021,,,,,,3,cm,10,cm,,,,,,,EGG,,,,,,,,,,,,,,,,,,,,,,,,,,,,,,,,,,,,,,,,50/60,Hz,,,Possible by a qualified electrician,,,,,36,cm,,,,,,,,,,IP20,,,,,,,,,,,,,,,,,,,,,,,,,1,1,,9405199000,,41,,,cm,,,41.5,,,cm,,,70.61,dm³,41.5,,,cm,,,,,,,,,,,,,,,,,,~220-230,V,,,39,cm,,,
NW.9022,5903139902298,svetila_si|svetila_si_en,EGG M pendant light E27 black/gold,Svetilka viseča EGG M IP20 črna/zlata,00001625,91086973,,kom,94051098,PL,0,,1.35,,0,,0,mm,0,mm,0,mm,Interior lighting > Suspended lamps,Notranja svetila > Viseča svetila,,,,,,,22,0,,,,,//pim.nowodvorski.com/media/files/9022.jpg,,,,,,,,,,,,,,,,E27,0,,25W only LED,,,,,,,NW.9022,,,,,,3,cm,10,cm,,,,,,,EGG,,,,,,,,,,,,,,,,,,,,,,,,,,,,,,,,,,,,,,,,50/60,Hz,,,Possible by a qualified electrician,,,,,36,cm,,,,,,,,,,IP20,,,,,,,,,,,,,,,,,,,,,,,,,1,1,,9405199000,,41,,,cm,,,41.5,,,cm,,,70.61,dm³,41.5,,,cm,,,,,,,,,,,,,,,,,,~220-230,V,,,39,cm,,,
NW.9023,5903139902397,svetila_si|svetila_si_en,EGG L pendant light E27 white/gold,Svetilka viseča EGG L IP20 bela/zlata,00001625,91086973,,kom,94051098,PL,0,,3.5,,0,,0,mm,0,mm,0,mm,Interior lighting > Suspended lamps,Notranja svetila > Viseča svetila,,,,,,,22,0,,,,,//pim.nowodvorski.com/media/files/9023.jpg,,,,,,,,,,,,,,,,E27,0,,25W only LED,,,,,,,NW.9023,,,,,,3,cm,10,cm,,,,,,,EGG,,,,,,,,,,,,,,,,,,,,,,,,,,,,,,,,,,,,,,,,50/60,Hz,,,Possible by a qualified electrician,,,,,56,cm,,,,,,,,,,IP20,,,,,,,,,,,,,,,,,,,,,,,,2,5,1,,9405199000,,56,,,cm,,,57,,,cm,,,180.35,dm³,56.5,,,cm,,,,,2/3,,,,,,,,,,,,,~220-230,V,,,55,cm,,,
NW.9024,5903139902496,svetila_si|svetila_si_en,EGG L pendant light E27 black/gold,Svetilka viseča EGG L IP20 črna/zlata,00001625,91086973,,kom,94051098,PL,0,,3.5,,0,,0,mm,0,mm,0,mm,Interior lighting > Suspended lamps,Notranja svetila > Viseča svetila,,,255.17,,,,22,0,,,,,//pim.nowodvorski.com/media/files/9024.jpg,,,,,,,,,,,,,,,,E27,0,,25W only LED,,,,,,,NW.9024,,,,,,3,cm,10,cm,,,,,,,EGG,,,,,,,,,,,,,,,,,,,,,,,,,,,,,,,,,,,,,,,,50/60,Hz,,,Possible by a qualified electrician,,,,,56,cm,,,,,,,,,,IP20,,,,,,,,,,,,,,,,,,,,,,,,2,5,1,,9405199000,,56,,,cm,,,57,,,cm,,,180.35,dm³,56.5,,,cm,,,,,2/3,,,,,,,,,,,,,~220-230,V,,,55,cm,,,
NW.9025,5903139902595,svetila_si|svetila_si_en,EGG XL pendant light E27 white/gold,Svetilka viseča EGG XL IP20 bela/zlata,00001625,91086973,,kom,94051098,PL,0,,6.83,,0,,0,mm,0,mm,0,mm,Interior lighting > Suspended lamps,Notranja svetila > Viseča svetila,,,,,,,22,0,,,,,//pim.nowodvorski.com/media/files/9025.jpg,,,,,,,,,,,,,,,,E27,0,,25W only LED,,,,,,,NW.9025,,,,,,2.5,cm,15,cm,,,,,,,EGG,,,,,,,,,,,,,,,,,,,,,,,,,,,,,,,,,,,,,,,,50/60,Hz,,,Possible by a qualified electrician,,,,,75,cm,,,,,,,,,,IP20,,,,,,,,,,,,,,,,,,,,,,,,2,7,1,,9405199000,,74.8,,,cm,,,80,,,cm,,,478.72,dm³,80,,,cm,,,,,3/4,,,,,,,,,,,,,~220-230,V,,,75,cm,,,
NW.9026,5903139902694,svetila_si|svetila_si_en,EGG XL pendant light E27 black/gold,Svetilka viseča EGG XL IP20 črna/zlata,00001625,91086973,,kom,94051098,PL,0,,6.83,,0,,0,mm,0,mm,0,mm,Interior lighting > Suspended lamps,Notranja svetila > Viseča svetila,,,,,,,22,0,,,,,//pim.nowodvorski.com/media/files/9026.jpg,,,,,,,,,,,,,,,,E27,0,,25W only LED,,,,,,,NW.9026,,,,,,2.5,cm,15,cm,,,,,,,EGG,,,,,,,,,,,,,,,,,,,,,,,,,,,,,,,,,,,,,,,,50/60,Hz,,,Possible by a qualified electrician,,,,,75,cm,,,,,,,,,,IP20,,,,,,,,,,,,,,,,,,,,,,,,2,7,1,,9405199000,,73,,,cm,,,81,,,cm,,,432,dm³,78,,,cm,,,,,3/4,,,,,,,,,,,,,~220-230,V,,,75,cm,,,
NW.9027,5903139902793,,ROD XV pendant light E27 gold,Svetilka viseča ROD XV IP20 zlata,00001625,91086973,,kom,94051098,PL,0,,2.76,,0,,0,mm,0,mm,0,mm,,,,,,,,,22,0,,,,,,,,,,,,,,,,,,,,,,,,,,,,,,,,,,,,,,,,,,,,,,,,,,,,,,,,,,,,,,,,,,,,,,,,,,,,,,,,,,,,,,,,,,,,,,,,,,,,,,,,,,,,,,,,,,,,,,,,,,,,,,,,,,,,,,,,,,,,,,,,,,,,,,,,,,,,,,,,,,,,,,,,,,,,,,,,,,,,
NW.9028,5903139902892,svetila_si|svetila_si_en,WHEEL I pendant light E27 gold/black,Svetilka viseča WHEEL I IP20 zlata,00001625,91086973,,kom,94051098,PL,0,,0.895,,0,,0,mm,0,mm,0,mm,Interior lighting > Suspended lamps,Notranja svetila > Viseča svetila,,,,,,,22,0,,,,,//pim.nowodvorski.com/media/files/9028.jpg,,,,,,,,,,,,,,,,E27,0,,10W only LED,,,,,,,NW.9028,,,,,,3,cm,8,cm,,,,,,,WHEEL,,,,,,,,,,,,,,,,,,,,,,,,,,,,,,,,,,,,,,,,50/60,Hz,,,Possible by a qualified electrician,,,,,30,cm,,,,,,,,,,IP20,,,,,,,,,,,,,,,,,,,,,,,,,1,1,,9405199000,,16.3,,,cm,,,33.9,,,cm,,,18.68,dm³,33.8,,,cm,,,,,,,,,,,,,,,,,,~220-230,V,,,30,cm,,,
NW.9032,5903139903295,,WHEEL I table light G9 gold/black,Svetilka namizna WHEEL I IP20 zlata,00001625,91086973,,kom,94051098,PL,0,,1.265,,0,,0,mm,0,mm,0,mm,,,,,,,,,22,0,,,,,,,,,,,,,,,,,,,,,,,,,,,,,,,,,,,,,,,,,,,,,,,,,,,,,,,,,,,,,,,,,,,,,,,,,,,,,,,,,,,,,,,,,,,,,,,,,,,,,,,,,,,,,,,,,,,,,,,,,,,,,,,,,,,,,,,,,,,,,,,,,,,,,,,,,,,,,,,,,,,,,,,,,,,,,,,,,,,,
NW.9033,5903139903394,svetila_si|svetila_si_en,WHEEL I pendant light E27 black,Svetilka viseča WHEEL I IP20 črna,00001625,91086973,,kom,94051098,PL,0,,0.895,,0,,0,mm,0,mm,0,mm,Interior lighting > Suspended lamps,Notranja svetila > Viseča svetila,,,,,,,22,0,,,,,//pim.nowodvorski.com/media/files/9033.jpg,,,,,,,,,,,,,,,,E27,0,,10W only LED,,,,,,,NW.9033,,,,,,3,cm,8,cm,,,,,,,WHEEL,,,,,,,,,,,,,,,,,,,,,,,,,,,,,,,,,,,,,,,,50/60,Hz,,,Possible by a qualified electrician,,,,,30,cm,,,,,,,,,,IP20,,,,,,,,,,,,,,,,,,,,,,,,0,1,1,,9405199000,,11,,,cm,,,31,,,cm,,,12.29,dm³,31,,,cm,,,,,,,,,,,,,,,,,,~220-230,V,,,30,cm,,,
NW.9042,5903139904292,,COBA I ceiling light E27 dark wood/black,Svetilka stropna COBA I IP20 rjava,00001625,91086973,,kom,94051098,PL,0,,0.435,,0,,0,mm,0,mm,0,mm,,,,,,,,,22,0,,,,,,,,,,,,,,,,,,,,,,,,,,,,,,,,,,,,,,,,,,,,,,,,,,,,,,,,,,,,,,,,,,,,,,,,,,,,,,,,,,,,,,,,,,,,,,,,,,,,,,,,,,,,,,,,,,,,,,,,,,,,,,,,,,,,,,,,,,,,,,,,,,,,,,,,,,,,,,,,,,,,,,,,,,,,,,,,,,,,
NW.9043,5903139904391,,COBA III ceiling light E27 dark wood/black,Svetilka stropna COBA III IP20 rjava,00001625,91086973,,kom,94051098,PL,0,,1.85,,0,,0,mm,0,mm,0,mm,,,,,94.01,,,,22,0,,,,,,,,,,,,,,,,,,,,,,,,,,,,,,,,,,,,,,,,,,,,,,,,,,,,,,,,,,,,,,,,,,,,,,,,,,,,,,,,,,,,,,,,,,,,,,,,,,,,,,,,,,,,,,,,,,,,,,,,,,,,,,,,,,,,,,,,,,,,,,,,,,,,,,,,,,,,,,,,,,,,,,,,,,,,,,,,,,,,
NW.9044,5903139904490,,COBA IV ceiling light E27 dark wood/black,Svetilka stropna COBA IV IP20 rjava,00001625,91086973,,kom,94051098,PL,0,,2.27,,0,,0,mm,0,mm,0,mm,,,,,,,,,22,0,,,,,,,,,,,,,,,,,,,,,,,,,,,,,,,,,,,,,,,,,,,,,,,,,,,,,,,,,,,,,,,,,,,,,,,,,,,,,,,,,,,,,,,,,,,,,,,,,,,,,,,,,,,,,,,,,,,,,,,,,,,,,,,,,,,,,,,,,,,,,,,,,,,,,,,,,,,,,,,,,,,,,,,,,,,,,,,,,,,,
NW.9045,5903139904599,svetila_si|svetila_si_en,CRATE I pendant light E27 black,Svetilka viseča CRATE I IP20 črna,00001625,91086973,,kom,94051098,PL,0,,0.83,,0,,0,mm,0,mm,0,mm,Interior lighting > Ceiling lamps > Flush mounted lamps,Notranja svetila > Stropna svetila > Nadgradne svetilke,,,,,,,22,0,,,,,//pim.nowodvorski.com/media/files/9045.jpg,,,,,,,,,,,,,,,,E27,0,,25W only LED,,,,,,,NW.9045,,,,,,3,cm,11,cm,,,,,,,CRATE,,,,,,,,,,,,,,,,,,,,,,,,,,,,,,,,,,,,,,,,50/60,Hz,,,,,,,,,,,,,,,,,,,IP20,,,,,,,,,,,,,,,,,,,,,,,,,1,1,,9405199000,,18,,,cm,,,33,,,cm,,,11.6,dm³,18,,,cm,,,,,,,,,,,,,,,,,,~220-230,V,,,,,,,
NW.9046,5903139904698,svetila_si|svetila_si_en,CRATE I wall light E27 black,Svetilka stenska CRATE I IP20 črna,00001625,91086973,,kom,94051098,PL,0,,0.775,,0,,0,mm,0,mm,0,mm,Interior lighting > Wall lamps > Sconces,Notranja svetila > Stenska svetila > Svečniki,,,,,,,22,0,,,,,//pim.nowodvorski.com/media/files/9046.jpg,,,,,,,,,,,,,,,,E27,0,,25W only LED,,,,,,,NW.9046,,,,,,,,,,,,,,,,CRATE,,,,,,,,,,,,,,,,,,,,,,,,,,,,,18,cm,,,,,,,,,,50/60,Hz,,,,,,,,,,,,,,,,,,,IP20,,,,,,,,,,,,,,,,,,,,,,,,,1,1,,9405199000,,25,,,cm,,,18,,,cm,,,8.1,dm³,18,,,cm,,,,,,,,,,,,,,,,,,~220-230,V,,,,,,,
NW.9047,5903139904797,svetila_si|svetila_si_en,CRATE V pendant light E27 black,Svetilka viseča CRATE V IP20 črna,00001625,91086973,,kom,94051098,PL,0,,2.95,,0,,0,mm,0,mm,0,mm,Interior lighting > Ceiling lamps > Flush mounted lamps,Notranja svetila > Stropna svetila > Nadgradne svetilke,,,,,,,22,0,,,,,//pim.nowodvorski.com/media/files/9047.jpg,,,,,,,,,,,,,,,,E27,0,,25W only LED,,,,,,,NW.9047,,,,,,3,cm,9,cm,,,,,,,CRATE,,,,,,,,,,,,,,,,,,,,,,,,,,,,,,,,,,,,,,,,50/60,Hz,,,,,,,,,,,,,,,,,,,IP20,,,,,,,,,,,,,,,,,,,,,,,,2,5,1,,9405199000,,23,,,cm,,,78,,,cm,,,75.35,dm³,42,,,cm,,,,,2/3,,,25,cm,,,,,,,,,~220-230,V,,,,,,,
NW.9054,5903139905497,svetila_si|svetila_si_en,STALACTITE XIII pendant light G9 brass/black,Svetilka viseča STALACTITE XIII IP20 črna,00001625,91086973,,kom,94051098,PL,0,,3.615,,0,,0,mm,0,mm,0,mm,Interior lighting > Ceiling lamps > Flush mounted lamps,Notranja svetila > Stropna svetila > Nadgradne svetilke,,,,,,,22,0,,,,,//pim.nowodvorski.com/media/files/9054.jpg,,,,,,,,,,,,,,,,G9,0,,13x10W only LED,,,,,,,NW.9054,,,,,,3,cm,34,cm,,,,,,,STALACTITE,,,,,,,,,,,,,,,,,,,,,,,,,,,,,,,,,,,A++/A,,,,,50/60,Hz,,,,,,,,,,,,,,,,,,,IP20,,,,,,,,,,,,,,,,,,,,,,,,2,13,1,,9405199000,,29,,,cm,,,35,,,cm,,,36.75,dm³,35,,,cm,,,,,4/9,,,,,,,,,,,,,~220-230,V,,,,,,,
NW.9055,5903139905596,,STALACTITE II wall light G9 brass/black,Svetilka stenska STALACTITE II IP20 črna,00001625,91086973,,kom,94051098,PL,0,,0.62,,0,,0,mm,0,mm,0,mm,,,,,,,,,22,0,,,,,,,,,,,,,,,,,,,,,,,,,,,,,,,,,,,,,,,,,,,,,,,,,,,,,,,,,,,,,,,,,,,,,,,,,,,,,,,,,,,,,,,,,,,,,,,,,,,,,,,,,,,,,,,,,,,,,,,,,,,,,,,,,,,,,,,,,,,,,,,,,,,,,,,,,,,,,,,,,,,,,,,,,,,,,,,,,,,,
NW.9056,5903139905695,svetila_si|svetila_si_en,POLARIS pendant light E27 chrome/black,Svetilka viseča POLARIS IP20 krom,00001625,91086973,,kom,94051098,PL,0,,1.02,,0,,0,mm,0,mm,0,mm,Interior lighting > Suspended lamps,Notranja svetila > Viseča svetila,,,,,,,22,0,,,,,//pim.nowodvorski.com/media/files/9056.jpg,,,,,,,,,,,,,,,,E27,0,,25W only LED,,,,,,,NW.9056,,,,,,3,cm,8,cm,,,,,,,POLARIS,,Air bubbles and other minor imperfections may appear on the lampshades. They are caused by air being introduced into the glass bulb to give it the desired shape and are a natural phenomenon. The presence of up to 5 bubbles and minor imperfections on the surface of the lampshades does not constitute a defect in our product.,,,,,,,,,,,,,,,,,,,,,,,,,,,,,,,,,,,,,,50/60,Hz,,,Possible by a qualified electrician,,,,,22.5,cm,,,,,,,,,,IP20,,,,,,,,,,,,,,,,,,,,,,,,0,1,1,,9405199000,,30,,,cm,,,26,,,cm,,,20.28,dm³,26,,,cm,,,,,,,,,,,,,,,,,,~220-230,V,,,25,cm,,,
NW.9057,5903139905794,svetila_si|svetila_si_en,POLARIS pendant light E27 gold/black,Svetilka viseča POLARIS IP20 zlata,00001625,91086973,,kom,94051098,PL,0,,1.02,,0,,0,mm,0,mm,0,mm,Interior lighting > Suspended lamps,Notranja svetila > Viseča svetila,,,,,,,22,0,,,,,//pim.nowodvorski.com/media/files/9057.jpg,,,,,,,,,,,,,,,,E27,0,,25W only LED,,,,,,,NW.9057,,,,,,3,cm,8,cm,,,,,,,POLARIS,,Air bubbles and other minor imperfections may appear on the lampshades. They are caused by air being introduced into the glass bulb to give it the desired shape and are a natural phenomenon. The presence of up to 5 bubbles and minor imperfections on the surface of the lampshades does not constitute a defect in our product.,,,,,,,,,,,,,,,,,,,,,,,,,,,,,,,,,,,,,,50/60,Hz,,,Possible by a qualified electrician,,,,,22.5,cm,,,,,,,,,,IP20,,,,,,,,,,,,,,,,,,,,,,,,,1,1,,9405199000,,30,,,cm,,,26,,,cm,,,20.28,dm³,26,,,cm,,,,,,,,,,,,,,,,,,~220-230,V,,,25,cm,,,
NW.9058,5903139905893,svetila_si|svetila_si_en,POLARIS pendant light E27 copper/black,Svetilka viseča POLARIS IP20 baker,00001625,91086973,,kom,94051098,PL,0,,1.02,,0,,0,mm,0,mm,0,mm,Interior lighting > Suspended lamps,Notranja svetila > Viseča svetila,,,,,,,22,0,,,,,//pim.nowodvorski.com/media/files/9058.jpg,,,,,,,,,,,,,,,,E27,0,,25W only LED,,,,,,,NW.9058,,,,,,3,cm,8,cm,,,,,,,POLARIS,,Air bubbles and other minor imperfections may appear on the lampshades. They are caused by air being introduced into the glass bulb to give it the desired shape and are a natural phenomenon. The presence of up to 5 bubbles and minor imperfections on the surface of the lampshades does not constitute a defect in our product.,,,,,,,,,,,,,,,,,,,,,,,,,,,,,,,,,,,,,,50/60,Hz,,,Possible by a qualified electrician,,,,,22.5,cm,,,,,,,,,,IP20,,,,,,,,,,,,,,,,,,,,,,,,,1,1,,9405199000,,30,,,cm,,,26,,,cm,,,20.28,dm³,26,,,cm,,,,,,,,,,,,,,,,,,~220-230,V,,,25,cm,,,
NW.9060,5903139906098,svetila_si|svetila_si_en,POLARIS pendant light E27 smoked/black,Svetilka viseča POLARIS IP20 krom,00001625,91086973,,kom,94051098,PL,0,,1.02,,0,,0,mm,0,mm,0,mm,Interior lighting > Suspended lamps,Notranja svetila > Viseča svetila,,,,,,,22,0,,,,,//pim.nowodvorski.com/media/files/9060.jpg,,,,,,,,,,,,,,,,E27,0,,25W only LED,,,,,,,NW.9060,,,,,,3,cm,8,cm,,,,,,,POLARIS,,Air bubbles and other minor imperfections may appear on the lampshades. They are caused by air being introduced into the glass bulb to give it the desired shape and are a natural phenomenon. The presence of up to 5 bubbles and minor imperfections on the surface of the lampshades does not constitute a defect in our product.,,,,,,,,,,,,,,,,,,,,,,,,,,,,,,,,,,,,,,50/60,Hz,,,Possible by a qualified electrician,,,,,22.5,cm,,,,,,,,,,IP20,,,,,,,,,,,,,,,,,,,,,,,,,1,1,,9405199000,,30,,,cm,,,26,,,cm,,,20.28,dm³,26,,,cm,,,,,,,,,,,,,,,,,,~220-230,V,,,25,cm,,,
NW.9061,5903139906197,,BULLET pendant light E27 gold,Svetilka viseča BULLET IP20 zlata,00001625,91086973,,kom,94051098,PL,0,,0.98,,0,,0,mm,0,mm,0,mm,,,,,81.57,,,,22,0,,,,,,,,,,,,,,,,,,,,,,,,,,,,,,,,,,,,,,,,,,,,,,,,,,,,,,,,,,,,,,,,,,,,,,,,,,,,,,,,,,,,,,,,,,,,,,,,,,,,,,,,,,,,,,,,,,,,,,,,,,,,,,,,,,,,,,,,,,,,,,,,,,,,,,,,,,,,,,,,,,,,,,,,,,,,,,,,,,,,
NW.9067,5903139906791,svetila_si|svetila_si_en,EYE FLEX S wall light GU10 brass/black,Svetilka stenska EYE FLEX S IP20 zlata/črna,00001625,91086973,,kom,94051098,PL,0,,0.495,,0,,0,mm,0,mm,0,mm,Interior lighting > Wall lamps > Adjustable lamps,Notranja svetila > Stenska svetila > Gibljive svetilke,,,35.45,,,,22,0,,,,,//pim.nowodvorski.com/media/files/9067.jpg,,,,,,,,,,,,,,,,GU10 R50,0,,10W only LED,,,,,,,NW.9067,,,,,,,,,,,,,,,,EYE FLEX,,,,,,,,,,,,,,,,,,,,,,,,,,,,,17-32.5,cm,,,,,,,,,,50/60,Hz,,,,,,,,9.6,cm,,,,,,,,,,IP20,,,,,,,,,,,,,,,,,,,,,,,,0,1,1,,9405199000,,11.5,,,cm,,,33,,,cm,,,4.61,dm³,12,,,cm,,,,,,,,,,,,,,,,,,~220-230,V,,,5.5,cm,,,
NW.9068,5903139906890,svetila_si|svetila_si_en,EYE FLEX S wall light GU10 black,Svetilka stenska EYE FLEX S IP20 črna,00001625,91086973,,kom,94051098,PL,0,,0.495,,0,,0,mm,0,mm,0,mm,Interior lighting > Wall lamps > Adjustable lamps,Notranja svetila > Stenska svetila > Gibljive svetilke,,,,,,,22,0,,,,,//pim.nowodvorski.com/media/files/9068.jpg,,,,,,,,,,,,,,,,GU10 R50,0,,10W only LED,,,,,,,NW.9068,,,,,,,,,,,,,,,,EYE FLEX,,,,,,,,,,,,,,,,,,,,,,,,,,,,,17-32.5,cm,,,,,,,,,,50/60,Hz,,,,,,,,9.6,cm,,,,,,,,,,IP20,,,,,,,,,,,,,,,,,,,,,,,,0,1,1,,9405199000,,12,,,cm,,,33.3,,,cm,,,4.92,dm³,12.3,,,cm,,,,,,,,,,,,,,,,,,~220-230,V,,,5.5,cm,,,
NW.9070,5903139907095,svetila_si|svetila_si_en,EYE FLEX S wall light GU10 white,Svetilka stenska EYE FLEX S IP20 bela,00001625,91086973,,kom,94051098,PL,0,,0.495,,0,,0,mm,0,mm,0,mm,Interior lighting > Wall lamps > Adjustable lamps,Notranja svetila > Stenska svetila > Gibljive svetilke,,,,,,,22,0,,,,,//pim.nowodvorski.com/media/files/9070.jpg,,,,,,,,,,,,,,,,GU10 R50,0,,10W only LED,,,,,,,NW.9070,,,,,,,,,,,,,,,,EYE FLEX,,,,,,,,,,,,,,,,,,,,,,,,,,,,,17-32.5,cm,,,,,,,,,,50/60,Hz,,,,,,,,9.6,cm,,,,,,,,,,IP20,,,,,,,,,,,,,,,,,,,,,,,,0,1,1,,9405199000,,12,,,cm,,,33.3,,,cm,,,4.92,dm³,12.3,,,cm,,,,,,,,,,,,,,,,,,~220-230,V,,,5.5,cm,,,
NW.9071,5903139907194,svetila_si|svetila_si_en,HOTEL PLUS wall light G9; E27 grey/black,Svetilka stenska HOTEL PLUS IP20 siva,00001625,91086973,,kom,94051098,PL,0,,0.8,,0,,0,mm,0,mm,0,mm,Interior lighting > Wall lamps > Adjustable lamps,Notranja svetila > Stenska svetila > Gibljive svetilke,,,,,,,22,0,,,,,//pim.nowodvorski.com/media/files/9071.jpg,,,,,,,,,,,,,,,,E27 and G9,0,,"10W only LED, 10W only LED",,,,,,,NW.9071,,,,,,,,,,,,,,,,HOTEL PLUS,,,,,,,,,,,,,,,,,,,,,,,,,,,,,27,cm,,,,,,,T022,,,50/60,Hz,,,,,,,,,,,,,,,,,,,IP20,,,,,,,,,,,,,,,,,,,,,,,,2,2,1,,9405199000,,33,,,cm,,,27,,,cm,,,24.05,dm³,27,,,cm,,,,,1/1,,,,,,,,,,,,,~220-230,V,,,23,cm,,,
NW.9072,5903139907293,svetila_si|svetila_si_en,HOTEL PLUS floor light G9; E27 grey/black,Svetilka stoječa HOTEL PLUS IP20 siva,00001625,91086973,,kom,94051098,PL,0,,4.65,,0,,0,mm,0,mm,0,mm,Interior lighting > Floor lamps,Notranja svetila > Talna svetila,,,,,,,22,0,,,,,//pim.nowodvorski.com/media/files/9072.jpg,,,,,,,,,,,,,,,,E27 and G9,0,,"10W only LED, 25W only LED",,,,,,,NW.9072,,,,,,,,,,,,,,,,HOTEL PLUS,,,,,,,,,,,,,,,,,,,,,,,,,,,,,,,,,,,,,T022,,,50/60,Hz,,,,,,,,30,cm,,,,,,,,,,IP20,,,,,,,,,,,,,,,,,,,,,,,,2,2,3,,9405299000,,3,145,32,cm,cm,cm,35,12,49,cm,cm,cm,3.68,dm³,35,9,49,cm,cm,cm,,,1/1,,,,,,,,,,,,,~220-230,V,34.5,cm,46,cm,,,
NW.9073,5903139907392,,HOTEL PLUS wall light G9; E27 white,Svetilka stenska HOTEL PLUS IP20 bela,00001625,91086973,,kom,94051098,PL,0,,0.735,,0,,0,mm,0,mm,0,mm,,,,,,,,,22,0,,,,,,,,,,,,,,,,,,,,,,,,,,,,,,,,,,,,,,,,,,,,,,,,,,,,,,,,,,,,,,,,,,,,,,,,,,,,,,,,,,,,,,,,,,,,,,,,,,,,,,,,,,,,,,,,,,,,,,,,,,,,,,,,,,,,,,,,,,,,,,,,,,,,,,,,,,,,,,,,,,,,,,,,,,,,,,,,,,,,
NW.9074,5903139907491,,HOTEL PLUS floor light G9; E27 white/silver,Svetilka stoječa HOTEL PLUS IP20 bela,00001625,91086973,,kom,94051098,PL,0,,4.65,,0,,0,mm,0,mm,0,mm,,,,,,,,,22,0,,,,,,,,,,,,,,,,,,,,,,,,,,,,,,,,,,,,,,,,,,,,,,,,,,,,,,,,,,,,,,,,,,,,,,,,,,,,,,,,,,,,,,,,,,,,,,,,,,,,,,,,,,,,,,,,,,,,,,,,,,,,,,,,,,,,,,,,,,,,,,,,,,,,,,,,,,,,,,,,,,,,,,,,,,,,,,,,,,,,
NW.9076,5903139907699,svetila_si|svetila_si_en,STICKS V pendant light E27 gold,Svetilka viseča STICKS V IP20 zlata,00001625,91086973,,kom,94051098,PL,0,,1.535,,0,,0,mm,0,mm,0,mm,Interior lighting > Suspended lamps,Notranja svetila > Viseča svetila,,,,,,,22,0,,,,,//pim.nowodvorski.com/media/files/9076.jpg,,,,,,,,,,,,,,,,E27,0,,5x60W,,,,,,,NW.9076,,,,,,3,cm,8,cm,,,,,,,STICKS,,,,,,,,,,,,,,,,,,,,,,,,,,,,,,,,,,,,,,,,50/60,Hz,,,Possible by a qualified electrician,,,,,,,,,,,,,,,,IP20,,,,,,,,,,,,,,,,,,,,,,,,1,5,1,,9405199000,,99,,,cm,,,13,,,cm,,,16.73,dm³,13,,,cm,,,,,,,,,,,,,,,,,,~220-230,V,,,,,,,
NW.9077,5903139907798,,STICKS II wall light E27 gold,Svetilka stenska STICKS II IP20 zlata,00001625,91086973,,kom,94051098,PL,0,,0.45,,0,,0,mm,0,mm,0,mm,,,,,,,,,22,0,,,,,,,,,,,,,,,,,,,,,,,,,,,,,,,,,,,,,,,,,,,,,,,,,,,,,,,,,,,,,,,,,,,,,,,,,,,,,,,,,,,,,,,,,,,,,,,,,,,,,,,,,,,,,,,,,,,,,,,,,,,,,,,,,,,,,,,,,,,,,,,,,,,,,,,,,,,,,,,,,,,,,,,,,,,,,,,,,,,,
NW.9083,5903139908399,,ALICE I B wall light E27 grey/black,Svetilka stenska ALICE I B IP20 siva,00001625,91086973,,kom,94051098,PL,0,,0.505,,0,,0,mm,0,mm,0,mm,,,,,,,,,22,0,,,,,,,,,,,,,,,,,,,,,,,,,,,,,,,,,,,,,,,,,,,,,,,,,,,,,,,,,,,,,,,,,,,,,,,,,,,,,,,,,,,,,,,,,,,,,,,,,,,,,,,,,,,,,,,,,,,,,,,,,,,,,,,,,,,,,,,,,,,,,,,,,,,,,,,,,,,,,,,,,,,,,,,,,,,,,,,,,,,,
NW.9084,5903139908498,svetila_si|svetila_si_en,ALICE I B wall light E27 black/black,Svetilka stenska ALICE I B IP20 zlata,00001625,91086973,,kom,94051098,PL,0,,0.505,,0,,0,mm,0,mm,0,mm,Interior lighting > Wall lamps > Sconces,Notranja svetila > Stenska svetila > Svečniki,,,,,,,22,0,,,,,//pim.nowodvorski.com/media/files/9084.jpg,,,,,,,,,,,,,,,,E27,0,,10W only LED,,,,,,,NW.9084,,,,,,,,10,cm,,,,,,,ALICE,,,,,,,,,,,,,,,,,,,,,,,,,,,,,26,cm,,,,,,,T013,,,50/60,Hz,,,,,,,,16,cm,,,,,,,,,,IP20,,,,,,,,,,,,,,,,,,,,,,,,,1,1,,9405199000,,33,,,cm,,,27,,,cm,,,22.29,dm³,27,,,cm,,,,,,,,,,,,,,,,,,~220-230,V,,,23,cm,,,
NW.9090,5903139909099,,ALICE I B table light E27 grey/black,Svetilka namizna ALICE I B IP20 siva,00001625,91086973,,kom,94051098,PL,0,,1.06,,0,,0,mm,0,mm,0,mm,,,,,,,,,22,0,,,,,,,,,,,,,,,,,,,,,,,,,,,,,,,,,,,,,,,,,,,,,,,,,,,,,,,,,,,,,,,,,,,,,,,,,,,,,,,,,,,,,,,,,,,,,,,,,,,,,,,,,,,,,,,,,,,,,,,,,,,,,,,,,,,,,,,,,,,,,,,,,,,,,,,,,,,,,,,,,,,,,,,,,,,,,,,,,,,,
NW.9091,5903139909198,svetila_si|svetila_si_en,ALICE I B table light E27 black/black,Svetilka namizna ALICE I B IP20 zlata,00001625,91086973,,kom,94051098,PL,0,,1.06,,0,,0,mm,0,mm,0,mm,Interior lighting > Table lamps,Notranja svetila > Namizna svetila,,,,,,,22,0,,,,,//pim.nowodvorski.com/media/files/9091.jpg,,,,,,,,,,,,,,,,E27,0,,10W only LED,,,,,,,NW.9091,,,,,,,,,,,,,,,,ALICE,,,,,,,,,,,,,,,,,,,,,,,,,,,,,,,,,,,,,T013,,,50/60,Hz,,,,,,,,16,cm,,,,,,,,,,IP20,,,,,,,,,,,,,,,,,,,,,,,,,1,1,,9405299000,,33,,,cm,,,36,,,cm,,,28.31,dm³,26,,,cm,,,,,,,,,,,,,,,,,,~220-230,V,18,cm,23,cm,,,
NW.9126,5903139912693,svetila_si|svetila_si_en,PANTOGRAPH pendant light E27 black/white,Svetilka viseča PANTOGRAPH IP20 črna,00001625,91086973,,kom,94051098,PL,0,,1.81,,0,,0,mm,0,mm,0,mm,Interior lighting > Ceiling lamps > Flush mounted lamps,Notranja svetila > Stropna svetila > Nadgradne svetilke,,,,,,,22,0,,,,,//pim.nowodvorski.com/media/files/9126.jpg,,,,,,,,,,,,,,,,E27,0,,25W only LED,,,,,,,NW.9126,,,,,,3,cm,12,cm,,,,,,,PANTOGRAPH,,,,,,,,,,,,,,,,,,,,,,,,,,,,,,,,,,,,,,,,50/60,Hz,,,,110-55,cm,,,12,cm,,,,,,,,,,IP20,,,,,,,,,,,,,,,,,,,,,,,,,1,1,,9405199000,,12,,,cm,,,40,,,cm,,,19.2,dm³,40,,,cm,,,,,,,,,,,,,,,,,,~220-230,V,,,34,cm,,,
NW.9127,5903139912792,,PILE V pendant light E27 black/silver,Svetilka viseča PILE V IP20 črna,00001625,91086973,,kom,94051098,PL,0,,3.25,,0,,0,mm,0,mm,0,mm,,,,,,,,,22,0,,,,,,,,,,,,,,,,,,,,,,,,,,,,,,,,,,,,,,,,,,,,,,,,,,,,,,,,,,,,,,,,,,,,,,,,,,,,,,,,,,,,,,,,,,,,,,,,,,,,,,,,,,,,,,,,,,,,,,,,,,,,,,,,,,,,,,,,,,,,,,,,,,,,,,,,,,,,,,,,,,,,,,,,,,,,,,,,,,,,
NW.9128,5903139912891,,PILE III pendant light E27 black/silver,Svetilka viseča PILE III IP20 črna,00001625,91086973,,kom,94051098,PL,0,,1.85,,0,,0,mm,0,mm,0,mm,,,,,,,,,22,0,,,,,,,,,,,,,,,,,,,,,,,,,,,,,,,,,,,,,,,,,,,,,,,,,,,,,,,,,,,,,,,,,,,,,,,,,,,,,,,,,,,,,,,,,,,,,,,,,,,,,,,,,,,,,,,,,,,,,,,,,,,,,,,,,,,,,,,,,,,,,,,,,,,,,,,,,,,,,,,,,,,,,,,,,,,,,,,,,,,,
NW.9130,5903139913096,,ROD IX pendant light E27 gold,Svetilka viseča ROD IX IP20 zlata,00001625,91086973,,kom,94051098,PL,0,,1.95,,0,,0,mm,0,mm,0,mm,,,,,,,,,22,0,,,,,,,,,,,,,,,,,,,,,,,,,,,,,,,,,,,,,,,,,,,,,,,,,,,,,,,,,,,,,,,,,,,,,,,,,,,,,,,,,,,,,,,,,,,,,,,,,,,,,,,,,,,,,,,,,,,,,,,,,,,,,,,,,,,,,,,,,,,,,,,,,,,,,,,,,,,,,,,,,,,,,,,,,,,,,,,,,,,,
NW.9131,5903139913195,svetila_si|svetila_si_en,VETRO VII pendant light E27 smoked/black,Svetilka viseča VETRO VII IP20 črna,00001625,91086973,,kom,94051098,PL,0,,4.2,,0,,0,mm,0,mm,0,mm,Interior lighting > Suspended lamps,Notranja svetila > Viseča svetila,,,,,,,22,0,,,,,//pim.nowodvorski.com/media/files/9131.jpg,,,,,,,,,,,,,,,,E27,0,,25W only LED,,,,,,,NW.9131,,,,,,4,cm,29,cm,,,,,,,VETRO,,,,,,,,,,,,,,,,,,,,,,,,,,,,,,,,,,,,,,,,50/60,Hz,,,Possible by a qualified electrician,,,,,18,cm,,,,,,,,,,IP20,,,,,,,,,,,,,,,,,,,,,,,,2,7,1,,9405199000,,42,,,cm,,,40,,,cm,,,40,dm³,40,,,cm,,,,,3/4,,,,,,,,,,,,,~220-230,V,,,18,cm,,,
NW.9132,5903139913294,svetila_si|svetila_si_en,VETRO I wall light E27 smoked/black,Svetilka stenska VETRO I IP20 črna,00001625,91086973,,kom,94051098,PL,0,,0.59,,0,,0,mm,0,mm,0,mm,Interior lighting > Wall lamps > Sconces,Notranja svetila > Stenska svetila > Svečniki,,,,,,,22,0,,,,,//pim.nowodvorski.com/media/files/9132.jpg,,,,,,,,,,,,,,,,E27,0,,25W only LED,,,,,,,NW.9132,,,,,,,,8,cm,,,,,,,VETRO,,,,,,,,,,,,,,,,,,,,,,,,,,,,,22,cm,,,,,,,,,,50/60,Hz,,,,,,,,,,,,,,,,,,,IP20,,,,,,,,,,,,,,,,,,,,,,,,,1,1,,9405199000,,26.8,,,cm,,,22,,,cm,,,12.79,dm³,21.7,,,cm,,,,,,,,,,,,,,,,,,~220-230,V,,,18,cm,,,
NW.9135,5903139913591,,MILL VIII pendant light E27 black/brass,Svetilka viseča MILL VIII IP20 črna,00001625,91086973,,kom,94051098,PL,0,,1.64,,0,,0,mm,0,mm,0,mm,,,,,,,,,22,0,,,,,,,,,,,,,,,,,,,,,,,,,,,,,,,,,,,,,,,,,,,,,,,,,,,,,,,,,,,,,,,,,,,,,,,,,,,,,,,,,,,,,,,,,,,,,,,,,,,,,,,,,,,,,,,,,,,,,,,,,,,,,,,,,,,,,,,,,,,,,,,,,,,,,,,,,,,,,,,,,,,,,,,,,,,,,,,,,,,,
NW.9136,5903139913690,,MILL III wall light E27 black/brass,Svetilka stenska MILL III IP20 črna,00001625,91086973,,kom,94051098,PL,0,,0.73,,0,,0,mm,0,mm,0,mm,,,,,,,,,22,0,,,,,,,,,,,,,,,,,,,,,,,,,,,,,,,,,,,,,,,,,,,,,,,,,,,,,,,,,,,,,,,,,,,,,,,,,,,,,,,,,,,,,,,,,,,,,,,,,,,,,,,,,,,,,,,,,,,,,,,,,,,,,,,,,,,,,,,,,,,,,,,,,,,,,,,,,,,,,,,,,,,,,,,,,,,,,,,,,,,,
NW.9138,5903139913898,svetila_si|svetila_si_en,TWIG VI pendant light E27 black,Svetilka viseča TWIG VI IP20 črna,00001625,91086973,,kom,94051098,PL,0,,1.8,,0,,0,mm,0,mm,0,mm,Interior lighting > Ceiling lamps > Flush mounted lamps,Notranja svetila > Stropna svetila > Nadgradne svetilke,,,,,,,22,0,,,,,//pim.nowodvorski.com/media/files/9138.jpg,,,,,,,,,,,,,,,,E27,0,,25W only LED,,,,,,,NW.9138,,,,,,3,cm,10,cm,,,,,,,TWIG,,,,,,,,,,,,,,,,,,,,,,,,,,,,,,,,,,,,,,,,50/60,Hz,,,No,,,,,,,,,,,,,,,,IP20,,,,,,,,,,,,,,,,,,,,,,,,2,6,1,,9405199000,,11,,,cm,,,51,,,cm,,,28.61,dm³,51,,,cm,,,,,3/3,,,,,,,,,,,,,~220-230,V,,,,,,,
NW.9140,5903139914093,svetila_si|svetila_si_en,TWIG IV pendant light E27 black,Svetilka viseča TWIG IV IP20 črna,00001625,91086973,,kom,94051098,PL,0,,1.1,,0,,0,mm,0,mm,0,mm,Interior lighting > Ceiling lamps > Flush mounted lamps,Notranja svetila > Stropna svetila > Nadgradne svetilke,,,,,,,22,0,,,,,//pim.nowodvorski.com/media/files/9140.jpg,,,,,,,,,,,,,,,,E27,0,,25W only LED,,,,,,,NW.9140,,,,,,3,cm,10,cm,,,,,,,TWIG,,,,,,,,,,,,,,,,,,,,,,,,,,,,,,,,,,,,,,,,50/60,Hz,,,,,,,,,,,,,,,,,,,IP20,,,,,,,,,,,,,,,,,,,,,,,,1,4,1,,9405199000,,27,,,cm,,,87,,,cm,,,50.46,dm³,23,,,cm,,,,,,,,,,,,,,,,,,~220-230,V,,,,,,,
NW.9141,5903139914192,,TWIG II wall light E27 black,Svetilka stenska TWIG II IP20 črna,00001625,91086973,,kom,94051098,PL,0,,0.53,,0,,0,mm,0,mm,0,mm,,,,,,,,,22,0,,,,,,,,,,,,,,,,,,,,,,,,,,,,,,,,,,,,,,,,,,,,,,,,,,,,,,,,,,,,,,,,,,,,,,,,,,,,,,,,,,,,,,,,,,,,,,,,,,,,,,,,,,,,,,,,,,,,,,,,,,,,,,,,,,,,,,,,,,,,,,,,,,,,,,,,,,,,,,,,,,,,,,,,,,,,,,,,,,,,
NW.9142,5903139914291,svetila_si|svetila_si_en,TECHNO III pendant light E27 black/white,Svetilka viseča TECHNO III IP20 črna,00001625,91086973,,kom,94051098,PL,0,,2.605,,0,,0,mm,0,mm,0,mm,Interior lighting > Ceiling lamps > Flush mounted lamps,Notranja svetila > Stropna svetila > Nadgradne svetilke,,,,,,,22,0,,,,,//pim.nowodvorski.com/media/files/9142.jpg,,,,,,,,,,,,,,,,E27,0,,25W only LED,,,,,,,NW.9142,,,,,,3,cm,12,cm,,,,,,,TECHNO,,,,,,,,,,,,,,,,,,,,,,,,,,,,,,,,,,,,,,,,50/60,Hz,,,,67-40,cm,,,11,cm,,,,,,,,,,IP20,,,,,,,,,,,,,,,,,,,,,,,,1,3,1,,9405199000,,17,,,cm,,,72,,,cm,,,31.82,dm³,26,,,cm,,,,,,,,,,,,,,,,,,~220-230,V,,,25,cm,,,
NW.9143,5903139914390,svetila_si|svetila_si_en,TECHNO II pendant light E27 black/white,Svetilka viseča TECHNO II IP20 črna,00001625,91086973,,kom,94051098,PL,0,,2,,0,,0,mm,0,mm,0,mm,Interior lighting > Ceiling lamps > Flush mounted lamps,Notranja svetila > Stropna svetila > Nadgradne svetilke,,,,,,,22,0,,,,,//pim.nowodvorski.com/media/files/9143.jpg,,,,,,,,,,,,,,,,E27,0,,25W only LED,,,,,,,NW.9143,,,,,,3,cm,12,cm,,,,,,,TECHNO,,,,,,,,,,,,,,,,,,,,,,,,,,,,,,,,,,,,,,,,50/60,Hz,,,,67-40,cm,,,11,cm,,,,,,,,,,IP20,,,,,,,,,,,,,,,,,,,,,,,,1,2,1,,9405199000,,13,,,cm,,,68,,,cm,,,,,33,,,cm,,,,,,,,,,,,,,,,,,~220-230,V,,,25,cm,,,
NW.9144,5903139914499,,TECHNO I ceiling light E27 black/white,Svetilka viseča TECHNO I IP20 črna,00001625,91086973,,kom,94051098,PL,0,,1.335,,0,,0,mm,0,mm,0,mm,,,,,,,,,22,0,,,,,,,,,,,,,,,,,,,,,,,,,,,,,,,,,,,,,,,,,,,,,,,,,,,,,,,,,,,,,,,,,,,,,,,,,,,,,,,,,,,,,,,,,,,,,,,,,,,,,,,,,,,,,,,,,,,,,,,,,,,,,,,,,,,,,,,,,,,,,,,,,,,,,,,,,,,,,,,,,,,,,,,,,,,,,,,,,,,,
NW.9145,5903139914598,svetila_si|svetila_si_en,TECHNO I wall light E27 black/white,Svetilka stenska TECHNO I IP20 črna,00001625,91086973,,kom,94051098,PL,0,,0.845,,0,,0,mm,0,mm,0,mm,Interior lighting > Wall lamps > Adjustable lamps,Notranja svetila > Stenska svetila > Gibljive svetilke,,,,,,,22,0,,,,,//pim.nowodvorski.com/media/files/9145.jpg,,,,,,,,,,,,,,,,E27,0,,25W only LED,,,,,,,NW.9145,,,,,,,,,,,,,,,,TECHNO,,,,,,,,,,,,,,,,,,,,,,,,,,,,,70,cm,,,,,,,,,,50/60,Hz,,,,,,,,11,cm,,,,,,,,,,IP20,,,,,,,,,,,,,,,,,,,,,,,,0,1,1,,9405199000,,12,,,cm,,,50,,,cm,,,16.8,dm³,28,,,cm,,,,,,,,,,,,,,,,,,~220-230,V,,,25,cm,,,
NW.9146,5903139914697,svetila_si|svetila_si_en,PERM III pendant light E27 black/coppery,Svetilka viseča PERM III IP20 črna,00001625,91086973,,kom,94051098,PL,0,,1.69,,0,,0,mm,0,mm,0,mm,Interior lighting > Suspended lamps,Notranja svetila > Viseča svetila,,,,,,,22,0,,,,,//pim.nowodvorski.com/media/files/9146.jpg,,,,,,,,,,,,,,,,E27,0,,25W only LED,,,,,,,NW.9146,,,,,,3,cm,8,cm,,,,,,,PERM,,,,,,,,,,,,,,,,,,,,,,,,,,,,,,,,,,,,,,,,50/60,Hz,,,Possible by a qualified electrician,,,,,11,cm,,,,,,,,,,IP20,,,,,,,,,,,,,,,,,,,,,,,,1,3,1,,9405199000,,30,,,cm,,,25,,,cm,,,18.75,dm³,25,,,cm,,,,,,,,,,,,,,,,,,~220-230,V,,,25,cm,,,
NW.9147,5903139914796,,PERM II pendant light E27 black/coppery,Svetilka viseča PERM II IP20 črna,00001625,91086973,,kom,94051098,PL,0,,1.16,,0,,0,mm,0,mm,0,mm,,,,,,,,,22,0,,,,,,,,,,,,,,,,,,,,,,,,,,,,,,,,,,,,,,,,,,,,,,,,,,,,,,,,,,,,,,,,,,,,,,,,,,,,,,,,,,,,,,,,,,,,,,,,,,,,,,,,,,,,,,,,,,,,,,,,,,,,,,,,,,,,,,,,,,,,,,,,,,,,,,,,,,,,,,,,,,,,,,,,,,,,,,,,,,,,
NW.9148,5903139914895,,PERM I pendant light E27 black/coppery,Svetilka viseča PERM I IP20 črna,00001625,91086973,,kom,94051098,PL,0,,0.63,,0,,0,mm,0,mm,0,mm,,,,,,,,,22,0,,,,,,,,,,,,,,,,,,,,,,,,,,,,,,,,,,,,,,,,,,,,,,,,,,,,,,,,,,,,,,,,,,,,,,,,,,,,,,,,,,,,,,,,,,,,,,,,,,,,,,,,,,,,,,,,,,,,,,,,,,,,,,,,,,,,,,,,,,,,,,,,,,,,,,,,,,,,,,,,,,,,,,,,,,,,,,,,,,,,
NW.9150,5903139915090,svetila_si|svetila_si_en,CRAFT III pendant light E27 black/white,Svetilka viseča CRAFT III IP20 črna,00001625,91086973,,kom,94051098,PL,0,,2.04,,0,,0,mm,0,mm,0,mm,Interior lighting > Ceiling lamps > Flush mounted lamps,Notranja svetila > Stropna svetila > Nadgradne svetilke,,,,,,,22,0,,,,,//pim.nowodvorski.com/media/files/9150.jpg,,,,,,,,,,,,,,,,E27,0,,25W only LED,,,,,,,NW.9150,,,,,,3,cm,10,cm,,,,,,,CRAFT,,,,,,,,,,,,,,,,,,,,,,,,,,,,,,,,,,,,,,,,50/60,Hz,,,No,,,,,11,cm,,,,,,,,,,IP20,,,,,,,,,,,,,,,,,,,,,,,,1,3,1,,9405199000,,12,,,cm,,,98,,,cm,,,41.16,dm³,29,,,cm,,,,,,,,,,,,,,,,,,~220-230,V,,,25,cm,,,
NW.9151,5903139915199,svetila_si|svetila_si_en,CRAFT I wall light E27 black/white,Svetilka stenska CRAFT I IP20 črna,00001625,91086973,,kom,94051098,PL,0,,0.655,,0,,0,mm,0,mm,0,mm,Interior lighting > Wall lamps > Sconces,Notranja svetila > Stenska svetila > Svečniki,,,,,,,22,0,,,,,//pim.nowodvorski.com/media/files/9151.jpg,,,,,,,,,,,,,,,,E27,0,,25W only LED,,,,,,,NW.9151,,,,,,,,,,,,,,,,CRAFT,,,,,,,,,,,,,,,,,,,,,,,,,,,,,41,cm,,,,,,,,,,50/60,Hz,,,,,,,,11,cm,,,,,,,,,,IP20,,,,,,,,,,,,,,,,,,,,,,,,,1,1,,9405199000,,29,,,cm,,,25,,,cm,,,18.75,dm³,25,,,cm,,,,,,,,,,,,,,,,,,~220-230,V,,,25,cm,,,
NW.9152,5903139915298,svetila_si|svetila_si_en,AMALFI I M pendant light E27 silver/black,Svetilka viseča AMALFI I M IP20 srebrna,00001625,91086973,,kom,94051098,PL,0,,1.2,,0,,0,mm,0,mm,0,mm,Interior lighting > Suspended lamps,Notranja svetila > Viseča svetila,,,,,,,22,0,,,,,//pim.nowodvorski.com/media/files/9152.jpg,,,,,,,,,,,,,,,,E27,0,,25W only LED,,,,,,,NW.9152,,,,,,,,,,,,,,,,AMALFI,,,,,,,,,,,,,,,,,,,,,,,,,,,,,,,,,,,,,,,,50/60,Hz,,,Possible by a qualified electrician,,,,,15.5,cm,,,,,,,,,,IP20,,,,,,,,,,,,,,,,,,,,,,,,,1,1,,9405199000,,20,,,cm,,,25,,,cm,,,12.5,dm³,25,,,cm,,,,,,,,,,,,,,,,,,~220-230,V,,,20,cm,,,
NW.9153,5903139915397,svetila_si|svetila_si_en,AMALFI I M pendant light E27 gold/black,Svetilka viseča AMALFI I M IP20 zlata,00001625,91086973,,kom,94051098,PL,0,,1.2,,0,,0,mm,0,mm,0,mm,Interior lighting > Suspended lamps,Notranja svetila > Viseča svetila,,,,,,,22,0,,,,,//pim.nowodvorski.com/media/files/9153.jpg,,,,,,,,,,,,,,,,E27,0,,25W only LED,,,,,,,NW.9153,,,,,,,,,,,,,,,,AMALFI,,,,,,,,,,,,,,,,,,,,,,,,,,,,,,,,,,,,,,,,50/60,Hz,,,Possible by a qualified electrician,,,,,15.5,cm,,,,,,,,,,IP20,,,,,,,,,,,,,,,,,,,,,,,,,1,1,,9405199000,,20,,,cm,,,25,,,cm,,,12.5,dm³,25,,,cm,,,,,,,,,,,,,,,,,,~220-230,V,,,20,cm,,,
NW.9154,5903139915496,svetila_si|svetila_si_en,AMALFI I wall light E27 silver/black,Svetilka stenska AMALFI I IP20 srebrna,00001625,91086973,,kom,94051098,PL,0,,0.7,,0,,0,mm,0,mm,0,mm,Interior lighting > Wall lamps > Adjustable lamps,Notranja svetila > Stenska svetila > Gibljive svetilke,,,,,,,22,0,,,,,//pim.nowodvorski.com/media/files/9154.jpg,,,,,,,,,,,,,,,,E27,0,,25W only LED,,,,,,,NW.9154,,,,,,,,,,,,,,,,AMALFI,,,,,,,,,,,,,,,,,,,,,,,,,,,,,18-22,cm,,,,,,,,,,50/60,Hz,,,,,,,,,,,,,,,,,,,IP20,,,,,,,,,,,,,,,,,,,,,,,,,1,1,,9405199000,,19,,,cm,,,33,,,cm,,,13.17,dm³,21,,,cm,,,,,,,,,,,,,,,,,,~220-230,V,,,,,,,
NW.9155,5903139915595,svetila_si|svetila_si_en,AMALFI I wall light E27 gold/black,Svetilka stenska AMALFI I IP20 zlata,00001625,91086973,,kom,94051098,PL,0,,0.7,,0,,0,mm,0,mm,0,mm,Interior lighting > Wall lamps > Adjustable lamps,Notranja svetila > Stenska svetila > Gibljive svetilke,,,,,,,22,0,,,,,//pim.nowodvorski.com/media/files/9155.jpg,,,,,,,,,,,,,,,,E27,0,,25W only LED,,,,,,,NW.9155,,,,,,,,,,,,,,,,AMALFI,,,,,,,,,,,,,,,,,,,,,,,,,,,,,18-22,cm,,,,,,,,,,50/60,Hz,,,,,,,,,,,,,,,,,,,IP20,,,,,,,,,,,,,,,,,,,,,,,,,1,1,,9405199000,,19,,,cm,,,33,,,cm,,,13.17,dm³,21,,,cm,,,,,,,,,,,,,,,,,,~220-230,V,,,,,,,
NW.9186,5903139918695,svetila_si|svetila_si_en,,Konektor  za tračnico PROFILE T-CONNECTOR BLACK,00001625,91086973,,kom,,PL,0,,0.081,,0,,0,mm,0,mm,0,mm,Track systems > 1-circuit Profile > Accessories,Tračni sistemi > 1-fazni Profile > Dodatki,,,,,,,22,0,,,,,//pim.nowodvorski.com/media/files/9186.jpg,,,,,,,,,,,,,,,,,,,,,,,,,,NW.9186,,,,,,,,,,,,,,,,PROFILE CONNECTOR,,,,,,,,,,,,,,,,,,,,,,,,,,,,,,,,,,,,,,,,50/60,Hz,,,,,,,,,,,,,,,,,,,IP20,,,,,,,,,,,,,,,,,,,,,,,,,,1,,8536900100,,2,,,cm,,,11,,,cm,,,0.15,dm³,7,,,cm,,,,,,,,,,,,,,,,,,~220-230,V,,,,,,,
NW.9187,5903139918794,svetila_si|svetila_si_en,,Konektor  za tračnico PROFILE T-CONNECTOR WHITE,00001625,91086973,,kom,94051098,PL,0,,0.07,,0,,0,mm,0,mm,0,mm,Track systems > 1-circuit Profile > Accessories,Tračni sistemi > 1-fazni Profile > Dodatki,,,,,,,22,0,,,,,//pim.nowodvorski.com/media/files/9187.jpg,,,,,,,,,,,,,,,,,,,,,,,,,,NW.9187,,,,,,,,,,,,,,,,PROFILE CONNECTOR,,,,,,,,,,,,,,,,,,,,,,,,,,,,,,,,,,,,,,,,50/60,Hz,,,,,,,,,,,,,,,,,,,IP20,,,,,,,,,,,,,,,,,,,,,,,,,,1,,8536900100,,2,,,cm,,,11,,,cm,,,0.15,dm³,7,,,cm,,,,,,,,,,,,,,,,,,~220-230,V,,,,,,,
NW.9188,5903139918893,svetila_si|svetila_si_en,,Konektor  za tračnico PROFILE X-CONNECTOR BLACK,00001625,91086973,,kom,94051098,PL,0,,0.103,,0,,0,mm,0,mm,0,mm,Track systems > 1-circuit Profile > Accessories,Tračni sistemi > 1-fazni Profile > Dodatki,,,,,,,22,0,,,,,//pim.nowodvorski.com/media/files/9188.jpg,,,,,,,,,,,,,,,,,,,,,,,,,,NW.9188,,,,,,,,,,,,,,,,PROFILE CONNECTOR,,,,,,,,,,,,,,,,,,,,,,,,,,,,,,,,,,,,,,,,50/60,Hz,,,,,,,,,,,,,,,,,,,IP20,,,,,,,,,,,,,,,,,,,,,,,,,,1,,8536900100,,2,,,cm,,,11,,,cm,,,0.24,dm³,11,,,cm,,,,,,,,,,,,,,,,,,~220-230,V,,,,,,,
NW.9190,5903139919098,svetila_si|svetila_si_en,,Konektor  za tračnico PROFILE X-CONNECTOR WHITE,00001625,91086973,,kom,,PL,0,,0,,0,,0,mm,0,mm,0,mm,Track systems > 1-circuit Profile > Accessories,Tračni sistemi > 1-fazni Profile > Dodatki,,,,,,,22,0,,,,,//pim.nowodvorski.com/media/files/9190.jpg,,,,,,,,,,,,,,,,,,,,,,,,,,NW.9190,,,,,,,,,,,,,,,,PROFILE CONNECTOR,,,,,,,,,,,,,,,,,,,,,,,,,,,,,,,,,,,,,,,,50/60,Hz,,,,,,,,,,,,,,,,,,,IP20,,,,,,,,,,,,,,,,,,,,,,,,,,1,,8536900100,,2,,,cm,,,11,,,cm,,,0.24,dm³,11,,,cm,,,,,,,,,,,,,,,,,,~220-230,V,,,,,,,
NW.9191,5903139919197,,IMBRIA IV pendant light GU10 white,Svetilka viseča IMBRIA IV IP20 bela,00001625,91086973,,kom,94051098,PL,0,,2.1,,0,,0,mm,0,mm,0,mm,,,,,,,,,22,0,,,,,,,,,,,,,,,,,,,,,,,,,,,,,,,,,,,,,,,,,,,,,,,,,,,,,,,,,,,,,,,,,,,,,,,,,,,,,,,,,,,,,,,,,,,,,,,,,,,,,,,,,,,,,,,,,,,,,,,,,,,,,,,,,,,,,,,,,,,,,,,,,,,,,,,,,,,,,,,,,,,,,,,,,,,,,,,,,,,,
NW.9192,5903139919296,svetila_si|svetila_si_en,IMBRIA IV pendant light GU10 black,Svetilka viseča IMBRIA IV IP20 črna,00001625,91086973,,kom,94051098,PL,0,,2.1,,0,,0,mm,0,mm,0,mm,Interior lighting > Suspended lamps,Notranja svetila > Viseča svetila,,,,,,,22,0,,,,,//pim.nowodvorski.com/media/files/9192.jpg,,,,,,,,,,,,,,,,GU10 R50,0,,10W only LED,,,,,,,NW.9192,,,,,,3.5,cm,3.5,cm,,,,,,,IMBRIA,,,,,,,,,,,,,,,,,,,,,,,,,,,,,,,,,,,,,,,,50/60,Hz,,,Possible by a qualified electrician,15,cm,,,9.6,cm,,,,,,,,,,IP20,,,,,,,,,,,,,,,,,,,,,,,,1,4,1,,9405199000,,8.5,,,cm,,,68,,,cm,,,6.93,dm³,12,,,cm,,,,,,,,55,cm,,,,,,,,,~220-230,V,,,5.5,cm,,,
NW.9218,5903139921893,,HOTEL I A wall light E27 grey/chrome,Svetilka stenska HOTEL I A IP20 siva,00001625,91086973,,kom,94051098,PL,0,,0.5,,0,,0,mm,0,mm,0,mm,,,,,,,,,22,0,,,,,,,,,,,,,,,,,,,,,,,,,,,,,,,,,,,,,,,,,,,,,,,,,,,,,,,,,,,,,,,,,,,,,,,,,,,,,,,,,,,,,,,,,,,,,,,,,,,,,,,,,,,,,,,,,,,,,,,,,,,,,,,,,,,,,,,,,,,,,,,,,,,,,,,,,,,,,,,,,,,,,,,,,,,,,,,,,,,,
NW.9237,5903139923798,svetila_si|svetila_si_en,,"Svetilka dekorativna  ""PROFILE POWER SUPPLY KIT WHITE""",00001625,91086973,,kom,94051098,PL,0,,0.22,,0,,0,mm,0,mm,0,mm,Track systems > 1-circuit Profile > Accessories,Tračni sistemi > 1-fazni Profile > Dodatki,,,,,,,22,0,,,,,//pim.nowodvorski.com/media/files/9237.jpg,,,,,,,,,,,,,,,,,,,"6,5A",,,,,,,NW.9237,,,,,,3,cm,8,cm,,,,,,,PROFILE POWER SUPPLY,,,,,,,,,,,,,,,,,,,,,,,,,,,,,,,,,,,,,,,,50/60,Hz,,,,,,,,,,,,,,,,,,,IP20,,,,,,,,,,,,,,,,,,,,,,,,,,1,,9405990000,,3.5,,,cm,,,35,,,cm,,,3.06,dm³,25,,,cm,,,,,,,,,,,,,,,,,,~220-230,V,,,,,,,
NW.9238,5903139923897,svetila_si|svetila_si_en,,"Svetilka dekorativna  ""PROFILE POWER SUPPLY KIT BLACK""",00001625,91086973,,kom,94051098,PL,0,,0.22,,0,,0,mm,0,mm,0,mm,Track systems > 1-circuit Profile > Accessories,Tračni sistemi > 1-fazni Profile > Dodatki,,,17.7,,,,22,0,,,,,//pim.nowodvorski.com/media/files/9238.jpg,,,,,,,,,,,,,,,,,,,,,,,,,,NW.9238,,,,,,3,cm,8,cm,,,,,,,PROFILE POWER SUPPLY,,,,,,,,,,,,,,,,,,,,,,,,,,,,,,,,,,,,,,,,50/60,Hz,,,,,,,,,,,,,,,,,,,IP20,,,,,,,,,,,,,,,,,,,,,,,,,,1,,9405990000,,3.5,,,cm,,,35,,,cm,,,3.06,dm³,25,,,cm,,,,,,,,,,,,,,,,,,~220-230,V,,,,,,,
NW.9240,5903139924092,svetila_si|svetila_si_en,OVAL ceiling light GU10 ES111 black,Svetilka stropna OVAL IP20 črna,00001625,91086973,,kom,94051098,PL,0,,0.99,,0,,0,mm,0,mm,0,mm,Interior lighting > Downlights > Surfaced mounted,Notranja svetila > Downlights > Nadgradne svetilke,,,,,,,22,0,,,,,//pim.nowodvorski.com/media/files/9240.jpg,,,,,,,,,,,,,,,,GU10 ES111,0,,15W only LED,,,,,,,NW.9240,,,,,,,,,,,,,,,,OVAL,,,,,,,,,,,,,,,,,,,,,,,,,,,,,,,,,,,,,,,,50/60,Hz,,,,,,,,,,,,,,,,,,,IP20,,,,,,,,,,,,,,,,,,,,,,,,1,2,1,,9405199000,,13.5,,,cm,,,25,,,cm,,,,,13,,,cm,,,,,,,,,,,,,,,,,,~220-230,V,,,,,,,
NW.9241,5903139924191,svetila_si|svetila_si_en,OVAL ceiling light GU10 ES111 white,Svetilka stropna OVAL IP20 bela,00001625,91086973,,kom,94051091,PL,0,,0.99,,0,,0,mm,0,mm,0,mm,Interior lighting > Downlights > Surfaced mounted,Notranja svetila > Downlights > Nadgradne svetilke,,,,,,,22,0,,,,,//pim.nowodvorski.com/media/files/9241.jpg,,,,,,,,,,,,,,,,GU10 ES111,0,,15W only LED,,,,,,,NW.9241,,,,,,,,,,,,,,,,OVAL,,,,,,,,,,,,,,,,,,,,,,,,,,,,,,,,,,,,,,,,50/60,Hz,,,,,,,,,,,,,,,,,,,IP20,,,,,,,,,,,,,,,,,,,,,,,,1,2,1,,9405199000,,13.5,,,cm,,,25,,,cm,,,,,13,,,cm,,,,,,,,,,,,,,,,,,~220-230,V,,,,,,,
NW.9244,5903139924498,svetila_si|svetila_si_en,,"Svetilka dekorativna  ""PROFILE EYE SUPER BLACK C""",00001625,91086973,,kom,94051098,PL,0,,0.65,,0,,0,mm,0,mm,0,mm,Track systems > 1-circuit Profile,Tračni sistemi > 1-fazni Profile,,,,,,,22,0,,,,,//pim.nowodvorski.com/media/files/9244.jpg,,,,,,,,,,,,,,,,GU10 R50,0,,10W only LED,,,,,,,NW.9244,,,,,,,,,,,,,,,,PROFILE EYE SUPER,,,,,,,,,,,,,,,,,,,,,,,,,,,,,,,,,,,,,,,,50/60,Hz,,,No,,,,,20,cm,,,,,,,,,,IP20,,,,,,,,,,,,,,,,,,,,,,,,0,1,1,,9405199000,,7.5,,,cm,,,44,,,cm,,,2.9,dm³,7.5,,,cm,,,,,,,,,,,,,,,,,,~220-230,V,,,5.5,cm,,,
NW.9245,5903139924597,svetila_si|svetila_si_en,,"Svetilka dekorativna  ""PROFILE EYE SUPER WHITE C""",00001625,91086973,,kom,94051050,PL,0,,0.65,,0,,0,mm,0,mm,0,mm,Track systems > 1-circuit Profile,Tračni sistemi > 1-fazni Profile,,,34.36,,,,22,0,,,,,//pim.nowodvorski.com/media/files/9245.jpg,,,,,,,,,,,,,,,,GU10 R50,0,,10W only LED,,,,,,,NW.9245,,,,,,,,,,,,,,,,PROFILE EYE SUPER,,,,,,,,,,,,,,,,,,,,,,,,,,,,,,,,,,,,,,,,50/60,Hz,,,No,,,,,20,cm,,,,,,,,,,IP20,,,,,,,,,,,,,,,,,,,,,,,,,1,1,,9405199000,,7.5,,,cm,,,44,,,cm,,,2.9,dm³,7.5,,,cm,,,,,,,,,,,,,,,,,,~220-230,V,,,"5,5",cm,,,
NW.9246,5903139924696,,GALAXY FL floor light E27 IP67 cone white/black,Svetilka zunanja GALAXY FL IP65 bela,00001625,91086973,,kom,94051098,PL,0,,3.185,,0,,0,mm,0,mm,0,mm,,,,,,,,,22,0,,,,,,,,,,,,,,,,,,,,,,,,,,,,,,,,,,,,,,,,,,,,,,,,,,,,,,,,,,,,,,,,,,,,,,,,,,,,,,,,,,,,,,,,,,,,,,,,,,,,,,,,,,,,,,,,,,,,,,,,,,,,,,,,,,,,,,,,,,,,,,,,,,,,,,,,,,,,,,,,,,,,,,,,,,,,,,,,,,,,
NW.9247,5903139924795,,GARRET I ceiling light E27 chocolate/coppery,Svetilka stropna GARRET I IP20 črna,00001625,91086973,,kom,94051098,PL,0,,1.15,,0,,0,mm,0,mm,0,mm,,,,,,,,,22,0,,,,,,,,,,,,,,,,,,,,,,,,,,,,,,,,,,,,,,,,,,,,,,,,,,,,,,,,,,,,,,,,,,,,,,,,,,,,,,,,,,,,,,,,,,,,,,,,,,,,,,,,,,,,,,,,,,,,,,,,,,,,,,,,,,,,,,,,,,,,,,,,,,,,,,,,,,,,,,,,,,,,,,,,,,,,,,,,,,,,
NW.9252,5903139925297,svetila_si|svetila_si_en,PATHWAY M floor light LED 24W warm white IP44 black/transparent,LED svetilka zunanja PATHWAY M 24W toplo bela 2200lm IP44 črna,00001625,91086973,,kom,94051091,PL,0,,4.5,,0,,0,mm,0,mm,0,mm,Outdoor lighting > Standing lamps,Zunanja svetila > Stoječa svetila,,,,,,,22,0,,,,,//pim.nowodvorski.com/media/files/9252.jpg,,,,,,,,,,,,,,,,LED integrated,1,,24W,,,,,,,NW.9252,,,100,°,,,,,,,,,,,,PATHWAY,3000K,,,,,,,,,,,,,≥ 70,,,,,,,,,,,,,,,,,,,,,,,,2200,lm,50/60,Hz,,,,,,,,,,,,,,,,,,,IP65,,,,,,,20,cm,,,,,,,30000h,,,,,,,,,,,1,,9405219000,,200,,,cm,,,24,,,cm,,,115.2,dm³,24,,,cm,,,>0.9,,,,,,,,,,,,,,,~220-230,V,20,cm,,,,,
NW.9260,5903139926096,,DOVER II wall light GU10 natural wood/white,Svetilka stenska DOVER II IP20 naravna,00001625,91086973,,kom,94051098,PL,0,,0.91,,0,,0,mm,0,mm,0,mm,,,,,,,,,22,0,,,,,,,,,,,,,,,,,,,,,,,,,,,,,,,,,,,,,,,,,,,,,,,,,,,,,,,,,,,,,,,,,,,,,,,,,,,,,,,,,,,,,,,,,,,,,,,,,,,,,,,,,,,,,,,,,,,,,,,,,,,,,,,,,,,,,,,,,,,,,,,,,,,,,,,,,,,,,,,,,,,,,,,,,,,,,,,,,,,,
NW.9261,5903139926195,svetila_si|svetila_si_en,DOVER I wall light GU10 natural wood/white,Svetilka stenska DOVER I IP20 naravna,00001625,91086973,,kom,94051098,PL,0,,0.475,,0,,0,mm,0,mm,0,mm,Interior lighting > Wall lamps > Adjustable lamps,Notranja svetila > Stenska svetila > Gibljive svetilke,,,,,,,22,0,,,,,//pim.nowodvorski.com/media/files/9261.jpg,,,,,,,,,,,,,,,,GU10 R50,0,,10W only LED,,,,,,,NW.9261,,,,,,3,cm,10,cm,,,,,,,DOVER,,,,,,,,,,,,,,,,,,,,,,,,,,,,,26,cm,,,,,,,,,,50/60,Hz,,,,,,,,30,cm,,,,,,,,,,IP20,,,,,,,,,,,,,,,,,,,,,,,,,1,1,,9405199000,,13,,,cm,,,35,,,cm,,,11.83,dm³,26,,,cm,,,,,,,,,,,,,,,,,,~220-230,V,,,12,cm,,,
NW.9263,5903139926393,svetila_si|svetila_si_en,DOVER II KABEL wall light GU10 black/brass,Svetilka stenska DOVER II KABEL IP20 črna,00001625,91086973,,kom,94051098,PL,0,,1.36,,0,,0,mm,0,mm,0,mm,Interior lighting > Wall lamps > Adjustable lamps,Notranja svetila > Stenska svetila > Gibljive svetilke,,,,,,,22,0,,,,,//pim.nowodvorski.com/media/files/9263.jpg,,,,,,,,,,,,,,,,GU10 R50,0,,10W only LED,,,,,,,NW.9263,,,,,,3,cm,10,cm,,,,,,,DOVER,,,,,,,,,,,,,,,,,,,,,,,,,,,,,,,,,,,,,,,,50/60,Hz,,,Possible by a qualified electrician,,,,,30,cm,,,,,,,,,,IP20,,,,,,,,,,,,,,,,,,,,,,,,1,2,1,,9405199000,,19,,,cm,,,40,,,cm,,,15.2,dm³,20,,,cm,,,,,,,,,,,,,,,,,,~220-230,V,,,12,cm,,,
NW.9264,5903139926492,svetila_si|svetila_si_en,DOVER I KABEL wall light GU10 black/brass,Svetilka stenska DOVER I KABEL IP20 črna,00001625,91086973,,kom,94051098,PL,0,,0.705,,0,,0,mm,0,mm,0,mm,Interior lighting > Wall lamps > Adjustable lamps,Notranja svetila > Stenska svetila > Gibljive svetilke,,,,,,,22,0,,,,,//pim.nowodvorski.com/media/files/9264.jpg,,,,,,,,,,,,,,,,GU10 R50,0,,10W only LED,,,,,,,NW.9264,,,,,,3,cm,10,cm,,,,,,,DOVER,,,,,,,,,,,,,,,,,,,,,,,,,,,,,,,,,,,,,,,,50/60,Hz,,,Possible by a qualified electrician,,,,,30,cm,,,,,,,,,,IP20,,,,,,,,,,,,,,,,,,,,,,,,,1,1,,9405199000,,15.8,,,cm,,,40.5,,,cm,,,9.99,dm³,15.6,,,cm,,,,,,,,,,,,,,,,,,~220-230,V,,,12,cm,,,
NW.9266,5903139926690,svetila_si|svetila_si_en,DOVER I wall light GU10 black,Svetilka stenska DOVER I IP20 črna,00001625,91086973,,kom,94051098,PL,0,,0.475,,0,,0,mm,0,mm,0,mm,Interior lighting > Wall lamps > Adjustable lamps,Notranja svetila > Stenska svetila > Gibljive svetilke,,,,,,,22,0,,,,,//pim.nowodvorski.com/media/files/9266.jpg,,,,,,,,,,,,,,,,GU10 R50,0,,10W only LED,,,,,,,NW.9266,,,,,,3,cm,10,cm,,,,,,,DOVER,,,,,,,,,,,,,,,,,,,,,,,,,,,,,26,cm,,,,,,,,,,50/60,Hz,,,,,,,,30,cm,,,,,,,,,,IP20,,,,,,,,,,,,,,,,,,,,,,,,,1,1,,9405199000,,13,,,cm,,,35,,,cm,,,11.83,dm³,26,,,cm,,,,,,,,,,,,,,,,,,~220-230,V,,,12,cm,,,
NW.9272,5903139927291,,,Svetilka viseča NUAGE II IP20 bela,00001625,91086973,,kom,94051098,PL,0,,3.16,,0,,0,mm,0,mm,0,mm,,,,,,,,,22,0,,,,,,,,,,,,,,,,,,,,,,,,,,,,,,,,,,,,,,,,,,,,,,,,,,,,,,,,,,,,,,,,,,,,,,,,,,,,,,,,,,,,,,,,,,,,,,,,,,,,,,,,,,,,,,,,,,,,,,,,,,,,,,,,,,,,,,,,,,,,,,,,,,,,,,,,,,,,,,,,,,,,,,,,,,,,,,,,,,,,
NW.9273,5903139927390,,FLEX VII pendant light E27 black,Svetilka viseča FLEX VII IP20 črna,00001625,91086973,,kom,94051098,PL,0,,1.65,,0,,0,mm,0,mm,0,mm,,,,,,,,,22,0,,,,,,,,,,,,,,,,,,,,,,,,,,,,,,,,,,,,,,,,,,,,,,,,,,,,,,,,,,,,,,,,,,,,,,,,,,,,,,,,,,,,,,,,,,,,,,,,,,,,,,,,,,,,,,,,,,,,,,,,,,,,,,,,,,,,,,,,,,,,,,,,,,,,,,,,,,,,,,,,,,,,,,,,,,,,,,,,,,,,
NW.9274,5903139927499,,,Svetilka viseča FLEX VII IP20 bela,00001625,91086973,,kom,94051098,PL,0,,1.65,,0,,0,mm,0,mm,0,mm,,,,,,,,,22,0,,,,,,,,,,,,,,,,,,,,,,,,,,,,,,,,,,,,,,,,,,,,,,,,,,,,,,,,,,,,,,,,,,,,,,,,,,,,,,,,,,,,,,,,,,,,,,,,,,,,,,,,,,,,,,,,,,,,,,,,,,,,,,,,,,,,,,,,,,,,,,,,,,,,,,,,,,,,,,,,,,,,,,,,,,,,,,,,,,,,
NW.9277,5903139927796,,FLEX SHADE V pendant light E27 white,Svetilka viseča FLEX SHADE V IP20 bela,00001625,91086973,,kom,94051098,PL,0,,2.38,,0,,0,mm,0,mm,0,mm,,,,,,,,,22,0,,,,,,,,,,,,,,,,,,,,,,,,,,,,,,,,,,,,,,,,,,,,,,,,,,,,,,,,,,,,,,,,,,,,,,,,,,,,,,,,,,,,,,,,,,,,,,,,,,,,,,,,,,,,,,,,,,,,,,,,,,,,,,,,,,,,,,,,,,,,,,,,,,,,,,,,,,,,,,,,,,,,,,,,,,,,,,,,,,,,
NW.9278,5903139927895,,FLEX SHADE V pendant light E27 black,Svetilka viseča FLEX SHADE V IP20 črna,00001625,91086973,,kom,94051098,PL,0,,2.38,,0,,0,mm,0,mm,0,mm,,,,,145.15,,,,22,0,,,,,,,,,,,,,,,,,,,,,,,,,,,,,,,,,,,,,,,,,,,,,,,,,,,,,,,,,,,,,,,,,,,,,,,,,,,,,,,,,,,,,,,,,,,,,,,,,,,,,,,,,,,,,,,,,,,,,,,,,,,,,,,,,,,,,,,,,,,,,,,,,,,,,,,,,,,,,,,,,,,,,,,,,,,,,,,,,,,,
NW.9294,5903139929493,,AXIS I wall light E27 black/gold,Svetilka stenska AXIS I IP20 črna,00001625,91086973,,kom,94051098,PL,0,,1.1,,0,,0,mm,0,mm,0,mm,,,,,,,,,22,0,,,,,,,,,,,,,,,,,,,,,,,,,,,,,,,,,,,,,,,,,,,,,,,,,,,,,,,,,,,,,,,,,,,,,,,,,,,,,,,,,,,,,,,,,,,,,,,,,,,,,,,,,,,,,,,,,,,,,,,,,,,,,,,,,,,,,,,,,,,,,,,,,,,,,,,,,,,,,,,,,,,,,,,,,,,,,,,,,,,,
NW.9296,5903139929691,,AXIS VI pendant light E27 oval black/gold,Svetilka viseča AXIS VI IP20 črna,00001625,91086973,,kom,94051098,PL,0,,1.43,,0,,0,mm,0,mm,0,mm,,,,,,,,,22,0,,,,,,,,,,,,,,,,,,,,,,,,,,,,,,,,,,,,,,,,,,,,,,,,,,,,,,,,,,,,,,,,,,,,,,,,,,,,,,,,,,,,,,,,,,,,,,,,,,,,,,,,,,,,,,,,,,,,,,,,,,,,,,,,,,,,,,,,,,,,,,,,,,,,,,,,,,,,,,,,,,,,,,,,,,,,,,,,,,,,
NW.9297,5903139929790,,AXIS VI pendant light E27 black/gold,Svetilka viseča AXIS VI IP20 črna,00001625,91086973,,kom,94051098,PL,0,,3.2,,0,,0,mm,0,mm,0,mm,,,,,,,,,22,0,,,,,,,,,,,,,,,,,,,,,,,,,,,,,,,,,,,,,,,,,,,,,,,,,,,,,,,,,,,,,,,,,,,,,,,,,,,,,,,,,,,,,,,,,,,,,,,,,,,,,,,,,,,,,,,,,,,,,,,,,,,,,,,,,,,,,,,,,,,,,,,,,,,,,,,,,,,,,,,,,,,,,,,,,,,,,,,,,,,,
NW.9298,5903139929899,,HOTEL I pendant light E27 grey/chrome,Svetilka viseča HOTEL I IP20 siva,00001625,91086973,,kom,94051098,PL,0,,0.8,,0,,0,mm,0,mm,0,mm,,,,,,,,,22,0,,,,,,,,,,,,,,,,,,,,,,,,,,,,,,,,,,,,,,,,,,,,,,,,,,,,,,,,,,,,,,,,,,,,,,,,,,,,,,,,,,,,,,,,,,,,,,,,,,,,,,,,,,,,,,,,,,,,,,,,,,,,,,,,,,,,,,,,,,,,,,,,,,,,,,,,,,,,,,,,,,,,,,,,,,,,,,,,,,,,
NW.9300,5903139930093,,HOTEL I floor light E27 grey/chrome,Svetilka stoječa HOTEL I IP20 siva,00001625,91086973,,kom,94051098,PL,0,,4.54,,0,,0,mm,0,mm,0,mm,,,,,,,,,22,0,,,,,,,,,,,,,,,,,,,,,,,,,,,,,,,,,,,,,,,,,,,,,,,,,,,,,,,,,,,,,,,,,,,,,,,,,,,,,,,,,,,,,,,,,,,,,,,,,,,,,,,,,,,,,,,,,,,,,,,,,,,,,,,,,,,,,,,,,,,,,,,,,,,,,,,,,,,,,,,,,,,,,,,,,,,,,,,,,,,,
NW.9301,5903139930192,svetila_si|svetila_si_en,HOTEL I table light E27 grey/chrome,Svetilka namizna HOTEL I IP20 siva,00001625,91086973,,kom,94051098,PL,0,,1.1,,0,,0,mm,0,mm,0,mm,Interior lighting > Table lamps,Notranja svetila > Namizna svetila,,,,,,,22,0,,,,,//pim.nowodvorski.com/media/files/9301.jpg,,,,,,,,,,,,,,,,E27,0,,10W only LED,,,,,,,NW.9301,,,,,,,,,,,,,,,,HOTEL,,,,,,,,,,,,,,,,,,,,,,,,,,,,,,,,,,,,,T022,,,50/60,Hz,,,,,,,,16,cm,,,,,,,,,,IP20,,,,,,,,,,,,,,,,,,,,,,,,,1,1,,9405299000,,30,,,cm,,,35,,,cm,,,27.3,dm³,26,,,cm,,,,,,,,,,,,,,,,,,~220-230,V,15,cm,23,cm,,,
NW.9302,5903139930291,svetila_si|svetila_si_en,"HOTEL wall light LED 2,2W daily white grey/chrome",LED svetilka stenska HOTEL dnevno bela IP20 siva,00001625,91086973,,kom,94051098,PL,0,,0.85,,0,,0,mm,0,mm,0,mm,Interior lighting > Wall lamps > Adjustable lamps,Notranja svetila > Stenska svetila > Gibljive svetilke,,,,,,,22,0,,,,,//pim.nowodvorski.com/media/files/9302.jpg,,,,,,,,,,,,,,,,E27 and LED integrated,0,,"1x10W only LED, LED: 1x2.2W",,,,,,,NW.9302,,,,,,,,,,,,,,,,HOTEL,4000K,,,,,,,,,,,,,,,,,,,,,,,,,,,,20-26,cm,,,,,G,,T022,,,50/60,Hz,,,,,,,,18,cm,,,,,,,,,,IP20,,,,,,,,,,,26,cm,,,,,,,,,,,,2,2,1,,9405119000,,24,,,cm,,,42,,,cm,,,21.17,dm³,21,,,cm,,,,,1/1,,,,,,,,,,,,,~220-230,V,,,15,cm,,,
NW.9303,5903139930390,svetila_si|svetila_si_en,HOTEL I wall light E14 grey/chrome,Svetilka stenska HOTEL I IP20 siva,00001625,91086973,,kom,94051098,PL,0,,0.6,,0,,0,mm,0,mm,0,mm,Interior lighting > Wall lamps > Adjustable lamps,Notranja svetila > Stenska svetila > Gibljive svetilke,,,,,,,22,0,,,,,//pim.nowodvorski.com/media/files/9303.jpg,,,,,,,,,,,,,,,,E14,0,,10W only LED,,,,,,,NW.9303,,,,,,,,,,,,,,,,HOTEL,,,,,,,,,,,,,,,,,,,,,,,,,,,,,32,cm,,,,,,,T022,,,50/60,Hz,,,,,,,,16,cm,,,,,,,,,,IP20,,,,,,,,,,,,,,,,,,,,,,,,0,1,1,,9405199000,,28,,,cm,,,30,,,cm,,,20.16,dm³,24,,,cm,,,,,,,,,,,,,,,,,,~220-230,V,,,23,cm,,,
NW.9304,5903139930499,,HOTEL II wall light E27 grey/chrome,Svetilka stenska HOTEL II IP20 siva,00001625,91086973,,kom,94051098,PL,0,,0.8,,0,,0,mm,0,mm,0,mm,,,,,,,,,22,0,,,,,,,,,,,,,,,,,,,,,,,,,,,,,,,,,,,,,,,,,,,,,,,,,,,,,,,,,,,,,,,,,,,,,,,,,,,,,,,,,,,,,,,,,,,,,,,,,,,,,,,,,,,,,,,,,,,,,,,,,,,,,,,,,,,,,,,,,,,,,,,,,,,,,,,,,,,,,,,,,,,,,,,,,,,,,,,,,,,,
NW.9308,5903139930895,,MONACO I table light E27 black/smoked,Svetilka namizna MONACO I IP20 črna,00001625,91086973,,kom,94051098,PL,0,,2.25,,0,,0,mm,0,mm,0,mm,,,,,,,,,22,0,,,,,,,,,,,,,,,,,,,,,,,,,,,,,,,,,,,,,,,,,,,,,,,,,,,,,,,,,,,,,,,,,,,,,,,,,,,,,,,,,,,,,,,,,,,,,,,,,,,,,,,,,,,,,,,,,,,,,,,,,,,,,,,,,,,,,,,,,,,,,,,,,,,,,,,,,,,,,,,,,,,,,,,,,,,,,,,,,,,,
NW.9316,5903139931694,,GROOVE ceiling light GU10 ES111 black,Svetilka stropna GROOVE IP20 črna,00001625,91086973,,kom,94051098,PL,0,,1.2,,0,,0,mm,0,mm,0,mm,,,,,,,,,22,0,,,,,,,,,,,,,,,,,,,,,,,,,,,,,,,,,,,,,,,,,,,,,,,,,,,,,,,,,,,,,,,,,,,,,,,,,,,,,,,,,,,,,,,,,,,,,,,,,,,,,,,,,,,,,,,,,,,,,,,,,,,,,,,,,,,,,,,,,,,,,,,,,,,,,,,,,,,,,,,,,,,,,,,,,,,,,,,,,,,,
NW.9317,5903139931793,svetila_si|svetila_si_en,TUBE wall light GU10 ES111 white,Svetilka stenska TUBE IP20 bela,00001625,91086973,,kom,94051098,PL,0,,0.58,,0,,0,mm,0,mm,0,mm,Interior lighting > Wall lamps > Sconces,Notranja svetila > Stenska svetila > Svečniki,,,,,,,22,0,,,,,//pim.nowodvorski.com/media/files/9317.jpg,,,,,,,,,,,,,,,,GU10 ES111,0,,15W only LED,,,,,,,NW.9317,,,,,,,,,,,,,,,,TUBE,,,,,,,,,,,,,,,,,,,,,,,,,,,,,13,cm,,,,,,,,,,50/60,Hz,,,,,,,,,,,,,,,,,,,IP20,,,,,,,,,,,,,,,,,,,,,,,,1,2,1,,9405199000,,20.5,,,cm,,,12.5,,,cm,,,3.46,dm³,13.5,,,cm,,,,,,,,,,,,,,,,,,~220-230,V,,,,,,,
NW.9318,5903139931892,,TUBE wall light GU10 ES111 anthracite,Svetilka stenska TUBE IP20 antracit,00001625,91086973,,kom,94051098,PL,0,,0.58,,0,,0,mm,0,mm,0,mm,,,,,,,,,22,0,,,,,,,,,,,,,,,,,,,,,,,,,,,,,,,,,,,,,,,,,,,,,,,,,,,,,,,,,,,,,,,,,,,,,,,,,,,,,,,,,,,,,,,,,,,,,,,,,,,,,,,,,,,,,,,,,,,,,,,,,,,,,,,,,,,,,,,,,,,,,,,,,,,,,,,,,,,,,,,,,,,,,,,,,,,,,,,,,,,,
NW.9320,5903139932097,svetila_si|svetila_si_en,TUBE wall light GU10 ES111 black,Svetilka stenska TUBE IP20 črna,00001625,91086973,,kom,94051098,PL,0,,0.58,,0,,0,mm,0,mm,0,mm,Interior lighting > Wall lamps > Sconces,Notranja svetila > Stenska svetila > Svečniki,,,,,,,22,0,,,,,//pim.nowodvorski.com/media/files/9320.jpg,,,,,,,,,,,,,,,,GU10 ES111,0,,15W only LED,,,,,,,NW.9320,,,,,,,,,,,,,,,,TUBE,,,,,,,,,,,,,,,,,,,,,,,,,,,,,13,cm,,,,,,,,,,50/60,Hz,,,,,,,,,,,,,,,,,,,IP20,,,,,,,,,,,,,,,,,,,,,,,,1,2,1,,9405199000,,14,,,cm,,,21,,,cm,,,,,"12,5",,,cm,,,,,,,,,,,,,,,,,,~220-230,V,,,,,,,
NW.9321,5903139932196,svetila_si|svetila_si_en,,"Svetilka dekorativna  ""PROFILE EYE SPOT WHITE""",00001625,91086973,,kom,94051098,PL,0,,0.29,,0,,0,mm,0,mm,0,mm,Track systems > 1-circuit Profile,Tračni sistemi > 1-fazni Profile,,,,,,,22,0,,,,,//pim.nowodvorski.com/media/files/9321.jpg,,,,,,,,,,,,,,,,GU10 R50,0,,10W only LED,,,,,,,NW.9321,,,,,,,,,,,,,,,,PROFILE EYE SPOT,,,,,,,,,,,,,,,,,,,,,,,,,,,,,,,,,,,,,,,,50/60,Hz,,,,,,,,9.6,cm,,,,,,,,,,IP20,,,,,,,,,,,,,,,,,,,,,,,,,1,1,,9405199000,,9,,,cm,,,19,,,cm,,,1.11,dm³,6.5,,,cm,,,,,,,,,,,,,,,,,,~220-230,V,,,5.5,cm,,,
NW.9322,5903139932295,svetila_si|svetila_si_en,,"Svetilka dekorativna  ""PROFILE EYE SPOT BLACK""",00001625,91086973,,kom,94051098,PL,0,,0.29,,0,,0,mm,0,mm,0,mm,Track systems > 1-circuit Profile,Tračni sistemi > 1-fazni Profile,,,23.71,,,,22,0,,,,,//pim.nowodvorski.com/media/files/9322.jpg,,,,,,,,,,,,,,,,GU10 R50,0,,10W only LED,,,,,,,NW.9322,,,,,,,,,,,,,,,,PROFILE EYE SPOT,,,,,,,,,,,,,,,,,,,,,,,,,,,,,,,,,,,,,,,,50/60,Hz,,,,,,,,9.6,cm,,,,,,,,,,IP20,,,,,,,,,,,,,,,,,,,,,,,,,1,1,,9405199000,,9,,,cm,,,19,,,cm,,,1.11,dm³,6.5,,,cm,,,,,,,,,,,,,,,,,,~220-230,V,,,5.5,cm,,,
NW.9324,5903139932493,svetila_si|svetila_si_en,,"Svetilka dekorativna  ""PROFILE EYE SUPER WHITE A""",00001625,91086973,,kom,94051098,PL,0,,0.7,,0,,0,mm,0,mm,0,mm,Track systems > 1-circuit Profile,Tračni sistemi > 1-fazni Profile,,,,,,,22,0,,,,,//pim.nowodvorski.com/media/files/9324.jpg,,,,,,,,,,,,,,,,GU10 R50,0,,10W only LED,,,,,,,NW.9324,,,,,,,,,,,,,,,,PROFILE EYE SUPER,,,,,,,,,,,,,,,,,,,,,,,,,,,,,,,,,,,,,,,,50/60,Hz,,,No,,,,,20,cm,,,,,,,,,,IP20,,,,,,,,,,,,,,,,,,,,,,,,0,1,1,,9405199000,,9,,,cm,,,60,,,cm,,,4.86,dm³,9,,,cm,,,,,,,,,,,,,,,,,,~220-230,V,,,5.5,cm,,,
NW.9325,5903139932592,svetila_si|svetila_si_en,,"Svetilka dekorativna  ""PROFILE EYE SUPER BLACK A""",00001625,91086973,,kom,94051098,PL,0,,0.7,,0,,0,mm,0,mm,0,mm,Track systems > 1-circuit Profile,Tračni sistemi > 1-fazni Profile,,,,,,,22,0,,,,,//pim.nowodvorski.com/media/files/9325.jpg,,,,,,,,,,,,,,,,GU10 R50,0,,10W only LED,,,,,,,NW.9325,,,,,,,,,,,,,,,,PROFILE EYE SUPER,,,,,,,,,,,,,,,,,,,,,,,,,,,,,,,,,,,,,,,,50/60,Hz,,,No,,,,,20,cm,,,,,,,,,,IP20,,,,,,,,,,,,,,,,,,,,,,,,0,1,1,,9405199000,,9,,,cm,,,60,,,cm,,,4.86,dm³,9,,,cm,,,,,,,,,,,,,,,,,,~220-230,V,,,5.5,cm,,,
NW.9332,5903139933292,,,"Svetilka dekorativna  ""PROFILE EYE FLEX BLACK""",00001625,91086973,,kom,94051098,PL,0,,0.475,,0,,0,mm,0,mm,0,mm,,,,,,,,,22,0,,,,,,,,,,,,,,,,,,,,,,,,,,,,,,,,,,,,,,,,,,,,,,,,,,,,,,,,,,,,,,,,,,,,,,,,,,,,,,,,,,,,,,,,,,,,,,,,,,,,,,,,,,,,,,,,,,,,,,,,,,,,,,,,,,,,,,,,,,,,,,,,,,,,,,,,,,,,,,,,,,,,,,,,,,,,,,,,,,,,
NW.9337,5903139933797,svetila_si|svetila_si_en,,"Svetilka dekorativna  ""PROFILE EYE WHITE""",00001625,91086973,,kom,94051098,PL,0,,0.72,,0,,0,mm,0,mm,0,mm,Track systems > 1-circuit Profile,Tračni sistemi > 1-fazni Profile,,,,,,,22,0,,,,,//pim.nowodvorski.com/media/files/9337.jpg,,,,,,,,,,,,,,,,GU10 R50,0,,10W only LED,,,,,,,NW.9337,,,,,,,,,,,,,,,,PROFILE EYE,,,,,,,,,,,,,,,,,,,,,,,,,,,,,,,,,,,,,,,,50/60,Hz,,,No,,,,,25,cm,,,,,,,,,,IP20,,,,,,,,,,,,,,,,,,,,,,,,,1,1,,9405199000,,7,,,cm,,,32.5,,,cm,,,1.37,dm³,7,,,cm,,,,,,,,,,,,,,,,,,~220-230,V,,,5.5,cm,,,
NW.9338,5903139933896,svetila_si|svetila_si_en,,"Svetilka dekorativna  ""PROFILE EYE BLACK""",00001625,91086973,,kom,94051098,PL,0,,0.72,,0,,0,mm,0,mm,0,mm,Track systems > 1-circuit Profile,Tračni sistemi > 1-fazni Profile,,,,,,,22,0,,,,,//pim.nowodvorski.com/media/files/9338.jpg,,,,,,,,,,,,,,,,GU10 R50,0,,10W only LED,,,,,,,NW.9338,,,,,,,,,,,,,,,,PROFILE EYE,,,,,,,,,,,,,,,,,,,,,,,,,,,,,,,,,,,,,,,,50/60,Hz,,,No,,,,,25,cm,,,,,,,,,,IP20,,,,,,,,,,,,,,,,,,,,,,,,,1,1,,9405199000,,7,,,cm,,,32.5,,,cm,,,1.37,dm³,7,,,cm,,,,,,,,,,,,,,,,,,~220-230,V,,,5.5,cm,,,
NW.9341,5903139934190,,Lampholder E27,"Svetilka dekorativna  ""DUPLEX""",00001625,91086973,,kom,94051098,PL,0,,0.025,,0,,0,mm,0,mm,0,mm,,,,,,,,,22,0,,,,,,,,,,,,,,,,,,,,,,,,,,,,,,,,,,,,,,,,,,,,,,,,,,,,,,,,,,,,,,,,,,,,,,,,,,,,,,,,,,,,,,,,,,,,,,,,,,,,,,,,,,,,,,,,,,,,,,,,,,,,,,,,,,,,,,,,,,,,,,,,,,,,,,,,,,,,,,,,,,,,,,,,,,,,,,,,,,,,
NW.9342,5903139934299,svetila_si|svetila_si_en,LED bulb floodlight GU10 9W 3000K 700lm CRI>80 120°,LED sijalka - reflektor GU10 9W DIFFUSER toplo bela 700lm,00001625,91086973,,kom,94051098,PL,0,,0.07,,0,,0,mm,0,mm,0,mm,Svetlobni viri in dodatki > GU10 ES111,Svetlobni viri in dodatki > GU10 ES111,,,,,,,22,0,,,,,//pim.nowodvorski.com/media/files/9342.jpg,,,,,,,,,,,,,,,,LED integrated,,,9W,,,,,,,NW.9342,,,120,°,,,,,,,,,,,,BULBS AND TUBES,3000K,,,,,,,,,,,,,≥ 80,,,,,,,,,,,,,,,,,,,,,F,,,790,lm,50/60,Hz,,,,,,,,,,,,,,,,,,,,,,,,,,,,,,,,,,25000h,,,,,,,,,,,1,,8539520000,,6.2,,,cm,,,11.3,,,cm,,,0.80,dm³,11.4,,,cm,,,>0.5,,,,,,,,,,,,,,,~220-230,V,,,,,,,
NW.9343,5903139934398,svetila_si|svetila_si_en,LED bulb floodlight GU10 9W 3000K 360lm CRI>80 30°,LED sijalka - reflektor GU10 9W LENS BLACK toplo bela 360lm,00001625,91086973,,kom,94051098,PL,0,,0.07,,0,,0,mm,0,mm,0,mm,Svetlobni viri in dodatki > GU10 ES111,Svetlobni viri in dodatki > GU10 ES111,,,,,,,22,0,,,,,//pim.nowodvorski.com/media/files/9343.jpg,,,,,,,,,,,,,,,,LED integrated,,,9W,,,,,,,NW.9343,,,30,°,,,,,,,,,,,,BULBS AND TUBES,3000K,,,,,,,,,,,,,≥ 80,,,,,,,,,,,,,,,,,,,,,E,,,770,lm,50/60,Hz,,,,,,,,,,,,,,,,,,,,,,,,,,,,,,,,,,25000h,,,,,,,,,,,1,,8539520000,,6.2,,,cm,,,11.3,,,cm,,,0.8,dm³,11.4,,,cm,,,>0.5,,,,,,,,,,,,,,,~220-230,V,,,,,,,
NW.9344,5903139934497,svetila_si|svetila_si_en,LED bulb MR11 GU10 9W 3000K 700lm CRI>80 120°,LED sijalka GU10 9W ES111 LED DIFFUSER toplo bela 700lm mlečna,00001625,91086973,,kom,94051098,PL,0,,0,,0,,0,mm,0,mm,0,mm,Svetlobni viri in dodatki > GU10 ES111,Svetlobni viri in dodatki > GU10 ES111,,,,,,,22,0,,,,,//pim.nowodvorski.com/media/files/9344.jpg,,,,,,,,,,,,,,,,LED integrated,,,9W,,,,,,,NW.9344,,,120,°,,,,,,,,,,,,BULBS AND TUBES,3000K,,,,,,,,,,,,,≥ 80,,,,,,,,,,,,,,,,,,,,,F,,,790,lm,50/60,Hz,,,,,,,,,,,,,,,,,,,,,,,,,,,,,,,,,,25000h,,,,,,,,,,,1,,8539520000,,6.2,,,cm,,,11.3,,,cm,,,0.8,dm³,11.4,,,cm,,,>0.5,,,,,,,,,,,,,,,~220-230,V,,,,,,,
NW.9345,5903139934596,svetila_si|svetila_si_en,,"Led sijalka dekorativna  9W  ""ES111 LED LENS WHITE""",00001625,91086973,,kom,94051098,PL,0,,0,,0,,0,mm,0,mm,0,mm,Svetlobni viri in dodatki > GU10 ES111,Svetlobni viri in dodatki > GU10 ES111,,,,,,,22,0,,,,,//pim.nowodvorski.com/media/files/9345.jpg,,,,,,,,,,,,,,,,LED integrated,,,9W,,,,,,,NW.9345,,,30,°,,,,,,,,,,,,BULBS AND TUBES,3000K,,,,,,,,,,,,,≥ 80,,,,,,,,,,,,,,,,,,,,,E,,,870,lm,50/60,Hz,,,,,,,,,,,,,,,,,,,,,,,,,,,,,,,,,,25000h,,,,,,,,,,,1,,8539520000,,6.2,,,cm,,,11.3,,,cm,,,0.8,dm³,11.4,,,cm,,,>0.5,,,,,,,,,,,,,,,~220-230,V,,,,,,,
NW.9346,5903139934695,,VAN GOGH S wall light LED 8W warm white IP44 chrome,LED svetilka stenska VAN GOGH S 8W toplo bela 447lm IP44 krom,00001625,91086973,,kom,94051098,PL,0,,0.35,,0,,0,mm,0,mm,0,mm,,,,,,,,,22,0,,,,,,,,,,,,,,,,,,,,,,,,,,,,,,,,,,,,,,,,,,,,,,,,,,,,,,,,,,,,,,,,,,,,,,,,,,,,,,,,,,,,,,,,,,,,,,,,,,,,,,,,,,,,,,,,,,,,,,,,,,,,,,,,,,,,,,,,,,,,,,,,,,,,,,,,,,,,,,,,,,,,,,,,,,,,,,,,,,,,
NW.9347,5903139934794,,VAN GOGH M wall light LED 12W warm white IP44 chrome,LED svetilka stenska VAN GOGH M 12W toplo bela 795lm IP44 krom,00001625,91086973,,kom,94051098,PL,0,,0.37,,0,,0,mm,0,mm,0,mm,,,,,,,,,22,0,,,,,,,,,,,,,,,,,,,,,,,,,,,,,,,,,,,,,,,,,,,,,,,,,,,,,,,,,,,,,,,,,,,,,,,,,,,,,,,,,,,,,,,,,,,,,,,,,,,,,,,,,,,,,,,,,,,,,,,,,,,,,,,,,,,,,,,,,,,,,,,,,,,,,,,,,,,,,,,,,,,,,,,,,,,,,,,,,,,,
NW.9348,5903139934893,,VAN GOGH S wall light LED 8W warm white IP44 white,LED svetilka stenska VAN GOGH S 8W toplo bela 447lm IP44 bela,00001625,91086973,,kom,94051098,PL,0,,0.35,,0,,0,mm,0,mm,0,mm,,,,,,,,,22,0,,,,,,,,,,,,,,,,,,,,,,,,,,,,,,,,,,,,,,,,,,,,,,,,,,,,,,,,,,,,,,,,,,,,,,,,,,,,,,,,,,,,,,,,,,,,,,,,,,,,,,,,,,,,,,,,,,,,,,,,,,,,,,,,,,,,,,,,,,,,,,,,,,,,,,,,,,,,,,,,,,,,,,,,,,,,,,,,,,,,
NW.9350,5903139935098,,VAN GOGH M wall light LED 12W warm white IP44 white,LED svetilka stenska VAN GOGH M 12W toplo bela 795lm IP44 bela,00001625,91086973,,kom,94051098,PL,0,,0.37,,0,,0,mm,0,mm,0,mm,,,,,,,,,22,0,,,,,,,,,,,,,,,,,,,,,,,,,,,,,,,,,,,,,,,,,,,,,,,,,,,,,,,,,,,,,,,,,,,,,,,,,,,,,,,,,,,,,,,,,,,,,,,,,,,,,,,,,,,,,,,,,,,,,,,,,,,,,,,,,,,,,,,,,,,,,,,,,,,,,,,,,,,,,,,,,,,,,,,,,,,,,,,,,,,,
NW.9351,5903139935197,,VAN GOGH S wall light LED 8W warm white IP44 black,LED svetilka stenska VAN GOGH S 8W toplo bela 447lm IP44 črna,00001625,91086973,,kom,94051098,PL,0,,0.35,,0,,0,mm,0,mm,0,mm,,,,,,,,,22,0,,,,,,,,,,,,,,,,,,,,,,,,,,,,,,,,,,,,,,,,,,,,,,,,,,,,,,,,,,,,,,,,,,,,,,,,,,,,,,,,,,,,,,,,,,,,,,,,,,,,,,,,,,,,,,,,,,,,,,,,,,,,,,,,,,,,,,,,,,,,,,,,,,,,,,,,,,,,,,,,,,,,,,,,,,,,,,,,,,,,
NW.9352,5903139935296,,VAN GOGH M wall light LED 12W warm white IP44 black,LED svetilka stenska VAN GOGH M 12W toplo bela 795lm IP44 črna,00001625,91086973,,kom,94051098,PL,0,,0.37,,0,,0,mm,0,mm,0,mm,,,,,100.89,,,,22,0,,,,,,,,,,,,,,,,,,,,,,,,,,,,,,,,,,,,,,,,,,,,,,,,,,,,,,,,,,,,,,,,,,,,,,,,,,,,,,,,,,,,,,,,,,,,,,,,,,,,,,,,,,,,,,,,,,,,,,,,,,,,,,,,,,,,,,,,,,,,,,,,,,,,,,,,,,,,,,,,,,,,,,,,,,,,,,,,,,,,
NW.9353,5903139935395,svetila_si|svetila_si_en,BALI wall light E14 IP44 chrome/transparent,Svetilka stenska BALI IP44 krom,00001625,91086973,,kom,94051098,PL,0,,0.85,,0,,0,mm,0,mm,0,mm,Interior lighting > Wall lamps > Sconces,Notranja svetila > Stenska svetila > Svečniki,,,,,,,22,0,,,,,//pim.nowodvorski.com/media/files/9353.jpg,,,,,,,,,,,,,,,,E14,0,,10W only LED,,,,,,,NW.9353,,,,,,,,,,,,,,,,BALI,,,,,,,,,,,,,,,,,,,,,,,,,,,,,17,cm,,,,,,,,,,50/60,Hz,,,,,,,,,,,,,,,,,,,IP44,,,,,,,,,,,,,,,,,,,,,,,,,1,1,,9405199000,,30,,,cm,,,19.5,,,cm,,,11.41,dm³,19.5,,,cm,,,,,,,,,,,,,,,,,,~220-230,V,,,,,,,
NW.9362,5903139936293,svetila_si|svetila_si_en,MONACO II wall light E27 black/smoked,Svetilka stenska MONACO II IP20 črna,00001625,91086973,,kom,94051098,PL,0,,1.5,,0,,0,mm,0,mm,0,mm,Interior lighting > Wall lamps > Sconces,Notranja svetila > Stenska svetila > Svečniki,,,,,,,22,0,,,,,//pim.nowodvorski.com/media/files/9362.jpg,,,,,,,,,,,,,,,,E27,0,,25W only LED,,,,,,,NW.9362,,,,,,3,cm,10,cm,,,,,,,MONACO,,,,,,,,,,,,,,,,,,,,,,,,,,,,,,,,,,,,,,,,50/60,Hz,,,,,,,,16,cm,,,,,,,,,,IP20,,,,,,,,,,,,,,,,,,,,,,,,1,2,1,,9405199000,,27,,,cm,,,87,,,cm,,,54.02,dm³,23,,,cm,,,,,,,,,,,,,,,,,,~220-230,V,,,18,cm,,,
NW.9363,5903139936392,svetila_si|svetila_si_en,MONACO II pendant light E27 black/smoked,Svetilka viseča MONACO II IP20 črna,00001625,91086973,,kom,94051091,PL,0,,3.46,,0,,0,mm,0,mm,0,mm,Interior lighting > Suspended lamps,Notranja svetila > Viseča svetila,,,,,,,22,0,,,,,//pim.nowodvorski.com/media/files/9363.jpg,,,,,,,,,,,,,,,,E27,0,,25W only LED,,,,,,,NW.9363,,,,,,3,cm,4,cm,,,,,,,MONACO,,,,,,,,,,,,,,,,,,,,,,,,,,,,,,,,,,,,,,,,50/60,Hz,,,Possible by a qualified electrician,,,,,25,cm,,,,,,,,,,IP20,,,,,,,,,,,,,,,,,,,,,,,,1,2,1,,9405199000,,17,,,cm,,,70,,,cm,,,45.22,dm³,38,,,cm,,,,,,,,63,cm,,,,,,,,,~220-230,V,,,25,cm,,,
NW.9364,5903139936491,svetila_si|svetila_si_en,MONACO I pendant light E27 black/smoked,Svetilka viseča MONACO I IP20 črna,00001625,91086973,,kom,94051098,PL,0,,1.65,,0,,0,mm,0,mm,0,mm,Interior lighting > Suspended lamps,Notranja svetila > Viseča svetila,,,,,,,22,0,,,,,//pim.nowodvorski.com/media/files/9364.jpg,,,,,,,,,,,,,,,,E27,0,,25W only LED,,,,,,,NW.9364,,,,,,3,cm,4,cm,,,,,,,MONACO,,,,,,,,,,,,,,,,,,,,,,,,,,,,,,,,,,,,,,,,50/60,Hz,,,Possible by a qualified electrician,,,,,,,,,,,,,,,,IP20,,,,,,,,,,,,,,,,,,,,,,,,,1,1,,9405199000,,34,,,cm,,,32,,,cm,,,34.82,dm³,32,,,cm,,,,,,,,28,cm,,,,,,,,,~220-230,V,,,30,cm,,,
NW.9374,5903139937498,svetila_si|svetila_si_en,CRANE wall light E27 smoked/black,Svetilka stenska CRANE IP20 črna,00001625,91086973,,kom,94051098,PL,0,,0.95,,0,,0,mm,0,mm,0,mm,Interior lighting > Wall lamps > Adjustable lamps,Notranja svetila > Stenska svetila > Gibljive svetilke,,,,,,,22,0,,,,,//pim.nowodvorski.com/media/files/9374.jpg,,,,,,,,,,,,,,,,E27,0,,25W only LED,,,,,,,NW.9374,,,,,,,,,,,,,,,,CRANE,,,,,,,,,,,,,,,,,,,,,,,,,,,,,88-106,cm,,,,,,,,,,50/60,Hz,,,,,,,,,,,,,,,,,,,IP20,,,,,,,,,,,,,,,,,,,,,,,,0,1,1,,9405199000,,26,,,cm,,,94,,,cm,,,,,20,,,cm,,,,,,,,,,,,,,,,,,~220-230,V,,,,,,,
NW.9375,5903139937597,svetila_si|svetila_si_en,MINIMAL pendant light E27 oak/black,Svetilka viseča MINIMAL IP20 naravna,00001625,91086973,,kom,94051098,PL,0,,2.9,,0,,0,mm,0,mm,0,mm,Interior lighting > Suspended lamps,Notranja svetila > Viseča svetila,,,,,,,22,0,,,,,//pim.nowodvorski.com/media/files/9375.jpg,,,,,,,,,,,,,,,,E27,0,,25W only LED,,,,,,,NW.9375,,,,,,3,cm,8,cm,,,,,,,MINIMAL,,,,,,,,,,,,,,,,,,,,,,,,,,,,,,,,,,,,,,,,50/60,Hz,,,No,30,cm,,,,,,,,,,,,,,IP20,,,,,,,,,,,,,,,,,,,,,,,,1,2,1,,9405199000,,10,,,cm,,,100,,,cm,,,33,dm³,33,,,cm,,,,,,,,,,,,,,,,,,~220-230,V,,,,,,,
NW.9377,5903139937795,svetila_si|svetila_si_en,MINIMAL OAK wall light G9 oak/black,Svetilka stenska MINIMAL OAK IP20 naravna,00001625,91086973,,kom,94051098,PL,0,,0.26,,0,,0,mm,0,mm,0,mm,Interior lighting > Wall lamps > Sconces,Notranja svetila > Stenska svetila > Svečniki,,,,,,,22,0,,,,,//pim.nowodvorski.com/media/files/9377.jpg,,,,,,,,,,,,,,,,G9,0,,10W only LED,,,,,,,NW.9377,,,,,,,,,,,,,,,,MINIMAL,,,,,,,,,,,,,,,,,,,,,,,,,,,,,7,cm,,,,,,,,,,50/60,Hz,,,,,,,,,,,,,,,,,,,IP20,,,,,,,,,,,,,,,,,,,,,,,,0,1,1,,9405199000,,8,,,cm,,,22,,,cm,,,3.87,dm³,22,,,cm,,,,,,,,,,,,,,,,,,~220-230,V,,,,,,,
NW.9378,5903139937894,svetila_si|svetila_si_en,DOT ceiling light GU10 white,Svetilka stropna vgradna DOT IP20 bela,00001625,91086973,,kom,94051098,PL,0,,0.42,,0,,0,mm,0,mm,0,mm,Interior lighting > Downlights > Recessed mounted,Notranja svetila > Downlights > Vgradne svetilke,,,,,,,22,0,,,,,//pim.nowodvorski.com/media/files/9378.jpg,,,,,,,,,,,,,,,,GU10 R50,0,,10W only LED,,,,,,,NW.9378,,,,,,,,,,,,,,,,DOT,,,,,,,,,,,,,,,,,,,,,,,,,,,,,,,,,,,,,,,,50/60,Hz,,,,,,,,,,,,fi.12.9,cm,,,,,,IP20,,,,,,,,,,,,,,,,,,,,,,,,0,1,1,,9405199000,,14.5,,,cm,,,13.5,,,cm,,,2.64,dm³,13.5,,,cm,,,,,,,,,,,,,,,,,,~220-230,V,,,,,,,
NW.9381,5903139938198,svetila_si|svetila_si_en,PLANT pendant light GU10 black/nickel,Svetilka viseča PLANT IP20 črna,00001625,91086973,,kom,94051098,PL,0,,4.28,,0,,0,mm,0,mm,0,mm,Interior lighting > Suspended lamps,Notranja svetila > Viseča svetila,,,,,,,22,0,,,,,//pim.nowodvorski.com/media/files/9381.jpg,,,,,,,,,,,,,,,,GU10 R50,0,,10W only LED,,,,,,,NW.9381,,,,,,,,,,,,,,,,PLANT,,,,,,,,,,,,,,,,,,,,,,,,,,,,,,,,,,,,,,,,50/60,Hz,,,Possible by a qualified electrician,,,,,,,,,,,,,,,,IP20,,,,,,,,,,,,,,,,,,,,,,,,1,4,1,,9405199000,,12,,,cm,,,83.5,,,cm,,,25.55,dm³,25.5,,,cm,,,,,,,,,,,,,,,,,,~220-230,V,,,,,,,
NW.9382,5903139938297,svetila_si|svetila_si_en,PLANT pendant light GU10 white,Svetilka viseča PLANT IP20 bela,00001625,91086973,,kom,94051098,PL,0,,4.28,,0,,0,mm,0,mm,0,mm,Interior lighting > Suspended lamps,Notranja svetila > Viseča svetila,,,,,,,22,0,,,,,//pim.nowodvorski.com/media/files/9382.jpg,,,,,,,,,,,,,,,,GU10 R50,0,,10W only LED,,,,,,,NW.9382,,,,,,,,,,,,,,,,PLANT,,,,,,,,,,,,,,,,,,,,,,,,,,,,,,,,,,,,,,,,50/60,Hz,,,Possible by a qualified electrician,,,,,9,cm,,,,,,,,,,IP20,,,,,,,,,,,,,,,,,,,,,,,,1,4,1,,9405199000,,12,,,cm,,,83.5,,,cm,,,25.55,dm³,25.5,,,cm,,,,,,,,,,,,,,,,,,~220-230,V,,,,,,,
NW.9383,5903139938396,svetila_si|svetila_si_en,GROOVE ceiling light GU10 ES111 white,Svetilka stropna GROOVE IP20 bela,00001625,91086973,,kom,94051098,PL,0,,1.2,,0,,0,mm,0,mm,0,mm,Interior lighting > Downlights > Surfaced mounted,Notranja svetila > Downlights > Nadgradne svetilke,,,54.71,,,,22,0,,,,,//pim.nowodvorski.com/media/files/9383.jpg,,,,,,,,,,,,,,,,GU10 ES111,0,,15W only LED,,,,,,,NW.9383,,,,,,,,,,,,,,,,GROOVE,,,,,,,,,,,,,,,,,,,,,,,,,,,,,,,,,,,,,,,,50/60,Hz,,,,,,,,,,,,,,,,,,,IP20,,,,,,,,,,,,,,,,,,,,,,,,1,2,1,,9405199000,,13.5,,,cm,,,24.5,,,cm,,,4.46,dm³,13.5,,,cm,,,,,,,,,,,,,,,,,,~220-230,V,,,,,,,
NW.9384,5903139938495,svetila_si|svetila_si_en,GAP ceiling light GU10 black,Svetilka stropna GAP IP20 črna,00001625,91086973,,kom,94051098,PL,0,,0.32,,0,,0,mm,0,mm,0,mm,Interior lighting > Downlights > Surfaced mounted,Notranja svetila > Downlights > Nadgradne svetilke,,,,,,,22,0,,,,,//pim.nowodvorski.com/media/files/9384.jpg,,,,,,,,,,,,,,,,GU10 R50,0,,10W only LED,,,,,,,NW.9384,,,,,,,,,,,,,,,,GAP,,,,,,,,,,,,,,,,,,,,,,,,,,,,,,,,,,,,,,,,50/60,Hz,,,,,,,,,,,,,,,,,,,IP20,,,,,,,,,,,,,,,,,,,,,,,,1,2,1,,9405199000,,11,,,cm,,,12,,,cm,,,0.92,dm³,7,,,cm,,,,,,,,,,,,,,,,,,~220-230,V,,,,,,,
NW.9385,5903139938594,svetila_si|svetila_si_en,GAP ceiling light GU10 white,Svetilka stropna GAP IP20 bela,00001625,91086973,,kom,94051098,PL,0,,0.32,,0,,0,mm,0,mm,0,mm,Interior lighting > Downlights > Surfaced mounted,Notranja svetila > Downlights > Nadgradne svetilke,,,,,,,22,0,,,,,//pim.nowodvorski.com/media/files/9385.jpg,,,,,,,,,,,,,,,,GU10 R50,0,,10W only LED,,,,,,,NW.9385,,,,,,,,,,,,,,,,GAP,,,,,,,,,,,,,,,,,,,,,,,,,,,,,,,,,,,,,,,,50/60,Hz,,,,,,,,,,,,,,,,,,,IP20,,,,,,,,,,,,,,,,,,,,,,,,1,2,1,,9405199000,,11,,,cm,,,12,,,cm,,,0.92,dm³,7,,,cm,,,,,,,,,,,,,,,,,,~220-230,V,,,,,,,
NW.9386,5903139938693,,PAG ceiling light GU10 black,Svetilka stropna PAG IP20 črna,00001625,91086973,,kom,94051098,PL,0,,0.28,,0,,0,mm,0,mm,0,mm,,,,,,,,,22,0,,,,,,,,,,,,,,,,,,,,,,,,,,,,,,,,,,,,,,,,,,,,,,,,,,,,,,,,,,,,,,,,,,,,,,,,,,,,,,,,,,,,,,,,,,,,,,,,,,,,,,,,,,,,,,,,,,,,,,,,,,,,,,,,,,,,,,,,,,,,,,,,,,,,,,,,,,,,,,,,,,,,,,,,,,,,,,,,,,,,
NW.9387,5903139938792,svetila_si|svetila_si_en,PAG ceiling light GU10 white,Svetilka stropna PAG IP20 bela,00001625,91086973,,kom,94051098,PL,0,,0.28,,0,,0,mm,0,mm,0,mm,Interior lighting > Downlights > Surfaced mounted,Notranja svetila > Downlights > Nadgradne svetilke,,,,,,,22,0,,,,,//pim.nowodvorski.com/media/files/9387.jpg,,,,,,,,,,,,,,,,GU10 R50,0,,10W only LED,,,,,,,NW.9387,,,,,,,,,,,,,,,,PAG,,,,,,,,,,,,,,,,,,,,,,,,,,,,,,,,,,,,,,,,50/60,Hz,,,,,,,,,,,,,,,,,,,IP20,,,,,,,,,,,,,,,,,,,,,,,,1,2,1,,9405199000,,11,,,cm,,,12,,,cm,,,0.92,dm³,7,,,cm,,,,,,,,,,,,,,,,,,~220-230,V,,,,,,,
NW.9388,5903139938891,svetila_si|svetila_si_en,BOLD S ceiling light GU10 grey,Svetilka stropna BOLD S IP20 siva,00001625,91086973,,kom,94051098,PL,0,,1.08,,0,,0,mm,0,mm,0,mm,Interior lighting > Downlights > Surfaced mounted,Notranja svetila > Downlights > Nadgradne svetilke,,,,,,,22,0,,,,,//pim.nowodvorski.com/media/files/9388.jpg,,,,,,,,,,,,,,,,GU10 R50,0,,10W only LED,,,,,,,NW.9388,,,,,,,,,,,,,,,,BOLD,,,,,,,,,,,,,,,,,,,,,,,,,,,,,,,,,,,,,,,,50/60,Hz,,,,,,,,,,,,,,,,,,,IP20,,,,,,,,,,,,,,,,,,,,,,,,0,1,1,,9405199000,,18,,,cm,,,15.5,,,cm,,,4.32,dm³,15.5,,,cm,,,,,,,,,,,,,,,,,,~220-230,V,,,,,,,
NW.9390,5903139939096,,SHY S ceiling light GU10 grey,Svetilka stropna SHY S IP20 siva,00001625,91086973,,kom,94051098,PL,0,,0.94,,0,,0,mm,0,mm,0,mm,,,,,,,,,22,0,,,,,,,,,,,,,,,,,,,,,,,,,,,,,,,,,,,,,,,,,,,,,,,,,,,,,,,,,,,,,,,,,,,,,,,,,,,,,,,,,,,,,,,,,,,,,,,,,,,,,,,,,,,,,,,,,,,,,,,,,,,,,,,,,,,,,,,,,,,,,,,,,,,,,,,,,,,,,,,,,,,,,,,,,,,,,,,,,,,,
NW.9391,5903139939195,,SHY I pendant light GU10 grey,Svetilka viseča SHY I IP20 siva,00001625,91086973,,kom,94051098,PL,0,,1.04,,0,,0,mm,0,mm,0,mm,,,,,,,,,22,0,,,,,,,,,,,,,,,,,,,,,,,,,,,,,,,,,,,,,,,,,,,,,,,,,,,,,,,,,,,,,,,,,,,,,,,,,,,,,,,,,,,,,,,,,,,,,,,,,,,,,,,,,,,,,,,,,,,,,,,,,,,,,,,,,,,,,,,,,,,,,,,,,,,,,,,,,,,,,,,,,,,,,,,,,,,,,,,,,,,,
NW.9392,5903139939294,svetila_si|svetila_si_en,BOLD M ceiling light GU10 ES111 grey,Svetilka stropna BOLD M IP20 siva,00001625,91086973,,kom,94051098,PL,0,,2.32,,0,,0,mm,0,mm,0,mm,Interior lighting > Downlights > Surfaced mounted,Notranja svetila > Downlights > Nadgradne svetilke,,,,,,,22,0,,,,,//pim.nowodvorski.com/media/files/9392.jpg,,,,,,,,,,,,,,,,GU10 ES111,0,,15W only LED,,,,,,,NW.9392,,,,,,,,,,,,,,,,BOLD,,,,,,,,,,,,,,,,,,,,,,,,,,,,,,,,,,,,,,,,50/60,Hz,,,,,,,,,,,,,,,,,,,IP20,,,,,,,,,,,,,,,,,,,,,,,,0,1,1,,9405199000,,16.5,,,cm,,,21,,,cm,,,7.27,dm³,21,,,cm,,,,,,,,,,,,,,,,,,~220-230,V,,,,,,,
NW.9393,5903139939393,,SHY M ceiling light GU10 grey,Svetilka stropna SHY M IP20 siva,00001625,91086973,,kom,94051098,PL,0,,1.8,,0,,0,mm,0,mm,0,mm,,,,,,,,,22,0,,,,,,,,,,,,,,,,,,,,,,,,,,,,,,,,,,,,,,,,,,,,,,,,,,,,,,,,,,,,,,,,,,,,,,,,,,,,,,,,,,,,,,,,,,,,,,,,,,,,,,,,,,,,,,,,,,,,,,,,,,,,,,,,,,,,,,,,,,,,,,,,,,,,,,,,,,,,,,,,,,,,,,,,,,,,,,,,,,,,
NW.9395,5903139939591,,EYE FIT II ceiling light GU10 white,Svetilka stropna vgradna EYE FIT II IP20 bela,00001625,91086973,,kom,94051098,PL,0,,0.6,,0,,0,mm,0,mm,0,mm,,,,,,,,,22,0,,,,,,,,,,,,,,,,,,,,,,,,,,,,,,,,,,,,,,,,,,,,,,,,,,,,,,,,,,,,,,,,,,,,,,,,,,,,,,,,,,,,,,,,,,,,,,,,,,,,,,,,,,,,,,,,,,,,,,,,,,,,,,,,,,,,,,,,,,,,,,,,,,,,,,,,,,,,,,,,,,,,,,,,,,,,,,,,,,,,
NW.9396,5903139939690,svetila_si|svetila_si_en,EYE FIT I ceiling light GU10 white,Svetilka stropna vgradna EYE FIT I IP20 bela,00001625,91086973,,kom,94051098,PL,0,,0.3,,0,,0,mm,0,mm,0,mm,Interior lighting > Spotlights and spots,Notranja svetila > Reflektorska svetila,,,,,,,22,0,,,,,//pim.nowodvorski.com/media/files/9396.jpg,,,,,,,,,,,,,,,,GU10 R50,0,,10W only LED,,,,,,,NW.9396,,,,,,,,,,,,,,,,EYE FIT,,,,,,,,,,,,,,,,,,,,,,,,,,,,,,,,,,,,,,,,50/60,Hz,,,,,,,,9.6,cm,,,6x6,cm,,,,,,IP20,,,,,,,,,,,,,,,,,,,,,,,,1,1,1,,9405199000,,16.5,,,cm,,,10,,,cm,,,1.4,dm³,8.5,,,cm,,,,,,,,,,,,,,,,,,~220-230,V,,,5.5,cm,,,
NW.9398,5903139939898,,EYE FIT II ceiling light GU10 black,Svetilka stropna vgradna EYE FIT II IP20 črna,00001625,91086973,,kom,94051098,PL,0,,0.6,,0,,0,mm,0,mm,0,mm,,,,,,,,,22,0,,,,,,,,,,,,,,,,,,,,,,,,,,,,,,,,,,,,,,,,,,,,,,,,,,,,,,,,,,,,,,,,,,,,,,,,,,,,,,,,,,,,,,,,,,,,,,,,,,,,,,,,,,,,,,,,,,,,,,,,,,,,,,,,,,,,,,,,,,,,,,,,,,,,,,,,,,,,,,,,,,,,,,,,,,,,,,,,,,,,
NW.9400,5903139940092,,EYE FIT I ceiling light GU10 black,Svetilka stropna vgradna EYE FIT I IP20 črna,00001625,91086973,,kom,94051098,PL,0,,0.3,,0,,0,mm,0,mm,0,mm,,,,,,,,,22,0,,,,,,,,,,,,,,,,,,,,,,,,,,,,,,,,,,,,,,,,,,,,,,,,,,,,,,,,,,,,,,,,,,,,,,,,,,,,,,,,,,,,,,,,,,,,,,,,,,,,,,,,,,,,,,,,,,,,,,,,,,,,,,,,,,,,,,,,,,,,,,,,,,,,,,,,,,,,,,,,,,,,,,,,,,,,,,,,,,,,
NW.9403,5903139940399,svetila_si|svetila_si_en,MOD PLUS II ceiling light GU10 ES111 black,Svetilka stropna vgradna MOD PLUS II IP20 črna,00001625,91086973,,kom,94051098,PL,0,,0.59,,0,,0,mm,0,mm,0,mm,Interior lighting > Downlights > Recessed mounted,Notranja svetila > Downlights > Vgradne svetilke,,,,,,,22,0,,,,,//pim.nowodvorski.com/media/files/9403.jpg,,,,,,,,,,,,,,,,GU10 ES111,0,,15W only LED,,,,,,,NW.9403,,,,,,,,,,,,,,,,MOD,,,,,,,,,,,,,,,,,,,,,,,,,,,,,,,,,,,,,,,,50/60,Hz,,,,,,,,,,,,11.9x23.3,cm,,,,,,IP20,,,,,,,,,,,,,,,,,,,,,,,,1,2,1,,9405199000,,9.5,,,cm,,,26,,,cm,,,3.58,dm³,14.5,,,cm,,,,,,,,,,,,,,,,,,~220-230,V,,,,,,,
NW.9404,5903139940498,svetila_si|svetila_si_en,MOD PLUS I ceiling light GU10 ES111 black,Svetilka stropna vgradna MOD PLUS I IP20 črna,00001625,91086973,,kom,94051098,PL,0,,0.38,,0,,0,mm,0,mm,0,mm,Interior lighting > Downlights > Recessed mounted,Notranja svetila > Downlights > Vgradne svetilke,,,,,,,22,0,,,,,//pim.nowodvorski.com/media/files/9404.jpg,,,,,,,,,,,,,,,,GU10 ES111,0,,15W only LED,,,,,,,NW.9404,,,,,,,,,,,,,,,,MOD,,,,,,,,,,,,,,,,,,,,,,,,,,,,,,,,,,,,,,,,50/60,Hz,,,,,,,,,,,,11.9x11.9,cm,,,,,,IP20,,,,,,,,,,,,,,,,,,,,,,,,0,1,1,,9405199000,,9.5,,,cm,,,14.5,,,cm,,,1.99,dm³,14.5,,,cm,,,,,,,,,,,,,,,,,,~220-230,V,,,,,,,
NW.9407,5903139940795,svetila_si|svetila_si_en,MOD PLUS II ceiling light GU10 ES111 white,Svetilka stropna vgradna MOD PLUS II IP20 bela,00001625,91086973,,kom,94051098,PL,0,,0.59,,0,,0,mm,0,mm,0,mm,Interior lighting > Downlights > Recessed mounted,Notranja svetila > Downlights > Vgradne svetilke,,,,,,,22,0,,,,,//pim.nowodvorski.com/media/files/9407.jpg,,,,,,,,,,,,,,,,GU10 ES111,0,,15W only LED,,,,,,,NW.9407,,,,,,,,,,,,,,,,MOD,,,,,,,,,,,,,,,,,,,,,,,,,,,,,,,,,,,,,,,,50/60,Hz,,,,,,,,,,,,11.9x23.3,cm,,,,,,IP20,,,,,,,,,,,,,,,,,,,,,,,,1,2,1,,9405199000,,9.5,,,cm,,,26,,,cm,,,3.58,dm³,14.5,,,cm,,,,,,,,,,,,,,,,,,~220-230,V,,,,,,,
NW.9408,5903139940894,svetila_si|svetila_si_en,MOD PLUS I ceiling light GU10 ES111 white,Svetilka stropna vgradna MOD PLUS I IP20 bela,00001625,91086973,,kom,94051098,PL,0,,0.38,,0,,0,mm,0,mm,0,mm,Interior lighting > Downlights > Recessed mounted,Notranja svetila > Downlights > Vgradne svetilke,,,,,,,22,0,,,,,//pim.nowodvorski.com/media/files/9408.jpg,,,,,,,,,,,,,,,,GU10 ES111,0,,15W only LED,,,,,,,NW.9408,,,,,,,,,,,,,,,,MOD,,,,,,,,,,,,,,,,,,,,,,,,,,,,,,,,,,,,,,,,50/60,Hz,,,,,,,,,,,,11.9x11.9,cm,,,,,,IP20,,,,,,,,,,,,,,,,,,,,,,,,0,1,1,,9405199000,,9.5,,,cm,,,14.5,,,cm,,,1.99,dm³,14.5,,,cm,,,,,,,,,,,,,,,,,,~220-230,V,,,,,,,
NW.9412,5903139941297,svetila_si|svetila_si_en,MOD II ceiling light GU10 ES111 white,Svetilka stropna vgradna MOD II IP20 bela,00001625,91086973,,kom,94051098,PL,0,,0.59,,0,,0,mm,0,mm,0,mm,Interior lighting > Downlights > Recessed mounted,Notranja svetila > Downlights > Vgradne svetilke,,,,,,,22,0,,,,,//pim.nowodvorski.com/media/files/9412.jpg,,,,,,,,,,,,,,,,GU10 ES111,0,,15W only LED,,,,,,,NW.9412,,,,,,,,,,,,,,,,MOD,,,,,,,,,,,,,,,,,,,,,,,,,,,,,,,,,,,,,,,,50/60,Hz,,,,,,,,,,,,11.9x23.3,cm,,,,,,IP20,,,,,,,,,,,,,,,,,,,,,,,,1,2,1,,9405199000,,10,,,cm,,,26,,,cm,,,3.77,dm³,14.5,,,cm,,,,,,,,,,,,,,,,,,~220-230,V,,,,,,,
NW.9413,5903139941396,svetila_si|svetila_si_en,MOD I ceiling light GU10 ES111 white,Svetilka stropna vgradna MOD I IP20 bela,00001625,91086973,,kom,94051098,PL,0,,0.3,,0,,0,mm,0,mm,0,mm,Interior lighting > Downlights > Recessed mounted,Notranja svetila > Downlights > Vgradne svetilke,,,,,,,22,0,,,,,//pim.nowodvorski.com/media/files/9413.jpg,,,,,,,,,,,,,,,,GU10 ES111,0,,15W only LED,,,,,,,NW.9413,,,,,,,,,,,,,,,,MOD,,,,,,,,,,,,,,,,,,,,,,,,,,,,,,,,,,,,,,,,50/60,Hz,,,,,,,,,,,,11.9x11.9,cm,,,,,,IP20,,,,,,,,,,,,,,,,,,,,,,,,0,1,1,,9405199000,,9.5,,,cm,,,14.5,,,cm,,,2.0,dm³,14.5,,,cm,,,,,,,,,,,,,,,,,,~220-230,V,,,,,,,
NW.9416,5903139941693,svetila_si|svetila_si_en,MOD II ceiling light GU10 ES111 black,Svetilka stropna vgradna MOD II IP20 črna,00001625,91086973,,kom,94051098,PL,0,,0.59,,0,,0,mm,0,mm,0,mm,Interior lighting > Downlights > Recessed mounted,Notranja svetila > Downlights > Vgradne svetilke,,,,,,,22,0,,,,,//pim.nowodvorski.com/media/files/9416.jpg,,,,,,,,,,,,,,,,GU10 ES111,0,,2x15W only LED,,,,,,,NW.9416,,,,,,,,,,,,,,,,MOD,,,,,,,,,,,,,,,,,,,,,,,,,,,,,,,,,,,,,,,,50/60,Hz,,,,,,,,,,,,11.9x23.3,cm,,,,,,IP20,,,,,,,,,,,,,,,,,,,,,,,,1,2,1,,9405199000,,10,,,cm,,,26,,,cm,,,3.77,dm³,14.5,,,cm,,,,,,,,,,,,,,,,,,~220-230,V,,,,,,,
NW.9417,5903139941792,svetila_si|svetila_si_en,MOD I ceiling light GU10 ES111 black,Svetilka stropna vgradna MOD I IP20 črna,00001625,91086973,,kom,94051098,PL,0,,0.3,,0,,0,mm,0,mm,0,mm,Interior lighting > Downlights > Recessed mounted,Notranja svetila > Downlights > Vgradne svetilke,,,,,,,22,0,,,,,//pim.nowodvorski.com/media/files/9417.jpg,,,,,,,,,,,,,,,,GU10 ES111,0,,15W only LED,,,,,,,NW.9417,,,,,,,,,,,,,,,,MOD,,,,,,,,,,,,,,,,,,,,,,,,,,,,,,,,,,,,,,,,50/60,Hz,,,,,,,,,,,,11.9x11.9,cm,,,,,,IP20,,,,,,,,,,,,,,,,,,,,,,,,0,1,1,,9405199000,,9.5,,,cm,,,14.5,,,cm,,,2.0,dm³,14.5,,,cm,,,,,,,,,,,,,,,,,,~220-230,V,,,,,,,
NW.9420,5903139942096,svetila_si|svetila_si_en,PATHWAY S floor light LED 24W warm white IP44 black/transparent,LED svetilka zunanja PATHWAY S 24W toplo bela 2200lm IP44 črna,00001625,91086973,,kom,94051098,PL,0,,5.1,,0,,0,mm,0,mm,0,mm,Outdoor lighting > Standing lamps,Zunanja svetila > Stoječa svetila,,,,,,,22,0,,,,,//pim.nowodvorski.com/media/files/9420.jpg,,,,,,,,,,,,,,,,LED integrated,1,,24W,,,,,,,NW.9420,,,100,°,,,,,,,,,,,,PATHWAY,3000K,,,,,,,,,,,,,≥ 70,,,,,,,,,,,,,,,,,,,,,,,,2200,lm,50/60,Hz,,,,,,,,,,,,,,,,,,,IP65,,,,,,,,,,,,,,,30000h,,,,,,,,,,,1,,9405219000,,117,,,cm,,,16,,,cm,,,29.95,dm³,16,,,cm,,,>0.9,,,,,,,,,,,,,,,~220-230,V,,,,,,,
NW.9421,5903139942195,,ZOA wall light LED 10W warm white IP54 anthracite,LED svetilka zunanja ZOA 10W toplo bela 795lm IP54 siva,00001625,91086973,,kom,94051098,PL,0,,0.4,,0,,0,mm,0,mm,0,mm,,,,,,,,,22,0,,,,,,,,,,,,,,,,,,,,,,,,,,,,,,,,,,,,,,,,,,,,,,,,,,,,,,,,,,,,,,,,,,,,,,,,,,,,,,,,,,,,,,,,,,,,,,,,,,,,,,,,,,,,,,,,,,,,,,,,,,,,,,,,,,,,,,,,,,,,,,,,,,,,,,,,,,,,,,,,,,,,,,,,,,,,,,,,,,,,
NW.9426,5903139942690,svetila_si|svetila_si_en,STAR floor light E27 IP44 star white,Svetilka zunanja STAR IP44 bela,00001625,91086973,,kom,94051098,PL,0,,2.08,,0,,0,mm,0,mm,0,mm,Outdoor lighting > Standing lamps,Zunanja svetila > Stoječa svetila,,,,,,,22,0,,,,,//pim.nowodvorski.com/media/files/9426.jpg,,,,,,,,,,,,,,,,E27,0,,25W only LED,,,,,,,NW.9426,,,,,,,,,,,,,,,,STAR,,,,,,,,,,,,,,,,,,,,,,,,,,,,,,,,,,,,,,,,50/60,Hz,,,,,,,,,,,,,,,,,,,IP44,,,,,,,,,,,,,,,,,,,,,,,,0,1,1,,9405299000,,20,,,cm,,,49,,,cm,,,,,49,,,cm,,,,,,,,,,,,,,,,,,~220-230,V,,,,,,,
NW.9427,5903139942799,,,"Svetilka dekorativna  ""PROFILE WORKSHOP""",00001625,91086973,,kom,94051098,PL,0,,0.51,,0,,0,mm,0,mm,0,mm,,,,,,,,,22,0,,,,,,,,,,,,,,,,,,,,,,,,,,,,,,,,,,,,,,,,,,,,,,,,,,,,,,,,,,,,,,,,,,,,,,,,,,,,,,,,,,,,,,,,,,,,,,,,,,,,,,,,,,,,,,,,,,,,,,,,,,,,,,,,,,,,,,,,,,,,,,,,,,,,,,,,,,,,,,,,,,,,,,,,,,,,,,,,,,,,
NW.9448,5903139944892,svetila_si|svetila_si_en,,"Tračnica za razsvetljavo  ""PROFILE TRACK BLACK 1 METRE""",00001625,91086973,,kom,94051098,PL,0,,0.37,,0,,0,mm,0,mm,0,mm,Track systems > 1-circuit Profile > Tracks,Tračni sistemi > 1-fazni Profile > Tračnice,,,14.96,,,,22,0,,,,,//pim.nowodvorski.com/media/files/9448.jpg,,,,,,,,,,,,,,,,,,,,,,,,,,NW.9448,,,,,,,,,,,,,,,,PROFILE TRACK,,,,,,,,,,,,,,,,,,,,,,,,,,,,,,,,,,,,,,,,50/60,Hz,,,,,,,,,,,,,,,,,,,IP20,,,,,,,,,,,,,,,,,,,,,,,,,,1,,8536900190,,2.1,,,cm,,,100,,,cm,,,0.71,dm³,3.4,,,cm,,,,,,,,,,,,,,,,,,~220-230,V,,,,,,,
NW.9450,5903139945097,svetila_si|svetila_si_en,,"Tračnica za razsvetljavo ""PROFILE TRACK WHITE 1 METRE""",00001625,91086973,,kom,94051098,PL,0,,0.37,,0,,0,mm,0,mm,0,mm,Track systems > 1-circuit Profile > Tracks,Tračni sistemi > 1-fazni Profile > Tračnice,,,,,,,22,0,,,,,//pim.nowodvorski.com/media/files/9450.jpg,,,,,,,,,,,,,,,,,,,,,,,,,,NW.9450,,,,,,,,,,,,,,,,PROFILE TRACK,,,,,,,,,,,,,,,,,,,,,,,,,,,,,,,,,,,,,,,,50/60,Hz,,,,,,,,,,,,,,,,,,,IP20,,,,,,,,,,,,,,,,,,,,,,,,,,1,,8536900190,,2.1,,,cm,,,100,,,cm,,,0.71,dm³,3.4,,,cm,,,,,,,,,,,,,,,,,,~220-230,V,,,,,,,
NW.9451,5903139945196,svetila_si|svetila_si_en,,Tračnica za razsvetljavo bela 2m (R6),00001625,91086973,,kom,94051098,PL,0,,0.74,,0,,0,mm,0,mm,0,mm,Track systems > 1-circuit Profile > Tracks,Tračni sistemi > 1-fazni Profile > Tračnice,,,29.62,,,,22,0,,,,,//pim.nowodvorski.com/media/files/9451.jpg,,,,,,,,,,,,,,,,,,,,,,,,,,NW.9451,,,,,,,,,,,,,,,,PROFILE TRACK,,,,,,,,,,,,,,,,,,,,,,,,,,,,,,,,,,,,,,,,50/60,Hz,,,,,,,,,,,,,,,,,,,IP20,,,,,,,,,,,,,,,,,,,,,,,,,,1,,8536900190,,2.1,,,cm,,,200,,,cm,,,1.43,dm³,3.4,,,cm,,,,,,,,,,,,,,,,,,~220-230,V,,,,,,,
NW.9452,5903139945295,svetila_si|svetila_si_en,,Tračnica za razsvetljavo črna 2m (R6),00001625,91086973,,kom,94051098,PL,0,,0.74,,0,,0,mm,0,mm,0,mm,Track systems > 1-circuit Profile > Tracks,Tračni sistemi > 1-fazni Profile > Tračnice,,,29.62,,,,22,0,,,,,//pim.nowodvorski.com/media/files/9452.jpg,,,,,,,,,,,,,,,,,,,,,,,,,,NW.9452,,,,,,,,,,,,,,,,PROFILE TRACK,,,,,,,,,,,,,,,,,,,,,,,,,,,,,,,,,,,,,,,,50/60,Hz,,,,,,,,,,,,,,,,,,,IP20,,,,,,,,,,,,,,,,,,,,,,,,,,1,,8536900190,,2.1,,,cm,,,200,,,cm,,,1.43,dm³,3.4,,,cm,,,,,,,,,,,,,,,,,,~220-230,V,,,,,,,
NW.9453,5903139945394,svetila_si|svetila_si_en,,"Svetilka dekorativna  ""PROFILE STRAIGHT CONNECTOR BLACK""",00001625,91086973,,kom,94051098,PL,0,,0.05,,0,,0,mm,0,mm,0,mm,Track systems > 1-circuit Profile > Accessories,Tračni sistemi > 1-fazni Profile > Dodatki,,,,,,,22,0,,,,,//pim.nowodvorski.com/media/files/9453.jpg,,,,,,,,,,,,,,,,,,,,,,,,,,NW.9453,,,,,,,,,,,,,,,,PROFILE CONNECTOR,,,,,,,,,,,,,,,,,,,,,,,,,,,,,,,,,,,,,,,,50/60,Hz,,,,,,,,,,,,,,,,,,,IP20,,,,,,,,,,,,,,,,,,,,,,,,,,1,,8536900100,,1.9,,,cm,,,7.8,,,cm,,,0.05,dm³,3.4,,,cm,,,,,,,,,,,,,,,,,,~220-230,V,,,,,,,
NW.9454,5903139945493,svetila_si|svetila_si_en,,"Svetilka dekorativna  ""PROFILE STRAIGHT CONNECTOR WHITE""",00001625,91086973,,kom,94051098,PL,0,,0.05,,0,,0,mm,0,mm,0,mm,Track systems > 1-circuit Profile > Accessories,Tračni sistemi > 1-fazni Profile > Dodatki,,,,,,,22,0,,,,,//pim.nowodvorski.com/media/files/9454.jpg,,,,,,,,,,,,,,,,,,,,,,,,,,NW.9454,,,,,,,,,,,,,,,,PROFILE CONNECTOR,,,,,,,,,,,,,,,,,,,,,,,,,,,,,,,,,,,,,,,,50/60,Hz,,,,,,,,,,,,,,,,,,,IP20,,,,,,,,,,,,,,,,,,,,,,,,,,1,,8536900100,,1.9,,,cm,,,7.8,,,cm,,,0.05,dm³,3.4,,,cm,,,,,,,,,,,,,,,,,,~220-230,V,,,,,,,
NW.9455,5903139945592,svetila_si|svetila_si_en,,"Svetilka dekorativna  ""PROFILE L-CONNECTOR BLACK""",00001625,91086973,,kom,94051098,PL,0,,0.07,,0,,0,mm,0,mm,0,mm,Track systems > 1-circuit Profile > Accessories,Tračni sistemi > 1-fazni Profile > Dodatki,,,4.5,,,,22,0,,,,,//pim.nowodvorski.com/media/files/9455.jpg,,,,,,,,,,,,,,,,,,,,,,,,,,NW.9455,,,,,,,,,,,,,,,,PROFILE CONNECTOR,,,,,,,,,,,,,,,,,,,,,,,,,,,,,,,,,,,,,,,,50/60,Hz,,,,,,,,,,,,,,,,,,,IP20,,,,,,,,,,,,,,,,,,,,,,,,,,1,,8536900100,,1.7,,,cm,,,7.1,,,cm,,,0.09,dm³,7.1,,,cm,,,,,,,,,,,,,,,,,,~220-230,V,,,,,,,
NW.9456,5903139945691,svetila_si|svetila_si_en,,"Svetilka dekorativna  ""PROFILE L-CONNECTOR WHITE""",00001625,91086973,,kom,94051098,PL,0,,0.07,,0,,0,mm,0,mm,0,mm,Track systems > 1-circuit Profile > Accessories,Tračni sistemi > 1-fazni Profile > Dodatki,,,,,,,22,0,,,,,//pim.nowodvorski.com/media/files/9456.jpg,,,,,,,,,,,,,,,,,,,,,,,,,,NW.9456,,,,,,,,,,,,,,,,PROFILE CONNECTOR,,,,,,,,,,,,,,,,,,,,,,,,,,,,,,,,,,,,,,,,50/60,Hz,,,,,,,,,,,,,,,,,,,IP20,,,,,,,,,,,,,,,,,,,,,,,,,,1,,8536900100,,1.7,,,cm,,,7.1,,,cm,,,0.09,dm³,7.1,,,cm,,,,,,,,,,,,,,,,,,~220-230,V,,,,,,,
NW.9457,5903139945790,svetila_si|svetila_si_en,,"Svetilka dekorativna  ""PROFILE DEAD END CAP WHITE""",00001625,91086973,,kom,94051098,PL,0,,0.01,,0,,0,mm,0,mm,0,mm,Track systems > 1-circuit Profile > Accessories,Tračni sistemi > 1-fazni Profile > Dodatki,,,,,,,22,0,,,,,//pim.nowodvorski.com/media/files/9457.jpg,,,,,,,,,,,,,,,,,,,,,,,,,,NW.9457,,,,,,,,,,,,,,,,PROFILE END CAP,,,,,,,,,,,,,,,,,,,,,,,,,,,,,,,,,,,,,,,,,,,,,,,,,,,,,,,,,,,,,,,,,,,,,,,,,,,,,,,,,,,,,,1,,3926909790,,1.9,,,cm,,,3.1,,,cm,,,0.02,dm³,3.4,,,cm,,,,,,,,,,,,,,,,,,,,,,,,,,
NW.9458,5903139945899,svetila_si|svetila_si_en,,"Napajalni sistem ""PROFILE DEAD END CAP BLACK""",00001625,91086973,,kom,94051098,PL,0,,0.0055,,0,,0,mm,0,mm,0,mm,Track systems > 1-circuit Profile > Accessories,Tračni sistemi > 1-fazni Profile > Dodatki,,,2.63,,,,22,0,,,,,//pim.nowodvorski.com/media/files/9458.jpg,,,,,,,,,,,,,,,,,,,,,,,,,,NW.9458,,,,,,,,,,,,,,,,PROFILE END CAP,,,,,,,,,,,,,,,,,,,,,,,,,,,,,,,,,,,,,,,,,,,,,,,,,,,,,,,,,,,,,,,,,,,,,,,,,,,,,,,,,,,,,,1,,3926909790,,1.9,,,cm,,,3.1,,,cm,,,0.02,dm³,3.4,,,cm,,,,,,,,,,,,,,,,,,,,,,,,,,
NW.9460,5903139946094,svetila_si|svetila_si_en,,"Svetilka dekorativna  ""PROFILE SUSPENSION KIT BLACK""",00001625,91086973,,kom,94051098,PL,0,,0.07,,0,,0,mm,0,mm,0,mm,Track systems > 1-circuit Profile > Accessories,Tračni sistemi > 1-fazni Profile > Dodatki,,,,,,,22,0,,,,,//pim.nowodvorski.com/media/files/9460.jpg,,,,,,,,,,,,,,,,,,,,,,,,,,NW.9460,,,,,,,,,,,,,,,,PROFILE SUSPENSION,,,,,,,,,,,,,,,,,,,,,,,,,,,,,,,,,,,,,,,,,,,,,,,,,,,,,,,,,,,,,,,,,,,,,,,,,,,,,,,,,,,,,,1,,9405920090,,5.5,,,cm,,,5.5,,,cm,,,0.17,dm³,5.5,,,cm,,,,,,,,,,,,,,,,,,,,,,,,,,
NW.9461,5903139946193,svetila_si|svetila_si_en,,"Svetilka dekorativna  ""PROFILE SUSPENSION KIT WHITE""",00001625,91086973,,kom,94051098,PL,0,,0.07,,0,,0,mm,0,mm,0,mm,Track systems > 1-circuit Profile > Accessories,Tračni sistemi > 1-fazni Profile > Dodatki,,,,,,,22,0,,,,,//pim.nowodvorski.com/media/files/9461.jpg,,,,,,,,,,,,,,,,,,,,,,,,,,NW.9461,,,,,,,,,,,,,,,,PROFILE SUSPENSION,,,,,,,,,,,,,,,,,,,,,,,,,,,,,,,,,,,,,,,,,,,,,,,,,,,,,,,,,,,,,,,,,,,,,,,,,,,,,,,,,,,,,,1,,9405920090,,5.5,,,cm,,,5.5,,,cm,,,0.17,dm³,5.5,,,cm,,,,,,,,,,,,,,,,,,,,,,,,,,
NW.9462,5903139946292,svetila_si|svetila_si_en,,"Svetilka dekorativna  ""PROFILE POWER END CAP WHITE""",00001625,91086973,,kom,94051098,PL,0,,0.06,,0,,0,mm,0,mm,0,mm,Track systems > 1-circuit Profile > Accessories,Tračni sistemi > 1-fazni Profile > Dodatki,,,,,,,22,0,,,,,//pim.nowodvorski.com/media/files/9462.jpg,,,,,,,,,,,,,,,,,,,,,,,,,,NW.9462,,,,,,,,,,,,,,,,PROFILE END CAP,,,,,,,,,,,,,,,,,,,,,,,,,,,,,,,,,,,,,,,,50/60,Hz,,,,,,,,,,,,,,,,,,,IP20,,,,,,,,,,,,,,,,,,,,,,,,,,1,,8536900190,,1.9,,,cm,,,10.8,,,cm,,,0.07,dm³,3.4,,,cm,,,,,,,,,,,,,,,,,,~220-230,V,,,,,,,
NW.9463,5903139946391,svetila_si|svetila_si_en,,"Napajalni sistem ""PROFILE POWER END CAP BLACK""",00001625,91086973,,kom,94051098,PL,0,,0.057,,0,,0,mm,0,mm,0,mm,Track systems > 1-circuit Profile > Accessories,Tračni sistemi > 1-fazni Profile > Dodatki,,,4.23,,,,22,0,,,,,//pim.nowodvorski.com/media/files/9463.jpg,,,,,,,,,,,,,,,,,,,,,,,,,,NW.9463,,,,,,,,,,,,,,,,PROFILE END CAP,,,,,,,,,,,,,,,,,,,,,,,,,,,,,,,,,,,,,,,,50/60,Hz,,,,,,,,,,,,,,,,,,,IP20,,,,,,,,,,,,,,,,,,,,,,,,,,1,,8536900190,,1.9,,,cm,,,10.8,,,cm,,,0.07,dm³,3.4,,,cm,,,,,,,,,,,,,,,,,,~220-230,V,,,,,,,
NW.9470,5903139947091,svetila_si|svetila_si_en,BOX II ceiling light GU10 ES111 black,Svetilka stropna BOX II IP20 črna,00001625,91086973,,kom,94051098,PL,0,,2.04,,0,,0,mm,0,mm,0,mm,Interior lighting > Ceiling lamps > Flush mounted lamps,Notranja svetila > Stropna svetila > Nadgradne svetilke,,,,,,,22,0,,,,,//pim.nowodvorski.com/media/files/9470.jpg,,,,,,,,,,,,,,,,GU10 ES111,0,,15W only LED,,,,,,,NW.9470,,,,,,,,,,,,,,,,BOX,,,,,,,,,,,,,,,,,,,,,,,,,,,,,,,,,,,,,,,,50/60,Hz,,,,,,,,,,,,,,,,,,,IP20,,,,,,,,,,,,,,,,,,,,,,,,1,2,1,,9405199000,,19,,,cm,,,40,,,cm,,,15.2,dm³,20,,,cm,,,,,,,,,,,,,,,,,,~220-230,V,,,,,,,
NW.9472,5903139947299,,BOX II ceiling light GU10 ES111 white,Svetilka stropna BOX II IP20 bela,00001625,91086973,,kom,94051098,PL,0,,2.04,,0,,0,mm,0,mm,0,mm,,,,,,,,,22,0,,,,,,,,,,,,,,,,,,,,,,,,,,,,,,,,,,,,,,,,,,,,,,,,,,,,,,,,,,,,,,,,,,,,,,,,,,,,,,,,,,,,,,,,,,,,,,,,,,,,,,,,,,,,,,,,,,,,,,,,,,,,,,,,,,,,,,,,,,,,,,,,,,,,,,,,,,,,,,,,,,,,,,,,,,,,,,,,,,,,
NW.9481,5903139948197,,BIT M ceiling light GU10 ES111 white,Svetilka stropna BIT M IP20 bela,00001625,91086973,,kom,94051098,PL,0,,1.02,,0,,0,mm,0,mm,0,mm,,,,,,,,,22,0,,,,,,,,,,,,,,,,,,,,,,,,,,,,,,,,,,,,,,,,,,,,,,,,,,,,,,,,,,,,,,,,,,,,,,,,,,,,,,,,,,,,,,,,,,,,,,,,,,,,,,,,,,,,,,,,,,,,,,,,,,,,,,,,,,,,,,,,,,,,,,,,,,,,,,,,,,,,,,,,,,,,,,,,,,,,,,,,,,,,
NW.9482,5903139948296,svetila_si|svetila_si_en,BIT S ceiling light GU10 ES111 white,Svetilka stropna BIT S IP20 bela,00001625,91086973,,kom,94051098,PL,0,,0.71,,0,,0,mm,0,mm,0,mm,Interior lighting > Downlights > Surfaced mounted,Notranja svetila > Downlights > Nadgradne svetilke,,,22.6,,,,22,0,,,,,//pim.nowodvorski.com/media/files/9482.jpg,,,,,,,,,,,,,,,,GU10 ES111,0,,15W only LED,,,,,,,NW.9482,,,,,,,,,,,,,,,,BIT,,,,,,,,,,,,,,,,,,,,,,,,,,,,,,,,,,,,,,,,50/60,Hz,,,,,,,,,,,,,,,,,,,IP20,,,,,,,,,,,,,,,,,,,,,,,,0,1,1,,9405199000,,11.5,,,cm,,,12.5,,,cm,,,1.8,dm³,12.5,,,cm,,,,,,,,,,,,,,,,,,~220-230,V,,,,,,,
NW.9485,5903139948593,,BIT M ceiling light GU10 ES111 anthracite,Svetilka stropna BIT M IP20 antracit,00001625,91086973,,kom,94051098,PL,0,,1.02,,0,,0,mm,0,mm,0,mm,,,,,,,,,22,0,,,,,,,,,,,,,,,,,,,,,,,,,,,,,,,,,,,,,,,,,,,,,,,,,,,,,,,,,,,,,,,,,,,,,,,,,,,,,,,,,,,,,,,,,,,,,,,,,,,,,,,,,,,,,,,,,,,,,,,,,,,,,,,,,,,,,,,,,,,,,,,,,,,,,,,,,,,,,,,,,,,,,,,,,,,,,,,,,,,,
NW.9486,5903139948692,svetila_si|svetila_si_en,BIT S ceiling light GU10 ES111 anthracite,Svetilka stropna BIT S IP20 antracit,00001625,91086973,,kom,94051098,PL,0,,0.71,,0,,0,mm,0,mm,0,mm,Interior lighting > Downlights > Surfaced mounted,Notranja svetila > Downlights > Nadgradne svetilke,,,22.6,,,,22,0,,,,,//pim.nowodvorski.com/media/files/9486.jpg,,,,,,,,,,,,,,,,GU10 ES111,0,,15W only LED,,,,,,,NW.9486,,,,,,,,,,,,,,,,BIT,,,,,,,,,,,,,,,,,,,,,,,,,,,,,,,,,,,,,,,,50/60,Hz,,,,,,,,,,,,,,,,,,,IP20,,,,,,,,,,,,,,,,,,,,,,,,0,1,1,,9405199000,,11.5,,,cm,,,12.5,,,cm,,,1.8,dm³,12.5,,,cm,,,,,,,,,,,,,,,,,,~220-230,V,,,,,,,
NW.9490,5903139949095,svetila_si|svetila_si_en,KASAI ceiling light E27 chrome/white,Svetilka stropna KASAI IP20 krom,00001625,91086973,,kom,94051098,PL,0,,0.123,,0,,0,mm,0,mm,0,mm,Interior lighting > Ceiling lamps > Plafonds,Notranja svetila > Stropna svetila > Plafonjere,,,,,,,22,0,,,,,//pim.nowodvorski.com/media/files/9490.jpg,,,,,,,,,,,,,,,,E27,0,,10W only LED,,,,,,,NW.9490,,,,,,,,,,,,,,,,KASAI,,,,,,,,,,,,,,,,,,,,,,,,,,,,,,,,,,,,,,,,50/60,Hz,,,,,,,,,,,,,,,,,,,IP20,,,,,,,,,,,,,,,,,,,,,,,,,2,1,,9405199000,,7.5,,,cm,,,32,,,cm,,,7.68,dm³,32,,,cm,,,,,,,,,,,,,,,,,,~220-230,V,,,,,,,
NW.9491,5903139949194,svetila_si|svetila_si_en,KASAI ceiling light E27 satine silver/white,Svetilka stropna KASAI IP20 srebrna,00001625,91086973,,kom,94051098,PL,0,,0,,0,,0,mm,0,mm,0,mm,Interior lighting > Ceiling lamps > Plafonds,Notranja svetila > Stropna svetila > Plafonjere,,,,,,,22,0,,,,,//pim.nowodvorski.com/media/files/9491.jpg,,,,,,,,,,,,,,,,E27,0,,10W only LED,,,,,,,NW.9491,,,,,,,,,,,,,,,,KASAI,,,,,,,,,,,,,,,,,,,,,,,,,,,,,,,,,,,,,,,,50/60,Hz,,,,,,,,,,,,,,,,,,,IP20,,,,,,,,,,,,,,,,,,,,,,,,,2,1,,9405199000,,7.5,,,cm,,,32,,,cm,,,7.68,dm³,32,,,cm,,,,,,,,,,,,,,,,,,~220-230,V,,,,,,,
NW.9495,5903139949590,svetila_si|svetila_si_en,BOX I ceiling light GU10 ES111 black,Svetilka stropna BOX I IP20 črna,00001625,91086973,,kom,94051098,PL,0,,1.32,,0,,0,mm,0,mm,0,mm,Interior lighting > Ceiling lamps > Flush mounted lamps,Notranja svetila > Stropna svetila > Nadgradne svetilke,,,,,,,22,0,,,,,//pim.nowodvorski.com/media/files/9495.jpg,,,,,,,,,,,,,,,,GU10 ES111,0,,15W only LED,,,,,,,NW.9495,,,,,,,,,,,,,,,,BOX,,,,,,,,,,,,,,,,,,,,,,,,,,,,,,,,,,,,,,,,50/60,Hz,,,,,,,,,,,,,,,,,,,IP20,,,,,,,,,,,,,,,,,,,,,,,,,1,1,,9405199000,,21,,,cm,,,21,,,cm,,,9.26,dm³,21,,,cm,,,,,,,,,,,,,,,,,,~220-230,V,,,,,,,
NW.9497,5903139949798,,BOX I ceiling light GU10 ES111 white,Svetilka stropna BOX I IP20 bela,00001625,91086973,,kom,94051098,PL,0,,1.32,,0,,0,mm,0,mm,0,mm,,,,,69.78,,,,22,0,,,,,,,,,,,,,,,,,,,,,,,,,,,,,,,,,,,,,,,,,,,,,,,,,,,,,,,,,,,,,,,,,,,,,,,,,,,,,,,,,,,,,,,,,,,,,,,,,,,,,,,,,,,,,,,,,,,,,,,,,,,,,,,,,,,,,,,,,,,,,,,,,,,,,,,,,,,,,,,,,,,,,,,,,,,,,,,,,,,,
NW.9500,5903139950091,svetila_si|svetila_si_en,BASSA ceiling light LED 18W daily white IP44 chrome/white,LED svetilka stropna BASSA 18W dnevno bela 750lm IP44 krom,00001625,91086973,,kom,94051098,PL,0,,1.67,,0,,0,mm,0,mm,0,mm,Interior lighting > Ceiling lamps > Plafonds,Notranja svetila > Stropna svetila > Plafonjere,,,,,,,22,0,,,,,//pim.nowodvorski.com/media/files/9500.jpg,,,,,,,,,,,,,,,,LED integrated,1,,18W,,,,,,,NW.9500,,,120,°,,,,,,,,,,,,BASSA LED,4000K,,,,,,,,,,,,,≥ 80,,,,,,,,,,,,,,,,,,,,,,,,850,lm,50/60,Hz,,,,,,,,,,,,,,,,,,,IP44,,,,,,,,,,,,,,,20000h,,,,,,,,,0,1,1,,9405119000,,32,,,cm,,,32,,,cm,,,12.8,dm³,12.5,,,cm,,,>0.5,,,,,,,,,,,,,,,~220-230,V,,,,,,,
NW.9501,5903139950190,svetila_si|svetila_si_en,MALAKKA ceiling light LED 18W daily white IP44 white/chrome,LED svetilka stropna MALAKKA 18W dnevno bela 940lm IP44 krom,00001625,91086973,,kom,94051098,PL,0,,1.88,,0,,0,mm,0,mm,0,mm,Interior lighting > Ceiling lamps > Plafonds,Notranja svetila > Stropna svetila > Plafonjere,,,,,,,22,0,,,,,//pim.nowodvorski.com/media/files/9501.jpg,,,,,,,,,,,,,,,,LED integrated,1,,18W,,,,,,,NW.9501,,,120,°,,,,,,,,,,,,MALAKKA LED,4000K,,,,,,,,,,,,,≥ 80,,,,,,,,,,,,,,,,,,,,,,,,940,lm,50/60,Hz,,,,,,,,,,,,,,,,,,,IP44,,,,,,,,,,,,,,,20000h,,,,,,,,,,,1,,9405119000,,34.5,,,cm,,,34.5,,,cm,,,15.47,dm³,13,,,cm,,,>0.5,,,,,,,,,,,,,,,~220-230,V,,,,,,,
NW.9502,5903139950299,,KAGERA L L wall light LED 24W daily white IP44 chrome/white,LED svetilka stenska KAGERA L 24W dnevno bela 1380lm IP44 krom,00001625,91086973,,kom,94051098,PL,0,,2.11,,0,,0,mm,0,mm,0,mm,,,,,,,,,22,0,,,,,,,,,,,,,,,,,,,,,,,,,,,,,,,,,,,,,,,,,,,,,,,,,,,,,,,,,,,,,,,,,,,,,,,,,,,,,,,,,,,,,,,,,,,,,,,,,,,,,,,,,,,,,,,,,,,,,,,,,,,,,,,,,,,,,,,,,,,,,,,,,,,,,,,,,,,,,,,,,,,,,,,,,,,,,,,,,,,,
NW.9503,5903139950398,,KAGERA M M wall light LED 18W daily white IP44 chrome/white,LED svetilka stenska KAGERA M 18W dnevno bela 1000lm IP44 krom,00001625,91086973,,kom,94051098,PL,0,,1.42,,0,,0,mm,0,mm,0,mm,,,,,,,,,22,0,,,,,,,,,,,,,,,,,,,,,,,,,,,,,,,,,,,,,,,,,,,,,,,,,,,,,,,,,,,,,,,,,,,,,,,,,,,,,,,,,,,,,,,,,,,,,,,,,,,,,,,,,,,,,,,,,,,,,,,,,,,,,,,,,,,,,,,,,,,,,,,,,,,,,,,,,,,,,,,,,,,,,,,,,,,,,,,,,,,,
NW.9505,5903139950596,svetila_si|svetila_si_en,CAYO ceiling light G9 IP44 white/chrome,Svetilka stropna CAYO IP44 krom,00001625,91086973,,kom,94051098,PL,0,,0.44,,0,,0,mm,0,mm,0,mm,Interior lighting > Ceiling lamps > Flush mounted lamps,Notranja svetila > Stropna svetila > Nadgradne svetilke,,,38.97,,,,22,0,,,,,//pim.nowodvorski.com/media/files/9505.jpg,,,,,,,,,,,,,,,,G9,0,,10W only LED,,,,,,,NW.9505,,,,,,,,,,,,,,,,CAYO,,,,,,,,,,,,,,,,,,,,,,,,,,,,,,,,,,,,,,,,50/60,Hz,,,,,,,,,,,,,,,,,,,IP44,,,,,,,,,,,,,,,,,,,,,,,,,1,1,,9405199000,,17.5,,,cm,,,15,,,cm,,,3.94,dm³,15,,,cm,,,,,,,,,,,,,,,,,,~220-230,V,,,,,,,
NW.9506,5903139950695,,SIS ceiling light G9 IP44 white/chrome,Svetilka stropna SIS IP44 krom,00001625,91086973,,kom,94051098,PL,0,,0.5,,0,,0,mm,0,mm,0,mm,,,,,,,,,22,0,,,,,,,,,,,,,,,,,,,,,,,,,,,,,,,,,,,,,,,,,,,,,,,,,,,,,,,,,,,,,,,,,,,,,,,,,,,,,,,,,,,,,,,,,,,,,,,,,,,,,,,,,,,,,,,,,,,,,,,,,,,,,,,,,,,,,,,,,,,,,,,,,,,,,,,,,,,,,,,,,,,,,,,,,,,,,,,,,,,,
NW.9507,5903139950794,svetila_si|svetila_si_en,MONTERREY floor light LED 9W warm white IP54 black,LED svetilka zunanja MONTERREY 9W toplo bela 410lm IP54 siva,00001625,91086973,,kom,94051098,PL,0,,1.72,,0,,0,mm,0,mm,0,mm,Outdoor lighting > Standing lamps,Zunanja svetila > Stoječa svetila,,,90.41,,,,22,0,,,,,//pim.nowodvorski.com/media/files/9507.jpg,,,,,,,,,,,,,,,,LED integrated,1,,9W,,,,,,,NW.9507,,,40,°,,,,,,,,,,,,MONTERREY LED,3000K,,,,,,,,,,,,,≥ 80,,,,,,,,,,,,,,,,,,,,,,,,410,lm,50/60,Hz,,,,,,,,,,,,,,,,,,,IP54,,,,,,,,,,,,,,,10000h,,,,,,,,,,,1,,9405219000,,65,,,cm,,,16,,,cm,,,9.77,dm³,16,,,cm,,,>0.8,,,,,,,,,,,,,,,~220-230,V,,,,,,,
NW.9508,5903139950893,svetila_si|svetila_si_en,TEPIC floor light LED 9W warm white IP54 black,LED svetilka zunanja TEPIC 9W toplo bela 395lm IP54 siva,00001625,91086973,,kom,94051098,PL,0,,1.3,,0,,0,mm,0,mm,0,mm,Outdoor lighting > Standing lamps,Zunanja svetila > Stoječa svetila,,,94.66,,,,22,0,,,,,//pim.nowodvorski.com/media/files/9508.jpg,,,,,,,,,,,,,,,,LED integrated,1,,9W,,,,,,,NW.9508,,,30,°,,,,,,,,,,,,TEPIC LED,3000K,,,,,,,,,,,,,≥ 80,,,,,,,,,,,,,,,,,,,,,,,,395,lm,50/60,Hz,,,,,,,,,,,,,,,,,,,IP54,,,,,,,,,,,,,,,10000h,,,,,,,,,,,1,,9405219000,,43.5,,,cm,,,10,,,cm,,,4.35,dm³,10,,,cm,,,>0.8,,,,,,,,,,,,,,,~220-230,V,,,,,,,WATERPROOF CONNECTOR 8845
NW.9510,5903139951098,,LIMA wall light LED 6W warm white IP54 white,LED svetilka zunanja LIMA 6W toplo bela 360lm IP54 bela,00001625,91086973,,kom,94051098,PL,0,,0.59,,0,,0,mm,0,mm,0,mm,,,,,,,,,22,0,,,,,,,,,,,,,,,,,,,,,,,,,,,,,,,,,,,,,,,,,,,,,,,,,,,,,,,,,,,,,,,,,,,,,,,,,,,,,,,,,,,,,,,,,,,,,,,,,,,,,,,,,,,,,,,,,,,,,,,,,,,,,,,,,,,,,,,,,,,,,,,,,,,,,,,,,,,,,,,,,,,,,,,,,,,,,,,,,,,,
NW.9513,5903139951395,svetila_si|svetila_si_en,PUEBLA ceiling light LED 12W warm white IP54 anthracite/white,LED svetilka zunanja PUEBLA 12W toplo bela 538lm IP54 siva,00001625,91086973,,kom,94051098,PL,0,,0.96,,0,,0,mm,0,mm,0,mm,Outdoor lighting > Ceiling lamps > Plafonds,Zunanja svetila > Stropna svetila > Plafonjere,,,,,,,22,0,,,,,//pim.nowodvorski.com/media/files/9513.jpg,,,,,,,,,,,,,,,,LED integrated,1,,12W,,,,,,,NW.9513,,,110,°,,,,,,,,,,,,PUEBLA LED,3000K,,,,,,,,,,,,,≥ 80,,,,,,,,,,,,,,,,,,,,,,,,540,lm,50/60,Hz,,,,,,,,,,,,,,,,,,,IP54,,,,,,,,,,,,,,,20000h,,,,,,,,,,,1,,9405119000,,5.5,,,cm,,,21,,,cm,,,2.43,dm³,21,,,cm,,,>0.9,,,,,,,,,,,,,,,~220-230,V,,,,,,,
NW.9514,5903139951494,svetila_si|svetila_si_en,MERIDA ceiling light LED 12W warm white IP54 anthracite/white,LED svetilka zunanja MERIDA 12W toplo bela 538lm IP54 siva,00001625,91086973,,kom,94051098,PL,0,,0.81,,0,,0,mm,0,mm,0,mm,Outdoor lighting > Ceiling lamps > Plafonds,Zunanja svetila > Stropna svetila > Plafonjere,,,88.45,,,,22,0,,,,,//pim.nowodvorski.com/media/files/9514.jpg,,,,,,,,,,,,,,,,LED integrated,1,,12W,,,,,,,NW.9514,,,110,°,,,,,,,,,,,,MERIDA LED,3000K,,,,,,,,,,,,,≥ 80,,,,,,,,,,,,,,,,,,,,,,,,540,lm,50/60,Hz,,,,,,,,,,,,,,,,,,,IP54,,,,,,,,,,,,,,,20000h,,,,,,,,,,,1,,9405119000,,5.5,,,cm,,,21,,,cm,,,2.43,dm³,21,,,cm,,,>0.9,,,,,,,,,,,,,,,~220-230,V,,,,,,,
NW.9515,5903139951593,svetila_si|svetila_si_en,ARRIS II wall light GU10 IP54 oval silver/transparent,Svetilka zunanja ARRIS II IP54 srebrna,00001625,91086973,,kom,94051098,PL,0,,0.41,,0,,0,mm,0,mm,0,mm,Outdoor lighting > Stenska svetila > Surface mounted,Zunanja svetila > Stenska svetila > Nadgradne svetilke,,,,,,,22,0,,,,,//pim.nowodvorski.com/media/files/9515.jpg,,,,,,,,,,,,,,,,GU10 R50,0,,2x10W,,,,,,,NW.9515,,,,,,,,,,,,,,,,ARRIS,,,,,,,,,,,,,,,,,,,,,,,,,,,,,9.5,cm,,,,,,,,,,50/60,Hz,,,,,,,,,,,,,,,,,,,IP54,,,,,,,,,,,,,,,,,,,,,,,,,2,1,,9405199000,,16,,,cm,,,11,,,cm,,,1.5,dm³,8.5,,,cm,,,,,,,,,,,,,,,,,,~220-230,V,,,,,,,
NW.9516,5903139951692,svetila_si|svetila_si_en,ARRIS I wall light GU10 IP54 oval silver/transparent,Svetilka zunanja ARRIS I IP54 srebrna,00001625,91086973,,kom,94051098,PL,0,,0.31,,0,,0,mm,0,mm,0,mm,Outdoor lighting > Stenska svetila > Surface mounted,Zunanja svetila > Stenska svetila > Nadgradne svetilke,,,,,,,22,0,,,,,//pim.nowodvorski.com/media/files/9516.jpg,,,,,,,,,,,,,,,,GU10 R50,0,,10W only LED,,,,,,,NW.9516,,,,,,,,,,,,,,,,ARRIS,,,,,,,,,,,,,,,,,,,,,,,,,,,,,9.8,cm,,,,,,,,,,50/60,Hz,,,,,,,,,,,,,,,,,,,IP54,,,,,,,,,,,,,,,,,,,,,,,,,1,1,,9405199000,,9,,,cm,,,11,,,cm,,,0.84,dm³,8.5,,,cm,,,,,,,,,,,,,,,,,,~220-230,V,,,,,,,
NW.9517,5903139951791,svetila_si|svetila_si_en,NICO II wall light GU10 IP54 oval anthracite,Svetilka zunanja NICO II IP54 siva,00001625,91086973,,kom,94051098,PL,0,,0.41,,0,,0,mm,0,mm,0,mm,Outdoor lighting > Stenska svetila > Surface mounted,Zunanja svetila > Stenska svetila > Nadgradne svetilke,,,,,,,22,0,,,,,//pim.nowodvorski.com/media/files/9517.jpg,,,,,,,,,,,,,,,,GU10 R50,0,,10W only LED,,,,,,,NW.9517,,,,,,,,,,,,,,,,NICO,,,,,,,,,,,,,,,,,,,,,,,,,,,,,9.5,cm,,,,,,,,,,50/60,Hz,,,,,,,,,,,,,,,,,,,IP54,,,,,,,,,,,,,,,,,,,,,,,,,2,1,,9405199000,,16,,,cm,,,11,,,cm,,,1.5,dm³,8.5,,,cm,,,,,,,,,,,,,,,,,,~220-230,V,,,,,,,
NW.9518,5903139951890,svetila_si|svetila_si_en,NICO I wall light GU10 IP54 oval anthracite,Svetilka zunanja NICO I IP54 siva (R5),00001625,91086973,,kom,94051098,PL,0,,0.31,,0,,0,mm,0,mm,0,mm,Outdoor lighting > Stenska svetila > Surface mounted,Zunanja svetila > Stenska svetila > Nadgradne svetilke,,,,,,,22,0,,,,,//pim.nowodvorski.com/media/files/9518.jpg,,,,,,,,,,,,,,,,GU10 R50,0,,10W only LED,,,,,,,NW.9518,,,,,,,,,,,,,,,,NICO,,,,,,,,,,,,,,,,,,,,,,,,,,,,,9.8,cm,,,,,,,,,,50/60,Hz,,,,,,,,,,,,,,,,,,,IP54,,,,,,,,,,,,,,,,,,,,,,,,,1,1,,9405199000,,9,,,cm,,,11,,,cm,,,0.84,dm³,8.5,,,cm,,,,,,,,,,,,,,,,,,~220-230,V,,,,,,,
NW.9551,5903139955195,svetila_si|svetila_si_en,PRIMM wall light GU10 IP54 rectangular anthracite,Svetilka zunanja PRIMM IP54 siva,00001625,91086973,,kom,94051098,PL,0,,0.55,,0,,0,mm,0,mm,0,mm,Outdoor lighting > Stenska svetila > Surface mounted,Zunanja svetila > Stenska svetila > Nadgradne svetilke,,,28.83,,,,22,0,,,,,//pim.nowodvorski.com/media/files/9551.jpg,,,,,,,,,,,,,,,,GU10 R50,0,,10W only LED,,,,,,,NW.9551,,,,,,,,,,,,,,,,PRIMM,,,,,,,,,,,,,,,,,,,,,,,,,,,,,9.5-11.5,cm,,,,,,,,,,50/60,Hz,,,,,,,,,,,,,,,,,,,IP54,,,,,,,,,,,,,,,,,,,,,,,,,1,1,,9405199000,,11,,,cm,,,11,,,cm,,,0.91,dm³,7.5,,,cm,,,,,,,,,,,,,,,,,,~220-230,V,,,,,,,
NW.9552,5903139955294,,FALLON wall light GU10 IP54 anthracite,Svetilka zunanja FALLON IP54 siva,00001625,91086973,,kom,94051091,PL,0,,0.45,,0,,0,mm,0,mm,0,mm,,,,,,,,,22,0,,,,,,,,,,,,,,,,,,,,,,,,,,,,,,,,,,,,,,,,,,,,,,,,,,,,,,,,,,,,,,,,,,,,,,,,,,,,,,,,,,,,,,,,,,,,,,,,,,,,,,,,,,,,,,,,,,,,,,,,,,,,,,,,,,,,,,,,,,,,,,,,,,,,,,,,,,,,,,,,,,,,,,,,,,,,,,,,,,,,
NW.9554,5903139955492,svetila_si|svetila_si_en,PAOLI floor light GU10 IP67 round silver,Svetilka zunanja vgradna PAOLI IP67 srebrna,00001625,91086973,,kom,94051098,PL,0,,0.58,,0,,0,mm,0,mm,0,mm,Outdoor lighting > Overrun lamps,Zunanja svetila > Pohodne svetilke,,,38.97,,,,22,0,,,,,//pim.nowodvorski.com/media/files/9554.jpg,,,,,,,,,,,,,,,,GU10 R50,0,,10W only LED,,,,,,,NW.9554,,,,,,,,,,,,,,,,PAOLI,,,,,,,,,,,,,,,,,,,,,,,,,,,,,,,,,,,,,,,,50/60,Hz,,,,,,,,,,,,10,cm,,,,,,IP67,,,,,,,,,,,,,,,,,,,,,,,,,1,1,,9405299000,,15,,,cm,,,11.5,,,cm,,,1.98,dm³,11.5,,,cm,,,,,,,,,,,,,,,,,,~220-230,V,,,,,,,
NW.9555,5903139955591,svetila_si|svetila_si_en,SOUL I wall light GU10 IP44 round anthracite,Svetilka zunanja SOUL I IP44 antracit,00001625,91086973,,kom,94051098,PL,0,,0.33,,0,,0,mm,0,mm,0,mm,Outdoor lighting > Stenska svetila > Surface mounted,Zunanja svetila > Stenska svetila > Nadgradne svetilke,,,26.86,,,,22,0,,,,,//pim.nowodvorski.com/media/files/9555.jpg,,,,,,,,,,,,,,,,GU10 R50,0,,10W only LED,,,,,,,NW.9555,,,,,,,,,,,,,,,,SOUL,,,,,,,,,,,,,,,,,,,,,,,,,,,,,14.7,cm,,,,,,,,,,50/60,Hz,,,,,,,,,,,,,,,,,,,IP44,,,,,,,,,,,,,,,,,,,,,,,,,1,1,,9405199000,,10.6,,,cm,,,15.3,,,cm,,,1.99,dm³,12.3,,,cm,,,,,,,,,,,,,,,,,,~220-230,V,,,,,,,
NW.9557,5903139955799,svetila_si|svetila_si_en,SOUL I floor light GU10 IP44 stick-like anthracite,Svetilka zunanja SOUL I IP44 antracit,00001625,91086973,,kom,94051098,PL,0,,2.2,,0,,0,mm,0,mm,0,mm,Outdoor lighting > Standing lamps,Zunanja svetila > Stoječa svetila,,,,,,,22,0,,,,,//pim.nowodvorski.com/media/files/9557.jpg,,,,,,,,,,,,,,,,GU10 R50,0,,10W only LED,,,,,,,NW.9557,,,,,,,,,,,,,,,,SOUL,,,,,,,,,,,,,,,,,,,,,,,,,,,,,,,,,,,,,,,,50/60,Hz,,,,,,,,,,,,,,,,,,,IP44,,,,,,,,,,,,,,,,,,,,,,,,,1,1,,9405299000,,102.8,,,cm,,,22.7,,,cm,,,30.34,dm³,13,,,cm,,,,,,,,,,,,,,,,,,~220-230,V,,,,,,,
NW.9561,5903139956192,svetila_si|svetila_si_en,OTTAWA floor light GU10 IP44 anthracite,"Svetilka dekorativna  ""OTTAWA GRAPHITE""",00001625,91086973,,kom,94051098,PL,0,,0.64,,0,,0,mm,0,mm,0,mm,Outdoor lighting > Ground lights,Zunanja svetila > Talna svetila,,,,,,,22,0,,,,,//pim.nowodvorski.com/media/files/9561.jpg,,,,,,,,,,,,,,,,GU10 R50,0,,10W only LED,,,,,,,NW.9561,,,,,,,,,,,,,,,,OTTAWA,,,,,,,,,,,,,,,,,,,,,,,,,,,,,,,,,,,,,,,,50/60,Hz,,,,,,,,,,,,,,,,,,,IP44,,,,,,,,,,,,,,,,,,,,,,,,,1,1,,9405299000,,59.2,,,cm,,,8.1,,,cm,,,3.88,dm³,8.1,,,cm,,,,,,,,,,,,,,,,,,~220-230,V,,,,,,,
NW.9562,5903139956291,svetila_si|svetila_si_en,OTTAWA I wall light GU10 IP44 anthracite,"Svetilka dekorativna  ""OTTAWA GRAPHITE I kinkiet""",00001625,91086973,,kom,94051098,PL,0,,0.47,,0,,0,mm,0,mm,0,mm,Outdoor lighting > Stenska svetila > Surface mounted,Zunanja svetila > Stenska svetila > Nadgradne svetilke,,,,,,,22,0,,,,,//pim.nowodvorski.com/media/files/9562.jpg,,,,,,,,,,,,,,,,GU10 R50,0,,10W only LED,,,,,,,NW.9562,,,,,,,,,,,,,,,,OTTAWA,,,,,,,,,,,,,,,,,,,,,,,,,,,,,26 - 43.5,cm,,,,,,,,,,50/60,Hz,,,,,,,,,,,,,,,,,,,IP44,,,,,,,,,,,,,,,,,,,,,,,,,1,1,,9405199000,,44.5,,,cm,,,10.6,,,cm,,,5.00,dm³,10.6,,,cm,,,,,,,,,,,,,,,,,,~220-230,V,,,,,,,
NW.9563,5903139956390,svetila_si|svetila_si_en,OTTAWA I floor light GU10 IP44 anthracite,"Svetilka dekorativna  ""OTTAWA GRAPHITE I stojąca""",00001625,91086973,,kom,94051098,PL,0,,0.75,,0,,0,mm,0,mm,0,mm,Outdoor lighting > Standing lamps,Zunanja svetila > Stoječa svetila,,,,,,,22,0,,,,,//pim.nowodvorski.com/media/files/9563.jpg,,,,,,,,,,,,,,,,GU10 R50,0,,10W only LED,,,,,,,NW.9563,,,,,,,,,,,,,,,,OTTAWA,,,,,,,,,,,,,,,,,,,,,,,,,,,,,,,,,,,,,,,,50/60,Hz,,,,,,,,,,,,,,,,,,,IP44,,,,,,,,,,,,,,,,,,,,,,,,,1,1,,9405299000,,101,,,cm,,,10.6,,,cm,,,11.35,dm³,10.6,,,cm,,,,,,,,,,,,,,,,,,~220-230,V,,,,,,,
NW.9564,5903139956499,svetila_si|svetila_si_en,HEXA ceiling light GU10 IP44 white,Svetilka zunanja HEXA IP44 bela,00001625,91086973,,kom,94051098,PL,0,,0.35,,0,,0,mm,0,mm,0,mm,Outdoor lighting > Ceiling lamps > Plafonds,Zunanja svetila > Stropna svetila > Plafonjere,,,41.27,,,,22,0,,,,,//pim.nowodvorski.com/media/files/9564.jpg,,,,,,,,,,,,,,,,GU10 R50,0,,10W only LED,,,,,,,NW.9564,,,,,,,,,,,,,,,,HEXA,,,,,,,,,,,,,,,,,,,,,,,,,,,,,,,,,,,,,,,,50/60,Hz,,,,,,,,,,,,,,,,,,,IP44,,,,,,,,,,,,,,,,,,,,,,,,,1,1,,9405199000,,11,,,cm,,,11.8,,,cm,,,1.53,dm³,11.8,,,cm,,,,,,,,,,,,,,,,,,~220-230,V,,,,,,,
NW.9565,5903139956598,svetila_si|svetila_si_en,HEXA ceiling light GU10 IP44 anthracite,Svetilka zunanja HEXA IP44 antracit,00001625,91086973,,kom,94051098,PL,0,,0.35,,0,,0,mm,0,mm,0,mm,Outdoor lighting > Ceiling lamps > Plafonds,Zunanja svetila > Stropna svetila > Plafonjere,,,,,,,22,0,,,,,//pim.nowodvorski.com/media/files/9565.jpg,,,,,,,,,,,,,,,,GU10 R50,0,,10W only LED,,,,,,,NW.9565,,,,,,,,,,,,,,,,HEXA,,,,,,,,,,,,,,,,,,,,,,,,,,,,,,,,,,,,,,,,50/60,Hz,,,,,,,,,,,,,,,,,,,IP44,,,,,,,,,,,,,,,,,,,,,,,,,1,1,,9405199000,,11,,,cm,,,11.8,,,cm,,,1.53,dm³,11.8,,,cm,,,,,,,,,,,,,,,,,,~220-230,V,,,,,,,
NW.9570,5903139957090,svetila_si|svetila_si_en,DOWNLIGHT II ceiling light GU10 ES111 black,Svetilka stropna vgradna DOWNLIGHT II IP20 črna,00001625,91086973,,kom,94051098,PL,0,,1.01,,0,,0,mm,0,mm,0,mm,Interior lighting > Downlights > Recessed mounted,Notranja svetila > Downlights > Vgradne svetilke,,,,,,,22,0,,,,,//pim.nowodvorski.com/media/files/9570.jpg,,,,,,,,,,,,,,,,GU10 ES111,0,,15W only LED,,,,,,,NW.9570,,,,,,,,,,,,,,,,DOWNLIGHT,,,,,,,,,,,,,,,,,,,,,,,,,,,,,,,,,,,,,,,,50/60,Hz,,,,,,,,,,,,32x16.5,cm,,,,,,IP20,,,,,,,,,,,,,,,,,,,,,,,,,2,1,,9405199000,,13.5,,,cm,,,37,,,cm,,,9.74,dm³,19.5,,,cm,,,,,,,,,,,,,,,,,,~220-230,V,,,,,,,
NW.9571,5903139957199,svetila_si|svetila_si_en,DOWNLIGHT I ceiling light GU10 ES111 black,Svetilka stropna vgradna DOWNLIGHT I IP20 črna,00001625,91086973,,kom,94051098,PL,0,,0.55,,0,,0,mm,0,mm,0,mm,Interior lighting > Downlights > Recessed mounted,Notranja svetila > Downlights > Vgradne svetilke,,,,,,,22,0,,,,,//pim.nowodvorski.com/media/files/9571.jpg,,,,,,,,,,,,,,,,GU10 ES111,0,,15W only LED,,,,,,,NW.9571,,,,,,,,,,,,,,,,DOWNLIGHT,,,,,,,,,,,,,,,,,,,,,,,,,,,,,,,,,,,,,,,,50/60,Hz,,,,,,,,,,,,16.5x16.5,cm,,,,,,IP20,,,,,,,,,,,,,,,,,,,,,,,,,1,1,,9405199000,,13.5,,,cm,,,19.5,,,cm,,,5.13,dm³,19.5,,,cm,,,,,,,,,,,,,,,,,,~220-230,V,,,,,,,
NW.9574,5903139957496,svetila_si|svetila_si_en,DOWNLIGHT II ceiling light GU10 ES111 white,Svetilka stropna vgradna DOWNLIGHT II IP20 bela,00001625,91086973,,kom,94051098,PL,0,,1.01,,0,,0,mm,0,mm,0,mm,Interior lighting > Downlights > Recessed mounted,Notranja svetila > Downlights > Vgradne svetilke,,,50.46,,,,22,0,,,,,//pim.nowodvorski.com/media/files/9574.jpg,,,,,,,,,,,,,,,,GU10 ES111,0,,15W only LED,,,,,,,NW.9574,,,,,,,,,,,,,,,,DOWNLIGHT,,,,,,,,,,,,,,,,,,,,,,,,,,,,,,,,,,,,,,,,50/60,Hz,,,,,,,,,,,,32x16.5,cm,,,,,,IP20,,,,,,,,,,,,,,,,,,,,,,,,,2,1,,9405199000,,13.5,,,cm,,,37,,,cm,,,9.74,dm³,19.5,,,cm,,,,,,,,,,,,,,,,,,~220-230,V,,,,,,,
NW.9575,5903139957595,svetila_si|svetila_si_en,DOWNLIGHT I ceiling light GU10 ES111 white,Svetilka stropna vgradna DOWNLIGHT I IP20 bela,00001625,91086973,,kom,94051098,PL,0,,0.55,,0,,0,mm,0,mm,0,mm,Interior lighting > Downlights > Recessed mounted,Notranja svetila > Downlights > Vgradne svetilke,,,,,,,22,0,,,,,//pim.nowodvorski.com/media/files/9575.jpg,,,,,,,,,,,,,,,,GU10 ES111,0,,15W only LED,,,,,,,NW.9575,,,,,,,,,,,,,,,,DOWNLIGHT,,,,,,,,,,,,,,,,,,,,,,,,,,,,,,,,,,,,,,,,50/60,Hz,,,,,,,,,,,,16.5x16.5,cm,,,,,,IP20,,,,,,,,,,,,,,,,,,,,,,,,,1,1,,9405199000,,13.5,,,cm,,,19.5,,,cm,,,5.13,dm³,19.5,,,cm,,,,,,,,,,,,,,,,,,~220-230,V,,,,,,,
NW.9592,5903139959292,svetila_si|svetila_si_en,VESPA III ceiling light GU10 ES111 white,Svetilka stropna VESPA III IP20 bela,00001625,91086973,,kom,94051098,PL,0,,1.32,,0,,0,mm,0,mm,0,mm,Interior lighting > Spotlights and spots,Notranja svetila > Reflektorska svetila,,,,,,,22,0,,,,,//pim.nowodvorski.com/media/files/9592.jpg,,,,,,,,,,,,,,,,GU10 ES111,0,,15W only LED,,,,,,,NW.9592,,,,,,,,,,,,,,,,VESPA,,,,,,,,,,,,,,,,,,,,,,,,,,,,,,,,,,,,,,,,50/60,Hz,,,,,,,,11,cm,,,,,,,,,,IP20,,,,,,,,,,,,,,,,,,,,,,,,2,3,1,,9405199000,,22.5,,,cm,,,51,,,cm,,,17.79,dm³,15.5,,,cm,,,,,1/2,,,50,cm,,,,,,,,,~220-230,V,,,11.4,cm,,,
NW.9593,5903139959391,svetila_si|svetila_si_en,VESPA II ceiling light GU10 ES111 white,Svetilka stropna VESPA II IP20 bela,00001625,91086973,,kom,94051098,PL,0,,1.22,,0,,0,mm,0,mm,0,mm,Interior lighting > Spotlights and spots,Notranja svetila > Reflektorska svetila,,,,,,,22,0,,,,,//pim.nowodvorski.com/media/files/9593.jpg,,,,,,,,,,,,,,,,GU10 ES111,0,,15W only LED,,,,,,,NW.9593,,,,,,,,,,,,,,,,VESPA,,,,,,,,,,,,,,,,,,,,,,,,,,,,,,,,,,,,,,,,50/60,Hz,,,,,,,,10,cm,,,,,,,,,,IP20,,,,,,,,,,,,,,,,,,,,,,,,1,2,1,,9405199000,,17.5,,,cm,,,31.5,,,cm,,,10.47,dm³,19,,,cm,,,,,,,,30,cm,,,,,,,,,~220-230,V,,,11.4,cm,,,
NW.9594,5903139959490,svetila_si|svetila_si_en,VESPA I ceiling light GU10 ES111 white,Svetilka stropna VESPA I IP20 bela,00001625,91086973,,kom,94051098,PL,0,,0.38,,0,,0,mm,0,mm,0,mm,Interior lighting > Spotlights and spots,Notranja svetila > Reflektorska svetila,,,,,,,22,0,,,,,//pim.nowodvorski.com/media/files/9594.jpg,,,,,,,,,,,,,,,,GU10 ES111,0,,15W only LED,,,,,,,NW.9594,,,,,,,,,,,,,,,,VESPA,,,,,,,,,,,,,,,,,,,,,,,,,,,,,,,,,,,,,,,,50/60,Hz,,,,,,,,9,cm,,,,,,,,,,IP20,,,,,,,,,,,,,,,,,,,,,,,,0,1,1,,9405199000,,15.5,,,cm,,,22.5,,,cm,,,4.88,dm³,14,,,cm,,,,,,,,11.5,cm,,,,,,,,,~220-230,V,,,11.4,cm,,,
NW.9595,5903139959599,svetila_si|svetila_si_en,VESPA VI ceiling light GU10 ES111 white,Svetilka stropna VESPA VI IP20 bela,00001625,91086973,,kom,94051098,PL,0,,4.4,,0,,0,mm,0,mm,0,mm,Interior lighting > Spotlights and spots,Notranja svetila > Reflektorska svetila,,,,,,,22,0,,,,,//pim.nowodvorski.com/media/files/9595.jpg,,,,,,,,,,,,,,,,GU10 ES111,0,,15W only LED,,,,,,,NW.9595,,,,,,,,,,,,,,,,VESPA,,,,,,,,,,,,,,,,,,,,,,,,,,,,,,,,,,,,,,,,50/60,Hz,,,,,,,,12,cm,,,,,,,,,,IP20,,,,,,,,,,,,,,,,,,,,,,,,2,6,1,,9405199000,,14,,,cm,,,154,,,cm,,,36.65,dm³,17,,,cm,,,,,3/3,,,150,cm,,,,,,,,,~220-230,V,,,11.4,cm,,,
NW.9596,5903139959698,,CROSS III ceiling light GU10 ES111 anthracite/white,Svetilka stropna CROSS III IP20 antracit,00001625,91086973,,kom,94051098,PL,0,,2.06,,0,,0,mm,0,mm,0,mm,,,,,,,,,22,0,,,,,,,,,,,,,,,,,,,,,,,,,,,,,,,,,,,,,,,,,,,,,,,,,,,,,,,,,,,,,,,,,,,,,,,,,,,,,,,,,,,,,,,,,,,,,,,,,,,,,,,,,,,,,,,,,,,,,,,,,,,,,,,,,,,,,,,,,,,,,,,,,,,,,,,,,,,,,,,,,,,,,,,,,,,,,,,,,,,,
NW.9597,5903139959797,,CROSS II ceiling light GU10 ES111 anthracite/white,Svetilka stropna CROSS II IP20 antracit,00001625,91086973,,kom,94051098,PL,0,,1.24,,0,,0,mm,0,mm,0,mm,,,,,,,,,22,0,,,,,,,,,,,,,,,,,,,,,,,,,,,,,,,,,,,,,,,,,,,,,,,,,,,,,,,,,,,,,,,,,,,,,,,,,,,,,,,,,,,,,,,,,,,,,,,,,,,,,,,,,,,,,,,,,,,,,,,,,,,,,,,,,,,,,,,,,,,,,,,,,,,,,,,,,,,,,,,,,,,,,,,,,,,,,,,,,,,,
NW.9598,5903139959896,,CROSS I ceiling light GU10 ES111 anthracite/white,Svetilka stropna CROSS I IP20 antracit,00001625,91086973,,kom,94051098,PL,0,,0.58,,0,,0,mm,0,mm,0,mm,,,,,,,,,22,0,,,,,,,,,,,,,,,,,,,,,,,,,,,,,,,,,,,,,,,,,,,,,,,,,,,,,,,,,,,,,,,,,,,,,,,,,,,,,,,,,,,,,,,,,,,,,,,,,,,,,,,,,,,,,,,,,,,,,,,,,,,,,,,,,,,,,,,,,,,,,,,,,,,,,,,,,,,,,,,,,,,,,,,,,,,,,,,,,,,,
NW.9600,5903139960090,,CROSS V ceiling light GU10 ES111 anthracite/white,Svetilka stropna CROSS V IP20 antracit,00001625,91086973,,kom,94051098,PL,0,,3.38,,0,,0,mm,0,mm,0,mm,,,,,134.17,,,,22,0,,,,,,,,,,,,,,,,,,,,,,,,,,,,,,,,,,,,,,,,,,,,,,,,,,,,,,,,,,,,,,,,,,,,,,,,,,,,,,,,,,,,,,,,,,,,,,,,,,,,,,,,,,,,,,,,,,,,,,,,,,,,,,,,,,,,,,,,,,,,,,,,,,,,,,,,,,,,,,,,,,,,,,,,,,,,,,,,,,,,
NW.9601,5903139960199,,CROSS III ceiling light GU10 ES111 white/anthracite,Svetilka stropna CROSS III IP20 bela,00001625,91086973,,kom,94051098,PL,0,,2.06,,0,,0,mm,0,mm,0,mm,,,,,,,,,22,0,,,,,,,,,,,,,,,,,,,,,,,,,,,,,,,,,,,,,,,,,,,,,,,,,,,,,,,,,,,,,,,,,,,,,,,,,,,,,,,,,,,,,,,,,,,,,,,,,,,,,,,,,,,,,,,,,,,,,,,,,,,,,,,,,,,,,,,,,,,,,,,,,,,,,,,,,,,,,,,,,,,,,,,,,,,,,,,,,,,,
NW.9602,5903139960298,,CROSS II ceiling light GU10 ES111 white/anthracite,Svetilka stropna CROSS II IP20 bela,00001625,91086973,,kom,94051091,PL,0,,1.24,,0,,0,mm,0,mm,0,mm,,,,,,,,,22,0,,,,,,,,,,,,,,,,,,,,,,,,,,,,,,,,,,,,,,,,,,,,,,,,,,,,,,,,,,,,,,,,,,,,,,,,,,,,,,,,,,,,,,,,,,,,,,,,,,,,,,,,,,,,,,,,,,,,,,,,,,,,,,,,,,,,,,,,,,,,,,,,,,,,,,,,,,,,,,,,,,,,,,,,,,,,,,,,,,,,
NW.9603,5903139960397,,CROSS I ceiling light GU10 ES111 white/anthracite,Svetilka stropna CROSS I IP20 bela,00001625,91086973,,kom,94051098,PL,0,,0.58,,0,,0,mm,0,mm,0,mm,,,,,,,,,22,0,,,,,,,,,,,,,,,,,,,,,,,,,,,,,,,,,,,,,,,,,,,,,,,,,,,,,,,,,,,,,,,,,,,,,,,,,,,,,,,,,,,,,,,,,,,,,,,,,,,,,,,,,,,,,,,,,,,,,,,,,,,,,,,,,,,,,,,,,,,,,,,,,,,,,,,,,,,,,,,,,,,,,,,,,,,,,,,,,,,,
NW.9604,5903139960496,,CROSS V ceiling light GU10 ES111 white/anthracite,Svetilka stropna CROSS V IP20 bela,00001625,91086973,,kom,94051098,PL,0,,3.38,,0,,0,mm,0,mm,0,mm,,,,,134.17,,,,22,0,,,,,,,,,,,,,,,,,,,,,,,,,,,,,,,,,,,,,,,,,,,,,,,,,,,,,,,,,,,,,,,,,,,,,,,,,,,,,,,,,,,,,,,,,,,,,,,,,,,,,,,,,,,,,,,,,,,,,,,,,,,,,,,,,,,,,,,,,,,,,,,,,,,,,,,,,,,,,,,,,,,,,,,,,,,,,,,,,,,,
NW.9605,5903139960595,svetila_si|svetila_si_en,CAMERON II L ceiling light E27 white,Svetilka stropna CAMERON II IP20 bela,00001625,91086973,,kom,94051098,PL,0,,0.92,,0,,0,mm,0,mm,0,mm,Interior lighting > Ceiling lamps > Plafonds,Notranja svetila > Stropna svetila > Plafonjere,,,,,,,22,0,,,,,//pim.nowodvorski.com/media/files/9605.jpg,,,,,,,,,,,,,,,,E27,0,,15W only LED,,,,,,,NW.9605,,,,,,,,,,,,,,,,CAMERON,,,,,,,T002,,,,,,,,,,,,,,,,,,,,,,,,,,,,,,T005,,,50/60,Hz,,,,,,,,,,,,,,,,,,,IP20,,,,,,,,,,,,,,,,,,,,,,,,1,2,1,,9405199000,,36.5,,,cm,,,17.5,,,cm,,,23.31,dm³,36.5,,,cm,,,,,,,,,,,,,,,,,,~220-230,V,,,,,,,
NW.9606,5903139960694,svetila_si|svetila_si_en,CAMERON IV XXL ceiling light E27 white,Svetilka stropna CAMERON IV IP20 bela,00001625,91086973,,kom,94051091,PL,0,,2.76,,0,,0,mm,0,mm,0,mm,Interior lighting > Ceiling lamps > Plafonds,Notranja svetila > Stropna svetila > Plafonjere,,,,,,,22,0,,,,,//pim.nowodvorski.com/media/files/9606.jpg,,,,,,,,,,,,,,,,E27,0,,15W only LED,,,,,,,NW.9606,,,,,,,,,,,,,,,,CAMERON,,,,,,,T002,,,,,,,,,,,,,,,,,,,,,,,,,,,,,,T005,,,50/60,Hz,,,,,,,,,,,,,,,,,,,IP20,,,,,,,,,,,,,,,,,,,,,,,,2,4,1,,9405199000,,22,,,cm,,,67.5,,,cm,,,100.24,dm³,67.5,,,cm,,,,,2/2,,,,,,,,,,,,,~220-230,V,,,,,,,
NW.9607,5903139960793,svetila_si|svetila_si_en,CUMULUS L pendant light E27 IP67 white,Svetilka zunanja CUMULUS L IP65 bela,00001625,91086973,,kom,94051098,PL,0,,3.75,,0,,0,mm,0,mm,0,mm,Outdoor lighting > Suspended lamps,Zunanja svetila > Viseča svetila,,,,,,,22,0,,,,,//pim.nowodvorski.com/media/files/9607.jpg,,,,,,,,,,,,,,,,E27,0,,25W only LED,,,,,,,NW.9607,,,,,,3,cm,10,cm,,,,,,,CUMULUS,,ta: -23°C - +40°C,,,,,,,,,,,,,,,,,,,,,,,,,,,,,,,,,,,,,,50/60,Hz,,,Possible by a qualified electrician,98-140,cm,,,53,cm,,,,,,,,,,IP65,,,,,,,,,,,,,,,,,,,,,,,,,1,1,,9405199000,,60,,,cm,,,62,,,cm,,,230.64,dm³,62,,,cm,,,,,,,,,,,,,,,,,,~220-230,V,,,60,cm,,,
NW.9631,5903139963190,,WORKSHOP VI pendant light E27 black/coppery,Svetilka viseča WORKSHOP VI IP20 črna,00001625,91086973,,kom,94051098,PL,0,,3.4,,0,,0,mm,0,mm,0,mm,,,,,,,,,22,0,,,,,,,,,,,,,,,,,,,,,,,,,,,,,,,,,,,,,,,,,,,,,,,,,,,,,,,,,,,,,,,,,,,,,,,,,,,,,,,,,,,,,,,,,,,,,,,,,,,,,,,,,,,,,,,,,,,,,,,,,,,,,,,,,,,,,,,,,,,,,,,,,,,,,,,,,,,,,,,,,,,,,,,,,,,,,,,,,,,,
NW.9665,5903139966597,,FIORD V pendant light E27 black,Svetilka viseča FIORD V IP20 črna,00001625,91086973,,kom,94051098,PL,0,,1.74,,0,,0,mm,0,mm,0,mm,,,,,,,,,22,0,,,,,,,,,,,,,,,,,,,,,,,,,,,,,,,,,,,,,,,,,,,,,,,,,,,,,,,,,,,,,,,,,,,,,,,,,,,,,,,,,,,,,,,,,,,,,,,,,,,,,,,,,,,,,,,,,,,,,,,,,,,,,,,,,,,,,,,,,,,,,,,,,,,,,,,,,,,,,,,,,,,,,,,,,,,,,,,,,,,,
NW.9666,5903139966696,,FIORD III pendant light E27 black,Svetilka viseča FIORD III IP20 črna,00001625,91086973,,kom,94051098,PL,0,,1.16,,0,,0,mm,0,mm,0,mm,,,,,,,,,22,0,,,,,,,,,,,,,,,,,,,,,,,,,,,,,,,,,,,,,,,,,,,,,,,,,,,,,,,,,,,,,,,,,,,,,,,,,,,,,,,,,,,,,,,,,,,,,,,,,,,,,,,,,,,,,,,,,,,,,,,,,,,,,,,,,,,,,,,,,,,,,,,,,,,,,,,,,,,,,,,,,,,,,,,,,,,,,,,,,,,,
NW.9668,5903139966894,,FIORD pendant light E27 square black,Svetilka viseča FIORD IP20 črna,00001625,91086973,,kom,94051098,PL,0,,0.44,,0,,0,mm,0,mm,0,mm,,,,,,,,,22,0,,,,,,,,,,,,,,,,,,,,,,,,,,,,,,,,,,,,,,,,,,,,,,,,,,,,,,,,,,,,,,,,,,,,,,,,,,,,,,,,,,,,,,,,,,,,,,,,,,,,,,,,,,,,,,,,,,,,,,,,,,,,,,,,,,,,,,,,,,,,,,,,,,,,,,,,,,,,,,,,,,,,,,,,,,,,,,,,,,,,
NW.9670,5903139967099,,FIORD pendant light E27 round black,Svetilka viseča FIORD IP20 črna,00001625,91086973,,kom,94051098,PL,0,,0.44,,0,,0,mm,0,mm,0,mm,,,,,,,,,22,0,,,,,,,,,,,,,,,,,,,,,,,,,,,,,,,,,,,,,,,,,,,,,,,,,,,,,,,,,,,,,,,,,,,,,,,,,,,,,,,,,,,,,,,,,,,,,,,,,,,,,,,,,,,,,,,,,,,,,,,,,,,,,,,,,,,,,,,,,,,,,,,,,,,,,,,,,,,,,,,,,,,,,,,,,,,,,,,,,,,,
NW.9672,5903139967297,svetila_si|svetila_si_en,FORM L ceiling light E27 white,Svetilka stropna FORM L IP20 bela,00001625,91086973,,kom,94051098,PL,0,,3.36,,0,,0,mm,0,mm,0,mm,Interior lighting > Ceiling lamps > Plafonds,Notranja svetila > Stropna svetila > Plafonjere,,,,,,,22,0,,,,,//pim.nowodvorski.com/media/files/9672.jpg,,,,,,,,,,,,,,,,E27,0,,25W only LED,,,,,,,NW.9672,,,,,,,,,,,,,,,,FORM,,Fabric: Polyamide with Lycra,,,,,,,,,,,,,,,,,,,,,,,,,,,,,,,,,,,,,,50/60,Hz,,,,,,,,,,,,,,,,,,,IP20,,,,,,,,,,,,,,,,,,,,,,,,1,4,1,,9405199000,,29,,,cm,,,83,,,cm,,,199.78,dm³,83,,,cm,,,,,,,,,,,,,,,,,,~220-230,V,,,,,,,
NW.9673,5903139967396,svetila_si|svetila_si_en,FORM M ceiling light E27 white,Svetilka stropna FORM M IP20 bela,00001625,91086973,,kom,94051098,PL,0,,1.52,,0,,0,mm,0,mm,0,mm,Interior lighting > Ceiling lamps > Plafonds,Notranja svetila > Stropna svetila > Plafonjere,,,,,,,22,0,,,,,//pim.nowodvorski.com/media/files/9673.jpg,,,,,,,,,,,,,,,,E27,0,,2x25W only LED,,,,,,,NW.9673,,,,,,,,,,,,,,,,FORM,,Fabric: Polyamide with Lycra,,,,,,,,,,,,,,,,,,,,,,,,,,,,,,,,,,,,,,50/60,Hz,,,,,,,,,,,,,,,,,,,IP20,,,,,,,,,,,,,,,,,,,,,,,,1,2,1,,9405199000,,24.5,,,cm,,,53,,,cm,,,68.82,dm³,53,,,cm,,,,,,,,,,,,,,,,,,~220-230,V,,,,,,,
NW.9674,5903139967495,,IMBRIA VI pendant light GU10 white,Svetilka viseča IMBRIA VI IP20 bela,00001625,91086973,,kom,94051098,PL,0,,3.26,,0,,0,mm,0,mm,0,mm,,,,,,,,,22,0,,,,,,,,,,,,,,,,,,,,,,,,,,,,,,,,,,,,,,,,,,,,,,,,,,,,,,,,,,,,,,,,,,,,,,,,,,,,,,,,,,,,,,,,,,,,,,,,,,,,,,,,,,,,,,,,,,,,,,,,,,,,,,,,,,,,,,,,,,,,,,,,,,,,,,,,,,,,,,,,,,,,,,,,,,,,,,,,,,,,
NW.9675,5903139967594,svetila_si|svetila_si_en,IMBRIA VI pendant light GU10 black,Svetilka viseča IMBRIA VI IP20 črna,00001625,91086973,,kom,94051098,PL,0,,3.26,,0,,0,mm,0,mm,0,mm,Interior lighting > Suspended lamps,Notranja svetila > Viseča svetila,,,,,,,22,0,,,,,//pim.nowodvorski.com/media/files/9675.jpg,,,,,,,,,,,,,,,,GU10 R50,0,,10W only LED,,,,,,,NW.9675,,,,,,3.5,cm,3.5,cm,,,,,,,IMBRIA,,,,,,,,,,,,,,,,,,,,,,,,,,,,,,,,,,,,,,,,50/60,Hz,,,Possible by a qualified electrician,15,cm,,,9.6,cm,,,,,,,,,,IP20,,,,,,,,,,,,,,,,,,,,,,,,1,6,1,,9405199000,,11,,,cm,,,106,,,cm,,,22.15,dm³,19,,,cm,,,,,,,,100,cm,,,,,,,,,~220-230,V,,,5.5,cm,,,
NW.9676,5903139967693,,IMBRIA VI pendant light GU10 white,Svetilka viseča IMBRIA VI IP20 bela,00001625,91086973,,kom,94051098,PL,0,,2.3,,0,,0,mm,0,mm,0,mm,,,,,,,,,22,0,,,,,,,,,,,,,,,,,,,,,,,,,,,,,,,,,,,,,,,,,,,,,,,,,,,,,,,,,,,,,,,,,,,,,,,,,,,,,,,,,,,,,,,,,,,,,,,,,,,,,,,,,,,,,,,,,,,,,,,,,,,,,,,,,,,,,,,,,,,,,,,,,,,,,,,,,,,,,,,,,,,,,,,,,,,,,,,,,,,,
NW.9677,5903139967792,svetila_si|svetila_si_en,IMBRIA VI pendant light GU10 black,Svetilka viseča IMBRIA VI IP20 črna,00001625,91086973,,kom,94051098,PL,0,,2.3,,0,,0,mm,0,mm,0,mm,Interior lighting > Suspended lamps,Notranja svetila > Viseča svetila,,,,,,,22,0,,,,,//pim.nowodvorski.com/media/files/9677.jpg,,,,,,,,,,,,,,,,GU10 R50,0,,10W only LED,,,,,,,NW.9677,,,,,,6,cm,15,cm,,,,,,,IMBRIA,,,,,,,,,,,,,,,,,,,,,,,,,,,,,,,,,,,,,,,,50/60,Hz,,,Possible by a qualified electrician,15,cm,,,9.6,cm,,,,,,,,,,IP20,,,,,,,,,,,,,,,,,,,,,,,,1,6,1,,9405199000,,15,,,cm,,,92,,,cm,,,35.88,dm³,26,,,cm,,,,,,,,,,,,,,,,,,~220-230,V,,,5.5,cm,,,
NW.9680,5903139968096,svetila_si|svetila_si_en,IMBRIA X pendant light GU10 black,Svetilka viseča IMBRIA X IP20 črna,00001625,91086973,,kom,94051098,PL,0,,3.8,,0,,0,mm,0,mm,0,mm,Interior lighting > Suspended lamps,Notranja svetila > Viseča svetila,,,,,,,22,0,,,,,//pim.nowodvorski.com/media/files/9680.jpg,,,,,,,,,,,,,,,,GU10 R50,0,,10W only LED,,,,,,,NW.9680,,,,,,6,cm,15,cm,,,,,,,IMBRIA,,,,,,,,,,,,,,,,,,,,,,,,,,,,,,,,,,,,,,,,50/60,Hz,,,Possible by a qualified electrician,15,cm,,,9.6,cm,,,,,,,,,,IP20,,,,,,,,,,,,,,,,,,,,,,,,2,10,1,,9405199000,,16.5,,,cm,,,126,,,cm,,,37.42,dm³,18,,,cm,,,,,5/5,,,,,,,,,,,,,~220-230,V,,,5.5,cm,,,
NW.9682,5903139968294,svetila_si|svetila_si_en,CAMERON IV XXL ceiling light E27 grey/white,Svetilka stropna CAMERON IV IP20 siva,00001625,91086973,,kom,94051098,PL,0,,2.76,,0,,0,mm,0,mm,0,mm,Interior lighting > Ceiling lamps > Plafonds,Notranja svetila > Stropna svetila > Plafonjere,,,113.01,,,,22,0,,,,,//pim.nowodvorski.com/media/files/9682.jpg,,,,,,,,,,,,,,,,E27,0,,15W only LED,,,,,,,NW.9682,,,,,,,,,,,,,,,,CAMERON,,,,,,,T002,,,,,,,,,,,,,,,,,,,,,,,,,,,,,,T008,,,50/60,Hz,,,,,,,,,,,,,,,,,,,IP20,,,,,,,,,,,,,,,,,,,,,,,,2,4,1,,9405199000,,22,,,cm,,,67.5,,,cm,,,100.23,dm³,67.5,,,cm,,,,,2/2,,,,,,,,,,,,,~220-230,V,,,,,,,
NW.9683,5903139968393,svetila_si|svetila_si_en,CAMERON III XL ceiling light E27 grey/white,Svetilka stropna CAMERON III IP20 siva,00001625,91086973,,kom,94051098,PL,0,,1.56,,0,,0,mm,0,mm,0,mm,Interior lighting > Ceiling lamps > Plafonds,Notranja svetila > Stropna svetila > Plafonjere,,,76.99,,,,22,0,,,,,//pim.nowodvorski.com/media/files/9683.jpg,,,,,,,,,,,,,,,,E27,0,,15W only LED,,,,,,,NW.9683,,,,,,,,,,,,,,,,CAMERON,,,,,,,T002,,,,,,,,,,,,,,,,,,,,,,,,,,,,,,T008,,,50/60,Hz,,,,,,,,,,,,,,,,,,,IP20,,,,,,,,,,,,,,,,,,,,,,,,1,3,1,,9405199000,,31.5,,,cm,,,47,,,cm,,,69.58,dm³,47,,,cm,,,,,,,,,,,,,,,,,,~220-230,V,,,,,,,
NW.9684,5903139968492,svetila_si|svetila_si_en,CAMERON III XL ceiling light E27 white,Svetilka stropna CAMERON III IP20 bela,00001625,91086973,,kom,94051098,PL,0,,1.56,,0,,0,mm,0,mm,0,mm,Interior lighting > Ceiling lamps > Plafonds,Notranja svetila > Stropna svetila > Plafonjere,,,,,,,22,0,,,,,//pim.nowodvorski.com/media/files/9684.jpg,,,,,,,,,,,,,,,,E27,0,,15W only LED,,,,,,,NW.9684,,,,,,,,,,,,,,,,CAMERON,,,,,,,T002,,,,,,,,,,,,,,,,,,,,,,,,,,,,,,T005,,,50/60,Hz,,,,,,,,,,,,,,,,,,,IP20,,,,,,,,,,,,,,,,,,,,,,,,1,3,1,,9405199000,,31.5,,,cm,,,47,,,cm,,,69.58,dm³,47,,,cm,,,,,,,,,,,,,,,,,,~220-230,V,,,,,,,
NW.9685,5903139968591,,CAMERON I M ceiling light E27 white,Svetilka stropna CAMERON I IP20 bela,00001625,91086973,,kom,94051098,PL,0,,0.9,,0,,0,mm,0,mm,0,mm,,,,,57.32,,,,22,0,,,,,,,,,,,,,,,,,,,,,,,,,,,,,,,,,,,,,,,,,,,,,,,,,,,,,,,,,,,,,,,,,,,,,,,,,,,,,,,,,,,,,,,,,,,,,,,,,,,,,,,,,,,,,,,,,,,,,,,,,,,,,,,,,,,,,,,,,,,,,,,,,,,,,,,,,,,,,,,,,,,,,,,,,,,,,,,,,,,,
NW.9687,5903139968799,svetila_si|svetila_si_en,CAMERON II L ceiling light E27 grey/white,Svetilka stropna CAMERON II IP20 siva,00001625,91086973,,kom,94051098,PL,0,,0.92,,0,,0,mm,0,mm,0,mm,Interior lighting > Ceiling lamps > Plafonds,Notranja svetila > Stropna svetila > Plafonjere,,,50.79,,,,22,0,,,,,//pim.nowodvorski.com/media/files/9687.jpg,,,,,,,,,,,,,,,,E27,0,,15W only LED,,,,,,,NW.9687,,,,,,,,,,,,,,,,CAMERON,,,,,,,T002,,,,,,,,,,,,,,,,,,,,,,,,,,,,,,T008,,,50/60,Hz,,,,,,,,,,,,,,,,,,,IP20,,,,,,,,,,,,,,,,,,,,,,,,1,2,1,,9405199000,,36.5,,,cm,,,17.5,,,cm,,,23.31,dm³,36.5,,,cm,,,,,,,,,,,,,,,,,,~220-230,V,,,,,,,
NW.9691,5903139969192,,,Svetilka viseča TULUM IP20 siva,00001625,91086973,,kom,94051098,PL,0,,0.48,,0,,0,mm,0,mm,0,mm,,,,,,,,,22,0,,,,,,,,,,,,,,,,,,,,,,,,,,,,,,,,,,,,,,,,,,,,,,,,,,,,,,,,,,,,,,,,,,,,,,,,,,,,,,,,,,,,,,,,,,,,,,,,,,,,,,,,,,,,,,,,,,,,,,,,,,,,,,,,,,,,,,,,,,,,,,,,,,,,,,,,,,,,,,,,,,,,,,,,,,,,,,,,,,,,
NW.9695,5903139969598,,GEOMETRIC III pendant light GU10 grey,Svetilka viseča GEOMETRIC III IP20 siva,00001625,91086973,,kom,94051098,PL,0,,4.36,,0,,0,mm,0,mm,0,mm,,,,,121.49,,,,22,0,,,,,,,,,,,,,,,,,,,,,,,,,,,,,,,,,,,,,,,,,,,,,,,,,,,,,,,,,,,,,,,,,,,,,,,,,,,,,,,,,,,,,,,,,,,,,,,,,,,,,,,,,,,,,,,,,,,,,,,,,,,,,,,,,,,,,,,,,,,,,,,,,,,,,,,,,,,,,,,,,,,,,,,,,,,,,,,,,,,,
NW.9696,5903139969697,,GEOMETRIC pendant light GU10 grey,Svetilka viseča GEOMETRIC IP20 siva,00001625,91086973,,kom,94051098,PL,0,,1.5,,0,,0,mm,0,mm,0,mm,,,,,,,,,22,0,,,,,,,,,,,,,,,,,,,,,,,,,,,,,,,,,,,,,,,,,,,,,,,,,,,,,,,,,,,,,,,,,,,,,,,,,,,,,,,,,,,,,,,,,,,,,,,,,,,,,,,,,,,,,,,,,,,,,,,,,,,,,,,,,,,,,,,,,,,,,,,,,,,,,,,,,,,,,,,,,,,,,,,,,,,,,,,,,,,,
NW.9700,5903139970099,svetila_si|svetila_si_en,OSLO 30 wall light E14 oak/white,Svetilka stenska OSLO 30 IP20 naravna,00001625,91086973,,kom,94051098,PL,0,,0.48,,0,,0,mm,0,mm,0,mm,Interior lighting > Wall lamps > Adjustable lamps,Notranja svetila > Stenska svetila > Gibljive svetilke,,,45.53,,,,22,0,,,,,//pim.nowodvorski.com/media/files/9700.jpg,,,,,,,,,,,,,,,,E14,0,,15W only LED,,,,,,,NW.9700,,,,,,,,,,,,,,,,OSLO,,,,,,,,,,,,,,,,,,,,,,,,,,,,,6.5-10,cm,,,,,,,,,,50/60,Hz,,,,,,,,,,,,,,,,,,,IP20,,,,,,,,,,,,,,,,,,,,,,,,0,1,1,,9405199000,,13.5,,,cm,,,31,,,cm,,,3.56,dm³,8.5,,,cm,,,,,,,,,,,,,,,,,,~220-230,V,,,,,,,
NW.9702,5903139970297,,,Svetilka stenska NARWIK IP20 bela,00001625,91086973,,kom,94051098,PL,0,,0.54,,0,,0,mm,0,mm,0,mm,,,,,,,,,22,0,,,,,,,,,,,,,,,,,,,,,,,,,,,,,,,,,,,,,,,,,,,,,,,,,,,,,,,,,,,,,,,,,,,,,,,,,,,,,,,,,,,,,,,,,,,,,,,,,,,,,,,,,,,,,,,,,,,,,,,,,,,,,,,,,,,,,,,,,,,,,,,,,,,,,,,,,,,,,,,,,,,,,,,,,,,,,,,,,,,,
NW.9703,5903139970396,,,Svetilka stenska NARWIK IP20 črna,00001625,91086973,,kom,94051098,PL,0,,0.54,,0,,0,mm,0,mm,0,mm,,,,,27.83,,,,22,0,,,,,,,,,,,,,,,,,,,,,,,,,,,,,,,,,,,,,,,,,,,,,,,,,,,,,,,,,,,,,,,,,,,,,,,,,,,,,,,,,,,,,,,,,,,,,,,,,,,,,,,,,,,,,,,,,,,,,,,,,,,,,,,,,,,,,,,,,,,,,,,,,,,,,,,,,,,,,,,,,,,,,,,,,,,,,,,,,,,,
NW.9704,5903139970495,svetila_si|svetila_si_en,MALMO wall light GU10 white,Svetilka stenska MALMO IP20 bela,00001625,91086973,,kom,94051098,PL,0,,0.64,,0,,0,mm,0,mm,0,mm,Interior lighting > Wall lamps > Sconces,Notranja svetila > Stenska svetila > Svečniki,,,,,,,22,0,,,,,//pim.nowodvorski.com/media/files/9704.jpg,,,,,,,,,,,,,,,,GU10 R50,0,,10W only LED,,,,,,,NW.9704,,,,,,,,,,,,,,,,MALMO,,,,,,,,,,,,,,,,,,,,,,,,,,,,,10,cm,,,,,,,,,,50/60,Hz,,,,,,,,,,,,,,,,,,,IP20,,,,,,,,,,,,,,,,,,,,,,,,1,2,1,,9405199000,,6.5,,,cm,,,31.5,,,cm,,,2.25,dm³,11,,,cm,,,,,,,,,,,,,,,,,,~220-230,V,,,,,,,
NW.9705,5903139970594,svetila_si|svetila_si_en,MALMO wall light GU10 black,Svetilka stenska MALMO IP20 črna,00001625,91086973,,kom,94051098,PL,0,,0.64,,0,,0,mm,0,mm,0,mm,Interior lighting > Wall lamps > Sconces,Notranja svetila > Stenska svetila > Svečniki,,,,,,,22,0,,,,,//pim.nowodvorski.com/media/files/9705.jpg,,,,,,,,,,,,,,,,GU10 R50,0,,10W only LED,,,,,,,NW.9705,,,,,,,,,,,,,,,,MALMO,,,,,,,,,,,,,,,,,,,,,,,,,,,,,10,cm,,,,,,,,,,50/60,Hz,,,,,,,,,,,,,,,,,,,IP20,,,,,,,,,,,,,,,,,,,,,,,,1,2,1,,9405199000,,6.5,,,cm,,,31.5,,,cm,,,2.25,dm³,11,,,cm,,,,,,,,,,,,,,,,,,~220-230,V,,,,,,,
NW.9706,5903139970693,svetila_si|svetila_si_en,BERGEN wall light GU10 white,Svetilka stenska BERGEN IP20 bela,00001625,91086973,,kom,94051098,PL,0,,0.56,,0,,0,mm,0,mm,0,mm,Interior lighting > Wall lamps > Sconces,Notranja svetila > Stenska svetila > Svečniki,,,,,,,22,0,,,,,//pim.nowodvorski.com/media/files/9706.jpg,,,,,,,,,,,,,,,,GU10 R50,0,,10W only LED,,,,,,,NW.9706,,,,,,,,,,,,,,,,BERGEN,,,,,,,,,,,,,,,,,,,,,,,,,,,,,7,cm,,,,,,,,,,50/60,Hz,,,,,,,,,,,,,,,,,,,IP20,,,,,,,,,,,,,,,,,,,,,,,,1,2,1,,9405199000,,12,,,cm,,,24.5,,,cm,,,2.35,dm³,8,,,cm,,,,,,,,,,,,,,,,,,~220-230,V,,,,,,,
NW.9707,5903139970792,svetila_si|svetila_si_en,BERGEN wall light GU10 anthracite,Svetilka stenska BERGEN IP20 antracit,00001625,91086973,,kom,94051098,PL,0,,0.56,,0,,0,mm,0,mm,0,mm,Interior lighting > Wall lamps > Sconces,Notranja svetila > Stenska svetila > Svečniki,,,,,,,22,0,,,,,//pim.nowodvorski.com/media/files/9707.jpg,,,,,,,,,,,,,,,,GU10 R50,0,,10W only LED,,,,,,,NW.9707,,,,,,,,,,,,,,,,BERGEN,,,,,,,,,,,,,,,,,,,,,,,,,,,,,7,cm,,,,,,,,,,50/60,Hz,,,,,,,,,,,,,,,,,,,IP20,,,,,,,,,,,,,,,,,,,,,,,,1,2,1,,9405199000,,12,,,cm,,,24.5,,,cm,,,2.35,dm³,8,,,cm,,,,,,,,,,,,,,,,,,~220-230,V,,,,,,,
NW.9708,5903139970891,svetila_si|svetila_si_en,HAGA wall light G9 white,Svetilka stenska HAGA IP20 bela,00001625,91086973,,kom,94051098,PL,0,,0.6,,0,,0,mm,0,mm,0,mm,Interior lighting > Wall lamps > Sconces,Notranja svetila > Stenska svetila > Svečniki,,,,,,,22,0,,,,,//pim.nowodvorski.com/media/files/9708.jpg,,,,,,,,,,,,,,,,G9,0,,10W only LED,,,,,,,NW.9708,,,,,,,,,,,,,,,,HAGA,,,,,,,,,,,,,,,,,,,,,,,,,,,,,4.5,cm,,,,,,,,,,50/60,Hz,,,,,,,,,,,,,,,,,,,IP20,,,,,,,,,,,,,,,,,,,,,,,,1,2,1,,9405199000,,16,,,cm,,,26.5,,,cm,,,2.33,dm³,5.5,,,cm,,,,,,,,,,,,,,,,,,~220-230,V,,,,,,,
NW.9710,5903139971096,svetila_si|svetila_si_en,HAGA wall light G9 anthracite,Svetilka stenska HAGA IP20 antracit,00001625,91086973,,kom,94051098,PL,0,,0.6,,0,,0,mm,0,mm,0,mm,Interior lighting > Wall lamps > Sconces,Notranja svetila > Stenska svetila > Svečniki,,,,,,,22,0,,,,,//pim.nowodvorski.com/media/files/9710.jpg,,,,,,,,,,,,,,,,G9,0,,10W only LED,,,,,,,NW.9710,,,,,,,,,,,,,,,,HAGA,,,,,,,,,,,,,,,,,,,,,,,,,,,,,4.5,cm,,,,,,,,,,50/60,Hz,,,,,,,,,,,,,,,,,,,IP20,,,,,,,,,,,,,,,,,,,,,,,,1,2,1,,9405199000,,16,,,cm,,,26.5,,,cm,,,2.33,dm³,5.5,,,cm,,,,,,,,,,,,,,,,,,~220-230,V,,,,,,,
NW.9711,5903139971195,svetila_si|svetila_si_en,FLOWERPOT S floor light E27 IP44 flowerpot white,Svetilka zunanja FLOWERPOT S IP44 bela,00001625,91086973,,kom,94051098,PL,0,,2.455,,0,,0,mm,0,mm,0,mm,Outdoor lighting > Standing lamps,Zunanja svetila > Stoječa svetila,,,,,,,22,0,,,,,//pim.nowodvorski.com/media/files/9711.jpg,,,,,,,,,,,,,,,,E27,0,,25W only LED,,,,,,,NW.9711,,,,,,,,,,,,,,,,FLOWERPOT,,,,,,,,,,,,,,,,,,,,,,,,,,,,,,,,,,,,,,,,50/60,Hz,,,,,,,,,,,,,,,,,,,IP44,,,,,,,,,,,,,,,,,,,,,,,,,1,1,,9405299000,,43,,,cm,,,36.5,,,cm,,,56.97,dm³,36.3,,,cm,,,,,,,,,,,,,,,,,,~220-230,V,,,,,,,
NW.9712,5903139971294,svetila_si|svetila_si_en,FLOWERPOT M floor light E27 IP44 flowerpot white,Svetilka zunanja FLOWERPOT M IP44 bela,00001625,91086973,,kom,94051098,PL,0,,4.04,,0,,0,mm,0,mm,0,mm,Outdoor lighting > Standing lamps,Zunanja svetila > Stoječa svetila,,,,,,,22,0,,,,,//pim.nowodvorski.com/media/files/9712.jpg,,,,,,,,,,,,,,,,E27,0,,25W only LED,,,,,,,NW.9712,,,,,,,,,,,,,,,,FLOWERPOT,,,,,,,,,,,,,,,,,,,,,,,,,,,,,,,,,,,,,,,,50/60,Hz,,,,,,,,,,,,,,,,,,,IP44,,,,,,,,,,,,,,,,,,,,,,,,,1,1,,9405299000,,71.7,,,cm,,,36.2,,,cm,,,91.63,dm³,35.5,,,cm,,,,,,,,,,,,,,,,,,~220-230,V,,,,,,,
NW.9713,5903139971393,svetila_si|svetila_si_en,FLOWERPOT L floor light E27 IP44 flowerpot white,Svetilka zunanja FLOWERPOT L IP44 bela,00001625,91086973,,kom,94051098,PL,0,,11.83,,0,,0,mm,0,mm,0,mm,Outdoor lighting > Standing lamps,Zunanja svetila > Stoječa svetila,,,,,,,22,0,,,,,//pim.nowodvorski.com/media/files/9713.jpg,,,,,,,,,,,,,,,,E27,0,,25W only LED,,,,,,,NW.9713,,,,,,,,,,,,,,,,FLOWERPOT,,,,,,,,,,,,,,,,,,,,,,,,,,,,,,,,,,,,,,,,50/60,Hz,,,,,,,,,,,,,,,,,,,IP44,,,,,,,,,,,,,,,,,,,,,,,,1,2,1,,9405299000,,73,,,cm,,,80,,,cm,,,178.12,dm³,30.5,,,cm,,,,,,,,,,,,,,,,,,~220-230,V,,,,,,,
NW.9714,5903139971492,svetila_si|svetila_si_en,CUMULUS XL floor light E27 IP44 white,Svetilka zunanja CUMULUS XL IP44 bela,00001625,91086973,,kom,94051098,PL,0,,7.445,,0,,0,mm,0,mm,0,mm,Outdoor lighting > Standing lamps,Zunanja svetila > Stoječa svetila,,,,,,,22,0,,,,,//pim.nowodvorski.com/media/files/9714.jpg,,,,,,,,,,,,,,,,E27,0,,25W only LED,,,,,,,NW.9714,,,,,,,,,,,,,,,,CUMULUS,,ta: -23°C - +40°C,,,,,,,,,,,,,,,,,,,,,,,,,,,,,,,,,,,,,,50/60,Hz,,,,,,,,,,,,,,,,,,,IP44,,,,,,,,,,,,,,,,,,,,,,,,,1,1,,9405299000,,71,,,cm,,,79,,,cm,,,461.38,dm³,79,,,cm,,,,,,,,,,,,,,,,,,~220-230,V,,,,,,,
NW.9715,5903139971591,svetila_si|svetila_si_en,CUMULUS M pendant light E27 IP67 white/transparent,Svetilka zunanja CUMULUS M IP65 bela,00001625,91086973,,kom,94051098,PL,0,,2.155,,0,,0,mm,0,mm,0,mm,Outdoor lighting > Suspended lamps,Zunanja svetila > Viseča svetila,,,,,,,22,0,,,,,//pim.nowodvorski.com/media/files/9715.jpg,,,,,,,,,,,,,,,,E27,0,,25W only LED,,,,,,,NW.9715,,,,,,3,cm,10,cm,,,,,,,CUMULUS,,ta: -23°C - +40°C,,,,,,,,,,,,,,,,,,,,,,,,,,,,,,,,,,,,,,50/60,Hz,,,Possible by a qualified electrician,140-98,cm,,,40,cm,,,,,,,,,,IP65,,,,,,,,,,,,,,,,,,,,,,,,,1,1,,9405199000,,47.7,,,cm,,,47.6,,,cm,,,106.71,dm³,47,,,cm,,,,,,,,,,,,,,,,,,~220-230,V,,,45,cm,,,
NW.9716,5903139971690,,AWINION IV ceiling light E27 grey/dark wood,Svetilka stropna AWINION IV IP20 siva,00001625,91086973,,kom,94051098,PL,0,,2.125,,0,,0,mm,0,mm,0,mm,,,,,,,,,22,0,,,,,,,,,,,,,,,,,,,,,,,,,,,,,,,,,,,,,,,,,,,,,,,,,,,,,,,,,,,,,,,,,,,,,,,,,,,,,,,,,,,,,,,,,,,,,,,,,,,,,,,,,,,,,,,,,,,,,,,,,,,,,,,,,,,,,,,,,,,,,,,,,,,,,,,,,,,,,,,,,,,,,,,,,,,,,,,,,,,,
NW.9717,5903139971799,svetila_si|svetila_si_en,AWINION III ceiling light E27 grey/dark wood,Svetilka stropna AWINION III IP20 siva,00001625,91086973,,kom,94051098,PL,0,,1.77,,0,,0,mm,0,mm,0,mm,Interior lighting > Ceiling lamps > Flush mounted lamps,Notranja svetila > Stropna svetila > Nadgradne svetilke,,,,,,,22,0,,,,,//pim.nowodvorski.com/media/files/9717.jpg,,,,,,,,,,,,,,,,E27,0,,10W only LED,,,,,,,NW.9717,,,,,,3,cm,5,cm,,,,,,,AWINION,,,,,,,,,,,,,,,,,,,,,,,,,,,,,,,,,,,,,T021,,,50/60,Hz,,,,,,,,15,cm,,,,,,,,,,IP20,,,,,,,,,,,,,,,,,,,,,,,,,3,2,,9405199000,,12,21,,cm,cm,,66,21,,cm,cm,,24.54,dm³,18,21,,cm,cm,,,,,,,50,cm,,,,,,,,,~220-230,V,,,18,cm,,,
NW.9718,5903139971898,,AWINION I ceiling light E27 grey/dark wood,Svetilka stropna AWINION I IP20 siva,00001625,91086973,,kom,94051098,PL,0,,0.47,,0,,0,mm,0,mm,0,mm,,,,,,,,,22,0,,,,,,,,,,,,,,,,,,,,,,,,,,,,,,,,,,,,,,,,,,,,,,,,,,,,,,,,,,,,,,,,,,,,,,,,,,,,,,,,,,,,,,,,,,,,,,,,,,,,,,,,,,,,,,,,,,,,,,,,,,,,,,,,,,,,,,,,,,,,,,,,,,,,,,,,,,,,,,,,,,,,,,,,,,,,,,,,,,,,
NW.9721,5903139972192,,SOLID wall light E27 grey/white,Svetilka stenska SOLID IP20 antracit,00001625,91086973,,kom,94051098,PL,0,,4.48,,0,,0,mm,0,mm,0,mm,,,,,,,,,22,0,,,,,,,,,,,,,,,,,,,,,,,,,,,,,,,,,,,,,,,,,,,,,,,,,,,,,,,,,,,,,,,,,,,,,,,,,,,,,,,,,,,,,,,,,,,,,,,,,,,,,,,,,,,,,,,,,,,,,,,,,,,,,,,,,,,,,,,,,,,,,,,,,,,,,,,,,,,,,,,,,,,,,,,,,,,,,,,,,,,,
NW.9728,5903139972895,,PUZZLE IV wall light GU10 multicolour,Svetilka stenska PUZZLE IV IP20 siva,00001625,91086973,,kom,94051098,PL,0,,1.39,,0,,0,mm,0,mm,0,mm,,,,,,,,,22,0,,,,,,,,,,,,,,,,,,,,,,,,,,,,,,,,,,,,,,,,,,,,,,,,,,,,,,,,,,,,,,,,,,,,,,,,,,,,,,,,,,,,,,,,,,,,,,,,,,,,,,,,,,,,,,,,,,,,,,,,,,,,,,,,,,,,,,,,,,,,,,,,,,,,,,,,,,,,,,,,,,,,,,,,,,,,,,,,,,,,
NW.9733,5903139973397,,ROD XV pendant light E27 black,Svetilka viseča ROD XV IP20 črna,00001625,91086973,,kom,94051098,PL,0,,2.76,,0,,0,mm,0,mm,0,mm,,,,,,,,,22,0,,,,,,,,,,,,,,,,,,,,,,,,,,,,,,,,,,,,,,,,,,,,,,,,,,,,,,,,,,,,,,,,,,,,,,,,,,,,,,,,,,,,,,,,,,,,,,,,,,,,,,,,,,,,,,,,,,,,,,,,,,,,,,,,,,,,,,,,,,,,,,,,,,,,,,,,,,,,,,,,,,,,,,,,,,,,,,,,,,,,
NW.9734,5903139973496,,ROD IX pendant light E27 black,Svetilka viseča ROD IX IP20 črna,00001625,91086973,,kom,94051098,PL,0,,1.95,,0,,0,mm,0,mm,0,mm,,,,,,,,,22,0,,,,,,,,,,,,,,,,,,,,,,,,,,,,,,,,,,,,,,,,,,,,,,,,,,,,,,,,,,,,,,,,,,,,,,,,,,,,,,,,,,,,,,,,,,,,,,,,,,,,,,,,,,,,,,,,,,,,,,,,,,,,,,,,,,,,,,,,,,,,,,,,,,,,,,,,,,,,,,,,,,,,,,,,,,,,,,,,,,,,
NW.9735,5903139973595,,STICKS V B pendant light E27 black/coppery,Svetilka viseča STICKS V B IP20 črna,00001625,91086973,,kom,94051098,PL,0,,1.54,,0,,0,mm,0,mm,0,mm,,,,,,,,,22,0,,,,,,,,,,,,,,,,,,,,,,,,,,,,,,,,,,,,,,,,,,,,,,,,,,,,,,,,,,,,,,,,,,,,,,,,,,,,,,,,,,,,,,,,,,,,,,,,,,,,,,,,,,,,,,,,,,,,,,,,,,,,,,,,,,,,,,,,,,,,,,,,,,,,,,,,,,,,,,,,,,,,,,,,,,,,,,,,,,,,
NW.9736,5903139973694,svetila_si|svetila_si_en,MOSS FL floor light E27 black,Svetilka stoječa MOSS FL IP20 črna,00001625,91086973,,kom,94051098,PL,0,,7.145,,0,,0,mm,0,mm,0,mm,Interior lighting > Floor lamps,Notranja svetila > Talna svetila,,,,,,,22,0,,,,,//pim.nowodvorski.com/media/files/9736.jpg,,,,,,,,,,,,,,,,E27,0,,25W only LED,,,,,,,NW.9736,,,,,,,,,,,,,,,,MOSS,,,,,,,,,,,,,,,,,,,,,,,,,,,,,,,,,,,,,T012,,,50/60,Hz,,,,,,,,51,cm,,,,,,,,,,IP20,,,,,,,,,,,,,,,,,,,,,,,,1,3,2,,9405299000,,148,53,,cm,cm,,32,63,,cm,cm,,361.91,dm³,32,63,,cm,cm,,,,,,,,,,,,,,,,,~220-230,V,30,cm,61,cm,,,
NW.9737,5903139973793,svetila_si|svetila_si_en,MOSS pendant light E27 black,Svetilka viseča MOSS IP20 črna,00001625,91086973,,kom,94051098,PL,0,,7.145,,0,,0,mm,0,mm,0,mm,Interior lighting > Suspended lamps,Notranja svetila > Viseča svetila,,,,,,,22,0,,,,,//pim.nowodvorski.com/media/files/9737.jpg,,,,,,,,,,,,,,,,E27,0,,25W only LED,,,,,,,NW.9737,,,,,,3,cm,8,cm,,,,,,,MOSS,,,,,,,,,,,,,,,,,,,,,,,,,,,,,,,,,,,,,T012,,,50/60,Hz,,,Possible by a qualified electrician,,,,,51,cm,,,,,,,,,,IP20,,,,,,,,,,,,,,,,,,,,,,,,1,3,1,,9405199000,,53,,,cm,,,63,,,cm,,,210.36,dm³,63,,,cm,,,,,,,,,,,,,,,,,,~220-230,V,,,61,cm,,,
NW.9738,5903139973892,svetila_si|svetila_si_en,MANUFACTURE V pendant light E27 black/coppery,Svetilka viseča MANUFACTURE V IP20 črna,00001625,91086973,,kom,94051091,PL,0,,2.67,,0,,0,mm,0,mm,0,mm,Interior lighting > Suspended lamps,Notranja svetila > Viseča svetila,,,,,,,22,0,,,,,//pim.nowodvorski.com/media/files/9738.jpg,,,,,,,,,,,,,,,,E27,0,,25W only LED,,,,,,,NW.9738,,,,,,3,cm,8,cm,,,,,,,MANUFACTURE,,,,,,,,,,,,,,,,,,,,,,,,,,,,,,,,,,,,,,,,50/60,Hz,,,,,,,,,,,,,,,,,,,IP20,,,,,,,,,,,,,,,,,,,,,,,,2,5,1,,9405199000,,26,,,cm,,,70,,,cm,,,127.4,dm³,70,,,cm,,,,,2/3,,,,,,,,,,,,,~220-230,V,,,,,,,
NW.9740,5903139974097,svetila_si|svetila_si_en,MANUFACTURE III pendant light E27 black/coppery,Svetilka viseča MANUFACTURE III IP20 črna,00001625,91086973,,kom,94051098,PL,0,,1.75,,0,,0,mm,0,mm,0,mm,Interior lighting > Ceiling lamps > Flush mounted lamps,Notranja svetila > Stropna svetila > Nadgradne svetilke,,,,,,,22,0,,,,,//pim.nowodvorski.com/media/files/9740.jpg,,,,,,,,,,,,,,,,E27,0,,25W only LED,,,,,,,NW.9740,,,,,,3,cm,29,cm,,,,,,,MANUFACTURE,,,,,,,,,,,,,,,,,,,,,,,,,,,,,,,,,,,,,,,,50/60,Hz,,,,,,,,,,,,,,,,,,,IP20,,,,,,,,,,,,,,,,,,,,,,,,1,3,1,,9405199000,,25,,,cm,,,36,,,cm,,,32.4,dm³,36,,,cm,,,,,,,,,,,,,,,,,,~220-230,V,,,,,,,
NW.9741,5903139974196,,MANUFACTURE I ceiling light E27 black/coppery,Svetilka stropna MANUFACTURE I IP20 črna,00001625,91086973,,kom,94051098,PL,0,,0.4,,0,,0,mm,0,mm,0,mm,,,,,25.12,,,,22,0,,,,,,,,,,,,,,,,,,,,,,,,,,,,,,,,,,,,,,,,,,,,,,,,,,,,,,,,,,,,,,,,,,,,,,,,,,,,,,,,,,,,,,,,,,,,,,,,,,,,,,,,,,,,,,,,,,,,,,,,,,,,,,,,,,,,,,,,,,,,,,,,,,,,,,,,,,,,,,,,,,,,,,,,,,,,,,,,,,,,
NW.9742,5903139974295,,MANUFACTURE I wall light E27 black/coppery,Svetilka stenska MANUFACTURE I IP20 črna,00001625,91086973,,kom,94051098,PL,0,,0.53,,0,,0,mm,0,mm,0,mm,,,,,,,,,22,0,,,,,,,,,,,,,,,,,,,,,,,,,,,,,,,,,,,,,,,,,,,,,,,,,,,,,,,,,,,,,,,,,,,,,,,,,,,,,,,,,,,,,,,,,,,,,,,,,,,,,,,,,,,,,,,,,,,,,,,,,,,,,,,,,,,,,,,,,,,,,,,,,,,,,,,,,,,,,,,,,,,,,,,,,,,,,,,,,,,,
NW.9743,5903139974394,svetila_si|svetila_si_en,SPIDER VII pendant light E27 white,Svetilka viseča SPIDER VII IP20 bela,00001625,91086973,,kom,94051098,PL,0,,1.68,,0,,0,mm,0,mm,0,mm,Interior lighting > Suspended lamps,Notranja svetila > Viseča svetila,,,,,,,22,0,,,,,//pim.nowodvorski.com/media/files/9743.jpg,,,,,,,,,,,,,,,,E27,0,,25W only LED,,,,,,,NW.9743,,,,,,5,cm,15,cm,,,,,,,SPIDER,,,,,,,,,,,,,,,,,,,,,,,,,,,,,,,,,,,,,,,,50/60,Hz,,,Possible by a qualified electrician,,,,,,,,,,,,,,,,IP20,,,,,,,,,,,,,,,,,,,,,,,,2,7,1,,9405199000,,21.2,,,cm,,,21.5,,,cm,,,9.66,dm³,21.2,,,cm,,,,,3/4,,,,,,,,,,,,,~220-230,V,,,,,,,
NW.9744,5903139974493,svetila_si|svetila_si_en,SPIDER V pendant light E27 white,Svetilka viseča SPIDER V IP20 bela,00001625,91086973,,kom,94051098,PL,0,,1.165,,0,,0,mm,0,mm,0,mm,Interior lighting > Suspended lamps,Notranja svetila > Viseča svetila,,,89.1,,,,22,0,,,,,//pim.nowodvorski.com/media/files/9744.jpg,,,,,,,,,,,,,,,,E27,0,,25W only LED,,,,,,,NW.9744,,,,,,5,cm,15,cm,,,,,,,SPIDER,,,,,,,,,,,,,,,,,,,,,,,,,,,,,,,,,,,,,,,,50/60,Hz,,,Possible by a qualified electrician,,,,,,,,,,,,,,,,IP20,,,,,,,,,,,,,,,,,,,,,,,,2,5,1,,9405199000,,14.5,,,cm,,,21.8,,,cm,,,6.95,dm³,22,,,cm,,,,,2/3,,,,,,,,,,,,,~220-230,V,,,,,,,
NW.9745,5903139974592,,SPIDER I pendant light E27 white,Svetilka viseča SPIDER I IP20 bela,00001625,91086973,,kom,94051098,PL,0,,0.34,,0,,0,mm,0,mm,0,mm,,,,,25.56,,,,22,0,,,,,,,,,,,,,,,,,,,,,,,,,,,,,,,,,,,,,,,,,,,,,,,,,,,,,,,,,,,,,,,,,,,,,,,,,,,,,,,,,,,,,,,,,,,,,,,,,,,,,,,,,,,,,,,,,,,,,,,,,,,,,,,,,,,,,,,,,,,,,,,,,,,,,,,,,,,,,,,,,,,,,,,,,,,,,,,,,,,,
NW.9746,5903139974691,,CABLE VII pendant light E27 black/coppery,Svetilka viseča CABLE VII IP20 črna,00001625,91086973,,kom,94051098,PL,0,,1.08,,0,,0,mm,0,mm,0,mm,,,,,,,,,22,0,,,,,,,,,,,,,,,,,,,,,,,,,,,,,,,,,,,,,,,,,,,,,,,,,,,,,,,,,,,,,,,,,,,,,,,,,,,,,,,,,,,,,,,,,,,,,,,,,,,,,,,,,,,,,,,,,,,,,,,,,,,,,,,,,,,,,,,,,,,,,,,,,,,,,,,,,,,,,,,,,,,,,,,,,,,,,,,,,,,,
NW.9747,5903139974790,svetila_si|svetila_si_en,CABLE I pendant light E27 black/coppery,Svetilka viseča CABLE I IP20 črna,00001625,91086973,,kom,94051091,PL,0,,0.265,,0,,0,mm,0,mm,0,mm,Interior lighting > Suspended lamps,Notranja svetila > Viseča svetila,,,,,,,22,0,,,,,//pim.nowodvorski.com/media/files/9747.jpg,,,,,,,,,,,,,,,,E27,0,,1x60W,,,,,,,NW.9747,,,,,,5,cm,12,cm,,,,,,,CABLE BLACK/COPPER,,,,,,,,,,,,,,,,,,,,,,,,,,,,,,,,,,,,,,,,50/60,Hz,,,Possible by a qualified electrician,,,,,,,,,,,,,,,,IP20,,,,,,,,,,,,,,,,,,,,,,,,,1,1,,9405199000,,12,,,cm,,,12,,,cm,,,1.73,dm³,12,,,cm,,,,,,,,,,,,,,,,,,~220-230,V,,,,,,,
NW.9751,5903139975193,svetila_si|svetila_si_en,CUMULUS S pendant light E27 IP67 white,Svetilka zunanja CUMULUS S IP65 bela,00001625,91086973,,kom,94051098,PL,0,,1.12,,0,,0,mm,0,mm,0,mm,Outdoor lighting > Suspended lamps,Zunanja svetila > Viseča svetila,,,,,,,22,0,,,,,//pim.nowodvorski.com/media/files/9751.jpg,,,,,,,,,,,,,,,,E27,0,,25W only LED,,,,,,,NW.9751,,,,,,3,cm,10,cm,,,,,,,CUMULUS,,ta: -23°C - +40°C,,,,,,,,,,,,,,,,,,,,,,,,,,,,,,,,,,,,,,50/60,Hz,,,Possible by a qualified electrician,98-140,cm,,,27,cm,,,,,,,,,,IP65,,,,,,,,,,,,,,,,,,,,,,,,,1,1,,9405199000,,33,,,cm,,,32.6,,,cm,,,34.43,dm³,32,,,cm,,,,,,,,,,,,,,,,,,~220-230,V,,,30,cm,,,
NW.9758,5903139975896,,FLEX SHADE I wall light E27 black,Svetilka stenska FLEX SHADE I IP20 črna,00001625,91086973,,kom,94051091,PL,0,,0.5,,0,,0,mm,0,mm,0,mm,,,,,,,,,22,0,,,,,,,,,,,,,,,,,,,,,,,,,,,,,,,,,,,,,,,,,,,,,,,,,,,,,,,,,,,,,,,,,,,,,,,,,,,,,,,,,,,,,,,,,,,,,,,,,,,,,,,,,,,,,,,,,,,,,,,,,,,,,,,,,,,,,,,,,,,,,,,,,,,,,,,,,,,,,,,,,,,,,,,,,,,,,,,,,,,,
NW.9764,5903139976497,,FLEX SHADE I wall light E27 white,Svetilka stenska FLEX SHADE I IP20 bela,00001625,91086973,,kom,94051098,PL,0,,0.5,,0,,0,mm,0,mm,0,mm,,,,,,,,,22,0,,,,,,,,,,,,,,,,,,,,,,,,,,,,,,,,,,,,,,,,,,,,,,,,,,,,,,,,,,,,,,,,,,,,,,,,,,,,,,,,,,,,,,,,,,,,,,,,,,,,,,,,,,,,,,,,,,,,,,,,,,,,,,,,,,,,,,,,,,,,,,,,,,,,,,,,,,,,,,,,,,,,,,,,,,,,,,,,,,,,
NW.9765,5903139976596,,FLEX VI pendant light E27 black,Svetilka viseča FLEX VI IP20 črna,00001625,91086973,,kom,94051098,PL,0,,3.5,,0,,0,mm,0,mm,0,mm,,,,,,,,,22,0,,,,,,,,,,,,,,,,,,,,,,,,,,,,,,,,,,,,,,,,,,,,,,,,,,,,,,,,,,,,,,,,,,,,,,,,,,,,,,,,,,,,,,,,,,,,,,,,,,,,,,,,,,,,,,,,,,,,,,,,,,,,,,,,,,,,,,,,,,,,,,,,,,,,,,,,,,,,,,,,,,,,,,,,,,,,,,,,,,,,
NW.9766,5903139976695,,FLEX V pendant light E27 black,Svetilka viseča FLEX V IP20 črna,00001625,91086973,,kom,94051098,PL,0,,1.59,,0,,0,mm,0,mm,0,mm,,,,,,,,,22,0,,,,,,,,,,,,,,,,,,,,,,,,,,,,,,,,,,,,,,,,,,,,,,,,,,,,,,,,,,,,,,,,,,,,,,,,,,,,,,,,,,,,,,,,,,,,,,,,,,,,,,,,,,,,,,,,,,,,,,,,,,,,,,,,,,,,,,,,,,,,,,,,,,,,,,,,,,,,,,,,,,,,,,,,,,,,,,,,,,,,
NW.9768,5903139976893,,FLEX I wall light E27 black,Svetilka stenska FLEX I IP20 črna,00001625,91086973,,kom,94051098,PL,0,,0.35,,0,,0,mm,0,mm,0,mm,,,,,,,,,22,0,,,,,,,,,,,,,,,,,,,,,,,,,,,,,,,,,,,,,,,,,,,,,,,,,,,,,,,,,,,,,,,,,,,,,,,,,,,,,,,,,,,,,,,,,,,,,,,,,,,,,,,,,,,,,,,,,,,,,,,,,,,,,,,,,,,,,,,,,,,,,,,,,,,,,,,,,,,,,,,,,,,,,,,,,,,,,,,,,,,,
NW.9772,5903139977296,,FLEX V pendant light E27 white,Svetilka viseča FLEX V IP20 bela,00001625,91086973,,kom,94051098,PL,0,,1.59,,0,,0,mm,0,mm,0,mm,,,,,,,,,22,0,,,,,,,,,,,,,,,,,,,,,,,,,,,,,,,,,,,,,,,,,,,,,,,,,,,,,,,,,,,,,,,,,,,,,,,,,,,,,,,,,,,,,,,,,,,,,,,,,,,,,,,,,,,,,,,,,,,,,,,,,,,,,,,,,,,,,,,,,,,,,,,,,,,,,,,,,,,,,,,,,,,,,,,,,,,,,,,,,,,,
NW.9774,5903139977494,,FLEX I wall light E27 white,Svetilka stenska FLEX I IP20 bela,00001625,91086973,,kom,94051098,PL,0,,0.35,,0,,0,mm,0,mm,0,mm,,,,,,,,,22,0,,,,,,,,,,,,,,,,,,,,,,,,,,,,,,,,,,,,,,,,,,,,,,,,,,,,,,,,,,,,,,,,,,,,,,,,,,,,,,,,,,,,,,,,,,,,,,,,,,,,,,,,,,,,,,,,,,,,,,,,,,,,,,,,,,,,,,,,,,,,,,,,,,,,,,,,,,,,,,,,,,,,,,,,,,,,,,,,,,,,
NW.9793,5903139979399,,LED bulb candle E14 4W 2200K 360lm CRI>80 360°,LED sijalka - svečka E14 4W VINTAGE toplo bela 360lm,00001625,91086973,,kom,94051098,PL,0,,0.03,,0,,0,mm,0,mm,0,mm,,,,,5.56,,,,22,0,,,,,,,,,,,,,,,,,,,,,,,,,,,,,,,,,,,,,,,,,,,,,,,,,,,,,,,,,,,,,,,,,,,,,,,,,,,,,,,,,,,,,,,,,,,,,,,,,,,,,,,,,,,,,,,,,,,,,,,,,,,,,,,,,,,,,,,,,,,,,,,,,,,,,,,,,,,,,,,,,,,,,,,,,,,,,,,,,,,,
NW.9794,5903139979498,,LED bulb classic E27 4W 2200K 360lm CRI>80 360°,LED sijalka - klasika E27 4W VINTAGE toplo bela 360lm,00001625,91086973,,kom,94051098,PL,0,,0.03,,0,,0,mm,0,mm,0,mm,,,,,5.56,,,,22,0,,,,,,,,,,,,,,,,,,,,,,,,,,,,,,,,,,,,,,,,,,,,,,,,,,,,,,,,,,,,,,,,,,,,,,,,,,,,,,,,,,,,,,,,,,,,,,,,,,,,,,,,,,,,,,,,,,,,,,,,,,,,,,,,,,,,,,,,,,,,,,,,,,,,,,,,,,,,,,,,,,,,,,,,,,,,,,,,,,,,
NW.9795,5903139979597,,LED bulb tube E27 4W 2200K 360lm CRI>80 360°,LED sijalka - cev E27 4W VINTAGE toplo bela 360lm,00001625,91086973,,kom,94051098,PL,0,,0.03,,0,,0,mm,0,mm,0,mm,,,,,10.49,,,,22,0,,,,,,,,,,,,,,,,,,,,,,,,,,,,,,,,,,,,,,,,,,,,,,,,,,,,,,,,,,,,,,,,,,,,,,,,,,,,,,,,,,,,,,,,,,,,,,,,,,,,,,,,,,,,,,,,,,,,,,,,,,,,,,,,,,,,,,,,,,,,,,,,,,,,,,,,,,,,,,,,,,,,,,,,,,,,,,,,,,,,
NW.9796,5903139979696,,LED bulb straight sided E27 4W 2200K 360lm CRI>80 360°,LED sijalka - straight sided E27 4W VINTAGE toplo bela 360lm,00001625,91086973,,kom,94051098,PL,0,,0.05,,0,,0,mm,0,mm,0,mm,,,,,5.91,,,,22,0,,,,,,,,,,,,,,,,,,,,,,,,,,,,,,,,,,,,,,,,,,,,,,,,,,,,,,,,,,,,,,,,,,,,,,,,,,,,,,,,,,,,,,,,,,,,,,,,,,,,,,,,,,,,,,,,,,,,,,,,,,,,,,,,,,,,,,,,,,,,,,,,,,,,,,,,,,,,,,,,,,,,,,,,,,,,,,,,,,,,
NW.9797,5903139979795,,LED bulb globo E27 4W 2200K 360lm CRI>80 360°,LED sijalka - globo E27 4W VINTAGE toplo bela 360lm,00001625,91086973,,kom,94051098,PL,0,,0.06,,0,,0,mm,0,mm,0,mm,,,,,,,,,22,0,,,,,,,,,,,,,,,,,,,,,,,,,,,,,,,,,,,,,,,,,,,,,,,,,,,,,,,,,,,,,,,,,,,,,,,,,,,,,,,,,,,,,,,,,,,,,,,,,,,,,,,,,,,,,,,,,,,,,,,,,,,,,,,,,,,,,,,,,,,,,,,,,,,,,,,,,,,,,,,,,,,,,,,,,,,,,,,,,,,,
NW.9847,5903139984799,,BIO S pendant light E27 natural wood,Svetilka viseča BIO S IP20 naravna,00001625,91086973,,kom,94051098,PL,0,,0.99,,0,,0,mm,0,mm,0,mm,,,,,108.75,,,,22,0,,,,,,,,,,,,,,,,,,,,,,,,,,,,,,,,,,,,,,,,,,,,,,,,,,,,,,,,,,,,,,,,,,,,,,,,,,,,,,,,,,,,,,,,,,,,,,,,,,,,,,,,,,,,,,,,,,,,,,,,,,,,,,,,,,,,,,,,,,,,,,,,,,,,,,,,,,,,,,,,,,,,,,,,,,,,,,,,,,,,
NW.9890,5903139989091,svetila_si|svetila_si_en,HARMONY I wall light E27 black,Svetilka stenska HARMONY I IP20 črna,00001625,91086973,,kom,94051098,PL,0,,1.16,,0,,0,mm,0,mm,0,mm,Interior lighting > Wall lamps > Adjustable lamps,Notranja svetila > Stenska svetila > Gibljive svetilke,,,,,,,22,0,,,,,//pim.nowodvorski.com/media/files/9890.jpg,,,,,,,,,,,,,,,,E27,0,,25W only LED,,,,,,,NW.9890,,,,,,,,,,,,,,,,HARMONY,,,,,,,,,,,,,,,,,,,,,,,,,,,,,30-73.5,cm,,,,,,,,,,50/60,Hz,,,,,,,,,,,,,,,,,,,IP20,,,,,,,,,,,,,,,,,,,,,,,,,,1,,9405199000,,20,,,cm,,,34,,,cm,,,,,"24,5",,,cm,,,,,,,,,,,,,,,,,,~220-230,V,,,,,,,
PO.ADL60W12,5902135119495,,,Napajalnik v ohišju ADL CV 60W/12V,00001612,91086973,,kom,85044082,CN,0.144,,0.14,,0,,40,mm,60,mm,95,mm,,,,,10.39,,,,22,0,,,,,,,,,,,,,,,,,,,,,,,,,,,,,,,,,,,,,,,,,,,,,,,,,,,,,,,,,,,,,,,,,,,,,,,,,,,,,,,,,,,,,,,,,,,,,,,,,,,,,,,,,,,,,,,,,,,,,,,,,,,,,,,,,,,,,,,,,,,,,,,,,,,,,,,,,,,,,,,,,,,,,,,,,,,,,,,,,,,,
PO.ADLS360W12,5902135119457,,,"Napajalnik, za LED, CV, ADLS, 12V, 360W, ON/OFF, IP20, (R5)",00001612,91086973,,kom,85044082,CN,0.59,,0.556,,0,,46,mm,75,mm,230,mm,,,,,29.43,,,,22,0,,,,,,,,,,,,,,,,,,,,,,,,,,,,,,,,,,,,,,,,,,,,,,,,,,,,,,,,,,,,,,,,,,,,,,,,,,,,,,,,,,,,,,,,,,,,,,,,,,,,,,,,,,,,,,,,,,,,,,,,,,,,,,,,,,,,,,,,,,,,,,,,,,,,,,,,,,,,,,,,,,,,,,,,,,,,,,,,,,,,
PO.ADLS60W12,5902135119389,,,Napajalnik ADLS CV 60W/12V,00001612,91086973,,kom,85044082,CN,0.192,,0.192,,0,,38,mm,45,mm,165,mm,,,,,12.37,,,,22,0,,,,,,,,,,,,,,,,,,,,,,,,,,,,,,,,,,,,,,,,,,,,,,,,,,,,,,,,,,,,,,,,,,,,,,,,,,,,,,,,,,,,,,,,,,,,,,,,,,,,,,,,,,,,,,,,,,,,,,,,,,,,,,,,,,,,,,,,,,,,,,,,,,,,,,,,,,,,,,,,,,,,,,,,,,,,,,,,,,,,
PO.ADM24W12,5902135123546,,,"Napajalnik, za LED, CV, ADM, 12V, 24W, ON/OFF, IP20, (R2)",00001612,91086973,,kom,85044082,CN,0.12,,0.104,,0,,35,mm,130,mm,55,mm,,,,,8.26,,,,22,0,,,,,,,,,,,,,,,,,,,,,,,,,,,,,,,,,,,,,,,,,,,,,,,,,,,,,,,,,,,,,,,,,,,,,,,,,,,,,,,,,,,,,,,,,,,,,,,,,,,,,,,,,,,,,,,,,,,,,,,,,,,,,,,,,,,,,,,,,,,,,,,,,,,,,,,,,,,,,,,,,,,,,,,,,,,,,,,,,,,,
PO.ADM60W12,5902135123560,,,"Napajalnik, za LED, CV, ADM, 12V, 60W, ON/OFF, IP20, (R2)",00001612,91086973,,kom,85044082,CN,0.196,,0.178,,0,,40,mm,165,mm,50,mm,,,,,12.07,,,,22,0,,,,,,,,,,,,,,,,,,,,,,,,,,,,,,,,,,,,,,,,,,,,,,,,,,,,,,,,,,,,,,,,,,,,,,,,,,,,,,,,,,,,,,,,,,,,,,,,,,,,,,,,,,,,,,,,,,,,,,,,,,,,,,,,,,,,,,,,,,,,,,,,,,,,,,,,,,,,,,,,,,,,,,,,,,,,,,,,,,,,
PO.DIN100W12,5902135137963,,,"Napajalnik, za LED, za DIN letev, CV, DIN, 12V, 100W, ON/OFF, IP20, (R5)",00001612,91086973,,kom,85044082,CN,0.323,,0.284,,0,,65,mm,100,mm,105,mm,,,,,29.53,,,,22,0,,,,,,,,,,,,,,,,,,,,,,,,,,,,,,,,,,,,,,,,,,,,,,,,,,,,,,,,,,,,,,,,,,,,,,,,,,,,,,,,,,,,,,,,,,,,,,,,,,,,,,,,,,,,,,,,,,,,,,,,,,,,,,,,,,,,,,,,,,,,,,,,,,,,,,,,,,,,,,,,,,,,,,,,,,,,,,,,,,,,
PO.DIN15W24,5902135137918,,,Napajalnik za DIN letev DIN CV 15W/24V,00001612,91086973,,kom,85044082,CN,0.095,,0.073,,0,,30,mm,60,mm,100,mm,,,,,11.94,,,,22,0,,,,,,,,,,,,,,,,,,,,,,,,,,,,,,,,,,,,,,,,,,,,,,,,,,,,,,,,,,,,,,,,,,,,,,,,,,,,,,,,,,,,,,,,,,,,,,,,,,,,,,,,,,,,,,,,,,,,,,,,,,,,,,,,,,,,,,,,,,,,,,,,,,,,,,,,,,,,,,,,,,,,,,,,,,,,,,,,,,,,
PO.DIN30W24,5902135137932,,,"Napajalnik, za LED, za DIN letev, CV, DIN, 24V, 30W, ON/OFF, IP20, (R5)",00001612,91086973,,kom,85044082,CN,0.202,,0.176,,0,,65,mm,70,mm,100,mm,,,,,19.05,,,,22,0,,,,,,,,,,,,,,,,,,,,,,,,,,,,,,,,,,,,,,,,,,,,,,,,,,,,,,,,,,,,,,,,,,,,,,,,,,,,,,,,,,,,,,,,,,,,,,,,,,,,,,,,,,,,,,,,,,,,,,,,,,,,,,,,,,,,,,,,,,,,,,,,,,,,,,,,,,,,,,,,,,,,,,,,,,,,,,,,,,,,
TT.23050000,5901597205111,,LED profile FLAT8 recessed H/UX alu raw 2m,"LED profil, FLAT8, vgradni, H/UX, alu surov, 2m, 1/30, (R2)",00001602,91086973,,m,76042100,PL,0,,1.2,,0,,2000,mm,53,mm,13.5,mm,,,,,9.07,,,,22,0,,,,,,,,,,,,,,,,,,,,,,,,,,,,,,,,,,,,,,,,,,,,,,,,,,,,,,,,,,,,,,,,,,,,,,,,,,,,,,,,,,,,,,,,,,,,,,,,,,,,,,,,,,,,,,,,,,,,,,,,,,,,,,,,,,,,,,,,,,,,,,,,,,,,,,,,,,,,,,,,,,,,,,,,,,,,,,,,,,,,
TT.23050001,5901597205159,,LED profile FLAT8 recessed H/UX white mat 2m,"LED profil, FLAT8, vgradni, H/UX, bel mat, 2m, 1/30, (R2)",00001602,91086973,,m,76042100,PL,0,,1.2,,0,,2000,mm,53,mm,13.5,mm,,,,,19.33,,,,22,0,,,,,,,,,,,,,,,,,,,,,,,,,,,,,,,,,,,,,,,,,,,,,,,,,,,,,,,,,,,,,,,,,,,,,,,,,,,,,,,,,,,,,,,,,,,,,,,,,,,,,,,,,,,,,,,,,,,,,,,,,,,,,,,,,,,,,,,,,,,,,,,,,,,,,,,,,,,,,,,,,,,,,,,,,,,,,,,,,,,,
TT.23050020,5901597205098,,LED profile FLAT8 recessed H/UX alu anodized 2m,"LED profil, FLAT8, vgradni, H/UX, alu anodiziran, 2m, 1/30, (R2)",00001602,91086973,,m,76042100,PL,0,,1.126,,0,,2000,mm,53,mm,13.5,mm,,,,,14.77,,,,22,0,,,,,,,,,,,,,,,,,,,,,,,,,,,,,,,,,,,,,,,,,,,,,,,,,,,,,,,,,,,,,,,,,,,,,,,,,,,,,,,,,,,,,,,,,,,,,,,,,,,,,,,,,,,,,,,,,,,,,,,,,,,,,,,,,,,,,,,,,,,,,,,,,,,,,,,,,,,,,,,,,,,,,,,,,,,,,,,,,,,,
TT.23050021,5901597205135,,LED profile FLAT8 recessed H/UX black anodized 2m,"LED profil, FLAT8, vgradni, H/UX, črn anodiziran, 2m, 1/30, (R2)",00001602,91086973,,m,76042100,PL,0,,1.2,,0,,2000,mm,53,mm,13.5,mm,,,,,18.16,,,,22,0,,,,,,,,,,,,,,,,,,,,,,,,,,,,,,,,,,,,,,,,,,,,,,,,,,,,,,,,,,,,,,,,,,,,,,,,,,,,,,,,,,,,,,,,,,,,,,,,,,,,,,,,,,,,,,,,,,,,,,,,,,,,,,,,,,,,,,,,,,,,,,,,,,,,,,,,,,,,,,,,,,,,,,,,,,,,,,,,,,,,
TT.23080016,5901597203285,,Cover type H slide transparent 2m,Pokrov tip H slide PC prozoren 2m,00001602,91086973,,m,94059200,PL,0.087,,0.087,,0,,35.2,2000,1,2000,0,2000,,,,,1.95,,,,22,0,,,,,,,,,,,,,,,,,,,,,,,,,,,,,,,,,,,,,,,,,,,,,,,,,,,,,,,,,,,,,,,,,,,,,,,,,,,,,,,,,,,,,,,,,,,,,,,,,,,,,,,,,,,,,,,,,,,,,,,,,,,,,,,,,,,,,,,,,,,,,,,,,,,,,,,,,,,,,,,,,,,,,,,,,,,,,,,,,,,,
TT.23080038,5901597203278,,Cover type H slide milky transparent mat 2m,Pokrov tip H slide PP mlečno prozoren mat 2m,00001602,91086973,,m,94059200,PL,0.097,,0.097,,0,,35.2,2000,1,2000,0,2000,,,,,1.76,,,,22,0,,,,,,,,,,,,,,,,,,,,,,,,,,,,,,,,,,,,,,,,,,,,,,,,,,,,,,,,,,,,,,,,,,,,,,,,,,,,,,,,,,,,,,,,,,,,,,,,,,,,,,,,,,,,,,,,,,,,,,,,,,,,,,,,,,,,,,,,,,,,,,,,,,,,,,,,,,,,,,,,,,,,,,,,,,,,,,,,,,,,
TT.23080039,5901597204626,,Cover type H slide frosted 2m,Pokrov tip H slide PP motno prozoren 2m,00001602,91086973,,m,94059200,PL,0.097,,0.097,,0,,35.2,3000,1,3000,0,3000,,,,,0.82,,,,22,0,,,,,,,,,,,,,,,,,,,,,,,,,,,,,,,,,,,,,,,,,,,,,,,,,,,,,,,,,,,,,,,,,,,,,,,,,,,,,,,,,,,,,,,,,,,,,,,,,,,,,,,,,,,,,,,,,,,,,,,,,,,,,,,,,,,,,,,,,,,,,,,,,,,,,,,,,,,,,,,,,,,,,,,,,,,,,,,,,,,,
TT.23110001,5901597201649,,End cap FLAT8 with hole white H 10set L+R,"Zaključni element (kapa), FLAT8, z luknjo, bel, 1/10, (R2)",00001602,91086973,,kom,94059200,PL,0.01,,0.01,,0,,10,mm,100,mm,160,mm,,,,,2.06,,,,22,0,,,,,,,,,,,,,,,,,,,,,,,,,,,,,,,,,,,,,,,,,,,,,,,,,,,,,,,,,,,,,,,,,,,,,,,,,,,,,,,,,,,,,,,,,,,,,,,,,,,,,,,,,,,,,,,,,,,,,,,,,,,,,,,,,,,,,,,,,,,,,,,,,,,,,,,,,,,,,,,,,,,,,,,,,,,,,,,,,,,,
TT.23110002,5901597201632,,End cap FLAT8 with hole black H 10set L+R,"Zaključni element (kapa), FLAT8, z luknjo, črn, 1/10, (R2)",00001602,91086973,,kom,94059200,PL,0.01,,0.01,,0,,10,mm,100,mm,160,mm,,,,,2.06,,,,22,0,,,,,,,,,,,,,,,,,,,,,,,,,,,,,,,,,,,,,,,,,,,,,,,,,,,,,,,,,,,,,,,,,,,,,,,,,,,,,,,,,,,,,,,,,,,,,,,,,,,,,,,,,,,,,,,,,,,,,,,,,,,,,,,,,,,,,,,,,,,,,,,,,,,,,,,,,,,,,,,,,,,,,,,,,,,,,,,,,,,,
TT.23110022,5901597201618,,End cap FLAT8 with hole grey H 10set L+R,"Zaključni element (kapa), FLAT8, z luknjo, siv, 1/10, (R2)",00001602,91086973,,kom,94059200,PL,0.01,,0.01,,0,,10,mm,100,mm,160,mm,,,,,2.06,,,,22,0,,,,,,,,,,,,,,,,,,,,,,,,,,,,,,,,,,,,,,,,,,,,,,,,,,,,,,,,,,,,,,,,,,,,,,,,,,,,,,,,,,,,,,,,,,,,,,,,,,,,,,,,,,,,,,,,,,,,,,,,,,,,,,,,,,,,,,,,,,,,,,,,,,,,,,,,,,,,,,,,,,,,,,,,,,,,,,,,,,,,
TT.23110040,5901597201625,,End cap FLAT8 with hole silver H 10set L+R,"Zaključni element (kapa), FLAT8, z luknjo, srebrn, 1/10, (R2)",00001602,91086973,,kom,94059200,PL,0.01,,0.01,,0,,10,mm,100,mm,160,mm,,,,,2.26,,,,22,0,,,,,,,,,,,,,,,,,,,,,,,,,,,,,,,,,,,,,,,,,,,,,,,,,,,,,,,,,,,,,,,,,,,,,,,,,,,,,,,,,,,,,,,,,,,,,,,,,,,,,,,,,,,,,,,,,,,,,,,,,,,,,,,,,,,,,,,,,,,,,,,,,,,,,,,,,,,,,,,,,,,,,,,,,,,,,,,,,,,,
TT.23130000,5901597201847,,Mounting plate X spring alu,"Montažna ploščica X, za LED profil, vzmetna (SPRING), alu, (R2)",00001602,91086973,,kom,83024900,PL,0.008,,0.008,,0,,20,mm,150,mm,200,mm,,,,,2.78,,,,22,100,,,,,,,,,,,,,,,,,,,,,,,,,,,,,,,,,,,,,,,,,,,,,,,,,,,,,,,,,,,,,,,,,,,,,,,,,,,,,,,,,,,,,,,,,,,,,,,,,,,,,,,,,,,,,,,,,,,,,,,,,,,,,,,,,,,,,,,,,,,,,,,,,,,,,,,,,,,,,,,,,,,,,,,,,,,,,,,,,,,,
TT.23210039,5901597246374,,Cover type H slide frosted 3m,Pokrov tip H slide PP motno prozoren 3m,00001602,91086973,,m,94059200,PL,0.097,,0.097,,0,,35.2,2000,1,2000,0,2000,,,,,25.88,,,,22,0,,,,,,,,,,,,,,,,,,,,,,,,,,,,,,,,,,,,,,,,,,,,,,,,,,,,,,,,,,,,,,,,,,,,,,,,,,,,,,,,,,,,,,,,,,,,,,,,,,,,,,,,,,,,,,,,,,,,,,,,,,,,,,,,,,,,,,,,,,,,,,,,,,,,,,,,,,,,,,,,,,,,,,,,,,,,,,,,,,,,
TT.25090000,5901597217749,,Mounting plate alu raw 2m,"Pregradna montažna plošča, alu surova, 2m, 1/100, (R2)",00001602,91086973,,m,76042100,PL,0,,0,,0,,2000,mm,50.4,mm,14.7,mm,,,,,8.21,,,,22,0,,,,,,,,,,,,,,,,,,,,,,,,,,,,,,,,,,,,,,,,,,,,,,,,,,,,,,,,,,,,,,,,,,,,,,,,,,,,,,,,,,,,,,,,,,,,,,,,,,,,,,,,,,,,,,,,,,,,,,,,,,,,,,,,,,,,,,,,,,,,,,,,,,,,,,,,,,,,,,,,,,,,,,,,,,,,,,,,,,,,
TT.32080020,5901597205425,,LED profile STEP10 purpose-made C alu anodized 2m,"LED profil, STEP10, namenski, C, alu anodiziran, 2m, 1/10, (R2)",00001602,91086973,,m,76042100,PL,0,,2.12,,0,,2000,mm,40.6,mm,20.6,mm,,,,,21.06,,,,22,0,,,,,,,,,,,,,,,,,,,,,,,,,,,,,,,,,,,,,,,,,,,,,,,,,,,,,,,,,,,,,,,,,,,,,,,,,,,,,,,,,,,,,,,,,,,,,,,,,,,,,,,,,,,,,,,,,,,,,,,,,,,,,,,,,,,,,,,,,,,,,,,,,,,,,,,,,,,,,,,,,,,,,,,,,,,,,,,,,,,,
TT.32080021,5901597205456,,LED profile STEP10 purpose-made C black anodized 2m,"LED profil, STEP10, namenski, C, črn anodiziran, 2m, 1/25, (R2)",00001602,91086973,,m,76042100,PL,0,,2.12,,0,,2000,mm,40.6,mm,20.6,mm,,,,,23.1,,,,22,0,,,,,,,,,,,,,,,,,,,,,,,,,,,,,,,,,,,,,,,,,,,,,,,,,,,,,,,,,,,,,,,,,,,,,,,,,,,,,,,,,,,,,,,,,,,,,,,,,,,,,,,,,,,,,,,,,,,,,,,,,,,,,,,,,,,,,,,,,,,,,,,,,,,,,,,,,,,,,,,,,,,,,,,,,,,,,,,,,,,,
TT.32100001,5901597203926,,End cap STEP10 white C L+R,"Zaključni element (kapa), STEP10, bel, 1/100, (R2)",00001602,91086973,,kom,94059200,PL,0.02,,0.02,,0,,10,mm,100,mm,160,mm,,,,,3.62,,,,22,0,,,,,,,,,,,,,,,,,,,,,,,,,,,,,,,,,,,,,,,,,,,,,,,,,,,,,,,,,,,,,,,,,,,,,,,,,,,,,,,,,,,,,,,,,,,,,,,,,,,,,,,,,,,,,,,,,,,,,,,,,,,,,,,,,,,,,,,,,,,,,,,,,,,,,,,,,,,,,,,,,,,,,,,,,,,,,,,,,,,,
TT.32100002,5901597203919,,End cap STEP10 white C L+R,"Zaključni element (kapa), STEP10, črn, 1/100, (R2)",00001602,91086973,,kom,94059200,PL,0.02,,0.02,,0,,10,mm,100,mm,160,mm,,,,,3.62,,,,22,0,,,,,,,,,,,,,,,,,,,,,,,,,,,,,,,,,,,,,,,,,,,,,,,,,,,,,,,,,,,,,,,,,,,,,,,,,,,,,,,,,,,,,,,,,,,,,,,,,,,,,,,,,,,,,,,,,,,,,,,,,,,,,,,,,,,,,,,,,,,,,,,,,,,,,,,,,,,,,,,,,,,,,,,,,,,,,,,,,,,,
TT.32100022,5901597203902,,End cap STEP10 silver C L+R,"Zaključni element (kapa), STEP10, srebrn, 1/100, (R2)",00001602,91086973,,kom,94059200,PL,0.02,,0.02,,0,,10,mm,100,mm,160,mm,,,,,3.62,,,,22,0,,,,,,,,,,,,,,,,,,,,,,,,,,,,,,,,,,,,,,,,,,,,,,,,,,,,,,,,,,,,,,,,,,,,,,,,,,,,,,,,,,,,,,,,,,,,,,,,,,,,,,,,,,,,,,,,,,,,,,,,,,,,,,,,,,,,,,,,,,,,,,,,,,,,,,,,,,,,,,,,,,,,,,,,,,,,,,,,,,,,
TT.32120020,5901597205487,,Support rail STEP10 alu anodized 2m,Podporna letev STEP10 aluminij alu anodizirana 2m,00001602,91086973,,m,94059200,PL,0.13,,0.13,,0,,20.1,2000,5,2000,0,2000,,,,,2.12,,,,22,0,,,,,,,,,,,,,,,,,,,,,,,,,,,,,,,,,,,,,,,,,,,,,,,,,,,,,,,,,,,,,,,,,,,,,,,,,,,,,,,,,,,,,,,,,,,,,,,,,,,,,,,,,,,,,,,,,,,,,,,,,,,,,,,,,,,,,,,,,,,,,,,,,,,,,,,,,,,,,,,,,,,,,,,,,,,,,,,,,,,,
TT.32120021,5901597205517,,Support rail STEP10 black anodized 2m,Podporna letev STEP10 aluminij črna anodizirana 2m,00001602,91086973,,m,94059200,PL,0.13,,0.13,,0,,20.1,2000,5,2000,0,2000,,,,,3.05,,,,22,0,,,,,,,,,,,,,,,,,,,,,,,,,,,,,,,,,,,,,,,,,,,,,,,,,,,,,,,,,,,,,,,,,,,,,,,,,,,,,,,,,,,,,,,,,,,,,,,,,,,,,,,,,,,,,,,,,,,,,,,,,,,,,,,,,,,,,,,,,,,,,,,,,,,,,,,,,,,,,,,,,,,,,,,,,,,,,,,,,,,,
TT.32150000,5901597205555,,Antislip insert STEP10 transparent 2m,Protizdrsni vložek STEP10 prozoren 2m,00001602,91086973,,m,94059200,PL,0.057,,0.057,,0,,13,2000,4,2000,0,2000,,,,,2.17,,,,22,0,,,,,,,,,,,,,,,,,,,,,,,,,,,,,,,,,,,,,,,,,,,,,,,,,,,,,,,,,,,,,,,,,,,,,,,,,,,,,,,,,,,,,,,,,,,,,,,,,,,,,,,,,,,,,,,,,,,,,,,,,,,,,,,,,,,,,,,,,,,,,,,,,,,,,,,,,,,,,,,,,,,,,,,,,,,,,,,,,,,,
TT.32150002,5901597205586,,Antislip insert STEP10 black 2m,Protizdrsni vložek STEP10 črn 2m,00001602,91086973,,m,94059200,PL,0.057,,0.057,,0,,13,2000,4,2000,0,2000,,,,,2.17,,,,22,0,,,,,,,,,,,,,,,,,,,,,,,,,,,,,,,,,,,,,,,,,,,,,,,,,,,,,,,,,,,,,,,,,,,,,,,,,,,,,,,,,,,,,,,,,,,,,,,,,,,,,,,,,,,,,,,,,,,,,,,,,,,,,,,,,,,,,,,,,,,,,,,,,,,,,,,,,,,,,,,,,,,,,,,,,,,,,,,,,,,,
TT.53820000,5901597220893,,Glue white,"Lepilo, za LED profil, (R2)",00001602,91086973,,kom,83024900,PL,0.004,,0.004,,0,,10,mm,100,mm,160,mm,,,,,0.15,,,,22,1,,,,,,,,,,,,,,,,,,,,,,,,,,,,,,,,,,,,,,,,,,,,,,,,,,,,,,,,,,,,,,,,,,,,,,,,,,,,,,,,,,,,,,,,,,,,,,,,,,,,,,,,,,,,,,,,,,,,,,,,,,,,,,,,,,,,,,,,,,,,,,,,,,,,,,,,,,,,,,,,,,,,,,,,,,,,,,,,,,,,
TT.58290001,5901597258827,,LED profile/set SURFACE10 C/U alu anodized 2m,"LED profil/set, SURFACE10, nadgradni, C/U, alu anodiziran, 2m, (R4)",00001602,91086973,,m,76042100,PL,0,,0,,0,,2000,mm,20.6,mm,6.6,mm,,,,,9.89,,,,22,0,,,,,,,,,,,,,,,,,,,,,,,,,,,,,,,,,,,,,,,,,,,,,,,,,,,,,,,,,,,,,,,,,,,,,,,,,,,,,,,,,,,,,,,,,,,,,,,,,,,,,,,,,,,,,,,,,,,,,,,,,,,,,,,,,,,,,,,,,,,,,,,,,,,,,,,,,,,,,,,,,,,,,,,,,,,,,,,,,,,,
TT.58300020,5901597239970,,LED profile/set GROOVE10 recessed C/U alu anodized 2m,"LED profil/set, GROOVE10, vgradni, C/U, alu anodiziran, 2m, (R4)",00001602,91086973,,m,76042100,PL,0,,0,,0,,2000,mm,20.6,mm,6.6,mm,,,,,10.39,,,,22,0,,,,,,,,,,,,,,,,,,,,,,,,,,,,,,,,,,,,,,,,,,,,,,,,,,,,,,,,,,,,,,,,,,,,,,,,,,,,,,,,,,,,,,,,,,,,,,,,,,,,,,,,,,,,,,,,,,,,,,,,,,,,,,,,,,,,,,,,,,,,,,,,,,,,,,,,,,,,,,,,,,,,,,,,,,,,,,,,,,,,
TT.58650020,5901597243632,,LED profile/set BEGTON12 J/S alu anodized 2m,"LED profil/set, BEGTON12, nadgradni, J/S, alu anodiziran, 2m, (R4)",00001602,91086973,,m,76042100,PL,0,,0,,0,,2000,mm,20.6,mm,6.6,mm,,,,,4.95,,,,22,0,,,,,,,,,,,,,,,,,,,,,,,,,,,,,,,,,,,,,,,,,,,,,,,,,,,,,,,,,,,,,,,,,,,,,,,,,,,,,,,,,,,,,,,,,,,,,,,,,,,,,,,,,,,,,,,,,,,,,,,,,,,,,,,,,,,,,,,,,,,,,,,,,,,,,,,,,,,,,,,,,,,,,,,,,,,,,,,,,,,,
TT.58660020,5901597243649,,LED profile/set BEGTIN12 recessed J/S alu anodized 2m,"LED profil/set, BEGTIN12, vgradni, J/S, alu anodiziran, 2m, (R4)",00001602,91086973,,m,76042100,PL,0,,0,,0,,2000,mm,20.6,mm,6.6,mm,,,,,4.95,,,,22,0,,,,,,,,,,,,,,,,,,,,,,,,,,,,,,,,,,,,,,,,,,,,,,,,,,,,,,,,,,,,,,,,,,,,,,,,,,,,,,,,,,,,,,,,,,,,,,,,,,,,,,,,,,,,,,,,,,,,,,,,,,,,,,,,,,,,,,,,,,,,,,,,,,,,,,,,,,,,,,,,,,,,,,,,,,,,,,,,,,,,
TT.63530000,5901597241881,,LED profile PHIL53 C10 alu raw 2m,"LED profil, PHIL53, nadgradni, C10, alu surov, 2m, 1/8, (R2)",00001602,91086973,,m,76042100,PL,0,,0.753,,0,,2000,mm,33.4,mm,33.4,mm,,,,,29.51,,,,22,0,,,,,,,,,,,,,,,,,,,,,,,,,,,,,,,,,,,,,,,,,,,,,,,,,,,,,,,,,,,,,,,,,,,,,,,,,,,,,,,,,,,,,,,,,,,,,,,,,,,,,,,,,,,,,,,,,,,,,,,,,,,,,,,,,,,,,,,,,,,,,,,,,,,,,,,,,,,,,,,,,,,,,,,,,,,,,,,,,,,,
TT.63530001,5901597200802,,LED profile PHIL53 C10 white mat 2m,"LED profil, PHIL53, nadgradni, C10, bel mat, 2m, 1/6, (R2)",00001602,91086973,,m,76042100,PL,0,,1.196,,0,,2000,mm,77,mm,36,mm,,,,,52.56,,,,22,0,,,,,,,,,,,,,,,,,,,,,,,,,,,,,,,,,,,,,,,,,,,,,,,,,,,,,,,,,,,,,,,,,,,,,,,,,,,,,,,,,,,,,,,,,,,,,,,,,,,,,,,,,,,,,,,,,,,,,,,,,,,,,,,,,,,,,,,,,,,,,,,,,,,,,,,,,,,,,,,,,,,,,,,,,,,,,,,,,,,,
TT.63530002,5901597200819,,LED profile PHIL53 C10 black anodized 2m,"LED profil, PHIL53, nadgradni, C10, črn anodiziran, 2m, 1/6, (R2)",00001602,91086973,,m,76042100,PL,0,,0.824,,0,,2000,mm,33.4,mm,33.4,mm,,,,,52.56,,,,22,0,,,,,,,,,,,,,,,,,,,,,,,,,,,,,,,,,,,,,,,,,,,,,,,,,,,,,,,,,,,,,,,,,,,,,,,,,,,,,,,,,,,,,,,,,,,,,,,,,,,,,,,,,,,,,,,,,,,,,,,,,,,,,,,,,,,,,,,,,,,,,,,,,,,,,,,,,,,,,,,,,,,,,,,,,,,,,,,,,,,,
TT.63530020,5901597205869,,LED profile PHIL53 C10 alu anodized 2m,"LED profil, PHIL53, nadgradni, C10, alu anodiziran, 2m, 1/6, (R2)",00001602,91086973,,m,76042100,PL,0,,1.196,,0,,2000,mm,53,mm,53,mm,,,,,45.56,,,,22,0,,,,,,,,,,,,,,,,,,,,,,,,,,,,,,,,,,,,,,,,,,,,,,,,,,,,,,,,,,,,,,,,,,,,,,,,,,,,,,,,,,,,,,,,,,,,,,,,,,,,,,,,,,,,,,,,,,,,,,,,,,,,,,,,,,,,,,,,,,,,,,,,,,,,,,,,,,,,,,,,,,,,,,,,,,,,,,,,,,,,
TT.63560000,5901597241959,,Cover type C10 click alu raw 2m,Pokrov tip C10 aluminij alu surov 2m,00001602,91086973,,m,94059200,PL,0.2,,0.2,,0,,6.6,2000,50,2000,0,2000,,,,,7.54,,,,22,0,,,,,,,,,,,,,,,,,,,,,,,,,,,,,,,,,,,,,,,,,,,,,,,,,,,,,,,,,,,,,,,,,,,,,,,,,,,,,,,,,,,,,,,,,,,,,,,,,,,,,,,,,,,,,,,,,,,,,,,,,,,,,,,,,,,,,,,,,,,,,,,,,,,,,,,,,,,,,,,,,,,,,,,,,,,,,,,,,,,,
TT.63560001,5901597241928,,Cover type C10 click white mat 2m,Pokrov tip C10 aluminij bel mat 2m,00001602,91086973,,m,94059200,PL,0.082,,0.082,,0,,6.6,2000,50,2000,0,2000,,,,,14.22,,,,22,0,,,,,,,,,,,,,,,,,,,,,,,,,,,,,,,,,,,,,,,,,,,,,,,,,,,,,,,,,,,,,,,,,,,,,,,,,,,,,,,,,,,,,,,,,,,,,,,,,,,,,,,,,,,,,,,,,,,,,,,,,,,,,,,,,,,,,,,,,,,,,,,,,,,,,,,,,,,,,,,,,,,,,,,,,,,,,,,,,,,,
TT.63560002,5901597200581,,Cover type C10 click black 2m,Pokrov tip C10 aluminij črn 2m,00001602,91086973,,m,94059200,PL,0.02,,0.02,,0,,6.6,2000,50,2000,0,2000,,,,,14.53,,,,22,0,,,,,,,,,,,,,,,,,,,,,,,,,,,,,,,,,,,,,,,,,,,,,,,,,,,,,,,,,,,,,,,,,,,,,,,,,,,,,,,,,,,,,,,,,,,,,,,,,,,,,,,,,,,,,,,,,,,,,,,,,,,,,,,,,,,,,,,,,,,,,,,,,,,,,,,,,,,,,,,,,,,,,,,,,,,,,,,,,,,,
TT.63560020,5901597217534,,Cover type C10 click alu anodized 2m,Pokrov tip C10 aluminij alu anodiziran 2m,00001602,91086973,,m,94059200,PL,0.2,,0.2,,0,,50,2000,6.6,2000,0,2000,,,,,11.54,,,,22,0,,,,,,,,,,,,,,,,,,,,,,,,,,,,,,,,,,,,,,,,,,,,,,,,,,,,,,,,,,,,,,,,,,,,,,,,,,,,,,,,,,,,,,,,,,,,,,,,,,,,,,,,,,,,,,,,,,,,,,,,,,,,,,,,,,,,,,,,,,,,,,,,,,,,,,,,,,,,,,,,,,,,,,,,,,,,,,,,,,,,
TT.63590000,5901597217572,,Cover type C10 WIDE click transparent 2m,Pokrov tip C10 WIDE PC prozoren 2m,00001602,91086973,,m,94059200,PL,0.1,,0.1,,0,,50,2000,6.6,2000,0,2000,,,,,15.99,,,,22,0,,,,,,,,,,,,,,,,,,,,,,,,,,,,,,,,,,,,,,,,,,,,,,,,,,,,,,,,,,,,,,,,,,,,,,,,,,,,,,,,,,,,,,,,,,,,,,,,,,,,,,,,,,,,,,,,,,,,,,,,,,,,,,,,,,,,,,,,,,,,,,,,,,,,,,,,,,,,,,,,,,,,,,,,,,,,,,,,,,,,
TT.63620000,5901597217596,,Cover type C10 NARROW click transparent 2m,Pokrov tip C10 NARROW PC prozoren 2m,00001602,91086973,,m,94059200,PL,0.1,,0.1,,0,,46,2000,7,2000,0,2000,,,,,17.54,,,,22,0,,,,,,,,,,,,,,,,,,,,,,,,,,,,,,,,,,,,,,,,,,,,,,,,,,,,,,,,,,,,,,,,,,,,,,,,,,,,,,,,,,,,,,,,,,,,,,,,,,,,,,,,,,,,,,,,,,,,,,,,,,,,,,,,,,,,,,,,,,,,,,,,,,,,,,,,,,,,,,,,,,,,,,,,,,,,,,,,,,,,
TT.63640001,5901597236771,,End cap PHIL53 white C10 L+R,"Zaključni element (kapa), PHIL53, bel, 1/10, (R2)",00001602,91086973,,kom,94059200,PL,0.02,,0.02,,0,,10,mm,100,mm,160,mm,,,,,3.4,,,,22,0,,,,,,,,,,,,,,,,,,,,,,,,,,,,,,,,,,,,,,,,,,,,,,,,,,,,,,,,,,,,,,,,,,,,,,,,,,,,,,,,,,,,,,,,,,,,,,,,,,,,,,,,,,,,,,,,,,,,,,,,,,,,,,,,,,,,,,,,,,,,,,,,,,,,,,,,,,,,,,,,,,,,,,,,,,,,,,,,,,,,
TT.63640002,5901597215318,,End cap PHIL53 black C10 L+R,"Zaključni element (kapa), PHIL, črn, 1/10, (R2)",00001602,91086973,,kom,94059200,PL,0.001,,0.001,,0,,10,mm,100,mm,160,mm,,,,,3.4,,,,22,0,,,,,,,,,,,,,,,,,,,,,,,,,,,,,,,,,,,,,,,,,,,,,,,,,,,,,,,,,,,,,,,,,,,,,,,,,,,,,,,,,,,,,,,,,,,,,,,,,,,,,,,,,,,,,,,,,,,,,,,,,,,,,,,,,,,,,,,,,,,,,,,,,,,,,,,,,,,,,,,,,,,,,,,,,,,,,,,,,,,,
TT.63640022,5901597217107,,End cap PHIL53 grey C10 L+R,"Zaključni element (kapa), PHIL, siv, 1/10, (R2)",00001602,91086973,,kom,94059200,PL,0.001,,0.001,,0,,10,mm,100,mm,160,mm,,,,,3.4,,,,22,0,,,,,,,,,,,,,,,,,,,,,,,,,,,,,,,,,,,,,,,,,,,,,,,,,,,,,,,,,,,,,,,,,,,,,,,,,,,,,,,,,,,,,,,,,,,,,,,,,,,,,,,,,,,,,,,,,,,,,,,,,,,,,,,,,,,,,,,,,,,,,,,,,,,,,,,,,,,,,,,,,,,,,,,,,,,,,,,,,,,,
TT.63640040,5901597215325,,End cap PHIL53 silver C10 L+R,"Zaključni element (kapa), PHIL, srebrn, 1/10, (R2)",00001602,91086973,,kom,94059200,PL,0.001,,0.001,,0,,10,mm,100,mm,160,mm,,,,,5.13,,,,22,0,,,,,,,,,,,,,,,,,,,,,,,,,,,,,,,,,,,,,,,,,,,,,,,,,,,,,,,,,,,,,,,,,,,,,,,,,,,,,,,,,,,,,,,,,,,,,,,,,,,,,,,,,,,,,,,,,,,,,,,,,,,,,,,,,,,,,,,,,,,,,,,,,,,,,,,,,,,,,,,,,,,,,,,,,,,,,,,,,,,,
TT.63690038,5901597217619,,Cover type C10 click milky transparent mat-microprismatic 2m,Pokrov tip C10 PMMA mlečno prozoren mat-mikroprizmatičen 2m,00001602,91086973,,m,94059200,PL,0.1,,0.1,,0,,46,2000,7,2000,0,2000,,,,,15.99,,,,22,0,,,,,,,,,,,,,,,,,,,,,,,,,,,,,,,,,,,,,,,,,,,,,,,,,,,,,,,,,,,,,,,,,,,,,,,,,,,,,,,,,,,,,,,,,,,,,,,,,,,,,,,,,,,,,,,,,,,,,,,,,,,,,,,,,,,,,,,,,,,,,,,,,,,,,,,,,,,,,,,,,,,,,,,,,,,,,,,,,,,,
TT.63720001,5901597254331,,LED profile PHIL53 C10 white mat 3m,"LED profil, PHIL53, nadgradni, C10, bel mat, 3m, (R2)",00001602,91086973,,m,76102100,PL,0,,0,,0,,2000,mm,20.6,mm,6.6,mm,,,,,53.62,,,,22,0,,,,,,,,,,,,,,,,,,,,,,,,,,,,,,,,,,,,,,,,,,,,,,,,,,,,,,,,,,,,,,,,,,,,,,,,,,,,,,,,,,,,,,,,,,,,,,,,,,,,,,,,,,,,,,,,,,,,,,,,,,,,,,,,,,,,,,,,,,,,,,,,,,,,,,,,,,,,,,,,,,,,,,,,,,,,,,,,,,,,
TT.67020000,5901597221272,,,"Kabel s konektorjem , MICRO3, Število žic: 3x0,35, črn, 0,05m, (R2)",00001602,91086973,,kom,85444290,PL,0.002,,0.002,,0,,0,mm,0,mm,0,mm,,,,,0.9,,,,22,0,,,,,,,,,,,,,,,,,,,,,,,,,,,,,,,,,,,,,,,,,,,,,,,,,,,,,,,,,,,,,,,,,,,,,,,,,,,,,,,,,,,,,,,,,,,,,,,,,,,,,,,,,,,,,,,,,,,,,,,,,,,,,,,,,,,,,,,,,,,,,,,,,,,,,,,,,,,,,,,,,,,,,,,,,,,,,,,,,,,,
TT.67030000,5901597221265,,,"Kabel s konektorjem , MICRO3, Število žic: 3x0,35, črn, 1,8m, (R2)",00001602,91086973,,kom,85444290,PL,0.019,,0.019,,0,,0,mm,0,mm,0,mm,,,,,1.7,,,,22,0,,,,,,,,,,,,,,,,,,,,,,,,,,,,,,,,,,,,,,,,,,,,,,,,,,,,,,,,,,,,,,,,,,,,,,,,,,,,,,,,,,,,,,,,,,,,,,,,,,,,,,,,,,,,,,,,,,,,,,,,,,,,,,,,,,,,,,,,,,,,,,,,,,,,,,,,,,,,,,,,,,,,,,,,,,,,,,,,,,,,
TT.67040000,5901597221234,,,"RGB razdelilec, MICRO4, Število žic: 4x0,35, zelen/moder/rdeč/črn, 0,2m, (R2)",00001602,91086973,,kom,85444290,PL,0.003,,0.003,,0,,0,mm,0,mm,0,mm,,,,,,,,,22,0,,,,,,,,,,,,,,,,,,,,,,,,,,,,,,,,,,,,,,,,,,,,,,,,,,,,,,,,,,,,,,,,,,,,,,,,,,,,,,,,,,,,,,,,,,,,,,,,,,,,,,,,,,,,,,,,,,,,,,,,,,,,,,,,,,,,,,,,,,,,,,,,,,,,,,,,,,,,,,,,,,,,,,,,,,,,,,,,,,,,
TT.67050000,5901597221227,,,"Kabel s konektorjem , MICRO4, Število žic: 4x0,35, zelen/moder/rdeč/črn, 0,05m, (R2)",00001602,91086973,,kom,85444290,PL,0.003,,0.003,,0,,0,mm,0,mm,0,mm,,,,,1.02,,,,22,0,,,,,,,,,,,,,,,,,,,,,,,,,,,,,,,,,,,,,,,,,,,,,,,,,,,,,,,,,,,,,,,,,,,,,,,,,,,,,,,,,,,,,,,,,,,,,,,,,,,,,,,,,,,,,,,,,,,,,,,,,,,,,,,,,,,,,,,,,,,,,,,,,,,,,,,,,,,,,,,,,,,,,,,,,,,,,,,,,,,,
TT.67060000,5901597221210,,,"Kabel s konektorjem , MICRO4, Število žic: 4x0,35, zelen/moder/rdeč/črn, 1,8m, (R2)",00001602,91086973,,kom,85444290,PL,0.041,,0.041,,0,,0,mm,0,mm,0,mm,,,,,2.38,,,,22,0,,,,,,,,,,,,,,,,,,,,,,,,,,,,,,,,,,,,,,,,,,,,,,,,,,,,,,,,,,,,,,,,,,,,,,,,,,,,,,,,,,,,,,,,,,,,,,,,,,,,,,,,,,,,,,,,,,,,,,,,,,,,,,,,,,,,,,,,,,,,,,,,,,,,,,,,,,,,,,,,,,,,,,,,,,,,,,,,,,,,
TT.67120001,5901597236955,,SELV sling SELV white,"Obešalni pribor SELV, za LED profil, bel, (R2)",00001602,91086973,,kom,83024900,PL,0.073,,0.073,,0,,10,mm,100,mm,160,mm,,,,,56.3,,,,22,10,,,,,,,,,,,,,,,,,,,,,,,,,,,,,,,,,,,,,,,,,,,,,,,,,,,,,,,,,,,,,,,,,,,,,,,,,,,,,,,,,,,,,,,,,,,,,,,,,,,,,,,,,,,,,,,,,,,,,,,,,,,,,,,,,,,,,,,,,,,,,,,,,,,,,,,,,,,,,,,,,,,,,,,,,,,,,,,,,,,,
TT.67120002,5901597236962,,SELV sling SELV black,"Obešalni pribor SELV, za LED profil, črn, (R2)",00001602,91086973,,kom,83024900,PL,0.073,,0.073,,0,,10,mm,100,mm,160,mm,,,,,56.3,,,,22,10,,,,,,,,,,,,,,,,,,,,,,,,,,,,,,,,,,,,,,,,,,,,,,,,,,,,,,,,,,,,,,,,,,,,,,,,,,,,,,,,,,,,,,,,,,,,,,,,,,,,,,,,,,,,,,,,,,,,,,,,,,,,,,,,,,,,,,,,,,,,,,,,,,,,,,,,,,,,,,,,,,,,,,,,,,,,,,,,,,,,
TT.67120022,5901597236979,,SELV sling SELV silver,"Obešalni pribor SELV, za LED profil, srebrn, (R2)",00001602,91086973,,kom,83024900,PL,0.073,,0.073,,0,,10,mm,100,mm,160,mm,,,,,56.3,,,,22,10,,,,,,,,,,,,,,,,,,,,,,,,,,,,,,,,,,,,,,,,,,,,,,,,,,,,,,,,,,,,,,,,,,,,,,,,,,,,,,,,,,,,,,,,,,,,,,,,,,,,,,,,,,,,,,,,,,,,,,,,,,,,,,,,,,,,,,,,,,,,,,,,,,,,,,,,,,,,,,,,,,,,,,,,,,,,,,,,,,,,
TT.67140003,5901597237020,,SELV sling SLING chrome,"Obešalni pribor, za LED profil, krom, (R2)",00001602,91086973,,kom,83024900,PL,0.073,,0.073,,0,,10,mm,100,mm,160,mm,,,,,21.01,,,,22,10,,,,,,,,,,,,,,,,,,,,,,,,,,,,,,,,,,,,,,,,,,,,,,,,,,,,,,,,,,,,,,,,,,,,,,,,,,,,,,,,,,,,,,,,,,,,,,,,,,,,,,,,,,,,,,,,,,,,,,,,,,,,,,,,,,,,,,,,,,,,,,,,,,,,,,,,,,,,,,,,,,,,,,,,,,,,,,,,,,,,
TT.67230001,5901597240471,,Holder universal Adjustable white 20pcs,"Nosilec univerzalni nastavljivi 135°, za LED profil, bel, (R2)",00001602,91086973,,kom,83024900,PL,0.15,,0.15,,0,,10,mm,100,mm,160,mm,,,,,16.6,,,,22,10,,,,,,,,,,,,,,,,,,,,,,,,,,,,,,,,,,,,,,,,,,,,,,,,,,,,,,,,,,,,,,,,,,,,,,,,,,,,,,,,,,,,,,,,,,,,,,,,,,,,,,,,,,,,,,,,,,,,,,,,,,,,,,,,,,,,,,,,,,,,,,,,,,,,,,,,,,,,,,,,,,,,,,,,,,,,,,,,,,,,
TT.67230040,5901597240501,,,"Nosilec univerzalni nastavljivi 135°, za LED profil, srebrn, (R2)",00001602,91086973,,kom,83024900,PL,0,,0,,0,,0,mm,0,mm,0,mm,,,,,17.32,,,,22,10,,,,,,,,,,,,,,,,,,,,,,,,,,,,,,,,,,,,,,,,,,,,,,,,,,,,,,,,,,,,,,,,,,,,,,,,,,,,,,,,,,,,,,,,,,,,,,,,,,,,,,,,,,,,,,,,,,,,,,,,,,,,,,,,,,,,,,,,,,,,,,,,,,,,,,,,,,,,,,,,,,,,,,,,,,,,,,,,,,,,
TT.68540020,5901597205302,,LED profile MIKRO10 for glass alu anodized 2m,"LED profil, MIKRO10, za steklo, alu anodiziran, 2m, 1/50, (R2)",00001602,91086973,,m,76042100,PL,0,,0.676,,0,,2000,mm,18,mm,12.5,mm,,,,,9.37,,,,22,0,,,,,,,,,,,,,,,,,,,,,,,,,,,,,,,,,,,,,,,,,,,,,,,,,,,,,,,,,,,,,,,,,,,,,,,,,,,,,,,,,,,,,,,,,,,,,,,,,,,,,,,,,,,,,,,,,,,,,,,,,,,,,,,,,,,,,,,,,,,,,,,,,,,,,,,,,,,,,,,,,,,,,,,,,,,,,,,,,,,,
TT.68550000,5901597204312,,End cap MIKRO10 transparent,"Zaključni element (kapa), MIKRO10, prozoren, 1/10, (R2)",00001602,91086973,,kom,94059200,PL,0.01,,0.01,,0,,10,mm,100,mm,160,mm,,,,,0.52,,,,22,0,,,,,,,,,,,,,,,,,,,,,,,,,,,,,,,,,,,,,,,,,,,,,,,,,,,,,,,,,,,,,,,,,,,,,,,,,,,,,,,,,,,,,,,,,,,,,,,,,,,,,,,,,,,,,,,,,,,,,,,,,,,,,,,,,,,,,,,,,,,,,,,,,,,,,,,,,,,,,,,,,,,,,,,,,,,,,,,,,,,,
TT.68550022,5901597204558,,End cap MIKRO10 grey,"Zaključni element (kapa), MIKRO10, siv, 1/10, (R2)",00001602,91086973,,kom,94059200,PL,0.01,,0.01,,0,,10,mm,100,mm,160,mm,,,,,0.52,,,,22,0,,,,,,,,,,,,,,,,,,,,,,,,,,,,,,,,,,,,,,,,,,,,,,,,,,,,,,,,,,,,,,,,,,,,,,,,,,,,,,,,,,,,,,,,,,,,,,,,,,,,,,,,,,,,,,,,,,,,,,,,,,,,,,,,,,,,,,,,,,,,,,,,,,,,,,,,,,,,,,,,,,,,,,,,,,,,,,,,,,,,
TT.68550040,5901597256595,,End cap MIKRO10 silver,"Zaključni element (kapa), MIKRO10, srebrn, 1/10, (R2)",00001602,91086973,,kom,94059200,PL,0,,0,,0,,10,mm,100,mm,160,mm,,,,,0.56,,,,22,0,,,,,,,,,,,,,,,,,,,,,,,,,,,,,,,,,,,,,,,,,,,,,,,,,,,,,,,,,,,,,,,,,,,,,,,,,,,,,,,,,,,,,,,,,,,,,,,,,,,,,,,,,,,,,,,,,,,,,,,,,,,,,,,,,,,,,,,,,,,,,,,,,,,,,,,,,,,,,,,,,,,,,,,,,,,,,,,,,,,,
TT.70280000,5901597205227,,LED profile MIKRO-LINE12 for glass J alu raw 2m,"LED profil, MIKRO-LINE12, za steklo, J, alu surov, 2m, 1/25, (R2)",00001602,91086973,,m,76042100,PL,0,,1.168,,0,,2000,mm,27,mm,16,mm,,,,,8.52,,,,22,0,,,,,,,,,,,,,,,,,,,,,,,,,,,,,,,,,,,,,,,,,,,,,,,,,,,,,,,,,,,,,,,,,,,,,,,,,,,,,,,,,,,,,,,,,,,,,,,,,,,,,,,,,,,,,,,,,,,,,,,,,,,,,,,,,,,,,,,,,,,,,,,,,,,,,,,,,,,,,,,,,,,,,,,,,,,,,,,,,,,,
TT.70280020,5901597205241,,LED profile MIKRO-LINE12 for glass J alu anodized 2m,"LED profil, MIKRO-LINE12, za steklo, J, alu anodiziran, 2m, 1/25, (R2)",00001602,91086973,,m,76042100,PL,0,,1.108,,0,,2000,mm,27,mm,16,mm,,,,,12.47,,,,22,0,,,,,,,,,,,,,,,,,,,,,,,,,,,,,,,,,,,,,,,,,,,,,,,,,,,,,,,,,,,,,,,,,,,,,,,,,,,,,,,,,,,,,,,,,,,,,,,,,,,,,,,,,,,,,,,,,,,,,,,,,,,,,,,,,,,,,,,,,,,,,,,,,,,,,,,,,,,,,,,,,,,,,,,,,,,,,,,,,,,,
TT.70290000,5901597204275,,End cap MIKRO-LINE12 transparent J,"Zaključni element (kapa), MIKRO-LINE12, prozoren, 1/10, (R2)",00001602,91086973,,kom,94059200,PL,0.03,,0.03,,0,,10,mm,100,mm,160,mm,,,,,0.52,,,,22,0,,,,,,,,,,,,,,,,,,,,,,,,,,,,,,,,,,,,,,,,,,,,,,,,,,,,,,,,,,,,,,,,,,,,,,,,,,,,,,,,,,,,,,,,,,,,,,,,,,,,,,,,,,,,,,,,,,,,,,,,,,,,,,,,,,,,,,,,,,,,,,,,,,,,,,,,,,,,,,,,,,,,,,,,,,,,,,,,,,,,
TT.70290022,5901597204534,,End cap MIKRO-LINE12 grey J 10set,"Zaključni element (kapa), MIKRO-LINE12, siv, 1/10, (R2)",00001602,91086973,,kom,94059200,PL,0.03,,0.03,,0,,10,mm,100,mm,160,mm,,,,,0.52,,,,22,0,,,,,,,,,,,,,,,,,,,,,,,,,,,,,,,,,,,,,,,,,,,,,,,,,,,,,,,,,,,,,,,,,,,,,,,,,,,,,,,,,,,,,,,,,,,,,,,,,,,,,,,,,,,,,,,,,,,,,,,,,,,,,,,,,,,,,,,,,,,,,,,,,,,,,,,,,,,,,,,,,,,,,,,,,,,,,,,,,,,,
TT.70290040,5901597202776,,End cap MIKRO-LINE12 silver 20pcs,"Zaključni element (kapa), MIKRO-LINE12, srebrn, 1/10, (R2)",00001602,91086973,,kom,94059200,PL,0.001,,0.001,,0,,10,mm,100,mm,160,mm,,,,,0.56,,,,22,0,,,,,,,,,,,,,,,,,,,,,,,,,,,,,,,,,,,,,,,,,,,,,,,,,,,,,,,,,,,,,,,,,,,,,,,,,,,,,,,,,,,,,,,,,,,,,,,,,,,,,,,,,,,,,,,,,,,,,,,,,,,,,,,,,,,,,,,,,,,,,,,,,,,,,,,,,,,,,,,,,,,,,,,,,,,,,,,,,,,,
TT.70300000,5901597204299,,End cap MIKRO-LINE12 LINIA transparent J,"Zaključni element (kapa), MIKRO-LINE12 LINIA, prozoren, 1/10, (R2)",00001602,91086973,,kom,94059200,PL,0.03,,0.03,,0,,10,mm,100,mm,160,mm,,,,,0.52,,,,22,0,,,,,,,,,,,,,,,,,,,,,,,,,,,,,,,,,,,,,,,,,,,,,,,,,,,,,,,,,,,,,,,,,,,,,,,,,,,,,,,,,,,,,,,,,,,,,,,,,,,,,,,,,,,,,,,,,,,,,,,,,,,,,,,,,,,,,,,,,,,,,,,,,,,,,,,,,,,,,,,,,,,,,,,,,,,,,,,,,,,,
TT.70300022,5901597204541,,End cap MIKRO-LINE12 LINIA grey J,"Zaključni element (kapa), MIKRO-LINE12 LINIA, siv, 1/10, (R2)",00001602,91086973,,kom,94059200,PL,0.03,,0.03,,0,,10,mm,100,mm,160,mm,,,,,0.52,,,,22,0,,,,,,,,,,,,,,,,,,,,,,,,,,,,,,,,,,,,,,,,,,,,,,,,,,,,,,,,,,,,,,,,,,,,,,,,,,,,,,,,,,,,,,,,,,,,,,,,,,,,,,,,,,,,,,,,,,,,,,,,,,,,,,,,,,,,,,,,,,,,,,,,,,,,,,,,,,,,,,,,,,,,,,,,,,,,,,,,,,,,
TT.70300040,5901597204305,,End cap MIKRO-LINE12 LINIA silver J,"Zaključni element (kapa), MIKRO-LINE12 LINIA, srebrn, 1/10, (R2)",00001602,91086973,,kom,94059200,PL,0.03,,0.03,,0,,10,mm,100,mm,160,mm,,,,,0.56,,,,22,0,,,,,,,,,,,,,,,,,,,,,,,,,,,,,,,,,,,,,,,,,,,,,,,,,,,,,,,,,,,,,,,,,,,,,,,,,,,,,,,,,,,,,,,,,,,,,,,,,,,,,,,,,,,,,,,,,,,,,,,,,,,,,,,,,,,,,,,,,,,,,,,,,,,,,,,,,,,,,,,,,,,,,,,,,,,,,,,,,,,,
TT.70330016,5901597208945,,Cover type J slide transparent 2m,Pokrov tip J slide PC prozoren 2m,00001602,91086973,,m,94059200,PL,0.004,,0.004,,0,,8,2000,1,2000,0,2000,,,,,0.8,,,,22,0,,,,,,,,,,,,,,,,,,,,,,,,,,,,,,,,,,,,,,,,,,,,,,,,,,,,,,,,,,,,,,,,,,,,,,,,,,,,,,,,,,,,,,,,,,,,,,,,,,,,,,,,,,,,,,,,,,,,,,,,,,,,,,,,,,,,,,,,,,,,,,,,,,,,,,,,,,,,,,,,,,,,,,,,,,,,,,,,,,,,
TT.70330038,5901597203308,,Cover type J slide milky transparent mat 2m,Pokrov tip J slide PP mlečno prozoren mat 2m,00001602,91086973,,m,94059200,PL,0.04,,0.04,,0,,12.4,2000,1,2000,0,2000,,,,,0.78,,,,22,0,,,,,,,,,,,,,,,,,,,,,,,,,,,,,,,,,,,,,,,,,,,,,,,,,,,,,,,,,,,,,,,,,,,,,,,,,,,,,,,,,,,,,,,,,,,,,,,,,,,,,,,,,,,,,,,,,,,,,,,,,,,,,,,,,,,,,,,,,,,,,,,,,,,,,,,,,,,,,,,,,,,,,,,,,,,,,,,,,,,,
TT.70330039,5901597208938,,Cover type J slide frosted 2m,Pokrov tip J slide PP motno prozoren 2m,00001602,91086973,,m,94059200,PL,0.004,,0.004,,0,,8,2000,1,2000,0,2000,,,,,0.67,,,,22,0,,,,,,,,,,,,,,,,,,,,,,,,,,,,,,,,,,,,,,,,,,,,,,,,,,,,,,,,,,,,,,,,,,,,,,,,,,,,,,,,,,,,,,,,,,,,,,,,,,,,,,,,,,,,,,,,,,,,,,,,,,,,,,,,,,,,,,,,,,,,,,,,,,,,,,,,,,,,,,,,,,,,,,,,,,,,,,,,,,,,
TT.76210000,5901597206217,,LED profile GROOVE10 recessed BC/UX alu raw 2m,"LED profil, GROOVE10, vgradni, BC/UX, alu surov, 2m, 1/50, (R2)",00001602,91086973,,m,76042100,PL,0,,0.804,,0,,2000,mm,28,mm,53,mm,,,,,4.41,,,,22,0,,,,,,,,,,,,,,,,,,,,,,,,,,,,,,,,,,,,,,,,,,,,,,,,,,,,,,,,,,,,,,,,,,,,,,,,,,,,,,,,,,,,,,,,,,,,,,,,,,,,,,,,,,,,,,,,,,,,,,,,,,,,,,,,,,,,,,,,,,,,,,,,,,,,,,,,,,,,,,,,,,,,,,,,,,,,,,,,,,,,
TT.76210001,5901597203728,,LED profile GROOVE10 recessed BC/UX white mat 2m,"LED profil, GROOVE10, vgradni, BC/UX, bel mat, 2m, 1/100, (R2)",00001602,91086973,,m,76042100,PL,0,,0.444,,0,,2000,mm,24,mm,7,mm,,,,,8.39,,,,22,0,,,,,,,,,,,,,,,,,,,,,,,,,,,,,,,,,,,,,,,,,,,,,,,,,,,,,,,,,,,,,,,,,,,,,,,,,,,,,,,,,,,,,,,,,,,,,,,,,,,,,,,,,,,,,,,,,,,,,,,,,,,,,,,,,,,,,,,,,,,,,,,,,,,,,,,,,,,,,,,,,,,,,,,,,,,,,,,,,,,,
TT.76210020,5901597201120,,LED profile GROOVE10 recessed BC/UX alu anodized 2m,"LED profil, GROOVE10, vgradni, BC/UX, alu anodiziran, 2m, 1/50, (R2)",00001602,91086973,,m,76042100,PL,0,,0.444,,0,,2000,mm,24,mm,7,mm,,,,,5.43,,,,22,0,,,,,,,,,,,,,,,,,,,,,,,,,,,,,,,,,,,,,,,,,,,,,,,,,,,,,,,,,,,,,,,,,,,,,,,,,,,,,,,,,,,,,,,,,,,,,,,,,,,,,,,,,,,,,,,,,,,,,,,,,,,,,,,,,,,,,,,,,,,,,,,,,,,,,,,,,,,,,,,,,,,,,,,,,,,,,,,,,,,,
TT.76210021,5901597203704,,LED profile GROOVE10 recessed BC/UX black anodized 2m,LED PROFIL GROOVE10 vgradni BC/UX črn anodiziran 2m,00001602,91086973,,m,76042100,PL,0,,0.444,,0,,2000,mm,24,mm,7,mm,,,,,8.1,,,,22,0,,,,,,,,,,,,,,,,,,,,,,,,,,,,,,,,,,,,,,,,,,,,,,,,,,,,,,,,,,,,,,,,,,,,,,,,,,,,,,,,,,,,,,,,,,,,,,,,,,,,,,,,,,,,,,,,,,,,,,,,,,,,,,,,,,,,,,,,,,,,,,,,,,,,,,,,,,,,,,,,,,,,,,,,,,,,,,,,,,,,
TT.76250016,5901597203049,,Cover type B slide transparent 2m,Pokrov tip B slide PC prozoren 2m,00001602,91086973,,m,94059200,PL,0.03,,0.03,,0,,15.4,2000,1,2000,0,2000,,,,,0.78,,,,22,0,,,,,,,,,,,,,,,,,,,,,,,,,,,,,,,,,,,,,,,,,,,,,,,,,,,,,,,,,,,,,,,,,,,,,,,,,,,,,,,,,,,,,,,,,,,,,,,,,,,,,,,,,,,,,,,,,,,,,,,,,,,,,,,,,,,,,,,,,,,,,,,,,,,,,,,,,,,,,,,,,,,,,,,,,,,,,,,,,,,,
TT.76250038,5901597201212,,Cover type B slide milky transparent mat 2m,Pokrov tip B slide PP mlečno prozoren mat 2m,00001602,91086973,,m,94059200,PL,0.04,,0.04,,0,,15.4,2000,1,2000,0,2000,,,,,0.78,,,,22,0,,,,,,,,,,,,,,,,,,,,,,,,,,,,,,,,,,,,,,,,,,,,,,,,,,,,,,,,,,,,,,,,,,,,,,,,,,,,,,,,,,,,,,,,,,,,,,,,,,,,,,,,,,,,,,,,,,,,,,,,,,,,,,,,,,,,,,,,,,,,,,,,,,,,,,,,,,,,,,,,,,,,,,,,,,,,,,,,,,,,
TT.76250039,5901597201229,,Cover type B slide frosted 2m,Pokrov tip B slide PP motno prozoren 2m,00001602,91086973,,m,94059200,PL,0.021,,0.021,,0,,15.4,2000,0.8,2000,0,2000,,,,,0.63,,,,22,0,,,,,,,,,,,,,,,,,,,,,,,,,,,,,,,,,,,,,,,,,,,,,,,,,,,,,,,,,,,,,,,,,,,,,,,,,,,,,,,,,,,,,,,,,,,,,,,,,,,,,,,,,,,,,,,,,,,,,,,,,,,,,,,,,,,,,,,,,,,,,,,,,,,,,,,,,,,,,,,,,,,,,,,,,,,,,,,,,,,,
TT.76260000,5901597201274,,Mounting plate X alu 20pcs,"Montažna ploščica X, za LED profil, alu, (R2)",00001602,91086973,,kom,83024900,PL,0.03,,0.03,,0,,10,mm,100,mm,160,mm,,,,,1.24,,,,22,10,,,,,,,,,,,,,,,,,,,,,,,,,,,,,,,,,,,,,,,,,,,,,,,,,,,,,,,,,,,,,,,,,,,,,,,,,,,,,,,,,,,,,,,,,,,,,,,,,,,,,,,,,,,,,,,,,,,,,,,,,,,,,,,,,,,,,,,,,,,,,,,,,,,,,,,,,,,,,,,,,,,,,,,,,,,,,,,,,,,,
TT.76300000,5901597203087,,Cover type C-lense click transparent 2m,Pokrov tip C-leča PC prozoren 2m,00001602,91086973,,m,94059200,PL,0.12,,0.12,,0,,13,2000,3.7,2000,0,2000,,,,,8.06,,,,22,0,,,,,,,,,,,,,,,,,,,,,,,,,,,,,,,,,,,,,,,,,,,,,,,,,,,,,,,,,,,,,,,,,,,,,,,,,,,,,,,,,,,,,,,,,,,,,,,,,,,,,,,,,,,,,,,,,,,,,,,,,,,,,,,,,,,,,,,,,,,,,,,,,,,,,,,,,,,,,,,,,,,,,,,,,,,,,,,,,,,,
TT.76330000,5901597201205,,Cover type C click transparent 2m,Pokrov tip C klik PMMA prozoren 2m,00001602,91086973,,m,94059200,PL,0.046,,0.046,,0,,13,2000,3.7,2000,0,2000,,,,,2.3,,,,22,0,,,,,,,,,,,,,,,,,,,,,,,,,,,,,,,,,,,,,,,,,,,,,,,,,,,,,,,,,,,,,,,,,,,,,,,,,,,,,,,,,,,,,,,,,,,,,,,,,,,,,,,,,,,,,,,,,,,,,,,,,,,,,,,,,,,,,,,,,,,,,,,,,,,,,,,,,,,,,,,,,,,,,,,,,,,,,,,,,,,,
TT.76330038,5901597203063,,Cover type C click milky transparent mat 2m,Pokrov tip C klik PMMA mlečno prozoren mat 2m,00001602,91086973,,m,94059200,PL,0.047,,0.047,,0,,13,2000,3.7,2000,0,2000,,,,,2.32,,,,22,0,,,,,,,,,,,,,,,,,,,,,,,,,,,,,,,,,,,,,,,,,,,,,,,,,,,,,,,,,,,,,,,,,,,,,,,,,,,,,,,,,,,,,,,,,,,,,,,,,,,,,,,,,,,,,,,,,,,,,,,,,,,,,,,,,,,,,,,,,,,,,,,,,,,,,,,,,,,,,,,,,,,,,,,,,,,,,,,,,,,,
TT.76330041,5901597274599,,Cover type C click black 2m,Pokrov tip C klik PMMA črn 2m,00001602,91086973,,m,94059200,PL,0.047,,0.047,,0,,13,2000,3.7,2000,0,2000,,,,,2.72,,,,22,0,,,,,,,,,,,,,,,,,,,,,,,,,,,,,,,,,,,,,,,,,,,,,,,,,,,,,,,,,,,,,,,,,,,,,,,,,,,,,,,,,,,,,,,,,,,,,,,,,,,,,,,,,,,,,,,,,,,,,,,,,,,,,,,,,,,,,,,,,,,,,,,,,,,,,,,,,,,,,,,,,,,,,,,,,,,,,,,,,,,,
TT.76350000,5901597202004,,Connector X alu,"Vezni element X, za LED profil, alu, (R2)",00001602,91086973,,kom,83024900,PL,0.003,,0.003,,0,,20,mm,150,mm,200,mm,,,,,1.08,,,,22,100,,,,,,,,,,,,,,,,,,,,,,,,,,,,,,,,,,,,,,,,,,,,,,,,,,,,,,,,,,,,,,,,,,,,,,,,,,,,,,,,,,,,,,,,,,,,,,,,,,,,,,,,,,,,,,,,,,,,,,,,,,,,,,,,,,,,,,,,,,,,,,,,,,,,,,,,,,,,,,,,,,,,,,,,,,,,,,,,,,,,
TT.76360038S,5901597261384,,Cover type C click milky transparent mat roll 20m,Pokrov tip C klik PMMA mlečno prozoren mat rola 20m,00001602,91086973,,m,94059200,PL,0.047,,0.047,,0,,13,20000,3.7,20000,0,20000,,,,,2.44,,,,22,0,,,,,,,,,,,,,,,,,,,,,,,,,,,,,,,,,,,,,,,,,,,,,,,,,,,,,,,,,,,,,,,,,,,,,,,,,,,,,,,,,,,,,,,,,,,,,,,,,,,,,,,,,,,,,,,,,,,,,,,,,,,,,,,,,,,,,,,,,,,,,,,,,,,,,,,,,,,,,,,,,,,,,,,,,,,,,,,,,,,,
TT.76380000,5901597201823,,Mounting plate U inox 20pcs,"Montažna ploščica U, za LED profil, inox, (R2)",00001602,91086973,,kom,83024900,PL,0.02,,0.02,,0,,10,mm,100,mm,160,mm,,,,,0.92,,,,22,10,,,,,,,,,,,,,,,,,,,,,,,,,,,,,,,,,,,,,,,,,,,,,,,,,,,,,,,,,,,,,,,,,,,,,,,,,,,,,,,,,,,,,,,,,,,,,,,,,,,,,,,,,,,,,,,,,,,,,,,,,,,,,,,,,,,,,,,,,,,,,,,,,,,,,,,,,,,,,,,,,,,,,,,,,,,,,,,,,,,,
TT.76490001,5901597202882,,End cap GROOVE10 with hole white 20pcs,"Zaključni element (kapa), GROOVE10, z luknjo, bel, 1/10, (R2)",00001602,91086973,,kom,94059200,PL,0.01,,0.01,,0,,10,mm,100,mm,160,mm,,,,,0.52,,,,22,0,,,,,,,,,,,,,,,,,,,,,,,,,,,,,,,,,,,,,,,,,,,,,,,,,,,,,,,,,,,,,,,,,,,,,,,,,,,,,,,,,,,,,,,,,,,,,,,,,,,,,,,,,,,,,,,,,,,,,,,,,,,,,,,,,,,,,,,,,,,,,,,,,,,,,,,,,,,,,,,,,,,,,,,,,,,,,,,,,,,,
TT.76490002,5901597202875,,End cap GROOVE10 with hole black 20pcs,"Zaključni element (kapa), GROOVE10, z luknjo, črn, 1/10, (R2)",00001602,91086973,,kom,94059200,PL,0.01,,0.01,,0,,10,mm,100,mm,160,mm,,,,,,,,,22,0,,,,,,,,,,,,,,,,,,,,,,,,,,,,,,,,,,,,,,,,,,,,,,,,,,,,,,,,,,,,,,,,,,,,,,,,,,,,,,,,,,,,,,,,,,,,,,,,,,,,,,,,,,,,,,,,,,,,,,,,,,,,,,,,,,,,,,,,,,,,,,,,,,,,,,,,,,,,,,,,,,,,,,,,,,,,,,,,,,,,
TT.76490022,5901597201243,,End cap GROOVE10 with hole grey 20pcs,"Zaključni element (kapa), GROOVE10, z luknjo, siv, 1/10, (R2)",00001602,91086973,,kom,94059200,PL,0.01,,0.01,,0,,10,mm,100,mm,160,mm,,,,,0.52,,,,22,0,,,,,,,,,,,,,,,,,,,,,,,,,,,,,,,,,,,,,,,,,,,,,,,,,,,,,,,,,,,,,,,,,,,,,,,,,,,,,,,,,,,,,,,,,,,,,,,,,,,,,,,,,,,,,,,,,,,,,,,,,,,,,,,,,,,,,,,,,,,,,,,,,,,,,,,,,,,,,,,,,,,,,,,,,,,,,,,,,,,,
TT.76490040,5901597202868,,End cap GROOVE10 with hole silver 20pcs,"Zaključni element (kapa), GROOVE10, z luknjo, srebrn, 1/10, (R2)",00001602,91086973,,kom,94059200,PL,0.01,,0.01,,0,,10,mm,100,mm,160,mm,,,,,0.52,,,,22,0,,,,,,,,,,,,,,,,,,,,,,,,,,,,,,,,,,,,,,,,,,,,,,,,,,,,,,,,,,,,,,,,,,,,,,,,,,,,,,,,,,,,,,,,,,,,,,,,,,,,,,,,,,,,,,,,,,,,,,,,,,,,,,,,,,,,,,,,,,,,,,,,,,,,,,,,,,,,,,,,,,,,,,,,,,,,,,,,,,,,
TT.76530001,5901597204145,,Corner connector GROOVE10 90° white,"Kotni element 90° GROOVE10, za LED profil, bel, (R2)",00001602,91086973,,kom,83024900,PL,0.019,,0.019,,0,,10,mm,100,mm,160,mm,,,,,12.36,,,,22,10,,,,,,,,,,,,,,,,,,,,,,,,,,,,,,,,,,,,,,,,,,,,,,,,,,,,,,,,,,,,,,,,,,,,,,,,,,,,,,,,,,,,,,,,,,,,,,,,,,,,,,,,,,,,,,,,,,,,,,,,,,,,,,,,,,,,,,,,,,,,,,,,,,,,,,,,,,,,,,,,,,,,,,,,,,,,,,,,,,,,
TT.76530020,5901597202509,,Corner connector GROOVE10 90° alu,"Kotni element 90° GROOVE10, za LED profil, alu, (R2)",00001602,91086973,,kom,83024900,PL,0.019,,0.019,,0,,10,mm,100,mm,160,mm,,,,,10.85,,,,22,10,,,,,,,,,,,,,,,,,,,,,,,,,,,,,,,,,,,,,,,,,,,,,,,,,,,,,,,,,,,,,,,,,,,,,,,,,,,,,,,,,,,,,,,,,,,,,,,,,,,,,,,,,,,,,,,,,,,,,,,,,,,,,,,,,,,,,,,,,,,,,,,,,,,,,,,,,,,,,,,,,,,,,,,,,,,,,,,,,,,,
TT.76530021,5901597204152,,Corner connector GROOVE10 90° black,"Kotni element 90° GROOVE10, za LED profil, črn, (R2)",00001602,91086973,,kom,83024900,PL,0.019,,0.019,,0,,10,mm,100,mm,160,mm,,,,,11.09,,,,22,10,,,,,,,,,,,,,,,,,,,,,,,,,,,,,,,,,,,,,,,,,,,,,,,,,,,,,,,,,,,,,,,,,,,,,,,,,,,,,,,,,,,,,,,,,,,,,,,,,,,,,,,,,,,,,,,,,,,,,,,,,,,,,,,,,,,,,,,,,,,,,,,,,,,,,,,,,,,,,,,,,,,,,,,,,,,,,,,,,,,,
TT.76610019,5901597201878,,Mounting plate U serrated (rack) inox 20pcs,"Montažna ploščica U, za LED profil, nazobčana (RACK), inox, (R2)",00001602,91086973,,kom,83024900,PL,0.03,,0.03,,0,,10,mm,100,mm,160,mm,,,,,5.42,,,,22,10,,,,,,,,,,,,,,,,,,,,,,,,,,,,,,,,,,,,,,,,,,,,,,,,,,,,,,,,,,,,,,,,,,,,,,,,,,,,,,,,,,,,,,,,,,,,,,,,,,,,,,,,,,,,,,,,,,,,,,,,,,,,,,,,,,,,,,,,,,,,,,,,,,,,,,,,,,,,,,,,,,,,,,,,,,,,,,,,,,,,
TT.76620000,5901597201854,,Mounting plate U CONE inox 20pcs,"Montažna ploščica U, za LED profil, poglobljena (CONE), inox, (R2)",00001602,91086973,,kom,83024900,PL,0.03,,0.03,,0,,10,mm,100,mm,160,mm,,,,,1.04,,,,22,10,,,,,,,,,,,,,,,,,,,,,,,,,,,,,,,,,,,,,,,,,,,,,,,,,,,,,,,,,,,,,,,,,,,,,,,,,,,,,,,,,,,,,,,,,,,,,,,,,,,,,,,,,,,,,,,,,,,,,,,,,,,,,,,,,,,,,,,,,,,,,,,,,,,,,,,,,,,,,,,,,,,,,,,,,,,,,,,,,,,,
TT.76650038,5901597239246,,Cover type C click milky transparent mat 3m,Pokrov tip C klik PMMA mlečno prozoren mat 3m,00001602,91086973,,m,94059200,PL,0.047,,0.047,,0,,13,3000,3.7,3000,0,3000,,,,,2.38,,,,22,0,,,,,,,,,,,,,,,,,,,,,,,,,,,,,,,,,,,,,,,,,,,,,,,,,,,,,,,,,,,,,,,,,,,,,,,,,,,,,,,,,,,,,,,,,,,,,,,,,,,,,,,,,,,,,,,,,,,,,,,,,,,,,,,,,,,,,,,,,,,,,,,,,,,,,,,,,,,,,,,,,,,,,,,,,,,,,,,,,,,,
TT.76690001,5901597250487,,LED profile GROOVE10 recessed BC/UX white mat 3m,"LED profil, GROOVE10, vgradni, BC/UX, bel mat, 3m, (R2)",00001602,91086973,,m,76042100,PL,0,,1.998,,0,,3000,mm,24,mm,7,mm,,,,,8.87,,,,22,0,,,,,,,,,,,,,,,,,,,,,,,,,,,,,,,,,,,,,,,,,,,,,,,,,,,,,,,,,,,,,,,,,,,,,,,,,,,,,,,,,,,,,,,,,,,,,,,,,,,,,,,,,,,,,,,,,,,,,,,,,,,,,,,,,,,,,,,,,,,,,,,,,,,,,,,,,,,,,,,,,,,,,,,,,,,,,,,,,,,,
TT.76690020,5901597239239,,LED profile GROOVE10 recessed BC/UX alu anodized 3m,"LED profil, GROOVE10, vgradni, BC/UX, alu anodiziran, 3m, (R2)",00001602,91086973,,m,76042100,PL,0,,1.998,,0,,3000,mm,24,mm,7,mm,,,,,5.73,,,,22,0,,,,,,,,,,,,,,,,,,,,,,,,,,,,,,,,,,,,,,,,,,,,,,,,,,,,,,,,,,,,,,,,,,,,,,,,,,,,,,,,,,,,,,,,,,,,,,,,,,,,,,,,,,,,,,,,,,,,,,,,,,,,,,,,,,,,,,,,,,,,,,,,,,,,,,,,,,,,,,,,,,,,,,,,,,,,,,,,,,,,
TT.76980001,5901597237167,,End cap GROOVE10 GEN2 RD with hole white C-leča 20pcs,"Zaključni element (kapa), GROOVE10 GEN2 ROUND, z luknjo, bel, 1/10, (R2)",00001602,91086973,,kom,94059200,PL,0.01,,0.01,,0,,10,mm,100,mm,160,mm,,,,,0.52,,,,22,0,,,,,,,,,,,,,,,,,,,,,,,,,,,,,,,,,,,,,,,,,,,,,,,,,,,,,,,,,,,,,,,,,,,,,,,,,,,,,,,,,,,,,,,,,,,,,,,,,,,,,,,,,,,,,,,,,,,,,,,,,,,,,,,,,,,,,,,,,,,,,,,,,,,,,,,,,,,,,,,,,,,,,,,,,,,,,,,,,,,,
TT.76980002,5901597257158,,End cap GROOVE10 GEN2 RD with hole black C-leča 20pcs,"Zaključni element (kapa), GROOVE10 GEN2 ROUND, z luknjo, črn, 1/10, (R2)",00001602,91086973,,kom,94059200,PL,0.01,,0.01,,0,,10,mm,100,mm,160,mm,,,,,0.52,,,,22,0,,,,,,,,,,,,,,,,,,,,,,,,,,,,,,,,,,,,,,,,,,,,,,,,,,,,,,,,,,,,,,,,,,,,,,,,,,,,,,,,,,,,,,,,,,,,,,,,,,,,,,,,,,,,,,,,,,,,,,,,,,,,,,,,,,,,,,,,,,,,,,,,,,,,,,,,,,,,,,,,,,,,,,,,,,,,,,,,,,,,
TT.76980022,5901597256717,,End cap GROOVE10 GEN2 RD with hole grey C-leča 20pcs,"Zaključni element (kapa), GROOVE10 GEN2 ROUND, z luknjo, siv, 1/10, (R2)",00001602,91086973,,kom,94059200,PL,0.01,,0.01,,0,,10,mm,100,mm,160,mm,,,,,0.52,,,,22,0,,,,,,,,,,,,,,,,,,,,,,,,,,,,,,,,,,,,,,,,,,,,,,,,,,,,,,,,,,,,,,,,,,,,,,,,,,,,,,,,,,,,,,,,,,,,,,,,,,,,,,,,,,,,,,,,,,,,,,,,,,,,,,,,,,,,,,,,,,,,,,,,,,,,,,,,,,,,,,,,,,,,,,,,,,,,,,,,,,,,
TT.76980040,5901597257172,,End cap GROOVE10 GEN2 RD with hole silver C-leča 20pcs,"Zaključni element (kapa), GROOVE10 GEN2 ROUND, z luknjo, srebrn, 1/10, (R2)",00001602,91086973,,kom,94059200,PL,0.01,,0.01,,0,,10,mm,100,mm,160,mm,,,,,0.56,,,,22,0,,,,,,,,,,,,,,,,,,,,,,,,,,,,,,,,,,,,,,,,,,,,,,,,,,,,,,,,,,,,,,,,,,,,,,,,,,,,,,,,,,,,,,,,,,,,,,,,,,,,,,,,,,,,,,,,,,,,,,,,,,,,,,,,,,,,,,,,,,,,,,,,,,,,,,,,,,,,,,,,,,,,,,,,,,,,,,,,,,,,
TT.76990001,5901597244141,,End cap GROOVE10 GEN2 with hole white B/C 20pcs,"Zaključni element (kapa), GROOVE10 GEN2, z luknjo, bel, 1/10, (R2)",00001602,91086973,,kom,94059200,PL,0.1,,0.1,,0,,10,mm,100,mm,160,mm,,,,,0.52,,,,22,0,,,,,,,,,,,,,,,,,,,,,,,,,,,,,,,,,,,,,,,,,,,,,,,,,,,,,,,,,,,,,,,,,,,,,,,,,,,,,,,,,,,,,,,,,,,,,,,,,,,,,,,,,,,,,,,,,,,,,,,,,,,,,,,,,,,,,,,,,,,,,,,,,,,,,,,,,,,,,,,,,,,,,,,,,,,,,,,,,,,,
TT.76990002,5901597244165,,End cap GROOVE10 GEN2 with hole black B/C 20pcs,"Zaključni element (kapa), GROOVE10 GEN2, z luknjo, črn, 1/10, (R2)",00001602,91086973,,kom,94059200,PL,0.1,,0.1,,0,,10,mm,100,mm,160,mm,,,,,0.52,,,,22,0,,,,,,,,,,,,,,,,,,,,,,,,,,,,,,,,,,,,,,,,,,,,,,,,,,,,,,,,,,,,,,,,,,,,,,,,,,,,,,,,,,,,,,,,,,,,,,,,,,,,,,,,,,,,,,,,,,,,,,,,,,,,,,,,,,,,,,,,,,,,,,,,,,,,,,,,,,,,,,,,,,,,,,,,,,,,,,,,,,,,
TT.76990022,5901597244189,,End cap GROOVE10 GEN2 with hole grey B/C 20pcs,"Zaključni element (kapa), GROOVE10 GEN2, z luknjo, siv, 1/10, (R2)",00001602,91086973,,kom,94059200,PL,0.1,,0.1,,0,,10,mm,100,mm,160,mm,,,,,0.52,,,,22,0,,,,,,,,,,,,,,,,,,,,,,,,,,,,,,,,,,,,,,,,,,,,,,,,,,,,,,,,,,,,,,,,,,,,,,,,,,,,,,,,,,,,,,,,,,,,,,,,,,,,,,,,,,,,,,,,,,,,,,,,,,,,,,,,,,,,,,,,,,,,,,,,,,,,,,,,,,,,,,,,,,,,,,,,,,,,,,,,,,,,
TT.76990040,5901597244202,,End cap GROOVE10 GEN2 with hole silver B/C 20pcs,"Zaključni element (kapa), GROOVE10 GEN2, z luknjo, srebrn, 1/10, (R2)",00001602,91086973,,kom,94059200,PL,0.1,,0.1,,0,,10,mm,100,mm,160,mm,,,,,0.56,,,,22,0,,,,,,,,,,,,,,,,,,,,,,,,,,,,,,,,,,,,,,,,,,,,,,,,,,,,,,,,,,,,,,,,,,,,,,,,,,,,,,,,,,,,,,,,,,,,,,,,,,,,,,,,,,,,,,,,,,,,,,,,,,,,,,,,,,,,,,,,,,,,,,,,,,,,,,,,,,,,,,,,,,,,,,,,,,,,,,,,,,,,
TT.77270000,5901597206170,,LED profile SURFACE10 BC/UX alu raw 2m,"LED profil, SURFACE10, nadgradni, BC/UX, alu surov, 2m, 1/50, (R2)",00001602,91086973,,m,76042100,PL,0,,1.196,,0,,2000,mm,77,mm,36,mm,,,,,4.44,,,,22,0,,,,,,,,,,,,,,,,,,,,,,,,,,,,,,,,,,,,,,,,,,,,,,,,,,,,,,,,,,,,,,,,,,,,,,,,,,,,,,,,,,,,,,,,,,,,,,,,,,,,,,,,,,,,,,,,,,,,,,,,,,,,,,,,,,,,,,,,,,,,,,,,,,,,,,,,,,,,,,,,,,,,,,,,,,,,,,,,,,,,
TT.77270001,5901597203674,,LED profile SURFACE10 BC/UX white mat 2m,"LED profil, SURFACE10, nadgradni, BC/UX, bel mat, 2m, 1/70, (R2)",00001602,91086973,,m,76042100,PL,0,,0.6,,0,,2000,mm,20,mm,8,mm,,,,,8.48,,,,22,0,,,,,,,,,,,,,,,,,,,,,,,,,,,,,,,,,,,,,,,,,,,,,,,,,,,,,,,,,,,,,,,,,,,,,,,,,,,,,,,,,,,,,,,,,,,,,,,,,,,,,,,,,,,,,,,,,,,,,,,,,,,,,,,,,,,,,,,,,,,,,,,,,,,,,,,,,,,,,,,,,,,,,,,,,,,,,,,,,,,,
TT.77270020,5901597201168,,LED profile SURFACE10 BC/UX alu anodized 2m,"LED profil, SURFACE10, nadgradni, BC/UX, alu anodiziran, 2m, 1/50, (R2)",00001602,91086973,,m,76042100,PL,0,,0.488,,0,,2000,mm,20,mm,8,mm,,,,,4.93,,,,22,0,,,,,,,,,,,,,,,,,,,,,,,,,,,,,,,,,,,,,,,,,,,,,,,,,,,,,,,,,,,,,,,,,,,,,,,,,,,,,,,,,,,,,,,,,,,,,,,,,,,,,,,,,,,,,,,,,,,,,,,,,,,,,,,,,,,,,,,,,,,,,,,,,,,,,,,,,,,,,,,,,,,,,,,,,,,,,,,,,,,,
TT.77270021,5901597203650,,LED profile SURFACE10 BC/UX black anodized 2m,LED PROFIL SURFACE10 nadgradni BC/UX črn anodiziran 2m,00001602,91086973,,m,76042100,PL,0,,0.488,,0,,2000,mm,20,mm,8,mm,,,,,8.7,,,,22,0,,,,,,,,,,,,,,,,,,,,,,,,,,,,,,,,,,,,,,,,,,,,,,,,,,,,,,,,,,,,,,,,,,,,,,,,,,,,,,,,,,,,,,,,,,,,,,,,,,,,,,,,,,,,,,,,,,,,,,,,,,,,,,,,,,,,,,,,,,,,,,,,,,,,,,,,,,,,,,,,,,,,,,,,,,,,,,,,,,,,
TT.77280040,3830078330443,,End cap SURFACE10 silver B/C/C-leča 20pcs,"Zaključni element (kapa), SURFACE10, srebrn, 1/10, (R2)",00001602,91086973,,kom,94059200,PL,0.001,,0.001,,0,,10,mm,100,mm,160,mm,,,,,0.56,,,,22,0,,,,,,,,,,,,,,,,,,,,,,,,,,,,,,,,,,,,,,,,,,,,,,,,,,,,,,,,,,,,,,,,,,,,,,,,,,,,,,,,,,,,,,,,,,,,,,,,,,,,,,,,,,,,,,,,,,,,,,,,,,,,,,,,,,,,,,,,,,,,,,,,,,,,,,,,,,,,,,,,,,,,,,,,,,,,,,,,,,,,
TT.77370030,5901597201991,,Holder wall SURFACE10 simple double end alu,"Stenski nosilec SURFACE10, za LED profil, enostavni, dvostranski, pocinkan, (R2)",00001602,91086973,,kom,83024900,PL,0.023,,0.023,,0,,20,mm,150,mm,200,mm,,,,,4.2,,,,22,100,,,,,,,,,,,,,,,,,,,,,,,,,,,,,,,,,,,,,,,,,,,,,,,,,,,,,,,,,,,,,,,,,,,,,,,,,,,,,,,,,,,,,,,,,,,,,,,,,,,,,,,,,,,,,,,,,,,,,,,,,,,,,,,,,,,,,,,,,,,,,,,,,,,,,,,,,,,,,,,,,,,,,,,,,,,,,,,,,,,,
TT.77410001,5901597204121,,Corner connector SURFACE10 90° white,"Kotni element 90° SURFACE10, za LED profil, bel, (R2)",00001602,91086973,,kom,83024900,PL,0.02,,0.02,,0,,10,mm,100,mm,160,mm,,,,,12.55,,,,22,10,,,,,,,,,,,,,,,,,,,,,,,,,,,,,,,,,,,,,,,,,,,,,,,,,,,,,,,,,,,,,,,,,,,,,,,,,,,,,,,,,,,,,,,,,,,,,,,,,,,,,,,,,,,,,,,,,,,,,,,,,,,,,,,,,,,,,,,,,,,,,,,,,,,,,,,,,,,,,,,,,,,,,,,,,,,,,,,,,,,,
TT.77410020,5901597202493,,Corner connector SURFACE10 90° alu,"Kotni element 90° SURFACE10, za LED profil, alu, (R2)",00001602,91086973,,kom,83024900,PL,0.02,,0.02,,0,,10,mm,100,mm,160,mm,,,,,10.91,,,,22,10,,,,,,,,,,,,,,,,,,,,,,,,,,,,,,,,,,,,,,,,,,,,,,,,,,,,,,,,,,,,,,,,,,,,,,,,,,,,,,,,,,,,,,,,,,,,,,,,,,,,,,,,,,,,,,,,,,,,,,,,,,,,,,,,,,,,,,,,,,,,,,,,,,,,,,,,,,,,,,,,,,,,,,,,,,,,,,,,,,,,
TT.77560001,5901597252047,,LED profile SURFACE10 BC/UX white mat 3m,"LED profil, SURFACE10, nadgradni, BC/UX, bel mat, 3m, (R2)",00001602,91086973,,m,76042100,PL,0,,0,,0,,0,mm,0,mm,0,mm,,,,,9.23,,,,22,0,,,,,,,,,,,,,,,,,,,,,,,,,,,,,,,,,,,,,,,,,,,,,,,,,,,,,,,,,,,,,,,,,,,,,,,,,,,,,,,,,,,,,,,,,,,,,,,,,,,,,,,,,,,,,,,,,,,,,,,,,,,,,,,,,,,,,,,,,,,,,,,,,,,,,,,,,,,,,,,,,,,,,,,,,,,,,,,,,,,,
TT.77570020,5901597239222,,LED profile SURFACE10 BC/UX alu anodized 3m,"LED profil, SURFACE10, nadgradni, BC/UX, alu anodiziran, 3m, (R2)",00001602,91086973,,m,76042100,PL,0,,2.196,,0,,3000,mm,20,mm,8,mm,,,,,4.93,,,,22,0,,,,,,,,,,,,,,,,,,,,,,,,,,,,,,,,,,,,,,,,,,,,,,,,,,,,,,,,,,,,,,,,,,,,,,,,,,,,,,,,,,,,,,,,,,,,,,,,,,,,,,,,,,,,,,,,,,,,,,,,,,,,,,,,,,,,,,,,,,,,,,,,,,,,,,,,,,,,,,,,,,,,,,,,,,,,,,,,,,,,
TT.77980001,5901597243946,,End cap SURFACE10 GEN2 with hole white B/C/C-leča,"Zaključni element (kapa), SURFACE10 GEN2, z luknjo, bel, 1/10, (R2)",00001602,91086973,,kom,94059200,PL,0.01,,0.01,,0,,10,mm,100,mm,160,mm,,,,,0.52,,,,22,0,,,,,,,,,,,,,,,,,,,,,,,,,,,,,,,,,,,,,,,,,,,,,,,,,,,,,,,,,,,,,,,,,,,,,,,,,,,,,,,,,,,,,,,,,,,,,,,,,,,,,,,,,,,,,,,,,,,,,,,,,,,,,,,,,,,,,,,,,,,,,,,,,,,,,,,,,,,,,,,,,,,,,,,,,,,,,,,,,,,,
TT.77980002,5901597243960,,End cap SURFACE10 GEN2 with hole black B/C/C-leča,"Zaključni element (kapa), SURFACE10 GEN2, z luknjo, črn, 1/10, (R2)",00001602,91086973,,kom,94059200,PL,0.01,,0.01,,0,,10,mm,100,mm,160,mm,,,,,0.52,,,,22,0,,,,,,,,,,,,,,,,,,,,,,,,,,,,,,,,,,,,,,,,,,,,,,,,,,,,,,,,,,,,,,,,,,,,,,,,,,,,,,,,,,,,,,,,,,,,,,,,,,,,,,,,,,,,,,,,,,,,,,,,,,,,,,,,,,,,,,,,,,,,,,,,,,,,,,,,,,,,,,,,,,,,,,,,,,,,,,,,,,,,
TT.77980022,5901597243984,,End cap SURFACE10 GEN2 with hole grey B/C/C-leča,"Zaključni element (kapa), SURFACE10 GEN2, z luknjo, siv, 1/10, (R2)",00001602,91086973,,kom,94059200,PL,0.01,,0.01,,0,,10,mm,100,mm,160,mm,,,,,0.52,,,,22,0,,,,,,,,,,,,,,,,,,,,,,,,,,,,,,,,,,,,,,,,,,,,,,,,,,,,,,,,,,,,,,,,,,,,,,,,,,,,,,,,,,,,,,,,,,,,,,,,,,,,,,,,,,,,,,,,,,,,,,,,,,,,,,,,,,,,,,,,,,,,,,,,,,,,,,,,,,,,,,,,,,,,,,,,,,,,,,,,,,,,
TT.77980040,5901597244004,,End cap SURFACE10 GEN2 with hole silver B/C/C-leča,"Zaključni element (kapa), SURFACE10 GEN2, z luknjo, srebrn, 1/10, (R2)",00001602,91086973,,kom,94059200,PL,0.01,,0.01,,0,,10,mm,100,mm,160,mm,,,,,0.56,,,,22,0,,,,,,,,,,,,,,,,,,,,,,,,,,,,,,,,,,,,,,,,,,,,,,,,,,,,,,,,,,,,,,,,,,,,,,,,,,,,,,,,,,,,,,,,,,,,,,,,,,,,,,,,,,,,,,,,,,,,,,,,,,,,,,,,,,,,,,,,,,,,,,,,,,,,,,,,,,,,,,,,,,,,,,,,,,,,,,,,,,,,
TT.77990001,5901597244028,,End cap SURFACE10 GEN2 white B/C/C-leča,"Zaključni element (kapa), SURFACE10 GEN2, bel, 1/10, (R2)",00001602,91086973,,kom,94059200,PL,0.01,,0.01,,0,,10,mm,100,mm,160,mm,,,,,0.52,,,,22,0,,,,,,,,,,,,,,,,,,,,,,,,,,,,,,,,,,,,,,,,,,,,,,,,,,,,,,,,,,,,,,,,,,,,,,,,,,,,,,,,,,,,,,,,,,,,,,,,,,,,,,,,,,,,,,,,,,,,,,,,,,,,,,,,,,,,,,,,,,,,,,,,,,,,,,,,,,,,,,,,,,,,,,,,,,,,,,,,,,,,
TT.77990002,5901597244042,,End cap SURFACE10 GEN2 black B/C/C-leča,"Zaključni element (kapa), SURFACE10 GEN2, črn, 1/10, (R2)",00001602,91086973,,kom,94059200,PL,0.01,,0.01,,0,,10,mm,100,mm,160,mm,,,,,0.52,,,,22,0,,,,,,,,,,,,,,,,,,,,,,,,,,,,,,,,,,,,,,,,,,,,,,,,,,,,,,,,,,,,,,,,,,,,,,,,,,,,,,,,,,,,,,,,,,,,,,,,,,,,,,,,,,,,,,,,,,,,,,,,,,,,,,,,,,,,,,,,,,,,,,,,,,,,,,,,,,,,,,,,,,,,,,,,,,,,,,,,,,,,
TT.77990022,5901597244066,,End cap SURFACE10 GEN2 grey B/C/C-leča,"Zaključni element (kapa), SURFACE10 GEN2, siv, 1/10, (R2)",00001602,91086973,,kom,94059200,PL,0.01,,0.01,,0,,10,mm,100,mm,160,mm,,,,,0.52,,,,22,0,,,,,,,,,,,,,,,,,,,,,,,,,,,,,,,,,,,,,,,,,,,,,,,,,,,,,,,,,,,,,,,,,,,,,,,,,,,,,,,,,,,,,,,,,,,,,,,,,,,,,,,,,,,,,,,,,,,,,,,,,,,,,,,,,,,,,,,,,,,,,,,,,,,,,,,,,,,,,,,,,,,,,,,,,,,,,,,,,,,,
TT.77990040,5901597244080,,End cap SURFACE10 GEN2 silver B/C/C-leča,"Zaključni element (kapa), SURFACE10 GEN2, srebrn, 1/10, (R2)",00001602,91086973,,kom,94059200,PL,0.01,,0.01,,0,,10,mm,100,mm,160,mm,,,,,0.56,,,,22,0,,,,,,,,,,,,,,,,,,,,,,,,,,,,,,,,,,,,,,,,,,,,,,,,,,,,,,,,,,,,,,,,,,,,,,,,,,,,,,,,,,,,,,,,,,,,,,,,,,,,,,,,,,,,,,,,,,,,,,,,,,,,,,,,,,,,,,,,,,,,,,,,,,,,,,,,,,,,,,,,,,,,,,,,,,,,,,,,,,,,
TT.82150000,5901597205265,,LED profile TWIN8 for glass alu raw 2m,"LED profil, TWIN8, za steklo, alu surov, 2m, 1/50, (R2)",00001602,91086973,,m,76042100,PL,0,,0.884,,0,,2000,mm,28,mm,20.4,mm,,,,,6.93,,,,22,0,,,,,,,,,,,,,,,,,,,,,,,,,,,,,,,,,,,,,,,,,,,,,,,,,,,,,,,,,,,,,,,,,,,,,,,,,,,,,,,,,,,,,,,,,,,,,,,,,,,,,,,,,,,,,,,,,,,,,,,,,,,,,,,,,,,,,,,,,,,,,,,,,,,,,,,,,,,,,,,,,,,,,,,,,,,,,,,,,,,,
TT.82160000,5901597205289,,LED profile TWIN8 Plus for glass alu raw 2m,"LED profil, TWIN8 Plus, za steklo, alu surov, 2m, 1/50, (R2)",00001602,91086973,,m,76042100,PL,0,,0.804,,0,,2000,mm,28,mm,20.4,mm,,,,,12.7,,,,22,0,,,,,,,,,,,,,,,,,,,,,,,,,,,,,,,,,,,,,,,,,,,,,,,,,,,,,,,,,,,,,,,,,,,,,,,,,,,,,,,,,,,,,,,,,,,,,,,,,,,,,,,,,,,,,,,,,,,,,,,,,,,,,,,,,,,,,,,,,,,,,,,,,,,,,,,,,,,,,,,,,,,,,,,,,,,,,,,,,,,,
TT.83050000,5901597206255,,LED profile CORNER10 corner BC/UC alu raw 2m,"LED profil, CORNER10, kotni, BC/UC, alu surov, 2m, 1/50, (R2)",00001602,91086973,,m,76042100,PL,0,,0.567,,0,,2000,mm,17,mm,20,mm,,,,,5.87,,,,22,0,,,,,,,,,,,,,,,,,,,,,,,,,,,,,,,,,,,,,,,,,,,,,,,,,,,,,,,,,,,,,,,,,,,,,,,,,,,,,,,,,,,,,,,,,,,,,,,,,,,,,,,,,,,,,,,,,,,,,,,,,,,,,,,,,,,,,,,,,,,,,,,,,,,,,,,,,,,,,,,,,,,,,,,,,,,,,,,,,,,,
TT.83050001,5901597203490,,LED profile CORNER10 corner BC/UX white mat 2m,"LED profil, CORNER10, kotni, BC/UX, bel mat, 2m, 1/50, (R2)",00001602,91086973,,m,76042100,PL,0,,0.78,,0,,2000,mm,20,mm,16,mm,,,,,11.33,,,,22,0,,,,,,,,,,,,,,,,,,,,,,,,,,,,,,,,,,,,,,,,,,,,,,,,,,,,,,,,,,,,,,,,,,,,,,,,,,,,,,,,,,,,,,,,,,,,,,,,,,,,,,,,,,,,,,,,,,,,,,,,,,,,,,,,,,,,,,,,,,,,,,,,,,,,,,,,,,,,,,,,,,,,,,,,,,,,,,,,,,,,
TT.83050020,5901597201144,,LED profile CORNER10 corner BC/UX alu anodized 2m,"LED profil, CORNER10, kotni, BC/UX, alu anodiziran, 2m, 1/50, (R2)",00001602,91086973,,m,76042100,PL,0,,0.748,,0,,2000,mm,20,mm,16,mm,,,,,7.62,,,,22,0,,,,,,,,,,,,,,,,,,,,,,,,,,,,,,,,,,,,,,,,,,,,,,,,,,,,,,,,,,,,,,,,,,,,,,,,,,,,,,,,,,,,,,,,,,,,,,,,,,,,,,,,,,,,,,,,,,,,,,,,,,,,,,,,,,,,,,,,,,,,,,,,,,,,,,,,,,,,,,,,,,,,,,,,,,,,,,,,,,,,
TT.83050021,5901597203513,,LED profile CORNER10 corner BC/UX black anodized 2m,LED PROFIL CORNER10 kotni BC/UX črn anodiziran 2m,00001602,91086973,,m,76042100,PL,0,,0.748,,0,,2000,mm,20,mm,16,mm,,,,,10.15,,,,22,0,,,,,,,,,,,,,,,,,,,,,,,,,,,,,,,,,,,,,,,,,,,,,,,,,,,,,,,,,,,,,,,,,,,,,,,,,,,,,,,,,,,,,,,,,,,,,,,,,,,,,,,,,,,,,,,,,,,,,,,,,,,,,,,,,,,,,,,,,,,,,,,,,,,,,,,,,,,,,,,,,,,,,,,,,,,,,,,,,,,,
TT.83110001,5901597204169,,Corner connector CORNER10 90° white,"Kotni element 90° CORNER10, za LED profil, bel, (R2)",00001602,91086973,,kom,83024900,PL,0.109,,0.109,,0,,10,mm,100,mm,160,mm,,,,,13.97,,,,22,10,,,,,,,,,,,,,,,,,,,,,,,,,,,,,,,,,,,,,,,,,,,,,,,,,,,,,,,,,,,,,,,,,,,,,,,,,,,,,,,,,,,,,,,,,,,,,,,,,,,,,,,,,,,,,,,,,,,,,,,,,,,,,,,,,,,,,,,,,,,,,,,,,,,,,,,,,,,,,,,,,,,,,,,,,,,,,,,,,,,,
TT.83110020,5901597202516,,Corner connector CORNER10 90° alu,"Kotni element 90° CORNER10, za LED profil, alu, (R2)",00001602,91086973,,kom,83024900,PL,0.028,,0.028,,0,,10,mm,100,mm,160,mm,,,,,12.36,,,,22,10,,,,,,,,,,,,,,,,,,,,,,,,,,,,,,,,,,,,,,,,,,,,,,,,,,,,,,,,,,,,,,,,,,,,,,,,,,,,,,,,,,,,,,,,,,,,,,,,,,,,,,,,,,,,,,,,,,,,,,,,,,,,,,,,,,,,,,,,,,,,,,,,,,,,,,,,,,,,,,,,,,,,,,,,,,,,,,,,,,,,
TT.83110021,5901597204176,,Corner connector CORNER10 90° black,"Kotni element 90° CORNER10, za LED profil, črn, (R2)",00001602,91086973,,kom,83024900,PL,0.01,,0.01,,0,,10,mm,100,mm,160,mm,,,,,12.48,,,,22,10,,,,,,,,,,,,,,,,,,,,,,,,,,,,,,,,,,,,,,,,,,,,,,,,,,,,,,,,,,,,,,,,,,,,,,,,,,,,,,,,,,,,,,,,,,,,,,,,,,,,,,,,,,,,,,,,,,,,,,,,,,,,,,,,,,,,,,,,,,,,,,,,,,,,,,,,,,,,,,,,,,,,,,,,,,,,,,,,,,,,
TT.83150040,3830078330450,,End cap CORNER 10 silver B/C/C-leča 10set L+R,"Zaključni element (kapa), CORNER 10, srebrn, 1/10, (R2)",00001602,91086973,,kom,94059200,PL,0.002,,0.002,,0,,10,mm,100,mm,160,mm,,,,,1.14,,,,22,0,,,,,,,,,,,,,,,,,,,,,,,,,,,,,,,,,,,,,,,,,,,,,,,,,,,,,,,,,,,,,,,,,,,,,,,,,,,,,,,,,,,,,,,,,,,,,,,,,,,,,,,,,,,,,,,,,,,,,,,,,,,,,,,,,,,,,,,,,,,,,,,,,,,,,,,,,,,,,,,,,,,,,,,,,,,,,,,,,,,,
TT.83170001,5901597249405,,LED profile CORNER10 corner white mat 3m,LED profil CORNER10,00001602,91086973,,m,76042100,PL,0,,0,,0,,0,mm,0,mm,0,mm,,,,,9.75,,,,22,0,,,,,,,,,,,,,,,,,,,,,,,,,,,,,,,,,,,,,,,,,,,,,,,,,,,,,,,,,,,,,,,,,,,,,,,,,,,,,,,,,,,,,,,,,,,,,,,,,,,,,,,,,,,,,,,,,,,,,,,,,,,,,,,,,,,,,,,,,,,,,,,,,,,,,,,,,,,,,,,,,,,,,,,,,,,,,,,,,,,,
TT.83180020,5901597239215,,LED profile CORNER10 corner BC/UX alu anodized 3m,"LED profil, CORNER10, kotni, BC/UX, alu anodiziran, 3m, (R2)",00001602,91086973,,m,76042100,PL,0,,0.748,,0,,2000,mm,20,mm,16,mm,,,,,7.85,,,,22,0,,,,,,,,,,,,,,,,,,,,,,,,,,,,,,,,,,,,,,,,,,,,,,,,,,,,,,,,,,,,,,,,,,,,,,,,,,,,,,,,,,,,,,,,,,,,,,,,,,,,,,,,,,,,,,,,,,,,,,,,,,,,,,,,,,,,,,,,,,,,,,,,,,,,,,,,,,,,,,,,,,,,,,,,,,,,,,,,,,,,
TT.83980001,5901597245094,,End cap CORNER10 GEN2 with hole white B/C/C-leča 10set L+R,"Zaključni element (kapa), CORNER10 GEN2, z luknjo, bel, 1/10, (R2)",00001602,91086973,,kom,94059200,PL,0.01,,0.01,,0,,10,mm,100,mm,160,mm,,,,,1.04,,,,22,0,,,,,,,,,,,,,,,,,,,,,,,,,,,,,,,,,,,,,,,,,,,,,,,,,,,,,,,,,,,,,,,,,,,,,,,,,,,,,,,,,,,,,,,,,,,,,,,,,,,,,,,,,,,,,,,,,,,,,,,,,,,,,,,,,,,,,,,,,,,,,,,,,,,,,,,,,,,,,,,,,,,,,,,,,,,,,,,,,,,,
TT.83980002,5901597245070,,End cap CORNER10 GEN2 with hole black B/C/C-leča 10set L+R,"Zaključni element (kapa), CORNER10 GEN2, z luknjo, črn, 1/10, (R2)",00001602,91086973,,kom,94059200,PL,0.01,,0.01,,0,,10,mm,100,mm,160,mm,,,,,1.04,,,,22,0,,,,,,,,,,,,,,,,,,,,,,,,,,,,,,,,,,,,,,,,,,,,,,,,,,,,,,,,,,,,,,,,,,,,,,,,,,,,,,,,,,,,,,,,,,,,,,,,,,,,,,,,,,,,,,,,,,,,,,,,,,,,,,,,,,,,,,,,,,,,,,,,,,,,,,,,,,,,,,,,,,,,,,,,,,,,,,,,,,,,
TT.83980022,5901597245056,,End cap CORNER10 GEN2 with hole grey B/C/C-leča 10set L+R,"Zaključni element (kapa), CORNER10 GEN2, z luknjo, siv, 1/10, (R2)",00001602,91086973,,kom,94059200,PL,0.01,,0.01,,0,,10,mm,100,mm,160,mm,,,,,1.04,,,,22,0,,,,,,,,,,,,,,,,,,,,,,,,,,,,,,,,,,,,,,,,,,,,,,,,,,,,,,,,,,,,,,,,,,,,,,,,,,,,,,,,,,,,,,,,,,,,,,,,,,,,,,,,,,,,,,,,,,,,,,,,,,,,,,,,,,,,,,,,,,,,,,,,,,,,,,,,,,,,,,,,,,,,,,,,,,,,,,,,,,,,
TT.83980040,5901597245032,,End cap CORNER10 GEN2 with hole silver B/C/C-leča 10set L+R,"Zaključni element (kapa), CORNER10 GEN2, z luknjo, srebrn, 1/10, (R2)",00001602,91086973,,kom,94059200,PL,0.01,,0.01,,0,,10,mm,100,mm,160,mm,,,,,1.14,,,,22,0,,,,,,,,,,,,,,,,,,,,,,,,,,,,,,,,,,,,,,,,,,,,,,,,,,,,,,,,,,,,,,,,,,,,,,,,,,,,,,,,,,,,,,,,,,,,,,,,,,,,,,,,,,,,,,,,,,,,,,,,,,,,,,,,,,,,,,,,,,,,,,,,,,,,,,,,,,,,,,,,,,,,,,,,,,,,,,,,,,,,
TT.83990001,5901597245018,,End cap CORNER10 GEN2 white B/C/C-leča 10set L+R,"Zaključni element (kapa), CORNER10 GEN2, bel, 1/10, (R2)",00001602,91086973,,kom,94059200,PL,0.01,,0.01,,0,,10,mm,100,mm,160,mm,,,,,1.04,,,,22,0,,,,,,,,,,,,,,,,,,,,,,,,,,,,,,,,,,,,,,,,,,,,,,,,,,,,,,,,,,,,,,,,,,,,,,,,,,,,,,,,,,,,,,,,,,,,,,,,,,,,,,,,,,,,,,,,,,,,,,,,,,,,,,,,,,,,,,,,,,,,,,,,,,,,,,,,,,,,,,,,,,,,,,,,,,,,,,,,,,,,
TT.83990002,5901597244998,,End cap CORNER10 GEN2 black B/C/C-leča 10set L+R,"Zaključni element (kapa), CORNER10 GEN2, črn, 1/10, (R2)",00001602,91086973,,kom,94059200,PL,0.01,,0.01,,0,,10,mm,100,mm,160,mm,,,,,1.04,,,,22,0,,,,,,,,,,,,,,,,,,,,,,,,,,,,,,,,,,,,,,,,,,,,,,,,,,,,,,,,,,,,,,,,,,,,,,,,,,,,,,,,,,,,,,,,,,,,,,,,,,,,,,,,,,,,,,,,,,,,,,,,,,,,,,,,,,,,,,,,,,,,,,,,,,,,,,,,,,,,,,,,,,,,,,,,,,,,,,,,,,,,
TT.83990022,5901597244974,,End cap CORNER10 GEN2 grey B/C/C-leča 10set L+R,"Zaključni element (kapa), CORNER10 GEN2, siv, 1/10, (R2)",00001602,91086973,,kom,94059200,PL,0.01,,0.01,,0,,10,mm,100,mm,160,mm,,,,,1.04,,,,22,0,,,,,,,,,,,,,,,,,,,,,,,,,,,,,,,,,,,,,,,,,,,,,,,,,,,,,,,,,,,,,,,,,,,,,,,,,,,,,,,,,,,,,,,,,,,,,,,,,,,,,,,,,,,,,,,,,,,,,,,,,,,,,,,,,,,,,,,,,,,,,,,,,,,,,,,,,,,,,,,,,,,,,,,,,,,,,,,,,,,,
TT.83990040,5901597244950,,End cap CORNER10 GEN2 silver B/C/C-leča 10set L+R,"Zaključni element (kapa), CORNER10 GEN2, srebrn, 1/10, (R2)",00001602,91086973,,kom,94059200,PL,0.01,,0.01,,0,,10,mm,100,mm,160,mm,,,,,1.14,,,,22,0,,,,,,,,,,,,,,,,,,,,,,,,,,,,,,,,,,,,,,,,,,,,,,,,,,,,,,,,,,,,,,,,,,,,,,,,,,,,,,,,,,,,,,,,,,,,,,,,,,,,,,,,,,,,,,,,,,,,,,,,,,,,,,,,,,,,,,,,,,,,,,,,,,,,,,,,,,,,,,,,,,,,,,,,,,,,,,,,,,,,
TT.84030000,5901597204923,,LED profile WIDE24 G/W alu raw 2m,"LED profil, WIDE24, nadgradni, G/W, alu surov, 2m, 1/50, (R2)",00001602,91086973,,m,76042100,PL,0,,0.924,,0,,2000,mm,32,mm,11,mm,,,,,7.29,,,,22,0,,,,,,,,,,,,,,,,,,,,,,,,,,,,,,,,,,,,,,,,,,,,,,,,,,,,,,,,,,,,,,,,,,,,,,,,,,,,,,,,,,,,,,,,,,,,,,,,,,,,,,,,,,,,,,,,,,,,,,,,,,,,,,,,,,,,,,,,,,,,,,,,,,,,,,,,,,,,,,,,,,,,,,,,,,,,,,,,,,,,
TT.84030001,5901597204947,,LED profile WIDE24 G/W white mat 2m,"LED profil, WIDE24, nadgradni, G/W, bel mat, 2m, 1/40, (R2)",00001602,91086973,,m,76042100,PL,0,,0.876,,0,,2000,mm,32,mm,11,mm,,,,,14.25,,,,22,0,,,,,,,,,,,,,,,,,,,,,,,,,,,,,,,,,,,,,,,,,,,,,,,,,,,,,,,,,,,,,,,,,,,,,,,,,,,,,,,,,,,,,,,,,,,,,,,,,,,,,,,,,,,,,,,,,,,,,,,,,,,,,,,,,,,,,,,,,,,,,,,,,,,,,,,,,,,,,,,,,,,,,,,,,,,,,,,,,,,,
TT.84030020,5901597204909,,LED profile WIDE24 G/W alu anodized 2m,"LED profil, WIDE24, nadgradni, G/W, alu anodiziran, 2m, 1/50, (R2)",00001602,91086973,,m,76042100,PL,0,,0.876,,0,,2000,mm,32,mm,11,mm,,,,,12.12,,,,22,0,,,,,,,,,,,,,,,,,,,,,,,,,,,,,,,,,,,,,,,,,,,,,,,,,,,,,,,,,,,,,,,,,,,,,,,,,,,,,,,,,,,,,,,,,,,,,,,,,,,,,,,,,,,,,,,,,,,,,,,,,,,,,,,,,,,,,,,,,,,,,,,,,,,,,,,,,,,,,,,,,,,,,,,,,,,,,,,,,,,,
TT.84030021,5901597204961,,LED profile WIDE24 G/W black anodized 2m,"LED profil, WIDE24, nadgradni, G/W, črn anodiziran, 2m, 1/40, (R2)",00001602,91086973,,m,76042100,PL,0,,0.876,,0,,2000,mm,32,mm,11,mm,,,,,15.7,,,,22,0,,,,,,,,,,,,,,,,,,,,,,,,,,,,,,,,,,,,,,,,,,,,,,,,,,,,,,,,,,,,,,,,,,,,,,,,,,,,,,,,,,,,,,,,,,,,,,,,,,,,,,,,,,,,,,,,,,,,,,,,,,,,,,,,,,,,,,,,,,,,,,,,,,,,,,,,,,,,,,,,,,,,,,,,,,,,,,,,,,,,
TT.84040001,5901597201687,,End cap WIDE24 white G 20pcs,"Zaključni element (kapa), WIDE24, bel, 1/10, (R2)",00001602,91086973,,kom,94059200,PL,0.02,,0.02,,0,,10,mm,100,mm,160,mm,,,,,0.62,,,,22,0,,,,,,,,,,,,,,,,,,,,,,,,,,,,,,,,,,,,,,,,,,,,,,,,,,,,,,,,,,,,,,,,,,,,,,,,,,,,,,,,,,,,,,,,,,,,,,,,,,,,,,,,,,,,,,,,,,,,,,,,,,,,,,,,,,,,,,,,,,,,,,,,,,,,,,,,,,,,,,,,,,,,,,,,,,,,,,,,,,,,
TT.84040002,5901597201670,,End cap WIDE24 black G 20pcs,"Zaključni element (kapa), WIDE24, črn, 1/10, (R2)",00001602,91086973,,kom,94059200,PL,0.02,,0.02,,0,,10,mm,100,mm,160,mm,,,,,0.62,,,,22,0,,,,,,,,,,,,,,,,,,,,,,,,,,,,,,,,,,,,,,,,,,,,,,,,,,,,,,,,,,,,,,,,,,,,,,,,,,,,,,,,,,,,,,,,,,,,,,,,,,,,,,,,,,,,,,,,,,,,,,,,,,,,,,,,,,,,,,,,,,,,,,,,,,,,,,,,,,,,,,,,,,,,,,,,,,,,,,,,,,,,
TT.84040022,5901597201656,,End cap WIDE24 grey G 20pcs,"Zaključni element (kapa), WIDE24, siv, 1/10, (R2)",00001602,91086973,,kom,94059200,PL,0.02,,0.02,,0,,10,mm,100,mm,160,mm,,,,,0.62,,,,22,0,,,,,,,,,,,,,,,,,,,,,,,,,,,,,,,,,,,,,,,,,,,,,,,,,,,,,,,,,,,,,,,,,,,,,,,,,,,,,,,,,,,,,,,,,,,,,,,,,,,,,,,,,,,,,,,,,,,,,,,,,,,,,,,,,,,,,,,,,,,,,,,,,,,,,,,,,,,,,,,,,,,,,,,,,,,,,,,,,,,,
TT.84040040,5901597201663,,End cap WIDE24 silver G 20pcs,"Zaključni element (kapa), WIDE24, srebrn, 1/10, (R2)",00001602,91086973,,kom,94059200,PL,0.02,,0.02,,0,,10,mm,100,mm,160,mm,,,,,0.68,,,,22,0,,,,,,,,,,,,,,,,,,,,,,,,,,,,,,,,,,,,,,,,,,,,,,,,,,,,,,,,,,,,,,,,,,,,,,,,,,,,,,,,,,,,,,,,,,,,,,,,,,,,,,,,,,,,,,,,,,,,,,,,,,,,,,,,,,,,,,,,,,,,,,,,,,,,,,,,,,,,,,,,,,,,,,,,,,,,,,,,,,,,
TT.84070016,5901597203261,,Cover type G slide transparent 2m,Pokrov tip G slide PC prozoren 2m,00001602,91086973,,m,94059200,PL,0.058,,0.058,,0,,29.5,2000,1,2000,0,2000,,,,,1.32,,,,22,0,,,,,,,,,,,,,,,,,,,,,,,,,,,,,,,,,,,,,,,,,,,,,,,,,,,,,,,,,,,,,,,,,,,,,,,,,,,,,,,,,,,,,,,,,,,,,,,,,,,,,,,,,,,,,,,,,,,,,,,,,,,,,,,,,,,,,,,,,,,,,,,,,,,,,,,,,,,,,,,,,,,,,,,,,,,,,,,,,,,,
TT.84070038,5901597203223,,Cover type G slide milky transparent mat 2m,Pokrov tip G slide PP mlečno prozoren mat 2m,00001602,91086973,,m,94059200,PL,0.082,,0.082,,0,,29.5,2000,1,2000,0,2000,,,,,1.48,,,,22,0,,,,,,,,,,,,,,,,,,,,,,,,,,,,,,,,,,,,,,,,,,,,,,,,,,,,,,,,,,,,,,,,,,,,,,,,,,,,,,,,,,,,,,,,,,,,,,,,,,,,,,,,,,,,,,,,,,,,,,,,,,,,,,,,,,,,,,,,,,,,,,,,,,,,,,,,,,,,,,,,,,,,,,,,,,,,,,,,,,,,
TT.84070039,5901597203247,,Cover type G slide frosted 2m,Pokrov tip G slide PP motno prozoren 2m,00001602,91086973,,m,94059200,PL,0.04,,0.04,,0,,29.5,2000,0.8,2000,0,2000,,,,,1.32,,,,22,0,,,,,,,,,,,,,,,,,,,,,,,,,,,,,,,,,,,,,,,,,,,,,,,,,,,,,,,,,,,,,,,,,,,,,,,,,,,,,,,,,,,,,,,,,,,,,,,,,,,,,,,,,,,,,,,,,,,,,,,,,,,,,,,,,,,,,,,,,,,,,,,,,,,,,,,,,,,,,,,,,,,,,,,,,,,,,,,,,,,,
TT.84220030,5901597201816,,Holder wall WIDE24 simple double end alu 2pcs,"Stenski nosilec WIDE24, za LED profil, enostavni, dvostranski, pocinkan, (R2)",00001602,91086973,,kom,83024900,PL,0.033,,0.033,,0,,20,mm,150,mm,200,mm,,,,,5.13,,,,22,100,,,,,,,,,,,,,,,,,,,,,,,,,,,,,,,,,,,,,,,,,,,,,,,,,,,,,,,,,,,,,,,,,,,,,,,,,,,,,,,,,,,,,,,,,,,,,,,,,,,,,,,,,,,,,,,,,,,,,,,,,,,,,,,,,,,,,,,,,,,,,,,,,,,,,,,,,,,,,,,,,,,,,,,,,,,,,,,,,,,,
TT.84300001,5901597201724,,End cap WIDE24 with hole white G 20pcs,"Zaključni element (kapa), WIDE24, z luknjo, bel, 1/10, (R2)",00001602,91086973,,kom,94059200,PL,0.02,,0.02,,0,,10,mm,100,mm,160,mm,,,,,0.62,,,,22,0,,,,,,,,,,,,,,,,,,,,,,,,,,,,,,,,,,,,,,,,,,,,,,,,,,,,,,,,,,,,,,,,,,,,,,,,,,,,,,,,,,,,,,,,,,,,,,,,,,,,,,,,,,,,,,,,,,,,,,,,,,,,,,,,,,,,,,,,,,,,,,,,,,,,,,,,,,,,,,,,,,,,,,,,,,,,,,,,,,,,
TT.84300002,5901597201717,,End cap WIDE24 with hole black G 20pcs,"Zaključni element (kapa), WIDE24, z luknjo, črn, 1/10, (R2)",00001602,91086973,,kom,94059200,PL,0.02,,0.02,,0,,10,mm,100,mm,160,mm,,,,,0.62,,,,22,0,,,,,,,,,,,,,,,,,,,,,,,,,,,,,,,,,,,,,,,,,,,,,,,,,,,,,,,,,,,,,,,,,,,,,,,,,,,,,,,,,,,,,,,,,,,,,,,,,,,,,,,,,,,,,,,,,,,,,,,,,,,,,,,,,,,,,,,,,,,,,,,,,,,,,,,,,,,,,,,,,,,,,,,,,,,,,,,,,,,,
TT.84300022,5901597201694,,End cap WIDE24 with hole grey G 20pcs,"Zaključni element (kapa), WIDE24, z luknjo, siv, 1/10, (R2)",00001602,91086973,,kom,94059200,PL,0.02,,0.02,,0,,10,mm,100,mm,160,mm,,,,,0.62,,,,22,0,,,,,,,,,,,,,,,,,,,,,,,,,,,,,,,,,,,,,,,,,,,,,,,,,,,,,,,,,,,,,,,,,,,,,,,,,,,,,,,,,,,,,,,,,,,,,,,,,,,,,,,,,,,,,,,,,,,,,,,,,,,,,,,,,,,,,,,,,,,,,,,,,,,,,,,,,,,,,,,,,,,,,,,,,,,,,,,,,,,,
TT.84300040,5901597201700,,End cap WIDE24 with hole silver G 20pcs,"Zaključni element (kapa), WIDE24, z luknjo, srebrn, 1/10, (R2)",00001602,91086973,,kom,94059200,PL,0.02,,0.02,,0,,10,mm,100,mm,160,mm,,,,,0.68,,,,22,0,,,,,,,,,,,,,,,,,,,,,,,,,,,,,,,,,,,,,,,,,,,,,,,,,,,,,,,,,,,,,,,,,,,,,,,,,,,,,,,,,,,,,,,,,,,,,,,,,,,,,,,,,,,,,,,,,,,,,,,,,,,,,,,,,,,,,,,,,,,,,,,,,,,,,,,,,,,,,,,,,,,,,,,,,,,,,,,,,,,,
TT.84510001,5901597209102,,Mounting plate W CONE white 20pcs,"Montažna ploščica W, za LED profil, poglobljena (CONE), bela, (R2)",00001602,91086973,,kom,83024900,PL,0.07,,0.07,,0,,10,mm,100,mm,160,mm,,,,,2.52,,,,22,10,,,,,,,,,,,,,,,,,,,,,,,,,,,,,,,,,,,,,,,,,,,,,,,,,,,,,,,,,,,,,,,,,,,,,,,,,,,,,,,,,,,,,,,,,,,,,,,,,,,,,,,,,,,,,,,,,,,,,,,,,,,,,,,,,,,,,,,,,,,,,,,,,,,,,,,,,,,,,,,,,,,,,,,,,,,,,,,,,,,,
TT.84510002,5901597209119,,Mounting plate W CONE black 20pcs,"Montažna ploščica W, za LED profil, poglobljena (CONE), črna, (R2)",00001602,91086973,,kom,83024900,PL,0.07,,0.07,,0,,10,mm,100,mm,160,mm,,,,,2.52,,,,22,10,,,,,,,,,,,,,,,,,,,,,,,,,,,,,,,,,,,,,,,,,,,,,,,,,,,,,,,,,,,,,,,,,,,,,,,,,,,,,,,,,,,,,,,,,,,,,,,,,,,,,,,,,,,,,,,,,,,,,,,,,,,,,,,,,,,,,,,,,,,,,,,,,,,,,,,,,,,,,,,,,,,,,,,,,,,,,,,,,,,,
TT.84510019,5901597201793,,Mounting plate W CONE inox 20pcs,"Montažna ploščica W, za LED profil, poglobljena (CONE), inox, (R2)",00001602,91086973,,kom,83024900,PL,0.07,,0.07,,0,,10,mm,100,mm,160,mm,,,,,2.12,,,,22,10,,,,,,,,,,,,,,,,,,,,,,,,,,,,,,,,,,,,,,,,,,,,,,,,,,,,,,,,,,,,,,,,,,,,,,,,,,,,,,,,,,,,,,,,,,,,,,,,,,,,,,,,,,,,,,,,,,,,,,,,,,,,,,,,,,,,,,,,,,,,,,,,,,,,,,,,,,,,,,,,,,,,,,,,,,,,,,,,,,,,
TT.85430002,5901597205760,,,"Kabel s konektorjem , L813-1, Število žic: 2x0,35, črn, 1,8m, (R2)",00001602,91086973,,kom,85444290,PL,0.02,,0.02,,0,,0,mm,0,mm,0,mm,,,,,1.39,,,,22,0,,,,,,,,,,,,,,,,,,,,,,,,,,,,,,,,,,,,,,,,,,,,,,,,,,,,,,,,,,,,,,,,,,,,,,,,,,,,,,,,,,,,,,,,,,,,,,,,,,,,,,,,,,,,,,,,,,,,,,,,,,,,,,,,,,,,,,,,,,,,,,,,,,,,,,,,,,,,,,,,,,,,,,,,,,,,,,,,,,,,
TT.85460002,5901597205777,,,"Kabel s konektorjem , L817, Število žic: 2x0,35, črn, 1,8m, (R2)",00001602,91086973,,kom,85444290,PL,0.02,,0.02,,0,,0,mm,0,mm,0,mm,,,,,1.55,,,,22,0,,,,,,,,,,,,,,,,,,,,,,,,,,,,,,,,,,,,,,,,,,,,,,,,,,,,,,,,,,,,,,,,,,,,,,,,,,,,,,,,,,,,,,,,,,,,,,,,,,,,,,,,,,,,,,,,,,,,,,,,,,,,,,,,,,,,,,,,,,,,,,,,,,,,,,,,,,,,,,,,,,,,,,,,,,,,,,,,,,,,
TT.85470002,5901597205814,,,"Razdelilec, Število žic: 2x0,35, črn, 0,23m, (R2)",00001602,91086973,,kom,85444290,PL,0.03,,0.03,,0,,0,mm,0,mm,0,mm,,,,,,,,,22,0,,,,,,,,,,,,,,,,,,,,,,,,,,,,,,,,,,,,,,,,,,,,,,,,,,,,,,,,,,,,,,,,,,,,,,,,,,,,,,,,,,,,,,,,,,,,,,,,,,,,,,,,,,,,,,,,,,,,,,,,,,,,,,,,,,,,,,,,,,,,,,,,,,,,,,,,,,,,,,,,,,,,,,,,,,,,,,,,,,,,
TT.85570002,5901597205791,,,"Kabel s konektorjem , L813, Število žic: 2x0,35, črn, 0,05m, (R2)",00001602,91086973,,kom,85444290,PL,0.02,,0.02,,0,,0,mm,0,mm,0,mm,,,,,0.43,,,,22,0,,,,,,,,,,,,,,,,,,,,,,,,,,,,,,,,,,,,,,,,,,,,,,,,,,,,,,,,,,,,,,,,,,,,,,,,,,,,,,,,,,,,,,,,,,,,,,,,,,,,,,,,,,,,,,,,,,,,,,,,,,,,,,,,,,,,,,,,,,,,,,,,,,,,,,,,,,,,,,,,,,,,,,,,,,,,,,,,,,,,
TT.85580002,5901597205784,,,"Kabel s konektorjem , L815, Število žic: 2x0,35, črn, 0,05m, (R2)",00001602,91086973,,kom,85444290,PL,0.02,,0.02,,0,,0,mm,0,mm,0,mm,,,,,0.43,,,,22,0,,,,,,,,,,,,,,,,,,,,,,,,,,,,,,,,,,,,,,,,,,,,,,,,,,,,,,,,,,,,,,,,,,,,,,,,,,,,,,,,,,,,,,,,,,,,,,,,,,,,,,,,,,,,,,,,,,,,,,,,,,,,,,,,,,,,,,,,,,,,,,,,,,,,,,,,,,,,,,,,,,,,,,,,,,,,,,,,,,,,
TT.85590002,5901597205821,,,"Razdelilec, Število žic: 2x0,35, črn, 0,23m, (R2)",00001602,91086973,,kom,85444290,PL,0.07,,0.07,,0,,0,mm,0,mm,0,mm,,,,,,,,,22,0,,,,,,,,,,,,,,,,,,,,,,,,,,,,,,,,,,,,,,,,,,,,,,,,,,,,,,,,,,,,,,,,,,,,,,,,,,,,,,,,,,,,,,,,,,,,,,,,,,,,,,,,,,,,,,,,,,,,,,,,,,,,,,,,,,,,,,,,,,,,,,,,,,,,,,,,,,,,,,,,,,,,,,,,,,,,,,,,,,,,
TT.86030020,5901597201335,,LED profile PEN8 purpose-made I alu anodized 2m,"LED profil, PEN8, namenski, I, alu anodiziran, 2m, 1/50, (R2)",00001602,91086973,,m,76042100,PL,0,,0.4,,0,,2000,mm,13,mm,9.7,mm,,,,,4.87,,,,22,0,,,,,,,,,,,,,,,,,,,,,,,,,,,,,,,,,,,,,,,,,,,,,,,,,,,,,,,,,,,,,,,,,,,,,,,,,,,,,,,,,,,,,,,,,,,,,,,,,,,,,,,,,,,,,,,,,,,,,,,,,,,,,,,,,,,,,,,,,,,,,,,,,,,,,,,,,,,,,,,,,,,,,,,,,,,,,,,,,,,,
TT.86060000,5901597201380,,Cover type I click frosted 2m,Pokrov tip I na klik PC motno prozoren 2m,00001602,91086973,,m,94059200,PL,0.04,,0.04,,0,,11,2000,5,2000,0,2000,,,,,3.29,,,,22,0,,,,,,,,,,,,,,,,,,,,,,,,,,,,,,,,,,,,,,,,,,,,,,,,,,,,,,,,,,,,,,,,,,,,,,,,,,,,,,,,,,,,,,,,,,,,,,,,,,,,,,,,,,,,,,,,,,,,,,,,,,,,,,,,,,,,,,,,,,,,,,,,,,,,,,,,,,,,,,,,,,,,,,,,,,,,,,,,,,,,
TT.86060038,5901597239505,,Cover type I click milky transparent mat 2m,Pokrov tip I na klik PC mlečno prozoren mat 2m,00001602,91086973,,m,94059200,PL,0.04,,0.04,,0,,11,2000,5,2000,0,2000,,,,,3.46,,,,22,0,,,,,,,,,,,,,,,,,,,,,,,,,,,,,,,,,,,,,,,,,,,,,,,,,,,,,,,,,,,,,,,,,,,,,,,,,,,,,,,,,,,,,,,,,,,,,,,,,,,,,,,,,,,,,,,,,,,,,,,,,,,,,,,,,,,,,,,,,,,,,,,,,,,,,,,,,,,,,,,,,,,,,,,,,,,,,,,,,,,,
TT.86070022,5901597202011,,Holder ceiling PEN8 360° double end grey 10set,"Nosilec stropni 360° PEN8, za LED profil, dvostranski, siv, (R2)",00001602,91086973,,kom,83024900,PL,0.03,,0.03,,0,,10,mm,130,mm,160,mm,,,,,3.84,,,,22,10,,,,,,,,,,,,,,,,,,,,,,,,,,,,,,,,,,,,,,,,,,,,,,,,,,,,,,,,,,,,,,,,,,,,,,,,,,,,,,,,,,,,,,,,,,,,,,,,,,,,,,,,,,,,,,,,,,,,,,,,,,,,,,,,,,,,,,,,,,,,,,,,,,,,,,,,,,,,,,,,,,,,,,,,,,,,,,,,,,,,
TT.86080003,5901597202332,,,"Nosilec-roka 3D 27mm 360° PEN8, za LED profil, kotno-nastavljiv, krom, (R2)",00001602,91086973,,kom,83024900,PL,0.12,,0.12,,0,,10,mm,130,mm,160,mm,,,,,29.82,,,,22,1,,,,,,,,,,,,,,,,,,,,,,,,,,,,,,,,,,,,,,,,,,,,,,,,,,,,,,,,,,,,,,,,,,,,,,,,,,,,,,,,,,,,,,,,,,,,,,,,,,,,,,,,,,,,,,,,,,,,,,,,,,,,,,,,,,,,,,,,,,,,,,,,,,,,,,,,,,,,,,,,,,,,,,,,,,,,,,,,,,,,
TT.86090003,5901597202349,,,"Končni nosilec PEN8, za LED profil, (R2)",00001602,91086973,,kom,83024900,PL,0.6,,0.6,,0,,10,mm,130,mm,160,mm,,,,,29.82,,,,22,1,,,,,,,,,,,,,,,,,,,,,,,,,,,,,,,,,,,,,,,,,,,,,,,,,,,,,,,,,,,,,,,,,,,,,,,,,,,,,,,,,,,,,,,,,,,,,,,,,,,,,,,,,,,,,,,,,,,,,,,,,,,,,,,,,,,,,,,,,,,,,,,,,,,,,,,,,,,,,,,,,,,,,,,,,,,,,,,,,,,,
TT.86100003,5901597202370,,,"Nosilec-roka 3D 200mm 360° PEN8, za LED profil, kotno-nastavljiv, krom, (R2)",00001602,91086973,,kom,83024900,PL,0.18,,0.18,,0,,10,mm,130,mm,160,mm,,,,,34.58,,,,22,1,,,,,,,,,,,,,,,,,,,,,,,,,,,,,,,,,,,,,,,,,,,,,,,,,,,,,,,,,,,,,,,,,,,,,,,,,,,,,,,,,,,,,,,,,,,,,,,,,,,,,,,,,,,,,,,,,,,,,,,,,,,,,,,,,,,,,,,,,,,,,,,,,,,,,,,,,,,,,,,,,,,,,,,,,,,,,,,,,,,,
TT.86120003,5901597202387,,,"Nosilec-roka 3D 300mm 360° PEN8, za LED profil, kotno-nastavljiv, krom, (R2)",00001602,91086973,,kom,83024900,PL,0.25,,0.25,,0,,10,mm,130,mm,160,mm,,,,,35.91,,,,22,1,,,,,,,,,,,,,,,,,,,,,,,,,,,,,,,,,,,,,,,,,,,,,,,,,,,,,,,,,,,,,,,,,,,,,,,,,,,,,,,,,,,,,,,,,,,,,,,,,,,,,,,,,,,,,,,,,,,,,,,,,,,,,,,,,,,,,,,,,,,,,,,,,,,,,,,,,,,,,,,,,,,,,,,,,,,,,,,,,,,,
TT.86160003,5901597202356,,,"Nosilec stenski vrtljivi 300° PEN8, za LED profil, enostranski, krom, (R2)",00001602,91086973,,kom,83024900,PL,0.035,,0.035,,0,,10,mm,130,mm,160,mm,,,,,23.3,,,,22,1,,,,,,,,,,,,,,,,,,,,,,,,,,,,,,,,,,,,,,,,,,,,,,,,,,,,,,,,,,,,,,,,,,,,,,,,,,,,,,,,,,,,,,,,,,,,,,,,,,,,,,,,,,,,,,,,,,,,,,,,,,,,,,,,,,,,,,,,,,,,,,,,,,,,,,,,,,,,,,,,,,,,,,,,,,,,,,,,,,,,
TT.86170003,5901597202431,,,"Nosilec-roka z rozeto 200mm 300° PEN8, za LED profil, krom, (R2)",00001602,91086973,,kom,83024900,PL,0.22,,0.22,,0,,10,mm,100,mm,220,mm,,,,,55.68,,,,22,1,,,,,,,,,,,,,,,,,,,,,,,,,,,,,,,,,,,,,,,,,,,,,,,,,,,,,,,,,,,,,,,,,,,,,,,,,,,,,,,,,,,,,,,,,,,,,,,,,,,,,,,,,,,,,,,,,,,,,,,,,,,,,,,,,,,,,,,,,,,,,,,,,,,,,,,,,,,,,,,,,,,,,,,,,,,,,,,,,,,,
TT.86180003,5901597202462,,,"Nosilec-roka z navojem 200mm 300° PEN8, za LED profil, krom, (R2)",00001602,91086973,,kom,83024900,PL,0.2,,0.2,,0,,10,mm,100,mm,250,mm,,,,,58.06,,,,22,1,,,,,,,,,,,,,,,,,,,,,,,,,,,,,,,,,,,,,,,,,,,,,,,,,,,,,,,,,,,,,,,,,,,,,,,,,,,,,,,,,,,,,,,,,,,,,,,,,,,,,,,,,,,,,,,,,,,,,,,,,,,,,,,,,,,,,,,,,,,,,,,,,,,,,,,,,,,,,,,,,,,,,,,,,,,,,,,,,,,,
TT.86190003,5901597202448,,,"Nosilec-roka z rozeto 300mm 300° PEN8, za LED profil, krom, (R2)",00001602,91086973,,kom,83024900,PL,0.3,,0.3,,0,,10,mm,100,mm,350,mm,,,,,55.59,,,,22,1,,,,,,,,,,,,,,,,,,,,,,,,,,,,,,,,,,,,,,,,,,,,,,,,,,,,,,,,,,,,,,,,,,,,,,,,,,,,,,,,,,,,,,,,,,,,,,,,,,,,,,,,,,,,,,,,,,,,,,,,,,,,,,,,,,,,,,,,,,,,,,,,,,,,,,,,,,,,,,,,,,,,,,,,,,,,,,,,,,,,
TT.86200003,5901597202479,,,"Nosilec-roka z navojem 300mm 300° PEN8, za LED profil, krom, (R2)",00001602,91086973,,kom,83024900,PL,0.155,,0.155,,0,,10,mm,100,mm,350,mm,,,,,56.83,,,,22,1,,,,,,,,,,,,,,,,,,,,,,,,,,,,,,,,,,,,,,,,,,,,,,,,,,,,,,,,,,,,,,,,,,,,,,,,,,,,,,,,,,,,,,,,,,,,,,,,,,,,,,,,,,,,,,,,,,,,,,,,,,,,,,,,,,,,,,,,,,,,,,,,,,,,,,,,,,,,,,,,,,,,,,,,,,,,,,,,,,,,
TT.86290003,5901597202318,,,"Nosilec stenski vrtljivi 300° PEN8, za LED profil, dvostranski, krom, (R2)",00001602,91086973,,kom,83024900,PL,0.07,,0.07,,0,,10,mm,130,mm,160,mm,,,,,29.97,,,,22,1,,,,,,,,,,,,,,,,,,,,,,,,,,,,,,,,,,,,,,,,,,,,,,,,,,,,,,,,,,,,,,,,,,,,,,,,,,,,,,,,,,,,,,,,,,,,,,,,,,,,,,,,,,,,,,,,,,,,,,,,,,,,,,,,,,,,,,,,,,,,,,,,,,,,,,,,,,,,,,,,,,,,,,,,,,,,,,,,,,,,
TT.86300003,5901597202363,,,"Nosilec-roka 3D 100mm 360° PEN8, za LED profil, kotno-nastavljiv, krom, (R2)",00001602,91086973,,kom,83024900,PL,0.11,,0.11,,0,,10,mm,130,mm,160,mm,,,,,32.91,,,,22,1,,,,,,,,,,,,,,,,,,,,,,,,,,,,,,,,,,,,,,,,,,,,,,,,,,,,,,,,,,,,,,,,,,,,,,,,,,,,,,,,,,,,,,,,,,,,,,,,,,,,,,,,,,,,,,,,,,,,,,,,,,,,,,,,,,,,,,,,,,,,,,,,,,,,,,,,,,,,,,,,,,,,,,,,,,,,,,,,,,,,
TT.86320003,5901597202424,,,"Nosilec-roka z rozeto 100mm 300° PEN8, za LED profil, krom, (R2)",00001602,91086973,,kom,83024900,PL,0.15,,0.15,,0,,10,mm,130,mm,160,mm,,,,,50.12,,,,22,1,,,,,,,,,,,,,,,,,,,,,,,,,,,,,,,,,,,,,,,,,,,,,,,,,,,,,,,,,,,,,,,,,,,,,,,,,,,,,,,,,,,,,,,,,,,,,,,,,,,,,,,,,,,,,,,,,,,,,,,,,,,,,,,,,,,,,,,,,,,,,,,,,,,,,,,,,,,,,,,,,,,,,,,,,,,,,,,,,,,,
TT.86330003,5901597202455,,Holder double PEN8 screw thread 100mm 300° chrome 2pcs,"Nosilec-roka z navojem 100mm 300° PEN8, za LED profil, krom, (R2)",00001602,91086973,,kom,83024900,PL,0.122,,0.122,,0,,10,mm,100,mm,150,mm,,,,,57.44,,,,22,1,,,,,,,,,,,,,,,,,,,,,,,,,,,,,,,,,,,,,,,,,,,,,,,,,,,,,,,,,,,,,,,,,,,,,,,,,,,,,,,,,,,,,,,,,,,,,,,,,,,,,,,,,,,,,,,,,,,,,,,,,,,,,,,,,,,,,,,,,,,,,,,,,,,,,,,,,,,,,,,,,,,,,,,,,,,,,,,,,,,,
TT.86370030,5901597201953,,Holder wall PEN8 simple double end alu 2pcs,"Stenski nosilec PEN8, za LED profil, enostavni, dvostranski, pocinkan, (R2)",00001602,91086973,,kom,83024900,PL,0.021,,0.021,,0,,10,mm,100,mm,160,mm,,,,,4.7,,,,22,1,,,,,,,,,,,,,,,,,,,,,,,,,,,,,,,,,,,,,,,,,,,,,,,,,,,,,,,,,,,,,,,,,,,,,,,,,,,,,,,,,,,,,,,,,,,,,,,,,,,,,,,,,,,,,,,,,,,,,,,,,,,,,,,,,,,,,,,,,,,,,,,,,,,,,,,,,,,,,,,,,,,,,,,,,,,,,,,,,,,,
TT.86440000,5901597202325,,Holder blocking ring PEN8 360° 2pcs,"Nosilec PEN8, za LED profil, (R2)",00001602,91086973,,kom,83024900,PL,0.02,,0.02,,0,,10,mm,130,mm,160,mm,,,,,6.03,,,,22,1,,,,,,,,,,,,,,,,,,,,,,,,,,,,,,,,,,,,,,,,,,,,,,,,,,,,,,,,,,,,,,,,,,,,,,,,,,,,,,,,,,,,,,,,,,,,,,,,,,,,,,,,,,,,,,,,,,,,,,,,,,,,,,,,,,,,,,,,,,,,,,,,,,,,,,,,,,,,,,,,,,,,,,,,,,,,,,,,,,,,
TT.86470022,5901597202684,,End cap PEN8 with hole grey I,"Zaključni element (kapa), PEN8, z luknjo, siv, 1/10, (R2)",00001602,91086973,,kom,94059200,PL,0.03,,0.03,,0,,10,mm,100,mm,160,mm,,,,,0.52,,,,22,0,,,,,,,,,,,,,,,,,,,,,,,,,,,,,,,,,,,,,,,,,,,,,,,,,,,,,,,,,,,,,,,,,,,,,,,,,,,,,,,,,,,,,,,,,,,,,,,,,,,,,,,,,,,,,,,,,,,,,,,,,,,,,,,,,,,,,,,,,,,,,,,,,,,,,,,,,,,,,,,,,,,,,,,,,,,,,,,,,,,,
TT.86470040,5901597202691,,End cap PEN8 with hole silver I 20pcs,"Zaključni element (kapa), PEN8, z luknjo, srebrn, 1/10, (R2)",00001602,91086973,,kom,94059200,PL,0.03,,0.03,,0,,10,mm,100,mm,160,mm,,,,,0.56,,,,22,0,,,,,,,,,,,,,,,,,,,,,,,,,,,,,,,,,,,,,,,,,,,,,,,,,,,,,,,,,,,,,,,,,,,,,,,,,,,,,,,,,,,,,,,,,,,,,,,,,,,,,,,,,,,,,,,,,,,,,,,,,,,,,,,,,,,,,,,,,,,,,,,,,,,,,,,,,,,,,,,,,,,,,,,,,,,,,,,,,,,,
TT.86490022,5901597202660,,End cap PEN8 grey I,"Zaključni element (kapa), PEN8, siv, 1/10, (R2)",00001602,91086973,,kom,94059200,PL,0.03,,0.03,,0,,10,mm,100,mm,160,mm,,,,,0.52,,,,22,0,,,,,,,,,,,,,,,,,,,,,,,,,,,,,,,,,,,,,,,,,,,,,,,,,,,,,,,,,,,,,,,,,,,,,,,,,,,,,,,,,,,,,,,,,,,,,,,,,,,,,,,,,,,,,,,,,,,,,,,,,,,,,,,,,,,,,,,,,,,,,,,,,,,,,,,,,,,,,,,,,,,,,,,,,,,,,,,,,,,,
TT.86490040,5901597202677,,End cap PEN8 silver I 20pcs,"Zaključni element (kapa), PEN8, srebrn, 1/10, (R2)",00001602,91086973,,kom,94059200,PL,0.03,,0.03,,0,,10,mm,100,mm,160,mm,,,,,0.56,,,,22,0,,,,,,,,,,,,,,,,,,,,,,,,,,,,,,,,,,,,,,,,,,,,,,,,,,,,,,,,,,,,,,,,,,,,,,,,,,,,,,,,,,,,,,,,,,,,,,,,,,,,,,,,,,,,,,,,,,,,,,,,,,,,,,,,,,,,,,,,,,,,,,,,,,,,,,,,,,,,,,,,,,,,,,,,,,,,,,,,,,,,
TT.87030000,5901597205531,,LED profile FIX12 purpose-made alu raw 2m,"LED profil, FIX12, namenski, alu surov, 2m, 1/100, (R2)",00001602,91086973,,m,76042100,PL,0,,0.224,,0,,2000,mm,18,mm,3.8,mm,,,,,2.01,,,,22,0,,,,,,,,,,,,,,,,,,,,,,,,,,,,,,,,,,,,,,,,,,,,,,,,,,,,,,,,,,,,,,,,,,,,,,,,,,,,,,,,,,,,,,,,,,,,,,,,,,,,,,,,,,,,,,,,,,,,,,,,,,,,,,,,,,,,,,,,,,,,,,,,,,,,,,,,,,,,,,,,,,,,,,,,,,,,,,,,,,,,
TT.87030020,5901597230007,,LED profile FIX12 purpose-made alu anodized 2m,"LED profil, FIX12, namenski, alu anodiziran, 2m, 1/100, (R2)",00001602,91086973,,m,76042100,PL,0,,2.196,,0,,3000,mm,20,mm,8,mm,,,,,3.03,,,,22,0,,,,,,,,,,,,,,,,,,,,,,,,,,,,,,,,,,,,,,,,,,,,,,,,,,,,,,,,,,,,,,,,,,,,,,,,,,,,,,,,,,,,,,,,,,,,,,,,,,,,,,,,,,,,,,,,,,,,,,,,,,,,,,,,,,,,,,,,,,,,,,,,,,,,,,,,,,,,,,,,,,,,,,,,,,,,,,,,,,,,
TT.89000216,5901597261797,,Cover type C2 click transparent 2m,Pokrov tip C2 na klik PMMA prozoren 2m,00001602,91086973,,m,94059200,PL,0.026,,0.026,,0,,10.2,2000,2,2000,0,2000,,,,,2.12,,,,22,0,,,,,,,,,,,,,,,,,,,,,,,,,,,,,,,,,,,,,,,,,,,,,,,,,,,,,,,,,,,,,,,,,,,,,,,,,,,,,,,,,,,,,,,,,,,,,,,,,,,,,,,,,,,,,,,,,,,,,,,,,,,,,,,,,,,,,,,,,,,,,,,,,,,,,,,,,,,,,,,,,,,,,,,,,,,,,,,,,,,,
TT.89000238,5901597261810,,Cover type C2 click milky transparent mat 2m,Pokrov tip C2 na klik PMMA mlečno prozoren mat 2m,00001602,91086973,,m,94059200,PL,0.026,,0.026,,0,,10.2,2000,2,2000,0,2000,,,,,2.07,,,,22,0,,,,,,,,,,,,,,,,,,,,,,,,,,,,,,,,,,,,,,,,,,,,,,,,,,,,,,,,,,,,,,,,,,,,,,,,,,,,,,,,,,,,,,,,,,,,,,,,,,,,,,,,,,,,,,,,,,,,,,,,,,,,,,,,,,,,,,,,,,,,,,,,,,,,,,,,,,,,,,,,,,,,,,,,,,,,,,,,,,,,
TT.89030000,5901597203537,,LED profile SLIM8 AC2/Z alu raw 2m,"LED profil, SLIM8, nadgradni, AC2/Z, alu surov, 2m, 1/100, (R2)",00001602,91086973,,m,76042100,PL,0,,0.284,,0,,2000,mm,12.2,mm,7,mm,,,,,3.19,,,,22,0,,,,,,,,,,,,,,,,,,,,,,,,,,,,,,,,,,,,,,,,,,,,,,,,,,,,,,,,,,,,,,,,,,,,,,,,,,,,,,,,,,,,,,,,,,,,,,,,,,,,,,,,,,,,,,,,,,,,,,,,,,,,,,,,,,,,,,,,,,,,,,,,,,,,,,,,,,,,,,,,,,,,,,,,,,,,,,,,,,,,
TT.89030001,5901597203551,,LED profile SLIM8 AC2/Z white mat 2m,"LED profil, SLIM8, nadgradni, AC2/Z, bel mat, 2m, 1/100, (R2)",00001602,91086973,,m,76042100,PL,0,,0.272,,0,,2000,mm,12.2,mm,7,mm,,,,,6.01,,,,22,0,,,,,,,,,,,,,,,,,,,,,,,,,,,,,,,,,,,,,,,,,,,,,,,,,,,,,,,,,,,,,,,,,,,,,,,,,,,,,,,,,,,,,,,,,,,,,,,,,,,,,,,,,,,,,,,,,,,,,,,,,,,,,,,,,,,,,,,,,,,,,,,,,,,,,,,,,,,,,,,,,,,,,,,,,,,,,,,,,,,,
TT.89030020,5901597201113,,LED profile SLIM8 AC2/Z alu anodized 2m,"LED profil, SLIM8, nadgradni, AC2/Z, alu anodiziran, 2m, 1/100, (R2)",00001602,91086973,,m,76042100,PL,0,,0.272,,0,,2000,mm,12.2,mm,7,mm,,,,,4.76,,,,22,0,,,,,,,,,,,,,,,,,,,,,,,,,,,,,,,,,,,,,,,,,,,,,,,,,,,,,,,,,,,,,,,,,,,,,,,,,,,,,,,,,,,,,,,,,,,,,,,,,,,,,,,,,,,,,,,,,,,,,,,,,,,,,,,,,,,,,,,,,,,,,,,,,,,,,,,,,,,,,,,,,,,,,,,,,,,,,,,,,,,,
TT.89030021,5901597201298,,LED profile SLIM8 AC2/Z black anodized 2m,"LED profil, SLIM8, nadgradni, AC2/Z, črn anodiziran, 2m, 1/100, (R2)",00001602,91086973,,m,76042100,PL,0,,0.272,,0,,2000,mm,12.2,mm,7,mm,,,,,6.11,,,,22,0,,,,,,,,,,,,,,,,,,,,,,,,,,,,,,,,,,,,,,,,,,,,,,,,,,,,,,,,,,,,,,,,,,,,,,,,,,,,,,,,,,,,,,,,,,,,,,,,,,,,,,,,,,,,,,,,,,,,,,,,,,,,,,,,,,,,,,,,,,,,,,,,,,,,,,,,,,,,,,,,,,,,,,,,,,,,,,,,,,,,
TT.89070016,5901597203346,,Cover type A slide transparent 2m,Pokrov tip A slide PC prozoren 2m,00001602,91086973,,m,94059200,PL,0.02,,0.02,,0,,10.2,2000,1,2000,0,2000,,,,,0.66,,,,22,0,,,,,,,,,,,,,,,,,,,,,,,,,,,,,,,,,,,,,,,,,,,,,,,,,,,,,,,,,,,,,,,,,,,,,,,,,,,,,,,,,,,,,,,,,,,,,,,,,,,,,,,,,,,,,,,,,,,,,,,,,,,,,,,,,,,,,,,,,,,,,,,,,,,,,,,,,,,,,,,,,,,,,,,,,,,,,,,,,,,,
TT.89070038,5901597201175,,Cover type A slide milky transparent mat 2m,Pokrov tip A slide PP mlečno prozoren mat 2m,00001602,91086973,,m,94059200,PL,0.02,,0.02,,0,,10.2,2000,1,2000,0,2000,,,,,0.78,,,,22,0,,,,,,,,,,,,,,,,,,,,,,,,,,,,,,,,,,,,,,,,,,,,,,,,,,,,,,,,,,,,,,,,,,,,,,,,,,,,,,,,,,,,,,,,,,,,,,,,,,,,,,,,,,,,,,,,,,,,,,,,,,,,,,,,,,,,,,,,,,,,,,,,,,,,,,,,,,,,,,,,,,,,,,,,,,,,,,,,,,,,
TT.89070039,5901597201182,,Cover type A slide frosted 2m,Pokrov tip A slide PP motno prozoren 2m,00001602,91086973,,m,94059200,PL,0.014,,0.014,,0,,10.2,2000,0.8,2000,0,2000,,,,,0.63,,,,22,0,,,,,,,,,,,,,,,,,,,,,,,,,,,,,,,,,,,,,,,,,,,,,,,,,,,,,,,,,,,,,,,,,,,,,,,,,,,,,,,,,,,,,,,,,,,,,,,,,,,,,,,,,,,,,,,,,,,,,,,,,,,,,,,,,,,,,,,,,,,,,,,,,,,,,,,,,,,,,,,,,,,,,,,,,,,,,,,,,,,,
TT.89080001,5901597201458,,End cap SLIM8 white A/C2,"Zaključni element (kapa), SLIM8, bel, 1/10, (R2)",00001602,91086973,,kom,94059200,PL,0.01,,0.01,,0,,10,mm,100,mm,160,mm,,,,,0.52,,,,22,0,,,,,,,,,,,,,,,,,,,,,,,,,,,,,,,,,,,,,,,,,,,,,,,,,,,,,,,,,,,,,,,,,,,,,,,,,,,,,,,,,,,,,,,,,,,,,,,,,,,,,,,,,,,,,,,,,,,,,,,,,,,,,,,,,,,,,,,,,,,,,,,,,,,,,,,,,,,,,,,,,,,,,,,,,,,,,,,,,,,,
TT.89080002,5901597201489,,End cap SLIM8 black A/C2,"Zaključni element (kapa), SLIM8, črn, 1/10, (R2)",00001602,91086973,,kom,94059200,PL,0.01,,0.01,,0,,10,mm,100,mm,160,mm,,,,,0.52,,,,22,0,,,,,,,,,,,,,,,,,,,,,,,,,,,,,,,,,,,,,,,,,,,,,,,,,,,,,,,,,,,,,,,,,,,,,,,,,,,,,,,,,,,,,,,,,,,,,,,,,,,,,,,,,,,,,,,,,,,,,,,,,,,,,,,,,,,,,,,,,,,,,,,,,,,,,,,,,,,,,,,,,,,,,,,,,,,,,,,,,,,,
TT.89080022,5901597201465,,End cap SLIM8 grey A/C2,"Zaključni element (kapa), SLIM8, siv, 1/10, (R2)",00001602,91086973,,kom,94059200,PL,0.01,,0.01,,0,,10,mm,100,mm,160,mm,,,,,0.52,,,,22,0,,,,,,,,,,,,,,,,,,,,,,,,,,,,,,,,,,,,,,,,,,,,,,,,,,,,,,,,,,,,,,,,,,,,,,,,,,,,,,,,,,,,,,,,,,,,,,,,,,,,,,,,,,,,,,,,,,,,,,,,,,,,,,,,,,,,,,,,,,,,,,,,,,,,,,,,,,,,,,,,,,,,,,,,,,,,,,,,,,,,
TT.89080040,5901597201472,,End cap SLIM8 silver A/C2,"Zaključni element (kapa), SLIM8, srebrn, 1/10, (R2)",00001602,91086973,,kom,94059200,PL,0.01,,0.01,,0,,10,mm,100,mm,160,mm,,,,,0.56,,,,22,0,,,,,,,,,,,,,,,,,,,,,,,,,,,,,,,,,,,,,,,,,,,,,,,,,,,,,,,,,,,,,,,,,,,,,,,,,,,,,,,,,,,,,,,,,,,,,,,,,,,,,,,,,,,,,,,,,,,,,,,,,,,,,,,,,,,,,,,,,,,,,,,,,,,,,,,,,,,,,,,,,,,,,,,,,,,,,,,,,,,,
TT.89110030,5901597201960,,Holder wall SLIM8 simple double end alu 2pcs,"Stenski nosilec SLIM8, za LED profil, enostavni, dvostranski, pocinkan, (R2)",00001602,91086973,,kom,83024900,PL,0.018,,0.018,,0,,20,mm,150,mm,200,mm,,,,,3.96,,,,22,100,,,,,,,,,,,,,,,,,,,,,,,,,,,,,,,,,,,,,,,,,,,,,,,,,,,,,,,,,,,,,,,,,,,,,,,,,,,,,,,,,,,,,,,,,,,,,,,,,,,,,,,,,,,,,,,,,,,,,,,,,,,,,,,,,,,,,,,,,,,,,,,,,,,,,,,,,,,,,,,,,,,,,,,,,,,,,,,,,,,,
TT.89140001,5901597201526,,End cap SLIM8 with hole white A/C2,"Zaključni element (kapa), SLIM8, z luknjo, bel, 1/10, (R2)",00001602,91086973,,kom,94059200,PL,0.01,,0.01,,0,,10,mm,100,mm,160,mm,,,,,0.52,,,,22,0,,,,,,,,,,,,,,,,,,,,,,,,,,,,,,,,,,,,,,,,,,,,,,,,,,,,,,,,,,,,,,,,,,,,,,,,,,,,,,,,,,,,,,,,,,,,,,,,,,,,,,,,,,,,,,,,,,,,,,,,,,,,,,,,,,,,,,,,,,,,,,,,,,,,,,,,,,,,,,,,,,,,,,,,,,,,,,,,,,,,
TT.89140002,5901597201519,,End cap SLIM8 with hole black A/C2,"Zaključni element (kapa), SLIM8, z luknjo, črn, 1/10, (R2)",00001602,91086973,,kom,94059200,PL,0.01,,0.01,,0,,10,mm,100,mm,160,mm,,,,,0.52,,,,22,0,,,,,,,,,,,,,,,,,,,,,,,,,,,,,,,,,,,,,,,,,,,,,,,,,,,,,,,,,,,,,,,,,,,,,,,,,,,,,,,,,,,,,,,,,,,,,,,,,,,,,,,,,,,,,,,,,,,,,,,,,,,,,,,,,,,,,,,,,,,,,,,,,,,,,,,,,,,,,,,,,,,,,,,,,,,,,,,,,,,,
TT.89140022,5901597201496,,End cap SLIM8 with hole grey A/C2,"Zaključni element (kapa), SLIM8, z luknjo, siv, 1/10, (R2)",00001602,91086973,,kom,94059200,PL,0.01,,0.01,,0,,10,mm,100,mm,160,mm,,,,,0.52,,,,22,0,,,,,,,,,,,,,,,,,,,,,,,,,,,,,,,,,,,,,,,,,,,,,,,,,,,,,,,,,,,,,,,,,,,,,,,,,,,,,,,,,,,,,,,,,,,,,,,,,,,,,,,,,,,,,,,,,,,,,,,,,,,,,,,,,,,,,,,,,,,,,,,,,,,,,,,,,,,,,,,,,,,,,,,,,,,,,,,,,,,,
TT.89140040,5901597201502,,End cap SLIM8 with hole silver A/C2,"Zaključni element (kapa), SLIM8, z luknjo, srebrn, 1/10, (R2)",00001602,91086973,,kom,94059200,PL,0.01,,0.01,,0,,10,mm,100,mm,160,mm,,,,,0.56,,,,22,0,,,,,,,,,,,,,,,,,,,,,,,,,,,,,,,,,,,,,,,,,,,,,,,,,,,,,,,,,,,,,,,,,,,,,,,,,,,,,,,,,,,,,,,,,,,,,,,,,,,,,,,,,,,,,,,,,,,,,,,,,,,,,,,,,,,,,,,,,,,,,,,,,,,,,,,,,,,,,,,,,,,,,,,,,,,,,,,,,,,,
TT.89150020,5901597202486,,Corner connector SLIM8 90° alu,"Kotni element 90° SLIM8, za LED profil, alu, (R2)",00001602,91086973,,kom,83024900,PL,0.012,,0.012,,0,,10,mm,100,mm,160,mm,,,,,10.94,,,,22,10,,,,,,,,,,,,,,,,,,,,,,,,,,,,,,,,,,,,,,,,,,,,,,,,,,,,,,,,,,,,,,,,,,,,,,,,,,,,,,,,,,,,,,,,,,,,,,,,,,,,,,,,,,,,,,,,,,,,,,,,,,,,,,,,,,,,,,,,,,,,,,,,,,,,,,,,,,,,,,,,,,,,,,,,,,,,,,,,,,,,
TT.89270001,5901597209157,,Mounting plate Z white 20pcs,"Montažna ploščica Z, za LED profil, bela, (R2)",00001602,91086973,,kom,83024900,PL,0.04,,0.04,,0,,10,mm,100,mm,160,mm,,,,,1.44,,,,22,10,,,,,,,,,,,,,,,,,,,,,,,,,,,,,,,,,,,,,,,,,,,,,,,,,,,,,,,,,,,,,,,,,,,,,,,,,,,,,,,,,,,,,,,,,,,,,,,,,,,,,,,,,,,,,,,,,,,,,,,,,,,,,,,,,,,,,,,,,,,,,,,,,,,,,,,,,,,,,,,,,,,,,,,,,,,,,,,,,,,,
TT.89270002,5901597209164,,Mounting plate Z black 20pcs,"Montažna ploščica Z, za LED profil, črna, (R2)",00001602,91086973,,kom,83024900,PL,0.04,,0.04,,0,,10,mm,100,mm,160,mm,,,,,1.44,,,,22,10,,,,,,,,,,,,,,,,,,,,,,,,,,,,,,,,,,,,,,,,,,,,,,,,,,,,,,,,,,,,,,,,,,,,,,,,,,,,,,,,,,,,,,,,,,,,,,,,,,,,,,,,,,,,,,,,,,,,,,,,,,,,,,,,,,,,,,,,,,,,,,,,,,,,,,,,,,,,,,,,,,,,,,,,,,,,,,,,,,,,
TT.89270019,5901597201830,,Mounting plate Z inox 20pcs,"Montažna ploščica Z, za LED profil, inox, (R2)",00001602,91086973,,kom,83024900,PL,0.04,,0.04,,0,,10,mm,100,mm,160,mm,,,,,0.98,,,,22,10,,,,,,,,,,,,,,,,,,,,,,,,,,,,,,,,,,,,,,,,,,,,,,,,,,,,,,,,,,,,,,,,,,,,,,,,,,,,,,,,,,,,,,,,,,,,,,,,,,,,,,,,,,,,,,,,,,,,,,,,,,,,,,,,,,,,,,,,,,,,,,,,,,,,,,,,,,,,,,,,,,,,,,,,,,,,,,,,,,,,
TT.89980001,5901597209195,,Mounting plate Z CONE white 20pcs,"Montažna ploščica Z, za LED profil, poglobljena (CONE), bela, (R2)",00001602,91086973,,kom,83024900,PL,0.04,,0.04,,0,,10,mm,100,mm,160,mm,,,,,1.72,,,,22,10,,,,,,,,,,,,,,,,,,,,,,,,,,,,,,,,,,,,,,,,,,,,,,,,,,,,,,,,,,,,,,,,,,,,,,,,,,,,,,,,,,,,,,,,,,,,,,,,,,,,,,,,,,,,,,,,,,,,,,,,,,,,,,,,,,,,,,,,,,,,,,,,,,,,,,,,,,,,,,,,,,,,,,,,,,,,,,,,,,,,
TT.89980002,5901597209201,,Mounting plate Z CONE black 20pcs,"Montažna ploščica Z, za LED profil, poglobljena (CONE), črna, (R2)",00001602,91086973,,kom,83024900,PL,0.04,,0.04,,0,,10,mm,100,mm,160,mm,,,,,1.72,,,,22,10,,,,,,,,,,,,,,,,,,,,,,,,,,,,,,,,,,,,,,,,,,,,,,,,,,,,,,,,,,,,,,,,,,,,,,,,,,,,,,,,,,,,,,,,,,,,,,,,,,,,,,,,,,,,,,,,,,,,,,,,,,,,,,,,,,,,,,,,,,,,,,,,,,,,,,,,,,,,,,,,,,,,,,,,,,,,,,,,,,,,
TT.89980019,5901597209218,,Mounting plate Z CONE inox 20pcs,"Montažna ploščica Z, za LED profil, poglobljena (CONE), inox, (R2)",00001602,91086973,,kom,83024900,PL,0.04,,0.04,,0,,10,mm,100,mm,160,mm,,,,,1.14,,,,22,10,,,,,,,,,,,,,,,,,,,,,,,,,,,,,,,,,,,,,,,,,,,,,,,,,,,,,,,,,,,,,,,,,,,,,,,,,,,,,,,,,,,,,,,,,,,,,,,,,,,,,,,,,,,,,,,,,,,,,,,,,,,,,,,,,,,,,,,,,,,,,,,,,,,,,,,,,,,,,,,,,,,,,,,,,,,,,,,,,,,,
TT.90030000,5901597205357,,LED profile BACK10 purpose-made A/UX alu raw 2m,"LED profil, BACK10, namenski, A/UX, alu surov, 2m, 1/25, (R2)",00001602,91086973,,m,76042100,PL,0,,1.112,,0,,2000,mm,40,mm,13.5,mm,,,,,8.9,,,,22,0,,,,,,,,,,,,,,,,,,,,,,,,,,,,,,,,,,,,,,,,,,,,,,,,,,,,,,,,,,,,,,,,,,,,,,,,,,,,,,,,,,,,,,,,,,,,,,,,,,,,,,,,,,,,,,,,,,,,,,,,,,,,,,,,,,,,,,,,,,,,,,,,,,,,,,,,,,,,,,,,,,,,,,,,,,,,,,,,,,,,
TT.90030001,5901597205371,,LED profile BACK10 purpose-made A/UX white mat 2m,"LED profil, BACK10, namenski, A/UX, bel mat, 2m, 1/40, (R2)",00001602,91086973,,m,76042100,PL,0,,1.112,,0,,2000,mm,40,mm,13.5,mm,,,,,16.69,,,,22,0,,,,,,,,,,,,,,,,,,,,,,,,,,,,,,,,,,,,,,,,,,,,,,,,,,,,,,,,,,,,,,,,,,,,,,,,,,,,,,,,,,,,,,,,,,,,,,,,,,,,,,,,,,,,,,,,,,,,,,,,,,,,,,,,,,,,,,,,,,,,,,,,,,,,,,,,,,,,,,,,,,,,,,,,,,,,,,,,,,,,
TT.90030002,5901597205395,,LED profile BACK10 purpose-made A/UX black 2m,"LED profil, BACK10, namenski, A/UX, črn, 2m, 1/40, (R2)",00001602,91086973,,m,76042100,PL,0,,1.112,,0,,2000,mm,40,mm,13.5,mm,,,,,16.53,,,,22,0,,,,,,,,,,,,,,,,,,,,,,,,,,,,,,,,,,,,,,,,,,,,,,,,,,,,,,,,,,,,,,,,,,,,,,,,,,,,,,,,,,,,,,,,,,,,,,,,,,,,,,,,,,,,,,,,,,,,,,,,,,,,,,,,,,,,,,,,,,,,,,,,,,,,,,,,,,,,,,,,,,,,,,,,,,,,,,,,,,,,
TT.90030020,5901597205333,,LED profile BACK10 purpose-made A/UX alu anodized 2m,"LED profil, BACK10, namenski, A/UX, alu anodiziran, 2m, 1/25, (R2)",00001602,91086973,,m,76042100,PL,0,,1.056,,0,,2000,mm,40,mm,13.5,mm,,,,,13.01,,,,22,0,,,,,,,,,,,,,,,,,,,,,,,,,,,,,,,,,,,,,,,,,,,,,,,,,,,,,,,,,,,,,,,,,,,,,,,,,,,,,,,,,,,,,,,,,,,,,,,,,,,,,,,,,,,,,,,,,,,,,,,,,,,,,,,,,,,,,,,,,,,,,,,,,,,,,,,,,,,,,,,,,,,,,,,,,,,,,,,,,,,,
TT.90100001,5901597203995,,End cap BACK10 white A 20pcs,"Zaključni element (kapa), BACK10, bel, 1/10, (R2)",00001602,91086973,,kom,94059200,PL,0.03,,0.03,,0,,10,mm,100,mm,160,mm,,,,,1.04,,,,22,0,,,,,,,,,,,,,,,,,,,,,,,,,,,,,,,,,,,,,,,,,,,,,,,,,,,,,,,,,,,,,,,,,,,,,,,,,,,,,,,,,,,,,,,,,,,,,,,,,,,,,,,,,,,,,,,,,,,,,,,,,,,,,,,,,,,,,,,,,,,,,,,,,,,,,,,,,,,,,,,,,,,,,,,,,,,,,,,,,,,,
TT.90100002,5901597203971,,End cap BACK10 black A 20pcs,"Zaključni element (kapa), BACK10, črn, 1/10, (R2)",00001602,91086973,,kom,94059200,PL,0.03,,0.03,,0,,10,mm,100,mm,160,mm,,,,,1.04,,,,22,0,,,,,,,,,,,,,,,,,,,,,,,,,,,,,,,,,,,,,,,,,,,,,,,,,,,,,,,,,,,,,,,,,,,,,,,,,,,,,,,,,,,,,,,,,,,,,,,,,,,,,,,,,,,,,,,,,,,,,,,,,,,,,,,,,,,,,,,,,,,,,,,,,,,,,,,,,,,,,,,,,,,,,,,,,,,,,,,,,,,,
TT.90100022,5901597203858,,End cap BACK10 grey A 20pcs,"Zaključni element (kapa), BACK10, siv, 1/10, (R2)",00001602,91086973,,kom,94059200,PL,0.03,,0.03,,0,,10,mm,100,mm,160,mm,,,,,1.04,,,,22,0,,,,,,,,,,,,,,,,,,,,,,,,,,,,,,,,,,,,,,,,,,,,,,,,,,,,,,,,,,,,,,,,,,,,,,,,,,,,,,,,,,,,,,,,,,,,,,,,,,,,,,,,,,,,,,,,,,,,,,,,,,,,,,,,,,,,,,,,,,,,,,,,,,,,,,,,,,,,,,,,,,,,,,,,,,,,,,,,,,,,
TT.90100040,5901597203957,,End cap BACK10 silver A 20pcs,"Zaključni element (kapa), BACK10, srebrn, 1/10, (R2)",00001602,91086973,,kom,94059200,PL,0.03,,0.03,,0,,10,mm,100,mm,160,mm,,,,,1.04,,,,22,0,,,,,,,,,,,,,,,,,,,,,,,,,,,,,,,,,,,,,,,,,,,,,,,,,,,,,,,,,,,,,,,,,,,,,,,,,,,,,,,,,,,,,,,,,,,,,,,,,,,,,,,,,,,,,,,,,,,,,,,,,,,,,,,,,,,,,,,,,,,,,,,,,,,,,,,,,,,,,,,,,,,,,,,,,,,,,,,,,,,,
TT.90150001,5901597204077,,End cap BACK10 with hole white A 20pcs,"Zaključni element (kapa), BACK10, z luknjo, bel, 1/10, (R2)",00001602,91086973,,kom,94059200,PL,0.03,,0.03,,0,,10,mm,100,mm,160,mm,,,,,1.04,,,,22,0,,,,,,,,,,,,,,,,,,,,,,,,,,,,,,,,,,,,,,,,,,,,,,,,,,,,,,,,,,,,,,,,,,,,,,,,,,,,,,,,,,,,,,,,,,,,,,,,,,,,,,,,,,,,,,,,,,,,,,,,,,,,,,,,,,,,,,,,,,,,,,,,,,,,,,,,,,,,,,,,,,,,,,,,,,,,,,,,,,,,
TT.90150002,5901597204053,,End cap BACK10 with hole black A 20pcs,"Zaključni element (kapa), BACK10, z luknjo, črn, 1/10, (R2)",00001602,91086973,,kom,94059200,PL,0.03,,0.03,,0,,10,mm,100,mm,160,mm,,,,,1.04,,,,22,0,,,,,,,,,,,,,,,,,,,,,,,,,,,,,,,,,,,,,,,,,,,,,,,,,,,,,,,,,,,,,,,,,,,,,,,,,,,,,,,,,,,,,,,,,,,,,,,,,,,,,,,,,,,,,,,,,,,,,,,,,,,,,,,,,,,,,,,,,,,,,,,,,,,,,,,,,,,,,,,,,,,,,,,,,,,,,,,,,,,,
TT.90150022,5901597204015,,End cap BACK10 with hole grey A 20pcs,"Zaključni element (kapa), BACK10, z luknjo, siv, 1/10, (R2)",00001602,91086973,,kom,94059200,PL,0.03,,0.03,,0,,10,mm,100,mm,160,mm,,,,,1.04,,,,22,0,,,,,,,,,,,,,,,,,,,,,,,,,,,,,,,,,,,,,,,,,,,,,,,,,,,,,,,,,,,,,,,,,,,,,,,,,,,,,,,,,,,,,,,,,,,,,,,,,,,,,,,,,,,,,,,,,,,,,,,,,,,,,,,,,,,,,,,,,,,,,,,,,,,,,,,,,,,,,,,,,,,,,,,,,,,,,,,,,,,,
TT.90150040,5901597204039,,End cap BACK10 with hole silver A 20pcs,"Zaključni element (kapa), BACK10, z luknjo, srebrn, 1/10, (R2)",00001602,91086973,,kom,94059200,PL,0.03,,0.03,,0,,10,mm,100,mm,160,mm,,,,,1.04,,,,22,0,,,,,,,,,,,,,,,,,,,,,,,,,,,,,,,,,,,,,,,,,,,,,,,,,,,,,,,,,,,,,,,,,,,,,,,,,,,,,,,,,,,,,,,,,,,,,,,,,,,,,,,,,,,,,,,,,,,,,,,,,,,,,,,,,,,,,,,,,,,,,,,,,,,,,,,,,,,,,,,,,,,,,,,,,,,,,,,,,,,,
TT.91030000,5901597252283,,LED profile TRIO10 corner BC alu raw 2m,"LED profil, TRIO10, kotni, BC, alu surov, 2m, 1/50, (R2)",00001602,91086973,,m,76042100,PL,0,,1.458,,0,,3000,mm,14,mm,44.4,mm,,,,,4.03,,,,22,0,,,,,,,,,,,,,,,,,,,,,,,,,,,,,,,,,,,,,,,,,,,,,,,,,,,,,,,,,,,,,,,,,,,,,,,,,,,,,,,,,,,,,,,,,,,,,,,,,,,,,,,,,,,,,,,,,,,,,,,,,,,,,,,,,,,,,,,,,,,,,,,,,,,,,,,,,,,,,,,,,,,,,,,,,,,,,,,,,,,,
TT.91030001,5901597205203,,LED profile TRIO10 corner BC white mat 2m,"LED profil, TRIO10, kotni, BC, bel mat, 2m, 1/100, (R2)",00001602,91086973,,m,76042100,PL,0,,0.42,,0,,2000,mm,17.8,mm,17.8,mm,,,,,8.35,,,,22,0,,,,,,,,,,,,,,,,,,,,,,,,,,,,,,,,,,,,,,,,,,,,,,,,,,,,,,,,,,,,,,,,,,,,,,,,,,,,,,,,,,,,,,,,,,,,,,,,,,,,,,,,,,,,,,,,,,,,,,,,,,,,,,,,,,,,,,,,,,,,,,,,,,,,,,,,,,,,,,,,,,,,,,,,,,,,,,,,,,,,
TT.91030020,5901597205166,,LED profile TRIO10 corner BC alu anodized 2m,"LED profil, TRIO10, kotni, BC, alu anodiziran, 2m, 1/50, (R2)",00001602,91086973,,m,76042100,PL,0,,0.408,,0,,2000,mm,17.8,mm,17.8,mm,,,,,6.03,,,,22,0,,,,,,,,,,,,,,,,,,,,,,,,,,,,,,,,,,,,,,,,,,,,,,,,,,,,,,,,,,,,,,,,,,,,,,,,,,,,,,,,,,,,,,,,,,,,,,,,,,,,,,,,,,,,,,,,,,,,,,,,,,,,,,,,,,,,,,,,,,,,,,,,,,,,,,,,,,,,,,,,,,,,,,,,,,,,,,,,,,,,
TT.91030021,5901597205180,,LED profile TRIO10 corner BC black anodized 2m,"LED profil, TRIO10, kotni, BC, črn anodiziran, 2m, 1/50, (R2)",00001602,91086973,,m,76042100,PL,0,,0.408,,0,,2000,mm,17.8,mm,17.8,mm,,,,,,,,,22,0,,,,,,,,,,,,,,,,,,,,,,,,,,,,,,,,,,,,,,,,,,,,,,,,,,,,,,,,,,,,,,,,,,,,,,,,,,,,,,,,,,,,,,,,,,,,,,,,,,,,,,,,,,,,,,,,,,,,,,,,,,,,,,,,,,,,,,,,,,,,,,,,,,,,,,,,,,,,,,,,,,,,,,,,,,,,,,,,,,,,
TT.91060001,5901597255543,,End cap TRIO10 white B/C/C-leča 20pcs,"Zaključni element (kapa), TRIO10, bel, 1/10, (R2)",00001602,91086973,,kom,94059200,PL,0.03,,0.03,,0,,10,mm,100,mm,160,mm,,,,,0.52,,,,22,0,,,,,,,,,,,,,,,,,,,,,,,,,,,,,,,,,,,,,,,,,,,,,,,,,,,,,,,,,,,,,,,,,,,,,,,,,,,,,,,,,,,,,,,,,,,,,,,,,,,,,,,,,,,,,,,,,,,,,,,,,,,,,,,,,,,,,,,,,,,,,,,,,,,,,,,,,,,,,,,,,,,,,,,,,,,,,,,,,,,,
TT.91060002,5901597255642,,End cap TRIO10 black B/C/C-leča,"Zaključni element (kapa), TRIO10, črn, 1/10, (R2)",00001602,91086973,,kom,94059200,PL,0.03,,0.03,,0,,10,mm,100,mm,160,mm,,,,,0.52,,,,22,0,,,,,,,,,,,,,,,,,,,,,,,,,,,,,,,,,,,,,,,,,,,,,,,,,,,,,,,,,,,,,,,,,,,,,,,,,,,,,,,,,,,,,,,,,,,,,,,,,,,,,,,,,,,,,,,,,,,,,,,,,,,,,,,,,,,,,,,,,,,,,,,,,,,,,,,,,,,,,,,,,,,,,,,,,,,,,,,,,,,,
TT.91060022,5901597255635,,End cap TRIO10 grey B/C/C-leča,"Zaključni element (kapa), TRIO10, siv, 1/10, (R2)",00001602,91086973,,kom,94059200,PL,0.03,,0.03,,0,,10,mm,100,mm,160,mm,,,,,0.52,,,,22,0,,,,,,,,,,,,,,,,,,,,,,,,,,,,,,,,,,,,,,,,,,,,,,,,,,,,,,,,,,,,,,,,,,,,,,,,,,,,,,,,,,,,,,,,,,,,,,,,,,,,,,,,,,,,,,,,,,,,,,,,,,,,,,,,,,,,,,,,,,,,,,,,,,,,,,,,,,,,,,,,,,,,,,,,,,,,,,,,,,,,
TT.91060040,5901597255628,,End cap TRIO10 silver B/C/C-leča,"Zaključni element (kapa), TRIO10, srebrn, 1/10, (R2)",00001602,91086973,,kom,94059200,PL,0.03,,0.03,,0,,10,mm,100,mm,160,mm,,,,,0.56,,,,22,0,,,,,,,,,,,,,,,,,,,,,,,,,,,,,,,,,,,,,,,,,,,,,,,,,,,,,,,,,,,,,,,,,,,,,,,,,,,,,,,,,,,,,,,,,,,,,,,,,,,,,,,,,,,,,,,,,,,,,,,,,,,,,,,,,,,,,,,,,,,,,,,,,,,,,,,,,,,,,,,,,,,,,,,,,,,,,,,,,,,,
TT.92030020,5901597205319,,LED profile OVAL20 purpose-made BC alu anodized 2m,"LED profil, OVAL20, namenski, BC, alu anodiziran, 2m, 1/15, (R2)",00001602,91086973,,m,76042100,PL,0,,1.68,,0,,2000,mm,29.5,mm,28,mm,,,,,16.44,,,,22,0,,,,,,,,,,,,,,,,,,,,,,,,,,,,,,,,,,,,,,,,,,,,,,,,,,,,,,,,,,,,,,,,,,,,,,,,,,,,,,,,,,,,,,,,,,,,,,,,,,,,,,,,,,,,,,,,,,,,,,,,,,,,,,,,,,,,,,,,,,,,,,,,,,,,,,,,,,,,,,,,,,,,,,,,,,,,,,,,,,,,
TT.92040022,5901597201427,,Holder wall OVAL20 double end grey,"Stenski nosilec OVAL20, za LED profil, dvostranski, siv, (R2)",00001602,91086973,,kom,83024900,PL,0.043,,0.043,,0,,20,mm,150,mm,200,mm,,,,,4.36,,,,22,100,,,,,,,,,,,,,,,,,,,,,,,,,,,,,,,,,,,,,,,,,,,,,,,,,,,,,,,,,,,,,,,,,,,,,,,,,,,,,,,,,,,,,,,,,,,,,,,,,,,,,,,,,,,,,,,,,,,,,,,,,,,,,,,,,,,,,,,,,,,,,,,,,,,,,,,,,,,,,,,,,,,,,,,,,,,,,,,,,,,,
TT.92040040,5901597237105,,Holder wall OVAL double end silver,"Nosilec stenski OVAL, za LED profil, dvostranski, srebrn, (R2)",00001602,91086973,,kom,83024900,PL,0.003,,0.003,,0,,10,mm,100,mm,160,mm,,,,,6.03,,,,22,100,,,,,,,,,,,,,,,,,,,,,,,,,,,,,,,,,,,,,,,,,,,,,,,,,,,,,,,,,,,,,,,,,,,,,,,,,,,,,,,,,,,,,,,,,,,,,,,,,,,,,,,,,,,,,,,,,,,,,,,,,,,,,,,,,,,,,,,,,,,,,,,,,,,,,,,,,,,,,,,,,,,,,,,,,,,,,,,,,,,,
TT.92070030,5901597201984,,Holder wall OVAL20 simple double end alu 2pcs,"Nosilec stenski OVAL20, za LED profil, enostavni, dvostranski, pocinkan, (R2)",00001602,91086973,,kom,83024900,PL,0.04,,0.04,,0,,10,mm,130,mm,160,mm,,,,,5.65,,,,22,1,,,,,,,,,,,,,,,,,,,,,,,,,,,,,,,,,,,,,,,,,,,,,,,,,,,,,,,,,,,,,,,,,,,,,,,,,,,,,,,,,,,,,,,,,,,,,,,,,,,,,,,,,,,,,,,,,,,,,,,,,,,,,,,,,,,,,,,,,,,,,,,,,,,,,,,,,,,,,,,,,,,,,,,,,,,,,,,,,,,,
TT.92980040,5901597217367,,,"Set obešalnih nosilcev OVAL, za LED profil, enostranski, srebrn, (R2)",00001602,91086973,,kom,83024900,PL,0.004,,0.004,,0,,10,mm,100,mm,160,mm,,,,,12.98,,,,22,1,,,,,,,,,,,,,,,,,,,,,,,,,,,,,,,,,,,,,,,,,,,,,,,,,,,,,,,,,,,,,,,,,,,,,,,,,,,,,,,,,,,,,,,,,,,,,,,,,,,,,,,,,,,,,,,,,,,,,,,,,,,,,,,,,,,,,,,,,,,,,,,,,,,,,,,,,,,,,,,,,,,,,,,,,,,,,,,,,,,,
TT.93030000,5901597217442,,LED profile LOWI C10 alu raw 2m,"LED profil, LOWI, nadgradni, C10, alu surov, 2m, 1/24, (R2)",00001602,91086973,,m,76042100,PL,0,,0.804,,0,,2000,mm,28,mm,53,mm,,,,,15.56,,,,22,0,,,,,,,,,,,,,,,,,,,,,,,,,,,,,,,,,,,,,,,,,,,,,,,,,,,,,,,,,,,,,,,,,,,,,,,,,,,,,,,,,,,,,,,,,,,,,,,,,,,,,,,,,,,,,,,,,,,,,,,,,,,,,,,,,,,,,,,,,,,,,,,,,,,,,,,,,,,,,,,,,,,,,,,,,,,,,,,,,,,,
TT.93030001,5901597200734,,LED profile LOWI large dim. C10 white mat 2m,"LED profil, LOWI, večje dim., C10, bel mat, 2m, 1/15, (R2)",00001602,91086973,,m,76042100,PL,0,,1.42,,0,,3000,mm,44.4,mm,24,mm,,,,,30.45,,,,22,0,,,,,,,,,,,,,,,,,,,,,,,,,,,,,,,,,,,,,,,,,,,,,,,,,,,,,,,,,,,,,,,,,,,,,,,,,,,,,,,,,,,,,,,,,,,,,,,,,,,,,,,,,,,,,,,,,,,,,,,,,,,,,,,,,,,,,,,,,,,,,,,,,,,,,,,,,,,,,,,,,,,,,,,,,,,,,,,,,,,,
TT.93030002,5901597200741,,LED profile LOWI large dim. C10 black 2m,"LED profil, LOWI, večje dim., C10, črn, 2m, 1/15, (R2)",00001602,91086973,,m,76042100,PL,0,,0,,0,,3000,mm,34,mm,34,mm,,,,,30.53,,,,22,0,,,,,,,,,,,,,,,,,,,,,,,,,,,,,,,,,,,,,,,,,,,,,,,,,,,,,,,,,,,,,,,,,,,,,,,,,,,,,,,,,,,,,,,,,,,,,,,,,,,,,,,,,,,,,,,,,,,,,,,,,,,,,,,,,,,,,,,,,,,,,,,,,,,,,,,,,,,,,,,,,,,,,,,,,,,,,,,,,,,,
TT.93030020,5901597217466,,LED profile LOWI large dim. C10 alu anodized 2m,"LED profil, LOWI, večje dim., C10, alu anodiziran, 2m, 1/15, (R2)",00001602,91086973,,m,76042100,PL,0,,1.42,,0,,3000,mm,44.4,mm,24,mm,,,,,22.34,,,,22,0,,,,,,,,,,,,,,,,,,,,,,,,,,,,,,,,,,,,,,,,,,,,,,,,,,,,,,,,,,,,,,,,,,,,,,,,,,,,,,,,,,,,,,,,,,,,,,,,,,,,,,,,,,,,,,,,,,,,,,,,,,,,,,,,,,,,,,,,,,,,,,,,,,,,,,,,,,,,,,,,,,,,,,,,,,,,,,,,,,,,
TT.93040022,5901597204336,,End cap LOWI grey C10 2pcs L+R,"Zaključni element (kapa), LOWI, siv, 1/100, (R2)",00001602,91086973,,kom,94059200,PL,0.007,,0.007,,0,,10,mm,100,mm,160,mm,,,,,,,,,22,0,,,,,,,,,,,,,,,,,,,,,,,,,,,,,,,,,,,,,,,,,,,,,,,,,,,,,,,,,,,,,,,,,,,,,,,,,,,,,,,,,,,,,,,,,,,,,,,,,,,,,,,,,,,,,,,,,,,,,,,,,,,,,,,,,,,,,,,,,,,,,,,,,,,,,,,,,,,,,,,,,,,,,,,,,,,,,,,,,,,,
TT.93040040,5901597204350,,End cap LOWI silver C10 2pcs L+R,"Zaključni element (kapa), LOWI, srebrn, 1/100, (R2)",00001602,91086973,,kom,94059200,PL,0.001,,0.001,,0,,10,mm,100,mm,160,mm,,,,,,,,,22,0,,,,,,,,,,,,,,,,,,,,,,,,,,,,,,,,,,,,,,,,,,,,,,,,,,,,,,,,,,,,,,,,,,,,,,,,,,,,,,,,,,,,,,,,,,,,,,,,,,,,,,,,,,,,,,,,,,,,,,,,,,,,,,,,,,,,,,,,,,,,,,,,,,,,,,,,,,,,,,,,,,,,,,,,,,,,,,,,,,,,
TT.93066001,3830078330344,,End cap LOWI white C10 L+R,"Zaključni element (kapa), LOWI, bel, 1/50, (R2)",00001602,91086973,,kom,94059200,PL,0.0005,,0.0005,,0,,10,mm,100,mm,160,mm,,,,,2.66,,,,22,0,,,,,,,,,,,,,,,,,,,,,,,,,,,,,,,,,,,,,,,,,,,,,,,,,,,,,,,,,,,,,,,,,,,,,,,,,,,,,,,,,,,,,,,,,,,,,,,,,,,,,,,,,,,,,,,,,,,,,,,,,,,,,,,,,,,,,,,,,,,,,,,,,,,,,,,,,,,,,,,,,,,,,,,,,,,,,,,,,,,,
TT.93066002,3830078330368,,End cap LOWI black C10 L+R,"Zaključni element (kapa), LOWI, črn, 1/50, (R2)",00001602,91086973,,kom,94059200,PL,0.0005,,0.0005,,0,,10,mm,100,mm,160,mm,,,,,,,,,22,0,,,,,,,,,,,,,,,,,,,,,,,,,,,,,,,,,,,,,,,,,,,,,,,,,,,,,,,,,,,,,,,,,,,,,,,,,,,,,,,,,,,,,,,,,,,,,,,,,,,,,,,,,,,,,,,,,,,,,,,,,,,,,,,,,,,,,,,,,,,,,,,,,,,,,,,,,,,,,,,,,,,,,,,,,,,,,,,,,,,,
TT.93066022,3830078330375,,End cap LOWI grey C10 2pcs L+R,"Zaključni element (kapa), LOWI, siv, 1/50, (R2)",00001602,91086973,,kom,94059200,PL,0.0005,,0.0005,,0,,10,mm,100,mm,160,mm,,,,,,,,,22,0,,,,,,,,,,,,,,,,,,,,,,,,,,,,,,,,,,,,,,,,,,,,,,,,,,,,,,,,,,,,,,,,,,,,,,,,,,,,,,,,,,,,,,,,,,,,,,,,,,,,,,,,,,,,,,,,,,,,,,,,,,,,,,,,,,,,,,,,,,,,,,,,,,,,,,,,,,,,,,,,,,,,,,,,,,,,,,,,,,,,
TT.93066040,3830078330351,,End cap LOWI silver C10 L+R,"Zaključni element (kapa), LOWI, srebrn, 1/50, (R2)",00001602,91086973,,kom,94059200,PL,0.0005,,0.0005,,0,,10,mm,100,mm,160,mm,,,,,,,,,22,0,,,,,,,,,,,,,,,,,,,,,,,,,,,,,,,,,,,,,,,,,,,,,,,,,,,,,,,,,,,,,,,,,,,,,,,,,,,,,,,,,,,,,,,,,,,,,,,,,,,,,,,,,,,,,,,,,,,,,,,,,,,,,,,,,,,,,,,,,,,,,,,,,,,,,,,,,,,,,,,,,,,,,,,,,,,,,,,,,,,,
TT.93070002,3830078330498,,End cap LOWI black C10 2pcs L+R,"Zaključni element (kapa), LOWI, črn, 1/50, (R2)",00001602,91086973,,kom,94059200,PL,0.0015,,0.0015,,0,,10,mm,100,mm,160,mm,,,,,2.69,,,,22,0,,,,,,,,,,,,,,,,,,,,,,,,,,,,,,,,,,,,,,,,,,,,,,,,,,,,,,,,,,,,,,,,,,,,,,,,,,,,,,,,,,,,,,,,,,,,,,,,,,,,,,,,,,,,,,,,,,,,,,,,,,,,,,,,,,,,,,,,,,,,,,,,,,,,,,,,,,,,,,,,,,,,,,,,,,,,,,,,,,,,
TT.93080030,5901597201977,,Holder side LOWI alu 2pcs,"Nosilec LO, za LED profil, pocinkan, (R2)",00001602,91086973,,kom,83024900,PL,0.042,,0.042,,0,,50,mm,130,mm,160,mm,,,,,6.98,,,,22,0,,,,,,,,,,,,,,,,,,,,,,,,,,,,,,,,,,,,,,,,,,,,,,,,,,,,,,,,,,,,,,,,,,,,,,,,,,,,,,,,,,,,,,,,,,,,,,,,,,,,,,,,,,,,,,,,,,,,,,,,,,,,,,,,,,,,,,,,,,,,,,,,,,,,,,,,,,,,,,,,,,,,,,,,,,,,,,,,,,,,
TT.96030000,5901597237259,,LED profile DEEP10 recessed BC/UX alu raw 2m,"LED profil, DEEP10, vgradni, BC/UX, alu surov, 2m, 1/25, (R2)",00001602,91086973,,m,76042100,PL,0,,0.804,,0,,2000,mm,28,mm,53,mm,,,,,7,,,,22,0,,,,,,,,,,,,,,,,,,,,,,,,,,,,,,,,,,,,,,,,,,,,,,,,,,,,,,,,,,,,,,,,,,,,,,,,,,,,,,,,,,,,,,,,,,,,,,,,,,,,,,,,,,,,,,,,,,,,,,,,,,,,,,,,,,,,,,,,,,,,,,,,,,,,,,,,,,,,,,,,,,,,,,,,,,,,,,,,,,,,
TT.96030001,5901597205029,,LED profile DEEP10 recessed BC/UX white mat 2m,"LED profil, DEEP10, vgradni, BC/UX, bel mat, 2m, 1/50, (R2)",00001602,91086973,,m,76042100,PL,0,,0.808,,0,,2000,mm,23.4,mm,19,mm,,,,,15.56,,,,22,0,,,,,,,,,,,,,,,,,,,,,,,,,,,,,,,,,,,,,,,,,,,,,,,,,,,,,,,,,,,,,,,,,,,,,,,,,,,,,,,,,,,,,,,,,,,,,,,,,,,,,,,,,,,,,,,,,,,,,,,,,,,,,,,,,,,,,,,,,,,,,,,,,,,,,,,,,,,,,,,,,,,,,,,,,,,,,,,,,,,,
TT.96030020,5901597204985,,LED profile DEEP10 recessed BC/UX alu anodized 2m,"LED profil, DEEP10, vgradni, BC/UX, alu anodiziran, 2m, 1/25, (R2)",00001602,91086973,,m,76042100,PL,0,,0.808,,0,,2000,mm,23.4,mm,19,mm,,,,,10.88,,,,22,0,,,,,,,,,,,,,,,,,,,,,,,,,,,,,,,,,,,,,,,,,,,,,,,,,,,,,,,,,,,,,,,,,,,,,,,,,,,,,,,,,,,,,,,,,,,,,,,,,,,,,,,,,,,,,,,,,,,,,,,,,,,,,,,,,,,,,,,,,,,,,,,,,,,,,,,,,,,,,,,,,,,,,,,,,,,,,,,,,,,,
TT.96030021,5901597205005,,LED profile DEEP10 recessed BC/UX black anodized 2m,"LED profil, DEEP10, vgradni, BC/UX, črn anodiziran, 2m, 1/50, (R2)",00001602,91086973,,m,76042100,PL,0,,0.808,,0,,2000,mm,23.4,mm,19,mm,,,,,13.23,,,,22,0,,,,,,,,,,,,,,,,,,,,,,,,,,,,,,,,,,,,,,,,,,,,,,,,,,,,,,,,,,,,,,,,,,,,,,,,,,,,,,,,,,,,,,,,,,,,,,,,,,,,,,,,,,,,,,,,,,,,,,,,,,,,,,,,,,,,,,,,,,,,,,,,,,,,,,,,,,,,,,,,,,,,,,,,,,,,,,,,,,,,
TT.96980001,5901597239314,,End cap DEEP10 GEN2 RD with hole white B/C/C-leča 20pcs,"Zaključni element (kapa), DEEP10 GEN2 ROUND, z luknjo, bel, 1/10, (R2)",00001602,91086973,,kom,94059200,PL,0.0013,,0.0013,,0,,10,mm,100,mm,160,mm,,,,,0.72,,,,22,0,,,,,,,,,,,,,,,,,,,,,,,,,,,,,,,,,,,,,,,,,,,,,,,,,,,,,,,,,,,,,,,,,,,,,,,,,,,,,,,,,,,,,,,,,,,,,,,,,,,,,,,,,,,,,,,,,,,,,,,,,,,,,,,,,,,,,,,,,,,,,,,,,,,,,,,,,,,,,,,,,,,,,,,,,,,,,,,,,,,,
TT.96980002,5901597237150,,End cap DEEP10 GEN2 RD with hole black B/C/C-leča 20pcs,"Zaključni element (kapa), DEEP10 GEN2 ROUND, z luknjo, črn, 1/10, (R2)",00001602,91086973,,kom,94059200,PL,0.0013,,0.0013,,0,,10,mm,100,mm,160,mm,,,,,0.72,,,,22,0,,,,,,,,,,,,,,,,,,,,,,,,,,,,,,,,,,,,,,,,,,,,,,,,,,,,,,,,,,,,,,,,,,,,,,,,,,,,,,,,,,,,,,,,,,,,,,,,,,,,,,,,,,,,,,,,,,,,,,,,,,,,,,,,,,,,,,,,,,,,,,,,,,,,,,,,,,,,,,,,,,,,,,,,,,,,,,,,,,,,
TT.96980022,5901597241812,,End cap DEEP10 GEN2 RD with hole grey B/C/C-leča 20pcs,"Zaključni element (kapa), DEEP10 GEN2 ROUND, z luknjo, siv, 1/10, (R2)",00001602,91086973,,kom,94059200,PL,0.0013,,0.0013,,0,,10,mm,100,mm,160,mm,,,,,0.72,,,,22,0,,,,,,,,,,,,,,,,,,,,,,,,,,,,,,,,,,,,,,,,,,,,,,,,,,,,,,,,,,,,,,,,,,,,,,,,,,,,,,,,,,,,,,,,,,,,,,,,,,,,,,,,,,,,,,,,,,,,,,,,,,,,,,,,,,,,,,,,,,,,,,,,,,,,,,,,,,,,,,,,,,,,,,,,,,,,,,,,,,,,
TT.96980040,5901597239338,,End cap DEEP10 GEN2 RD with hole silver B/C/C-leča 20pcs,"Zaključni element (kapa), DEEP10 GEN2 ROUND, z luknjo, srebrn, 1/10, (R2)",00001602,91086973,,kom,94059200,PL,0.0013,,0.0013,,0,,10,mm,100,mm,160,mm,,,,,1.04,,,,22,0,,,,,,,,,,,,,,,,,,,,,,,,,,,,,,,,,,,,,,,,,,,,,,,,,,,,,,,,,,,,,,,,,,,,,,,,,,,,,,,,,,,,,,,,,,,,,,,,,,,,,,,,,,,,,,,,,,,,,,,,,,,,,,,,,,,,,,,,,,,,,,,,,,,,,,,,,,,,,,,,,,,,,,,,,,,,,,,,,,,,
TT.96990001,5901597244936,,End cap DEEP10 GEN2 with hole white B/C/C 20pcs,"Zaključni element (kapa), DEEP10 GEN2, z luknjo, bel, 1/10, (R2)",00001602,91086973,,kom,94059200,PL,0.1,,0.1,,0,,10,mm,100,mm,160,mm,,,,,0.72,,,,22,0,,,,,,,,,,,,,,,,,,,,,,,,,,,,,,,,,,,,,,,,,,,,,,,,,,,,,,,,,,,,,,,,,,,,,,,,,,,,,,,,,,,,,,,,,,,,,,,,,,,,,,,,,,,,,,,,,,,,,,,,,,,,,,,,,,,,,,,,,,,,,,,,,,,,,,,,,,,,,,,,,,,,,,,,,,,,,,,,,,,,
TT.96990002,5901597244912,,End cap DEEP10 GEN2 with hole black B/C/C 20pcs,"Zaključni element (kapa), DEEP10 GEN2, z luknjo, črn, 1/10, (R2)",00001602,91086973,,kom,94059200,PL,0.1,,0.1,,0,,10,mm,100,mm,160,mm,,,,,0.72,,,,22,0,,,,,,,,,,,,,,,,,,,,,,,,,,,,,,,,,,,,,,,,,,,,,,,,,,,,,,,,,,,,,,,,,,,,,,,,,,,,,,,,,,,,,,,,,,,,,,,,,,,,,,,,,,,,,,,,,,,,,,,,,,,,,,,,,,,,,,,,,,,,,,,,,,,,,,,,,,,,,,,,,,,,,,,,,,,,,,,,,,,,
TT.96990022,5901597244899,,End cap DEEP10 GEN2 with hole grey B/C/C 20pcs,"Zaključni element (kapa), DEEP10 GEN2, z luknjo, siv, 1/10, (R2)",00001602,91086973,,kom,94059200,PL,0.1,,0.1,,0,,10,mm,100,mm,160,mm,,,,,0.72,,,,22,0,,,,,,,,,,,,,,,,,,,,,,,,,,,,,,,,,,,,,,,,,,,,,,,,,,,,,,,,,,,,,,,,,,,,,,,,,,,,,,,,,,,,,,,,,,,,,,,,,,,,,,,,,,,,,,,,,,,,,,,,,,,,,,,,,,,,,,,,,,,,,,,,,,,,,,,,,,,,,,,,,,,,,,,,,,,,,,,,,,,,
TT.96990040,5901597244875,,End cap DEEP10 GEN2 with hole silver B/C/C 20pcs,"Zaključni element (kapa), DEEP10 GEN2, z luknjo, srebrn, 1/10, (R2)",00001602,91086973,,kom,94059200,PL,0.1,,0.1,,0,,10,mm,100,mm,160,mm,,,,,1.04,,,,22,0,,,,,,,,,,,,,,,,,,,,,,,,,,,,,,,,,,,,,,,,,,,,,,,,,,,,,,,,,,,,,,,,,,,,,,,,,,,,,,,,,,,,,,,,,,,,,,,,,,,,,,,,,,,,,,,,,,,,,,,,,,,,,,,,,,,,,,,,,,,,,,,,,,,,,,,,,,,,,,,,,,,,,,,,,,,,,,,,,,,,
TT.97100000,5901597241904,,LED profile PHIL recessed recessed C10 alu raw 2m,"LED profil, PHIL recessed, večje dim., C10, alu surov, 2m, 1/8, (R2)",00001602,91086973,,m,76042100,PL,0,,0,,0,,3000,mm,34,mm,34,mm,,,,,19.25,,,,22,0,,,,,,,,,,,,,,,,,,,,,,,,,,,,,,,,,,,,,,,,,,,,,,,,,,,,,,,,,,,,,,,,,,,,,,,,,,,,,,,,,,,,,,,,,,,,,,,,,,,,,,,,,,,,,,,,,,,,,,,,,,,,,,,,,,,,,,,,,,,,,,,,,,,,,,,,,,,,,,,,,,,,,,,,,,,,,,,,,,,,
TT.97100001,5901597200857,,LED profile PHIL recessed recessed C10 white mat 2m,"LED profil, PHIL recessed, večje dim., C10, bel mat, 2m, 1/8, (R2)",00001602,91086973,,m,76042100,PL,0,,1.998,,0,,3000,mm,24,mm,7,mm,,,,,39.66,,,,22,0,,,,,,,,,,,,,,,,,,,,,,,,,,,,,,,,,,,,,,,,,,,,,,,,,,,,,,,,,,,,,,,,,,,,,,,,,,,,,,,,,,,,,,,,,,,,,,,,,,,,,,,,,,,,,,,,,,,,,,,,,,,,,,,,,,,,,,,,,,,,,,,,,,,,,,,,,,,,,,,,,,,,,,,,,,,,,,,,,,,,
TT.97100002,5901597200864,,LED profile PHIL recessed recessed C10 black 2m,"LED profil, PHIL recessed, večje dim., C10, črn, 2m, 1/8, (R2)",00001602,91086973,,m,76042100,PL,0,,0,,0,,2000,mm,20,mm,16,mm,,,,,40.47,,,,22,0,,,,,,,,,,,,,,,,,,,,,,,,,,,,,,,,,,,,,,,,,,,,,,,,,,,,,,,,,,,,,,,,,,,,,,,,,,,,,,,,,,,,,,,,,,,,,,,,,,,,,,,,,,,,,,,,,,,,,,,,,,,,,,,,,,,,,,,,,,,,,,,,,,,,,,,,,,,,,,,,,,,,,,,,,,,,,,,,,,,,
TT.97100020,5901597217497,,LED profile PHIL recessed recessed C10 alu anodized 2m,"LED profil, PHIL recessed, vgradni, C10, alu anodiziran, 2m, 1/8, (R2)",00001602,91086973,,m,76042100,PL,0,,1.196,,0,,2000,mm,77,mm,36,mm,,,,,29.36,,,,22,0,,,,,,,,,,,,,,,,,,,,,,,,,,,,,,,,,,,,,,,,,,,,,,,,,,,,,,,,,,,,,,,,,,,,,,,,,,,,,,,,,,,,,,,,,,,,,,,,,,,,,,,,,,,,,,,,,,,,,,,,,,,,,,,,,,,,,,,,,,,,,,,,,,,,,,,,,,,,,,,,,,,,,,,,,,,,,,,,,,,,
TT.97120022,5901597217671,,End cap PHIL silver C10 L+R,"Zaključni element (kapa), PHIL, srebrn, 1/10, (R2)",00001602,91086973,,kom,94059200,PL,0.018,,0.018,,0,,10,mm,100,mm,160,mm,,,,,7.85,,,,22,0,,,,,,,,,,,,,,,,,,,,,,,,,,,,,,,,,,,,,,,,,,,,,,,,,,,,,,,,,,,,,,,,,,,,,,,,,,,,,,,,,,,,,,,,,,,,,,,,,,,,,,,,,,,,,,,,,,,,,,,,,,,,,,,,,,,,,,,,,,,,,,,,,,,,,,,,,,,,,,,,,,,,,,,,,,,,,,,,,,,,
TT.97510019,5901597217688,,Holder recessed PHIL recessed inox 2pcs,"Vgradni nosilec PHIL recessed, za LED profil, inox, (R2)",00001602,91086973,,kom,83024900,PL,0.019,,0.019,,0,,20,mm,150,mm,200,mm,,,,,5.87,,,,22,100,,,,,,,,,,,,,,,,,,,,,,,,,,,,,,,,,,,,,,,,,,,,,,,,,,,,,,,,,,,,,,,,,,,,,,,,,,,,,,,,,,,,,,,,,,,,,,,,,,,,,,,,,,,,,,,,,,,,,,,,,,,,,,,,,,,,,,,,,,,,,,,,,,,,,,,,,,,,,,,,,,,,,,,,,,,,,,,,,,,,
TT.98030001,5901597203841,,LED profile CORNER27 corner G/UX white mat 2m,"LED profil, CORNER27, kotni, G/UX, bel mat, 2m, 1/25, (R2)",00001602,91086973,,m,76042100,PL,0,,1.28,,0,,2000,mm,34,mm,26.8,mm,,,,,24.89,,,,22,0,,,,,,,,,,,,,,,,,,,,,,,,,,,,,,,,,,,,,,,,,,,,,,,,,,,,,,,,,,,,,,,,,,,,,,,,,,,,,,,,,,,,,,,,,,,,,,,,,,,,,,,,,,,,,,,,,,,,,,,,,,,,,,,,,,,,,,,,,,,,,,,,,,,,,,,,,,,,,,,,,,,,,,,,,,,,,,,,,,,,
TT.98030020,5901597203803,,LED profile CORNER27 corner G/UX alu anodized 2m,"LED profil, CORNER27, kotni, G/UX, alu anodiziran, 2m, 1/30, (R2)",00001602,91086973,,m,76042100,PL,0,,1.28,,0,,2000,mm,34,mm,26.8,mm,,,,,16.3,,,,22,0,,,,,,,,,,,,,,,,,,,,,,,,,,,,,,,,,,,,,,,,,,,,,,,,,,,,,,,,,,,,,,,,,,,,,,,,,,,,,,,,,,,,,,,,,,,,,,,,,,,,,,,,,,,,,,,,,,,,,,,,,,,,,,,,,,,,,,,,,,,,,,,,,,,,,,,,,,,,,,,,,,,,,,,,,,,,,,,,,,,,
TT.98030021,5901597203827,,LED profile CORNER27 corner G/UX black anodized 2m,"LED profil, CORNER27, kotni, G/UX, črn anodiziran, 2m, 1/25, (R2)",00001602,91086973,,m,76042100,PL,0,,1.28,,0,,2000,mm,34,mm,26.8,mm,,,,,20.06,,,,22,0,,,,,,,,,,,,,,,,,,,,,,,,,,,,,,,,,,,,,,,,,,,,,,,,,,,,,,,,,,,,,,,,,,,,,,,,,,,,,,,,,,,,,,,,,,,,,,,,,,,,,,,,,,,,,,,,,,,,,,,,,,,,,,,,,,,,,,,,,,,,,,,,,,,,,,,,,,,,,,,,,,,,,,,,,,,,,,,,,,,,
TT.98050001,5901597201748,,End cap CORNER27 white G 10set L+R,"Zaključni element (kapa), CORNER27, bel, 1/10, (R2)",00001602,91086973,,kom,94059200,PL,0.03,,0.03,,0,,10,mm,100,mm,160,mm,,,,,2.06,,,,22,0,,,,,,,,,,,,,,,,,,,,,,,,,,,,,,,,,,,,,,,,,,,,,,,,,,,,,,,,,,,,,,,,,,,,,,,,,,,,,,,,,,,,,,,,,,,,,,,,,,,,,,,,,,,,,,,,,,,,,,,,,,,,,,,,,,,,,,,,,,,,,,,,,,,,,,,,,,,,,,,,,,,,,,,,,,,,,,,,,,,,
TT.98050002,5901597201755,,End cap CORNER27 black G 10set L+R,"Zaključni element (kapa), CORNER27, črn, 1/10, (R2)",00001602,91086973,,kom,94059200,PL,0.03,,0.03,,0,,10,mm,100,mm,160,mm,,,,,2.06,,,,22,0,,,,,,,,,,,,,,,,,,,,,,,,,,,,,,,,,,,,,,,,,,,,,,,,,,,,,,,,,,,,,,,,,,,,,,,,,,,,,,,,,,,,,,,,,,,,,,,,,,,,,,,,,,,,,,,,,,,,,,,,,,,,,,,,,,,,,,,,,,,,,,,,,,,,,,,,,,,,,,,,,,,,,,,,,,,,,,,,,,,,
TT.98050022,5901597202608,,End cap CORNER27 grey G 10set L+R,"Zaključni element (kapa), CORNER27, siv, 1/10, (R2)",00001602,91086973,,kom,94059200,PL,0.03,,0.03,,0,,10,mm,100,mm,160,mm,,,,,2.06,,,,22,0,,,,,,,,,,,,,,,,,,,,,,,,,,,,,,,,,,,,,,,,,,,,,,,,,,,,,,,,,,,,,,,,,,,,,,,,,,,,,,,,,,,,,,,,,,,,,,,,,,,,,,,,,,,,,,,,,,,,,,,,,,,,,,,,,,,,,,,,,,,,,,,,,,,,,,,,,,,,,,,,,,,,,,,,,,,,,,,,,,,,
TT.98050040,5901597202615,,End cap CORNER27 silver G 10set L+R,"Zaključni element (kapa), CORNER27, srebrn, 1/10, (R2)",00001602,91086973,,kom,94059200,PL,0.03,,0.03,,0,,10,mm,100,mm,160,mm,,,,,2.26,,,,22,0,,,,,,,,,,,,,,,,,,,,,,,,,,,,,,,,,,,,,,,,,,,,,,,,,,,,,,,,,,,,,,,,,,,,,,,,,,,,,,,,,,,,,,,,,,,,,,,,,,,,,,,,,,,,,,,,,,,,,,,,,,,,,,,,,,,,,,,,,,,,,,,,,,,,,,,,,,,,,,,,,,,,,,,,,,,,,,,,,,,,
TT.A1020000,5901597203636,,LED profile UNI12 BCD/U alu raw 2m,"LED profil, UNI12, nadgradni, BCD/U, alu surov, 2m, 1/50, (R2)",00001602,91086973,,m,76042100,PL,0,,0.48,,0,,2000,mm,17.8,mm,10.8,mm,,,,,4.42,,,,22,0,,,,,,,,,,,,,,,,,,,,,,,,,,,,,,,,,,,,,,,,,,,,,,,,,,,,,,,,,,,,,,,,,,,,,,,,,,,,,,,,,,,,,,,,,,,,,,,,,,,,,,,,,,,,,,,,,,,,,,,,,,,,,,,,,,,,,,,,,,,,,,,,,,,,,,,,,,,,,,,,,,,,,,,,,,,,,,,,,,,,
TT.A1020001,5901597203612,,LED profile UNI12 BCD/U white mat 2m,"LED profil, UNI12, nadgradni, BCD/U, bel mat, 2m, 1/100, (R2)",00001602,91086973,,m,76042100,PL,0,,0.52,,0,,2000,mm,17.8,mm,10.8,mm,,,,,8.9,,,,22,0,,,,,,,,,,,,,,,,,,,,,,,,,,,,,,,,,,,,,,,,,,,,,,,,,,,,,,,,,,,,,,,,,,,,,,,,,,,,,,,,,,,,,,,,,,,,,,,,,,,,,,,,,,,,,,,,,,,,,,,,,,,,,,,,,,,,,,,,,,,,,,,,,,,,,,,,,,,,,,,,,,,,,,,,,,,,,,,,,,,,
TT.A1020020,5901597203575,,LED profile UNI12 BCD/U alu anodized 2m,"LED profil, UNI12, nadgradni, BCD/U, alu anodiziran, 2m, 1/50, (R2)",00001602,91086973,,m,76042100,PL,0,,0.48,,0,,2000,mm,17.8,mm,10.8,mm,,,,,6.24,,,,22,0,,,,,,,,,,,,,,,,,,,,,,,,,,,,,,,,,,,,,,,,,,,,,,,,,,,,,,,,,,,,,,,,,,,,,,,,,,,,,,,,,,,,,,,,,,,,,,,,,,,,,,,,,,,,,,,,,,,,,,,,,,,,,,,,,,,,,,,,,,,,,,,,,,,,,,,,,,,,,,,,,,,,,,,,,,,,,,,,,,,,
TT.A1020021,5901597203599,,LED profile UNI12 BCD/U black anodized 2m,"LED profil, UNI12, nadgradni, BCD/U, črn anodiziran, 2m, 1/100, (R2)",00001602,91086973,,m,76042100,PL,0,,0.48,,0,,2000,mm,17.8,mm,10.8,mm,,,,,7.74,,,,22,0,,,,,,,,,,,,,,,,,,,,,,,,,,,,,,,,,,,,,,,,,,,,,,,,,,,,,,,,,,,,,,,,,,,,,,,,,,,,,,,,,,,,,,,,,,,,,,,,,,,,,,,,,,,,,,,,,,,,,,,,,,,,,,,,,,,,,,,,,,,,,,,,,,,,,,,,,,,,,,,,,,,,,,,,,,,,,,,,,,,,
TT.A1070022,3830078330467,,End cap UNI12 grey 20pcs,"Zaključni element (kapa), UNI12, siv, 1/10, (R2)",00001602,91086973,,kom,94059200,PL,0.003,,0.003,,0,,10,mm,100,mm,160,mm,,,,,,,,,22,0,,,,,,,,,,,,,,,,,,,,,,,,,,,,,,,,,,,,,,,,,,,,,,,,,,,,,,,,,,,,,,,,,,,,,,,,,,,,,,,,,,,,,,,,,,,,,,,,,,,,,,,,,,,,,,,,,,,,,,,,,,,,,,,,,,,,,,,,,,,,,,,,,,,,,,,,,,,,,,,,,,,,,,,,,,,,,,,,,,,,
TT.A1140038,5901597203100,,Cover type D click milky transparent mat 2m,Pokrov tip D na klik PMMA mlečno prozoren mat 2m,00001602,91086973,,m,94059200,PL,0.112,,0.112,,0,,20,2000,11,2000,0,2000,,,,,4.14,,,,22,0,,,,,,,,,,,,,,,,,,,,,,,,,,,,,,,,,,,,,,,,,,,,,,,,,,,,,,,,,,,,,,,,,,,,,,,,,,,,,,,,,,,,,,,,,,,,,,,,,,,,,,,,,,,,,,,,,,,,,,,,,,,,,,,,,,,,,,,,,,,,,,,,,,,,,,,,,,,,,,,,,,,,,,,,,,,,,,,,,,,,
TT.A1170020,5901597239192,,LED profile UNI12 BCD/U alu anodized 3m,"LED profil, UNI12, nadgradni, BCD/U, alu anodiziran, 3m, (R2)",00001602,91086973,,m,76042100,PL,0,,2.34,,0,,3000,mm,17.8,mm,10.8,mm,,,,,6.62,,,,22,0,,,,,,,,,,,,,,,,,,,,,,,,,,,,,,,,,,,,,,,,,,,,,,,,,,,,,,,,,,,,,,,,,,,,,,,,,,,,,,,,,,,,,,,,,,,,,,,,,,,,,,,,,,,,,,,,,,,,,,,,,,,,,,,,,,,,,,,,,,,,,,,,,,,,,,,,,,,,,,,,,,,,,,,,,,,,,,,,,,,,
TT.A1890001,5901597256113,,End cap UNI12 GEN2 with hole white B/C/C-leča 20pcs,"Zaključni element (kapa), UNI12 GEN2, z luknjo, bel, 1/10, (R2)",00001602,91086973,,kom,94059200,PL,0.01,,0.01,,0,,10,mm,100,mm,160,mm,,,,,0.52,,,,22,0,,,,,,,,,,,,,,,,,,,,,,,,,,,,,,,,,,,,,,,,,,,,,,,,,,,,,,,,,,,,,,,,,,,,,,,,,,,,,,,,,,,,,,,,,,,,,,,,,,,,,,,,,,,,,,,,,,,,,,,,,,,,,,,,,,,,,,,,,,,,,,,,,,,,,,,,,,,,,,,,,,,,,,,,,,,,,,,,,,,,
TT.A1890002,5901597256137,,End cap UNI12 GEN2 with hole black B/C/C-leča 20pcs,"Zaključni element (kapa), UNI12 GEN2, z luknjo, črn, 1/10, (R2)",00001602,91086973,,kom,94059200,PL,0.01,,0.01,,0,,10,mm,100,mm,160,mm,,,,,0.52,,,,22,0,,,,,,,,,,,,,,,,,,,,,,,,,,,,,,,,,,,,,,,,,,,,,,,,,,,,,,,,,,,,,,,,,,,,,,,,,,,,,,,,,,,,,,,,,,,,,,,,,,,,,,,,,,,,,,,,,,,,,,,,,,,,,,,,,,,,,,,,,,,,,,,,,,,,,,,,,,,,,,,,,,,,,,,,,,,,,,,,,,,,
TT.A1890022,5901597256151,,End cap UNI12 GEN2 with hole grey B/C/C-leča 20pcs,"Zaključni element (kapa), UNI12 GEN2, z luknjo, siv, 1/10, (R2)",00001602,91086973,,kom,94059200,PL,0.01,,0.01,,0,,10,mm,100,mm,160,mm,,,,,0.52,,,,22,0,,,,,,,,,,,,,,,,,,,,,,,,,,,,,,,,,,,,,,,,,,,,,,,,,,,,,,,,,,,,,,,,,,,,,,,,,,,,,,,,,,,,,,,,,,,,,,,,,,,,,,,,,,,,,,,,,,,,,,,,,,,,,,,,,,,,,,,,,,,,,,,,,,,,,,,,,,,,,,,,,,,,,,,,,,,,,,,,,,,,
TT.A1890040,5901597256175,,End cap UNI12 GEN2 with hole silver B/C/C-leča 20pcs,"Zaključni element (kapa), UNI12 GEN2, z luknjo, srebrn, 1/10, (R2)",00001602,91086973,,kom,94059200,PL,0.01,,0.01,,0,,10,mm,100,mm,160,mm,,,,,0.56,,,,22,0,,,,,,,,,,,,,,,,,,,,,,,,,,,,,,,,,,,,,,,,,,,,,,,,,,,,,,,,,,,,,,,,,,,,,,,,,,,,,,,,,,,,,,,,,,,,,,,,,,,,,,,,,,,,,,,,,,,,,,,,,,,,,,,,,,,,,,,,,,,,,,,,,,,,,,,,,,,,,,,,,,,,,,,,,,,,,,,,,,,,
TT.A1900001,5901597256199,,End cap UNI12 GEN2 white B/C/C-leča 20pcs,"Zaključni element (kapa), UNI12 GEN2, bel, 1/10, (R2)",00001602,91086973,,kom,94059200,PL,0.01,,0.01,,0,,10,mm,100,mm,160,mm,,,,,0.52,,,,22,0,,,,,,,,,,,,,,,,,,,,,,,,,,,,,,,,,,,,,,,,,,,,,,,,,,,,,,,,,,,,,,,,,,,,,,,,,,,,,,,,,,,,,,,,,,,,,,,,,,,,,,,,,,,,,,,,,,,,,,,,,,,,,,,,,,,,,,,,,,,,,,,,,,,,,,,,,,,,,,,,,,,,,,,,,,,,,,,,,,,,
TT.A1900002,5901597256212,,End cap UNI12 GEN2 black B/C/C-leča 20pcs,"Zaključni element (kapa), UNI12 GEN2, črn, 1/10, (R2)",00001602,91086973,,kom,94059200,PL,0.01,,0.01,,0,,10,mm,100,mm,160,mm,,,,,0.52,,,,22,0,,,,,,,,,,,,,,,,,,,,,,,,,,,,,,,,,,,,,,,,,,,,,,,,,,,,,,,,,,,,,,,,,,,,,,,,,,,,,,,,,,,,,,,,,,,,,,,,,,,,,,,,,,,,,,,,,,,,,,,,,,,,,,,,,,,,,,,,,,,,,,,,,,,,,,,,,,,,,,,,,,,,,,,,,,,,,,,,,,,,
TT.A1900022,5901597256236,,End cap UNI12 GEN2 grey B/C/C-leča 20pcs,"Zaključni element (kapa), UNI12 GEN2, siv, 1/10, (R2)",00001602,91086973,,kom,94059200,PL,0.01,,0.01,,0,,10,mm,100,mm,160,mm,,,,,0.52,,,,22,0,,,,,,,,,,,,,,,,,,,,,,,,,,,,,,,,,,,,,,,,,,,,,,,,,,,,,,,,,,,,,,,,,,,,,,,,,,,,,,,,,,,,,,,,,,,,,,,,,,,,,,,,,,,,,,,,,,,,,,,,,,,,,,,,,,,,,,,,,,,,,,,,,,,,,,,,,,,,,,,,,,,,,,,,,,,,,,,,,,,,
TT.A1900040,5901597256250,,End cap UNI12 GEN2 silver B/C/C-leča 20pcs,"Zaključni element (kapa), UNI12 GEN2, srebrn, 1/10, (R2)",00001602,91086973,,kom,94059200,PL,0.01,,0.01,,0,,10,mm,100,mm,160,mm,,,,,0.56,,,,22,0,,,,,,,,,,,,,,,,,,,,,,,,,,,,,,,,,,,,,,,,,,,,,,,,,,,,,,,,,,,,,,,,,,,,,,,,,,,,,,,,,,,,,,,,,,,,,,,,,,,,,,,,,,,,,,,,,,,,,,,,,,,,,,,,,,,,,,,,,,,,,,,,,,,,,,,,,,,,,,,,,,,,,,,,,,,,,,,,,,,,
TT.A1910001,5901597239710,,Corner connector UNI12 90° white,"Kotni element 90° UNI12, za LED profil, bel, (R2)",00001602,91086973,,kom,83024900,PL,0.012,,0.012,,0,,10,mm,100,mm,160,mm,,,,,12.33,,,,22,10,,,,,,,,,,,,,,,,,,,,,,,,,,,,,,,,,,,,,,,,,,,,,,,,,,,,,,,,,,,,,,,,,,,,,,,,,,,,,,,,,,,,,,,,,,,,,,,,,,,,,,,,,,,,,,,,,,,,,,,,,,,,,,,,,,,,,,,,,,,,,,,,,,,,,,,,,,,,,,,,,,,,,,,,,,,,,,,,,,,,
TT.A1910020,5901597239727,,Corner connector UNI12 90° alu,"Kotni element 90° UNI12, za LED profil, alu, (R2)",00001602,91086973,,kom,83024900,PL,0.012,,0.012,,0,,10,mm,100,mm,160,mm,,,,,10.75,,,,22,10,,,,,,,,,,,,,,,,,,,,,,,,,,,,,,,,,,,,,,,,,,,,,,,,,,,,,,,,,,,,,,,,,,,,,,,,,,,,,,,,,,,,,,,,,,,,,,,,,,,,,,,,,,,,,,,,,,,,,,,,,,,,,,,,,,,,,,,,,,,,,,,,,,,,,,,,,,,,,,,,,,,,,,,,,,,,,,,,,,,,
TT.A1910021,5901597239734,,Corner connector UNI12 90° black,"Kotni element 90° UNI12, za LED profil, črna, (R2)",00001602,91086973,,kom,83024900,PL,0.012,,0.012,,0,,10,mm,100,mm,160,mm,,,,,10.57,,,,22,10,,,,,,,,,,,,,,,,,,,,,,,,,,,,,,,,,,,,,,,,,,,,,,,,,,,,,,,,,,,,,,,,,,,,,,,,,,,,,,,,,,,,,,,,,,,,,,,,,,,,,,,,,,,,,,,,,,,,,,,,,,,,,,,,,,,,,,,,,,,,,,,,,,,,,,,,,,,,,,,,,,,,,,,,,,,,,,,,,,,,
TT.A1940001,5901597258247,,End cap UNI12D white D 20pcs,"Zaključni element (kapa), UNI12D, bel, 1/10, (R2)",00001602,91086973,,kom,94059200,PL,0.02,,0.02,,0,,10,mm,100,mm,160,mm,,,,,0.52,,,,22,0,,,,,,,,,,,,,,,,,,,,,,,,,,,,,,,,,,,,,,,,,,,,,,,,,,,,,,,,,,,,,,,,,,,,,,,,,,,,,,,,,,,,,,,,,,,,,,,,,,,,,,,,,,,,,,,,,,,,,,,,,,,,,,,,,,,,,,,,,,,,,,,,,,,,,,,,,,,,,,,,,,,,,,,,,,,,,,,,,,,,
TT.A1940002,5901597204244,,End cap UNI12D black D 20pcs,"Zaključni element (kapa), UNI12D, črn, 1/10, (R2)",00001602,91086973,,kom,94059200,PL,0.02,,0.02,,0,,10,mm,100,mm,160,mm,,,,,0.52,,,,22,0,,,,,,,,,,,,,,,,,,,,,,,,,,,,,,,,,,,,,,,,,,,,,,,,,,,,,,,,,,,,,,,,,,,,,,,,,,,,,,,,,,,,,,,,,,,,,,,,,,,,,,,,,,,,,,,,,,,,,,,,,,,,,,,,,,,,,,,,,,,,,,,,,,,,,,,,,,,,,,,,,,,,,,,,,,,,,,,,,,,,
TT.A1940040,5901597204268,,End cap UNI12D silver D 20pcs,"Zaključni element (kapa), UNI12D, srebrn, 1/10, (R2)",00001602,91086973,,kom,94059200,PL,0.02,,0.02,,0,,10,mm,100,mm,160,mm,,,,,0.56,,,,22,0,,,,,,,,,,,,,,,,,,,,,,,,,,,,,,,,,,,,,,,,,,,,,,,,,,,,,,,,,,,,,,,,,,,,,,,,,,,,,,,,,,,,,,,,,,,,,,,,,,,,,,,,,,,,,,,,,,,,,,,,,,,,,,,,,,,,,,,,,,,,,,,,,,,,,,,,,,,,,,,,,,,,,,,,,,,,,,,,,,,,
TT.A1960002,5901597204251,,End cap UNI12D with hole black D 20pcs,"Zaključni element (kapa), UNI12D, z luknjo, črn, 1/10, (R2)",00001602,91086973,,kom,94059200,PL,0.02,,0.02,,0,,10,mm,100,mm,160,mm,,,,,0.52,,,,22,0,,,,,,,,,,,,,,,,,,,,,,,,,,,,,,,,,,,,,,,,,,,,,,,,,,,,,,,,,,,,,,,,,,,,,,,,,,,,,,,,,,,,,,,,,,,,,,,,,,,,,,,,,,,,,,,,,,,,,,,,,,,,,,,,,,,,,,,,,,,,,,,,,,,,,,,,,,,,,,,,,,,,,,,,,,,,,,,,,,,,
TT.A19600022,5901597204237,,End cap UNI12D with hole grey D 10set,"Zaključni element (kapa), UNI12D, z luknjo, siv, 1/10, (R2)",00001602,91086973,,kom,94059200,PL,0.02,,0.02,,0,,10,mm,100,mm,160,mm,,,,,0.52,,,,22,0,,,,,,,,,,,,,,,,,,,,,,,,,,,,,,,,,,,,,,,,,,,,,,,,,,,,,,,,,,,,,,,,,,,,,,,,,,,,,,,,,,,,,,,,,,,,,,,,,,,,,,,,,,,,,,,,,,,,,,,,,,,,,,,,,,,,,,,,,,,,,,,,,,,,,,,,,,,,,,,,,,,,,,,,,,,,,,,,,,,,
TT.A2020000,5901597206194,,LED profile SURFACE14 EFE7/TY alu raw 2m,"LED profil, SURFACE14, nadgradni, EFE7/TY, alu surov, 2m, 1/50, (R2)",00001602,91086973,,m,76042100,PL,0,,1.196,,0,,2000,mm,77,mm,36,mm,,,,,5.43,,,,22,0,,,,,,,,,,,,,,,,,,,,,,,,,,,,,,,,,,,,,,,,,,,,,,,,,,,,,,,,,,,,,,,,,,,,,,,,,,,,,,,,,,,,,,,,,,,,,,,,,,,,,,,,,,,,,,,,,,,,,,,,,,,,,,,,,,,,,,,,,,,,,,,,,,,,,,,,,,,,,,,,,,,,,,,,,,,,,,,,,,,,
TT.A2020001,5901597204886,,LED profile SURFACE14 EFE7/TY white mat 2m,"LED profil, SURFACE14, nadgradni, EFE7/TY, bel mat, 2m, 1/70, (R2)",00001602,91086973,,m,76042100,PL,0,,0.612,,0,,2000,mm,24,mm,9,mm,,,,,10,,,,22,0,,,,,,,,,,,,,,,,,,,,,,,,,,,,,,,,,,,,,,,,,,,,,,,,,,,,,,,,,,,,,,,,,,,,,,,,,,,,,,,,,,,,,,,,,,,,,,,,,,,,,,,,,,,,,,,,,,,,,,,,,,,,,,,,,,,,,,,,,,,,,,,,,,,,,,,,,,,,,,,,,,,,,,,,,,,,,,,,,,,,
TT.A2020020,5901597204848,,LED profile SURFACE14 EFE7/TY alu anodized 2m,"LED profil, SURFACE14, nadgradni, EFE7/TY, alu anodiziran, 2m, 1/50, (R2)",00001602,91086973,,m,76042100,PL,0,,0.612,,0,,2000,mm,24,mm,9,mm,,,,,6.94,,,,22,0,,,,,,,,,,,,,,,,,,,,,,,,,,,,,,,,,,,,,,,,,,,,,,,,,,,,,,,,,,,,,,,,,,,,,,,,,,,,,,,,,,,,,,,,,,,,,,,,,,,,,,,,,,,,,,,,,,,,,,,,,,,,,,,,,,,,,,,,,,,,,,,,,,,,,,,,,,,,,,,,,,,,,,,,,,,,,,,,,,,,
TT.A2020021,5901597204862,,LED profile SURFACE14 EFE7/TY black anodized 2m,"LED profil, SURFACE14, nadgradni, EFE7/TY, črn anodiziran, 2m, 1/70, (R2)",00001602,91086973,,m,76042100,PL,0,,0.612,,0,,2000,mm,24,mm,9,mm,,,,,9.3,,,,22,0,,,,,,,,,,,,,,,,,,,,,,,,,,,,,,,,,,,,,,,,,,,,,,,,,,,,,,,,,,,,,,,,,,,,,,,,,,,,,,,,,,,,,,,,,,,,,,,,,,,,,,,,,,,,,,,,,,,,,,,,,,,,,,,,,,,,,,,,,,,,,,,,,,,,,,,,,,,,,,,,,,,,,,,,,,,,,,,,,,,,
TT.A2040016,5901597203162,,Cover type E slide transparent 2m,Pokrov tip E slide PC prozoren 2m,00001602,91086973,,m,94059200,PL,0.052,,0.052,,0,,19.3,2000,0.8,2000,0,2000,,,,,1.01,,,,22,0,,,,,,,,,,,,,,,,,,,,,,,,,,,,,,,,,,,,,,,,,,,,,,,,,,,,,,,,,,,,,,,,,,,,,,,,,,,,,,,,,,,,,,,,,,,,,,,,,,,,,,,,,,,,,,,,,,,,,,,,,,,,,,,,,,,,,,,,,,,,,,,,,,,,,,,,,,,,,,,,,,,,,,,,,,,,,,,,,,,,
TT.A2040038,5901597203124,,Cover type E slide milky transparent mat 2m,Pokrov tip E slide PP mlečno prozoren mat 2m,00001602,91086973,,m,94059200,PL,0.052,,0.052,,0,,19.3,2000,0.8,2000,0,2000,,,,,1.04,,,,22,0,,,,,,,,,,,,,,,,,,,,,,,,,,,,,,,,,,,,,,,,,,,,,,,,,,,,,,,,,,,,,,,,,,,,,,,,,,,,,,,,,,,,,,,,,,,,,,,,,,,,,,,,,,,,,,,,,,,,,,,,,,,,,,,,,,,,,,,,,,,,,,,,,,,,,,,,,,,,,,,,,,,,,,,,,,,,,,,,,,,,
TT.A2040039,5901597203148,,Cover type E slide frosted 2m,Pokrov tip E slide PP motno prozoren 2m,00001602,91086973,,m,94059200,PL,0.052,,0.052,,0,,19.3,2000,0.8,2000,0,2000,,,,,0.82,,,,22,0,,,,,,,,,,,,,,,,,,,,,,,,,,,,,,,,,,,,,,,,,,,,,,,,,,,,,,,,,,,,,,,,,,,,,,,,,,,,,,,,,,,,,,,,,,,,,,,,,,,,,,,,,,,,,,,,,,,,,,,,,,,,,,,,,,,,,,,,,,,,,,,,,,,,,,,,,,,,,,,,,,,,,,,,,,,,,,,,,,,,
TT.A2060016,5901597203186,,Cover type F click transparent 2m,Pokrov tip F na klik PMMA prozoren 2m,00001602,91086973,,m,94059200,PL,0.077,,0.077,,0,,17.6,2000,5,2000,0,2000,,,,,3.02,,,,22,0,,,,,,,,,,,,,,,,,,,,,,,,,,,,,,,,,,,,,,,,,,,,,,,,,,,,,,,,,,,,,,,,,,,,,,,,,,,,,,,,,,,,,,,,,,,,,,,,,,,,,,,,,,,,,,,,,,,,,,,,,,,,,,,,,,,,,,,,,,,,,,,,,,,,,,,,,,,,,,,,,,,,,,,,,,,,,,,,,,,,
TT.A2060038,5901597203209,,Cover type F click milky transparent mat 2m,Pokrov tip F na klik PMMA mlečno prozoren mat 2m,00001602,91086973,,m,94059200,PL,0.077,,0.077,,0,,17.6,2000,5,2000,0,2000,,,,,3.02,,,,22,0,,,,,,,,,,,,,,,,,,,,,,,,,,,,,,,,,,,,,,,,,,,,,,,,,,,,,,,,,,,,,,,,,,,,,,,,,,,,,,,,,,,,,,,,,,,,,,,,,,,,,,,,,,,,,,,,,,,,,,,,,,,,,,,,,,,,,,,,,,,,,,,,,,,,,,,,,,,,,,,,,,,,,,,,,,,,,,,,,,,,
TT.A2060041,5901597275138,,Cover type F click black 2m,Pokrov tip F na klik PMMA črn 2m,00001602,91086973,,m,94059200,PL,0.077,,0.077,,0,,17.6,2000,5,2000,0,2000,,,,,3.32,,,,22,0,,,,,,,,,,,,,,,,,,,,,,,,,,,,,,,,,,,,,,,,,,,,,,,,,,,,,,,,,,,,,,,,,,,,,,,,,,,,,,,,,,,,,,,,,,,,,,,,,,,,,,,,,,,,,,,,,,,,,,,,,,,,,,,,,,,,,,,,,,,,,,,,,,,,,,,,,,,,,,,,,,,,,,,,,,,,,,,,,,,,
TT.A2090019,5901597201809,,Mounting plate Y inox 20pcs,"Montažna ploščica Y, za LED profil, inox, (R2)",00001602,91086973,,kom,83024900,PL,0.03,,0.03,,0,,10,mm,100,mm,160,mm,,,,,1.14,,,,22,10,,,,,,,,,,,,,,,,,,,,,,,,,,,,,,,,,,,,,,,,,,,,,,,,,,,,,,,,,,,,,,,,,,,,,,,,,,,,,,,,,,,,,,,,,,,,,,,,,,,,,,,,,,,,,,,,,,,,,,,,,,,,,,,,,,,,,,,,,,,,,,,,,,,,,,,,,,,,,,,,,,,,,,,,,,,,,,,,,,,,
TT.A2130019,5901597201861,,Mounting plate Y CONE inox 20pcs,"Montažna ploščica Y, za LED profil, poglobljena (CONE), inox, (R2)",00001602,91086973,,kom,83024900,PL,0.03,,0.03,,0,,10,mm,100,mm,160,mm,,,,,1.24,,,,22,10,,,,,,,,,,,,,,,,,,,,,,,,,,,,,,,,,,,,,,,,,,,,,,,,,,,,,,,,,,,,,,,,,,,,,,,,,,,,,,,,,,,,,,,,,,,,,,,,,,,,,,,,,,,,,,,,,,,,,,,,,,,,,,,,,,,,,,,,,,,,,,,,,,,,,,,,,,,,,,,,,,,,,,,,,,,,,,,,,,,,
TT.A2210038S,5901597261391,,Cover type F click milky transparent mat roll 20m,Pokrov tip F na klik PMMA mlečno prozoren mat rola 20m,00001602,91086973,,m,94059200,PL,0.077,,0.077,,0,,17.6,20000,5,20000,0,20000,,,,,3.94,,,,22,0,,,,,,,,,,,,,,,,,,,,,,,,,,,,,,,,,,,,,,,,,,,,,,,,,,,,,,,,,,,,,,,,,,,,,,,,,,,,,,,,,,,,,,,,,,,,,,,,,,,,,,,,,,,,,,,,,,,,,,,,,,,,,,,,,,,,,,,,,,,,,,,,,,,,,,,,,,,,,,,,,,,,,,,,,,,,,,,,,,,,
TT.A2970001,5901597244851,,End cap SURFACE14 GEN2 with hole white E/F 20pcs,"Zaključni element (kapa), SURFACE14 GEN2, z luknjo, bel, 1/10, (R2)",00001602,91086973,,kom,94059200,PL,0.01,,0.01,,0,,10,mm,100,mm,160,mm,,,,,0.62,,,,22,0,,,,,,,,,,,,,,,,,,,,,,,,,,,,,,,,,,,,,,,,,,,,,,,,,,,,,,,,,,,,,,,,,,,,,,,,,,,,,,,,,,,,,,,,,,,,,,,,,,,,,,,,,,,,,,,,,,,,,,,,,,,,,,,,,,,,,,,,,,,,,,,,,,,,,,,,,,,,,,,,,,,,,,,,,,,,,,,,,,,,
TT.A2970002,5901597244837,,End cap SURFACE14 GEN2 with hole black E/F 20pcs,"Zaključni element (kapa), SURFACE14 GEN2, z luknjo, črn, 1/10, (R2)",00001602,91086973,,kom,94059200,PL,0.01,,0.01,,0,,10,mm,100,mm,160,mm,,,,,0.62,,,,22,0,,,,,,,,,,,,,,,,,,,,,,,,,,,,,,,,,,,,,,,,,,,,,,,,,,,,,,,,,,,,,,,,,,,,,,,,,,,,,,,,,,,,,,,,,,,,,,,,,,,,,,,,,,,,,,,,,,,,,,,,,,,,,,,,,,,,,,,,,,,,,,,,,,,,,,,,,,,,,,,,,,,,,,,,,,,,,,,,,,,,
TT.A2970022,5901597244813,,End cap SURFACE14 GEN2 with hole grey E/F,"Zaključni element (kapa), SURFACE14 GEN2, z luknjo, siv, 1/10, (R2)",00001602,91086973,,kom,94059200,PL,0.01,,0.01,,0,,10,mm,100,mm,160,mm,,,,,0.62,,,,22,0,,,,,,,,,,,,,,,,,,,,,,,,,,,,,,,,,,,,,,,,,,,,,,,,,,,,,,,,,,,,,,,,,,,,,,,,,,,,,,,,,,,,,,,,,,,,,,,,,,,,,,,,,,,,,,,,,,,,,,,,,,,,,,,,,,,,,,,,,,,,,,,,,,,,,,,,,,,,,,,,,,,,,,,,,,,,,,,,,,,,
TT.A2970040,5901597244790,,End cap SURFACE14 GEN2 with hole silver E/F,"Zaključni element (kapa), SURFACE14 GEN2, z luknjo, srebrn, 1/10, (R2)",00001602,91086973,,kom,94059200,PL,0.01,,0.01,,0,,10,mm,100,mm,160,mm,,,,,0.68,,,,22,0,,,,,,,,,,,,,,,,,,,,,,,,,,,,,,,,,,,,,,,,,,,,,,,,,,,,,,,,,,,,,,,,,,,,,,,,,,,,,,,,,,,,,,,,,,,,,,,,,,,,,,,,,,,,,,,,,,,,,,,,,,,,,,,,,,,,,,,,,,,,,,,,,,,,,,,,,,,,,,,,,,,,,,,,,,,,,,,,,,,,
TT.A2980001,5901597244776,,End cap SURFACE14 GEN2 white E/F 20pcs,"Zaključni element (kapa), SURFACE14 GEN2, bel, 1/10, (R2)",00001602,91086973,,kom,94059200,PL,0.01,,0.01,,0,,10,mm,100,mm,160,mm,,,,,0.62,,,,22,0,,,,,,,,,,,,,,,,,,,,,,,,,,,,,,,,,,,,,,,,,,,,,,,,,,,,,,,,,,,,,,,,,,,,,,,,,,,,,,,,,,,,,,,,,,,,,,,,,,,,,,,,,,,,,,,,,,,,,,,,,,,,,,,,,,,,,,,,,,,,,,,,,,,,,,,,,,,,,,,,,,,,,,,,,,,,,,,,,,,,
TT.A2980002,5901597244752,,End cap SURFACE14 GEN2 black E/F,"Zaključni element (kapa), SURFACE14 GEN2, črn, 1/10, (R2)",00001602,91086973,,kom,94059200,PL,0.01,,0.01,,0,,10,mm,100,mm,160,mm,,,,,0.62,,,,22,0,,,,,,,,,,,,,,,,,,,,,,,,,,,,,,,,,,,,,,,,,,,,,,,,,,,,,,,,,,,,,,,,,,,,,,,,,,,,,,,,,,,,,,,,,,,,,,,,,,,,,,,,,,,,,,,,,,,,,,,,,,,,,,,,,,,,,,,,,,,,,,,,,,,,,,,,,,,,,,,,,,,,,,,,,,,,,,,,,,,,
TT.A2980022,5901597244738,,End cap SURFACE14 GEN2 grey E/F,"Zaključni element (kapa), SURFACE14 GEN2, siv, 1/10, (R2)",00001602,91086973,,kom,94059200,PL,0.01,,0.01,,0,,10,mm,100,mm,160,mm,,,,,0.62,,,,22,0,,,,,,,,,,,,,,,,,,,,,,,,,,,,,,,,,,,,,,,,,,,,,,,,,,,,,,,,,,,,,,,,,,,,,,,,,,,,,,,,,,,,,,,,,,,,,,,,,,,,,,,,,,,,,,,,,,,,,,,,,,,,,,,,,,,,,,,,,,,,,,,,,,,,,,,,,,,,,,,,,,,,,,,,,,,,,,,,,,,,
TT.A2980040,5901597244714,,End cap SURFACE14 GEN2 silver E/F,"Zaključni element (kapa), SURFACE14 GEN2, srebrn, 1/10, (R2)",00001602,91086973,,kom,94059200,PL,0.01,,0.01,,0,,10,mm,100,mm,160,mm,,,,,0.68,,,,22,0,,,,,,,,,,,,,,,,,,,,,,,,,,,,,,,,,,,,,,,,,,,,,,,,,,,,,,,,,,,,,,,,,,,,,,,,,,,,,,,,,,,,,,,,,,,,,,,,,,,,,,,,,,,,,,,,,,,,,,,,,,,,,,,,,,,,,,,,,,,,,,,,,,,,,,,,,,,,,,,,,,,,,,,,,,,,,,,,,,,,
TT.A2990020,5901597238867,,Corner connector SURFACE14 90° alu,"Kotni element 90° SURFACE14, za LED profil, alu, (R2)",00001602,91086973,,kom,83024900,PL,0.029,,0.029,,0,,10,mm,100,mm,160,mm,,,,,11.8,,,,22,10,,,,,,,,,,,,,,,,,,,,,,,,,,,,,,,,,,,,,,,,,,,,,,,,,,,,,,,,,,,,,,,,,,,,,,,,,,,,,,,,,,,,,,,,,,,,,,,,,,,,,,,,,,,,,,,,,,,,,,,,,,,,,,,,,,,,,,,,,,,,,,,,,,,,,,,,,,,,,,,,,,,,,,,,,,,,,,,,,,,,
TT.A3020000,5901597206231,,LED profile GROOVE14 recessed EFE7/TY alu raw 2m,"LED profil, GROOVE14, vgradni, EFE7/TY, alu surov, 2m, 1/50, (R2)",00001602,91086973,,m,76042100,PL,0,,0.804,,0,,2000,mm,28,mm,53,mm,,,,,5.3,,,,22,0,,,,,,,,,,,,,,,,,,,,,,,,,,,,,,,,,,,,,,,,,,,,,,,,,,,,,,,,,,,,,,,,,,,,,,,,,,,,,,,,,,,,,,,,,,,,,,,,,,,,,,,,,,,,,,,,,,,,,,,,,,,,,,,,,,,,,,,,,,,,,,,,,,,,,,,,,,,,,,,,,,,,,,,,,,,,,,,,,,,,
TT.A3020001,5901597205081,,LED profile GROOVE14 recessed EFE7/TY white mat 2m,"LED profil, GROOVE14, vgradni, EFE7/TY, bel mat, 2m, 1/50, (R2)",00001602,91086973,,m,76042100,PL,0,,0.56,,0,,2000,mm,28,mm,8,mm,,,,,10.45,,,,22,0,,,,,,,,,,,,,,,,,,,,,,,,,,,,,,,,,,,,,,,,,,,,,,,,,,,,,,,,,,,,,,,,,,,,,,,,,,,,,,,,,,,,,,,,,,,,,,,,,,,,,,,,,,,,,,,,,,,,,,,,,,,,,,,,,,,,,,,,,,,,,,,,,,,,,,,,,,,,,,,,,,,,,,,,,,,,,,,,,,,,
TT.A3020020,5901597205043,,LED profile GROOVE14 recessed EFE7/TY alu anodized 2m,"LED profil, GROOVE14, vgradni, EFE7/TY, alu anodiziran, 2m, 1/50, (R2)",00001602,91086973,,m,76042100,PL,0,,0.562,,0,,2000,mm,280,mm,8,mm,,,,,6.91,,,,22,0,,,,,,,,,,,,,,,,,,,,,,,,,,,,,,,,,,,,,,,,,,,,,,,,,,,,,,,,,,,,,,,,,,,,,,,,,,,,,,,,,,,,,,,,,,,,,,,,,,,,,,,,,,,,,,,,,,,,,,,,,,,,,,,,,,,,,,,,,,,,,,,,,,,,,,,,,,,,,,,,,,,,,,,,,,,,,,,,,,,,
TT.A3020021,5901597205067,,LED profile GROOVE14 recessed EFE7/TY black anodized 2m,"LED profil, GROOVE14, vgradni, EFE7/TY, črn anodiziran, 2m, 1/50, (R2)",00001602,91086973,,m,76042100,PL,0,,0.562,,0,,2000,mm,28,mm,8,mm,,,,,8.9,,,,22,0,,,,,,,,,,,,,,,,,,,,,,,,,,,,,,,,,,,,,,,,,,,,,,,,,,,,,,,,,,,,,,,,,,,,,,,,,,,,,,,,,,,,,,,,,,,,,,,,,,,,,,,,,,,,,,,,,,,,,,,,,,,,,,,,,,,,,,,,,,,,,,,,,,,,,,,,,,,,,,,,,,,,,,,,,,,,,,,,,,,,
TT.A3050001,5901597202110,,End cap GROOVE14 with hole white 20pcs,"Zaključni element (kapa), GROOVE14, z luknjo, bel, 1/10, (R2)",00001602,91086973,,kom,94059200,PL,0.02,,0.02,,0,,10,mm,100,mm,160,mm,,,,,,,,,22,0,,,,,,,,,,,,,,,,,,,,,,,,,,,,,,,,,,,,,,,,,,,,,,,,,,,,,,,,,,,,,,,,,,,,,,,,,,,,,,,,,,,,,,,,,,,,,,,,,,,,,,,,,,,,,,,,,,,,,,,,,,,,,,,,,,,,,,,,,,,,,,,,,,,,,,,,,,,,,,,,,,,,,,,,,,,,,,,,,,,,
TT.A3050002,5901597202080,,End cap GROOVE14 with hole black 20pcs,"Zaključni element (kapa), GROOVE14, z luknjo, črn, 1/10, (R2)",00001602,91086973,,kom,94059200,PL,0.02,,0.02,,0,,10,mm,100,mm,160,mm,,,,,,,,,22,0,,,,,,,,,,,,,,,,,,,,,,,,,,,,,,,,,,,,,,,,,,,,,,,,,,,,,,,,,,,,,,,,,,,,,,,,,,,,,,,,,,,,,,,,,,,,,,,,,,,,,,,,,,,,,,,,,,,,,,,,,,,,,,,,,,,,,,,,,,,,,,,,,,,,,,,,,,,,,,,,,,,,,,,,,,,,,,,,,,,,
TT.A3050022,5901597202028,,End cap GROOVE14 with hole grey 20pcs,"Zaključni element (kapa), GROOVE14, z luknjo, siv, 1/10, (R2)",00001602,91086973,,kom,94059200,PL,0.02,,0.02,,0,,10,mm,100,mm,160,mm,,,,,,,,,22,0,,,,,,,,,,,,,,,,,,,,,,,,,,,,,,,,,,,,,,,,,,,,,,,,,,,,,,,,,,,,,,,,,,,,,,,,,,,,,,,,,,,,,,,,,,,,,,,,,,,,,,,,,,,,,,,,,,,,,,,,,,,,,,,,,,,,,,,,,,,,,,,,,,,,,,,,,,,,,,,,,,,,,,,,,,,,,,,,,,,,
TT.A3050040,5901597202059,,End cap GROOVE14 with hole silver 20pcs,"Zaključni element (kapa), GROOVE14, z luknjo, srebrn, 1/10, (R2)",00001602,91086973,,kom,94059200,PL,0.02,,0.02,,0,,10,mm,100,mm,160,mm,,,,,,,,,22,0,,,,,,,,,,,,,,,,,,,,,,,,,,,,,,,,,,,,,,,,,,,,,,,,,,,,,,,,,,,,,,,,,,,,,,,,,,,,,,,,,,,,,,,,,,,,,,,,,,,,,,,,,,,,,,,,,,,,,,,,,,,,,,,,,,,,,,,,,,,,,,,,,,,,,,,,,,,,,,,,,,,,,,,,,,,,,,,,,,,,
TT.A3090020,4039677008206,,LED profile GROOVE14 recessed EFE7/TY alu anodized 3m,"LED profil, GROOVE14, vgradni, EFE7/TY, alu anodiziran, 3m, (R2)",00001602,91086973,,m,76042100,PL,0,,0.843,,0,,3000,mm,8,mm,28,mm,,,,,7.94,,,,22,0,,,,,,,,,,,,,,,,,,,,,,,,,,,,,,,,,,,,,,,,,,,,,,,,,,,,,,,,,,,,,,,,,,,,,,,,,,,,,,,,,,,,,,,,,,,,,,,,,,,,,,,,,,,,,,,,,,,,,,,,,,,,,,,,,,,,,,,,,,,,,,,,,,,,,,,,,,,,,,,,,,,,,,,,,,,,,,,,,,,,
TT.A3970001,5901597204282,,End cap GROOVE14 GEN2 RD with hole white E/F 20pcs,"Zaključni element (kapa), GROOVE14 GEN2 ROUND, z luknjo, bel, 1/10, (R2)",00001602,91086973,,kom,94059200,PL,0.02,,0.02,,0,,10,mm,100,mm,160,mm,,,,,0.72,,,,22,0,,,,,,,,,,,,,,,,,,,,,,,,,,,,,,,,,,,,,,,,,,,,,,,,,,,,,,,,,,,,,,,,,,,,,,,,,,,,,,,,,,,,,,,,,,,,,,,,,,,,,,,,,,,,,,,,,,,,,,,,,,,,,,,,,,,,,,,,,,,,,,,,,,,,,,,,,,,,,,,,,,,,,,,,,,,,,,,,,,,,
TT.A3970002,5901597257288,,End cap GROOVE14 GEN2 RD with hole black E/F 20pcs,"Zaključni element (kapa), GROOVE14 GEN2 ROUND, z luknjo, črn, 1/10, (R2)",00001602,91086973,,kom,94059200,PL,0.02,,0.02,,0,,10,mm,100,mm,160,mm,,,,,0.72,,,,22,0,,,,,,,,,,,,,,,,,,,,,,,,,,,,,,,,,,,,,,,,,,,,,,,,,,,,,,,,,,,,,,,,,,,,,,,,,,,,,,,,,,,,,,,,,,,,,,,,,,,,,,,,,,,,,,,,,,,,,,,,,,,,,,,,,,,,,,,,,,,,,,,,,,,,,,,,,,,,,,,,,,,,,,,,,,,,,,,,,,,,
TT.A3970022,5901597257301,,End cap GROOVE14 GEN2 RD with hole grey E/F 20pcs,"Zaključni element (kapa), GROOVE14 GEN2 ROUND, z luknjo, siv, 1/10, (R2)",00001602,91086973,,kom,94059200,PL,0.02,,0.02,,0,,10,mm,100,mm,160,mm,,,,,0.72,,,,22,0,,,,,,,,,,,,,,,,,,,,,,,,,,,,,,,,,,,,,,,,,,,,,,,,,,,,,,,,,,,,,,,,,,,,,,,,,,,,,,,,,,,,,,,,,,,,,,,,,,,,,,,,,,,,,,,,,,,,,,,,,,,,,,,,,,,,,,,,,,,,,,,,,,,,,,,,,,,,,,,,,,,,,,,,,,,,,,,,,,,,
TT.A3970040,5901597236818,,End cap GROOVE14 GEN2 RD with hole silver E/F 20pcs,"Zaključni element (kapa), GROOVE14 GEN2 ROUND, z luknjo, srebrn, 1/10, (R2)",00001602,91086973,,kom,94059200,PL,0.02,,0.02,,0,,10,mm,100,mm,160,mm,,,,,1.04,,,,22,0,,,,,,,,,,,,,,,,,,,,,,,,,,,,,,,,,,,,,,,,,,,,,,,,,,,,,,,,,,,,,,,,,,,,,,,,,,,,,,,,,,,,,,,,,,,,,,,,,,,,,,,,,,,,,,,,,,,,,,,,,,,,,,,,,,,,,,,,,,,,,,,,,,,,,,,,,,,,,,,,,,,,,,,,,,,,,,,,,,,,
TT.A3980001,5901597244691,,End cap GROOVE14 GEN2 with hole white E/F 20pcs,"Zaključni element (kapa), GROOVE14 GEN2, z luknjo, bel, 1/10, (R2)",00001602,91086973,,kom,94059200,PL,0.02,,0.02,,0,,10,mm,100,mm,160,mm,,,,,0.72,,,,22,0,,,,,,,,,,,,,,,,,,,,,,,,,,,,,,,,,,,,,,,,,,,,,,,,,,,,,,,,,,,,,,,,,,,,,,,,,,,,,,,,,,,,,,,,,,,,,,,,,,,,,,,,,,,,,,,,,,,,,,,,,,,,,,,,,,,,,,,,,,,,,,,,,,,,,,,,,,,,,,,,,,,,,,,,,,,,,,,,,,,,
TT.A3980002,5901597244677,,End cap GROOVE14 GEN2 with hole black E/F 20pcs,"Zaključni element (kapa), GROOVE14 GEN2, z luknjo, črn, 1/10, (R2)",00001602,91086973,,kom,94059200,PL,0.02,,0.02,,0,,10,mm,100,mm,160,mm,,,,,0.72,,,,22,0,,,,,,,,,,,,,,,,,,,,,,,,,,,,,,,,,,,,,,,,,,,,,,,,,,,,,,,,,,,,,,,,,,,,,,,,,,,,,,,,,,,,,,,,,,,,,,,,,,,,,,,,,,,,,,,,,,,,,,,,,,,,,,,,,,,,,,,,,,,,,,,,,,,,,,,,,,,,,,,,,,,,,,,,,,,,,,,,,,,,
TT.A3980022,5901597244653,,End cap GROOVE14 GEN2 with hole grey E/F 20pcs,"Zaključni element (kapa), GROOVE14 GEN2, z luknjo, siv, 1/10, (R2)",00001602,91086973,,kom,94059200,PL,0.02,,0.02,,0,,10,mm,100,mm,160,mm,,,,,0.72,,,,22,0,,,,,,,,,,,,,,,,,,,,,,,,,,,,,,,,,,,,,,,,,,,,,,,,,,,,,,,,,,,,,,,,,,,,,,,,,,,,,,,,,,,,,,,,,,,,,,,,,,,,,,,,,,,,,,,,,,,,,,,,,,,,,,,,,,,,,,,,,,,,,,,,,,,,,,,,,,,,,,,,,,,,,,,,,,,,,,,,,,,,
TT.A3980040,5901597244639,,End cap GROOVE14 GEN2 with hole silver E/F 20pcs,"Zaključni element (kapa), GROOVE14 GEN2, z luknjo, srebrn, 1/10, (R2)",00001602,91086973,,kom,94059200,PL,0.02,,0.02,,0,,10,mm,100,mm,160,mm,,,,,1.04,,,,22,0,,,,,,,,,,,,,,,,,,,,,,,,,,,,,,,,,,,,,,,,,,,,,,,,,,,,,,,,,,,,,,,,,,,,,,,,,,,,,,,,,,,,,,,,,,,,,,,,,,,,,,,,,,,,,,,,,,,,,,,,,,,,,,,,,,,,,,,,,,,,,,,,,,,,,,,,,,,,,,,,,,,,,,,,,,,,,,,,,,,,
TT.A3990001,5901597238881,,Corner connector GROOVE14 90° white,"Kotni element 90° GROOVE14, za LED profil, bel, (R2)",00001602,91086973,,kom,83024900,PL,0.024,,0.024,,0,,10,mm,100,mm,160,mm,,,,,12.67,,,,22,10,,,,,,,,,,,,,,,,,,,,,,,,,,,,,,,,,,,,,,,,,,,,,,,,,,,,,,,,,,,,,,,,,,,,,,,,,,,,,,,,,,,,,,,,,,,,,,,,,,,,,,,,,,,,,,,,,,,,,,,,,,,,,,,,,,,,,,,,,,,,,,,,,,,,,,,,,,,,,,,,,,,,,,,,,,,,,,,,,,,,
TT.A3990020,5901597238898,,Corner connector GROOVE14 90° alu,"Kotni element 90° GROOVE14, za LED profil, alu, (R2)",00001602,91086973,,kom,83024900,PL,0.03,,0.03,,0,,10,mm,100,mm,160,mm,,,,,11.71,,,,22,10,,,,,,,,,,,,,,,,,,,,,,,,,,,,,,,,,,,,,,,,,,,,,,,,,,,,,,,,,,,,,,,,,,,,,,,,,,,,,,,,,,,,,,,,,,,,,,,,,,,,,,,,,,,,,,,,,,,,,,,,,,,,,,,,,,,,,,,,,,,,,,,,,,,,,,,,,,,,,,,,,,,,,,,,,,,,,,,,,,,,
TT.A3990021,5901597238904,,Corner connector GROOVE14 90° black,"Kotni element 90° GROOVE14, za LED profil, črn, (R2)",00001602,91086973,,kom,83024900,PL,0.031,,0.031,,0,,10,mm,100,mm,160,mm,,,,,11.87,,,,22,10,,,,,,,,,,,,,,,,,,,,,,,,,,,,,,,,,,,,,,,,,,,,,,,,,,,,,,,,,,,,,,,,,,,,,,,,,,,,,,,,,,,,,,,,,,,,,,,,,,,,,,,,,,,,,,,,,,,,,,,,,,,,,,,,,,,,,,,,,,,,,,,,,,,,,,,,,,,,,,,,,,,,,,,,,,,,,,,,,,,,
TT.A4020000,5901597206279,,LED profile CORNER14 corner EFE7/TY alu raw 2m,"LED profil, CORNER14, kotni, EFE7/TY, alu surov, 2m, 1/50, (R2)",00001602,91086973,,m,76042100,PL,0,,0,,0,,3000,mm,12.6,mm,38.6,mm,,,,,8.38,,,,22,0,,,,,,,,,,,,,,,,,,,,,,,,,,,,,,,,,,,,,,,,,,,,,,,,,,,,,,,,,,,,,,,,,,,,,,,,,,,,,,,,,,,,,,,,,,,,,,,,,,,,,,,,,,,,,,,,,,,,,,,,,,,,,,,,,,,,,,,,,,,,,,,,,,,,,,,,,,,,,,,,,,,,,,,,,,,,,,,,,,,,
TT.A4020001,5901597203780,,LED profile CORNER14 corner EFE7/TY white mat 2m,"LED profil, CORNER14, kotni, EFE7/TY, bel mat, 2m, 1/50, (R2)",00001602,91086973,,m,76042100,PL,0,,0.806,,0,,2000,mm,24,mm,19.4,mm,,,,,14.17,,,,22,0,,,,,,,,,,,,,,,,,,,,,,,,,,,,,,,,,,,,,,,,,,,,,,,,,,,,,,,,,,,,,,,,,,,,,,,,,,,,,,,,,,,,,,,,,,,,,,,,,,,,,,,,,,,,,,,,,,,,,,,,,,,,,,,,,,,,,,,,,,,,,,,,,,,,,,,,,,,,,,,,,,,,,,,,,,,,,,,,,,,,
TT.A4020020,5901597203742,,LED profile CORNER14 corner EFE7/TY alu anodized 2m,"LED profil, CORNER14, kotni, EFE7/TY, alu anodiziran, 2m, 1/50, (R2)",00001602,91086973,,m,76042100,PL,0,,0.812,,0,,2000,mm,24,mm,19.4,mm,,,,,9.24,,,,22,0,,,,,,,,,,,,,,,,,,,,,,,,,,,,,,,,,,,,,,,,,,,,,,,,,,,,,,,,,,,,,,,,,,,,,,,,,,,,,,,,,,,,,,,,,,,,,,,,,,,,,,,,,,,,,,,,,,,,,,,,,,,,,,,,,,,,,,,,,,,,,,,,,,,,,,,,,,,,,,,,,,,,,,,,,,,,,,,,,,,,
TT.A4020021,5901597203766,,LED profile CORNER14 corner EFE7/TY black anodized 2m,LED PROFIL CORNER14 kotni EFE7/TY črn anodizira  2m,00001602,91086973,,m,76042100,PL,0,,0.812,,0,,2000,mm,24,mm,19.4,mm,,,,,12.44,,,,22,0,,,,,,,,,,,,,,,,,,,,,,,,,,,,,,,,,,,,,,,,,,,,,,,,,,,,,,,,,,,,,,,,,,,,,,,,,,,,,,,,,,,,,,,,,,,,,,,,,,,,,,,,,,,,,,,,,,,,,,,,,,,,,,,,,,,,,,,,,,,,,,,,,,,,,,,,,,,,,,,,,,,,,,,,,,,,,,,,,,,,
TT.A4050001,3830078330481,,End cap CORNER14 with hole white 10set L+R,"Zaključni element (kapa), CORNER14, z luknjo, bel, 1/10, (R2)",00001602,91086973,,kom,94059200,PL,0.0005,,0.0005,,0,,10,mm,100,mm,160,mm,,,,,,,,,22,0,,,,,,,,,,,,,,,,,,,,,,,,,,,,,,,,,,,,,,,,,,,,,,,,,,,,,,,,,,,,,,,,,,,,,,,,,,,,,,,,,,,,,,,,,,,,,,,,,,,,,,,,,,,,,,,,,,,,,,,,,,,,,,,,,,,,,,,,,,,,,,,,,,,,,,,,,,,,,,,,,,,,,,,,,,,,,,,,,,,,
TT.A4050040,3830078330474,,End cap CORNER14 with hole silver 10set L+R,"Zaključni element (kapa), CORNER14, z luknjo, srebrn, 1/10, (R2)",00001602,91086973,,kom,94059200,PL,0.0005,,0.0005,,0,,10,mm,100,mm,160,mm,,,,,,,,,22,0,,,,,,,,,,,,,,,,,,,,,,,,,,,,,,,,,,,,,,,,,,,,,,,,,,,,,,,,,,,,,,,,,,,,,,,,,,,,,,,,,,,,,,,,,,,,,,,,,,,,,,,,,,,,,,,,,,,,,,,,,,,,,,,,,,,,,,,,,,,,,,,,,,,,,,,,,,,,,,,,,,,,,,,,,,,,,,,,,,,,
TT.A4100020,5901597249504,,LED profile CORNER14 corner EFE7/TY alu anodized 3m,"LED profil, CORNER14, kotni, EFE7/TY, alu anodiziran, 3m, (R2)",00001602,91086973,,m,76042100,PL,0,,3.627,,0,,3000,mm,24,mm,19.4,mm,,,,,9.69,,,,22,0,,,,,,,,,,,,,,,,,,,,,,,,,,,,,,,,,,,,,,,,,,,,,,,,,,,,,,,,,,,,,,,,,,,,,,,,,,,,,,,,,,,,,,,,,,,,,,,,,,,,,,,,,,,,,,,,,,,,,,,,,,,,,,,,,,,,,,,,,,,,,,,,,,,,,,,,,,,,,,,,,,,,,,,,,,,,,,,,,,,,
TT.A4970001,5901597256434,,End cap CORNER14 GEN2 with hole white E/F 10set L+R,"Zaključni element (kapa), CORNER14 GEN2, z luknjo, bel, 1/10, (R2)",00001602,91086973,,kom,94059200,PL,0.02,,0.02,,0,,10,mm,100,mm,160,mm,,,,,1.24,,,,22,0,,,,,,,,,,,,,,,,,,,,,,,,,,,,,,,,,,,,,,,,,,,,,,,,,,,,,,,,,,,,,,,,,,,,,,,,,,,,,,,,,,,,,,,,,,,,,,,,,,,,,,,,,,,,,,,,,,,,,,,,,,,,,,,,,,,,,,,,,,,,,,,,,,,,,,,,,,,,,,,,,,,,,,,,,,,,,,,,,,,,
TT.A4970002,5901597256441,,End cap CORNER14 GEN2 with hole black E/F 10set L+R,"Zaključni element (kapa), CORNER14 GEN2, z luknjo, črn, 1/10, (R2)",00001602,91086973,,kom,94059200,PL,0.02,,0.02,,0,,10,mm,100,mm,160,mm,,,,,1.24,,,,22,0,,,,,,,,,,,,,,,,,,,,,,,,,,,,,,,,,,,,,,,,,,,,,,,,,,,,,,,,,,,,,,,,,,,,,,,,,,,,,,,,,,,,,,,,,,,,,,,,,,,,,,,,,,,,,,,,,,,,,,,,,,,,,,,,,,,,,,,,,,,,,,,,,,,,,,,,,,,,,,,,,,,,,,,,,,,,,,,,,,,,
TT.A4970022,5901597256458,,End cap CORNER14 GEN2 with hole grey E/F 10set L+R,"Zaključni element (kapa), CORNER14 GEN2, z luknjo, siv, 1/10, (R2)",00001602,91086973,,kom,94059200,PL,0.02,,0.02,,0,,10,mm,100,mm,160,mm,,,,,1.24,,,,22,0,,,,,,,,,,,,,,,,,,,,,,,,,,,,,,,,,,,,,,,,,,,,,,,,,,,,,,,,,,,,,,,,,,,,,,,,,,,,,,,,,,,,,,,,,,,,,,,,,,,,,,,,,,,,,,,,,,,,,,,,,,,,,,,,,,,,,,,,,,,,,,,,,,,,,,,,,,,,,,,,,,,,,,,,,,,,,,,,,,,,
TT.A4970040,5901597256465,,End cap CORNER14 GEN2 with hole silver E/F 10set L+R,"Zaključni element (kapa), CORNER14 GEN2, z luknjo, srebrn, 1/10, (R2)",00001602,91086973,,kom,94059200,PL,0.02,,0.02,,0,,10,mm,100,mm,160,mm,,,,,1.36,,,,22,0,,,,,,,,,,,,,,,,,,,,,,,,,,,,,,,,,,,,,,,,,,,,,,,,,,,,,,,,,,,,,,,,,,,,,,,,,,,,,,,,,,,,,,,,,,,,,,,,,,,,,,,,,,,,,,,,,,,,,,,,,,,,,,,,,,,,,,,,,,,,,,,,,,,,,,,,,,,,,,,,,,,,,,,,,,,,,,,,,,,,
TT.A4980001,5901597256359,,End cap CORNER14 GEN2 white E/F 10set L+R,"Zaključni element (kapa), CORNER14 GEN2, bel, 1/10, (R2)",00001602,91086973,,kom,94059200,PL,0.01,,0.01,,0,,10,mm,100,mm,160,mm,,,,,1.24,,,,22,0,,,,,,,,,,,,,,,,,,,,,,,,,,,,,,,,,,,,,,,,,,,,,,,,,,,,,,,,,,,,,,,,,,,,,,,,,,,,,,,,,,,,,,,,,,,,,,,,,,,,,,,,,,,,,,,,,,,,,,,,,,,,,,,,,,,,,,,,,,,,,,,,,,,,,,,,,,,,,,,,,,,,,,,,,,,,,,,,,,,,
TT.A4980002,5901597256366,,End cap CORNER14 GEN2 black E/F 10set L+R,"Zaključni element (kapa), CORNER14 GEN2, črn, 1/10, (R2)",00001602,91086973,,kom,94059200,PL,0.01,,0.01,,0,,10,mm,100,mm,160,mm,,,,,1.24,,,,22,0,,,,,,,,,,,,,,,,,,,,,,,,,,,,,,,,,,,,,,,,,,,,,,,,,,,,,,,,,,,,,,,,,,,,,,,,,,,,,,,,,,,,,,,,,,,,,,,,,,,,,,,,,,,,,,,,,,,,,,,,,,,,,,,,,,,,,,,,,,,,,,,,,,,,,,,,,,,,,,,,,,,,,,,,,,,,,,,,,,,,
TT.A4980022,5901597256373,,End cap CORNER14 GEN2 grey E/F 10set L+R,"Zaključni element (kapa), CORNER14 GEN2, siv, 1/10, (R2)",00001602,91086973,,kom,94059200,PL,0.01,,0.01,,0,,10,mm,100,mm,160,mm,,,,,1.24,,,,22,0,,,,,,,,,,,,,,,,,,,,,,,,,,,,,,,,,,,,,,,,,,,,,,,,,,,,,,,,,,,,,,,,,,,,,,,,,,,,,,,,,,,,,,,,,,,,,,,,,,,,,,,,,,,,,,,,,,,,,,,,,,,,,,,,,,,,,,,,,,,,,,,,,,,,,,,,,,,,,,,,,,,,,,,,,,,,,,,,,,,,
TT.A4980040,5901597256380,,End cap CORNER14 GEN2 silver E/F 10set L+R,"Zaključni element (kapa), CORNER14 GEN2, srebrn, 1/10, (R2)",00001602,91086973,,kom,94059200,PL,0.01,,0.01,,0,,10,mm,100,mm,160,mm,,,,,1.36,,,,22,0,,,,,,,,,,,,,,,,,,,,,,,,,,,,,,,,,,,,,,,,,,,,,,,,,,,,,,,,,,,,,,,,,,,,,,,,,,,,,,,,,,,,,,,,,,,,,,,,,,,,,,,,,,,,,,,,,,,,,,,,,,,,,,,,,,,,,,,,,,,,,,,,,,,,,,,,,,,,,,,,,,,,,,,,,,,,,,,,,,,,
TT.A4990001,5901597238911,,Corner connector CORNER14 90° white,"Kotni element 90° CORNER14, za LED profil, bel, (R2)",00001602,91086973,,kom,83024900,PL,0.087,,0.087,,0,,10,mm,100,mm,160,mm,,,,,15.48,,,,22,10,,,,,,,,,,,,,,,,,,,,,,,,,,,,,,,,,,,,,,,,,,,,,,,,,,,,,,,,,,,,,,,,,,,,,,,,,,,,,,,,,,,,,,,,,,,,,,,,,,,,,,,,,,,,,,,,,,,,,,,,,,,,,,,,,,,,,,,,,,,,,,,,,,,,,,,,,,,,,,,,,,,,,,,,,,,,,,,,,,,,
TT.A4990020,5901597238928,,Corner connector CORNER14 90° alu,"Kotni element 90° CORNER14, za LED profil, alu, (R2)",00001602,91086973,,kom,83024900,PL,0.034,,0.034,,0,,10,mm,100,mm,160,mm,,,,,14.28,,,,22,10,,,,,,,,,,,,,,,,,,,,,,,,,,,,,,,,,,,,,,,,,,,,,,,,,,,,,,,,,,,,,,,,,,,,,,,,,,,,,,,,,,,,,,,,,,,,,,,,,,,,,,,,,,,,,,,,,,,,,,,,,,,,,,,,,,,,,,,,,,,,,,,,,,,,,,,,,,,,,,,,,,,,,,,,,,,,,,,,,,,,
TT.A4990021,5901597238935,,Corner connector CORNER14 90° black,"Kotni element 90° CORNER14, za LED profil, črn, (R2)",00001602,91086973,,kom,83024900,PL,0.094,,0.094,,0,,10,mm,100,mm,160,mm,,,,,14.49,,,,22,10,,,,,,,,,,,,,,,,,,,,,,,,,,,,,,,,,,,,,,,,,,,,,,,,,,,,,,,,,,,,,,,,,,,,,,,,,,,,,,,,,,,,,,,,,,,,,,,,,,,,,,,,,,,,,,,,,,,,,,,,,,,,,,,,,,,,,,,,,,,,,,,,,,,,,,,,,,,,,,,,,,,,,,,,,,,,,,,,,,,,
TT.A9020000,5901597206293,,LED profile EDGE10 for glass BC alu raw 2m,"LED profil, EDGE10, za steklo, BC, alu surov, 2m, 1/30, (R2)",00001602,91086973,,m,76042100,PL,0,,0,,0,,2000,mm,31.8,mm,55.4,mm,,,,,6.71,,,,22,0,,,,,,,,,,,,,,,,,,,,,,,,,,,,,,,,,,,,,,,,,,,,,,,,,,,,,,,,,,,,,,,,,,,,,,,,,,,,,,,,,,,,,,,,,,,,,,,,,,,,,,,,,,,,,,,,,,,,,,,,,,,,,,,,,,,,,,,,,,,,,,,,,,,,,,,,,,,,,,,,,,,,,,,,,,,,,,,,,,,,
TT.A9020001,5901597206361,,LED profile EDGE10 for glass BC white mat 2m,"LED profil, EDGE10, za steklo, BC, bel mat, 2m, 1/50, (R2)",00001602,91086973,,m,76042100,PL,0,,0.408,,0,,2000,mm,18.4,mm,22.5,mm,,,,,14.57,,,,22,0,,,,,,,,,,,,,,,,,,,,,,,,,,,,,,,,,,,,,,,,,,,,,,,,,,,,,,,,,,,,,,,,,,,,,,,,,,,,,,,,,,,,,,,,,,,,,,,,,,,,,,,,,,,,,,,,,,,,,,,,,,,,,,,,,,,,,,,,,,,,,,,,,,,,,,,,,,,,,,,,,,,,,,,,,,,,,,,,,,,,
TT.A9020020,5901597206354,,LED profile EDGE10 for glass BC alu anodized 2m,"LED profil, EDGE10, za steklo, BC, alu anodiziran, 2m, 1/30, (R2)",00001602,91086973,,m,76042100,PL,0,,0.408,,0,,2000,mm,18.4,mm,22.5,mm,,,,,9.64,,,,22,0,,,,,,,,,,,,,,,,,,,,,,,,,,,,,,,,,,,,,,,,,,,,,,,,,,,,,,,,,,,,,,,,,,,,,,,,,,,,,,,,,,,,,,,,,,,,,,,,,,,,,,,,,,,,,,,,,,,,,,,,,,,,,,,,,,,,,,,,,,,,,,,,,,,,,,,,,,,,,,,,,,,,,,,,,,,,,,,,,,,,
TT.A9020021,5901597206378,,LED profile EDGE10 for glass BC black anodized 2m,"LED profil, EDGE10, za steklo, BC, črn anodiziran, 2m, 1/50, (R2)",00001602,91086973,,m,76042100,PL,0,,0.408,,0,,2000,mm,18.4,mm,22.5,mm,,,,,11.84,,,,22,0,,,,,,,,,,,,,,,,,,,,,,,,,,,,,,,,,,,,,,,,,,,,,,,,,,,,,,,,,,,,,,,,,,,,,,,,,,,,,,,,,,,,,,,,,,,,,,,,,,,,,,,,,,,,,,,,,,,,,,,,,,,,,,,,,,,,,,,,,,,,,,,,,,,,,,,,,,,,,,,,,,,,,,,,,,,,,,,,,,,,
TT.A9950001,5901597245049,,End cap EDGE10 GEN2 with hole white B/C 10set L+R,"Zaključni element (kapa), EDGE10 GEN2, z luknjo, bel, 1/10, (R2)",00001602,91086973,,kom,94059200,PL,0.01,,0.01,,0,,10,mm,100,mm,160,mm,,,,,1.04,,,,22,0,,,,,,,,,,,,,,,,,,,,,,,,,,,,,,,,,,,,,,,,,,,,,,,,,,,,,,,,,,,,,,,,,,,,,,,,,,,,,,,,,,,,,,,,,,,,,,,,,,,,,,,,,,,,,,,,,,,,,,,,,,,,,,,,,,,,,,,,,,,,,,,,,,,,,,,,,,,,,,,,,,,,,,,,,,,,,,,,,,,,
TT.A9950002,5901597256281,,End cap EDGE10 GEN2 with hole black B/C 10set L+R,"Zaključni element (kapa), EDGE10 GEN2, z luknjo, črn, 1/10, (R2)",00001602,91086973,,kom,94059200,PL,0.01,,0.01,,0,,10,mm,100,mm,160,mm,,,,,1.04,,,,22,0,,,,,,,,,,,,,,,,,,,,,,,,,,,,,,,,,,,,,,,,,,,,,,,,,,,,,,,,,,,,,,,,,,,,,,,,,,,,,,,,,,,,,,,,,,,,,,,,,,,,,,,,,,,,,,,,,,,,,,,,,,,,,,,,,,,,,,,,,,,,,,,,,,,,,,,,,,,,,,,,,,,,,,,,,,,,,,,,,,,,
TT.A9950022,5901597256298,,End cap EDGE10 GEN2 with hole grey B/C 10set L+R,"Zaključni element (kapa), EDGE10 GEN2, z luknjo, siv, 1/10, (R2)",00001602,91086973,,kom,94059200,PL,0.01,,0.01,,0,,10,mm,100,mm,160,mm,,,,,1.04,,,,22,0,,,,,,,,,,,,,,,,,,,,,,,,,,,,,,,,,,,,,,,,,,,,,,,,,,,,,,,,,,,,,,,,,,,,,,,,,,,,,,,,,,,,,,,,,,,,,,,,,,,,,,,,,,,,,,,,,,,,,,,,,,,,,,,,,,,,,,,,,,,,,,,,,,,,,,,,,,,,,,,,,,,,,,,,,,,,,,,,,,,,
TT.A9950040,5901597256304,,End cap EDGE10 GEN2 with hole silver B/C 10set L+R,"Zaključni element (kapa), EDGE10 GEN2, z luknjo, srebrn, 1/10, (R2)",00001602,91086973,,kom,94059200,PL,0.01,,0.01,,0,,10,mm,100,mm,160,mm,,,,,1.14,,,,22,0,,,,,,,,,,,,,,,,,,,,,,,,,,,,,,,,,,,,,,,,,,,,,,,,,,,,,,,,,,,,,,,,,,,,,,,,,,,,,,,,,,,,,,,,,,,,,,,,,,,,,,,,,,,,,,,,,,,,,,,,,,,,,,,,,,,,,,,,,,,,,,,,,,,,,,,,,,,,,,,,,,,,,,,,,,,,,,,,,,,,
TT.B1020020,5901597206316,,LED profile FLOOR12 recessed K/U alu anodized 2m,"LED profil, FLOOR12, vgradni, K/U, alu anodiziran, 2m, 1/50, (R2)",00001602,91086973,,m,76042100,PL,0,,0.86,,0,,2000,mm,15.8,mm,16.1,mm,,,,,9.83,,,,22,0,,,,,,,,,,,,,,,,,,,,,,,,,,,,,,,,,,,,,,,,,,,,,,,,,,,,,,,,,,,,,,,,,,,,,,,,,,,,,,,,,,,,,,,,,,,,,,,,,,,,,,,,,,,,,,,,,,,,,,,,,,,,,,,,,,,,,,,,,,,,,,,,,,,,,,,,,,,,,,,,,,,,,,,,,,,,,,,,,,,,
TT.B1040038,5901597217336,,Cover type K click milky transparent mat 2m,Pokrov tip K na klik PC mlečno prozoren mat 2m,00001602,91086973,,m,94059200,PL,0.04,,0.04,,0,,13.1,2000,1,2000,0,2000,,,,,9.52,,,,22,0,,,,,,,,,,,,,,,,,,,,,,,,,,,,,,,,,,,,,,,,,,,,,,,,,,,,,,,,,,,,,,,,,,,,,,,,,,,,,,,,,,,,,,,,,,,,,,,,,,,,,,,,,,,,,,,,,,,,,,,,,,,,,,,,,,,,,,,,,,,,,,,,,,,,,,,,,,,,,,,,,,,,,,,,,,,,,,,,,,,,
TT.B1050038,5901597246497,,Cover type K click milky transparent mat 3m,Pokrov tip K PC mlečno prozoren mat 3m,00001602,91086973,,m,94059200,PL,0.04,,0.04,,0,,13.1,3000,1,3000,0,3000,,,,,9.46,,,,22,0,,,,,,,,,,,,,,,,,,,,,,,,,,,,,,,,,,,,,,,,,,,,,,,,,,,,,,,,,,,,,,,,,,,,,,,,,,,,,,,,,,,,,,,,,,,,,,,,,,,,,,,,,,,,,,,,,,,,,,,,,,,,,,,,,,,,,,,,,,,,,,,,,,,,,,,,,,,,,,,,,,,,,,,,,,,,,,,,,,,,
TT.B1080020,5901597250319,,LED profile FLOOR12 recessed K/U alu anodized 3m,"LED profil, FLOOR12, vgradni, K/U, alu anodiziran, 3m, (R2)",00001602,91086973,,m,76042100,PL,0,,1.29,,0,,3000,mm,15.8,mm,16.1,mm,,,,,10.78,,,,22,0,,,,,,,,,,,,,,,,,,,,,,,,,,,,,,,,,,,,,,,,,,,,,,,,,,,,,,,,,,,,,,,,,,,,,,,,,,,,,,,,,,,,,,,,,,,,,,,,,,,,,,,,,,,,,,,,,,,,,,,,,,,,,,,,,,,,,,,,,,,,,,,,,,,,,,,,,,,,,,,,,,,,,,,,,,,,,,,,,,,,
TT.B1830000,5901597215240,,Seal FLOOR12 transparent 2pcs,"Tesnilo FLOOR12, za LED profil, prozorno, (R2)",00001602,91086973,,kom,83024900,PL,0.002,,0.002,,0,,10,mm,100,mm,160,mm,,,,,4.26,,,,22,100,,,,,,,,,,,,,,,,,,,,,,,,,,,,,,,,,,,,,,,,,,,,,,,,,,,,,,,,,,,,,,,,,,,,,,,,,,,,,,,,,,,,,,,,,,,,,,,,,,,,,,,,,,,,,,,,,,,,,,,,,,,,,,,,,,,,,,,,,,,,,,,,,,,,,,,,,,,,,,,,,,,,,,,,,,,,,,,,,,,,
TT.B1940022,5901597205685,,End cap FLOOR12 grey K 20pcs,"Zaključni element (kapa), FLOOR12, siv, 1/10, (R2)",00001602,91086973,,kom,94059200,PL,0.01,,0.01,,0,,10,mm,100,mm,160,mm,,,,,0.6,,,,22,0,,,,,,,,,,,,,,,,,,,,,,,,,,,,,,,,,,,,,,,,,,,,,,,,,,,,,,,,,,,,,,,,,,,,,,,,,,,,,,,,,,,,,,,,,,,,,,,,,,,,,,,,,,,,,,,,,,,,,,,,,,,,,,,,,,,,,,,,,,,,,,,,,,,,,,,,,,,,,,,,,,,,,,,,,,,,,,,,,,,,
TT.B1940040,5901597205708,,End cap FLOOR12 silver K 20pcs,"Zaključni element (kapa), FLOOR12, srebrn, 1/10, (R2)",00001602,91086973,,kom,94059200,PL,0.01,,0.01,,0,,10,mm,100,mm,160,mm,,,,,0.68,,,,22,0,,,,,,,,,,,,,,,,,,,,,,,,,,,,,,,,,,,,,,,,,,,,,,,,,,,,,,,,,,,,,,,,,,,,,,,,,,,,,,,,,,,,,,,,,,,,,,,,,,,,,,,,,,,,,,,,,,,,,,,,,,,,,,,,,,,,,,,,,,,,,,,,,,,,,,,,,,,,,,,,,,,,,,,,,,,,,,,,,,,,
TT.B1960022,5901597205890,,End cap FLOOR12 with hole grey K 20pcs,"Zaključni element (kapa), FLOOR12, z luknjo, siv, 1/10, (R2)",00001602,91086973,,kom,94059200,PL,0.01,,0.01,,0,,10,mm,100,mm,160,mm,,,,,0.6,,,,22,0,,,,,,,,,,,,,,,,,,,,,,,,,,,,,,,,,,,,,,,,,,,,,,,,,,,,,,,,,,,,,,,,,,,,,,,,,,,,,,,,,,,,,,,,,,,,,,,,,,,,,,,,,,,,,,,,,,,,,,,,,,,,,,,,,,,,,,,,,,,,,,,,,,,,,,,,,,,,,,,,,,,,,,,,,,,,,,,,,,,,
TT.B1960040,5901597205913,,End cap FLOOR12 with hole silver K 20pcs,"Zaključni element (kapa), FLOOR12, z luknjo, srebrn, 1/10, (R2)",00001602,91086973,,kom,94059200,PL,0.01,,0.01,,0,,10,mm,100,mm,160,mm,,,,,0.68,,,,22,0,,,,,,,,,,,,,,,,,,,,,,,,,,,,,,,,,,,,,,,,,,,,,,,,,,,,,,,,,,,,,,,,,,,,,,,,,,,,,,,,,,,,,,,,,,,,,,,,,,,,,,,,,,,,,,,,,,,,,,,,,,,,,,,,,,,,,,,,,,,,,,,,,,,,,,,,,,,,,,,,,,,,,,,,,,,,,,,,,,,,
TT.B2010000,5901597217312,,LED profile ARC12 purpose-made CD/U5 alu raw 2m,"LED profil, ARC12, namenski, CD/U5, alu surov, 2m, 1/50, (R2)",00001602,91086973,,m,76042100,PL,0,,0.3,,0,,2000,mm,20,mm,3.3,mm,,,,,2.91,,,,22,0,,,,,,,,,,,,,,,,,,,,,,,,,,,,,,,,,,,,,,,,,,,,,,,,,,,,,,,,,,,,,,,,,,,,,,,,,,,,,,,,,,,,,,,,,,,,,,,,,,,,,,,,,,,,,,,,,,,,,,,,,,,,,,,,,,,,,,,,,,,,,,,,,,,,,,,,,,,,,,,,,,,,,,,,,,,,,,,,,,,,
TT.B2010001,5901597229308,,LED profile ARC12 purpose-made CD/U5 white mat 2m,"LED profil, ARC12, namenski, CD/U5, bel mat, 2m, 1/100, (R2)",00001602,91086973,,m,76042100,PL,0,,0.145,,0,,2000,mm,20,mm,3.3,mm,,,,,6.24,,,,22,0,,,,,,,,,,,,,,,,,,,,,,,,,,,,,,,,,,,,,,,,,,,,,,,,,,,,,,,,,,,,,,,,,,,,,,,,,,,,,,,,,,,,,,,,,,,,,,,,,,,,,,,,,,,,,,,,,,,,,,,,,,,,,,,,,,,,,,,,,,,,,,,,,,,,,,,,,,,,,,,,,,,,,,,,,,,,,,,,,,,,
TT.B2010002,5901597229322,,LED profile ARC12 purpose-made CD/U5 black 2m,"LED profil, ARC12, namenski, CD/U5, črn, 2m, 1/100, (R2)",00001602,91086973,,m,76042100,PL,0,,0.145,,0,,2000,mm,20,mm,3.3,mm,,,,,6.24,,,,22,0,,,,,,,,,,,,,,,,,,,,,,,,,,,,,,,,,,,,,,,,,,,,,,,,,,,,,,,,,,,,,,,,,,,,,,,,,,,,,,,,,,,,,,,,,,,,,,,,,,,,,,,,,,,,,,,,,,,,,,,,,,,,,,,,,,,,,,,,,,,,,,,,,,,,,,,,,,,,,,,,,,,,,,,,,,,,,,,,,,,,
TT.B2010020,5901597229285,,LED profile ARC12 purpose-made CD/U5 alu anodized 2m,"LED profil, ARC12, namenski, CD/U5, alu anodiziran, 2m, 1/50, (R2)",00001602,91086973,,m,76042100,PL,0,,0.145,,0,,2000,mm,20,mm,3.3,mm,,,,,4.39,,,,22,0,,,,,,,,,,,,,,,,,,,,,,,,,,,,,,,,,,,,,,,,,,,,,,,,,,,,,,,,,,,,,,,,,,,,,,,,,,,,,,,,,,,,,,,,,,,,,,,,,,,,,,,,,,,,,,,,,,,,,,,,,,,,,,,,,,,,,,,,,,,,,,,,,,,,,,,,,,,,,,,,,,,,,,,,,,,,,,,,,,,,
TT.B2020001,5901597200178,,End cap ARC12 white C 20pcs,"Zaključni element (kapa), ARC12, bel, 1/10, (R2)",00001602,91086973,,kom,94059200,PL,0.01,,0.01,,0,,10,mm,100,mm,160,mm,,,,,,,,,22,0,,,,,,,,,,,,,,,,,,,,,,,,,,,,,,,,,,,,,,,,,,,,,,,,,,,,,,,,,,,,,,,,,,,,,,,,,,,,,,,,,,,,,,,,,,,,,,,,,,,,,,,,,,,,,,,,,,,,,,,,,,,,,,,,,,,,,,,,,,,,,,,,,,,,,,,,,,,,,,,,,,,,,,,,,,,,,,,,,,,,
TT.B2920001,5901597237488,,Mounting plate U5 side white 20pcs,"Montažna ploščica U5, za LED profil, stranska (SIDE), bela, (R2)",00001602,91086973,,kom,83024900,PL,0.086,,0.086,,0,,10,mm,100,mm,160,mm,,,,,6.6,,,,22,10,,,,,,,,,,,,,,,,,,,,,,,,,,,,,,,,,,,,,,,,,,,,,,,,,,,,,,,,,,,,,,,,,,,,,,,,,,,,,,,,,,,,,,,,,,,,,,,,,,,,,,,,,,,,,,,,,,,,,,,,,,,,,,,,,,,,,,,,,,,,,,,,,,,,,,,,,,,,,,,,,,,,,,,,,,,,,,,,,,,,
TT.B2920002,5901597237495,,Mounting plate U5 side black 20pcs,"Montažna ploščica U5, za LED profil, stranska (SIDE), črna, (R2)",00001602,91086973,,kom,83024900,PL,0.095,,0.095,,0,,10,mm,100,mm,160,mm,,,,,6.56,,,,22,10,,,,,,,,,,,,,,,,,,,,,,,,,,,,,,,,,,,,,,,,,,,,,,,,,,,,,,,,,,,,,,,,,,,,,,,,,,,,,,,,,,,,,,,,,,,,,,,,,,,,,,,,,,,,,,,,,,,,,,,,,,,,,,,,,,,,,,,,,,,,,,,,,,,,,,,,,,,,,,,,,,,,,,,,,,,,,,,,,,,,
TT.B2920022,5901597237501,,,"Montažna ploščica U5, za LED profil, stranska (SIDE), srebrna, (R2)",00001602,91086973,,kom,83024900,PL,0.014,,0.014,,0,,10,mm,100,mm,160,mm,,,,,8.76,,,,22,10,,,,,,,,,,,,,,,,,,,,,,,,,,,,,,,,,,,,,,,,,,,,,,,,,,,,,,,,,,,,,,,,,,,,,,,,,,,,,,,,,,,,,,,,,,,,,,,,,,,,,,,,,,,,,,,,,,,,,,,,,,,,,,,,,,,,,,,,,,,,,,,,,,,,,,,,,,,,,,,,,,,,,,,,,,,,,,,,,,,,
TT.B2940019,5901597200116,,Mounting plate U5 CONE inox 20pcs,"Montažna ploščica U5, za LED profil, poglobljena (CONE), inox, (R2)",00001602,91086973,,kom,83024900,PL,0.03,,0.03,,0,,10,mm,100,mm,160,mm,,,,,1.44,,,,22,10,,,,,,,,,,,,,,,,,,,,,,,,,,,,,,,,,,,,,,,,,,,,,,,,,,,,,,,,,,,,,,,,,,,,,,,,,,,,,,,,,,,,,,,,,,,,,,,,,,,,,,,,,,,,,,,,,,,,,,,,,,,,,,,,,,,,,,,,,,,,,,,,,,,,,,,,,,,,,,,,,,,,,,,,,,,,,,,,,,,,
TT.B2960001,3830078330382,,End cap ARC12 white C 20pcs,"Zaključni element (kapa), ARC12, bel, 1/10, (R2)",00001602,91086973,,kom,94059200,PL,0.0005,,0.0005,,0,,10,mm,100,mm,160,mm,,,,,0.52,,,,22,0,,,,,,,,,,,,,,,,,,,,,,,,,,,,,,,,,,,,,,,,,,,,,,,,,,,,,,,,,,,,,,,,,,,,,,,,,,,,,,,,,,,,,,,,,,,,,,,,,,,,,,,,,,,,,,,,,,,,,,,,,,,,,,,,,,,,,,,,,,,,,,,,,,,,,,,,,,,,,,,,,,,,,,,,,,,,,,,,,,,,
TT.B2960002,5901597221289,,End cap ARC12 black C 20pcs,"Zaključni element (kapa), ARC12, črn, 1/10, (R2)",00001602,91086973,,kom,94059200,PL,0.01,,0.01,,0,,10,mm,100,mm,160,mm,,,,,0.52,,,,22,0,,,,,,,,,,,,,,,,,,,,,,,,,,,,,,,,,,,,,,,,,,,,,,,,,,,,,,,,,,,,,,,,,,,,,,,,,,,,,,,,,,,,,,,,,,,,,,,,,,,,,,,,,,,,,,,,,,,,,,,,,,,,,,,,,,,,,,,,,,,,,,,,,,,,,,,,,,,,,,,,,,,,,,,,,,,,,,,,,,,,
TT.B2960040,5901597239581,,End cap ARC12 silver C 20pcs,"Zaključni element (kapa), ARC12, srebrn, 1/10, (R2)",00001602,91086973,,kom,94059200,PL,0.01,,0.01,,0,,10,mm,100,mm,160,mm,,,,,0.56,,,,22,0,,,,,,,,,,,,,,,,,,,,,,,,,,,,,,,,,,,,,,,,,,,,,,,,,,,,,,,,,,,,,,,,,,,,,,,,,,,,,,,,,,,,,,,,,,,,,,,,,,,,,,,,,,,,,,,,,,,,,,,,,,,,,,,,,,,,,,,,,,,,,,,,,,,,,,,,,,,,,,,,,,,,,,,,,,,,,,,,,,,,
TT.B2980002,5901597236351,,End cap ARC12D black D 20pcs,"Zaključni element (kapa), ARC12D, črn, 1/10, (R2)",00001602,91086973,,kom,94059200,PL,0.02,,0.02,,0,,10,mm,100,mm,160,mm,,,,,0.62,,,,22,0,,,,,,,,,,,,,,,,,,,,,,,,,,,,,,,,,,,,,,,,,,,,,,,,,,,,,,,,,,,,,,,,,,,,,,,,,,,,,,,,,,,,,,,,,,,,,,,,,,,,,,,,,,,,,,,,,,,,,,,,,,,,,,,,,,,,,,,,,,,,,,,,,,,,,,,,,,,,,,,,,,,,,,,,,,,,,,,,,,,,
TT.B2980022,5901597221302,,End cap ARC12D grey D 20pcs,"Zaključni element (kapa), ARC12D, siv, 1/10, (R2)",00001602,91086973,,kom,94059200,PL,0.02,,0.02,,0,,10,mm,100,mm,160,mm,,,,,0.62,,,,22,0,,,,,,,,,,,,,,,,,,,,,,,,,,,,,,,,,,,,,,,,,,,,,,,,,,,,,,,,,,,,,,,,,,,,,,,,,,,,,,,,,,,,,,,,,,,,,,,,,,,,,,,,,,,,,,,,,,,,,,,,,,,,,,,,,,,,,,,,,,,,,,,,,,,,,,,,,,,,,,,,,,,,,,,,,,,,,,,,,,,,
TT.B3510020,5901597217275,,LED profile AMBI12 purpose-made C alu anodized 2m,"LED profil, AMBI12, namenski, C, alu anodiziran, 2m, 1/50, (R2)",00001602,91086973,,m,76042100,PL,0,,0.98,,0,,2000,mm,10,mm,33,mm,,,,,12.27,,,,22,0,,,,,,,,,,,,,,,,,,,,,,,,,,,,,,,,,,,,,,,,,,,,,,,,,,,,,,,,,,,,,,,,,,,,,,,,,,,,,,,,,,,,,,,,,,,,,,,,,,,,,,,,,,,,,,,,,,,,,,,,,,,,,,,,,,,,,,,,,,,,,,,,,,,,,,,,,,,,,,,,,,,,,,,,,,,,,,,,,,,,
TT.B8020000,5901597239352,,LED profile WALLE12 purpose-made BCD alu raw 2m,"LED profil, WALLE12, namenski, BCD, alu surov, 2m, 1/30, (R2)",00001602,91086973,,m,76042100,PL,0,,0,,0,,3000,mm,12.6,mm,38.6,mm,,,,,9.12,,,,22,0,,,,,,,,,,,,,,,,,,,,,,,,,,,,,,,,,,,,,,,,,,,,,,,,,,,,,,,,,,,,,,,,,,,,,,,,,,,,,,,,,,,,,,,,,,,,,,,,,,,,,,,,,,,,,,,,,,,,,,,,,,,,,,,,,,,,,,,,,,,,,,,,,,,,,,,,,,,,,,,,,,,,,,,,,,,,,,,,,,,,
TT.B8020020,5901597208969,,LED profile WALLE12 purpose-made BCD alu anodized 2m,"LED profil, WALLE12, namenski, BCD, alu anodiziran, 2m, 1/30, (R2)",00001602,91086973,,m,76042100,PL,0,,1.2,,0,,2000,mm,17.8,mm,55,mm,,,,,13.91,,,,22,0,,,,,,,,,,,,,,,,,,,,,,,,,,,,,,,,,,,,,,,,,,,,,,,,,,,,,,,,,,,,,,,,,,,,,,,,,,,,,,,,,,,,,,,,,,,,,,,,,,,,,,,,,,,,,,,,,,,,,,,,,,,,,,,,,,,,,,,,,,,,,,,,,,,,,,,,,,,,,,,,,,,,,,,,,,,,,,,,,,,,
TT.B8040020,5901597208983,,Cover WALLE12 alu anodized 2m,Pokrov WALLE12 aluminij alu anodiziran 2m,00001602,91086973,,m,94059200,PL,0.4,,0.4,,0,,46,2000,2,2000,0,2000,,,,,10.01,,,,22,0,,,,,,,,,,,,,,,,,,,,,,,,,,,,,,,,,,,,,,,,,,,,,,,,,,,,,,,,,,,,,,,,,,,,,,,,,,,,,,,,,,,,,,,,,,,,,,,,,,,,,,,,,,,,,,,,,,,,,,,,,,,,,,,,,,,,,,,,,,,,,,,,,,,,,,,,,,,,,,,,,,,,,,,,,,,,,,,,,,,,
TT.B8060001,5901597217237,,LED profile WALLE12 purpose-made BCD white mat 2m,"LED profil, WALLE12, namenski, BCD, bel mat, 2m, 1/30, (R2)",00001602,91086973,,m,76042100,PL,0,,1.2,,0,,2000,mm,17.8,mm,55,mm,,,,,18.84,,,,22,0,,,,,,,,,,,,,,,,,,,,,,,,,,,,,,,,,,,,,,,,,,,,,,,,,,,,,,,,,,,,,,,,,,,,,,,,,,,,,,,,,,,,,,,,,,,,,,,,,,,,,,,,,,,,,,,,,,,,,,,,,,,,,,,,,,,,,,,,,,,,,,,,,,,,,,,,,,,,,,,,,,,,,,,,,,,,,,,,,,,,
TT.B8080001,5901597217251,,Cover WALLE12 white 2m,Pokrov WALLE12 aluminij bel 2m,00001602,91086973,,m,94059200,PL,0.6,,0.6,,0,,46,2000,2,2000,0,2000,,,,,15.05,,,,22,0,,,,,,,,,,,,,,,,,,,,,,,,,,,,,,,,,,,,,,,,,,,,,,,,,,,,,,,,,,,,,,,,,,,,,,,,,,,,,,,,,,,,,,,,,,,,,,,,,,,,,,,,,,,,,,,,,,,,,,,,,,,,,,,,,,,,,,,,,,,,,,,,,,,,,,,,,,,,,,,,,,,,,,,,,,,,,,,,,,,,
TT.B8890001,5901597202738,,End cap WALLE12 white D L+R,"Zaključni element (kapa), WALLE12, bel, 1/10, (R2)",00001602,91086973,,kom,94059200,PL,0.05,,0.05,,0,,10,mm,100,mm,160,mm,,,,,2.06,,,,22,0,,,,,,,,,,,,,,,,,,,,,,,,,,,,,,,,,,,,,,,,,,,,,,,,,,,,,,,,,,,,,,,,,,,,,,,,,,,,,,,,,,,,,,,,,,,,,,,,,,,,,,,,,,,,,,,,,,,,,,,,,,,,,,,,,,,,,,,,,,,,,,,,,,,,,,,,,,,,,,,,,,,,,,,,,,,,,,,,,,,,
TT.B8890022,5901597202806,,End cap WALLE12 grey D L+R,"Zaključni element (kapa), WALLE12, siv, 1/10, (R2)",00001602,91086973,,kom,94059200,PL,0.05,,0.05,,0,,10,mm,100,mm,160,mm,,,,,2.06,,,,22,0,,,,,,,,,,,,,,,,,,,,,,,,,,,,,,,,,,,,,,,,,,,,,,,,,,,,,,,,,,,,,,,,,,,,,,,,,,,,,,,,,,,,,,,,,,,,,,,,,,,,,,,,,,,,,,,,,,,,,,,,,,,,,,,,,,,,,,,,,,,,,,,,,,,,,,,,,,,,,,,,,,,,,,,,,,,,,,,,,,,,
TT.B8890040,5901597202752,,End cap WALLE12 silver D L+R,"Zaključni element (kapa), WALLE12, srebrn, 1/10, (R2)",00001602,91086973,,kom,94059200,PL,0.05,,0.05,,0,,10,mm,100,mm,160,mm,,,,,2.26,,,,22,0,,,,,,,,,,,,,,,,,,,,,,,,,,,,,,,,,,,,,,,,,,,,,,,,,,,,,,,,,,,,,,,,,,,,,,,,,,,,,,,,,,,,,,,,,,,,,,,,,,,,,,,,,,,,,,,,,,,,,,,,,,,,,,,,,,,,,,,,,,,,,,,,,,,,,,,,,,,,,,,,,,,,,,,,,,,,,,,,,,,,
TT.B8900001,5901597201939,,End cap WALLE12 white B/C L+R,"Zaključni element (kapa), WALLE12, bel, 1/10, (R2)",00001602,91086973,,kom,94059200,PL,0.05,,0.05,,0,,10,mm,100,mm,160,mm,,,,,2.06,,,,22,0,,,,,,,,,,,,,,,,,,,,,,,,,,,,,,,,,,,,,,,,,,,,,,,,,,,,,,,,,,,,,,,,,,,,,,,,,,,,,,,,,,,,,,,,,,,,,,,,,,,,,,,,,,,,,,,,,,,,,,,,,,,,,,,,,,,,,,,,,,,,,,,,,,,,,,,,,,,,,,,,,,,,,,,,,,,,,,,,,,,,
TT.B8900022,5901597203384,,End cap WALLE12 grey B/C L+R,"Zaključni element (kapa), WALLE12, siv, 1/10, (R2)",00001602,91086973,,kom,94059200,PL,0.05,,0.05,,0,,10,mm,100,mm,160,mm,,,,,2.06,,,,22,0,,,,,,,,,,,,,,,,,,,,,,,,,,,,,,,,,,,,,,,,,,,,,,,,,,,,,,,,,,,,,,,,,,,,,,,,,,,,,,,,,,,,,,,,,,,,,,,,,,,,,,,,,,,,,,,,,,,,,,,,,,,,,,,,,,,,,,,,,,,,,,,,,,,,,,,,,,,,,,,,,,,,,,,,,,,,,,,,,,,,
TT.B8900040,5901597203377,,End cap WALLE12 silver B/C L+R,"Zaključni element (kapa), WALLE12, srebrn, 1/10, (R2)",00001602,91086973,,kom,94059200,PL,0.05,,0.05,,0,,10,mm,100,mm,160,mm,,,,,2.26,,,,22,0,,,,,,,,,,,,,,,,,,,,,,,,,,,,,,,,,,,,,,,,,,,,,,,,,,,,,,,,,,,,,,,,,,,,,,,,,,,,,,,,,,,,,,,,,,,,,,,,,,,,,,,,,,,,,,,,,,,,,,,,,,,,,,,,,,,,,,,,,,,,,,,,,,,,,,,,,,,,,,,,,,,,,,,,,,,,,,,,,,,,
TT.B8910001,5901597239697,,Corner connector WALLE12 90° white,"Kotni element 90° WALLE12, za LED profil, bel, (R2)",00001602,91086973,,kom,83024900,PL,0.013,,0.013,,0,,10,mm,100,mm,160,mm,,,,,35.75,,,,22,10,,,,,,,,,,,,,,,,,,,,,,,,,,,,,,,,,,,,,,,,,,,,,,,,,,,,,,,,,,,,,,,,,,,,,,,,,,,,,,,,,,,,,,,,,,,,,,,,,,,,,,,,,,,,,,,,,,,,,,,,,,,,,,,,,,,,,,,,,,,,,,,,,,,,,,,,,,,,,,,,,,,,,,,,,,,,,,,,,,,,
TT.B8910020,5901597239703,,Corner connector WALLE12 90° alu,"Kotni element 90° WALLE12, za LED profil, alu, (R2)",00001602,91086973,,kom,83024900,PL,0.054,,0.054,,0,,10,mm,100,mm,160,mm,,,,,29.6,,,,22,10,,,,,,,,,,,,,,,,,,,,,,,,,,,,,,,,,,,,,,,,,,,,,,,,,,,,,,,,,,,,,,,,,,,,,,,,,,,,,,,,,,,,,,,,,,,,,,,,,,,,,,,,,,,,,,,,,,,,,,,,,,,,,,,,,,,,,,,,,,,,,,,,,,,,,,,,,,,,,,,,,,,,,,,,,,,,,,,,,,,,
TT.B8950019,5901597208891,,Mounting plate WALLE12 inox,"Montažna ploščica WALLE12, za LED profil, inox, (R2)",00001602,91086973,,kom,83024900,PL,0.045,,0.045,,0,,10,mm,100,mm,160,mm,,,,,1.7,,,,22,100,,,,,,,,,,,,,,,,,,,,,,,,,,,,,,,,,,,,,,,,,,,,,,,,,,,,,,,,,,,,,,,,,,,,,,,,,,,,,,,,,,,,,,,,,,,,,,,,,,,,,,,,,,,,,,,,,,,,,,,,,,,,,,,,,,,,,,,,,,,,,,,,,,,,,,,,,,,,,,,,,,,,,,,,,,,,,,,,,,,,
TT.B9020005S,5901597230489,,"LED profile OUTSTAIRS12 purpose-made BC brass 1,8m","LED profil, OUTSTAIRS12, namenski, BC, medenina, 1,8m, 1/30, (R2)",00001602,91086973,,m,76042100,PL,0,,0.936,,0,,1800,mm,46,mm,15.3,mm,,,,,,,,,22,0,,,,,,,,,,,,,,,,,,,,,,,,,,,,,,,,,,,,,,,,,,,,,,,,,,,,,,,,,,,,,,,,,,,,,,,,,,,,,,,,,,,,,,,,,,,,,,,,,,,,,,,,,,,,,,,,,,,,,,,,,,,,,,,,,,,,,,,,,,,,,,,,,,,,,,,,,,,,,,,,,,,,,,,,,,,,,,,,,,,,
TT.C1020000,5901597209942,,LED profile LINEA20 EFE7/TY alu raw 2m,"LED profil, LINEA20, nadgradni, EFE7/TY, alu surov, 2m, 1/30, (R2)",00001602,91086973,,m,76042100,PL,0,,1.06,,0,,2000,mm,23,mm,25,mm,,,,,8.67,,,,22,0,,,,,,,,,,,,,,,,,,,,,,,,,,,,,,,,,,,,,,,,,,,,,,,,,,,,,,,,,,,,,,,,,,,,,,,,,,,,,,,,,,,,,,,,,,,,,,,,,,,,,,,,,,,,,,,,,,,,,,,,,,,,,,,,,,,,,,,,,,,,,,,,,,,,,,,,,,,,,,,,,,,,,,,,,,,,,,,,,,,,
TT.C1020001,5901597209966,,LED profile LINEA20 EFE7/TY white mat 2m,"LED profil, LINEA20, nadgradni, EFE7/TY, bel mat, 2m, 1/35, (R2)",00001602,91086973,,m,76042100,PL,0,,1.08,,0,,2000,mm,23,mm,25,mm,,,,,19.32,,,,22,0,,,,,,,,,,,,,,,,,,,,,,,,,,,,,,,,,,,,,,,,,,,,,,,,,,,,,,,,,,,,,,,,,,,,,,,,,,,,,,,,,,,,,,,,,,,,,,,,,,,,,,,,,,,,,,,,,,,,,,,,,,,,,,,,,,,,,,,,,,,,,,,,,,,,,,,,,,,,,,,,,,,,,,,,,,,,,,,,,,,,
TT.C1020020,5901597209904,,LED profile LINEA20 EFE7/TY alu anodized 2m,"LED profil, LINEA20, nadgradni, EFE7/TY, alu anodiziran, 2m, 1/30, (R2)",00001602,91086973,,m,76042100,PL,0,,1.06,,0,,2000,mm,23,mm,25,mm,,,,,13.32,,,,22,0,,,,,,,,,,,,,,,,,,,,,,,,,,,,,,,,,,,,,,,,,,,,,,,,,,,,,,,,,,,,,,,,,,,,,,,,,,,,,,,,,,,,,,,,,,,,,,,,,,,,,,,,,,,,,,,,,,,,,,,,,,,,,,,,,,,,,,,,,,,,,,,,,,,,,,,,,,,,,,,,,,,,,,,,,,,,,,,,,,,,
TT.C1020021,5901597209911,,LED profile LINEA20 EFE7/TY black anodized 2m,"LED profil, LINEA20, nadgradni, EFE7/TY, črn anodiziran, 2m, 1/35, (R2)",00001602,91086973,,m,76042100,PL,0,,1.06,,0,,2000,mm,23,mm,25,mm,,,,,17.4,,,,22,0,,,,,,,,,,,,,,,,,,,,,,,,,,,,,,,,,,,,,,,,,,,,,,,,,,,,,,,,,,,,,,,,,,,,,,,,,,,,,,,,,,,,,,,,,,,,,,,,,,,,,,,,,,,,,,,,,,,,,,,,,,,,,,,,,,,,,,,,,,,,,,,,,,,,,,,,,,,,,,,,,,,,,,,,,,,,,,,,,,,,
TT.C1080038,5901597239512,,Cover type E7 click milky transparent mat 2m,Pokrov tip E7 na klik PMMA mlečno prozoren mat 2m,00001602,91086973,,m,94059200,PL,0.295,,0.295,,0,,23,2000,15,2000,0,2000,,,,,10.2,,,,22,0,,,,,,,,,,,,,,,,,,,,,,,,,,,,,,,,,,,,,,,,,,,,,,,,,,,,,,,,,,,,,,,,,,,,,,,,,,,,,,,,,,,,,,,,,,,,,,,,,,,,,,,,,,,,,,,,,,,,,,,,,,,,,,,,,,,,,,,,,,,,,,,,,,,,,,,,,,,,,,,,,,,,,,,,,,,,,,,,,,,,
TT.C1840038,5901597255536,,End cap E7 opal E7 20pcs,"Zaključni element (kapa), E7, opal, 1/10, (R2)",00001602,91086973,,kom,94059200,PL,0.02,,0.02,,0,,10,mm,100,mm,160,mm,,,,,1.28,,,,22,0,,,,,,,,,,,,,,,,,,,,,,,,,,,,,,,,,,,,,,,,,,,,,,,,,,,,,,,,,,,,,,,,,,,,,,,,,,,,,,,,,,,,,,,,,,,,,,,,,,,,,,,,,,,,,,,,,,,,,,,,,,,,,,,,,,,,,,,,,,,,,,,,,,,,,,,,,,,,,,,,,,,,,,,,,,,,,,,,,,,,
TT.C1850001,5901597224877,,Corner connector LINEA20 60° white,"Kotni element 60° LINEA20, za LED profil, bel, (R2)",00001602,91086973,,kom,83024900,PL,0.037,,0.037,,0,,10,mm,100,mm,160,mm,,,,,24.53,,,,22,10,,,,,,,,,,,,,,,,,,,,,,,,,,,,,,,,,,,,,,,,,,,,,,,,,,,,,,,,,,,,,,,,,,,,,,,,,,,,,,,,,,,,,,,,,,,,,,,,,,,,,,,,,,,,,,,,,,,,,,,,,,,,,,,,,,,,,,,,,,,,,,,,,,,,,,,,,,,,,,,,,,,,,,,,,,,,,,,,,,,,
TT.C1850002,5901597224884,,Corner connector LINEA20 60° black,"Kotni element 60° LINEA20, za LED profil, črn, (R2)",00001602,91086973,,kom,83024900,PL,0.037,,0.037,,0,,10,mm,100,mm,160,mm,,,,,22.96,,,,22,10,,,,,,,,,,,,,,,,,,,,,,,,,,,,,,,,,,,,,,,,,,,,,,,,,,,,,,,,,,,,,,,,,,,,,,,,,,,,,,,,,,,,,,,,,,,,,,,,,,,,,,,,,,,,,,,,,,,,,,,,,,,,,,,,,,,,,,,,,,,,,,,,,,,,,,,,,,,,,,,,,,,,,,,,,,,,,,,,,,,,
TT.C1850020,5901597224860,,Corner connector LINEA20 60° alu,"Kotni element 60° LINEA20, za LED profil, alu, (R2)",00001602,91086973,,kom,83024900,PL,0.037,,0.037,,0,,10,mm,100,mm,160,mm,,,,,22.74,,,,22,10,,,,,,,,,,,,,,,,,,,,,,,,,,,,,,,,,,,,,,,,,,,,,,,,,,,,,,,,,,,,,,,,,,,,,,,,,,,,,,,,,,,,,,,,,,,,,,,,,,,,,,,,,,,,,,,,,,,,,,,,,,,,,,,,,,,,,,,,,,,,,,,,,,,,,,,,,,,,,,,,,,,,,,,,,,,,,,,,,,,,
TT.C1860001,5901597224907,,Corner connector LINEA20 90° white,"Kotni element 90° LINEA20, za LED profil, bel, (R2)",00001602,91086973,,kom,83024900,PL,0.037,,0.037,,0,,10,mm,100,mm,160,mm,,,,,26.39,,,,22,10,,,,,,,,,,,,,,,,,,,,,,,,,,,,,,,,,,,,,,,,,,,,,,,,,,,,,,,,,,,,,,,,,,,,,,,,,,,,,,,,,,,,,,,,,,,,,,,,,,,,,,,,,,,,,,,,,,,,,,,,,,,,,,,,,,,,,,,,,,,,,,,,,,,,,,,,,,,,,,,,,,,,,,,,,,,,,,,,,,,,
TT.C1860002,5901597224914,,Corner connector LINEA20 90° black,"Kotni element 90° LINEA20, za LED profil, črn, (R2)",00001602,91086973,,kom,83024900,PL,0.037,,0.037,,0,,10,mm,100,mm,160,mm,,,,,22.93,,,,22,10,,,,,,,,,,,,,,,,,,,,,,,,,,,,,,,,,,,,,,,,,,,,,,,,,,,,,,,,,,,,,,,,,,,,,,,,,,,,,,,,,,,,,,,,,,,,,,,,,,,,,,,,,,,,,,,,,,,,,,,,,,,,,,,,,,,,,,,,,,,,,,,,,,,,,,,,,,,,,,,,,,,,,,,,,,,,,,,,,,,,
TT.C1860020,5901597224891,,Corner connector LINEA20 90° alu,"Kotni element 90° LINEA20, za LED profil, alu, (R2)",00001602,91086973,,kom,83024900,PL,0.037,,0.037,,0,,10,mm,100,mm,160,mm,,,,,22.71,,,,22,10,,,,,,,,,,,,,,,,,,,,,,,,,,,,,,,,,,,,,,,,,,,,,,,,,,,,,,,,,,,,,,,,,,,,,,,,,,,,,,,,,,,,,,,,,,,,,,,,,,,,,,,,,,,,,,,,,,,,,,,,,,,,,,,,,,,,,,,,,,,,,,,,,,,,,,,,,,,,,,,,,,,,,,,,,,,,,,,,,,,,
TT.C1870001,5901597224938,,Corner connector LINEA20 90° inner white,"Kotni element 90° notranji LINEA20, za LED profil, bel, (R2)",00001602,91086973,,kom,83024900,PL,0.037,,0.037,,0,,10,mm,100,mm,160,mm,,,,,28.68,,,,22,10,,,,,,,,,,,,,,,,,,,,,,,,,,,,,,,,,,,,,,,,,,,,,,,,,,,,,,,,,,,,,,,,,,,,,,,,,,,,,,,,,,,,,,,,,,,,,,,,,,,,,,,,,,,,,,,,,,,,,,,,,,,,,,,,,,,,,,,,,,,,,,,,,,,,,,,,,,,,,,,,,,,,,,,,,,,,,,,,,,,,
TT.C1870002,5901597224945,,Corner connector LINEA20 90° inner black,"Kotni element 90° notranji LINEA20, za LED profil, črn, (R2)",00001602,91086973,,kom,83024900,PL,0.037,,0.037,,0,,10,mm,100,mm,160,mm,,,,,26.73,,,,22,10,,,,,,,,,,,,,,,,,,,,,,,,,,,,,,,,,,,,,,,,,,,,,,,,,,,,,,,,,,,,,,,,,,,,,,,,,,,,,,,,,,,,,,,,,,,,,,,,,,,,,,,,,,,,,,,,,,,,,,,,,,,,,,,,,,,,,,,,,,,,,,,,,,,,,,,,,,,,,,,,,,,,,,,,,,,,,,,,,,,,
TT.C1870020,5901597224921,,Corner connector LINEA20 90° inner alu,"Kotni element 90° notranji LINEA20, za LED profil, alu, (R2)",00001602,91086973,,kom,83024900,PL,0.037,,0.037,,0,,10,mm,100,mm,160,mm,,,,,26.51,,,,22,10,,,,,,,,,,,,,,,,,,,,,,,,,,,,,,,,,,,,,,,,,,,,,,,,,,,,,,,,,,,,,,,,,,,,,,,,,,,,,,,,,,,,,,,,,,,,,,,,,,,,,,,,,,,,,,,,,,,,,,,,,,,,,,,,,,,,,,,,,,,,,,,,,,,,,,,,,,,,,,,,,,,,,,,,,,,,,,,,,,,,
TT.C1880001,5901597224778,,Corner connector LINEA20 120° white,"Kotni element 120° LINEA20, za LED profil, bel, (R2)",00001602,91086973,,kom,83024900,PL,0.037,,0.037,,0,,10,mm,100,mm,160,mm,,,,,24.84,,,,22,10,,,,,,,,,,,,,,,,,,,,,,,,,,,,,,,,,,,,,,,,,,,,,,,,,,,,,,,,,,,,,,,,,,,,,,,,,,,,,,,,,,,,,,,,,,,,,,,,,,,,,,,,,,,,,,,,,,,,,,,,,,,,,,,,,,,,,,,,,,,,,,,,,,,,,,,,,,,,,,,,,,,,,,,,,,,,,,,,,,,,
TT.C1880002,5901597224785,,Corner connector LINEA20 120° black,"Kotni element 120° LINEA20, za LED profil, črn, (R2)",00001602,91086973,,kom,83024900,PL,0.037,,0.037,,0,,10,mm,100,mm,160,mm,,,,,23.11,,,,22,10,,,,,,,,,,,,,,,,,,,,,,,,,,,,,,,,,,,,,,,,,,,,,,,,,,,,,,,,,,,,,,,,,,,,,,,,,,,,,,,,,,,,,,,,,,,,,,,,,,,,,,,,,,,,,,,,,,,,,,,,,,,,,,,,,,,,,,,,,,,,,,,,,,,,,,,,,,,,,,,,,,,,,,,,,,,,,,,,,,,,
TT.C1880020,5901597224761,,Corner connector LINEA20 120° alu,"Kotni element 120° LINEA20, za LED profil, alu, (R2)",00001602,91086973,,kom,83024900,PL,0.037,,0.037,,0,,10,mm,100,mm,160,mm,,,,,22.87,,,,22,10,,,,,,,,,,,,,,,,,,,,,,,,,,,,,,,,,,,,,,,,,,,,,,,,,,,,,,,,,,,,,,,,,,,,,,,,,,,,,,,,,,,,,,,,,,,,,,,,,,,,,,,,,,,,,,,,,,,,,,,,,,,,,,,,,,,,,,,,,,,,,,,,,,,,,,,,,,,,,,,,,,,,,,,,,,,,,,,,,,,,
TT.C1890001,5901597224808,,Corner connector LINEA20 135° white,"Kotni element 135° LINEA20, za LED profil, bel, (R2)",00001602,91086973,,kom,83024900,PL,0.037,,0.037,,0,,10,mm,100,mm,160,mm,,,,,24.87,,,,22,10,,,,,,,,,,,,,,,,,,,,,,,,,,,,,,,,,,,,,,,,,,,,,,,,,,,,,,,,,,,,,,,,,,,,,,,,,,,,,,,,,,,,,,,,,,,,,,,,,,,,,,,,,,,,,,,,,,,,,,,,,,,,,,,,,,,,,,,,,,,,,,,,,,,,,,,,,,,,,,,,,,,,,,,,,,,,,,,,,,,,
TT.C1890002,5901597224815,,Corner connector LINEA20 135° black,"Kotni element 135° LINEA20, za LED profil, črn, (R2)",00001602,91086973,,kom,83024900,PL,0.037,,0.037,,0,,10,mm,100,mm,160,mm,,,,,23.14,,,,22,10,,,,,,,,,,,,,,,,,,,,,,,,,,,,,,,,,,,,,,,,,,,,,,,,,,,,,,,,,,,,,,,,,,,,,,,,,,,,,,,,,,,,,,,,,,,,,,,,,,,,,,,,,,,,,,,,,,,,,,,,,,,,,,,,,,,,,,,,,,,,,,,,,,,,,,,,,,,,,,,,,,,,,,,,,,,,,,,,,,,,
TT.C1890020,5901597224792,,Corner connector LINEA20 135° alu,"Kotni element 135° LINEA20, za LED profil, alu, (R2)",00001602,91086973,,kom,83024900,PL,0.037,,0.037,,0,,10,mm,100,mm,160,mm,,,,,22.93,,,,22,10,,,,,,,,,,,,,,,,,,,,,,,,,,,,,,,,,,,,,,,,,,,,,,,,,,,,,,,,,,,,,,,,,,,,,,,,,,,,,,,,,,,,,,,,,,,,,,,,,,,,,,,,,,,,,,,,,,,,,,,,,,,,,,,,,,,,,,,,,,,,,,,,,,,,,,,,,,,,,,,,,,,,,,,,,,,,,,,,,,,,
TT.C1900000,5901597224822,,Corner connector LINEA20 180° alu,"Kotni element 180° LINEA20, za LED profil, alu, (R2)",00001602,91086973,,kom,83024900,PL,0.025,,0.025,,0,,10,mm,100,mm,160,mm,,,,,4.08,,,,22,10,,,,,,,,,,,,,,,,,,,,,,,,,,,,,,,,,,,,,,,,,,,,,,,,,,,,,,,,,,,,,,,,,,,,,,,,,,,,,,,,,,,,,,,,,,,,,,,,,,,,,,,,,,,,,,,,,,,,,,,,,,,,,,,,,,,,,,,,,,,,,,,,,,,,,,,,,,,,,,,,,,,,,,,,,,,,,,,,,,,,
TT.C1910001,5901597224846,,Corner connector LINEA20 270° outdoor white,"Kotni element 270° zunanji LINEA20, za LED profil, bel, (R2)",00001602,91086973,,kom,83024900,PL,0.037,,0.037,,0,,10,mm,100,mm,160,mm,,,,,28.4,,,,22,10,,,,,,,,,,,,,,,,,,,,,,,,,,,,,,,,,,,,,,,,,,,,,,,,,,,,,,,,,,,,,,,,,,,,,,,,,,,,,,,,,,,,,,,,,,,,,,,,,,,,,,,,,,,,,,,,,,,,,,,,,,,,,,,,,,,,,,,,,,,,,,,,,,,,,,,,,,,,,,,,,,,,,,,,,,,,,,,,,,,,
TT.C1910002,5901597224853,,Corner connector LINEA20 270° outdoor black,"Kotni element 270° zunanji LINEA20, za LED profil, črn, (R2)",00001602,91086973,,kom,83024900,PL,0.037,,0.037,,0,,10,mm,100,mm,160,mm,,,,,25.77,,,,22,10,,,,,,,,,,,,,,,,,,,,,,,,,,,,,,,,,,,,,,,,,,,,,,,,,,,,,,,,,,,,,,,,,,,,,,,,,,,,,,,,,,,,,,,,,,,,,,,,,,,,,,,,,,,,,,,,,,,,,,,,,,,,,,,,,,,,,,,,,,,,,,,,,,,,,,,,,,,,,,,,,,,,,,,,,,,,,,,,,,,,
TT.C1910020,5901597224839,,Corner connector LINEA20 270° outdoor alu,"Kotni element 270° zunanji LINEA20, za LED profil, alu, (R2)",00001602,91086973,,kom,83024900,PL,0.037,,0.037,,0,,10,mm,100,mm,160,mm,,,,,25.77,,,,22,10,,,,,,,,,,,,,,,,,,,,,,,,,,,,,,,,,,,,,,,,,,,,,,,,,,,,,,,,,,,,,,,,,,,,,,,,,,,,,,,,,,,,,,,,,,,,,,,,,,,,,,,,,,,,,,,,,,,,,,,,,,,,,,,,,,,,,,,,,,,,,,,,,,,,,,,,,,,,,,,,,,,,,,,,,,,,,,,,,,,,
TT.C1940022,5901597209256,,End cap LINEA20 grey 20pcs,"Zaključni element (kapa), LINEA20, siv, 1/10, (R2)",00001602,91086973,,kom,94059200,PL,0.03,,0.03,,0,,10,mm,100,mm,160,mm,,,,,1.04,,,,22,0,,,,,,,,,,,,,,,,,,,,,,,,,,,,,,,,,,,,,,,,,,,,,,,,,,,,,,,,,,,,,,,,,,,,,,,,,,,,,,,,,,,,,,,,,,,,,,,,,,,,,,,,,,,,,,,,,,,,,,,,,,,,,,,,,,,,,,,,,,,,,,,,,,,,,,,,,,,,,,,,,,,,,,,,,,,,,,,,,,,,
TT.C1940040,5901597209270,,End cap LINEA20 silver 20pcs,"Zaključni element (kapa), LINEA20, srebrn, 1/10, (R2)",00001602,91086973,,kom,94059200,PL,0.03,,0.03,,0,,10,mm,100,mm,160,mm,,,,,1.04,,,,22,0,,,,,,,,,,,,,,,,,,,,,,,,,,,,,,,,,,,,,,,,,,,,,,,,,,,,,,,,,,,,,,,,,,,,,,,,,,,,,,,,,,,,,,,,,,,,,,,,,,,,,,,,,,,,,,,,,,,,,,,,,,,,,,,,,,,,,,,,,,,,,,,,,,,,,,,,,,,,,,,,,,,,,,,,,,,,,,,,,,,,
TT.C1999022,5901597257097,,End cap LINEA20-E7 grey E/F 20pcs,"Zaključni element (kapa), LINEA20-E7, siv, 1/10, (R2)",00001602,91086973,,kom,94059200,PL,0.04,,0.04,,0,,10,mm,100,mm,160,mm,,,,,,,,,22,0,,,,,,,,,,,,,,,,,,,,,,,,,,,,,,,,,,,,,,,,,,,,,,,,,,,,,,,,,,,,,,,,,,,,,,,,,,,,,,,,,,,,,,,,,,,,,,,,,,,,,,,,,,,,,,,,,,,,,,,,,,,,,,,,,,,,,,,,,,,,,,,,,,,,,,,,,,,,,,,,,,,,,,,,,,,,,,,,,,,,
TT.C1999901,5901597239543,,End cap LINEA20-E7 white E/F 20pcs,"Zaključni element (kapa), LINEA20-E7, bel, 1/10, (R2)",00001602,91086973,,kom,94059200,PL,0.04,,0.04,,0,,10,mm,100,mm,160,mm,,,,,1.04,,,,22,0,,,,,,,,,,,,,,,,,,,,,,,,,,,,,,,,,,,,,,,,,,,,,,,,,,,,,,,,,,,,,,,,,,,,,,,,,,,,,,,,,,,,,,,,,,,,,,,,,,,,,,,,,,,,,,,,,,,,,,,,,,,,,,,,,,,,,,,,,,,,,,,,,,,,,,,,,,,,,,,,,,,,,,,,,,,,,,,,,,,,
TT.C1999902,5901597257134,,End cap LINEA20-E7 black E/F 20pcs,"Zaključni element (kapa), LINEA20-E7, črn, 1/10, (R2)",00001602,91086973,,kom,94059200,PL,0.04,,0.04,,0,,10,mm,100,mm,160,mm,,,,,1.04,,,,22,0,,,,,,,,,,,,,,,,,,,,,,,,,,,,,,,,,,,,,,,,,,,,,,,,,,,,,,,,,,,,,,,,,,,,,,,,,,,,,,,,,,,,,,,,,,,,,,,,,,,,,,,,,,,,,,,,,,,,,,,,,,,,,,,,,,,,,,,,,,,,,,,,,,,,,,,,,,,,,,,,,,,,,,,,,,,,,,,,,,,,
TT.C1999940,5901597257073,,End cap LINEA20-E7 silver E/F 20pcs,"Zaključni element (kapa), LINEA20-E7, srebrn, 1/10, (R2)",00001602,91086973,,kom,94059200,PL,0.04,,0.04,,0,,10,mm,100,mm,160,mm,,,,,1.28,,,,22,0,,,,,,,,,,,,,,,,,,,,,,,,,,,,,,,,,,,,,,,,,,,,,,,,,,,,,,,,,,,,,,,,,,,,,,,,,,,,,,,,,,,,,,,,,,,,,,,,,,,,,,,,,,,,,,,,,,,,,,,,,,,,,,,,,,,,,,,,,,,,,,,,,,,,,,,,,,,,,,,,,,,,,,,,,,,,,,,,,,,,
TT.C2020000,5901597206156,,LED profile SMART10 AC2/Z alu raw 2m,"LED profil, SMART10, nadgradni, AC2/Z, alu surov, 2m, 1/50, (R2)",00001602,91086973,,m,76042100,PL,0,,0.52,,0,,2000,mm,12,mm,12,mm,,,,,4.28,,,,22,0,,,,,,,,,,,,,,,,,,,,,,,,,,,,,,,,,,,,,,,,,,,,,,,,,,,,,,,,,,,,,,,,,,,,,,,,,,,,,,,,,,,,,,,,,,,,,,,,,,,,,,,,,,,,,,,,,,,,,,,,,,,,,,,,,,,,,,,,,,,,,,,,,,,,,,,,,,,,,,,,,,,,,,,,,,,,,,,,,,,,
TT.C2020001,5901597206132,,LED profile SMART10 AC2/Z white mat 2m,"LED profil, SMART10, nadgradni, AC2/Z, bel mat, 2m, 1/100, (R2)",00001602,91086973,,m,76042100,PL,0,,0.52,,0,,2000,mm,12,mm,12,mm,,,,,7.36,,,,22,0,,,,,,,,,,,,,,,,,,,,,,,,,,,,,,,,,,,,,,,,,,,,,,,,,,,,,,,,,,,,,,,,,,,,,,,,,,,,,,,,,,,,,,,,,,,,,,,,,,,,,,,,,,,,,,,,,,,,,,,,,,,,,,,,,,,,,,,,,,,,,,,,,,,,,,,,,,,,,,,,,,,,,,,,,,,,,,,,,,,,
TT.C2020020,5901597206125,,LED profile SMART10 AC2/Z alu anodized 2m,"LED profil, SMART10, nadgradni, AC2/Z, alu anodiziran, 2m, 1/50, (R2)",00001602,91086973,,m,76042100,PL,0,,0.52,,0,,2000,mm,12,mm,12,mm,,,,,5.69,,,,22,0,,,,,,,,,,,,,,,,,,,,,,,,,,,,,,,,,,,,,,,,,,,,,,,,,,,,,,,,,,,,,,,,,,,,,,,,,,,,,,,,,,,,,,,,,,,,,,,,,,,,,,,,,,,,,,,,,,,,,,,,,,,,,,,,,,,,,,,,,,,,,,,,,,,,,,,,,,,,,,,,,,,,,,,,,,,,,,,,,,,,
TT.C2020021,5901597206149,,LED profile SMART10 AC2/Z black anodized 2m,LED PROFIL SMART10 nadgradni AC2/Z črn anodiziran 2m,00001602,91086973,,m,76042100,PL,0,,0.52,,0,,2000,mm,12,mm,12,mm,,,,,7.63,,,,22,0,,,,,,,,,,,,,,,,,,,,,,,,,,,,,,,,,,,,,,,,,,,,,,,,,,,,,,,,,,,,,,,,,,,,,,,,,,,,,,,,,,,,,,,,,,,,,,,,,,,,,,,,,,,,,,,,,,,,,,,,,,,,,,,,,,,,,,,,,,,,,,,,,,,,,,,,,,,,,,,,,,,,,,,,,,,,,,,,,,,,
TT.C2030001,5901597251545,,LED profile SMART10 A/Z white mat 3m,"LED profil, SMART10, nadgradni, A/Z, bel mat, 3m, (R2)",00001602,91086973,,m,76042100,PL,0,,0.52,,0,,2000,mm,12,mm,12,mm,,,,,8.26,,,,22,0,,,,,,,,,,,,,,,,,,,,,,,,,,,,,,,,,,,,,,,,,,,,,,,,,,,,,,,,,,,,,,,,,,,,,,,,,,,,,,,,,,,,,,,,,,,,,,,,,,,,,,,,,,,,,,,,,,,,,,,,,,,,,,,,,,,,,,,,,,,,,,,,,,,,,,,,,,,,,,,,,,,,,,,,,,,,,,,,,,,,
TT.C2910020,5901597238836,,Corner connector SMART10 90° alu,"Kotni element 90° SMART10, za LED profil, alu, (R2)",00001602,91086973,,kom,83024900,PL,0.012,,0.012,,0,,10,mm,100,mm,160,mm,,,,,11.8,,,,22,10,,,,,,,,,,,,,,,,,,,,,,,,,,,,,,,,,,,,,,,,,,,,,,,,,,,,,,,,,,,,,,,,,,,,,,,,,,,,,,,,,,,,,,,,,,,,,,,,,,,,,,,,,,,,,,,,,,,,,,,,,,,,,,,,,,,,,,,,,,,,,,,,,,,,,,,,,,,,,,,,,,,,,,,,,,,,,,,,,,,,
TT.C2940001,5901597206057,,End cap SMART10 white A/C2,"Zaključni element (kapa), SMART10, bel, 1/10, (R2)",00001602,91086973,,kom,94059200,PL,0.02,,0.02,,0,,10,mm,100,mm,160,mm,,,,,0.52,,,,22,0,,,,,,,,,,,,,,,,,,,,,,,,,,,,,,,,,,,,,,,,,,,,,,,,,,,,,,,,,,,,,,,,,,,,,,,,,,,,,,,,,,,,,,,,,,,,,,,,,,,,,,,,,,,,,,,,,,,,,,,,,,,,,,,,,,,,,,,,,,,,,,,,,,,,,,,,,,,,,,,,,,,,,,,,,,,,,,,,,,,,
TT.C2940002,5901597205975,,End cap SMART10 black A/C2,"Zaključni element (kapa), SMART10, črn, 1/10, (R2)",00001602,91086973,,kom,94059200,PL,0.02,,0.02,,0,,10,mm,100,mm,160,mm,,,,,0.52,,,,22,0,,,,,,,,,,,,,,,,,,,,,,,,,,,,,,,,,,,,,,,,,,,,,,,,,,,,,,,,,,,,,,,,,,,,,,,,,,,,,,,,,,,,,,,,,,,,,,,,,,,,,,,,,,,,,,,,,,,,,,,,,,,,,,,,,,,,,,,,,,,,,,,,,,,,,,,,,,,,,,,,,,,,,,,,,,,,,,,,,,,,
TT.C2940022,5901597205937,,End cap SMART10 grey A/C2,"Zaključni element (kapa), SMART10, siv, 1/10, (R2)",00001602,91086973,,kom,94059200,PL,0.02,,0.02,,0,,10,mm,100,mm,160,mm,,,,,0.52,,,,22,0,,,,,,,,,,,,,,,,,,,,,,,,,,,,,,,,,,,,,,,,,,,,,,,,,,,,,,,,,,,,,,,,,,,,,,,,,,,,,,,,,,,,,,,,,,,,,,,,,,,,,,,,,,,,,,,,,,,,,,,,,,,,,,,,,,,,,,,,,,,,,,,,,,,,,,,,,,,,,,,,,,,,,,,,,,,,,,,,,,,,
TT.C2940040,5901597206019,,End cap SMART10 silver A/C2 20pcs,"Zaključni element (kapa), SMART10, srebrn, 1/10, (R2)",00001602,91086973,,kom,94059200,PL,0.02,,0.02,,0,,10,mm,100,mm,160,mm,,,,,0.56,,,,22,0,,,,,,,,,,,,,,,,,,,,,,,,,,,,,,,,,,,,,,,,,,,,,,,,,,,,,,,,,,,,,,,,,,,,,,,,,,,,,,,,,,,,,,,,,,,,,,,,,,,,,,,,,,,,,,,,,,,,,,,,,,,,,,,,,,,,,,,,,,,,,,,,,,,,,,,,,,,,,,,,,,,,,,,,,,,,,,,,,,,,
TT.C2960001,5901597206071,,End cap SMART10 with hole white A/C2,"Zaključni element (kapa), SMART10, z luknjo, bel, 1/10, (R2)",00001602,91086973,,kom,94059200,PL,0.02,,0.02,,0,,10,mm,100,mm,160,mm,,,,,0.52,,,,22,0,,,,,,,,,,,,,,,,,,,,,,,,,,,,,,,,,,,,,,,,,,,,,,,,,,,,,,,,,,,,,,,,,,,,,,,,,,,,,,,,,,,,,,,,,,,,,,,,,,,,,,,,,,,,,,,,,,,,,,,,,,,,,,,,,,,,,,,,,,,,,,,,,,,,,,,,,,,,,,,,,,,,,,,,,,,,,,,,,,,,
TT.C2960002,5901597205999,,End cap SMART10 with hole black A/C2,"Zaključni element (kapa), SMART10, z luknjo, črn, 1/10, (R2)",00001602,91086973,,kom,94059200,PL,0.02,,0.02,,0,,10,mm,100,mm,160,mm,,,,,0.52,,,,22,0,,,,,,,,,,,,,,,,,,,,,,,,,,,,,,,,,,,,,,,,,,,,,,,,,,,,,,,,,,,,,,,,,,,,,,,,,,,,,,,,,,,,,,,,,,,,,,,,,,,,,,,,,,,,,,,,,,,,,,,,,,,,,,,,,,,,,,,,,,,,,,,,,,,,,,,,,,,,,,,,,,,,,,,,,,,,,,,,,,,,
TT.C2960022,5901597205951,,End cap SMART10 with hole grey A/C2,"Zaključni element (kapa), SMART10, z luknjo, siv, 1/10, (R2)",00001602,91086973,,kom,94059200,PL,0.02,,0.02,,0,,10,mm,100,mm,160,mm,,,,,0.52,,,,22,0,,,,,,,,,,,,,,,,,,,,,,,,,,,,,,,,,,,,,,,,,,,,,,,,,,,,,,,,,,,,,,,,,,,,,,,,,,,,,,,,,,,,,,,,,,,,,,,,,,,,,,,,,,,,,,,,,,,,,,,,,,,,,,,,,,,,,,,,,,,,,,,,,,,,,,,,,,,,,,,,,,,,,,,,,,,,,,,,,,,,
TT.C2960040,5901597206033,,End cap SMART10 with hole silver A/C2,"Zaključni element (kapa), SMART10, z luknjo, srebrn, 1/10, (R2)",00001602,91086973,,kom,94059200,PL,0.02,,0.02,,0,,10,mm,100,mm,160,mm,,,,,0.56,,,,22,0,,,,,,,,,,,,,,,,,,,,,,,,,,,,,,,,,,,,,,,,,,,,,,,,,,,,,,,,,,,,,,,,,,,,,,,,,,,,,,,,,,,,,,,,,,,,,,,,,,,,,,,,,,,,,,,,,,,,,,,,,,,,,,,,,,,,,,,,,,,,,,,,,,,,,,,,,,,,,,,,,,,,,,,,,,,,,,,,,,,,
TT.C3020000,5901597208860,,LED profile FRAME14 recessed BC/Q alu raw 2m,"LED profil, FRAME14, namenski, BC/Q , alu surov, 2m, 1/30, (R2)",00001602,91086973,,m,76042100,PL,0,,1.02,,0,,2000,mm,24.9,mm,33.4,mm,,,,,8.76,,,,22,0,,,,,,,,,,,,,,,,,,,,,,,,,,,,,,,,,,,,,,,,,,,,,,,,,,,,,,,,,,,,,,,,,,,,,,,,,,,,,,,,,,,,,,,,,,,,,,,,,,,,,,,,,,,,,,,,,,,,,,,,,,,,,,,,,,,,,,,,,,,,,,,,,,,,,,,,,,,,,,,,,,,,,,,,,,,,,,,,,,,,
TT.C3020001,5901597208884,,LED profile FRAME14 recessed BC/Q white mat 2m,"LED profil, FRAME14, namenski, BC/Q , bel mat, 2m, 1/30, (R2)",00001602,91086973,,m,76042100,PL,0,,1.02,,0,,2000,mm,24.9,mm,33.4,mm,,,,,20.89,,,,22,0,,,,,,,,,,,,,,,,,,,,,,,,,,,,,,,,,,,,,,,,,,,,,,,,,,,,,,,,,,,,,,,,,,,,,,,,,,,,,,,,,,,,,,,,,,,,,,,,,,,,,,,,,,,,,,,,,,,,,,,,,,,,,,,,,,,,,,,,,,,,,,,,,,,,,,,,,,,,,,,,,,,,,,,,,,,,,,,,,,,,
TT.C3020020,5901597208846,,LED profile FRAME14 recessed BC/Q alu anodized 2m,"LED profil, FRAME14, namenski, BC/Q , alu anodiziran, 2m, 1/30, (R2)",00001602,91086973,,m,76042100,PL,0,,1.02,,0,,2000,mm,24.9,mm,33.4,mm,,,,,13.72,,,,22,0,,,,,,,,,,,,,,,,,,,,,,,,,,,,,,,,,,,,,,,,,,,,,,,,,,,,,,,,,,,,,,,,,,,,,,,,,,,,,,,,,,,,,,,,,,,,,,,,,,,,,,,,,,,,,,,,,,,,,,,,,,,,,,,,,,,,,,,,,,,,,,,,,,,,,,,,,,,,,,,,,,,,,,,,,,,,,,,,,,,,
TT.C3960030,5901597217404,,Corner connector FRAME14 90° bent silver,"Kotni element 90° FRAME14, za LED profil, (R2)",00001602,91086973,,kom,83024900,PL,0.027,,0.027,,0,,10,mm,100,mm,160,mm,,,,,5.53,,,,22,100,,,,,,,,,,,,,,,,,,,,,,,,,,,,,,,,,,,,,,,,,,,,,,,,,,,,,,,,,,,,,,,,,,,,,,,,,,,,,,,,,,,,,,,,,,,,,,,,,,,,,,,,,,,,,,,,,,,,,,,,,,,,,,,,,,,,,,,,,,,,,,,,,,,,,,,,,,,,,,,,,,,,,,,,,,,,,,,,,,,,
TT.C3970030,5901597208808,,Corner connector FRAME14 90° silver,"Kotni element 90° FRAME14, za LED profil, (R2)",00001602,91086973,,kom,83024900,PL,0.027,,0.027,,0,,10,mm,100,mm,160,mm,,,,,4.48,,,,22,100,,,,,,,,,,,,,,,,,,,,,,,,,,,,,,,,,,,,,,,,,,,,,,,,,,,,,,,,,,,,,,,,,,,,,,,,,,,,,,,,,,,,,,,,,,,,,,,,,,,,,,,,,,,,,,,,,,,,,,,,,,,,,,,,,,,,,,,,,,,,,,,,,,,,,,,,,,,,,,,,,,,,,,,,,,,,,,,,,,,,
TT.C3980030,5901597208815,,Corner connector FRAME14 135° silver,"Kotni element 135° FRAME14, za LED profil, (R2)",00001602,91086973,,kom,83024900,PL,0.023,,0.023,,0,,10,mm,100,mm,160,mm,,,,,3.12,,,,22,100,,,,,,,,,,,,,,,,,,,,,,,,,,,,,,,,,,,,,,,,,,,,,,,,,,,,,,,,,,,,,,,,,,,,,,,,,,,,,,,,,,,,,,,,,,,,,,,,,,,,,,,,,,,,,,,,,,,,,,,,,,,,,,,,,,,,,,,,,,,,,,,,,,,,,,,,,,,,,,,,,,,,,,,,,,,,,,,,,,,,
TT.C3990030,5901597208822,,Corner connector FRAME14 180° silver,"Kotni element 180° FRAME14, za LED profil, (R2)",00001602,91086973,,kom,83024900,PL,0.028,,0.028,,0,,10,mm,100,mm,160,mm,,,,,4.79,,,,22,100,,,,,,,,,,,,,,,,,,,,,,,,,,,,,,,,,,,,,,,,,,,,,,,,,,,,,,,,,,,,,,,,,,,,,,,,,,,,,,,,,,,,,,,,,,,,,,,,,,,,,,,,,,,,,,,,,,,,,,,,,,,,,,,,,,,,,,,,,,,,,,,,,,,,,,,,,,,,,,,,,,,,,,,,,,,,,,,,,,,,
TT.C6020000,5901597209775,,LED profile FIX16 purpose-made alu raw 2m,"LED profil, FIX16, namenski, alu surov, 2m, 1/50, (R2)",00001602,91086973,,m,76042100,PL,0,,0.26,,0,,2000,mm,20.5,mm,3.8,mm,,,,,2.37,,,,22,0,,,,,,,,,,,,,,,,,,,,,,,,,,,,,,,,,,,,,,,,,,,,,,,,,,,,,,,,,,,,,,,,,,,,,,,,,,,,,,,,,,,,,,,,,,,,,,,,,,,,,,,,,,,,,,,,,,,,,,,,,,,,,,,,,,,,,,,,,,,,,,,,,,,,,,,,,,,,,,,,,,,,,,,,,,,,,,,,,,,,
TT.C6020001,5901597239482,,LED profile FIX16 purpose-made white mat 2m,"LED profil, FIX16, namenski, bel mat, 2m, 1/100, (R2)",00001602,91086973,,m,76042100,PL,0,,0,,0,,2000,mm,12.6,mm,38.6,mm,,,,,6,,,,22,0,,,,,,,,,,,,,,,,,,,,,,,,,,,,,,,,,,,,,,,,,,,,,,,,,,,,,,,,,,,,,,,,,,,,,,,,,,,,,,,,,,,,,,,,,,,,,,,,,,,,,,,,,,,,,,,,,,,,,,,,,,,,,,,,,,,,,,,,,,,,,,,,,,,,,,,,,,,,,,,,,,,,,,,,,,,,,,,,,,,,
TT.C6020020,5901597239444,,LED profile FIX16 purpose-made alu anodized 2m,"LED profil, FIX16, namenski, alu anodiziran, 2m, 1/50, (R2)",00001602,91086973,,m,76042100,PL,0,,0.39,,0,,3000,mm,20,mm,16,mm,,,,,3.77,,,,22,0,,,,,,,,,,,,,,,,,,,,,,,,,,,,,,,,,,,,,,,,,,,,,,,,,,,,,,,,,,,,,,,,,,,,,,,,,,,,,,,,,,,,,,,,,,,,,,,,,,,,,,,,,,,,,,,,,,,,,,,,,,,,,,,,,,,,,,,,,,,,,,,,,,,,,,,,,,,,,,,,,,,,,,,,,,,,,,,,,,,,
TT.C6020021,5901597239468,,LED profile FIX16 purpose-made black anodized 2m,"LED profil, FIX16, namenski, črn anodiziran, 2m, 1/100, (R2)",00001602,91086973,,m,76042100,PL,0,,0,,0,,2000,mm,12.6,mm,38.6,mm,,,,,5.86,,,,22,0,,,,,,,,,,,,,,,,,,,,,,,,,,,,,,,,,,,,,,,,,,,,,,,,,,,,,,,,,,,,,,,,,,,,,,,,,,,,,,,,,,,,,,,,,,,,,,,,,,,,,,,,,,,,,,,,,,,,,,,,,,,,,,,,,,,,,,,,,,,,,,,,,,,,,,,,,,,,,,,,,,,,,,,,,,,,,,,,,,,,
TT.C6940001,5901597209928,,Mounting plate LINEA20 CONE white 20pcs,"Montažna ploščica LINEA20, za LED profil, poglobljena (CONE), bela, (R2)",00001602,91086973,,kom,83024900,PL,0.005,,0.005,,0,,10,mm,100,mm,160,mm,,,,,4.68,,,,22,100,,,,,,,,,,,,,,,,,,,,,,,,,,,,,,,,,,,,,,,,,,,,,,,,,,,,,,,,,,,,,,,,,,,,,,,,,,,,,,,,,,,,,,,,,,,,,,,,,,,,,,,,,,,,,,,,,,,,,,,,,,,,,,,,,,,,,,,,,,,,,,,,,,,,,,,,,,,,,,,,,,,,,,,,,,,,,,,,,,,,
TT.C6960000,5901597209034,,Mounting plate T alu 20pcs,"Montažna ploščica T, za LED profil, alu, (R2)",00001602,91086973,,kom,83024900,PL,0.04,,0.04,,0,,10,mm,100,mm,160,mm,,,,,0.88,,,,22,10,,,,,,,,,,,,,,,,,,,,,,,,,,,,,,,,,,,,,,,,,,,,,,,,,,,,,,,,,,,,,,,,,,,,,,,,,,,,,,,,,,,,,,,,,,,,,,,,,,,,,,,,,,,,,,,,,,,,,,,,,,,,,,,,,,,,,,,,,,,,,,,,,,,,,,,,,,,,,,,,,,,,,,,,,,,,,,,,,,,,
TT.C6990000,5901597209058,,Connector T alu,"Vezni element T, za LED profil, alu, (R2)",00001602,91086973,,kom,83024900,PL,0.005,,0.005,,0,,20,mm,150,mm,200,mm,,,,,1.24,,,,22,100,,,,,,,,,,,,,,,,,,,,,,,,,,,,,,,,,,,,,,,,,,,,,,,,,,,,,,,,,,,,,,,,,,,,,,,,,,,,,,,,,,,,,,,,,,,,,,,,,,,,,,,,,,,,,,,,,,,,,,,,,,,,,,,,,,,,,,,,,,,,,,,,,,,,,,,,,,,,,,,,,,,,,,,,,,,,,,,,,,,,
TT.C7020000,5901597209591,,LED profile BEGTON12 J/S alu raw 2m,"LED profil, BEGTON12, nadgradni, J/S, alu surov, 2m, 1/100, (R2)",00001602,91086973,,m,76042100,PL,0,,0.28,,0,,2000,mm,6.6,mm,14.4,mm,,,,,2.13,,,,22,0,,,,,,,,,,,,,,,,,,,,,,,,,,,,,,,,,,,,,,,,,,,,,,,,,,,,,,,,,,,,,,,,,,,,,,,,,,,,,,,,,,,,,,,,,,,,,,,,,,,,,,,,,,,,,,,,,,,,,,,,,,,,,,,,,,,,,,,,,,,,,,,,,,,,,,,,,,,,,,,,,,,,,,,,,,,,,,,,,,,,
TT.C7020001,5901597209584,,LED profile BEGTON12 J/S white mat 2m,"LED profil, BEGTON12, nadgradni, J/S, bel mat, 2m, 1/100, (R2)",00001602,91086973,,m,76042100,PL,0,,0.28,,0,,2000,mm,6.6,mm,14.4,mm,,,,,6.49,,,,22,0,,,,,,,,,,,,,,,,,,,,,,,,,,,,,,,,,,,,,,,,,,,,,,,,,,,,,,,,,,,,,,,,,,,,,,,,,,,,,,,,,,,,,,,,,,,,,,,,,,,,,,,,,,,,,,,,,,,,,,,,,,,,,,,,,,,,,,,,,,,,,,,,,,,,,,,,,,,,,,,,,,,,,,,,,,,,,,,,,,,,
TT.C7020020,5901597209553,,LED profile BEGTON12 J/S alu anodized 2m,"LED profil, BEGTON12, nadgradni, J/S, alu anodiziran, 2m, 1/100, (R2)",00001602,91086973,,m,76042100,PL,0,,0.26,,0,,2000,mm,6.6,mm,14.4,mm,,,,,4.17,,,,22,0,,,,,,,,,,,,,,,,,,,,,,,,,,,,,,,,,,,,,,,,,,,,,,,,,,,,,,,,,,,,,,,,,,,,,,,,,,,,,,,,,,,,,,,,,,,,,,,,,,,,,,,,,,,,,,,,,,,,,,,,,,,,,,,,,,,,,,,,,,,,,,,,,,,,,,,,,,,,,,,,,,,,,,,,,,,,,,,,,,,,
TT.C7020021,5901597209577,,LED profile BEGTON12 J/S black anodized 2m,"LED profil, BEGTON12, nadgradni, J/S, črn anodiziran, 2m, 1/100, (R2)",00001602,91086973,,m,76042100,PL,0,,0.28,,0,,2000,mm,6.6,mm,14.4,mm,,,,,5.9,,,,22,0,,,,,,,,,,,,,,,,,,,,,,,,,,,,,,,,,,,,,,,,,,,,,,,,,,,,,,,,,,,,,,,,,,,,,,,,,,,,,,,,,,,,,,,,,,,,,,,,,,,,,,,,,,,,,,,,,,,,,,,,,,,,,,,,,,,,,,,,,,,,,,,,,,,,,,,,,,,,,,,,,,,,,,,,,,,,,,,,,,,,
TT.C7030020,5901597249290,,LED profile BEGTON12 J/S alu anodized 3m,"LED profil, BEGTON12, nadgradni, J/S, alu anodiziran, 3m, (R2)",00001602,91086973,,m,76042100,PL,0,,0.42,,0,,3000,mm,6.6,mm,14.4,mm,,,,,4.57,,,,22,0,,,,,,,,,,,,,,,,,,,,,,,,,,,,,,,,,,,,,,,,,,,,,,,,,,,,,,,,,,,,,,,,,,,,,,,,,,,,,,,,,,,,,,,,,,,,,,,,,,,,,,,,,,,,,,,,,,,,,,,,,,,,,,,,,,,,,,,,,,,,,,,,,,,,,,,,,,,,,,,,,,,,,,,,,,,,,,,,,,,,
TT.C7940001,5901597261353,,End cap BEGTON12 white C 20pcs,"Zaključni element (kapa), BEGTON12 C, bel, 1/10, (R2)",00001602,91086973,,kom,94059200,PL,0.02,,0.02,,0,,10,mm,100,mm,160,mm,,,,,0.68,,,,22,0,,,,,,,,,,,,,,,,,,,,,,,,,,,,,,,,,,,,,,,,,,,,,,,,,,,,,,,,,,,,,,,,,,,,,,,,,,,,,,,,,,,,,,,,,,,,,,,,,,,,,,,,,,,,,,,,,,,,,,,,,,,,,,,,,,,,,,,,,,,,,,,,,,,,,,,,,,,,,,,,,,,,,,,,,,,,,,,,,,,,
TT.C7940002,5901597239536,,End cap BEGTON12 black C 20pcs,"Zaključni element (kapa), BEGTON12 C, črn, 1/10, (R2)",00001602,91086973,,kom,94059200,PL,0.02,,0.02,,0,,10,mm,100,mm,160,mm,,,,,0.68,,,,22,0,,,,,,,,,,,,,,,,,,,,,,,,,,,,,,,,,,,,,,,,,,,,,,,,,,,,,,,,,,,,,,,,,,,,,,,,,,,,,,,,,,,,,,,,,,,,,,,,,,,,,,,,,,,,,,,,,,,,,,,,,,,,,,,,,,,,,,,,,,,,,,,,,,,,,,,,,,,,,,,,,,,,,,,,,,,,,,,,,,,,
TT.C7940022,5901597237457,,End cap BEGTON12 grey C 20pcs,"Zaključni element (kapa), BEGTON12 C, siv, 1/10, (R2)",00001602,91086973,,kom,94059200,PL,0.02,,0.02,,0,,10,mm,100,mm,160,mm,,,,,0.68,,,,22,0,,,,,,,,,,,,,,,,,,,,,,,,,,,,,,,,,,,,,,,,,,,,,,,,,,,,,,,,,,,,,,,,,,,,,,,,,,,,,,,,,,,,,,,,,,,,,,,,,,,,,,,,,,,,,,,,,,,,,,,,,,,,,,,,,,,,,,,,,,,,,,,,,,,,,,,,,,,,,,,,,,,,,,,,,,,,,,,,,,,,
TT.C7940040,5901597237426,,End cap BEGTON12 silver C 20pcs,"Zaključni element (kapa), BEGTON12 C, srebrn, 1/10, (R2)",00001602,91086973,,kom,94059200,PL,0.02,,0.02,,0,,10,mm,100,mm,160,mm,,,,,0.74,,,,22,0,,,,,,,,,,,,,,,,,,,,,,,,,,,,,,,,,,,,,,,,,,,,,,,,,,,,,,,,,,,,,,,,,,,,,,,,,,,,,,,,,,,,,,,,,,,,,,,,,,,,,,,,,,,,,,,,,,,,,,,,,,,,,,,,,,,,,,,,,,,,,,,,,,,,,,,,,,,,,,,,,,,,,,,,,,,,,,,,,,,,
TT.C7950001,5901597239666,,Mounting plate S CONE white 20pcs,"Montažna ploščica S, za LED profil, poglobljena (CONE), bela, (R2)",00001602,91086973,,kom,83024900,PL,0.04,,0.04,,0,,10,mm,100,mm,160,mm,,,,,1.46,,,,22,10,,,,,,,,,,,,,,,,,,,,,,,,,,,,,,,,,,,,,,,,,,,,,,,,,,,,,,,,,,,,,,,,,,,,,,,,,,,,,,,,,,,,,,,,,,,,,,,,,,,,,,,,,,,,,,,,,,,,,,,,,,,,,,,,,,,,,,,,,,,,,,,,,,,,,,,,,,,,,,,,,,,,,,,,,,,,,,,,,,,,
TT.C7950002,5901597239673,,Mounting plate S CONE black 20pcs,"Montažna ploščica S, za LED profil, poglobljena (CONE), črna, (R2)",00001602,91086973,,kom,83024900,PL,0.04,,0.04,,0,,10,mm,100,mm,160,mm,,,,,1.46,,,,22,10,,,,,,,,,,,,,,,,,,,,,,,,,,,,,,,,,,,,,,,,,,,,,,,,,,,,,,,,,,,,,,,,,,,,,,,,,,,,,,,,,,,,,,,,,,,,,,,,,,,,,,,,,,,,,,,,,,,,,,,,,,,,,,,,,,,,,,,,,,,,,,,,,,,,,,,,,,,,,,,,,,,,,,,,,,,,,,,,,,,,
TT.C7950019,5901597238324,,Mounting plate S CONE inox 20pcs,"Montažna ploščica S, za LED profil, poglobljena (CONE), inox, (R2)",00001602,91086973,,kom,83024900,PL,0.04,,0.04,,0,,10,mm,100,mm,160,mm,,,,,0.98,,,,22,10,,,,,,,,,,,,,,,,,,,,,,,,,,,,,,,,,,,,,,,,,,,,,,,,,,,,,,,,,,,,,,,,,,,,,,,,,,,,,,,,,,,,,,,,,,,,,,,,,,,,,,,,,,,,,,,,,,,,,,,,,,,,,,,,,,,,,,,,,,,,,,,,,,,,,,,,,,,,,,,,,,,,,,,,,,,,,,,,,,,,
TT.C7960001,5901597236528,,End cap BEGTON12 white J 20pcs,"Zaključni element (kapa), BEGTON12, bel, 1/10, (R2)",00001602,91086973,,kom,94059200,PL,0.02,,0.02,,0,,10,mm,100,mm,160,mm,,,,,0.68,,,,22,0,,,,,,,,,,,,,,,,,,,,,,,,,,,,,,,,,,,,,,,,,,,,,,,,,,,,,,,,,,,,,,,,,,,,,,,,,,,,,,,,,,,,,,,,,,,,,,,,,,,,,,,,,,,,,,,,,,,,,,,,,,,,,,,,,,,,,,,,,,,,,,,,,,,,,,,,,,,,,,,,,,,,,,,,,,,,,,,,,,,,
TT.C7960022,5901597209430,,End cap BEGTON12 grey J 20pcs,"Zaključni element (kapa), BEGTON12, siv, 1/10, (R2)",00001602,91086973,,kom,94059200,PL,0.02,,0.02,,0,,10,mm,100,mm,160,mm,,,,,0.68,,,,22,0,,,,,,,,,,,,,,,,,,,,,,,,,,,,,,,,,,,,,,,,,,,,,,,,,,,,,,,,,,,,,,,,,,,,,,,,,,,,,,,,,,,,,,,,,,,,,,,,,,,,,,,,,,,,,,,,,,,,,,,,,,,,,,,,,,,,,,,,,,,,,,,,,,,,,,,,,,,,,,,,,,,,,,,,,,,,,,,,,,,,
TT.C7980019,5901597215158,,Mounting plate S inox 20pcs,"Montažna ploščica S, za LED profil, inox, (R2)",00001602,91086973,,kom,83024900,PL,0.04,,0.04,,0,,10,mm,100,mm,160,mm,,,,,0.94,,,,22,10,,,,,,,,,,,,,,,,,,,,,,,,,,,,,,,,,,,,,,,,,,,,,,,,,,,,,,,,,,,,,,,,,,,,,,,,,,,,,,,,,,,,,,,,,,,,,,,,,,,,,,,,,,,,,,,,,,,,,,,,,,,,,,,,,,,,,,,,,,,,,,,,,,,,,,,,,,,,,,,,,,,,,,,,,,,,,,,,,,,,
TT.C8020000,5901597209683,,LED profile BEGTIN12 recessed J/S alu raw 2m,"LED profil, BEGTIN12, vgradni, J/S, alu surov, 2m, 1/100, (R2)",00001602,91086973,,m,76042100,PL,0,,0.28,,0,,2000,mm,6.6,mm,21.3,mm,,,,,2.6,,,,22,0,,,,,,,,,,,,,,,,,,,,,,,,,,,,,,,,,,,,,,,,,,,,,,,,,,,,,,,,,,,,,,,,,,,,,,,,,,,,,,,,,,,,,,,,,,,,,,,,,,,,,,,,,,,,,,,,,,,,,,,,,,,,,,,,,,,,,,,,,,,,,,,,,,,,,,,,,,,,,,,,,,,,,,,,,,,,,,,,,,,,
TT.C8020001,5901597209676,,LED profile BEGTIN12 recessed J/S white mat 2m,"LED profil, BEGTIN12, vgradni, J/S, bel mat, 2m, 1/100, (R2)",00001602,91086973,,m,76042100,PL,0,,0.28,,0,,2000,mm,6.6,mm,21.3,mm,,,,,7.46,,,,22,0,,,,,,,,,,,,,,,,,,,,,,,,,,,,,,,,,,,,,,,,,,,,,,,,,,,,,,,,,,,,,,,,,,,,,,,,,,,,,,,,,,,,,,,,,,,,,,,,,,,,,,,,,,,,,,,,,,,,,,,,,,,,,,,,,,,,,,,,,,,,,,,,,,,,,,,,,,,,,,,,,,,,,,,,,,,,,,,,,,,,
TT.C8020020,5901597209645,,LED profile BEGTIN12 recessed J/S alu anodized 2m,"LED profil, BEGTIN12, vgradni, J/S, alu anodiziran, 2m, 1/100, (R2)",00001602,91086973,,m,76042100,PL,0,,0.28,,0,,2000,mm,6.6,mm,21.3,mm,,,,,4.39,,,,22,0,,,,,,,,,,,,,,,,,,,,,,,,,,,,,,,,,,,,,,,,,,,,,,,,,,,,,,,,,,,,,,,,,,,,,,,,,,,,,,,,,,,,,,,,,,,,,,,,,,,,,,,,,,,,,,,,,,,,,,,,,,,,,,,,,,,,,,,,,,,,,,,,,,,,,,,,,,,,,,,,,,,,,,,,,,,,,,,,,,,,
TT.C8020021,5901597209669,,LED profile BEGTIN12 recessed J/S black anodized 2m,"LED profil, BEGTIN12, vgradni, J/S, črn anodiziran, 2m, 1/100, (R2)",00001602,91086973,,m,76042100,PL,0,,0.28,,0,,2000,mm,6.6,mm,21.3,mm,,,,,6.97,,,,22,0,,,,,,,,,,,,,,,,,,,,,,,,,,,,,,,,,,,,,,,,,,,,,,,,,,,,,,,,,,,,,,,,,,,,,,,,,,,,,,,,,,,,,,,,,,,,,,,,,,,,,,,,,,,,,,,,,,,,,,,,,,,,,,,,,,,,,,,,,,,,,,,,,,,,,,,,,,,,,,,,,,,,,,,,,,,,,,,,,,,,
TT.C8030020,5901597249214,,LED profile BEGTIN12 recessed J/S alu anodized 3m,"LED profil, BEGTIN12, vgradni, J/S, alu anodiziran, 3m, (R2)",00001602,91086973,,m,76042100,PL,0,,0.42,,0,,3000,mm,6.6,mm,21.3,mm,,,,,4.73,,,,22,0,,,,,,,,,,,,,,,,,,,,,,,,,,,,,,,,,,,,,,,,,,,,,,,,,,,,,,,,,,,,,,,,,,,,,,,,,,,,,,,,,,,,,,,,,,,,,,,,,,,,,,,,,,,,,,,,,,,,,,,,,,,,,,,,,,,,,,,,,,,,,,,,,,,,,,,,,,,,,,,,,,,,,,,,,,,,,,,,,,,,
TT.C8970001,5901597244615,,End cap BEGTIN12 GEN2 with hole white J 20pcs,"Zaključni element (kapa), BEGTIN12 GEN2, z luknjo, bel, 1/10, (R2)",00001602,91086973,,kom,94059200,PL,0.07,,0.07,,0,,10,mm,100,mm,160,mm,,,,,0.62,,,,22,0,,,,,,,,,,,,,,,,,,,,,,,,,,,,,,,,,,,,,,,,,,,,,,,,,,,,,,,,,,,,,,,,,,,,,,,,,,,,,,,,,,,,,,,,,,,,,,,,,,,,,,,,,,,,,,,,,,,,,,,,,,,,,,,,,,,,,,,,,,,,,,,,,,,,,,,,,,,,,,,,,,,,,,,,,,,,,,,,,,,,
TT.C8970002,5901597244592,,End cap BEGTIN12 GEN2 with hole black J 20pcs,"Zaključni element (kapa), BEGTIN12 GEN2, z luknjo, črn, 1/10, (R2)",00001602,91086973,,kom,94059200,PL,0.07,,0.07,,0,,10,mm,100,mm,160,mm,,,,,0.62,,,,22,0,,,,,,,,,,,,,,,,,,,,,,,,,,,,,,,,,,,,,,,,,,,,,,,,,,,,,,,,,,,,,,,,,,,,,,,,,,,,,,,,,,,,,,,,,,,,,,,,,,,,,,,,,,,,,,,,,,,,,,,,,,,,,,,,,,,,,,,,,,,,,,,,,,,,,,,,,,,,,,,,,,,,,,,,,,,,,,,,,,,,
TT.C8970022,5901597244578,,End cap BEGTIN12 GEN2 with hole grey J 20pcs,"Zaključni element (kapa), BEGTIN12 GEN2, z luknjo, siv, 1/10, (R2)",00001602,91086973,,kom,94059200,PL,0.07,,0.07,,0,,10,mm,100,mm,160,mm,,,,,0.62,,,,22,0,,,,,,,,,,,,,,,,,,,,,,,,,,,,,,,,,,,,,,,,,,,,,,,,,,,,,,,,,,,,,,,,,,,,,,,,,,,,,,,,,,,,,,,,,,,,,,,,,,,,,,,,,,,,,,,,,,,,,,,,,,,,,,,,,,,,,,,,,,,,,,,,,,,,,,,,,,,,,,,,,,,,,,,,,,,,,,,,,,,,
TT.C8970040,5901597244554,,End cap BEGTIN12 GEN2 with hole silver J 20pcs,"Zaključni element (kapa), BEGTIN12 GEN2, z luknjo, srebrn, 1/10, (R2)",00001602,91086973,,kom,94059200,PL,0.07,,0.07,,0,,10,mm,100,mm,160,mm,,,,,0.68,,,,22,0,,,,,,,,,,,,,,,,,,,,,,,,,,,,,,,,,,,,,,,,,,,,,,,,,,,,,,,,,,,,,,,,,,,,,,,,,,,,,,,,,,,,,,,,,,,,,,,,,,,,,,,,,,,,,,,,,,,,,,,,,,,,,,,,,,,,,,,,,,,,,,,,,,,,,,,,,,,,,,,,,,,,,,,,,,,,,,,,,,,,
TT.C8980001,5901597236443,,End cap BEGTIN12 GEN2 RD with hole white J 20pcs,"Zaključni element (kapa), BEGTIN12 GEN2 ROUND, z luknjo, bel, 1/10, (R2)",00001602,91086973,,kom,94059200,PL,0.01,,0.01,,0,,10,mm,100,mm,160,mm,,,,,0.62,,,,22,0,,,,,,,,,,,,,,,,,,,,,,,,,,,,,,,,,,,,,,,,,,,,,,,,,,,,,,,,,,,,,,,,,,,,,,,,,,,,,,,,,,,,,,,,,,,,,,,,,,,,,,,,,,,,,,,,,,,,,,,,,,,,,,,,,,,,,,,,,,,,,,,,,,,,,,,,,,,,,,,,,,,,,,,,,,,,,,,,,,,,
TT.C8980002,5901597209362,,End cap BEGTIN12 GEN2 RD with hole black J 20pcs,"Zaključni element (kapa), BEGTIN12 GEN2 ROUND, z luknjo, črn, 1/10, (R2)",00001602,91086973,,kom,94059200,PL,0.01,,0.01,,0,,10,mm,100,mm,160,mm,,,,,0.62,,,,22,0,,,,,,,,,,,,,,,,,,,,,,,,,,,,,,,,,,,,,,,,,,,,,,,,,,,,,,,,,,,,,,,,,,,,,,,,,,,,,,,,,,,,,,,,,,,,,,,,,,,,,,,,,,,,,,,,,,,,,,,,,,,,,,,,,,,,,,,,,,,,,,,,,,,,,,,,,,,,,,,,,,,,,,,,,,,,,,,,,,,,
TT.C8980022,5901597209355,,End cap BEGTIN12 GEN2 RD with hole grey J 20pcs,"Zaključni element (kapa), BEGTIN12 GEN2 ROUND, z luknjo, siv, 1/10, (R2)",00001602,91086973,,kom,94059200,PL,0.01,,0.01,,0,,10,mm,100,mm,160,mm,,,,,0.62,,,,22,0,,,,,,,,,,,,,,,,,,,,,,,,,,,,,,,,,,,,,,,,,,,,,,,,,,,,,,,,,,,,,,,,,,,,,,,,,,,,,,,,,,,,,,,,,,,,,,,,,,,,,,,,,,,,,,,,,,,,,,,,,,,,,,,,,,,,,,,,,,,,,,,,,,,,,,,,,,,,,,,,,,,,,,,,,,,,,,,,,,,,
TT.C8980040,5901597209423,,End cap BEGTIN12 GEN2 RD with hole silver J 20pcs,"Zaključni element (kapa), BEGTIN12 GEN2 ROUND, z luknjo, srebrn, 1/10, (R2)",00001602,91086973,,kom,94059200,PL,0.01,,0.01,,0,,10,mm,100,mm,160,mm,,,,,0.68,,,,22,0,,,,,,,,,,,,,,,,,,,,,,,,,,,,,,,,,,,,,,,,,,,,,,,,,,,,,,,,,,,,,,,,,,,,,,,,,,,,,,,,,,,,,,,,,,,,,,,,,,,,,,,,,,,,,,,,,,,,,,,,,,,,,,,,,,,,,,,,,,,,,,,,,,,,,,,,,,,,,,,,,,,,,,,,,,,,,,,,,,,,
TT.C9020000,5901597209713,,LED profile CABI12 corner E alu raw 2m,"LED profil, CABI12, kotni, E, alu surov, 2m, 1/50, (R2)",00001602,91086973,,m,76042100,PL,0,,0.52,,0,,2000,mm,16.5,mm,16.5,mm,,,,,4.45,,,,22,0,,,,,,,,,,,,,,,,,,,,,,,,,,,,,,,,,,,,,,,,,,,,,,,,,,,,,,,,,,,,,,,,,,,,,,,,,,,,,,,,,,,,,,,,,,,,,,,,,,,,,,,,,,,,,,,,,,,,,,,,,,,,,,,,,,,,,,,,,,,,,,,,,,,,,,,,,,,,,,,,,,,,,,,,,,,,,,,,,,,,
TT.C9020001,5901597209706,,LED profile CABI12 corner E white mat 2m,"LED profil, CABI12, kotni, E, bel mat, 2m, 1/70, (R2)",00001602,91086973,,m,76042100,PL,0,,0.52,,0,,2000,mm,16.5,mm,16.5,mm,,,,,9.24,,,,22,0,,,,,,,,,,,,,,,,,,,,,,,,,,,,,,,,,,,,,,,,,,,,,,,,,,,,,,,,,,,,,,,,,,,,,,,,,,,,,,,,,,,,,,,,,,,,,,,,,,,,,,,,,,,,,,,,,,,,,,,,,,,,,,,,,,,,,,,,,,,,,,,,,,,,,,,,,,,,,,,,,,,,,,,,,,,,,,,,,,,,
TT.C9020020,5901597209737,,LED profile CABI12 corner E alu anodized 2m,"LED profil, CABI12, kotni, E, alu anodiziran, 2m, 1/50, (R2)",00001602,91086973,,m,76042100,PL,0,,0.52,,0,,2000,mm,16.5,mm,16.5,mm,,,,,6.37,,,,22,0,,,,,,,,,,,,,,,,,,,,,,,,,,,,,,,,,,,,,,,,,,,,,,,,,,,,,,,,,,,,,,,,,,,,,,,,,,,,,,,,,,,,,,,,,,,,,,,,,,,,,,,,,,,,,,,,,,,,,,,,,,,,,,,,,,,,,,,,,,,,,,,,,,,,,,,,,,,,,,,,,,,,,,,,,,,,,,,,,,,,
TT.C9020021,5901597209690,,LED profile CABI12 corner E black anodized 2m,"LED profil, CABI12, kotni, E, črn anodiziran, 2m, 1/70, (R2)",00001602,91086973,,m,76042100,PL,0,,0.52,,0,,2000,mm,16.5,mm,16.5,mm,,,,,9.07,,,,22,0,,,,,,,,,,,,,,,,,,,,,,,,,,,,,,,,,,,,,,,,,,,,,,,,,,,,,,,,,,,,,,,,,,,,,,,,,,,,,,,,,,,,,,,,,,,,,,,,,,,,,,,,,,,,,,,,,,,,,,,,,,,,,,,,,,,,,,,,,,,,,,,,,,,,,,,,,,,,,,,,,,,,,,,,,,,,,,,,,,,,
TT.C9980001,5901597217350,,End cap CABI12 white E/F 20pcs,"Zaključni element (kapa), CABI12, bel, 1/10, (R2)",00001602,91086973,,kom,94059200,PL,0.01,,0.01,,0,,10,mm,100,mm,160,mm,,,,,0.52,,,,22,0,,,,,,,,,,,,,,,,,,,,,,,,,,,,,,,,,,,,,,,,,,,,,,,,,,,,,,,,,,,,,,,,,,,,,,,,,,,,,,,,,,,,,,,,,,,,,,,,,,,,,,,,,,,,,,,,,,,,,,,,,,,,,,,,,,,,,,,,,,,,,,,,,,,,,,,,,,,,,,,,,,,,,,,,,,,,,,,,,,,,
TT.C9980002,5901597209386,,End cap CABI12 black E/F 20pcs,"Zaključni element (kapa), CABI12, črn, 1/10, (R2)",00001602,91086973,,kom,94059200,PL,0.01,,0.01,,0,,10,mm,100,mm,160,mm,,,,,0.52,,,,22,0,,,,,,,,,,,,,,,,,,,,,,,,,,,,,,,,,,,,,,,,,,,,,,,,,,,,,,,,,,,,,,,,,,,,,,,,,,,,,,,,,,,,,,,,,,,,,,,,,,,,,,,,,,,,,,,,,,,,,,,,,,,,,,,,,,,,,,,,,,,,,,,,,,,,,,,,,,,,,,,,,,,,,,,,,,,,,,,,,,,,
TT.C9980022,5901597217343,,End cap CABI12 grey E/F 20pcs,"Zaključni element (kapa), CABI12, siv, 1/10, (R2)",00001602,91086973,,kom,94059200,PL,0.01,,0.01,,0,,10,mm,100,mm,160,mm,,,,,0.52,,,,22,0,,,,,,,,,,,,,,,,,,,,,,,,,,,,,,,,,,,,,,,,,,,,,,,,,,,,,,,,,,,,,,,,,,,,,,,,,,,,,,,,,,,,,,,,,,,,,,,,,,,,,,,,,,,,,,,,,,,,,,,,,,,,,,,,,,,,,,,,,,,,,,,,,,,,,,,,,,,,,,,,,,,,,,,,,,,,,,,,,,,,
TT.C9980040,5901597209379,,End cap CABI12 silver E 20pcs,"Zaključni element (kapa), CABI12, srebrn, 1/10, (R2)",00001602,91086973,,kom,94059200,PL,0.01,,0.01,,0,,10,mm,100,mm,160,mm,,,,,0.56,,,,22,0,,,,,,,,,,,,,,,,,,,,,,,,,,,,,,,,,,,,,,,,,,,,,,,,,,,,,,,,,,,,,,,,,,,,,,,,,,,,,,,,,,,,,,,,,,,,,,,,,,,,,,,,,,,,,,,,,,,,,,,,,,,,,,,,,,,,,,,,,,,,,,,,,,,,,,,,,,,,,,,,,,,,,,,,,,,,,,,,,,,,
TT.D3020020,5901597239956,,LED profile QUARTER10 corner BD/U6 alu anodized 2m,"LED profil, QUARTER10, kotni, BD/U6, alu anodiziran, 2m, 1/50, (R2)",00001602,91086973,,m,76042100,PL,0,,0.152,,0,,2000,mm,16.5,mm,7,mm,,,,,5.41,,,,22,0,,,,,,,,,,,,,,,,,,,,,,,,,,,,,,,,,,,,,,,,,,,,,,,,,,,,,,,,,,,,,,,,,,,,,,,,,,,,,,,,,,,,,,,,,,,,,,,,,,,,,,,,,,,,,,,,,,,,,,,,,,,,,,,,,,,,,,,,,,,,,,,,,,,,,,,,,,,,,,,,,,,,,,,,,,,,,,,,,,,,
TT.D3030020,5901597251316,,LED profile QUARTER10 corner BD/U6 alu anodized 3m,"LED profil, QUARTER10, kotni, BD/U6, alu anodiziran, 3m, (R2)",00001602,91086973,,m,76042100,PL,0,,0.228,,0,,3000,mm,16.5,mm,14.5,mm,,,,,5.82,,,,22,0,,,,,,,,,,,,,,,,,,,,,,,,,,,,,,,,,,,,,,,,,,,,,,,,,,,,,,,,,,,,,,,,,,,,,,,,,,,,,,,,,,,,,,,,,,,,,,,,,,,,,,,,,,,,,,,,,,,,,,,,,,,,,,,,,,,,,,,,,,,,,,,,,,,,,,,,,,,,,,,,,,,,,,,,,,,,,,,,,,,,
TT.D3960019,5901597239604,,Mounting plate U6 inox 20pcs,"Montažna ploščica U6, za LED profil, inox, (R2)",00001602,91086973,,kom,83024900,PL,0.074,,0.074,,0,,10,mm,100,mm,160,mm,,,,,0.92,,,,22,10,,,,,,,,,,,,,,,,,,,,,,,,,,,,,,,,,,,,,,,,,,,,,,,,,,,,,,,,,,,,,,,,,,,,,,,,,,,,,,,,,,,,,,,,,,,,,,,,,,,,,,,,,,,,,,,,,,,,,,,,,,,,,,,,,,,,,,,,,,,,,,,,,,,,,,,,,,,,,,,,,,,,,,,,,,,,,,,,,,,,
TT.D3970019,5901597239611,,Mounting plate U6 CONE inox 20pcs,"Montažna ploščica U6, za LED profil, poglobljena (CONE), inox, (R2)",00001602,91086973,,kom,83024900,PL,0.03,,0.03,,0,,10,mm,100,mm,160,mm,,,,,1.04,,,,22,10,,,,,,,,,,,,,,,,,,,,,,,,,,,,,,,,,,,,,,,,,,,,,,,,,,,,,,,,,,,,,,,,,,,,,,,,,,,,,,,,,,,,,,,,,,,,,,,,,,,,,,,,,,,,,,,,,,,,,,,,,,,,,,,,,,,,,,,,,,,,,,,,,,,,,,,,,,,,,,,,,,,,,,,,,,,,,,,,,,,,
TT.D3980022,5901597244110,,End cap QUARTER10 grey B 20pcs,"Zaključni element (kapa), QUARTER10, siv, 1/10, (R2)",00001602,91086973,,kom,94059200,PL,0.01,,0.01,,0,,10,mm,100,mm,160,mm,,,,,0.52,,,,22,0,,,,,,,,,,,,,,,,,,,,,,,,,,,,,,,,,,,,,,,,,,,,,,,,,,,,,,,,,,,,,,,,,,,,,,,,,,,,,,,,,,,,,,,,,,,,,,,,,,,,,,,,,,,,,,,,,,,,,,,,,,,,,,,,,,,,,,,,,,,,,,,,,,,,,,,,,,,,,,,,,,,,,,,,,,,,,,,,,,,,
TT.D3980040,5901597239550,,End cap QUARTER10 silver B,"Zaključni element (kapa), QUARTER10, srebrn, 1/10, (R2)",00001602,91086973,,kom,94059200,PL,0.01,,0.01,,0,,10,mm,100,mm,160,mm,,,,,0.56,,,,22,0,,,,,,,,,,,,,,,,,,,,,,,,,,,,,,,,,,,,,,,,,,,,,,,,,,,,,,,,,,,,,,,,,,,,,,,,,,,,,,,,,,,,,,,,,,,,,,,,,,,,,,,,,,,,,,,,,,,,,,,,,,,,,,,,,,,,,,,,,,,,,,,,,,,,,,,,,,,,,,,,,,,,,,,,,,,,,,,,,,,,
TT.D3990022,5901597239567,,End cap QUARTER10 grey D,"Zaključni element (kapa), QUARTER10, siv, 1/10, (R2)",00001602,91086973,,kom,94059200,PL,0.02,,0.02,,0,,10,mm,100,mm,160,mm,,,,,1.04,,,,22,0,,,,,,,,,,,,,,,,,,,,,,,,,,,,,,,,,,,,,,,,,,,,,,,,,,,,,,,,,,,,,,,,,,,,,,,,,,,,,,,,,,,,,,,,,,,,,,,,,,,,,,,,,,,,,,,,,,,,,,,,,,,,,,,,,,,,,,,,,,,,,,,,,,,,,,,,,,,,,,,,,,,,,,,,,,,,,,,,,,,,
TT.D3990040,5901597239574,,End cap QUARTER10 silver D,"Zaključni element (kapa), QUARTER10, srebrn, 1/10, (R2)",00001602,91086973,,kom,94059200,PL,0.01,,0.01,,0,,10,mm,100,mm,160,mm,,,,,1.04,,,,22,0,,,,,,,,,,,,,,,,,,,,,,,,,,,,,,,,,,,,,,,,,,,,,,,,,,,,,,,,,,,,,,,,,,,,,,,,,,,,,,,,,,,,,,,,,,,,,,,,,,,,,,,,,,,,,,,,,,,,,,,,,,,,,,,,,,,,,,,,,,,,,,,,,,,,,,,,,,,,,,,,,,,,,,,,,,,,,,,,,,,,
TT.E3020000,5901597237198,,LED profile SMART-IN10 recessed AC2/Z alu raw 2m,"LED profil, SMART-IN10, vgradni, AC2/Z, alu surov, 2m, 1/50, (R2)",00001602,91086973,,m,76042100,PL,0,,0.1,,0,,2000,mm,18.8,mm,12,mm,,,,,4.81,,,,22,0,,,,,,,,,,,,,,,,,,,,,,,,,,,,,,,,,,,,,,,,,,,,,,,,,,,,,,,,,,,,,,,,,,,,,,,,,,,,,,,,,,,,,,,,,,,,,,,,,,,,,,,,,,,,,,,,,,,,,,,,,,,,,,,,,,,,,,,,,,,,,,,,,,,,,,,,,,,,,,,,,,,,,,,,,,,,,,,,,,,,
TT.E3020001,5901597237235,,LED profile SMART-IN10 recessed AC2/Z white mat 2m,"LED profil, SMART-IN10, vgradni, AC2/Z, bel mat, 2m, 1/50, (R2)",00001602,91086973,,m,76042100,PL,0,,0.2,,0,,2000,mm,18.8,mm,12,mm,,,,,8.41,,,,22,0,,,,,,,,,,,,,,,,,,,,,,,,,,,,,,,,,,,,,,,,,,,,,,,,,,,,,,,,,,,,,,,,,,,,,,,,,,,,,,,,,,,,,,,,,,,,,,,,,,,,,,,,,,,,,,,,,,,,,,,,,,,,,,,,,,,,,,,,,,,,,,,,,,,,,,,,,,,,,,,,,,,,,,,,,,,,,,,,,,,,
TT.E3020020,5901597237174,,LED profile SMART-IN10 recessed AC2/Z alu anodized 2m,"LED profil, SMART-IN10, vgradni, AC2/Z, alu anodiziran, 2m, 1/50, (R2)",00001602,91086973,,m,76042100,PL,0,,0.1,,0,,2000,mm,18.8,mm,12,mm,,,,,6.09,,,,22,0,,,,,,,,,,,,,,,,,,,,,,,,,,,,,,,,,,,,,,,,,,,,,,,,,,,,,,,,,,,,,,,,,,,,,,,,,,,,,,,,,,,,,,,,,,,,,,,,,,,,,,,,,,,,,,,,,,,,,,,,,,,,,,,,,,,,,,,,,,,,,,,,,,,,,,,,,,,,,,,,,,,,,,,,,,,,,,,,,,,,
TT.E3020021,5901597237211,,LED profile SMART-IN10 recessed AC2/Z black anodized 2m,LED PROFIL SMART-IN10 vgradni AC2/Z črn anodiziran 2m,00001602,91086973,,m,76042100,PL,0,,0.2,,0,,2000,mm,18.8,mm,12,mm,,,,,8.79,,,,22,0,,,,,,,,,,,,,,,,,,,,,,,,,,,,,,,,,,,,,,,,,,,,,,,,,,,,,,,,,,,,,,,,,,,,,,,,,,,,,,,,,,,,,,,,,,,,,,,,,,,,,,,,,,,,,,,,,,,,,,,,,,,,,,,,,,,,,,,,,,,,,,,,,,,,,,,,,,,,,,,,,,,,,,,,,,,,,,,,,,,,
TT.E3990001,5901597237396,,End cap SMART-IN10 with hole white A/C2 20pcs,"Zaključni element (kapa), SMART-IN10, z luknjo, bel, 1/10, (R2)",00001602,91086973,,kom,94059200,PL,0.02,,0.02,,0,,10,mm,100,mm,160,mm,,,,,0.52,,,,22,0,,,,,,,,,,,,,,,,,,,,,,,,,,,,,,,,,,,,,,,,,,,,,,,,,,,,,,,,,,,,,,,,,,,,,,,,,,,,,,,,,,,,,,,,,,,,,,,,,,,,,,,,,,,,,,,,,,,,,,,,,,,,,,,,,,,,,,,,,,,,,,,,,,,,,,,,,,,,,,,,,,,,,,,,,,,,,,,,,,,,
TT.E3990002,5901597237402,,End cap SMART-IN10 with hole black A/C2,"Zaključni element (kapa), SMART-IN10, z luknjo, črn, 1/10, (R2)",00001602,91086973,,kom,94059200,PL,0.02,,0.02,,0,,10,mm,100,mm,160,mm,,,,,0.52,,,,22,0,,,,,,,,,,,,,,,,,,,,,,,,,,,,,,,,,,,,,,,,,,,,,,,,,,,,,,,,,,,,,,,,,,,,,,,,,,,,,,,,,,,,,,,,,,,,,,,,,,,,,,,,,,,,,,,,,,,,,,,,,,,,,,,,,,,,,,,,,,,,,,,,,,,,,,,,,,,,,,,,,,,,,,,,,,,,,,,,,,,,
TT.E3990022,5901597237389,,End cap SMART-IN10 with hole grey A/C2,"Zaključni element (kapa), SMART-IN10, z luknjo, siv, 1/10, (R2)",00001602,91086973,,kom,94059200,PL,0.02,,0.02,,0,,10,mm,100,mm,160,mm,,,,,0.52,,,,22,0,,,,,,,,,,,,,,,,,,,,,,,,,,,,,,,,,,,,,,,,,,,,,,,,,,,,,,,,,,,,,,,,,,,,,,,,,,,,,,,,,,,,,,,,,,,,,,,,,,,,,,,,,,,,,,,,,,,,,,,,,,,,,,,,,,,,,,,,,,,,,,,,,,,,,,,,,,,,,,,,,,,,,,,,,,,,,,,,,,,,
TT.E3990040,5901597237419,,End cap SMART-IN10 with hole silver A/C2,"Zaključni element (kapa), SMART-IN10, z luknjo, srebrn, 1/10, (R2)",00001602,91086973,,kom,94059200,PL,0.02,,0.02,,0,,10,mm,100,mm,160,mm,,,,,0.56,,,,22,0,,,,,,,,,,,,,,,,,,,,,,,,,,,,,,,,,,,,,,,,,,,,,,,,,,,,,,,,,,,,,,,,,,,,,,,,,,,,,,,,,,,,,,,,,,,,,,,,,,,,,,,,,,,,,,,,,,,,,,,,,,,,,,,,,,,,,,,,,,,,,,,,,,,,,,,,,,,,,,,,,,,,,,,,,,,,,,,,,,,,
TT.E4020000,5901597237297,,LED profile LINEA-IN20 recessed EFE7/U7 alu raw 2m,"LED profil, LINEA-IN20, vgradni, EFE7/U7, alu surov, 2m, 1/30, (R2)",00001602,91086973,,m,76042100,PL,0,,0.315,,0,,3000,mm,3,mm,33.4,mm,,,,,7.11,,,,22,0,,,,,,,,,,,,,,,,,,,,,,,,,,,,,,,,,,,,,,,,,,,,,,,,,,,,,,,,,,,,,,,,,,,,,,,,,,,,,,,,,,,,,,,,,,,,,,,,,,,,,,,,,,,,,,,,,,,,,,,,,,,,,,,,,,,,,,,,,,,,,,,,,,,,,,,,,,,,,,,,,,,,,,,,,,,,,,,,,,,,
TT.E4020001,5901597237334,,LED profile LINEA-IN20 recessed EFE7/U7 white mat 2m,"LED profil, LINEA-IN20, vgradni, EFE7/U7, bel mat, 2m, 1/35, (R2)",00001602,91086973,,m,76042100,PL,0,,1.26,,0,,3000,mm,3.9,mm,29.1,mm,,,,,16.38,,,,22,0,,,,,,,,,,,,,,,,,,,,,,,,,,,,,,,,,,,,,,,,,,,,,,,,,,,,,,,,,,,,,,,,,,,,,,,,,,,,,,,,,,,,,,,,,,,,,,,,,,,,,,,,,,,,,,,,,,,,,,,,,,,,,,,,,,,,,,,,,,,,,,,,,,,,,,,,,,,,,,,,,,,,,,,,,,,,,,,,,,,,
TT.E4020020,5901597237273,,LED profile LINEA-IN20 recessed EFE7/U7 alu anodized 2m,"LED profil, LINEA-IN20, vgradni, EFE7/U7, alu anodiziran, 2m, 1/30, (R2)",00001602,91086973,,m,76042100,PL,0,,0.424,,0,,2000,mm,20.4,mm,30,mm,,,,,10.99,,,,22,0,,,,,,,,,,,,,,,,,,,,,,,,,,,,,,,,,,,,,,,,,,,,,,,,,,,,,,,,,,,,,,,,,,,,,,,,,,,,,,,,,,,,,,,,,,,,,,,,,,,,,,,,,,,,,,,,,,,,,,,,,,,,,,,,,,,,,,,,,,,,,,,,,,,,,,,,,,,,,,,,,,,,,,,,,,,,,,,,,,,,
TT.E4020021,5901597237310,,LED profile LINEA-IN20 recessed EFE7/U7 black anodized 2m,"LED profil, LINEA-IN20, vgradni, EFE7/U7, črn anodiziran, 2m, 1/35, (R2)",00001602,91086973,,m,76042100,PL,0,,0.432,,0,,2000,mm,20.4,mm,30,mm,,,,,15.56,,,,22,0,,,,,,,,,,,,,,,,,,,,,,,,,,,,,,,,,,,,,,,,,,,,,,,,,,,,,,,,,,,,,,,,,,,,,,,,,,,,,,,,,,,,,,,,,,,,,,,,,,,,,,,,,,,,,,,,,,,,,,,,,,,,,,,,,,,,,,,,,,,,,,,,,,,,,,,,,,,,,,,,,,,,,,,,,,,,,,,,,,,,
TT.E4880019S,5901597239659,,Mounting plate U7 spring inox 2pcs,"Montažna ploščica U7, za LED profil, vzmetna (SPRING), inox, (R2)",00001602,91086973,,kom,83024900,PL,0.028,,0.028,,0,,10,mm,100,mm,160,mm,,,,,14.52,,,,22,100,,,,,,,,,,,,,,,,,,,,,,,,,,,,,,,,,,,,,,,,,,,,,,,,,,,,,,,,,,,,,,,,,,,,,,,,,,,,,,,,,,,,,,,,,,,,,,,,,,,,,,,,,,,,,,,,,,,,,,,,,,,,,,,,,,,,,,,,,,,,,,,,,,,,,,,,,,,,,,,,,,,,,,,,,,,,,,,,,,,,
TT.E4890001S,5901597239758,,Corner connector LINEA-IN20 60° white,"Kotni element 60° LINEA-IN20, za LED profil, bel, (R2)",00001602,91086973,,kom,83024900,PL,0.033,,0.033,,0,,10,mm,100,mm,160,mm,,,,,23.61,,,,22,10,,,,,,,,,,,,,,,,,,,,,,,,,,,,,,,,,,,,,,,,,,,,,,,,,,,,,,,,,,,,,,,,,,,,,,,,,,,,,,,,,,,,,,,,,,,,,,,,,,,,,,,,,,,,,,,,,,,,,,,,,,,,,,,,,,,,,,,,,,,,,,,,,,,,,,,,,,,,,,,,,,,,,,,,,,,,,,,,,,,,
TT.E4890020S,5901597239765,,Corner connector LINEA-IN20 60° alu,"Kotni element 60° LINEA-IN20, za LED profil, alu, (R2)",00001602,91086973,,kom,83024900,PL,0.033,,0.033,,0,,10,mm,100,mm,160,mm,,,,,21.69,,,,22,10,,,,,,,,,,,,,,,,,,,,,,,,,,,,,,,,,,,,,,,,,,,,,,,,,,,,,,,,,,,,,,,,,,,,,,,,,,,,,,,,,,,,,,,,,,,,,,,,,,,,,,,,,,,,,,,,,,,,,,,,,,,,,,,,,,,,,,,,,,,,,,,,,,,,,,,,,,,,,,,,,,,,,,,,,,,,,,,,,,,,
TT.E4890021S,5901597239772,,Corner connector LINEA-IN20 60° black,"Kotni element 60° LINEA-IN20, za LED profil, črn, (R2)",00001602,91086973,,kom,83024900,PL,0.033,,0.033,,0,,10,mm,100,mm,160,mm,,,,,22.03,,,,22,10,,,,,,,,,,,,,,,,,,,,,,,,,,,,,,,,,,,,,,,,,,,,,,,,,,,,,,,,,,,,,,,,,,,,,,,,,,,,,,,,,,,,,,,,,,,,,,,,,,,,,,,,,,,,,,,,,,,,,,,,,,,,,,,,,,,,,,,,,,,,,,,,,,,,,,,,,,,,,,,,,,,,,,,,,,,,,,,,,,,,
TT.E4900001S,5901597239789,,Corner connector LINEA-IN20 90° white,"Kotni element 90° LINEA-IN20, za LED profil, bel, (R2)",00001602,91086973,,kom,83024900,PL,0.04,,0.04,,0,,10,mm,100,mm,160,mm,,,,,23.89,,,,22,10,,,,,,,,,,,,,,,,,,,,,,,,,,,,,,,,,,,,,,,,,,,,,,,,,,,,,,,,,,,,,,,,,,,,,,,,,,,,,,,,,,,,,,,,,,,,,,,,,,,,,,,,,,,,,,,,,,,,,,,,,,,,,,,,,,,,,,,,,,,,,,,,,,,,,,,,,,,,,,,,,,,,,,,,,,,,,,,,,,,,
TT.E4900020S,5901597239796,,Corner connector LINEA-IN20 90° alu,"Kotni element 90° LINEA-IN20, za LED profil, alu, (R2)",00001602,91086973,,kom,83024900,PL,0.04,,0.04,,0,,10,mm,100,mm,160,mm,,,,,21.94,,,,22,10,,,,,,,,,,,,,,,,,,,,,,,,,,,,,,,,,,,,,,,,,,,,,,,,,,,,,,,,,,,,,,,,,,,,,,,,,,,,,,,,,,,,,,,,,,,,,,,,,,,,,,,,,,,,,,,,,,,,,,,,,,,,,,,,,,,,,,,,,,,,,,,,,,,,,,,,,,,,,,,,,,,,,,,,,,,,,,,,,,,,
TT.E4900021S,5901597239802,,Corner connector LINEA-IN20 90° black,"Kotni element 90° LINEA-IN20, za LED profil, črn, (R2)",00001602,91086973,,kom,83024900,PL,0.04,,0.04,,0,,10,mm,100,mm,160,mm,,,,,22.31,,,,22,10,,,,,,,,,,,,,,,,,,,,,,,,,,,,,,,,,,,,,,,,,,,,,,,,,,,,,,,,,,,,,,,,,,,,,,,,,,,,,,,,,,,,,,,,,,,,,,,,,,,,,,,,,,,,,,,,,,,,,,,,,,,,,,,,,,,,,,,,,,,,,,,,,,,,,,,,,,,,,,,,,,,,,,,,,,,,,,,,,,,,
TT.E4910001S,5901597239819,,Corner connector LINEA-IN20 90° inner white,"Kotni element 90° notranji LINEA-IN20, za LED profil, bel, (R2)",00001602,91086973,,kom,83024900,PL,0.04,,0.04,,0,,10,mm,100,mm,160,mm,,,,,23.02,,,,22,10,,,,,,,,,,,,,,,,,,,,,,,,,,,,,,,,,,,,,,,,,,,,,,,,,,,,,,,,,,,,,,,,,,,,,,,,,,,,,,,,,,,,,,,,,,,,,,,,,,,,,,,,,,,,,,,,,,,,,,,,,,,,,,,,,,,,,,,,,,,,,,,,,,,,,,,,,,,,,,,,,,,,,,,,,,,,,,,,,,,,
TT.E4910020S,5901597239826,,Corner connector LINEA-IN20 90° inner alu,"Kotni element 90° notranji LINEA-IN20, za LED profil, alu, (R2)",00001602,91086973,,kom,83024900,PL,0.04,,0.04,,0,,10,mm,100,mm,160,mm,,,,,27.78,,,,22,10,,,,,,,,,,,,,,,,,,,,,,,,,,,,,,,,,,,,,,,,,,,,,,,,,,,,,,,,,,,,,,,,,,,,,,,,,,,,,,,,,,,,,,,,,,,,,,,,,,,,,,,,,,,,,,,,,,,,,,,,,,,,,,,,,,,,,,,,,,,,,,,,,,,,,,,,,,,,,,,,,,,,,,,,,,,,,,,,,,,,
TT.E4910021S,5901597239833,,Corner connector LINEA-IN20 90° inner black,"Kotni element 90° notranji LINEA-IN20, za LED profil, črn, (R2)",00001602,91086973,,kom,83024900,PL,0.04,,0.04,,0,,10,mm,100,mm,160,mm,,,,,25.77,,,,22,10,,,,,,,,,,,,,,,,,,,,,,,,,,,,,,,,,,,,,,,,,,,,,,,,,,,,,,,,,,,,,,,,,,,,,,,,,,,,,,,,,,,,,,,,,,,,,,,,,,,,,,,,,,,,,,,,,,,,,,,,,,,,,,,,,,,,,,,,,,,,,,,,,,,,,,,,,,,,,,,,,,,,,,,,,,,,,,,,,,,,
TT.E4920001S,5901597239840,,Corner connector LINEA-IN20 120° white,"Kotni element 120° LINEA-IN20, za LED profil, bel, (R2)",00001602,91086973,,kom,83024900,PL,0.033,,0.033,,0,,10,mm,100,mm,160,mm,,,,,23.55,,,,22,10,,,,,,,,,,,,,,,,,,,,,,,,,,,,,,,,,,,,,,,,,,,,,,,,,,,,,,,,,,,,,,,,,,,,,,,,,,,,,,,,,,,,,,,,,,,,,,,,,,,,,,,,,,,,,,,,,,,,,,,,,,,,,,,,,,,,,,,,,,,,,,,,,,,,,,,,,,,,,,,,,,,,,,,,,,,,,,,,,,,,
TT.E4920020S,5901597239857,,Corner connector LINEA-IN20 120° alu,"Kotni element 120° LINEA-IN20, za LED profil, alu, (R2)",00001602,91086973,,kom,83024900,PL,0.033,,0.033,,0,,10,mm,100,mm,160,mm,,,,,21.63,,,,22,10,,,,,,,,,,,,,,,,,,,,,,,,,,,,,,,,,,,,,,,,,,,,,,,,,,,,,,,,,,,,,,,,,,,,,,,,,,,,,,,,,,,,,,,,,,,,,,,,,,,,,,,,,,,,,,,,,,,,,,,,,,,,,,,,,,,,,,,,,,,,,,,,,,,,,,,,,,,,,,,,,,,,,,,,,,,,,,,,,,,,
TT.E4920021S,5901597239864,,Corner connector LINEA-IN20 120° black,"Kotni element 120° LINEA-IN20, za LED profil, črn, (R2)",00001602,91086973,,kom,83024900,PL,0.033,,0.033,,0,,10,mm,100,mm,160,mm,,,,,21.97,,,,22,10,,,,,,,,,,,,,,,,,,,,,,,,,,,,,,,,,,,,,,,,,,,,,,,,,,,,,,,,,,,,,,,,,,,,,,,,,,,,,,,,,,,,,,,,,,,,,,,,,,,,,,,,,,,,,,,,,,,,,,,,,,,,,,,,,,,,,,,,,,,,,,,,,,,,,,,,,,,,,,,,,,,,,,,,,,,,,,,,,,,,
TT.E4930001S,5901597239871,,Corner connector LINEA-IN20 135° white,"Kotni element 135° LINEA-IN20, za LED profil, bel, (R2)",00001602,91086973,,kom,83024900,PL,0,,0,,0,,10,mm,100,mm,160,mm,,,,,23.55,,,,22,10,,,,,,,,,,,,,,,,,,,,,,,,,,,,,,,,,,,,,,,,,,,,,,,,,,,,,,,,,,,,,,,,,,,,,,,,,,,,,,,,,,,,,,,,,,,,,,,,,,,,,,,,,,,,,,,,,,,,,,,,,,,,,,,,,,,,,,,,,,,,,,,,,,,,,,,,,,,,,,,,,,,,,,,,,,,,,,,,,,,,
TT.E4930020S,5901597239888,,Corner connector LINEA-IN20 135° alu,"Kotni element 135° LINEA-IN20, za LED profil, alu, (R2)",00001602,91086973,,kom,83024900,PL,0,,0,,0,,10,mm,100,mm,160,mm,,,,,21.63,,,,22,10,,,,,,,,,,,,,,,,,,,,,,,,,,,,,,,,,,,,,,,,,,,,,,,,,,,,,,,,,,,,,,,,,,,,,,,,,,,,,,,,,,,,,,,,,,,,,,,,,,,,,,,,,,,,,,,,,,,,,,,,,,,,,,,,,,,,,,,,,,,,,,,,,,,,,,,,,,,,,,,,,,,,,,,,,,,,,,,,,,,,
TT.E4930021S,5901597239895,,Corner connector LINEA-IN20 135° black,"Kotni element 135° LINEA-IN20, za LED profil, črn, (R2)",00001602,91086973,,kom,83024900,PL,0.15,,0.15,,0,,10,mm,100,mm,160,mm,,,,,21.97,,,,22,10,,,,,,,,,,,,,,,,,,,,,,,,,,,,,,,,,,,,,,,,,,,,,,,,,,,,,,,,,,,,,,,,,,,,,,,,,,,,,,,,,,,,,,,,,,,,,,,,,,,,,,,,,,,,,,,,,,,,,,,,,,,,,,,,,,,,,,,,,,,,,,,,,,,,,,,,,,,,,,,,,,,,,,,,,,,,,,,,,,,,
TT.E4940000S,5901597239901,,Corner connector LINEA-IN20 180° silver,"Kotni element 180° LINEA-IN20, za LED profil, (R2)",00001602,91086973,,kom,83024900,PL,0.15,,0.15,,0,,10,mm,100,mm,160,mm,,,,,4.11,,,,22,10,,,,,,,,,,,,,,,,,,,,,,,,,,,,,,,,,,,,,,,,,,,,,,,,,,,,,,,,,,,,,,,,,,,,,,,,,,,,,,,,,,,,,,,,,,,,,,,,,,,,,,,,,,,,,,,,,,,,,,,,,,,,,,,,,,,,,,,,,,,,,,,,,,,,,,,,,,,,,,,,,,,,,,,,,,,,,,,,,,,,
TT.E4950001S,5901597239918,,Corner connector LINEA-IN20 270° outdoor white,"Kotni element 270° zunanji LINEA-IN20, za LED profil, bel, (R2)",00001602,91086973,,kom,83024900,PL,0.15,,0.15,,0,,10,mm,100,mm,160,mm,,,,,29.94,,,,22,10,,,,,,,,,,,,,,,,,,,,,,,,,,,,,,,,,,,,,,,,,,,,,,,,,,,,,,,,,,,,,,,,,,,,,,,,,,,,,,,,,,,,,,,,,,,,,,,,,,,,,,,,,,,,,,,,,,,,,,,,,,,,,,,,,,,,,,,,,,,,,,,,,,,,,,,,,,,,,,,,,,,,,,,,,,,,,,,,,,,,
TT.E4950020S,5901597239925,,Corner connector LINEA-IN20 270° outdoor alu,"Kotni element 270° zunanji LINEA-IN20, za LED profil, alu, (R2)",00001602,91086973,,kom,83024900,PL,0.078,,0.078,,0,,10,mm,100,mm,160,mm,,,,,27.47,,,,22,10,,,,,,,,,,,,,,,,,,,,,,,,,,,,,,,,,,,,,,,,,,,,,,,,,,,,,,,,,,,,,,,,,,,,,,,,,,,,,,,,,,,,,,,,,,,,,,,,,,,,,,,,,,,,,,,,,,,,,,,,,,,,,,,,,,,,,,,,,,,,,,,,,,,,,,,,,,,,,,,,,,,,,,,,,,,,,,,,,,,,
TT.E4950021S,5901597239932,,Corner connector LINEA-IN20 270° outdoor black,"Kotni element 270° zunanji LINEA-IN20, za LED profil, črn, (R2)",00001602,91086973,,kom,83024900,PL,0.104,,0.104,,0,,10,mm,100,mm,160,mm,,,,,27.81,,,,22,10,,,,,,,,,,,,,,,,,,,,,,,,,,,,,,,,,,,,,,,,,,,,,,,,,,,,,,,,,,,,,,,,,,,,,,,,,,,,,,,,,,,,,,,,,,,,,,,,,,,,,,,,,,,,,,,,,,,,,,,,,,,,,,,,,,,,,,,,,,,,,,,,,,,,,,,,,,,,,,,,,,,,,,,,,,,,,,,,,,,,
TT.E4960019,5901597239628,,Mounting plate U7 inox 20pcs,"Montažna ploščica U7, za LED profil, inox, (R2)",00001602,91086973,,kom,83024900,PL,0.52,,0.52,,0,,10,mm,100,mm,160,mm,,,,,2,,,,22,10,,,,,,,,,,,,,,,,,,,,,,,,,,,,,,,,,,,,,,,,,,,,,,,,,,,,,,,,,,,,,,,,,,,,,,,,,,,,,,,,,,,,,,,,,,,,,,,,,,,,,,,,,,,,,,,,,,,,,,,,,,,,,,,,,,,,,,,,,,,,,,,,,,,,,,,,,,,,,,,,,,,,,,,,,,,,,,,,,,,,
TT.E4970019,5901597239635,,Mounting plate U7 CONE inox 20pcs,"Montažna ploščica U7, za LED profil, poglobljena (CONE), inox, (R2)",00001602,91086973,,kom,83024900,PL,0.06,,0.06,,0,,10,mm,100,mm,160,mm,,,,,1.5,,,,22,10,,,,,,,,,,,,,,,,,,,,,,,,,,,,,,,,,,,,,,,,,,,,,,,,,,,,,,,,,,,,,,,,,,,,,,,,,,,,,,,,,,,,,,,,,,,,,,,,,,,,,,,,,,,,,,,,,,,,,,,,,,,,,,,,,,,,,,,,,,,,,,,,,,,,,,,,,,,,,,,,,,,,,,,,,,,,,,,,,,,,
TT.E4980019,5901597239642,,,"Montažna ploščica U7, za LED profil, nazobčana (RACK), inox, (R2)",00001602,91086973,,kom,83024900,PL,0.05,,0.05,,0,,10,mm,100,mm,160,mm,,,,,8.3,,,,22,10,,,,,,,,,,,,,,,,,,,,,,,,,,,,,,,,,,,,,,,,,,,,,,,,,,,,,,,,,,,,,,,,,,,,,,,,,,,,,,,,,,,,,,,,,,,,,,,,,,,,,,,,,,,,,,,,,,,,,,,,,,,,,,,,,,,,,,,,,,,,,,,,,,,,,,,,,,,,,,,,,,,,,,,,,,,,,,,,,,,,
TT.E4990001,5901597237013,,End cap LINEA-IN20 with hole white E/F,"Zaključni element (kapa), LINEA-IN20, z luknjo, bel, 1/10, (R2)",00001602,91086973,,kom,94059200,PL,0.33,,0.33,,0,,10,mm,100,mm,160,mm,,,,,1.28,,,,22,0,,,,,,,,,,,,,,,,,,,,,,,,,,,,,,,,,,,,,,,,,,,,,,,,,,,,,,,,,,,,,,,,,,,,,,,,,,,,,,,,,,,,,,,,,,,,,,,,,,,,,,,,,,,,,,,,,,,,,,,,,,,,,,,,,,,,,,,,,,,,,,,,,,,,,,,,,,,,,,,,,,,,,,,,,,,,,,,,,,,,
TT.E4990022,5901597236399,,End cap LINEA-IN20 with hole grey E/F,"Zaključni element (kapa), LINEA-IN20, z luknjo, siv, 1/10, (R2)",00001602,91086973,,kom,94059200,PL,0.33,,0.33,,0,,10,mm,100,mm,160,mm,,,,,1.28,,,,22,0,,,,,,,,,,,,,,,,,,,,,,,,,,,,,,,,,,,,,,,,,,,,,,,,,,,,,,,,,,,,,,,,,,,,,,,,,,,,,,,,,,,,,,,,,,,,,,,,,,,,,,,,,,,,,,,,,,,,,,,,,,,,,,,,,,,,,,,,,,,,,,,,,,,,,,,,,,,,,,,,,,,,,,,,,,,,,,,,,,,,
TT.E4999901,5901597236429,,End cap LINEA-IN20 with hole white E7,"Zaključni element (kapa), LINEA-IN20, z luknjo, bel, 1/10, (R2)",00001602,91086973,,kom,94059200,PL,0.06,,0.06,,0,,10,mm,100,mm,160,mm,,,,,10.14,,,,22,0,,,,,,,,,,,,,,,,,,,,,,,,,,,,,,,,,,,,,,,,,,,,,,,,,,,,,,,,,,,,,,,,,,,,,,,,,,,,,,,,,,,,,,,,,,,,,,,,,,,,,,,,,,,,,,,,,,,,,,,,,,,,,,,,,,,,,,,,,,,,,,,,,,,,,,,,,,,,,,,,,,,,,,,,,,,,,,,,,,,,
TT.E4999902,5901597255529,,End cap LINEA-IN20 with hole black E7,"Zaključni element (kapa), LINEA-IN20, z luknjo, črn, 1/10, (R2)",00001602,91086973,,kom,94059200,PL,0.06,,0.06,,0,,10,mm,100,mm,160,mm,,,,,10.14,,,,22,0,,,,,,,,,,,,,,,,,,,,,,,,,,,,,,,,,,,,,,,,,,,,,,,,,,,,,,,,,,,,,,,,,,,,,,,,,,,,,,,,,,,,,,,,,,,,,,,,,,,,,,,,,,,,,,,,,,,,,,,,,,,,,,,,,,,,,,,,,,,,,,,,,,,,,,,,,,,,,,,,,,,,,,,,,,,,,,,,,,,,
TT.E4999922,5901597255512,,End cap LINEA-IN20 with hole grey E7,"Zaključni element (kapa), LINEA-IN20, z luknjo, siv, 1/10, (R2)",00001602,91086973,,kom,94059200,PL,0.06,,0.06,,0,,10,mm,100,mm,160,mm,,,,,10.14,,,,22,0,,,,,,,,,,,,,,,,,,,,,,,,,,,,,,,,,,,,,,,,,,,,,,,,,,,,,,,,,,,,,,,,,,,,,,,,,,,,,,,,,,,,,,,,,,,,,,,,,,,,,,,,,,,,,,,,,,,,,,,,,,,,,,,,,,,,,,,,,,,,,,,,,,,,,,,,,,,,,,,,,,,,,,,,,,,,,,,,,,,,
TT.E4999940,5901597255505,,End cap LINEA-IN20 with hole silver E7,"Zaključni element (kapa), LINEA-IN20, z luknjo, srebrn, 1/10, (R2)",00001602,91086973,,kom,94059200,PL,0.06,,0.06,,0,,10,mm,100,mm,160,mm,,,,,12.7,,,,22,0,,,,,,,,,,,,,,,,,,,,,,,,,,,,,,,,,,,,,,,,,,,,,,,,,,,,,,,,,,,,,,,,,,,,,,,,,,,,,,,,,,,,,,,,,,,,,,,,,,,,,,,,,,,,,,,,,,,,,,,,,,,,,,,,,,,,,,,,,,,,,,,,,,,,,,,,,,,,,,,,,,,,,,,,,,,,,,,,,,,,
TT.F1000216,5901597261971,,Cover type C3 click transparent 2m,Pokrov tip C3 na klik PMMA prozoren 2m,00001602,91086973,,m,94059200,PL,0.036,,0.116,,0,,15.4,2000,2,2000,0,2000,,,,,2.47,,,,22,0,,,,,,,,,,,,,,,,,,,,,,,,,,,,,,,,,,,,,,,,,,,,,,,,,,,,,,,,,,,,,,,,,,,,,,,,,,,,,,,,,,,,,,,,,,,,,,,,,,,,,,,,,,,,,,,,,,,,,,,,,,,,,,,,,,,,,,,,,,,,,,,,,,,,,,,,,,,,,,,,,,,,,,,,,,,,,,,,,,,,
TT.F1000238,5901597261995,,Cover type C3 click milky transparent mat 2m,Pokrov tip C3 na klik PMMA mlečno prozoren mat 2m,00001602,91086973,,m,94059200,PL,0.036,,0.116,,0,,15.4,2000,2,2000,0,2000,,,,,2.6,,,,22,0,,,,,,,,,,,,,,,,,,,,,,,,,,,,,,,,,,,,,,,,,,,,,,,,,,,,,,,,,,,,,,,,,,,,,,,,,,,,,,,,,,,,,,,,,,,,,,,,,,,,,,,,,,,,,,,,,,,,,,,,,,,,,,,,,,,,,,,,,,,,,,,,,,,,,,,,,,,,,,,,,,,,,,,,,,,,,,,,,,,,
TT.F1000241,5901597284901,,Cover type C3 click black 2m,Pokrov tip C3 na klik PMMA črn 2m,00001602,91086973,,m,94059200,PL,0.036,,0.116,,0,,15.4,2000,2,2000,0,2000,,,,,2.85,,,,22,0,,,,,,,,,,,,,,,,,,,,,,,,,,,,,,,,,,,,,,,,,,,,,,,,,,,,,,,,,,,,,,,,,,,,,,,,,,,,,,,,,,,,,,,,,,,,,,,,,,,,,,,,,,,,,,,,,,,,,,,,,,,,,,,,,,,,,,,,,,,,,,,,,,,,,,,,,,,,,,,,,,,,,,,,,,,,,,,,,,,,
TT.F1020000,5901597243755,,LED profile SMART16 BC3/U4 alu raw 2m,"LED profil, SMART16, nadgradni, BC3/U4, alu surov, 2m, 1/50, (R2)",00001602,91086973,,m,76042100,PL,0,,0.52,,0,,2000,mm,18.8,mm,18.6,mm,,,,,7.31,,,,22,0,,,,,,,,,,,,,,,,,,,,,,,,,,,,,,,,,,,,,,,,,,,,,,,,,,,,,,,,,,,,,,,,,,,,,,,,,,,,,,,,,,,,,,,,,,,,,,,,,,,,,,,,,,,,,,,,,,,,,,,,,,,,,,,,,,,,,,,,,,,,,,,,,,,,,,,,,,,,,,,,,,,,,,,,,,,,,,,,,,,,
TT.F1020001,5901597243458,,LED profile SMART16 BC3/U4 white mat 2m,"LED profil, SMART16, nadgradni, BC3/U4, bel mat, 2m, 1/50, (R2)",00001602,91086973,,m,76042100,PL,0,,0.52,,0,,2000,mm,18.8,mm,18.6,mm,,,,,15.93,,,,22,0,,,,,,,,,,,,,,,,,,,,,,,,,,,,,,,,,,,,,,,,,,,,,,,,,,,,,,,,,,,,,,,,,,,,,,,,,,,,,,,,,,,,,,,,,,,,,,,,,,,,,,,,,,,,,,,,,,,,,,,,,,,,,,,,,,,,,,,,,,,,,,,,,,,,,,,,,,,,,,,,,,,,,,,,,,,,,,,,,,,,
TT.F1020020,5901597243731,,LED profile SMART16 BC3/U4 alu anodized 2m,"LED profil, SMART16, nadgradni, BC3/U4, alu anodiziran, 2m, 1/50, (R2)",00001602,91086973,,m,76042100,PL,0,,0.52,,0,,2000,mm,18.8,mm,18.6,mm,,,,,10.85,,,,22,0,,,,,,,,,,,,,,,,,,,,,,,,,,,,,,,,,,,,,,,,,,,,,,,,,,,,,,,,,,,,,,,,,,,,,,,,,,,,,,,,,,,,,,,,,,,,,,,,,,,,,,,,,,,,,,,,,,,,,,,,,,,,,,,,,,,,,,,,,,,,,,,,,,,,,,,,,,,,,,,,,,,,,,,,,,,,,,,,,,,,
TT.F1020021,5901597243786,,LED profile SMART16 BC3/U4 black anodized 2m,"LED profil, SMART16, nadgradni, BC3/U4, črn anodiziran, 2m, 1/50, (R2)",00001602,91086973,,m,76042100,PL,0,,0.52,,0,,2000,mm,18.8,mm,18.6,mm,,,,,13.23,,,,22,0,,,,,,,,,,,,,,,,,,,,,,,,,,,,,,,,,,,,,,,,,,,,,,,,,,,,,,,,,,,,,,,,,,,,,,,,,,,,,,,,,,,,,,,,,,,,,,,,,,,,,,,,,,,,,,,,,,,,,,,,,,,,,,,,,,,,,,,,,,,,,,,,,,,,,,,,,,,,,,,,,,,,,,,,,,,,,,,,,,,,
TT.F1030001,5901597251705,,LED profile SMART16 B/U4 white mat 3m,"LED profil, SMART16, nadgradni, B/U4, bel mat, 3m, (R2)",00001602,91086973,,m,76042100,PL,0,,0.78,,0,,3000,mm,18.8,mm,18.6,mm,,,,,16.5,,,,22,0,,,,,,,,,,,,,,,,,,,,,,,,,,,,,,,,,,,,,,,,,,,,,,,,,,,,,,,,,,,,,,,,,,,,,,,,,,,,,,,,,,,,,,,,,,,,,,,,,,,,,,,,,,,,,,,,,,,,,,,,,,,,,,,,,,,,,,,,,,,,,,,,,,,,,,,,,,,,,,,,,,,,,,,,,,,,,,,,,,,,
TT.F1970001,5901597255024,,Mounting plate U4 white 20pcs,"Montažna ploščica U4, za LED profil, bela, (R2)",00001602,91086973,,kom,83024900,PL,0.06,,0.06,,0,,10,mm,100,mm,160,mm,,,,,2.22,,,,22,10,,,,,,,,,,,,,,,,,,,,,,,,,,,,,,,,,,,,,,,,,,,,,,,,,,,,,,,,,,,,,,,,,,,,,,,,,,,,,,,,,,,,,,,,,,,,,,,,,,,,,,,,,,,,,,,,,,,,,,,,,,,,,,,,,,,,,,,,,,,,,,,,,,,,,,,,,,,,,,,,,,,,,,,,,,,,,,,,,,,,
TT.F1970019,5901597201533,,Mounting plate U4 inox 20pcs,"Montažna ploščica U4, za LED profil, inox, (R2)",00001602,91086973,,kom,83024900,PL,0.08,,0.08,,0,,10,mm,100,mm,160,mm,,,,,2,,,,22,10,,,,,,,,,,,,,,,,,,,,,,,,,,,,,,,,,,,,,,,,,,,,,,,,,,,,,,,,,,,,,,,,,,,,,,,,,,,,,,,,,,,,,,,,,,,,,,,,,,,,,,,,,,,,,,,,,,,,,,,,,,,,,,,,,,,,,,,,,,,,,,,,,,,,,,,,,,,,,,,,,,,,,,,,,,,,,,,,,,,,
TT.F1980001,5901597255048,,Mounting plate U4 CONE white 20pcs,"Montažna ploščica U4, za LED profil, poglobljena (CONE), bela, (R2)",00001602,91086973,,kom,83024900,PL,0.06,,0.06,,0,,10,mm,100,mm,160,mm,,,,,2.32,,,,22,10,,,,,,,,,,,,,,,,,,,,,,,,,,,,,,,,,,,,,,,,,,,,,,,,,,,,,,,,,,,,,,,,,,,,,,,,,,,,,,,,,,,,,,,,,,,,,,,,,,,,,,,,,,,,,,,,,,,,,,,,,,,,,,,,,,,,,,,,,,,,,,,,,,,,,,,,,,,,,,,,,,,,,,,,,,,,,,,,,,,,
TT.F1980019,5901597244103,,Mounting plate U4 CONE inox 20pcs,"Montažna ploščica U4, za LED profil, inox, (R2)",00001602,91086973,,kom,83024900,PL,0.08,,0.08,,0,,10,mm,100,mm,160,mm,,,,,2.12,,,,22,10,,,,,,,,,,,,,,,,,,,,,,,,,,,,,,,,,,,,,,,,,,,,,,,,,,,,,,,,,,,,,,,,,,,,,,,,,,,,,,,,,,,,,,,,,,,,,,,,,,,,,,,,,,,,,,,,,,,,,,,,,,,,,,,,,,,,,,,,,,,,,,,,,,,,,,,,,,,,,,,,,,,,,,,,,,,,,,,,,,,,
TT.F1990001,5901597243496,,End cap SMART16 white B/C3 20pcs,"Zaključni element (kapa), SMART16, bel, 1/10, (R2)",00001602,91086973,,kom,94059200,PL,0.02,,0.02,,0,,10,mm,100,mm,160,mm,,,,,1.02,,,,22,0,,,,,,,,,,,,,,,,,,,,,,,,,,,,,,,,,,,,,,,,,,,,,,,,,,,,,,,,,,,,,,,,,,,,,,,,,,,,,,,,,,,,,,,,,,,,,,,,,,,,,,,,,,,,,,,,,,,,,,,,,,,,,,,,,,,,,,,,,,,,,,,,,,,,,,,,,,,,,,,,,,,,,,,,,,,,,,,,,,,,
TT.F1990002,5901597243519,,End cap SMART16 black B/C3 20pcs,"Zaključni element (kapa), SMART16, črn, 1/10, (R2)",00001602,91086973,,kom,94059200,PL,0.02,,0.02,,0,,10,mm,100,mm,160,mm,,,,,1.02,,,,22,0,,,,,,,,,,,,,,,,,,,,,,,,,,,,,,,,,,,,,,,,,,,,,,,,,,,,,,,,,,,,,,,,,,,,,,,,,,,,,,,,,,,,,,,,,,,,,,,,,,,,,,,,,,,,,,,,,,,,,,,,,,,,,,,,,,,,,,,,,,,,,,,,,,,,,,,,,,,,,,,,,,,,,,,,,,,,,,,,,,,,
TT.F1990022,5901597243434,,End cap SMART16 grey B/C3 20pcs,"Zaključni element (kapa), SMART16, siv, 1/10, (R2)",00001602,91086973,,kom,94059200,PL,0.02,,0.02,,0,,10,mm,100,mm,160,mm,,,,,1.02,,,,22,0,,,,,,,,,,,,,,,,,,,,,,,,,,,,,,,,,,,,,,,,,,,,,,,,,,,,,,,,,,,,,,,,,,,,,,,,,,,,,,,,,,,,,,,,,,,,,,,,,,,,,,,,,,,,,,,,,,,,,,,,,,,,,,,,,,,,,,,,,,,,,,,,,,,,,,,,,,,,,,,,,,,,,,,,,,,,,,,,,,,,
TT.F1990040,5901597243533,,End cap SMART16 silver B/C3 20pcs,"Zaključni element (kapa), SMART16, srebrn, 1/10, (R2)",00001602,91086973,,kom,94059200,PL,0.02,,0.02,,0,,10,mm,100,mm,160,mm,,,,,1.02,,,,22,0,,,,,,,,,,,,,,,,,,,,,,,,,,,,,,,,,,,,,,,,,,,,,,,,,,,,,,,,,,,,,,,,,,,,,,,,,,,,,,,,,,,,,,,,,,,,,,,,,,,,,,,,,,,,,,,,,,,,,,,,,,,,,,,,,,,,,,,,,,,,,,,,,,,,,,,,,,,,,,,,,,,,,,,,,,,,,,,,,,,,
TT.F6000200,5901597257561,,LED profile SMART-IN16 recessed BC3/U4 alu raw 2m,"LED profil, SMART-IN16, vgradni, BC3/U4, alu surov, 2m, 1/50, (R2)",00001602,91086973,,m,76042100,PL,0,,0.315,,0,,3000,mm,3,mm,33.4,mm,,,,,8.21,,,,22,0,,,,,,,,,,,,,,,,,,,,,,,,,,,,,,,,,,,,,,,,,,,,,,,,,,,,,,,,,,,,,,,,,,,,,,,,,,,,,,,,,,,,,,,,,,,,,,,,,,,,,,,,,,,,,,,,,,,,,,,,,,,,,,,,,,,,,,,,,,,,,,,,,,,,,,,,,,,,,,,,,,,,,,,,,,,,,,,,,,,,
TT.F6000201,5901597257554,,LED profile SMART-IN16 recessed BC3/U4 white mat 2m,"LED profil, SMART-IN16, vgradni, BC3/U4, bel mat, 2m, 1/35, (R2)",00001602,91086973,,m,76042100,PL,0,,0.315,,0,,3000,mm,3,mm,33.4,mm,,,,,16.56,,,,22,0,,,,,,,,,,,,,,,,,,,,,,,,,,,,,,,,,,,,,,,,,,,,,,,,,,,,,,,,,,,,,,,,,,,,,,,,,,,,,,,,,,,,,,,,,,,,,,,,,,,,,,,,,,,,,,,,,,,,,,,,,,,,,,,,,,,,,,,,,,,,,,,,,,,,,,,,,,,,,,,,,,,,,,,,,,,,,,,,,,,,
TT.F6000220,5901597257547,,LED profile SMART-IN16 recessed BC3/U4 alu anodized 2m,"LED profil, SMART-IN16, vgradni, BC3/U4, alu anodiziran, 2m, 1/50, (R2)",00001602,91086973,,m,76042100,PL,0,,0.461,,0,,2000,mm,18.6,mm,28,mm,,,,,11.51,,,,22,0,,,,,,,,,,,,,,,,,,,,,,,,,,,,,,,,,,,,,,,,,,,,,,,,,,,,,,,,,,,,,,,,,,,,,,,,,,,,,,,,,,,,,,,,,,,,,,,,,,,,,,,,,,,,,,,,,,,,,,,,,,,,,,,,,,,,,,,,,,,,,,,,,,,,,,,,,,,,,,,,,,,,,,,,,,,,,,,,,,,,
TT.F6009819S,5901597257530,,Mounting plate U4 spring inox 2pcs,"Montažna ploščica U4, za LED profil, vzmetna (SPRING), inox, (R2)",00001602,91086973,,kom,83024900,PL,0.023,,0.023,,0,,10,mm,100,mm,160,mm,,,,,11.22,,,,22,100,,,,,,,,,,,,,,,,,,,,,,,,,,,,,,,,,,,,,,,,,,,,,,,,,,,,,,,,,,,,,,,,,,,,,,,,,,,,,,,,,,,,,,,,,,,,,,,,,,,,,,,,,,,,,,,,,,,,,,,,,,,,,,,,,,,,,,,,,,,,,,,,,,,,,,,,,,,,,,,,,,,,,,,,,,,,,,,,,,,,
TT.F6009901,5901597236795,,End cap SMART-IN16 with hole white B/C3,"Zaključni element (kapa), SMART-IN16, z luknjo, bel, 1/10, (R2)",00001602,91086973,,kom,94059200,PL,0.02,,0.02,,0,,10,mm,100,mm,160,mm,,,,,1.02,,,,22,0,,,,,,,,,,,,,,,,,,,,,,,,,,,,,,,,,,,,,,,,,,,,,,,,,,,,,,,,,,,,,,,,,,,,,,,,,,,,,,,,,,,,,,,,,,,,,,,,,,,,,,,,,,,,,,,,,,,,,,,,,,,,,,,,,,,,,,,,,,,,,,,,,,,,,,,,,,,,,,,,,,,,,,,,,,,,,,,,,,,,
TT.F6009922,5901597236832,,End cap SMART-IN16 with hole grey B/C3,"Zaključni element (kapa), SMART-IN16, z luknjo, siv, 1/10, (R2)",00001602,91086973,,kom,94059200,PL,0.02,,0.02,,0,,10,mm,100,mm,160,mm,,,,,1.02,,,,22,0,,,,,,,,,,,,,,,,,,,,,,,,,,,,,,,,,,,,,,,,,,,,,,,,,,,,,,,,,,,,,,,,,,,,,,,,,,,,,,,,,,,,,,,,,,,,,,,,,,,,,,,,,,,,,,,,,,,,,,,,,,,,,,,,,,,,,,,,,,,,,,,,,,,,,,,,,,,,,,,,,,,,,,,,,,,,,,,,,,,,
TT.F7000201,5901597257219,,LED profile PEN12 purpose-made CJ white mat 2m,"LED profil, PEN12, namenski, CJ, bel mat, 2m, 1/60, (R2)",00001602,91086973,,m,76042100,PL,0,,0,,0,,3000,mm,30,mm,12.7,mm,,,,,11.93,,,,22,0,,,,,,,,,,,,,,,,,,,,,,,,,,,,,,,,,,,,,,,,,,,,,,,,,,,,,,,,,,,,,,,,,,,,,,,,,,,,,,,,,,,,,,,,,,,,,,,,,,,,,,,,,,,,,,,,,,,,,,,,,,,,,,,,,,,,,,,,,,,,,,,,,,,,,,,,,,,,,,,,,,,,,,,,,,,,,,,,,,,,
TT.F7000202,5901597257226,,LED profile PEN12 purpose-made CJ black 2m,"LED profil, PEN12, namenski, CJ, črn, 2m, 1/60, (R2)",00001602,91086973,,m,76082100,PL,0,,0,,0,,3000,mm,30,mm,12.7,mm,,,,,11.93,,,,22,0,,,,,,,,,,,,,,,,,,,,,,,,,,,,,,,,,,,,,,,,,,,,,,,,,,,,,,,,,,,,,,,,,,,,,,,,,,,,,,,,,,,,,,,,,,,,,,,,,,,,,,,,,,,,,,,,,,,,,,,,,,,,,,,,,,,,,,,,,,,,,,,,,,,,,,,,,,,,,,,,,,,,,,,,,,,,,,,,,,,,
TT.F7000220,5901597256632,,LED profile PEN12 purpose-made CJ alu anodized 2m,"LED profil, PEN12, namenski, CJ, alu anodiziran, 2m, 1/30, (R2)",00001602,91086973,,m,76082100,PL,0,,0,,0,,2000,mm,20.6,mm,6.6,mm,,,,,10.52,,,,22,0,,,,,,,,,,,,,,,,,,,,,,,,,,,,,,,,,,,,,,,,,,,,,,,,,,,,,,,,,,,,,,,,,,,,,,,,,,,,,,,,,,,,,,,,,,,,,,,,,,,,,,,,,,,,,,,,,,,,,,,,,,,,,,,,,,,,,,,,,,,,,,,,,,,,,,,,,,,,,,,,,,,,,,,,,,,,,,,,,,,,
TT.F7008801,5901597260202,,,"Nosilec-roka vrtljiva stenska 30° PEN12, za LED profil, bel, (R2)",00001602,91086973,,kom,83024900,PL,0.042,,0.042,,0,,10,mm,130,mm,200,mm,,,,,27.69,,,,22,1,,,,,,,,,,,,,,,,,,,,,,,,,,,,,,,,,,,,,,,,,,,,,,,,,,,,,,,,,,,,,,,,,,,,,,,,,,,,,,,,,,,,,,,,,,,,,,,,,,,,,,,,,,,,,,,,,,,,,,,,,,,,,,,,,,,,,,,,,,,,,,,,,,,,,,,,,,,,,,,,,,,,,,,,,,,,,,,,,,,,
TT.F7008802,5901597260219,,,"Nosilec-roka vrtljiva stenska 30° PEN12, za LED profil, črn, (R2)",00001602,91086973,,kom,83024900,PL,0.042,,0.042,,0,,10,mm,130,mm,200,mm,,,,,27.69,,,,22,1,,,,,,,,,,,,,,,,,,,,,,,,,,,,,,,,,,,,,,,,,,,,,,,,,,,,,,,,,,,,,,,,,,,,,,,,,,,,,,,,,,,,,,,,,,,,,,,,,,,,,,,,,,,,,,,,,,,,,,,,,,,,,,,,,,,,,,,,,,,,,,,,,,,,,,,,,,,,,,,,,,,,,,,,,,,,,,,,,,,,
TT.F7008822,5901597260226,,,"Nosilec-roka vrtljiva stenska 30° PEN12, za LED profil, srebrn, (R2)",00001602,91086973,,kom,83024900,PL,0.042,,0.042,,0,,10,mm,130,mm,200,mm,,,,,27.69,,,,22,1,,,,,,,,,,,,,,,,,,,,,,,,,,,,,,,,,,,,,,,,,,,,,,,,,,,,,,,,,,,,,,,,,,,,,,,,,,,,,,,,,,,,,,,,,,,,,,,,,,,,,,,,,,,,,,,,,,,,,,,,,,,,,,,,,,,,,,,,,,,,,,,,,,,,,,,,,,,,,,,,,,,,,,,,,,,,,,,,,,,,
TT.F7008901,5901597260233,,,"Nosilec-roka vrtljiva polična 30° PEN12, za LED profil, bel, (R2)",00001602,91086973,,kom,83024900,PL,0.038,,0.038,,0,,10,mm,100,mm,160,mm,,,,,27.53,,,,22,1,,,,,,,,,,,,,,,,,,,,,,,,,,,,,,,,,,,,,,,,,,,,,,,,,,,,,,,,,,,,,,,,,,,,,,,,,,,,,,,,,,,,,,,,,,,,,,,,,,,,,,,,,,,,,,,,,,,,,,,,,,,,,,,,,,,,,,,,,,,,,,,,,,,,,,,,,,,,,,,,,,,,,,,,,,,,,,,,,,,,
TT.F7008902,5901597260240,,,"Nosilec-roka vrtljiva polična 30° PEN12, za LED profil, črn, (R2)",00001602,91086973,,kom,83024900,PL,0.038,,0.038,,0,,10,mm,100,mm,160,mm,,,,,27.53,,,,22,1,,,,,,,,,,,,,,,,,,,,,,,,,,,,,,,,,,,,,,,,,,,,,,,,,,,,,,,,,,,,,,,,,,,,,,,,,,,,,,,,,,,,,,,,,,,,,,,,,,,,,,,,,,,,,,,,,,,,,,,,,,,,,,,,,,,,,,,,,,,,,,,,,,,,,,,,,,,,,,,,,,,,,,,,,,,,,,,,,,,,
TT.F7008922,5901597260257,,,"Nosilec-roka vrtljiva polična 30° PEN12, za LED profil, srebrn, (R2)",00001602,91086973,,kom,83024900,PL,0.038,,0.038,,0,,10,mm,100,mm,160,mm,,,,,27.53,,,,22,1,,,,,,,,,,,,,,,,,,,,,,,,,,,,,,,,,,,,,,,,,,,,,,,,,,,,,,,,,,,,,,,,,,,,,,,,,,,,,,,,,,,,,,,,,,,,,,,,,,,,,,,,,,,,,,,,,,,,,,,,,,,,,,,,,,,,,,,,,,,,,,,,,,,,,,,,,,,,,,,,,,,,,,,,,,,,,,,,,,,,
TT.F7009019,5901597260264,,Holder blocking ring PEN12 360° inox 20pcs,"Nosilec 360° PEN12, za LED profil, inox, (R2)",00001602,91086973,,kom,83024900,PL,0.005,,0.005,,0,,10,mm,100,mm,160,mm,,,,,6.58,,,,22,10,,,,,,,,,,,,,,,,,,,,,,,,,,,,,,,,,,,,,,,,,,,,,,,,,,,,,,,,,,,,,,,,,,,,,,,,,,,,,,,,,,,,,,,,,,,,,,,,,,,,,,,,,,,,,,,,,,,,,,,,,,,,,,,,,,,,,,,,,,,,,,,,,,,,,,,,,,,,,,,,,,,,,,,,,,,,,,,,,,,,
TT.F7009103,5901597260271,,,"Nosilec vrtljivi 300° PEN12, za LED profil, dvostranski, krom, (R2)",00001602,91086973,,kom,83024900,PL,0.129,,0.129,,0,,10,mm,100,mm,160,mm,,,,,67.33,,,,22,1,,,,,,,,,,,,,,,,,,,,,,,,,,,,,,,,,,,,,,,,,,,,,,,,,,,,,,,,,,,,,,,,,,,,,,,,,,,,,,,,,,,,,,,,,,,,,,,,,,,,,,,,,,,,,,,,,,,,,,,,,,,,,,,,,,,,,,,,,,,,,,,,,,,,,,,,,,,,,,,,,,,,,,,,,,,,,,,,,,,,
TT.F7009203,5901597260288,,Holder blocking ring PEN12 360° chrome,"Nosilec-blokirni obroč 360° PEN12, za LED profil, krom, (R2)",00001602,91086973,,kom,83024900,PL,0.016,,0.016,,0,,10,mm,100,mm,160,mm,,,,,9.33,,,,22,1,,,,,,,,,,,,,,,,,,,,,,,,,,,,,,,,,,,,,,,,,,,,,,,,,,,,,,,,,,,,,,,,,,,,,,,,,,,,,,,,,,,,,,,,,,,,,,,,,,,,,,,,,,,,,,,,,,,,,,,,,,,,,,,,,,,,,,,,,,,,,,,,,,,,,,,,,,,,,,,,,,,,,,,,,,,,,,,,,,,,
TT.F7009303,5901597260295,,,"Nosilec-roka z navojem 100mm 300° PEN12, za LED profil, krom, (R2)",00001602,91086973,,kom,83024900,PL,0.202,,0.202,,0,,10,mm,100,mm,160,mm,,,,,97.98,,,,22,1,,,,,,,,,,,,,,,,,,,,,,,,,,,,,,,,,,,,,,,,,,,,,,,,,,,,,,,,,,,,,,,,,,,,,,,,,,,,,,,,,,,,,,,,,,,,,,,,,,,,,,,,,,,,,,,,,,,,,,,,,,,,,,,,,,,,,,,,,,,,,,,,,,,,,,,,,,,,,,,,,,,,,,,,,,,,,,,,,,,,
TT.F7009403,5901597260301,,,"Nosilec-roka z navojem 200mm 300° PEN12, za LED profil, krom, (R2)",00001602,91086973,,kom,83024900,PL,0.236,,0.236,,0,,10,mm,100,mm,160,mm,,,,,90.35,,,,22,1,,,,,,,,,,,,,,,,,,,,,,,,,,,,,,,,,,,,,,,,,,,,,,,,,,,,,,,,,,,,,,,,,,,,,,,,,,,,,,,,,,,,,,,,,,,,,,,,,,,,,,,,,,,,,,,,,,,,,,,,,,,,,,,,,,,,,,,,,,,,,,,,,,,,,,,,,,,,,,,,,,,,,,,,,,,,,,,,,,,,
TT.F7009503,5901597260318,,,"Nosilec-roka z navojem 300mm 300° PEN12, za LED profil, krom, (R2)",00001602,91086973,,kom,83024900,PL,0.271,,0.271,,0,,10,mm,100,mm,160,mm,,,,,97.27,,,,22,1,,,,,,,,,,,,,,,,,,,,,,,,,,,,,,,,,,,,,,,,,,,,,,,,,,,,,,,,,,,,,,,,,,,,,,,,,,,,,,,,,,,,,,,,,,,,,,,,,,,,,,,,,,,,,,,,,,,,,,,,,,,,,,,,,,,,,,,,,,,,,,,,,,,,,,,,,,,,,,,,,,,,,,,,,,,,,,,,,,,,
TT.F7009603,5901597260325,,,"Nosilec-roka z rozeto 100mm 300° PEN12, za LED profil, krom, (R2)",00001602,91086973,,kom,83024900,PL,0.252,,0.252,,0,,10,mm,100,mm,160,mm,,,,,80.65,,,,22,1,,,,,,,,,,,,,,,,,,,,,,,,,,,,,,,,,,,,,,,,,,,,,,,,,,,,,,,,,,,,,,,,,,,,,,,,,,,,,,,,,,,,,,,,,,,,,,,,,,,,,,,,,,,,,,,,,,,,,,,,,,,,,,,,,,,,,,,,,,,,,,,,,,,,,,,,,,,,,,,,,,,,,,,,,,,,,,,,,,,,
TT.F7009703,5901597260332,,,"Nosilec-roka z rozeto 200mm 300° PEN12, za LED profil, krom, (R2)",00001602,91086973,,kom,83024900,PL,0.293,,0.293,,0,,10,mm,100,mm,160,mm,,,,,83.24,,,,22,1,,,,,,,,,,,,,,,,,,,,,,,,,,,,,,,,,,,,,,,,,,,,,,,,,,,,,,,,,,,,,,,,,,,,,,,,,,,,,,,,,,,,,,,,,,,,,,,,,,,,,,,,,,,,,,,,,,,,,,,,,,,,,,,,,,,,,,,,,,,,,,,,,,,,,,,,,,,,,,,,,,,,,,,,,,,,,,,,,,,,
TT.F7009803,5901597260349,,,"Nosilec-roka z rozeto 300mm 300° PEN12, za LED profil, krom, (R2)",00001602,91086973,,kom,83024900,PL,0.328,,0.328,,0,,10,mm,100,mm,160,mm,,,,,87.14,,,,22,1,,,,,,,,,,,,,,,,,,,,,,,,,,,,,,,,,,,,,,,,,,,,,,,,,,,,,,,,,,,,,,,,,,,,,,,,,,,,,,,,,,,,,,,,,,,,,,,,,,,,,,,,,,,,,,,,,,,,,,,,,,,,,,,,,,,,,,,,,,,,,,,,,,,,,,,,,,,,,,,,,,,,,,,,,,,,,,,,,,,,
TT.F7009901,5901597202837,,End cap PEN12 white J/C,"Zaključni element (kapa), PEN12, bel, 1/10, (R2)",00001602,91086973,,kom,94059200,PL,0.01,,0.01,,0,,10,mm,100,mm,160,mm,,,,,0.62,,,,22,0,,,,,,,,,,,,,,,,,,,,,,,,,,,,,,,,,,,,,,,,,,,,,,,,,,,,,,,,,,,,,,,,,,,,,,,,,,,,,,,,,,,,,,,,,,,,,,,,,,,,,,,,,,,,,,,,,,,,,,,,,,,,,,,,,,,,,,,,,,,,,,,,,,,,,,,,,,,,,,,,,,,,,,,,,,,,,,,,,,,,
TT.F7009902,5901597202912,,End cap PEN12 black J/C,"Zaključni element (kapa), PEN12, črn, 1/10, (R2)",00001602,91086973,,kom,94059200,PL,0.01,,0.01,,0,,10,mm,100,mm,160,mm,,,,,0.62,,,,22,0,,,,,,,,,,,,,,,,,,,,,,,,,,,,,,,,,,,,,,,,,,,,,,,,,,,,,,,,,,,,,,,,,,,,,,,,,,,,,,,,,,,,,,,,,,,,,,,,,,,,,,,,,,,,,,,,,,,,,,,,,,,,,,,,,,,,,,,,,,,,,,,,,,,,,,,,,,,,,,,,,,,,,,,,,,,,,,,,,,,,
TT.F7009922,5901597209027,,End cap PEN12 grey J/C,"Zaključni element (kapa), PEN12, siv, 1/10, (R2)",00001602,91086973,,kom,94059200,PL,0.01,,0.01,,0,,10,mm,100,mm,160,mm,,,,,0.62,,,,22,0,,,,,,,,,,,,,,,,,,,,,,,,,,,,,,,,,,,,,,,,,,,,,,,,,,,,,,,,,,,,,,,,,,,,,,,,,,,,,,,,,,,,,,,,,,,,,,,,,,,,,,,,,,,,,,,,,,,,,,,,,,,,,,,,,,,,,,,,,,,,,,,,,,,,,,,,,,,,,,,,,,,,,,,,,,,,,,,,,,,,
TT.F7009940,5901597202905,,End cap PEN12 silver J/C,"Zaključni element (kapa), PEN12, srebrn, 1/10, (R2)",00001602,91086973,,kom,94059200,PL,0.01,,0.01,,0,,10,mm,100,mm,160,mm,,,,,0.68,,,,22,0,,,,,,,,,,,,,,,,,,,,,,,,,,,,,,,,,,,,,,,,,,,,,,,,,,,,,,,,,,,,,,,,,,,,,,,,,,,,,,,,,,,,,,,,,,,,,,,,,,,,,,,,,,,,,,,,,,,,,,,,,,,,,,,,,,,,,,,,,,,,,,,,,,,,,,,,,,,,,,,,,,,,,,,,,,,,,,,,,,,,
TT.F9000220,5901597256779,,LED profile WAY10 purpose-made C alu anodized 2m,"LED profil, WAY10, namenski, C, alu anodiziran, 2m, 1/70, (R2)",00001602,91086973,,m,76062100,PL,0,,0,,0,,3000,mm,30,mm,12.7,mm,,,,,12.15,,,,22,0,,,,,,,,,,,,,,,,,,,,,,,,,,,,,,,,,,,,,,,,,,,,,,,,,,,,,,,,,,,,,,,,,,,,,,,,,,,,,,,,,,,,,,,,,,,,,,,,,,,,,,,,,,,,,,,,,,,,,,,,,,,,,,,,,,,,,,,,,,,,,,,,,,,,,,,,,,,,,,,,,,,,,,,,,,,,,,,,,,,,
TT.F9000600,5901597256892,,Cover WAY10 alu raw 2m,Pokrov WAY10 aluminij alu surov 2m,00001602,91086973,,m,94059200,PL,0.312,,0.312,,0,,32,2000,15.4,2000,0,2000,,,,,5.63,,,,22,0,,,,,,,,,,,,,,,,,,,,,,,,,,,,,,,,,,,,,,,,,,,,,,,,,,,,,,,,,,,,,,,,,,,,,,,,,,,,,,,,,,,,,,,,,,,,,,,,,,,,,,,,,,,,,,,,,,,,,,,,,,,,,,,,,,,,,,,,,,,,,,,,,,,,,,,,,,,,,,,,,,,,,,,,,,,,,,,,,,,,
TT.F9000601,5901597256915,,Cover WAY10 white mat 2m,Pokrov WAY10 aluminij bel mat 2m,00001602,91086973,,m,94059200,PL,0.336,,0.336,,0,,32,2000,15.4,2000,0,2000,,,,,11.7,,,,22,0,,,,,,,,,,,,,,,,,,,,,,,,,,,,,,,,,,,,,,,,,,,,,,,,,,,,,,,,,,,,,,,,,,,,,,,,,,,,,,,,,,,,,,,,,,,,,,,,,,,,,,,,,,,,,,,,,,,,,,,,,,,,,,,,,,,,,,,,,,,,,,,,,,,,,,,,,,,,,,,,,,,,,,,,,,,,,,,,,,,,
TT.F9000602,5901597256922,,Cover WAY10 black 2m,Pokrov WAY10 aluminij črn 2m,00001602,91086973,,m,94059200,PL,0.336,,0.336,,0,,32,2000,15.4,2000,0,2000,,,,,11.7,,,,22,0,,,,,,,,,,,,,,,,,,,,,,,,,,,,,,,,,,,,,,,,,,,,,,,,,,,,,,,,,,,,,,,,,,,,,,,,,,,,,,,,,,,,,,,,,,,,,,,,,,,,,,,,,,,,,,,,,,,,,,,,,,,,,,,,,,,,,,,,,,,,,,,,,,,,,,,,,,,,,,,,,,,,,,,,,,,,,,,,,,,,
TT.F9000620,5901597256939,,Cover WAY10 alu anodized 2m,Pokrov WAY10 aluminij alu anodiziran 2m,00001602,91086973,,m,94059200,PL,0.302,,0.302,,0,,32,2000,15.4,2000,0,2000,,,,,9.43,,,,22,0,,,,,,,,,,,,,,,,,,,,,,,,,,,,,,,,,,,,,,,,,,,,,,,,,,,,,,,,,,,,,,,,,,,,,,,,,,,,,,,,,,,,,,,,,,,,,,,,,,,,,,,,,,,,,,,,,,,,,,,,,,,,,,,,,,,,,,,,,,,,,,,,,,,,,,,,,,,,,,,,,,,,,,,,,,,,,,,,,,,,
TT.F9009901,5901597201564,,End cap WAY10 white C 10set L+R,"Zaključni element (kapa), WAY10, bel, 1/10, (R2)",00001602,91086973,,kom,94059200,PL,0.02,,0.02,,0,,10,mm,100,mm,160,mm,,,,,2.06,,,,22,0,,,,,,,,,,,,,,,,,,,,,,,,,,,,,,,,,,,,,,,,,,,,,,,,,,,,,,,,,,,,,,,,,,,,,,,,,,,,,,,,,,,,,,,,,,,,,,,,,,,,,,,,,,,,,,,,,,,,,,,,,,,,,,,,,,,,,,,,,,,,,,,,,,,,,,,,,,,,,,,,,,,,,,,,,,,,,,,,,,,,
TT.F9009902,5901597201908,,End cap WAY10 black C 10set L+R,"Zaključni element (kapa), WAY10, črn, 1/10, (R2)",00001602,91086973,,kom,94059200,PL,0.02,,0.02,,0,,10,mm,100,mm,160,mm,,,,,2.06,,,,22,0,,,,,,,,,,,,,,,,,,,,,,,,,,,,,,,,,,,,,,,,,,,,,,,,,,,,,,,,,,,,,,,,,,,,,,,,,,,,,,,,,,,,,,,,,,,,,,,,,,,,,,,,,,,,,,,,,,,,,,,,,,,,,,,,,,,,,,,,,,,,,,,,,,,,,,,,,,,,,,,,,,,,,,,,,,,,,,,,,,,,
TT.F9009922,5901597201915,,End cap WAY10 grey C 10set L+R,"Zaključni element (kapa), WAY10, siv, 1/10, (R2)",00001602,91086973,,kom,94059200,PL,0.02,,0.02,,0,,10,mm,100,mm,160,mm,,,,,2.06,,,,22,0,,,,,,,,,,,,,,,,,,,,,,,,,,,,,,,,,,,,,,,,,,,,,,,,,,,,,,,,,,,,,,,,,,,,,,,,,,,,,,,,,,,,,,,,,,,,,,,,,,,,,,,,,,,,,,,,,,,,,,,,,,,,,,,,,,,,,,,,,,,,,,,,,,,,,,,,,,,,,,,,,,,,,,,,,,,,,,,,,,,,
TT.F9009940,5901597201571,,End cap WAY10 silver C 10set L+R,"Zaključni element (kapa), WAY10, srebrn, 1/10, (R2)",00001602,91086973,,kom,94059200,PL,0.02,,0.02,,0,,10,mm,100,mm,160,mm,,,,,2.58,,,,22,0,,,,,,,,,,,,,,,,,,,,,,,,,,,,,,,,,,,,,,,,,,,,,,,,,,,,,,,,,,,,,,,,,,,,,,,,,,,,,,,,,,,,,,,,,,,,,,,,,,,,,,,,,,,,,,,,,,,,,,,,,,,,,,,,,,,,,,,,,,,,,,,,,,,,,,,,,,,,,,,,,,,,,,,,,,,,,,,,,,,,
TT.G1000200,5901597258070,,LED profile LINEA-IN20 TRIMLESS recessed EFE7 alu raw 2m,"LED profil, LINEA-IN20 TRIMLESS, vgradni, EFE7, alu surov, 2m, 1/30, (R2)",00001602,91086973,,m,76042100,PL,0,,1.794,,0,,3000,mm,53,mm,53,mm,,,,,10.03,,,,22,0,,,,,,,,,,,,,,,,,,,,,,,,,,,,,,,,,,,,,,,,,,,,,,,,,,,,,,,,,,,,,,,,,,,,,,,,,,,,,,,,,,,,,,,,,,,,,,,,,,,,,,,,,,,,,,,,,,,,,,,,,,,,,,,,,,,,,,,,,,,,,,,,,,,,,,,,,,,,,,,,,,,,,,,,,,,,,,,,,,,,
TT.G1000201,5901597258094,,LED profile LINEA-IN20 TRIMLESS recessed EFE7 white mat 2m,"LED profil, LINEA-IN20 TRIMLESS, vgradni, EF, bel mat, 2m, 1/15, (R2)",00001602,91086973,,m,76042100,PL,0,,0.75,,0,,2000,mm,53.2,mm,20.6,mm,,,,,22.28,,,,22,0,,,,,,,,,,,,,,,,,,,,,,,,,,,,,,,,,,,,,,,,,,,,,,,,,,,,,,,,,,,,,,,,,,,,,,,,,,,,,,,,,,,,,,,,,,,,,,,,,,,,,,,,,,,,,,,,,,,,,,,,,,,,,,,,,,,,,,,,,,,,,,,,,,,,,,,,,,,,,,,,,,,,,,,,,,,,,,,,,,,,
TT.G1000220,5901597258100,,LED profile LINEA-IN20 TRIMLESS recessed EFE7 alu anodized 2m,"LED profil, LINEA-IN20 TRIMLESS, vgradni, EF, alu anodiziran, 2m, 1/30, (R2)",00001602,91086973,,m,76042100,PL,0,,0.75,,0,,2000,mm,53.2,mm,20.6,mm,,,,,14.91,,,,22,0,,,,,,,,,,,,,,,,,,,,,,,,,,,,,,,,,,,,,,,,,,,,,,,,,,,,,,,,,,,,,,,,,,,,,,,,,,,,,,,,,,,,,,,,,,,,,,,,,,,,,,,,,,,,,,,,,,,,,,,,,,,,,,,,,,,,,,,,,,,,,,,,,,,,,,,,,,,,,,,,,,,,,,,,,,,,,,,,,,,,
TT.G1000522,5901597255550,,End cap LINEAIN20 TRIMLESS with hole grey E/F,"Zaključni element (kapa), LINEA-IN20 TRIMLESS, z luknjo, siv, 1/10, (R2)",00001602,91086973,,kom,94059200,PL,0.03,,0.03,,0,,10,mm,100,mm,160,mm,,,,,1.28,,,,22,0,,,,,,,,,,,,,,,,,,,,,,,,,,,,,,,,,,,,,,,,,,,,,,,,,,,,,,,,,,,,,,,,,,,,,,,,,,,,,,,,,,,,,,,,,,,,,,,,,,,,,,,,,,,,,,,,,,,,,,,,,,,,,,,,,,,,,,,,,,,,,,,,,,,,,,,,,,,,,,,,,,,,,,,,,,,,,,,,,,,,
TT.G1000540,5901597204725,,End cap LINEAIN20 TRIMLESS with hole silver E/F,"Zaključni element (kapa), LINEA-IN20TRIMLESS, z luknjo, srebrn, 1/10, (R2)",00001602,91086973,,kom,94059200,PL,0.03,,0.03,,0,,10,mm,100,mm,160,mm,,,,,1.54,,,,22,0,,,,,,,,,,,,,,,,,,,,,,,,,,,,,,,,,,,,,,,,,,,,,,,,,,,,,,,,,,,,,,,,,,,,,,,,,,,,,,,,,,,,,,,,,,,,,,,,,,,,,,,,,,,,,,,,,,,,,,,,,,,,,,,,,,,,,,,,,,,,,,,,,,,,,,,,,,,,,,,,,,,,,,,,,,,,,,,,,,,,
TT.G2000220,5901597260158,,LED profile UNI-TILE12 180 deg recessed C alu anodized 2m,"LED profil, UNI-TILE12 180 deg, vgradni, za ploščice, C, alu anodiziran, 2m, 1/30, (R2)",00001602,91086973,,m,76042100,PL,0,,0.335,,0,,2000,mm,15.5,mm,15.5,mm,,,,,7.45,,,,22,0,,,,,,,,,,,,,,,,,,,,,,,,,,,,,,,,,,,,,,,,,,,,,,,,,,,,,,,,,,,,,,,,,,,,,,,,,,,,,,,,,,,,,,,,,,,,,,,,,,,,,,,,,,,,,,,,,,,,,,,,,,,,,,,,,,,,,,,,,,,,,,,,,,,,,,,,,,,,,,,,,,,,,,,,,,,,,,,,,,,,
TT.G2000620,5901597260899,,LED profile UNI-TILE12 180 deg recessed C alu anodized 2m,"LED profil, UNI-TILE12 180 deg PLUS, vgradni, za ploščice, z luknjami, C, alu anodiziran, 2m, 1/30, (R2)",00001602,91086973,,m,76042100,PL,0,,0,,0,,2000,mm,30,mm,12.7,mm,,,,,14.46,,,,22,0,,,,,,,,,,,,,,,,,,,,,,,,,,,,,,,,,,,,,,,,,,,,,,,,,,,,,,,,,,,,,,,,,,,,,,,,,,,,,,,,,,,,,,,,,,,,,,,,,,,,,,,,,,,,,,,,,,,,,,,,,,,,,,,,,,,,,,,,,,,,,,,,,,,,,,,,,,,,,,,,,,,,,,,,,,,,,,,,,,,,
TT.G3000220,5901597260172,,LED profile UNI-TILE12 270 deg recessed C alu anodized 2m,"LED profil, UNI-TILE12 270 deg, vgradni, za ploščice, C, alu anodiziran, 2m, 1/30, (R2)",00001602,91086973,,m,76042100,PL,0,,0.552,,0,,2000,mm,11.5,mm,36.6,mm,,,,,12.22,,,,22,0,,,,,,,,,,,,,,,,,,,,,,,,,,,,,,,,,,,,,,,,,,,,,,,,,,,,,,,,,,,,,,,,,,,,,,,,,,,,,,,,,,,,,,,,,,,,,,,,,,,,,,,,,,,,,,,,,,,,,,,,,,,,,,,,,,,,,,,,,,,,,,,,,,,,,,,,,,,,,,,,,,,,,,,,,,,,,,,,,,,,
TT.G3000620,5901597260936,,LED profile UNI-TILE12 270 deg recessed C alu anodized 2m,"LED profil, UNI-TILE12 270 deg PLUS, vgradni, za ploščice, z luknjami, C, alu anodiziran, 2m, 1/30, (R2)",00001602,91086973,,m,76042100,PL,0,,0,,0,,2000,mm,30,mm,12.7,mm,,,,,24.99,,,,22,0,,,,,,,,,,,,,,,,,,,,,,,,,,,,,,,,,,,,,,,,,,,,,,,,,,,,,,,,,,,,,,,,,,,,,,,,,,,,,,,,,,,,,,,,,,,,,,,,,,,,,,,,,,,,,,,,,,,,,,,,,,,,,,,,,,,,,,,,,,,,,,,,,,,,,,,,,,,,,,,,,,,,,,,,,,,,,,,,,,,,
TT.G4000220,5901597260196,,LED profile UNI-TILE12 90 deg recessed C alu anodized 2m,"LED profil, UNI-TILE12 90 deg, vgradni, za ploščice, C, alu anodiziran, 2m, 1/30, (R2)",00001602,91086973,,m,76042100,PL,0,,0.614,,0,,2000,mm,11.5,mm,39.9,mm,,,,,12.8,,,,22,0,,,,,,,,,,,,,,,,,,,,,,,,,,,,,,,,,,,,,,,,,,,,,,,,,,,,,,,,,,,,,,,,,,,,,,,,,,,,,,,,,,,,,,,,,,,,,,,,,,,,,,,,,,,,,,,,,,,,,,,,,,,,,,,,,,,,,,,,,,,,,,,,,,,,,,,,,,,,,,,,,,,,,,,,,,,,,,,,,,,,
TT.G4000620,5901597260974,,LED profile UNI-TILE12 90 deg recessed C alu anodized 2m,"LED profil, UNI-TILE12 90 deg PLUS, vgradni, za ploščice, z luknjami, C, alu anodiziran, 2m, 1/30, (R2)",00001602,91086973,,m,76042100,PL,0,,0,,0,,2000,mm,30,mm,12.7,mm,,,,,26.84,,,,22,0,,,,,,,,,,,,,,,,,,,,,,,,,,,,,,,,,,,,,,,,,,,,,,,,,,,,,,,,,,,,,,,,,,,,,,,,,,,,,,,,,,,,,,,,,,,,,,,,,,,,,,,,,,,,,,,,,,,,,,,,,,,,,,,,,,,,,,,,,,,,,,,,,,,,,,,,,,,,,,,,,,,,,,,,,,,,,,,,,,,,
TT.G5000220,5901597261421,,LED profile SLASH8 recessed opal 2m,"LED profil, SLASH8, vgradni, opal, 2m, 1/30, (R2)",00001602,91086973,,m,76042100,PL,0,,0,,0,,2000,mm,30,mm,12.7,mm,,,,,5.94,,,,22,0,,,,,,,,,,,,,,,,,,,,,,,,,,,,,,,,,,,,,,,,,,,,,,,,,,,,,,,,,,,,,,,,,,,,,,,,,,,,,,,,,,,,,,,,,,,,,,,,,,,,,,,,,,,,,,,,,,,,,,,,,,,,,,,,,,,,,,,,,,,,,,,,,,,,,,,,,,,,,,,,,,,,,,,,,,,,,,,,,,,,
TT.G5999922,5901597242369,,End cap SLASH8 opal,"Zaključni element (kapa), SLASH8, opal, 1/10, (R2)",00001602,91086973,,kom,94059200,PL,0.01,,0.01,,0,,10,mm,100,mm,160,mm,,,,,1.14,,,,22,0,,,,,,,,,,,,,,,,,,,,,,,,,,,,,,,,,,,,,,,,,,,,,,,,,,,,,,,,,,,,,,,,,,,,,,,,,,,,,,,,,,,,,,,,,,,,,,,,,,,,,,,,,,,,,,,,,,,,,,,,,,,,,,,,,,,,,,,,,,,,,,,,,,,,,,,,,,,,,,,,,,,,,,,,,,,,,,,,,,,,
TT.G6000220,5901597261582,,LED profile FLOOR8 recessed K alu anodized 2m,"LED profil, FLOOR8, vgradni, K, alu anodiziran, 2m, 1/100, (R2)",00001602,91086973,,m,76052100,PL,0,,0,,0,,3000,mm,30,mm,12.7,mm,,,,,6.82,,,,22,0,,,,,,,,,,,,,,,,,,,,,,,,,,,,,,,,,,,,,,,,,,,,,,,,,,,,,,,,,,,,,,,,,,,,,,,,,,,,,,,,,,,,,,,,,,,,,,,,,,,,,,,,,,,,,,,,,,,,,,,,,,,,,,,,,,,,,,,,,,,,,,,,,,,,,,,,,,,,,,,,,,,,,,,,,,,,,,,,,,,,
TT.G6999800S,5901597261681,,Seal FLOOR8 transparent 2pcs,"Tesnilo FLOOR8, za LED profil, prozorno, (R2)",00001602,91086973,,kom,83024900,PL,0.002,,0.002,,0,,10,mm,100,mm,160,mm,,,,,3.09,,,,22,100,,,,,,,,,,,,,,,,,,,,,,,,,,,,,,,,,,,,,,,,,,,,,,,,,,,,,,,,,,,,,,,,,,,,,,,,,,,,,,,,,,,,,,,,,,,,,,,,,,,,,,,,,,,,,,,,,,,,,,,,,,,,,,,,,,,,,,,,,,,,,,,,,,,,,,,,,,,,,,,,,,,,,,,,,,,,,,,,,,,,
TT.G6999922,5901597204329,,End cap FLOOR8 grey K 20pcs,"Zaključni element (kapa), FLOOR8, siv, 1/10, (R2)",00001602,91086973,,kom,94059200,PL,0.01,,0.01,,0,,10,mm,100,mm,160,mm,,,,,0.78,,,,22,0,,,,,,,,,,,,,,,,,,,,,,,,,,,,,,,,,,,,,,,,,,,,,,,,,,,,,,,,,,,,,,,,,,,,,,,,,,,,,,,,,,,,,,,,,,,,,,,,,,,,,,,,,,,,,,,,,,,,,,,,,,,,,,,,,,,,,,,,,,,,,,,,,,,,,,,,,,,,,,,,,,,,,,,,,,,,,,,,,,,,
TT.G6999940,5901597256694,,End cap FLOOR8 silver K 20pcs,"Zaključni element (kapa), FLOOR8, srebrn, 1/10, (R2)",00001602,91086973,,kom,94059200,PL,0.01,,0.01,,0,,10,mm,100,mm,160,mm,,,,,1.1,,,,22,0,,,,,,,,,,,,,,,,,,,,,,,,,,,,,,,,,,,,,,,,,,,,,,,,,,,,,,,,,,,,,,,,,,,,,,,,,,,,,,,,,,,,,,,,,,,,,,,,,,,,,,,,,,,,,,,,,,,,,,,,,,,,,,,,,,,,,,,,,,,,,,,,,,,,,,,,,,,,,,,,,,,,,,,,,,,,,,,,,,,,
TT.H4000200,5901597279990,,LED profile OMNI10 purpose-made AC2 alu raw 2m,"LED profil, OMNI10, namenski, AC2, alu surov, 2m, 1/42, (R2)",00001602,91086973,,m,76042100,PL,0,,0,,0,,2000,mm,20.6,mm,6.6,mm,,,,,6.26,,,,22,0,,,,,,,,,,,,,,,,,,,,,,,,,,,,,,,,,,,,,,,,,,,,,,,,,,,,,,,,,,,,,,,,,,,,,,,,,,,,,,,,,,,,,,,,,,,,,,,,,,,,,,,,,,,,,,,,,,,,,,,,,,,,,,,,,,,,,,,,,,,,,,,,,,,,,,,,,,,,,,,,,,,,,,,,,,,,,,,,,,,,
TT.H4000220,5901597280019,,LED profile OMNI10 purpose-made AC2 alu anodized 2m,"LED profil, OMNI10, namenski, AC2, alu anodiziran, 2m, 1/42, (R2)",00001602,91086973,,m,76042100,PL,0,,0,,0,,2000,mm,20.6,mm,6.6,mm,,,,,9.81,,,,22,0,,,,,,,,,,,,,,,,,,,,,,,,,,,,,,,,,,,,,,,,,,,,,,,,,,,,,,,,,,,,,,,,,,,,,,,,,,,,,,,,,,,,,,,,,,,,,,,,,,,,,,,,,,,,,,,,,,,,,,,,,,,,,,,,,,,,,,,,,,,,,,,,,,,,,,,,,,,,,,,,,,,,,,,,,,,,,,,,,,,,
TT.H4000300,5901597283966,,LED profile OMNI10 purpose-made AC2 alu raw 3m,"LED profil, OMNI10, namenski, AC2, alu surov, 3m, 1/42, (R2)",00001602,91086973,,m,76042100,PL,0,,0,,0,,2000,mm,20.6,mm,6.6,mm,,,,,6.61,,,,22,0,,,,,,,,,,,,,,,,,,,,,,,,,,,,,,,,,,,,,,,,,,,,,,,,,,,,,,,,,,,,,,,,,,,,,,,,,,,,,,,,,,,,,,,,,,,,,,,,,,,,,,,,,,,,,,,,,,,,,,,,,,,,,,,,,,,,,,,,,,,,,,,,,,,,,,,,,,,,,,,,,,,,,,,,,,,,,,,,,,,,
TT.H4000320,5901597283980,,LED profile OMNI10 purpose-made AC2 alu anodized 3m,"LED profil, OMNI10, namenski, AC2, alu anodiziran, 3m, 1/42, (R2)",00001602,91086973,,m,76042100,PL,0,,0,,0,,2000,mm,20.6,mm,6.6,mm,,,,,10.05,,,,22,0,,,,,,,,,,,,,,,,,,,,,,,,,,,,,,,,,,,,,,,,,,,,,,,,,,,,,,,,,,,,,,,,,,,,,,,,,,,,,,,,,,,,,,,,,,,,,,,,,,,,,,,,,,,,,,,,,,,,,,,,,,,,,,,,,,,,,,,,,,,,,,,,,,,,,,,,,,,,,,,,,,,,,,,,,,,,,,,,,,,,
TT.H5020000,5901597284130,,LED profile DIAGONAL14 recessed F/TY alu raw 2m,"LED profil, DIAGONAL14, vgradni, F/TY, alu surov, 2m, 1/40, (R2)",00001602,91086973,,m,76042100,PL,0,,0,,0,,2000,mm,20.6,mm,6.6,mm,,,,,6,,,,22,0,,,,,,,,,,,,,,,,,,,,,,,,,,,,,,,,,,,,,,,,,,,,,,,,,,,,,,,,,,,,,,,,,,,,,,,,,,,,,,,,,,,,,,,,,,,,,,,,,,,,,,,,,,,,,,,,,,,,,,,,,,,,,,,,,,,,,,,,,,,,,,,,,,,,,,,,,,,,,,,,,,,,,,,,,,,,,,,,,,,,
TT.H5020001,5901597284178,,LED profile DIAGONAL14 recessed F/TY white 2m,"LED profil, DIAGONAL14, vgradni, F/TY, bel, 2m, 1/50, (R2)",00001602,91086973,,m,76042100,PL,0,,0,,0,,2000,mm,20.6,mm,6.6,mm,,,,,16.66,,,,22,0,,,,,,,,,,,,,,,,,,,,,,,,,,,,,,,,,,,,,,,,,,,,,,,,,,,,,,,,,,,,,,,,,,,,,,,,,,,,,,,,,,,,,,,,,,,,,,,,,,,,,,,,,,,,,,,,,,,,,,,,,,,,,,,,,,,,,,,,,,,,,,,,,,,,,,,,,,,,,,,,,,,,,,,,,,,,,,,,,,,,
TT.H5020020,5901597284154,,LED profile DIAGONAL14 recessed F/TY alu anodized 2m,"LED profil, DIAGONAL14, vgradni, F/TY, alu anodiziran, 2m, 1/40, (R2)",00001602,91086973,,m,76042100,PL,0,,0,,0,,2000,mm,20.6,mm,6.6,mm,,,,,9.27,,,,22,0,,,,,,,,,,,,,,,,,,,,,,,,,,,,,,,,,,,,,,,,,,,,,,,,,,,,,,,,,,,,,,,,,,,,,,,,,,,,,,,,,,,,,,,,,,,,,,,,,,,,,,,,,,,,,,,,,,,,,,,,,,,,,,,,,,,,,,,,,,,,,,,,,,,,,,,,,,,,,,,,,,,,,,,,,,,,,,,,,,,,
TT.H5020021,5901597284185,,LED profile DIAGONAL14 recessed F/TY black anodized 2m,"LED profil, DIAGONAL14, vgradni, F/TY, črn anodiziran, 2m, 1/50, (R2)",00001602,91086973,,m,76042100,PL,0,,0,,0,,2000,mm,20.6,mm,6.6,mm,,,,,13.09,,,,22,0,,,,,,,,,,,,,,,,,,,,,,,,,,,,,,,,,,,,,,,,,,,,,,,,,,,,,,,,,,,,,,,,,,,,,,,,,,,,,,,,,,,,,,,,,,,,,,,,,,,,,,,,,,,,,,,,,,,,,,,,,,,,,,,,,,,,,,,,,,,,,,,,,,,,,,,,,,,,,,,,,,,,,,,,,,,,,,,,,,,,
TT.H5090000,5901597284192,,LED profile DIAGONAL14 recessed F/TY alu raw 3m,"LED profil, DIAGONAL14, vgradni, F/TY, alu surov, 3m, 1/40, (R2)",00001602,91086973,,m,76042100,PL,0,,0,,0,,2000,mm,20.6,mm,6.6,mm,,,,,6.21,,,,22,0,,,,,,,,,,,,,,,,,,,,,,,,,,,,,,,,,,,,,,,,,,,,,,,,,,,,,,,,,,,,,,,,,,,,,,,,,,,,,,,,,,,,,,,,,,,,,,,,,,,,,,,,,,,,,,,,,,,,,,,,,,,,,,,,,,,,,,,,,,,,,,,,,,,,,,,,,,,,,,,,,,,,,,,,,,,,,,,,,,,,
TT.H5090001,5901597284239,,LED profile DIAGONAL14 recessed F/TY white 3m,"LED profil, DIAGONAL14, vgradni, F/TY, bel, 3m, (R2)",00001602,91086973,,m,76042100,PL,0,,0,,0,,2000,mm,20.6,mm,6.6,mm,,,,,17.59,,,,22,0,,,,,,,,,,,,,,,,,,,,,,,,,,,,,,,,,,,,,,,,,,,,,,,,,,,,,,,,,,,,,,,,,,,,,,,,,,,,,,,,,,,,,,,,,,,,,,,,,,,,,,,,,,,,,,,,,,,,,,,,,,,,,,,,,,,,,,,,,,,,,,,,,,,,,,,,,,,,,,,,,,,,,,,,,,,,,,,,,,,,
TT.H5090020,5901597284215,,LED profile DIAGONAL14 recessed F/TY alu anodized 3m,"LED profil, DIAGONAL14, vgradni, F/TY, alu anodiziran, 3m, 1/40, (R2)",00001602,91086973,,m,76042100,PL,0,,0,,0,,2000,mm,20.6,mm,6.6,mm,,,,,9.66,,,,22,0,,,,,,,,,,,,,,,,,,,,,,,,,,,,,,,,,,,,,,,,,,,,,,,,,,,,,,,,,,,,,,,,,,,,,,,,,,,,,,,,,,,,,,,,,,,,,,,,,,,,,,,,,,,,,,,,,,,,,,,,,,,,,,,,,,,,,,,,,,,,,,,,,,,,,,,,,,,,,,,,,,,,,,,,,,,,,,,,,,,,
TT.H5090021,5901597284246,,LED profile DIAGONAL14 recessed F/TY black anodized 3m,"LED profil, DIAGONAL14, vgradni, F/TY, črn anodiziran, 3m, (R2)",00001602,91086973,,m,76042100,PL,0,,0,,0,,2000,mm,20.6,mm,6.6,mm,,,,,13.82,,,,22,0,,,,,,,,,,,,,,,,,,,,,,,,,,,,,,,,,,,,,,,,,,,,,,,,,,,,,,,,,,,,,,,,,,,,,,,,,,,,,,,,,,,,,,,,,,,,,,,,,,,,,,,,,,,,,,,,,,,,,,,,,,,,,,,,,,,,,,,,,,,,,,,,,,,,,,,,,,,,,,,,,,,,,,,,,,,,,,,,,,,,
TT.H7000638,5901597287155,,Cover type C4 click milky transparent mat 2m,Pokrov tip C4 na klik PC mlečno prozoren 2m,00001602,91086973,,m,94059200,PL,0,,0,,0,,10.2,2000,5,2000,0,2000,,,,,2.68,,,,22,0,,,,,,,,,,,,,,,,,,,,,,,,,,,,,,,,,,,,,,,,,,,,,,,,,,,,,,,,,,,,,,,,,,,,,,,,,,,,,,,,,,,,,,,,,,,,,,,,,,,,,,,,,,,,,,,,,,,,,,,,,,,,,,,,,,,,,,,,,,,,,,,,,,,,,,,,,,,,,,,,,,,,,,,,,,,,,,,,,,,,
TT.H8020020,5901597242383,,LED profile HI8 recessed C1 alu anodized 2m,"LED profil, HI8, vgradni, C1, alu anodiziran, 2m, 1/80, (R2)",00001602,91086973,,m,76042100,PL,0,,0.52,,0,,2000,mm,12.2,mm,8.2,mm,,,,,7.82,,,,22,0,,,,,,,,,,,,,,,,,,,,,,,,,,,,,,,,,,,,,,,,,,,,,,,,,,,,,,,,,,,,,,,,,,,,,,,,,,,,,,,,,,,,,,,,,,,,,,,,,,,,,,,,,,,,,,,,,,,,,,,,,,,,,,,,,,,,,,,,,,,,,,,,,,,,,,,,,,,,,,,,,,,,,,,,,,,,,,,,,,,,
TT.H8060038,5901597243809,,Cover type C1 click milky transparent mat 2m,Pokrov tip C1 na klik PMMA mlečno prozoren mat 2m,00001602,91086973,,m,94059200,PL,0.038,,0.038,,0,,8.2,2000,6.9,2000,0,2000,,,,,4.22,,,,22,0,,,,,,,,,,,,,,,,,,,,,,,,,,,,,,,,,,,,,,,,,,,,,,,,,,,,,,,,,,,,,,,,,,,,,,,,,,,,,,,,,,,,,,,,,,,,,,,,,,,,,,,,,,,,,,,,,,,,,,,,,,,,,,,,,,,,,,,,,,,,,,,,,,,,,,,,,,,,,,,,,,,,,,,,,,,,,,,,,,,,
TT.H8990022,5901597243670,,End cap HI8 grey C1 20pcs,"Zaključni element (kapa), HI8, siv, 1/10, (R2)",00001602,91086973,,kom,94059200,PL,0.01,,0.01,,0,,10,mm,100,mm,160,mm,,,,,0.52,,,,22,0,,,,,,,,,,,,,,,,,,,,,,,,,,,,,,,,,,,,,,,,,,,,,,,,,,,,,,,,,,,,,,,,,,,,,,,,,,,,,,,,,,,,,,,,,,,,,,,,,,,,,,,,,,,,,,,,,,,,,,,,,,,,,,,,,,,,,,,,,,,,,,,,,,,,,,,,,,,,,,,,,,,,,,,,,,,,,,,,,,,,
TT.H8990038,5901597257110,,End cap HI8 opal C1 20pcs,"Zaključni element (kapa), HI8, opal, 1/10, (R2)",00001602,91086973,,kom,94059200,PL,0.01,,0.01,,0,,10,mm,100,mm,160,mm,,,,,0.52,,,,22,0,,,,,,,,,,,,,,,,,,,,,,,,,,,,,,,,,,,,,,,,,,,,,,,,,,,,,,,,,,,,,,,,,,,,,,,,,,,,,,,,,,,,,,,,,,,,,,,,,,,,,,,,,,,,,,,,,,,,,,,,,,,,,,,,,,,,,,,,,,,,,,,,,,,,,,,,,,,,,,,,,,,,,,,,,,,,,,,,,,,,
TT.H8990040,5901597243687,,End cap HI8 silver C1 20pcs,"Zaključni element (kapa), HI8, srebrn, 1/10, (R2)",00001602,91086973,,kom,94059200,PL,0.01,,0.01,,0,,10,mm,100,mm,160,mm,,,,,0.56,,,,22,0,,,,,,,,,,,,,,,,,,,,,,,,,,,,,,,,,,,,,,,,,,,,,,,,,,,,,,,,,,,,,,,,,,,,,,,,,,,,,,,,,,,,,,,,,,,,,,,,,,,,,,,,,,,,,,,,,,,,,,,,,,,,,,,,,,,,,,,,,,,,,,,,,,,,,,,,,,,,,,,,,,,,,,,,,,,,,,,,,,,,
TT.H9000200,5901597284659,,LED profile SMOOTH12 purpose-made BC/Q9 alu raw 2m,"LED profil, SMOOTH12, namenski, BC/Q9, alu surov, 2m, 1/24, (R2)",00001602,91086973,,m,76042100,PL,0,,0,,0,,2000,mm,20.6,mm,6.6,mm,,,,,12.22,,,,22,0,,,,,,,,,,,,,,,,,,,,,,,,,,,,,,,,,,,,,,,,,,,,,,,,,,,,,,,,,,,,,,,,,,,,,,,,,,,,,,,,,,,,,,,,,,,,,,,,,,,,,,,,,,,,,,,,,,,,,,,,,,,,,,,,,,,,,,,,,,,,,,,,,,,,,,,,,,,,,,,,,,,,,,,,,,,,,,,,,,,,
TT.V3020000,5901597240051,,LED profile VARIO30-01 ACDE-9/TY alu raw 2m,"LED profil, VARIO30-01, nadgradni, ACDE-9/TY, alu surov, 2m, 1/40, (R2)",00001602,91086973,,m,76042100,PL,0,,1.02,,0,,2000,mm,33.4,mm,12.8,mm,,,,,9.1,,,,22,0,,,,,,,,,,,,,,,,,,,,,,,,,,,,,,,,,,,,,,,,,,,,,,,,,,,,,,,,,,,,,,,,,,,,,,,,,,,,,,,,,,,,,,,,,,,,,,,,,,,,,,,,,,,,,,,,,,,,,,,,,,,,,,,,,,,,,,,,,,,,,,,,,,,,,,,,,,,,,,,,,,,,,,,,,,,,,,,,,,,,
TT.V3020001,5901597240075,,LED profile VARIO30-01 ACDE-9/TY white mat 2m,"LED profil, VARIO30-01, nadgradni, ACDE-9/TY, bel mat, 2m, 1/50, (R2)",00001602,91086973,,m,76042100,PL,0,,1.02,,0,,2000,mm,33.4,mm,12.8,mm,,,,,15.7,,,,22,0,,,,,,,,,,,,,,,,,,,,,,,,,,,,,,,,,,,,,,,,,,,,,,,,,,,,,,,,,,,,,,,,,,,,,,,,,,,,,,,,,,,,,,,,,,,,,,,,,,,,,,,,,,,,,,,,,,,,,,,,,,,,,,,,,,,,,,,,,,,,,,,,,,,,,,,,,,,,,,,,,,,,,,,,,,,,,,,,,,,,
TT.V3020020,5901597237952,,LED profile VARIO30-01 ACDE-9/TY alu anodized 2m,"LED profil, VARIO30-01, nadgradni, ACDE-9/TY, alu anodiziran, 2m, 1/40, (R2)",00001602,91086973,,m,76042100,PL,0,,1.02,,0,,2000,mm,33.4,mm,12.8,mm,,,,,13.1,,,,22,0,,,,,,,,,,,,,,,,,,,,,,,,,,,,,,,,,,,,,,,,,,,,,,,,,,,,,,,,,,,,,,,,,,,,,,,,,,,,,,,,,,,,,,,,,,,,,,,,,,,,,,,,,,,,,,,,,,,,,,,,,,,,,,,,,,,,,,,,,,,,,,,,,,,,,,,,,,,,,,,,,,,,,,,,,,,,,,,,,,,,
TT.V3020021,5901597240068,,LED profile VARIO30-01 ACDE-9/TY black anodized 2m,"LED profil, VARIO30-01, nadgradni, ACDE-9/TY, črn anodiziran, 2m, 1/50, (R2)",00001602,91086973,,m,76042100,PL,0,,1.02,,0,,2000,mm,33.4,mm,12.8,mm,,,,,15.92,,,,22,0,,,,,,,,,,,,,,,,,,,,,,,,,,,,,,,,,,,,,,,,,,,,,,,,,,,,,,,,,,,,,,,,,,,,,,,,,,,,,,,,,,,,,,,,,,,,,,,,,,,,,,,,,,,,,,,,,,,,,,,,,,,,,,,,,,,,,,,,,,,,,,,,,,,,,,,,,,,,,,,,,,,,,,,,,,,,,,,,,,,,
TT.V3030020,5901597252696,,LED profile VARIO30-01 ACDE-9/TY alu anodized 3m,"LED profil, VARIO30-01, nadgradni, ACDE-9/TY, alu anodiziran, 3m, (R2)",00001602,91086973,,m,76042100,PL,0,,1.53,,0,,3000,mm,33.4,mm,12.8,mm,,,,,14.43,,,,22,0,,,,,,,,,,,,,,,,,,,,,,,,,,,,,,,,,,,,,,,,,,,,,,,,,,,,,,,,,,,,,,,,,,,,,,,,,,,,,,,,,,,,,,,,,,,,,,,,,,,,,,,,,,,,,,,,,,,,,,,,,,,,,,,,,,,,,,,,,,,,,,,,,,,,,,,,,,,,,,,,,,,,,,,,,,,,,,,,,,,,
TT.V3030021,5901597252726,,LED profile VARIO30-01 ACDE-9/TY black anodized 3m,"LED profil, VARIO30-01, nadgradni, ACDE-9/TY, črn anodiziran, 3m, (R2)",00001602,91086973,,m,76042100,PL,0,,1.02,,0,,2000,mm,33.4,mm,12.8,mm,,,,,16.66,,,,22,0,,,,,,,,,,,,,,,,,,,,,,,,,,,,,,,,,,,,,,,,,,,,,,,,,,,,,,,,,,,,,,,,,,,,,,,,,,,,,,,,,,,,,,,,,,,,,,,,,,,,,,,,,,,,,,,,,,,,,,,,,,,,,,,,,,,,,,,,,,,,,,,,,,,,,,,,,,,,,,,,,,,,,,,,,,,,,,,,,,,,
TT.V3060000,5901597240099,,LED profile VARIO30-02 ACDE-9/TY alu raw 2m,"LED profil, VARIO30-02, nadgradni, ACDE-9/TY, alu surov, 2m, 1/20, (R2)",00001602,91086973,,m,76042100,PL,0,,1.436,,0,,2000,mm,33.4,mm,29.6,mm,,,,,11.71,,,,22,0,,,,,,,,,,,,,,,,,,,,,,,,,,,,,,,,,,,,,,,,,,,,,,,,,,,,,,,,,,,,,,,,,,,,,,,,,,,,,,,,,,,,,,,,,,,,,,,,,,,,,,,,,,,,,,,,,,,,,,,,,,,,,,,,,,,,,,,,,,,,,,,,,,,,,,,,,,,,,,,,,,,,,,,,,,,,,,,,,,,,
TT.V3060001,5901597240112,,LED profile VARIO30-02 ACDE-9/TY white mat 2m,"LED profil, VARIO30-02, nadgradni, ACDE-9/TY, bel mat, 2m, 1/20, (R2)",00001602,91086973,,m,76042100,PL,0,,1.436,,0,,2000,mm,33.4,mm,29.6,mm,,,,,25.87,,,,22,0,,,,,,,,,,,,,,,,,,,,,,,,,,,,,,,,,,,,,,,,,,,,,,,,,,,,,,,,,,,,,,,,,,,,,,,,,,,,,,,,,,,,,,,,,,,,,,,,,,,,,,,,,,,,,,,,,,,,,,,,,,,,,,,,,,,,,,,,,,,,,,,,,,,,,,,,,,,,,,,,,,,,,,,,,,,,,,,,,,,,
TT.V3060020,5901597240082,,LED profile VARIO30-02 ACDE-9/TY alu anodized 2m,"LED profil, VARIO30-02, nadgradni, ACDE-9/TY, alu anodiziran, 2m, 1/20, (R2)",00001602,91086973,,m,76042100,PL,0,,1.436,,0,,2000,mm,33.4,mm,29.6,mm,,,,,18.82,,,,22,0,,,,,,,,,,,,,,,,,,,,,,,,,,,,,,,,,,,,,,,,,,,,,,,,,,,,,,,,,,,,,,,,,,,,,,,,,,,,,,,,,,,,,,,,,,,,,,,,,,,,,,,,,,,,,,,,,,,,,,,,,,,,,,,,,,,,,,,,,,,,,,,,,,,,,,,,,,,,,,,,,,,,,,,,,,,,,,,,,,,,
TT.V3060021,5901597240105,,LED profile VARIO30-02 ACDE-9/TY black anodized 2m,"LED profil, VARIO30-02, nadgradni, ACDE-9/TY, črn anodiziran, 2m, 1/20, (R2)",00001602,91086973,,m,76042100,PL,0,,1.436,,0,,2000,mm,33.4,mm,29.6,mm,,,,,23.52,,,,22,0,,,,,,,,,,,,,,,,,,,,,,,,,,,,,,,,,,,,,,,,,,,,,,,,,,,,,,,,,,,,,,,,,,,,,,,,,,,,,,,,,,,,,,,,,,,,,,,,,,,,,,,,,,,,,,,,,,,,,,,,,,,,,,,,,,,,,,,,,,,,,,,,,,,,,,,,,,,,,,,,,,,,,,,,,,,,,,,,,,,,
TT.V3070020S,5901597252863,,LED profile VARIO30-02 ACDE-9/TY alu anodized 3m,"LED profil, VARIO30-02, nadgradni, ACDE-9/TY, alu anodiziran, 3m, (R2)",00001602,91086973,,m,76042100,PL,0,,2.154,,0,,3000,mm,33.4,mm,29.6,mm,,,,,,,,,22,0,,,,,,,,,,,,,,,,,,,,,,,,,,,,,,,,,,,,,,,,,,,,,,,,,,,,,,,,,,,,,,,,,,,,,,,,,,,,,,,,,,,,,,,,,,,,,,,,,,,,,,,,,,,,,,,,,,,,,,,,,,,,,,,,,,,,,,,,,,,,,,,,,,,,,,,,,,,,,,,,,,,,,,,,,,,,,,,,,,,,
TT.V3070021,5901597252870,,LED profile VARIO30-02 ACDE-9/TY black anodized 3m,"LED profil, VARIO30-02, nadgradni, ACDE-9/TY, črn anodiziran, 3m, (R2)",00001602,91086973,,m,76042100,PL,0,,2.154,,0,,3000,mm,33.4,mm,29.6,mm,,,,,24.98,,,,22,0,,,,,,,,,,,,,,,,,,,,,,,,,,,,,,,,,,,,,,,,,,,,,,,,,,,,,,,,,,,,,,,,,,,,,,,,,,,,,,,,,,,,,,,,,,,,,,,,,,,,,,,,,,,,,,,,,,,,,,,,,,,,,,,,,,,,,,,,,,,,,,,,,,,,,,,,,,,,,,,,,,,,,,,,,,,,,,,,,,,,
TT.V3080001,5901597252931,,LED profile VARIO30-02 ACDE-9/TY white mat 4m,"LED profil, VARIO30-02, nadgradni, ACDE-9/TY, bel mat, 4m, 1/0, (R2)",00001602,91086973,,m,76042100,PL,0,,11.48,,0,,4000,mm,33.4,mm,29.6,mm,,,,,26.54,,,,22,0,,,,,,,,,,,,,,,,,,,,,,,,,,,,,,,,,,,,,,,,,,,,,,,,,,,,,,,,,,,,,,,,,,,,,,,,,,,,,,,,,,,,,,,,,,,,,,,,,,,,,,,,,,,,,,,,,,,,,,,,,,,,,,,,,,,,,,,,,,,,,,,,,,,,,,,,,,,,,,,,,,,,,,,,,,,,,,,,,,,,
TT.V3080020,5901597252917,,LED profile VARIO30-02 ACDE-9/TY alu anodized 4m,"LED profil, VARIO30-02, nadgradni, ACDE-9/TY, alu anodiziran, 4m, 1/0, (R2)",00001602,91086973,,m,76042100,PL,0,,11.48,,0,,4000,mm,33.4,mm,29.6,mm,,,,,19.72,,,,22,0,,,,,,,,,,,,,,,,,,,,,,,,,,,,,,,,,,,,,,,,,,,,,,,,,,,,,,,,,,,,,,,,,,,,,,,,,,,,,,,,,,,,,,,,,,,,,,,,,,,,,,,,,,,,,,,,,,,,,,,,,,,,,,,,,,,,,,,,,,,,,,,,,,,,,,,,,,,,,,,,,,,,,,,,,,,,,,,,,,,,
TT.V3100000,5901597240136,,LED profile VARIO30-03 ACDE-9/TY alu raw 2m,"LED profil, VARIO30-03, nadgradni, ACDE-9/TY, alu surov, 2m, 1/18, (R2)",00001602,91086973,,m,76042100,PL,0,,1.712,,0,,2000,mm,38,mm,31.8,mm,,,,,13.83,,,,22,0,,,,,,,,,,,,,,,,,,,,,,,,,,,,,,,,,,,,,,,,,,,,,,,,,,,,,,,,,,,,,,,,,,,,,,,,,,,,,,,,,,,,,,,,,,,,,,,,,,,,,,,,,,,,,,,,,,,,,,,,,,,,,,,,,,,,,,,,,,,,,,,,,,,,,,,,,,,,,,,,,,,,,,,,,,,,,,,,,,,,
TT.V3100001,5901597240150,,LED profile VARIO30-03 ACDE-9/TY white mat 2m,"LED profil, VARIO30-03, nadgradni, ACDE-9/TY, bel mat, 2m, 1/15, (R2)",00001602,91086973,,m,76042100,PL,0,,1.716,,0,,2000,mm,38,mm,31.8,mm,,,,,30.21,,,,22,0,,,,,,,,,,,,,,,,,,,,,,,,,,,,,,,,,,,,,,,,,,,,,,,,,,,,,,,,,,,,,,,,,,,,,,,,,,,,,,,,,,,,,,,,,,,,,,,,,,,,,,,,,,,,,,,,,,,,,,,,,,,,,,,,,,,,,,,,,,,,,,,,,,,,,,,,,,,,,,,,,,,,,,,,,,,,,,,,,,,,
TT.V3100020,5901597240129,,LED profile VARIO30-03 ACDE-9/TY alu anodized 2m,"LED profil, VARIO30-03, nadgradni, ACDE-9/TY, alu anodiziran, 2m, 1/18, (R2)",00001602,91086973,,m,76042100,PL,0,,1.788,,0,,2000,mm,38,mm,31.8,mm,,,,,22.27,,,,22,0,,,,,,,,,,,,,,,,,,,,,,,,,,,,,,,,,,,,,,,,,,,,,,,,,,,,,,,,,,,,,,,,,,,,,,,,,,,,,,,,,,,,,,,,,,,,,,,,,,,,,,,,,,,,,,,,,,,,,,,,,,,,,,,,,,,,,,,,,,,,,,,,,,,,,,,,,,,,,,,,,,,,,,,,,,,,,,,,,,,,
TT.V3100021,5901597240143,,LED profile VARIO30-03 ACDE-9/TY black anodized 2m,"LED profil, VARIO30-03, nadgradni, ACDE-9/TY, črn anodiziran, 2m, 1/15, (R2)",00001602,91086973,,m,76042100,PL,0,,1.712,,0,,2000,mm,38,mm,31.8,mm,,,,,26.73,,,,22,0,,,,,,,,,,,,,,,,,,,,,,,,,,,,,,,,,,,,,,,,,,,,,,,,,,,,,,,,,,,,,,,,,,,,,,,,,,,,,,,,,,,,,,,,,,,,,,,,,,,,,,,,,,,,,,,,,,,,,,,,,,,,,,,,,,,,,,,,,,,,,,,,,,,,,,,,,,,,,,,,,,,,,,,,,,,,,,,,,,,,
TT.V3110001,5901597253037,,LED profile VARIO30-03 ACDE-9/TY white mat 3m,"LED profil, VARIO30-03, nadgradni, ACDE-9/TY, bel mat, 3m, (R2)",00001602,91086973,,m,76042100,PL,0,,2.568,,0,,3000,mm,38,mm,31.8,mm,,,,,31.06,,,,22,0,,,,,,,,,,,,,,,,,,,,,,,,,,,,,,,,,,,,,,,,,,,,,,,,,,,,,,,,,,,,,,,,,,,,,,,,,,,,,,,,,,,,,,,,,,,,,,,,,,,,,,,,,,,,,,,,,,,,,,,,,,,,,,,,,,,,,,,,,,,,,,,,,,,,,,,,,,,,,,,,,,,,,,,,,,,,,,,,,,,,
TT.V3110020,5901597253013,,LED profile VARIO30-03 ACDE-9/TY alu anodized 3m,"LED profil, VARIO30-03, nadgradni, ACDE-9/TY, alu anodiziran, 3m, (R2)",00001602,91086973,,m,76042100,PL,0,,2.682,,0,,3000,mm,38,mm,31.8,mm,,,,,23.28,,,,22,0,,,,,,,,,,,,,,,,,,,,,,,,,,,,,,,,,,,,,,,,,,,,,,,,,,,,,,,,,,,,,,,,,,,,,,,,,,,,,,,,,,,,,,,,,,,,,,,,,,,,,,,,,,,,,,,,,,,,,,,,,,,,,,,,,,,,,,,,,,,,,,,,,,,,,,,,,,,,,,,,,,,,,,,,,,,,,,,,,,,,
TT.V3110021,5901597253044,,LED profile VARIO30-03 ACDE-9/TY black anodized 3m,"LED profil, VARIO30-03, nadgradni, ACDE-9/TY, črn anodiziran, 3m, (R2)",00001602,91086973,,m,76042100,PL,0,,2.568,,0,,3000,mm,38,mm,31.8,mm,,,,,28.01,,,,22,0,,,,,,,,,,,,,,,,,,,,,,,,,,,,,,,,,,,,,,,,,,,,,,,,,,,,,,,,,,,,,,,,,,,,,,,,,,,,,,,,,,,,,,,,,,,,,,,,,,,,,,,,,,,,,,,,,,,,,,,,,,,,,,,,,,,,,,,,,,,,,,,,,,,,,,,,,,,,,,,,,,,,,,,,,,,,,,,,,,,,
TT.V3140000,5901597240174,,LED profile VARIO30-04 recessed ACDE-9 alu raw 2m,"LED profil, VARIO30-04, vgradni, ACDE-9, alu surov, 2m, 1/24, (R2)",00001602,91086973,,m,76042100,PL,0,,1.224,,0,,2000,mm,63.4,mm,15.9,mm,,,,,11.02,,,,22,0,,,,,,,,,,,,,,,,,,,,,,,,,,,,,,,,,,,,,,,,,,,,,,,,,,,,,,,,,,,,,,,,,,,,,,,,,,,,,,,,,,,,,,,,,,,,,,,,,,,,,,,,,,,,,,,,,,,,,,,,,,,,,,,,,,,,,,,,,,,,,,,,,,,,,,,,,,,,,,,,,,,,,,,,,,,,,,,,,,,,
TT.V3140001,5901597240181,,LED profile VARIO30-04 recessed ACDE-9 white mat 2m,"LED profil, VARIO30-04, vgradni, ACDE-9, bel mat, 2m, 1/20, (R2)",00001602,91086973,,m,76042100,PL,0,,1.224,,0,,2000,mm,63.4,mm,15.9,mm,,,,,22.65,,,,22,0,,,,,,,,,,,,,,,,,,,,,,,,,,,,,,,,,,,,,,,,,,,,,,,,,,,,,,,,,,,,,,,,,,,,,,,,,,,,,,,,,,,,,,,,,,,,,,,,,,,,,,,,,,,,,,,,,,,,,,,,,,,,,,,,,,,,,,,,,,,,,,,,,,,,,,,,,,,,,,,,,,,,,,,,,,,,,,,,,,,,
TT.V3140020,5901597240167,,LED profile VARIO30-04 recessed ACDE-9 alu anodized 2m,"LED profil, VARIO30-04, vgradni, ACDE-9, alu anodiziran, 2m, 1/24, (R2)",00001602,91086973,,m,76042100,PL,0,,1.224,,0,,2000,mm,63.4,mm,15.9,mm,,,,,15.72,,,,22,0,,,,,,,,,,,,,,,,,,,,,,,,,,,,,,,,,,,,,,,,,,,,,,,,,,,,,,,,,,,,,,,,,,,,,,,,,,,,,,,,,,,,,,,,,,,,,,,,,,,,,,,,,,,,,,,,,,,,,,,,,,,,,,,,,,,,,,,,,,,,,,,,,,,,,,,,,,,,,,,,,,,,,,,,,,,,,,,,,,,,
TT.V3180000,5901597240204,,LED profile VARIO30-05 recessed ACDE-9 alu raw 2m,"LED profil, VARIO30-05, vgradni, ACDE-9, alu surov, 2m, 1/25, (R2)",00001602,91086973,,m,76042100,PL,0,,1.5,,0,,2000,mm,63.4,mm,24,mm,,,,,13.21,,,,22,0,,,,,,,,,,,,,,,,,,,,,,,,,,,,,,,,,,,,,,,,,,,,,,,,,,,,,,,,,,,,,,,,,,,,,,,,,,,,,,,,,,,,,,,,,,,,,,,,,,,,,,,,,,,,,,,,,,,,,,,,,,,,,,,,,,,,,,,,,,,,,,,,,,,,,,,,,,,,,,,,,,,,,,,,,,,,,,,,,,,,
TT.V3180001,5901597240211,,LED profile VARIO30-05 recessed ACDE-9 white mat 2m,"LED profil, VARIO30-05, vgradni, ACDE-9, bel mat, 2m, 1/15, (R2)",00001602,91086973,,m,76042100,PL,0,,1.5,,0,,2000,mm,63.4,mm,24,mm,,,,,26.13,,,,22,0,,,,,,,,,,,,,,,,,,,,,,,,,,,,,,,,,,,,,,,,,,,,,,,,,,,,,,,,,,,,,,,,,,,,,,,,,,,,,,,,,,,,,,,,,,,,,,,,,,,,,,,,,,,,,,,,,,,,,,,,,,,,,,,,,,,,,,,,,,,,,,,,,,,,,,,,,,,,,,,,,,,,,,,,,,,,,,,,,,,,
TT.V3180020,5901597240198,,LED profile VARIO30-05 recessed ACDE-9 alu anodized 2m,"LED profil, VARIO30-05, vgradni, ACDE-9, alu anodiziran, 2m, 1/25, (R2)",00001602,91086973,,m,76042100,PL,0,,1.5,,0,,2000,mm,63.4,mm,24,mm,,,,,19.15,,,,22,0,,,,,,,,,,,,,,,,,,,,,,,,,,,,,,,,,,,,,,,,,,,,,,,,,,,,,,,,,,,,,,,,,,,,,,,,,,,,,,,,,,,,,,,,,,,,,,,,,,,,,,,,,,,,,,,,,,,,,,,,,,,,,,,,,,,,,,,,,,,,,,,,,,,,,,,,,,,,,,,,,,,,,,,,,,,,,,,,,,,,
TT.V3220000,5901597240235,,LED profile VARIO30-06 recessed ACDE-9/U9 alu raw 2m,"LED profil, VARIO30-06, vgradni, ACDE-9/U9, alu surov, 2m, 1/24, (R2)",00001602,91086973,,m,76042100,PL,0,,0.972,,0,,2000,mm,44.4,mm,14,mm,,,,,7.62,,,,22,0,,,,,,,,,,,,,,,,,,,,,,,,,,,,,,,,,,,,,,,,,,,,,,,,,,,,,,,,,,,,,,,,,,,,,,,,,,,,,,,,,,,,,,,,,,,,,,,,,,,,,,,,,,,,,,,,,,,,,,,,,,,,,,,,,,,,,,,,,,,,,,,,,,,,,,,,,,,,,,,,,,,,,,,,,,,,,,,,,,,,
TT.V3220001,5901597240259,,LED profile VARIO30-06 recessed ACDE-9/U9 white mat 2m,"LED profil, VARIO30-06, vgradni, ACDE-9/U9, bel mat, 2m, 1/40, (R2)",00001602,91086973,,m,76042100,PL,0,,0.972,,0,,2000,mm,44.4,mm,14,mm,,,,,16.78,,,,22,0,,,,,,,,,,,,,,,,,,,,,,,,,,,,,,,,,,,,,,,,,,,,,,,,,,,,,,,,,,,,,,,,,,,,,,,,,,,,,,,,,,,,,,,,,,,,,,,,,,,,,,,,,,,,,,,,,,,,,,,,,,,,,,,,,,,,,,,,,,,,,,,,,,,,,,,,,,,,,,,,,,,,,,,,,,,,,,,,,,,,
TT.V3220020,5901597240228,,LED profile VARIO30-06 recessed ACDE-9/U9 alu anodized 2m,"LED profil, VARIO30-06, vgradni, ACDE-9/U9, alu anodiziran, 2m, 1/24, (R2)",00001602,91086973,,m,76042100,PL,0,,0.972,,0,,2000,mm,44.4,mm,14,mm,,,,,12.63,,,,22,0,,,,,,,,,,,,,,,,,,,,,,,,,,,,,,,,,,,,,,,,,,,,,,,,,,,,,,,,,,,,,,,,,,,,,,,,,,,,,,,,,,,,,,,,,,,,,,,,,,,,,,,,,,,,,,,,,,,,,,,,,,,,,,,,,,,,,,,,,,,,,,,,,,,,,,,,,,,,,,,,,,,,,,,,,,,,,,,,,,,,
TT.V3220021,5901597240242,,LED profile VARIO30-06 recessed ACDE-9/U9 black anodized 2m,"LED profil, VARIO30-06, vgradni, ACDE-9/U9, črn anodiziran, 2m, 1/40, (R2)",00001602,91086973,,m,76042100,PL,0,,0.972,,0,,2000,mm,44.4,mm,14,mm,,,,,15.59,,,,22,0,,,,,,,,,,,,,,,,,,,,,,,,,,,,,,,,,,,,,,,,,,,,,,,,,,,,,,,,,,,,,,,,,,,,,,,,,,,,,,,,,,,,,,,,,,,,,,,,,,,,,,,,,,,,,,,,,,,,,,,,,,,,,,,,,,,,,,,,,,,,,,,,,,,,,,,,,,,,,,,,,,,,,,,,,,,,,,,,,,,,
TT.V3230001,5901597253471,,LED profile VARIO30-06 recessed ACDE-9/U9 white mat 3m,"LED profil, VARIO30-06, vgradni, ACDE-9/U9, bel mat, 3m, (R2)",00001602,91086973,,m,76122100,PL,0,,0,,0,,2000,mm,20.6,mm,6.6,mm,,,,,19.56,,,,22,0,,,,,,,,,,,,,,,,,,,,,,,,,,,,,,,,,,,,,,,,,,,,,,,,,,,,,,,,,,,,,,,,,,,,,,,,,,,,,,,,,,,,,,,,,,,,,,,,,,,,,,,,,,,,,,,,,,,,,,,,,,,,,,,,,,,,,,,,,,,,,,,,,,,,,,,,,,,,,,,,,,,,,,,,,,,,,,,,,,,,
TT.V3230020,5901597253457,,LED profile VARIO30-06 recessed CDE-9/U9 alu anodized 3m,"LED profil, VARIO30-06, vgradni, plitek, CDE-9/U9, alu anodiziran, 3m, (R2)",00001602,91086973,,m,76042100,PL,0,,0,,0,,2000,mm,20.6,mm,6.6,mm,,,,,13.16,,,,22,0,,,,,,,,,,,,,,,,,,,,,,,,,,,,,,,,,,,,,,,,,,,,,,,,,,,,,,,,,,,,,,,,,,,,,,,,,,,,,,,,,,,,,,,,,,,,,,,,,,,,,,,,,,,,,,,,,,,,,,,,,,,,,,,,,,,,,,,,,,,,,,,,,,,,,,,,,,,,,,,,,,,,,,,,,,,,,,,,,,,,
TT.V3260000,5901597240273,,LED profile VARIO30-07 recessed ACDE-9/U9 alu raw 2m,"LED profil, VARIO30-07, vgradni, ACDE-9/U9, alu surov, 2m, 1/20, (R2)",00001602,91086973,,m,76042100,PL,0,,1.3,,0,,2000,mm,44.4,mm,24,mm,,,,,11.64,,,,22,0,,,,,,,,,,,,,,,,,,,,,,,,,,,,,,,,,,,,,,,,,,,,,,,,,,,,,,,,,,,,,,,,,,,,,,,,,,,,,,,,,,,,,,,,,,,,,,,,,,,,,,,,,,,,,,,,,,,,,,,,,,,,,,,,,,,,,,,,,,,,,,,,,,,,,,,,,,,,,,,,,,,,,,,,,,,,,,,,,,,,
TT.V3260001,5901597240297,,LED profile VARIO30-07 recessed ACDE-9/U9 white mat 2m,"LED profil, VARIO30-07, vgradni, ACDE-9/U9, bel mat, 2m, 1/20, (R2)",00001602,91086973,,m,76042100,PL,0,,1.3,,0,,2000,mm,44.4,mm,24,mm,,,,,24.34,,,,22,0,,,,,,,,,,,,,,,,,,,,,,,,,,,,,,,,,,,,,,,,,,,,,,,,,,,,,,,,,,,,,,,,,,,,,,,,,,,,,,,,,,,,,,,,,,,,,,,,,,,,,,,,,,,,,,,,,,,,,,,,,,,,,,,,,,,,,,,,,,,,,,,,,,,,,,,,,,,,,,,,,,,,,,,,,,,,,,,,,,,,
TT.V3260020,5901597240266,,LED profile VARIO30-07 recessed ACDE-9/U9 alu anodized 2m,"LED profil, VARIO30-07, vgradni, ACDE-9/U9, alu anodiziran, 2m, 1/32, (R2)",00001602,91086973,,m,76042100,PL,0,,1.3,,0,,2000,mm,44.4,mm,24,mm,,,,,16.41,,,,22,0,,,,,,,,,,,,,,,,,,,,,,,,,,,,,,,,,,,,,,,,,,,,,,,,,,,,,,,,,,,,,,,,,,,,,,,,,,,,,,,,,,,,,,,,,,,,,,,,,,,,,,,,,,,,,,,,,,,,,,,,,,,,,,,,,,,,,,,,,,,,,,,,,,,,,,,,,,,,,,,,,,,,,,,,,,,,,,,,,,,,
TT.V3260021,5901597240280,,LED profile VARIO30-07 recessed ACDE-9/U9 black anodized 2m,"LED profil, VARIO30-07, vgradni, ACDE-9/U9, črn anodiziran, 2m, 1/20, (R2)",00001602,91086973,,m,76042100,PL,0,,1.3,,0,,2000,mm,44.4,mm,24,mm,,,,,20.35,,,,22,0,,,,,,,,,,,,,,,,,,,,,,,,,,,,,,,,,,,,,,,,,,,,,,,,,,,,,,,,,,,,,,,,,,,,,,,,,,,,,,,,,,,,,,,,,,,,,,,,,,,,,,,,,,,,,,,,,,,,,,,,,,,,,,,,,,,,,,,,,,,,,,,,,,,,,,,,,,,,,,,,,,,,,,,,,,,,,,,,,,,,
TT.V3280001,5901597253693,,LED profile VARIO30-07 recessed ACDE-9/U9 white mat 4m,"LED profil, VARIO30-07, vgradni, ACDE-9/U9, bel mat, 4m, 1/0, (R2)",00001602,91086973,,m,76042100,PL,0,,10.4,,0,,4000,mm,44.4,mm,24,mm,,,,,24.87,,,,22,0,,,,,,,,,,,,,,,,,,,,,,,,,,,,,,,,,,,,,,,,,,,,,,,,,,,,,,,,,,,,,,,,,,,,,,,,,,,,,,,,,,,,,,,,,,,,,,,,,,,,,,,,,,,,,,,,,,,,,,,,,,,,,,,,,,,,,,,,,,,,,,,,,,,,,,,,,,,,,,,,,,,,,,,,,,,,,,,,,,,,
TT.V3300000,5901597240310,,LED profile VARIO30-08 C9/TY alu raw 2m,"LED profil, VARIO30-08, nadgradni, za napajalnike, C9/TY, alu surov, 2m, 1/24, (R2)",00001602,91086973,,m,76062100,PL,0,,0,,0,,0,mm,0,mm,0,mm,,,,,11.82,,,,22,0,,,,,,,,,,,,,,,,,,,,,,,,,,,,,,,,,,,,,,,,,,,,,,,,,,,,,,,,,,,,,,,,,,,,,,,,,,,,,,,,,,,,,,,,,,,,,,,,,,,,,,,,,,,,,,,,,,,,,,,,,,,,,,,,,,,,,,,,,,,,,,,,,,,,,,,,,,,,,,,,,,,,,,,,,,,,,,,,,,,,
TT.V3300001,5901597240334,,LED profile VARIO30-08 C9/TY white mat 2m,"LED profil, VARIO30-08, nadgradni, za napajalnike, C9/TY, bel mat, 2m, 1/15, (R2)",00001602,91086973,,m,76082100,PL,0,,0,,0,,0,mm,0,mm,0,mm,,,,,25.11,,,,22,0,,,,,,,,,,,,,,,,,,,,,,,,,,,,,,,,,,,,,,,,,,,,,,,,,,,,,,,,,,,,,,,,,,,,,,,,,,,,,,,,,,,,,,,,,,,,,,,,,,,,,,,,,,,,,,,,,,,,,,,,,,,,,,,,,,,,,,,,,,,,,,,,,,,,,,,,,,,,,,,,,,,,,,,,,,,,,,,,,,,,
TT.V3300020,5901597240303,,LED profile VARIO30-08 C9/TY alu anodized 2m,"LED profil, VARIO30-08, nadgradni, za napajalnike, C9/TY, alu anodiziran, 2m, 1/24, (R2)",00001602,91086973,,m,76052100,PL,0,,0,,0,,0,mm,0,mm,0,mm,,,,,19.25,,,,22,0,,,,,,,,,,,,,,,,,,,,,,,,,,,,,,,,,,,,,,,,,,,,,,,,,,,,,,,,,,,,,,,,,,,,,,,,,,,,,,,,,,,,,,,,,,,,,,,,,,,,,,,,,,,,,,,,,,,,,,,,,,,,,,,,,,,,,,,,,,,,,,,,,,,,,,,,,,,,,,,,,,,,,,,,,,,,,,,,,,,,
TT.V3300021,5901597240327,,LED profile VARIO30-08 C9/TY black anodized 2m,"LED profil, VARIO30-08, nadgradni, za napajalnike, C9/TY, črn anodiziran, 2m, 1/15, (R2)",00001602,91086973,,m,76042100,PL,0,,0,,0,,0,mm,0,mm,0,mm,,,,,22.9,,,,22,0,,,,,,,,,,,,,,,,,,,,,,,,,,,,,,,,,,,,,,,,,,,,,,,,,,,,,,,,,,,,,,,,,,,,,,,,,,,,,,,,,,,,,,,,,,,,,,,,,,,,,,,,,,,,,,,,,,,,,,,,,,,,,,,,,,,,,,,,,,,,,,,,,,,,,,,,,,,,,,,,,,,,,,,,,,,,,,,,,,,,
TT.V3340000,5901597240358,,Cover VARIO30-09 alu raw 2m,Pokrov VARIO30-09 aluminij alu surov 2m,00001602,91086973,,m,94059200,PL,0.21,,0.21,,0,,33.4,2000,3,2000,0,2000,,,,,4.07,,,,22,0,,,,,,,,,,,,,,,,,,,,,,,,,,,,,,,,,,,,,,,,,,,,,,,,,,,,,,,,,,,,,,,,,,,,,,,,,,,,,,,,,,,,,,,,,,,,,,,,,,,,,,,,,,,,,,,,,,,,,,,,,,,,,,,,,,,,,,,,,,,,,,,,,,,,,,,,,,,,,,,,,,,,,,,,,,,,,,,,,,,,
TT.V3340001,5901597240372,,Cover VARIO30-09 white mat 2m,Pokrov VARIO30-09 aluminij bel mat 2m,00001602,91086973,,m,94059200,PL,0.21,,0.21,,0,,33.4,2000,3,2000,0,2000,,,,,9.13,,,,22,0,,,,,,,,,,,,,,,,,,,,,,,,,,,,,,,,,,,,,,,,,,,,,,,,,,,,,,,,,,,,,,,,,,,,,,,,,,,,,,,,,,,,,,,,,,,,,,,,,,,,,,,,,,,,,,,,,,,,,,,,,,,,,,,,,,,,,,,,,,,,,,,,,,,,,,,,,,,,,,,,,,,,,,,,,,,,,,,,,,,,
TT.V3340020,5901597240341,,Cover VARIO30-09 alu anodized 2m,Pokrov VARIO30-09 aluminij alu anodiziran 2m,00001602,91086973,,m,94059200,PL,0.21,,0.21,,0,,33.4,2000,3,2000,0,2000,,,,,6.4,,,,22,0,,,,,,,,,,,,,,,,,,,,,,,,,,,,,,,,,,,,,,,,,,,,,,,,,,,,,,,,,,,,,,,,,,,,,,,,,,,,,,,,,,,,,,,,,,,,,,,,,,,,,,,,,,,,,,,,,,,,,,,,,,,,,,,,,,,,,,,,,,,,,,,,,,,,,,,,,,,,,,,,,,,,,,,,,,,,,,,,,,,,
TT.V3340021,5901597240365,,Cover VARIO30-09 black 2m,Pokrov VARIO30-09 aluminij črn 2m,00001602,91086973,,m,94059200,PL,0.21,,0.21,,0,,33.4,2000,3,2000,0,2000,,,,,7.77,,,,22,0,,,,,,,,,,,,,,,,,,,,,,,,,,,,,,,,,,,,,,,,,,,,,,,,,,,,,,,,,,,,,,,,,,,,,,,,,,,,,,,,,,,,,,,,,,,,,,,,,,,,,,,,,,,,,,,,,,,,,,,,,,,,,,,,,,,,,,,,,,,,,,,,,,,,,,,,,,,,,,,,,,,,,,,,,,,,,,,,,,,,
TT.V3350001,5901597247364,,LED profile VARIO30-09 purpose-made white mat 3m,"LED profil, VARIO30-09, namenski, bel mat, 3m, (R2)",00001602,91086973,,m,76042100,PL,0,,0,,0,,2000,mm,22,mm,0.4,mm,,,,,9.89,,,,22,0,,,,,,,,,,,,,,,,,,,,,,,,,,,,,,,,,,,,,,,,,,,,,,,,,,,,,,,,,,,,,,,,,,,,,,,,,,,,,,,,,,,,,,,,,,,,,,,,,,,,,,,,,,,,,,,,,,,,,,,,,,,,,,,,,,,,,,,,,,,,,,,,,,,,,,,,,,,,,,,,,,,,,,,,,,,,,,,,,,,,
TT.V3350020,5901597247340,,LED profile VARIO30-09 purpose-made alu anodized 3m,"LED profil, VARIO30-09, namenski, alu anodiziran, 3m, (R2)",00001602,91086973,,m,76052100,PL,0,,0,,0,,2000,mm,31,mm,14,mm,,,,,6.98,,,,22,0,,,,,,,,,,,,,,,,,,,,,,,,,,,,,,,,,,,,,,,,,,,,,,,,,,,,,,,,,,,,,,,,,,,,,,,,,,,,,,,,,,,,,,,,,,,,,,,,,,,,,,,,,,,,,,,,,,,,,,,,,,,,,,,,,,,,,,,,,,,,,,,,,,,,,,,,,,,,,,,,,,,,,,,,,,,,,,,,,,,,
TT.V3350021,5901597247371,,LED profile VARIO30-09 purpose-made black anodized 3m,"LED profil, VARIO30-09, namenski, črn anodiziran, 3m, (R2)",00001602,91086973,,m,76062100,PL,0,,0.139,,0,,2000,mm,30.6,mm,6.6,mm,,,,,8.35,,,,22,0,,,,,,,,,,,,,,,,,,,,,,,,,,,,,,,,,,,,,,,,,,,,,,,,,,,,,,,,,,,,,,,,,,,,,,,,,,,,,,,,,,,,,,,,,,,,,,,,,,,,,,,,,,,,,,,,,,,,,,,,,,,,,,,,,,,,,,,,,,,,,,,,,,,,,,,,,,,,,,,,,,,,,,,,,,,,,,,,,,,,
TT.V3380000,5901597240396,,Cover VARIO30-10 alu raw 2m,Pokrov VARIO30-10 aluminij alu surov 2m,00001602,91086973,,m,94059200,PL,0.84,,0.84,,0,,29.1,2000,3.9,2000,0,2000,,,,,2.24,,,,22,0,,,,,,,,,,,,,,,,,,,,,,,,,,,,,,,,,,,,,,,,,,,,,,,,,,,,,,,,,,,,,,,,,,,,,,,,,,,,,,,,,,,,,,,,,,,,,,,,,,,,,,,,,,,,,,,,,,,,,,,,,,,,,,,,,,,,,,,,,,,,,,,,,,,,,,,,,,,,,,,,,,,,,,,,,,,,,,,,,,,,
TT.V3380001,5901597240419,,Cover VARIO30-10 white mat 2m,Pokrov VARIO30-10 aluminij bel mat 2m,00001602,91086973,,m,94059200,PL,0.84,,0.84,,0,,29.1,2000,3.9,2000,0,2000,,,,,5.38,,,,22,0,,,,,,,,,,,,,,,,,,,,,,,,,,,,,,,,,,,,,,,,,,,,,,,,,,,,,,,,,,,,,,,,,,,,,,,,,,,,,,,,,,,,,,,,,,,,,,,,,,,,,,,,,,,,,,,,,,,,,,,,,,,,,,,,,,,,,,,,,,,,,,,,,,,,,,,,,,,,,,,,,,,,,,,,,,,,,,,,,,,,
TT.V3380020,5901597240389,,Cover VARIO30-10 alu anodized 2m,Pokrov VARIO30-10 aluminij alu anodiziran 2m,00001602,91086973,,m,94059200,PL,0.84,,0.84,,0,,29.1,2000,3.9,2000,0,2000,,,,,4.1,,,,22,0,,,,,,,,,,,,,,,,,,,,,,,,,,,,,,,,,,,,,,,,,,,,,,,,,,,,,,,,,,,,,,,,,,,,,,,,,,,,,,,,,,,,,,,,,,,,,,,,,,,,,,,,,,,,,,,,,,,,,,,,,,,,,,,,,,,,,,,,,,,,,,,,,,,,,,,,,,,,,,,,,,,,,,,,,,,,,,,,,,,,
TT.V3380021,5901597240402,,Cover VARIO30-10 black 2m,Pokrov VARIO30-10 aluminij črn 2m,00001602,91086973,,m,94059200,PL,0.84,,0.84,,0,,29.1,2000,3.9,2000,0,2000,,,,,5.7,,,,22,0,,,,,,,,,,,,,,,,,,,,,,,,,,,,,,,,,,,,,,,,,,,,,,,,,,,,,,,,,,,,,,,,,,,,,,,,,,,,,,,,,,,,,,,,,,,,,,,,,,,,,,,,,,,,,,,,,,,,,,,,,,,,,,,,,,,,,,,,,,,,,,,,,,,,,,,,,,,,,,,,,,,,,,,,,,,,,,,,,,,,
TT.V3390020,5901597247500,,LED profile VARIO30-10 purpose-made alu anodized 3m,"LED profil, VARIO30-10, namenski, alu anodiziran, 3m, (R2)",00001602,91086973,,m,76082100,PL,0,,0,,0,,2000,mm,20.6,mm,6.6,mm,,,,,4.09,,,,22,0,,,,,,,,,,,,,,,,,,,,,,,,,,,,,,,,,,,,,,,,,,,,,,,,,,,,,,,,,,,,,,,,,,,,,,,,,,,,,,,,,,,,,,,,,,,,,,,,,,,,,,,,,,,,,,,,,,,,,,,,,,,,,,,,,,,,,,,,,,,,,,,,,,,,,,,,,,,,,,,,,,,,,,,,,,,,,,,,,,,,
TT.V3420016,5901597237099,,Cover type A9 slide transparent 2m,Pokrov tip A9 slide PC prozoren 2m,00001602,91086973,,m,94059200,PL,0.082,,0.082,,0,,31,2000,0.8,2000,0,2000,,,,,1.68,,,,22,0,,,,,,,,,,,,,,,,,,,,,,,,,,,,,,,,,,,,,,,,,,,,,,,,,,,,,,,,,,,,,,,,,,,,,,,,,,,,,,,,,,,,,,,,,,,,,,,,,,,,,,,,,,,,,,,,,,,,,,,,,,,,,,,,,,,,,,,,,,,,,,,,,,,,,,,,,,,,,,,,,,,,,,,,,,,,,,,,,,,,
TT.V3420038,5901597237068,,Cover type A9 slide milky transparent mat 2m,Pokrov tip A9 slide PP mlečno prozoren mat 2m,00001602,91086973,,m,94059200,PL,0.082,,0.082,,0,,31,2000,0.8,2000,0,2000,,,,,1.51,,,,22,0,,,,,,,,,,,,,,,,,,,,,,,,,,,,,,,,,,,,,,,,,,,,,,,,,,,,,,,,,,,,,,,,,,,,,,,,,,,,,,,,,,,,,,,,,,,,,,,,,,,,,,,,,,,,,,,,,,,,,,,,,,,,,,,,,,,,,,,,,,,,,,,,,,,,,,,,,,,,,,,,,,,,,,,,,,,,,,,,,,,,
TT.V3420039,5901597237044,,Cover type A9 slide frosted 2m,Pokrov tip A9 slide PP motno prozoren 2m,00001602,91086973,,m,94059200,PL,0.082,,0.082,,0,,31,2000,0.8,2000,0,2000,,,,,1.36,,,,22,0,,,,,,,,,,,,,,,,,,,,,,,,,,,,,,,,,,,,,,,,,,,,,,,,,,,,,,,,,,,,,,,,,,,,,,,,,,,,,,,,,,,,,,,,,,,,,,,,,,,,,,,,,,,,,,,,,,,,,,,,,,,,,,,,,,,,,,,,,,,,,,,,,,,,,,,,,,,,,,,,,,,,,,,,,,,,,,,,,,,,
TT.V3460016,5901597240426,,Cover type C9 click transparent 2m,Pokrov tip C9 PMMA prozoren 2m,00001602,91086973,,m,94059200,PL,0.114,,0.114,,0,,30.3,2000,4.3,2000,0,2000,,,,,5.05,,,,22,0,,,,,,,,,,,,,,,,,,,,,,,,,,,,,,,,,,,,,,,,,,,,,,,,,,,,,,,,,,,,,,,,,,,,,,,,,,,,,,,,,,,,,,,,,,,,,,,,,,,,,,,,,,,,,,,,,,,,,,,,,,,,,,,,,,,,,,,,,,,,,,,,,,,,,,,,,,,,,,,,,,,,,,,,,,,,,,,,,,,,
TT.V3460038,5901597240433,,Cover type C9 click milky transparent mat 2m,Pokrov tip C9 PMMA mlečno prozoren mat 2m,00001602,91086973,,m,94059200,PL,0.114,,0.114,,0,,30.3,2000,4.3,2000,0,2000,,,,,5.05,,,,22,0,,,,,,,,,,,,,,,,,,,,,,,,,,,,,,,,,,,,,,,,,,,,,,,,,,,,,,,,,,,,,,,,,,,,,,,,,,,,,,,,,,,,,,,,,,,,,,,,,,,,,,,,,,,,,,,,,,,,,,,,,,,,,,,,,,,,,,,,,,,,,,,,,,,,,,,,,,,,,,,,,,,,,,,,,,,,,,,,,,,,
TT.V3460041,5901597279778,,Cover type C9 click black 2m,Pokrov tip C9 na klik PMMA črn 2m,00001602,91086973,,m,94059200,PL,0,,0,,0,,30.3,2000,4.3,2000,0,2000,,,,,6.49,,,,22,0,,,,,,,,,,,,,,,,,,,,,,,,,,,,,,,,,,,,,,,,,,,,,,,,,,,,,,,,,,,,,,,,,,,,,,,,,,,,,,,,,,,,,,,,,,,,,,,,,,,,,,,,,,,,,,,,,,,,,,,,,,,,,,,,,,,,,,,,,,,,,,,,,,,,,,,,,,,,,,,,,,,,,,,,,,,,,,,,,,,,
TT.V3470038,5901597246145,,Cover type C9 click milky transparent mat 3m,Pokrov tip C9 PMMA mlečno prozoren mat 3m,00001602,91086973,,m,94059200,PL,0.576,,0.576,,0,,30.3,3000,4.3,3000,0,3000,,,,,5.16,,,,22,0,,,,,,,,,,,,,,,,,,,,,,,,,,,,,,,,,,,,,,,,,,,,,,,,,,,,,,,,,,,,,,,,,,,,,,,,,,,,,,,,,,,,,,,,,,,,,,,,,,,,,,,,,,,,,,,,,,,,,,,,,,,,,,,,,,,,,,,,,,,,,,,,,,,,,,,,,,,,,,,,,,,,,,,,,,,,,,,,,,,,
TT.V3470041,5901597279808,,Cover type C9 click black 3m,Pokrov tip C9 na klik PMMA črn 3m,00001602,91086973,,m,94059200,PL,0,,0,,0,,30.3,3000,4.3,3000,0,3000,,,,,6.68,,,,22,0,,,,,,,,,,,,,,,,,,,,,,,,,,,,,,,,,,,,,,,,,,,,,,,,,,,,,,,,,,,,,,,,,,,,,,,,,,,,,,,,,,,,,,,,,,,,,,,,,,,,,,,,,,,,,,,,,,,,,,,,,,,,,,,,,,,,,,,,,,,,,,,,,,,,,,,,,,,,,,,,,,,,,,,,,,,,,,,,,,,,
TT.V3500038,5901597240440,,Cover type D9 click milky transparent mat 2m,Pokrov tip D9 PMMA mlečno prozoren mat 2m,00001602,91086973,,m,94059200,PL,0.089,,0.089,,0,,35,2000,25,2000,0,2000,,,,,10.68,,,,22,0,,,,,,,,,,,,,,,,,,,,,,,,,,,,,,,,,,,,,,,,,,,,,,,,,,,,,,,,,,,,,,,,,,,,,,,,,,,,,,,,,,,,,,,,,,,,,,,,,,,,,,,,,,,,,,,,,,,,,,,,,,,,,,,,,,,,,,,,,,,,,,,,,,,,,,,,,,,,,,,,,,,,,,,,,,,,,,,,,,,,
TT.V3540038,5901597240457,,Cover type E9 click milky transparent mat 2m,Pokrov tip E9 PMMA mlečno prozoren mat 2m,00001602,91086973,,m,94059200,PL,0.295,,0.295,,0,,33.4,2000,26.3,2000,0,2000,,,,,9.23,,,,22,0,,,,,,,,,,,,,,,,,,,,,,,,,,,,,,,,,,,,,,,,,,,,,,,,,,,,,,,,,,,,,,,,,,,,,,,,,,,,,,,,,,,,,,,,,,,,,,,,,,,,,,,,,,,,,,,,,,,,,,,,,,,,,,,,,,,,,,,,,,,,,,,,,,,,,,,,,,,,,,,,,,,,,,,,,,,,,,,,,,,,
TT.V3550038,5901597246275,,Cover type E9 click milky transparent mat 3m,Pokrov tip E9 PMMA mlečno prozoren mat 3m,00001602,91086973,,m,94059200,PL,0.295,,0.295,,0,,33.4,3000,26.3,3000,0,3000,,,,,9.66,,,,22,0,,,,,,,,,,,,,,,,,,,,,,,,,,,,,,,,,,,,,,,,,,,,,,,,,,,,,,,,,,,,,,,,,,,,,,,,,,,,,,,,,,,,,,,,,,,,,,,,,,,,,,,,,,,,,,,,,,,,,,,,,,,,,,,,,,,,,,,,,,,,,,,,,,,,,,,,,,,,,,,,,,,,,,,,,,,,,,,,,,,,
TT.V3580000,5901597242307,,Mounting plate VARIO30 alu raw 2m,"Pregradna montažna plošča, VARIO30, alu surova, 2m, 1/40, (R2)",00001602,91086973,,m,76042100,PL,0,,0.122,,0,,2000,mm,50,mm,2,mm,,,,,4.22,,,,22,0,,,,,,,,,,,,,,,,,,,,,,,,,,,,,,,,,,,,,,,,,,,,,,,,,,,,,,,,,,,,,,,,,,,,,,,,,,,,,,,,,,,,,,,,,,,,,,,,,,,,,,,,,,,,,,,,,,,,,,,,,,,,,,,,,,,,,,,,,,,,,,,,,,,,,,,,,,,,,,,,,,,,,,,,,,,,,,,,,,,,
TT.V3620000,5901597246909,,LED profile VARIO30 purpose-made alu raw 2m,"LED profil, VARIO30, reflektor, alu surov, 2m, 1/1, (R2)",00001602,91086973,,m,76042100,PL,0,,0,,0,,2000,mm,50.4,mm,14.7,mm,,,,,6.25,,,,22,0,,,,,,,,,,,,,,,,,,,,,,,,,,,,,,,,,,,,,,,,,,,,,,,,,,,,,,,,,,,,,,,,,,,,,,,,,,,,,,,,,,,,,,,,,,,,,,,,,,,,,,,,,,,,,,,,,,,,,,,,,,,,,,,,,,,,,,,,,,,,,,,,,,,,,,,,,,,,,,,,,,,,,,,,,,,,,,,,,,,,
TT.V4500038,5901597243618,,End cap VARIO30-01-D9 opal 20pcs,"Zaključni element (kapa), VARIO30-01-D9, opal, 1/10, (R2)",00001602,91086973,,kom,94059200,PL,0.06,,0.06,,0,,10,mm,100,mm,160,mm,,,,,1.8,,,,22,0,,,,,,,,,,,,,,,,,,,,,,,,,,,,,,,,,,,,,,,,,,,,,,,,,,,,,,,,,,,,,,,,,,,,,,,,,,,,,,,,,,,,,,,,,,,,,,,,,,,,,,,,,,,,,,,,,,,,,,,,,,,,,,,,,,,,,,,,,,,,,,,,,,,,,,,,,,,,,,,,,,,,,,,,,,,,,,,,,,,,
TT.V4510038,5901597243595,,End cap VARIO30-01-E9 opal,"Zaključni element (kapa), VARIO30-01-E9, opal, 1/10, (R2)",00001602,91086973,,kom,94059200,PL,0.06,,0.06,,0,,10,mm,100,mm,160,mm,,,,,1.8,,,,22,0,,,,,,,,,,,,,,,,,,,,,,,,,,,,,,,,,,,,,,,,,,,,,,,,,,,,,,,,,,,,,,,,,,,,,,,,,,,,,,,,,,,,,,,,,,,,,,,,,,,,,,,,,,,,,,,,,,,,,,,,,,,,,,,,,,,,,,,,,,,,,,,,,,,,,,,,,,,,,,,,,,,,,,,,,,,,,,,,,,,,
TT.V4540038,5901597201557,,End cap VARIO30-02-D9 opal 20pcs,"Zaključni element (kapa), VARIO30-02-D9, opal, 1/10, (R2)",00001602,91086973,,kom,94059200,PL,0.001,,0.001,,0,,10,mm,100,mm,160,mm,,,,,2.06,,,,22,0,,,,,,,,,,,,,,,,,,,,,,,,,,,,,,,,,,,,,,,,,,,,,,,,,,,,,,,,,,,,,,,,,,,,,,,,,,,,,,,,,,,,,,,,,,,,,,,,,,,,,,,,,,,,,,,,,,,,,,,,,,,,,,,,,,,,,,,,,,,,,,,,,,,,,,,,,,,,,,,,,,,,,,,,,,,,,,,,,,,,
TT.V4550002S,3830078330405,,End cap VARIO30-16 black 2pcs L+R,"Zaključni element (kapa), VARIO30-16, črn, 1/10, (R2)",00001602,91086973,,kom,94059200,PL,0.001,,0.001,,0,,10,mm,100,mm,160,mm,,,,,16.35,,,,22,0,,,,,,,,,,,,,,,,,,,,,,,,,,,,,,,,,,,,,,,,,,,,,,,,,,,,,,,,,,,,,,,,,,,,,,,,,,,,,,,,,,,,,,,,,,,,,,,,,,,,,,,,,,,,,,,,,,,,,,,,,,,,,,,,,,,,,,,,,,,,,,,,,,,,,,,,,,,,,,,,,,,,,,,,,,,,,,,,,,,,
TT.V4550022S,3830078330399,,End cap VARIO30-16 silver L+R,"Zaključni element (kapa), VARIO30-16, srebrn, 1/10, (R2)",00001602,91086973,,kom,94059200,PL,0.0005,,0.0005,,0,,10,mm,100,mm,160,mm,,,,,16.5,,,,22,0,,,,,,,,,,,,,,,,,,,,,,,,,,,,,,,,,,,,,,,,,,,,,,,,,,,,,,,,,,,,,,,,,,,,,,,,,,,,,,,,,,,,,,,,,,,,,,,,,,,,,,,,,,,,,,,,,,,,,,,,,,,,,,,,,,,,,,,,,,,,,,,,,,,,,,,,,,,,,,,,,,,,,,,,,,,,,,,,,,,,
TT.V4550038,5901597202578,,End cap VARIO30-02-E9 opal 20pcs,"Zaključni element (kapa), VARIO30-02-E9, opal, 1/10, (R2)",00001602,91086973,,kom,94059200,PL,0.001,,0.001,,0,,10,mm,100,mm,160,mm,,,,,2.06,,,,22,0,,,,,,,,,,,,,,,,,,,,,,,,,,,,,,,,,,,,,,,,,,,,,,,,,,,,,,,,,,,,,,,,,,,,,,,,,,,,,,,,,,,,,,,,,,,,,,,,,,,,,,,,,,,,,,,,,,,,,,,,,,,,,,,,,,,,,,,,,,,,,,,,,,,,,,,,,,,,,,,,,,,,,,,,,,,,,,,,,,,,
TT.V4560002S,3830078330412,,End cap VARIO30-19 black L+R,"Zaključni element (kapa), VARIO30-19, črn, 1/10, (R2)",00001602,91086973,,kom,94059200,PL,0.001,,0.001,,0,,10,mm,100,mm,160,mm,,,,,11.68,,,,22,0,,,,,,,,,,,,,,,,,,,,,,,,,,,,,,,,,,,,,,,,,,,,,,,,,,,,,,,,,,,,,,,,,,,,,,,,,,,,,,,,,,,,,,,,,,,,,,,,,,,,,,,,,,,,,,,,,,,,,,,,,,,,,,,,,,,,,,,,,,,,,,,,,,,,,,,,,,,,,,,,,,,,,,,,,,,,,,,,,,,,
TT.V4570001S,5901597255567,,End cap VARIO30-27 white L+R,"Zaključni element (kapa), VARIO30-27, bel, 1/10, (R2)",00001602,91086973,,kom,94059200,PL,0.069,,0.069,,0,,10,mm,100,mm,160,mm,,,,,11.71,,,,22,0,,,,,,,,,,,,,,,,,,,,,,,,,,,,,,,,,,,,,,,,,,,,,,,,,,,,,,,,,,,,,,,,,,,,,,,,,,,,,,,,,,,,,,,,,,,,,,,,,,,,,,,,,,,,,,,,,,,,,,,,,,,,,,,,,,,,,,,,,,,,,,,,,,,,,,,,,,,,,,,,,,,,,,,,,,,,,,,,,,,,
TT.V4570002S,5901597255574,,End cap VARIO30-27 black 2pcs L+R,"Zaključni element (kapa), VARIO30-27, črn, 1/10, (R2)",00001602,91086973,,kom,94059200,PL,0.069,,0.069,,0,,10,mm,100,mm,160,mm,,,,,11.71,,,,22,0,,,,,,,,,,,,,,,,,,,,,,,,,,,,,,,,,,,,,,,,,,,,,,,,,,,,,,,,,,,,,,,,,,,,,,,,,,,,,,,,,,,,,,,,,,,,,,,,,,,,,,,,,,,,,,,,,,,,,,,,,,,,,,,,,,,,,,,,,,,,,,,,,,,,,,,,,,,,,,,,,,,,,,,,,,,,,,,,,,,,
TT.V4570022S,5901597255581,,End cap VARIO30-27 silver L+R,"Zaključni element (kapa), VARIO30-27, srebrn, 1/10, (R2)",00001602,91086973,,kom,94059200,PL,0.069,,0.069,,0,,10,mm,100,mm,160,mm,,,,,11.8,,,,22,0,,,,,,,,,,,,,,,,,,,,,,,,,,,,,,,,,,,,,,,,,,,,,,,,,,,,,,,,,,,,,,,,,,,,,,,,,,,,,,,,,,,,,,,,,,,,,,,,,,,,,,,,,,,,,,,,,,,,,,,,,,,,,,,,,,,,,,,,,,,,,,,,,,,,,,,,,,,,,,,,,,,,,,,,,,,,,,,,,,,,
TT.V4580001S,5901597255598,,End cap VARIO30-32 white 2pcs L+R,"Zaključni element (kapa), VARIO30-32, bel, 1/10, (R2)",00001602,91086973,,kom,94059200,PL,0.069,,0.069,,0,,10,mm,100,mm,160,mm,,,,,11.93,,,,22,0,,,,,,,,,,,,,,,,,,,,,,,,,,,,,,,,,,,,,,,,,,,,,,,,,,,,,,,,,,,,,,,,,,,,,,,,,,,,,,,,,,,,,,,,,,,,,,,,,,,,,,,,,,,,,,,,,,,,,,,,,,,,,,,,,,,,,,,,,,,,,,,,,,,,,,,,,,,,,,,,,,,,,,,,,,,,,,,,,,,,
TT.V4580002S,5901597243571,,End cap VARIO30-32 black L+R,"Zaključni element (kapa), VARIO30-32, črn, 1/10, (R2)",00001602,91086973,,kom,94059200,PL,0.075,,0.075,,0,,10,mm,100,mm,160,mm,,,,,11.96,,,,22,0,,,,,,,,,,,,,,,,,,,,,,,,,,,,,,,,,,,,,,,,,,,,,,,,,,,,,,,,,,,,,,,,,,,,,,,,,,,,,,,,,,,,,,,,,,,,,,,,,,,,,,,,,,,,,,,,,,,,,,,,,,,,,,,,,,,,,,,,,,,,,,,,,,,,,,,,,,,,,,,,,,,,,,,,,,,,,,,,,,,,
TT.V4580022S,5901597255611,,End cap VARIO30-32 silver 2pcs L+R,"Zaključni element (kapa), VARIO30-32, srebrn, 1/10, (R2)",00001602,91086973,,kom,94059200,PL,0.069,,0.069,,0,,10,mm,100,mm,160,mm,,,,,12.02,,,,22,0,,,,,,,,,,,,,,,,,,,,,,,,,,,,,,,,,,,,,,,,,,,,,,,,,,,,,,,,,,,,,,,,,,,,,,,,,,,,,,,,,,,,,,,,,,,,,,,,,,,,,,,,,,,,,,,,,,,,,,,,,,,,,,,,,,,,,,,,,,,,,,,,,,,,,,,,,,,,,,,,,,,,,,,,,,,,,,,,,,,,
TT.V4590001S,3830078330429,,End cap VARIO30-34 white L+R,"Zaključni element (kapa), VARIO30-34, bel, 1/10, (R2)",00001602,91086973,,kom,94059200,PL,0.001,,0.001,,0,,10,mm,100,mm,160,mm,,,,,15.48,,,,22,0,,,,,,,,,,,,,,,,,,,,,,,,,,,,,,,,,,,,,,,,,,,,,,,,,,,,,,,,,,,,,,,,,,,,,,,,,,,,,,,,,,,,,,,,,,,,,,,,,,,,,,,,,,,,,,,,,,,,,,,,,,,,,,,,,,,,,,,,,,,,,,,,,,,,,,,,,,,,,,,,,,,,,,,,,,,,,,,,,,,,
TT.V4590002S,3830078330436,,End cap VARIO30-34 black 2pcs L+R,"Zaključni element (kapa), VARIO30-34, črn, 1/10, (R2)",00001602,91086973,,kom,94059200,PL,0.001,,0.001,,0,,10,mm,100,mm,160,mm,,,,,15.48,,,,22,0,,,,,,,,,,,,,,,,,,,,,,,,,,,,,,,,,,,,,,,,,,,,,,,,,,,,,,,,,,,,,,,,,,,,,,,,,,,,,,,,,,,,,,,,,,,,,,,,,,,,,,,,,,,,,,,,,,,,,,,,,,,,,,,,,,,,,,,,,,,,,,,,,,,,,,,,,,,,,,,,,,,,,,,,,,,,,,,,,,,,
TT.V4600001,5901597239147,,End cap VARIO30-08 white,"Zaključni element (kapa), VARIO30-08, bel, 1/100, (R2)",00001602,91086973,,kom,94059200,PL,0.025,,0.025,,0,,10,mm,100,mm,160,mm,,,,,6.09,,,,22,0,,,,,,,,,,,,,,,,,,,,,,,,,,,,,,,,,,,,,,,,,,,,,,,,,,,,,,,,,,,,,,,,,,,,,,,,,,,,,,,,,,,,,,,,,,,,,,,,,,,,,,,,,,,,,,,,,,,,,,,,,,,,,,,,,,,,,,,,,,,,,,,,,,,,,,,,,,,,,,,,,,,,,,,,,,,,,,,,,,,,
TT.V4600002,5901597239154,,End cap VARIO30-08 black 8pcs,"Zaključni element (kapa), VARIO30-08, črn, 1/100, (R2)",00001602,91086973,,kom,94059200,PL,0.025,,0.025,,0,,10,mm,100,mm,160,mm,,,,,6.09,,,,22,0,,,,,,,,,,,,,,,,,,,,,,,,,,,,,,,,,,,,,,,,,,,,,,,,,,,,,,,,,,,,,,,,,,,,,,,,,,,,,,,,,,,,,,,,,,,,,,,,,,,,,,,,,,,,,,,,,,,,,,,,,,,,,,,,,,,,,,,,,,,,,,,,,,,,,,,,,,,,,,,,,,,,,,,,,,,,,,,,,,,,
TT.V4600022,5901597239161,,End cap VARIO30-08 grey,"Zaključni element (kapa), VARIO30-08, siv, 1/100, (R2)",00001602,91086973,,kom,94059200,PL,0.025,,0.025,,0,,10,mm,100,mm,160,mm,,,,,6.09,,,,22,0,,,,,,,,,,,,,,,,,,,,,,,,,,,,,,,,,,,,,,,,,,,,,,,,,,,,,,,,,,,,,,,,,,,,,,,,,,,,,,,,,,,,,,,,,,,,,,,,,,,,,,,,,,,,,,,,,,,,,,,,,,,,,,,,,,,,,,,,,,,,,,,,,,,,,,,,,,,,,,,,,,,,,,,,,,,,,,,,,,,,
TT.V4600040,5901597239178,,End cap VARIO30-08 silver 8pcs,"Zaključni element (kapa), VARIO30-08, srebrn, 1/100, (R2)",00001602,91086973,,kom,94059200,PL,0.025,,0.025,,0,,10,mm,100,mm,160,mm,,,,,8.13,,,,22,0,,,,,,,,,,,,,,,,,,,,,,,,,,,,,,,,,,,,,,,,,,,,,,,,,,,,,,,,,,,,,,,,,,,,,,,,,,,,,,,,,,,,,,,,,,,,,,,,,,,,,,,,,,,,,,,,,,,,,,,,,,,,,,,,,,,,,,,,,,,,,,,,,,,,,,,,,,,,,,,,,,,,,,,,,,,,,,,,,,,,
TT.V4620019S,5901597240006,,Mounting plate U9 spring inox 2pcs,"Montažna ploščica U9, za LED profil, vzmetna (SPRING), inox, (R2)",00001602,91086973,,kom,83024900,PL,0.03,,0.03,,0,,10,mm,100,mm,160,mm,,,,,11.99,,,,22,1,,,,,,,,,,,,,,,,,,,,,,,,,,,,,,,,,,,,,,,,,,,,,,,,,,,,,,,,,,,,,,,,,,,,,,,,,,,,,,,,,,,,,,,,,,,,,,,,,,,,,,,,,,,,,,,,,,,,,,,,,,,,,,,,,,,,,,,,,,,,,,,,,,,,,,,,,,,,,,,,,,,,,,,,,,,,,,,,,,,,
TT.V4650000S,5901597240815,,Corner connector VARIO30-05 180° black,"Kotni element 180° VARIO30-05, za LED profil, črn, (R2)",00001602,91086973,,kom,83024900,PL,0.09,,0.09,,0,,10,mm,130,mm,160,mm,,,,,2.41,,,,22,0,,,,,,,,,,,,,,,,,,,,,,,,,,,,,,,,,,,,,,,,,,,,,,,,,,,,,,,,,,,,,,,,,,,,,,,,,,,,,,,,,,,,,,,,,,,,,,,,,,,,,,,,,,,,,,,,,,,,,,,,,,,,,,,,,,,,,,,,,,,,,,,,,,,,,,,,,,,,,,,,,,,,,,,,,,,,,,,,,,,,
TT.V4670020S,5901597240570,,Corner connector VARIO30-02 90° alu,"Kotni element 90° VARIO30-02, za LED profil, alu, (R2)",00001602,91086973,,kom,83024900,PL,0.09,,0.09,,0,,10,mm,130,mm,160,mm,,,,,27.04,,,,22,0,,,,,,,,,,,,,,,,,,,,,,,,,,,,,,,,,,,,,,,,,,,,,,,,,,,,,,,,,,,,,,,,,,,,,,,,,,,,,,,,,,,,,,,,,,,,,,,,,,,,,,,,,,,,,,,,,,,,,,,,,,,,,,,,,,,,,,,,,,,,,,,,,,,,,,,,,,,,,,,,,,,,,,,,,,,,,,,,,,,,
TT.V4670021S,5901597240563,,Corner connector VARIO30-02 90° black,"Kotni element 90° VARIO30-02, za LED profil, črn, (R2)",00001602,91086973,,kom,83024900,PL,0.085,,0.085,,0,,10,mm,130,mm,160,mm,,,,,27.62,,,,22,0,,,,,,,,,,,,,,,,,,,,,,,,,,,,,,,,,,,,,,,,,,,,,,,,,,,,,,,,,,,,,,,,,,,,,,,,,,,,,,,,,,,,,,,,,,,,,,,,,,,,,,,,,,,,,,,,,,,,,,,,,,,,,,,,,,,,,,,,,,,,,,,,,,,,,,,,,,,,,,,,,,,,,,,,,,,,,,,,,,,,
TT.V4680020S,5901597240600,,Corner connector VARIO30-02 90° inner alu,"Kotni element 90° notranji VARIO30-02, za LED profil, alu, (R2)",00001602,91086973,,kom,83024900,PL,0.11,,0.11,,0,,10,mm,130,mm,160,mm,,,,,31.02,,,,22,0,,,,,,,,,,,,,,,,,,,,,,,,,,,,,,,,,,,,,,,,,,,,,,,,,,,,,,,,,,,,,,,,,,,,,,,,,,,,,,,,,,,,,,,,,,,,,,,,,,,,,,,,,,,,,,,,,,,,,,,,,,,,,,,,,,,,,,,,,,,,,,,,,,,,,,,,,,,,,,,,,,,,,,,,,,,,,,,,,,,,
TT.V4710020S,5901597240693,,Corner connector VARIO30-02 270° outdoor alu,"Kotni element 270° zunanji VARIO30-02, za LED profil, alu, (R2)",00001602,91086973,,kom,83024900,PL,0.094,,0.094,,0,,10,mm,130,mm,160,mm,,,,,31.8,,,,22,0,,,,,,,,,,,,,,,,,,,,,,,,,,,,,,,,,,,,,,,,,,,,,,,,,,,,,,,,,,,,,,,,,,,,,,,,,,,,,,,,,,,,,,,,,,,,,,,,,,,,,,,,,,,,,,,,,,,,,,,,,,,,,,,,,,,,,,,,,,,,,,,,,,,,,,,,,,,,,,,,,,,,,,,,,,,,,,,,,,,,
TT.V4730020S,5901597240747,,Corner connector VARIO30-05 90° alu,"Kotni element 90° VARIO30-05, za LED profil, alu, (R2)",00001602,91086973,,kom,83024900,PL,0.09,,0.09,,0,,10,mm,130,mm,160,mm,,,,,26.39,,,,22,0,,,,,,,,,,,,,,,,,,,,,,,,,,,,,,,,,,,,,,,,,,,,,,,,,,,,,,,,,,,,,,,,,,,,,,,,,,,,,,,,,,,,,,,,,,,,,,,,,,,,,,,,,,,,,,,,,,,,,,,,,,,,,,,,,,,,,,,,,,,,,,,,,,,,,,,,,,,,,,,,,,,,,,,,,,,,,,,,,,,,
TT.V4780020S,5901597240853,,Corner connector VARIO30-07 60° alu,"Kotni element 60° VARIO30-07, za LED profil, alu, (R2)",00001602,91086973,,kom,83024900,PL,0.074,,0.074,,0,,10,mm,130,mm,160,mm,,,,,26.3,,,,22,0,,,,,,,,,,,,,,,,,,,,,,,,,,,,,,,,,,,,,,,,,,,,,,,,,,,,,,,,,,,,,,,,,,,,,,,,,,,,,,,,,,,,,,,,,,,,,,,,,,,,,,,,,,,,,,,,,,,,,,,,,,,,,,,,,,,,,,,,,,,,,,,,,,,,,,,,,,,,,,,,,,,,,,,,,,,,,,,,,,,,
TT.V4790020S,5901597240884,,Corner connector VARIO30-07 90° alu,"Kotni element 90° VARIO30-07, za LED profil, alu, (R2)",00001602,91086973,,kom,83024900,PL,0.135,,0.135,,0,,10,mm,130,mm,160,mm,,,,,26.67,,,,22,0,,,,,,,,,,,,,,,,,,,,,,,,,,,,,,,,,,,,,,,,,,,,,,,,,,,,,,,,,,,,,,,,,,,,,,,,,,,,,,,,,,,,,,,,,,,,,,,,,,,,,,,,,,,,,,,,,,,,,,,,,,,,,,,,,,,,,,,,,,,,,,,,,,,,,,,,,,,,,,,,,,,,,,,,,,,,,,,,,,,,
TT.V4790021S,5901597240891,,Corner connector VARIO 30-07 90° black,"Kotni element 90° VARIO 30-07, za LED profil, črn, (R2)",00001602,91086973,,kom,83024900,PL,0.135,,0.135,,0,,10,mm,130,mm,160,mm,,,,,27.47,,,,22,0,,,,,,,,,,,,,,,,,,,,,,,,,,,,,,,,,,,,,,,,,,,,,,,,,,,,,,,,,,,,,,,,,,,,,,,,,,,,,,,,,,,,,,,,,,,,,,,,,,,,,,,,,,,,,,,,,,,,,,,,,,,,,,,,,,,,,,,,,,,,,,,,,,,,,,,,,,,,,,,,,,,,,,,,,,,,,,,,,,,,
TT.V4800020S,5901597240914,,Corner connector VARIO30-07 90° inner alu,"Kotni element 90° notranji VARIO30-07, za LED profil, alu, (R2)",00001602,91086973,,kom,83024900,PL,0.135,,0.135,,0,,10,mm,130,mm,160,mm,,,,,32.97,,,,22,0,,,,,,,,,,,,,,,,,,,,,,,,,,,,,,,,,,,,,,,,,,,,,,,,,,,,,,,,,,,,,,,,,,,,,,,,,,,,,,,,,,,,,,,,,,,,,,,,,,,,,,,,,,,,,,,,,,,,,,,,,,,,,,,,,,,,,,,,,,,,,,,,,,,,,,,,,,,,,,,,,,,,,,,,,,,,,,,,,,,,
TT.V4810020S,5901597240945,,Corner connector VARIO30-07 120° alu,"Kotni element 120° VARIO30-07, za LED profil, alu, (R2)",00001602,91086973,,kom,83024900,PL,0.087,,0.087,,0,,10,mm,130,mm,160,mm,,,,,26.3,,,,22,0,,,,,,,,,,,,,,,,,,,,,,,,,,,,,,,,,,,,,,,,,,,,,,,,,,,,,,,,,,,,,,,,,,,,,,,,,,,,,,,,,,,,,,,,,,,,,,,,,,,,,,,,,,,,,,,,,,,,,,,,,,,,,,,,,,,,,,,,,,,,,,,,,,,,,,,,,,,,,,,,,,,,,,,,,,,,,,,,,,,,
TT.V4820020S,5901567240976,,Corner connector VARIO30-07 135° alu,"Kotni element 135° VARIO30-07, za LED profil, alu, (R2)",00001602,91086973,,kom,83024900,PL,0.088,,0.088,,0,,10,mm,130,mm,160,mm,,,,,26.3,,,,22,0,,,,,,,,,,,,,,,,,,,,,,,,,,,,,,,,,,,,,,,,,,,,,,,,,,,,,,,,,,,,,,,,,,,,,,,,,,,,,,,,,,,,,,,,,,,,,,,,,,,,,,,,,,,,,,,,,,,,,,,,,,,,,,,,,,,,,,,,,,,,,,,,,,,,,,,,,,,,,,,,,,,,,,,,,,,,,,,,,,,,
TT.V4830020S,5901597241010,,Corner connector VARIO30-07 270° outdoor alu,"Kotni element 270° zunanji VARIO30-07, za LED profil, alu, (R2)",00001602,91086973,,kom,83024900,PL,0.088,,0.088,,0,,10,mm,130,mm,160,mm,,,,,32.45,,,,22,0,,,,,,,,,,,,,,,,,,,,,,,,,,,,,,,,,,,,,,,,,,,,,,,,,,,,,,,,,,,,,,,,,,,,,,,,,,,,,,,,,,,,,,,,,,,,,,,,,,,,,,,,,,,,,,,,,,,,,,,,,,,,,,,,,,,,,,,,,,,,,,,,,,,,,,,,,,,,,,,,,,,,,,,,,,,,,,,,,,,,
TT.V4850019,5901597212690,,Mounting plate U9 CONE inox 20pcs,"Montažna ploščica U9, za LED profil, poglobljena (CONE), inox, (R2)",00001602,91086973,,kom,83024900,PL,0.1,,0.1,,0,,10,mm,100,mm,160,mm,,,,,1.96,,,,22,10,,,,,,,,,,,,,,,,,,,,,,,,,,,,,,,,,,,,,,,,,,,,,,,,,,,,,,,,,,,,,,,,,,,,,,,,,,,,,,,,,,,,,,,,,,,,,,,,,,,,,,,,,,,,,,,,,,,,,,,,,,,,,,,,,,,,,,,,,,,,,,,,,,,,,,,,,,,,,,,,,,,,,,,,,,,,,,,,,,,,
TT.V4870001,5901597238348,,End cap VARIO30-01 white A9/C9/D9,"Zaključni element (kapa), VARIO30-01, bel, 1/10, (R2)",00001602,91086973,,kom,94059200,PL,0.02,,0.02,,0,,10,mm,100,mm,160,mm,,,,,1.14,,,,22,0,,,,,,,,,,,,,,,,,,,,,,,,,,,,,,,,,,,,,,,,,,,,,,,,,,,,,,,,,,,,,,,,,,,,,,,,,,,,,,,,,,,,,,,,,,,,,,,,,,,,,,,,,,,,,,,,,,,,,,,,,,,,,,,,,,,,,,,,,,,,,,,,,,,,,,,,,,,,,,,,,,,,,,,,,,,,,,,,,,,,
TT.V4870002,5901597238362,,End cap VARIO30-01 black 20pcs,"Zaključni element (kapa), VARIO30-01, črn, 1/10, (R2)",00001602,91086973,,kom,94059200,PL,0.02,,0.02,,0,,10,mm,100,mm,160,mm,,,,,1.14,,,,22,0,,,,,,,,,,,,,,,,,,,,,,,,,,,,,,,,,,,,,,,,,,,,,,,,,,,,,,,,,,,,,,,,,,,,,,,,,,,,,,,,,,,,,,,,,,,,,,,,,,,,,,,,,,,,,,,,,,,,,,,,,,,,,,,,,,,,,,,,,,,,,,,,,,,,,,,,,,,,,,,,,,,,,,,,,,,,,,,,,,,,
TT.V4870022,5901597238409,,End cap VARIO30-01 grey 20pcs,"Zaključni element (kapa), VARIO30-01, siv, 1/10, (R2)",00001602,91086973,,kom,94059200,PL,0.02,,0.02,,0,,10,mm,100,mm,160,mm,,,,,1.14,,,,22,0,,,,,,,,,,,,,,,,,,,,,,,,,,,,,,,,,,,,,,,,,,,,,,,,,,,,,,,,,,,,,,,,,,,,,,,,,,,,,,,,,,,,,,,,,,,,,,,,,,,,,,,,,,,,,,,,,,,,,,,,,,,,,,,,,,,,,,,,,,,,,,,,,,,,,,,,,,,,,,,,,,,,,,,,,,,,,,,,,,,,
TT.V4870040,5901597238386,,End cap VARIO30-01 silver 20pcs,"Zaključni element (kapa), VARIO30-01, srebrn, 1/10, (R2)",00001602,91086973,,kom,94059200,PL,0.02,,0.02,,0,,10,mm,100,mm,160,mm,,,,,1.24,,,,22,0,,,,,,,,,,,,,,,,,,,,,,,,,,,,,,,,,,,,,,,,,,,,,,,,,,,,,,,,,,,,,,,,,,,,,,,,,,,,,,,,,,,,,,,,,,,,,,,,,,,,,,,,,,,,,,,,,,,,,,,,,,,,,,,,,,,,,,,,,,,,,,,,,,,,,,,,,,,,,,,,,,,,,,,,,,,,,,,,,,,,
TT.V4880001,5901597237600,,End cap VARIO30-02 white 20pcs,"Zaključni element (kapa), VARIO30-02, bel, 1/10, (R2)",00001602,91086973,,kom,94059200,PL,0.04,,0.04,,0,,10,mm,100,mm,160,mm,,,,,1.54,,,,22,0,,,,,,,,,,,,,,,,,,,,,,,,,,,,,,,,,,,,,,,,,,,,,,,,,,,,,,,,,,,,,,,,,,,,,,,,,,,,,,,,,,,,,,,,,,,,,,,,,,,,,,,,,,,,,,,,,,,,,,,,,,,,,,,,,,,,,,,,,,,,,,,,,,,,,,,,,,,,,,,,,,,,,,,,,,,,,,,,,,,,
TT.V4880002,5901597238447,,End cap VARIO30-02 black 20pcs,"Zaključni element (kapa), VARIO30-02, črn, 1/10, (R2)",00001602,91086973,,kom,94059200,PL,0.04,,0.04,,0,,10,mm,100,mm,160,mm,,,,,1.54,,,,22,0,,,,,,,,,,,,,,,,,,,,,,,,,,,,,,,,,,,,,,,,,,,,,,,,,,,,,,,,,,,,,,,,,,,,,,,,,,,,,,,,,,,,,,,,,,,,,,,,,,,,,,,,,,,,,,,,,,,,,,,,,,,,,,,,,,,,,,,,,,,,,,,,,,,,,,,,,,,,,,,,,,,,,,,,,,,,,,,,,,,,
TT.V4880022,5901597238485,,End cap VARIO30-02 grey,"Zaključni element (kapa), VARIO30-02, siv, 1/10, (R2)",00001602,91086973,,kom,94059200,PL,0.04,,0.04,,0,,10,mm,100,mm,160,mm,,,,,1.54,,,,22,0,,,,,,,,,,,,,,,,,,,,,,,,,,,,,,,,,,,,,,,,,,,,,,,,,,,,,,,,,,,,,,,,,,,,,,,,,,,,,,,,,,,,,,,,,,,,,,,,,,,,,,,,,,,,,,,,,,,,,,,,,,,,,,,,,,,,,,,,,,,,,,,,,,,,,,,,,,,,,,,,,,,,,,,,,,,,,,,,,,,,
TT.V4880040,5901597238461,,End cap VARIO30-02 silver,"Zaključni element (kapa), VARIO30-02, srebrn, 1/10, (R2)",00001602,91086973,,kom,94059200,PL,0.04,,0.04,,0,,10,mm,100,mm,160,mm,,,,,1.7,,,,22,0,,,,,,,,,,,,,,,,,,,,,,,,,,,,,,,,,,,,,,,,,,,,,,,,,,,,,,,,,,,,,,,,,,,,,,,,,,,,,,,,,,,,,,,,,,,,,,,,,,,,,,,,,,,,,,,,,,,,,,,,,,,,,,,,,,,,,,,,,,,,,,,,,,,,,,,,,,,,,,,,,,,,,,,,,,,,,,,,,,,,
TT.V4890001,5901597238508,,End cap VARIO30-03 white L+R,"Zaključni element (kapa), VARIO30-03, bel, 1/10, (R2)",00001602,91086973,,kom,94059200,PL,0.06,,0.06,,0,,10,mm,100,mm,160,mm,,,,,3.08,,,,22,0,,,,,,,,,,,,,,,,,,,,,,,,,,,,,,,,,,,,,,,,,,,,,,,,,,,,,,,,,,,,,,,,,,,,,,,,,,,,,,,,,,,,,,,,,,,,,,,,,,,,,,,,,,,,,,,,,,,,,,,,,,,,,,,,,,,,,,,,,,,,,,,,,,,,,,,,,,,,,,,,,,,,,,,,,,,,,,,,,,,,
TT.V4890002,5901597238522,,End cap VARIO30-03 black L+R,"Zaključni element (kapa), VARIO30-03, črn, 1/10, (R2)",00001602,91086973,,kom,94059200,PL,0.06,,0.06,,0,,10,mm,100,mm,160,mm,,,,,3.08,,,,22,0,,,,,,,,,,,,,,,,,,,,,,,,,,,,,,,,,,,,,,,,,,,,,,,,,,,,,,,,,,,,,,,,,,,,,,,,,,,,,,,,,,,,,,,,,,,,,,,,,,,,,,,,,,,,,,,,,,,,,,,,,,,,,,,,,,,,,,,,,,,,,,,,,,,,,,,,,,,,,,,,,,,,,,,,,,,,,,,,,,,,
TT.V4890022,5901597238560,,End cap VARIO30-03 grey L+R,"Zaključni element (kapa), VARIO30-03, siv, 1/10, (R2)",00001602,91086973,,kom,94059200,PL,0.06,,0.06,,0,,10,mm,100,mm,160,mm,,,,,3.08,,,,22,0,,,,,,,,,,,,,,,,,,,,,,,,,,,,,,,,,,,,,,,,,,,,,,,,,,,,,,,,,,,,,,,,,,,,,,,,,,,,,,,,,,,,,,,,,,,,,,,,,,,,,,,,,,,,,,,,,,,,,,,,,,,,,,,,,,,,,,,,,,,,,,,,,,,,,,,,,,,,,,,,,,,,,,,,,,,,,,,,,,,,
TT.V4890040,5901597238546,,End cap VARIO30-03 silver L+R,"Zaključni element (kapa), VARIO30-03, srebrn, 1/10, (R2)",00001602,91086973,,kom,94059200,PL,0.06,,0.06,,0,,10,mm,100,mm,160,mm,,,,,3.6,,,,22,0,,,,,,,,,,,,,,,,,,,,,,,,,,,,,,,,,,,,,,,,,,,,,,,,,,,,,,,,,,,,,,,,,,,,,,,,,,,,,,,,,,,,,,,,,,,,,,,,,,,,,,,,,,,,,,,,,,,,,,,,,,,,,,,,,,,,,,,,,,,,,,,,,,,,,,,,,,,,,,,,,,,,,,,,,,,,,,,,,,,,
TT.V4900001,5901597239260,,End cap VARIO30-04 white,"Zaključni element (kapa), VARIO30-04, bel, 1/10, (R2)",00001602,91086973,,kom,94059200,PL,0.04,,0.04,,0,,10,mm,100,mm,160,mm,,,,,1.24,,,,22,0,,,,,,,,,,,,,,,,,,,,,,,,,,,,,,,,,,,,,,,,,,,,,,,,,,,,,,,,,,,,,,,,,,,,,,,,,,,,,,,,,,,,,,,,,,,,,,,,,,,,,,,,,,,,,,,,,,,,,,,,,,,,,,,,,,,,,,,,,,,,,,,,,,,,,,,,,,,,,,,,,,,,,,,,,,,,,,,,,,,,
TT.V4900022,5901597238607,,End cap VARIO30-04 grey,"Zaključni element (kapa), VARIO30-04, siv, 1/10, (R2)",00001602,91086973,,kom,94059200,PL,0.04,,0.04,,0,,10,mm,100,mm,160,mm,,,,,1.24,,,,22,0,,,,,,,,,,,,,,,,,,,,,,,,,,,,,,,,,,,,,,,,,,,,,,,,,,,,,,,,,,,,,,,,,,,,,,,,,,,,,,,,,,,,,,,,,,,,,,,,,,,,,,,,,,,,,,,,,,,,,,,,,,,,,,,,,,,,,,,,,,,,,,,,,,,,,,,,,,,,,,,,,,,,,,,,,,,,,,,,,,,,
TT.V4900040,5901597238584,,End cap VARIO30-04 silver 20pcs,"Zaključni element (kapa), VARIO30-04, srebrn, 1/10, (R2)",00001602,91086973,,kom,94059200,PL,0.04,,0.04,,0,,10,mm,100,mm,160,mm,,,,,1.54,,,,22,0,,,,,,,,,,,,,,,,,,,,,,,,,,,,,,,,,,,,,,,,,,,,,,,,,,,,,,,,,,,,,,,,,,,,,,,,,,,,,,,,,,,,,,,,,,,,,,,,,,,,,,,,,,,,,,,,,,,,,,,,,,,,,,,,,,,,,,,,,,,,,,,,,,,,,,,,,,,,,,,,,,,,,,,,,,,,,,,,,,,,
TT.V4910001,5901597239284,,End cap VARIO30-05 white 20pcs,"Zaključni element (kapa), VARIO30-05, bel, 1/10, (R2)",00001602,91086973,,kom,94059200,PL,0.04,,0.04,,0,,10,mm,100,mm,160,mm,,,,,1.86,,,,22,0,,,,,,,,,,,,,,,,,,,,,,,,,,,,,,,,,,,,,,,,,,,,,,,,,,,,,,,,,,,,,,,,,,,,,,,,,,,,,,,,,,,,,,,,,,,,,,,,,,,,,,,,,,,,,,,,,,,,,,,,,,,,,,,,,,,,,,,,,,,,,,,,,,,,,,,,,,,,,,,,,,,,,,,,,,,,,,,,,,,,
TT.V4910022,5901597238645,,End cap VARIO30-05 grey 20pcs,"Zaključni element (kapa), VARIO30-05, siv, 1/10, (R2)",00001602,91086973,,kom,94059200,PL,0.04,,0.04,,0,,10,mm,100,mm,160,mm,,,,,1.86,,,,22,0,,,,,,,,,,,,,,,,,,,,,,,,,,,,,,,,,,,,,,,,,,,,,,,,,,,,,,,,,,,,,,,,,,,,,,,,,,,,,,,,,,,,,,,,,,,,,,,,,,,,,,,,,,,,,,,,,,,,,,,,,,,,,,,,,,,,,,,,,,,,,,,,,,,,,,,,,,,,,,,,,,,,,,,,,,,,,,,,,,,,
TT.V4910040,5901597238621,,End cap VARIO30-05 silver 20pcs,"Zaključni element (kapa), VARIO30-05, srebrn, 1/10, (R2)",00001602,91086973,,kom,94059200,PL,0.04,,0.04,,0,,10,mm,100,mm,160,mm,,,,,2.16,,,,22,0,,,,,,,,,,,,,,,,,,,,,,,,,,,,,,,,,,,,,,,,,,,,,,,,,,,,,,,,,,,,,,,,,,,,,,,,,,,,,,,,,,,,,,,,,,,,,,,,,,,,,,,,,,,,,,,,,,,,,,,,,,,,,,,,,,,,,,,,,,,,,,,,,,,,,,,,,,,,,,,,,,,,,,,,,,,,,,,,,,,,
TT.V4920001,5901597238669,,End cap VARIO30-06 white 20pcs,"Zaključni element (kapa), VARIO30-06, bel, 1/10, (R2)",00001602,91086973,,kom,94059200,PL,0.02,,0.02,,0,,10,mm,100,mm,160,mm,,,,,1.24,,,,22,0,,,,,,,,,,,,,,,,,,,,,,,,,,,,,,,,,,,,,,,,,,,,,,,,,,,,,,,,,,,,,,,,,,,,,,,,,,,,,,,,,,,,,,,,,,,,,,,,,,,,,,,,,,,,,,,,,,,,,,,,,,,,,,,,,,,,,,,,,,,,,,,,,,,,,,,,,,,,,,,,,,,,,,,,,,,,,,,,,,,,
TT.V4920002,5901597238683,,End cap VARIO30-06 black 20pcs,"Zaključni element (kapa), VARIO30-06, črn, 1/10, (R2)",00001602,91086973,,kom,94059200,PL,0.02,,0.02,,0,,10,mm,100,mm,160,mm,,,,,1.24,,,,22,0,,,,,,,,,,,,,,,,,,,,,,,,,,,,,,,,,,,,,,,,,,,,,,,,,,,,,,,,,,,,,,,,,,,,,,,,,,,,,,,,,,,,,,,,,,,,,,,,,,,,,,,,,,,,,,,,,,,,,,,,,,,,,,,,,,,,,,,,,,,,,,,,,,,,,,,,,,,,,,,,,,,,,,,,,,,,,,,,,,,,
TT.V4920022,5901597238720,,End cap VARIO30-06 grey 20pcs,"Zaključni element (kapa), VARIO30-06, siv, 1/10, (R2)",00001602,91086973,,kom,94059200,PL,0.02,,0.02,,0,,10,mm,100,mm,160,mm,,,,,1.24,,,,22,0,,,,,,,,,,,,,,,,,,,,,,,,,,,,,,,,,,,,,,,,,,,,,,,,,,,,,,,,,,,,,,,,,,,,,,,,,,,,,,,,,,,,,,,,,,,,,,,,,,,,,,,,,,,,,,,,,,,,,,,,,,,,,,,,,,,,,,,,,,,,,,,,,,,,,,,,,,,,,,,,,,,,,,,,,,,,,,,,,,,,
TT.V4920040,5901597238706,,End cap VARIO30-06 silver 20pcs,"Zaključni element (kapa), VARIO30-06, srebrn, 1/10, (R2)",00001602,91086973,,kom,94059200,PL,0.02,,0.02,,0,,10,mm,100,mm,160,mm,,,,,1.54,,,,22,0,,,,,,,,,,,,,,,,,,,,,,,,,,,,,,,,,,,,,,,,,,,,,,,,,,,,,,,,,,,,,,,,,,,,,,,,,,,,,,,,,,,,,,,,,,,,,,,,,,,,,,,,,,,,,,,,,,,,,,,,,,,,,,,,,,,,,,,,,,,,,,,,,,,,,,,,,,,,,,,,,,,,,,,,,,,,,,,,,,,,
TT.V4930001,5901597238744,,End cap VARIO30-07 white,"Zaključni element (kapa), VARIO30-07, bel, 1/10, (R2)",00001602,91086973,,kom,94059200,PL,0.04,,0.04,,0,,10,mm,100,mm,160,mm,,,,,1.86,,,,22,0,,,,,,,,,,,,,,,,,,,,,,,,,,,,,,,,,,,,,,,,,,,,,,,,,,,,,,,,,,,,,,,,,,,,,,,,,,,,,,,,,,,,,,,,,,,,,,,,,,,,,,,,,,,,,,,,,,,,,,,,,,,,,,,,,,,,,,,,,,,,,,,,,,,,,,,,,,,,,,,,,,,,,,,,,,,,,,,,,,,,
TT.V4930002,5901597238768,,End cap VARIO30-07 black,"Zaključni element (kapa), VARIO30-07, črn, 1/10, (R2)",00001602,91086973,,kom,94059200,PL,0.04,,0.04,,0,,10,mm,100,mm,160,mm,,,,,1.86,,,,22,0,,,,,,,,,,,,,,,,,,,,,,,,,,,,,,,,,,,,,,,,,,,,,,,,,,,,,,,,,,,,,,,,,,,,,,,,,,,,,,,,,,,,,,,,,,,,,,,,,,,,,,,,,,,,,,,,,,,,,,,,,,,,,,,,,,,,,,,,,,,,,,,,,,,,,,,,,,,,,,,,,,,,,,,,,,,,,,,,,,,,
TT.V4930022,5901597238300,,End cap VARIO30-07 grey,"Zaključni element (kapa), VARIO30-07, siv, 1/10, (R2)",00001602,91086973,,kom,94059200,PL,0.04,,0.04,,0,,10,mm,100,mm,160,mm,,,,,1.86,,,,22,0,,,,,,,,,,,,,,,,,,,,,,,,,,,,,,,,,,,,,,,,,,,,,,,,,,,,,,,,,,,,,,,,,,,,,,,,,,,,,,,,,,,,,,,,,,,,,,,,,,,,,,,,,,,,,,,,,,,,,,,,,,,,,,,,,,,,,,,,,,,,,,,,,,,,,,,,,,,,,,,,,,,,,,,,,,,,,,,,,,,,
TT.V4930040,5901597238287,,End cap VARIO30-07 silver,"Zaključni element (kapa), VARIO30-07, srebrn, 1/10, (R2)",00001602,91086973,,kom,94059200,PL,0.04,,0.04,,0,,10,mm,100,mm,160,mm,,,,,2.16,,,,22,0,,,,,,,,,,,,,,,,,,,,,,,,,,,,,,,,,,,,,,,,,,,,,,,,,,,,,,,,,,,,,,,,,,,,,,,,,,,,,,,,,,,,,,,,,,,,,,,,,,,,,,,,,,,,,,,,,,,,,,,,,,,,,,,,,,,,,,,,,,,,,,,,,,,,,,,,,,,,,,,,,,,,,,,,,,,,,,,,,,,,
TT.V4980038,5901597243557,,End cap VARIO30D9 opal 20pcs,"Zaključni element (kapa), VARIO30D9, opal, 1/10, (R2)",00001602,91086973,,kom,94059200,PL,0.04,,0.04,,0,,10,mm,100,mm,160,mm,,,,,1.54,,,,22,0,,,,,,,,,,,,,,,,,,,,,,,,,,,,,,,,,,,,,,,,,,,,,,,,,,,,,,,,,,,,,,,,,,,,,,,,,,,,,,,,,,,,,,,,,,,,,,,,,,,,,,,,,,,,,,,,,,,,,,,,,,,,,,,,,,,,,,,,,,,,,,,,,,,,,,,,,,,,,,,,,,,,,,,,,,,,,,,,,,,,
TT.V4990038,5901597255406,,End cap VARIO opal E9 20pcs,"Zaključni element (kapa), E9, opal, 1/10, (R2)",00001602,91086973,,kom,94059200,PL,0.05,,0.05,,0,,10,mm,100,mm,160,mm,,,,,1.54,,,,22,0,,,,,,,,,,,,,,,,,,,,,,,,,,,,,,,,,,,,,,,,,,,,,,,,,,,,,,,,,,,,,,,,,,,,,,,,,,,,,,,,,,,,,,,,,,,,,,,,,,,,,,,,,,,,,,,,,,,,,,,,,,,,,,,,,,,,,,,,,,,,,,,,,,,,,,,,,,,,,,,,,,,,,,,,,,,,,,,,,,,,
TT.V6000201,5901597289258,,LED profile COMBO30-01 ACDE-9 white mat 2m,"LED profil, COMBO30-01, nadgradni, globok, ACDE-9, bel mat, 2m, (R2)",00001602,91086973,,m,76042100,PL,0,,0,,0,,2000,mm,20.6,mm,6.6,mm,,,,,40.02,,,,22,0,,,,,,,,,,,,,,,,,,,,,,,,,,,,,,,,,,,,,,,,,,,,,,,,,,,,,,,,,,,,,,,,,,,,,,,,,,,,,,,,,,,,,,,,,,,,,,,,,,,,,,,,,,,,,,,,,,,,,,,,,,,,,,,,,,,,,,,,,,,,,,,,,,,,,,,,,,,,,,,,,,,,,,,,,,,,,,,,,,,,
TT.V6000220,5901597289241,,LED profile COMBO30-01 ACDE-9 alu anodized 2m,"LED profil, COMBO30-01, nadgradni, globok, ACDE-9, alu anodiziran, 2m, (R2)",00001602,91086973,,m,76042100,PL,0,,0,,0,,2000,mm,20.6,mm,6.6,mm,,,,,28.83,,,,22,0,,,,,,,,,,,,,,,,,,,,,,,,,,,,,,,,,,,,,,,,,,,,,,,,,,,,,,,,,,,,,,,,,,,,,,,,,,,,,,,,,,,,,,,,,,,,,,,,,,,,,,,,,,,,,,,,,,,,,,,,,,,,,,,,,,,,,,,,,,,,,,,,,,,,,,,,,,,,,,,,,,,,,,,,,,,,,,,,,,,,
TT.V6000221,5901597289265,,LED profile COMBO30-01 ACDE-9 black anodized 2m,"LED profil, COMBO30-01, nadgradni, globok, ACDE-9, črn anodiziran, 2m, (R2)",00001602,91086973,,m,76042100,PL,0,,0,,0,,2000,mm,20.6,mm,6.6,mm,,,,,37.28,,,,22,0,,,,,,,,,,,,,,,,,,,,,,,,,,,,,,,,,,,,,,,,,,,,,,,,,,,,,,,,,,,,,,,,,,,,,,,,,,,,,,,,,,,,,,,,,,,,,,,,,,,,,,,,,,,,,,,,,,,,,,,,,,,,,,,,,,,,,,,,,,,,,,,,,,,,,,,,,,,,,,,,,,,,,,,,,,,,,,,,,,,,
TT.V6000301,5901597289296,,LED profile COMBO30-01 ACDE-9 white mat 3m,LED profile COMBO30-01 ACDE-9 3000 white /plastic bag,00001602,91086973,,m,76042100,PL,0,,0,,0,,2000,mm,20.6,mm,6.6,mm,,,,,40.76,,,,22,0,,,,,,,,,,,,,,,,,,,,,,,,,,,,,,,,,,,,,,,,,,,,,,,,,,,,,,,,,,,,,,,,,,,,,,,,,,,,,,,,,,,,,,,,,,,,,,,,,,,,,,,,,,,,,,,,,,,,,,,,,,,,,,,,,,,,,,,,,,,,,,,,,,,,,,,,,,,,,,,,,,,,,,,,,,,,,,,,,,,,
TT.V6000320,5901597289289,,LED profile COMBO30-01 ACDE-9 alu anodized 3m,LED profile COMBO30-01 ACDE-9 3000 anod.,00001602,91086973,,m,76042100,PL,0,,0,,0,,2000,mm,20.6,mm,6.6,mm,,,,,29.17,,,,22,0,,,,,,,,,,,,,,,,,,,,,,,,,,,,,,,,,,,,,,,,,,,,,,,,,,,,,,,,,,,,,,,,,,,,,,,,,,,,,,,,,,,,,,,,,,,,,,,,,,,,,,,,,,,,,,,,,,,,,,,,,,,,,,,,,,,,,,,,,,,,,,,,,,,,,,,,,,,,,,,,,,,,,,,,,,,,,,,,,,,,
TT.V6000321,5901597289302,,LED profile COMBO30-01 ACDE-9 black mat 3m,LED profile COMBO30-01 ACDE-9 3000 black anod. /plastic bag,00001602,91086973,,m,76042100,PL,0,,0,,0,,2000,mm,20.6,mm,6.6,mm,,,,,37.79,,,,22,0,,,,,,,,,,,,,,,,,,,,,,,,,,,,,,,,,,,,,,,,,,,,,,,,,,,,,,,,,,,,,,,,,,,,,,,,,,,,,,,,,,,,,,,,,,,,,,,,,,,,,,,,,,,,,,,,,,,,,,,,,,,,,,,,,,,,,,,,,,,,,,,,,,,,,,,,,,,,,,,,,,,,,,,,,,,,,,,,,,,,
TT.V6000601,5901597289418,,LED profile COMBO30-02 /Q9 white mat 2m,"Montažna plošča, COMBO30-02, nadgradna, plitka, Q9, bel mat, 2m, (R2)",00001602,91086973,,m,76042100,PL,0,,0,,0,,2000,mm,20.6,mm,6.6,mm,,,,,17.69,,,,22,0,,,,,,,,,,,,,,,,,,,,,,,,,,,,,,,,,,,,,,,,,,,,,,,,,,,,,,,,,,,,,,,,,,,,,,,,,,,,,,,,,,,,,,,,,,,,,,,,,,,,,,,,,,,,,,,,,,,,,,,,,,,,,,,,,,,,,,,,,,,,,,,,,,,,,,,,,,,,,,,,,,,,,,,,,,,,,,,,,,,,
TT.V6000620,5901597289401,,LED profile COMBO30-02 /Q9 alu anodized 2m,"Montažna plošča, COMBO30-02, nadgradna, plitka, Q9, alu anodiziran, 2m, (R2)",00001602,91086973,,m,76042100,PL,0,,0,,0,,2000,mm,20.6,mm,6.6,mm,,,,,13.18,,,,22,0,,,,,,,,,,,,,,,,,,,,,,,,,,,,,,,,,,,,,,,,,,,,,,,,,,,,,,,,,,,,,,,,,,,,,,,,,,,,,,,,,,,,,,,,,,,,,,,,,,,,,,,,,,,,,,,,,,,,,,,,,,,,,,,,,,,,,,,,,,,,,,,,,,,,,,,,,,,,,,,,,,,,,,,,,,,,,,,,,,,,
TT.V6000621,5901597289425,,LED profile COMBO30-02 /Q9 black anodized 2m,"Montažna plošča, COMBO30-02, nadgradna, plitka, Q9, črn anodiziran, 2m, (R2)",00001602,91086973,,m,76042100,PL,0,,0,,0,,2000,mm,20.6,mm,6.6,mm,,,,,19.22,,,,22,0,,,,,,,,,,,,,,,,,,,,,,,,,,,,,,,,,,,,,,,,,,,,,,,,,,,,,,,,,,,,,,,,,,,,,,,,,,,,,,,,,,,,,,,,,,,,,,,,,,,,,,,,,,,,,,,,,,,,,,,,,,,,,,,,,,,,,,,,,,,,,,,,,,,,,,,,,,,,,,,,,,,,,,,,,,,,,,,,,,,,
TT.V6000701,5901597289456,,LED profile COMBO30-02 /Q9 white mat 3m,complementary profile COMBO30-02 Q9 3000 white /plastic bag,00001602,91086973,,m,76042100,PL,0,,0,,0,,2000,mm,20.6,mm,6.6,mm,,,,,17.66,,,,22,0,,,,,,,,,,,,,,,,,,,,,,,,,,,,,,,,,,,,,,,,,,,,,,,,,,,,,,,,,,,,,,,,,,,,,,,,,,,,,,,,,,,,,,,,,,,,,,,,,,,,,,,,,,,,,,,,,,,,,,,,,,,,,,,,,,,,,,,,,,,,,,,,,,,,,,,,,,,,,,,,,,,,,,,,,,,,,,,,,,,,
TT.V6000720,5901597289449,,LED profile COMBO30-02 /Q9 alu anodized 3m,complementary profile COMBO30-02 Q9 3000 anod.,00001602,91086973,,m,76042100,PL,0,,0,,0,,2000,mm,20.6,mm,6.6,mm,,,,,13.29,,,,22,0,,,,,,,,,,,,,,,,,,,,,,,,,,,,,,,,,,,,,,,,,,,,,,,,,,,,,,,,,,,,,,,,,,,,,,,,,,,,,,,,,,,,,,,,,,,,,,,,,,,,,,,,,,,,,,,,,,,,,,,,,,,,,,,,,,,,,,,,,,,,,,,,,,,,,,,,,,,,,,,,,,,,,,,,,,,,,,,,,,,,
TT.V6000721,5901597289463,,LED profile COMBO30-02 /Q9 black mat 3m,complementary profile COMBO30-02 Q9 3000 black anod. /plastic bag,00001602,91086973,,m,76042100,PL,0,,0,,0,,2000,mm,20.6,mm,6.6,mm,,,,,19.21,,,,22,0,,,,,,,,,,,,,,,,,,,,,,,,,,,,,,,,,,,,,,,,,,,,,,,,,,,,,,,,,,,,,,,,,,,,,,,,,,,,,,,,,,,,,,,,,,,,,,,,,,,,,,,,,,,,,,,,,,,,,,,,,,,,,,,,,,,,,,,,,,,,,,,,,,,,,,,,,,,,,,,,,,,,,,,,,,,,,,,,,,,,
TT.V6001001,5901597201021,,LED profile COMBO30-03 ACDE-9/Q9 white mat 2m,"LED profil/montažna plošča, COMBO30-03, nadgradni, plitek, ACDE-9/Q9, bel mat, 2m, (R2)",00001602,91086973,,m,76042100,PL,0,,0,,0,,2000,mm,20.6,mm,6.6,mm,,,,,19.7,,,,22,0,,,,,,,,,,,,,,,,,,,,,,,,,,,,,,,,,,,,,,,,,,,,,,,,,,,,,,,,,,,,,,,,,,,,,,,,,,,,,,,,,,,,,,,,,,,,,,,,,,,,,,,,,,,,,,,,,,,,,,,,,,,,,,,,,,,,,,,,,,,,,,,,,,,,,,,,,,,,,,,,,,,,,,,,,,,,,,,,,,,,
TT.V6001020,5901597201014,,LED profile COMBO30-03 ACDE-9/Q9 alu anodized 2m,"LED profil/montažna plošča, COMBO30-03, nadgradni, plitek, ACDE-9/Q9, alu anodiziran, 2m, (R2)",00001602,91086973,,m,76042100,PL,0,,0,,0,,2000,mm,20.6,mm,6.6,mm,,,,,14.88,,,,22,0,,,,,,,,,,,,,,,,,,,,,,,,,,,,,,,,,,,,,,,,,,,,,,,,,,,,,,,,,,,,,,,,,,,,,,,,,,,,,,,,,,,,,,,,,,,,,,,,,,,,,,,,,,,,,,,,,,,,,,,,,,,,,,,,,,,,,,,,,,,,,,,,,,,,,,,,,,,,,,,,,,,,,,,,,,,,,,,,,,,,
TT.V6001021,5901597201038,,LED profile COMBO30-03 ACDE-9/Q9 black anodized 2m,"LED profil/montažna plošča, COMBO30-03, nadgradni, plitek, ACDE-9/Q9, črn anodiziran, 2m, (R2)",00001602,91086973,,m,76042100,PL,0,,0,,0,,2000,mm,20.6,mm,6.6,mm,,,,,20.1,,,,22,0,,,,,,,,,,,,,,,,,,,,,,,,,,,,,,,,,,,,,,,,,,,,,,,,,,,,,,,,,,,,,,,,,,,,,,,,,,,,,,,,,,,,,,,,,,,,,,,,,,,,,,,,,,,,,,,,,,,,,,,,,,,,,,,,,,,,,,,,,,,,,,,,,,,,,,,,,,,,,,,,,,,,,,,,,,,,,,,,,,,,
TT.V6001101,5901597201069,,LED profile COMBO30-03 C4/Q9 white mat 3m,complementary profile COMBO30-03 C4/Q9 3000 white /plastic bag,00001602,91086973,,m,76042100,PL,0,,0,,0,,2000,mm,20.6,mm,6.6,mm,,,,,19.76,,,,22,0,,,,,,,,,,,,,,,,,,,,,,,,,,,,,,,,,,,,,,,,,,,,,,,,,,,,,,,,,,,,,,,,,,,,,,,,,,,,,,,,,,,,,,,,,,,,,,,,,,,,,,,,,,,,,,,,,,,,,,,,,,,,,,,,,,,,,,,,,,,,,,,,,,,,,,,,,,,,,,,,,,,,,,,,,,,,,,,,,,,,
TT.V6001120,5901597201052,,LED profile COMBO30-03 C4/Q9 alu anodized 3m,complementary profile COMBO30-03 C4/Q9 3000 anod.,00001602,91086973,,m,76042100,PL,0,,0,,0,,2000,mm,20.6,mm,6.6,mm,,,,,15.03,,,,22,0,,,,,,,,,,,,,,,,,,,,,,,,,,,,,,,,,,,,,,,,,,,,,,,,,,,,,,,,,,,,,,,,,,,,,,,,,,,,,,,,,,,,,,,,,,,,,,,,,,,,,,,,,,,,,,,,,,,,,,,,,,,,,,,,,,,,,,,,,,,,,,,,,,,,,,,,,,,,,,,,,,,,,,,,,,,,,,,,,,,,
TT.V6001121,5901597201076,,LED profile COMBO30-03 C4/Q9 black mat 3m,complementary profile COMBO30-03 C4/Q9 3000 black anod. /plastic bag,00001602,91086973,,m,76042100,PL,0,,0,,0,,2000,mm,20.6,mm,6.6,mm,,,,,20.12,,,,22,0,,,,,,,,,,,,,,,,,,,,,,,,,,,,,,,,,,,,,,,,,,,,,,,,,,,,,,,,,,,,,,,,,,,,,,,,,,,,,,,,,,,,,,,,,,,,,,,,,,,,,,,,,,,,,,,,,,,,,,,,,,,,,,,,,,,,,,,,,,,,,,,,,,,,,,,,,,,,,,,,,,,,,,,,,,,,,,,,,,,,
VD.A24V30W67,5902135135747,,LED power supply A24V30W67 for distribution box Fi60 CV 30W/24V IP67,"Napajalnik, za LED, za v dozo, CV, 24V, 30W, ON/OFF, IP67, (R2)",91086973,91086973,,kom,85044082,CN,0.1356,,0.1252,,0,,55,mm,45,mm,25,mm,,,,,9.52,,,,22,0,,,,,,,,,,,,,,,,,,,,,,,,,,,,,,,,,,,,,,,,,,,,,,,,,,,,,,,,,,,,,,,,,,,,,,,,,,,,,,,,,,,,,,,,,,,,,,,,,,,,,,,,,,,,,,,,,,,,,,,,,,,,,,,,,,,,,,,,,,,,,,,,,,,,,,,,,,,,,,,,,,,,,,,,,,,,,,,,,,,,
VD.CC1.2,4039677008008,,,"Razdelilec, CC1-2, Število žic: 2, črn, 0,009m, (R2)",91086973,91086973,,kom,85444290,CN,0.033,,0.033,,0,,0,mm,0,mm,0,mm,,,,,2.38,,,,22,0,,,,,,,,,,,,,,,,,,,,,,,,,,,,,,,,,,,,,,,,,,,,,,,,,,,,,,,,,,,,,,,,,,,,,,,,,,,,,,,,,,,,,,,,,,,,,,,,,,,,,,,,,,,,,,,,,,,,,,,,,,,,,,,,,,,,,,,,,,,,,,,,,,,,,,,,,,,,,,,,,,,,,,,,,,,,,,,,,,,,
VD.HZK218B,4039677007674,,Switch HZK218B furniture for doors,"Stikalo, za vrata, HZK218B, zunanji vgradni senzor, 100V/240V, 200W, (R2)",91086973,91086973,,kom,85365080,CN,0.078,,0.077,,0,,40,mm,40,mm,85,mm,,,,,19.95,,,,22,1,,,,,,,,,,,,,,,,,,,,,,,,,,,,,,,,,,,,,,,,,,,,,,,,,,,,,,,,,,,,,,,,,,,,,,,,,,,,,,,,,,,,,,,,,,,,,,,,,,,,,,,,,,,,,,,,,,,,,,,,,,,,,,,,,,,,,,,,,,,,,,,,,,,,,,,,,,,,,,,,,,,,,,,,,,,,,,,,,,,,
VD.HZK218C,4039677007681,,Switch HZK218C furniture touch,"Stikalo, na dotik, HZK218C, zunanji vgradni senzor, 100V/240V, 200W, (R2)",91086973,91086973,,kom,85365080,CN,0.0772,,0.059,,0,,43,mm,41,mm,86,mm,,,,,19.95,,,,22,1,,,,,,,,,,,,,,,,,,,,,,,,,,,,,,,,,,,,,,,,,,,,,,,,,,,,,,,,,,,,,,,,,,,,,,,,,,,,,,,,,,,,,,,,,,,,,,,,,,,,,,,,,,,,,,,,,,,,,,,,,,,,,,,,,,,,,,,,,,,,,,,,,,,,,,,,,,,,,,,,,,,,,,,,,,,,,,,,,,,,
VD.HZK221,4039677007667,,Switch HZK221 furniture for doors/on touch,"Stikalo, za vrata/na dotik, HZK221, zunanji vgradni senzor, 12V/24V, 24/48W, (R2)",91086973,91086973,,kom,85365080,CN,0.06,,0.059,,0,,20,mm,45,mm,130,mm,,,,,19.95,,,,22,0,,,,,,,,,,,,,,,,,,,,,,,,,,,,,,,,,,,,,,,,,,,,,,,,,,,,,,,,,,,,,,,,,,,,,,,,,,,,,,,,,,,,,,,,,,,,,,,,,,,,,,,,,,,,,,,,,,,,,,,,,,,,,,,,,,,,,,,,,,,,,,,,,,,,,,,,,,,,,,,,,,,,,,,,,,,,,,,,,,,,
VD.L803C,4039677007759,,,"Razdelilec, L803C, Število žic: 6x0,5, 0,25mm, (R2)",91086973,91086973,,kom,85444290,CN,0.02,,0.02,,0,,0,mm,0,mm,0,mm,,,,,2.38,,,,22,0,,,,,,,,,,,,,,,,,,,,,,,,,,,,,,,,,,,,,,,,,,,,,,,,,,,,,,,,,,,,,,,,,,,,,,,,,,,,,,,,,,,,,,,,,,,,,,,,,,,,,,,,,,,,,,,,,,,,,,,,,,,,,,,,,,,,,,,,,,,,,,,,,,,,,,,,,,,,,,,,,,,,,,,,,,,,,,,,,,,,
VD.L812,4039677007735,,,"Kabel s konektorjem , L812, Število žic: 2x0,34, bel, 2m, (R2)",91086973,91086973,,kom,85444290,CN,0.02,,0.02,,0,,0,mm,0,mm,0,mm,,,,,1.85,1.95,,,22,0,,,,,,,,,,,,,,,,,,,,,,,,,,,,,,,,,,,,,,,,,,,,,,,,,,,,,,,,,,,,,,,,,,,,,,,,,,,,,,,,,,,,,,,,,,,,,,,,,,,,,,,,,,,,,,,,,,,,,,,,,,,,,,,,,,,,,,,,,,,,,,,,,,,,,,,,,,,,,,,,,,,,,,,,,,,,,,,,,,,,
VD.L822,4039677007728,,,"Kabel s konektorjem , L822, Število žic: 2x0,34, bel, 2m, (R2)",91086973,91086973,,kom,85444290,CN,0.02,,0.02,,0,,0,mm,0,mm,0,mm,,,,,1.65,,,,22,0,,,,,,,,,,,,,,,,,,,,,,,,,,,,,,,,,,,,,,,,,,,,,,,,,,,,,,,,,,,,,,,,,,,,,,,,,,,,,,,,,,,,,,,,,,,,,,,,,,,,,,,,,,,,,,,,,,,,,,,,,,,,,,,,,,,,,,,,,,,,,,,,,,,,,,,,,,,,,,,,,,,,,,,,,,,,,,,,,,,,
VD.L822P,4039677007711,,,"Kabel s konektorjem , L822P, Število žic: 2x0,34, bel, 2m, (R2)",91086973,91086973,,kom,85444290,CN,0.02,,0.02,,0,,0,mm,0,mm,0,mm,,,,,1.85,1.95,,,22,0,,,,,,,,,,,,,,,,,,,,,,,,,,,,,,,,,,,,,,,,,,,,,,,,,,,,,,,,,,,,,,,,,,,,,,,,,,,,,,,,,,,,,,,,,,,,,,,,,,,,,,,,,,,,,,,,,,,,,,,,,,,,,,,,,,,,,,,,,,,,,,,,,,,,,,,,,,,,,,,,,,,,,,,,,,,,,,,,,,,,
VD.L828,4039677007742,,,"Kabel s konektorjem , L828, Število žic: 2x0,75, bel, 2m, (R2)",91086973,91086973,,kom,85444290,CN,0.02,,0.02,,0,,0,mm,0,mm,0,mm,,,,,2.33,,,,22,0,,,,,,,,,,,,,,,,,,,,,,,,,,,,,,,,,,,,,,,,,,,,,,,,,,,,,,,,,,,,,,,,,,,,,,,,,,,,,,,,,,,,,,,,,,,,,,,,,,,,,,,,,,,,,,,,,,,,,,,,,,,,,,,,,,,,,,,,,,,,,,,,,,,,,,,,,,,,,,,,,,,,,,,,,,,,,,,,,,,,
VD.LEDK2X0.35,4039677003539,,,"LED kabel, FLAT, Število žic: 2x0,35, črn, 100m, (R2)",91086973,91086973,,m,85444290,CN,0.0153,,0.0153,,0,,0,mm,0,mm,0,mm,,,,,0.62,,,,22,0,,,,,,,,,,,,,,,,,,,,,,,,,,,,,,,,,,,,,,,,,,,,,,,,,,,,,,,,,,,,,,,,,,,,,,,,,,,,,,,,,,,,,,,,,,,,,,,,,,,,,,,,,,,,,,,,,,,,,,,,,,,,,,,,,,,,,,,,,,,,,,,,,,,,,,,,,,,,,,,,,,,,,,,,,,,,,,,,,,,,
VD.LEDK2X0.35.B,3830078332386,,,"LED kabel, FLAT, Število žic: 2x0,35, bel, 1m, (R2)",91086973,91086973,,m,85444290,CN,0.0153,,0.0153,,0,,0,mm,0,mm,0,mm,,,,,0.85,,,,22,0,,,,,,,,,,,,,,,,,,,,,,,,,,,,,,,,,,,,,,,,,,,,,,,,,,,,,,,,,,,,,,,,,,,,,,,,,,,,,,,,,,,,,,,,,,,,,,,,,,,,,,,,,,,,,,,,,,,,,,,,,,,,,,,,,,,,,,,,,,,,,,,,,,,,,,,,,,,,,,,,,,,,,,,,,,,,,,,,,,,,
VD.LEDK2X0.5,3830078332393,,,"LED kabel, FLAT, Število žic: 2x0,5, črn, 1m, (R2)",91086973,91086973,,m,85444290,CN,0.02,,0.02,,0,,0,mm,0,mm,0,mm,,,,,0.72,,,,22,0,,,,,,,,,,,,,,,,,,,,,,,,,,,,,,,,,,,,,,,,,,,,,,,,,,,,,,,,,,,,,,,,,,,,,,,,,,,,,,,,,,,,,,,,,,,,,,,,,,,,,,,,,,,,,,,,,,,,,,,,,,,,,,,,,,,,,,,,,,,,,,,,,,,,,,,,,,,,,,,,,,,,,,,,,,,,,,,,,,,,
VD.LEDK5X0.5,4039677003607,,,"LED kabel, FLAT, Število žic: 2x0,5, siv, 1m, (R2)",91086973,91086973,,m,85444290,CN,0.062,,0.062,,0,,0,mm,0,mm,0,mm,,,,,0.77,,,,22,0,,,,,,,,,,,,,,,,,,,,,,,,,,,,,,,,,,,,,,,,,,,,,,,,,,,,,,,,,,,,,,,,,,,,,,,,,,,,,,,,,,,,,,,,,,,,,,,,,,,,,,,,,,,,,,,,,,,,,,,,,,,,,,,,,,,,,,,,,,,,,,,,,,,,,,,,,,,,,,,,,,,,,,,,,,,,,,,,,,,,
VD.PIR.LSS001,4039677006271,,Light detector PIR-LSS001 for profile,"Luxomat, PIR-LSS001, za v profil, 12V/24V, 48/96W, (R2)",91086973,91086973,,kom,85365080,CN,0.0024,,0.0024,,0,,5,mm,50,mm,10,mm,,,,,12.07,,,,22,0,,,,,,,,,,,,,,,,,,,,,,,,,,,,,,,,,,,,,,,,,,,,,,,,,,,,,,,,,,,,,,,,,,,,,,,,,,,,,,,,,,,,,,,,,,,,,,,,,,,,,,,,,,,,,,,,,,,,,,,,,,,,,,,,,,,,,,,,,,,,,,,,,,,,,,,,,,,,,,,,,,,,,,,,,,,,,,,,,,,,
VD.PIR.LSS002,4039677006264,,,"Senzor gibanja, PIR, PIR-LSS002, za v profil, 12V/24V, 48/96W, (R2)",91086973,91086973,,kom,85365080,CN,0.0049,,0.0049,,0,,15,mm,10,mm,56,mm,,,,,12.07,,,,22,0,,,,,,,,,,,,,,,,,,,,,,,,,,,,,,,,,,,,,,,,,,,,,,,,,,,,,,,,,,,,,,,,,,,,,,,,,,,,,,,,,,,,,,,,,,,,,,,,,,,,,,,,,,,,,,,,,,,,,,,,,,,,,,,,,,,,,,,,,,,,,,,,,,,,,,,,,,,,,,,,,,,,,,,,,,,,,,,,,,,,
VD.PIR.SW002,4039677005960,,Motion detector PIR-SW002 PIR for profile,"Senzor gibanja, PIR, PIR-SW002, za v profil, 12V/24V, 48/96W, (R2)",91086973,91086973,,kom,85365080,CN,0.005,,0.004,,0,,10,mm,55,mm,30,mm,,,,,12.07,,,,22,0,,,,,,,,,,,,,,,,,,,,,,,,,,,,,,,,,,,,,,,,,,,,,,,,,,,,,,,,,,,,,,,,,,,,,,,,,,,,,,,,,,,,,,,,,,,,,,,,,,,,,,,,,,,,,,,,,,,,,,,,,,,,,,,,,,,,,,,,,,,,,,,,,,,,,,,,,,,,,,,,,,,,,,,,,,,,,,,,,,,,
VD.PIR.SW002.T,4039677003638,,Motion detector PIR-SW002-T PIR for profile,"Senzor gibanja, PIR, PIR-SW002-T, za v profil, 12V/24V, 48/96W, (R2)",91086973,91086973,,kom,85365080,CN,0.004,,0.004,,0,,20,mm,10,mm,55,mm,,,,,12.07,,,,22,0,,,,,,,,,,,,,,,,,,,,,,,,,,,,,,,,,,,,,,,,,,,,,,,,,,,,,,,,,,,,,,,,,,,,,,,,,,,,,,,,,,,,,,,,,,,,,,,,,,,,,,,,,,,,,,,,,,,,,,,,,,,,,,,,,,,,,,,,,,,,,,,,,,,,,,,,,,,,,,,,,,,,,,,,,,,,,,,,,,,,
VD.PS002,4039677003645,,LED dimmer PS002 MONO for profile with hand sensor,"LED zatemnilnik, enobarvni, PS002, za v profil, 12V/24V, 96/192W, na zamah, (R2)",91086973,91086973,,kom,85365080,CN,0.0024,,0.002,,0,,4,mm,10,mm,55,mm,,,,,13.99,,,,22,0,,,,,,,,,,,,,,,,,,,,,,,,,,,,,,,,,,,,,,,,,,,,,,,,,,,,,,,,,,,,,,,,,,,,,,,,,,,,,,,,,,,,,,,,,,,,,,,,,,,,,,,,,,,,,,,,,,,,,,,,,,,,,,,,,,,,,,,,,,,,,,,,,,,,,,,,,,,,,,,,,,,,,,,,,,,,,,,,,,,,
VD.SHE.B.250,4039677007988,,Motion detector SHE-B-250 furniture PIR,"Senzor gibanja, PIR, SHE-B-250, zunanji vgradni senzor, 100V/240V, 240vA, (R2)",91086973,91086973,,kom,85365080,CN,0.073,,0.073,,0,,45,mm,40,mm,85,mm,,,,,24.09,,,,22,1,,,,,,,,,,,,,,,,,,,,,,,,,,,,,,,,,,,,,,,,,,,,,,,,,,,,,,,,,,,,,,,,,,,,,,,,,,,,,,,,,,,,,,,,,,,,,,,,,,,,,,,,,,,,,,,,,,,,,,,,,,,,,,,,,,,,,,,,,,,,,,,,,,,,,,,,,,,,,,,,,,,,,,,,,,,,,,,,,,,,
VD.SHE.B.60,4039677007698,,Motion detector SHE-B-60 furniture PIR,"Senzor gibanja, PIR, SHE-B-60, zunanji vgradni senzor, 12V/24V, 30/60W, (R2)",91086973,91086973,,kom,85365080,CN,0.0628,,0.0464,,0,,70,mm,40,mm,10,mm,,,,,24.09,,,,22,0,,,,,,,,,,,,,,,,,,,,,,,,,,,,,,,,,,,,,,,,,,,,,,,,,,,,,,,,,,,,,,,,,,,,,,,,,,,,,,,,,,,,,,,,,,,,,,,,,,,,,,,,,,,,,,,,,,,,,,,,,,,,,,,,,,,,,,,,,,,,,,,,,,,,,,,,,,,,,,,,,,,,,,,,,,,,,,,,,,,,
VD.SHE.Z.60,4039677007995,,Switch SHE-Z-60 furniture touch,"Stikalo, na dotik, SHE-Z-60, zunanji vgradni senzor, 12V/24V, 30/60W, (R2)",91086973,91086973,,kom,85365080,CN,0.6,,0.048,,0,,51,mm,46,mm,95,mm,,,,,24.09,,,,22,0,,,,,,,,,,,,,,,,,,,,,,,,,,,,,,,,,,,,,,,,,,,,,,,,,,,,,,,,,,,,,,,,,,,,,,,,,,,,,,,,,,,,,,,,,,,,,,,,,,,,,,,,,,,,,,,,,,,,,,,,,,,,,,,,,,,,,,,,,,,,,,,,,,,,,,,,,,,,,,,,,,,,,,,,,,,,,,,,,,,,
VD.SHE.Z.60A,4039677011077,,Switch SHE-Z-60A furniture touch,"Stikalo, na dotik, SHE-Z-60A, zunanji vgradni senzor, 12V/24V, 30/60W, (R2)",91086973,91086973,,kom,85365080,CN,0.0635,,0.063,,0,,95,mm,50,mm,45,mm,,,,,24.09,,,,22,0,,,,,,,,,,,,,,,,,,,,,,,,,,,,,,,,,,,,,,,,,,,,,,,,,,,,,,,,,,,,,,,,,,,,,,,,,,,,,,,,,,,,,,,,,,,,,,,,,,,,,,,,,,,,,,,,,,,,,,,,,,,,,,,,,,,,,,,,,,,,,,,,,,,,,,,,,,,,,,,,,,,,,,,,,,,,,,,,,,,,
VD.SHE.Z.60C,4039677007704,,Switch SHE-Z-60C furniture touch,"Stikalo, na dotik, SHE-Z-60C, zunanji vgradni senzor, 12V/24V, 30/60W, (R2)",91086973,91086973,,kom,85365080,CN,0.1,,0.069,,0,,41,mm,52,mm,130,mm,,,,,24.09,,,,22,0,,,,,,,,,,,,,,,,,,,,,,,,,,,,,,,,,,,,,,,,,,,,,,,,,,,,,,,,,,,,,,,,,,,,,,,,,,,,,,,,,,,,,,,,,,,,,,,,,,,,,,,,,,,,,,,,,,,,,,,,,,,,,,,,,,,,,,,,,,,,,,,,,,,,,,,,,,,,,,,,,,,,,,,,,,,,,,,,,,,,
VD.SHE.Z.60C.A,4039677010162,,Switch SHE-Z-60C-A furniture for doors/on touch,"Stikalo na dotik, za vrata, SHE-Z-60C-A, zunanji vgradni senzor, 12V/24V, 30/60W, (R2)",91086973,91086973,,kom,85365080,CN,0.1,,0.069,,0,,41,mm,52,mm,130,mm,,,,,24.09,,,,22,0,,,,,,,,,,,,,,,,,,,,,,,,,,,,,,,,,,,,,,,,,,,,,,,,,,,,,,,,,,,,,,,,,,,,,,,,,,,,,,,,,,,,,,,,,,,,,,,,,,,,,,,,,,,,,,,,,,,,,,,,,,,,,,,,,,,,,,,,,,,,,,,,,,,,,,,,,,,,,,,,,,,,,,,,,,,,,,,,,,,,
VD.SIHF05,3830078332379,,,"Silikonski kabel, SiHf, Število žic: 2x0,5, črn, 500m, (R2)",91086973,91086973,,m,85444290,PL,0,,0,,0,,0,mm,0,mm,0,mm,,,,,1.85,,,,22,0,,,,,,,,,,,,,,,,,,,,,,,,,,,,,,,,,,,,,,,,,,,,,,,,,,,,,,,,,,,,,,,,,,,,,,,,,,,,,,,,,,,,,,,,,,,,,,,,,,,,,,,,,,,,,,,,,,,,,,,,,,,,,,,,,,,,,,,,,,,,,,,,,,,,,,,,,,,,,,,,,,,,,,,,,,,,,,,,,,,,
VD.SLT45.1050IL.E,4039677007766,,LED power supply SLT45 CC 45W/42V,"Napajalnik, za LED, CC, SLT, 0,7A-1,05A, 45W, ON/OFF, IP20, 1/50, (R2)",00001614,91086973,,kom,85044082,CN,0.172,,0.17,,0,,0,mm,0,mm,0,mm,,,,,17.78,,,,22,50,,,,,,,,,,,,,,,,,,,,,,,,,,,,,,,,,,,,,,,,,,,,,,,,,,,,,,,,,,,,,,,,,,,,,,,,,,,,,,,,,,,,,,,,,,,,,,,,,,,,,,,,,,,,,,,,,,,,,,,,,,,,,,,,,,,,,,,,,,,,,,,,,,,,,,,,,,,,,,,,,,,,,,,,,,,,,,,,,,,,
VD.TLWY4X0.35,4039677006592,,,"LED kabel, FLAT, Število žic: 4x0,35, rdeč/moder/črn/bel, 1m, (R2)",91086973,91086973,,m,85444290,PL,0.021,,0.021,,0,,0,mm,0,mm,0,mm,,,,,2.17,,,,22,0,,,,,,,,,,,,,,,,,,,,,,,,,,,,,,,,,,,,,,,,,,,,,,,,,,,,,,,,,,,,,,,,,,,,,,,,,,,,,,,,,,,,,,,,,,,,,,,,,,,,,,,,,,,,,,,,,,,,,,,,,,,,,,,,,,,,,,,,,,,,,,,,,,,,,,,,,,,,,,,,,,,,,,,,,,,,,,,,,,,,
VD.TLWY5X0.35,4039677006608,,,"LED kabel, FLAT, Število žic: 5x0,35, rdeč/moder/črn/bel/zelen, 1m, (R2)",91086973,91086973,,m,85444290,PL,0.026,,0.026,,0,,0,mm,0,mm,0,mm,,,,,1.86,,,,22,0,,,,,,,,,,,,,,,,,,,,,,,,,,,,,,,,,,,,,,,,,,,,,,,,,,,,,,,,,,,,,,,,,,,,,,,,,,,,,,,,,,,,,,,,,,,,,,,,,,,,,,,,,,,,,,,,,,,,,,,,,,,,,,,,,,,,,,,,,,,,,,,,,,,,,,,,,,,,,,,,,,,,,,,,,,,,,,,,,,,,
VD.TLWY6X0.35,4039677006615,,,"LED kabel, FLAT, Število žic: 6x0,35, rdeč/moder/črn/bel/zelen, 1m, (R2)",91086973,91086973,,m,85444290,PL,0.0304,,0.0304,,0,,0,mm,0,mm,0,mm,,,,,3.19,,,,22,0,,,,,,,,,,,,,,,,,,,,,,,,,,,,,,,,,,,,,,,,,,,,,,,,,,,,,,,,,,,,,,,,,,,,,,,,,,,,,,,,,,,,,,,,,,,,,,,,,,,,,,,,,,,,,,,,,,,,,,,,,,,,,,,,,,,,,,,,,,,,,,,,,,,,,,,,,,,,,,,,,,,,,,,,,,,,,,,,,,,,
VD.TS.TD003,4039677005854,,LED dimmer TD003 MONO for profile touch,"LED zatemnilnik, enobarvni, TD003, za v profil, z indikatorjem (moder), 12V/24V, 48/96W, na dotik, (R2)",91086973,91086973,,kom,85365080,CN,0.001,,0.001,,0,,10,mm,50,mm,30,mm,,,,,11.51,,,,22,1,,,,,,,,,,,,,,,,,,,,,,,,,,,,,,,,,,,,,,,,,,,,,,,,,,,,,,,,,,,,,,,,,,,,,,,,,,,,,,,,,,,,,,,,,,,,,,,,,,,,,,,,,,,,,,,,,,,,,,,,,,,,,,,,,,,,,,,,,,,,,,,,,,,,,,,,,,,,,,,,,,,,,,,,,,,,,,,,,,,,
VD.TS.TD003A,4039677008152,,LED dimmer TD003A MONO for profile touch,"LED zatemnilnik, enobarvni, TD003A, za v profil, brez indikatorja, 12V/24V, 48/96W, na dotik, (R2)",91086973,91086973,,kom,85365080,CN,0.001,,0.001,,0,,10,mm,50,mm,30,mm,,,,,11.51,,,,22,1,,,,,,,,,,,,,,,,,,,,,,,,,,,,,,,,,,,,,,,,,,,,,,,,,,,,,,,,,,,,,,,,,,,,,,,,,,,,,,,,,,,,,,,,,,,,,,,,,,,,,,,,,,,,,,,,,,,,,,,,,,,,,,,,,,,,,,,,,,,,,,,,,,,,,,,,,,,,,,,,,,,,,,,,,,,,,,,,,,,,
VD.TS.TD003B,3830078330047,,LED dimmer TD003B MONO for profile touch,"LED zatemnilnik, enobarvni, TD003, za v profil, z indikatorjem (bel), 12V/24V, 36/72W, na dotik, (R2)",91086973,91086973,,kom,85365080,CN,0.001,,0.001,,0,,10,mm,50,mm,30,mm,,,,,10.36,,,,22,1,,,,,,,,,,,,,,,,,,,,,,,,,,,,,,,,,,,,,,,,,,,,,,,,,,,,,,,,,,,,,,,,,,,,,,,,,,,,,,,,,,,,,,,,,,,,,,,,,,,,,,,,,,,,,,,,,,,,,,,,,,,,,,,,,,,,,,,,,,,,,,,,,,,,,,,,,,,,,,,,,,,,,,,,,,,,,,,,,,,,
VD.TS.TD008,4039677006660,,LED dimmer TD008 MONO for profile touch,"LED zatemnilnik, enobarvni, TD008, za v profil, z indikatorjem, 12V/24V, 24/48W, na dotik, (R2)",91086973,91086973,,kom,85365080,CN,0.033,,0.024,,0,,15,mm,20,mm,15,mm,,,,,13.26,,,,22,1,,,,,,,,,,,,,,,,,,,,,,,,,,,,,,,,,,,,,,,,,,,,,,,,,,,,,,,,,,,,,,,,,,,,,,,,,,,,,,,,,,,,,,,,,,,,,,,,,,,,,,,,,,,,,,,,,,,,,,,,,,,,,,,,,,,,,,,,,,,,,,,,,,,,,,,,,,,,,,,,,,,,,,,,,,,,,,,,,,,,
