Šifra artikla,EAN,Cena B2B,Cena B2C,DDV,VID trenutna zaloga,VID naročena količina,VID količina za odpremo,VID razpoložljiva količina,VID naročena količina dobaviteljem,Dobavitelj zaloga,Dobavitelj naročena zaloga,Dobavitelj datum,Skladišče,Rabatna skupina artikla,Rabatna skupina ERP,Popust odprodaje %
BA.BC01.00130,5949097705779,12.44,12.44,22,,,,,,998,,,,BA,BA,0
BA.BC01.00330,5949097701092,20.56,20.56,22,,,,,,1440,,,,BA,BA,0
BA.BC15.00310,5949097729164,29.78,29.78,22,60,0,2,58,0,810,,,Glavno skladišče Rakovnik 9a,BA,BA,0
BA.BC15.00330,5949097703522,29.78,29.78,22,10,0,0,10,0,2510,,,Glavno skladišče Rakovnik 9a,BA,BA,0
BA.BC15.00480,5949097739927,32.78,32.78,22,55,0,0,55,0,6048,,,Glavno skladišče Rakovnik 9a,BA,BA,0
BA.BC15.00580,5949097739934,43.89,43.89,22,,,,,,5824,,,,BA,BA,0
BA.BC18.00280,5949097739309,11.56,11.56,22,31,0,0,31,0,214,,,Glavno skladišče Rakovnik 9a,BA,BA,0
BA.BC18.00281,5949097739316,11.56,11.56,22,47,0,0,47,0,740,,,Glavno skladišče Rakovnik 9a,BA,BA,0
BA.BC18.00380,5949097739323,14.78,14.78,22,71,0,2,69,0,960,,,Glavno skladišče Rakovnik 9a,BA,BA,0
BA.BC18.00381,5949097739330,14.78,14.78,22,19,0,0,19,0,1540,,,Glavno skladišče Rakovnik 9a,BA,BA,0
BA.BC18.00680,5949097739347,12.22,12.22,22,27,0,0,27,0,0,,,Glavno skladišče Rakovnik 9a,BA,BA,0
BA.BC18.00681,5949097739354,12.22,12.22,22,22,0,0,22,0,1000,,,Glavno skladišče Rakovnik 9a,BA,BA,0
BA.BC18.00780,5949097739361,15.33,15.33,22,6,0,0,6,0,0,,,Glavno skladišče Rakovnik 9a,BA,BA,0
BA.BC18.00781,5949097739378,15.33,15.33,22,9,0,0,9,0,1110,,,Glavno skladišče Rakovnik 9a,BA,BA,0
BA.BC18.30780,5949097741883,22.22,22.22,22,,,,,,830,,,,BA,BA,0
BA.BC18.30781,5949097741890,22.22,22.22,22,19,1,0,18,0,759,,,Glavno skladišče Rakovnik 9a,BA,BA,0
BA.BG37.00702,5949097739965,19.11,19.11,22,,,,,,,,,,BA,BA,0
BA.BG37.00710,5949097746703,15.29,15.29,22,74,0,0,74,0,1030,,,Glavno skladišče Rakovnik 9a,BA2,BA2,0
BA.BG37.00712,5949097746710,15.29,15.29,22,33,0,0,33,0,1870,,,Glavno skladišče Rakovnik 9a,BA2,BA2,0
BA.BG37.30710,5949097748141,23.71,23.71,22,8,1,0,7,0,1048,,,Glavno skladišče Rakovnik 9a,BA2,BA2,0
BA.BG37.30712,5949097748158,23.71,23.71,22,7,0,0,7,0,535,,,Glavno skladišče Rakovnik 9a,BA2,BA2,0
BA.BG43.02002,5949097705625,96.67,96.67,22,,,,,,0,,,,BA,BA,0
BA.BG43.02102,5949097705632,113.33,113.33,22,,,,,,246,,,,BA,BA,0
BA.BG43.02302,5949097705649,122.22,122.22,22,,,,,,144,,,,BA,BA,0
BA.BG43.03202,5949097718335,60,60,22,,,,,,328,,,,BA,BA,0
BA.BG43.03302,5949097718342,26.4,70,22,3,0,0,3,0,312,,,Glavno skladišče Rakovnik 9a,VD0,VD0,0
BA.BG43.04102,5949097718366,16.8,49.44,22,2,0,0,2,0,234,,,Glavno skladišče Rakovnik 9a,VD0,VD0,0
BA.BG43.04202,5949097718373,23.04,66.89,22,5,0,0,5,0,342,,,Glavno skladišče Rakovnik 9a,VD0,VD0,0
BA.BG43.04302,5949097718380,30.72,90,22,2,0,0,2,0,342,,,Glavno skladišče Rakovnik 9a,VD0,VD0,0
BA.BH04.00100,5949097708954,19.16,19.16,22,15,0,0,15,0,1312,,,Glavno skladišče Rakovnik 9a,BA,BA,0
BA.BH04.00101,5949097708961,19.16,19.16,22,,,,,,2500,,,,BA,BA,0
BA.BH04.00110,5949097708978,8.89,20.94,22,6,0,0,6,0,1179,,,Glavno skladišče Rakovnik 9a,VD0,VD0,0
BA.BH04.00111,5949097708985,20.94,20.94,22,12,0,0,12,0,1177,,,Glavno skladišče Rakovnik 9a,BA,BA,0
BA.BH04.00200,5949097708473,19.71,19.71,22,20,0,0,20,0,780,,,Glavno skladišče Rakovnik 9a,BA,BA,0
BA.BH04.00201,5949097708480,19.71,19.71,22,12,0,0,12,0,1959,,,Glavno skladišče Rakovnik 9a,BA,BA,0
BA.BH04.00210,5949097708497,9.04,21.49,22,6,0,0,6,0,1196,,,Glavno skladišče Rakovnik 9a,VD0,VD0,0
BA.BH04.00211,5949097708503,21.49,21.49,22,25,0,0,25,0,1000,,,Glavno skladišče Rakovnik 9a,BA,BA,0
BA.BH04.00300,5949097708664,15.94,15.94,22,20,0,0,20,0,379,,,Glavno skladišče Rakovnik 9a,BA,BA,0
BA.BH04.00301,5949097708671,15.94,15.94,22,16,0,0,16,0,1639,,,Glavno skladišče Rakovnik 9a,BA,BA,0
BA.BH04.00306,5949097720475,11.31,,22,21,0,0,21,0,,,,Glavno skladišče Rakovnik 9a,VD0,VD0,0
BA.BH04.00310,5949097708688,18.38,18.38,22,7,0,0,7,0,1550,,,Glavno skladišče Rakovnik 9a,BA,BA,0
BA.BH04.00311,5949097708695,18.38,18.38,22,12,0,0,12,0,1502,,,Glavno skladišče Rakovnik 9a,BA,BA,0
BA.BH04.00316,5949097720482,21.38,21.38,22,,,,,,696,,,,BA,BA,0
BA.BH04.00400,5949097708992,9.15,26.49,22,2,0,0,2,0,894,,,Glavno skladišče Rakovnik 9a,VD0,VD0,0
BA.BH04.00401,5949097709005,26.49,26.49,22,17,0,0,17,0,432,,,Glavno skladišče Rakovnik 9a,BA,BA,0
BA.BH04.00406,5949097720499,9.57,,22,,,,,,304,,,,VD0,VD0,0
BA.BH04.00500,5949097723315,8.16,8.16,22,,,,,,3311,,,,BA,BA,0
BA.BH04.00501,5949097723322,8.16,8.16,22,16,0,0,16,0,648,,,Glavno skladišče Rakovnik 9a,BA,BA,0
BA.BH04.00506,5949097723339,9.16,9.16,22,,,,,,864,,,,BA,BA,0
BA.BH04.00560,5949097726552,13.38,13.38,22,,,,,,660,,,,BA,BA,0
BA.BH04.00561,5949097726569,13.38,13.38,22,19,0,0,19,0,1479,,,Glavno skladišče Rakovnik 9a,BA,BA,0
BA.BH04.00800,5949097723810,12.82,12.82,22,11,0,0,11,0,1272,,,Glavno skladišče Rakovnik 9a,BA,BA,0
BA.BH04.00801,5949097723827,12.82,12.82,22,,,,,,371,,,,BA,BA,0
BA.BH04.00810,5949097720536,12.82,12.82,22,4,0,0,4,0,976,,,Glavno skladišče Rakovnik 9a,BA,BA,0
BA.BH04.00811,5949097720543,12.82,12.82,22,4,0,0,4,0,832,,,Glavno skladišče Rakovnik 9a,BA,BA,0
BA.BH04.00820,5949097720550,26.98,26.98,22,7,0,0,7,0,1511,,,Glavno skladišče Rakovnik 9a,BA,BA,0
BA.BH04.00821,5949097720567,26.98,26.98,22,8,0,0,8,0,960,,,Glavno skladišče Rakovnik 9a,BA,BA,0
BA.BH04.00830,5949097720574,40.03,40.03,22,8,0,0,8,0,762,,,Glavno skladišče Rakovnik 9a,BA,BA,0
BA.BH04.00831,5949097720581,40.03,40.03,22,2,0,0,2,0,756,,,Glavno skladišče Rakovnik 9a,BA,BA,0
BA.BH04.00861,5949097748103,96.72,96.72,22,3,0,0,3,0,360,,,Glavno skladišče Rakovnik 9a,BA,BA,0
BA.BH04.00900,5949097728211,13.71,13.71,22,,,,,,311,,,,BA,BA,0
BA.BH04.00901,5949097728228,13.71,13.71,22,,,,,,576,,,,BA,BA,0
BA.BH07.03000,5949097701450,25,25,22,8,0,0,8,0,520,,,Glavno skladišče Rakovnik 9a,BA,BA,0
BA.BH07.03001,5949097701467,12.38,24.44,22,1,0,0,1,0,460,,,Glavno skladišče Rakovnik 9a,VD0,VD0,0
BA.BH07.03100,5949097701474,25,25,22,17,0,0,17,0,116,,,Glavno skladišče Rakovnik 9a,BA,BA,0
BA.BH07.03300,5949097701511,36.67,36.67,22,,,,,,,,,,BA,BA,0
BA.BH07.03301,5949097701528,36.67,36.67,22,3,0,0,3,0,,,,Glavno skladišče Rakovnik 9a,BA,BA,0
BA.BH07.03401,5949097734342,50.56,50.56,22,,,,,,560,,,,BA,BA,0
BA.BH07.03501,5949097736933,74.44,74.44,22,,,,,,700,,,,BA,BA,0
BA.BH07.03601,5949097734335,87.78,87.78,22,,,,,,410,,,,BA,BA,0
BA.BH07.03700,5949097736940,56.67,56.67,22,,,,,,190,,,,BA,BA,0
BA.BH07.03701,5949097736957,56.67,56.67,22,1,0,0,1,0,130,,,Glavno skladišče Rakovnik 9a,BA,BA,0
BA.BH07.04101,5949097727429,60,60,22,,,,,,408,,,,BA,BA,0
BA.BH07.04106,5949097727832,65.56,65.56,22,,,,,,396,,,,BA,BA,0
BA.BH07.04201,5949097734199,28.4,66.67,22,1,0,0,1,0,220,,,Glavno skladišče Rakovnik 9a,VD0,VD0,0
BA.BH07.04206,5949097734205,71.11,71.11,22,,,,,,260,,,,BA,BA,0
BA.BH15.01100,5949097706080,15.12,33.33,22,,,,,,,,,,VD0,VD0,0
BA.BH15.01130,5949097706097,15.12,33.33,22,37,0,0,37,0,290,,,Glavno skladišče Rakovnik 9a,VD0,VD0,0
BA.BH15.02130,5949097706110,11.95,26.11,22,30,0,0,30,0,,,,Glavno skladišče Rakovnik 9a,VD0,VD0,0
BA.BH15.02200,5949097706127,40.56,40.56,22,2,0,0,2,0,500,,,Glavno skladišče Rakovnik 9a,BA,BA,0
BA.BH15.02230,5949097706134,40.56,40.56,22,,,,,,370,,,,BA,BA,0
BA.BH15.03100,5949097706141,11.5,28.33,22,13,0,0,13,0,439,,,Glavno skladišče Rakovnik 9a,VD0,VD0,0
BA.BH15.03110,5949097707919,11.5,28.33,22,19,0,0,19,0,30,,,Glavno skladišče Rakovnik 9a,VD0,VD0,0
BA.BH15.03130,5949097706158,11.2,28.33,22,3,0,0,3,0,1400,,,Glavno skladišče Rakovnik 9a,VD0,VD0,0
BA.BH16.03480,5949097716836,19.2,44.44,22,1,0,0,1,0,0,,,Glavno skladišče Rakovnik 9a,VD0,VD0,0
BA.BH16.03580,5949097720024,76.67,76.67,22,,,,,,,,,,BA,BA,0
BA.BH16.04280,5949097716942,40.56,84.44,22,3,0,0,3,0,,,,Glavno skladišče Rakovnik 9a,VD0,VD0,0
BA.BH16.04380,5949097747748,74,74,22,27,0,0,27,0,190,,,Glavno skladišče Rakovnik 9a,BA,BA,0
BA.BH16.04381,5949097747755,74,74,22,13,0,0,13,0,325,,,Glavno skladišče Rakovnik 9a,BA,BA,0
BA.BH16.04386,5949097747762,79,79,22,6,0,0,6,0,145,,,Glavno skladišče Rakovnik 9a,BA,BA,0
BA.BH16.04480,5949097747779,96,96,22,31,0,0,31,0,150,,,Glavno skladišče Rakovnik 9a,BA,BA,0
BA.BH16.04481,5949097747786,96,96,22,12,0,0,12,0,165,,,Glavno skladišče Rakovnik 9a,BA,BA,0
BA.BH16.05280,5949097717031,34.2,77.78,22,,,,,,255,,,,VD0,VD0,0
BA.BH16.05281,5949097717055,36.08,77.78,22,,,,,,322,,,,VD0,VD0,0
BA.BH16.05380,5949097747793,79,79,22,8,0,0,8,0,99,,,Glavno skladišče Rakovnik 9a,BA,BA,0
BA.BH16.05381,5949097747809,79,79,22,5,0,0,5,0,185,,,Glavno skladišče Rakovnik 9a,BA,BA,0
BA.BH16.05386,5949097747816,85,85,22,7,0,0,7,0,40,,,Glavno skladišče Rakovnik 9a,BA,BA,0
BA.BH16.06180,5949097717093,45.6,113.33,22,4,0,0,4,0,,,,Glavno skladišče Rakovnik 9a,VD0,VD0,0
BA.BH16.06181,5949097717109,47.52,115.56,22,3,0,0,3,0,129,,,Glavno skladišče Rakovnik 9a,VD0,VD0,0
BA.BH16.07180,5949097717185,39.6,101.11,22,2,0,0,2,0,341,,,Glavno skladišče Rakovnik 9a,VD0,VD0,0
BA.BH16.07181,5949097717192,104.44,104.44,22,9,0,0,9,0,313,,,Glavno skladišče Rakovnik 9a,BA,BA,0
BA.BH16.07187,5949097717208,127.78,127.78,22,2,0,0,2,0,36,,,Glavno skladišče Rakovnik 9a,BA,BA,0
BA.BH16.07280,5949097717215,127.78,127.78,22,,,,,,270,,,,BA,BA,0
BA.BH16.07281,5949097717239,131.11,131.11,22,2,0,0,2,0,96,,,Glavno skladišče Rakovnik 9a,BA,BA,0
BA.BH16.07290,5949097717222,60.8,144.44,22,5,0,0,5,0,111,,,Glavno skladišče Rakovnik 9a,VD0,VD0,0
BA.BH16.07291,5949097717246,148.89,148.89,22,,,,,,42,,,,BA,BA,0
BA.BH16.07297,5949097717260,177.78,177.78,22,,,,,,39,,,,BA,BA,0
BA.BH16.08287,5949097717291,59.04,136.67,22,1,0,0,1,0,,,,Glavno skladišče Rakovnik 9a,VD0,VD0,0
BA.BH16.09180,5949097720031,187.78,187.78,22,,,,,,97,,,,BA,BA,0
BA.BH16.09181,5949097720048,79.2,187.78,22,2,0,0,2,0,158,,,Glavno skladišče Rakovnik 9a,VD0,VD0,0
BA.BH16.09186,5949097720055,195.56,195.56,22,,,,,,119,,,,BA,BA,0
BA.BH16.09280,5949097720062,242.22,242.22,22,,,,,,92,,,,BA,BA,0
BA.BH16.09281,5949097720079,242.22,242.22,22,,,,,,98,,,,BA,BA,0
BA.BH16.09286,5949097720086,255.56,255.56,22,,,,,,157,,,,BA,BA,0
BA.BH16.09680,5949097720093,338.89,338.89,22,,,,,,80,,,,BA,BA,0
BA.BH16.09681,5949097720109,338.89,338.89,22,,,,,,89,,,,BA,BA,0
BA.BH16.09686,5949097720116,372.22,372.22,22,,,,,,63,,,,BA,BA,0
BA.BH16.09980,5949097720123,98.89,98.89,22,1,0,0,1,0,318,,,Glavno skladišče Rakovnik 9a,BA,BA,0
BA.BH16.09981,5949097720130,98.89,98.89,22,6,0,0,6,0,294,,,Glavno skladišče Rakovnik 9a,BA,BA,0
BA.BH16.09986,5949097720147,114.44,114.44,22,,,,,,132,,,,BA,BA,0
BA.BH16.21080,5949097723636,25.56,25.56,22,8,0,0,8,0,,,,Glavno skladišče Rakovnik 9a,BA,BA,0
BA.BH16.21180,5949097723643,41.67,41.67,22,1,0,0,1,0,124,,,Glavno skladišče Rakovnik 9a,BA,BA,0
BA.BH16.22280,5949097723674,24.44,24.44,22,,,,,,,,,,BA,BA,0
BA.BH16.23280,5949097723711,26.67,26.67,22,6,0,0,6,0,24,,,Glavno skladišče Rakovnik 9a,BA,BA,0
BA.BH17.00280,5949097726576,174.44,174.44,22,,,,,,118,,,,BA,BA,0
BA.BH17.00281,5949097726583,175.56,175.56,22,,,,,,57,,,,BA,BA,0
BA.BH17.00286,5949097727191,186.67,186.67,22,,,,,,162,,,,BA,BA,0
BA.BH17.00780,5949097726590,70.8,188.89,22,1,0,0,1,0,45,,,Glavno skladišče Rakovnik 9a,VD0,VD0,0
BA.BH17.00781,5949097726606,191.11,191.11,22,,,,,,114,,,,BA,BA,0
BA.BH17.00786,5949097727207,200,200,22,,,,,,95,,,,BA,BA,0
BA.BH17.01280,5949097726613,187.78,187.78,22,,,,,,116,,,,BA,BA,0
BA.BH17.01281,5949097726620,187.78,187.78,22,,,,,,163,,,,BA,BA,0
BA.BH17.01286,5949097727214,203.33,203.33,22,,,,,,55,,,,BA,BA,0
BA.BH17.01380,5949097726637,211.11,211.11,22,,,,,,99,,,,BA,BA,0
BA.BH17.01381,5949097726644,211.11,211.11,22,,,,,,84,,,,BA,BA,0
BA.BH17.01386,5949097726651,227.78,227.78,22,,,,,,98,,,,BA,BA,0
BA.BH17.01780,5949097726668,187.78,187.78,22,,,,,,78,,,,BA,BA,0
BA.BH17.01781,5949097726811,187.78,187.78,22,,,,,,144,,,,BA,BA,0
BA.BH17.01980,5949097726682,203.33,203.33,22,,,,,,98,,,,BA,BA,0
BA.BH17.01981,5949097726699,203.33,203.33,22,,,,,,125,,,,BA,BA,0
BA.BH17.01986,5949097726705,214.44,214.44,22,,,,,,51,,,,BA,BA,0
BA.BH17.02380,5949097726712,186.67,186.67,22,,,,,,71,,,,BA,BA,0
BA.BH17.02381,5949097726729,186.67,186.67,22,,,,,,124,,,,BA,BA,0
BA.BH17.02880,5949097726736,205.56,205.56,22,,,,,,80,,,,BA,BA,0
BA.BH17.02881,5949097726743,205.56,205.56,22,,,,,,59,,,,BA,BA,0
BA.BH17.03480,5949097726750,230,230,22,,,,,,50,,,,BA,BA,0
BA.BH17.03481,5949097726767,230,230,22,,,,,,38,,,,BA,BA,0
BA.BH17.03486,5949097726774,245.56,245.56,22,,,,,,60,,,,BA,BA,0
BA.BH17.03980,5949097726781,218.89,218.89,22,,,,,,97,,,,BA,BA,0
BA.BH17.03981,5949097726798,87.6,218.89,22,2,0,0,2,0,113,,,Glavno skladišče Rakovnik 9a,VD0,VD0,0
BA.BH17.03986,5949097726804,237.78,237.78,22,,,,,,58,,,,BA,BA,0
BA.BH17.04090,5949097734212,136.67,136.67,22,,,,,,126,,,,BA,BA,0
BA.BH17.04091,5949097734229,136.67,136.67,22,,,,,,320,,,,BA,BA,0
BA.BH17.04190,5949097734236,152.22,152.22,22,,,,,,,,,,BA,BA,0
BA.BH17.04191,5949097734243,152.22,152.22,22,,,,,,,,,,BA,BA,0
BA.BH17.04490,5949097734298,112.22,112.22,22,,,,,,170,,,,BA,BA,0
BA.BH17.04491,5949097734304,112.22,112.22,22,,,,,,259,,,,BA,BA,0
BA.BH17.04590,5949097734311,151.11,151.11,22,,,,,,240,,,,BA,BA,0
BA.BH17.04591,5949097734328,151.11,151.11,22,,,,,,224,,,,BA,BA,0
BA.BK01.00516,5949097723834,33.33,33.33,22,,,,,,340,,,,BA,BA,0
BA.BK01.00710,5949097723841,37.78,37.78,22,,,,,,630,,,,BA,BA,0
BA.BK01.01310,5949097722431,31.11,31.11,22,,,,,,,,,,BA,BA,0
BA.BK01.01411,5949097722448,41.11,41.11,22,,,,,,400,,,,BA,BA,0
BA.BK01.02681,5949097725289,50,50,22,,,,,,,,,,BA,BA,0
BA.BK01.02781,5949097725296,38.89,38.89,22,,,,,,,,,,BA,BA,0
BA.BK06.00080,5949097738012,28.33,28.33,22,59,0,0,59,0,2244,,,Glavno skladišče Rakovnik 9a,BA,BA,0
BA.BK06.00081,5949097738029,28.33,28.33,22,18,0,0,18,0,2240,,,Glavno skladišče Rakovnik 9a,BA,BA,0
BA.BK06.00090,5949097738036,43.33,43.33,22,,,,,,730,,,,BA,BA,0
BA.BK06.00091,5949097738043,43.33,43.33,22,,,,,,550,,,,BA,BA,0
BA.BK06.00092,5949097738050,43.89,43.89,22,,,,,,330,,,,BA,BA,0
BA.BN10.00400,5949097701535,8.22,8.22,22,,,,,,600,,,,BA,BA,0
BA.BN11.00700,5949097707636,8.56,8.56,22,,,,,,420,,,,BA,BA,0
BA.BN11.00710,5949097736797,8.56,8.56,22,31,0,0,31,0,651,,,Glavno skladišče Rakovnik 9a,BA,BA,0
BA.BN11.00730,5949097707643,8.56,8.56,22,,,,,,1050,,,,BA,BA,0
BA.BN11.01100,5949097707650,10.22,10.22,22,,,,,,510,,,,BA,BA,0
BA.BN11.01110,5949097736803,10.22,10.22,22,7,0,0,7,0,1320,,,Glavno skladišče Rakovnik 9a,BA,BA,0
BA.BN11.01130,5949097707667,10.22,10.22,22,,,,,,1080,,,,BA,BA,0
BA.BN11.01400,5949097707674,11.44,11.44,22,,,,,,480,,,,BA,BA,0
BA.BN11.01410,5949097736810,11.44,11.44,22,25,0,0,25,0,1110,,,Glavno skladišče Rakovnik 9a,BA,BA,0
BA.BN11.01430,5949097707681,11.44,11.44,22,,,,,,210,,,,BA,BA,0
BA.BN18.00630,5949097718281,9.89,9.89,22,,,,,,180,,,,BA,BA,0
BA.BN18.01280,5949097743917,17,17,22,173,0,4,169,0,4359,,,Glavno skladišče Rakovnik 9a,BA,BA,0
BA.BN20.10610,5949097730818,15.33,15.33,22,2,0,0,2,0,,,,Glavno skladišče Rakovnik 9a,BA,BA,0
BA.BN20.11280,5949097734465,23.33,23.33,22,9,0,0,9,0,3080,,,Glavno skladišče Rakovnik 9a,BA,BA,0
BA.BN20.41280,5949097730856,33.89,33.89,22,20,0,0,20,0,499,,,Glavno skladišče Rakovnik 9a,BA,BA,0
BA.BP07.00280,5949097732867,18.33,18.33,22,4,0,0,4,0,,,,Glavno skladišče Rakovnik 9a,BA,BA,0
BA.BP07.00281,5949097732874,18.33,18.33,22,10,0,0,10,0,,,,Glavno skladišče Rakovnik 9a,BA,BA,0
BA.BP07.00287,5949097746802,22,22,22,44,2,0,42,0,0,,,Glavno skladišče Rakovnik 9a,BA,BA,0
BA.BP07.00380,5949097732881,25.33,25.33,22,1,0,0,1,0,,,,Glavno skladišče Rakovnik 9a,BA,BA,0
BA.BP07.00381,5949097732898,25.33,25.33,22,1,0,0,1,0,,,,Glavno skladišče Rakovnik 9a,BA,BA,0
BA.BP07.00387,5949097746819,30,30,22,9,2,0,7,0,20,,,Glavno skladišče Rakovnik 9a,BA,BA,0
BA.BP07.00480,5949097732904,38.89,38.89,22,25,1,0,24,0,,,,Glavno skladišče Rakovnik 9a,BA,BA,0
BA.BP07.00481,5949097732911,38.89,38.89,22,29,0,0,29,0,,,,Glavno skladišče Rakovnik 9a,BA,BA,0
BA.BP07.00487,5949097746826,44.44,44.44,22,11,2,0,9,0,140,,,Glavno skladišče Rakovnik 9a,BA,BA,0
BA.BP07.00580,5949097732928,60.78,60.78,22,36,0,0,36,0,,,,Glavno skladišče Rakovnik 9a,BA,BA,0
BA.BP07.00581,5949097732935,60.78,60.78,22,31,0,0,31,0,630,,,Glavno skladišče Rakovnik 9a,BA,BA,0
BA.BP07.00587,5949097746833,66.11,66.11,22,6,2,0,4,0,15,,,Glavno skladišče Rakovnik 9a,BA,BA,0
BA.BP07.10280,5949097746840,21.67,21.67,22,45,0,0,45,0,859,,,Glavno skladišče Rakovnik 9a,BA,BA,0
BA.BP07.10281,5949097746857,21.67,21.67,22,57,0,0,57,0,1040,,,Glavno skladišče Rakovnik 9a,BA,BA,0
BA.BP07.10287,5949097746864,24.67,24.67,22,36,0,0,36,0,860,,,Glavno skladišče Rakovnik 9a,BA,BA,0
BA.BP07.10380,5949097746871,28.89,28.89,22,22,0,0,22,0,419,,,Glavno skladišče Rakovnik 9a,BA,BA,0
BA.BP07.10381,5949097746888,28.89,28.89,22,35,0,0,35,0,860,,,Glavno skladišče Rakovnik 9a,BA,BA,0
BA.BP07.10387,5949097746895,34.44,34.44,22,21,0,0,21,0,559,,,Glavno skladišče Rakovnik 9a,BA,BA,0
BA.BP07.10480,5949097746901,44.89,44.89,22,14,0,0,14,0,389,,,Glavno skladišče Rakovnik 9a,BA,BA,0
BA.BP07.10481,5949097746918,44.89,44.89,22,15,0,0,15,0,510,,,Glavno skladišče Rakovnik 9a,BA,BA,0
BA.BP07.10487,5949097746925,50.56,50.56,22,13,0,0,13,0,350,,,Glavno skladišče Rakovnik 9a,BA,BA,0
BA.BP07.20280,5949097749612,18.78,18.78,22,143,0,0,143,0,1137,,,Glavno skladišče Rakovnik 9a,BA,BA,0
BA.BP07.20281,5949097749629,18.78,18.78,22,80,0,0,80,0,1260,,,Glavno skladišče Rakovnik 9a,BA,BA,0
BA.BP07.20380,5949097749636,25.78,25.78,22,86,0,0,86,0,1230,,,Glavno skladišče Rakovnik 9a,BA,BA,0
BA.BP07.20381,5949097749643,25.78,25.78,22,127,0,0,127,0,1401,,,Glavno skladišče Rakovnik 9a,BA,BA,0
BA.BP16.99030,5949097714214,13.1,13.1,22,47,0,0,47,0,1220,,,Glavno skladišče Rakovnik 9a + Glavno skladišče Brnčičeva 13,BA2,BA2,0
BA.BP16.99040,5949097707742,10.2,10.2,22,44,0,0,44,0,1018,,,Glavno skladišče Rakovnik 9a + Glavno skladišče Brnčičeva 13,BA2,BA2,0
BA.BP16.99050,5949097714221,2.57,2.57,22,,,,,,750,,,,BA2,BA2,0
BA.BP16.99060,5949097722226,4.42,4.42,22,,,,,,0,,,,BA2,BA2,0
BA.BT25.00172,5949097721311,23.89,23.89,22,,,,,,,,,,BA,BA,0
BA.BT25.00231,5949097747076,8.89,8.89,22,22,0,0,22,0,519,,,Glavno skladišče Rakovnik 9a,BA,BA,0
BA.BT25.00351,5949097709999,8.76,8.76,22,16,0,0,16,0,10956,,,Glavno skladišče Rakovnik 9a,BA,BA,0
BA.BT60.33011,5949097731006,11.83,11.83,22,6,0,0,6,0,380,,,Glavno skladišče Rakovnik 9a,BA,BA,0
BA.BT60.45031,5949097728853,28.67,28.67,22,,,,,,,,,,BA,BA,0
BA.BT60.51080,5949097739576,9.06,9.06,22,42,0,0,42,0,1494,,,Glavno skladišče Rakovnik 9a,BA,BA,0
BA.BT60.52080,5949097739583,11.67,11.67,22,22,0,0,22,0,1480,,,Glavno skladišče Rakovnik 9a,BA,BA,0
BA.BT60.53080,5949097739590,16.11,16.11,22,22,0,0,22,0,1560,,,Glavno skladišče Rakovnik 9a,BA,BA,0
BA.BT60.55080,5949097739606,23.33,23.33,22,7,0,2,5,0,615,,,Glavno skladišče Rakovnik 9a,BA,BA,0
BA.BT60.59180,5949097739613,39.11,39.11,22,14,0,0,14,0,480,,,Glavno skladišče Rakovnik 9a,BA,BA,0
BA.BT60.63080,5949097739620,28.33,28.33,22,11,0,0,11,0,1260,,,Glavno skladišče Rakovnik 9a,BA,BA,0
BA.BT65.01082,5949097743177,9.67,9.67,22,57,0,0,57,0,1120,,,Glavno skladišče Rakovnik 9a,BA,BA,0
BA.BT65.02082,5949097743184,13,13,22,27,3,0,24,0,480,,,Glavno skladišče Rakovnik 9a,BA,BA,0
BA.BT65.03082,5949097743191,16.44,16.44,22,23,2,0,21,0,1500,,,Glavno skladišče Rakovnik 9a,BA,BA,0
BA.BT65.05082,5949097743207,21.89,21.89,22,,,,,,1540,,,,BA,BA,0
BA.BT65.09182,5949097743214,36.67,36.67,22,19,0,0,19,0,2150,,,Glavno skladišče Rakovnik 9a,BA,BA,0
BA.BT65.09682,5949097743221,81.11,81.11,22,4,0,0,4,0,770,,,Glavno skladišče Rakovnik 9a,BA,BA,0
BA.BT65.09882,5949097743238,133.33,133.33,22,,,,,,931,,,,BA,BA,0
BA.BT65.09982,5949097747441,143.33,143.33,22,,,,,,100,,,,BA,BA,0
BA.BT65.21082,5949097743245,23.89,23.89,22,19,2,0,17,0,0,,,Glavno skladišče Rakovnik 9a,BA,BA,0
BA.BT65.23082,5949097743252,30,30,22,3,0,0,3,0,340,,,Glavno skladišče Rakovnik 9a,BA,BA,0
BA.BT65.25082,5949097743269,35.56,35.56,22,26,2,2,22,0,280,,,Glavno skladišče Rakovnik 9a,BA,BA,0
NW.10017,5903139100175,49,49,22,0,,,0,,73,2,01.10.2026,Glavno skladišče Brnčičeva 13,NW,NW,0
NW.10018,5903139100182,49,49,22,1,,,1,,253,,,Glavno skladišče Brnčičeva 13,NW,NW,0
NW.10035,5903139100359,35,35,22,,,,,,14,,,,NW,NW,0
NW.10037,5903139100373,35,35,22,,,,,,59,67,28.09.2026,,NW,NW,0
NW.10038,5903139100380,35,35,22,,,,,,8,60,14.09.2026,,NW,NW,0
NW.10040,5903139100403,53,53,22,,,,,,3,40,14.09.2026,,NW,NW,0
NW.10042,5903139100427,58,58,22,,,,,,0,117,25.09.2026,,NW,NW,0
NW.10043,5903139100434,57,57,22,,,,,,179,300,28.09.2026,,NW,NW,0
NW.10045,5903139100458,98,98,22,,,,,,157,,,,NW,NW,0
NW.10046,5903139100465,98,98,22,,,,,,207,,,,NW,NW,0
NW.10047,5903139100472,73.6,73.6,22,,,,,,39,100,28.09.2026,,NW,NW,0
NW.10048,5903139100489,81.9,81.9,22,0,,,0,,,,,Glavno skladišče Brnčičeva 13,NW,NW,0
NW.10051,5903139100519,73.6,73.6,22,,,,,,,,,,NW,NW,0
NW.10052,5903139100526,86.2,86.2,22,,,,,,,,,,NW,NW,0
NW.10053,5903139100533,172,172,22,,,,,,90,,,,NW,NW,0
NW.10054,5903139100540,73.6,73.6,22,,,,,,,,,,NW,NW,0
NW.10055,5903139100557,93,93,22,,,,,,115,200,28.09.2026,,NW,NW,0
NW.10056,5903139100564,144.2,144.2,22,1,,,1,,,,,Glavno skladišče Brnčičeva 13,NW,NW,0
NW.10057,5903139100571,73.6,73.6,22,,,,,,,,,,NW,NW,0
NW.10058,5903139100588,93,93,22,,,,,,61,,,,NW,NW,0
NW.10060,5903139100601,144.2,144.2,22,,,,,,51,,,,NW,NW,0
NW.10062,5903139100625,92,92,22,,,,,,142,300,28.09.2026,,NW,NW,0
NW.10064,5903139100649,66.3,66.3,22,,,,,,132,,,,NW,NW,0
NW.10065,5903139100656,86.2,86.2,22,,,,,,30,200,28.09.2026,,NW,NW,0
NW.10067,5903139100670,75,75,22,0,,,0,,338,,,Glavno skladišče Brnčičeva 13,NW,NW,0
NW.10068,5903139100687,75,75,22,,,,,,,,,,NW,NW,0
NW.10070,5903139100700,75,75,22,,,,,,60,,,,NW,NW,0
NW.10071,5903139100717,75,75,22,,,,,,216,,,,NW,NW,0
NW.10105,5903139101059,185,185,22,,,,,,1,,,,NW,NW,0
NW.10142,5903139101424,50.4,50.4,22,0,,,0,,1290,1500,17.11.2026,Glavno skladišče Brnčičeva 13,NW,NW,0
NW.10143,5903139101431,47.3,47.3,22,12,0,0,12,0,386,800,28.09.2026,Glavno skladišče Rakovnik 9a + Glavno skladišče Brnčičeva 13,NW,NW,0
NW.10144,5903139101448,52.5,52.5,22,2,0,0,2,0,582,1000,28.09.2026,Glavno skladišče Rakovnik 9a,NW,NW,0
NW.10145,5903139101455,71.5,71.5,22,0,,,0,,222,200,28.09.2026,Glavno skladišče Brnčičeva 13,NW,NW,0
NW.10146,5903139101462,75,75,22,,,,,,32,200,25.09.2026,,NW,NW,0
NW.10147,5903139101479,56,56,22,0,,,0,,894,800,21.12.2026,Glavno skladišče Brnčičeva 13,NW,NW,0
NW.10148,5903139101486,58,58,22,0,,,0,,1068,1000,28.09.2026,Glavno skladišče Brnčičeva 13,NW,NW,0
NW.10150,5903139101509,68.4,68.4,22,0,,,0,,599,500,25.09.2026,Glavno skladišče Brnčičeva 13,NW,NW,0
NW.10151,5903139101516,79,79,22,,,,,,257,,,,NW,NW,0
NW.10152,5903139101523,86.2,86.2,22,5,0,0,5,0,201,,,Glavno skladišče Rakovnik 9a + Glavno skladišče Brnčičeva 13,NW,NW,0
NW.10153,5903139101530,95,95,22,0,,,0,,0,100,04.11.2026,Glavno skladišče Brnčičeva 13,NW,NW,0
NW.10154,5903139101547,58,58,22,0,,,0,,62,,,Glavno skladišče Brnčičeva 13,NW,NW,0
NW.10155,5903139101554,71.5,71.5,22,,,,,,7,,,,NW,NW,0
NW.10156,5903139101561,51.5,51.5,22,0,,,0,,642,790,28.09.2026,Glavno skladišče Brnčičeva 13,NW,NW,0
NW.10157,5903139101578,103.1,103.1,22,1,,,1,,2641,2000,28.09.2026,Glavno skladišče Brnčičeva 13,NW,NW,0
NW.10158,5903139101585,16.8,16.8,22,2,,,2,,1080,500,17.11.2026,Glavno skladišče Brnčičeva 13,NW,NW,0
NW.10160,5903139101608,16.8,16.8,22,1,0,0,1,0,387,,,Glavno skladišče Rakovnik 9a + Glavno skladišče Brnčičeva 13,NW,NW,0
NW.10161,5903139101615,86.2,86.2,22,5,0,0,5,0,4280,1000,17.11.2026,Glavno skladišče Rakovnik 9a + Glavno skladišče Brnčičeva 13,NW,NW,0
NW.10162,5903139101622,44.1,44.1,22,0,,,0,,922,500,21.12.2026,Glavno skladišče Brnčičeva 13,NW,NW,0
NW.10163,5903139101639,78,78,22,0,,,0,,3055,1500,17.11.2026,Glavno skladišče Brnčičeva 13,NW,NW,0
NW.10164,5903139101646,16.8,16.8,22,0,,,0,,806,500,21.12.2026,Glavno skladišče Brnčičeva 13,NW,NW,0
NW.10165,5903139101653,16.8,16.8,22,,,,,,456,,,,NW,NW,0
NW.10166,5903139101660,14.6,14.6,22,0,,,0,,2119,700,21.12.2026,Glavno skladišče Brnčičeva 13,NW,NW,0
NW.10167,5903139101677,8.4,8.4,22,1,,,1,,2275,2000,15.10.2026,Glavno skladišče Brnčičeva 13,NW,NW,0
NW.10168,5903139101684,10.8,10.8,22,0,,,0,,802,1000,04.11.2026,Glavno skladišče Brnčičeva 13,NW,NW,0
NW.10170,5903139101707,18.8,18.8,22,0,,,0,,440,600,17.11.2026,Glavno skladišče Brnčičeva 13,NW,NW,0
NW.10171,5903139101714,3.6,3.6,22,1,,,1,,1506,2000,25.09.2026,Glavno skladišče Brnčičeva 13,NW,NW,0
NW.10175,5903139101752,125.3,125.3,22,0,,,0,,64,50,16.10.2026,Glavno skladišče Brnčičeva 13,NW,NW,0
NW.10176,5903139101769,172,172,22,0,,,0,,21,,,Glavno skladišče Brnčičeva 13,NW,NW,0
NW.10177,5903139101776,132,132,22,,,,,,9,20,28.09.2026,,NW,NW,0
NW.10178,5903139101783,,,22,,,,,,37,,,,NW,NW,0
NW.10184,5903139101844,125.3,125.3,22,0,,,0,,43,192,28.09.2026,Glavno skladišče Brnčičeva 13,NW,NW,0
NW.10185,5903139101851,172,172,22,,,,,,15,,,,NW,NW,0
NW.10186,5903139101868,132,132,22,,,,,,5,20,06.10.2026,,NW,NW,0
NW.10195,5903139101950,97.2,97.2,22,,,,,,6,,,,NW,NW,0
NW.10196,5903139101967,53.5,53.5,22,0,,,0,,1,,,Glavno skladišče Brnčičeva 13,NW,NW,0
NW.10199,5903139101998,76.5,76.5,22,2,,,2,,,,,Glavno skladišče Brnčičeva 13,NW,NW,0
NW.10200,5903139102001,76.5,76.5,22,0,,,0,,1,,,Glavno skladišče Brnčičeva 13,NW,NW,0
NW.10208,5903139102087,288,288,22,,,,,,12,,,,NW,NW,0
NW.10210,5903139102100,288,288,22,,,,,,42,,,,NW,NW,0
NW.10212,5903139102124,288,288,22,,,,,,13,,,,NW,NW,0
NW.10213,5903139102131,315,315,22,,,,,,11,,,,NW,NW,0
NW.10214,5903139102148,315,315,22,,,,,,68,,,,NW,NW,0
NW.10225,5903139102254,15,15,22,2,,,2,,799,500,03.11.2026,Glavno skladišče Brnčičeva 13,NW,NW,0
NW.10226,5903139102261,15,15,22,1,,,1,,2164,600,03.11.2026,Glavno skladišče Brnčičeva 13,NW,NW,0
NW.10227,5903139102278,12,12,22,,,,,,976,,,,NW,NW,0
NW.10228,5903139102285,12,12,22,0,,,0,,798,,,Glavno skladišče Brnčičeva 13,NW,NW,0
NW.10230,5903139102308,8,8,22,12,,,12,,5346,3000,10.12.2026,Glavno skladišče Brnčičeva 13,NW,NW,0
NW.10231,5903139102315,8,8,22,,,,,,4021,1000,21.12.2026,,NW,NW,0
NW.10235,5903139102353,40,40,22,29,0,0,29,0,1595,200,24.09.2026,Glavno skladišče Rakovnik 9a + Glavno skladišče Brnčičeva 13,NW,NW,0
NW.10236,5903139102360,40,40,22,,,,,,734,300,01.10.2026,,NW,NW,0
NW.10237,5903139102377,48.3,48.3,22,,,,,,18,,,,NW,NW,0
NW.10238,5903139102384,44.1,44.1,22,,,,,,258,,,,NW,NW,0
NW.10239,5903139102391,44.1,44.1,22,0,,,0,,397,,,Glavno skladišče Brnčičeva 13,NW,NW,0
NW.10248,5903139102483,25,25,22,0,,,0,,1,,,Glavno skladišče Brnčičeva 13,NW,NW,0
NW.10250,5903139102506,22.6,22.6,22,,,,,,1,,,,NW,NW,0
NW.10252,5903139102520,28.8,28.8,22,10,,,10,,,,,Glavno skladišče Brnčičeva 13,NW,NW,0
NW.10253,5903139102537,25,25,22,0,,,0,,1,,,Glavno skladišče Brnčičeva 13,NW,NW,0
NW.10254,5903139102544,28.8,28.8,22,,,,,,57,,,,NW,NW,0
NW.10255,5903139102551,32.6,32.6,22,0,,,0,,28,,,Glavno skladišče Brnčičeva 13,NW,NW,0
NW.10256,5903139102568,28,28,22,,,,,,13,22,14.09.2026,,NW,NW,0
NW.10257,5903139102575,32.6,32.6,22,,,,,,74,,,,NW,NW,0
NW.10264,5903139102643,40.3,40.3,22,4,0,0,4,0,,,,Glavno skladišče Rakovnik 9a,NW,NW,0
NW.10267,5903139102674,26,26,22,0,,,0,,244,,,Glavno skladišče Brnčičeva 13,NW,NW,0
NW.10268,5903139102681,29,29,22,0,,,0,,183,,,Glavno skladišče Brnčičeva 13,NW,NW,0
NW.10274,5903139102742,91,91,22,0,,,0,,0,94,28.09.2026,Glavno skladišče Brnčičeva 13,NW,NW,0
NW.10275,5903139102759,91,91,22,0,,,0,,10,,,Glavno skladišče Brnčičeva 13,NW,NW,0
NW.10276,5903139102766,86.2,86.2,22,3,,,3,,43,8,28.09.2026,Glavno skladišče Brnčičeva 13,NW,NW,0
NW.10277,5903139102773,115,115,22,1,,,1,,67,99,28.09.2026,Glavno skladišče Brnčičeva 13,NW,NW,0
NW.10278,5903139102780,155,155,22,,,,,,25,,,,NW,NW,0
NW.10280,5903139102803,80,80,22,,,,,,44,2,28.09.2026,,NW,NW,0
NW.10281,5903139102810,100,100,22,,,,,,15,30,28.09.2026,,NW,NW,0
NW.10282,5903139102827,132,132,22,,,,,,19,,,,NW,NW,0
NW.10283,5903139102834,463,463,22,,,,,,26,,,,NW,NW,0
NW.10284,5903139102841,121.1,121.1,22,,,,,,155,,,,NW,NW,0
NW.10285,5903139102858,86.5,86.5,22,,,,,,289,,,,NW,NW,0
NW.10286,5903139102865,68.5,68.5,22,,,,,,388,,,,NW,NW,0
NW.10287,5903139102872,125.3,125.3,22,,,,,,94,,,,NW,NW,0
NW.10290,5903139102902,121.1,121.1,22,,,,,,65,,,,NW,NW,0
NW.10291,5903139102919,86.5,86.5,22,0,,,0,,264,,,Glavno skladišče Brnčičeva 13,NW,NW,0
NW.10292,5903139102926,68.5,68.5,22,,,,,,508,,,,NW,NW,0
NW.10296,5903139102964,195,195,22,,,,,,11,3,14.09.2026,,NW,NW,0
NW.10299,5903139102995,80,80,22,,,,,,4,7,14.09.2026,,NW,NW,0
NW.10300,5903139103008,103.1,103.1,22,,,,,,38,1,05.10.2026,,NW,NW,0
NW.10301,5903139103015,138,138,22,,,,,,51,5,14.09.2026,,NW,NW,0
NW.10302,5903139103022,45.2,45.2,22,0,,,0,,52,6,28.09.2026,Glavno skladišče Brnčičeva 13,NW,NW,0
NW.10303,5903139103039,252,252,22,0,,,0,,13,20,05.10.2026,Glavno skladišče Brnčičeva 13,NW,NW,0
NW.10304,5903139103046,185,185,22,0,,,0,,12,,,Glavno skladišče Brnčičeva 13,NW,NW,0
NW.10305,5903139103053,58,58,22,0,,,0,,84,,,Glavno skladišče Brnčičeva 13,NW,NW,0
NW.10306,5903139103060,75,75,22,,,,,,25,3,28.09.2026,,NW,NW,0
NW.10307,5903139103077,63.1,63.1,22,,,,,,76,2,28.09.2026,,NW,NW,0
NW.10308,5903139103084,93,93,22,,,,,,32,5,28.09.2026,,NW,NW,0
NW.10310,5903139103107,75,103.8,22,3,,,3,,61,3,14.09.2026,Glavno skladišče Brnčičeva 13,NW,NW,0
NW.10311,5903139103114,137,137,22,0,,,0,,73,,,Glavno skladišče Brnčičeva 13,NW,NW,0
NW.10312,5903139103121,121.1,121.1,22,0,,,0,,254,304,28.09.2026,Glavno skladišče Brnčičeva 13,NW,NW,0
NW.10313,5903139103138,144.2,144.2,22,,,,,,54,,,,NW,NW,0
NW.10314,5903139103145,132,132,22,,,,,,208,67,05.10.2026,,NW,NW,0
NW.10315,5903139103152,73.6,73.6,22,,,,,,122,27,14.09.2026,,NW,NW,0
NW.10316,5903139103169,73.6,73.6,22,,,,,,17,10,28.09.2026,,NW,NW,0
NW.10317,5903139103176,73.6,73.6,22,2,,,2,,25,,,Glavno skladišče Brnčičeva 13,NW,NW,0
NW.10327,5903139103275,53.5,53.5,22,,,,,,17,,,,NW,NW,0
NW.10328,5903139103282,162,162,22,,,,,,0,17,29.09.2026,,NW,NW,0
NW.10330,5903139103305,167,167,22,0,,,0,,57,14,28.09.2026,Glavno skladišče Brnčičeva 13,NW,NW,0
NW.10331,5903139103312,100,100,22,0,,,0,,7,50,01.10.2026,Glavno skladišče Brnčičeva 13,NW,NW,0
NW.10336,5903139103367,72.6,72.6,22,,,,,,10,,,,NW,NW,0
NW.10337,5903139103374,27,27,22,9,0,0,9,0,152,3,22.09.2026,Glavno skladišče Rakovnik 9a + Glavno skladišče Brnčičeva 13,NW,NW,0
NW.10338,5903139103381,27,27,22,8,0,0,8,0,29,50,06.10.2026,Glavno skladišče Rakovnik 9a + Glavno skladišče Brnčičeva 13,NW,NW,0
NW.10340,5903139103404,30,30,22,0,,,0,,75,,,Glavno skladišče Brnčičeva 13,NW,NW,0
NW.10341,5903139103411,30,30,22,0,,,0,,18,7,01.10.2026,Glavno skladišče Brnčičeva 13,NW,NW,0
NW.10342,5903139103428,22.6,22.6,22,0,,,0,,,,,Glavno skladišče Brnčičeva 13,NW,NW,0
NW.10343,5903139103435,22.6,22.6,22,,,,,,1,,,,NW,NW,0
NW.10347,5903139103473,93,93,22,,,,,,24,35,21.09.2026,,NW,NW,0
NW.10348,5903139103480,115,115,22,1,,,1,,3,8,14.09.2026,Glavno skladišče Brnčičeva 13,NW,NW,0
NW.10350,5903139103503,93,93,22,,,,,,37,7,28.09.2026,,NW,NW,0
NW.10351,5903139103510,115,115,22,,,,,,3,20,28.09.2026,,NW,NW,0
NW.10352,5903139103527,86.2,86.2,22,,,,,,64,,,,NW,NW,0
NW.10353,5903139103534,108.4,108.4,22,,,,,,37,,,,NW,NW,0
NW.10354,5903139103541,172,172,22,,,,,,42,20,14.09.2026,,NW,NW,0
NW.10355,5903139103558,199,199,22,0,,,0,,0,,,Glavno skladišče Brnčičeva 13,NW,NW,0
NW.10356,5903139103565,125.3,125.3,22,,,,,,36,2,28.09.2026,,NW,NW,0
NW.10362,5903139103626,210,210,22,0,,,0,,204,1,14.09.2026,Glavno skladišče Brnčičeva 13,NW,NW,0
NW.10363,5903139103633,195,195,22,0,,,0,,243,,,Glavno skladišče Brnčičeva 13,NW,NW,0
NW.10364,5903139103640,218,218,22,0,,,0,,133,,,Glavno skladišče Brnčičeva 13,NW,NW,0
NW.10365,5903139103657,242,242,22,0,,,0,,66,,,Glavno skladišče Brnčičeva 13,NW,NW,0
NW.10366,5903139103664,105.2,105.2,22,,,,,,49,17,14.09.2026,,NW,NW,0
NW.10367,5903139103671,115,115,22,,,,,,41,20,12.10.2026,,NW,NW,0
NW.10368,5903139103688,105.2,105.2,22,0,,,0,,73,6,14.09.2026,Glavno skladišče Brnčičeva 13,NW,NW,0
NW.10370,5903139103701,115,115,22,,,,,,79,100,28.09.2026,,NW,NW,0
NW.10371,5903139103718,121.1,121.1,22,,,,,,47,2,14.09.2026,,NW,NW,0
NW.10372,5903139103725,35,35,22,,,,,,47,,,,NW,NW,0
NW.10373,5903139103732,47,47,22,,,,,,46,200,25.09.2026,,NW,NW,0
NW.10374,5903139103749,58,58,22,,,,,,0,187,25.09.2026,,NW,NW,0
NW.10375,5903139103756,72,72,22,,,,,,0,190,15.10.2026,,NW,NW,0
NW.10376,5903139103763,35,35,22,,,,,,162,,,,NW,NW,0
NW.10377,5903139103770,47,47,22,,,,,,193,,,,NW,NW,0
NW.10378,5903139103787,58,58,22,,,,,,20,200,25.09.2026,,NW,NW,0
NW.10380,5903139103800,72,72,22,,,,,,105,100,15.10.2026,,NW,NW,0
NW.10381,5903139103817,35,35,22,,,,,,502,,,,NW,NW,0
NW.10382,5903139103824,47,47,22,,,,,,150,200,25.09.2026,,NW,NW,0
NW.10383,5903139103831,58,58,22,,,,,,0,181,29.09.2026,,NW,NW,0
NW.10384,5903139103848,72,72,22,,,,,,71,200,25.09.2026,,NW,NW,0
NW.10385,5903139103855,35,35,22,,,,,,349,,,,NW,NW,0
NW.10386,5903139103862,47,47,22,,,,,,330,200,25.09.2026,,NW,NW,0
NW.10387,5903139103879,58,58,22,,,,,,654,300,21.12.2026,,NW,NW,0
NW.10388,5903139103886,72,72,22,,,,,,135,300,21.12.2026,,NW,NW,0
NW.10390,5903139103909,58,58,22,,,,,,256,200,15.10.2026,,NW,NW,0
NW.10391,5903139103916,71.5,71.5,22,,,,,,137,200,25.09.2026,,NW,NW,0
NW.10393,5903139103930,58,58,22,,,,,,215,,,,NW,NW,0
NW.10394,5903139103947,71.5,71.5,22,,,,,,63,100,15.10.2026,,NW,NW,0
NW.10395,5903139103954,86.2,86.2,22,,,,,,36,,,,NW,NW,0
NW.10396,5903139103961,58,58,22,,,,,,427,,,,NW,NW,0
NW.10397,5903139103978,71.5,71.5,22,,,,,,425,,,,NW,NW,0
NW.10398,5903139103985,86.2,86.2,22,,,,,,321,,,,NW,NW,0
NW.10399,5903139103992,58,58,22,,,,,,251,,,,NW,NW,0
NW.10400,5903139104005,71.5,71.5,22,,,,,,0,197,15.10.2026,,NW,NW,0
NW.10401,5903139104012,86.2,86.2,22,,,,,,173,300,25.09.2026,,NW,NW,0
NW.10404,5903139104043,58,58,22,,,,,,0,,,,NW,NW,0
NW.10406,5903139104067,28.4,28.4,22,,,,,,,,,,NW,NW,0
NW.10407,5903139104074,46.2,46.2,22,,,,,,26,,,,NW,NW,0
NW.10410,5903139104104,100,100,22,,,,,,,,,,NW,NW,0
NW.10411,5903139104111,28.4,28.4,22,,,,,,28,,,,NW,NW,0
NW.10413,5903139104135,58,58,22,,,,,,,,,,NW,NW,0
NW.10415,5903139104159,28.4,28.4,22,,,,,,2,,,,NW,NW,0
NW.10416,5903139104166,46.2,46.2,22,,,,,,36,,,,NW,NW,0
NW.10417,5903139104173,58,58,22,,,,,,0,,,,NW,NW,0
NW.10418,5903139104180,100,100,22,,,,,,7,,,,NW,NW,0
NW.10420,5903139104203,28.3,28.3,22,0,,,0,,,,,Glavno skladišče Brnčičeva 13,NW,NW,0
NW.10421,5903139104210,46.2,46.2,22,0,,,0,,,,,Glavno skladišče Brnčičeva 13,NW,NW,0
NW.10423,5903139104234,98,98,22,0,,,0,,9,,,Glavno skladišče Brnčičeva 13,NW,NW,0
NW.10424,5903139104241,28.3,28.3,22,0,,,0,,49,,,Glavno skladišče Brnčičeva 13,NW,NW,0
NW.10427,5903139104272,98,98,22,,,,,,,,,,NW,NW,0
NW.10432,5903139104326,98,98,22,,,,,,65,,,,NW,NW,0
NW.10444,5903139104449,63,63,22,1,,,1,,0,20,28.09.2026,Glavno skladišče Brnčičeva 13,NW,NW,0
NW.10445,5903139104456,73.6,73.6,22,,,,,,0,13,28.09.2026,,NW,NW,0
NW.10446,5903139104463,73.6,73.6,22,,,,,,55,,,,NW,NW,0
NW.10447,5903139104470,58,58,22,,,,,,80,,,,NW,NW,0
NW.10448,5903139104487,65.2,65.2,22,1,,,1,,14,30,28.09.2026,Glavno skladišče Brnčičeva 13,NW,NW,0
NW.10450,5903139104500,65.2,65.2,22,,,,,,8,64,14.09.2026,,NW,NW,0
NW.10451,5903139104517,51.5,51.5,22,,,,,,17,17,14.09.2026,,NW,NW,0
NW.10452,5903139104524,58,58,22,,,,,,40,136,21.09.2026,,NW,NW,0
NW.10453,5903139104531,58,58,22,0,,,0,,187,15,14.09.2026,Glavno skladišče Brnčičeva 13,NW,NW,0
NW.10455,5903139104555,66.3,66.3,22,1,,,1,,80,,,Glavno skladišče Brnčičeva 13,NW,NW,0
NW.10456,5903139104562,67.3,67.3,22,1,,,1,,241,,,Glavno skladišče Brnčičeva 13,NW,NW,0
NW.10457,5903139104579,66.3,66.3,22,1,,,1,,29,,,Glavno skladišče Brnčičeva 13,NW,NW,0
NW.10460,5903139104609,79,79,22,0,,,0,,0,18,06.10.2026,Glavno skladišče Brnčičeva 13,NW,NW,0
NW.10463,5903139104630,180,180,22,,,,,,6,,,,NW,NW,0
NW.10465,5903139104654,79,79,22,,,,,,8,,,,NW,NW,0
NW.10468,5903139104685,180,180,22,,,,,,16,,,,NW,NW,0
NW.10476,5903139104760,28.3,28.3,22,0,,,0,,587,600,22.10.2026,Glavno skladišče Brnčičeva 13,NW,NW,0
NW.10477,5903139104777,28.3,28.3,22,,,,,,269,,,,NW,NW,0
NW.10478,5903139104784,35.7,35.7,22,,,,,,560,,,,NW,NW,0
NW.10480,5903139104807,35.7,35.7,22,,,,,,218,,,,NW,NW,0
NW.10481,5903139104814,40,40,22,1,,,1,,4459,4000,10.11.2026,Glavno skladišče Brnčičeva 13,NW,NW,0
NW.10482,5903139104821,40,40,22,2,,,2,,2649,1500,10.11.2026,Glavno skladišče Brnčičeva 13,NW,NW,0
NW.10483,5903139104838,35,35,22,0,,,0,,5873,3000,10.11.2026,Glavno skladišče Brnčičeva 13,NW,NW,0
NW.10484,5903139104845,35,35,22,1,,,1,,1404,1000,27.10.2026,Glavno skladišče Brnčičeva 13,NW,NW,0
NW.10485,5903139104852,44.1,44.1,22,,,,,,240,,,,NW,NW,0
NW.10486,5903139104869,44.1,44.1,22,,,,,,151,,,,NW,NW,0
NW.10487,5903139104876,39,39,22,,,,,,104,,,,NW,NW,0
NW.10488,5903139104883,39,39,22,,,,,,125,,,,NW,NW,0
NW.10489,5903139104890,37.8,37.8,22,,,,,,0,,,,NW,NW,0
NW.10491,5903139104913,21,21,22,,,,,,198,,,,NW,NW,0
NW.10492,5903139104920,21,21,22,,,,,,84,,,,NW,NW,0
NW.10493,5903139104937,28.3,28.3,22,,,,,,,,,,NW,NW,0
NW.10495,5903139104951,49,49,22,,,,,,179,,,,NW,NW,0
NW.10496,5903139104968,63,63,22,,,,,,371,,,,NW,NW,0
NW.10497,5903139104975,89.9,89.9,22,,,,,,311,,,,NW,NW,0
NW.10498,5903139104982,189,189,22,,,,,,331,,,,NW,NW,0
NW.10499,5903139104999,37.9,37.9,22,,,,,,83,,,,NW,NW,0
NW.10500,5903139105002,55,55,22,,,,,,312,,,,NW,NW,0
NW.10501,5903139105019,81.9,81.9,22,,,,,,98,,,,NW,NW,0
NW.10502,5903139105026,207,207,22,,,,,,87,,,,NW,NW,0
NW.10503,5903139105033,137,137,22,,,,,,305,,,,NW,NW,0
NW.10504,5903139105040,103,103,22,,,,,,2,,,,NW,NW,0
NW.10525,5903139105255,115,115,22,,,,,,0,96,24.11.2026,,NW,NW,0
NW.10526,5903139105262,115,115,22,,,,,,203,,,,NW,NW,0
NW.10527,5903139105279,115,115,22,,,,,,248,,,,NW,NW,0
NW.10532,5903139105323,33.8,33.8,22,,,,,,,,,,NW,NW,0
NW.10534,5903139105347,33.8,33.8,22,,,,,,8,,,,NW,NW,0
NW.10535,5903139105354,12,12,22,,,,,,0,781,29.09.2026,,NW,NW,0
NW.10536,5903139105361,12,12,22,,,,,,812,500,21.12.2026,,NW,NW,0
NW.10537,5903139105378,14.6,14.6,22,,,,,,562,500,17.11.2026,,NW,NW,0
NW.10538,5903139105385,14.6,14.6,22,,,,,,411,,,,NW,NW,0
NW.10540,5903139105408,20,20,22,,,,,,117,,,,NW,NW,0
NW.10541,5903139105415,20,20,22,,,,,,579,,,,NW,NW,0
NW.10542,5903139105422,23,23,22,,,,,,492,,,,NW,NW,0
NW.10543,5903139105439,23,23,22,,,,,,5,,,,NW,NW,0
NW.10544,5903139105446,28.3,28.3,22,,,,,,8,,,,NW,NW,0
NW.10545,5903139105453,28.3,28.3,22,,,,,,,,,,NW,NW,0
NW.10546,5903139105460,14.6,14.6,22,,,,,,450,300,25.09.2026,,NW,NW,0
NW.10547,5903139105477,14.6,14.6,22,,,,,,464,,,,NW,NW,0
NW.10548,5903139105484,14.6,14.6,22,,,,,,179,300,25.09.2026,,NW,NW,0
NW.10550,5903139105507,14.6,14.6,22,,,,,,640,,,,NW,NW,0
NW.10551,5903139105514,16.8,16.8,22,,,,,,876,500,21.12.2026,,NW,NW,0
NW.10552,5903139105521,16.8,16.8,22,,,,,,586,500,25.09.2026,,NW,NW,0
NW.10553,5903139105538,16.8,16.8,22,,,,,,1327,,,,NW,NW,0
NW.10554,5903139105545,16.8,16.8,22,,,,,,512,,,,NW,NW,0
NW.10555,5903139105552,25.2,25.2,22,,,,,,230,300,21.12.2026,,NW,NW,0
NW.10556,5903139105569,25.2,25.2,22,0,,,0,,0,213,28.09.2026,Glavno skladišče Brnčičeva 13,NW,NW,0
NW.10557,5903139105576,25.2,25.2,22,,,,,,349,,,,NW,NW,0
NW.10558,5903139105583,25.2,25.2,22,,,,,,263,,,,NW,NW,0
NW.10562,5903139105620,93,93,22,,,,,,70,45,24.09.2026,,NW,NW,0
NW.10563,5903139105637,93,93,22,1,,,1,,0,57,01.10.2026,Glavno skladišče Brnčičeva 13,NW,NW,0
NW.10564,5903139105644,93,93,22,3,,,3,,110,,,Glavno skladišče Brnčičeva 13,NW,NW,0
NW.10570,5903139105705,153,153,22,,,,,,25,,,,NW,NW,0
NW.10572,5903139105729,132,132,22,,,,,,0,,,,NW,NW,0
NW.10573,5903139105736,153,153,22,,,,,,20,,,,NW,NW,0
NW.10574,5903139105743,86.2,86.2,22,,,,,,9,,,,NW,NW,0
NW.10575,5903139105750,132,132,22,,,,,,8,,,,NW,NW,0
NW.10576,5903139105767,231,231,22,,,,,,33,3,28.09.2026,,NW,NW,0
NW.10577,5903139105774,231,231,22,,,,,,31,,,,NW,NW,0
NW.10578,5903139105781,231,231,22,,,,,,21,3,28.09.2026,,NW,NW,0
NW.10579,5903139105798,99,99,22,,,,,,1,300,24.08.2026,,NW,NW,0
NW.10580,5903139105804,117,117,22,1,,,1,,74,22,14.09.2026,Glavno skladišče Brnčičeva 13,NW,NW,0
NW.10581,5903139105811,169,169,22,,,,,,1,234,01.10.2026,,NW,NW,0
NW.10587,5903139105873,7,7,22,,,,,,2157,,,,NW,NW,0
NW.10588,5903139105880,9,9,22,,,,,,1535,1000,10.12.2026,,NW,NW,0
NW.10589,5903139105897,7,7,22,,,,,,951,1000,13.11.2026,,NW,NW,0
NW.10593,5903139105934,10,10,22,,,,,,1940,,,,NW,NW,0
NW.10594,5903139105941,9,9,22,,,,,,936,,,,NW,NW,0
NW.10595,5903139105958,14,14,22,,,,,,,,,,NW,NW,0
NW.10596,5903139105965,8,8,22,,,,,,1173,,,,NW,NW,0
NW.10597,5903139105972,25.2,25.2,22,2,0,0,2,0,54,,,Glavno skladišče Rakovnik 9a + Glavno skladišče Brnčičeva 13,NW,NW,0
NW.10618,5903139106184,105.2,105.2,22,,,,,,18,,,,NW,NW,0
NW.10620,5903139106207,105.2,105.2,22,,,,,,0,168,05.10.2026,,NW,NW,0
NW.10621,5903139106214,115,115,22,,,,,,12,4,14.09.2026,,NW,NW,0
NW.10622,5903139106221,121.1,121.1,22,,,,,,21,4,28.09.2026,,NW,NW,0
NW.10623,5903139106238,51.6,51.6,22,,,,,,25,15,28.09.2026,,NW,NW,0
NW.10633,5903139106337,463,463,22,,,,,,49,2,14.09.2026,,NW,NW,0
NW.10637,5903139106375,73.6,73.6,22,,,,,,29,2,28.09.2026,,NW,NW,0
NW.10638,5903139106382,73.6,73.6,22,1,,,1,,32,10,28.09.2026,Glavno skladišče Brnčičeva 13,NW,NW,0
NW.10643,5903139106436,68.4,68.4,22,,,,,,739,500,17.11.2026,,NW,NW,0
NW.10644,5903139106443,52.5,52.5,22,,,,,,564,300,04.11.2026,,NW,NW,0
NW.10645,5903139106450,79,79,22,,,,,,358,,,,NW,NW,0
NW.10646,5903139106467,71.5,71.5,22,1,,,1,,436,,,Glavno skladišče Brnčičeva 13,NW,NW,0
NW.10647,5903139106474,86.2,86.2,22,0,,,0,,92,100,25.09.2026,Glavno skladišče Brnčičeva 13,NW,NW,0
NW.10650,5903139106504,58,58,22,0,,,0,,2269,1000,04.11.2026,Glavno skladišče Brnčičeva 13,NW,NW,0
NW.10651,5903139106511,47.3,47.3,22,,,,,,1084,500,17.11.2026,,NW,NW,0
NW.10652,5903139106528,75,75,22,,,,,,136,,,,NW,NW,0
NW.10653,5903139106535,58,58,22,,,,,,105,,,,NW,NW,0
NW.10654,5903139106542,71.5,71.5,22,0,,,0,,14,,,Glavno skladišče Brnčičeva 13,NW,NW,0
NW.10655,5903139106559,56,56,22,,,,,,290,600,28.09.2026,,NW,NW,0
NW.10656,5903139106566,50.4,50.4,22,0,,,0,,834,500,17.11.2026,Glavno skladišče Brnčičeva 13,NW,NW,0
NW.10665,5903139106658,58,58,22,0,,,0,,682,,,Glavno skladišče Brnčičeva 13,NW,NW,0
NW.10666,5903139106665,69.9,69.9,22,,,,,,,,,,NW,NW,0
NW.10667,5903139106672,87,87,22,,,,,,0,219,10.11.2026,,NW,NW,0
NW.10668,5903139106689,49,49,22,,,,,,482,500,21.12.2026,,NW,NW,0
NW.10670,5903139106702,58,58,22,,,,,,322,500,10.11.2026,,NW,NW,0
NW.10671,5903139106719,72,72,22,0,,,0,,417,,,Glavno skladišče Brnčičeva 13,NW,NW,0
NW.10672,5903139106726,49,49,22,0,,,0,,0,,,Glavno skladišče Brnčičeva 13,NW,NW,0
NW.10673,5903139106733,58,58,22,,,,,,512,,,,NW,NW,0
NW.10676,5903139106764,49,49,22,0,,,0,,14,,,Glavno skladišče Brnčičeva 13,NW,NW,0
NW.10677,5903139106771,58,58,22,,,,,,291,,,,NW,NW,0
NW.10678,5903139106788,72,72,22,1,,,1,,369,,,Glavno skladišče Brnčičeva 13,NW,NW,0
NW.10681,5903139106818,74,74,22,,,,,,106,,,,NW,NW,0
NW.10683,5903139106832,49,49,22,,,,,,,,,,NW,NW,0
NW.10684,5903139106849,58,58,22,0,,,0,,418,,,Glavno skladišče Brnčičeva 13,NW,NW,0
NW.10686,5903139106863,37.9,37.9,22,,,,,,252,,,,NW,NW,0
NW.10687,5903139106870,35.9,35.9,22,,,,,,413,,,,NW,NW,0
NW.10688,5903139106887,48.9,48.9,22,,,,,,378,,,,NW,NW,0
NW.10695,5903139106955,98,98,22,0,,,0,,10,10,12.10.2026,Glavno skladišče Brnčičeva 13,NW,NW,0
NW.10700,5903139107006,195,195,22,,,,,,6,,,,NW,NW,0
NW.10701,5903139107013,113,113,22,,,,,,4,,,,NW,NW,0
NW.10702,5903139107020,78,78,22,,,,,,0,4,12.10.2026,,NW,NW,0
NW.10703,5903139107037,157,157,22,0,,,0,,0,5,14.09.2026,Glavno skladišče Brnčičeva 13,NW,NW,0
NW.10704,5903139107044,220,220,22,,,,,,3,,,,NW,NW,0
NW.10705,5903139107051,326,326,22,0,,,0,,1,10,21.10.2026,Glavno skladišče Brnčičeva 13,NW,NW,0
NW.10711,5903139107112,15,15,22,,,,,,346,,,,NW,NW,0
NW.10712,5903139107129,16,16,22,,,,,,85,,,,NW,NW,0
NW.10713,5903139107136,40,40,22,,,,,,15,200,28.09.2026,,NW,NW,0
NW.10714,5903139107143,40,40,22,,,,,,0,1776,29.09.2026,,NW,NW,0
NW.10715,5903139107150,40,40,22,,,,,,1316,,,,NW,NW,0
NW.10716,5903139107167,41.9,41.9,22,1,,,1,,,,,Glavno skladišče Brnčičeva 13,NW,NW,0
NW.10717,5903139107174,47,47,22,,,,,,151,,,,NW,NW,0
NW.10718,5903139107181,40,40,22,,,,,,281,200,28.09.2026,,NW,NW,0
NW.10719,5903139107198,40,40,22,0,,,0,,78,200,29.09.2026,Glavno skladišče Brnčičeva 13,NW,NW,0
NW.10720,5903139107204,55,55,22,,,,,,91,,,,NW,NW,0
NW.10723,5903139107235,27,27,22,0,,,0,,148,216,27.10.2026,Glavno skladišče Brnčičeva 13,NW,NW,0
NW.10724,5903139107242,28,37.7,22,0,,,0,,427,,,Glavno skladišče Brnčičeva 13,NW,NW,0
NW.10725,5903139107259,26,26,22,,,,,,95,312,28.09.2026,,NW,NW,0
NW.10726,5903139107266,40,40,22,0,,,0,,1157,,,Glavno skladišče Brnčičeva 13,NW,NW,0
NW.10727,5903139107273,42,42,22,,,,,,564,612,28.09.2026,,NW,NW,0
NW.10728,5903139107280,39,39,22,,,,,,377,612,28.09.2026,,NW,NW,0
NW.10729,5903139107297,172,172,22,,,,,,39,,,,NW,NW,0
NW.10730,5903139107303,183,183,22,,,,,,35,,,,NW,NW,0
NW.10734,5903139107341,24.2,24.2,22,,,,,,24,197,24.09.2026,,NW,NW,0
NW.10735,5903139107358,24.2,24.2,22,,,,,,9,30,24.09.2026,,NW,NW,0
NW.10737,5903139107372,66.2,66.2,22,,,,,,15,60,06.10.2026,,NW,NW,0
NW.10739,5903139107396,108.4,108.4,22,,,,,,24,100,28.09.2026,,NW,NW,0
NW.10741,5903139107419,155,155,22,,,,,,0,35,28.09.2026,,NW,NW,0
NW.10743,5903139107433,195,195,22,,,,,,0,66,01.10.2026,,NW,NW,0
NW.10746,5903139107464,56,56,22,0,,,0,,36,,,Glavno skladišče Brnčičeva 13,NW,NW,0
NW.10747,5903139107471,56,56,22,,,,,,0,92,28.09.2026,,NW,NW,0
NW.10748,5903139107488,63.1,63.1,22,2,,,2,,16,,,Glavno skladišče Brnčičeva 13,NW,NW,0
NW.10752,5903139107525,73.6,73.6,22,0,,,0,,11,50,16.10.2026,Glavno skladišče Brnčičeva 13,NW,NW,0
NW.10753,5903139107532,73.6,73.6,22,,,,,,104,100,01.10.2026,,NW,NW,0
NW.10754,5903139107549,95,99,22,1,,,1,,15,,,Glavno skladišče Brnčičeva 13,NW,NW,0
NW.10758,5903139107587,99,99,22,,,,,,64,,,,NW,NW,0
NW.10759,5903139107594,99,99,22,,,,,,62,9,01.10.2026,,NW,NW,0
NW.10760,5903139107600,144.2,144.2,22,,,,,,10,,,,NW,NW,0
NW.10764,5903139107648,30.5,30.5,22,,,,,,26,60,28.09.2026,,NW,NW,0
NW.10765,5903139107655,30.5,30.5,22,1,,,1,,776,200,01.10.2026,Glavno skladišče Brnčičeva 13,NW,NW,0
NW.10766,5903139107662,42,42,22,,,,,,45,,,,NW,NW,0
NW.10770,5903139107709,54.6,54.6,22,1,,,1,,41,1,28.09.2026,Glavno skladišče Brnčičeva 13,NW,NW,0
NW.10771,5903139107716,54.6,54.6,22,0,,,0,,230,100,16.10.2026,Glavno skladišče Brnčičeva 13,NW,NW,0
NW.10772,5903139107723,73.6,73.6,22,,,,,,3,20,24.09.2026,,NW,NW,0
NW.10776,5903139107761,20,20,22,,,,,,1483,118,28.09.2026,,NW,NW,0
NW.10777,5903139107778,23,23,22,,,,,,124,,,,NW,NW,0
NW.10778,5903139107785,20,27.8,22,12,,,12,,891,14,01.10.2026,Glavno skladišče Brnčičeva 13,NW,NW,0
NW.10779,5903139107792,23,23,22,,,,,,14,120,06.10.2026,,NW,NW,0
NW.10780,5903139107808,27.3,27.3,22,,,,,,30,,,,NW,NW,0
NW.10781,5903139107815,20,20,22,,,,,,41,120,16.10.2026,,NW,NW,0
NW.10782,5903139107822,20,20,22,,,,,,10,30,07.10.2026,,NW,NW,0
NW.10783,5903139107839,20,20,22,,,,,,144,240,16.10.2026,,NW,NW,0
NW.10784,5903139107846,23,23,22,,,,,,143,,,,NW,NW,0
NW.10785,5903139107853,20,20,22,,,,,,0,52,07.10.2026,,NW,NW,0
NW.10786,5903139107860,20,20,22,,,,,,20,60,01.10.2026,,NW,NW,0
NW.10788,5903139107884,17.8,17.8,22,,,,,,97,800,21.09.2026,,NW,NW,0
NW.10789,5903139107891,17.8,17.8,22,,,,,,880,,,,NW,NW,0
NW.10790,5903139107907,21,21,22,,,,,,169,200,14.09.2026,,NW,NW,0
NW.10791,5903139107914,21,21,22,,,,,,65,,,,NW,NW,0
NW.10792,5903139107921,21,21,22,,,,,,0,98,21.09.2026,,NW,NW,0
NW.10793,5903139107938,50.4,50.4,22,,,,,,1,67,14.09.2026,,NW,NW,0
NW.10794,5903139107945,50.4,50.4,22,,,,,,104,,,,NW,NW,0
NW.10795,5903139107952,31.5,31.5,22,,,,,,438,411,21.09.2026,,NW,NW,0
NW.10796,5903139107969,31.5,31.5,22,,,,,,252,7,21.09.2026,,NW,NW,0
NW.10797,5903139107976,31.5,31.5,22,4,,,4,,196,,,Glavno skladišče Brnčičeva 13,NW,NW,0
NW.10798,5903139107983,31.5,31.5,22,,,,,,89,150,05.10.2026,,NW,NW,0
NW.10799,5903139107990,31.5,45.4,22,2,,,2,,1053,22,05.10.2026,Glavno skladišče Brnčičeva 13,NW,NW,0
NW.10800,5903139108003,31.5,31.5,22,,,,,,21,15,14.09.2026,,NW,NW,0
NW.10801,5903139108010,31.5,31.5,22,,,,,,185,56,14.09.2026,,NW,NW,0
NW.10802,5903139108027,28.3,28.3,22,,,,,,51,,,,NW,NW,0
NW.10803,5903139108034,31.5,31.5,22,,,,,,33,,,,NW,NW,0
NW.10804,5903139108041,31.5,31.5,22,,,,,,37,,,,NW,NW,0
NW.10805,5903139108058,37.8,37.8,22,,,,,,15,,,,NW,NW,0
NW.10806,5903139108065,37.8,37.8,22,,,,,,2,20,14.09.2026,,NW,NW,0
NW.10807,5903139108072,37.8,37.8,22,,,,,,25,,,,NW,NW,0
NW.10808,5903139108089,108.4,108.4,22,,,,,,19,,,,NW,NW,0
NW.10810,5903139108102,229,229,22,0,,,0,,26,5,28.09.2026,Glavno skladišče Brnčičeva 13,NW,NW,0
NW.10811,5903139108119,218,218,22,0,,,0,,33,,,Glavno skladišče Brnčičeva 13,NW,NW,0
NW.10812,5903139108126,210,210,22,,,,,,44,15,14.09.2026,,NW,NW,0
NW.10813,5903139108133,199,199,22,,,,,,13,1,28.09.2026,,NW,NW,0
NW.10814,5903139108140,332,332,22,,,,,,38,,,,NW,NW,0
NW.10815,5903139108157,199,199,22,0,,,0,,41,4,28.09.2026,Glavno skladišče Brnčičeva 13,NW,NW,0
NW.10816,5903139108164,345,345,22,1,,,1,,9,4,28.09.2026,Glavno skladišče Brnčičeva 13,NW,NW,0
NW.10817,5903139108171,452,452,22,0,,,0,,64,60,05.10.2026,Glavno skladišče Brnčičeva 13,NW,NW,0
NW.10820,5903139108201,40,40,22,,,,,,36,,,,NW,NW,0
NW.10821,5903139108218,40,40,22,0,,,0,,121,,,Glavno skladišče Brnčičeva 13,NW,NW,0
NW.10822,5903139108225,48.3,48.3,22,,,,,,24,,,,NW,NW,0
NW.10823,5903139108232,48.3,66.6,22,1,,,1,,45,,,Glavno skladišče Brnčičeva 13,NW,NW,0
NW.10824,5903139108249,63.1,63.1,22,,,,,,30,,,,NW,NW,0
NW.10825,5903139108256,63.1,63.1,22,1,,,1,,9,50,06.10.2026,Glavno skladišče Brnčičeva 13,NW,NW,0
NW.10840,5903139108409,28.3,28.3,22,,,,,,391,400,01.10.2026,,NW,NW,0
NW.10841,5903139108416,28.3,28.3,22,,,,,,184,,,,NW,NW,0
NW.10842,5903139108423,34.6,34.6,22,0,,,0,,0,545,01.10.2026,Glavno skladišče Brnčičeva 13,NW,NW,0
NW.10843,5903139108430,34.6,34.6,22,,,,,,35,200,19.10.2026,,NW,NW,0
NW.10844,5903139108447,40,40,22,,,,,,0,4,24.09.2026,,NW,NW,0
NW.10845,5903139108454,40,40,22,,,,,,24,,,,NW,NW,0
NW.10847,5903139108478,195,195,22,,,,,,155,3,14.09.2026,,NW,NW,0
NW.10848,5903139108485,218,218,22,0,,,0,,115,1,28.09.2026,Glavno skladišče Brnčičeva 13,NW,NW,0
NW.10850,5903139108508,242,242,22,,,,,,42,,,,NW,NW,0
NW.10851,5903139108515,144.2,144.2,22,,,,,,15,,,,NW,NW,0
NW.10852,5903139108522,137,188.7,22,1,,,1,,15,,,Glavno skladišče Brnčičeva 13,NW,NW,0
NW.10853,5903139108539,121.1,121.1,22,,,,,,214,83,21.09.2026,,NW,NW,0
NW.10854,5903139108546,132,132,22,0,,,0,,48,1,28.09.2026,Glavno skladišče Brnčičeva 13,NW,NW,0
NW.10855,5903139108553,105.2,105.2,22,,,,,,37,,,,NW,NW,0
NW.10856,5903139108560,115,115,22,,,,,,13,,,,NW,NW,0
NW.10857,5903139108577,210,210,22,,,,,,52,60,28.09.2026,,NW,NW,0
NW.10858,5903139108584,108.4,108.4,22,,,,,,15,2,14.09.2026,,NW,NW,0
NW.10860,5903139108607,229,229,22,,,,,,39,,,,NW,NW,0
NW.10861,5903139108614,218,218,22,,,,,,63,1,28.09.2026,,NW,NW,0
NW.10862,5903139108621,210,210,22,,,,,,56,2,14.09.2026,,NW,NW,0
NW.10863,5903139108638,199,199,22,,,,,,17,,,,NW,NW,0
NW.10864,5903139108645,332,332,22,,,,,,42,25,05.10.2026,,NW,NW,0
NW.10865,5903139108652,199,199,22,,,,,,12,30,28.09.2026,,NW,NW,0
NW.10866,5903139108669,345,345,22,,,,,,18,,,,NW,NW,0
NW.10867,5903139108676,452,452,22,0,,,0,,95,40,05.10.2026,Glavno skladišče Brnčičeva 13,NW,NW,0
NW.10870,5903139108706,95,95,22,0,,,0,,8,,,Glavno skladišče Brnčičeva 13,NW,NW,0
NW.10871,5903139108713,95,95,22,,,,,,8,,,,NW,NW,0
NW.10872,5903139108720,121.1,121.1,22,,,,,,19,3,28.09.2026,,NW,NW,0
NW.10873,5903139108737,121.1,121.1,22,,,,,,11,,,,NW,NW,0
NW.10874,5903139108744,57,57,22,,,,,,9,,,,NW,NW,0
NW.10875,5903139108751,57,57,22,0,,,0,,14,,,Glavno skladišče Brnčičeva 13,NW,NW,0
NW.10876,5903139108768,43,43,22,,,,,,14,,,,NW,NW,0
NW.10877,5903139108775,38,38,22,,,,,,7,,,,NW,NW,0
NW.10878,5903139108782,86.2,86.2,22,,,,,,24,,,,NW,NW,0
NW.10879,5903139108799,86.2,86.2,22,,,,,,23,,,,NW,NW,0
NW.10880,5903139108805,68.4,68.4,22,,,,,,44,,,,NW,NW,0
NW.10881,5903139108812,68.4,68.4,22,,,,,,72,,,,NW,NW,0
NW.10882,5903139108829,35.7,35.7,22,,,,,,0,17,13.10.2026,,NW,NW,0
NW.10883,5903139108836,24.2,24.2,22,1,,,1,,24,1,28.09.2026,Glavno skladišče Brnčičeva 13,NW,NW,0
NW.10884,5903139108843,24.2,24.2,22,,,,,,357,,,,NW,NW,0
NW.10885,5903139108850,100,100,22,,,,,,2,20,21.10.2026,,NW,NW,0
NW.10886,5903139108867,40,40,22,1,,,1,,13,,,Glavno skladišče Brnčičeva 13,NW,NW,0
NW.10887,5903139108874,40,40,22,,,,,,18,,,,NW,NW,0
NW.10888,5903139108881,56,56,22,,,,,,13,,,,NW,NW,0
NW.10889,5903139108898,56,56,22,,,,,,7,,,,NW,NW,0
NW.10890,5903139108904,73.6,73.6,22,,,,,,0,33,24.09.2026,,NW,NW,0
NW.10891,5903139108911,73.6,73.6,22,,,,,,21,,,,NW,NW,0
NW.10892,5903139108928,99,99,22,,,,,,22,,,,NW,NW,0
NW.10893,5903139108935,99,99,22,,,,,,22,,,,NW,NW,0
NW.10894,5903139108942,123.2,123.2,22,,,,,,22,,,,NW,NW,0
NW.10895,5903139108959,48.3,48.3,22,,,,,,14,,,,NW,NW,0
NW.10896,5903139108966,48.3,48.3,22,1,,,1,,28,,,Glavno skladišče Brnčičeva 13,NW,NW,0
NW.10897,5903139108973,144.2,144.2,22,,,,,,7,,,,NW,NW,0
NW.10898,5903139108980,63.1,63.1,22,,,,,,29,,,,NW,NW,0
NW.10899,5903139108997,63.1,63.1,22,,,,,,45,,,,NW,NW,0
NW.10900,5903139109000,30.5,30.5,22,,,,,,19,,,,NW,NW,0
NW.10901,5903139109017,30.5,30.5,22,,,,,,112,,,,NW,NW,0
NW.10902,5903139109024,54.6,54.6,22,,,,,,0,16,07.10.2026,,NW,NW,0
NW.10903,5903139109031,54.6,54.6,22,,,,,,0,36,28.09.2026,,NW,NW,0
NW.10905,5903139109055,159,159,22,0,,,0,,9,20,06.10.2026,Glavno skladišče Brnčičeva 13,NW,NW,0
NW.10906,5903139109062,229,229,22,,,,,,19,,,,NW,NW,0
NW.10907,5903139109079,58,58,22,0,,,0,,40,,,Glavno skladišče Brnčičeva 13,NW,NW,0
NW.10910,5903139109109,58,58,22,1,,,1,,24,,,Glavno skladišče Brnčičeva 13,NW,NW,0
NW.10912,5903139109123,,,22,1,,,1,,,,,Glavno skladišče Brnčičeva 13,NW,NW,0
NW.10913,5903139109130,67.3,67.3,22,,,,,,55,,,,NW,NW,0
NW.10915,5903139109154,67.3,67.3,22,,,,,,22,1,28.09.2026,,NW,NW,0
NW.10921,5903139109215,67.9,103.6,22,2,,,2,,,,,Glavno skladišče Brnčičeva 13,NW,NW,0
NW.10925,5903139109253,36,36,22,,,,,,0,9,06.10.2026,,NW,NW,0
NW.10926,5903139109260,41,41,22,,,,,,35,20,28.09.2026,,NW,NW,0
NW.10927,5903139109277,59.3,59.3,22,,,,,,,,,,NW,NW,0
NW.10928,5903139109284,189,189,22,0,,,0,,35,,,Glavno skladišče Brnčičeva 13,NW,NW,0
NW.10930,5903139109307,189,189,22,,,,,,9,20,28.09.2026,,NW,NW,0
NW.10933,5903139109338,10,10,22,10,,,10,,1389,,,Glavno skladišče Brnčičeva 13,NW,NW,0
NW.10934,5903139109345,374,374,22,0,,,0,,9,30,05.10.2026,Glavno skladišče Brnčičeva 13,NW,NW,0
NW.10971,5903139109710,74,74,22,0,,,0,,112,800,10.11.2026,Glavno skladišče Brnčičeva 13,NW,NW,0
NW.10972,5903139109727,74,74,22,0,,,0,,870,,,Glavno skladišče Brnčičeva 13,NW,NW,0
NW.10973,5903139109734,109,109,22,,,,,,597,,,,NW,NW,0
NW.10974,5903139109741,109,109,22,0,,,0,,578,300,06.10.2026,Glavno skladišče Brnčičeva 13,NW,NW,0
NW.10975,5903139109758,172,172,22,,,,,,125,100,21.12.2026,,NW,NW,0
NW.10977,5903139109772,74,74,22,0,,,0,,831,850,06.10.2026,Glavno skladišče Brnčičeva 13,NW,NW,0
NW.10978,5903139109789,74,74,22,0,,,0,,826,400,21.12.2026,Glavno skladišče Brnčičeva 13,NW,NW,0
NW.10979,5903139109796,109,109,22,0,,,0,,602,600,21.12.2026,Glavno skladišče Brnčičeva 13,NW,NW,0
NW.10980,5903139109802,109,109,22,0,,,0,,1099,,,Glavno skladišče Brnčičeva 13,NW,NW,0
NW.10982,5903139109826,172,172,22,,,,,,241,,,,NW,NW,0
NW.10983,5903139109833,69,69,22,,,,,,77,100,21.12.2026,,NW,NW,0
NW.10984,5903139109840,69,69,22,,,,,,395,,,,NW,NW,0
NW.10985,5903139109857,109,151.2,22,1,,,1,,305,,,Glavno skladišče Brnčičeva 13,NW,NW,0
NW.10986,5903139109864,109,109,22,,,,,,367,200,06.10.2026,,NW,NW,0
NW.10987,5903139109871,172,172,22,,,,,,37,,,,NW,NW,0
NW.10988,5903139109888,172,172,22,,,,,,138,100,06.10.2026,,NW,NW,0
NW.10989,5903139109895,69,69,22,,,,,,24,100,10.11.2026,,NW,NW,0
NW.10990,5903139109901,69,69,22,0,,,0,,382,,,Glavno skladišče Brnčičeva 13,NW,NW,0
NW.10991,5903139109918,109,109,22,,,,,,130,100,24.11.2026,,NW,NW,0
NW.10992,5903139109925,109,109,22,0,,,0,,125,100,06.10.2026,Glavno skladišče Brnčičeva 13,NW,NW,0
NW.10994,5903139109949,172,172,22,,,,,,72,,,,NW,NW,0
NW.11150,5903139111256,108.4,108.4,22,0,,,0,,17,,,Glavno skladišče Brnčičeva 13,NW,NW,0
NW.11151,5903139111515,161.1,161.1,22,,,,,,30,,,,NW,NW,0
NW.11152,5903139111522,258,258,22,0,,,0,,21,2,14.09.2026,Glavno skladišče Brnčičeva 13,NW,NW,0
NW.11153,5903139111539,115,115,22,1,,,1,,21,,,Glavno skladišče Brnčičeva 13,NW,NW,0
NW.11154,5903139111546,218,218,22,,,,,,24,,,,NW,NW,0
NW.11155,5903139111553,326,326,22,0,,,0,,23,,,Glavno skladišče Brnčičeva 13,NW,NW,0
NW.11156,5903139111560,155,155,22,,,,,,2,,,,NW,NW,0
NW.11157,5903139111577,172,172,22,1,,,1,,9,,,Glavno skladišče Brnčičeva 13,NW,NW,0
NW.11158,5903139111584,108.4,140.7,22,1,,,1,,0,,,Glavno skladišče Brnčičeva 13,NW,NW,0
NW.11160,5903139111607,144.2,144.2,22,0,,,0,,13,,,Glavno skladišče Brnčičeva 13,NW,NW,0
NW.11161,5903139111614,157,157,22,1,,,1,,13,,,Glavno skladišče Brnčičeva 13,NW,NW,0
NW.11162,5903139111621,172,172,22,,,,,,7,,,,NW,NW,0
NW.11163,5903139111638,258,258,22,1,,,1,,3,10,14.09.2026,Glavno skladišče Brnčičeva 13,NW,NW,0
NW.11164,5903139111645,288,288,22,,,,,,12,,,,NW,NW,0
NW.11165,5903139111652,343,343,22,1,,,1,,6,10,28.09.2026,Glavno skladišče Brnčičeva 13,NW,NW,0
NW.11166,5903139111669,258,258,22,1,,,1,,20,,,Glavno skladišče Brnčičeva 13,NW,NW,0
NW.11167,5903139111676,288,288,22,0,,,0,,19,,,Glavno skladišče Brnčičeva 13,NW,NW,0
NW.11168,5903139111683,343,343,22,,,,,,12,,,,NW,NW,0
NW.11170,5903139111706,132,132,22,,,,,,46,,,,NW,NW,0
NW.11171,5903139111713,157,157,22,,,,,,26,1,28.09.2026,,NW,NW,0
NW.11172,5903139111720,258,258,22,,,,,,5,2,14.09.2026,,NW,NW,0
NW.11173,5903139111737,140,140,22,9,,,9,,40,,,Glavno skladišče Brnčičeva 13,NW,NW,0
NW.11174,5903139111744,123.2,123.2,22,,,,,,19,14,28.09.2026,,NW,NW,0
NW.11175,5903139111751,121.1,121.1,22,,,,,,16,,,,NW,NW,0
NW.11176,5903139111768,100,100,22,,,,,,29,,,,NW,NW,0
NW.11177,5903139111775,137,137,22,,,,,,10,,,,NW,NW,0
NW.11178,5903139111782,458,458,22,,,,,,5,6,14.09.2026,,NW,NW,0
NW.11180,5903139111805,115,115,22,6,,,6,,13,,,Glavno skladišče Brnčičeva 13,NW,NW,0
NW.11184,5903139111843,18,18,22,6,0,0,6,0,38,50,06.10.2026,Glavno skladišče Rakovnik 9a + Glavno skladišče Brnčičeva 13,NW,NW,0
NW.11185,5903139111850,18,18,22,,,,,,72,,,,NW,NW,0
NW.11186,5903139111867,29.3,29.3,22,,,,,,29,,,,NW,NW,0
NW.11187,5903139111874,29.3,29.3,22,,,,,,49,,,,NW,NW,0
NW.11188,5903139111881,29.3,29.3,22,0,,,0,,77,,,Glavno skladišče Brnčičeva 13,NW,NW,0
NW.11200,5903139112000,68.4,68.4,22,,,,,,467,300,06.10.2026,,NW,NW,0
NW.11201,5903139112017,108.4,108.4,22,0,,,0,,486,600,06.10.2026,Glavno skladišče Brnčičeva 13,NW,NW,0
NW.11202,5903139112024,144.2,144.2,22,,,,,,306,100,21.12.2026,,NW,NW,0
NW.11203,5903139112031,68.4,68.4,22,,,,,,134,200,10.11.2026,,NW,NW,0
NW.11204,5903139112048,108.4,108.4,22,,,,,,175,100,06.10.2026,,NW,NW,0
NW.11205,5903139112055,144.2,144.2,22,,,,,,123,100,06.10.2026,,NW,NW,0
NW.11206,5903139112062,68.4,68.4,22,0,,,0,,0,,,Glavno skladišče Brnčičeva 13,NW,NW,0
NW.11207,5903139112079,108.4,108.4,22,0,,,0,,445,100,21.12.2026,Glavno skladišče Brnčičeva 13,NW,NW,0
NW.11208,5903139112086,144.2,144.2,22,0,,,0,,385,,,Glavno skladišče Brnčičeva 13,NW,NW,0
NW.11210,5903139112109,68.4,68.4,22,0,,,0,,407,,,Glavno skladišče Brnčičeva 13,NW,NW,0
NW.11211,5903139112116,108.4,108.4,22,,,,,,122,100,10.11.2026,,NW,NW,0
NW.11212,5903139112123,144.2,144.2,22,,,,,,162,,,,NW,NW,0
NW.11213,5903139112130,29,29,22,,,,,,0,3,07.10.2026,,NW,NW,0
NW.11214,5903139112147,44.4,44.4,22,,,,,,3,,,,NW,NW,0
NW.11215,5903139112154,54,54,22,,,,,,13,,,,NW,NW,0
NW.11216,5903139112161,44.4,44.4,22,,,,,,9,,,,NW,NW,0
NW.11217,5903139112178,44.4,44.4,22,,,,,,49,,,,NW,NW,0
NW.11218,5903139112185,37,37,22,,,,,,17,,,,NW,NW,0
NW.11220,5903139112208,47.4,47.4,22,,,,,,3,,,,NW,NW,0
NW.11221,5903139112215,84.9,84.9,22,,,,,,9,,,,NW,NW,0
NW.11222,5903139112222,47.4,47.4,22,,,,,,7,,,,NW,NW,0
NW.11223,5903139112239,47.4,47.4,22,,,,,,0,,,,NW,NW,0
NW.11225,5903139112253,199,199,22,,,,,,12,10,21.10.2026,,NW,NW,0
NW.11226,5903139112260,199,199,22,,,,,,8,20,01.10.2026,,NW,NW,0
NW.11227,5903139112277,199,199,22,,,,,,7,20,05.10.2026,,NW,NW,0
NW.11228,5903139112284,199,199,22,,,,,,27,,,,NW,NW,0
NW.11230,5903139112307,275,275,22,,,,,,0,8,28.09.2026,,NW,NW,0
NW.11231,5903139112314,275,275,22,,,,,,2,20,06.10.2026,,NW,NW,0
NW.11232,5903139112321,275,275,22,,,,,,12,10,28.09.2026,,NW,NW,0
NW.11233,5903139112338,275,275,22,,,,,,11,20,28.09.2026,,NW,NW,0
NW.11242,5903139112420,161.1,161.1,22,,,,,,51,,,,NW,NW,0
NW.11243,5903139112437,161.1,161.1,22,,,,,,143,68,01.10.2026,,NW,NW,0
NW.11244,5903139112444,168,168,22,,,,,,0,17,12.10.2026,,NW,NW,0
NW.11245,5903139112451,168,168,22,,,,,,19,60,01.10.2026,,NW,NW,0
NW.11246,5903139112468,27.8,27.8,22,,,,,,55,,,,NW,NW,0
NW.11247,5903139112475,19,19,22,,,,,,36,,,,NW,NW,0
NW.11248,5903139112482,18,18,22,,,,,,47,,,,NW,NW,0
NW.11250,5903139112505,18,18,22,,,,,,127,,,,NW,NW,0
NW.11251,5903139112512,172,172,22,,,,,,6,20,01.10.2026,,NW,NW,0
NW.11252,5903139112529,172,172,22,,,,,,102,,,,NW,NW,0
NW.11288,5903139112888,80,80,22,,,,,,9,1,15.09.2026,,NW,NW,0
NW.11290,5903139112901,103.1,103.1,22,,,,,,42,10,15.09.2026,,NW,NW,0
NW.11291,5903139112918,144.2,144.2,22,,,,,,9,30,28.09.2026,,NW,NW,0
NW.11292,5903139112925,225,225,22,,,,,,5,20,12.10.2026,,NW,NW,0
NW.11295,5903139112956,66.3,66.3,22,,,,,,46,,,,NW,NW,0
NW.11296,5903139112963,58,58,22,,,,,,43,,,,NW,NW,0
NW.11297,5903139112970,58,58,22,,,,,,49,,,,NW,NW,0
NW.11298,5903139112987,52,52,22,,,,,,97,40,28.09.2026,,NW,NW,0
NW.11305,5903139113052,44.1,44.1,22,,,,,,251,100,21.12.2026,,NW,NW,0
NW.11306,5903139113069,54.6,54.6,22,,,,,,235,,,,NW,NW,0
NW.11307,5903139113076,44.1,44.1,22,,,,,,538,,,,NW,NW,0
NW.11308,5903139113083,58,58,22,,,,,,329,300,06.10.2026,,NW,NW,0
NW.11310,5903139113106,37.8,37.8,22,,,,,,49,100,10.11.2026,,NW,NW,0
NW.11311,5903139113113,46.2,46.2,22,,,,,,304,,,,NW,NW,0
NW.11312,5903139113120,40,40,22,,,,,,118,,,,NW,NW,0
NW.11313,5903139113137,48.3,48.3,22,,,,,,70,100,10.11.2026,,NW,NW,0
NW.11314,5903139113144,40,40,22,,,,,,320,,,,NW,NW,0
NW.11315,5903139113151,46.2,46.2,22,,,,,,0,190,06.10.2026,,NW,NW,0
NW.11316,5903139113168,51.6,51.6,22,,,,,,221,300,06.10.2026,,NW,NW,0
NW.11317,5903139113175,48.3,48.3,22,,,,,,106,,,,NW,NW,0
NW.11318,5903139113182,46.2,46.2,22,,,,,,65,1000,06.10.2026,,NW,NW,0
NW.11320,5903139113205,26.2,26.2,22,,,,,,814,300,21.12.2026,,NW,NW,0
NW.11321,5903139113212,12,12,22,,,,,,275,,,,NW,NW,0
NW.11322,5903139113229,10.8,10.8,22,,,,,,339,500,06.10.2026,,NW,NW,0
NW.11325,5903139113250,10.8,10.8,22,,,,,,506,500,10.11.2026,,NW,NW,0
NW.11326,5903139113267,12,12,22,,,,,,338,,,,NW,NW,0
NW.11327,5903139113274,3.6,3.6,22,,,,,,1680,500,10.11.2026,,NW,NW,0
NW.11328,5903139113281,63.1,63.1,22,0,,,0,,613,300,21.12.2026,Glavno skladišče Brnčičeva 13,NW,NW,0
NW.11330,5903139113304,93,93,22,,,,,,326,,,,NW,NW,0
NW.11331,5903139113311,44.1,44.1,22,,,,,,180,,,,NW,NW,0
NW.11332,5903139113328,54.6,54.6,22,,,,,,175,,,,NW,NW,0
NW.11333,5903139113335,44.1,44.1,22,,,,,,577,200,21.12.2026,,NW,NW,0
NW.11334,5903139113342,58,58,22,,,,,,203,300,06.10.2026,,NW,NW,0
NW.11335,5903139113359,37.8,37.8,22,,,,,,282,,,,NW,NW,0
NW.11336,5903139113366,46.2,46.2,22,,,,,,166,,,,NW,NW,0
NW.11337,5903139113373,40,40,22,,,,,,135,,,,NW,NW,0
NW.11338,5903139113380,48.3,48.3,22,,,,,,88,,,,NW,NW,0
NW.11340,5903139113403,40,40,22,,,,,,130,,,,NW,NW,0
NW.11341,5903139113410,46.2,46.2,22,,,,,,476,,,,NW,NW,0
NW.11342,5903139113427,51.6,51.6,22,,,,,,304,,,,NW,NW,0
NW.11343,5903139113434,48.3,48.3,22,,,,,,83,,,,NW,NW,0
NW.11346,5903139113465,64,64,22,,,,,,0,787,22.10.2026,,NW,NW,0
NW.11347,5903139113472,64,64,22,1,,,1,,563,1020,22.10.2026,Glavno skladišče Brnčičeva 13,NW,NW,0
NW.11348,5903139113489,21,21,22,,,,,,177,320,27.10.2026,,NW,NW,0
NW.11350,5903139113502,21,21,22,,,,,,439,320,27.10.2026,,NW,NW,0
NW.11357,5903139113571,46.3,46.3,22,,,,,,306,,,,NW,NW,0
NW.11358,5903139113588,80,80,22,,,,,,316,,,,NW,NW,0
NW.11360,5903139113601,107,107,22,,,,,,223,,,,NW,NW,0
NW.11361,5903139113618,159,159,22,,,,,,141,100,11.12.2026,,NW,NW,0
NW.11362,5903139113625,239,239,22,1,,,1,,63,100,17.11.2026,Glavno skladišče Brnčičeva 13,NW,NW,0
NW.11363,5903139113632,48.9,48.9,22,,,,,,203,200,30.11.2026,,NW,NW,0
NW.11364,5903139113649,59.9,59.9,22,,,,,,266,300,17.11.2026,,NW,NW,0
NW.11365,5903139113656,55,55,22,,,,,,170,100,17.11.2026,,NW,NW,0
NW.11366,5903139113663,71,71,22,,,,,,26,200,22.10.2026,,NW,NW,0
NW.11367,5903139113670,55,55,22,,,,,,79,,,,NW,NW,0
NW.11368,5903139113687,55,55,22,,,,,,48,200,30.11.2026,,NW,NW,0
NW.11370,5903139113700,71,71,22,,,,,,0,109,17.11.2026,,NW,NW,0
NW.11371,5903139113717,37.9,37.9,22,,,,,,143,,,,NW,NW,0
NW.11372,5903139113724,55,55,22,,,,,,59,100,22.10.2026,,NW,NW,0
NW.11373,5903139113731,85.9,85.9,22,1,,,1,,105,300,30.11.2026,Glavno skladišče Brnčičeva 13,NW,NW,0
NW.11374,5903139113748,189,189,22,,,,,,0,292,17.11.2026,,NW,NW,0
NW.11375,5903139113755,355,355,22,,,,,,95,,,,NW,NW,0
NW.11376,5903139113762,125,125,22,,,,,,271,300,17.11.2026,,NW,NW,0
NW.11377,5903139113779,37.9,37.9,22,,,,,,219,,,,NW,NW,0
NW.11378,5903139113786,121.1,121.1,22,,,,,,32,2,14.09.2026,,NW,NW,0
NW.11380,5903139113809,121.1,121.1,22,,,,,,0,19,28.09.2026,,NW,NW,0
NW.11381,5903139113816,132,132,22,,,,,,10,10,12.10.2026,,NW,NW,0
NW.11382,5903139113823,132,132,22,,,,,,11,,,,NW,NW,0
NW.11395,5903139113953,136,136,22,,,,,,60,,,,NW,NW,0
NW.11396,5903139113960,161.1,161.1,22,,,,,,26,40,12.10.2026,,NW,NW,0
NW.11397,5903139113977,258,258,22,,,,,,86,,,,NW,NW,0
NW.11398,5903139113984,452,452,22,,,,,,6,20,28.09.2026,,NW,NW,0
NW.11400,5903139114004,218,218,22,,,,,,65,2,14.09.2026,,NW,NW,0
NW.11401,5903139114011,218,218,22,,,,,,6,2,28.09.2026,,NW,NW,0
NW.11402,5903139114028,205,205,22,,,,,,11,,,,NW,NW,0
NW.11403,5903139114035,210,210,22,,,,,,14,,,,NW,NW,0
NW.11408,5903139114080,631,631,22,,,,,,22,50,28.09.2026,,NW,NW,0
NW.11410,5903139114103,115,115,22,0,,,0,,180,13,28.09.2026,Glavno skladišče Brnčičeva 13,NW,NW,0
NW.11411,5903139114110,115,115,22,0,,,0,,81,10,28.09.2026,Glavno skladišče Brnčičeva 13,NW,NW,0
NW.11412,5903139114127,115,115,22,0,,,0,,112,,,Glavno skladišče Brnčičeva 13,NW,NW,0
NW.11413,5903139114134,115,115,22,0,,,0,,50,,,Glavno skladišče Brnčičeva 13,NW,NW,0
NW.11414,5903139114141,115,115,22,,,,,,25,,,,NW,NW,0
NW.11425,5903139114257,168,168,22,1,,,1,,327,92,05.10.2026,Glavno skladišče Brnčičeva 13,NW,NW,0
NW.11426,5903139114264,168,168,22,0,,,0,,260,54,05.10.2026,Glavno skladišče Brnčičeva 13,NW,NW,0
NW.11427,5903139114271,6,6,22,,,,,,484,,,,NW,NW,0
NW.11430,5903139114301,456,456,22,,,,,,11,2,28.09.2026,,NW,NW,0
NW.11431,5903139114318,115,115,22,,,,,,0,,,,NW,NW,0
NW.11432,5903139114325,258,258,22,0,,,0,,14,20,28.09.2026,Glavno skladišče Brnčičeva 13,NW,NW,0
NW.11433,5903139114332,66.2,66.2,22,,,,,,61,60,06.10.2026,,NW,NW,0
NW.11434,5903139114349,108.4,108.4,22,,,,,,0,17,24.09.2026,,NW,NW,0
NW.11435,5903139114356,155,155,22,,,,,,13,1,24.09.2026,,NW,NW,0
NW.11436,5903139114363,195,195,22,,,,,,24,100,28.09.2026,,NW,NW,0
NW.11437,5903139114370,66.2,66.2,22,,,,,,104,1,24.09.2026,,NW,NW,0
NW.11438,5903139114387,108.4,108.4,22,,,,,,4,30,28.09.2026,,NW,NW,0
NW.11440,5903139114400,155,155,22,,,,,,22,1,28.09.2026,,NW,NW,0
NW.11441,5903139114417,195,195,22,,,,,,22,30,21.10.2026,,NW,NW,0
NW.11442,5903139114424,66.2,66.2,22,,,,,,44,,,,NW,NW,0
NW.11443,5903139114431,66.2,66.2,22,,,,,,59,30,21.10.2026,,NW,NW,0
NW.11444,5903139114448,66.2,66.2,22,,,,,,32,,,,NW,NW,0
NW.11445,5903139114455,108.4,108.4,22,,,,,,0,20,01.10.2026,,NW,NW,0
NW.11446,5903139114462,185,185,22,,,,,,8,10,21.10.2026,,NW,NW,0
NW.11447,5903139114479,108.4,108.4,22,,,,,,13,50,05.10.2026,,NW,NW,0
NW.11448,5903139114486,185,185,22,,,,,,7,40,28.09.2026,,NW,NW,0
NW.11450,5903139114509,108.4,108.4,22,,,,,,1,43,19.10.2026,,NW,NW,0
NW.11451,5903139114516,185,185,22,,,,,,6,10,21.10.2026,,NW,NW,0
NW.11452,5903139114523,34.6,34.6,22,,,,,,0,142,28.09.2026,,NW,NW,0
NW.11453,5903139114530,34.6,34.6,22,0,,,0,,45,1,22.09.2026,Glavno skladišče Brnčičeva 13,NW,NW,0
NW.11454,5903139114547,34.6,34.6,22,,,,,,29,1,28.09.2026,,NW,NW,0
NW.11455,5903139114554,34.6,34.6,22,,,,,,7,40,21.10.2026,,NW,NW,0
NW.11456,5903139114561,34.6,34.6,22,,,,,,29,3,01.10.2026,,NW,NW,0
NW.11460,5903139114608,225,225,22,,,,,,21,71,01.10.2026,,NW,NW,0
NW.11461,5903139114615,225,225,22,,,,,,0,12,24.09.2026,,NW,NW,0
NW.11462,5903139114622,282,282,22,,,,,,3,62,01.10.2026,,NW,NW,0
NW.11463,5903139114639,282,282,22,,,,,,0,18,01.10.2026,,NW,NW,0
NW.11464,5903139114646,288,288,22,,,,,,0,18,28.09.2026,,NW,NW,0
NW.11465,5903139114653,288,288,22,,,,,,0,20,01.10.2026,,NW,NW,0
NW.11466,5903139114660,66.2,66.2,22,,,,,,16,,,,NW,NW,0
NW.11467,5903139114677,108.4,108.4,22,,,,,,11,,,,NW,NW,0
NW.11468,5903139114684,155,155,22,,,,,,3,10,21.10.2026,,NW,NW,0
NW.11470,5903139114707,195,195,22,,,,,,4,30,19.10.2026,,NW,NW,0
NW.11471,5903139114714,108.4,108.4,22,,,,,,19,,,,NW,NW,0
NW.11472,5903139114721,185,185,22,,,,,,8,,,,NW,NW,0
NW.11473,5903139114738,66.2,66.2,22,,,,,,77,,,,NW,NW,0
NW.11478,5903139114783,19,19,22,,,,,,23,,,,NW,NW,0
NW.11480,5903139114806,19,19,22,,,,,,4,10,06.10.2026,,NW,NW,0
NW.11482,5903139114820,121.1,121.1,22,,,,,,27,1,28.09.2026,,NW,NW,0
NW.11483,5903139114837,121.1,121.1,22,,,,,,33,,,,NW,NW,0
NW.11484,5903139114844,121.1,121.1,22,,,,,,7,,,,NW,NW,0
NW.11485,5903139114851,86.2,86.2,22,,,,,,0,16,01.10.2026,,NW,NW,0
NW.11486,5903139114868,86.2,86.2,22,,,,,,74,,,,NW,NW,0
NW.11487,5903139114875,86.2,86.2,22,,,,,,20,,,,NW,NW,0
NW.11488,5903139114882,68.4,68.4,22,,,,,,31,,,,NW,NW,0
NW.11490,5903139114905,68.4,68.4,22,,,,,,59,4,01.10.2026,,NW,NW,0
NW.11491,5903139114912,68.4,68.4,22,,,,,,21,,,,NW,NW,0
NW.11492,5903139114929,34.6,34.6,22,,,,,,42,4,22.09.2026,,NW,NW,0
NW.11493,5903139114936,34.6,34.6,22,,,,,,41,1,06.10.2026,,NW,NW,0
NW.11494,5903139114943,172,172,22,1,,,1,,10,30,06.10.2026,Glavno skladišče Brnčičeva 13,NW,NW,0
NW.11495,5903139114950,168,168,22,,,,,,0,15,01.10.2026,,NW,NW,0
NW.11496,5903139114967,161.1,161.1,22,1,,,1,,0,26,01.10.2026,Glavno skladišče Brnčičeva 13,NW,NW,0
NW.11497,5903139114974,95,95,22,0,,,0,,0,,,Glavno skladišče Brnčičeva 13,NW,NW,0
NW.11498,5903139114981,57,57,22,0,,,0,,12,,,Glavno skladišče Brnčičeva 13,NW,NW,0
NW.11500,5903139115001,38,38,22,,,,,,17,4,01.10.2026,,NW,NW,0
NW.11501,5903139115018,95,95,22,,,,,,8,,,,NW,NW,0
NW.11502,5903139115025,57,57,22,,,,,,10,,,,NW,NW,0
NW.11503,5903139115032,38,38,22,,,,,,10,40,21.10.2026,,NW,NW,0
NW.11504,5903139115049,95,95,22,0,,,0,,8,,,Glavno skladišče Brnčičeva 13,NW,NW,0
NW.11505,5903139115056,57,57,22,,,,,,14,,,,NW,NW,0
NW.11506,5903139115063,38,38,22,0,,,0,,13,,,Glavno skladišče Brnčičeva 13,NW,NW,0
NW.11510,5903139115100,73.6,73.6,22,,,,,,40,,,,NW,NW,0
NW.11511,5903139115117,73.6,73.6,22,,,,,,125,,,,NW,NW,0
NW.11512,5903139115124,73.6,73.6,22,,,,,,0,86,01.10.2026,,NW,NW,0
NW.11513,5903139115131,73.6,73.6,22,,,,,,11,,,,NW,NW,0
NW.11520,5903139115209,100,100,22,,,,,,7,30,06.10.2026,,NW,NW,0
NW.11521,5903139115216,100,100,22,,,,,,125,,,,NW,NW,0
NW.11525,5903139115254,9.4,9.4,22,,,,,,4649,2000,10.11.2026,,NW,NW,0
NW.11528,5903139115285,35.9,35.9,22,1,,,1,,290,,,Glavno skladišče Brnčičeva 13,NW,NW,0
NW.11530,5903139115308,35.9,35.9,22,,,,,,127,100,17.11.2026,,NW,NW,0
NW.11531,5903139115315,87.9,87.9,22,,,,,,151,,,,NW,NW,0
NW.11532,5903139115322,87.9,87.9,22,,,,,,114,,,,NW,NW,0
NW.11533,5903139115339,87.9,87.9,22,,,,,,285,,,,NW,NW,0
NW.11534,5903139115346,87.9,87.9,22,,,,,,57,,,,NW,NW,0
NW.11535,5903139115353,87.9,87.9,22,,,,,,118,,,,NW,NW,0
NW.11536,5903139115360,115,115,22,,,,,,112,,,,NW,NW,0
NW.11537,5903139115377,115,115,22,,,,,,140,,,,NW,NW,0
NW.11538,5903139115384,163,163,22,,,,,,41,,,,NW,NW,0
NW.11540,5903139115407,107,107,22,,,,,,85,200,27.10.2026,,NW,NW,0
NW.11541,5903139115414,119,119,22,,,,,,178,,,,NW,NW,0
NW.11542,5903139115421,115,115,22,,,,,,92,,,,NW,NW,0
NW.11543,5903139115438,67.9,105.3,22,8,,,8,,147,,,Glavno skladišče Brnčičeva 13,NW,NW,0
NW.11544,5903139115445,59.9,59.9,22,,,,,,104,405,08.12.2026,,NW,NW,0
NW.11545,5903139115452,65,65,22,,,,,,138,195,27.10.2026,,NW,NW,0
NW.11546,5903139115469,73.9,73.9,22,,,,,,164,195,27.10.2026,,NW,NW,0
NW.11547,5903139115476,123,123,22,,,,,,224,,,,NW,NW,0
NW.11548,5903139115483,92.9,92.9,22,0,,,0,,453,,,Glavno skladišče Brnčičeva 13,NW,NW,0
NW.11550,5903139115506,133,133,22,,,,,,69,200,08.12.2026,,NW,NW,0
NW.11551,5903139115513,92.9,92.9,22,,,,,,111,200,08.12.2026,,NW,NW,0
NW.11553,5903139115537,199,199,22,,,,,,119,,,,NW,NW,0
NW.11555,5903139115551,157,157,22,,,,,,0,205,27.10.2026,,NW,NW,0
NW.11557,5903139115575,157,157,22,,,,,,0,94,27.10.2026,,NW,NW,0
NW.11558,5903139115582,197,197,22,,,,,,186,200,08.12.2026,,NW,NW,0
NW.11560,5903139115605,197,197,22,,,,,,9,100,08.12.2026,,NW,NW,0
NW.11561,5903139115612,197,197,22,,,,,,43,,,,NW,NW,0
NW.11562,5903139115629,55,55,22,,,,,,79,,,,NW,NW,0
NW.11563,5903139115636,55,55,22,,,,,,128,,,,NW,NW,0
NW.11564,5903139115643,55,55,22,,,,,,2,,,,NW,NW,0
NW.11566,5903139115667,78.9,78.9,22,,,,,,0,194,27.10.2026,,NW,NW,0
NW.11567,5903139115674,78.9,78.9,22,,,,,,90,,,,NW,NW,0
NW.11568,5903139115681,133,133,22,,,,,,82,,,,NW,NW,0
NW.11570,5903139115704,133,133,22,,,,,,0,98,27.10.2026,,NW,NW,0
NW.11571,5903139115711,133,133,22,,,,,,112,,,,NW,NW,0
NW.11572,5903139115728,153,153,22,,,,,,45,,,,NW,NW,0
NW.11573,5903139115735,153,153,22,,,,,,73,,,,NW,NW,0
NW.11574,5903139115742,153,153,22,,,,,,49,,,,NW,NW,0
NW.11578,5903139115780,168,168,22,1,,,1,,168,2,21.09.2026,Glavno skladišče Brnčičeva 13,NW,NW,0
NW.11580,5903139115803,168,168,22,,,,,,105,,,,NW,NW,0
NW.11581,5903139115810,218,218,22,,,,,,23,1,14.09.2026,,NW,NW,0
NW.11582,5903139115827,218,218,22,,,,,,13,20,28.09.2026,,NW,NW,0
NW.11583,5903139115834,195,195,22,0,,,0,,51,,,Glavno skladišče Brnčičeva 13,NW,NW,0
NW.11584,5903139115841,195,195,22,,,,,,36,,,,NW,NW,0
NW.11585,5903139115858,121.1,121.1,22,,,,,,13,50,05.10.2026,,NW,NW,0
NW.11586,5903139115865,115,115,22,,,,,,72,2,14.09.2026,,NW,NW,0
NW.11587,5903139115872,105.2,105.2,22,,,,,,96,14,14.09.2026,,NW,NW,0
NW.11588,5903139115889,132,132,22,2,0,0,2,0,39,,,Glavno skladišče Rakovnik 9a,NW,NW,0
NW.11590,5903139115902,132,132,22,,,,,,36,1,14.09.2026,,NW,NW,0
NW.11591,5903139115919,121.1,121.1,22,,,,,,57,100,05.10.2026,,NW,NW,0
NW.11592,5903139115926,121.1,121.1,22,,,,,,34,,,,NW,NW,0
NW.11598,5903139115988,9,9,22,,,,,,0,834,22.10.2026,,NW,NW,0
NW.11600,5903139116008,9,9,22,,,,,,0,477,10.11.2026,,NW,NW,0
NW.11601,5903139116015,114,114,22,,,,,,6,,,,NW,NW,0
NW.11602,5903139116022,452,452,22,,,,,,62,,,,NW,NW,0
NW.11603,5903139116039,205,205,22,,,,,,51,6,28.09.2026,,NW,NW,0
NW.11604,5903139116046,210,210,22,,,,,,16,20,14.09.2026,,NW,NW,0
NW.11605,5903139116053,218,218,22,,,,,,37,1,14.09.2026,,NW,NW,0
NW.11606,5903139116060,210,210,22,,,,,,10,,,,NW,NW,0
NW.11607,5903139116077,210,210,22,,,,,,11,,,,NW,NW,0
NW.11617,5903139116176,14.6,14.6,22,,,,,,676,,,,NW,NW,0
NW.11618,5903139116183,16.8,16.8,22,,,,,,115,200,28.09.2026,,NW,NW,0
NW.11620,5903139116206,16.8,16.8,22,,,,,,132,,,,NW,NW,0
NW.11621,5903139116213,10.8,10.8,22,,,,,,221,,,,NW,NW,0
NW.11622,5903139116220,16.8,16.8,22,,,,,,224,,,,NW,NW,0
NW.11623,5903139116237,16.8,16.8,22,,,,,,178,,,,NW,NW,0
NW.11624,5903139116244,51.5,51.5,22,,,,,,110,300,04.11.2026,,NW,NW,0
NW.11625,5903139116251,103.1,103.1,22,,,,,,559,500,17.11.2026,,NW,NW,0
NW.11626,5903139116268,44.1,44.1,22,,,,,,272,300,21.12.2026,,NW,NW,0
NW.11627,5903139116275,78,78,22,0,,,0,,229,600,25.09.2026,Glavno skladišče Brnčičeva 13,NW,NW,0
NW.11628,5903139116282,8.4,8.4,22,,,,,,478,1000,21.12.2026,,NW,NW,0
NW.11630,5903139116305,68.4,68.4,22,,,,,,125,100,17.11.2026,,NW,NW,0
NW.11631,5903139116312,68.4,68.4,22,,,,,,18,100,28.09.2026,,NW,NW,0
NW.11632,5903139116329,52.5,52.5,22,1,0,0,1,0,187,,,Glavno skladišče Rakovnik 9a,NW,NW,0
NW.11633,5903139116336,52.5,52.5,22,,,,,,234,,,,NW,NW,0
NW.11634,5903139116343,71.5,71.5,22,0,,,0,,119,,,Glavno skladišče Brnčičeva 13,NW,NW,0
NW.11635,5903139116350,71.5,71.5,22,,,,,,204,,,,NW,NW,0
NW.11636,5903139116367,58,58,22,,,,,,446,600,21.12.2026,,NW,NW,0
NW.11637,5903139116374,58,58,22,,,,,,0,470,25.09.2026,,NW,NW,0
NW.11638,5903139116381,47.3,47.3,22,,,,,,287,,,,NW,NW,0
NW.11639,5903139116398,47.3,47.3,22,,,,,,166,200,28.09.2026,,NW,NW,0
NW.11640,5903139116404,75,75,22,,,,,,90,,,,NW,NW,0
NW.11641,5903139116411,75,75,22,,,,,,103,,,,NW,NW,0
NW.11642,5903139116428,56,56,22,,,,,,106,200,28.09.2026,,NW,NW,0
NW.11643,5903139116435,56,56,22,,,,,,126,200,28.09.2026,,NW,NW,0
NW.11644,5903139116442,50.4,50.4,22,,,,,,407,600,25.09.2026,,NW,NW,0
NW.11645,5903139116459,50.4,50.4,22,,,,,,271,300,25.09.2026,,NW,NW,0
NW.11646,5903139116466,405,405,22,,,,,,10,1,14.09.2026,,NW,NW,0
NW.11647,5903139116473,405,405,22,,,,,,6,20,28.09.2026,,NW,NW,0
NW.11648,5903139116480,537,537,22,,,,,,35,,,,NW,NW,0
NW.11649,5903139116497,535,535,22,,,,,,21,,,,NW,NW,0
NW.11650,5903139116503,93,93,22,,,,,,115,100,16.10.2026,,NW,NW,0
NW.11651,5903139116510,151,151,22,,,,,,63,16,24.09.2026,,NW,NW,0
NW.11652,5903139116527,168,168,22,,,,,,0,70,28.09.2026,,NW,NW,0
NW.11653,5903139116534,214,214,22,0,,,0,,27,60,28.09.2026,Glavno skladišče Brnčičeva 13,NW,NW,0
NW.11654,5903139116541,119,119,22,,,,,,124,100,12.10.2026,,NW,NW,0
NW.11655,5903139116558,80,80,22,0,,,0,,154,100,16.10.2026,Glavno skladišče Brnčičeva 13,NW,NW,0
NW.11656,5903139116565,214,214,22,,,,,,3,50,01.10.2026,,NW,NW,0
NW.11657,5903139116572,92,92,22,,,,,,31,,,,NW,NW,0
NW.11658,5903139116589,151,151,22,,,,,,0,20,28.09.2026,,NW,NW,0
NW.11659,5903139116596,161.1,161.1,22,,,,,,5,10,24.09.2026,,NW,NW,0
NW.11660,5903139116602,214,214,22,,,,,,15,5,28.09.2026,,NW,NW,0
NW.11661,5903139116619,108.4,108.4,22,,,,,,10,10,07.10.2026,,NW,NW,0
NW.11662,5903139116626,80,80,22,,,,,,14,25,06.10.2026,,NW,NW,0
NW.11663,5903139116633,214,214,22,,,,,,17,,,,NW,NW,0
NW.11664,5903139116640,115,115,22,,,,,,39,,,,NW,NW,0
NW.11665,5903139116657,144.2,144.2,22,,,,,,53,,,,NW,NW,0
NW.11666,5903139116664,185,185,22,,,,,,21,20,28.09.2026,,NW,NW,0
NW.11667,5903139116671,178,178,22,,,,,,15,2,28.09.2026,,NW,NW,0
NW.11668,5903139116688,115,115,22,,,,,,180,100,16.10.2026,,NW,NW,0
NW.11669,5903139116695,80,80,22,,,,,,55,60,21.10.2026,,NW,NW,0
NW.11670,5903139116701,100,100,22,,,,,,168,,,,NW,NW,0
NW.11671,5903139116718,172,172,22,,,,,,0,35,24.09.2026,,NW,NW,0
NW.11672,5903139116725,258,258,22,,,,,,14,60,28.09.2026,,NW,NW,0
NW.11673,5903139116732,115,115,22,,,,,,9,,,,NW,NW,0
NW.11674,5903139116749,144.2,144.2,22,,,,,,11,,,,NW,NW,0
NW.11675,5903139116756,185,185,22,,,,,,3,10,21.10.2026,,NW,NW,0
NW.11676,5903139116763,178,178,22,,,,,,13,,,,NW,NW,0
NW.11677,5903139116770,115,115,22,,,,,,0,145,01.10.2026,,NW,NW,0
NW.11678,5903139116787,80,80,22,,,,,,47,,,,NW,NW,0
NW.11679,5903139116794,100,100,22,,,,,,36,,,,NW,NW,0
NW.11680,5903139116800,172,172,22,,,,,,25,60,01.10.2026,,NW,NW,0
NW.11681,5903139116817,258,258,22,,,,,,54,,,,NW,NW,0
NW.11682,5903139116824,161.1,161.1,22,,,,,,18,,,,NW,NW,0
NW.11683,5903139116831,214,214,22,,,,,,11,,,,NW,NW,0
NW.11684,5903139116848,121.1,121.1,22,,,,,,37,,,,NW,NW,0
NW.11685,5903139116855,456,456,22,,,,,,16,5,28.09.2026,,NW,NW,0
NW.11686,5903139116862,515,515,22,,,,,,17,10,28.09.2026,,NW,NW,0
NW.11699,5903139116992,437,437,22,,,,,,53,,,,NW,NW,0
NW.11700,5903139117005,353,353,22,,,,,,84,,,,NW,NW,0
NW.11701,5903139117012,295,295,22,,,,,,51,100,02.11.2026,,NW,NW,0
NW.11702,5903139117029,205,205,22,,,,,,0,38,26.10.2026,,NW,NW,0
NW.11703,5903139117036,117,117,22,,,,,,28,100,02.11.2026,,NW,NW,0
NW.11704,5903139117043,643,643,22,,,,,,35,,,,NW,NW,0
NW.11705,5903139117050,416,416,22,,,,,,52,,,,NW,NW,0
NW.11706,5903139117067,564,564,22,,,,,,62,,,,NW,NW,0
NW.11707,5903139117074,474,474,22,,,,,,34,,,,NW,NW,0
NW.11708,5903139117081,269,269,22,,,,,,43,,,,NW,NW,0
NW.11710,5903139117104,209,209,22,,,,,,52,,,,NW,NW,0
NW.11711,5903139117111,269,269,22,,,,,,80,,,,NW,NW,0
NW.11712,5903139117128,23.2,23.2,22,,,,,,356,,,,NW,NW,0
NW.11713,5903139117135,38,38,22,1,0,0,1,0,628,,,Glavno skladišče Rakovnik 9a,NW,NW,0
NW.11714,5903139117142,43.7,43.7,22,,,,,,366,,,,NW,NW,0
NW.11715,5903139117159,58.3,58.3,22,,,,,,94,500,02.11.2026,,NW,NW,0
NW.11716,5903139117166,76,76,22,,,,,,0,485,02.11.2026,,NW,NW,0
NW.11717,5903139117173,35,35,22,,,,,,21,300,27.10.2026,,NW,NW,0
NW.11718,5903139117180,40.7,40.7,22,,,,,,265,,,,NW,NW,0
NW.11720,5903139117203,55.5,55.5,22,,,,,,155,,,,NW,NW,0
NW.11721,5903139117210,58.3,58.3,22,,,,,,324,,,,NW,NW,0
NW.11722,5903139117227,64.2,64.2,22,,,,,,172,,,,NW,NW,0
NW.11723,5903139117234,35,35,22,,,,,,242,,,,NW,NW,0
NW.11724,5903139117241,29,29,22,1,,,1,,381,,,Glavno skladišče Brnčičeva 13,NW,NW,0
NW.11725,5903139117258,52.5,52.5,22,20,0,0,20,0,177,600,27.10.2026,Glavno skladišče Rakovnik 9a,NW,NW,0
NW.11726,5903139117265,2.95,2.95,22,40,0,0,40,0,0,592,27.10.2026,Glavno skladišče Rakovnik 9a + Glavno skladišče Brnčičeva 13,NW,NW,0
NW.11727,5903139117272,17.4,17.4,22,,,,,,163,,,,NW,NW,0
NW.11728,5903139117289,17.4,17.4,22,,,,,,409,,,,NW,NW,0
NW.11730,5903139117302,35,35,22,1,,,1,,315,,,Glavno skladišče Brnčičeva 13,NW,NW,0
NW.11731,5903139117319,64.2,64.2,22,24,0,0,24,0,338,500,02.11.2026,Glavno skladišče Rakovnik 9a + Glavno skladišče Brnčičeva 13,NW,NW,0
NW.11732,5903139117326,20.2,20.2,22,,,,,,358,,,,NW,NW,0
NW.11733,5903139117333,20.2,20.2,22,,,,,,446,,,,NW,NW,0
NW.11734,5903139117340,10.3,10.3,22,14,0,0,14,0,216,500,02.11.2026,Glavno skladišče Rakovnik 9a + Glavno skladišče Brnčičeva 13,NW,NW,0
NW.11735,5903139117357,15.6,15.6,22,20,0,0,20,0,456,,,Glavno skladišče Rakovnik 9a,NW,NW,0
NW.11736,5903139117364,11.5,11.5,22,26,0,0,26,0,58,500,27.10.2026,Glavno skladišče Rakovnik 9a + Glavno skladišče Brnčičeva 13,NW,NW,0
NW.11737,5903139117371,73.1,73.1,22,,,,,,273,,,,NW,NW,0
NW.11738,5903139117388,23.2,23.2,22,10,0,0,10,0,444,,,Glavno skladišče Rakovnik 9a,NW,NW,0
NW.11743,5903139117432,40.7,40.7,22,4,0,0,4,0,501,,,Glavno skladišče Rakovnik 9a + Glavno skladišče Brnčičeva 13,NW,NW,0
NW.11744,5903139117449,23.2,23.2,22,10,0,0,10,0,267,,,Glavno skladišče Rakovnik 9a,NW,NW,0
NW.11746,5903139117463,94,94,22,,,,,,108,100,02.11.2026,,NW,NW,0
NW.11747,5903139117470,94,128.7,22,,,,,,98,100,02.11.2026,,NW,NW,0
NW.11748,5903139117487,70.5,70.5,22,,,,,,78,200,02.11.2026,,NW,NW,0
NW.11750,5903139117500,70.5,70.5,22,,,,,,0,105,02.11.2026,,NW,NW,0
NW.11754,5903139117548,21,21,22,,,,,,492,,,,NW,NW,0
NW.11755,5903139117555,21,21,22,,,,,,1,500,22.12.2026,,NW,NW,0
NW.11756,5903139117562,39,39,22,0,,,0,,639,,,Glavno skladišče Brnčičeva 13,NW,NW,0
NW.11757,5903139117579,35,35,22,,,,,,127,250,23.11.2026,,NW,NW,0
NW.11758,5903139117586,30,30,22,,,,,,327,,,,NW,NW,0
NW.11760,5903139117609,30,30,22,,,,,,247,,,,NW,NW,0
NW.11761,5903139117616,42,42,22,0,,,0,,270,,,Glavno skladišče Brnčičeva 13,NW,NW,0
NW.11762,5903139117623,42,42,22,,,,,,231,250,23.11.2026,,NW,NW,0
NW.11763,5903139117630,47.3,47.3,22,,,,,,0,270,01.10.2026,,NW,NW,0
NW.11764,5903139117647,47.3,47.3,22,,,,,,83,100,24.09.2026,,NW,NW,0
NW.11765,5903139117654,47.3,47.3,22,,,,,,0,98,22.09.2026,,NW,NW,0
NW.11766,5903139117661,47.3,47.3,22,,,,,,4,100,05.10.2026,,NW,NW,0
NW.11767,5903139117678,515,515,22,,,,,,4,,,,NW,NW,0
NW.11768,5903139117685,484,484,22,,,,,,3,25,28.09.2026,,NW,NW,0
NW.11778,5903139117784,92,92,22,,,,,,6,14,28.09.2026,,NW,NW,0
NW.11780,5903139117807,86.3,86.3,22,,,,,,0,15,28.09.2026,,NW,NW,0
NW.11781,5903139117814,92,92,22,,,,,,8,10,14.09.2026,,NW,NW,0
NW.11782,5903139117821,196,196,22,,,,,,4,,,,NW,NW,0
NW.11783,5903139117838,162.1,162.1,22,,,,,,20,,,,NW,NW,0
NW.11784,5903139117845,102.1,102.1,22,,,,,,0,10,14.09.2026,,NW,NW,0
NW.11785,5903139117852,137,137,22,,,,,,15,,,,NW,NW,0
NW.11786,5903139117869,92,92,22,,,,,,35,,,,NW,NW,0
NW.11787,5903139117876,86.3,86.3,22,,,,,,42,,,,NW,NW,0
NW.11788,5903139117883,92,92,22,,,,,,15,,,,NW,NW,0
NW.11790,5903139117906,196,196,22,,,,,,11,,,,NW,NW,0
NW.11791,5903139117913,164,164,22,,,,,,36,,,,NW,NW,0
NW.11792,5903139117920,92,92,22,,,,,,43,,,,NW,NW,0
NW.11793,5903139117937,137,137,22,,,,,,50,,,,NW,NW,0
NW.11794,5903139117944,8,8,22,,,,,,15,,,,NW,NW,0
NW.11795,5903139117951,8,8,22,,,,,,56,,,,NW,NW,0
NW.11796,5903139117968,8,8,22,,,,,,36,,,,NW,NW,0
NW.11797,5903139117975,8,8,22,,,,,,29,,,,NW,NW,0
NW.11798,5903139117982,8,8,22,,,,,,16,,,,NW,NW,0
NW.11800,5903139118002,8,8,22,,,,,,73,,,,NW,NW,0
NW.11801,5903139118019,8,8,22,,,,,,21,,,,NW,NW,0
NW.11802,5903139118026,8,8,22,,,,,,29,,,,NW,NW,0
NW.11803,5903139118033,25.2,25.2,22,,,,,,105,,,,NW,NW,0
NW.11804,5903139118040,84.2,84.2,22,,,,,,227,,,,NW,NW,0
NW.11812,5903139118125,98,98,22,,,,,,140,2,28.09.2026,,NW,NW,0
NW.11813,5903139118132,98,98,22,,,,,,41,,,,NW,NW,0
NW.11814,5903139118149,98,98,22,,,,,,0,49,24.09.2026,,NW,NW,0
NW.11815,5903139118156,98,98,22,,,,,,26,,,,NW,NW,0
NW.11874,5903139118743,89.5,89.5,22,,,,,,161,,,,NW,NW,0
NW.11875,5903139118750,68.4,68.4,22,,,,,,77,,,,NW,NW,0
NW.11876,5903139118767,126.3,126.3,22,,,,,,176,54,28.09.2026,,NW,NW,0
NW.11877,5903139118774,148,148,22,,,,,,69,30,28.09.2026,,NW,NW,0
NW.11878,5903139118781,174,174,22,,,,,,22,2,21.09.2026,,NW,NW,0
NW.11879,5903139118798,295,295,22,,,,,,125,,,,NW,NW,0
NW.11882,5903139118828,174,174,22,,,,,,28,3,14.09.2026,,NW,NW,0
NW.11883,5903139118835,148,148,22,,,,,,25,,,,NW,NW,0
NW.11884,5903139118842,126.3,126.3,22,,,,,,72,33,28.09.2026,,NW,NW,0
NW.11885,5903139118859,293,293,22,0,,,0,,15,,,Glavno skladišče Brnčičeva 13,NW,NW,0
NW.11886,5903139118866,131,131,22,,,,,,26,50,12.10.2026,,NW,NW,0
NW.11887,5903139118873,142.1,142.1,22,,,,,,45,6,14.09.2026,,NW,NW,0
NW.11888,5903139118880,154,154,22,,,,,,54,2,28.09.2026,,NW,NW,0
NW.11937,5903139119375,156,156,22,,,,,,148,,,,NW,NW,0
NW.11938,5903139119382,186,186,22,,,,,,47,200,10.11.2026,,NW,NW,0
NW.11940,5903139119405,203,203,22,,,,,,133,,,,NW,NW,0
NW.11941,5903139119412,203,203,22,,,,,,104,,,,NW,NW,0
NW.11942,5903139119429,203,203,22,,,,,,151,,,,NW,NW,0
NW.11944,5903139119443,356,356,22,,,,,,0,13,28.09.2026,,NW,NW,0
NW.11945,5903139119450,356,356,22,,,,,,45,,,,NW,NW,0
NW.11950,5903139119504,356,356,22,,,,,,0,10,06.10.2026,,NW,NW,0
NW.11951,5903139119511,413,413,22,,,,,,0,17,01.10.2026,,NW,NW,0
NW.11953,5903139119535,414,414,22,,,,,,0,7,01.10.2026,,NW,NW,0
NW.11954,5903139119542,413,413,22,,,,,,0,13,01.10.2026,,NW,NW,0
NW.11955,5903139119559,59,59,22,,,,,,102,,,,NW,NW,0
NW.11956,5903139119566,74,74,22,,,,,,131,,,,NW,NW,0
NW.11957,5903139119573,59,59,22,,,,,,156,,,,NW,NW,0
NW.11958,5903139119580,74,74,22,,,,,,174,,,,NW,NW,0
NW.12011,5903139120111,145,145,22,,,,,,28,,,,NW,NW,0
NW.12012,5903139120128,189,189,22,,,,,,14,,,,NW,NW,0
NW.12013,5903139120135,131,131,22,,,,,,10,,,,NW,NW,0
NW.12014,5903139120142,156,156,22,,,,,,7,,,,NW,NW,0
NW.12015,5903139120159,156,156,22,,,,,,19,,,,NW,NW,0
NW.12018,5903139120180,85,85,22,,,,,,176,,,,NW,NW,0
NW.12024,5903139120241,95,95,22,1,,,1,,9,,,Glavno skladišče Brnčičeva 13,NW,NW,0
NW.12025,5903139120258,57,57,22,2,,,2,,3,10,21.10.2026,Glavno skladišče Brnčičeva 13,NW,NW,0
NW.12026,5903139120265,38,38,22,,,,,,0,19,06.10.2026,,NW,NW,0
NW.12027,5903139120272,19,19,22,,,,,,11,,,,NW,NW,0
NW.12028,5903139120289,36,36,22,,,,,,15,,,,NW,NW,0
NW.12030,5903139120302,41,41,22,,,,,,4,10,06.10.2026,,NW,NW,0
NW.12031,5903139120319,36,36,22,,,,,,22,,,,NW,NW,0
NW.12032,5903139120326,41,41,22,,,,,,28,10,22.09.2026,,NW,NW,0
NW.12033,5903139120333,36,36,22,,,,,,16,,,,NW,NW,0
NW.12034,5903139120340,41,41,22,,,,,,0,3,24.09.2026,,NW,NW,0
NW.12035,5903139120357,148,148,22,,,,,,14,,,,NW,NW,0
NW.12036,5903139120364,148,148,22,,,,,,0,4,28.09.2026,,NW,NW,0
NW.12037,5903139120371,148,148,22,,,,,,0,8,07.10.2026,,NW,NW,0
NW.12038,5903139120388,158,158,22,,,,,,7,7,01.10.2026,,NW,NW,0
NW.12040,5903139120401,158,158,22,,,,,,12,,,,NW,NW,0
NW.12041,5903139120418,158,158,22,,,,,,6,,,,NW,NW,0
NW.12042,5903139120425,169,169,22,,,,,,7,10,21.10.2026,,NW,NW,0
NW.12043,5903139120432,169,169,22,,,,,,3,10,21.10.2026,,NW,NW,0
NW.12044,5903139120449,169,169,22,,,,,,4,10,07.10.2026,,NW,NW,0
NW.12045,5903139120456,54,54,22,,,,,,10,,,,NW,NW,0
NW.12046,5903139120463,54,54,22,,,,,,22,,,,NW,NW,0
NW.12047,5903139120470,54,54,22,,,,,,6,,,,NW,NW,0
NW.12048,5903139120487,54,54,22,,,,,,12,30,13.10.2026,,NW,NW,0
NW.12050,5903139120500,44,44,22,,,,,,5,30,24.09.2026,,NW,NW,0
NW.12051,5903139120517,44,44,22,,,,,,9,,,,NW,NW,0
NW.12052,5903139120524,44,44,22,,,,,,11,,,,NW,NW,0
NW.12053,5903139120531,44,44,22,,,,,,0,6,06.10.2026,,NW,NW,0
NW.12054,5903139120548,32,32,22,,,,,,17,,,,NW,NW,0
NW.12055,5903139120555,32,32,22,,,,,,14,,,,NW,NW,0
NW.12056,5903139120562,32,32,22,,,,,,14,,,,NW,NW,0
NW.12057,5903139120579,32,32,22,,,,,,9,,,,NW,NW,0
NW.12058,5903139120586,87,87,22,,,,,,0,,,,NW,NW,0
NW.12059,5903139120593,95,95,22,,,,,,12,,,,NW,NW,0
NW.12060,5903139120609,49,49,22,1,,,1,,14,,,Glavno skladišče Brnčičeva 13,NW,NW,0
NW.12061,5903139120616,58,58,22,,,,,,19,,,,NW,NW,0
NW.12062,5903139120623,169,169,22,,,,,,22,,,,NW,NW,0
NW.12063,5903139120630,125,125,22,,,,,,22,,,,NW,NW,0
NW.12064,5903139120647,185,185,22,,,,,,29,,,,NW,NW,0
NW.12065,5903139120654,145,145,22,,,,,,28,,,,NW,NW,0
NW.12067,5903139120678,19,19,22,,,,,,20,30,24.09.2026,,NW,NW,0
NW.12068,5903139120685,19,19,22,,,,,,15,,,,NW,NW,0
NW.12070,5903139120708,91,91,22,,,,,,0,18,01.10.2026,,NW,NW,0
NW.12071,5903139120715,25,25,22,,,,,,86,,,,NW,NW,0
NW.12072,5903139120722,28,28,22,,,,,,4,30,13.10.2026,,NW,NW,0
NW.12073,5903139120739,37,37,22,,,,,,94,,,,NW,NW,0
NW.12074,5903139120746,23.5,23.5,22,,,,,,0,30,24.09.2026,,NW,NW,0
NW.12075,5903139120753,30,30,22,,,,,,21,,,,NW,NW,0
NW.12076,5903139120760,34.5,34.5,22,,,,,,27,,,,NW,NW,0
NW.12077,5903139120777,23.5,23.5,22,,,,,,201,,,,NW,NW,0
NW.12078,5903139120784,27,27,22,,,,,,16,60,13.10.2026,,NW,NW,0
NW.12080,5903139120807,34.5,34.5,22,3,,,3,,36,,,Glavno skladišče Brnčičeva 13,NW,NW,0
NW.12081,5903139120814,23.5,23.5,22,,,,,,10,30,21.10.2026,,NW,NW,0
NW.12082,5903139120821,27,27,22,,,,,,47,,,,NW,NW,0
NW.12083,5903139120838,34.5,34.5,22,,,,,,29,,,,NW,NW,0
NW.12084,5903139120845,27,27,22,,,,,,31,,,,NW,NW,0
NW.12085,5903139120852,30,30,22,,,,,,11,30,21.10.2026,,NW,NW,0
NW.12086,5903139120869,38,38,22,,,,,,20,,,,NW,NW,0
NW.12087,5903139120876,38,38,22,,,,,,25,,,,NW,NW,0
NW.12088,5903139120883,38,38,22,,,,,,15,,,,NW,NW,0
NW.12090,5903139120906,27,27,22,,,,,,29,,,,NW,NW,0
NW.12091,5903139120913,30,30,22,,,,,,27,,,,NW,NW,0
NW.12092,5903139120920,26,26,22,,,,,,26,,,,NW,NW,0
NW.12093,5903139120937,26,26,22,,,,,,27,,,,NW,NW,0
NW.12094,5903139120944,26,26,22,,,,,,14,,,,NW,NW,0
NW.12095,5903139120951,26,26,22,,,,,,27,,,,NW,NW,0
NW.12099,5903139120999,38,38,22,,,,,,26,,,,NW,NW,0
NW.12100,5903139121002,29,29,22,,,,,,19,,,,NW,NW,0
NW.12101,5903139121019,29,29,22,,,,,,6,,,,NW,NW,0
NW.12102,5903139121026,29,29,22,,,,,,26,,,,NW,NW,0
NW.12103,5903139121033,29,29,22,,,,,,23,,,,NW,NW,0
NW.12104,5903139121040,33.5,33.5,22,,,,,,30,,,,NW,NW,0
NW.12105,5903139121057,37,37,22,,,,,,21,,,,NW,NW,0
NW.12106,5903139121064,37,37,22,,,,,,24,,,,NW,NW,0
NW.12107,5903139121071,33.5,33.5,22,,,,,,29,,,,NW,NW,0
NW.12120,5903139121200,19,19,22,,,,,,30,2,28.09.2026,,NW,NW,0
NW.12122,5903139121224,47,47,22,,,,,,0,17,24.09.2026,,NW,NW,0
NW.12123,5903139121231,47,47,22,,,,,,34,,,,NW,NW,0
NW.12124,5903139121248,47,47,22,,,,,,24,,,,NW,NW,0
NW.12125,5903139121255,47,47,22,,,,,,19,,,,NW,NW,0
NW.12126,5903139121262,40,40,22,,,,,,1,20,16.10.2026,,NW,NW,0
NW.12127,5903139121279,40,40,22,,,,,,38,,,,NW,NW,0
NW.12128,5903139121286,40,40,22,,,,,,19,,,,NW,NW,0
NW.12130,5903139121309,40,40,22,,,,,,26,,,,NW,NW,0
NW.12131,5903139121316,31,31,22,,,,,,11,,,,NW,NW,0
NW.12132,5903139121323,31,31,22,,,,,,1,20,07.10.2026,,NW,NW,0
NW.12133,5903139121330,31,31,22,,,,,,24,,,,NW,NW,0
NW.12134,5903139121347,31,31,22,,,,,,17,,,,NW,NW,0
NW.12135,5903139121354,39,39,22,,,,,,18,,,,NW,NW,0
NW.12136,5903139121361,39,39,22,,,,,,27,,,,NW,NW,0
NW.12137,5903139121378,39,39,22,,,,,,26,,,,NW,NW,0
NW.12138,5903139121385,39,39,22,,,,,,58,,,,NW,NW,0
NW.12139,5903139121392,44,44,22,,,,,,19,,,,NW,NW,0
NW.12140,5903139121408,44,44,22,,,,,,15,,,,NW,NW,0
NW.12141,5903139121415,37,37,22,,,,,,16,,,,NW,NW,0
NW.12142,5903139121422,37,37,22,,,,,,11,,,,NW,NW,0
NW.12143,5903139121439,37,37,22,,,,,,25,,,,NW,NW,0
NW.12144,5903139121446,37,37,22,,,,,,30,,,,NW,NW,0
NW.12145,5903139121453,29,29,22,,,,,,65,,,,NW,NW,0
NW.12146,5903139121460,29,29,22,,,,,,28,,,,NW,NW,0
NW.12147,5903139121477,29,29,22,,,,,,22,,,,NW,NW,0
NW.12148,5903139121484,29,29,22,,,,,,27,,,,NW,NW,0
NW.12149,5903139121491,4,4,22,,,,,,0,97,28.09.2026,,NW,NW,0
NW.12150,5903139121507,4.5,4.5,22,,,,,,7,,,,NW,NW,0
NW.12151,5903139121514,15.5,15.5,22,,,,,,0,45,06.10.2026,,NW,NW,0
NW.12181,5903139121811,145,145,22,,,,,,18,,,,NW,NW,0
NW.12182,5903139121828,189,189,22,,,,,,18,,,,NW,NW,0
NW.12183,5903139121835,136,136,22,,,,,,17,,,,NW,NW,0
NW.12184,5903139121842,161,161,22,,,,,,18,,,,NW,NW,0
NW.12185,5903139121859,47,47,22,,,,,,22,,,,NW,NW,0
NW.12186,5903139121866,47,47,22,,,,,,117,,,,NW,NW,0
NW.12187,5903139121873,50,50,22,,,,,,27,,,,NW,NW,0
NW.12188,5903139121880,50,50,22,,,,,,29,,,,NW,NW,0
NW.12190,5903139121903,57,57,22,,,,,,30,,,,NW,NW,0
NW.12191,5903139121910,57,57,22,,,,,,17,,,,NW,NW,0
NW.12192,5903139121927,97,97,22,,,,,,0,45,28.09.2026,,NW,NW,0
NW.12193,5903139121934,97,97,22,,,,,,0,33,01.10.2026,,NW,NW,0
NW.12194,5903139121941,97,97,22,,,,,,0,8,28.09.2026,,NW,NW,0
NW.12195,5903139121958,97,97,22,,,,,,0,32,01.10.2026,,NW,NW,0
NW.12196,5903139121965,97,97,22,,,,,,0,1,29.09.2026,,NW,NW,0
NW.12197,5903139121972,90,90,22,1,0,0,1,0,0,9,28.09.2026,Glavno skladišče Rakovnik 9a,NW,NW,0
NW.12198,5903139121989,90,90,22,,,,,,12,6,24.09.2026,,NW,NW,0
NW.12200,5903139122009,90,90,22,,,,,,12,20,07.10.2026,,NW,NW,0
NW.12201,5903139122016,90,90,22,,,,,,0,28,28.09.2026,,NW,NW,0
NW.12202,5903139122023,90,90,22,,,,,,7,30,28.09.2026,,NW,NW,0
NW.12207,5903139122078,67,67,22,,,,,,39,10,28.09.2026,,NW,NW,0
NW.12208,5903139122085,67,67,22,,,,,,23,,,,NW,NW,0
NW.12209,5903139122092,67,67,22,,,,,,2,10,07.10.2026,,NW,NW,0
NW.12210,5903139122108,67,67,22,,,,,,0,17,28.09.2026,,NW,NW,0
NW.12211,5903139122115,67,67,22,,,,,,0,15,28.09.2026,,NW,NW,0
NW.12212,5903139122122,61,61,22,,,,,,0,5,28.09.2026,,NW,NW,0
NW.12214,5903139122146,61,61,22,,,,,,1,10,07.10.2026,,NW,NW,0
NW.12215,5903139122153,61,61,22,,,,,,0,14,28.09.2026,,NW,NW,0
NW.12216,5903139122160,61,61,22,,,,,,2,10,07.10.2026,,NW,NW,0
NW.12231,5903139122313,325,325,22,,,,,,20,8,14.09.2026,,NW,NW,0
NW.12233,5903139122337,325,325,22,,,,,,0,17,14.09.2026,,NW,NW,0
NW.12235,5903139122351,89,89,22,,,,,,5,10,28.09.2026,,NW,NW,0
NW.12236,5903139122368,89,89,22,,,,,,15,,,,NW,NW,0
NW.12237,5903139122375,89,89,22,,,,,,17,,,,NW,NW,0
NW.12238,5903139122382,89,89,22,,,,,,19,,,,NW,NW,0
NW.12240,5903139122405,102,102,22,,,,,,19,,,,NW,NW,0
NW.12241,5903139122412,102,102,22,,,,,,19,,,,NW,NW,0
NW.12242,5903139122429,102,102,22,,,,,,11,,,,NW,NW,0
NW.12243,5903139122436,102,102,22,,,,,,20,,,,NW,NW,0
NW.12244,5903139122443,107,107,22,,,,,,17,,,,NW,NW,0
NW.12245,5903139122450,107,107,22,,,,,,16,,,,NW,NW,0
NW.12246,5903139122467,107,107,22,,,,,,18,,,,NW,NW,0
NW.12247,5903139122474,107,107,22,,,,,,19,,,,NW,NW,0
NW.12267,5903139122672,91,91,22,,,,,,33,,,,NW,NW,0
NW.12374,5903139123747,51,51,22,,,,,,221,,,,NW,NW,0
NW.12426,5903139124263,107,107,22,,,,,,28,,,,NW,NW,0
NW.12427,5903139124270,89,89,22,,,,,,30,,,,NW,NW,0
NW.12428,5903139124287,256,256,22,,,,,,28,,,,NW,NW,0
NW.12430,5903139124300,295,295,22,,,,,,25,,,,NW,NW,0
NW.12431,5903139124317,256,256,22,,,,,,10,,,,NW,NW,0
NW.12432,5903139124324,107,107,22,,,,,,27,,,,NW,NW,0
NW.12433,5903139124331,139,139,22,,,,,,19,,,,NW,NW,0
NW.12434,5903139124348,220,220,22,,,,,,13,,,,NW,NW,0
NW.12436,5903139124362,66,66,22,,,,,,72,2,28.09.2026,,NW,NW,0
NW.12437,5903139124379,66,66,22,,,,,,204,2,21.09.2026,,NW,NW,0
NW.12438,5903139124386,66,66,22,,,,,,44,5,28.09.2026,,NW,NW,0
NW.12440,5903139124409,66,66,22,,,,,,52,49,28.09.2026,,NW,NW,0
NW.12504,5903139125048,16,16,22,,,,,,35,,,,NW,NW,0
NW.12505,5903139125055,107,107,22,,,,,,58,,,,NW,NW,0
NW.12506,5903139125062,178,178,22,,,,,,45,1,28.09.2026,,NW,NW,0
NW.12507,5903139125079,269,269,22,,,,,,54,,,,NW,NW,0
NW.12515,5903139125154,31,31,22,,,,,,80,,,,NW,NW,0
NW.12516,5903139125161,36,36,22,,,,,,64,,,,NW,NW,0
NW.12517,5903139125178,41,41,22,,,,,,69,,,,NW,NW,0
NW.12523,5903139125239,39,39,22,,,,,,1262,,,,NW,NW,0
NW.12595,5903139125956,66,66,22,,,,,,56,50,05.10.2026,,NW,NW,0
NW.12596,5903139125963,64,64,22,,,,,,47,5,28.09.2026,,NW,NW,0
NW.12597,5903139125970,64,64,22,,,,,,87,4,28.09.2026,,NW,NW,0
NW.12600,5903139126007,64,64,22,,,,,,83,50,12.10.2026,,NW,NW,0
NW.12601,5903139126014,64,64,22,,,,,,50,2,28.09.2026,,NW,NW,0
NW.12603,5903139126038,64,64,22,,,,,,248,,,,NW,NW,0
NW.203,5903139203999,68.4,68.4,22,1,,,1,,6,60,06.10.2026,Glavno skladišče Brnčičeva 13,NW,NW,0
NW.205,5903139205993,172,172,22,0,,,0,,0,43,24.09.2026,Glavno skladišče Brnčičeva 13,NW,NW,0
NW.206,5903139206990,288,288,22,,,,,,25,2,28.09.2026,,NW,NW,0
NW.3393,5903139339391,,80.2,22,1,,,1,,,,,Glavno skladišče Brnčičeva 13,NW,NW,0
NW.3401,5903139340199,27,27,22,,,,,,4923,5000,05.11.2026,,NW,NW,0
NW.3402,5903139340298,65,65,22,1,,,1,,297,,,Glavno skladišče Brnčičeva 13,NW,NW,0
NW.3403,5903139340397,52.9,52.9,22,0,,,0,,214,,,Glavno skladišče Brnčičeva 13,NW,NW,0
NW.3404,5903139340496,93.9,93.9,22,0,,,0,,578,,,Glavno skladišče Brnčičeva 13,NW,NW,0
NW.3405,5903139340595,,43.1,22,1,,,1,,,,,Glavno skladišče Brnčičeva 13,NW,NW,0
NW.3408,5903139340892,59,59,22,,,,,,521,,,,NW,NW,0
NW.3411,5903139341196,39.9,39.9,22,,,,,,,,,,NW,NW,0
NW.3412,5903139341295,36.9,36.9,22,0,,,0,,826,,,Glavno skladišče Brnčičeva 13,NW,NW,0
NW.4171,5903139417198,83.2,83.2,22,,,,,,40,7,15.09.2026,,NW,NW,0
NW.4174,5903139417495,115,140.9,22,0,,,0,,1,10,28.09.2026,Glavno skladišče Brnčičeva 13,NW,NW,0
NW.4387,5903139438797,59.9,59.9,22,,,,,,89,,,,NW,NW,0
NW.4420,5903139442091,37.9,37.9,22,,,,,,235,,,,NW,NW,0
NW.4421,5903139442190,,,22,,,,,,,,,,NW,NW,0
NW.4422,5903139442299,55,55,22,,,,,,215,200,11.12.2026,,NW,NW,0
NW.4423,5903139442398,43.9,43.9,22,,,,,,203,600,11.12.2026,,NW,NW,0
NW.4424,5903139442497,55,55,22,,,,,,682,500,30.11.2026,,NW,NW,0
NW.4443,5903139444392,89.9,89.9,22,,,,,,,,,,NW,NW,0
NW.4446,5903139444699,109,109,22,,,,,,0,371,05.11.2026,,NW,NW,0
NW.4448,5903139444897,189,189,22,,,,,,0,,,,NW,NW,0
NW.4453,5903139445399,24.9,24.9,22,,,,,,31,200,05.11.2026,,NW,NW,0
NW.4454,5903139445498,55,55,22,,,,,,0,,,,NW,NW,0
NW.4686,5903139468695,71,71,22,,,,,,229,,,,NW,NW,0
NW.4687,5903139468794,37,37,22,,,,,,132,,,,NW,NW,0
NW.4692,5903139469296,97.9,97.9,22,,,,,,279,,,,NW,NW,0
NW.4694,5903139469494,109,109,22,,,,,,41,100,17.11.2026,,NW,NW,0
NW.4698,5903139469890,109,109,22,,,,,,173,102,11.12.2026,,NW,NW,0
NW.4906,5903139490696,109,109,22,,,,,,52,200,26.11.2026,,NW,NW,0
NW.4907,5903139490795,24.2,24.2,22,8,0,0,8,0,331,,,Glavno skladišče Rakovnik 9a,NW,NW,0
NW.4961,5903139496193,115,115,22,,,,,,19,,,,NW,NW,0
NW.4963,5903139496391,374,374,22,0,,,0,,13,,,Glavno skladišče Brnčičeva 13,NW,NW,0
NW.5067,5903139506793,157,157,22,,,,,,14,,,,NW,NW,0
NW.5255,5903139525596,20,20,22,7,0,0,7,0,1512,61,01.10.2026,Glavno skladišče Rakovnik 9a + Glavno skladišče Brnčičeva 13,NW,NW,0
NW.5292,5903139529297,81.9,81.9,22,,,,,,0,265,22.10.2026,,NW,NW,0
NW.5294,5903139529495,95,95,22,,,,,,0,177,22.10.2026,,NW,NW,0
NW.5397,5903139539791,52.5,78.2,22,1,,,1,,197,1,01.10.2026,Glavno skladišče Brnčičeva 13,NW,NW,0
NW.5455,5903139545594,58,58,22,0,,,0,,7,50,16.10.2026,Glavno skladišče Brnčičeva 13,NW,NW,0
NW.5463,5903139546393,36.2,36.2,22,0,,,0,,187,7,01.10.2026,Glavno skladišče Brnčičeva 13,NW,NW,0
NW.5471,5903139547192,42,59.1,22,4,,,4,,0,1,01.10.2026,Glavno skladišče Brnčičeva 13,NW,NW,0
NW.5654,5903139565493,47.3,47.3,22,,,,,,0,23,29.09.2026,,NW,NW,0
NW.5844,5903139584494,,89.6,22,3,,,3,,,,,Glavno skladišče Brnčičeva 13,NW,NW,0
NW.6000,5903139600095,39,39,22,1,,,1,,88,100,28.09.2026,Glavno skladišče Brnčičeva 13,NW,NW,0
NW.6014,5903139601498,29,29,22,6,0,0,6,0,189,,,Glavno skladišče Rakovnik 9a + Glavno skladišče Brnčičeva 13,NW,NW,0
NW.6015,5903139601597,56,56,22,0,,,0,,68,2,28.09.2026,Glavno skladišče Brnčičeva 13,NW,NW,0
NW.6016,5903139601696,71.5,71.5,22,1,,,1,,245,2,01.10.2026,Glavno skladišče Brnčičeva 13,NW,NW,0
NW.6017,5903139601795,98,134.1,22,4,,,4,,43,,,Glavno skladišče Brnčičeva 13,NW,NW,0
NW.6018,5903139601894,29,29,22,0,,,0,,238,,,Glavno skladišče Brnčičeva 13,NW,NW,0
NW.6020,5903139602099,56,56,22,0,,,0,,514,,,Glavno skladišče Brnčičeva 13,NW,NW,0
NW.6021,5903139602198,71.5,71.5,22,,,,,,480,213,01.10.2026,,NW,NW,0
NW.6022,5903139602297,98,138,22,3,,,3,,47,,,Glavno skladišče Brnčičeva 13,NW,NW,0
NW.6136,5903139613699,,,22,,,,,,,,,,NW,NW,0
NW.6336,5903139633697,68.4,68.4,22,,,,,,41,,,,NW,NW,0
NW.6337,5903139633796,68.4,68.4,22,,,,,,201,,,,NW,NW,0
NW.6345,5903139634595,42,42,22,1,,,1,,34,99,24.09.2026,Glavno skladišče Brnčičeva 13,NW,NW,0
NW.6350,5903139635097,42,42,22,0,,,0,,188,,,Glavno skladišče Brnčičeva 13,NW,NW,0
NW.6367,5903139636797,83.2,83.2,22,,,,,,40,,,,NW,NW,0
NW.6368,5903139636896,161.1,161.1,22,1,0,0,1,0,0,9,28.09.2026,Glavno skladišče Rakovnik 9a,NW,NW,0
NW.6390,5903139639095,166,166,22,,,,,,1,30,24.09.2026,,NW,NW,0
NW.6391,5903139639194,164,164,22,,,,,,0,64,01.10.2026,,NW,NW,0
NW.6442,5903139644297,95,95,22,,,,,,6,10,12.10.2026,,NW,NW,0
NW.6443,5903139644396,144.2,144.2,22,,,,,,0,,,,NW,NW,0
NW.6444,5903139644495,95,95,22,1,,,1,,89,2,28.09.2026,Glavno skladišče Brnčičeva 13,NW,NW,0
NW.6487,5903139648790,86.2,86.2,22,,,,,,36,,,,NW,NW,0
NW.6488,5903139648899,58,58,22,2,,,2,,23,,,Glavno skladišče Brnčičeva 13,NW,NW,0
NW.6490,5903139649094,63.1,63.1,22,0,,,0,,30,40,13.10.2026,Glavno skladišče Brnčičeva 13,NW,NW,0
NW.6491,5903139649193,168,168,22,,,,,,16,,,,NW,NW,0
NW.6492,5903139649292,271,271,22,,,,,,0,,,,NW,NW,0
NW.6493,5903139649391,178,178,22,,,,,,4,,,,NW,NW,0
NW.6501,5903139650199,86.2,86.2,22,0,,,0,,78,100,01.10.2026,Glavno skladišče Brnčičeva 13,NW,NW,0
NW.6502,5903139650298,58,58,22,,,,,,103,,,,NW,NW,0
NW.6503,5903139650397,63.1,63.1,22,,,,,,82,50,06.10.2026,,NW,NW,0
NW.6504,5903139650496,168,168,22,,,,,,0,53,01.10.2026,,NW,NW,0
NW.6505,5903139650595,271,271,22,,,,,,15,20,13.10.2026,,NW,NW,0
NW.6506,5903139650694,178,178,22,0,,,0,,62,,,Glavno skladišče Brnčičeva 13,NW,NW,0
NW.6512,5903139651295,115,115,22,,,,,,0,2,24.09.2026,,NW,NW,0
NW.6513,5903139651394,115,115,22,,,,,,0,21,28.09.2026,,NW,NW,0
NW.6525,5903139652599,44.1,44.1,22,8,0,0,8,0,0,68,24.09.2026,Glavno skladišče Rakovnik 9a,NW,NW,0
NW.6526,5903139652698,44.1,44.1,22,13,0,0,13,0,0,243,28.09.2026,Glavno skladišče Rakovnik 9a + Glavno skladišče Brnčičeva 13,NW,NW,0
NW.6528,5903139652896,50.4,50.4,22,11,0,0,11,0,46,,,Glavno skladišče Rakovnik 9a + Glavno skladišče Brnčičeva 13,NW,NW,0
NW.6530,5903139653091,50.4,50.4,22,10,0,0,10,0,1,50,01.10.2026,Glavno skladišče Rakovnik 9a + Glavno skladišče Brnčičeva 13,NW,NW,0
NW.6532,5903139653299,166,166,22,,,,,,0,18,28.09.2026,,NW,NW,0
NW.6605,5903139660594,63.1,63.1,22,,,,,,2,20,28.09.2026,,NW,NW,0
NW.6607,5903139660792,155,184,22,0,,,0,,137,1,28.09.2026,Glavno skladišče Brnčičeva 13,NW,NW,0
NW.6611,5903139661195,155,155,22,0,,,0,,134,100,01.10.2026,Glavno skladišče Brnčičeva 13,NW,NW,0
NW.6640,5903139664097,155,155,22,,,,,,30,1,28.09.2026,,NW,NW,0
NW.6641,5903139664196,155,155,22,,,,,,17,,,,NW,NW,0
NW.6768,5903139676892,90.4,90.4,22,0,,,0,,13,20,28.09.2026,Glavno skladišče Brnčičeva 13,NW,NW,0
NW.6772,5903139677295,225,225,22,,,,,,2,20,01.10.2026,,NW,NW,0
NW.6773,5903139677394,225,225,22,,,,,,0,8,29.09.2026,,NW,NW,0
NW.6774,5903139677493,225,225,22,0,,,0,,7,,,Glavno skladišče Brnčičeva 13,NW,NW,0
NW.6775,5903139677592,67.9,67.9,22,,,,,,,,,,NW,NW,0
NW.6776,5903139677691,119,119,22,,,,,,231,,,,NW,NW,0
NW.6785,5903139678599,168,168,22,0,,,0,,31,,,Glavno skladišče Brnčičeva 13,NW,NW,0
NW.6788,5903139678896,115,115,22,0,,,0,,22,,,Glavno skladišče Brnčičeva 13,NW,NW,0
NW.6792,5903139679299,40,40,22,,,,,,0,100,05.10.2026,,NW,NW,0
NW.6836,5903139683692,20,20,22,8,0,0,8,0,1547,18,24.09.2026,Glavno skladišče Rakovnik 9a + Glavno skladišče Brnčičeva 13,NW,NW,0
NW.6837,5903139683791,36.2,36.2,22,4,0,0,4,0,146,120,16.10.2026,Glavno skladišče Rakovnik 9a + Glavno skladišče Brnčičeva 13,NW,NW,0
NW.6838,5903139683890,42,42,22,1,,,1,,179,3,01.10.2026,Glavno skladišče Brnčičeva 13,NW,NW,0
NW.6840,5903139684095,52.5,52.5,22,6,0,0,6,0,466,,,Glavno skladišče Rakovnik 9a + Glavno skladišče Brnčičeva 13,NW,NW,0
NW.6841,5903139684194,58,58,22,6,0,0,6,0,159,200,24.09.2026,Glavno skladišče Rakovnik 9a + Glavno skladišče Brnčičeva 13,NW,NW,0
NW.6842,5903139684293,47.3,47.3,22,,,,,,23,60,21.10.2026,,NW,NW,0
NW.6845,5903139684590,197,229,22,2,,,2,,0,,,Glavno skladišče Brnčičeva 13,NW,NW,0
NW.6907,5903139690799,41.9,46.9,22,1,,,1,,717,,,Glavno skladišče Brnčičeva 13,NW,NW,0
NW.6908,5903139690898,41.9,46.9,22,4,,,4,,455,500,22.10.2026,Glavno skladišče Brnčičeva 13,NW,NW,0
NW.6911,5903139691192,81.9,81.9,22,,,,,,270,200,17.11.2026,,NW,NW,0
NW.6913,5903139691390,,75,22,2,,,2,,35,,,Glavno skladišče Brnčičeva 13,NW,NW,0
NW.6948,5903139694896,40,40,22,0,,,0,,180,216,28.09.2026,Glavno skladišče Brnčičeva 13,NW,NW,0
NW.6950,5903139695091,72,72,22,0,,,0,,155,,,Glavno skladišče Brnčičeva 13,NW,NW,0
NW.6951,5903139695190,98,98,22,0,,,0,,,,,Glavno skladišče Brnčičeva 13,NW,NW,0
NW.6976,5903139697699,81.9,81.9,22,0,,,0,,1627,600,01.01.2027,Glavno skladišče Brnčičeva 13,NW,NW,0
NW.6977,5903139697798,115,115,22,0,,,0,,1355,277,01.10.2026,Glavno skladišče Brnčičeva 13,NW,NW,0
NW.6978,5903139697897,147,147,22,0,,,0,,1011,715,01.10.2026,Glavno skladišče Brnčičeva 13,NW,NW,0
NW.7017,5903139701792,55,55,22,,,,,,362,,,,NW,NW,0
NW.7318,5903139731898,15.5,15.5,22,2,,,2,,18,,,Glavno skladišče Brnčičeva 13,NW,NW,0
NW.7320,5903139732093,15.5,15.5,22,0,,,0,,7,,,Glavno skladišče Brnčičeva 13,NW,NW,0
NW.7487,5903139748797,24,24,22,,,,,,423,,,,NW,NW,0
NW.7500,5903139750097,15,15,22,0,,,0,,642,,,Glavno skladišče Brnčičeva 13,NW,NW,0
NW.7501,5903139750196,17,29.6,22,1,,,1,,307,,,Glavno skladišče Brnčičeva 13,NW,NW,0
NW.7502,5903139750295,20,20,22,0,,,0,,757,,,Glavno skladišče Brnčičeva 13,NW,NW,0
NW.7503,5903139750394,6.2,6.2,22,2,0,0,2,0,5404,2000,21.12.2026,Glavno skladišče Rakovnik 9a + Glavno skladišče Brnčičeva 13,NW,NW,0
NW.7504,5903139750493,6.2,6.2,22,12,,,12,,1434,1000,10.12.2026,Glavno skladišče Brnčičeva 13,NW,NW,0
NW.7520,5903139752091,210,210,22,,,,,,29,,,,NW,NW,0
NW.7522,5903139752299,210,210,22,,,,,,16,1,28.09.2026,,NW,NW,0
NW.7524,5903139752497,157,157,22,0,,,0,,29,80,12.10.2026,Glavno skladišče Brnčičeva 13,NW,NW,0
NW.7525,5903139752596,199,199,22,,,,,,25,60,06.10.2026,,NW,NW,0
NW.7526,5903139752695,161.1,161.1,22,,,,,,13,,,,NW,NW,0
NW.7527,5903139752794,130,130,22,,,,,,41,40,01.10.2026,,NW,NW,0
NW.7528,5903139752893,136,136,22,,,,,,26,,,,NW,NW,0
NW.7530,5903139753098,288,288,22,,,,,,51,,,,NW,NW,0
NW.7531,5903139753197,199,199,22,0,,,0,,7,10,21.10.2026,Glavno skladišče Brnčičeva 13,NW,NW,0
NW.7533,5903139753395,153,153,22,,,,,,12,20,21.10.2026,,NW,NW,0
NW.7534,5903139753494,153,153,22,,,,,,0,9,05.10.2026,,NW,NW,0
NW.7535,5903139753593,185,185,22,,,,,,17,30,28.09.2026,,NW,NW,0
NW.7536,5903139753692,157,157,22,0,,,0,,97,100,12.10.2026,Glavno skladišče Brnčičeva 13,NW,NW,0
NW.7537,5903139753791,199,199,22,,,,,,65,40,01.10.2026,,NW,NW,0
NW.7538,5903139753890,161.1,161.1,22,,,,,,11,20,05.10.2026,,NW,NW,0
NW.7540,5903139754095,130,130,22,1,,,1,,82,,,Glavno skladišče Brnčičeva 13,NW,NW,0
NW.7541,5903139754194,136,136,22,0,,,0,,9,30,28.09.2026,Glavno skladišče Brnčičeva 13,NW,NW,0
NW.7542,5903139754293,199,199,22,0,,,0,,0,20,06.10.2026,Glavno skladišče Brnčičeva 13,NW,NW,0
NW.7544,5903139754491,288,288,22,,,,,,3,10,06.10.2026,,NW,NW,0
NW.7546,5903139754699,153,153,22,1,,,1,,54,60,16.10.2026,Glavno skladišče Brnčičeva 13,NW,NW,0
NW.7547,5903139754798,185,185,22,,,,,,0,48,01.10.2026,,NW,NW,0
NW.7548,5903139754897,153,153,22,0,,,0,,95,,,Glavno skladišče Brnčičeva 13,NW,NW,0
NW.7551,5903139755191,103.1,103.1,22,,,,,,48,,,,NW,NW,0
NW.7552,5903139755290,71.5,71.5,22,,,,,,8,,,,NW,NW,0
NW.7553,5903139755399,93,93,22,,,,,,75,,,,NW,NW,0
NW.7556,5903139755696,103.1,103.1,22,0,,,0,,29,50,28.09.2026,Glavno skladišče Brnčičeva 13,NW,NW,0
NW.7557,5903139755795,73.6,73.6,22,,,,,,22,99,24.09.2026,,NW,NW,0
NW.7558,5903139755894,93,93,22,,,,,,115,,,,NW,NW,0
NW.7560,5903139756099,103.1,103.1,22,,,,,,26,,,,NW,NW,0
NW.7561,5903139756198,83.2,83.2,22,,,,,,16,,,,NW,NW,0
NW.7562,5903139756297,70.5,70.5,22,,,,,,23,60,21.10.2026,,NW,NW,0
NW.7566,5903139756693,103.1,103.1,22,,,,,,35,49,24.09.2026,,NW,NW,0
NW.7567,5903139756792,83.2,83.2,22,,,,,,3,50,24.09.2026,,NW,NW,0
NW.7568,5903139756891,70.5,70.5,22,,,,,,115,5,24.09.2026,,NW,NW,0
NW.7581,5903139758192,35,35,22,8,0,0,8,0,2362,300,24.09.2026,Glavno skladišče Rakovnik 9a + Glavno skladišče Brnčičeva 13,NW,NW,0
NW.7582,5903139758291,38,38,22,0,,,0,,175,220,28.09.2026,Glavno skladišče Brnčičeva 13,NW,NW,0
NW.7583,5903139758390,45,45,22,8,0,0,8,0,23,50,21.10.2026,Glavno skladišče Rakovnik 9a,NW,NW,0
NW.7584,5903139758499,35,35,22,5,,,5,,1639,1703,01.10.2026,Glavno skladišče Brnčičeva 13,NW,NW,0
NW.7585,5903139758598,38,38,22,0,,,0,,225,200,24.09.2026,Glavno skladišče Brnčičeva 13,NW,NW,0
NW.7594,5903139759496,83.2,83.2,22,0,,,0,,79,1,28.09.2026,Glavno skladišče Brnčičeva 13,NW,NW,0
NW.7595,5903139759595,103.1,103.1,22,,,,,,168,,,,NW,NW,0
NW.7596,5903139759694,70.5,70.5,22,0,,,0,,338,,,Glavno skladišče Brnčičeva 13,NW,NW,0
NW.7597,5903139759793,73.6,73.6,22,,,,,,86,120,16.10.2026,,NW,NW,0
NW.7598,5903139759892,93,93,22,,,,,,182,,,,NW,NW,0
NW.7600,5903139760096,103.1,103.1,22,,,,,,45,75,24.09.2026,,NW,NW,0
NW.7601,5903139760195,42,42,22,0,,,0,,163,,,Glavno skladišče Brnčičeva 13,NW,NW,0
NW.7603,5903139760393,39,39,22,,,,,,17,,,,NW,NW,0
NW.7605,5903139760690,48.3,48.3,22,,,,,,21,,,,NW,NW,0
NW.7606,5903139760591,58,58,22,,,,,,10,,,,NW,NW,0
NW.7607,5903139760799,168,168,22,,,,,,28,,,,NW,NW,0
NW.7614,5903139761499,736,736,22,,,,,,55,,,,NW,NW,0
NW.7616,5903139761697,515,515,22,0,,,0,,26,,,Glavno skladišče Brnčičeva 13,NW,NW,0
NW.7618,5903139761895,100,100,22,,,,,,208,,,,NW,NW,0
NW.7620,5903139762090,100,100,22,,,,,,0,183,25.09.2026,,NW,NW,0
NW.7621,5903139762199,100,100,22,,,,,,262,200,17.11.2026,,NW,NW,0
NW.7622,5903139762298,100,100,22,,,,,,327,300,25.09.2026,,NW,NW,0
NW.7623,5903139762397,69,69,22,,,,,,58,,,,NW,NW,0
NW.7624,5903139762496,69,69,22,,,,,,90,,,,NW,NW,0
NW.7625,5903139762595,69,69,22,,,,,,46,100,17.11.2026,,NW,NW,0
NW.7626,5903139762694,65,65,22,4,0,0,4,0,,,,Glavno skladišče Rakovnik 9a,NW,NW,0
NW.7627,5903139762793,458,458,22,,,,,,53,,,,NW,NW,0
NW.7630,5903139763097,705,705,22,,,,,,13,,,,NW,NW,0
NW.7633,5903139763394,103.1,103.1,22,,,,,,10,11,28.09.2026,,NW,NW,0
NW.7634,5903139763493,73.6,73.6,22,0,,,0,,151,,,Glavno skladišče Brnčičeva 13,NW,NW,0
NW.7635,5903139763592,86.2,86.2,22,0,,,0,,113,200,28.09.2026,Glavno skladišče Brnčičeva 13,NW,NW,0
NW.7636,5903139763691,108.4,108.4,22,,,,,,117,20,14.09.2026,,NW,NW,0
NW.7637,5903139763790,73.6,73.6,22,0,,,0,,171,4,28.09.2026,Glavno skladišče Brnčičeva 13,NW,NW,0
NW.7638,5903139763899,86.2,86.2,22,0,,,0,,101,4,14.09.2026,Glavno skladišče Brnčičeva 13,NW,NW,0
NW.7640,5903139764094,108.4,108.4,22,0,,,0,,108,3,21.09.2026,Glavno skladišče Brnčičeva 13,NW,NW,0
NW.7641,5903139764193,199,199,22,,,,,,6,20,05.10.2026,,NW,NW,0
NW.7642,5903139764292,288,288,22,0,,,0,,0,3,14.09.2026,Glavno skladišče Brnčičeva 13,NW,NW,0
NW.7644,5903139764490,168,238.1,22,1,,,1,,81,,,Glavno skladišče Brnčičeva 13,NW,NW,0
NW.7645,5903139764599,108.4,108.4,22,0,,,0,,25,15,14.09.2026,Glavno skladišče Brnčičeva 13,NW,NW,0
NW.7646,5903139764698,482,482,22,,,,,,0,,,,NW,NW,0
NW.7647,5903139764797,515,515,22,,,,,,16,,,,NW,NW,0
NW.7651,5903139765190,248,248,22,,,,,,6,10,21.09.2026,,NW,NW,0
NW.7652,5903139765299,288,288,22,,,,,,34,,,,NW,NW,0
NW.7653,5903139765398,231,231,22,,,,,,30,3,28.09.2026,,NW,NW,0
NW.7654,5903139765497,231,231,22,,,,,,55,,,,NW,NW,0
NW.7655,5903139765596,231,231,22,,,,,,21,1,14.09.2026,,NW,NW,0
NW.7657,5903139765794,75,75,22,0,,,0,,,,,Glavno skladišče Brnčičeva 13,NW,NW,0
NW.7661,5903139766197,64,64,22,,,,,,227,,,,NW,NW,0
NW.7665,5903139766593,80,80,22,0,,,0,,100,30,24.09.2026,Glavno skladišče Brnčičeva 13,NW,NW,0
NW.7666,5903139766692,115,115,22,0,,,0,,67,20,01.10.2026,Glavno skladišče Brnčičeva 13,NW,NW,0
NW.7667,5903139766791,242,322.5,22,1,,,1,,23,1,28.09.2026,Glavno skladišče Brnčičeva 13,NW,NW,0
NW.7668,5903139766890,490,490,22,,,,,,9,,,,NW,NW,0
NW.7671,5903139767194,51.5,51.5,22,,,,,,2,20,21.10.2026,,NW,NW,0
NW.7672,5903139767293,86.2,86.2,22,,,,,,13,,,,NW,NW,0
NW.7674,5903139767491,58,58,22,,,,,,27,,,,NW,NW,0
NW.7675,5903139767590,86.2,86.2,22,,,,,,17,,,,NW,NW,0
NW.7683,5903139768399,44.2,44.2,22,4,,,4,,53,60,21.10.2026,Glavno skladišče Brnčičeva 13,NW,NW,0
NW.7688,5903139768894,44.2,44.2,22,,,,,,34,60,21.10.2026,,NW,NW,0
NW.7694,5903139769495,282,282,22,,,,,,2,20,22.09.2026,,NW,NW,0
NW.7695,5903139769594,258,258,22,,,,,,15,,,,NW,NW,0
NW.7696,5903139769693,288,288,22,,,,,,22,,,,NW,NW,0
NW.7697,5903139769792,271,271,22,,,,,,8,,,,NW,NW,0
NW.7698,5903139769891,282,282,22,,,,,,47,,,,NW,NW,0
NW.7700,5903139770095,258,258,22,,,,,,12,,,,NW,NW,0
NW.7701,5903139770194,288,288,22,0,,,0,,10,,,Glavno skladišče Brnčičeva 13,NW,NW,0
NW.7702,5903139770293,271,271,22,,,,,,7,,,,NW,NW,0
NW.7703,5903139770392,103.1,103.1,22,,,,,,34,,,,NW,NW,0
NW.7704,5903139770491,157,157,22,0,,,0,,21,20,01.10.2026,Glavno skladišče Brnčičeva 13,NW,NW,0
NW.7705,5903139770590,199,199,22,0,,,0,,24,1,28.09.2026,Glavno skladišče Brnčičeva 13,NW,NW,0
NW.7706,5903139770699,103.1,103.1,22,,,,,,247,,,,NW,NW,0
NW.7707,5903139770798,157,157,22,0,,,0,,80,60,16.10.2026,Glavno skladišče Brnčičeva 13,NW,NW,0
NW.7708,5903139770897,199,199,22,0,,,0,,54,100,28.09.2026,Glavno skladišče Brnčičeva 13,NW,NW,0
NW.7710,5903139771092,113,113,22,,,,,,28,62,01.10.2026,,NW,NW,0
NW.7711,5903139771191,172,172,22,0,,,0,,30,,,Glavno skladišče Brnčičeva 13,NW,NW,0
NW.7712,5903139771290,218,218,22,0,,,0,,23,,,Glavno skladišče Brnčičeva 13,NW,NW,0
NW.7713,5903139771399,105.2,105.2,22,,,,,,6,10,21.10.2026,,NW,NW,0
NW.7714,5903139771498,164,164,22,,,,,,8,,,,NW,NW,0
NW.7715,5903139771597,208,208,22,0,,,0,,10,,,Glavno skladišče Brnčičeva 13,NW,NW,0
NW.7716,5903139771696,105.2,105.2,22,,,,,,23,,,,NW,NW,0
NW.7717,5903139771795,164,164,22,,,,,,30,,,,NW,NW,0
NW.7718,5903139771894,208,208,22,,,,,,94,,,,NW,NW,0
NW.7720,5903139772099,279,279,22,,,,,,138,2,01.10.2026,,NW,NW,0
NW.7721,5903139772198,244,244,22,,,,,,81,100,28.09.2026,,NW,NW,0
NW.7722,5903139772297,282,282,22,,,,,,36,50,12.10.2026,,NW,NW,0
NW.7723,5903139772396,258,258,22,,,,,,38,60,01.10.2026,,NW,NW,0
NW.7725,5903139772594,58,58,22,0,,,0,,53,,,Glavno skladišče Brnčičeva 13,NW,NW,0
NW.7726,5903139772693,86.2,86.2,22,0,,,0,,25,,,Glavno skladišče Brnčičeva 13,NW,NW,0
NW.7728,5903139772891,58,58,22,0,,,0,,121,2,29.09.2026,Glavno skladišče Brnčičeva 13,NW,NW,0
NW.7730,5903139773096,86.2,86.2,22,0,,,0,,32,40,28.09.2026,Glavno skladišče Brnčičeva 13,NW,NW,0
NW.7750,5903139775090,279,279,22,,,,,,5,75,28.09.2026,,NW,NW,0
NW.7751,5903139775199,244,244,22,,,,,,0,220,01.10.2026,,NW,NW,0
NW.7752,5903139775298,282,282,22,,,,,,0,43,28.09.2026,,NW,NW,0
NW.7753,5903139775397,258,258,22,,,,,,0,48,28.09.2026,,NW,NW,0
NW.7754,5903139775496,334,334,22,,,,,,3,10,06.10.2026,,NW,NW,0
NW.7755,5903139775595,332,332,22,,,,,,24,,,,NW,NW,0
NW.7762,5903139776295,73.6,73.6,22,0,,,0,,16,1,28.09.2026,Glavno skladišče Brnčičeva 13,NW,NW,0
NW.7763,5903139776394,40,40,22,0,,,0,,28,,,Glavno skladišče Brnčičeva 13,NW,NW,0
NW.7764,5903139776493,47.3,47.3,22,0,,,0,,181,,,Glavno skladišče Brnčičeva 13,NW,NW,0
NW.7766,5903139776691,70.4,70.4,22,0,,,0,,62,,,Glavno skladišče Brnčičeva 13,NW,NW,0
NW.7767,5903139776790,94,94,22,0,,,0,,43,,,Glavno skladišče Brnčičeva 13,NW,NW,0
NW.7768,5903139776899,108.4,108.4,22,0,,,0,,236,52,24.09.2026,Glavno skladišče Brnčičeva 13,NW,NW,0
NW.7770,5903139777094,168,168,22,0,,,0,,9,60,24.09.2026,Glavno skladišče Brnčičeva 13,NW,NW,0
NW.7771,5903139777193,40,40,22,0,,,0,,103,,,Glavno skladišče Brnčičeva 13,NW,NW,0
NW.7772,5903139777292,47.3,47.3,22,0,,,0,,81,,,Glavno skladišče Brnčičeva 13,NW,NW,0
NW.7774,5903139777490,70.4,70.4,22,0,,,0,,13,60,24.09.2026,Glavno skladišče Brnčičeva 13,NW,NW,0
NW.7775,5903139777599,94,94,22,2,,,2,,37,100,24.09.2026,Glavno skladišče Brnčičeva 13,NW,NW,0
NW.7776,5903139777698,108.4,108.4,22,0,,,0,,88,100,16.10.2026,Glavno skladišče Brnčičeva 13,NW,NW,0
NW.7777,5903139777797,168,168,22,0,,,0,,61,3,28.09.2026,Glavno skladišče Brnčičeva 13,NW,NW,0
NW.7778,5903139777896,46.3,46.3,22,,,,,,0,16,28.09.2026,,NW,NW,0
NW.7780,5903139778091,57,57,22,,,,,,17,,,,NW,NW,0
NW.7782,5903139778299,86.2,86.2,22,0,,,0,,10,20,21.10.2026,Glavno skladišče Brnčičeva 13,NW,NW,0
NW.7783,5903139778398,115,115,22,,,,,,6,20,22.09.2026,,NW,NW,0
NW.7784,5903139778497,144.2,144.2,22,,,,,,0,50,01.10.2026,,NW,NW,0
NW.7785,5903139778596,216,216,22,,,,,,27,,,,NW,NW,0
NW.7786,5903139778695,50.4,50.4,22,,,,,,51,60,16.10.2026,,NW,NW,0
NW.7787,5903139778794,50.4,50.4,22,,,,,,0,43,24.09.2026,,NW,NW,0
NW.7788,5903139778893,374,374,22,,,,,,0,25,28.09.2026,,NW,NW,0
NW.7790,5903139779098,45.3,45.3,22,0,,,0,,18,60,06.10.2026,Glavno skladišče Brnčičeva 13,NW,NW,0
NW.7791,5903139779197,45.3,45.3,22,0,,,0,,0,65,28.09.2026,Glavno skladišče Brnčičeva 13,NW,NW,0
NW.7792,5903139779296,49.5,49.5,22,,,,,,0,,,,NW,NW,0
NW.7794,5903139779494,431,431,22,,,,,,14,,,,NW,NW,0
NW.7797,5903139779791,144.2,144.2,22,,,,,,0,20,01.10.2026,,NW,NW,0
NW.7798,5903139779890,132,132,22,,,,,,16,20,25.09.2026,,NW,NW,0
NW.7800,5903139780094,115,115,22,,,,,,26,30,06.10.2026,,NW,NW,0
NW.7801,5903139780193,73.6,73.6,22,,,,,,0,30,28.09.2026,,NW,NW,0
NW.7802,5903139780292,51.5,51.5,22,,,,,,112,,,,NW,NW,0
NW.7803,5903139780391,48.3,48.3,22,,,,,,42,,,,NW,NW,0
NW.7804,5903139780490,73.6,73.6,22,0,,,0,,130,,,Glavno skladišče Brnčičeva 13,NW,NW,0
NW.7805,5903139780599,51.5,51.5,22,0,,,0,,33,60,12.10.2026,Glavno skladišče Brnčičeva 13,NW,NW,0
NW.7806,5903139780698,48.3,48.3,22,0,,,0,,18,50,28.09.2026,Glavno skladišče Brnčičeva 13,NW,NW,0
NW.7807,5903139780797,35.7,35.7,22,1,,,1,,482,250,01.10.2026,Glavno skladišče Brnčičeva 13,NW,NW,0
NW.7808,5903139780896,45.3,45.3,22,2,,,2,,423,100,24.09.2026,Glavno skladišče Brnčičeva 13,NW,NW,0
NW.7810,5903139781091,65.2,65.2,22,4,,,4,,12,100,24.09.2026,Glavno skladišče Brnčičeva 13,NW,NW,0
NW.7811,5903139781190,86.2,86.2,22,0,,,0,,565,400,01.10.2026,Glavno skladišče Brnčičeva 13,NW,NW,0
NW.7812,5903139781299,100,100,22,0,,,0,,148,46,24.09.2026,Glavno skladišče Brnčičeva 13,NW,NW,0
NW.7813,5903139781398,157,157,22,0,,,0,,0,14,24.09.2026,Glavno skladišče Brnčičeva 13,NW,NW,0
NW.7814,5903139781497,144.2,144.2,22,0,,,0,,7,,,Glavno skladišče Brnčičeva 13,NW,NW,0
NW.7817,5903139781794,178,184,22,1,,,1,,20,,,Glavno skladišče Brnčičeva 13,NW,NW,0
NW.7822,5903139782296,123.2,123.2,22,,,,,,32,,,,NW,NW,0
NW.7825,5903139782593,144.2,144.2,22,0,,,0,,23,,,Glavno skladišče Brnčičeva 13,NW,NW,0
NW.7827,5903139782791,40,40,22,,,,,,375,100,24.09.2026,,NW,NW,0
NW.7828,5903139782890,80,80,22,0,,,0,,0,137,01.10.2026,Glavno skladišče Brnčičeva 13,NW,NW,0
NW.7830,5903139783095,103.1,103.1,22,1,,,1,,2,20,06.10.2026,Glavno skladišče Brnčičeva 13,NW,NW,0
NW.7831,5903139783194,140,140,22,,,,,,4,1,28.09.2026,,NW,NW,0
NW.7832,5903139783293,218,218,22,,,,,,7,20,21.10.2026,,NW,NW,0
NW.7833,5903139783392,40,40,22,,,,,,410,,,,NW,NW,0
NW.7834,5903139783491,80,80,22,,,,,,159,,,,NW,NW,0
NW.7835,5903139783590,103.1,103.1,22,,,,,,0,16,22.09.2026,,NW,NW,0
NW.7836,5903139783699,140,140,22,2,0,0,2,0,18,,,Glavno skladišče Rakovnik 9a,NW,NW,0
NW.7837,5903139783798,218,218,22,,,,,,40,56,01.10.2026,,NW,NW,0
NW.7838,5903139783897,35.7,35.7,22,1,,,1,,749,400,16.10.2026,Glavno skladišče Brnčičeva 13,NW,NW,0
NW.7840,5903139784092,45.3,45.3,22,0,,,0,,739,,,Glavno skladišče Brnčičeva 13,NW,NW,0
NW.7841,5903139784191,65.2,65.2,22,0,,,0,,525,14,28.09.2026,Glavno skladišče Brnčičeva 13,NW,NW,0
NW.7842,5903139784290,86.2,86.2,22,0,,,0,,608,5,28.09.2026,Glavno skladišče Brnčičeva 13,NW,NW,0
NW.7843,5903139784399,100,100,22,0,,,0,,374,302,28.09.2026,Glavno skladišče Brnčičeva 13,NW,NW,0
NW.7844,5903139784498,157,157,22,0,,,0,,129,50,24.09.2026,Glavno skladišče Brnčičeva 13,NW,NW,0
NW.7846,5903139784696,144.2,144.2,22,,,,,,24,,,,NW,NW,0
NW.7847,5903139784795,71.5,71.5,22,,,,,,61,60,16.10.2026,,NW,NW,0
NW.7848,5903139784894,82,82,22,,,,,,168,,,,NW,NW,0
NW.7850,5903139785099,86.2,86.2,22,,,,,,99,60,16.10.2026,,NW,NW,0
NW.7851,5903139785198,80,80,22,1,0,0,1,0,16,,,Glavno skladišče Rakovnik 9a,NW,NW,0
NW.7852,5903139785297,58,58,22,,,,,,0,28,28.09.2026,,NW,NW,0
NW.7855,5903139785594,193,193,22,,,,,,11,,,,NW,NW,0
NW.7856,5903139785693,144.2,204.6,22,1,,,1,,30,,,Glavno skladišče Brnčičeva 13,NW,NW,0
NW.7857,5903139785792,41.9,59.8,22,2,,,2,,,,,Glavno skladišče Brnčičeva 13,NW,NW,0
NW.7858,5903139785891,58,58,22,0,,,0,,1064,510,10.11.2026,Glavno skladišče Brnčičeva 13,NW,NW,0
NW.7860,5903139786096,58,58,22,0,,,0,,613,510,10.11.2026,Glavno skladišče Brnčičeva 13,NW,NW,0
NW.7862,5903139786294,132,132,22,0,,,0,,118,50,21.10.2026,Glavno skladišče Brnčičeva 13,NW,NW,0
NW.7863,5903139786393,258,258,22,,,,,,5,20,06.10.2026,,NW,NW,0
NW.7864,5903139786492,63.1,63.1,22,,,,,,32,,,,NW,NW,0
NW.7865,5903139786591,57,57,22,,,,,,19,50,21.10.2026,,NW,NW,0
NW.7867,5903139786799,70.5,70.5,22,,,,,,0,20,28.09.2026,,NW,NW,0
NW.7868,5903139786898,67.3,67.3,22,,,,,,27,,,,NW,NW,0
NW.7871,5903139787192,23,23,22,,,,,,522,,,,NW,NW,0
NW.7872,5903139787291,97.9,97.9,22,0,,,0,,130,,,Glavno skladišče Brnčičeva 13,NW,NW,0
NW.7873,5903139787390,71,71,22,,,,,,176,,,,NW,NW,0
NW.7926,5903139792691,490,490,22,0,,,0,,22,,,Glavno skladišče Brnčičeva 13,NW,NW,0
NW.7927,5903139792790,490,490,22,,,,,,4,,,,NW,NW,0
NW.7931,5903139793193,169,169,22,,,,,,7,10,28.09.2026,,NW,NW,0
NW.7932,5903139793292,225,225,22,,,,,,20,2,28.09.2026,,NW,NW,0
NW.7938,5903139793896,68.4,68.4,22,,,,,,30,,,,NW,NW,0
NW.7941,5903139794190,172,172,22,0,,,0,,37,,,Glavno skladišče Brnčičeva 13,NW,NW,0
NW.7942,5903139794299,248,248,22,,,,,,32,,,,NW,NW,0
NW.7943,5903139794398,68.4,68.4,22,,,,,,43,1,28.09.2026,,NW,NW,0
NW.7945,5903139794596,172,172,22,,,,,,22,,,,NW,NW,0
NW.7946,5903139794695,248,248,22,,,,,,150,,,,NW,NW,0
NW.7950,5903139795098,263,263,22,0,,,0,,0,9,28.09.2026,Glavno skladišče Brnčičeva 13,NW,NW,0
NW.7951,5903139795197,263,263,22,,,,,,0,12,25.09.2026,,NW,NW,0
NW.7952,5903139795296,63.1,63.1,22,1,,,1,,,,,Glavno skladišče Brnčičeva 13,NW,NW,0
NW.7958,5903139795890,144.2,144.2,22,,,,,,31,30,24.09.2026,,NW,NW,0
NW.7960,5903139796095,144.2,144.2,22,,,,,,17,,,,NW,NW,0
NW.7961,5903139796194,144.2,144.2,22,0,,,0,,34,,,Glavno skladišče Brnčičeva 13,NW,NW,0
NW.7972,5903139797290,33.9,33.9,22,1,,,1,,25,40,28.09.2026,Glavno skladišče Brnčičeva 13,NW,NW,0
NW.7976,5903139797696,35.9,35.9,22,,,,,,129,14,14.09.2026,,NW,NW,0
NW.7978,5903139797894,33.9,33.9,22,,,,,,121,,,,NW,NW,0
NW.7988,5903139798891,248,248,22,,,,,,21,,,,NW,NW,0
NW.7991,5903139799195,199,199,22,,,,,,1,20,28.09.2026,,NW,NW,0
NW.7993,5903139799393,71.5,71.5,22,,,,,,23,,,,NW,NW,0
NW.7994,5903139799492,71.5,71.5,22,0,,,0,,78,100,12.10.2026,Glavno skladišče Brnčičeva 13,NW,NW,0
NW.7995,5903139799591,93,93,22,,,,,,151,,,,NW,NW,0
NW.7996,5903139799690,68.4,68.4,22,0,,,0,,76,100,28.09.2026,Glavno skladišče Brnčičeva 13,NW,NW,0
NW.7997,5903139799799,68.4,68.4,22,0,,,0,,70,,,Glavno skladišče Brnčičeva 13,NW,NW,0
NW.7998,5903139799898,68.4,68.4,22,0,,,0,,13,,,Glavno skladišče Brnčičeva 13,NW,NW,0
NW.8001,5903139800198,86.2,86.2,22,0,,,0,,100,1,01.10.2026,Glavno skladišče Brnčičeva 13,NW,NW,0
NW.8002,5903139800297,86.2,86.2,22,,,,,,28,,,,NW,NW,0
NW.8003,5903139800396,86.2,86.2,22,,,,,,36,,,,NW,NW,0
NW.8005,5903139800594,121.1,121.1,22,1,,,1,,75,60,16.10.2026,Glavno skladišče Brnčičeva 13,NW,NW,0
NW.8006,5903139800693,121.1,121.1,22,,,,,,53,,,,NW,NW,0
NW.8007,5903139800792,121.1,121.1,22,,,,,,23,,,,NW,NW,0
NW.8010,5903139801096,132,132,22,,,,,,10,,,,NW,NW,0
NW.8011,5903139801195,132,132,22,,,,,,29,,,,NW,NW,0
NW.8012,5903139801294,103.1,103.1,22,0,,,0,,43,,,Glavno skladišče Brnčičeva 13,NW,NW,0
NW.8013,5903139801393,103.1,103.1,22,,,,,,102,20,24.09.2026,,NW,NW,0
NW.8014,5903139801492,103.1,103.1,22,0,,,0,,44,50,16.10.2026,Glavno skladišče Brnčičeva 13,NW,NW,0
NW.8015,5903139801591,103.1,103.1,22,,,,,,52,,,,NW,NW,0
NW.8016,5903139801690,172,172,22,0,,,0,,0,6,24.09.2026,Glavno skladišče Brnčičeva 13,NW,NW,0
NW.8017,5903139801799,172,172,22,1,0,0,1,0,0,52,24.09.2026,Glavno skladišče Rakovnik 9a + Glavno skladišče Brnčičeva 13,NW,NW,0
NW.8018,5903139801898,172,172,22,0,,,0,,0,1,28.09.2026,Glavno skladišče Brnčičeva 13,NW,NW,0
NW.8020,5903139802093,172,172,22,,,,,,0,20,22.09.2026,,NW,NW,0
NW.8021,5903139802192,275,275,22,,,,,,1,20,05.10.2026,,NW,NW,0
NW.8022,5903139802291,275,275,22,,,,,,0,15,22.09.2026,,NW,NW,0
NW.8023,5903139802390,275,275,22,0,,,0,,1,20,01.10.2026,Glavno skladišče Brnčičeva 13,NW,NW,0
NW.8024,5903139802499,275,275,22,,,,,,0,7,28.09.2026,,NW,NW,0
NW.8030,5903139803090,183,183,22,,,,,,42,100,28.09.2026,,NW,NW,0
NW.8032,5903139803298,258,258,22,,,,,,15,,,,NW,NW,0
NW.8034,5903139803496,34.6,34.6,22,0,,,0,,1,,,Glavno skladišče Brnčičeva 13,NW,NW,0
NW.8035,5903139803595,38,38,22,,,,,,0,,,,NW,NW,0
NW.8036,5903139803694,34.6,34.6,22,,,,,,2,,,,NW,NW,0
NW.8047,5903139804790,83.2,83.2,22,0,,,0,,14,100,28.09.2026,Glavno skladišče Brnčičeva 13,NW,NW,0
NW.8048,5903139804899,83.2,83.2,22,,,,,,0,19,01.10.2026,,NW,NW,0
NW.8050,5903139805094,87,87,22,0,,,0,,11,,,Glavno skladišče Brnčičeva 13,NW,NW,0
NW.8051,5903139805193,38,38,22,,,,,,36,,,,NW,NW,0
NW.8052,5903139805292,40,40,22,,,,,,0,180,28.09.2026,,NW,NW,0
NW.8054,5903139805490,51,51,22,,,,,,114,,,,NW,NW,0
NW.8055,5903139805599,51,51,22,,,,,,184,204,01.12.2026,,NW,NW,0
NW.8056,5903139805698,98,98,22,,,,,,212,,,,NW,NW,0
NW.8057,5903139805797,40,40,22,0,,,0,,1573,1008,01.12.2026,Glavno skladišče Brnčičeva 13,NW,NW,0
NW.8065,5903139806596,38,38,22,0,,,0,,25,50,21.10.2026,Glavno skladišče Brnčičeva 13,NW,NW,0
NW.8066,5903139806695,57,57,22,0,,,0,,0,31,01.10.2026,Glavno skladišče Brnčičeva 13,NW,NW,0
NW.8067,5903139806794,95,95,22,,,,,,6,20,06.10.2026,,NW,NW,0
NW.8068,5903139806893,38,38,22,0,,,0,,7,1,01.10.2026,Glavno skladišče Brnčičeva 13,NW,NW,0
NW.8070,5903139807098,57,57,22,,,,,,147,,,,NW,NW,0
NW.8071,5903139807197,95,95,22,,,,,,8,,,,NW,NW,0
NW.8072,5903139807296,70.5,70.5,22,0,,,0,,101,100,12.10.2026,Glavno skladišče Brnčičeva 13,NW,NW,0
NW.8073,5903139807395,70.5,70.5,22,0,,,0,,76,,,Glavno skladišče Brnčičeva 13,NW,NW,0
NW.8074,5903139807494,86.2,86.2,22,,,,,,67,,,,NW,NW,0
NW.8084,5903139808491,9,9,22,1,,,1,,917,600,10.12.2026,Glavno skladišče Brnčičeva 13,NW,NW,0
NW.8085,5903139808590,9,9,22,,,,,,470,300,10.12.2026,,NW,NW,0
NW.8086,5903139808699,80,112.1,22,2,,,2,,91,60,24.09.2026,Glavno skladišče Brnčičeva 13,NW,NW,0
NW.8087,5903139808798,80,80,22,3,,,3,,135,100,01.10.2026,Glavno skladišče Brnčičeva 13,NW,NW,0
NW.8088,5903139808897,80,80,22,5,,,5,,221,120,24.09.2026,Glavno skladišče Brnčičeva 13,NW,NW,0
NW.8091,5903139809191,115,115,22,0,,,0,,156,,,Glavno skladišče Brnčičeva 13,NW,NW,0
NW.8092,5903139809290,115,115,22,0,,,0,,107,,,Glavno skladišče Brnčičeva 13,NW,NW,0
NW.8093,5903139809399,115,115,22,0,,,0,,278,,,Glavno skladišče Brnčičeva 13,NW,NW,0
NW.8100,5903139810098,66.3,66.3,22,,,,,,27,,,,NW,NW,0
NW.8102,5903139810296,63.1,63.1,22,,,,,,134,4,28.09.2026,,NW,NW,0
NW.8103,5903139810395,63.1,63.1,22,0,,,0,,23,,,Glavno skladišče Brnčičeva 13,NW,NW,0
NW.8105,5903139810593,58,58,22,,,,,,14,20,06.10.2026,,NW,NW,0
NW.8106,5903139810692,32,32,22,,,,,,112,,,,NW,NW,0
NW.8107,5903139810791,32,32,22,,,,,,71,,,,NW,NW,0
NW.8114,5903139811491,,,22,0,,,0,,39,,,Glavno skladišče Brnčičeva 13,NW,NW,0
NW.8116,5903139811699,155,155,22,,,,,,95,,,,NW,NW,0
NW.8117,5903139811798,172,172,22,,,,,,39,,,,NW,NW,0
NW.8118,5903139811897,126,126,22,,,,,,10,156,24.11.2026,,NW,NW,0
NW.8120,5903139812092,137,137,22,,,,,,,,,,NW,NW,0
NW.8124,5903139812498,185,185,22,0,,,0,,114,,,Glavno skladišče Brnčičeva 13,NW,NW,0
NW.8126,5903139812696,109,109,22,0,,,0,,1040,,,Glavno skladišče Brnčičeva 13,NW,NW,0
NW.8127,5903139812795,115,115,22,1,,,1,,208,204,10.11.2026,Glavno skladišče Brnčičeva 13,NW,NW,0
NW.8128,5903139812894,132,132,22,0,,,0,,38,204,10.11.2026,Glavno skladišče Brnčičeva 13,NW,NW,0
NW.8130,5903139813099,145,145,22,0,,,0,,103,,,Glavno skladišče Brnčičeva 13,NW,NW,0
NW.8131,5903139813198,115,115,22,,,,,,17,,,,NW,NW,0
NW.8132,5903139813297,109,109,22,0,,,0,,0,,,Glavno skladišče Brnčičeva 13,NW,NW,0
NW.8140,5903139814096,55,81.4,22,0,,,0,,145,,,Glavno skladišče Brnčičeva 13,NW,NW,0
NW.8141,5903139814195,65,65,22,,,,,,138,,,,NW,NW,0
NW.8142,5903139814294,55,55,22,,,,,,272,200,22.10.2026,,NW,NW,0
NW.8143,5903139814393,55,55,22,,,,,,133,200,11.12.2026,,NW,NW,0
NW.8145,5903139814591,107,107,22,0,,,0,,90,200,01.12.2026,Glavno skladišče Brnčičeva 13,NW,NW,0
NW.8146,5903139814690,81.9,81.9,22,,,,,,,,,,NW,NW,0
NW.8147,5903139814799,35.9,35.9,22,1,,,1,,351,,,Glavno skladišče Brnčičeva 13,NW,NW,0
NW.8148,5903139814898,35.9,35.9,22,1,,,1,,431,601,10.11.2026,Glavno skladišče Brnčičeva 13,NW,NW,0
NW.8154,5903139815499,,217.9,22,1,,,1,,,,,Glavno skladišče Brnčičeva 13,NW,NW,0
NW.8158,5903139815895,89.9,89.9,22,,,,,,759,400,11.12.2026,,NW,NW,0
NW.8160,5903139816090,42.9,42.9,22,,,,,,453,,,,NW,NW,0
NW.8161,5903139816199,44.9,66.9,22,,,,,,1853,600,22.10.2026,,NW,NW,0
NW.8162,5903139816298,32.9,32.9,22,0,,,0,,736,500,30.11.2026,Glavno skladišče Brnčičeva 13,NW,NW,0
NW.8163,5903139816397,36.9,36.9,22,,,,,,498,,,,NW,NW,0
NW.8164,5903139816496,35.9,35.9,22,,,,,,120,,,,NW,NW,0
NW.8165,5903139816595,37.9,56.1,22,1,,,1,,478,,,Glavno skladišče Brnčičeva 13,NW,NW,0
NW.8168,5903139816892,98,98,22,,,,,,196,204,21.12.2026,,NW,NW,0
NW.8170,5903139817097,103.1,103.1,22,3,,,3,,257,204,21.12.2026,Glavno skladišče Brnčičeva 13,NW,NW,0
NW.8173,5903139817394,187,187,22,0,,,0,,0,80,28.09.2026,Glavno skladišče Brnčičeva 13,NW,NW,0
NW.8174,5903139817493,248,248,22,0,,,0,,29,102,28.09.2026,Glavno skladišče Brnčičeva 13,NW,NW,0
NW.8176,5903139817691,137,137,22,,,,,,70,104,26.11.2026,,NW,NW,0
NW.8177,5903139817790,189,189,22,1,,,1,,11,,,Glavno skladišče Brnčičeva 13,NW,NW,0
NW.8178,5903139817899,189,189,22,,,,,,27,,,,NW,NW,0
NW.8180,5903139818094,145,145,22,1,,,1,,2,,,Glavno skladišče Brnčičeva 13,NW,NW,0
NW.8182,5903139818292,55,55,22,0,,,0,,166,100,17.11.2026,Glavno skladišče Brnčičeva 13,NW,NW,0
NW.8190,5903139819091,258,258,22,,,,,,3,10,28.09.2026,,NW,NW,0
NW.8191,5903139819190,199,199,22,,,,,,19,,,,NW,NW,0
NW.8192,5903139819299,58,58,22,,,,,,11,20,06.10.2026,,NW,NW,0
NW.8194,5903139819497,63.1,63.1,22,,,,,,9,,,,NW,NW,0
NW.8196,5903139819695,43.2,43.2,22,,,,,,1,100,06.10.2026,,NW,NW,0
NW.8197,5903139819794,82,82,22,,,,,,0,7,21.10.2026,,NW,NW,0
NW.8201,5903139820196,79,79,22,0,,,0,,19,,,Glavno skladišče Brnčičeva 13,NW,NW,0
NW.8202,5903139820295,29.4,29.4,22,16,0,0,16,0,445,495,24.09.2026,Glavno skladišče Rakovnik 9a + Glavno skladišče Brnčičeva 13,NW,NW,0
NW.8203,5903139820394,29.4,29.4,22,6,0,0,6,0,781,600,28.09.2026,Glavno skladišče Rakovnik 9a + Glavno skladišče Brnčičeva 13,NW,NW,0
NW.8213,5903139821391,115,115,22,,,,,,29,,,,NW,NW,0
NW.8216,5903139821698,111,111,22,0,,,0,,22,60,05.10.2026,Glavno skladišče Brnčičeva 13,NW,NW,0
NW.8221,5903139822190,51.5,51.5,22,0,,,0,,289,200,01.10.2026,Glavno skladišče Brnčičeva 13,NW,NW,0
NW.8222,5903139822299,51.5,51.5,22,0,,,0,,0,263,01.10.2026,Glavno skladišče Brnčičeva 13,NW,NW,0
NW.8223,5903139822398,51.5,51.5,22,0,,,0,,185,,,Glavno skladišče Brnčičeva 13,NW,NW,0
NW.8224,5903139822497,51.5,51.5,22,0,,,0,,429,100,12.10.2026,Glavno skladišče Brnčičeva 13,NW,NW,0
NW.8225,5903139822596,51.5,51.5,22,0,,,0,,207,98,24.09.2026,Glavno skladišče Brnčičeva 13,NW,NW,0
NW.8227,5903139822794,15,15,22,,,,,,95,,,,NW,NW,0
NW.8228,5903139822893,16,16,22,,,,,,0,171,10.12.2026,,NW,NW,0
NW.8230,5903139823098,16,16,22,,,,,,174,,,,NW,NW,0
NW.8231,5903139823197,16,16,22,,,,,,83,,,,NW,NW,0
NW.8232,5903139823296,12,12,22,,,,,,671,,,,NW,NW,0
NW.8233,5903139823395,12,12,22,,,,,,377,,,,NW,NW,0
NW.8234,5903139823494,11,11,22,,,,,,283,,,,NW,NW,0
NW.8235,5903139823593,11,11,22,,,,,,68,,,,NW,NW,0
NW.8236,5903139823692,22,22,22,,,,,,53,,,,NW,NW,0
NW.8237,5903139823791,22,22,22,,,,,,180,,,,NW,NW,0
NW.8238,5903139823890,20,20,22,,,,,,232,,,,NW,NW,0
NW.8240,5903139824095,20,20,22,,,,,,62,,,,NW,NW,0
NW.8241,5903139824194,21,21,22,,,,,,54,,,,NW,NW,0
NW.8243,5903139824392,21,21,22,,,,,,135,,,,NW,NW,0
NW.8245,5903139824590,20,20,22,,,,,,74,,,,NW,NW,0
NW.8246,5903139824699,20,20,22,,,,,,68,,,,NW,NW,0
NW.8247,5903139824798,20,20,22,,,,,,215,,,,NW,NW,0
NW.8248,5903139824897,20,20,22,,,,,,230,,,,NW,NW,0
NW.8250,5903139825092,30.5,30.5,22,0,,,0,,82,1,29.09.2026,Glavno skladišče Brnčičeva 13,NW,NW,0
NW.8262,5903139826297,151,151,22,0,,,0,,143,4,28.09.2026,Glavno skladišče Brnčičeva 13,NW,NW,0
NW.8263,5903139826396,123.2,123.2,22,0,,,0,,67,5,28.09.2026,Glavno skladišče Brnčičeva 13,NW,NW,0
NW.8264,5903139826495,95,95,22,,,,,,30,20,12.10.2026,,NW,NW,0
NW.8265,5903139826594,73.6,73.6,22,,,,,,69,,,,NW,NW,0
NW.8266,5903139826693,71.5,71.5,22,,,,,,24,,,,NW,NW,0
NW.8267,5903139826792,151,151,22,,,,,,68,60,12.10.2026,,NW,NW,0
NW.8268,5903139826891,123.2,123.2,22,0,,,0,,73,20,28.09.2026,Glavno skladišče Brnčičeva 13,NW,NW,0
NW.8270,5903139827096,95,95,22,,,,,,29,17,05.10.2026,,NW,NW,0
NW.8281,5903139828192,44,44,22,1,0,0,1,0,74,5,01.10.2026,Glavno skladišče Rakovnik 9a + Glavno skladišče Brnčičeva 13,NW,NW,0
NW.8282,5903139828291,44,44,22,,,,,,11,50,06.10.2026,,NW,NW,0
NW.8283,5903139828390,56,56,22,,,,,,12,30,12.10.2026,,NW,NW,0
NW.8284,5903139828499,56,56,22,,,,,,12,2,28.09.2026,,NW,NW,0
NW.8288,5903139828895,28.3,28.3,22,,,,,,29,,,,NW,NW,0
NW.8290,5903139829090,28.3,28.3,22,,,,,,26,,,,NW,NW,0
NW.8291,5903139829199,30.5,30.5,22,,,,,,10,,,,NW,NW,0
NW.8302,5903139830294,78,78,22,0,,,0,,13,20,21.10.2026,Glavno skladišče Brnčičeva 13,NW,NW,0
NW.8303,5903139830393,44.1,44.1,22,1,,,1,,21,1,01.10.2026,Glavno skladišče Brnčičeva 13,NW,NW,0
NW.8304,5903139830492,78,78,22,,,,,,7,20,21.10.2026,,NW,NW,0
NW.8305,5903139830591,44.1,44.1,22,,,,,,56,,,,NW,NW,0
NW.8306,5903139830690,4,4,22,,,,,,701,28,22.09.2026,,NW,NW,0
NW.8308,5903139830898,95,95,22,,,,,,115,,,,NW,NW,0
NW.8330,5903139833097,32.1,32.1,22,,,,,,463,500,22.10.2026,,NW,NW,0
NW.8331,5903139833196,24.9,24.9,22,,,,,,61,400,11.12.2026,,NW,NW,0
NW.8347,5903139834797,6,6,22,,,,,,12085,3000,10.11.2026,,NW,NW,0
NW.8348,5903139834896,6,6,22,,,,,,16931,5000,10.11.2026,,NW,NW,0
NW.8351,5903139835190,46.2,46.2,22,,,,,,10,30,28.09.2026,,NW,NW,0
NW.8352,5903139835299,50.5,50.5,22,,,,,,57,,,,NW,NW,0
NW.8355,5903139835596,345,345,22,1,,,1,,17,,,Glavno skladišče Brnčičeva 13,NW,NW,0
NW.8358,5903139835893,80,80,22,,,,,,,,,,NW,NW,0
NW.8360,5903139836098,37,37,22,0,,,0,,226,,,Glavno skladišče Brnčičeva 13,NW,NW,0
NW.8361,5903139836197,37,37,22,0,,,0,,138,,,Glavno skladišče Brnčičeva 13,NW,NW,0
NW.8362,5903139836296,40,40,22,3,0,0,3,0,1143,510,21.12.2026,Glavno skladišče Rakovnik 9a + Glavno skladišče Brnčičeva 13,NW,NW,0
NW.8363,5903139836395,40,40,22,1,,,1,,695,,,Glavno skladišče Brnčičeva 13,NW,NW,0
NW.8364,5903139836494,49,49,22,,,,,,142,,,,NW,NW,0
NW.8365,5903139836593,49,49,22,,,,,,184,,,,NW,NW,0
NW.8366,5903139836692,20,20,22,0,,,0,,6507,2040,10.11.2026,Glavno skladišče Brnčičeva 13,NW,NW,0
NW.8367,5903139836791,20,20,22,0,,,0,,2701,600,21.12.2026,Glavno skladišče Brnčičeva 13,NW,NW,0
NW.8368,5903139836890,20,20,22,,,,,,462,540,22.10.2026,,NW,NW,0
NW.8370,5903139837095,20,20,22,,,,,,1106,,,,NW,NW,0
NW.8371,5903139837194,22,22,22,,,,,,2636,2000,10.11.2026,,NW,NW,0
NW.8372,5903139837293,22,22,22,0,,,0,,726,500,10.11.2026,Glavno skladišče Brnčičeva 13,NW,NW,0
NW.8373,5903139837392,26,26,22,,,,,,1089,540,10.11.2026,,NW,NW,0
NW.8374,5903139837491,25,25,22,,,,,,975,,,,NW,NW,0
NW.8375,5903139837590,22,22,22,,,,,,735,,,,NW,NW,0
NW.8376,5903139837699,22,22,22,,,,,,156,300,21.12.2026,,NW,NW,0
NW.8377,5903139837798,8,8,22,8,0,0,8,0,19588,5000,13.11.2026,Glavno skladišče Rakovnik 9a + Glavno skladišče Brnčičeva 13,NW,NW,0
NW.8378,5903139837897,8,8,22,21,0,0,21,0,14557,5000,13.11.2026,Glavno skladišče Rakovnik 9a + Glavno skladišče Brnčičeva 13,NW,NW,0
NW.8381,5903139838191,187,187,22,0,,,0,,0,94,16.10.2026,Glavno skladišče Brnčičeva 13,NW,NW,0
NW.8382,5903139838290,16,16,22,,,,,,245,,,,NW,NW,0
NW.8383,5903139838399,16,16,22,,,,,,102,,,,NW,NW,0
NW.8384,5903139838498,15,15,22,,,,,,119,,,,NW,NW,0
NW.8385,5903139838597,15,15,22,1,0,0,1,0,110,,,Glavno skladišče Rakovnik 9a,NW,NW,0
NW.8393,5903139839396,4.5,4.5,22,2,,,2,,282,,,Glavno skladišče Brnčičeva 13,NW,NW,0
NW.8394,5903139839495,4.5,4.5,22,0,,,0,,70,,,Glavno skladišče Brnčičeva 13,NW,NW,0
NW.8395,5903139839594,4,4,22,4,0,0,4,0,653,400,28.09.2026,Glavno skladišče Rakovnik 9a + Glavno skladišče Brnčičeva 13,NW,NW,0
NW.8396,5903139839693,4,4,22,12,,,12,,423,,,Glavno skladišče Brnčičeva 13,NW,NW,0
NW.8405,5903139840590,16.5,16.5,22,2,,,2,,26,,,Glavno skladišče Brnčičeva 13,NW,NW,0
NW.8408,5903139840897,184,184,22,,,,,,1,,,,NW,NW,0
NW.8410,5903139841092,240.1,240.1,22,,,,,,3,,,,NW,NW,0
NW.8413,5903139841399,119.1,119.1,22,,,,,,0,,,,NW,NW,0
NW.8414,5903139841498,148,148,22,,,,,,,,,,NW,NW,0
NW.8416,5903139841696,38,38,22,,,,,,1,,,,NW,NW,0
NW.8417,5903139841795,184,184,22,,,,,,,,,,NW,NW,0
NW.8418,5903139841894,114.9,114.9,22,,,,,,0,,,,NW,NW,0
NW.8423,5903139842396,80,80,22,0,,,0,,4,,,Glavno skladišče Brnčičeva 13,NW,NW,0
NW.8424,5903139842495,100,100,22,0,,,0,,39,,,Glavno skladišče Brnčičeva 13,NW,NW,0
NW.8430,5903139843096,183,183,22,,,,,,17,2,14.09.2026,,NW,NW,0
NW.8431,5903139843195,80,80,22,,,,,,26,17,28.09.2026,,NW,NW,0
NW.8432,5903139843294,56,56,22,,,,,,56,,,,NW,NW,0
NW.8433,5903139843393,56,56,22,1,,,1,,377,6,01.10.2026,Glavno skladišče Brnčičeva 13,NW,NW,0
NW.8434,5903139843492,103.1,103.1,22,1,,,1,,0,30,01.10.2026,Glavno skladišče Brnčičeva 13,NW,NW,0
NW.8435,5903139843591,61,61,22,,,,,,10,,,,NW,NW,0
NW.8436,5903139843690,61,84.8,22,3,,,3,,193,100,28.09.2026,Glavno skladišče Brnčičeva 13,NW,NW,0
NW.8447,5903139844796,11,11,22,48,0,0,48,0,3023,1000,13.11.2026,Glavno skladišče Rakovnik 9a + Glavno skladišče Brnčičeva 13,NW,NW,0
NW.8456,5903139845694,53.9,70.4,22,1,,,1,,,,,Glavno skladišče Brnčičeva 13,NW,NW,0
NW.8463,5903139846394,44,44,22,0,,,0,,33,,,Glavno skladišče Brnčičeva 13,NW,NW,0
NW.8464,5903139846493,44,44,22,0,,,0,,19,,,Glavno skladišče Brnčičeva 13,NW,NW,0
NW.8480,5903139848091,47,47,22,2,0,0,2,0,24,,,Glavno skladišče Rakovnik 9a + Glavno skladišče Brnčičeva 13,NW,NW,0
NW.8481,5903139848190,40,40,22,0,,,0,,35,50,16.10.2026,Glavno skladišče Brnčičeva 13,NW,NW,0
NW.8482,5903139848299,30.3,30.3,22,0,,,0,,0,,,Glavno skladišče Brnčičeva 13,NW,NW,0
NW.8483,5903139848398,24.2,24.2,22,0,,,0,,0,,,Glavno skladišče Brnčičeva 13,NW,NW,0
NW.8484,5903139848497,61.1,61.1,22,0,,,0,,0,,,Glavno skladišče Brnčičeva 13,NW,NW,0
NW.8486,5903139848695,56.4,56.4,22,0,,,0,,29,,,Glavno skladišče Brnčičeva 13,NW,NW,0
NW.8487,5903139848794,44,44,22,,,,,,20,40,07.10.2026,,NW,NW,0
NW.8488,5903139848893,39.3,,22,0,,,0,,1,,,Glavno skladišče Brnčičeva 13,NW,NW,0
NW.8493,5903139849395,241.6,241.6,22,,,,,,1,,,,NW,NW,0
NW.8496,5903139849692,114.9,114.9,22,,,,,,1,,,,NW,NW,0
NW.8497,5903139849791,145.7,145.7,22,,,,,,15,,,,NW,NW,0
NW.8500,5903139850094,38,38,22,,,,,,,,,,NW,NW,0
NW.8501,5903139850193,44.1,44.1,22,,,,,,0,,,,NW,NW,0
NW.8504,5903139850490,34.2,34.2,22,,,,,,,,,,NW,NW,0
NW.8506,5903139850698,153.2,153.2,22,,,,,,6,,,,NW,NW,0
NW.8508,5903139850896,145.7,145.7,22,,,,,,10,,,,NW,NW,0
NW.8510,5903139851091,184,184,22,,,,,,0,,,,NW,NW,0
NW.8516,5903139851695,30.3,30.3,22,,,,,,,,,,NW,NW,0
NW.8518,5903139851893,38,38,22,,,,,,103,,,,NW,NW,0
NW.8520,5903139852098,41.8,41.8,22,,,,,,3,,,,NW,NW,0
NW.8522,5903139852296,41.8,41.8,22,,,,,,0,,,,NW,NW,0
NW.8524,5903139852494,30.3,30.3,22,,,,,,,,,,NW,NW,0
NW.8526,5903139852692,36.5,36.5,22,1,,,1,,,,,Glavno skladišče Brnčičeva 13,NW,NW,0
NW.8527,5903139852791,128,128,22,0,,,0,,131,3,01.10.2026,Glavno skladišče Brnčičeva 13,NW,NW,0
NW.8528,5903139852890,87,87,22,0,,,0,,97,60,01.10.2026,Glavno skladišče Brnčičeva 13,NW,NW,0
NW.8530,5903139853095,81,81,22,0,,,0,,45,,,Glavno skladišče Brnčičeva 13,NW,NW,0
NW.8531,5903139853194,72,72,22,,,,,,37,,,,NW,NW,0
NW.8532,5903139853293,189,189,22,1,0,0,1,0,4,20,13.10.2026,Glavno skladišče Rakovnik 9a + Glavno skladišče Brnčičeva 13,NW,NW,0
NW.8533,5903139853392,175,175,22,0,,,0,,14,,,Glavno skladišče Brnčičeva 13,NW,NW,0
NW.8534,5903139853491,131,167.7,22,1,,,1,,55,,,Glavno skladišče Brnčičeva 13,NW,NW,0
NW.8536,5903139853699,18,18,22,,,,,,1,,,,NW,NW,0
NW.8537,5903139853798,54,54,22,,,,,,42,,,,NW,NW,0
NW.8541,5903139854191,44,44,22,,,,,,27,,,,NW,NW,0
NW.8542,5903139854290,28.8,28.8,22,1,,,1,,,,,Glavno skladišče Brnčičeva 13,NW,NW,0
NW.8543,5903139854399,39.5,39.5,22,0,,,0,,9,,,Glavno skladišče Brnčičeva 13,NW,NW,0
NW.8544,5903139854498,32,32,22,,,,,,14,,,,NW,NW,0
NW.8546,5903139854696,35.4,35.4,22,0,,,0,,1,,,Glavno skladišče Brnčičeva 13,NW,NW,0
NW.8547,5903139854795,17.3,17.3,22,0,,,0,,,,,Glavno skladišče Brnčičeva 13,NW,NW,0
NW.8548,5903139854894,17.3,17.3,22,1,0,0,1,0,,,,Glavno skladišče Rakovnik 9a + Glavno skladišče Brnčičeva 13,NW,NW,0
NW.8550,5903139855099,19,19,22,0,,,0,,98,100,24.09.2026,Glavno skladišče Brnčičeva 13,NW,NW,0
NW.8551,5903139855198,19,19,22,0,,,0,,92,,,Glavno skladišče Brnčičeva 13,NW,NW,0
NW.8552,5903139855297,126,126,22,,,,,,4,,,,NW,NW,0
NW.8553,5903139855396,126,126,22,,,,,,13,,,,NW,NW,0
NW.8554,5903139855495,185,185,22,0,,,0,,14,,,Glavno skladišče Brnčičeva 13,NW,NW,0
NW.8555,5903139855594,185,185,22,1,,,1,,6,10,21.10.2026,Glavno skladišče Brnčičeva 13,NW,NW,0
NW.8556,5903139855693,145,145,22,1,0,0,1,0,26,,,Glavno skladišče Rakovnik 9a + Glavno skladišče Brnčičeva 13,NW,NW,0
NW.8557,5903139855792,145,145,22,0,,,0,,6,,,Glavno skladišče Brnčičeva 13,NW,NW,0
NW.8558,5903139855891,169,169,22,0,,,0,,31,,,Glavno skladišče Brnčičeva 13,NW,NW,0
NW.8560,5903139856096,169,169,22,0,,,0,,7,,,Glavno skladišče Brnčičeva 13,NW,NW,0
NW.8561,5903139856195,125,125,22,1,,,1,,9,20,21.10.2026,Glavno skladišče Brnčičeva 13,NW,NW,0
NW.8562,5903139856294,125,125,22,0,,,0,,17,,,Glavno skladišče Brnčičeva 13,NW,NW,0
NW.8563,5903139856393,87,87,22,0,,,0,,136,,,Glavno skladišče Brnčičeva 13,NW,NW,0
NW.8565,5903139856591,87,87,22,1,0,0,1,0,16,30,21.10.2026,Glavno skladišče Rakovnik 9a + Glavno skladišče Brnčičeva 13,NW,NW,0
NW.8568,5903139856898,39,39,22,0,,,0,,37,,,Glavno skladišče Brnčičeva 13,NW,NW,0
NW.8570,5903139857093,25,25,22,0,,,0,,1,,,Glavno skladišče Brnčičeva 13,NW,NW,0
NW.8572,5903139857291,31,31,22,0,,,0,,91,,,Glavno skladišče Brnčičeva 13,NW,NW,0
NW.8573,5903139857390,21.1,21.1,22,0,,,0,,1,,,Glavno skladišče Brnčičeva 13,NW,NW,0
NW.8576,5903139857697,61.1,61.1,22,1,,,1,,,,,Glavno skladišče Brnčičeva 13,NW,NW,0
NW.8585,5903139858595,16.5,16.5,22,,,,,,29,,,,NW,NW,0
NW.8594,5903139859493,28.8,28.8,22,,,,,,22,,,,NW,NW,0
NW.8596,5903139859691,86.5,86.5,22,,,,,,,,,,NW,NW,0
NW.8601,5903139860192,16.5,16.5,22,0,,,0,,18,,,Glavno skladišče Brnčičeva 13,NW,NW,0
NW.8602,5903139860291,61.1,61.1,22,,,,,,,,,,NW,NW,0
NW.8607,5903139860796,144,144,22,1,,,1,,3,2,24.09.2026,Glavno skladišče Brnčičeva 13,NW,NW,0
NW.8611,5903139861199,11,11,22,0,,,0,,0,30,24.09.2026,Glavno skladišče Brnčičeva 13,NW,NW,0
NW.8612,5903139861298,11,11,22,,,,,,8,,,,NW,NW,0
NW.8613,5903139861397,34.5,34.5,22,,,,,,26,,,,NW,NW,0
NW.8614,5903139861496,24.2,24.2,22,0,,,0,,0,,,Glavno skladišče Brnčičeva 13,NW,NW,0
NW.8615,5903139861595,37,37,22,,,,,,5,,,,NW,NW,0
NW.8616,5903139861694,28.8,28.8,22,,,,,,8,,,,NW,NW,0
NW.8617,5903139861793,18.8,18.8,22,3,0,0,3,0,,,,Glavno skladišče Rakovnik 9a + Glavno skladišče Brnčičeva 13,NW,NW,0
NW.8620,5903139862097,23.5,23.5,22,12,0,0,12,0,50,,,Glavno skladišče Rakovnik 9a + Glavno skladišče Brnčičeva 13,NW,NW,0
NW.8621,5903139862196,24.2,24.2,22,,,,,,12,,,,NW,NW,0
NW.8622,5903139862295,23.5,23.5,22,0,,,0,,24,,,Glavno skladišče Brnčičeva 13,NW,NW,0
NW.8623,5903139862394,22.6,22.6,22,,,,,,17,,,,NW,NW,0
NW.8624,5903139862493,22.6,22.6,22,,,,,,14,,,,NW,NW,0
NW.8625,5903139862592,34.5,34.5,22,1,0,0,1,0,11,30,13.10.2026,Glavno skladišče Rakovnik 9a + Glavno skladišče Brnčičeva 13,NW,NW,0
NW.8626,5903139862691,25,25,22,0,,,0,,,,,Glavno skladišče Brnčičeva 13,NW,NW,0
NW.8627,5903139862790,30,30,22,0,,,0,,13,60,13.10.2026,Glavno skladišče Brnčičeva 13,NW,NW,0
NW.8628,5903139862899,34.5,34.5,22,,,,,,0,4,24.09.2026,,NW,NW,0
NW.8630,5903139863094,24.2,24.2,22,2,0,0,2,0,,,,Glavno skladišče Rakovnik 9a + Glavno skladišče Brnčičeva 13,NW,NW,0
NW.8631,5903139863193,18.8,18.8,22,9,0,0,9,0,12,,,Glavno skladišče Rakovnik 9a + Glavno skladišče Brnčičeva 13,NW,NW,0
NW.8632,5903139863292,23.5,23.5,22,13,0,0,13,0,73,,,Glavno skladišče Rakovnik 9a + Glavno skladišče Brnčičeva 13,NW,NW,0
NW.8633,5903139863391,18.8,18.8,22,4,0,0,4,0,0,,,Glavno skladišče Rakovnik 9a + Glavno skladišče Brnčičeva 13,NW,NW,0
NW.8634,5903139863490,34.5,34.5,22,0,,,0,,26,,,Glavno skladišče Brnčičeva 13,NW,NW,0
NW.8635,5903139863599,23.5,23.5,22,0,,,0,,69,150,06.10.2026,Glavno skladišče Brnčičeva 13,NW,NW,0
NW.8636,5903139863698,25,25,22,,,,,,11,,,,NW,NW,0
NW.8637,5903139863797,30,30,22,1,,,1,,77,,,Glavno skladišče Brnčičeva 13,NW,NW,0
NW.8638,5903139863896,18.8,18.8,22,0,,,0,,0,,,Glavno skladišče Brnčičeva 13,NW,NW,0
NW.8640,5903139864091,23.5,23.5,22,,,,,,31,,,,NW,NW,0
NW.8641,5903139864190,27,27,22,0,,,0,,72,120,06.10.2026,Glavno skladišče Brnčičeva 13,NW,NW,0
NW.8645,5903139864596,22.6,22.6,22,0,,,0,,11,,,Glavno skladišče Brnčičeva 13,NW,NW,0
NW.8646,5903139864695,,,22,0,,,0,,7,,,Glavno skladišče Brnčičeva 13,NW,NW,0
NW.8647,5903139864794,37,37,22,,,,,,20,,,,NW,NW,0
NW.8648,5903139864893,25,25,22,1,0,0,1,0,,,,Glavno skladišče Rakovnik 9a,NW,NW,0
NW.8650,5903139865098,16.5,16.5,22,,,,,,18,,,,NW,NW,0
NW.8651,5903139865197,28,28,22,,,,,,7,,,,NW,NW,0
NW.8652,5903139865296,18.8,18.8,22,2,0,0,2,0,4,,,Glavno skladišče Rakovnik 9a + Glavno skladišče Brnčičeva 13,NW,NW,0
NW.8653,5903139865395,28,28,22,0,,,0,,73,,,Glavno skladišče Brnčičeva 13,NW,NW,0
NW.8654,5903139865494,25,25,22,0,,,0,,55,,,Glavno skladišče Brnčičeva 13,NW,NW,0
NW.8658,5903139865890,16.5,16.5,22,,,,,,80,,,,NW,NW,0
NW.8660,5903139866095,41,41,22,,,,,,5,20,13.10.2026,,NW,NW,0
NW.8661,5903139866194,28.8,28.8,22,,,,,,0,,,,NW,NW,0
NW.8662,5903139866293,30,30,22,2,0,0,2,0,26,,,Glavno skladišče Rakovnik 9a + Glavno skladišče Brnčičeva 13,NW,NW,0
NW.8663,5903139866392,37,37,22,1,,,1,,347,,,Glavno skladišče Brnčičeva 13,NW,NW,0
NW.8664,5903139866491,25,25,22,0,,,0,,,,,Glavno skladišče Brnčičeva 13,NW,NW,0
NW.8666,5903139866699,27,27,22,,,,,,1,30,21.10.2026,,NW,NW,0
NW.8667,5903139866798,18.8,18.8,22,1,0,0,1,0,,,,Glavno skladišče Rakovnik 9a,NW,NW,0
NW.8668,5903139866897,28,28,22,3,0,0,3,0,171,,,Glavno skladišče Rakovnik 9a + Glavno skladišče Brnčičeva 13,NW,NW,0
NW.8670,5903139867092,25,25,22,0,,,0,,63,100,13.10.2026,Glavno skladišče Brnčičeva 13,NW,NW,0
NW.8671,5903139867191,172,172,22,0,,,0,,24,,,Glavno skladišče Brnčičeva 13,NW,NW,0
NW.8672,5903139867290,161.1,161.1,22,0,,,0,,17,,,Glavno skladišče Brnčičeva 13,NW,NW,0
NW.8673,5903139867399,144.2,144.2,22,1,,,1,,22,,,Glavno skladišče Brnčičeva 13,NW,NW,0
NW.8676,5903139867696,29,29,22,,,,,,158,,,,NW,NW,0
NW.8677,5903139867795,29,29,22,,,,,,152,,,,NW,NW,0
NW.8678,5903139867894,24,24,22,,,,,,175,,,,NW,NW,0
NW.8680,5903139868099,24,24,22,,,,,,174,,,,NW,NW,0
NW.8681,5903139868198,24,24,22,,,,,,159,,,,NW,NW,0
NW.8682,5903139868297,24,24,22,,,,,,171,,,,NW,NW,0
NW.8684,5903139868495,16,16,22,,,,,,39,,,,NW,NW,0
NW.8685,5903139868594,17,17,22,,,,,,115,100,10.12.2026,,NW,NW,0
NW.8686,5903139868693,16,16,22,,,,,,86,,,,NW,NW,0
NW.8687,5903139868792,4,4,22,,,,,,70,100,06.10.2026,,NW,NW,0
NW.8688,5903139868891,4,4,22,,,,,,52,,,,NW,NW,0
NW.8690,5903139869096,12,12,22,,,,,,391,,,,NW,NW,0
NW.8691,5903139869195,12,12,22,,,,,,46,,,,NW,NW,0
NW.8692,5903139869294,57,57,22,,,,,,290,,,,NW,NW,0
NW.8694,5903139869492,109,109,22,,,,,,111,300,10.12.2026,,NW,NW,0
NW.8695,5903139869591,104,104,22,,,,,,147,,,,NW,NW,0
NW.8696,5903139869690,13,13,22,,,,,,0,150,10.12.2026,,NW,NW,0
NW.8697,5903139869799,13,13,22,,,,,,1003,,,,NW,NW,0
NW.8698,5903139869898,29,29,22,,,,,,287,,,,NW,NW,0
NW.8700,5903139870092,29,29,22,,,,,,137,,,,NW,NW,0
NW.8701,5903139870191,20,20,22,,,,,,133,,,,NW,NW,0
NW.8702,5903139870290,20,20,22,,,,,,95,,,,NW,NW,0
NW.8703,5903139870399,23,23,22,,,,,,127,,,,NW,NW,0
NW.8704,5903139870498,23,23,22,,,,,,463,,,,NW,NW,0
NW.8705,5903139870597,16,16,22,,,,,,362,,,,NW,NW,0
NW.8706,5903139870696,16,16,22,,,,,,382,200,06.10.2026,,NW,NW,0
NW.8707,5903139870795,17,17,22,,,,,,1336,,,,NW,NW,0
NW.8708,5903139870894,17,17,22,,,,,,308,300,06.10.2026,,NW,NW,0
NW.8710,5903139871099,4,4,22,0,,,0,,1455,,,Glavno skladišče Brnčičeva 13,NW,NW,0
NW.8711,5903139871198,4,4,22,0,,,0,,2251,,,Glavno skladišče Brnčičeva 13,NW,NW,0
NW.8712,5903139871297,11,11,22,0,,,0,,173,200,06.10.2026,Glavno skladišče Brnčičeva 13,NW,NW,0
NW.8713,5903139871396,11,11,22,0,,,0,,492,200,06.10.2026,Glavno skladišče Brnčičeva 13,NW,NW,0
NW.8714,5903139871495,45,45,22,0,,,0,,338,1000,06.10.2026,Glavno skladišče Brnčičeva 13,NW,NW,0
NW.8715,5903139871594,45,45,22,,,,,,1044,,,,NW,NW,0
NW.8716,5903139871693,87,87,22,0,,,0,,905,1000,06.10.2026,Glavno skladišče Brnčičeva 13,NW,NW,0
NW.8717,5903139871792,87,87,22,,,,,,932,500,06.10.2026,,NW,NW,0
NW.8724,5903139872492,157,157,22,,,,,,73,,,,NW,NW,0
NW.8727,5903139872799,115,115,22,,,,,,21,,,,NW,NW,0
NW.8732,5903139873291,115,115,22,,,,,,,,,,NW,NW,0
NW.8738,5903139873895,86.2,86.2,22,,,,,,19,,,,NW,NW,0
NW.8743,5903139874397,86.2,86.2,22,,,,,,,,,,NW,NW,0
NW.8751,5903139875196,149,149,22,,,,,,,,,,NW,NW,0
NW.8763,5903139876391,121.1,121.1,22,,,,,,0,,,,NW,NW,0
NW.8772,5903139877299,75,75,22,,,,,,0,,,,NW,NW,0
NW.8773,5903139877398,75,75,22,,,,,,122,300,21.12.2026,,NW,NW,0
NW.8774,5903139877497,36.7,36.7,22,,,,,,0,,,,NW,NW,0
NW.8775,5903139877596,36.7,36.7,22,,,,,,101,,,,NW,NW,0
NW.8776,5903139877695,28.3,28.3,22,0,,,0,,155,,,Glavno skladišče Brnčičeva 13,NW,NW,0
NW.8778,5903139877893,23,23,22,,,,,,285,500,15.10.2026,,NW,NW,0
NW.8780,5903139878098,23,23,22,0,,,0,,468,500,15.10.2026,Glavno skladišče Brnčičeva 13,NW,NW,0
NW.8781,5903139878197,16.8,16.8,22,,,,,,988,1000,15.10.2026,,NW,NW,0
NW.8782,5903139878296,16.8,16.8,22,,,,,,1719,,,,NW,NW,0
NW.8794,5903139879491,235,235,22,0,,,0,,4,,,Glavno skladišče Brnčičeva 13,NW,NW,0
NW.8795,5903139879590,51,51,22,0,,,0,,67,50,21.09.2026,Glavno skladišče Brnčičeva 13,NW,NW,0
NW.8796,5903139879699,51.5,57.9,22,2,,,2,,120,100,16.10.2026,Glavno skladišče Brnčičeva 13,NW,NW,0
NW.8797,5903139879798,51.5,51.5,22,1,0,0,1,0,405,250,28.09.2026,Glavno skladišče Rakovnik 9a + Glavno skladišče Brnčičeva 13,NW,NW,0
NW.8798,5903139879897,63,63,22,3,,,3,,51,,,Glavno skladišče Brnčičeva 13,NW,NW,0
NW.8800,5903139880091,100,100,22,0,,,0,,97,,,Glavno skladišče Brnčičeva 13,NW,NW,0
NW.8802,5903139880299,279,279,22,0,,,0,,34,,,Glavno skladišče Brnčičeva 13,NW,NW,0
NW.8805,5903139880596,4,4,22,,,,,,418,20,22.09.2026,,NW,NW,0
NW.8816,5903139881692,37.8,37.8,22,,,,,,9,,,,NW,NW,0
NW.8817,5903139881791,73.6,73.6,22,,,,,,12,,,,NW,NW,0
NW.8818,5903139881890,103.1,103.1,22,,,,,,22,,,,NW,NW,0
NW.8819,5903139881999,199,199,22,,,,,,0,23,21.09.2026,,NW,NW,0
NW.8820,5903139882095,137,137,22,0,,,0,,4,,,Glavno skladišče Brnčičeva 13,NW,NW,0
NW.8821,5903139882194,21,21,22,,,,,,31,,,,NW,NW,0
NW.8823,5903139882392,49,49,22,,,,,,14,,,,NW,NW,0
NW.8824,5903139882491,48,48,22,,,,,,0,22,24.09.2026,,NW,NW,0
NW.8825,5903139882590,48,48,22,,,,,,49,,,,NW,NW,0
NW.8826,5903139882699,47.4,47.4,22,,,,,,0,6,28.09.2026,,NW,NW,0
NW.8834,5903139883498,10,10,22,,,,,,145,,,,NW,NW,0
NW.8835,5903139883597,10,10,22,,,,,,88,,,,NW,NW,0
NW.8836,5903139883696,12,12,22,,,,,,209,,,,NW,NW,0
NW.8837,5903139883795,12,12,22,,,,,,193,,,,NW,NW,0
NW.8845,5903139884594,8,8,22,,,,,,,,,,NW,NW,0
NW.8846,5903139884693,12,12,22,3,0,0,3,0,1,,,Glavno skladišče Rakovnik 9a,NW,NW,0
NW.8851,5903139885195,108.4,108.4,22,1,,,1,,44,,,Glavno skladišče Brnčičeva 13,NW,NW,0
NW.8857,5903139885799,,97.9,22,1,,,1,,,,,Glavno skladišče Brnčičeva 13,NW,NW,0
NW.8858,5903139885898,95,95,22,0,,,0,,0,6,01.10.2026,Glavno skladišče Brnčičeva 13,NW,NW,0
NW.8863,5903139886390,159,159,22,1,,,1,,,,,Glavno skladišče Brnčičeva 13,NW,NW,0
NW.8864,5903139886499,172,172,22,,,,,,20,,,,NW,NW,0
NW.8895,5903139889599,50.4,50.4,22,0,,,0,,183,324,28.09.2026,Glavno skladišče Brnčičeva 13,NW,NW,0
NW.8896,5903139889698,50.4,50.4,22,0,,,0,,3,50,01.10.2026,Glavno skladišče Brnčičeva 13,NW,NW,0
NW.8898,5903139889896,50.4,50.4,22,,,,,,0,30,07.10.2026,,NW,NW,0
NW.8900,5903139890090,50.4,50.4,22,0,,,0,,154,200,01.10.2026,Glavno skladišče Brnčičeva 13,NW,NW,0
NW.8901,5903139890199,50.4,50.4,22,,,,,,0,36,28.09.2026,,NW,NW,0
NW.8911,5903139891196,27.3,27.3,22,1,0,0,1,0,294,150,16.10.2026,Glavno skladišče Rakovnik 9a + Glavno skladišče Brnčičeva 13,NW,NW,0
NW.8912,5903139891295,58,58,22,5,,,5,,16,80,01.10.2026,Glavno skladišče Brnčičeva 13,NW,NW,0
NW.8913,5903139891394,80,80,22,,,,,,6,20,06.10.2026,,NW,NW,0
NW.8914,5903139891493,73.6,73.6,22,,,,,,47,,,,NW,NW,0
NW.8915,5903139891592,256,256,22,,,,,,22,,,,NW,NW,0
NW.8916,5903139891691,130,130,22,,,,,,24,20,24.09.2026,,NW,NW,0
NW.8917,5903139891790,130,130,22,0,,,0,,135,,,Glavno skladišče Brnčičeva 13,NW,NW,0
NW.8918,5903139891899,193,193,22,,,,,,11,,,,NW,NW,0
NW.8920,5903139892094,193,193,22,1,,,1,,41,30,16.10.2026,Glavno skladišče Brnčičeva 13,NW,NW,0
NW.8921,5903139892193,336,336,22,0,,,0,,11,,,Glavno skladišče Brnčičeva 13,NW,NW,0
NW.8922,5903139892292,282,282,22,,,,,,8,,,,NW,NW,0
NW.8923,5903139892391,282,282,22,0,,,0,,68,100,28.09.2026,Glavno skladišče Brnčičeva 13,NW,NW,0
NW.8924,5903139892490,482,482,22,,,,,,47,,,,NW,NW,0
NW.8925,5903139892599,37.8,37.8,22,19,0,0,19,0,413,250,24.09.2026,Glavno skladišče Rakovnik 9a + Glavno skladišče Brnčičeva 13,NW,NW,0
NW.8926,5903139892698,37.8,37.8,22,19,5,0,14,0,773,124,24.09.2026,Glavno skladišče Rakovnik 9a + Glavno skladišče Brnčičeva 13,NW,NW,0
NW.8928,5903139892896,37.8,37.8,22,19,0,0,19,0,203,,,Glavno skladišče Rakovnik 9a + Glavno skladišče Brnčičeva 13,NW,NW,0
NW.8930,5903139893091,37.8,37.8,22,81,0,0,81,0,1061,31,28.09.2026,Glavno skladišče Rakovnik 9a + Glavno skladišče Brnčičeva 13,NW,NW,0
NW.8931,5903139893190,37.8,37.8,22,0,,,0,,1104,100,24.09.2026,Glavno skladišče Brnčičeva 13,NW,NW,0
NW.8932,5903139893299,37.8,37.8,22,30,0,0,30,0,339,1,28.09.2026,Glavno skladišče Rakovnik 9a + Glavno skladišče Brnčičeva 13,NW,NW,0
NW.8934,5903139893497,125.3,125.3,22,,,,,,0,9,06.10.2026,,NW,NW,0
NW.8935,5903139893596,125.3,125.3,22,,,,,,0,18,25.09.2026,,NW,NW,0
NW.8937,5903139893794,63.1,80.5,22,4,,,4,,101,,,Glavno skladišče Brnčičeva 13,NW,NW,0
NW.8938,5903139893893,95,95,22,,,,,,29,1,22.09.2026,,NW,NW,0
NW.8940,5903139894098,95,95,22,,,,,,18,,,,NW,NW,0
NW.8942,5903139894296,161.1,161.1,22,,,,,,91,,,,NW,NW,0
NW.8943,5903139894395,153,153,22,0,,,0,,52,60,01.10.2026,Glavno skladišče Brnčičeva 13,NW,NW,0
NW.8944,5903139894494,298,298,22,,,,,,0,26,01.10.2026,,NW,NW,0
NW.8945,5903139894593,151,151,22,,,,,,62,60,16.10.2026,,NW,NW,0
NW.8946,5903139894692,155,155,22,,,,,,4,10,06.10.2026,,NW,NW,0
NW.8947,5903139894791,185,185,22,,,,,,26,20,01.10.2026,,NW,NW,0
NW.8950,5903139895095,185,185,22,,,,,,21,,,,NW,NW,0
NW.8952,5903139895293,137,137,22,0,,,0,,66,60,24.09.2026,Glavno skladišče Brnčičeva 13,NW,NW,0
NW.8953,5903139895392,137,137,22,0,,,0,,125,,,Glavno skladišče Brnčičeva 13,NW,NW,0
NW.8954,5903139895491,151,151,22,,,,,,24,30,21.10.2026,,NW,NW,0
NW.8955,5903139895590,185,185,22,,,,,,8,120,01.10.2026,,NW,NW,0
NW.8957,5903139895798,174,174,22,,,,,,13,60,01.10.2026,,NW,NW,0
NW.8958,5903139895897,258,258,22,,,,,,0,33,28.09.2026,,NW,NW,0
NW.8960,5903139896092,258,258,22,1,,,1,,12,11,28.09.2026,Glavno skladišče Brnčičeva 13,NW,NW,0
NW.8962,5903139896290,385,385,22,,,,,,22,,,,NW,NW,0
NW.8965,5903139896597,299,299,22,,,,,,77,50,01.01.2027,,NW,NW,0
NW.8966,5903139896696,169,169,22,0,,,0,,52,50,01.01.2027,Glavno skladišče Brnčičeva 13,NW,NW,0
NW.8967,5903139896795,6,6,22,,,,,,113,100,21.12.2026,,NW,NW,0
NW.8968,5903139896894,6,6,22,,,,,,859,,,,NW,NW,0
NW.8970,5903139897099,7,7,22,,,,,,660,,,,NW,NW,0
NW.8971,5903139897198,7,7,22,4,,,4,,357,,,Glavno skladišče Brnčičeva 13,NW,NW,0
NW.8972,5903139897297,7,7,22,,,,,,348,,,,NW,NW,0
NW.8973,5903139897396,7,7,22,4,,,4,,479,300,16.09.2026,Glavno skladišče Brnčičeva 13,NW,NW,0
NW.8974,5903139897495,4,4,22,,,,,,398,,,,NW,NW,0
NW.8975,5903139897594,4,4,22,5,0,0,5,0,2364,,,Glavno skladišče Rakovnik 9a + Glavno skladišče Brnčičeva 13,NW,NW,0
NW.8992,5903139899291,12,12,22,,,,,,0,,,,NW,NW,0
NW.8993,5903139899390,20,20,22,,,,,,229,,,,NW,NW,0
NW.8994,5903139899499,18.8,18.8,22,0,,,0,,,,,Glavno skladišče Brnčičeva 13,NW,NW,0
NW.8995,5903139899598,29,29,22,,,,,,147,600,06.10.2026,,NW,NW,0
NW.8996,5903139899697,29,29,22,0,,,0,,1159,500,17.11.2026,Glavno skladišče Brnčičeva 13,NW,NW,0
NW.8997,5903139899796,29,29,22,,,,,,271,200,25.09.2026,,NW,NW,0
NW.8998,5903139899895,29,29,22,,,,,,532,500,17.11.2026,,NW,NW,0
NW.9000,5903139900096,53,53,22,,,,,,368,,,,NW,NW,0
NW.9001,5903139900195,53,53,22,0,,,0,,292,400,17.11.2026,Glavno skladišče Brnčičeva 13,NW,NW,0
NW.9002,5903139900294,53,53,22,0,,,0,,661,,,Glavno skladišče Brnčičeva 13,NW,NW,0
NW.9003,5903139900393,55,55,22,,,,,,158,200,25.09.2026,,NW,NW,0
NW.9004,5903139900492,75,75,22,,,,,,,,,,NW,NW,0
NW.9005,5903139900591,75,75,22,,,,,,0,178,28.09.2026,,NW,NW,0
NW.9006,5903139900690,75,75,22,,,,,,23,,,,NW,NW,0
NW.9007,5903139900799,75,75,22,,,,,,168,200,25.09.2026,,NW,NW,0
NW.9012,5903139901291,24,24,22,,,,,,917,,,,NW,NW,0
NW.9013,5903139901390,24,24,22,,,,,,236,200,21.12.2026,,NW,NW,0
NW.9014,5903139901499,40,40,22,,,,,,176,200,21.12.2026,,NW,NW,0
NW.9015,5903139901598,40,40,22,2,,,2,,576,500,03.11.2026,Glavno skladišče Brnčičeva 13,NW,NW,0
NW.9018,5903139901895,72,72,22,,,,,,212,,,,NW,NW,0
NW.9021,5903139902199,258,258,22,0,,,0,,3,,,Glavno skladišče Brnčičeva 13,NW,NW,0
NW.9022,5903139902298,258,258,22,,,,,,29,,,,NW,NW,0
NW.9023,5903139902397,458,458,22,0,,,0,,7,,,Glavno skladišče Brnčičeva 13,NW,NW,0
NW.9024,5903139902496,458,458,22,0,,,0,,5,6,21.09.2026,Glavno skladišče Brnčičeva 13,NW,NW,0
NW.9025,5903139902595,690,690,22,,,,,,16,,,,NW,NW,0
NW.9026,5903139902694,690,690,22,,,,,,3,8,21.09.2026,,NW,NW,0
NW.9028,5903139902892,123.2,123.2,22,,,,,,44,,,,NW,NW,0
NW.9033,5903139903394,113,113,22,,,,,,0,,,,NW,NW,0
NW.9045,5903139904599,103.1,103.1,22,,,,,,140,,,,NW,NW,0
NW.9046,5903139904698,108.4,108.4,22,,,,,,18,,,,NW,NW,0
NW.9047,5903139904797,288,288,22,,,,,,9,,,,NW,NW,0
NW.9054,5903139905497,389,389,22,0,,,0,,16,,,Glavno skladišče Brnčičeva 13,NW,NW,0
NW.9056,5903139905695,86.2,86.2,22,,,,,,36,,,,NW,NW,0
NW.9057,5903139905794,100,100,22,,,,,,23,,,,NW,NW,0
NW.9058,5903139905893,100,100,22,0,,,0,,56,,,Glavno skladišče Brnčičeva 13,NW,NW,0
NW.9060,5903139906098,86.2,86.2,22,,,,,,46,,,,NW,NW,0
NW.9067,5903139906791,51.5,51.5,22,0,,,0,,18,60,28.09.2026,Glavno skladišče Brnčičeva 13,NW,NW,0
NW.9068,5903139906890,45.2,45.2,22,,,,,,288,78,28.09.2026,,NW,NW,0
NW.9070,5903139907095,45.2,45.2,22,5,0,0,5,0,305,50,14.09.2026,Glavno skladišče Rakovnik 9a + Glavno skladišče Brnčičeva 13,NW,NW,0
NW.9071,5903139907194,105.2,105.2,22,,,,,,90,,,,NW,NW,0
NW.9084,5903139908498,78,78,22,,,,,,8,10,28.09.2026,,NW,NW,0
NW.9091,5903139909198,78,78,22,,,,,,27,,,,NW,NW,0
NW.9097,5903139909792,81.9,81.9,22,,,,,,92,102,17.11.2026,,NW,NW,0
NW.9100,5903139910095,55,55,22,0,,,0,,866,400,11.12.2026,Glavno skladišče Brnčičeva 13,NW,NW,0
NW.9101,5903139910194,49,49,22,,,,,,23,100,22.10.2026,,NW,NW,0
NW.9102,5903139910293,40,40,22,,,,,,1157,,,,NW,NW,0
NW.9103,5903139910392,40,40,22,1,,,1,,1213,,,Glavno skladišče Brnčičeva 13,NW,NW,0
NW.9104,5903139910491,55,55,22,,,,,,132,200,22.10.2026,,NW,NW,0
NW.9105,5903139910590,43.9,43.9,22,1,0,0,1,0,116,200,17.11.2026,Glavno skladišče Rakovnik 9a + Glavno skladišče Brnčičeva 13,NW,NW,0
NW.9106,5903139910699,37.9,57.6,22,1,,,1,,315,200,11.12.2026,Glavno skladišče Brnčičeva 13,NW,NW,0
NW.9107,5903139910798,55,55,22,0,,,0,,140,200,17.11.2026,Glavno skladišče Brnčičeva 13,NW,NW,0
NW.9108,5903139910897,55,55,22,0,,,0,,79,200,17.11.2026,Glavno skladišče Brnčičeva 13,NW,NW,0
NW.9111,5903139911191,41.9,41.9,22,,,,,,116,,,,NW,NW,0
NW.9112,5903139911290,55,92.4,22,1,,,1,,308,200,17.11.2026,Glavno skladišče Brnčičeva 13,NW,NW,0
NW.9113,5903139911399,55,84.1,22,1,,,1,,,,,Glavno skladišče Brnčičeva 13,NW,NW,0
NW.9115,5903139911597,,89.6,22,1,,,1,,0,,,Glavno skladišče Brnčičeva 13,NW,NW,0
NW.9118,5903139911894,137,137,22,1,,,1,,511,400,17.11.2026,Glavno skladišče Brnčičeva 13,NW,NW,0
NW.9122,5903139912297,71,71,22,,,,,,426,,,,NW,NW,0
NW.9123,5903139912396,26.9,47.1,22,4,,,4,,114,,,Glavno skladišče Brnčičeva 13,NW,NW,0
NW.9124,5903139912495,37.9,37.9,22,,,,,,215,,,,NW,NW,0
NW.9125,5903139912594,273,273,22,,,,,,184,,,,NW,NW,0
NW.9126,5903139912693,172,172,22,0,,,0,,7,7,14.09.2026,Glavno skladišče Brnčičeva 13,NW,NW,0
NW.9131,5903139913195,399,399,22,,,,,,0,10,05.10.2026,,NW,NW,0
NW.9132,5903139913294,71.5,71.5,22,,,,,,5,40,05.10.2026,,NW,NW,0
NW.9138,5903139913898,252,252,22,0,,,0,,0,9,28.09.2026,Glavno skladišče Brnčičeva 13,NW,NW,0
NW.9140,5903139914093,151,151,22,0,,,0,,5,10,28.09.2026,Glavno skladišče Brnčičeva 13,NW,NW,0
NW.9142,5903139914291,288,288,22,,,,,,0,5,05.10.2026,,NW,NW,0
NW.9143,5903139914390,,131.2,22,3,,,3,,0,,,Glavno skladišče Brnčičeva 13,NW,NW,0
NW.9145,5903139914598,115,115,22,,,,,,12,7,14.09.2026,,NW,NW,0
NW.9150,5903139915090,258,258,22,,,,,,15,1,14.09.2026,,NW,NW,0
NW.9151,5903139915199,95,95,22,,,,,,18,2,21.09.2026,,NW,NW,0
NW.9152,5903139915298,125,125,22,0,,,0,,,,,Glavno skladišče Brnčičeva 13,NW,NW,0
NW.9153,5903139915397,130,130,22,,,,,,46,,,,NW,NW,0
NW.9154,5903139915496,115,115,22,0,,,0,,14,100,16.10.2026,Glavno skladišče Brnčičeva 13,NW,NW,0
NW.9155,5903139915595,125.3,125.3,22,,,,,,,,,,NW,NW,0
NW.9158,5903139915892,89.9,89.9,22,,,,,,399,504,11.12.2026,,NW,NW,0
NW.9173,5903139917391,11,11,22,23,0,0,23,0,5889,5000,13.11.2026,Glavno skladišče Rakovnik 9a + Glavno skladišče Brnčičeva 13,NW,NW,0
NW.9177,5903139917797,13,13,22,,,,,,1479,,,,NW,NW,0
NW.9178,5903139917896,6,6,22,,,,,,10729,10000,10.11.2026,,NW,NW,0
NW.9180,5903139918091,6,6,22,,,,,,7572,20000,10.11.2026,,NW,NW,0
NW.9185,5903139918596,509,509,22,0,,,0,,42,,,Glavno skladišče Brnčičeva 13,NW,NW,0
NW.9186,5903139918695,8,8,22,2,0,0,2,0,171,,,Glavno skladišče Rakovnik 9a + Glavno skladišče Brnčičeva 13,NW,NW,0
NW.9187,5903139918794,8,8,22,0,,,0,,64,100,21.12.2026,Glavno skladišče Brnčičeva 13,NW,NW,0
NW.9188,5903139918893,9,9,22,,,,,,70,,,,NW,NW,0
NW.9190,5903139919098,9,9,22,,,,,,214,,,,NW,NW,0
NW.9192,5903139919296,178,178,22,,,,,,27,,,,NW,NW,0
NW.9197,5903139919791,10,10,22,10,,,10,,1047,1000,13.11.2026,Glavno skladišče Brnčičeva 13,NW,NW,0
NW.9211,5903139921190,14,14,22,,,,,,1641,,,,NW,NW,0
NW.9212,5903139921299,14,14,22,,,,,,1622,1000,21.12.2026,,NW,NW,0
NW.9213,5903139921398,14,14,22,,,,,,3224,,,,NW,NW,0
NW.9214,5903139921497,14,14,22,,,,,,1673,,,,NW,NW,0
NW.9237,5903139923798,35,35,22,1,0,0,1,0,17,,,Glavno skladišče Rakovnik 9a + Glavno skladišče Brnčičeva 13,NW,NW,0
NW.9238,5903139923897,35,35,22,0,,,0,,174,21,28.09.2026,Glavno skladišče Brnčičeva 13,NW,NW,0
NW.9240,5903139924092,95,95,22,,,,,,13,,,,NW,NW,0
NW.9241,5903139924191,95,95,22,,,,,,47,,,,NW,NW,0
NW.9244,5903139924498,52,52,22,,,,,,278,,,,NW,NW,0
NW.9245,5903139924597,52,52,22,5,0,0,5,0,46,,,Glavno skladišče Rakovnik 9a + Glavno skladišče Brnčičeva 13,NW,NW,0
NW.9252,5903139925297,195,195,22,,,,,,99,60,21.09.2026,,NW,NW,0
NW.9261,5903139926195,95,95,22,,,,,,32,,,,NW,NW,0
NW.9263,5903139926393,199,199,22,,,,,,25,,,,NW,NW,0
NW.9264,5903139926492,113,113,22,,,,,,15,5,14.09.2026,,NW,NW,0
NW.9266,5903139926690,95,95,22,,,,,,21,1,14.09.2026,,NW,NW,0
NW.9317,5903139931793,80,105,22,1,,,1,,,,,Glavno skladišče Brnčičeva 13,NW,NW,0
NW.9320,5903139932097,80,80,22,0,,,0,,,,,Glavno skladišče Brnčičeva 13,NW,NW,0
NW.9321,5903139932196,36,36,22,0,,,0,,447,200,01.10.2026,Glavno skladišče Brnčičeva 13,NW,NW,0
NW.9322,5903139932295,36,36,22,0,,,0,,886,550,01.10.2026,Glavno skladišče Brnčičeva 13,NW,NW,0
NW.9324,5903139932493,52,52,22,,,,,,48,,,,NW,NW,0
NW.9325,5903139932592,52,52,22,4,0,0,4,0,75,,,Glavno skladišče Rakovnik 9a,NW,NW,0
NW.9337,5903139933797,55,55,22,,,,,,88,4,01.10.2026,,NW,NW,0
NW.9338,5903139933896,55,55,22,0,,,0,,207,100,13.10.2026,Glavno skladišče Brnčičeva 13,NW,NW,0
NW.9342,5903139934299,14,14,22,0,,,0,,915,1000,13.11.2026,Glavno skladišče Brnčičeva 13,NW,NW,0
NW.9343,5903139934398,14,14,22,,,,,,1229,,,,NW,NW,0
NW.9344,5903139934497,14,14,22,,,,,,4705,,,,NW,NW,0
NW.9345,5903139934596,14,14,22,2,0,0,2,0,2588,,,Glavno skladišče Rakovnik 9a + Glavno skladišče Brnčičeva 13,NW,NW,0
NW.9362,5903139936293,155,155,22,,,,,,6,,,,NW,NW,0
NW.9363,5903139936392,199,199,22,,,,,,26,,,,NW,NW,0
NW.9364,5903139936491,136,136,22,,,,,,5,2,14.09.2026,,NW,NW,0
NW.9377,5903139937795,71.5,71.5,22,,,,,,36,,,,NW,NW,0
NW.9378,5903139937894,47.4,47.4,22,0,,,0,,82,150,28.09.2026,Glavno skladišče Brnčičeva 13,NW,NW,0
NW.9381,5903139938198,178,178,22,,,,,,36,,,,NW,NW,0
NW.9382,5903139938297,178,178,22,,,,,,23,,,,NW,NW,0
NW.9383,5903139938396,81.1,106.8,22,3,,,3,,,,,Glavno skladišče Brnčičeva 13,NW,NW,0
NW.9384,5903139938495,63.1,63.1,22,,,,,,25,,,,NW,NW,0
NW.9385,5903139938594,63.1,63.1,22,,,,,,56,,,,NW,NW,0
NW.9387,5903139938792,58,58,22,,,,,,49,50,12.10.2026,,NW,NW,0
NW.9403,5903139940399,73,73,22,,,,,,116,,,,NW,NW,0
NW.9404,5903139940498,58,58,22,,,,,,62,,,,NW,NW,0
NW.9407,5903139940795,73,73,22,,,,,,21,,,,NW,NW,0
NW.9408,5903139940894,58,58,22,,,,,,52,,,,NW,NW,0
NW.9412,5903139941297,68.4,68.4,22,,,,,,108,,,,NW,NW,0
NW.9413,5903139941396,51.5,51.5,22,,,,,,132,,,,NW,NW,0
NW.9416,5903139941693,67.3,67.3,22,,,,,,23,,,,NW,NW,0
NW.9417,5903139941792,51.5,51.5,22,,,,,,332,4,01.10.2026,,NW,NW,0
NW.9420,5903139942096,185,185,22,,,,,,4,20,05.10.2026,,NW,NW,0
NW.9448,5903139944892,20,20,22,6,2,0,4,2,3858,1000,23.11.2026,Glavno skladišče Rakovnik 9a + Glavno skladišče Brnčičeva 13,NW,NW,0
NW.9450,5903139945097,20,20,22,6,0,0,6,0,3241,,,Glavno skladišče Rakovnik 9a + Glavno skladišče Brnčičeva 13,NW,NW,0
NW.9451,5903139945196,38,38,22,37,0,0,37,0,2468,2000,03.11.2026,Glavno skladišče Rakovnik 9a + Glavno skladišče Brnčičeva 13,NW,NW,0
NW.9452,5903139945295,38,38,22,24,0,0,24,0,10788,,,Glavno skladišče Rakovnik 9a + Glavno skladišče Brnčičeva 13,NW,NW,0
NW.9453,5903139945394,6,6,22,18,0,0,18,0,4200,1000,03.11.2026,Glavno skladišče Rakovnik 9a + Glavno skladišče Brnčičeva 13,NW,NW,0
NW.9454,5903139945493,6,6,22,20,0,0,20,0,2096,1000,21.12.2026,Glavno skladišče Rakovnik 9a + Glavno skladišče Brnčičeva 13,NW,NW,0
NW.9455,5903139945592,7,7,22,2,,,2,,2274,1000,21.12.2026,Glavno skladišče Brnčičeva 13,NW,NW,0
NW.9456,5903139945691,7,7,22,0,,,0,,1164,600,21.12.2026,Glavno skladišče Brnčičeva 13,NW,NW,0
NW.9457,5903139945790,4,4,22,32,2,0,30,0,4506,2000,16.09.2026,Glavno skladišče Rakovnik 9a + Glavno skladišče Brnčičeva 13,NW,NW,0
NW.9458,5903139945899,4,4,22,5,3,0,2,2,7275,2000,03.11.2026,Glavno skladišče Rakovnik 9a + Glavno skladišče Brnčičeva 13,NW,NW,0
NW.9460,5903139946094,13,13,22,0,,,0,,3718,,,Glavno skladišče Brnčičeva 13,NW,NW,0
NW.9461,5903139946193,13,13,22,2,0,0,2,0,1101,,,Glavno skladišče Rakovnik 9a + Glavno skladišče Brnčičeva 13,NW,NW,0
NW.9462,5903139946292,7,7,22,22,0,0,22,0,1894,1000,03.11.2026,Glavno skladišče Rakovnik 9a + Glavno skladišče Brnčičeva 13,NW,NW,0
NW.9463,5903139946391,7,7,22,19,2,0,17,2,6556,1000,23.11.2026,Glavno skladišče Rakovnik 9a + Glavno skladišče Brnčičeva 13,NW,NW,0
NW.9482,5903139948296,40,40,22,0,,,0,,309,300,28.09.2026,Glavno skladišče Brnčičeva 13,NW,NW,0
NW.9486,5903139948692,40,53,22,1,,,1,,25,,,Glavno skladišče Brnčičeva 13,NW,NW,0
NW.9490,5903139949095,63.1,63.1,22,,,,,,,,,,NW,NW,0
NW.9501,5903139950190,145,145,22,0,,,0,,98,,,Glavno skladišče Brnčičeva 13,NW,NW,0
NW.9505,5903139950596,51,51,22,0,,,0,,0,163,28.09.2026,Glavno skladišče Brnčičeva 13,NW,NW,0
NW.9507,5903139950794,109,109,22,,,,,,235,200,17.11.2026,,NW,NW,0
NW.9508,5903139950893,97.9,97.9,22,0,,,0,,140,200,17.11.2026,Glavno skladišče Brnčičeva 13,NW,NW,0
NW.9513,5903139951395,109,109,22,0,,,0,,168,,,Glavno skladišče Brnčičeva 13,NW,NW,0
NW.9514,5903139951494,109,109,22,0,,,0,,290,,,Glavno skladišče Brnčičeva 13,NW,NW,0
NW.9517,5903139951791,36.9,36.9,22,0,,,0,,594,500,05.11.2026,Glavno skladišče Brnčičeva 13,NW,NW,0
NW.9518,5903139951890,26.9,26.9,22,0,,,0,,627,,,Glavno skladišče Brnčičeva 13,NW,NW,0
NW.9551,5903139955195,42.9,42.9,22,1,,,1,,88,200,10.11.2026,Glavno skladišče Brnčičeva 13,NW,NW,0
NW.9554,5903139955492,49.9,49.9,22,0,,,0,,718,501,10.11.2026,Glavno skladišče Brnčičeva 13,NW,NW,0
NW.9555,5903139955591,32.9,47.4,22,0,,,0,,0,155,15.10.2026,Glavno skladišče Brnčičeva 13,NW,NW,0
NW.9557,5903139955799,91.9,91.9,22,9,,,9,,,,,Glavno skladišče Brnčičeva 13,NW,NW,0
NW.9561,5903139956192,55,55,22,,,,,,0,143,15.10.2026,,NW,NW,0
NW.9562,5903139956291,41,41,22,,,,,,0,123,20.10.2026,,NW,NW,0
NW.9563,5903139956390,75,75,22,,,,,,52,,,,NW,NW,0
NW.9564,5903139956499,55,55,22,,,,,,567,,,,NW,NW,0
NW.9565,5903139956598,55,55,22,2,,,2,,780,,,Glavno skladišče Brnčičeva 13,NW,NW,0
NW.9570,5903139957090,68.4,68.4,22,,,,,,336,,,,NW,NW,0
NW.9571,5903139957199,44.1,44.1,22,,,,,,197,,,,NW,NW,0
NW.9574,5903139957496,68.4,89.6,22,1,,,1,,287,,,Glavno skladišče Brnčičeva 13,NW,NW,0
NW.9575,5903139957595,44.1,44.1,22,,,,,,103,500,12.10.2026,,NW,NW,0
NW.9605,5903139960595,93,93,22,,,,,,158,,,,NW,NW,0
NW.9606,5903139960694,172,172,22,,,,,,24,40,16.10.2026,,NW,NW,0
NW.9607,5903139960793,175,175,22,,,,,,48,200,01.01.2027,,NW,NW,0
NW.9672,5903139967297,218,218,22,,,,,,36,60,16.10.2026,,NW,NW,0
NW.9673,5903139967396,153,153,22,0,,,0,,34,104,16.10.2026,Glavno skladišče Brnčičeva 13,NW,NW,0
NW.9675,5903139967594,208,208,22,,,,,,4,10,28.09.2026,,NW,NW,0
NW.9677,5903139967792,178,178,22,,,,,,8,10,05.10.2026,,NW,NW,0
NW.9680,5903139968096,218,218,22,,,,,,7,,,,NW,NW,0
NW.9682,5903139968294,172,172,22,,,,,,29,,,,NW,NW,0
NW.9683,5903139968393,145,164,22,1,,,1,,0,,,Glavno skladišče Brnčičeva 13,NW,NW,0
NW.9687,5903139968799,95,95,22,0,,,0,,57,50,01.10.2026,Glavno skladišče Brnčičeva 13,NW,NW,0
NW.9700,5903139970099,67.3,67.3,22,,,,,,12,,,,NW,NW,0
NW.9705,5903139970594,52.5,52.5,22,,,,,,292,2,28.09.2026,,NW,NW,0
NW.9706,5903139970693,51.5,51.5,22,0,,,0,,145,1,22.09.2026,Glavno skladišče Brnčičeva 13,NW,NW,0
NW.9707,5903139970792,51.5,51.5,22,,,,,,226,149,24.09.2026,,NW,NW,0
NW.9708,5903139970891,54.6,54.6,22,0,,,0,,548,73,28.09.2026,Glavno skladišče Brnčičeva 13,NW,NW,0
NW.9710,5903139971096,54.6,54.6,22,0,,,0,,837,1,01.10.2026,Glavno skladišče Brnčičeva 13,NW,NW,0
NW.9711,5903139971195,129,129,22,,,,,,47,,,,NW,NW,0
NW.9712,5903139971294,175,175,22,,,,,,37,,,,NW,NW,0
NW.9713,5903139971393,325,325,22,,,,,,46,,,,NW,NW,0
NW.9714,5903139971492,257,257,22,,,,,,11,64,22.09.2026,,NW,NW,0
NW.9715,5903139971591,151,151,22,,,,,,89,100,01.01.2027,,NW,NW,0
NW.9736,5903139973694,334,334,22,,,,,,36,11,21.09.2026,,NW,NW,0
NW.9737,5903139973793,199,199,22,,,,,,0,7,14.09.2026,,NW,NW,0
NW.9743,5903139974394,168,168,22,,,,,,16,3,14.09.2026,,NW,NW,0
NW.9744,5903139974493,115,115,22,,,,,,25,,,,NW,NW,0
NW.9747,5903139974790,,34.1,22,1,,,1,,0,,,Glavno skladišče Brnčičeva 13,NW,NW,0
NW.9751,5903139975193,109,109,22,,,,,,94,100,01.01.2027,,NW,NW,0
NW.9890,5903139989091,153,153,22,,,,,,8,30,01.10.2026,,NW,NW,0
