15:35:47  == Zaloga NW_STOCK ==
15:36:00     [NW_STOCK] prevzeto 87.348 bajtov -> C:\Users\david\Desktop\PIM\NoviPIM\PIM_Solution\data\prevzem\NW_STOCK\nw-zaloga.csv
15:36:00     Prevzem koncan: uspesno 1, neuspesno 0, skupaj virov 1.
15:36:02     Prebranih zapisov: 2763; SHA-256: ed71ea36f290a5fe9cd8cd21b07b42274bde5aa939934532e263122657fa0f91
15:36:08     Zaloga zapisana; vir=NW_STOCK, podjetje=1, uporabljenih=2763, v karanteni=0, RunId=8a29bc2b-ef69-490b-b913-9a90a2293c5d.
15:36:09     Prebranih zapisov: 2763; SHA-256: ed71ea36f290a5fe9cd8cd21b07b42274bde5aa939934532e263122657fa0f91
15:36:11     Zaloga zapisana; vir=NW_STOCK, podjetje=2, uporabljenih=2763, v karanteni=0, RunId=8ac24dd6-e3c9-4210-a847-86dfd8defe89.
15:36:13     Prebranih zapisov: 2763; SHA-256: ed71ea36f290a5fe9cd8cd21b07b42274bde5aa939934532e263122657fa0f91
15:36:17     Zaloga zapisana; vir=NW_STOCK, podjetje=3, uporabljenih=2763, v karanteni=0, RunId=51b5001f-eff5-4051-8b07-5e6626dd9381.
15:36:20     Prebranih zapisov: 2763; SHA-256: ed71ea36f290a5fe9cd8cd21b07b42274bde5aa939934532e263122657fa0f91
15:36:22     Zaloga zapisana; vir=NW_STOCK, podjetje=4, uporabljenih=2763, v karanteni=0, RunId=dbd29346-63ec-45ce-a8a2-a14762de24a4.
15:36:22     konec: Zaloga NW_STOCK
15:36:22  == Zaloga BT_STOCK ==
15:36:26     [BT_STOCK] preskoceno: Dobavitelj dovoli prenos na 180 Dk; naslednji mozen 02.09.2026 18:07:47. Prejsnja datoteka je ohranjena.
15:36:26     Prevzem koncan: uspesno 0, neuspesno 0, skupaj virov 1.
15:36:27     Prebranih zapisov: 1389; SHA-256: b5e58b00d97d3a86abd9c759e81992d460fcbfb627258e06e4a6adf09b1bf6cf
15:36:29     Ta posnetek je ze v bazi; vir=BT_STOCK, podjetje=1, cas posnetka=2026-08-31 11:05:00Z, uporabljenih=1389, v karanteni=0, RunId=1fe73126-89d2-4496-8230-03352ad46969. Zapisano ni bilo nic.
15:36:31     Prebranih zapisov: 1389; SHA-256: b5e58b00d97d3a86abd9c759e81992d460fcbfb627258e06e4a6adf09b1bf6cf
15:36:32     Ta posnetek je ze v bazi; vir=BT_STOCK, podjetje=2, cas posnetka=2026-08-31 11:05:00Z, uporabljenih=1389, v karanteni=0, RunId=f496222c-4285-46c1-9d57-a25b46ec24a9. Zapisano ni bilo nic.
15:36:33     Prebranih zapisov: 1389; SHA-256: b5e58b00d97d3a86abd9c759e81992d460fcbfb627258e06e4a6adf09b1bf6cf
15:36:35     Ta posnetek je ze v bazi; vir=BT_STOCK, podjetje=3, cas posnetka=2026-08-31 11:05:00Z, uporabljenih=1389, v karanteni=0, RunId=9d047ae1-f437-4ea6-8ada-c87aaed01386. Zapisano ni bilo nic.
15:36:36     Prebranih zapisov: 1389; SHA-256: b5e58b00d97d3a86abd9c759e81992d460fcbfb627258e06e4a6adf09b1bf6cf
15:36:38     Ta posnetek je ze v bazi; vir=BT_STOCK, podjetje=4, cas posnetka=2026-08-31 11:05:00Z, uporabljenih=1389, v karanteni=0, RunId=2f8b0220-b477-4459-863d-13c2a74fbc34. Zapisano ni bilo nic.
15:36:38     konec: Zaloga BT_STOCK
15:36:38  == Zaloga iz SAOP (kolicine) ==
15:36:41     STDERR: [1] Razpored za SAOP_STOCK ni omogocen; podjetje je preskoceno.
15:36:41     STDERR: [2] Razpored za SAOP_STOCK ni omogocen; podjetje je preskoceno.
15:36:41     STDERR: [3] Razpored za SAOP_STOCK ni omogocen; podjetje je preskoceno.
15:36:41     STDERR: [4] Razpored za SAOP_STOCK ni omogocen; podjetje je preskoceno.
15:36:41     NAPAKA: worker workers\PIM.SaopStockWorker je koncal z izhodno kodo 1
15:36:41  Zalogovni cikel koncan; padlih korakov: 1.
15:39:47  == Zaloga NW_STOCK ==
15:39:48     [NW_STOCK] preskoceno: Razmik dobavitelja se tece; naslednji prenos po 2. 09. 2026 17:36.
15:39:48     Prevzem koncan: uspesno 0, neuspesno 0, skupaj virov 1.
15:39:50     Prebranih zapisov: 2763; SHA-256: ed71ea36f290a5fe9cd8cd21b07b42274bde5aa939934532e263122657fa0f91
15:39:50     Ta posnetek je ze v bazi; vir=NW_STOCK, podjetje=1, cas posnetka=2026-09-02 13:36:00Z, uporabljenih=2763, v karanteni=0, RunId=8a29bc2b-ef69-490b-b913-9a90a2293c5d. Zapisano ni bilo nic.
15:39:51     Prebranih zapisov: 2763; SHA-256: ed71ea36f290a5fe9cd8cd21b07b42274bde5aa939934532e263122657fa0f91
15:39:51     Ta posnetek je ze v bazi; vir=NW_STOCK, podjetje=2, cas posnetka=2026-09-02 13:36:00Z, uporabljenih=2763, v karanteni=0, RunId=8ac24dd6-e3c9-4210-a847-86dfd8defe89. Zapisano ni bilo nic.
15:39:52     Prebranih zapisov: 2763; SHA-256: ed71ea36f290a5fe9cd8cd21b07b42274bde5aa939934532e263122657fa0f91
15:39:52     Ta posnetek je ze v bazi; vir=NW_STOCK, podjetje=3, cas posnetka=2026-09-02 13:36:00Z, uporabljenih=2763, v karanteni=0, RunId=51b5001f-eff5-4051-8b07-5e6626dd9381. Zapisano ni bilo nic.
15:39:53     Prebranih zapisov: 2763; SHA-256: ed71ea36f290a5fe9cd8cd21b07b42274bde5aa939934532e263122657fa0f91
15:39:53     Ta posnetek je ze v bazi; vir=NW_STOCK, podjetje=4, cas posnetka=2026-09-02 13:36:00Z, uporabljenih=2763, v karanteni=0, RunId=dbd29346-63ec-45ce-a8a2-a14762de24a4. Zapisano ni bilo nic.
15:39:53     konec: Zaloga NW_STOCK
15:39:53  == Zaloga BT_STOCK ==
15:39:54     [BT_STOCK] preskoceno: Razmik dobavitelja se tece; naslednji prenos po 2. 09. 2026 18:36.
15:39:54     Prevzem koncan: uspesno 0, neuspesno 0, skupaj virov 1.
15:39:55     Prebranih zapisov: 1389; SHA-256: b5e58b00d97d3a86abd9c759e81992d460fcbfb627258e06e4a6adf09b1bf6cf
15:39:55     Ta posnetek je ze v bazi; vir=BT_STOCK, podjetje=1, cas posnetka=2026-08-31 11:05:00Z, uporabljenih=1389, v karanteni=0, RunId=1fe73126-89d2-4496-8230-03352ad46969. Zapisano ni bilo nic.
15:39:56     Prebranih zapisov: 1389; SHA-256: b5e58b00d97d3a86abd9c759e81992d460fcbfb627258e06e4a6adf09b1bf6cf
15:39:57     Ta posnetek je ze v bazi; vir=BT_STOCK, podjetje=2, cas posnetka=2026-08-31 11:05:00Z, uporabljenih=1389, v karanteni=0, RunId=f496222c-4285-46c1-9d57-a25b46ec24a9. Zapisano ni bilo nic.
15:39:57     Prebranih zapisov: 1389; SHA-256: b5e58b00d97d3a86abd9c759e81992d460fcbfb627258e06e4a6adf09b1bf6cf
15:39:58     Ta posnetek je ze v bazi; vir=BT_STOCK, podjetje=3, cas posnetka=2026-08-31 11:05:00Z, uporabljenih=1389, v karanteni=0, RunId=9d047ae1-f437-4ea6-8ada-c87aaed01386. Zapisano ni bilo nic.
15:39:59     Prebranih zapisov: 1389; SHA-256: b5e58b00d97d3a86abd9c759e81992d460fcbfb627258e06e4a6adf09b1bf6cf
15:39:59     Ta posnetek je ze v bazi; vir=BT_STOCK, podjetje=4, cas posnetka=2026-08-31 11:05:00Z, uporabljenih=1389, v karanteni=0, RunId=2f8b0220-b477-4459-863d-13c2a74fbc34. Zapisano ni bilo nic.
15:39:59     konec: Zaloga BT_STOCK
15:39:59  == Zaloga iz SAOP (kolicine) ==
15:40:00     STDERR: [1] Razpored za SAOP_STOCK ni omogocen; podjetje je preskoceno.
15:40:00     STDERR: [2] Razpored za SAOP_STOCK ni omogocen; podjetje je preskoceno.
15:40:00     STDERR: [3] Razpored za SAOP_STOCK ni omogocen; podjetje je preskoceno.
15:40:00     STDERR: [4] Razpored za SAOP_STOCK ni omogocen; podjetje je preskoceno.
15:40:00     NAPAKA: worker workers\PIM.SaopStockWorker je koncal z izhodno kodo 1
15:40:00  Zalogovni cikel koncan; padlih korakov: 1.
15:44:47  == Zaloga NW_STOCK ==
15:44:49     [NW_STOCK] preskoceno: Razmik dobavitelja se tece; naslednji prenos po 2. 09. 2026 17:36.
15:44:49     Prevzem koncan: uspesno 0, neuspesno 0, skupaj virov 1.
15:44:50     Prebranih zapisov: 2763; SHA-256: ed71ea36f290a5fe9cd8cd21b07b42274bde5aa939934532e263122657fa0f91
15:44:51     Ta posnetek je ze v bazi; vir=NW_STOCK, podjetje=1, cas posnetka=2026-09-02 13:36:00Z, uporabljenih=2763, v karanteni=0, RunId=8a29bc2b-ef69-490b-b913-9a90a2293c5d. Zapisano ni bilo nic.
15:44:52     Prebranih zapisov: 2763; SHA-256: ed71ea36f290a5fe9cd8cd21b07b42274bde5aa939934532e263122657fa0f91
15:44:53     Ta posnetek je ze v bazi; vir=NW_STOCK, podjetje=2, cas posnetka=2026-09-02 13:36:00Z, uporabljenih=2763, v karanteni=0, RunId=8ac24dd6-e3c9-4210-a847-86dfd8defe89. Zapisano ni bilo nic.
15:44:56     Prebranih zapisov: 2763; SHA-256: ed71ea36f290a5fe9cd8cd21b07b42274bde5aa939934532e263122657fa0f91
15:44:57     Ta posnetek je ze v bazi; vir=NW_STOCK, podjetje=3, cas posnetka=2026-09-02 13:36:00Z, uporabljenih=2763, v karanteni=0, RunId=51b5001f-eff5-4051-8b07-5e6626dd9381. Zapisano ni bilo nic.
15:44:58     Prebranih zapisov: 2763; SHA-256: ed71ea36f290a5fe9cd8cd21b07b42274bde5aa939934532e263122657fa0f91
15:44:58     Ta posnetek je ze v bazi; vir=NW_STOCK, podjetje=4, cas posnetka=2026-09-02 13:36:00Z, uporabljenih=2763, v karanteni=0, RunId=dbd29346-63ec-45ce-a8a2-a14762de24a4. Zapisano ni bilo nic.
15:44:58     konec: Zaloga NW_STOCK
15:44:58  == Zaloga BT_STOCK ==
15:45:00     [BT_STOCK] preskoceno: Razmik dobavitelja se tece; naslednji prenos po 2. 09. 2026 18:36.
15:45:00     Prevzem koncan: uspesno 0, neuspesno 0, skupaj virov 1.
15:45:01     Prebranih zapisov: 1389; SHA-256: b5e58b00d97d3a86abd9c759e81992d460fcbfb627258e06e4a6adf09b1bf6cf
15:45:01     Ta posnetek je ze v bazi; vir=BT_STOCK, podjetje=1, cas posnetka=2026-08-31 11:05:00Z, uporabljenih=1389, v karanteni=0, RunId=1fe73126-89d2-4496-8230-03352ad46969. Zapisano ni bilo nic.
15:45:02     Prebranih zapisov: 1389; SHA-256: b5e58b00d97d3a86abd9c759e81992d460fcbfb627258e06e4a6adf09b1bf6cf
15:45:02     Ta posnetek je ze v bazi; vir=BT_STOCK, podjetje=2, cas posnetka=2026-08-31 11:05:00Z, uporabljenih=1389, v karanteni=0, RunId=f496222c-4285-46c1-9d57-a25b46ec24a9. Zapisano ni bilo nic.
15:45:03     Prebranih zapisov: 1389; SHA-256: b5e58b00d97d3a86abd9c759e81992d460fcbfb627258e06e4a6adf09b1bf6cf
15:45:04     Ta posnetek je ze v bazi; vir=BT_STOCK, podjetje=3, cas posnetka=2026-08-31 11:05:00Z, uporabljenih=1389, v karanteni=0, RunId=9d047ae1-f437-4ea6-8ada-c87aaed01386. Zapisano ni bilo nic.
15:45:05     Prebranih zapisov: 1389; SHA-256: b5e58b00d97d3a86abd9c759e81992d460fcbfb627258e06e4a6adf09b1bf6cf
15:45:06     Ta posnetek je ze v bazi; vir=BT_STOCK, podjetje=4, cas posnetka=2026-08-31 11:05:00Z, uporabljenih=1389, v karanteni=0, RunId=2f8b0220-b477-4459-863d-13c2a74fbc34. Zapisano ni bilo nic.
15:45:06     konec: Zaloga BT_STOCK
15:45:06  == Zaloga iz SAOP (kolicine) ==
15:45:08     STDERR: [1] Razpored za SAOP_STOCK ni omogocen; podjetje je preskoceno.
15:45:08     STDERR: [2] Razpored za SAOP_STOCK ni omogocen; podjetje je preskoceno.
15:45:08     STDERR: [3] Razpored za SAOP_STOCK ni omogocen; podjetje je preskoceno.
15:45:08     STDERR: [4] Razpored za SAOP_STOCK ni omogocen; podjetje je preskoceno.
15:45:08     NAPAKA: worker workers\PIM.SaopStockWorker je koncal z izhodno kodo 1
15:45:08  Zalogovni cikel koncan; padlih korakov: 1.
15:49:46  == Zaloga NW_STOCK ==
15:49:48     [NW_STOCK] preskoceno: Razmik dobavitelja se tece; naslednji prenos po 2. 09. 2026 17:36.
15:49:48     Prevzem koncan: uspesno 0, neuspesno 0, skupaj virov 1.
15:49:48     Prebranih zapisov: 2763; SHA-256: ed71ea36f290a5fe9cd8cd21b07b42274bde5aa939934532e263122657fa0f91
15:49:49     Ta posnetek je ze v bazi; vir=NW_STOCK, podjetje=1, cas posnetka=2026-09-02 13:36:00Z, uporabljenih=2763, v karanteni=0, RunId=8a29bc2b-ef69-490b-b913-9a90a2293c5d. Zapisano ni bilo nic.
15:49:49     Prebranih zapisov: 2763; SHA-256: ed71ea36f290a5fe9cd8cd21b07b42274bde5aa939934532e263122657fa0f91
15:49:50     Ta posnetek je ze v bazi; vir=NW_STOCK, podjetje=2, cas posnetka=2026-09-02 13:36:00Z, uporabljenih=2763, v karanteni=0, RunId=8ac24dd6-e3c9-4210-a847-86dfd8defe89. Zapisano ni bilo nic.
15:49:50     Prebranih zapisov: 2763; SHA-256: ed71ea36f290a5fe9cd8cd21b07b42274bde5aa939934532e263122657fa0f91
15:49:51     Ta posnetek je ze v bazi; vir=NW_STOCK, podjetje=3, cas posnetka=2026-09-02 13:36:00Z, uporabljenih=2763, v karanteni=0, RunId=51b5001f-eff5-4051-8b07-5e6626dd9381. Zapisano ni bilo nic.
15:49:51     Prebranih zapisov: 2763; SHA-256: ed71ea36f290a5fe9cd8cd21b07b42274bde5aa939934532e263122657fa0f91
15:49:52     Ta posnetek je ze v bazi; vir=NW_STOCK, podjetje=4, cas posnetka=2026-09-02 13:36:00Z, uporabljenih=2763, v karanteni=0, RunId=dbd29346-63ec-45ce-a8a2-a14762de24a4. Zapisano ni bilo nic.
15:49:52     konec: Zaloga NW_STOCK
15:49:52  == Zaloga BT_STOCK ==
15:49:53     [BT_STOCK] preskoceno: Razmik dobavitelja se tece; naslednji prenos po 2. 09. 2026 18:36.
15:49:53     Prevzem koncan: uspesno 0, neuspesno 0, skupaj virov 1.
15:49:53     Prebranih zapisov: 1389; SHA-256: b5e58b00d97d3a86abd9c759e81992d460fcbfb627258e06e4a6adf09b1bf6cf
15:49:54     Ta posnetek je ze v bazi; vir=BT_STOCK, podjetje=1, cas posnetka=2026-08-31 11:05:00Z, uporabljenih=1389, v karanteni=0, RunId=1fe73126-89d2-4496-8230-03352ad46969. Zapisano ni bilo nic.
15:49:54     Prebranih zapisov: 1389; SHA-256: b5e58b00d97d3a86abd9c759e81992d460fcbfb627258e06e4a6adf09b1bf6cf
15:49:55     Ta posnetek je ze v bazi; vir=BT_STOCK, podjetje=2, cas posnetka=2026-08-31 11:05:00Z, uporabljenih=1389, v karanteni=0, RunId=f496222c-4285-46c1-9d57-a25b46ec24a9. Zapisano ni bilo nic.
15:49:55     Prebranih zapisov: 1389; SHA-256: b5e58b00d97d3a86abd9c759e81992d460fcbfb627258e06e4a6adf09b1bf6cf
15:49:56     Ta posnetek je ze v bazi; vir=BT_STOCK, podjetje=3, cas posnetka=2026-08-31 11:05:00Z, uporabljenih=1389, v karanteni=0, RunId=9d047ae1-f437-4ea6-8ada-c87aaed01386. Zapisano ni bilo nic.
15:49:56     Prebranih zapisov: 1389; SHA-256: b5e58b00d97d3a86abd9c759e81992d460fcbfb627258e06e4a6adf09b1bf6cf
15:49:57     Ta posnetek je ze v bazi; vir=BT_STOCK, podjetje=4, cas posnetka=2026-08-31 11:05:00Z, uporabljenih=1389, v karanteni=0, RunId=2f8b0220-b477-4459-863d-13c2a74fbc34. Zapisano ni bilo nic.
15:49:57     konec: Zaloga BT_STOCK
15:49:57  == Zaloga iz SAOP (kolicine) ==
15:49:58     STDERR: [1] Razpored za SAOP_STOCK ni omogocen; podjetje je preskoceno.
15:49:58     STDERR: [2] Razpored za SAOP_STOCK ni omogocen; podjetje je preskoceno.
15:49:58     STDERR: [3] Razpored za SAOP_STOCK ni omogocen; podjetje je preskoceno.
15:49:58     STDERR: [4] Razpored za SAOP_STOCK ni omogocen; podjetje je preskoceno.
15:49:58     NAPAKA: worker workers\PIM.SaopStockWorker je koncal z izhodno kodo 1
15:49:58  Zalogovni cikel koncan; padlih korakov: 1.
15:54:46  == Zaloga NW_STOCK ==
15:54:47     [NW_STOCK] preskoceno: Razmik dobavitelja se tece; naslednji prenos po 2. 09. 2026 17:36.
15:54:47     Prevzem koncan: uspesno 0, neuspesno 0, skupaj virov 1.
15:54:48     Prebranih zapisov: 2763; SHA-256: ed71ea36f290a5fe9cd8cd21b07b42274bde5aa939934532e263122657fa0f91
15:54:49     Ta posnetek je ze v bazi; vir=NW_STOCK, podjetje=1, cas posnetka=2026-09-02 13:36:00Z, uporabljenih=2763, v karanteni=0, RunId=8a29bc2b-ef69-490b-b913-9a90a2293c5d. Zapisano ni bilo nic.
15:54:49     Prebranih zapisov: 2763; SHA-256: ed71ea36f290a5fe9cd8cd21b07b42274bde5aa939934532e263122657fa0f91
15:54:50     Ta posnetek je ze v bazi; vir=NW_STOCK, podjetje=2, cas posnetka=2026-09-02 13:36:00Z, uporabljenih=2763, v karanteni=0, RunId=8ac24dd6-e3c9-4210-a847-86dfd8defe89. Zapisano ni bilo nic.
15:54:50     Prebranih zapisov: 2763; SHA-256: ed71ea36f290a5fe9cd8cd21b07b42274bde5aa939934532e263122657fa0f91
15:54:51     Ta posnetek je ze v bazi; vir=NW_STOCK, podjetje=3, cas posnetka=2026-09-02 13:36:00Z, uporabljenih=2763, v karanteni=0, RunId=51b5001f-eff5-4051-8b07-5e6626dd9381. Zapisano ni bilo nic.
15:54:51     Prebranih zapisov: 2763; SHA-256: ed71ea36f290a5fe9cd8cd21b07b42274bde5aa939934532e263122657fa0f91
15:54:52     Ta posnetek je ze v bazi; vir=NW_STOCK, podjetje=4, cas posnetka=2026-09-02 13:36:00Z, uporabljenih=2763, v karanteni=0, RunId=dbd29346-63ec-45ce-a8a2-a14762de24a4. Zapisano ni bilo nic.
15:54:52     konec: Zaloga NW_STOCK
15:54:52  == Zaloga BT_STOCK ==
15:54:53     [BT_STOCK] preskoceno: Razmik dobavitelja se tece; naslednji prenos po 2. 09. 2026 18:36.
15:54:53     Prevzem koncan: uspesno 0, neuspesno 0, skupaj virov 1.
15:54:53     Prebranih zapisov: 1389; SHA-256: b5e58b00d97d3a86abd9c759e81992d460fcbfb627258e06e4a6adf09b1bf6cf
15:54:54     Ta posnetek je ze v bazi; vir=BT_STOCK, podjetje=1, cas posnetka=2026-08-31 11:05:00Z, uporabljenih=1389, v karanteni=0, RunId=1fe73126-89d2-4496-8230-03352ad46969. Zapisano ni bilo nic.
15:54:54     Prebranih zapisov: 1389; SHA-256: b5e58b00d97d3a86abd9c759e81992d460fcbfb627258e06e4a6adf09b1bf6cf
15:54:55     Ta posnetek je ze v bazi; vir=BT_STOCK, podjetje=2, cas posnetka=2026-08-31 11:05:00Z, uporabljenih=1389, v karanteni=0, RunId=f496222c-4285-46c1-9d57-a25b46ec24a9. Zapisano ni bilo nic.
15:54:56     Prebranih zapisov: 1389; SHA-256: b5e58b00d97d3a86abd9c759e81992d460fcbfb627258e06e4a6adf09b1bf6cf
15:54:56     Ta posnetek je ze v bazi; vir=BT_STOCK, podjetje=3, cas posnetka=2026-08-31 11:05:00Z, uporabljenih=1389, v karanteni=0, RunId=9d047ae1-f437-4ea6-8ada-c87aaed01386. Zapisano ni bilo nic.
15:54:57     Prebranih zapisov: 1389; SHA-256: b5e58b00d97d3a86abd9c759e81992d460fcbfb627258e06e4a6adf09b1bf6cf
15:54:57     Ta posnetek je ze v bazi; vir=BT_STOCK, podjetje=4, cas posnetka=2026-08-31 11:05:00Z, uporabljenih=1389, v karanteni=0, RunId=2f8b0220-b477-4459-863d-13c2a74fbc34. Zapisano ni bilo nic.
15:54:57     konec: Zaloga BT_STOCK
15:54:57  == Zaloga iz SAOP (kolicine) ==
15:54:58     STDERR: [1] Razpored za SAOP_STOCK ni omogocen; podjetje je preskoceno.
15:54:58     STDERR: [2] Razpored za SAOP_STOCK ni omogocen; podjetje je preskoceno.
15:54:58     STDERR: [3] Razpored za SAOP_STOCK ni omogocen; podjetje je preskoceno.
15:54:58     STDERR: [4] Razpored za SAOP_STOCK ni omogocen; podjetje je preskoceno.
15:54:58     NAPAKA: worker workers\PIM.SaopStockWorker je koncal z izhodno kodo 1
15:54:58  Zalogovni cikel koncan; padlih korakov: 1.
15:59:46  == Zaloga NW_STOCK ==
15:59:47     [NW_STOCK] preskoceno: Razmik dobavitelja se tece; naslednji prenos po 2. 09. 2026 17:36.
15:59:47     Prevzem koncan: uspesno 0, neuspesno 0, skupaj virov 1.
15:59:48     Prebranih zapisov: 2763; SHA-256: ed71ea36f290a5fe9cd8cd21b07b42274bde5aa939934532e263122657fa0f91
15:59:48     Ta posnetek je ze v bazi; vir=NW_STOCK, podjetje=1, cas posnetka=2026-09-02 13:36:00Z, uporabljenih=2763, v karanteni=0, RunId=8a29bc2b-ef69-490b-b913-9a90a2293c5d. Zapisano ni bilo nic.
15:59:49     Prebranih zapisov: 2763; SHA-256: ed71ea36f290a5fe9cd8cd21b07b42274bde5aa939934532e263122657fa0f91
15:59:50     Ta posnetek je ze v bazi; vir=NW_STOCK, podjetje=2, cas posnetka=2026-09-02 13:36:00Z, uporabljenih=2763, v karanteni=0, RunId=8ac24dd6-e3c9-4210-a847-86dfd8defe89. Zapisano ni bilo nic.
15:59:50     Prebranih zapisov: 2763; SHA-256: ed71ea36f290a5fe9cd8cd21b07b42274bde5aa939934532e263122657fa0f91
15:59:50     Ta posnetek je ze v bazi; vir=NW_STOCK, podjetje=3, cas posnetka=2026-09-02 13:36:00Z, uporabljenih=2763, v karanteni=0, RunId=51b5001f-eff5-4051-8b07-5e6626dd9381. Zapisano ni bilo nic.
15:59:51     Prebranih zapisov: 2763; SHA-256: ed71ea36f290a5fe9cd8cd21b07b42274bde5aa939934532e263122657fa0f91
15:59:51     Ta posnetek je ze v bazi; vir=NW_STOCK, podjetje=4, cas posnetka=2026-09-02 13:36:00Z, uporabljenih=2763, v karanteni=0, RunId=dbd29346-63ec-45ce-a8a2-a14762de24a4. Zapisano ni bilo nic.
15:59:52     konec: Zaloga NW_STOCK
15:59:52  == Zaloga BT_STOCK ==
15:59:52     [BT_STOCK] preskoceno: Razmik dobavitelja se tece; naslednji prenos po 2. 09. 2026 18:36.
15:59:52     Prevzem koncan: uspesno 0, neuspesno 0, skupaj virov 1.
15:59:53     Prebranih zapisov: 1389; SHA-256: b5e58b00d97d3a86abd9c759e81992d460fcbfb627258e06e4a6adf09b1bf6cf
15:59:54     Ta posnetek je ze v bazi; vir=BT_STOCK, podjetje=1, cas posnetka=2026-08-31 11:05:00Z, uporabljenih=1389, v karanteni=0, RunId=1fe73126-89d2-4496-8230-03352ad46969. Zapisano ni bilo nic.
15:59:55     Prebranih zapisov: 1389; SHA-256: b5e58b00d97d3a86abd9c759e81992d460fcbfb627258e06e4a6adf09b1bf6cf
15:59:55     Ta posnetek je ze v bazi; vir=BT_STOCK, podjetje=2, cas posnetka=2026-08-31 11:05:00Z, uporabljenih=1389, v karanteni=0, RunId=f496222c-4285-46c1-9d57-a25b46ec24a9. Zapisano ni bilo nic.
15:59:56     Prebranih zapisov: 1389; SHA-256: b5e58b00d97d3a86abd9c759e81992d460fcbfb627258e06e4a6adf09b1bf6cf
15:59:56     Ta posnetek je ze v bazi; vir=BT_STOCK, podjetje=3, cas posnetka=2026-08-31 11:05:00Z, uporabljenih=1389, v karanteni=0, RunId=9d047ae1-f437-4ea6-8ada-c87aaed01386. Zapisano ni bilo nic.
15:59:57     Prebranih zapisov: 1389; SHA-256: b5e58b00d97d3a86abd9c759e81992d460fcbfb627258e06e4a6adf09b1bf6cf
15:59:57     Ta posnetek je ze v bazi; vir=BT_STOCK, podjetje=4, cas posnetka=2026-08-31 11:05:00Z, uporabljenih=1389, v karanteni=0, RunId=2f8b0220-b477-4459-863d-13c2a74fbc34. Zapisano ni bilo nic.
15:59:57     konec: Zaloga BT_STOCK
15:59:57  == Zaloga iz SAOP (kolicine) ==
15:59:58     STDERR: [1] Razpored za SAOP_STOCK ni omogocen; podjetje je preskoceno.
15:59:58     STDERR: [2] Razpored za SAOP_STOCK ni omogocen; podjetje je preskoceno.
15:59:58     STDERR: [3] Razpored za SAOP_STOCK ni omogocen; podjetje je preskoceno.
15:59:58     STDERR: [4] Razpored za SAOP_STOCK ni omogocen; podjetje je preskoceno.
15:59:58     NAPAKA: worker workers\PIM.SaopStockWorker je koncal z izhodno kodo 1
15:59:58  Zalogovni cikel koncan; padlih korakov: 1.
16:04:46  == Zaloga NW_STOCK ==
16:04:48     [NW_STOCK] preskoceno: Razmik dobavitelja se tece; naslednji prenos po 2. 09. 2026 17:36.
16:04:48     Prevzem koncan: uspesno 0, neuspesno 0, skupaj virov 1.
16:04:48     Prebranih zapisov: 2763; SHA-256: ed71ea36f290a5fe9cd8cd21b07b42274bde5aa939934532e263122657fa0f91
16:04:49     Ta posnetek je ze v bazi; vir=NW_STOCK, podjetje=1, cas posnetka=2026-09-02 13:36:00Z, uporabljenih=2763, v karanteni=0, RunId=8a29bc2b-ef69-490b-b913-9a90a2293c5d. Zapisano ni bilo nic.
16:04:49     Prebranih zapisov: 2763; SHA-256: ed71ea36f290a5fe9cd8cd21b07b42274bde5aa939934532e263122657fa0f91
16:04:50     Ta posnetek je ze v bazi; vir=NW_STOCK, podjetje=2, cas posnetka=2026-09-02 13:36:00Z, uporabljenih=2763, v karanteni=0, RunId=8ac24dd6-e3c9-4210-a847-86dfd8defe89. Zapisano ni bilo nic.
16:04:50     Prebranih zapisov: 2763; SHA-256: ed71ea36f290a5fe9cd8cd21b07b42274bde5aa939934532e263122657fa0f91
16:04:51     Ta posnetek je ze v bazi; vir=NW_STOCK, podjetje=3, cas posnetka=2026-09-02 13:36:00Z, uporabljenih=2763, v karanteni=0, RunId=51b5001f-eff5-4051-8b07-5e6626dd9381. Zapisano ni bilo nic.
16:04:51     Prebranih zapisov: 2763; SHA-256: ed71ea36f290a5fe9cd8cd21b07b42274bde5aa939934532e263122657fa0f91
16:04:52     Ta posnetek je ze v bazi; vir=NW_STOCK, podjetje=4, cas posnetka=2026-09-02 13:36:00Z, uporabljenih=2763, v karanteni=0, RunId=dbd29346-63ec-45ce-a8a2-a14762de24a4. Zapisano ni bilo nic.
16:04:52     konec: Zaloga NW_STOCK
16:04:52  == Zaloga BT_STOCK ==
16:04:53     [BT_STOCK] preskoceno: Razmik dobavitelja se tece; naslednji prenos po 2. 09. 2026 18:36.
16:04:53     Prevzem koncan: uspesno 0, neuspesno 0, skupaj virov 1.
16:04:54     Prebranih zapisov: 1389; SHA-256: b5e58b00d97d3a86abd9c759e81992d460fcbfb627258e06e4a6adf09b1bf6cf
16:04:54     Ta posnetek je ze v bazi; vir=BT_STOCK, podjetje=1, cas posnetka=2026-08-31 11:05:00Z, uporabljenih=1389, v karanteni=0, RunId=1fe73126-89d2-4496-8230-03352ad46969. Zapisano ni bilo nic.
16:04:55     Prebranih zapisov: 1389; SHA-256: b5e58b00d97d3a86abd9c759e81992d460fcbfb627258e06e4a6adf09b1bf6cf
16:04:55     Ta posnetek je ze v bazi; vir=BT_STOCK, podjetje=2, cas posnetka=2026-08-31 11:05:00Z, uporabljenih=1389, v karanteni=0, RunId=f496222c-4285-46c1-9d57-a25b46ec24a9. Zapisano ni bilo nic.
16:04:56     Prebranih zapisov: 1389; SHA-256: b5e58b00d97d3a86abd9c759e81992d460fcbfb627258e06e4a6adf09b1bf6cf
16:04:56     Ta posnetek je ze v bazi; vir=BT_STOCK, podjetje=3, cas posnetka=2026-08-31 11:05:00Z, uporabljenih=1389, v karanteni=0, RunId=9d047ae1-f437-4ea6-8ada-c87aaed01386. Zapisano ni bilo nic.
16:04:57     Prebranih zapisov: 1389; SHA-256: b5e58b00d97d3a86abd9c759e81992d460fcbfb627258e06e4a6adf09b1bf6cf
16:04:57     Ta posnetek je ze v bazi; vir=BT_STOCK, podjetje=4, cas posnetka=2026-08-31 11:05:00Z, uporabljenih=1389, v karanteni=0, RunId=2f8b0220-b477-4459-863d-13c2a74fbc34. Zapisano ni bilo nic.
16:04:57     konec: Zaloga BT_STOCK
16:04:57  == Zaloga iz SAOP (kolicine) ==
16:04:58     STDERR: [1] Razpored za SAOP_STOCK ni omogocen; podjetje je preskoceno.
16:04:58     STDERR: [2] Razpored za SAOP_STOCK ni omogocen; podjetje je preskoceno.
16:04:58     STDERR: [3] Razpored za SAOP_STOCK ni omogocen; podjetje je preskoceno.
16:04:58     STDERR: [4] Razpored za SAOP_STOCK ni omogocen; podjetje je preskoceno.
16:04:58     NAPAKA: worker workers\PIM.SaopStockWorker je koncal z izhodno kodo 1
16:04:58  Zalogovni cikel koncan; padlih korakov: 1.
16:09:47  == Zaloga NW_STOCK ==
16:09:48     [NW_STOCK] preskoceno: Razmik dobavitelja se tece; naslednji prenos po 2. 09. 2026 17:36.
16:09:48     Prevzem koncan: uspesno 0, neuspesno 0, skupaj virov 1.
16:09:49     Prebranih zapisov: 2763; SHA-256: ed71ea36f290a5fe9cd8cd21b07b42274bde5aa939934532e263122657fa0f91
16:09:49     Ta posnetek je ze v bazi; vir=NW_STOCK, podjetje=1, cas posnetka=2026-09-02 13:36:00Z, uporabljenih=2763, v karanteni=0, RunId=8a29bc2b-ef69-490b-b913-9a90a2293c5d. Zapisano ni bilo nic.
16:09:50     Prebranih zapisov: 2763; SHA-256: ed71ea36f290a5fe9cd8cd21b07b42274bde5aa939934532e263122657fa0f91
16:09:50     Ta posnetek je ze v bazi; vir=NW_STOCK, podjetje=2, cas posnetka=2026-09-02 13:36:00Z, uporabljenih=2763, v karanteni=0, RunId=8ac24dd6-e3c9-4210-a847-86dfd8defe89. Zapisano ni bilo nic.
16:09:51     Prebranih zapisov: 2763; SHA-256: ed71ea36f290a5fe9cd8cd21b07b42274bde5aa939934532e263122657fa0f91
16:09:51     Ta posnetek je ze v bazi; vir=NW_STOCK, podjetje=3, cas posnetka=2026-09-02 13:36:00Z, uporabljenih=2763, v karanteni=0, RunId=51b5001f-eff5-4051-8b07-5e6626dd9381. Zapisano ni bilo nic.
16:09:52     Prebranih zapisov: 2763; SHA-256: ed71ea36f290a5fe9cd8cd21b07b42274bde5aa939934532e263122657fa0f91
16:09:52     Ta posnetek je ze v bazi; vir=NW_STOCK, podjetje=4, cas posnetka=2026-09-02 13:36:00Z, uporabljenih=2763, v karanteni=0, RunId=dbd29346-63ec-45ce-a8a2-a14762de24a4. Zapisano ni bilo nic.
16:09:52     konec: Zaloga NW_STOCK
16:09:52  == Zaloga BT_STOCK ==
16:09:53     [BT_STOCK] preskoceno: Razmik dobavitelja se tece; naslednji prenos po 2. 09. 2026 18:36.
16:09:53     Prevzem koncan: uspesno 0, neuspesno 0, skupaj virov 1.
16:09:54     Prebranih zapisov: 1389; SHA-256: b5e58b00d97d3a86abd9c759e81992d460fcbfb627258e06e4a6adf09b1bf6cf
16:09:54     Ta posnetek je ze v bazi; vir=BT_STOCK, podjetje=1, cas posnetka=2026-08-31 11:05:00Z, uporabljenih=1389, v karanteni=0, RunId=1fe73126-89d2-4496-8230-03352ad46969. Zapisano ni bilo nic.
16:09:55     Prebranih zapisov: 1389; SHA-256: b5e58b00d97d3a86abd9c759e81992d460fcbfb627258e06e4a6adf09b1bf6cf
16:09:55     Ta posnetek je ze v bazi; vir=BT_STOCK, podjetje=2, cas posnetka=2026-08-31 11:05:00Z, uporabljenih=1389, v karanteni=0, RunId=f496222c-4285-46c1-9d57-a25b46ec24a9. Zapisano ni bilo nic.
16:09:56     Prebranih zapisov: 1389; SHA-256: b5e58b00d97d3a86abd9c759e81992d460fcbfb627258e06e4a6adf09b1bf6cf
16:09:56     Ta posnetek je ze v bazi; vir=BT_STOCK, podjetje=3, cas posnetka=2026-08-31 11:05:00Z, uporabljenih=1389, v karanteni=0, RunId=9d047ae1-f437-4ea6-8ada-c87aaed01386. Zapisano ni bilo nic.
16:09:57     Prebranih zapisov: 1389; SHA-256: b5e58b00d97d3a86abd9c759e81992d460fcbfb627258e06e4a6adf09b1bf6cf
16:09:57     Ta posnetek je ze v bazi; vir=BT_STOCK, podjetje=4, cas posnetka=2026-08-31 11:05:00Z, uporabljenih=1389, v karanteni=0, RunId=2f8b0220-b477-4459-863d-13c2a74fbc34. Zapisano ni bilo nic.
16:09:57     konec: Zaloga BT_STOCK
16:09:57  == Zaloga iz SAOP (kolicine) ==
16:09:58     STDERR: [1] Razpored za SAOP_STOCK ni omogocen; podjetje je preskoceno.
16:09:58     STDERR: [2] Razpored za SAOP_STOCK ni omogocen; podjetje je preskoceno.
16:09:58     STDERR: [3] Razpored za SAOP_STOCK ni omogocen; podjetje je preskoceno.
16:09:58     STDERR: [4] Razpored za SAOP_STOCK ni omogocen; podjetje je preskoceno.
16:09:58     NAPAKA: worker workers\PIM.SaopStockWorker je koncal z izhodno kodo 1
16:09:58  Zalogovni cikel koncan; padlih korakov: 1.
16:14:47  == Zaloga NW_STOCK ==
16:14:48     [NW_STOCK] preskoceno: Razmik dobavitelja se tece; naslednji prenos po 2. 09. 2026 17:36.
16:14:48     Prevzem koncan: uspesno 0, neuspesno 0, skupaj virov 1.
16:14:49     Prebranih zapisov: 2763; SHA-256: ed71ea36f290a5fe9cd8cd21b07b42274bde5aa939934532e263122657fa0f91
16:14:49     Ta posnetek je ze v bazi; vir=NW_STOCK, podjetje=1, cas posnetka=2026-09-02 13:36:00Z, uporabljenih=2763, v karanteni=0, RunId=8a29bc2b-ef69-490b-b913-9a90a2293c5d. Zapisano ni bilo nic.
16:14:50     Prebranih zapisov: 2763; SHA-256: ed71ea36f290a5fe9cd8cd21b07b42274bde5aa939934532e263122657fa0f91
16:14:50     Ta posnetek je ze v bazi; vir=NW_STOCK, podjetje=2, cas posnetka=2026-09-02 13:36:00Z, uporabljenih=2763, v karanteni=0, RunId=8ac24dd6-e3c9-4210-a847-86dfd8defe89. Zapisano ni bilo nic.
16:14:51     Prebranih zapisov: 2763; SHA-256: ed71ea36f290a5fe9cd8cd21b07b42274bde5aa939934532e263122657fa0f91
16:14:51     Ta posnetek je ze v bazi; vir=NW_STOCK, podjetje=3, cas posnetka=2026-09-02 13:36:00Z, uporabljenih=2763, v karanteni=0, RunId=51b5001f-eff5-4051-8b07-5e6626dd9381. Zapisano ni bilo nic.
16:14:52     Prebranih zapisov: 2763; SHA-256: ed71ea36f290a5fe9cd8cd21b07b42274bde5aa939934532e263122657fa0f91
16:14:52     Ta posnetek je ze v bazi; vir=NW_STOCK, podjetje=4, cas posnetka=2026-09-02 13:36:00Z, uporabljenih=2763, v karanteni=0, RunId=dbd29346-63ec-45ce-a8a2-a14762de24a4. Zapisano ni bilo nic.
16:14:52     konec: Zaloga NW_STOCK
16:14:52  == Zaloga BT_STOCK ==
16:14:53     [BT_STOCK] preskoceno: Razmik dobavitelja se tece; naslednji prenos po 2. 09. 2026 18:36.
16:14:53     Prevzem koncan: uspesno 0, neuspesno 0, skupaj virov 1.
16:14:54     Prebranih zapisov: 1389; SHA-256: b5e58b00d97d3a86abd9c759e81992d460fcbfb627258e06e4a6adf09b1bf6cf
16:14:54     Ta posnetek je ze v bazi; vir=BT_STOCK, podjetje=1, cas posnetka=2026-08-31 11:05:00Z, uporabljenih=1389, v karanteni=0, RunId=1fe73126-89d2-4496-8230-03352ad46969. Zapisano ni bilo nic.
16:14:55     Prebranih zapisov: 1389; SHA-256: b5e58b00d97d3a86abd9c759e81992d460fcbfb627258e06e4a6adf09b1bf6cf
16:14:55     Ta posnetek je ze v bazi; vir=BT_STOCK, podjetje=2, cas posnetka=2026-08-31 11:05:00Z, uporabljenih=1389, v karanteni=0, RunId=f496222c-4285-46c1-9d57-a25b46ec24a9. Zapisano ni bilo nic.
16:14:56     Prebranih zapisov: 1389; SHA-256: b5e58b00d97d3a86abd9c759e81992d460fcbfb627258e06e4a6adf09b1bf6cf
16:14:56     Ta posnetek je ze v bazi; vir=BT_STOCK, podjetje=3, cas posnetka=2026-08-31 11:05:00Z, uporabljenih=1389, v karanteni=0, RunId=9d047ae1-f437-4ea6-8ada-c87aaed01386. Zapisano ni bilo nic.
16:14:57     Prebranih zapisov: 1389; SHA-256: b5e58b00d97d3a86abd9c759e81992d460fcbfb627258e06e4a6adf09b1bf6cf
16:14:57     Ta posnetek je ze v bazi; vir=BT_STOCK, podjetje=4, cas posnetka=2026-08-31 11:05:00Z, uporabljenih=1389, v karanteni=0, RunId=2f8b0220-b477-4459-863d-13c2a74fbc34. Zapisano ni bilo nic.
16:14:57     konec: Zaloga BT_STOCK
16:14:57  == Zaloga iz SAOP (kolicine) ==
16:14:58     STDERR: [1] Razpored za SAOP_STOCK ni omogocen; podjetje je preskoceno.
16:14:58     STDERR: [2] Razpored za SAOP_STOCK ni omogocen; podjetje je preskoceno.
16:14:58     STDERR: [3] Razpored za SAOP_STOCK ni omogocen; podjetje je preskoceno.
16:14:58     STDERR: [4] Razpored za SAOP_STOCK ni omogocen; podjetje je preskoceno.
16:14:58     NAPAKA: worker workers\PIM.SaopStockWorker je koncal z izhodno kodo 1
16:14:58  Zalogovni cikel koncan; padlih korakov: 1.
16:19:51  == Zaloga NW_STOCK ==
16:19:52     [NW_STOCK] preskoceno: Razmik dobavitelja se tece; naslednji prenos po 2. 09. 2026 17:36.
16:19:52     Prevzem koncan: uspesno 0, neuspesno 0, skupaj virov 1.
16:19:54     Prebranih zapisov: 2763; SHA-256: ed71ea36f290a5fe9cd8cd21b07b42274bde5aa939934532e263122657fa0f91
16:19:54     Ta posnetek je ze v bazi; vir=NW_STOCK, podjetje=1, cas posnetka=2026-09-02 13:36:00Z, uporabljenih=2763, v karanteni=0, RunId=8a29bc2b-ef69-490b-b913-9a90a2293c5d. Zapisano ni bilo nic.
16:19:55     Prebranih zapisov: 2763; SHA-256: ed71ea36f290a5fe9cd8cd21b07b42274bde5aa939934532e263122657fa0f91
16:19:56     Ta posnetek je ze v bazi; vir=NW_STOCK, podjetje=2, cas posnetka=2026-09-02 13:36:00Z, uporabljenih=2763, v karanteni=0, RunId=8ac24dd6-e3c9-4210-a847-86dfd8defe89. Zapisano ni bilo nic.
16:19:56     Prebranih zapisov: 2763; SHA-256: ed71ea36f290a5fe9cd8cd21b07b42274bde5aa939934532e263122657fa0f91
16:19:57     Ta posnetek je ze v bazi; vir=NW_STOCK, podjetje=3, cas posnetka=2026-09-02 13:36:00Z, uporabljenih=2763, v karanteni=0, RunId=51b5001f-eff5-4051-8b07-5e6626dd9381. Zapisano ni bilo nic.
16:19:57     Prebranih zapisov: 2763; SHA-256: ed71ea36f290a5fe9cd8cd21b07b42274bde5aa939934532e263122657fa0f91
16:19:58     Ta posnetek je ze v bazi; vir=NW_STOCK, podjetje=4, cas posnetka=2026-09-02 13:36:00Z, uporabljenih=2763, v karanteni=0, RunId=dbd29346-63ec-45ce-a8a2-a14762de24a4. Zapisano ni bilo nic.
16:19:58     konec: Zaloga NW_STOCK
16:19:58  == Zaloga BT_STOCK ==
16:20:00     [BT_STOCK] preskoceno: Razmik dobavitelja se tece; naslednji prenos po 2. 09. 2026 18:36.
16:20:00     Prevzem koncan: uspesno 0, neuspesno 0, skupaj virov 1.
16:20:01     Prebranih zapisov: 1389; SHA-256: b5e58b00d97d3a86abd9c759e81992d460fcbfb627258e06e4a6adf09b1bf6cf
16:20:01     Ta posnetek je ze v bazi; vir=BT_STOCK, podjetje=1, cas posnetka=2026-08-31 11:05:00Z, uporabljenih=1389, v karanteni=0, RunId=1fe73126-89d2-4496-8230-03352ad46969. Zapisano ni bilo nic.
16:20:02     Prebranih zapisov: 1389; SHA-256: b5e58b00d97d3a86abd9c759e81992d460fcbfb627258e06e4a6adf09b1bf6cf
16:20:02     Ta posnetek je ze v bazi; vir=BT_STOCK, podjetje=2, cas posnetka=2026-08-31 11:05:00Z, uporabljenih=1389, v karanteni=0, RunId=f496222c-4285-46c1-9d57-a25b46ec24a9. Zapisano ni bilo nic.
16:20:03     Prebranih zapisov: 1389; SHA-256: b5e58b00d97d3a86abd9c759e81992d460fcbfb627258e06e4a6adf09b1bf6cf
16:20:03     Ta posnetek je ze v bazi; vir=BT_STOCK, podjetje=3, cas posnetka=2026-08-31 11:05:00Z, uporabljenih=1389, v karanteni=0, RunId=9d047ae1-f437-4ea6-8ada-c87aaed01386. Zapisano ni bilo nic.
16:20:04     Prebranih zapisov: 1389; SHA-256: b5e58b00d97d3a86abd9c759e81992d460fcbfb627258e06e4a6adf09b1bf6cf
16:20:05     Ta posnetek je ze v bazi; vir=BT_STOCK, podjetje=4, cas posnetka=2026-08-31 11:05:00Z, uporabljenih=1389, v karanteni=0, RunId=2f8b0220-b477-4459-863d-13c2a74fbc34. Zapisano ni bilo nic.
16:20:05     konec: Zaloga BT_STOCK
16:20:05  == Zaloga iz SAOP (kolicine) ==
16:20:06     STDERR: [1] Razpored za SAOP_STOCK ni omogocen; podjetje je preskoceno.
16:20:06     STDERR: [2] Razpored za SAOP_STOCK ni omogocen; podjetje je preskoceno.
16:20:06     STDERR: [3] Razpored za SAOP_STOCK ni omogocen; podjetje je preskoceno.
16:20:06     STDERR: [4] Razpored za SAOP_STOCK ni omogocen; podjetje je preskoceno.
16:20:06     NAPAKA: worker workers\PIM.SaopStockWorker je koncal z izhodno kodo 1
16:20:06  Zalogovni cikel koncan; padlih korakov: 1.
16:24:47  == Zaloga NW_STOCK ==
16:24:48     [NW_STOCK] preskoceno: Razmik dobavitelja se tece; naslednji prenos po 2. 09. 2026 17:36.
16:24:48     Prevzem koncan: uspesno 0, neuspesno 0, skupaj virov 1.
16:24:50     Prebranih zapisov: 2763; SHA-256: ed71ea36f290a5fe9cd8cd21b07b42274bde5aa939934532e263122657fa0f91
16:24:50     Ta posnetek je ze v bazi; vir=NW_STOCK, podjetje=1, cas posnetka=2026-09-02 13:36:00Z, uporabljenih=2763, v karanteni=0, RunId=8a29bc2b-ef69-490b-b913-9a90a2293c5d. Zapisano ni bilo nic.
16:24:51     Prebranih zapisov: 2763; SHA-256: ed71ea36f290a5fe9cd8cd21b07b42274bde5aa939934532e263122657fa0f91
16:24:51     Ta posnetek je ze v bazi; vir=NW_STOCK, podjetje=2, cas posnetka=2026-09-02 13:36:00Z, uporabljenih=2763, v karanteni=0, RunId=8ac24dd6-e3c9-4210-a847-86dfd8defe89. Zapisano ni bilo nic.
16:24:52     Prebranih zapisov: 2763; SHA-256: ed71ea36f290a5fe9cd8cd21b07b42274bde5aa939934532e263122657fa0f91
16:24:53     Ta posnetek je ze v bazi; vir=NW_STOCK, podjetje=3, cas posnetka=2026-09-02 13:36:00Z, uporabljenih=2763, v karanteni=0, RunId=51b5001f-eff5-4051-8b07-5e6626dd9381. Zapisano ni bilo nic.
16:24:53     Prebranih zapisov: 2763; SHA-256: ed71ea36f290a5fe9cd8cd21b07b42274bde5aa939934532e263122657fa0f91
16:24:54     Ta posnetek je ze v bazi; vir=NW_STOCK, podjetje=4, cas posnetka=2026-09-02 13:36:00Z, uporabljenih=2763, v karanteni=0, RunId=dbd29346-63ec-45ce-a8a2-a14762de24a4. Zapisano ni bilo nic.
16:24:54     konec: Zaloga NW_STOCK
16:24:54  == Zaloga BT_STOCK ==
16:24:55     [BT_STOCK] preskoceno: Razmik dobavitelja se tece; naslednji prenos po 2. 09. 2026 18:36.
16:24:55     Prevzem koncan: uspesno 0, neuspesno 0, skupaj virov 1.
16:24:56     Prebranih zapisov: 1389; SHA-256: b5e58b00d97d3a86abd9c759e81992d460fcbfb627258e06e4a6adf09b1bf6cf
16:24:56     Ta posnetek je ze v bazi; vir=BT_STOCK, podjetje=1, cas posnetka=2026-08-31 11:05:00Z, uporabljenih=1389, v karanteni=0, RunId=1fe73126-89d2-4496-8230-03352ad46969. Zapisano ni bilo nic.
16:24:57     Prebranih zapisov: 1389; SHA-256: b5e58b00d97d3a86abd9c759e81992d460fcbfb627258e06e4a6adf09b1bf6cf
16:24:57     Ta posnetek je ze v bazi; vir=BT_STOCK, podjetje=2, cas posnetka=2026-08-31 11:05:00Z, uporabljenih=1389, v karanteni=0, RunId=f496222c-4285-46c1-9d57-a25b46ec24a9. Zapisano ni bilo nic.
16:24:58     Prebranih zapisov: 1389; SHA-256: b5e58b00d97d3a86abd9c759e81992d460fcbfb627258e06e4a6adf09b1bf6cf
16:24:58     Ta posnetek je ze v bazi; vir=BT_STOCK, podjetje=3, cas posnetka=2026-08-31 11:05:00Z, uporabljenih=1389, v karanteni=0, RunId=9d047ae1-f437-4ea6-8ada-c87aaed01386. Zapisano ni bilo nic.
16:24:59     Prebranih zapisov: 1389; SHA-256: b5e58b00d97d3a86abd9c759e81992d460fcbfb627258e06e4a6adf09b1bf6cf
16:24:59     Ta posnetek je ze v bazi; vir=BT_STOCK, podjetje=4, cas posnetka=2026-08-31 11:05:00Z, uporabljenih=1389, v karanteni=0, RunId=2f8b0220-b477-4459-863d-13c2a74fbc34. Zapisano ni bilo nic.
16:24:59     konec: Zaloga BT_STOCK
16:24:59  == Zaloga iz SAOP (kolicine) ==
16:25:00     STDERR: [1] Razpored za SAOP_STOCK ni omogocen; podjetje je preskoceno.
16:25:00     STDERR: [2] Razpored za SAOP_STOCK ni omogocen; podjetje je preskoceno.
16:25:00     STDERR: [3] Razpored za SAOP_STOCK ni omogocen; podjetje je preskoceno.
16:25:00     STDERR: [4] Razpored za SAOP_STOCK ni omogocen; podjetje je preskoceno.
16:25:00     NAPAKA: worker workers\PIM.SaopStockWorker je koncal z izhodno kodo 1
16:25:00  Zalogovni cikel koncan; padlih korakov: 1.
16:29:47  == Zaloga NW_STOCK ==
16:29:48     [NW_STOCK] preskoceno: Razmik dobavitelja se tece; naslednji prenos po 2. 09. 2026 17:36.
16:29:48     Prevzem koncan: uspesno 0, neuspesno 0, skupaj virov 1.
16:29:48     Prebranih zapisov: 2763; SHA-256: ed71ea36f290a5fe9cd8cd21b07b42274bde5aa939934532e263122657fa0f91
16:29:49     Ta posnetek je ze v bazi; vir=NW_STOCK, podjetje=1, cas posnetka=2026-09-02 13:36:00Z, uporabljenih=2763, v karanteni=0, RunId=8a29bc2b-ef69-490b-b913-9a90a2293c5d. Zapisano ni bilo nic.
16:29:49     Prebranih zapisov: 2763; SHA-256: ed71ea36f290a5fe9cd8cd21b07b42274bde5aa939934532e263122657fa0f91
16:29:50     Ta posnetek je ze v bazi; vir=NW_STOCK, podjetje=2, cas posnetka=2026-09-02 13:36:00Z, uporabljenih=2763, v karanteni=0, RunId=8ac24dd6-e3c9-4210-a847-86dfd8defe89. Zapisano ni bilo nic.
16:29:50     Prebranih zapisov: 2763; SHA-256: ed71ea36f290a5fe9cd8cd21b07b42274bde5aa939934532e263122657fa0f91
16:29:51     Ta posnetek je ze v bazi; vir=NW_STOCK, podjetje=3, cas posnetka=2026-09-02 13:36:00Z, uporabljenih=2763, v karanteni=0, RunId=51b5001f-eff5-4051-8b07-5e6626dd9381. Zapisano ni bilo nic.
16:29:51     Prebranih zapisov: 2763; SHA-256: ed71ea36f290a5fe9cd8cd21b07b42274bde5aa939934532e263122657fa0f91
16:29:52     Ta posnetek je ze v bazi; vir=NW_STOCK, podjetje=4, cas posnetka=2026-09-02 13:36:00Z, uporabljenih=2763, v karanteni=0, RunId=dbd29346-63ec-45ce-a8a2-a14762de24a4. Zapisano ni bilo nic.
16:29:52     konec: Zaloga NW_STOCK
16:29:52  == Zaloga BT_STOCK ==
16:29:53     [BT_STOCK] preskoceno: Razmik dobavitelja se tece; naslednji prenos po 2. 09. 2026 18:36.
16:29:53     Prevzem koncan: uspesno 0, neuspesno 0, skupaj virov 1.
16:29:53     Prebranih zapisov: 1389; SHA-256: b5e58b00d97d3a86abd9c759e81992d460fcbfb627258e06e4a6adf09b1bf6cf
16:29:54     Ta posnetek je ze v bazi; vir=BT_STOCK, podjetje=1, cas posnetka=2026-08-31 11:05:00Z, uporabljenih=1389, v karanteni=0, RunId=1fe73126-89d2-4496-8230-03352ad46969. Zapisano ni bilo nic.
16:29:54     Prebranih zapisov: 1389; SHA-256: b5e58b00d97d3a86abd9c759e81992d460fcbfb627258e06e4a6adf09b1bf6cf
16:29:55     Ta posnetek je ze v bazi; vir=BT_STOCK, podjetje=2, cas posnetka=2026-08-31 11:05:00Z, uporabljenih=1389, v karanteni=0, RunId=f496222c-4285-46c1-9d57-a25b46ec24a9. Zapisano ni bilo nic.
16:29:55     Prebranih zapisov: 1389; SHA-256: b5e58b00d97d3a86abd9c759e81992d460fcbfb627258e06e4a6adf09b1bf6cf
16:29:56     Ta posnetek je ze v bazi; vir=BT_STOCK, podjetje=3, cas posnetka=2026-08-31 11:05:00Z, uporabljenih=1389, v karanteni=0, RunId=9d047ae1-f437-4ea6-8ada-c87aaed01386. Zapisano ni bilo nic.
16:29:56     Prebranih zapisov: 1389; SHA-256: b5e58b00d97d3a86abd9c759e81992d460fcbfb627258e06e4a6adf09b1bf6cf
16:29:57     Ta posnetek je ze v bazi; vir=BT_STOCK, podjetje=4, cas posnetka=2026-08-31 11:05:00Z, uporabljenih=1389, v karanteni=0, RunId=2f8b0220-b477-4459-863d-13c2a74fbc34. Zapisano ni bilo nic.
16:29:57     konec: Zaloga BT_STOCK
16:29:57  == Zaloga iz SAOP (kolicine) ==
16:29:58     STDERR: [1] Razpored za SAOP_STOCK ni omogocen; podjetje je preskoceno.
16:29:58     STDERR: [2] Razpored za SAOP_STOCK ni omogocen; podjetje je preskoceno.
16:29:58     STDERR: [3] Razpored za SAOP_STOCK ni omogocen; podjetje je preskoceno.
16:29:58     STDERR: [4] Razpored za SAOP_STOCK ni omogocen; podjetje je preskoceno.
16:29:58     NAPAKA: worker workers\PIM.SaopStockWorker je koncal z izhodno kodo 1
16:29:58  Zalogovni cikel koncan; padlih korakov: 1.
16:34:48  == Zaloga NW_STOCK ==
16:34:49     [NW_STOCK] preskoceno: Razmik dobavitelja se tece; naslednji prenos po 2. 09. 2026 17:36.
16:34:49     Prevzem koncan: uspesno 0, neuspesno 0, skupaj virov 1.
16:34:50     Prebranih zapisov: 2763; SHA-256: ed71ea36f290a5fe9cd8cd21b07b42274bde5aa939934532e263122657fa0f91
16:34:50     Ta posnetek je ze v bazi; vir=NW_STOCK, podjetje=1, cas posnetka=2026-09-02 13:36:00Z, uporabljenih=2763, v karanteni=0, RunId=8a29bc2b-ef69-490b-b913-9a90a2293c5d. Zapisano ni bilo nic.
16:34:51     Prebranih zapisov: 2763; SHA-256: ed71ea36f290a5fe9cd8cd21b07b42274bde5aa939934532e263122657fa0f91
16:34:52     Ta posnetek je ze v bazi; vir=NW_STOCK, podjetje=2, cas posnetka=2026-09-02 13:36:00Z, uporabljenih=2763, v karanteni=0, RunId=8ac24dd6-e3c9-4210-a847-86dfd8defe89. Zapisano ni bilo nic.
16:34:52     Prebranih zapisov: 2763; SHA-256: ed71ea36f290a5fe9cd8cd21b07b42274bde5aa939934532e263122657fa0f91
16:34:53     Ta posnetek je ze v bazi; vir=NW_STOCK, podjetje=3, cas posnetka=2026-09-02 13:36:00Z, uporabljenih=2763, v karanteni=0, RunId=51b5001f-eff5-4051-8b07-5e6626dd9381. Zapisano ni bilo nic.
16:34:54     Prebranih zapisov: 2763; SHA-256: ed71ea36f290a5fe9cd8cd21b07b42274bde5aa939934532e263122657fa0f91
16:34:54     Ta posnetek je ze v bazi; vir=NW_STOCK, podjetje=4, cas posnetka=2026-09-02 13:36:00Z, uporabljenih=2763, v karanteni=0, RunId=dbd29346-63ec-45ce-a8a2-a14762de24a4. Zapisano ni bilo nic.
16:34:54     konec: Zaloga NW_STOCK
16:34:54  == Zaloga BT_STOCK ==
16:34:55     [BT_STOCK] preskoceno: Razmik dobavitelja se tece; naslednji prenos po 2. 09. 2026 18:36.
16:34:55     Prevzem koncan: uspesno 0, neuspesno 0, skupaj virov 1.
16:34:56     Prebranih zapisov: 1389; SHA-256: b5e58b00d97d3a86abd9c759e81992d460fcbfb627258e06e4a6adf09b1bf6cf
16:34:56     Ta posnetek je ze v bazi; vir=BT_STOCK, podjetje=1, cas posnetka=2026-08-31 11:05:00Z, uporabljenih=1389, v karanteni=0, RunId=1fe73126-89d2-4496-8230-03352ad46969. Zapisano ni bilo nic.
16:34:57     Prebranih zapisov: 1389; SHA-256: b5e58b00d97d3a86abd9c759e81992d460fcbfb627258e06e4a6adf09b1bf6cf
16:34:57     Ta posnetek je ze v bazi; vir=BT_STOCK, podjetje=2, cas posnetka=2026-08-31 11:05:00Z, uporabljenih=1389, v karanteni=0, RunId=f496222c-4285-46c1-9d57-a25b46ec24a9. Zapisano ni bilo nic.
16:34:58     Prebranih zapisov: 1389; SHA-256: b5e58b00d97d3a86abd9c759e81992d460fcbfb627258e06e4a6adf09b1bf6cf
16:34:58     Ta posnetek je ze v bazi; vir=BT_STOCK, podjetje=3, cas posnetka=2026-08-31 11:05:00Z, uporabljenih=1389, v karanteni=0, RunId=9d047ae1-f437-4ea6-8ada-c87aaed01386. Zapisano ni bilo nic.
16:34:59     Prebranih zapisov: 1389; SHA-256: b5e58b00d97d3a86abd9c759e81992d460fcbfb627258e06e4a6adf09b1bf6cf
16:34:59     Ta posnetek je ze v bazi; vir=BT_STOCK, podjetje=4, cas posnetka=2026-08-31 11:05:00Z, uporabljenih=1389, v karanteni=0, RunId=2f8b0220-b477-4459-863d-13c2a74fbc34. Zapisano ni bilo nic.
16:34:59     konec: Zaloga BT_STOCK
16:34:59  == Zaloga iz SAOP (kolicine) ==
16:35:00     STDERR: [1] Razpored za SAOP_STOCK ni omogocen; podjetje je preskoceno.
16:35:00     STDERR: [2] Razpored za SAOP_STOCK ni omogocen; podjetje je preskoceno.
16:35:00     STDERR: [3] Razpored za SAOP_STOCK ni omogocen; podjetje je preskoceno.
16:35:00     STDERR: [4] Razpored za SAOP_STOCK ni omogocen; podjetje je preskoceno.
16:35:00     NAPAKA: worker workers\PIM.SaopStockWorker je koncal z izhodno kodo 1
16:35:00  Zalogovni cikel koncan; padlih korakov: 1.
16:39:47  == Zaloga NW_STOCK ==
16:39:48     [NW_STOCK] preskoceno: Razmik dobavitelja se tece; naslednji prenos po 2. 09. 2026 17:36.
16:39:48     Prevzem koncan: uspesno 0, neuspesno 0, skupaj virov 1.
16:39:48     Prebranih zapisov: 2763; SHA-256: ed71ea36f290a5fe9cd8cd21b07b42274bde5aa939934532e263122657fa0f91
16:39:49     Ta posnetek je ze v bazi; vir=NW_STOCK, podjetje=1, cas posnetka=2026-09-02 13:36:00Z, uporabljenih=2763, v karanteni=0, RunId=8a29bc2b-ef69-490b-b913-9a90a2293c5d. Zapisano ni bilo nic.
16:39:49     Prebranih zapisov: 2763; SHA-256: ed71ea36f290a5fe9cd8cd21b07b42274bde5aa939934532e263122657fa0f91
16:39:50     Ta posnetek je ze v bazi; vir=NW_STOCK, podjetje=2, cas posnetka=2026-09-02 13:36:00Z, uporabljenih=2763, v karanteni=0, RunId=8ac24dd6-e3c9-4210-a847-86dfd8defe89. Zapisano ni bilo nic.
16:39:50     Prebranih zapisov: 2763; SHA-256: ed71ea36f290a5fe9cd8cd21b07b42274bde5aa939934532e263122657fa0f91
16:39:51     Ta posnetek je ze v bazi; vir=NW_STOCK, podjetje=3, cas posnetka=2026-09-02 13:36:00Z, uporabljenih=2763, v karanteni=0, RunId=51b5001f-eff5-4051-8b07-5e6626dd9381. Zapisano ni bilo nic.
16:39:51     Prebranih zapisov: 2763; SHA-256: ed71ea36f290a5fe9cd8cd21b07b42274bde5aa939934532e263122657fa0f91
16:39:52     Ta posnetek je ze v bazi; vir=NW_STOCK, podjetje=4, cas posnetka=2026-09-02 13:36:00Z, uporabljenih=2763, v karanteni=0, RunId=dbd29346-63ec-45ce-a8a2-a14762de24a4. Zapisano ni bilo nic.
16:39:52     konec: Zaloga NW_STOCK
16:39:52  == Zaloga BT_STOCK ==
16:39:53     [BT_STOCK] preskoceno: Razmik dobavitelja se tece; naslednji prenos po 2. 09. 2026 18:36.
16:39:53     Prevzem koncan: uspesno 0, neuspesno 0, skupaj virov 1.
16:39:53     Prebranih zapisov: 1389; SHA-256: b5e58b00d97d3a86abd9c759e81992d460fcbfb627258e06e4a6adf09b1bf6cf
16:39:54     Ta posnetek je ze v bazi; vir=BT_STOCK, podjetje=1, cas posnetka=2026-08-31 11:05:00Z, uporabljenih=1389, v karanteni=0, RunId=1fe73126-89d2-4496-8230-03352ad46969. Zapisano ni bilo nic.
16:39:54     Prebranih zapisov: 1389; SHA-256: b5e58b00d97d3a86abd9c759e81992d460fcbfb627258e06e4a6adf09b1bf6cf
16:39:55     Ta posnetek je ze v bazi; vir=BT_STOCK, podjetje=2, cas posnetka=2026-08-31 11:05:00Z, uporabljenih=1389, v karanteni=0, RunId=f496222c-4285-46c1-9d57-a25b46ec24a9. Zapisano ni bilo nic.
16:39:55     Prebranih zapisov: 1389; SHA-256: b5e58b00d97d3a86abd9c759e81992d460fcbfb627258e06e4a6adf09b1bf6cf
16:39:56     Ta posnetek je ze v bazi; vir=BT_STOCK, podjetje=3, cas posnetka=2026-08-31 11:05:00Z, uporabljenih=1389, v karanteni=0, RunId=9d047ae1-f437-4ea6-8ada-c87aaed01386. Zapisano ni bilo nic.
16:39:56     Prebranih zapisov: 1389; SHA-256: b5e58b00d97d3a86abd9c759e81992d460fcbfb627258e06e4a6adf09b1bf6cf
16:39:57     Ta posnetek je ze v bazi; vir=BT_STOCK, podjetje=4, cas posnetka=2026-08-31 11:05:00Z, uporabljenih=1389, v karanteni=0, RunId=2f8b0220-b477-4459-863d-13c2a74fbc34. Zapisano ni bilo nic.
16:39:57     konec: Zaloga BT_STOCK
16:39:57  == Zaloga iz SAOP (kolicine) ==
16:39:58     STDERR: [1] Razpored za SAOP_STOCK ni omogocen; podjetje je preskoceno.
16:39:58     STDERR: [2] Razpored za SAOP_STOCK ni omogocen; podjetje je preskoceno.
16:39:58     STDERR: [3] Razpored za SAOP_STOCK ni omogocen; podjetje je preskoceno.
16:39:58     STDERR: [4] Razpored za SAOP_STOCK ni omogocen; podjetje je preskoceno.
16:39:58     NAPAKA: worker workers\PIM.SaopStockWorker je koncal z izhodno kodo 1
16:39:58  Zalogovni cikel koncan; padlih korakov: 1.
16:44:47  == Zaloga NW_STOCK ==
16:44:48     [NW_STOCK] preskoceno: Razmik dobavitelja se tece; naslednji prenos po 2. 09. 2026 17:36.
16:44:48     Prevzem koncan: uspesno 0, neuspesno 0, skupaj virov 1.
16:44:49     Prebranih zapisov: 2763; SHA-256: ed71ea36f290a5fe9cd8cd21b07b42274bde5aa939934532e263122657fa0f91
16:44:49     Ta posnetek je ze v bazi; vir=NW_STOCK, podjetje=1, cas posnetka=2026-09-02 13:36:00Z, uporabljenih=2763, v karanteni=0, RunId=8a29bc2b-ef69-490b-b913-9a90a2293c5d. Zapisano ni bilo nic.
16:44:50     Prebranih zapisov: 2763; SHA-256: ed71ea36f290a5fe9cd8cd21b07b42274bde5aa939934532e263122657fa0f91
16:44:50     Ta posnetek je ze v bazi; vir=NW_STOCK, podjetje=2, cas posnetka=2026-09-02 13:36:00Z, uporabljenih=2763, v karanteni=0, RunId=8ac24dd6-e3c9-4210-a847-86dfd8defe89. Zapisano ni bilo nic.
16:44:51     Prebranih zapisov: 2763; SHA-256: ed71ea36f290a5fe9cd8cd21b07b42274bde5aa939934532e263122657fa0f91
16:44:51     Ta posnetek je ze v bazi; vir=NW_STOCK, podjetje=3, cas posnetka=2026-09-02 13:36:00Z, uporabljenih=2763, v karanteni=0, RunId=51b5001f-eff5-4051-8b07-5e6626dd9381. Zapisano ni bilo nic.
16:44:52     Prebranih zapisov: 2763; SHA-256: ed71ea36f290a5fe9cd8cd21b07b42274bde5aa939934532e263122657fa0f91
16:44:52     Ta posnetek je ze v bazi; vir=NW_STOCK, podjetje=4, cas posnetka=2026-09-02 13:36:00Z, uporabljenih=2763, v karanteni=0, RunId=dbd29346-63ec-45ce-a8a2-a14762de24a4. Zapisano ni bilo nic.
16:44:52     konec: Zaloga NW_STOCK
16:44:52  == Zaloga BT_STOCK ==
16:44:53     [BT_STOCK] preskoceno: Razmik dobavitelja se tece; naslednji prenos po 2. 09. 2026 18:36.
16:44:53     Prevzem koncan: uspesno 0, neuspesno 0, skupaj virov 1.
16:44:54     Prebranih zapisov: 1389; SHA-256: b5e58b00d97d3a86abd9c759e81992d460fcbfb627258e06e4a6adf09b1bf6cf
16:44:54     Ta posnetek je ze v bazi; vir=BT_STOCK, podjetje=1, cas posnetka=2026-08-31 11:05:00Z, uporabljenih=1389, v karanteni=0, RunId=1fe73126-89d2-4496-8230-03352ad46969. Zapisano ni bilo nic.
16:44:55     Prebranih zapisov: 1389; SHA-256: b5e58b00d97d3a86abd9c759e81992d460fcbfb627258e06e4a6adf09b1bf6cf
16:44:55     Ta posnetek je ze v bazi; vir=BT_STOCK, podjetje=2, cas posnetka=2026-08-31 11:05:00Z, uporabljenih=1389, v karanteni=0, RunId=f496222c-4285-46c1-9d57-a25b46ec24a9. Zapisano ni bilo nic.
16:44:56     Prebranih zapisov: 1389; SHA-256: b5e58b00d97d3a86abd9c759e81992d460fcbfb627258e06e4a6adf09b1bf6cf
16:44:56     Ta posnetek je ze v bazi; vir=BT_STOCK, podjetje=3, cas posnetka=2026-08-31 11:05:00Z, uporabljenih=1389, v karanteni=0, RunId=9d047ae1-f437-4ea6-8ada-c87aaed01386. Zapisano ni bilo nic.
16:44:57     Prebranih zapisov: 1389; SHA-256: b5e58b00d97d3a86abd9c759e81992d460fcbfb627258e06e4a6adf09b1bf6cf
16:44:57     Ta posnetek je ze v bazi; vir=BT_STOCK, podjetje=4, cas posnetka=2026-08-31 11:05:00Z, uporabljenih=1389, v karanteni=0, RunId=2f8b0220-b477-4459-863d-13c2a74fbc34. Zapisano ni bilo nic.
16:44:57     konec: Zaloga BT_STOCK
16:44:57  == Zaloga iz SAOP (kolicine) ==
16:44:58     STDERR: [1] Razpored za SAOP_STOCK ni omogocen; podjetje je preskoceno.
16:44:58     STDERR: [2] Razpored za SAOP_STOCK ni omogocen; podjetje je preskoceno.
16:44:58     STDERR: [3] Razpored za SAOP_STOCK ni omogocen; podjetje je preskoceno.
16:44:58     STDERR: [4] Razpored za SAOP_STOCK ni omogocen; podjetje je preskoceno.
16:44:58     NAPAKA: worker workers\PIM.SaopStockWorker je koncal z izhodno kodo 1
16:44:58  Zalogovni cikel koncan; padlih korakov: 1.
16:49:47  == Zaloga NW_STOCK ==
16:49:49     [NW_STOCK] preskoceno: Razmik dobavitelja se tece; naslednji prenos po 2. 09. 2026 17:36.
16:49:49     Prevzem koncan: uspesno 0, neuspesno 0, skupaj virov 1.
16:49:50     Prebranih zapisov: 2763; SHA-256: ed71ea36f290a5fe9cd8cd21b07b42274bde5aa939934532e263122657fa0f91
16:49:51     Ta posnetek je ze v bazi; vir=NW_STOCK, podjetje=1, cas posnetka=2026-09-02 13:36:00Z, uporabljenih=2763, v karanteni=0, RunId=8a29bc2b-ef69-490b-b913-9a90a2293c5d. Zapisano ni bilo nic.
16:49:51     Prebranih zapisov: 2763; SHA-256: ed71ea36f290a5fe9cd8cd21b07b42274bde5aa939934532e263122657fa0f91
16:49:52     Ta posnetek je ze v bazi; vir=NW_STOCK, podjetje=2, cas posnetka=2026-09-02 13:36:00Z, uporabljenih=2763, v karanteni=0, RunId=8ac24dd6-e3c9-4210-a847-86dfd8defe89. Zapisano ni bilo nic.
16:49:52     Prebranih zapisov: 2763; SHA-256: ed71ea36f290a5fe9cd8cd21b07b42274bde5aa939934532e263122657fa0f91
16:49:54     Ta posnetek je ze v bazi; vir=NW_STOCK, podjetje=3, cas posnetka=2026-09-02 13:36:00Z, uporabljenih=2763, v karanteni=0, RunId=51b5001f-eff5-4051-8b07-5e6626dd9381. Zapisano ni bilo nic.
16:49:55     Prebranih zapisov: 2763; SHA-256: ed71ea36f290a5fe9cd8cd21b07b42274bde5aa939934532e263122657fa0f91
16:49:55     Ta posnetek je ze v bazi; vir=NW_STOCK, podjetje=4, cas posnetka=2026-09-02 13:36:00Z, uporabljenih=2763, v karanteni=0, RunId=dbd29346-63ec-45ce-a8a2-a14762de24a4. Zapisano ni bilo nic.
16:49:55     konec: Zaloga NW_STOCK
16:49:55  == Zaloga BT_STOCK ==
16:49:56     [BT_STOCK] preskoceno: Razmik dobavitelja se tece; naslednji prenos po 2. 09. 2026 18:36.
16:49:56     Prevzem koncan: uspesno 0, neuspesno 0, skupaj virov 1.
16:49:57     Prebranih zapisov: 1389; SHA-256: b5e58b00d97d3a86abd9c759e81992d460fcbfb627258e06e4a6adf09b1bf6cf
16:49:57     Ta posnetek je ze v bazi; vir=BT_STOCK, podjetje=1, cas posnetka=2026-08-31 11:05:00Z, uporabljenih=1389, v karanteni=0, RunId=1fe73126-89d2-4496-8230-03352ad46969. Zapisano ni bilo nic.
16:49:58     Prebranih zapisov: 1389; SHA-256: b5e58b00d97d3a86abd9c759e81992d460fcbfb627258e06e4a6adf09b1bf6cf
16:49:58     Ta posnetek je ze v bazi; vir=BT_STOCK, podjetje=2, cas posnetka=2026-08-31 11:05:00Z, uporabljenih=1389, v karanteni=0, RunId=f496222c-4285-46c1-9d57-a25b46ec24a9. Zapisano ni bilo nic.
16:49:59     Prebranih zapisov: 1389; SHA-256: b5e58b00d97d3a86abd9c759e81992d460fcbfb627258e06e4a6adf09b1bf6cf
16:50:00     Ta posnetek je ze v bazi; vir=BT_STOCK, podjetje=3, cas posnetka=2026-08-31 11:05:00Z, uporabljenih=1389, v karanteni=0, RunId=9d047ae1-f437-4ea6-8ada-c87aaed01386. Zapisano ni bilo nic.
16:50:00     Prebranih zapisov: 1389; SHA-256: b5e58b00d97d3a86abd9c759e81992d460fcbfb627258e06e4a6adf09b1bf6cf
16:50:01     Ta posnetek je ze v bazi; vir=BT_STOCK, podjetje=4, cas posnetka=2026-08-31 11:05:00Z, uporabljenih=1389, v karanteni=0, RunId=2f8b0220-b477-4459-863d-13c2a74fbc34. Zapisano ni bilo nic.
16:50:01     konec: Zaloga BT_STOCK
16:50:01  == Zaloga iz SAOP (kolicine) ==
16:50:02     STDERR: [1] Razpored za SAOP_STOCK ni omogocen; podjetje je preskoceno.
16:50:02     STDERR: [2] Razpored za SAOP_STOCK ni omogocen; podjetje je preskoceno.
16:50:02     STDERR: [3] Razpored za SAOP_STOCK ni omogocen; podjetje je preskoceno.
16:50:02     STDERR: [4] Razpored za SAOP_STOCK ni omogocen; podjetje je preskoceno.
16:50:02     NAPAKA: worker workers\PIM.SaopStockWorker je koncal z izhodno kodo 1
16:50:02  Zalogovni cikel koncan; padlih korakov: 1.
16:54:47  == Zaloga NW_STOCK ==
16:54:48     [NW_STOCK] preskoceno: Razmik dobavitelja se tece; naslednji prenos po 2. 09. 2026 17:36.
16:54:48     Prevzem koncan: uspesno 0, neuspesno 0, skupaj virov 1.
16:54:48     Prebranih zapisov: 2763; SHA-256: ed71ea36f290a5fe9cd8cd21b07b42274bde5aa939934532e263122657fa0f91
16:54:49     Ta posnetek je ze v bazi; vir=NW_STOCK, podjetje=1, cas posnetka=2026-09-02 13:36:00Z, uporabljenih=2763, v karanteni=0, RunId=8a29bc2b-ef69-490b-b913-9a90a2293c5d. Zapisano ni bilo nic.
16:54:49     Prebranih zapisov: 2763; SHA-256: ed71ea36f290a5fe9cd8cd21b07b42274bde5aa939934532e263122657fa0f91
16:54:50     Ta posnetek je ze v bazi; vir=NW_STOCK, podjetje=2, cas posnetka=2026-09-02 13:36:00Z, uporabljenih=2763, v karanteni=0, RunId=8ac24dd6-e3c9-4210-a847-86dfd8defe89. Zapisano ni bilo nic.
16:54:50     Prebranih zapisov: 2763; SHA-256: ed71ea36f290a5fe9cd8cd21b07b42274bde5aa939934532e263122657fa0f91
16:54:51     Ta posnetek je ze v bazi; vir=NW_STOCK, podjetje=3, cas posnetka=2026-09-02 13:36:00Z, uporabljenih=2763, v karanteni=0, RunId=51b5001f-eff5-4051-8b07-5e6626dd9381. Zapisano ni bilo nic.
16:54:51     Prebranih zapisov: 2763; SHA-256: ed71ea36f290a5fe9cd8cd21b07b42274bde5aa939934532e263122657fa0f91
16:54:52     Ta posnetek je ze v bazi; vir=NW_STOCK, podjetje=4, cas posnetka=2026-09-02 13:36:00Z, uporabljenih=2763, v karanteni=0, RunId=dbd29346-63ec-45ce-a8a2-a14762de24a4. Zapisano ni bilo nic.
16:54:52     konec: Zaloga NW_STOCK
16:54:52  == Zaloga BT_STOCK ==
16:54:53     [BT_STOCK] preskoceno: Razmik dobavitelja se tece; naslednji prenos po 2. 09. 2026 18:36.
16:54:53     Prevzem koncan: uspesno 0, neuspesno 0, skupaj virov 1.
16:54:53     Prebranih zapisov: 1389; SHA-256: b5e58b00d97d3a86abd9c759e81992d460fcbfb627258e06e4a6adf09b1bf6cf
16:54:54     Ta posnetek je ze v bazi; vir=BT_STOCK, podjetje=1, cas posnetka=2026-08-31 11:05:00Z, uporabljenih=1389, v karanteni=0, RunId=1fe73126-89d2-4496-8230-03352ad46969. Zapisano ni bilo nic.
16:54:54     Prebranih zapisov: 1389; SHA-256: b5e58b00d97d3a86abd9c759e81992d460fcbfb627258e06e4a6adf09b1bf6cf
16:54:55     Ta posnetek je ze v bazi; vir=BT_STOCK, podjetje=2, cas posnetka=2026-08-31 11:05:00Z, uporabljenih=1389, v karanteni=0, RunId=f496222c-4285-46c1-9d57-a25b46ec24a9. Zapisano ni bilo nic.
16:54:55     Prebranih zapisov: 1389; SHA-256: b5e58b00d97d3a86abd9c759e81992d460fcbfb627258e06e4a6adf09b1bf6cf
16:54:56     Ta posnetek je ze v bazi; vir=BT_STOCK, podjetje=3, cas posnetka=2026-08-31 11:05:00Z, uporabljenih=1389, v karanteni=0, RunId=9d047ae1-f437-4ea6-8ada-c87aaed01386. Zapisano ni bilo nic.
16:54:56     Prebranih zapisov: 1389; SHA-256: b5e58b00d97d3a86abd9c759e81992d460fcbfb627258e06e4a6adf09b1bf6cf
16:54:57     Ta posnetek je ze v bazi; vir=BT_STOCK, podjetje=4, cas posnetka=2026-08-31 11:05:00Z, uporabljenih=1389, v karanteni=0, RunId=2f8b0220-b477-4459-863d-13c2a74fbc34. Zapisano ni bilo nic.
16:54:57     konec: Zaloga BT_STOCK
16:54:57  == Zaloga iz SAOP (kolicine) ==
16:54:58     STDERR: [1] Razpored za SAOP_STOCK ni omogocen; podjetje je preskoceno.
16:54:58     STDERR: [2] Razpored za SAOP_STOCK ni omogocen; podjetje je preskoceno.
16:54:58     STDERR: [3] Razpored za SAOP_STOCK ni omogocen; podjetje je preskoceno.
16:54:58     STDERR: [4] Razpored za SAOP_STOCK ni omogocen; podjetje je preskoceno.
16:54:58     NAPAKA: worker workers\PIM.SaopStockWorker je koncal z izhodno kodo 1
16:54:58  Zalogovni cikel koncan; padlih korakov: 1.
16:59:47  == Zaloga NW_STOCK ==
16:59:48     [NW_STOCK] preskoceno: Razmik dobavitelja se tece; naslednji prenos po 2. 09. 2026 17:36.
16:59:48     Prevzem koncan: uspesno 0, neuspesno 0, skupaj virov 1.
16:59:49     Prebranih zapisov: 2763; SHA-256: ed71ea36f290a5fe9cd8cd21b07b42274bde5aa939934532e263122657fa0f91
16:59:50     Ta posnetek je ze v bazi; vir=NW_STOCK, podjetje=1, cas posnetka=2026-09-02 13:36:00Z, uporabljenih=2763, v karanteni=0, RunId=8a29bc2b-ef69-490b-b913-9a90a2293c5d. Zapisano ni bilo nic.
16:59:50     Prebranih zapisov: 2763; SHA-256: ed71ea36f290a5fe9cd8cd21b07b42274bde5aa939934532e263122657fa0f91
16:59:51     Ta posnetek je ze v bazi; vir=NW_STOCK, podjetje=2, cas posnetka=2026-09-02 13:36:00Z, uporabljenih=2763, v karanteni=0, RunId=8ac24dd6-e3c9-4210-a847-86dfd8defe89. Zapisano ni bilo nic.
16:59:51     Prebranih zapisov: 2763; SHA-256: ed71ea36f290a5fe9cd8cd21b07b42274bde5aa939934532e263122657fa0f91
16:59:52     Ta posnetek je ze v bazi; vir=NW_STOCK, podjetje=3, cas posnetka=2026-09-02 13:36:00Z, uporabljenih=2763, v karanteni=0, RunId=51b5001f-eff5-4051-8b07-5e6626dd9381. Zapisano ni bilo nic.
16:59:52     Prebranih zapisov: 2763; SHA-256: ed71ea36f290a5fe9cd8cd21b07b42274bde5aa939934532e263122657fa0f91
16:59:53     Ta posnetek je ze v bazi; vir=NW_STOCK, podjetje=4, cas posnetka=2026-09-02 13:36:00Z, uporabljenih=2763, v karanteni=0, RunId=dbd29346-63ec-45ce-a8a2-a14762de24a4. Zapisano ni bilo nic.
16:59:53     konec: Zaloga NW_STOCK
16:59:53  == Zaloga BT_STOCK ==
16:59:54     [BT_STOCK] preskoceno: Razmik dobavitelja se tece; naslednji prenos po 2. 09. 2026 18:36.
16:59:54     Prevzem koncan: uspesno 0, neuspesno 0, skupaj virov 1.
16:59:54     Prebranih zapisov: 1389; SHA-256: b5e58b00d97d3a86abd9c759e81992d460fcbfb627258e06e4a6adf09b1bf6cf
16:59:55     Ta posnetek je ze v bazi; vir=BT_STOCK, podjetje=1, cas posnetka=2026-08-31 11:05:00Z, uporabljenih=1389, v karanteni=0, RunId=1fe73126-89d2-4496-8230-03352ad46969. Zapisano ni bilo nic.
16:59:55     Prebranih zapisov: 1389; SHA-256: b5e58b00d97d3a86abd9c759e81992d460fcbfb627258e06e4a6adf09b1bf6cf
16:59:56     Ta posnetek je ze v bazi; vir=BT_STOCK, podjetje=2, cas posnetka=2026-08-31 11:05:00Z, uporabljenih=1389, v karanteni=0, RunId=f496222c-4285-46c1-9d57-a25b46ec24a9. Zapisano ni bilo nic.
16:59:56     Prebranih zapisov: 1389; SHA-256: b5e58b00d97d3a86abd9c759e81992d460fcbfb627258e06e4a6adf09b1bf6cf
16:59:57     Ta posnetek je ze v bazi; vir=BT_STOCK, podjetje=3, cas posnetka=2026-08-31 11:05:00Z, uporabljenih=1389, v karanteni=0, RunId=9d047ae1-f437-4ea6-8ada-c87aaed01386. Zapisano ni bilo nic.
16:59:58     Prebranih zapisov: 1389; SHA-256: b5e58b00d97d3a86abd9c759e81992d460fcbfb627258e06e4a6adf09b1bf6cf
16:59:58     Ta posnetek je ze v bazi; vir=BT_STOCK, podjetje=4, cas posnetka=2026-08-31 11:05:00Z, uporabljenih=1389, v karanteni=0, RunId=2f8b0220-b477-4459-863d-13c2a74fbc34. Zapisano ni bilo nic.
16:59:58     konec: Zaloga BT_STOCK
16:59:58  == Zaloga iz SAOP (kolicine) ==
17:00:01     STDERR: [1] Razpored za SAOP_STOCK ni omogocen; podjetje je preskoceno.
17:00:01     STDERR: [2] Razpored za SAOP_STOCK ni omogocen; podjetje je preskoceno.
17:00:01     STDERR: [3] Razpored za SAOP_STOCK ni omogocen; podjetje je preskoceno.
17:00:01     STDERR: [4] Razpored za SAOP_STOCK ni omogocen; podjetje je preskoceno.
17:00:01     NAPAKA: worker workers\PIM.SaopStockWorker je koncal z izhodno kodo 1
17:00:01  Zalogovni cikel koncan; padlih korakov: 1.
17:04:47  == Zaloga NW_STOCK ==
17:04:48     [NW_STOCK] preskoceno: Razmik dobavitelja se tece; naslednji prenos po 2. 09. 2026 17:36.
17:04:48     Prevzem koncan: uspesno 0, neuspesno 0, skupaj virov 1.
17:04:48     Prebranih zapisov: 2763; SHA-256: ed71ea36f290a5fe9cd8cd21b07b42274bde5aa939934532e263122657fa0f91
17:04:49     Ta posnetek je ze v bazi; vir=NW_STOCK, podjetje=1, cas posnetka=2026-09-02 13:36:00Z, uporabljenih=2763, v karanteni=0, RunId=8a29bc2b-ef69-490b-b913-9a90a2293c5d. Zapisano ni bilo nic.
17:04:49     Prebranih zapisov: 2763; SHA-256: ed71ea36f290a5fe9cd8cd21b07b42274bde5aa939934532e263122657fa0f91
17:04:50     Ta posnetek je ze v bazi; vir=NW_STOCK, podjetje=2, cas posnetka=2026-09-02 13:36:00Z, uporabljenih=2763, v karanteni=0, RunId=8ac24dd6-e3c9-4210-a847-86dfd8defe89. Zapisano ni bilo nic.
17:04:50     Prebranih zapisov: 2763; SHA-256: ed71ea36f290a5fe9cd8cd21b07b42274bde5aa939934532e263122657fa0f91
17:04:51     Ta posnetek je ze v bazi; vir=NW_STOCK, podjetje=3, cas posnetka=2026-09-02 13:36:00Z, uporabljenih=2763, v karanteni=0, RunId=51b5001f-eff5-4051-8b07-5e6626dd9381. Zapisano ni bilo nic.
17:04:52     Prebranih zapisov: 2763; SHA-256: ed71ea36f290a5fe9cd8cd21b07b42274bde5aa939934532e263122657fa0f91
17:04:52     Ta posnetek je ze v bazi; vir=NW_STOCK, podjetje=4, cas posnetka=2026-09-02 13:36:00Z, uporabljenih=2763, v karanteni=0, RunId=dbd29346-63ec-45ce-a8a2-a14762de24a4. Zapisano ni bilo nic.
17:04:52     konec: Zaloga NW_STOCK
17:04:52  == Zaloga BT_STOCK ==
17:04:55     [BT_STOCK] preskoceno: Razmik dobavitelja se tece; naslednji prenos po 2. 09. 2026 18:36.
17:04:55     Prevzem koncan: uspesno 0, neuspesno 0, skupaj virov 1.
17:04:56     Prebranih zapisov: 1389; SHA-256: b5e58b00d97d3a86abd9c759e81992d460fcbfb627258e06e4a6adf09b1bf6cf
17:04:56     Ta posnetek je ze v bazi; vir=BT_STOCK, podjetje=1, cas posnetka=2026-08-31 11:05:00Z, uporabljenih=1389, v karanteni=0, RunId=1fe73126-89d2-4496-8230-03352ad46969. Zapisano ni bilo nic.
17:04:57     Prebranih zapisov: 1389; SHA-256: b5e58b00d97d3a86abd9c759e81992d460fcbfb627258e06e4a6adf09b1bf6cf
17:04:57     Ta posnetek je ze v bazi; vir=BT_STOCK, podjetje=2, cas posnetka=2026-08-31 11:05:00Z, uporabljenih=1389, v karanteni=0, RunId=f496222c-4285-46c1-9d57-a25b46ec24a9. Zapisano ni bilo nic.
17:04:58     Prebranih zapisov: 1389; SHA-256: b5e58b00d97d3a86abd9c759e81992d460fcbfb627258e06e4a6adf09b1bf6cf
17:04:59     Ta posnetek je ze v bazi; vir=BT_STOCK, podjetje=3, cas posnetka=2026-08-31 11:05:00Z, uporabljenih=1389, v karanteni=0, RunId=9d047ae1-f437-4ea6-8ada-c87aaed01386. Zapisano ni bilo nic.
17:05:00     Prebranih zapisov: 1389; SHA-256: b5e58b00d97d3a86abd9c759e81992d460fcbfb627258e06e4a6adf09b1bf6cf
17:05:00     Ta posnetek je ze v bazi; vir=BT_STOCK, podjetje=4, cas posnetka=2026-08-31 11:05:00Z, uporabljenih=1389, v karanteni=0, RunId=2f8b0220-b477-4459-863d-13c2a74fbc34. Zapisano ni bilo nic.
17:05:00     konec: Zaloga BT_STOCK
17:05:00  == Zaloga iz SAOP (kolicine) ==
17:05:02     STDERR: [1] Razpored za SAOP_STOCK ni omogocen; podjetje je preskoceno.
17:05:02     STDERR: [2] Razpored za SAOP_STOCK ni omogocen; podjetje je preskoceno.
17:05:02     STDERR: [3] Razpored za SAOP_STOCK ni omogocen; podjetje je preskoceno.
17:05:02     STDERR: [4] Razpored za SAOP_STOCK ni omogocen; podjetje je preskoceno.
17:05:02     NAPAKA: worker workers\PIM.SaopStockWorker je koncal z izhodno kodo 1
17:05:02  Zalogovni cikel koncan; padlih korakov: 1.
17:09:47  == Zaloga NW_STOCK ==
17:09:48     [NW_STOCK] preskoceno: Razmik dobavitelja se tece; naslednji prenos po 2. 09. 2026 17:36.
17:09:48     Prevzem koncan: uspesno 0, neuspesno 0, skupaj virov 1.
17:09:49     Prebranih zapisov: 2763; SHA-256: ed71ea36f290a5fe9cd8cd21b07b42274bde5aa939934532e263122657fa0f91
17:09:49     Ta posnetek je ze v bazi; vir=NW_STOCK, podjetje=1, cas posnetka=2026-09-02 13:36:00Z, uporabljenih=2763, v karanteni=0, RunId=8a29bc2b-ef69-490b-b913-9a90a2293c5d. Zapisano ni bilo nic.
17:09:50     Prebranih zapisov: 2763; SHA-256: ed71ea36f290a5fe9cd8cd21b07b42274bde5aa939934532e263122657fa0f91
17:09:50     Ta posnetek je ze v bazi; vir=NW_STOCK, podjetje=2, cas posnetka=2026-09-02 13:36:00Z, uporabljenih=2763, v karanteni=0, RunId=8ac24dd6-e3c9-4210-a847-86dfd8defe89. Zapisano ni bilo nic.
17:09:51     Prebranih zapisov: 2763; SHA-256: ed71ea36f290a5fe9cd8cd21b07b42274bde5aa939934532e263122657fa0f91
17:09:51     Ta posnetek je ze v bazi; vir=NW_STOCK, podjetje=3, cas posnetka=2026-09-02 13:36:00Z, uporabljenih=2763, v karanteni=0, RunId=51b5001f-eff5-4051-8b07-5e6626dd9381. Zapisano ni bilo nic.
17:09:52     Prebranih zapisov: 2763; SHA-256: ed71ea36f290a5fe9cd8cd21b07b42274bde5aa939934532e263122657fa0f91
17:09:52     Ta posnetek je ze v bazi; vir=NW_STOCK, podjetje=4, cas posnetka=2026-09-02 13:36:00Z, uporabljenih=2763, v karanteni=0, RunId=dbd29346-63ec-45ce-a8a2-a14762de24a4. Zapisano ni bilo nic.
17:09:52     konec: Zaloga NW_STOCK
17:09:52  == Zaloga BT_STOCK ==
17:09:53     [BT_STOCK] preskoceno: Razmik dobavitelja se tece; naslednji prenos po 2. 09. 2026 18:36.
17:09:53     Prevzem koncan: uspesno 0, neuspesno 0, skupaj virov 1.
17:09:54     Prebranih zapisov: 1389; SHA-256: b5e58b00d97d3a86abd9c759e81992d460fcbfb627258e06e4a6adf09b1bf6cf
17:09:54     Ta posnetek je ze v bazi; vir=BT_STOCK, podjetje=1, cas posnetka=2026-08-31 11:05:00Z, uporabljenih=1389, v karanteni=0, RunId=1fe73126-89d2-4496-8230-03352ad46969. Zapisano ni bilo nic.
17:09:55     Prebranih zapisov: 1389; SHA-256: b5e58b00d97d3a86abd9c759e81992d460fcbfb627258e06e4a6adf09b1bf6cf
17:09:55     Ta posnetek je ze v bazi; vir=BT_STOCK, podjetje=2, cas posnetka=2026-08-31 11:05:00Z, uporabljenih=1389, v karanteni=0, RunId=f496222c-4285-46c1-9d57-a25b46ec24a9. Zapisano ni bilo nic.
17:09:56     Prebranih zapisov: 1389; SHA-256: b5e58b00d97d3a86abd9c759e81992d460fcbfb627258e06e4a6adf09b1bf6cf
17:09:56     Ta posnetek je ze v bazi; vir=BT_STOCK, podjetje=3, cas posnetka=2026-08-31 11:05:00Z, uporabljenih=1389, v karanteni=0, RunId=9d047ae1-f437-4ea6-8ada-c87aaed01386. Zapisano ni bilo nic.
17:09:57     Prebranih zapisov: 1389; SHA-256: b5e58b00d97d3a86abd9c759e81992d460fcbfb627258e06e4a6adf09b1bf6cf
17:09:57     Ta posnetek je ze v bazi; vir=BT_STOCK, podjetje=4, cas posnetka=2026-08-31 11:05:00Z, uporabljenih=1389, v karanteni=0, RunId=2f8b0220-b477-4459-863d-13c2a74fbc34. Zapisano ni bilo nic.
17:09:57     konec: Zaloga BT_STOCK
17:09:57  == Zaloga iz SAOP (kolicine) ==
17:09:58     STDERR: [1] Razpored za SAOP_STOCK ni omogocen; podjetje je preskoceno.
17:09:58     STDERR: [2] Razpored za SAOP_STOCK ni omogocen; podjetje je preskoceno.
17:09:58     STDERR: [3] Razpored za SAOP_STOCK ni omogocen; podjetje je preskoceno.
17:09:58     STDERR: [4] Razpored za SAOP_STOCK ni omogocen; podjetje je preskoceno.
17:09:58     NAPAKA: worker workers\PIM.SaopStockWorker je koncal z izhodno kodo 1
17:09:58  Zalogovni cikel koncan; padlih korakov: 1.
17:14:47  == Zaloga NW_STOCK ==
17:14:48     [NW_STOCK] preskoceno: Razmik dobavitelja se tece; naslednji prenos po 2. 09. 2026 17:36.
17:14:48     Prevzem koncan: uspesno 0, neuspesno 0, skupaj virov 1.
17:14:49     Prebranih zapisov: 2763; SHA-256: ed71ea36f290a5fe9cd8cd21b07b42274bde5aa939934532e263122657fa0f91
17:14:49     Ta posnetek je ze v bazi; vir=NW_STOCK, podjetje=1, cas posnetka=2026-09-02 13:36:00Z, uporabljenih=2763, v karanteni=0, RunId=8a29bc2b-ef69-490b-b913-9a90a2293c5d. Zapisano ni bilo nic.
17:14:50     Prebranih zapisov: 2763; SHA-256: ed71ea36f290a5fe9cd8cd21b07b42274bde5aa939934532e263122657fa0f91
17:14:50     Ta posnetek je ze v bazi; vir=NW_STOCK, podjetje=2, cas posnetka=2026-09-02 13:36:00Z, uporabljenih=2763, v karanteni=0, RunId=8ac24dd6-e3c9-4210-a847-86dfd8defe89. Zapisano ni bilo nic.
17:14:51     Prebranih zapisov: 2763; SHA-256: ed71ea36f290a5fe9cd8cd21b07b42274bde5aa939934532e263122657fa0f91
17:14:51     Ta posnetek je ze v bazi; vir=NW_STOCK, podjetje=3, cas posnetka=2026-09-02 13:36:00Z, uporabljenih=2763, v karanteni=0, RunId=51b5001f-eff5-4051-8b07-5e6626dd9381. Zapisano ni bilo nic.
17:14:52     Prebranih zapisov: 2763; SHA-256: ed71ea36f290a5fe9cd8cd21b07b42274bde5aa939934532e263122657fa0f91
17:14:53     Ta posnetek je ze v bazi; vir=NW_STOCK, podjetje=4, cas posnetka=2026-09-02 13:36:00Z, uporabljenih=2763, v karanteni=0, RunId=dbd29346-63ec-45ce-a8a2-a14762de24a4. Zapisano ni bilo nic.
17:14:53     konec: Zaloga NW_STOCK
17:14:53  == Zaloga BT_STOCK ==
17:14:54     [BT_STOCK] preskoceno: Razmik dobavitelja se tece; naslednji prenos po 2. 09. 2026 18:36.
17:14:54     Prevzem koncan: uspesno 0, neuspesno 0, skupaj virov 1.
17:14:54     Prebranih zapisov: 1389; SHA-256: b5e58b00d97d3a86abd9c759e81992d460fcbfb627258e06e4a6adf09b1bf6cf
17:14:55     Ta posnetek je ze v bazi; vir=BT_STOCK, podjetje=1, cas posnetka=2026-08-31 11:05:00Z, uporabljenih=1389, v karanteni=0, RunId=1fe73126-89d2-4496-8230-03352ad46969. Zapisano ni bilo nic.
17:14:56     Prebranih zapisov: 1389; SHA-256: b5e58b00d97d3a86abd9c759e81992d460fcbfb627258e06e4a6adf09b1bf6cf
17:14:56     Ta posnetek je ze v bazi; vir=BT_STOCK, podjetje=2, cas posnetka=2026-08-31 11:05:00Z, uporabljenih=1389, v karanteni=0, RunId=f496222c-4285-46c1-9d57-a25b46ec24a9. Zapisano ni bilo nic.
17:14:57     Prebranih zapisov: 1389; SHA-256: b5e58b00d97d3a86abd9c759e81992d460fcbfb627258e06e4a6adf09b1bf6cf
17:14:57     Ta posnetek je ze v bazi; vir=BT_STOCK, podjetje=3, cas posnetka=2026-08-31 11:05:00Z, uporabljenih=1389, v karanteni=0, RunId=9d047ae1-f437-4ea6-8ada-c87aaed01386. Zapisano ni bilo nic.
17:14:58     Prebranih zapisov: 1389; SHA-256: b5e58b00d97d3a86abd9c759e81992d460fcbfb627258e06e4a6adf09b1bf6cf
17:14:58     Ta posnetek je ze v bazi; vir=BT_STOCK, podjetje=4, cas posnetka=2026-08-31 11:05:00Z, uporabljenih=1389, v karanteni=0, RunId=2f8b0220-b477-4459-863d-13c2a74fbc34. Zapisano ni bilo nic.
17:14:58     konec: Zaloga BT_STOCK
17:14:58  == Zaloga iz SAOP (kolicine) ==
17:14:59     STDERR: [1] Razpored za SAOP_STOCK ni omogocen; podjetje je preskoceno.
17:14:59     STDERR: [2] Razpored za SAOP_STOCK ni omogocen; podjetje je preskoceno.
17:14:59     STDERR: [3] Razpored za SAOP_STOCK ni omogocen; podjetje je preskoceno.
17:14:59     STDERR: [4] Razpored za SAOP_STOCK ni omogocen; podjetje je preskoceno.
17:14:59     NAPAKA: worker workers\PIM.SaopStockWorker je koncal z izhodno kodo 1
17:14:59  Zalogovni cikel koncan; padlih korakov: 1.
17:19:47  == Zaloga NW_STOCK ==
17:19:48     [NW_STOCK] preskoceno: Razmik dobavitelja se tece; naslednji prenos po 2. 09. 2026 17:36.
17:19:48     Prevzem koncan: uspesno 0, neuspesno 0, skupaj virov 1.
17:19:49     Prebranih zapisov: 2763; SHA-256: ed71ea36f290a5fe9cd8cd21b07b42274bde5aa939934532e263122657fa0f91
17:19:49     Ta posnetek je ze v bazi; vir=NW_STOCK, podjetje=1, cas posnetka=2026-09-02 13:36:00Z, uporabljenih=2763, v karanteni=0, RunId=8a29bc2b-ef69-490b-b913-9a90a2293c5d. Zapisano ni bilo nic.
17:19:50     Prebranih zapisov: 2763; SHA-256: ed71ea36f290a5fe9cd8cd21b07b42274bde5aa939934532e263122657fa0f91
17:19:50     Ta posnetek je ze v bazi; vir=NW_STOCK, podjetje=2, cas posnetka=2026-09-02 13:36:00Z, uporabljenih=2763, v karanteni=0, RunId=8ac24dd6-e3c9-4210-a847-86dfd8defe89. Zapisano ni bilo nic.
17:19:51     Prebranih zapisov: 2763; SHA-256: ed71ea36f290a5fe9cd8cd21b07b42274bde5aa939934532e263122657fa0f91
17:19:51     Ta posnetek je ze v bazi; vir=NW_STOCK, podjetje=3, cas posnetka=2026-09-02 13:36:00Z, uporabljenih=2763, v karanteni=0, RunId=51b5001f-eff5-4051-8b07-5e6626dd9381. Zapisano ni bilo nic.
17:19:52     Prebranih zapisov: 2763; SHA-256: ed71ea36f290a5fe9cd8cd21b07b42274bde5aa939934532e263122657fa0f91
17:19:52     Ta posnetek je ze v bazi; vir=NW_STOCK, podjetje=4, cas posnetka=2026-09-02 13:36:00Z, uporabljenih=2763, v karanteni=0, RunId=dbd29346-63ec-45ce-a8a2-a14762de24a4. Zapisano ni bilo nic.
17:19:52     konec: Zaloga NW_STOCK
17:19:52  == Zaloga BT_STOCK ==
17:19:53     [BT_STOCK] preskoceno: Razmik dobavitelja se tece; naslednji prenos po 2. 09. 2026 18:36.
17:19:53     Prevzem koncan: uspesno 0, neuspesno 0, skupaj virov 1.
17:19:54     Prebranih zapisov: 1389; SHA-256: b5e58b00d97d3a86abd9c759e81992d460fcbfb627258e06e4a6adf09b1bf6cf
17:19:54     Ta posnetek je ze v bazi; vir=BT_STOCK, podjetje=1, cas posnetka=2026-08-31 11:05:00Z, uporabljenih=1389, v karanteni=0, RunId=1fe73126-89d2-4496-8230-03352ad46969. Zapisano ni bilo nic.
17:19:55     Prebranih zapisov: 1389; SHA-256: b5e58b00d97d3a86abd9c759e81992d460fcbfb627258e06e4a6adf09b1bf6cf
17:19:55     Ta posnetek je ze v bazi; vir=BT_STOCK, podjetje=2, cas posnetka=2026-08-31 11:05:00Z, uporabljenih=1389, v karanteni=0, RunId=f496222c-4285-46c1-9d57-a25b46ec24a9. Zapisano ni bilo nic.
17:19:56     Prebranih zapisov: 1389; SHA-256: b5e58b00d97d3a86abd9c759e81992d460fcbfb627258e06e4a6adf09b1bf6cf
17:19:57     Ta posnetek je ze v bazi; vir=BT_STOCK, podjetje=3, cas posnetka=2026-08-31 11:05:00Z, uporabljenih=1389, v karanteni=0, RunId=9d047ae1-f437-4ea6-8ada-c87aaed01386. Zapisano ni bilo nic.
17:19:57     Prebranih zapisov: 1389; SHA-256: b5e58b00d97d3a86abd9c759e81992d460fcbfb627258e06e4a6adf09b1bf6cf
17:19:58     Ta posnetek je ze v bazi; vir=BT_STOCK, podjetje=4, cas posnetka=2026-08-31 11:05:00Z, uporabljenih=1389, v karanteni=0, RunId=2f8b0220-b477-4459-863d-13c2a74fbc34. Zapisano ni bilo nic.
17:19:58     konec: Zaloga BT_STOCK
17:19:58  == Zaloga iz SAOP (kolicine) ==
17:19:59     STDERR: [1] Razpored za SAOP_STOCK ni omogocen; podjetje je preskoceno.
17:19:59     STDERR: [2] Razpored za SAOP_STOCK ni omogocen; podjetje je preskoceno.
17:19:59     STDERR: [3] Razpored za SAOP_STOCK ni omogocen; podjetje je preskoceno.
17:19:59     STDERR: [4] Razpored za SAOP_STOCK ni omogocen; podjetje je preskoceno.
17:19:59     NAPAKA: worker workers\PIM.SaopStockWorker je koncal z izhodno kodo 1
17:19:59  Zalogovni cikel koncan; padlih korakov: 1.
17:24:47  == Zaloga NW_STOCK ==
17:24:48     [NW_STOCK] preskoceno: Razmik dobavitelja se tece; naslednji prenos po 2. 09. 2026 17:36.
17:24:48     Prevzem koncan: uspesno 0, neuspesno 0, skupaj virov 1.
17:24:49     Prebranih zapisov: 2763; SHA-256: ed71ea36f290a5fe9cd8cd21b07b42274bde5aa939934532e263122657fa0f91
17:24:49     Ta posnetek je ze v bazi; vir=NW_STOCK, podjetje=1, cas posnetka=2026-09-02 13:36:00Z, uporabljenih=2763, v karanteni=0, RunId=8a29bc2b-ef69-490b-b913-9a90a2293c5d. Zapisano ni bilo nic.
17:24:50     Prebranih zapisov: 2763; SHA-256: ed71ea36f290a5fe9cd8cd21b07b42274bde5aa939934532e263122657fa0f91
17:24:50     Ta posnetek je ze v bazi; vir=NW_STOCK, podjetje=2, cas posnetka=2026-09-02 13:36:00Z, uporabljenih=2763, v karanteni=0, RunId=8ac24dd6-e3c9-4210-a847-86dfd8defe89. Zapisano ni bilo nic.
17:24:51     Prebranih zapisov: 2763; SHA-256: ed71ea36f290a5fe9cd8cd21b07b42274bde5aa939934532e263122657fa0f91
17:24:51     Ta posnetek je ze v bazi; vir=NW_STOCK, podjetje=3, cas posnetka=2026-09-02 13:36:00Z, uporabljenih=2763, v karanteni=0, RunId=51b5001f-eff5-4051-8b07-5e6626dd9381. Zapisano ni bilo nic.
17:24:52     Prebranih zapisov: 2763; SHA-256: ed71ea36f290a5fe9cd8cd21b07b42274bde5aa939934532e263122657fa0f91
17:24:53     Ta posnetek je ze v bazi; vir=NW_STOCK, podjetje=4, cas posnetka=2026-09-02 13:36:00Z, uporabljenih=2763, v karanteni=0, RunId=dbd29346-63ec-45ce-a8a2-a14762de24a4. Zapisano ni bilo nic.
17:24:53     konec: Zaloga NW_STOCK
17:24:53  == Zaloga BT_STOCK ==
17:24:54     [BT_STOCK] preskoceno: Razmik dobavitelja se tece; naslednji prenos po 2. 09. 2026 18:36.
17:24:54     Prevzem koncan: uspesno 0, neuspesno 0, skupaj virov 1.
17:24:55     Prebranih zapisov: 1389; SHA-256: b5e58b00d97d3a86abd9c759e81992d460fcbfb627258e06e4a6adf09b1bf6cf
17:24:55     Ta posnetek je ze v bazi; vir=BT_STOCK, podjetje=1, cas posnetka=2026-08-31 11:05:00Z, uporabljenih=1389, v karanteni=0, RunId=1fe73126-89d2-4496-8230-03352ad46969. Zapisano ni bilo nic.
17:24:56     Prebranih zapisov: 1389; SHA-256: b5e58b00d97d3a86abd9c759e81992d460fcbfb627258e06e4a6adf09b1bf6cf
17:24:56     Ta posnetek je ze v bazi; vir=BT_STOCK, podjetje=2, cas posnetka=2026-08-31 11:05:00Z, uporabljenih=1389, v karanteni=0, RunId=f496222c-4285-46c1-9d57-a25b46ec24a9. Zapisano ni bilo nic.
17:24:57     Prebranih zapisov: 1389; SHA-256: b5e58b00d97d3a86abd9c759e81992d460fcbfb627258e06e4a6adf09b1bf6cf
17:24:57     Ta posnetek je ze v bazi; vir=BT_STOCK, podjetje=3, cas posnetka=2026-08-31 11:05:00Z, uporabljenih=1389, v karanteni=0, RunId=9d047ae1-f437-4ea6-8ada-c87aaed01386. Zapisano ni bilo nic.
17:24:58     Prebranih zapisov: 1389; SHA-256: b5e58b00d97d3a86abd9c759e81992d460fcbfb627258e06e4a6adf09b1bf6cf
17:24:58     Ta posnetek je ze v bazi; vir=BT_STOCK, podjetje=4, cas posnetka=2026-08-31 11:05:00Z, uporabljenih=1389, v karanteni=0, RunId=2f8b0220-b477-4459-863d-13c2a74fbc34. Zapisano ni bilo nic.
17:24:58     konec: Zaloga BT_STOCK
17:24:58  == Zaloga iz SAOP (kolicine) ==
17:24:59     STDERR: [1] Razpored za SAOP_STOCK ni omogocen; podjetje je preskoceno.
17:24:59     STDERR: [2] Razpored za SAOP_STOCK ni omogocen; podjetje je preskoceno.
17:24:59     STDERR: [3] Razpored za SAOP_STOCK ni omogocen; podjetje je preskoceno.
17:24:59     STDERR: [4] Razpored za SAOP_STOCK ni omogocen; podjetje je preskoceno.
17:24:59     NAPAKA: worker workers\PIM.SaopStockWorker je koncal z izhodno kodo 1
17:24:59  Zalogovni cikel koncan; padlih korakov: 1.
17:29:47  == Zaloga NW_STOCK ==
17:29:48     [NW_STOCK] preskoceno: Razmik dobavitelja se tece; naslednji prenos po 2. 09. 2026 17:36.
17:29:48     Prevzem koncan: uspesno 0, neuspesno 0, skupaj virov 1.
17:29:49     Prebranih zapisov: 2763; SHA-256: ed71ea36f290a5fe9cd8cd21b07b42274bde5aa939934532e263122657fa0f91
17:29:49     Ta posnetek je ze v bazi; vir=NW_STOCK, podjetje=1, cas posnetka=2026-09-02 13:36:00Z, uporabljenih=2763, v karanteni=0, RunId=8a29bc2b-ef69-490b-b913-9a90a2293c5d. Zapisano ni bilo nic.
17:29:50     Prebranih zapisov: 2763; SHA-256: ed71ea36f290a5fe9cd8cd21b07b42274bde5aa939934532e263122657fa0f91
17:29:51     Ta posnetek je ze v bazi; vir=NW_STOCK, podjetje=2, cas posnetka=2026-09-02 13:36:00Z, uporabljenih=2763, v karanteni=0, RunId=8ac24dd6-e3c9-4210-a847-86dfd8defe89. Zapisano ni bilo nic.
17:29:51     Prebranih zapisov: 2763; SHA-256: ed71ea36f290a5fe9cd8cd21b07b42274bde5aa939934532e263122657fa0f91
17:29:52     Ta posnetek je ze v bazi; vir=NW_STOCK, podjetje=3, cas posnetka=2026-09-02 13:36:00Z, uporabljenih=2763, v karanteni=0, RunId=51b5001f-eff5-4051-8b07-5e6626dd9381. Zapisano ni bilo nic.
17:29:52     Prebranih zapisov: 2763; SHA-256: ed71ea36f290a5fe9cd8cd21b07b42274bde5aa939934532e263122657fa0f91
17:29:53     Ta posnetek je ze v bazi; vir=NW_STOCK, podjetje=4, cas posnetka=2026-09-02 13:36:00Z, uporabljenih=2763, v karanteni=0, RunId=dbd29346-63ec-45ce-a8a2-a14762de24a4. Zapisano ni bilo nic.
17:29:53     konec: Zaloga NW_STOCK
17:29:53  == Zaloga BT_STOCK ==
17:29:54     [BT_STOCK] preskoceno: Razmik dobavitelja se tece; naslednji prenos po 2. 09. 2026 18:36.
17:29:54     Prevzem koncan: uspesno 0, neuspesno 0, skupaj virov 1.
17:29:55     Prebranih zapisov: 1389; SHA-256: b5e58b00d97d3a86abd9c759e81992d460fcbfb627258e06e4a6adf09b1bf6cf
17:29:55     Ta posnetek je ze v bazi; vir=BT_STOCK, podjetje=1, cas posnetka=2026-08-31 11:05:00Z, uporabljenih=1389, v karanteni=0, RunId=1fe73126-89d2-4496-8230-03352ad46969. Zapisano ni bilo nic.
17:29:56     Prebranih zapisov: 1389; SHA-256: b5e58b00d97d3a86abd9c759e81992d460fcbfb627258e06e4a6adf09b1bf6cf
17:29:56     Ta posnetek je ze v bazi; vir=BT_STOCK, podjetje=2, cas posnetka=2026-08-31 11:05:00Z, uporabljenih=1389, v karanteni=0, RunId=f496222c-4285-46c1-9d57-a25b46ec24a9. Zapisano ni bilo nic.
17:29:57     Prebranih zapisov: 1389; SHA-256: b5e58b00d97d3a86abd9c759e81992d460fcbfb627258e06e4a6adf09b1bf6cf
17:29:57     Ta posnetek je ze v bazi; vir=BT_STOCK, podjetje=3, cas posnetka=2026-08-31 11:05:00Z, uporabljenih=1389, v karanteni=0, RunId=9d047ae1-f437-4ea6-8ada-c87aaed01386. Zapisano ni bilo nic.
17:29:58     Prebranih zapisov: 1389; SHA-256: b5e58b00d97d3a86abd9c759e81992d460fcbfb627258e06e4a6adf09b1bf6cf
17:29:58     Ta posnetek je ze v bazi; vir=BT_STOCK, podjetje=4, cas posnetka=2026-08-31 11:05:00Z, uporabljenih=1389, v karanteni=0, RunId=2f8b0220-b477-4459-863d-13c2a74fbc34. Zapisano ni bilo nic.
17:29:58     konec: Zaloga BT_STOCK
17:29:58  == Zaloga iz SAOP (kolicine) ==
17:30:00     STDERR: [1] Razpored za SAOP_STOCK ni omogocen; podjetje je preskoceno.
17:30:00     STDERR: [2] Razpored za SAOP_STOCK ni omogocen; podjetje je preskoceno.
17:30:00     STDERR: [3] Razpored za SAOP_STOCK ni omogocen; podjetje je preskoceno.
17:30:00     STDERR: [4] Razpored za SAOP_STOCK ni omogocen; podjetje je preskoceno.
17:30:00     NAPAKA: worker workers\PIM.SaopStockWorker je koncal z izhodno kodo 1
17:30:00  Zalogovni cikel koncan; padlih korakov: 1.
17:34:47  == Zaloga NW_STOCK ==
17:34:48     [NW_STOCK] preskoceno: Razmik dobavitelja se tece; naslednji prenos po 2. 09. 2026 17:36.
17:34:48     Prevzem koncan: uspesno 0, neuspesno 0, skupaj virov 1.
17:34:49     Prebranih zapisov: 2763; SHA-256: ed71ea36f290a5fe9cd8cd21b07b42274bde5aa939934532e263122657fa0f91
17:34:49     Ta posnetek je ze v bazi; vir=NW_STOCK, podjetje=1, cas posnetka=2026-09-02 13:36:00Z, uporabljenih=2763, v karanteni=0, RunId=8a29bc2b-ef69-490b-b913-9a90a2293c5d. Zapisano ni bilo nic.
17:34:50     Prebranih zapisov: 2763; SHA-256: ed71ea36f290a5fe9cd8cd21b07b42274bde5aa939934532e263122657fa0f91
17:34:51     Ta posnetek je ze v bazi; vir=NW_STOCK, podjetje=2, cas posnetka=2026-09-02 13:36:00Z, uporabljenih=2763, v karanteni=0, RunId=8ac24dd6-e3c9-4210-a847-86dfd8defe89. Zapisano ni bilo nic.
17:34:51     Prebranih zapisov: 2763; SHA-256: ed71ea36f290a5fe9cd8cd21b07b42274bde5aa939934532e263122657fa0f91
17:34:52     Ta posnetek je ze v bazi; vir=NW_STOCK, podjetje=3, cas posnetka=2026-09-02 13:36:00Z, uporabljenih=2763, v karanteni=0, RunId=51b5001f-eff5-4051-8b07-5e6626dd9381. Zapisano ni bilo nic.
17:34:52     Prebranih zapisov: 2763; SHA-256: ed71ea36f290a5fe9cd8cd21b07b42274bde5aa939934532e263122657fa0f91
17:34:53     Ta posnetek je ze v bazi; vir=NW_STOCK, podjetje=4, cas posnetka=2026-09-02 13:36:00Z, uporabljenih=2763, v karanteni=0, RunId=dbd29346-63ec-45ce-a8a2-a14762de24a4. Zapisano ni bilo nic.
17:34:53     konec: Zaloga NW_STOCK
17:34:53  == Zaloga BT_STOCK ==
17:34:54     [BT_STOCK] preskoceno: Razmik dobavitelja se tece; naslednji prenos po 2. 09. 2026 18:36.
17:34:54     Prevzem koncan: uspesno 0, neuspesno 0, skupaj virov 1.
17:34:55     Prebranih zapisov: 1389; SHA-256: b5e58b00d97d3a86abd9c759e81992d460fcbfb627258e06e4a6adf09b1bf6cf
17:34:55     Ta posnetek je ze v bazi; vir=BT_STOCK, podjetje=1, cas posnetka=2026-08-31 11:05:00Z, uporabljenih=1389, v karanteni=0, RunId=1fe73126-89d2-4496-8230-03352ad46969. Zapisano ni bilo nic.
17:34:56     Prebranih zapisov: 1389; SHA-256: b5e58b00d97d3a86abd9c759e81992d460fcbfb627258e06e4a6adf09b1bf6cf
17:34:56     Ta posnetek je ze v bazi; vir=BT_STOCK, podjetje=2, cas posnetka=2026-08-31 11:05:00Z, uporabljenih=1389, v karanteni=0, RunId=f496222c-4285-46c1-9d57-a25b46ec24a9. Zapisano ni bilo nic.
17:34:57     Prebranih zapisov: 1389; SHA-256: b5e58b00d97d3a86abd9c759e81992d460fcbfb627258e06e4a6adf09b1bf6cf
17:34:57     Ta posnetek je ze v bazi; vir=BT_STOCK, podjetje=3, cas posnetka=2026-08-31 11:05:00Z, uporabljenih=1389, v karanteni=0, RunId=9d047ae1-f437-4ea6-8ada-c87aaed01386. Zapisano ni bilo nic.
17:34:58     Prebranih zapisov: 1389; SHA-256: b5e58b00d97d3a86abd9c759e81992d460fcbfb627258e06e4a6adf09b1bf6cf
17:34:58     Ta posnetek je ze v bazi; vir=BT_STOCK, podjetje=4, cas posnetka=2026-08-31 11:05:00Z, uporabljenih=1389, v karanteni=0, RunId=2f8b0220-b477-4459-863d-13c2a74fbc34. Zapisano ni bilo nic.
17:34:58     konec: Zaloga BT_STOCK
17:34:58  == Zaloga iz SAOP (kolicine) ==
17:34:59     STDERR: [1] Razpored za SAOP_STOCK ni omogocen; podjetje je preskoceno.
17:34:59     STDERR: [2] Razpored za SAOP_STOCK ni omogocen; podjetje je preskoceno.
17:34:59     STDERR: [3] Razpored za SAOP_STOCK ni omogocen; podjetje je preskoceno.
17:34:59     STDERR: [4] Razpored za SAOP_STOCK ni omogocen; podjetje je preskoceno.
17:34:59     NAPAKA: worker workers\PIM.SaopStockWorker je koncal z izhodno kodo 1
17:34:59  Zalogovni cikel koncan; padlih korakov: 1.
17:39:48  == Zaloga NW_STOCK ==
17:39:50     [NW_STOCK] prevzeto 87.342 bajtov -> C:\Users\david\Desktop\PIM\NoviPIM\PIM_Solution\data\prevzem\NW_STOCK\nw-zaloga.csv
17:39:50     Prevzem koncan: uspesno 1, neuspesno 0, skupaj virov 1.
17:39:52     Prebranih zapisov: 2763; SHA-256: b0b5cf29a58dac9b3412a323c6452914d6da4b911f9fccccb0128040a0724a2b
17:39:54     Zaloga zapisana; vir=NW_STOCK, podjetje=1, uporabljenih=2763, v karanteni=0, RunId=13c647c5-ec08-4551-add5-c5051bd7324a.
17:39:55     Prebranih zapisov: 2763; SHA-256: b0b5cf29a58dac9b3412a323c6452914d6da4b911f9fccccb0128040a0724a2b
17:39:57     Zaloga zapisana; vir=NW_STOCK, podjetje=2, uporabljenih=2763, v karanteni=0, RunId=87d89fd9-58de-4436-bb57-2ceea29de223.
17:39:58     Prebranih zapisov: 2763; SHA-256: b0b5cf29a58dac9b3412a323c6452914d6da4b911f9fccccb0128040a0724a2b
17:40:00     Zaloga zapisana; vir=NW_STOCK, podjetje=3, uporabljenih=2763, v karanteni=0, RunId=6eedc623-58e5-47fc-8e28-6fd56e80d310.
17:40:00     Prebranih zapisov: 2763; SHA-256: b0b5cf29a58dac9b3412a323c6452914d6da4b911f9fccccb0128040a0724a2b
17:40:02     Zaloga zapisana; vir=NW_STOCK, podjetje=4, uporabljenih=2763, v karanteni=0, RunId=ce9ccbb1-e4c7-48f0-96fe-dae370f5b77f.
17:40:02     konec: Zaloga NW_STOCK
17:40:02  == Zaloga BT_STOCK ==
17:40:03     [BT_STOCK] preskoceno: Razmik dobavitelja se tece; naslednji prenos po 2. 09. 2026 18:36.
17:40:03     Prevzem koncan: uspesno 0, neuspesno 0, skupaj virov 1.
17:40:04     Prebranih zapisov: 1389; SHA-256: b5e58b00d97d3a86abd9c759e81992d460fcbfb627258e06e4a6adf09b1bf6cf
17:40:04     Ta posnetek je ze v bazi; vir=BT_STOCK, podjetje=1, cas posnetka=2026-08-31 11:05:00Z, uporabljenih=1389, v karanteni=0, RunId=1fe73126-89d2-4496-8230-03352ad46969. Zapisano ni bilo nic.
17:40:05     Prebranih zapisov: 1389; SHA-256: b5e58b00d97d3a86abd9c759e81992d460fcbfb627258e06e4a6adf09b1bf6cf
17:40:06     Ta posnetek je ze v bazi; vir=BT_STOCK, podjetje=2, cas posnetka=2026-08-31 11:05:00Z, uporabljenih=1389, v karanteni=0, RunId=f496222c-4285-46c1-9d57-a25b46ec24a9. Zapisano ni bilo nic.
17:40:06     Prebranih zapisov: 1389; SHA-256: b5e58b00d97d3a86abd9c759e81992d460fcbfb627258e06e4a6adf09b1bf6cf
17:40:07     Ta posnetek je ze v bazi; vir=BT_STOCK, podjetje=3, cas posnetka=2026-08-31 11:05:00Z, uporabljenih=1389, v karanteni=0, RunId=9d047ae1-f437-4ea6-8ada-c87aaed01386. Zapisano ni bilo nic.
17:40:08     Prebranih zapisov: 1389; SHA-256: b5e58b00d97d3a86abd9c759e81992d460fcbfb627258e06e4a6adf09b1bf6cf
17:40:08     Ta posnetek je ze v bazi; vir=BT_STOCK, podjetje=4, cas posnetka=2026-08-31 11:05:00Z, uporabljenih=1389, v karanteni=0, RunId=2f8b0220-b477-4459-863d-13c2a74fbc34. Zapisano ni bilo nic.
17:40:08     konec: Zaloga BT_STOCK
17:40:08  == Zaloga iz SAOP (kolicine) ==
17:40:09     STDERR: [1] Razpored za SAOP_STOCK ni omogocen; podjetje je preskoceno.
17:40:09     STDERR: [2] Razpored za SAOP_STOCK ni omogocen; podjetje je preskoceno.
17:40:09     STDERR: [3] Razpored za SAOP_STOCK ni omogocen; podjetje je preskoceno.
17:40:09     STDERR: [4] Razpored za SAOP_STOCK ni omogocen; podjetje je preskoceno.
17:40:09     NAPAKA: worker workers\PIM.SaopStockWorker je koncal z izhodno kodo 1
17:40:09  Zalogovni cikel koncan; padlih korakov: 1.
17:44:47  == Zaloga NW_STOCK ==
17:44:48     [NW_STOCK] preskoceno: Razmik dobavitelja se tece; naslednji prenos po 2. 09. 2026 19:39.
17:44:48     Prevzem koncan: uspesno 0, neuspesno 0, skupaj virov 1.
17:44:49     Prebranih zapisov: 2763; SHA-256: b0b5cf29a58dac9b3412a323c6452914d6da4b911f9fccccb0128040a0724a2b
17:44:49     Ta posnetek je ze v bazi; vir=NW_STOCK, podjetje=1, cas posnetka=2026-09-02 15:39:50Z, uporabljenih=2763, v karanteni=0, RunId=13c647c5-ec08-4551-add5-c5051bd7324a. Zapisano ni bilo nic.
17:44:50     Prebranih zapisov: 2763; SHA-256: b0b5cf29a58dac9b3412a323c6452914d6da4b911f9fccccb0128040a0724a2b
17:44:51     Ta posnetek je ze v bazi; vir=NW_STOCK, podjetje=2, cas posnetka=2026-09-02 15:39:50Z, uporabljenih=2763, v karanteni=0, RunId=87d89fd9-58de-4436-bb57-2ceea29de223. Zapisano ni bilo nic.
17:44:51     Prebranih zapisov: 2763; SHA-256: b0b5cf29a58dac9b3412a323c6452914d6da4b911f9fccccb0128040a0724a2b
17:44:52     Ta posnetek je ze v bazi; vir=NW_STOCK, podjetje=3, cas posnetka=2026-09-02 15:39:50Z, uporabljenih=2763, v karanteni=0, RunId=6eedc623-58e5-47fc-8e28-6fd56e80d310. Zapisano ni bilo nic.
17:44:53     Prebranih zapisov: 2763; SHA-256: b0b5cf29a58dac9b3412a323c6452914d6da4b911f9fccccb0128040a0724a2b
17:44:53     Ta posnetek je ze v bazi; vir=NW_STOCK, podjetje=4, cas posnetka=2026-09-02 15:39:50Z, uporabljenih=2763, v karanteni=0, RunId=ce9ccbb1-e4c7-48f0-96fe-dae370f5b77f. Zapisano ni bilo nic.
17:44:53     konec: Zaloga NW_STOCK
17:44:53  == Zaloga BT_STOCK ==
17:44:54     [BT_STOCK] preskoceno: Razmik dobavitelja se tece; naslednji prenos po 2. 09. 2026 18:36.
17:44:54     Prevzem koncan: uspesno 0, neuspesno 0, skupaj virov 1.
17:44:55     Prebranih zapisov: 1389; SHA-256: b5e58b00d97d3a86abd9c759e81992d460fcbfb627258e06e4a6adf09b1bf6cf
17:44:55     Ta posnetek je ze v bazi; vir=BT_STOCK, podjetje=1, cas posnetka=2026-08-31 11:05:00Z, uporabljenih=1389, v karanteni=0, RunId=1fe73126-89d2-4496-8230-03352ad46969. Zapisano ni bilo nic.
17:44:56     Prebranih zapisov: 1389; SHA-256: b5e58b00d97d3a86abd9c759e81992d460fcbfb627258e06e4a6adf09b1bf6cf
17:44:56     Ta posnetek je ze v bazi; vir=BT_STOCK, podjetje=2, cas posnetka=2026-08-31 11:05:00Z, uporabljenih=1389, v karanteni=0, RunId=f496222c-4285-46c1-9d57-a25b46ec24a9. Zapisano ni bilo nic.
17:44:57     Prebranih zapisov: 1389; SHA-256: b5e58b00d97d3a86abd9c759e81992d460fcbfb627258e06e4a6adf09b1bf6cf
17:44:57     Ta posnetek je ze v bazi; vir=BT_STOCK, podjetje=3, cas posnetka=2026-08-31 11:05:00Z, uporabljenih=1389, v karanteni=0, RunId=9d047ae1-f437-4ea6-8ada-c87aaed01386. Zapisano ni bilo nic.
17:44:58     Prebranih zapisov: 1389; SHA-256: b5e58b00d97d3a86abd9c759e81992d460fcbfb627258e06e4a6adf09b1bf6cf
17:44:59     Ta posnetek je ze v bazi; vir=BT_STOCK, podjetje=4, cas posnetka=2026-08-31 11:05:00Z, uporabljenih=1389, v karanteni=0, RunId=2f8b0220-b477-4459-863d-13c2a74fbc34. Zapisano ni bilo nic.
17:44:59     konec: Zaloga BT_STOCK
17:44:59  == Zaloga iz SAOP (kolicine) ==
17:45:00     STDERR: [1] Razpored za SAOP_STOCK ni omogocen; podjetje je preskoceno.
17:45:00     STDERR: [2] Razpored za SAOP_STOCK ni omogocen; podjetje je preskoceno.
17:45:00     STDERR: [3] Razpored za SAOP_STOCK ni omogocen; podjetje je preskoceno.
17:45:00     STDERR: [4] Razpored za SAOP_STOCK ni omogocen; podjetje je preskoceno.
17:45:00     NAPAKA: worker workers\PIM.SaopStockWorker je koncal z izhodno kodo 1
17:45:00  Zalogovni cikel koncan; padlih korakov: 1.
17:49:47  == Zaloga NW_STOCK ==
17:49:48     [NW_STOCK] preskoceno: Razmik dobavitelja se tece; naslednji prenos po 2. 09. 2026 19:39.
17:49:48     Prevzem koncan: uspesno 0, neuspesno 0, skupaj virov 1.
17:49:49     Prebranih zapisov: 2763; SHA-256: b0b5cf29a58dac9b3412a323c6452914d6da4b911f9fccccb0128040a0724a2b
17:49:49     Ta posnetek je ze v bazi; vir=NW_STOCK, podjetje=1, cas posnetka=2026-09-02 15:39:50Z, uporabljenih=2763, v karanteni=0, RunId=13c647c5-ec08-4551-add5-c5051bd7324a. Zapisano ni bilo nic.
17:49:50     Prebranih zapisov: 2763; SHA-256: b0b5cf29a58dac9b3412a323c6452914d6da4b911f9fccccb0128040a0724a2b
17:49:51     Ta posnetek je ze v bazi; vir=NW_STOCK, podjetje=2, cas posnetka=2026-09-02 15:39:50Z, uporabljenih=2763, v karanteni=0, RunId=87d89fd9-58de-4436-bb57-2ceea29de223. Zapisano ni bilo nic.
17:49:51     Prebranih zapisov: 2763; SHA-256: b0b5cf29a58dac9b3412a323c6452914d6da4b911f9fccccb0128040a0724a2b
17:49:52     Ta posnetek je ze v bazi; vir=NW_STOCK, podjetje=3, cas posnetka=2026-09-02 15:39:50Z, uporabljenih=2763, v karanteni=0, RunId=6eedc623-58e5-47fc-8e28-6fd56e80d310. Zapisano ni bilo nic.
17:49:52     Prebranih zapisov: 2763; SHA-256: b0b5cf29a58dac9b3412a323c6452914d6da4b911f9fccccb0128040a0724a2b
17:49:53     Ta posnetek je ze v bazi; vir=NW_STOCK, podjetje=4, cas posnetka=2026-09-02 15:39:50Z, uporabljenih=2763, v karanteni=0, RunId=ce9ccbb1-e4c7-48f0-96fe-dae370f5b77f. Zapisano ni bilo nic.
17:49:53     konec: Zaloga NW_STOCK
17:49:53  == Zaloga BT_STOCK ==
17:49:54     [BT_STOCK] preskoceno: Razmik dobavitelja se tece; naslednji prenos po 2. 09. 2026 18:36.
17:49:54     Prevzem koncan: uspesno 0, neuspesno 0, skupaj virov 1.
17:49:55     Prebranih zapisov: 1389; SHA-256: b5e58b00d97d3a86abd9c759e81992d460fcbfb627258e06e4a6adf09b1bf6cf
17:49:55     Ta posnetek je ze v bazi; vir=BT_STOCK, podjetje=1, cas posnetka=2026-08-31 11:05:00Z, uporabljenih=1389, v karanteni=0, RunId=1fe73126-89d2-4496-8230-03352ad46969. Zapisano ni bilo nic.
17:49:56     Prebranih zapisov: 1389; SHA-256: b5e58b00d97d3a86abd9c759e81992d460fcbfb627258e06e4a6adf09b1bf6cf
17:49:56     Ta posnetek je ze v bazi; vir=BT_STOCK, podjetje=2, cas posnetka=2026-08-31 11:05:00Z, uporabljenih=1389, v karanteni=0, RunId=f496222c-4285-46c1-9d57-a25b46ec24a9. Zapisano ni bilo nic.
17:49:57     Prebranih zapisov: 1389; SHA-256: b5e58b00d97d3a86abd9c759e81992d460fcbfb627258e06e4a6adf09b1bf6cf
17:49:57     Ta posnetek je ze v bazi; vir=BT_STOCK, podjetje=3, cas posnetka=2026-08-31 11:05:00Z, uporabljenih=1389, v karanteni=0, RunId=9d047ae1-f437-4ea6-8ada-c87aaed01386. Zapisano ni bilo nic.
17:49:58     Prebranih zapisov: 1389; SHA-256: b5e58b00d97d3a86abd9c759e81992d460fcbfb627258e06e4a6adf09b1bf6cf
17:49:58     Ta posnetek je ze v bazi; vir=BT_STOCK, podjetje=4, cas posnetka=2026-08-31 11:05:00Z, uporabljenih=1389, v karanteni=0, RunId=2f8b0220-b477-4459-863d-13c2a74fbc34. Zapisano ni bilo nic.
17:49:58     konec: Zaloga BT_STOCK
17:49:58  == Zaloga iz SAOP (kolicine) ==
17:49:59     STDERR: [1] Razpored za SAOP_STOCK ni omogocen; podjetje je preskoceno.
17:49:59     STDERR: [2] Razpored za SAOP_STOCK ni omogocen; podjetje je preskoceno.
17:49:59     STDERR: [3] Razpored za SAOP_STOCK ni omogocen; podjetje je preskoceno.
17:49:59     STDERR: [4] Razpored za SAOP_STOCK ni omogocen; podjetje je preskoceno.
17:49:59     NAPAKA: worker workers\PIM.SaopStockWorker je koncal z izhodno kodo 1
17:49:59  Zalogovni cikel koncan; padlih korakov: 1.
17:54:47  == Zaloga NW_STOCK ==
17:54:48     [NW_STOCK] preskoceno: Razmik dobavitelja se tece; naslednji prenos po 2. 09. 2026 19:39.
17:54:48     Prevzem koncan: uspesno 0, neuspesno 0, skupaj virov 1.
17:54:49     Prebranih zapisov: 2763; SHA-256: b0b5cf29a58dac9b3412a323c6452914d6da4b911f9fccccb0128040a0724a2b
17:54:49     Ta posnetek je ze v bazi; vir=NW_STOCK, podjetje=1, cas posnetka=2026-09-02 15:39:50Z, uporabljenih=2763, v karanteni=0, RunId=13c647c5-ec08-4551-add5-c5051bd7324a. Zapisano ni bilo nic.
17:54:50     Prebranih zapisov: 2763; SHA-256: b0b5cf29a58dac9b3412a323c6452914d6da4b911f9fccccb0128040a0724a2b
17:54:50     Ta posnetek je ze v bazi; vir=NW_STOCK, podjetje=2, cas posnetka=2026-09-02 15:39:50Z, uporabljenih=2763, v karanteni=0, RunId=87d89fd9-58de-4436-bb57-2ceea29de223. Zapisano ni bilo nic.
17:54:51     Prebranih zapisov: 2763; SHA-256: b0b5cf29a58dac9b3412a323c6452914d6da4b911f9fccccb0128040a0724a2b
17:54:51     Ta posnetek je ze v bazi; vir=NW_STOCK, podjetje=3, cas posnetka=2026-09-02 15:39:50Z, uporabljenih=2763, v karanteni=0, RunId=6eedc623-58e5-47fc-8e28-6fd56e80d310. Zapisano ni bilo nic.
17:54:52     Prebranih zapisov: 2763; SHA-256: b0b5cf29a58dac9b3412a323c6452914d6da4b911f9fccccb0128040a0724a2b
17:54:52     Ta posnetek je ze v bazi; vir=NW_STOCK, podjetje=4, cas posnetka=2026-09-02 15:39:50Z, uporabljenih=2763, v karanteni=0, RunId=ce9ccbb1-e4c7-48f0-96fe-dae370f5b77f. Zapisano ni bilo nic.
17:54:52     konec: Zaloga NW_STOCK
17:54:52  == Zaloga BT_STOCK ==
17:54:53     [BT_STOCK] preskoceno: Razmik dobavitelja se tece; naslednji prenos po 2. 09. 2026 18:36.
17:54:53     Prevzem koncan: uspesno 0, neuspesno 0, skupaj virov 1.
17:54:54     Prebranih zapisov: 1389; SHA-256: b5e58b00d97d3a86abd9c759e81992d460fcbfb627258e06e4a6adf09b1bf6cf
17:54:54     Ta posnetek je ze v bazi; vir=BT_STOCK, podjetje=1, cas posnetka=2026-08-31 11:05:00Z, uporabljenih=1389, v karanteni=0, RunId=1fe73126-89d2-4496-8230-03352ad46969. Zapisano ni bilo nic.
17:54:55     Prebranih zapisov: 1389; SHA-256: b5e58b00d97d3a86abd9c759e81992d460fcbfb627258e06e4a6adf09b1bf6cf
17:54:55     Ta posnetek je ze v bazi; vir=BT_STOCK, podjetje=2, cas posnetka=2026-08-31 11:05:00Z, uporabljenih=1389, v karanteni=0, RunId=f496222c-4285-46c1-9d57-a25b46ec24a9. Zapisano ni bilo nic.
17:54:56     Prebranih zapisov: 1389; SHA-256: b5e58b00d97d3a86abd9c759e81992d460fcbfb627258e06e4a6adf09b1bf6cf
17:54:56     Ta posnetek je ze v bazi; vir=BT_STOCK, podjetje=3, cas posnetka=2026-08-31 11:05:00Z, uporabljenih=1389, v karanteni=0, RunId=9d047ae1-f437-4ea6-8ada-c87aaed01386. Zapisano ni bilo nic.
17:54:57     Prebranih zapisov: 1389; SHA-256: b5e58b00d97d3a86abd9c759e81992d460fcbfb627258e06e4a6adf09b1bf6cf
17:54:57     Ta posnetek je ze v bazi; vir=BT_STOCK, podjetje=4, cas posnetka=2026-08-31 11:05:00Z, uporabljenih=1389, v karanteni=0, RunId=2f8b0220-b477-4459-863d-13c2a74fbc34. Zapisano ni bilo nic.
17:54:58     konec: Zaloga BT_STOCK
17:54:58  == Zaloga iz SAOP (kolicine) ==
17:54:58     STDERR: [1] Razpored za SAOP_STOCK ni omogocen; podjetje je preskoceno.
17:54:58     STDERR: [2] Razpored za SAOP_STOCK ni omogocen; podjetje je preskoceno.
17:54:58     STDERR: [3] Razpored za SAOP_STOCK ni omogocen; podjetje je preskoceno.
17:54:59     STDERR: [4] Razpored za SAOP_STOCK ni omogocen; podjetje je preskoceno.
17:54:59     NAPAKA: worker workers\PIM.SaopStockWorker je koncal z izhodno kodo 1
17:54:59  Zalogovni cikel koncan; padlih korakov: 1.
17:59:47  == Zaloga NW_STOCK ==
17:59:48     [NW_STOCK] preskoceno: Razmik dobavitelja se tece; naslednji prenos po 2. 09. 2026 19:39.
17:59:48     Prevzem koncan: uspesno 0, neuspesno 0, skupaj virov 1.
17:59:49     Prebranih zapisov: 2763; SHA-256: b0b5cf29a58dac9b3412a323c6452914d6da4b911f9fccccb0128040a0724a2b
17:59:49     Ta posnetek je ze v bazi; vir=NW_STOCK, podjetje=1, cas posnetka=2026-09-02 15:39:50Z, uporabljenih=2763, v karanteni=0, RunId=13c647c5-ec08-4551-add5-c5051bd7324a. Zapisano ni bilo nic.
17:59:50     Prebranih zapisov: 2763; SHA-256: b0b5cf29a58dac9b3412a323c6452914d6da4b911f9fccccb0128040a0724a2b
17:59:50     Ta posnetek je ze v bazi; vir=NW_STOCK, podjetje=2, cas posnetka=2026-09-02 15:39:50Z, uporabljenih=2763, v karanteni=0, RunId=87d89fd9-58de-4436-bb57-2ceea29de223. Zapisano ni bilo nic.
17:59:51     Prebranih zapisov: 2763; SHA-256: b0b5cf29a58dac9b3412a323c6452914d6da4b911f9fccccb0128040a0724a2b
17:59:51     Ta posnetek je ze v bazi; vir=NW_STOCK, podjetje=3, cas posnetka=2026-09-02 15:39:50Z, uporabljenih=2763, v karanteni=0, RunId=6eedc623-58e5-47fc-8e28-6fd56e80d310. Zapisano ni bilo nic.
17:59:52     Prebranih zapisov: 2763; SHA-256: b0b5cf29a58dac9b3412a323c6452914d6da4b911f9fccccb0128040a0724a2b
17:59:52     Ta posnetek je ze v bazi; vir=NW_STOCK, podjetje=4, cas posnetka=2026-09-02 15:39:50Z, uporabljenih=2763, v karanteni=0, RunId=ce9ccbb1-e4c7-48f0-96fe-dae370f5b77f. Zapisano ni bilo nic.
17:59:52     konec: Zaloga NW_STOCK
17:59:52  == Zaloga BT_STOCK ==
17:59:53     [BT_STOCK] preskoceno: Razmik dobavitelja se tece; naslednji prenos po 2. 09. 2026 18:36.
17:59:53     Prevzem koncan: uspesno 0, neuspesno 0, skupaj virov 1.
17:59:54     Prebranih zapisov: 1389; SHA-256: b5e58b00d97d3a86abd9c759e81992d460fcbfb627258e06e4a6adf09b1bf6cf
17:59:54     Ta posnetek je ze v bazi; vir=BT_STOCK, podjetje=1, cas posnetka=2026-08-31 11:05:00Z, uporabljenih=1389, v karanteni=0, RunId=1fe73126-89d2-4496-8230-03352ad46969. Zapisano ni bilo nic.
17:59:55     Prebranih zapisov: 1389; SHA-256: b5e58b00d97d3a86abd9c759e81992d460fcbfb627258e06e4a6adf09b1bf6cf
17:59:55     Ta posnetek je ze v bazi; vir=BT_STOCK, podjetje=2, cas posnetka=2026-08-31 11:05:00Z, uporabljenih=1389, v karanteni=0, RunId=f496222c-4285-46c1-9d57-a25b46ec24a9. Zapisano ni bilo nic.
17:59:56     Prebranih zapisov: 1389; SHA-256: b5e58b00d97d3a86abd9c759e81992d460fcbfb627258e06e4a6adf09b1bf6cf
17:59:56     Ta posnetek je ze v bazi; vir=BT_STOCK, podjetje=3, cas posnetka=2026-08-31 11:05:00Z, uporabljenih=1389, v karanteni=0, RunId=9d047ae1-f437-4ea6-8ada-c87aaed01386. Zapisano ni bilo nic.
17:59:57     Prebranih zapisov: 1389; SHA-256: b5e58b00d97d3a86abd9c759e81992d460fcbfb627258e06e4a6adf09b1bf6cf
17:59:58     Ta posnetek je ze v bazi; vir=BT_STOCK, podjetje=4, cas posnetka=2026-08-31 11:05:00Z, uporabljenih=1389, v karanteni=0, RunId=2f8b0220-b477-4459-863d-13c2a74fbc34. Zapisano ni bilo nic.
17:59:58     konec: Zaloga BT_STOCK
17:59:58  == Zaloga iz SAOP (kolicine) ==
17:59:59     STDERR: [1] Razpored za SAOP_STOCK ni omogocen; podjetje je preskoceno.
17:59:59     STDERR: [2] Razpored za SAOP_STOCK ni omogocen; podjetje je preskoceno.
17:59:59     STDERR: [3] Razpored za SAOP_STOCK ni omogocen; podjetje je preskoceno.
17:59:59     STDERR: [4] Razpored za SAOP_STOCK ni omogocen; podjetje je preskoceno.
17:59:59     NAPAKA: worker workers\PIM.SaopStockWorker je koncal z izhodno kodo 1
17:59:59  Zalogovni cikel koncan; padlih korakov: 1.
18:04:47  == Zaloga NW_STOCK ==
18:04:48     [NW_STOCK] preskoceno: Razmik dobavitelja se tece; naslednji prenos po 2. 09. 2026 19:39.
18:04:48     Prevzem koncan: uspesno 0, neuspesno 0, skupaj virov 1.
18:04:49     Prebranih zapisov: 2763; SHA-256: b0b5cf29a58dac9b3412a323c6452914d6da4b911f9fccccb0128040a0724a2b
18:04:49     Ta posnetek je ze v bazi; vir=NW_STOCK, podjetje=1, cas posnetka=2026-09-02 15:39:50Z, uporabljenih=2763, v karanteni=0, RunId=13c647c5-ec08-4551-add5-c5051bd7324a. Zapisano ni bilo nic.
18:04:50     Prebranih zapisov: 2763; SHA-256: b0b5cf29a58dac9b3412a323c6452914d6da4b911f9fccccb0128040a0724a2b
18:04:50     Ta posnetek je ze v bazi; vir=NW_STOCK, podjetje=2, cas posnetka=2026-09-02 15:39:50Z, uporabljenih=2763, v karanteni=0, RunId=87d89fd9-58de-4436-bb57-2ceea29de223. Zapisano ni bilo nic.
18:04:51     Prebranih zapisov: 2763; SHA-256: b0b5cf29a58dac9b3412a323c6452914d6da4b911f9fccccb0128040a0724a2b
18:04:51     Ta posnetek je ze v bazi; vir=NW_STOCK, podjetje=3, cas posnetka=2026-09-02 15:39:50Z, uporabljenih=2763, v karanteni=0, RunId=6eedc623-58e5-47fc-8e28-6fd56e80d310. Zapisano ni bilo nic.
18:04:52     Prebranih zapisov: 2763; SHA-256: b0b5cf29a58dac9b3412a323c6452914d6da4b911f9fccccb0128040a0724a2b
18:04:52     Ta posnetek je ze v bazi; vir=NW_STOCK, podjetje=4, cas posnetka=2026-09-02 15:39:50Z, uporabljenih=2763, v karanteni=0, RunId=ce9ccbb1-e4c7-48f0-96fe-dae370f5b77f. Zapisano ni bilo nic.
18:04:52     konec: Zaloga NW_STOCK
18:04:52  == Zaloga BT_STOCK ==
18:04:53     [BT_STOCK] preskoceno: Razmik dobavitelja se tece; naslednji prenos po 2. 09. 2026 18:36.
18:04:53     Prevzem koncan: uspesno 0, neuspesno 0, skupaj virov 1.
18:04:54     Prebranih zapisov: 1389; SHA-256: b5e58b00d97d3a86abd9c759e81992d460fcbfb627258e06e4a6adf09b1bf6cf
18:04:54     Ta posnetek je ze v bazi; vir=BT_STOCK, podjetje=1, cas posnetka=2026-08-31 11:05:00Z, uporabljenih=1389, v karanteni=0, RunId=1fe73126-89d2-4496-8230-03352ad46969. Zapisano ni bilo nic.
18:04:55     Prebranih zapisov: 1389; SHA-256: b5e58b00d97d3a86abd9c759e81992d460fcbfb627258e06e4a6adf09b1bf6cf
18:04:55     Ta posnetek je ze v bazi; vir=BT_STOCK, podjetje=2, cas posnetka=2026-08-31 11:05:00Z, uporabljenih=1389, v karanteni=0, RunId=f496222c-4285-46c1-9d57-a25b46ec24a9. Zapisano ni bilo nic.
18:04:56     Prebranih zapisov: 1389; SHA-256: b5e58b00d97d3a86abd9c759e81992d460fcbfb627258e06e4a6adf09b1bf6cf
18:04:57     Ta posnetek je ze v bazi; vir=BT_STOCK, podjetje=3, cas posnetka=2026-08-31 11:05:00Z, uporabljenih=1389, v karanteni=0, RunId=9d047ae1-f437-4ea6-8ada-c87aaed01386. Zapisano ni bilo nic.
18:04:57     Prebranih zapisov: 1389; SHA-256: b5e58b00d97d3a86abd9c759e81992d460fcbfb627258e06e4a6adf09b1bf6cf
18:04:58     Ta posnetek je ze v bazi; vir=BT_STOCK, podjetje=4, cas posnetka=2026-08-31 11:05:00Z, uporabljenih=1389, v karanteni=0, RunId=2f8b0220-b477-4459-863d-13c2a74fbc34. Zapisano ni bilo nic.
18:04:58     konec: Zaloga BT_STOCK
18:04:58  == Zaloga iz SAOP (kolicine) ==
18:04:59     STDERR: [1] Razpored za SAOP_STOCK ni omogocen; podjetje je preskoceno.
18:04:59     STDERR: [2] Razpored za SAOP_STOCK ni omogocen; podjetje je preskoceno.
18:04:59     STDERR: [3] Razpored za SAOP_STOCK ni omogocen; podjetje je preskoceno.
18:04:59     STDERR: [4] Razpored za SAOP_STOCK ni omogocen; podjetje je preskoceno.
18:04:59     NAPAKA: worker workers\PIM.SaopStockWorker je koncal z izhodno kodo 1
18:04:59  Zalogovni cikel koncan; padlih korakov: 1.
18:09:47  == Zaloga NW_STOCK ==
18:09:48     [NW_STOCK] preskoceno: Razmik dobavitelja se tece; naslednji prenos po 2. 09. 2026 19:39.
18:09:48     Prevzem koncan: uspesno 0, neuspesno 0, skupaj virov 1.
18:09:49     Prebranih zapisov: 2763; SHA-256: b0b5cf29a58dac9b3412a323c6452914d6da4b911f9fccccb0128040a0724a2b
18:09:49     Ta posnetek je ze v bazi; vir=NW_STOCK, podjetje=1, cas posnetka=2026-09-02 15:39:50Z, uporabljenih=2763, v karanteni=0, RunId=13c647c5-ec08-4551-add5-c5051bd7324a. Zapisano ni bilo nic.
18:09:50     Prebranih zapisov: 2763; SHA-256: b0b5cf29a58dac9b3412a323c6452914d6da4b911f9fccccb0128040a0724a2b
18:09:50     Ta posnetek je ze v bazi; vir=NW_STOCK, podjetje=2, cas posnetka=2026-09-02 15:39:50Z, uporabljenih=2763, v karanteni=0, RunId=87d89fd9-58de-4436-bb57-2ceea29de223. Zapisano ni bilo nic.
18:09:51     Prebranih zapisov: 2763; SHA-256: b0b5cf29a58dac9b3412a323c6452914d6da4b911f9fccccb0128040a0724a2b
18:09:51     Ta posnetek je ze v bazi; vir=NW_STOCK, podjetje=3, cas posnetka=2026-09-02 15:39:50Z, uporabljenih=2763, v karanteni=0, RunId=6eedc623-58e5-47fc-8e28-6fd56e80d310. Zapisano ni bilo nic.
18:09:52     Prebranih zapisov: 2763; SHA-256: b0b5cf29a58dac9b3412a323c6452914d6da4b911f9fccccb0128040a0724a2b
18:09:52     Ta posnetek je ze v bazi; vir=NW_STOCK, podjetje=4, cas posnetka=2026-09-02 15:39:50Z, uporabljenih=2763, v karanteni=0, RunId=ce9ccbb1-e4c7-48f0-96fe-dae370f5b77f. Zapisano ni bilo nic.
18:09:52     konec: Zaloga NW_STOCK
18:09:52  == Zaloga BT_STOCK ==
18:09:53     [BT_STOCK] preskoceno: Razmik dobavitelja se tece; naslednji prenos po 2. 09. 2026 18:36.
18:09:53     Prevzem koncan: uspesno 0, neuspesno 0, skupaj virov 1.
18:09:54     Prebranih zapisov: 1389; SHA-256: b5e58b00d97d3a86abd9c759e81992d460fcbfb627258e06e4a6adf09b1bf6cf
18:09:54     Ta posnetek je ze v bazi; vir=BT_STOCK, podjetje=1, cas posnetka=2026-08-31 11:05:00Z, uporabljenih=1389, v karanteni=0, RunId=1fe73126-89d2-4496-8230-03352ad46969. Zapisano ni bilo nic.
18:09:55     Prebranih zapisov: 1389; SHA-256: b5e58b00d97d3a86abd9c759e81992d460fcbfb627258e06e4a6adf09b1bf6cf
18:09:55     Ta posnetek je ze v bazi; vir=BT_STOCK, podjetje=2, cas posnetka=2026-08-31 11:05:00Z, uporabljenih=1389, v karanteni=0, RunId=f496222c-4285-46c1-9d57-a25b46ec24a9. Zapisano ni bilo nic.
18:09:56     Prebranih zapisov: 1389; SHA-256: b5e58b00d97d3a86abd9c759e81992d460fcbfb627258e06e4a6adf09b1bf6cf
18:09:56     Ta posnetek je ze v bazi; vir=BT_STOCK, podjetje=3, cas posnetka=2026-08-31 11:05:00Z, uporabljenih=1389, v karanteni=0, RunId=9d047ae1-f437-4ea6-8ada-c87aaed01386. Zapisano ni bilo nic.
18:09:57     Prebranih zapisov: 1389; SHA-256: b5e58b00d97d3a86abd9c759e81992d460fcbfb627258e06e4a6adf09b1bf6cf
18:09:57     Ta posnetek je ze v bazi; vir=BT_STOCK, podjetje=4, cas posnetka=2026-08-31 11:05:00Z, uporabljenih=1389, v karanteni=0, RunId=2f8b0220-b477-4459-863d-13c2a74fbc34. Zapisano ni bilo nic.
18:09:58     konec: Zaloga BT_STOCK
18:09:58  == Zaloga iz SAOP (kolicine) ==
18:09:59     STDERR: [1] Razpored za SAOP_STOCK ni omogocen; podjetje je preskoceno.
18:09:59     STDERR: [2] Razpored za SAOP_STOCK ni omogocen; podjetje je preskoceno.
18:09:59     STDERR: [3] Razpored za SAOP_STOCK ni omogocen; podjetje je preskoceno.
18:09:59     STDERR: [4] Razpored za SAOP_STOCK ni omogocen; podjetje je preskoceno.
18:09:59     NAPAKA: worker workers\PIM.SaopStockWorker je koncal z izhodno kodo 1
18:09:59  Zalogovni cikel koncan; padlih korakov: 1.
18:14:47  == Zaloga NW_STOCK ==
18:14:48     [NW_STOCK] preskoceno: Razmik dobavitelja se tece; naslednji prenos po 2. 09. 2026 19:39.
18:14:48     Prevzem koncan: uspesno 0, neuspesno 0, skupaj virov 1.
18:14:49     Prebranih zapisov: 2763; SHA-256: b0b5cf29a58dac9b3412a323c6452914d6da4b911f9fccccb0128040a0724a2b
18:14:49     Ta posnetek je ze v bazi; vir=NW_STOCK, podjetje=1, cas posnetka=2026-09-02 15:39:50Z, uporabljenih=2763, v karanteni=0, RunId=13c647c5-ec08-4551-add5-c5051bd7324a. Zapisano ni bilo nic.
18:14:50     Prebranih zapisov: 2763; SHA-256: b0b5cf29a58dac9b3412a323c6452914d6da4b911f9fccccb0128040a0724a2b
18:14:50     Ta posnetek je ze v bazi; vir=NW_STOCK, podjetje=2, cas posnetka=2026-09-02 15:39:50Z, uporabljenih=2763, v karanteni=0, RunId=87d89fd9-58de-4436-bb57-2ceea29de223. Zapisano ni bilo nic.
18:14:51     Prebranih zapisov: 2763; SHA-256: b0b5cf29a58dac9b3412a323c6452914d6da4b911f9fccccb0128040a0724a2b
18:14:51     Ta posnetek je ze v bazi; vir=NW_STOCK, podjetje=3, cas posnetka=2026-09-02 15:39:50Z, uporabljenih=2763, v karanteni=0, RunId=6eedc623-58e5-47fc-8e28-6fd56e80d310. Zapisano ni bilo nic.
18:14:52     Prebranih zapisov: 2763; SHA-256: b0b5cf29a58dac9b3412a323c6452914d6da4b911f9fccccb0128040a0724a2b
18:14:52     Ta posnetek je ze v bazi; vir=NW_STOCK, podjetje=4, cas posnetka=2026-09-02 15:39:50Z, uporabljenih=2763, v karanteni=0, RunId=ce9ccbb1-e4c7-48f0-96fe-dae370f5b77f. Zapisano ni bilo nic.
18:14:52     konec: Zaloga NW_STOCK
18:14:52  == Zaloga BT_STOCK ==
18:14:53     [BT_STOCK] preskoceno: Razmik dobavitelja se tece; naslednji prenos po 2. 09. 2026 18:36.
18:14:53     Prevzem koncan: uspesno 0, neuspesno 0, skupaj virov 1.
18:14:54     Prebranih zapisov: 1389; SHA-256: b5e58b00d97d3a86abd9c759e81992d460fcbfb627258e06e4a6adf09b1bf6cf
18:14:54     Ta posnetek je ze v bazi; vir=BT_STOCK, podjetje=1, cas posnetka=2026-08-31 11:05:00Z, uporabljenih=1389, v karanteni=0, RunId=1fe73126-89d2-4496-8230-03352ad46969. Zapisano ni bilo nic.
18:14:55     Prebranih zapisov: 1389; SHA-256: b5e58b00d97d3a86abd9c759e81992d460fcbfb627258e06e4a6adf09b1bf6cf
18:14:55     Ta posnetek je ze v bazi; vir=BT_STOCK, podjetje=2, cas posnetka=2026-08-31 11:05:00Z, uporabljenih=1389, v karanteni=0, RunId=f496222c-4285-46c1-9d57-a25b46ec24a9. Zapisano ni bilo nic.
18:14:56     Prebranih zapisov: 1389; SHA-256: b5e58b00d97d3a86abd9c759e81992d460fcbfb627258e06e4a6adf09b1bf6cf
18:14:56     Ta posnetek je ze v bazi; vir=BT_STOCK, podjetje=3, cas posnetka=2026-08-31 11:05:00Z, uporabljenih=1389, v karanteni=0, RunId=9d047ae1-f437-4ea6-8ada-c87aaed01386. Zapisano ni bilo nic.
18:14:57     Prebranih zapisov: 1389; SHA-256: b5e58b00d97d3a86abd9c759e81992d460fcbfb627258e06e4a6adf09b1bf6cf
18:14:58     Ta posnetek je ze v bazi; vir=BT_STOCK, podjetje=4, cas posnetka=2026-08-31 11:05:00Z, uporabljenih=1389, v karanteni=0, RunId=2f8b0220-b477-4459-863d-13c2a74fbc34. Zapisano ni bilo nic.
18:14:58     konec: Zaloga BT_STOCK
18:14:58  == Zaloga iz SAOP (kolicine) ==
18:14:59     STDERR: [1] Razpored za SAOP_STOCK ni omogocen; podjetje je preskoceno.
18:14:59     STDERR: [2] Razpored za SAOP_STOCK ni omogocen; podjetje je preskoceno.
18:14:59     STDERR: [3] Razpored za SAOP_STOCK ni omogocen; podjetje je preskoceno.
18:14:59     STDERR: [4] Razpored za SAOP_STOCK ni omogocen; podjetje je preskoceno.
18:14:59     NAPAKA: worker workers\PIM.SaopStockWorker je koncal z izhodno kodo 1
18:14:59  Zalogovni cikel koncan; padlih korakov: 1.
18:19:47  == Zaloga NW_STOCK ==
18:19:48     [NW_STOCK] preskoceno: Razmik dobavitelja se tece; naslednji prenos po 2. 09. 2026 19:39.
18:19:48     Prevzem koncan: uspesno 0, neuspesno 0, skupaj virov 1.
18:19:49     Prebranih zapisov: 2763; SHA-256: b0b5cf29a58dac9b3412a323c6452914d6da4b911f9fccccb0128040a0724a2b
18:19:49     Ta posnetek je ze v bazi; vir=NW_STOCK, podjetje=1, cas posnetka=2026-09-02 15:39:50Z, uporabljenih=2763, v karanteni=0, RunId=13c647c5-ec08-4551-add5-c5051bd7324a. Zapisano ni bilo nic.
18:19:50     Prebranih zapisov: 2763; SHA-256: b0b5cf29a58dac9b3412a323c6452914d6da4b911f9fccccb0128040a0724a2b
18:19:50     Ta posnetek je ze v bazi; vir=NW_STOCK, podjetje=2, cas posnetka=2026-09-02 15:39:50Z, uporabljenih=2763, v karanteni=0, RunId=87d89fd9-58de-4436-bb57-2ceea29de223. Zapisano ni bilo nic.
18:19:51     Prebranih zapisov: 2763; SHA-256: b0b5cf29a58dac9b3412a323c6452914d6da4b911f9fccccb0128040a0724a2b
18:19:51     Ta posnetek je ze v bazi; vir=NW_STOCK, podjetje=3, cas posnetka=2026-09-02 15:39:50Z, uporabljenih=2763, v karanteni=0, RunId=6eedc623-58e5-47fc-8e28-6fd56e80d310. Zapisano ni bilo nic.
18:19:52     Prebranih zapisov: 2763; SHA-256: b0b5cf29a58dac9b3412a323c6452914d6da4b911f9fccccb0128040a0724a2b
18:19:52     Ta posnetek je ze v bazi; vir=NW_STOCK, podjetje=4, cas posnetka=2026-09-02 15:39:50Z, uporabljenih=2763, v karanteni=0, RunId=ce9ccbb1-e4c7-48f0-96fe-dae370f5b77f. Zapisano ni bilo nic.
18:19:52     konec: Zaloga NW_STOCK
18:19:52  == Zaloga BT_STOCK ==
18:19:53     [BT_STOCK] preskoceno: Razmik dobavitelja se tece; naslednji prenos po 2. 09. 2026 18:36.
18:19:53     Prevzem koncan: uspesno 0, neuspesno 0, skupaj virov 1.
18:19:54     Prebranih zapisov: 1389; SHA-256: b5e58b00d97d3a86abd9c759e81992d460fcbfb627258e06e4a6adf09b1bf6cf
18:19:54     Ta posnetek je ze v bazi; vir=BT_STOCK, podjetje=1, cas posnetka=2026-08-31 11:05:00Z, uporabljenih=1389, v karanteni=0, RunId=1fe73126-89d2-4496-8230-03352ad46969. Zapisano ni bilo nic.
18:19:55     Prebranih zapisov: 1389; SHA-256: b5e58b00d97d3a86abd9c759e81992d460fcbfb627258e06e4a6adf09b1bf6cf
18:19:56     Ta posnetek je ze v bazi; vir=BT_STOCK, podjetje=2, cas posnetka=2026-08-31 11:05:00Z, uporabljenih=1389, v karanteni=0, RunId=f496222c-4285-46c1-9d57-a25b46ec24a9. Zapisano ni bilo nic.
18:19:56     Prebranih zapisov: 1389; SHA-256: b5e58b00d97d3a86abd9c759e81992d460fcbfb627258e06e4a6adf09b1bf6cf
18:19:57     Ta posnetek je ze v bazi; vir=BT_STOCK, podjetje=3, cas posnetka=2026-08-31 11:05:00Z, uporabljenih=1389, v karanteni=0, RunId=9d047ae1-f437-4ea6-8ada-c87aaed01386. Zapisano ni bilo nic.
18:19:58     Prebranih zapisov: 1389; SHA-256: b5e58b00d97d3a86abd9c759e81992d460fcbfb627258e06e4a6adf09b1bf6cf
18:19:58     Ta posnetek je ze v bazi; vir=BT_STOCK, podjetje=4, cas posnetka=2026-08-31 11:05:00Z, uporabljenih=1389, v karanteni=0, RunId=2f8b0220-b477-4459-863d-13c2a74fbc34. Zapisano ni bilo nic.
18:19:58     konec: Zaloga BT_STOCK
18:19:58  == Zaloga iz SAOP (kolicine) ==
18:19:59     STDERR: [1] Razpored za SAOP_STOCK ni omogocen; podjetje je preskoceno.
18:19:59     STDERR: [2] Razpored za SAOP_STOCK ni omogocen; podjetje je preskoceno.
18:19:59     STDERR: [3] Razpored za SAOP_STOCK ni omogocen; podjetje je preskoceno.
18:19:59     STDERR: [4] Razpored za SAOP_STOCK ni omogocen; podjetje je preskoceno.
18:19:59     NAPAKA: worker workers\PIM.SaopStockWorker je koncal z izhodno kodo 1
18:19:59  Zalogovni cikel koncan; padlih korakov: 1.
18:24:47  == Zaloga NW_STOCK ==
18:24:48     [NW_STOCK] preskoceno: Razmik dobavitelja se tece; naslednji prenos po 2. 09. 2026 19:39.
18:24:48     Prevzem koncan: uspesno 0, neuspesno 0, skupaj virov 1.
18:24:49     Prebranih zapisov: 2763; SHA-256: b0b5cf29a58dac9b3412a323c6452914d6da4b911f9fccccb0128040a0724a2b
18:24:49     Ta posnetek je ze v bazi; vir=NW_STOCK, podjetje=1, cas posnetka=2026-09-02 15:39:50Z, uporabljenih=2763, v karanteni=0, RunId=13c647c5-ec08-4551-add5-c5051bd7324a. Zapisano ni bilo nic.
18:24:50     Prebranih zapisov: 2763; SHA-256: b0b5cf29a58dac9b3412a323c6452914d6da4b911f9fccccb0128040a0724a2b
18:24:51     Ta posnetek je ze v bazi; vir=NW_STOCK, podjetje=2, cas posnetka=2026-09-02 15:39:50Z, uporabljenih=2763, v karanteni=0, RunId=87d89fd9-58de-4436-bb57-2ceea29de223. Zapisano ni bilo nic.
18:24:51     Prebranih zapisov: 2763; SHA-256: b0b5cf29a58dac9b3412a323c6452914d6da4b911f9fccccb0128040a0724a2b
18:24:52     Ta posnetek je ze v bazi; vir=NW_STOCK, podjetje=3, cas posnetka=2026-09-02 15:39:50Z, uporabljenih=2763, v karanteni=0, RunId=6eedc623-58e5-47fc-8e28-6fd56e80d310. Zapisano ni bilo nic.
18:24:52     Prebranih zapisov: 2763; SHA-256: b0b5cf29a58dac9b3412a323c6452914d6da4b911f9fccccb0128040a0724a2b
18:24:53     Ta posnetek je ze v bazi; vir=NW_STOCK, podjetje=4, cas posnetka=2026-09-02 15:39:50Z, uporabljenih=2763, v karanteni=0, RunId=ce9ccbb1-e4c7-48f0-96fe-dae370f5b77f. Zapisano ni bilo nic.
18:24:53     konec: Zaloga NW_STOCK
18:24:53  == Zaloga BT_STOCK ==
18:24:54     [BT_STOCK] preskoceno: Razmik dobavitelja se tece; naslednji prenos po 2. 09. 2026 18:36.
18:24:54     Prevzem koncan: uspesno 0, neuspesno 0, skupaj virov 1.
18:24:55     Prebranih zapisov: 1389; SHA-256: b5e58b00d97d3a86abd9c759e81992d460fcbfb627258e06e4a6adf09b1bf6cf
18:24:55     Ta posnetek je ze v bazi; vir=BT_STOCK, podjetje=1, cas posnetka=2026-08-31 11:05:00Z, uporabljenih=1389, v karanteni=0, RunId=1fe73126-89d2-4496-8230-03352ad46969. Zapisano ni bilo nic.
18:24:56     Prebranih zapisov: 1389; SHA-256: b5e58b00d97d3a86abd9c759e81992d460fcbfb627258e06e4a6adf09b1bf6cf
18:24:56     Ta posnetek je ze v bazi; vir=BT_STOCK, podjetje=2, cas posnetka=2026-08-31 11:05:00Z, uporabljenih=1389, v karanteni=0, RunId=f496222c-4285-46c1-9d57-a25b46ec24a9. Zapisano ni bilo nic.
18:24:57     Prebranih zapisov: 1389; SHA-256: b5e58b00d97d3a86abd9c759e81992d460fcbfb627258e06e4a6adf09b1bf6cf
18:24:57     Ta posnetek je ze v bazi; vir=BT_STOCK, podjetje=3, cas posnetka=2026-08-31 11:05:00Z, uporabljenih=1389, v karanteni=0, RunId=9d047ae1-f437-4ea6-8ada-c87aaed01386. Zapisano ni bilo nic.
18:24:58     Prebranih zapisov: 1389; SHA-256: b5e58b00d97d3a86abd9c759e81992d460fcbfb627258e06e4a6adf09b1bf6cf
18:24:58     Ta posnetek je ze v bazi; vir=BT_STOCK, podjetje=4, cas posnetka=2026-08-31 11:05:00Z, uporabljenih=1389, v karanteni=0, RunId=2f8b0220-b477-4459-863d-13c2a74fbc34. Zapisano ni bilo nic.
18:24:58     konec: Zaloga BT_STOCK
18:24:58  == Zaloga iz SAOP (kolicine) ==
18:24:59     STDERR: [1] Razpored za SAOP_STOCK ni omogocen; podjetje je preskoceno.
18:24:59     STDERR: [2] Razpored za SAOP_STOCK ni omogocen; podjetje je preskoceno.
18:24:59     STDERR: [3] Razpored za SAOP_STOCK ni omogocen; podjetje je preskoceno.
18:24:59     STDERR: [4] Razpored za SAOP_STOCK ni omogocen; podjetje je preskoceno.
18:24:59     NAPAKA: worker workers\PIM.SaopStockWorker je koncal z izhodno kodo 1
18:24:59  Zalogovni cikel koncan; padlih korakov: 1.
18:29:47  == Zaloga NW_STOCK ==
18:29:48     [NW_STOCK] preskoceno: Razmik dobavitelja se tece; naslednji prenos po 2. 09. 2026 19:39.
18:29:48     Prevzem koncan: uspesno 0, neuspesno 0, skupaj virov 1.
18:29:49     Prebranih zapisov: 2763; SHA-256: b0b5cf29a58dac9b3412a323c6452914d6da4b911f9fccccb0128040a0724a2b
18:29:49     Ta posnetek je ze v bazi; vir=NW_STOCK, podjetje=1, cas posnetka=2026-09-02 15:39:50Z, uporabljenih=2763, v karanteni=0, RunId=13c647c5-ec08-4551-add5-c5051bd7324a. Zapisano ni bilo nic.
18:29:50     Prebranih zapisov: 2763; SHA-256: b0b5cf29a58dac9b3412a323c6452914d6da4b911f9fccccb0128040a0724a2b
18:29:50     Ta posnetek je ze v bazi; vir=NW_STOCK, podjetje=2, cas posnetka=2026-09-02 15:39:50Z, uporabljenih=2763, v karanteni=0, RunId=87d89fd9-58de-4436-bb57-2ceea29de223. Zapisano ni bilo nic.
18:29:51     Prebranih zapisov: 2763; SHA-256: b0b5cf29a58dac9b3412a323c6452914d6da4b911f9fccccb0128040a0724a2b
18:29:51     Ta posnetek je ze v bazi; vir=NW_STOCK, podjetje=3, cas posnetka=2026-09-02 15:39:50Z, uporabljenih=2763, v karanteni=0, RunId=6eedc623-58e5-47fc-8e28-6fd56e80d310. Zapisano ni bilo nic.
18:29:52     Prebranih zapisov: 2763; SHA-256: b0b5cf29a58dac9b3412a323c6452914d6da4b911f9fccccb0128040a0724a2b
18:29:52     Ta posnetek je ze v bazi; vir=NW_STOCK, podjetje=4, cas posnetka=2026-09-02 15:39:50Z, uporabljenih=2763, v karanteni=0, RunId=ce9ccbb1-e4c7-48f0-96fe-dae370f5b77f. Zapisano ni bilo nic.
18:29:53     konec: Zaloga NW_STOCK
18:29:53  == Zaloga BT_STOCK ==
18:29:54     [BT_STOCK] preskoceno: Razmik dobavitelja se tece; naslednji prenos po 2. 09. 2026 18:36.
18:29:54     Prevzem koncan: uspesno 0, neuspesno 0, skupaj virov 1.
18:29:54     Prebranih zapisov: 1389; SHA-256: b5e58b00d97d3a86abd9c759e81992d460fcbfb627258e06e4a6adf09b1bf6cf
18:29:55     Ta posnetek je ze v bazi; vir=BT_STOCK, podjetje=1, cas posnetka=2026-08-31 11:05:00Z, uporabljenih=1389, v karanteni=0, RunId=1fe73126-89d2-4496-8230-03352ad46969. Zapisano ni bilo nic.
18:29:56     Prebranih zapisov: 1389; SHA-256: b5e58b00d97d3a86abd9c759e81992d460fcbfb627258e06e4a6adf09b1bf6cf
18:29:56     Ta posnetek je ze v bazi; vir=BT_STOCK, podjetje=2, cas posnetka=2026-08-31 11:05:00Z, uporabljenih=1389, v karanteni=0, RunId=f496222c-4285-46c1-9d57-a25b46ec24a9. Zapisano ni bilo nic.
18:29:57     Prebranih zapisov: 1389; SHA-256: b5e58b00d97d3a86abd9c759e81992d460fcbfb627258e06e4a6adf09b1bf6cf
18:29:57     Ta posnetek je ze v bazi; vir=BT_STOCK, podjetje=3, cas posnetka=2026-08-31 11:05:00Z, uporabljenih=1389, v karanteni=0, RunId=9d047ae1-f437-4ea6-8ada-c87aaed01386. Zapisano ni bilo nic.
18:29:58     Prebranih zapisov: 1389; SHA-256: b5e58b00d97d3a86abd9c759e81992d460fcbfb627258e06e4a6adf09b1bf6cf
18:29:58     Ta posnetek je ze v bazi; vir=BT_STOCK, podjetje=4, cas posnetka=2026-08-31 11:05:00Z, uporabljenih=1389, v karanteni=0, RunId=2f8b0220-b477-4459-863d-13c2a74fbc34. Zapisano ni bilo nic.
18:29:58     konec: Zaloga BT_STOCK
18:29:58  == Zaloga iz SAOP (kolicine) ==
18:29:59     STDERR: [1] Razpored za SAOP_STOCK ni omogocen; podjetje je preskoceno.
18:29:59     STDERR: [2] Razpored za SAOP_STOCK ni omogocen; podjetje je preskoceno.
18:29:59     STDERR: [3] Razpored za SAOP_STOCK ni omogocen; podjetje je preskoceno.
18:29:59     STDERR: [4] Razpored za SAOP_STOCK ni omogocen; podjetje je preskoceno.
18:29:59     NAPAKA: worker workers\PIM.SaopStockWorker je koncal z izhodno kodo 1
18:29:59  Zalogovni cikel koncan; padlih korakov: 1.
18:34:47  == Zaloga NW_STOCK ==
18:34:48     [NW_STOCK] preskoceno: Razmik dobavitelja se tece; naslednji prenos po 2. 09. 2026 19:39.
18:34:48     Prevzem koncan: uspesno 0, neuspesno 0, skupaj virov 1.
18:34:49     Prebranih zapisov: 2763; SHA-256: b0b5cf29a58dac9b3412a323c6452914d6da4b911f9fccccb0128040a0724a2b
18:34:50     Ta posnetek je ze v bazi; vir=NW_STOCK, podjetje=1, cas posnetka=2026-09-02 15:39:50Z, uporabljenih=2763, v karanteni=0, RunId=13c647c5-ec08-4551-add5-c5051bd7324a. Zapisano ni bilo nic.
18:34:50     Prebranih zapisov: 2763; SHA-256: b0b5cf29a58dac9b3412a323c6452914d6da4b911f9fccccb0128040a0724a2b
18:34:51     Ta posnetek je ze v bazi; vir=NW_STOCK, podjetje=2, cas posnetka=2026-09-02 15:39:50Z, uporabljenih=2763, v karanteni=0, RunId=87d89fd9-58de-4436-bb57-2ceea29de223. Zapisano ni bilo nic.
18:34:51     Prebranih zapisov: 2763; SHA-256: b0b5cf29a58dac9b3412a323c6452914d6da4b911f9fccccb0128040a0724a2b
18:34:52     Ta posnetek je ze v bazi; vir=NW_STOCK, podjetje=3, cas posnetka=2026-09-02 15:39:50Z, uporabljenih=2763, v karanteni=0, RunId=6eedc623-58e5-47fc-8e28-6fd56e80d310. Zapisano ni bilo nic.
18:34:52     Prebranih zapisov: 2763; SHA-256: b0b5cf29a58dac9b3412a323c6452914d6da4b911f9fccccb0128040a0724a2b
18:34:53     Ta posnetek je ze v bazi; vir=NW_STOCK, podjetje=4, cas posnetka=2026-09-02 15:39:50Z, uporabljenih=2763, v karanteni=0, RunId=ce9ccbb1-e4c7-48f0-96fe-dae370f5b77f. Zapisano ni bilo nic.
18:34:53     konec: Zaloga NW_STOCK
18:34:53  == Zaloga BT_STOCK ==
18:34:54     [BT_STOCK] preskoceno: Razmik dobavitelja se tece; naslednji prenos po 2. 09. 2026 18:36.
18:34:54     Prevzem koncan: uspesno 0, neuspesno 0, skupaj virov 1.
18:34:54     Prebranih zapisov: 1389; SHA-256: b5e58b00d97d3a86abd9c759e81992d460fcbfb627258e06e4a6adf09b1bf6cf
18:34:55     Ta posnetek je ze v bazi; vir=BT_STOCK, podjetje=1, cas posnetka=2026-08-31 11:05:00Z, uporabljenih=1389, v karanteni=0, RunId=1fe73126-89d2-4496-8230-03352ad46969. Zapisano ni bilo nic.
18:34:56     Prebranih zapisov: 1389; SHA-256: b5e58b00d97d3a86abd9c759e81992d460fcbfb627258e06e4a6adf09b1bf6cf
18:34:56     Ta posnetek je ze v bazi; vir=BT_STOCK, podjetje=2, cas posnetka=2026-08-31 11:05:00Z, uporabljenih=1389, v karanteni=0, RunId=f496222c-4285-46c1-9d57-a25b46ec24a9. Zapisano ni bilo nic.
18:34:57     Prebranih zapisov: 1389; SHA-256: b5e58b00d97d3a86abd9c759e81992d460fcbfb627258e06e4a6adf09b1bf6cf
18:34:57     Ta posnetek je ze v bazi; vir=BT_STOCK, podjetje=3, cas posnetka=2026-08-31 11:05:00Z, uporabljenih=1389, v karanteni=0, RunId=9d047ae1-f437-4ea6-8ada-c87aaed01386. Zapisano ni bilo nic.
18:34:58     Prebranih zapisov: 1389; SHA-256: b5e58b00d97d3a86abd9c759e81992d460fcbfb627258e06e4a6adf09b1bf6cf
18:34:58     Ta posnetek je ze v bazi; vir=BT_STOCK, podjetje=4, cas posnetka=2026-08-31 11:05:00Z, uporabljenih=1389, v karanteni=0, RunId=2f8b0220-b477-4459-863d-13c2a74fbc34. Zapisano ni bilo nic.
18:34:58     konec: Zaloga BT_STOCK
18:34:58  == Zaloga iz SAOP (kolicine) ==
18:34:59     STDERR: [1] Razpored za SAOP_STOCK ni omogocen; podjetje je preskoceno.
18:34:59     STDERR: [2] Razpored za SAOP_STOCK ni omogocen; podjetje je preskoceno.
18:34:59     STDERR: [3] Razpored za SAOP_STOCK ni omogocen; podjetje je preskoceno.
18:34:59     STDERR: [4] Razpored za SAOP_STOCK ni omogocen; podjetje je preskoceno.
18:34:59     NAPAKA: worker workers\PIM.SaopStockWorker je koncal z izhodno kodo 1
18:34:59  Zalogovni cikel koncan; padlih korakov: 1.
18:39:47  == Zaloga NW_STOCK ==
18:39:48     [NW_STOCK] preskoceno: Razmik dobavitelja se tece; naslednji prenos po 2. 09. 2026 19:39.
18:39:48     Prevzem koncan: uspesno 0, neuspesno 0, skupaj virov 1.
18:39:49     Prebranih zapisov: 2763; SHA-256: b0b5cf29a58dac9b3412a323c6452914d6da4b911f9fccccb0128040a0724a2b
18:39:49     Ta posnetek je ze v bazi; vir=NW_STOCK, podjetje=1, cas posnetka=2026-09-02 15:39:50Z, uporabljenih=2763, v karanteni=0, RunId=13c647c5-ec08-4551-add5-c5051bd7324a. Zapisano ni bilo nic.
18:39:50     Prebranih zapisov: 2763; SHA-256: b0b5cf29a58dac9b3412a323c6452914d6da4b911f9fccccb0128040a0724a2b
18:39:50     Ta posnetek je ze v bazi; vir=NW_STOCK, podjetje=2, cas posnetka=2026-09-02 15:39:50Z, uporabljenih=2763, v karanteni=0, RunId=87d89fd9-58de-4436-bb57-2ceea29de223. Zapisano ni bilo nic.
18:39:51     Prebranih zapisov: 2763; SHA-256: b0b5cf29a58dac9b3412a323c6452914d6da4b911f9fccccb0128040a0724a2b
18:39:51     Ta posnetek je ze v bazi; vir=NW_STOCK, podjetje=3, cas posnetka=2026-09-02 15:39:50Z, uporabljenih=2763, v karanteni=0, RunId=6eedc623-58e5-47fc-8e28-6fd56e80d310. Zapisano ni bilo nic.
18:39:52     Prebranih zapisov: 2763; SHA-256: b0b5cf29a58dac9b3412a323c6452914d6da4b911f9fccccb0128040a0724a2b
18:39:52     Ta posnetek je ze v bazi; vir=NW_STOCK, podjetje=4, cas posnetka=2026-09-02 15:39:50Z, uporabljenih=2763, v karanteni=0, RunId=ce9ccbb1-e4c7-48f0-96fe-dae370f5b77f. Zapisano ni bilo nic.
18:39:52     konec: Zaloga NW_STOCK
18:39:52  == Zaloga BT_STOCK ==
18:39:55     [BT_STOCK] prevzeto 1.588.116 bajtov -> C:\Users\david\Desktop\PIM\NoviPIM\PIM_Solution\data\prevzem\BT_STOCK\braytron-zaloga.xml
18:39:55     Prevzem koncan: uspesno 1, neuspesno 0, skupaj virov 1.
18:39:56     Prebranih zapisov: 1389; SHA-256: 88b7c3e1f331eec94b93a68da91e45c3cb67f61785dc722e54236f147e3efb63
18:39:57     Zaloga zapisana; vir=BT_STOCK, podjetje=1, uporabljenih=1389, v karanteni=0, RunId=e4912780-b225-4977-b541-4c5c7a771824.
18:39:58     Prebranih zapisov: 1389; SHA-256: 88b7c3e1f331eec94b93a68da91e45c3cb67f61785dc722e54236f147e3efb63
18:39:59     Zaloga zapisana; vir=BT_STOCK, podjetje=2, uporabljenih=1389, v karanteni=0, RunId=f1953183-3abf-42a5-91cd-1677b89581d1.
18:40:00     Prebranih zapisov: 1389; SHA-256: 88b7c3e1f331eec94b93a68da91e45c3cb67f61785dc722e54236f147e3efb63
18:40:00     Zaloga zapisana; vir=BT_STOCK, podjetje=3, uporabljenih=1389, v karanteni=0, RunId=680e3a50-81b6-4668-860d-52d0c1e429d4.
18:40:01     Prebranih zapisov: 1389; SHA-256: 88b7c3e1f331eec94b93a68da91e45c3cb67f61785dc722e54236f147e3efb63
18:40:02     Zaloga zapisana; vir=BT_STOCK, podjetje=4, uporabljenih=1389, v karanteni=0, RunId=79b3b0aa-02c9-4df1-aeae-e68412b1e9e4.
18:40:02     konec: Zaloga BT_STOCK
18:40:02  == Zaloga iz SAOP (kolicine) ==
18:40:03     STDERR: [1] Razpored za SAOP_STOCK ni omogocen; podjetje je preskoceno.
18:40:03     STDERR: [2] Razpored za SAOP_STOCK ni omogocen; podjetje je preskoceno.
18:40:03     STDERR: [3] Razpored za SAOP_STOCK ni omogocen; podjetje je preskoceno.
18:40:03     STDERR: [4] Razpored za SAOP_STOCK ni omogocen; podjetje je preskoceno.
18:40:03     NAPAKA: worker workers\PIM.SaopStockWorker je koncal z izhodno kodo 1
18:40:03  Zalogovni cikel koncan; padlih korakov: 1.
18:44:47  == Zaloga NW_STOCK ==
18:44:48     [NW_STOCK] preskoceno: Razmik dobavitelja se tece; naslednji prenos po 2. 09. 2026 19:39.
18:44:48     Prevzem koncan: uspesno 0, neuspesno 0, skupaj virov 1.
18:44:49     Prebranih zapisov: 2763; SHA-256: b0b5cf29a58dac9b3412a323c6452914d6da4b911f9fccccb0128040a0724a2b
18:44:49     Ta posnetek je ze v bazi; vir=NW_STOCK, podjetje=1, cas posnetka=2026-09-02 15:39:50Z, uporabljenih=2763, v karanteni=0, RunId=13c647c5-ec08-4551-add5-c5051bd7324a. Zapisano ni bilo nic.
18:44:50     Prebranih zapisov: 2763; SHA-256: b0b5cf29a58dac9b3412a323c6452914d6da4b911f9fccccb0128040a0724a2b
18:44:50     Ta posnetek je ze v bazi; vir=NW_STOCK, podjetje=2, cas posnetka=2026-09-02 15:39:50Z, uporabljenih=2763, v karanteni=0, RunId=87d89fd9-58de-4436-bb57-2ceea29de223. Zapisano ni bilo nic.
18:44:51     Prebranih zapisov: 2763; SHA-256: b0b5cf29a58dac9b3412a323c6452914d6da4b911f9fccccb0128040a0724a2b
18:44:51     Ta posnetek je ze v bazi; vir=NW_STOCK, podjetje=3, cas posnetka=2026-09-02 15:39:50Z, uporabljenih=2763, v karanteni=0, RunId=6eedc623-58e5-47fc-8e28-6fd56e80d310. Zapisano ni bilo nic.
18:44:52     Prebranih zapisov: 2763; SHA-256: b0b5cf29a58dac9b3412a323c6452914d6da4b911f9fccccb0128040a0724a2b
18:44:52     Ta posnetek je ze v bazi; vir=NW_STOCK, podjetje=4, cas posnetka=2026-09-02 15:39:50Z, uporabljenih=2763, v karanteni=0, RunId=ce9ccbb1-e4c7-48f0-96fe-dae370f5b77f. Zapisano ni bilo nic.
18:44:52     konec: Zaloga NW_STOCK
18:44:52  == Zaloga BT_STOCK ==
18:44:53     [BT_STOCK] preskoceno: Razmik dobavitelja se tece; naslednji prenos po 2. 09. 2026 21:39.
18:44:53     Prevzem koncan: uspesno 0, neuspesno 0, skupaj virov 1.
18:44:54     Prebranih zapisov: 1389; SHA-256: 88b7c3e1f331eec94b93a68da91e45c3cb67f61785dc722e54236f147e3efb63
18:44:54     Ta posnetek je ze v bazi; vir=BT_STOCK, podjetje=1, cas posnetka=2026-09-02 16:39:55Z, uporabljenih=1389, v karanteni=0, RunId=e4912780-b225-4977-b541-4c5c7a771824. Zapisano ni bilo nic.
18:44:55     Prebranih zapisov: 1389; SHA-256: 88b7c3e1f331eec94b93a68da91e45c3cb67f61785dc722e54236f147e3efb63
18:44:55     Ta posnetek je ze v bazi; vir=BT_STOCK, podjetje=2, cas posnetka=2026-09-02 16:39:55Z, uporabljenih=1389, v karanteni=0, RunId=f1953183-3abf-42a5-91cd-1677b89581d1. Zapisano ni bilo nic.
18:44:56     Prebranih zapisov: 1389; SHA-256: 88b7c3e1f331eec94b93a68da91e45c3cb67f61785dc722e54236f147e3efb63
18:44:56     Ta posnetek je ze v bazi; vir=BT_STOCK, podjetje=3, cas posnetka=2026-09-02 16:39:55Z, uporabljenih=1389, v karanteni=0, RunId=680e3a50-81b6-4668-860d-52d0c1e429d4. Zapisano ni bilo nic.
18:44:57     Prebranih zapisov: 1389; SHA-256: 88b7c3e1f331eec94b93a68da91e45c3cb67f61785dc722e54236f147e3efb63
18:44:57     Ta posnetek je ze v bazi; vir=BT_STOCK, podjetje=4, cas posnetka=2026-09-02 16:39:55Z, uporabljenih=1389, v karanteni=0, RunId=79b3b0aa-02c9-4df1-aeae-e68412b1e9e4. Zapisano ni bilo nic.
18:44:57     konec: Zaloga BT_STOCK
18:44:57  == Zaloga iz SAOP (kolicine) ==
18:44:58     STDERR: [1] Razpored za SAOP_STOCK ni omogocen; podjetje je preskoceno.
18:44:58     STDERR: [2] Razpored za SAOP_STOCK ni omogocen; podjetje je preskoceno.
18:44:58     STDERR: [3] Razpored za SAOP_STOCK ni omogocen; podjetje je preskoceno.
18:44:58     STDERR: [4] Razpored za SAOP_STOCK ni omogocen; podjetje je preskoceno.
18:44:58     NAPAKA: worker workers\PIM.SaopStockWorker je koncal z izhodno kodo 1
18:44:58  Zalogovni cikel koncan; padlih korakov: 1.
18:49:47  == Zaloga NW_STOCK ==
18:49:48     [NW_STOCK] preskoceno: Razmik dobavitelja se tece; naslednji prenos po 2. 09. 2026 19:39.
18:49:48     Prevzem koncan: uspesno 0, neuspesno 0, skupaj virov 1.
18:49:49     Prebranih zapisov: 2763; SHA-256: b0b5cf29a58dac9b3412a323c6452914d6da4b911f9fccccb0128040a0724a2b
18:49:50     Ta posnetek je ze v bazi; vir=NW_STOCK, podjetje=1, cas posnetka=2026-09-02 15:39:50Z, uporabljenih=2763, v karanteni=0, RunId=13c647c5-ec08-4551-add5-c5051bd7324a. Zapisano ni bilo nic.
18:49:51     Prebranih zapisov: 2763; SHA-256: b0b5cf29a58dac9b3412a323c6452914d6da4b911f9fccccb0128040a0724a2b
18:49:51     Ta posnetek je ze v bazi; vir=NW_STOCK, podjetje=2, cas posnetka=2026-09-02 15:39:50Z, uporabljenih=2763, v karanteni=0, RunId=87d89fd9-58de-4436-bb57-2ceea29de223. Zapisano ni bilo nic.
18:49:52     Prebranih zapisov: 2763; SHA-256: b0b5cf29a58dac9b3412a323c6452914d6da4b911f9fccccb0128040a0724a2b
18:49:52     Ta posnetek je ze v bazi; vir=NW_STOCK, podjetje=3, cas posnetka=2026-09-02 15:39:50Z, uporabljenih=2763, v karanteni=0, RunId=6eedc623-58e5-47fc-8e28-6fd56e80d310. Zapisano ni bilo nic.
18:49:53     Prebranih zapisov: 2763; SHA-256: b0b5cf29a58dac9b3412a323c6452914d6da4b911f9fccccb0128040a0724a2b
18:49:53     Ta posnetek je ze v bazi; vir=NW_STOCK, podjetje=4, cas posnetka=2026-09-02 15:39:50Z, uporabljenih=2763, v karanteni=0, RunId=ce9ccbb1-e4c7-48f0-96fe-dae370f5b77f. Zapisano ni bilo nic.
18:49:53     konec: Zaloga NW_STOCK
18:49:53  == Zaloga BT_STOCK ==
18:49:54     [BT_STOCK] preskoceno: Razmik dobavitelja se tece; naslednji prenos po 2. 09. 2026 21:39.
18:49:54     Prevzem koncan: uspesno 0, neuspesno 0, skupaj virov 1.
18:49:55     Prebranih zapisov: 1389; SHA-256: 88b7c3e1f331eec94b93a68da91e45c3cb67f61785dc722e54236f147e3efb63
18:49:55     Ta posnetek je ze v bazi; vir=BT_STOCK, podjetje=1, cas posnetka=2026-09-02 16:39:55Z, uporabljenih=1389, v karanteni=0, RunId=e4912780-b225-4977-b541-4c5c7a771824. Zapisano ni bilo nic.
18:49:56     Prebranih zapisov: 1389; SHA-256: 88b7c3e1f331eec94b93a68da91e45c3cb67f61785dc722e54236f147e3efb63
18:49:56     Ta posnetek je ze v bazi; vir=BT_STOCK, podjetje=2, cas posnetka=2026-09-02 16:39:55Z, uporabljenih=1389, v karanteni=0, RunId=f1953183-3abf-42a5-91cd-1677b89581d1. Zapisano ni bilo nic.
18:49:57     Prebranih zapisov: 1389; SHA-256: 88b7c3e1f331eec94b93a68da91e45c3cb67f61785dc722e54236f147e3efb63
18:49:57     Ta posnetek je ze v bazi; vir=BT_STOCK, podjetje=3, cas posnetka=2026-09-02 16:39:55Z, uporabljenih=1389, v karanteni=0, RunId=680e3a50-81b6-4668-860d-52d0c1e429d4. Zapisano ni bilo nic.
18:49:58     Prebranih zapisov: 1389; SHA-256: 88b7c3e1f331eec94b93a68da91e45c3cb67f61785dc722e54236f147e3efb63
18:49:59     Ta posnetek je ze v bazi; vir=BT_STOCK, podjetje=4, cas posnetka=2026-09-02 16:39:55Z, uporabljenih=1389, v karanteni=0, RunId=79b3b0aa-02c9-4df1-aeae-e68412b1e9e4. Zapisano ni bilo nic.
18:49:59     konec: Zaloga BT_STOCK
18:49:59  == Zaloga iz SAOP (kolicine) ==
18:50:00     STDERR: [1] Razpored za SAOP_STOCK ni omogocen; podjetje je preskoceno.
18:50:00     STDERR: [2] Razpored za SAOP_STOCK ni omogocen; podjetje je preskoceno.
18:50:00     STDERR: [3] Razpored za SAOP_STOCK ni omogocen; podjetje je preskoceno.
18:50:00     STDERR: [4] Razpored za SAOP_STOCK ni omogocen; podjetje je preskoceno.
18:50:00     NAPAKA: worker workers\PIM.SaopStockWorker je koncal z izhodno kodo 1
18:50:00  Zalogovni cikel koncan; padlih korakov: 1.
18:56:00  == Zaloga NW_STOCK ==
18:56:01     [NW_STOCK] preskoceno: Razmik dobavitelja se tece; naslednji prenos po 2. 09. 2026 19:39.
18:56:01     Prevzem koncan: uspesno 0, neuspesno 0, skupaj virov 1.
18:56:02     Prebranih zapisov: 2763; SHA-256: b0b5cf29a58dac9b3412a323c6452914d6da4b911f9fccccb0128040a0724a2b
18:56:02     Ta posnetek je ze v bazi; vir=NW_STOCK, podjetje=1, cas posnetka=2026-09-02 15:39:50Z, uporabljenih=2763, v karanteni=0, RunId=13c647c5-ec08-4551-add5-c5051bd7324a. Zapisano ni bilo nic.
18:56:03     Prebranih zapisov: 2763; SHA-256: b0b5cf29a58dac9b3412a323c6452914d6da4b911f9fccccb0128040a0724a2b
18:56:03     Ta posnetek je ze v bazi; vir=NW_STOCK, podjetje=2, cas posnetka=2026-09-02 15:39:50Z, uporabljenih=2763, v karanteni=0, RunId=87d89fd9-58de-4436-bb57-2ceea29de223. Zapisano ni bilo nic.
18:56:04     Prebranih zapisov: 2763; SHA-256: b0b5cf29a58dac9b3412a323c6452914d6da4b911f9fccccb0128040a0724a2b
18:56:04     Ta posnetek je ze v bazi; vir=NW_STOCK, podjetje=3, cas posnetka=2026-09-02 15:39:50Z, uporabljenih=2763, v karanteni=0, RunId=6eedc623-58e5-47fc-8e28-6fd56e80d310. Zapisano ni bilo nic.
18:56:05     Prebranih zapisov: 2763; SHA-256: b0b5cf29a58dac9b3412a323c6452914d6da4b911f9fccccb0128040a0724a2b
18:56:05     Ta posnetek je ze v bazi; vir=NW_STOCK, podjetje=4, cas posnetka=2026-09-02 15:39:50Z, uporabljenih=2763, v karanteni=0, RunId=ce9ccbb1-e4c7-48f0-96fe-dae370f5b77f. Zapisano ni bilo nic.
18:56:05     konec: Zaloga NW_STOCK
18:56:05  == Zaloga BT_STOCK ==
18:56:06     SOURCE_FETCH: se ni na vrsti po razporedu; preskoceno.
18:56:07     Prebranih zapisov: 1389; SHA-256: 88b7c3e1f331eec94b93a68da91e45c3cb67f61785dc722e54236f147e3efb63
18:56:07     STOCK_FILE pri podjetju 1: se ni na vrsti po razporedu; preskoceno.
18:56:08     Prebranih zapisov: 1389; SHA-256: 88b7c3e1f331eec94b93a68da91e45c3cb67f61785dc722e54236f147e3efb63
18:56:08     STOCK_FILE pri podjetju 2: se ni na vrsti po razporedu; preskoceno.
18:56:09     Prebranih zapisov: 1389; SHA-256: 88b7c3e1f331eec94b93a68da91e45c3cb67f61785dc722e54236f147e3efb63
18:56:09     STOCK_FILE pri podjetju 3: se ni na vrsti po razporedu; preskoceno.
18:56:10     Prebranih zapisov: 1389; SHA-256: 88b7c3e1f331eec94b93a68da91e45c3cb67f61785dc722e54236f147e3efb63
18:56:10     STOCK_FILE pri podjetju 4: se ni na vrsti po razporedu; preskoceno.
18:56:10     konec: Zaloga BT_STOCK
18:56:10  == Zaloga iz SAOP (kolicine) ==
18:56:11     [1] SAOP_STOCK: se ni na vrsti po razporedu; preskoceno.
18:56:11     [2] SAOP_STOCK: se ni na vrsti po razporedu; preskoceno.
18:56:11     [3] SAOP_STOCK: se ni na vrsti po razporedu; preskoceno.
18:56:11     [4] SAOP_STOCK: se ni na vrsti po razporedu; preskoceno.
18:56:11     konec: Zaloga iz SAOP (kolicine)
18:56:11  Zalogovni cikel koncan; padlih korakov: 0.
18:58:53  == Zaloga NW_STOCK ==
18:58:54     SOURCE_FETCH: se ni na vrsti po razporedu; preskoceno.
18:58:55     Prebranih zapisov: 2763; SHA-256: b0b5cf29a58dac9b3412a323c6452914d6da4b911f9fccccb0128040a0724a2b
18:58:55     STOCK_FILE pri podjetju 1: se ni na vrsti po razporedu; preskoceno.
18:58:56     Prebranih zapisov: 2763; SHA-256: b0b5cf29a58dac9b3412a323c6452914d6da4b911f9fccccb0128040a0724a2b
18:58:56     STOCK_FILE pri podjetju 2: se ni na vrsti po razporedu; preskoceno.
18:58:57     Prebranih zapisov: 2763; SHA-256: b0b5cf29a58dac9b3412a323c6452914d6da4b911f9fccccb0128040a0724a2b
18:58:57     STOCK_FILE pri podjetju 3: se ni na vrsti po razporedu; preskoceno.
18:58:58     Prebranih zapisov: 2763; SHA-256: b0b5cf29a58dac9b3412a323c6452914d6da4b911f9fccccb0128040a0724a2b
18:58:58     STOCK_FILE pri podjetju 4: se ni na vrsti po razporedu; preskoceno.
18:58:58     konec: Zaloga NW_STOCK
18:58:58  == Zaloga BT_STOCK ==
18:58:59     SOURCE_FETCH: se ni na vrsti po razporedu; preskoceno.
18:59:00     Prebranih zapisov: 1389; SHA-256: 88b7c3e1f331eec94b93a68da91e45c3cb67f61785dc722e54236f147e3efb63
18:59:00     STOCK_FILE pri podjetju 1: se ni na vrsti po razporedu; preskoceno.
18:59:01     Prebranih zapisov: 1389; SHA-256: 88b7c3e1f331eec94b93a68da91e45c3cb67f61785dc722e54236f147e3efb63
18:59:01     STOCK_FILE pri podjetju 2: se ni na vrsti po razporedu; preskoceno.
18:59:02     Prebranih zapisov: 1389; SHA-256: 88b7c3e1f331eec94b93a68da91e45c3cb67f61785dc722e54236f147e3efb63
18:59:02     STOCK_FILE pri podjetju 3: se ni na vrsti po razporedu; preskoceno.
18:59:03     Prebranih zapisov: 1389; SHA-256: 88b7c3e1f331eec94b93a68da91e45c3cb67f61785dc722e54236f147e3efb63
18:59:03     STOCK_FILE pri podjetju 4: se ni na vrsti po razporedu; preskoceno.
18:59:03     konec: Zaloga BT_STOCK
18:59:03  == Zaloga iz SAOP (kolicine) ==
18:59:04     [1] SAOP_STOCK: se ni na vrsti po razporedu; preskoceno.
18:59:04     [2] SAOP_STOCK: se ni na vrsti po razporedu; preskoceno.
18:59:04     [3] SAOP_STOCK: se ni na vrsti po razporedu; preskoceno.
18:59:04     [4] SAOP_STOCK: se ni na vrsti po razporedu; preskoceno.
18:59:04     konec: Zaloga iz SAOP (kolicine)
18:59:04  Zalogovni cikel koncan; padlih korakov: 0.
19:02:26  == Zaloga NW_STOCK ==
19:02:27     [NW_STOCK] preskoceno: Razmik dobavitelja se tece; naslednji prenos po 2. 09. 2026 19:39.
19:02:27     Prevzem koncan: uspesno 0, neuspesno 0, skupaj virov 1.
19:02:28     Prebranih zapisov: 2763; SHA-256: b0b5cf29a58dac9b3412a323c6452914d6da4b911f9fccccb0128040a0724a2b
19:02:28     Ta posnetek je ze v bazi; vir=NW_STOCK, podjetje=1, cas posnetka=2026-09-02 15:39:50Z, uporabljenih=2763, v karanteni=0, RunId=13c647c5-ec08-4551-add5-c5051bd7324a. Zapisano ni bilo nic.
19:02:29     Prebranih zapisov: 2763; SHA-256: b0b5cf29a58dac9b3412a323c6452914d6da4b911f9fccccb0128040a0724a2b
19:02:30     Ta posnetek je ze v bazi; vir=NW_STOCK, podjetje=2, cas posnetka=2026-09-02 15:39:50Z, uporabljenih=2763, v karanteni=0, RunId=87d89fd9-58de-4436-bb57-2ceea29de223. Zapisano ni bilo nic.
19:02:30     Prebranih zapisov: 2763; SHA-256: b0b5cf29a58dac9b3412a323c6452914d6da4b911f9fccccb0128040a0724a2b
19:02:31     Ta posnetek je ze v bazi; vir=NW_STOCK, podjetje=3, cas posnetka=2026-09-02 15:39:50Z, uporabljenih=2763, v karanteni=0, RunId=6eedc623-58e5-47fc-8e28-6fd56e80d310. Zapisano ni bilo nic.
19:02:31     Prebranih zapisov: 2763; SHA-256: b0b5cf29a58dac9b3412a323c6452914d6da4b911f9fccccb0128040a0724a2b
19:02:32     Ta posnetek je ze v bazi; vir=NW_STOCK, podjetje=4, cas posnetka=2026-09-02 15:39:50Z, uporabljenih=2763, v karanteni=0, RunId=ce9ccbb1-e4c7-48f0-96fe-dae370f5b77f. Zapisano ni bilo nic.
19:02:32     konec: Zaloga NW_STOCK
19:02:32  == Zaloga BT_STOCK ==
19:02:33     SOURCE_FETCH: se ni na vrsti po razporedu; preskoceno.
19:02:34     Prebranih zapisov: 1389; SHA-256: 88b7c3e1f331eec94b93a68da91e45c3cb67f61785dc722e54236f147e3efb63
19:02:34     STOCK_FILE pri podjetju 1: se ni na vrsti po razporedu; preskoceno.
19:02:35     Prebranih zapisov: 1389; SHA-256: 88b7c3e1f331eec94b93a68da91e45c3cb67f61785dc722e54236f147e3efb63
19:02:35     STOCK_FILE pri podjetju 2: se ni na vrsti po razporedu; preskoceno.
19:02:36     Prebranih zapisov: 1389; SHA-256: 88b7c3e1f331eec94b93a68da91e45c3cb67f61785dc722e54236f147e3efb63
19:02:36     STOCK_FILE pri podjetju 3: se ni na vrsti po razporedu; preskoceno.
19:02:37     Prebranih zapisov: 1389; SHA-256: 88b7c3e1f331eec94b93a68da91e45c3cb67f61785dc722e54236f147e3efb63
19:02:37     STOCK_FILE pri podjetju 4: se ni na vrsti po razporedu; preskoceno.
19:02:37     konec: Zaloga BT_STOCK
19:02:37  == Zaloga iz SAOP (kolicine) ==
19:02:38     [1] SAOP_STOCK: se ni na vrsti po razporedu; preskoceno.
19:02:38     [2] SAOP_STOCK: se ni na vrsti po razporedu; preskoceno.
19:02:38     [3] SAOP_STOCK: se ni na vrsti po razporedu; preskoceno.
19:02:38     [4] SAOP_STOCK: se ni na vrsti po razporedu; preskoceno.
19:02:38     konec: Zaloga iz SAOP (kolicine)
19:02:38  Zalogovni cikel koncan; padlih korakov: 0.
19:07:26  == Zaloga NW_STOCK ==
19:07:27     SOURCE_FETCH: se ni na vrsti po razporedu; preskoceno.
19:07:28     Prebranih zapisov: 2763; SHA-256: b0b5cf29a58dac9b3412a323c6452914d6da4b911f9fccccb0128040a0724a2b
19:07:28     STOCK_FILE pri podjetju 1: se ni na vrsti po razporedu; preskoceno.
19:07:29     Prebranih zapisov: 2763; SHA-256: b0b5cf29a58dac9b3412a323c6452914d6da4b911f9fccccb0128040a0724a2b
19:07:29     STOCK_FILE pri podjetju 2: se ni na vrsti po razporedu; preskoceno.
19:07:30     Prebranih zapisov: 2763; SHA-256: b0b5cf29a58dac9b3412a323c6452914d6da4b911f9fccccb0128040a0724a2b
19:07:30     STOCK_FILE pri podjetju 3: se ni na vrsti po razporedu; preskoceno.
19:07:31     Prebranih zapisov: 2763; SHA-256: b0b5cf29a58dac9b3412a323c6452914d6da4b911f9fccccb0128040a0724a2b
19:07:31     STOCK_FILE pri podjetju 4: se ni na vrsti po razporedu; preskoceno.
19:07:31     konec: Zaloga NW_STOCK
19:07:31  == Zaloga BT_STOCK ==
19:07:32     [BT_STOCK] preskoceno: Razmik dobavitelja se tece; naslednji prenos po 2. 09. 2026 21:39.
19:07:32     Prevzem koncan: uspesno 0, neuspesno 0, skupaj virov 1.
19:07:33     Prebranih zapisov: 1389; SHA-256: 88b7c3e1f331eec94b93a68da91e45c3cb67f61785dc722e54236f147e3efb63
19:07:34     Ta posnetek je ze v bazi; vir=BT_STOCK, podjetje=1, cas posnetka=2026-09-02 16:39:55Z, uporabljenih=1389, v karanteni=0, RunId=e4912780-b225-4977-b541-4c5c7a771824. Zapisano ni bilo nic.
19:07:34     Prebranih zapisov: 1389; SHA-256: 88b7c3e1f331eec94b93a68da91e45c3cb67f61785dc722e54236f147e3efb63
19:07:35     Ta posnetek je ze v bazi; vir=BT_STOCK, podjetje=2, cas posnetka=2026-09-02 16:39:55Z, uporabljenih=1389, v karanteni=0, RunId=f1953183-3abf-42a5-91cd-1677b89581d1. Zapisano ni bilo nic.
19:07:35     Prebranih zapisov: 1389; SHA-256: 88b7c3e1f331eec94b93a68da91e45c3cb67f61785dc722e54236f147e3efb63
19:07:36     Ta posnetek je ze v bazi; vir=BT_STOCK, podjetje=3, cas posnetka=2026-09-02 16:39:55Z, uporabljenih=1389, v karanteni=0, RunId=680e3a50-81b6-4668-860d-52d0c1e429d4. Zapisano ni bilo nic.
19:07:37     Prebranih zapisov: 1389; SHA-256: 88b7c3e1f331eec94b93a68da91e45c3cb67f61785dc722e54236f147e3efb63
19:07:37     Ta posnetek je ze v bazi; vir=BT_STOCK, podjetje=4, cas posnetka=2026-09-02 16:39:55Z, uporabljenih=1389, v karanteni=0, RunId=79b3b0aa-02c9-4df1-aeae-e68412b1e9e4. Zapisano ni bilo nic.
19:07:37     konec: Zaloga BT_STOCK
19:07:37  == Zaloga iz SAOP (kolicine) ==
19:07:38     [1] SAOP_STOCK: se ni na vrsti po razporedu; preskoceno.
19:07:38     [2] SAOP_STOCK: se ni na vrsti po razporedu; preskoceno.
19:07:38     [3] SAOP_STOCK: se ni na vrsti po razporedu; preskoceno.
19:07:38     [4] SAOP_STOCK: se ni na vrsti po razporedu; preskoceno.
19:07:38     konec: Zaloga iz SAOP (kolicine)
19:07:38  Zalogovni cikel koncan; padlih korakov: 0.
19:12:27  == Zaloga NW_STOCK ==
19:12:28     SOURCE_FETCH: se ni na vrsti po razporedu; preskoceno.
19:12:29     Prebranih zapisov: 2763; SHA-256: b0b5cf29a58dac9b3412a323c6452914d6da4b911f9fccccb0128040a0724a2b
19:12:29     STOCK_FILE pri podjetju 1: se ni na vrsti po razporedu; preskoceno.
19:12:30     Prebranih zapisov: 2763; SHA-256: b0b5cf29a58dac9b3412a323c6452914d6da4b911f9fccccb0128040a0724a2b
19:12:31     STOCK_FILE pri podjetju 2: se ni na vrsti po razporedu; preskoceno.
19:12:31     Prebranih zapisov: 2763; SHA-256: b0b5cf29a58dac9b3412a323c6452914d6da4b911f9fccccb0128040a0724a2b
19:12:32     STOCK_FILE pri podjetju 3: se ni na vrsti po razporedu; preskoceno.
19:12:32     Prebranih zapisov: 2763; SHA-256: b0b5cf29a58dac9b3412a323c6452914d6da4b911f9fccccb0128040a0724a2b
19:12:33     STOCK_FILE pri podjetju 4: se ni na vrsti po razporedu; preskoceno.
19:12:33     konec: Zaloga NW_STOCK
19:12:33  == Zaloga BT_STOCK ==
19:12:34     [BT_STOCK] preskoceno: Razmik dobavitelja se tece; naslednji prenos po 2. 09. 2026 21:39.
19:12:34     Prevzem koncan: uspesno 0, neuspesno 0, skupaj virov 1.
19:12:35     Prebranih zapisov: 1389; SHA-256: 88b7c3e1f331eec94b93a68da91e45c3cb67f61785dc722e54236f147e3efb63
19:12:35     Ta posnetek je ze v bazi; vir=BT_STOCK, podjetje=1, cas posnetka=2026-09-02 16:39:55Z, uporabljenih=1389, v karanteni=0, RunId=e4912780-b225-4977-b541-4c5c7a771824. Zapisano ni bilo nic.
19:12:36     Prebranih zapisov: 1389; SHA-256: 88b7c3e1f331eec94b93a68da91e45c3cb67f61785dc722e54236f147e3efb63
19:12:36     Ta posnetek je ze v bazi; vir=BT_STOCK, podjetje=2, cas posnetka=2026-09-02 16:39:55Z, uporabljenih=1389, v karanteni=0, RunId=f1953183-3abf-42a5-91cd-1677b89581d1. Zapisano ni bilo nic.
19:12:37     Prebranih zapisov: 1389; SHA-256: 88b7c3e1f331eec94b93a68da91e45c3cb67f61785dc722e54236f147e3efb63
19:12:37     Ta posnetek je ze v bazi; vir=BT_STOCK, podjetje=3, cas posnetka=2026-09-02 16:39:55Z, uporabljenih=1389, v karanteni=0, RunId=680e3a50-81b6-4668-860d-52d0c1e429d4. Zapisano ni bilo nic.
19:12:38     Prebranih zapisov: 1389; SHA-256: 88b7c3e1f331eec94b93a68da91e45c3cb67f61785dc722e54236f147e3efb63
19:12:39     Ta posnetek je ze v bazi; vir=BT_STOCK, podjetje=4, cas posnetka=2026-09-02 16:39:55Z, uporabljenih=1389, v karanteni=0, RunId=79b3b0aa-02c9-4df1-aeae-e68412b1e9e4. Zapisano ni bilo nic.
19:12:39     konec: Zaloga BT_STOCK
19:12:39  == Zaloga iz SAOP (kolicine) ==
19:12:40     [1] SAOP_STOCK: se ni na vrsti po razporedu; preskoceno.
19:12:40     [2] SAOP_STOCK: se ni na vrsti po razporedu; preskoceno.
19:12:40     [3] SAOP_STOCK: se ni na vrsti po razporedu; preskoceno.
19:12:40     [4] SAOP_STOCK: se ni na vrsti po razporedu; preskoceno.
19:12:40     konec: Zaloga iz SAOP (kolicine)
19:12:40  Zalogovni cikel koncan; padlih korakov: 0.
19:13:55  == Zaloga NW_STOCK ==
19:13:56     SOURCE_FETCH: se ni na vrsti po razporedu; preskoceno.
19:13:56     Prebranih zapisov: 2763; SHA-256: b0b5cf29a58dac9b3412a323c6452914d6da4b911f9fccccb0128040a0724a2b
19:13:57     STOCK_FILE pri podjetju 1: se ni na vrsti po razporedu; preskoceno.
19:13:57     Prebranih zapisov: 2763; SHA-256: b0b5cf29a58dac9b3412a323c6452914d6da4b911f9fccccb0128040a0724a2b
19:13:58     STOCK_FILE pri podjetju 2: se ni na vrsti po razporedu; preskoceno.
19:13:58     Prebranih zapisov: 2763; SHA-256: b0b5cf29a58dac9b3412a323c6452914d6da4b911f9fccccb0128040a0724a2b
19:13:59     STOCK_FILE pri podjetju 3: se ni na vrsti po razporedu; preskoceno.
19:13:59     Prebranih zapisov: 2763; SHA-256: b0b5cf29a58dac9b3412a323c6452914d6da4b911f9fccccb0128040a0724a2b
19:14:00     STOCK_FILE pri podjetju 4: se ni na vrsti po razporedu; preskoceno.
19:14:00     konec: Zaloga NW_STOCK
19:14:00  == Zaloga BT_STOCK ==
19:14:01     SOURCE_FETCH: se ni na vrsti po razporedu; preskoceno.
19:14:01     Prebranih zapisov: 1389; SHA-256: 88b7c3e1f331eec94b93a68da91e45c3cb67f61785dc722e54236f147e3efb63
19:14:02     STOCK_FILE pri podjetju 1: se ni na vrsti po razporedu; preskoceno.
19:14:02     Prebranih zapisov: 1389; SHA-256: 88b7c3e1f331eec94b93a68da91e45c3cb67f61785dc722e54236f147e3efb63
19:14:03     STOCK_FILE pri podjetju 2: se ni na vrsti po razporedu; preskoceno.
19:14:03     Prebranih zapisov: 1389; SHA-256: 88b7c3e1f331eec94b93a68da91e45c3cb67f61785dc722e54236f147e3efb63
19:14:04     STOCK_FILE pri podjetju 3: se ni na vrsti po razporedu; preskoceno.
19:14:04     Prebranih zapisov: 1389; SHA-256: 88b7c3e1f331eec94b93a68da91e45c3cb67f61785dc722e54236f147e3efb63
19:14:05     STOCK_FILE pri podjetju 4: se ni na vrsti po razporedu; preskoceno.
19:14:05     konec: Zaloga BT_STOCK
19:14:05  == Zaloga iz SAOP (kolicine) ==
19:14:06     [1] SAOP_STOCK: se ni na vrsti po razporedu; preskoceno.
19:14:06     [2] SAOP_STOCK: se ni na vrsti po razporedu; preskoceno.
19:14:06     [3] SAOP_STOCK: se ni na vrsti po razporedu; preskoceno.
19:14:06     [4] SAOP_STOCK: se ni na vrsti po razporedu; preskoceno.
19:14:06     konec: Zaloga iz SAOP (kolicine)
19:14:06  Zalogovni cikel koncan; padlih korakov: 0.
19:17:26  == Zaloga NW_STOCK ==
19:17:27     SOURCE_FETCH: se ni na vrsti po razporedu; preskoceno.
19:17:29     Prebranih zapisov: 2763; SHA-256: b0b5cf29a58dac9b3412a323c6452914d6da4b911f9fccccb0128040a0724a2b
19:17:29     STOCK_FILE pri podjetju 1: se ni na vrsti po razporedu; preskoceno.
19:17:30     Prebranih zapisov: 2763; SHA-256: b0b5cf29a58dac9b3412a323c6452914d6da4b911f9fccccb0128040a0724a2b
19:17:30     STOCK_FILE pri podjetju 2: se ni na vrsti po razporedu; preskoceno.
19:17:31     Prebranih zapisov: 2763; SHA-256: b0b5cf29a58dac9b3412a323c6452914d6da4b911f9fccccb0128040a0724a2b
19:17:31     STOCK_FILE pri podjetju 3: se ni na vrsti po razporedu; preskoceno.
19:17:32     Prebranih zapisov: 2763; SHA-256: b0b5cf29a58dac9b3412a323c6452914d6da4b911f9fccccb0128040a0724a2b
19:17:33     STOCK_FILE pri podjetju 4: se ni na vrsti po razporedu; preskoceno.
19:17:33     konec: Zaloga NW_STOCK
19:17:33  == Zaloga BT_STOCK ==
19:17:34     SOURCE_FETCH: se ni na vrsti po razporedu; preskoceno.
19:17:34     Prebranih zapisov: 1389; SHA-256: 88b7c3e1f331eec94b93a68da91e45c3cb67f61785dc722e54236f147e3efb63
19:17:35     STOCK_FILE pri podjetju 1: se ni na vrsti po razporedu; preskoceno.
19:17:35     Prebranih zapisov: 1389; SHA-256: 88b7c3e1f331eec94b93a68da91e45c3cb67f61785dc722e54236f147e3efb63
19:17:36     STOCK_FILE pri podjetju 2: se ni na vrsti po razporedu; preskoceno.
19:17:36     Prebranih zapisov: 1389; SHA-256: 88b7c3e1f331eec94b93a68da91e45c3cb67f61785dc722e54236f147e3efb63
19:17:37     STOCK_FILE pri podjetju 3: se ni na vrsti po razporedu; preskoceno.
19:17:38     Prebranih zapisov: 1389; SHA-256: 88b7c3e1f331eec94b93a68da91e45c3cb67f61785dc722e54236f147e3efb63
19:17:38     STOCK_FILE pri podjetju 4: se ni na vrsti po razporedu; preskoceno.
19:17:38     konec: Zaloga BT_STOCK
19:17:38  == Zaloga iz SAOP (kolicine) ==
19:17:39     [1] SAOP_STOCK: se ni na vrsti po razporedu; preskoceno.
19:17:39     [2] SAOP_STOCK: se ni na vrsti po razporedu; preskoceno.
19:17:39     [3] SAOP_STOCK: se ni na vrsti po razporedu; preskoceno.
19:17:39     [4] SAOP_STOCK: se ni na vrsti po razporedu; preskoceno.
19:17:39     konec: Zaloga iz SAOP (kolicine)
19:17:39  Zalogovni cikel koncan; padlih korakov: 0.
19:22:26  == Zaloga NW_STOCK ==
19:22:27     [NW_STOCK] preskoceno: Razmik dobavitelja se tece; naslednji prenos po 2. 09. 2026 19:39.
19:22:27     Prevzem koncan: uspesno 0, neuspesno 0, skupaj virov 1.
19:22:28     Prebranih zapisov: 2763; SHA-256: b0b5cf29a58dac9b3412a323c6452914d6da4b911f9fccccb0128040a0724a2b
19:22:30     Ta posnetek je ze v bazi; vir=NW_STOCK, podjetje=1, cas posnetka=2026-09-02 15:39:50Z, uporabljenih=2763, v karanteni=0, RunId=13c647c5-ec08-4551-add5-c5051bd7324a. Zapisano ni bilo nic.
19:22:31     Prebranih zapisov: 2763; SHA-256: b0b5cf29a58dac9b3412a323c6452914d6da4b911f9fccccb0128040a0724a2b
19:22:31     Ta posnetek je ze v bazi; vir=NW_STOCK, podjetje=2, cas posnetka=2026-09-02 15:39:50Z, uporabljenih=2763, v karanteni=0, RunId=87d89fd9-58de-4436-bb57-2ceea29de223. Zapisano ni bilo nic.
19:22:32     Prebranih zapisov: 2763; SHA-256: b0b5cf29a58dac9b3412a323c6452914d6da4b911f9fccccb0128040a0724a2b
19:22:32     Ta posnetek je ze v bazi; vir=NW_STOCK, podjetje=3, cas posnetka=2026-09-02 15:39:50Z, uporabljenih=2763, v karanteni=0, RunId=6eedc623-58e5-47fc-8e28-6fd56e80d310. Zapisano ni bilo nic.
19:22:33     Prebranih zapisov: 2763; SHA-256: b0b5cf29a58dac9b3412a323c6452914d6da4b911f9fccccb0128040a0724a2b
19:22:33     Ta posnetek je ze v bazi; vir=NW_STOCK, podjetje=4, cas posnetka=2026-09-02 15:39:50Z, uporabljenih=2763, v karanteni=0, RunId=ce9ccbb1-e4c7-48f0-96fe-dae370f5b77f. Zapisano ni bilo nic.
19:22:33     konec: Zaloga NW_STOCK
19:22:33  == Zaloga BT_STOCK ==
19:22:34     SOURCE_FETCH: se ni na vrsti po razporedu; preskoceno.
19:22:35     Prebranih zapisov: 1389; SHA-256: 88b7c3e1f331eec94b93a68da91e45c3cb67f61785dc722e54236f147e3efb63
19:22:35     STOCK_FILE pri podjetju 1: se ni na vrsti po razporedu; preskoceno.
19:22:36     Prebranih zapisov: 1389; SHA-256: 88b7c3e1f331eec94b93a68da91e45c3cb67f61785dc722e54236f147e3efb63
19:22:36     STOCK_FILE pri podjetju 2: se ni na vrsti po razporedu; preskoceno.
19:22:37     Prebranih zapisov: 1389; SHA-256: 88b7c3e1f331eec94b93a68da91e45c3cb67f61785dc722e54236f147e3efb63
19:22:37     STOCK_FILE pri podjetju 3: se ni na vrsti po razporedu; preskoceno.
19:22:38     Prebranih zapisov: 1389; SHA-256: 88b7c3e1f331eec94b93a68da91e45c3cb67f61785dc722e54236f147e3efb63
19:22:38     STOCK_FILE pri podjetju 4: se ni na vrsti po razporedu; preskoceno.
19:22:38     konec: Zaloga BT_STOCK
19:22:38  == Zaloga iz SAOP (kolicine) ==
19:22:39     [1] SAOP_STOCK: se ni na vrsti po razporedu; preskoceno.
19:22:39     [2] SAOP_STOCK: se ni na vrsti po razporedu; preskoceno.
19:22:39     [3] SAOP_STOCK: se ni na vrsti po razporedu; preskoceno.
19:22:39     [4] SAOP_STOCK: se ni na vrsti po razporedu; preskoceno.
19:22:39     konec: Zaloga iz SAOP (kolicine)
19:22:39  Zalogovni cikel koncan; padlih korakov: 0.
19:27:26  == Zaloga NW_STOCK ==
19:27:27     [NW_STOCK] preskoceno: Razmik dobavitelja se tece; naslednji prenos po 2. 09. 2026 19:39.
19:27:27     Prevzem koncan: uspesno 0, neuspesno 0, skupaj virov 1.
19:27:28     Prebranih zapisov: 2763; SHA-256: b0b5cf29a58dac9b3412a323c6452914d6da4b911f9fccccb0128040a0724a2b
19:27:29     Ta posnetek je ze v bazi; vir=NW_STOCK, podjetje=1, cas posnetka=2026-09-02 15:39:50Z, uporabljenih=2763, v karanteni=0, RunId=13c647c5-ec08-4551-add5-c5051bd7324a. Zapisano ni bilo nic.
19:27:29     Prebranih zapisov: 2763; SHA-256: b0b5cf29a58dac9b3412a323c6452914d6da4b911f9fccccb0128040a0724a2b
19:27:30     STOCK_FILE pri podjetju 2: se ni na vrsti po razporedu; preskoceno.
19:27:31     Prebranih zapisov: 2763; SHA-256: b0b5cf29a58dac9b3412a323c6452914d6da4b911f9fccccb0128040a0724a2b
19:27:31     STOCK_FILE pri podjetju 3: se ni na vrsti po razporedu; preskoceno.
19:27:32     Prebranih zapisov: 2763; SHA-256: b0b5cf29a58dac9b3412a323c6452914d6da4b911f9fccccb0128040a0724a2b
19:27:32     STOCK_FILE pri podjetju 4: se ni na vrsti po razporedu; preskoceno.
19:27:32     konec: Zaloga NW_STOCK
19:27:32  == Zaloga BT_STOCK ==
19:27:33     SOURCE_FETCH: se ni na vrsti po razporedu; preskoceno.
19:27:34     Prebranih zapisov: 1389; SHA-256: 88b7c3e1f331eec94b93a68da91e45c3cb67f61785dc722e54236f147e3efb63
19:27:34     STOCK_FILE pri podjetju 1: se ni na vrsti po razporedu; preskoceno.
19:27:35     Prebranih zapisov: 1389; SHA-256: 88b7c3e1f331eec94b93a68da91e45c3cb67f61785dc722e54236f147e3efb63
19:27:36     Ta posnetek je ze v bazi; vir=BT_STOCK, podjetje=2, cas posnetka=2026-09-02 16:39:55Z, uporabljenih=1389, v karanteni=0, RunId=f1953183-3abf-42a5-91cd-1677b89581d1. Zapisano ni bilo nic.
19:27:37     Prebranih zapisov: 1389; SHA-256: 88b7c3e1f331eec94b93a68da91e45c3cb67f61785dc722e54236f147e3efb63
19:27:37     Ta posnetek je ze v bazi; vir=BT_STOCK, podjetje=3, cas posnetka=2026-09-02 16:39:55Z, uporabljenih=1389, v karanteni=0, RunId=680e3a50-81b6-4668-860d-52d0c1e429d4. Zapisano ni bilo nic.
19:27:38     Prebranih zapisov: 1389; SHA-256: 88b7c3e1f331eec94b93a68da91e45c3cb67f61785dc722e54236f147e3efb63
19:27:38     Ta posnetek je ze v bazi; vir=BT_STOCK, podjetje=4, cas posnetka=2026-09-02 16:39:55Z, uporabljenih=1389, v karanteni=0, RunId=79b3b0aa-02c9-4df1-aeae-e68412b1e9e4. Zapisano ni bilo nic.
19:27:38     konec: Zaloga BT_STOCK
19:27:38  == Zaloga iz SAOP (kolicine) ==
19:27:39     [1] SAOP_STOCK: se ni na vrsti po razporedu; preskoceno.
19:27:39     [2] SAOP_STOCK: se ni na vrsti po razporedu; preskoceno.
19:27:39     [3] SAOP_STOCK: se ni na vrsti po razporedu; preskoceno.
19:27:39     [4] SAOP_STOCK: se ni na vrsti po razporedu; preskoceno.
19:27:39     konec: Zaloga iz SAOP (kolicine)
19:27:39  Zalogovni cikel koncan; padlih korakov: 0.
19:32:26  == Zaloga NW_STOCK ==
19:32:27     SOURCE_FETCH: se ni na vrsti po razporedu; preskoceno.
19:32:28     Prebranih zapisov: 2763; SHA-256: b0b5cf29a58dac9b3412a323c6452914d6da4b911f9fccccb0128040a0724a2b
19:32:28     STOCK_FILE pri podjetju 1: se ni na vrsti po razporedu; preskoceno.
19:32:29     Prebranih zapisov: 2763; SHA-256: b0b5cf29a58dac9b3412a323c6452914d6da4b911f9fccccb0128040a0724a2b
19:32:29     STOCK_FILE pri podjetju 2: se ni na vrsti po razporedu; preskoceno.
19:32:30     Prebranih zapisov: 2763; SHA-256: b0b5cf29a58dac9b3412a323c6452914d6da4b911f9fccccb0128040a0724a2b
19:32:30     STOCK_FILE pri podjetju 3: se ni na vrsti po razporedu; preskoceno.
19:32:31     Prebranih zapisov: 2763; SHA-256: b0b5cf29a58dac9b3412a323c6452914d6da4b911f9fccccb0128040a0724a2b
19:32:31     STOCK_FILE pri podjetju 4: se ni na vrsti po razporedu; preskoceno.
19:32:31     konec: Zaloga NW_STOCK
19:32:31  == Zaloga BT_STOCK ==
19:32:32     [BT_STOCK] preskoceno: Razmik dobavitelja se tece; naslednji prenos po 2. 09. 2026 21:39.
19:32:32     Prevzem koncan: uspesno 0, neuspesno 0, skupaj virov 1.
19:32:33     Prebranih zapisov: 1389; SHA-256: 88b7c3e1f331eec94b93a68da91e45c3cb67f61785dc722e54236f147e3efb63
19:32:34     Ta posnetek je ze v bazi; vir=BT_STOCK, podjetje=1, cas posnetka=2026-09-02 16:39:55Z, uporabljenih=1389, v karanteni=0, RunId=e4912780-b225-4977-b541-4c5c7a771824. Zapisano ni bilo nic.
19:32:35     Prebranih zapisov: 1389; SHA-256: 88b7c3e1f331eec94b93a68da91e45c3cb67f61785dc722e54236f147e3efb63
19:32:35     STOCK_FILE pri podjetju 2: se ni na vrsti po razporedu; preskoceno.
19:32:36     Prebranih zapisov: 1389; SHA-256: 88b7c3e1f331eec94b93a68da91e45c3cb67f61785dc722e54236f147e3efb63
19:32:36     STOCK_FILE pri podjetju 3: se ni na vrsti po razporedu; preskoceno.
19:32:37     Prebranih zapisov: 1389; SHA-256: 88b7c3e1f331eec94b93a68da91e45c3cb67f61785dc722e54236f147e3efb63
19:32:37     STOCK_FILE pri podjetju 4: se ni na vrsti po razporedu; preskoceno.
19:32:37     konec: Zaloga BT_STOCK
19:32:37  == Zaloga iz SAOP (kolicine) ==
19:32:38     [1] SAOP_STOCK: se ni na vrsti po razporedu; preskoceno.
19:32:38     [2] SAOP_STOCK: se ni na vrsti po razporedu; preskoceno.
19:32:38     [3] SAOP_STOCK: se ni na vrsti po razporedu; preskoceno.
19:32:38     [4] SAOP_STOCK: se ni na vrsti po razporedu; preskoceno.
19:32:38     konec: Zaloga iz SAOP (kolicine)
19:32:38  Zalogovni cikel koncan; padlih korakov: 0.
19:37:26  == Zaloga NW_STOCK ==
19:37:27     SOURCE_FETCH: se ni na vrsti po razporedu; preskoceno.
19:37:28     Prebranih zapisov: 2763; SHA-256: b0b5cf29a58dac9b3412a323c6452914d6da4b911f9fccccb0128040a0724a2b
19:37:29     STOCK_FILE pri podjetju 1: se ni na vrsti po razporedu; preskoceno.
19:37:29     Prebranih zapisov: 2763; SHA-256: b0b5cf29a58dac9b3412a323c6452914d6da4b911f9fccccb0128040a0724a2b
19:37:30     Ta posnetek je ze v bazi; vir=NW_STOCK, podjetje=2, cas posnetka=2026-09-02 15:39:50Z, uporabljenih=2763, v karanteni=0, RunId=87d89fd9-58de-4436-bb57-2ceea29de223. Zapisano ni bilo nic.
19:37:30     Prebranih zapisov: 2763; SHA-256: b0b5cf29a58dac9b3412a323c6452914d6da4b911f9fccccb0128040a0724a2b
19:37:31     Ta posnetek je ze v bazi; vir=NW_STOCK, podjetje=3, cas posnetka=2026-09-02 15:39:50Z, uporabljenih=2763, v karanteni=0, RunId=6eedc623-58e5-47fc-8e28-6fd56e80d310. Zapisano ni bilo nic.
19:37:32     Prebranih zapisov: 2763; SHA-256: b0b5cf29a58dac9b3412a323c6452914d6da4b911f9fccccb0128040a0724a2b
19:37:32     Ta posnetek je ze v bazi; vir=NW_STOCK, podjetje=4, cas posnetka=2026-09-02 15:39:50Z, uporabljenih=2763, v karanteni=0, RunId=ce9ccbb1-e4c7-48f0-96fe-dae370f5b77f. Zapisano ni bilo nic.
19:37:32     konec: Zaloga NW_STOCK
19:37:32  == Zaloga BT_STOCK ==
19:37:33     [BT_STOCK] preskoceno: Razmik dobavitelja se tece; naslednji prenos po 2. 09. 2026 21:39.
19:37:33     Prevzem koncan: uspesno 0, neuspesno 0, skupaj virov 1.
19:37:34     Prebranih zapisov: 1389; SHA-256: 88b7c3e1f331eec94b93a68da91e45c3cb67f61785dc722e54236f147e3efb63
19:37:34     Ta posnetek je ze v bazi; vir=BT_STOCK, podjetje=1, cas posnetka=2026-09-02 16:39:55Z, uporabljenih=1389, v karanteni=0, RunId=e4912780-b225-4977-b541-4c5c7a771824. Zapisano ni bilo nic.
19:37:35     Prebranih zapisov: 1389; SHA-256: 88b7c3e1f331eec94b93a68da91e45c3cb67f61785dc722e54236f147e3efb63
19:37:35     STOCK_FILE pri podjetju 2: se ni na vrsti po razporedu; preskoceno.
19:37:36     Prebranih zapisov: 1389; SHA-256: 88b7c3e1f331eec94b93a68da91e45c3cb67f61785dc722e54236f147e3efb63
19:37:36     STOCK_FILE pri podjetju 3: se ni na vrsti po razporedu; preskoceno.
19:37:37     Prebranih zapisov: 1389; SHA-256: 88b7c3e1f331eec94b93a68da91e45c3cb67f61785dc722e54236f147e3efb63
19:37:37     STOCK_FILE pri podjetju 4: se ni na vrsti po razporedu; preskoceno.
19:37:37     konec: Zaloga BT_STOCK
19:37:37  == Zaloga iz SAOP (kolicine) ==
19:37:38     [1] SAOP_STOCK: se ni na vrsti po razporedu; preskoceno.
19:37:38     [2] SAOP_STOCK: se ni na vrsti po razporedu; preskoceno.
19:37:38     [3] SAOP_STOCK: se ni na vrsti po razporedu; preskoceno.
19:37:38     [4] SAOP_STOCK: se ni na vrsti po razporedu; preskoceno.
19:37:38     konec: Zaloga iz SAOP (kolicine)
19:37:38  Zalogovni cikel koncan; padlih korakov: 0.
19:42:26  == Zaloga NW_STOCK ==
19:42:28     SOURCE_FETCH: se ni na vrsti po razporedu; preskoceno.
19:42:29     Prebranih zapisov: 2763; SHA-256: b0b5cf29a58dac9b3412a323c6452914d6da4b911f9fccccb0128040a0724a2b
19:42:29     STOCK_FILE pri podjetju 1: se ni na vrsti po razporedu; preskoceno.
19:42:30     Prebranih zapisov: 2763; SHA-256: b0b5cf29a58dac9b3412a323c6452914d6da4b911f9fccccb0128040a0724a2b
19:42:31     Ta posnetek je ze v bazi; vir=NW_STOCK, podjetje=2, cas posnetka=2026-09-02 15:39:50Z, uporabljenih=2763, v karanteni=0, RunId=87d89fd9-58de-4436-bb57-2ceea29de223. Zapisano ni bilo nic.
19:42:32     Prebranih zapisov: 2763; SHA-256: b0b5cf29a58dac9b3412a323c6452914d6da4b911f9fccccb0128040a0724a2b
19:42:32     Ta posnetek je ze v bazi; vir=NW_STOCK, podjetje=3, cas posnetka=2026-09-02 15:39:50Z, uporabljenih=2763, v karanteni=0, RunId=6eedc623-58e5-47fc-8e28-6fd56e80d310. Zapisano ni bilo nic.
19:42:33     Prebranih zapisov: 2763; SHA-256: b0b5cf29a58dac9b3412a323c6452914d6da4b911f9fccccb0128040a0724a2b
19:42:33     Ta posnetek je ze v bazi; vir=NW_STOCK, podjetje=4, cas posnetka=2026-09-02 15:39:50Z, uporabljenih=2763, v karanteni=0, RunId=ce9ccbb1-e4c7-48f0-96fe-dae370f5b77f. Zapisano ni bilo nic.
19:42:33     konec: Zaloga NW_STOCK
19:42:33  == Zaloga BT_STOCK ==
19:42:34     [BT_STOCK] preskoceno: Razmik dobavitelja se tece; naslednji prenos po 2. 09. 2026 21:39.
19:42:34     Prevzem koncan: uspesno 0, neuspesno 0, skupaj virov 1.
19:42:35     Prebranih zapisov: 1389; SHA-256: 88b7c3e1f331eec94b93a68da91e45c3cb67f61785dc722e54236f147e3efb63
19:42:35     Ta posnetek je ze v bazi; vir=BT_STOCK, podjetje=1, cas posnetka=2026-09-02 16:39:55Z, uporabljenih=1389, v karanteni=0, RunId=e4912780-b225-4977-b541-4c5c7a771824. Zapisano ni bilo nic.
19:42:36     Prebranih zapisov: 1389; SHA-256: 88b7c3e1f331eec94b93a68da91e45c3cb67f61785dc722e54236f147e3efb63
19:42:37     STOCK_FILE pri podjetju 2: se ni na vrsti po razporedu; preskoceno.
19:42:37     Prebranih zapisov: 1389; SHA-256: 88b7c3e1f331eec94b93a68da91e45c3cb67f61785dc722e54236f147e3efb63
19:42:38     STOCK_FILE pri podjetju 3: se ni na vrsti po razporedu; preskoceno.
19:42:39     Prebranih zapisov: 1389; SHA-256: 88b7c3e1f331eec94b93a68da91e45c3cb67f61785dc722e54236f147e3efb63
19:42:39     STOCK_FILE pri podjetju 4: se ni na vrsti po razporedu; preskoceno.
19:42:39     konec: Zaloga BT_STOCK
19:42:39  == Zaloga iz SAOP (kolicine) ==
19:42:41     [1] SAOP_STOCK: se ni na vrsti po razporedu; preskoceno.
19:42:41     [2] SAOP_STOCK: se ni na vrsti po razporedu; preskoceno.
19:42:41     [3] SAOP_STOCK: se ni na vrsti po razporedu; preskoceno.
19:42:41     [4] SAOP_STOCK: se ni na vrsti po razporedu; preskoceno.
19:42:41     konec: Zaloga iz SAOP (kolicine)
19:42:41  Zalogovni cikel koncan; padlih korakov: 0.
19:47:26  == Zaloga NW_STOCK ==
19:47:28     SOURCE_FETCH: se ni na vrsti po razporedu; preskoceno.
19:47:29     Prebranih zapisov: 2763; SHA-256: b0b5cf29a58dac9b3412a323c6452914d6da4b911f9fccccb0128040a0724a2b
19:47:29     STOCK_FILE pri podjetju 1: se ni na vrsti po razporedu; preskoceno.
19:47:30     Prebranih zapisov: 2763; SHA-256: b0b5cf29a58dac9b3412a323c6452914d6da4b911f9fccccb0128040a0724a2b
19:47:30     STOCK_FILE pri podjetju 2: se ni na vrsti po razporedu; preskoceno.
19:47:31     Prebranih zapisov: 2763; SHA-256: b0b5cf29a58dac9b3412a323c6452914d6da4b911f9fccccb0128040a0724a2b
19:47:31     STOCK_FILE pri podjetju 3: se ni na vrsti po razporedu; preskoceno.
19:47:32     Prebranih zapisov: 2763; SHA-256: b0b5cf29a58dac9b3412a323c6452914d6da4b911f9fccccb0128040a0724a2b
19:47:32     STOCK_FILE pri podjetju 4: se ni na vrsti po razporedu; preskoceno.
19:47:32     konec: Zaloga NW_STOCK
19:47:32  == Zaloga BT_STOCK ==
19:47:34     SOURCE_FETCH: se ni na vrsti po razporedu; preskoceno.
19:47:35     Prebranih zapisov: 1389; SHA-256: 88b7c3e1f331eec94b93a68da91e45c3cb67f61785dc722e54236f147e3efb63
19:47:35     STOCK_FILE pri podjetju 1: se ni na vrsti po razporedu; preskoceno.
19:47:36     Prebranih zapisov: 1389; SHA-256: 88b7c3e1f331eec94b93a68da91e45c3cb67f61785dc722e54236f147e3efb63
19:47:37     Ta posnetek je ze v bazi; vir=BT_STOCK, podjetje=2, cas posnetka=2026-09-02 16:39:55Z, uporabljenih=1389, v karanteni=0, RunId=f1953183-3abf-42a5-91cd-1677b89581d1. Zapisano ni bilo nic.
19:47:38     Prebranih zapisov: 1389; SHA-256: 88b7c3e1f331eec94b93a68da91e45c3cb67f61785dc722e54236f147e3efb63
19:47:38     Ta posnetek je ze v bazi; vir=BT_STOCK, podjetje=3, cas posnetka=2026-09-02 16:39:55Z, uporabljenih=1389, v karanteni=0, RunId=680e3a50-81b6-4668-860d-52d0c1e429d4. Zapisano ni bilo nic.
19:47:39     Prebranih zapisov: 1389; SHA-256: 88b7c3e1f331eec94b93a68da91e45c3cb67f61785dc722e54236f147e3efb63
19:47:39     Ta posnetek je ze v bazi; vir=BT_STOCK, podjetje=4, cas posnetka=2026-09-02 16:39:55Z, uporabljenih=1389, v karanteni=0, RunId=79b3b0aa-02c9-4df1-aeae-e68412b1e9e4. Zapisano ni bilo nic.
19:47:39     konec: Zaloga BT_STOCK
19:47:39  == Zaloga iz SAOP (kolicine) ==
19:47:41     [1] SAOP_STOCK: se ni na vrsti po razporedu; preskoceno.
19:47:41     [2] SAOP_STOCK: se ni na vrsti po razporedu; preskoceno.
19:47:41     [3] SAOP_STOCK: se ni na vrsti po razporedu; preskoceno.
19:47:41     [4] SAOP_STOCK: se ni na vrsti po razporedu; preskoceno.
19:47:41     konec: Zaloga iz SAOP (kolicine)
19:47:41  Zalogovni cikel koncan; padlih korakov: 0.
19:52:26  == Zaloga NW_STOCK ==
19:52:28     [NW_STOCK] prevzeto 87.342 bajtov -> C:\Users\david\Desktop\PIM\NoviPIM\PIM_Solution\data\prevzem\NW_STOCK\nw-zaloga.csv
19:52:28     Prevzem koncan: uspesno 1, neuspesno 0, skupaj virov 1.
19:52:30     Prebranih zapisov: 2763; SHA-256: 1fda612debce4cfca4054ed8beec61c283712792aa55071fd617dcf61d57f4ff
19:52:33     Zaloga zapisana; vir=NW_STOCK, podjetje=1, uporabljenih=2763, v karanteni=0, RunId=3f5e557c-8c94-49d8-8c35-ddf9ad868803.
19:52:34     Prebranih zapisov: 2763; SHA-256: 1fda612debce4cfca4054ed8beec61c283712792aa55071fd617dcf61d57f4ff
19:52:34     STOCK_FILE pri podjetju 2: se ni na vrsti po razporedu; preskoceno.
19:52:35     Prebranih zapisov: 2763; SHA-256: 1fda612debce4cfca4054ed8beec61c283712792aa55071fd617dcf61d57f4ff
19:52:35     STOCK_FILE pri podjetju 3: se ni na vrsti po razporedu; preskoceno.
19:52:36     Prebranih zapisov: 2763; SHA-256: 1fda612debce4cfca4054ed8beec61c283712792aa55071fd617dcf61d57f4ff
19:52:37     STOCK_FILE pri podjetju 4: se ni na vrsti po razporedu; preskoceno.
19:52:37     konec: Zaloga NW_STOCK
19:52:37  == Zaloga BT_STOCK ==
19:52:38     SOURCE_FETCH: se ni na vrsti po razporedu; preskoceno.
19:52:39     Prebranih zapisov: 1389; SHA-256: 88b7c3e1f331eec94b93a68da91e45c3cb67f61785dc722e54236f147e3efb63
19:52:39     STOCK_FILE pri podjetju 1: se ni na vrsti po razporedu; preskoceno.
19:52:40     Prebranih zapisov: 1389; SHA-256: 88b7c3e1f331eec94b93a68da91e45c3cb67f61785dc722e54236f147e3efb63
19:52:40     Ta posnetek je ze v bazi; vir=BT_STOCK, podjetje=2, cas posnetka=2026-09-02 16:39:55Z, uporabljenih=1389, v karanteni=0, RunId=f1953183-3abf-42a5-91cd-1677b89581d1. Zapisano ni bilo nic.
19:52:41     Prebranih zapisov: 1389; SHA-256: 88b7c3e1f331eec94b93a68da91e45c3cb67f61785dc722e54236f147e3efb63
19:52:42     Ta posnetek je ze v bazi; vir=BT_STOCK, podjetje=3, cas posnetka=2026-09-02 16:39:55Z, uporabljenih=1389, v karanteni=0, RunId=680e3a50-81b6-4668-860d-52d0c1e429d4. Zapisano ni bilo nic.
19:52:43     Prebranih zapisov: 1389; SHA-256: 88b7c3e1f331eec94b93a68da91e45c3cb67f61785dc722e54236f147e3efb63
19:52:43     Ta posnetek je ze v bazi; vir=BT_STOCK, podjetje=4, cas posnetka=2026-09-02 16:39:55Z, uporabljenih=1389, v karanteni=0, RunId=79b3b0aa-02c9-4df1-aeae-e68412b1e9e4. Zapisano ni bilo nic.
19:52:43     konec: Zaloga BT_STOCK
19:52:43  == Zaloga iz SAOP (kolicine) ==
19:52:44     [1] SAOP_STOCK: se ni na vrsti po razporedu; preskoceno.
19:52:44     [2] SAOP_STOCK: se ni na vrsti po razporedu; preskoceno.
19:52:44     [3] SAOP_STOCK: se ni na vrsti po razporedu; preskoceno.
19:52:44     [4] SAOP_STOCK: se ni na vrsti po razporedu; preskoceno.
19:52:44     konec: Zaloga iz SAOP (kolicine)
19:52:44  Zalogovni cikel koncan; padlih korakov: 0.
19:57:26  == Zaloga NW_STOCK ==
19:57:27     SOURCE_FETCH: se ni na vrsti po razporedu; preskoceno.
19:57:28     Prebranih zapisov: 2763; SHA-256: 1fda612debce4cfca4054ed8beec61c283712792aa55071fd617dcf61d57f4ff
19:57:28     STOCK_FILE pri podjetju 1: se ni na vrsti po razporedu; preskoceno.
19:57:29     Prebranih zapisov: 2763; SHA-256: 1fda612debce4cfca4054ed8beec61c283712792aa55071fd617dcf61d57f4ff
19:57:29     STOCK_FILE pri podjetju 2: se ni na vrsti po razporedu; preskoceno.
19:57:30     Prebranih zapisov: 2763; SHA-256: 1fda612debce4cfca4054ed8beec61c283712792aa55071fd617dcf61d57f4ff
19:57:30     STOCK_FILE pri podjetju 3: se ni na vrsti po razporedu; preskoceno.
19:57:31     Prebranih zapisov: 2763; SHA-256: 1fda612debce4cfca4054ed8beec61c283712792aa55071fd617dcf61d57f4ff
19:57:32     STOCK_FILE pri podjetju 4: se ni na vrsti po razporedu; preskoceno.
19:57:32     konec: Zaloga NW_STOCK
19:57:32  == Zaloga BT_STOCK ==
19:57:33     [BT_STOCK] preskoceno: Razmik dobavitelja se tece; naslednji prenos po 2. 09. 2026 21:39.
19:57:33     Prevzem koncan: uspesno 0, neuspesno 0, skupaj virov 1.
19:57:34     Prebranih zapisov: 1389; SHA-256: 88b7c3e1f331eec94b93a68da91e45c3cb67f61785dc722e54236f147e3efb63
19:57:35     Ta posnetek je ze v bazi; vir=BT_STOCK, podjetje=1, cas posnetka=2026-09-02 16:39:55Z, uporabljenih=1389, v karanteni=0, RunId=e4912780-b225-4977-b541-4c5c7a771824. Zapisano ni bilo nic.
19:57:37     Prebranih zapisov: 1389; SHA-256: 88b7c3e1f331eec94b93a68da91e45c3cb67f61785dc722e54236f147e3efb63
19:57:37     STOCK_FILE pri podjetju 2: se ni na vrsti po razporedu; preskoceno.
19:57:38     Prebranih zapisov: 1389; SHA-256: 88b7c3e1f331eec94b93a68da91e45c3cb67f61785dc722e54236f147e3efb63
19:57:38     STOCK_FILE pri podjetju 3: se ni na vrsti po razporedu; preskoceno.
19:57:39     Prebranih zapisov: 1389; SHA-256: 88b7c3e1f331eec94b93a68da91e45c3cb67f61785dc722e54236f147e3efb63
19:57:39     STOCK_FILE pri podjetju 4: se ni na vrsti po razporedu; preskoceno.
19:57:39     konec: Zaloga BT_STOCK
19:57:39  == Zaloga iz SAOP (kolicine) ==
19:57:41     [1] SAOP_STOCK: se ni na vrsti po razporedu; preskoceno.
19:57:41     [2] SAOP_STOCK: se ni na vrsti po razporedu; preskoceno.
19:57:41     [3] SAOP_STOCK: se ni na vrsti po razporedu; preskoceno.
19:57:41     [4] SAOP_STOCK: se ni na vrsti po razporedu; preskoceno.
19:57:41     konec: Zaloga iz SAOP (kolicine)
19:57:41  Zalogovni cikel koncan; padlih korakov: 0.
20:02:26  == Zaloga NW_STOCK ==
20:02:27     SOURCE_FETCH: se ni na vrsti po razporedu; preskoceno.
20:02:29     Prebranih zapisov: 2763; SHA-256: 1fda612debce4cfca4054ed8beec61c283712792aa55071fd617dcf61d57f4ff
20:02:29     STOCK_FILE pri podjetju 1: se ni na vrsti po razporedu; preskoceno.
20:02:30     Prebranih zapisov: 2763; SHA-256: 1fda612debce4cfca4054ed8beec61c283712792aa55071fd617dcf61d57f4ff
20:02:33     Zaloga zapisana; vir=NW_STOCK, podjetje=2, uporabljenih=2763, v karanteni=0, RunId=28e50482-5277-4283-9834-c1b3cf2259ba.
20:02:34     Prebranih zapisov: 2763; SHA-256: 1fda612debce4cfca4054ed8beec61c283712792aa55071fd617dcf61d57f4ff
20:02:36     Zaloga zapisana; vir=NW_STOCK, podjetje=3, uporabljenih=2763, v karanteni=0, RunId=49f0d016-f046-449b-becd-324e84bacad7.
20:02:37     Prebranih zapisov: 2763; SHA-256: 1fda612debce4cfca4054ed8beec61c283712792aa55071fd617dcf61d57f4ff
20:02:39     Zaloga zapisana; vir=NW_STOCK, podjetje=4, uporabljenih=2763, v karanteni=0, RunId=846a949d-e8d3-49e6-9453-278ffb258e36.
20:02:39     konec: Zaloga NW_STOCK
20:02:39  == Zaloga BT_STOCK ==
20:02:40     [BT_STOCK] preskoceno: Razmik dobavitelja se tece; naslednji prenos po 2. 09. 2026 21:39.
20:02:40     Prevzem koncan: uspesno 0, neuspesno 0, skupaj virov 1.
20:02:41     Prebranih zapisov: 1389; SHA-256: 88b7c3e1f331eec94b93a68da91e45c3cb67f61785dc722e54236f147e3efb63
20:02:42     Ta posnetek je ze v bazi; vir=BT_STOCK, podjetje=1, cas posnetka=2026-09-02 16:39:55Z, uporabljenih=1389, v karanteni=0, RunId=e4912780-b225-4977-b541-4c5c7a771824. Zapisano ni bilo nic.
20:02:43     Prebranih zapisov: 1389; SHA-256: 88b7c3e1f331eec94b93a68da91e45c3cb67f61785dc722e54236f147e3efb63
20:02:43     STOCK_FILE pri podjetju 2: se ni na vrsti po razporedu; preskoceno.
20:02:44     Prebranih zapisov: 1389; SHA-256: 88b7c3e1f331eec94b93a68da91e45c3cb67f61785dc722e54236f147e3efb63
20:02:44     STOCK_FILE pri podjetju 3: se ni na vrsti po razporedu; preskoceno.
20:02:45     Prebranih zapisov: 1389; SHA-256: 88b7c3e1f331eec94b93a68da91e45c3cb67f61785dc722e54236f147e3efb63
20:02:45     STOCK_FILE pri podjetju 4: se ni na vrsti po razporedu; preskoceno.
20:02:45     konec: Zaloga BT_STOCK
20:02:45  == Zaloga iz SAOP (kolicine) ==
20:02:47     [1] SAOP_STOCK: se ni na vrsti po razporedu; preskoceno.
20:02:47     [2] SAOP_STOCK: se ni na vrsti po razporedu; preskoceno.
20:02:47     [3] SAOP_STOCK: se ni na vrsti po razporedu; preskoceno.
20:02:47     [4] SAOP_STOCK: se ni na vrsti po razporedu; preskoceno.
20:02:47     konec: Zaloga iz SAOP (kolicine)
20:02:47  Zalogovni cikel koncan; padlih korakov: 0.
20:07:26  == Zaloga NW_STOCK ==
20:07:28     SOURCE_FETCH: se ni na vrsti po razporedu; preskoceno.
20:07:29     Prebranih zapisov: 2763; SHA-256: 1fda612debce4cfca4054ed8beec61c283712792aa55071fd617dcf61d57f4ff
20:07:29     STOCK_FILE pri podjetju 1: se ni na vrsti po razporedu; preskoceno.
20:07:30     Prebranih zapisov: 2763; SHA-256: 1fda612debce4cfca4054ed8beec61c283712792aa55071fd617dcf61d57f4ff
20:07:31     Ta posnetek je ze v bazi; vir=NW_STOCK, podjetje=2, cas posnetka=2026-09-02 17:52:28Z, uporabljenih=2763, v karanteni=0, RunId=28e50482-5277-4283-9834-c1b3cf2259ba. Zapisano ni bilo nic.
20:07:32     Prebranih zapisov: 2763; SHA-256: 1fda612debce4cfca4054ed8beec61c283712792aa55071fd617dcf61d57f4ff
20:07:33     STOCK_FILE pri podjetju 3: se ni na vrsti po razporedu; preskoceno.
20:07:34     Prebranih zapisov: 2763; SHA-256: 1fda612debce4cfca4054ed8beec61c283712792aa55071fd617dcf61d57f4ff
20:07:34     STOCK_FILE pri podjetju 4: se ni na vrsti po razporedu; preskoceno.
20:07:34     konec: Zaloga NW_STOCK
20:07:34  == Zaloga BT_STOCK ==
20:07:36     SOURCE_FETCH: se ni na vrsti po razporedu; preskoceno.
20:07:37     Prebranih zapisov: 1389; SHA-256: 88b7c3e1f331eec94b93a68da91e45c3cb67f61785dc722e54236f147e3efb63
20:07:37     STOCK_FILE pri podjetju 1: se ni na vrsti po razporedu; preskoceno.
20:07:39     Prebranih zapisov: 1389; SHA-256: 88b7c3e1f331eec94b93a68da91e45c3cb67f61785dc722e54236f147e3efb63
20:07:39     STOCK_FILE pri podjetju 2: se ni na vrsti po razporedu; preskoceno.
20:07:40     Prebranih zapisov: 1389; SHA-256: 88b7c3e1f331eec94b93a68da91e45c3cb67f61785dc722e54236f147e3efb63
20:07:40     Ta posnetek je ze v bazi; vir=BT_STOCK, podjetje=3, cas posnetka=2026-09-02 16:39:55Z, uporabljenih=1389, v karanteni=0, RunId=680e3a50-81b6-4668-860d-52d0c1e429d4. Zapisano ni bilo nic.
20:07:41     Prebranih zapisov: 1389; SHA-256: 88b7c3e1f331eec94b93a68da91e45c3cb67f61785dc722e54236f147e3efb63
20:07:41     Ta posnetek je ze v bazi; vir=BT_STOCK, podjetje=4, cas posnetka=2026-09-02 16:39:55Z, uporabljenih=1389, v karanteni=0, RunId=79b3b0aa-02c9-4df1-aeae-e68412b1e9e4. Zapisano ni bilo nic.
20:07:41     konec: Zaloga BT_STOCK
20:07:41  == Zaloga iz SAOP (kolicine) ==
20:07:43     [1] SAOP_STOCK: se ni na vrsti po razporedu; preskoceno.
20:07:43     [2] SAOP_STOCK: se ni na vrsti po razporedu; preskoceno.
20:07:43     [3] SAOP_STOCK: se ni na vrsti po razporedu; preskoceno.
20:07:43     [4] SAOP_STOCK: se ni na vrsti po razporedu; preskoceno.
20:07:43     konec: Zaloga iz SAOP (kolicine)
20:07:43  Zalogovni cikel koncan; padlih korakov: 0.
20:12:26  == Zaloga NW_STOCK ==
20:12:27     [NW_STOCK] preskoceno: Razmik dobavitelja se tece; naslednji prenos po 2. 09. 2026 21:52.
20:12:27     Prevzem koncan: uspesno 0, neuspesno 0, skupaj virov 1.
20:12:28     Prebranih zapisov: 2763; SHA-256: 1fda612debce4cfca4054ed8beec61c283712792aa55071fd617dcf61d57f4ff
20:12:29     Ta posnetek je ze v bazi; vir=NW_STOCK, podjetje=1, cas posnetka=2026-09-02 17:52:28Z, uporabljenih=2763, v karanteni=0, RunId=3f5e557c-8c94-49d8-8c35-ddf9ad868803. Zapisano ni bilo nic.
20:12:30     Prebranih zapisov: 2763; SHA-256: 1fda612debce4cfca4054ed8beec61c283712792aa55071fd617dcf61d57f4ff
20:12:30     STOCK_FILE pri podjetju 2: se ni na vrsti po razporedu; preskoceno.
20:12:31     Prebranih zapisov: 2763; SHA-256: 1fda612debce4cfca4054ed8beec61c283712792aa55071fd617dcf61d57f4ff
20:12:31     STOCK_FILE pri podjetju 3: se ni na vrsti po razporedu; preskoceno.
20:12:32     Prebranih zapisov: 2763; SHA-256: 1fda612debce4cfca4054ed8beec61c283712792aa55071fd617dcf61d57f4ff
20:12:33     STOCK_FILE pri podjetju 4: se ni na vrsti po razporedu; preskoceno.
20:12:33     konec: Zaloga NW_STOCK
20:12:33  == Zaloga BT_STOCK ==
20:12:34     SOURCE_FETCH: se ni na vrsti po razporedu; preskoceno.
20:12:35     Prebranih zapisov: 1389; SHA-256: 88b7c3e1f331eec94b93a68da91e45c3cb67f61785dc722e54236f147e3efb63
20:12:35     STOCK_FILE pri podjetju 1: se ni na vrsti po razporedu; preskoceno.
20:12:36     Prebranih zapisov: 1389; SHA-256: 88b7c3e1f331eec94b93a68da91e45c3cb67f61785dc722e54236f147e3efb63
20:12:36     Ta posnetek je ze v bazi; vir=BT_STOCK, podjetje=2, cas posnetka=2026-09-02 16:39:55Z, uporabljenih=1389, v karanteni=0, RunId=f1953183-3abf-42a5-91cd-1677b89581d1. Zapisano ni bilo nic.
20:12:37     Prebranih zapisov: 1389; SHA-256: 88b7c3e1f331eec94b93a68da91e45c3cb67f61785dc722e54236f147e3efb63
20:12:37     STOCK_FILE pri podjetju 3: se ni na vrsti po razporedu; preskoceno.
20:12:38     Prebranih zapisov: 1389; SHA-256: 88b7c3e1f331eec94b93a68da91e45c3cb67f61785dc722e54236f147e3efb63
20:12:38     STOCK_FILE pri podjetju 4: se ni na vrsti po razporedu; preskoceno.
20:12:38     konec: Zaloga BT_STOCK
20:12:38  == Zaloga iz SAOP (kolicine) ==
20:12:40     [1] SAOP_STOCK: se ni na vrsti po razporedu; preskoceno.
20:12:40     [2] SAOP_STOCK: se ni na vrsti po razporedu; preskoceno.
20:12:40     [3] SAOP_STOCK: se ni na vrsti po razporedu; preskoceno.
20:12:40     [4] SAOP_STOCK: se ni na vrsti po razporedu; preskoceno.
20:12:40     konec: Zaloga iz SAOP (kolicine)
20:12:40  Zalogovni cikel koncan; padlih korakov: 0.
20:17:26  == Zaloga NW_STOCK ==
20:17:27     SOURCE_FETCH: se ni na vrsti po razporedu; preskoceno.
20:17:28     Prebranih zapisov: 2763; SHA-256: 1fda612debce4cfca4054ed8beec61c283712792aa55071fd617dcf61d57f4ff
20:17:28     STOCK_FILE pri podjetju 1: se ni na vrsti po razporedu; preskoceno.
20:17:29     Prebranih zapisov: 2763; SHA-256: 1fda612debce4cfca4054ed8beec61c283712792aa55071fd617dcf61d57f4ff
20:17:29     STOCK_FILE pri podjetju 2: se ni na vrsti po razporedu; preskoceno.
20:17:30     Prebranih zapisov: 2763; SHA-256: 1fda612debce4cfca4054ed8beec61c283712792aa55071fd617dcf61d57f4ff
20:17:31     Ta posnetek je ze v bazi; vir=NW_STOCK, podjetje=3, cas posnetka=2026-09-02 17:52:28Z, uporabljenih=2763, v karanteni=0, RunId=49f0d016-f046-449b-becd-324e84bacad7. Zapisano ni bilo nic.
20:17:32     Prebranih zapisov: 2763; SHA-256: 1fda612debce4cfca4054ed8beec61c283712792aa55071fd617dcf61d57f4ff
20:17:32     Ta posnetek je ze v bazi; vir=NW_STOCK, podjetje=4, cas posnetka=2026-09-02 17:52:28Z, uporabljenih=2763, v karanteni=0, RunId=846a949d-e8d3-49e6-9453-278ffb258e36. Zapisano ni bilo nic.
20:17:32     konec: Zaloga NW_STOCK
20:17:32  == Zaloga BT_STOCK ==
20:17:33     [BT_STOCK] preskoceno: Razmik dobavitelja se tece; naslednji prenos po 2. 09. 2026 21:39.
20:17:34     Prevzem koncan: uspesno 0, neuspesno 0, skupaj virov 1.
20:17:34     Prebranih zapisov: 1389; SHA-256: 88b7c3e1f331eec94b93a68da91e45c3cb67f61785dc722e54236f147e3efb63
20:17:35     Ta posnetek je ze v bazi; vir=BT_STOCK, podjetje=1, cas posnetka=2026-09-02 16:39:55Z, uporabljenih=1389, v karanteni=0, RunId=e4912780-b225-4977-b541-4c5c7a771824. Zapisano ni bilo nic.
20:17:36     Prebranih zapisov: 1389; SHA-256: 88b7c3e1f331eec94b93a68da91e45c3cb67f61785dc722e54236f147e3efb63
20:17:36     STOCK_FILE pri podjetju 2: se ni na vrsti po razporedu; preskoceno.
20:17:37     Prebranih zapisov: 1389; SHA-256: 88b7c3e1f331eec94b93a68da91e45c3cb67f61785dc722e54236f147e3efb63
20:17:37     STOCK_FILE pri podjetju 3: se ni na vrsti po razporedu; preskoceno.
20:17:38     Prebranih zapisov: 1389; SHA-256: 88b7c3e1f331eec94b93a68da91e45c3cb67f61785dc722e54236f147e3efb63
20:17:38     STOCK_FILE pri podjetju 4: se ni na vrsti po razporedu; preskoceno.
20:17:38     konec: Zaloga BT_STOCK
20:17:38  == Zaloga iz SAOP (kolicine) ==
20:17:39     [1] SAOP_STOCK: se ni na vrsti po razporedu; preskoceno.
20:17:39     [2] SAOP_STOCK: se ni na vrsti po razporedu; preskoceno.
20:17:39     [3] SAOP_STOCK: se ni na vrsti po razporedu; preskoceno.
20:17:39     [4] SAOP_STOCK: se ni na vrsti po razporedu; preskoceno.
20:17:39     konec: Zaloga iz SAOP (kolicine)
20:17:39  Zalogovni cikel koncan; padlih korakov: 0.
20:22:26  == Zaloga NW_STOCK ==
20:22:28     SOURCE_FETCH: se ni na vrsti po razporedu; preskoceno.
20:22:29     Prebranih zapisov: 2763; SHA-256: 1fda612debce4cfca4054ed8beec61c283712792aa55071fd617dcf61d57f4ff
20:22:30     STOCK_FILE pri podjetju 1: se ni na vrsti po razporedu; preskoceno.
20:22:31     Prebranih zapisov: 2763; SHA-256: 1fda612debce4cfca4054ed8beec61c283712792aa55071fd617dcf61d57f4ff
20:22:32     Ta posnetek je ze v bazi; vir=NW_STOCK, podjetje=2, cas posnetka=2026-09-02 17:52:28Z, uporabljenih=2763, v karanteni=0, RunId=28e50482-5277-4283-9834-c1b3cf2259ba. Zapisano ni bilo nic.
20:22:33     Prebranih zapisov: 2763; SHA-256: 1fda612debce4cfca4054ed8beec61c283712792aa55071fd617dcf61d57f4ff
20:22:34     Ta posnetek je ze v bazi; vir=NW_STOCK, podjetje=3, cas posnetka=2026-09-02 17:52:28Z, uporabljenih=2763, v karanteni=0, RunId=49f0d016-f046-449b-becd-324e84bacad7. Zapisano ni bilo nic.
20:22:35     Prebranih zapisov: 2763; SHA-256: 1fda612debce4cfca4054ed8beec61c283712792aa55071fd617dcf61d57f4ff
20:22:36     Ta posnetek je ze v bazi; vir=NW_STOCK, podjetje=4, cas posnetka=2026-09-02 17:52:28Z, uporabljenih=2763, v karanteni=0, RunId=846a949d-e8d3-49e6-9453-278ffb258e36. Zapisano ni bilo nic.
20:22:36     konec: Zaloga NW_STOCK
20:22:36  == Zaloga BT_STOCK ==
20:22:37     [BT_STOCK] preskoceno: Razmik dobavitelja se tece; naslednji prenos po 2. 09. 2026 21:39.
20:22:37     Prevzem koncan: uspesno 0, neuspesno 0, skupaj virov 1.
20:22:38     Prebranih zapisov: 1389; SHA-256: 88b7c3e1f331eec94b93a68da91e45c3cb67f61785dc722e54236f147e3efb63
20:22:39     Ta posnetek je ze v bazi; vir=BT_STOCK, podjetje=1, cas posnetka=2026-09-02 16:39:55Z, uporabljenih=1389, v karanteni=0, RunId=e4912780-b225-4977-b541-4c5c7a771824. Zapisano ni bilo nic.
20:22:40     Prebranih zapisov: 1389; SHA-256: 88b7c3e1f331eec94b93a68da91e45c3cb67f61785dc722e54236f147e3efb63
20:22:40     STOCK_FILE pri podjetju 2: se ni na vrsti po razporedu; preskoceno.
20:22:41     Prebranih zapisov: 1389; SHA-256: 88b7c3e1f331eec94b93a68da91e45c3cb67f61785dc722e54236f147e3efb63
20:22:41     STOCK_FILE pri podjetju 3: se ni na vrsti po razporedu; preskoceno.
20:22:42     Prebranih zapisov: 1389; SHA-256: 88b7c3e1f331eec94b93a68da91e45c3cb67f61785dc722e54236f147e3efb63
20:22:42     STOCK_FILE pri podjetju 4: se ni na vrsti po razporedu; preskoceno.
20:22:42     konec: Zaloga BT_STOCK
20:22:42  == Zaloga iz SAOP (kolicine) ==
20:22:44     [1] SAOP_GETSTOCKS (GetStocks): skladišč=4, zapisov=16, uporabljenih=16, v karanteni=0, RunId=9b3dcd8a-3889-480c-8d27-b0e201771b9b.
20:22:50     [2] SAOP_GETSTOCKS (GetStocks): skladišč=1, zapisov=8734, uporabljenih=8734, v karanteni=0, RunId=054fe69b-b417-4dd5-96aa-0d5af6b05a03.
20:22:54     [3] SAOP_GETSTOCKS (GetStocks): skladišč=1, zapisov=7016, uporabljenih=7016, v karanteni=0, RunId=c37fb3d8-231a-4724-a458-9cfed48a36af.
20:22:57     [4] SAOP_GETSTOCKS (GetStocks): skladišč=14, zapisov=3113, uporabljenih=3113, v karanteni=0, RunId=ddbf6fc1-764f-48f4-86d7-775bc9ff456d.
20:22:57     konec: Zaloga iz SAOP (kolicine)
20:22:57  Zalogovni cikel koncan; padlih korakov: 0.
20:27:26  == Zaloga NW_STOCK ==
20:27:28     SOURCE_FETCH: se ni na vrsti po razporedu; preskoceno.
20:27:29     Prebranih zapisov: 2763; SHA-256: 1fda612debce4cfca4054ed8beec61c283712792aa55071fd617dcf61d57f4ff
20:27:30     STOCK_FILE pri podjetju 1: se ni na vrsti po razporedu; preskoceno.
20:27:32     Prebranih zapisov: 2763; SHA-256: 1fda612debce4cfca4054ed8beec61c283712792aa55071fd617dcf61d57f4ff
20:27:33     Ta posnetek je ze v bazi; vir=NW_STOCK, podjetje=2, cas posnetka=2026-09-02 17:52:28Z, uporabljenih=2763, v karanteni=0, RunId=28e50482-5277-4283-9834-c1b3cf2259ba. Zapisano ni bilo nic.
20:27:34     Prebranih zapisov: 2763; SHA-256: 1fda612debce4cfca4054ed8beec61c283712792aa55071fd617dcf61d57f4ff
20:27:35     Ta posnetek je ze v bazi; vir=NW_STOCK, podjetje=3, cas posnetka=2026-09-02 17:52:28Z, uporabljenih=2763, v karanteni=0, RunId=49f0d016-f046-449b-becd-324e84bacad7. Zapisano ni bilo nic.
20:27:35     Prebranih zapisov: 2763; SHA-256: 1fda612debce4cfca4054ed8beec61c283712792aa55071fd617dcf61d57f4ff
20:27:36     Ta posnetek je ze v bazi; vir=NW_STOCK, podjetje=4, cas posnetka=2026-09-02 17:52:28Z, uporabljenih=2763, v karanteni=0, RunId=846a949d-e8d3-49e6-9453-278ffb258e36. Zapisano ni bilo nic.
20:27:36     konec: Zaloga NW_STOCK
20:27:36  == Zaloga BT_STOCK ==
20:27:37     SOURCE_FETCH: se ni na vrsti po razporedu; preskoceno.
20:27:38     Prebranih zapisov: 1389; SHA-256: 88b7c3e1f331eec94b93a68da91e45c3cb67f61785dc722e54236f147e3efb63
20:27:39     STOCK_FILE pri podjetju 1: se ni na vrsti po razporedu; preskoceno.
20:27:40     Prebranih zapisov: 1389; SHA-256: 88b7c3e1f331eec94b93a68da91e45c3cb67f61785dc722e54236f147e3efb63
20:27:40     STOCK_FILE pri podjetju 2: se ni na vrsti po razporedu; preskoceno.
20:27:41     Prebranih zapisov: 1389; SHA-256: 88b7c3e1f331eec94b93a68da91e45c3cb67f61785dc722e54236f147e3efb63
20:27:41     STOCK_FILE pri podjetju 3: se ni na vrsti po razporedu; preskoceno.
20:27:42     Prebranih zapisov: 1389; SHA-256: 88b7c3e1f331eec94b93a68da91e45c3cb67f61785dc722e54236f147e3efb63
20:27:42     STOCK_FILE pri podjetju 4: se ni na vrsti po razporedu; preskoceno.
20:27:43     konec: Zaloga BT_STOCK
20:27:43  == Zaloga iz SAOP (kolicine) ==
20:27:44     [1] SAOP_GETSTOCKS (GetStocks): skladišč=4, zapisov=16, uporabljenih=16, v karanteni=0, RunId=0d49696a-ad2b-4b80-b3b1-92ea7cdea739.
20:27:48     [2] SAOP_GETSTOCKS (GetStocks): skladišč=1, zapisov=8734, uporabljenih=8734, v karanteni=0, RunId=4f6ff224-c263-4ed0-b14b-cc1a978106e0.
20:27:48     [3] SAOP_STOCK: se ni na vrsti po razporedu; preskoceno.
20:27:48     [4] SAOP_STOCK: se ni na vrsti po razporedu; preskoceno.
20:27:48     konec: Zaloga iz SAOP (kolicine)
20:27:48  Zalogovni cikel koncan; padlih korakov: 0.
20:32:26  == Zaloga NW_STOCK ==
20:32:27     [NW_STOCK] preskoceno: Razmik dobavitelja se tece; naslednji prenos po 2. 09. 2026 21:52.
20:32:27     Prevzem koncan: uspesno 0, neuspesno 0, skupaj virov 1.
20:32:28     Prebranih zapisov: 2763; SHA-256: 1fda612debce4cfca4054ed8beec61c283712792aa55071fd617dcf61d57f4ff
20:32:29     Ta posnetek je ze v bazi; vir=NW_STOCK, podjetje=1, cas posnetka=2026-09-02 17:52:28Z, uporabljenih=2763, v karanteni=0, RunId=3f5e557c-8c94-49d8-8c35-ddf9ad868803. Zapisano ni bilo nic.
20:32:29     Prebranih zapisov: 2763; SHA-256: 1fda612debce4cfca4054ed8beec61c283712792aa55071fd617dcf61d57f4ff
20:32:30     STOCK_FILE pri podjetju 2: se ni na vrsti po razporedu; preskoceno.
20:32:30     Prebranih zapisov: 2763; SHA-256: 1fda612debce4cfca4054ed8beec61c283712792aa55071fd617dcf61d57f4ff
20:32:31     STOCK_FILE pri podjetju 3: se ni na vrsti po razporedu; preskoceno.
20:32:31     Prebranih zapisov: 2763; SHA-256: 1fda612debce4cfca4054ed8beec61c283712792aa55071fd617dcf61d57f4ff
20:32:32     STOCK_FILE pri podjetju 4: se ni na vrsti po razporedu; preskoceno.
20:32:32     konec: Zaloga NW_STOCK
20:32:32  == Zaloga BT_STOCK ==
20:32:33     SOURCE_FETCH: se ni na vrsti po razporedu; preskoceno.
20:32:33     Prebranih zapisov: 1389; SHA-256: 88b7c3e1f331eec94b93a68da91e45c3cb67f61785dc722e54236f147e3efb63
20:32:34     STOCK_FILE pri podjetju 1: se ni na vrsti po razporedu; preskoceno.
20:32:34     Prebranih zapisov: 1389; SHA-256: 88b7c3e1f331eec94b93a68da91e45c3cb67f61785dc722e54236f147e3efb63
20:32:35     Ta posnetek je ze v bazi; vir=BT_STOCK, podjetje=2, cas posnetka=2026-09-02 16:39:55Z, uporabljenih=1389, v karanteni=0, RunId=f1953183-3abf-42a5-91cd-1677b89581d1. Zapisano ni bilo nic.
20:32:36     Prebranih zapisov: 1389; SHA-256: 88b7c3e1f331eec94b93a68da91e45c3cb67f61785dc722e54236f147e3efb63
20:32:36     Ta posnetek je ze v bazi; vir=BT_STOCK, podjetje=3, cas posnetka=2026-09-02 16:39:55Z, uporabljenih=1389, v karanteni=0, RunId=680e3a50-81b6-4668-860d-52d0c1e429d4. Zapisano ni bilo nic.
20:32:37     Prebranih zapisov: 1389; SHA-256: 88b7c3e1f331eec94b93a68da91e45c3cb67f61785dc722e54236f147e3efb63
20:32:37     Ta posnetek je ze v bazi; vir=BT_STOCK, podjetje=4, cas posnetka=2026-09-02 16:39:55Z, uporabljenih=1389, v karanteni=0, RunId=79b3b0aa-02c9-4df1-aeae-e68412b1e9e4. Zapisano ni bilo nic.
20:32:37     konec: Zaloga BT_STOCK
20:32:37  == Zaloga iz SAOP (kolicine) ==
20:32:38     [1] SAOP_STOCK: se ni na vrsti po razporedu; preskoceno.
20:32:38     [2] SAOP_STOCK: se ni na vrsti po razporedu; preskoceno.
20:32:42     [3] SAOP_GETSTOCKS (GetStocks): skladišč=1, zapisov=7016, uporabljenih=7016, v karanteni=0, RunId=ecd7b5f5-6670-46ba-94e0-cba7abbdd464.
20:32:43     [4] SAOP_GETSTOCKS (GetStocks): skladišč=14, zapisov=3113, uporabljenih=3113, v karanteni=0, RunId=138133f7-29f3-4999-9f5e-7bd6f3a58c68.
20:32:43     konec: Zaloga iz SAOP (kolicine)
20:32:43  Zalogovni cikel koncan; padlih korakov: 0.
20:37:26  == Zaloga NW_STOCK ==
20:37:27     SOURCE_FETCH: se ni na vrsti po razporedu; preskoceno.
20:37:28     Prebranih zapisov: 2763; SHA-256: 1fda612debce4cfca4054ed8beec61c283712792aa55071fd617dcf61d57f4ff
20:37:28     STOCK_FILE pri podjetju 1: se ni na vrsti po razporedu; preskoceno.
20:37:29     Prebranih zapisov: 2763; SHA-256: 1fda612debce4cfca4054ed8beec61c283712792aa55071fd617dcf61d57f4ff
20:37:29     STOCK_FILE pri podjetju 2: se ni na vrsti po razporedu; preskoceno.
20:37:30     Prebranih zapisov: 2763; SHA-256: 1fda612debce4cfca4054ed8beec61c283712792aa55071fd617dcf61d57f4ff
20:37:30     STOCK_FILE pri podjetju 3: se ni na vrsti po razporedu; preskoceno.
20:37:31     Prebranih zapisov: 2763; SHA-256: 1fda612debce4cfca4054ed8beec61c283712792aa55071fd617dcf61d57f4ff
20:37:31     STOCK_FILE pri podjetju 4: se ni na vrsti po razporedu; preskoceno.
20:37:31     konec: Zaloga NW_STOCK
20:37:31  == Zaloga BT_STOCK ==
20:37:32     [BT_STOCK] preskoceno: Razmik dobavitelja se tece; naslednji prenos po 2. 09. 2026 21:39.
20:37:32     Prevzem koncan: uspesno 0, neuspesno 0, skupaj virov 1.
20:37:33     Prebranih zapisov: 1389; SHA-256: 88b7c3e1f331eec94b93a68da91e45c3cb67f61785dc722e54236f147e3efb63
20:37:33     Ta posnetek je ze v bazi; vir=BT_STOCK, podjetje=1, cas posnetka=2026-09-02 16:39:55Z, uporabljenih=1389, v karanteni=0, RunId=e4912780-b225-4977-b541-4c5c7a771824. Zapisano ni bilo nic.
20:37:34     Prebranih zapisov: 1389; SHA-256: 88b7c3e1f331eec94b93a68da91e45c3cb67f61785dc722e54236f147e3efb63
20:37:34     STOCK_FILE pri podjetju 2: se ni na vrsti po razporedu; preskoceno.
20:37:35     Prebranih zapisov: 1389; SHA-256: 88b7c3e1f331eec94b93a68da91e45c3cb67f61785dc722e54236f147e3efb63
20:37:35     STOCK_FILE pri podjetju 3: se ni na vrsti po razporedu; preskoceno.
20:37:36     Prebranih zapisov: 1389; SHA-256: 88b7c3e1f331eec94b93a68da91e45c3cb67f61785dc722e54236f147e3efb63
20:37:36     STOCK_FILE pri podjetju 4: se ni na vrsti po razporedu; preskoceno.
20:37:36     konec: Zaloga BT_STOCK
20:37:36  == Zaloga iz SAOP (kolicine) ==
20:37:37     [1] SAOP_GETSTOCKS (GetStocks): skladišč=4, zapisov=16, uporabljenih=16, v karanteni=0, RunId=93b8bfbe-a1c5-46ad-9c31-02d8ed3127e5.
20:37:41     [2] SAOP_GETSTOCKS (GetStocks): skladišč=1, zapisov=8734, uporabljenih=8734, v karanteni=0, RunId=2452bfba-29ca-4dba-af49-4fd1354908e0.
20:37:44     [3] SAOP_GETSTOCKS (GetStocks): skladišč=1, zapisov=7016, uporabljenih=7016, v karanteni=0, RunId=27bc306b-71f4-4267-84dd-65375fa9b976.
20:37:45     [4] SAOP_GETSTOCKS (GetStocks): skladišč=14, zapisov=3113, uporabljenih=3113, v karanteni=0, RunId=00b19e21-11d7-4828-a61c-eaf15fe2998a.
20:37:45     konec: Zaloga iz SAOP (kolicine)
20:37:45  Zalogovni cikel koncan; padlih korakov: 0.
20:42:26  == Zaloga NW_STOCK ==
20:42:27     SOURCE_FETCH: se ni na vrsti po razporedu; preskoceno.
20:42:28     Prebranih zapisov: 2763; SHA-256: 1fda612debce4cfca4054ed8beec61c283712792aa55071fd617dcf61d57f4ff
20:42:28     STOCK_FILE pri podjetju 1: se ni na vrsti po razporedu; preskoceno.
20:42:29     Prebranih zapisov: 2763; SHA-256: 1fda612debce4cfca4054ed8beec61c283712792aa55071fd617dcf61d57f4ff
20:42:29     Ta posnetek je ze v bazi; vir=NW_STOCK, podjetje=2, cas posnetka=2026-09-02 17:52:28Z, uporabljenih=2763, v karanteni=0, RunId=28e50482-5277-4283-9834-c1b3cf2259ba. Zapisano ni bilo nic.
20:42:30     Prebranih zapisov: 2763; SHA-256: 1fda612debce4cfca4054ed8beec61c283712792aa55071fd617dcf61d57f4ff
20:42:30     Ta posnetek je ze v bazi; vir=NW_STOCK, podjetje=3, cas posnetka=2026-09-02 17:52:28Z, uporabljenih=2763, v karanteni=0, RunId=49f0d016-f046-449b-becd-324e84bacad7. Zapisano ni bilo nic.
20:42:31     Prebranih zapisov: 2763; SHA-256: 1fda612debce4cfca4054ed8beec61c283712792aa55071fd617dcf61d57f4ff
20:42:31     Ta posnetek je ze v bazi; vir=NW_STOCK, podjetje=4, cas posnetka=2026-09-02 17:52:28Z, uporabljenih=2763, v karanteni=0, RunId=846a949d-e8d3-49e6-9453-278ffb258e36. Zapisano ni bilo nic.
20:42:31     konec: Zaloga NW_STOCK
20:42:31  == Zaloga BT_STOCK ==
20:42:32     [BT_STOCK] preskoceno: Razmik dobavitelja se tece; naslednji prenos po 2. 09. 2026 21:39.
20:42:32     Prevzem koncan: uspesno 0, neuspesno 0, skupaj virov 1.
20:42:33     Prebranih zapisov: 1389; SHA-256: 88b7c3e1f331eec94b93a68da91e45c3cb67f61785dc722e54236f147e3efb63
20:42:33     Ta posnetek je ze v bazi; vir=BT_STOCK, podjetje=1, cas posnetka=2026-09-02 16:39:55Z, uporabljenih=1389, v karanteni=0, RunId=e4912780-b225-4977-b541-4c5c7a771824. Zapisano ni bilo nic.
20:42:34     Prebranih zapisov: 1389; SHA-256: 88b7c3e1f331eec94b93a68da91e45c3cb67f61785dc722e54236f147e3efb63
20:42:34     STOCK_FILE pri podjetju 2: se ni na vrsti po razporedu; preskoceno.
20:42:35     Prebranih zapisov: 1389; SHA-256: 88b7c3e1f331eec94b93a68da91e45c3cb67f61785dc722e54236f147e3efb63
20:42:35     STOCK_FILE pri podjetju 3: se ni na vrsti po razporedu; preskoceno.
20:42:36     Prebranih zapisov: 1389; SHA-256: 88b7c3e1f331eec94b93a68da91e45c3cb67f61785dc722e54236f147e3efb63
20:42:36     STOCK_FILE pri podjetju 4: se ni na vrsti po razporedu; preskoceno.
20:42:36     konec: Zaloga BT_STOCK
20:42:36  == Zaloga iz SAOP (kolicine) ==
20:42:37     [1] SAOP_GETSTOCKS (GetStocks): skladišč=4, zapisov=16, uporabljenih=16, v karanteni=0, RunId=eabf2ec8-a1d6-423f-a644-0fa984ca7904.
20:42:41     [2] SAOP_GETSTOCKS (GetStocks): skladišč=1, zapisov=8734, uporabljenih=8734, v karanteni=0, RunId=86b08b2c-d2dd-441a-93b8-10c05b8ebfa2.
20:42:41     [3] SAOP_STOCK: se ni na vrsti po razporedu; preskoceno.
20:42:41     [4] SAOP_STOCK: se ni na vrsti po razporedu; preskoceno.
20:42:41     konec: Zaloga iz SAOP (kolicine)
20:42:41  Zalogovni cikel koncan; padlih korakov: 0.
20:47:26  == Zaloga NW_STOCK ==
20:47:27     SOURCE_FETCH: se ni na vrsti po razporedu; preskoceno.
20:47:28     Prebranih zapisov: 2763; SHA-256: 1fda612debce4cfca4054ed8beec61c283712792aa55071fd617dcf61d57f4ff
20:47:28     STOCK_FILE pri podjetju 1: se ni na vrsti po razporedu; preskoceno.
20:47:29     Prebranih zapisov: 2763; SHA-256: 1fda612debce4cfca4054ed8beec61c283712792aa55071fd617dcf61d57f4ff
20:47:29     STOCK_FILE pri podjetju 2: se ni na vrsti po razporedu; preskoceno.
20:47:30     Prebranih zapisov: 2763; SHA-256: 1fda612debce4cfca4054ed8beec61c283712792aa55071fd617dcf61d57f4ff
20:47:30     STOCK_FILE pri podjetju 3: se ni na vrsti po razporedu; preskoceno.
20:47:31     Prebranih zapisov: 2763; SHA-256: 1fda612debce4cfca4054ed8beec61c283712792aa55071fd617dcf61d57f4ff
20:47:31     STOCK_FILE pri podjetju 4: se ni na vrsti po razporedu; preskoceno.
20:47:31     konec: Zaloga NW_STOCK
20:47:31  == Zaloga BT_STOCK ==
20:47:32     SOURCE_FETCH: se ni na vrsti po razporedu; preskoceno.
20:47:33     Prebranih zapisov: 1389; SHA-256: 88b7c3e1f331eec94b93a68da91e45c3cb67f61785dc722e54236f147e3efb63
20:47:33     STOCK_FILE pri podjetju 1: se ni na vrsti po razporedu; preskoceno.
20:47:34     Prebranih zapisov: 1389; SHA-256: 88b7c3e1f331eec94b93a68da91e45c3cb67f61785dc722e54236f147e3efb63
20:47:34     Ta posnetek je ze v bazi; vir=BT_STOCK, podjetje=2, cas posnetka=2026-09-02 16:39:55Z, uporabljenih=1389, v karanteni=0, RunId=f1953183-3abf-42a5-91cd-1677b89581d1. Zapisano ni bilo nic.
20:47:35     Prebranih zapisov: 1389; SHA-256: 88b7c3e1f331eec94b93a68da91e45c3cb67f61785dc722e54236f147e3efb63
20:47:35     Ta posnetek je ze v bazi; vir=BT_STOCK, podjetje=3, cas posnetka=2026-09-02 16:39:55Z, uporabljenih=1389, v karanteni=0, RunId=680e3a50-81b6-4668-860d-52d0c1e429d4. Zapisano ni bilo nic.
20:47:36     Prebranih zapisov: 1389; SHA-256: 88b7c3e1f331eec94b93a68da91e45c3cb67f61785dc722e54236f147e3efb63
20:47:36     Ta posnetek je ze v bazi; vir=BT_STOCK, podjetje=4, cas posnetka=2026-09-02 16:39:55Z, uporabljenih=1389, v karanteni=0, RunId=79b3b0aa-02c9-4df1-aeae-e68412b1e9e4. Zapisano ni bilo nic.
20:47:36     konec: Zaloga BT_STOCK
20:47:36  == Zaloga iz SAOP (kolicine) ==
20:47:37     [1] SAOP_STOCK: se ni na vrsti po razporedu; preskoceno.
20:47:37     [2] SAOP_STOCK: se ni na vrsti po razporedu; preskoceno.
20:47:40     [3] SAOP_GETSTOCKS (GetStocks): skladišč=1, zapisov=7016, uporabljenih=7016, v karanteni=0, RunId=842efac6-583a-4c20-a97a-71d6705bad62.
20:47:42     [4] SAOP_GETSTOCKS (GetStocks): skladišč=14, zapisov=3113, uporabljenih=3113, v karanteni=0, RunId=ae7c72a7-9293-42b3-9f7c-509d78aa2955.
20:47:42     konec: Zaloga iz SAOP (kolicine)
20:47:42  Zalogovni cikel koncan; padlih korakov: 0.
20:52:26  == Zaloga NW_STOCK ==
20:52:27     [NW_STOCK] preskoceno: Razmik dobavitelja se tece; naslednji prenos po 2. 09. 2026 21:52.
20:52:27     Prevzem koncan: uspesno 0, neuspesno 0, skupaj virov 1.
20:52:28     Prebranih zapisov: 2763; SHA-256: 1fda612debce4cfca4054ed8beec61c283712792aa55071fd617dcf61d57f4ff
20:52:28     Ta posnetek je ze v bazi; vir=NW_STOCK, podjetje=1, cas posnetka=2026-09-02 17:52:28Z, uporabljenih=2763, v karanteni=0, RunId=3f5e557c-8c94-49d8-8c35-ddf9ad868803. Zapisano ni bilo nic.
20:52:29     Prebranih zapisov: 2763; SHA-256: 1fda612debce4cfca4054ed8beec61c283712792aa55071fd617dcf61d57f4ff
20:52:29     STOCK_FILE pri podjetju 2: se ni na vrsti po razporedu; preskoceno.
20:52:30     Prebranih zapisov: 2763; SHA-256: 1fda612debce4cfca4054ed8beec61c283712792aa55071fd617dcf61d57f4ff
20:52:30     STOCK_FILE pri podjetju 3: se ni na vrsti po razporedu; preskoceno.
20:52:31     Prebranih zapisov: 2763; SHA-256: 1fda612debce4cfca4054ed8beec61c283712792aa55071fd617dcf61d57f4ff
20:52:31     STOCK_FILE pri podjetju 4: se ni na vrsti po razporedu; preskoceno.
20:52:31     konec: Zaloga NW_STOCK
20:52:31  == Zaloga BT_STOCK ==
20:52:32     SOURCE_FETCH: se ni na vrsti po razporedu; preskoceno.
20:52:33     Prebranih zapisov: 1389; SHA-256: 88b7c3e1f331eec94b93a68da91e45c3cb67f61785dc722e54236f147e3efb63
20:52:33     STOCK_FILE pri podjetju 1: se ni na vrsti po razporedu; preskoceno.
20:52:34     Prebranih zapisov: 1389; SHA-256: 88b7c3e1f331eec94b93a68da91e45c3cb67f61785dc722e54236f147e3efb63
20:52:34     Ta posnetek je ze v bazi; vir=BT_STOCK, podjetje=2, cas posnetka=2026-09-02 16:39:55Z, uporabljenih=1389, v karanteni=0, RunId=f1953183-3abf-42a5-91cd-1677b89581d1. Zapisano ni bilo nic.
20:52:35     Prebranih zapisov: 1389; SHA-256: 88b7c3e1f331eec94b93a68da91e45c3cb67f61785dc722e54236f147e3efb63
20:52:35     STOCK_FILE pri podjetju 3: se ni na vrsti po razporedu; preskoceno.
20:52:36     Prebranih zapisov: 1389; SHA-256: 88b7c3e1f331eec94b93a68da91e45c3cb67f61785dc722e54236f147e3efb63
20:52:36     STOCK_FILE pri podjetju 4: se ni na vrsti po razporedu; preskoceno.
20:52:36     konec: Zaloga BT_STOCK
20:52:36  == Zaloga iz SAOP (kolicine) ==
20:52:37     [1] SAOP_GETSTOCKS (GetStocks): skladišč=4, zapisov=16, uporabljenih=16, v karanteni=0, RunId=b6436820-cf9d-42ec-af98-715b422beb45.
20:52:41     [2] SAOP_GETSTOCKS (GetStocks): skladišč=1, zapisov=8734, uporabljenih=8734, v karanteni=0, RunId=4f3dae5f-8680-4676-8575-6f8c6a8d8a35.
20:52:44     [3] SAOP_GETSTOCKS (GetStocks): skladišč=1, zapisov=7016, uporabljenih=7016, v karanteni=0, RunId=941cf80b-9d1a-4d70-a588-22da9f207253.
20:52:45     [4] SAOP_GETSTOCKS (GetStocks): skladišč=14, zapisov=3113, uporabljenih=3113, v karanteni=0, RunId=a34aa4ef-8cf1-49b3-a649-15df58ff146e.
20:52:45     konec: Zaloga iz SAOP (kolicine)
20:52:45  Zalogovni cikel koncan; padlih korakov: 0.
20:57:26  == Zaloga NW_STOCK ==
20:57:27     [NW_STOCK] preskoceno: Razmik dobavitelja se tece; naslednji prenos po 2. 09. 2026 21:52.
20:57:27     Prevzem koncan: uspesno 0, neuspesno 0, skupaj virov 1.
20:57:28     Prebranih zapisov: 2763; SHA-256: 1fda612debce4cfca4054ed8beec61c283712792aa55071fd617dcf61d57f4ff
20:57:29     Ta posnetek je ze v bazi; vir=NW_STOCK, podjetje=1, cas posnetka=2026-09-02 17:52:28Z, uporabljenih=2763, v karanteni=0, RunId=3f5e557c-8c94-49d8-8c35-ddf9ad868803. Zapisano ni bilo nic.
20:57:29     Prebranih zapisov: 2763; SHA-256: 1fda612debce4cfca4054ed8beec61c283712792aa55071fd617dcf61d57f4ff
20:57:30     STOCK_FILE pri podjetju 2: se ni na vrsti po razporedu; preskoceno.
20:57:30     Prebranih zapisov: 2763; SHA-256: 1fda612debce4cfca4054ed8beec61c283712792aa55071fd617dcf61d57f4ff
20:57:31     Ta posnetek je ze v bazi; vir=NW_STOCK, podjetje=3, cas posnetka=2026-09-02 17:52:28Z, uporabljenih=2763, v karanteni=0, RunId=49f0d016-f046-449b-becd-324e84bacad7. Zapisano ni bilo nic.
20:57:31     Prebranih zapisov: 2763; SHA-256: 1fda612debce4cfca4054ed8beec61c283712792aa55071fd617dcf61d57f4ff
20:57:32     Ta posnetek je ze v bazi; vir=NW_STOCK, podjetje=4, cas posnetka=2026-09-02 17:52:28Z, uporabljenih=2763, v karanteni=0, RunId=846a949d-e8d3-49e6-9453-278ffb258e36. Zapisano ni bilo nic.
20:57:32     konec: Zaloga NW_STOCK
20:57:32  == Zaloga BT_STOCK ==
20:57:33     SOURCE_FETCH: se ni na vrsti po razporedu; preskoceno.
20:57:33     Prebranih zapisov: 1389; SHA-256: 88b7c3e1f331eec94b93a68da91e45c3cb67f61785dc722e54236f147e3efb63
20:57:34     STOCK_FILE pri podjetju 1: se ni na vrsti po razporedu; preskoceno.
20:57:34     Prebranih zapisov: 1389; SHA-256: 88b7c3e1f331eec94b93a68da91e45c3cb67f61785dc722e54236f147e3efb63
20:57:35     Ta posnetek je ze v bazi; vir=BT_STOCK, podjetje=2, cas posnetka=2026-09-02 16:39:55Z, uporabljenih=1389, v karanteni=0, RunId=f1953183-3abf-42a5-91cd-1677b89581d1. Zapisano ni bilo nic.
20:57:36     Prebranih zapisov: 1389; SHA-256: 88b7c3e1f331eec94b93a68da91e45c3cb67f61785dc722e54236f147e3efb63
20:57:36     STOCK_FILE pri podjetju 3: se ni na vrsti po razporedu; preskoceno.
20:57:37     Prebranih zapisov: 1389; SHA-256: 88b7c3e1f331eec94b93a68da91e45c3cb67f61785dc722e54236f147e3efb63
20:57:37     STOCK_FILE pri podjetju 4: se ni na vrsti po razporedu; preskoceno.
20:57:37     konec: Zaloga BT_STOCK
20:57:37  == Zaloga iz SAOP (kolicine) ==
20:57:39     [1] SAOP_GETSTOCKS (GetStocks): skladišč=4, zapisov=16, uporabljenih=16, v karanteni=0, RunId=3c996a8f-2e07-455e-b37a-567ce89cb665.
20:57:44     [2] SAOP_GETSTOCKS (GetStocks): skladišč=1, zapisov=8734, uporabljenih=8734, v karanteni=0, RunId=1de0cc57-b98c-4f8a-9372-2075f523a26d.
20:57:47     [3] SAOP_GETSTOCKS (GetStocks): skladišč=1, zapisov=7016, uporabljenih=7016, v karanteni=0, RunId=fd631f00-cfee-4e37-9205-79b0141db71c.
20:57:48     [4] SAOP_GETSTOCKS (GetStocks): skladišč=14, zapisov=3113, uporabljenih=3113, v karanteni=0, RunId=3fd233bf-1010-4bdc-a56a-8943dd33fc49.
20:57:48     konec: Zaloga iz SAOP (kolicine)
20:57:48  Zalogovni cikel koncan; padlih korakov: 0.
21:02:26  == Zaloga NW_STOCK ==
21:02:27     SOURCE_FETCH: se ni na vrsti po razporedu; preskoceno.
21:02:28     Prebranih zapisov: 2763; SHA-256: 1fda612debce4cfca4054ed8beec61c283712792aa55071fd617dcf61d57f4ff
21:02:28     STOCK_FILE pri podjetju 1: se ni na vrsti po razporedu; preskoceno.
21:02:29     Prebranih zapisov: 2763; SHA-256: 1fda612debce4cfca4054ed8beec61c283712792aa55071fd617dcf61d57f4ff
21:02:29     STOCK_FILE pri podjetju 2: se ni na vrsti po razporedu; preskoceno.
21:02:30     Prebranih zapisov: 2763; SHA-256: 1fda612debce4cfca4054ed8beec61c283712792aa55071fd617dcf61d57f4ff
21:02:30     STOCK_FILE pri podjetju 3: se ni na vrsti po razporedu; preskoceno.
21:02:31     Prebranih zapisov: 2763; SHA-256: 1fda612debce4cfca4054ed8beec61c283712792aa55071fd617dcf61d57f4ff
21:02:31     STOCK_FILE pri podjetju 4: se ni na vrsti po razporedu; preskoceno.
21:02:31     konec: Zaloga NW_STOCK
21:02:31  == Zaloga BT_STOCK ==
21:02:32     [BT_STOCK] preskoceno: Razmik dobavitelja se tece; naslednji prenos po 2. 09. 2026 21:39.
21:02:32     Prevzem koncan: uspesno 0, neuspesno 0, skupaj virov 1.
21:02:33     Prebranih zapisov: 1389; SHA-256: 88b7c3e1f331eec94b93a68da91e45c3cb67f61785dc722e54236f147e3efb63
21:02:33     Ta posnetek je ze v bazi; vir=BT_STOCK, podjetje=1, cas posnetka=2026-09-02 16:39:55Z, uporabljenih=1389, v karanteni=0, RunId=e4912780-b225-4977-b541-4c5c7a771824. Zapisano ni bilo nic.
21:02:34     Prebranih zapisov: 1389; SHA-256: 88b7c3e1f331eec94b93a68da91e45c3cb67f61785dc722e54236f147e3efb63
21:02:34     STOCK_FILE pri podjetju 2: se ni na vrsti po razporedu; preskoceno.
21:02:35     Prebranih zapisov: 1389; SHA-256: 88b7c3e1f331eec94b93a68da91e45c3cb67f61785dc722e54236f147e3efb63
21:02:35     Ta posnetek je ze v bazi; vir=BT_STOCK, podjetje=3, cas posnetka=2026-09-02 16:39:55Z, uporabljenih=1389, v karanteni=0, RunId=680e3a50-81b6-4668-860d-52d0c1e429d4. Zapisano ni bilo nic.
21:02:36     Prebranih zapisov: 1389; SHA-256: 88b7c3e1f331eec94b93a68da91e45c3cb67f61785dc722e54236f147e3efb63
21:02:36     Ta posnetek je ze v bazi; vir=BT_STOCK, podjetje=4, cas posnetka=2026-09-02 16:39:55Z, uporabljenih=1389, v karanteni=0, RunId=79b3b0aa-02c9-4df1-aeae-e68412b1e9e4. Zapisano ni bilo nic.
21:02:36     konec: Zaloga BT_STOCK
21:02:36  == Zaloga iz SAOP (kolicine) ==
21:02:37     [1] SAOP_STOCK: se ni na vrsti po razporedu; preskoceno.
21:02:37     [2] SAOP_STOCK: se ni na vrsti po razporedu; preskoceno.
21:02:37     [3] SAOP_STOCK: se ni na vrsti po razporedu; preskoceno.
21:02:37     [4] SAOP_STOCK: se ni na vrsti po razporedu; preskoceno.
21:02:37     konec: Zaloga iz SAOP (kolicine)
21:02:37  Zalogovni cikel koncan; padlih korakov: 0.
21:07:26  == Zaloga NW_STOCK ==
21:07:27     SOURCE_FETCH: se ni na vrsti po razporedu; preskoceno.
21:07:28     Prebranih zapisov: 2763; SHA-256: 1fda612debce4cfca4054ed8beec61c283712792aa55071fd617dcf61d57f4ff
21:07:28     STOCK_FILE pri podjetju 1: se ni na vrsti po razporedu; preskoceno.
21:07:29     Prebranih zapisov: 2763; SHA-256: 1fda612debce4cfca4054ed8beec61c283712792aa55071fd617dcf61d57f4ff
21:07:29     Ta posnetek je ze v bazi; vir=NW_STOCK, podjetje=2, cas posnetka=2026-09-02 17:52:28Z, uporabljenih=2763, v karanteni=0, RunId=28e50482-5277-4283-9834-c1b3cf2259ba. Zapisano ni bilo nic.
21:07:30     Prebranih zapisov: 2763; SHA-256: 1fda612debce4cfca4054ed8beec61c283712792aa55071fd617dcf61d57f4ff
21:07:30     STOCK_FILE pri podjetju 3: se ni na vrsti po razporedu; preskoceno.
21:07:31     Prebranih zapisov: 2763; SHA-256: 1fda612debce4cfca4054ed8beec61c283712792aa55071fd617dcf61d57f4ff
21:07:31     STOCK_FILE pri podjetju 4: se ni na vrsti po razporedu; preskoceno.
21:07:31     konec: Zaloga NW_STOCK
21:07:31  == Zaloga BT_STOCK ==
21:07:32     [BT_STOCK] preskoceno: Razmik dobavitelja se tece; naslednji prenos po 2. 09. 2026 21:39.
21:07:32     Prevzem koncan: uspesno 0, neuspesno 0, skupaj virov 1.
21:07:33     Prebranih zapisov: 1389; SHA-256: 88b7c3e1f331eec94b93a68da91e45c3cb67f61785dc722e54236f147e3efb63
21:07:33     Ta posnetek je ze v bazi; vir=BT_STOCK, podjetje=1, cas posnetka=2026-09-02 16:39:55Z, uporabljenih=1389, v karanteni=0, RunId=e4912780-b225-4977-b541-4c5c7a771824. Zapisano ni bilo nic.
21:07:34     Prebranih zapisov: 1389; SHA-256: 88b7c3e1f331eec94b93a68da91e45c3cb67f61785dc722e54236f147e3efb63
21:07:34     STOCK_FILE pri podjetju 2: se ni na vrsti po razporedu; preskoceno.
21:07:35     Prebranih zapisov: 1389; SHA-256: 88b7c3e1f331eec94b93a68da91e45c3cb67f61785dc722e54236f147e3efb63
21:07:36     Ta posnetek je ze v bazi; vir=BT_STOCK, podjetje=3, cas posnetka=2026-09-02 16:39:55Z, uporabljenih=1389, v karanteni=0, RunId=680e3a50-81b6-4668-860d-52d0c1e429d4. Zapisano ni bilo nic.
21:07:37     Prebranih zapisov: 1389; SHA-256: 88b7c3e1f331eec94b93a68da91e45c3cb67f61785dc722e54236f147e3efb63
21:07:37     Ta posnetek je ze v bazi; vir=BT_STOCK, podjetje=4, cas posnetka=2026-09-02 16:39:55Z, uporabljenih=1389, v karanteni=0, RunId=79b3b0aa-02c9-4df1-aeae-e68412b1e9e4. Zapisano ni bilo nic.
21:07:37     konec: Zaloga BT_STOCK
21:07:37  == Zaloga iz SAOP (kolicine) ==
21:07:39     [1] SAOP_GETSTOCKS (GetStocks): skladišč=4, zapisov=16, uporabljenih=16, v karanteni=0, RunId=f6932da0-e304-44fb-8b91-77538fbc22ac.
21:07:43     [2] SAOP_GETSTOCKS (GetStocks): skladišč=1, zapisov=8734, uporabljenih=8734, v karanteni=0, RunId=38400c0f-9fd1-48a6-b9a7-1d8f576b5598.
21:07:45     [3] SAOP_GETSTOCKS (GetStocks): skladišč=1, zapisov=7016, uporabljenih=7016, v karanteni=0, RunId=5dd0076d-afe3-4211-86c5-4be4d8f3f82d.
21:07:47     [4] SAOP_GETSTOCKS (GetStocks): skladišč=14, zapisov=3113, uporabljenih=3113, v karanteni=0, RunId=b1ee2a18-86f8-41c7-b4ee-e14c3c514425.
21:07:47     konec: Zaloga iz SAOP (kolicine)
21:07:47  Zalogovni cikel koncan; padlih korakov: 0.
21:12:26  == Zaloga NW_STOCK ==
21:12:28     SOURCE_FETCH: se ni na vrsti po razporedu; preskoceno.
21:12:32     Prebranih zapisov: 2763; SHA-256: 1fda612debce4cfca4054ed8beec61c283712792aa55071fd617dcf61d57f4ff
21:12:32     STOCK_FILE pri podjetju 1: se ni na vrsti po razporedu; preskoceno.
21:12:34     Prebranih zapisov: 2763; SHA-256: 1fda612debce4cfca4054ed8beec61c283712792aa55071fd617dcf61d57f4ff
21:12:35     Ta posnetek je ze v bazi; vir=NW_STOCK, podjetje=2, cas posnetka=2026-09-02 17:52:28Z, uporabljenih=2763, v karanteni=0, RunId=28e50482-5277-4283-9834-c1b3cf2259ba. Zapisano ni bilo nic.
21:12:36     Prebranih zapisov: 2763; SHA-256: 1fda612debce4cfca4054ed8beec61c283712792aa55071fd617dcf61d57f4ff
21:12:36     STOCK_FILE pri podjetju 3: se ni na vrsti po razporedu; preskoceno.
21:12:38     Prebranih zapisov: 2763; SHA-256: 1fda612debce4cfca4054ed8beec61c283712792aa55071fd617dcf61d57f4ff
21:12:38     Ta posnetek je ze v bazi; vir=NW_STOCK, podjetje=4, cas posnetka=2026-09-02 17:52:28Z, uporabljenih=2763, v karanteni=0, RunId=846a949d-e8d3-49e6-9453-278ffb258e36. Zapisano ni bilo nic.
21:12:38     konec: Zaloga NW_STOCK
21:12:38  == Zaloga BT_STOCK ==
21:12:39     [BT_STOCK] preskoceno: Razmik dobavitelja se tece; naslednji prenos po 2. 09. 2026 21:39.
21:12:39     Prevzem koncan: uspesno 0, neuspesno 0, skupaj virov 1.
21:12:40     Prebranih zapisov: 1389; SHA-256: 88b7c3e1f331eec94b93a68da91e45c3cb67f61785dc722e54236f147e3efb63
21:12:41     Ta posnetek je ze v bazi; vir=BT_STOCK, podjetje=1, cas posnetka=2026-09-02 16:39:55Z, uporabljenih=1389, v karanteni=0, RunId=e4912780-b225-4977-b541-4c5c7a771824. Zapisano ni bilo nic.
21:12:42     Prebranih zapisov: 1389; SHA-256: 88b7c3e1f331eec94b93a68da91e45c3cb67f61785dc722e54236f147e3efb63
21:12:42     STOCK_FILE pri podjetju 2: se ni na vrsti po razporedu; preskoceno.
21:12:43     Prebranih zapisov: 1389; SHA-256: 88b7c3e1f331eec94b93a68da91e45c3cb67f61785dc722e54236f147e3efb63
21:12:43     Ta posnetek je ze v bazi; vir=BT_STOCK, podjetje=3, cas posnetka=2026-09-02 16:39:55Z, uporabljenih=1389, v karanteni=0, RunId=680e3a50-81b6-4668-860d-52d0c1e429d4. Zapisano ni bilo nic.
21:12:44     Prebranih zapisov: 1389; SHA-256: 88b7c3e1f331eec94b93a68da91e45c3cb67f61785dc722e54236f147e3efb63
21:12:44     STOCK_FILE pri podjetju 4: se ni na vrsti po razporedu; preskoceno.
21:12:44     konec: Zaloga BT_STOCK
21:12:44  == Zaloga iz SAOP (kolicine) ==
21:12:46     [1] SAOP_GETSTOCKS (GetStocks): skladišč=4, zapisov=16, uporabljenih=16, v karanteni=0, RunId=77425024-919c-4bb8-82a0-41255cd0a11f.
21:12:54     STDERR: [2] NAPAKA: Transaction (Process ID 66) was deadlocked on lock | communication buffer resources with another process and has been chosen as the deadlock victim. Rerun the transaction.
21:12:56     [3] SAOP_REGISTERED_VIEW (RegisteredViewData): skladišč=0, zapisov=3156, uporabljenih=3156, v karanteni=0, RunId=44bee6c9-dc19-4b51-89a7-41c5bb192ec7.
21:12:58     [4] SAOP_GETSTOCKS (GetStocks): skladišč=14, zapisov=3113, uporabljenih=3113, v karanteni=0, RunId=2c00e399-5ee1-45fd-a6ad-1a5fe3b8129c.
21:12:58     NAPAKA: worker workers\PIM.SaopStockWorker je koncal z izhodno kodo 1
21:12:58  Zalogovni cikel koncan; padlih korakov: 1.
21:17:26  == Zaloga NW_STOCK ==
21:17:27     SOURCE_FETCH: se ni na vrsti po razporedu; preskoceno.
21:17:28     Prebranih zapisov: 2763; SHA-256: 1fda612debce4cfca4054ed8beec61c283712792aa55071fd617dcf61d57f4ff
21:17:28     STOCK_FILE pri podjetju 1: se ni na vrsti po razporedu; preskoceno.
21:17:29     Prebranih zapisov: 2763; SHA-256: 1fda612debce4cfca4054ed8beec61c283712792aa55071fd617dcf61d57f4ff
21:17:29     STOCK_FILE pri podjetju 2: se ni na vrsti po razporedu; preskoceno.
21:17:30     Prebranih zapisov: 2763; SHA-256: 1fda612debce4cfca4054ed8beec61c283712792aa55071fd617dcf61d57f4ff
21:17:30     STOCK_FILE pri podjetju 3: se ni na vrsti po razporedu; preskoceno.
21:17:31     Prebranih zapisov: 2763; SHA-256: 1fda612debce4cfca4054ed8beec61c283712792aa55071fd617dcf61d57f4ff
21:17:31     STOCK_FILE pri podjetju 4: se ni na vrsti po razporedu; preskoceno.
21:17:31     konec: Zaloga NW_STOCK
21:17:31  == Zaloga BT_STOCK ==
21:17:32     SOURCE_FETCH: se ni na vrsti po razporedu; preskoceno.
21:17:33     Prebranih zapisov: 1389; SHA-256: 88b7c3e1f331eec94b93a68da91e45c3cb67f61785dc722e54236f147e3efb63
21:17:33     STOCK_FILE pri podjetju 1: se ni na vrsti po razporedu; preskoceno.
21:17:34     Prebranih zapisov: 1389; SHA-256: 88b7c3e1f331eec94b93a68da91e45c3cb67f61785dc722e54236f147e3efb63
21:17:34     STOCK_FILE pri podjetju 2: se ni na vrsti po razporedu; preskoceno.
21:17:35     Prebranih zapisov: 1389; SHA-256: 88b7c3e1f331eec94b93a68da91e45c3cb67f61785dc722e54236f147e3efb63
21:17:35     STOCK_FILE pri podjetju 3: se ni na vrsti po razporedu; preskoceno.
21:17:36     Prebranih zapisov: 1389; SHA-256: 88b7c3e1f331eec94b93a68da91e45c3cb67f61785dc722e54236f147e3efb63
21:17:36     STOCK_FILE pri podjetju 4: se ni na vrsti po razporedu; preskoceno.
21:17:36     konec: Zaloga BT_STOCK
21:17:36  == Zaloga iz SAOP (kolicine) ==
21:17:37     [1] SAOP_STOCK: se ni na vrsti po razporedu; preskoceno.
21:17:37     [2] SAOP_STOCK: se ni na vrsti po razporedu; preskoceno.
21:17:37     [3] SAOP_STOCK: se ni na vrsti po razporedu; preskoceno.
21:17:37     [4] SAOP_STOCK: se ni na vrsti po razporedu; preskoceno.
21:17:37     konec: Zaloga iz SAOP (kolicine)
21:17:37  Zalogovni cikel koncan; padlih korakov: 0.
21:22:26  == Zaloga NW_STOCK ==
21:22:27     [NW_STOCK] preskoceno: Razmik dobavitelja se tece; naslednji prenos po 2. 09. 2026 21:52.
21:22:27     Prevzem koncan: uspesno 0, neuspesno 0, skupaj virov 1.
21:22:28     Prebranih zapisov: 2763; SHA-256: 1fda612debce4cfca4054ed8beec61c283712792aa55071fd617dcf61d57f4ff
21:22:28     Ta posnetek je ze v bazi; vir=NW_STOCK, podjetje=1, cas posnetka=2026-09-02 17:52:28Z, uporabljenih=2763, v karanteni=0, RunId=3f5e557c-8c94-49d8-8c35-ddf9ad868803. Zapisano ni bilo nic.
21:22:29     Prebranih zapisov: 2763; SHA-256: 1fda612debce4cfca4054ed8beec61c283712792aa55071fd617dcf61d57f4ff
21:22:29     Ta posnetek je ze v bazi; vir=NW_STOCK, podjetje=2, cas posnetka=2026-09-02 17:52:28Z, uporabljenih=2763, v karanteni=0, RunId=28e50482-5277-4283-9834-c1b3cf2259ba. Zapisano ni bilo nic.
21:22:30     Prebranih zapisov: 2763; SHA-256: 1fda612debce4cfca4054ed8beec61c283712792aa55071fd617dcf61d57f4ff
21:22:30     Ta posnetek je ze v bazi; vir=NW_STOCK, podjetje=3, cas posnetka=2026-09-02 17:52:28Z, uporabljenih=2763, v karanteni=0, RunId=49f0d016-f046-449b-becd-324e84bacad7. Zapisano ni bilo nic.
21:22:31     Prebranih zapisov: 2763; SHA-256: 1fda612debce4cfca4054ed8beec61c283712792aa55071fd617dcf61d57f4ff
21:22:31     Ta posnetek je ze v bazi; vir=NW_STOCK, podjetje=4, cas posnetka=2026-09-02 17:52:28Z, uporabljenih=2763, v karanteni=0, RunId=846a949d-e8d3-49e6-9453-278ffb258e36. Zapisano ni bilo nic.
21:22:31     konec: Zaloga NW_STOCK
21:22:31  == Zaloga BT_STOCK ==
21:22:32     SOURCE_FETCH: se ni na vrsti po razporedu; preskoceno.
21:22:33     Prebranih zapisov: 1389; SHA-256: 88b7c3e1f331eec94b93a68da91e45c3cb67f61785dc722e54236f147e3efb63
21:22:33     STOCK_FILE pri podjetju 1: se ni na vrsti po razporedu; preskoceno.
21:22:34     Prebranih zapisov: 1389; SHA-256: 88b7c3e1f331eec94b93a68da91e45c3cb67f61785dc722e54236f147e3efb63
21:22:34     STOCK_FILE pri podjetju 2: se ni na vrsti po razporedu; preskoceno.
21:22:35     Prebranih zapisov: 1389; SHA-256: 88b7c3e1f331eec94b93a68da91e45c3cb67f61785dc722e54236f147e3efb63
21:22:35     STOCK_FILE pri podjetju 3: se ni na vrsti po razporedu; preskoceno.
21:22:36     Prebranih zapisov: 1389; SHA-256: 88b7c3e1f331eec94b93a68da91e45c3cb67f61785dc722e54236f147e3efb63
21:22:36     STOCK_FILE pri podjetju 4: se ni na vrsti po razporedu; preskoceno.
21:22:36     konec: Zaloga BT_STOCK
21:22:36  == Zaloga iz SAOP (kolicine) ==
21:22:37     [1] SAOP_GETSTOCKS (GetStocks): skladišč=4, zapisov=16, uporabljenih=16, v karanteni=0, RunId=3cbcc157-a20a-4478-9c74-4b0a923ba583.
21:22:41     [2] SAOP_GETSTOCKS (GetStocks): skladišč=1, zapisov=8734, uporabljenih=8734, v karanteni=0, RunId=225e5abe-ac7a-48bd-b022-9ce91aa59794.
21:22:43     [3] SAOP_REGISTERED_VIEW (RegisteredViewData): skladišč=0, zapisov=3156, uporabljenih=3156, v karanteni=0, RunId=a6e834cb-dd34-486d-a379-8e597a0bbd67.
21:22:45     [4] SAOP_GETSTOCKS (GetStocks): skladišč=14, zapisov=3113, uporabljenih=3113, v karanteni=0, RunId=60b4731f-f8dd-49f1-b77c-cb64f052a7b1.
21:22:45     konec: Zaloga iz SAOP (kolicine)
21:22:45  Zalogovni cikel koncan; padlih korakov: 0.
21:27:26  == Zaloga NW_STOCK ==
21:27:27     [NW_STOCK] preskoceno: Razmik dobavitelja se tece; naslednji prenos po 2. 09. 2026 21:52.
21:27:27     Prevzem koncan: uspesno 0, neuspesno 0, skupaj virov 1.
21:27:28     Prebranih zapisov: 2763; SHA-256: 1fda612debce4cfca4054ed8beec61c283712792aa55071fd617dcf61d57f4ff
21:27:29     Ta posnetek je ze v bazi; vir=NW_STOCK, podjetje=1, cas posnetka=2026-09-02 17:52:28Z, uporabljenih=2763, v karanteni=0, RunId=3f5e557c-8c94-49d8-8c35-ddf9ad868803. Zapisano ni bilo nic.
21:27:30     Prebranih zapisov: 2763; SHA-256: 1fda612debce4cfca4054ed8beec61c283712792aa55071fd617dcf61d57f4ff
21:27:30     Ta posnetek je ze v bazi; vir=NW_STOCK, podjetje=2, cas posnetka=2026-09-02 17:52:28Z, uporabljenih=2763, v karanteni=0, RunId=28e50482-5277-4283-9834-c1b3cf2259ba. Zapisano ni bilo nic.
21:27:31     Prebranih zapisov: 2763; SHA-256: 1fda612debce4cfca4054ed8beec61c283712792aa55071fd617dcf61d57f4ff
21:27:31     Ta posnetek je ze v bazi; vir=NW_STOCK, podjetje=3, cas posnetka=2026-09-02 17:52:28Z, uporabljenih=2763, v karanteni=0, RunId=49f0d016-f046-449b-becd-324e84bacad7. Zapisano ni bilo nic.
21:27:32     Prebranih zapisov: 2763; SHA-256: 1fda612debce4cfca4054ed8beec61c283712792aa55071fd617dcf61d57f4ff
21:27:32     Ta posnetek je ze v bazi; vir=NW_STOCK, podjetje=4, cas posnetka=2026-09-02 17:52:28Z, uporabljenih=2763, v karanteni=0, RunId=846a949d-e8d3-49e6-9453-278ffb258e36. Zapisano ni bilo nic.
21:27:32     konec: Zaloga NW_STOCK
21:27:32  == Zaloga BT_STOCK ==
21:27:33     SOURCE_FETCH: se ni na vrsti po razporedu; preskoceno.
21:27:34     Prebranih zapisov: 1389; SHA-256: 88b7c3e1f331eec94b93a68da91e45c3cb67f61785dc722e54236f147e3efb63
21:27:34     STOCK_FILE pri podjetju 1: se ni na vrsti po razporedu; preskoceno.
21:27:35     Prebranih zapisov: 1389; SHA-256: 88b7c3e1f331eec94b93a68da91e45c3cb67f61785dc722e54236f147e3efb63
21:27:35     STOCK_FILE pri podjetju 2: se ni na vrsti po razporedu; preskoceno.
21:27:36     Prebranih zapisov: 1389; SHA-256: 88b7c3e1f331eec94b93a68da91e45c3cb67f61785dc722e54236f147e3efb63
21:27:36     STOCK_FILE pri podjetju 3: se ni na vrsti po razporedu; preskoceno.
21:27:37     Prebranih zapisov: 1389; SHA-256: 88b7c3e1f331eec94b93a68da91e45c3cb67f61785dc722e54236f147e3efb63
21:27:37     STOCK_FILE pri podjetju 4: se ni na vrsti po razporedu; preskoceno.
21:27:37     konec: Zaloga BT_STOCK
21:27:37  == Zaloga iz SAOP (kolicine) ==
21:27:39     [1] SAOP_GETSTOCKS (GetStocks): skladišč=4, zapisov=16, uporabljenih=16, v karanteni=0, RunId=4b3e2ac0-57af-4fa2-a2dc-a203785a439c.
21:27:43     [2] SAOP_GETSTOCKS (GetStocks): skladišč=1, zapisov=8734, uporabljenih=8734, v karanteni=0, RunId=9bc37407-9fec-47c4-9413-ac681a8bd0ca.
21:27:46     [3] SAOP_REGISTERED_VIEW (RegisteredViewData): skladišč=0, zapisov=3156, uporabljenih=3156, v karanteni=0, RunId=39f85fb2-933c-40a8-becb-70e98ad54f84.
21:27:48     [4] SAOP_GETSTOCKS (GetStocks): skladišč=14, zapisov=3113, uporabljenih=3113, v karanteni=0, RunId=2c075b7c-4b1c-42e0-8e8b-ac6257b48359.
21:27:48     konec: Zaloga iz SAOP (kolicine)
21:27:48  == Izvoz cen in zaloge za splet ==
21:27:49     STDERR: Unhandled exception. System.InvalidOperationException: Manjka PIM_CONNECTION_STRING; worker ne bere appsettings ali drugih virov konfiguracije.
21:27:49     STDERR:    at Program.<Main>$(String[] args) in C:\Users\david\Desktop\PIM\NoviPIM\PIM_Solution\workers\PIM.B2bWorker\Program.cs:line 18
21:27:49     STDERR:    at Program.<Main>(String[] args)
21:27:56     NAPAKA: worker workers\PIM.B2bWorker je koncal z izhodno kodo -532462766
21:27:56  Zalogovni cikel koncan; padlih korakov: 1.
21:32:26  == Zaloga NW_STOCK ==
21:32:27     SOURCE_FETCH: se ni na vrsti po razporedu; preskoceno.
21:32:28     Prebranih zapisov: 2763; SHA-256: 1fda612debce4cfca4054ed8beec61c283712792aa55071fd617dcf61d57f4ff
21:32:28     STOCK_FILE pri podjetju 1: se ni na vrsti po razporedu; preskoceno.
21:32:29     Prebranih zapisov: 2763; SHA-256: 1fda612debce4cfca4054ed8beec61c283712792aa55071fd617dcf61d57f4ff
21:32:29     STOCK_FILE pri podjetju 2: se ni na vrsti po razporedu; preskoceno.
21:32:30     Prebranih zapisov: 2763; SHA-256: 1fda612debce4cfca4054ed8beec61c283712792aa55071fd617dcf61d57f4ff
21:32:30     STOCK_FILE pri podjetju 3: se ni na vrsti po razporedu; preskoceno.
21:32:31     Prebranih zapisov: 2763; SHA-256: 1fda612debce4cfca4054ed8beec61c283712792aa55071fd617dcf61d57f4ff
21:32:31     STOCK_FILE pri podjetju 4: se ni na vrsti po razporedu; preskoceno.
21:32:31     konec: Zaloga NW_STOCK
21:32:31  == Zaloga BT_STOCK ==
21:32:32     [BT_STOCK] preskoceno: Razmik dobavitelja se tece; naslednji prenos po 2. 09. 2026 21:39.
21:32:32     Prevzem koncan: uspesno 0, neuspesno 0, skupaj virov 1.
21:32:33     Prebranih zapisov: 1389; SHA-256: 88b7c3e1f331eec94b93a68da91e45c3cb67f61785dc722e54236f147e3efb63
21:32:33     Ta posnetek je ze v bazi; vir=BT_STOCK, podjetje=1, cas posnetka=2026-09-02 16:39:55Z, uporabljenih=1389, v karanteni=0, RunId=e4912780-b225-4977-b541-4c5c7a771824. Zapisano ni bilo nic.
21:32:34     Prebranih zapisov: 1389; SHA-256: 88b7c3e1f331eec94b93a68da91e45c3cb67f61785dc722e54236f147e3efb63
21:32:34     Ta posnetek je ze v bazi; vir=BT_STOCK, podjetje=2, cas posnetka=2026-09-02 16:39:55Z, uporabljenih=1389, v karanteni=0, RunId=f1953183-3abf-42a5-91cd-1677b89581d1. Zapisano ni bilo nic.
21:32:35     Prebranih zapisov: 1389; SHA-256: 88b7c3e1f331eec94b93a68da91e45c3cb67f61785dc722e54236f147e3efb63
21:32:35     Ta posnetek je ze v bazi; vir=BT_STOCK, podjetje=3, cas posnetka=2026-09-02 16:39:55Z, uporabljenih=1389, v karanteni=0, RunId=680e3a50-81b6-4668-860d-52d0c1e429d4. Zapisano ni bilo nic.
21:32:36     Prebranih zapisov: 1389; SHA-256: 88b7c3e1f331eec94b93a68da91e45c3cb67f61785dc722e54236f147e3efb63
21:32:36     Ta posnetek je ze v bazi; vir=BT_STOCK, podjetje=4, cas posnetka=2026-09-02 16:39:55Z, uporabljenih=1389, v karanteni=0, RunId=79b3b0aa-02c9-4df1-aeae-e68412b1e9e4. Zapisano ni bilo nic.
21:32:36     konec: Zaloga BT_STOCK
21:32:36  == Zaloga iz SAOP (kolicine) ==
21:32:37     [1] SAOP_STOCK: se ni na vrsti po razporedu; preskoceno.
21:32:37     [2] SAOP_STOCK: se ni na vrsti po razporedu; preskoceno.
21:32:37     [3] SAOP_STOCK: se ni na vrsti po razporedu; preskoceno.
21:32:37     [4] SAOP_STOCK: se ni na vrsti po razporedu; preskoceno.
21:32:37     konec: Zaloga iz SAOP (kolicine)
21:32:37  == Izvoz cen in zaloge za splet ==
21:32:39     Izvoz profila MAGENTO_STOCK_PRICES končan: 352 vrstic v C:\Users\david\Desktop\PIM\NoviPIM\izvoz\magento\1
21:32:41     Izvoz profila MAGENTO_STOCK_PRICES končan: 2071 vrstic v C:\Users\david\Desktop\PIM\NoviPIM\izvoz\magento\2
21:32:44     Izvoz profila MAGENTO_STOCK_PRICES končan: 2487 vrstic v C:\Users\david\Desktop\PIM\NoviPIM\izvoz\magento\3
21:32:45     Izvoz profila MAGENTO_STOCK_PRICES končan: 0 vrstic v C:\Users\david\Desktop\PIM\NoviPIM\izvoz\magento\4
21:32:45     konec: Izvoz cen in zaloge za splet
21:32:45  Zalogovni cikel koncan; padlih korakov: 0.
21:37:26  == Zaloga NW_STOCK ==
21:37:27     SOURCE_FETCH: se ni na vrsti po razporedu; preskoceno.
21:37:28     Prebranih zapisov: 2763; SHA-256: 1fda612debce4cfca4054ed8beec61c283712792aa55071fd617dcf61d57f4ff
21:37:28     STOCK_FILE pri podjetju 1: se ni na vrsti po razporedu; preskoceno.
21:37:29     Prebranih zapisov: 2763; SHA-256: 1fda612debce4cfca4054ed8beec61c283712792aa55071fd617dcf61d57f4ff
21:37:29     STOCK_FILE pri podjetju 2: se ni na vrsti po razporedu; preskoceno.
21:37:30     Prebranih zapisov: 2763; SHA-256: 1fda612debce4cfca4054ed8beec61c283712792aa55071fd617dcf61d57f4ff
21:37:30     STOCK_FILE pri podjetju 3: se ni na vrsti po razporedu; preskoceno.
21:37:31     Prebranih zapisov: 2763; SHA-256: 1fda612debce4cfca4054ed8beec61c283712792aa55071fd617dcf61d57f4ff
21:37:31     STOCK_FILE pri podjetju 4: se ni na vrsti po razporedu; preskoceno.
21:37:31     konec: Zaloga NW_STOCK
21:37:31  == Zaloga BT_STOCK ==
21:37:32     SOURCE_FETCH: se ni na vrsti po razporedu; preskoceno.
21:37:33     Prebranih zapisov: 1389; SHA-256: 88b7c3e1f331eec94b93a68da91e45c3cb67f61785dc722e54236f147e3efb63
21:37:33     STOCK_FILE pri podjetju 1: se ni na vrsti po razporedu; preskoceno.
21:37:34     Prebranih zapisov: 1389; SHA-256: 88b7c3e1f331eec94b93a68da91e45c3cb67f61785dc722e54236f147e3efb63
21:37:34     STOCK_FILE pri podjetju 2: se ni na vrsti po razporedu; preskoceno.
21:37:35     Prebranih zapisov: 1389; SHA-256: 88b7c3e1f331eec94b93a68da91e45c3cb67f61785dc722e54236f147e3efb63
21:37:35     STOCK_FILE pri podjetju 3: se ni na vrsti po razporedu; preskoceno.
21:37:36     Prebranih zapisov: 1389; SHA-256: 88b7c3e1f331eec94b93a68da91e45c3cb67f61785dc722e54236f147e3efb63
21:37:36     STOCK_FILE pri podjetju 4: se ni na vrsti po razporedu; preskoceno.
21:37:36     konec: Zaloga BT_STOCK
21:37:36  == Zaloga iz SAOP (kolicine) ==
21:37:37     [1] SAOP_GETSTOCKS (GetStocks): skladišč=4, zapisov=16, uporabljenih=16, v karanteni=0, RunId=d5f2eb02-4975-4bb8-826d-498be0b4924c.
21:37:41     [2] SAOP_GETSTOCKS (GetStocks): skladišč=1, zapisov=8734, uporabljenih=8734, v karanteni=0, RunId=aba48015-adb0-41d1-bee6-4f6b09cc6530.
21:37:43     [3] SAOP_REGISTERED_VIEW (RegisteredViewData): skladišč=0, zapisov=3156, uporabljenih=3156, v karanteni=0, RunId=004239c6-3f19-42e3-9457-c720143b3a76.
21:37:44     [4] SAOP_GETSTOCKS (GetStocks): skladišč=14, zapisov=3113, uporabljenih=3113, v karanteni=0, RunId=0c3fb383-1a04-45e5-9599-89cf80a674ca.
21:37:44     konec: Zaloga iz SAOP (kolicine)
21:37:44  == Izvoz cen in zaloge za splet ==
21:37:46     Izvoz profila MAGENTO_STOCK_PRICES končan: 352 vrstic v C:\Users\david\Desktop\PIM\NoviPIM\izvoz\magento\1
21:37:49     Izvoz profila MAGENTO_STOCK_PRICES končan: 2071 vrstic v C:\Users\david\Desktop\PIM\NoviPIM\izvoz\magento\2
21:37:51     Izvoz profila MAGENTO_STOCK_PRICES končan: 2487 vrstic v C:\Users\david\Desktop\PIM\NoviPIM\izvoz\magento\3
21:37:52     Izvoz profila MAGENTO_STOCK_PRICES končan: 0 vrstic v C:\Users\david\Desktop\PIM\NoviPIM\izvoz\magento\4
21:37:52     konec: Izvoz cen in zaloge za splet
21:37:52  Zalogovni cikel koncan; padlih korakov: 0.
21:42:26  == Zaloga NW_STOCK ==
21:42:27     [NW_STOCK] preskoceno: Razmik dobavitelja se tece; naslednji prenos po 2. 09. 2026 21:52.
21:42:27     Prevzem koncan: uspesno 0, neuspesno 0, skupaj virov 1.
21:42:28     Prebranih zapisov: 2763; SHA-256: 1fda612debce4cfca4054ed8beec61c283712792aa55071fd617dcf61d57f4ff
21:42:28     Ta posnetek je ze v bazi; vir=NW_STOCK, podjetje=1, cas posnetka=2026-09-02 17:52:28Z, uporabljenih=2763, v karanteni=0, RunId=3f5e557c-8c94-49d8-8c35-ddf9ad868803. Zapisano ni bilo nic.
21:42:29     Prebranih zapisov: 2763; SHA-256: 1fda612debce4cfca4054ed8beec61c283712792aa55071fd617dcf61d57f4ff
21:42:29     Ta posnetek je ze v bazi; vir=NW_STOCK, podjetje=2, cas posnetka=2026-09-02 17:52:28Z, uporabljenih=2763, v karanteni=0, RunId=28e50482-5277-4283-9834-c1b3cf2259ba. Zapisano ni bilo nic.
21:42:30     Prebranih zapisov: 2763; SHA-256: 1fda612debce4cfca4054ed8beec61c283712792aa55071fd617dcf61d57f4ff
21:42:30     Ta posnetek je ze v bazi; vir=NW_STOCK, podjetje=3, cas posnetka=2026-09-02 17:52:28Z, uporabljenih=2763, v karanteni=0, RunId=49f0d016-f046-449b-becd-324e84bacad7. Zapisano ni bilo nic.
21:42:31     Prebranih zapisov: 2763; SHA-256: 1fda612debce4cfca4054ed8beec61c283712792aa55071fd617dcf61d57f4ff
21:42:31     Ta posnetek je ze v bazi; vir=NW_STOCK, podjetje=4, cas posnetka=2026-09-02 17:52:28Z, uporabljenih=2763, v karanteni=0, RunId=846a949d-e8d3-49e6-9453-278ffb258e36. Zapisano ni bilo nic.
21:42:31     konec: Zaloga NW_STOCK
21:42:31  == Zaloga BT_STOCK ==
21:42:33     SOURCE_FETCH: se ni na vrsti po razporedu; preskoceno.
21:42:33     Prebranih zapisov: 1389; SHA-256: 88b7c3e1f331eec94b93a68da91e45c3cb67f61785dc722e54236f147e3efb63
21:42:34     STOCK_FILE pri podjetju 1: se ni na vrsti po razporedu; preskoceno.
21:42:34     Prebranih zapisov: 1389; SHA-256: 88b7c3e1f331eec94b93a68da91e45c3cb67f61785dc722e54236f147e3efb63
21:42:35     STOCK_FILE pri podjetju 2: se ni na vrsti po razporedu; preskoceno.
21:42:35     Prebranih zapisov: 1389; SHA-256: 88b7c3e1f331eec94b93a68da91e45c3cb67f61785dc722e54236f147e3efb63
21:42:36     STOCK_FILE pri podjetju 3: se ni na vrsti po razporedu; preskoceno.
21:42:36     Prebranih zapisov: 1389; SHA-256: 88b7c3e1f331eec94b93a68da91e45c3cb67f61785dc722e54236f147e3efb63
21:42:37     STOCK_FILE pri podjetju 4: se ni na vrsti po razporedu; preskoceno.
21:42:37     konec: Zaloga BT_STOCK
21:42:37  == Zaloga iz SAOP (kolicine) ==
21:42:38     [1] SAOP_GETSTOCKS (GetStocks): skladišč=4, zapisov=16, uporabljenih=16, v karanteni=0, RunId=94deea99-eeb4-4733-bace-9fc45c0686fc.
21:42:42     [2] SAOP_GETSTOCKS (GetStocks): skladišč=1, zapisov=8734, uporabljenih=8734, v karanteni=0, RunId=6625a94b-d954-4a64-a87d-7cb4d40f7dc3.
21:42:46     [3] SAOP_REGISTERED_VIEW (RegisteredViewData): skladišč=0, zapisov=3156, uporabljenih=3156, v karanteni=0, RunId=140d9ad5-1559-400e-bc9a-8b34057c2b9d.
21:42:50     [4] SAOP_GETSTOCKS (GetStocks): skladišč=14, zapisov=3113, uporabljenih=3113, v karanteni=0, RunId=41e99e28-9216-41bb-95ed-b4a017e44caf.
21:42:50     konec: Zaloga iz SAOP (kolicine)
21:42:50  == Izvoz cen in zaloge za splet ==
21:42:53     Izvoz profila MAGENTO_STOCK_PRICES končan: 352 vrstic v C:\Users\david\Desktop\PIM\NoviPIM\izvoz\magento\1
21:42:58     Izvoz profila MAGENTO_STOCK_PRICES končan: 2071 vrstic v C:\Users\david\Desktop\PIM\NoviPIM\izvoz\magento\2
21:43:02     Izvoz profila MAGENTO_STOCK_PRICES končan: 2487 vrstic v C:\Users\david\Desktop\PIM\NoviPIM\izvoz\magento\3
21:43:03     Izvoz profila MAGENTO_STOCK_PRICES končan: 0 vrstic v C:\Users\david\Desktop\PIM\NoviPIM\izvoz\magento\4
21:43:03     konec: Izvoz cen in zaloge za splet
21:43:03  Zalogovni cikel koncan; padlih korakov: 0.
21:47:26  == Zaloga NW_STOCK ==
21:47:27     [NW_STOCK] preskoceno: Razmik dobavitelja se tece; naslednji prenos po 2. 09. 2026 21:52.
21:47:27     Prevzem koncan: uspesno 0, neuspesno 0, skupaj virov 1.
21:47:28     Prebranih zapisov: 2763; SHA-256: 1fda612debce4cfca4054ed8beec61c283712792aa55071fd617dcf61d57f4ff
21:47:29     Ta posnetek je ze v bazi; vir=NW_STOCK, podjetje=1, cas posnetka=2026-09-02 17:52:28Z, uporabljenih=2763, v karanteni=0, RunId=3f5e557c-8c94-49d8-8c35-ddf9ad868803. Zapisano ni bilo nic.
21:47:29     Prebranih zapisov: 2763; SHA-256: 1fda612debce4cfca4054ed8beec61c283712792aa55071fd617dcf61d57f4ff
21:47:30     Ta posnetek je ze v bazi; vir=NW_STOCK, podjetje=2, cas posnetka=2026-09-02 17:52:28Z, uporabljenih=2763, v karanteni=0, RunId=28e50482-5277-4283-9834-c1b3cf2259ba. Zapisano ni bilo nic.
21:47:30     Prebranih zapisov: 2763; SHA-256: 1fda612debce4cfca4054ed8beec61c283712792aa55071fd617dcf61d57f4ff
21:47:31     Ta posnetek je ze v bazi; vir=NW_STOCK, podjetje=3, cas posnetka=2026-09-02 17:52:28Z, uporabljenih=2763, v karanteni=0, RunId=49f0d016-f046-449b-becd-324e84bacad7. Zapisano ni bilo nic.
21:47:31     Prebranih zapisov: 2763; SHA-256: 1fda612debce4cfca4054ed8beec61c283712792aa55071fd617dcf61d57f4ff
21:47:32     Ta posnetek je ze v bazi; vir=NW_STOCK, podjetje=4, cas posnetka=2026-09-02 17:52:28Z, uporabljenih=2763, v karanteni=0, RunId=846a949d-e8d3-49e6-9453-278ffb258e36. Zapisano ni bilo nic.
21:47:32     konec: Zaloga NW_STOCK
21:47:32  == Zaloga BT_STOCK ==
21:47:33     SOURCE_FETCH: se ni na vrsti po razporedu; preskoceno.
21:47:33     Prebranih zapisov: 1389; SHA-256: 88b7c3e1f331eec94b93a68da91e45c3cb67f61785dc722e54236f147e3efb63
21:47:34     STOCK_FILE pri podjetju 1: se ni na vrsti po razporedu; preskoceno.
21:47:34     Prebranih zapisov: 1389; SHA-256: 88b7c3e1f331eec94b93a68da91e45c3cb67f61785dc722e54236f147e3efb63
21:47:35     STOCK_FILE pri podjetju 2: se ni na vrsti po razporedu; preskoceno.
21:47:35     Prebranih zapisov: 1389; SHA-256: 88b7c3e1f331eec94b93a68da91e45c3cb67f61785dc722e54236f147e3efb63
21:47:36     STOCK_FILE pri podjetju 3: se ni na vrsti po razporedu; preskoceno.
21:47:36     Prebranih zapisov: 1389; SHA-256: 88b7c3e1f331eec94b93a68da91e45c3cb67f61785dc722e54236f147e3efb63
21:47:37     STOCK_FILE pri podjetju 4: se ni na vrsti po razporedu; preskoceno.
21:47:37     konec: Zaloga BT_STOCK
21:47:37  == Zaloga iz SAOP (kolicine) ==
21:47:38     [1] SAOP_GETSTOCKS (GetStocks): skladišč=4, zapisov=16, uporabljenih=16, v karanteni=0, RunId=cbfd8d80-0fbf-4423-af7f-d33258857ba1.
21:47:42     [2] SAOP_GETSTOCKS (GetStocks): skladišč=1, zapisov=8734, uporabljenih=8734, v karanteni=0, RunId=bc451875-d60d-46c7-9c70-633bff137a2b.
21:47:44     [3] SAOP_REGISTERED_VIEW (RegisteredViewData): skladišč=0, zapisov=3156, uporabljenih=3156, v karanteni=0, RunId=eb1f9d9c-37dd-4a08-a081-f564fa2eb171.
21:47:44     [4] SAOP_STOCK: se ni na vrsti po razporedu; preskoceno.
21:47:44     konec: Zaloga iz SAOP (kolicine)
21:47:44  == Izvoz cen in zaloge za splet ==
21:47:46     Izvoz profila MAGENTO_STOCK_PRICES končan: 352 vrstic v C:\Users\david\Desktop\PIM\NoviPIM\izvoz\magento\1
21:47:50     Izvoz profila MAGENTO_STOCK_PRICES končan: 2071 vrstic v C:\Users\david\Desktop\PIM\NoviPIM\izvoz\magento\2
21:47:53     Izvoz profila MAGENTO_STOCK_PRICES končan: 2487 vrstic v C:\Users\david\Desktop\PIM\NoviPIM\izvoz\magento\3
21:47:55     Izvoz profila MAGENTO_STOCK_PRICES končan: 0 vrstic v C:\Users\david\Desktop\PIM\NoviPIM\izvoz\magento\4
21:47:55     konec: Izvoz cen in zaloge za splet
21:47:55  Zalogovni cikel koncan; padlih korakov: 0.
21:52:26  == Zaloga NW_STOCK ==
21:52:27     SOURCE_FETCH: se ni na vrsti po razporedu; preskoceno.
21:52:28     Prebranih zapisov: 2763; SHA-256: 1fda612debce4cfca4054ed8beec61c283712792aa55071fd617dcf61d57f4ff
21:52:28     STOCK_FILE pri podjetju 1: se ni na vrsti po razporedu; preskoceno.
21:52:29     Prebranih zapisov: 2763; SHA-256: 1fda612debce4cfca4054ed8beec61c283712792aa55071fd617dcf61d57f4ff
21:52:29     STOCK_FILE pri podjetju 2: se ni na vrsti po razporedu; preskoceno.
21:52:30     Prebranih zapisov: 2763; SHA-256: 1fda612debce4cfca4054ed8beec61c283712792aa55071fd617dcf61d57f4ff
21:52:30     STOCK_FILE pri podjetju 3: se ni na vrsti po razporedu; preskoceno.
21:52:31     Prebranih zapisov: 2763; SHA-256: 1fda612debce4cfca4054ed8beec61c283712792aa55071fd617dcf61d57f4ff
21:52:31     STOCK_FILE pri podjetju 4: se ni na vrsti po razporedu; preskoceno.
21:52:31     konec: Zaloga NW_STOCK
21:52:31  == Zaloga BT_STOCK ==
21:52:34     [BT_STOCK] preskoceno: Dobaviteljeva datoteka je nespremenjena; obdrzimo prejsnjo.
21:52:34     Prevzem koncan: uspesno 0, neuspesno 0, skupaj virov 1.
21:52:34     Prebranih zapisov: 1389; SHA-256: 88b7c3e1f331eec94b93a68da91e45c3cb67f61785dc722e54236f147e3efb63
21:52:35     Ta posnetek je ze v bazi; vir=BT_STOCK, podjetje=1, cas posnetka=2026-09-02 16:39:55Z, uporabljenih=1389, v karanteni=0, RunId=e4912780-b225-4977-b541-4c5c7a771824. Zapisano ni bilo nic.
21:52:35     Prebranih zapisov: 1389; SHA-256: 88b7c3e1f331eec94b93a68da91e45c3cb67f61785dc722e54236f147e3efb63
21:52:36     Ta posnetek je ze v bazi; vir=BT_STOCK, podjetje=2, cas posnetka=2026-09-02 16:39:55Z, uporabljenih=1389, v karanteni=0, RunId=f1953183-3abf-42a5-91cd-1677b89581d1. Zapisano ni bilo nic.
21:52:37     Prebranih zapisov: 1389; SHA-256: 88b7c3e1f331eec94b93a68da91e45c3cb67f61785dc722e54236f147e3efb63
21:52:37     Ta posnetek je ze v bazi; vir=BT_STOCK, podjetje=3, cas posnetka=2026-09-02 16:39:55Z, uporabljenih=1389, v karanteni=0, RunId=680e3a50-81b6-4668-860d-52d0c1e429d4. Zapisano ni bilo nic.
21:52:38     Prebranih zapisov: 1389; SHA-256: 88b7c3e1f331eec94b93a68da91e45c3cb67f61785dc722e54236f147e3efb63
21:52:38     Ta posnetek je ze v bazi; vir=BT_STOCK, podjetje=4, cas posnetka=2026-09-02 16:39:55Z, uporabljenih=1389, v karanteni=0, RunId=79b3b0aa-02c9-4df1-aeae-e68412b1e9e4. Zapisano ni bilo nic.
21:52:38     konec: Zaloga BT_STOCK
21:52:38  == Zaloga iz SAOP (kolicine) ==
21:52:39     [1] SAOP_GETSTOCKS (GetStocks): skladišč=4, zapisov=16, uporabljenih=16, v karanteni=0, RunId=33c91c84-709f-4377-b0ae-8a2b3f7a0d1d.
21:52:48     [2] SAOP_GETSTOCKS (GetStocks): skladišč=1, zapisov=8734, uporabljenih=8734, v karanteni=0, RunId=caf3f285-4113-4e82-b730-2201f9a04bcd.
21:52:50     [3] SAOP_REGISTERED_VIEW (RegisteredViewData): skladišč=0, zapisov=3156, uporabljenih=3156, v karanteni=0, RunId=7fb9dae1-19a2-4834-a1ac-ab1a6b8298e4.
21:52:52     [4] SAOP_GETSTOCKS (GetStocks): skladišč=14, zapisov=3113, uporabljenih=3113, v karanteni=0, RunId=4d83bb63-bb51-4771-a4d3-e31e0ce2e4d8.
21:52:52     konec: Zaloga iz SAOP (kolicine)
21:52:52  == Izvoz cen in zaloge za splet ==
21:52:54     Izvoz profila MAGENTO_STOCK_PRICES končan: 352 vrstic v C:\Users\david\Desktop\PIM\NoviPIM\izvoz\magento\1
21:52:58     Izvoz profila MAGENTO_STOCK_PRICES končan: 2071 vrstic v C:\Users\david\Desktop\PIM\NoviPIM\izvoz\magento\2
21:53:01     Izvoz profila MAGENTO_STOCK_PRICES končan: 2487 vrstic v C:\Users\david\Desktop\PIM\NoviPIM\izvoz\magento\3
21:53:03     Izvoz profila MAGENTO_STOCK_PRICES končan: 0 vrstic v C:\Users\david\Desktop\PIM\NoviPIM\izvoz\magento\4
21:53:03     konec: Izvoz cen in zaloge za splet
21:53:03  Zalogovni cikel koncan; padlih korakov: 0.
21:57:26  == Zaloga NW_STOCK ==
21:57:27     SOURCE_FETCH: se ni na vrsti po razporedu; preskoceno.
21:57:28     Prebranih zapisov: 2763; SHA-256: 1fda612debce4cfca4054ed8beec61c283712792aa55071fd617dcf61d57f4ff
21:57:29     STOCK_FILE pri podjetju 1: se ni na vrsti po razporedu; preskoceno.
21:57:29     Prebranih zapisov: 2763; SHA-256: 1fda612debce4cfca4054ed8beec61c283712792aa55071fd617dcf61d57f4ff
21:57:30     STOCK_FILE pri podjetju 2: se ni na vrsti po razporedu; preskoceno.
21:57:30     Prebranih zapisov: 2763; SHA-256: 1fda612debce4cfca4054ed8beec61c283712792aa55071fd617dcf61d57f4ff
21:57:30     STOCK_FILE pri podjetju 3: se ni na vrsti po razporedu; preskoceno.
21:57:31     Prebranih zapisov: 2763; SHA-256: 1fda612debce4cfca4054ed8beec61c283712792aa55071fd617dcf61d57f4ff
21:57:31     STOCK_FILE pri podjetju 4: se ni na vrsti po razporedu; preskoceno.
21:57:31     konec: Zaloga NW_STOCK
21:57:31  == Zaloga BT_STOCK ==
21:57:32     SOURCE_FETCH: se ni na vrsti po razporedu; preskoceno.
21:57:33     Prebranih zapisov: 1389; SHA-256: 88b7c3e1f331eec94b93a68da91e45c3cb67f61785dc722e54236f147e3efb63
21:57:33     STOCK_FILE pri podjetju 1: se ni na vrsti po razporedu; preskoceno.
21:57:34     Prebranih zapisov: 1389; SHA-256: 88b7c3e1f331eec94b93a68da91e45c3cb67f61785dc722e54236f147e3efb63
21:57:34     STOCK_FILE pri podjetju 2: se ni na vrsti po razporedu; preskoceno.
21:57:35     Prebranih zapisov: 1389; SHA-256: 88b7c3e1f331eec94b93a68da91e45c3cb67f61785dc722e54236f147e3efb63
21:57:35     STOCK_FILE pri podjetju 3: se ni na vrsti po razporedu; preskoceno.
21:57:36     Prebranih zapisov: 1389; SHA-256: 88b7c3e1f331eec94b93a68da91e45c3cb67f61785dc722e54236f147e3efb63
21:57:36     STOCK_FILE pri podjetju 4: se ni na vrsti po razporedu; preskoceno.
21:57:36     konec: Zaloga BT_STOCK
21:57:36  == Zaloga iz SAOP (kolicine) ==
21:57:37     [1] SAOP_STOCK: se ni na vrsti po razporedu; preskoceno.
21:57:37     [2] SAOP_STOCK: se ni na vrsti po razporedu; preskoceno.
21:57:37     [3] SAOP_STOCK: se ni na vrsti po razporedu; preskoceno.
21:57:37     [4] SAOP_STOCK: se ni na vrsti po razporedu; preskoceno.
21:57:37     konec: Zaloga iz SAOP (kolicine)
21:57:37  == Izvoz cen in zaloge za splet ==
21:57:39     Izvoz profila MAGENTO_STOCK_PRICES končan: 352 vrstic v C:\Users\david\Desktop\PIM\NoviPIM\izvoz\magento\1
21:57:43     Izvoz profila MAGENTO_STOCK_PRICES končan: 2071 vrstic v C:\Users\david\Desktop\PIM\NoviPIM\izvoz\magento\2
21:57:46     Izvoz profila MAGENTO_STOCK_PRICES končan: 2487 vrstic v C:\Users\david\Desktop\PIM\NoviPIM\izvoz\magento\3
21:57:47     Izvoz profila MAGENTO_STOCK_PRICES končan: 0 vrstic v C:\Users\david\Desktop\PIM\NoviPIM\izvoz\magento\4
21:57:47     konec: Izvoz cen in zaloge za splet
21:57:47  Zalogovni cikel koncan; padlih korakov: 0.
22:02:26  == Zaloga NW_STOCK ==
22:02:28     [NW_STOCK] prevzeto 87.324 bajtov -> C:\Users\david\Desktop\PIM\NoviPIM\PIM_Solution\data\prevzem\NW_STOCK\nw-zaloga.csv
22:02:28     Prevzem koncan: uspesno 1, neuspesno 0, skupaj virov 1.
22:02:29     Prebranih zapisov: 2763; SHA-256: 06158205827cd0ac8efeb3c4f00054708ed4050379f9c9da8f05bc6f33b332f1
22:02:31     Zaloga zapisana; vir=NW_STOCK, podjetje=1, uporabljenih=2763, v karanteni=0, RunId=238e08ff-eed9-41a3-970b-5fad071d7d22.
22:02:32     Prebranih zapisov: 2763; SHA-256: 06158205827cd0ac8efeb3c4f00054708ed4050379f9c9da8f05bc6f33b332f1
22:02:33     Zaloga zapisana; vir=NW_STOCK, podjetje=2, uporabljenih=2763, v karanteni=0, RunId=58d366e7-3058-4cba-8de0-64a45165bc5b.
22:02:34     Prebranih zapisov: 2763; SHA-256: 06158205827cd0ac8efeb3c4f00054708ed4050379f9c9da8f05bc6f33b332f1
22:02:35     Zaloga zapisana; vir=NW_STOCK, podjetje=3, uporabljenih=2763, v karanteni=0, RunId=64ea6757-8f57-424c-ab0e-447ee48dcef1.
22:02:36     Prebranih zapisov: 2763; SHA-256: 06158205827cd0ac8efeb3c4f00054708ed4050379f9c9da8f05bc6f33b332f1
22:02:38     Zaloga zapisana; vir=NW_STOCK, podjetje=4, uporabljenih=2763, v karanteni=0, RunId=129501f2-d4a1-45b7-af49-74d6c693f09b.
22:02:38     konec: Zaloga NW_STOCK
22:02:38  == Zaloga BT_STOCK ==
22:02:38     SOURCE_FETCH: se ni na vrsti po razporedu; preskoceno.
22:02:39     Prebranih zapisov: 1389; SHA-256: 88b7c3e1f331eec94b93a68da91e45c3cb67f61785dc722e54236f147e3efb63
22:02:39     STOCK_FILE pri podjetju 1: se ni na vrsti po razporedu; preskoceno.
22:02:40     Prebranih zapisov: 1389; SHA-256: 88b7c3e1f331eec94b93a68da91e45c3cb67f61785dc722e54236f147e3efb63
22:02:40     STOCK_FILE pri podjetju 2: se ni na vrsti po razporedu; preskoceno.
22:02:41     Prebranih zapisov: 1389; SHA-256: 88b7c3e1f331eec94b93a68da91e45c3cb67f61785dc722e54236f147e3efb63
22:02:41     STOCK_FILE pri podjetju 3: se ni na vrsti po razporedu; preskoceno.
22:02:42     Prebranih zapisov: 1389; SHA-256: 88b7c3e1f331eec94b93a68da91e45c3cb67f61785dc722e54236f147e3efb63
22:02:42     STOCK_FILE pri podjetju 4: se ni na vrsti po razporedu; preskoceno.
22:02:42     konec: Zaloga BT_STOCK
22:02:42  == Zaloga iz SAOP (kolicine) ==
22:02:44     [1] SAOP_GETSTOCKS (GetStocks): skladišč=4, zapisov=16, uporabljenih=16, v karanteni=0, RunId=45efa57f-131f-431f-becc-f40144b16a12.
22:02:49     [2] SAOP_GETSTOCKS (GetStocks): skladišč=1, zapisov=8734, uporabljenih=8734, v karanteni=0, RunId=9bc3123b-828c-4803-af79-a99df42a8359.
22:02:53     [3] SAOP_REGISTERED_VIEW (RegisteredViewData): skladišč=0, zapisov=3156, uporabljenih=3156, v karanteni=0, RunId=f1dbada5-e3c7-4eec-8f53-2bcf7ae4b396.
22:02:54     [4] SAOP_GETSTOCKS (GetStocks): skladišč=14, zapisov=3113, uporabljenih=3113, v karanteni=0, RunId=8b81fdba-b4a3-49bb-b03c-11d0be5ccb40.
22:02:54     konec: Zaloga iz SAOP (kolicine)
22:02:54  == Izvoz cen in zaloge za splet ==
22:02:56     Izvoz profila MAGENTO_STOCK_PRICES končan: 352 vrstic v C:\Users\david\Desktop\PIM\NoviPIM\izvoz\magento\1
22:03:00     Izvoz profila MAGENTO_STOCK_PRICES končan: 2071 vrstic v C:\Users\david\Desktop\PIM\NoviPIM\izvoz\magento\2
22:03:03     Izvoz profila MAGENTO_STOCK_PRICES končan: 2487 vrstic v C:\Users\david\Desktop\PIM\NoviPIM\izvoz\magento\3
22:03:04     Izvoz profila MAGENTO_STOCK_PRICES končan: 0 vrstic v C:\Users\david\Desktop\PIM\NoviPIM\izvoz\magento\4
22:03:04     konec: Izvoz cen in zaloge za splet
22:03:04  Zalogovni cikel koncan; padlih korakov: 0.
22:07:26  == Zaloga NW_STOCK ==
22:07:27     SOURCE_FETCH: se ni na vrsti po razporedu; preskoceno.
22:07:28     Prebranih zapisov: 2763; SHA-256: 06158205827cd0ac8efeb3c4f00054708ed4050379f9c9da8f05bc6f33b332f1
22:07:28     STOCK_FILE pri podjetju 1: se ni na vrsti po razporedu; preskoceno.
22:07:29     Prebranih zapisov: 2763; SHA-256: 06158205827cd0ac8efeb3c4f00054708ed4050379f9c9da8f05bc6f33b332f1
22:07:29     STOCK_FILE pri podjetju 2: se ni na vrsti po razporedu; preskoceno.
22:07:30     Prebranih zapisov: 2763; SHA-256: 06158205827cd0ac8efeb3c4f00054708ed4050379f9c9da8f05bc6f33b332f1
22:07:30     STOCK_FILE pri podjetju 3: se ni na vrsti po razporedu; preskoceno.
22:07:31     Prebranih zapisov: 2763; SHA-256: 06158205827cd0ac8efeb3c4f00054708ed4050379f9c9da8f05bc6f33b332f1
22:07:31     STOCK_FILE pri podjetju 4: se ni na vrsti po razporedu; preskoceno.
22:07:31     konec: Zaloga NW_STOCK
22:07:31  == Zaloga BT_STOCK ==
22:07:32     [BT_STOCK] preskoceno: Razmik dobavitelja se tece; naslednji prenos po 3. 09. 2026 00:52.
22:07:32     Prevzem koncan: uspesno 0, neuspesno 0, skupaj virov 1.
22:07:33     Prebranih zapisov: 1389; SHA-256: 88b7c3e1f331eec94b93a68da91e45c3cb67f61785dc722e54236f147e3efb63
22:07:33     Ta posnetek je ze v bazi; vir=BT_STOCK, podjetje=1, cas posnetka=2026-09-02 16:39:55Z, uporabljenih=1389, v karanteni=0, RunId=e4912780-b225-4977-b541-4c5c7a771824. Zapisano ni bilo nic.
22:07:34     Prebranih zapisov: 1389; SHA-256: 88b7c3e1f331eec94b93a68da91e45c3cb67f61785dc722e54236f147e3efb63
22:07:34     Ta posnetek je ze v bazi; vir=BT_STOCK, podjetje=2, cas posnetka=2026-09-02 16:39:55Z, uporabljenih=1389, v karanteni=0, RunId=f1953183-3abf-42a5-91cd-1677b89581d1. Zapisano ni bilo nic.
22:07:35     Prebranih zapisov: 1389; SHA-256: 88b7c3e1f331eec94b93a68da91e45c3cb67f61785dc722e54236f147e3efb63
22:07:35     Ta posnetek je ze v bazi; vir=BT_STOCK, podjetje=3, cas posnetka=2026-09-02 16:39:55Z, uporabljenih=1389, v karanteni=0, RunId=680e3a50-81b6-4668-860d-52d0c1e429d4. Zapisano ni bilo nic.
22:07:36     Prebranih zapisov: 1389; SHA-256: 88b7c3e1f331eec94b93a68da91e45c3cb67f61785dc722e54236f147e3efb63
22:07:36     STOCK_FILE pri podjetju 4: se ni na vrsti po razporedu; preskoceno.
22:07:36     konec: Zaloga BT_STOCK
22:07:36  == Zaloga iz SAOP (kolicine) ==
22:07:37     [1] SAOP_STOCK: se ni na vrsti po razporedu; preskoceno.
22:07:37     [2] SAOP_STOCK: se ni na vrsti po razporedu; preskoceno.
22:07:37     [3] SAOP_STOCK: se ni na vrsti po razporedu; preskoceno.
22:07:37     [4] SAOP_STOCK: se ni na vrsti po razporedu; preskoceno.
22:07:37     konec: Zaloga iz SAOP (kolicine)
22:07:37  == Izvoz cen in zaloge za splet ==
22:07:38     Izvoz profila MAGENTO_STOCK_PRICES končan: 352 vrstic v C:\Users\david\Desktop\PIM\NoviPIM\izvoz\magento\1
22:07:42     Izvoz profila MAGENTO_STOCK_PRICES končan: 2071 vrstic v C:\Users\david\Desktop\PIM\NoviPIM\izvoz\magento\2
22:07:46     Izvoz profila MAGENTO_STOCK_PRICES končan: 2487 vrstic v C:\Users\david\Desktop\PIM\NoviPIM\izvoz\magento\3
22:07:47     Izvoz profila MAGENTO_STOCK_PRICES končan: 0 vrstic v C:\Users\david\Desktop\PIM\NoviPIM\izvoz\magento\4
22:07:47     konec: Izvoz cen in zaloge za splet
22:07:47  Zalogovni cikel koncan; padlih korakov: 0.
22:12:26  == Zaloga NW_STOCK ==
22:12:27     SOURCE_FETCH: se ni na vrsti po razporedu; preskoceno.
22:12:28     Prebranih zapisov: 2763; SHA-256: 06158205827cd0ac8efeb3c4f00054708ed4050379f9c9da8f05bc6f33b332f1
22:12:28     STOCK_FILE pri podjetju 1: se ni na vrsti po razporedu; preskoceno.
22:12:29     Prebranih zapisov: 2763; SHA-256: 06158205827cd0ac8efeb3c4f00054708ed4050379f9c9da8f05bc6f33b332f1
22:12:29     STOCK_FILE pri podjetju 2: se ni na vrsti po razporedu; preskoceno.
22:12:30     Prebranih zapisov: 2763; SHA-256: 06158205827cd0ac8efeb3c4f00054708ed4050379f9c9da8f05bc6f33b332f1
22:12:30     STOCK_FILE pri podjetju 3: se ni na vrsti po razporedu; preskoceno.
22:12:31     Prebranih zapisov: 2763; SHA-256: 06158205827cd0ac8efeb3c4f00054708ed4050379f9c9da8f05bc6f33b332f1
22:12:31     Ta posnetek je ze v bazi; vir=NW_STOCK, podjetje=4, cas posnetka=2026-09-02 20:02:28Z, uporabljenih=2763, v karanteni=0, RunId=129501f2-d4a1-45b7-af49-74d6c693f09b. Zapisano ni bilo nic.
22:12:31     konec: Zaloga NW_STOCK
22:12:31  == Zaloga BT_STOCK ==
22:12:32     [BT_STOCK] preskoceno: Razmik dobavitelja se tece; naslednji prenos po 3. 09. 2026 00:52.
22:12:32     Prevzem koncan: uspesno 0, neuspesno 0, skupaj virov 1.
22:12:33     Prebranih zapisov: 1389; SHA-256: 88b7c3e1f331eec94b93a68da91e45c3cb67f61785dc722e54236f147e3efb63
22:12:33     Ta posnetek je ze v bazi; vir=BT_STOCK, podjetje=1, cas posnetka=2026-09-02 16:39:55Z, uporabljenih=1389, v karanteni=0, RunId=e4912780-b225-4977-b541-4c5c7a771824. Zapisano ni bilo nic.
22:12:34     Prebranih zapisov: 1389; SHA-256: 88b7c3e1f331eec94b93a68da91e45c3cb67f61785dc722e54236f147e3efb63
22:12:34     Ta posnetek je ze v bazi; vir=BT_STOCK, podjetje=2, cas posnetka=2026-09-02 16:39:55Z, uporabljenih=1389, v karanteni=0, RunId=f1953183-3abf-42a5-91cd-1677b89581d1. Zapisano ni bilo nic.
22:12:35     Prebranih zapisov: 1389; SHA-256: 88b7c3e1f331eec94b93a68da91e45c3cb67f61785dc722e54236f147e3efb63
22:12:35     Ta posnetek je ze v bazi; vir=BT_STOCK, podjetje=3, cas posnetka=2026-09-02 16:39:55Z, uporabljenih=1389, v karanteni=0, RunId=680e3a50-81b6-4668-860d-52d0c1e429d4. Zapisano ni bilo nic.
22:12:36     Prebranih zapisov: 1389; SHA-256: 88b7c3e1f331eec94b93a68da91e45c3cb67f61785dc722e54236f147e3efb63
22:12:36     STOCK_FILE pri podjetju 4: se ni na vrsti po razporedu; preskoceno.
22:12:36     konec: Zaloga BT_STOCK
22:12:36  == Zaloga iz SAOP (kolicine) ==
22:12:37     [1] SAOP_GETSTOCKS (GetStocks): skladišč=4, zapisov=16, uporabljenih=16, v karanteni=0, RunId=80d26482-6933-4ee1-8353-182c04d0e864.
22:12:41     [2] SAOP_GETSTOCKS (GetStocks): skladišč=1, zapisov=8734, uporabljenih=8734, v karanteni=0, RunId=dbac7b1b-23b9-4b1b-914c-2e418892593c.
22:12:43     [3] SAOP_REGISTERED_VIEW (RegisteredViewData): skladišč=0, zapisov=3156, uporabljenih=3156, v karanteni=0, RunId=4990f97a-2a72-4b76-adb3-50dcaf80a9e9.
22:12:45     [4] SAOP_GETSTOCKS (GetStocks): skladišč=14, zapisov=3113, uporabljenih=3113, v karanteni=0, RunId=7af9bfb1-1f22-4d6c-8c65-1a29bd22e70e.
22:12:45     konec: Zaloga iz SAOP (kolicine)
22:12:45  == Izvoz cen in zaloge za splet ==
22:12:46     Izvoz profila MAGENTO_STOCK_PRICES končan: 352 vrstic v C:\Users\david\Desktop\PIM\NoviPIM\izvoz\magento\1
22:12:50     Izvoz profila MAGENTO_STOCK_PRICES končan: 2071 vrstic v C:\Users\david\Desktop\PIM\NoviPIM\izvoz\magento\2
22:12:54     Izvoz profila MAGENTO_STOCK_PRICES končan: 2487 vrstic v C:\Users\david\Desktop\PIM\NoviPIM\izvoz\magento\3
22:12:55     Izvoz profila MAGENTO_STOCK_PRICES končan: 0 vrstic v C:\Users\david\Desktop\PIM\NoviPIM\izvoz\magento\4
22:12:55     konec: Izvoz cen in zaloge za splet
22:12:55  Zalogovni cikel koncan; padlih korakov: 0.
22:17:26  == Zaloga NW_STOCK ==
22:17:27     SOURCE_FETCH: se ni na vrsti po razporedu; preskoceno.
22:17:28     Prebranih zapisov: 2763; SHA-256: 06158205827cd0ac8efeb3c4f00054708ed4050379f9c9da8f05bc6f33b332f1
22:17:28     STOCK_FILE pri podjetju 1: se ni na vrsti po razporedu; preskoceno.
22:17:29     Prebranih zapisov: 2763; SHA-256: 06158205827cd0ac8efeb3c4f00054708ed4050379f9c9da8f05bc6f33b332f1
22:17:29     STOCK_FILE pri podjetju 2: se ni na vrsti po razporedu; preskoceno.
22:17:30     Prebranih zapisov: 2763; SHA-256: 06158205827cd0ac8efeb3c4f00054708ed4050379f9c9da8f05bc6f33b332f1
22:17:30     STOCK_FILE pri podjetju 3: se ni na vrsti po razporedu; preskoceno.
22:17:31     Prebranih zapisov: 2763; SHA-256: 06158205827cd0ac8efeb3c4f00054708ed4050379f9c9da8f05bc6f33b332f1
22:17:31     Ta posnetek je ze v bazi; vir=NW_STOCK, podjetje=4, cas posnetka=2026-09-02 20:02:28Z, uporabljenih=2763, v karanteni=0, RunId=129501f2-d4a1-45b7-af49-74d6c693f09b. Zapisano ni bilo nic.
22:17:31     konec: Zaloga NW_STOCK
22:17:31  == Zaloga BT_STOCK ==
22:17:32     [BT_STOCK] preskoceno: Razmik dobavitelja se tece; naslednji prenos po 3. 09. 2026 00:52.
22:17:32     Prevzem koncan: uspesno 0, neuspesno 0, skupaj virov 1.
22:17:33     Prebranih zapisov: 1389; SHA-256: 88b7c3e1f331eec94b93a68da91e45c3cb67f61785dc722e54236f147e3efb63
22:17:33     Ta posnetek je ze v bazi; vir=BT_STOCK, podjetje=1, cas posnetka=2026-09-02 16:39:55Z, uporabljenih=1389, v karanteni=0, RunId=e4912780-b225-4977-b541-4c5c7a771824. Zapisano ni bilo nic.
22:17:34     Prebranih zapisov: 1389; SHA-256: 88b7c3e1f331eec94b93a68da91e45c3cb67f61785dc722e54236f147e3efb63
22:17:34     Ta posnetek je ze v bazi; vir=BT_STOCK, podjetje=2, cas posnetka=2026-09-02 16:39:55Z, uporabljenih=1389, v karanteni=0, RunId=f1953183-3abf-42a5-91cd-1677b89581d1. Zapisano ni bilo nic.
22:17:35     Prebranih zapisov: 1389; SHA-256: 88b7c3e1f331eec94b93a68da91e45c3cb67f61785dc722e54236f147e3efb63
22:17:35     Ta posnetek je ze v bazi; vir=BT_STOCK, podjetje=3, cas posnetka=2026-09-02 16:39:55Z, uporabljenih=1389, v karanteni=0, RunId=680e3a50-81b6-4668-860d-52d0c1e429d4. Zapisano ni bilo nic.
22:17:36     Prebranih zapisov: 1389; SHA-256: 88b7c3e1f331eec94b93a68da91e45c3cb67f61785dc722e54236f147e3efb63
22:17:36     STOCK_FILE pri podjetju 4: se ni na vrsti po razporedu; preskoceno.
22:17:36     konec: Zaloga BT_STOCK
22:17:36  == Zaloga iz SAOP (kolicine) ==
22:17:37     [1] SAOP_GETSTOCKS (GetStocks): skladišč=4, zapisov=16, uporabljenih=16, v karanteni=0, RunId=2eac3f0e-bab8-4f3e-80d1-e9897025e31b.
22:17:42     [2] SAOP_GETSTOCKS (GetStocks): skladišč=1, zapisov=8734, uporabljenih=8734, v karanteni=0, RunId=c30b5535-bf4f-4499-a9f5-5132b264096d.
22:17:44     [3] SAOP_REGISTERED_VIEW (RegisteredViewData): skladišč=0, zapisov=3156, uporabljenih=3156, v karanteni=0, RunId=cab1f000-53a6-4591-99a1-39411a4f7bef.
22:17:46     [4] SAOP_GETSTOCKS (GetStocks): skladišč=14, zapisov=3113, uporabljenih=3113, v karanteni=0, RunId=4392c7cc-ee61-4524-a2d8-a53eb4b0715d.
22:17:46     konec: Zaloga iz SAOP (kolicine)
22:17:46  == Izvoz cen in zaloge za splet ==
22:17:47     Izvoz profila MAGENTO_STOCK_PRICES končan: 352 vrstic v C:\Users\david\Desktop\PIM\NoviPIM\izvoz\magento\1
22:17:52     Izvoz profila MAGENTO_STOCK_PRICES končan: 2071 vrstic v C:\Users\david\Desktop\PIM\NoviPIM\izvoz\magento\2
22:17:56     Izvoz profila MAGENTO_STOCK_PRICES končan: 2487 vrstic v C:\Users\david\Desktop\PIM\NoviPIM\izvoz\magento\3
22:17:57     Izvoz profila MAGENTO_STOCK_PRICES končan: 0 vrstic v C:\Users\david\Desktop\PIM\NoviPIM\izvoz\magento\4
22:17:57     konec: Izvoz cen in zaloge za splet
22:17:57  Zalogovni cikel koncan; padlih korakov: 0.
22:22:26  == Zaloga NW_STOCK ==
22:22:27     SOURCE_FETCH: se ni na vrsti po razporedu; preskoceno.
22:22:28     Prebranih zapisov: 2763; SHA-256: 06158205827cd0ac8efeb3c4f00054708ed4050379f9c9da8f05bc6f33b332f1
22:22:28     STOCK_FILE pri podjetju 1: se ni na vrsti po razporedu; preskoceno.
22:22:29     Prebranih zapisov: 2763; SHA-256: 06158205827cd0ac8efeb3c4f00054708ed4050379f9c9da8f05bc6f33b332f1
22:22:29     STOCK_FILE pri podjetju 2: se ni na vrsti po razporedu; preskoceno.
22:22:30     Prebranih zapisov: 2763; SHA-256: 06158205827cd0ac8efeb3c4f00054708ed4050379f9c9da8f05bc6f33b332f1
22:22:30     STOCK_FILE pri podjetju 3: se ni na vrsti po razporedu; preskoceno.
22:22:31     Prebranih zapisov: 2763; SHA-256: 06158205827cd0ac8efeb3c4f00054708ed4050379f9c9da8f05bc6f33b332f1
22:22:31     STOCK_FILE pri podjetju 4: se ni na vrsti po razporedu; preskoceno.
22:22:31     konec: Zaloga NW_STOCK
22:22:31  == Zaloga BT_STOCK ==
22:22:32     SOURCE_FETCH: se ni na vrsti po razporedu; preskoceno.
22:22:33     Prebranih zapisov: 1389; SHA-256: 88b7c3e1f331eec94b93a68da91e45c3cb67f61785dc722e54236f147e3efb63
22:22:33     STOCK_FILE pri podjetju 1: se ni na vrsti po razporedu; preskoceno.
22:22:34     Prebranih zapisov: 1389; SHA-256: 88b7c3e1f331eec94b93a68da91e45c3cb67f61785dc722e54236f147e3efb63
22:22:34     STOCK_FILE pri podjetju 2: se ni na vrsti po razporedu; preskoceno.
22:22:35     Prebranih zapisov: 1389; SHA-256: 88b7c3e1f331eec94b93a68da91e45c3cb67f61785dc722e54236f147e3efb63
22:22:35     STOCK_FILE pri podjetju 3: se ni na vrsti po razporedu; preskoceno.
22:22:36     Prebranih zapisov: 1389; SHA-256: 88b7c3e1f331eec94b93a68da91e45c3cb67f61785dc722e54236f147e3efb63
22:22:36     Ta posnetek je ze v bazi; vir=BT_STOCK, podjetje=4, cas posnetka=2026-09-02 16:39:55Z, uporabljenih=1389, v karanteni=0, RunId=79b3b0aa-02c9-4df1-aeae-e68412b1e9e4. Zapisano ni bilo nic.
22:22:36     konec: Zaloga BT_STOCK
22:22:36  == Zaloga iz SAOP (kolicine) ==
22:22:37     [1] SAOP_STOCK: se ni na vrsti po razporedu; preskoceno.
22:22:37     [2] SAOP_STOCK: se ni na vrsti po razporedu; preskoceno.
22:22:37     [3] SAOP_STOCK: se ni na vrsti po razporedu; preskoceno.
22:22:37     [4] SAOP_STOCK: se ni na vrsti po razporedu; preskoceno.
22:22:37     konec: Zaloga iz SAOP (kolicine)
22:22:37  == Izvoz cen in zaloge za splet ==
22:22:38     Izvoz profila MAGENTO_STOCK_PRICES končan: 352 vrstic v C:\Users\david\Desktop\PIM\NoviPIM\izvoz\magento\1
22:22:42     Izvoz profila MAGENTO_STOCK_PRICES končan: 2071 vrstic v C:\Users\david\Desktop\PIM\NoviPIM\izvoz\magento\2
22:22:46     Izvoz profila MAGENTO_STOCK_PRICES končan: 2487 vrstic v C:\Users\david\Desktop\PIM\NoviPIM\izvoz\magento\3
22:22:47     Izvoz profila MAGENTO_STOCK_PRICES končan: 0 vrstic v C:\Users\david\Desktop\PIM\NoviPIM\izvoz\magento\4
22:22:47     konec: Izvoz cen in zaloge za splet
22:22:47  Zalogovni cikel koncan; padlih korakov: 0.
22:27:26  == Zaloga NW_STOCK ==
22:27:27     [NW_STOCK] preskoceno: Razmik dobavitelja se tece; naslednji prenos po 3. 09. 2026 00:02.
22:27:27     Prevzem koncan: uspesno 0, neuspesno 0, skupaj virov 1.
22:27:28     Prebranih zapisov: 2763; SHA-256: 06158205827cd0ac8efeb3c4f00054708ed4050379f9c9da8f05bc6f33b332f1
22:27:28     Ta posnetek je ze v bazi; vir=NW_STOCK, podjetje=1, cas posnetka=2026-09-02 20:02:28Z, uporabljenih=2763, v karanteni=0, RunId=238e08ff-eed9-41a3-970b-5fad071d7d22. Zapisano ni bilo nic.
22:27:29     Prebranih zapisov: 2763; SHA-256: 06158205827cd0ac8efeb3c4f00054708ed4050379f9c9da8f05bc6f33b332f1
22:27:29     Ta posnetek je ze v bazi; vir=NW_STOCK, podjetje=2, cas posnetka=2026-09-02 20:02:28Z, uporabljenih=2763, v karanteni=0, RunId=58d366e7-3058-4cba-8de0-64a45165bc5b. Zapisano ni bilo nic.
22:27:30     Prebranih zapisov: 2763; SHA-256: 06158205827cd0ac8efeb3c4f00054708ed4050379f9c9da8f05bc6f33b332f1
22:27:30     Ta posnetek je ze v bazi; vir=NW_STOCK, podjetje=3, cas posnetka=2026-09-02 20:02:28Z, uporabljenih=2763, v karanteni=0, RunId=64ea6757-8f57-424c-ab0e-447ee48dcef1. Zapisano ni bilo nic.
22:27:31     Prebranih zapisov: 2763; SHA-256: 06158205827cd0ac8efeb3c4f00054708ed4050379f9c9da8f05bc6f33b332f1
22:27:31     STOCK_FILE pri podjetju 4: se ni na vrsti po razporedu; preskoceno.
22:27:31     konec: Zaloga NW_STOCK
22:27:31  == Zaloga BT_STOCK ==
22:27:32     SOURCE_FETCH: se ni na vrsti po razporedu; preskoceno.
22:27:33     Prebranih zapisov: 1389; SHA-256: 88b7c3e1f331eec94b93a68da91e45c3cb67f61785dc722e54236f147e3efb63
22:27:33     STOCK_FILE pri podjetju 1: se ni na vrsti po razporedu; preskoceno.
22:27:34     Prebranih zapisov: 1389; SHA-256: 88b7c3e1f331eec94b93a68da91e45c3cb67f61785dc722e54236f147e3efb63
22:27:34     STOCK_FILE pri podjetju 2: se ni na vrsti po razporedu; preskoceno.
22:27:35     Prebranih zapisov: 1389; SHA-256: 88b7c3e1f331eec94b93a68da91e45c3cb67f61785dc722e54236f147e3efb63
22:27:35     STOCK_FILE pri podjetju 3: se ni na vrsti po razporedu; preskoceno.
22:27:36     Prebranih zapisov: 1389; SHA-256: 88b7c3e1f331eec94b93a68da91e45c3cb67f61785dc722e54236f147e3efb63
22:27:36     Ta posnetek je ze v bazi; vir=BT_STOCK, podjetje=4, cas posnetka=2026-09-02 16:39:55Z, uporabljenih=1389, v karanteni=0, RunId=79b3b0aa-02c9-4df1-aeae-e68412b1e9e4. Zapisano ni bilo nic.
22:27:36     konec: Zaloga BT_STOCK
22:27:36  == Zaloga iz SAOP (kolicine) ==
22:27:37     [1] SAOP_GETSTOCKS (GetStocks): skladišč=4, zapisov=16, uporabljenih=16, v karanteni=0, RunId=daf90963-96d3-40a1-905b-086b67408fde.
22:27:41     [2] SAOP_GETSTOCKS (GetStocks): skladišč=1, zapisov=8734, uporabljenih=8734, v karanteni=0, RunId=0bc8861b-d305-461a-98e1-187e0212755f.
22:27:43     [3] SAOP_REGISTERED_VIEW (RegisteredViewData): skladišč=0, zapisov=3156, uporabljenih=3156, v karanteni=0, RunId=afcd0cf2-9e7a-4e8c-ab7a-f225c1dd08f7.
22:27:45     [4] SAOP_GETSTOCKS (GetStocks): skladišč=14, zapisov=3113, uporabljenih=3113, v karanteni=0, RunId=0d698d17-fff2-4f77-9ce2-13e207daefa0.
22:27:45     konec: Zaloga iz SAOP (kolicine)
22:27:45  == Izvoz cen in zaloge za splet ==
22:27:46     Izvoz profila MAGENTO_STOCK_PRICES končan: 352 vrstic v C:\Users\david\Desktop\PIM\NoviPIM\izvoz\magento\1
22:27:50     Izvoz profila MAGENTO_STOCK_PRICES končan: 2071 vrstic v C:\Users\david\Desktop\PIM\NoviPIM\izvoz\magento\2
22:27:54     Izvoz profila MAGENTO_STOCK_PRICES končan: 2487 vrstic v C:\Users\david\Desktop\PIM\NoviPIM\izvoz\magento\3
22:27:55     Izvoz profila MAGENTO_STOCK_PRICES končan: 0 vrstic v C:\Users\david\Desktop\PIM\NoviPIM\izvoz\magento\4
22:27:55     konec: Izvoz cen in zaloge za splet
22:27:55  Zalogovni cikel koncan; padlih korakov: 0.
22:32:26  == Zaloga NW_STOCK ==
22:32:27     SOURCE_FETCH: se ni na vrsti po razporedu; preskoceno.
22:32:28     Prebranih zapisov: 2763; SHA-256: 06158205827cd0ac8efeb3c4f00054708ed4050379f9c9da8f05bc6f33b332f1
22:32:28     STOCK_FILE pri podjetju 1: se ni na vrsti po razporedu; preskoceno.
22:32:29     Prebranih zapisov: 2763; SHA-256: 06158205827cd0ac8efeb3c4f00054708ed4050379f9c9da8f05bc6f33b332f1
22:32:29     STOCK_FILE pri podjetju 2: se ni na vrsti po razporedu; preskoceno.
22:32:30     Prebranih zapisov: 2763; SHA-256: 06158205827cd0ac8efeb3c4f00054708ed4050379f9c9da8f05bc6f33b332f1
22:32:30     STOCK_FILE pri podjetju 3: se ni na vrsti po razporedu; preskoceno.
22:32:31     Prebranih zapisov: 2763; SHA-256: 06158205827cd0ac8efeb3c4f00054708ed4050379f9c9da8f05bc6f33b332f1
22:32:31     STOCK_FILE pri podjetju 4: se ni na vrsti po razporedu; preskoceno.
22:32:31     konec: Zaloga NW_STOCK
22:32:31  == Zaloga BT_STOCK ==
22:32:32     [BT_STOCK] preskoceno: Razmik dobavitelja se tece; naslednji prenos po 3. 09. 2026 00:52.
22:32:32     Prevzem koncan: uspesno 0, neuspesno 0, skupaj virov 1.
22:32:33     Prebranih zapisov: 1389; SHA-256: 88b7c3e1f331eec94b93a68da91e45c3cb67f61785dc722e54236f147e3efb63
22:32:33     Ta posnetek je ze v bazi; vir=BT_STOCK, podjetje=1, cas posnetka=2026-09-02 16:39:55Z, uporabljenih=1389, v karanteni=0, RunId=e4912780-b225-4977-b541-4c5c7a771824. Zapisano ni bilo nic.
22:32:34     Prebranih zapisov: 1389; SHA-256: 88b7c3e1f331eec94b93a68da91e45c3cb67f61785dc722e54236f147e3efb63
22:32:34     Ta posnetek je ze v bazi; vir=BT_STOCK, podjetje=2, cas posnetka=2026-09-02 16:39:55Z, uporabljenih=1389, v karanteni=0, RunId=f1953183-3abf-42a5-91cd-1677b89581d1. Zapisano ni bilo nic.
22:32:35     Prebranih zapisov: 1389; SHA-256: 88b7c3e1f331eec94b93a68da91e45c3cb67f61785dc722e54236f147e3efb63
22:32:35     Ta posnetek je ze v bazi; vir=BT_STOCK, podjetje=3, cas posnetka=2026-09-02 16:39:55Z, uporabljenih=1389, v karanteni=0, RunId=680e3a50-81b6-4668-860d-52d0c1e429d4. Zapisano ni bilo nic.
22:32:36     Prebranih zapisov: 1389; SHA-256: 88b7c3e1f331eec94b93a68da91e45c3cb67f61785dc722e54236f147e3efb63
22:32:36     STOCK_FILE pri podjetju 4: se ni na vrsti po razporedu; preskoceno.
22:32:36     konec: Zaloga BT_STOCK
22:32:36  == Zaloga iz SAOP (kolicine) ==
22:32:37     [1] SAOP_STOCK: se ni na vrsti po razporedu; preskoceno.
22:32:37     [2] SAOP_STOCK: se ni na vrsti po razporedu; preskoceno.
22:32:37     [3] SAOP_STOCK: se ni na vrsti po razporedu; preskoceno.
22:32:37     [4] SAOP_STOCK: se ni na vrsti po razporedu; preskoceno.
22:32:37     konec: Zaloga iz SAOP (kolicine)
22:32:37  == Izvoz cen in zaloge za splet ==
22:32:39     Izvoz profila MAGENTO_STOCK_PRICES končan: 352 vrstic v C:\Users\david\Desktop\PIM\NoviPIM\izvoz\magento\1
22:32:42     Izvoz profila MAGENTO_STOCK_PRICES končan: 2071 vrstic v C:\Users\david\Desktop\PIM\NoviPIM\izvoz\magento\2
22:32:46     Izvoz profila MAGENTO_STOCK_PRICES končan: 2487 vrstic v C:\Users\david\Desktop\PIM\NoviPIM\izvoz\magento\3
22:32:47     Izvoz profila MAGENTO_STOCK_PRICES končan: 0 vrstic v C:\Users\david\Desktop\PIM\NoviPIM\izvoz\magento\4
22:32:47     konec: Izvoz cen in zaloge za splet
22:32:47  Zalogovni cikel koncan; padlih korakov: 0.
22:37:26  == Zaloga NW_STOCK ==
22:37:27     SOURCE_FETCH: se ni na vrsti po razporedu; preskoceno.
22:37:28     Prebranih zapisov: 2763; SHA-256: 06158205827cd0ac8efeb3c4f00054708ed4050379f9c9da8f05bc6f33b332f1
22:37:28     STOCK_FILE pri podjetju 1: se ni na vrsti po razporedu; preskoceno.
22:37:29     Prebranih zapisov: 2763; SHA-256: 06158205827cd0ac8efeb3c4f00054708ed4050379f9c9da8f05bc6f33b332f1
22:37:29     STOCK_FILE pri podjetju 2: se ni na vrsti po razporedu; preskoceno.
22:37:30     Prebranih zapisov: 2763; SHA-256: 06158205827cd0ac8efeb3c4f00054708ed4050379f9c9da8f05bc6f33b332f1
22:37:30     STOCK_FILE pri podjetju 3: se ni na vrsti po razporedu; preskoceno.
22:37:31     Prebranih zapisov: 2763; SHA-256: 06158205827cd0ac8efeb3c4f00054708ed4050379f9c9da8f05bc6f33b332f1
22:37:31     Ta posnetek je ze v bazi; vir=NW_STOCK, podjetje=4, cas posnetka=2026-09-02 20:02:28Z, uporabljenih=2763, v karanteni=0, RunId=129501f2-d4a1-45b7-af49-74d6c693f09b. Zapisano ni bilo nic.
22:37:31     konec: Zaloga NW_STOCK
22:37:31  == Zaloga BT_STOCK ==
22:37:32     [BT_STOCK] preskoceno: Razmik dobavitelja se tece; naslednji prenos po 3. 09. 2026 00:52.
22:37:32     Prevzem koncan: uspesno 0, neuspesno 0, skupaj virov 1.
22:37:33     Prebranih zapisov: 1389; SHA-256: 88b7c3e1f331eec94b93a68da91e45c3cb67f61785dc722e54236f147e3efb63
22:37:33     Ta posnetek je ze v bazi; vir=BT_STOCK, podjetje=1, cas posnetka=2026-09-02 16:39:55Z, uporabljenih=1389, v karanteni=0, RunId=e4912780-b225-4977-b541-4c5c7a771824. Zapisano ni bilo nic.
22:37:34     Prebranih zapisov: 1389; SHA-256: 88b7c3e1f331eec94b93a68da91e45c3cb67f61785dc722e54236f147e3efb63
22:37:34     Ta posnetek je ze v bazi; vir=BT_STOCK, podjetje=2, cas posnetka=2026-09-02 16:39:55Z, uporabljenih=1389, v karanteni=0, RunId=f1953183-3abf-42a5-91cd-1677b89581d1. Zapisano ni bilo nic.
22:37:35     Prebranih zapisov: 1389; SHA-256: 88b7c3e1f331eec94b93a68da91e45c3cb67f61785dc722e54236f147e3efb63
22:37:35     Ta posnetek je ze v bazi; vir=BT_STOCK, podjetje=3, cas posnetka=2026-09-02 16:39:55Z, uporabljenih=1389, v karanteni=0, RunId=680e3a50-81b6-4668-860d-52d0c1e429d4. Zapisano ni bilo nic.
22:37:36     Prebranih zapisov: 1389; SHA-256: 88b7c3e1f331eec94b93a68da91e45c3cb67f61785dc722e54236f147e3efb63
22:37:36     STOCK_FILE pri podjetju 4: se ni na vrsti po razporedu; preskoceno.
22:37:36     konec: Zaloga BT_STOCK
22:37:36  == Zaloga iz SAOP (kolicine) ==
22:37:37     [1] SAOP_GETSTOCKS (GetStocks): skladišč=4, zapisov=16, uporabljenih=16, v karanteni=0, RunId=9d1f8b53-574e-4bfb-9b31-4b63e723077c.
22:37:41     [2] SAOP_GETSTOCKS (GetStocks): skladišč=1, zapisov=8734, uporabljenih=8734, v karanteni=0, RunId=9434e603-1bf8-48cd-bcc9-fd8dba1c4fcc.
22:37:43     [3] SAOP_REGISTERED_VIEW (RegisteredViewData): skladišč=0, zapisov=3156, uporabljenih=3156, v karanteni=0, RunId=61735cb8-5640-42cb-bea7-14828d099124.
22:37:45     [4] SAOP_GETSTOCKS (GetStocks): skladišč=14, zapisov=3113, uporabljenih=3113, v karanteni=0, RunId=582deded-34e4-4f56-9357-09ee7d634f87.
22:37:45     konec: Zaloga iz SAOP (kolicine)
22:37:45  == Izvoz cen in zaloge za splet ==
22:37:46     Izvoz profila MAGENTO_STOCK_PRICES končan: 352 vrstic v C:\Users\david\Desktop\PIM\NoviPIM\izvoz\magento\1
22:37:50     Izvoz profila MAGENTO_STOCK_PRICES končan: 2071 vrstic v C:\Users\david\Desktop\PIM\NoviPIM\izvoz\magento\2
22:37:54     Izvoz profila MAGENTO_STOCK_PRICES končan: 2487 vrstic v C:\Users\david\Desktop\PIM\NoviPIM\izvoz\magento\3
22:37:55     Izvoz profila MAGENTO_STOCK_PRICES končan: 0 vrstic v C:\Users\david\Desktop\PIM\NoviPIM\izvoz\magento\4
22:37:55     konec: Izvoz cen in zaloge za splet
22:37:55  Zalogovni cikel koncan; padlih korakov: 0.
22:42:26  == Zaloga NW_STOCK ==
22:42:27     SOURCE_FETCH: se ni na vrsti po razporedu; preskoceno.
22:42:28     Prebranih zapisov: 2763; SHA-256: 06158205827cd0ac8efeb3c4f00054708ed4050379f9c9da8f05bc6f33b332f1
22:42:28     STOCK_FILE pri podjetju 1: se ni na vrsti po razporedu; preskoceno.
22:42:29     Prebranih zapisov: 2763; SHA-256: 06158205827cd0ac8efeb3c4f00054708ed4050379f9c9da8f05bc6f33b332f1
22:42:29     STOCK_FILE pri podjetju 2: se ni na vrsti po razporedu; preskoceno.
22:42:30     Prebranih zapisov: 2763; SHA-256: 06158205827cd0ac8efeb3c4f00054708ed4050379f9c9da8f05bc6f33b332f1
22:42:30     STOCK_FILE pri podjetju 3: se ni na vrsti po razporedu; preskoceno.
22:42:31     Prebranih zapisov: 2763; SHA-256: 06158205827cd0ac8efeb3c4f00054708ed4050379f9c9da8f05bc6f33b332f1
22:42:31     STOCK_FILE pri podjetju 4: se ni na vrsti po razporedu; preskoceno.
22:42:31     konec: Zaloga NW_STOCK
22:42:31  == Zaloga BT_STOCK ==
22:42:32     SOURCE_FETCH: se ni na vrsti po razporedu; preskoceno.
22:42:33     Prebranih zapisov: 1389; SHA-256: 88b7c3e1f331eec94b93a68da91e45c3cb67f61785dc722e54236f147e3efb63
22:42:33     STOCK_FILE pri podjetju 1: se ni na vrsti po razporedu; preskoceno.
22:42:34     Prebranih zapisov: 1389; SHA-256: 88b7c3e1f331eec94b93a68da91e45c3cb67f61785dc722e54236f147e3efb63
22:42:34     STOCK_FILE pri podjetju 2: se ni na vrsti po razporedu; preskoceno.
22:42:35     Prebranih zapisov: 1389; SHA-256: 88b7c3e1f331eec94b93a68da91e45c3cb67f61785dc722e54236f147e3efb63
22:42:35     STOCK_FILE pri podjetju 3: se ni na vrsti po razporedu; preskoceno.
22:42:36     Prebranih zapisov: 1389; SHA-256: 88b7c3e1f331eec94b93a68da91e45c3cb67f61785dc722e54236f147e3efb63
22:42:36     Ta posnetek je ze v bazi; vir=BT_STOCK, podjetje=4, cas posnetka=2026-09-02 16:39:55Z, uporabljenih=1389, v karanteni=0, RunId=79b3b0aa-02c9-4df1-aeae-e68412b1e9e4. Zapisano ni bilo nic.
22:42:36     konec: Zaloga BT_STOCK
22:42:36  == Zaloga iz SAOP (kolicine) ==
22:42:37     [1] SAOP_STOCK: se ni na vrsti po razporedu; preskoceno.
22:42:37     [2] SAOP_STOCK: se ni na vrsti po razporedu; preskoceno.
22:42:37     [3] SAOP_STOCK: se ni na vrsti po razporedu; preskoceno.
22:42:37     [4] SAOP_STOCK: se ni na vrsti po razporedu; preskoceno.
22:42:37     konec: Zaloga iz SAOP (kolicine)
22:42:37  == Izvoz cen in zaloge za splet ==
22:42:38     Izvoz profila MAGENTO_STOCK_PRICES končan: 352 vrstic v C:\Users\david\Desktop\PIM\NoviPIM\izvoz\magento\1
22:42:42     Izvoz profila MAGENTO_STOCK_PRICES končan: 2071 vrstic v C:\Users\david\Desktop\PIM\NoviPIM\izvoz\magento\2
22:42:46     Izvoz profila MAGENTO_STOCK_PRICES končan: 2487 vrstic v C:\Users\david\Desktop\PIM\NoviPIM\izvoz\magento\3
22:42:47     Izvoz profila MAGENTO_STOCK_PRICES končan: 0 vrstic v C:\Users\david\Desktop\PIM\NoviPIM\izvoz\magento\4
22:42:47     konec: Izvoz cen in zaloge za splet
22:42:47  Zalogovni cikel koncan; padlih korakov: 0.
22:47:26  == Zaloga NW_STOCK ==
22:47:27     [NW_STOCK] preskoceno: Razmik dobavitelja se tece; naslednji prenos po 3. 09. 2026 00:02.
22:47:27     Prevzem koncan: uspesno 0, neuspesno 0, skupaj virov 1.
22:47:28     Prebranih zapisov: 2763; SHA-256: 06158205827cd0ac8efeb3c4f00054708ed4050379f9c9da8f05bc6f33b332f1
22:47:28     Ta posnetek je ze v bazi; vir=NW_STOCK, podjetje=1, cas posnetka=2026-09-02 20:02:28Z, uporabljenih=2763, v karanteni=0, RunId=238e08ff-eed9-41a3-970b-5fad071d7d22. Zapisano ni bilo nic.
22:47:29     Prebranih zapisov: 2763; SHA-256: 06158205827cd0ac8efeb3c4f00054708ed4050379f9c9da8f05bc6f33b332f1
22:47:29     Ta posnetek je ze v bazi; vir=NW_STOCK, podjetje=2, cas posnetka=2026-09-02 20:02:28Z, uporabljenih=2763, v karanteni=0, RunId=58d366e7-3058-4cba-8de0-64a45165bc5b. Zapisano ni bilo nic.
22:47:30     Prebranih zapisov: 2763; SHA-256: 06158205827cd0ac8efeb3c4f00054708ed4050379f9c9da8f05bc6f33b332f1
22:47:30     Ta posnetek je ze v bazi; vir=NW_STOCK, podjetje=3, cas posnetka=2026-09-02 20:02:28Z, uporabljenih=2763, v karanteni=0, RunId=64ea6757-8f57-424c-ab0e-447ee48dcef1. Zapisano ni bilo nic.
22:47:31     Prebranih zapisov: 2763; SHA-256: 06158205827cd0ac8efeb3c4f00054708ed4050379f9c9da8f05bc6f33b332f1
22:47:31     STOCK_FILE pri podjetju 4: se ni na vrsti po razporedu; preskoceno.
22:47:31     konec: Zaloga NW_STOCK
22:47:31  == Zaloga BT_STOCK ==
22:47:32     SOURCE_FETCH: se ni na vrsti po razporedu; preskoceno.
22:47:33     Prebranih zapisov: 1389; SHA-256: 88b7c3e1f331eec94b93a68da91e45c3cb67f61785dc722e54236f147e3efb63
22:47:33     STOCK_FILE pri podjetju 1: se ni na vrsti po razporedu; preskoceno.
22:47:34     Prebranih zapisov: 1389; SHA-256: 88b7c3e1f331eec94b93a68da91e45c3cb67f61785dc722e54236f147e3efb63
22:47:34     STOCK_FILE pri podjetju 2: se ni na vrsti po razporedu; preskoceno.
22:47:35     Prebranih zapisov: 1389; SHA-256: 88b7c3e1f331eec94b93a68da91e45c3cb67f61785dc722e54236f147e3efb63
22:47:35     STOCK_FILE pri podjetju 3: se ni na vrsti po razporedu; preskoceno.
22:47:36     Prebranih zapisov: 1389; SHA-256: 88b7c3e1f331eec94b93a68da91e45c3cb67f61785dc722e54236f147e3efb63
22:47:36     Ta posnetek je ze v bazi; vir=BT_STOCK, podjetje=4, cas posnetka=2026-09-02 16:39:55Z, uporabljenih=1389, v karanteni=0, RunId=79b3b0aa-02c9-4df1-aeae-e68412b1e9e4. Zapisano ni bilo nic.
22:47:36     konec: Zaloga BT_STOCK
22:47:36  == Zaloga iz SAOP (kolicine) ==
22:47:37     [1] SAOP_GETSTOCKS (GetStocks): skladišč=4, zapisov=16, uporabljenih=16, v karanteni=0, RunId=f9d8448b-edf0-4294-a553-e27b53469667.
22:47:41     [2] SAOP_GETSTOCKS (GetStocks): skladišč=1, zapisov=8734, uporabljenih=8734, v karanteni=0, RunId=c4e316c2-8d22-42bd-a6fd-20fd569a2530.
22:47:44     [3] SAOP_REGISTERED_VIEW (RegisteredViewData): skladišč=0, zapisov=3156, uporabljenih=3156, v karanteni=0, RunId=9c2022ef-de0e-42de-bdc0-ececbaf383eb.
22:47:46     [4] SAOP_GETSTOCKS (GetStocks): skladišč=14, zapisov=3113, uporabljenih=3113, v karanteni=0, RunId=296d55b7-0d60-4516-8a24-559ab0dd365a.
22:47:46     konec: Zaloga iz SAOP (kolicine)
22:47:46  == Izvoz cen in zaloge za splet ==
22:47:47     Izvoz profila MAGENTO_STOCK_PRICES končan: 352 vrstic v C:\Users\david\Desktop\PIM\NoviPIM\izvoz\magento\1
22:47:51     Izvoz profila MAGENTO_STOCK_PRICES končan: 2071 vrstic v C:\Users\david\Desktop\PIM\NoviPIM\izvoz\magento\2
22:47:54     Izvoz profila MAGENTO_STOCK_PRICES končan: 2487 vrstic v C:\Users\david\Desktop\PIM\NoviPIM\izvoz\magento\3
22:47:56     Izvoz profila MAGENTO_STOCK_PRICES končan: 0 vrstic v C:\Users\david\Desktop\PIM\NoviPIM\izvoz\magento\4
22:47:56     konec: Izvoz cen in zaloge za splet
22:47:56  Zalogovni cikel koncan; padlih korakov: 0.
22:52:26  == Zaloga NW_STOCK ==
22:52:27     SOURCE_FETCH: se ni na vrsti po razporedu; preskoceno.
22:52:28     Prebranih zapisov: 2763; SHA-256: 06158205827cd0ac8efeb3c4f00054708ed4050379f9c9da8f05bc6f33b332f1
22:52:28     STOCK_FILE pri podjetju 1: se ni na vrsti po razporedu; preskoceno.
22:52:29     Prebranih zapisov: 2763; SHA-256: 06158205827cd0ac8efeb3c4f00054708ed4050379f9c9da8f05bc6f33b332f1
22:52:29     STOCK_FILE pri podjetju 2: se ni na vrsti po razporedu; preskoceno.
22:52:30     Prebranih zapisov: 2763; SHA-256: 06158205827cd0ac8efeb3c4f00054708ed4050379f9c9da8f05bc6f33b332f1
22:52:30     STOCK_FILE pri podjetju 3: se ni na vrsti po razporedu; preskoceno.
22:52:31     Prebranih zapisov: 2763; SHA-256: 06158205827cd0ac8efeb3c4f00054708ed4050379f9c9da8f05bc6f33b332f1
22:52:31     STOCK_FILE pri podjetju 4: se ni na vrsti po razporedu; preskoceno.
22:52:31     konec: Zaloga NW_STOCK
22:52:31  == Zaloga BT_STOCK ==
22:52:32     [BT_STOCK] preskoceno: Razmik dobavitelja se tece; naslednji prenos po 3. 09. 2026 00:52.
22:52:32     Prevzem koncan: uspesno 0, neuspesno 0, skupaj virov 1.
22:52:33     Prebranih zapisov: 1389; SHA-256: 88b7c3e1f331eec94b93a68da91e45c3cb67f61785dc722e54236f147e3efb63
22:52:33     Ta posnetek je ze v bazi; vir=BT_STOCK, podjetje=1, cas posnetka=2026-09-02 16:39:55Z, uporabljenih=1389, v karanteni=0, RunId=e4912780-b225-4977-b541-4c5c7a771824. Zapisano ni bilo nic.
22:52:34     Prebranih zapisov: 1389; SHA-256: 88b7c3e1f331eec94b93a68da91e45c3cb67f61785dc722e54236f147e3efb63
22:52:34     Ta posnetek je ze v bazi; vir=BT_STOCK, podjetje=2, cas posnetka=2026-09-02 16:39:55Z, uporabljenih=1389, v karanteni=0, RunId=f1953183-3abf-42a5-91cd-1677b89581d1. Zapisano ni bilo nic.
22:52:35     Prebranih zapisov: 1389; SHA-256: 88b7c3e1f331eec94b93a68da91e45c3cb67f61785dc722e54236f147e3efb63
22:52:35     Ta posnetek je ze v bazi; vir=BT_STOCK, podjetje=3, cas posnetka=2026-09-02 16:39:55Z, uporabljenih=1389, v karanteni=0, RunId=680e3a50-81b6-4668-860d-52d0c1e429d4. Zapisano ni bilo nic.
22:52:36     Prebranih zapisov: 1389; SHA-256: 88b7c3e1f331eec94b93a68da91e45c3cb67f61785dc722e54236f147e3efb63
22:52:36     STOCK_FILE pri podjetju 4: se ni na vrsti po razporedu; preskoceno.
22:52:36     konec: Zaloga BT_STOCK
22:52:36  == Zaloga iz SAOP (kolicine) ==
22:52:37     [1] SAOP_STOCK: se ni na vrsti po razporedu; preskoceno.
22:52:37     [2] SAOP_STOCK: se ni na vrsti po razporedu; preskoceno.
22:52:37     [3] SAOP_STOCK: se ni na vrsti po razporedu; preskoceno.
22:52:37     [4] SAOP_STOCK: se ni na vrsti po razporedu; preskoceno.
22:52:37     konec: Zaloga iz SAOP (kolicine)
22:52:37  == Izvoz cen in zaloge za splet ==
22:52:39     Izvoz profila MAGENTO_STOCK_PRICES končan: 352 vrstic v C:\Users\david\Desktop\PIM\NoviPIM\izvoz\magento\1
22:52:42     Izvoz profila MAGENTO_STOCK_PRICES končan: 2071 vrstic v C:\Users\david\Desktop\PIM\NoviPIM\izvoz\magento\2
22:52:46     Izvoz profila MAGENTO_STOCK_PRICES končan: 2487 vrstic v C:\Users\david\Desktop\PIM\NoviPIM\izvoz\magento\3
22:52:47     Izvoz profila MAGENTO_STOCK_PRICES končan: 0 vrstic v C:\Users\david\Desktop\PIM\NoviPIM\izvoz\magento\4
22:52:47     konec: Izvoz cen in zaloge za splet
22:52:47  Zalogovni cikel koncan; padlih korakov: 0.
22:57:26  == Zaloga NW_STOCK ==
22:57:27     SOURCE_FETCH: se ni na vrsti po razporedu; preskoceno.
22:57:28     Prebranih zapisov: 2763; SHA-256: 06158205827cd0ac8efeb3c4f00054708ed4050379f9c9da8f05bc6f33b332f1
22:57:28     STOCK_FILE pri podjetju 1: se ni na vrsti po razporedu; preskoceno.
22:57:29     Prebranih zapisov: 2763; SHA-256: 06158205827cd0ac8efeb3c4f00054708ed4050379f9c9da8f05bc6f33b332f1
22:57:29     STOCK_FILE pri podjetju 2: se ni na vrsti po razporedu; preskoceno.
22:57:30     Prebranih zapisov: 2763; SHA-256: 06158205827cd0ac8efeb3c4f00054708ed4050379f9c9da8f05bc6f33b332f1
22:57:30     STOCK_FILE pri podjetju 3: se ni na vrsti po razporedu; preskoceno.
22:57:31     Prebranih zapisov: 2763; SHA-256: 06158205827cd0ac8efeb3c4f00054708ed4050379f9c9da8f05bc6f33b332f1
22:57:31     Ta posnetek je ze v bazi; vir=NW_STOCK, podjetje=4, cas posnetka=2026-09-02 20:02:28Z, uporabljenih=2763, v karanteni=0, RunId=129501f2-d4a1-45b7-af49-74d6c693f09b. Zapisano ni bilo nic.
22:57:31     konec: Zaloga NW_STOCK
22:57:31  == Zaloga BT_STOCK ==
22:57:32     [BT_STOCK] preskoceno: Razmik dobavitelja se tece; naslednji prenos po 3. 09. 2026 00:52.
22:57:32     Prevzem koncan: uspesno 0, neuspesno 0, skupaj virov 1.
22:57:33     Prebranih zapisov: 1389; SHA-256: 88b7c3e1f331eec94b93a68da91e45c3cb67f61785dc722e54236f147e3efb63
22:57:33     Ta posnetek je ze v bazi; vir=BT_STOCK, podjetje=1, cas posnetka=2026-09-02 16:39:55Z, uporabljenih=1389, v karanteni=0, RunId=e4912780-b225-4977-b541-4c5c7a771824. Zapisano ni bilo nic.
22:57:34     Prebranih zapisov: 1389; SHA-256: 88b7c3e1f331eec94b93a68da91e45c3cb67f61785dc722e54236f147e3efb63
22:57:34     Ta posnetek je ze v bazi; vir=BT_STOCK, podjetje=2, cas posnetka=2026-09-02 16:39:55Z, uporabljenih=1389, v karanteni=0, RunId=f1953183-3abf-42a5-91cd-1677b89581d1. Zapisano ni bilo nic.
22:57:35     Prebranih zapisov: 1389; SHA-256: 88b7c3e1f331eec94b93a68da91e45c3cb67f61785dc722e54236f147e3efb63
22:57:35     Ta posnetek je ze v bazi; vir=BT_STOCK, podjetje=3, cas posnetka=2026-09-02 16:39:55Z, uporabljenih=1389, v karanteni=0, RunId=680e3a50-81b6-4668-860d-52d0c1e429d4. Zapisano ni bilo nic.
22:57:36     Prebranih zapisov: 1389; SHA-256: 88b7c3e1f331eec94b93a68da91e45c3cb67f61785dc722e54236f147e3efb63
22:57:36     STOCK_FILE pri podjetju 4: se ni na vrsti po razporedu; preskoceno.
22:57:36     konec: Zaloga BT_STOCK
22:57:36  == Zaloga iz SAOP (kolicine) ==
22:57:37     [1] SAOP_GETSTOCKS (GetStocks): skladišč=4, zapisov=16, uporabljenih=16, v karanteni=0, RunId=a4af433c-59ab-4512-910e-666a78a08d31.
22:57:41     [2] SAOP_GETSTOCKS (GetStocks): skladišč=1, zapisov=8734, uporabljenih=8734, v karanteni=0, RunId=e71f7e08-4bc6-46d3-8c6b-af16cc3845dc.
22:57:49     [3] SAOP_REGISTERED_VIEW (RegisteredViewData): skladišč=0, zapisov=3156, uporabljenih=3156, v karanteni=0, RunId=b2ac43ed-d7a3-4e13-8123-60772ca2ee41.
22:57:51     [4] SAOP_GETSTOCKS (GetStocks): skladišč=14, zapisov=3113, uporabljenih=3113, v karanteni=0, RunId=b4ea4355-6bc9-42ee-a1a1-656714b598a3.
22:57:52     konec: Zaloga iz SAOP (kolicine)
22:57:52  == Izvoz cen in zaloge za splet ==
22:57:53     Izvoz profila MAGENTO_STOCK_PRICES končan: 352 vrstic v C:\Users\david\Desktop\PIM\NoviPIM\izvoz\magento\1
22:57:57     Izvoz profila MAGENTO_STOCK_PRICES končan: 2071 vrstic v C:\Users\david\Desktop\PIM\NoviPIM\izvoz\magento\2
22:58:00     Izvoz profila MAGENTO_STOCK_PRICES končan: 2487 vrstic v C:\Users\david\Desktop\PIM\NoviPIM\izvoz\magento\3
22:58:02     Izvoz profila MAGENTO_STOCK_PRICES končan: 0 vrstic v C:\Users\david\Desktop\PIM\NoviPIM\izvoz\magento\4
22:58:02     konec: Izvoz cen in zaloge za splet
22:58:02  Zalogovni cikel koncan; padlih korakov: 0.
23:02:26  == Zaloga NW_STOCK ==
23:02:27     SOURCE_FETCH: se ni na vrsti po razporedu; preskoceno.
23:02:28     Prebranih zapisov: 2763; SHA-256: 06158205827cd0ac8efeb3c4f00054708ed4050379f9c9da8f05bc6f33b332f1
23:02:28     STOCK_FILE pri podjetju 1: se ni na vrsti po razporedu; preskoceno.
23:02:29     Prebranih zapisov: 2763; SHA-256: 06158205827cd0ac8efeb3c4f00054708ed4050379f9c9da8f05bc6f33b332f1
23:02:29     STOCK_FILE pri podjetju 2: se ni na vrsti po razporedu; preskoceno.
23:02:30     Prebranih zapisov: 2763; SHA-256: 06158205827cd0ac8efeb3c4f00054708ed4050379f9c9da8f05bc6f33b332f1
23:02:30     STOCK_FILE pri podjetju 3: se ni na vrsti po razporedu; preskoceno.
23:02:31     Prebranih zapisov: 2763; SHA-256: 06158205827cd0ac8efeb3c4f00054708ed4050379f9c9da8f05bc6f33b332f1
23:02:31     STOCK_FILE pri podjetju 4: se ni na vrsti po razporedu; preskoceno.
23:02:31     konec: Zaloga NW_STOCK
23:02:31  == Zaloga BT_STOCK ==
23:02:32     SOURCE_FETCH: se ni na vrsti po razporedu; preskoceno.
23:02:33     Prebranih zapisov: 1389; SHA-256: 88b7c3e1f331eec94b93a68da91e45c3cb67f61785dc722e54236f147e3efb63
23:02:33     STOCK_FILE pri podjetju 1: se ni na vrsti po razporedu; preskoceno.
23:02:34     Prebranih zapisov: 1389; SHA-256: 88b7c3e1f331eec94b93a68da91e45c3cb67f61785dc722e54236f147e3efb63
23:02:34     STOCK_FILE pri podjetju 2: se ni na vrsti po razporedu; preskoceno.
23:02:35     Prebranih zapisov: 1389; SHA-256: 88b7c3e1f331eec94b93a68da91e45c3cb67f61785dc722e54236f147e3efb63
23:02:35     STOCK_FILE pri podjetju 3: se ni na vrsti po razporedu; preskoceno.
23:02:36     Prebranih zapisov: 1389; SHA-256: 88b7c3e1f331eec94b93a68da91e45c3cb67f61785dc722e54236f147e3efb63
23:02:36     Ta posnetek je ze v bazi; vir=BT_STOCK, podjetje=4, cas posnetka=2026-09-02 16:39:55Z, uporabljenih=1389, v karanteni=0, RunId=79b3b0aa-02c9-4df1-aeae-e68412b1e9e4. Zapisano ni bilo nic.
23:02:36     konec: Zaloga BT_STOCK
23:02:36  == Zaloga iz SAOP (kolicine) ==
23:02:37     [1] SAOP_STOCK: se ni na vrsti po razporedu; preskoceno.
23:02:37     [2] SAOP_STOCK: se ni na vrsti po razporedu; preskoceno.
23:02:37     [3] SAOP_STOCK: se ni na vrsti po razporedu; preskoceno.
23:02:37     [4] SAOP_STOCK: se ni na vrsti po razporedu; preskoceno.
23:02:37     konec: Zaloga iz SAOP (kolicine)
23:02:37  == Izvoz cen in zaloge za splet ==
23:02:38     Izvoz profila MAGENTO_STOCK_PRICES končan: 352 vrstic v C:\Users\david\Desktop\PIM\NoviPIM\izvoz\magento\1
23:02:42     Izvoz profila MAGENTO_STOCK_PRICES končan: 2071 vrstic v C:\Users\david\Desktop\PIM\NoviPIM\izvoz\magento\2
23:02:46     Izvoz profila MAGENTO_STOCK_PRICES končan: 2487 vrstic v C:\Users\david\Desktop\PIM\NoviPIM\izvoz\magento\3
23:02:47     Izvoz profila MAGENTO_STOCK_PRICES končan: 0 vrstic v C:\Users\david\Desktop\PIM\NoviPIM\izvoz\magento\4
23:02:47     konec: Izvoz cen in zaloge za splet
23:02:47  Zalogovni cikel koncan; padlih korakov: 0.
23:07:26  == Zaloga NW_STOCK ==
23:07:27     [NW_STOCK] preskoceno: Razmik dobavitelja se tece; naslednji prenos po 3. 09. 2026 00:02.
23:07:27     Prevzem koncan: uspesno 0, neuspesno 0, skupaj virov 1.
23:07:28     Prebranih zapisov: 2763; SHA-256: 06158205827cd0ac8efeb3c4f00054708ed4050379f9c9da8f05bc6f33b332f1
23:07:28     Ta posnetek je ze v bazi; vir=NW_STOCK, podjetje=1, cas posnetka=2026-09-02 20:02:28Z, uporabljenih=2763, v karanteni=0, RunId=238e08ff-eed9-41a3-970b-5fad071d7d22. Zapisano ni bilo nic.
23:07:29     Prebranih zapisov: 2763; SHA-256: 06158205827cd0ac8efeb3c4f00054708ed4050379f9c9da8f05bc6f33b332f1
23:07:29     Ta posnetek je ze v bazi; vir=NW_STOCK, podjetje=2, cas posnetka=2026-09-02 20:02:28Z, uporabljenih=2763, v karanteni=0, RunId=58d366e7-3058-4cba-8de0-64a45165bc5b. Zapisano ni bilo nic.
23:07:30     Prebranih zapisov: 2763; SHA-256: 06158205827cd0ac8efeb3c4f00054708ed4050379f9c9da8f05bc6f33b332f1
23:07:30     Ta posnetek je ze v bazi; vir=NW_STOCK, podjetje=3, cas posnetka=2026-09-02 20:02:28Z, uporabljenih=2763, v karanteni=0, RunId=64ea6757-8f57-424c-ab0e-447ee48dcef1. Zapisano ni bilo nic.
23:07:31     Prebranih zapisov: 2763; SHA-256: 06158205827cd0ac8efeb3c4f00054708ed4050379f9c9da8f05bc6f33b332f1
23:07:31     STOCK_FILE pri podjetju 4: se ni na vrsti po razporedu; preskoceno.
23:07:31     konec: Zaloga NW_STOCK
23:07:31  == Zaloga BT_STOCK ==
23:07:32     SOURCE_FETCH: se ni na vrsti po razporedu; preskoceno.
23:07:33     Prebranih zapisov: 1389; SHA-256: 88b7c3e1f331eec94b93a68da91e45c3cb67f61785dc722e54236f147e3efb63
23:07:33     STOCK_FILE pri podjetju 1: se ni na vrsti po razporedu; preskoceno.
23:07:34     Prebranih zapisov: 1389; SHA-256: 88b7c3e1f331eec94b93a68da91e45c3cb67f61785dc722e54236f147e3efb63
23:07:34     STOCK_FILE pri podjetju 2: se ni na vrsti po razporedu; preskoceno.
23:07:35     Prebranih zapisov: 1389; SHA-256: 88b7c3e1f331eec94b93a68da91e45c3cb67f61785dc722e54236f147e3efb63
23:07:35     STOCK_FILE pri podjetju 3: se ni na vrsti po razporedu; preskoceno.
23:07:36     Prebranih zapisov: 1389; SHA-256: 88b7c3e1f331eec94b93a68da91e45c3cb67f61785dc722e54236f147e3efb63
23:07:36     Ta posnetek je ze v bazi; vir=BT_STOCK, podjetje=4, cas posnetka=2026-09-02 16:39:55Z, uporabljenih=1389, v karanteni=0, RunId=79b3b0aa-02c9-4df1-aeae-e68412b1e9e4. Zapisano ni bilo nic.
23:07:36     konec: Zaloga BT_STOCK
23:07:36  == Zaloga iz SAOP (kolicine) ==
23:07:37     [1] SAOP_GETSTOCKS (GetStocks): skladišč=4, zapisov=16, uporabljenih=16, v karanteni=0, RunId=c119f403-66eb-4320-a977-67f8a0b2ab30.
23:07:42     [2] SAOP_GETSTOCKS (GetStocks): skladišč=1, zapisov=8734, uporabljenih=8734, v karanteni=0, RunId=dbdab46d-69be-4563-81c6-a536ebb127e5.
23:07:45     [3] SAOP_REGISTERED_VIEW (RegisteredViewData): skladišč=0, zapisov=3156, uporabljenih=3156, v karanteni=0, RunId=05c8a7dc-4b21-46bf-b28d-0bcc7b6cd9b6.
23:07:46     [4] SAOP_GETSTOCKS (GetStocks): skladišč=14, zapisov=3113, uporabljenih=3113, v karanteni=0, RunId=7d3cc12f-f40d-4c2f-9f75-8afcd2445014.
23:07:46     konec: Zaloga iz SAOP (kolicine)
23:07:46  == Izvoz cen in zaloge za splet ==
23:07:48     Izvoz profila MAGENTO_STOCK_PRICES končan: 352 vrstic v C:\Users\david\Desktop\PIM\NoviPIM\izvoz\magento\1
23:07:51     Izvoz profila MAGENTO_STOCK_PRICES končan: 2071 vrstic v C:\Users\david\Desktop\PIM\NoviPIM\izvoz\magento\2
23:07:55     Izvoz profila MAGENTO_STOCK_PRICES končan: 2487 vrstic v C:\Users\david\Desktop\PIM\NoviPIM\izvoz\magento\3
23:07:56     Izvoz profila MAGENTO_STOCK_PRICES končan: 0 vrstic v C:\Users\david\Desktop\PIM\NoviPIM\izvoz\magento\4
23:07:56     konec: Izvoz cen in zaloge za splet
23:07:56  Zalogovni cikel koncan; padlih korakov: 0.
23:12:26  == Zaloga NW_STOCK ==
23:12:27     SOURCE_FETCH: se ni na vrsti po razporedu; preskoceno.
23:12:28     Prebranih zapisov: 2763; SHA-256: 06158205827cd0ac8efeb3c4f00054708ed4050379f9c9da8f05bc6f33b332f1
23:12:28     STOCK_FILE pri podjetju 1: se ni na vrsti po razporedu; preskoceno.
23:12:29     Prebranih zapisov: 2763; SHA-256: 06158205827cd0ac8efeb3c4f00054708ed4050379f9c9da8f05bc6f33b332f1
23:12:29     STOCK_FILE pri podjetju 2: se ni na vrsti po razporedu; preskoceno.
23:12:30     Prebranih zapisov: 2763; SHA-256: 06158205827cd0ac8efeb3c4f00054708ed4050379f9c9da8f05bc6f33b332f1
23:12:30     STOCK_FILE pri podjetju 3: se ni na vrsti po razporedu; preskoceno.
23:12:31     Prebranih zapisov: 2763; SHA-256: 06158205827cd0ac8efeb3c4f00054708ed4050379f9c9da8f05bc6f33b332f1
23:12:31     STOCK_FILE pri podjetju 4: se ni na vrsti po razporedu; preskoceno.
23:12:31     konec: Zaloga NW_STOCK
23:12:31  == Zaloga BT_STOCK ==
23:12:32     [BT_STOCK] preskoceno: Razmik dobavitelja se tece; naslednji prenos po 3. 09. 2026 00:52.
23:12:32     Prevzem koncan: uspesno 0, neuspesno 0, skupaj virov 1.
23:12:33     Prebranih zapisov: 1389; SHA-256: 88b7c3e1f331eec94b93a68da91e45c3cb67f61785dc722e54236f147e3efb63
23:12:33     Ta posnetek je ze v bazi; vir=BT_STOCK, podjetje=1, cas posnetka=2026-09-02 16:39:55Z, uporabljenih=1389, v karanteni=0, RunId=e4912780-b225-4977-b541-4c5c7a771824. Zapisano ni bilo nic.
23:12:34     Prebranih zapisov: 1389; SHA-256: 88b7c3e1f331eec94b93a68da91e45c3cb67f61785dc722e54236f147e3efb63
23:12:34     Ta posnetek je ze v bazi; vir=BT_STOCK, podjetje=2, cas posnetka=2026-09-02 16:39:55Z, uporabljenih=1389, v karanteni=0, RunId=f1953183-3abf-42a5-91cd-1677b89581d1. Zapisano ni bilo nic.
23:12:35     Prebranih zapisov: 1389; SHA-256: 88b7c3e1f331eec94b93a68da91e45c3cb67f61785dc722e54236f147e3efb63
23:12:35     Ta posnetek je ze v bazi; vir=BT_STOCK, podjetje=3, cas posnetka=2026-09-02 16:39:55Z, uporabljenih=1389, v karanteni=0, RunId=680e3a50-81b6-4668-860d-52d0c1e429d4. Zapisano ni bilo nic.
23:12:36     Prebranih zapisov: 1389; SHA-256: 88b7c3e1f331eec94b93a68da91e45c3cb67f61785dc722e54236f147e3efb63
23:12:36     Ta posnetek je ze v bazi; vir=BT_STOCK, podjetje=4, cas posnetka=2026-09-02 16:39:55Z, uporabljenih=1389, v karanteni=0, RunId=79b3b0aa-02c9-4df1-aeae-e68412b1e9e4. Zapisano ni bilo nic.
23:12:36     konec: Zaloga BT_STOCK
23:12:36  == Zaloga iz SAOP (kolicine) ==
23:12:37     [1] SAOP_GETSTOCKS (GetStocks): skladišč=4, zapisov=16, uporabljenih=16, v karanteni=0, RunId=6656b536-dd91-411c-86df-4ba0681c4a71.
23:12:37     [2] SAOP_STOCK: se ni na vrsti po razporedu; preskoceno.
23:12:37     [3] SAOP_STOCK: se ni na vrsti po razporedu; preskoceno.
23:12:37     [4] SAOP_STOCK: se ni na vrsti po razporedu; preskoceno.
23:12:37     konec: Zaloga iz SAOP (kolicine)
23:12:37  == Izvoz cen in zaloge za splet ==
23:12:39     Izvoz profila MAGENTO_STOCK_PRICES končan: 352 vrstic v C:\Users\david\Desktop\PIM\NoviPIM\izvoz\magento\1
23:12:43     Izvoz profila MAGENTO_STOCK_PRICES končan: 2071 vrstic v C:\Users\david\Desktop\PIM\NoviPIM\izvoz\magento\2
23:12:46     Izvoz profila MAGENTO_STOCK_PRICES končan: 2487 vrstic v C:\Users\david\Desktop\PIM\NoviPIM\izvoz\magento\3
23:12:47     Izvoz profila MAGENTO_STOCK_PRICES končan: 0 vrstic v C:\Users\david\Desktop\PIM\NoviPIM\izvoz\magento\4
23:12:47     konec: Izvoz cen in zaloge za splet
23:12:47  Zalogovni cikel koncan; padlih korakov: 0.
23:17:26  == Zaloga NW_STOCK ==
23:17:27     SOURCE_FETCH: se ni na vrsti po razporedu; preskoceno.
23:17:28     Prebranih zapisov: 2763; SHA-256: 06158205827cd0ac8efeb3c4f00054708ed4050379f9c9da8f05bc6f33b332f1
23:17:28     STOCK_FILE pri podjetju 1: se ni na vrsti po razporedu; preskoceno.
23:17:29     Prebranih zapisov: 2763; SHA-256: 06158205827cd0ac8efeb3c4f00054708ed4050379f9c9da8f05bc6f33b332f1
23:17:29     STOCK_FILE pri podjetju 2: se ni na vrsti po razporedu; preskoceno.
23:17:30     Prebranih zapisov: 2763; SHA-256: 06158205827cd0ac8efeb3c4f00054708ed4050379f9c9da8f05bc6f33b332f1
23:17:30     STOCK_FILE pri podjetju 3: se ni na vrsti po razporedu; preskoceno.
23:17:31     Prebranih zapisov: 2763; SHA-256: 06158205827cd0ac8efeb3c4f00054708ed4050379f9c9da8f05bc6f33b332f1
23:17:31     STOCK_FILE pri podjetju 4: se ni na vrsti po razporedu; preskoceno.
23:17:31     konec: Zaloga NW_STOCK
23:17:31  == Zaloga BT_STOCK ==
23:17:32     SOURCE_FETCH: se ni na vrsti po razporedu; preskoceno.
23:17:33     Prebranih zapisov: 1389; SHA-256: 88b7c3e1f331eec94b93a68da91e45c3cb67f61785dc722e54236f147e3efb63
23:17:33     STOCK_FILE pri podjetju 1: se ni na vrsti po razporedu; preskoceno.
23:17:34     Prebranih zapisov: 1389; SHA-256: 88b7c3e1f331eec94b93a68da91e45c3cb67f61785dc722e54236f147e3efb63
23:17:34     STOCK_FILE pri podjetju 2: se ni na vrsti po razporedu; preskoceno.
23:17:35     Prebranih zapisov: 1389; SHA-256: 88b7c3e1f331eec94b93a68da91e45c3cb67f61785dc722e54236f147e3efb63
23:17:35     STOCK_FILE pri podjetju 3: se ni na vrsti po razporedu; preskoceno.
23:17:36     Prebranih zapisov: 1389; SHA-256: 88b7c3e1f331eec94b93a68da91e45c3cb67f61785dc722e54236f147e3efb63
23:17:36     STOCK_FILE pri podjetju 4: se ni na vrsti po razporedu; preskoceno.
23:17:36     konec: Zaloga BT_STOCK
23:17:36  == Zaloga iz SAOP (kolicine) ==
23:17:37     [1] SAOP_STOCK: se ni na vrsti po razporedu; preskoceno.
23:17:41     [2] SAOP_GETSTOCKS (GetStocks): skladišč=1, zapisov=8734, uporabljenih=8734, v karanteni=0, RunId=65a29864-3f89-4fa8-905f-b30dbf673294.
23:17:43     [3] SAOP_REGISTERED_VIEW (RegisteredViewData): skladišč=0, zapisov=3156, uporabljenih=3156, v karanteni=0, RunId=491b1d7f-6478-4306-95b2-999f217bf173.
23:17:44     [4] SAOP_GETSTOCKS (GetStocks): skladišč=14, zapisov=3113, uporabljenih=3113, v karanteni=0, RunId=318de6d7-a6c9-4674-9c4e-ec1f651000d9.
23:17:44     konec: Zaloga iz SAOP (kolicine)
23:17:44  == Izvoz cen in zaloge za splet ==
23:17:46     Izvoz profila MAGENTO_STOCK_PRICES končan: 352 vrstic v C:\Users\david\Desktop\PIM\NoviPIM\izvoz\magento\1
23:17:50     Izvoz profila MAGENTO_STOCK_PRICES končan: 2071 vrstic v C:\Users\david\Desktop\PIM\NoviPIM\izvoz\magento\2
23:17:53     Izvoz profila MAGENTO_STOCK_PRICES končan: 2487 vrstic v C:\Users\david\Desktop\PIM\NoviPIM\izvoz\magento\3
23:17:54     Izvoz profila MAGENTO_STOCK_PRICES končan: 0 vrstic v C:\Users\david\Desktop\PIM\NoviPIM\izvoz\magento\4
23:17:54     konec: Izvoz cen in zaloge za splet
23:17:54  Zalogovni cikel koncan; padlih korakov: 0.
23:22:26  == Zaloga NW_STOCK ==
23:22:27     [NW_STOCK] preskoceno: Razmik dobavitelja se tece; naslednji prenos po 3. 09. 2026 00:02.
23:22:27     Prevzem koncan: uspesno 0, neuspesno 0, skupaj virov 1.
23:22:28     Prebranih zapisov: 2763; SHA-256: 06158205827cd0ac8efeb3c4f00054708ed4050379f9c9da8f05bc6f33b332f1
23:22:28     Ta posnetek je ze v bazi; vir=NW_STOCK, podjetje=1, cas posnetka=2026-09-02 20:02:28Z, uporabljenih=2763, v karanteni=0, RunId=238e08ff-eed9-41a3-970b-5fad071d7d22. Zapisano ni bilo nic.
23:22:29     Prebranih zapisov: 2763; SHA-256: 06158205827cd0ac8efeb3c4f00054708ed4050379f9c9da8f05bc6f33b332f1
23:22:29     Ta posnetek je ze v bazi; vir=NW_STOCK, podjetje=2, cas posnetka=2026-09-02 20:02:28Z, uporabljenih=2763, v karanteni=0, RunId=58d366e7-3058-4cba-8de0-64a45165bc5b. Zapisano ni bilo nic.
23:22:30     Prebranih zapisov: 2763; SHA-256: 06158205827cd0ac8efeb3c4f00054708ed4050379f9c9da8f05bc6f33b332f1
23:22:30     Ta posnetek je ze v bazi; vir=NW_STOCK, podjetje=3, cas posnetka=2026-09-02 20:02:28Z, uporabljenih=2763, v karanteni=0, RunId=64ea6757-8f57-424c-ab0e-447ee48dcef1. Zapisano ni bilo nic.
23:22:31     Prebranih zapisov: 2763; SHA-256: 06158205827cd0ac8efeb3c4f00054708ed4050379f9c9da8f05bc6f33b332f1
23:22:31     Ta posnetek je ze v bazi; vir=NW_STOCK, podjetje=4, cas posnetka=2026-09-02 20:02:28Z, uporabljenih=2763, v karanteni=0, RunId=129501f2-d4a1-45b7-af49-74d6c693f09b. Zapisano ni bilo nic.
23:22:31     konec: Zaloga NW_STOCK
23:22:31  == Zaloga BT_STOCK ==
23:22:32     SOURCE_FETCH: se ni na vrsti po razporedu; preskoceno.
23:22:33     Prebranih zapisov: 1389; SHA-256: 88b7c3e1f331eec94b93a68da91e45c3cb67f61785dc722e54236f147e3efb63
23:22:33     STOCK_FILE pri podjetju 1: se ni na vrsti po razporedu; preskoceno.
23:22:34     Prebranih zapisov: 1389; SHA-256: 88b7c3e1f331eec94b93a68da91e45c3cb67f61785dc722e54236f147e3efb63
23:22:34     STOCK_FILE pri podjetju 2: se ni na vrsti po razporedu; preskoceno.
23:22:35     Prebranih zapisov: 1389; SHA-256: 88b7c3e1f331eec94b93a68da91e45c3cb67f61785dc722e54236f147e3efb63
23:22:35     STOCK_FILE pri podjetju 3: se ni na vrsti po razporedu; preskoceno.
23:22:36     Prebranih zapisov: 1389; SHA-256: 88b7c3e1f331eec94b93a68da91e45c3cb67f61785dc722e54236f147e3efb63
23:22:36     STOCK_FILE pri podjetju 4: se ni na vrsti po razporedu; preskoceno.
23:22:36     konec: Zaloga BT_STOCK
23:22:36  == Zaloga iz SAOP (kolicine) ==
23:22:37     [1] SAOP_GETSTOCKS (GetStocks): skladišč=4, zapisov=16, uporabljenih=16, v karanteni=0, RunId=71da5969-7044-4139-88db-29930b9b6fa1.
23:22:41     [2] SAOP_GETSTOCKS (GetStocks): skladišč=1, zapisov=8734, uporabljenih=8734, v karanteni=0, RunId=0343581e-1254-45aa-bd7f-ddf415c02f53.
23:22:44     [3] SAOP_REGISTERED_VIEW (RegisteredViewData): skladišč=0, zapisov=3156, uporabljenih=3156, v karanteni=0, RunId=b3591cc9-4fe6-4b36-bd6c-56e240b46fba.
23:22:45     [4] SAOP_GETSTOCKS (GetStocks): skladišč=14, zapisov=3113, uporabljenih=3113, v karanteni=0, RunId=5ff9aef3-a797-474c-bb50-f18560ebc3ca.
23:22:45     konec: Zaloga iz SAOP (kolicine)
23:22:45  == Izvoz cen in zaloge za splet ==
23:22:47     Izvoz profila MAGENTO_STOCK_PRICES končan: 352 vrstic v C:\Users\david\Desktop\PIM\NoviPIM\izvoz\magento\1
23:22:50     Izvoz profila MAGENTO_STOCK_PRICES končan: 2071 vrstic v C:\Users\david\Desktop\PIM\NoviPIM\izvoz\magento\2
23:22:54     Izvoz profila MAGENTO_STOCK_PRICES končan: 2487 vrstic v C:\Users\david\Desktop\PIM\NoviPIM\izvoz\magento\3
23:22:55     Izvoz profila MAGENTO_STOCK_PRICES končan: 0 vrstic v C:\Users\david\Desktop\PIM\NoviPIM\izvoz\magento\4
23:22:55     konec: Izvoz cen in zaloge za splet
23:22:55  Zalogovni cikel koncan; padlih korakov: 0.
23:27:26  == Zaloga NW_STOCK ==
23:27:28     [NW_STOCK] preskoceno: Razmik dobavitelja se tece; naslednji prenos po 3. 09. 2026 00:02.
23:27:28     Prevzem koncan: uspesno 0, neuspesno 0, skupaj virov 1.
23:27:29     Prebranih zapisov: 2763; SHA-256: 06158205827cd0ac8efeb3c4f00054708ed4050379f9c9da8f05bc6f33b332f1
23:27:29     Ta posnetek je ze v bazi; vir=NW_STOCK, podjetje=1, cas posnetka=2026-09-02 20:02:28Z, uporabljenih=2763, v karanteni=0, RunId=238e08ff-eed9-41a3-970b-5fad071d7d22. Zapisano ni bilo nic.
23:27:30     Prebranih zapisov: 2763; SHA-256: 06158205827cd0ac8efeb3c4f00054708ed4050379f9c9da8f05bc6f33b332f1
23:27:30     Ta posnetek je ze v bazi; vir=NW_STOCK, podjetje=2, cas posnetka=2026-09-02 20:02:28Z, uporabljenih=2763, v karanteni=0, RunId=58d366e7-3058-4cba-8de0-64a45165bc5b. Zapisano ni bilo nic.
23:27:31     Prebranih zapisov: 2763; SHA-256: 06158205827cd0ac8efeb3c4f00054708ed4050379f9c9da8f05bc6f33b332f1
23:27:31     Ta posnetek je ze v bazi; vir=NW_STOCK, podjetje=3, cas posnetka=2026-09-02 20:02:28Z, uporabljenih=2763, v karanteni=0, RunId=64ea6757-8f57-424c-ab0e-447ee48dcef1. Zapisano ni bilo nic.
23:27:32     Prebranih zapisov: 2763; SHA-256: 06158205827cd0ac8efeb3c4f00054708ed4050379f9c9da8f05bc6f33b332f1
23:27:32     Ta posnetek je ze v bazi; vir=NW_STOCK, podjetje=4, cas posnetka=2026-09-02 20:02:28Z, uporabljenih=2763, v karanteni=0, RunId=129501f2-d4a1-45b7-af49-74d6c693f09b. Zapisano ni bilo nic.
23:27:32     konec: Zaloga NW_STOCK
23:27:32  == Zaloga BT_STOCK ==
23:27:33     SOURCE_FETCH: se ni na vrsti po razporedu; preskoceno.
23:27:34     Prebranih zapisov: 1389; SHA-256: 88b7c3e1f331eec94b93a68da91e45c3cb67f61785dc722e54236f147e3efb63
23:27:34     STOCK_FILE pri podjetju 1: se ni na vrsti po razporedu; preskoceno.
23:27:35     Prebranih zapisov: 1389; SHA-256: 88b7c3e1f331eec94b93a68da91e45c3cb67f61785dc722e54236f147e3efb63
23:27:35     STOCK_FILE pri podjetju 2: se ni na vrsti po razporedu; preskoceno.
23:27:36     Prebranih zapisov: 1389; SHA-256: 88b7c3e1f331eec94b93a68da91e45c3cb67f61785dc722e54236f147e3efb63
23:27:36     STOCK_FILE pri podjetju 3: se ni na vrsti po razporedu; preskoceno.
23:27:37     Prebranih zapisov: 1389; SHA-256: 88b7c3e1f331eec94b93a68da91e45c3cb67f61785dc722e54236f147e3efb63
23:27:37     STOCK_FILE pri podjetju 4: se ni na vrsti po razporedu; preskoceno.
23:27:37     konec: Zaloga BT_STOCK
23:27:37  == Zaloga iz SAOP (kolicine) ==
23:27:39     [1] SAOP_GETSTOCKS (GetStocks): skladišč=4, zapisov=16, uporabljenih=16, v karanteni=0, RunId=6d6a0c69-0fcf-439c-9d24-4bc02db98a0a.
23:27:42     [2] SAOP_GETSTOCKS (GetStocks): skladišč=1, zapisov=8734, uporabljenih=8734, v karanteni=0, RunId=168e7469-a72e-4415-bbb2-36a357b5ba0c.
23:27:45     [3] SAOP_REGISTERED_VIEW (RegisteredViewData): skladišč=0, zapisov=3156, uporabljenih=3156, v karanteni=0, RunId=1d98ca0a-c551-44ec-bf12-3fe6fc106572.
23:27:46     [4] SAOP_GETSTOCKS (GetStocks): skladišč=14, zapisov=3113, uporabljenih=3113, v karanteni=0, RunId=4c9a71d7-a82e-4afd-866e-39a7de2e3eb6.
23:27:46     konec: Zaloga iz SAOP (kolicine)
23:27:46  == Izvoz cen in zaloge za splet ==
23:27:48     Izvoz profila MAGENTO_STOCK_PRICES končan: 352 vrstic v C:\Users\david\Desktop\PIM\NoviPIM\izvoz\magento\1
23:27:52     Izvoz profila MAGENTO_STOCK_PRICES končan: 2071 vrstic v C:\Users\david\Desktop\PIM\NoviPIM\izvoz\magento\2
23:27:55     Izvoz profila MAGENTO_STOCK_PRICES končan: 2487 vrstic v C:\Users\david\Desktop\PIM\NoviPIM\izvoz\magento\3
23:27:57     Izvoz profila MAGENTO_STOCK_PRICES končan: 0 vrstic v C:\Users\david\Desktop\PIM\NoviPIM\izvoz\magento\4
23:27:57     konec: Izvoz cen in zaloge za splet
23:27:57  Zalogovni cikel koncan; padlih korakov: 0.
23:32:26  == Zaloga NW_STOCK ==
23:32:27     SOURCE_FETCH: se ni na vrsti po razporedu; preskoceno.
23:32:28     Prebranih zapisov: 2763; SHA-256: 06158205827cd0ac8efeb3c4f00054708ed4050379f9c9da8f05bc6f33b332f1
23:32:28     STOCK_FILE pri podjetju 1: se ni na vrsti po razporedu; preskoceno.
23:32:29     Prebranih zapisov: 2763; SHA-256: 06158205827cd0ac8efeb3c4f00054708ed4050379f9c9da8f05bc6f33b332f1
23:32:29     STOCK_FILE pri podjetju 2: se ni na vrsti po razporedu; preskoceno.
23:32:30     Prebranih zapisov: 2763; SHA-256: 06158205827cd0ac8efeb3c4f00054708ed4050379f9c9da8f05bc6f33b332f1
23:32:30     STOCK_FILE pri podjetju 3: se ni na vrsti po razporedu; preskoceno.
23:32:31     Prebranih zapisov: 2763; SHA-256: 06158205827cd0ac8efeb3c4f00054708ed4050379f9c9da8f05bc6f33b332f1
23:32:31     STOCK_FILE pri podjetju 4: se ni na vrsti po razporedu; preskoceno.
23:32:31     konec: Zaloga NW_STOCK
23:32:31  == Zaloga BT_STOCK ==
23:32:32     [BT_STOCK] preskoceno: Razmik dobavitelja se tece; naslednji prenos po 3. 09. 2026 00:52.
23:32:32     Prevzem koncan: uspesno 0, neuspesno 0, skupaj virov 1.
23:32:33     Prebranih zapisov: 1389; SHA-256: 88b7c3e1f331eec94b93a68da91e45c3cb67f61785dc722e54236f147e3efb63
23:32:33     Ta posnetek je ze v bazi; vir=BT_STOCK, podjetje=1, cas posnetka=2026-09-02 16:39:55Z, uporabljenih=1389, v karanteni=0, RunId=e4912780-b225-4977-b541-4c5c7a771824. Zapisano ni bilo nic.
23:32:34     Prebranih zapisov: 1389; SHA-256: 88b7c3e1f331eec94b93a68da91e45c3cb67f61785dc722e54236f147e3efb63
23:32:34     Ta posnetek je ze v bazi; vir=BT_STOCK, podjetje=2, cas posnetka=2026-09-02 16:39:55Z, uporabljenih=1389, v karanteni=0, RunId=f1953183-3abf-42a5-91cd-1677b89581d1. Zapisano ni bilo nic.
23:32:35     Prebranih zapisov: 1389; SHA-256: 88b7c3e1f331eec94b93a68da91e45c3cb67f61785dc722e54236f147e3efb63
23:32:35     Ta posnetek je ze v bazi; vir=BT_STOCK, podjetje=3, cas posnetka=2026-09-02 16:39:55Z, uporabljenih=1389, v karanteni=0, RunId=680e3a50-81b6-4668-860d-52d0c1e429d4. Zapisano ni bilo nic.
23:32:36     Prebranih zapisov: 1389; SHA-256: 88b7c3e1f331eec94b93a68da91e45c3cb67f61785dc722e54236f147e3efb63
23:32:36     Ta posnetek je ze v bazi; vir=BT_STOCK, podjetje=4, cas posnetka=2026-09-02 16:39:55Z, uporabljenih=1389, v karanteni=0, RunId=79b3b0aa-02c9-4df1-aeae-e68412b1e9e4. Zapisano ni bilo nic.
23:32:36     konec: Zaloga BT_STOCK
23:32:36  == Zaloga iz SAOP (kolicine) ==
23:32:37     [1] SAOP_STOCK: se ni na vrsti po razporedu; preskoceno.
23:32:37     [2] SAOP_STOCK: se ni na vrsti po razporedu; preskoceno.
23:32:37     [3] SAOP_STOCK: se ni na vrsti po razporedu; preskoceno.
23:32:37     [4] SAOP_STOCK: se ni na vrsti po razporedu; preskoceno.
23:32:37     konec: Zaloga iz SAOP (kolicine)
23:32:37  == Izvoz cen in zaloge za splet ==
23:32:39     Izvoz profila MAGENTO_STOCK_PRICES končan: 352 vrstic v C:\Users\david\Desktop\PIM\NoviPIM\izvoz\magento\1
23:32:42     Izvoz profila MAGENTO_STOCK_PRICES končan: 2071 vrstic v C:\Users\david\Desktop\PIM\NoviPIM\izvoz\magento\2
23:32:46     Izvoz profila MAGENTO_STOCK_PRICES končan: 2487 vrstic v C:\Users\david\Desktop\PIM\NoviPIM\izvoz\magento\3
23:32:47     Izvoz profila MAGENTO_STOCK_PRICES končan: 0 vrstic v C:\Users\david\Desktop\PIM\NoviPIM\izvoz\magento\4
23:32:47     konec: Izvoz cen in zaloge za splet
23:32:47  Zalogovni cikel koncan; padlih korakov: 0.
23:37:26  == Zaloga NW_STOCK ==
23:37:27     SOURCE_FETCH: se ni na vrsti po razporedu; preskoceno.
23:37:28     Prebranih zapisov: 2763; SHA-256: 06158205827cd0ac8efeb3c4f00054708ed4050379f9c9da8f05bc6f33b332f1
23:37:28     STOCK_FILE pri podjetju 1: se ni na vrsti po razporedu; preskoceno.
23:37:29     Prebranih zapisov: 2763; SHA-256: 06158205827cd0ac8efeb3c4f00054708ed4050379f9c9da8f05bc6f33b332f1
23:37:29     STOCK_FILE pri podjetju 2: se ni na vrsti po razporedu; preskoceno.
23:37:30     Prebranih zapisov: 2763; SHA-256: 06158205827cd0ac8efeb3c4f00054708ed4050379f9c9da8f05bc6f33b332f1
23:37:30     STOCK_FILE pri podjetju 3: se ni na vrsti po razporedu; preskoceno.
23:37:31     Prebranih zapisov: 2763; SHA-256: 06158205827cd0ac8efeb3c4f00054708ed4050379f9c9da8f05bc6f33b332f1
23:37:31     STOCK_FILE pri podjetju 4: se ni na vrsti po razporedu; preskoceno.
23:37:31     konec: Zaloga NW_STOCK
23:37:31  == Zaloga BT_STOCK ==
23:37:32     SOURCE_FETCH: se ni na vrsti po razporedu; preskoceno.
23:37:33     Prebranih zapisov: 1389; SHA-256: 88b7c3e1f331eec94b93a68da91e45c3cb67f61785dc722e54236f147e3efb63
23:37:33     STOCK_FILE pri podjetju 1: se ni na vrsti po razporedu; preskoceno.
23:37:34     Prebranih zapisov: 1389; SHA-256: 88b7c3e1f331eec94b93a68da91e45c3cb67f61785dc722e54236f147e3efb63
23:37:34     STOCK_FILE pri podjetju 2: se ni na vrsti po razporedu; preskoceno.
23:37:35     Prebranih zapisov: 1389; SHA-256: 88b7c3e1f331eec94b93a68da91e45c3cb67f61785dc722e54236f147e3efb63
23:37:35     STOCK_FILE pri podjetju 3: se ni na vrsti po razporedu; preskoceno.
23:37:36     Prebranih zapisov: 1389; SHA-256: 88b7c3e1f331eec94b93a68da91e45c3cb67f61785dc722e54236f147e3efb63
23:37:36     STOCK_FILE pri podjetju 4: se ni na vrsti po razporedu; preskoceno.
23:37:36     konec: Zaloga BT_STOCK
23:37:36  == Zaloga iz SAOP (kolicine) ==
23:37:37     [1] SAOP_GETSTOCKS (GetStocks): skladišč=4, zapisov=16, uporabljenih=16, v karanteni=0, RunId=10d77514-632d-4416-a24a-4690db368c4b.
23:37:41     [2] SAOP_GETSTOCKS (GetStocks): skladišč=1, zapisov=8734, uporabljenih=8734, v karanteni=0, RunId=90bd9b03-8b20-43cb-a4ab-9a4a31604f4b.
23:37:43     [3] SAOP_REGISTERED_VIEW (RegisteredViewData): skladišč=0, zapisov=3156, uporabljenih=3156, v karanteni=0, RunId=03950415-c9ec-4d06-89c2-7ab50ffb48e8.
23:37:45     [4] SAOP_GETSTOCKS (GetStocks): skladišč=14, zapisov=3113, uporabljenih=3113, v karanteni=0, RunId=c2f8a177-553a-4379-a746-7d9e3ab6e0fb.
23:37:45     konec: Zaloga iz SAOP (kolicine)
23:37:45  == Izvoz cen in zaloge za splet ==
23:37:46     Izvoz profila MAGENTO_STOCK_PRICES končan: 352 vrstic v C:\Users\david\Desktop\PIM\NoviPIM\izvoz\magento\1
23:37:50     Izvoz profila MAGENTO_STOCK_PRICES končan: 2071 vrstic v C:\Users\david\Desktop\PIM\NoviPIM\izvoz\magento\2
23:37:53     Izvoz profila MAGENTO_STOCK_PRICES končan: 2487 vrstic v C:\Users\david\Desktop\PIM\NoviPIM\izvoz\magento\3
23:37:55     Izvoz profila MAGENTO_STOCK_PRICES končan: 0 vrstic v C:\Users\david\Desktop\PIM\NoviPIM\izvoz\magento\4
23:37:55     konec: Izvoz cen in zaloge za splet
23:37:55  Zalogovni cikel koncan; padlih korakov: 0.
23:42:26  == Zaloga NW_STOCK ==
23:42:27     [NW_STOCK] preskoceno: Razmik dobavitelja se tece; naslednji prenos po 3. 09. 2026 00:02.
23:42:27     Prevzem koncan: uspesno 0, neuspesno 0, skupaj virov 1.
23:42:28     Prebranih zapisov: 2763; SHA-256: 06158205827cd0ac8efeb3c4f00054708ed4050379f9c9da8f05bc6f33b332f1
23:42:28     Ta posnetek je ze v bazi; vir=NW_STOCK, podjetje=1, cas posnetka=2026-09-02 20:02:28Z, uporabljenih=2763, v karanteni=0, RunId=238e08ff-eed9-41a3-970b-5fad071d7d22. Zapisano ni bilo nic.
23:42:29     Prebranih zapisov: 2763; SHA-256: 06158205827cd0ac8efeb3c4f00054708ed4050379f9c9da8f05bc6f33b332f1
23:42:29     Ta posnetek je ze v bazi; vir=NW_STOCK, podjetje=2, cas posnetka=2026-09-02 20:02:28Z, uporabljenih=2763, v karanteni=0, RunId=58d366e7-3058-4cba-8de0-64a45165bc5b. Zapisano ni bilo nic.
23:42:30     Prebranih zapisov: 2763; SHA-256: 06158205827cd0ac8efeb3c4f00054708ed4050379f9c9da8f05bc6f33b332f1
23:42:30     Ta posnetek je ze v bazi; vir=NW_STOCK, podjetje=3, cas posnetka=2026-09-02 20:02:28Z, uporabljenih=2763, v karanteni=0, RunId=64ea6757-8f57-424c-ab0e-447ee48dcef1. Zapisano ni bilo nic.
23:42:31     Prebranih zapisov: 2763; SHA-256: 06158205827cd0ac8efeb3c4f00054708ed4050379f9c9da8f05bc6f33b332f1
23:42:31     Ta posnetek je ze v bazi; vir=NW_STOCK, podjetje=4, cas posnetka=2026-09-02 20:02:28Z, uporabljenih=2763, v karanteni=0, RunId=129501f2-d4a1-45b7-af49-74d6c693f09b. Zapisano ni bilo nic.
23:42:31     konec: Zaloga NW_STOCK
23:42:31  == Zaloga BT_STOCK ==
23:42:32     SOURCE_FETCH: se ni na vrsti po razporedu; preskoceno.
23:42:33     Prebranih zapisov: 1389; SHA-256: 88b7c3e1f331eec94b93a68da91e45c3cb67f61785dc722e54236f147e3efb63
23:42:33     STOCK_FILE pri podjetju 1: se ni na vrsti po razporedu; preskoceno.
23:42:34     Prebranih zapisov: 1389; SHA-256: 88b7c3e1f331eec94b93a68da91e45c3cb67f61785dc722e54236f147e3efb63
23:42:34     STOCK_FILE pri podjetju 2: se ni na vrsti po razporedu; preskoceno.
23:42:35     Prebranih zapisov: 1389; SHA-256: 88b7c3e1f331eec94b93a68da91e45c3cb67f61785dc722e54236f147e3efb63
23:42:35     STOCK_FILE pri podjetju 3: se ni na vrsti po razporedu; preskoceno.
23:42:36     Prebranih zapisov: 1389; SHA-256: 88b7c3e1f331eec94b93a68da91e45c3cb67f61785dc722e54236f147e3efb63
23:42:36     STOCK_FILE pri podjetju 4: se ni na vrsti po razporedu; preskoceno.
23:42:36     konec: Zaloga BT_STOCK
23:42:36  == Zaloga iz SAOP (kolicine) ==
23:42:37     [1] SAOP_GETSTOCKS (GetStocks): skladišč=4, zapisov=16, uporabljenih=16, v karanteni=0, RunId=7f9d8a03-0276-4ab8-98a4-19fc830fe711.
23:42:41     [2] SAOP_GETSTOCKS (GetStocks): skladišč=1, zapisov=8734, uporabljenih=8734, v karanteni=0, RunId=cd9b73d1-37a7-42e1-87de-5080537adfcf.
23:42:43     [3] SAOP_REGISTERED_VIEW (RegisteredViewData): skladišč=0, zapisov=3156, uporabljenih=3156, v karanteni=0, RunId=dfb11d77-6ded-4229-b325-a5b42bc03853.
23:42:45     [4] SAOP_GETSTOCKS (GetStocks): skladišč=14, zapisov=3113, uporabljenih=3113, v karanteni=0, RunId=242b82d4-7b0b-42ea-814e-bd147e9041df.
23:42:45     konec: Zaloga iz SAOP (kolicine)
23:42:45  == Izvoz cen in zaloge za splet ==
23:42:46     Izvoz profila MAGENTO_STOCK_PRICES končan: 352 vrstic v C:\Users\david\Desktop\PIM\NoviPIM\izvoz\magento\1
23:42:50     Izvoz profila MAGENTO_STOCK_PRICES končan: 2071 vrstic v C:\Users\david\Desktop\PIM\NoviPIM\izvoz\magento\2
23:42:54     Izvoz profila MAGENTO_STOCK_PRICES končan: 2487 vrstic v C:\Users\david\Desktop\PIM\NoviPIM\izvoz\magento\3
23:42:55     Izvoz profila MAGENTO_STOCK_PRICES končan: 0 vrstic v C:\Users\david\Desktop\PIM\NoviPIM\izvoz\magento\4
23:42:55     konec: Izvoz cen in zaloge za splet
23:42:55  Zalogovni cikel koncan; padlih korakov: 0.
23:47:26  == Zaloga NW_STOCK ==
23:47:27     SOURCE_FETCH: se ni na vrsti po razporedu; preskoceno.
23:47:28     Prebranih zapisov: 2763; SHA-256: 06158205827cd0ac8efeb3c4f00054708ed4050379f9c9da8f05bc6f33b332f1
23:47:28     STOCK_FILE pri podjetju 1: se ni na vrsti po razporedu; preskoceno.
23:47:29     Prebranih zapisov: 2763; SHA-256: 06158205827cd0ac8efeb3c4f00054708ed4050379f9c9da8f05bc6f33b332f1
23:47:29     STOCK_FILE pri podjetju 2: se ni na vrsti po razporedu; preskoceno.
23:47:30     Prebranih zapisov: 2763; SHA-256: 06158205827cd0ac8efeb3c4f00054708ed4050379f9c9da8f05bc6f33b332f1
23:47:30     STOCK_FILE pri podjetju 3: se ni na vrsti po razporedu; preskoceno.
23:47:31     Prebranih zapisov: 2763; SHA-256: 06158205827cd0ac8efeb3c4f00054708ed4050379f9c9da8f05bc6f33b332f1
23:47:31     STOCK_FILE pri podjetju 4: se ni na vrsti po razporedu; preskoceno.
23:47:31     konec: Zaloga NW_STOCK
23:47:31  == Zaloga BT_STOCK ==
23:47:32     [BT_STOCK] preskoceno: Razmik dobavitelja se tece; naslednji prenos po 3. 09. 2026 00:52.
23:47:32     Prevzem koncan: uspesno 0, neuspesno 0, skupaj virov 1.
23:47:33     Prebranih zapisov: 1389; SHA-256: 88b7c3e1f331eec94b93a68da91e45c3cb67f61785dc722e54236f147e3efb63
23:47:33     Ta posnetek je ze v bazi; vir=BT_STOCK, podjetje=1, cas posnetka=2026-09-02 16:39:55Z, uporabljenih=1389, v karanteni=0, RunId=e4912780-b225-4977-b541-4c5c7a771824. Zapisano ni bilo nic.
23:47:34     Prebranih zapisov: 1389; SHA-256: 88b7c3e1f331eec94b93a68da91e45c3cb67f61785dc722e54236f147e3efb63
23:47:34     Ta posnetek je ze v bazi; vir=BT_STOCK, podjetje=2, cas posnetka=2026-09-02 16:39:55Z, uporabljenih=1389, v karanteni=0, RunId=f1953183-3abf-42a5-91cd-1677b89581d1. Zapisano ni bilo nic.
23:47:35     Prebranih zapisov: 1389; SHA-256: 88b7c3e1f331eec94b93a68da91e45c3cb67f61785dc722e54236f147e3efb63
23:47:35     Ta posnetek je ze v bazi; vir=BT_STOCK, podjetje=3, cas posnetka=2026-09-02 16:39:55Z, uporabljenih=1389, v karanteni=0, RunId=680e3a50-81b6-4668-860d-52d0c1e429d4. Zapisano ni bilo nic.
23:47:36     Prebranih zapisov: 1389; SHA-256: 88b7c3e1f331eec94b93a68da91e45c3cb67f61785dc722e54236f147e3efb63
23:47:36     Ta posnetek je ze v bazi; vir=BT_STOCK, podjetje=4, cas posnetka=2026-09-02 16:39:55Z, uporabljenih=1389, v karanteni=0, RunId=79b3b0aa-02c9-4df1-aeae-e68412b1e9e4. Zapisano ni bilo nic.
23:47:36     konec: Zaloga BT_STOCK
23:47:36  == Zaloga iz SAOP (kolicine) ==
23:47:37     [1] SAOP_GETSTOCKS (GetStocks): skladišč=4, zapisov=16, uporabljenih=16, v karanteni=0, RunId=eade527c-4800-4535-a3d1-d5b6f9744feb.
23:47:41     [2] SAOP_GETSTOCKS (GetStocks): skladišč=1, zapisov=8734, uporabljenih=8734, v karanteni=0, RunId=36a5bb44-c644-46bb-af79-ce27ffcdc7f8.
23:47:41     [3] SAOP_STOCK: se ni na vrsti po razporedu; preskoceno.
23:47:41     [4] SAOP_STOCK: se ni na vrsti po razporedu; preskoceno.
23:47:41     konec: Zaloga iz SAOP (kolicine)
23:47:41  == Izvoz cen in zaloge za splet ==
23:47:43     Izvoz profila MAGENTO_STOCK_PRICES končan: 352 vrstic v C:\Users\david\Desktop\PIM\NoviPIM\izvoz\magento\1
23:47:46     Izvoz profila MAGENTO_STOCK_PRICES končan: 2071 vrstic v C:\Users\david\Desktop\PIM\NoviPIM\izvoz\magento\2
23:47:50     Izvoz profila MAGENTO_STOCK_PRICES končan: 2487 vrstic v C:\Users\david\Desktop\PIM\NoviPIM\izvoz\magento\3
23:47:51     Izvoz profila MAGENTO_STOCK_PRICES končan: 0 vrstic v C:\Users\david\Desktop\PIM\NoviPIM\izvoz\magento\4
23:47:51     konec: Izvoz cen in zaloge za splet
23:47:51  Zalogovni cikel koncan; padlih korakov: 0.
23:52:26  == Zaloga NW_STOCK ==
23:52:27     SOURCE_FETCH: se ni na vrsti po razporedu; preskoceno.
23:52:28     Prebranih zapisov: 2763; SHA-256: 06158205827cd0ac8efeb3c4f00054708ed4050379f9c9da8f05bc6f33b332f1
23:52:28     STOCK_FILE pri podjetju 1: se ni na vrsti po razporedu; preskoceno.
23:52:29     Prebranih zapisov: 2763; SHA-256: 06158205827cd0ac8efeb3c4f00054708ed4050379f9c9da8f05bc6f33b332f1
23:52:29     STOCK_FILE pri podjetju 2: se ni na vrsti po razporedu; preskoceno.
23:52:30     Prebranih zapisov: 2763; SHA-256: 06158205827cd0ac8efeb3c4f00054708ed4050379f9c9da8f05bc6f33b332f1
23:52:30     STOCK_FILE pri podjetju 3: se ni na vrsti po razporedu; preskoceno.
23:52:31     Prebranih zapisov: 2763; SHA-256: 06158205827cd0ac8efeb3c4f00054708ed4050379f9c9da8f05bc6f33b332f1
23:52:31     STOCK_FILE pri podjetju 4: se ni na vrsti po razporedu; preskoceno.
23:52:31     konec: Zaloga NW_STOCK
23:52:31  == Zaloga BT_STOCK ==
23:52:32     SOURCE_FETCH: se ni na vrsti po razporedu; preskoceno.
23:52:33     Prebranih zapisov: 1389; SHA-256: 88b7c3e1f331eec94b93a68da91e45c3cb67f61785dc722e54236f147e3efb63
23:52:33     STOCK_FILE pri podjetju 1: se ni na vrsti po razporedu; preskoceno.
23:52:34     Prebranih zapisov: 1389; SHA-256: 88b7c3e1f331eec94b93a68da91e45c3cb67f61785dc722e54236f147e3efb63
23:52:34     STOCK_FILE pri podjetju 2: se ni na vrsti po razporedu; preskoceno.
23:52:35     Prebranih zapisov: 1389; SHA-256: 88b7c3e1f331eec94b93a68da91e45c3cb67f61785dc722e54236f147e3efb63
23:52:35     STOCK_FILE pri podjetju 3: se ni na vrsti po razporedu; preskoceno.
23:52:36     Prebranih zapisov: 1389; SHA-256: 88b7c3e1f331eec94b93a68da91e45c3cb67f61785dc722e54236f147e3efb63
23:52:36     STOCK_FILE pri podjetju 4: se ni na vrsti po razporedu; preskoceno.
23:52:36     konec: Zaloga BT_STOCK
23:52:36  == Zaloga iz SAOP (kolicine) ==
23:52:37     [1] SAOP_STOCK: se ni na vrsti po razporedu; preskoceno.
23:52:37     [2] SAOP_STOCK: se ni na vrsti po razporedu; preskoceno.
23:52:40     [3] SAOP_REGISTERED_VIEW (RegisteredViewData): skladišč=0, zapisov=3156, uporabljenih=3156, v karanteni=0, RunId=451bda5b-fb7c-437c-8a70-05ddfc7874e4.
23:52:41     [4] SAOP_GETSTOCKS (GetStocks): skladišč=14, zapisov=3113, uporabljenih=3113, v karanteni=0, RunId=eace7d52-1234-4a35-811b-f30fccd76642.
23:52:41     konec: Zaloga iz SAOP (kolicine)
23:52:41  == Izvoz cen in zaloge za splet ==
23:52:43     Izvoz profila MAGENTO_STOCK_PRICES končan: 352 vrstic v C:\Users\david\Desktop\PIM\NoviPIM\izvoz\magento\1
23:52:46     Izvoz profila MAGENTO_STOCK_PRICES končan: 2071 vrstic v C:\Users\david\Desktop\PIM\NoviPIM\izvoz\magento\2
23:52:50     Izvoz profila MAGENTO_STOCK_PRICES končan: 2487 vrstic v C:\Users\david\Desktop\PIM\NoviPIM\izvoz\magento\3
23:52:51     Izvoz profila MAGENTO_STOCK_PRICES končan: 0 vrstic v C:\Users\david\Desktop\PIM\NoviPIM\izvoz\magento\4
23:52:51     konec: Izvoz cen in zaloge za splet
23:52:51  Zalogovni cikel koncan; padlih korakov: 0.
23:57:26  == Zaloga NW_STOCK ==
23:57:27     [NW_STOCK] preskoceno: Razmik dobavitelja se tece; naslednji prenos po 3. 09. 2026 00:02.
23:57:27     Prevzem koncan: uspesno 0, neuspesno 0, skupaj virov 1.
23:57:28     Prebranih zapisov: 2763; SHA-256: 06158205827cd0ac8efeb3c4f00054708ed4050379f9c9da8f05bc6f33b332f1
23:57:28     Ta posnetek je ze v bazi; vir=NW_STOCK, podjetje=1, cas posnetka=2026-09-02 20:02:28Z, uporabljenih=2763, v karanteni=0, RunId=238e08ff-eed9-41a3-970b-5fad071d7d22. Zapisano ni bilo nic.
23:57:29     Prebranih zapisov: 2763; SHA-256: 06158205827cd0ac8efeb3c4f00054708ed4050379f9c9da8f05bc6f33b332f1
23:57:29     Ta posnetek je ze v bazi; vir=NW_STOCK, podjetje=2, cas posnetka=2026-09-02 20:02:28Z, uporabljenih=2763, v karanteni=0, RunId=58d366e7-3058-4cba-8de0-64a45165bc5b. Zapisano ni bilo nic.
23:57:30     Prebranih zapisov: 2763; SHA-256: 06158205827cd0ac8efeb3c4f00054708ed4050379f9c9da8f05bc6f33b332f1
23:57:30     Ta posnetek je ze v bazi; vir=NW_STOCK, podjetje=3, cas posnetka=2026-09-02 20:02:28Z, uporabljenih=2763, v karanteni=0, RunId=64ea6757-8f57-424c-ab0e-447ee48dcef1. Zapisano ni bilo nic.
23:57:31     Prebranih zapisov: 2763; SHA-256: 06158205827cd0ac8efeb3c4f00054708ed4050379f9c9da8f05bc6f33b332f1
23:57:31     Ta posnetek je ze v bazi; vir=NW_STOCK, podjetje=4, cas posnetka=2026-09-02 20:02:28Z, uporabljenih=2763, v karanteni=0, RunId=129501f2-d4a1-45b7-af49-74d6c693f09b. Zapisano ni bilo nic.
23:57:31     konec: Zaloga NW_STOCK
23:57:31  == Zaloga BT_STOCK ==
23:57:32     SOURCE_FETCH: se ni na vrsti po razporedu; preskoceno.
23:57:33     Prebranih zapisov: 1389; SHA-256: 88b7c3e1f331eec94b93a68da91e45c3cb67f61785dc722e54236f147e3efb63
23:57:33     STOCK_FILE pri podjetju 1: se ni na vrsti po razporedu; preskoceno.
23:57:34     Prebranih zapisov: 1389; SHA-256: 88b7c3e1f331eec94b93a68da91e45c3cb67f61785dc722e54236f147e3efb63
23:57:34     STOCK_FILE pri podjetju 2: se ni na vrsti po razporedu; preskoceno.
23:57:35     Prebranih zapisov: 1389; SHA-256: 88b7c3e1f331eec94b93a68da91e45c3cb67f61785dc722e54236f147e3efb63
23:57:35     STOCK_FILE pri podjetju 3: se ni na vrsti po razporedu; preskoceno.
23:57:36     Prebranih zapisov: 1389; SHA-256: 88b7c3e1f331eec94b93a68da91e45c3cb67f61785dc722e54236f147e3efb63
23:57:36     STOCK_FILE pri podjetju 4: se ni na vrsti po razporedu; preskoceno.
23:57:36     konec: Zaloga BT_STOCK
23:57:36  == Zaloga iz SAOP (kolicine) ==
23:57:38     [1] SAOP_GETSTOCKS (GetStocks): skladišč=4, zapisov=16, uporabljenih=16, v karanteni=0, RunId=bb50a013-fe8f-4854-8c15-bb35839f5e02.
23:57:43     [2] SAOP_GETSTOCKS (GetStocks): skladišč=1, zapisov=8734, uporabljenih=8734, v karanteni=0, RunId=908b3aba-1191-4676-b9b0-eb0e4f3032af.
23:57:48     [3] SAOP_REGISTERED_VIEW (RegisteredViewData): skladišč=0, zapisov=3156, uporabljenih=3156, v karanteni=0, RunId=91cfc533-ee6a-4e61-b0b8-dec5670bdc3d.
23:57:49     [4] SAOP_GETSTOCKS (GetStocks): skladišč=14, zapisov=3113, uporabljenih=3113, v karanteni=0, RunId=f7518be5-5c4f-4462-8976-4a40264c2b24.
23:57:49     konec: Zaloga iz SAOP (kolicine)
23:57:49  == Izvoz cen in zaloge za splet ==
23:57:51     Izvoz profila MAGENTO_STOCK_PRICES končan: 352 vrstic v C:\Users\david\Desktop\PIM\NoviPIM\izvoz\magento\1
23:57:54     Izvoz profila MAGENTO_STOCK_PRICES končan: 2071 vrstic v C:\Users\david\Desktop\PIM\NoviPIM\izvoz\magento\2
23:57:58     Izvoz profila MAGENTO_STOCK_PRICES končan: 2487 vrstic v C:\Users\david\Desktop\PIM\NoviPIM\izvoz\magento\3
23:57:59     Izvoz profila MAGENTO_STOCK_PRICES končan: 0 vrstic v C:\Users\david\Desktop\PIM\NoviPIM\izvoz\magento\4
23:57:59     konec: Izvoz cen in zaloge za splet
23:57:59  Zalogovni cikel koncan; padlih korakov: 0.
