19:52:32  == Zaloga NW_STOCK ==
19:52:43     [NW_STOCK] prevzeto 87.234 bajtov -> C:\Users\david\Desktop\PIM\NoviPIM\PIM_Solution\data\prevzem\NW_STOCK\nw-zaloga.csv; arhiv nw-zaloga_20260915_175243Z.csv.gz
19:52:44     Prevzem koncan: uspesno 1, neuspesno 0, skupaj virov 1.
19:52:50     Prebranih zapisov: 2762; SHA-256: 2944665c56c7c06eac4a13061e2d3a8a4dfe61b850297662c855e2c7a7c6435c
19:53:04     Zaloga zapisana; vir=NW_STOCK, podjetje=1, uporabljenih=2762, v karanteni=0, RunId=459c27f4-39c8-4ab1-99d8-8f15b4ff7683.
19:53:05     Prebranih zapisov: 2762; SHA-256: 2944665c56c7c06eac4a13061e2d3a8a4dfe61b850297662c855e2c7a7c6435c
19:53:08     Zaloga zapisana; vir=NW_STOCK, podjetje=2, uporabljenih=2762, v karanteni=0, RunId=de6757e4-c970-4ca3-8858-d89042caf81f.
19:53:09     Prebranih zapisov: 2762; SHA-256: 2944665c56c7c06eac4a13061e2d3a8a4dfe61b850297662c855e2c7a7c6435c
19:53:11     Zaloga zapisana; vir=NW_STOCK, podjetje=3, uporabljenih=2762, v karanteni=0, RunId=8a508903-792e-4631-94fe-be541ec5c291.
19:53:12     Prebranih zapisov: 2762; SHA-256: 2944665c56c7c06eac4a13061e2d3a8a4dfe61b850297662c855e2c7a7c6435c
19:53:14     Zaloga zapisana; vir=NW_STOCK, podjetje=4, uporabljenih=2762, v karanteni=0, RunId=d78dceff-7a9e-427b-bce2-13cf57ed279d.
19:53:14     konec: Zaloga NW_STOCK
19:53:14  == Zaloga BT_STOCK ==
19:53:15     SOURCE_FETCH: se ni na vrsti po razporedu; preskoceno.
19:53:16     Prebranih zapisov: 1389; SHA-256: 7210ec1f16db2fbae3ae6dc2ff491e42b8d622a7883c0f65286b246b0849be1d
19:53:17     STOCK_FILE pri podjetju 1: se ni na vrsti po razporedu; preskoceno.
19:53:17     Prebranih zapisov: 1389; SHA-256: 7210ec1f16db2fbae3ae6dc2ff491e42b8d622a7883c0f65286b246b0849be1d
19:53:18     STOCK_FILE pri podjetju 2: se ni na vrsti po razporedu; preskoceno.
19:53:19     Prebranih zapisov: 1389; SHA-256: 7210ec1f16db2fbae3ae6dc2ff491e42b8d622a7883c0f65286b246b0849be1d
19:53:19     STOCK_FILE pri podjetju 3: se ni na vrsti po razporedu; preskoceno.
19:53:20     Prebranih zapisov: 1389; SHA-256: 7210ec1f16db2fbae3ae6dc2ff491e42b8d622a7883c0f65286b246b0849be1d
19:53:20     STOCK_FILE pri podjetju 4: se ni na vrsti po razporedu; preskoceno.
19:53:20     konec: Zaloga BT_STOCK
19:53:20  == Zaloga iz SAOP (kolicine) ==
19:53:45     STDERR: [1] NAPAKA: A connection attempt failed because the connected party did not properly respond after a period of time, or established connection failed because connected host has failed to respond. (192.168.178.12:81)
19:54:06     STDERR: [2] NAPAKA: A connection attempt failed because the connected party did not properly respond after a period of time, or established connection failed because connected host has failed to respond. (192.168.178.12:81)
19:54:27     STDERR: [3] NAPAKA: A connection attempt failed because the connected party did not properly respond after a period of time, or established connection failed because connected host has failed to respond. (192.168.178.12:81)
19:54:48     STDERR: [4] NAPAKA: A connection attempt failed because the connected party did not properly respond after a period of time, or established connection failed because connected host has failed to respond. (192.168.178.12:81)
19:54:48     NAPAKA: worker workers\PIM.SaopStockWorker je koncal z izhodno kodo 1
19:54:48  == Izvoz cen in zaloge za splet ==
19:54:52     Izvoz profila MAGENTO_STOCK_PRICES končan: 352 vrstic v C:\Users\david\Desktop\PIM\NoviPIM\izvoz\magento\1
19:54:56     Izvoz profila MAGENTO_STOCK_PRICES končan: 2071 vrstic v C:\Users\david\Desktop\PIM\NoviPIM\izvoz\magento\2
19:54:59     Izvoz profila MAGENTO_STOCK_PRICES končan: 2488 vrstic v C:\Users\david\Desktop\PIM\NoviPIM\izvoz\magento\3
19:55:01     Izvoz profila MAGENTO_STOCK_PRICES končan: 0 vrstic v C:\Users\david\Desktop\PIM\NoviPIM\izvoz\magento\4
19:55:01     konec: Izvoz cen in zaloge za splet
19:55:01  Zalogovni cikel koncan; padlih korakov: 1.
20:02:26  == Zaloga NW_STOCK ==
20:02:28     [NW_STOCK] preskoceno: Razmik dobavitelja se tece; naslednji prenos po 15. 09. 2026 21:52.
20:02:28     Prevzem koncan: uspesno 0, neuspesno 0, skupaj virov 1.
20:02:29     Prebranih zapisov: 2762; SHA-256: 2944665c56c7c06eac4a13061e2d3a8a4dfe61b850297662c855e2c7a7c6435c
20:02:31     Ta posnetek je ze v bazi; vir=NW_STOCK, podjetje=1, cas posnetka=2026-09-15 17:52:43Z, uporabljenih=2762, v karanteni=0, RunId=459c27f4-39c8-4ab1-99d8-8f15b4ff7683. Zapisano ni bilo nic.
20:02:32     Prebranih zapisov: 2762; SHA-256: 2944665c56c7c06eac4a13061e2d3a8a4dfe61b850297662c855e2c7a7c6435c
20:02:32     Ta posnetek je ze v bazi; vir=NW_STOCK, podjetje=2, cas posnetka=2026-09-15 17:52:43Z, uporabljenih=2762, v karanteni=0, RunId=de6757e4-c970-4ca3-8858-d89042caf81f. Zapisano ni bilo nic.
20:02:33     Prebranih zapisov: 2762; SHA-256: 2944665c56c7c06eac4a13061e2d3a8a4dfe61b850297662c855e2c7a7c6435c
20:02:33     Ta posnetek je ze v bazi; vir=NW_STOCK, podjetje=3, cas posnetka=2026-09-15 17:52:43Z, uporabljenih=2762, v karanteni=0, RunId=8a508903-792e-4631-94fe-be541ec5c291. Zapisano ni bilo nic.
20:02:34     Prebranih zapisov: 2762; SHA-256: 2944665c56c7c06eac4a13061e2d3a8a4dfe61b850297662c855e2c7a7c6435c
20:02:35     Ta posnetek je ze v bazi; vir=NW_STOCK, podjetje=4, cas posnetka=2026-09-15 17:52:43Z, uporabljenih=2762, v karanteni=0, RunId=d78dceff-7a9e-427b-bce2-13cf57ed279d. Zapisano ni bilo nic.
20:02:35     konec: Zaloga NW_STOCK
20:02:35  == Zaloga BT_STOCK ==
20:02:36     SOURCE_FETCH: se ni na vrsti po razporedu; preskoceno.
20:02:37     Prebranih zapisov: 1389; SHA-256: 7210ec1f16db2fbae3ae6dc2ff491e42b8d622a7883c0f65286b246b0849be1d
20:02:37     STOCK_FILE pri podjetju 1: se ni na vrsti po razporedu; preskoceno.
20:02:38     Prebranih zapisov: 1389; SHA-256: 7210ec1f16db2fbae3ae6dc2ff491e42b8d622a7883c0f65286b246b0849be1d
20:02:38     STOCK_FILE pri podjetju 2: se ni na vrsti po razporedu; preskoceno.
20:02:39     Prebranih zapisov: 1389; SHA-256: 7210ec1f16db2fbae3ae6dc2ff491e42b8d622a7883c0f65286b246b0849be1d
20:02:39     STOCK_FILE pri podjetju 3: se ni na vrsti po razporedu; preskoceno.
20:02:40     Prebranih zapisov: 1389; SHA-256: 7210ec1f16db2fbae3ae6dc2ff491e42b8d622a7883c0f65286b246b0849be1d
20:02:40     STOCK_FILE pri podjetju 4: se ni na vrsti po razporedu; preskoceno.
20:02:40     konec: Zaloga BT_STOCK
20:02:40  == Zaloga iz SAOP (kolicine) ==
20:02:41     [1] SAOP_STOCK: se ni na vrsti po razporedu; preskoceno.
20:02:41     [2] SAOP_STOCK: se ni na vrsti po razporedu; preskoceno.
20:02:41     [3] SAOP_STOCK: se ni na vrsti po razporedu; preskoceno.
20:02:41     [4] SAOP_STOCK: se ni na vrsti po razporedu; preskoceno.
20:02:41     konec: Zaloga iz SAOP (kolicine)
20:02:41  == Izvoz cen in zaloge za splet ==
20:02:45     Izvoz profila MAGENTO_STOCK_PRICES končan: 352 vrstic v C:\Users\david\Desktop\PIM\NoviPIM\izvoz\magento\1
20:02:49     Izvoz profila MAGENTO_STOCK_PRICES končan: 2071 vrstic v C:\Users\david\Desktop\PIM\NoviPIM\izvoz\magento\2
20:02:52     Izvoz profila MAGENTO_STOCK_PRICES končan: 2488 vrstic v C:\Users\david\Desktop\PIM\NoviPIM\izvoz\magento\3
20:02:53     Izvoz profila MAGENTO_STOCK_PRICES končan: 0 vrstic v C:\Users\david\Desktop\PIM\NoviPIM\izvoz\magento\4
20:02:53     konec: Izvoz cen in zaloge za splet
20:02:53  Zalogovni cikel koncan; padlih korakov: 0.
20:07:26  == Zaloga NW_STOCK ==
20:07:42     STDERR: Unhandled exception. Microsoft.Data.SqlClient.SqlException (0x80131904): A network-related or instance-specific error occurred while establishing a connection to SQL Server. The server was not found or was not accessible. Verify that the instance name is correct and that SQL Server is configured to allow remote connections. (provider: Named Pipes Provider, error: 40 - Could not open a connection to SQL Server)
20:07:42     STDERR:  ---> System.ComponentModel.Win32Exception (53): The network path was not found.
20:07:42     STDERR:    at Microsoft.Data.SqlClient.SqlInternalConnection.OnError(SqlException exception, Boolean breakConnection, Action`1 wrapCloseInAction)
20:07:42     STDERR:    at Microsoft.Data.SqlClient.TdsParser.ThrowExceptionAndWarning(TdsParserStateObject stateObj, SqlCommand command, Boolean callerHasConnectionLock, Boolean asyncClose)
20:07:42     STDERR:    at Microsoft.Data.SqlClient.TdsParser.Connect(ServerInfo serverInfo, SqlInternalConnectionTds connHandler, TimeoutTimer timeout, SqlConnectionString connectionOptions, Boolean withFailover)
20:07:42     STDERR:    at Microsoft.Data.SqlClient.SqlInternalConnectionTds.AttemptOneLogin(ServerInfo serverInfo, String newPassword, SecureString newSecurePassword, TimeoutTimer timeout, Boolean withFailover)
20:07:42     STDERR:    at Microsoft.Data.SqlClient.SqlInternalConnectionTds.LoginNoFailover(ServerInfo serverInfo, String newPassword, SecureString newSecurePassword, Boolean redirectedUserInstance, SqlConnectionString connectionOptions, SqlCredential credential, TimeoutTimer timeout)
20:07:42     STDERR:    at Microsoft.Data.SqlClient.SqlInternalConnectionTds.OpenLoginEnlist(TimeoutTimer timeout, SqlConnectionString connectionOptions, SqlCredential credential, String newPassword, SecureString newSecurePassword, Boolean redirectedUserInstance)
20:07:42     STDERR:    at Microsoft.Data.SqlClient.SqlInternalConnectionTds..ctor(DbConnectionPoolIdentity identity, SqlConnectionString connectionOptions, SqlCredential credential, Object providerInfo, String newPassword, SecureString newSecurePassword, Boolean redirectedUserInstance, SqlConnectionString userConnectionOptions, SessionData reconnectSessionData, Boolean applyTransientFaultHandling, String accessToken, DbConnectionPool pool, Func`3 accessTokenCallback)
20:07:42     STDERR:    at Microsoft.Data.SqlClient.SqlConnectionFactory.CreateConnection(DbConnectionOptions options, DbConnectionPoolKey poolKey, Object poolGroupProviderInfo, DbConnectionPool pool, DbConnection owningConnection, DbConnectionOptions userOptions)
20:07:42     STDERR:    at Microsoft.Data.ProviderBase.DbConnectionFactory.CreatePooledConnection(DbConnectionPool pool, DbConnection owningObject, DbConnectionOptions options, DbConnectionPoolKey poolKey, DbConnectionOptions userOptions)
20:07:42     STDERR:    at Microsoft.Data.ProviderBase.DbConnectionPool.CreateObject(DbConnection owningObject, DbConnectionOptions userOptions, DbConnectionInternal oldConnection)
20:07:42     STDERR:    at Microsoft.Data.ProviderBase.DbConnectionPool.UserCreateRequest(DbConnection owningObject, DbConnectionOptions userOptions, DbConnectionInternal oldConnection)
20:07:42     STDERR:    at Microsoft.Data.ProviderBase.DbConnectionPool.TryGetConnection(DbConnection owningObject, UInt32 waitForMultipleObjectsTimeout, Boolean allowCreate, Boolean onlyOneCheckConnection, DbConnectionOptions userOptions, DbConnectionInternal& connection)
20:07:42     STDERR:    at Microsoft.Data.ProviderBase.DbConnectionPool.WaitForPendingOpen()
20:07:42     STDERR: --- End of stack trace from previous location ---
20:07:42     STDERR:    at Program.<Main>$(String[] args) in C:\Users\david\Desktop\PIM\NoviPIM\PIM_Solution\workers\PIM.SourceFetchWorker\Program.cs:line 53
20:07:42     STDERR:    at Program.<Main>$(String[] args) in C:\Users\david\Desktop\PIM\NoviPIM\PIM_Solution\workers\PIM.SourceFetchWorker\Program.cs:line 141
20:07:42     STDERR:    at Program.<Main>(String[] args)
20:07:42     STDERR: ClientConnectionId:00000000-0000-0000-0000-000000000000
20:07:42     STDERR: Error Number:53,State:0,Class:20
20:07:44     NAPAKA: worker workers\PIM.SourceFetchWorker je koncal z izhodno kodo -532462766
20:07:44  == Zaloga BT_STOCK ==
20:08:01     STDERR: Unhandled exception. Microsoft.Data.SqlClient.SqlException (0x80131904): A network-related or instance-specific error occurred while establishing a connection to SQL Server. The server was not found or was not accessible. Verify that the instance name is correct and that SQL Server is configured to allow remote connections. (provider: Named Pipes Provider, error: 40 - Could not open a connection to SQL Server)
20:08:01     STDERR:  ---> System.ComponentModel.Win32Exception (53): The network path was not found.
20:08:01     STDERR:    at Microsoft.Data.SqlClient.SqlInternalConnection.OnError(SqlException exception, Boolean breakConnection, Action`1 wrapCloseInAction)
20:08:01     STDERR:    at Microsoft.Data.SqlClient.TdsParser.ThrowExceptionAndWarning(TdsParserStateObject stateObj, SqlCommand command, Boolean callerHasConnectionLock, Boolean asyncClose)
20:08:01     STDERR:    at Microsoft.Data.SqlClient.TdsParser.Connect(ServerInfo serverInfo, SqlInternalConnectionTds connHandler, TimeoutTimer timeout, SqlConnectionString connectionOptions, Boolean withFailover)
20:08:01     STDERR:    at Microsoft.Data.SqlClient.SqlInternalConnectionTds.AttemptOneLogin(ServerInfo serverInfo, String newPassword, SecureString newSecurePassword, TimeoutTimer timeout, Boolean withFailover)
20:08:01     STDERR:    at Microsoft.Data.SqlClient.SqlInternalConnectionTds.LoginNoFailover(ServerInfo serverInfo, String newPassword, SecureString newSecurePassword, Boolean redirectedUserInstance, SqlConnectionString connectionOptions, SqlCredential credential, TimeoutTimer timeout)
20:08:01     STDERR:    at Microsoft.Data.SqlClient.SqlInternalConnectionTds.OpenLoginEnlist(TimeoutTimer timeout, SqlConnectionString connectionOptions, SqlCredential credential, String newPassword, SecureString newSecurePassword, Boolean redirectedUserInstance)
20:08:01     STDERR:    at Microsoft.Data.SqlClient.SqlInternalConnectionTds..ctor(DbConnectionPoolIdentity identity, SqlConnectionString connectionOptions, SqlCredential credential, Object providerInfo, String newPassword, SecureString newSecurePassword, Boolean redirectedUserInstance, SqlConnectionString userConnectionOptions, SessionData reconnectSessionData, Boolean applyTransientFaultHandling, String accessToken, DbConnectionPool pool, Func`3 accessTokenCallback)
20:08:01     STDERR:    at Microsoft.Data.SqlClient.SqlConnectionFactory.CreateConnection(DbConnectionOptions options, DbConnectionPoolKey poolKey, Object poolGroupProviderInfo, DbConnectionPool pool, DbConnection owningConnection, DbConnectionOptions userOptions)
20:08:01     STDERR:    at Microsoft.Data.ProviderBase.DbConnectionFactory.CreatePooledConnection(DbConnectionPool pool, DbConnection owningObject, DbConnectionOptions options, DbConnectionPoolKey poolKey, DbConnectionOptions userOptions)
20:08:01     STDERR:    at Microsoft.Data.ProviderBase.DbConnectionPool.CreateObject(DbConnection owningObject, DbConnectionOptions userOptions, DbConnectionInternal oldConnection)
20:08:01     STDERR:    at Microsoft.Data.ProviderBase.DbConnectionPool.UserCreateRequest(DbConnection owningObject, DbConnectionOptions userOptions, DbConnectionInternal oldConnection)
20:08:01     STDERR:    at Microsoft.Data.ProviderBase.DbConnectionPool.TryGetConnection(DbConnection owningObject, UInt32 waitForMultipleObjectsTimeout, Boolean allowCreate, Boolean onlyOneCheckConnection, DbConnectionOptions userOptions, DbConnectionInternal& connection)
20:08:01     STDERR:    at Microsoft.Data.ProviderBase.DbConnectionPool.WaitForPendingOpen()
20:08:01     STDERR: --- End of stack trace from previous location ---
20:08:01     STDERR:    at Program.<Main>$(String[] args) in C:\Users\david\Desktop\PIM\NoviPIM\PIM_Solution\workers\PIM.SourceFetchWorker\Program.cs:line 53
20:08:01     STDERR:    at Program.<Main>$(String[] args) in C:\Users\david\Desktop\PIM\NoviPIM\PIM_Solution\workers\PIM.SourceFetchWorker\Program.cs:line 141
20:08:01     STDERR:    at Program.<Main>(String[] args)
20:08:01     STDERR: ClientConnectionId:00000000-0000-0000-0000-000000000000
20:08:01     STDERR: Error Number:53,State:0,Class:20
20:08:03     NAPAKA: worker workers\PIM.SourceFetchWorker je koncal z izhodno kodo -532462766
20:08:03  == Zaloga iz SAOP (kolicine) ==
20:08:19     STDERR: Unhandled exception. Microsoft.Data.SqlClient.SqlException (0x80131904): A network-related or instance-specific error occurred while establishing a connection to SQL Server. The server was not found or was not accessible. Verify that the instance name is correct and that SQL Server is configured to allow remote connections. (provider: Named Pipes Provider, error: 40 - Could not open a connection to SQL Server)
20:08:19     STDERR:  ---> System.ComponentModel.Win32Exception (53): The network path was not found.
20:08:19     STDERR:    at Microsoft.Data.SqlClient.SqlInternalConnection.OnError(SqlException exception, Boolean breakConnection, Action`1 wrapCloseInAction)
20:08:19     STDERR:    at Microsoft.Data.SqlClient.TdsParser.ThrowExceptionAndWarning(TdsParserStateObject stateObj, SqlCommand command, Boolean callerHasConnectionLock, Boolean asyncClose)
20:08:19     STDERR:    at Microsoft.Data.SqlClient.TdsParser.Connect(ServerInfo serverInfo, SqlInternalConnectionTds connHandler, TimeoutTimer timeout, SqlConnectionString connectionOptions, Boolean withFailover)
20:08:19     STDERR:    at Microsoft.Data.SqlClient.SqlInternalConnectionTds.AttemptOneLogin(ServerInfo serverInfo, String newPassword, SecureString newSecurePassword, TimeoutTimer timeout, Boolean withFailover)
20:08:19     STDERR:    at Microsoft.Data.SqlClient.SqlInternalConnectionTds.LoginNoFailover(ServerInfo serverInfo, String newPassword, SecureString newSecurePassword, Boolean redirectedUserInstance, SqlConnectionString connectionOptions, SqlCredential credential, TimeoutTimer timeout)
20:08:19     STDERR:    at Microsoft.Data.SqlClient.SqlInternalConnectionTds.OpenLoginEnlist(TimeoutTimer timeout, SqlConnectionString connectionOptions, SqlCredential credential, String newPassword, SecureString newSecurePassword, Boolean redirectedUserInstance)
20:08:19     STDERR:    at Microsoft.Data.SqlClient.SqlInternalConnectionTds..ctor(DbConnectionPoolIdentity identity, SqlConnectionString connectionOptions, SqlCredential credential, Object providerInfo, String newPassword, SecureString newSecurePassword, Boolean redirectedUserInstance, SqlConnectionString userConnectionOptions, SessionData reconnectSessionData, Boolean applyTransientFaultHandling, String accessToken, DbConnectionPool pool, Func`3 accessTokenCallback)
20:08:19     STDERR:    at Microsoft.Data.SqlClient.SqlConnectionFactory.CreateConnection(DbConnectionOptions options, DbConnectionPoolKey poolKey, Object poolGroupProviderInfo, DbConnectionPool pool, DbConnection owningConnection, DbConnectionOptions userOptions)
20:08:19     STDERR:    at Microsoft.Data.ProviderBase.DbConnectionFactory.CreatePooledConnection(DbConnectionPool pool, DbConnection owningObject, DbConnectionOptions options, DbConnectionPoolKey poolKey, DbConnectionOptions userOptions)
20:08:19     STDERR:    at Microsoft.Data.ProviderBase.DbConnectionPool.CreateObject(DbConnection owningObject, DbConnectionOptions userOptions, DbConnectionInternal oldConnection)
20:08:19     STDERR:    at Microsoft.Data.ProviderBase.DbConnectionPool.UserCreateRequest(DbConnection owningObject, DbConnectionOptions userOptions, DbConnectionInternal oldConnection)
20:08:19     STDERR:    at Microsoft.Data.ProviderBase.DbConnectionPool.TryGetConnection(DbConnection owningObject, UInt32 waitForMultipleObjectsTimeout, Boolean allowCreate, Boolean onlyOneCheckConnection, DbConnectionOptions userOptions, DbConnectionInternal& connection)
20:08:19     STDERR:    at Microsoft.Data.ProviderBase.DbConnectionPool.WaitForPendingOpen()
20:08:19     STDERR: --- End of stack trace from previous location ---
20:08:19     STDERR:    at PIM.Operations.OperationsRun.IsDueAsync(String connectionString, Int32 organizationId, String pipeline, CancellationToken cancellationToken) in C:\Users\david\Desktop\PIM\NoviPIM\PIM_Solution\src\PIM.Operations\OperationsRun.cs:line 37
20:08:19     STDERR:    at PIM.Operations.OperationsRun.IsDueAsync(String connectionString, Int32 organizationId, String pipeline, CancellationToken cancellationToken) in C:\Users\david\Desktop\PIM\NoviPIM\PIM_Solution\src\PIM.Operations\OperationsRun.cs:line 44
20:08:19     STDERR:    at Program.<Main>$(String[] args) in C:\Users\david\Desktop\PIM\NoviPIM\PIM_Solution\workers\PIM.SaopStockWorker\Program.cs:line 89
20:08:19     STDERR:    at Program.<Main>(String[] args)
20:08:19     STDERR: ClientConnectionId:00000000-0000-0000-0000-000000000000
20:08:19     STDERR: Error Number:53,State:0,Class:20
20:08:21     NAPAKA: worker workers\PIM.SaopStockWorker je koncal z izhodno kodo -532462766
20:08:21  == Osvezitev cen kataloga ==
20:08:22     Živ SAOP zajem: podjetij=4, končnih točk=1, delta zajem.
20:08:22     [2] IQLighting (SAOP_IQLIGHTING)
20:08:38     [3] Vidadria (SAOP_VIDADRIA)
20:08:38     STDERR:   Zajem podjetja 2 je padel: A network-related or instance-specific error occurred while establishing a connection to SQL Server. The server was not found or was not accessible. Verify that the instance name is correct and that SQL Server is configured to allow remote connections. (provider: Named Pipes Provider, error: 40 - Could not open a connection to SQL Server)
20:08:38     STDERR:   Zajem podjetja 3 je padel: A network-related or instance-specific error occurred while establishing a connection to SQL Server. The server was not found or was not accessible. Verify that the instance name is correct and that SQL Server is configured to allow remote connections. (provider: Named Pipes Provider, error: 40 - Could not open a connection to SQL Server)
20:08:38     [4] Ediito (SAOP_EDIITO)
20:08:38     [1] DEMO (SAOP_DEMO)
20:08:38     STDERR:   Zajem podjetja 4 je padel: A network-related or instance-specific error occurred while establishing a connection to SQL Server. The server was not found or was not accessible. Verify that the instance name is correct and that SQL Server is configured to allow remote connections. (provider: Named Pipes Provider, error: 40 - Could not open a connection to SQL Server)
20:08:38     STDERR:   Zajem podjetja 1 je padel: A network-related or instance-specific error occurred while establishing a connection to SQL Server. The server was not found or was not accessible. Verify that the instance name is correct and that SQL Server is configured to allow remote connections. (provider: Named Pipes Provider, error: 40 - Could not open a connection to SQL Server)
20:08:38     NAPAKA: worker workers\PIM.KatalogWorker je koncal z izhodno kodo 1
20:08:38  == Izvoz cen in zaloge za splet ==
20:08:54     STDERR: Unhandled exception. Microsoft.Data.SqlClient.SqlException (0x80131904): A network-related or instance-specific error occurred while establishing a connection to SQL Server. The server was not found or was not accessible. Verify that the instance name is correct and that SQL Server is configured to allow remote connections. (provider: Named Pipes Provider, error: 40 - Could not open a connection to SQL Server)
20:08:54     STDERR:  ---> System.ComponentModel.Win32Exception (53): The network path was not found.
20:08:54     STDERR:    at Microsoft.Data.SqlClient.SqlInternalConnection.OnError(SqlException exception, Boolean breakConnection, Action`1 wrapCloseInAction)
20:08:54     STDERR:    at Microsoft.Data.SqlClient.TdsParser.ThrowExceptionAndWarning(TdsParserStateObject stateObj, SqlCommand command, Boolean callerHasConnectionLock, Boolean asyncClose)
20:08:54     STDERR:    at Microsoft.Data.SqlClient.TdsParser.Connect(ServerInfo serverInfo, SqlInternalConnectionTds connHandler, TimeoutTimer timeout, SqlConnectionString connectionOptions, Boolean withFailover)
20:08:54     STDERR:    at Microsoft.Data.SqlClient.SqlInternalConnectionTds.AttemptOneLogin(ServerInfo serverInfo, String newPassword, SecureString newSecurePassword, TimeoutTimer timeout, Boolean withFailover)
20:08:54     STDERR:    at Microsoft.Data.SqlClient.SqlInternalConnectionTds.LoginNoFailover(ServerInfo serverInfo, String newPassword, SecureString newSecurePassword, Boolean redirectedUserInstance, SqlConnectionString connectionOptions, SqlCredential credential, TimeoutTimer timeout)
20:08:54     STDERR:    at Microsoft.Data.SqlClient.SqlInternalConnectionTds.OpenLoginEnlist(TimeoutTimer timeout, SqlConnectionString connectionOptions, SqlCredential credential, String newPassword, SecureString newSecurePassword, Boolean redirectedUserInstance)
20:08:54     STDERR:    at Microsoft.Data.SqlClient.SqlInternalConnectionTds..ctor(DbConnectionPoolIdentity identity, SqlConnectionString connectionOptions, SqlCredential credential, Object providerInfo, String newPassword, SecureString newSecurePassword, Boolean redirectedUserInstance, SqlConnectionString userConnectionOptions, SessionData reconnectSessionData, Boolean applyTransientFaultHandling, String accessToken, DbConnectionPool pool, Func`3 accessTokenCallback)
20:08:54     STDERR:    at Microsoft.Data.SqlClient.SqlConnectionFactory.CreateConnection(DbConnectionOptions options, DbConnectionPoolKey poolKey, Object poolGroupProviderInfo, DbConnectionPool pool, DbConnection owningConnection, DbConnectionOptions userOptions)
20:08:54     STDERR:    at Microsoft.Data.ProviderBase.DbConnectionFactory.CreatePooledConnection(DbConnectionPool pool, DbConnection owningObject, DbConnectionOptions options, DbConnectionPoolKey poolKey, DbConnectionOptions userOptions)
20:08:54     STDERR:    at Microsoft.Data.ProviderBase.DbConnectionPool.CreateObject(DbConnection owningObject, DbConnectionOptions userOptions, DbConnectionInternal oldConnection)
20:08:54     STDERR:    at Microsoft.Data.ProviderBase.DbConnectionPool.UserCreateRequest(DbConnection owningObject, DbConnectionOptions userOptions, DbConnectionInternal oldConnection)
20:08:54     STDERR:    at Microsoft.Data.ProviderBase.DbConnectionPool.TryGetConnection(DbConnection owningObject, UInt32 waitForMultipleObjectsTimeout, Boolean allowCreate, Boolean onlyOneCheckConnection, DbConnectionOptions userOptions, DbConnectionInternal& connection)
20:08:54     STDERR:    at Microsoft.Data.ProviderBase.DbConnectionPool.WaitForPendingOpen()
20:08:54     STDERR: --- End of stack trace from previous location ---
20:08:54     STDERR:    at PIM.B2bWorker.MagentoExportCommand.ExportProfileAsync(String profileCode, Int32 organizationId, String outputDir, String fileName, String connectionString, CancellationToken ct) in C:\Users\david\Desktop\PIM\NoviPIM\PIM_Solution\workers\PIM.B2bWorker\MagentoExportCommand.cs:line 174
20:08:54     STDERR:    at PIM.B2bWorker.MagentoExportCommand.ExportProfileAsync(String profileCode, Int32 organizationId, String outputDir, String fileName, String connectionString, CancellationToken ct) in C:\Users\david\Desktop\PIM\NoviPIM\PIM_Solution\workers\PIM.B2bWorker\MagentoExportCommand.cs:line 203
20:08:54     STDERR:    at Program.<Main>$(String[] args) in C:\Users\david\Desktop\PIM\NoviPIM\PIM_Solution\workers\PIM.B2bWorker\Program.cs:line 26
20:08:54     STDERR:    at Program.<Main>(String[] args)
20:08:54     STDERR: ClientConnectionId:00000000-0000-0000-0000-000000000000
20:08:54     STDERR: Error Number:53,State:0,Class:20
20:08:56     NAPAKA: worker workers\PIM.B2bWorker je koncal z izhodno kodo -532462766
20:08:56  == Osvezitev kataloga in strank s cenami in zalogo (podjetje 2) ==
20:09:13     STDERR: Unhandled exception. Microsoft.Data.SqlClient.SqlException (0x80131904): A network-related or instance-specific error occurred while establishing a connection to SQL Server. The server was not found or was not accessible. Verify that the instance name is correct and that SQL Server is configured to allow remote connections. (provider: Named Pipes Provider, error: 40 - Could not open a connection to SQL Server)
20:09:13     STDERR:  ---> System.ComponentModel.Win32Exception (53): The network path was not found.
20:09:13     STDERR:    at Microsoft.Data.SqlClient.SqlInternalConnection.OnError(SqlException exception, Boolean breakConnection, Action`1 wrapCloseInAction)
20:09:13     STDERR:    at Microsoft.Data.SqlClient.TdsParser.ThrowExceptionAndWarning(TdsParserStateObject stateObj, SqlCommand command, Boolean callerHasConnectionLock, Boolean asyncClose)
20:09:13     STDERR:    at Microsoft.Data.SqlClient.TdsParser.Connect(ServerInfo serverInfo, SqlInternalConnectionTds connHandler, TimeoutTimer timeout, SqlConnectionString connectionOptions, Boolean withFailover)
20:09:13     STDERR:    at Microsoft.Data.SqlClient.SqlInternalConnectionTds.AttemptOneLogin(ServerInfo serverInfo, String newPassword, SecureString newSecurePassword, TimeoutTimer timeout, Boolean withFailover)
20:09:13     STDERR:    at Microsoft.Data.SqlClient.SqlInternalConnectionTds.LoginNoFailover(ServerInfo serverInfo, String newPassword, SecureString newSecurePassword, Boolean redirectedUserInstance, SqlConnectionString connectionOptions, SqlCredential credential, TimeoutTimer timeout)
20:09:13     STDERR:    at Microsoft.Data.SqlClient.SqlInternalConnectionTds.OpenLoginEnlist(TimeoutTimer timeout, SqlConnectionString connectionOptions, SqlCredential credential, String newPassword, SecureString newSecurePassword, Boolean redirectedUserInstance)
20:09:13     STDERR:    at Microsoft.Data.SqlClient.SqlInternalConnectionTds..ctor(DbConnectionPoolIdentity identity, SqlConnectionString connectionOptions, SqlCredential credential, Object providerInfo, String newPassword, SecureString newSecurePassword, Boolean redirectedUserInstance, SqlConnectionString userConnectionOptions, SessionData reconnectSessionData, Boolean applyTransientFaultHandling, String accessToken, DbConnectionPool pool, Func`3 accessTokenCallback)
20:09:13     STDERR:    at Microsoft.Data.SqlClient.SqlConnectionFactory.CreateConnection(DbConnectionOptions options, DbConnectionPoolKey poolKey, Object poolGroupProviderInfo, DbConnectionPool pool, DbConnection owningConnection, DbConnectionOptions userOptions)
20:09:13     STDERR:    at Microsoft.Data.ProviderBase.DbConnectionFactory.CreatePooledConnection(DbConnectionPool pool, DbConnection owningObject, DbConnectionOptions options, DbConnectionPoolKey poolKey, DbConnectionOptions userOptions)
20:09:13     STDERR:    at Microsoft.Data.ProviderBase.DbConnectionPool.CreateObject(DbConnection owningObject, DbConnectionOptions userOptions, DbConnectionInternal oldConnection)
20:09:13     STDERR:    at Microsoft.Data.ProviderBase.DbConnectionPool.UserCreateRequest(DbConnection owningObject, DbConnectionOptions userOptions, DbConnectionInternal oldConnection)
20:09:13     STDERR:    at Microsoft.Data.ProviderBase.DbConnectionPool.TryGetConnection(DbConnection owningObject, UInt32 waitForMultipleObjectsTimeout, Boolean allowCreate, Boolean onlyOneCheckConnection, DbConnectionOptions userOptions, DbConnectionInternal& connection)
20:09:13     STDERR:    at Microsoft.Data.ProviderBase.DbConnectionPool.WaitForPendingOpen()
20:09:13     STDERR: --- End of stack trace from previous location ---
20:09:13     STDERR:    at PIM.B2bWorker.MagentoExportCommand.ExecuteAsync(Int32 organizationId, String outputDir, String connectionString, CancellationToken ct) in C:\Users\david\Desktop\PIM\NoviPIM\PIM_Solution\workers\PIM.B2bWorker\MagentoExportCommand.cs:line 39
20:09:13     STDERR:    at PIM.B2bWorker.MagentoExportCommand.ExecuteAsync(Int32 organizationId, String outputDir, String connectionString, CancellationToken ct) in C:\Users\david\Desktop\PIM\NoviPIM\PIM_Solution\workers\PIM.B2bWorker\MagentoExportCommand.cs:line 155
20:09:13     STDERR:    at Program.<Main>$(String[] args) in C:\Users\david\Desktop\PIM\NoviPIM\PIM_Solution\workers\PIM.B2bWorker\Program.cs:line 31
20:09:13     STDERR:    at Program.<Main>(String[] args)
20:09:13     STDERR: ClientConnectionId:00000000-0000-0000-0000-000000000000
20:09:13     STDERR: Error Number:53,State:0,Class:20
20:09:15     NAPAKA: worker workers\PIM.B2bWorker je koncal z izhodno kodo -532462766
20:09:15  Zalogovni cikel koncan; padlih korakov: 6.
20:12:26  == Zaloga NW_STOCK ==
20:12:28     [NW_STOCK] preskoceno: Razmik dobavitelja se tece; naslednji prenos po 15. 09. 2026 21:52.
20:12:28     Prevzem koncan: uspesno 0, neuspesno 0, skupaj virov 1.
20:12:29     Prebranih zapisov: 2762; SHA-256: 2944665c56c7c06eac4a13061e2d3a8a4dfe61b850297662c855e2c7a7c6435c
20:12:29     Ta posnetek je ze v bazi; vir=NW_STOCK, podjetje=1, cas posnetka=2026-09-15 17:52:43Z, uporabljenih=2762, v karanteni=0, RunId=459c27f4-39c8-4ab1-99d8-8f15b4ff7683. Zapisano ni bilo nic.
20:12:30     Prebranih zapisov: 2762; SHA-256: 2944665c56c7c06eac4a13061e2d3a8a4dfe61b850297662c855e2c7a7c6435c
20:12:30     Ta posnetek je ze v bazi; vir=NW_STOCK, podjetje=2, cas posnetka=2026-09-15 17:52:43Z, uporabljenih=2762, v karanteni=0, RunId=de6757e4-c970-4ca3-8858-d89042caf81f. Zapisano ni bilo nic.
20:12:31     Prebranih zapisov: 2762; SHA-256: 2944665c56c7c06eac4a13061e2d3a8a4dfe61b850297662c855e2c7a7c6435c
20:12:32     Ta posnetek je ze v bazi; vir=NW_STOCK, podjetje=3, cas posnetka=2026-09-15 17:52:43Z, uporabljenih=2762, v karanteni=0, RunId=8a508903-792e-4631-94fe-be541ec5c291. Zapisano ni bilo nic.
20:12:33     Prebranih zapisov: 2762; SHA-256: 2944665c56c7c06eac4a13061e2d3a8a4dfe61b850297662c855e2c7a7c6435c
20:12:33     Ta posnetek je ze v bazi; vir=NW_STOCK, podjetje=4, cas posnetka=2026-09-15 17:52:43Z, uporabljenih=2762, v karanteni=0, RunId=d78dceff-7a9e-427b-bce2-13cf57ed279d. Zapisano ni bilo nic.
20:12:33     konec: Zaloga NW_STOCK
20:12:33  == Zaloga BT_STOCK ==
20:12:34     SOURCE_FETCH: se ni na vrsti po razporedu; preskoceno.
20:12:35     Prebranih zapisov: 1389; SHA-256: 7210ec1f16db2fbae3ae6dc2ff491e42b8d622a7883c0f65286b246b0849be1d
20:12:35     STOCK_FILE pri podjetju 1: se ni na vrsti po razporedu; preskoceno.
20:12:36     Prebranih zapisov: 1389; SHA-256: 7210ec1f16db2fbae3ae6dc2ff491e42b8d622a7883c0f65286b246b0849be1d
20:12:36     STOCK_FILE pri podjetju 2: se ni na vrsti po razporedu; preskoceno.
20:12:37     Prebranih zapisov: 1389; SHA-256: 7210ec1f16db2fbae3ae6dc2ff491e42b8d622a7883c0f65286b246b0849be1d
20:12:38     STOCK_FILE pri podjetju 3: se ni na vrsti po razporedu; preskoceno.
20:12:39     Prebranih zapisov: 1389; SHA-256: 7210ec1f16db2fbae3ae6dc2ff491e42b8d622a7883c0f65286b246b0849be1d
20:12:39     STOCK_FILE pri podjetju 4: se ni na vrsti po razporedu; preskoceno.
20:12:39     konec: Zaloga BT_STOCK
20:12:39  == Zaloga iz SAOP (kolicine) ==
20:12:42     [1] SAOP_STOCK: se ni na vrsti po razporedu; preskoceno.
20:12:42     [2] SAOP_STOCK: se ni na vrsti po razporedu; preskoceno.
20:12:42     [3] SAOP_STOCK: se ni na vrsti po razporedu; preskoceno.
20:12:42     [4] SAOP_STOCK: se ni na vrsti po razporedu; preskoceno.
20:12:42     konec: Zaloga iz SAOP (kolicine)
20:12:42  == Osvezitev cen kataloga ==
20:12:44     Živ SAOP zajem: podjetij=4, končnih točk=1, delta zajem.
20:12:44     [2] IQLighting (SAOP_IQLIGHTING)
20:13:08     STDERR:   Cenikov ni bilo mogoče prebrati (A connection attempt failed because the connected party did not properly respond after a period of time, or established connection failed because connected host has failed to respond. (192.168.178.12:81)); GetPrices bo preskočen.
20:13:08       GetPrices: NAPAKA [0,0 s] — GetPrices: ni razpoložljivih cenikov (api/pricelists je vrnil prazen seznam ali ga ni bilo mogoče doseči) — zajem preskočen, mejnik nespremenjen.
20:13:09       SKUPAJ strani=0 zapisov=0 RunId=9b2e67af-e994-4b65-9fc6-70578f949617
20:13:09     [3] Vidadria (SAOP_VIDADRIA)
20:13:30     STDERR:   Cenikov ni bilo mogoče prebrati (A connection attempt failed because the connected party did not properly respond after a period of time, or established connection failed because connected host has failed to respond. (192.168.178.12:81)); GetPrices bo preskočen.
20:13:30       GetPrices: NAPAKA [0,0 s] — GetPrices: ni razpoložljivih cenikov (api/pricelists je vrnil prazen seznam ali ga ni bilo mogoče doseči) — zajem preskočen, mejnik nespremenjen.
20:13:30       SKUPAJ strani=0 zapisov=0 RunId=33c57245-1c5f-4bee-a2b9-09b78ede2c8b
20:13:30     [4] Ediito (SAOP_EDIITO)
20:13:51     STDERR:   Cenikov ni bilo mogoče prebrati (A connection attempt failed because the connected party did not properly respond after a period of time, or established connection failed because connected host has failed to respond. (192.168.178.12:81)); GetPrices bo preskočen.
20:13:51       GetPrices: NAPAKA [0,0 s] — GetPrices: ni razpoložljivih cenikov (api/pricelists je vrnil prazen seznam ali ga ni bilo mogoče doseči) — zajem preskočen, mejnik nespremenjen.
20:13:51       SKUPAJ strani=0 zapisov=0 RunId=6533d638-f35f-479a-81b7-d2a6849b7e55
20:13:51     [1] DEMO (SAOP_DEMO)
20:14:12     STDERR:   Cenikov ni bilo mogoče prebrati (A connection attempt failed because the connected party did not properly respond after a period of time, or established connection failed because connected host has failed to respond. (192.168.178.12:81)); GetPrices bo preskočen.
20:14:12       GetPrices: NAPAKA [0,0 s] — GetPrices: ni razpoložljivih cenikov (api/pricelists je vrnil prazen seznam ali ga ni bilo mogoče doseči) — zajem preskočen, mejnik nespremenjen.
20:14:12       SKUPAJ strani=0 zapisov=0 RunId=ec2ab788-464b-43dd-b843-f764ef4159cc
20:14:12     NAPAKA: worker workers\PIM.KatalogWorker je koncal z izhodno kodo 1
20:14:12  == Izvoz cen in zaloge za splet ==
20:14:14     Izvoz profila MAGENTO_STOCK_PRICES končan: 352 vrstic v C:\Users\david\Desktop\PIM\NoviPIM\izvoz\magento\1
20:14:17     Izvoz profila MAGENTO_STOCK_PRICES končan: 2071 vrstic v C:\Users\david\Desktop\PIM\NoviPIM\izvoz\magento\2
20:14:20     Izvoz profila MAGENTO_STOCK_PRICES končan: 2488 vrstic v C:\Users\david\Desktop\PIM\NoviPIM\izvoz\magento\3
20:14:22     Izvoz profila MAGENTO_STOCK_PRICES končan: 0 vrstic v C:\Users\david\Desktop\PIM\NoviPIM\izvoz\magento\4
20:14:22     konec: Izvoz cen in zaloge za splet
20:14:22  == Osvezitev kataloga in strank s cenami in zalogo (podjetje 2) ==
20:14:28     Magento CSV izvoz končan: C:\Users\david\Desktop\PIM\NoviPIM\izvoz\magento\2
20:14:28     konec: Osvezitev kataloga in strank s cenami in zalogo (podjetje 2)
20:14:28  Zalogovni cikel koncan; padlih korakov: 1.
20:17:26  == Zaloga NW_STOCK ==
20:17:42     [NW_STOCK] preskoceno: Razmik dobavitelja se tece; naslednji prenos po 15. 09. 2026 21:52.
20:17:42     Prevzem koncan: uspesno 0, neuspesno 0, skupaj virov 1.
20:17:43     Prebranih zapisov: 2762; SHA-256: 2944665c56c7c06eac4a13061e2d3a8a4dfe61b850297662c855e2c7a7c6435c
20:17:43     Ta posnetek je ze v bazi; vir=NW_STOCK, podjetje=1, cas posnetka=2026-09-15 17:52:43Z, uporabljenih=2762, v karanteni=0, RunId=459c27f4-39c8-4ab1-99d8-8f15b4ff7683. Zapisano ni bilo nic.
20:17:44     Prebranih zapisov: 2762; SHA-256: 2944665c56c7c06eac4a13061e2d3a8a4dfe61b850297662c855e2c7a7c6435c
20:17:44     Ta posnetek je ze v bazi; vir=NW_STOCK, podjetje=2, cas posnetka=2026-09-15 17:52:43Z, uporabljenih=2762, v karanteni=0, RunId=de6757e4-c970-4ca3-8858-d89042caf81f. Zapisano ni bilo nic.
20:17:45     Prebranih zapisov: 2762; SHA-256: 2944665c56c7c06eac4a13061e2d3a8a4dfe61b850297662c855e2c7a7c6435c
20:17:45     Ta posnetek je ze v bazi; vir=NW_STOCK, podjetje=3, cas posnetka=2026-09-15 17:52:43Z, uporabljenih=2762, v karanteni=0, RunId=8a508903-792e-4631-94fe-be541ec5c291. Zapisano ni bilo nic.
20:17:46     Prebranih zapisov: 2762; SHA-256: 2944665c56c7c06eac4a13061e2d3a8a4dfe61b850297662c855e2c7a7c6435c
20:17:46     Ta posnetek je ze v bazi; vir=NW_STOCK, podjetje=4, cas posnetka=2026-09-15 17:52:43Z, uporabljenih=2762, v karanteni=0, RunId=d78dceff-7a9e-427b-bce2-13cf57ed279d. Zapisano ni bilo nic.
20:17:47     konec: Zaloga NW_STOCK
20:17:47  == Zaloga BT_STOCK ==
20:17:47     SOURCE_FETCH: se ni na vrsti po razporedu; preskoceno.
20:17:48     Prebranih zapisov: 1389; SHA-256: 7210ec1f16db2fbae3ae6dc2ff491e42b8d622a7883c0f65286b246b0849be1d
20:17:49     STOCK_FILE pri podjetju 1: se ni na vrsti po razporedu; preskoceno.
20:17:49     Prebranih zapisov: 1389; SHA-256: 7210ec1f16db2fbae3ae6dc2ff491e42b8d622a7883c0f65286b246b0849be1d
20:17:50     STOCK_FILE pri podjetju 2: se ni na vrsti po razporedu; preskoceno.
20:17:50     Prebranih zapisov: 1389; SHA-256: 7210ec1f16db2fbae3ae6dc2ff491e42b8d622a7883c0f65286b246b0849be1d
20:17:51     STOCK_FILE pri podjetju 3: se ni na vrsti po razporedu; preskoceno.
20:17:51     Prebranih zapisov: 1389; SHA-256: 7210ec1f16db2fbae3ae6dc2ff491e42b8d622a7883c0f65286b246b0849be1d
20:17:52     STOCK_FILE pri podjetju 4: se ni na vrsti po razporedu; preskoceno.
20:17:52     konec: Zaloga BT_STOCK
20:17:52  == Zaloga iz SAOP (kolicine) ==
20:17:53     [1] SAOP_STOCK: se ni na vrsti po razporedu; preskoceno.
20:17:53     [2] SAOP_STOCK: se ni na vrsti po razporedu; preskoceno.
20:17:53     [3] SAOP_STOCK: se ni na vrsti po razporedu; preskoceno.
20:17:53     [4] SAOP_STOCK: se ni na vrsti po razporedu; preskoceno.
20:17:53     konec: Zaloga iz SAOP (kolicine)
20:17:53  == Osvezitev cen kataloga ==
20:17:54     Živ SAOP zajem: podjetij=4, končnih točk=1, delta zajem.
20:17:54     [2] IQLighting (SAOP_IQLIGHTING)
20:18:15       GetPrices: strani=3 zapisov=446 [20,3 s, 6,77 s/stran]
20:18:16       SKUPAJ strani=3 zapisov=446 RunId=8f105c54-a3ed-44c9-897e-690a83e11c8c
20:18:16       OPOZORILO: v raw.Inbox ležijo nepreslikane vrstice iz prejšnjih zagonov: GetPrices=3. Preslikaj jih z --map-run <RunId tistega zagona>; poizvedba: SELECT DISTINCT RunId, EntityType FROM raw.Inbox WHERE Status=N'Pending';
20:18:16     [3] Vidadria (SAOP_VIDADRIA)
20:18:38       GetPrices: strani=5 zapisov=443 [21,5 s, 4,31 s/stran]
20:18:38       SKUPAJ strani=5 zapisov=443 RunId=6b34bd70-c642-4c57-b07c-6169112c25b9
20:18:38     [4] Ediito (SAOP_EDIITO)
20:18:46       GetPrices: strani=3 zapisov=35 [6,7 s, 2,24 s/stran]
20:18:46       SKUPAJ strani=3 zapisov=35 RunId=37c26e51-501b-451b-9b20-1a8666a07edc
20:18:46     [1] DEMO (SAOP_DEMO)
20:18:50       GetPrices: strani=0 zapisov=0 [4,1 s]
20:18:50       SKUPAJ strani=0 zapisov=0 RunId=80cd68ee-93cf-4fb7-b0ee-fb52ddec5595
20:18:51     konec: Osvezitev cen kataloga
20:18:51  == Izvoz cen in zaloge za splet ==
20:18:53     Izvoz profila MAGENTO_STOCK_PRICES končan: 352 vrstic v C:\Users\david\Desktop\PIM\NoviPIM\izvoz\magento\1
20:18:56     Izvoz profila MAGENTO_STOCK_PRICES končan: 2071 vrstic v C:\Users\david\Desktop\PIM\NoviPIM\izvoz\magento\2
20:19:00     Izvoz profila MAGENTO_STOCK_PRICES končan: 2488 vrstic v C:\Users\david\Desktop\PIM\NoviPIM\izvoz\magento\3
20:19:01     Izvoz profila MAGENTO_STOCK_PRICES končan: 0 vrstic v C:\Users\david\Desktop\PIM\NoviPIM\izvoz\magento\4
20:19:01     konec: Izvoz cen in zaloge za splet
20:19:01  == Osvezitev kataloga in strank s cenami in zalogo (podjetje 2) ==
20:19:07     Magento CSV izvoz končan: C:\Users\david\Desktop\PIM\NoviPIM\izvoz\magento\2
20:19:07     konec: Osvezitev kataloga in strank s cenami in zalogo (podjetje 2)
20:19:07  Zalogovni cikel koncan; padlih korakov: 0.
20:22:28  == Zaloga NW_STOCK ==
20:22:29     SOURCE_FETCH: se ni na vrsti po razporedu; preskoceno.
20:22:30     Prebranih zapisov: 2762; SHA-256: 2944665c56c7c06eac4a13061e2d3a8a4dfe61b850297662c855e2c7a7c6435c
20:22:31     STOCK_FILE pri podjetju 1: se ni na vrsti po razporedu; preskoceno.
20:22:32     Prebranih zapisov: 2762; SHA-256: 2944665c56c7c06eac4a13061e2d3a8a4dfe61b850297662c855e2c7a7c6435c
20:22:32     STOCK_FILE pri podjetju 2: se ni na vrsti po razporedu; preskoceno.
20:22:33     Prebranih zapisov: 2762; SHA-256: 2944665c56c7c06eac4a13061e2d3a8a4dfe61b850297662c855e2c7a7c6435c
20:22:33     STOCK_FILE pri podjetju 3: se ni na vrsti po razporedu; preskoceno.
20:22:34     Prebranih zapisov: 2762; SHA-256: 2944665c56c7c06eac4a13061e2d3a8a4dfe61b850297662c855e2c7a7c6435c
20:22:34     STOCK_FILE pri podjetju 4: se ni na vrsti po razporedu; preskoceno.
20:22:34     konec: Zaloga NW_STOCK
20:22:34  == Zaloga BT_STOCK ==
20:22:36     SOURCE_FETCH: se ni na vrsti po razporedu; preskoceno.
20:22:37     Prebranih zapisov: 1389; SHA-256: 7210ec1f16db2fbae3ae6dc2ff491e42b8d622a7883c0f65286b246b0849be1d
20:22:37     STOCK_FILE pri podjetju 1: se ni na vrsti po razporedu; preskoceno.
20:22:38     Prebranih zapisov: 1389; SHA-256: 7210ec1f16db2fbae3ae6dc2ff491e42b8d622a7883c0f65286b246b0849be1d
20:22:38     STOCK_FILE pri podjetju 2: se ni na vrsti po razporedu; preskoceno.
20:22:39     Prebranih zapisov: 1389; SHA-256: 7210ec1f16db2fbae3ae6dc2ff491e42b8d622a7883c0f65286b246b0849be1d
20:22:39     STOCK_FILE pri podjetju 3: se ni na vrsti po razporedu; preskoceno.
20:22:40     Prebranih zapisov: 1389; SHA-256: 7210ec1f16db2fbae3ae6dc2ff491e42b8d622a7883c0f65286b246b0849be1d
20:22:40     STOCK_FILE pri podjetju 4: se ni na vrsti po razporedu; preskoceno.
20:22:40     konec: Zaloga BT_STOCK
20:22:40  == Zaloga iz SAOP (kolicine) ==
20:22:41     [1] SAOP_STOCK: se ni na vrsti po razporedu; preskoceno.
20:22:41     [2] SAOP_STOCK: se ni na vrsti po razporedu; preskoceno.
20:22:41     [3] SAOP_STOCK: se ni na vrsti po razporedu; preskoceno.
20:22:41     [4] SAOP_STOCK: se ni na vrsti po razporedu; preskoceno.
20:22:41     konec: Zaloga iz SAOP (kolicine)
20:22:41  == Osvezitev cen kataloga ==
20:22:42     Živ SAOP zajem: podjetij=4, končnih točk=1, delta zajem.
20:22:42     [2] IQLighting (SAOP_IQLIGHTING)
20:23:03       GetPrices: strani=2 zapisov=106 [20,4 s, 10,18 s/stran]
20:23:04       SKUPAJ strani=2 zapisov=106 RunId=d24dc011-dc16-4ca8-9904-f2f647199679
20:23:04       OPOZORILO: v raw.Inbox ležijo nepreslikane vrstice iz prejšnjih zagonov: GetPrices=3. Preslikaj jih z --map-run <RunId tistega zagona>; poizvedba: SELECT DISTINCT RunId, EntityType FROM raw.Inbox WHERE Status=N'Pending';
20:23:04     [3] Vidadria (SAOP_VIDADRIA)
20:23:26       GetPrices: strani=5 zapisov=218 [21,6 s, 4,33 s/stran]
20:23:26       SKUPAJ strani=5 zapisov=218 RunId=a6fdf82e-854f-43de-a34f-dbb7b97d1d3a
20:23:26     [4] Ediito (SAOP_EDIITO)
20:23:33       GetPrices: strani=2 zapisov=12 [6,7 s, 3,35 s/stran]
20:23:34       SKUPAJ strani=2 zapisov=12 RunId=fedcc193-b937-4d25-a23c-daa1c3fe93b9
20:23:34     [1] DEMO (SAOP_DEMO)
20:23:38       GetPrices: strani=0 zapisov=0 [4,1 s]
20:23:38       SKUPAJ strani=0 zapisov=0 RunId=a1765b2c-653d-4a90-b5b6-0b0842fe4c22
20:23:38     konec: Osvezitev cen kataloga
20:23:38  == Izvoz cen in zaloge za splet ==
20:23:41     Izvoz profila MAGENTO_STOCK_PRICES končan: 422 vrstic v C:\Users\david\Desktop\PIM\NoviPIM\izvoz\magento\1
20:23:46     Izvoz profila MAGENTO_STOCK_PRICES končan: 2353 vrstic v C:\Users\david\Desktop\PIM\NoviPIM\izvoz\magento\2
20:23:50     Izvoz profila MAGENTO_STOCK_PRICES končan: 2541 vrstic v C:\Users\david\Desktop\PIM\NoviPIM\izvoz\magento\3
20:23:51     Izvoz profila MAGENTO_STOCK_PRICES končan: 0 vrstic v C:\Users\david\Desktop\PIM\NoviPIM\izvoz\magento\4
20:23:51     konec: Izvoz cen in zaloge za splet
20:23:51  == Osvezitev kataloga in strank s cenami in zalogo (podjetje 2) ==
20:24:00     Magento CSV izvoz končan: C:\Users\david\Desktop\PIM\NoviPIM\izvoz\magento\2
20:24:00     konec: Osvezitev kataloga in strank s cenami in zalogo (podjetje 2)
20:24:00  Zalogovni cikel koncan; padlih korakov: 0.
20:27:26  == Zaloga NW_STOCK ==
20:27:28     [NW_STOCK] preskoceno: Razmik dobavitelja se tece; naslednji prenos po 15. 09. 2026 21:52.
20:27:28     Prevzem koncan: uspesno 0, neuspesno 0, skupaj virov 1.
20:27:29     Prebranih zapisov: 2762; SHA-256: 2944665c56c7c06eac4a13061e2d3a8a4dfe61b850297662c855e2c7a7c6435c
20:27:29     Ta posnetek je ze v bazi; vir=NW_STOCK, podjetje=1, cas posnetka=2026-09-15 17:52:43Z, uporabljenih=2762, v karanteni=0, RunId=459c27f4-39c8-4ab1-99d8-8f15b4ff7683. Zapisano ni bilo nic.
20:27:30     Prebranih zapisov: 2762; SHA-256: 2944665c56c7c06eac4a13061e2d3a8a4dfe61b850297662c855e2c7a7c6435c
20:27:30     Ta posnetek je ze v bazi; vir=NW_STOCK, podjetje=2, cas posnetka=2026-09-15 17:52:43Z, uporabljenih=2762, v karanteni=0, RunId=de6757e4-c970-4ca3-8858-d89042caf81f. Zapisano ni bilo nic.
20:27:31     Prebranih zapisov: 2762; SHA-256: 2944665c56c7c06eac4a13061e2d3a8a4dfe61b850297662c855e2c7a7c6435c
20:27:31     Ta posnetek je ze v bazi; vir=NW_STOCK, podjetje=3, cas posnetka=2026-09-15 17:52:43Z, uporabljenih=2762, v karanteni=0, RunId=8a508903-792e-4631-94fe-be541ec5c291. Zapisano ni bilo nic.
20:27:32     Prebranih zapisov: 2762; SHA-256: 2944665c56c7c06eac4a13061e2d3a8a4dfe61b850297662c855e2c7a7c6435c
20:27:32     Ta posnetek je ze v bazi; vir=NW_STOCK, podjetje=4, cas posnetka=2026-09-15 17:52:43Z, uporabljenih=2762, v karanteni=0, RunId=d78dceff-7a9e-427b-bce2-13cf57ed279d. Zapisano ni bilo nic.
20:27:32     konec: Zaloga NW_STOCK
20:27:32  == Zaloga BT_STOCK ==
20:27:33     SOURCE_FETCH: se ni na vrsti po razporedu; preskoceno.
20:27:34     Prebranih zapisov: 1389; SHA-256: 7210ec1f16db2fbae3ae6dc2ff491e42b8d622a7883c0f65286b246b0849be1d
20:27:34     STOCK_FILE pri podjetju 1: se ni na vrsti po razporedu; preskoceno.
20:27:35     Prebranih zapisov: 1389; SHA-256: 7210ec1f16db2fbae3ae6dc2ff491e42b8d622a7883c0f65286b246b0849be1d
20:27:35     STOCK_FILE pri podjetju 2: se ni na vrsti po razporedu; preskoceno.
20:27:36     Prebranih zapisov: 1389; SHA-256: 7210ec1f16db2fbae3ae6dc2ff491e42b8d622a7883c0f65286b246b0849be1d
20:27:36     STOCK_FILE pri podjetju 3: se ni na vrsti po razporedu; preskoceno.
20:27:37     Prebranih zapisov: 1389; SHA-256: 7210ec1f16db2fbae3ae6dc2ff491e42b8d622a7883c0f65286b246b0849be1d
20:27:37     STOCK_FILE pri podjetju 4: se ni na vrsti po razporedu; preskoceno.
20:27:37     konec: Zaloga BT_STOCK
20:27:37  == Zaloga iz SAOP (kolicine) ==
20:27:39     [1] SAOP_GETSTOCKS (GetStocks): skladišč=4, zapisov=16, uporabljenih=16, v karanteni=0, RunId=d8fd21cf-430a-4921-9d63-0235047aca84.
20:27:43     [2] SAOP_GETSTOCKS (GetStocks): skladišč=1, zapisov=8772, uporabljenih=8772, v karanteni=0, RunId=70378f0c-ca57-4afe-9d0c-b6a37e6c6b56.
20:27:46     [3] SAOP_REGISTERED_VIEW (RegisteredViewData): skladišč=0, zapisov=3074, uporabljenih=3074, v karanteni=0, RunId=7c56fc87-b2d3-44fb-b57e-a53b9e871144.
20:27:48     [4] SAOP_GETSTOCKS (GetStocks): skladišč=14, zapisov=3117, uporabljenih=3117, v karanteni=0, RunId=21612416-5cc9-4c08-adc6-05a55752f707.
20:27:48     konec: Zaloga iz SAOP (kolicine)
20:27:48  == Osvezitev cen kataloga ==
20:27:49     Živ SAOP zajem: podjetij=4, končnih točk=1, delta zajem.
20:27:49     [2] IQLighting (SAOP_IQLIGHTING)
20:28:10       GetPrices: strani=2 zapisov=106 — MEJNIK STOJI (SAOP je vrnil 106 zapisov, a so bili enaki že zajetim (dedup po hashu) — ta zagon nima česa preslikati); zapisi ostanejo v raw.Inbox in jih bo naslednji zagon zajel znova
20:28:10       SKUPAJ strani=2 zapisov=106 RunId=50cc1f54-ed22-4157-a17d-c96a7b3db291
20:28:10       OPOZORILO: v raw.Inbox ležijo nepreslikane vrstice iz prejšnjih zagonov: GetPrices=3. Preslikaj jih z --map-run <RunId tistega zagona>; poizvedba: SELECT DISTINCT RunId, EntityType FROM raw.Inbox WHERE Status=N'Pending';
20:28:10       OPOZORILO: pri 1 končnih točkah mejnik stoji. Zajeti podatek leži v raw.Inbox in ga bo naslednji zagon zajel znova; če ga hočeš preslikati brez ponovnega klica, uporabi --map-run 50cc1f54-ed22-4157-a17d-c96a7b3db291.
20:28:10     [3] Vidadria (SAOP_VIDADRIA)
20:28:32       GetPrices: strani=5 zapisov=218 — MEJNIK STOJI (SAOP je vrnil 218 zapisov, a so bili enaki že zajetim (dedup po hashu) — ta zagon nima česa preslikati); zapisi ostanejo v raw.Inbox in jih bo naslednji zagon zajel znova
20:28:32       SKUPAJ strani=5 zapisov=218 RunId=1626bfdf-9cca-42d7-a093-8efb610e645e
20:28:32       OPOZORILO: pri 1 končnih točkah mejnik stoji. Zajeti podatek leži v raw.Inbox in ga bo naslednji zagon zajel znova; če ga hočeš preslikati brez ponovnega klica, uporabi --map-run 1626bfdf-9cca-42d7-a093-8efb610e645e.
20:28:32     [4] Ediito (SAOP_EDIITO)
20:28:39       GetPrices: strani=2 zapisov=12 — MEJNIK STOJI (SAOP je vrnil 12 zapisov, a so bili enaki že zajetim (dedup po hashu) — ta zagon nima česa preslikati); zapisi ostanejo v raw.Inbox in jih bo naslednji zagon zajel znova
20:28:39       SKUPAJ strani=2 zapisov=12 RunId=b88e595c-c7cb-4ebb-a1b9-f82a7c6a5983
20:28:39       OPOZORILO: pri 1 končnih točkah mejnik stoji. Zajeti podatek leži v raw.Inbox in ga bo naslednji zagon zajel znova; če ga hočeš preslikati brez ponovnega klica, uporabi --map-run b88e595c-c7cb-4ebb-a1b9-f82a7c6a5983.
20:28:39     [1] DEMO (SAOP_DEMO)
20:28:44       GetPrices: strani=0 zapisov=0 [4,2 s]
20:28:44       SKUPAJ strani=0 zapisov=0 RunId=41c5ce5a-e560-4b29-b1f5-1ed8d7efeb4a
20:28:44     konec: Osvezitev cen kataloga
20:28:44  == Izvoz cen in zaloge za splet ==
20:28:46     Izvoz profila MAGENTO_STOCK_PRICES končan: 422 vrstic v C:\Users\david\Desktop\PIM\NoviPIM\izvoz\magento\1
20:28:51     Izvoz profila MAGENTO_STOCK_PRICES končan: 2353 vrstic v C:\Users\david\Desktop\PIM\NoviPIM\izvoz\magento\2
20:28:54     Izvoz profila MAGENTO_STOCK_PRICES končan: 2541 vrstic v C:\Users\david\Desktop\PIM\NoviPIM\izvoz\magento\3
20:28:56     Izvoz profila MAGENTO_STOCK_PRICES končan: 0 vrstic v C:\Users\david\Desktop\PIM\NoviPIM\izvoz\magento\4
20:28:56     konec: Izvoz cen in zaloge za splet
20:28:56  == Osvezitev kataloga in strank s cenami in zalogo (podjetje 2) ==
20:29:05     Magento CSV izvoz končan: C:\Users\david\Desktop\PIM\NoviPIM\izvoz\magento\2
20:29:05     konec: Osvezitev kataloga in strank s cenami in zalogo (podjetje 2)
20:29:05  Zalogovni cikel koncan; padlih korakov: 0.
20:32:26  == Zaloga NW_STOCK ==
20:32:27     SOURCE_FETCH: se ni na vrsti po razporedu; preskoceno.
20:32:28     Prebranih zapisov: 2762; SHA-256: 2944665c56c7c06eac4a13061e2d3a8a4dfe61b850297662c855e2c7a7c6435c
20:32:28     STOCK_FILE pri podjetju 1: se ni na vrsti po razporedu; preskoceno.
20:32:29     Prebranih zapisov: 2762; SHA-256: 2944665c56c7c06eac4a13061e2d3a8a4dfe61b850297662c855e2c7a7c6435c
20:32:29     STOCK_FILE pri podjetju 2: se ni na vrsti po razporedu; preskoceno.
20:32:30     Prebranih zapisov: 2762; SHA-256: 2944665c56c7c06eac4a13061e2d3a8a4dfe61b850297662c855e2c7a7c6435c
20:32:30     STOCK_FILE pri podjetju 3: se ni na vrsti po razporedu; preskoceno.
20:32:31     Prebranih zapisov: 2762; SHA-256: 2944665c56c7c06eac4a13061e2d3a8a4dfe61b850297662c855e2c7a7c6435c
20:32:31     STOCK_FILE pri podjetju 4: se ni na vrsti po razporedu; preskoceno.
20:32:31     konec: Zaloga NW_STOCK
20:32:31  == Zaloga BT_STOCK ==
20:32:34     [BT_STOCK] prevzeto 1.588.417 bajtov -> C:\Users\david\Desktop\PIM\NoviPIM\PIM_Solution\data\prevzem\BT_STOCK\braytron-zaloga.xml; arhiv braytron-zaloga_20260915_183234Z.xml.gz
20:32:34     Prevzem koncan: uspesno 1, neuspesno 0, skupaj virov 1.
20:32:35     Prebranih zapisov: 1389; SHA-256: 94b795fed5c0e61f34d203f9295b09140639e3376e4e771b86fcc1450fad2c35
20:32:36     Zaloga zapisana; vir=BT_STOCK, podjetje=1, uporabljenih=1389, v karanteni=0, RunId=d5937296-5c39-429d-92e4-3d1e4d225264.
20:32:37     Prebranih zapisov: 1389; SHA-256: 94b795fed5c0e61f34d203f9295b09140639e3376e4e771b86fcc1450fad2c35
20:32:38     Zaloga zapisana; vir=BT_STOCK, podjetje=2, uporabljenih=1389, v karanteni=0, RunId=00d73a91-58ac-4c88-87ed-69fe7e68d9e3.
20:32:39     Prebranih zapisov: 1389; SHA-256: 94b795fed5c0e61f34d203f9295b09140639e3376e4e771b86fcc1450fad2c35
20:32:39     Zaloga zapisana; vir=BT_STOCK, podjetje=3, uporabljenih=1389, v karanteni=0, RunId=9a0d0bbc-88ee-4d13-8be1-c145b68009a5.
20:32:40     Prebranih zapisov: 1389; SHA-256: 94b795fed5c0e61f34d203f9295b09140639e3376e4e771b86fcc1450fad2c35
20:32:41     Zaloga zapisana; vir=BT_STOCK, podjetje=4, uporabljenih=1389, v karanteni=0, RunId=5a72fede-0aad-49c2-91f4-133e8f4df186.
20:32:41     konec: Zaloga BT_STOCK
20:32:41  == Zaloga iz SAOP (kolicine) ==
20:32:42     [1] SAOP_GETSTOCKS (GetStocks): skladišč=4, zapisov=16, uporabljenih=16, v karanteni=0, RunId=96565029-e6f0-4af4-8b7d-b032a6aea035.
20:32:46     [2] SAOP_GETSTOCKS (GetStocks): skladišč=1, zapisov=8772, uporabljenih=8772, v karanteni=0, RunId=e12ba1e2-c597-439a-a167-de147d609430.
20:32:49     [3] SAOP_REGISTERED_VIEW (RegisteredViewData): skladišč=0, zapisov=3074, uporabljenih=3074, v karanteni=0, RunId=3ea97501-8e67-4ed7-b429-5833ce5f790a.
20:32:50     [4] SAOP_GETSTOCKS (GetStocks): skladišč=14, zapisov=3117, uporabljenih=3117, v karanteni=0, RunId=27685135-249b-4129-b84f-890c372b40b0.
20:32:50     konec: Zaloga iz SAOP (kolicine)
20:32:50  == Osvezitev cen kataloga ==
20:32:51     Živ SAOP zajem: podjetij=4, končnih točk=1, delta zajem.
20:32:51     [2] IQLighting (SAOP_IQLIGHTING)
20:33:12       GetPrices: strani=2 zapisov=106 — MEJNIK STOJI (SAOP je vrnil 106 zapisov, a so bili enaki že zajetim (dedup po hashu) — ta zagon nima česa preslikati); zapisi ostanejo v raw.Inbox in jih bo naslednji zagon zajel znova
20:33:12       SKUPAJ strani=2 zapisov=106 RunId=4e1a11cf-46a0-4b17-94ea-2003c9f69f7e
20:33:12       OPOZORILO: v raw.Inbox ležijo nepreslikane vrstice iz prejšnjih zagonov: GetPrices=3. Preslikaj jih z --map-run <RunId tistega zagona>; poizvedba: SELECT DISTINCT RunId, EntityType FROM raw.Inbox WHERE Status=N'Pending';
20:33:12       OPOZORILO: pri 1 končnih točkah mejnik stoji. Zajeti podatek leži v raw.Inbox in ga bo naslednji zagon zajel znova; če ga hočeš preslikati brez ponovnega klica, uporabi --map-run 4e1a11cf-46a0-4b17-94ea-2003c9f69f7e.
20:33:12     [3] Vidadria (SAOP_VIDADRIA)
20:33:34       GetPrices: strani=5 zapisov=218 — MEJNIK STOJI (SAOP je vrnil 218 zapisov, a so bili enaki že zajetim (dedup po hashu) — ta zagon nima česa preslikati); zapisi ostanejo v raw.Inbox in jih bo naslednji zagon zajel znova
20:33:34       SKUPAJ strani=5 zapisov=218 RunId=39930292-3e7a-409f-b7a2-8019f563e3c6
20:33:34       OPOZORILO: pri 1 končnih točkah mejnik stoji. Zajeti podatek leži v raw.Inbox in ga bo naslednji zagon zajel znova; če ga hočeš preslikati brez ponovnega klica, uporabi --map-run 39930292-3e7a-409f-b7a2-8019f563e3c6.
20:33:34     [4] Ediito (SAOP_EDIITO)
20:33:41       GetPrices: strani=2 zapisov=12 — MEJNIK STOJI (SAOP je vrnil 12 zapisov, a so bili enaki že zajetim (dedup po hashu) — ta zagon nima česa preslikati); zapisi ostanejo v raw.Inbox in jih bo naslednji zagon zajel znova
20:33:41       SKUPAJ strani=2 zapisov=12 RunId=9c2b3419-1172-4aa6-9bfa-120e612d5fae
20:33:41       OPOZORILO: pri 1 končnih točkah mejnik stoji. Zajeti podatek leži v raw.Inbox in ga bo naslednji zagon zajel znova; če ga hočeš preslikati brez ponovnega klica, uporabi --map-run 9c2b3419-1172-4aa6-9bfa-120e612d5fae.
20:33:41     [1] DEMO (SAOP_DEMO)
20:33:46       GetPrices: strani=0 zapisov=0 [4,1 s]
20:33:46       SKUPAJ strani=0 zapisov=0 RunId=04bb0e71-27ba-41ab-bbdf-5c87e085ca2f
20:33:46     konec: Osvezitev cen kataloga
20:33:46  == Izvoz cen in zaloge za splet ==
20:33:48     Izvoz profila MAGENTO_STOCK_PRICES končan: 422 vrstic v C:\Users\david\Desktop\PIM\NoviPIM\izvoz\magento\1
20:33:54     Izvoz profila MAGENTO_STOCK_PRICES končan: 2353 vrstic v C:\Users\david\Desktop\PIM\NoviPIM\izvoz\magento\2
20:33:58     Izvoz profila MAGENTO_STOCK_PRICES končan: 2541 vrstic v C:\Users\david\Desktop\PIM\NoviPIM\izvoz\magento\3
20:34:00     Izvoz profila MAGENTO_STOCK_PRICES končan: 0 vrstic v C:\Users\david\Desktop\PIM\NoviPIM\izvoz\magento\4
20:34:00     konec: Izvoz cen in zaloge za splet
20:34:00  == Osvezitev kataloga in strank s cenami in zalogo (podjetje 2) ==
20:34:09     Magento CSV izvoz končan: C:\Users\david\Desktop\PIM\NoviPIM\izvoz\magento\2
20:34:09     konec: Osvezitev kataloga in strank s cenami in zalogo (podjetje 2)
20:34:09  Zalogovni cikel koncan; padlih korakov: 0.
20:37:26  == Zaloga NW_STOCK ==
20:37:28     SOURCE_FETCH: se ni na vrsti po razporedu; preskoceno.
20:37:29     Prebranih zapisov: 2762; SHA-256: 2944665c56c7c06eac4a13061e2d3a8a4dfe61b850297662c855e2c7a7c6435c
20:37:30     STOCK_FILE pri podjetju 1: se ni na vrsti po razporedu; preskoceno.
20:37:31     Prebranih zapisov: 2762; SHA-256: 2944665c56c7c06eac4a13061e2d3a8a4dfe61b850297662c855e2c7a7c6435c
20:37:31     STOCK_FILE pri podjetju 2: se ni na vrsti po razporedu; preskoceno.
20:37:32     Prebranih zapisov: 2762; SHA-256: 2944665c56c7c06eac4a13061e2d3a8a4dfe61b850297662c855e2c7a7c6435c
20:37:33     STOCK_FILE pri podjetju 3: se ni na vrsti po razporedu; preskoceno.
20:37:33     Prebranih zapisov: 2762; SHA-256: 2944665c56c7c06eac4a13061e2d3a8a4dfe61b850297662c855e2c7a7c6435c
20:37:34     STOCK_FILE pri podjetju 4: se ni na vrsti po razporedu; preskoceno.
20:37:34     konec: Zaloga NW_STOCK
20:37:34  == Zaloga BT_STOCK ==
20:37:35     [BT_STOCK] preskoceno: Razmik dobavitelja se tece; naslednji prenos po 15. 09. 2026 23:32.
20:37:35     Prevzem koncan: uspesno 0, neuspesno 0, skupaj virov 1.
20:37:36     Prebranih zapisov: 1389; SHA-256: 94b795fed5c0e61f34d203f9295b09140639e3376e4e771b86fcc1450fad2c35
20:37:36     Ta posnetek je ze v bazi; vir=BT_STOCK, podjetje=1, cas posnetka=2026-09-15 18:32:34Z, uporabljenih=1389, v karanteni=0, RunId=d5937296-5c39-429d-92e4-3d1e4d225264. Zapisano ni bilo nic.
20:37:37     Prebranih zapisov: 1389; SHA-256: 94b795fed5c0e61f34d203f9295b09140639e3376e4e771b86fcc1450fad2c35
20:37:38     Ta posnetek je ze v bazi; vir=BT_STOCK, podjetje=2, cas posnetka=2026-09-15 18:32:34Z, uporabljenih=1389, v karanteni=0, RunId=00d73a91-58ac-4c88-87ed-69fe7e68d9e3. Zapisano ni bilo nic.
20:37:39     Prebranih zapisov: 1389; SHA-256: 94b795fed5c0e61f34d203f9295b09140639e3376e4e771b86fcc1450fad2c35
20:37:39     Ta posnetek je ze v bazi; vir=BT_STOCK, podjetje=3, cas posnetka=2026-09-15 18:32:34Z, uporabljenih=1389, v karanteni=0, RunId=9a0d0bbc-88ee-4d13-8be1-c145b68009a5. Zapisano ni bilo nic.
20:37:40     Prebranih zapisov: 1389; SHA-256: 94b795fed5c0e61f34d203f9295b09140639e3376e4e771b86fcc1450fad2c35
20:37:40     STOCK_FILE pri podjetju 4: se ni na vrsti po razporedu; preskoceno.
20:37:40     konec: Zaloga BT_STOCK
20:37:40  == Zaloga iz SAOP (kolicine) ==
20:37:41     [1] SAOP_STOCK: se ni na vrsti po razporedu; preskoceno.
20:37:41     [2] SAOP_STOCK: se ni na vrsti po razporedu; preskoceno.
20:37:41     [3] SAOP_STOCK: se ni na vrsti po razporedu; preskoceno.
20:37:41     [4] SAOP_STOCK: se ni na vrsti po razporedu; preskoceno.
20:37:42     konec: Zaloga iz SAOP (kolicine)
20:37:42  == Osvezitev cen kataloga ==
20:37:42     Živ SAOP zajem: podjetij=4, končnih točk=1, delta zajem.
20:37:42     [2] IQLighting (SAOP_IQLIGHTING)
20:38:03       GetPrices: strani=2 zapisov=106 — MEJNIK STOJI (SAOP je vrnil 106 zapisov, a so bili enaki že zajetim (dedup po hashu) — ta zagon nima česa preslikati); zapisi ostanejo v raw.Inbox in jih bo naslednji zagon zajel znova
20:38:04       SKUPAJ strani=2 zapisov=106 RunId=1d6939ce-bd6d-4e5c-b073-913f7b4ed464
20:38:04       OPOZORILO: v raw.Inbox ležijo nepreslikane vrstice iz prejšnjih zagonov: GetPrices=3. Preslikaj jih z --map-run <RunId tistega zagona>; poizvedba: SELECT DISTINCT RunId, EntityType FROM raw.Inbox WHERE Status=N'Pending';
20:38:04       OPOZORILO: pri 1 končnih točkah mejnik stoji. Zajeti podatek leži v raw.Inbox in ga bo naslednji zagon zajel znova; če ga hočeš preslikati brez ponovnega klica, uporabi --map-run 1d6939ce-bd6d-4e5c-b073-913f7b4ed464.
20:38:04     [3] Vidadria (SAOP_VIDADRIA)
20:38:26       GetPrices: strani=5 zapisov=218 — MEJNIK STOJI (SAOP je vrnil 218 zapisov, a so bili enaki že zajetim (dedup po hashu) — ta zagon nima česa preslikati); zapisi ostanejo v raw.Inbox in jih bo naslednji zagon zajel znova
20:38:26       SKUPAJ strani=5 zapisov=218 RunId=4037508a-d016-472c-a1e1-ddb167914d15
20:38:26       OPOZORILO: pri 1 končnih točkah mejnik stoji. Zajeti podatek leži v raw.Inbox in ga bo naslednji zagon zajel znova; če ga hočeš preslikati brez ponovnega klica, uporabi --map-run 4037508a-d016-472c-a1e1-ddb167914d15.
20:38:26     [4] Ediito (SAOP_EDIITO)
20:38:33       GetPrices: strani=2 zapisov=12 — MEJNIK STOJI (SAOP je vrnil 12 zapisov, a so bili enaki že zajetim (dedup po hashu) — ta zagon nima česa preslikati); zapisi ostanejo v raw.Inbox in jih bo naslednji zagon zajel znova
20:38:33       SKUPAJ strani=2 zapisov=12 RunId=cb049c6d-54dd-4fb9-87b8-7ddb9a68a2a3
20:38:33       OPOZORILO: pri 1 končnih točkah mejnik stoji. Zajeti podatek leži v raw.Inbox in ga bo naslednji zagon zajel znova; če ga hočeš preslikati brez ponovnega klica, uporabi --map-run cb049c6d-54dd-4fb9-87b8-7ddb9a68a2a3.
20:38:33     [1] DEMO (SAOP_DEMO)
20:38:38       GetPrices: strani=0 zapisov=0 [4,2 s]
20:38:38       SKUPAJ strani=0 zapisov=0 RunId=fd57acc8-8d4c-4914-923b-3f5ffc4f9643
20:38:38     konec: Osvezitev cen kataloga
20:38:38  == Izvoz cen in zaloge za splet ==
20:38:41     Izvoz profila MAGENTO_STOCK_PRICES končan: 422 vrstic v C:\Users\david\Desktop\PIM\NoviPIM\izvoz\magento\1
20:38:46     Izvoz profila MAGENTO_STOCK_PRICES končan: 2353 vrstic v C:\Users\david\Desktop\PIM\NoviPIM\izvoz\magento\2
20:38:49     Izvoz profila MAGENTO_STOCK_PRICES končan: 2541 vrstic v C:\Users\david\Desktop\PIM\NoviPIM\izvoz\magento\3
20:38:51     Izvoz profila MAGENTO_STOCK_PRICES končan: 0 vrstic v C:\Users\david\Desktop\PIM\NoviPIM\izvoz\magento\4
20:38:51     konec: Izvoz cen in zaloge za splet
20:38:51  == Osvezitev kataloga in strank s cenami in zalogo (podjetje 2) ==
20:38:59     Magento CSV izvoz končan: C:\Users\david\Desktop\PIM\NoviPIM\izvoz\magento\2
20:38:59     konec: Osvezitev kataloga in strank s cenami in zalogo (podjetje 2)
20:38:59  Zalogovni cikel koncan; padlih korakov: 0.
20:42:26  == Zaloga NW_STOCK ==
20:42:27     SOURCE_FETCH: se ni na vrsti po razporedu; preskoceno.
20:42:28     Prebranih zapisov: 2762; SHA-256: 2944665c56c7c06eac4a13061e2d3a8a4dfe61b850297662c855e2c7a7c6435c
20:42:28     STOCK_FILE pri podjetju 1: se ni na vrsti po razporedu; preskoceno.
20:42:29     Prebranih zapisov: 2762; SHA-256: 2944665c56c7c06eac4a13061e2d3a8a4dfe61b850297662c855e2c7a7c6435c
20:42:29     STOCK_FILE pri podjetju 2: se ni na vrsti po razporedu; preskoceno.
20:42:30     Prebranih zapisov: 2762; SHA-256: 2944665c56c7c06eac4a13061e2d3a8a4dfe61b850297662c855e2c7a7c6435c
20:42:30     STOCK_FILE pri podjetju 3: se ni na vrsti po razporedu; preskoceno.
20:42:31     Prebranih zapisov: 2762; SHA-256: 2944665c56c7c06eac4a13061e2d3a8a4dfe61b850297662c855e2c7a7c6435c
20:42:31     Ta posnetek je ze v bazi; vir=NW_STOCK, podjetje=4, cas posnetka=2026-09-15 17:52:43Z, uporabljenih=2762, v karanteni=0, RunId=d78dceff-7a9e-427b-bce2-13cf57ed279d. Zapisano ni bilo nic.
20:42:31     konec: Zaloga NW_STOCK
20:42:31  == Zaloga BT_STOCK ==
20:42:32     SOURCE_FETCH: se ni na vrsti po razporedu; preskoceno.
20:42:33     Prebranih zapisov: 1389; SHA-256: 94b795fed5c0e61f34d203f9295b09140639e3376e4e771b86fcc1450fad2c35
20:42:33     STOCK_FILE pri podjetju 1: se ni na vrsti po razporedu; preskoceno.
20:42:34     Prebranih zapisov: 1389; SHA-256: 94b795fed5c0e61f34d203f9295b09140639e3376e4e771b86fcc1450fad2c35
20:42:34     STOCK_FILE pri podjetju 2: se ni na vrsti po razporedu; preskoceno.
20:42:35     Prebranih zapisov: 1389; SHA-256: 94b795fed5c0e61f34d203f9295b09140639e3376e4e771b86fcc1450fad2c35
20:42:36     STOCK_FILE pri podjetju 3: se ni na vrsti po razporedu; preskoceno.
20:42:36     Prebranih zapisov: 1389; SHA-256: 94b795fed5c0e61f34d203f9295b09140639e3376e4e771b86fcc1450fad2c35
20:42:37     STOCK_FILE pri podjetju 4: se ni na vrsti po razporedu; preskoceno.
20:42:37     konec: Zaloga BT_STOCK
20:42:37  == Zaloga iz SAOP (kolicine) ==
20:42:38     [1] SAOP_GETSTOCKS (GetStocks): skladišč=4, zapisov=16, uporabljenih=16, v karanteni=0, RunId=4a414b9c-dd45-4895-882a-33cafac6ef39.
20:42:43     [2] SAOP_GETSTOCKS (GetStocks): skladišč=1, zapisov=8772, uporabljenih=8772, v karanteni=0, RunId=3a913450-d31e-4179-baa6-4320929265b4.
20:42:45     [3] SAOP_REGISTERED_VIEW (RegisteredViewData): skladišč=0, zapisov=3074, uporabljenih=3074, v karanteni=0, RunId=4053e61f-01ce-4271-952d-f795303ac83c.
20:42:47     [4] SAOP_GETSTOCKS (GetStocks): skladišč=14, zapisov=3117, uporabljenih=3117, v karanteni=0, RunId=cc477a6a-06ff-48a9-8cff-179e53270738.
20:42:47     konec: Zaloga iz SAOP (kolicine)
20:42:47  == Osvezitev cen kataloga ==
20:42:48     Živ SAOP zajem: podjetij=4, končnih točk=1, delta zajem.
20:42:48     [2] IQLighting (SAOP_IQLIGHTING)
20:43:00  == Zaloga NW_STOCK ==
20:43:01     [NW_STOCK] preskoceno: Razmik dobavitelja se tece; naslednji prenos po 15. 09. 2026 21:52.
20:43:01     Prevzem koncan: uspesno 0, neuspesno 0, skupaj virov 1.
20:43:02     Prebranih zapisov: 2762; SHA-256: 2944665c56c7c06eac4a13061e2d3a8a4dfe61b850297662c855e2c7a7c6435c
20:43:02     Ta posnetek je ze v bazi; vir=NW_STOCK, podjetje=1, cas posnetka=2026-09-15 17:52:43Z, uporabljenih=2762, v karanteni=0, RunId=459c27f4-39c8-4ab1-99d8-8f15b4ff7683. Zapisano ni bilo nic.
20:43:03     Prebranih zapisov: 2762; SHA-256: 2944665c56c7c06eac4a13061e2d3a8a4dfe61b850297662c855e2c7a7c6435c
20:43:03     Ta posnetek je ze v bazi; vir=NW_STOCK, podjetje=2, cas posnetka=2026-09-15 17:52:43Z, uporabljenih=2762, v karanteni=0, RunId=de6757e4-c970-4ca3-8858-d89042caf81f. Zapisano ni bilo nic.
20:43:04     Prebranih zapisov: 2762; SHA-256: 2944665c56c7c06eac4a13061e2d3a8a4dfe61b850297662c855e2c7a7c6435c
20:43:05     Ta posnetek je ze v bazi; vir=NW_STOCK, podjetje=3, cas posnetka=2026-09-15 17:52:43Z, uporabljenih=2762, v karanteni=0, RunId=8a508903-792e-4631-94fe-be541ec5c291. Zapisano ni bilo nic.
20:43:05     Prebranih zapisov: 2762; SHA-256: 2944665c56c7c06eac4a13061e2d3a8a4dfe61b850297662c855e2c7a7c6435c
20:43:06     Ta posnetek je ze v bazi; vir=NW_STOCK, podjetje=4, cas posnetka=2026-09-15 17:52:43Z, uporabljenih=2762, v karanteni=0, RunId=d78dceff-7a9e-427b-bce2-13cf57ed279d. Zapisano ni bilo nic.
20:43:06     konec: Zaloga NW_STOCK
20:43:06  == Zaloga BT_STOCK ==
20:43:07     [BT_STOCK] preskoceno: Razmik dobavitelja se tece; naslednji prenos po 15. 09. 2026 23:32.
20:43:07     Prevzem koncan: uspesno 0, neuspesno 0, skupaj virov 1.
20:43:07     Prebranih zapisov: 1389; SHA-256: 94b795fed5c0e61f34d203f9295b09140639e3376e4e771b86fcc1450fad2c35
20:43:08     Ta posnetek je ze v bazi; vir=BT_STOCK, podjetje=1, cas posnetka=2026-09-15 18:32:34Z, uporabljenih=1389, v karanteni=0, RunId=d5937296-5c39-429d-92e4-3d1e4d225264. Zapisano ni bilo nic.
20:43:08       GetPrices: strani=2 zapisov=106 — MEJNIK STOJI (SAOP je vrnil 106 zapisov, a so bili enaki že zajetim (dedup po hashu) — ta zagon nima česa preslikati); zapisi ostanejo v raw.Inbox in jih bo naslednji zagon zajel znova
20:43:09     Prebranih zapisov: 1389; SHA-256: 94b795fed5c0e61f34d203f9295b09140639e3376e4e771b86fcc1450fad2c35
20:43:09       SKUPAJ strani=2 zapisov=106 RunId=20289b19-44db-4a94-82d6-19ad3fcc8e97
20:43:09       OPOZORILO: v raw.Inbox ležijo nepreslikane vrstice iz prejšnjih zagonov: GetPrices=3. Preslikaj jih z --map-run <RunId tistega zagona>; poizvedba: SELECT DISTINCT RunId, EntityType FROM raw.Inbox WHERE Status=N'Pending';
20:43:09       OPOZORILO: pri 1 končnih točkah mejnik stoji. Zajeti podatek leži v raw.Inbox in ga bo naslednji zagon zajel znova; če ga hočeš preslikati brez ponovnega klica, uporabi --map-run 20289b19-44db-4a94-82d6-19ad3fcc8e97.
20:43:09     [3] Vidadria (SAOP_VIDADRIA)
20:43:09     Ta posnetek je ze v bazi; vir=BT_STOCK, podjetje=2, cas posnetka=2026-09-15 18:32:34Z, uporabljenih=1389, v karanteni=0, RunId=00d73a91-58ac-4c88-87ed-69fe7e68d9e3. Zapisano ni bilo nic.
20:43:10     Prebranih zapisov: 1389; SHA-256: 94b795fed5c0e61f34d203f9295b09140639e3376e4e771b86fcc1450fad2c35
20:43:10     Ta posnetek je ze v bazi; vir=BT_STOCK, podjetje=3, cas posnetka=2026-09-15 18:32:34Z, uporabljenih=1389, v karanteni=0, RunId=9a0d0bbc-88ee-4d13-8be1-c145b68009a5. Zapisano ni bilo nic.
20:43:11     Prebranih zapisov: 1389; SHA-256: 94b795fed5c0e61f34d203f9295b09140639e3376e4e771b86fcc1450fad2c35
20:43:11     Ta posnetek je ze v bazi; vir=BT_STOCK, podjetje=4, cas posnetka=2026-09-15 18:32:34Z, uporabljenih=1389, v karanteni=0, RunId=5a72fede-0aad-49c2-91f4-133e8f4df186. Zapisano ni bilo nic.
20:43:11     konec: Zaloga BT_STOCK
20:43:11  == Zaloga iz SAOP (kolicine) ==
20:43:12     [1] SAOP_GETSTOCKS (GetStocks): skladišč=4, zapisov=16, uporabljenih=16, v karanteni=0, RunId=b9f6edd6-bc12-4107-9c09-9fb6ea89d587.
20:43:16     [2] SAOP_GETSTOCKS (GetStocks): skladišč=1, zapisov=8772, uporabljenih=8772, v karanteni=0, RunId=a4e01dfa-8bc6-4185-9fda-853ac3dac8d8.
20:43:22     [3] SAOP_REGISTERED_VIEW (RegisteredViewData): skladišč=0, zapisov=3074, uporabljenih=3074, v karanteni=0, RunId=f2f14d66-4de4-448c-95e6-3f5b9306c5de.
20:43:24     [4] SAOP_GETSTOCKS (GetStocks): skladišč=14, zapisov=3117, uporabljenih=3117, v karanteni=0, RunId=d09a7bbf-193c-4b34-8c1d-5e71f3394096.
20:43:24     konec: Zaloga iz SAOP (kolicine)
20:43:24  == Osvezitev cen kataloga ==
20:43:25     Živ SAOP zajem: podjetij=4, končnih točk=1, delta zajem.
20:43:25     [2] IQLighting (SAOP_IQLIGHTING)
20:43:31       GetPrices: strani=5 zapisov=218 — MEJNIK STOJI (SAOP je vrnil 218 zapisov, a so bili enaki že zajetim (dedup po hashu) — ta zagon nima česa preslikati); zapisi ostanejo v raw.Inbox in jih bo naslednji zagon zajel znova
20:43:31       SKUPAJ strani=5 zapisov=218 RunId=7364a404-f3f8-4709-96c2-ce3c2470f783
20:43:31       OPOZORILO: pri 1 končnih točkah mejnik stoji. Zajeti podatek leži v raw.Inbox in ga bo naslednji zagon zajel znova; če ga hočeš preslikati brez ponovnega klica, uporabi --map-run 7364a404-f3f8-4709-96c2-ce3c2470f783.
20:43:31     [4] Ediito (SAOP_EDIITO)
20:43:38       GetPrices: strani=2 zapisov=12 — MEJNIK STOJI (SAOP je vrnil 12 zapisov, a so bili enaki že zajetim (dedup po hashu) — ta zagon nima česa preslikati); zapisi ostanejo v raw.Inbox in jih bo naslednji zagon zajel znova
20:43:38       SKUPAJ strani=2 zapisov=12 RunId=74b99963-adce-4e55-a0b1-aeb64d427566
20:43:38       OPOZORILO: pri 1 končnih točkah mejnik stoji. Zajeti podatek leži v raw.Inbox in ga bo naslednji zagon zajel znova; če ga hočeš preslikati brez ponovnega klica, uporabi --map-run 74b99963-adce-4e55-a0b1-aeb64d427566.
20:43:38     [1] DEMO (SAOP_DEMO)
20:43:43       GetPrices: strani=0 zapisov=0 [4,3 s]
20:43:43       SKUPAJ strani=0 zapisov=0 RunId=89423ab3-ac77-48a4-8df2-2a33522fb0c5
20:43:43     konec: Osvezitev cen kataloga
20:43:43  == Izvoz cen in zaloge za splet ==
20:43:46       GetPrices: strani=2 zapisov=106 — MEJNIK STOJI (SAOP je vrnil 106 zapisov, a so bili enaki že zajetim (dedup po hashu) — ta zagon nima česa preslikati); zapisi ostanejo v raw.Inbox in jih bo naslednji zagon zajel znova
20:43:47     Izvoz profila MAGENTO_STOCK_PRICES končan: 422 vrstic v C:\Users\david\Desktop\PIM\NoviPIM\izvoz\magento\1
20:43:47       SKUPAJ strani=2 zapisov=106 RunId=073b8d6d-cc27-4ee8-9d27-2f5178925db5
20:43:47       OPOZORILO: v raw.Inbox ležijo nepreslikane vrstice iz prejšnjih zagonov: GetPrices=3. Preslikaj jih z --map-run <RunId tistega zagona>; poizvedba: SELECT DISTINCT RunId, EntityType FROM raw.Inbox WHERE Status=N'Pending';
20:43:47       OPOZORILO: pri 1 končnih točkah mejnik stoji. Zajeti podatek leži v raw.Inbox in ga bo naslednji zagon zajel znova; če ga hočeš preslikati brez ponovnega klica, uporabi --map-run 073b8d6d-cc27-4ee8-9d27-2f5178925db5.
20:43:47     [3] Vidadria (SAOP_VIDADRIA)
20:43:54     Izvoz profila MAGENTO_STOCK_PRICES končan: 2353 vrstic v C:\Users\david\Desktop\PIM\NoviPIM\izvoz\magento\2
20:43:59     Izvoz profila MAGENTO_STOCK_PRICES končan: 2541 vrstic v C:\Users\david\Desktop\PIM\NoviPIM\izvoz\magento\3
20:44:00     Izvoz profila MAGENTO_STOCK_PRICES končan: 0 vrstic v C:\Users\david\Desktop\PIM\NoviPIM\izvoz\magento\4
20:44:00     konec: Izvoz cen in zaloge za splet
20:44:00  == Osvezitev kataloga in strank s cenami in zalogo (podjetje 2) ==
20:44:09       GetPrices: strani=5 zapisov=218 — MEJNIK STOJI (SAOP je vrnil 218 zapisov, a so bili enaki že zajetim (dedup po hashu) — ta zagon nima česa preslikati); zapisi ostanejo v raw.Inbox in jih bo naslednji zagon zajel znova
20:44:09       SKUPAJ strani=5 zapisov=218 RunId=45a2e2da-7977-4978-9a64-acd7bdd8341a
20:44:09       OPOZORILO: pri 1 končnih točkah mejnik stoji. Zajeti podatek leži v raw.Inbox in ga bo naslednji zagon zajel znova; če ga hočeš preslikati brez ponovnega klica, uporabi --map-run 45a2e2da-7977-4978-9a64-acd7bdd8341a.
20:44:09     [4] Ediito (SAOP_EDIITO)
20:44:16       GetPrices: strani=2 zapisov=12 — MEJNIK STOJI (SAOP je vrnil 12 zapisov, a so bili enaki že zajetim (dedup po hashu) — ta zagon nima česa preslikati); zapisi ostanejo v raw.Inbox in jih bo naslednji zagon zajel znova
20:44:16       SKUPAJ strani=2 zapisov=12 RunId=e0450ad7-a871-4e06-8c3b-10a6be92cd05
20:44:16       OPOZORILO: pri 1 končnih točkah mejnik stoji. Zajeti podatek leži v raw.Inbox in ga bo naslednji zagon zajel znova; če ga hočeš preslikati brez ponovnega klica, uporabi --map-run e0450ad7-a871-4e06-8c3b-10a6be92cd05.
20:44:16     [1] DEMO (SAOP_DEMO)
20:44:21       GetPrices: strani=0 zapisov=0 [4,1 s]
20:44:21       SKUPAJ strani=0 zapisov=0 RunId=790bdbec-faf5-4af9-9f7d-e3eb63487f81
20:44:22     konec: Osvezitev cen kataloga
20:44:22  == Izvoz cen in zaloge za splet ==
20:44:26     Izvoz profila MAGENTO_STOCK_PRICES končan: 422 vrstic v C:\Users\david\Desktop\PIM\NoviPIM\izvoz\magento\1
20:44:27     STDERR: Unhandled exception. System.InvalidOperationException: V mapi C:\Users\david\Desktop\PIM\NoviPIM\izvoz\magento\2 že teče Magento izvoz (C:\Users\david\Desktop\PIM\NoviPIM\izvoz\magento\2\.magento-export.lock). Sočasna zagona bi lahko objavila par datotek iz dveh različnih izvozov. Počakaj, da se prvi konča, ali izberi drugo izhodno mapo.
20:44:27     STDERR:  ---> System.IO.IOException: The process cannot access the file 'C:\Users\david\Desktop\PIM\NoviPIM\izvoz\magento\2\.magento-export.lock' because it is being used by another process.
20:44:27     STDERR:    at Microsoft.Win32.SafeHandles.SafeFileHandle.CreateFile(String fullPath, FileMode mode, FileAccess access, FileShare share, FileOptions options)
20:44:27     STDERR:    at Microsoft.Win32.SafeHandles.SafeFileHandle.Open(String fullPath, FileMode mode, FileAccess access, FileShare share, FileOptions options, Int64 preallocationSize, Nullable`1 unixCreateMode)
20:44:27     STDERR:    at System.IO.Strategies.OSFileStreamStrategy..ctor(String path, FileMode mode, FileAccess access, FileShare share, FileOptions options, Int64 preallocationSize, Nullable`1 unixCreateMode)
20:44:27     STDERR:    at System.IO.Strategies.FileStreamHelpers.ChooseStrategyCore(String path, FileMode mode, FileAccess access, FileShare share, FileOptions options, Int64 preallocationSize, Nullable`1 unixCreateMode)
20:44:27     STDERR:    at System.IO.FileStream..ctor(String path, FileMode mode, FileAccess access, FileShare share, Int32 bufferSize, FileOptions options, Int64 preallocationSize)
20:44:27     STDERR:    at System.IO.FileStream..ctor(String path, FileMode mode, FileAccess access, FileShare share, Int32 bufferSize, FileOptions options)
20:44:27     STDERR:    at PIM.B2bWorker.MagentoExportLock.Acquire(String outputDirectory) in C:\Users\david\Desktop\PIM\NoviPIM\PIM_Solution\workers\PIM.B2bWorker\MagentoExportLock.cs:line 27
20:44:27     STDERR:    --- End of inner exception stack trace ---
20:44:27     STDERR:    at PIM.B2bWorker.MagentoExportLock.Acquire(String outputDirectory) in C:\Users\david\Desktop\PIM\NoviPIM\PIM_Solution\workers\PIM.B2bWorker\MagentoExportLock.cs:line 37
20:44:27     STDERR:    at PIM.B2bWorker.MagentoExportCommand.ExportProfileAsync(String profileCode, Int32 organizationId, String outputDir, String fileName, String connectionString, CancellationToken ct) in C:\Users\david\Desktop\PIM\NoviPIM\PIM_Solution\workers\PIM.B2bWorker\MagentoExportCommand.cs:line 179
20:44:27     STDERR:    at PIM.B2bWorker.MagentoExportCommand.ExportProfileAsync(String profileCode, Int32 organizationId, String outputDir, String fileName, String connectionString, CancellationToken ct) in C:\Users\david\Desktop\PIM\NoviPIM\PIM_Solution\workers\PIM.B2bWorker\MagentoExportCommand.cs:line 203
20:44:27     STDERR:    at Program.<Main>$(String[] args) in C:\Users\david\Desktop\PIM\NoviPIM\PIM_Solution\workers\PIM.B2bWorker\Program.cs:line 26
20:44:27     STDERR:    at Program.<Main>(String[] args)
20:44:29     Magento CSV izvoz končan: C:\Users\david\Desktop\PIM\NoviPIM\izvoz\magento\2
20:44:29     konec: Osvezitev kataloga in strank s cenami in zalogo (podjetje 2)
20:44:29  Zalogovni cikel koncan; padlih korakov: 0.
20:44:30     NAPAKA: worker workers\PIM.B2bWorker je koncal z izhodno kodo -532462766
20:44:30  == Osvezitev kataloga in strank s cenami in zalogo (podjetje 2) ==
20:44:39     Magento CSV izvoz končan: C:\Users\david\Desktop\PIM\NoviPIM\izvoz\magento\2
20:44:39     konec: Osvezitev kataloga in strank s cenami in zalogo (podjetje 2)
20:44:39  Zalogovni cikel koncan; padlih korakov: 1.
20:47:26  == Zaloga NW_STOCK ==
20:47:27     SOURCE_FETCH: se ni na vrsti po razporedu; preskoceno.
20:47:28     Prebranih zapisov: 2762; SHA-256: 2944665c56c7c06eac4a13061e2d3a8a4dfe61b850297662c855e2c7a7c6435c
20:47:28     STOCK_FILE pri podjetju 1: se ni na vrsti po razporedu; preskoceno.
20:47:29     Prebranih zapisov: 2762; SHA-256: 2944665c56c7c06eac4a13061e2d3a8a4dfe61b850297662c855e2c7a7c6435c
20:47:29     STOCK_FILE pri podjetju 2: se ni na vrsti po razporedu; preskoceno.
20:47:30     Prebranih zapisov: 2762; SHA-256: 2944665c56c7c06eac4a13061e2d3a8a4dfe61b850297662c855e2c7a7c6435c
20:47:30     STOCK_FILE pri podjetju 3: se ni na vrsti po razporedu; preskoceno.
20:47:31     Prebranih zapisov: 2762; SHA-256: 2944665c56c7c06eac4a13061e2d3a8a4dfe61b850297662c855e2c7a7c6435c
20:47:31     STOCK_FILE pri podjetju 4: se ni na vrsti po razporedu; preskoceno.
20:47:31     konec: Zaloga NW_STOCK
20:47:31  == Zaloga BT_STOCK ==
20:47:32     SOURCE_FETCH: se ni na vrsti po razporedu; preskoceno.
20:47:33     Prebranih zapisov: 1389; SHA-256: 94b795fed5c0e61f34d203f9295b09140639e3376e4e771b86fcc1450fad2c35
20:47:33     STOCK_FILE pri podjetju 1: se ni na vrsti po razporedu; preskoceno.
20:47:34     Prebranih zapisov: 1389; SHA-256: 94b795fed5c0e61f34d203f9295b09140639e3376e4e771b86fcc1450fad2c35
20:47:34     STOCK_FILE pri podjetju 2: se ni na vrsti po razporedu; preskoceno.
20:47:35     Prebranih zapisov: 1389; SHA-256: 94b795fed5c0e61f34d203f9295b09140639e3376e4e771b86fcc1450fad2c35
20:47:35     STOCK_FILE pri podjetju 3: se ni na vrsti po razporedu; preskoceno.
20:47:36     Prebranih zapisov: 1389; SHA-256: 94b795fed5c0e61f34d203f9295b09140639e3376e4e771b86fcc1450fad2c35
20:47:36     STOCK_FILE pri podjetju 4: se ni na vrsti po razporedu; preskoceno.
20:47:36     konec: Zaloga BT_STOCK
20:47:36  == Zaloga iz SAOP (kolicine) ==
20:47:37     [1] SAOP_STOCK: se ni na vrsti po razporedu; preskoceno.
20:47:37     [2] SAOP_STOCK: se ni na vrsti po razporedu; preskoceno.
20:47:37     [3] SAOP_STOCK: se ni na vrsti po razporedu; preskoceno.
20:47:37     [4] SAOP_STOCK: se ni na vrsti po razporedu; preskoceno.
20:47:37     konec: Zaloga iz SAOP (kolicine)
20:47:37  == Osvezitev cen kataloga ==
20:47:38     Živ SAOP zajem: podjetij=4, končnih točk=1, delta zajem.
20:47:38     [2] IQLighting (SAOP_IQLIGHTING)
20:47:59       GetPrices: strani=2 zapisov=106 — MEJNIK STOJI (SAOP je vrnil 106 zapisov, a so bili enaki že zajetim (dedup po hashu) — ta zagon nima česa preslikati); zapisi ostanejo v raw.Inbox in jih bo naslednji zagon zajel znova
20:47:59       SKUPAJ strani=2 zapisov=106 RunId=4b43e6ee-874f-4c94-bf77-a28913d5d7ac
20:47:59       OPOZORILO: v raw.Inbox ležijo nepreslikane vrstice iz prejšnjih zagonov: GetPrices=3. Preslikaj jih z --map-run <RunId tistega zagona>; poizvedba: SELECT DISTINCT RunId, EntityType FROM raw.Inbox WHERE Status=N'Pending';
20:47:59       OPOZORILO: pri 1 končnih točkah mejnik stoji. Zajeti podatek leži v raw.Inbox in ga bo naslednji zagon zajel znova; če ga hočeš preslikati brez ponovnega klica, uporabi --map-run 4b43e6ee-874f-4c94-bf77-a28913d5d7ac.
20:47:59     [3] Vidadria (SAOP_VIDADRIA)
20:48:21       GetPrices: strani=5 zapisov=218 — MEJNIK STOJI (SAOP je vrnil 218 zapisov, a so bili enaki že zajetim (dedup po hashu) — ta zagon nima česa preslikati); zapisi ostanejo v raw.Inbox in jih bo naslednji zagon zajel znova
20:48:21       SKUPAJ strani=5 zapisov=218 RunId=27f8ff4a-9731-456b-8642-d770f5ed942a
20:48:21       OPOZORILO: pri 1 končnih točkah mejnik stoji. Zajeti podatek leži v raw.Inbox in ga bo naslednji zagon zajel znova; če ga hočeš preslikati brez ponovnega klica, uporabi --map-run 27f8ff4a-9731-456b-8642-d770f5ed942a.
20:48:21     [4] Ediito (SAOP_EDIITO)
20:48:28       GetPrices: strani=2 zapisov=12 — MEJNIK STOJI (SAOP je vrnil 12 zapisov, a so bili enaki že zajetim (dedup po hashu) — ta zagon nima česa preslikati); zapisi ostanejo v raw.Inbox in jih bo naslednji zagon zajel znova
20:48:28       SKUPAJ strani=2 zapisov=12 RunId=ea057228-1fc8-41e2-bada-1d0ffcf36564
20:48:28       OPOZORILO: pri 1 končnih točkah mejnik stoji. Zajeti podatek leži v raw.Inbox in ga bo naslednji zagon zajel znova; če ga hočeš preslikati brez ponovnega klica, uporabi --map-run ea057228-1fc8-41e2-bada-1d0ffcf36564.
20:48:28     [1] DEMO (SAOP_DEMO)
20:48:33       GetPrices: strani=0 zapisov=0 [4,2 s]
20:48:33       SKUPAJ strani=0 zapisov=0 RunId=9b406fad-a1f6-4569-a1e4-8c6a2bffe3d2
20:48:33     konec: Osvezitev cen kataloga
20:48:33  == Izvoz cen in zaloge za splet ==
20:48:35     Izvoz profila MAGENTO_STOCK_PRICES končan: 422 vrstic v C:\Users\david\Desktop\PIM\NoviPIM\izvoz\magento\1
20:48:39     Izvoz profila MAGENTO_STOCK_PRICES končan: 2353 vrstic v C:\Users\david\Desktop\PIM\NoviPIM\izvoz\magento\2
20:48:43     Izvoz profila MAGENTO_STOCK_PRICES končan: 2541 vrstic v C:\Users\david\Desktop\PIM\NoviPIM\izvoz\magento\3
20:48:44     Izvoz profila MAGENTO_STOCK_PRICES končan: 0 vrstic v C:\Users\david\Desktop\PIM\NoviPIM\izvoz\magento\4
20:48:44     konec: Izvoz cen in zaloge za splet
20:48:44  == Osvezitev kataloga in strank s cenami in zalogo (podjetje 2) ==
20:48:52     Magento CSV izvoz končan: C:\Users\david\Desktop\PIM\NoviPIM\izvoz\magento\2
20:48:52     konec: Osvezitev kataloga in strank s cenami in zalogo (podjetje 2)
20:48:52  Zalogovni cikel koncan; padlih korakov: 0.
20:52:26  == Zaloga NW_STOCK ==
20:52:27     [NW_STOCK] preskoceno: Razmik dobavitelja se tece; naslednji prenos po 15. 09. 2026 21:52.
20:52:27     Prevzem koncan: uspesno 0, neuspesno 0, skupaj virov 1.
20:52:28     Prebranih zapisov: 2762; SHA-256: 2944665c56c7c06eac4a13061e2d3a8a4dfe61b850297662c855e2c7a7c6435c
20:52:29     Ta posnetek je ze v bazi; vir=NW_STOCK, podjetje=1, cas posnetka=2026-09-15 17:52:43Z, uporabljenih=2762, v karanteni=0, RunId=459c27f4-39c8-4ab1-99d8-8f15b4ff7683. Zapisano ni bilo nic.
20:52:30     Prebranih zapisov: 2762; SHA-256: 2944665c56c7c06eac4a13061e2d3a8a4dfe61b850297662c855e2c7a7c6435c
20:52:31     Ta posnetek je ze v bazi; vir=NW_STOCK, podjetje=2, cas posnetka=2026-09-15 17:52:43Z, uporabljenih=2762, v karanteni=0, RunId=de6757e4-c970-4ca3-8858-d89042caf81f. Zapisano ni bilo nic.
20:52:31     Prebranih zapisov: 2762; SHA-256: 2944665c56c7c06eac4a13061e2d3a8a4dfe61b850297662c855e2c7a7c6435c
20:52:32     Ta posnetek je ze v bazi; vir=NW_STOCK, podjetje=3, cas posnetka=2026-09-15 17:52:43Z, uporabljenih=2762, v karanteni=0, RunId=8a508903-792e-4631-94fe-be541ec5c291. Zapisano ni bilo nic.
20:52:32     Prebranih zapisov: 2762; SHA-256: 2944665c56c7c06eac4a13061e2d3a8a4dfe61b850297662c855e2c7a7c6435c
20:52:33     Ta posnetek je ze v bazi; vir=NW_STOCK, podjetje=4, cas posnetka=2026-09-15 17:52:43Z, uporabljenih=2762, v karanteni=0, RunId=d78dceff-7a9e-427b-bce2-13cf57ed279d. Zapisano ni bilo nic.
20:52:33     konec: Zaloga NW_STOCK
20:52:33  == Zaloga BT_STOCK ==
20:52:34     SOURCE_FETCH: se ni na vrsti po razporedu; preskoceno.
20:52:34     Prebranih zapisov: 1389; SHA-256: 94b795fed5c0e61f34d203f9295b09140639e3376e4e771b86fcc1450fad2c35
20:52:35     STOCK_FILE pri podjetju 1: se ni na vrsti po razporedu; preskoceno.
20:52:35     Prebranih zapisov: 1389; SHA-256: 94b795fed5c0e61f34d203f9295b09140639e3376e4e771b86fcc1450fad2c35
20:52:36     STOCK_FILE pri podjetju 2: se ni na vrsti po razporedu; preskoceno.
20:52:37     Prebranih zapisov: 1389; SHA-256: 94b795fed5c0e61f34d203f9295b09140639e3376e4e771b86fcc1450fad2c35
20:52:37     STOCK_FILE pri podjetju 3: se ni na vrsti po razporedu; preskoceno.
20:52:38     Prebranih zapisov: 1389; SHA-256: 94b795fed5c0e61f34d203f9295b09140639e3376e4e771b86fcc1450fad2c35
20:52:38     STOCK_FILE pri podjetju 4: se ni na vrsti po razporedu; preskoceno.
20:52:38     konec: Zaloga BT_STOCK
20:52:38  == Zaloga iz SAOP (kolicine) ==
20:52:39     [1] SAOP_GETSTOCKS (GetStocks): skladišč=4, zapisov=16, uporabljenih=16, v karanteni=0, RunId=08f20a0d-2bba-414d-90ee-b1b9f4a7c779.
20:52:44     [2] SAOP_GETSTOCKS (GetStocks): skladišč=1, zapisov=8772, uporabljenih=8772, v karanteni=0, RunId=92c2f2c9-20bc-48be-b5d9-ecc9efeef45f.
20:52:47     [3] SAOP_REGISTERED_VIEW (RegisteredViewData): skladišč=0, zapisov=3074, uporabljenih=3074, v karanteni=0, RunId=34f8f4d6-a7f4-4e15-b3da-949c96761cfb.
20:52:48     [4] SAOP_GETSTOCKS (GetStocks): skladišč=14, zapisov=3117, uporabljenih=3117, v karanteni=0, RunId=a3b7a75f-c992-46da-87db-07b91ca5cba8.
20:52:48     konec: Zaloga iz SAOP (kolicine)
20:52:48  == Osvezitev cen kataloga ==
20:52:49     Živ SAOP zajem: podjetij=4, končnih točk=1, delta zajem.
20:52:49     [2] IQLighting (SAOP_IQLIGHTING)
20:53:10       GetPrices: strani=2 zapisov=106 — MEJNIK STOJI (SAOP je vrnil 106 zapisov, a so bili enaki že zajetim (dedup po hashu) — ta zagon nima česa preslikati); zapisi ostanejo v raw.Inbox in jih bo naslednji zagon zajel znova
20:53:10       SKUPAJ strani=2 zapisov=106 RunId=14d749da-9542-477d-bf01-13460df2467f
20:53:10       OPOZORILO: v raw.Inbox ležijo nepreslikane vrstice iz prejšnjih zagonov: GetPrices=3. Preslikaj jih z --map-run <RunId tistega zagona>; poizvedba: SELECT DISTINCT RunId, EntityType FROM raw.Inbox WHERE Status=N'Pending';
20:53:10       OPOZORILO: pri 1 končnih točkah mejnik stoji. Zajeti podatek leži v raw.Inbox in ga bo naslednji zagon zajel znova; če ga hočeš preslikati brez ponovnega klica, uporabi --map-run 14d749da-9542-477d-bf01-13460df2467f.
20:53:10     [3] Vidadria (SAOP_VIDADRIA)
20:53:32       GetPrices: strani=5 zapisov=218 — MEJNIK STOJI (SAOP je vrnil 218 zapisov, a so bili enaki že zajetim (dedup po hashu) — ta zagon nima česa preslikati); zapisi ostanejo v raw.Inbox in jih bo naslednji zagon zajel znova
20:53:32       SKUPAJ strani=5 zapisov=218 RunId=23c8e3a6-c934-44a4-b421-7224605141d9
20:53:32       OPOZORILO: pri 1 končnih točkah mejnik stoji. Zajeti podatek leži v raw.Inbox in ga bo naslednji zagon zajel znova; če ga hočeš preslikati brez ponovnega klica, uporabi --map-run 23c8e3a6-c934-44a4-b421-7224605141d9.
20:53:32     [4] Ediito (SAOP_EDIITO)
20:53:39       GetPrices: strani=2 zapisov=12 — MEJNIK STOJI (SAOP je vrnil 12 zapisov, a so bili enaki že zajetim (dedup po hashu) — ta zagon nima česa preslikati); zapisi ostanejo v raw.Inbox in jih bo naslednji zagon zajel znova
20:53:39       SKUPAJ strani=2 zapisov=12 RunId=07225e4d-503c-44ef-a04f-e435d28f37ab
20:53:39       OPOZORILO: pri 1 končnih točkah mejnik stoji. Zajeti podatek leži v raw.Inbox in ga bo naslednji zagon zajel znova; če ga hočeš preslikati brez ponovnega klica, uporabi --map-run 07225e4d-503c-44ef-a04f-e435d28f37ab.
20:53:39     [1] DEMO (SAOP_DEMO)
20:53:43       GetPrices: strani=0 zapisov=0 [4,1 s]
20:53:43       SKUPAJ strani=0 zapisov=0 RunId=95507ea8-bd58-4924-a254-de6d817a78aa
20:53:43     konec: Osvezitev cen kataloga
20:53:43  == Izvoz cen in zaloge za splet ==
20:53:46     Izvoz profila MAGENTO_STOCK_PRICES končan: 422 vrstic v C:\Users\david\Desktop\PIM\NoviPIM\izvoz\magento\1
20:53:50     Izvoz profila MAGENTO_STOCK_PRICES končan: 2353 vrstic v C:\Users\david\Desktop\PIM\NoviPIM\izvoz\magento\2
20:53:54     Izvoz profila MAGENTO_STOCK_PRICES končan: 2541 vrstic v C:\Users\david\Desktop\PIM\NoviPIM\izvoz\magento\3
20:53:55     Izvoz profila MAGENTO_STOCK_PRICES končan: 0 vrstic v C:\Users\david\Desktop\PIM\NoviPIM\izvoz\magento\4
20:53:55     konec: Izvoz cen in zaloge za splet
20:53:55  == Osvezitev kataloga in strank s cenami in zalogo (podjetje 2) ==
20:54:03     Magento CSV izvoz končan: C:\Users\david\Desktop\PIM\NoviPIM\izvoz\magento\2
20:54:03     konec: Osvezitev kataloga in strank s cenami in zalogo (podjetje 2)
20:54:03  Zalogovni cikel koncan; padlih korakov: 0.
20:57:30  == Zaloga NW_STOCK ==
20:57:35     [NW_STOCK] preskoceno: Razmik dobavitelja se tece; naslednji prenos po 15. 09. 2026 21:52.
20:57:35     Prevzem koncan: uspesno 0, neuspesno 0, skupaj virov 1.
20:57:37     Prebranih zapisov: 2762; SHA-256: 2944665c56c7c06eac4a13061e2d3a8a4dfe61b850297662c855e2c7a7c6435c
20:57:38     Ta posnetek je ze v bazi; vir=NW_STOCK, podjetje=1, cas posnetka=2026-09-15 17:52:43Z, uporabljenih=2762, v karanteni=0, RunId=459c27f4-39c8-4ab1-99d8-8f15b4ff7683. Zapisano ni bilo nic.
20:57:42     Prebranih zapisov: 2762; SHA-256: 2944665c56c7c06eac4a13061e2d3a8a4dfe61b850297662c855e2c7a7c6435c
20:57:42     Ta posnetek je ze v bazi; vir=NW_STOCK, podjetje=2, cas posnetka=2026-09-15 17:52:43Z, uporabljenih=2762, v karanteni=0, RunId=de6757e4-c970-4ca3-8858-d89042caf81f. Zapisano ni bilo nic.
20:57:46     Prebranih zapisov: 2762; SHA-256: 2944665c56c7c06eac4a13061e2d3a8a4dfe61b850297662c855e2c7a7c6435c
20:57:47     Ta posnetek je ze v bazi; vir=NW_STOCK, podjetje=3, cas posnetka=2026-09-15 17:52:43Z, uporabljenih=2762, v karanteni=0, RunId=8a508903-792e-4631-94fe-be541ec5c291. Zapisano ni bilo nic.
20:57:48     Prebranih zapisov: 2762; SHA-256: 2944665c56c7c06eac4a13061e2d3a8a4dfe61b850297662c855e2c7a7c6435c
20:57:49     Ta posnetek je ze v bazi; vir=NW_STOCK, podjetje=4, cas posnetka=2026-09-15 17:52:43Z, uporabljenih=2762, v karanteni=0, RunId=d78dceff-7a9e-427b-bce2-13cf57ed279d. Zapisano ni bilo nic.
20:57:49     konec: Zaloga NW_STOCK
20:57:49  == Zaloga BT_STOCK ==
20:57:50     SOURCE_FETCH: se ni na vrsti po razporedu; preskoceno.
20:57:51     Prebranih zapisov: 1389; SHA-256: 94b795fed5c0e61f34d203f9295b09140639e3376e4e771b86fcc1450fad2c35
20:57:51     STOCK_FILE pri podjetju 1: se ni na vrsti po razporedu; preskoceno.
20:57:52     Prebranih zapisov: 1389; SHA-256: 94b795fed5c0e61f34d203f9295b09140639e3376e4e771b86fcc1450fad2c35
20:57:52     STOCK_FILE pri podjetju 2: se ni na vrsti po razporedu; preskoceno.
20:57:53     Prebranih zapisov: 1389; SHA-256: 94b795fed5c0e61f34d203f9295b09140639e3376e4e771b86fcc1450fad2c35
20:57:53     STOCK_FILE pri podjetju 3: se ni na vrsti po razporedu; preskoceno.
20:57:54     Prebranih zapisov: 1389; SHA-256: 94b795fed5c0e61f34d203f9295b09140639e3376e4e771b86fcc1450fad2c35
20:57:54     STOCK_FILE pri podjetju 4: se ni na vrsti po razporedu; preskoceno.
20:57:54     konec: Zaloga BT_STOCK
20:57:54  == Zaloga iz SAOP (kolicine) ==
20:57:58     [1] SAOP_GETSTOCKS (GetStocks): skladišč=4, zapisov=16, uporabljenih=16, v karanteni=0, RunId=d2a30edd-28c3-463f-8fa1-bc6baafb2157.
20:58:11     [2] SAOP_GETSTOCKS (GetStocks): skladišč=1, zapisov=8772, uporabljenih=8772, v karanteni=0, RunId=a67dc5d4-1ce8-4a82-9b69-6cccef4346aa.
20:58:16     [3] SAOP_REGISTERED_VIEW (RegisteredViewData): skladišč=0, zapisov=3074, uporabljenih=3074, v karanteni=0, RunId=a0cac954-9eb7-4379-8c68-84150094c910.
20:58:19     [4] SAOP_GETSTOCKS (GetStocks): skladišč=14, zapisov=3117, uporabljenih=3117, v karanteni=0, RunId=94f911f9-a77b-45e0-b06a-2808723ba2fb.
20:58:19     konec: Zaloga iz SAOP (kolicine)
20:58:19  == Osvezitev cen kataloga ==
20:58:20     Živ SAOP zajem: podjetij=4, končnih točk=1, delta zajem.
20:58:20     [2] IQLighting (SAOP_IQLIGHTING)
20:58:49       GetPrices: strani=2 zapisov=106 — MEJNIK STOJI (SAOP je vrnil 106 zapisov, a so bili enaki že zajetim (dedup po hashu) — ta zagon nima česa preslikati); zapisi ostanejo v raw.Inbox in jih bo naslednji zagon zajel znova
20:58:50       SKUPAJ strani=2 zapisov=106 RunId=acb46554-6deb-406e-9d44-7338e21e5752
20:58:50       OPOZORILO: v raw.Inbox ležijo nepreslikane vrstice iz prejšnjih zagonov: GetPrices=3. Preslikaj jih z --map-run <RunId tistega zagona>; poizvedba: SELECT DISTINCT RunId, EntityType FROM raw.Inbox WHERE Status=N'Pending';
20:58:50       OPOZORILO: pri 1 končnih točkah mejnik stoji. Zajeti podatek leži v raw.Inbox in ga bo naslednji zagon zajel znova; če ga hočeš preslikati brez ponovnega klica, uporabi --map-run acb46554-6deb-406e-9d44-7338e21e5752.
20:58:50     [3] Vidadria (SAOP_VIDADRIA)
20:59:12       GetPrices: strani=5 zapisov=218 — MEJNIK STOJI (SAOP je vrnil 218 zapisov, a so bili enaki že zajetim (dedup po hashu) — ta zagon nima česa preslikati); zapisi ostanejo v raw.Inbox in jih bo naslednji zagon zajel znova
20:59:13       SKUPAJ strani=5 zapisov=218 RunId=56c8730c-03d8-4e37-94f5-657661c7e350
20:59:13       OPOZORILO: pri 1 končnih točkah mejnik stoji. Zajeti podatek leži v raw.Inbox in ga bo naslednji zagon zajel znova; če ga hočeš preslikati brez ponovnega klica, uporabi --map-run 56c8730c-03d8-4e37-94f5-657661c7e350.
20:59:13     [4] Ediito (SAOP_EDIITO)
20:59:20       GetPrices: strani=2 zapisov=12 — MEJNIK STOJI (SAOP je vrnil 12 zapisov, a so bili enaki že zajetim (dedup po hashu) — ta zagon nima česa preslikati); zapisi ostanejo v raw.Inbox in jih bo naslednji zagon zajel znova
20:59:20       SKUPAJ strani=2 zapisov=12 RunId=6aac78a7-97ed-4a03-be04-b6171b70a415
20:59:20       OPOZORILO: pri 1 končnih točkah mejnik stoji. Zajeti podatek leži v raw.Inbox in ga bo naslednji zagon zajel znova; če ga hočeš preslikati brez ponovnega klica, uporabi --map-run 6aac78a7-97ed-4a03-be04-b6171b70a415.
20:59:20     [1] DEMO (SAOP_DEMO)
20:59:25       GetPrices: strani=0 zapisov=0 [4,1 s]
20:59:25       SKUPAJ strani=0 zapisov=0 RunId=0202d767-08be-4fc8-85f1-f46aa6255778
20:59:26     konec: Osvezitev cen kataloga
20:59:26  == Izvoz cen in zaloge za splet ==
20:59:30     Izvoz profila MAGENTO_STOCK_PRICES končan: 422 vrstic v C:\Users\david\Desktop\PIM\NoviPIM\izvoz\magento\1
20:59:35     Izvoz profila MAGENTO_STOCK_PRICES končan: 2353 vrstic v C:\Users\david\Desktop\PIM\NoviPIM\izvoz\magento\2
20:59:39     Izvoz profila MAGENTO_STOCK_PRICES končan: 2541 vrstic v C:\Users\david\Desktop\PIM\NoviPIM\izvoz\magento\3
20:59:40     Izvoz profila MAGENTO_STOCK_PRICES končan: 0 vrstic v C:\Users\david\Desktop\PIM\NoviPIM\izvoz\magento\4
20:59:40     konec: Izvoz cen in zaloge za splet
20:59:40  == Osvezitev kataloga in strank s cenami in zalogo (podjetje 2) ==
20:59:48     Magento CSV izvoz končan: C:\Users\david\Desktop\PIM\NoviPIM\izvoz\magento\2
20:59:48     konec: Osvezitev kataloga in strank s cenami in zalogo (podjetje 2)
20:59:48  Zalogovni cikel koncan; padlih korakov: 0.
21:02:27  == Zaloga NW_STOCK ==
21:02:28     SOURCE_FETCH: se ni na vrsti po razporedu; preskoceno.
21:02:28     Prebranih zapisov: 2762; SHA-256: 2944665c56c7c06eac4a13061e2d3a8a4dfe61b850297662c855e2c7a7c6435c
21:02:29     STOCK_FILE pri podjetju 1: se ni na vrsti po razporedu; preskoceno.
21:02:29     Prebranih zapisov: 2762; SHA-256: 2944665c56c7c06eac4a13061e2d3a8a4dfe61b850297662c855e2c7a7c6435c
21:02:30     STOCK_FILE pri podjetju 2: se ni na vrsti po razporedu; preskoceno.
21:02:30     Prebranih zapisov: 2762; SHA-256: 2944665c56c7c06eac4a13061e2d3a8a4dfe61b850297662c855e2c7a7c6435c
21:02:31     STOCK_FILE pri podjetju 3: se ni na vrsti po razporedu; preskoceno.
21:02:31     Prebranih zapisov: 2762; SHA-256: 2944665c56c7c06eac4a13061e2d3a8a4dfe61b850297662c855e2c7a7c6435c
21:02:32     STOCK_FILE pri podjetju 4: se ni na vrsti po razporedu; preskoceno.
21:02:32     konec: Zaloga NW_STOCK
21:02:32  == Zaloga BT_STOCK ==
21:02:33     SOURCE_FETCH: se ni na vrsti po razporedu; preskoceno.
21:02:33     Prebranih zapisov: 1389; SHA-256: 94b795fed5c0e61f34d203f9295b09140639e3376e4e771b86fcc1450fad2c35
21:02:34     STOCK_FILE pri podjetju 1: se ni na vrsti po razporedu; preskoceno.
21:02:34     Prebranih zapisov: 1389; SHA-256: 94b795fed5c0e61f34d203f9295b09140639e3376e4e771b86fcc1450fad2c35
21:02:35     STOCK_FILE pri podjetju 2: se ni na vrsti po razporedu; preskoceno.
21:02:35     Prebranih zapisov: 1389; SHA-256: 94b795fed5c0e61f34d203f9295b09140639e3376e4e771b86fcc1450fad2c35
21:02:36     STOCK_FILE pri podjetju 3: se ni na vrsti po razporedu; preskoceno.
21:02:36     Prebranih zapisov: 1389; SHA-256: 94b795fed5c0e61f34d203f9295b09140639e3376e4e771b86fcc1450fad2c35
21:02:36     STOCK_FILE pri podjetju 4: se ni na vrsti po razporedu; preskoceno.
21:02:37     konec: Zaloga BT_STOCK
21:02:37  == Zaloga iz SAOP (kolicine) ==
21:02:38     [1] SAOP_STOCK: se ni na vrsti po razporedu; preskoceno.
21:02:38     [2] SAOP_STOCK: se ni na vrsti po razporedu; preskoceno.
21:02:38     [3] SAOP_STOCK: se ni na vrsti po razporedu; preskoceno.
21:02:38     [4] SAOP_STOCK: se ni na vrsti po razporedu; preskoceno.
21:02:38     konec: Zaloga iz SAOP (kolicine)
21:02:38  == Osvezitev cen kataloga ==
21:02:38     Živ SAOP zajem: podjetij=4, končnih točk=1, delta zajem.
21:02:38     [2] IQLighting (SAOP_IQLIGHTING)
21:03:10       GetPrices: strani=2 zapisov=106 — MEJNIK STOJI (SAOP je vrnil 106 zapisov, a so bili enaki že zajetim (dedup po hashu) — ta zagon nima česa preslikati); zapisi ostanejo v raw.Inbox in jih bo naslednji zagon zajel znova
21:03:11       SKUPAJ strani=2 zapisov=106 RunId=d8be20fa-e11a-4bf0-806c-1ab3deceb11b
21:03:11       OPOZORILO: v raw.Inbox ležijo nepreslikane vrstice iz prejšnjih zagonov: GetPrices=3. Preslikaj jih z --map-run <RunId tistega zagona>; poizvedba: SELECT DISTINCT RunId, EntityType FROM raw.Inbox WHERE Status=N'Pending';
21:03:11       OPOZORILO: pri 1 končnih točkah mejnik stoji. Zajeti podatek leži v raw.Inbox in ga bo naslednji zagon zajel znova; če ga hočeš preslikati brez ponovnega klica, uporabi --map-run d8be20fa-e11a-4bf0-806c-1ab3deceb11b.
21:03:11     [3] Vidadria (SAOP_VIDADRIA)
21:03:45       GetPrices: strani=5 zapisov=218 — MEJNIK STOJI (SAOP je vrnil 218 zapisov, a so bili enaki že zajetim (dedup po hashu) — ta zagon nima česa preslikati); zapisi ostanejo v raw.Inbox in jih bo naslednji zagon zajel znova
21:03:45       SKUPAJ strani=5 zapisov=218 RunId=011f58a8-6496-41c3-a8c6-0ed3b380cb8d
21:03:45       OPOZORILO: pri 1 končnih točkah mejnik stoji. Zajeti podatek leži v raw.Inbox in ga bo naslednji zagon zajel znova; če ga hočeš preslikati brez ponovnega klica, uporabi --map-run 011f58a8-6496-41c3-a8c6-0ed3b380cb8d.
21:03:45     [4] Ediito (SAOP_EDIITO)
21:03:55       GetPrices: strani=2 zapisov=12 — MEJNIK STOJI (SAOP je vrnil 12 zapisov, a so bili enaki že zajetim (dedup po hashu) — ta zagon nima česa preslikati); zapisi ostanejo v raw.Inbox in jih bo naslednji zagon zajel znova
21:03:55       SKUPAJ strani=2 zapisov=12 RunId=577d7fd3-c6af-4023-a4c5-d99c044274f0
21:03:55       OPOZORILO: pri 1 končnih točkah mejnik stoji. Zajeti podatek leži v raw.Inbox in ga bo naslednji zagon zajel znova; če ga hočeš preslikati brez ponovnega klica, uporabi --map-run 577d7fd3-c6af-4023-a4c5-d99c044274f0.
21:03:55     [1] DEMO (SAOP_DEMO)
21:04:02       GetPrices: strani=0 zapisov=0 [6,1 s]
21:04:02       SKUPAJ strani=0 zapisov=0 RunId=e663bc81-39c3-4336-880d-ca2411bcc6ad
21:04:02     konec: Osvezitev cen kataloga
21:04:02  == Izvoz cen in zaloge za splet ==
21:04:04     Izvoz profila MAGENTO_STOCK_PRICES končan: 422 vrstic v C:\Users\david\Desktop\PIM\NoviPIM\izvoz\magento\1
21:04:09     Izvoz profila MAGENTO_STOCK_PRICES končan: 2353 vrstic v C:\Users\david\Desktop\PIM\NoviPIM\izvoz\magento\2
21:04:12     Izvoz profila MAGENTO_STOCK_PRICES končan: 2541 vrstic v C:\Users\david\Desktop\PIM\NoviPIM\izvoz\magento\3
21:04:14     Izvoz profila MAGENTO_STOCK_PRICES končan: 0 vrstic v C:\Users\david\Desktop\PIM\NoviPIM\izvoz\magento\4
21:04:14     konec: Izvoz cen in zaloge za splet
21:04:14  == Osvezitev kataloga in strank s cenami in zalogo (podjetje 2) ==
21:04:22     Magento CSV izvoz končan: C:\Users\david\Desktop\PIM\NoviPIM\izvoz\magento\2
21:04:22     konec: Osvezitev kataloga in strank s cenami in zalogo (podjetje 2)
21:04:22  Zalogovni cikel koncan; padlih korakov: 0.
21:07:27  == Zaloga NW_STOCK ==
21:07:29     [NW_STOCK] preskoceno: Razmik dobavitelja se tece; naslednji prenos po 15. 09. 2026 21:52.
21:07:29     Prevzem koncan: uspesno 0, neuspesno 0, skupaj virov 1.
21:07:31     Prebranih zapisov: 2762; SHA-256: 2944665c56c7c06eac4a13061e2d3a8a4dfe61b850297662c855e2c7a7c6435c
21:07:33     Ta posnetek je ze v bazi; vir=NW_STOCK, podjetje=1, cas posnetka=2026-09-15 17:52:43Z, uporabljenih=2762, v karanteni=0, RunId=459c27f4-39c8-4ab1-99d8-8f15b4ff7683. Zapisano ni bilo nic.
21:07:35     Prebranih zapisov: 2762; SHA-256: 2944665c56c7c06eac4a13061e2d3a8a4dfe61b850297662c855e2c7a7c6435c
21:07:37     Ta posnetek je ze v bazi; vir=NW_STOCK, podjetje=2, cas posnetka=2026-09-15 17:52:43Z, uporabljenih=2762, v karanteni=0, RunId=de6757e4-c970-4ca3-8858-d89042caf81f. Zapisano ni bilo nic.
21:07:38     Prebranih zapisov: 2762; SHA-256: 2944665c56c7c06eac4a13061e2d3a8a4dfe61b850297662c855e2c7a7c6435c
21:07:39     Ta posnetek je ze v bazi; vir=NW_STOCK, podjetje=3, cas posnetka=2026-09-15 17:52:43Z, uporabljenih=2762, v karanteni=0, RunId=8a508903-792e-4631-94fe-be541ec5c291. Zapisano ni bilo nic.
21:07:40     Prebranih zapisov: 2762; SHA-256: 2944665c56c7c06eac4a13061e2d3a8a4dfe61b850297662c855e2c7a7c6435c
21:07:42     Ta posnetek je ze v bazi; vir=NW_STOCK, podjetje=4, cas posnetka=2026-09-15 17:52:43Z, uporabljenih=2762, v karanteni=0, RunId=d78dceff-7a9e-427b-bce2-13cf57ed279d. Zapisano ni bilo nic.
21:07:42     konec: Zaloga NW_STOCK
21:07:42  == Zaloga BT_STOCK ==
21:07:44     SOURCE_FETCH: se ni na vrsti po razporedu; preskoceno.
21:07:46     Prebranih zapisov: 1389; SHA-256: 94b795fed5c0e61f34d203f9295b09140639e3376e4e771b86fcc1450fad2c35
21:07:46     STOCK_FILE pri podjetju 1: se ni na vrsti po razporedu; preskoceno.
21:07:48     Prebranih zapisov: 1389; SHA-256: 94b795fed5c0e61f34d203f9295b09140639e3376e4e771b86fcc1450fad2c35
21:07:48     STOCK_FILE pri podjetju 2: se ni na vrsti po razporedu; preskoceno.
21:07:50     Prebranih zapisov: 1389; SHA-256: 94b795fed5c0e61f34d203f9295b09140639e3376e4e771b86fcc1450fad2c35
21:07:50     STOCK_FILE pri podjetju 3: se ni na vrsti po razporedu; preskoceno.
21:07:52     Prebranih zapisov: 1389; SHA-256: 94b795fed5c0e61f34d203f9295b09140639e3376e4e771b86fcc1450fad2c35
21:07:52     STOCK_FILE pri podjetju 4: se ni na vrsti po razporedu; preskoceno.
21:07:52     konec: Zaloga BT_STOCK
21:07:52  == Zaloga iz SAOP (kolicine) ==
21:07:55     [1] SAOP_GETSTOCKS (GetStocks): skladišč=4, zapisov=16, uporabljenih=16, v karanteni=0, RunId=2972092a-d89a-45db-b3cc-463dcc65483c.
21:08:03     [2] SAOP_GETSTOCKS (GetStocks): skladišč=1, zapisov=8772, uporabljenih=8772, v karanteni=0, RunId=c5d6a4f9-81b7-4150-84d7-33a625cf6632.
21:08:07     [3] SAOP_REGISTERED_VIEW (RegisteredViewData): skladišč=0, zapisov=3074, uporabljenih=3074, v karanteni=0, RunId=1d3cf115-531c-431c-9bfe-8613a721ab14.
21:08:10     [4] SAOP_GETSTOCKS (GetStocks): skladišč=14, zapisov=3117, uporabljenih=3117, v karanteni=0, RunId=d7ed640d-82ab-4954-b598-23acac06b498.
21:08:10     konec: Zaloga iz SAOP (kolicine)
21:08:10  == Osvezitev cen kataloga ==
21:08:12     Živ SAOP zajem: podjetij=4, končnih točk=1, delta zajem.
21:08:12     [2] IQLighting (SAOP_IQLIGHTING)
21:08:35       GetPrices: strani=2 zapisov=106 — MEJNIK STOJI (SAOP je vrnil 106 zapisov, a so bili enaki že zajetim (dedup po hashu) — ta zagon nima česa preslikati); zapisi ostanejo v raw.Inbox in jih bo naslednji zagon zajel znova
21:08:49       SKUPAJ strani=2 zapisov=106 RunId=756060be-58b1-4c17-9c0b-3d4310d39414
21:08:49       OPOZORILO: v raw.Inbox ležijo nepreslikane vrstice iz prejšnjih zagonov: GetPrices=3. Preslikaj jih z --map-run <RunId tistega zagona>; poizvedba: SELECT DISTINCT RunId, EntityType FROM raw.Inbox WHERE Status=N'Pending';
21:08:49       OPOZORILO: pri 1 končnih točkah mejnik stoji. Zajeti podatek leži v raw.Inbox in ga bo naslednji zagon zajel znova; če ga hočeš preslikati brez ponovnega klica, uporabi --map-run 756060be-58b1-4c17-9c0b-3d4310d39414.
21:08:49     [3] Vidadria (SAOP_VIDADRIA)
21:09:12       GetPrices: strani=5 zapisov=218 — MEJNIK STOJI (SAOP je vrnil 218 zapisov, a so bili enaki že zajetim (dedup po hashu) — ta zagon nima česa preslikati); zapisi ostanejo v raw.Inbox in jih bo naslednji zagon zajel znova
21:09:26       SKUPAJ strani=5 zapisov=218 RunId=5fecbca1-ad92-4c3e-aead-1d0e53eadee8
21:09:26       OPOZORILO: pri 1 končnih točkah mejnik stoji. Zajeti podatek leži v raw.Inbox in ga bo naslednji zagon zajel znova; če ga hočeš preslikati brez ponovnega klica, uporabi --map-run 5fecbca1-ad92-4c3e-aead-1d0e53eadee8.
21:09:26     [4] Ediito (SAOP_EDIITO)
21:09:34       GetPrices: strani=2 zapisov=12 — MEJNIK STOJI (SAOP je vrnil 12 zapisov, a so bili enaki že zajetim (dedup po hashu) — ta zagon nima česa preslikati); zapisi ostanejo v raw.Inbox in jih bo naslednji zagon zajel znova
21:09:34       SKUPAJ strani=2 zapisov=12 RunId=60bbee08-bb8a-4ef5-8cca-a0c2eeb2a3a2
21:09:34       OPOZORILO: pri 1 končnih točkah mejnik stoji. Zajeti podatek leži v raw.Inbox in ga bo naslednji zagon zajel znova; če ga hočeš preslikati brez ponovnega klica, uporabi --map-run 60bbee08-bb8a-4ef5-8cca-a0c2eeb2a3a2.
21:09:34     [1] DEMO (SAOP_DEMO)
21:09:39       GetPrices: strani=0 zapisov=0 [4,3 s]
21:09:39       SKUPAJ strani=0 zapisov=0 RunId=e366203b-27f1-4f4b-9581-cb20e49b4692
21:09:39     konec: Osvezitev cen kataloga
21:09:39  == Izvoz cen in zaloge za splet ==
21:09:45     Izvoz profila MAGENTO_STOCK_PRICES končan: 422 vrstic v C:\Users\david\Desktop\PIM\NoviPIM\izvoz\magento\1
21:10:01     Izvoz profila MAGENTO_STOCK_PRICES končan: 2353 vrstic v C:\Users\david\Desktop\PIM\NoviPIM\izvoz\magento\2
21:10:10     Izvoz profila MAGENTO_STOCK_PRICES končan: 2541 vrstic v C:\Users\david\Desktop\PIM\NoviPIM\izvoz\magento\3
21:10:13     Izvoz profila MAGENTO_STOCK_PRICES končan: 0 vrstic v C:\Users\david\Desktop\PIM\NoviPIM\izvoz\magento\4
21:10:13     konec: Izvoz cen in zaloge za splet
21:10:13  == Osvezitev kataloga in strank s cenami in zalogo (podjetje 2) ==
21:10:40     Magento CSV izvoz končan: C:\Users\david\Desktop\PIM\NoviPIM\izvoz\magento\2
21:10:40     konec: Osvezitev kataloga in strank s cenami in zalogo (podjetje 2)
21:10:40  Zalogovni cikel koncan; padlih korakov: 0.
21:15:14  == Zaloga NW_STOCK ==
21:15:15     [NW_STOCK] preskoceno: Razmik dobavitelja se tece; naslednji prenos po 15. 09. 2026 21:52.
21:15:15     Prevzem koncan: uspesno 0, neuspesno 0, skupaj virov 1.
21:15:16     Prebranih zapisov: 2762; SHA-256: 2944665c56c7c06eac4a13061e2d3a8a4dfe61b850297662c855e2c7a7c6435c
21:15:17     Ta posnetek je ze v bazi; vir=NW_STOCK, podjetje=1, cas posnetka=2026-09-15 17:52:43Z, uporabljenih=2762, v karanteni=0, RunId=459c27f4-39c8-4ab1-99d8-8f15b4ff7683. Zapisano ni bilo nic.
21:15:18     Prebranih zapisov: 2762; SHA-256: 2944665c56c7c06eac4a13061e2d3a8a4dfe61b850297662c855e2c7a7c6435c
21:15:18     Ta posnetek je ze v bazi; vir=NW_STOCK, podjetje=2, cas posnetka=2026-09-15 17:52:43Z, uporabljenih=2762, v karanteni=0, RunId=de6757e4-c970-4ca3-8858-d89042caf81f. Zapisano ni bilo nic.
21:15:19     Prebranih zapisov: 2762; SHA-256: 2944665c56c7c06eac4a13061e2d3a8a4dfe61b850297662c855e2c7a7c6435c
21:15:19     Ta posnetek je ze v bazi; vir=NW_STOCK, podjetje=3, cas posnetka=2026-09-15 17:52:43Z, uporabljenih=2762, v karanteni=0, RunId=8a508903-792e-4631-94fe-be541ec5c291. Zapisano ni bilo nic.
21:15:20     Prebranih zapisov: 2762; SHA-256: 2944665c56c7c06eac4a13061e2d3a8a4dfe61b850297662c855e2c7a7c6435c
21:15:21     Ta posnetek je ze v bazi; vir=NW_STOCK, podjetje=4, cas posnetka=2026-09-15 17:52:43Z, uporabljenih=2762, v karanteni=0, RunId=d78dceff-7a9e-427b-bce2-13cf57ed279d. Zapisano ni bilo nic.
21:15:21     konec: Zaloga NW_STOCK
21:15:21  == Zaloga BT_STOCK ==
21:15:22     SOURCE_FETCH: se ni na vrsti po razporedu; preskoceno.
21:15:23     Prebranih zapisov: 1389; SHA-256: 94b795fed5c0e61f34d203f9295b09140639e3376e4e771b86fcc1450fad2c35
21:15:23     STOCK_FILE pri podjetju 1: se ni na vrsti po razporedu; preskoceno.
21:15:24     Prebranih zapisov: 1389; SHA-256: 94b795fed5c0e61f34d203f9295b09140639e3376e4e771b86fcc1450fad2c35
21:15:24     STOCK_FILE pri podjetju 2: se ni na vrsti po razporedu; preskoceno.
21:15:25     Prebranih zapisov: 1389; SHA-256: 94b795fed5c0e61f34d203f9295b09140639e3376e4e771b86fcc1450fad2c35
21:15:25     STOCK_FILE pri podjetju 3: se ni na vrsti po razporedu; preskoceno.
21:15:26     Prebranih zapisov: 1389; SHA-256: 94b795fed5c0e61f34d203f9295b09140639e3376e4e771b86fcc1450fad2c35
21:15:26     STOCK_FILE pri podjetju 4: se ni na vrsti po razporedu; preskoceno.
21:15:26     konec: Zaloga BT_STOCK
21:15:26  == Zaloga iz SAOP (kolicine) ==
21:15:28     [1] SAOP_GETSTOCKS (GetStocks): skladišč=4, zapisov=16, uporabljenih=16, v karanteni=0, RunId=42535c69-0200-4bbf-b1d8-a2314f35ea80.
21:15:34     [2] SAOP_GETSTOCKS (GetStocks): skladišč=1, zapisov=8772, uporabljenih=8772, v karanteni=0, RunId=9218da97-2e0b-4786-bdbb-eac27c7a8f58.
21:15:37     [3] SAOP_REGISTERED_VIEW (RegisteredViewData): skladišč=0, zapisov=3074, uporabljenih=3074, v karanteni=0, RunId=31b74c7b-ad74-492a-96fa-c2f11d7dfce1.
21:15:38     [4] SAOP_GETSTOCKS (GetStocks): skladišč=14, zapisov=3117, uporabljenih=3117, v karanteni=0, RunId=6c13dbb6-fb9c-4c2f-ab7e-088bd13706e1.
21:15:38     konec: Zaloga iz SAOP (kolicine)
21:15:38  == Osvezitev cen kataloga ==
21:15:40     Živ SAOP zajem: podjetij=4, končnih točk=1, delta zajem.
21:15:40     [2] IQLighting (SAOP_IQLIGHTING)
21:16:01       GetPrices: strani=2 zapisov=106 — MEJNIK STOJI (SAOP je vrnil 106 zapisov, a so bili enaki že zajetim (dedup po hashu) — ta zagon nima česa preslikati); zapisi ostanejo v raw.Inbox in jih bo naslednji zagon zajel znova
21:16:02       SKUPAJ strani=2 zapisov=106 RunId=266e72d3-081a-4bf9-879c-5ef34de0646a
21:16:02       OPOZORILO: v raw.Inbox ležijo nepreslikane vrstice iz prejšnjih zagonov: GetPrices=3. Preslikaj jih z --map-run <RunId tistega zagona>; poizvedba: SELECT DISTINCT RunId, EntityType FROM raw.Inbox WHERE Status=N'Pending';
21:16:02       OPOZORILO: pri 1 končnih točkah mejnik stoji. Zajeti podatek leži v raw.Inbox in ga bo naslednji zagon zajel znova; če ga hočeš preslikati brez ponovnega klica, uporabi --map-run 266e72d3-081a-4bf9-879c-5ef34de0646a.
21:16:02     [3] Vidadria (SAOP_VIDADRIA)
21:16:24       GetPrices: strani=5 zapisov=218 — MEJNIK STOJI (SAOP je vrnil 218 zapisov, a so bili enaki že zajetim (dedup po hashu) — ta zagon nima česa preslikati); zapisi ostanejo v raw.Inbox in jih bo naslednji zagon zajel znova
21:16:24       SKUPAJ strani=5 zapisov=218 RunId=864f445b-b6c6-4819-bc16-dfa046b0f53f
21:16:24       OPOZORILO: pri 1 končnih točkah mejnik stoji. Zajeti podatek leži v raw.Inbox in ga bo naslednji zagon zajel znova; če ga hočeš preslikati brez ponovnega klica, uporabi --map-run 864f445b-b6c6-4819-bc16-dfa046b0f53f.
21:16:24     [4] Ediito (SAOP_EDIITO)
21:16:31       GetPrices: strani=2 zapisov=12 — MEJNIK STOJI (SAOP je vrnil 12 zapisov, a so bili enaki že zajetim (dedup po hashu) — ta zagon nima česa preslikati); zapisi ostanejo v raw.Inbox in jih bo naslednji zagon zajel znova
21:16:31       SKUPAJ strani=2 zapisov=12 RunId=86cf05ef-0b95-4b96-98bd-b427de5d3027
21:16:31       OPOZORILO: pri 1 končnih točkah mejnik stoji. Zajeti podatek leži v raw.Inbox in ga bo naslednji zagon zajel znova; če ga hočeš preslikati brez ponovnega klica, uporabi --map-run 86cf05ef-0b95-4b96-98bd-b427de5d3027.
21:16:31     [1] DEMO (SAOP_DEMO)
21:16:36       GetPrices: strani=0 zapisov=0 [4,3 s]
21:16:36       SKUPAJ strani=0 zapisov=0 RunId=ff5df804-2369-476d-bb25-2960563af56f
21:16:36     konec: Osvezitev cen kataloga
21:16:36  == Izvoz cen in zaloge za splet ==
21:16:39     Izvoz profila MAGENTO_STOCK_PRICES končan: 422 vrstic v C:\Users\david\Desktop\PIM\NoviPIM\izvoz\magento\1
21:16:43     Izvoz profila MAGENTO_STOCK_PRICES končan: 2353 vrstic v C:\Users\david\Desktop\PIM\NoviPIM\izvoz\magento\2
21:16:48     Izvoz profila MAGENTO_STOCK_PRICES končan: 2541 vrstic v C:\Users\david\Desktop\PIM\NoviPIM\izvoz\magento\3
21:16:50     Izvoz profila MAGENTO_STOCK_PRICES končan: 0 vrstic v C:\Users\david\Desktop\PIM\NoviPIM\izvoz\magento\4
21:16:50     konec: Izvoz cen in zaloge za splet
21:16:50  == Osvezitev kataloga in strank s cenami in zalogo (podjetje 2) ==
21:17:01     Magento CSV izvoz končan: C:\Users\david\Desktop\PIM\NoviPIM\izvoz\magento\2
21:17:01     konec: Osvezitev kataloga in strank s cenami in zalogo (podjetje 2)
21:17:01  Zalogovni cikel koncan; padlih korakov: 0.
21:20:14  == Zaloga NW_STOCK ==
21:20:15     SOURCE_FETCH: se ni na vrsti po razporedu; preskoceno.
21:20:16     Prebranih zapisov: 2762; SHA-256: 2944665c56c7c06eac4a13061e2d3a8a4dfe61b850297662c855e2c7a7c6435c
21:20:16     STOCK_FILE pri podjetju 1: se ni na vrsti po razporedu; preskoceno.
21:20:17     Prebranih zapisov: 2762; SHA-256: 2944665c56c7c06eac4a13061e2d3a8a4dfe61b850297662c855e2c7a7c6435c
21:20:17     STOCK_FILE pri podjetju 2: se ni na vrsti po razporedu; preskoceno.
21:20:18     Prebranih zapisov: 2762; SHA-256: 2944665c56c7c06eac4a13061e2d3a8a4dfe61b850297662c855e2c7a7c6435c
21:20:18     STOCK_FILE pri podjetju 3: se ni na vrsti po razporedu; preskoceno.
21:20:19     Prebranih zapisov: 2762; SHA-256: 2944665c56c7c06eac4a13061e2d3a8a4dfe61b850297662c855e2c7a7c6435c
21:20:19     STOCK_FILE pri podjetju 4: se ni na vrsti po razporedu; preskoceno.
21:20:19     konec: Zaloga NW_STOCK
21:20:19  == Zaloga BT_STOCK ==
21:20:20     [BT_STOCK] preskoceno: Razmik dobavitelja se tece; naslednji prenos po 15. 09. 2026 23:32.
21:20:20     Prevzem koncan: uspesno 0, neuspesno 0, skupaj virov 1.
21:20:21     Prebranih zapisov: 1389; SHA-256: 94b795fed5c0e61f34d203f9295b09140639e3376e4e771b86fcc1450fad2c35
21:20:21     Ta posnetek je ze v bazi; vir=BT_STOCK, podjetje=1, cas posnetka=2026-09-15 18:32:34Z, uporabljenih=1389, v karanteni=0, RunId=d5937296-5c39-429d-92e4-3d1e4d225264. Zapisano ni bilo nic.
21:20:22     Prebranih zapisov: 1389; SHA-256: 94b795fed5c0e61f34d203f9295b09140639e3376e4e771b86fcc1450fad2c35
21:20:22     Ta posnetek je ze v bazi; vir=BT_STOCK, podjetje=2, cas posnetka=2026-09-15 18:32:34Z, uporabljenih=1389, v karanteni=0, RunId=00d73a91-58ac-4c88-87ed-69fe7e68d9e3. Zapisano ni bilo nic.
21:20:23     Prebranih zapisov: 1389; SHA-256: 94b795fed5c0e61f34d203f9295b09140639e3376e4e771b86fcc1450fad2c35
21:20:23     Ta posnetek je ze v bazi; vir=BT_STOCK, podjetje=3, cas posnetka=2026-09-15 18:32:34Z, uporabljenih=1389, v karanteni=0, RunId=9a0d0bbc-88ee-4d13-8be1-c145b68009a5. Zapisano ni bilo nic.
21:20:24     Prebranih zapisov: 1389; SHA-256: 94b795fed5c0e61f34d203f9295b09140639e3376e4e771b86fcc1450fad2c35
21:20:24     Ta posnetek je ze v bazi; vir=BT_STOCK, podjetje=4, cas posnetka=2026-09-15 18:32:34Z, uporabljenih=1389, v karanteni=0, RunId=5a72fede-0aad-49c2-91f4-133e8f4df186. Zapisano ni bilo nic.
21:20:24     konec: Zaloga BT_STOCK
21:20:24  == Zaloga iz SAOP (kolicine) ==
21:20:25     [1] SAOP_STOCK: se ni na vrsti po razporedu; preskoceno.
21:20:25     [2] SAOP_STOCK: se ni na vrsti po razporedu; preskoceno.
21:20:25     [3] SAOP_STOCK: se ni na vrsti po razporedu; preskoceno.
21:20:25     [4] SAOP_STOCK: se ni na vrsti po razporedu; preskoceno.
21:20:25     konec: Zaloga iz SAOP (kolicine)
21:20:25  == Osvezitev cen kataloga ==
21:20:26     Živ SAOP zajem: podjetij=4, končnih točk=1, delta zajem.
21:20:26     [2] IQLighting (SAOP_IQLIGHTING)
21:20:47       GetPrices: strani=2 zapisov=106 — MEJNIK STOJI (SAOP je vrnil 106 zapisov, a so bili enaki že zajetim (dedup po hashu) — ta zagon nima česa preslikati); zapisi ostanejo v raw.Inbox in jih bo naslednji zagon zajel znova
21:20:47       SKUPAJ strani=2 zapisov=106 RunId=408fade7-35ea-4264-89a5-b82d7f2fb47d
21:20:47       OPOZORILO: v raw.Inbox ležijo nepreslikane vrstice iz prejšnjih zagonov: GetPrices=3. Preslikaj jih z --map-run <RunId tistega zagona>; poizvedba: SELECT DISTINCT RunId, EntityType FROM raw.Inbox WHERE Status=N'Pending';
21:20:47       OPOZORILO: pri 1 končnih točkah mejnik stoji. Zajeti podatek leži v raw.Inbox in ga bo naslednji zagon zajel znova; če ga hočeš preslikati brez ponovnega klica, uporabi --map-run 408fade7-35ea-4264-89a5-b82d7f2fb47d.
21:20:47     [3] Vidadria (SAOP_VIDADRIA)
21:21:09       GetPrices: strani=5 zapisov=218 — MEJNIK STOJI (SAOP je vrnil 218 zapisov, a so bili enaki že zajetim (dedup po hashu) — ta zagon nima česa preslikati); zapisi ostanejo v raw.Inbox in jih bo naslednji zagon zajel znova
21:21:09       SKUPAJ strani=5 zapisov=218 RunId=5bd344ca-922d-45a4-be26-f1462605d99e
21:21:09       OPOZORILO: pri 1 končnih točkah mejnik stoji. Zajeti podatek leži v raw.Inbox in ga bo naslednji zagon zajel znova; če ga hočeš preslikati brez ponovnega klica, uporabi --map-run 5bd344ca-922d-45a4-be26-f1462605d99e.
21:21:09     [4] Ediito (SAOP_EDIITO)
21:21:16       GetPrices: strani=2 zapisov=12 — MEJNIK STOJI (SAOP je vrnil 12 zapisov, a so bili enaki že zajetim (dedup po hashu) — ta zagon nima česa preslikati); zapisi ostanejo v raw.Inbox in jih bo naslednji zagon zajel znova
21:21:16       SKUPAJ strani=2 zapisov=12 RunId=872f3253-5c42-4860-a153-8f6388f990f3
21:21:16       OPOZORILO: pri 1 končnih točkah mejnik stoji. Zajeti podatek leži v raw.Inbox in ga bo naslednji zagon zajel znova; če ga hočeš preslikati brez ponovnega klica, uporabi --map-run 872f3253-5c42-4860-a153-8f6388f990f3.
21:21:16     [1] DEMO (SAOP_DEMO)
21:21:20       GetPrices: strani=0 zapisov=0 [4,1 s]
21:21:21       SKUPAJ strani=0 zapisov=0 RunId=0fd50fa7-c928-4d62-9d21-b453fd23725d
21:21:21     konec: Osvezitev cen kataloga
21:21:21  == Izvoz cen in zaloge za splet ==
21:21:23     Izvoz profila MAGENTO_STOCK_PRICES končan: 422 vrstic v C:\Users\david\Desktop\PIM\NoviPIM\izvoz\magento\1
21:21:28     Izvoz profila MAGENTO_STOCK_PRICES končan: 2353 vrstic v C:\Users\david\Desktop\PIM\NoviPIM\izvoz\magento\2
21:21:31     Izvoz profila MAGENTO_STOCK_PRICES končan: 2541 vrstic v C:\Users\david\Desktop\PIM\NoviPIM\izvoz\magento\3
21:21:32     Izvoz profila MAGENTO_STOCK_PRICES končan: 0 vrstic v C:\Users\david\Desktop\PIM\NoviPIM\izvoz\magento\4
21:21:33     konec: Izvoz cen in zaloge za splet
21:21:33  == Osvezitev kataloga in strank s cenami in zalogo (podjetje 2) ==
21:21:40     Magento CSV izvoz končan: C:\Users\david\Desktop\PIM\NoviPIM\izvoz\magento\2
21:21:40     konec: Osvezitev kataloga in strank s cenami in zalogo (podjetje 2)
21:21:40  Zalogovni cikel koncan; padlih korakov: 0.
21:25:14  == Zaloga NW_STOCK ==
21:25:15     SOURCE_FETCH: se ni na vrsti po razporedu; preskoceno.
21:25:16     Prebranih zapisov: 2762; SHA-256: 2944665c56c7c06eac4a13061e2d3a8a4dfe61b850297662c855e2c7a7c6435c
21:25:16     STOCK_FILE pri podjetju 1: se ni na vrsti po razporedu; preskoceno.
21:25:17     Prebranih zapisov: 2762; SHA-256: 2944665c56c7c06eac4a13061e2d3a8a4dfe61b850297662c855e2c7a7c6435c
21:25:17     STOCK_FILE pri podjetju 2: se ni na vrsti po razporedu; preskoceno.
21:25:18     Prebranih zapisov: 2762; SHA-256: 2944665c56c7c06eac4a13061e2d3a8a4dfe61b850297662c855e2c7a7c6435c
21:25:18     STOCK_FILE pri podjetju 3: se ni na vrsti po razporedu; preskoceno.
21:25:19     Prebranih zapisov: 2762; SHA-256: 2944665c56c7c06eac4a13061e2d3a8a4dfe61b850297662c855e2c7a7c6435c
21:25:19     STOCK_FILE pri podjetju 4: se ni na vrsti po razporedu; preskoceno.
21:25:19     konec: Zaloga NW_STOCK
21:25:19  == Zaloga BT_STOCK ==
21:25:20     SOURCE_FETCH: se ni na vrsti po razporedu; preskoceno.
21:25:21     Prebranih zapisov: 1389; SHA-256: 94b795fed5c0e61f34d203f9295b09140639e3376e4e771b86fcc1450fad2c35
21:25:21     STOCK_FILE pri podjetju 1: se ni na vrsti po razporedu; preskoceno.
21:25:22     Prebranih zapisov: 1389; SHA-256: 94b795fed5c0e61f34d203f9295b09140639e3376e4e771b86fcc1450fad2c35
21:25:22     STOCK_FILE pri podjetju 2: se ni na vrsti po razporedu; preskoceno.
21:25:23     Prebranih zapisov: 1389; SHA-256: 94b795fed5c0e61f34d203f9295b09140639e3376e4e771b86fcc1450fad2c35
21:25:23     STOCK_FILE pri podjetju 3: se ni na vrsti po razporedu; preskoceno.
21:25:24     Prebranih zapisov: 1389; SHA-256: 94b795fed5c0e61f34d203f9295b09140639e3376e4e771b86fcc1450fad2c35
21:25:24     STOCK_FILE pri podjetju 4: se ni na vrsti po razporedu; preskoceno.
21:25:24     konec: Zaloga BT_STOCK
21:25:24  == Zaloga iz SAOP (kolicine) ==
21:25:25     [1] SAOP_GETSTOCKS (GetStocks): skladišč=4, zapisov=16, uporabljenih=16, v karanteni=0, RunId=a321ed7d-9cab-4196-b52e-9ad430747550.
21:25:29     [2] SAOP_GETSTOCKS (GetStocks): skladišč=1, zapisov=8772, uporabljenih=8772, v karanteni=0, RunId=fecffa6a-e4be-423d-8db2-c35fd83621ee.
21:25:32     [3] SAOP_REGISTERED_VIEW (RegisteredViewData): skladišč=0, zapisov=3074, uporabljenih=3074, v karanteni=0, RunId=7cd26b50-ad8b-45c6-94cc-ba796c2225f2.
21:25:33     [4] SAOP_GETSTOCKS (GetStocks): skladišč=14, zapisov=3117, uporabljenih=3117, v karanteni=0, RunId=51230fff-055f-47e9-bb1f-a06e0c31ccfb.
21:25:33     konec: Zaloga iz SAOP (kolicine)
21:25:33  == Osvezitev cen kataloga ==
21:25:34     Živ SAOP zajem: podjetij=4, končnih točk=1, delta zajem.
21:25:34     [2] IQLighting (SAOP_IQLIGHTING)
21:25:56       GetPrices: strani=2 zapisov=106 — MEJNIK STOJI (SAOP je vrnil 106 zapisov, a so bili enaki že zajetim (dedup po hashu) — ta zagon nima česa preslikati); zapisi ostanejo v raw.Inbox in jih bo naslednji zagon zajel znova
21:25:56       SKUPAJ strani=2 zapisov=106 RunId=8354ab58-3241-454c-8bbd-b157dbdf0eb0
21:25:56       OPOZORILO: v raw.Inbox ležijo nepreslikane vrstice iz prejšnjih zagonov: GetPrices=3. Preslikaj jih z --map-run <RunId tistega zagona>; poizvedba: SELECT DISTINCT RunId, EntityType FROM raw.Inbox WHERE Status=N'Pending';
21:25:56       OPOZORILO: pri 1 končnih točkah mejnik stoji. Zajeti podatek leži v raw.Inbox in ga bo naslednji zagon zajel znova; če ga hočeš preslikati brez ponovnega klica, uporabi --map-run 8354ab58-3241-454c-8bbd-b157dbdf0eb0.
21:25:56     [3] Vidadria (SAOP_VIDADRIA)
21:26:18       GetPrices: strani=5 zapisov=218 — MEJNIK STOJI (SAOP je vrnil 218 zapisov, a so bili enaki že zajetim (dedup po hashu) — ta zagon nima česa preslikati); zapisi ostanejo v raw.Inbox in jih bo naslednji zagon zajel znova
21:26:18       SKUPAJ strani=5 zapisov=218 RunId=6f863200-7ba4-4995-8d2c-36869d000e29
21:26:18       OPOZORILO: pri 1 končnih točkah mejnik stoji. Zajeti podatek leži v raw.Inbox in ga bo naslednji zagon zajel znova; če ga hočeš preslikati brez ponovnega klica, uporabi --map-run 6f863200-7ba4-4995-8d2c-36869d000e29.
21:26:18     [4] Ediito (SAOP_EDIITO)
21:26:25       GetPrices: strani=2 zapisov=12 — MEJNIK STOJI (SAOP je vrnil 12 zapisov, a so bili enaki že zajetim (dedup po hashu) — ta zagon nima česa preslikati); zapisi ostanejo v raw.Inbox in jih bo naslednji zagon zajel znova
21:26:25       SKUPAJ strani=2 zapisov=12 RunId=47b62fbb-43aa-474d-9b28-7d87937fca34
21:26:25       OPOZORILO: pri 1 končnih točkah mejnik stoji. Zajeti podatek leži v raw.Inbox in ga bo naslednji zagon zajel znova; če ga hočeš preslikati brez ponovnega klica, uporabi --map-run 47b62fbb-43aa-474d-9b28-7d87937fca34.
21:26:25     [1] DEMO (SAOP_DEMO)
21:26:30       GetPrices: strani=0 zapisov=0 [4,1 s]
21:26:30       SKUPAJ strani=0 zapisov=0 RunId=9ddcbba6-1e0a-4541-b046-c187f0e3c43f
21:26:30     konec: Osvezitev cen kataloga
21:26:30  == Izvoz cen in zaloge za splet ==
21:26:33     Izvoz profila MAGENTO_STOCK_PRICES končan: 422 vrstic v C:\Users\david\Desktop\PIM\NoviPIM\izvoz\magento\1
21:26:38     Izvoz profila MAGENTO_STOCK_PRICES končan: 2353 vrstic v C:\Users\david\Desktop\PIM\NoviPIM\izvoz\magento\2
21:26:41     Izvoz profila MAGENTO_STOCK_PRICES končan: 2541 vrstic v C:\Users\david\Desktop\PIM\NoviPIM\izvoz\magento\3
21:26:43     Izvoz profila MAGENTO_STOCK_PRICES končan: 0 vrstic v C:\Users\david\Desktop\PIM\NoviPIM\izvoz\magento\4
21:26:43     konec: Izvoz cen in zaloge za splet
21:26:43  == Osvezitev kataloga in strank s cenami in zalogo (podjetje 2) ==
21:26:51     Magento CSV izvoz končan: C:\Users\david\Desktop\PIM\NoviPIM\izvoz\magento\2
21:26:51     konec: Osvezitev kataloga in strank s cenami in zalogo (podjetje 2)
21:26:51  Zalogovni cikel koncan; padlih korakov: 0.
21:30:14  == Zaloga NW_STOCK ==
21:30:15     [NW_STOCK] preskoceno: Razmik dobavitelja se tece; naslednji prenos po 15. 09. 2026 21:52.
21:30:15     Prevzem koncan: uspesno 0, neuspesno 0, skupaj virov 1.
21:30:16     Prebranih zapisov: 2762; SHA-256: 2944665c56c7c06eac4a13061e2d3a8a4dfe61b850297662c855e2c7a7c6435c
21:30:16     Ta posnetek je ze v bazi; vir=NW_STOCK, podjetje=1, cas posnetka=2026-09-15 17:52:43Z, uporabljenih=2762, v karanteni=0, RunId=459c27f4-39c8-4ab1-99d8-8f15b4ff7683. Zapisano ni bilo nic.
21:30:17     Prebranih zapisov: 2762; SHA-256: 2944665c56c7c06eac4a13061e2d3a8a4dfe61b850297662c855e2c7a7c6435c
21:30:17     Ta posnetek je ze v bazi; vir=NW_STOCK, podjetje=2, cas posnetka=2026-09-15 17:52:43Z, uporabljenih=2762, v karanteni=0, RunId=de6757e4-c970-4ca3-8858-d89042caf81f. Zapisano ni bilo nic.
21:30:18     Prebranih zapisov: 2762; SHA-256: 2944665c56c7c06eac4a13061e2d3a8a4dfe61b850297662c855e2c7a7c6435c
21:30:18     Ta posnetek je ze v bazi; vir=NW_STOCK, podjetje=3, cas posnetka=2026-09-15 17:52:43Z, uporabljenih=2762, v karanteni=0, RunId=8a508903-792e-4631-94fe-be541ec5c291. Zapisano ni bilo nic.
21:30:19     Prebranih zapisov: 2762; SHA-256: 2944665c56c7c06eac4a13061e2d3a8a4dfe61b850297662c855e2c7a7c6435c
21:30:19     Ta posnetek je ze v bazi; vir=NW_STOCK, podjetje=4, cas posnetka=2026-09-15 17:52:43Z, uporabljenih=2762, v karanteni=0, RunId=d78dceff-7a9e-427b-bce2-13cf57ed279d. Zapisano ni bilo nic.
21:30:19     konec: Zaloga NW_STOCK
21:30:19  == Zaloga BT_STOCK ==
21:30:20     SOURCE_FETCH: se ni na vrsti po razporedu; preskoceno.
21:30:21     Prebranih zapisov: 1389; SHA-256: 94b795fed5c0e61f34d203f9295b09140639e3376e4e771b86fcc1450fad2c35
21:30:21     STOCK_FILE pri podjetju 1: se ni na vrsti po razporedu; preskoceno.
21:30:22     Prebranih zapisov: 1389; SHA-256: 94b795fed5c0e61f34d203f9295b09140639e3376e4e771b86fcc1450fad2c35
21:30:22     STOCK_FILE pri podjetju 2: se ni na vrsti po razporedu; preskoceno.
21:30:23     Prebranih zapisov: 1389; SHA-256: 94b795fed5c0e61f34d203f9295b09140639e3376e4e771b86fcc1450fad2c35
21:30:23     STOCK_FILE pri podjetju 3: se ni na vrsti po razporedu; preskoceno.
21:30:24     Prebranih zapisov: 1389; SHA-256: 94b795fed5c0e61f34d203f9295b09140639e3376e4e771b86fcc1450fad2c35
21:30:24     STOCK_FILE pri podjetju 4: se ni na vrsti po razporedu; preskoceno.
21:30:24     konec: Zaloga BT_STOCK
21:30:24  == Zaloga iz SAOP (kolicine) ==
21:30:26     [1] SAOP_GETSTOCKS (GetStocks): skladišč=4, zapisov=16, uporabljenih=16, v karanteni=0, RunId=c8d3de85-3959-43c0-8763-125af7020b33.
21:30:30     [2] SAOP_GETSTOCKS (GetStocks): skladišč=1, zapisov=8772, uporabljenih=8772, v karanteni=0, RunId=650287b3-b78a-422e-93ea-cd6f707b39a1.
21:30:32     [3] SAOP_REGISTERED_VIEW (RegisteredViewData): skladišč=0, zapisov=3074, uporabljenih=3074, v karanteni=0, RunId=ea086c88-3fd7-430c-bbfa-7249fc8c4b5d.
21:30:34     [4] SAOP_GETSTOCKS (GetStocks): skladišč=14, zapisov=3117, uporabljenih=3117, v karanteni=0, RunId=354173b3-8209-4993-b2cf-2fe7ee92e48d.
21:30:34     konec: Zaloga iz SAOP (kolicine)
21:30:34  == Osvezitev cen kataloga ==
21:30:34     Živ SAOP zajem: podjetij=4, končnih točk=1, delta zajem.
21:30:34     [2] IQLighting (SAOP_IQLIGHTING)
21:30:56       GetPrices: strani=2 zapisov=106 — MEJNIK STOJI (SAOP je vrnil 106 zapisov, a so bili enaki že zajetim (dedup po hashu) — ta zagon nima česa preslikati); zapisi ostanejo v raw.Inbox in jih bo naslednji zagon zajel znova
21:30:56       SKUPAJ strani=2 zapisov=106 RunId=2feb89ef-4d6f-4afe-9eae-4942e847c2fe
21:30:56       OPOZORILO: v raw.Inbox ležijo nepreslikane vrstice iz prejšnjih zagonov: GetPrices=3. Preslikaj jih z --map-run <RunId tistega zagona>; poizvedba: SELECT DISTINCT RunId, EntityType FROM raw.Inbox WHERE Status=N'Pending';
21:30:56       OPOZORILO: pri 1 končnih točkah mejnik stoji. Zajeti podatek leži v raw.Inbox in ga bo naslednji zagon zajel znova; če ga hočeš preslikati brez ponovnega klica, uporabi --map-run 2feb89ef-4d6f-4afe-9eae-4942e847c2fe.
21:30:56     [3] Vidadria (SAOP_VIDADRIA)
21:31:18       GetPrices: strani=5 zapisov=218 — MEJNIK STOJI (SAOP je vrnil 218 zapisov, a so bili enaki že zajetim (dedup po hashu) — ta zagon nima česa preslikati); zapisi ostanejo v raw.Inbox in jih bo naslednji zagon zajel znova
21:31:18       SKUPAJ strani=5 zapisov=218 RunId=5b3f794e-626c-4b23-be58-97f35d7c71fb
21:31:18       OPOZORILO: pri 1 končnih točkah mejnik stoji. Zajeti podatek leži v raw.Inbox in ga bo naslednji zagon zajel znova; če ga hočeš preslikati brez ponovnega klica, uporabi --map-run 5b3f794e-626c-4b23-be58-97f35d7c71fb.
21:31:18     [4] Ediito (SAOP_EDIITO)
21:31:25       GetPrices: strani=2 zapisov=12 — MEJNIK STOJI (SAOP je vrnil 12 zapisov, a so bili enaki že zajetim (dedup po hashu) — ta zagon nima česa preslikati); zapisi ostanejo v raw.Inbox in jih bo naslednji zagon zajel znova
21:31:25       SKUPAJ strani=2 zapisov=12 RunId=088c5ae3-f4cf-440e-ab8f-37967e7ad8d0
21:31:25       OPOZORILO: pri 1 končnih točkah mejnik stoji. Zajeti podatek leži v raw.Inbox in ga bo naslednji zagon zajel znova; če ga hočeš preslikati brez ponovnega klica, uporabi --map-run 088c5ae3-f4cf-440e-ab8f-37967e7ad8d0.
21:31:25     [1] DEMO (SAOP_DEMO)
21:31:30       GetPrices: strani=0 zapisov=0 [4,1 s]
21:31:30       SKUPAJ strani=0 zapisov=0 RunId=0723643d-af4a-44ee-966b-dc0768b42c90
21:31:30     konec: Osvezitev cen kataloga
21:31:30  == Izvoz cen in zaloge za splet ==
21:31:32     Izvoz profila MAGENTO_STOCK_PRICES končan: 422 vrstic v C:\Users\david\Desktop\PIM\NoviPIM\izvoz\magento\1
21:31:37     Izvoz profila MAGENTO_STOCK_PRICES končan: 2353 vrstic v C:\Users\david\Desktop\PIM\NoviPIM\izvoz\magento\2
21:31:40     Izvoz profila MAGENTO_STOCK_PRICES končan: 2541 vrstic v C:\Users\david\Desktop\PIM\NoviPIM\izvoz\magento\3
21:31:42     Izvoz profila MAGENTO_STOCK_PRICES končan: 0 vrstic v C:\Users\david\Desktop\PIM\NoviPIM\izvoz\magento\4
21:31:42     konec: Izvoz cen in zaloge za splet
21:31:42  == Osvezitev kataloga in strank s cenami in zalogo (podjetje 2) ==
21:31:49     Magento CSV izvoz končan: C:\Users\david\Desktop\PIM\NoviPIM\izvoz\magento
21:31:49     konec: Osvezitev kataloga in strank s cenami in zalogo (podjetje 2)
21:31:49  Zalogovni cikel koncan; padlih korakov: 0.
21:35:14  == Zaloga NW_STOCK ==
21:35:15     SOURCE_FETCH: se ni na vrsti po razporedu; preskoceno.
21:35:16     Prebranih zapisov: 2762; SHA-256: 2944665c56c7c06eac4a13061e2d3a8a4dfe61b850297662c855e2c7a7c6435c
21:35:16     STOCK_FILE pri podjetju 1: se ni na vrsti po razporedu; preskoceno.
21:35:17     Prebranih zapisov: 2762; SHA-256: 2944665c56c7c06eac4a13061e2d3a8a4dfe61b850297662c855e2c7a7c6435c
21:35:17     STOCK_FILE pri podjetju 2: se ni na vrsti po razporedu; preskoceno.
21:35:18     Prebranih zapisov: 2762; SHA-256: 2944665c56c7c06eac4a13061e2d3a8a4dfe61b850297662c855e2c7a7c6435c
21:35:18     STOCK_FILE pri podjetju 3: se ni na vrsti po razporedu; preskoceno.
21:35:19     Prebranih zapisov: 2762; SHA-256: 2944665c56c7c06eac4a13061e2d3a8a4dfe61b850297662c855e2c7a7c6435c
21:35:19     STOCK_FILE pri podjetju 4: se ni na vrsti po razporedu; preskoceno.
21:35:19     konec: Zaloga NW_STOCK
21:35:19  == Zaloga BT_STOCK ==
21:35:20     [BT_STOCK] preskoceno: Razmik dobavitelja se tece; naslednji prenos po 15. 09. 2026 23:32.
21:35:20     Prevzem koncan: uspesno 0, neuspesno 0, skupaj virov 1.
21:35:21     Prebranih zapisov: 1389; SHA-256: 94b795fed5c0e61f34d203f9295b09140639e3376e4e771b86fcc1450fad2c35
21:35:21     Ta posnetek je ze v bazi; vir=BT_STOCK, podjetje=1, cas posnetka=2026-09-15 18:32:34Z, uporabljenih=1389, v karanteni=0, RunId=d5937296-5c39-429d-92e4-3d1e4d225264. Zapisano ni bilo nic.
21:35:22     Prebranih zapisov: 1389; SHA-256: 94b795fed5c0e61f34d203f9295b09140639e3376e4e771b86fcc1450fad2c35
21:35:22     Ta posnetek je ze v bazi; vir=BT_STOCK, podjetje=2, cas posnetka=2026-09-15 18:32:34Z, uporabljenih=1389, v karanteni=0, RunId=00d73a91-58ac-4c88-87ed-69fe7e68d9e3. Zapisano ni bilo nic.
21:35:23     Prebranih zapisov: 1389; SHA-256: 94b795fed5c0e61f34d203f9295b09140639e3376e4e771b86fcc1450fad2c35
21:35:23     Ta posnetek je ze v bazi; vir=BT_STOCK, podjetje=3, cas posnetka=2026-09-15 18:32:34Z, uporabljenih=1389, v karanteni=0, RunId=9a0d0bbc-88ee-4d13-8be1-c145b68009a5. Zapisano ni bilo nic.
21:35:24     Prebranih zapisov: 1389; SHA-256: 94b795fed5c0e61f34d203f9295b09140639e3376e4e771b86fcc1450fad2c35
21:35:24     Ta posnetek je ze v bazi; vir=BT_STOCK, podjetje=4, cas posnetka=2026-09-15 18:32:34Z, uporabljenih=1389, v karanteni=0, RunId=5a72fede-0aad-49c2-91f4-133e8f4df186. Zapisano ni bilo nic.
21:35:24     konec: Zaloga BT_STOCK
21:35:24  == Zaloga iz SAOP (kolicine) ==
21:35:26     [1] SAOP_GETSTOCKS (GetStocks): skladišč=4, zapisov=16, uporabljenih=16, v karanteni=0, RunId=6547735f-f5fa-4fab-aedd-aa1c8d4928c6.
21:35:30     [2] SAOP_GETSTOCKS (GetStocks): skladišč=1, zapisov=8772, uporabljenih=8772, v karanteni=0, RunId=e2c71e90-5075-40e6-9365-6937aeaafe6b.
21:35:30     [3] SAOP_STOCK: se ni na vrsti po razporedu; preskoceno.
21:35:30     [4] SAOP_STOCK: se ni na vrsti po razporedu; preskoceno.
21:35:30     konec: Zaloga iz SAOP (kolicine)
21:35:30  == Osvezitev cen kataloga ==
21:35:30     Živ SAOP zajem: podjetij=4, končnih točk=1, delta zajem.
21:35:30     [2] IQLighting (SAOP_IQLIGHTING)
21:35:52       GetPrices: strani=2 zapisov=106 — MEJNIK STOJI (SAOP je vrnil 106 zapisov, a so bili enaki že zajetim (dedup po hashu) — ta zagon nima česa preslikati); zapisi ostanejo v raw.Inbox in jih bo naslednji zagon zajel znova
21:35:52       SKUPAJ strani=2 zapisov=106 RunId=b6545391-f8fd-4154-b5f3-2f266a9bdda0
21:35:52       OPOZORILO: v raw.Inbox ležijo nepreslikane vrstice iz prejšnjih zagonov: GetPrices=3. Preslikaj jih z --map-run <RunId tistega zagona>; poizvedba: SELECT DISTINCT RunId, EntityType FROM raw.Inbox WHERE Status=N'Pending';
21:35:52       OPOZORILO: pri 1 končnih točkah mejnik stoji. Zajeti podatek leži v raw.Inbox in ga bo naslednji zagon zajel znova; če ga hočeš preslikati brez ponovnega klica, uporabi --map-run b6545391-f8fd-4154-b5f3-2f266a9bdda0.
21:35:52     [3] Vidadria (SAOP_VIDADRIA)
21:36:19       GetPrices: strani=5 zapisov=218 — MEJNIK STOJI (SAOP je vrnil 218 zapisov, a so bili enaki že zajetim (dedup po hashu) — ta zagon nima česa preslikati); zapisi ostanejo v raw.Inbox in jih bo naslednji zagon zajel znova
21:36:19       SKUPAJ strani=5 zapisov=218 RunId=f944761e-e29f-4965-a172-f7b6458825d7
21:36:19       OPOZORILO: pri 1 končnih točkah mejnik stoji. Zajeti podatek leži v raw.Inbox in ga bo naslednji zagon zajel znova; če ga hočeš preslikati brez ponovnega klica, uporabi --map-run f944761e-e29f-4965-a172-f7b6458825d7.
21:36:19     [4] Ediito (SAOP_EDIITO)
21:36:27       GetPrices: strani=2 zapisov=12 — MEJNIK STOJI (SAOP je vrnil 12 zapisov, a so bili enaki že zajetim (dedup po hashu) — ta zagon nima česa preslikati); zapisi ostanejo v raw.Inbox in jih bo naslednji zagon zajel znova
21:36:27       SKUPAJ strani=2 zapisov=12 RunId=ccdd4e6a-7dbe-493b-90ab-b432ed5c8c38
21:36:27       OPOZORILO: pri 1 končnih točkah mejnik stoji. Zajeti podatek leži v raw.Inbox in ga bo naslednji zagon zajel znova; če ga hočeš preslikati brez ponovnega klica, uporabi --map-run ccdd4e6a-7dbe-493b-90ab-b432ed5c8c38.
21:36:27     [1] DEMO (SAOP_DEMO)
21:36:31       GetPrices: strani=0 zapisov=0 [4,1 s]
21:36:31       SKUPAJ strani=0 zapisov=0 RunId=8e8f6b60-0760-4f34-b960-45bf0defcc4a
21:36:31     konec: Osvezitev cen kataloga
21:36:31  == Izvoz cen in zaloge za splet ==
21:36:34     Izvoz profila MAGENTO_STOCK_PRICES končan: 422 vrstic v C:\Users\david\Desktop\PIM\NoviPIM\izvoz\magento\1
21:36:39     Izvoz profila MAGENTO_STOCK_PRICES končan: 2353 vrstic v C:\Users\david\Desktop\PIM\NoviPIM\izvoz\magento\2
21:36:42     Izvoz profila MAGENTO_STOCK_PRICES končan: 2541 vrstic v C:\Users\david\Desktop\PIM\NoviPIM\izvoz\magento\3
21:36:44     Izvoz profila MAGENTO_STOCK_PRICES končan: 0 vrstic v C:\Users\david\Desktop\PIM\NoviPIM\izvoz\magento\4
21:36:44     konec: Izvoz cen in zaloge za splet
21:36:44  == Osvezitev kataloga in strank s cenami in zalogo (podjetje 2) ==
21:36:52     Magento CSV izvoz končan: C:\Users\david\Desktop\PIM\NoviPIM\izvoz\magento
21:36:52     konec: Osvezitev kataloga in strank s cenami in zalogo (podjetje 2)
21:36:52  Zalogovni cikel koncan; padlih korakov: 0.
21:40:14  == Zaloga NW_STOCK ==
21:40:15     SOURCE_FETCH: se ni na vrsti po razporedu; preskoceno.
21:40:16     Prebranih zapisov: 2762; SHA-256: 2944665c56c7c06eac4a13061e2d3a8a4dfe61b850297662c855e2c7a7c6435c
21:40:16     STOCK_FILE pri podjetju 1: se ni na vrsti po razporedu; preskoceno.
21:40:17     Prebranih zapisov: 2762; SHA-256: 2944665c56c7c06eac4a13061e2d3a8a4dfe61b850297662c855e2c7a7c6435c
21:40:17     STOCK_FILE pri podjetju 2: se ni na vrsti po razporedu; preskoceno.
21:40:18     Prebranih zapisov: 2762; SHA-256: 2944665c56c7c06eac4a13061e2d3a8a4dfe61b850297662c855e2c7a7c6435c
21:40:18     STOCK_FILE pri podjetju 3: se ni na vrsti po razporedu; preskoceno.
21:40:19     Prebranih zapisov: 2762; SHA-256: 2944665c56c7c06eac4a13061e2d3a8a4dfe61b850297662c855e2c7a7c6435c
21:40:19     STOCK_FILE pri podjetju 4: se ni na vrsti po razporedu; preskoceno.
21:40:19     konec: Zaloga NW_STOCK
21:40:19  == Zaloga BT_STOCK ==
21:40:20     [BT_STOCK] preskoceno: Razmik dobavitelja se tece; naslednji prenos po 15. 09. 2026 23:32.
21:40:20     Prevzem koncan: uspesno 0, neuspesno 0, skupaj virov 1.
21:40:21     Prebranih zapisov: 1389; SHA-256: 94b795fed5c0e61f34d203f9295b09140639e3376e4e771b86fcc1450fad2c35
21:40:21     Ta posnetek je ze v bazi; vir=BT_STOCK, podjetje=1, cas posnetka=2026-09-15 18:32:34Z, uporabljenih=1389, v karanteni=0, RunId=d5937296-5c39-429d-92e4-3d1e4d225264. Zapisano ni bilo nic.
21:40:22     Prebranih zapisov: 1389; SHA-256: 94b795fed5c0e61f34d203f9295b09140639e3376e4e771b86fcc1450fad2c35
21:40:22     Ta posnetek je ze v bazi; vir=BT_STOCK, podjetje=2, cas posnetka=2026-09-15 18:32:34Z, uporabljenih=1389, v karanteni=0, RunId=00d73a91-58ac-4c88-87ed-69fe7e68d9e3. Zapisano ni bilo nic.
21:40:23     Prebranih zapisov: 1389; SHA-256: 94b795fed5c0e61f34d203f9295b09140639e3376e4e771b86fcc1450fad2c35
21:40:23     Ta posnetek je ze v bazi; vir=BT_STOCK, podjetje=3, cas posnetka=2026-09-15 18:32:34Z, uporabljenih=1389, v karanteni=0, RunId=9a0d0bbc-88ee-4d13-8be1-c145b68009a5. Zapisano ni bilo nic.
21:40:24     Prebranih zapisov: 1389; SHA-256: 94b795fed5c0e61f34d203f9295b09140639e3376e4e771b86fcc1450fad2c35
21:40:24     Ta posnetek je ze v bazi; vir=BT_STOCK, podjetje=4, cas posnetka=2026-09-15 18:32:34Z, uporabljenih=1389, v karanteni=0, RunId=5a72fede-0aad-49c2-91f4-133e8f4df186. Zapisano ni bilo nic.
21:40:25     konec: Zaloga BT_STOCK
21:40:25  == Zaloga iz SAOP (kolicine) ==
21:40:25     STDERR: Manjka nastavitev Saop (BaseUrl, Username, Password) v appsettings.Local.json.
21:40:25     STDERR: Uporaba: PIM.SaopStockWorker [--organizations 2,3] [--page-size N] [--base-url URL] [--samo-nastavitve] [--dostave [--max-dostave N]]
21:40:25     NAPAKA: worker workers\PIM.SaopStockWorker je koncal z izhodno kodo 2
21:40:25  == Osvezitev cen kataloga ==
21:40:27     Živ SAOP zajem: podjetij=4, končnih točk=1, delta zajem.
21:40:27     [2] IQLighting (SAOP_IQLIGHTING)
21:40:48       GetPrices: strani=2 zapisov=106 — MEJNIK STOJI (SAOP je vrnil 106 zapisov, a so bili enaki že zajetim (dedup po hashu) — ta zagon nima česa preslikati); zapisi ostanejo v raw.Inbox in jih bo naslednji zagon zajel znova
21:40:48       SKUPAJ strani=2 zapisov=106 RunId=8e546b44-201b-493b-831c-ce22c622f218
21:40:48       OPOZORILO: v raw.Inbox ležijo nepreslikane vrstice iz prejšnjih zagonov: GetPrices=3. Preslikaj jih z --map-run <RunId tistega zagona>; poizvedba: SELECT DISTINCT RunId, EntityType FROM raw.Inbox WHERE Status=N'Pending';
21:40:48       OPOZORILO: pri 1 končnih točkah mejnik stoji. Zajeti podatek leži v raw.Inbox in ga bo naslednji zagon zajel znova; če ga hočeš preslikati brez ponovnega klica, uporabi --map-run 8e546b44-201b-493b-831c-ce22c622f218.
21:40:48     [3] Vidadria (SAOP_VIDADRIA)
21:41:10       GetPrices: strani=5 zapisov=218 — MEJNIK STOJI (SAOP je vrnil 218 zapisov, a so bili enaki že zajetim (dedup po hashu) — ta zagon nima česa preslikati); zapisi ostanejo v raw.Inbox in jih bo naslednji zagon zajel znova
21:41:10       SKUPAJ strani=5 zapisov=218 RunId=77c7e9e8-e14c-4791-a823-769385fae883
21:41:10       OPOZORILO: pri 1 končnih točkah mejnik stoji. Zajeti podatek leži v raw.Inbox in ga bo naslednji zagon zajel znova; če ga hočeš preslikati brez ponovnega klica, uporabi --map-run 77c7e9e8-e14c-4791-a823-769385fae883.
21:41:10     [4] Ediito (SAOP_EDIITO)
21:41:18       GetPrices: strani=2 zapisov=12 — MEJNIK STOJI (SAOP je vrnil 12 zapisov, a so bili enaki že zajetim (dedup po hashu) — ta zagon nima česa preslikati); zapisi ostanejo v raw.Inbox in jih bo naslednji zagon zajel znova
21:41:18       SKUPAJ strani=2 zapisov=12 RunId=3cdc6131-7a42-4ba9-95a7-1507e3ac899d
21:41:18       OPOZORILO: pri 1 končnih točkah mejnik stoji. Zajeti podatek leži v raw.Inbox in ga bo naslednji zagon zajel znova; če ga hočeš preslikati brez ponovnega klica, uporabi --map-run 3cdc6131-7a42-4ba9-95a7-1507e3ac899d.
21:41:18     [1] DEMO (SAOP_DEMO)
21:41:23       GetPrices: strani=0 zapisov=0 [4,3 s]
21:41:23       SKUPAJ strani=0 zapisov=0 RunId=0b6dc657-0062-4f81-a102-6f0b96edd332
21:41:23     konec: Osvezitev cen kataloga
21:41:23  == Izvoz cen in zaloge za splet ==
21:41:26     Izvoz profila MAGENTO_STOCK_PRICES končan: 422 vrstic v C:\Users\david\Desktop\PIM\NoviPIM\izvoz\magento\1
21:41:31     Izvoz profila MAGENTO_STOCK_PRICES končan: 2353 vrstic v C:\Users\david\Desktop\PIM\NoviPIM\izvoz\magento\2
21:41:35     Izvoz profila MAGENTO_STOCK_PRICES končan: 2541 vrstic v C:\Users\david\Desktop\PIM\NoviPIM\izvoz\magento\3
21:41:37     Izvoz profila MAGENTO_STOCK_PRICES končan: 0 vrstic v C:\Users\david\Desktop\PIM\NoviPIM\izvoz\magento\4
21:41:37     konec: Izvoz cen in zaloge za splet
21:41:37  == Osvezitev kataloga in strank s cenami in zalogo (podjetje 2) ==
21:41:45     Magento CSV izvoz končan: C:\Users\david\Desktop\PIM\NoviPIM\izvoz\magento
21:41:45     konec: Osvezitev kataloga in strank s cenami in zalogo (podjetje 2)
21:41:45  Zalogovni cikel koncan; padlih korakov: 1.
21:45:14  == Zaloga NW_STOCK ==
21:45:16     SOURCE_FETCH: se ni na vrsti po razporedu; preskoceno.
21:45:17     Prebranih zapisov: 2762; SHA-256: 2944665c56c7c06eac4a13061e2d3a8a4dfe61b850297662c855e2c7a7c6435c
21:45:17     STOCK_FILE pri podjetju 1: se ni na vrsti po razporedu; preskoceno.
21:45:18     Prebranih zapisov: 2762; SHA-256: 2944665c56c7c06eac4a13061e2d3a8a4dfe61b850297662c855e2c7a7c6435c
21:45:18     STOCK_FILE pri podjetju 2: se ni na vrsti po razporedu; preskoceno.
21:45:19     Prebranih zapisov: 2762; SHA-256: 2944665c56c7c06eac4a13061e2d3a8a4dfe61b850297662c855e2c7a7c6435c
21:45:19     STOCK_FILE pri podjetju 3: se ni na vrsti po razporedu; preskoceno.
21:45:20     Prebranih zapisov: 2762; SHA-256: 2944665c56c7c06eac4a13061e2d3a8a4dfe61b850297662c855e2c7a7c6435c
21:45:21     STOCK_FILE pri podjetju 4: se ni na vrsti po razporedu; preskoceno.
21:45:21     konec: Zaloga NW_STOCK
21:45:21  == Zaloga BT_STOCK ==
21:45:22     [BT_STOCK] preskoceno: Razmik dobavitelja se tece; naslednji prenos po 15. 09. 2026 23:32.
21:45:22     Prevzem koncan: uspesno 0, neuspesno 0, skupaj virov 1.
21:45:23     Prebranih zapisov: 1389; SHA-256: 94b795fed5c0e61f34d203f9295b09140639e3376e4e771b86fcc1450fad2c35
21:45:23     Ta posnetek je ze v bazi; vir=BT_STOCK, podjetje=1, cas posnetka=2026-09-15 18:32:34Z, uporabljenih=1389, v karanteni=0, RunId=d5937296-5c39-429d-92e4-3d1e4d225264. Zapisano ni bilo nic.
21:45:24     Prebranih zapisov: 1389; SHA-256: 94b795fed5c0e61f34d203f9295b09140639e3376e4e771b86fcc1450fad2c35
21:45:25     Ta posnetek je ze v bazi; vir=BT_STOCK, podjetje=2, cas posnetka=2026-09-15 18:32:34Z, uporabljenih=1389, v karanteni=0, RunId=00d73a91-58ac-4c88-87ed-69fe7e68d9e3. Zapisano ni bilo nic.
21:45:26     Prebranih zapisov: 1389; SHA-256: 94b795fed5c0e61f34d203f9295b09140639e3376e4e771b86fcc1450fad2c35
21:45:26     Ta posnetek je ze v bazi; vir=BT_STOCK, podjetje=3, cas posnetka=2026-09-15 18:32:34Z, uporabljenih=1389, v karanteni=0, RunId=9a0d0bbc-88ee-4d13-8be1-c145b68009a5. Zapisano ni bilo nic.
21:45:27     Prebranih zapisov: 1389; SHA-256: 94b795fed5c0e61f34d203f9295b09140639e3376e4e771b86fcc1450fad2c35
21:45:27     Ta posnetek je ze v bazi; vir=BT_STOCK, podjetje=4, cas posnetka=2026-09-15 18:32:34Z, uporabljenih=1389, v karanteni=0, RunId=5a72fede-0aad-49c2-91f4-133e8f4df186. Zapisano ni bilo nic.
21:45:27     konec: Zaloga BT_STOCK
21:45:27  == Zaloga iz SAOP (kolicine) ==
21:45:28     STDERR: Manjka nastavitev Saop (BaseUrl, Username, Password) v appsettings.Local.json.
21:45:28     STDERR: Uporaba: PIM.SaopStockWorker [--organizations 2,3] [--page-size N] [--base-url URL] [--samo-nastavitve] [--dostave [--max-dostave N]]
21:45:28     NAPAKA: worker workers\PIM.SaopStockWorker je koncal z izhodno kodo 2
21:45:28  == Osvezitev cen kataloga ==
21:45:29     Živ SAOP zajem: podjetij=4, končnih točk=1, delta zajem.
21:45:29     [2] IQLighting (SAOP_IQLIGHTING)
21:45:53       GetPrices: strani=2 zapisov=106 — MEJNIK STOJI (SAOP je vrnil 106 zapisov, a so bili enaki že zajetim (dedup po hashu) — ta zagon nima česa preslikati); zapisi ostanejo v raw.Inbox in jih bo naslednji zagon zajel znova
21:45:55       SKUPAJ strani=2 zapisov=106 RunId=397a15b7-2eb3-46d0-af20-c602ce93ad1b
21:45:55       OPOZORILO: v raw.Inbox ležijo nepreslikane vrstice iz prejšnjih zagonov: GetPrices=3. Preslikaj jih z --map-run <RunId tistega zagona>; poizvedba: SELECT DISTINCT RunId, EntityType FROM raw.Inbox WHERE Status=N'Pending';
21:45:55       OPOZORILO: pri 1 končnih točkah mejnik stoji. Zajeti podatek leži v raw.Inbox in ga bo naslednji zagon zajel znova; če ga hočeš preslikati brez ponovnega klica, uporabi --map-run 397a15b7-2eb3-46d0-af20-c602ce93ad1b.
21:45:55     [3] Vidadria (SAOP_VIDADRIA)
21:46:17       GetPrices: strani=5 zapisov=218 — MEJNIK STOJI (SAOP je vrnil 218 zapisov, a so bili enaki že zajetim (dedup po hashu) — ta zagon nima česa preslikati); zapisi ostanejo v raw.Inbox in jih bo naslednji zagon zajel znova
21:46:17       SKUPAJ strani=5 zapisov=218 RunId=b949590d-6a45-4aef-94ca-bc8edcb6b929
21:46:17       OPOZORILO: pri 1 končnih točkah mejnik stoji. Zajeti podatek leži v raw.Inbox in ga bo naslednji zagon zajel znova; če ga hočeš preslikati brez ponovnega klica, uporabi --map-run b949590d-6a45-4aef-94ca-bc8edcb6b929.
21:46:17     [4] Ediito (SAOP_EDIITO)
21:46:24       GetPrices: strani=2 zapisov=12 — MEJNIK STOJI (SAOP je vrnil 12 zapisov, a so bili enaki že zajetim (dedup po hashu) — ta zagon nima česa preslikati); zapisi ostanejo v raw.Inbox in jih bo naslednji zagon zajel znova
21:46:25       SKUPAJ strani=2 zapisov=12 RunId=88ac95e2-a189-493f-a3cf-9d4a3eb690ed
21:46:25       OPOZORILO: pri 1 končnih točkah mejnik stoji. Zajeti podatek leži v raw.Inbox in ga bo naslednji zagon zajel znova; če ga hočeš preslikati brez ponovnega klica, uporabi --map-run 88ac95e2-a189-493f-a3cf-9d4a3eb690ed.
21:46:26     [1] DEMO (SAOP_DEMO)
21:46:32       GetPrices: strani=0 zapisov=0 [4,1 s]
21:46:34       SKUPAJ strani=0 zapisov=0 RunId=d007154b-f2bf-40c0-a679-53590df26dbb
21:46:34     konec: Osvezitev cen kataloga
21:46:34  == Izvoz cen in zaloge za splet ==
21:46:50     Izvoz profila MAGENTO_STOCK_PRICES končan: 422 vrstic v C:\Users\david\Desktop\PIM\NoviPIM\izvoz\magento\1
21:46:55     Izvoz profila MAGENTO_STOCK_PRICES končan: 2353 vrstic v C:\Users\david\Desktop\PIM\NoviPIM\izvoz\magento\2
21:46:59     Izvoz profila MAGENTO_STOCK_PRICES končan: 2541 vrstic v C:\Users\david\Desktop\PIM\NoviPIM\izvoz\magento\3
21:47:02     Izvoz profila MAGENTO_STOCK_PRICES končan: 0 vrstic v C:\Users\david\Desktop\PIM\NoviPIM\izvoz\magento\4
21:47:02     konec: Izvoz cen in zaloge za splet
21:47:02  == Osvezitev kataloga in strank s cenami in zalogo (podjetje 2) ==
21:47:11     Magento CSV izvoz končan: C:\Users\david\Desktop\PIM\NoviPIM\izvoz\magento
21:47:11     konec: Osvezitev kataloga in strank s cenami in zalogo (podjetje 2)
21:47:11  Zalogovni cikel koncan; padlih korakov: 1.
21:50:14  == Zaloga NW_STOCK ==
21:50:15     SOURCE_FETCH: se ni na vrsti po razporedu; preskoceno.
21:50:16     Prebranih zapisov: 2762; SHA-256: 2944665c56c7c06eac4a13061e2d3a8a4dfe61b850297662c855e2c7a7c6435c
21:50:17     STOCK_FILE pri podjetju 1: se ni na vrsti po razporedu; preskoceno.
21:50:17     Prebranih zapisov: 2762; SHA-256: 2944665c56c7c06eac4a13061e2d3a8a4dfe61b850297662c855e2c7a7c6435c
21:50:18     STOCK_FILE pri podjetju 2: se ni na vrsti po razporedu; preskoceno.
21:50:18     Prebranih zapisov: 2762; SHA-256: 2944665c56c7c06eac4a13061e2d3a8a4dfe61b850297662c855e2c7a7c6435c
21:50:19     STOCK_FILE pri podjetju 3: se ni na vrsti po razporedu; preskoceno.
21:50:19     Prebranih zapisov: 2762; SHA-256: 2944665c56c7c06eac4a13061e2d3a8a4dfe61b850297662c855e2c7a7c6435c
21:50:20     STOCK_FILE pri podjetju 4: se ni na vrsti po razporedu; preskoceno.
21:50:20     konec: Zaloga NW_STOCK
21:50:20  == Zaloga BT_STOCK ==
21:50:21     SOURCE_FETCH: se ni na vrsti po razporedu; preskoceno.
21:50:22     Prebranih zapisov: 1389; SHA-256: 94b795fed5c0e61f34d203f9295b09140639e3376e4e771b86fcc1450fad2c35
21:50:22     STOCK_FILE pri podjetju 1: se ni na vrsti po razporedu; preskoceno.
21:50:23     Prebranih zapisov: 1389; SHA-256: 94b795fed5c0e61f34d203f9295b09140639e3376e4e771b86fcc1450fad2c35
21:50:23     STOCK_FILE pri podjetju 2: se ni na vrsti po razporedu; preskoceno.
21:50:24     Prebranih zapisov: 1389; SHA-256: 94b795fed5c0e61f34d203f9295b09140639e3376e4e771b86fcc1450fad2c35
21:50:24     STOCK_FILE pri podjetju 3: se ni na vrsti po razporedu; preskoceno.
21:50:25     Prebranih zapisov: 1389; SHA-256: 94b795fed5c0e61f34d203f9295b09140639e3376e4e771b86fcc1450fad2c35
21:50:25     STOCK_FILE pri podjetju 4: se ni na vrsti po razporedu; preskoceno.
21:50:25     konec: Zaloga BT_STOCK
21:50:25  == Zaloga iz SAOP (kolicine) ==
21:50:26     STDERR: Manjka nastavitev Saop (BaseUrl, Username, Password) v appsettings.Local.json.
21:50:26     STDERR: Uporaba: PIM.SaopStockWorker [--organizations 2,3] [--page-size N] [--base-url URL] [--samo-nastavitve] [--dostave [--max-dostave N]]
21:50:26     NAPAKA: worker workers\PIM.SaopStockWorker je koncal z izhodno kodo 2
21:50:26  == Osvezitev cen kataloga ==
21:50:27     Živ SAOP zajem: podjetij=4, končnih točk=1, delta zajem.
21:50:27     [2] IQLighting (SAOP_IQLIGHTING)
21:50:55       GetPrices: strani=2 zapisov=106 — MEJNIK STOJI (SAOP je vrnil 106 zapisov, a so bili enaki že zajetim (dedup po hashu) — ta zagon nima česa preslikati); zapisi ostanejo v raw.Inbox in jih bo naslednji zagon zajel znova
21:50:56       SKUPAJ strani=2 zapisov=106 RunId=94440c06-f36d-4432-9e3e-0e7c46517423
21:50:56       OPOZORILO: v raw.Inbox ležijo nepreslikane vrstice iz prejšnjih zagonov: GetPrices=3. Preslikaj jih z --map-run <RunId tistega zagona>; poizvedba: SELECT DISTINCT RunId, EntityType FROM raw.Inbox WHERE Status=N'Pending';
21:50:56       OPOZORILO: pri 1 končnih točkah mejnik stoji. Zajeti podatek leži v raw.Inbox in ga bo naslednji zagon zajel znova; če ga hočeš preslikati brez ponovnega klica, uporabi --map-run 94440c06-f36d-4432-9e3e-0e7c46517423.
21:50:56     [3] Vidadria (SAOP_VIDADRIA)
21:51:19       GetPrices: strani=5 zapisov=218 — MEJNIK STOJI (SAOP je vrnil 218 zapisov, a so bili enaki že zajetim (dedup po hashu) — ta zagon nima česa preslikati); zapisi ostanejo v raw.Inbox in jih bo naslednji zagon zajel znova
21:51:19       SKUPAJ strani=5 zapisov=218 RunId=6d800151-3e6f-4bcd-a143-e15bc0001a1c
21:51:19       OPOZORILO: pri 1 končnih točkah mejnik stoji. Zajeti podatek leži v raw.Inbox in ga bo naslednji zagon zajel znova; če ga hočeš preslikati brez ponovnega klica, uporabi --map-run 6d800151-3e6f-4bcd-a143-e15bc0001a1c.
21:51:19     [4] Ediito (SAOP_EDIITO)
21:51:27       GetPrices: strani=2 zapisov=12 — MEJNIK STOJI (SAOP je vrnil 12 zapisov, a so bili enaki že zajetim (dedup po hashu) — ta zagon nima česa preslikati); zapisi ostanejo v raw.Inbox in jih bo naslednji zagon zajel znova
21:51:27       SKUPAJ strani=2 zapisov=12 RunId=ff87433d-6935-4bbf-ac5f-9abccdcdc100
21:51:27       OPOZORILO: pri 1 končnih točkah mejnik stoji. Zajeti podatek leži v raw.Inbox in ga bo naslednji zagon zajel znova; če ga hočeš preslikati brez ponovnega klica, uporabi --map-run ff87433d-6935-4bbf-ac5f-9abccdcdc100.
21:51:27     [1] DEMO (SAOP_DEMO)
21:51:32       GetPrices: strani=0 zapisov=0 [4,2 s]
21:51:32       SKUPAJ strani=0 zapisov=0 RunId=29a75af6-ac87-46fe-bd26-9a24658b9b55
21:51:32     konec: Osvezitev cen kataloga
21:51:32  == Izvoz cen in zaloge za splet ==
21:51:35     Izvoz profila MAGENTO_STOCK_PRICES končan: 422 vrstic v C:\Users\david\Desktop\PIM\NoviPIM\izvoz\magento\1
21:51:40     Izvoz profila MAGENTO_STOCK_PRICES končan: 2353 vrstic v C:\Users\david\Desktop\PIM\NoviPIM\izvoz\magento\2
21:51:43     Izvoz profila MAGENTO_STOCK_PRICES končan: 2541 vrstic v C:\Users\david\Desktop\PIM\NoviPIM\izvoz\magento\3
21:51:45     Izvoz profila MAGENTO_STOCK_PRICES končan: 0 vrstic v C:\Users\david\Desktop\PIM\NoviPIM\izvoz\magento\4
21:51:45     konec: Izvoz cen in zaloge za splet
21:51:45  == Osvezitev kataloga in strank s cenami in zalogo (podjetje 2) ==
21:51:53     Magento CSV izvoz končan: C:\Users\david\Desktop\PIM\NoviPIM\izvoz\magento
21:51:53     konec: Osvezitev kataloga in strank s cenami in zalogo (podjetje 2)
21:51:53  Zalogovni cikel koncan; padlih korakov: 1.
21:55:14  == Zaloga NW_STOCK ==
21:55:15     [NW_STOCK] preskoceno: Poverilnice niso nastavljene — vpisi jih v appsettings.Local.json pod Fetch:NW_STOCK.
21:55:15     Prevzem koncan: uspesno 0, neuspesno 0, skupaj virov 1.
21:55:16     Prebranih zapisov: 2762; SHA-256: 2944665c56c7c06eac4a13061e2d3a8a4dfe61b850297662c855e2c7a7c6435c
21:55:17     Ta posnetek je ze v bazi; vir=NW_STOCK, podjetje=1, cas posnetka=2026-09-15 17:52:43Z, uporabljenih=2762, v karanteni=0, RunId=459c27f4-39c8-4ab1-99d8-8f15b4ff7683. Zapisano ni bilo nic.
21:55:17     Prebranih zapisov: 2762; SHA-256: 2944665c56c7c06eac4a13061e2d3a8a4dfe61b850297662c855e2c7a7c6435c
21:55:18     Ta posnetek je ze v bazi; vir=NW_STOCK, podjetje=2, cas posnetka=2026-09-15 17:52:43Z, uporabljenih=2762, v karanteni=0, RunId=de6757e4-c970-4ca3-8858-d89042caf81f. Zapisano ni bilo nic.
21:55:19     Prebranih zapisov: 2762; SHA-256: 2944665c56c7c06eac4a13061e2d3a8a4dfe61b850297662c855e2c7a7c6435c
21:55:19     Ta posnetek je ze v bazi; vir=NW_STOCK, podjetje=3, cas posnetka=2026-09-15 17:52:43Z, uporabljenih=2762, v karanteni=0, RunId=8a508903-792e-4631-94fe-be541ec5c291. Zapisano ni bilo nic.
21:55:20     Prebranih zapisov: 2762; SHA-256: 2944665c56c7c06eac4a13061e2d3a8a4dfe61b850297662c855e2c7a7c6435c
21:55:20     Ta posnetek je ze v bazi; vir=NW_STOCK, podjetje=4, cas posnetka=2026-09-15 17:52:43Z, uporabljenih=2762, v karanteni=0, RunId=d78dceff-7a9e-427b-bce2-13cf57ed279d. Zapisano ni bilo nic.
21:55:20     konec: Zaloga NW_STOCK
21:55:20  == Zaloga BT_STOCK ==
21:55:21     SOURCE_FETCH: se ni na vrsti po razporedu; preskoceno.
21:55:22     Prebranih zapisov: 1389; SHA-256: 94b795fed5c0e61f34d203f9295b09140639e3376e4e771b86fcc1450fad2c35
21:55:22     STOCK_FILE pri podjetju 1: se ni na vrsti po razporedu; preskoceno.
21:55:23     Prebranih zapisov: 1389; SHA-256: 94b795fed5c0e61f34d203f9295b09140639e3376e4e771b86fcc1450fad2c35
21:55:23     STOCK_FILE pri podjetju 2: se ni na vrsti po razporedu; preskoceno.
21:55:24     Prebranih zapisov: 1389; SHA-256: 94b795fed5c0e61f34d203f9295b09140639e3376e4e771b86fcc1450fad2c35
21:55:24     STOCK_FILE pri podjetju 3: se ni na vrsti po razporedu; preskoceno.
21:55:25     Prebranih zapisov: 1389; SHA-256: 94b795fed5c0e61f34d203f9295b09140639e3376e4e771b86fcc1450fad2c35
21:55:25     STOCK_FILE pri podjetju 4: se ni na vrsti po razporedu; preskoceno.
21:55:25     konec: Zaloga BT_STOCK
21:55:25  == Zaloga iz SAOP (kolicine) ==
21:55:26     STDERR: Manjka nastavitev Saop (BaseUrl, Username, Password) v appsettings.Local.json.
21:55:26     STDERR: Uporaba: PIM.SaopStockWorker [--organizations 2,3] [--page-size N] [--base-url URL] [--samo-nastavitve] [--dostave [--max-dostave N]]
21:55:26     NAPAKA: worker workers\PIM.SaopStockWorker je koncal z izhodno kodo 2
21:55:26  == Osvezitev cen kataloga ==
21:55:27     Živ SAOP zajem: podjetij=4, končnih točk=1, delta zajem.
21:55:27     [2] IQLighting (SAOP_IQLIGHTING)
21:55:48       GetPrices: strani=2 zapisov=106 — MEJNIK STOJI (SAOP je vrnil 106 zapisov, a so bili enaki že zajetim (dedup po hashu) — ta zagon nima česa preslikati); zapisi ostanejo v raw.Inbox in jih bo naslednji zagon zajel znova
21:55:48       SKUPAJ strani=2 zapisov=106 RunId=62270e20-2a6f-4315-8a1e-49cb4ced3b1d
21:55:48       OPOZORILO: v raw.Inbox ležijo nepreslikane vrstice iz prejšnjih zagonov: GetPrices=3. Preslikaj jih z --map-run <RunId tistega zagona>; poizvedba: SELECT DISTINCT RunId, EntityType FROM raw.Inbox WHERE Status=N'Pending';
21:55:48       OPOZORILO: pri 1 končnih točkah mejnik stoji. Zajeti podatek leži v raw.Inbox in ga bo naslednji zagon zajel znova; če ga hočeš preslikati brez ponovnega klica, uporabi --map-run 62270e20-2a6f-4315-8a1e-49cb4ced3b1d.
21:55:48     [3] Vidadria (SAOP_VIDADRIA)
21:56:10       GetPrices: strani=5 zapisov=218 — MEJNIK STOJI (SAOP je vrnil 218 zapisov, a so bili enaki že zajetim (dedup po hashu) — ta zagon nima česa preslikati); zapisi ostanejo v raw.Inbox in jih bo naslednji zagon zajel znova
21:56:11       SKUPAJ strani=5 zapisov=218 RunId=879d3ac9-5cf9-4551-94bd-5d20c77db5fe
21:56:11       OPOZORILO: pri 1 končnih točkah mejnik stoji. Zajeti podatek leži v raw.Inbox in ga bo naslednji zagon zajel znova; če ga hočeš preslikati brez ponovnega klica, uporabi --map-run 879d3ac9-5cf9-4551-94bd-5d20c77db5fe.
21:56:11     [4] Ediito (SAOP_EDIITO)
21:56:21       GetPrices: strani=2 zapisov=12 — MEJNIK STOJI (SAOP je vrnil 12 zapisov, a so bili enaki že zajetim (dedup po hashu) — ta zagon nima česa preslikati); zapisi ostanejo v raw.Inbox in jih bo naslednji zagon zajel znova
21:56:21       SKUPAJ strani=2 zapisov=12 RunId=4fe24b01-c75a-44bd-bc57-e722f73761b5
21:56:21       OPOZORILO: pri 1 končnih točkah mejnik stoji. Zajeti podatek leži v raw.Inbox in ga bo naslednji zagon zajel znova; če ga hočeš preslikati brez ponovnega klica, uporabi --map-run 4fe24b01-c75a-44bd-bc57-e722f73761b5.
21:56:21     [1] DEMO (SAOP_DEMO)
21:56:28       GetPrices: strani=0 zapisov=0 [6,9 s]
21:56:28       SKUPAJ strani=0 zapisov=0 RunId=31782642-fdde-45d5-9a00-b2fd663f2059
21:56:28     konec: Osvezitev cen kataloga
21:56:28  == Izvoz cen in zaloge za splet ==
21:56:31     Izvoz profila MAGENTO_STOCK_PRICES končan: 422 vrstic v C:\Users\david\Desktop\PIM\NoviPIM\izvoz\magento\1
21:56:35     Izvoz profila MAGENTO_STOCK_PRICES končan: 2353 vrstic v C:\Users\david\Desktop\PIM\NoviPIM\izvoz\magento\2
21:56:39     Izvoz profila MAGENTO_STOCK_PRICES končan: 2541 vrstic v C:\Users\david\Desktop\PIM\NoviPIM\izvoz\magento\3
21:56:40     Izvoz profila MAGENTO_STOCK_PRICES končan: 0 vrstic v C:\Users\david\Desktop\PIM\NoviPIM\izvoz\magento\4
21:56:40     konec: Izvoz cen in zaloge za splet
21:56:40  == Osvezitev kataloga in strank s cenami in zalogo (podjetje 2) ==
21:56:48     Magento CSV izvoz končan: C:\Users\david\Desktop\PIM\NoviPIM\izvoz\magento
21:56:48     konec: Osvezitev kataloga in strank s cenami in zalogo (podjetje 2)
21:56:48  Zalogovni cikel koncan; padlih korakov: 1.
22:00:14  == Zaloga NW_STOCK ==
22:00:15     SOURCE_FETCH: se ni na vrsti po razporedu; preskoceno.
22:00:16     Prebranih zapisov: 2762; SHA-256: 2944665c56c7c06eac4a13061e2d3a8a4dfe61b850297662c855e2c7a7c6435c
22:00:16     STOCK_FILE pri podjetju 1: se ni na vrsti po razporedu; preskoceno.
22:00:17     Prebranih zapisov: 2762; SHA-256: 2944665c56c7c06eac4a13061e2d3a8a4dfe61b850297662c855e2c7a7c6435c
22:00:17     STOCK_FILE pri podjetju 2: se ni na vrsti po razporedu; preskoceno.
22:00:18     Prebranih zapisov: 2762; SHA-256: 2944665c56c7c06eac4a13061e2d3a8a4dfe61b850297662c855e2c7a7c6435c
22:00:18     STOCK_FILE pri podjetju 3: se ni na vrsti po razporedu; preskoceno.
22:00:19     Prebranih zapisov: 2762; SHA-256: 2944665c56c7c06eac4a13061e2d3a8a4dfe61b850297662c855e2c7a7c6435c
22:00:19     STOCK_FILE pri podjetju 4: se ni na vrsti po razporedu; preskoceno.
22:00:19     konec: Zaloga NW_STOCK
22:00:19  == Zaloga BT_STOCK ==
22:00:20     [BT_STOCK] preskoceno: Razmik dobavitelja se tece; naslednji prenos po 15. 09. 2026 23:32.
22:00:20     Prevzem koncan: uspesno 0, neuspesno 0, skupaj virov 1.
22:00:21     Prebranih zapisov: 1389; SHA-256: 94b795fed5c0e61f34d203f9295b09140639e3376e4e771b86fcc1450fad2c35
22:00:21     Ta posnetek je ze v bazi; vir=BT_STOCK, podjetje=1, cas posnetka=2026-09-15 18:32:34Z, uporabljenih=1389, v karanteni=0, RunId=d5937296-5c39-429d-92e4-3d1e4d225264. Zapisano ni bilo nic.
22:00:22     Prebranih zapisov: 1389; SHA-256: 94b795fed5c0e61f34d203f9295b09140639e3376e4e771b86fcc1450fad2c35
22:00:22     Ta posnetek je ze v bazi; vir=BT_STOCK, podjetje=2, cas posnetka=2026-09-15 18:32:34Z, uporabljenih=1389, v karanteni=0, RunId=00d73a91-58ac-4c88-87ed-69fe7e68d9e3. Zapisano ni bilo nic.
22:00:23     Prebranih zapisov: 1389; SHA-256: 94b795fed5c0e61f34d203f9295b09140639e3376e4e771b86fcc1450fad2c35
22:00:23     Ta posnetek je ze v bazi; vir=BT_STOCK, podjetje=3, cas posnetka=2026-09-15 18:32:34Z, uporabljenih=1389, v karanteni=0, RunId=9a0d0bbc-88ee-4d13-8be1-c145b68009a5. Zapisano ni bilo nic.
22:00:24     Prebranih zapisov: 1389; SHA-256: 94b795fed5c0e61f34d203f9295b09140639e3376e4e771b86fcc1450fad2c35
22:00:24     Ta posnetek je ze v bazi; vir=BT_STOCK, podjetje=4, cas posnetka=2026-09-15 18:32:34Z, uporabljenih=1389, v karanteni=0, RunId=5a72fede-0aad-49c2-91f4-133e8f4df186. Zapisano ni bilo nic.
22:00:24     konec: Zaloga BT_STOCK
22:00:24  == Zaloga iz SAOP (kolicine) ==
22:00:25     STDERR: Manjka nastavitev Saop (BaseUrl, Username, Password) v appsettings.Local.json.
22:00:25     STDERR: Uporaba: PIM.SaopStockWorker [--organizations 2,3] [--page-size N] [--base-url URL] [--samo-nastavitve] [--dostave [--max-dostave N]]
22:00:25     NAPAKA: worker workers\PIM.SaopStockWorker je koncal z izhodno kodo 2
22:00:25  == Osvezitev cen kataloga ==
22:00:26     Živ SAOP zajem: podjetij=4, končnih točk=1, delta zajem.
22:00:26     [2] IQLighting (SAOP_IQLIGHTING)
22:00:52       GetPrices: strani=2 zapisov=106 — MEJNIK STOJI (SAOP je vrnil 106 zapisov, a so bili enaki že zajetim (dedup po hashu) — ta zagon nima česa preslikati); zapisi ostanejo v raw.Inbox in jih bo naslednji zagon zajel znova
22:00:52       SKUPAJ strani=2 zapisov=106 RunId=9df9c4f0-05a9-40f6-a1ef-62510b040238
22:00:52       OPOZORILO: v raw.Inbox ležijo nepreslikane vrstice iz prejšnjih zagonov: GetPrices=3. Preslikaj jih z --map-run <RunId tistega zagona>; poizvedba: SELECT DISTINCT RunId, EntityType FROM raw.Inbox WHERE Status=N'Pending';
22:00:52       OPOZORILO: pri 1 končnih točkah mejnik stoji. Zajeti podatek leži v raw.Inbox in ga bo naslednji zagon zajel znova; če ga hočeš preslikati brez ponovnega klica, uporabi --map-run 9df9c4f0-05a9-40f6-a1ef-62510b040238.
22:00:52     [3] Vidadria (SAOP_VIDADRIA)
22:01:31       GetPrices: strani=5 zapisov=218 — MEJNIK STOJI (SAOP je vrnil 218 zapisov, a so bili enaki že zajetim (dedup po hashu) — ta zagon nima česa preslikati); zapisi ostanejo v raw.Inbox in jih bo naslednji zagon zajel znova
22:01:31       SKUPAJ strani=5 zapisov=218 RunId=d41313ed-4202-4d9f-8b81-cc1f8892606e
22:01:31       OPOZORILO: pri 1 končnih točkah mejnik stoji. Zajeti podatek leži v raw.Inbox in ga bo naslednji zagon zajel znova; če ga hočeš preslikati brez ponovnega klica, uporabi --map-run d41313ed-4202-4d9f-8b81-cc1f8892606e.
22:01:31     [4] Ediito (SAOP_EDIITO)
22:01:42       GetPrices: strani=2 zapisov=12 — MEJNIK STOJI (SAOP je vrnil 12 zapisov, a so bili enaki že zajetim (dedup po hashu) — ta zagon nima česa preslikati); zapisi ostanejo v raw.Inbox in jih bo naslednji zagon zajel znova
22:01:43       SKUPAJ strani=2 zapisov=12 RunId=19eab97d-2298-45c6-b1e9-65ea764d495e
22:01:43       OPOZORILO: pri 1 končnih točkah mejnik stoji. Zajeti podatek leži v raw.Inbox in ga bo naslednji zagon zajel znova; če ga hočeš preslikati brez ponovnega klica, uporabi --map-run 19eab97d-2298-45c6-b1e9-65ea764d495e.
22:01:43     [1] DEMO (SAOP_DEMO)
22:01:51       GetPrices: strani=0 zapisov=0 [7,8 s]
22:01:51       SKUPAJ strani=0 zapisov=0 RunId=5fabc244-6e9c-4298-a782-d834acd8894e
22:01:51     konec: Osvezitev cen kataloga
22:01:51  == Izvoz cen in zaloge za splet ==
22:01:54     Izvoz profila MAGENTO_STOCK_PRICES končan: 422 vrstic v C:\Users\david\Desktop\PIM\NoviPIM\izvoz\magento\1
22:01:58     Izvoz profila MAGENTO_STOCK_PRICES končan: 2353 vrstic v C:\Users\david\Desktop\PIM\NoviPIM\izvoz\magento\2
22:02:01     Izvoz profila MAGENTO_STOCK_PRICES končan: 2541 vrstic v C:\Users\david\Desktop\PIM\NoviPIM\izvoz\magento\3
22:02:02     Izvoz profila MAGENTO_STOCK_PRICES končan: 0 vrstic v C:\Users\david\Desktop\PIM\NoviPIM\izvoz\magento\4
22:02:02     konec: Izvoz cen in zaloge za splet
22:02:02  == Osvezitev kataloga in strank s cenami in zalogo (podjetje 2) ==
22:02:10     Magento CSV izvoz končan: C:\Users\david\Desktop\PIM\NoviPIM\izvoz\magento
22:02:10     konec: Osvezitev kataloga in strank s cenami in zalogo (podjetje 2)
22:02:10  Zalogovni cikel koncan; padlih korakov: 1.
22:05:14  == Zaloga NW_STOCK ==
22:05:15     SOURCE_FETCH: se ni na vrsti po razporedu; preskoceno.
22:05:16     Prebranih zapisov: 2762; SHA-256: 2944665c56c7c06eac4a13061e2d3a8a4dfe61b850297662c855e2c7a7c6435c
22:05:16     STOCK_FILE pri podjetju 1: se ni na vrsti po razporedu; preskoceno.
22:05:17     Prebranih zapisov: 2762; SHA-256: 2944665c56c7c06eac4a13061e2d3a8a4dfe61b850297662c855e2c7a7c6435c
22:05:17     STOCK_FILE pri podjetju 2: se ni na vrsti po razporedu; preskoceno.
22:05:18     Prebranih zapisov: 2762; SHA-256: 2944665c56c7c06eac4a13061e2d3a8a4dfe61b850297662c855e2c7a7c6435c
22:05:18     STOCK_FILE pri podjetju 3: se ni na vrsti po razporedu; preskoceno.
22:05:19     Prebranih zapisov: 2762; SHA-256: 2944665c56c7c06eac4a13061e2d3a8a4dfe61b850297662c855e2c7a7c6435c
22:05:19     STOCK_FILE pri podjetju 4: se ni na vrsti po razporedu; preskoceno.
22:05:19     konec: Zaloga NW_STOCK
22:05:19  == Zaloga BT_STOCK ==
22:05:20     SOURCE_FETCH: se ni na vrsti po razporedu; preskoceno.
22:05:21     Prebranih zapisov: 1389; SHA-256: 94b795fed5c0e61f34d203f9295b09140639e3376e4e771b86fcc1450fad2c35
22:05:21     STOCK_FILE pri podjetju 1: se ni na vrsti po razporedu; preskoceno.
22:05:22     Prebranih zapisov: 1389; SHA-256: 94b795fed5c0e61f34d203f9295b09140639e3376e4e771b86fcc1450fad2c35
22:05:22     STOCK_FILE pri podjetju 2: se ni na vrsti po razporedu; preskoceno.
22:05:23     Prebranih zapisov: 1389; SHA-256: 94b795fed5c0e61f34d203f9295b09140639e3376e4e771b86fcc1450fad2c35
22:05:23     STOCK_FILE pri podjetju 3: se ni na vrsti po razporedu; preskoceno.
22:05:24     Prebranih zapisov: 1389; SHA-256: 94b795fed5c0e61f34d203f9295b09140639e3376e4e771b86fcc1450fad2c35
22:05:24     STOCK_FILE pri podjetju 4: se ni na vrsti po razporedu; preskoceno.
22:05:24     konec: Zaloga BT_STOCK
22:05:24  == Zaloga iz SAOP (kolicine) ==
22:05:25     STDERR: Manjka nastavitev Saop (BaseUrl, Username, Password) v appsettings.Local.json.
22:05:25     STDERR: Uporaba: PIM.SaopStockWorker [--organizations 2,3] [--page-size N] [--base-url URL] [--samo-nastavitve] [--dostave [--max-dostave N]]
22:05:25     NAPAKA: worker workers\PIM.SaopStockWorker je koncal z izhodno kodo 2
22:05:25  == Osvezitev cen kataloga ==
22:05:25     Živ SAOP zajem: podjetij=4, končnih točk=1, delta zajem.
22:05:25     [2] IQLighting (SAOP_IQLIGHTING)
22:05:50       GetPrices: strani=2 zapisov=106 — MEJNIK STOJI (SAOP je vrnil 106 zapisov, a so bili enaki že zajetim (dedup po hashu) — ta zagon nima česa preslikati); zapisi ostanejo v raw.Inbox in jih bo naslednji zagon zajel znova
22:05:50       SKUPAJ strani=2 zapisov=106 RunId=b6cb8789-b055-4120-bb35-78eaba0571a1
22:05:50       OPOZORILO: v raw.Inbox ležijo nepreslikane vrstice iz prejšnjih zagonov: GetPrices=3. Preslikaj jih z --map-run <RunId tistega zagona>; poizvedba: SELECT DISTINCT RunId, EntityType FROM raw.Inbox WHERE Status=N'Pending';
22:05:50       OPOZORILO: pri 1 končnih točkah mejnik stoji. Zajeti podatek leži v raw.Inbox in ga bo naslednji zagon zajel znova; če ga hočeš preslikati brez ponovnega klica, uporabi --map-run b6cb8789-b055-4120-bb35-78eaba0571a1.
22:05:50     [3] Vidadria (SAOP_VIDADRIA)
22:06:13       GetPrices: strani=5 zapisov=218 — MEJNIK STOJI (SAOP je vrnil 218 zapisov, a so bili enaki že zajetim (dedup po hashu) — ta zagon nima česa preslikati); zapisi ostanejo v raw.Inbox in jih bo naslednji zagon zajel znova
22:06:13       SKUPAJ strani=5 zapisov=218 RunId=64093524-2feb-46ad-9421-fddc0ceaf1b0
22:06:13       OPOZORILO: pri 1 končnih točkah mejnik stoji. Zajeti podatek leži v raw.Inbox in ga bo naslednji zagon zajel znova; če ga hočeš preslikati brez ponovnega klica, uporabi --map-run 64093524-2feb-46ad-9421-fddc0ceaf1b0.
22:06:13     [4] Ediito (SAOP_EDIITO)
22:06:20       GetPrices: strani=2 zapisov=12 — MEJNIK STOJI (SAOP je vrnil 12 zapisov, a so bili enaki že zajetim (dedup po hashu) — ta zagon nima česa preslikati); zapisi ostanejo v raw.Inbox in jih bo naslednji zagon zajel znova
22:06:20       SKUPAJ strani=2 zapisov=12 RunId=8cdb58fc-1c8a-432f-9aa3-4215b4875f39
22:06:20       OPOZORILO: pri 1 končnih točkah mejnik stoji. Zajeti podatek leži v raw.Inbox in ga bo naslednji zagon zajel znova; če ga hočeš preslikati brez ponovnega klica, uporabi --map-run 8cdb58fc-1c8a-432f-9aa3-4215b4875f39.
22:06:20     [1] DEMO (SAOP_DEMO)
22:06:25       GetPrices: strani=0 zapisov=0 [4,6 s]
22:06:25       SKUPAJ strani=0 zapisov=0 RunId=80087a2c-ed47-4b39-ba53-3ea36f7de33f
22:06:25     konec: Osvezitev cen kataloga
22:06:25  == Izvoz cen in zaloge za splet ==
22:06:28     Izvoz profila MAGENTO_STOCK_PRICES končan: 422 vrstic v C:\Users\david\Desktop\PIM\NoviPIM\izvoz\magento\1
22:06:32     Izvoz profila MAGENTO_STOCK_PRICES končan: 2353 vrstic v C:\Users\david\Desktop\PIM\NoviPIM\izvoz\magento\2
22:06:35     Izvoz profila MAGENTO_STOCK_PRICES končan: 2541 vrstic v C:\Users\david\Desktop\PIM\NoviPIM\izvoz\magento\3
22:06:36     Izvoz profila MAGENTO_STOCK_PRICES končan: 0 vrstic v C:\Users\david\Desktop\PIM\NoviPIM\izvoz\magento\4
22:06:37     konec: Izvoz cen in zaloge za splet
22:06:37  == Osvezitev kataloga in strank s cenami in zalogo (podjetje 2) ==
22:06:44     Magento CSV izvoz končan: C:\Users\david\Desktop\PIM\NoviPIM\izvoz\magento
22:06:44     konec: Osvezitev kataloga in strank s cenami in zalogo (podjetje 2)
22:06:44  Zalogovni cikel koncan; padlih korakov: 1.
22:10:14  == Zaloga NW_STOCK ==
22:10:15     [NW_STOCK] preskoceno: Poverilnice niso nastavljene — vpisi jih v appsettings.Local.json pod Fetch:NW_STOCK.
22:10:15     Prevzem koncan: uspesno 0, neuspesno 0, skupaj virov 1.
22:10:16     Prebranih zapisov: 2762; SHA-256: 2944665c56c7c06eac4a13061e2d3a8a4dfe61b850297662c855e2c7a7c6435c
22:10:17     Ta posnetek je ze v bazi; vir=NW_STOCK, podjetje=1, cas posnetka=2026-09-15 17:52:43Z, uporabljenih=2762, v karanteni=0, RunId=459c27f4-39c8-4ab1-99d8-8f15b4ff7683. Zapisano ni bilo nic.
22:10:18     Prebranih zapisov: 2762; SHA-256: 2944665c56c7c06eac4a13061e2d3a8a4dfe61b850297662c855e2c7a7c6435c
22:10:18     Ta posnetek je ze v bazi; vir=NW_STOCK, podjetje=2, cas posnetka=2026-09-15 17:52:43Z, uporabljenih=2762, v karanteni=0, RunId=de6757e4-c970-4ca3-8858-d89042caf81f. Zapisano ni bilo nic.
22:10:19     Prebranih zapisov: 2762; SHA-256: 2944665c56c7c06eac4a13061e2d3a8a4dfe61b850297662c855e2c7a7c6435c
22:10:19     Ta posnetek je ze v bazi; vir=NW_STOCK, podjetje=3, cas posnetka=2026-09-15 17:52:43Z, uporabljenih=2762, v karanteni=0, RunId=8a508903-792e-4631-94fe-be541ec5c291. Zapisano ni bilo nic.
22:10:20     Prebranih zapisov: 2762; SHA-256: 2944665c56c7c06eac4a13061e2d3a8a4dfe61b850297662c855e2c7a7c6435c
22:10:21     Ta posnetek je ze v bazi; vir=NW_STOCK, podjetje=4, cas posnetka=2026-09-15 17:52:43Z, uporabljenih=2762, v karanteni=0, RunId=d78dceff-7a9e-427b-bce2-13cf57ed279d. Zapisano ni bilo nic.
22:10:21     konec: Zaloga NW_STOCK
22:10:21  == Zaloga BT_STOCK ==
22:10:22     SOURCE_FETCH: se ni na vrsti po razporedu; preskoceno.
22:10:23     Prebranih zapisov: 1389; SHA-256: 94b795fed5c0e61f34d203f9295b09140639e3376e4e771b86fcc1450fad2c35
22:10:23     STOCK_FILE pri podjetju 1: se ni na vrsti po razporedu; preskoceno.
22:10:24     Prebranih zapisov: 1389; SHA-256: 94b795fed5c0e61f34d203f9295b09140639e3376e4e771b86fcc1450fad2c35
22:10:24     STOCK_FILE pri podjetju 2: se ni na vrsti po razporedu; preskoceno.
22:10:25     Prebranih zapisov: 1389; SHA-256: 94b795fed5c0e61f34d203f9295b09140639e3376e4e771b86fcc1450fad2c35
22:10:25     STOCK_FILE pri podjetju 3: se ni na vrsti po razporedu; preskoceno.
22:10:26     Prebranih zapisov: 1389; SHA-256: 94b795fed5c0e61f34d203f9295b09140639e3376e4e771b86fcc1450fad2c35
22:10:27     STOCK_FILE pri podjetju 4: se ni na vrsti po razporedu; preskoceno.
22:10:27     konec: Zaloga BT_STOCK
22:10:27  == Zaloga iz SAOP (kolicine) ==
22:10:28     STDERR: Manjka nastavitev Saop (BaseUrl, Username, Password) v appsettings.Local.json.
22:10:28     STDERR: Uporaba: PIM.SaopStockWorker [--organizations 2,3] [--page-size N] [--base-url URL] [--samo-nastavitve] [--dostave [--max-dostave N]]
22:10:28     NAPAKA: worker workers\PIM.SaopStockWorker je koncal z izhodno kodo 2
22:10:28  == Osvezitev cen kataloga ==
22:10:29     Živ SAOP zajem: podjetij=4, končnih točk=1, delta zajem, razpored=SAOP_PRICES.
22:10:29     [2] IQLighting (SAOP_IQLIGHTING)
22:10:53       GetPrices: strani=2 zapisov=106 — MEJNIK STOJI (SAOP je vrnil 106 zapisov, a so bili enaki že zajetim (dedup po hashu) — ta zagon nima česa preslikati); zapisi ostanejo v raw.Inbox in jih bo naslednji zagon zajel znova
22:10:53       SKUPAJ strani=2 zapisov=106 RunId=cd790340-10af-4dce-bc4e-9d3e92950fc4
22:10:53       OPOZORILO: v raw.Inbox ležijo nepreslikane vrstice iz prejšnjih zagonov: GetPrices=3. Preslikaj jih z --map-run <RunId tistega zagona>; poizvedba: SELECT DISTINCT RunId, EntityType FROM raw.Inbox WHERE Status=N'Pending';
22:10:53       OPOZORILO: pri 1 končnih točkah mejnik stoji. Zajeti podatek leži v raw.Inbox in ga bo naslednji zagon zajel znova; če ga hočeš preslikati brez ponovnega klica, uporabi --map-run cd790340-10af-4dce-bc4e-9d3e92950fc4.
22:10:53     [3] Vidadria (SAOP_VIDADRIA)
22:11:17       GetPrices: strani=5 zapisov=218 — MEJNIK STOJI (SAOP je vrnil 218 zapisov, a so bili enaki že zajetim (dedup po hashu) — ta zagon nima česa preslikati); zapisi ostanejo v raw.Inbox in jih bo naslednji zagon zajel znova
22:11:17       SKUPAJ strani=5 zapisov=218 RunId=0a4001f3-be15-4cf2-864d-fba19761729e
22:11:17       OPOZORILO: pri 1 končnih točkah mejnik stoji. Zajeti podatek leži v raw.Inbox in ga bo naslednji zagon zajel znova; če ga hočeš preslikati brez ponovnega klica, uporabi --map-run 0a4001f3-be15-4cf2-864d-fba19761729e.
22:11:17     [4] Ediito (SAOP_EDIITO)
22:11:25       GetPrices: strani=2 zapisov=12 — MEJNIK STOJI (SAOP je vrnil 12 zapisov, a so bili enaki že zajetim (dedup po hashu) — ta zagon nima česa preslikati); zapisi ostanejo v raw.Inbox in jih bo naslednji zagon zajel znova
22:11:27       SKUPAJ strani=2 zapisov=12 RunId=4b549000-fc09-448c-8280-a861ff136693
22:11:27       OPOZORILO: pri 1 končnih točkah mejnik stoji. Zajeti podatek leži v raw.Inbox in ga bo naslednji zagon zajel znova; če ga hočeš preslikati brez ponovnega klica, uporabi --map-run 4b549000-fc09-448c-8280-a861ff136693.
22:11:27     [1] DEMO (SAOP_DEMO)
22:11:32       GetPrices: strani=0 zapisov=0 [4,6 s]
22:11:32       SKUPAJ strani=0 zapisov=0 RunId=e0966277-bce7-4f01-b9f9-5d53233057d8
22:11:32     konec: Osvezitev cen kataloga
22:11:32  == Izvoz cen in zaloge za splet ==
22:11:35     Izvoz profila MAGENTO_STOCK_PRICES končan: 422 vrstic v C:\Users\david\Desktop\PIM\NoviPIM\izvoz\magento\1
22:11:42     Izvoz profila MAGENTO_STOCK_PRICES končan: 2353 vrstic v C:\Users\david\Desktop\PIM\NoviPIM\izvoz\magento\2
22:11:47     Izvoz profila MAGENTO_STOCK_PRICES končan: 2541 vrstic v C:\Users\david\Desktop\PIM\NoviPIM\izvoz\magento\3
22:11:49     Izvoz profila MAGENTO_STOCK_PRICES končan: 0 vrstic v C:\Users\david\Desktop\PIM\NoviPIM\izvoz\magento\4
22:11:49     konec: Izvoz cen in zaloge za splet
22:11:49  == Osvezitev kataloga in strank s cenami in zalogo (podjetje 2) ==
22:12:10     Magento CSV izvoz končan: C:\Users\david\Desktop\PIM\NoviPIM\izvoz\magento
22:12:10     konec: Osvezitev kataloga in strank s cenami in zalogo (podjetje 2)
22:12:10  Zalogovni cikel koncan; padlih korakov: 1.
22:15:14  == Zaloga NW_STOCK ==
22:15:15     SOURCE_FETCH: se ni na vrsti po razporedu; preskoceno.
22:15:16     Prebranih zapisov: 2762; SHA-256: 2944665c56c7c06eac4a13061e2d3a8a4dfe61b850297662c855e2c7a7c6435c
22:15:16     STOCK_FILE pri podjetju 1: se ni na vrsti po razporedu; preskoceno.
22:15:17     Prebranih zapisov: 2762; SHA-256: 2944665c56c7c06eac4a13061e2d3a8a4dfe61b850297662c855e2c7a7c6435c
22:15:17     STOCK_FILE pri podjetju 2: se ni na vrsti po razporedu; preskoceno.
22:15:18     Prebranih zapisov: 2762; SHA-256: 2944665c56c7c06eac4a13061e2d3a8a4dfe61b850297662c855e2c7a7c6435c
22:15:18     STOCK_FILE pri podjetju 3: se ni na vrsti po razporedu; preskoceno.
22:15:19     Prebranih zapisov: 2762; SHA-256: 2944665c56c7c06eac4a13061e2d3a8a4dfe61b850297662c855e2c7a7c6435c
22:15:19     STOCK_FILE pri podjetju 4: se ni na vrsti po razporedu; preskoceno.
22:15:19     konec: Zaloga NW_STOCK
22:15:19  == Zaloga BT_STOCK ==
22:15:21     [BT_STOCK] preskoceno: Razmik dobavitelja se tece; naslednji prenos po 15. 09. 2026 23:32.
22:15:21     Prevzem koncan: uspesno 0, neuspesno 0, skupaj virov 1.
22:15:22     Prebranih zapisov: 1389; SHA-256: 94b795fed5c0e61f34d203f9295b09140639e3376e4e771b86fcc1450fad2c35
22:15:22     Ta posnetek je ze v bazi; vir=BT_STOCK, podjetje=1, cas posnetka=2026-09-15 18:32:34Z, uporabljenih=1389, v karanteni=0, RunId=d5937296-5c39-429d-92e4-3d1e4d225264. Zapisano ni bilo nic.
22:15:23     Prebranih zapisov: 1389; SHA-256: 94b795fed5c0e61f34d203f9295b09140639e3376e4e771b86fcc1450fad2c35
22:15:23     Ta posnetek je ze v bazi; vir=BT_STOCK, podjetje=2, cas posnetka=2026-09-15 18:32:34Z, uporabljenih=1389, v karanteni=0, RunId=00d73a91-58ac-4c88-87ed-69fe7e68d9e3. Zapisano ni bilo nic.
22:15:24     Prebranih zapisov: 1389; SHA-256: 94b795fed5c0e61f34d203f9295b09140639e3376e4e771b86fcc1450fad2c35
22:15:24     Ta posnetek je ze v bazi; vir=BT_STOCK, podjetje=3, cas posnetka=2026-09-15 18:32:34Z, uporabljenih=1389, v karanteni=0, RunId=9a0d0bbc-88ee-4d13-8be1-c145b68009a5. Zapisano ni bilo nic.
22:15:25     Prebranih zapisov: 1389; SHA-256: 94b795fed5c0e61f34d203f9295b09140639e3376e4e771b86fcc1450fad2c35
22:15:25     Ta posnetek je ze v bazi; vir=BT_STOCK, podjetje=4, cas posnetka=2026-09-15 18:32:34Z, uporabljenih=1389, v karanteni=0, RunId=5a72fede-0aad-49c2-91f4-133e8f4df186. Zapisano ni bilo nic.
22:15:26     konec: Zaloga BT_STOCK
22:15:26  == Zaloga iz SAOP (kolicine) ==
22:15:26     STDERR: Manjka nastavitev Saop (BaseUrl, Username, Password) v appsettings.Local.json.
22:15:26     STDERR: Uporaba: PIM.SaopStockWorker [--organizations 2,3] [--page-size N] [--base-url URL] [--samo-nastavitve] [--dostave [--max-dostave N]]
22:15:26     NAPAKA: worker workers\PIM.SaopStockWorker je koncal z izhodno kodo 2
22:15:26  == Osvezitev cen kataloga ==
22:15:27     Živ SAOP zajem: podjetij=4, končnih točk=1, delta zajem, razpored=SAOP_PRICES.
22:15:27     [2] IQLighting (SAOP_IQLIGHTING)
22:15:50       GetPrices: strani=2 zapisov=106 — MEJNIK STOJI (SAOP je vrnil 106 zapisov, a so bili enaki že zajetim (dedup po hashu) — ta zagon nima česa preslikati); zapisi ostanejo v raw.Inbox in jih bo naslednji zagon zajel znova
22:15:50       SKUPAJ strani=2 zapisov=106 RunId=96c76edf-c66d-4524-8676-3b5d1bd33d45
22:15:50       OPOZORILO: v raw.Inbox ležijo nepreslikane vrstice iz prejšnjih zagonov: GetPrices=3. Preslikaj jih z --map-run <RunId tistega zagona>; poizvedba: SELECT DISTINCT RunId, EntityType FROM raw.Inbox WHERE Status=N'Pending';
22:15:50       OPOZORILO: pri 1 končnih točkah mejnik stoji. Zajeti podatek leži v raw.Inbox in ga bo naslednji zagon zajel znova; če ga hočeš preslikati brez ponovnega klica, uporabi --map-run 96c76edf-c66d-4524-8676-3b5d1bd33d45.
22:15:50     [3] Vidadria (SAOP_VIDADRIA)
22:16:14       GetPrices: strani=5 zapisov=218 — MEJNIK STOJI (SAOP je vrnil 218 zapisov, a so bili enaki že zajetim (dedup po hashu) — ta zagon nima česa preslikati); zapisi ostanejo v raw.Inbox in jih bo naslednji zagon zajel znova
22:16:14       SKUPAJ strani=5 zapisov=218 RunId=c8e8bf7b-efea-469c-a415-3d7978eb7c0f
22:16:14       OPOZORILO: pri 1 končnih točkah mejnik stoji. Zajeti podatek leži v raw.Inbox in ga bo naslednji zagon zajel znova; če ga hočeš preslikati brez ponovnega klica, uporabi --map-run c8e8bf7b-efea-469c-a415-3d7978eb7c0f.
22:16:14     [4] Ediito (SAOP_EDIITO)
22:16:21       GetPrices: strani=2 zapisov=12 — MEJNIK STOJI (SAOP je vrnil 12 zapisov, a so bili enaki že zajetim (dedup po hashu) — ta zagon nima česa preslikati); zapisi ostanejo v raw.Inbox in jih bo naslednji zagon zajel znova
22:16:21       SKUPAJ strani=2 zapisov=12 RunId=56a1bdb6-b859-4544-b63d-3e0f73e94386
22:16:21       OPOZORILO: pri 1 končnih točkah mejnik stoji. Zajeti podatek leži v raw.Inbox in ga bo naslednji zagon zajel znova; če ga hočeš preslikati brez ponovnega klica, uporabi --map-run 56a1bdb6-b859-4544-b63d-3e0f73e94386.
22:16:21     [1] DEMO (SAOP_DEMO)
22:16:26       GetPrices: strani=0 zapisov=0 [4,3 s]
22:16:26       SKUPAJ strani=0 zapisov=0 RunId=e7cdf8fc-7c70-484f-9b6c-f2a32c2f443e
22:16:26     konec: Osvezitev cen kataloga
22:16:26  == Izvoz cen in zaloge za splet ==
22:16:29     Izvoz profila MAGENTO_STOCK_PRICES končan: 422 vrstic v C:\Users\david\Desktop\PIM\NoviPIM\izvoz\magento\1
22:16:33     Izvoz profila MAGENTO_STOCK_PRICES končan: 2353 vrstic v C:\Users\david\Desktop\PIM\NoviPIM\izvoz\magento\2
22:16:36     Izvoz profila MAGENTO_STOCK_PRICES končan: 2549 vrstic v C:\Users\david\Desktop\PIM\NoviPIM\izvoz\magento\3
22:16:37     Izvoz profila MAGENTO_STOCK_PRICES končan: 0 vrstic v C:\Users\david\Desktop\PIM\NoviPIM\izvoz\magento\4
22:16:37     konec: Izvoz cen in zaloge za splet
22:16:37  == Osvezitev kataloga in strank s cenami in zalogo (podjetje 2) ==
22:16:45     Magento CSV izvoz končan: C:\Users\david\Desktop\PIM\NoviPIM\izvoz\magento
22:16:45     konec: Osvezitev kataloga in strank s cenami in zalogo (podjetje 2)
22:16:45  Zalogovni cikel koncan; padlih korakov: 1.
22:20:14  == Zaloga NW_STOCK ==
22:20:15     SOURCE_FETCH: se ni na vrsti po razporedu; preskoceno.
22:20:16     Prebranih zapisov: 2762; SHA-256: 2944665c56c7c06eac4a13061e2d3a8a4dfe61b850297662c855e2c7a7c6435c
22:20:16     STOCK_FILE pri podjetju 1: se ni na vrsti po razporedu; preskoceno.
22:20:17     Prebranih zapisov: 2762; SHA-256: 2944665c56c7c06eac4a13061e2d3a8a4dfe61b850297662c855e2c7a7c6435c
22:20:17     STOCK_FILE pri podjetju 2: se ni na vrsti po razporedu; preskoceno.
22:20:18     Prebranih zapisov: 2762; SHA-256: 2944665c56c7c06eac4a13061e2d3a8a4dfe61b850297662c855e2c7a7c6435c
22:20:18     STOCK_FILE pri podjetju 3: se ni na vrsti po razporedu; preskoceno.
22:20:19     Prebranih zapisov: 2762; SHA-256: 2944665c56c7c06eac4a13061e2d3a8a4dfe61b850297662c855e2c7a7c6435c
22:20:19     STOCK_FILE pri podjetju 4: se ni na vrsti po razporedu; preskoceno.
22:20:19     konec: Zaloga NW_STOCK
22:20:19  == Zaloga BT_STOCK ==
22:20:20     SOURCE_FETCH: se ni na vrsti po razporedu; preskoceno.
22:20:21     Prebranih zapisov: 1389; SHA-256: 94b795fed5c0e61f34d203f9295b09140639e3376e4e771b86fcc1450fad2c35
22:20:21     STOCK_FILE pri podjetju 1: se ni na vrsti po razporedu; preskoceno.
22:20:22     Prebranih zapisov: 1389; SHA-256: 94b795fed5c0e61f34d203f9295b09140639e3376e4e771b86fcc1450fad2c35
22:20:22     STOCK_FILE pri podjetju 2: se ni na vrsti po razporedu; preskoceno.
22:20:23     Prebranih zapisov: 1389; SHA-256: 94b795fed5c0e61f34d203f9295b09140639e3376e4e771b86fcc1450fad2c35
22:20:23     STOCK_FILE pri podjetju 3: se ni na vrsti po razporedu; preskoceno.
22:20:24     Prebranih zapisov: 1389; SHA-256: 94b795fed5c0e61f34d203f9295b09140639e3376e4e771b86fcc1450fad2c35
22:20:24     STOCK_FILE pri podjetju 4: se ni na vrsti po razporedu; preskoceno.
22:20:24     konec: Zaloga BT_STOCK
22:20:24  == Zaloga iz SAOP (kolicine) ==
22:20:25     STDERR: Manjka nastavitev Saop (BaseUrl, Username, Password) v appsettings.Local.json.
22:20:25     STDERR: Uporaba: PIM.SaopStockWorker [--organizations 2,3] [--page-size N] [--base-url URL] [--samo-nastavitve] [--dostave [--max-dostave N]]
22:20:25     NAPAKA: worker workers\PIM.SaopStockWorker je koncal z izhodno kodo 2
22:20:25  == Osvezitev cen kataloga ==
22:20:26     Živ SAOP zajem: podjetij=4, končnih točk=1, delta zajem, razpored=SAOP_PRICES.
22:20:26     [2] IQLighting (SAOP_IQLIGHTING)
22:20:49       GetPrices: strani=2 zapisov=106 — MEJNIK STOJI (SAOP je vrnil 106 zapisov, a so bili enaki že zajetim (dedup po hashu) — ta zagon nima česa preslikati); zapisi ostanejo v raw.Inbox in jih bo naslednji zagon zajel znova
22:20:49       SKUPAJ strani=2 zapisov=106 RunId=d440ebde-e545-453c-99d8-ce04def401bf
22:20:49       OPOZORILO: v raw.Inbox ležijo nepreslikane vrstice iz prejšnjih zagonov: GetPrices=3. Preslikaj jih z --map-run <RunId tistega zagona>; poizvedba: SELECT DISTINCT RunId, EntityType FROM raw.Inbox WHERE Status=N'Pending';
22:20:49       OPOZORILO: pri 1 končnih točkah mejnik stoji. Zajeti podatek leži v raw.Inbox in ga bo naslednji zagon zajel znova; če ga hočeš preslikati brez ponovnega klica, uporabi --map-run d440ebde-e545-453c-99d8-ce04def401bf.
22:20:49     [3] Vidadria (SAOP_VIDADRIA)
22:21:11       GetPrices: strani=5 zapisov=218 — MEJNIK STOJI (SAOP je vrnil 218 zapisov, a so bili enaki že zajetim (dedup po hashu) — ta zagon nima česa preslikati); zapisi ostanejo v raw.Inbox in jih bo naslednji zagon zajel znova
22:21:12       SKUPAJ strani=5 zapisov=218 RunId=2ab65768-1426-4c6c-b260-5c7e43e71f7c
22:21:12       OPOZORILO: pri 1 končnih točkah mejnik stoji. Zajeti podatek leži v raw.Inbox in ga bo naslednji zagon zajel znova; če ga hočeš preslikati brez ponovnega klica, uporabi --map-run 2ab65768-1426-4c6c-b260-5c7e43e71f7c.
22:21:12     [4] Ediito (SAOP_EDIITO)
22:21:19       GetPrices: strani=2 zapisov=12 — MEJNIK STOJI (SAOP je vrnil 12 zapisov, a so bili enaki že zajetim (dedup po hashu) — ta zagon nima česa preslikati); zapisi ostanejo v raw.Inbox in jih bo naslednji zagon zajel znova
22:21:19       SKUPAJ strani=2 zapisov=12 RunId=12ac0ad3-e216-4ea1-a22b-922d6e7e1be9
22:21:19       OPOZORILO: pri 1 končnih točkah mejnik stoji. Zajeti podatek leži v raw.Inbox in ga bo naslednji zagon zajel znova; če ga hočeš preslikati brez ponovnega klica, uporabi --map-run 12ac0ad3-e216-4ea1-a22b-922d6e7e1be9.
22:21:19     [1] DEMO (SAOP_DEMO)
22:21:24       GetPrices: strani=0 zapisov=0 [4,2 s]
22:21:24       SKUPAJ strani=0 zapisov=0 RunId=9c92ae13-0164-447a-a15d-f2e4358a5033
22:21:24     konec: Osvezitev cen kataloga
22:21:24  == Izvoz cen in zaloge za splet ==
22:21:27     Izvoz profila MAGENTO_STOCK_PRICES končan: 422 vrstic v C:\Users\david\Desktop\PIM\NoviPIM\izvoz\magento\1
22:21:31     Izvoz profila MAGENTO_STOCK_PRICES končan: 2353 vrstic v C:\Users\david\Desktop\PIM\NoviPIM\izvoz\magento\2
22:21:34     Izvoz profila MAGENTO_STOCK_PRICES končan: 2549 vrstic v C:\Users\david\Desktop\PIM\NoviPIM\izvoz\magento\3
22:21:35     Izvoz profila MAGENTO_STOCK_PRICES končan: 0 vrstic v C:\Users\david\Desktop\PIM\NoviPIM\izvoz\magento\4
22:21:35     konec: Izvoz cen in zaloge za splet
22:21:35  == Osvezitev kataloga in strank s cenami in zalogo (podjetje 2) ==
22:21:43     Magento CSV izvoz končan: C:\Users\david\Desktop\PIM\NoviPIM\izvoz\magento
22:21:43     konec: Osvezitev kataloga in strank s cenami in zalogo (podjetje 2)
22:21:43  Zalogovni cikel koncan; padlih korakov: 1.
22:25:14  == Zaloga NW_STOCK ==
22:25:15     [NW_STOCK] preskoceno: Poverilnice niso nastavljene — vpisi jih v appsettings.Local.json pod Fetch:NW_STOCK.
22:25:15     Prevzem koncan: uspesno 0, neuspesno 0, skupaj virov 1.
22:25:16     Prebranih zapisov: 2762; SHA-256: 2944665c56c7c06eac4a13061e2d3a8a4dfe61b850297662c855e2c7a7c6435c
22:25:16     Ta posnetek je ze v bazi; vir=NW_STOCK, podjetje=1, cas posnetka=2026-09-15 17:52:43Z, uporabljenih=2762, v karanteni=0, RunId=459c27f4-39c8-4ab1-99d8-8f15b4ff7683. Zapisano ni bilo nic.
22:25:17     Prebranih zapisov: 2762; SHA-256: 2944665c56c7c06eac4a13061e2d3a8a4dfe61b850297662c855e2c7a7c6435c
22:25:17     Ta posnetek je ze v bazi; vir=NW_STOCK, podjetje=2, cas posnetka=2026-09-15 17:52:43Z, uporabljenih=2762, v karanteni=0, RunId=de6757e4-c970-4ca3-8858-d89042caf81f. Zapisano ni bilo nic.
22:25:18     Prebranih zapisov: 2762; SHA-256: 2944665c56c7c06eac4a13061e2d3a8a4dfe61b850297662c855e2c7a7c6435c
22:25:18     Ta posnetek je ze v bazi; vir=NW_STOCK, podjetje=3, cas posnetka=2026-09-15 17:52:43Z, uporabljenih=2762, v karanteni=0, RunId=8a508903-792e-4631-94fe-be541ec5c291. Zapisano ni bilo nic.
22:25:19     Prebranih zapisov: 2762; SHA-256: 2944665c56c7c06eac4a13061e2d3a8a4dfe61b850297662c855e2c7a7c6435c
22:25:19     Ta posnetek je ze v bazi; vir=NW_STOCK, podjetje=4, cas posnetka=2026-09-15 17:52:43Z, uporabljenih=2762, v karanteni=0, RunId=d78dceff-7a9e-427b-bce2-13cf57ed279d. Zapisano ni bilo nic.
22:25:19     konec: Zaloga NW_STOCK
22:25:19  == Zaloga BT_STOCK ==
22:25:20     SOURCE_FETCH: se ni na vrsti po razporedu; preskoceno.
22:25:21     Prebranih zapisov: 1389; SHA-256: 94b795fed5c0e61f34d203f9295b09140639e3376e4e771b86fcc1450fad2c35
22:25:21     STOCK_FILE pri podjetju 1: se ni na vrsti po razporedu; preskoceno.
22:25:22     Prebranih zapisov: 1389; SHA-256: 94b795fed5c0e61f34d203f9295b09140639e3376e4e771b86fcc1450fad2c35
22:25:22     STOCK_FILE pri podjetju 2: se ni na vrsti po razporedu; preskoceno.
22:25:23     Prebranih zapisov: 1389; SHA-256: 94b795fed5c0e61f34d203f9295b09140639e3376e4e771b86fcc1450fad2c35
22:25:23     STOCK_FILE pri podjetju 3: se ni na vrsti po razporedu; preskoceno.
22:25:24     Prebranih zapisov: 1389; SHA-256: 94b795fed5c0e61f34d203f9295b09140639e3376e4e771b86fcc1450fad2c35
22:25:24     STOCK_FILE pri podjetju 4: se ni na vrsti po razporedu; preskoceno.
22:25:24     konec: Zaloga BT_STOCK
22:25:24  == Zaloga iz SAOP (kolicine) ==
22:25:25     STDERR: Manjka nastavitev Saop (BaseUrl, Username, Password) v appsettings.Local.json.
22:25:25     STDERR: Uporaba: PIM.SaopStockWorker [--organizations 2,3] [--page-size N] [--base-url URL] [--samo-nastavitve] [--dostave [--max-dostave N]]
22:25:25     NAPAKA: worker workers\PIM.SaopStockWorker je koncal z izhodno kodo 2
22:25:25  == Osvezitev cen kataloga ==
22:25:26     Živ SAOP zajem: podjetij=4, končnih točk=1, delta zajem, razpored=SAOP_PRICES.
22:25:26     [2] IQLighting (SAOP_IQLIGHTING)
22:25:48       GetPrices: strani=2 zapisov=106 — MEJNIK STOJI (SAOP je vrnil 106 zapisov, a so bili enaki že zajetim (dedup po hashu) — ta zagon nima česa preslikati); zapisi ostanejo v raw.Inbox in jih bo naslednji zagon zajel znova
22:25:48       SKUPAJ strani=2 zapisov=106 RunId=83c19bf9-3f0a-484c-97b0-4659ce54b0f7
22:25:48       OPOZORILO: v raw.Inbox ležijo nepreslikane vrstice iz prejšnjih zagonov: GetPrices=3. Preslikaj jih z --map-run <RunId tistega zagona>; poizvedba: SELECT DISTINCT RunId, EntityType FROM raw.Inbox WHERE Status=N'Pending';
22:25:48       OPOZORILO: pri 1 končnih točkah mejnik stoji. Zajeti podatek leži v raw.Inbox in ga bo naslednji zagon zajel znova; če ga hočeš preslikati brez ponovnega klica, uporabi --map-run 83c19bf9-3f0a-484c-97b0-4659ce54b0f7.
22:25:48     [3] Vidadria (SAOP_VIDADRIA)
22:26:10       GetPrices: strani=5 zapisov=218 — MEJNIK STOJI (SAOP je vrnil 218 zapisov, a so bili enaki že zajetim (dedup po hashu) — ta zagon nima česa preslikati); zapisi ostanejo v raw.Inbox in jih bo naslednji zagon zajel znova
22:26:10       SKUPAJ strani=5 zapisov=218 RunId=54fe4a32-c956-4728-9de1-38aa3e1fc565
22:26:10       OPOZORILO: pri 1 končnih točkah mejnik stoji. Zajeti podatek leži v raw.Inbox in ga bo naslednji zagon zajel znova; če ga hočeš preslikati brez ponovnega klica, uporabi --map-run 54fe4a32-c956-4728-9de1-38aa3e1fc565.
22:26:10     [4] Ediito (SAOP_EDIITO)
22:26:17       GetPrices: strani=2 zapisov=12 — MEJNIK STOJI (SAOP je vrnil 12 zapisov, a so bili enaki že zajetim (dedup po hashu) — ta zagon nima česa preslikati); zapisi ostanejo v raw.Inbox in jih bo naslednji zagon zajel znova
22:26:17       SKUPAJ strani=2 zapisov=12 RunId=4cf7c094-88f4-4132-b3c8-afc4c2eefa23
22:26:17       OPOZORILO: pri 1 končnih točkah mejnik stoji. Zajeti podatek leži v raw.Inbox in ga bo naslednji zagon zajel znova; če ga hočeš preslikati brez ponovnega klica, uporabi --map-run 4cf7c094-88f4-4132-b3c8-afc4c2eefa23.
22:26:17     [1] DEMO (SAOP_DEMO)
22:26:21       GetPrices: strani=0 zapisov=0 [4,1 s]
22:26:21       SKUPAJ strani=0 zapisov=0 RunId=4c5f0dea-df32-4ea7-a1dc-4c711901b02f
22:26:21     konec: Osvezitev cen kataloga
22:26:21  == Izvoz cen in zaloge za splet ==
22:26:24     Izvoz profila MAGENTO_STOCK_PRICES končan: 422 vrstic v C:\Users\david\Desktop\PIM\NoviPIM\izvoz\magento\1
22:26:28     Izvoz profila MAGENTO_STOCK_PRICES končan: 2353 vrstic v C:\Users\david\Desktop\PIM\NoviPIM\izvoz\magento\2
22:26:31     Izvoz profila MAGENTO_STOCK_PRICES končan: 2549 vrstic v C:\Users\david\Desktop\PIM\NoviPIM\izvoz\magento\3
22:26:32     Izvoz profila MAGENTO_STOCK_PRICES končan: 0 vrstic v C:\Users\david\Desktop\PIM\NoviPIM\izvoz\magento\4
22:26:32     konec: Izvoz cen in zaloge za splet
22:26:32  == Osvezitev kataloga in strank s cenami in zalogo (podjetje 2) ==
22:26:40     Magento CSV izvoz končan: C:\Users\david\Desktop\PIM\NoviPIM\izvoz\magento
22:26:40     konec: Osvezitev kataloga in strank s cenami in zalogo (podjetje 2)
22:26:40  Zalogovni cikel koncan; padlih korakov: 1.
22:30:14  == Zaloga NW_STOCK ==
22:30:15     [NW_STOCK] preskoceno: Poverilnice niso nastavljene — vpisi jih v appsettings.Local.json pod Fetch:NW_STOCK.
22:30:15     Prevzem koncan: uspesno 0, neuspesno 0, skupaj virov 1.
22:30:16     Prebranih zapisov: 2762; SHA-256: 2944665c56c7c06eac4a13061e2d3a8a4dfe61b850297662c855e2c7a7c6435c
22:30:16     Ta posnetek je ze v bazi; vir=NW_STOCK, podjetje=1, cas posnetka=2026-09-15 17:52:43Z, uporabljenih=2762, v karanteni=0, RunId=459c27f4-39c8-4ab1-99d8-8f15b4ff7683. Zapisano ni bilo nic.
22:30:17     Prebranih zapisov: 2762; SHA-256: 2944665c56c7c06eac4a13061e2d3a8a4dfe61b850297662c855e2c7a7c6435c
22:30:17     Ta posnetek je ze v bazi; vir=NW_STOCK, podjetje=2, cas posnetka=2026-09-15 17:52:43Z, uporabljenih=2762, v karanteni=0, RunId=de6757e4-c970-4ca3-8858-d89042caf81f. Zapisano ni bilo nic.
22:30:18     Prebranih zapisov: 2762; SHA-256: 2944665c56c7c06eac4a13061e2d3a8a4dfe61b850297662c855e2c7a7c6435c
22:30:18     Ta posnetek je ze v bazi; vir=NW_STOCK, podjetje=3, cas posnetka=2026-09-15 17:52:43Z, uporabljenih=2762, v karanteni=0, RunId=8a508903-792e-4631-94fe-be541ec5c291. Zapisano ni bilo nic.
22:30:19     Prebranih zapisov: 2762; SHA-256: 2944665c56c7c06eac4a13061e2d3a8a4dfe61b850297662c855e2c7a7c6435c
22:30:19     Ta posnetek je ze v bazi; vir=NW_STOCK, podjetje=4, cas posnetka=2026-09-15 17:52:43Z, uporabljenih=2762, v karanteni=0, RunId=d78dceff-7a9e-427b-bce2-13cf57ed279d. Zapisano ni bilo nic.
22:30:20     konec: Zaloga NW_STOCK
22:30:20  == Zaloga BT_STOCK ==
22:30:21     SOURCE_FETCH: se ni na vrsti po razporedu; preskoceno.
22:30:21     Prebranih zapisov: 1389; SHA-256: 94b795fed5c0e61f34d203f9295b09140639e3376e4e771b86fcc1450fad2c35
22:30:22     STOCK_FILE pri podjetju 1: se ni na vrsti po razporedu; preskoceno.
22:30:22     Prebranih zapisov: 1389; SHA-256: 94b795fed5c0e61f34d203f9295b09140639e3376e4e771b86fcc1450fad2c35
22:30:23     STOCK_FILE pri podjetju 2: se ni na vrsti po razporedu; preskoceno.
22:30:23     Prebranih zapisov: 1389; SHA-256: 94b795fed5c0e61f34d203f9295b09140639e3376e4e771b86fcc1450fad2c35
22:30:24     STOCK_FILE pri podjetju 3: se ni na vrsti po razporedu; preskoceno.
22:30:24     Prebranih zapisov: 1389; SHA-256: 94b795fed5c0e61f34d203f9295b09140639e3376e4e771b86fcc1450fad2c35
22:30:25     STOCK_FILE pri podjetju 4: se ni na vrsti po razporedu; preskoceno.
22:30:25     konec: Zaloga BT_STOCK
22:30:25  == Zaloga iz SAOP (kolicine) ==
22:30:25     STDERR: Manjka nastavitev Saop (BaseUrl, Username, Password) v appsettings.Local.json.
22:30:25     STDERR: Uporaba: PIM.SaopStockWorker [--organizations 2,3] [--page-size N] [--base-url URL] [--samo-nastavitve] [--dostave [--max-dostave N]]
22:30:25     NAPAKA: worker workers\PIM.SaopStockWorker je koncal z izhodno kodo 2
22:30:25  == Osvezitev cen kataloga ==
22:30:26     Živ SAOP zajem: podjetij=4, končnih točk=1, delta zajem, razpored=SAOP_PRICES.
22:30:26     [2] IQLighting (SAOP_IQLIGHTING)
22:30:48       GetPrices: strani=2 zapisov=106 — MEJNIK STOJI (SAOP je vrnil 106 zapisov, a so bili enaki že zajetim (dedup po hashu) — ta zagon nima česa preslikati); zapisi ostanejo v raw.Inbox in jih bo naslednji zagon zajel znova
22:30:48       SKUPAJ strani=2 zapisov=106 RunId=076e4225-40ec-484d-87dd-974eec7a2b28
22:30:48       OPOZORILO: v raw.Inbox ležijo nepreslikane vrstice iz prejšnjih zagonov: GetPrices=3. Preslikaj jih z --map-run <RunId tistega zagona>; poizvedba: SELECT DISTINCT RunId, EntityType FROM raw.Inbox WHERE Status=N'Pending';
22:30:48       OPOZORILO: pri 1 končnih točkah mejnik stoji. Zajeti podatek leži v raw.Inbox in ga bo naslednji zagon zajel znova; če ga hočeš preslikati brez ponovnega klica, uporabi --map-run 076e4225-40ec-484d-87dd-974eec7a2b28.
22:30:48     [3] Vidadria (SAOP_VIDADRIA)
22:31:10       GetPrices: strani=5 zapisov=218 — MEJNIK STOJI (SAOP je vrnil 218 zapisov, a so bili enaki že zajetim (dedup po hashu) — ta zagon nima česa preslikati); zapisi ostanejo v raw.Inbox in jih bo naslednji zagon zajel znova
22:31:10       SKUPAJ strani=5 zapisov=218 RunId=4c0ab3d2-966b-4c54-b70d-a9a1f98f1156
22:31:10       OPOZORILO: pri 1 končnih točkah mejnik stoji. Zajeti podatek leži v raw.Inbox in ga bo naslednji zagon zajel znova; če ga hočeš preslikati brez ponovnega klica, uporabi --map-run 4c0ab3d2-966b-4c54-b70d-a9a1f98f1156.
22:31:10     [4] Ediito (SAOP_EDIITO)
22:31:18       GetPrices: strani=2 zapisov=12 — MEJNIK STOJI (SAOP je vrnil 12 zapisov, a so bili enaki že zajetim (dedup po hashu) — ta zagon nima česa preslikati); zapisi ostanejo v raw.Inbox in jih bo naslednji zagon zajel znova
22:31:18       SKUPAJ strani=2 zapisov=12 RunId=bac80097-6bca-49b6-9a9e-b4ac5bf68c8c
22:31:18       OPOZORILO: pri 1 končnih točkah mejnik stoji. Zajeti podatek leži v raw.Inbox in ga bo naslednji zagon zajel znova; če ga hočeš preslikati brez ponovnega klica, uporabi --map-run bac80097-6bca-49b6-9a9e-b4ac5bf68c8c.
22:31:18     [1] DEMO (SAOP_DEMO)
22:31:22       GetPrices: strani=0 zapisov=0 [4,1 s]
22:31:22       SKUPAJ strani=0 zapisov=0 RunId=cd03f659-f0f7-4f6b-bb97-2c86c172ad29
22:31:22     konec: Osvezitev cen kataloga
22:31:22  == Izvoz cen in zaloge za splet ==
22:31:25     Izvoz profila MAGENTO_STOCK_PRICES končan: 422 vrstic v C:\Users\david\Desktop\PIM\NoviPIM\izvoz\magento\1
22:31:29     Izvoz profila MAGENTO_STOCK_PRICES končan: 2353 vrstic v C:\Users\david\Desktop\PIM\NoviPIM\izvoz\magento\2
22:31:32     Izvoz profila MAGENTO_STOCK_PRICES končan: 2549 vrstic v C:\Users\david\Desktop\PIM\NoviPIM\izvoz\magento\3
22:31:33     Izvoz profila MAGENTO_STOCK_PRICES končan: 0 vrstic v C:\Users\david\Desktop\PIM\NoviPIM\izvoz\magento\4
22:31:33     konec: Izvoz cen in zaloge za splet
22:31:33  == Osvezitev kataloga in strank s cenami in zalogo (podjetje 2) ==
22:31:40     Magento CSV izvoz končan: C:\Users\david\Desktop\PIM\NoviPIM\izvoz\magento
22:31:40     konec: Osvezitev kataloga in strank s cenami in zalogo (podjetje 2)
22:31:40  Zalogovni cikel koncan; padlih korakov: 1.
22:35:14  == Zaloga NW_STOCK ==
22:35:15     SOURCE_FETCH: se ni na vrsti po razporedu; preskoceno.
22:35:16     Prebranih zapisov: 2762; SHA-256: 2944665c56c7c06eac4a13061e2d3a8a4dfe61b850297662c855e2c7a7c6435c
22:35:16     STOCK_FILE pri podjetju 1: se ni na vrsti po razporedu; preskoceno.
22:35:17     Prebranih zapisov: 2762; SHA-256: 2944665c56c7c06eac4a13061e2d3a8a4dfe61b850297662c855e2c7a7c6435c
22:35:17     STOCK_FILE pri podjetju 2: se ni na vrsti po razporedu; preskoceno.
22:35:18     Prebranih zapisov: 2762; SHA-256: 2944665c56c7c06eac4a13061e2d3a8a4dfe61b850297662c855e2c7a7c6435c
22:35:18     STOCK_FILE pri podjetju 3: se ni na vrsti po razporedu; preskoceno.
22:35:19     Prebranih zapisov: 2762; SHA-256: 2944665c56c7c06eac4a13061e2d3a8a4dfe61b850297662c855e2c7a7c6435c
22:35:19     STOCK_FILE pri podjetju 4: se ni na vrsti po razporedu; preskoceno.
22:35:19     konec: Zaloga NW_STOCK
22:35:19  == Zaloga BT_STOCK ==
22:35:20     [BT_STOCK] preskoceno: Razmik dobavitelja se tece; naslednji prenos po 15. 09. 2026 23:32.
22:35:20     Prevzem koncan: uspesno 0, neuspesno 0, skupaj virov 1.
22:35:21     Prebranih zapisov: 1389; SHA-256: 94b795fed5c0e61f34d203f9295b09140639e3376e4e771b86fcc1450fad2c35
22:35:21     Ta posnetek je ze v bazi; vir=BT_STOCK, podjetje=1, cas posnetka=2026-09-15 18:32:34Z, uporabljenih=1389, v karanteni=0, RunId=d5937296-5c39-429d-92e4-3d1e4d225264. Zapisano ni bilo nic.
22:35:22     Prebranih zapisov: 1389; SHA-256: 94b795fed5c0e61f34d203f9295b09140639e3376e4e771b86fcc1450fad2c35
22:35:22     Ta posnetek je ze v bazi; vir=BT_STOCK, podjetje=2, cas posnetka=2026-09-15 18:32:34Z, uporabljenih=1389, v karanteni=0, RunId=00d73a91-58ac-4c88-87ed-69fe7e68d9e3. Zapisano ni bilo nic.
22:35:23     Prebranih zapisov: 1389; SHA-256: 94b795fed5c0e61f34d203f9295b09140639e3376e4e771b86fcc1450fad2c35
22:35:23     Ta posnetek je ze v bazi; vir=BT_STOCK, podjetje=3, cas posnetka=2026-09-15 18:32:34Z, uporabljenih=1389, v karanteni=0, RunId=9a0d0bbc-88ee-4d13-8be1-c145b68009a5. Zapisano ni bilo nic.
22:35:24     Prebranih zapisov: 1389; SHA-256: 94b795fed5c0e61f34d203f9295b09140639e3376e4e771b86fcc1450fad2c35
22:35:24     Ta posnetek je ze v bazi; vir=BT_STOCK, podjetje=4, cas posnetka=2026-09-15 18:32:34Z, uporabljenih=1389, v karanteni=0, RunId=5a72fede-0aad-49c2-91f4-133e8f4df186. Zapisano ni bilo nic.
22:35:24     konec: Zaloga BT_STOCK
22:35:24  == Zaloga iz SAOP (kolicine) ==
22:35:25     STDERR: Manjka nastavitev Saop (BaseUrl, Username, Password) v appsettings.Local.json.
22:35:25     STDERR: Uporaba: PIM.SaopStockWorker [--organizations 2,3] [--page-size N] [--base-url URL] [--samo-nastavitve] [--dostave [--max-dostave N]]
22:35:25     NAPAKA: worker workers\PIM.SaopStockWorker je koncal z izhodno kodo 2
22:35:25  == Osvezitev cen kataloga ==
22:35:26     Živ SAOP zajem: podjetij=4, končnih točk=1, delta zajem, razpored=SAOP_PRICES.
22:35:26     [2] IQLighting (SAOP_IQLIGHTING)
22:35:48       GetPrices: strani=2 zapisov=106 — MEJNIK STOJI (SAOP je vrnil 106 zapisov, a so bili enaki že zajetim (dedup po hashu) — ta zagon nima česa preslikati); zapisi ostanejo v raw.Inbox in jih bo naslednji zagon zajel znova
22:35:48       SKUPAJ strani=2 zapisov=106 RunId=1e9b881c-a5c6-4f4b-963a-0d7291ba24b0
22:35:48       OPOZORILO: v raw.Inbox ležijo nepreslikane vrstice iz prejšnjih zagonov: GetPrices=3. Preslikaj jih z --map-run <RunId tistega zagona>; poizvedba: SELECT DISTINCT RunId, EntityType FROM raw.Inbox WHERE Status=N'Pending';
22:35:48       OPOZORILO: pri 1 končnih točkah mejnik stoji. Zajeti podatek leži v raw.Inbox in ga bo naslednji zagon zajel znova; če ga hočeš preslikati brez ponovnega klica, uporabi --map-run 1e9b881c-a5c6-4f4b-963a-0d7291ba24b0.
22:35:48     [3] Vidadria (SAOP_VIDADRIA)
22:36:11       GetPrices: strani=5 zapisov=218 — MEJNIK STOJI (SAOP je vrnil 218 zapisov, a so bili enaki že zajetim (dedup po hashu) — ta zagon nima česa preslikati); zapisi ostanejo v raw.Inbox in jih bo naslednji zagon zajel znova
22:36:11       SKUPAJ strani=5 zapisov=218 RunId=4bf5bbc9-19eb-4153-9d6c-6fde57d1c683
22:36:11       OPOZORILO: pri 1 končnih točkah mejnik stoji. Zajeti podatek leži v raw.Inbox in ga bo naslednji zagon zajel znova; če ga hočeš preslikati brez ponovnega klica, uporabi --map-run 4bf5bbc9-19eb-4153-9d6c-6fde57d1c683.
22:36:11     [4] Ediito (SAOP_EDIITO)
22:36:19       GetPrices: strani=2 zapisov=12 — MEJNIK STOJI (SAOP je vrnil 12 zapisov, a so bili enaki že zajetim (dedup po hashu) — ta zagon nima česa preslikati); zapisi ostanejo v raw.Inbox in jih bo naslednji zagon zajel znova
22:36:19       SKUPAJ strani=2 zapisov=12 RunId=983a3b06-56d0-450b-a2e4-80665aac2f2a
22:36:19       OPOZORILO: pri 1 končnih točkah mejnik stoji. Zajeti podatek leži v raw.Inbox in ga bo naslednji zagon zajel znova; če ga hočeš preslikati brez ponovnega klica, uporabi --map-run 983a3b06-56d0-450b-a2e4-80665aac2f2a.
22:36:19     [1] DEMO (SAOP_DEMO)
22:36:23       GetPrices: strani=0 zapisov=0 [4,2 s]
22:36:23       SKUPAJ strani=0 zapisov=0 RunId=98805816-2bda-455e-aad5-a216ad914afb
22:36:23     konec: Osvezitev cen kataloga
22:36:23  == Izvoz cen in zaloge za splet ==
22:36:26     Izvoz profila MAGENTO_STOCK_PRICES končan: 422 vrstic v C:\Users\david\Desktop\PIM\NoviPIM\izvoz\magento\1
22:36:30     Izvoz profila MAGENTO_STOCK_PRICES končan: 2353 vrstic v C:\Users\david\Desktop\PIM\NoviPIM\izvoz\magento\2
22:36:33     Izvoz profila MAGENTO_STOCK_PRICES končan: 2549 vrstic v C:\Users\david\Desktop\PIM\NoviPIM\izvoz\magento\3
22:36:35     Izvoz profila MAGENTO_STOCK_PRICES končan: 0 vrstic v C:\Users\david\Desktop\PIM\NoviPIM\izvoz\magento\4
22:36:35     konec: Izvoz cen in zaloge za splet
22:36:35  == Osvezitev kataloga in strank s cenami in zalogo (podjetje 2) ==
22:36:42     Magento CSV izvoz končan: C:\Users\david\Desktop\PIM\NoviPIM\izvoz\magento
22:36:42     konec: Osvezitev kataloga in strank s cenami in zalogo (podjetje 2)
22:36:42  Zalogovni cikel koncan; padlih korakov: 1.
22:40:14  == Zaloga NW_STOCK ==
22:40:15     SOURCE_FETCH: se ni na vrsti po razporedu; preskoceno.
22:40:16     Prebranih zapisov: 2762; SHA-256: 2944665c56c7c06eac4a13061e2d3a8a4dfe61b850297662c855e2c7a7c6435c
22:40:16     STOCK_FILE pri podjetju 1: se ni na vrsti po razporedu; preskoceno.
22:40:17     Prebranih zapisov: 2762; SHA-256: 2944665c56c7c06eac4a13061e2d3a8a4dfe61b850297662c855e2c7a7c6435c
22:40:17     STOCK_FILE pri podjetju 2: se ni na vrsti po razporedu; preskoceno.
22:40:18     Prebranih zapisov: 2762; SHA-256: 2944665c56c7c06eac4a13061e2d3a8a4dfe61b850297662c855e2c7a7c6435c
22:40:18     STOCK_FILE pri podjetju 3: se ni na vrsti po razporedu; preskoceno.
22:40:19     Prebranih zapisov: 2762; SHA-256: 2944665c56c7c06eac4a13061e2d3a8a4dfe61b850297662c855e2c7a7c6435c
22:40:19     STOCK_FILE pri podjetju 4: se ni na vrsti po razporedu; preskoceno.
22:40:19     konec: Zaloga NW_STOCK
22:40:19  == Zaloga BT_STOCK ==
22:40:20     SOURCE_FETCH: se ni na vrsti po razporedu; preskoceno.
22:40:21     Prebranih zapisov: 1389; SHA-256: 94b795fed5c0e61f34d203f9295b09140639e3376e4e771b86fcc1450fad2c35
22:40:21     STOCK_FILE pri podjetju 1: se ni na vrsti po razporedu; preskoceno.
22:40:22     Prebranih zapisov: 1389; SHA-256: 94b795fed5c0e61f34d203f9295b09140639e3376e4e771b86fcc1450fad2c35
22:40:22     STOCK_FILE pri podjetju 2: se ni na vrsti po razporedu; preskoceno.
22:40:23     Prebranih zapisov: 1389; SHA-256: 94b795fed5c0e61f34d203f9295b09140639e3376e4e771b86fcc1450fad2c35
22:40:23     STOCK_FILE pri podjetju 3: se ni na vrsti po razporedu; preskoceno.
22:40:24     Prebranih zapisov: 1389; SHA-256: 94b795fed5c0e61f34d203f9295b09140639e3376e4e771b86fcc1450fad2c35
22:40:24     STOCK_FILE pri podjetju 4: se ni na vrsti po razporedu; preskoceno.
22:40:24     konec: Zaloga BT_STOCK
22:40:24  == Zaloga iz SAOP (kolicine) ==
22:40:25     STDERR: Manjka nastavitev Saop (BaseUrl, Username, Password) v appsettings.Local.json.
22:40:25     STDERR: Uporaba: PIM.SaopStockWorker [--organizations 2,3] [--page-size N] [--base-url URL] [--samo-nastavitve] [--dostave [--max-dostave N]]
22:40:25     NAPAKA: worker workers\PIM.SaopStockWorker je koncal z izhodno kodo 2
22:40:25  == Osvezitev cen kataloga ==
22:40:26     Živ SAOP zajem: podjetij=4, končnih točk=1, delta zajem, razpored=SAOP_PRICES.
22:40:26     [2] IQLighting (SAOP_IQLIGHTING)
22:40:56       GetPrices: strani=2 zapisov=106 — MEJNIK STOJI (SAOP je vrnil 106 zapisov, a so bili enaki že zajetim (dedup po hashu) — ta zagon nima česa preslikati); zapisi ostanejo v raw.Inbox in jih bo naslednji zagon zajel znova
22:40:56       SKUPAJ strani=2 zapisov=106 RunId=7b9e0a15-f1b3-4563-9eab-4538195eb6ab
22:40:56       OPOZORILO: v raw.Inbox ležijo nepreslikane vrstice iz prejšnjih zagonov: GetPrices=3. Preslikaj jih z --map-run <RunId tistega zagona>; poizvedba: SELECT DISTINCT RunId, EntityType FROM raw.Inbox WHERE Status=N'Pending';
22:40:56       OPOZORILO: pri 1 končnih točkah mejnik stoji. Zajeti podatek leži v raw.Inbox in ga bo naslednji zagon zajel znova; če ga hočeš preslikati brez ponovnega klica, uporabi --map-run 7b9e0a15-f1b3-4563-9eab-4538195eb6ab.
22:40:56     [3] Vidadria (SAOP_VIDADRIA)
22:41:26       GetPrices: strani=5 zapisov=218 — MEJNIK STOJI (SAOP je vrnil 218 zapisov, a so bili enaki že zajetim (dedup po hashu) — ta zagon nima česa preslikati); zapisi ostanejo v raw.Inbox in jih bo naslednji zagon zajel znova
22:41:26       SKUPAJ strani=5 zapisov=218 RunId=392502ab-a63b-42ac-9b59-7c61b111d525
22:41:26       OPOZORILO: pri 1 končnih točkah mejnik stoji. Zajeti podatek leži v raw.Inbox in ga bo naslednji zagon zajel znova; če ga hočeš preslikati brez ponovnega klica, uporabi --map-run 392502ab-a63b-42ac-9b59-7c61b111d525.
22:41:26     [4] Ediito (SAOP_EDIITO)
22:41:35       GetPrices: strani=2 zapisov=12 — MEJNIK STOJI (SAOP je vrnil 12 zapisov, a so bili enaki že zajetim (dedup po hashu) — ta zagon nima česa preslikati); zapisi ostanejo v raw.Inbox in jih bo naslednji zagon zajel znova
22:41:36       SKUPAJ strani=2 zapisov=12 RunId=a26e21fc-b3a4-41c5-ab98-f5b9a75e049e
22:41:36       OPOZORILO: pri 1 končnih točkah mejnik stoji. Zajeti podatek leži v raw.Inbox in ga bo naslednji zagon zajel znova; če ga hočeš preslikati brez ponovnega klica, uporabi --map-run a26e21fc-b3a4-41c5-ab98-f5b9a75e049e.
22:41:36     [1] DEMO (SAOP_DEMO)
22:41:40       GetPrices: strani=0 zapisov=0 [4,3 s]
22:41:40       SKUPAJ strani=0 zapisov=0 RunId=f6b591f8-2aa7-4adc-98d8-e6797a1663be
22:41:40     konec: Osvezitev cen kataloga
22:41:40  == Izvoz cen in zaloge za splet ==
22:41:44     Izvoz profila MAGENTO_STOCK_PRICES končan: 422 vrstic v C:\Users\david\Desktop\PIM\NoviPIM\izvoz\magento\1
22:41:48     Izvoz profila MAGENTO_STOCK_PRICES končan: 2353 vrstic v C:\Users\david\Desktop\PIM\NoviPIM\izvoz\magento\2
22:41:52     Izvoz profila MAGENTO_STOCK_PRICES končan: 2549 vrstic v C:\Users\david\Desktop\PIM\NoviPIM\izvoz\magento\3
22:41:54     Izvoz profila MAGENTO_STOCK_PRICES končan: 0 vrstic v C:\Users\david\Desktop\PIM\NoviPIM\izvoz\magento\4
22:41:54     konec: Izvoz cen in zaloge za splet
22:41:54  == Osvezitev kataloga in strank s cenami in zalogo (podjetje 2) ==
22:42:02     Magento CSV izvoz končan: C:\Users\david\Desktop\PIM\NoviPIM\izvoz\magento
22:42:02     konec: Osvezitev kataloga in strank s cenami in zalogo (podjetje 2)
22:42:02  Zalogovni cikel koncan; padlih korakov: 1.
22:45:14  == Zaloga NW_STOCK ==
22:45:15     [NW_STOCK] preskoceno: Poverilnice niso nastavljene — vpisi jih v appsettings.Local.json pod Fetch:NW_STOCK.
22:45:15     Prevzem koncan: uspesno 0, neuspesno 0, skupaj virov 1.
22:45:16     Prebranih zapisov: 2762; SHA-256: 2944665c56c7c06eac4a13061e2d3a8a4dfe61b850297662c855e2c7a7c6435c
22:45:17     Ta posnetek je ze v bazi; vir=NW_STOCK, podjetje=1, cas posnetka=2026-09-15 17:52:43Z, uporabljenih=2762, v karanteni=0, RunId=459c27f4-39c8-4ab1-99d8-8f15b4ff7683. Zapisano ni bilo nic.
22:45:18     Prebranih zapisov: 2762; SHA-256: 2944665c56c7c06eac4a13061e2d3a8a4dfe61b850297662c855e2c7a7c6435c
22:45:18     Ta posnetek je ze v bazi; vir=NW_STOCK, podjetje=2, cas posnetka=2026-09-15 17:52:43Z, uporabljenih=2762, v karanteni=0, RunId=de6757e4-c970-4ca3-8858-d89042caf81f. Zapisano ni bilo nic.
22:45:19     Prebranih zapisov: 2762; SHA-256: 2944665c56c7c06eac4a13061e2d3a8a4dfe61b850297662c855e2c7a7c6435c
22:45:20     Ta posnetek je ze v bazi; vir=NW_STOCK, podjetje=3, cas posnetka=2026-09-15 17:52:43Z, uporabljenih=2762, v karanteni=0, RunId=8a508903-792e-4631-94fe-be541ec5c291. Zapisano ni bilo nic.
22:45:20     Prebranih zapisov: 2762; SHA-256: 2944665c56c7c06eac4a13061e2d3a8a4dfe61b850297662c855e2c7a7c6435c
22:45:21     Ta posnetek je ze v bazi; vir=NW_STOCK, podjetje=4, cas posnetka=2026-09-15 17:52:43Z, uporabljenih=2762, v karanteni=0, RunId=d78dceff-7a9e-427b-bce2-13cf57ed279d. Zapisano ni bilo nic.
22:45:21     konec: Zaloga NW_STOCK
22:45:21  == Zaloga BT_STOCK ==
22:45:22     SOURCE_FETCH: se ni na vrsti po razporedu; preskoceno.
22:45:23     Prebranih zapisov: 1389; SHA-256: 94b795fed5c0e61f34d203f9295b09140639e3376e4e771b86fcc1450fad2c35
22:45:23     STOCK_FILE pri podjetju 1: se ni na vrsti po razporedu; preskoceno.
22:45:24     Prebranih zapisov: 1389; SHA-256: 94b795fed5c0e61f34d203f9295b09140639e3376e4e771b86fcc1450fad2c35
22:45:24     STOCK_FILE pri podjetju 2: se ni na vrsti po razporedu; preskoceno.
22:45:25     Prebranih zapisov: 1389; SHA-256: 94b795fed5c0e61f34d203f9295b09140639e3376e4e771b86fcc1450fad2c35
22:45:25     STOCK_FILE pri podjetju 3: se ni na vrsti po razporedu; preskoceno.
22:45:26     Prebranih zapisov: 1389; SHA-256: 94b795fed5c0e61f34d203f9295b09140639e3376e4e771b86fcc1450fad2c35
22:45:26     STOCK_FILE pri podjetju 4: se ni na vrsti po razporedu; preskoceno.
22:45:26     konec: Zaloga BT_STOCK
22:45:26  == Zaloga iz SAOP (kolicine) ==
22:45:27     STDERR: Manjka nastavitev Saop (BaseUrl, Username, Password) v appsettings.Local.json.
22:45:27     STDERR: Uporaba: PIM.SaopStockWorker [--organizations 2,3] [--page-size N] [--base-url URL] [--samo-nastavitve] [--dostave [--max-dostave N]]
22:45:27     NAPAKA: worker workers\PIM.SaopStockWorker je koncal z izhodno kodo 2
22:45:27  == Osvezitev cen kataloga ==
22:45:28     Živ SAOP zajem: podjetij=4, končnih točk=1, delta zajem, razpored=SAOP_PRICES.
22:45:28     [2] IQLighting (SAOP_IQLIGHTING)
22:45:49       GetPrices: strani=2 zapisov=106 — MEJNIK STOJI (SAOP je vrnil 106 zapisov, a so bili enaki že zajetim (dedup po hashu) — ta zagon nima česa preslikati); zapisi ostanejo v raw.Inbox in jih bo naslednji zagon zajel znova
22:45:55       SKUPAJ strani=2 zapisov=106 RunId=7cfb4124-8369-429f-84fc-21893b8d7717
22:45:55       OPOZORILO: v raw.Inbox ležijo nepreslikane vrstice iz prejšnjih zagonov: GetPrices=3. Preslikaj jih z --map-run <RunId tistega zagona>; poizvedba: SELECT DISTINCT RunId, EntityType FROM raw.Inbox WHERE Status=N'Pending';
22:45:55       OPOZORILO: pri 1 končnih točkah mejnik stoji. Zajeti podatek leži v raw.Inbox in ga bo naslednji zagon zajel znova; če ga hočeš preslikati brez ponovnega klica, uporabi --map-run 7cfb4124-8369-429f-84fc-21893b8d7717.
22:45:55     [3] Vidadria (SAOP_VIDADRIA)
22:46:17       GetPrices: strani=5 zapisov=218 — MEJNIK STOJI (SAOP je vrnil 218 zapisov, a so bili enaki že zajetim (dedup po hashu) — ta zagon nima česa preslikati); zapisi ostanejo v raw.Inbox in jih bo naslednji zagon zajel znova
22:46:18       SKUPAJ strani=5 zapisov=218 RunId=f735a2c9-3761-40e1-8f59-b8eedbaf0329
22:46:18       OPOZORILO: pri 1 končnih točkah mejnik stoji. Zajeti podatek leži v raw.Inbox in ga bo naslednji zagon zajel znova; če ga hočeš preslikati brez ponovnega klica, uporabi --map-run f735a2c9-3761-40e1-8f59-b8eedbaf0329.
22:46:18     [4] Ediito (SAOP_EDIITO)
22:46:25       GetPrices: strani=2 zapisov=12 — MEJNIK STOJI (SAOP je vrnil 12 zapisov, a so bili enaki že zajetim (dedup po hashu) — ta zagon nima česa preslikati); zapisi ostanejo v raw.Inbox in jih bo naslednji zagon zajel znova
22:46:25       SKUPAJ strani=2 zapisov=12 RunId=ffa15e18-188b-40b1-912a-b4629ea41fa4
22:46:25       OPOZORILO: pri 1 končnih točkah mejnik stoji. Zajeti podatek leži v raw.Inbox in ga bo naslednji zagon zajel znova; če ga hočeš preslikati brez ponovnega klica, uporabi --map-run ffa15e18-188b-40b1-912a-b4629ea41fa4.
22:46:25     [1] DEMO (SAOP_DEMO)
22:46:30       GetPrices: strani=0 zapisov=0 [4,2 s]
22:46:30       SKUPAJ strani=0 zapisov=0 RunId=93940993-157e-415f-8f2f-cb5a5d12d76d
22:46:30     konec: Osvezitev cen kataloga
22:46:30  == Izvoz cen in zaloge za splet ==
22:46:35     Izvoz profila MAGENTO_STOCK_PRICES končan: 422 vrstic v C:\Users\david\Desktop\PIM\NoviPIM\izvoz\magento\1
22:46:45     Izvoz profila MAGENTO_STOCK_PRICES končan: 2353 vrstic v C:\Users\david\Desktop\PIM\NoviPIM\izvoz\magento\2
22:46:51     Izvoz profila MAGENTO_STOCK_PRICES končan: 2549 vrstic v C:\Users\david\Desktop\PIM\NoviPIM\izvoz\magento\3
22:46:52     Izvoz profila MAGENTO_STOCK_PRICES končan: 0 vrstic v C:\Users\david\Desktop\PIM\NoviPIM\izvoz\magento\4
22:46:53     konec: Izvoz cen in zaloge za splet
22:46:53  == Osvezitev kataloga in strank s cenami in zalogo (podjetje 2) ==
22:47:00     Magento CSV izvoz končan: C:\Users\david\Desktop\PIM\NoviPIM\izvoz\magento
22:47:00     konec: Osvezitev kataloga in strank s cenami in zalogo (podjetje 2)
22:47:00  Zalogovni cikel koncan; padlih korakov: 1.
22:50:14  == Zaloga NW_STOCK ==
22:50:15     SOURCE_FETCH: se ni na vrsti po razporedu; preskoceno.
22:50:16     Prebranih zapisov: 2762; SHA-256: 2944665c56c7c06eac4a13061e2d3a8a4dfe61b850297662c855e2c7a7c6435c
22:50:16     STOCK_FILE pri podjetju 1: se ni na vrsti po razporedu; preskoceno.
22:50:17     Prebranih zapisov: 2762; SHA-256: 2944665c56c7c06eac4a13061e2d3a8a4dfe61b850297662c855e2c7a7c6435c
22:50:17     STOCK_FILE pri podjetju 2: se ni na vrsti po razporedu; preskoceno.
22:50:18     Prebranih zapisov: 2762; SHA-256: 2944665c56c7c06eac4a13061e2d3a8a4dfe61b850297662c855e2c7a7c6435c
22:50:18     STOCK_FILE pri podjetju 3: se ni na vrsti po razporedu; preskoceno.
22:50:19     Prebranih zapisov: 2762; SHA-256: 2944665c56c7c06eac4a13061e2d3a8a4dfe61b850297662c855e2c7a7c6435c
22:50:19     STOCK_FILE pri podjetju 4: se ni na vrsti po razporedu; preskoceno.
22:50:19     konec: Zaloga NW_STOCK
22:50:19  == Zaloga BT_STOCK ==
22:50:20     [BT_STOCK] preskoceno: Razmik dobavitelja se tece; naslednji prenos po 15. 09. 2026 23:32.
22:50:20     Prevzem koncan: uspesno 0, neuspesno 0, skupaj virov 1.
22:50:21     Prebranih zapisov: 1389; SHA-256: 94b795fed5c0e61f34d203f9295b09140639e3376e4e771b86fcc1450fad2c35
22:50:22     Ta posnetek je ze v bazi; vir=BT_STOCK, podjetje=1, cas posnetka=2026-09-15 18:32:34Z, uporabljenih=1389, v karanteni=0, RunId=d5937296-5c39-429d-92e4-3d1e4d225264. Zapisano ni bilo nic.
22:50:22     Prebranih zapisov: 1389; SHA-256: 94b795fed5c0e61f34d203f9295b09140639e3376e4e771b86fcc1450fad2c35
22:50:23     Ta posnetek je ze v bazi; vir=BT_STOCK, podjetje=2, cas posnetka=2026-09-15 18:32:34Z, uporabljenih=1389, v karanteni=0, RunId=00d73a91-58ac-4c88-87ed-69fe7e68d9e3. Zapisano ni bilo nic.
22:50:23     Prebranih zapisov: 1389; SHA-256: 94b795fed5c0e61f34d203f9295b09140639e3376e4e771b86fcc1450fad2c35
22:50:24     Ta posnetek je ze v bazi; vir=BT_STOCK, podjetje=3, cas posnetka=2026-09-15 18:32:34Z, uporabljenih=1389, v karanteni=0, RunId=9a0d0bbc-88ee-4d13-8be1-c145b68009a5. Zapisano ni bilo nic.
22:50:25     Prebranih zapisov: 1389; SHA-256: 94b795fed5c0e61f34d203f9295b09140639e3376e4e771b86fcc1450fad2c35
22:50:25     Ta posnetek je ze v bazi; vir=BT_STOCK, podjetje=4, cas posnetka=2026-09-15 18:32:34Z, uporabljenih=1389, v karanteni=0, RunId=5a72fede-0aad-49c2-91f4-133e8f4df186. Zapisano ni bilo nic.
22:50:25     konec: Zaloga BT_STOCK
22:50:25  == Zaloga iz SAOP (kolicine) ==
22:50:26     STDERR: Manjka nastavitev Saop (BaseUrl, Username, Password) v appsettings.Local.json.
22:50:26     STDERR: Uporaba: PIM.SaopStockWorker [--organizations 2,3] [--page-size N] [--base-url URL] [--samo-nastavitve] [--dostave [--max-dostave N]]
22:50:26     NAPAKA: worker workers\PIM.SaopStockWorker je koncal z izhodno kodo 2
22:50:26  == Osvezitev cen kataloga ==
22:50:26     Živ SAOP zajem: podjetij=4, končnih točk=1, delta zajem, razpored=SAOP_PRICES.
22:50:26     [2] IQLighting (SAOP_IQLIGHTING)
22:50:51       GetPrices: strani=2 zapisov=106 [24,0 s, 11,98 s/stran]
22:50:52       SKUPAJ strani=2 zapisov=106 RunId=20b8800e-aaf6-48ae-ab45-7cb94fed3e0a
22:50:52       OPOZORILO: v raw.Inbox ležijo nepreslikane vrstice iz prejšnjih zagonov: GetPrices=3. Preslikaj jih z --map-run <RunId tistega zagona>; poizvedba: SELECT DISTINCT RunId, EntityType FROM raw.Inbox WHERE Status=N'Pending';
22:50:52     [3] Vidadria (SAOP_VIDADRIA)
22:51:13       GetPrices: strani=5 zapisov=218 — MEJNIK STOJI (SAOP je vrnil 218 zapisov, a so bili enaki že zajetim (dedup po hashu) — ta zagon nima česa preslikati); zapisi ostanejo v raw.Inbox in jih bo naslednji zagon zajel znova
22:51:13       SKUPAJ strani=5 zapisov=218 RunId=06457fb9-71e3-4d31-a79f-975e8ed06fc0
22:51:13       OPOZORILO: pri 1 končnih točkah mejnik stoji. Zajeti podatek leži v raw.Inbox in ga bo naslednji zagon zajel znova; če ga hočeš preslikati brez ponovnega klica, uporabi --map-run 06457fb9-71e3-4d31-a79f-975e8ed06fc0.
22:51:13     [4] Ediito (SAOP_EDIITO)
22:51:20       GetPrices: strani=2 zapisov=12 — MEJNIK STOJI (SAOP je vrnil 12 zapisov, a so bili enaki že zajetim (dedup po hashu) — ta zagon nima česa preslikati); zapisi ostanejo v raw.Inbox in jih bo naslednji zagon zajel znova
22:51:21       SKUPAJ strani=2 zapisov=12 RunId=760afa76-0c60-4933-bc9a-64b00674d04a
22:51:21       OPOZORILO: pri 1 končnih točkah mejnik stoji. Zajeti podatek leži v raw.Inbox in ga bo naslednji zagon zajel znova; če ga hočeš preslikati brez ponovnega klica, uporabi --map-run 760afa76-0c60-4933-bc9a-64b00674d04a.
22:51:21     [1] DEMO (SAOP_DEMO)
22:51:25       GetPrices: strani=0 zapisov=0 [4,2 s]
22:51:25       SKUPAJ strani=0 zapisov=0 RunId=af06bdfc-3d88-4c10-b279-e592fe4de6b6
22:51:25     konec: Osvezitev cen kataloga
22:51:25  == Izvoz cen in zaloge za splet ==
22:51:28     Izvoz profila MAGENTO_STOCK_PRICES končan: 422 vrstic v C:\Users\david\Desktop\PIM\NoviPIM\izvoz\magento\1
22:51:32     Izvoz profila MAGENTO_STOCK_PRICES končan: 2353 vrstic v C:\Users\david\Desktop\PIM\NoviPIM\izvoz\magento\2
22:51:35     Izvoz profila MAGENTO_STOCK_PRICES končan: 2549 vrstic v C:\Users\david\Desktop\PIM\NoviPIM\izvoz\magento\3
22:51:36     Izvoz profila MAGENTO_STOCK_PRICES končan: 0 vrstic v C:\Users\david\Desktop\PIM\NoviPIM\izvoz\magento\4
22:51:36     konec: Izvoz cen in zaloge za splet
22:51:36  == Osvezitev kataloga in strank s cenami in zalogo (podjetje 2) ==
22:51:47     Magento CSV izvoz končan: C:\Users\david\Desktop\PIM\NoviPIM\izvoz\magento
22:51:47     konec: Osvezitev kataloga in strank s cenami in zalogo (podjetje 2)
22:51:47  Zalogovni cikel koncan; padlih korakov: 1.
22:55:14  == Zaloga NW_STOCK ==
22:55:15     SOURCE_FETCH: se ni na vrsti po razporedu; preskoceno.
22:55:16     Prebranih zapisov: 2762; SHA-256: 2944665c56c7c06eac4a13061e2d3a8a4dfe61b850297662c855e2c7a7c6435c
22:55:16     STOCK_FILE pri podjetju 1: se ni na vrsti po razporedu; preskoceno.
22:55:17     Prebranih zapisov: 2762; SHA-256: 2944665c56c7c06eac4a13061e2d3a8a4dfe61b850297662c855e2c7a7c6435c
22:55:17     STOCK_FILE pri podjetju 2: se ni na vrsti po razporedu; preskoceno.
22:55:18     Prebranih zapisov: 2762; SHA-256: 2944665c56c7c06eac4a13061e2d3a8a4dfe61b850297662c855e2c7a7c6435c
22:55:18     STOCK_FILE pri podjetju 3: se ni na vrsti po razporedu; preskoceno.
22:55:19     Prebranih zapisov: 2762; SHA-256: 2944665c56c7c06eac4a13061e2d3a8a4dfe61b850297662c855e2c7a7c6435c
22:55:19     STOCK_FILE pri podjetju 4: se ni na vrsti po razporedu; preskoceno.
22:55:19     konec: Zaloga NW_STOCK
22:55:19  == Zaloga BT_STOCK ==
22:55:20     SOURCE_FETCH: se ni na vrsti po razporedu; preskoceno.
22:55:21     Prebranih zapisov: 1389; SHA-256: 94b795fed5c0e61f34d203f9295b09140639e3376e4e771b86fcc1450fad2c35
22:55:21     STOCK_FILE pri podjetju 1: se ni na vrsti po razporedu; preskoceno.
22:55:22     Prebranih zapisov: 1389; SHA-256: 94b795fed5c0e61f34d203f9295b09140639e3376e4e771b86fcc1450fad2c35
22:55:22     STOCK_FILE pri podjetju 2: se ni na vrsti po razporedu; preskoceno.
22:55:23     Prebranih zapisov: 1389; SHA-256: 94b795fed5c0e61f34d203f9295b09140639e3376e4e771b86fcc1450fad2c35
22:55:23     STOCK_FILE pri podjetju 3: se ni na vrsti po razporedu; preskoceno.
22:55:24     Prebranih zapisov: 1389; SHA-256: 94b795fed5c0e61f34d203f9295b09140639e3376e4e771b86fcc1450fad2c35
22:55:24     STOCK_FILE pri podjetju 4: se ni na vrsti po razporedu; preskoceno.
22:55:24     konec: Zaloga BT_STOCK
22:55:24  == Zaloga iz SAOP (kolicine) ==
22:55:25     STDERR: Manjka nastavitev Saop (BaseUrl, Username, Password) v appsettings.Local.json.
22:55:25     STDERR: Uporaba: PIM.SaopStockWorker [--organizations 2,3] [--page-size N] [--base-url URL] [--samo-nastavitve] [--dostave [--max-dostave N]]
22:55:25     NAPAKA: worker workers\PIM.SaopStockWorker je koncal z izhodno kodo 2
22:55:25  == Osvezitev cen kataloga ==
22:55:26     Živ SAOP zajem: podjetij=4, končnih točk=1, delta zajem, razpored=SAOP_PRICES.
22:55:26     [2] IQLighting (SAOP_IQLIGHTING)
22:55:47       GetPrices: strani=2 zapisov=106 — MEJNIK STOJI (SAOP je vrnil 106 zapisov, a so bili enaki že zajetim (dedup po hashu) — ta zagon nima česa preslikati); zapisi ostanejo v raw.Inbox in jih bo naslednji zagon zajel znova
22:55:47       SKUPAJ strani=2 zapisov=106 RunId=68ffce03-08ca-4b85-8861-1d37775d7220
22:55:47       OPOZORILO: v raw.Inbox ležijo nepreslikane vrstice iz prejšnjih zagonov: GetPrices=3. Preslikaj jih z --map-run <RunId tistega zagona>; poizvedba: SELECT DISTINCT RunId, EntityType FROM raw.Inbox WHERE Status=N'Pending';
22:55:47       OPOZORILO: pri 1 končnih točkah mejnik stoji. Zajeti podatek leži v raw.Inbox in ga bo naslednji zagon zajel znova; če ga hočeš preslikati brez ponovnega klica, uporabi --map-run 68ffce03-08ca-4b85-8861-1d37775d7220.
22:55:47     [3] Vidadria (SAOP_VIDADRIA)
22:56:09       GetPrices: strani=5 zapisov=218 — MEJNIK STOJI (SAOP je vrnil 218 zapisov, a so bili enaki že zajetim (dedup po hashu) — ta zagon nima česa preslikati); zapisi ostanejo v raw.Inbox in jih bo naslednji zagon zajel znova
22:56:09       SKUPAJ strani=5 zapisov=218 RunId=e6e84759-f398-4dc1-b9dc-a18846d27dd6
22:56:09       OPOZORILO: pri 1 končnih točkah mejnik stoji. Zajeti podatek leži v raw.Inbox in ga bo naslednji zagon zajel znova; če ga hočeš preslikati brez ponovnega klica, uporabi --map-run e6e84759-f398-4dc1-b9dc-a18846d27dd6.
22:56:09     [4] Ediito (SAOP_EDIITO)
22:56:18       GetPrices: strani=2 zapisov=12 — MEJNIK STOJI (SAOP je vrnil 12 zapisov, a so bili enaki že zajetim (dedup po hashu) — ta zagon nima česa preslikati); zapisi ostanejo v raw.Inbox in jih bo naslednji zagon zajel znova
22:56:18       SKUPAJ strani=2 zapisov=12 RunId=8c441f69-154a-4878-9a28-6329ea7ab24b
22:56:18       OPOZORILO: pri 1 končnih točkah mejnik stoji. Zajeti podatek leži v raw.Inbox in ga bo naslednji zagon zajel znova; če ga hočeš preslikati brez ponovnega klica, uporabi --map-run 8c441f69-154a-4878-9a28-6329ea7ab24b.
22:56:18     [1] DEMO (SAOP_DEMO)
22:56:23       GetPrices: strani=0 zapisov=0 [4,9 s]
22:56:24       SKUPAJ strani=0 zapisov=0 RunId=9290d7a5-7dd3-481e-b068-40c48d32d41f
22:56:24     konec: Osvezitev cen kataloga
22:56:24  == Izvoz cen in zaloge za splet ==
22:56:26     Izvoz profila MAGENTO_STOCK_PRICES končan: 422 vrstic v C:\Users\david\Desktop\PIM\NoviPIM\izvoz\magento\1
22:56:28     STDERR: Unhandled exception. Microsoft.Data.SqlClient.SqlException (0x80131904): The definition of object 'GetExportRows' has changed since it was compiled.
22:56:28     STDERR:    at Microsoft.Data.SqlClient.SqlConnection.OnError(SqlException exception, Boolean breakConnection, Action`1 wrapCloseInAction)
22:56:28     STDERR:    at Microsoft.Data.SqlClient.SqlInternalConnection.OnError(SqlException exception, Boolean breakConnection, Action`1 wrapCloseInAction)
22:56:28     STDERR:    at Microsoft.Data.SqlClient.TdsParser.ThrowExceptionAndWarning(TdsParserStateObject stateObj, SqlCommand command, Boolean callerHasConnectionLock, Boolean asyncClose)
22:56:28     STDERR:    at Microsoft.Data.SqlClient.TdsParser.TryRun(RunBehavior runBehavior, SqlCommand cmdHandler, SqlDataReader dataStream, BulkCopySimpleResultSet bulkCopyHandler, TdsParserStateObject stateObj, Boolean& dataReady)
22:56:28     STDERR:    at Microsoft.Data.SqlClient.SqlDataReader.TryConsumeMetaData()
22:56:28     STDERR:    at Microsoft.Data.SqlClient.SqlDataReader.get_MetaData()
22:56:28     STDERR:    at Microsoft.Data.SqlClient.SqlCommand.FinishExecuteReader(SqlDataReader ds, RunBehavior runBehavior, String resetOptionsString, Boolean isInternal, Boolean forDescribeParameterEncryption, Boolean shouldCacheForAlwaysEncrypted)
22:56:28     STDERR:    at Microsoft.Data.SqlClient.SqlCommand.CompleteAsyncExecuteReader(Boolean isInternal, Boolean forDescribeParameterEncryption)
22:56:28     STDERR:    at Microsoft.Data.SqlClient.SqlCommand.InternalEndExecuteReader(IAsyncResult asyncResult, Boolean isInternal, String endMethod)
22:56:28     STDERR:    at Microsoft.Data.SqlClient.SqlCommand.EndExecuteReaderInternal(IAsyncResult asyncResult)
22:56:28     STDERR:    at Microsoft.Data.SqlClient.SqlCommand.EndExecuteReaderAsync(IAsyncResult asyncResult)
22:56:28     STDERR:    at Microsoft.Data.SqlClient.SqlCommand.<>c.<InternalExecuteReaderAsync>b__201_1(IAsyncResult asyncResult)
22:56:28     STDERR:    at System.Threading.Tasks.TaskFactory`1.FromAsyncCoreLogic(IAsyncResult iar, Func`2 endFunction, Action`1 endAction, Task`1 promise, Boolean requiresSynchronization)
22:56:28     STDERR: --- End of stack trace from previous location ---
22:56:28     STDERR:    at PIM.B2bWorker.MagentoExportCommand.ReadExportRowsAsync(SqlConnection connection, Int32 exportProfileId, Int32 organizationId, Boolean onlyPublished, CancellationToken ct)+MoveNext() in C:\Users\david\Desktop\PIM\NoviPIM\PIM_Solution\workers\PIM.B2bWorker\MagentoExportCommand.cs:line 302
22:56:28     STDERR:    at PIM.B2bWorker.MagentoExportCommand.ReadExportRowsAsync(SqlConnection connection, Int32 exportProfileId, Int32 organizationId, Boolean onlyPublished, CancellationToken ct)+MoveNext() in C:\Users\david\Desktop\PIM\NoviPIM\PIM_Solution\workers\PIM.B2bWorker\MagentoExportCommand.cs:line 303
22:56:28     STDERR:    at PIM.B2bWorker.MagentoExportCommand.ReadExportRowsAsync(SqlConnection connection, Int32 exportProfileId, Int32 organizationId, Boolean onlyPublished, CancellationToken ct)+System.Threading.Tasks.Sources.IValueTaskSource<System.Boolean>.GetResult()
22:56:28     STDERR:    at PIM.B2b.RegistryCsvWriter.WriteAsync(String path, IEnumerable`1 definitions, IAsyncEnumerable`1 rows, CancellationToken cancellationToken) in C:\Users\david\Desktop\PIM\NoviPIM\PIM_Solution\src\PIM.B2b\CustomerCsvGenerator.cs:line 154
22:56:28     STDERR:    at PIM.B2b.RegistryCsvWriter.WriteAsync(String path, IEnumerable`1 definitions, IAsyncEnumerable`1 rows, CancellationToken cancellationToken) in C:\Users\david\Desktop\PIM\NoviPIM\PIM_Solution\src\PIM.B2b\CustomerCsvGenerator.cs:line 154
22:56:28     STDERR:    at PIM.B2b.RegistryCsvWriter.WriteAsync(String path, IEnumerable`1 definitions, IAsyncEnumerable`1 rows, CancellationToken cancellationToken) in C:\Users\david\Desktop\PIM\NoviPIM\PIM_Solution\src\PIM.B2b\CustomerCsvGenerator.cs:line 169
22:56:28     STDERR:    at PIM.B2bWorker.MagentoExportCommand.ExportProfileAsync(String profileCode, Int32 organizationId, String outputDir, String fileName, String connectionString, CancellationToken ct) in C:\Users\david\Desktop\PIM\NoviPIM\PIM_Solution\workers\PIM.B2bWorker\MagentoExportCommand.cs:line 192
22:56:28     STDERR:    at PIM.B2bWorker.MagentoExportCommand.ExportProfileAsync(String profileCode, Int32 organizationId, String outputDir, String fileName, String connectionString, CancellationToken ct) in C:\Users\david\Desktop\PIM\NoviPIM\PIM_Solution\workers\PIM.B2bWorker\MagentoExportCommand.cs:line 202
22:56:28     STDERR:    at PIM.B2bWorker.MagentoExportCommand.ExportProfileAsync(String profileCode, Int32 organizationId, String outputDir, String fileName, String connectionString, CancellationToken ct) in C:\Users\david\Desktop\PIM\NoviPIM\PIM_Solution\workers\PIM.B2bWorker\MagentoExportCommand.cs:line 207
22:56:28     STDERR:    at Program.<Main>$(String[] args) in C:\Users\david\Desktop\PIM\NoviPIM\PIM_Solution\workers\PIM.B2bWorker\Program.cs:line 63
22:56:28     STDERR:    at Program.<Main>$(String[] args) in C:\Users\david\Desktop\PIM\NoviPIM\PIM_Solution\workers\PIM.B2bWorker\Program.cs:line 76
22:56:28     STDERR:    at Program.<Main>$(String[] args) in C:\Users\david\Desktop\PIM\NoviPIM\PIM_Solution\workers\PIM.B2bWorker\Program.cs:line 81
22:56:28     STDERR:    at Program.<Main>(String[] args)
22:56:28     STDERR: ClientConnectionId:5ecdbb59-8cf3-406c-bdef-d2b5bf6500ea
22:56:28     STDERR: Error Number:2801,State:1,Class:16
22:56:31     NAPAKA: worker workers\PIM.B2bWorker je koncal z izhodno kodo -532462766
22:56:31  == Osvezitev kataloga in strank s cenami in zalogo (podjetje 2) ==
22:57:13     Magento CSV izvoz končan: C:\Users\david\Desktop\PIM\NoviPIM\izvoz\magento
22:57:13     konec: Osvezitev kataloga in strank s cenami in zalogo (podjetje 2)
22:57:13  Zalogovni cikel koncan; padlih korakov: 2.
23:00:14  == Zaloga NW_STOCK ==
23:00:15     [NW_STOCK] preskoceno: Poverilnice niso nastavljene — vpisi jih v appsettings.Local.json pod Fetch:NW_STOCK.
23:00:15     Prevzem koncan: uspesno 0, neuspesno 0, skupaj virov 1.
23:00:16     Prebranih zapisov: 2762; SHA-256: 2944665c56c7c06eac4a13061e2d3a8a4dfe61b850297662c855e2c7a7c6435c
23:00:16     Ta posnetek je ze v bazi; vir=NW_STOCK, podjetje=1, cas posnetka=2026-09-15 17:52:43Z, uporabljenih=2762, v karanteni=0, RunId=459c27f4-39c8-4ab1-99d8-8f15b4ff7683. Zapisano ni bilo nic.
23:00:17     Prebranih zapisov: 2762; SHA-256: 2944665c56c7c06eac4a13061e2d3a8a4dfe61b850297662c855e2c7a7c6435c
23:00:17     Ta posnetek je ze v bazi; vir=NW_STOCK, podjetje=2, cas posnetka=2026-09-15 17:52:43Z, uporabljenih=2762, v karanteni=0, RunId=de6757e4-c970-4ca3-8858-d89042caf81f. Zapisano ni bilo nic.
23:00:18     Prebranih zapisov: 2762; SHA-256: 2944665c56c7c06eac4a13061e2d3a8a4dfe61b850297662c855e2c7a7c6435c
23:00:18     Ta posnetek je ze v bazi; vir=NW_STOCK, podjetje=3, cas posnetka=2026-09-15 17:52:43Z, uporabljenih=2762, v karanteni=0, RunId=8a508903-792e-4631-94fe-be541ec5c291. Zapisano ni bilo nic.
23:00:19     Prebranih zapisov: 2762; SHA-256: 2944665c56c7c06eac4a13061e2d3a8a4dfe61b850297662c855e2c7a7c6435c
23:00:19     Ta posnetek je ze v bazi; vir=NW_STOCK, podjetje=4, cas posnetka=2026-09-15 17:52:43Z, uporabljenih=2762, v karanteni=0, RunId=d78dceff-7a9e-427b-bce2-13cf57ed279d. Zapisano ni bilo nic.
23:00:19     konec: Zaloga NW_STOCK
23:00:19  == Zaloga BT_STOCK ==
23:00:20     SOURCE_FETCH: se ni na vrsti po razporedu; preskoceno.
23:00:21     Prebranih zapisov: 1389; SHA-256: 94b795fed5c0e61f34d203f9295b09140639e3376e4e771b86fcc1450fad2c35
23:00:21     STOCK_FILE pri podjetju 1: se ni na vrsti po razporedu; preskoceno.
23:00:22     Prebranih zapisov: 1389; SHA-256: 94b795fed5c0e61f34d203f9295b09140639e3376e4e771b86fcc1450fad2c35
23:00:22     STOCK_FILE pri podjetju 2: se ni na vrsti po razporedu; preskoceno.
23:00:23     Prebranih zapisov: 1389; SHA-256: 94b795fed5c0e61f34d203f9295b09140639e3376e4e771b86fcc1450fad2c35
23:00:23     STOCK_FILE pri podjetju 3: se ni na vrsti po razporedu; preskoceno.
23:00:24     Prebranih zapisov: 1389; SHA-256: 94b795fed5c0e61f34d203f9295b09140639e3376e4e771b86fcc1450fad2c35
23:00:24     STOCK_FILE pri podjetju 4: se ni na vrsti po razporedu; preskoceno.
23:00:24     konec: Zaloga BT_STOCK
23:00:24  == Zaloga iz SAOP (kolicine) ==
23:00:25     STDERR: Manjka nastavitev Saop (BaseUrl, Username, Password) v appsettings.Local.json.
23:00:25     STDERR: Uporaba: PIM.SaopStockWorker [--organizations 2,3] [--page-size N] [--base-url URL] [--samo-nastavitve] [--dostave [--max-dostave N]]
23:00:25     NAPAKA: worker workers\PIM.SaopStockWorker je koncal z izhodno kodo 2
23:00:25  == Osvezitev cen kataloga ==
23:00:26     Živ SAOP zajem: podjetij=4, končnih točk=1, delta zajem, razpored=SAOP_PRICES.
23:00:26     [2] IQLighting (SAOP_IQLIGHTING)
23:00:47       GetPrices: strani=2 zapisov=106 — MEJNIK STOJI (SAOP je vrnil 106 zapisov, a so bili enaki že zajetim (dedup po hashu) — ta zagon nima česa preslikati); zapisi ostanejo v raw.Inbox in jih bo naslednji zagon zajel znova
23:00:48       SKUPAJ strani=2 zapisov=106 RunId=be9a8a71-5e88-46e1-8762-9d40dbcf26c4
23:00:48       OPOZORILO: v raw.Inbox ležijo nepreslikane vrstice iz prejšnjih zagonov: GetPrices=3. Preslikaj jih z --map-run <RunId tistega zagona>; poizvedba: SELECT DISTINCT RunId, EntityType FROM raw.Inbox WHERE Status=N'Pending';
23:00:48       OPOZORILO: pri 1 končnih točkah mejnik stoji. Zajeti podatek leži v raw.Inbox in ga bo naslednji zagon zajel znova; če ga hočeš preslikati brez ponovnega klica, uporabi --map-run be9a8a71-5e88-46e1-8762-9d40dbcf26c4.
23:00:48     [3] Vidadria (SAOP_VIDADRIA)
23:01:23       GetPrices: strani=5 zapisov=218 — MEJNIK STOJI (SAOP je vrnil 218 zapisov, a so bili enaki že zajetim (dedup po hashu) — ta zagon nima česa preslikati); zapisi ostanejo v raw.Inbox in jih bo naslednji zagon zajel znova
23:01:23       SKUPAJ strani=5 zapisov=218 RunId=7b11a106-7f50-457f-bf83-9902096b70ac
23:01:23       OPOZORILO: pri 1 končnih točkah mejnik stoji. Zajeti podatek leži v raw.Inbox in ga bo naslednji zagon zajel znova; če ga hočeš preslikati brez ponovnega klica, uporabi --map-run 7b11a106-7f50-457f-bf83-9902096b70ac.
23:01:23     [4] Ediito (SAOP_EDIITO)
23:01:37       GetPrices: strani=2 zapisov=12 — MEJNIK STOJI (SAOP je vrnil 12 zapisov, a so bili enaki že zajetim (dedup po hashu) — ta zagon nima česa preslikati); zapisi ostanejo v raw.Inbox in jih bo naslednji zagon zajel znova
23:01:37       SKUPAJ strani=2 zapisov=12 RunId=ed49ba71-50f5-4ebd-86d7-fc66ab86c719
23:01:37       OPOZORILO: pri 1 končnih točkah mejnik stoji. Zajeti podatek leži v raw.Inbox in ga bo naslednji zagon zajel znova; če ga hočeš preslikati brez ponovnega klica, uporabi --map-run ed49ba71-50f5-4ebd-86d7-fc66ab86c719.
23:01:37     [1] DEMO (SAOP_DEMO)
23:01:42       GetPrices: strani=0 zapisov=0 [4,5 s]
23:01:42       SKUPAJ strani=0 zapisov=0 RunId=407b7309-3085-4a22-b3bd-df485fd3ab7f
23:01:42     konec: Osvezitev cen kataloga
23:01:42  == Izvoz cen in zaloge za splet ==
23:01:47     Izvoz profila MAGENTO_STOCK_PRICES končan: 11435 vrstic v C:\Users\david\Desktop\PIM\NoviPIM\izvoz\magento\1
23:02:00     Izvoz profila MAGENTO_STOCK_PRICES končan: 43409 vrstic v C:\Users\david\Desktop\PIM\NoviPIM\izvoz\magento\2
23:02:08     Izvoz profila MAGENTO_STOCK_PRICES končan: 18683 vrstic v C:\Users\david\Desktop\PIM\NoviPIM\izvoz\magento\3
23:02:19     Izvoz profila MAGENTO_STOCK_PRICES končan: 35650 vrstic v C:\Users\david\Desktop\PIM\NoviPIM\izvoz\magento\4
23:02:19     konec: Izvoz cen in zaloge za splet
23:02:19  == Osvezitev kataloga in strank s cenami in zalogo (podjetje 2) ==
23:03:00     Magento CSV izvoz končan: C:\Users\david\Desktop\PIM\NoviPIM\izvoz\magento
23:03:00     konec: Osvezitev kataloga in strank s cenami in zalogo (podjetje 2)
23:03:00  Zalogovni cikel koncan; padlih korakov: 1.
23:05:14  == Zaloga NW_STOCK ==
23:05:15     SOURCE_FETCH: se ni na vrsti po razporedu; preskoceno.
23:05:16     Prebranih zapisov: 2762; SHA-256: 2944665c56c7c06eac4a13061e2d3a8a4dfe61b850297662c855e2c7a7c6435c
23:05:16     STOCK_FILE pri podjetju 1: se ni na vrsti po razporedu; preskoceno.
23:05:17     Prebranih zapisov: 2762; SHA-256: 2944665c56c7c06eac4a13061e2d3a8a4dfe61b850297662c855e2c7a7c6435c
23:05:17     STOCK_FILE pri podjetju 2: se ni na vrsti po razporedu; preskoceno.
23:05:18     Prebranih zapisov: 2762; SHA-256: 2944665c56c7c06eac4a13061e2d3a8a4dfe61b850297662c855e2c7a7c6435c
23:05:18     STOCK_FILE pri podjetju 3: se ni na vrsti po razporedu; preskoceno.
23:05:19     Prebranih zapisov: 2762; SHA-256: 2944665c56c7c06eac4a13061e2d3a8a4dfe61b850297662c855e2c7a7c6435c
23:05:19     STOCK_FILE pri podjetju 4: se ni na vrsti po razporedu; preskoceno.
23:05:19     konec: Zaloga NW_STOCK
23:05:19  == Zaloga BT_STOCK ==
23:05:20     [BT_STOCK] preskoceno: Razmik dobavitelja se tece; naslednji prenos po 15. 09. 2026 23:32.
23:05:20     Prevzem koncan: uspesno 0, neuspesno 0, skupaj virov 1.
23:05:21     Prebranih zapisov: 1389; SHA-256: 94b795fed5c0e61f34d203f9295b09140639e3376e4e771b86fcc1450fad2c35
23:05:21     Ta posnetek je ze v bazi; vir=BT_STOCK, podjetje=1, cas posnetka=2026-09-15 18:32:34Z, uporabljenih=1389, v karanteni=0, RunId=d5937296-5c39-429d-92e4-3d1e4d225264. Zapisano ni bilo nic.
23:05:22     Prebranih zapisov: 1389; SHA-256: 94b795fed5c0e61f34d203f9295b09140639e3376e4e771b86fcc1450fad2c35
23:05:22     Ta posnetek je ze v bazi; vir=BT_STOCK, podjetje=2, cas posnetka=2026-09-15 18:32:34Z, uporabljenih=1389, v karanteni=0, RunId=00d73a91-58ac-4c88-87ed-69fe7e68d9e3. Zapisano ni bilo nic.
23:05:23     Prebranih zapisov: 1389; SHA-256: 94b795fed5c0e61f34d203f9295b09140639e3376e4e771b86fcc1450fad2c35
23:05:23     Ta posnetek je ze v bazi; vir=BT_STOCK, podjetje=3, cas posnetka=2026-09-15 18:32:34Z, uporabljenih=1389, v karanteni=0, RunId=9a0d0bbc-88ee-4d13-8be1-c145b68009a5. Zapisano ni bilo nic.
23:05:24     Prebranih zapisov: 1389; SHA-256: 94b795fed5c0e61f34d203f9295b09140639e3376e4e771b86fcc1450fad2c35
23:05:24     Ta posnetek je ze v bazi; vir=BT_STOCK, podjetje=4, cas posnetka=2026-09-15 18:32:34Z, uporabljenih=1389, v karanteni=0, RunId=5a72fede-0aad-49c2-91f4-133e8f4df186. Zapisano ni bilo nic.
23:05:25     konec: Zaloga BT_STOCK
23:05:25  == Zaloga iz SAOP (kolicine) ==
23:05:25     STDERR: Manjka nastavitev Saop (BaseUrl, Username, Password) v appsettings.Local.json.
23:05:25     STDERR: Uporaba: PIM.SaopStockWorker [--organizations 2,3] [--page-size N] [--base-url URL] [--samo-nastavitve] [--dostave [--max-dostave N]]
23:05:25     NAPAKA: worker workers\PIM.SaopStockWorker je koncal z izhodno kodo 2
23:05:25  == Osvezitev cen kataloga ==
23:05:26     Živ SAOP zajem: podjetij=4, končnih točk=1, delta zajem, razpored=SAOP_PRICES.
23:05:26     [2] IQLighting (SAOP_IQLIGHTING)
23:05:47       GetPrices: strani=2 zapisov=106 — MEJNIK STOJI (SAOP je vrnil 106 zapisov, a so bili enaki že zajetim (dedup po hashu) — ta zagon nima česa preslikati); zapisi ostanejo v raw.Inbox in jih bo naslednji zagon zajel znova
23:05:47       SKUPAJ strani=2 zapisov=106 RunId=ace50a0c-b360-4d6d-965d-90432cb04436
23:05:47       OPOZORILO: v raw.Inbox ležijo nepreslikane vrstice iz prejšnjih zagonov: GetPrices=3. Preslikaj jih z --map-run <RunId tistega zagona>; poizvedba: SELECT DISTINCT RunId, EntityType FROM raw.Inbox WHERE Status=N'Pending';
23:05:47       OPOZORILO: pri 1 končnih točkah mejnik stoji. Zajeti podatek leži v raw.Inbox in ga bo naslednji zagon zajel znova; če ga hočeš preslikati brez ponovnega klica, uporabi --map-run ace50a0c-b360-4d6d-965d-90432cb04436.
23:05:47     [3] Vidadria (SAOP_VIDADRIA)
23:06:14       GetPrices: strani=5 zapisov=218 [26,5 s, 5,30 s/stran]
23:06:15       SKUPAJ strani=5 zapisov=218 RunId=0afc3613-9c07-4722-9790-df94c4563374
23:06:15     [4] Ediito (SAOP_EDIITO)
23:06:22       GetPrices: strani=2 zapisov=12 — MEJNIK STOJI (SAOP je vrnil 12 zapisov, a so bili enaki že zajetim (dedup po hashu) — ta zagon nima česa preslikati); zapisi ostanejo v raw.Inbox in jih bo naslednji zagon zajel znova
23:06:22       SKUPAJ strani=2 zapisov=12 RunId=c1542c9b-2ac0-4a3c-a0dd-9134e932b5f2
23:06:22       OPOZORILO: pri 1 končnih točkah mejnik stoji. Zajeti podatek leži v raw.Inbox in ga bo naslednji zagon zajel znova; če ga hočeš preslikati brez ponovnega klica, uporabi --map-run c1542c9b-2ac0-4a3c-a0dd-9134e932b5f2.
23:06:22     [1] DEMO (SAOP_DEMO)
23:06:27       GetPrices: strani=0 zapisov=0 [4,4 s]
23:06:27       SKUPAJ strani=0 zapisov=0 RunId=793ed927-a7b6-4b15-abb8-097636556cf2
23:06:27     konec: Osvezitev cen kataloga
23:06:27  == Izvoz cen in zaloge za splet ==
23:06:32     Izvoz profila MAGENTO_STOCK_PRICES končan: 11435 vrstic v C:\Users\david\Desktop\PIM\NoviPIM\izvoz\magento\1
23:06:45     Izvoz profila MAGENTO_STOCK_PRICES končan: 43409 vrstic v C:\Users\david\Desktop\PIM\NoviPIM\izvoz\magento\2
23:06:52     Izvoz profila MAGENTO_STOCK_PRICES končan: 18683 vrstic v C:\Users\david\Desktop\PIM\NoviPIM\izvoz\magento\3
23:07:02     Izvoz profila MAGENTO_STOCK_PRICES končan: 35650 vrstic v C:\Users\david\Desktop\PIM\NoviPIM\izvoz\magento\4
23:07:02     konec: Izvoz cen in zaloge za splet
23:07:02  == Osvezitev kataloga in strank s cenami in zalogo (podjetje 2) ==
23:07:42     Magento CSV izvoz končan: C:\Users\david\Desktop\PIM\NoviPIM\izvoz\magento
23:07:42     konec: Osvezitev kataloga in strank s cenami in zalogo (podjetje 2)
23:07:42  Zalogovni cikel koncan; padlih korakov: 1.
23:10:14  == Zaloga NW_STOCK ==
23:10:15     SOURCE_FETCH: se ni na vrsti po razporedu; preskoceno.
23:10:16     Prebranih zapisov: 2762; SHA-256: 2944665c56c7c06eac4a13061e2d3a8a4dfe61b850297662c855e2c7a7c6435c
23:10:16     STOCK_FILE pri podjetju 1: se ni na vrsti po razporedu; preskoceno.
23:10:17     Prebranih zapisov: 2762; SHA-256: 2944665c56c7c06eac4a13061e2d3a8a4dfe61b850297662c855e2c7a7c6435c
23:10:17     STOCK_FILE pri podjetju 2: se ni na vrsti po razporedu; preskoceno.
23:10:18     Prebranih zapisov: 2762; SHA-256: 2944665c56c7c06eac4a13061e2d3a8a4dfe61b850297662c855e2c7a7c6435c
23:10:18     STOCK_FILE pri podjetju 3: se ni na vrsti po razporedu; preskoceno.
23:10:19     Prebranih zapisov: 2762; SHA-256: 2944665c56c7c06eac4a13061e2d3a8a4dfe61b850297662c855e2c7a7c6435c
23:10:19     STOCK_FILE pri podjetju 4: se ni na vrsti po razporedu; preskoceno.
23:10:19     konec: Zaloga NW_STOCK
23:10:19  == Zaloga BT_STOCK ==
23:10:20     SOURCE_FETCH: se ni na vrsti po razporedu; preskoceno.
23:10:21     Prebranih zapisov: 1389; SHA-256: 94b795fed5c0e61f34d203f9295b09140639e3376e4e771b86fcc1450fad2c35
23:10:21     STOCK_FILE pri podjetju 1: se ni na vrsti po razporedu; preskoceno.
23:10:22     Prebranih zapisov: 1389; SHA-256: 94b795fed5c0e61f34d203f9295b09140639e3376e4e771b86fcc1450fad2c35
23:10:22     STOCK_FILE pri podjetju 2: se ni na vrsti po razporedu; preskoceno.
23:10:23     Prebranih zapisov: 1389; SHA-256: 94b795fed5c0e61f34d203f9295b09140639e3376e4e771b86fcc1450fad2c35
23:10:23     STOCK_FILE pri podjetju 3: se ni na vrsti po razporedu; preskoceno.
23:10:24     Prebranih zapisov: 1389; SHA-256: 94b795fed5c0e61f34d203f9295b09140639e3376e4e771b86fcc1450fad2c35
23:10:24     STOCK_FILE pri podjetju 4: se ni na vrsti po razporedu; preskoceno.
23:10:24     konec: Zaloga BT_STOCK
23:10:24  == Zaloga iz SAOP (kolicine) ==
23:10:25     STDERR: Manjka nastavitev Saop (BaseUrl, Username, Password) v appsettings.Local.json.
23:10:25     STDERR: Uporaba: PIM.SaopStockWorker [--organizations 2,3] [--page-size N] [--base-url URL] [--samo-nastavitve] [--dostave [--max-dostave N]]
23:10:25     NAPAKA: worker workers\PIM.SaopStockWorker je koncal z izhodno kodo 2
23:10:25  == Osvezitev cen kataloga ==
23:10:25     Živ SAOP zajem: podjetij=4, končnih točk=1, delta zajem, razpored=SAOP_PRICES.
23:10:25     [2] IQLighting (SAOP_IQLIGHTING)
23:10:46       GetPrices: strani=2 zapisov=106 — MEJNIK STOJI (SAOP je vrnil 106 zapisov, a so bili enaki že zajetim (dedup po hashu) — ta zagon nima česa preslikati); zapisi ostanejo v raw.Inbox in jih bo naslednji zagon zajel znova
23:10:46       SKUPAJ strani=2 zapisov=106 RunId=626689ee-441b-4d2d-bad0-deaa8d4b78dd
23:10:46       OPOZORILO: v raw.Inbox ležijo nepreslikane vrstice iz prejšnjih zagonov: GetPrices=3. Preslikaj jih z --map-run <RunId tistega zagona>; poizvedba: SELECT DISTINCT RunId, EntityType FROM raw.Inbox WHERE Status=N'Pending';
23:10:46       OPOZORILO: pri 1 končnih točkah mejnik stoji. Zajeti podatek leži v raw.Inbox in ga bo naslednji zagon zajel znova; če ga hočeš preslikati brez ponovnega klica, uporabi --map-run 626689ee-441b-4d2d-bad0-deaa8d4b78dd.
23:10:46     [3] Vidadria (SAOP_VIDADRIA)
23:11:12       GetPrices: strani=5 zapisov=218 — MEJNIK STOJI (SAOP je vrnil 218 zapisov, a so bili enaki že zajetim (dedup po hashu) — ta zagon nima česa preslikati); zapisi ostanejo v raw.Inbox in jih bo naslednji zagon zajel znova
23:11:12       SKUPAJ strani=5 zapisov=218 RunId=5976c438-897e-4bcc-b33e-868e5d30441d
23:11:12       OPOZORILO: pri 1 končnih točkah mejnik stoji. Zajeti podatek leži v raw.Inbox in ga bo naslednji zagon zajel znova; če ga hočeš preslikati brez ponovnega klica, uporabi --map-run 5976c438-897e-4bcc-b33e-868e5d30441d.
23:11:12     [4] Ediito (SAOP_EDIITO)
23:11:20       GetPrices: strani=2 zapisov=12 — MEJNIK STOJI (SAOP je vrnil 12 zapisov, a so bili enaki že zajetim (dedup po hashu) — ta zagon nima česa preslikati); zapisi ostanejo v raw.Inbox in jih bo naslednji zagon zajel znova
23:11:20       SKUPAJ strani=2 zapisov=12 RunId=7592bf86-5382-4de8-a6c1-d1b92d5cb42c
23:11:20       OPOZORILO: pri 1 končnih točkah mejnik stoji. Zajeti podatek leži v raw.Inbox in ga bo naslednji zagon zajel znova; če ga hočeš preslikati brez ponovnega klica, uporabi --map-run 7592bf86-5382-4de8-a6c1-d1b92d5cb42c.
23:11:20     [1] DEMO (SAOP_DEMO)
23:11:25       GetPrices: strani=0 zapisov=0 [4,7 s]
23:11:25       SKUPAJ strani=0 zapisov=0 RunId=4dc85d58-b8b9-4b77-bb61-86f3ad238218
23:11:25     konec: Osvezitev cen kataloga
23:11:25  == Izvoz cen in zaloge za splet ==
23:11:30     Izvoz profila MAGENTO_STOCK_PRICES končan: 11435 vrstic v C:\Users\david\Desktop\PIM\NoviPIM\izvoz\magento\1
23:11:43     Izvoz profila MAGENTO_STOCK_PRICES končan: 43409 vrstic v C:\Users\david\Desktop\PIM\NoviPIM\izvoz\magento\2
23:11:51     Izvoz profila MAGENTO_STOCK_PRICES končan: 18683 vrstic v C:\Users\david\Desktop\PIM\NoviPIM\izvoz\magento\3
23:12:00     Izvoz profila MAGENTO_STOCK_PRICES končan: 35650 vrstic v C:\Users\david\Desktop\PIM\NoviPIM\izvoz\magento\4
23:12:00     konec: Izvoz cen in zaloge za splet
23:12:00  == Osvezitev kataloga in strank s cenami in zalogo (podjetje 2) ==
23:12:41     Magento CSV izvoz končan: C:\Users\david\Desktop\PIM\NoviPIM\izvoz\magento
23:12:41     konec: Osvezitev kataloga in strank s cenami in zalogo (podjetje 2)
23:12:41  Zalogovni cikel koncan; padlih korakov: 1.
23:15:14  == Zaloga NW_STOCK ==
23:15:15     [NW_STOCK] preskoceno: Poverilnice niso nastavljene — vpisi jih v appsettings.Local.json pod Fetch:NW_STOCK.
23:15:15     Prevzem koncan: uspesno 0, neuspesno 0, skupaj virov 1.
23:15:16     Prebranih zapisov: 2762; SHA-256: 2944665c56c7c06eac4a13061e2d3a8a4dfe61b850297662c855e2c7a7c6435c
23:15:17     Ta posnetek je ze v bazi; vir=NW_STOCK, podjetje=1, cas posnetka=2026-09-15 17:52:43Z, uporabljenih=2762, v karanteni=0, RunId=459c27f4-39c8-4ab1-99d8-8f15b4ff7683. Zapisano ni bilo nic.
23:15:18     Prebranih zapisov: 2762; SHA-256: 2944665c56c7c06eac4a13061e2d3a8a4dfe61b850297662c855e2c7a7c6435c
23:15:18     Ta posnetek je ze v bazi; vir=NW_STOCK, podjetje=2, cas posnetka=2026-09-15 17:52:43Z, uporabljenih=2762, v karanteni=0, RunId=de6757e4-c970-4ca3-8858-d89042caf81f. Zapisano ni bilo nic.
23:15:19     Prebranih zapisov: 2762; SHA-256: 2944665c56c7c06eac4a13061e2d3a8a4dfe61b850297662c855e2c7a7c6435c
23:15:19     Ta posnetek je ze v bazi; vir=NW_STOCK, podjetje=3, cas posnetka=2026-09-15 17:52:43Z, uporabljenih=2762, v karanteni=0, RunId=8a508903-792e-4631-94fe-be541ec5c291. Zapisano ni bilo nic.
23:15:21     Prebranih zapisov: 2762; SHA-256: 2944665c56c7c06eac4a13061e2d3a8a4dfe61b850297662c855e2c7a7c6435c
23:15:22     Ta posnetek je ze v bazi; vir=NW_STOCK, podjetje=4, cas posnetka=2026-09-15 17:52:43Z, uporabljenih=2762, v karanteni=0, RunId=d78dceff-7a9e-427b-bce2-13cf57ed279d. Zapisano ni bilo nic.
23:15:22     konec: Zaloga NW_STOCK
23:15:22  == Zaloga BT_STOCK ==
23:15:24     SOURCE_FETCH: se ni na vrsti po razporedu; preskoceno.
23:15:25     Prebranih zapisov: 1389; SHA-256: 94b795fed5c0e61f34d203f9295b09140639e3376e4e771b86fcc1450fad2c35
23:15:25     STOCK_FILE pri podjetju 1: se ni na vrsti po razporedu; preskoceno.
23:15:26     Prebranih zapisov: 1389; SHA-256: 94b795fed5c0e61f34d203f9295b09140639e3376e4e771b86fcc1450fad2c35
23:15:26     STOCK_FILE pri podjetju 2: se ni na vrsti po razporedu; preskoceno.
23:15:27     Prebranih zapisov: 1389; SHA-256: 94b795fed5c0e61f34d203f9295b09140639e3376e4e771b86fcc1450fad2c35
23:15:27     STOCK_FILE pri podjetju 3: se ni na vrsti po razporedu; preskoceno.
23:15:28     Prebranih zapisov: 1389; SHA-256: 94b795fed5c0e61f34d203f9295b09140639e3376e4e771b86fcc1450fad2c35
23:15:28     STOCK_FILE pri podjetju 4: se ni na vrsti po razporedu; preskoceno.
23:15:28     konec: Zaloga BT_STOCK
23:15:28  == Zaloga iz SAOP (kolicine) ==
23:15:29     STDERR: Manjka nastavitev Saop (BaseUrl, Username, Password) v appsettings.Local.json.
23:15:29     STDERR: Uporaba: PIM.SaopStockWorker [--organizations 2,3] [--page-size N] [--base-url URL] [--samo-nastavitve] [--dostave [--max-dostave N]]
23:15:29     NAPAKA: worker workers\PIM.SaopStockWorker je koncal z izhodno kodo 2
23:15:29  == Osvezitev cen kataloga ==
23:15:29     Živ SAOP zajem: podjetij=4, končnih točk=1, delta zajem, razpored=SAOP_PRICES.
23:15:29     [2] IQLighting (SAOP_IQLIGHTING)
23:15:51       GetPrices: strani=2 zapisov=106 — MEJNIK STOJI (SAOP je vrnil 106 zapisov, a so bili enaki že zajetim (dedup po hashu) — ta zagon nima česa preslikati); zapisi ostanejo v raw.Inbox in jih bo naslednji zagon zajel znova
23:15:52       SKUPAJ strani=2 zapisov=106 RunId=39009fc8-ee27-4d59-b7f9-fad65c8f5294
23:15:52       OPOZORILO: v raw.Inbox ležijo nepreslikane vrstice iz prejšnjih zagonov: GetPrices=3. Preslikaj jih z --map-run <RunId tistega zagona>; poizvedba: SELECT DISTINCT RunId, EntityType FROM raw.Inbox WHERE Status=N'Pending';
23:15:52       OPOZORILO: pri 1 končnih točkah mejnik stoji. Zajeti podatek leži v raw.Inbox in ga bo naslednji zagon zajel znova; če ga hočeš preslikati brez ponovnega klica, uporabi --map-run 39009fc8-ee27-4d59-b7f9-fad65c8f5294.
23:15:52     [3] Vidadria (SAOP_VIDADRIA)
23:16:14       GetPrices: strani=5 zapisov=218 — MEJNIK STOJI (SAOP je vrnil 218 zapisov, a so bili enaki že zajetim (dedup po hashu) — ta zagon nima česa preslikati); zapisi ostanejo v raw.Inbox in jih bo naslednji zagon zajel znova
23:16:15       SKUPAJ strani=5 zapisov=218 RunId=0a338797-c82b-4aef-b4ac-75ffc76175e3
23:16:15       OPOZORILO: pri 1 končnih točkah mejnik stoji. Zajeti podatek leži v raw.Inbox in ga bo naslednji zagon zajel znova; če ga hočeš preslikati brez ponovnega klica, uporabi --map-run 0a338797-c82b-4aef-b4ac-75ffc76175e3.
23:16:15     [4] Ediito (SAOP_EDIITO)
23:16:22       GetPrices: strani=2 zapisov=12 — MEJNIK STOJI (SAOP je vrnil 12 zapisov, a so bili enaki že zajetim (dedup po hashu) — ta zagon nima česa preslikati); zapisi ostanejo v raw.Inbox in jih bo naslednji zagon zajel znova
23:16:23       SKUPAJ strani=2 zapisov=12 RunId=87e40895-359c-4b10-83f1-ad7918f4762f
23:16:23       OPOZORILO: pri 1 končnih točkah mejnik stoji. Zajeti podatek leži v raw.Inbox in ga bo naslednji zagon zajel znova; če ga hočeš preslikati brez ponovnega klica, uporabi --map-run 87e40895-359c-4b10-83f1-ad7918f4762f.
23:16:23     [1] DEMO (SAOP_DEMO)
23:16:28       GetPrices: strani=0 zapisov=0 [4,1 s]
23:16:28       SKUPAJ strani=0 zapisov=0 RunId=e5274ad4-161e-4692-a1d5-9bf34a1842ea
23:16:29     konec: Osvezitev cen kataloga
23:16:29  == Izvoz cen in zaloge za splet ==
23:16:35     Izvoz profila MAGENTO_STOCK_PRICES končan: 11435 vrstic v C:\Users\david\Desktop\PIM\NoviPIM\izvoz\magento\1
23:16:56     Izvoz profila MAGENTO_STOCK_PRICES končan: 89652 vrstic v C:\Users\david\Desktop\PIM\NoviPIM\izvoz\magento\2
23:17:04     Izvoz profila MAGENTO_STOCK_PRICES končan: 18683 vrstic v C:\Users\david\Desktop\PIM\NoviPIM\izvoz\magento\3
23:17:14     Izvoz profila MAGENTO_STOCK_PRICES končan: 35650 vrstic v C:\Users\david\Desktop\PIM\NoviPIM\izvoz\magento\4
23:17:14     konec: Izvoz cen in zaloge za splet
23:17:14  == Osvezitev kataloga in strank s cenami in zalogo (podjetje 2) ==
23:18:27     Magento CSV izvoz končan: C:\Users\david\Desktop\PIM\NoviPIM\izvoz\magento
23:18:27     konec: Osvezitev kataloga in strank s cenami in zalogo (podjetje 2)
23:18:27  Zalogovni cikel koncan; padlih korakov: 1.
23:20:14  == Zaloga NW_STOCK ==
23:20:15     SOURCE_FETCH: se ni na vrsti po razporedu; preskoceno.
23:20:16     Prebranih zapisov: 2762; SHA-256: 2944665c56c7c06eac4a13061e2d3a8a4dfe61b850297662c855e2c7a7c6435c
23:20:16     STOCK_FILE pri podjetju 1: se ni na vrsti po razporedu; preskoceno.
23:20:17     Prebranih zapisov: 2762; SHA-256: 2944665c56c7c06eac4a13061e2d3a8a4dfe61b850297662c855e2c7a7c6435c
23:20:17     STOCK_FILE pri podjetju 2: se ni na vrsti po razporedu; preskoceno.
23:20:18     Prebranih zapisov: 2762; SHA-256: 2944665c56c7c06eac4a13061e2d3a8a4dfe61b850297662c855e2c7a7c6435c
23:20:18     STOCK_FILE pri podjetju 3: se ni na vrsti po razporedu; preskoceno.
23:20:19     Prebranih zapisov: 2762; SHA-256: 2944665c56c7c06eac4a13061e2d3a8a4dfe61b850297662c855e2c7a7c6435c
23:20:19     STOCK_FILE pri podjetju 4: se ni na vrsti po razporedu; preskoceno.
23:20:19     konec: Zaloga NW_STOCK
23:20:19  == Zaloga BT_STOCK ==
23:20:20     [BT_STOCK] preskoceno: Razmik dobavitelja se tece; naslednji prenos po 15. 09. 2026 23:32.
23:20:20     Prevzem koncan: uspesno 0, neuspesno 0, skupaj virov 1.
23:20:21     Prebranih zapisov: 1389; SHA-256: 94b795fed5c0e61f34d203f9295b09140639e3376e4e771b86fcc1450fad2c35
23:20:21     Ta posnetek je ze v bazi; vir=BT_STOCK, podjetje=1, cas posnetka=2026-09-15 18:32:34Z, uporabljenih=1389, v karanteni=0, RunId=d5937296-5c39-429d-92e4-3d1e4d225264. Zapisano ni bilo nic.
23:20:22     Prebranih zapisov: 1389; SHA-256: 94b795fed5c0e61f34d203f9295b09140639e3376e4e771b86fcc1450fad2c35
23:20:22     Ta posnetek je ze v bazi; vir=BT_STOCK, podjetje=2, cas posnetka=2026-09-15 18:32:34Z, uporabljenih=1389, v karanteni=0, RunId=00d73a91-58ac-4c88-87ed-69fe7e68d9e3. Zapisano ni bilo nic.
23:20:23     Prebranih zapisov: 1389; SHA-256: 94b795fed5c0e61f34d203f9295b09140639e3376e4e771b86fcc1450fad2c35
23:20:23     Ta posnetek je ze v bazi; vir=BT_STOCK, podjetje=3, cas posnetka=2026-09-15 18:32:34Z, uporabljenih=1389, v karanteni=0, RunId=9a0d0bbc-88ee-4d13-8be1-c145b68009a5. Zapisano ni bilo nic.
23:20:24     Prebranih zapisov: 1389; SHA-256: 94b795fed5c0e61f34d203f9295b09140639e3376e4e771b86fcc1450fad2c35
23:20:24     Ta posnetek je ze v bazi; vir=BT_STOCK, podjetje=4, cas posnetka=2026-09-15 18:32:34Z, uporabljenih=1389, v karanteni=0, RunId=5a72fede-0aad-49c2-91f4-133e8f4df186. Zapisano ni bilo nic.
23:20:24     konec: Zaloga BT_STOCK
23:20:24  == Zaloga iz SAOP (kolicine) ==
23:20:25     STDERR: Manjka nastavitev Saop (BaseUrl, Username, Password) v appsettings.Local.json.
23:20:25     STDERR: Uporaba: PIM.SaopStockWorker [--organizations 2,3] [--page-size N] [--base-url URL] [--samo-nastavitve] [--dostave [--max-dostave N]]
23:20:25     NAPAKA: worker workers\PIM.SaopStockWorker je koncal z izhodno kodo 2
23:20:25  == Osvezitev cen kataloga ==
23:20:26     Živ SAOP zajem: podjetij=4, končnih točk=1, delta zajem, razpored=SAOP_PRICES.
23:20:26     [2] IQLighting (SAOP_IQLIGHTING)
23:20:47       GetPrices: strani=2 zapisov=106 — MEJNIK STOJI (SAOP je vrnil 106 zapisov, a so bili enaki že zajetim (dedup po hashu) — ta zagon nima česa preslikati); zapisi ostanejo v raw.Inbox in jih bo naslednji zagon zajel znova
23:20:47       SKUPAJ strani=2 zapisov=106 RunId=250a5b00-962c-4388-b117-e93ef2703152
23:20:47       OPOZORILO: v raw.Inbox ležijo nepreslikane vrstice iz prejšnjih zagonov: GetPrices=3. Preslikaj jih z --map-run <RunId tistega zagona>; poizvedba: SELECT DISTINCT RunId, EntityType FROM raw.Inbox WHERE Status=N'Pending';
23:20:47       OPOZORILO: pri 1 končnih točkah mejnik stoji. Zajeti podatek leži v raw.Inbox in ga bo naslednji zagon zajel znova; če ga hočeš preslikati brez ponovnega klica, uporabi --map-run 250a5b00-962c-4388-b117-e93ef2703152.
23:20:47     [3] Vidadria (SAOP_VIDADRIA)
23:21:09       GetPrices: strani=5 zapisov=218 — MEJNIK STOJI (SAOP je vrnil 218 zapisov, a so bili enaki že zajetim (dedup po hashu) — ta zagon nima česa preslikati); zapisi ostanejo v raw.Inbox in jih bo naslednji zagon zajel znova
23:21:09       SKUPAJ strani=5 zapisov=218 RunId=c3456854-aef8-4bf1-8510-551171f0e4c6
23:21:09       OPOZORILO: pri 1 končnih točkah mejnik stoji. Zajeti podatek leži v raw.Inbox in ga bo naslednji zagon zajel znova; če ga hočeš preslikati brez ponovnega klica, uporabi --map-run c3456854-aef8-4bf1-8510-551171f0e4c6.
23:21:09     [4] Ediito (SAOP_EDIITO)
23:21:16       GetPrices: strani=2 zapisov=12 — MEJNIK STOJI (SAOP je vrnil 12 zapisov, a so bili enaki že zajetim (dedup po hashu) — ta zagon nima česa preslikati); zapisi ostanejo v raw.Inbox in jih bo naslednji zagon zajel znova
23:21:16       SKUPAJ strani=2 zapisov=12 RunId=a921b109-c059-4558-837f-2d8b1e244ea9
23:21:16       OPOZORILO: pri 1 končnih točkah mejnik stoji. Zajeti podatek leži v raw.Inbox in ga bo naslednji zagon zajel znova; če ga hočeš preslikati brez ponovnega klica, uporabi --map-run a921b109-c059-4558-837f-2d8b1e244ea9.
23:21:16     [1] DEMO (SAOP_DEMO)
23:21:21       GetPrices: strani=0 zapisov=0 [4,2 s]
23:21:21       SKUPAJ strani=0 zapisov=0 RunId=c6d77b44-326e-40e7-8d8e-7f04807559f1
23:21:21     konec: Osvezitev cen kataloga
23:21:21  == Izvoz cen in zaloge za splet ==
23:21:27     Izvoz profila MAGENTO_STOCK_PRICES končan: 11435 vrstic v C:\Users\david\Desktop\PIM\NoviPIM\izvoz\magento\1
23:21:49     Izvoz profila MAGENTO_STOCK_PRICES končan: 89652 vrstic v C:\Users\david\Desktop\PIM\NoviPIM\izvoz\magento\2
23:21:57     Izvoz profila MAGENTO_STOCK_PRICES končan: 18683 vrstic v C:\Users\david\Desktop\PIM\NoviPIM\izvoz\magento\3
23:22:07     Izvoz profila MAGENTO_STOCK_PRICES končan: 35650 vrstic v C:\Users\david\Desktop\PIM\NoviPIM\izvoz\magento\4
23:22:07     konec: Izvoz cen in zaloge za splet
23:22:07  == Osvezitev kataloga in strank s cenami in zalogo (podjetje 2) ==
23:23:23     Magento CSV izvoz končan: C:\Users\david\Desktop\PIM\NoviPIM\izvoz\magento
23:23:23     konec: Osvezitev kataloga in strank s cenami in zalogo (podjetje 2)
23:23:23  Zalogovni cikel koncan; padlih korakov: 1.
23:25:14  == Zaloga NW_STOCK ==
23:25:15     SOURCE_FETCH: se ni na vrsti po razporedu; preskoceno.
23:25:16     Prebranih zapisov: 2762; SHA-256: 2944665c56c7c06eac4a13061e2d3a8a4dfe61b850297662c855e2c7a7c6435c
23:25:16     STOCK_FILE pri podjetju 1: se ni na vrsti po razporedu; preskoceno.
23:25:17     Prebranih zapisov: 2762; SHA-256: 2944665c56c7c06eac4a13061e2d3a8a4dfe61b850297662c855e2c7a7c6435c
23:25:17     STOCK_FILE pri podjetju 2: se ni na vrsti po razporedu; preskoceno.
23:25:18     Prebranih zapisov: 2762; SHA-256: 2944665c56c7c06eac4a13061e2d3a8a4dfe61b850297662c855e2c7a7c6435c
23:25:18     STOCK_FILE pri podjetju 3: se ni na vrsti po razporedu; preskoceno.
23:25:19     Prebranih zapisov: 2762; SHA-256: 2944665c56c7c06eac4a13061e2d3a8a4dfe61b850297662c855e2c7a7c6435c
23:25:19     STOCK_FILE pri podjetju 4: se ni na vrsti po razporedu; preskoceno.
23:25:19     konec: Zaloga NW_STOCK
23:25:19  == Zaloga BT_STOCK ==
23:25:20     [BT_STOCK] preskoceno: Razmik dobavitelja se tece; naslednji prenos po 15. 09. 2026 23:32.
23:25:20     Prevzem koncan: uspesno 0, neuspesno 0, skupaj virov 1.
23:25:21     Prebranih zapisov: 1389; SHA-256: 94b795fed5c0e61f34d203f9295b09140639e3376e4e771b86fcc1450fad2c35
23:25:21     Ta posnetek je ze v bazi; vir=BT_STOCK, podjetje=1, cas posnetka=2026-09-15 18:32:34Z, uporabljenih=1389, v karanteni=0, RunId=d5937296-5c39-429d-92e4-3d1e4d225264. Zapisano ni bilo nic.
23:25:22     Prebranih zapisov: 1389; SHA-256: 94b795fed5c0e61f34d203f9295b09140639e3376e4e771b86fcc1450fad2c35
23:25:22     Ta posnetek je ze v bazi; vir=BT_STOCK, podjetje=2, cas posnetka=2026-09-15 18:32:34Z, uporabljenih=1389, v karanteni=0, RunId=00d73a91-58ac-4c88-87ed-69fe7e68d9e3. Zapisano ni bilo nic.
23:25:23     Prebranih zapisov: 1389; SHA-256: 94b795fed5c0e61f34d203f9295b09140639e3376e4e771b86fcc1450fad2c35
23:25:23     Ta posnetek je ze v bazi; vir=BT_STOCK, podjetje=3, cas posnetka=2026-09-15 18:32:34Z, uporabljenih=1389, v karanteni=0, RunId=9a0d0bbc-88ee-4d13-8be1-c145b68009a5. Zapisano ni bilo nic.
23:25:24     Prebranih zapisov: 1389; SHA-256: 94b795fed5c0e61f34d203f9295b09140639e3376e4e771b86fcc1450fad2c35
23:25:25     Ta posnetek je ze v bazi; vir=BT_STOCK, podjetje=4, cas posnetka=2026-09-15 18:32:34Z, uporabljenih=1389, v karanteni=0, RunId=5a72fede-0aad-49c2-91f4-133e8f4df186. Zapisano ni bilo nic.
23:25:25     konec: Zaloga BT_STOCK
23:25:25  == Zaloga iz SAOP (kolicine) ==
23:25:25     STDERR: Manjka nastavitev Saop (BaseUrl, Username, Password) v appsettings.Local.json.
23:25:25     STDERR: Uporaba: PIM.SaopStockWorker [--organizations 2,3] [--page-size N] [--base-url URL] [--samo-nastavitve] [--dostave [--max-dostave N]]
23:25:26     NAPAKA: worker workers\PIM.SaopStockWorker je koncal z izhodno kodo 2
23:25:26  == Osvezitev cen kataloga ==
23:25:26     Živ SAOP zajem: podjetij=4, končnih točk=1, delta zajem, razpored=SAOP_PRICES.
23:25:26     [2] IQLighting (SAOP_IQLIGHTING)
23:25:47       GetPrices: strani=2 zapisov=106 — MEJNIK STOJI (SAOP je vrnil 106 zapisov, a so bili enaki že zajetim (dedup po hashu) — ta zagon nima česa preslikati); zapisi ostanejo v raw.Inbox in jih bo naslednji zagon zajel znova
23:25:48       SKUPAJ strani=2 zapisov=106 RunId=ee9d363e-2bef-40ff-9d1a-47789c368d8b
23:25:48       OPOZORILO: v raw.Inbox ležijo nepreslikane vrstice iz prejšnjih zagonov: GetPrices=3. Preslikaj jih z --map-run <RunId tistega zagona>; poizvedba: SELECT DISTINCT RunId, EntityType FROM raw.Inbox WHERE Status=N'Pending';
23:25:48       OPOZORILO: pri 1 končnih točkah mejnik stoji. Zajeti podatek leži v raw.Inbox in ga bo naslednji zagon zajel znova; če ga hočeš preslikati brez ponovnega klica, uporabi --map-run ee9d363e-2bef-40ff-9d1a-47789c368d8b.
23:25:48     [3] Vidadria (SAOP_VIDADRIA)
23:26:10       GetPrices: strani=5 zapisov=218 — MEJNIK STOJI (SAOP je vrnil 218 zapisov, a so bili enaki že zajetim (dedup po hashu) — ta zagon nima česa preslikati); zapisi ostanejo v raw.Inbox in jih bo naslednji zagon zajel znova
23:26:10       SKUPAJ strani=5 zapisov=218 RunId=3edc6d5f-d9fe-4de7-996c-045e99725877
23:26:10       OPOZORILO: pri 1 končnih točkah mejnik stoji. Zajeti podatek leži v raw.Inbox in ga bo naslednji zagon zajel znova; če ga hočeš preslikati brez ponovnega klica, uporabi --map-run 3edc6d5f-d9fe-4de7-996c-045e99725877.
23:26:10     [4] Ediito (SAOP_EDIITO)
23:26:17       GetPrices: strani=2 zapisov=12 — MEJNIK STOJI (SAOP je vrnil 12 zapisov, a so bili enaki že zajetim (dedup po hashu) — ta zagon nima česa preslikati); zapisi ostanejo v raw.Inbox in jih bo naslednji zagon zajel znova
23:26:17       SKUPAJ strani=2 zapisov=12 RunId=919dba49-ed08-4d6a-9639-51cad12e586d
23:26:17       OPOZORILO: pri 1 končnih točkah mejnik stoji. Zajeti podatek leži v raw.Inbox in ga bo naslednji zagon zajel znova; če ga hočeš preslikati brez ponovnega klica, uporabi --map-run 919dba49-ed08-4d6a-9639-51cad12e586d.
23:26:17     [1] DEMO (SAOP_DEMO)
23:26:21       GetPrices: strani=0 zapisov=0 [4,2 s]
23:26:21       SKUPAJ strani=0 zapisov=0 RunId=0e1bf23a-00ef-4003-88f0-2468ec36aca9
23:26:21     konec: Osvezitev cen kataloga
23:26:21  == Izvoz cen in zaloge za splet ==
23:26:27     Izvoz profila MAGENTO_STOCK_PRICES končan: 11435 vrstic v C:\Users\david\Desktop\PIM\NoviPIM\izvoz\magento\1
23:26:49     Izvoz profila MAGENTO_STOCK_PRICES končan: 89652 vrstic v C:\Users\david\Desktop\PIM\NoviPIM\izvoz\magento\2
23:26:57     Izvoz profila MAGENTO_STOCK_PRICES končan: 18683 vrstic v C:\Users\david\Desktop\PIM\NoviPIM\izvoz\magento\3
23:27:07     Izvoz profila MAGENTO_STOCK_PRICES končan: 35650 vrstic v C:\Users\david\Desktop\PIM\NoviPIM\izvoz\magento\4
23:27:07     konec: Izvoz cen in zaloge za splet
23:27:07  == Osvezitev kataloga in strank s cenami in zalogo (podjetje 2) ==
23:28:22     Magento CSV izvoz končan: C:\Users\david\Desktop\PIM\NoviPIM\izvoz\magento
23:28:22     konec: Osvezitev kataloga in strank s cenami in zalogo (podjetje 2)
23:28:22  Zalogovni cikel koncan; padlih korakov: 1.
23:30:14  == Zaloga NW_STOCK ==
23:30:15     SOURCE_FETCH: se ni na vrsti po razporedu; preskoceno.
23:30:16     Prebranih zapisov: 2762; SHA-256: 2944665c56c7c06eac4a13061e2d3a8a4dfe61b850297662c855e2c7a7c6435c
23:30:16     STOCK_FILE pri podjetju 1: se ni na vrsti po razporedu; preskoceno.
23:30:17     Prebranih zapisov: 2762; SHA-256: 2944665c56c7c06eac4a13061e2d3a8a4dfe61b850297662c855e2c7a7c6435c
23:30:17     STOCK_FILE pri podjetju 2: se ni na vrsti po razporedu; preskoceno.
23:30:18     Prebranih zapisov: 2762; SHA-256: 2944665c56c7c06eac4a13061e2d3a8a4dfe61b850297662c855e2c7a7c6435c
23:30:18     STOCK_FILE pri podjetju 3: se ni na vrsti po razporedu; preskoceno.
23:30:19     Prebranih zapisov: 2762; SHA-256: 2944665c56c7c06eac4a13061e2d3a8a4dfe61b850297662c855e2c7a7c6435c
23:30:19     STOCK_FILE pri podjetju 4: se ni na vrsti po razporedu; preskoceno.
23:30:19     konec: Zaloga NW_STOCK
23:30:19  == Zaloga BT_STOCK ==
23:30:20     SOURCE_FETCH: se ni na vrsti po razporedu; preskoceno.
23:30:21     Prebranih zapisov: 1389; SHA-256: 94b795fed5c0e61f34d203f9295b09140639e3376e4e771b86fcc1450fad2c35
23:30:21     STOCK_FILE pri podjetju 1: se ni na vrsti po razporedu; preskoceno.
23:30:22     Prebranih zapisov: 1389; SHA-256: 94b795fed5c0e61f34d203f9295b09140639e3376e4e771b86fcc1450fad2c35
23:30:22     STOCK_FILE pri podjetju 2: se ni na vrsti po razporedu; preskoceno.
23:30:23     Prebranih zapisov: 1389; SHA-256: 94b795fed5c0e61f34d203f9295b09140639e3376e4e771b86fcc1450fad2c35
23:30:23     STOCK_FILE pri podjetju 3: se ni na vrsti po razporedu; preskoceno.
23:30:24     Prebranih zapisov: 1389; SHA-256: 94b795fed5c0e61f34d203f9295b09140639e3376e4e771b86fcc1450fad2c35
23:30:24     STOCK_FILE pri podjetju 4: se ni na vrsti po razporedu; preskoceno.
23:30:24     konec: Zaloga BT_STOCK
23:30:24  == Zaloga iz SAOP (kolicine) ==
23:30:25     STDERR: Manjka nastavitev Saop (BaseUrl, Username, Password) v appsettings.Local.json.
23:30:25     STDERR: Uporaba: PIM.SaopStockWorker [--organizations 2,3] [--page-size N] [--base-url URL] [--samo-nastavitve] [--dostave [--max-dostave N]]
23:30:25     NAPAKA: worker workers\PIM.SaopStockWorker je koncal z izhodno kodo 2
23:30:25  == Osvezitev cen kataloga ==
23:30:25     Živ SAOP zajem: podjetij=4, končnih točk=1, delta zajem, razpored=SAOP_PRICES.
23:30:25     [2] IQLighting (SAOP_IQLIGHTING)
23:30:47       GetPrices: strani=2 zapisov=106 — MEJNIK STOJI (SAOP je vrnil 106 zapisov, a so bili enaki že zajetim (dedup po hashu) — ta zagon nima česa preslikati); zapisi ostanejo v raw.Inbox in jih bo naslednji zagon zajel znova
23:30:47       SKUPAJ strani=2 zapisov=106 RunId=51705867-06c3-4603-b517-2c718e114d8c
23:30:47       OPOZORILO: v raw.Inbox ležijo nepreslikane vrstice iz prejšnjih zagonov: GetPrices=3. Preslikaj jih z --map-run <RunId tistega zagona>; poizvedba: SELECT DISTINCT RunId, EntityType FROM raw.Inbox WHERE Status=N'Pending';
23:30:47       OPOZORILO: pri 1 končnih točkah mejnik stoji. Zajeti podatek leži v raw.Inbox in ga bo naslednji zagon zajel znova; če ga hočeš preslikati brez ponovnega klica, uporabi --map-run 51705867-06c3-4603-b517-2c718e114d8c.
23:30:47     [3] Vidadria (SAOP_VIDADRIA)
23:31:09       GetPrices: strani=5 zapisov=218 — MEJNIK STOJI (SAOP je vrnil 218 zapisov, a so bili enaki že zajetim (dedup po hashu) — ta zagon nima česa preslikati); zapisi ostanejo v raw.Inbox in jih bo naslednji zagon zajel znova
23:31:10       SKUPAJ strani=5 zapisov=218 RunId=95cdb4ca-a035-49a9-b699-a14e85dcf60a
23:31:10       OPOZORILO: pri 1 končnih točkah mejnik stoji. Zajeti podatek leži v raw.Inbox in ga bo naslednji zagon zajel znova; če ga hočeš preslikati brez ponovnega klica, uporabi --map-run 95cdb4ca-a035-49a9-b699-a14e85dcf60a.
23:31:10     [4] Ediito (SAOP_EDIITO)
23:31:17       GetPrices: strani=2 zapisov=12 — MEJNIK STOJI (SAOP je vrnil 12 zapisov, a so bili enaki že zajetim (dedup po hashu) — ta zagon nima česa preslikati); zapisi ostanejo v raw.Inbox in jih bo naslednji zagon zajel znova
23:31:17       SKUPAJ strani=2 zapisov=12 RunId=5d58a2a4-f23f-4865-b7c5-afdc64bd0db8
23:31:17       OPOZORILO: pri 1 končnih točkah mejnik stoji. Zajeti podatek leži v raw.Inbox in ga bo naslednji zagon zajel znova; če ga hočeš preslikati brez ponovnega klica, uporabi --map-run 5d58a2a4-f23f-4865-b7c5-afdc64bd0db8.
23:31:17     [1] DEMO (SAOP_DEMO)
23:31:21       GetPrices: strani=0 zapisov=0 [4,1 s]
23:31:21       SKUPAJ strani=0 zapisov=0 RunId=09ef08c8-a677-491e-abf5-a517972313d9
23:31:21     konec: Osvezitev cen kataloga
23:31:21  == Izvoz cen in zaloge za splet ==
23:31:27     Izvoz profila MAGENTO_STOCK_PRICES končan: 11435 vrstic v C:\Users\david\Desktop\PIM\NoviPIM\izvoz\magento\1
23:31:47     Izvoz profila MAGENTO_STOCK_PRICES končan: 89652 vrstic v C:\Users\david\Desktop\PIM\NoviPIM\izvoz\magento\2
23:31:55     Izvoz profila MAGENTO_STOCK_PRICES končan: 18683 vrstic v C:\Users\david\Desktop\PIM\NoviPIM\izvoz\magento\3
23:32:05     Izvoz profila MAGENTO_STOCK_PRICES končan: 35650 vrstic v C:\Users\david\Desktop\PIM\NoviPIM\izvoz\magento\4
23:32:05     konec: Izvoz cen in zaloge za splet
23:32:05  == Osvezitev kataloga in strank s cenami in zalogo (podjetje 2) ==
23:33:15     Magento CSV izvoz končan: C:\Users\david\Desktop\PIM\NoviPIM\izvoz\magento
23:33:15     konec: Osvezitev kataloga in strank s cenami in zalogo (podjetje 2)
23:33:15  Zalogovni cikel koncan; padlih korakov: 1.
23:35:14  == Zaloga NW_STOCK ==
23:35:15     [NW_STOCK] preskoceno: Poverilnice niso nastavljene — vpisi jih v appsettings.Local.json pod Fetch:NW_STOCK.
23:35:15     Prevzem koncan: uspesno 0, neuspesno 0, skupaj virov 1.
23:35:16     Prebranih zapisov: 2762; SHA-256: 2944665c56c7c06eac4a13061e2d3a8a4dfe61b850297662c855e2c7a7c6435c
23:35:18     Ta posnetek je ze v bazi; vir=NW_STOCK, podjetje=1, cas posnetka=2026-09-15 17:52:43Z, uporabljenih=2762, v karanteni=0, RunId=459c27f4-39c8-4ab1-99d8-8f15b4ff7683. Zapisano ni bilo nic.
23:35:19     Prebranih zapisov: 2762; SHA-256: 2944665c56c7c06eac4a13061e2d3a8a4dfe61b850297662c855e2c7a7c6435c
23:35:19     Ta posnetek je ze v bazi; vir=NW_STOCK, podjetje=2, cas posnetka=2026-09-15 17:52:43Z, uporabljenih=2762, v karanteni=0, RunId=de6757e4-c970-4ca3-8858-d89042caf81f. Zapisano ni bilo nic.
23:35:20     Prebranih zapisov: 2762; SHA-256: 2944665c56c7c06eac4a13061e2d3a8a4dfe61b850297662c855e2c7a7c6435c
23:35:20     Ta posnetek je ze v bazi; vir=NW_STOCK, podjetje=3, cas posnetka=2026-09-15 17:52:43Z, uporabljenih=2762, v karanteni=0, RunId=8a508903-792e-4631-94fe-be541ec5c291. Zapisano ni bilo nic.
23:35:21     Prebranih zapisov: 2762; SHA-256: 2944665c56c7c06eac4a13061e2d3a8a4dfe61b850297662c855e2c7a7c6435c
23:35:21     Ta posnetek je ze v bazi; vir=NW_STOCK, podjetje=4, cas posnetka=2026-09-15 17:52:43Z, uporabljenih=2762, v karanteni=0, RunId=d78dceff-7a9e-427b-bce2-13cf57ed279d. Zapisano ni bilo nic.
23:35:21     konec: Zaloga NW_STOCK
23:35:21  == Zaloga BT_STOCK ==
23:35:22     SOURCE_FETCH: se ni na vrsti po razporedu; preskoceno.
23:35:23     Prebranih zapisov: 1389; SHA-256: 94b795fed5c0e61f34d203f9295b09140639e3376e4e771b86fcc1450fad2c35
23:35:23     STOCK_FILE pri podjetju 1: se ni na vrsti po razporedu; preskoceno.
23:35:24     Prebranih zapisov: 1389; SHA-256: 94b795fed5c0e61f34d203f9295b09140639e3376e4e771b86fcc1450fad2c35
23:35:24     STOCK_FILE pri podjetju 2: se ni na vrsti po razporedu; preskoceno.
23:35:25     Prebranih zapisov: 1389; SHA-256: 94b795fed5c0e61f34d203f9295b09140639e3376e4e771b86fcc1450fad2c35
23:35:25     STOCK_FILE pri podjetju 3: se ni na vrsti po razporedu; preskoceno.
23:35:26     Prebranih zapisov: 1389; SHA-256: 94b795fed5c0e61f34d203f9295b09140639e3376e4e771b86fcc1450fad2c35
23:35:26     STOCK_FILE pri podjetju 4: se ni na vrsti po razporedu; preskoceno.
23:35:26     konec: Zaloga BT_STOCK
23:35:26  == Zaloga iz SAOP (kolicine) ==
23:35:27     STDERR: Manjka nastavitev Saop (BaseUrl, Username, Password) v appsettings.Local.json.
23:35:27     STDERR: Uporaba: PIM.SaopStockWorker [--organizations 2,3] [--page-size N] [--base-url URL] [--samo-nastavitve] [--dostave [--max-dostave N]]
23:35:27     NAPAKA: worker workers\PIM.SaopStockWorker je koncal z izhodno kodo 2
23:35:27  == Osvezitev cen kataloga ==
23:35:27     Živ SAOP zajem: podjetij=4, končnih točk=1, delta zajem, razpored=SAOP_PRICES.
23:35:27     [2] IQLighting (SAOP_IQLIGHTING)
23:35:54       GetPrices: strani=2 zapisov=106 — MEJNIK STOJI (SAOP je vrnil 106 zapisov, a so bili enaki že zajetim (dedup po hashu) — ta zagon nima česa preslikati); zapisi ostanejo v raw.Inbox in jih bo naslednji zagon zajel znova
23:35:54       SKUPAJ strani=2 zapisov=106 RunId=e096b89e-186e-4afb-a331-ca1fa52b581b
23:35:54       OPOZORILO: v raw.Inbox ležijo nepreslikane vrstice iz prejšnjih zagonov: GetPrices=3. Preslikaj jih z --map-run <RunId tistega zagona>; poizvedba: SELECT DISTINCT RunId, EntityType FROM raw.Inbox WHERE Status=N'Pending';
23:35:54       OPOZORILO: pri 1 končnih točkah mejnik stoji. Zajeti podatek leži v raw.Inbox in ga bo naslednji zagon zajel znova; če ga hočeš preslikati brez ponovnega klica, uporabi --map-run e096b89e-186e-4afb-a331-ca1fa52b581b.
23:35:54     [3] Vidadria (SAOP_VIDADRIA)
23:36:17       GetPrices: strani=5 zapisov=218 — MEJNIK STOJI (SAOP je vrnil 218 zapisov, a so bili enaki že zajetim (dedup po hashu) — ta zagon nima česa preslikati); zapisi ostanejo v raw.Inbox in jih bo naslednji zagon zajel znova
23:36:17       SKUPAJ strani=5 zapisov=218 RunId=98bde9df-4cb0-4e99-b3f3-ab75896d4d61
23:36:17       OPOZORILO: pri 1 končnih točkah mejnik stoji. Zajeti podatek leži v raw.Inbox in ga bo naslednji zagon zajel znova; če ga hočeš preslikati brez ponovnega klica, uporabi --map-run 98bde9df-4cb0-4e99-b3f3-ab75896d4d61.
23:36:17     [4] Ediito (SAOP_EDIITO)
23:36:24       GetPrices: strani=2 zapisov=12 — MEJNIK STOJI (SAOP je vrnil 12 zapisov, a so bili enaki že zajetim (dedup po hashu) — ta zagon nima česa preslikati); zapisi ostanejo v raw.Inbox in jih bo naslednji zagon zajel znova
23:36:24       SKUPAJ strani=2 zapisov=12 RunId=dfd80e8e-e6b3-43c3-ae53-5f80d7e6cc1c
23:36:24       OPOZORILO: pri 1 končnih točkah mejnik stoji. Zajeti podatek leži v raw.Inbox in ga bo naslednji zagon zajel znova; če ga hočeš preslikati brez ponovnega klica, uporabi --map-run dfd80e8e-e6b3-43c3-ae53-5f80d7e6cc1c.
23:36:24     [1] DEMO (SAOP_DEMO)
23:36:29       GetPrices: strani=0 zapisov=0 [4,2 s]
23:36:29       SKUPAJ strani=0 zapisov=0 RunId=723a1e34-e82c-42a4-a0a8-5b463db92d4f
23:36:29     konec: Osvezitev cen kataloga
23:36:29  == Izvoz cen in zaloge za splet ==
23:36:35     Izvoz profila MAGENTO_STOCK_PRICES končan: 11435 vrstic v C:\Users\david\Desktop\PIM\NoviPIM\izvoz\magento\1
23:36:56     Izvoz profila MAGENTO_STOCK_PRICES končan: 89652 vrstic v C:\Users\david\Desktop\PIM\NoviPIM\izvoz\magento\2
23:37:04     Izvoz profila MAGENTO_STOCK_PRICES končan: 18683 vrstic v C:\Users\david\Desktop\PIM\NoviPIM\izvoz\magento\3
23:37:13     Izvoz profila MAGENTO_STOCK_PRICES končan: 35650 vrstic v C:\Users\david\Desktop\PIM\NoviPIM\izvoz\magento\4
23:37:13     konec: Izvoz cen in zaloge za splet
23:37:13  == Osvezitev kataloga in strank s cenami in zalogo (podjetje 2) ==
23:38:23     Magento CSV izvoz končan: C:\Users\david\Desktop\PIM\NoviPIM\izvoz\magento
23:38:23     konec: Osvezitev kataloga in strank s cenami in zalogo (podjetje 2)
23:38:23  Zalogovni cikel koncan; padlih korakov: 1.
23:40:14  == Zaloga NW_STOCK ==
23:40:15     [NW_STOCK] preskoceno: Poverilnice niso nastavljene — vpisi jih v appsettings.Local.json pod Fetch:NW_STOCK.
23:40:15     Prevzem koncan: uspesno 0, neuspesno 0, skupaj virov 1.
23:40:16     Prebranih zapisov: 2762; SHA-256: 2944665c56c7c06eac4a13061e2d3a8a4dfe61b850297662c855e2c7a7c6435c
23:40:16     Ta posnetek je ze v bazi; vir=NW_STOCK, podjetje=1, cas posnetka=2026-09-15 17:52:43Z, uporabljenih=2762, v karanteni=0, RunId=459c27f4-39c8-4ab1-99d8-8f15b4ff7683. Zapisano ni bilo nic.
23:40:17     Prebranih zapisov: 2762; SHA-256: 2944665c56c7c06eac4a13061e2d3a8a4dfe61b850297662c855e2c7a7c6435c
23:40:17     STOCK_FILE pri podjetju 2: se ni na vrsti po razporedu; preskoceno.
23:40:18     Prebranih zapisov: 2762; SHA-256: 2944665c56c7c06eac4a13061e2d3a8a4dfe61b850297662c855e2c7a7c6435c
23:40:18     STOCK_FILE pri podjetju 3: se ni na vrsti po razporedu; preskoceno.
23:40:19     Prebranih zapisov: 2762; SHA-256: 2944665c56c7c06eac4a13061e2d3a8a4dfe61b850297662c855e2c7a7c6435c
23:40:19     STOCK_FILE pri podjetju 4: se ni na vrsti po razporedu; preskoceno.
23:40:19     konec: Zaloga NW_STOCK
23:40:19  == Zaloga BT_STOCK ==
23:40:20     SOURCE_FETCH: se ni na vrsti po razporedu; preskoceno.
23:40:21     Prebranih zapisov: 1389; SHA-256: 94b795fed5c0e61f34d203f9295b09140639e3376e4e771b86fcc1450fad2c35
23:40:21     STOCK_FILE pri podjetju 1: se ni na vrsti po razporedu; preskoceno.
23:40:22     Prebranih zapisov: 1389; SHA-256: 94b795fed5c0e61f34d203f9295b09140639e3376e4e771b86fcc1450fad2c35
23:40:22     Ta posnetek je ze v bazi; vir=BT_STOCK, podjetje=2, cas posnetka=2026-09-15 18:32:34Z, uporabljenih=1389, v karanteni=0, RunId=00d73a91-58ac-4c88-87ed-69fe7e68d9e3. Zapisano ni bilo nic.
23:40:23     Prebranih zapisov: 1389; SHA-256: 94b795fed5c0e61f34d203f9295b09140639e3376e4e771b86fcc1450fad2c35
23:40:23     Ta posnetek je ze v bazi; vir=BT_STOCK, podjetje=3, cas posnetka=2026-09-15 18:32:34Z, uporabljenih=1389, v karanteni=0, RunId=9a0d0bbc-88ee-4d13-8be1-c145b68009a5. Zapisano ni bilo nic.
23:40:24     Prebranih zapisov: 1389; SHA-256: 94b795fed5c0e61f34d203f9295b09140639e3376e4e771b86fcc1450fad2c35
23:40:25     Ta posnetek je ze v bazi; vir=BT_STOCK, podjetje=4, cas posnetka=2026-09-15 18:32:34Z, uporabljenih=1389, v karanteni=0, RunId=5a72fede-0aad-49c2-91f4-133e8f4df186. Zapisano ni bilo nic.
23:40:25     konec: Zaloga BT_STOCK
23:40:25  == Zaloga iz SAOP (kolicine) ==
23:40:25     STDERR: Manjka nastavitev Saop (BaseUrl, Username, Password) v appsettings.Local.json.
23:40:25     STDERR: Uporaba: PIM.SaopStockWorker [--organizations 2,3] [--page-size N] [--base-url URL] [--samo-nastavitve] [--dostave [--max-dostave N]]
23:40:25     NAPAKA: worker workers\PIM.SaopStockWorker je koncal z izhodno kodo 2
23:40:25  == Osvezitev cen kataloga ==
23:40:26     Živ SAOP zajem: podjetij=4, končnih točk=1, delta zajem, razpored=SAOP_PRICES.
23:40:26     [2] IQLighting (SAOP_IQLIGHTING)
