00:02:26  == Zaloga NW_STOCK ==
00:02:27     SOURCE_FETCH: se ni na vrsti po razporedu; preskoceno.
00:02:28     Prebranih zapisov: 2763; SHA-256: 06158205827cd0ac8efeb3c4f00054708ed4050379f9c9da8f05bc6f33b332f1
00:02:28     STOCK_FILE pri podjetju 1: se ni na vrsti po razporedu; preskoceno.
00:02:29     Prebranih zapisov: 2763; SHA-256: 06158205827cd0ac8efeb3c4f00054708ed4050379f9c9da8f05bc6f33b332f1
00:02:29     STOCK_FILE pri podjetju 2: se ni na vrsti po razporedu; preskoceno.
00:02:30     Prebranih zapisov: 2763; SHA-256: 06158205827cd0ac8efeb3c4f00054708ed4050379f9c9da8f05bc6f33b332f1
00:02:30     STOCK_FILE pri podjetju 3: se ni na vrsti po razporedu; preskoceno.
00:02:31     Prebranih zapisov: 2763; SHA-256: 06158205827cd0ac8efeb3c4f00054708ed4050379f9c9da8f05bc6f33b332f1
00:02:31     STOCK_FILE pri podjetju 4: se ni na vrsti po razporedu; preskoceno.
00:02:31     konec: Zaloga NW_STOCK
00:02:31  == Zaloga BT_STOCK ==
00:02:32     [BT_STOCK] preskoceno: Razmik dobavitelja se tece; naslednji prenos po 3. 09. 2026 00:52.
00:02:32     Prevzem koncan: uspesno 0, neuspesno 0, skupaj virov 1.
00:02:33     Prebranih zapisov: 1389; SHA-256: 88b7c3e1f331eec94b93a68da91e45c3cb67f61785dc722e54236f147e3efb63
00:02:33     Ta posnetek je ze v bazi; vir=BT_STOCK, podjetje=1, cas posnetka=2026-09-02 16:39:55Z, uporabljenih=1389, v karanteni=0, RunId=e4912780-b225-4977-b541-4c5c7a771824. Zapisano ni bilo nic.
00:02:34     Prebranih zapisov: 1389; SHA-256: 88b7c3e1f331eec94b93a68da91e45c3cb67f61785dc722e54236f147e3efb63
00:02:34     Ta posnetek je ze v bazi; vir=BT_STOCK, podjetje=2, cas posnetka=2026-09-02 16:39:55Z, uporabljenih=1389, v karanteni=0, RunId=f1953183-3abf-42a5-91cd-1677b89581d1. Zapisano ni bilo nic.
00:02:35     Prebranih zapisov: 1389; SHA-256: 88b7c3e1f331eec94b93a68da91e45c3cb67f61785dc722e54236f147e3efb63
00:02:35     Ta posnetek je ze v bazi; vir=BT_STOCK, podjetje=3, cas posnetka=2026-09-02 16:39:55Z, uporabljenih=1389, v karanteni=0, RunId=680e3a50-81b6-4668-860d-52d0c1e429d4. Zapisano ni bilo nic.
00:02:36     Prebranih zapisov: 1389; SHA-256: 88b7c3e1f331eec94b93a68da91e45c3cb67f61785dc722e54236f147e3efb63
00:02:36     Ta posnetek je ze v bazi; vir=BT_STOCK, podjetje=4, cas posnetka=2026-09-02 16:39:55Z, uporabljenih=1389, v karanteni=0, RunId=79b3b0aa-02c9-4df1-aeae-e68412b1e9e4. Zapisano ni bilo nic.
00:02:36     konec: Zaloga BT_STOCK
00:02:36  == Zaloga iz SAOP (kolicine) ==
00:02:38     [1] SAOP_GETSTOCKS (GetStocks): skladišč=4, zapisov=16, uporabljenih=16, v karanteni=0, RunId=82d7bd8a-dbfa-4352-86fb-1f4fc22fc71e.
00:02:38     [2] SAOP_STOCK: se ni na vrsti po razporedu; preskoceno.
00:02:38     [3] SAOP_STOCK: se ni na vrsti po razporedu; preskoceno.
00:02:38     [4] SAOP_STOCK: se ni na vrsti po razporedu; preskoceno.
00:02:38     konec: Zaloga iz SAOP (kolicine)
00:02:38  == Izvoz cen in zaloge za splet ==
00:02:40     Izvoz profila MAGENTO_STOCK_PRICES končan: 352 vrstic v C:\Users\david\Desktop\PIM\NoviPIM\izvoz\magento\1
00:02:43     Izvoz profila MAGENTO_STOCK_PRICES končan: 2071 vrstic v C:\Users\david\Desktop\PIM\NoviPIM\izvoz\magento\2
00:02:47     Izvoz profila MAGENTO_STOCK_PRICES končan: 2487 vrstic v C:\Users\david\Desktop\PIM\NoviPIM\izvoz\magento\3
00:02:48     Izvoz profila MAGENTO_STOCK_PRICES končan: 0 vrstic v C:\Users\david\Desktop\PIM\NoviPIM\izvoz\magento\4
00:02:48     konec: Izvoz cen in zaloge za splet
00:02:48  Zalogovni cikel koncan; padlih korakov: 0.
00:07:26  == Zaloga NW_STOCK ==
00:07:27     SOURCE_FETCH: se ni na vrsti po razporedu; preskoceno.
00:07:28     Prebranih zapisov: 2763; SHA-256: 06158205827cd0ac8efeb3c4f00054708ed4050379f9c9da8f05bc6f33b332f1
00:07:28     STOCK_FILE pri podjetju 1: se ni na vrsti po razporedu; preskoceno.
00:07:29     Prebranih zapisov: 2763; SHA-256: 06158205827cd0ac8efeb3c4f00054708ed4050379f9c9da8f05bc6f33b332f1
00:07:29     STOCK_FILE pri podjetju 2: se ni na vrsti po razporedu; preskoceno.
00:07:30     Prebranih zapisov: 2763; SHA-256: 06158205827cd0ac8efeb3c4f00054708ed4050379f9c9da8f05bc6f33b332f1
00:07:30     STOCK_FILE pri podjetju 3: se ni na vrsti po razporedu; preskoceno.
00:07:31     Prebranih zapisov: 2763; SHA-256: 06158205827cd0ac8efeb3c4f00054708ed4050379f9c9da8f05bc6f33b332f1
00:07:31     STOCK_FILE pri podjetju 4: se ni na vrsti po razporedu; preskoceno.
00:07:31     konec: Zaloga NW_STOCK
00:07:31  == Zaloga BT_STOCK ==
00:07:32     [BT_STOCK] preskoceno: Razmik dobavitelja se tece; naslednji prenos po 3. 09. 2026 00:52.
00:07:32     Prevzem koncan: uspesno 0, neuspesno 0, skupaj virov 1.
00:07:33     Prebranih zapisov: 1389; SHA-256: 88b7c3e1f331eec94b93a68da91e45c3cb67f61785dc722e54236f147e3efb63
00:07:33     Ta posnetek je ze v bazi; vir=BT_STOCK, podjetje=1, cas posnetka=2026-09-02 16:39:55Z, uporabljenih=1389, v karanteni=0, RunId=e4912780-b225-4977-b541-4c5c7a771824. Zapisano ni bilo nic.
00:07:34     Prebranih zapisov: 1389; SHA-256: 88b7c3e1f331eec94b93a68da91e45c3cb67f61785dc722e54236f147e3efb63
00:07:34     Ta posnetek je ze v bazi; vir=BT_STOCK, podjetje=2, cas posnetka=2026-09-02 16:39:55Z, uporabljenih=1389, v karanteni=0, RunId=f1953183-3abf-42a5-91cd-1677b89581d1. Zapisano ni bilo nic.
00:07:35     Prebranih zapisov: 1389; SHA-256: 88b7c3e1f331eec94b93a68da91e45c3cb67f61785dc722e54236f147e3efb63
00:07:35     Ta posnetek je ze v bazi; vir=BT_STOCK, podjetje=3, cas posnetka=2026-09-02 16:39:55Z, uporabljenih=1389, v karanteni=0, RunId=680e3a50-81b6-4668-860d-52d0c1e429d4. Zapisano ni bilo nic.
00:07:36     Prebranih zapisov: 1389; SHA-256: 88b7c3e1f331eec94b93a68da91e45c3cb67f61785dc722e54236f147e3efb63
00:07:36     Ta posnetek je ze v bazi; vir=BT_STOCK, podjetje=4, cas posnetka=2026-09-02 16:39:55Z, uporabljenih=1389, v karanteni=0, RunId=79b3b0aa-02c9-4df1-aeae-e68412b1e9e4. Zapisano ni bilo nic.
00:07:36     konec: Zaloga BT_STOCK
00:07:36  == Zaloga iz SAOP (kolicine) ==
00:07:38     [1] SAOP_GETSTOCKS (GetStocks): skladišč=4, zapisov=16, uporabljenih=16, v karanteni=0, RunId=b006e33c-54a2-4de4-b28f-12b6d8197615.
00:07:42     [2] SAOP_GETSTOCKS (GetStocks): skladišč=1, zapisov=8734, uporabljenih=8734, v karanteni=0, RunId=0cd4e044-2fe6-4cdc-a77c-797dad9a08f7.
00:07:44     [3] SAOP_REGISTERED_VIEW (RegisteredViewData): skladišč=0, zapisov=3156, uporabljenih=3156, v karanteni=0, RunId=11611ee6-4f8f-4d9b-adbe-0088c5d56de3.
00:07:45     [4] SAOP_GETSTOCKS (GetStocks): skladišč=14, zapisov=3113, uporabljenih=3113, v karanteni=0, RunId=76993660-5953-4ddf-b432-1730c7a465e3.
00:07:45     konec: Zaloga iz SAOP (kolicine)
00:07:45  == Izvoz cen in zaloge za splet ==
00:07:47     Izvoz profila MAGENTO_STOCK_PRICES končan: 352 vrstic v C:\Users\david\Desktop\PIM\NoviPIM\izvoz\magento\1
00:07:50     Izvoz profila MAGENTO_STOCK_PRICES končan: 2071 vrstic v C:\Users\david\Desktop\PIM\NoviPIM\izvoz\magento\2
00:07:54     Izvoz profila MAGENTO_STOCK_PRICES končan: 2487 vrstic v C:\Users\david\Desktop\PIM\NoviPIM\izvoz\magento\3
00:07:55     Izvoz profila MAGENTO_STOCK_PRICES končan: 0 vrstic v C:\Users\david\Desktop\PIM\NoviPIM\izvoz\magento\4
00:07:55     konec: Izvoz cen in zaloge za splet
00:07:55  Zalogovni cikel koncan; padlih korakov: 0.
00:12:27  == Zaloga NW_STOCK ==
00:12:28     SOURCE_FETCH: se ni na vrsti po razporedu; preskoceno.
00:12:29     Prebranih zapisov: 2763; SHA-256: 06158205827cd0ac8efeb3c4f00054708ed4050379f9c9da8f05bc6f33b332f1
00:12:30     STOCK_FILE pri podjetju 1: se ni na vrsti po razporedu; preskoceno.
00:12:31     Prebranih zapisov: 2763; SHA-256: 06158205827cd0ac8efeb3c4f00054708ed4050379f9c9da8f05bc6f33b332f1
00:12:31     STOCK_FILE pri podjetju 2: se ni na vrsti po razporedu; preskoceno.
00:12:32     Prebranih zapisov: 2763; SHA-256: 06158205827cd0ac8efeb3c4f00054708ed4050379f9c9da8f05bc6f33b332f1
00:12:32     STOCK_FILE pri podjetju 3: se ni na vrsti po razporedu; preskoceno.
00:12:33     Prebranih zapisov: 2763; SHA-256: 06158205827cd0ac8efeb3c4f00054708ed4050379f9c9da8f05bc6f33b332f1
00:12:33     STOCK_FILE pri podjetju 4: se ni na vrsti po razporedu; preskoceno.
00:12:33     konec: Zaloga NW_STOCK
00:12:33  == Zaloga BT_STOCK ==
00:12:34     [BT_STOCK] preskoceno: Razmik dobavitelja se tece; naslednji prenos po 3. 09. 2026 00:52.
00:12:34     Prevzem koncan: uspesno 0, neuspesno 0, skupaj virov 1.
00:12:35     Prebranih zapisov: 1389; SHA-256: 88b7c3e1f331eec94b93a68da91e45c3cb67f61785dc722e54236f147e3efb63
00:12:35     Ta posnetek je ze v bazi; vir=BT_STOCK, podjetje=1, cas posnetka=2026-09-02 16:39:55Z, uporabljenih=1389, v karanteni=0, RunId=e4912780-b225-4977-b541-4c5c7a771824. Zapisano ni bilo nic.
00:12:36     Prebranih zapisov: 1389; SHA-256: 88b7c3e1f331eec94b93a68da91e45c3cb67f61785dc722e54236f147e3efb63
00:12:37     Ta posnetek je ze v bazi; vir=BT_STOCK, podjetje=2, cas posnetka=2026-09-02 16:39:55Z, uporabljenih=1389, v karanteni=0, RunId=f1953183-3abf-42a5-91cd-1677b89581d1. Zapisano ni bilo nic.
00:12:37     Prebranih zapisov: 1389; SHA-256: 88b7c3e1f331eec94b93a68da91e45c3cb67f61785dc722e54236f147e3efb63
00:12:38     Ta posnetek je ze v bazi; vir=BT_STOCK, podjetje=3, cas posnetka=2026-09-02 16:39:55Z, uporabljenih=1389, v karanteni=0, RunId=680e3a50-81b6-4668-860d-52d0c1e429d4. Zapisano ni bilo nic.
00:12:38     Prebranih zapisov: 1389; SHA-256: 88b7c3e1f331eec94b93a68da91e45c3cb67f61785dc722e54236f147e3efb63
00:12:39     Ta posnetek je ze v bazi; vir=BT_STOCK, podjetje=4, cas posnetka=2026-09-02 16:39:55Z, uporabljenih=1389, v karanteni=0, RunId=79b3b0aa-02c9-4df1-aeae-e68412b1e9e4. Zapisano ni bilo nic.
00:12:39     konec: Zaloga BT_STOCK
00:12:39  == Zaloga iz SAOP (kolicine) ==
00:12:40     [1] SAOP_GETSTOCKS (GetStocks): skladišč=4, zapisov=16, uporabljenih=16, v karanteni=0, RunId=110488cf-fbb7-43d7-8d43-4a48ea908044.
00:12:45     [2] SAOP_GETSTOCKS (GetStocks): skladišč=1, zapisov=8734, uporabljenih=8734, v karanteni=0, RunId=381820a9-90af-41c0-882a-17a7cf3f04b0.
00:12:47     [3] SAOP_REGISTERED_VIEW (RegisteredViewData): skladišč=0, zapisov=3156, uporabljenih=3156, v karanteni=0, RunId=8397dd96-3d28-42d6-a254-ee62248262c5.
00:12:48     [4] SAOP_GETSTOCKS (GetStocks): skladišč=14, zapisov=3113, uporabljenih=3113, v karanteni=0, RunId=e08c7f81-0ee1-47eb-be86-6b879e596792.
00:12:48     konec: Zaloga iz SAOP (kolicine)
00:12:48  == Izvoz cen in zaloge za splet ==
00:12:50     Izvoz profila MAGENTO_STOCK_PRICES končan: 352 vrstic v C:\Users\david\Desktop\PIM\NoviPIM\izvoz\magento\1
00:12:55     Izvoz profila MAGENTO_STOCK_PRICES končan: 2071 vrstic v C:\Users\david\Desktop\PIM\NoviPIM\izvoz\magento\2
00:13:15     Izvoz profila MAGENTO_STOCK_PRICES končan: 2487 vrstic v C:\Users\david\Desktop\PIM\NoviPIM\izvoz\magento\3
00:13:18     Izvoz profila MAGENTO_STOCK_PRICES končan: 0 vrstic v C:\Users\david\Desktop\PIM\NoviPIM\izvoz\magento\4
00:13:18     konec: Izvoz cen in zaloge za splet
00:13:18  Zalogovni cikel koncan; padlih korakov: 0.
00:17:27  == Zaloga NW_STOCK ==
00:17:28     SOURCE_FETCH: se ni na vrsti po razporedu; preskoceno.
00:17:28     Prebranih zapisov: 2763; SHA-256: 06158205827cd0ac8efeb3c4f00054708ed4050379f9c9da8f05bc6f33b332f1
00:17:29     STOCK_FILE pri podjetju 1: se ni na vrsti po razporedu; preskoceno.
00:17:29     Prebranih zapisov: 2763; SHA-256: 06158205827cd0ac8efeb3c4f00054708ed4050379f9c9da8f05bc6f33b332f1
00:17:30     STOCK_FILE pri podjetju 2: se ni na vrsti po razporedu; preskoceno.
00:17:32     Prebranih zapisov: 2763; SHA-256: 06158205827cd0ac8efeb3c4f00054708ed4050379f9c9da8f05bc6f33b332f1
00:17:32     STOCK_FILE pri podjetju 3: se ni na vrsti po razporedu; preskoceno.
00:17:33     Prebranih zapisov: 2763; SHA-256: 06158205827cd0ac8efeb3c4f00054708ed4050379f9c9da8f05bc6f33b332f1
00:17:33     STOCK_FILE pri podjetju 4: se ni na vrsti po razporedu; preskoceno.
00:17:33     konec: Zaloga NW_STOCK
00:17:33  == Zaloga BT_STOCK ==
00:17:34     [BT_STOCK] preskoceno: Razmik dobavitelja se tece; naslednji prenos po 3. 09. 2026 00:52.
00:17:34     Prevzem koncan: uspesno 0, neuspesno 0, skupaj virov 1.
00:17:35     Prebranih zapisov: 1389; SHA-256: 88b7c3e1f331eec94b93a68da91e45c3cb67f61785dc722e54236f147e3efb63
00:17:36     Ta posnetek je ze v bazi; vir=BT_STOCK, podjetje=1, cas posnetka=2026-09-02 16:39:55Z, uporabljenih=1389, v karanteni=0, RunId=e4912780-b225-4977-b541-4c5c7a771824. Zapisano ni bilo nic.
00:17:36     Prebranih zapisov: 1389; SHA-256: 88b7c3e1f331eec94b93a68da91e45c3cb67f61785dc722e54236f147e3efb63
00:17:37     Ta posnetek je ze v bazi; vir=BT_STOCK, podjetje=2, cas posnetka=2026-09-02 16:39:55Z, uporabljenih=1389, v karanteni=0, RunId=f1953183-3abf-42a5-91cd-1677b89581d1. Zapisano ni bilo nic.
00:17:38     Prebranih zapisov: 1389; SHA-256: 88b7c3e1f331eec94b93a68da91e45c3cb67f61785dc722e54236f147e3efb63
00:17:38     Ta posnetek je ze v bazi; vir=BT_STOCK, podjetje=3, cas posnetka=2026-09-02 16:39:55Z, uporabljenih=1389, v karanteni=0, RunId=680e3a50-81b6-4668-860d-52d0c1e429d4. Zapisano ni bilo nic.
00:17:39     Prebranih zapisov: 1389; SHA-256: 88b7c3e1f331eec94b93a68da91e45c3cb67f61785dc722e54236f147e3efb63
00:17:39     Ta posnetek je ze v bazi; vir=BT_STOCK, podjetje=4, cas posnetka=2026-09-02 16:39:55Z, uporabljenih=1389, v karanteni=0, RunId=79b3b0aa-02c9-4df1-aeae-e68412b1e9e4. Zapisano ni bilo nic.
00:17:39     konec: Zaloga BT_STOCK
00:17:39  == Zaloga iz SAOP (kolicine) ==
00:17:40     [1] SAOP_GETSTOCKS (GetStocks): skladišč=4, zapisov=16, uporabljenih=16, v karanteni=0, RunId=f7653c10-88a9-4416-a2ee-1658983315ab.
00:17:44     [2] SAOP_GETSTOCKS (GetStocks): skladišč=1, zapisov=8734, uporabljenih=8734, v karanteni=0, RunId=9b5ee26d-7177-4438-a0c2-0c6583a5dad7.
00:17:44     [3] SAOP_STOCK: se ni na vrsti po razporedu; preskoceno.
00:17:44     [4] SAOP_STOCK: se ni na vrsti po razporedu; preskoceno.
00:17:44     konec: Zaloga iz SAOP (kolicine)
00:17:45  == Izvoz cen in zaloge za splet ==
00:17:46     Izvoz profila MAGENTO_STOCK_PRICES končan: 352 vrstic v C:\Users\david\Desktop\PIM\NoviPIM\izvoz\magento\1
00:17:50     Izvoz profila MAGENTO_STOCK_PRICES končan: 2071 vrstic v C:\Users\david\Desktop\PIM\NoviPIM\izvoz\magento\2
00:17:53     Izvoz profila MAGENTO_STOCK_PRICES končan: 2487 vrstic v C:\Users\david\Desktop\PIM\NoviPIM\izvoz\magento\3
00:17:54     Izvoz profila MAGENTO_STOCK_PRICES končan: 0 vrstic v C:\Users\david\Desktop\PIM\NoviPIM\izvoz\magento\4
00:17:54     konec: Izvoz cen in zaloge za splet
00:17:54  Zalogovni cikel koncan; padlih korakov: 0.
00:22:26  == Zaloga NW_STOCK ==
00:22:27     SOURCE_FETCH: se ni na vrsti po razporedu; preskoceno.
00:22:28     Prebranih zapisov: 2763; SHA-256: 06158205827cd0ac8efeb3c4f00054708ed4050379f9c9da8f05bc6f33b332f1
00:22:28     STOCK_FILE pri podjetju 1: se ni na vrsti po razporedu; preskoceno.
00:22:29     Prebranih zapisov: 2763; SHA-256: 06158205827cd0ac8efeb3c4f00054708ed4050379f9c9da8f05bc6f33b332f1
00:22:29     STOCK_FILE pri podjetju 2: se ni na vrsti po razporedu; preskoceno.
00:22:30     Prebranih zapisov: 2763; SHA-256: 06158205827cd0ac8efeb3c4f00054708ed4050379f9c9da8f05bc6f33b332f1
00:22:30     STOCK_FILE pri podjetju 3: se ni na vrsti po razporedu; preskoceno.
00:22:31     Prebranih zapisov: 2763; SHA-256: 06158205827cd0ac8efeb3c4f00054708ed4050379f9c9da8f05bc6f33b332f1
00:22:31     STOCK_FILE pri podjetju 4: se ni na vrsti po razporedu; preskoceno.
00:22:31     konec: Zaloga NW_STOCK
00:22:31  == Zaloga BT_STOCK ==
00:22:32     SOURCE_FETCH: se ni na vrsti po razporedu; preskoceno.
00:22:33     Prebranih zapisov: 1389; SHA-256: 88b7c3e1f331eec94b93a68da91e45c3cb67f61785dc722e54236f147e3efb63
00:22:33     STOCK_FILE pri podjetju 1: se ni na vrsti po razporedu; preskoceno.
00:22:34     Prebranih zapisov: 1389; SHA-256: 88b7c3e1f331eec94b93a68da91e45c3cb67f61785dc722e54236f147e3efb63
00:22:34     STOCK_FILE pri podjetju 2: se ni na vrsti po razporedu; preskoceno.
00:22:35     Prebranih zapisov: 1389; SHA-256: 88b7c3e1f331eec94b93a68da91e45c3cb67f61785dc722e54236f147e3efb63
00:22:35     STOCK_FILE pri podjetju 3: se ni na vrsti po razporedu; preskoceno.
00:22:36     Prebranih zapisov: 1389; SHA-256: 88b7c3e1f331eec94b93a68da91e45c3cb67f61785dc722e54236f147e3efb63
00:22:36     STOCK_FILE pri podjetju 4: se ni na vrsti po razporedu; preskoceno.
00:22:36     konec: Zaloga BT_STOCK
00:22:36  == Zaloga iz SAOP (kolicine) ==
00:22:37     [1] SAOP_STOCK: se ni na vrsti po razporedu; preskoceno.
00:22:37     [2] SAOP_STOCK: se ni na vrsti po razporedu; preskoceno.
00:22:40     [3] SAOP_REGISTERED_VIEW (RegisteredViewData): skladišč=0, zapisov=3156, uporabljenih=3156, v karanteni=0, RunId=67ab91ea-6b81-42ec-9478-f4d10944cf64.
00:22:41     [4] SAOP_GETSTOCKS (GetStocks): skladišč=14, zapisov=3113, uporabljenih=3113, v karanteni=0, RunId=60608869-6ebb-4ac3-80ae-80993562dfae.
00:22:41     konec: Zaloga iz SAOP (kolicine)
00:22:41  == Izvoz cen in zaloge za splet ==
00:22:43     Izvoz profila MAGENTO_STOCK_PRICES končan: 352 vrstic v C:\Users\david\Desktop\PIM\NoviPIM\izvoz\magento\1
00:22:46     Izvoz profila MAGENTO_STOCK_PRICES končan: 2071 vrstic v C:\Users\david\Desktop\PIM\NoviPIM\izvoz\magento\2
00:22:50     Izvoz profila MAGENTO_STOCK_PRICES končan: 2487 vrstic v C:\Users\david\Desktop\PIM\NoviPIM\izvoz\magento\3
00:22:51     Izvoz profila MAGENTO_STOCK_PRICES končan: 0 vrstic v C:\Users\david\Desktop\PIM\NoviPIM\izvoz\magento\4
00:22:51     konec: Izvoz cen in zaloge za splet
00:22:51  Zalogovni cikel koncan; padlih korakov: 0.
00:27:26  == Zaloga NW_STOCK ==
00:27:28     [NW_STOCK] prevzeto 87.323 bajtov -> C:\Users\david\Desktop\PIM\NoviPIM\PIM_Solution\data\prevzem\NW_STOCK\nw-zaloga.csv
00:27:28     Prevzem koncan: uspesno 1, neuspesno 0, skupaj virov 1.
00:27:29     Prebranih zapisov: 2763; SHA-256: 175dc9ae009539b123edc7e6076027a773aac9f6532e2777b6919971feb75917
00:27:30     Zaloga zapisana; vir=NW_STOCK, podjetje=1, uporabljenih=2763, v karanteni=0, RunId=4ffa2612-a697-48f4-ab22-4fdd76d02219.
00:27:31     Prebranih zapisov: 2763; SHA-256: 175dc9ae009539b123edc7e6076027a773aac9f6532e2777b6919971feb75917
00:27:33     Zaloga zapisana; vir=NW_STOCK, podjetje=2, uporabljenih=2763, v karanteni=0, RunId=fe852c08-fe28-4b05-8c51-b4583f9ef8a5.
00:27:33     Prebranih zapisov: 2763; SHA-256: 175dc9ae009539b123edc7e6076027a773aac9f6532e2777b6919971feb75917
00:27:35     Zaloga zapisana; vir=NW_STOCK, podjetje=3, uporabljenih=2763, v karanteni=0, RunId=014795bc-baa9-4598-8e85-ca1a56394b6b.
00:27:36     Prebranih zapisov: 2763; SHA-256: 175dc9ae009539b123edc7e6076027a773aac9f6532e2777b6919971feb75917
00:27:37     Zaloga zapisana; vir=NW_STOCK, podjetje=4, uporabljenih=2763, v karanteni=0, RunId=5ddc9ea3-4711-47c8-a759-b300e2ceb505.
00:27:37     konec: Zaloga NW_STOCK
00:27:37  == Zaloga BT_STOCK ==
00:27:38     SOURCE_FETCH: se ni na vrsti po razporedu; preskoceno.
00:27:39     Prebranih zapisov: 1389; SHA-256: 88b7c3e1f331eec94b93a68da91e45c3cb67f61785dc722e54236f147e3efb63
00:27:39     STOCK_FILE pri podjetju 1: se ni na vrsti po razporedu; preskoceno.
00:27:40     Prebranih zapisov: 1389; SHA-256: 88b7c3e1f331eec94b93a68da91e45c3cb67f61785dc722e54236f147e3efb63
00:27:40     STOCK_FILE pri podjetju 2: se ni na vrsti po razporedu; preskoceno.
00:27:41     Prebranih zapisov: 1389; SHA-256: 88b7c3e1f331eec94b93a68da91e45c3cb67f61785dc722e54236f147e3efb63
00:27:41     STOCK_FILE pri podjetju 3: se ni na vrsti po razporedu; preskoceno.
00:27:42     Prebranih zapisov: 1389; SHA-256: 88b7c3e1f331eec94b93a68da91e45c3cb67f61785dc722e54236f147e3efb63
00:27:42     STOCK_FILE pri podjetju 4: se ni na vrsti po razporedu; preskoceno.
00:27:42     konec: Zaloga BT_STOCK
00:27:42  == Zaloga iz SAOP (kolicine) ==
00:27:43     [1] SAOP_GETSTOCKS (GetStocks): skladišč=4, zapisov=16, uporabljenih=16, v karanteni=0, RunId=8059dc36-5cfd-4b89-8ffa-6498a0b85d3d.
00:27:47     [2] SAOP_GETSTOCKS (GetStocks): skladišč=1, zapisov=8734, uporabljenih=8734, v karanteni=0, RunId=d80f5b36-2916-4a4f-9860-9590dbd28d24.
00:27:49     [3] SAOP_REGISTERED_VIEW (RegisteredViewData): skladišč=0, zapisov=3156, uporabljenih=3156, v karanteni=0, RunId=d9f0db8c-f2fd-44b5-9b52-2d9565d2066a.
00:27:50     [4] SAOP_GETSTOCKS (GetStocks): skladišč=14, zapisov=3113, uporabljenih=3113, v karanteni=0, RunId=962469f8-a93e-41b5-ad2b-1ef9252f15d7.
00:27:50     konec: Zaloga iz SAOP (kolicine)
00:27:50  == Izvoz cen in zaloge za splet ==
00:27:52     Izvoz profila MAGENTO_STOCK_PRICES končan: 352 vrstic v C:\Users\david\Desktop\PIM\NoviPIM\izvoz\magento\1
00:27:55     Izvoz profila MAGENTO_STOCK_PRICES končan: 2071 vrstic v C:\Users\david\Desktop\PIM\NoviPIM\izvoz\magento\2
00:27:59     Izvoz profila MAGENTO_STOCK_PRICES končan: 2487 vrstic v C:\Users\david\Desktop\PIM\NoviPIM\izvoz\magento\3
00:28:00     Izvoz profila MAGENTO_STOCK_PRICES končan: 0 vrstic v C:\Users\david\Desktop\PIM\NoviPIM\izvoz\magento\4
00:28:00     konec: Izvoz cen in zaloge za splet
00:28:00  Zalogovni cikel koncan; padlih korakov: 0.
00:32:26  == Zaloga NW_STOCK ==
00:32:27     SOURCE_FETCH: se ni na vrsti po razporedu; preskoceno.
00:32:28     Prebranih zapisov: 2763; SHA-256: 175dc9ae009539b123edc7e6076027a773aac9f6532e2777b6919971feb75917
00:32:28     STOCK_FILE pri podjetju 1: se ni na vrsti po razporedu; preskoceno.
00:32:29     Prebranih zapisov: 2763; SHA-256: 175dc9ae009539b123edc7e6076027a773aac9f6532e2777b6919971feb75917
00:32:29     STOCK_FILE pri podjetju 2: se ni na vrsti po razporedu; preskoceno.
00:32:30     Prebranih zapisov: 2763; SHA-256: 175dc9ae009539b123edc7e6076027a773aac9f6532e2777b6919971feb75917
00:32:30     STOCK_FILE pri podjetju 3: se ni na vrsti po razporedu; preskoceno.
00:32:31     Prebranih zapisov: 2763; SHA-256: 175dc9ae009539b123edc7e6076027a773aac9f6532e2777b6919971feb75917
00:32:31     STOCK_FILE pri podjetju 4: se ni na vrsti po razporedu; preskoceno.
00:32:31     konec: Zaloga NW_STOCK
00:32:31  == Zaloga BT_STOCK ==
00:32:32     [BT_STOCK] preskoceno: Razmik dobavitelja se tece; naslednji prenos po 3. 09. 2026 00:52.
00:32:32     Prevzem koncan: uspesno 0, neuspesno 0, skupaj virov 1.
00:32:33     Prebranih zapisov: 1389; SHA-256: 88b7c3e1f331eec94b93a68da91e45c3cb67f61785dc722e54236f147e3efb63
00:32:33     Ta posnetek je ze v bazi; vir=BT_STOCK, podjetje=1, cas posnetka=2026-09-02 16:39:55Z, uporabljenih=1389, v karanteni=0, RunId=e4912780-b225-4977-b541-4c5c7a771824. Zapisano ni bilo nic.
00:32:34     Prebranih zapisov: 1389; SHA-256: 88b7c3e1f331eec94b93a68da91e45c3cb67f61785dc722e54236f147e3efb63
00:32:34     Ta posnetek je ze v bazi; vir=BT_STOCK, podjetje=2, cas posnetka=2026-09-02 16:39:55Z, uporabljenih=1389, v karanteni=0, RunId=f1953183-3abf-42a5-91cd-1677b89581d1. Zapisano ni bilo nic.
00:32:35     Prebranih zapisov: 1389; SHA-256: 88b7c3e1f331eec94b93a68da91e45c3cb67f61785dc722e54236f147e3efb63
00:32:35     Ta posnetek je ze v bazi; vir=BT_STOCK, podjetje=3, cas posnetka=2026-09-02 16:39:55Z, uporabljenih=1389, v karanteni=0, RunId=680e3a50-81b6-4668-860d-52d0c1e429d4. Zapisano ni bilo nic.
00:32:36     Prebranih zapisov: 1389; SHA-256: 88b7c3e1f331eec94b93a68da91e45c3cb67f61785dc722e54236f147e3efb63
00:32:36     Ta posnetek je ze v bazi; vir=BT_STOCK, podjetje=4, cas posnetka=2026-09-02 16:39:55Z, uporabljenih=1389, v karanteni=0, RunId=79b3b0aa-02c9-4df1-aeae-e68412b1e9e4. Zapisano ni bilo nic.
00:32:36     konec: Zaloga BT_STOCK
00:32:36  == Zaloga iz SAOP (kolicine) ==
00:32:37     [1] SAOP_STOCK: se ni na vrsti po razporedu; preskoceno.
00:32:37     [2] SAOP_STOCK: se ni na vrsti po razporedu; preskoceno.
00:32:37     [3] SAOP_STOCK: se ni na vrsti po razporedu; preskoceno.
00:32:37     [4] SAOP_STOCK: se ni na vrsti po razporedu; preskoceno.
00:32:37     konec: Zaloga iz SAOP (kolicine)
00:32:37  == Izvoz cen in zaloge za splet ==
00:32:39     Izvoz profila MAGENTO_STOCK_PRICES končan: 352 vrstic v C:\Users\david\Desktop\PIM\NoviPIM\izvoz\magento\1
00:32:42     Izvoz profila MAGENTO_STOCK_PRICES končan: 2071 vrstic v C:\Users\david\Desktop\PIM\NoviPIM\izvoz\magento\2
00:32:46     Izvoz profila MAGENTO_STOCK_PRICES končan: 2487 vrstic v C:\Users\david\Desktop\PIM\NoviPIM\izvoz\magento\3
00:32:47     Izvoz profila MAGENTO_STOCK_PRICES končan: 0 vrstic v C:\Users\david\Desktop\PIM\NoviPIM\izvoz\magento\4
00:32:47     konec: Izvoz cen in zaloge za splet
00:32:47  Zalogovni cikel koncan; padlih korakov: 0.
00:37:26  == Zaloga NW_STOCK ==
00:37:27     SOURCE_FETCH: se ni na vrsti po razporedu; preskoceno.
00:37:28     Prebranih zapisov: 2763; SHA-256: 175dc9ae009539b123edc7e6076027a773aac9f6532e2777b6919971feb75917
00:37:28     STOCK_FILE pri podjetju 1: se ni na vrsti po razporedu; preskoceno.
00:37:29     Prebranih zapisov: 2763; SHA-256: 175dc9ae009539b123edc7e6076027a773aac9f6532e2777b6919971feb75917
00:37:29     STOCK_FILE pri podjetju 2: se ni na vrsti po razporedu; preskoceno.
00:37:30     Prebranih zapisov: 2763; SHA-256: 175dc9ae009539b123edc7e6076027a773aac9f6532e2777b6919971feb75917
00:37:30     STOCK_FILE pri podjetju 3: se ni na vrsti po razporedu; preskoceno.
00:37:31     Prebranih zapisov: 2763; SHA-256: 175dc9ae009539b123edc7e6076027a773aac9f6532e2777b6919971feb75917
00:37:31     STOCK_FILE pri podjetju 4: se ni na vrsti po razporedu; preskoceno.
00:37:31     konec: Zaloga NW_STOCK
00:37:31  == Zaloga BT_STOCK ==
00:37:32     [BT_STOCK] preskoceno: Razmik dobavitelja se tece; naslednji prenos po 3. 09. 2026 00:52.
00:37:32     Prevzem koncan: uspesno 0, neuspesno 0, skupaj virov 1.
00:37:33     Prebranih zapisov: 1389; SHA-256: 88b7c3e1f331eec94b93a68da91e45c3cb67f61785dc722e54236f147e3efb63
00:37:33     Ta posnetek je ze v bazi; vir=BT_STOCK, podjetje=1, cas posnetka=2026-09-02 16:39:55Z, uporabljenih=1389, v karanteni=0, RunId=e4912780-b225-4977-b541-4c5c7a771824. Zapisano ni bilo nic.
00:37:34     Prebranih zapisov: 1389; SHA-256: 88b7c3e1f331eec94b93a68da91e45c3cb67f61785dc722e54236f147e3efb63
00:37:34     Ta posnetek je ze v bazi; vir=BT_STOCK, podjetje=2, cas posnetka=2026-09-02 16:39:55Z, uporabljenih=1389, v karanteni=0, RunId=f1953183-3abf-42a5-91cd-1677b89581d1. Zapisano ni bilo nic.
00:37:35     Prebranih zapisov: 1389; SHA-256: 88b7c3e1f331eec94b93a68da91e45c3cb67f61785dc722e54236f147e3efb63
00:37:35     Ta posnetek je ze v bazi; vir=BT_STOCK, podjetje=3, cas posnetka=2026-09-02 16:39:55Z, uporabljenih=1389, v karanteni=0, RunId=680e3a50-81b6-4668-860d-52d0c1e429d4. Zapisano ni bilo nic.
00:37:36     Prebranih zapisov: 1389; SHA-256: 88b7c3e1f331eec94b93a68da91e45c3cb67f61785dc722e54236f147e3efb63
00:37:36     Ta posnetek je ze v bazi; vir=BT_STOCK, podjetje=4, cas posnetka=2026-09-02 16:39:55Z, uporabljenih=1389, v karanteni=0, RunId=79b3b0aa-02c9-4df1-aeae-e68412b1e9e4. Zapisano ni bilo nic.
00:37:36     konec: Zaloga BT_STOCK
00:37:36  == Zaloga iz SAOP (kolicine) ==
00:37:37     [1] SAOP_GETSTOCKS (GetStocks): skladišč=4, zapisov=16, uporabljenih=16, v karanteni=0, RunId=2d55e3cb-6b46-4990-a37c-7378649c5c86.
00:37:41     [2] SAOP_GETSTOCKS (GetStocks): skladišč=1, zapisov=8734, uporabljenih=8734, v karanteni=0, RunId=fded563d-a92f-4cc8-b11b-401b9215dfa9.
00:37:44     [3] SAOP_REGISTERED_VIEW (RegisteredViewData): skladišč=0, zapisov=3156, uporabljenih=3156, v karanteni=0, RunId=1b751c5e-b9a1-4dfb-ae16-019d769802c7.
00:37:45     [4] SAOP_GETSTOCKS (GetStocks): skladišč=14, zapisov=3113, uporabljenih=3113, v karanteni=0, RunId=4a911fa5-8df3-43ab-9726-b6586aa720b8.
00:37:45     konec: Zaloga iz SAOP (kolicine)
00:37:45  == Izvoz cen in zaloge za splet ==
00:37:47     Izvoz profila MAGENTO_STOCK_PRICES končan: 352 vrstic v C:\Users\david\Desktop\PIM\NoviPIM\izvoz\magento\1
00:37:50     Izvoz profila MAGENTO_STOCK_PRICES končan: 2071 vrstic v C:\Users\david\Desktop\PIM\NoviPIM\izvoz\magento\2
00:37:54     Izvoz profila MAGENTO_STOCK_PRICES končan: 2487 vrstic v C:\Users\david\Desktop\PIM\NoviPIM\izvoz\magento\3
00:37:55     Izvoz profila MAGENTO_STOCK_PRICES končan: 0 vrstic v C:\Users\david\Desktop\PIM\NoviPIM\izvoz\magento\4
00:37:55     konec: Izvoz cen in zaloge za splet
00:37:55  Zalogovni cikel koncan; padlih korakov: 0.
00:42:26  == Zaloga NW_STOCK ==
00:42:27     SOURCE_FETCH: se ni na vrsti po razporedu; preskoceno.
00:42:28     Prebranih zapisov: 2763; SHA-256: 175dc9ae009539b123edc7e6076027a773aac9f6532e2777b6919971feb75917
00:42:28     STOCK_FILE pri podjetju 1: se ni na vrsti po razporedu; preskoceno.
00:42:29     Prebranih zapisov: 2763; SHA-256: 175dc9ae009539b123edc7e6076027a773aac9f6532e2777b6919971feb75917
00:42:29     STOCK_FILE pri podjetju 2: se ni na vrsti po razporedu; preskoceno.
00:42:30     Prebranih zapisov: 2763; SHA-256: 175dc9ae009539b123edc7e6076027a773aac9f6532e2777b6919971feb75917
00:42:30     STOCK_FILE pri podjetju 3: se ni na vrsti po razporedu; preskoceno.
00:42:31     Prebranih zapisov: 2763; SHA-256: 175dc9ae009539b123edc7e6076027a773aac9f6532e2777b6919971feb75917
00:42:31     STOCK_FILE pri podjetju 4: se ni na vrsti po razporedu; preskoceno.
00:42:31     konec: Zaloga NW_STOCK
00:42:31  == Zaloga BT_STOCK ==
00:42:32     SOURCE_FETCH: se ni na vrsti po razporedu; preskoceno.
00:42:33     Prebranih zapisov: 1389; SHA-256: 88b7c3e1f331eec94b93a68da91e45c3cb67f61785dc722e54236f147e3efb63
00:42:33     STOCK_FILE pri podjetju 1: se ni na vrsti po razporedu; preskoceno.
00:42:34     Prebranih zapisov: 1389; SHA-256: 88b7c3e1f331eec94b93a68da91e45c3cb67f61785dc722e54236f147e3efb63
00:42:34     STOCK_FILE pri podjetju 2: se ni na vrsti po razporedu; preskoceno.
00:42:35     Prebranih zapisov: 1389; SHA-256: 88b7c3e1f331eec94b93a68da91e45c3cb67f61785dc722e54236f147e3efb63
00:42:35     STOCK_FILE pri podjetju 3: se ni na vrsti po razporedu; preskoceno.
00:42:36     Prebranih zapisov: 1389; SHA-256: 88b7c3e1f331eec94b93a68da91e45c3cb67f61785dc722e54236f147e3efb63
00:42:36     STOCK_FILE pri podjetju 4: se ni na vrsti po razporedu; preskoceno.
00:42:36     konec: Zaloga BT_STOCK
00:42:36  == Zaloga iz SAOP (kolicine) ==
00:42:37     [1] SAOP_STOCK: se ni na vrsti po razporedu; preskoceno.
00:42:37     [2] SAOP_STOCK: se ni na vrsti po razporedu; preskoceno.
00:42:37     [3] SAOP_STOCK: se ni na vrsti po razporedu; preskoceno.
00:42:37     [4] SAOP_STOCK: se ni na vrsti po razporedu; preskoceno.
00:42:37     konec: Zaloga iz SAOP (kolicine)
00:42:37  == Izvoz cen in zaloge za splet ==
00:42:38     Izvoz profila MAGENTO_STOCK_PRICES končan: 352 vrstic v C:\Users\david\Desktop\PIM\NoviPIM\izvoz\magento\1
00:42:42     Izvoz profila MAGENTO_STOCK_PRICES končan: 2071 vrstic v C:\Users\david\Desktop\PIM\NoviPIM\izvoz\magento\2
00:42:45     Izvoz profila MAGENTO_STOCK_PRICES končan: 2487 vrstic v C:\Users\david\Desktop\PIM\NoviPIM\izvoz\magento\3
00:42:47     Izvoz profila MAGENTO_STOCK_PRICES končan: 0 vrstic v C:\Users\david\Desktop\PIM\NoviPIM\izvoz\magento\4
00:42:47     konec: Izvoz cen in zaloge za splet
00:42:47  Zalogovni cikel koncan; padlih korakov: 0.
00:47:26  == Zaloga NW_STOCK ==
00:47:27     [NW_STOCK] preskoceno: Razmik dobavitelja se tece; naslednji prenos po 3. 09. 2026 02:27.
00:47:27     Prevzem koncan: uspesno 0, neuspesno 0, skupaj virov 1.
00:47:28     Prebranih zapisov: 2763; SHA-256: 175dc9ae009539b123edc7e6076027a773aac9f6532e2777b6919971feb75917
00:47:28     Ta posnetek je ze v bazi; vir=NW_STOCK, podjetje=1, cas posnetka=2026-09-02 22:27:28Z, uporabljenih=2763, v karanteni=0, RunId=4ffa2612-a697-48f4-ab22-4fdd76d02219. Zapisano ni bilo nic.
00:47:29     Prebranih zapisov: 2763; SHA-256: 175dc9ae009539b123edc7e6076027a773aac9f6532e2777b6919971feb75917
00:47:29     Ta posnetek je ze v bazi; vir=NW_STOCK, podjetje=2, cas posnetka=2026-09-02 22:27:28Z, uporabljenih=2763, v karanteni=0, RunId=fe852c08-fe28-4b05-8c51-b4583f9ef8a5. Zapisano ni bilo nic.
00:47:30     Prebranih zapisov: 2763; SHA-256: 175dc9ae009539b123edc7e6076027a773aac9f6532e2777b6919971feb75917
00:47:30     Ta posnetek je ze v bazi; vir=NW_STOCK, podjetje=3, cas posnetka=2026-09-02 22:27:28Z, uporabljenih=2763, v karanteni=0, RunId=014795bc-baa9-4598-8e85-ca1a56394b6b. Zapisano ni bilo nic.
00:47:31     Prebranih zapisov: 2763; SHA-256: 175dc9ae009539b123edc7e6076027a773aac9f6532e2777b6919971feb75917
00:47:31     Ta posnetek je ze v bazi; vir=NW_STOCK, podjetje=4, cas posnetka=2026-09-02 22:27:28Z, uporabljenih=2763, v karanteni=0, RunId=5ddc9ea3-4711-47c8-a759-b300e2ceb505. Zapisano ni bilo nic.
00:47:32     konec: Zaloga NW_STOCK
00:47:32  == Zaloga BT_STOCK ==
00:47:32     SOURCE_FETCH: se ni na vrsti po razporedu; preskoceno.
00:47:33     Prebranih zapisov: 1389; SHA-256: 88b7c3e1f331eec94b93a68da91e45c3cb67f61785dc722e54236f147e3efb63
00:47:33     STOCK_FILE pri podjetju 1: se ni na vrsti po razporedu; preskoceno.
00:47:34     Prebranih zapisov: 1389; SHA-256: 88b7c3e1f331eec94b93a68da91e45c3cb67f61785dc722e54236f147e3efb63
00:47:34     STOCK_FILE pri podjetju 2: se ni na vrsti po razporedu; preskoceno.
00:47:35     Prebranih zapisov: 1389; SHA-256: 88b7c3e1f331eec94b93a68da91e45c3cb67f61785dc722e54236f147e3efb63
00:47:35     STOCK_FILE pri podjetju 3: se ni na vrsti po razporedu; preskoceno.
00:47:36     Prebranih zapisov: 1389; SHA-256: 88b7c3e1f331eec94b93a68da91e45c3cb67f61785dc722e54236f147e3efb63
00:47:36     STOCK_FILE pri podjetju 4: se ni na vrsti po razporedu; preskoceno.
00:47:36     konec: Zaloga BT_STOCK
00:47:36  == Zaloga iz SAOP (kolicine) ==
00:47:37     [1] SAOP_GETSTOCKS (GetStocks): skladišč=4, zapisov=16, uporabljenih=16, v karanteni=0, RunId=4cddfb86-820a-4387-8f69-f5cb17ff7801.
00:47:41     [2] SAOP_GETSTOCKS (GetStocks): skladišč=1, zapisov=8734, uporabljenih=8734, v karanteni=0, RunId=78da9ee1-a27a-4120-b751-38d71f6d6b9a.
00:47:44     [3] SAOP_REGISTERED_VIEW (RegisteredViewData): skladišč=0, zapisov=3156, uporabljenih=3156, v karanteni=0, RunId=806992fe-030c-400f-a6ef-0361746320fc.
00:47:45     [4] SAOP_GETSTOCKS (GetStocks): skladišč=14, zapisov=3113, uporabljenih=3113, v karanteni=0, RunId=da42fd39-3217-409e-8c21-fdaec0f8c7d3.
00:47:45     konec: Zaloga iz SAOP (kolicine)
00:47:45  == Izvoz cen in zaloge za splet ==
00:47:46     Izvoz profila MAGENTO_STOCK_PRICES končan: 352 vrstic v C:\Users\david\Desktop\PIM\NoviPIM\izvoz\magento\1
00:47:50     Izvoz profila MAGENTO_STOCK_PRICES končan: 2071 vrstic v C:\Users\david\Desktop\PIM\NoviPIM\izvoz\magento\2
00:47:53     Izvoz profila MAGENTO_STOCK_PRICES končan: 2487 vrstic v C:\Users\david\Desktop\PIM\NoviPIM\izvoz\magento\3
00:47:54     Izvoz profila MAGENTO_STOCK_PRICES končan: 0 vrstic v C:\Users\david\Desktop\PIM\NoviPIM\izvoz\magento\4
00:47:55     konec: Izvoz cen in zaloge za splet
00:47:55  Zalogovni cikel koncan; padlih korakov: 0.
00:52:26  == Zaloga NW_STOCK ==
00:52:27     SOURCE_FETCH: se ni na vrsti po razporedu; preskoceno.
00:52:28     Prebranih zapisov: 2763; SHA-256: 175dc9ae009539b123edc7e6076027a773aac9f6532e2777b6919971feb75917
00:52:28     STOCK_FILE pri podjetju 1: se ni na vrsti po razporedu; preskoceno.
00:52:29     Prebranih zapisov: 2763; SHA-256: 175dc9ae009539b123edc7e6076027a773aac9f6532e2777b6919971feb75917
00:52:29     STOCK_FILE pri podjetju 2: se ni na vrsti po razporedu; preskoceno.
00:52:30     Prebranih zapisov: 2763; SHA-256: 175dc9ae009539b123edc7e6076027a773aac9f6532e2777b6919971feb75917
00:52:30     STOCK_FILE pri podjetju 3: se ni na vrsti po razporedu; preskoceno.
00:52:31     Prebranih zapisov: 2763; SHA-256: 175dc9ae009539b123edc7e6076027a773aac9f6532e2777b6919971feb75917
00:52:31     STOCK_FILE pri podjetju 4: se ni na vrsti po razporedu; preskoceno.
00:52:31     konec: Zaloga NW_STOCK
00:52:31  == Zaloga BT_STOCK ==
00:52:32     [BT_STOCK] preskoceno: Razmik dobavitelja se tece; naslednji prenos po 3. 09. 2026 00:52.
00:52:32     Prevzem koncan: uspesno 0, neuspesno 0, skupaj virov 1.
00:52:33     Prebranih zapisov: 1389; SHA-256: 88b7c3e1f331eec94b93a68da91e45c3cb67f61785dc722e54236f147e3efb63
00:52:33     Ta posnetek je ze v bazi; vir=BT_STOCK, podjetje=1, cas posnetka=2026-09-02 16:39:55Z, uporabljenih=1389, v karanteni=0, RunId=e4912780-b225-4977-b541-4c5c7a771824. Zapisano ni bilo nic.
00:52:34     Prebranih zapisov: 1389; SHA-256: 88b7c3e1f331eec94b93a68da91e45c3cb67f61785dc722e54236f147e3efb63
00:52:34     Ta posnetek je ze v bazi; vir=BT_STOCK, podjetje=2, cas posnetka=2026-09-02 16:39:55Z, uporabljenih=1389, v karanteni=0, RunId=f1953183-3abf-42a5-91cd-1677b89581d1. Zapisano ni bilo nic.
00:52:35     Prebranih zapisov: 1389; SHA-256: 88b7c3e1f331eec94b93a68da91e45c3cb67f61785dc722e54236f147e3efb63
00:52:35     Ta posnetek je ze v bazi; vir=BT_STOCK, podjetje=3, cas posnetka=2026-09-02 16:39:55Z, uporabljenih=1389, v karanteni=0, RunId=680e3a50-81b6-4668-860d-52d0c1e429d4. Zapisano ni bilo nic.
00:52:36     Prebranih zapisov: 1389; SHA-256: 88b7c3e1f331eec94b93a68da91e45c3cb67f61785dc722e54236f147e3efb63
00:52:36     Ta posnetek je ze v bazi; vir=BT_STOCK, podjetje=4, cas posnetka=2026-09-02 16:39:55Z, uporabljenih=1389, v karanteni=0, RunId=79b3b0aa-02c9-4df1-aeae-e68412b1e9e4. Zapisano ni bilo nic.
00:52:36     konec: Zaloga BT_STOCK
00:52:36  == Zaloga iz SAOP (kolicine) ==
00:52:37     [1] SAOP_STOCK: se ni na vrsti po razporedu; preskoceno.
00:52:37     [2] SAOP_STOCK: se ni na vrsti po razporedu; preskoceno.
00:52:37     [3] SAOP_STOCK: se ni na vrsti po razporedu; preskoceno.
00:52:37     [4] SAOP_STOCK: se ni na vrsti po razporedu; preskoceno.
00:52:37     konec: Zaloga iz SAOP (kolicine)
00:52:37  == Izvoz cen in zaloge za splet ==
00:52:39     Izvoz profila MAGENTO_STOCK_PRICES končan: 352 vrstic v C:\Users\david\Desktop\PIM\NoviPIM\izvoz\magento\1
00:52:42     Izvoz profila MAGENTO_STOCK_PRICES končan: 2071 vrstic v C:\Users\david\Desktop\PIM\NoviPIM\izvoz\magento\2
00:52:46     Izvoz profila MAGENTO_STOCK_PRICES končan: 2487 vrstic v C:\Users\david\Desktop\PIM\NoviPIM\izvoz\magento\3
00:52:47     Izvoz profila MAGENTO_STOCK_PRICES končan: 0 vrstic v C:\Users\david\Desktop\PIM\NoviPIM\izvoz\magento\4
00:52:47     konec: Izvoz cen in zaloge za splet
00:52:47  Zalogovni cikel koncan; padlih korakov: 0.
00:57:26  == Zaloga NW_STOCK ==
00:57:27     SOURCE_FETCH: se ni na vrsti po razporedu; preskoceno.
00:57:28     Prebranih zapisov: 2763; SHA-256: 175dc9ae009539b123edc7e6076027a773aac9f6532e2777b6919971feb75917
00:57:28     STOCK_FILE pri podjetju 1: se ni na vrsti po razporedu; preskoceno.
00:57:29     Prebranih zapisov: 2763; SHA-256: 175dc9ae009539b123edc7e6076027a773aac9f6532e2777b6919971feb75917
00:57:29     STOCK_FILE pri podjetju 2: se ni na vrsti po razporedu; preskoceno.
00:57:30     Prebranih zapisov: 2763; SHA-256: 175dc9ae009539b123edc7e6076027a773aac9f6532e2777b6919971feb75917
00:57:30     STOCK_FILE pri podjetju 3: se ni na vrsti po razporedu; preskoceno.
00:57:31     Prebranih zapisov: 2763; SHA-256: 175dc9ae009539b123edc7e6076027a773aac9f6532e2777b6919971feb75917
00:57:31     STOCK_FILE pri podjetju 4: se ni na vrsti po razporedu; preskoceno.
00:57:31     konec: Zaloga NW_STOCK
00:57:31  == Zaloga BT_STOCK ==
00:57:32     SOURCE_FETCH: se ni na vrsti po razporedu; preskoceno.
00:57:33     Prebranih zapisov: 1389; SHA-256: 88b7c3e1f331eec94b93a68da91e45c3cb67f61785dc722e54236f147e3efb63
00:57:33     STOCK_FILE pri podjetju 1: se ni na vrsti po razporedu; preskoceno.
00:57:34     Prebranih zapisov: 1389; SHA-256: 88b7c3e1f331eec94b93a68da91e45c3cb67f61785dc722e54236f147e3efb63
00:57:34     STOCK_FILE pri podjetju 2: se ni na vrsti po razporedu; preskoceno.
00:57:35     Prebranih zapisov: 1389; SHA-256: 88b7c3e1f331eec94b93a68da91e45c3cb67f61785dc722e54236f147e3efb63
00:57:35     STOCK_FILE pri podjetju 3: se ni na vrsti po razporedu; preskoceno.
00:57:36     Prebranih zapisov: 1389; SHA-256: 88b7c3e1f331eec94b93a68da91e45c3cb67f61785dc722e54236f147e3efb63
00:57:36     STOCK_FILE pri podjetju 4: se ni na vrsti po razporedu; preskoceno.
00:57:36     konec: Zaloga BT_STOCK
00:57:36  == Zaloga iz SAOP (kolicine) ==
00:57:37     [1] SAOP_GETSTOCKS (GetStocks): skladišč=4, zapisov=16, uporabljenih=16, v karanteni=0, RunId=bbb7e00c-7db3-4a6c-999b-617593e67abe.
00:57:41     [2] SAOP_GETSTOCKS (GetStocks): skladišč=1, zapisov=8734, uporabljenih=8734, v karanteni=0, RunId=23d94b5d-040d-4ca5-a5ba-7c1abf8a3a47.
00:57:47     [3] SAOP_REGISTERED_VIEW (RegisteredViewData): skladišč=0, zapisov=3156, uporabljenih=3156, v karanteni=0, RunId=1aa80c72-24c2-4b1d-90ee-b2dce36021c8.
00:57:49     [4] SAOP_GETSTOCKS (GetStocks): skladišč=14, zapisov=3113, uporabljenih=3113, v karanteni=0, RunId=c8676195-bfdc-4fc3-b1d3-5138d16b89f3.
00:57:49     konec: Zaloga iz SAOP (kolicine)
00:57:49  == Izvoz cen in zaloge za splet ==
00:57:50     Izvoz profila MAGENTO_STOCK_PRICES končan: 352 vrstic v C:\Users\david\Desktop\PIM\NoviPIM\izvoz\magento\1
00:57:54     Izvoz profila MAGENTO_STOCK_PRICES končan: 2071 vrstic v C:\Users\david\Desktop\PIM\NoviPIM\izvoz\magento\2
00:57:57     Izvoz profila MAGENTO_STOCK_PRICES končan: 2487 vrstic v C:\Users\david\Desktop\PIM\NoviPIM\izvoz\magento\3
00:57:59     Izvoz profila MAGENTO_STOCK_PRICES končan: 0 vrstic v C:\Users\david\Desktop\PIM\NoviPIM\izvoz\magento\4
00:57:59     konec: Izvoz cen in zaloge za splet
00:57:59  Zalogovni cikel koncan; padlih korakov: 0.
01:02:27  == Zaloga NW_STOCK ==
01:02:28     [NW_STOCK] preskoceno: Razmik dobavitelja se tece; naslednji prenos po 3. 09. 2026 02:27.
01:02:28     Prevzem koncan: uspesno 0, neuspesno 0, skupaj virov 1.
01:02:29     Prebranih zapisov: 2763; SHA-256: 175dc9ae009539b123edc7e6076027a773aac9f6532e2777b6919971feb75917
01:02:29     Ta posnetek je ze v bazi; vir=NW_STOCK, podjetje=1, cas posnetka=2026-09-02 22:27:28Z, uporabljenih=2763, v karanteni=0, RunId=4ffa2612-a697-48f4-ab22-4fdd76d02219. Zapisano ni bilo nic.
01:02:30     Prebranih zapisov: 2763; SHA-256: 175dc9ae009539b123edc7e6076027a773aac9f6532e2777b6919971feb75917
01:02:30     Ta posnetek je ze v bazi; vir=NW_STOCK, podjetje=2, cas posnetka=2026-09-02 22:27:28Z, uporabljenih=2763, v karanteni=0, RunId=fe852c08-fe28-4b05-8c51-b4583f9ef8a5. Zapisano ni bilo nic.
01:02:31     Prebranih zapisov: 2763; SHA-256: 175dc9ae009539b123edc7e6076027a773aac9f6532e2777b6919971feb75917
01:02:31     Ta posnetek je ze v bazi; vir=NW_STOCK, podjetje=3, cas posnetka=2026-09-02 22:27:28Z, uporabljenih=2763, v karanteni=0, RunId=014795bc-baa9-4598-8e85-ca1a56394b6b. Zapisano ni bilo nic.
01:02:32     Prebranih zapisov: 2763; SHA-256: 175dc9ae009539b123edc7e6076027a773aac9f6532e2777b6919971feb75917
01:02:32     Ta posnetek je ze v bazi; vir=NW_STOCK, podjetje=4, cas posnetka=2026-09-02 22:27:28Z, uporabljenih=2763, v karanteni=0, RunId=5ddc9ea3-4711-47c8-a759-b300e2ceb505. Zapisano ni bilo nic.
01:02:32     konec: Zaloga NW_STOCK
01:02:32  == Zaloga BT_STOCK ==
01:02:33     SOURCE_FETCH: se ni na vrsti po razporedu; preskoceno.
01:02:34     Prebranih zapisov: 1389; SHA-256: 88b7c3e1f331eec94b93a68da91e45c3cb67f61785dc722e54236f147e3efb63
01:02:34     STOCK_FILE pri podjetju 1: se ni na vrsti po razporedu; preskoceno.
01:02:35     Prebranih zapisov: 1389; SHA-256: 88b7c3e1f331eec94b93a68da91e45c3cb67f61785dc722e54236f147e3efb63
01:02:35     STOCK_FILE pri podjetju 2: se ni na vrsti po razporedu; preskoceno.
01:02:36     Prebranih zapisov: 1389; SHA-256: 88b7c3e1f331eec94b93a68da91e45c3cb67f61785dc722e54236f147e3efb63
01:02:36     STOCK_FILE pri podjetju 3: se ni na vrsti po razporedu; preskoceno.
01:02:37     Prebranih zapisov: 1389; SHA-256: 88b7c3e1f331eec94b93a68da91e45c3cb67f61785dc722e54236f147e3efb63
01:02:37     STOCK_FILE pri podjetju 4: se ni na vrsti po razporedu; preskoceno.
01:02:37     konec: Zaloga BT_STOCK
01:02:37  == Zaloga iz SAOP (kolicine) ==
01:02:38     [1] SAOP_GETSTOCKS (GetStocks): skladišč=4, zapisov=16, uporabljenih=16, v karanteni=0, RunId=38ed365e-38f3-4e91-b1e9-4922cd1baa99.
01:02:43     [2] SAOP_GETSTOCKS (GetStocks): skladišč=1, zapisov=8734, uporabljenih=8734, v karanteni=0, RunId=2dcce040-76d1-4a4d-b69b-a4388c4a50ea.
01:02:49     [3] SAOP_REGISTERED_VIEW (RegisteredViewData): skladišč=0, zapisov=3156, uporabljenih=3156, v karanteni=0, RunId=964a7681-7d22-4466-be49-8f07f1724f42.
01:02:51     [4] SAOP_GETSTOCKS (GetStocks): skladišč=14, zapisov=3113, uporabljenih=3113, v karanteni=0, RunId=04991f37-fe85-473f-a45c-4f0e949fe3ed.
01:02:51     konec: Zaloga iz SAOP (kolicine)
01:02:51  == Izvoz cen in zaloge za splet ==
01:02:53     Izvoz profila MAGENTO_STOCK_PRICES končan: 352 vrstic v C:\Users\david\Desktop\PIM\NoviPIM\izvoz\magento\1
01:02:56     Izvoz profila MAGENTO_STOCK_PRICES končan: 2071 vrstic v C:\Users\david\Desktop\PIM\NoviPIM\izvoz\magento\2
01:03:00     Izvoz profila MAGENTO_STOCK_PRICES končan: 2487 vrstic v C:\Users\david\Desktop\PIM\NoviPIM\izvoz\magento\3
01:03:01     Izvoz profila MAGENTO_STOCK_PRICES končan: 0 vrstic v C:\Users\david\Desktop\PIM\NoviPIM\izvoz\magento\4
01:03:01     konec: Izvoz cen in zaloge za splet
01:03:01  Zalogovni cikel koncan; padlih korakov: 0.
01:07:26  == Zaloga NW_STOCK ==
01:07:27     SOURCE_FETCH: se ni na vrsti po razporedu; preskoceno.
01:07:28     Prebranih zapisov: 2763; SHA-256: 175dc9ae009539b123edc7e6076027a773aac9f6532e2777b6919971feb75917
01:07:28     STOCK_FILE pri podjetju 1: se ni na vrsti po razporedu; preskoceno.
01:07:29     Prebranih zapisov: 2763; SHA-256: 175dc9ae009539b123edc7e6076027a773aac9f6532e2777b6919971feb75917
01:07:29     STOCK_FILE pri podjetju 2: se ni na vrsti po razporedu; preskoceno.
01:07:30     Prebranih zapisov: 2763; SHA-256: 175dc9ae009539b123edc7e6076027a773aac9f6532e2777b6919971feb75917
01:07:30     STOCK_FILE pri podjetju 3: se ni na vrsti po razporedu; preskoceno.
01:07:31     Prebranih zapisov: 2763; SHA-256: 175dc9ae009539b123edc7e6076027a773aac9f6532e2777b6919971feb75917
01:07:31     STOCK_FILE pri podjetju 4: se ni na vrsti po razporedu; preskoceno.
01:07:31     konec: Zaloga NW_STOCK
01:07:31  == Zaloga BT_STOCK ==
01:07:34     [BT_STOCK] preskoceno: Dobaviteljeva datoteka je nespremenjena; obdrzimo prejsnjo.
01:07:34     Prevzem koncan: uspesno 0, neuspesno 0, skupaj virov 1.
01:07:35     Prebranih zapisov: 1389; SHA-256: 88b7c3e1f331eec94b93a68da91e45c3cb67f61785dc722e54236f147e3efb63
01:07:35     Ta posnetek je ze v bazi; vir=BT_STOCK, podjetje=1, cas posnetka=2026-09-02 16:39:55Z, uporabljenih=1389, v karanteni=0, RunId=e4912780-b225-4977-b541-4c5c7a771824. Zapisano ni bilo nic.
01:07:36     Prebranih zapisov: 1389; SHA-256: 88b7c3e1f331eec94b93a68da91e45c3cb67f61785dc722e54236f147e3efb63
01:07:36     Ta posnetek je ze v bazi; vir=BT_STOCK, podjetje=2, cas posnetka=2026-09-02 16:39:55Z, uporabljenih=1389, v karanteni=0, RunId=f1953183-3abf-42a5-91cd-1677b89581d1. Zapisano ni bilo nic.
01:07:37     Prebranih zapisov: 1389; SHA-256: 88b7c3e1f331eec94b93a68da91e45c3cb67f61785dc722e54236f147e3efb63
01:07:37     Ta posnetek je ze v bazi; vir=BT_STOCK, podjetje=3, cas posnetka=2026-09-02 16:39:55Z, uporabljenih=1389, v karanteni=0, RunId=680e3a50-81b6-4668-860d-52d0c1e429d4. Zapisano ni bilo nic.
01:07:38     Prebranih zapisov: 1389; SHA-256: 88b7c3e1f331eec94b93a68da91e45c3cb67f61785dc722e54236f147e3efb63
01:07:38     Ta posnetek je ze v bazi; vir=BT_STOCK, podjetje=4, cas posnetka=2026-09-02 16:39:55Z, uporabljenih=1389, v karanteni=0, RunId=79b3b0aa-02c9-4df1-aeae-e68412b1e9e4. Zapisano ni bilo nic.
01:07:38     konec: Zaloga BT_STOCK
01:07:38  == Zaloga iz SAOP (kolicine) ==
01:07:39     [1] SAOP_GETSTOCKS (GetStocks): skladišč=4, zapisov=16, uporabljenih=16, v karanteni=0, RunId=e12d81e7-ed4b-4183-8117-9e9d0c1d9807.
01:07:43     [2] SAOP_GETSTOCKS (GetStocks): skladišč=1, zapisov=8734, uporabljenih=8734, v karanteni=0, RunId=fcdbfc23-ddc9-4e17-b631-a02852563548.
01:07:45     [3] SAOP_REGISTERED_VIEW (RegisteredViewData): skladišč=0, zapisov=3156, uporabljenih=3156, v karanteni=0, RunId=357ecd67-0028-4390-9637-1d5140981aa9.
01:07:45     [4] SAOP_STOCK: se ni na vrsti po razporedu; preskoceno.
01:07:45     konec: Zaloga iz SAOP (kolicine)
01:07:45  == Izvoz cen in zaloge za splet ==
01:07:47     Izvoz profila MAGENTO_STOCK_PRICES končan: 352 vrstic v C:\Users\david\Desktop\PIM\NoviPIM\izvoz\magento\1
01:07:50     Izvoz profila MAGENTO_STOCK_PRICES končan: 2071 vrstic v C:\Users\david\Desktop\PIM\NoviPIM\izvoz\magento\2
01:07:54     Izvoz profila MAGENTO_STOCK_PRICES končan: 2487 vrstic v C:\Users\david\Desktop\PIM\NoviPIM\izvoz\magento\3
01:07:55     Izvoz profila MAGENTO_STOCK_PRICES končan: 0 vrstic v C:\Users\david\Desktop\PIM\NoviPIM\izvoz\magento\4
01:07:55     konec: Izvoz cen in zaloge za splet
01:07:55  Zalogovni cikel koncan; padlih korakov: 0.
01:12:26  == Zaloga NW_STOCK ==
01:12:27     SOURCE_FETCH: se ni na vrsti po razporedu; preskoceno.
01:12:28     Prebranih zapisov: 2763; SHA-256: 175dc9ae009539b123edc7e6076027a773aac9f6532e2777b6919971feb75917
01:12:28     STOCK_FILE pri podjetju 1: se ni na vrsti po razporedu; preskoceno.
01:12:29     Prebranih zapisov: 2763; SHA-256: 175dc9ae009539b123edc7e6076027a773aac9f6532e2777b6919971feb75917
01:12:29     STOCK_FILE pri podjetju 2: se ni na vrsti po razporedu; preskoceno.
01:12:30     Prebranih zapisov: 2763; SHA-256: 175dc9ae009539b123edc7e6076027a773aac9f6532e2777b6919971feb75917
01:12:30     STOCK_FILE pri podjetju 3: se ni na vrsti po razporedu; preskoceno.
01:12:31     Prebranih zapisov: 2763; SHA-256: 175dc9ae009539b123edc7e6076027a773aac9f6532e2777b6919971feb75917
01:12:31     STOCK_FILE pri podjetju 4: se ni na vrsti po razporedu; preskoceno.
01:12:31     konec: Zaloga NW_STOCK
01:12:31  == Zaloga BT_STOCK ==
01:12:32     SOURCE_FETCH: se ni na vrsti po razporedu; preskoceno.
01:12:33     Prebranih zapisov: 1389; SHA-256: 88b7c3e1f331eec94b93a68da91e45c3cb67f61785dc722e54236f147e3efb63
01:12:33     STOCK_FILE pri podjetju 1: se ni na vrsti po razporedu; preskoceno.
01:12:34     Prebranih zapisov: 1389; SHA-256: 88b7c3e1f331eec94b93a68da91e45c3cb67f61785dc722e54236f147e3efb63
01:12:34     STOCK_FILE pri podjetju 2: se ni na vrsti po razporedu; preskoceno.
01:12:35     Prebranih zapisov: 1389; SHA-256: 88b7c3e1f331eec94b93a68da91e45c3cb67f61785dc722e54236f147e3efb63
01:12:35     STOCK_FILE pri podjetju 3: se ni na vrsti po razporedu; preskoceno.
01:12:36     Prebranih zapisov: 1389; SHA-256: 88b7c3e1f331eec94b93a68da91e45c3cb67f61785dc722e54236f147e3efb63
01:12:36     STOCK_FILE pri podjetju 4: se ni na vrsti po razporedu; preskoceno.
01:12:36     konec: Zaloga BT_STOCK
01:12:36  == Zaloga iz SAOP (kolicine) ==
01:12:37     [1] SAOP_STOCK: se ni na vrsti po razporedu; preskoceno.
01:12:37     [2] SAOP_STOCK: se ni na vrsti po razporedu; preskoceno.
01:12:37     [3] SAOP_STOCK: se ni na vrsti po razporedu; preskoceno.
01:12:39     [4] SAOP_GETSTOCKS (GetStocks): skladišč=14, zapisov=3113, uporabljenih=3113, v karanteni=0, RunId=9dd25263-c94b-4c0f-a55e-78093a4fae8a.
01:12:39     konec: Zaloga iz SAOP (kolicine)
01:12:39  == Izvoz cen in zaloge za splet ==
01:12:40     Izvoz profila MAGENTO_STOCK_PRICES končan: 352 vrstic v C:\Users\david\Desktop\PIM\NoviPIM\izvoz\magento\1
01:12:44     Izvoz profila MAGENTO_STOCK_PRICES končan: 2071 vrstic v C:\Users\david\Desktop\PIM\NoviPIM\izvoz\magento\2
01:12:47     Izvoz profila MAGENTO_STOCK_PRICES končan: 2487 vrstic v C:\Users\david\Desktop\PIM\NoviPIM\izvoz\magento\3
01:12:48     Izvoz profila MAGENTO_STOCK_PRICES končan: 0 vrstic v C:\Users\david\Desktop\PIM\NoviPIM\izvoz\magento\4
01:12:48     konec: Izvoz cen in zaloge za splet
01:12:48  Zalogovni cikel koncan; padlih korakov: 0.
01:17:26  == Zaloga NW_STOCK ==
01:17:27     [NW_STOCK] preskoceno: Razmik dobavitelja se tece; naslednji prenos po 3. 09. 2026 02:27.
01:17:27     Prevzem koncan: uspesno 0, neuspesno 0, skupaj virov 1.
01:17:28     Prebranih zapisov: 2763; SHA-256: 175dc9ae009539b123edc7e6076027a773aac9f6532e2777b6919971feb75917
01:17:28     Ta posnetek je ze v bazi; vir=NW_STOCK, podjetje=1, cas posnetka=2026-09-02 22:27:28Z, uporabljenih=2763, v karanteni=0, RunId=4ffa2612-a697-48f4-ab22-4fdd76d02219. Zapisano ni bilo nic.
01:17:29     Prebranih zapisov: 2763; SHA-256: 175dc9ae009539b123edc7e6076027a773aac9f6532e2777b6919971feb75917
01:17:30     Ta posnetek je ze v bazi; vir=NW_STOCK, podjetje=2, cas posnetka=2026-09-02 22:27:28Z, uporabljenih=2763, v karanteni=0, RunId=fe852c08-fe28-4b05-8c51-b4583f9ef8a5. Zapisano ni bilo nic.
01:17:30     Prebranih zapisov: 2763; SHA-256: 175dc9ae009539b123edc7e6076027a773aac9f6532e2777b6919971feb75917
01:17:31     Ta posnetek je ze v bazi; vir=NW_STOCK, podjetje=3, cas posnetka=2026-09-02 22:27:28Z, uporabljenih=2763, v karanteni=0, RunId=014795bc-baa9-4598-8e85-ca1a56394b6b. Zapisano ni bilo nic.
01:17:31     Prebranih zapisov: 2763; SHA-256: 175dc9ae009539b123edc7e6076027a773aac9f6532e2777b6919971feb75917
01:17:32     Ta posnetek je ze v bazi; vir=NW_STOCK, podjetje=4, cas posnetka=2026-09-02 22:27:28Z, uporabljenih=2763, v karanteni=0, RunId=5ddc9ea3-4711-47c8-a759-b300e2ceb505. Zapisano ni bilo nic.
01:17:32     konec: Zaloga NW_STOCK
01:17:32  == Zaloga BT_STOCK ==
01:17:32     SOURCE_FETCH: se ni na vrsti po razporedu; preskoceno.
01:17:33     Prebranih zapisov: 1389; SHA-256: 88b7c3e1f331eec94b93a68da91e45c3cb67f61785dc722e54236f147e3efb63
01:17:33     STOCK_FILE pri podjetju 1: se ni na vrsti po razporedu; preskoceno.
01:17:34     Prebranih zapisov: 1389; SHA-256: 88b7c3e1f331eec94b93a68da91e45c3cb67f61785dc722e54236f147e3efb63
01:17:34     STOCK_FILE pri podjetju 2: se ni na vrsti po razporedu; preskoceno.
01:17:35     Prebranih zapisov: 1389; SHA-256: 88b7c3e1f331eec94b93a68da91e45c3cb67f61785dc722e54236f147e3efb63
01:17:35     STOCK_FILE pri podjetju 3: se ni na vrsti po razporedu; preskoceno.
01:17:36     Prebranih zapisov: 1389; SHA-256: 88b7c3e1f331eec94b93a68da91e45c3cb67f61785dc722e54236f147e3efb63
01:17:36     STOCK_FILE pri podjetju 4: se ni na vrsti po razporedu; preskoceno.
01:17:36     konec: Zaloga BT_STOCK
01:17:36  == Zaloga iz SAOP (kolicine) ==
01:17:38     [1] SAOP_GETSTOCKS (GetStocks): skladišč=4, zapisov=16, uporabljenih=16, v karanteni=0, RunId=141109bc-18ee-4035-9f54-47d98510e5d5.
01:17:41     [2] SAOP_GETSTOCKS (GetStocks): skladišč=1, zapisov=8734, uporabljenih=8734, v karanteni=0, RunId=584b4ba7-7b41-4a33-a864-add4c49f70e6.
01:17:44     [3] SAOP_REGISTERED_VIEW (RegisteredViewData): skladišč=0, zapisov=3156, uporabljenih=3156, v karanteni=0, RunId=07c24586-0ba6-48d2-b6a0-846e03849ffc.
01:17:45     [4] SAOP_GETSTOCKS (GetStocks): skladišč=14, zapisov=3113, uporabljenih=3113, v karanteni=0, RunId=4b06df87-b35b-40a5-b435-b4bff1c61a78.
01:17:45     konec: Zaloga iz SAOP (kolicine)
01:17:45  == Izvoz cen in zaloge za splet ==
01:17:47     Izvoz profila MAGENTO_STOCK_PRICES končan: 352 vrstic v C:\Users\david\Desktop\PIM\NoviPIM\izvoz\magento\1
01:17:50     Izvoz profila MAGENTO_STOCK_PRICES končan: 2071 vrstic v C:\Users\david\Desktop\PIM\NoviPIM\izvoz\magento\2
01:17:54     Izvoz profila MAGENTO_STOCK_PRICES končan: 2487 vrstic v C:\Users\david\Desktop\PIM\NoviPIM\izvoz\magento\3
01:17:55     Izvoz profila MAGENTO_STOCK_PRICES končan: 0 vrstic v C:\Users\david\Desktop\PIM\NoviPIM\izvoz\magento\4
01:17:55     konec: Izvoz cen in zaloge za splet
01:17:55  Zalogovni cikel koncan; padlih korakov: 0.
01:22:26  == Zaloga NW_STOCK ==
01:22:27     SOURCE_FETCH: se ni na vrsti po razporedu; preskoceno.
01:22:28     Prebranih zapisov: 2763; SHA-256: 175dc9ae009539b123edc7e6076027a773aac9f6532e2777b6919971feb75917
01:22:28     STOCK_FILE pri podjetju 1: se ni na vrsti po razporedu; preskoceno.
01:22:29     Prebranih zapisov: 2763; SHA-256: 175dc9ae009539b123edc7e6076027a773aac9f6532e2777b6919971feb75917
01:22:29     STOCK_FILE pri podjetju 2: se ni na vrsti po razporedu; preskoceno.
01:22:30     Prebranih zapisov: 2763; SHA-256: 175dc9ae009539b123edc7e6076027a773aac9f6532e2777b6919971feb75917
01:22:30     STOCK_FILE pri podjetju 3: se ni na vrsti po razporedu; preskoceno.
01:22:31     Prebranih zapisov: 2763; SHA-256: 175dc9ae009539b123edc7e6076027a773aac9f6532e2777b6919971feb75917
01:22:31     STOCK_FILE pri podjetju 4: se ni na vrsti po razporedu; preskoceno.
01:22:31     konec: Zaloga NW_STOCK
01:22:31  == Zaloga BT_STOCK ==
01:22:32     [BT_STOCK] preskoceno: Razmik dobavitelja se tece; naslednji prenos po 3. 09. 2026 04:07.
01:22:32     Prevzem koncan: uspesno 0, neuspesno 0, skupaj virov 1.
01:22:33     Prebranih zapisov: 1389; SHA-256: 88b7c3e1f331eec94b93a68da91e45c3cb67f61785dc722e54236f147e3efb63
01:22:33     Ta posnetek je ze v bazi; vir=BT_STOCK, podjetje=1, cas posnetka=2026-09-02 16:39:55Z, uporabljenih=1389, v karanteni=0, RunId=e4912780-b225-4977-b541-4c5c7a771824. Zapisano ni bilo nic.
01:22:34     Prebranih zapisov: 1389; SHA-256: 88b7c3e1f331eec94b93a68da91e45c3cb67f61785dc722e54236f147e3efb63
01:22:34     Ta posnetek je ze v bazi; vir=BT_STOCK, podjetje=2, cas posnetka=2026-09-02 16:39:55Z, uporabljenih=1389, v karanteni=0, RunId=f1953183-3abf-42a5-91cd-1677b89581d1. Zapisano ni bilo nic.
01:22:35     Prebranih zapisov: 1389; SHA-256: 88b7c3e1f331eec94b93a68da91e45c3cb67f61785dc722e54236f147e3efb63
01:22:35     Ta posnetek je ze v bazi; vir=BT_STOCK, podjetje=3, cas posnetka=2026-09-02 16:39:55Z, uporabljenih=1389, v karanteni=0, RunId=680e3a50-81b6-4668-860d-52d0c1e429d4. Zapisano ni bilo nic.
01:22:36     Prebranih zapisov: 1389; SHA-256: 88b7c3e1f331eec94b93a68da91e45c3cb67f61785dc722e54236f147e3efb63
01:22:36     Ta posnetek je ze v bazi; vir=BT_STOCK, podjetje=4, cas posnetka=2026-09-02 16:39:55Z, uporabljenih=1389, v karanteni=0, RunId=79b3b0aa-02c9-4df1-aeae-e68412b1e9e4. Zapisano ni bilo nic.
01:22:36     konec: Zaloga BT_STOCK
01:22:36  == Zaloga iz SAOP (kolicine) ==
01:22:37     [1] SAOP_STOCK: se ni na vrsti po razporedu; preskoceno.
01:22:37     [2] SAOP_STOCK: se ni na vrsti po razporedu; preskoceno.
01:22:37     [3] SAOP_STOCK: se ni na vrsti po razporedu; preskoceno.
01:22:37     [4] SAOP_STOCK: se ni na vrsti po razporedu; preskoceno.
01:22:37     konec: Zaloga iz SAOP (kolicine)
01:22:37  == Izvoz cen in zaloge za splet ==
01:22:39     Izvoz profila MAGENTO_STOCK_PRICES končan: 352 vrstic v C:\Users\david\Desktop\PIM\NoviPIM\izvoz\magento\1
01:22:42     Izvoz profila MAGENTO_STOCK_PRICES končan: 2071 vrstic v C:\Users\david\Desktop\PIM\NoviPIM\izvoz\magento\2
01:22:46     Izvoz profila MAGENTO_STOCK_PRICES končan: 2487 vrstic v C:\Users\david\Desktop\PIM\NoviPIM\izvoz\magento\3
01:22:47     Izvoz profila MAGENTO_STOCK_PRICES končan: 0 vrstic v C:\Users\david\Desktop\PIM\NoviPIM\izvoz\magento\4
01:22:47     konec: Izvoz cen in zaloge za splet
01:22:47  Zalogovni cikel koncan; padlih korakov: 0.
01:27:27  == Zaloga NW_STOCK ==
01:27:27     SOURCE_FETCH: se ni na vrsti po razporedu; preskoceno.
01:27:28     Prebranih zapisov: 2763; SHA-256: 175dc9ae009539b123edc7e6076027a773aac9f6532e2777b6919971feb75917
01:27:28     STOCK_FILE pri podjetju 1: se ni na vrsti po razporedu; preskoceno.
01:27:29     Prebranih zapisov: 2763; SHA-256: 175dc9ae009539b123edc7e6076027a773aac9f6532e2777b6919971feb75917
01:27:29     STOCK_FILE pri podjetju 2: se ni na vrsti po razporedu; preskoceno.
01:27:30     Prebranih zapisov: 2763; SHA-256: 175dc9ae009539b123edc7e6076027a773aac9f6532e2777b6919971feb75917
01:27:30     STOCK_FILE pri podjetju 3: se ni na vrsti po razporedu; preskoceno.
01:27:31     Prebranih zapisov: 2763; SHA-256: 175dc9ae009539b123edc7e6076027a773aac9f6532e2777b6919971feb75917
01:27:31     STOCK_FILE pri podjetju 4: se ni na vrsti po razporedu; preskoceno.
01:27:31     konec: Zaloga NW_STOCK
01:27:31  == Zaloga BT_STOCK ==
01:27:32     SOURCE_FETCH: se ni na vrsti po razporedu; preskoceno.
01:27:33     Prebranih zapisov: 1389; SHA-256: 88b7c3e1f331eec94b93a68da91e45c3cb67f61785dc722e54236f147e3efb63
01:27:33     STOCK_FILE pri podjetju 1: se ni na vrsti po razporedu; preskoceno.
01:27:34     Prebranih zapisov: 1389; SHA-256: 88b7c3e1f331eec94b93a68da91e45c3cb67f61785dc722e54236f147e3efb63
01:27:34     STOCK_FILE pri podjetju 2: se ni na vrsti po razporedu; preskoceno.
01:27:35     Prebranih zapisov: 1389; SHA-256: 88b7c3e1f331eec94b93a68da91e45c3cb67f61785dc722e54236f147e3efb63
01:27:35     STOCK_FILE pri podjetju 3: se ni na vrsti po razporedu; preskoceno.
01:27:36     Prebranih zapisov: 1389; SHA-256: 88b7c3e1f331eec94b93a68da91e45c3cb67f61785dc722e54236f147e3efb63
01:27:36     STOCK_FILE pri podjetju 4: se ni na vrsti po razporedu; preskoceno.
01:27:36     konec: Zaloga BT_STOCK
01:27:36  == Zaloga iz SAOP (kolicine) ==
01:27:37     [1] SAOP_GETSTOCKS (GetStocks): skladišč=4, zapisov=16, uporabljenih=16, v karanteni=0, RunId=a2a74cd8-ab20-4e86-be71-6ad29a18d62f.
01:27:41     [2] SAOP_GETSTOCKS (GetStocks): skladišč=1, zapisov=8734, uporabljenih=8734, v karanteni=0, RunId=f5834104-7cd5-464a-921f-f41c99138245.
01:27:44     [3] SAOP_REGISTERED_VIEW (RegisteredViewData): skladišč=0, zapisov=3156, uporabljenih=3156, v karanteni=0, RunId=cb2140b2-67f8-436d-9405-e20ea7d986b1.
01:27:45     [4] SAOP_GETSTOCKS (GetStocks): skladišč=14, zapisov=3113, uporabljenih=3113, v karanteni=0, RunId=ec873b80-ee5d-421f-9fff-9c58f0b1adeb.
01:27:45     konec: Zaloga iz SAOP (kolicine)
01:27:45  == Izvoz cen in zaloge za splet ==
01:27:47     Izvoz profila MAGENTO_STOCK_PRICES končan: 352 vrstic v C:\Users\david\Desktop\PIM\NoviPIM\izvoz\magento\1
01:27:50     Izvoz profila MAGENTO_STOCK_PRICES končan: 2071 vrstic v C:\Users\david\Desktop\PIM\NoviPIM\izvoz\magento\2
01:27:54     Izvoz profila MAGENTO_STOCK_PRICES končan: 2487 vrstic v C:\Users\david\Desktop\PIM\NoviPIM\izvoz\magento\3
01:27:55     Izvoz profila MAGENTO_STOCK_PRICES končan: 0 vrstic v C:\Users\david\Desktop\PIM\NoviPIM\izvoz\magento\4
01:27:55     konec: Izvoz cen in zaloge za splet
01:27:55  Zalogovni cikel koncan; padlih korakov: 0.
01:32:27  == Zaloga NW_STOCK ==
01:32:27     [NW_STOCK] preskoceno: Razmik dobavitelja se tece; naslednji prenos po 3. 09. 2026 02:27.
01:32:27     Prevzem koncan: uspesno 0, neuspesno 0, skupaj virov 1.
01:32:28     Prebranih zapisov: 2763; SHA-256: 175dc9ae009539b123edc7e6076027a773aac9f6532e2777b6919971feb75917
01:32:28     Ta posnetek je ze v bazi; vir=NW_STOCK, podjetje=1, cas posnetka=2026-09-02 22:27:28Z, uporabljenih=2763, v karanteni=0, RunId=4ffa2612-a697-48f4-ab22-4fdd76d02219. Zapisano ni bilo nic.
01:32:29     Prebranih zapisov: 2763; SHA-256: 175dc9ae009539b123edc7e6076027a773aac9f6532e2777b6919971feb75917
01:32:30     Ta posnetek je ze v bazi; vir=NW_STOCK, podjetje=2, cas posnetka=2026-09-02 22:27:28Z, uporabljenih=2763, v karanteni=0, RunId=fe852c08-fe28-4b05-8c51-b4583f9ef8a5. Zapisano ni bilo nic.
01:32:30     Prebranih zapisov: 2763; SHA-256: 175dc9ae009539b123edc7e6076027a773aac9f6532e2777b6919971feb75917
01:32:31     Ta posnetek je ze v bazi; vir=NW_STOCK, podjetje=3, cas posnetka=2026-09-02 22:27:28Z, uporabljenih=2763, v karanteni=0, RunId=014795bc-baa9-4598-8e85-ca1a56394b6b. Zapisano ni bilo nic.
01:32:31     Prebranih zapisov: 2763; SHA-256: 175dc9ae009539b123edc7e6076027a773aac9f6532e2777b6919971feb75917
01:32:32     Ta posnetek je ze v bazi; vir=NW_STOCK, podjetje=4, cas posnetka=2026-09-02 22:27:28Z, uporabljenih=2763, v karanteni=0, RunId=5ddc9ea3-4711-47c8-a759-b300e2ceb505. Zapisano ni bilo nic.
01:32:32     konec: Zaloga NW_STOCK
01:32:32  == Zaloga BT_STOCK ==
01:32:32     SOURCE_FETCH: se ni na vrsti po razporedu; preskoceno.
01:32:33     Prebranih zapisov: 1389; SHA-256: 88b7c3e1f331eec94b93a68da91e45c3cb67f61785dc722e54236f147e3efb63
01:32:33     STOCK_FILE pri podjetju 1: se ni na vrsti po razporedu; preskoceno.
01:32:34     Prebranih zapisov: 1389; SHA-256: 88b7c3e1f331eec94b93a68da91e45c3cb67f61785dc722e54236f147e3efb63
01:32:34     STOCK_FILE pri podjetju 2: se ni na vrsti po razporedu; preskoceno.
01:32:35     Prebranih zapisov: 1389; SHA-256: 88b7c3e1f331eec94b93a68da91e45c3cb67f61785dc722e54236f147e3efb63
01:32:35     STOCK_FILE pri podjetju 3: se ni na vrsti po razporedu; preskoceno.
01:32:36     Prebranih zapisov: 1389; SHA-256: 88b7c3e1f331eec94b93a68da91e45c3cb67f61785dc722e54236f147e3efb63
01:32:36     STOCK_FILE pri podjetju 4: se ni na vrsti po razporedu; preskoceno.
01:32:36     konec: Zaloga BT_STOCK
01:32:36  == Zaloga iz SAOP (kolicine) ==
01:32:38     [1] SAOP_GETSTOCKS (GetStocks): skladišč=4, zapisov=16, uporabljenih=16, v karanteni=0, RunId=630283a1-a3ca-478d-9858-0385da9ebc96.
01:32:41     [2] SAOP_GETSTOCKS (GetStocks): skladišč=1, zapisov=8734, uporabljenih=8734, v karanteni=0, RunId=f3ba7e44-7a58-4864-8c01-1f8f9180a4bb.
01:32:44     [3] SAOP_REGISTERED_VIEW (RegisteredViewData): skladišč=0, zapisov=3156, uporabljenih=3156, v karanteni=0, RunId=3ad9b48e-e0fb-475e-860c-e3e6785bf42e.
01:32:44     [4] SAOP_STOCK: se ni na vrsti po razporedu; preskoceno.
01:32:44     konec: Zaloga iz SAOP (kolicine)
01:32:44  == Izvoz cen in zaloge za splet ==
01:32:45     Izvoz profila MAGENTO_STOCK_PRICES končan: 352 vrstic v C:\Users\david\Desktop\PIM\NoviPIM\izvoz\magento\1
01:32:49     Izvoz profila MAGENTO_STOCK_PRICES končan: 2071 vrstic v C:\Users\david\Desktop\PIM\NoviPIM\izvoz\magento\2
01:32:52     Izvoz profila MAGENTO_STOCK_PRICES končan: 2487 vrstic v C:\Users\david\Desktop\PIM\NoviPIM\izvoz\magento\3
01:32:53     Izvoz profila MAGENTO_STOCK_PRICES končan: 0 vrstic v C:\Users\david\Desktop\PIM\NoviPIM\izvoz\magento\4
01:32:53     konec: Izvoz cen in zaloge za splet
01:32:53  Zalogovni cikel koncan; padlih korakov: 0.
01:37:27  == Zaloga NW_STOCK ==
01:37:27     SOURCE_FETCH: se ni na vrsti po razporedu; preskoceno.
01:37:28     Prebranih zapisov: 2763; SHA-256: 175dc9ae009539b123edc7e6076027a773aac9f6532e2777b6919971feb75917
01:37:28     STOCK_FILE pri podjetju 1: se ni na vrsti po razporedu; preskoceno.
01:37:29     Prebranih zapisov: 2763; SHA-256: 175dc9ae009539b123edc7e6076027a773aac9f6532e2777b6919971feb75917
01:37:29     STOCK_FILE pri podjetju 2: se ni na vrsti po razporedu; preskoceno.
01:37:30     Prebranih zapisov: 2763; SHA-256: 175dc9ae009539b123edc7e6076027a773aac9f6532e2777b6919971feb75917
01:37:30     STOCK_FILE pri podjetju 3: se ni na vrsti po razporedu; preskoceno.
01:37:31     Prebranih zapisov: 2763; SHA-256: 175dc9ae009539b123edc7e6076027a773aac9f6532e2777b6919971feb75917
01:37:31     STOCK_FILE pri podjetju 4: se ni na vrsti po razporedu; preskoceno.
01:37:31     konec: Zaloga NW_STOCK
01:37:31  == Zaloga BT_STOCK ==
01:37:32     [BT_STOCK] preskoceno: Razmik dobavitelja se tece; naslednji prenos po 3. 09. 2026 04:07.
01:37:32     Prevzem koncan: uspesno 0, neuspesno 0, skupaj virov 1.
01:37:33     Prebranih zapisov: 1389; SHA-256: 88b7c3e1f331eec94b93a68da91e45c3cb67f61785dc722e54236f147e3efb63
01:37:33     Ta posnetek je ze v bazi; vir=BT_STOCK, podjetje=1, cas posnetka=2026-09-02 16:39:55Z, uporabljenih=1389, v karanteni=0, RunId=e4912780-b225-4977-b541-4c5c7a771824. Zapisano ni bilo nic.
01:37:34     Prebranih zapisov: 1389; SHA-256: 88b7c3e1f331eec94b93a68da91e45c3cb67f61785dc722e54236f147e3efb63
01:37:34     Ta posnetek je ze v bazi; vir=BT_STOCK, podjetje=2, cas posnetka=2026-09-02 16:39:55Z, uporabljenih=1389, v karanteni=0, RunId=f1953183-3abf-42a5-91cd-1677b89581d1. Zapisano ni bilo nic.
01:37:35     Prebranih zapisov: 1389; SHA-256: 88b7c3e1f331eec94b93a68da91e45c3cb67f61785dc722e54236f147e3efb63
01:37:35     Ta posnetek je ze v bazi; vir=BT_STOCK, podjetje=3, cas posnetka=2026-09-02 16:39:55Z, uporabljenih=1389, v karanteni=0, RunId=680e3a50-81b6-4668-860d-52d0c1e429d4. Zapisano ni bilo nic.
01:37:36     Prebranih zapisov: 1389; SHA-256: 88b7c3e1f331eec94b93a68da91e45c3cb67f61785dc722e54236f147e3efb63
01:37:36     Ta posnetek je ze v bazi; vir=BT_STOCK, podjetje=4, cas posnetka=2026-09-02 16:39:55Z, uporabljenih=1389, v karanteni=0, RunId=79b3b0aa-02c9-4df1-aeae-e68412b1e9e4. Zapisano ni bilo nic.
01:37:36     konec: Zaloga BT_STOCK
01:37:36  == Zaloga iz SAOP (kolicine) ==
01:37:38     [1] SAOP_GETSTOCKS (GetStocks): skladišč=4, zapisov=16, uporabljenih=16, v karanteni=0, RunId=80f8037d-b693-4578-9a61-f1248dbb0a24.
01:37:41     [2] SAOP_GETSTOCKS (GetStocks): skladišč=1, zapisov=8734, uporabljenih=8734, v karanteni=0, RunId=f35d8da7-e220-44dd-a32a-248b0bf39682.
01:37:44     [3] SAOP_REGISTERED_VIEW (RegisteredViewData): skladišč=0, zapisov=3156, uporabljenih=3156, v karanteni=0, RunId=f95c5422-1eaf-4ba4-964c-1bd8b0366715.
01:37:45     [4] SAOP_GETSTOCKS (GetStocks): skladišč=14, zapisov=3113, uporabljenih=3113, v karanteni=0, RunId=48d43b8a-0fec-412b-b92c-cb31b2769ef1.
01:37:45     konec: Zaloga iz SAOP (kolicine)
01:37:45  == Izvoz cen in zaloge za splet ==
01:37:47     Izvoz profila MAGENTO_STOCK_PRICES končan: 352 vrstic v C:\Users\david\Desktop\PIM\NoviPIM\izvoz\magento\1
01:37:50     Izvoz profila MAGENTO_STOCK_PRICES končan: 2071 vrstic v C:\Users\david\Desktop\PIM\NoviPIM\izvoz\magento\2
01:37:54     Izvoz profila MAGENTO_STOCK_PRICES končan: 2487 vrstic v C:\Users\david\Desktop\PIM\NoviPIM\izvoz\magento\3
01:37:55     Izvoz profila MAGENTO_STOCK_PRICES končan: 0 vrstic v C:\Users\david\Desktop\PIM\NoviPIM\izvoz\magento\4
01:37:55     konec: Izvoz cen in zaloge za splet
01:37:55  Zalogovni cikel koncan; padlih korakov: 0.
01:42:27  == Zaloga NW_STOCK ==
01:42:27     SOURCE_FETCH: se ni na vrsti po razporedu; preskoceno.
01:42:28     Prebranih zapisov: 2763; SHA-256: 175dc9ae009539b123edc7e6076027a773aac9f6532e2777b6919971feb75917
01:42:28     STOCK_FILE pri podjetju 1: se ni na vrsti po razporedu; preskoceno.
01:42:29     Prebranih zapisov: 2763; SHA-256: 175dc9ae009539b123edc7e6076027a773aac9f6532e2777b6919971feb75917
01:42:29     STOCK_FILE pri podjetju 2: se ni na vrsti po razporedu; preskoceno.
01:42:30     Prebranih zapisov: 2763; SHA-256: 175dc9ae009539b123edc7e6076027a773aac9f6532e2777b6919971feb75917
01:42:30     STOCK_FILE pri podjetju 3: se ni na vrsti po razporedu; preskoceno.
01:42:31     Prebranih zapisov: 2763; SHA-256: 175dc9ae009539b123edc7e6076027a773aac9f6532e2777b6919971feb75917
01:42:31     STOCK_FILE pri podjetju 4: se ni na vrsti po razporedu; preskoceno.
01:42:31     konec: Zaloga NW_STOCK
01:42:31  == Zaloga BT_STOCK ==
01:42:32     SOURCE_FETCH: se ni na vrsti po razporedu; preskoceno.
01:42:33     Prebranih zapisov: 1389; SHA-256: 88b7c3e1f331eec94b93a68da91e45c3cb67f61785dc722e54236f147e3efb63
01:42:33     STOCK_FILE pri podjetju 1: se ni na vrsti po razporedu; preskoceno.
01:42:34     Prebranih zapisov: 1389; SHA-256: 88b7c3e1f331eec94b93a68da91e45c3cb67f61785dc722e54236f147e3efb63
01:42:34     STOCK_FILE pri podjetju 2: se ni na vrsti po razporedu; preskoceno.
01:42:35     Prebranih zapisov: 1389; SHA-256: 88b7c3e1f331eec94b93a68da91e45c3cb67f61785dc722e54236f147e3efb63
01:42:35     STOCK_FILE pri podjetju 3: se ni na vrsti po razporedu; preskoceno.
01:42:36     Prebranih zapisov: 1389; SHA-256: 88b7c3e1f331eec94b93a68da91e45c3cb67f61785dc722e54236f147e3efb63
01:42:36     STOCK_FILE pri podjetju 4: se ni na vrsti po razporedu; preskoceno.
01:42:36     konec: Zaloga BT_STOCK
01:42:36  == Zaloga iz SAOP (kolicine) ==
01:42:37     [1] SAOP_STOCK: se ni na vrsti po razporedu; preskoceno.
01:42:37     [2] SAOP_STOCK: se ni na vrsti po razporedu; preskoceno.
01:42:37     [3] SAOP_STOCK: se ni na vrsti po razporedu; preskoceno.
01:42:37     [4] SAOP_STOCK: se ni na vrsti po razporedu; preskoceno.
01:42:37     konec: Zaloga iz SAOP (kolicine)
01:42:37  == Izvoz cen in zaloge za splet ==
01:42:39     Izvoz profila MAGENTO_STOCK_PRICES končan: 352 vrstic v C:\Users\david\Desktop\PIM\NoviPIM\izvoz\magento\1
01:42:42     Izvoz profila MAGENTO_STOCK_PRICES končan: 2071 vrstic v C:\Users\david\Desktop\PIM\NoviPIM\izvoz\magento\2
01:42:45     Izvoz profila MAGENTO_STOCK_PRICES končan: 2487 vrstic v C:\Users\david\Desktop\PIM\NoviPIM\izvoz\magento\3
01:42:47     Izvoz profila MAGENTO_STOCK_PRICES končan: 0 vrstic v C:\Users\david\Desktop\PIM\NoviPIM\izvoz\magento\4
01:42:47     konec: Izvoz cen in zaloge za splet
01:42:47  Zalogovni cikel koncan; padlih korakov: 0.
01:47:27  == Zaloga NW_STOCK ==
01:47:28     [NW_STOCK] preskoceno: Razmik dobavitelja se tece; naslednji prenos po 3. 09. 2026 02:27.
01:47:28     Prevzem koncan: uspesno 0, neuspesno 0, skupaj virov 1.
01:47:28     Prebranih zapisov: 2763; SHA-256: 175dc9ae009539b123edc7e6076027a773aac9f6532e2777b6919971feb75917
01:47:29     Ta posnetek je ze v bazi; vir=NW_STOCK, podjetje=1, cas posnetka=2026-09-02 22:27:28Z, uporabljenih=2763, v karanteni=0, RunId=4ffa2612-a697-48f4-ab22-4fdd76d02219. Zapisano ni bilo nic.
01:47:29     Prebranih zapisov: 2763; SHA-256: 175dc9ae009539b123edc7e6076027a773aac9f6532e2777b6919971feb75917
01:47:30     Ta posnetek je ze v bazi; vir=NW_STOCK, podjetje=2, cas posnetka=2026-09-02 22:27:28Z, uporabljenih=2763, v karanteni=0, RunId=fe852c08-fe28-4b05-8c51-b4583f9ef8a5. Zapisano ni bilo nic.
01:47:30     Prebranih zapisov: 2763; SHA-256: 175dc9ae009539b123edc7e6076027a773aac9f6532e2777b6919971feb75917
01:47:31     Ta posnetek je ze v bazi; vir=NW_STOCK, podjetje=3, cas posnetka=2026-09-02 22:27:28Z, uporabljenih=2763, v karanteni=0, RunId=014795bc-baa9-4598-8e85-ca1a56394b6b. Zapisano ni bilo nic.
01:47:31     Prebranih zapisov: 2763; SHA-256: 175dc9ae009539b123edc7e6076027a773aac9f6532e2777b6919971feb75917
01:47:32     Ta posnetek je ze v bazi; vir=NW_STOCK, podjetje=4, cas posnetka=2026-09-02 22:27:28Z, uporabljenih=2763, v karanteni=0, RunId=5ddc9ea3-4711-47c8-a759-b300e2ceb505. Zapisano ni bilo nic.
01:47:32     konec: Zaloga NW_STOCK
01:47:32  == Zaloga BT_STOCK ==
01:47:33     SOURCE_FETCH: se ni na vrsti po razporedu; preskoceno.
01:47:33     Prebranih zapisov: 1389; SHA-256: 88b7c3e1f331eec94b93a68da91e45c3cb67f61785dc722e54236f147e3efb63
01:47:34     STOCK_FILE pri podjetju 1: se ni na vrsti po razporedu; preskoceno.
01:47:34     Prebranih zapisov: 1389; SHA-256: 88b7c3e1f331eec94b93a68da91e45c3cb67f61785dc722e54236f147e3efb63
01:47:34     STOCK_FILE pri podjetju 2: se ni na vrsti po razporedu; preskoceno.
01:47:35     Prebranih zapisov: 1389; SHA-256: 88b7c3e1f331eec94b93a68da91e45c3cb67f61785dc722e54236f147e3efb63
01:47:35     STOCK_FILE pri podjetju 3: se ni na vrsti po razporedu; preskoceno.
01:47:36     Prebranih zapisov: 1389; SHA-256: 88b7c3e1f331eec94b93a68da91e45c3cb67f61785dc722e54236f147e3efb63
01:47:36     STOCK_FILE pri podjetju 4: se ni na vrsti po razporedu; preskoceno.
01:47:36     konec: Zaloga BT_STOCK
01:47:36  == Zaloga iz SAOP (kolicine) ==
01:47:38     [1] SAOP_GETSTOCKS (GetStocks): skladišč=4, zapisov=16, uporabljenih=16, v karanteni=0, RunId=9546eb0e-7371-4392-8885-1fd5c9efaf2a.
01:47:41     [2] SAOP_GETSTOCKS (GetStocks): skladišč=1, zapisov=8734, uporabljenih=8734, v karanteni=0, RunId=76f3d35a-5437-4d7d-b955-f61c82acfead.
01:47:44     [3] SAOP_REGISTERED_VIEW (RegisteredViewData): skladišč=0, zapisov=3156, uporabljenih=3156, v karanteni=0, RunId=631d5857-1fa9-4b44-bf3e-199d929459a3.
01:47:45     [4] SAOP_GETSTOCKS (GetStocks): skladišč=14, zapisov=3113, uporabljenih=3113, v karanteni=0, RunId=40dbf27e-a87a-44b2-81b3-f7c1542e274b.
01:47:45     konec: Zaloga iz SAOP (kolicine)
01:47:45  == Izvoz cen in zaloge za splet ==
01:47:47     Izvoz profila MAGENTO_STOCK_PRICES končan: 352 vrstic v C:\Users\david\Desktop\PIM\NoviPIM\izvoz\magento\1
01:47:50     Izvoz profila MAGENTO_STOCK_PRICES končan: 2071 vrstic v C:\Users\david\Desktop\PIM\NoviPIM\izvoz\magento\2
01:47:54     Izvoz profila MAGENTO_STOCK_PRICES končan: 2487 vrstic v C:\Users\david\Desktop\PIM\NoviPIM\izvoz\magento\3
01:47:55     Izvoz profila MAGENTO_STOCK_PRICES končan: 0 vrstic v C:\Users\david\Desktop\PIM\NoviPIM\izvoz\magento\4
01:47:55     konec: Izvoz cen in zaloge za splet
01:47:55  Zalogovni cikel koncan; padlih korakov: 0.
01:52:27  == Zaloga NW_STOCK ==
01:52:27     SOURCE_FETCH: se ni na vrsti po razporedu; preskoceno.
01:52:28     Prebranih zapisov: 2763; SHA-256: 175dc9ae009539b123edc7e6076027a773aac9f6532e2777b6919971feb75917
01:52:28     STOCK_FILE pri podjetju 1: se ni na vrsti po razporedu; preskoceno.
01:52:29     Prebranih zapisov: 2763; SHA-256: 175dc9ae009539b123edc7e6076027a773aac9f6532e2777b6919971feb75917
01:52:29     STOCK_FILE pri podjetju 2: se ni na vrsti po razporedu; preskoceno.
01:52:30     Prebranih zapisov: 2763; SHA-256: 175dc9ae009539b123edc7e6076027a773aac9f6532e2777b6919971feb75917
01:52:30     STOCK_FILE pri podjetju 3: se ni na vrsti po razporedu; preskoceno.
01:52:31     Prebranih zapisov: 2763; SHA-256: 175dc9ae009539b123edc7e6076027a773aac9f6532e2777b6919971feb75917
01:52:31     STOCK_FILE pri podjetju 4: se ni na vrsti po razporedu; preskoceno.
01:52:31     konec: Zaloga NW_STOCK
01:52:31  == Zaloga BT_STOCK ==
01:52:32     [BT_STOCK] preskoceno: Razmik dobavitelja se tece; naslednji prenos po 3. 09. 2026 04:07.
01:52:32     Prevzem koncan: uspesno 0, neuspesno 0, skupaj virov 1.
01:52:33     Prebranih zapisov: 1389; SHA-256: 88b7c3e1f331eec94b93a68da91e45c3cb67f61785dc722e54236f147e3efb63
01:52:33     Ta posnetek je ze v bazi; vir=BT_STOCK, podjetje=1, cas posnetka=2026-09-02 16:39:55Z, uporabljenih=1389, v karanteni=0, RunId=e4912780-b225-4977-b541-4c5c7a771824. Zapisano ni bilo nic.
01:52:34     Prebranih zapisov: 1389; SHA-256: 88b7c3e1f331eec94b93a68da91e45c3cb67f61785dc722e54236f147e3efb63
01:52:34     Ta posnetek je ze v bazi; vir=BT_STOCK, podjetje=2, cas posnetka=2026-09-02 16:39:55Z, uporabljenih=1389, v karanteni=0, RunId=f1953183-3abf-42a5-91cd-1677b89581d1. Zapisano ni bilo nic.
01:52:35     Prebranih zapisov: 1389; SHA-256: 88b7c3e1f331eec94b93a68da91e45c3cb67f61785dc722e54236f147e3efb63
01:52:35     Ta posnetek je ze v bazi; vir=BT_STOCK, podjetje=3, cas posnetka=2026-09-02 16:39:55Z, uporabljenih=1389, v karanteni=0, RunId=680e3a50-81b6-4668-860d-52d0c1e429d4. Zapisano ni bilo nic.
01:52:36     Prebranih zapisov: 1389; SHA-256: 88b7c3e1f331eec94b93a68da91e45c3cb67f61785dc722e54236f147e3efb63
01:52:36     Ta posnetek je ze v bazi; vir=BT_STOCK, podjetje=4, cas posnetka=2026-09-02 16:39:55Z, uporabljenih=1389, v karanteni=0, RunId=79b3b0aa-02c9-4df1-aeae-e68412b1e9e4. Zapisano ni bilo nic.
01:52:36     konec: Zaloga BT_STOCK
01:52:36  == Zaloga iz SAOP (kolicine) ==
01:52:38     [1] SAOP_GETSTOCKS (GetStocks): skladišč=4, zapisov=16, uporabljenih=16, v karanteni=0, RunId=40c8757c-26f4-4f9c-b290-7484ecafa3e7.
01:52:38     [2] SAOP_STOCK: se ni na vrsti po razporedu; preskoceno.
01:52:38     [3] SAOP_STOCK: se ni na vrsti po razporedu; preskoceno.
01:52:38     [4] SAOP_STOCK: se ni na vrsti po razporedu; preskoceno.
01:52:38     konec: Zaloga iz SAOP (kolicine)
01:52:38  == Izvoz cen in zaloge za splet ==
01:52:39     Izvoz profila MAGENTO_STOCK_PRICES končan: 352 vrstic v C:\Users\david\Desktop\PIM\NoviPIM\izvoz\magento\1
01:52:43     Izvoz profila MAGENTO_STOCK_PRICES končan: 2071 vrstic v C:\Users\david\Desktop\PIM\NoviPIM\izvoz\magento\2
01:52:46     Izvoz profila MAGENTO_STOCK_PRICES končan: 2487 vrstic v C:\Users\david\Desktop\PIM\NoviPIM\izvoz\magento\3
01:52:47     Izvoz profila MAGENTO_STOCK_PRICES končan: 0 vrstic v C:\Users\david\Desktop\PIM\NoviPIM\izvoz\magento\4
01:52:47     konec: Izvoz cen in zaloge za splet
01:52:47  Zalogovni cikel koncan; padlih korakov: 0.
01:57:27  == Zaloga NW_STOCK ==
01:57:28     SOURCE_FETCH: se ni na vrsti po razporedu; preskoceno.
01:57:28     Prebranih zapisov: 2763; SHA-256: 175dc9ae009539b123edc7e6076027a773aac9f6532e2777b6919971feb75917
01:57:28     STOCK_FILE pri podjetju 1: se ni na vrsti po razporedu; preskoceno.
01:57:29     Prebranih zapisov: 2763; SHA-256: 175dc9ae009539b123edc7e6076027a773aac9f6532e2777b6919971feb75917
01:57:29     STOCK_FILE pri podjetju 2: se ni na vrsti po razporedu; preskoceno.
01:57:30     Prebranih zapisov: 2763; SHA-256: 175dc9ae009539b123edc7e6076027a773aac9f6532e2777b6919971feb75917
01:57:30     STOCK_FILE pri podjetju 3: se ni na vrsti po razporedu; preskoceno.
01:57:31     Prebranih zapisov: 2763; SHA-256: 175dc9ae009539b123edc7e6076027a773aac9f6532e2777b6919971feb75917
01:57:31     STOCK_FILE pri podjetju 4: se ni na vrsti po razporedu; preskoceno.
01:57:31     konec: Zaloga NW_STOCK
01:57:31  == Zaloga BT_STOCK ==
01:57:32     SOURCE_FETCH: se ni na vrsti po razporedu; preskoceno.
01:57:33     Prebranih zapisov: 1389; SHA-256: 88b7c3e1f331eec94b93a68da91e45c3cb67f61785dc722e54236f147e3efb63
01:57:33     STOCK_FILE pri podjetju 1: se ni na vrsti po razporedu; preskoceno.
01:57:34     Prebranih zapisov: 1389; SHA-256: 88b7c3e1f331eec94b93a68da91e45c3cb67f61785dc722e54236f147e3efb63
01:57:34     STOCK_FILE pri podjetju 2: se ni na vrsti po razporedu; preskoceno.
01:57:35     Prebranih zapisov: 1389; SHA-256: 88b7c3e1f331eec94b93a68da91e45c3cb67f61785dc722e54236f147e3efb63
01:57:35     STOCK_FILE pri podjetju 3: se ni na vrsti po razporedu; preskoceno.
01:57:36     Prebranih zapisov: 1389; SHA-256: 88b7c3e1f331eec94b93a68da91e45c3cb67f61785dc722e54236f147e3efb63
01:57:36     STOCK_FILE pri podjetju 4: se ni na vrsti po razporedu; preskoceno.
01:57:36     konec: Zaloga BT_STOCK
01:57:36  == Zaloga iz SAOP (kolicine) ==
01:57:37     [1] SAOP_STOCK: se ni na vrsti po razporedu; preskoceno.
01:57:42     [2] SAOP_GETSTOCKS (GetStocks): skladišč=1, zapisov=8734, uporabljenih=8734, v karanteni=0, RunId=de62be9d-b610-481b-939a-abf0e73e9649.
01:57:47     [3] SAOP_REGISTERED_VIEW (RegisteredViewData): skladišč=0, zapisov=3156, uporabljenih=3156, v karanteni=0, RunId=b0a79d38-3a8c-47f1-a678-e3994c112337.
01:57:48     [4] SAOP_GETSTOCKS (GetStocks): skladišč=14, zapisov=3113, uporabljenih=3113, v karanteni=0, RunId=60b34da9-0128-4f49-8198-3c813e9eb14d.
01:57:48     konec: Zaloga iz SAOP (kolicine)
01:57:48  == Izvoz cen in zaloge za splet ==
01:57:50     Izvoz profila MAGENTO_STOCK_PRICES končan: 352 vrstic v C:\Users\david\Desktop\PIM\NoviPIM\izvoz\magento\1
01:57:53     Izvoz profila MAGENTO_STOCK_PRICES končan: 2071 vrstic v C:\Users\david\Desktop\PIM\NoviPIM\izvoz\magento\2
01:57:57     Izvoz profila MAGENTO_STOCK_PRICES končan: 2487 vrstic v C:\Users\david\Desktop\PIM\NoviPIM\izvoz\magento\3
01:57:58     Izvoz profila MAGENTO_STOCK_PRICES končan: 0 vrstic v C:\Users\david\Desktop\PIM\NoviPIM\izvoz\magento\4
01:57:58     konec: Izvoz cen in zaloge za splet
01:57:58  Zalogovni cikel koncan; padlih korakov: 0.
02:02:27  == Zaloga NW_STOCK ==
02:02:28     [NW_STOCK] preskoceno: Razmik dobavitelja se tece; naslednji prenos po 3. 09. 2026 02:27.
02:02:28     Prevzem koncan: uspesno 0, neuspesno 0, skupaj virov 1.
02:02:28     Prebranih zapisov: 2763; SHA-256: 175dc9ae009539b123edc7e6076027a773aac9f6532e2777b6919971feb75917
02:02:29     Ta posnetek je ze v bazi; vir=NW_STOCK, podjetje=1, cas posnetka=2026-09-02 22:27:28Z, uporabljenih=2763, v karanteni=0, RunId=4ffa2612-a697-48f4-ab22-4fdd76d02219. Zapisano ni bilo nic.
02:02:29     Prebranih zapisov: 2763; SHA-256: 175dc9ae009539b123edc7e6076027a773aac9f6532e2777b6919971feb75917
02:02:30     Ta posnetek je ze v bazi; vir=NW_STOCK, podjetje=2, cas posnetka=2026-09-02 22:27:28Z, uporabljenih=2763, v karanteni=0, RunId=fe852c08-fe28-4b05-8c51-b4583f9ef8a5. Zapisano ni bilo nic.
02:02:30     Prebranih zapisov: 2763; SHA-256: 175dc9ae009539b123edc7e6076027a773aac9f6532e2777b6919971feb75917
02:02:31     Ta posnetek je ze v bazi; vir=NW_STOCK, podjetje=3, cas posnetka=2026-09-02 22:27:28Z, uporabljenih=2763, v karanteni=0, RunId=014795bc-baa9-4598-8e85-ca1a56394b6b. Zapisano ni bilo nic.
02:02:31     Prebranih zapisov: 2763; SHA-256: 175dc9ae009539b123edc7e6076027a773aac9f6532e2777b6919971feb75917
02:02:32     Ta posnetek je ze v bazi; vir=NW_STOCK, podjetje=4, cas posnetka=2026-09-02 22:27:28Z, uporabljenih=2763, v karanteni=0, RunId=5ddc9ea3-4711-47c8-a759-b300e2ceb505. Zapisano ni bilo nic.
02:02:32     konec: Zaloga NW_STOCK
02:02:32  == Zaloga BT_STOCK ==
02:02:33     SOURCE_FETCH: se ni na vrsti po razporedu; preskoceno.
02:02:33     Prebranih zapisov: 1389; SHA-256: 88b7c3e1f331eec94b93a68da91e45c3cb67f61785dc722e54236f147e3efb63
02:02:34     STOCK_FILE pri podjetju 1: se ni na vrsti po razporedu; preskoceno.
02:02:34     Prebranih zapisov: 1389; SHA-256: 88b7c3e1f331eec94b93a68da91e45c3cb67f61785dc722e54236f147e3efb63
02:02:35     STOCK_FILE pri podjetju 2: se ni na vrsti po razporedu; preskoceno.
02:02:35     Prebranih zapisov: 1389; SHA-256: 88b7c3e1f331eec94b93a68da91e45c3cb67f61785dc722e54236f147e3efb63
02:02:35     STOCK_FILE pri podjetju 3: se ni na vrsti po razporedu; preskoceno.
02:02:36     Prebranih zapisov: 1389; SHA-256: 88b7c3e1f331eec94b93a68da91e45c3cb67f61785dc722e54236f147e3efb63
02:02:36     STOCK_FILE pri podjetju 4: se ni na vrsti po razporedu; preskoceno.
02:02:36     konec: Zaloga BT_STOCK
02:02:36  == Zaloga iz SAOP (kolicine) ==
02:02:38     [1] SAOP_GETSTOCKS (GetStocks): skladišč=4, zapisov=16, uporabljenih=16, v karanteni=0, RunId=c70456ac-2510-4cee-a572-b3efb743b808.
02:02:42     [2] SAOP_GETSTOCKS (GetStocks): skladišč=1, zapisov=8734, uporabljenih=8734, v karanteni=0, RunId=23e5c1c0-78cb-45ff-a082-0d8530fb28bb.
02:02:42     [3] SAOP_STOCK: se ni na vrsti po razporedu; preskoceno.
02:02:42     [4] SAOP_STOCK: se ni na vrsti po razporedu; preskoceno.
02:02:42     konec: Zaloga iz SAOP (kolicine)
02:02:42  == Izvoz cen in zaloge za splet ==
02:02:43     Izvoz profila MAGENTO_STOCK_PRICES končan: 352 vrstic v C:\Users\david\Desktop\PIM\NoviPIM\izvoz\magento\1
02:02:47     Izvoz profila MAGENTO_STOCK_PRICES končan: 2071 vrstic v C:\Users\david\Desktop\PIM\NoviPIM\izvoz\magento\2
02:02:50     Izvoz profila MAGENTO_STOCK_PRICES končan: 2487 vrstic v C:\Users\david\Desktop\PIM\NoviPIM\izvoz\magento\3
02:02:51     Izvoz profila MAGENTO_STOCK_PRICES končan: 0 vrstic v C:\Users\david\Desktop\PIM\NoviPIM\izvoz\magento\4
02:02:51     konec: Izvoz cen in zaloge za splet
02:02:51  Zalogovni cikel koncan; padlih korakov: 0.
02:07:27  == Zaloga NW_STOCK ==
02:07:28     [NW_STOCK] preskoceno: Razmik dobavitelja se tece; naslednji prenos po 3. 09. 2026 02:27.
02:07:28     Prevzem koncan: uspesno 0, neuspesno 0, skupaj virov 1.
02:07:28     Prebranih zapisov: 2763; SHA-256: 175dc9ae009539b123edc7e6076027a773aac9f6532e2777b6919971feb75917
02:07:29     Ta posnetek je ze v bazi; vir=NW_STOCK, podjetje=1, cas posnetka=2026-09-02 22:27:28Z, uporabljenih=2763, v karanteni=0, RunId=4ffa2612-a697-48f4-ab22-4fdd76d02219. Zapisano ni bilo nic.
02:07:29     Prebranih zapisov: 2763; SHA-256: 175dc9ae009539b123edc7e6076027a773aac9f6532e2777b6919971feb75917
02:07:30     Ta posnetek je ze v bazi; vir=NW_STOCK, podjetje=2, cas posnetka=2026-09-02 22:27:28Z, uporabljenih=2763, v karanteni=0, RunId=fe852c08-fe28-4b05-8c51-b4583f9ef8a5. Zapisano ni bilo nic.
02:07:30     Prebranih zapisov: 2763; SHA-256: 175dc9ae009539b123edc7e6076027a773aac9f6532e2777b6919971feb75917
02:07:31     Ta posnetek je ze v bazi; vir=NW_STOCK, podjetje=3, cas posnetka=2026-09-02 22:27:28Z, uporabljenih=2763, v karanteni=0, RunId=014795bc-baa9-4598-8e85-ca1a56394b6b. Zapisano ni bilo nic.
02:07:31     Prebranih zapisov: 2763; SHA-256: 175dc9ae009539b123edc7e6076027a773aac9f6532e2777b6919971feb75917
02:07:32     Ta posnetek je ze v bazi; vir=NW_STOCK, podjetje=4, cas posnetka=2026-09-02 22:27:28Z, uporabljenih=2763, v karanteni=0, RunId=5ddc9ea3-4711-47c8-a759-b300e2ceb505. Zapisano ni bilo nic.
02:07:32     konec: Zaloga NW_STOCK
02:07:32  == Zaloga BT_STOCK ==
02:07:33     SOURCE_FETCH: se ni na vrsti po razporedu; preskoceno.
02:07:33     Prebranih zapisov: 1389; SHA-256: 88b7c3e1f331eec94b93a68da91e45c3cb67f61785dc722e54236f147e3efb63
02:07:34     STOCK_FILE pri podjetju 1: se ni na vrsti po razporedu; preskoceno.
02:07:34     Prebranih zapisov: 1389; SHA-256: 88b7c3e1f331eec94b93a68da91e45c3cb67f61785dc722e54236f147e3efb63
02:07:35     STOCK_FILE pri podjetju 2: se ni na vrsti po razporedu; preskoceno.
02:07:35     Prebranih zapisov: 1389; SHA-256: 88b7c3e1f331eec94b93a68da91e45c3cb67f61785dc722e54236f147e3efb63
02:07:36     STOCK_FILE pri podjetju 3: se ni na vrsti po razporedu; preskoceno.
02:07:36     Prebranih zapisov: 1389; SHA-256: 88b7c3e1f331eec94b93a68da91e45c3cb67f61785dc722e54236f147e3efb63
02:07:37     STOCK_FILE pri podjetju 4: se ni na vrsti po razporedu; preskoceno.
02:07:37     konec: Zaloga BT_STOCK
02:07:37  == Zaloga iz SAOP (kolicine) ==
02:07:38     [1] SAOP_GETSTOCKS (GetStocks): skladišč=4, zapisov=16, uporabljenih=16, v karanteni=0, RunId=2208153d-9679-4ce3-a9ce-95b201857587.
02:07:42     [2] SAOP_GETSTOCKS (GetStocks): skladišč=1, zapisov=8734, uporabljenih=8734, v karanteni=0, RunId=ebc86f4e-ce28-4802-a053-637631b69f2d.
02:07:44     [3] SAOP_REGISTERED_VIEW (RegisteredViewData): skladišč=0, zapisov=3156, uporabljenih=3156, v karanteni=0, RunId=c9af651e-6af7-45e1-8554-12bdc30e9414.
02:07:46     [4] SAOP_GETSTOCKS (GetStocks): skladišč=14, zapisov=3113, uporabljenih=3113, v karanteni=0, RunId=6b34c895-cec7-41f6-84c2-2ee9a4e2ad34.
02:07:46     konec: Zaloga iz SAOP (kolicine)
02:07:46  == Izvoz cen in zaloge za splet ==
02:07:48     Izvoz profila MAGENTO_STOCK_PRICES končan: 352 vrstic v C:\Users\david\Desktop\PIM\NoviPIM\izvoz\magento\1
02:07:51     Izvoz profila MAGENTO_STOCK_PRICES končan: 2071 vrstic v C:\Users\david\Desktop\PIM\NoviPIM\izvoz\magento\2
02:07:55     Izvoz profila MAGENTO_STOCK_PRICES končan: 2487 vrstic v C:\Users\david\Desktop\PIM\NoviPIM\izvoz\magento\3
02:07:56     Izvoz profila MAGENTO_STOCK_PRICES končan: 0 vrstic v C:\Users\david\Desktop\PIM\NoviPIM\izvoz\magento\4
02:07:56     konec: Izvoz cen in zaloge za splet
02:07:56  Zalogovni cikel koncan; padlih korakov: 0.
02:12:27  == Zaloga NW_STOCK ==
02:12:28     SOURCE_FETCH: se ni na vrsti po razporedu; preskoceno.
02:12:28     Prebranih zapisov: 2763; SHA-256: 175dc9ae009539b123edc7e6076027a773aac9f6532e2777b6919971feb75917
02:12:29     STOCK_FILE pri podjetju 1: se ni na vrsti po razporedu; preskoceno.
02:12:29     Prebranih zapisov: 2763; SHA-256: 175dc9ae009539b123edc7e6076027a773aac9f6532e2777b6919971feb75917
02:12:30     STOCK_FILE pri podjetju 2: se ni na vrsti po razporedu; preskoceno.
02:12:30     Prebranih zapisov: 2763; SHA-256: 175dc9ae009539b123edc7e6076027a773aac9f6532e2777b6919971feb75917
02:12:30     STOCK_FILE pri podjetju 3: se ni na vrsti po razporedu; preskoceno.
02:12:31     Prebranih zapisov: 2763; SHA-256: 175dc9ae009539b123edc7e6076027a773aac9f6532e2777b6919971feb75917
02:12:31     STOCK_FILE pri podjetju 4: se ni na vrsti po razporedu; preskoceno.
02:12:31     konec: Zaloga NW_STOCK
02:12:31  == Zaloga BT_STOCK ==
02:12:32     [BT_STOCK] preskoceno: Razmik dobavitelja se tece; naslednji prenos po 3. 09. 2026 04:07.
02:12:32     Prevzem koncan: uspesno 0, neuspesno 0, skupaj virov 1.
02:12:33     Prebranih zapisov: 1389; SHA-256: 88b7c3e1f331eec94b93a68da91e45c3cb67f61785dc722e54236f147e3efb63
02:12:33     Ta posnetek je ze v bazi; vir=BT_STOCK, podjetje=1, cas posnetka=2026-09-02 16:39:55Z, uporabljenih=1389, v karanteni=0, RunId=e4912780-b225-4977-b541-4c5c7a771824. Zapisano ni bilo nic.
02:12:34     Prebranih zapisov: 1389; SHA-256: 88b7c3e1f331eec94b93a68da91e45c3cb67f61785dc722e54236f147e3efb63
02:12:34     Ta posnetek je ze v bazi; vir=BT_STOCK, podjetje=2, cas posnetka=2026-09-02 16:39:55Z, uporabljenih=1389, v karanteni=0, RunId=f1953183-3abf-42a5-91cd-1677b89581d1. Zapisano ni bilo nic.
02:12:35     Prebranih zapisov: 1389; SHA-256: 88b7c3e1f331eec94b93a68da91e45c3cb67f61785dc722e54236f147e3efb63
02:12:35     Ta posnetek je ze v bazi; vir=BT_STOCK, podjetje=3, cas posnetka=2026-09-02 16:39:55Z, uporabljenih=1389, v karanteni=0, RunId=680e3a50-81b6-4668-860d-52d0c1e429d4. Zapisano ni bilo nic.
02:12:36     Prebranih zapisov: 1389; SHA-256: 88b7c3e1f331eec94b93a68da91e45c3cb67f61785dc722e54236f147e3efb63
02:12:37     Ta posnetek je ze v bazi; vir=BT_STOCK, podjetje=4, cas posnetka=2026-09-02 16:39:55Z, uporabljenih=1389, v karanteni=0, RunId=79b3b0aa-02c9-4df1-aeae-e68412b1e9e4. Zapisano ni bilo nic.
02:12:37     konec: Zaloga BT_STOCK
02:12:37  == Zaloga iz SAOP (kolicine) ==
02:12:38     [1] SAOP_STOCK: se ni na vrsti po razporedu; preskoceno.
02:12:38     [2] SAOP_STOCK: se ni na vrsti po razporedu; preskoceno.
02:12:38     [3] SAOP_STOCK: se ni na vrsti po razporedu; preskoceno.
02:12:38     [4] SAOP_STOCK: se ni na vrsti po razporedu; preskoceno.
02:12:38     konec: Zaloga iz SAOP (kolicine)
02:12:38  == Izvoz cen in zaloge za splet ==
02:12:39     Izvoz profila MAGENTO_STOCK_PRICES končan: 352 vrstic v C:\Users\david\Desktop\PIM\NoviPIM\izvoz\magento\1
02:12:43     Izvoz profila MAGENTO_STOCK_PRICES končan: 2071 vrstic v C:\Users\david\Desktop\PIM\NoviPIM\izvoz\magento\2
02:12:46     Izvoz profila MAGENTO_STOCK_PRICES končan: 2487 vrstic v C:\Users\david\Desktop\PIM\NoviPIM\izvoz\magento\3
02:12:47     Izvoz profila MAGENTO_STOCK_PRICES končan: 0 vrstic v C:\Users\david\Desktop\PIM\NoviPIM\izvoz\magento\4
02:12:47     konec: Izvoz cen in zaloge za splet
02:12:47  Zalogovni cikel koncan; padlih korakov: 0.
02:17:27  == Zaloga NW_STOCK ==
02:17:28     SOURCE_FETCH: se ni na vrsti po razporedu; preskoceno.
02:17:28     Prebranih zapisov: 2763; SHA-256: 175dc9ae009539b123edc7e6076027a773aac9f6532e2777b6919971feb75917
02:17:29     STOCK_FILE pri podjetju 1: se ni na vrsti po razporedu; preskoceno.
02:17:29     Prebranih zapisov: 2763; SHA-256: 175dc9ae009539b123edc7e6076027a773aac9f6532e2777b6919971feb75917
02:17:30     STOCK_FILE pri podjetju 2: se ni na vrsti po razporedu; preskoceno.
02:17:30     Prebranih zapisov: 2763; SHA-256: 175dc9ae009539b123edc7e6076027a773aac9f6532e2777b6919971feb75917
02:17:30     STOCK_FILE pri podjetju 3: se ni na vrsti po razporedu; preskoceno.
02:17:31     Prebranih zapisov: 2763; SHA-256: 175dc9ae009539b123edc7e6076027a773aac9f6532e2777b6919971feb75917
02:17:31     STOCK_FILE pri podjetju 4: se ni na vrsti po razporedu; preskoceno.
02:17:31     konec: Zaloga NW_STOCK
02:17:31  == Zaloga BT_STOCK ==
02:17:32     [BT_STOCK] preskoceno: Razmik dobavitelja se tece; naslednji prenos po 3. 09. 2026 04:07.
02:17:32     Prevzem koncan: uspesno 0, neuspesno 0, skupaj virov 1.
02:17:33     Prebranih zapisov: 1389; SHA-256: 88b7c3e1f331eec94b93a68da91e45c3cb67f61785dc722e54236f147e3efb63
02:17:33     Ta posnetek je ze v bazi; vir=BT_STOCK, podjetje=1, cas posnetka=2026-09-02 16:39:55Z, uporabljenih=1389, v karanteni=0, RunId=e4912780-b225-4977-b541-4c5c7a771824. Zapisano ni bilo nic.
02:17:34     Prebranih zapisov: 1389; SHA-256: 88b7c3e1f331eec94b93a68da91e45c3cb67f61785dc722e54236f147e3efb63
02:17:34     Ta posnetek je ze v bazi; vir=BT_STOCK, podjetje=2, cas posnetka=2026-09-02 16:39:55Z, uporabljenih=1389, v karanteni=0, RunId=f1953183-3abf-42a5-91cd-1677b89581d1. Zapisano ni bilo nic.
02:17:35     Prebranih zapisov: 1389; SHA-256: 88b7c3e1f331eec94b93a68da91e45c3cb67f61785dc722e54236f147e3efb63
02:17:36     Ta posnetek je ze v bazi; vir=BT_STOCK, podjetje=3, cas posnetka=2026-09-02 16:39:55Z, uporabljenih=1389, v karanteni=0, RunId=680e3a50-81b6-4668-860d-52d0c1e429d4. Zapisano ni bilo nic.
02:17:36     Prebranih zapisov: 1389; SHA-256: 88b7c3e1f331eec94b93a68da91e45c3cb67f61785dc722e54236f147e3efb63
02:17:36     STOCK_FILE pri podjetju 4: se ni na vrsti po razporedu; preskoceno.
02:17:37     konec: Zaloga BT_STOCK
02:17:37  == Zaloga iz SAOP (kolicine) ==
02:17:38     [1] SAOP_GETSTOCKS (GetStocks): skladišč=4, zapisov=16, uporabljenih=16, v karanteni=0, RunId=7fc1fac8-4ef8-4420-92fc-cff3b77c2c7c.
02:17:42     [2] SAOP_GETSTOCKS (GetStocks): skladišč=1, zapisov=8734, uporabljenih=8734, v karanteni=0, RunId=91d224af-eefa-42da-8bdc-975b9482a70d.
02:17:44     [3] SAOP_REGISTERED_VIEW (RegisteredViewData): skladišč=0, zapisov=3156, uporabljenih=3156, v karanteni=0, RunId=c124601e-52a3-4cb6-a2b0-d8781facab95.
02:17:45     [4] SAOP_GETSTOCKS (GetStocks): skladišč=14, zapisov=3113, uporabljenih=3113, v karanteni=0, RunId=d522037b-8d3a-4a83-9535-cbf31bb7e82b.
02:17:45     konec: Zaloga iz SAOP (kolicine)
02:17:45  == Izvoz cen in zaloge za splet ==
02:17:47     Izvoz profila MAGENTO_STOCK_PRICES končan: 352 vrstic v C:\Users\david\Desktop\PIM\NoviPIM\izvoz\magento\1
02:17:51     Izvoz profila MAGENTO_STOCK_PRICES končan: 2071 vrstic v C:\Users\david\Desktop\PIM\NoviPIM\izvoz\magento\2
02:17:54     Izvoz profila MAGENTO_STOCK_PRICES končan: 2487 vrstic v C:\Users\david\Desktop\PIM\NoviPIM\izvoz\magento\3
02:17:55     Izvoz profila MAGENTO_STOCK_PRICES končan: 0 vrstic v C:\Users\david\Desktop\PIM\NoviPIM\izvoz\magento\4
02:17:55     konec: Izvoz cen in zaloge za splet
02:17:55  Zalogovni cikel koncan; padlih korakov: 0.
02:22:27  == Zaloga NW_STOCK ==
02:22:28     SOURCE_FETCH: se ni na vrsti po razporedu; preskoceno.
02:22:28     Prebranih zapisov: 2763; SHA-256: 175dc9ae009539b123edc7e6076027a773aac9f6532e2777b6919971feb75917
02:22:29     STOCK_FILE pri podjetju 1: se ni na vrsti po razporedu; preskoceno.
02:22:29     Prebranih zapisov: 2763; SHA-256: 175dc9ae009539b123edc7e6076027a773aac9f6532e2777b6919971feb75917
02:22:30     STOCK_FILE pri podjetju 2: se ni na vrsti po razporedu; preskoceno.
02:22:30     Prebranih zapisov: 2763; SHA-256: 175dc9ae009539b123edc7e6076027a773aac9f6532e2777b6919971feb75917
02:22:31     STOCK_FILE pri podjetju 3: se ni na vrsti po razporedu; preskoceno.
02:22:31     Prebranih zapisov: 2763; SHA-256: 175dc9ae009539b123edc7e6076027a773aac9f6532e2777b6919971feb75917
02:22:32     Ta posnetek je ze v bazi; vir=NW_STOCK, podjetje=4, cas posnetka=2026-09-02 22:27:28Z, uporabljenih=2763, v karanteni=0, RunId=5ddc9ea3-4711-47c8-a759-b300e2ceb505. Zapisano ni bilo nic.
02:22:32     konec: Zaloga NW_STOCK
02:22:32  == Zaloga BT_STOCK ==
02:22:33     [BT_STOCK] preskoceno: Razmik dobavitelja se tece; naslednji prenos po 3. 09. 2026 04:07.
02:22:33     Prevzem koncan: uspesno 0, neuspesno 0, skupaj virov 1.
02:22:33     Prebranih zapisov: 1389; SHA-256: 88b7c3e1f331eec94b93a68da91e45c3cb67f61785dc722e54236f147e3efb63
02:22:34     Ta posnetek je ze v bazi; vir=BT_STOCK, podjetje=1, cas posnetka=2026-09-02 16:39:55Z, uporabljenih=1389, v karanteni=0, RunId=e4912780-b225-4977-b541-4c5c7a771824. Zapisano ni bilo nic.
02:22:34     Prebranih zapisov: 1389; SHA-256: 88b7c3e1f331eec94b93a68da91e45c3cb67f61785dc722e54236f147e3efb63
02:22:35     Ta posnetek je ze v bazi; vir=BT_STOCK, podjetje=2, cas posnetka=2026-09-02 16:39:55Z, uporabljenih=1389, v karanteni=0, RunId=f1953183-3abf-42a5-91cd-1677b89581d1. Zapisano ni bilo nic.
02:22:35     Prebranih zapisov: 1389; SHA-256: 88b7c3e1f331eec94b93a68da91e45c3cb67f61785dc722e54236f147e3efb63
02:22:36     Ta posnetek je ze v bazi; vir=BT_STOCK, podjetje=3, cas posnetka=2026-09-02 16:39:55Z, uporabljenih=1389, v karanteni=0, RunId=680e3a50-81b6-4668-860d-52d0c1e429d4. Zapisano ni bilo nic.
02:22:37     Prebranih zapisov: 1389; SHA-256: 88b7c3e1f331eec94b93a68da91e45c3cb67f61785dc722e54236f147e3efb63
02:22:37     STOCK_FILE pri podjetju 4: se ni na vrsti po razporedu; preskoceno.
02:22:37     konec: Zaloga BT_STOCK
02:22:37  == Zaloga iz SAOP (kolicine) ==
02:22:38     [1] SAOP_GETSTOCKS (GetStocks): skladišč=4, zapisov=16, uporabljenih=16, v karanteni=0, RunId=9905ea5c-4c65-4b9b-bfd9-b6970bfa477a.
02:22:42     [2] SAOP_GETSTOCKS (GetStocks): skladišč=1, zapisov=8734, uporabljenih=8734, v karanteni=0, RunId=9bc4e1ef-094f-4b10-b4b7-e6df8a5418c7.
02:22:45     [3] SAOP_REGISTERED_VIEW (RegisteredViewData): skladišč=0, zapisov=3156, uporabljenih=3156, v karanteni=0, RunId=79c587a0-ecc3-4b98-93fa-5f6863a57bf0.
02:22:46     [4] SAOP_GETSTOCKS (GetStocks): skladišč=14, zapisov=3113, uporabljenih=3113, v karanteni=0, RunId=db12935e-1e3a-4dc7-a51d-dfe4094dbeb2.
02:22:46     konec: Zaloga iz SAOP (kolicine)
02:22:46  == Izvoz cen in zaloge za splet ==
02:22:48     Izvoz profila MAGENTO_STOCK_PRICES končan: 352 vrstic v C:\Users\david\Desktop\PIM\NoviPIM\izvoz\magento\1
02:22:51     Izvoz profila MAGENTO_STOCK_PRICES končan: 2071 vrstic v C:\Users\david\Desktop\PIM\NoviPIM\izvoz\magento\2
02:22:55     Izvoz profila MAGENTO_STOCK_PRICES končan: 2487 vrstic v C:\Users\david\Desktop\PIM\NoviPIM\izvoz\magento\3
02:22:56     Izvoz profila MAGENTO_STOCK_PRICES končan: 0 vrstic v C:\Users\david\Desktop\PIM\NoviPIM\izvoz\magento\4
02:22:56     konec: Izvoz cen in zaloge za splet
02:22:56  Zalogovni cikel koncan; padlih korakov: 0.
02:27:27  == Zaloga NW_STOCK ==
02:27:28     SOURCE_FETCH: se ni na vrsti po razporedu; preskoceno.
02:27:29     Prebranih zapisov: 2763; SHA-256: 175dc9ae009539b123edc7e6076027a773aac9f6532e2777b6919971feb75917
02:27:30     STOCK_FILE pri podjetju 1: se ni na vrsti po razporedu; preskoceno.
02:27:31     Prebranih zapisov: 2763; SHA-256: 175dc9ae009539b123edc7e6076027a773aac9f6532e2777b6919971feb75917
02:27:31     STOCK_FILE pri podjetju 2: se ni na vrsti po razporedu; preskoceno.
02:27:32     Prebranih zapisov: 2763; SHA-256: 175dc9ae009539b123edc7e6076027a773aac9f6532e2777b6919971feb75917
02:27:32     STOCK_FILE pri podjetju 3: se ni na vrsti po razporedu; preskoceno.
02:27:33     Prebranih zapisov: 2763; SHA-256: 175dc9ae009539b123edc7e6076027a773aac9f6532e2777b6919971feb75917
02:27:33     Ta posnetek je ze v bazi; vir=NW_STOCK, podjetje=4, cas posnetka=2026-09-02 22:27:28Z, uporabljenih=2763, v karanteni=0, RunId=5ddc9ea3-4711-47c8-a759-b300e2ceb505. Zapisano ni bilo nic.
02:27:33     konec: Zaloga NW_STOCK
02:27:33  == Zaloga BT_STOCK ==
02:27:34     [BT_STOCK] preskoceno: Razmik dobavitelja se tece; naslednji prenos po 3. 09. 2026 04:07.
02:27:34     Prevzem koncan: uspesno 0, neuspesno 0, skupaj virov 1.
02:27:35     Prebranih zapisov: 1389; SHA-256: 88b7c3e1f331eec94b93a68da91e45c3cb67f61785dc722e54236f147e3efb63
02:27:35     Ta posnetek je ze v bazi; vir=BT_STOCK, podjetje=1, cas posnetka=2026-09-02 16:39:55Z, uporabljenih=1389, v karanteni=0, RunId=e4912780-b225-4977-b541-4c5c7a771824. Zapisano ni bilo nic.
02:27:36     Prebranih zapisov: 1389; SHA-256: 88b7c3e1f331eec94b93a68da91e45c3cb67f61785dc722e54236f147e3efb63
02:27:37     Ta posnetek je ze v bazi; vir=BT_STOCK, podjetje=2, cas posnetka=2026-09-02 16:39:55Z, uporabljenih=1389, v karanteni=0, RunId=f1953183-3abf-42a5-91cd-1677b89581d1. Zapisano ni bilo nic.
02:27:37     Prebranih zapisov: 1389; SHA-256: 88b7c3e1f331eec94b93a68da91e45c3cb67f61785dc722e54236f147e3efb63
02:27:38     Ta posnetek je ze v bazi; vir=BT_STOCK, podjetje=3, cas posnetka=2026-09-02 16:39:55Z, uporabljenih=1389, v karanteni=0, RunId=680e3a50-81b6-4668-860d-52d0c1e429d4. Zapisano ni bilo nic.
02:27:39     Prebranih zapisov: 1389; SHA-256: 88b7c3e1f331eec94b93a68da91e45c3cb67f61785dc722e54236f147e3efb63
02:27:39     STOCK_FILE pri podjetju 4: se ni na vrsti po razporedu; preskoceno.
02:27:39     konec: Zaloga BT_STOCK
02:27:39  == Zaloga iz SAOP (kolicine) ==
02:27:41     [1] SAOP_GETSTOCKS (GetStocks): skladišč=4, zapisov=16, uporabljenih=16, v karanteni=0, RunId=af2d8b1a-09c7-483f-966d-061ed4762e88.
02:27:44     [2] SAOP_GETSTOCKS (GetStocks): skladišč=1, zapisov=8734, uporabljenih=8734, v karanteni=0, RunId=1e956e30-288c-4292-958a-3899a72d3f7e.
02:27:47     [3] SAOP_REGISTERED_VIEW (RegisteredViewData): skladišč=0, zapisov=3156, uporabljenih=3156, v karanteni=0, RunId=000bde4c-2aaa-4b9f-abe7-58643e86d451.
02:27:48     [4] SAOP_GETSTOCKS (GetStocks): skladišč=14, zapisov=3113, uporabljenih=3113, v karanteni=0, RunId=32bce2b9-d5d4-4182-b844-9f9bfaee02fa.
02:27:48     konec: Zaloga iz SAOP (kolicine)
02:27:48  == Izvoz cen in zaloge za splet ==
02:27:50     Izvoz profila MAGENTO_STOCK_PRICES končan: 352 vrstic v C:\Users\david\Desktop\PIM\NoviPIM\izvoz\magento\1
02:27:54     Izvoz profila MAGENTO_STOCK_PRICES končan: 2071 vrstic v C:\Users\david\Desktop\PIM\NoviPIM\izvoz\magento\2
02:27:57     Izvoz profila MAGENTO_STOCK_PRICES končan: 2487 vrstic v C:\Users\david\Desktop\PIM\NoviPIM\izvoz\magento\3
02:27:58     Izvoz profila MAGENTO_STOCK_PRICES končan: 0 vrstic v C:\Users\david\Desktop\PIM\NoviPIM\izvoz\magento\4
02:27:58     konec: Izvoz cen in zaloge za splet
02:27:58  Zalogovni cikel koncan; padlih korakov: 0.
02:32:27  == Zaloga NW_STOCK ==
02:32:29     SOURCE_FETCH: se ni na vrsti po razporedu; preskoceno.
02:32:30     Prebranih zapisov: 2763; SHA-256: 175dc9ae009539b123edc7e6076027a773aac9f6532e2777b6919971feb75917
02:32:30     STOCK_FILE pri podjetju 1: se ni na vrsti po razporedu; preskoceno.
02:32:31     Prebranih zapisov: 2763; SHA-256: 175dc9ae009539b123edc7e6076027a773aac9f6532e2777b6919971feb75917
02:32:31     STOCK_FILE pri podjetju 2: se ni na vrsti po razporedu; preskoceno.
02:32:32     Prebranih zapisov: 2763; SHA-256: 175dc9ae009539b123edc7e6076027a773aac9f6532e2777b6919971feb75917
02:32:32     STOCK_FILE pri podjetju 3: se ni na vrsti po razporedu; preskoceno.
02:32:33     Prebranih zapisov: 2763; SHA-256: 175dc9ae009539b123edc7e6076027a773aac9f6532e2777b6919971feb75917
02:32:33     Ta posnetek je ze v bazi; vir=NW_STOCK, podjetje=4, cas posnetka=2026-09-02 22:27:28Z, uporabljenih=2763, v karanteni=0, RunId=5ddc9ea3-4711-47c8-a759-b300e2ceb505. Zapisano ni bilo nic.
02:32:33     konec: Zaloga NW_STOCK
02:32:33  == Zaloga BT_STOCK ==
02:32:34     SOURCE_FETCH: se ni na vrsti po razporedu; preskoceno.
02:32:35     Prebranih zapisov: 1389; SHA-256: 88b7c3e1f331eec94b93a68da91e45c3cb67f61785dc722e54236f147e3efb63
02:32:35     STOCK_FILE pri podjetju 1: se ni na vrsti po razporedu; preskoceno.
02:32:36     Prebranih zapisov: 1389; SHA-256: 88b7c3e1f331eec94b93a68da91e45c3cb67f61785dc722e54236f147e3efb63
02:32:36     STOCK_FILE pri podjetju 2: se ni na vrsti po razporedu; preskoceno.
02:32:37     Prebranih zapisov: 1389; SHA-256: 88b7c3e1f331eec94b93a68da91e45c3cb67f61785dc722e54236f147e3efb63
02:32:37     STOCK_FILE pri podjetju 3: se ni na vrsti po razporedu; preskoceno.
02:32:38     Prebranih zapisov: 1389; SHA-256: 88b7c3e1f331eec94b93a68da91e45c3cb67f61785dc722e54236f147e3efb63
02:32:38     STOCK_FILE pri podjetju 4: se ni na vrsti po razporedu; preskoceno.
02:32:38     konec: Zaloga BT_STOCK
02:32:38  == Zaloga iz SAOP (kolicine) ==
02:32:39     [1] SAOP_STOCK: se ni na vrsti po razporedu; preskoceno.
02:32:39     [2] SAOP_STOCK: se ni na vrsti po razporedu; preskoceno.
02:32:39     [3] SAOP_STOCK: se ni na vrsti po razporedu; preskoceno.
02:32:39     [4] SAOP_STOCK: se ni na vrsti po razporedu; preskoceno.
02:32:39     konec: Zaloga iz SAOP (kolicine)
02:32:39  == Izvoz cen in zaloge za splet ==
02:32:41     Izvoz profila MAGENTO_STOCK_PRICES končan: 352 vrstic v C:\Users\david\Desktop\PIM\NoviPIM\izvoz\magento\1
02:32:45     Izvoz profila MAGENTO_STOCK_PRICES končan: 2071 vrstic v C:\Users\david\Desktop\PIM\NoviPIM\izvoz\magento\2
02:32:49     Izvoz profila MAGENTO_STOCK_PRICES končan: 2488 vrstic v C:\Users\david\Desktop\PIM\NoviPIM\izvoz\magento\3
02:32:50     Izvoz profila MAGENTO_STOCK_PRICES končan: 0 vrstic v C:\Users\david\Desktop\PIM\NoviPIM\izvoz\magento\4
02:32:50     konec: Izvoz cen in zaloge za splet
02:32:50  Zalogovni cikel koncan; padlih korakov: 0.
02:37:27  == Zaloga NW_STOCK ==
02:37:28     SOURCE_FETCH: se ni na vrsti po razporedu; preskoceno.
02:37:29     Prebranih zapisov: 2763; SHA-256: 175dc9ae009539b123edc7e6076027a773aac9f6532e2777b6919971feb75917
02:37:29     STOCK_FILE pri podjetju 1: se ni na vrsti po razporedu; preskoceno.
02:37:30     Prebranih zapisov: 2763; SHA-256: 175dc9ae009539b123edc7e6076027a773aac9f6532e2777b6919971feb75917
02:37:30     STOCK_FILE pri podjetju 2: se ni na vrsti po razporedu; preskoceno.
02:37:31     Prebranih zapisov: 2763; SHA-256: 175dc9ae009539b123edc7e6076027a773aac9f6532e2777b6919971feb75917
02:37:31     STOCK_FILE pri podjetju 3: se ni na vrsti po razporedu; preskoceno.
02:37:32     Prebranih zapisov: 2763; SHA-256: 175dc9ae009539b123edc7e6076027a773aac9f6532e2777b6919971feb75917
02:37:32     STOCK_FILE pri podjetju 4: se ni na vrsti po razporedu; preskoceno.
02:37:32     konec: Zaloga NW_STOCK
02:37:32  == Zaloga BT_STOCK ==
02:37:33     SOURCE_FETCH: se ni na vrsti po razporedu; preskoceno.
02:37:34     Prebranih zapisov: 1389; SHA-256: 88b7c3e1f331eec94b93a68da91e45c3cb67f61785dc722e54236f147e3efb63
02:37:34     STOCK_FILE pri podjetju 1: se ni na vrsti po razporedu; preskoceno.
02:37:35     Prebranih zapisov: 1389; SHA-256: 88b7c3e1f331eec94b93a68da91e45c3cb67f61785dc722e54236f147e3efb63
02:37:35     STOCK_FILE pri podjetju 2: se ni na vrsti po razporedu; preskoceno.
02:37:36     Prebranih zapisov: 1389; SHA-256: 88b7c3e1f331eec94b93a68da91e45c3cb67f61785dc722e54236f147e3efb63
02:37:36     STOCK_FILE pri podjetju 3: se ni na vrsti po razporedu; preskoceno.
02:37:37     Prebranih zapisov: 1389; SHA-256: 88b7c3e1f331eec94b93a68da91e45c3cb67f61785dc722e54236f147e3efb63
02:37:37     STOCK_FILE pri podjetju 4: se ni na vrsti po razporedu; preskoceno.
02:37:37     konec: Zaloga BT_STOCK
02:37:37  == Zaloga iz SAOP (kolicine) ==
02:37:38     [1] SAOP_STOCK: se ni na vrsti po razporedu; preskoceno.
02:37:38     [2] SAOP_STOCK: se ni na vrsti po razporedu; preskoceno.
02:37:38     [3] SAOP_STOCK: se ni na vrsti po razporedu; preskoceno.
02:37:38     [4] SAOP_STOCK: se ni na vrsti po razporedu; preskoceno.
02:37:38     konec: Zaloga iz SAOP (kolicine)
02:37:38  == Izvoz cen in zaloge za splet ==
02:37:40     Izvoz profila MAGENTO_STOCK_PRICES končan: 352 vrstic v C:\Users\david\Desktop\PIM\NoviPIM\izvoz\magento\1
02:37:44     Izvoz profila MAGENTO_STOCK_PRICES končan: 2071 vrstic v C:\Users\david\Desktop\PIM\NoviPIM\izvoz\magento\2
02:37:47     Izvoz profila MAGENTO_STOCK_PRICES končan: 2488 vrstic v C:\Users\david\Desktop\PIM\NoviPIM\izvoz\magento\3
02:37:49     Izvoz profila MAGENTO_STOCK_PRICES končan: 0 vrstic v C:\Users\david\Desktop\PIM\NoviPIM\izvoz\magento\4
02:37:49     konec: Izvoz cen in zaloge za splet
02:37:49  Zalogovni cikel koncan; padlih korakov: 0.
02:42:27  == Zaloga NW_STOCK ==
02:42:29     [NW_STOCK] preskoceno: Razmik dobavitelja se tece; naslednji prenos po 3. 09. 2026 04:33.
02:42:29     Prevzem koncan: uspesno 0, neuspesno 0, skupaj virov 1.
02:42:30     Prebranih zapisov: 2763; SHA-256: 175dc9ae009539b123edc7e6076027a773aac9f6532e2777b6919971feb75917
02:42:30     Ta posnetek je ze v bazi; vir=NW_STOCK, podjetje=1, cas posnetka=2026-09-02 22:27:28Z, uporabljenih=2763, v karanteni=0, RunId=4ffa2612-a697-48f4-ab22-4fdd76d02219. Zapisano ni bilo nic.
02:42:31     Prebranih zapisov: 2763; SHA-256: 175dc9ae009539b123edc7e6076027a773aac9f6532e2777b6919971feb75917
02:42:31     Ta posnetek je ze v bazi; vir=NW_STOCK, podjetje=2, cas posnetka=2026-09-02 22:27:28Z, uporabljenih=2763, v karanteni=0, RunId=fe852c08-fe28-4b05-8c51-b4583f9ef8a5. Zapisano ni bilo nic.
02:42:32     Prebranih zapisov: 2763; SHA-256: 175dc9ae009539b123edc7e6076027a773aac9f6532e2777b6919971feb75917
02:42:32     Ta posnetek je ze v bazi; vir=NW_STOCK, podjetje=3, cas posnetka=2026-09-02 22:27:28Z, uporabljenih=2763, v karanteni=0, RunId=014795bc-baa9-4598-8e85-ca1a56394b6b. Zapisano ni bilo nic.
02:42:33     Prebranih zapisov: 2763; SHA-256: 175dc9ae009539b123edc7e6076027a773aac9f6532e2777b6919971feb75917
02:42:33     Ta posnetek je ze v bazi; vir=NW_STOCK, podjetje=4, cas posnetka=2026-09-02 22:27:28Z, uporabljenih=2763, v karanteni=0, RunId=5ddc9ea3-4711-47c8-a759-b300e2ceb505. Zapisano ni bilo nic.
02:42:33     konec: Zaloga NW_STOCK
02:42:33  == Zaloga BT_STOCK ==
02:42:34     SOURCE_FETCH: se ni na vrsti po razporedu; preskoceno.
02:42:35     Prebranih zapisov: 1389; SHA-256: 88b7c3e1f331eec94b93a68da91e45c3cb67f61785dc722e54236f147e3efb63
02:42:35     STOCK_FILE pri podjetju 1: se ni na vrsti po razporedu; preskoceno.
02:42:36     Prebranih zapisov: 1389; SHA-256: 88b7c3e1f331eec94b93a68da91e45c3cb67f61785dc722e54236f147e3efb63
02:42:36     STOCK_FILE pri podjetju 2: se ni na vrsti po razporedu; preskoceno.
02:42:37     Prebranih zapisov: 1389; SHA-256: 88b7c3e1f331eec94b93a68da91e45c3cb67f61785dc722e54236f147e3efb63
02:42:37     STOCK_FILE pri podjetju 3: se ni na vrsti po razporedu; preskoceno.
02:42:38     Prebranih zapisov: 1389; SHA-256: 88b7c3e1f331eec94b93a68da91e45c3cb67f61785dc722e54236f147e3efb63
02:42:38     STOCK_FILE pri podjetju 4: se ni na vrsti po razporedu; preskoceno.
02:42:38     konec: Zaloga BT_STOCK
02:42:38  == Zaloga iz SAOP (kolicine) ==
02:42:40     [1] SAOP_GETSTOCKS (GetStocks): skladišč=4, zapisov=16, uporabljenih=16, v karanteni=0, RunId=a68eeba4-e0c8-4105-8e94-d4463fe5f2ab.
02:42:43     [2] SAOP_GETSTOCKS (GetStocks): skladišč=1, zapisov=8734, uporabljenih=8734, v karanteni=0, RunId=b0d5ab5b-e385-473a-af3a-09ae87b1be02.
02:42:45     [3] SAOP_REGISTERED_VIEW (RegisteredViewData): skladišč=0, zapisov=3156, uporabljenih=3156, v karanteni=0, RunId=5da93833-7d18-45ac-aecd-de83ef80b0fd.
02:42:47     [4] SAOP_GETSTOCKS (GetStocks): skladišč=14, zapisov=3113, uporabljenih=3113, v karanteni=0, RunId=82877b9f-f78a-4eb5-89f7-1359543938cc.
02:42:47     konec: Zaloga iz SAOP (kolicine)
02:42:47  == Izvoz cen in zaloge za splet ==
02:42:48     Izvoz profila MAGENTO_STOCK_PRICES končan: 352 vrstic v C:\Users\david\Desktop\PIM\NoviPIM\izvoz\magento\1
02:42:52     Izvoz profila MAGENTO_STOCK_PRICES končan: 2071 vrstic v C:\Users\david\Desktop\PIM\NoviPIM\izvoz\magento\2
02:42:56     Izvoz profila MAGENTO_STOCK_PRICES končan: 2488 vrstic v C:\Users\david\Desktop\PIM\NoviPIM\izvoz\magento\3
02:42:57     Izvoz profila MAGENTO_STOCK_PRICES končan: 0 vrstic v C:\Users\david\Desktop\PIM\NoviPIM\izvoz\magento\4
02:42:57     konec: Izvoz cen in zaloge za splet
02:42:57  Zalogovni cikel koncan; padlih korakov: 0.
02:47:27  == Zaloga NW_STOCK ==
02:47:29     SOURCE_FETCH: se ni na vrsti po razporedu; preskoceno.
02:47:29     Prebranih zapisov: 2763; SHA-256: 175dc9ae009539b123edc7e6076027a773aac9f6532e2777b6919971feb75917
02:47:30     STOCK_FILE pri podjetju 1: se ni na vrsti po razporedu; preskoceno.
02:47:30     Prebranih zapisov: 2763; SHA-256: 175dc9ae009539b123edc7e6076027a773aac9f6532e2777b6919971feb75917
02:47:31     STOCK_FILE pri podjetju 2: se ni na vrsti po razporedu; preskoceno.
02:47:31     Prebranih zapisov: 2763; SHA-256: 175dc9ae009539b123edc7e6076027a773aac9f6532e2777b6919971feb75917
02:47:31     STOCK_FILE pri podjetju 3: se ni na vrsti po razporedu; preskoceno.
02:47:32     Prebranih zapisov: 2763; SHA-256: 175dc9ae009539b123edc7e6076027a773aac9f6532e2777b6919971feb75917
02:47:32     STOCK_FILE pri podjetju 4: se ni na vrsti po razporedu; preskoceno.
02:47:32     konec: Zaloga NW_STOCK
02:47:32  == Zaloga BT_STOCK ==
02:47:33     [BT_STOCK] preskoceno: Razmik dobavitelja se tece; naslednji prenos po 3. 09. 2026 04:07.
02:47:33     Prevzem koncan: uspesno 0, neuspesno 0, skupaj virov 1.
02:47:34     Prebranih zapisov: 1389; SHA-256: 88b7c3e1f331eec94b93a68da91e45c3cb67f61785dc722e54236f147e3efb63
02:47:34     Ta posnetek je ze v bazi; vir=BT_STOCK, podjetje=1, cas posnetka=2026-09-02 16:39:55Z, uporabljenih=1389, v karanteni=0, RunId=e4912780-b225-4977-b541-4c5c7a771824. Zapisano ni bilo nic.
02:47:35     Prebranih zapisov: 1389; SHA-256: 88b7c3e1f331eec94b93a68da91e45c3cb67f61785dc722e54236f147e3efb63
02:47:35     Ta posnetek je ze v bazi; vir=BT_STOCK, podjetje=2, cas posnetka=2026-09-02 16:39:55Z, uporabljenih=1389, v karanteni=0, RunId=f1953183-3abf-42a5-91cd-1677b89581d1. Zapisano ni bilo nic.
02:47:36     Prebranih zapisov: 1389; SHA-256: 88b7c3e1f331eec94b93a68da91e45c3cb67f61785dc722e54236f147e3efb63
02:47:36     Ta posnetek je ze v bazi; vir=BT_STOCK, podjetje=3, cas posnetka=2026-09-02 16:39:55Z, uporabljenih=1389, v karanteni=0, RunId=680e3a50-81b6-4668-860d-52d0c1e429d4. Zapisano ni bilo nic.
02:47:37     Prebranih zapisov: 1389; SHA-256: 88b7c3e1f331eec94b93a68da91e45c3cb67f61785dc722e54236f147e3efb63
02:47:38     Ta posnetek je ze v bazi; vir=BT_STOCK, podjetje=4, cas posnetka=2026-09-02 16:39:55Z, uporabljenih=1389, v karanteni=0, RunId=79b3b0aa-02c9-4df1-aeae-e68412b1e9e4. Zapisano ni bilo nic.
02:47:38     konec: Zaloga BT_STOCK
02:47:38  == Zaloga iz SAOP (kolicine) ==
02:47:38     [1] SAOP_STOCK: se ni na vrsti po razporedu; preskoceno.
02:47:38     [2] SAOP_STOCK: se ni na vrsti po razporedu; preskoceno.
02:47:38     [3] SAOP_STOCK: se ni na vrsti po razporedu; preskoceno.
02:47:38     [4] SAOP_STOCK: se ni na vrsti po razporedu; preskoceno.
02:47:39     konec: Zaloga iz SAOP (kolicine)
02:47:39  == Izvoz cen in zaloge za splet ==
02:47:40     Izvoz profila MAGENTO_STOCK_PRICES končan: 352 vrstic v C:\Users\david\Desktop\PIM\NoviPIM\izvoz\magento\1
02:47:44     Izvoz profila MAGENTO_STOCK_PRICES končan: 2071 vrstic v C:\Users\david\Desktop\PIM\NoviPIM\izvoz\magento\2
02:47:47     Izvoz profila MAGENTO_STOCK_PRICES končan: 2488 vrstic v C:\Users\david\Desktop\PIM\NoviPIM\izvoz\magento\3
02:47:49     Izvoz profila MAGENTO_STOCK_PRICES končan: 0 vrstic v C:\Users\david\Desktop\PIM\NoviPIM\izvoz\magento\4
02:47:49     konec: Izvoz cen in zaloge za splet
02:47:49  Zalogovni cikel koncan; padlih korakov: 0.
02:52:27  == Zaloga NW_STOCK ==
02:52:28     SOURCE_FETCH: se ni na vrsti po razporedu; preskoceno.
02:52:28     Prebranih zapisov: 2763; SHA-256: 175dc9ae009539b123edc7e6076027a773aac9f6532e2777b6919971feb75917
02:52:29     STOCK_FILE pri podjetju 1: se ni na vrsti po razporedu; preskoceno.
02:52:29     Prebranih zapisov: 2763; SHA-256: 175dc9ae009539b123edc7e6076027a773aac9f6532e2777b6919971feb75917
02:52:29     STOCK_FILE pri podjetju 2: se ni na vrsti po razporedu; preskoceno.
02:52:30     Prebranih zapisov: 2763; SHA-256: 175dc9ae009539b123edc7e6076027a773aac9f6532e2777b6919971feb75917
02:52:30     STOCK_FILE pri podjetju 3: se ni na vrsti po razporedu; preskoceno.
02:52:31     Prebranih zapisov: 2763; SHA-256: 175dc9ae009539b123edc7e6076027a773aac9f6532e2777b6919971feb75917
02:52:31     STOCK_FILE pri podjetju 4: se ni na vrsti po razporedu; preskoceno.
02:52:31     konec: Zaloga NW_STOCK
02:52:31  == Zaloga BT_STOCK ==
02:52:32     SOURCE_FETCH: se ni na vrsti po razporedu; preskoceno.
02:52:33     Prebranih zapisov: 1389; SHA-256: 88b7c3e1f331eec94b93a68da91e45c3cb67f61785dc722e54236f147e3efb63
02:52:33     STOCK_FILE pri podjetju 1: se ni na vrsti po razporedu; preskoceno.
02:52:34     Prebranih zapisov: 1389; SHA-256: 88b7c3e1f331eec94b93a68da91e45c3cb67f61785dc722e54236f147e3efb63
02:52:34     STOCK_FILE pri podjetju 2: se ni na vrsti po razporedu; preskoceno.
02:52:35     Prebranih zapisov: 1389; SHA-256: 88b7c3e1f331eec94b93a68da91e45c3cb67f61785dc722e54236f147e3efb63
02:52:35     STOCK_FILE pri podjetju 3: se ni na vrsti po razporedu; preskoceno.
02:52:36     Prebranih zapisov: 1389; SHA-256: 88b7c3e1f331eec94b93a68da91e45c3cb67f61785dc722e54236f147e3efb63
02:52:36     STOCK_FILE pri podjetju 4: se ni na vrsti po razporedu; preskoceno.
02:52:36     konec: Zaloga BT_STOCK
02:52:36  == Zaloga iz SAOP (kolicine) ==
02:52:58     STDERR: [1] NAPAKA: A connection attempt failed because the connected party did not properly respond after a period of time, or established connection failed because connected host has failed to respond. (192.168.178.12:81)
02:53:19     STDERR: [2] NAPAKA: A connection attempt failed because the connected party did not properly respond after a period of time, or established connection failed because connected host has failed to respond. (192.168.178.12:81)
02:53:40     STDERR: [3] NAPAKA: A connection attempt failed because the connected party did not properly respond after a period of time, or established connection failed because connected host has failed to respond. (192.168.178.12:81)
02:54:01     STDERR: [4] NAPAKA: A connection attempt failed because the connected party did not properly respond after a period of time, or established connection failed because connected host has failed to respond. (192.168.178.12:81)
02:54:01     NAPAKA: worker workers\PIM.SaopStockWorker je koncal z izhodno kodo 1
02:54:01  == Izvoz cen in zaloge za splet ==
02:54:03     Izvoz profila MAGENTO_STOCK_PRICES končan: 352 vrstic v C:\Users\david\Desktop\PIM\NoviPIM\izvoz\magento\1
02:54:07     Izvoz profila MAGENTO_STOCK_PRICES končan: 2071 vrstic v C:\Users\david\Desktop\PIM\NoviPIM\izvoz\magento\2
02:54:10     Izvoz profila MAGENTO_STOCK_PRICES končan: 2488 vrstic v C:\Users\david\Desktop\PIM\NoviPIM\izvoz\magento\3
02:54:11     Izvoz profila MAGENTO_STOCK_PRICES končan: 0 vrstic v C:\Users\david\Desktop\PIM\NoviPIM\izvoz\magento\4
02:54:11     konec: Izvoz cen in zaloge za splet
02:54:11  Zalogovni cikel koncan; padlih korakov: 1.
02:57:27  == Zaloga NW_STOCK ==
02:57:28     [NW_STOCK] preskoceno: Razmik dobavitelja se tece; naslednji prenos po 3. 09. 2026 04:33.
02:57:28     Prevzem koncan: uspesno 0, neuspesno 0, skupaj virov 1.
02:57:28     Prebranih zapisov: 2763; SHA-256: 175dc9ae009539b123edc7e6076027a773aac9f6532e2777b6919971feb75917
02:57:29     Ta posnetek je ze v bazi; vir=NW_STOCK, podjetje=1, cas posnetka=2026-09-02 22:27:28Z, uporabljenih=2763, v karanteni=0, RunId=4ffa2612-a697-48f4-ab22-4fdd76d02219. Zapisano ni bilo nic.
02:57:29     Prebranih zapisov: 2763; SHA-256: 175dc9ae009539b123edc7e6076027a773aac9f6532e2777b6919971feb75917
02:57:30     Ta posnetek je ze v bazi; vir=NW_STOCK, podjetje=2, cas posnetka=2026-09-02 22:27:28Z, uporabljenih=2763, v karanteni=0, RunId=fe852c08-fe28-4b05-8c51-b4583f9ef8a5. Zapisano ni bilo nic.
02:57:30     Prebranih zapisov: 2763; SHA-256: 175dc9ae009539b123edc7e6076027a773aac9f6532e2777b6919971feb75917
02:57:31     Ta posnetek je ze v bazi; vir=NW_STOCK, podjetje=3, cas posnetka=2026-09-02 22:27:28Z, uporabljenih=2763, v karanteni=0, RunId=014795bc-baa9-4598-8e85-ca1a56394b6b. Zapisano ni bilo nic.
02:57:31     Prebranih zapisov: 2763; SHA-256: 175dc9ae009539b123edc7e6076027a773aac9f6532e2777b6919971feb75917
02:57:32     Ta posnetek je ze v bazi; vir=NW_STOCK, podjetje=4, cas posnetka=2026-09-02 22:27:28Z, uporabljenih=2763, v karanteni=0, RunId=5ddc9ea3-4711-47c8-a759-b300e2ceb505. Zapisano ni bilo nic.
02:57:32     konec: Zaloga NW_STOCK
02:57:32  == Zaloga BT_STOCK ==
02:57:33     SOURCE_FETCH: se ni na vrsti po razporedu; preskoceno.
02:57:33     Prebranih zapisov: 1389; SHA-256: 88b7c3e1f331eec94b93a68da91e45c3cb67f61785dc722e54236f147e3efb63
02:57:34     STOCK_FILE pri podjetju 1: se ni na vrsti po razporedu; preskoceno.
02:57:34     Prebranih zapisov: 1389; SHA-256: 88b7c3e1f331eec94b93a68da91e45c3cb67f61785dc722e54236f147e3efb63
02:57:35     STOCK_FILE pri podjetju 2: se ni na vrsti po razporedu; preskoceno.
02:57:35     Prebranih zapisov: 1389; SHA-256: 88b7c3e1f331eec94b93a68da91e45c3cb67f61785dc722e54236f147e3efb63
02:57:35     STOCK_FILE pri podjetju 3: se ni na vrsti po razporedu; preskoceno.
02:57:36     Prebranih zapisov: 1389; SHA-256: 88b7c3e1f331eec94b93a68da91e45c3cb67f61785dc722e54236f147e3efb63
02:57:36     STOCK_FILE pri podjetju 4: se ni na vrsti po razporedu; preskoceno.
02:57:36     konec: Zaloga BT_STOCK
02:57:36  == Zaloga iz SAOP (kolicine) ==
02:57:58     STDERR: [1] NAPAKA: A connection attempt failed because the connected party did not properly respond after a period of time, or established connection failed because connected host has failed to respond. (192.168.178.12:81)
02:58:20     STDERR: [2] NAPAKA: A connection attempt failed because the connected party did not properly respond after a period of time, or established connection failed because connected host has failed to respond. (192.168.178.12:81)
02:58:41     STDERR: [3] NAPAKA: A connection attempt failed because the connected party did not properly respond after a period of time, or established connection failed because connected host has failed to respond. (192.168.178.12:81)
02:59:02     STDERR: [4] NAPAKA: A connection attempt failed because the connected party did not properly respond after a period of time, or established connection failed because connected host has failed to respond. (192.168.178.12:81)
02:59:02     NAPAKA: worker workers\PIM.SaopStockWorker je koncal z izhodno kodo 1
02:59:02  == Izvoz cen in zaloge za splet ==
02:59:03     Izvoz profila MAGENTO_STOCK_PRICES končan: 352 vrstic v C:\Users\david\Desktop\PIM\NoviPIM\izvoz\magento\1
02:59:07     Izvoz profila MAGENTO_STOCK_PRICES končan: 2071 vrstic v C:\Users\david\Desktop\PIM\NoviPIM\izvoz\magento\2
02:59:10     Izvoz profila MAGENTO_STOCK_PRICES končan: 2488 vrstic v C:\Users\david\Desktop\PIM\NoviPIM\izvoz\magento\3
02:59:12     Izvoz profila MAGENTO_STOCK_PRICES končan: 0 vrstic v C:\Users\david\Desktop\PIM\NoviPIM\izvoz\magento\4
02:59:12     konec: Izvoz cen in zaloge za splet
02:59:12  Zalogovni cikel koncan; padlih korakov: 1.
03:02:27  == Zaloga NW_STOCK ==
03:02:28     SOURCE_FETCH: se ni na vrsti po razporedu; preskoceno.
03:02:28     Prebranih zapisov: 2763; SHA-256: 175dc9ae009539b123edc7e6076027a773aac9f6532e2777b6919971feb75917
03:02:29     STOCK_FILE pri podjetju 1: se ni na vrsti po razporedu; preskoceno.
03:02:29     Prebranih zapisov: 2763; SHA-256: 175dc9ae009539b123edc7e6076027a773aac9f6532e2777b6919971feb75917
03:02:29     STOCK_FILE pri podjetju 2: se ni na vrsti po razporedu; preskoceno.
03:02:30     Prebranih zapisov: 2763; SHA-256: 175dc9ae009539b123edc7e6076027a773aac9f6532e2777b6919971feb75917
03:02:30     STOCK_FILE pri podjetju 3: se ni na vrsti po razporedu; preskoceno.
03:02:31     Prebranih zapisov: 2763; SHA-256: 175dc9ae009539b123edc7e6076027a773aac9f6532e2777b6919971feb75917
03:02:31     STOCK_FILE pri podjetju 4: se ni na vrsti po razporedu; preskoceno.
03:02:31     konec: Zaloga NW_STOCK
03:02:31  == Zaloga BT_STOCK ==
03:02:32     [BT_STOCK] preskoceno: Razmik dobavitelja se tece; naslednji prenos po 3. 09. 2026 04:07.
03:02:32     Prevzem koncan: uspesno 0, neuspesno 0, skupaj virov 1.
03:02:33     Prebranih zapisov: 1389; SHA-256: 88b7c3e1f331eec94b93a68da91e45c3cb67f61785dc722e54236f147e3efb63
03:02:33     Ta posnetek je ze v bazi; vir=BT_STOCK, podjetje=1, cas posnetka=2026-09-02 16:39:55Z, uporabljenih=1389, v karanteni=0, RunId=e4912780-b225-4977-b541-4c5c7a771824. Zapisano ni bilo nic.
03:02:34     Prebranih zapisov: 1389; SHA-256: 88b7c3e1f331eec94b93a68da91e45c3cb67f61785dc722e54236f147e3efb63
03:02:34     Ta posnetek je ze v bazi; vir=BT_STOCK, podjetje=2, cas posnetka=2026-09-02 16:39:55Z, uporabljenih=1389, v karanteni=0, RunId=f1953183-3abf-42a5-91cd-1677b89581d1. Zapisano ni bilo nic.
03:02:35     Prebranih zapisov: 1389; SHA-256: 88b7c3e1f331eec94b93a68da91e45c3cb67f61785dc722e54236f147e3efb63
03:02:35     Ta posnetek je ze v bazi; vir=BT_STOCK, podjetje=3, cas posnetka=2026-09-02 16:39:55Z, uporabljenih=1389, v karanteni=0, RunId=680e3a50-81b6-4668-860d-52d0c1e429d4. Zapisano ni bilo nic.
03:02:36     Prebranih zapisov: 1389; SHA-256: 88b7c3e1f331eec94b93a68da91e45c3cb67f61785dc722e54236f147e3efb63
03:02:36     Ta posnetek je ze v bazi; vir=BT_STOCK, podjetje=4, cas posnetka=2026-09-02 16:39:55Z, uporabljenih=1389, v karanteni=0, RunId=79b3b0aa-02c9-4df1-aeae-e68412b1e9e4. Zapisano ni bilo nic.
03:02:37     konec: Zaloga BT_STOCK
03:02:37  == Zaloga iz SAOP (kolicine) ==
03:02:59     STDERR: [1] NAPAKA: A connection attempt failed because the connected party did not properly respond after a period of time, or established connection failed because connected host has failed to respond. (192.168.178.12:81)
03:03:20     STDERR: [2] NAPAKA: A connection attempt failed because the connected party did not properly respond after a period of time, or established connection failed because connected host has failed to respond. (192.168.178.12:81)
03:03:41     STDERR: [3] NAPAKA: A connection attempt failed because the connected party did not properly respond after a period of time, or established connection failed because connected host has failed to respond. (192.168.178.12:81)
03:04:02     STDERR: [4] NAPAKA: A connection attempt failed because the connected party did not properly respond after a period of time, or established connection failed because connected host has failed to respond. (192.168.178.12:81)
03:04:02     NAPAKA: worker workers\PIM.SaopStockWorker je koncal z izhodno kodo 1
03:04:02  == Izvoz cen in zaloge za splet ==
03:04:03     Izvoz profila MAGENTO_STOCK_PRICES končan: 352 vrstic v C:\Users\david\Desktop\PIM\NoviPIM\izvoz\magento\1
03:04:07     Izvoz profila MAGENTO_STOCK_PRICES končan: 2071 vrstic v C:\Users\david\Desktop\PIM\NoviPIM\izvoz\magento\2
03:04:11     Izvoz profila MAGENTO_STOCK_PRICES končan: 2488 vrstic v C:\Users\david\Desktop\PIM\NoviPIM\izvoz\magento\3
03:04:12     Izvoz profila MAGENTO_STOCK_PRICES končan: 0 vrstic v C:\Users\david\Desktop\PIM\NoviPIM\izvoz\magento\4
03:04:12     konec: Izvoz cen in zaloge za splet
03:04:12  Zalogovni cikel koncan; padlih korakov: 1.
03:07:27  == Zaloga NW_STOCK ==
03:07:28     SOURCE_FETCH: se ni na vrsti po razporedu; preskoceno.
03:07:28     Prebranih zapisov: 2763; SHA-256: 175dc9ae009539b123edc7e6076027a773aac9f6532e2777b6919971feb75917
03:07:29     STOCK_FILE pri podjetju 1: se ni na vrsti po razporedu; preskoceno.
03:07:29     Prebranih zapisov: 2763; SHA-256: 175dc9ae009539b123edc7e6076027a773aac9f6532e2777b6919971feb75917
03:07:30     STOCK_FILE pri podjetju 2: se ni na vrsti po razporedu; preskoceno.
03:07:30     Prebranih zapisov: 2763; SHA-256: 175dc9ae009539b123edc7e6076027a773aac9f6532e2777b6919971feb75917
03:07:30     STOCK_FILE pri podjetju 3: se ni na vrsti po razporedu; preskoceno.
03:07:31     Prebranih zapisov: 2763; SHA-256: 175dc9ae009539b123edc7e6076027a773aac9f6532e2777b6919971feb75917
03:07:31     STOCK_FILE pri podjetju 4: se ni na vrsti po razporedu; preskoceno.
03:07:31     konec: Zaloga NW_STOCK
03:07:31  == Zaloga BT_STOCK ==
03:07:32     [BT_STOCK] preskoceno: Razmik dobavitelja se tece; naslednji prenos po 3. 09. 2026 04:07.
03:07:32     Prevzem koncan: uspesno 0, neuspesno 0, skupaj virov 1.
03:07:33     Prebranih zapisov: 1389; SHA-256: 88b7c3e1f331eec94b93a68da91e45c3cb67f61785dc722e54236f147e3efb63
03:07:33     Ta posnetek je ze v bazi; vir=BT_STOCK, podjetje=1, cas posnetka=2026-09-02 16:39:55Z, uporabljenih=1389, v karanteni=0, RunId=e4912780-b225-4977-b541-4c5c7a771824. Zapisano ni bilo nic.
03:07:34     Prebranih zapisov: 1389; SHA-256: 88b7c3e1f331eec94b93a68da91e45c3cb67f61785dc722e54236f147e3efb63
03:07:34     Ta posnetek je ze v bazi; vir=BT_STOCK, podjetje=2, cas posnetka=2026-09-02 16:39:55Z, uporabljenih=1389, v karanteni=0, RunId=f1953183-3abf-42a5-91cd-1677b89581d1. Zapisano ni bilo nic.
03:07:35     Prebranih zapisov: 1389; SHA-256: 88b7c3e1f331eec94b93a68da91e45c3cb67f61785dc722e54236f147e3efb63
03:07:35     Ta posnetek je ze v bazi; vir=BT_STOCK, podjetje=3, cas posnetka=2026-09-02 16:39:55Z, uporabljenih=1389, v karanteni=0, RunId=680e3a50-81b6-4668-860d-52d0c1e429d4. Zapisano ni bilo nic.
03:07:36     Prebranih zapisov: 1389; SHA-256: 88b7c3e1f331eec94b93a68da91e45c3cb67f61785dc722e54236f147e3efb63
03:07:37     Ta posnetek je ze v bazi; vir=BT_STOCK, podjetje=4, cas posnetka=2026-09-02 16:39:55Z, uporabljenih=1389, v karanteni=0, RunId=79b3b0aa-02c9-4df1-aeae-e68412b1e9e4. Zapisano ni bilo nic.
03:07:37     konec: Zaloga BT_STOCK
03:07:37  == Zaloga iz SAOP (kolicine) ==
03:07:59     STDERR: [1] NAPAKA: A connection attempt failed because the connected party did not properly respond after a period of time, or established connection failed because connected host has failed to respond. (192.168.178.12:81)
03:08:20     STDERR: [2] NAPAKA: A connection attempt failed because the connected party did not properly respond after a period of time, or established connection failed because connected host has failed to respond. (192.168.178.12:81)
03:08:41     STDERR: [3] NAPAKA: A connection attempt failed because the connected party did not properly respond after a period of time, or established connection failed because connected host has failed to respond. (192.168.178.12:81)
03:08:41     [4] SAOP_STOCK: se ni na vrsti po razporedu; preskoceno.
03:08:41     NAPAKA: worker workers\PIM.SaopStockWorker je koncal z izhodno kodo 1
03:08:41  == Izvoz cen in zaloge za splet ==
03:08:42     Izvoz profila MAGENTO_STOCK_PRICES končan: 352 vrstic v C:\Users\david\Desktop\PIM\NoviPIM\izvoz\magento\1
03:08:46     Izvoz profila MAGENTO_STOCK_PRICES končan: 2071 vrstic v C:\Users\david\Desktop\PIM\NoviPIM\izvoz\magento\2
03:08:49     Izvoz profila MAGENTO_STOCK_PRICES končan: 2488 vrstic v C:\Users\david\Desktop\PIM\NoviPIM\izvoz\magento\3
03:08:51     Izvoz profila MAGENTO_STOCK_PRICES končan: 0 vrstic v C:\Users\david\Desktop\PIM\NoviPIM\izvoz\magento\4
03:08:51     konec: Izvoz cen in zaloge za splet
03:08:51  Zalogovni cikel koncan; padlih korakov: 1.
03:12:27  == Zaloga NW_STOCK ==
03:12:28     SOURCE_FETCH: se ni na vrsti po razporedu; preskoceno.
03:12:28     Prebranih zapisov: 2763; SHA-256: 175dc9ae009539b123edc7e6076027a773aac9f6532e2777b6919971feb75917
03:12:29     STOCK_FILE pri podjetju 1: se ni na vrsti po razporedu; preskoceno.
03:12:29     Prebranih zapisov: 2763; SHA-256: 175dc9ae009539b123edc7e6076027a773aac9f6532e2777b6919971feb75917
03:12:30     STOCK_FILE pri podjetju 2: se ni na vrsti po razporedu; preskoceno.
03:12:30     Prebranih zapisov: 2763; SHA-256: 175dc9ae009539b123edc7e6076027a773aac9f6532e2777b6919971feb75917
03:12:30     STOCK_FILE pri podjetju 3: se ni na vrsti po razporedu; preskoceno.
03:12:31     Prebranih zapisov: 2763; SHA-256: 175dc9ae009539b123edc7e6076027a773aac9f6532e2777b6919971feb75917
03:12:31     STOCK_FILE pri podjetju 4: se ni na vrsti po razporedu; preskoceno.
03:12:31     konec: Zaloga NW_STOCK
03:12:31  == Zaloga BT_STOCK ==
03:12:32     SOURCE_FETCH: se ni na vrsti po razporedu; preskoceno.
03:12:33     Prebranih zapisov: 1389; SHA-256: 88b7c3e1f331eec94b93a68da91e45c3cb67f61785dc722e54236f147e3efb63
03:12:33     STOCK_FILE pri podjetju 1: se ni na vrsti po razporedu; preskoceno.
03:12:34     Prebranih zapisov: 1389; SHA-256: 88b7c3e1f331eec94b93a68da91e45c3cb67f61785dc722e54236f147e3efb63
03:12:34     STOCK_FILE pri podjetju 2: se ni na vrsti po razporedu; preskoceno.
03:12:35     Prebranih zapisov: 1389; SHA-256: 88b7c3e1f331eec94b93a68da91e45c3cb67f61785dc722e54236f147e3efb63
03:12:35     STOCK_FILE pri podjetju 3: se ni na vrsti po razporedu; preskoceno.
03:12:36     Prebranih zapisov: 1389; SHA-256: 88b7c3e1f331eec94b93a68da91e45c3cb67f61785dc722e54236f147e3efb63
03:12:36     STOCK_FILE pri podjetju 4: se ni na vrsti po razporedu; preskoceno.
03:12:36     konec: Zaloga BT_STOCK
03:12:36  == Zaloga iz SAOP (kolicine) ==
03:12:37     [1] SAOP_STOCK: se ni na vrsti po razporedu; preskoceno.
03:12:37     [2] SAOP_STOCK: se ni na vrsti po razporedu; preskoceno.
03:12:37     [3] SAOP_STOCK: se ni na vrsti po razporedu; preskoceno.
03:12:58     STDERR: [4] NAPAKA: A connection attempt failed because the connected party did not properly respond after a period of time, or established connection failed because connected host has failed to respond. (192.168.178.12:81)
03:12:58     NAPAKA: worker workers\PIM.SaopStockWorker je koncal z izhodno kodo 1
03:12:58  == Izvoz cen in zaloge za splet ==
03:13:00     Izvoz profila MAGENTO_STOCK_PRICES končan: 352 vrstic v C:\Users\david\Desktop\PIM\NoviPIM\izvoz\magento\1
03:13:03     Izvoz profila MAGENTO_STOCK_PRICES končan: 2071 vrstic v C:\Users\david\Desktop\PIM\NoviPIM\izvoz\magento\2
03:13:07     Izvoz profila MAGENTO_STOCK_PRICES končan: 2488 vrstic v C:\Users\david\Desktop\PIM\NoviPIM\izvoz\magento\3
03:13:08     Izvoz profila MAGENTO_STOCK_PRICES končan: 0 vrstic v C:\Users\david\Desktop\PIM\NoviPIM\izvoz\magento\4
03:13:08     konec: Izvoz cen in zaloge za splet
03:13:08  Zalogovni cikel koncan; padlih korakov: 1.
03:17:27  == Zaloga NW_STOCK ==
03:17:28     [NW_STOCK] preskoceno: Razmik dobavitelja se tece; naslednji prenos po 3. 09. 2026 04:33.
03:17:28     Prevzem koncan: uspesno 0, neuspesno 0, skupaj virov 1.
03:17:28     Prebranih zapisov: 2763; SHA-256: 175dc9ae009539b123edc7e6076027a773aac9f6532e2777b6919971feb75917
03:17:29     Ta posnetek je ze v bazi; vir=NW_STOCK, podjetje=1, cas posnetka=2026-09-02 22:27:28Z, uporabljenih=2763, v karanteni=0, RunId=4ffa2612-a697-48f4-ab22-4fdd76d02219. Zapisano ni bilo nic.
03:17:29     Prebranih zapisov: 2763; SHA-256: 175dc9ae009539b123edc7e6076027a773aac9f6532e2777b6919971feb75917
03:17:30     Ta posnetek je ze v bazi; vir=NW_STOCK, podjetje=2, cas posnetka=2026-09-02 22:27:28Z, uporabljenih=2763, v karanteni=0, RunId=fe852c08-fe28-4b05-8c51-b4583f9ef8a5. Zapisano ni bilo nic.
03:17:30     Prebranih zapisov: 2763; SHA-256: 175dc9ae009539b123edc7e6076027a773aac9f6532e2777b6919971feb75917
03:17:31     Ta posnetek je ze v bazi; vir=NW_STOCK, podjetje=3, cas posnetka=2026-09-02 22:27:28Z, uporabljenih=2763, v karanteni=0, RunId=014795bc-baa9-4598-8e85-ca1a56394b6b. Zapisano ni bilo nic.
03:17:31     Prebranih zapisov: 2763; SHA-256: 175dc9ae009539b123edc7e6076027a773aac9f6532e2777b6919971feb75917
03:17:32     Ta posnetek je ze v bazi; vir=NW_STOCK, podjetje=4, cas posnetka=2026-09-02 22:27:28Z, uporabljenih=2763, v karanteni=0, RunId=5ddc9ea3-4711-47c8-a759-b300e2ceb505. Zapisano ni bilo nic.
03:17:32     konec: Zaloga NW_STOCK
03:17:32  == Zaloga BT_STOCK ==
03:17:33     SOURCE_FETCH: se ni na vrsti po razporedu; preskoceno.
03:17:33     Prebranih zapisov: 1389; SHA-256: 88b7c3e1f331eec94b93a68da91e45c3cb67f61785dc722e54236f147e3efb63
03:17:34     STOCK_FILE pri podjetju 1: se ni na vrsti po razporedu; preskoceno.
03:17:34     Prebranih zapisov: 1389; SHA-256: 88b7c3e1f331eec94b93a68da91e45c3cb67f61785dc722e54236f147e3efb63
03:17:35     STOCK_FILE pri podjetju 2: se ni na vrsti po razporedu; preskoceno.
03:17:35     Prebranih zapisov: 1389; SHA-256: 88b7c3e1f331eec94b93a68da91e45c3cb67f61785dc722e54236f147e3efb63
03:17:36     STOCK_FILE pri podjetju 3: se ni na vrsti po razporedu; preskoceno.
03:17:36     Prebranih zapisov: 1389; SHA-256: 88b7c3e1f331eec94b93a68da91e45c3cb67f61785dc722e54236f147e3efb63
03:17:37     STOCK_FILE pri podjetju 4: se ni na vrsti po razporedu; preskoceno.
03:17:37     konec: Zaloga BT_STOCK
03:17:37  == Zaloga iz SAOP (kolicine) ==
03:17:59     STDERR: Unhandled exception. Microsoft.Data.SqlClient.SqlException (0x80131904): Cannot insert the value NULL into column 'DedupKey', table 'PIM.ops.Alert'; column does not allow nulls. INSERT fails.
03:17:59     STDERR:    at Microsoft.Data.SqlClient.SqlConnection.OnError(SqlException exception, Boolean breakConnection, Action`1 wrapCloseInAction)
03:17:59     STDERR:    at Microsoft.Data.SqlClient.SqlInternalConnection.OnError(SqlException exception, Boolean breakConnection, Action`1 wrapCloseInAction)
03:17:59     STDERR:    at Microsoft.Data.SqlClient.TdsParser.ThrowExceptionAndWarning(TdsParserStateObject stateObj, SqlCommand command, Boolean callerHasConnectionLock, Boolean asyncClose)
03:17:59     STDERR:    at Microsoft.Data.SqlClient.TdsParser.TryRun(RunBehavior runBehavior, SqlCommand cmdHandler, SqlDataReader dataStream, BulkCopySimpleResultSet bulkCopyHandler, TdsParserStateObject stateObj, Boolean& dataReady)
03:17:59     STDERR:    at Microsoft.Data.SqlClient.SqlCommand.FinishExecuteReader(SqlDataReader ds, RunBehavior runBehavior, String resetOptionsString, Boolean isInternal, Boolean forDescribeParameterEncryption, Boolean shouldCacheForAlwaysEncrypted)
03:17:59     STDERR:    at Microsoft.Data.SqlClient.SqlCommand.CompleteAsyncExecuteReader(Boolean isInternal, Boolean forDescribeParameterEncryption)
03:17:59     STDERR:    at Microsoft.Data.SqlClient.SqlCommand.InternalEndExecuteNonQuery(IAsyncResult asyncResult, Boolean isInternal, String endMethod)
03:17:59     STDERR:    at Microsoft.Data.SqlClient.SqlCommand.EndExecuteNonQueryInternal(IAsyncResult asyncResult)
03:17:59     STDERR:    at Microsoft.Data.SqlClient.SqlCommand.EndExecuteNonQueryAsync(IAsyncResult asyncResult)
03:17:59     STDERR:    at Microsoft.Data.SqlClient.SqlCommand.<>c.<InternalExecuteNonQueryAsync>b__193_1(IAsyncResult asyncResult)
03:17:59     STDERR:    at System.Threading.Tasks.TaskFactory`1.FromAsyncCoreLogic(IAsyncResult iar, Func`2 endFunction, Action`1 endAction, Task`1 promise, Boolean requiresSynchronization)
03:17:59     STDERR: --- End of stack trace from previous location ---
03:17:59     STDERR:    at PIM.Operations.OperationsRun.CompleteAsync(Boolean succeeded, String redactedError, CancellationToken cancellationToken) in C:\Users\david\Desktop\PIM\NoviPIM\PIM_Solution\src\PIM.Operations\OperationsRun.cs:line 83
03:17:59     STDERR:    at PIM.Operations.OperationsRun.CompleteAsync(Boolean succeeded, String redactedError, CancellationToken cancellationToken) in C:\Users\david\Desktop\PIM\NoviPIM\PIM_Solution\src\PIM.Operations\OperationsRun.cs:line 84
03:17:59     STDERR:    at Program.<Main>$(String[] args) in C:\Users\david\Desktop\PIM\NoviPIM\PIM_Solution\workers\PIM.SaopStockWorker\Program.cs:line 124
03:17:59     STDERR:    at Program.<Main>$(String[] args) in C:\Users\david\Desktop\PIM\NoviPIM\PIM_Solution\workers\PIM.SaopStockWorker\Program.cs:line 130
03:17:59     STDERR:    at Program.<Main>(String[] args)
03:17:59     STDERR: ClientConnectionId:5afd02ed-ec15-41ac-a471-4d41829c2745
03:17:59     STDERR: Error Number:515,State:2,Class:16
03:18:00     NAPAKA: worker workers\PIM.SaopStockWorker je koncal z izhodno kodo -532462766
03:18:00  == Izvoz cen in zaloge za splet ==
03:18:02     Izvoz profila MAGENTO_STOCK_PRICES končan: 352 vrstic v C:\Users\david\Desktop\PIM\NoviPIM\izvoz\magento\1
03:18:05     Izvoz profila MAGENTO_STOCK_PRICES končan: 2071 vrstic v C:\Users\david\Desktop\PIM\NoviPIM\izvoz\magento\2
03:18:09     Izvoz profila MAGENTO_STOCK_PRICES končan: 2488 vrstic v C:\Users\david\Desktop\PIM\NoviPIM\izvoz\magento\3
03:18:10     Izvoz profila MAGENTO_STOCK_PRICES končan: 0 vrstic v C:\Users\david\Desktop\PIM\NoviPIM\izvoz\magento\4
03:18:10     konec: Izvoz cen in zaloge za splet
03:18:10  Zalogovni cikel koncan; padlih korakov: 1.
03:22:27  == Zaloga NW_STOCK ==
03:22:28     SOURCE_FETCH: se ni na vrsti po razporedu; preskoceno.
03:22:28     Prebranih zapisov: 2763; SHA-256: 175dc9ae009539b123edc7e6076027a773aac9f6532e2777b6919971feb75917
03:22:29     STOCK_FILE pri podjetju 1: se ni na vrsti po razporedu; preskoceno.
03:22:29     Prebranih zapisov: 2763; SHA-256: 175dc9ae009539b123edc7e6076027a773aac9f6532e2777b6919971feb75917
03:22:30     STOCK_FILE pri podjetju 2: se ni na vrsti po razporedu; preskoceno.
03:22:30     Prebranih zapisov: 2763; SHA-256: 175dc9ae009539b123edc7e6076027a773aac9f6532e2777b6919971feb75917
03:22:30     STOCK_FILE pri podjetju 3: se ni na vrsti po razporedu; preskoceno.
03:22:31     Prebranih zapisov: 2763; SHA-256: 175dc9ae009539b123edc7e6076027a773aac9f6532e2777b6919971feb75917
03:22:31     STOCK_FILE pri podjetju 4: se ni na vrsti po razporedu; preskoceno.
03:22:31     konec: Zaloga NW_STOCK
03:22:31  == Zaloga BT_STOCK ==
03:22:32     [BT_STOCK] preskoceno: Razmik dobavitelja se tece; naslednji prenos po 3. 09. 2026 04:07.
03:22:32     Prevzem koncan: uspesno 0, neuspesno 0, skupaj virov 1.
03:22:33     Prebranih zapisov: 1389; SHA-256: 88b7c3e1f331eec94b93a68da91e45c3cb67f61785dc722e54236f147e3efb63
03:22:33     Ta posnetek je ze v bazi; vir=BT_STOCK, podjetje=1, cas posnetka=2026-09-02 16:39:55Z, uporabljenih=1389, v karanteni=0, RunId=e4912780-b225-4977-b541-4c5c7a771824. Zapisano ni bilo nic.
03:22:34     Prebranih zapisov: 1389; SHA-256: 88b7c3e1f331eec94b93a68da91e45c3cb67f61785dc722e54236f147e3efb63
03:22:34     Ta posnetek je ze v bazi; vir=BT_STOCK, podjetje=2, cas posnetka=2026-09-02 16:39:55Z, uporabljenih=1389, v karanteni=0, RunId=f1953183-3abf-42a5-91cd-1677b89581d1. Zapisano ni bilo nic.
03:22:35     Prebranih zapisov: 1389; SHA-256: 88b7c3e1f331eec94b93a68da91e45c3cb67f61785dc722e54236f147e3efb63
03:22:35     Ta posnetek je ze v bazi; vir=BT_STOCK, podjetje=3, cas posnetka=2026-09-02 16:39:55Z, uporabljenih=1389, v karanteni=0, RunId=680e3a50-81b6-4668-860d-52d0c1e429d4. Zapisano ni bilo nic.
03:22:36     Prebranih zapisov: 1389; SHA-256: 88b7c3e1f331eec94b93a68da91e45c3cb67f61785dc722e54236f147e3efb63
03:22:37     Ta posnetek je ze v bazi; vir=BT_STOCK, podjetje=4, cas posnetka=2026-09-02 16:39:55Z, uporabljenih=1389, v karanteni=0, RunId=79b3b0aa-02c9-4df1-aeae-e68412b1e9e4. Zapisano ni bilo nic.
03:22:37     konec: Zaloga BT_STOCK
03:22:37  == Zaloga iz SAOP (kolicine) ==
03:22:37     [1] SAOP_STOCK: se ni na vrsti po razporedu; preskoceno.
03:22:59     STDERR: Unhandled exception. Microsoft.Data.SqlClient.SqlException (0x80131904): Cannot insert the value NULL into column 'DedupKey', table 'PIM.ops.Alert'; column does not allow nulls. INSERT fails.
03:22:59     STDERR:    at Microsoft.Data.SqlClient.SqlConnection.OnError(SqlException exception, Boolean breakConnection, Action`1 wrapCloseInAction)
03:22:59     STDERR:    at Microsoft.Data.SqlClient.SqlInternalConnection.OnError(SqlException exception, Boolean breakConnection, Action`1 wrapCloseInAction)
03:22:59     STDERR:    at Microsoft.Data.SqlClient.TdsParser.ThrowExceptionAndWarning(TdsParserStateObject stateObj, SqlCommand command, Boolean callerHasConnectionLock, Boolean asyncClose)
03:22:59     STDERR:    at Microsoft.Data.SqlClient.TdsParser.TryRun(RunBehavior runBehavior, SqlCommand cmdHandler, SqlDataReader dataStream, BulkCopySimpleResultSet bulkCopyHandler, TdsParserStateObject stateObj, Boolean& dataReady)
03:22:59     STDERR:    at Microsoft.Data.SqlClient.SqlCommand.FinishExecuteReader(SqlDataReader ds, RunBehavior runBehavior, String resetOptionsString, Boolean isInternal, Boolean forDescribeParameterEncryption, Boolean shouldCacheForAlwaysEncrypted)
03:22:59     STDERR:    at Microsoft.Data.SqlClient.SqlCommand.CompleteAsyncExecuteReader(Boolean isInternal, Boolean forDescribeParameterEncryption)
03:22:59     STDERR:    at Microsoft.Data.SqlClient.SqlCommand.InternalEndExecuteNonQuery(IAsyncResult asyncResult, Boolean isInternal, String endMethod)
03:22:59     STDERR:    at Microsoft.Data.SqlClient.SqlCommand.EndExecuteNonQueryInternal(IAsyncResult asyncResult)
03:22:59     STDERR:    at Microsoft.Data.SqlClient.SqlCommand.EndExecuteNonQueryAsync(IAsyncResult asyncResult)
03:22:59     STDERR:    at Microsoft.Data.SqlClient.SqlCommand.<>c.<InternalExecuteNonQueryAsync>b__193_1(IAsyncResult asyncResult)
03:22:59     STDERR:    at System.Threading.Tasks.TaskFactory`1.FromAsyncCoreLogic(IAsyncResult iar, Func`2 endFunction, Action`1 endAction, Task`1 promise, Boolean requiresSynchronization)
03:22:59     STDERR: --- End of stack trace from previous location ---
03:22:59     STDERR:    at PIM.Operations.OperationsRun.CompleteAsync(Boolean succeeded, String redactedError, CancellationToken cancellationToken) in C:\Users\david\Desktop\PIM\NoviPIM\PIM_Solution\src\PIM.Operations\OperationsRun.cs:line 83
03:22:59     STDERR:    at PIM.Operations.OperationsRun.CompleteAsync(Boolean succeeded, String redactedError, CancellationToken cancellationToken) in C:\Users\david\Desktop\PIM\NoviPIM\PIM_Solution\src\PIM.Operations\OperationsRun.cs:line 84
03:22:59     STDERR:    at Program.<Main>$(String[] args) in C:\Users\david\Desktop\PIM\NoviPIM\PIM_Solution\workers\PIM.SaopStockWorker\Program.cs:line 124
03:22:59     STDERR:    at Program.<Main>$(String[] args) in C:\Users\david\Desktop\PIM\NoviPIM\PIM_Solution\workers\PIM.SaopStockWorker\Program.cs:line 130
03:22:59     STDERR:    at Program.<Main>(String[] args)
03:22:59     STDERR: ClientConnectionId:a817dbcd-b078-45fd-9815-e4dd78217b6d
03:22:59     STDERR: Error Number:515,State:2,Class:16
03:23:00     NAPAKA: worker workers\PIM.SaopStockWorker je koncal z izhodno kodo -532462766
03:23:00  == Izvoz cen in zaloge za splet ==
03:23:02     Izvoz profila MAGENTO_STOCK_PRICES končan: 352 vrstic v C:\Users\david\Desktop\PIM\NoviPIM\izvoz\magento\1
03:23:05     Izvoz profila MAGENTO_STOCK_PRICES končan: 2071 vrstic v C:\Users\david\Desktop\PIM\NoviPIM\izvoz\magento\2
03:23:09     Izvoz profila MAGENTO_STOCK_PRICES končan: 2488 vrstic v C:\Users\david\Desktop\PIM\NoviPIM\izvoz\magento\3
03:23:10     Izvoz profila MAGENTO_STOCK_PRICES končan: 0 vrstic v C:\Users\david\Desktop\PIM\NoviPIM\izvoz\magento\4
03:23:10     konec: Izvoz cen in zaloge za splet
03:23:10  Zalogovni cikel koncan; padlih korakov: 1.
03:27:27  == Zaloga NW_STOCK ==
03:27:28     SOURCE_FETCH: se ni na vrsti po razporedu; preskoceno.
03:27:28     Prebranih zapisov: 2763; SHA-256: 175dc9ae009539b123edc7e6076027a773aac9f6532e2777b6919971feb75917
03:27:29     STOCK_FILE pri podjetju 1: se ni na vrsti po razporedu; preskoceno.
03:27:29     Prebranih zapisov: 2763; SHA-256: 175dc9ae009539b123edc7e6076027a773aac9f6532e2777b6919971feb75917
03:27:30     STOCK_FILE pri podjetju 2: se ni na vrsti po razporedu; preskoceno.
03:27:30     Prebranih zapisov: 2763; SHA-256: 175dc9ae009539b123edc7e6076027a773aac9f6532e2777b6919971feb75917
03:27:30     STOCK_FILE pri podjetju 3: se ni na vrsti po razporedu; preskoceno.
03:27:31     Prebranih zapisov: 2763; SHA-256: 175dc9ae009539b123edc7e6076027a773aac9f6532e2777b6919971feb75917
03:27:31     STOCK_FILE pri podjetju 4: se ni na vrsti po razporedu; preskoceno.
03:27:31     konec: Zaloga NW_STOCK
03:27:31  == Zaloga BT_STOCK ==
03:27:32     SOURCE_FETCH: se ni na vrsti po razporedu; preskoceno.
03:27:33     Prebranih zapisov: 1389; SHA-256: 88b7c3e1f331eec94b93a68da91e45c3cb67f61785dc722e54236f147e3efb63
03:27:33     STOCK_FILE pri podjetju 1: se ni na vrsti po razporedu; preskoceno.
03:27:34     Prebranih zapisov: 1389; SHA-256: 88b7c3e1f331eec94b93a68da91e45c3cb67f61785dc722e54236f147e3efb63
03:27:34     STOCK_FILE pri podjetju 2: se ni na vrsti po razporedu; preskoceno.
03:27:35     Prebranih zapisov: 1389; SHA-256: 88b7c3e1f331eec94b93a68da91e45c3cb67f61785dc722e54236f147e3efb63
03:27:35     STOCK_FILE pri podjetju 3: se ni na vrsti po razporedu; preskoceno.
03:27:36     Prebranih zapisov: 1389; SHA-256: 88b7c3e1f331eec94b93a68da91e45c3cb67f61785dc722e54236f147e3efb63
03:27:36     STOCK_FILE pri podjetju 4: se ni na vrsti po razporedu; preskoceno.
03:27:36     konec: Zaloga BT_STOCK
03:27:36  == Zaloga iz SAOP (kolicine) ==
03:27:37     [1] SAOP_STOCK: se ni na vrsti po razporedu; preskoceno.
03:27:37     [2] SAOP_STOCK: se ni na vrsti po razporedu; preskoceno.
03:27:58     STDERR: Unhandled exception. Microsoft.Data.SqlClient.SqlException (0x80131904): Cannot insert the value NULL into column 'DedupKey', table 'PIM.ops.Alert'; column does not allow nulls. INSERT fails.
03:27:58     STDERR:    at Microsoft.Data.SqlClient.SqlConnection.OnError(SqlException exception, Boolean breakConnection, Action`1 wrapCloseInAction)
03:27:58     STDERR:    at Microsoft.Data.SqlClient.SqlInternalConnection.OnError(SqlException exception, Boolean breakConnection, Action`1 wrapCloseInAction)
03:27:58     STDERR:    at Microsoft.Data.SqlClient.TdsParser.ThrowExceptionAndWarning(TdsParserStateObject stateObj, SqlCommand command, Boolean callerHasConnectionLock, Boolean asyncClose)
03:27:58     STDERR:    at Microsoft.Data.SqlClient.TdsParser.TryRun(RunBehavior runBehavior, SqlCommand cmdHandler, SqlDataReader dataStream, BulkCopySimpleResultSet bulkCopyHandler, TdsParserStateObject stateObj, Boolean& dataReady)
03:27:58     STDERR:    at Microsoft.Data.SqlClient.SqlCommand.FinishExecuteReader(SqlDataReader ds, RunBehavior runBehavior, String resetOptionsString, Boolean isInternal, Boolean forDescribeParameterEncryption, Boolean shouldCacheForAlwaysEncrypted)
03:27:58     STDERR:    at Microsoft.Data.SqlClient.SqlCommand.CompleteAsyncExecuteReader(Boolean isInternal, Boolean forDescribeParameterEncryption)
03:27:58     STDERR:    at Microsoft.Data.SqlClient.SqlCommand.InternalEndExecuteNonQuery(IAsyncResult asyncResult, Boolean isInternal, String endMethod)
03:27:58     STDERR:    at Microsoft.Data.SqlClient.SqlCommand.EndExecuteNonQueryInternal(IAsyncResult asyncResult)
03:27:58     STDERR:    at Microsoft.Data.SqlClient.SqlCommand.EndExecuteNonQueryAsync(IAsyncResult asyncResult)
03:27:58     STDERR:    at Microsoft.Data.SqlClient.SqlCommand.<>c.<InternalExecuteNonQueryAsync>b__193_1(IAsyncResult asyncResult)
03:27:58     STDERR:    at System.Threading.Tasks.TaskFactory`1.FromAsyncCoreLogic(IAsyncResult iar, Func`2 endFunction, Action`1 endAction, Task`1 promise, Boolean requiresSynchronization)
03:27:58     STDERR: --- End of stack trace from previous location ---
03:27:58     STDERR:    at PIM.Operations.OperationsRun.CompleteAsync(Boolean succeeded, String redactedError, CancellationToken cancellationToken) in C:\Users\david\Desktop\PIM\NoviPIM\PIM_Solution\src\PIM.Operations\OperationsRun.cs:line 83
03:27:58     STDERR:    at PIM.Operations.OperationsRun.CompleteAsync(Boolean succeeded, String redactedError, CancellationToken cancellationToken) in C:\Users\david\Desktop\PIM\NoviPIM\PIM_Solution\src\PIM.Operations\OperationsRun.cs:line 84
03:27:58     STDERR:    at Program.<Main>$(String[] args) in C:\Users\david\Desktop\PIM\NoviPIM\PIM_Solution\workers\PIM.SaopStockWorker\Program.cs:line 124
03:27:58     STDERR:    at Program.<Main>$(String[] args) in C:\Users\david\Desktop\PIM\NoviPIM\PIM_Solution\workers\PIM.SaopStockWorker\Program.cs:line 130
03:27:58     STDERR:    at Program.<Main>(String[] args)
03:27:58     STDERR: ClientConnectionId:bc5b7774-75bf-4170-ae57-c140e490c5d8
03:27:58     STDERR: Error Number:515,State:2,Class:16
03:28:00     NAPAKA: worker workers\PIM.SaopStockWorker je koncal z izhodno kodo -532462766
03:28:00  == Izvoz cen in zaloge za splet ==
03:28:02     Izvoz profila MAGENTO_STOCK_PRICES končan: 352 vrstic v C:\Users\david\Desktop\PIM\NoviPIM\izvoz\magento\1
03:28:05     Izvoz profila MAGENTO_STOCK_PRICES končan: 2071 vrstic v C:\Users\david\Desktop\PIM\NoviPIM\izvoz\magento\2
03:28:09     Izvoz profila MAGENTO_STOCK_PRICES končan: 2488 vrstic v C:\Users\david\Desktop\PIM\NoviPIM\izvoz\magento\3
03:28:10     Izvoz profila MAGENTO_STOCK_PRICES končan: 0 vrstic v C:\Users\david\Desktop\PIM\NoviPIM\izvoz\magento\4
03:28:10     konec: Izvoz cen in zaloge za splet
03:28:10  Zalogovni cikel koncan; padlih korakov: 1.
03:32:27  == Zaloga NW_STOCK ==
03:32:28     [NW_STOCK] preskoceno: Razmik dobavitelja se tece; naslednji prenos po 3. 09. 2026 04:33.
03:32:28     Prevzem koncan: uspesno 0, neuspesno 0, skupaj virov 1.
03:32:28     Prebranih zapisov: 2763; SHA-256: 175dc9ae009539b123edc7e6076027a773aac9f6532e2777b6919971feb75917
03:32:29     Ta posnetek je ze v bazi; vir=NW_STOCK, podjetje=1, cas posnetka=2026-09-02 22:27:28Z, uporabljenih=2763, v karanteni=0, RunId=4ffa2612-a697-48f4-ab22-4fdd76d02219. Zapisano ni bilo nic.
03:32:29     Prebranih zapisov: 2763; SHA-256: 175dc9ae009539b123edc7e6076027a773aac9f6532e2777b6919971feb75917
03:32:30     Ta posnetek je ze v bazi; vir=NW_STOCK, podjetje=2, cas posnetka=2026-09-02 22:27:28Z, uporabljenih=2763, v karanteni=0, RunId=fe852c08-fe28-4b05-8c51-b4583f9ef8a5. Zapisano ni bilo nic.
03:32:30     Prebranih zapisov: 2763; SHA-256: 175dc9ae009539b123edc7e6076027a773aac9f6532e2777b6919971feb75917
03:32:31     Ta posnetek je ze v bazi; vir=NW_STOCK, podjetje=3, cas posnetka=2026-09-02 22:27:28Z, uporabljenih=2763, v karanteni=0, RunId=014795bc-baa9-4598-8e85-ca1a56394b6b. Zapisano ni bilo nic.
03:32:31     Prebranih zapisov: 2763; SHA-256: 175dc9ae009539b123edc7e6076027a773aac9f6532e2777b6919971feb75917
03:32:32     Ta posnetek je ze v bazi; vir=NW_STOCK, podjetje=4, cas posnetka=2026-09-02 22:27:28Z, uporabljenih=2763, v karanteni=0, RunId=5ddc9ea3-4711-47c8-a759-b300e2ceb505. Zapisano ni bilo nic.
03:32:32     konec: Zaloga NW_STOCK
03:32:32  == Zaloga BT_STOCK ==
03:32:33     SOURCE_FETCH: se ni na vrsti po razporedu; preskoceno.
03:32:33     Prebranih zapisov: 1389; SHA-256: 88b7c3e1f331eec94b93a68da91e45c3cb67f61785dc722e54236f147e3efb63
03:32:34     STOCK_FILE pri podjetju 1: se ni na vrsti po razporedu; preskoceno.
03:32:34     Prebranih zapisov: 1389; SHA-256: 88b7c3e1f331eec94b93a68da91e45c3cb67f61785dc722e54236f147e3efb63
03:32:35     STOCK_FILE pri podjetju 2: se ni na vrsti po razporedu; preskoceno.
03:32:35     Prebranih zapisov: 1389; SHA-256: 88b7c3e1f331eec94b93a68da91e45c3cb67f61785dc722e54236f147e3efb63
03:32:36     STOCK_FILE pri podjetju 3: se ni na vrsti po razporedu; preskoceno.
03:32:36     Prebranih zapisov: 1389; SHA-256: 88b7c3e1f331eec94b93a68da91e45c3cb67f61785dc722e54236f147e3efb63
03:32:37     STOCK_FILE pri podjetju 4: se ni na vrsti po razporedu; preskoceno.
03:32:37     konec: Zaloga BT_STOCK
03:32:37  == Zaloga iz SAOP (kolicine) ==
03:32:37     [1] SAOP_STOCK: se ni na vrsti po razporedu; preskoceno.
03:32:37     [2] SAOP_STOCK: se ni na vrsti po razporedu; preskoceno.
03:32:37     [3] SAOP_STOCK: se ni na vrsti po razporedu; preskoceno.
03:32:59     STDERR: Unhandled exception. Microsoft.Data.SqlClient.SqlException (0x80131904): Cannot insert the value NULL into column 'DedupKey', table 'PIM.ops.Alert'; column does not allow nulls. INSERT fails.
03:32:59     STDERR:    at Microsoft.Data.SqlClient.SqlConnection.OnError(SqlException exception, Boolean breakConnection, Action`1 wrapCloseInAction)
03:32:59     STDERR:    at Microsoft.Data.SqlClient.SqlInternalConnection.OnError(SqlException exception, Boolean breakConnection, Action`1 wrapCloseInAction)
03:32:59     STDERR:    at Microsoft.Data.SqlClient.TdsParser.ThrowExceptionAndWarning(TdsParserStateObject stateObj, SqlCommand command, Boolean callerHasConnectionLock, Boolean asyncClose)
03:32:59     STDERR:    at Microsoft.Data.SqlClient.TdsParser.TryRun(RunBehavior runBehavior, SqlCommand cmdHandler, SqlDataReader dataStream, BulkCopySimpleResultSet bulkCopyHandler, TdsParserStateObject stateObj, Boolean& dataReady)
03:32:59     STDERR:    at Microsoft.Data.SqlClient.SqlCommand.FinishExecuteReader(SqlDataReader ds, RunBehavior runBehavior, String resetOptionsString, Boolean isInternal, Boolean forDescribeParameterEncryption, Boolean shouldCacheForAlwaysEncrypted)
03:32:59     STDERR:    at Microsoft.Data.SqlClient.SqlCommand.CompleteAsyncExecuteReader(Boolean isInternal, Boolean forDescribeParameterEncryption)
03:32:59     STDERR:    at Microsoft.Data.SqlClient.SqlCommand.InternalEndExecuteNonQuery(IAsyncResult asyncResult, Boolean isInternal, String endMethod)
03:32:59     STDERR:    at Microsoft.Data.SqlClient.SqlCommand.EndExecuteNonQueryInternal(IAsyncResult asyncResult)
03:32:59     STDERR:    at Microsoft.Data.SqlClient.SqlCommand.EndExecuteNonQueryAsync(IAsyncResult asyncResult)
03:32:59     STDERR:    at Microsoft.Data.SqlClient.SqlCommand.<>c.<InternalExecuteNonQueryAsync>b__193_1(IAsyncResult asyncResult)
03:32:59     STDERR:    at System.Threading.Tasks.TaskFactory`1.FromAsyncCoreLogic(IAsyncResult iar, Func`2 endFunction, Action`1 endAction, Task`1 promise, Boolean requiresSynchronization)
03:32:59     STDERR: --- End of stack trace from previous location ---
03:32:59     STDERR:    at PIM.Operations.OperationsRun.CompleteAsync(Boolean succeeded, String redactedError, CancellationToken cancellationToken) in C:\Users\david\Desktop\PIM\NoviPIM\PIM_Solution\src\PIM.Operations\OperationsRun.cs:line 83
03:32:59     STDERR:    at PIM.Operations.OperationsRun.CompleteAsync(Boolean succeeded, String redactedError, CancellationToken cancellationToken) in C:\Users\david\Desktop\PIM\NoviPIM\PIM_Solution\src\PIM.Operations\OperationsRun.cs:line 84
03:32:59     STDERR:    at Program.<Main>$(String[] args) in C:\Users\david\Desktop\PIM\NoviPIM\PIM_Solution\workers\PIM.SaopStockWorker\Program.cs:line 124
03:32:59     STDERR:    at Program.<Main>$(String[] args) in C:\Users\david\Desktop\PIM\NoviPIM\PIM_Solution\workers\PIM.SaopStockWorker\Program.cs:line 130
03:32:59     STDERR:    at Program.<Main>(String[] args)
03:32:59     STDERR: ClientConnectionId:bab091c4-2ce0-4213-9fed-ee6f5c36d7de
03:32:59     STDERR: Error Number:515,State:2,Class:16
03:33:00     NAPAKA: worker workers\PIM.SaopStockWorker je koncal z izhodno kodo -532462766
03:33:00  == Izvoz cen in zaloge za splet ==
03:33:02     Izvoz profila MAGENTO_STOCK_PRICES končan: 352 vrstic v C:\Users\david\Desktop\PIM\NoviPIM\izvoz\magento\1
03:33:05     Izvoz profila MAGENTO_STOCK_PRICES končan: 2071 vrstic v C:\Users\david\Desktop\PIM\NoviPIM\izvoz\magento\2
03:33:09     Izvoz profila MAGENTO_STOCK_PRICES končan: 2488 vrstic v C:\Users\david\Desktop\PIM\NoviPIM\izvoz\magento\3
03:33:10     Izvoz profila MAGENTO_STOCK_PRICES končan: 0 vrstic v C:\Users\david\Desktop\PIM\NoviPIM\izvoz\magento\4
03:33:10     konec: Izvoz cen in zaloge za splet
03:33:10  Zalogovni cikel koncan; padlih korakov: 1.
03:37:27  == Zaloga NW_STOCK ==
03:37:28     SOURCE_FETCH: se ni na vrsti po razporedu; preskoceno.
03:37:28     Prebranih zapisov: 2763; SHA-256: 175dc9ae009539b123edc7e6076027a773aac9f6532e2777b6919971feb75917
03:37:29     STOCK_FILE pri podjetju 1: se ni na vrsti po razporedu; preskoceno.
03:37:29     Prebranih zapisov: 2763; SHA-256: 175dc9ae009539b123edc7e6076027a773aac9f6532e2777b6919971feb75917
03:37:30     STOCK_FILE pri podjetju 2: se ni na vrsti po razporedu; preskoceno.
03:37:30     Prebranih zapisov: 2763; SHA-256: 175dc9ae009539b123edc7e6076027a773aac9f6532e2777b6919971feb75917
03:37:31     STOCK_FILE pri podjetju 3: se ni na vrsti po razporedu; preskoceno.
03:37:31     Prebranih zapisov: 2763; SHA-256: 175dc9ae009539b123edc7e6076027a773aac9f6532e2777b6919971feb75917
03:37:31     STOCK_FILE pri podjetju 4: se ni na vrsti po razporedu; preskoceno.
03:37:32     konec: Zaloga NW_STOCK
03:37:32  == Zaloga BT_STOCK ==
03:37:32     [BT_STOCK] preskoceno: Razmik dobavitelja se tece; naslednji prenos po 3. 09. 2026 04:07.
03:37:32     Prevzem koncan: uspesno 0, neuspesno 0, skupaj virov 1.
03:37:33     Prebranih zapisov: 1389; SHA-256: 88b7c3e1f331eec94b93a68da91e45c3cb67f61785dc722e54236f147e3efb63
03:37:33     Ta posnetek je ze v bazi; vir=BT_STOCK, podjetje=1, cas posnetka=2026-09-02 16:39:55Z, uporabljenih=1389, v karanteni=0, RunId=e4912780-b225-4977-b541-4c5c7a771824. Zapisano ni bilo nic.
03:37:34     Prebranih zapisov: 1389; SHA-256: 88b7c3e1f331eec94b93a68da91e45c3cb67f61785dc722e54236f147e3efb63
03:37:35     Ta posnetek je ze v bazi; vir=BT_STOCK, podjetje=2, cas posnetka=2026-09-02 16:39:55Z, uporabljenih=1389, v karanteni=0, RunId=f1953183-3abf-42a5-91cd-1677b89581d1. Zapisano ni bilo nic.
03:37:35     Prebranih zapisov: 1389; SHA-256: 88b7c3e1f331eec94b93a68da91e45c3cb67f61785dc722e54236f147e3efb63
03:37:36     Ta posnetek je ze v bazi; vir=BT_STOCK, podjetje=3, cas posnetka=2026-09-02 16:39:55Z, uporabljenih=1389, v karanteni=0, RunId=680e3a50-81b6-4668-860d-52d0c1e429d4. Zapisano ni bilo nic.
03:37:36     Prebranih zapisov: 1389; SHA-256: 88b7c3e1f331eec94b93a68da91e45c3cb67f61785dc722e54236f147e3efb63
03:37:37     Ta posnetek je ze v bazi; vir=BT_STOCK, podjetje=4, cas posnetka=2026-09-02 16:39:55Z, uporabljenih=1389, v karanteni=0, RunId=79b3b0aa-02c9-4df1-aeae-e68412b1e9e4. Zapisano ni bilo nic.
03:37:37     konec: Zaloga BT_STOCK
03:37:37  == Zaloga iz SAOP (kolicine) ==
03:37:38     [1] SAOP_STOCK: se ni na vrsti po razporedu; preskoceno.
03:37:38     [2] SAOP_STOCK: se ni na vrsti po razporedu; preskoceno.
03:37:38     [3] SAOP_STOCK: se ni na vrsti po razporedu; preskoceno.
03:37:38     [4] SAOP_STOCK: se ni na vrsti po razporedu; preskoceno.
03:37:38     konec: Zaloga iz SAOP (kolicine)
03:37:38  == Izvoz cen in zaloge za splet ==
03:37:39     Izvoz profila MAGENTO_STOCK_PRICES končan: 352 vrstic v C:\Users\david\Desktop\PIM\NoviPIM\izvoz\magento\1
03:37:43     Izvoz profila MAGENTO_STOCK_PRICES končan: 2071 vrstic v C:\Users\david\Desktop\PIM\NoviPIM\izvoz\magento\2
03:37:46     Izvoz profila MAGENTO_STOCK_PRICES končan: 2488 vrstic v C:\Users\david\Desktop\PIM\NoviPIM\izvoz\magento\3
03:37:48     Izvoz profila MAGENTO_STOCK_PRICES končan: 0 vrstic v C:\Users\david\Desktop\PIM\NoviPIM\izvoz\magento\4
03:37:48     konec: Izvoz cen in zaloge za splet
03:37:48  Zalogovni cikel koncan; padlih korakov: 0.
03:42:27  == Zaloga NW_STOCK ==
03:42:28     SOURCE_FETCH: se ni na vrsti po razporedu; preskoceno.
03:42:29     Prebranih zapisov: 2763; SHA-256: 175dc9ae009539b123edc7e6076027a773aac9f6532e2777b6919971feb75917
03:42:29     STOCK_FILE pri podjetju 1: se ni na vrsti po razporedu; preskoceno.
03:42:29     Prebranih zapisov: 2763; SHA-256: 175dc9ae009539b123edc7e6076027a773aac9f6532e2777b6919971feb75917
03:42:30     STOCK_FILE pri podjetju 2: se ni na vrsti po razporedu; preskoceno.
03:42:30     Prebranih zapisov: 2763; SHA-256: 175dc9ae009539b123edc7e6076027a773aac9f6532e2777b6919971feb75917
03:42:31     STOCK_FILE pri podjetju 3: se ni na vrsti po razporedu; preskoceno.
03:42:31     Prebranih zapisov: 2763; SHA-256: 175dc9ae009539b123edc7e6076027a773aac9f6532e2777b6919971feb75917
03:42:32     STOCK_FILE pri podjetju 4: se ni na vrsti po razporedu; preskoceno.
03:42:32     konec: Zaloga NW_STOCK
03:42:32  == Zaloga BT_STOCK ==
03:42:33     [BT_STOCK] preskoceno: Razmik dobavitelja se tece; naslednji prenos po 3. 09. 2026 04:07.
03:42:33     Prevzem koncan: uspesno 0, neuspesno 0, skupaj virov 1.
03:42:33     Prebranih zapisov: 1389; SHA-256: 88b7c3e1f331eec94b93a68da91e45c3cb67f61785dc722e54236f147e3efb63
03:42:34     Ta posnetek je ze v bazi; vir=BT_STOCK, podjetje=1, cas posnetka=2026-09-02 16:39:55Z, uporabljenih=1389, v karanteni=0, RunId=e4912780-b225-4977-b541-4c5c7a771824. Zapisano ni bilo nic.
03:42:34     Prebranih zapisov: 1389; SHA-256: 88b7c3e1f331eec94b93a68da91e45c3cb67f61785dc722e54236f147e3efb63
03:42:35     Ta posnetek je ze v bazi; vir=BT_STOCK, podjetje=2, cas posnetka=2026-09-02 16:39:55Z, uporabljenih=1389, v karanteni=0, RunId=f1953183-3abf-42a5-91cd-1677b89581d1. Zapisano ni bilo nic.
03:42:35     Prebranih zapisov: 1389; SHA-256: 88b7c3e1f331eec94b93a68da91e45c3cb67f61785dc722e54236f147e3efb63
03:42:36     Ta posnetek je ze v bazi; vir=BT_STOCK, podjetje=3, cas posnetka=2026-09-02 16:39:55Z, uporabljenih=1389, v karanteni=0, RunId=680e3a50-81b6-4668-860d-52d0c1e429d4. Zapisano ni bilo nic.
03:42:36     Prebranih zapisov: 1389; SHA-256: 88b7c3e1f331eec94b93a68da91e45c3cb67f61785dc722e54236f147e3efb63
03:42:37     Ta posnetek je ze v bazi; vir=BT_STOCK, podjetje=4, cas posnetka=2026-09-02 16:39:55Z, uporabljenih=1389, v karanteni=0, RunId=79b3b0aa-02c9-4df1-aeae-e68412b1e9e4. Zapisano ni bilo nic.
03:42:37     konec: Zaloga BT_STOCK
03:42:37  == Zaloga iz SAOP (kolicine) ==
03:42:38     [1] SAOP_STOCK: se ni na vrsti po razporedu; preskoceno.
03:42:38     [2] SAOP_STOCK: se ni na vrsti po razporedu; preskoceno.
03:42:38     [3] SAOP_STOCK: se ni na vrsti po razporedu; preskoceno.
03:42:38     [4] SAOP_STOCK: se ni na vrsti po razporedu; preskoceno.
03:42:38     konec: Zaloga iz SAOP (kolicine)
03:42:38  == Izvoz cen in zaloge za splet ==
03:42:39     Izvoz profila MAGENTO_STOCK_PRICES končan: 352 vrstic v C:\Users\david\Desktop\PIM\NoviPIM\izvoz\magento\1
03:42:43     Izvoz profila MAGENTO_STOCK_PRICES končan: 2071 vrstic v C:\Users\david\Desktop\PIM\NoviPIM\izvoz\magento\2
03:42:46     Izvoz profila MAGENTO_STOCK_PRICES končan: 2488 vrstic v C:\Users\david\Desktop\PIM\NoviPIM\izvoz\magento\3
03:42:48     Izvoz profila MAGENTO_STOCK_PRICES končan: 0 vrstic v C:\Users\david\Desktop\PIM\NoviPIM\izvoz\magento\4
03:42:48     konec: Izvoz cen in zaloge za splet
03:42:48  Zalogovni cikel koncan; padlih korakov: 0.
03:47:28  == Zaloga NW_STOCK ==
03:47:31     SOURCE_FETCH: se ni na vrsti po razporedu; preskoceno.
03:47:32     Prebranih zapisov: 2763; SHA-256: 175dc9ae009539b123edc7e6076027a773aac9f6532e2777b6919971feb75917
03:47:32     STOCK_FILE pri podjetju 1: se ni na vrsti po razporedu; preskoceno.
03:47:33     Prebranih zapisov: 2763; SHA-256: 175dc9ae009539b123edc7e6076027a773aac9f6532e2777b6919971feb75917
03:47:34     STOCK_FILE pri podjetju 2: se ni na vrsti po razporedu; preskoceno.
03:47:35     Prebranih zapisov: 2763; SHA-256: 175dc9ae009539b123edc7e6076027a773aac9f6532e2777b6919971feb75917
03:47:35     STOCK_FILE pri podjetju 3: se ni na vrsti po razporedu; preskoceno.
03:47:37     Prebranih zapisov: 2763; SHA-256: 175dc9ae009539b123edc7e6076027a773aac9f6532e2777b6919971feb75917
03:47:37     Ta posnetek je ze v bazi; vir=NW_STOCK, podjetje=4, cas posnetka=2026-09-02 22:27:28Z, uporabljenih=2763, v karanteni=0, RunId=5ddc9ea3-4711-47c8-a759-b300e2ceb505. Zapisano ni bilo nic.
03:47:37     konec: Zaloga NW_STOCK
03:47:37  == Zaloga BT_STOCK ==
03:47:38     [BT_STOCK] preskoceno: Razmik dobavitelja se tece; naslednji prenos po 3. 09. 2026 04:07.
03:47:38     Prevzem koncan: uspesno 0, neuspesno 0, skupaj virov 1.
03:47:39     Prebranih zapisov: 1389; SHA-256: 88b7c3e1f331eec94b93a68da91e45c3cb67f61785dc722e54236f147e3efb63
03:47:40     Ta posnetek je ze v bazi; vir=BT_STOCK, podjetje=1, cas posnetka=2026-09-02 16:39:55Z, uporabljenih=1389, v karanteni=0, RunId=e4912780-b225-4977-b541-4c5c7a771824. Zapisano ni bilo nic.
03:47:40     Prebranih zapisov: 1389; SHA-256: 88b7c3e1f331eec94b93a68da91e45c3cb67f61785dc722e54236f147e3efb63
03:47:41     Ta posnetek je ze v bazi; vir=BT_STOCK, podjetje=2, cas posnetka=2026-09-02 16:39:55Z, uporabljenih=1389, v karanteni=0, RunId=f1953183-3abf-42a5-91cd-1677b89581d1. Zapisano ni bilo nic.
03:47:41     Prebranih zapisov: 1389; SHA-256: 88b7c3e1f331eec94b93a68da91e45c3cb67f61785dc722e54236f147e3efb63
03:47:42     Ta posnetek je ze v bazi; vir=BT_STOCK, podjetje=3, cas posnetka=2026-09-02 16:39:55Z, uporabljenih=1389, v karanteni=0, RunId=680e3a50-81b6-4668-860d-52d0c1e429d4. Zapisano ni bilo nic.
03:47:43     Prebranih zapisov: 1389; SHA-256: 88b7c3e1f331eec94b93a68da91e45c3cb67f61785dc722e54236f147e3efb63
03:47:43     STOCK_FILE pri podjetju 4: se ni na vrsti po razporedu; preskoceno.
03:47:43     konec: Zaloga BT_STOCK
03:47:43  == Zaloga iz SAOP (kolicine) ==
03:47:44     [1] SAOP_STOCK: se ni na vrsti po razporedu; preskoceno.
03:47:44     [2] SAOP_STOCK: se ni na vrsti po razporedu; preskoceno.
03:47:44     [3] SAOP_STOCK: se ni na vrsti po razporedu; preskoceno.
03:47:44     [4] SAOP_STOCK: se ni na vrsti po razporedu; preskoceno.
03:47:44     konec: Zaloga iz SAOP (kolicine)
03:47:44  == Izvoz cen in zaloge za splet ==
03:47:45     Izvoz profila MAGENTO_STOCK_PRICES končan: 352 vrstic v C:\Users\david\Desktop\PIM\NoviPIM\izvoz\magento\1
03:47:49     Izvoz profila MAGENTO_STOCK_PRICES končan: 2071 vrstic v C:\Users\david\Desktop\PIM\NoviPIM\izvoz\magento\2
03:47:53     Izvoz profila MAGENTO_STOCK_PRICES končan: 2488 vrstic v C:\Users\david\Desktop\PIM\NoviPIM\izvoz\magento\3
03:47:54     Izvoz profila MAGENTO_STOCK_PRICES končan: 0 vrstic v C:\Users\david\Desktop\PIM\NoviPIM\izvoz\magento\4
03:47:54     konec: Izvoz cen in zaloge za splet
03:47:54  Zalogovni cikel koncan; padlih korakov: 0.
03:52:27  == Zaloga NW_STOCK ==
03:52:29     SOURCE_FETCH: se ni na vrsti po razporedu; preskoceno.
03:52:30     Prebranih zapisov: 2763; SHA-256: 175dc9ae009539b123edc7e6076027a773aac9f6532e2777b6919971feb75917
03:52:31     STOCK_FILE pri podjetju 1: se ni na vrsti po razporedu; preskoceno.
03:52:32     Prebranih zapisov: 2763; SHA-256: 175dc9ae009539b123edc7e6076027a773aac9f6532e2777b6919971feb75917
03:52:32     STOCK_FILE pri podjetju 2: se ni na vrsti po razporedu; preskoceno.
03:52:33     Prebranih zapisov: 2763; SHA-256: 175dc9ae009539b123edc7e6076027a773aac9f6532e2777b6919971feb75917
03:52:33     STOCK_FILE pri podjetju 3: se ni na vrsti po razporedu; preskoceno.
03:52:34     Prebranih zapisov: 2763; SHA-256: 175dc9ae009539b123edc7e6076027a773aac9f6532e2777b6919971feb75917
03:52:34     STOCK_FILE pri podjetju 4: se ni na vrsti po razporedu; preskoceno.
03:52:34     konec: Zaloga NW_STOCK
03:52:34  == Zaloga BT_STOCK ==
03:52:35     SOURCE_FETCH: se ni na vrsti po razporedu; preskoceno.
03:52:36     Prebranih zapisov: 1389; SHA-256: 88b7c3e1f331eec94b93a68da91e45c3cb67f61785dc722e54236f147e3efb63
03:52:36     STOCK_FILE pri podjetju 1: se ni na vrsti po razporedu; preskoceno.
03:52:37     Prebranih zapisov: 1389; SHA-256: 88b7c3e1f331eec94b93a68da91e45c3cb67f61785dc722e54236f147e3efb63
03:52:38     STOCK_FILE pri podjetju 2: se ni na vrsti po razporedu; preskoceno.
03:52:38     Prebranih zapisov: 1389; SHA-256: 88b7c3e1f331eec94b93a68da91e45c3cb67f61785dc722e54236f147e3efb63
03:52:39     STOCK_FILE pri podjetju 3: se ni na vrsti po razporedu; preskoceno.
03:52:39     Prebranih zapisov: 1389; SHA-256: 88b7c3e1f331eec94b93a68da91e45c3cb67f61785dc722e54236f147e3efb63
03:52:40     Ta posnetek je ze v bazi; vir=BT_STOCK, podjetje=4, cas posnetka=2026-09-02 16:39:55Z, uporabljenih=1389, v karanteni=0, RunId=79b3b0aa-02c9-4df1-aeae-e68412b1e9e4. Zapisano ni bilo nic.
03:52:40     konec: Zaloga BT_STOCK
03:52:40  == Zaloga iz SAOP (kolicine) ==
03:52:41     [1] SAOP_STOCK: se ni na vrsti po razporedu; preskoceno.
03:52:41     [2] SAOP_STOCK: se ni na vrsti po razporedu; preskoceno.
03:52:41     [3] SAOP_STOCK: se ni na vrsti po razporedu; preskoceno.
03:52:41     [4] SAOP_STOCK: se ni na vrsti po razporedu; preskoceno.
03:52:41     konec: Zaloga iz SAOP (kolicine)
03:52:41  == Izvoz cen in zaloge za splet ==
03:52:42     Izvoz profila MAGENTO_STOCK_PRICES končan: 352 vrstic v C:\Users\david\Desktop\PIM\NoviPIM\izvoz\magento\1
03:52:46     Izvoz profila MAGENTO_STOCK_PRICES končan: 2071 vrstic v C:\Users\david\Desktop\PIM\NoviPIM\izvoz\magento\2
03:52:50     Izvoz profila MAGENTO_STOCK_PRICES končan: 2488 vrstic v C:\Users\david\Desktop\PIM\NoviPIM\izvoz\magento\3
03:52:51     Izvoz profila MAGENTO_STOCK_PRICES končan: 0 vrstic v C:\Users\david\Desktop\PIM\NoviPIM\izvoz\magento\4
03:52:51     konec: Izvoz cen in zaloge za splet
03:52:51  Zalogovni cikel koncan; padlih korakov: 0.
03:57:27  == Zaloga NW_STOCK ==
03:57:28     [NW_STOCK] preskoceno: Razmik dobavitelja se tece; naslednji prenos po 3. 09. 2026 04:33.
03:57:28     Prevzem koncan: uspesno 0, neuspesno 0, skupaj virov 1.
03:57:29     Prebranih zapisov: 2763; SHA-256: 175dc9ae009539b123edc7e6076027a773aac9f6532e2777b6919971feb75917
03:57:29     Ta posnetek je ze v bazi; vir=NW_STOCK, podjetje=1, cas posnetka=2026-09-02 22:27:28Z, uporabljenih=2763, v karanteni=0, RunId=4ffa2612-a697-48f4-ab22-4fdd76d02219. Zapisano ni bilo nic.
03:57:30     Prebranih zapisov: 2763; SHA-256: 175dc9ae009539b123edc7e6076027a773aac9f6532e2777b6919971feb75917
03:57:30     Ta posnetek je ze v bazi; vir=NW_STOCK, podjetje=2, cas posnetka=2026-09-02 22:27:28Z, uporabljenih=2763, v karanteni=0, RunId=fe852c08-fe28-4b05-8c51-b4583f9ef8a5. Zapisano ni bilo nic.
03:57:31     Prebranih zapisov: 2763; SHA-256: 175dc9ae009539b123edc7e6076027a773aac9f6532e2777b6919971feb75917
03:57:31     Ta posnetek je ze v bazi; vir=NW_STOCK, podjetje=3, cas posnetka=2026-09-02 22:27:28Z, uporabljenih=2763, v karanteni=0, RunId=014795bc-baa9-4598-8e85-ca1a56394b6b. Zapisano ni bilo nic.
03:57:32     Prebranih zapisov: 2763; SHA-256: 175dc9ae009539b123edc7e6076027a773aac9f6532e2777b6919971feb75917
03:57:32     STOCK_FILE pri podjetju 4: se ni na vrsti po razporedu; preskoceno.
03:57:32     konec: Zaloga NW_STOCK
03:57:32  == Zaloga BT_STOCK ==
03:57:33     SOURCE_FETCH: se ni na vrsti po razporedu; preskoceno.
03:57:34     Prebranih zapisov: 1389; SHA-256: 88b7c3e1f331eec94b93a68da91e45c3cb67f61785dc722e54236f147e3efb63
03:57:34     STOCK_FILE pri podjetju 1: se ni na vrsti po razporedu; preskoceno.
03:57:35     Prebranih zapisov: 1389; SHA-256: 88b7c3e1f331eec94b93a68da91e45c3cb67f61785dc722e54236f147e3efb63
03:57:35     STOCK_FILE pri podjetju 2: se ni na vrsti po razporedu; preskoceno.
03:57:36     Prebranih zapisov: 1389; SHA-256: 88b7c3e1f331eec94b93a68da91e45c3cb67f61785dc722e54236f147e3efb63
03:57:36     STOCK_FILE pri podjetju 3: se ni na vrsti po razporedu; preskoceno.
03:57:37     Prebranih zapisov: 1389; SHA-256: 88b7c3e1f331eec94b93a68da91e45c3cb67f61785dc722e54236f147e3efb63
03:57:37     STOCK_FILE pri podjetju 4: se ni na vrsti po razporedu; preskoceno.
03:57:37     konec: Zaloga BT_STOCK
03:57:37  == Zaloga iz SAOP (kolicine) ==
03:57:38     [1] SAOP_STOCK: se ni na vrsti po razporedu; preskoceno.
03:57:38     [2] SAOP_STOCK: se ni na vrsti po razporedu; preskoceno.
03:57:38     [3] SAOP_STOCK: se ni na vrsti po razporedu; preskoceno.
03:57:38     [4] SAOP_STOCK: se ni na vrsti po razporedu; preskoceno.
03:57:38     konec: Zaloga iz SAOP (kolicine)
03:57:38  == Izvoz cen in zaloge za splet ==
03:57:40     Izvoz profila MAGENTO_STOCK_PRICES končan: 352 vrstic v C:\Users\david\Desktop\PIM\NoviPIM\izvoz\magento\1
03:57:43     Izvoz profila MAGENTO_STOCK_PRICES končan: 2071 vrstic v C:\Users\david\Desktop\PIM\NoviPIM\izvoz\magento\2
03:57:47     Izvoz profila MAGENTO_STOCK_PRICES končan: 2488 vrstic v C:\Users\david\Desktop\PIM\NoviPIM\izvoz\magento\3
03:57:48     Izvoz profila MAGENTO_STOCK_PRICES končan: 0 vrstic v C:\Users\david\Desktop\PIM\NoviPIM\izvoz\magento\4
03:57:48     konec: Izvoz cen in zaloge za splet
03:57:48  Zalogovni cikel koncan; padlih korakov: 0.
04:02:27  == Zaloga NW_STOCK ==
04:02:28     SOURCE_FETCH: se ni na vrsti po razporedu; preskoceno.
04:02:29     Prebranih zapisov: 2763; SHA-256: 175dc9ae009539b123edc7e6076027a773aac9f6532e2777b6919971feb75917
04:02:29     STOCK_FILE pri podjetju 1: se ni na vrsti po razporedu; preskoceno.
04:02:29     Prebranih zapisov: 2763; SHA-256: 175dc9ae009539b123edc7e6076027a773aac9f6532e2777b6919971feb75917
04:02:30     STOCK_FILE pri podjetju 2: se ni na vrsti po razporedu; preskoceno.
04:02:30     Prebranih zapisov: 2763; SHA-256: 175dc9ae009539b123edc7e6076027a773aac9f6532e2777b6919971feb75917
04:02:31     STOCK_FILE pri podjetju 3: se ni na vrsti po razporedu; preskoceno.
04:02:31     Prebranih zapisov: 2763; SHA-256: 175dc9ae009539b123edc7e6076027a773aac9f6532e2777b6919971feb75917
04:02:32     Ta posnetek je ze v bazi; vir=NW_STOCK, podjetje=4, cas posnetka=2026-09-02 22:27:28Z, uporabljenih=2763, v karanteni=0, RunId=5ddc9ea3-4711-47c8-a759-b300e2ceb505. Zapisano ni bilo nic.
04:02:32     konec: Zaloga NW_STOCK
04:02:32  == Zaloga BT_STOCK ==
04:02:33     [BT_STOCK] preskoceno: Razmik dobavitelja se tece; naslednji prenos po 3. 09. 2026 04:07.
04:02:33     Prevzem koncan: uspesno 0, neuspesno 0, skupaj virov 1.
04:02:33     Prebranih zapisov: 1389; SHA-256: 88b7c3e1f331eec94b93a68da91e45c3cb67f61785dc722e54236f147e3efb63
04:02:34     Ta posnetek je ze v bazi; vir=BT_STOCK, podjetje=1, cas posnetka=2026-09-02 16:39:55Z, uporabljenih=1389, v karanteni=0, RunId=e4912780-b225-4977-b541-4c5c7a771824. Zapisano ni bilo nic.
04:02:34     Prebranih zapisov: 1389; SHA-256: 88b7c3e1f331eec94b93a68da91e45c3cb67f61785dc722e54236f147e3efb63
04:02:35     Ta posnetek je ze v bazi; vir=BT_STOCK, podjetje=2, cas posnetka=2026-09-02 16:39:55Z, uporabljenih=1389, v karanteni=0, RunId=f1953183-3abf-42a5-91cd-1677b89581d1. Zapisano ni bilo nic.
04:02:35     Prebranih zapisov: 1389; SHA-256: 88b7c3e1f331eec94b93a68da91e45c3cb67f61785dc722e54236f147e3efb63
04:02:36     Ta posnetek je ze v bazi; vir=BT_STOCK, podjetje=3, cas posnetka=2026-09-02 16:39:55Z, uporabljenih=1389, v karanteni=0, RunId=680e3a50-81b6-4668-860d-52d0c1e429d4. Zapisano ni bilo nic.
04:02:36     Prebranih zapisov: 1389; SHA-256: 88b7c3e1f331eec94b93a68da91e45c3cb67f61785dc722e54236f147e3efb63
04:02:37     STOCK_FILE pri podjetju 4: se ni na vrsti po razporedu; preskoceno.
04:02:37     konec: Zaloga BT_STOCK
04:02:37  == Zaloga iz SAOP (kolicine) ==
04:02:38     [1] SAOP_STOCK: se ni na vrsti po razporedu; preskoceno.
04:02:38     [2] SAOP_STOCK: se ni na vrsti po razporedu; preskoceno.
04:02:38     [3] SAOP_STOCK: se ni na vrsti po razporedu; preskoceno.
04:02:38     [4] SAOP_STOCK: se ni na vrsti po razporedu; preskoceno.
04:02:38     konec: Zaloga iz SAOP (kolicine)
04:02:38  == Izvoz cen in zaloge za splet ==
04:02:39     Izvoz profila MAGENTO_STOCK_PRICES končan: 352 vrstic v C:\Users\david\Desktop\PIM\NoviPIM\izvoz\magento\1
04:02:43     Izvoz profila MAGENTO_STOCK_PRICES končan: 2071 vrstic v C:\Users\david\Desktop\PIM\NoviPIM\izvoz\magento\2
04:02:46     Izvoz profila MAGENTO_STOCK_PRICES končan: 2488 vrstic v C:\Users\david\Desktop\PIM\NoviPIM\izvoz\magento\3
04:02:48     Izvoz profila MAGENTO_STOCK_PRICES končan: 0 vrstic v C:\Users\david\Desktop\PIM\NoviPIM\izvoz\magento\4
04:02:48     konec: Izvoz cen in zaloge za splet
04:02:48  Zalogovni cikel koncan; padlih korakov: 0.
04:07:27  == Zaloga NW_STOCK ==
04:07:28     SOURCE_FETCH: se ni na vrsti po razporedu; preskoceno.
04:07:29     Prebranih zapisov: 2763; SHA-256: 175dc9ae009539b123edc7e6076027a773aac9f6532e2777b6919971feb75917
04:07:29     STOCK_FILE pri podjetju 1: se ni na vrsti po razporedu; preskoceno.
04:07:30     Prebranih zapisov: 2763; SHA-256: 175dc9ae009539b123edc7e6076027a773aac9f6532e2777b6919971feb75917
04:07:30     STOCK_FILE pri podjetju 2: se ni na vrsti po razporedu; preskoceno.
04:07:30     Prebranih zapisov: 2763; SHA-256: 175dc9ae009539b123edc7e6076027a773aac9f6532e2777b6919971feb75917
04:07:31     STOCK_FILE pri podjetju 3: se ni na vrsti po razporedu; preskoceno.
04:07:31     Prebranih zapisov: 2763; SHA-256: 175dc9ae009539b123edc7e6076027a773aac9f6532e2777b6919971feb75917
04:07:32     Ta posnetek je ze v bazi; vir=NW_STOCK, podjetje=4, cas posnetka=2026-09-02 22:27:28Z, uporabljenih=2763, v karanteni=0, RunId=5ddc9ea3-4711-47c8-a759-b300e2ceb505. Zapisano ni bilo nic.
04:07:32     konec: Zaloga NW_STOCK
04:07:32  == Zaloga BT_STOCK ==
04:07:33     [BT_STOCK] preskoceno: Razmik dobavitelja se tece; naslednji prenos po 3. 09. 2026 04:07.
04:07:33     Prevzem koncan: uspesno 0, neuspesno 0, skupaj virov 1.
04:07:33     Prebranih zapisov: 1389; SHA-256: 88b7c3e1f331eec94b93a68da91e45c3cb67f61785dc722e54236f147e3efb63
04:07:34     Ta posnetek je ze v bazi; vir=BT_STOCK, podjetje=1, cas posnetka=2026-09-02 16:39:55Z, uporabljenih=1389, v karanteni=0, RunId=e4912780-b225-4977-b541-4c5c7a771824. Zapisano ni bilo nic.
04:07:34     Prebranih zapisov: 1389; SHA-256: 88b7c3e1f331eec94b93a68da91e45c3cb67f61785dc722e54236f147e3efb63
04:07:35     Ta posnetek je ze v bazi; vir=BT_STOCK, podjetje=2, cas posnetka=2026-09-02 16:39:55Z, uporabljenih=1389, v karanteni=0, RunId=f1953183-3abf-42a5-91cd-1677b89581d1. Zapisano ni bilo nic.
04:07:36     Prebranih zapisov: 1389; SHA-256: 88b7c3e1f331eec94b93a68da91e45c3cb67f61785dc722e54236f147e3efb63
04:07:36     Ta posnetek je ze v bazi; vir=BT_STOCK, podjetje=3, cas posnetka=2026-09-02 16:39:55Z, uporabljenih=1389, v karanteni=0, RunId=680e3a50-81b6-4668-860d-52d0c1e429d4. Zapisano ni bilo nic.
04:07:37     Prebranih zapisov: 1389; SHA-256: 88b7c3e1f331eec94b93a68da91e45c3cb67f61785dc722e54236f147e3efb63
04:07:37     STOCK_FILE pri podjetju 4: se ni na vrsti po razporedu; preskoceno.
04:07:37     konec: Zaloga BT_STOCK
04:07:37  == Zaloga iz SAOP (kolicine) ==
04:07:38     [1] SAOP_STOCK: se ni na vrsti po razporedu; preskoceno.
04:07:38     [2] SAOP_STOCK: se ni na vrsti po razporedu; preskoceno.
04:07:38     [3] SAOP_STOCK: se ni na vrsti po razporedu; preskoceno.
04:07:38     [4] SAOP_STOCK: se ni na vrsti po razporedu; preskoceno.
04:07:38     konec: Zaloga iz SAOP (kolicine)
04:07:38  == Izvoz cen in zaloge za splet ==
04:07:39     Izvoz profila MAGENTO_STOCK_PRICES končan: 352 vrstic v C:\Users\david\Desktop\PIM\NoviPIM\izvoz\magento\1
04:07:43     Izvoz profila MAGENTO_STOCK_PRICES končan: 2071 vrstic v C:\Users\david\Desktop\PIM\NoviPIM\izvoz\magento\2
04:07:47     Izvoz profila MAGENTO_STOCK_PRICES končan: 2488 vrstic v C:\Users\david\Desktop\PIM\NoviPIM\izvoz\magento\3
04:07:48     Izvoz profila MAGENTO_STOCK_PRICES končan: 0 vrstic v C:\Users\david\Desktop\PIM\NoviPIM\izvoz\magento\4
04:07:48     konec: Izvoz cen in zaloge za splet
04:07:48  Zalogovni cikel koncan; padlih korakov: 0.
04:12:27  == Zaloga NW_STOCK ==
04:12:28     SOURCE_FETCH: se ni na vrsti po razporedu; preskoceno.
04:12:29     Prebranih zapisov: 2763; SHA-256: 175dc9ae009539b123edc7e6076027a773aac9f6532e2777b6919971feb75917
04:12:29     STOCK_FILE pri podjetju 1: se ni na vrsti po razporedu; preskoceno.
04:12:30     Prebranih zapisov: 2763; SHA-256: 175dc9ae009539b123edc7e6076027a773aac9f6532e2777b6919971feb75917
04:12:30     STOCK_FILE pri podjetju 2: se ni na vrsti po razporedu; preskoceno.
04:12:31     Prebranih zapisov: 2763; SHA-256: 175dc9ae009539b123edc7e6076027a773aac9f6532e2777b6919971feb75917
04:12:31     STOCK_FILE pri podjetju 3: se ni na vrsti po razporedu; preskoceno.
04:12:31     Prebranih zapisov: 2763; SHA-256: 175dc9ae009539b123edc7e6076027a773aac9f6532e2777b6919971feb75917
04:12:32     Ta posnetek je ze v bazi; vir=NW_STOCK, podjetje=4, cas posnetka=2026-09-02 22:27:28Z, uporabljenih=2763, v karanteni=0, RunId=5ddc9ea3-4711-47c8-a759-b300e2ceb505. Zapisano ni bilo nic.
04:12:32     konec: Zaloga NW_STOCK
04:12:32  == Zaloga BT_STOCK ==
04:12:35     [BT_STOCK] preskoceno: Dobaviteljeva datoteka je nespremenjena; obdrzimo prejsnjo.
04:12:35     Prevzem koncan: uspesno 0, neuspesno 0, skupaj virov 1.
04:12:35     Prebranih zapisov: 1389; SHA-256: 88b7c3e1f331eec94b93a68da91e45c3cb67f61785dc722e54236f147e3efb63
04:12:36     Ta posnetek je ze v bazi; vir=BT_STOCK, podjetje=1, cas posnetka=2026-09-02 16:39:55Z, uporabljenih=1389, v karanteni=0, RunId=e4912780-b225-4977-b541-4c5c7a771824. Zapisano ni bilo nic.
04:12:36     Prebranih zapisov: 1389; SHA-256: 88b7c3e1f331eec94b93a68da91e45c3cb67f61785dc722e54236f147e3efb63
04:12:37     Ta posnetek je ze v bazi; vir=BT_STOCK, podjetje=2, cas posnetka=2026-09-02 16:39:55Z, uporabljenih=1389, v karanteni=0, RunId=f1953183-3abf-42a5-91cd-1677b89581d1. Zapisano ni bilo nic.
04:12:37     Prebranih zapisov: 1389; SHA-256: 88b7c3e1f331eec94b93a68da91e45c3cb67f61785dc722e54236f147e3efb63
04:12:38     Ta posnetek je ze v bazi; vir=BT_STOCK, podjetje=3, cas posnetka=2026-09-02 16:39:55Z, uporabljenih=1389, v karanteni=0, RunId=680e3a50-81b6-4668-860d-52d0c1e429d4. Zapisano ni bilo nic.
04:12:38     Prebranih zapisov: 1389; SHA-256: 88b7c3e1f331eec94b93a68da91e45c3cb67f61785dc722e54236f147e3efb63
04:12:39     STOCK_FILE pri podjetju 4: se ni na vrsti po razporedu; preskoceno.
04:12:39     konec: Zaloga BT_STOCK
04:12:39  == Zaloga iz SAOP (kolicine) ==
04:12:40     [1] SAOP_STOCK: se ni na vrsti po razporedu; preskoceno.
04:12:40     [2] SAOP_STOCK: se ni na vrsti po razporedu; preskoceno.
04:12:40     [3] SAOP_STOCK: se ni na vrsti po razporedu; preskoceno.
04:12:40     [4] SAOP_STOCK: se ni na vrsti po razporedu; preskoceno.
04:12:40     konec: Zaloga iz SAOP (kolicine)
04:12:40  == Izvoz cen in zaloge za splet ==
04:12:41     Izvoz profila MAGENTO_STOCK_PRICES končan: 352 vrstic v C:\Users\david\Desktop\PIM\NoviPIM\izvoz\magento\1
04:12:45     Izvoz profila MAGENTO_STOCK_PRICES končan: 2071 vrstic v C:\Users\david\Desktop\PIM\NoviPIM\izvoz\magento\2
04:12:48     Izvoz profila MAGENTO_STOCK_PRICES končan: 2488 vrstic v C:\Users\david\Desktop\PIM\NoviPIM\izvoz\magento\3
04:12:50     Izvoz profila MAGENTO_STOCK_PRICES končan: 0 vrstic v C:\Users\david\Desktop\PIM\NoviPIM\izvoz\magento\4
04:12:50     konec: Izvoz cen in zaloge za splet
04:12:50  Zalogovni cikel koncan; padlih korakov: 0.
04:17:27  == Zaloga NW_STOCK ==
04:17:28     SOURCE_FETCH: se ni na vrsti po razporedu; preskoceno.
04:17:29     Prebranih zapisov: 2763; SHA-256: 175dc9ae009539b123edc7e6076027a773aac9f6532e2777b6919971feb75917
04:17:29     STOCK_FILE pri podjetju 1: se ni na vrsti po razporedu; preskoceno.
04:17:29     Prebranih zapisov: 2763; SHA-256: 175dc9ae009539b123edc7e6076027a773aac9f6532e2777b6919971feb75917
04:17:30     STOCK_FILE pri podjetju 2: se ni na vrsti po razporedu; preskoceno.
04:17:30     Prebranih zapisov: 2763; SHA-256: 175dc9ae009539b123edc7e6076027a773aac9f6532e2777b6919971feb75917
04:17:31     STOCK_FILE pri podjetju 3: se ni na vrsti po razporedu; preskoceno.
04:17:31     Prebranih zapisov: 2763; SHA-256: 175dc9ae009539b123edc7e6076027a773aac9f6532e2777b6919971feb75917
04:17:31     STOCK_FILE pri podjetju 4: se ni na vrsti po razporedu; preskoceno.
04:17:32     konec: Zaloga NW_STOCK
04:17:32  == Zaloga BT_STOCK ==
04:17:32     SOURCE_FETCH: se ni na vrsti po razporedu; preskoceno.
04:17:33     Prebranih zapisov: 1389; SHA-256: 88b7c3e1f331eec94b93a68da91e45c3cb67f61785dc722e54236f147e3efb63
04:17:33     STOCK_FILE pri podjetju 1: se ni na vrsti po razporedu; preskoceno.
04:17:34     Prebranih zapisov: 1389; SHA-256: 88b7c3e1f331eec94b93a68da91e45c3cb67f61785dc722e54236f147e3efb63
04:17:34     STOCK_FILE pri podjetju 2: se ni na vrsti po razporedu; preskoceno.
04:17:35     Prebranih zapisov: 1389; SHA-256: 88b7c3e1f331eec94b93a68da91e45c3cb67f61785dc722e54236f147e3efb63
04:17:35     STOCK_FILE pri podjetju 3: se ni na vrsti po razporedu; preskoceno.
04:17:36     Prebranih zapisov: 1389; SHA-256: 88b7c3e1f331eec94b93a68da91e45c3cb67f61785dc722e54236f147e3efb63
04:17:36     Ta posnetek je ze v bazi; vir=BT_STOCK, podjetje=4, cas posnetka=2026-09-02 16:39:55Z, uporabljenih=1389, v karanteni=0, RunId=79b3b0aa-02c9-4df1-aeae-e68412b1e9e4. Zapisano ni bilo nic.
04:17:36     konec: Zaloga BT_STOCK
04:17:36  == Zaloga iz SAOP (kolicine) ==
04:17:37     [1] SAOP_STOCK: se ni na vrsti po razporedu; preskoceno.
04:17:37     [2] SAOP_STOCK: se ni na vrsti po razporedu; preskoceno.
04:17:37     [3] SAOP_STOCK: se ni na vrsti po razporedu; preskoceno.
04:17:37     [4] SAOP_STOCK: se ni na vrsti po razporedu; preskoceno.
04:17:37     konec: Zaloga iz SAOP (kolicine)
04:17:37  == Izvoz cen in zaloge za splet ==
04:17:39     Izvoz profila MAGENTO_STOCK_PRICES končan: 352 vrstic v C:\Users\david\Desktop\PIM\NoviPIM\izvoz\magento\1
04:17:43     Izvoz profila MAGENTO_STOCK_PRICES končan: 2071 vrstic v C:\Users\david\Desktop\PIM\NoviPIM\izvoz\magento\2
04:17:46     Izvoz profila MAGENTO_STOCK_PRICES končan: 2488 vrstic v C:\Users\david\Desktop\PIM\NoviPIM\izvoz\magento\3
04:17:47     Izvoz profila MAGENTO_STOCK_PRICES končan: 0 vrstic v C:\Users\david\Desktop\PIM\NoviPIM\izvoz\magento\4
04:17:47     konec: Izvoz cen in zaloge za splet
04:17:47  Zalogovni cikel koncan; padlih korakov: 0.
04:22:27  == Zaloga NW_STOCK ==
04:22:28     [NW_STOCK] preskoceno: Razmik dobavitelja se tece; naslednji prenos po 3. 09. 2026 04:33.
04:22:28     Prevzem koncan: uspesno 0, neuspesno 0, skupaj virov 1.
04:22:29     Prebranih zapisov: 2763; SHA-256: 175dc9ae009539b123edc7e6076027a773aac9f6532e2777b6919971feb75917
04:22:29     Ta posnetek je ze v bazi; vir=NW_STOCK, podjetje=1, cas posnetka=2026-09-02 22:27:28Z, uporabljenih=2763, v karanteni=0, RunId=4ffa2612-a697-48f4-ab22-4fdd76d02219. Zapisano ni bilo nic.
04:22:30     Prebranih zapisov: 2763; SHA-256: 175dc9ae009539b123edc7e6076027a773aac9f6532e2777b6919971feb75917
04:22:30     Ta posnetek je ze v bazi; vir=NW_STOCK, podjetje=2, cas posnetka=2026-09-02 22:27:28Z, uporabljenih=2763, v karanteni=0, RunId=fe852c08-fe28-4b05-8c51-b4583f9ef8a5. Zapisano ni bilo nic.
04:22:31     Prebranih zapisov: 2763; SHA-256: 175dc9ae009539b123edc7e6076027a773aac9f6532e2777b6919971feb75917
04:22:31     Ta posnetek je ze v bazi; vir=NW_STOCK, podjetje=3, cas posnetka=2026-09-02 22:27:28Z, uporabljenih=2763, v karanteni=0, RunId=014795bc-baa9-4598-8e85-ca1a56394b6b. Zapisano ni bilo nic.
04:22:32     Prebranih zapisov: 2763; SHA-256: 175dc9ae009539b123edc7e6076027a773aac9f6532e2777b6919971feb75917
04:22:32     STOCK_FILE pri podjetju 4: se ni na vrsti po razporedu; preskoceno.
04:22:32     konec: Zaloga NW_STOCK
04:22:32  == Zaloga BT_STOCK ==
04:22:33     SOURCE_FETCH: se ni na vrsti po razporedu; preskoceno.
04:22:34     Prebranih zapisov: 1389; SHA-256: 88b7c3e1f331eec94b93a68da91e45c3cb67f61785dc722e54236f147e3efb63
04:22:34     STOCK_FILE pri podjetju 1: se ni na vrsti po razporedu; preskoceno.
04:22:35     Prebranih zapisov: 1389; SHA-256: 88b7c3e1f331eec94b93a68da91e45c3cb67f61785dc722e54236f147e3efb63
04:22:35     STOCK_FILE pri podjetju 2: se ni na vrsti po razporedu; preskoceno.
04:22:35     Prebranih zapisov: 1389; SHA-256: 88b7c3e1f331eec94b93a68da91e45c3cb67f61785dc722e54236f147e3efb63
04:22:36     STOCK_FILE pri podjetju 3: se ni na vrsti po razporedu; preskoceno.
04:22:36     Prebranih zapisov: 1389; SHA-256: 88b7c3e1f331eec94b93a68da91e45c3cb67f61785dc722e54236f147e3efb63
04:22:37     Ta posnetek je ze v bazi; vir=BT_STOCK, podjetje=4, cas posnetka=2026-09-02 16:39:55Z, uporabljenih=1389, v karanteni=0, RunId=79b3b0aa-02c9-4df1-aeae-e68412b1e9e4. Zapisano ni bilo nic.
04:22:37     konec: Zaloga BT_STOCK
04:22:37  == Zaloga iz SAOP (kolicine) ==
04:22:38     [1] SAOP_STOCK: se ni na vrsti po razporedu; preskoceno.
04:22:38     [2] SAOP_STOCK: se ni na vrsti po razporedu; preskoceno.
04:22:38     [3] SAOP_STOCK: se ni na vrsti po razporedu; preskoceno.
04:22:38     [4] SAOP_STOCK: se ni na vrsti po razporedu; preskoceno.
04:22:38     konec: Zaloga iz SAOP (kolicine)
04:22:38  == Izvoz cen in zaloge za splet ==
04:22:39     Izvoz profila MAGENTO_STOCK_PRICES končan: 352 vrstic v C:\Users\david\Desktop\PIM\NoviPIM\izvoz\magento\1
04:22:43     Izvoz profila MAGENTO_STOCK_PRICES končan: 2071 vrstic v C:\Users\david\Desktop\PIM\NoviPIM\izvoz\magento\2
04:22:46     Izvoz profila MAGENTO_STOCK_PRICES končan: 2488 vrstic v C:\Users\david\Desktop\PIM\NoviPIM\izvoz\magento\3
04:22:47     Izvoz profila MAGENTO_STOCK_PRICES končan: 0 vrstic v C:\Users\david\Desktop\PIM\NoviPIM\izvoz\magento\4
04:22:48     konec: Izvoz cen in zaloge za splet
04:22:48  Zalogovni cikel koncan; padlih korakov: 0.
04:27:27  == Zaloga NW_STOCK ==
04:27:28     SOURCE_FETCH: se ni na vrsti po razporedu; preskoceno.
04:27:29     Prebranih zapisov: 2763; SHA-256: 175dc9ae009539b123edc7e6076027a773aac9f6532e2777b6919971feb75917
04:27:29     STOCK_FILE pri podjetju 1: se ni na vrsti po razporedu; preskoceno.
04:27:29     Prebranih zapisov: 2763; SHA-256: 175dc9ae009539b123edc7e6076027a773aac9f6532e2777b6919971feb75917
04:27:30     STOCK_FILE pri podjetju 2: se ni na vrsti po razporedu; preskoceno.
04:27:30     Prebranih zapisov: 2763; SHA-256: 175dc9ae009539b123edc7e6076027a773aac9f6532e2777b6919971feb75917
04:27:31     STOCK_FILE pri podjetju 3: se ni na vrsti po razporedu; preskoceno.
04:27:31     Prebranih zapisov: 2763; SHA-256: 175dc9ae009539b123edc7e6076027a773aac9f6532e2777b6919971feb75917
04:27:32     STOCK_FILE pri podjetju 4: se ni na vrsti po razporedu; preskoceno.
04:27:32     konec: Zaloga NW_STOCK
04:27:32  == Zaloga BT_STOCK ==
04:27:33     [BT_STOCK] preskoceno: Razmik dobavitelja se tece; naslednji prenos po 3. 09. 2026 07:12.
04:27:33     Prevzem koncan: uspesno 0, neuspesno 0, skupaj virov 1.
04:27:33     Prebranih zapisov: 1389; SHA-256: 88b7c3e1f331eec94b93a68da91e45c3cb67f61785dc722e54236f147e3efb63
04:27:34     Ta posnetek je ze v bazi; vir=BT_STOCK, podjetje=1, cas posnetka=2026-09-02 16:39:55Z, uporabljenih=1389, v karanteni=0, RunId=e4912780-b225-4977-b541-4c5c7a771824. Zapisano ni bilo nic.
04:27:34     Prebranih zapisov: 1389; SHA-256: 88b7c3e1f331eec94b93a68da91e45c3cb67f61785dc722e54236f147e3efb63
04:27:35     Ta posnetek je ze v bazi; vir=BT_STOCK, podjetje=2, cas posnetka=2026-09-02 16:39:55Z, uporabljenih=1389, v karanteni=0, RunId=f1953183-3abf-42a5-91cd-1677b89581d1. Zapisano ni bilo nic.
04:27:35     Prebranih zapisov: 1389; SHA-256: 88b7c3e1f331eec94b93a68da91e45c3cb67f61785dc722e54236f147e3efb63
04:27:36     Ta posnetek je ze v bazi; vir=BT_STOCK, podjetje=3, cas posnetka=2026-09-02 16:39:55Z, uporabljenih=1389, v karanteni=0, RunId=680e3a50-81b6-4668-860d-52d0c1e429d4. Zapisano ni bilo nic.
04:27:36     Prebranih zapisov: 1389; SHA-256: 88b7c3e1f331eec94b93a68da91e45c3cb67f61785dc722e54236f147e3efb63
04:27:37     STOCK_FILE pri podjetju 4: se ni na vrsti po razporedu; preskoceno.
04:27:37     konec: Zaloga BT_STOCK
04:27:37  == Zaloga iz SAOP (kolicine) ==
04:27:38     [1] SAOP_STOCK: se ni na vrsti po razporedu; preskoceno.
04:27:38     [2] SAOP_STOCK: se ni na vrsti po razporedu; preskoceno.
04:27:38     [3] SAOP_STOCK: se ni na vrsti po razporedu; preskoceno.
04:27:38     [4] SAOP_STOCK: se ni na vrsti po razporedu; preskoceno.
04:27:38     konec: Zaloga iz SAOP (kolicine)
04:27:38  == Izvoz cen in zaloge za splet ==
04:27:39     Izvoz profila MAGENTO_STOCK_PRICES končan: 352 vrstic v C:\Users\david\Desktop\PIM\NoviPIM\izvoz\magento\1
04:27:43     Izvoz profila MAGENTO_STOCK_PRICES končan: 2071 vrstic v C:\Users\david\Desktop\PIM\NoviPIM\izvoz\magento\2
04:27:46     Izvoz profila MAGENTO_STOCK_PRICES končan: 2488 vrstic v C:\Users\david\Desktop\PIM\NoviPIM\izvoz\magento\3
04:27:47     Izvoz profila MAGENTO_STOCK_PRICES končan: 0 vrstic v C:\Users\david\Desktop\PIM\NoviPIM\izvoz\magento\4
04:27:48     konec: Izvoz cen in zaloge za splet
04:27:48  Zalogovni cikel koncan; padlih korakov: 0.
04:32:27  == Zaloga NW_STOCK ==
04:32:28     SOURCE_FETCH: se ni na vrsti po razporedu; preskoceno.
04:32:29     Prebranih zapisov: 2763; SHA-256: 175dc9ae009539b123edc7e6076027a773aac9f6532e2777b6919971feb75917
04:32:29     STOCK_FILE pri podjetju 1: se ni na vrsti po razporedu; preskoceno.
04:32:30     Prebranih zapisov: 2763; SHA-256: 175dc9ae009539b123edc7e6076027a773aac9f6532e2777b6919971feb75917
04:32:30     STOCK_FILE pri podjetju 2: se ni na vrsti po razporedu; preskoceno.
04:32:30     Prebranih zapisov: 2763; SHA-256: 175dc9ae009539b123edc7e6076027a773aac9f6532e2777b6919971feb75917
04:32:31     STOCK_FILE pri podjetju 3: se ni na vrsti po razporedu; preskoceno.
04:32:31     Prebranih zapisov: 2763; SHA-256: 175dc9ae009539b123edc7e6076027a773aac9f6532e2777b6919971feb75917
04:32:32     Ta posnetek je ze v bazi; vir=NW_STOCK, podjetje=4, cas posnetka=2026-09-02 22:27:28Z, uporabljenih=2763, v karanteni=0, RunId=5ddc9ea3-4711-47c8-a759-b300e2ceb505. Zapisano ni bilo nic.
04:32:32     konec: Zaloga NW_STOCK
04:32:32  == Zaloga BT_STOCK ==
04:32:33     [BT_STOCK] preskoceno: Razmik dobavitelja se tece; naslednji prenos po 3. 09. 2026 07:12.
04:32:33     Prevzem koncan: uspesno 0, neuspesno 0, skupaj virov 1.
04:32:33     Prebranih zapisov: 1389; SHA-256: 88b7c3e1f331eec94b93a68da91e45c3cb67f61785dc722e54236f147e3efb63
04:32:34     Ta posnetek je ze v bazi; vir=BT_STOCK, podjetje=1, cas posnetka=2026-09-02 16:39:55Z, uporabljenih=1389, v karanteni=0, RunId=e4912780-b225-4977-b541-4c5c7a771824. Zapisano ni bilo nic.
04:32:34     Prebranih zapisov: 1389; SHA-256: 88b7c3e1f331eec94b93a68da91e45c3cb67f61785dc722e54236f147e3efb63
04:32:35     Ta posnetek je ze v bazi; vir=BT_STOCK, podjetje=2, cas posnetka=2026-09-02 16:39:55Z, uporabljenih=1389, v karanteni=0, RunId=f1953183-3abf-42a5-91cd-1677b89581d1. Zapisano ni bilo nic.
04:32:35     Prebranih zapisov: 1389; SHA-256: 88b7c3e1f331eec94b93a68da91e45c3cb67f61785dc722e54236f147e3efb63
04:32:36     Ta posnetek je ze v bazi; vir=BT_STOCK, podjetje=3, cas posnetka=2026-09-02 16:39:55Z, uporabljenih=1389, v karanteni=0, RunId=680e3a50-81b6-4668-860d-52d0c1e429d4. Zapisano ni bilo nic.
04:32:37     Prebranih zapisov: 1389; SHA-256: 88b7c3e1f331eec94b93a68da91e45c3cb67f61785dc722e54236f147e3efb63
04:32:37     STOCK_FILE pri podjetju 4: se ni na vrsti po razporedu; preskoceno.
04:32:37     konec: Zaloga BT_STOCK
04:32:37  == Zaloga iz SAOP (kolicine) ==
04:32:38     [1] SAOP_STOCK: se ni na vrsti po razporedu; preskoceno.
04:32:38     [2] SAOP_STOCK: se ni na vrsti po razporedu; preskoceno.
04:32:38     [3] SAOP_STOCK: se ni na vrsti po razporedu; preskoceno.
04:32:38     [4] SAOP_STOCK: se ni na vrsti po razporedu; preskoceno.
04:32:38     konec: Zaloga iz SAOP (kolicine)
04:32:38  == Izvoz cen in zaloge za splet ==
04:32:39     Izvoz profila MAGENTO_STOCK_PRICES končan: 352 vrstic v C:\Users\david\Desktop\PIM\NoviPIM\izvoz\magento\1
04:32:43     Izvoz profila MAGENTO_STOCK_PRICES končan: 2071 vrstic v C:\Users\david\Desktop\PIM\NoviPIM\izvoz\magento\2
04:32:47     Izvoz profila MAGENTO_STOCK_PRICES končan: 2488 vrstic v C:\Users\david\Desktop\PIM\NoviPIM\izvoz\magento\3
04:32:48     Izvoz profila MAGENTO_STOCK_PRICES končan: 0 vrstic v C:\Users\david\Desktop\PIM\NoviPIM\izvoz\magento\4
04:32:48     konec: Izvoz cen in zaloge za splet
04:32:48  Zalogovni cikel koncan; padlih korakov: 0.
04:37:27  == Zaloga NW_STOCK ==
04:37:28     SOURCE_FETCH: se ni na vrsti po razporedu; preskoceno.
04:37:29     Prebranih zapisov: 2763; SHA-256: 175dc9ae009539b123edc7e6076027a773aac9f6532e2777b6919971feb75917
04:37:29     STOCK_FILE pri podjetju 1: se ni na vrsti po razporedu; preskoceno.
04:37:30     Prebranih zapisov: 2763; SHA-256: 175dc9ae009539b123edc7e6076027a773aac9f6532e2777b6919971feb75917
04:37:30     STOCK_FILE pri podjetju 2: se ni na vrsti po razporedu; preskoceno.
04:37:30     Prebranih zapisov: 2763; SHA-256: 175dc9ae009539b123edc7e6076027a773aac9f6532e2777b6919971feb75917
04:37:31     STOCK_FILE pri podjetju 3: se ni na vrsti po razporedu; preskoceno.
04:37:31     Prebranih zapisov: 2763; SHA-256: 175dc9ae009539b123edc7e6076027a773aac9f6532e2777b6919971feb75917
04:37:32     STOCK_FILE pri podjetju 4: se ni na vrsti po razporedu; preskoceno.
04:37:32     konec: Zaloga NW_STOCK
04:37:32  == Zaloga BT_STOCK ==
04:37:32     SOURCE_FETCH: se ni na vrsti po razporedu; preskoceno.
04:37:33     Prebranih zapisov: 1389; SHA-256: 88b7c3e1f331eec94b93a68da91e45c3cb67f61785dc722e54236f147e3efb63
04:37:33     STOCK_FILE pri podjetju 1: se ni na vrsti po razporedu; preskoceno.
04:37:34     Prebranih zapisov: 1389; SHA-256: 88b7c3e1f331eec94b93a68da91e45c3cb67f61785dc722e54236f147e3efb63
04:37:34     STOCK_FILE pri podjetju 2: se ni na vrsti po razporedu; preskoceno.
04:37:35     Prebranih zapisov: 1389; SHA-256: 88b7c3e1f331eec94b93a68da91e45c3cb67f61785dc722e54236f147e3efb63
04:37:35     STOCK_FILE pri podjetju 3: se ni na vrsti po razporedu; preskoceno.
04:37:36     Prebranih zapisov: 1389; SHA-256: 88b7c3e1f331eec94b93a68da91e45c3cb67f61785dc722e54236f147e3efb63
04:37:36     Ta posnetek je ze v bazi; vir=BT_STOCK, podjetje=4, cas posnetka=2026-09-02 16:39:55Z, uporabljenih=1389, v karanteni=0, RunId=79b3b0aa-02c9-4df1-aeae-e68412b1e9e4. Zapisano ni bilo nic.
04:37:36     konec: Zaloga BT_STOCK
04:37:36  == Zaloga iz SAOP (kolicine) ==
04:37:37     [1] SAOP_STOCK: se ni na vrsti po razporedu; preskoceno.
04:37:37     [2] SAOP_STOCK: se ni na vrsti po razporedu; preskoceno.
04:37:37     [3] SAOP_STOCK: se ni na vrsti po razporedu; preskoceno.
04:37:37     [4] SAOP_STOCK: se ni na vrsti po razporedu; preskoceno.
04:37:37     konec: Zaloga iz SAOP (kolicine)
04:37:37  == Izvoz cen in zaloge za splet ==
04:37:39     Izvoz profila MAGENTO_STOCK_PRICES končan: 352 vrstic v C:\Users\david\Desktop\PIM\NoviPIM\izvoz\magento\1
04:37:43     Izvoz profila MAGENTO_STOCK_PRICES končan: 2071 vrstic v C:\Users\david\Desktop\PIM\NoviPIM\izvoz\magento\2
04:37:46     Izvoz profila MAGENTO_STOCK_PRICES končan: 2488 vrstic v C:\Users\david\Desktop\PIM\NoviPIM\izvoz\magento\3
04:37:47     Izvoz profila MAGENTO_STOCK_PRICES končan: 0 vrstic v C:\Users\david\Desktop\PIM\NoviPIM\izvoz\magento\4
04:37:47     konec: Izvoz cen in zaloge za splet
04:37:47  Zalogovni cikel koncan; padlih korakov: 0.
04:42:27  == Zaloga NW_STOCK ==
04:42:29     [NW_STOCK] preskoceno: Dobaviteljeva datoteka je nespremenjena; obdrzimo prejsnjo.
04:42:29     Prevzem koncan: uspesno 0, neuspesno 0, skupaj virov 1.
04:42:29     Prebranih zapisov: 2763; SHA-256: 175dc9ae009539b123edc7e6076027a773aac9f6532e2777b6919971feb75917
04:42:30     Ta posnetek je ze v bazi; vir=NW_STOCK, podjetje=1, cas posnetka=2026-09-02 22:27:28Z, uporabljenih=2763, v karanteni=0, RunId=4ffa2612-a697-48f4-ab22-4fdd76d02219. Zapisano ni bilo nic.
04:42:31     Prebranih zapisov: 2763; SHA-256: 175dc9ae009539b123edc7e6076027a773aac9f6532e2777b6919971feb75917
04:42:31     Ta posnetek je ze v bazi; vir=NW_STOCK, podjetje=2, cas posnetka=2026-09-02 22:27:28Z, uporabljenih=2763, v karanteni=0, RunId=fe852c08-fe28-4b05-8c51-b4583f9ef8a5. Zapisano ni bilo nic.
04:42:32     Prebranih zapisov: 2763; SHA-256: 175dc9ae009539b123edc7e6076027a773aac9f6532e2777b6919971feb75917
04:42:32     Ta posnetek je ze v bazi; vir=NW_STOCK, podjetje=3, cas posnetka=2026-09-02 22:27:28Z, uporabljenih=2763, v karanteni=0, RunId=014795bc-baa9-4598-8e85-ca1a56394b6b. Zapisano ni bilo nic.
04:42:33     Prebranih zapisov: 2763; SHA-256: 175dc9ae009539b123edc7e6076027a773aac9f6532e2777b6919971feb75917
04:42:33     STOCK_FILE pri podjetju 4: se ni na vrsti po razporedu; preskoceno.
04:42:33     konec: Zaloga NW_STOCK
04:42:33  == Zaloga BT_STOCK ==
04:42:34     SOURCE_FETCH: se ni na vrsti po razporedu; preskoceno.
04:42:34     Prebranih zapisov: 1389; SHA-256: 88b7c3e1f331eec94b93a68da91e45c3cb67f61785dc722e54236f147e3efb63
04:42:35     STOCK_FILE pri podjetju 1: se ni na vrsti po razporedu; preskoceno.
04:42:35     Prebranih zapisov: 1389; SHA-256: 88b7c3e1f331eec94b93a68da91e45c3cb67f61785dc722e54236f147e3efb63
04:42:36     STOCK_FILE pri podjetju 2: se ni na vrsti po razporedu; preskoceno.
04:42:36     Prebranih zapisov: 1389; SHA-256: 88b7c3e1f331eec94b93a68da91e45c3cb67f61785dc722e54236f147e3efb63
04:42:37     STOCK_FILE pri podjetju 3: se ni na vrsti po razporedu; preskoceno.
04:42:37     Prebranih zapisov: 1389; SHA-256: 88b7c3e1f331eec94b93a68da91e45c3cb67f61785dc722e54236f147e3efb63
04:42:38     Ta posnetek je ze v bazi; vir=BT_STOCK, podjetje=4, cas posnetka=2026-09-02 16:39:55Z, uporabljenih=1389, v karanteni=0, RunId=79b3b0aa-02c9-4df1-aeae-e68412b1e9e4. Zapisano ni bilo nic.
04:42:38     konec: Zaloga BT_STOCK
04:42:38  == Zaloga iz SAOP (kolicine) ==
04:42:39     [1] SAOP_STOCK: se ni na vrsti po razporedu; preskoceno.
04:42:39     [2] SAOP_STOCK: se ni na vrsti po razporedu; preskoceno.
04:42:39     [3] SAOP_STOCK: se ni na vrsti po razporedu; preskoceno.
04:42:39     [4] SAOP_STOCK: se ni na vrsti po razporedu; preskoceno.
04:42:39     konec: Zaloga iz SAOP (kolicine)
04:42:39  == Izvoz cen in zaloge za splet ==
04:42:40     Izvoz profila MAGENTO_STOCK_PRICES končan: 352 vrstic v C:\Users\david\Desktop\PIM\NoviPIM\izvoz\magento\1
04:42:44     Izvoz profila MAGENTO_STOCK_PRICES končan: 2071 vrstic v C:\Users\david\Desktop\PIM\NoviPIM\izvoz\magento\2
04:42:47     Izvoz profila MAGENTO_STOCK_PRICES končan: 2488 vrstic v C:\Users\david\Desktop\PIM\NoviPIM\izvoz\magento\3
04:42:49     Izvoz profila MAGENTO_STOCK_PRICES končan: 0 vrstic v C:\Users\david\Desktop\PIM\NoviPIM\izvoz\magento\4
04:42:49     konec: Izvoz cen in zaloge za splet
04:42:49  Zalogovni cikel koncan; padlih korakov: 0.
04:47:27  == Zaloga NW_STOCK ==
04:47:28     SOURCE_FETCH: se ni na vrsti po razporedu; preskoceno.
04:47:29     Prebranih zapisov: 2763; SHA-256: 175dc9ae009539b123edc7e6076027a773aac9f6532e2777b6919971feb75917
04:47:29     STOCK_FILE pri podjetju 1: se ni na vrsti po razporedu; preskoceno.
04:47:29     Prebranih zapisov: 2763; SHA-256: 175dc9ae009539b123edc7e6076027a773aac9f6532e2777b6919971feb75917
04:47:30     STOCK_FILE pri podjetju 2: se ni na vrsti po razporedu; preskoceno.
04:47:30     Prebranih zapisov: 2763; SHA-256: 175dc9ae009539b123edc7e6076027a773aac9f6532e2777b6919971feb75917
04:47:31     STOCK_FILE pri podjetju 3: se ni na vrsti po razporedu; preskoceno.
04:47:31     Prebranih zapisov: 2763; SHA-256: 175dc9ae009539b123edc7e6076027a773aac9f6532e2777b6919971feb75917
04:47:32     STOCK_FILE pri podjetju 4: se ni na vrsti po razporedu; preskoceno.
04:47:32     konec: Zaloga NW_STOCK
04:47:32  == Zaloga BT_STOCK ==
04:47:32     [BT_STOCK] preskoceno: Razmik dobavitelja se tece; naslednji prenos po 3. 09. 2026 07:12.
04:47:32     Prevzem koncan: uspesno 0, neuspesno 0, skupaj virov 1.
04:47:33     Prebranih zapisov: 1389; SHA-256: 88b7c3e1f331eec94b93a68da91e45c3cb67f61785dc722e54236f147e3efb63
04:47:34     Ta posnetek je ze v bazi; vir=BT_STOCK, podjetje=1, cas posnetka=2026-09-02 16:39:55Z, uporabljenih=1389, v karanteni=0, RunId=e4912780-b225-4977-b541-4c5c7a771824. Zapisano ni bilo nic.
04:47:34     Prebranih zapisov: 1389; SHA-256: 88b7c3e1f331eec94b93a68da91e45c3cb67f61785dc722e54236f147e3efb63
04:47:35     Ta posnetek je ze v bazi; vir=BT_STOCK, podjetje=2, cas posnetka=2026-09-02 16:39:55Z, uporabljenih=1389, v karanteni=0, RunId=f1953183-3abf-42a5-91cd-1677b89581d1. Zapisano ni bilo nic.
04:47:35     Prebranih zapisov: 1389; SHA-256: 88b7c3e1f331eec94b93a68da91e45c3cb67f61785dc722e54236f147e3efb63
04:47:36     Ta posnetek je ze v bazi; vir=BT_STOCK, podjetje=3, cas posnetka=2026-09-02 16:39:55Z, uporabljenih=1389, v karanteni=0, RunId=680e3a50-81b6-4668-860d-52d0c1e429d4. Zapisano ni bilo nic.
04:47:36     Prebranih zapisov: 1389; SHA-256: 88b7c3e1f331eec94b93a68da91e45c3cb67f61785dc722e54236f147e3efb63
04:47:37     STOCK_FILE pri podjetju 4: se ni na vrsti po razporedu; preskoceno.
04:47:37     konec: Zaloga BT_STOCK
04:47:37  == Zaloga iz SAOP (kolicine) ==
04:47:37     [1] SAOP_STOCK: se ni na vrsti po razporedu; preskoceno.
04:47:37     [2] SAOP_STOCK: se ni na vrsti po razporedu; preskoceno.
04:47:37     [3] SAOP_STOCK: se ni na vrsti po razporedu; preskoceno.
04:47:37     [4] SAOP_STOCK: se ni na vrsti po razporedu; preskoceno.
04:47:38     konec: Zaloga iz SAOP (kolicine)
04:47:38  == Izvoz cen in zaloge za splet ==
04:47:39     Izvoz profila MAGENTO_STOCK_PRICES končan: 352 vrstic v C:\Users\david\Desktop\PIM\NoviPIM\izvoz\magento\1
04:47:43     Izvoz profila MAGENTO_STOCK_PRICES končan: 2071 vrstic v C:\Users\david\Desktop\PIM\NoviPIM\izvoz\magento\2
04:47:46     Izvoz profila MAGENTO_STOCK_PRICES končan: 2488 vrstic v C:\Users\david\Desktop\PIM\NoviPIM\izvoz\magento\3
04:47:47     Izvoz profila MAGENTO_STOCK_PRICES končan: 0 vrstic v C:\Users\david\Desktop\PIM\NoviPIM\izvoz\magento\4
04:47:48     konec: Izvoz cen in zaloge za splet
04:47:48  Zalogovni cikel koncan; padlih korakov: 0.
04:52:27  == Zaloga NW_STOCK ==
04:52:28     SOURCE_FETCH: se ni na vrsti po razporedu; preskoceno.
04:52:29     Prebranih zapisov: 2763; SHA-256: 175dc9ae009539b123edc7e6076027a773aac9f6532e2777b6919971feb75917
04:52:29     STOCK_FILE pri podjetju 1: se ni na vrsti po razporedu; preskoceno.
04:52:30     Prebranih zapisov: 2763; SHA-256: 175dc9ae009539b123edc7e6076027a773aac9f6532e2777b6919971feb75917
04:52:30     STOCK_FILE pri podjetju 2: se ni na vrsti po razporedu; preskoceno.
04:52:30     Prebranih zapisov: 2763; SHA-256: 175dc9ae009539b123edc7e6076027a773aac9f6532e2777b6919971feb75917
04:52:31     STOCK_FILE pri podjetju 3: se ni na vrsti po razporedu; preskoceno.
04:52:31     Prebranih zapisov: 2763; SHA-256: 175dc9ae009539b123edc7e6076027a773aac9f6532e2777b6919971feb75917
04:52:32     Ta posnetek je ze v bazi; vir=NW_STOCK, podjetje=4, cas posnetka=2026-09-02 22:27:28Z, uporabljenih=2763, v karanteni=0, RunId=5ddc9ea3-4711-47c8-a759-b300e2ceb505. Zapisano ni bilo nic.
04:52:32     konec: Zaloga NW_STOCK
04:52:32  == Zaloga BT_STOCK ==
04:52:33     [BT_STOCK] preskoceno: Razmik dobavitelja se tece; naslednji prenos po 3. 09. 2026 07:12.
04:52:33     Prevzem koncan: uspesno 0, neuspesno 0, skupaj virov 1.
04:52:33     Prebranih zapisov: 1389; SHA-256: 88b7c3e1f331eec94b93a68da91e45c3cb67f61785dc722e54236f147e3efb63
04:52:34     Ta posnetek je ze v bazi; vir=BT_STOCK, podjetje=1, cas posnetka=2026-09-02 16:39:55Z, uporabljenih=1389, v karanteni=0, RunId=e4912780-b225-4977-b541-4c5c7a771824. Zapisano ni bilo nic.
04:52:34     Prebranih zapisov: 1389; SHA-256: 88b7c3e1f331eec94b93a68da91e45c3cb67f61785dc722e54236f147e3efb63
04:52:35     Ta posnetek je ze v bazi; vir=BT_STOCK, podjetje=2, cas posnetka=2026-09-02 16:39:55Z, uporabljenih=1389, v karanteni=0, RunId=f1953183-3abf-42a5-91cd-1677b89581d1. Zapisano ni bilo nic.
04:52:35     Prebranih zapisov: 1389; SHA-256: 88b7c3e1f331eec94b93a68da91e45c3cb67f61785dc722e54236f147e3efb63
04:52:36     Ta posnetek je ze v bazi; vir=BT_STOCK, podjetje=3, cas posnetka=2026-09-02 16:39:55Z, uporabljenih=1389, v karanteni=0, RunId=680e3a50-81b6-4668-860d-52d0c1e429d4. Zapisano ni bilo nic.
04:52:36     Prebranih zapisov: 1389; SHA-256: 88b7c3e1f331eec94b93a68da91e45c3cb67f61785dc722e54236f147e3efb63
04:52:37     STOCK_FILE pri podjetju 4: se ni na vrsti po razporedu; preskoceno.
04:52:37     konec: Zaloga BT_STOCK
04:52:37  == Zaloga iz SAOP (kolicine) ==
04:52:38     [1] SAOP_STOCK: se ni na vrsti po razporedu; preskoceno.
04:52:38     [2] SAOP_STOCK: se ni na vrsti po razporedu; preskoceno.
04:52:38     [3] SAOP_STOCK: se ni na vrsti po razporedu; preskoceno.
04:52:38     [4] SAOP_STOCK: se ni na vrsti po razporedu; preskoceno.
04:52:38     konec: Zaloga iz SAOP (kolicine)
04:52:38  == Izvoz cen in zaloge za splet ==
04:52:39     Izvoz profila MAGENTO_STOCK_PRICES končan: 352 vrstic v C:\Users\david\Desktop\PIM\NoviPIM\izvoz\magento\1
04:52:43     Izvoz profila MAGENTO_STOCK_PRICES končan: 2071 vrstic v C:\Users\david\Desktop\PIM\NoviPIM\izvoz\magento\2
04:52:46     Izvoz profila MAGENTO_STOCK_PRICES končan: 2488 vrstic v C:\Users\david\Desktop\PIM\NoviPIM\izvoz\magento\3
04:52:48     Izvoz profila MAGENTO_STOCK_PRICES končan: 0 vrstic v C:\Users\david\Desktop\PIM\NoviPIM\izvoz\magento\4
04:52:48     konec: Izvoz cen in zaloge za splet
04:52:48  Zalogovni cikel koncan; padlih korakov: 0.
04:57:27  == Zaloga NW_STOCK ==
04:57:28     SOURCE_FETCH: se ni na vrsti po razporedu; preskoceno.
04:57:29     Prebranih zapisov: 2763; SHA-256: 175dc9ae009539b123edc7e6076027a773aac9f6532e2777b6919971feb75917
04:57:29     STOCK_FILE pri podjetju 1: se ni na vrsti po razporedu; preskoceno.
04:57:29     Prebranih zapisov: 2763; SHA-256: 175dc9ae009539b123edc7e6076027a773aac9f6532e2777b6919971feb75917
04:57:30     STOCK_FILE pri podjetju 2: se ni na vrsti po razporedu; preskoceno.
04:57:30     Prebranih zapisov: 2763; SHA-256: 175dc9ae009539b123edc7e6076027a773aac9f6532e2777b6919971feb75917
04:57:31     STOCK_FILE pri podjetju 3: se ni na vrsti po razporedu; preskoceno.
04:57:31     Prebranih zapisov: 2763; SHA-256: 175dc9ae009539b123edc7e6076027a773aac9f6532e2777b6919971feb75917
04:57:32     STOCK_FILE pri podjetju 4: se ni na vrsti po razporedu; preskoceno.
04:57:32     konec: Zaloga NW_STOCK
04:57:32  == Zaloga BT_STOCK ==
04:57:32     SOURCE_FETCH: se ni na vrsti po razporedu; preskoceno.
04:57:33     Prebranih zapisov: 1389; SHA-256: 88b7c3e1f331eec94b93a68da91e45c3cb67f61785dc722e54236f147e3efb63
04:57:33     STOCK_FILE pri podjetju 1: se ni na vrsti po razporedu; preskoceno.
04:57:34     Prebranih zapisov: 1389; SHA-256: 88b7c3e1f331eec94b93a68da91e45c3cb67f61785dc722e54236f147e3efb63
04:57:34     STOCK_FILE pri podjetju 2: se ni na vrsti po razporedu; preskoceno.
04:57:35     Prebranih zapisov: 1389; SHA-256: 88b7c3e1f331eec94b93a68da91e45c3cb67f61785dc722e54236f147e3efb63
04:57:35     STOCK_FILE pri podjetju 3: se ni na vrsti po razporedu; preskoceno.
04:57:36     Prebranih zapisov: 1389; SHA-256: 88b7c3e1f331eec94b93a68da91e45c3cb67f61785dc722e54236f147e3efb63
04:57:36     Ta posnetek je ze v bazi; vir=BT_STOCK, podjetje=4, cas posnetka=2026-09-02 16:39:55Z, uporabljenih=1389, v karanteni=0, RunId=79b3b0aa-02c9-4df1-aeae-e68412b1e9e4. Zapisano ni bilo nic.
04:57:36     konec: Zaloga BT_STOCK
04:57:36  == Zaloga iz SAOP (kolicine) ==
04:57:37     [1] SAOP_STOCK: se ni na vrsti po razporedu; preskoceno.
04:57:37     [2] SAOP_STOCK: se ni na vrsti po razporedu; preskoceno.
04:57:37     [3] SAOP_STOCK: se ni na vrsti po razporedu; preskoceno.
04:57:37     [4] SAOP_STOCK: se ni na vrsti po razporedu; preskoceno.
04:57:37     konec: Zaloga iz SAOP (kolicine)
04:57:37  == Izvoz cen in zaloge za splet ==
04:57:39     Izvoz profila MAGENTO_STOCK_PRICES končan: 352 vrstic v C:\Users\david\Desktop\PIM\NoviPIM\izvoz\magento\1
04:57:43     Izvoz profila MAGENTO_STOCK_PRICES končan: 2071 vrstic v C:\Users\david\Desktop\PIM\NoviPIM\izvoz\magento\2
04:57:46     Izvoz profila MAGENTO_STOCK_PRICES končan: 2488 vrstic v C:\Users\david\Desktop\PIM\NoviPIM\izvoz\magento\3
04:57:47     Izvoz profila MAGENTO_STOCK_PRICES končan: 0 vrstic v C:\Users\david\Desktop\PIM\NoviPIM\izvoz\magento\4
04:57:47     konec: Izvoz cen in zaloge za splet
04:57:47  Zalogovni cikel koncan; padlih korakov: 0.
05:02:27  == Zaloga NW_STOCK ==
05:02:28     [NW_STOCK] preskoceno: Razmik dobavitelja se tece; naslednji prenos po 3. 09. 2026 06:42.
05:02:28     Prevzem koncan: uspesno 0, neuspesno 0, skupaj virov 1.
05:02:29     Prebranih zapisov: 2763; SHA-256: 175dc9ae009539b123edc7e6076027a773aac9f6532e2777b6919971feb75917
05:02:29     Ta posnetek je ze v bazi; vir=NW_STOCK, podjetje=1, cas posnetka=2026-09-02 22:27:28Z, uporabljenih=2763, v karanteni=0, RunId=4ffa2612-a697-48f4-ab22-4fdd76d02219. Zapisano ni bilo nic.
05:02:30     Prebranih zapisov: 2763; SHA-256: 175dc9ae009539b123edc7e6076027a773aac9f6532e2777b6919971feb75917
05:02:30     Ta posnetek je ze v bazi; vir=NW_STOCK, podjetje=2, cas posnetka=2026-09-02 22:27:28Z, uporabljenih=2763, v karanteni=0, RunId=fe852c08-fe28-4b05-8c51-b4583f9ef8a5. Zapisano ni bilo nic.
05:02:31     Prebranih zapisov: 2763; SHA-256: 175dc9ae009539b123edc7e6076027a773aac9f6532e2777b6919971feb75917
05:02:31     Ta posnetek je ze v bazi; vir=NW_STOCK, podjetje=3, cas posnetka=2026-09-02 22:27:28Z, uporabljenih=2763, v karanteni=0, RunId=014795bc-baa9-4598-8e85-ca1a56394b6b. Zapisano ni bilo nic.
05:02:32     Prebranih zapisov: 2763; SHA-256: 175dc9ae009539b123edc7e6076027a773aac9f6532e2777b6919971feb75917
05:02:32     STOCK_FILE pri podjetju 4: se ni na vrsti po razporedu; preskoceno.
05:02:32     konec: Zaloga NW_STOCK
05:02:32  == Zaloga BT_STOCK ==
05:02:33     SOURCE_FETCH: se ni na vrsti po razporedu; preskoceno.
05:02:34     Prebranih zapisov: 1389; SHA-256: 88b7c3e1f331eec94b93a68da91e45c3cb67f61785dc722e54236f147e3efb63
05:02:34     STOCK_FILE pri podjetju 1: se ni na vrsti po razporedu; preskoceno.
05:02:35     Prebranih zapisov: 1389; SHA-256: 88b7c3e1f331eec94b93a68da91e45c3cb67f61785dc722e54236f147e3efb63
05:02:35     STOCK_FILE pri podjetju 2: se ni na vrsti po razporedu; preskoceno.
05:02:35     Prebranih zapisov: 1389; SHA-256: 88b7c3e1f331eec94b93a68da91e45c3cb67f61785dc722e54236f147e3efb63
05:02:36     STOCK_FILE pri podjetju 3: se ni na vrsti po razporedu; preskoceno.
05:02:36     Prebranih zapisov: 1389; SHA-256: 88b7c3e1f331eec94b93a68da91e45c3cb67f61785dc722e54236f147e3efb63
05:02:37     Ta posnetek je ze v bazi; vir=BT_STOCK, podjetje=4, cas posnetka=2026-09-02 16:39:55Z, uporabljenih=1389, v karanteni=0, RunId=79b3b0aa-02c9-4df1-aeae-e68412b1e9e4. Zapisano ni bilo nic.
05:02:37     konec: Zaloga BT_STOCK
05:02:37  == Zaloga iz SAOP (kolicine) ==
05:02:38     [1] SAOP_STOCK: se ni na vrsti po razporedu; preskoceno.
05:02:38     [2] SAOP_STOCK: se ni na vrsti po razporedu; preskoceno.
05:02:38     [3] SAOP_STOCK: se ni na vrsti po razporedu; preskoceno.
05:02:38     [4] SAOP_STOCK: se ni na vrsti po razporedu; preskoceno.
05:02:38     konec: Zaloga iz SAOP (kolicine)
05:02:38  == Izvoz cen in zaloge za splet ==
05:02:39     Izvoz profila MAGENTO_STOCK_PRICES končan: 352 vrstic v C:\Users\david\Desktop\PIM\NoviPIM\izvoz\magento\1
05:02:43     Izvoz profila MAGENTO_STOCK_PRICES končan: 2071 vrstic v C:\Users\david\Desktop\PIM\NoviPIM\izvoz\magento\2
05:02:46     Izvoz profila MAGENTO_STOCK_PRICES končan: 2488 vrstic v C:\Users\david\Desktop\PIM\NoviPIM\izvoz\magento\3
05:02:48     Izvoz profila MAGENTO_STOCK_PRICES končan: 0 vrstic v C:\Users\david\Desktop\PIM\NoviPIM\izvoz\magento\4
05:02:48     konec: Izvoz cen in zaloge za splet
05:02:48  Zalogovni cikel koncan; padlih korakov: 0.
05:07:27  == Zaloga NW_STOCK ==
05:07:28     SOURCE_FETCH: se ni na vrsti po razporedu; preskoceno.
05:07:29     Prebranih zapisov: 2763; SHA-256: 175dc9ae009539b123edc7e6076027a773aac9f6532e2777b6919971feb75917
05:07:29     Ta posnetek je ze v bazi; vir=NW_STOCK, podjetje=1, cas posnetka=2026-09-02 22:27:28Z, uporabljenih=2763, v karanteni=0, RunId=4ffa2612-a697-48f4-ab22-4fdd76d02219. Zapisano ni bilo nic.
05:07:30     Prebranih zapisov: 2763; SHA-256: 175dc9ae009539b123edc7e6076027a773aac9f6532e2777b6919971feb75917
05:07:30     STOCK_FILE pri podjetju 2: se ni na vrsti po razporedu; preskoceno.
05:07:31     Prebranih zapisov: 2763; SHA-256: 175dc9ae009539b123edc7e6076027a773aac9f6532e2777b6919971feb75917
05:07:31     STOCK_FILE pri podjetju 3: se ni na vrsti po razporedu; preskoceno.
05:07:32     Prebranih zapisov: 2763; SHA-256: 175dc9ae009539b123edc7e6076027a773aac9f6532e2777b6919971feb75917
05:07:32     STOCK_FILE pri podjetju 4: se ni na vrsti po razporedu; preskoceno.
05:07:32     konec: Zaloga NW_STOCK
05:07:32  == Zaloga BT_STOCK ==
05:07:33     [BT_STOCK] preskoceno: Razmik dobavitelja se tece; naslednji prenos po 3. 09. 2026 07:12.
05:07:33     Prevzem koncan: uspesno 0, neuspesno 0, skupaj virov 1.
05:07:33     Prebranih zapisov: 1389; SHA-256: 88b7c3e1f331eec94b93a68da91e45c3cb67f61785dc722e54236f147e3efb63
05:07:34     STOCK_FILE pri podjetju 1: se ni na vrsti po razporedu; preskoceno.
05:07:34     Prebranih zapisov: 1389; SHA-256: 88b7c3e1f331eec94b93a68da91e45c3cb67f61785dc722e54236f147e3efb63
05:07:35     Ta posnetek je ze v bazi; vir=BT_STOCK, podjetje=2, cas posnetka=2026-09-02 16:39:55Z, uporabljenih=1389, v karanteni=0, RunId=f1953183-3abf-42a5-91cd-1677b89581d1. Zapisano ni bilo nic.
05:07:35     Prebranih zapisov: 1389; SHA-256: 88b7c3e1f331eec94b93a68da91e45c3cb67f61785dc722e54236f147e3efb63
05:07:36     Ta posnetek je ze v bazi; vir=BT_STOCK, podjetje=3, cas posnetka=2026-09-02 16:39:55Z, uporabljenih=1389, v karanteni=0, RunId=680e3a50-81b6-4668-860d-52d0c1e429d4. Zapisano ni bilo nic.
05:07:36     Prebranih zapisov: 1389; SHA-256: 88b7c3e1f331eec94b93a68da91e45c3cb67f61785dc722e54236f147e3efb63
05:07:37     Ta posnetek je ze v bazi; vir=BT_STOCK, podjetje=4, cas posnetka=2026-09-02 16:39:55Z, uporabljenih=1389, v karanteni=0, RunId=79b3b0aa-02c9-4df1-aeae-e68412b1e9e4. Zapisano ni bilo nic.
05:07:37     konec: Zaloga BT_STOCK
05:07:37  == Zaloga iz SAOP (kolicine) ==
05:07:38     [1] SAOP_STOCK: se ni na vrsti po razporedu; preskoceno.
05:07:38     [2] SAOP_STOCK: se ni na vrsti po razporedu; preskoceno.
05:07:38     [3] SAOP_STOCK: se ni na vrsti po razporedu; preskoceno.
05:07:38     [4] SAOP_STOCK: se ni na vrsti po razporedu; preskoceno.
05:07:38     konec: Zaloga iz SAOP (kolicine)
05:07:38  == Izvoz cen in zaloge za splet ==
05:07:39     Izvoz profila MAGENTO_STOCK_PRICES končan: 352 vrstic v C:\Users\david\Desktop\PIM\NoviPIM\izvoz\magento\1
05:07:43     Izvoz profila MAGENTO_STOCK_PRICES končan: 2071 vrstic v C:\Users\david\Desktop\PIM\NoviPIM\izvoz\magento\2
05:07:47     Izvoz profila MAGENTO_STOCK_PRICES končan: 2488 vrstic v C:\Users\david\Desktop\PIM\NoviPIM\izvoz\magento\3
05:07:48     Izvoz profila MAGENTO_STOCK_PRICES končan: 0 vrstic v C:\Users\david\Desktop\PIM\NoviPIM\izvoz\magento\4
05:07:48     konec: Izvoz cen in zaloge za splet
05:07:48  Zalogovni cikel koncan; padlih korakov: 0.
05:12:26  == Zaloga NW_STOCK ==
05:12:27     SOURCE_FETCH: se ni na vrsti po razporedu; preskoceno.
05:12:28     Prebranih zapisov: 2763; SHA-256: 175dc9ae009539b123edc7e6076027a773aac9f6532e2777b6919971feb75917
05:12:28     STOCK_FILE pri podjetju 1: se ni na vrsti po razporedu; preskoceno.
05:12:29     Prebranih zapisov: 2763; SHA-256: 175dc9ae009539b123edc7e6076027a773aac9f6532e2777b6919971feb75917
05:12:29     STOCK_FILE pri podjetju 2: se ni na vrsti po razporedu; preskoceno.
05:12:30     Prebranih zapisov: 2763; SHA-256: 175dc9ae009539b123edc7e6076027a773aac9f6532e2777b6919971feb75917
05:12:30     STOCK_FILE pri podjetju 3: se ni na vrsti po razporedu; preskoceno.
05:12:31     Prebranih zapisov: 2763; SHA-256: 175dc9ae009539b123edc7e6076027a773aac9f6532e2777b6919971feb75917
05:12:31     STOCK_FILE pri podjetju 4: se ni na vrsti po razporedu; preskoceno.
05:12:31     konec: Zaloga NW_STOCK
05:12:31  == Zaloga BT_STOCK ==
05:12:32     SOURCE_FETCH: se ni na vrsti po razporedu; preskoceno.
05:12:32     Prebranih zapisov: 1389; SHA-256: 88b7c3e1f331eec94b93a68da91e45c3cb67f61785dc722e54236f147e3efb63
05:12:33     Ta posnetek je ze v bazi; vir=BT_STOCK, podjetje=1, cas posnetka=2026-09-02 16:39:55Z, uporabljenih=1389, v karanteni=0, RunId=e4912780-b225-4977-b541-4c5c7a771824. Zapisano ni bilo nic.
05:12:33     Prebranih zapisov: 1389; SHA-256: 88b7c3e1f331eec94b93a68da91e45c3cb67f61785dc722e54236f147e3efb63
05:12:34     STOCK_FILE pri podjetju 2: se ni na vrsti po razporedu; preskoceno.
05:12:34     Prebranih zapisov: 1389; SHA-256: 88b7c3e1f331eec94b93a68da91e45c3cb67f61785dc722e54236f147e3efb63
05:12:35     STOCK_FILE pri podjetju 3: se ni na vrsti po razporedu; preskoceno.
05:12:35     Prebranih zapisov: 1389; SHA-256: 88b7c3e1f331eec94b93a68da91e45c3cb67f61785dc722e54236f147e3efb63
05:12:36     STOCK_FILE pri podjetju 4: se ni na vrsti po razporedu; preskoceno.
05:12:36     konec: Zaloga BT_STOCK
05:12:36  == Zaloga iz SAOP (kolicine) ==
05:12:37     [1] SAOP_STOCK: se ni na vrsti po razporedu; preskoceno.
05:12:37     [2] SAOP_STOCK: se ni na vrsti po razporedu; preskoceno.
05:12:37     [3] SAOP_STOCK: se ni na vrsti po razporedu; preskoceno.
05:12:37     [4] SAOP_STOCK: se ni na vrsti po razporedu; preskoceno.
05:12:37     konec: Zaloga iz SAOP (kolicine)
05:12:37  == Izvoz cen in zaloge za splet ==
05:12:38     Izvoz profila MAGENTO_STOCK_PRICES končan: 352 vrstic v C:\Users\david\Desktop\PIM\NoviPIM\izvoz\magento\1
05:12:42     Izvoz profila MAGENTO_STOCK_PRICES končan: 2071 vrstic v C:\Users\david\Desktop\PIM\NoviPIM\izvoz\magento\2
05:12:45     Izvoz profila MAGENTO_STOCK_PRICES končan: 2488 vrstic v C:\Users\david\Desktop\PIM\NoviPIM\izvoz\magento\3
05:12:47     Izvoz profila MAGENTO_STOCK_PRICES končan: 0 vrstic v C:\Users\david\Desktop\PIM\NoviPIM\izvoz\magento\4
05:12:47     konec: Izvoz cen in zaloge za splet
05:12:47  Zalogovni cikel koncan; padlih korakov: 0.
05:17:26  == Zaloga NW_STOCK ==
05:17:27     [NW_STOCK] preskoceno: Razmik dobavitelja se tece; naslednji prenos po 3. 09. 2026 06:42.
05:17:27     Prevzem koncan: uspesno 0, neuspesno 0, skupaj virov 1.
05:17:28     Prebranih zapisov: 2763; SHA-256: 175dc9ae009539b123edc7e6076027a773aac9f6532e2777b6919971feb75917
05:17:28     STOCK_FILE pri podjetju 1: se ni na vrsti po razporedu; preskoceno.
05:17:29     Prebranih zapisov: 2763; SHA-256: 175dc9ae009539b123edc7e6076027a773aac9f6532e2777b6919971feb75917
05:17:29     Ta posnetek je ze v bazi; vir=NW_STOCK, podjetje=2, cas posnetka=2026-09-02 22:27:28Z, uporabljenih=2763, v karanteni=0, RunId=fe852c08-fe28-4b05-8c51-b4583f9ef8a5. Zapisano ni bilo nic.
05:17:30     Prebranih zapisov: 2763; SHA-256: 175dc9ae009539b123edc7e6076027a773aac9f6532e2777b6919971feb75917
05:17:30     Ta posnetek je ze v bazi; vir=NW_STOCK, podjetje=3, cas posnetka=2026-09-02 22:27:28Z, uporabljenih=2763, v karanteni=0, RunId=014795bc-baa9-4598-8e85-ca1a56394b6b. Zapisano ni bilo nic.
05:17:31     Prebranih zapisov: 2763; SHA-256: 175dc9ae009539b123edc7e6076027a773aac9f6532e2777b6919971feb75917
05:17:31     Ta posnetek je ze v bazi; vir=NW_STOCK, podjetje=4, cas posnetka=2026-09-02 22:27:28Z, uporabljenih=2763, v karanteni=0, RunId=5ddc9ea3-4711-47c8-a759-b300e2ceb505. Zapisano ni bilo nic.
05:17:31     konec: Zaloga NW_STOCK
05:17:31  == Zaloga BT_STOCK ==
05:17:32     SOURCE_FETCH: se ni na vrsti po razporedu; preskoceno.
05:17:33     Prebranih zapisov: 1389; SHA-256: 88b7c3e1f331eec94b93a68da91e45c3cb67f61785dc722e54236f147e3efb63
05:17:33     Ta posnetek je ze v bazi; vir=BT_STOCK, podjetje=1, cas posnetka=2026-09-02 16:39:55Z, uporabljenih=1389, v karanteni=0, RunId=e4912780-b225-4977-b541-4c5c7a771824. Zapisano ni bilo nic.
05:17:34     Prebranih zapisov: 1389; SHA-256: 88b7c3e1f331eec94b93a68da91e45c3cb67f61785dc722e54236f147e3efb63
05:17:34     STOCK_FILE pri podjetju 2: se ni na vrsti po razporedu; preskoceno.
05:17:35     Prebranih zapisov: 1389; SHA-256: 88b7c3e1f331eec94b93a68da91e45c3cb67f61785dc722e54236f147e3efb63
05:17:35     STOCK_FILE pri podjetju 3: se ni na vrsti po razporedu; preskoceno.
05:17:36     Prebranih zapisov: 1389; SHA-256: 88b7c3e1f331eec94b93a68da91e45c3cb67f61785dc722e54236f147e3efb63
05:17:36     STOCK_FILE pri podjetju 4: se ni na vrsti po razporedu; preskoceno.
05:17:36     konec: Zaloga BT_STOCK
05:17:36  == Zaloga iz SAOP (kolicine) ==
05:17:37     [1] SAOP_STOCK: se ni na vrsti po razporedu; preskoceno.
05:17:37     [2] SAOP_STOCK: se ni na vrsti po razporedu; preskoceno.
05:17:37     [3] SAOP_STOCK: se ni na vrsti po razporedu; preskoceno.
05:17:37     [4] SAOP_STOCK: se ni na vrsti po razporedu; preskoceno.
05:17:37     konec: Zaloga iz SAOP (kolicine)
05:17:37  == Izvoz cen in zaloge za splet ==
05:17:38     Izvoz profila MAGENTO_STOCK_PRICES končan: 352 vrstic v C:\Users\david\Desktop\PIM\NoviPIM\izvoz\magento\1
05:17:42     Izvoz profila MAGENTO_STOCK_PRICES končan: 2071 vrstic v C:\Users\david\Desktop\PIM\NoviPIM\izvoz\magento\2
05:17:46     Izvoz profila MAGENTO_STOCK_PRICES končan: 2488 vrstic v C:\Users\david\Desktop\PIM\NoviPIM\izvoz\magento\3
05:17:47     Izvoz profila MAGENTO_STOCK_PRICES končan: 0 vrstic v C:\Users\david\Desktop\PIM\NoviPIM\izvoz\magento\4
05:17:47     konec: Izvoz cen in zaloge za splet
05:17:47  Zalogovni cikel koncan; padlih korakov: 0.
05:22:26  == Zaloga NW_STOCK ==
05:22:27     SOURCE_FETCH: se ni na vrsti po razporedu; preskoceno.
05:22:28     Prebranih zapisov: 2763; SHA-256: 175dc9ae009539b123edc7e6076027a773aac9f6532e2777b6919971feb75917
05:22:28     STOCK_FILE pri podjetju 1: se ni na vrsti po razporedu; preskoceno.
05:22:29     Prebranih zapisov: 2763; SHA-256: 175dc9ae009539b123edc7e6076027a773aac9f6532e2777b6919971feb75917
05:22:29     STOCK_FILE pri podjetju 2: se ni na vrsti po razporedu; preskoceno.
05:22:30     Prebranih zapisov: 2763; SHA-256: 175dc9ae009539b123edc7e6076027a773aac9f6532e2777b6919971feb75917
05:22:30     STOCK_FILE pri podjetju 3: se ni na vrsti po razporedu; preskoceno.
05:22:30     Prebranih zapisov: 2763; SHA-256: 175dc9ae009539b123edc7e6076027a773aac9f6532e2777b6919971feb75917
05:22:31     STOCK_FILE pri podjetju 4: se ni na vrsti po razporedu; preskoceno.
05:22:31     konec: Zaloga NW_STOCK
05:22:31  == Zaloga BT_STOCK ==
05:22:32     [BT_STOCK] preskoceno: Razmik dobavitelja se tece; naslednji prenos po 3. 09. 2026 07:12.
05:22:32     Prevzem koncan: uspesno 0, neuspesno 0, skupaj virov 1.
05:22:32     Prebranih zapisov: 1389; SHA-256: 88b7c3e1f331eec94b93a68da91e45c3cb67f61785dc722e54236f147e3efb63
05:22:33     STOCK_FILE pri podjetju 1: se ni na vrsti po razporedu; preskoceno.
05:22:33     Prebranih zapisov: 1389; SHA-256: 88b7c3e1f331eec94b93a68da91e45c3cb67f61785dc722e54236f147e3efb63
05:22:34     Ta posnetek je ze v bazi; vir=BT_STOCK, podjetje=2, cas posnetka=2026-09-02 16:39:55Z, uporabljenih=1389, v karanteni=0, RunId=f1953183-3abf-42a5-91cd-1677b89581d1. Zapisano ni bilo nic.
05:22:34     Prebranih zapisov: 1389; SHA-256: 88b7c3e1f331eec94b93a68da91e45c3cb67f61785dc722e54236f147e3efb63
05:22:35     Ta posnetek je ze v bazi; vir=BT_STOCK, podjetje=3, cas posnetka=2026-09-02 16:39:55Z, uporabljenih=1389, v karanteni=0, RunId=680e3a50-81b6-4668-860d-52d0c1e429d4. Zapisano ni bilo nic.
05:22:35     Prebranih zapisov: 1389; SHA-256: 88b7c3e1f331eec94b93a68da91e45c3cb67f61785dc722e54236f147e3efb63
05:22:36     Ta posnetek je ze v bazi; vir=BT_STOCK, podjetje=4, cas posnetka=2026-09-02 16:39:55Z, uporabljenih=1389, v karanteni=0, RunId=79b3b0aa-02c9-4df1-aeae-e68412b1e9e4. Zapisano ni bilo nic.
05:22:36     konec: Zaloga BT_STOCK
05:22:36  == Zaloga iz SAOP (kolicine) ==
05:22:37     [1] SAOP_STOCK: se ni na vrsti po razporedu; preskoceno.
05:22:37     [2] SAOP_STOCK: se ni na vrsti po razporedu; preskoceno.
05:22:37     [3] SAOP_STOCK: se ni na vrsti po razporedu; preskoceno.
05:22:37     [4] SAOP_STOCK: se ni na vrsti po razporedu; preskoceno.
05:22:37     konec: Zaloga iz SAOP (kolicine)
05:22:37  == Izvoz cen in zaloge za splet ==
05:22:38     Izvoz profila MAGENTO_STOCK_PRICES končan: 352 vrstic v C:\Users\david\Desktop\PIM\NoviPIM\izvoz\magento\1
05:22:42     Izvoz profila MAGENTO_STOCK_PRICES končan: 2071 vrstic v C:\Users\david\Desktop\PIM\NoviPIM\izvoz\magento\2
05:22:45     Izvoz profila MAGENTO_STOCK_PRICES končan: 2488 vrstic v C:\Users\david\Desktop\PIM\NoviPIM\izvoz\magento\3
05:22:47     Izvoz profila MAGENTO_STOCK_PRICES končan: 0 vrstic v C:\Users\david\Desktop\PIM\NoviPIM\izvoz\magento\4
05:22:47     konec: Izvoz cen in zaloge za splet
05:22:47  Zalogovni cikel koncan; padlih korakov: 0.
05:27:28  == Zaloga NW_STOCK ==
05:27:31     SOURCE_FETCH: se ni na vrsti po razporedu; preskoceno.
05:27:33     Prebranih zapisov: 2763; SHA-256: 175dc9ae009539b123edc7e6076027a773aac9f6532e2777b6919971feb75917
05:27:33     Ta posnetek je ze v bazi; vir=NW_STOCK, podjetje=1, cas posnetka=2026-09-02 22:27:28Z, uporabljenih=2763, v karanteni=0, RunId=4ffa2612-a697-48f4-ab22-4fdd76d02219. Zapisano ni bilo nic.
05:27:35     Prebranih zapisov: 2763; SHA-256: 175dc9ae009539b123edc7e6076027a773aac9f6532e2777b6919971feb75917
05:27:35     Ta posnetek je ze v bazi; vir=NW_STOCK, podjetje=2, cas posnetka=2026-09-02 22:27:28Z, uporabljenih=2763, v karanteni=0, RunId=fe852c08-fe28-4b05-8c51-b4583f9ef8a5. Zapisano ni bilo nic.
05:27:37     Prebranih zapisov: 2763; SHA-256: 175dc9ae009539b123edc7e6076027a773aac9f6532e2777b6919971feb75917
05:27:37     Ta posnetek je ze v bazi; vir=NW_STOCK, podjetje=3, cas posnetka=2026-09-02 22:27:28Z, uporabljenih=2763, v karanteni=0, RunId=014795bc-baa9-4598-8e85-ca1a56394b6b. Zapisano ni bilo nic.
05:27:39     Prebranih zapisov: 2763; SHA-256: 175dc9ae009539b123edc7e6076027a773aac9f6532e2777b6919971feb75917
05:27:40     Ta posnetek je ze v bazi; vir=NW_STOCK, podjetje=4, cas posnetka=2026-09-02 22:27:28Z, uporabljenih=2763, v karanteni=0, RunId=5ddc9ea3-4711-47c8-a759-b300e2ceb505. Zapisano ni bilo nic.
05:27:40     konec: Zaloga NW_STOCK
05:27:40  == Zaloga BT_STOCK ==
05:27:41     [BT_STOCK] preskoceno: Razmik dobavitelja se tece; naslednji prenos po 3. 09. 2026 07:12.
05:27:41     Prevzem koncan: uspesno 0, neuspesno 0, skupaj virov 1.
05:27:43     Prebranih zapisov: 1389; SHA-256: 88b7c3e1f331eec94b93a68da91e45c3cb67f61785dc722e54236f147e3efb63
05:27:44     STOCK_FILE pri podjetju 1: se ni na vrsti po razporedu; preskoceno.
05:27:45     Prebranih zapisov: 1389; SHA-256: 88b7c3e1f331eec94b93a68da91e45c3cb67f61785dc722e54236f147e3efb63
05:27:45     STOCK_FILE pri podjetju 2: se ni na vrsti po razporedu; preskoceno.
05:27:47     Prebranih zapisov: 1389; SHA-256: 88b7c3e1f331eec94b93a68da91e45c3cb67f61785dc722e54236f147e3efb63
05:27:47     STOCK_FILE pri podjetju 3: se ni na vrsti po razporedu; preskoceno.
05:27:49     Prebranih zapisov: 1389; SHA-256: 88b7c3e1f331eec94b93a68da91e45c3cb67f61785dc722e54236f147e3efb63
05:27:49     STOCK_FILE pri podjetju 4: se ni na vrsti po razporedu; preskoceno.
05:27:50     konec: Zaloga BT_STOCK
05:27:50  == Zaloga iz SAOP (kolicine) ==
05:27:52     [1] SAOP_STOCK: se ni na vrsti po razporedu; preskoceno.
05:27:52     [2] SAOP_STOCK: se ni na vrsti po razporedu; preskoceno.
05:27:52     [3] SAOP_STOCK: se ni na vrsti po razporedu; preskoceno.
05:27:52     [4] SAOP_STOCK: se ni na vrsti po razporedu; preskoceno.
05:27:52     konec: Zaloga iz SAOP (kolicine)
05:27:52  == Izvoz cen in zaloge za splet ==
05:27:54     Izvoz profila MAGENTO_STOCK_PRICES končan: 352 vrstic v C:\Users\david\Desktop\PIM\NoviPIM\izvoz\magento\1
05:27:59     Izvoz profila MAGENTO_STOCK_PRICES končan: 2071 vrstic v C:\Users\david\Desktop\PIM\NoviPIM\izvoz\magento\2
05:28:04     Izvoz profila MAGENTO_STOCK_PRICES končan: 2488 vrstic v C:\Users\david\Desktop\PIM\NoviPIM\izvoz\magento\3
05:28:07     Izvoz profila MAGENTO_STOCK_PRICES končan: 0 vrstic v C:\Users\david\Desktop\PIM\NoviPIM\izvoz\magento\4
05:28:07     konec: Izvoz cen in zaloge za splet
05:28:07  Zalogovni cikel koncan; padlih korakov: 0.
05:32:28  == Zaloga NW_STOCK ==
05:32:31     SOURCE_FETCH: se ni na vrsti po razporedu; preskoceno.
05:32:32     Prebranih zapisov: 2763; SHA-256: 175dc9ae009539b123edc7e6076027a773aac9f6532e2777b6919971feb75917
05:32:32     STOCK_FILE pri podjetju 1: se ni na vrsti po razporedu; preskoceno.
05:32:33     Prebranih zapisov: 2763; SHA-256: 175dc9ae009539b123edc7e6076027a773aac9f6532e2777b6919971feb75917
05:32:33     STOCK_FILE pri podjetju 2: se ni na vrsti po razporedu; preskoceno.
05:32:34     Prebranih zapisov: 2763; SHA-256: 175dc9ae009539b123edc7e6076027a773aac9f6532e2777b6919971feb75917
05:32:34     STOCK_FILE pri podjetju 3: se ni na vrsti po razporedu; preskoceno.
05:32:35     Prebranih zapisov: 2763; SHA-256: 175dc9ae009539b123edc7e6076027a773aac9f6532e2777b6919971feb75917
05:32:35     STOCK_FILE pri podjetju 4: se ni na vrsti po razporedu; preskoceno.
05:32:35     konec: Zaloga NW_STOCK
05:32:35  == Zaloga BT_STOCK ==
05:32:36     SOURCE_FETCH: se ni na vrsti po razporedu; preskoceno.
05:32:37     Prebranih zapisov: 1389; SHA-256: 88b7c3e1f331eec94b93a68da91e45c3cb67f61785dc722e54236f147e3efb63
05:32:37     Ta posnetek je ze v bazi; vir=BT_STOCK, podjetje=1, cas posnetka=2026-09-02 16:39:55Z, uporabljenih=1389, v karanteni=0, RunId=e4912780-b225-4977-b541-4c5c7a771824. Zapisano ni bilo nic.
05:32:38     Prebranih zapisov: 1389; SHA-256: 88b7c3e1f331eec94b93a68da91e45c3cb67f61785dc722e54236f147e3efb63
05:32:38     Ta posnetek je ze v bazi; vir=BT_STOCK, podjetje=2, cas posnetka=2026-09-02 16:39:55Z, uporabljenih=1389, v karanteni=0, RunId=f1953183-3abf-42a5-91cd-1677b89581d1. Zapisano ni bilo nic.
05:32:39     Prebranih zapisov: 1389; SHA-256: 88b7c3e1f331eec94b93a68da91e45c3cb67f61785dc722e54236f147e3efb63
05:32:39     Ta posnetek je ze v bazi; vir=BT_STOCK, podjetje=3, cas posnetka=2026-09-02 16:39:55Z, uporabljenih=1389, v karanteni=0, RunId=680e3a50-81b6-4668-860d-52d0c1e429d4. Zapisano ni bilo nic.
05:32:40     Prebranih zapisov: 1389; SHA-256: 88b7c3e1f331eec94b93a68da91e45c3cb67f61785dc722e54236f147e3efb63
05:32:40     Ta posnetek je ze v bazi; vir=BT_STOCK, podjetje=4, cas posnetka=2026-09-02 16:39:55Z, uporabljenih=1389, v karanteni=0, RunId=79b3b0aa-02c9-4df1-aeae-e68412b1e9e4. Zapisano ni bilo nic.
05:32:40     konec: Zaloga BT_STOCK
05:32:40  == Zaloga iz SAOP (kolicine) ==
05:32:41     [1] SAOP_STOCK: se ni na vrsti po razporedu; preskoceno.
05:32:41     [2] SAOP_STOCK: se ni na vrsti po razporedu; preskoceno.
05:32:41     [3] SAOP_STOCK: se ni na vrsti po razporedu; preskoceno.
05:32:41     [4] SAOP_STOCK: se ni na vrsti po razporedu; preskoceno.
05:32:41     konec: Zaloga iz SAOP (kolicine)
05:32:41  == Izvoz cen in zaloge za splet ==
05:32:43     Izvoz profila MAGENTO_STOCK_PRICES končan: 352 vrstic v C:\Users\david\Desktop\PIM\NoviPIM\izvoz\magento\1
05:32:47     Izvoz profila MAGENTO_STOCK_PRICES končan: 2071 vrstic v C:\Users\david\Desktop\PIM\NoviPIM\izvoz\magento\2
05:32:51     Izvoz profila MAGENTO_STOCK_PRICES končan: 2488 vrstic v C:\Users\david\Desktop\PIM\NoviPIM\izvoz\magento\3
05:32:52     Izvoz profila MAGENTO_STOCK_PRICES končan: 0 vrstic v C:\Users\david\Desktop\PIM\NoviPIM\izvoz\magento\4
05:32:52     konec: Izvoz cen in zaloge za splet
05:32:52  Zalogovni cikel koncan; padlih korakov: 0.
05:37:27  == Zaloga NW_STOCK ==
05:37:31     [NW_STOCK] preskoceno: Razmik dobavitelja se tece; naslednji prenos po 3. 09. 2026 06:42.
05:37:31     Prevzem koncan: uspesno 0, neuspesno 0, skupaj virov 1.
05:37:32     Prebranih zapisov: 2763; SHA-256: 175dc9ae009539b123edc7e6076027a773aac9f6532e2777b6919971feb75917
05:37:33     STOCK_FILE pri podjetju 1: se ni na vrsti po razporedu; preskoceno.
05:37:34     Prebranih zapisov: 2763; SHA-256: 175dc9ae009539b123edc7e6076027a773aac9f6532e2777b6919971feb75917
05:37:34     STOCK_FILE pri podjetju 2: se ni na vrsti po razporedu; preskoceno.
05:37:35     Prebranih zapisov: 2763; SHA-256: 175dc9ae009539b123edc7e6076027a773aac9f6532e2777b6919971feb75917
05:37:36     STOCK_FILE pri podjetju 3: se ni na vrsti po razporedu; preskoceno.
05:37:36     Prebranih zapisov: 2763; SHA-256: 175dc9ae009539b123edc7e6076027a773aac9f6532e2777b6919971feb75917
05:37:37     STOCK_FILE pri podjetju 4: se ni na vrsti po razporedu; preskoceno.
05:37:37     konec: Zaloga NW_STOCK
05:37:37  == Zaloga BT_STOCK ==
05:37:38     SOURCE_FETCH: se ni na vrsti po razporedu; preskoceno.
05:37:39     Prebranih zapisov: 1389; SHA-256: 88b7c3e1f331eec94b93a68da91e45c3cb67f61785dc722e54236f147e3efb63
05:37:40     Ta posnetek je ze v bazi; vir=BT_STOCK, podjetje=1, cas posnetka=2026-09-02 16:39:55Z, uporabljenih=1389, v karanteni=0, RunId=e4912780-b225-4977-b541-4c5c7a771824. Zapisano ni bilo nic.
05:37:42     Prebranih zapisov: 1389; SHA-256: 88b7c3e1f331eec94b93a68da91e45c3cb67f61785dc722e54236f147e3efb63
05:37:43     Ta posnetek je ze v bazi; vir=BT_STOCK, podjetje=2, cas posnetka=2026-09-02 16:39:55Z, uporabljenih=1389, v karanteni=0, RunId=f1953183-3abf-42a5-91cd-1677b89581d1. Zapisano ni bilo nic.
05:37:45     Prebranih zapisov: 1389; SHA-256: 88b7c3e1f331eec94b93a68da91e45c3cb67f61785dc722e54236f147e3efb63
05:37:45     Ta posnetek je ze v bazi; vir=BT_STOCK, podjetje=3, cas posnetka=2026-09-02 16:39:55Z, uporabljenih=1389, v karanteni=0, RunId=680e3a50-81b6-4668-860d-52d0c1e429d4. Zapisano ni bilo nic.
05:37:49     Prebranih zapisov: 1389; SHA-256: 88b7c3e1f331eec94b93a68da91e45c3cb67f61785dc722e54236f147e3efb63
05:37:49     Ta posnetek je ze v bazi; vir=BT_STOCK, podjetje=4, cas posnetka=2026-09-02 16:39:55Z, uporabljenih=1389, v karanteni=0, RunId=79b3b0aa-02c9-4df1-aeae-e68412b1e9e4. Zapisano ni bilo nic.
05:37:49     konec: Zaloga BT_STOCK
05:37:49  == Zaloga iz SAOP (kolicine) ==
05:37:51     [1] SAOP_STOCK: se ni na vrsti po razporedu; preskoceno.
05:37:51     [2] SAOP_STOCK: se ni na vrsti po razporedu; preskoceno.
05:37:51     [3] SAOP_STOCK: se ni na vrsti po razporedu; preskoceno.
05:37:51     [4] SAOP_STOCK: se ni na vrsti po razporedu; preskoceno.
05:37:51     konec: Zaloga iz SAOP (kolicine)
05:37:51  == Izvoz cen in zaloge za splet ==
05:37:52     Izvoz profila MAGENTO_STOCK_PRICES končan: 352 vrstic v C:\Users\david\Desktop\PIM\NoviPIM\izvoz\magento\1
05:37:56     Izvoz profila MAGENTO_STOCK_PRICES končan: 2071 vrstic v C:\Users\david\Desktop\PIM\NoviPIM\izvoz\magento\2
05:38:02     Izvoz profila MAGENTO_STOCK_PRICES končan: 2488 vrstic v C:\Users\david\Desktop\PIM\NoviPIM\izvoz\magento\3
05:38:03     Izvoz profila MAGENTO_STOCK_PRICES končan: 0 vrstic v C:\Users\david\Desktop\PIM\NoviPIM\izvoz\magento\4
05:38:03     konec: Izvoz cen in zaloge za splet
05:38:03  Zalogovni cikel koncan; padlih korakov: 0.
05:42:28  == Zaloga NW_STOCK ==
05:42:29     SOURCE_FETCH: se ni na vrsti po razporedu; preskoceno.
05:42:30     Prebranih zapisov: 2763; SHA-256: 175dc9ae009539b123edc7e6076027a773aac9f6532e2777b6919971feb75917
05:42:31     STOCK_FILE pri podjetju 1: se ni na vrsti po razporedu; preskoceno.
05:42:31     Prebranih zapisov: 2763; SHA-256: 175dc9ae009539b123edc7e6076027a773aac9f6532e2777b6919971feb75917
05:42:31     STOCK_FILE pri podjetju 2: se ni na vrsti po razporedu; preskoceno.
05:42:33     Prebranih zapisov: 2763; SHA-256: 175dc9ae009539b123edc7e6076027a773aac9f6532e2777b6919971feb75917
05:42:33     STOCK_FILE pri podjetju 3: se ni na vrsti po razporedu; preskoceno.
05:42:34     Prebranih zapisov: 2763; SHA-256: 175dc9ae009539b123edc7e6076027a773aac9f6532e2777b6919971feb75917
05:42:34     STOCK_FILE pri podjetju 4: se ni na vrsti po razporedu; preskoceno.
05:42:34     konec: Zaloga NW_STOCK
05:42:34  == Zaloga BT_STOCK ==
05:42:36     [BT_STOCK] preskoceno: Razmik dobavitelja se tece; naslednji prenos po 3. 09. 2026 07:12.
05:42:36     Prevzem koncan: uspesno 0, neuspesno 0, skupaj virov 1.
05:42:37     Prebranih zapisov: 1389; SHA-256: 88b7c3e1f331eec94b93a68da91e45c3cb67f61785dc722e54236f147e3efb63
05:42:37     STOCK_FILE pri podjetju 1: se ni na vrsti po razporedu; preskoceno.
05:42:38     Prebranih zapisov: 1389; SHA-256: 88b7c3e1f331eec94b93a68da91e45c3cb67f61785dc722e54236f147e3efb63
05:42:38     STOCK_FILE pri podjetju 2: se ni na vrsti po razporedu; preskoceno.
05:42:39     Prebranih zapisov: 1389; SHA-256: 88b7c3e1f331eec94b93a68da91e45c3cb67f61785dc722e54236f147e3efb63
05:42:39     STOCK_FILE pri podjetju 3: se ni na vrsti po razporedu; preskoceno.
05:42:40     Prebranih zapisov: 1389; SHA-256: 88b7c3e1f331eec94b93a68da91e45c3cb67f61785dc722e54236f147e3efb63
05:42:40     STOCK_FILE pri podjetju 4: se ni na vrsti po razporedu; preskoceno.
05:42:40     konec: Zaloga BT_STOCK
05:42:40  == Zaloga iz SAOP (kolicine) ==
05:42:42     [1] SAOP_STOCK: se ni na vrsti po razporedu; preskoceno.
05:42:42     [2] SAOP_STOCK: se ni na vrsti po razporedu; preskoceno.
05:42:42     [3] SAOP_STOCK: se ni na vrsti po razporedu; preskoceno.
05:42:42     [4] SAOP_STOCK: se ni na vrsti po razporedu; preskoceno.
05:42:42     konec: Zaloga iz SAOP (kolicine)
05:42:42  == Izvoz cen in zaloge za splet ==
05:42:44     Izvoz profila MAGENTO_STOCK_PRICES končan: 352 vrstic v C:\Users\david\Desktop\PIM\NoviPIM\izvoz\magento\1
05:42:48     Izvoz profila MAGENTO_STOCK_PRICES končan: 2071 vrstic v C:\Users\david\Desktop\PIM\NoviPIM\izvoz\magento\2
05:42:53     Izvoz profila MAGENTO_STOCK_PRICES končan: 2488 vrstic v C:\Users\david\Desktop\PIM\NoviPIM\izvoz\magento\3
05:42:54     Izvoz profila MAGENTO_STOCK_PRICES končan: 0 vrstic v C:\Users\david\Desktop\PIM\NoviPIM\izvoz\magento\4
05:42:54     konec: Izvoz cen in zaloge za splet
05:42:54  Zalogovni cikel koncan; padlih korakov: 0.
05:47:27  == Zaloga NW_STOCK ==
05:47:28     SOURCE_FETCH: se ni na vrsti po razporedu; preskoceno.
05:47:30     Prebranih zapisov: 2763; SHA-256: 175dc9ae009539b123edc7e6076027a773aac9f6532e2777b6919971feb75917
05:47:30     Ta posnetek je ze v bazi; vir=NW_STOCK, podjetje=1, cas posnetka=2026-09-02 22:27:28Z, uporabljenih=2763, v karanteni=0, RunId=4ffa2612-a697-48f4-ab22-4fdd76d02219. Zapisano ni bilo nic.
05:47:31     Prebranih zapisov: 2763; SHA-256: 175dc9ae009539b123edc7e6076027a773aac9f6532e2777b6919971feb75917
05:47:31     Ta posnetek je ze v bazi; vir=NW_STOCK, podjetje=2, cas posnetka=2026-09-02 22:27:28Z, uporabljenih=2763, v karanteni=0, RunId=fe852c08-fe28-4b05-8c51-b4583f9ef8a5. Zapisano ni bilo nic.
05:47:32     Prebranih zapisov: 2763; SHA-256: 175dc9ae009539b123edc7e6076027a773aac9f6532e2777b6919971feb75917
05:47:32     Ta posnetek je ze v bazi; vir=NW_STOCK, podjetje=3, cas posnetka=2026-09-02 22:27:28Z, uporabljenih=2763, v karanteni=0, RunId=014795bc-baa9-4598-8e85-ca1a56394b6b. Zapisano ni bilo nic.
05:47:33     Prebranih zapisov: 2763; SHA-256: 175dc9ae009539b123edc7e6076027a773aac9f6532e2777b6919971feb75917
05:47:33     Ta posnetek je ze v bazi; vir=NW_STOCK, podjetje=4, cas posnetka=2026-09-02 22:27:28Z, uporabljenih=2763, v karanteni=0, RunId=5ddc9ea3-4711-47c8-a759-b300e2ceb505. Zapisano ni bilo nic.
05:47:33     konec: Zaloga NW_STOCK
05:47:33  == Zaloga BT_STOCK ==
05:47:35     SOURCE_FETCH: se ni na vrsti po razporedu; preskoceno.
05:47:36     Prebranih zapisov: 1389; SHA-256: 88b7c3e1f331eec94b93a68da91e45c3cb67f61785dc722e54236f147e3efb63
05:47:36     STOCK_FILE pri podjetju 1: se ni na vrsti po razporedu; preskoceno.
05:47:37     Prebranih zapisov: 1389; SHA-256: 88b7c3e1f331eec94b93a68da91e45c3cb67f61785dc722e54236f147e3efb63
05:47:37     STOCK_FILE pri podjetju 2: se ni na vrsti po razporedu; preskoceno.
05:47:38     Prebranih zapisov: 1389; SHA-256: 88b7c3e1f331eec94b93a68da91e45c3cb67f61785dc722e54236f147e3efb63
05:47:38     STOCK_FILE pri podjetju 3: se ni na vrsti po razporedu; preskoceno.
05:47:39     Prebranih zapisov: 1389; SHA-256: 88b7c3e1f331eec94b93a68da91e45c3cb67f61785dc722e54236f147e3efb63
05:47:40     STOCK_FILE pri podjetju 4: se ni na vrsti po razporedu; preskoceno.
05:47:40     konec: Zaloga BT_STOCK
05:47:40  == Zaloga iz SAOP (kolicine) ==
05:47:41     [1] SAOP_STOCK: se ni na vrsti po razporedu; preskoceno.
05:47:41     [2] SAOP_STOCK: se ni na vrsti po razporedu; preskoceno.
05:47:41     [3] SAOP_STOCK: se ni na vrsti po razporedu; preskoceno.
05:47:41     [4] SAOP_STOCK: se ni na vrsti po razporedu; preskoceno.
05:47:41     konec: Zaloga iz SAOP (kolicine)
05:47:41  == Izvoz cen in zaloge za splet ==
05:47:42     Izvoz profila MAGENTO_STOCK_PRICES končan: 352 vrstic v C:\Users\david\Desktop\PIM\NoviPIM\izvoz\magento\1
05:47:46     Izvoz profila MAGENTO_STOCK_PRICES končan: 2071 vrstic v C:\Users\david\Desktop\PIM\NoviPIM\izvoz\magento\2
05:47:50     Izvoz profila MAGENTO_STOCK_PRICES končan: 2488 vrstic v C:\Users\david\Desktop\PIM\NoviPIM\izvoz\magento\3
05:47:51     Izvoz profila MAGENTO_STOCK_PRICES končan: 0 vrstic v C:\Users\david\Desktop\PIM\NoviPIM\izvoz\magento\4
05:47:51     konec: Izvoz cen in zaloge za splet
05:47:51  Zalogovni cikel koncan; padlih korakov: 0.
05:52:27  == Zaloga NW_STOCK ==
05:52:28     [NW_STOCK] preskoceno: Razmik dobavitelja se tece; naslednji prenos po 3. 09. 2026 06:42.
05:52:28     Prevzem koncan: uspesno 0, neuspesno 0, skupaj virov 1.
05:52:29     Prebranih zapisov: 2763; SHA-256: 175dc9ae009539b123edc7e6076027a773aac9f6532e2777b6919971feb75917
05:52:29     STOCK_FILE pri podjetju 1: se ni na vrsti po razporedu; preskoceno.
05:52:30     Prebranih zapisov: 2763; SHA-256: 175dc9ae009539b123edc7e6076027a773aac9f6532e2777b6919971feb75917
05:52:30     STOCK_FILE pri podjetju 2: se ni na vrsti po razporedu; preskoceno.
05:52:32     Prebranih zapisov: 2763; SHA-256: 175dc9ae009539b123edc7e6076027a773aac9f6532e2777b6919971feb75917
05:52:32     STOCK_FILE pri podjetju 3: se ni na vrsti po razporedu; preskoceno.
05:52:33     Prebranih zapisov: 2763; SHA-256: 175dc9ae009539b123edc7e6076027a773aac9f6532e2777b6919971feb75917
05:52:33     STOCK_FILE pri podjetju 4: se ni na vrsti po razporedu; preskoceno.
05:52:33     konec: Zaloga NW_STOCK
05:52:33  == Zaloga BT_STOCK ==
05:52:34     SOURCE_FETCH: se ni na vrsti po razporedu; preskoceno.
05:52:35     Prebranih zapisov: 1389; SHA-256: 88b7c3e1f331eec94b93a68da91e45c3cb67f61785dc722e54236f147e3efb63
05:52:35     Ta posnetek je ze v bazi; vir=BT_STOCK, podjetje=1, cas posnetka=2026-09-02 16:39:55Z, uporabljenih=1389, v karanteni=0, RunId=e4912780-b225-4977-b541-4c5c7a771824. Zapisano ni bilo nic.
05:52:36     Prebranih zapisov: 1389; SHA-256: 88b7c3e1f331eec94b93a68da91e45c3cb67f61785dc722e54236f147e3efb63
05:52:36     Ta posnetek je ze v bazi; vir=BT_STOCK, podjetje=2, cas posnetka=2026-09-02 16:39:55Z, uporabljenih=1389, v karanteni=0, RunId=f1953183-3abf-42a5-91cd-1677b89581d1. Zapisano ni bilo nic.
05:52:37     Prebranih zapisov: 1389; SHA-256: 88b7c3e1f331eec94b93a68da91e45c3cb67f61785dc722e54236f147e3efb63
05:52:38     Ta posnetek je ze v bazi; vir=BT_STOCK, podjetje=3, cas posnetka=2026-09-02 16:39:55Z, uporabljenih=1389, v karanteni=0, RunId=680e3a50-81b6-4668-860d-52d0c1e429d4. Zapisano ni bilo nic.
05:52:39     Prebranih zapisov: 1389; SHA-256: 88b7c3e1f331eec94b93a68da91e45c3cb67f61785dc722e54236f147e3efb63
05:52:39     Ta posnetek je ze v bazi; vir=BT_STOCK, podjetje=4, cas posnetka=2026-09-02 16:39:55Z, uporabljenih=1389, v karanteni=0, RunId=79b3b0aa-02c9-4df1-aeae-e68412b1e9e4. Zapisano ni bilo nic.
05:52:39     konec: Zaloga BT_STOCK
05:52:39  == Zaloga iz SAOP (kolicine) ==
05:52:40     [1] SAOP_STOCK: se ni na vrsti po razporedu; preskoceno.
05:52:40     [2] SAOP_STOCK: se ni na vrsti po razporedu; preskoceno.
05:52:40     [3] SAOP_STOCK: se ni na vrsti po razporedu; preskoceno.
05:52:40     [4] SAOP_STOCK: se ni na vrsti po razporedu; preskoceno.
05:52:40     konec: Zaloga iz SAOP (kolicine)
05:52:40  == Izvoz cen in zaloge za splet ==
05:52:42     Izvoz profila MAGENTO_STOCK_PRICES končan: 352 vrstic v C:\Users\david\Desktop\PIM\NoviPIM\izvoz\magento\1
05:52:45     Izvoz profila MAGENTO_STOCK_PRICES končan: 2071 vrstic v C:\Users\david\Desktop\PIM\NoviPIM\izvoz\magento\2
05:52:49     Izvoz profila MAGENTO_STOCK_PRICES končan: 2488 vrstic v C:\Users\david\Desktop\PIM\NoviPIM\izvoz\magento\3
05:52:51     Izvoz profila MAGENTO_STOCK_PRICES končan: 0 vrstic v C:\Users\david\Desktop\PIM\NoviPIM\izvoz\magento\4
05:52:51     konec: Izvoz cen in zaloge za splet
05:52:51  Zalogovni cikel koncan; padlih korakov: 0.
05:57:26  == Zaloga NW_STOCK ==
05:57:28     SOURCE_FETCH: se ni na vrsti po razporedu; preskoceno.
05:57:29     Prebranih zapisov: 2763; SHA-256: 175dc9ae009539b123edc7e6076027a773aac9f6532e2777b6919971feb75917
05:57:29     STOCK_FILE pri podjetju 1: se ni na vrsti po razporedu; preskoceno.
05:57:30     Prebranih zapisov: 2763; SHA-256: 175dc9ae009539b123edc7e6076027a773aac9f6532e2777b6919971feb75917
05:57:30     STOCK_FILE pri podjetju 2: se ni na vrsti po razporedu; preskoceno.
05:57:31     Prebranih zapisov: 2763; SHA-256: 175dc9ae009539b123edc7e6076027a773aac9f6532e2777b6919971feb75917
05:57:31     STOCK_FILE pri podjetju 3: se ni na vrsti po razporedu; preskoceno.
05:57:32     Prebranih zapisov: 2763; SHA-256: 175dc9ae009539b123edc7e6076027a773aac9f6532e2777b6919971feb75917
05:57:32     STOCK_FILE pri podjetju 4: se ni na vrsti po razporedu; preskoceno.
05:57:32     konec: Zaloga NW_STOCK
05:57:32  == Zaloga BT_STOCK ==
05:57:33     [BT_STOCK] preskoceno: Razmik dobavitelja se tece; naslednji prenos po 3. 09. 2026 07:12.
05:57:33     Prevzem koncan: uspesno 0, neuspesno 0, skupaj virov 1.
05:57:34     Prebranih zapisov: 1389; SHA-256: 88b7c3e1f331eec94b93a68da91e45c3cb67f61785dc722e54236f147e3efb63
05:57:34     STOCK_FILE pri podjetju 1: se ni na vrsti po razporedu; preskoceno.
05:57:35     Prebranih zapisov: 1389; SHA-256: 88b7c3e1f331eec94b93a68da91e45c3cb67f61785dc722e54236f147e3efb63
05:57:35     STOCK_FILE pri podjetju 2: se ni na vrsti po razporedu; preskoceno.
05:57:36     Prebranih zapisov: 1389; SHA-256: 88b7c3e1f331eec94b93a68da91e45c3cb67f61785dc722e54236f147e3efb63
05:57:36     STOCK_FILE pri podjetju 3: se ni na vrsti po razporedu; preskoceno.
05:57:37     Prebranih zapisov: 1389; SHA-256: 88b7c3e1f331eec94b93a68da91e45c3cb67f61785dc722e54236f147e3efb63
05:57:37     STOCK_FILE pri podjetju 4: se ni na vrsti po razporedu; preskoceno.
05:57:37     konec: Zaloga BT_STOCK
05:57:37  == Zaloga iz SAOP (kolicine) ==
05:57:38     [1] SAOP_STOCK: se ni na vrsti po razporedu; preskoceno.
05:57:38     [2] SAOP_STOCK: se ni na vrsti po razporedu; preskoceno.
05:57:38     [3] SAOP_STOCK: se ni na vrsti po razporedu; preskoceno.
05:57:38     [4] SAOP_STOCK: se ni na vrsti po razporedu; preskoceno.
05:57:38     konec: Zaloga iz SAOP (kolicine)
05:57:38  == Izvoz cen in zaloge za splet ==
05:57:40     Izvoz profila MAGENTO_STOCK_PRICES končan: 352 vrstic v C:\Users\david\Desktop\PIM\NoviPIM\izvoz\magento\1
05:57:43     Izvoz profila MAGENTO_STOCK_PRICES končan: 2071 vrstic v C:\Users\david\Desktop\PIM\NoviPIM\izvoz\magento\2
05:57:47     Izvoz profila MAGENTO_STOCK_PRICES končan: 2488 vrstic v C:\Users\david\Desktop\PIM\NoviPIM\izvoz\magento\3
05:57:48     Izvoz profila MAGENTO_STOCK_PRICES končan: 0 vrstic v C:\Users\david\Desktop\PIM\NoviPIM\izvoz\magento\4
05:57:48     konec: Izvoz cen in zaloge za splet
05:57:48  Zalogovni cikel koncan; padlih korakov: 0.
06:02:26  == Zaloga NW_STOCK ==
06:02:28     SOURCE_FETCH: se ni na vrsti po razporedu; preskoceno.
06:02:29     Prebranih zapisov: 2763; SHA-256: 175dc9ae009539b123edc7e6076027a773aac9f6532e2777b6919971feb75917
06:02:29     Ta posnetek je ze v bazi; vir=NW_STOCK, podjetje=1, cas posnetka=2026-09-02 22:27:28Z, uporabljenih=2763, v karanteni=0, RunId=4ffa2612-a697-48f4-ab22-4fdd76d02219. Zapisano ni bilo nic.
06:02:30     Prebranih zapisov: 2763; SHA-256: 175dc9ae009539b123edc7e6076027a773aac9f6532e2777b6919971feb75917
06:02:30     Ta posnetek je ze v bazi; vir=NW_STOCK, podjetje=2, cas posnetka=2026-09-02 22:27:28Z, uporabljenih=2763, v karanteni=0, RunId=fe852c08-fe28-4b05-8c51-b4583f9ef8a5. Zapisano ni bilo nic.
06:02:31     Prebranih zapisov: 2763; SHA-256: 175dc9ae009539b123edc7e6076027a773aac9f6532e2777b6919971feb75917
06:02:31     Ta posnetek je ze v bazi; vir=NW_STOCK, podjetje=3, cas posnetka=2026-09-02 22:27:28Z, uporabljenih=2763, v karanteni=0, RunId=014795bc-baa9-4598-8e85-ca1a56394b6b. Zapisano ni bilo nic.
06:02:32     Prebranih zapisov: 2763; SHA-256: 175dc9ae009539b123edc7e6076027a773aac9f6532e2777b6919971feb75917
06:02:32     Ta posnetek je ze v bazi; vir=NW_STOCK, podjetje=4, cas posnetka=2026-09-02 22:27:28Z, uporabljenih=2763, v karanteni=0, RunId=5ddc9ea3-4711-47c8-a759-b300e2ceb505. Zapisano ni bilo nic.
06:02:32     konec: Zaloga NW_STOCK
06:02:32  == Zaloga BT_STOCK ==
06:02:33     SOURCE_FETCH: se ni na vrsti po razporedu; preskoceno.
06:02:34     Prebranih zapisov: 1389; SHA-256: 88b7c3e1f331eec94b93a68da91e45c3cb67f61785dc722e54236f147e3efb63
06:02:34     STOCK_FILE pri podjetju 1: se ni na vrsti po razporedu; preskoceno.
06:02:35     Prebranih zapisov: 1389; SHA-256: 88b7c3e1f331eec94b93a68da91e45c3cb67f61785dc722e54236f147e3efb63
06:02:35     STOCK_FILE pri podjetju 2: se ni na vrsti po razporedu; preskoceno.
06:02:36     Prebranih zapisov: 1389; SHA-256: 88b7c3e1f331eec94b93a68da91e45c3cb67f61785dc722e54236f147e3efb63
06:02:36     STOCK_FILE pri podjetju 3: se ni na vrsti po razporedu; preskoceno.
06:02:37     Prebranih zapisov: 1389; SHA-256: 88b7c3e1f331eec94b93a68da91e45c3cb67f61785dc722e54236f147e3efb63
06:02:37     STOCK_FILE pri podjetju 4: se ni na vrsti po razporedu; preskoceno.
06:02:37     konec: Zaloga BT_STOCK
06:02:37  == Zaloga iz SAOP (kolicine) ==
06:02:38     [1] SAOP_STOCK: se ni na vrsti po razporedu; preskoceno.
06:02:38     [2] SAOP_STOCK: se ni na vrsti po razporedu; preskoceno.
06:02:38     [3] SAOP_STOCK: se ni na vrsti po razporedu; preskoceno.
06:02:38     [4] SAOP_STOCK: se ni na vrsti po razporedu; preskoceno.
06:02:38     konec: Zaloga iz SAOP (kolicine)
06:02:38  == Izvoz cen in zaloge za splet ==
06:02:40     Izvoz profila MAGENTO_STOCK_PRICES končan: 352 vrstic v C:\Users\david\Desktop\PIM\NoviPIM\izvoz\magento\1
06:02:43     Izvoz profila MAGENTO_STOCK_PRICES končan: 2071 vrstic v C:\Users\david\Desktop\PIM\NoviPIM\izvoz\magento\2
06:02:47     Izvoz profila MAGENTO_STOCK_PRICES končan: 2488 vrstic v C:\Users\david\Desktop\PIM\NoviPIM\izvoz\magento\3
06:02:48     Izvoz profila MAGENTO_STOCK_PRICES končan: 0 vrstic v C:\Users\david\Desktop\PIM\NoviPIM\izvoz\magento\4
06:02:48     konec: Izvoz cen in zaloge za splet
06:02:48  Zalogovni cikel koncan; padlih korakov: 0.
06:07:26  == Zaloga NW_STOCK ==
06:07:27     [NW_STOCK] preskoceno: Razmik dobavitelja se tece; naslednji prenos po 3. 09. 2026 06:42.
06:07:27     Prevzem koncan: uspesno 0, neuspesno 0, skupaj virov 1.
06:07:28     Prebranih zapisov: 2763; SHA-256: 175dc9ae009539b123edc7e6076027a773aac9f6532e2777b6919971feb75917
06:07:28     STOCK_FILE pri podjetju 1: se ni na vrsti po razporedu; preskoceno.
06:07:29     Prebranih zapisov: 2763; SHA-256: 175dc9ae009539b123edc7e6076027a773aac9f6532e2777b6919971feb75917
06:07:29     STOCK_FILE pri podjetju 2: se ni na vrsti po razporedu; preskoceno.
06:07:30     Prebranih zapisov: 2763; SHA-256: 175dc9ae009539b123edc7e6076027a773aac9f6532e2777b6919971feb75917
06:07:30     STOCK_FILE pri podjetju 3: se ni na vrsti po razporedu; preskoceno.
06:07:31     Prebranih zapisov: 2763; SHA-256: 175dc9ae009539b123edc7e6076027a773aac9f6532e2777b6919971feb75917
06:07:31     STOCK_FILE pri podjetju 4: se ni na vrsti po razporedu; preskoceno.
06:07:31     konec: Zaloga NW_STOCK
06:07:31  == Zaloga BT_STOCK ==
06:07:32     SOURCE_FETCH: se ni na vrsti po razporedu; preskoceno.
06:07:32     Prebranih zapisov: 1389; SHA-256: 88b7c3e1f331eec94b93a68da91e45c3cb67f61785dc722e54236f147e3efb63
06:07:33     Ta posnetek je ze v bazi; vir=BT_STOCK, podjetje=1, cas posnetka=2026-09-02 16:39:55Z, uporabljenih=1389, v karanteni=0, RunId=e4912780-b225-4977-b541-4c5c7a771824. Zapisano ni bilo nic.
06:07:33     Prebranih zapisov: 1389; SHA-256: 88b7c3e1f331eec94b93a68da91e45c3cb67f61785dc722e54236f147e3efb63
06:07:34     Ta posnetek je ze v bazi; vir=BT_STOCK, podjetje=2, cas posnetka=2026-09-02 16:39:55Z, uporabljenih=1389, v karanteni=0, RunId=f1953183-3abf-42a5-91cd-1677b89581d1. Zapisano ni bilo nic.
06:07:35     Prebranih zapisov: 1389; SHA-256: 88b7c3e1f331eec94b93a68da91e45c3cb67f61785dc722e54236f147e3efb63
06:07:35     Ta posnetek je ze v bazi; vir=BT_STOCK, podjetje=3, cas posnetka=2026-09-02 16:39:55Z, uporabljenih=1389, v karanteni=0, RunId=680e3a50-81b6-4668-860d-52d0c1e429d4. Zapisano ni bilo nic.
06:07:36     Prebranih zapisov: 1389; SHA-256: 88b7c3e1f331eec94b93a68da91e45c3cb67f61785dc722e54236f147e3efb63
06:07:36     Ta posnetek je ze v bazi; vir=BT_STOCK, podjetje=4, cas posnetka=2026-09-02 16:39:55Z, uporabljenih=1389, v karanteni=0, RunId=79b3b0aa-02c9-4df1-aeae-e68412b1e9e4. Zapisano ni bilo nic.
06:07:36     konec: Zaloga BT_STOCK
06:07:36  == Zaloga iz SAOP (kolicine) ==
06:07:37     [1] SAOP_STOCK: se ni na vrsti po razporedu; preskoceno.
06:07:37     [2] SAOP_STOCK: se ni na vrsti po razporedu; preskoceno.
06:07:37     [3] SAOP_STOCK: se ni na vrsti po razporedu; preskoceno.
06:07:37     [4] SAOP_STOCK: se ni na vrsti po razporedu; preskoceno.
06:07:37     konec: Zaloga iz SAOP (kolicine)
06:07:37  == Izvoz cen in zaloge za splet ==
06:07:38     Izvoz profila MAGENTO_STOCK_PRICES končan: 352 vrstic v C:\Users\david\Desktop\PIM\NoviPIM\izvoz\magento\1
06:07:42     Izvoz profila MAGENTO_STOCK_PRICES končan: 2071 vrstic v C:\Users\david\Desktop\PIM\NoviPIM\izvoz\magento\2
06:07:45     Izvoz profila MAGENTO_STOCK_PRICES končan: 2488 vrstic v C:\Users\david\Desktop\PIM\NoviPIM\izvoz\magento\3
06:07:47     Izvoz profila MAGENTO_STOCK_PRICES končan: 0 vrstic v C:\Users\david\Desktop\PIM\NoviPIM\izvoz\magento\4
06:07:47     konec: Izvoz cen in zaloge za splet
06:07:47  Zalogovni cikel koncan; padlih korakov: 0.
06:12:26  == Zaloga NW_STOCK ==
06:12:27     SOURCE_FETCH: se ni na vrsti po razporedu; preskoceno.
06:12:28     Prebranih zapisov: 2763; SHA-256: 175dc9ae009539b123edc7e6076027a773aac9f6532e2777b6919971feb75917
06:12:28     STOCK_FILE pri podjetju 1: se ni na vrsti po razporedu; preskoceno.
06:12:29     Prebranih zapisov: 2763; SHA-256: 175dc9ae009539b123edc7e6076027a773aac9f6532e2777b6919971feb75917
06:12:29     STOCK_FILE pri podjetju 2: se ni na vrsti po razporedu; preskoceno.
06:12:30     Prebranih zapisov: 2763; SHA-256: 175dc9ae009539b123edc7e6076027a773aac9f6532e2777b6919971feb75917
06:12:30     STOCK_FILE pri podjetju 3: se ni na vrsti po razporedu; preskoceno.
06:12:31     Prebranih zapisov: 2763; SHA-256: 175dc9ae009539b123edc7e6076027a773aac9f6532e2777b6919971feb75917
06:12:31     STOCK_FILE pri podjetju 4: se ni na vrsti po razporedu; preskoceno.
06:12:31     konec: Zaloga NW_STOCK
06:12:31  == Zaloga BT_STOCK ==
06:12:32     [BT_STOCK] preskoceno: Razmik dobavitelja se tece; naslednji prenos po 3. 09. 2026 07:12.
06:12:32     Prevzem koncan: uspesno 0, neuspesno 0, skupaj virov 1.
06:12:32     Prebranih zapisov: 1389; SHA-256: 88b7c3e1f331eec94b93a68da91e45c3cb67f61785dc722e54236f147e3efb63
06:12:33     STOCK_FILE pri podjetju 1: se ni na vrsti po razporedu; preskoceno.
06:12:33     Prebranih zapisov: 1389; SHA-256: 88b7c3e1f331eec94b93a68da91e45c3cb67f61785dc722e54236f147e3efb63
06:12:34     STOCK_FILE pri podjetju 2: se ni na vrsti po razporedu; preskoceno.
06:12:34     Prebranih zapisov: 1389; SHA-256: 88b7c3e1f331eec94b93a68da91e45c3cb67f61785dc722e54236f147e3efb63
06:12:35     STOCK_FILE pri podjetju 3: se ni na vrsti po razporedu; preskoceno.
06:12:35     Prebranih zapisov: 1389; SHA-256: 88b7c3e1f331eec94b93a68da91e45c3cb67f61785dc722e54236f147e3efb63
06:12:36     STOCK_FILE pri podjetju 4: se ni na vrsti po razporedu; preskoceno.
06:12:36     konec: Zaloga BT_STOCK
06:12:36  == Zaloga iz SAOP (kolicine) ==
06:12:36     [1] SAOP_STOCK: se ni na vrsti po razporedu; preskoceno.
06:12:36     [2] SAOP_STOCK: se ni na vrsti po razporedu; preskoceno.
06:12:36     [3] SAOP_STOCK: se ni na vrsti po razporedu; preskoceno.
06:12:36     [4] SAOP_STOCK: se ni na vrsti po razporedu; preskoceno.
06:12:36     konec: Zaloga iz SAOP (kolicine)
06:12:36  == Izvoz cen in zaloge za splet ==
06:12:38     Izvoz profila MAGENTO_STOCK_PRICES končan: 352 vrstic v C:\Users\david\Desktop\PIM\NoviPIM\izvoz\magento\1
06:12:42     Izvoz profila MAGENTO_STOCK_PRICES končan: 2071 vrstic v C:\Users\david\Desktop\PIM\NoviPIM\izvoz\magento\2
06:12:45     Izvoz profila MAGENTO_STOCK_PRICES končan: 2488 vrstic v C:\Users\david\Desktop\PIM\NoviPIM\izvoz\magento\3
06:12:46     Izvoz profila MAGENTO_STOCK_PRICES končan: 0 vrstic v C:\Users\david\Desktop\PIM\NoviPIM\izvoz\magento\4
06:12:46     konec: Izvoz cen in zaloge za splet
06:12:46  Zalogovni cikel koncan; padlih korakov: 0.
06:17:26  == Zaloga NW_STOCK ==
06:17:27     SOURCE_FETCH: se ni na vrsti po razporedu; preskoceno.
06:17:28     Prebranih zapisov: 2763; SHA-256: 175dc9ae009539b123edc7e6076027a773aac9f6532e2777b6919971feb75917
06:17:28     Ta posnetek je ze v bazi; vir=NW_STOCK, podjetje=1, cas posnetka=2026-09-02 22:27:28Z, uporabljenih=2763, v karanteni=0, RunId=4ffa2612-a697-48f4-ab22-4fdd76d02219. Zapisano ni bilo nic.
06:17:29     Prebranih zapisov: 2763; SHA-256: 175dc9ae009539b123edc7e6076027a773aac9f6532e2777b6919971feb75917
06:17:29     Ta posnetek je ze v bazi; vir=NW_STOCK, podjetje=2, cas posnetka=2026-09-02 22:27:28Z, uporabljenih=2763, v karanteni=0, RunId=fe852c08-fe28-4b05-8c51-b4583f9ef8a5. Zapisano ni bilo nic.
06:17:30     Prebranih zapisov: 2763; SHA-256: 175dc9ae009539b123edc7e6076027a773aac9f6532e2777b6919971feb75917
06:17:30     Ta posnetek je ze v bazi; vir=NW_STOCK, podjetje=3, cas posnetka=2026-09-02 22:27:28Z, uporabljenih=2763, v karanteni=0, RunId=014795bc-baa9-4598-8e85-ca1a56394b6b. Zapisano ni bilo nic.
06:17:31     Prebranih zapisov: 2763; SHA-256: 175dc9ae009539b123edc7e6076027a773aac9f6532e2777b6919971feb75917
06:17:31     Ta posnetek je ze v bazi; vir=NW_STOCK, podjetje=4, cas posnetka=2026-09-02 22:27:28Z, uporabljenih=2763, v karanteni=0, RunId=5ddc9ea3-4711-47c8-a759-b300e2ceb505. Zapisano ni bilo nic.
06:17:31     konec: Zaloga NW_STOCK
06:17:31  == Zaloga BT_STOCK ==
06:17:32     [BT_STOCK] preskoceno: Razmik dobavitelja se tece; naslednji prenos po 3. 09. 2026 07:12.
06:17:32     Prevzem koncan: uspesno 0, neuspesno 0, skupaj virov 1.
06:17:33     Prebranih zapisov: 1389; SHA-256: 88b7c3e1f331eec94b93a68da91e45c3cb67f61785dc722e54236f147e3efb63
06:17:33     STOCK_FILE pri podjetju 1: se ni na vrsti po razporedu; preskoceno.
06:17:34     Prebranih zapisov: 1389; SHA-256: 88b7c3e1f331eec94b93a68da91e45c3cb67f61785dc722e54236f147e3efb63
06:17:34     STOCK_FILE pri podjetju 2: se ni na vrsti po razporedu; preskoceno.
06:17:35     Prebranih zapisov: 1389; SHA-256: 88b7c3e1f331eec94b93a68da91e45c3cb67f61785dc722e54236f147e3efb63
06:17:35     STOCK_FILE pri podjetju 3: se ni na vrsti po razporedu; preskoceno.
06:17:36     Prebranih zapisov: 1389; SHA-256: 88b7c3e1f331eec94b93a68da91e45c3cb67f61785dc722e54236f147e3efb63
06:17:36     STOCK_FILE pri podjetju 4: se ni na vrsti po razporedu; preskoceno.
06:17:36     konec: Zaloga BT_STOCK
06:17:36  == Zaloga iz SAOP (kolicine) ==
06:17:37     [1] SAOP_STOCK: se ni na vrsti po razporedu; preskoceno.
06:17:37     [2] SAOP_STOCK: se ni na vrsti po razporedu; preskoceno.
06:17:37     [3] SAOP_STOCK: se ni na vrsti po razporedu; preskoceno.
06:17:37     [4] SAOP_STOCK: se ni na vrsti po razporedu; preskoceno.
06:17:37     konec: Zaloga iz SAOP (kolicine)
06:17:37  == Izvoz cen in zaloge za splet ==
06:17:38     Izvoz profila MAGENTO_STOCK_PRICES končan: 352 vrstic v C:\Users\david\Desktop\PIM\NoviPIM\izvoz\magento\1
06:17:42     Izvoz profila MAGENTO_STOCK_PRICES končan: 2071 vrstic v C:\Users\david\Desktop\PIM\NoviPIM\izvoz\magento\2
06:17:45     Izvoz profila MAGENTO_STOCK_PRICES končan: 2488 vrstic v C:\Users\david\Desktop\PIM\NoviPIM\izvoz\magento\3
06:17:47     Izvoz profila MAGENTO_STOCK_PRICES končan: 0 vrstic v C:\Users\david\Desktop\PIM\NoviPIM\izvoz\magento\4
06:17:47     konec: Izvoz cen in zaloge za splet
06:17:47  Zalogovni cikel koncan; padlih korakov: 0.
06:22:26  == Zaloga NW_STOCK ==
06:22:27     SOURCE_FETCH: se ni na vrsti po razporedu; preskoceno.
06:22:28     Prebranih zapisov: 2763; SHA-256: 175dc9ae009539b123edc7e6076027a773aac9f6532e2777b6919971feb75917
06:22:28     Ta posnetek je ze v bazi; vir=NW_STOCK, podjetje=1, cas posnetka=2026-09-02 22:27:28Z, uporabljenih=2763, v karanteni=0, RunId=4ffa2612-a697-48f4-ab22-4fdd76d02219. Zapisano ni bilo nic.
06:22:29     Prebranih zapisov: 2763; SHA-256: 175dc9ae009539b123edc7e6076027a773aac9f6532e2777b6919971feb75917
06:22:29     Ta posnetek je ze v bazi; vir=NW_STOCK, podjetje=2, cas posnetka=2026-09-02 22:27:28Z, uporabljenih=2763, v karanteni=0, RunId=fe852c08-fe28-4b05-8c51-b4583f9ef8a5. Zapisano ni bilo nic.
06:22:30     Prebranih zapisov: 2763; SHA-256: 175dc9ae009539b123edc7e6076027a773aac9f6532e2777b6919971feb75917
06:22:30     Ta posnetek je ze v bazi; vir=NW_STOCK, podjetje=3, cas posnetka=2026-09-02 22:27:28Z, uporabljenih=2763, v karanteni=0, RunId=014795bc-baa9-4598-8e85-ca1a56394b6b. Zapisano ni bilo nic.
06:22:31     Prebranih zapisov: 2763; SHA-256: 175dc9ae009539b123edc7e6076027a773aac9f6532e2777b6919971feb75917
06:22:31     Ta posnetek je ze v bazi; vir=NW_STOCK, podjetje=4, cas posnetka=2026-09-02 22:27:28Z, uporabljenih=2763, v karanteni=0, RunId=5ddc9ea3-4711-47c8-a759-b300e2ceb505. Zapisano ni bilo nic.
06:22:31     konec: Zaloga NW_STOCK
06:22:31  == Zaloga BT_STOCK ==
06:22:32     [BT_STOCK] preskoceno: Razmik dobavitelja se tece; naslednji prenos po 3. 09. 2026 07:12.
06:22:32     Prevzem koncan: uspesno 0, neuspesno 0, skupaj virov 1.
06:22:33     Prebranih zapisov: 1389; SHA-256: 88b7c3e1f331eec94b93a68da91e45c3cb67f61785dc722e54236f147e3efb63
06:22:33     STOCK_FILE pri podjetju 1: se ni na vrsti po razporedu; preskoceno.
06:22:34     Prebranih zapisov: 1389; SHA-256: 88b7c3e1f331eec94b93a68da91e45c3cb67f61785dc722e54236f147e3efb63
06:22:34     STOCK_FILE pri podjetju 2: se ni na vrsti po razporedu; preskoceno.
06:22:35     Prebranih zapisov: 1389; SHA-256: 88b7c3e1f331eec94b93a68da91e45c3cb67f61785dc722e54236f147e3efb63
06:22:35     STOCK_FILE pri podjetju 3: se ni na vrsti po razporedu; preskoceno.
06:22:36     Prebranih zapisov: 1389; SHA-256: 88b7c3e1f331eec94b93a68da91e45c3cb67f61785dc722e54236f147e3efb63
06:22:36     STOCK_FILE pri podjetju 4: se ni na vrsti po razporedu; preskoceno.
06:22:36     konec: Zaloga BT_STOCK
06:22:36  == Zaloga iz SAOP (kolicine) ==
06:22:37     [1] SAOP_STOCK: se ni na vrsti po razporedu; preskoceno.
06:22:37     [2] SAOP_STOCK: se ni na vrsti po razporedu; preskoceno.
06:22:37     [3] SAOP_STOCK: se ni na vrsti po razporedu; preskoceno.
06:22:37     [4] SAOP_STOCK: se ni na vrsti po razporedu; preskoceno.
06:22:37     konec: Zaloga iz SAOP (kolicine)
06:22:37  == Izvoz cen in zaloge za splet ==
06:22:38     Izvoz profila MAGENTO_STOCK_PRICES končan: 352 vrstic v C:\Users\david\Desktop\PIM\NoviPIM\izvoz\magento\1
06:22:44     Izvoz profila MAGENTO_STOCK_PRICES končan: 2071 vrstic v C:\Users\david\Desktop\PIM\NoviPIM\izvoz\magento\2
06:22:48     Izvoz profila MAGENTO_STOCK_PRICES končan: 2488 vrstic v C:\Users\david\Desktop\PIM\NoviPIM\izvoz\magento\3
06:22:49     Izvoz profila MAGENTO_STOCK_PRICES končan: 0 vrstic v C:\Users\david\Desktop\PIM\NoviPIM\izvoz\magento\4
06:22:49     konec: Izvoz cen in zaloge za splet
06:22:49  Zalogovni cikel koncan; padlih korakov: 0.
06:27:26  == Zaloga NW_STOCK ==
06:27:27     SOURCE_FETCH: se ni na vrsti po razporedu; preskoceno.
06:27:28     Prebranih zapisov: 2763; SHA-256: 175dc9ae009539b123edc7e6076027a773aac9f6532e2777b6919971feb75917
06:27:28     STOCK_FILE pri podjetju 1: se ni na vrsti po razporedu; preskoceno.
06:27:29     Prebranih zapisov: 2763; SHA-256: 175dc9ae009539b123edc7e6076027a773aac9f6532e2777b6919971feb75917
06:27:29     STOCK_FILE pri podjetju 2: se ni na vrsti po razporedu; preskoceno.
06:27:30     Prebranih zapisov: 2763; SHA-256: 175dc9ae009539b123edc7e6076027a773aac9f6532e2777b6919971feb75917
06:27:30     STOCK_FILE pri podjetju 3: se ni na vrsti po razporedu; preskoceno.
06:27:30     Prebranih zapisov: 2763; SHA-256: 175dc9ae009539b123edc7e6076027a773aac9f6532e2777b6919971feb75917
06:27:31     STOCK_FILE pri podjetju 4: se ni na vrsti po razporedu; preskoceno.
06:27:31     konec: Zaloga NW_STOCK
06:27:31  == Zaloga BT_STOCK ==
06:27:32     SOURCE_FETCH: se ni na vrsti po razporedu; preskoceno.
06:27:32     Prebranih zapisov: 1389; SHA-256: 88b7c3e1f331eec94b93a68da91e45c3cb67f61785dc722e54236f147e3efb63
06:27:33     Ta posnetek je ze v bazi; vir=BT_STOCK, podjetje=1, cas posnetka=2026-09-02 16:39:55Z, uporabljenih=1389, v karanteni=0, RunId=e4912780-b225-4977-b541-4c5c7a771824. Zapisano ni bilo nic.
06:27:33     Prebranih zapisov: 1389; SHA-256: 88b7c3e1f331eec94b93a68da91e45c3cb67f61785dc722e54236f147e3efb63
06:27:34     Ta posnetek je ze v bazi; vir=BT_STOCK, podjetje=2, cas posnetka=2026-09-02 16:39:55Z, uporabljenih=1389, v karanteni=0, RunId=f1953183-3abf-42a5-91cd-1677b89581d1. Zapisano ni bilo nic.
06:27:34     Prebranih zapisov: 1389; SHA-256: 88b7c3e1f331eec94b93a68da91e45c3cb67f61785dc722e54236f147e3efb63
06:27:35     Ta posnetek je ze v bazi; vir=BT_STOCK, podjetje=3, cas posnetka=2026-09-02 16:39:55Z, uporabljenih=1389, v karanteni=0, RunId=680e3a50-81b6-4668-860d-52d0c1e429d4. Zapisano ni bilo nic.
06:27:35     Prebranih zapisov: 1389; SHA-256: 88b7c3e1f331eec94b93a68da91e45c3cb67f61785dc722e54236f147e3efb63
06:27:36     Ta posnetek je ze v bazi; vir=BT_STOCK, podjetje=4, cas posnetka=2026-09-02 16:39:55Z, uporabljenih=1389, v karanteni=0, RunId=79b3b0aa-02c9-4df1-aeae-e68412b1e9e4. Zapisano ni bilo nic.
06:27:36     konec: Zaloga BT_STOCK
06:27:36  == Zaloga iz SAOP (kolicine) ==
06:27:37     [1] SAOP_STOCK: se ni na vrsti po razporedu; preskoceno.
06:27:37     [2] SAOP_STOCK: se ni na vrsti po razporedu; preskoceno.
06:27:37     [3] SAOP_STOCK: se ni na vrsti po razporedu; preskoceno.
06:27:37     [4] SAOP_STOCK: se ni na vrsti po razporedu; preskoceno.
06:27:37     konec: Zaloga iz SAOP (kolicine)
06:27:37  == Izvoz cen in zaloge za splet ==
06:27:38     Izvoz profila MAGENTO_STOCK_PRICES končan: 352 vrstic v C:\Users\david\Desktop\PIM\NoviPIM\izvoz\magento\1
06:27:42     Izvoz profila MAGENTO_STOCK_PRICES končan: 2071 vrstic v C:\Users\david\Desktop\PIM\NoviPIM\izvoz\magento\2
06:27:45     Izvoz profila MAGENTO_STOCK_PRICES končan: 2488 vrstic v C:\Users\david\Desktop\PIM\NoviPIM\izvoz\magento\3
06:27:47     Izvoz profila MAGENTO_STOCK_PRICES končan: 0 vrstic v C:\Users\david\Desktop\PIM\NoviPIM\izvoz\magento\4
06:27:47     konec: Izvoz cen in zaloge za splet
06:27:47  Zalogovni cikel koncan; padlih korakov: 0.
06:32:26  == Zaloga NW_STOCK ==
06:32:27     [NW_STOCK] preskoceno: Razmik dobavitelja se tece; naslednji prenos po 3. 09. 2026 06:42.
06:32:27     Prevzem koncan: uspesno 0, neuspesno 0, skupaj virov 1.
06:32:28     Prebranih zapisov: 2763; SHA-256: 175dc9ae009539b123edc7e6076027a773aac9f6532e2777b6919971feb75917
06:32:28     STOCK_FILE pri podjetju 1: se ni na vrsti po razporedu; preskoceno.
06:32:29     Prebranih zapisov: 2763; SHA-256: 175dc9ae009539b123edc7e6076027a773aac9f6532e2777b6919971feb75917
06:32:29     STOCK_FILE pri podjetju 2: se ni na vrsti po razporedu; preskoceno.
06:32:30     Prebranih zapisov: 2763; SHA-256: 175dc9ae009539b123edc7e6076027a773aac9f6532e2777b6919971feb75917
06:32:30     STOCK_FILE pri podjetju 3: se ni na vrsti po razporedu; preskoceno.
06:32:31     Prebranih zapisov: 2763; SHA-256: 175dc9ae009539b123edc7e6076027a773aac9f6532e2777b6919971feb75917
06:32:31     STOCK_FILE pri podjetju 4: se ni na vrsti po razporedu; preskoceno.
06:32:31     konec: Zaloga NW_STOCK
06:32:31  == Zaloga BT_STOCK ==
06:32:32     SOURCE_FETCH: se ni na vrsti po razporedu; preskoceno.
06:32:33     Prebranih zapisov: 1389; SHA-256: 88b7c3e1f331eec94b93a68da91e45c3cb67f61785dc722e54236f147e3efb63
06:32:33     Ta posnetek je ze v bazi; vir=BT_STOCK, podjetje=1, cas posnetka=2026-09-02 16:39:55Z, uporabljenih=1389, v karanteni=0, RunId=e4912780-b225-4977-b541-4c5c7a771824. Zapisano ni bilo nic.
06:32:34     Prebranih zapisov: 1389; SHA-256: 88b7c3e1f331eec94b93a68da91e45c3cb67f61785dc722e54236f147e3efb63
06:32:34     Ta posnetek je ze v bazi; vir=BT_STOCK, podjetje=2, cas posnetka=2026-09-02 16:39:55Z, uporabljenih=1389, v karanteni=0, RunId=f1953183-3abf-42a5-91cd-1677b89581d1. Zapisano ni bilo nic.
06:32:35     Prebranih zapisov: 1389; SHA-256: 88b7c3e1f331eec94b93a68da91e45c3cb67f61785dc722e54236f147e3efb63
06:32:35     Ta posnetek je ze v bazi; vir=BT_STOCK, podjetje=3, cas posnetka=2026-09-02 16:39:55Z, uporabljenih=1389, v karanteni=0, RunId=680e3a50-81b6-4668-860d-52d0c1e429d4. Zapisano ni bilo nic.
06:32:36     Prebranih zapisov: 1389; SHA-256: 88b7c3e1f331eec94b93a68da91e45c3cb67f61785dc722e54236f147e3efb63
06:32:36     Ta posnetek je ze v bazi; vir=BT_STOCK, podjetje=4, cas posnetka=2026-09-02 16:39:55Z, uporabljenih=1389, v karanteni=0, RunId=79b3b0aa-02c9-4df1-aeae-e68412b1e9e4. Zapisano ni bilo nic.
06:32:36     konec: Zaloga BT_STOCK
06:32:36  == Zaloga iz SAOP (kolicine) ==
06:32:37     [1] SAOP_STOCK: se ni na vrsti po razporedu; preskoceno.
06:32:37     [2] SAOP_STOCK: se ni na vrsti po razporedu; preskoceno.
06:32:37     [3] SAOP_STOCK: se ni na vrsti po razporedu; preskoceno.
06:32:37     [4] SAOP_STOCK: se ni na vrsti po razporedu; preskoceno.
06:32:37     konec: Zaloga iz SAOP (kolicine)
06:32:37  == Izvoz cen in zaloge za splet ==
06:32:38     Izvoz profila MAGENTO_STOCK_PRICES končan: 352 vrstic v C:\Users\david\Desktop\PIM\NoviPIM\izvoz\magento\1
06:32:42     Izvoz profila MAGENTO_STOCK_PRICES končan: 2071 vrstic v C:\Users\david\Desktop\PIM\NoviPIM\izvoz\magento\2
06:32:46     Izvoz profila MAGENTO_STOCK_PRICES končan: 2488 vrstic v C:\Users\david\Desktop\PIM\NoviPIM\izvoz\magento\3
06:32:47     Izvoz profila MAGENTO_STOCK_PRICES končan: 0 vrstic v C:\Users\david\Desktop\PIM\NoviPIM\izvoz\magento\4
06:32:47     konec: Izvoz cen in zaloge za splet
06:32:47  Zalogovni cikel koncan; padlih korakov: 0.
06:37:26  == Zaloga NW_STOCK ==
06:37:27     [NW_STOCK] preskoceno: Razmik dobavitelja se tece; naslednji prenos po 3. 09. 2026 06:42.
06:37:27     Prevzem koncan: uspesno 0, neuspesno 0, skupaj virov 1.
06:37:28     Prebranih zapisov: 2763; SHA-256: 175dc9ae009539b123edc7e6076027a773aac9f6532e2777b6919971feb75917
06:37:28     STOCK_FILE pri podjetju 1: se ni na vrsti po razporedu; preskoceno.
06:37:29     Prebranih zapisov: 2763; SHA-256: 175dc9ae009539b123edc7e6076027a773aac9f6532e2777b6919971feb75917
06:37:29     STOCK_FILE pri podjetju 2: se ni na vrsti po razporedu; preskoceno.
06:37:30     Prebranih zapisov: 2763; SHA-256: 175dc9ae009539b123edc7e6076027a773aac9f6532e2777b6919971feb75917
06:37:30     STOCK_FILE pri podjetju 3: se ni na vrsti po razporedu; preskoceno.
06:37:31     Prebranih zapisov: 2763; SHA-256: 175dc9ae009539b123edc7e6076027a773aac9f6532e2777b6919971feb75917
06:37:31     STOCK_FILE pri podjetju 4: se ni na vrsti po razporedu; preskoceno.
06:37:31     konec: Zaloga NW_STOCK
06:37:31  == Zaloga BT_STOCK ==
06:37:32     SOURCE_FETCH: se ni na vrsti po razporedu; preskoceno.
06:37:33     Prebranih zapisov: 1389; SHA-256: 88b7c3e1f331eec94b93a68da91e45c3cb67f61785dc722e54236f147e3efb63
06:37:33     Ta posnetek je ze v bazi; vir=BT_STOCK, podjetje=1, cas posnetka=2026-09-02 16:39:55Z, uporabljenih=1389, v karanteni=0, RunId=e4912780-b225-4977-b541-4c5c7a771824. Zapisano ni bilo nic.
06:37:34     Prebranih zapisov: 1389; SHA-256: 88b7c3e1f331eec94b93a68da91e45c3cb67f61785dc722e54236f147e3efb63
06:37:34     Ta posnetek je ze v bazi; vir=BT_STOCK, podjetje=2, cas posnetka=2026-09-02 16:39:55Z, uporabljenih=1389, v karanteni=0, RunId=f1953183-3abf-42a5-91cd-1677b89581d1. Zapisano ni bilo nic.
06:37:35     Prebranih zapisov: 1389; SHA-256: 88b7c3e1f331eec94b93a68da91e45c3cb67f61785dc722e54236f147e3efb63
06:37:35     Ta posnetek je ze v bazi; vir=BT_STOCK, podjetje=3, cas posnetka=2026-09-02 16:39:55Z, uporabljenih=1389, v karanteni=0, RunId=680e3a50-81b6-4668-860d-52d0c1e429d4. Zapisano ni bilo nic.
06:37:36     Prebranih zapisov: 1389; SHA-256: 88b7c3e1f331eec94b93a68da91e45c3cb67f61785dc722e54236f147e3efb63
06:37:36     Ta posnetek je ze v bazi; vir=BT_STOCK, podjetje=4, cas posnetka=2026-09-02 16:39:55Z, uporabljenih=1389, v karanteni=0, RunId=79b3b0aa-02c9-4df1-aeae-e68412b1e9e4. Zapisano ni bilo nic.
06:37:36     konec: Zaloga BT_STOCK
06:37:36  == Zaloga iz SAOP (kolicine) ==
06:37:37     [1] SAOP_STOCK: se ni na vrsti po razporedu; preskoceno.
06:37:37     [2] SAOP_STOCK: se ni na vrsti po razporedu; preskoceno.
06:37:37     [3] SAOP_STOCK: se ni na vrsti po razporedu; preskoceno.
06:37:37     [4] SAOP_STOCK: se ni na vrsti po razporedu; preskoceno.
06:37:37     konec: Zaloga iz SAOP (kolicine)
06:37:37  == Izvoz cen in zaloge za splet ==
06:37:39     Izvoz profila MAGENTO_STOCK_PRICES končan: 352 vrstic v C:\Users\david\Desktop\PIM\NoviPIM\izvoz\magento\1
06:37:43     Izvoz profila MAGENTO_STOCK_PRICES končan: 2071 vrstic v C:\Users\david\Desktop\PIM\NoviPIM\izvoz\magento\2
06:37:47     Izvoz profila MAGENTO_STOCK_PRICES končan: 2488 vrstic v C:\Users\david\Desktop\PIM\NoviPIM\izvoz\magento\3
06:37:48     Izvoz profila MAGENTO_STOCK_PRICES končan: 0 vrstic v C:\Users\david\Desktop\PIM\NoviPIM\izvoz\magento\4
06:37:48     konec: Izvoz cen in zaloge za splet
06:37:48  Zalogovni cikel koncan; padlih korakov: 0.
06:42:26  == Zaloga NW_STOCK ==
06:42:27     [NW_STOCK] preskoceno: Razmik dobavitelja se tece; naslednji prenos po 3. 09. 2026 06:42.
06:42:27     Prevzem koncan: uspesno 0, neuspesno 0, skupaj virov 1.
06:42:28     Prebranih zapisov: 2763; SHA-256: 175dc9ae009539b123edc7e6076027a773aac9f6532e2777b6919971feb75917
06:42:28     STOCK_FILE pri podjetju 1: se ni na vrsti po razporedu; preskoceno.
06:42:29     Prebranih zapisov: 2763; SHA-256: 175dc9ae009539b123edc7e6076027a773aac9f6532e2777b6919971feb75917
06:42:29     STOCK_FILE pri podjetju 2: se ni na vrsti po razporedu; preskoceno.
06:42:30     Prebranih zapisov: 2763; SHA-256: 175dc9ae009539b123edc7e6076027a773aac9f6532e2777b6919971feb75917
06:42:30     STOCK_FILE pri podjetju 3: se ni na vrsti po razporedu; preskoceno.
06:42:31     Prebranih zapisov: 2763; SHA-256: 175dc9ae009539b123edc7e6076027a773aac9f6532e2777b6919971feb75917
06:42:31     STOCK_FILE pri podjetju 4: se ni na vrsti po razporedu; preskoceno.
06:42:31     konec: Zaloga NW_STOCK
06:42:31  == Zaloga BT_STOCK ==
06:42:32     SOURCE_FETCH: se ni na vrsti po razporedu; preskoceno.
06:42:33     Prebranih zapisov: 1389; SHA-256: 88b7c3e1f331eec94b93a68da91e45c3cb67f61785dc722e54236f147e3efb63
06:42:33     Ta posnetek je ze v bazi; vir=BT_STOCK, podjetje=1, cas posnetka=2026-09-02 16:39:55Z, uporabljenih=1389, v karanteni=0, RunId=e4912780-b225-4977-b541-4c5c7a771824. Zapisano ni bilo nic.
06:42:34     Prebranih zapisov: 1389; SHA-256: 88b7c3e1f331eec94b93a68da91e45c3cb67f61785dc722e54236f147e3efb63
06:42:34     Ta posnetek je ze v bazi; vir=BT_STOCK, podjetje=2, cas posnetka=2026-09-02 16:39:55Z, uporabljenih=1389, v karanteni=0, RunId=f1953183-3abf-42a5-91cd-1677b89581d1. Zapisano ni bilo nic.
06:42:35     Prebranih zapisov: 1389; SHA-256: 88b7c3e1f331eec94b93a68da91e45c3cb67f61785dc722e54236f147e3efb63
06:42:35     STOCK_FILE pri podjetju 3: se ni na vrsti po razporedu; preskoceno.
06:42:36     Prebranih zapisov: 1389; SHA-256: 88b7c3e1f331eec94b93a68da91e45c3cb67f61785dc722e54236f147e3efb63
06:42:36     STOCK_FILE pri podjetju 4: se ni na vrsti po razporedu; preskoceno.
06:42:36     konec: Zaloga BT_STOCK
06:42:36  == Zaloga iz SAOP (kolicine) ==
06:42:37     [1] SAOP_STOCK: se ni na vrsti po razporedu; preskoceno.
06:42:37     [2] SAOP_STOCK: se ni na vrsti po razporedu; preskoceno.
06:42:37     [3] SAOP_STOCK: se ni na vrsti po razporedu; preskoceno.
06:42:37     [4] SAOP_STOCK: se ni na vrsti po razporedu; preskoceno.
06:42:37     konec: Zaloga iz SAOP (kolicine)
06:42:37  == Izvoz cen in zaloge za splet ==
06:42:39     Izvoz profila MAGENTO_STOCK_PRICES končan: 352 vrstic v C:\Users\david\Desktop\PIM\NoviPIM\izvoz\magento\1
06:42:43     Izvoz profila MAGENTO_STOCK_PRICES končan: 2071 vrstic v C:\Users\david\Desktop\PIM\NoviPIM\izvoz\magento\2
06:42:46     Izvoz profila MAGENTO_STOCK_PRICES končan: 2488 vrstic v C:\Users\david\Desktop\PIM\NoviPIM\izvoz\magento\3
06:42:48     Izvoz profila MAGENTO_STOCK_PRICES končan: 0 vrstic v C:\Users\david\Desktop\PIM\NoviPIM\izvoz\magento\4
06:42:48     konec: Izvoz cen in zaloge za splet
06:42:48  Zalogovni cikel koncan; padlih korakov: 0.
06:47:26  == Zaloga NW_STOCK ==
06:47:27     SOURCE_FETCH: se ni na vrsti po razporedu; preskoceno.
06:47:28     Prebranih zapisov: 2763; SHA-256: 175dc9ae009539b123edc7e6076027a773aac9f6532e2777b6919971feb75917
06:47:28     STOCK_FILE pri podjetju 1: se ni na vrsti po razporedu; preskoceno.
06:47:29     Prebranih zapisov: 2763; SHA-256: 175dc9ae009539b123edc7e6076027a773aac9f6532e2777b6919971feb75917
06:47:29     STOCK_FILE pri podjetju 2: se ni na vrsti po razporedu; preskoceno.
06:47:30     Prebranih zapisov: 2763; SHA-256: 175dc9ae009539b123edc7e6076027a773aac9f6532e2777b6919971feb75917
06:47:30     Ta posnetek je ze v bazi; vir=NW_STOCK, podjetje=3, cas posnetka=2026-09-02 22:27:28Z, uporabljenih=2763, v karanteni=0, RunId=014795bc-baa9-4598-8e85-ca1a56394b6b. Zapisano ni bilo nic.
06:47:31     Prebranih zapisov: 2763; SHA-256: 175dc9ae009539b123edc7e6076027a773aac9f6532e2777b6919971feb75917
06:47:31     Ta posnetek je ze v bazi; vir=NW_STOCK, podjetje=4, cas posnetka=2026-09-02 22:27:28Z, uporabljenih=2763, v karanteni=0, RunId=5ddc9ea3-4711-47c8-a759-b300e2ceb505. Zapisano ni bilo nic.
06:47:31     konec: Zaloga NW_STOCK
06:47:31  == Zaloga BT_STOCK ==
06:47:32     [BT_STOCK] preskoceno: Razmik dobavitelja se tece; naslednji prenos po 3. 09. 2026 07:12.
06:47:32     Prevzem koncan: uspesno 0, neuspesno 0, skupaj virov 1.
06:47:33     Prebranih zapisov: 1389; SHA-256: 88b7c3e1f331eec94b93a68da91e45c3cb67f61785dc722e54236f147e3efb63
06:47:33     Ta posnetek je ze v bazi; vir=BT_STOCK, podjetje=1, cas posnetka=2026-09-02 16:39:55Z, uporabljenih=1389, v karanteni=0, RunId=e4912780-b225-4977-b541-4c5c7a771824. Zapisano ni bilo nic.
06:47:34     Prebranih zapisov: 1389; SHA-256: 88b7c3e1f331eec94b93a68da91e45c3cb67f61785dc722e54236f147e3efb63
06:47:34     Ta posnetek je ze v bazi; vir=BT_STOCK, podjetje=2, cas posnetka=2026-09-02 16:39:55Z, uporabljenih=1389, v karanteni=0, RunId=f1953183-3abf-42a5-91cd-1677b89581d1. Zapisano ni bilo nic.
06:47:35     Prebranih zapisov: 1389; SHA-256: 88b7c3e1f331eec94b93a68da91e45c3cb67f61785dc722e54236f147e3efb63
06:47:35     STOCK_FILE pri podjetju 3: se ni na vrsti po razporedu; preskoceno.
06:47:36     Prebranih zapisov: 1389; SHA-256: 88b7c3e1f331eec94b93a68da91e45c3cb67f61785dc722e54236f147e3efb63
06:47:36     STOCK_FILE pri podjetju 4: se ni na vrsti po razporedu; preskoceno.
06:47:36     konec: Zaloga BT_STOCK
06:47:36  == Zaloga iz SAOP (kolicine) ==
06:47:37     [1] SAOP_STOCK: se ni na vrsti po razporedu; preskoceno.
06:47:37     [2] SAOP_STOCK: se ni na vrsti po razporedu; preskoceno.
06:47:37     [3] SAOP_STOCK: se ni na vrsti po razporedu; preskoceno.
06:47:37     [4] SAOP_STOCK: se ni na vrsti po razporedu; preskoceno.
06:47:37     konec: Zaloga iz SAOP (kolicine)
06:47:37  == Izvoz cen in zaloge za splet ==
06:47:39     Izvoz profila MAGENTO_STOCK_PRICES končan: 352 vrstic v C:\Users\david\Desktop\PIM\NoviPIM\izvoz\magento\1
06:47:43     Izvoz profila MAGENTO_STOCK_PRICES končan: 2071 vrstic v C:\Users\david\Desktop\PIM\NoviPIM\izvoz\magento\2
06:47:46     Izvoz profila MAGENTO_STOCK_PRICES končan: 2488 vrstic v C:\Users\david\Desktop\PIM\NoviPIM\izvoz\magento\3
06:47:48     Izvoz profila MAGENTO_STOCK_PRICES končan: 0 vrstic v C:\Users\david\Desktop\PIM\NoviPIM\izvoz\magento\4
06:47:48     konec: Izvoz cen in zaloge za splet
06:47:48  Zalogovni cikel koncan; padlih korakov: 0.
06:52:26  == Zaloga NW_STOCK ==
06:52:27     SOURCE_FETCH: se ni na vrsti po razporedu; preskoceno.
06:52:28     Prebranih zapisov: 2763; SHA-256: 175dc9ae009539b123edc7e6076027a773aac9f6532e2777b6919971feb75917
06:52:28     STOCK_FILE pri podjetju 1: se ni na vrsti po razporedu; preskoceno.
06:52:29     Prebranih zapisov: 2763; SHA-256: 175dc9ae009539b123edc7e6076027a773aac9f6532e2777b6919971feb75917
06:52:29     STOCK_FILE pri podjetju 2: se ni na vrsti po razporedu; preskoceno.
06:52:30     Prebranih zapisov: 2763; SHA-256: 175dc9ae009539b123edc7e6076027a773aac9f6532e2777b6919971feb75917
06:52:30     STOCK_FILE pri podjetju 3: se ni na vrsti po razporedu; preskoceno.
06:52:31     Prebranih zapisov: 2763; SHA-256: 175dc9ae009539b123edc7e6076027a773aac9f6532e2777b6919971feb75917
06:52:31     STOCK_FILE pri podjetju 4: se ni na vrsti po razporedu; preskoceno.
06:52:31     konec: Zaloga NW_STOCK
06:52:31  == Zaloga BT_STOCK ==
06:52:32     SOURCE_FETCH: se ni na vrsti po razporedu; preskoceno.
06:52:32     Prebranih zapisov: 1389; SHA-256: 88b7c3e1f331eec94b93a68da91e45c3cb67f61785dc722e54236f147e3efb63
06:52:33     STOCK_FILE pri podjetju 1: se ni na vrsti po razporedu; preskoceno.
06:52:33     Prebranih zapisov: 1389; SHA-256: 88b7c3e1f331eec94b93a68da91e45c3cb67f61785dc722e54236f147e3efb63
06:52:34     STOCK_FILE pri podjetju 2: se ni na vrsti po razporedu; preskoceno.
06:52:34     Prebranih zapisov: 1389; SHA-256: 88b7c3e1f331eec94b93a68da91e45c3cb67f61785dc722e54236f147e3efb63
06:52:35     Ta posnetek je ze v bazi; vir=BT_STOCK, podjetje=3, cas posnetka=2026-09-02 16:39:55Z, uporabljenih=1389, v karanteni=0, RunId=680e3a50-81b6-4668-860d-52d0c1e429d4. Zapisano ni bilo nic.
06:52:35     Prebranih zapisov: 1389; SHA-256: 88b7c3e1f331eec94b93a68da91e45c3cb67f61785dc722e54236f147e3efb63
06:52:36     Ta posnetek je ze v bazi; vir=BT_STOCK, podjetje=4, cas posnetka=2026-09-02 16:39:55Z, uporabljenih=1389, v karanteni=0, RunId=79b3b0aa-02c9-4df1-aeae-e68412b1e9e4. Zapisano ni bilo nic.
06:52:36     konec: Zaloga BT_STOCK
06:52:36  == Zaloga iz SAOP (kolicine) ==
06:52:37     [1] SAOP_STOCK: se ni na vrsti po razporedu; preskoceno.
06:52:37     [2] SAOP_STOCK: se ni na vrsti po razporedu; preskoceno.
06:52:37     [3] SAOP_STOCK: se ni na vrsti po razporedu; preskoceno.
06:52:37     [4] SAOP_STOCK: se ni na vrsti po razporedu; preskoceno.
06:52:37     konec: Zaloga iz SAOP (kolicine)
06:52:37  == Izvoz cen in zaloge za splet ==
06:52:38     Izvoz profila MAGENTO_STOCK_PRICES končan: 352 vrstic v C:\Users\david\Desktop\PIM\NoviPIM\izvoz\magento\1
06:52:42     Izvoz profila MAGENTO_STOCK_PRICES končan: 2071 vrstic v C:\Users\david\Desktop\PIM\NoviPIM\izvoz\magento\2
06:52:46     Izvoz profila MAGENTO_STOCK_PRICES končan: 2488 vrstic v C:\Users\david\Desktop\PIM\NoviPIM\izvoz\magento\3
06:52:47     Izvoz profila MAGENTO_STOCK_PRICES končan: 0 vrstic v C:\Users\david\Desktop\PIM\NoviPIM\izvoz\magento\4
06:52:47     konec: Izvoz cen in zaloge za splet
06:52:47  Zalogovni cikel koncan; padlih korakov: 0.
06:57:26  == Zaloga NW_STOCK ==
06:57:28     [NW_STOCK] prevzeto 87.327 bajtov -> C:\Users\david\Desktop\PIM\NoviPIM\PIM_Solution\data\prevzem\NW_STOCK\nw-zaloga.csv
06:57:28     Prevzem koncan: uspesno 1, neuspesno 0, skupaj virov 1.
06:57:29     Prebranih zapisov: 2763; SHA-256: d911aa6b3c89b23e2d5506c8bd27f83cb2aefd2119ff41f450c51e884722bef2
06:57:30     Zaloga zapisana; vir=NW_STOCK, podjetje=1, uporabljenih=2763, v karanteni=0, RunId=18e167b4-2d6a-410f-bbda-6a5766d6f95f.
06:57:31     Prebranih zapisov: 2763; SHA-256: d911aa6b3c89b23e2d5506c8bd27f83cb2aefd2119ff41f450c51e884722bef2
06:57:32     Zaloga zapisana; vir=NW_STOCK, podjetje=2, uporabljenih=2763, v karanteni=0, RunId=f2f26761-6a93-4324-bb2c-ac9ac51c6803.
06:57:33     Prebranih zapisov: 2763; SHA-256: d911aa6b3c89b23e2d5506c8bd27f83cb2aefd2119ff41f450c51e884722bef2
06:57:33     STOCK_FILE pri podjetju 3: se ni na vrsti po razporedu; preskoceno.
06:57:34     Prebranih zapisov: 2763; SHA-256: d911aa6b3c89b23e2d5506c8bd27f83cb2aefd2119ff41f450c51e884722bef2
06:57:34     STOCK_FILE pri podjetju 4: se ni na vrsti po razporedu; preskoceno.
06:57:34     konec: Zaloga NW_STOCK
06:57:34  == Zaloga BT_STOCK ==
06:57:35     SOURCE_FETCH: se ni na vrsti po razporedu; preskoceno.
06:57:36     Prebranih zapisov: 1389; SHA-256: 88b7c3e1f331eec94b93a68da91e45c3cb67f61785dc722e54236f147e3efb63
06:57:36     STOCK_FILE pri podjetju 1: se ni na vrsti po razporedu; preskoceno.
06:57:37     Prebranih zapisov: 1389; SHA-256: 88b7c3e1f331eec94b93a68da91e45c3cb67f61785dc722e54236f147e3efb63
06:57:37     STOCK_FILE pri podjetju 2: se ni na vrsti po razporedu; preskoceno.
06:57:38     Prebranih zapisov: 1389; SHA-256: 88b7c3e1f331eec94b93a68da91e45c3cb67f61785dc722e54236f147e3efb63
06:57:38     Ta posnetek je ze v bazi; vir=BT_STOCK, podjetje=3, cas posnetka=2026-09-02 16:39:55Z, uporabljenih=1389, v karanteni=0, RunId=680e3a50-81b6-4668-860d-52d0c1e429d4. Zapisano ni bilo nic.
06:57:39     Prebranih zapisov: 1389; SHA-256: 88b7c3e1f331eec94b93a68da91e45c3cb67f61785dc722e54236f147e3efb63
06:57:39     Ta posnetek je ze v bazi; vir=BT_STOCK, podjetje=4, cas posnetka=2026-09-02 16:39:55Z, uporabljenih=1389, v karanteni=0, RunId=79b3b0aa-02c9-4df1-aeae-e68412b1e9e4. Zapisano ni bilo nic.
06:57:39     konec: Zaloga BT_STOCK
06:57:39  == Zaloga iz SAOP (kolicine) ==
06:57:40     [1] SAOP_STOCK: se ni na vrsti po razporedu; preskoceno.
06:57:40     [2] SAOP_STOCK: se ni na vrsti po razporedu; preskoceno.
06:57:40     [3] SAOP_STOCK: se ni na vrsti po razporedu; preskoceno.
06:57:40     [4] SAOP_STOCK: se ni na vrsti po razporedu; preskoceno.
06:57:40     konec: Zaloga iz SAOP (kolicine)
06:57:40  == Izvoz cen in zaloge za splet ==
06:57:42     Izvoz profila MAGENTO_STOCK_PRICES končan: 352 vrstic v C:\Users\david\Desktop\PIM\NoviPIM\izvoz\magento\1
06:57:45     Izvoz profila MAGENTO_STOCK_PRICES končan: 2071 vrstic v C:\Users\david\Desktop\PIM\NoviPIM\izvoz\magento\2
06:57:49     Izvoz profila MAGENTO_STOCK_PRICES končan: 2488 vrstic v C:\Users\david\Desktop\PIM\NoviPIM\izvoz\magento\3
06:57:50     Izvoz profila MAGENTO_STOCK_PRICES končan: 0 vrstic v C:\Users\david\Desktop\PIM\NoviPIM\izvoz\magento\4
06:57:50     konec: Izvoz cen in zaloge za splet
06:57:50  Zalogovni cikel koncan; padlih korakov: 0.
07:02:26  == Zaloga NW_STOCK ==
07:02:27     SOURCE_FETCH: se ni na vrsti po razporedu; preskoceno.
07:02:28     Prebranih zapisov: 2763; SHA-256: d911aa6b3c89b23e2d5506c8bd27f83cb2aefd2119ff41f450c51e884722bef2
07:02:28     STOCK_FILE pri podjetju 1: se ni na vrsti po razporedu; preskoceno.
07:02:29     Prebranih zapisov: 2763; SHA-256: d911aa6b3c89b23e2d5506c8bd27f83cb2aefd2119ff41f450c51e884722bef2
07:02:29     STOCK_FILE pri podjetju 2: se ni na vrsti po razporedu; preskoceno.
07:02:30     Prebranih zapisov: 2763; SHA-256: d911aa6b3c89b23e2d5506c8bd27f83cb2aefd2119ff41f450c51e884722bef2
07:02:30     STOCK_FILE pri podjetju 3: se ni na vrsti po razporedu; preskoceno.
07:02:31     Prebranih zapisov: 2763; SHA-256: d911aa6b3c89b23e2d5506c8bd27f83cb2aefd2119ff41f450c51e884722bef2
07:02:31     STOCK_FILE pri podjetju 4: se ni na vrsti po razporedu; preskoceno.
07:02:31     konec: Zaloga NW_STOCK
07:02:31  == Zaloga BT_STOCK ==
07:02:32     [BT_STOCK] preskoceno: Razmik dobavitelja se tece; naslednji prenos po 3. 09. 2026 07:12.
07:02:32     Prevzem koncan: uspesno 0, neuspesno 0, skupaj virov 1.
07:02:33     Prebranih zapisov: 1389; SHA-256: 88b7c3e1f331eec94b93a68da91e45c3cb67f61785dc722e54236f147e3efb63
07:02:33     Ta posnetek je ze v bazi; vir=BT_STOCK, podjetje=1, cas posnetka=2026-09-02 16:39:55Z, uporabljenih=1389, v karanteni=0, RunId=e4912780-b225-4977-b541-4c5c7a771824. Zapisano ni bilo nic.
07:02:34     Prebranih zapisov: 1389; SHA-256: 88b7c3e1f331eec94b93a68da91e45c3cb67f61785dc722e54236f147e3efb63
07:02:34     Ta posnetek je ze v bazi; vir=BT_STOCK, podjetje=2, cas posnetka=2026-09-02 16:39:55Z, uporabljenih=1389, v karanteni=0, RunId=f1953183-3abf-42a5-91cd-1677b89581d1. Zapisano ni bilo nic.
07:02:35     Prebranih zapisov: 1389; SHA-256: 88b7c3e1f331eec94b93a68da91e45c3cb67f61785dc722e54236f147e3efb63
07:02:35     STOCK_FILE pri podjetju 3: se ni na vrsti po razporedu; preskoceno.
07:02:36     Prebranih zapisov: 1389; SHA-256: 88b7c3e1f331eec94b93a68da91e45c3cb67f61785dc722e54236f147e3efb63
07:02:36     STOCK_FILE pri podjetju 4: se ni na vrsti po razporedu; preskoceno.
07:02:36     konec: Zaloga BT_STOCK
07:02:36  == Zaloga iz SAOP (kolicine) ==
07:02:37     [1] SAOP_STOCK: se ni na vrsti po razporedu; preskoceno.
07:02:37     [2] SAOP_STOCK: se ni na vrsti po razporedu; preskoceno.
07:02:37     [3] SAOP_STOCK: se ni na vrsti po razporedu; preskoceno.
07:02:37     [4] SAOP_STOCK: se ni na vrsti po razporedu; preskoceno.
07:02:37     konec: Zaloga iz SAOP (kolicine)
07:02:37  == Izvoz cen in zaloge za splet ==
07:02:38     Izvoz profila MAGENTO_STOCK_PRICES končan: 352 vrstic v C:\Users\david\Desktop\PIM\NoviPIM\izvoz\magento\1
07:02:42     Izvoz profila MAGENTO_STOCK_PRICES končan: 2071 vrstic v C:\Users\david\Desktop\PIM\NoviPIM\izvoz\magento\2
07:02:46     Izvoz profila MAGENTO_STOCK_PRICES končan: 2488 vrstic v C:\Users\david\Desktop\PIM\NoviPIM\izvoz\magento\3
07:02:47     Izvoz profila MAGENTO_STOCK_PRICES končan: 0 vrstic v C:\Users\david\Desktop\PIM\NoviPIM\izvoz\magento\4
07:02:47     konec: Izvoz cen in zaloge za splet
07:02:47  Zalogovni cikel koncan; padlih korakov: 0.
07:07:26  == Zaloga NW_STOCK ==
07:07:27     SOURCE_FETCH: se ni na vrsti po razporedu; preskoceno.
07:07:28     Prebranih zapisov: 2763; SHA-256: d911aa6b3c89b23e2d5506c8bd27f83cb2aefd2119ff41f450c51e884722bef2
07:07:28     STOCK_FILE pri podjetju 1: se ni na vrsti po razporedu; preskoceno.
07:07:29     Prebranih zapisov: 2763; SHA-256: d911aa6b3c89b23e2d5506c8bd27f83cb2aefd2119ff41f450c51e884722bef2
07:07:29     STOCK_FILE pri podjetju 2: se ni na vrsti po razporedu; preskoceno.
07:07:30     Prebranih zapisov: 2763; SHA-256: d911aa6b3c89b23e2d5506c8bd27f83cb2aefd2119ff41f450c51e884722bef2
07:07:31     Zaloga zapisana; vir=NW_STOCK, podjetje=3, uporabljenih=2763, v karanteni=0, RunId=6801a9ee-dc21-4902-be47-89abf326fe58.
07:07:32     Prebranih zapisov: 2763; SHA-256: d911aa6b3c89b23e2d5506c8bd27f83cb2aefd2119ff41f450c51e884722bef2
07:07:33     Zaloga zapisana; vir=NW_STOCK, podjetje=4, uporabljenih=2763, v karanteni=0, RunId=634a04c5-957c-46b2-9d60-5f03d531827d.
07:07:33     konec: Zaloga NW_STOCK
07:07:33  == Zaloga BT_STOCK ==
07:07:34     [BT_STOCK] preskoceno: Razmik dobavitelja se tece; naslednji prenos po 3. 09. 2026 07:12.
07:07:34     Prevzem koncan: uspesno 0, neuspesno 0, skupaj virov 1.
07:07:35     Prebranih zapisov: 1389; SHA-256: 88b7c3e1f331eec94b93a68da91e45c3cb67f61785dc722e54236f147e3efb63
07:07:35     Ta posnetek je ze v bazi; vir=BT_STOCK, podjetje=1, cas posnetka=2026-09-02 16:39:55Z, uporabljenih=1389, v karanteni=0, RunId=e4912780-b225-4977-b541-4c5c7a771824. Zapisano ni bilo nic.
07:07:36     Prebranih zapisov: 1389; SHA-256: 88b7c3e1f331eec94b93a68da91e45c3cb67f61785dc722e54236f147e3efb63
07:07:36     Ta posnetek je ze v bazi; vir=BT_STOCK, podjetje=2, cas posnetka=2026-09-02 16:39:55Z, uporabljenih=1389, v karanteni=0, RunId=f1953183-3abf-42a5-91cd-1677b89581d1. Zapisano ni bilo nic.
07:07:37     Prebranih zapisov: 1389; SHA-256: 88b7c3e1f331eec94b93a68da91e45c3cb67f61785dc722e54236f147e3efb63
07:07:37     STOCK_FILE pri podjetju 3: se ni na vrsti po razporedu; preskoceno.
07:07:38     Prebranih zapisov: 1389; SHA-256: 88b7c3e1f331eec94b93a68da91e45c3cb67f61785dc722e54236f147e3efb63
07:07:38     STOCK_FILE pri podjetju 4: se ni na vrsti po razporedu; preskoceno.
07:07:38     konec: Zaloga BT_STOCK
07:07:38  == Zaloga iz SAOP (kolicine) ==
07:07:39     [1] SAOP_STOCK: se ni na vrsti po razporedu; preskoceno.
07:07:39     [2] SAOP_STOCK: se ni na vrsti po razporedu; preskoceno.
07:07:39     [3] SAOP_STOCK: se ni na vrsti po razporedu; preskoceno.
07:07:39     [4] SAOP_STOCK: se ni na vrsti po razporedu; preskoceno.
07:07:39     konec: Zaloga iz SAOP (kolicine)
07:07:39  == Izvoz cen in zaloge za splet ==
07:07:41     Izvoz profila MAGENTO_STOCK_PRICES končan: 352 vrstic v C:\Users\david\Desktop\PIM\NoviPIM\izvoz\magento\1
07:07:45     Izvoz profila MAGENTO_STOCK_PRICES končan: 2071 vrstic v C:\Users\david\Desktop\PIM\NoviPIM\izvoz\magento\2
07:07:48     Izvoz profila MAGENTO_STOCK_PRICES končan: 2488 vrstic v C:\Users\david\Desktop\PIM\NoviPIM\izvoz\magento\3
07:07:50     Izvoz profila MAGENTO_STOCK_PRICES končan: 0 vrstic v C:\Users\david\Desktop\PIM\NoviPIM\izvoz\magento\4
07:07:50     konec: Izvoz cen in zaloge za splet
07:07:50  Zalogovni cikel koncan; padlih korakov: 0.
07:12:27  == Zaloga NW_STOCK ==
07:12:28     SOURCE_FETCH: se ni na vrsti po razporedu; preskoceno.
07:12:29     Prebranih zapisov: 2763; SHA-256: d911aa6b3c89b23e2d5506c8bd27f83cb2aefd2119ff41f450c51e884722bef2
07:12:29     STOCK_FILE pri podjetju 1: se ni na vrsti po razporedu; preskoceno.
07:12:30     Prebranih zapisov: 2763; SHA-256: d911aa6b3c89b23e2d5506c8bd27f83cb2aefd2119ff41f450c51e884722bef2
07:12:30     STOCK_FILE pri podjetju 2: se ni na vrsti po razporedu; preskoceno.
07:12:31     Prebranih zapisov: 2763; SHA-256: d911aa6b3c89b23e2d5506c8bd27f83cb2aefd2119ff41f450c51e884722bef2
07:12:31     Ta posnetek je ze v bazi; vir=NW_STOCK, podjetje=3, cas posnetka=2026-09-03 04:57:28Z, uporabljenih=2763, v karanteni=0, RunId=6801a9ee-dc21-4902-be47-89abf326fe58. Zapisano ni bilo nic.
07:12:32     Prebranih zapisov: 2763; SHA-256: d911aa6b3c89b23e2d5506c8bd27f83cb2aefd2119ff41f450c51e884722bef2
07:12:32     Ta posnetek je ze v bazi; vir=NW_STOCK, podjetje=4, cas posnetka=2026-09-03 04:57:28Z, uporabljenih=2763, v karanteni=0, RunId=634a04c5-957c-46b2-9d60-5f03d531827d. Zapisano ni bilo nic.
07:12:32     konec: Zaloga NW_STOCK
07:12:32  == Zaloga BT_STOCK ==
07:12:33     SOURCE_FETCH: se ni na vrsti po razporedu; preskoceno.
07:12:34     Prebranih zapisov: 1389; SHA-256: 88b7c3e1f331eec94b93a68da91e45c3cb67f61785dc722e54236f147e3efb63
07:12:34     STOCK_FILE pri podjetju 1: se ni na vrsti po razporedu; preskoceno.
07:12:35     Prebranih zapisov: 1389; SHA-256: 88b7c3e1f331eec94b93a68da91e45c3cb67f61785dc722e54236f147e3efb63
07:12:35     STOCK_FILE pri podjetju 2: se ni na vrsti po razporedu; preskoceno.
07:12:36     Prebranih zapisov: 1389; SHA-256: 88b7c3e1f331eec94b93a68da91e45c3cb67f61785dc722e54236f147e3efb63
07:12:36     STOCK_FILE pri podjetju 3: se ni na vrsti po razporedu; preskoceno.
07:12:37     Prebranih zapisov: 1389; SHA-256: 88b7c3e1f331eec94b93a68da91e45c3cb67f61785dc722e54236f147e3efb63
07:12:37     STOCK_FILE pri podjetju 4: se ni na vrsti po razporedu; preskoceno.
07:12:37     konec: Zaloga BT_STOCK
07:12:37  == Zaloga iz SAOP (kolicine) ==
07:12:38     [1] SAOP_STOCK: se ni na vrsti po razporedu; preskoceno.
07:12:38     [2] SAOP_STOCK: se ni na vrsti po razporedu; preskoceno.
07:12:38     [3] SAOP_STOCK: se ni na vrsti po razporedu; preskoceno.
07:12:38     [4] SAOP_STOCK: se ni na vrsti po razporedu; preskoceno.
07:12:38     konec: Zaloga iz SAOP (kolicine)
07:12:38  == Izvoz cen in zaloge za splet ==
07:12:40     Izvoz profila MAGENTO_STOCK_PRICES končan: 352 vrstic v C:\Users\david\Desktop\PIM\NoviPIM\izvoz\magento\1
07:12:44     Izvoz profila MAGENTO_STOCK_PRICES končan: 2071 vrstic v C:\Users\david\Desktop\PIM\NoviPIM\izvoz\magento\2
07:12:48     Izvoz profila MAGENTO_STOCK_PRICES končan: 2488 vrstic v C:\Users\david\Desktop\PIM\NoviPIM\izvoz\magento\3
07:12:49     Izvoz profila MAGENTO_STOCK_PRICES končan: 0 vrstic v C:\Users\david\Desktop\PIM\NoviPIM\izvoz\magento\4
07:12:49     konec: Izvoz cen in zaloge za splet
07:12:49  Zalogovni cikel koncan; padlih korakov: 0.
07:17:26  == Zaloga NW_STOCK ==
07:17:27     [NW_STOCK] preskoceno: Razmik dobavitelja se tece; naslednji prenos po 3. 09. 2026 08:57.
07:17:27     Prevzem koncan: uspesno 0, neuspesno 0, skupaj virov 1.
07:17:28     Prebranih zapisov: 2763; SHA-256: d911aa6b3c89b23e2d5506c8bd27f83cb2aefd2119ff41f450c51e884722bef2
07:17:29     Ta posnetek je ze v bazi; vir=NW_STOCK, podjetje=1, cas posnetka=2026-09-03 04:57:28Z, uporabljenih=2763, v karanteni=0, RunId=18e167b4-2d6a-410f-bbda-6a5766d6f95f. Zapisano ni bilo nic.
07:17:29     Prebranih zapisov: 2763; SHA-256: d911aa6b3c89b23e2d5506c8bd27f83cb2aefd2119ff41f450c51e884722bef2
07:17:30     Ta posnetek je ze v bazi; vir=NW_STOCK, podjetje=2, cas posnetka=2026-09-03 04:57:28Z, uporabljenih=2763, v karanteni=0, RunId=f2f26761-6a93-4324-bb2c-ac9ac51c6803. Zapisano ni bilo nic.
07:17:30     Prebranih zapisov: 2763; SHA-256: d911aa6b3c89b23e2d5506c8bd27f83cb2aefd2119ff41f450c51e884722bef2
07:17:31     STOCK_FILE pri podjetju 3: se ni na vrsti po razporedu; preskoceno.
07:17:31     Prebranih zapisov: 2763; SHA-256: d911aa6b3c89b23e2d5506c8bd27f83cb2aefd2119ff41f450c51e884722bef2
07:17:32     STOCK_FILE pri podjetju 4: se ni na vrsti po razporedu; preskoceno.
07:17:32     konec: Zaloga NW_STOCK
07:17:32  == Zaloga BT_STOCK ==
07:17:33     SOURCE_FETCH: se ni na vrsti po razporedu; preskoceno.
07:17:33     Prebranih zapisov: 1389; SHA-256: 88b7c3e1f331eec94b93a68da91e45c3cb67f61785dc722e54236f147e3efb63
07:17:33     STOCK_FILE pri podjetju 1: se ni na vrsti po razporedu; preskoceno.
07:17:34     Prebranih zapisov: 1389; SHA-256: 88b7c3e1f331eec94b93a68da91e45c3cb67f61785dc722e54236f147e3efb63
07:17:35     STOCK_FILE pri podjetju 2: se ni na vrsti po razporedu; preskoceno.
07:17:35     Prebranih zapisov: 1389; SHA-256: 88b7c3e1f331eec94b93a68da91e45c3cb67f61785dc722e54236f147e3efb63
07:17:36     Ta posnetek je ze v bazi; vir=BT_STOCK, podjetje=3, cas posnetka=2026-09-02 16:39:55Z, uporabljenih=1389, v karanteni=0, RunId=680e3a50-81b6-4668-860d-52d0c1e429d4. Zapisano ni bilo nic.
07:17:38     Prebranih zapisov: 1389; SHA-256: 88b7c3e1f331eec94b93a68da91e45c3cb67f61785dc722e54236f147e3efb63
07:17:38     Ta posnetek je ze v bazi; vir=BT_STOCK, podjetje=4, cas posnetka=2026-09-02 16:39:55Z, uporabljenih=1389, v karanteni=0, RunId=79b3b0aa-02c9-4df1-aeae-e68412b1e9e4. Zapisano ni bilo nic.
07:17:38     konec: Zaloga BT_STOCK
07:17:38  == Zaloga iz SAOP (kolicine) ==
07:17:39     [1] SAOP_STOCK: se ni na vrsti po razporedu; preskoceno.
07:17:39     [2] SAOP_STOCK: se ni na vrsti po razporedu; preskoceno.
07:17:39     [3] SAOP_STOCK: se ni na vrsti po razporedu; preskoceno.
07:17:39     [4] SAOP_STOCK: se ni na vrsti po razporedu; preskoceno.
07:17:39     konec: Zaloga iz SAOP (kolicine)
07:17:39  == Izvoz cen in zaloge za splet ==
07:17:41     Izvoz profila MAGENTO_STOCK_PRICES končan: 352 vrstic v C:\Users\david\Desktop\PIM\NoviPIM\izvoz\magento\1
07:17:46     Izvoz profila MAGENTO_STOCK_PRICES končan: 2071 vrstic v C:\Users\david\Desktop\PIM\NoviPIM\izvoz\magento\2
07:17:50     Izvoz profila MAGENTO_STOCK_PRICES končan: 2488 vrstic v C:\Users\david\Desktop\PIM\NoviPIM\izvoz\magento\3
07:17:51     Izvoz profila MAGENTO_STOCK_PRICES končan: 0 vrstic v C:\Users\david\Desktop\PIM\NoviPIM\izvoz\magento\4
07:17:51     konec: Izvoz cen in zaloge za splet
07:17:51  Zalogovni cikel koncan; padlih korakov: 0.
07:22:27  == Zaloga NW_STOCK ==
07:22:28     [NW_STOCK] preskoceno: Razmik dobavitelja se tece; naslednji prenos po 3. 09. 2026 08:57.
07:22:28     Prevzem koncan: uspesno 0, neuspesno 0, skupaj virov 1.
07:22:28     Prebranih zapisov: 2763; SHA-256: d911aa6b3c89b23e2d5506c8bd27f83cb2aefd2119ff41f450c51e884722bef2
07:22:29     Ta posnetek je ze v bazi; vir=NW_STOCK, podjetje=1, cas posnetka=2026-09-03 04:57:28Z, uporabljenih=2763, v karanteni=0, RunId=18e167b4-2d6a-410f-bbda-6a5766d6f95f. Zapisano ni bilo nic.
07:22:30     Prebranih zapisov: 2763; SHA-256: d911aa6b3c89b23e2d5506c8bd27f83cb2aefd2119ff41f450c51e884722bef2
07:22:30     Ta posnetek je ze v bazi; vir=NW_STOCK, podjetje=2, cas posnetka=2026-09-03 04:57:28Z, uporabljenih=2763, v karanteni=0, RunId=f2f26761-6a93-4324-bb2c-ac9ac51c6803. Zapisano ni bilo nic.
07:22:31     Prebranih zapisov: 2763; SHA-256: d911aa6b3c89b23e2d5506c8bd27f83cb2aefd2119ff41f450c51e884722bef2
07:22:31     STOCK_FILE pri podjetju 3: se ni na vrsti po razporedu; preskoceno.
07:22:32     Prebranih zapisov: 2763; SHA-256: d911aa6b3c89b23e2d5506c8bd27f83cb2aefd2119ff41f450c51e884722bef2
07:22:32     STOCK_FILE pri podjetju 4: se ni na vrsti po razporedu; preskoceno.
07:22:32     konec: Zaloga NW_STOCK
07:22:32  == Zaloga BT_STOCK ==
07:22:33     SOURCE_FETCH: se ni na vrsti po razporedu; preskoceno.
07:22:34     Prebranih zapisov: 1389; SHA-256: 88b7c3e1f331eec94b93a68da91e45c3cb67f61785dc722e54236f147e3efb63
07:22:34     STOCK_FILE pri podjetju 1: se ni na vrsti po razporedu; preskoceno.
07:22:35     Prebranih zapisov: 1389; SHA-256: 88b7c3e1f331eec94b93a68da91e45c3cb67f61785dc722e54236f147e3efb63
07:22:35     STOCK_FILE pri podjetju 2: se ni na vrsti po razporedu; preskoceno.
07:22:36     Prebranih zapisov: 1389; SHA-256: 88b7c3e1f331eec94b93a68da91e45c3cb67f61785dc722e54236f147e3efb63
07:22:36     Ta posnetek je ze v bazi; vir=BT_STOCK, podjetje=3, cas posnetka=2026-09-02 16:39:55Z, uporabljenih=1389, v karanteni=0, RunId=680e3a50-81b6-4668-860d-52d0c1e429d4. Zapisano ni bilo nic.
07:22:37     Prebranih zapisov: 1389; SHA-256: 88b7c3e1f331eec94b93a68da91e45c3cb67f61785dc722e54236f147e3efb63
07:22:37     STOCK_FILE pri podjetju 4: se ni na vrsti po razporedu; preskoceno.
07:22:37     konec: Zaloga BT_STOCK
07:22:37  == Zaloga iz SAOP (kolicine) ==
07:22:39     [1] SAOP_STOCK: se ni na vrsti po razporedu; preskoceno.
07:22:39     [2] SAOP_STOCK: se ni na vrsti po razporedu; preskoceno.
07:22:39     [3] SAOP_STOCK: se ni na vrsti po razporedu; preskoceno.
07:22:39     [4] SAOP_STOCK: se ni na vrsti po razporedu; preskoceno.
07:22:39     konec: Zaloga iz SAOP (kolicine)
07:22:39  == Izvoz cen in zaloge za splet ==
07:22:41     Izvoz profila MAGENTO_STOCK_PRICES končan: 352 vrstic v C:\Users\david\Desktop\PIM\NoviPIM\izvoz\magento\1
07:22:47     Izvoz profila MAGENTO_STOCK_PRICES končan: 2071 vrstic v C:\Users\david\Desktop\PIM\NoviPIM\izvoz\magento\2
07:22:51     Izvoz profila MAGENTO_STOCK_PRICES končan: 2488 vrstic v C:\Users\david\Desktop\PIM\NoviPIM\izvoz\magento\3
07:22:52     Izvoz profila MAGENTO_STOCK_PRICES končan: 0 vrstic v C:\Users\david\Desktop\PIM\NoviPIM\izvoz\magento\4
07:22:52     konec: Izvoz cen in zaloge za splet
07:22:52  Zalogovni cikel koncan; padlih korakov: 0.
07:27:27  == Zaloga NW_STOCK ==
07:27:32     [NW_STOCK] preskoceno: Razmik dobavitelja se tece; naslednji prenos po 3. 09. 2026 08:57.
07:27:32     Prevzem koncan: uspesno 0, neuspesno 0, skupaj virov 1.
07:27:33     Prebranih zapisov: 2763; SHA-256: d911aa6b3c89b23e2d5506c8bd27f83cb2aefd2119ff41f450c51e884722bef2
07:27:34     Ta posnetek je ze v bazi; vir=NW_STOCK, podjetje=1, cas posnetka=2026-09-03 04:57:28Z, uporabljenih=2763, v karanteni=0, RunId=18e167b4-2d6a-410f-bbda-6a5766d6f95f. Zapisano ni bilo nic.
07:27:35     Prebranih zapisov: 2763; SHA-256: d911aa6b3c89b23e2d5506c8bd27f83cb2aefd2119ff41f450c51e884722bef2
07:27:35     Ta posnetek je ze v bazi; vir=NW_STOCK, podjetje=2, cas posnetka=2026-09-03 04:57:28Z, uporabljenih=2763, v karanteni=0, RunId=f2f26761-6a93-4324-bb2c-ac9ac51c6803. Zapisano ni bilo nic.
07:27:36     Prebranih zapisov: 2763; SHA-256: d911aa6b3c89b23e2d5506c8bd27f83cb2aefd2119ff41f450c51e884722bef2
07:27:36     STOCK_FILE pri podjetju 3: se ni na vrsti po razporedu; preskoceno.
07:27:37     Prebranih zapisov: 2763; SHA-256: d911aa6b3c89b23e2d5506c8bd27f83cb2aefd2119ff41f450c51e884722bef2
07:27:37     Ta posnetek je ze v bazi; vir=NW_STOCK, podjetje=4, cas posnetka=2026-09-03 04:57:28Z, uporabljenih=2763, v karanteni=0, RunId=634a04c5-957c-46b2-9d60-5f03d531827d. Zapisano ni bilo nic.
07:27:37     konec: Zaloga NW_STOCK
07:27:37  == Zaloga BT_STOCK ==
07:27:38     SOURCE_FETCH: se ni na vrsti po razporedu; preskoceno.
07:27:39     Prebranih zapisov: 1389; SHA-256: 88b7c3e1f331eec94b93a68da91e45c3cb67f61785dc722e54236f147e3efb63
07:27:39     STOCK_FILE pri podjetju 1: se ni na vrsti po razporedu; preskoceno.
07:27:40     Prebranih zapisov: 1389; SHA-256: 88b7c3e1f331eec94b93a68da91e45c3cb67f61785dc722e54236f147e3efb63
07:27:40     STOCK_FILE pri podjetju 2: se ni na vrsti po razporedu; preskoceno.
07:27:41     Prebranih zapisov: 1389; SHA-256: 88b7c3e1f331eec94b93a68da91e45c3cb67f61785dc722e54236f147e3efb63
07:27:41     Ta posnetek je ze v bazi; vir=BT_STOCK, podjetje=3, cas posnetka=2026-09-02 16:39:55Z, uporabljenih=1389, v karanteni=0, RunId=680e3a50-81b6-4668-860d-52d0c1e429d4. Zapisano ni bilo nic.
07:27:42     Prebranih zapisov: 1389; SHA-256: 88b7c3e1f331eec94b93a68da91e45c3cb67f61785dc722e54236f147e3efb63
07:27:42     STOCK_FILE pri podjetju 4: se ni na vrsti po razporedu; preskoceno.
07:27:42     konec: Zaloga BT_STOCK
07:27:42  == Zaloga iz SAOP (kolicine) ==
07:27:43     [1] SAOP_STOCK: se ni na vrsti po razporedu; preskoceno.
07:27:43     [2] SAOP_STOCK: se ni na vrsti po razporedu; preskoceno.
07:27:43     [3] SAOP_STOCK: se ni na vrsti po razporedu; preskoceno.
07:27:43     [4] SAOP_STOCK: se ni na vrsti po razporedu; preskoceno.
07:27:43     konec: Zaloga iz SAOP (kolicine)
07:27:43  == Izvoz cen in zaloge za splet ==
07:27:45     Izvoz profila MAGENTO_STOCK_PRICES končan: 352 vrstic v C:\Users\david\Desktop\PIM\NoviPIM\izvoz\magento\1
07:27:49     Izvoz profila MAGENTO_STOCK_PRICES končan: 2071 vrstic v C:\Users\david\Desktop\PIM\NoviPIM\izvoz\magento\2
07:27:53     Izvoz profila MAGENTO_STOCK_PRICES končan: 2488 vrstic v C:\Users\david\Desktop\PIM\NoviPIM\izvoz\magento\3
07:27:54     Izvoz profila MAGENTO_STOCK_PRICES končan: 0 vrstic v C:\Users\david\Desktop\PIM\NoviPIM\izvoz\magento\4
07:27:54     konec: Izvoz cen in zaloge za splet
07:27:54  Zalogovni cikel koncan; padlih korakov: 0.
07:32:26  == Zaloga NW_STOCK ==
07:32:27     SOURCE_FETCH: se ni na vrsti po razporedu; preskoceno.
07:32:28     Prebranih zapisov: 2763; SHA-256: d911aa6b3c89b23e2d5506c8bd27f83cb2aefd2119ff41f450c51e884722bef2
07:32:29     STOCK_FILE pri podjetju 1: se ni na vrsti po razporedu; preskoceno.
07:32:29     Prebranih zapisov: 2763; SHA-256: d911aa6b3c89b23e2d5506c8bd27f83cb2aefd2119ff41f450c51e884722bef2
07:32:29     STOCK_FILE pri podjetju 2: se ni na vrsti po razporedu; preskoceno.
07:32:30     Prebranih zapisov: 2763; SHA-256: d911aa6b3c89b23e2d5506c8bd27f83cb2aefd2119ff41f450c51e884722bef2
07:32:30     STOCK_FILE pri podjetju 3: se ni na vrsti po razporedu; preskoceno.
07:32:31     Prebranih zapisov: 2763; SHA-256: d911aa6b3c89b23e2d5506c8bd27f83cb2aefd2119ff41f450c51e884722bef2
07:32:31     STOCK_FILE pri podjetju 4: se ni na vrsti po razporedu; preskoceno.
07:32:31     konec: Zaloga NW_STOCK
07:32:31  == Zaloga BT_STOCK ==
07:32:34     [BT_STOCK] preskoceno: Dobaviteljeva datoteka je nespremenjena; obdrzimo prejsnjo.
07:32:34     Prevzem koncan: uspesno 0, neuspesno 0, skupaj virov 1.
07:32:35     Prebranih zapisov: 1389; SHA-256: 88b7c3e1f331eec94b93a68da91e45c3cb67f61785dc722e54236f147e3efb63
07:32:35     Ta posnetek je ze v bazi; vir=BT_STOCK, podjetje=1, cas posnetka=2026-09-02 16:39:55Z, uporabljenih=1389, v karanteni=0, RunId=e4912780-b225-4977-b541-4c5c7a771824. Zapisano ni bilo nic.
07:32:36     Prebranih zapisov: 1389; SHA-256: 88b7c3e1f331eec94b93a68da91e45c3cb67f61785dc722e54236f147e3efb63
07:32:36     Ta posnetek je ze v bazi; vir=BT_STOCK, podjetje=2, cas posnetka=2026-09-02 16:39:55Z, uporabljenih=1389, v karanteni=0, RunId=f1953183-3abf-42a5-91cd-1677b89581d1. Zapisano ni bilo nic.
07:32:37     Prebranih zapisov: 1389; SHA-256: 88b7c3e1f331eec94b93a68da91e45c3cb67f61785dc722e54236f147e3efb63
07:32:37     STOCK_FILE pri podjetju 3: se ni na vrsti po razporedu; preskoceno.
07:32:38     Prebranih zapisov: 1389; SHA-256: 88b7c3e1f331eec94b93a68da91e45c3cb67f61785dc722e54236f147e3efb63
07:32:38     Ta posnetek je ze v bazi; vir=BT_STOCK, podjetje=4, cas posnetka=2026-09-02 16:39:55Z, uporabljenih=1389, v karanteni=0, RunId=79b3b0aa-02c9-4df1-aeae-e68412b1e9e4. Zapisano ni bilo nic.
07:32:38     konec: Zaloga BT_STOCK
07:32:38  == Zaloga iz SAOP (kolicine) ==
07:32:39     [1] SAOP_STOCK: se ni na vrsti po razporedu; preskoceno.
07:32:39     [2] SAOP_STOCK: se ni na vrsti po razporedu; preskoceno.
07:32:39     [3] SAOP_STOCK: se ni na vrsti po razporedu; preskoceno.
07:32:39     [4] SAOP_STOCK: se ni na vrsti po razporedu; preskoceno.
07:32:39     konec: Zaloga iz SAOP (kolicine)
07:32:39  == Izvoz cen in zaloge za splet ==
07:32:41     Izvoz profila MAGENTO_STOCK_PRICES končan: 352 vrstic v C:\Users\david\Desktop\PIM\NoviPIM\izvoz\magento\1
07:32:45     Izvoz profila MAGENTO_STOCK_PRICES končan: 2071 vrstic v C:\Users\david\Desktop\PIM\NoviPIM\izvoz\magento\2
07:32:49     Izvoz profila MAGENTO_STOCK_PRICES končan: 2488 vrstic v C:\Users\david\Desktop\PIM\NoviPIM\izvoz\magento\3
07:32:50     Izvoz profila MAGENTO_STOCK_PRICES končan: 0 vrstic v C:\Users\david\Desktop\PIM\NoviPIM\izvoz\magento\4
07:32:50     konec: Izvoz cen in zaloge za splet
07:32:50  Zalogovni cikel koncan; padlih korakov: 0.
07:37:26  == Zaloga NW_STOCK ==
07:37:27     SOURCE_FETCH: se ni na vrsti po razporedu; preskoceno.
07:37:28     Prebranih zapisov: 2763; SHA-256: d911aa6b3c89b23e2d5506c8bd27f83cb2aefd2119ff41f450c51e884722bef2
07:37:28     STOCK_FILE pri podjetju 1: se ni na vrsti po razporedu; preskoceno.
07:37:29     Prebranih zapisov: 2763; SHA-256: d911aa6b3c89b23e2d5506c8bd27f83cb2aefd2119ff41f450c51e884722bef2
07:37:29     STOCK_FILE pri podjetju 2: se ni na vrsti po razporedu; preskoceno.
07:37:30     Prebranih zapisov: 2763; SHA-256: d911aa6b3c89b23e2d5506c8bd27f83cb2aefd2119ff41f450c51e884722bef2
07:37:30     Ta posnetek je ze v bazi; vir=NW_STOCK, podjetje=3, cas posnetka=2026-09-03 04:57:28Z, uporabljenih=2763, v karanteni=0, RunId=6801a9ee-dc21-4902-be47-89abf326fe58. Zapisano ni bilo nic.
07:37:31     Prebranih zapisov: 2763; SHA-256: d911aa6b3c89b23e2d5506c8bd27f83cb2aefd2119ff41f450c51e884722bef2
07:37:31     STOCK_FILE pri podjetju 4: se ni na vrsti po razporedu; preskoceno.
07:37:31     konec: Zaloga NW_STOCK
07:37:31  == Zaloga BT_STOCK ==
07:37:32     SOURCE_FETCH: se ni na vrsti po razporedu; preskoceno.
07:37:33     Prebranih zapisov: 1389; SHA-256: 88b7c3e1f331eec94b93a68da91e45c3cb67f61785dc722e54236f147e3efb63
07:37:33     STOCK_FILE pri podjetju 1: se ni na vrsti po razporedu; preskoceno.
07:37:34     Prebranih zapisov: 1389; SHA-256: 88b7c3e1f331eec94b93a68da91e45c3cb67f61785dc722e54236f147e3efb63
07:37:34     STOCK_FILE pri podjetju 2: se ni na vrsti po razporedu; preskoceno.
07:37:35     Prebranih zapisov: 1389; SHA-256: 88b7c3e1f331eec94b93a68da91e45c3cb67f61785dc722e54236f147e3efb63
07:37:35     STOCK_FILE pri podjetju 3: se ni na vrsti po razporedu; preskoceno.
07:37:36     Prebranih zapisov: 1389; SHA-256: 88b7c3e1f331eec94b93a68da91e45c3cb67f61785dc722e54236f147e3efb63
07:37:36     STOCK_FILE pri podjetju 4: se ni na vrsti po razporedu; preskoceno.
07:37:36     konec: Zaloga BT_STOCK
07:37:36  == Zaloga iz SAOP (kolicine) ==
07:37:37     [1] SAOP_STOCK: se ni na vrsti po razporedu; preskoceno.
07:37:37     [2] SAOP_STOCK: se ni na vrsti po razporedu; preskoceno.
07:37:37     [3] SAOP_STOCK: se ni na vrsti po razporedu; preskoceno.
07:37:37     [4] SAOP_STOCK: se ni na vrsti po razporedu; preskoceno.
07:37:37     konec: Zaloga iz SAOP (kolicine)
07:37:37  == Izvoz cen in zaloge za splet ==
07:37:38     Izvoz profila MAGENTO_STOCK_PRICES končan: 352 vrstic v C:\Users\david\Desktop\PIM\NoviPIM\izvoz\magento\1
07:37:42     Izvoz profila MAGENTO_STOCK_PRICES končan: 2071 vrstic v C:\Users\david\Desktop\PIM\NoviPIM\izvoz\magento\2
07:37:46     Izvoz profila MAGENTO_STOCK_PRICES končan: 2488 vrstic v C:\Users\david\Desktop\PIM\NoviPIM\izvoz\magento\3
07:37:47     Izvoz profila MAGENTO_STOCK_PRICES končan: 0 vrstic v C:\Users\david\Desktop\PIM\NoviPIM\izvoz\magento\4
07:37:47     konec: Izvoz cen in zaloge za splet
07:37:47  Zalogovni cikel koncan; padlih korakov: 0.
07:42:26  == Zaloga NW_STOCK ==
07:42:27     [NW_STOCK] preskoceno: Razmik dobavitelja se tece; naslednji prenos po 3. 09. 2026 08:57.
07:42:27     Prevzem koncan: uspesno 0, neuspesno 0, skupaj virov 1.
07:42:28     Prebranih zapisov: 2763; SHA-256: d911aa6b3c89b23e2d5506c8bd27f83cb2aefd2119ff41f450c51e884722bef2
07:42:29     Ta posnetek je ze v bazi; vir=NW_STOCK, podjetje=1, cas posnetka=2026-09-03 04:57:28Z, uporabljenih=2763, v karanteni=0, RunId=18e167b4-2d6a-410f-bbda-6a5766d6f95f. Zapisano ni bilo nic.
07:42:29     Prebranih zapisov: 2763; SHA-256: d911aa6b3c89b23e2d5506c8bd27f83cb2aefd2119ff41f450c51e884722bef2
07:42:30     Ta posnetek je ze v bazi; vir=NW_STOCK, podjetje=2, cas posnetka=2026-09-03 04:57:28Z, uporabljenih=2763, v karanteni=0, RunId=f2f26761-6a93-4324-bb2c-ac9ac51c6803. Zapisano ni bilo nic.
07:42:30     Prebranih zapisov: 2763; SHA-256: d911aa6b3c89b23e2d5506c8bd27f83cb2aefd2119ff41f450c51e884722bef2
07:42:31     Ta posnetek je ze v bazi; vir=NW_STOCK, podjetje=3, cas posnetka=2026-09-03 04:57:28Z, uporabljenih=2763, v karanteni=0, RunId=6801a9ee-dc21-4902-be47-89abf326fe58. Zapisano ni bilo nic.
07:42:31     Prebranih zapisov: 2763; SHA-256: d911aa6b3c89b23e2d5506c8bd27f83cb2aefd2119ff41f450c51e884722bef2
07:42:32     Ta posnetek je ze v bazi; vir=NW_STOCK, podjetje=4, cas posnetka=2026-09-03 04:57:28Z, uporabljenih=2763, v karanteni=0, RunId=634a04c5-957c-46b2-9d60-5f03d531827d. Zapisano ni bilo nic.
07:42:32     konec: Zaloga NW_STOCK
07:42:32  == Zaloga BT_STOCK ==
07:42:33     SOURCE_FETCH: se ni na vrsti po razporedu; preskoceno.
07:42:33     Prebranih zapisov: 1389; SHA-256: 88b7c3e1f331eec94b93a68da91e45c3cb67f61785dc722e54236f147e3efb63
07:42:34     STOCK_FILE pri podjetju 1: se ni na vrsti po razporedu; preskoceno.
07:42:34     Prebranih zapisov: 1389; SHA-256: 88b7c3e1f331eec94b93a68da91e45c3cb67f61785dc722e54236f147e3efb63
07:42:35     STOCK_FILE pri podjetju 2: se ni na vrsti po razporedu; preskoceno.
07:42:35     Prebranih zapisov: 1389; SHA-256: 88b7c3e1f331eec94b93a68da91e45c3cb67f61785dc722e54236f147e3efb63
07:42:36     STOCK_FILE pri podjetju 3: se ni na vrsti po razporedu; preskoceno.
07:42:36     Prebranih zapisov: 1389; SHA-256: 88b7c3e1f331eec94b93a68da91e45c3cb67f61785dc722e54236f147e3efb63
07:42:36     STOCK_FILE pri podjetju 4: se ni na vrsti po razporedu; preskoceno.
07:42:37     konec: Zaloga BT_STOCK
07:42:37  == Zaloga iz SAOP (kolicine) ==
07:42:37     [1] SAOP_STOCK: se ni na vrsti po razporedu; preskoceno.
07:42:37     [2] SAOP_STOCK: se ni na vrsti po razporedu; preskoceno.
07:42:37     [3] SAOP_STOCK: se ni na vrsti po razporedu; preskoceno.
07:42:37     [4] SAOP_STOCK: se ni na vrsti po razporedu; preskoceno.
07:42:38     konec: Zaloga iz SAOP (kolicine)
07:42:38  == Izvoz cen in zaloge za splet ==
07:42:39     Izvoz profila MAGENTO_STOCK_PRICES končan: 352 vrstic v C:\Users\david\Desktop\PIM\NoviPIM\izvoz\magento\1
07:42:43     Izvoz profila MAGENTO_STOCK_PRICES končan: 2071 vrstic v C:\Users\david\Desktop\PIM\NoviPIM\izvoz\magento\2
07:42:47     Izvoz profila MAGENTO_STOCK_PRICES končan: 2488 vrstic v C:\Users\david\Desktop\PIM\NoviPIM\izvoz\magento\3
07:42:48     Izvoz profila MAGENTO_STOCK_PRICES končan: 0 vrstic v C:\Users\david\Desktop\PIM\NoviPIM\izvoz\magento\4
07:42:48     konec: Izvoz cen in zaloge za splet
07:42:48  Zalogovni cikel koncan; padlih korakov: 0.
07:47:26  == Zaloga NW_STOCK ==
07:47:27     SOURCE_FETCH: se ni na vrsti po razporedu; preskoceno.
07:47:28     Prebranih zapisov: 2763; SHA-256: d911aa6b3c89b23e2d5506c8bd27f83cb2aefd2119ff41f450c51e884722bef2
07:47:28     STOCK_FILE pri podjetju 1: se ni na vrsti po razporedu; preskoceno.
07:47:29     Prebranih zapisov: 2763; SHA-256: d911aa6b3c89b23e2d5506c8bd27f83cb2aefd2119ff41f450c51e884722bef2
07:47:29     STOCK_FILE pri podjetju 2: se ni na vrsti po razporedu; preskoceno.
07:47:30     Prebranih zapisov: 2763; SHA-256: d911aa6b3c89b23e2d5506c8bd27f83cb2aefd2119ff41f450c51e884722bef2
07:47:30     STOCK_FILE pri podjetju 3: se ni na vrsti po razporedu; preskoceno.
07:47:31     Prebranih zapisov: 2763; SHA-256: d911aa6b3c89b23e2d5506c8bd27f83cb2aefd2119ff41f450c51e884722bef2
07:47:31     STOCK_FILE pri podjetju 4: se ni na vrsti po razporedu; preskoceno.
07:47:31     konec: Zaloga NW_STOCK
07:47:31  == Zaloga BT_STOCK ==
07:47:32     [BT_STOCK] preskoceno: Razmik dobavitelja se tece; naslednji prenos po 3. 09. 2026 10:32.
07:47:32     Prevzem koncan: uspesno 0, neuspesno 0, skupaj virov 1.
07:47:33     Prebranih zapisov: 1389; SHA-256: 88b7c3e1f331eec94b93a68da91e45c3cb67f61785dc722e54236f147e3efb63
07:47:33     Ta posnetek je ze v bazi; vir=BT_STOCK, podjetje=1, cas posnetka=2026-09-02 16:39:55Z, uporabljenih=1389, v karanteni=0, RunId=e4912780-b225-4977-b541-4c5c7a771824. Zapisano ni bilo nic.
07:47:34     Prebranih zapisov: 1389; SHA-256: 88b7c3e1f331eec94b93a68da91e45c3cb67f61785dc722e54236f147e3efb63
07:47:34     Ta posnetek je ze v bazi; vir=BT_STOCK, podjetje=2, cas posnetka=2026-09-02 16:39:55Z, uporabljenih=1389, v karanteni=0, RunId=f1953183-3abf-42a5-91cd-1677b89581d1. Zapisano ni bilo nic.
07:47:35     Prebranih zapisov: 1389; SHA-256: 88b7c3e1f331eec94b93a68da91e45c3cb67f61785dc722e54236f147e3efb63
07:47:35     Ta posnetek je ze v bazi; vir=BT_STOCK, podjetje=3, cas posnetka=2026-09-02 16:39:55Z, uporabljenih=1389, v karanteni=0, RunId=680e3a50-81b6-4668-860d-52d0c1e429d4. Zapisano ni bilo nic.
07:47:36     Prebranih zapisov: 1389; SHA-256: 88b7c3e1f331eec94b93a68da91e45c3cb67f61785dc722e54236f147e3efb63
07:47:36     Ta posnetek je ze v bazi; vir=BT_STOCK, podjetje=4, cas posnetka=2026-09-02 16:39:55Z, uporabljenih=1389, v karanteni=0, RunId=79b3b0aa-02c9-4df1-aeae-e68412b1e9e4. Zapisano ni bilo nic.
07:47:36     konec: Zaloga BT_STOCK
07:47:36  == Zaloga iz SAOP (kolicine) ==
07:47:37     [1] SAOP_STOCK: se ni na vrsti po razporedu; preskoceno.
07:47:37     [2] SAOP_STOCK: se ni na vrsti po razporedu; preskoceno.
07:47:37     [3] SAOP_STOCK: se ni na vrsti po razporedu; preskoceno.
07:47:37     [4] SAOP_STOCK: se ni na vrsti po razporedu; preskoceno.
07:47:37     konec: Zaloga iz SAOP (kolicine)
07:47:37  == Izvoz cen in zaloge za splet ==
07:47:39     Izvoz profila MAGENTO_STOCK_PRICES končan: 352 vrstic v C:\Users\david\Desktop\PIM\NoviPIM\izvoz\magento\1
07:47:43     Izvoz profila MAGENTO_STOCK_PRICES končan: 2071 vrstic v C:\Users\david\Desktop\PIM\NoviPIM\izvoz\magento\2
07:47:47     Izvoz profila MAGENTO_STOCK_PRICES končan: 2488 vrstic v C:\Users\david\Desktop\PIM\NoviPIM\izvoz\magento\3
07:47:48     Izvoz profila MAGENTO_STOCK_PRICES končan: 0 vrstic v C:\Users\david\Desktop\PIM\NoviPIM\izvoz\magento\4
07:47:48     konec: Izvoz cen in zaloge za splet
07:47:48  Zalogovni cikel koncan; padlih korakov: 0.
07:52:26  == Zaloga NW_STOCK ==
07:52:27     SOURCE_FETCH: se ni na vrsti po razporedu; preskoceno.
07:52:28     Prebranih zapisov: 2763; SHA-256: d911aa6b3c89b23e2d5506c8bd27f83cb2aefd2119ff41f450c51e884722bef2
07:52:28     STOCK_FILE pri podjetju 1: se ni na vrsti po razporedu; preskoceno.
07:52:29     Prebranih zapisov: 2763; SHA-256: d911aa6b3c89b23e2d5506c8bd27f83cb2aefd2119ff41f450c51e884722bef2
07:52:29     STOCK_FILE pri podjetju 2: se ni na vrsti po razporedu; preskoceno.
07:52:30     Prebranih zapisov: 2763; SHA-256: d911aa6b3c89b23e2d5506c8bd27f83cb2aefd2119ff41f450c51e884722bef2
07:52:30     STOCK_FILE pri podjetju 3: se ni na vrsti po razporedu; preskoceno.
07:52:31     Prebranih zapisov: 2763; SHA-256: d911aa6b3c89b23e2d5506c8bd27f83cb2aefd2119ff41f450c51e884722bef2
07:52:31     STOCK_FILE pri podjetju 4: se ni na vrsti po razporedu; preskoceno.
07:52:31     konec: Zaloga NW_STOCK
07:52:31  == Zaloga BT_STOCK ==
07:52:32     SOURCE_FETCH: se ni na vrsti po razporedu; preskoceno.
07:52:33     Prebranih zapisov: 1389; SHA-256: 88b7c3e1f331eec94b93a68da91e45c3cb67f61785dc722e54236f147e3efb63
07:52:33     STOCK_FILE pri podjetju 1: se ni na vrsti po razporedu; preskoceno.
07:52:34     Prebranih zapisov: 1389; SHA-256: 88b7c3e1f331eec94b93a68da91e45c3cb67f61785dc722e54236f147e3efb63
07:52:34     STOCK_FILE pri podjetju 2: se ni na vrsti po razporedu; preskoceno.
07:52:34     Prebranih zapisov: 1389; SHA-256: 88b7c3e1f331eec94b93a68da91e45c3cb67f61785dc722e54236f147e3efb63
07:52:35     STOCK_FILE pri podjetju 3: se ni na vrsti po razporedu; preskoceno.
07:52:35     Prebranih zapisov: 1389; SHA-256: 88b7c3e1f331eec94b93a68da91e45c3cb67f61785dc722e54236f147e3efb63
07:52:36     STOCK_FILE pri podjetju 4: se ni na vrsti po razporedu; preskoceno.
07:52:36     konec: Zaloga BT_STOCK
07:52:36  == Zaloga iz SAOP (kolicine) ==
07:52:37     [1] SAOP_STOCK: se ni na vrsti po razporedu; preskoceno.
07:52:37     [2] SAOP_STOCK: se ni na vrsti po razporedu; preskoceno.
07:52:37     [3] SAOP_STOCK: se ni na vrsti po razporedu; preskoceno.
07:52:37     [4] SAOP_STOCK: se ni na vrsti po razporedu; preskoceno.
07:52:37     konec: Zaloga iz SAOP (kolicine)
07:52:37  == Izvoz cen in zaloge za splet ==
07:52:38     Izvoz profila MAGENTO_STOCK_PRICES končan: 352 vrstic v C:\Users\david\Desktop\PIM\NoviPIM\izvoz\magento\1
07:52:42     Izvoz profila MAGENTO_STOCK_PRICES končan: 2071 vrstic v C:\Users\david\Desktop\PIM\NoviPIM\izvoz\magento\2
07:52:46     Izvoz profila MAGENTO_STOCK_PRICES končan: 2488 vrstic v C:\Users\david\Desktop\PIM\NoviPIM\izvoz\magento\3
07:52:47     Izvoz profila MAGENTO_STOCK_PRICES končan: 0 vrstic v C:\Users\david\Desktop\PIM\NoviPIM\izvoz\magento\4
07:52:47     konec: Izvoz cen in zaloge za splet
07:52:47  Zalogovni cikel koncan; padlih korakov: 0.
07:57:26  == Zaloga NW_STOCK ==
07:57:27     [NW_STOCK] preskoceno: Razmik dobavitelja se tece; naslednji prenos po 3. 09. 2026 08:57.
07:57:27     Prevzem koncan: uspesno 0, neuspesno 0, skupaj virov 1.
07:57:28     Prebranih zapisov: 2763; SHA-256: d911aa6b3c89b23e2d5506c8bd27f83cb2aefd2119ff41f450c51e884722bef2
07:57:28     Ta posnetek je ze v bazi; vir=NW_STOCK, podjetje=1, cas posnetka=2026-09-03 04:57:28Z, uporabljenih=2763, v karanteni=0, RunId=18e167b4-2d6a-410f-bbda-6a5766d6f95f. Zapisano ni bilo nic.
07:57:29     Prebranih zapisov: 2763; SHA-256: d911aa6b3c89b23e2d5506c8bd27f83cb2aefd2119ff41f450c51e884722bef2
07:57:29     Ta posnetek je ze v bazi; vir=NW_STOCK, podjetje=2, cas posnetka=2026-09-03 04:57:28Z, uporabljenih=2763, v karanteni=0, RunId=f2f26761-6a93-4324-bb2c-ac9ac51c6803. Zapisano ni bilo nic.
07:57:30     Prebranih zapisov: 2763; SHA-256: d911aa6b3c89b23e2d5506c8bd27f83cb2aefd2119ff41f450c51e884722bef2
07:57:30     Ta posnetek je ze v bazi; vir=NW_STOCK, podjetje=3, cas posnetka=2026-09-03 04:57:28Z, uporabljenih=2763, v karanteni=0, RunId=6801a9ee-dc21-4902-be47-89abf326fe58. Zapisano ni bilo nic.
07:57:31     Prebranih zapisov: 2763; SHA-256: d911aa6b3c89b23e2d5506c8bd27f83cb2aefd2119ff41f450c51e884722bef2
07:57:31     Ta posnetek je ze v bazi; vir=NW_STOCK, podjetje=4, cas posnetka=2026-09-03 04:57:28Z, uporabljenih=2763, v karanteni=0, RunId=634a04c5-957c-46b2-9d60-5f03d531827d. Zapisano ni bilo nic.
07:57:31     konec: Zaloga NW_STOCK
07:57:31  == Zaloga BT_STOCK ==
07:57:32     SOURCE_FETCH: se ni na vrsti po razporedu; preskoceno.
07:57:33     Prebranih zapisov: 1389; SHA-256: 88b7c3e1f331eec94b93a68da91e45c3cb67f61785dc722e54236f147e3efb63
07:57:33     STOCK_FILE pri podjetju 1: se ni na vrsti po razporedu; preskoceno.
07:57:34     Prebranih zapisov: 1389; SHA-256: 88b7c3e1f331eec94b93a68da91e45c3cb67f61785dc722e54236f147e3efb63
07:57:34     STOCK_FILE pri podjetju 2: se ni na vrsti po razporedu; preskoceno.
07:57:35     Prebranih zapisov: 1389; SHA-256: 88b7c3e1f331eec94b93a68da91e45c3cb67f61785dc722e54236f147e3efb63
07:57:35     STOCK_FILE pri podjetju 3: se ni na vrsti po razporedu; preskoceno.
07:57:36     Prebranih zapisov: 1389; SHA-256: 88b7c3e1f331eec94b93a68da91e45c3cb67f61785dc722e54236f147e3efb63
07:57:36     STOCK_FILE pri podjetju 4: se ni na vrsti po razporedu; preskoceno.
07:57:36     konec: Zaloga BT_STOCK
07:57:36  == Zaloga iz SAOP (kolicine) ==
07:57:37     [1] SAOP_STOCK: se ni na vrsti po razporedu; preskoceno.
07:57:37     [2] SAOP_STOCK: se ni na vrsti po razporedu; preskoceno.
07:57:37     [3] SAOP_STOCK: se ni na vrsti po razporedu; preskoceno.
07:57:37     [4] SAOP_STOCK: se ni na vrsti po razporedu; preskoceno.
07:57:37     konec: Zaloga iz SAOP (kolicine)
07:57:37  == Izvoz cen in zaloge za splet ==
07:57:39     Izvoz profila MAGENTO_STOCK_PRICES končan: 352 vrstic v C:\Users\david\Desktop\PIM\NoviPIM\izvoz\magento\1
07:57:42     Izvoz profila MAGENTO_STOCK_PRICES končan: 2071 vrstic v C:\Users\david\Desktop\PIM\NoviPIM\izvoz\magento\2
07:57:46     Izvoz profila MAGENTO_STOCK_PRICES končan: 2488 vrstic v C:\Users\david\Desktop\PIM\NoviPIM\izvoz\magento\3
07:57:47     Izvoz profila MAGENTO_STOCK_PRICES končan: 0 vrstic v C:\Users\david\Desktop\PIM\NoviPIM\izvoz\magento\4
07:57:47     konec: Izvoz cen in zaloge za splet
07:57:47  Zalogovni cikel koncan; padlih korakov: 0.
08:02:26  == Zaloga NW_STOCK ==
08:02:27     [NW_STOCK] preskoceno: Razmik dobavitelja se tece; naslednji prenos po 3. 09. 2026 08:57.
08:02:27     Prevzem koncan: uspesno 0, neuspesno 0, skupaj virov 1.
08:02:28     Prebranih zapisov: 2763; SHA-256: d911aa6b3c89b23e2d5506c8bd27f83cb2aefd2119ff41f450c51e884722bef2
08:02:28     Ta posnetek je ze v bazi; vir=NW_STOCK, podjetje=1, cas posnetka=2026-09-03 04:57:28Z, uporabljenih=2763, v karanteni=0, RunId=18e167b4-2d6a-410f-bbda-6a5766d6f95f. Zapisano ni bilo nic.
08:02:29     Prebranih zapisov: 2763; SHA-256: d911aa6b3c89b23e2d5506c8bd27f83cb2aefd2119ff41f450c51e884722bef2
08:02:29     Ta posnetek je ze v bazi; vir=NW_STOCK, podjetje=2, cas posnetka=2026-09-03 04:57:28Z, uporabljenih=2763, v karanteni=0, RunId=f2f26761-6a93-4324-bb2c-ac9ac51c6803. Zapisano ni bilo nic.
08:02:30     Prebranih zapisov: 2763; SHA-256: d911aa6b3c89b23e2d5506c8bd27f83cb2aefd2119ff41f450c51e884722bef2
08:02:30     Ta posnetek je ze v bazi; vir=NW_STOCK, podjetje=3, cas posnetka=2026-09-03 04:57:28Z, uporabljenih=2763, v karanteni=0, RunId=6801a9ee-dc21-4902-be47-89abf326fe58. Zapisano ni bilo nic.
08:02:31     Prebranih zapisov: 2763; SHA-256: d911aa6b3c89b23e2d5506c8bd27f83cb2aefd2119ff41f450c51e884722bef2
08:02:31     Ta posnetek je ze v bazi; vir=NW_STOCK, podjetje=4, cas posnetka=2026-09-03 04:57:28Z, uporabljenih=2763, v karanteni=0, RunId=634a04c5-957c-46b2-9d60-5f03d531827d. Zapisano ni bilo nic.
08:02:31     konec: Zaloga NW_STOCK
08:02:31  == Zaloga BT_STOCK ==
08:02:32     SOURCE_FETCH: se ni na vrsti po razporedu; preskoceno.
08:02:33     Prebranih zapisov: 1389; SHA-256: 88b7c3e1f331eec94b93a68da91e45c3cb67f61785dc722e54236f147e3efb63
08:02:33     STOCK_FILE pri podjetju 1: se ni na vrsti po razporedu; preskoceno.
08:02:34     Prebranih zapisov: 1389; SHA-256: 88b7c3e1f331eec94b93a68da91e45c3cb67f61785dc722e54236f147e3efb63
08:02:34     STOCK_FILE pri podjetju 2: se ni na vrsti po razporedu; preskoceno.
08:02:35     Prebranih zapisov: 1389; SHA-256: 88b7c3e1f331eec94b93a68da91e45c3cb67f61785dc722e54236f147e3efb63
08:02:35     STOCK_FILE pri podjetju 3: se ni na vrsti po razporedu; preskoceno.
08:02:36     Prebranih zapisov: 1389; SHA-256: 88b7c3e1f331eec94b93a68da91e45c3cb67f61785dc722e54236f147e3efb63
08:02:36     STOCK_FILE pri podjetju 4: se ni na vrsti po razporedu; preskoceno.
08:02:36     konec: Zaloga BT_STOCK
08:02:36  == Zaloga iz SAOP (kolicine) ==
08:02:37     [1] SAOP_STOCK: se ni na vrsti po razporedu; preskoceno.
08:02:37     [2] SAOP_STOCK: se ni na vrsti po razporedu; preskoceno.
08:02:37     [3] SAOP_STOCK: se ni na vrsti po razporedu; preskoceno.
08:02:37     [4] SAOP_STOCK: se ni na vrsti po razporedu; preskoceno.
08:02:37     konec: Zaloga iz SAOP (kolicine)
08:02:37  == Izvoz cen in zaloge za splet ==
08:02:39     Izvoz profila MAGENTO_STOCK_PRICES končan: 352 vrstic v C:\Users\david\Desktop\PIM\NoviPIM\izvoz\magento\1
08:02:43     Izvoz profila MAGENTO_STOCK_PRICES končan: 2071 vrstic v C:\Users\david\Desktop\PIM\NoviPIM\izvoz\magento\2
08:02:47     Izvoz profila MAGENTO_STOCK_PRICES končan: 2488 vrstic v C:\Users\david\Desktop\PIM\NoviPIM\izvoz\magento\3
08:02:48     Izvoz profila MAGENTO_STOCK_PRICES končan: 0 vrstic v C:\Users\david\Desktop\PIM\NoviPIM\izvoz\magento\4
08:02:49     konec: Izvoz cen in zaloge za splet
08:02:49  Zalogovni cikel koncan; padlih korakov: 0.
08:07:28  == Zaloga NW_STOCK ==
08:07:30     [NW_STOCK] preskoceno: Razmik dobavitelja se tece; naslednji prenos po 3. 09. 2026 08:57.
08:07:30     Prevzem koncan: uspesno 0, neuspesno 0, skupaj virov 1.
08:07:31     Prebranih zapisov: 2763; SHA-256: d911aa6b3c89b23e2d5506c8bd27f83cb2aefd2119ff41f450c51e884722bef2
08:07:31     Ta posnetek je ze v bazi; vir=NW_STOCK, podjetje=1, cas posnetka=2026-09-03 04:57:28Z, uporabljenih=2763, v karanteni=0, RunId=18e167b4-2d6a-410f-bbda-6a5766d6f95f. Zapisano ni bilo nic.
08:07:32     Prebranih zapisov: 2763; SHA-256: d911aa6b3c89b23e2d5506c8bd27f83cb2aefd2119ff41f450c51e884722bef2
08:07:32     Ta posnetek je ze v bazi; vir=NW_STOCK, podjetje=2, cas posnetka=2026-09-03 04:57:28Z, uporabljenih=2763, v karanteni=0, RunId=f2f26761-6a93-4324-bb2c-ac9ac51c6803. Zapisano ni bilo nic.
08:07:33     Prebranih zapisov: 2763; SHA-256: d911aa6b3c89b23e2d5506c8bd27f83cb2aefd2119ff41f450c51e884722bef2
08:07:33     Ta posnetek je ze v bazi; vir=NW_STOCK, podjetje=3, cas posnetka=2026-09-03 04:57:28Z, uporabljenih=2763, v karanteni=0, RunId=6801a9ee-dc21-4902-be47-89abf326fe58. Zapisano ni bilo nic.
08:07:34     Prebranih zapisov: 2763; SHA-256: d911aa6b3c89b23e2d5506c8bd27f83cb2aefd2119ff41f450c51e884722bef2
08:07:35     Ta posnetek je ze v bazi; vir=NW_STOCK, podjetje=4, cas posnetka=2026-09-03 04:57:28Z, uporabljenih=2763, v karanteni=0, RunId=634a04c5-957c-46b2-9d60-5f03d531827d. Zapisano ni bilo nic.
08:07:35     konec: Zaloga NW_STOCK
08:07:35  == Zaloga BT_STOCK ==
08:07:36     SOURCE_FETCH: se ni na vrsti po razporedu; preskoceno.
08:07:36     Prebranih zapisov: 1389; SHA-256: 88b7c3e1f331eec94b93a68da91e45c3cb67f61785dc722e54236f147e3efb63
08:07:37     STOCK_FILE pri podjetju 1: se ni na vrsti po razporedu; preskoceno.
08:07:38     Prebranih zapisov: 1389; SHA-256: 88b7c3e1f331eec94b93a68da91e45c3cb67f61785dc722e54236f147e3efb63
08:07:38     STOCK_FILE pri podjetju 2: se ni na vrsti po razporedu; preskoceno.
08:07:39     Prebranih zapisov: 1389; SHA-256: 88b7c3e1f331eec94b93a68da91e45c3cb67f61785dc722e54236f147e3efb63
08:07:39     STOCK_FILE pri podjetju 3: se ni na vrsti po razporedu; preskoceno.
08:07:40     Prebranih zapisov: 1389; SHA-256: 88b7c3e1f331eec94b93a68da91e45c3cb67f61785dc722e54236f147e3efb63
08:07:40     STOCK_FILE pri podjetju 4: se ni na vrsti po razporedu; preskoceno.
08:07:40     konec: Zaloga BT_STOCK
08:07:40  == Zaloga iz SAOP (kolicine) ==
08:07:41     [1] SAOP_STOCK: se ni na vrsti po razporedu; preskoceno.
08:07:41     [2] SAOP_STOCK: se ni na vrsti po razporedu; preskoceno.
08:07:41     [3] SAOP_STOCK: se ni na vrsti po razporedu; preskoceno.
08:07:41     [4] SAOP_STOCK: se ni na vrsti po razporedu; preskoceno.
08:07:41     konec: Zaloga iz SAOP (kolicine)
08:07:41  == Izvoz cen in zaloge za splet ==
08:07:43     Izvoz profila MAGENTO_STOCK_PRICES končan: 352 vrstic v C:\Users\david\Desktop\PIM\NoviPIM\izvoz\magento\1
08:07:47     Izvoz profila MAGENTO_STOCK_PRICES končan: 2071 vrstic v C:\Users\david\Desktop\PIM\NoviPIM\izvoz\magento\2
08:07:51     Izvoz profila MAGENTO_STOCK_PRICES končan: 2488 vrstic v C:\Users\david\Desktop\PIM\NoviPIM\izvoz\magento\3
08:07:52     Izvoz profila MAGENTO_STOCK_PRICES končan: 0 vrstic v C:\Users\david\Desktop\PIM\NoviPIM\izvoz\magento\4
08:07:52     konec: Izvoz cen in zaloge za splet
08:07:52  Zalogovni cikel koncan; padlih korakov: 0.
08:12:26  == Zaloga NW_STOCK ==
08:12:27     SOURCE_FETCH: se ni na vrsti po razporedu; preskoceno.
08:12:28     Prebranih zapisov: 2763; SHA-256: d911aa6b3c89b23e2d5506c8bd27f83cb2aefd2119ff41f450c51e884722bef2
08:12:28     STOCK_FILE pri podjetju 1: se ni na vrsti po razporedu; preskoceno.
08:12:29     Prebranih zapisov: 2763; SHA-256: d911aa6b3c89b23e2d5506c8bd27f83cb2aefd2119ff41f450c51e884722bef2
08:12:29     STOCK_FILE pri podjetju 2: se ni na vrsti po razporedu; preskoceno.
08:12:30     Prebranih zapisov: 2763; SHA-256: d911aa6b3c89b23e2d5506c8bd27f83cb2aefd2119ff41f450c51e884722bef2
08:12:30     STOCK_FILE pri podjetju 3: se ni na vrsti po razporedu; preskoceno.
08:12:31     Prebranih zapisov: 2763; SHA-256: d911aa6b3c89b23e2d5506c8bd27f83cb2aefd2119ff41f450c51e884722bef2
08:12:31     STOCK_FILE pri podjetju 4: se ni na vrsti po razporedu; preskoceno.
08:12:31     konec: Zaloga NW_STOCK
08:12:31  == Zaloga BT_STOCK ==
08:12:32     [BT_STOCK] preskoceno: Razmik dobavitelja se tece; naslednji prenos po 3. 09. 2026 10:32.
08:12:32     Prevzem koncan: uspesno 0, neuspesno 0, skupaj virov 1.
08:12:33     Prebranih zapisov: 1389; SHA-256: 88b7c3e1f331eec94b93a68da91e45c3cb67f61785dc722e54236f147e3efb63
08:12:33     Ta posnetek je ze v bazi; vir=BT_STOCK, podjetje=1, cas posnetka=2026-09-02 16:39:55Z, uporabljenih=1389, v karanteni=0, RunId=e4912780-b225-4977-b541-4c5c7a771824. Zapisano ni bilo nic.
08:12:34     Prebranih zapisov: 1389; SHA-256: 88b7c3e1f331eec94b93a68da91e45c3cb67f61785dc722e54236f147e3efb63
08:12:34     Ta posnetek je ze v bazi; vir=BT_STOCK, podjetje=2, cas posnetka=2026-09-02 16:39:55Z, uporabljenih=1389, v karanteni=0, RunId=f1953183-3abf-42a5-91cd-1677b89581d1. Zapisano ni bilo nic.
08:12:35     Prebranih zapisov: 1389; SHA-256: 88b7c3e1f331eec94b93a68da91e45c3cb67f61785dc722e54236f147e3efb63
08:12:35     Ta posnetek je ze v bazi; vir=BT_STOCK, podjetje=3, cas posnetka=2026-09-02 16:39:55Z, uporabljenih=1389, v karanteni=0, RunId=680e3a50-81b6-4668-860d-52d0c1e429d4. Zapisano ni bilo nic.
08:12:36     Prebranih zapisov: 1389; SHA-256: 88b7c3e1f331eec94b93a68da91e45c3cb67f61785dc722e54236f147e3efb63
08:12:36     Ta posnetek je ze v bazi; vir=BT_STOCK, podjetje=4, cas posnetka=2026-09-02 16:39:55Z, uporabljenih=1389, v karanteni=0, RunId=79b3b0aa-02c9-4df1-aeae-e68412b1e9e4. Zapisano ni bilo nic.
08:12:36     konec: Zaloga BT_STOCK
08:12:36  == Zaloga iz SAOP (kolicine) ==
08:12:37     [1] SAOP_STOCK: se ni na vrsti po razporedu; preskoceno.
08:12:37     [2] SAOP_STOCK: se ni na vrsti po razporedu; preskoceno.
08:12:37     [3] SAOP_STOCK: se ni na vrsti po razporedu; preskoceno.
08:12:37     [4] SAOP_STOCK: se ni na vrsti po razporedu; preskoceno.
08:12:37     konec: Zaloga iz SAOP (kolicine)
08:12:37  == Izvoz cen in zaloge za splet ==
08:12:39     Izvoz profila MAGENTO_STOCK_PRICES končan: 352 vrstic v C:\Users\david\Desktop\PIM\NoviPIM\izvoz\magento\1
08:12:42     Izvoz profila MAGENTO_STOCK_PRICES končan: 2071 vrstic v C:\Users\david\Desktop\PIM\NoviPIM\izvoz\magento\2
08:12:46     Izvoz profila MAGENTO_STOCK_PRICES končan: 2488 vrstic v C:\Users\david\Desktop\PIM\NoviPIM\izvoz\magento\3
08:12:47     Izvoz profila MAGENTO_STOCK_PRICES končan: 0 vrstic v C:\Users\david\Desktop\PIM\NoviPIM\izvoz\magento\4
08:12:47     konec: Izvoz cen in zaloge za splet
08:12:47  Zalogovni cikel koncan; padlih korakov: 0.
08:17:26  == Zaloga NW_STOCK ==
08:17:27     SOURCE_FETCH: se ni na vrsti po razporedu; preskoceno.
08:17:28     Prebranih zapisov: 2763; SHA-256: d911aa6b3c89b23e2d5506c8bd27f83cb2aefd2119ff41f450c51e884722bef2
08:17:28     STOCK_FILE pri podjetju 1: se ni na vrsti po razporedu; preskoceno.
08:17:29     Prebranih zapisov: 2763; SHA-256: d911aa6b3c89b23e2d5506c8bd27f83cb2aefd2119ff41f450c51e884722bef2
08:17:29     STOCK_FILE pri podjetju 2: se ni na vrsti po razporedu; preskoceno.
08:17:30     Prebranih zapisov: 2763; SHA-256: d911aa6b3c89b23e2d5506c8bd27f83cb2aefd2119ff41f450c51e884722bef2
08:17:30     STOCK_FILE pri podjetju 3: se ni na vrsti po razporedu; preskoceno.
08:17:31     Prebranih zapisov: 2763; SHA-256: d911aa6b3c89b23e2d5506c8bd27f83cb2aefd2119ff41f450c51e884722bef2
08:17:31     STOCK_FILE pri podjetju 4: se ni na vrsti po razporedu; preskoceno.
08:17:31     konec: Zaloga NW_STOCK
08:17:31  == Zaloga BT_STOCK ==
08:17:32     [BT_STOCK] preskoceno: Razmik dobavitelja se tece; naslednji prenos po 3. 09. 2026 10:32.
08:17:32     Prevzem koncan: uspesno 0, neuspesno 0, skupaj virov 1.
08:17:33     Prebranih zapisov: 1389; SHA-256: 88b7c3e1f331eec94b93a68da91e45c3cb67f61785dc722e54236f147e3efb63
08:17:33     Ta posnetek je ze v bazi; vir=BT_STOCK, podjetje=1, cas posnetka=2026-09-02 16:39:55Z, uporabljenih=1389, v karanteni=0, RunId=e4912780-b225-4977-b541-4c5c7a771824. Zapisano ni bilo nic.
08:17:34     Prebranih zapisov: 1389; SHA-256: 88b7c3e1f331eec94b93a68da91e45c3cb67f61785dc722e54236f147e3efb63
08:17:34     Ta posnetek je ze v bazi; vir=BT_STOCK, podjetje=2, cas posnetka=2026-09-02 16:39:55Z, uporabljenih=1389, v karanteni=0, RunId=f1953183-3abf-42a5-91cd-1677b89581d1. Zapisano ni bilo nic.
08:17:35     Prebranih zapisov: 1389; SHA-256: 88b7c3e1f331eec94b93a68da91e45c3cb67f61785dc722e54236f147e3efb63
08:17:35     Ta posnetek je ze v bazi; vir=BT_STOCK, podjetje=3, cas posnetka=2026-09-02 16:39:55Z, uporabljenih=1389, v karanteni=0, RunId=680e3a50-81b6-4668-860d-52d0c1e429d4. Zapisano ni bilo nic.
08:17:36     Prebranih zapisov: 1389; SHA-256: 88b7c3e1f331eec94b93a68da91e45c3cb67f61785dc722e54236f147e3efb63
08:17:36     Ta posnetek je ze v bazi; vir=BT_STOCK, podjetje=4, cas posnetka=2026-09-02 16:39:55Z, uporabljenih=1389, v karanteni=0, RunId=79b3b0aa-02c9-4df1-aeae-e68412b1e9e4. Zapisano ni bilo nic.
08:17:36     konec: Zaloga BT_STOCK
08:17:36  == Zaloga iz SAOP (kolicine) ==
08:17:37     [1] SAOP_STOCK: se ni na vrsti po razporedu; preskoceno.
08:17:37     [2] SAOP_STOCK: se ni na vrsti po razporedu; preskoceno.
08:17:37     [3] SAOP_STOCK: se ni na vrsti po razporedu; preskoceno.
08:17:37     [4] SAOP_STOCK: se ni na vrsti po razporedu; preskoceno.
08:17:37     konec: Zaloga iz SAOP (kolicine)
08:17:37  == Izvoz cen in zaloge za splet ==
08:17:39     Izvoz profila MAGENTO_STOCK_PRICES končan: 352 vrstic v C:\Users\david\Desktop\PIM\NoviPIM\izvoz\magento\1
08:17:43     Izvoz profila MAGENTO_STOCK_PRICES končan: 2071 vrstic v C:\Users\david\Desktop\PIM\NoviPIM\izvoz\magento\2
08:17:46     Izvoz profila MAGENTO_STOCK_PRICES končan: 2488 vrstic v C:\Users\david\Desktop\PIM\NoviPIM\izvoz\magento\3
08:17:48     Izvoz profila MAGENTO_STOCK_PRICES končan: 0 vrstic v C:\Users\david\Desktop\PIM\NoviPIM\izvoz\magento\4
08:17:48     konec: Izvoz cen in zaloge za splet
08:17:48  Zalogovni cikel koncan; padlih korakov: 0.
08:22:26  == Zaloga NW_STOCK ==
08:22:27     SOURCE_FETCH: se ni na vrsti po razporedu; preskoceno.
08:22:28     Prebranih zapisov: 2763; SHA-256: d911aa6b3c89b23e2d5506c8bd27f83cb2aefd2119ff41f450c51e884722bef2
08:22:28     STOCK_FILE pri podjetju 1: se ni na vrsti po razporedu; preskoceno.
08:22:29     Prebranih zapisov: 2763; SHA-256: d911aa6b3c89b23e2d5506c8bd27f83cb2aefd2119ff41f450c51e884722bef2
08:22:29     STOCK_FILE pri podjetju 2: se ni na vrsti po razporedu; preskoceno.
08:22:30     Prebranih zapisov: 2763; SHA-256: d911aa6b3c89b23e2d5506c8bd27f83cb2aefd2119ff41f450c51e884722bef2
08:22:30     STOCK_FILE pri podjetju 3: se ni na vrsti po razporedu; preskoceno.
08:22:31     Prebranih zapisov: 2763; SHA-256: d911aa6b3c89b23e2d5506c8bd27f83cb2aefd2119ff41f450c51e884722bef2
08:22:31     STOCK_FILE pri podjetju 4: se ni na vrsti po razporedu; preskoceno.
08:22:31     konec: Zaloga NW_STOCK
08:22:31  == Zaloga BT_STOCK ==
08:22:32     [BT_STOCK] preskoceno: Razmik dobavitelja se tece; naslednji prenos po 3. 09. 2026 10:32.
08:22:32     Prevzem koncan: uspesno 0, neuspesno 0, skupaj virov 1.
08:22:33     Prebranih zapisov: 1389; SHA-256: 88b7c3e1f331eec94b93a68da91e45c3cb67f61785dc722e54236f147e3efb63
08:22:33     Ta posnetek je ze v bazi; vir=BT_STOCK, podjetje=1, cas posnetka=2026-09-02 16:39:55Z, uporabljenih=1389, v karanteni=0, RunId=e4912780-b225-4977-b541-4c5c7a771824. Zapisano ni bilo nic.
08:22:34     Prebranih zapisov: 1389; SHA-256: 88b7c3e1f331eec94b93a68da91e45c3cb67f61785dc722e54236f147e3efb63
08:22:34     Ta posnetek je ze v bazi; vir=BT_STOCK, podjetje=2, cas posnetka=2026-09-02 16:39:55Z, uporabljenih=1389, v karanteni=0, RunId=f1953183-3abf-42a5-91cd-1677b89581d1. Zapisano ni bilo nic.
08:22:35     Prebranih zapisov: 1389; SHA-256: 88b7c3e1f331eec94b93a68da91e45c3cb67f61785dc722e54236f147e3efb63
08:22:35     Ta posnetek je ze v bazi; vir=BT_STOCK, podjetje=3, cas posnetka=2026-09-02 16:39:55Z, uporabljenih=1389, v karanteni=0, RunId=680e3a50-81b6-4668-860d-52d0c1e429d4. Zapisano ni bilo nic.
08:22:36     Prebranih zapisov: 1389; SHA-256: 88b7c3e1f331eec94b93a68da91e45c3cb67f61785dc722e54236f147e3efb63
08:22:37     Ta posnetek je ze v bazi; vir=BT_STOCK, podjetje=4, cas posnetka=2026-09-02 16:39:55Z, uporabljenih=1389, v karanteni=0, RunId=79b3b0aa-02c9-4df1-aeae-e68412b1e9e4. Zapisano ni bilo nic.
08:22:37     konec: Zaloga BT_STOCK
08:22:37  == Zaloga iz SAOP (kolicine) ==
08:22:38     [1] SAOP_STOCK: se ni na vrsti po razporedu; preskoceno.
08:22:38     [2] SAOP_STOCK: se ni na vrsti po razporedu; preskoceno.
08:22:38     [3] SAOP_STOCK: se ni na vrsti po razporedu; preskoceno.
08:22:38     [4] SAOP_STOCK: se ni na vrsti po razporedu; preskoceno.
08:22:38     konec: Zaloga iz SAOP (kolicine)
08:22:38  == Izvoz cen in zaloge za splet ==
08:22:40     Izvoz profila MAGENTO_STOCK_PRICES končan: 352 vrstic v C:\Users\david\Desktop\PIM\NoviPIM\izvoz\magento\1
08:22:43     Izvoz profila MAGENTO_STOCK_PRICES končan: 2071 vrstic v C:\Users\david\Desktop\PIM\NoviPIM\izvoz\magento\2
08:22:48     Izvoz profila MAGENTO_STOCK_PRICES končan: 2488 vrstic v C:\Users\david\Desktop\PIM\NoviPIM\izvoz\magento\3
08:22:52     Izvoz profila MAGENTO_STOCK_PRICES končan: 0 vrstic v C:\Users\david\Desktop\PIM\NoviPIM\izvoz\magento\4
08:22:52     konec: Izvoz cen in zaloge za splet
08:22:52  Zalogovni cikel koncan; padlih korakov: 0.
08:27:28  == Zaloga NW_STOCK ==
08:27:30     SOURCE_FETCH: se ni na vrsti po razporedu; preskoceno.
08:27:31     Prebranih zapisov: 2763; SHA-256: d911aa6b3c89b23e2d5506c8bd27f83cb2aefd2119ff41f450c51e884722bef2
08:27:31     STOCK_FILE pri podjetju 1: se ni na vrsti po razporedu; preskoceno.
08:27:32     Prebranih zapisov: 2763; SHA-256: d911aa6b3c89b23e2d5506c8bd27f83cb2aefd2119ff41f450c51e884722bef2
08:27:32     STOCK_FILE pri podjetju 2: se ni na vrsti po razporedu; preskoceno.
08:27:33     Prebranih zapisov: 2763; SHA-256: d911aa6b3c89b23e2d5506c8bd27f83cb2aefd2119ff41f450c51e884722bef2
08:27:33     STOCK_FILE pri podjetju 3: se ni na vrsti po razporedu; preskoceno.
08:27:34     Prebranih zapisov: 2763; SHA-256: d911aa6b3c89b23e2d5506c8bd27f83cb2aefd2119ff41f450c51e884722bef2
08:27:34     STOCK_FILE pri podjetju 4: se ni na vrsti po razporedu; preskoceno.
08:27:34     konec: Zaloga NW_STOCK
08:27:34  == Zaloga BT_STOCK ==
08:27:35     [BT_STOCK] preskoceno: Razmik dobavitelja se tece; naslednji prenos po 3. 09. 2026 10:32.
08:27:35     Prevzem koncan: uspesno 0, neuspesno 0, skupaj virov 1.
08:27:36     Prebranih zapisov: 1389; SHA-256: 88b7c3e1f331eec94b93a68da91e45c3cb67f61785dc722e54236f147e3efb63
08:27:36     Ta posnetek je ze v bazi; vir=BT_STOCK, podjetje=1, cas posnetka=2026-09-02 16:39:55Z, uporabljenih=1389, v karanteni=0, RunId=e4912780-b225-4977-b541-4c5c7a771824. Zapisano ni bilo nic.
08:27:37     Prebranih zapisov: 1389; SHA-256: 88b7c3e1f331eec94b93a68da91e45c3cb67f61785dc722e54236f147e3efb63
08:27:38     Ta posnetek je ze v bazi; vir=BT_STOCK, podjetje=2, cas posnetka=2026-09-02 16:39:55Z, uporabljenih=1389, v karanteni=0, RunId=f1953183-3abf-42a5-91cd-1677b89581d1. Zapisano ni bilo nic.
08:27:38     Prebranih zapisov: 1389; SHA-256: 88b7c3e1f331eec94b93a68da91e45c3cb67f61785dc722e54236f147e3efb63
08:27:39     Ta posnetek je ze v bazi; vir=BT_STOCK, podjetje=3, cas posnetka=2026-09-02 16:39:55Z, uporabljenih=1389, v karanteni=0, RunId=680e3a50-81b6-4668-860d-52d0c1e429d4. Zapisano ni bilo nic.
08:27:39     Prebranih zapisov: 1389; SHA-256: 88b7c3e1f331eec94b93a68da91e45c3cb67f61785dc722e54236f147e3efb63
08:27:40     Ta posnetek je ze v bazi; vir=BT_STOCK, podjetje=4, cas posnetka=2026-09-02 16:39:55Z, uporabljenih=1389, v karanteni=0, RunId=79b3b0aa-02c9-4df1-aeae-e68412b1e9e4. Zapisano ni bilo nic.
08:27:40     konec: Zaloga BT_STOCK
08:27:40  == Zaloga iz SAOP (kolicine) ==
08:27:41     [1] SAOP_STOCK: se ni na vrsti po razporedu; preskoceno.
08:27:41     [2] SAOP_STOCK: se ni na vrsti po razporedu; preskoceno.
08:27:41     [3] SAOP_STOCK: se ni na vrsti po razporedu; preskoceno.
08:27:41     [4] SAOP_STOCK: se ni na vrsti po razporedu; preskoceno.
08:27:41     konec: Zaloga iz SAOP (kolicine)
08:27:41  == Izvoz cen in zaloge za splet ==
08:27:43     Izvoz profila MAGENTO_STOCK_PRICES končan: 352 vrstic v C:\Users\david\Desktop\PIM\NoviPIM\izvoz\magento\1
08:27:50     Izvoz profila MAGENTO_STOCK_PRICES končan: 2071 vrstic v C:\Users\david\Desktop\PIM\NoviPIM\izvoz\magento\2
08:27:57     Izvoz profila MAGENTO_STOCK_PRICES končan: 2488 vrstic v C:\Users\david\Desktop\PIM\NoviPIM\izvoz\magento\3
08:27:59     Izvoz profila MAGENTO_STOCK_PRICES končan: 0 vrstic v C:\Users\david\Desktop\PIM\NoviPIM\izvoz\magento\4
08:27:59     konec: Izvoz cen in zaloge za splet
08:27:59  Zalogovni cikel koncan; padlih korakov: 0.
08:32:27  == Zaloga NW_STOCK ==
08:32:32     SOURCE_FETCH: se ni na vrsti po razporedu; preskoceno.
08:32:34     Prebranih zapisov: 2763; SHA-256: d911aa6b3c89b23e2d5506c8bd27f83cb2aefd2119ff41f450c51e884722bef2
08:32:34     STOCK_FILE pri podjetju 1: se ni na vrsti po razporedu; preskoceno.
08:32:35     Prebranih zapisov: 2763; SHA-256: d911aa6b3c89b23e2d5506c8bd27f83cb2aefd2119ff41f450c51e884722bef2
08:32:36     STOCK_FILE pri podjetju 2: se ni na vrsti po razporedu; preskoceno.
08:32:36     Prebranih zapisov: 2763; SHA-256: d911aa6b3c89b23e2d5506c8bd27f83cb2aefd2119ff41f450c51e884722bef2
08:32:37     STOCK_FILE pri podjetju 3: se ni na vrsti po razporedu; preskoceno.
08:32:38     Prebranih zapisov: 2763; SHA-256: d911aa6b3c89b23e2d5506c8bd27f83cb2aefd2119ff41f450c51e884722bef2
08:32:38     STOCK_FILE pri podjetju 4: se ni na vrsti po razporedu; preskoceno.
08:32:39     konec: Zaloga NW_STOCK
08:32:39  == Zaloga BT_STOCK ==
08:32:40     [BT_STOCK] preskoceno: Razmik dobavitelja se tece; naslednji prenos po 3. 09. 2026 10:32.
08:32:40     Prevzem koncan: uspesno 0, neuspesno 0, skupaj virov 1.
08:32:41     Prebranih zapisov: 1389; SHA-256: 88b7c3e1f331eec94b93a68da91e45c3cb67f61785dc722e54236f147e3efb63
08:32:42     Ta posnetek je ze v bazi; vir=BT_STOCK, podjetje=1, cas posnetka=2026-09-02 16:39:55Z, uporabljenih=1389, v karanteni=0, RunId=e4912780-b225-4977-b541-4c5c7a771824. Zapisano ni bilo nic.
08:32:45     Prebranih zapisov: 1389; SHA-256: 88b7c3e1f331eec94b93a68da91e45c3cb67f61785dc722e54236f147e3efb63
08:32:45     Ta posnetek je ze v bazi; vir=BT_STOCK, podjetje=2, cas posnetka=2026-09-02 16:39:55Z, uporabljenih=1389, v karanteni=0, RunId=f1953183-3abf-42a5-91cd-1677b89581d1. Zapisano ni bilo nic.
08:32:46     Prebranih zapisov: 1389; SHA-256: 88b7c3e1f331eec94b93a68da91e45c3cb67f61785dc722e54236f147e3efb63
08:32:47     Ta posnetek je ze v bazi; vir=BT_STOCK, podjetje=3, cas posnetka=2026-09-02 16:39:55Z, uporabljenih=1389, v karanteni=0, RunId=680e3a50-81b6-4668-860d-52d0c1e429d4. Zapisano ni bilo nic.
08:32:48     Prebranih zapisov: 1389; SHA-256: 88b7c3e1f331eec94b93a68da91e45c3cb67f61785dc722e54236f147e3efb63
08:32:48     Ta posnetek je ze v bazi; vir=BT_STOCK, podjetje=4, cas posnetka=2026-09-02 16:39:55Z, uporabljenih=1389, v karanteni=0, RunId=79b3b0aa-02c9-4df1-aeae-e68412b1e9e4. Zapisano ni bilo nic.
08:32:48     konec: Zaloga BT_STOCK
08:32:48  == Zaloga iz SAOP (kolicine) ==
08:32:51     [1] SAOP_STOCK: se ni na vrsti po razporedu; preskoceno.
08:32:51     [2] SAOP_STOCK: se ni na vrsti po razporedu; preskoceno.
08:32:51     [3] SAOP_STOCK: se ni na vrsti po razporedu; preskoceno.
08:32:51     [4] SAOP_STOCK: se ni na vrsti po razporedu; preskoceno.
08:32:51     konec: Zaloga iz SAOP (kolicine)
08:32:51  == Izvoz cen in zaloge za splet ==
08:32:54     Izvoz profila MAGENTO_STOCK_PRICES končan: 352 vrstic v C:\Users\david\Desktop\PIM\NoviPIM\izvoz\magento\1
08:32:58     Izvoz profila MAGENTO_STOCK_PRICES končan: 2071 vrstic v C:\Users\david\Desktop\PIM\NoviPIM\izvoz\magento\2
08:33:04     Izvoz profila MAGENTO_STOCK_PRICES končan: 2488 vrstic v C:\Users\david\Desktop\PIM\NoviPIM\izvoz\magento\3
08:33:06     Izvoz profila MAGENTO_STOCK_PRICES končan: 0 vrstic v C:\Users\david\Desktop\PIM\NoviPIM\izvoz\magento\4
08:33:06     konec: Izvoz cen in zaloge za splet
08:33:06  Zalogovni cikel koncan; padlih korakov: 0.
08:37:26  == Zaloga NW_STOCK ==
08:37:28     SOURCE_FETCH: se ni na vrsti po razporedu; preskoceno.
08:37:29     Prebranih zapisov: 2763; SHA-256: d911aa6b3c89b23e2d5506c8bd27f83cb2aefd2119ff41f450c51e884722bef2
08:37:29     STOCK_FILE pri podjetju 1: se ni na vrsti po razporedu; preskoceno.
08:37:30     Prebranih zapisov: 2763; SHA-256: d911aa6b3c89b23e2d5506c8bd27f83cb2aefd2119ff41f450c51e884722bef2
08:37:30     STOCK_FILE pri podjetju 2: se ni na vrsti po razporedu; preskoceno.
08:37:31     Prebranih zapisov: 2763; SHA-256: d911aa6b3c89b23e2d5506c8bd27f83cb2aefd2119ff41f450c51e884722bef2
08:37:31     STOCK_FILE pri podjetju 3: se ni na vrsti po razporedu; preskoceno.
08:37:32     Prebranih zapisov: 2763; SHA-256: d911aa6b3c89b23e2d5506c8bd27f83cb2aefd2119ff41f450c51e884722bef2
08:37:32     STOCK_FILE pri podjetju 4: se ni na vrsti po razporedu; preskoceno.
08:37:32     konec: Zaloga NW_STOCK
08:37:32  == Zaloga BT_STOCK ==
08:37:34     SOURCE_FETCH: se ni na vrsti po razporedu; preskoceno.
08:37:34     Prebranih zapisov: 1389; SHA-256: 88b7c3e1f331eec94b93a68da91e45c3cb67f61785dc722e54236f147e3efb63
08:37:35     STOCK_FILE pri podjetju 1: se ni na vrsti po razporedu; preskoceno.
08:37:36     Prebranih zapisov: 1389; SHA-256: 88b7c3e1f331eec94b93a68da91e45c3cb67f61785dc722e54236f147e3efb63
08:37:36     STOCK_FILE pri podjetju 2: se ni na vrsti po razporedu; preskoceno.
08:37:37     Prebranih zapisov: 1389; SHA-256: 88b7c3e1f331eec94b93a68da91e45c3cb67f61785dc722e54236f147e3efb63
08:37:37     STOCK_FILE pri podjetju 3: se ni na vrsti po razporedu; preskoceno.
08:37:38     Prebranih zapisov: 1389; SHA-256: 88b7c3e1f331eec94b93a68da91e45c3cb67f61785dc722e54236f147e3efb63
08:37:38     STOCK_FILE pri podjetju 4: se ni na vrsti po razporedu; preskoceno.
08:37:38     konec: Zaloga BT_STOCK
08:37:38  == Zaloga iz SAOP (kolicine) ==
08:37:39     [1] SAOP_STOCK: se ni na vrsti po razporedu; preskoceno.
08:37:39     [2] SAOP_STOCK: se ni na vrsti po razporedu; preskoceno.
08:37:39     [3] SAOP_STOCK: se ni na vrsti po razporedu; preskoceno.
08:37:39     [4] SAOP_STOCK: se ni na vrsti po razporedu; preskoceno.
08:37:39     konec: Zaloga iz SAOP (kolicine)
08:37:39  == Izvoz cen in zaloge za splet ==
08:37:42     Izvoz profila MAGENTO_STOCK_PRICES končan: 352 vrstic v C:\Users\david\Desktop\PIM\NoviPIM\izvoz\magento\1
08:37:46     Izvoz profila MAGENTO_STOCK_PRICES končan: 2071 vrstic v C:\Users\david\Desktop\PIM\NoviPIM\izvoz\magento\2
08:37:51     Izvoz profila MAGENTO_STOCK_PRICES končan: 2488 vrstic v C:\Users\david\Desktop\PIM\NoviPIM\izvoz\magento\3
08:37:52     Izvoz profila MAGENTO_STOCK_PRICES končan: 0 vrstic v C:\Users\david\Desktop\PIM\NoviPIM\izvoz\magento\4
08:37:52     konec: Izvoz cen in zaloge za splet
08:37:52  Zalogovni cikel koncan; padlih korakov: 0.
08:42:26  == Zaloga NW_STOCK ==
08:42:27     [NW_STOCK] preskoceno: Razmik dobavitelja se tece; naslednji prenos po 3. 09. 2026 08:57.
08:42:27     Prevzem koncan: uspesno 0, neuspesno 0, skupaj virov 1.
08:42:28     Prebranih zapisov: 2763; SHA-256: d911aa6b3c89b23e2d5506c8bd27f83cb2aefd2119ff41f450c51e884722bef2
08:42:29     Ta posnetek je ze v bazi; vir=NW_STOCK, podjetje=1, cas posnetka=2026-09-03 04:57:28Z, uporabljenih=2763, v karanteni=0, RunId=18e167b4-2d6a-410f-bbda-6a5766d6f95f. Zapisano ni bilo nic.
08:42:29     Prebranih zapisov: 2763; SHA-256: d911aa6b3c89b23e2d5506c8bd27f83cb2aefd2119ff41f450c51e884722bef2
08:42:30     Ta posnetek je ze v bazi; vir=NW_STOCK, podjetje=2, cas posnetka=2026-09-03 04:57:28Z, uporabljenih=2763, v karanteni=0, RunId=f2f26761-6a93-4324-bb2c-ac9ac51c6803. Zapisano ni bilo nic.
08:42:31     Prebranih zapisov: 2763; SHA-256: d911aa6b3c89b23e2d5506c8bd27f83cb2aefd2119ff41f450c51e884722bef2
08:42:31     Ta posnetek je ze v bazi; vir=NW_STOCK, podjetje=3, cas posnetka=2026-09-03 04:57:28Z, uporabljenih=2763, v karanteni=0, RunId=6801a9ee-dc21-4902-be47-89abf326fe58. Zapisano ni bilo nic.
08:42:32     Prebranih zapisov: 2763; SHA-256: d911aa6b3c89b23e2d5506c8bd27f83cb2aefd2119ff41f450c51e884722bef2
08:42:32     Ta posnetek je ze v bazi; vir=NW_STOCK, podjetje=4, cas posnetka=2026-09-03 04:57:28Z, uporabljenih=2763, v karanteni=0, RunId=634a04c5-957c-46b2-9d60-5f03d531827d. Zapisano ni bilo nic.
08:42:32     konec: Zaloga NW_STOCK
08:42:32  == Zaloga BT_STOCK ==
08:42:33     SOURCE_FETCH: se ni na vrsti po razporedu; preskoceno.
08:42:34     Prebranih zapisov: 1389; SHA-256: 88b7c3e1f331eec94b93a68da91e45c3cb67f61785dc722e54236f147e3efb63
08:42:34     STOCK_FILE pri podjetju 1: se ni na vrsti po razporedu; preskoceno.
08:42:35     Prebranih zapisov: 1389; SHA-256: 88b7c3e1f331eec94b93a68da91e45c3cb67f61785dc722e54236f147e3efb63
08:42:35     STOCK_FILE pri podjetju 2: se ni na vrsti po razporedu; preskoceno.
08:42:36     Prebranih zapisov: 1389; SHA-256: 88b7c3e1f331eec94b93a68da91e45c3cb67f61785dc722e54236f147e3efb63
08:42:36     STOCK_FILE pri podjetju 3: se ni na vrsti po razporedu; preskoceno.
08:42:37     Prebranih zapisov: 1389; SHA-256: 88b7c3e1f331eec94b93a68da91e45c3cb67f61785dc722e54236f147e3efb63
08:42:37     STOCK_FILE pri podjetju 4: se ni na vrsti po razporedu; preskoceno.
08:42:37     konec: Zaloga BT_STOCK
08:42:37  == Zaloga iz SAOP (kolicine) ==
08:42:40     [1] SAOP_STOCK: se ni na vrsti po razporedu; preskoceno.
08:42:40     [2] SAOP_STOCK: se ni na vrsti po razporedu; preskoceno.
08:42:40     [3] SAOP_STOCK: se ni na vrsti po razporedu; preskoceno.
08:42:40     [4] SAOP_STOCK: se ni na vrsti po razporedu; preskoceno.
08:42:40     konec: Zaloga iz SAOP (kolicine)
08:42:40  == Izvoz cen in zaloge za splet ==
08:42:43     Izvoz profila MAGENTO_STOCK_PRICES končan: 352 vrstic v C:\Users\david\Desktop\PIM\NoviPIM\izvoz\magento\1
08:42:49     Izvoz profila MAGENTO_STOCK_PRICES končan: 2071 vrstic v C:\Users\david\Desktop\PIM\NoviPIM\izvoz\magento\2
08:42:54     Izvoz profila MAGENTO_STOCK_PRICES končan: 2488 vrstic v C:\Users\david\Desktop\PIM\NoviPIM\izvoz\magento\3
08:42:55     Izvoz profila MAGENTO_STOCK_PRICES končan: 0 vrstic v C:\Users\david\Desktop\PIM\NoviPIM\izvoz\magento\4
08:42:55     konec: Izvoz cen in zaloge za splet
08:42:55  Zalogovni cikel koncan; padlih korakov: 0.
08:47:26  == Zaloga NW_STOCK ==
08:47:27     [NW_STOCK] preskoceno: Razmik dobavitelja se tece; naslednji prenos po 3. 09. 2026 08:57.
08:47:27     Prevzem koncan: uspesno 0, neuspesno 0, skupaj virov 1.
08:47:28     Prebranih zapisov: 2763; SHA-256: d911aa6b3c89b23e2d5506c8bd27f83cb2aefd2119ff41f450c51e884722bef2
08:47:30     Ta posnetek je ze v bazi; vir=NW_STOCK, podjetje=1, cas posnetka=2026-09-03 04:57:28Z, uporabljenih=2763, v karanteni=0, RunId=18e167b4-2d6a-410f-bbda-6a5766d6f95f. Zapisano ni bilo nic.
08:47:31     Prebranih zapisov: 2763; SHA-256: d911aa6b3c89b23e2d5506c8bd27f83cb2aefd2119ff41f450c51e884722bef2
08:47:31     Ta posnetek je ze v bazi; vir=NW_STOCK, podjetje=2, cas posnetka=2026-09-03 04:57:28Z, uporabljenih=2763, v karanteni=0, RunId=f2f26761-6a93-4324-bb2c-ac9ac51c6803. Zapisano ni bilo nic.
08:47:32     Prebranih zapisov: 2763; SHA-256: d911aa6b3c89b23e2d5506c8bd27f83cb2aefd2119ff41f450c51e884722bef2
08:47:32     Ta posnetek je ze v bazi; vir=NW_STOCK, podjetje=3, cas posnetka=2026-09-03 04:57:28Z, uporabljenih=2763, v karanteni=0, RunId=6801a9ee-dc21-4902-be47-89abf326fe58. Zapisano ni bilo nic.
08:47:33     Prebranih zapisov: 2763; SHA-256: d911aa6b3c89b23e2d5506c8bd27f83cb2aefd2119ff41f450c51e884722bef2
08:47:33     Ta posnetek je ze v bazi; vir=NW_STOCK, podjetje=4, cas posnetka=2026-09-03 04:57:28Z, uporabljenih=2763, v karanteni=0, RunId=634a04c5-957c-46b2-9d60-5f03d531827d. Zapisano ni bilo nic.
08:47:33     konec: Zaloga NW_STOCK
08:47:33  == Zaloga BT_STOCK ==
08:47:34     SOURCE_FETCH: se ni na vrsti po razporedu; preskoceno.
08:47:35     Prebranih zapisov: 1389; SHA-256: 88b7c3e1f331eec94b93a68da91e45c3cb67f61785dc722e54236f147e3efb63
08:47:35     STOCK_FILE pri podjetju 1: se ni na vrsti po razporedu; preskoceno.
08:47:37     Prebranih zapisov: 1389; SHA-256: 88b7c3e1f331eec94b93a68da91e45c3cb67f61785dc722e54236f147e3efb63
08:47:37     STOCK_FILE pri podjetju 2: se ni na vrsti po razporedu; preskoceno.
08:47:38     Prebranih zapisov: 1389; SHA-256: 88b7c3e1f331eec94b93a68da91e45c3cb67f61785dc722e54236f147e3efb63
08:47:38     STOCK_FILE pri podjetju 3: se ni na vrsti po razporedu; preskoceno.
08:47:40     Prebranih zapisov: 1389; SHA-256: 88b7c3e1f331eec94b93a68da91e45c3cb67f61785dc722e54236f147e3efb63
08:47:40     STOCK_FILE pri podjetju 4: se ni na vrsti po razporedu; preskoceno.
08:47:40     konec: Zaloga BT_STOCK
08:47:40  == Zaloga iz SAOP (kolicine) ==
08:47:42     [1] SAOP_STOCK: se ni na vrsti po razporedu; preskoceno.
08:47:42     [2] SAOP_STOCK: se ni na vrsti po razporedu; preskoceno.
08:47:42     [3] SAOP_STOCK: se ni na vrsti po razporedu; preskoceno.
08:47:42     [4] SAOP_STOCK: se ni na vrsti po razporedu; preskoceno.
08:47:42     konec: Zaloga iz SAOP (kolicine)
08:47:42  == Izvoz cen in zaloge za splet ==
08:47:46     Izvoz profila MAGENTO_STOCK_PRICES končan: 352 vrstic v C:\Users\david\Desktop\PIM\NoviPIM\izvoz\magento\1
08:47:54     Izvoz profila MAGENTO_STOCK_PRICES končan: 2071 vrstic v C:\Users\david\Desktop\PIM\NoviPIM\izvoz\magento\2
08:47:59     Izvoz profila MAGENTO_STOCK_PRICES končan: 2488 vrstic v C:\Users\david\Desktop\PIM\NoviPIM\izvoz\magento\3
08:48:17     Izvoz profila MAGENTO_STOCK_PRICES končan: 0 vrstic v C:\Users\david\Desktop\PIM\NoviPIM\izvoz\magento\4
08:48:17     konec: Izvoz cen in zaloge za splet
08:48:17  Zalogovni cikel koncan; padlih korakov: 0.
08:52:26  == Zaloga NW_STOCK ==
08:52:27     SOURCE_FETCH: se ni na vrsti po razporedu; preskoceno.
08:52:28     Prebranih zapisov: 2763; SHA-256: d911aa6b3c89b23e2d5506c8bd27f83cb2aefd2119ff41f450c51e884722bef2
08:52:28     STOCK_FILE pri podjetju 1: se ni na vrsti po razporedu; preskoceno.
08:52:29     Prebranih zapisov: 2763; SHA-256: d911aa6b3c89b23e2d5506c8bd27f83cb2aefd2119ff41f450c51e884722bef2
08:52:29     STOCK_FILE pri podjetju 2: se ni na vrsti po razporedu; preskoceno.
08:52:30     Prebranih zapisov: 2763; SHA-256: d911aa6b3c89b23e2d5506c8bd27f83cb2aefd2119ff41f450c51e884722bef2
08:52:30     STOCK_FILE pri podjetju 3: se ni na vrsti po razporedu; preskoceno.
08:52:31     Prebranih zapisov: 2763; SHA-256: d911aa6b3c89b23e2d5506c8bd27f83cb2aefd2119ff41f450c51e884722bef2
08:52:31     STOCK_FILE pri podjetju 4: se ni na vrsti po razporedu; preskoceno.
08:52:31     konec: Zaloga NW_STOCK
08:52:31  == Zaloga BT_STOCK ==
08:52:32     [BT_STOCK] preskoceno: Razmik dobavitelja se tece; naslednji prenos po 3. 09. 2026 10:32.
08:52:32     Prevzem koncan: uspesno 0, neuspesno 0, skupaj virov 1.
08:52:33     Prebranih zapisov: 1389; SHA-256: 88b7c3e1f331eec94b93a68da91e45c3cb67f61785dc722e54236f147e3efb63
08:52:33     Ta posnetek je ze v bazi; vir=BT_STOCK, podjetje=1, cas posnetka=2026-09-02 16:39:55Z, uporabljenih=1389, v karanteni=0, RunId=e4912780-b225-4977-b541-4c5c7a771824. Zapisano ni bilo nic.
08:52:34     Prebranih zapisov: 1389; SHA-256: 88b7c3e1f331eec94b93a68da91e45c3cb67f61785dc722e54236f147e3efb63
08:52:34     Ta posnetek je ze v bazi; vir=BT_STOCK, podjetje=2, cas posnetka=2026-09-02 16:39:55Z, uporabljenih=1389, v karanteni=0, RunId=f1953183-3abf-42a5-91cd-1677b89581d1. Zapisano ni bilo nic.
08:52:35     Prebranih zapisov: 1389; SHA-256: 88b7c3e1f331eec94b93a68da91e45c3cb67f61785dc722e54236f147e3efb63
08:52:36     Ta posnetek je ze v bazi; vir=BT_STOCK, podjetje=3, cas posnetka=2026-09-02 16:39:55Z, uporabljenih=1389, v karanteni=0, RunId=680e3a50-81b6-4668-860d-52d0c1e429d4. Zapisano ni bilo nic.
08:52:36     Prebranih zapisov: 1389; SHA-256: 88b7c3e1f331eec94b93a68da91e45c3cb67f61785dc722e54236f147e3efb63
08:52:37     Ta posnetek je ze v bazi; vir=BT_STOCK, podjetje=4, cas posnetka=2026-09-02 16:39:55Z, uporabljenih=1389, v karanteni=0, RunId=79b3b0aa-02c9-4df1-aeae-e68412b1e9e4. Zapisano ni bilo nic.
08:52:37     konec: Zaloga BT_STOCK
08:52:37  == Zaloga iz SAOP (kolicine) ==
08:52:38     [1] SAOP_STOCK: se ni na vrsti po razporedu; preskoceno.
08:52:38     [2] SAOP_STOCK: se ni na vrsti po razporedu; preskoceno.
08:52:38     [3] SAOP_STOCK: se ni na vrsti po razporedu; preskoceno.
08:52:38     [4] SAOP_STOCK: se ni na vrsti po razporedu; preskoceno.
08:52:38     konec: Zaloga iz SAOP (kolicine)
08:52:38  == Izvoz cen in zaloge za splet ==
08:52:39     Izvoz profila MAGENTO_STOCK_PRICES končan: 352 vrstic v C:\Users\david\Desktop\PIM\NoviPIM\izvoz\magento\1
08:52:43     Izvoz profila MAGENTO_STOCK_PRICES končan: 2071 vrstic v C:\Users\david\Desktop\PIM\NoviPIM\izvoz\magento\2
08:52:47     Izvoz profila MAGENTO_STOCK_PRICES končan: 2488 vrstic v C:\Users\david\Desktop\PIM\NoviPIM\izvoz\magento\3
08:52:49     Izvoz profila MAGENTO_STOCK_PRICES končan: 0 vrstic v C:\Users\david\Desktop\PIM\NoviPIM\izvoz\magento\4
08:52:49     konec: Izvoz cen in zaloge za splet
08:52:49  Zalogovni cikel koncan; padlih korakov: 0.
08:57:26  == Zaloga NW_STOCK ==
08:57:27     SOURCE_FETCH: se ni na vrsti po razporedu; preskoceno.
08:57:28     Prebranih zapisov: 2763; SHA-256: d911aa6b3c89b23e2d5506c8bd27f83cb2aefd2119ff41f450c51e884722bef2
08:57:28     STOCK_FILE pri podjetju 1: se ni na vrsti po razporedu; preskoceno.
08:57:29     Prebranih zapisov: 2763; SHA-256: d911aa6b3c89b23e2d5506c8bd27f83cb2aefd2119ff41f450c51e884722bef2
08:57:29     STOCK_FILE pri podjetju 2: se ni na vrsti po razporedu; preskoceno.
08:57:30     Prebranih zapisov: 2763; SHA-256: d911aa6b3c89b23e2d5506c8bd27f83cb2aefd2119ff41f450c51e884722bef2
08:57:30     STOCK_FILE pri podjetju 3: se ni na vrsti po razporedu; preskoceno.
08:57:31     Prebranih zapisov: 2763; SHA-256: d911aa6b3c89b23e2d5506c8bd27f83cb2aefd2119ff41f450c51e884722bef2
08:57:31     STOCK_FILE pri podjetju 4: se ni na vrsti po razporedu; preskoceno.
08:57:31     konec: Zaloga NW_STOCK
08:57:31  == Zaloga BT_STOCK ==
08:57:32     SOURCE_FETCH: se ni na vrsti po razporedu; preskoceno.
08:57:33     Prebranih zapisov: 1389; SHA-256: 88b7c3e1f331eec94b93a68da91e45c3cb67f61785dc722e54236f147e3efb63
08:57:33     STOCK_FILE pri podjetju 1: se ni na vrsti po razporedu; preskoceno.
08:57:34     Prebranih zapisov: 1389; SHA-256: 88b7c3e1f331eec94b93a68da91e45c3cb67f61785dc722e54236f147e3efb63
08:57:34     STOCK_FILE pri podjetju 2: se ni na vrsti po razporedu; preskoceno.
08:57:35     Prebranih zapisov: 1389; SHA-256: 88b7c3e1f331eec94b93a68da91e45c3cb67f61785dc722e54236f147e3efb63
08:57:35     STOCK_FILE pri podjetju 3: se ni na vrsti po razporedu; preskoceno.
08:57:36     Prebranih zapisov: 1389; SHA-256: 88b7c3e1f331eec94b93a68da91e45c3cb67f61785dc722e54236f147e3efb63
08:57:36     STOCK_FILE pri podjetju 4: se ni na vrsti po razporedu; preskoceno.
08:57:36     konec: Zaloga BT_STOCK
08:57:36  == Zaloga iz SAOP (kolicine) ==
08:57:37     [1] SAOP_STOCK: se ni na vrsti po razporedu; preskoceno.
08:57:37     [2] SAOP_STOCK: se ni na vrsti po razporedu; preskoceno.
08:57:37     [3] SAOP_STOCK: se ni na vrsti po razporedu; preskoceno.
08:57:37     [4] SAOP_STOCK: se ni na vrsti po razporedu; preskoceno.
08:57:37     konec: Zaloga iz SAOP (kolicine)
08:57:37  == Izvoz cen in zaloge za splet ==
08:57:39     Izvoz profila MAGENTO_STOCK_PRICES končan: 352 vrstic v C:\Users\david\Desktop\PIM\NoviPIM\izvoz\magento\1
08:57:43     Izvoz profila MAGENTO_STOCK_PRICES končan: 2071 vrstic v C:\Users\david\Desktop\PIM\NoviPIM\izvoz\magento\2
08:57:47     Izvoz profila MAGENTO_STOCK_PRICES končan: 2488 vrstic v C:\Users\david\Desktop\PIM\NoviPIM\izvoz\magento\3
08:57:48     Izvoz profila MAGENTO_STOCK_PRICES končan: 0 vrstic v C:\Users\david\Desktop\PIM\NoviPIM\izvoz\magento\4
08:57:48     konec: Izvoz cen in zaloge za splet
08:57:48  Zalogovni cikel koncan; padlih korakov: 0.
09:02:27  == Zaloga NW_STOCK ==
09:02:28     [NW_STOCK] prevzeto 87.345 bajtov -> C:\Users\david\Desktop\PIM\NoviPIM\PIM_Solution\data\prevzem\NW_STOCK\nw-zaloga.csv
09:02:28     Prevzem koncan: uspesno 1, neuspesno 0, skupaj virov 1.
09:02:29     Prebranih zapisov: 2763; SHA-256: bc3d588846ab1c2aaadb4231937f5383b486e7198c814c671773d51c6170e5ab
09:02:31     Zaloga zapisana; vir=NW_STOCK, podjetje=1, uporabljenih=2763, v karanteni=0, RunId=ba0e50ed-d58f-4f20-ab5b-66ed73f2e35a.
09:02:33     Prebranih zapisov: 2763; SHA-256: bc3d588846ab1c2aaadb4231937f5383b486e7198c814c671773d51c6170e5ab
09:02:35     Zaloga zapisana; vir=NW_STOCK, podjetje=2, uporabljenih=2763, v karanteni=0, RunId=1eb8b6f0-e3f6-4f30-ad6c-cdc268cfe027.
09:02:36     Prebranih zapisov: 2763; SHA-256: bc3d588846ab1c2aaadb4231937f5383b486e7198c814c671773d51c6170e5ab
09:02:40     Zaloga zapisana; vir=NW_STOCK, podjetje=3, uporabljenih=2763, v karanteni=0, RunId=a492b0cd-8d79-45ff-85ac-0477bc1deda5.
09:02:41     Prebranih zapisov: 2763; SHA-256: bc3d588846ab1c2aaadb4231937f5383b486e7198c814c671773d51c6170e5ab
09:02:43     Zaloga zapisana; vir=NW_STOCK, podjetje=4, uporabljenih=2763, v karanteni=0, RunId=dcc4c7f1-3e7c-4e4e-8a9b-f91c61ef4e95.
09:02:43     konec: Zaloga NW_STOCK
09:02:43  == Zaloga BT_STOCK ==
09:02:46     SOURCE_FETCH: se ni na vrsti po razporedu; preskoceno.
09:02:47     Prebranih zapisov: 1389; SHA-256: 88b7c3e1f331eec94b93a68da91e45c3cb67f61785dc722e54236f147e3efb63
09:02:47     STOCK_FILE pri podjetju 1: se ni na vrsti po razporedu; preskoceno.
09:02:48     Prebranih zapisov: 1389; SHA-256: 88b7c3e1f331eec94b93a68da91e45c3cb67f61785dc722e54236f147e3efb63
09:02:48     STOCK_FILE pri podjetju 2: se ni na vrsti po razporedu; preskoceno.
09:02:50     Prebranih zapisov: 1389; SHA-256: 88b7c3e1f331eec94b93a68da91e45c3cb67f61785dc722e54236f147e3efb63
09:02:50     STOCK_FILE pri podjetju 3: se ni na vrsti po razporedu; preskoceno.
09:02:51     Prebranih zapisov: 1389; SHA-256: 88b7c3e1f331eec94b93a68da91e45c3cb67f61785dc722e54236f147e3efb63
09:02:51     STOCK_FILE pri podjetju 4: se ni na vrsti po razporedu; preskoceno.
09:02:51     konec: Zaloga BT_STOCK
09:02:51  == Zaloga iz SAOP (kolicine) ==
09:02:52     [1] SAOP_STOCK: se ni na vrsti po razporedu; preskoceno.
09:02:52     [2] SAOP_STOCK: se ni na vrsti po razporedu; preskoceno.
09:02:52     [3] SAOP_STOCK: se ni na vrsti po razporedu; preskoceno.
09:02:52     [4] SAOP_STOCK: se ni na vrsti po razporedu; preskoceno.
09:02:52     konec: Zaloga iz SAOP (kolicine)
09:02:52  == Izvoz cen in zaloge za splet ==
09:02:54     Izvoz profila MAGENTO_STOCK_PRICES končan: 352 vrstic v C:\Users\david\Desktop\PIM\NoviPIM\izvoz\magento\1
09:02:59     Izvoz profila MAGENTO_STOCK_PRICES končan: 2071 vrstic v C:\Users\david\Desktop\PIM\NoviPIM\izvoz\magento\2
09:03:04     Izvoz profila MAGENTO_STOCK_PRICES končan: 2488 vrstic v C:\Users\david\Desktop\PIM\NoviPIM\izvoz\magento\3
09:03:05     Izvoz profila MAGENTO_STOCK_PRICES končan: 0 vrstic v C:\Users\david\Desktop\PIM\NoviPIM\izvoz\magento\4
09:03:05     konec: Izvoz cen in zaloge za splet
09:03:05  Zalogovni cikel koncan; padlih korakov: 0.
09:07:26  == Zaloga NW_STOCK ==
09:07:27     SOURCE_FETCH: se ni na vrsti po razporedu; preskoceno.
09:07:28     Prebranih zapisov: 2763; SHA-256: bc3d588846ab1c2aaadb4231937f5383b486e7198c814c671773d51c6170e5ab
09:07:29     STOCK_FILE pri podjetju 1: se ni na vrsti po razporedu; preskoceno.
09:07:29     Prebranih zapisov: 2763; SHA-256: bc3d588846ab1c2aaadb4231937f5383b486e7198c814c671773d51c6170e5ab
09:07:30     STOCK_FILE pri podjetju 2: se ni na vrsti po razporedu; preskoceno.
09:07:30     Prebranih zapisov: 2763; SHA-256: bc3d588846ab1c2aaadb4231937f5383b486e7198c814c671773d51c6170e5ab
09:07:31     STOCK_FILE pri podjetju 3: se ni na vrsti po razporedu; preskoceno.
09:07:32     Prebranih zapisov: 2763; SHA-256: bc3d588846ab1c2aaadb4231937f5383b486e7198c814c671773d51c6170e5ab
09:07:32     STOCK_FILE pri podjetju 4: se ni na vrsti po razporedu; preskoceno.
09:07:32     konec: Zaloga NW_STOCK
09:07:32  == Zaloga BT_STOCK ==
09:07:33     [BT_STOCK] preskoceno: Razmik dobavitelja se tece; naslednji prenos po 3. 09. 2026 10:32.
09:07:33     Prevzem koncan: uspesno 0, neuspesno 0, skupaj virov 1.
09:07:34     Prebranih zapisov: 1389; SHA-256: 88b7c3e1f331eec94b93a68da91e45c3cb67f61785dc722e54236f147e3efb63
09:07:35     Ta posnetek je ze v bazi; vir=BT_STOCK, podjetje=1, cas posnetka=2026-09-02 16:39:55Z, uporabljenih=1389, v karanteni=0, RunId=e4912780-b225-4977-b541-4c5c7a771824. Zapisano ni bilo nic.
09:07:36     Prebranih zapisov: 1389; SHA-256: 88b7c3e1f331eec94b93a68da91e45c3cb67f61785dc722e54236f147e3efb63
09:07:36     Ta posnetek je ze v bazi; vir=BT_STOCK, podjetje=2, cas posnetka=2026-09-02 16:39:55Z, uporabljenih=1389, v karanteni=0, RunId=f1953183-3abf-42a5-91cd-1677b89581d1. Zapisano ni bilo nic.
09:07:37     Prebranih zapisov: 1389; SHA-256: 88b7c3e1f331eec94b93a68da91e45c3cb67f61785dc722e54236f147e3efb63
09:07:37     Ta posnetek je ze v bazi; vir=BT_STOCK, podjetje=3, cas posnetka=2026-09-02 16:39:55Z, uporabljenih=1389, v karanteni=0, RunId=680e3a50-81b6-4668-860d-52d0c1e429d4. Zapisano ni bilo nic.
09:07:38     Prebranih zapisov: 1389; SHA-256: 88b7c3e1f331eec94b93a68da91e45c3cb67f61785dc722e54236f147e3efb63
09:07:39     STOCK_FILE pri podjetju 4: se ni na vrsti po razporedu; preskoceno.
09:07:39     konec: Zaloga BT_STOCK
09:07:39  == Zaloga iz SAOP (kolicine) ==
09:07:40     [1] SAOP_STOCK: se ni na vrsti po razporedu; preskoceno.
09:07:40     [2] SAOP_STOCK: se ni na vrsti po razporedu; preskoceno.
09:07:40     [3] SAOP_STOCK: se ni na vrsti po razporedu; preskoceno.
09:07:40     [4] SAOP_STOCK: se ni na vrsti po razporedu; preskoceno.
09:07:40     konec: Zaloga iz SAOP (kolicine)
09:07:40  == Izvoz cen in zaloge za splet ==
09:07:42     Izvoz profila MAGENTO_STOCK_PRICES končan: 352 vrstic v C:\Users\david\Desktop\PIM\NoviPIM\izvoz\magento\1
09:07:46     Izvoz profila MAGENTO_STOCK_PRICES končan: 2071 vrstic v C:\Users\david\Desktop\PIM\NoviPIM\izvoz\magento\2
09:07:51     Izvoz profila MAGENTO_STOCK_PRICES končan: 2488 vrstic v C:\Users\david\Desktop\PIM\NoviPIM\izvoz\magento\3
09:07:52     Izvoz profila MAGENTO_STOCK_PRICES končan: 0 vrstic v C:\Users\david\Desktop\PIM\NoviPIM\izvoz\magento\4
09:07:52     konec: Izvoz cen in zaloge za splet
09:07:52  Zalogovni cikel koncan; padlih korakov: 0.
09:12:28  == Zaloga NW_STOCK ==
09:12:29     SOURCE_FETCH: se ni na vrsti po razporedu; preskoceno.
09:12:31     Prebranih zapisov: 2763; SHA-256: bc3d588846ab1c2aaadb4231937f5383b486e7198c814c671773d51c6170e5ab
09:12:31     STOCK_FILE pri podjetju 1: se ni na vrsti po razporedu; preskoceno.
09:12:32     Prebranih zapisov: 2763; SHA-256: bc3d588846ab1c2aaadb4231937f5383b486e7198c814c671773d51c6170e5ab
09:12:32     STOCK_FILE pri podjetju 2: se ni na vrsti po razporedu; preskoceno.
09:12:33     Prebranih zapisov: 2763; SHA-256: bc3d588846ab1c2aaadb4231937f5383b486e7198c814c671773d51c6170e5ab
09:12:33     STOCK_FILE pri podjetju 3: se ni na vrsti po razporedu; preskoceno.
09:12:34     Prebranih zapisov: 2763; SHA-256: bc3d588846ab1c2aaadb4231937f5383b486e7198c814c671773d51c6170e5ab
09:12:35     Ta posnetek je ze v bazi; vir=NW_STOCK, podjetje=4, cas posnetka=2026-09-03 07:02:28Z, uporabljenih=2763, v karanteni=0, RunId=dcc4c7f1-3e7c-4e4e-8a9b-f91c61ef4e95. Zapisano ni bilo nic.
09:12:35     konec: Zaloga NW_STOCK
09:12:35  == Zaloga BT_STOCK ==
09:12:37     [BT_STOCK] preskoceno: Razmik dobavitelja se tece; naslednji prenos po 3. 09. 2026 10:32.
09:12:37     Prevzem koncan: uspesno 0, neuspesno 0, skupaj virov 1.
09:12:39     Prebranih zapisov: 1389; SHA-256: 88b7c3e1f331eec94b93a68da91e45c3cb67f61785dc722e54236f147e3efb63
09:12:39     Ta posnetek je ze v bazi; vir=BT_STOCK, podjetje=1, cas posnetka=2026-09-02 16:39:55Z, uporabljenih=1389, v karanteni=0, RunId=e4912780-b225-4977-b541-4c5c7a771824. Zapisano ni bilo nic.
09:12:40     Prebranih zapisov: 1389; SHA-256: 88b7c3e1f331eec94b93a68da91e45c3cb67f61785dc722e54236f147e3efb63
09:12:40     Ta posnetek je ze v bazi; vir=BT_STOCK, podjetje=2, cas posnetka=2026-09-02 16:39:55Z, uporabljenih=1389, v karanteni=0, RunId=f1953183-3abf-42a5-91cd-1677b89581d1. Zapisano ni bilo nic.
09:12:41     Prebranih zapisov: 1389; SHA-256: 88b7c3e1f331eec94b93a68da91e45c3cb67f61785dc722e54236f147e3efb63
09:12:41     Ta posnetek je ze v bazi; vir=BT_STOCK, podjetje=3, cas posnetka=2026-09-02 16:39:55Z, uporabljenih=1389, v karanteni=0, RunId=680e3a50-81b6-4668-860d-52d0c1e429d4. Zapisano ni bilo nic.
09:12:42     Prebranih zapisov: 1389; SHA-256: 88b7c3e1f331eec94b93a68da91e45c3cb67f61785dc722e54236f147e3efb63
09:12:42     STOCK_FILE pri podjetju 4: se ni na vrsti po razporedu; preskoceno.
09:12:42     konec: Zaloga BT_STOCK
09:12:42  == Zaloga iz SAOP (kolicine) ==
09:12:43     [1] SAOP_STOCK: se ni na vrsti po razporedu; preskoceno.
09:12:43     [2] SAOP_STOCK: se ni na vrsti po razporedu; preskoceno.
09:12:43     [3] SAOP_STOCK: se ni na vrsti po razporedu; preskoceno.
09:12:43     [4] SAOP_STOCK: se ni na vrsti po razporedu; preskoceno.
09:12:43     konec: Zaloga iz SAOP (kolicine)
09:12:43  == Izvoz cen in zaloge za splet ==
09:12:45     Izvoz profila MAGENTO_STOCK_PRICES končan: 352 vrstic v C:\Users\david\Desktop\PIM\NoviPIM\izvoz\magento\1
09:12:49     Izvoz profila MAGENTO_STOCK_PRICES končan: 2071 vrstic v C:\Users\david\Desktop\PIM\NoviPIM\izvoz\magento\2
09:12:53     Izvoz profila MAGENTO_STOCK_PRICES končan: 2488 vrstic v C:\Users\david\Desktop\PIM\NoviPIM\izvoz\magento\3
09:12:54     Izvoz profila MAGENTO_STOCK_PRICES končan: 0 vrstic v C:\Users\david\Desktop\PIM\NoviPIM\izvoz\magento\4
09:12:54     konec: Izvoz cen in zaloge za splet
09:12:54  Zalogovni cikel koncan; padlih korakov: 0.
09:17:26  == Zaloga NW_STOCK ==
09:17:27     SOURCE_FETCH: se ni na vrsti po razporedu; preskoceno.
09:17:28     Prebranih zapisov: 2763; SHA-256: bc3d588846ab1c2aaadb4231937f5383b486e7198c814c671773d51c6170e5ab
09:17:29     STOCK_FILE pri podjetju 1: se ni na vrsti po razporedu; preskoceno.
09:17:30     Prebranih zapisov: 2763; SHA-256: bc3d588846ab1c2aaadb4231937f5383b486e7198c814c671773d51c6170e5ab
09:17:30     STOCK_FILE pri podjetju 2: se ni na vrsti po razporedu; preskoceno.
09:17:31     Prebranih zapisov: 2763; SHA-256: bc3d588846ab1c2aaadb4231937f5383b486e7198c814c671773d51c6170e5ab
09:17:32     STOCK_FILE pri podjetju 3: se ni na vrsti po razporedu; preskoceno.
09:17:33     Prebranih zapisov: 2763; SHA-256: bc3d588846ab1c2aaadb4231937f5383b486e7198c814c671773d51c6170e5ab
09:17:33     STOCK_FILE pri podjetju 4: se ni na vrsti po razporedu; preskoceno.
09:17:33     konec: Zaloga NW_STOCK
09:17:33  == Zaloga BT_STOCK ==
09:17:35     SOURCE_FETCH: se ni na vrsti po razporedu; preskoceno.
09:17:36     Prebranih zapisov: 1389; SHA-256: 88b7c3e1f331eec94b93a68da91e45c3cb67f61785dc722e54236f147e3efb63
09:17:36     STOCK_FILE pri podjetju 1: se ni na vrsti po razporedu; preskoceno.
09:17:38     Prebranih zapisov: 1389; SHA-256: 88b7c3e1f331eec94b93a68da91e45c3cb67f61785dc722e54236f147e3efb63
09:17:38     STOCK_FILE pri podjetju 2: se ni na vrsti po razporedu; preskoceno.
09:17:39     Prebranih zapisov: 1389; SHA-256: 88b7c3e1f331eec94b93a68da91e45c3cb67f61785dc722e54236f147e3efb63
09:17:40     STOCK_FILE pri podjetju 3: se ni na vrsti po razporedu; preskoceno.
09:17:41     Prebranih zapisov: 1389; SHA-256: 88b7c3e1f331eec94b93a68da91e45c3cb67f61785dc722e54236f147e3efb63
09:17:42     Ta posnetek je ze v bazi; vir=BT_STOCK, podjetje=4, cas posnetka=2026-09-02 16:39:55Z, uporabljenih=1389, v karanteni=0, RunId=79b3b0aa-02c9-4df1-aeae-e68412b1e9e4. Zapisano ni bilo nic.
09:17:42     konec: Zaloga BT_STOCK
09:17:42  == Zaloga iz SAOP (kolicine) ==
09:17:44     [1] SAOP_STOCK: se ni na vrsti po razporedu; preskoceno.
09:17:44     [2] SAOP_STOCK: se ni na vrsti po razporedu; preskoceno.
09:17:44     [3] SAOP_STOCK: se ni na vrsti po razporedu; preskoceno.
09:17:44     [4] SAOP_STOCK: se ni na vrsti po razporedu; preskoceno.
09:17:44     konec: Zaloga iz SAOP (kolicine)
09:17:44  == Izvoz cen in zaloge za splet ==
09:17:47     Izvoz profila MAGENTO_STOCK_PRICES končan: 352 vrstic v C:\Users\david\Desktop\PIM\NoviPIM\izvoz\magento\1
09:17:52     Izvoz profila MAGENTO_STOCK_PRICES končan: 2071 vrstic v C:\Users\david\Desktop\PIM\NoviPIM\izvoz\magento\2
09:18:12     Izvoz profila MAGENTO_STOCK_PRICES končan: 2488 vrstic v C:\Users\david\Desktop\PIM\NoviPIM\izvoz\magento\3
09:18:14     Izvoz profila MAGENTO_STOCK_PRICES končan: 0 vrstic v C:\Users\david\Desktop\PIM\NoviPIM\izvoz\magento\4
09:18:14     konec: Izvoz cen in zaloge za splet
09:18:14  Zalogovni cikel koncan; padlih korakov: 0.
09:22:26  == Zaloga NW_STOCK ==
09:22:27     [NW_STOCK] preskoceno: Razmik dobavitelja se tece; naslednji prenos po 3. 09. 2026 11:02.
09:22:27     Prevzem koncan: uspesno 0, neuspesno 0, skupaj virov 1.
09:22:28     Prebranih zapisov: 2763; SHA-256: bc3d588846ab1c2aaadb4231937f5383b486e7198c814c671773d51c6170e5ab
09:22:29     Ta posnetek je ze v bazi; vir=NW_STOCK, podjetje=1, cas posnetka=2026-09-03 07:02:28Z, uporabljenih=2763, v karanteni=0, RunId=ba0e50ed-d58f-4f20-ab5b-66ed73f2e35a. Zapisano ni bilo nic.
09:22:30     Prebranih zapisov: 2763; SHA-256: bc3d588846ab1c2aaadb4231937f5383b486e7198c814c671773d51c6170e5ab
09:22:30     Ta posnetek je ze v bazi; vir=NW_STOCK, podjetje=2, cas posnetka=2026-09-03 07:02:28Z, uporabljenih=2763, v karanteni=0, RunId=1eb8b6f0-e3f6-4f30-ad6c-cdc268cfe027. Zapisano ni bilo nic.
09:22:31     Prebranih zapisov: 2763; SHA-256: bc3d588846ab1c2aaadb4231937f5383b486e7198c814c671773d51c6170e5ab
09:22:32     Ta posnetek je ze v bazi; vir=NW_STOCK, podjetje=3, cas posnetka=2026-09-03 07:02:28Z, uporabljenih=2763, v karanteni=0, RunId=a492b0cd-8d79-45ff-85ac-0477bc1deda5. Zapisano ni bilo nic.
09:22:33     Prebranih zapisov: 2763; SHA-256: bc3d588846ab1c2aaadb4231937f5383b486e7198c814c671773d51c6170e5ab
09:22:33     STOCK_FILE pri podjetju 4: se ni na vrsti po razporedu; preskoceno.
09:22:33     konec: Zaloga NW_STOCK
09:22:33  == Zaloga BT_STOCK ==
09:22:34     SOURCE_FETCH: se ni na vrsti po razporedu; preskoceno.
09:22:35     Prebranih zapisov: 1389; SHA-256: 88b7c3e1f331eec94b93a68da91e45c3cb67f61785dc722e54236f147e3efb63
09:22:35     STOCK_FILE pri podjetju 1: se ni na vrsti po razporedu; preskoceno.
09:22:36     Prebranih zapisov: 1389; SHA-256: 88b7c3e1f331eec94b93a68da91e45c3cb67f61785dc722e54236f147e3efb63
09:22:36     STOCK_FILE pri podjetju 2: se ni na vrsti po razporedu; preskoceno.
09:22:37     Prebranih zapisov: 1389; SHA-256: 88b7c3e1f331eec94b93a68da91e45c3cb67f61785dc722e54236f147e3efb63
09:22:37     STOCK_FILE pri podjetju 3: se ni na vrsti po razporedu; preskoceno.
09:22:38     Prebranih zapisov: 1389; SHA-256: 88b7c3e1f331eec94b93a68da91e45c3cb67f61785dc722e54236f147e3efb63
09:22:38     STOCK_FILE pri podjetju 4: se ni na vrsti po razporedu; preskoceno.
09:22:38     konec: Zaloga BT_STOCK
09:22:38  == Zaloga iz SAOP (kolicine) ==
09:22:39     [1] SAOP_STOCK: se ni na vrsti po razporedu; preskoceno.
09:22:39     [2] SAOP_STOCK: se ni na vrsti po razporedu; preskoceno.
09:22:39     [3] SAOP_STOCK: se ni na vrsti po razporedu; preskoceno.
09:22:39     [4] SAOP_STOCK: se ni na vrsti po razporedu; preskoceno.
09:22:39     konec: Zaloga iz SAOP (kolicine)
09:22:39  == Izvoz cen in zaloge za splet ==
09:22:41     Izvoz profila MAGENTO_STOCK_PRICES končan: 352 vrstic v C:\Users\david\Desktop\PIM\NoviPIM\izvoz\magento\1
09:22:45     Izvoz profila MAGENTO_STOCK_PRICES končan: 2071 vrstic v C:\Users\david\Desktop\PIM\NoviPIM\izvoz\magento\2
09:22:49     Izvoz profila MAGENTO_STOCK_PRICES končan: 2488 vrstic v C:\Users\david\Desktop\PIM\NoviPIM\izvoz\magento\3
09:22:50     Izvoz profila MAGENTO_STOCK_PRICES končan: 0 vrstic v C:\Users\david\Desktop\PIM\NoviPIM\izvoz\magento\4
09:22:50     konec: Izvoz cen in zaloge za splet
09:22:50  Zalogovni cikel koncan; padlih korakov: 0.
09:27:26  == Zaloga NW_STOCK ==
09:27:27     SOURCE_FETCH: se ni na vrsti po razporedu; preskoceno.
09:27:28     Prebranih zapisov: 2763; SHA-256: bc3d588846ab1c2aaadb4231937f5383b486e7198c814c671773d51c6170e5ab
09:27:28     STOCK_FILE pri podjetju 1: se ni na vrsti po razporedu; preskoceno.
09:27:29     Prebranih zapisov: 2763; SHA-256: bc3d588846ab1c2aaadb4231937f5383b486e7198c814c671773d51c6170e5ab
09:27:29     STOCK_FILE pri podjetju 2: se ni na vrsti po razporedu; preskoceno.
09:27:30     Prebranih zapisov: 2763; SHA-256: bc3d588846ab1c2aaadb4231937f5383b486e7198c814c671773d51c6170e5ab
09:27:30     STOCK_FILE pri podjetju 3: se ni na vrsti po razporedu; preskoceno.
09:27:31     Prebranih zapisov: 2763; SHA-256: bc3d588846ab1c2aaadb4231937f5383b486e7198c814c671773d51c6170e5ab
09:27:31     Ta posnetek je ze v bazi; vir=NW_STOCK, podjetje=4, cas posnetka=2026-09-03 07:02:28Z, uporabljenih=2763, v karanteni=0, RunId=dcc4c7f1-3e7c-4e4e-8a9b-f91c61ef4e95. Zapisano ni bilo nic.
09:27:31     konec: Zaloga NW_STOCK
09:27:31  == Zaloga BT_STOCK ==
09:27:32     [BT_STOCK] preskoceno: Razmik dobavitelja se tece; naslednji prenos po 3. 09. 2026 10:32.
09:27:32     Prevzem koncan: uspesno 0, neuspesno 0, skupaj virov 1.
09:27:33     Prebranih zapisov: 1389; SHA-256: 88b7c3e1f331eec94b93a68da91e45c3cb67f61785dc722e54236f147e3efb63
09:27:33     Ta posnetek je ze v bazi; vir=BT_STOCK, podjetje=1, cas posnetka=2026-09-02 16:39:55Z, uporabljenih=1389, v karanteni=0, RunId=e4912780-b225-4977-b541-4c5c7a771824. Zapisano ni bilo nic.
09:27:34     Prebranih zapisov: 1389; SHA-256: 88b7c3e1f331eec94b93a68da91e45c3cb67f61785dc722e54236f147e3efb63
09:27:34     Ta posnetek je ze v bazi; vir=BT_STOCK, podjetje=2, cas posnetka=2026-09-02 16:39:55Z, uporabljenih=1389, v karanteni=0, RunId=f1953183-3abf-42a5-91cd-1677b89581d1. Zapisano ni bilo nic.
09:27:35     Prebranih zapisov: 1389; SHA-256: 88b7c3e1f331eec94b93a68da91e45c3cb67f61785dc722e54236f147e3efb63
09:27:35     Ta posnetek je ze v bazi; vir=BT_STOCK, podjetje=3, cas posnetka=2026-09-02 16:39:55Z, uporabljenih=1389, v karanteni=0, RunId=680e3a50-81b6-4668-860d-52d0c1e429d4. Zapisano ni bilo nic.
09:27:36     Prebranih zapisov: 1389; SHA-256: 88b7c3e1f331eec94b93a68da91e45c3cb67f61785dc722e54236f147e3efb63
09:27:36     STOCK_FILE pri podjetju 4: se ni na vrsti po razporedu; preskoceno.
09:27:36     konec: Zaloga BT_STOCK
09:27:36  == Zaloga iz SAOP (kolicine) ==
09:27:37     [1] SAOP_STOCK: se ni na vrsti po razporedu; preskoceno.
09:27:37     [2] SAOP_STOCK: se ni na vrsti po razporedu; preskoceno.
09:27:37     [3] SAOP_STOCK: se ni na vrsti po razporedu; preskoceno.
09:27:37     [4] SAOP_STOCK: se ni na vrsti po razporedu; preskoceno.
09:27:37     konec: Zaloga iz SAOP (kolicine)
09:27:37  == Izvoz cen in zaloge za splet ==
09:27:39     Izvoz profila MAGENTO_STOCK_PRICES končan: 352 vrstic v C:\Users\david\Desktop\PIM\NoviPIM\izvoz\magento\1
09:27:42     Izvoz profila MAGENTO_STOCK_PRICES končan: 2071 vrstic v C:\Users\david\Desktop\PIM\NoviPIM\izvoz\magento\2
09:27:46     Izvoz profila MAGENTO_STOCK_PRICES končan: 2488 vrstic v C:\Users\david\Desktop\PIM\NoviPIM\izvoz\magento\3
09:27:47     Izvoz profila MAGENTO_STOCK_PRICES končan: 0 vrstic v C:\Users\david\Desktop\PIM\NoviPIM\izvoz\magento\4
09:27:47     konec: Izvoz cen in zaloge za splet
09:27:47  Zalogovni cikel koncan; padlih korakov: 0.
09:32:26  == Zaloga NW_STOCK ==
09:32:27     SOURCE_FETCH: se ni na vrsti po razporedu; preskoceno.
09:32:28     Prebranih zapisov: 2763; SHA-256: bc3d588846ab1c2aaadb4231937f5383b486e7198c814c671773d51c6170e5ab
09:32:28     STOCK_FILE pri podjetju 1: se ni na vrsti po razporedu; preskoceno.
09:32:29     Prebranih zapisov: 2763; SHA-256: bc3d588846ab1c2aaadb4231937f5383b486e7198c814c671773d51c6170e5ab
09:32:29     STOCK_FILE pri podjetju 2: se ni na vrsti po razporedu; preskoceno.
09:32:30     Prebranih zapisov: 2763; SHA-256: bc3d588846ab1c2aaadb4231937f5383b486e7198c814c671773d51c6170e5ab
09:32:30     STOCK_FILE pri podjetju 3: se ni na vrsti po razporedu; preskoceno.
09:32:31     Prebranih zapisov: 2763; SHA-256: bc3d588846ab1c2aaadb4231937f5383b486e7198c814c671773d51c6170e5ab
09:32:31     STOCK_FILE pri podjetju 4: se ni na vrsti po razporedu; preskoceno.
09:32:31     konec: Zaloga NW_STOCK
09:32:31  == Zaloga BT_STOCK ==
09:32:32     SOURCE_FETCH: se ni na vrsti po razporedu; preskoceno.
09:32:33     Prebranih zapisov: 1389; SHA-256: 88b7c3e1f331eec94b93a68da91e45c3cb67f61785dc722e54236f147e3efb63
09:32:33     STOCK_FILE pri podjetju 1: se ni na vrsti po razporedu; preskoceno.
09:32:34     Prebranih zapisov: 1389; SHA-256: 88b7c3e1f331eec94b93a68da91e45c3cb67f61785dc722e54236f147e3efb63
09:32:34     STOCK_FILE pri podjetju 2: se ni na vrsti po razporedu; preskoceno.
09:32:35     Prebranih zapisov: 1389; SHA-256: 88b7c3e1f331eec94b93a68da91e45c3cb67f61785dc722e54236f147e3efb63
09:32:35     STOCK_FILE pri podjetju 3: se ni na vrsti po razporedu; preskoceno.
09:32:36     Prebranih zapisov: 1389; SHA-256: 88b7c3e1f331eec94b93a68da91e45c3cb67f61785dc722e54236f147e3efb63
09:32:36     Ta posnetek je ze v bazi; vir=BT_STOCK, podjetje=4, cas posnetka=2026-09-02 16:39:55Z, uporabljenih=1389, v karanteni=0, RunId=79b3b0aa-02c9-4df1-aeae-e68412b1e9e4. Zapisano ni bilo nic.
09:32:36     konec: Zaloga BT_STOCK
09:32:36  == Zaloga iz SAOP (kolicine) ==
09:32:37     [1] SAOP_STOCK: se ni na vrsti po razporedu; preskoceno.
09:32:37     [2] SAOP_STOCK: se ni na vrsti po razporedu; preskoceno.
09:32:37     [3] SAOP_STOCK: se ni na vrsti po razporedu; preskoceno.
09:32:37     [4] SAOP_STOCK: se ni na vrsti po razporedu; preskoceno.
09:32:37     konec: Zaloga iz SAOP (kolicine)
09:32:37  == Izvoz cen in zaloge za splet ==
09:32:38     Izvoz profila MAGENTO_STOCK_PRICES končan: 352 vrstic v C:\Users\david\Desktop\PIM\NoviPIM\izvoz\magento\1
09:32:42     Izvoz profila MAGENTO_STOCK_PRICES končan: 2071 vrstic v C:\Users\david\Desktop\PIM\NoviPIM\izvoz\magento\2
09:32:46     Izvoz profila MAGENTO_STOCK_PRICES končan: 2488 vrstic v C:\Users\david\Desktop\PIM\NoviPIM\izvoz\magento\3
09:32:47     Izvoz profila MAGENTO_STOCK_PRICES končan: 0 vrstic v C:\Users\david\Desktop\PIM\NoviPIM\izvoz\magento\4
09:32:47     konec: Izvoz cen in zaloge za splet
09:32:47  Zalogovni cikel koncan; padlih korakov: 0.
09:37:26  == Zaloga NW_STOCK ==
09:37:27     [NW_STOCK] preskoceno: Razmik dobavitelja se tece; naslednji prenos po 3. 09. 2026 11:02.
09:37:27     Prevzem koncan: uspesno 0, neuspesno 0, skupaj virov 1.
09:37:28     Prebranih zapisov: 2763; SHA-256: bc3d588846ab1c2aaadb4231937f5383b486e7198c814c671773d51c6170e5ab
09:37:28     Ta posnetek je ze v bazi; vir=NW_STOCK, podjetje=1, cas posnetka=2026-09-03 07:02:28Z, uporabljenih=2763, v karanteni=0, RunId=ba0e50ed-d58f-4f20-ab5b-66ed73f2e35a. Zapisano ni bilo nic.
09:37:29     Prebranih zapisov: 2763; SHA-256: bc3d588846ab1c2aaadb4231937f5383b486e7198c814c671773d51c6170e5ab
09:37:29     Ta posnetek je ze v bazi; vir=NW_STOCK, podjetje=2, cas posnetka=2026-09-03 07:02:28Z, uporabljenih=2763, v karanteni=0, RunId=1eb8b6f0-e3f6-4f30-ad6c-cdc268cfe027. Zapisano ni bilo nic.
09:37:30     Prebranih zapisov: 2763; SHA-256: bc3d588846ab1c2aaadb4231937f5383b486e7198c814c671773d51c6170e5ab
09:37:30     Ta posnetek je ze v bazi; vir=NW_STOCK, podjetje=3, cas posnetka=2026-09-03 07:02:28Z, uporabljenih=2763, v karanteni=0, RunId=a492b0cd-8d79-45ff-85ac-0477bc1deda5. Zapisano ni bilo nic.
09:37:31     Prebranih zapisov: 2763; SHA-256: bc3d588846ab1c2aaadb4231937f5383b486e7198c814c671773d51c6170e5ab
09:37:31     STOCK_FILE pri podjetju 4: se ni na vrsti po razporedu; preskoceno.
09:37:31     konec: Zaloga NW_STOCK
09:37:31  == Zaloga BT_STOCK ==
09:37:32     SOURCE_FETCH: se ni na vrsti po razporedu; preskoceno.
09:37:33     Prebranih zapisov: 1389; SHA-256: 88b7c3e1f331eec94b93a68da91e45c3cb67f61785dc722e54236f147e3efb63
09:37:33     STOCK_FILE pri podjetju 1: se ni na vrsti po razporedu; preskoceno.
09:37:34     Prebranih zapisov: 1389; SHA-256: 88b7c3e1f331eec94b93a68da91e45c3cb67f61785dc722e54236f147e3efb63
09:37:34     STOCK_FILE pri podjetju 2: se ni na vrsti po razporedu; preskoceno.
09:37:35     Prebranih zapisov: 1389; SHA-256: 88b7c3e1f331eec94b93a68da91e45c3cb67f61785dc722e54236f147e3efb63
09:37:35     STOCK_FILE pri podjetju 3: se ni na vrsti po razporedu; preskoceno.
09:37:36     Prebranih zapisov: 1389; SHA-256: 88b7c3e1f331eec94b93a68da91e45c3cb67f61785dc722e54236f147e3efb63
09:37:36     Ta posnetek je ze v bazi; vir=BT_STOCK, podjetje=4, cas posnetka=2026-09-02 16:39:55Z, uporabljenih=1389, v karanteni=0, RunId=79b3b0aa-02c9-4df1-aeae-e68412b1e9e4. Zapisano ni bilo nic.
09:37:36     konec: Zaloga BT_STOCK
09:37:36  == Zaloga iz SAOP (kolicine) ==
09:37:37     [1] SAOP_STOCK: se ni na vrsti po razporedu; preskoceno.
09:37:37     [2] SAOP_STOCK: se ni na vrsti po razporedu; preskoceno.
09:37:37     [3] SAOP_STOCK: se ni na vrsti po razporedu; preskoceno.
09:37:37     [4] SAOP_STOCK: se ni na vrsti po razporedu; preskoceno.
09:37:37     konec: Zaloga iz SAOP (kolicine)
09:37:37  == Izvoz cen in zaloge za splet ==
09:37:39     Izvoz profila MAGENTO_STOCK_PRICES končan: 352 vrstic v C:\Users\david\Desktop\PIM\NoviPIM\izvoz\magento\1
09:37:42     Izvoz profila MAGENTO_STOCK_PRICES končan: 2071 vrstic v C:\Users\david\Desktop\PIM\NoviPIM\izvoz\magento\2
09:37:46     Izvoz profila MAGENTO_STOCK_PRICES končan: 2488 vrstic v C:\Users\david\Desktop\PIM\NoviPIM\izvoz\magento\3
09:37:47     Izvoz profila MAGENTO_STOCK_PRICES končan: 0 vrstic v C:\Users\david\Desktop\PIM\NoviPIM\izvoz\magento\4
09:37:47     konec: Izvoz cen in zaloge za splet
09:37:47  Zalogovni cikel koncan; padlih korakov: 0.
09:42:26  == Zaloga NW_STOCK ==
09:42:27     SOURCE_FETCH: se ni na vrsti po razporedu; preskoceno.
09:42:28     Prebranih zapisov: 2763; SHA-256: bc3d588846ab1c2aaadb4231937f5383b486e7198c814c671773d51c6170e5ab
09:42:28     STOCK_FILE pri podjetju 1: se ni na vrsti po razporedu; preskoceno.
09:42:29     Prebranih zapisov: 2763; SHA-256: bc3d588846ab1c2aaadb4231937f5383b486e7198c814c671773d51c6170e5ab
09:42:29     STOCK_FILE pri podjetju 2: se ni na vrsti po razporedu; preskoceno.
09:42:30     Prebranih zapisov: 2763; SHA-256: bc3d588846ab1c2aaadb4231937f5383b486e7198c814c671773d51c6170e5ab
09:42:30     STOCK_FILE pri podjetju 3: se ni na vrsti po razporedu; preskoceno.
09:42:31     Prebranih zapisov: 2763; SHA-256: bc3d588846ab1c2aaadb4231937f5383b486e7198c814c671773d51c6170e5ab
09:42:31     STOCK_FILE pri podjetju 4: se ni na vrsti po razporedu; preskoceno.
09:42:31     konec: Zaloga NW_STOCK
09:42:31  == Zaloga BT_STOCK ==
09:42:32     [BT_STOCK] preskoceno: Razmik dobavitelja se tece; naslednji prenos po 3. 09. 2026 10:32.
09:42:32     Prevzem koncan: uspesno 0, neuspesno 0, skupaj virov 1.
09:42:33     Prebranih zapisov: 1389; SHA-256: 88b7c3e1f331eec94b93a68da91e45c3cb67f61785dc722e54236f147e3efb63
09:42:33     Ta posnetek je ze v bazi; vir=BT_STOCK, podjetje=1, cas posnetka=2026-09-02 16:39:55Z, uporabljenih=1389, v karanteni=0, RunId=e4912780-b225-4977-b541-4c5c7a771824. Zapisano ni bilo nic.
09:42:34     Prebranih zapisov: 1389; SHA-256: 88b7c3e1f331eec94b93a68da91e45c3cb67f61785dc722e54236f147e3efb63
09:42:34     Ta posnetek je ze v bazi; vir=BT_STOCK, podjetje=2, cas posnetka=2026-09-02 16:39:55Z, uporabljenih=1389, v karanteni=0, RunId=f1953183-3abf-42a5-91cd-1677b89581d1. Zapisano ni bilo nic.
09:42:35     Prebranih zapisov: 1389; SHA-256: 88b7c3e1f331eec94b93a68da91e45c3cb67f61785dc722e54236f147e3efb63
09:42:35     Ta posnetek je ze v bazi; vir=BT_STOCK, podjetje=3, cas posnetka=2026-09-02 16:39:55Z, uporabljenih=1389, v karanteni=0, RunId=680e3a50-81b6-4668-860d-52d0c1e429d4. Zapisano ni bilo nic.
09:42:36     Prebranih zapisov: 1389; SHA-256: 88b7c3e1f331eec94b93a68da91e45c3cb67f61785dc722e54236f147e3efb63
09:42:36     STOCK_FILE pri podjetju 4: se ni na vrsti po razporedu; preskoceno.
09:42:36     konec: Zaloga BT_STOCK
09:42:36  == Zaloga iz SAOP (kolicine) ==
09:42:37     [1] SAOP_STOCK: se ni na vrsti po razporedu; preskoceno.
09:42:37     [2] SAOP_STOCK: se ni na vrsti po razporedu; preskoceno.
09:42:37     [3] SAOP_STOCK: se ni na vrsti po razporedu; preskoceno.
09:42:37     [4] SAOP_STOCK: se ni na vrsti po razporedu; preskoceno.
09:42:37     konec: Zaloga iz SAOP (kolicine)
09:42:37  == Izvoz cen in zaloge za splet ==
09:42:39     Izvoz profila MAGENTO_STOCK_PRICES končan: 352 vrstic v C:\Users\david\Desktop\PIM\NoviPIM\izvoz\magento\1
09:42:42     Izvoz profila MAGENTO_STOCK_PRICES končan: 2071 vrstic v C:\Users\david\Desktop\PIM\NoviPIM\izvoz\magento\2
09:42:46     Izvoz profila MAGENTO_STOCK_PRICES končan: 2488 vrstic v C:\Users\david\Desktop\PIM\NoviPIM\izvoz\magento\3
09:42:47     Izvoz profila MAGENTO_STOCK_PRICES končan: 0 vrstic v C:\Users\david\Desktop\PIM\NoviPIM\izvoz\magento\4
09:42:47     konec: Izvoz cen in zaloge za splet
09:42:47  Zalogovni cikel koncan; padlih korakov: 0.
09:47:26  == Zaloga NW_STOCK ==
09:47:27     SOURCE_FETCH: se ni na vrsti po razporedu; preskoceno.
09:47:28     Prebranih zapisov: 2763; SHA-256: bc3d588846ab1c2aaadb4231937f5383b486e7198c814c671773d51c6170e5ab
09:47:28     STOCK_FILE pri podjetju 1: se ni na vrsti po razporedu; preskoceno.
09:47:29     Prebranih zapisov: 2763; SHA-256: bc3d588846ab1c2aaadb4231937f5383b486e7198c814c671773d51c6170e5ab
09:47:29     STOCK_FILE pri podjetju 2: se ni na vrsti po razporedu; preskoceno.
09:47:30     Prebranih zapisov: 2763; SHA-256: bc3d588846ab1c2aaadb4231937f5383b486e7198c814c671773d51c6170e5ab
09:47:30     STOCK_FILE pri podjetju 3: se ni na vrsti po razporedu; preskoceno.
09:47:31     Prebranih zapisov: 2763; SHA-256: bc3d588846ab1c2aaadb4231937f5383b486e7198c814c671773d51c6170e5ab
09:47:31     Ta posnetek je ze v bazi; vir=NW_STOCK, podjetje=4, cas posnetka=2026-09-03 07:02:28Z, uporabljenih=2763, v karanteni=0, RunId=dcc4c7f1-3e7c-4e4e-8a9b-f91c61ef4e95. Zapisano ni bilo nic.
09:47:31     konec: Zaloga NW_STOCK
09:47:31  == Zaloga BT_STOCK ==
09:47:32     [BT_STOCK] preskoceno: Razmik dobavitelja se tece; naslednji prenos po 3. 09. 2026 10:32.
09:47:32     Prevzem koncan: uspesno 0, neuspesno 0, skupaj virov 1.
09:47:33     Prebranih zapisov: 1389; SHA-256: 88b7c3e1f331eec94b93a68da91e45c3cb67f61785dc722e54236f147e3efb63
09:47:33     Ta posnetek je ze v bazi; vir=BT_STOCK, podjetje=1, cas posnetka=2026-09-02 16:39:55Z, uporabljenih=1389, v karanteni=0, RunId=e4912780-b225-4977-b541-4c5c7a771824. Zapisano ni bilo nic.
09:47:34     Prebranih zapisov: 1389; SHA-256: 88b7c3e1f331eec94b93a68da91e45c3cb67f61785dc722e54236f147e3efb63
09:47:34     Ta posnetek je ze v bazi; vir=BT_STOCK, podjetje=2, cas posnetka=2026-09-02 16:39:55Z, uporabljenih=1389, v karanteni=0, RunId=f1953183-3abf-42a5-91cd-1677b89581d1. Zapisano ni bilo nic.
09:47:35     Prebranih zapisov: 1389; SHA-256: 88b7c3e1f331eec94b93a68da91e45c3cb67f61785dc722e54236f147e3efb63
09:47:35     Ta posnetek je ze v bazi; vir=BT_STOCK, podjetje=3, cas posnetka=2026-09-02 16:39:55Z, uporabljenih=1389, v karanteni=0, RunId=680e3a50-81b6-4668-860d-52d0c1e429d4. Zapisano ni bilo nic.
09:47:36     Prebranih zapisov: 1389; SHA-256: 88b7c3e1f331eec94b93a68da91e45c3cb67f61785dc722e54236f147e3efb63
09:47:36     STOCK_FILE pri podjetju 4: se ni na vrsti po razporedu; preskoceno.
09:47:36     konec: Zaloga BT_STOCK
09:47:36  == Zaloga iz SAOP (kolicine) ==
09:47:37     [1] SAOP_STOCK: se ni na vrsti po razporedu; preskoceno.
09:47:37     [2] SAOP_STOCK: se ni na vrsti po razporedu; preskoceno.
09:47:37     [3] SAOP_STOCK: se ni na vrsti po razporedu; preskoceno.
09:47:37     [4] SAOP_STOCK: se ni na vrsti po razporedu; preskoceno.
09:47:37     konec: Zaloga iz SAOP (kolicine)
09:47:37  == Izvoz cen in zaloge za splet ==
09:47:39     Izvoz profila MAGENTO_STOCK_PRICES končan: 352 vrstic v C:\Users\david\Desktop\PIM\NoviPIM\izvoz\magento\1
09:47:43     Izvoz profila MAGENTO_STOCK_PRICES končan: 2071 vrstic v C:\Users\david\Desktop\PIM\NoviPIM\izvoz\magento\2
09:47:46     Izvoz profila MAGENTO_STOCK_PRICES končan: 2488 vrstic v C:\Users\david\Desktop\PIM\NoviPIM\izvoz\magento\3
09:47:47     Izvoz profila MAGENTO_STOCK_PRICES končan: 0 vrstic v C:\Users\david\Desktop\PIM\NoviPIM\izvoz\magento\4
09:47:47     konec: Izvoz cen in zaloge za splet
09:47:47  Zalogovni cikel koncan; padlih korakov: 0.
09:52:26  == Zaloga NW_STOCK ==
09:52:27     SOURCE_FETCH: se ni na vrsti po razporedu; preskoceno.
09:52:28     Prebranih zapisov: 2763; SHA-256: bc3d588846ab1c2aaadb4231937f5383b486e7198c814c671773d51c6170e5ab
09:52:28     STOCK_FILE pri podjetju 1: se ni na vrsti po razporedu; preskoceno.
09:52:29     Prebranih zapisov: 2763; SHA-256: bc3d588846ab1c2aaadb4231937f5383b486e7198c814c671773d51c6170e5ab
09:52:29     STOCK_FILE pri podjetju 2: se ni na vrsti po razporedu; preskoceno.
09:52:30     Prebranih zapisov: 2763; SHA-256: bc3d588846ab1c2aaadb4231937f5383b486e7198c814c671773d51c6170e5ab
09:52:30     STOCK_FILE pri podjetju 3: se ni na vrsti po razporedu; preskoceno.
09:52:31     Prebranih zapisov: 2763; SHA-256: bc3d588846ab1c2aaadb4231937f5383b486e7198c814c671773d51c6170e5ab
09:52:31     STOCK_FILE pri podjetju 4: se ni na vrsti po razporedu; preskoceno.
09:52:31     konec: Zaloga NW_STOCK
09:52:31  == Zaloga BT_STOCK ==
09:52:32     SOURCE_FETCH: se ni na vrsti po razporedu; preskoceno.
09:52:33     Prebranih zapisov: 1389; SHA-256: 88b7c3e1f331eec94b93a68da91e45c3cb67f61785dc722e54236f147e3efb63
09:52:33     STOCK_FILE pri podjetju 1: se ni na vrsti po razporedu; preskoceno.
09:52:34     Prebranih zapisov: 1389; SHA-256: 88b7c3e1f331eec94b93a68da91e45c3cb67f61785dc722e54236f147e3efb63
09:52:34     STOCK_FILE pri podjetju 2: se ni na vrsti po razporedu; preskoceno.
09:52:35     Prebranih zapisov: 1389; SHA-256: 88b7c3e1f331eec94b93a68da91e45c3cb67f61785dc722e54236f147e3efb63
09:52:35     STOCK_FILE pri podjetju 3: se ni na vrsti po razporedu; preskoceno.
09:52:36     Prebranih zapisov: 1389; SHA-256: 88b7c3e1f331eec94b93a68da91e45c3cb67f61785dc722e54236f147e3efb63
09:52:36     Ta posnetek je ze v bazi; vir=BT_STOCK, podjetje=4, cas posnetka=2026-09-02 16:39:55Z, uporabljenih=1389, v karanteni=0, RunId=79b3b0aa-02c9-4df1-aeae-e68412b1e9e4. Zapisano ni bilo nic.
09:52:36     konec: Zaloga BT_STOCK
09:52:36  == Zaloga iz SAOP (kolicine) ==
09:52:37     [1] SAOP_STOCK: se ni na vrsti po razporedu; preskoceno.
09:52:37     [2] SAOP_STOCK: se ni na vrsti po razporedu; preskoceno.
09:52:37     [3] SAOP_STOCK: se ni na vrsti po razporedu; preskoceno.
09:52:37     [4] SAOP_STOCK: se ni na vrsti po razporedu; preskoceno.
09:52:37     konec: Zaloga iz SAOP (kolicine)
09:52:37  == Izvoz cen in zaloge za splet ==
09:52:38     Izvoz profila MAGENTO_STOCK_PRICES končan: 352 vrstic v C:\Users\david\Desktop\PIM\NoviPIM\izvoz\magento\1
09:52:42     Izvoz profila MAGENTO_STOCK_PRICES končan: 2071 vrstic v C:\Users\david\Desktop\PIM\NoviPIM\izvoz\magento\2
09:52:46     Izvoz profila MAGENTO_STOCK_PRICES končan: 2488 vrstic v C:\Users\david\Desktop\PIM\NoviPIM\izvoz\magento\3
09:52:47     Izvoz profila MAGENTO_STOCK_PRICES končan: 0 vrstic v C:\Users\david\Desktop\PIM\NoviPIM\izvoz\magento\4
09:52:47     konec: Izvoz cen in zaloge za splet
09:52:47  Zalogovni cikel koncan; padlih korakov: 0.
09:57:26  == Zaloga NW_STOCK ==
09:57:27     [NW_STOCK] preskoceno: Razmik dobavitelja se tece; naslednji prenos po 3. 09. 2026 11:02.
09:57:27     Prevzem koncan: uspesno 0, neuspesno 0, skupaj virov 1.
09:57:28     Prebranih zapisov: 2763; SHA-256: bc3d588846ab1c2aaadb4231937f5383b486e7198c814c671773d51c6170e5ab
09:57:28     Ta posnetek je ze v bazi; vir=NW_STOCK, podjetje=1, cas posnetka=2026-09-03 07:02:28Z, uporabljenih=2763, v karanteni=0, RunId=ba0e50ed-d58f-4f20-ab5b-66ed73f2e35a. Zapisano ni bilo nic.
09:57:29     Prebranih zapisov: 2763; SHA-256: bc3d588846ab1c2aaadb4231937f5383b486e7198c814c671773d51c6170e5ab
09:57:29     Ta posnetek je ze v bazi; vir=NW_STOCK, podjetje=2, cas posnetka=2026-09-03 07:02:28Z, uporabljenih=2763, v karanteni=0, RunId=1eb8b6f0-e3f6-4f30-ad6c-cdc268cfe027. Zapisano ni bilo nic.
09:57:30     Prebranih zapisov: 2763; SHA-256: bc3d588846ab1c2aaadb4231937f5383b486e7198c814c671773d51c6170e5ab
09:57:30     Ta posnetek je ze v bazi; vir=NW_STOCK, podjetje=3, cas posnetka=2026-09-03 07:02:28Z, uporabljenih=2763, v karanteni=0, RunId=a492b0cd-8d79-45ff-85ac-0477bc1deda5. Zapisano ni bilo nic.
09:57:31     Prebranih zapisov: 2763; SHA-256: bc3d588846ab1c2aaadb4231937f5383b486e7198c814c671773d51c6170e5ab
09:57:31     STOCK_FILE pri podjetju 4: se ni na vrsti po razporedu; preskoceno.
09:57:31     konec: Zaloga NW_STOCK
09:57:31  == Zaloga BT_STOCK ==
09:57:32     SOURCE_FETCH: se ni na vrsti po razporedu; preskoceno.
09:57:33     Prebranih zapisov: 1389; SHA-256: 88b7c3e1f331eec94b93a68da91e45c3cb67f61785dc722e54236f147e3efb63
09:57:33     STOCK_FILE pri podjetju 1: se ni na vrsti po razporedu; preskoceno.
09:57:34     Prebranih zapisov: 1389; SHA-256: 88b7c3e1f331eec94b93a68da91e45c3cb67f61785dc722e54236f147e3efb63
09:57:34     STOCK_FILE pri podjetju 2: se ni na vrsti po razporedu; preskoceno.
09:57:35     Prebranih zapisov: 1389; SHA-256: 88b7c3e1f331eec94b93a68da91e45c3cb67f61785dc722e54236f147e3efb63
09:57:35     STOCK_FILE pri podjetju 3: se ni na vrsti po razporedu; preskoceno.
09:57:36     Prebranih zapisov: 1389; SHA-256: 88b7c3e1f331eec94b93a68da91e45c3cb67f61785dc722e54236f147e3efb63
09:57:36     Ta posnetek je ze v bazi; vir=BT_STOCK, podjetje=4, cas posnetka=2026-09-02 16:39:55Z, uporabljenih=1389, v karanteni=0, RunId=79b3b0aa-02c9-4df1-aeae-e68412b1e9e4. Zapisano ni bilo nic.
09:57:36     konec: Zaloga BT_STOCK
09:57:36  == Zaloga iz SAOP (kolicine) ==
09:57:37     [1] SAOP_STOCK: se ni na vrsti po razporedu; preskoceno.
09:57:37     [2] SAOP_STOCK: se ni na vrsti po razporedu; preskoceno.
09:57:37     [3] SAOP_STOCK: se ni na vrsti po razporedu; preskoceno.
09:57:37     [4] SAOP_STOCK: se ni na vrsti po razporedu; preskoceno.
09:57:37     konec: Zaloga iz SAOP (kolicine)
09:57:37  == Izvoz cen in zaloge za splet ==
09:57:39     Izvoz profila MAGENTO_STOCK_PRICES končan: 352 vrstic v C:\Users\david\Desktop\PIM\NoviPIM\izvoz\magento\1
09:57:42     Izvoz profila MAGENTO_STOCK_PRICES končan: 2071 vrstic v C:\Users\david\Desktop\PIM\NoviPIM\izvoz\magento\2
09:57:46     Izvoz profila MAGENTO_STOCK_PRICES končan: 2488 vrstic v C:\Users\david\Desktop\PIM\NoviPIM\izvoz\magento\3
09:57:47     Izvoz profila MAGENTO_STOCK_PRICES končan: 0 vrstic v C:\Users\david\Desktop\PIM\NoviPIM\izvoz\magento\4
09:57:47     konec: Izvoz cen in zaloge za splet
09:57:47  Zalogovni cikel koncan; padlih korakov: 0.
10:02:26  == Zaloga NW_STOCK ==
10:02:27     SOURCE_FETCH: se ni na vrsti po razporedu; preskoceno.
10:02:28     Prebranih zapisov: 2763; SHA-256: bc3d588846ab1c2aaadb4231937f5383b486e7198c814c671773d51c6170e5ab
10:02:28     STOCK_FILE pri podjetju 1: se ni na vrsti po razporedu; preskoceno.
10:02:29     Prebranih zapisov: 2763; SHA-256: bc3d588846ab1c2aaadb4231937f5383b486e7198c814c671773d51c6170e5ab
10:02:29     STOCK_FILE pri podjetju 2: se ni na vrsti po razporedu; preskoceno.
10:02:30     Prebranih zapisov: 2763; SHA-256: bc3d588846ab1c2aaadb4231937f5383b486e7198c814c671773d51c6170e5ab
10:02:30     STOCK_FILE pri podjetju 3: se ni na vrsti po razporedu; preskoceno.
10:02:31     Prebranih zapisov: 2763; SHA-256: bc3d588846ab1c2aaadb4231937f5383b486e7198c814c671773d51c6170e5ab
10:02:31     STOCK_FILE pri podjetju 4: se ni na vrsti po razporedu; preskoceno.
10:02:31     konec: Zaloga NW_STOCK
10:02:31  == Zaloga BT_STOCK ==
10:02:32     [BT_STOCK] preskoceno: Razmik dobavitelja se tece; naslednji prenos po 3. 09. 2026 10:32.
10:02:32     Prevzem koncan: uspesno 0, neuspesno 0, skupaj virov 1.
10:02:33     Prebranih zapisov: 1389; SHA-256: 88b7c3e1f331eec94b93a68da91e45c3cb67f61785dc722e54236f147e3efb63
10:02:33     Ta posnetek je ze v bazi; vir=BT_STOCK, podjetje=1, cas posnetka=2026-09-02 16:39:55Z, uporabljenih=1389, v karanteni=0, RunId=e4912780-b225-4977-b541-4c5c7a771824. Zapisano ni bilo nic.
10:02:34     Prebranih zapisov: 1389; SHA-256: 88b7c3e1f331eec94b93a68da91e45c3cb67f61785dc722e54236f147e3efb63
10:02:34     Ta posnetek je ze v bazi; vir=BT_STOCK, podjetje=2, cas posnetka=2026-09-02 16:39:55Z, uporabljenih=1389, v karanteni=0, RunId=f1953183-3abf-42a5-91cd-1677b89581d1. Zapisano ni bilo nic.
10:02:35     Prebranih zapisov: 1389; SHA-256: 88b7c3e1f331eec94b93a68da91e45c3cb67f61785dc722e54236f147e3efb63
10:02:35     Ta posnetek je ze v bazi; vir=BT_STOCK, podjetje=3, cas posnetka=2026-09-02 16:39:55Z, uporabljenih=1389, v karanteni=0, RunId=680e3a50-81b6-4668-860d-52d0c1e429d4. Zapisano ni bilo nic.
10:02:36     Prebranih zapisov: 1389; SHA-256: 88b7c3e1f331eec94b93a68da91e45c3cb67f61785dc722e54236f147e3efb63
10:02:36     Ta posnetek je ze v bazi; vir=BT_STOCK, podjetje=4, cas posnetka=2026-09-02 16:39:55Z, uporabljenih=1389, v karanteni=0, RunId=79b3b0aa-02c9-4df1-aeae-e68412b1e9e4. Zapisano ni bilo nic.
10:02:36     konec: Zaloga BT_STOCK
10:02:36  == Zaloga iz SAOP (kolicine) ==
10:02:37     [1] SAOP_STOCK: se ni na vrsti po razporedu; preskoceno.
10:02:37     [2] SAOP_STOCK: se ni na vrsti po razporedu; preskoceno.
10:02:37     [3] SAOP_STOCK: se ni na vrsti po razporedu; preskoceno.
10:02:37     [4] SAOP_STOCK: se ni na vrsti po razporedu; preskoceno.
10:02:37     konec: Zaloga iz SAOP (kolicine)
10:02:37  == Izvoz cen in zaloge za splet ==
10:02:39     Izvoz profila MAGENTO_STOCK_PRICES končan: 352 vrstic v C:\Users\david\Desktop\PIM\NoviPIM\izvoz\magento\1
10:02:42     Izvoz profila MAGENTO_STOCK_PRICES končan: 2071 vrstic v C:\Users\david\Desktop\PIM\NoviPIM\izvoz\magento\2
10:02:46     Izvoz profila MAGENTO_STOCK_PRICES končan: 2488 vrstic v C:\Users\david\Desktop\PIM\NoviPIM\izvoz\magento\3
10:02:47     Izvoz profila MAGENTO_STOCK_PRICES končan: 0 vrstic v C:\Users\david\Desktop\PIM\NoviPIM\izvoz\magento\4
10:02:47     konec: Izvoz cen in zaloge za splet
10:02:47  Zalogovni cikel koncan; padlih korakov: 0.
10:07:26  == Zaloga NW_STOCK ==
10:07:27     SOURCE_FETCH: se ni na vrsti po razporedu; preskoceno.
10:07:28     Prebranih zapisov: 2763; SHA-256: bc3d588846ab1c2aaadb4231937f5383b486e7198c814c671773d51c6170e5ab
10:07:28     STOCK_FILE pri podjetju 1: se ni na vrsti po razporedu; preskoceno.
10:07:29     Prebranih zapisov: 2763; SHA-256: bc3d588846ab1c2aaadb4231937f5383b486e7198c814c671773d51c6170e5ab
10:07:29     STOCK_FILE pri podjetju 2: se ni na vrsti po razporedu; preskoceno.
10:07:30     Prebranih zapisov: 2763; SHA-256: bc3d588846ab1c2aaadb4231937f5383b486e7198c814c671773d51c6170e5ab
10:07:30     STOCK_FILE pri podjetju 3: se ni na vrsti po razporedu; preskoceno.
10:07:31     Prebranih zapisov: 2763; SHA-256: bc3d588846ab1c2aaadb4231937f5383b486e7198c814c671773d51c6170e5ab
10:07:31     STOCK_FILE pri podjetju 4: se ni na vrsti po razporedu; preskoceno.
10:07:31     konec: Zaloga NW_STOCK
10:07:31  == Zaloga BT_STOCK ==
10:07:32     SOURCE_FETCH: se ni na vrsti po razporedu; preskoceno.
10:07:33     Prebranih zapisov: 1389; SHA-256: 88b7c3e1f331eec94b93a68da91e45c3cb67f61785dc722e54236f147e3efb63
10:07:33     STOCK_FILE pri podjetju 1: se ni na vrsti po razporedu; preskoceno.
10:07:34     Prebranih zapisov: 1389; SHA-256: 88b7c3e1f331eec94b93a68da91e45c3cb67f61785dc722e54236f147e3efb63
10:07:34     STOCK_FILE pri podjetju 2: se ni na vrsti po razporedu; preskoceno.
10:07:35     Prebranih zapisov: 1389; SHA-256: 88b7c3e1f331eec94b93a68da91e45c3cb67f61785dc722e54236f147e3efb63
10:07:35     STOCK_FILE pri podjetju 3: se ni na vrsti po razporedu; preskoceno.
10:07:36     Prebranih zapisov: 1389; SHA-256: 88b7c3e1f331eec94b93a68da91e45c3cb67f61785dc722e54236f147e3efb63
10:07:36     STOCK_FILE pri podjetju 4: se ni na vrsti po razporedu; preskoceno.
10:07:36     konec: Zaloga BT_STOCK
10:07:36  == Zaloga iz SAOP (kolicine) ==
10:07:37     [1] SAOP_STOCK: se ni na vrsti po razporedu; preskoceno.
10:07:37     [2] SAOP_STOCK: se ni na vrsti po razporedu; preskoceno.
10:07:37     [3] SAOP_STOCK: se ni na vrsti po razporedu; preskoceno.
10:07:37     [4] SAOP_STOCK: se ni na vrsti po razporedu; preskoceno.
10:07:37     konec: Zaloga iz SAOP (kolicine)
10:07:37  == Izvoz cen in zaloge za splet ==
10:07:38     Izvoz profila MAGENTO_STOCK_PRICES končan: 352 vrstic v C:\Users\david\Desktop\PIM\NoviPIM\izvoz\magento\1
10:07:42     Izvoz profila MAGENTO_STOCK_PRICES končan: 2071 vrstic v C:\Users\david\Desktop\PIM\NoviPIM\izvoz\magento\2
10:07:46     Izvoz profila MAGENTO_STOCK_PRICES končan: 2488 vrstic v C:\Users\david\Desktop\PIM\NoviPIM\izvoz\magento\3
10:07:47     Izvoz profila MAGENTO_STOCK_PRICES končan: 0 vrstic v C:\Users\david\Desktop\PIM\NoviPIM\izvoz\magento\4
10:07:47     konec: Izvoz cen in zaloge za splet
10:07:47  Zalogovni cikel koncan; padlih korakov: 0.
10:12:26  == Zaloga NW_STOCK ==
10:12:27     [NW_STOCK] preskoceno: Razmik dobavitelja se tece; naslednji prenos po 3. 09. 2026 11:02.
10:12:27     Prevzem koncan: uspesno 0, neuspesno 0, skupaj virov 1.
10:12:28     Prebranih zapisov: 2763; SHA-256: bc3d588846ab1c2aaadb4231937f5383b486e7198c814c671773d51c6170e5ab
10:12:28     Ta posnetek je ze v bazi; vir=NW_STOCK, podjetje=1, cas posnetka=2026-09-03 07:02:28Z, uporabljenih=2763, v karanteni=0, RunId=ba0e50ed-d58f-4f20-ab5b-66ed73f2e35a. Zapisano ni bilo nic.
10:12:29     Prebranih zapisov: 2763; SHA-256: bc3d588846ab1c2aaadb4231937f5383b486e7198c814c671773d51c6170e5ab
10:12:29     Ta posnetek je ze v bazi; vir=NW_STOCK, podjetje=2, cas posnetka=2026-09-03 07:02:28Z, uporabljenih=2763, v karanteni=0, RunId=1eb8b6f0-e3f6-4f30-ad6c-cdc268cfe027. Zapisano ni bilo nic.
10:12:30     Prebranih zapisov: 2763; SHA-256: bc3d588846ab1c2aaadb4231937f5383b486e7198c814c671773d51c6170e5ab
10:12:30     Ta posnetek je ze v bazi; vir=NW_STOCK, podjetje=3, cas posnetka=2026-09-03 07:02:28Z, uporabljenih=2763, v karanteni=0, RunId=a492b0cd-8d79-45ff-85ac-0477bc1deda5. Zapisano ni bilo nic.
10:12:31     Prebranih zapisov: 2763; SHA-256: bc3d588846ab1c2aaadb4231937f5383b486e7198c814c671773d51c6170e5ab
10:12:31     Ta posnetek je ze v bazi; vir=NW_STOCK, podjetje=4, cas posnetka=2026-09-03 07:02:28Z, uporabljenih=2763, v karanteni=0, RunId=dcc4c7f1-3e7c-4e4e-8a9b-f91c61ef4e95. Zapisano ni bilo nic.
10:12:31     konec: Zaloga NW_STOCK
10:12:31  == Zaloga BT_STOCK ==
10:12:32     SOURCE_FETCH: se ni na vrsti po razporedu; preskoceno.
10:12:33     Prebranih zapisov: 1389; SHA-256: 88b7c3e1f331eec94b93a68da91e45c3cb67f61785dc722e54236f147e3efb63
10:12:33     STOCK_FILE pri podjetju 1: se ni na vrsti po razporedu; preskoceno.
10:12:34     Prebranih zapisov: 1389; SHA-256: 88b7c3e1f331eec94b93a68da91e45c3cb67f61785dc722e54236f147e3efb63
10:12:34     STOCK_FILE pri podjetju 2: se ni na vrsti po razporedu; preskoceno.
10:12:35     Prebranih zapisov: 1389; SHA-256: 88b7c3e1f331eec94b93a68da91e45c3cb67f61785dc722e54236f147e3efb63
10:12:35     STOCK_FILE pri podjetju 3: se ni na vrsti po razporedu; preskoceno.
10:12:36     Prebranih zapisov: 1389; SHA-256: 88b7c3e1f331eec94b93a68da91e45c3cb67f61785dc722e54236f147e3efb63
10:12:36     STOCK_FILE pri podjetju 4: se ni na vrsti po razporedu; preskoceno.
10:12:36     konec: Zaloga BT_STOCK
10:12:36  == Zaloga iz SAOP (kolicine) ==
10:12:37     [1] SAOP_STOCK: se ni na vrsti po razporedu; preskoceno.
10:12:37     [2] SAOP_STOCK: se ni na vrsti po razporedu; preskoceno.
10:12:37     [3] SAOP_STOCK: se ni na vrsti po razporedu; preskoceno.
10:12:37     [4] SAOP_STOCK: se ni na vrsti po razporedu; preskoceno.
10:12:37     konec: Zaloga iz SAOP (kolicine)
10:12:37  == Izvoz cen in zaloge za splet ==
10:12:39     Izvoz profila MAGENTO_STOCK_PRICES končan: 352 vrstic v C:\Users\david\Desktop\PIM\NoviPIM\izvoz\magento\1
10:12:42     Izvoz profila MAGENTO_STOCK_PRICES končan: 2071 vrstic v C:\Users\david\Desktop\PIM\NoviPIM\izvoz\magento\2
10:12:46     Izvoz profila MAGENTO_STOCK_PRICES končan: 2488 vrstic v C:\Users\david\Desktop\PIM\NoviPIM\izvoz\magento\3
10:12:47     Izvoz profila MAGENTO_STOCK_PRICES končan: 0 vrstic v C:\Users\david\Desktop\PIM\NoviPIM\izvoz\magento\4
10:12:47     konec: Izvoz cen in zaloge za splet
10:12:47  Zalogovni cikel koncan; padlih korakov: 0.
10:17:26  == Zaloga NW_STOCK ==
10:17:27     SOURCE_FETCH: se ni na vrsti po razporedu; preskoceno.
10:17:28     Prebranih zapisov: 2763; SHA-256: bc3d588846ab1c2aaadb4231937f5383b486e7198c814c671773d51c6170e5ab
10:17:28     STOCK_FILE pri podjetju 1: se ni na vrsti po razporedu; preskoceno.
10:17:29     Prebranih zapisov: 2763; SHA-256: bc3d588846ab1c2aaadb4231937f5383b486e7198c814c671773d51c6170e5ab
10:17:29     STOCK_FILE pri podjetju 2: se ni na vrsti po razporedu; preskoceno.
10:17:30     Prebranih zapisov: 2763; SHA-256: bc3d588846ab1c2aaadb4231937f5383b486e7198c814c671773d51c6170e5ab
10:17:30     STOCK_FILE pri podjetju 3: se ni na vrsti po razporedu; preskoceno.
10:17:31     Prebranih zapisov: 2763; SHA-256: bc3d588846ab1c2aaadb4231937f5383b486e7198c814c671773d51c6170e5ab
10:17:31     STOCK_FILE pri podjetju 4: se ni na vrsti po razporedu; preskoceno.
10:17:31     konec: Zaloga NW_STOCK
10:17:31  == Zaloga BT_STOCK ==
10:17:32     [BT_STOCK] preskoceno: Razmik dobavitelja se tece; naslednji prenos po 3. 09. 2026 10:32.
10:17:32     Prevzem koncan: uspesno 0, neuspesno 0, skupaj virov 1.
10:17:33     Prebranih zapisov: 1389; SHA-256: 88b7c3e1f331eec94b93a68da91e45c3cb67f61785dc722e54236f147e3efb63
10:17:33     Ta posnetek je ze v bazi; vir=BT_STOCK, podjetje=1, cas posnetka=2026-09-02 16:39:55Z, uporabljenih=1389, v karanteni=0, RunId=e4912780-b225-4977-b541-4c5c7a771824. Zapisano ni bilo nic.
10:17:34     Prebranih zapisov: 1389; SHA-256: 88b7c3e1f331eec94b93a68da91e45c3cb67f61785dc722e54236f147e3efb63
10:17:34     Ta posnetek je ze v bazi; vir=BT_STOCK, podjetje=2, cas posnetka=2026-09-02 16:39:55Z, uporabljenih=1389, v karanteni=0, RunId=f1953183-3abf-42a5-91cd-1677b89581d1. Zapisano ni bilo nic.
10:17:35     Prebranih zapisov: 1389; SHA-256: 88b7c3e1f331eec94b93a68da91e45c3cb67f61785dc722e54236f147e3efb63
10:17:35     Ta posnetek je ze v bazi; vir=BT_STOCK, podjetje=3, cas posnetka=2026-09-02 16:39:55Z, uporabljenih=1389, v karanteni=0, RunId=680e3a50-81b6-4668-860d-52d0c1e429d4. Zapisano ni bilo nic.
10:17:36     Prebranih zapisov: 1389; SHA-256: 88b7c3e1f331eec94b93a68da91e45c3cb67f61785dc722e54236f147e3efb63
10:17:36     Ta posnetek je ze v bazi; vir=BT_STOCK, podjetje=4, cas posnetka=2026-09-02 16:39:55Z, uporabljenih=1389, v karanteni=0, RunId=79b3b0aa-02c9-4df1-aeae-e68412b1e9e4. Zapisano ni bilo nic.
10:17:36     konec: Zaloga BT_STOCK
10:17:36  == Zaloga iz SAOP (kolicine) ==
10:17:37     [1] SAOP_STOCK: se ni na vrsti po razporedu; preskoceno.
10:17:37     [2] SAOP_STOCK: se ni na vrsti po razporedu; preskoceno.
10:17:37     [3] SAOP_STOCK: se ni na vrsti po razporedu; preskoceno.
10:17:37     [4] SAOP_STOCK: se ni na vrsti po razporedu; preskoceno.
10:17:37     konec: Zaloga iz SAOP (kolicine)
10:17:37  == Izvoz cen in zaloge za splet ==
10:17:39     Izvoz profila MAGENTO_STOCK_PRICES končan: 352 vrstic v C:\Users\david\Desktop\PIM\NoviPIM\izvoz\magento\1
10:17:42     Izvoz profila MAGENTO_STOCK_PRICES končan: 2071 vrstic v C:\Users\david\Desktop\PIM\NoviPIM\izvoz\magento\2
10:17:46     Izvoz profila MAGENTO_STOCK_PRICES končan: 2488 vrstic v C:\Users\david\Desktop\PIM\NoviPIM\izvoz\magento\3
10:17:47     Izvoz profila MAGENTO_STOCK_PRICES končan: 0 vrstic v C:\Users\david\Desktop\PIM\NoviPIM\izvoz\magento\4
10:17:47     konec: Izvoz cen in zaloge za splet
10:17:47  Zalogovni cikel koncan; padlih korakov: 0.
10:22:26  == Zaloga NW_STOCK ==
10:22:27     SOURCE_FETCH: se ni na vrsti po razporedu; preskoceno.
10:22:28     Prebranih zapisov: 2763; SHA-256: bc3d588846ab1c2aaadb4231937f5383b486e7198c814c671773d51c6170e5ab
10:22:28     STOCK_FILE pri podjetju 1: se ni na vrsti po razporedu; preskoceno.
10:22:29     Prebranih zapisov: 2763; SHA-256: bc3d588846ab1c2aaadb4231937f5383b486e7198c814c671773d51c6170e5ab
10:22:29     STOCK_FILE pri podjetju 2: se ni na vrsti po razporedu; preskoceno.
10:22:30     Prebranih zapisov: 2763; SHA-256: bc3d588846ab1c2aaadb4231937f5383b486e7198c814c671773d51c6170e5ab
10:22:30     STOCK_FILE pri podjetju 3: se ni na vrsti po razporedu; preskoceno.
10:22:31     Prebranih zapisov: 2763; SHA-256: bc3d588846ab1c2aaadb4231937f5383b486e7198c814c671773d51c6170e5ab
10:22:31     STOCK_FILE pri podjetju 4: se ni na vrsti po razporedu; preskoceno.
10:22:31     konec: Zaloga NW_STOCK
10:22:31  == Zaloga BT_STOCK ==
10:22:32     SOURCE_FETCH: se ni na vrsti po razporedu; preskoceno.
10:22:33     Prebranih zapisov: 1389; SHA-256: 88b7c3e1f331eec94b93a68da91e45c3cb67f61785dc722e54236f147e3efb63
10:22:33     STOCK_FILE pri podjetju 1: se ni na vrsti po razporedu; preskoceno.
10:22:34     Prebranih zapisov: 1389; SHA-256: 88b7c3e1f331eec94b93a68da91e45c3cb67f61785dc722e54236f147e3efb63
10:22:34     STOCK_FILE pri podjetju 2: se ni na vrsti po razporedu; preskoceno.
10:22:34     Prebranih zapisov: 1389; SHA-256: 88b7c3e1f331eec94b93a68da91e45c3cb67f61785dc722e54236f147e3efb63
10:22:35     STOCK_FILE pri podjetju 3: se ni na vrsti po razporedu; preskoceno.
10:22:35     Prebranih zapisov: 1389; SHA-256: 88b7c3e1f331eec94b93a68da91e45c3cb67f61785dc722e54236f147e3efb63
10:22:36     STOCK_FILE pri podjetju 4: se ni na vrsti po razporedu; preskoceno.
10:22:36     konec: Zaloga BT_STOCK
10:22:36  == Zaloga iz SAOP (kolicine) ==
10:22:37     [1] SAOP_STOCK: se ni na vrsti po razporedu; preskoceno.
10:22:37     [2] SAOP_STOCK: se ni na vrsti po razporedu; preskoceno.
10:22:37     [3] SAOP_STOCK: se ni na vrsti po razporedu; preskoceno.
10:22:37     [4] SAOP_STOCK: se ni na vrsti po razporedu; preskoceno.
10:22:37     konec: Zaloga iz SAOP (kolicine)
10:22:37  == Izvoz cen in zaloge za splet ==
10:22:38     Izvoz profila MAGENTO_STOCK_PRICES končan: 352 vrstic v C:\Users\david\Desktop\PIM\NoviPIM\izvoz\magento\1
10:22:42     Izvoz profila MAGENTO_STOCK_PRICES končan: 2071 vrstic v C:\Users\david\Desktop\PIM\NoviPIM\izvoz\magento\2
10:22:45     Izvoz profila MAGENTO_STOCK_PRICES končan: 2488 vrstic v C:\Users\david\Desktop\PIM\NoviPIM\izvoz\magento\3
10:22:47     Izvoz profila MAGENTO_STOCK_PRICES končan: 0 vrstic v C:\Users\david\Desktop\PIM\NoviPIM\izvoz\magento\4
10:22:47     konec: Izvoz cen in zaloge za splet
10:22:47  Zalogovni cikel koncan; padlih korakov: 0.
10:27:26  == Zaloga NW_STOCK ==
10:27:27     [NW_STOCK] preskoceno: Razmik dobavitelja se tece; naslednji prenos po 3. 09. 2026 11:02.
10:27:27     Prevzem koncan: uspesno 0, neuspesno 0, skupaj virov 1.
10:27:28     Prebranih zapisov: 2763; SHA-256: bc3d588846ab1c2aaadb4231937f5383b486e7198c814c671773d51c6170e5ab
10:27:28     Ta posnetek je ze v bazi; vir=NW_STOCK, podjetje=1, cas posnetka=2026-09-03 07:02:28Z, uporabljenih=2763, v karanteni=0, RunId=ba0e50ed-d58f-4f20-ab5b-66ed73f2e35a. Zapisano ni bilo nic.
10:27:29     Prebranih zapisov: 2763; SHA-256: bc3d588846ab1c2aaadb4231937f5383b486e7198c814c671773d51c6170e5ab
10:27:29     Ta posnetek je ze v bazi; vir=NW_STOCK, podjetje=2, cas posnetka=2026-09-03 07:02:28Z, uporabljenih=2763, v karanteni=0, RunId=1eb8b6f0-e3f6-4f30-ad6c-cdc268cfe027. Zapisano ni bilo nic.
10:27:30     Prebranih zapisov: 2763; SHA-256: bc3d588846ab1c2aaadb4231937f5383b486e7198c814c671773d51c6170e5ab
10:27:30     Ta posnetek je ze v bazi; vir=NW_STOCK, podjetje=3, cas posnetka=2026-09-03 07:02:28Z, uporabljenih=2763, v karanteni=0, RunId=a492b0cd-8d79-45ff-85ac-0477bc1deda5. Zapisano ni bilo nic.
10:27:31     Prebranih zapisov: 2763; SHA-256: bc3d588846ab1c2aaadb4231937f5383b486e7198c814c671773d51c6170e5ab
10:27:31     Ta posnetek je ze v bazi; vir=NW_STOCK, podjetje=4, cas posnetka=2026-09-03 07:02:28Z, uporabljenih=2763, v karanteni=0, RunId=dcc4c7f1-3e7c-4e4e-8a9b-f91c61ef4e95. Zapisano ni bilo nic.
10:27:31     konec: Zaloga NW_STOCK
10:27:31  == Zaloga BT_STOCK ==
10:27:32     SOURCE_FETCH: se ni na vrsti po razporedu; preskoceno.
10:27:33     Prebranih zapisov: 1389; SHA-256: 88b7c3e1f331eec94b93a68da91e45c3cb67f61785dc722e54236f147e3efb63
10:27:33     STOCK_FILE pri podjetju 1: se ni na vrsti po razporedu; preskoceno.
10:27:34     Prebranih zapisov: 1389; SHA-256: 88b7c3e1f331eec94b93a68da91e45c3cb67f61785dc722e54236f147e3efb63
10:27:34     STOCK_FILE pri podjetju 2: se ni na vrsti po razporedu; preskoceno.
10:27:35     Prebranih zapisov: 1389; SHA-256: 88b7c3e1f331eec94b93a68da91e45c3cb67f61785dc722e54236f147e3efb63
10:27:35     STOCK_FILE pri podjetju 3: se ni na vrsti po razporedu; preskoceno.
10:27:36     Prebranih zapisov: 1389; SHA-256: 88b7c3e1f331eec94b93a68da91e45c3cb67f61785dc722e54236f147e3efb63
10:27:36     STOCK_FILE pri podjetju 4: se ni na vrsti po razporedu; preskoceno.
10:27:36     konec: Zaloga BT_STOCK
10:27:36  == Zaloga iz SAOP (kolicine) ==
10:27:37     [1] SAOP_STOCK: se ni na vrsti po razporedu; preskoceno.
10:27:37     [2] SAOP_STOCK: se ni na vrsti po razporedu; preskoceno.
10:27:37     [3] SAOP_STOCK: se ni na vrsti po razporedu; preskoceno.
10:27:37     [4] SAOP_STOCK: se ni na vrsti po razporedu; preskoceno.
10:27:37     konec: Zaloga iz SAOP (kolicine)
10:27:37  == Izvoz cen in zaloge za splet ==
10:27:39     Izvoz profila MAGENTO_STOCK_PRICES končan: 352 vrstic v C:\Users\david\Desktop\PIM\NoviPIM\izvoz\magento\1
10:27:42     Izvoz profila MAGENTO_STOCK_PRICES končan: 2071 vrstic v C:\Users\david\Desktop\PIM\NoviPIM\izvoz\magento\2
10:27:46     Izvoz profila MAGENTO_STOCK_PRICES končan: 2488 vrstic v C:\Users\david\Desktop\PIM\NoviPIM\izvoz\magento\3
10:27:47     Izvoz profila MAGENTO_STOCK_PRICES končan: 0 vrstic v C:\Users\david\Desktop\PIM\NoviPIM\izvoz\magento\4
10:27:47     konec: Izvoz cen in zaloge za splet
10:27:47  Zalogovni cikel koncan; padlih korakov: 0.
10:32:26  == Zaloga NW_STOCK ==
10:32:27     SOURCE_FETCH: se ni na vrsti po razporedu; preskoceno.
10:32:28     Prebranih zapisov: 2763; SHA-256: bc3d588846ab1c2aaadb4231937f5383b486e7198c814c671773d51c6170e5ab
10:32:28     STOCK_FILE pri podjetju 1: se ni na vrsti po razporedu; preskoceno.
10:32:29     Prebranih zapisov: 2763; SHA-256: bc3d588846ab1c2aaadb4231937f5383b486e7198c814c671773d51c6170e5ab
10:32:29     STOCK_FILE pri podjetju 2: se ni na vrsti po razporedu; preskoceno.
10:32:30     Prebranih zapisov: 2763; SHA-256: bc3d588846ab1c2aaadb4231937f5383b486e7198c814c671773d51c6170e5ab
10:32:30     STOCK_FILE pri podjetju 3: se ni na vrsti po razporedu; preskoceno.
10:32:31     Prebranih zapisov: 2763; SHA-256: bc3d588846ab1c2aaadb4231937f5383b486e7198c814c671773d51c6170e5ab
10:32:31     STOCK_FILE pri podjetju 4: se ni na vrsti po razporedu; preskoceno.
10:32:31     konec: Zaloga NW_STOCK
10:32:31  == Zaloga BT_STOCK ==
10:32:32     [BT_STOCK] preskoceno: Razmik dobavitelja se tece; naslednji prenos po 3. 09. 2026 10:32.
10:32:32     Prevzem koncan: uspesno 0, neuspesno 0, skupaj virov 1.
10:32:33     Prebranih zapisov: 1389; SHA-256: 88b7c3e1f331eec94b93a68da91e45c3cb67f61785dc722e54236f147e3efb63
10:32:33     Ta posnetek je ze v bazi; vir=BT_STOCK, podjetje=1, cas posnetka=2026-09-02 16:39:55Z, uporabljenih=1389, v karanteni=0, RunId=e4912780-b225-4977-b541-4c5c7a771824. Zapisano ni bilo nic.
10:32:34     Prebranih zapisov: 1389; SHA-256: 88b7c3e1f331eec94b93a68da91e45c3cb67f61785dc722e54236f147e3efb63
10:32:34     Ta posnetek je ze v bazi; vir=BT_STOCK, podjetje=2, cas posnetka=2026-09-02 16:39:55Z, uporabljenih=1389, v karanteni=0, RunId=f1953183-3abf-42a5-91cd-1677b89581d1. Zapisano ni bilo nic.
10:32:35     Prebranih zapisov: 1389; SHA-256: 88b7c3e1f331eec94b93a68da91e45c3cb67f61785dc722e54236f147e3efb63
10:32:35     Ta posnetek je ze v bazi; vir=BT_STOCK, podjetje=3, cas posnetka=2026-09-02 16:39:55Z, uporabljenih=1389, v karanteni=0, RunId=680e3a50-81b6-4668-860d-52d0c1e429d4. Zapisano ni bilo nic.
10:32:36     Prebranih zapisov: 1389; SHA-256: 88b7c3e1f331eec94b93a68da91e45c3cb67f61785dc722e54236f147e3efb63
10:32:36     Ta posnetek je ze v bazi; vir=BT_STOCK, podjetje=4, cas posnetka=2026-09-02 16:39:55Z, uporabljenih=1389, v karanteni=0, RunId=79b3b0aa-02c9-4df1-aeae-e68412b1e9e4. Zapisano ni bilo nic.
10:32:36     konec: Zaloga BT_STOCK
10:32:36  == Zaloga iz SAOP (kolicine) ==
10:32:37     [1] SAOP_STOCK: se ni na vrsti po razporedu; preskoceno.
10:32:37     [2] SAOP_STOCK: se ni na vrsti po razporedu; preskoceno.
10:32:37     [3] SAOP_STOCK: se ni na vrsti po razporedu; preskoceno.
10:32:37     [4] SAOP_STOCK: se ni na vrsti po razporedu; preskoceno.
10:32:37     konec: Zaloga iz SAOP (kolicine)
10:32:37  == Izvoz cen in zaloge za splet ==
10:32:39     Izvoz profila MAGENTO_STOCK_PRICES končan: 352 vrstic v C:\Users\david\Desktop\PIM\NoviPIM\izvoz\magento\1
10:32:43     Izvoz profila MAGENTO_STOCK_PRICES končan: 2071 vrstic v C:\Users\david\Desktop\PIM\NoviPIM\izvoz\magento\2
10:32:46     Izvoz profila MAGENTO_STOCK_PRICES končan: 2488 vrstic v C:\Users\david\Desktop\PIM\NoviPIM\izvoz\magento\3
10:32:47     Izvoz profila MAGENTO_STOCK_PRICES končan: 0 vrstic v C:\Users\david\Desktop\PIM\NoviPIM\izvoz\magento\4
10:32:47     konec: Izvoz cen in zaloge za splet
10:32:47  Zalogovni cikel koncan; padlih korakov: 0.
10:37:26  == Zaloga NW_STOCK ==
10:37:27     SOURCE_FETCH: se ni na vrsti po razporedu; preskoceno.
10:37:28     Prebranih zapisov: 2763; SHA-256: bc3d588846ab1c2aaadb4231937f5383b486e7198c814c671773d51c6170e5ab
10:37:28     STOCK_FILE pri podjetju 1: se ni na vrsti po razporedu; preskoceno.
10:37:29     Prebranih zapisov: 2763; SHA-256: bc3d588846ab1c2aaadb4231937f5383b486e7198c814c671773d51c6170e5ab
10:37:29     STOCK_FILE pri podjetju 2: se ni na vrsti po razporedu; preskoceno.
10:37:30     Prebranih zapisov: 2763; SHA-256: bc3d588846ab1c2aaadb4231937f5383b486e7198c814c671773d51c6170e5ab
10:37:30     STOCK_FILE pri podjetju 3: se ni na vrsti po razporedu; preskoceno.
10:37:31     Prebranih zapisov: 2763; SHA-256: bc3d588846ab1c2aaadb4231937f5383b486e7198c814c671773d51c6170e5ab
10:37:31     STOCK_FILE pri podjetju 4: se ni na vrsti po razporedu; preskoceno.
10:37:31     konec: Zaloga NW_STOCK
10:37:31  == Zaloga BT_STOCK ==
10:37:32     SOURCE_FETCH: se ni na vrsti po razporedu; preskoceno.
10:37:33     Prebranih zapisov: 1389; SHA-256: 88b7c3e1f331eec94b93a68da91e45c3cb67f61785dc722e54236f147e3efb63
10:37:33     STOCK_FILE pri podjetju 1: se ni na vrsti po razporedu; preskoceno.
10:37:33     Prebranih zapisov: 1389; SHA-256: 88b7c3e1f331eec94b93a68da91e45c3cb67f61785dc722e54236f147e3efb63
10:37:34     STOCK_FILE pri podjetju 2: se ni na vrsti po razporedu; preskoceno.
10:37:34     Prebranih zapisov: 1389; SHA-256: 88b7c3e1f331eec94b93a68da91e45c3cb67f61785dc722e54236f147e3efb63
10:37:35     STOCK_FILE pri podjetju 3: se ni na vrsti po razporedu; preskoceno.
10:37:35     Prebranih zapisov: 1389; SHA-256: 88b7c3e1f331eec94b93a68da91e45c3cb67f61785dc722e54236f147e3efb63
10:37:36     STOCK_FILE pri podjetju 4: se ni na vrsti po razporedu; preskoceno.
10:37:36     konec: Zaloga BT_STOCK
10:37:36  == Zaloga iz SAOP (kolicine) ==
10:37:37     [1] SAOP_STOCK: se ni na vrsti po razporedu; preskoceno.
10:37:37     [2] SAOP_STOCK: se ni na vrsti po razporedu; preskoceno.
10:37:37     [3] SAOP_STOCK: se ni na vrsti po razporedu; preskoceno.
10:37:37     [4] SAOP_STOCK: se ni na vrsti po razporedu; preskoceno.
10:37:37     konec: Zaloga iz SAOP (kolicine)
10:37:37  == Izvoz cen in zaloge za splet ==
10:37:38     Izvoz profila MAGENTO_STOCK_PRICES končan: 352 vrstic v C:\Users\david\Desktop\PIM\NoviPIM\izvoz\magento\1
10:37:42     Izvoz profila MAGENTO_STOCK_PRICES končan: 2071 vrstic v C:\Users\david\Desktop\PIM\NoviPIM\izvoz\magento\2
10:37:45     Izvoz profila MAGENTO_STOCK_PRICES končan: 2488 vrstic v C:\Users\david\Desktop\PIM\NoviPIM\izvoz\magento\3
10:37:46     Izvoz profila MAGENTO_STOCK_PRICES končan: 0 vrstic v C:\Users\david\Desktop\PIM\NoviPIM\izvoz\magento\4
10:37:46     konec: Izvoz cen in zaloge za splet
10:37:46  Zalogovni cikel koncan; padlih korakov: 0.
10:42:26  == Zaloga NW_STOCK ==
10:42:27     [NW_STOCK] preskoceno: Razmik dobavitelja se tece; naslednji prenos po 3. 09. 2026 11:02.
10:42:27     Prevzem koncan: uspesno 0, neuspesno 0, skupaj virov 1.
10:42:28     Prebranih zapisov: 2763; SHA-256: bc3d588846ab1c2aaadb4231937f5383b486e7198c814c671773d51c6170e5ab
10:42:28     Ta posnetek je ze v bazi; vir=NW_STOCK, podjetje=1, cas posnetka=2026-09-03 07:02:28Z, uporabljenih=2763, v karanteni=0, RunId=ba0e50ed-d58f-4f20-ab5b-66ed73f2e35a. Zapisano ni bilo nic.
10:42:29     Prebranih zapisov: 2763; SHA-256: bc3d588846ab1c2aaadb4231937f5383b486e7198c814c671773d51c6170e5ab
10:42:29     Ta posnetek je ze v bazi; vir=NW_STOCK, podjetje=2, cas posnetka=2026-09-03 07:02:28Z, uporabljenih=2763, v karanteni=0, RunId=1eb8b6f0-e3f6-4f30-ad6c-cdc268cfe027. Zapisano ni bilo nic.
10:42:30     Prebranih zapisov: 2763; SHA-256: bc3d588846ab1c2aaadb4231937f5383b486e7198c814c671773d51c6170e5ab
10:42:30     Ta posnetek je ze v bazi; vir=NW_STOCK, podjetje=3, cas posnetka=2026-09-03 07:02:28Z, uporabljenih=2763, v karanteni=0, RunId=a492b0cd-8d79-45ff-85ac-0477bc1deda5. Zapisano ni bilo nic.
10:42:31     Prebranih zapisov: 2763; SHA-256: bc3d588846ab1c2aaadb4231937f5383b486e7198c814c671773d51c6170e5ab
10:42:31     Ta posnetek je ze v bazi; vir=NW_STOCK, podjetje=4, cas posnetka=2026-09-03 07:02:28Z, uporabljenih=2763, v karanteni=0, RunId=dcc4c7f1-3e7c-4e4e-8a9b-f91c61ef4e95. Zapisano ni bilo nic.
10:42:31     konec: Zaloga NW_STOCK
10:42:31  == Zaloga BT_STOCK ==
10:42:32     SOURCE_FETCH: se ni na vrsti po razporedu; preskoceno.
10:42:33     Prebranih zapisov: 1389; SHA-256: 88b7c3e1f331eec94b93a68da91e45c3cb67f61785dc722e54236f147e3efb63
10:42:33     STOCK_FILE pri podjetju 1: se ni na vrsti po razporedu; preskoceno.
10:42:34     Prebranih zapisov: 1389; SHA-256: 88b7c3e1f331eec94b93a68da91e45c3cb67f61785dc722e54236f147e3efb63
10:42:34     STOCK_FILE pri podjetju 2: se ni na vrsti po razporedu; preskoceno.
10:42:35     Prebranih zapisov: 1389; SHA-256: 88b7c3e1f331eec94b93a68da91e45c3cb67f61785dc722e54236f147e3efb63
10:42:35     STOCK_FILE pri podjetju 3: se ni na vrsti po razporedu; preskoceno.
10:42:36     Prebranih zapisov: 1389; SHA-256: 88b7c3e1f331eec94b93a68da91e45c3cb67f61785dc722e54236f147e3efb63
10:42:36     STOCK_FILE pri podjetju 4: se ni na vrsti po razporedu; preskoceno.
10:42:36     konec: Zaloga BT_STOCK
10:42:36  == Zaloga iz SAOP (kolicine) ==
10:42:37     [1] SAOP_STOCK: se ni na vrsti po razporedu; preskoceno.
10:42:37     [2] SAOP_STOCK: se ni na vrsti po razporedu; preskoceno.
10:42:37     [3] SAOP_STOCK: se ni na vrsti po razporedu; preskoceno.
10:42:37     [4] SAOP_STOCK: se ni na vrsti po razporedu; preskoceno.
10:42:37     konec: Zaloga iz SAOP (kolicine)
10:42:37  == Izvoz cen in zaloge za splet ==
10:42:39     Izvoz profila MAGENTO_STOCK_PRICES končan: 352 vrstic v C:\Users\david\Desktop\PIM\NoviPIM\izvoz\magento\1
10:42:42     Izvoz profila MAGENTO_STOCK_PRICES končan: 2071 vrstic v C:\Users\david\Desktop\PIM\NoviPIM\izvoz\magento\2
10:42:46     Izvoz profila MAGENTO_STOCK_PRICES končan: 2488 vrstic v C:\Users\david\Desktop\PIM\NoviPIM\izvoz\magento\3
10:42:47     Izvoz profila MAGENTO_STOCK_PRICES končan: 0 vrstic v C:\Users\david\Desktop\PIM\NoviPIM\izvoz\magento\4
10:42:47     konec: Izvoz cen in zaloge za splet
10:42:47  Zalogovni cikel koncan; padlih korakov: 0.
10:47:26  == Zaloga NW_STOCK ==
10:47:27     SOURCE_FETCH: se ni na vrsti po razporedu; preskoceno.
10:47:28     Prebranih zapisov: 2763; SHA-256: bc3d588846ab1c2aaadb4231937f5383b486e7198c814c671773d51c6170e5ab
10:47:28     STOCK_FILE pri podjetju 1: se ni na vrsti po razporedu; preskoceno.
10:47:29     Prebranih zapisov: 2763; SHA-256: bc3d588846ab1c2aaadb4231937f5383b486e7198c814c671773d51c6170e5ab
10:47:29     STOCK_FILE pri podjetju 2: se ni na vrsti po razporedu; preskoceno.
10:47:30     Prebranih zapisov: 2763; SHA-256: bc3d588846ab1c2aaadb4231937f5383b486e7198c814c671773d51c6170e5ab
10:47:30     STOCK_FILE pri podjetju 3: se ni na vrsti po razporedu; preskoceno.
10:47:31     Prebranih zapisov: 2763; SHA-256: bc3d588846ab1c2aaadb4231937f5383b486e7198c814c671773d51c6170e5ab
10:47:31     STOCK_FILE pri podjetju 4: se ni na vrsti po razporedu; preskoceno.
10:47:31     konec: Zaloga NW_STOCK
10:47:31  == Zaloga BT_STOCK ==
10:47:34     [BT_STOCK] prevzeto 1.588.115 bajtov -> C:\Users\david\Desktop\PIM\NoviPIM\PIM_Solution\data\prevzem\BT_STOCK\braytron-zaloga.xml
10:47:34     Prevzem koncan: uspesno 1, neuspesno 0, skupaj virov 1.
10:47:34     Prebranih zapisov: 1389; SHA-256: 76fcd957387bd2676d26fb696d223bb361c18bb9c8039ca3f22fc94413508570
10:47:35     Zaloga zapisana; vir=BT_STOCK, podjetje=1, uporabljenih=1389, v karanteni=0, RunId=75128511-3523-4924-aca8-7798bc6db367.
10:47:36     Prebranih zapisov: 1389; SHA-256: 76fcd957387bd2676d26fb696d223bb361c18bb9c8039ca3f22fc94413508570
10:47:37     Zaloga zapisana; vir=BT_STOCK, podjetje=2, uporabljenih=1389, v karanteni=0, RunId=a580a851-6660-4a7c-8dde-016cdb2c1391.
10:47:38     Prebranih zapisov: 1389; SHA-256: 76fcd957387bd2676d26fb696d223bb361c18bb9c8039ca3f22fc94413508570
10:47:39     Zaloga zapisana; vir=BT_STOCK, podjetje=3, uporabljenih=1389, v karanteni=0, RunId=0cc09c38-5c88-41d1-87ff-6ff32c519fa6.
10:47:40     Prebranih zapisov: 1389; SHA-256: 76fcd957387bd2676d26fb696d223bb361c18bb9c8039ca3f22fc94413508570
10:47:40     Zaloga zapisana; vir=BT_STOCK, podjetje=4, uporabljenih=1389, v karanteni=0, RunId=fa56118f-1cf5-4dbb-992a-6f7114537652.
10:47:40     konec: Zaloga BT_STOCK
10:47:40  == Zaloga iz SAOP (kolicine) ==
10:47:41     [1] SAOP_STOCK: se ni na vrsti po razporedu; preskoceno.
10:47:41     [2] SAOP_STOCK: se ni na vrsti po razporedu; preskoceno.
10:47:41     [3] SAOP_STOCK: se ni na vrsti po razporedu; preskoceno.
10:47:41     [4] SAOP_STOCK: se ni na vrsti po razporedu; preskoceno.
10:47:41     konec: Zaloga iz SAOP (kolicine)
10:47:41  == Izvoz cen in zaloge za splet ==
10:47:43     Izvoz profila MAGENTO_STOCK_PRICES končan: 352 vrstic v C:\Users\david\Desktop\PIM\NoviPIM\izvoz\magento\1
10:47:47     Izvoz profila MAGENTO_STOCK_PRICES končan: 2071 vrstic v C:\Users\david\Desktop\PIM\NoviPIM\izvoz\magento\2
10:47:50     Izvoz profila MAGENTO_STOCK_PRICES končan: 2488 vrstic v C:\Users\david\Desktop\PIM\NoviPIM\izvoz\magento\3
10:47:51     Izvoz profila MAGENTO_STOCK_PRICES končan: 0 vrstic v C:\Users\david\Desktop\PIM\NoviPIM\izvoz\magento\4
10:47:51     konec: Izvoz cen in zaloge za splet
10:47:51  Zalogovni cikel koncan; padlih korakov: 0.
10:52:26  == Zaloga NW_STOCK ==
10:52:27     SOURCE_FETCH: se ni na vrsti po razporedu; preskoceno.
10:52:28     Prebranih zapisov: 2763; SHA-256: bc3d588846ab1c2aaadb4231937f5383b486e7198c814c671773d51c6170e5ab
10:52:28     STOCK_FILE pri podjetju 1: se ni na vrsti po razporedu; preskoceno.
10:52:29     Prebranih zapisov: 2763; SHA-256: bc3d588846ab1c2aaadb4231937f5383b486e7198c814c671773d51c6170e5ab
10:52:29     STOCK_FILE pri podjetju 2: se ni na vrsti po razporedu; preskoceno.
10:52:30     Prebranih zapisov: 2763; SHA-256: bc3d588846ab1c2aaadb4231937f5383b486e7198c814c671773d51c6170e5ab
10:52:30     STOCK_FILE pri podjetju 3: se ni na vrsti po razporedu; preskoceno.
10:52:31     Prebranih zapisov: 2763; SHA-256: bc3d588846ab1c2aaadb4231937f5383b486e7198c814c671773d51c6170e5ab
10:52:31     STOCK_FILE pri podjetju 4: se ni na vrsti po razporedu; preskoceno.
10:52:31     konec: Zaloga NW_STOCK
10:52:31  == Zaloga BT_STOCK ==
10:52:32     SOURCE_FETCH: se ni na vrsti po razporedu; preskoceno.
10:52:33     Prebranih zapisov: 1389; SHA-256: 76fcd957387bd2676d26fb696d223bb361c18bb9c8039ca3f22fc94413508570
10:52:33     STOCK_FILE pri podjetju 1: se ni na vrsti po razporedu; preskoceno.
10:52:34     Prebranih zapisov: 1389; SHA-256: 76fcd957387bd2676d26fb696d223bb361c18bb9c8039ca3f22fc94413508570
10:52:34     STOCK_FILE pri podjetju 2: se ni na vrsti po razporedu; preskoceno.
10:52:34     Prebranih zapisov: 1389; SHA-256: 76fcd957387bd2676d26fb696d223bb361c18bb9c8039ca3f22fc94413508570
10:52:35     STOCK_FILE pri podjetju 3: se ni na vrsti po razporedu; preskoceno.
10:52:35     Prebranih zapisov: 1389; SHA-256: 76fcd957387bd2676d26fb696d223bb361c18bb9c8039ca3f22fc94413508570
10:52:36     STOCK_FILE pri podjetju 4: se ni na vrsti po razporedu; preskoceno.
10:52:36     konec: Zaloga BT_STOCK
10:52:36  == Zaloga iz SAOP (kolicine) ==
10:52:37     [1] SAOP_STOCK: se ni na vrsti po razporedu; preskoceno.
10:52:37     [2] SAOP_STOCK: se ni na vrsti po razporedu; preskoceno.
10:52:37     [3] SAOP_STOCK: se ni na vrsti po razporedu; preskoceno.
10:52:37     [4] SAOP_STOCK: se ni na vrsti po razporedu; preskoceno.
10:52:37     konec: Zaloga iz SAOP (kolicine)
10:52:37  == Izvoz cen in zaloge za splet ==
10:52:38     Izvoz profila MAGENTO_STOCK_PRICES končan: 352 vrstic v C:\Users\david\Desktop\PIM\NoviPIM\izvoz\magento\1
10:52:42     Izvoz profila MAGENTO_STOCK_PRICES končan: 2071 vrstic v C:\Users\david\Desktop\PIM\NoviPIM\izvoz\magento\2
10:52:45     Izvoz profila MAGENTO_STOCK_PRICES končan: 2488 vrstic v C:\Users\david\Desktop\PIM\NoviPIM\izvoz\magento\3
10:52:46     Izvoz profila MAGENTO_STOCK_PRICES končan: 0 vrstic v C:\Users\david\Desktop\PIM\NoviPIM\izvoz\magento\4
10:52:46     konec: Izvoz cen in zaloge za splet
10:52:46  Zalogovni cikel koncan; padlih korakov: 0.
10:57:26  == Zaloga NW_STOCK ==
10:57:27     [NW_STOCK] preskoceno: Razmik dobavitelja se tece; naslednji prenos po 3. 09. 2026 11:02.
10:57:27     Prevzem koncan: uspesno 0, neuspesno 0, skupaj virov 1.
10:57:28     Prebranih zapisov: 2763; SHA-256: bc3d588846ab1c2aaadb4231937f5383b486e7198c814c671773d51c6170e5ab
10:57:28     Ta posnetek je ze v bazi; vir=NW_STOCK, podjetje=1, cas posnetka=2026-09-03 07:02:28Z, uporabljenih=2763, v karanteni=0, RunId=ba0e50ed-d58f-4f20-ab5b-66ed73f2e35a. Zapisano ni bilo nic.
10:57:29     Prebranih zapisov: 2763; SHA-256: bc3d588846ab1c2aaadb4231937f5383b486e7198c814c671773d51c6170e5ab
10:57:29     Ta posnetek je ze v bazi; vir=NW_STOCK, podjetje=2, cas posnetka=2026-09-03 07:02:28Z, uporabljenih=2763, v karanteni=0, RunId=1eb8b6f0-e3f6-4f30-ad6c-cdc268cfe027. Zapisano ni bilo nic.
10:57:30     Prebranih zapisov: 2763; SHA-256: bc3d588846ab1c2aaadb4231937f5383b486e7198c814c671773d51c6170e5ab
10:57:30     Ta posnetek je ze v bazi; vir=NW_STOCK, podjetje=3, cas posnetka=2026-09-03 07:02:28Z, uporabljenih=2763, v karanteni=0, RunId=a492b0cd-8d79-45ff-85ac-0477bc1deda5. Zapisano ni bilo nic.
10:57:31     Prebranih zapisov: 2763; SHA-256: bc3d588846ab1c2aaadb4231937f5383b486e7198c814c671773d51c6170e5ab
10:57:31     Ta posnetek je ze v bazi; vir=NW_STOCK, podjetje=4, cas posnetka=2026-09-03 07:02:28Z, uporabljenih=2763, v karanteni=0, RunId=dcc4c7f1-3e7c-4e4e-8a9b-f91c61ef4e95. Zapisano ni bilo nic.
10:57:31     konec: Zaloga NW_STOCK
10:57:31  == Zaloga BT_STOCK ==
10:57:32     SOURCE_FETCH: se ni na vrsti po razporedu; preskoceno.
10:57:33     Prebranih zapisov: 1389; SHA-256: 76fcd957387bd2676d26fb696d223bb361c18bb9c8039ca3f22fc94413508570
10:57:33     STOCK_FILE pri podjetju 1: se ni na vrsti po razporedu; preskoceno.
10:57:34     Prebranih zapisov: 1389; SHA-256: 76fcd957387bd2676d26fb696d223bb361c18bb9c8039ca3f22fc94413508570
10:57:34     STOCK_FILE pri podjetju 2: se ni na vrsti po razporedu; preskoceno.
10:57:35     Prebranih zapisov: 1389; SHA-256: 76fcd957387bd2676d26fb696d223bb361c18bb9c8039ca3f22fc94413508570
10:57:35     STOCK_FILE pri podjetju 3: se ni na vrsti po razporedu; preskoceno.
10:57:36     Prebranih zapisov: 1389; SHA-256: 76fcd957387bd2676d26fb696d223bb361c18bb9c8039ca3f22fc94413508570
10:57:36     STOCK_FILE pri podjetju 4: se ni na vrsti po razporedu; preskoceno.
10:57:36     konec: Zaloga BT_STOCK
10:57:36  == Zaloga iz SAOP (kolicine) ==
10:57:37     [1] SAOP_STOCK: se ni na vrsti po razporedu; preskoceno.
10:57:37     [2] SAOP_STOCK: se ni na vrsti po razporedu; preskoceno.
10:57:37     [3] SAOP_STOCK: se ni na vrsti po razporedu; preskoceno.
10:57:37     [4] SAOP_STOCK: se ni na vrsti po razporedu; preskoceno.
10:57:37     konec: Zaloga iz SAOP (kolicine)
10:57:37  == Izvoz cen in zaloge za splet ==
10:57:38     Izvoz profila MAGENTO_STOCK_PRICES končan: 352 vrstic v C:\Users\david\Desktop\PIM\NoviPIM\izvoz\magento\1
10:57:42     Izvoz profila MAGENTO_STOCK_PRICES končan: 2071 vrstic v C:\Users\david\Desktop\PIM\NoviPIM\izvoz\magento\2
10:57:46     Izvoz profila MAGENTO_STOCK_PRICES končan: 2488 vrstic v C:\Users\david\Desktop\PIM\NoviPIM\izvoz\magento\3
10:57:47     Izvoz profila MAGENTO_STOCK_PRICES končan: 0 vrstic v C:\Users\david\Desktop\PIM\NoviPIM\izvoz\magento\4
10:57:47     konec: Izvoz cen in zaloge za splet
10:57:47  Zalogovni cikel koncan; padlih korakov: 0.
11:02:26  == Zaloga NW_STOCK ==
11:02:27     SOURCE_FETCH: se ni na vrsti po razporedu; preskoceno.
11:02:28     Prebranih zapisov: 2763; SHA-256: bc3d588846ab1c2aaadb4231937f5383b486e7198c814c671773d51c6170e5ab
11:02:28     STOCK_FILE pri podjetju 1: se ni na vrsti po razporedu; preskoceno.
11:02:29     Prebranih zapisov: 2763; SHA-256: bc3d588846ab1c2aaadb4231937f5383b486e7198c814c671773d51c6170e5ab
11:02:29     STOCK_FILE pri podjetju 2: se ni na vrsti po razporedu; preskoceno.
11:02:30     Prebranih zapisov: 2763; SHA-256: bc3d588846ab1c2aaadb4231937f5383b486e7198c814c671773d51c6170e5ab
11:02:30     STOCK_FILE pri podjetju 3: se ni na vrsti po razporedu; preskoceno.
11:02:31     Prebranih zapisov: 2763; SHA-256: bc3d588846ab1c2aaadb4231937f5383b486e7198c814c671773d51c6170e5ab
11:02:31     STOCK_FILE pri podjetju 4: se ni na vrsti po razporedu; preskoceno.
11:02:31     konec: Zaloga NW_STOCK
11:02:31  == Zaloga BT_STOCK ==
11:02:32     [BT_STOCK] preskoceno: Razmik dobavitelja se tece; naslednji prenos po 3. 09. 2026 13:47.
11:02:32     Prevzem koncan: uspesno 0, neuspesno 0, skupaj virov 1.
11:02:33     Prebranih zapisov: 1389; SHA-256: 76fcd957387bd2676d26fb696d223bb361c18bb9c8039ca3f22fc94413508570
11:02:33     Ta posnetek je ze v bazi; vir=BT_STOCK, podjetje=1, cas posnetka=2026-09-03 08:47:34Z, uporabljenih=1389, v karanteni=0, RunId=75128511-3523-4924-aca8-7798bc6db367. Zapisano ni bilo nic.
11:02:34     Prebranih zapisov: 1389; SHA-256: 76fcd957387bd2676d26fb696d223bb361c18bb9c8039ca3f22fc94413508570
11:02:34     Ta posnetek je ze v bazi; vir=BT_STOCK, podjetje=2, cas posnetka=2026-09-03 08:47:34Z, uporabljenih=1389, v karanteni=0, RunId=a580a851-6660-4a7c-8dde-016cdb2c1391. Zapisano ni bilo nic.
11:02:35     Prebranih zapisov: 1389; SHA-256: 76fcd957387bd2676d26fb696d223bb361c18bb9c8039ca3f22fc94413508570
11:02:35     Ta posnetek je ze v bazi; vir=BT_STOCK, podjetje=3, cas posnetka=2026-09-03 08:47:34Z, uporabljenih=1389, v karanteni=0, RunId=0cc09c38-5c88-41d1-87ff-6ff32c519fa6. Zapisano ni bilo nic.
11:02:36     Prebranih zapisov: 1389; SHA-256: 76fcd957387bd2676d26fb696d223bb361c18bb9c8039ca3f22fc94413508570
11:02:36     Ta posnetek je ze v bazi; vir=BT_STOCK, podjetje=4, cas posnetka=2026-09-03 08:47:34Z, uporabljenih=1389, v karanteni=0, RunId=fa56118f-1cf5-4dbb-992a-6f7114537652. Zapisano ni bilo nic.
11:02:36     konec: Zaloga BT_STOCK
11:02:36  == Zaloga iz SAOP (kolicine) ==
11:02:37     [1] SAOP_STOCK: se ni na vrsti po razporedu; preskoceno.
11:02:37     [2] SAOP_STOCK: se ni na vrsti po razporedu; preskoceno.
11:02:37     [3] SAOP_STOCK: se ni na vrsti po razporedu; preskoceno.
11:02:37     [4] SAOP_STOCK: se ni na vrsti po razporedu; preskoceno.
11:02:37     konec: Zaloga iz SAOP (kolicine)
11:02:37  == Izvoz cen in zaloge za splet ==
11:02:38     Izvoz profila MAGENTO_STOCK_PRICES končan: 352 vrstic v C:\Users\david\Desktop\PIM\NoviPIM\izvoz\magento\1
11:02:42     Izvoz profila MAGENTO_STOCK_PRICES končan: 2071 vrstic v C:\Users\david\Desktop\PIM\NoviPIM\izvoz\magento\2
11:02:46     Izvoz profila MAGENTO_STOCK_PRICES končan: 2488 vrstic v C:\Users\david\Desktop\PIM\NoviPIM\izvoz\magento\3
11:02:47     Izvoz profila MAGENTO_STOCK_PRICES končan: 0 vrstic v C:\Users\david\Desktop\PIM\NoviPIM\izvoz\magento\4
11:02:47     konec: Izvoz cen in zaloge za splet
11:02:47  Zalogovni cikel koncan; padlih korakov: 0.
11:07:26  == Zaloga NW_STOCK ==
11:07:27     SOURCE_FETCH: se ni na vrsti po razporedu; preskoceno.
11:07:28     Prebranih zapisov: 2763; SHA-256: bc3d588846ab1c2aaadb4231937f5383b486e7198c814c671773d51c6170e5ab
11:07:28     STOCK_FILE pri podjetju 1: se ni na vrsti po razporedu; preskoceno.
11:07:29     Prebranih zapisov: 2763; SHA-256: bc3d588846ab1c2aaadb4231937f5383b486e7198c814c671773d51c6170e5ab
11:07:29     STOCK_FILE pri podjetju 2: se ni na vrsti po razporedu; preskoceno.
11:07:30     Prebranih zapisov: 2763; SHA-256: bc3d588846ab1c2aaadb4231937f5383b486e7198c814c671773d51c6170e5ab
11:07:30     STOCK_FILE pri podjetju 3: se ni na vrsti po razporedu; preskoceno.
11:07:31     Prebranih zapisov: 2763; SHA-256: bc3d588846ab1c2aaadb4231937f5383b486e7198c814c671773d51c6170e5ab
11:07:31     STOCK_FILE pri podjetju 4: se ni na vrsti po razporedu; preskoceno.
11:07:31     konec: Zaloga NW_STOCK
11:07:31  == Zaloga BT_STOCK ==
11:07:32     SOURCE_FETCH: se ni na vrsti po razporedu; preskoceno.
11:07:33     Prebranih zapisov: 1389; SHA-256: 76fcd957387bd2676d26fb696d223bb361c18bb9c8039ca3f22fc94413508570
11:07:33     STOCK_FILE pri podjetju 1: se ni na vrsti po razporedu; preskoceno.
11:07:34     Prebranih zapisov: 1389; SHA-256: 76fcd957387bd2676d26fb696d223bb361c18bb9c8039ca3f22fc94413508570
11:07:34     STOCK_FILE pri podjetju 2: se ni na vrsti po razporedu; preskoceno.
11:07:34     Prebranih zapisov: 1389; SHA-256: 76fcd957387bd2676d26fb696d223bb361c18bb9c8039ca3f22fc94413508570
11:07:35     STOCK_FILE pri podjetju 3: se ni na vrsti po razporedu; preskoceno.
11:07:35     Prebranih zapisov: 1389; SHA-256: 76fcd957387bd2676d26fb696d223bb361c18bb9c8039ca3f22fc94413508570
11:07:36     STOCK_FILE pri podjetju 4: se ni na vrsti po razporedu; preskoceno.
11:07:36     konec: Zaloga BT_STOCK
11:07:36  == Zaloga iz SAOP (kolicine) ==
11:07:37     [1] SAOP_STOCK: se ni na vrsti po razporedu; preskoceno.
11:07:37     [2] SAOP_STOCK: se ni na vrsti po razporedu; preskoceno.
11:07:37     [3] SAOP_STOCK: se ni na vrsti po razporedu; preskoceno.
11:07:37     [4] SAOP_STOCK: se ni na vrsti po razporedu; preskoceno.
11:07:37     konec: Zaloga iz SAOP (kolicine)
11:07:37  == Izvoz cen in zaloge za splet ==
11:07:38     Izvoz profila MAGENTO_STOCK_PRICES končan: 352 vrstic v C:\Users\david\Desktop\PIM\NoviPIM\izvoz\magento\1
11:07:42     Izvoz profila MAGENTO_STOCK_PRICES končan: 2071 vrstic v C:\Users\david\Desktop\PIM\NoviPIM\izvoz\magento\2
11:07:45     Izvoz profila MAGENTO_STOCK_PRICES končan: 2488 vrstic v C:\Users\david\Desktop\PIM\NoviPIM\izvoz\magento\3
11:07:46     Izvoz profila MAGENTO_STOCK_PRICES končan: 0 vrstic v C:\Users\david\Desktop\PIM\NoviPIM\izvoz\magento\4
11:07:46     konec: Izvoz cen in zaloge za splet
11:07:46  Zalogovni cikel koncan; padlih korakov: 0.
11:12:26  == Zaloga NW_STOCK ==
11:12:28     [NW_STOCK] prevzeto 87.387 bajtov -> C:\Users\david\Desktop\PIM\NoviPIM\PIM_Solution\data\prevzem\NW_STOCK\nw-zaloga.csv
11:12:28     Prevzem koncan: uspesno 1, neuspesno 0, skupaj virov 1.
11:12:29     Prebranih zapisov: 2763; SHA-256: fd98a98c10560e30c42e6b893ffa836ed1ccfc30cef2860ae275e149879d7ed1
11:12:30     Zaloga zapisana; vir=NW_STOCK, podjetje=1, uporabljenih=2763, v karanteni=0, RunId=7b3e172c-d9a9-4942-8aa6-6868163d491a.
11:12:31     Prebranih zapisov: 2763; SHA-256: fd98a98c10560e30c42e6b893ffa836ed1ccfc30cef2860ae275e149879d7ed1
11:12:32     Zaloga zapisana; vir=NW_STOCK, podjetje=2, uporabljenih=2763, v karanteni=0, RunId=619eed19-63ee-4120-9e44-ab51084310c0.
11:12:33     Prebranih zapisov: 2763; SHA-256: fd98a98c10560e30c42e6b893ffa836ed1ccfc30cef2860ae275e149879d7ed1
11:12:35     Zaloga zapisana; vir=NW_STOCK, podjetje=3, uporabljenih=2763, v karanteni=0, RunId=a44d21ad-edf0-4fee-915a-200fa68a752c.
11:12:35     Prebranih zapisov: 2763; SHA-256: fd98a98c10560e30c42e6b893ffa836ed1ccfc30cef2860ae275e149879d7ed1
11:12:37     Zaloga zapisana; vir=NW_STOCK, podjetje=4, uporabljenih=2763, v karanteni=0, RunId=d44af9c5-e816-4b19-8e66-ed984e14e1a9.
11:12:37     konec: Zaloga NW_STOCK
11:12:37  == Zaloga BT_STOCK ==
11:12:38     SOURCE_FETCH: se ni na vrsti po razporedu; preskoceno.
11:12:38     Prebranih zapisov: 1389; SHA-256: 76fcd957387bd2676d26fb696d223bb361c18bb9c8039ca3f22fc94413508570
11:12:39     STOCK_FILE pri podjetju 1: se ni na vrsti po razporedu; preskoceno.
11:12:39     Prebranih zapisov: 1389; SHA-256: 76fcd957387bd2676d26fb696d223bb361c18bb9c8039ca3f22fc94413508570
11:12:40     STOCK_FILE pri podjetju 2: se ni na vrsti po razporedu; preskoceno.
11:12:40     Prebranih zapisov: 1389; SHA-256: 76fcd957387bd2676d26fb696d223bb361c18bb9c8039ca3f22fc94413508570
11:12:41     STOCK_FILE pri podjetju 3: se ni na vrsti po razporedu; preskoceno.
11:12:41     Prebranih zapisov: 1389; SHA-256: 76fcd957387bd2676d26fb696d223bb361c18bb9c8039ca3f22fc94413508570
11:12:42     STOCK_FILE pri podjetju 4: se ni na vrsti po razporedu; preskoceno.
11:12:42     konec: Zaloga BT_STOCK
11:12:42  == Zaloga iz SAOP (kolicine) ==
11:12:42     [1] SAOP_STOCK: se ni na vrsti po razporedu; preskoceno.
11:12:42     [2] SAOP_STOCK: se ni na vrsti po razporedu; preskoceno.
11:12:42     [3] SAOP_STOCK: se ni na vrsti po razporedu; preskoceno.
11:12:42     [4] SAOP_STOCK: se ni na vrsti po razporedu; preskoceno.
11:12:43     konec: Zaloga iz SAOP (kolicine)
11:12:43  == Izvoz cen in zaloge za splet ==
11:12:44     Izvoz profila MAGENTO_STOCK_PRICES končan: 352 vrstic v C:\Users\david\Desktop\PIM\NoviPIM\izvoz\magento\1
11:12:48     Izvoz profila MAGENTO_STOCK_PRICES končan: 2071 vrstic v C:\Users\david\Desktop\PIM\NoviPIM\izvoz\magento\2
11:12:51     Izvoz profila MAGENTO_STOCK_PRICES končan: 2488 vrstic v C:\Users\david\Desktop\PIM\NoviPIM\izvoz\magento\3
11:12:52     Izvoz profila MAGENTO_STOCK_PRICES končan: 0 vrstic v C:\Users\david\Desktop\PIM\NoviPIM\izvoz\magento\4
11:12:52     konec: Izvoz cen in zaloge za splet
11:12:52  Zalogovni cikel koncan; padlih korakov: 0.
11:17:26  == Zaloga NW_STOCK ==
11:17:27     SOURCE_FETCH: se ni na vrsti po razporedu; preskoceno.
11:17:28     Prebranih zapisov: 2763; SHA-256: fd98a98c10560e30c42e6b893ffa836ed1ccfc30cef2860ae275e149879d7ed1
11:17:28     STOCK_FILE pri podjetju 1: se ni na vrsti po razporedu; preskoceno.
11:17:29     Prebranih zapisov: 2763; SHA-256: fd98a98c10560e30c42e6b893ffa836ed1ccfc30cef2860ae275e149879d7ed1
11:17:29     STOCK_FILE pri podjetju 2: se ni na vrsti po razporedu; preskoceno.
11:17:30     Prebranih zapisov: 2763; SHA-256: fd98a98c10560e30c42e6b893ffa836ed1ccfc30cef2860ae275e149879d7ed1
11:17:30     STOCK_FILE pri podjetju 3: se ni na vrsti po razporedu; preskoceno.
11:17:31     Prebranih zapisov: 2763; SHA-256: fd98a98c10560e30c42e6b893ffa836ed1ccfc30cef2860ae275e149879d7ed1
11:17:31     STOCK_FILE pri podjetju 4: se ni na vrsti po razporedu; preskoceno.
11:17:31     konec: Zaloga NW_STOCK
11:17:31  == Zaloga BT_STOCK ==
11:17:32     [BT_STOCK] preskoceno: Razmik dobavitelja se tece; naslednji prenos po 3. 09. 2026 13:47.
11:17:32     Prevzem koncan: uspesno 0, neuspesno 0, skupaj virov 1.
11:17:33     Prebranih zapisov: 1389; SHA-256: 76fcd957387bd2676d26fb696d223bb361c18bb9c8039ca3f22fc94413508570
11:17:33     Ta posnetek je ze v bazi; vir=BT_STOCK, podjetje=1, cas posnetka=2026-09-03 08:47:34Z, uporabljenih=1389, v karanteni=0, RunId=75128511-3523-4924-aca8-7798bc6db367. Zapisano ni bilo nic.
11:17:34     Prebranih zapisov: 1389; SHA-256: 76fcd957387bd2676d26fb696d223bb361c18bb9c8039ca3f22fc94413508570
11:17:34     Ta posnetek je ze v bazi; vir=BT_STOCK, podjetje=2, cas posnetka=2026-09-03 08:47:34Z, uporabljenih=1389, v karanteni=0, RunId=a580a851-6660-4a7c-8dde-016cdb2c1391. Zapisano ni bilo nic.
11:17:35     Prebranih zapisov: 1389; SHA-256: 76fcd957387bd2676d26fb696d223bb361c18bb9c8039ca3f22fc94413508570
11:17:35     Ta posnetek je ze v bazi; vir=BT_STOCK, podjetje=3, cas posnetka=2026-09-03 08:47:34Z, uporabljenih=1389, v karanteni=0, RunId=0cc09c38-5c88-41d1-87ff-6ff32c519fa6. Zapisano ni bilo nic.
11:17:36     Prebranih zapisov: 1389; SHA-256: 76fcd957387bd2676d26fb696d223bb361c18bb9c8039ca3f22fc94413508570
11:17:36     Ta posnetek je ze v bazi; vir=BT_STOCK, podjetje=4, cas posnetka=2026-09-03 08:47:34Z, uporabljenih=1389, v karanteni=0, RunId=fa56118f-1cf5-4dbb-992a-6f7114537652. Zapisano ni bilo nic.
11:17:36     konec: Zaloga BT_STOCK
11:17:36  == Zaloga iz SAOP (kolicine) ==
11:17:37     [1] SAOP_STOCK: se ni na vrsti po razporedu; preskoceno.
11:17:37     [2] SAOP_STOCK: se ni na vrsti po razporedu; preskoceno.
11:17:37     [3] SAOP_STOCK: se ni na vrsti po razporedu; preskoceno.
11:17:37     [4] SAOP_STOCK: se ni na vrsti po razporedu; preskoceno.
11:17:37     konec: Zaloga iz SAOP (kolicine)
11:17:37  == Izvoz cen in zaloge za splet ==
11:17:39     Izvoz profila MAGENTO_STOCK_PRICES končan: 352 vrstic v C:\Users\david\Desktop\PIM\NoviPIM\izvoz\magento\1
11:17:42     Izvoz profila MAGENTO_STOCK_PRICES končan: 2071 vrstic v C:\Users\david\Desktop\PIM\NoviPIM\izvoz\magento\2
11:17:46     Izvoz profila MAGENTO_STOCK_PRICES končan: 2488 vrstic v C:\Users\david\Desktop\PIM\NoviPIM\izvoz\magento\3
11:17:47     Izvoz profila MAGENTO_STOCK_PRICES končan: 0 vrstic v C:\Users\david\Desktop\PIM\NoviPIM\izvoz\magento\4
11:17:47     konec: Izvoz cen in zaloge za splet
11:17:47  Zalogovni cikel koncan; padlih korakov: 0.
11:22:26  == Zaloga NW_STOCK ==
11:22:27     SOURCE_FETCH: se ni na vrsti po razporedu; preskoceno.
11:22:28     Prebranih zapisov: 2763; SHA-256: fd98a98c10560e30c42e6b893ffa836ed1ccfc30cef2860ae275e149879d7ed1
11:22:28     STOCK_FILE pri podjetju 1: se ni na vrsti po razporedu; preskoceno.
11:22:29     Prebranih zapisov: 2763; SHA-256: fd98a98c10560e30c42e6b893ffa836ed1ccfc30cef2860ae275e149879d7ed1
11:22:29     STOCK_FILE pri podjetju 2: se ni na vrsti po razporedu; preskoceno.
11:22:30     Prebranih zapisov: 2763; SHA-256: fd98a98c10560e30c42e6b893ffa836ed1ccfc30cef2860ae275e149879d7ed1
11:22:30     STOCK_FILE pri podjetju 3: se ni na vrsti po razporedu; preskoceno.
11:22:31     Prebranih zapisov: 2763; SHA-256: fd98a98c10560e30c42e6b893ffa836ed1ccfc30cef2860ae275e149879d7ed1
11:22:31     STOCK_FILE pri podjetju 4: se ni na vrsti po razporedu; preskoceno.
11:22:31     konec: Zaloga NW_STOCK
11:22:31  == Zaloga BT_STOCK ==
11:22:32     [BT_STOCK] preskoceno: Razmik dobavitelja se tece; naslednji prenos po 3. 09. 2026 13:47.
11:22:32     Prevzem koncan: uspesno 0, neuspesno 0, skupaj virov 1.
11:22:33     Prebranih zapisov: 1389; SHA-256: 76fcd957387bd2676d26fb696d223bb361c18bb9c8039ca3f22fc94413508570
11:22:33     Ta posnetek je ze v bazi; vir=BT_STOCK, podjetje=1, cas posnetka=2026-09-03 08:47:34Z, uporabljenih=1389, v karanteni=0, RunId=75128511-3523-4924-aca8-7798bc6db367. Zapisano ni bilo nic.
11:22:34     Prebranih zapisov: 1389; SHA-256: 76fcd957387bd2676d26fb696d223bb361c18bb9c8039ca3f22fc94413508570
11:22:34     Ta posnetek je ze v bazi; vir=BT_STOCK, podjetje=2, cas posnetka=2026-09-03 08:47:34Z, uporabljenih=1389, v karanteni=0, RunId=a580a851-6660-4a7c-8dde-016cdb2c1391. Zapisano ni bilo nic.
11:22:35     Prebranih zapisov: 1389; SHA-256: 76fcd957387bd2676d26fb696d223bb361c18bb9c8039ca3f22fc94413508570
11:22:35     Ta posnetek je ze v bazi; vir=BT_STOCK, podjetje=3, cas posnetka=2026-09-03 08:47:34Z, uporabljenih=1389, v karanteni=0, RunId=0cc09c38-5c88-41d1-87ff-6ff32c519fa6. Zapisano ni bilo nic.
11:22:36     Prebranih zapisov: 1389; SHA-256: 76fcd957387bd2676d26fb696d223bb361c18bb9c8039ca3f22fc94413508570
11:22:36     Ta posnetek je ze v bazi; vir=BT_STOCK, podjetje=4, cas posnetka=2026-09-03 08:47:34Z, uporabljenih=1389, v karanteni=0, RunId=fa56118f-1cf5-4dbb-992a-6f7114537652. Zapisano ni bilo nic.
11:22:36     konec: Zaloga BT_STOCK
11:22:36  == Zaloga iz SAOP (kolicine) ==
11:22:37     [1] SAOP_STOCK: se ni na vrsti po razporedu; preskoceno.
11:22:37     [2] SAOP_STOCK: se ni na vrsti po razporedu; preskoceno.
11:22:37     [3] SAOP_STOCK: se ni na vrsti po razporedu; preskoceno.
11:22:37     [4] SAOP_STOCK: se ni na vrsti po razporedu; preskoceno.
11:22:37     konec: Zaloga iz SAOP (kolicine)
11:22:37  == Izvoz cen in zaloge za splet ==
11:22:39     Izvoz profila MAGENTO_STOCK_PRICES končan: 352 vrstic v C:\Users\david\Desktop\PIM\NoviPIM\izvoz\magento\1
11:22:42     Izvoz profila MAGENTO_STOCK_PRICES končan: 2071 vrstic v C:\Users\david\Desktop\PIM\NoviPIM\izvoz\magento\2
11:22:46     Izvoz profila MAGENTO_STOCK_PRICES končan: 2488 vrstic v C:\Users\david\Desktop\PIM\NoviPIM\izvoz\magento\3
11:22:47     Izvoz profila MAGENTO_STOCK_PRICES končan: 0 vrstic v C:\Users\david\Desktop\PIM\NoviPIM\izvoz\magento\4
11:22:47     konec: Izvoz cen in zaloge za splet
11:22:47  Zalogovni cikel koncan; padlih korakov: 0.
11:27:26  == Zaloga NW_STOCK ==
11:27:27     SOURCE_FETCH: se ni na vrsti po razporedu; preskoceno.
11:27:28     Prebranih zapisov: 2763; SHA-256: fd98a98c10560e30c42e6b893ffa836ed1ccfc30cef2860ae275e149879d7ed1
11:27:28     STOCK_FILE pri podjetju 1: se ni na vrsti po razporedu; preskoceno.
11:27:29     Prebranih zapisov: 2763; SHA-256: fd98a98c10560e30c42e6b893ffa836ed1ccfc30cef2860ae275e149879d7ed1
11:27:29     STOCK_FILE pri podjetju 2: se ni na vrsti po razporedu; preskoceno.
11:27:30     Prebranih zapisov: 2763; SHA-256: fd98a98c10560e30c42e6b893ffa836ed1ccfc30cef2860ae275e149879d7ed1
11:27:30     STOCK_FILE pri podjetju 3: se ni na vrsti po razporedu; preskoceno.
11:27:31     Prebranih zapisov: 2763; SHA-256: fd98a98c10560e30c42e6b893ffa836ed1ccfc30cef2860ae275e149879d7ed1
11:27:31     STOCK_FILE pri podjetju 4: se ni na vrsti po razporedu; preskoceno.
11:27:31     konec: Zaloga NW_STOCK
11:27:31  == Zaloga BT_STOCK ==
11:27:32     [BT_STOCK] preskoceno: Razmik dobavitelja se tece; naslednji prenos po 3. 09. 2026 13:47.
11:27:32     Prevzem koncan: uspesno 0, neuspesno 0, skupaj virov 1.
11:27:33     Prebranih zapisov: 1389; SHA-256: 76fcd957387bd2676d26fb696d223bb361c18bb9c8039ca3f22fc94413508570
11:27:33     Ta posnetek je ze v bazi; vir=BT_STOCK, podjetje=1, cas posnetka=2026-09-03 08:47:34Z, uporabljenih=1389, v karanteni=0, RunId=75128511-3523-4924-aca8-7798bc6db367. Zapisano ni bilo nic.
11:27:34     Prebranih zapisov: 1389; SHA-256: 76fcd957387bd2676d26fb696d223bb361c18bb9c8039ca3f22fc94413508570
11:27:34     Ta posnetek je ze v bazi; vir=BT_STOCK, podjetje=2, cas posnetka=2026-09-03 08:47:34Z, uporabljenih=1389, v karanteni=0, RunId=a580a851-6660-4a7c-8dde-016cdb2c1391. Zapisano ni bilo nic.
11:27:35     Prebranih zapisov: 1389; SHA-256: 76fcd957387bd2676d26fb696d223bb361c18bb9c8039ca3f22fc94413508570
11:27:35     Ta posnetek je ze v bazi; vir=BT_STOCK, podjetje=3, cas posnetka=2026-09-03 08:47:34Z, uporabljenih=1389, v karanteni=0, RunId=0cc09c38-5c88-41d1-87ff-6ff32c519fa6. Zapisano ni bilo nic.
11:27:36     Prebranih zapisov: 1389; SHA-256: 76fcd957387bd2676d26fb696d223bb361c18bb9c8039ca3f22fc94413508570
11:27:36     Ta posnetek je ze v bazi; vir=BT_STOCK, podjetje=4, cas posnetka=2026-09-03 08:47:34Z, uporabljenih=1389, v karanteni=0, RunId=fa56118f-1cf5-4dbb-992a-6f7114537652. Zapisano ni bilo nic.
11:27:36     konec: Zaloga BT_STOCK
11:27:36  == Zaloga iz SAOP (kolicine) ==
11:27:37     [1] SAOP_STOCK: se ni na vrsti po razporedu; preskoceno.
11:27:37     [2] SAOP_STOCK: se ni na vrsti po razporedu; preskoceno.
11:27:37     [3] SAOP_STOCK: se ni na vrsti po razporedu; preskoceno.
11:27:37     [4] SAOP_STOCK: se ni na vrsti po razporedu; preskoceno.
11:27:37     konec: Zaloga iz SAOP (kolicine)
11:27:37  == Izvoz cen in zaloge za splet ==
11:27:39     Izvoz profila MAGENTO_STOCK_PRICES končan: 352 vrstic v C:\Users\david\Desktop\PIM\NoviPIM\izvoz\magento\1
11:27:43     Izvoz profila MAGENTO_STOCK_PRICES končan: 2071 vrstic v C:\Users\david\Desktop\PIM\NoviPIM\izvoz\magento\2
11:27:46     Izvoz profila MAGENTO_STOCK_PRICES končan: 2488 vrstic v C:\Users\david\Desktop\PIM\NoviPIM\izvoz\magento\3
11:27:47     Izvoz profila MAGENTO_STOCK_PRICES končan: 0 vrstic v C:\Users\david\Desktop\PIM\NoviPIM\izvoz\magento\4
11:27:47     konec: Izvoz cen in zaloge za splet
11:27:47  Zalogovni cikel koncan; padlih korakov: 0.
11:32:26  == Zaloga NW_STOCK ==
11:32:27     SOURCE_FETCH: se ni na vrsti po razporedu; preskoceno.
11:32:28     Prebranih zapisov: 2763; SHA-256: fd98a98c10560e30c42e6b893ffa836ed1ccfc30cef2860ae275e149879d7ed1
11:32:28     STOCK_FILE pri podjetju 1: se ni na vrsti po razporedu; preskoceno.
11:32:29     Prebranih zapisov: 2763; SHA-256: fd98a98c10560e30c42e6b893ffa836ed1ccfc30cef2860ae275e149879d7ed1
11:32:29     STOCK_FILE pri podjetju 2: se ni na vrsti po razporedu; preskoceno.
11:32:30     Prebranih zapisov: 2763; SHA-256: fd98a98c10560e30c42e6b893ffa836ed1ccfc30cef2860ae275e149879d7ed1
11:32:30     STOCK_FILE pri podjetju 3: se ni na vrsti po razporedu; preskoceno.
11:32:31     Prebranih zapisov: 2763; SHA-256: fd98a98c10560e30c42e6b893ffa836ed1ccfc30cef2860ae275e149879d7ed1
11:32:31     STOCK_FILE pri podjetju 4: se ni na vrsti po razporedu; preskoceno.
11:32:31     konec: Zaloga NW_STOCK
11:32:31  == Zaloga BT_STOCK ==
11:32:32     SOURCE_FETCH: se ni na vrsti po razporedu; preskoceno.
11:32:33     Prebranih zapisov: 1389; SHA-256: 76fcd957387bd2676d26fb696d223bb361c18bb9c8039ca3f22fc94413508570
11:32:33     STOCK_FILE pri podjetju 1: se ni na vrsti po razporedu; preskoceno.
11:32:33     Prebranih zapisov: 1389; SHA-256: 76fcd957387bd2676d26fb696d223bb361c18bb9c8039ca3f22fc94413508570
11:32:34     STOCK_FILE pri podjetju 2: se ni na vrsti po razporedu; preskoceno.
11:32:34     Prebranih zapisov: 1389; SHA-256: 76fcd957387bd2676d26fb696d223bb361c18bb9c8039ca3f22fc94413508570
11:32:35     STOCK_FILE pri podjetju 3: se ni na vrsti po razporedu; preskoceno.
11:32:35     Prebranih zapisov: 1389; SHA-256: 76fcd957387bd2676d26fb696d223bb361c18bb9c8039ca3f22fc94413508570
11:32:36     STOCK_FILE pri podjetju 4: se ni na vrsti po razporedu; preskoceno.
11:32:36     konec: Zaloga BT_STOCK
11:32:36  == Zaloga iz SAOP (kolicine) ==
11:32:37     [1] SAOP_STOCK: se ni na vrsti po razporedu; preskoceno.
11:32:37     [2] SAOP_STOCK: se ni na vrsti po razporedu; preskoceno.
11:32:37     [3] SAOP_STOCK: se ni na vrsti po razporedu; preskoceno.
11:32:37     [4] SAOP_STOCK: se ni na vrsti po razporedu; preskoceno.
11:32:37     konec: Zaloga iz SAOP (kolicine)
11:32:37  == Izvoz cen in zaloge za splet ==
11:32:38     Izvoz profila MAGENTO_STOCK_PRICES končan: 352 vrstic v C:\Users\david\Desktop\PIM\NoviPIM\izvoz\magento\1
11:32:42     Izvoz profila MAGENTO_STOCK_PRICES končan: 2071 vrstic v C:\Users\david\Desktop\PIM\NoviPIM\izvoz\magento\2
11:32:45     Izvoz profila MAGENTO_STOCK_PRICES končan: 2488 vrstic v C:\Users\david\Desktop\PIM\NoviPIM\izvoz\magento\3
11:32:46     Izvoz profila MAGENTO_STOCK_PRICES končan: 0 vrstic v C:\Users\david\Desktop\PIM\NoviPIM\izvoz\magento\4
11:32:46     konec: Izvoz cen in zaloge za splet
11:32:46  Zalogovni cikel koncan; padlih korakov: 0.
11:37:26  == Zaloga NW_STOCK ==
11:37:27     [NW_STOCK] preskoceno: Razmik dobavitelja se tece; naslednji prenos po 3. 09. 2026 13:12.
11:37:27     Prevzem koncan: uspesno 0, neuspesno 0, skupaj virov 1.
11:37:28     Prebranih zapisov: 2763; SHA-256: fd98a98c10560e30c42e6b893ffa836ed1ccfc30cef2860ae275e149879d7ed1
11:37:28     Ta posnetek je ze v bazi; vir=NW_STOCK, podjetje=1, cas posnetka=2026-09-03 09:12:28Z, uporabljenih=2763, v karanteni=0, RunId=7b3e172c-d9a9-4942-8aa6-6868163d491a. Zapisano ni bilo nic.
11:37:29     Prebranih zapisov: 2763; SHA-256: fd98a98c10560e30c42e6b893ffa836ed1ccfc30cef2860ae275e149879d7ed1
11:37:29     Ta posnetek je ze v bazi; vir=NW_STOCK, podjetje=2, cas posnetka=2026-09-03 09:12:28Z, uporabljenih=2763, v karanteni=0, RunId=619eed19-63ee-4120-9e44-ab51084310c0. Zapisano ni bilo nic.
11:37:30     Prebranih zapisov: 2763; SHA-256: fd98a98c10560e30c42e6b893ffa836ed1ccfc30cef2860ae275e149879d7ed1
11:37:30     Ta posnetek je ze v bazi; vir=NW_STOCK, podjetje=3, cas posnetka=2026-09-03 09:12:28Z, uporabljenih=2763, v karanteni=0, RunId=a44d21ad-edf0-4fee-915a-200fa68a752c. Zapisano ni bilo nic.
11:37:31     Prebranih zapisov: 2763; SHA-256: fd98a98c10560e30c42e6b893ffa836ed1ccfc30cef2860ae275e149879d7ed1
11:37:31     Ta posnetek je ze v bazi; vir=NW_STOCK, podjetje=4, cas posnetka=2026-09-03 09:12:28Z, uporabljenih=2763, v karanteni=0, RunId=d44af9c5-e816-4b19-8e66-ed984e14e1a9. Zapisano ni bilo nic.
11:37:31     konec: Zaloga NW_STOCK
11:37:31  == Zaloga BT_STOCK ==
11:37:32     SOURCE_FETCH: se ni na vrsti po razporedu; preskoceno.
11:37:33     Prebranih zapisov: 1389; SHA-256: 76fcd957387bd2676d26fb696d223bb361c18bb9c8039ca3f22fc94413508570
11:37:33     STOCK_FILE pri podjetju 1: se ni na vrsti po razporedu; preskoceno.
11:37:34     Prebranih zapisov: 1389; SHA-256: 76fcd957387bd2676d26fb696d223bb361c18bb9c8039ca3f22fc94413508570
11:37:34     STOCK_FILE pri podjetju 2: se ni na vrsti po razporedu; preskoceno.
11:37:35     Prebranih zapisov: 1389; SHA-256: 76fcd957387bd2676d26fb696d223bb361c18bb9c8039ca3f22fc94413508570
11:37:35     STOCK_FILE pri podjetju 3: se ni na vrsti po razporedu; preskoceno.
11:37:36     Prebranih zapisov: 1389; SHA-256: 76fcd957387bd2676d26fb696d223bb361c18bb9c8039ca3f22fc94413508570
11:37:36     STOCK_FILE pri podjetju 4: se ni na vrsti po razporedu; preskoceno.
11:37:36     konec: Zaloga BT_STOCK
11:37:36  == Zaloga iz SAOP (kolicine) ==
11:37:37     [1] SAOP_STOCK: se ni na vrsti po razporedu; preskoceno.
11:37:37     [2] SAOP_STOCK: se ni na vrsti po razporedu; preskoceno.
11:37:37     [3] SAOP_STOCK: se ni na vrsti po razporedu; preskoceno.
11:37:37     [4] SAOP_STOCK: se ni na vrsti po razporedu; preskoceno.
11:37:37     konec: Zaloga iz SAOP (kolicine)
11:37:37  == Izvoz cen in zaloge za splet ==
11:37:38     Izvoz profila MAGENTO_STOCK_PRICES končan: 352 vrstic v C:\Users\david\Desktop\PIM\NoviPIM\izvoz\magento\1
11:37:42     Izvoz profila MAGENTO_STOCK_PRICES končan: 2071 vrstic v C:\Users\david\Desktop\PIM\NoviPIM\izvoz\magento\2
11:37:45     Izvoz profila MAGENTO_STOCK_PRICES končan: 2488 vrstic v C:\Users\david\Desktop\PIM\NoviPIM\izvoz\magento\3
11:37:47     Izvoz profila MAGENTO_STOCK_PRICES končan: 0 vrstic v C:\Users\david\Desktop\PIM\NoviPIM\izvoz\magento\4
11:37:47     konec: Izvoz cen in zaloge za splet
11:37:47  Zalogovni cikel koncan; padlih korakov: 0.
11:42:26  == Zaloga NW_STOCK ==
11:42:27     SOURCE_FETCH: se ni na vrsti po razporedu; preskoceno.
11:42:28     Prebranih zapisov: 2763; SHA-256: fd98a98c10560e30c42e6b893ffa836ed1ccfc30cef2860ae275e149879d7ed1
11:42:28     STOCK_FILE pri podjetju 1: se ni na vrsti po razporedu; preskoceno.
11:42:29     Prebranih zapisov: 2763; SHA-256: fd98a98c10560e30c42e6b893ffa836ed1ccfc30cef2860ae275e149879d7ed1
11:42:29     STOCK_FILE pri podjetju 2: se ni na vrsti po razporedu; preskoceno.
11:42:30     Prebranih zapisov: 2763; SHA-256: fd98a98c10560e30c42e6b893ffa836ed1ccfc30cef2860ae275e149879d7ed1
11:42:30     STOCK_FILE pri podjetju 3: se ni na vrsti po razporedu; preskoceno.
11:42:31     Prebranih zapisov: 2763; SHA-256: fd98a98c10560e30c42e6b893ffa836ed1ccfc30cef2860ae275e149879d7ed1
11:42:31     STOCK_FILE pri podjetju 4: se ni na vrsti po razporedu; preskoceno.
11:42:31     konec: Zaloga NW_STOCK
11:42:31  == Zaloga BT_STOCK ==
11:42:32     [BT_STOCK] preskoceno: Razmik dobavitelja se tece; naslednji prenos po 3. 09. 2026 13:47.
11:42:32     Prevzem koncan: uspesno 0, neuspesno 0, skupaj virov 1.
11:42:33     Prebranih zapisov: 1389; SHA-256: 76fcd957387bd2676d26fb696d223bb361c18bb9c8039ca3f22fc94413508570
11:42:33     Ta posnetek je ze v bazi; vir=BT_STOCK, podjetje=1, cas posnetka=2026-09-03 08:47:34Z, uporabljenih=1389, v karanteni=0, RunId=75128511-3523-4924-aca8-7798bc6db367. Zapisano ni bilo nic.
11:42:34     Prebranih zapisov: 1389; SHA-256: 76fcd957387bd2676d26fb696d223bb361c18bb9c8039ca3f22fc94413508570
11:42:34     Ta posnetek je ze v bazi; vir=BT_STOCK, podjetje=2, cas posnetka=2026-09-03 08:47:34Z, uporabljenih=1389, v karanteni=0, RunId=a580a851-6660-4a7c-8dde-016cdb2c1391. Zapisano ni bilo nic.
11:42:35     Prebranih zapisov: 1389; SHA-256: 76fcd957387bd2676d26fb696d223bb361c18bb9c8039ca3f22fc94413508570
11:42:35     Ta posnetek je ze v bazi; vir=BT_STOCK, podjetje=3, cas posnetka=2026-09-03 08:47:34Z, uporabljenih=1389, v karanteni=0, RunId=0cc09c38-5c88-41d1-87ff-6ff32c519fa6. Zapisano ni bilo nic.
11:42:36     Prebranih zapisov: 1389; SHA-256: 76fcd957387bd2676d26fb696d223bb361c18bb9c8039ca3f22fc94413508570
11:42:36     Ta posnetek je ze v bazi; vir=BT_STOCK, podjetje=4, cas posnetka=2026-09-03 08:47:34Z, uporabljenih=1389, v karanteni=0, RunId=fa56118f-1cf5-4dbb-992a-6f7114537652. Zapisano ni bilo nic.
11:42:36     konec: Zaloga BT_STOCK
11:42:36  == Zaloga iz SAOP (kolicine) ==
11:42:37     [1] SAOP_STOCK: se ni na vrsti po razporedu; preskoceno.
11:42:37     [2] SAOP_STOCK: se ni na vrsti po razporedu; preskoceno.
11:42:37     [3] SAOP_STOCK: se ni na vrsti po razporedu; preskoceno.
11:42:37     [4] SAOP_STOCK: se ni na vrsti po razporedu; preskoceno.
11:42:37     konec: Zaloga iz SAOP (kolicine)
11:42:37  == Izvoz cen in zaloge za splet ==
11:42:38     Izvoz profila MAGENTO_STOCK_PRICES končan: 352 vrstic v C:\Users\david\Desktop\PIM\NoviPIM\izvoz\magento\1
11:42:42     Izvoz profila MAGENTO_STOCK_PRICES končan: 2071 vrstic v C:\Users\david\Desktop\PIM\NoviPIM\izvoz\magento\2
11:42:46     Izvoz profila MAGENTO_STOCK_PRICES končan: 2488 vrstic v C:\Users\david\Desktop\PIM\NoviPIM\izvoz\magento\3
11:42:47     Izvoz profila MAGENTO_STOCK_PRICES končan: 0 vrstic v C:\Users\david\Desktop\PIM\NoviPIM\izvoz\magento\4
11:42:47     konec: Izvoz cen in zaloge za splet
11:42:47  Zalogovni cikel koncan; padlih korakov: 0.
11:47:26  == Zaloga NW_STOCK ==
11:47:27     SOURCE_FETCH: se ni na vrsti po razporedu; preskoceno.
11:47:28     Prebranih zapisov: 2763; SHA-256: fd98a98c10560e30c42e6b893ffa836ed1ccfc30cef2860ae275e149879d7ed1
11:47:28     STOCK_FILE pri podjetju 1: se ni na vrsti po razporedu; preskoceno.
11:47:29     Prebranih zapisov: 2763; SHA-256: fd98a98c10560e30c42e6b893ffa836ed1ccfc30cef2860ae275e149879d7ed1
11:47:29     STOCK_FILE pri podjetju 2: se ni na vrsti po razporedu; preskoceno.
11:47:30     Prebranih zapisov: 2763; SHA-256: fd98a98c10560e30c42e6b893ffa836ed1ccfc30cef2860ae275e149879d7ed1
11:47:30     STOCK_FILE pri podjetju 3: se ni na vrsti po razporedu; preskoceno.
11:47:31     Prebranih zapisov: 2763; SHA-256: fd98a98c10560e30c42e6b893ffa836ed1ccfc30cef2860ae275e149879d7ed1
11:47:31     STOCK_FILE pri podjetju 4: se ni na vrsti po razporedu; preskoceno.
11:47:31     konec: Zaloga NW_STOCK
11:47:31  == Zaloga BT_STOCK ==
11:47:32     SOURCE_FETCH: se ni na vrsti po razporedu; preskoceno.
11:47:33     Prebranih zapisov: 1389; SHA-256: 76fcd957387bd2676d26fb696d223bb361c18bb9c8039ca3f22fc94413508570
11:47:33     STOCK_FILE pri podjetju 1: se ni na vrsti po razporedu; preskoceno.
11:47:33     Prebranih zapisov: 1389; SHA-256: 76fcd957387bd2676d26fb696d223bb361c18bb9c8039ca3f22fc94413508570
11:47:34     STOCK_FILE pri podjetju 2: se ni na vrsti po razporedu; preskoceno.
11:47:34     Prebranih zapisov: 1389; SHA-256: 76fcd957387bd2676d26fb696d223bb361c18bb9c8039ca3f22fc94413508570
11:47:35     STOCK_FILE pri podjetju 3: se ni na vrsti po razporedu; preskoceno.
11:47:35     Prebranih zapisov: 1389; SHA-256: 76fcd957387bd2676d26fb696d223bb361c18bb9c8039ca3f22fc94413508570
11:47:36     STOCK_FILE pri podjetju 4: se ni na vrsti po razporedu; preskoceno.
11:47:36     konec: Zaloga BT_STOCK
11:47:36  == Zaloga iz SAOP (kolicine) ==
11:47:37     [1] SAOP_STOCK: se ni na vrsti po razporedu; preskoceno.
11:47:37     [2] SAOP_STOCK: se ni na vrsti po razporedu; preskoceno.
11:47:37     [3] SAOP_STOCK: se ni na vrsti po razporedu; preskoceno.
11:47:37     [4] SAOP_STOCK: se ni na vrsti po razporedu; preskoceno.
11:47:37     konec: Zaloga iz SAOP (kolicine)
11:47:37  == Izvoz cen in zaloge za splet ==
11:47:38     Izvoz profila MAGENTO_STOCK_PRICES končan: 352 vrstic v C:\Users\david\Desktop\PIM\NoviPIM\izvoz\magento\1
11:47:42     Izvoz profila MAGENTO_STOCK_PRICES končan: 2071 vrstic v C:\Users\david\Desktop\PIM\NoviPIM\izvoz\magento\2
11:47:45     Izvoz profila MAGENTO_STOCK_PRICES končan: 2488 vrstic v C:\Users\david\Desktop\PIM\NoviPIM\izvoz\magento\3
11:47:46     Izvoz profila MAGENTO_STOCK_PRICES končan: 0 vrstic v C:\Users\david\Desktop\PIM\NoviPIM\izvoz\magento\4
11:47:46     konec: Izvoz cen in zaloge za splet
11:47:46  Zalogovni cikel koncan; padlih korakov: 0.
11:52:26  == Zaloga NW_STOCK ==
11:52:27     [NW_STOCK] preskoceno: Razmik dobavitelja se tece; naslednji prenos po 3. 09. 2026 13:12.
11:52:27     Prevzem koncan: uspesno 0, neuspesno 0, skupaj virov 1.
11:52:28     Prebranih zapisov: 2763; SHA-256: fd98a98c10560e30c42e6b893ffa836ed1ccfc30cef2860ae275e149879d7ed1
11:52:28     Ta posnetek je ze v bazi; vir=NW_STOCK, podjetje=1, cas posnetka=2026-09-03 09:12:28Z, uporabljenih=2763, v karanteni=0, RunId=7b3e172c-d9a9-4942-8aa6-6868163d491a. Zapisano ni bilo nic.
11:52:29     Prebranih zapisov: 2763; SHA-256: fd98a98c10560e30c42e6b893ffa836ed1ccfc30cef2860ae275e149879d7ed1
11:52:29     Ta posnetek je ze v bazi; vir=NW_STOCK, podjetje=2, cas posnetka=2026-09-03 09:12:28Z, uporabljenih=2763, v karanteni=0, RunId=619eed19-63ee-4120-9e44-ab51084310c0. Zapisano ni bilo nic.
11:52:30     Prebranih zapisov: 2763; SHA-256: fd98a98c10560e30c42e6b893ffa836ed1ccfc30cef2860ae275e149879d7ed1
11:52:30     Ta posnetek je ze v bazi; vir=NW_STOCK, podjetje=3, cas posnetka=2026-09-03 09:12:28Z, uporabljenih=2763, v karanteni=0, RunId=a44d21ad-edf0-4fee-915a-200fa68a752c. Zapisano ni bilo nic.
11:52:31     Prebranih zapisov: 2763; SHA-256: fd98a98c10560e30c42e6b893ffa836ed1ccfc30cef2860ae275e149879d7ed1
11:52:31     Ta posnetek je ze v bazi; vir=NW_STOCK, podjetje=4, cas posnetka=2026-09-03 09:12:28Z, uporabljenih=2763, v karanteni=0, RunId=d44af9c5-e816-4b19-8e66-ed984e14e1a9. Zapisano ni bilo nic.
11:52:31     konec: Zaloga NW_STOCK
11:52:31  == Zaloga BT_STOCK ==
11:52:32     SOURCE_FETCH: se ni na vrsti po razporedu; preskoceno.
11:52:33     Prebranih zapisov: 1389; SHA-256: 76fcd957387bd2676d26fb696d223bb361c18bb9c8039ca3f22fc94413508570
11:52:33     STOCK_FILE pri podjetju 1: se ni na vrsti po razporedu; preskoceno.
11:52:34     Prebranih zapisov: 1389; SHA-256: 76fcd957387bd2676d26fb696d223bb361c18bb9c8039ca3f22fc94413508570
11:52:34     STOCK_FILE pri podjetju 2: se ni na vrsti po razporedu; preskoceno.
11:52:35     Prebranih zapisov: 1389; SHA-256: 76fcd957387bd2676d26fb696d223bb361c18bb9c8039ca3f22fc94413508570
11:52:35     STOCK_FILE pri podjetju 3: se ni na vrsti po razporedu; preskoceno.
11:52:36     Prebranih zapisov: 1389; SHA-256: 76fcd957387bd2676d26fb696d223bb361c18bb9c8039ca3f22fc94413508570
11:52:36     STOCK_FILE pri podjetju 4: se ni na vrsti po razporedu; preskoceno.
11:52:36     konec: Zaloga BT_STOCK
11:52:36  == Zaloga iz SAOP (kolicine) ==
11:52:37     [1] SAOP_STOCK: se ni na vrsti po razporedu; preskoceno.
11:52:37     [2] SAOP_STOCK: se ni na vrsti po razporedu; preskoceno.
11:52:37     [3] SAOP_STOCK: se ni na vrsti po razporedu; preskoceno.
11:52:37     [4] SAOP_STOCK: se ni na vrsti po razporedu; preskoceno.
11:52:37     konec: Zaloga iz SAOP (kolicine)
11:52:37  == Izvoz cen in zaloge za splet ==
11:52:39     Izvoz profila MAGENTO_STOCK_PRICES končan: 352 vrstic v C:\Users\david\Desktop\PIM\NoviPIM\izvoz\magento\1
11:52:42     Izvoz profila MAGENTO_STOCK_PRICES končan: 2071 vrstic v C:\Users\david\Desktop\PIM\NoviPIM\izvoz\magento\2
11:52:46     Izvoz profila MAGENTO_STOCK_PRICES končan: 2488 vrstic v C:\Users\david\Desktop\PIM\NoviPIM\izvoz\magento\3
11:52:47     Izvoz profila MAGENTO_STOCK_PRICES končan: 0 vrstic v C:\Users\david\Desktop\PIM\NoviPIM\izvoz\magento\4
11:52:47     konec: Izvoz cen in zaloge za splet
11:52:47  Zalogovni cikel koncan; padlih korakov: 0.
11:57:26  == Zaloga NW_STOCK ==
11:57:27     SOURCE_FETCH: se ni na vrsti po razporedu; preskoceno.
11:57:28     Prebranih zapisov: 2763; SHA-256: fd98a98c10560e30c42e6b893ffa836ed1ccfc30cef2860ae275e149879d7ed1
11:57:28     STOCK_FILE pri podjetju 1: se ni na vrsti po razporedu; preskoceno.
11:57:29     Prebranih zapisov: 2763; SHA-256: fd98a98c10560e30c42e6b893ffa836ed1ccfc30cef2860ae275e149879d7ed1
11:57:29     STOCK_FILE pri podjetju 2: se ni na vrsti po razporedu; preskoceno.
11:57:30     Prebranih zapisov: 2763; SHA-256: fd98a98c10560e30c42e6b893ffa836ed1ccfc30cef2860ae275e149879d7ed1
11:57:30     STOCK_FILE pri podjetju 3: se ni na vrsti po razporedu; preskoceno.
11:57:31     Prebranih zapisov: 2763; SHA-256: fd98a98c10560e30c42e6b893ffa836ed1ccfc30cef2860ae275e149879d7ed1
11:57:31     STOCK_FILE pri podjetju 4: se ni na vrsti po razporedu; preskoceno.
11:57:31     konec: Zaloga NW_STOCK
11:57:31  == Zaloga BT_STOCK ==
11:57:32     [BT_STOCK] preskoceno: Razmik dobavitelja se tece; naslednji prenos po 3. 09. 2026 13:47.
11:57:32     Prevzem koncan: uspesno 0, neuspesno 0, skupaj virov 1.
11:57:33     Prebranih zapisov: 1389; SHA-256: 76fcd957387bd2676d26fb696d223bb361c18bb9c8039ca3f22fc94413508570
11:57:33     Ta posnetek je ze v bazi; vir=BT_STOCK, podjetje=1, cas posnetka=2026-09-03 08:47:34Z, uporabljenih=1389, v karanteni=0, RunId=75128511-3523-4924-aca8-7798bc6db367. Zapisano ni bilo nic.
11:57:34     Prebranih zapisov: 1389; SHA-256: 76fcd957387bd2676d26fb696d223bb361c18bb9c8039ca3f22fc94413508570
11:57:34     Ta posnetek je ze v bazi; vir=BT_STOCK, podjetje=2, cas posnetka=2026-09-03 08:47:34Z, uporabljenih=1389, v karanteni=0, RunId=a580a851-6660-4a7c-8dde-016cdb2c1391. Zapisano ni bilo nic.
11:57:35     Prebranih zapisov: 1389; SHA-256: 76fcd957387bd2676d26fb696d223bb361c18bb9c8039ca3f22fc94413508570
11:57:35     Ta posnetek je ze v bazi; vir=BT_STOCK, podjetje=3, cas posnetka=2026-09-03 08:47:34Z, uporabljenih=1389, v karanteni=0, RunId=0cc09c38-5c88-41d1-87ff-6ff32c519fa6. Zapisano ni bilo nic.
11:57:36     Prebranih zapisov: 1389; SHA-256: 76fcd957387bd2676d26fb696d223bb361c18bb9c8039ca3f22fc94413508570
11:57:36     Ta posnetek je ze v bazi; vir=BT_STOCK, podjetje=4, cas posnetka=2026-09-03 08:47:34Z, uporabljenih=1389, v karanteni=0, RunId=fa56118f-1cf5-4dbb-992a-6f7114537652. Zapisano ni bilo nic.
11:57:36     konec: Zaloga BT_STOCK
11:57:36  == Zaloga iz SAOP (kolicine) ==
11:57:37     [1] SAOP_STOCK: se ni na vrsti po razporedu; preskoceno.
11:57:37     [2] SAOP_STOCK: se ni na vrsti po razporedu; preskoceno.
11:57:37     [3] SAOP_STOCK: se ni na vrsti po razporedu; preskoceno.
11:57:37     [4] SAOP_STOCK: se ni na vrsti po razporedu; preskoceno.
11:57:37     konec: Zaloga iz SAOP (kolicine)
11:57:37  == Izvoz cen in zaloge za splet ==
11:57:39     Izvoz profila MAGENTO_STOCK_PRICES končan: 352 vrstic v C:\Users\david\Desktop\PIM\NoviPIM\izvoz\magento\1
11:57:43     Izvoz profila MAGENTO_STOCK_PRICES končan: 2071 vrstic v C:\Users\david\Desktop\PIM\NoviPIM\izvoz\magento\2
11:57:48     Izvoz profila MAGENTO_STOCK_PRICES končan: 2488 vrstic v C:\Users\david\Desktop\PIM\NoviPIM\izvoz\magento\3
11:57:49     Izvoz profila MAGENTO_STOCK_PRICES končan: 0 vrstic v C:\Users\david\Desktop\PIM\NoviPIM\izvoz\magento\4
11:57:49     konec: Izvoz cen in zaloge za splet
11:57:49  Zalogovni cikel koncan; padlih korakov: 0.
12:02:26  == Zaloga NW_STOCK ==
12:02:27     SOURCE_FETCH: se ni na vrsti po razporedu; preskoceno.
12:02:28     Prebranih zapisov: 2763; SHA-256: fd98a98c10560e30c42e6b893ffa836ed1ccfc30cef2860ae275e149879d7ed1
12:02:29     STOCK_FILE pri podjetju 1: se ni na vrsti po razporedu; preskoceno.
12:02:30     Prebranih zapisov: 2763; SHA-256: fd98a98c10560e30c42e6b893ffa836ed1ccfc30cef2860ae275e149879d7ed1
12:02:30     STOCK_FILE pri podjetju 2: se ni na vrsti po razporedu; preskoceno.
12:02:31     Prebranih zapisov: 2763; SHA-256: fd98a98c10560e30c42e6b893ffa836ed1ccfc30cef2860ae275e149879d7ed1
12:02:31     STOCK_FILE pri podjetju 3: se ni na vrsti po razporedu; preskoceno.
12:02:32     Prebranih zapisov: 2763; SHA-256: fd98a98c10560e30c42e6b893ffa836ed1ccfc30cef2860ae275e149879d7ed1
12:02:32     STOCK_FILE pri podjetju 4: se ni na vrsti po razporedu; preskoceno.
12:02:32     konec: Zaloga NW_STOCK
12:02:32  == Zaloga BT_STOCK ==
12:02:33     [BT_STOCK] preskoceno: Razmik dobavitelja se tece; naslednji prenos po 3. 09. 2026 13:47.
12:02:33     Prevzem koncan: uspesno 0, neuspesno 0, skupaj virov 1.
12:02:34     Prebranih zapisov: 1389; SHA-256: 76fcd957387bd2676d26fb696d223bb361c18bb9c8039ca3f22fc94413508570
12:02:34     Ta posnetek je ze v bazi; vir=BT_STOCK, podjetje=1, cas posnetka=2026-09-03 08:47:34Z, uporabljenih=1389, v karanteni=0, RunId=75128511-3523-4924-aca8-7798bc6db367. Zapisano ni bilo nic.
12:02:35     Prebranih zapisov: 1389; SHA-256: 76fcd957387bd2676d26fb696d223bb361c18bb9c8039ca3f22fc94413508570
12:02:35     Ta posnetek je ze v bazi; vir=BT_STOCK, podjetje=2, cas posnetka=2026-09-03 08:47:34Z, uporabljenih=1389, v karanteni=0, RunId=a580a851-6660-4a7c-8dde-016cdb2c1391. Zapisano ni bilo nic.
12:02:36     Prebranih zapisov: 1389; SHA-256: 76fcd957387bd2676d26fb696d223bb361c18bb9c8039ca3f22fc94413508570
12:02:36     Ta posnetek je ze v bazi; vir=BT_STOCK, podjetje=3, cas posnetka=2026-09-03 08:47:34Z, uporabljenih=1389, v karanteni=0, RunId=0cc09c38-5c88-41d1-87ff-6ff32c519fa6. Zapisano ni bilo nic.
12:02:37     Prebranih zapisov: 1389; SHA-256: 76fcd957387bd2676d26fb696d223bb361c18bb9c8039ca3f22fc94413508570
12:02:37     Ta posnetek je ze v bazi; vir=BT_STOCK, podjetje=4, cas posnetka=2026-09-03 08:47:34Z, uporabljenih=1389, v karanteni=0, RunId=fa56118f-1cf5-4dbb-992a-6f7114537652. Zapisano ni bilo nic.
12:02:37     konec: Zaloga BT_STOCK
12:02:37  == Zaloga iz SAOP (kolicine) ==
12:02:38     [1] SAOP_STOCK: se ni na vrsti po razporedu; preskoceno.
12:02:38     [2] SAOP_STOCK: se ni na vrsti po razporedu; preskoceno.
12:02:38     [3] SAOP_STOCK: se ni na vrsti po razporedu; preskoceno.
12:02:38     [4] SAOP_STOCK: se ni na vrsti po razporedu; preskoceno.
12:02:38     konec: Zaloga iz SAOP (kolicine)
12:02:38  == Izvoz cen in zaloge za splet ==
12:02:51     Izvoz profila MAGENTO_STOCK_PRICES končan: 352 vrstic v C:\Users\david\Desktop\PIM\NoviPIM\izvoz\magento\1
12:02:55     Izvoz profila MAGENTO_STOCK_PRICES končan: 2071 vrstic v C:\Users\david\Desktop\PIM\NoviPIM\izvoz\magento\2
12:02:59     Izvoz profila MAGENTO_STOCK_PRICES končan: 2488 vrstic v C:\Users\david\Desktop\PIM\NoviPIM\izvoz\magento\3
12:03:00     Izvoz profila MAGENTO_STOCK_PRICES končan: 0 vrstic v C:\Users\david\Desktop\PIM\NoviPIM\izvoz\magento\4
12:03:00     konec: Izvoz cen in zaloge za splet
12:03:00  Zalogovni cikel koncan; padlih korakov: 0.
12:07:26  == Zaloga NW_STOCK ==
12:07:27     SOURCE_FETCH: se ni na vrsti po razporedu; preskoceno.
12:07:28     Prebranih zapisov: 2763; SHA-256: fd98a98c10560e30c42e6b893ffa836ed1ccfc30cef2860ae275e149879d7ed1
12:07:29     STOCK_FILE pri podjetju 1: se ni na vrsti po razporedu; preskoceno.
12:07:29     Prebranih zapisov: 2763; SHA-256: fd98a98c10560e30c42e6b893ffa836ed1ccfc30cef2860ae275e149879d7ed1
12:07:30     STOCK_FILE pri podjetju 2: se ni na vrsti po razporedu; preskoceno.
12:07:30     Prebranih zapisov: 2763; SHA-256: fd98a98c10560e30c42e6b893ffa836ed1ccfc30cef2860ae275e149879d7ed1
12:07:31     STOCK_FILE pri podjetju 3: se ni na vrsti po razporedu; preskoceno.
12:07:31     Prebranih zapisov: 2763; SHA-256: fd98a98c10560e30c42e6b893ffa836ed1ccfc30cef2860ae275e149879d7ed1
12:07:32     STOCK_FILE pri podjetju 4: se ni na vrsti po razporedu; preskoceno.
12:07:32     konec: Zaloga NW_STOCK
12:07:32  == Zaloga BT_STOCK ==
12:07:33     SOURCE_FETCH: se ni na vrsti po razporedu; preskoceno.
12:07:33     Prebranih zapisov: 1389; SHA-256: 76fcd957387bd2676d26fb696d223bb361c18bb9c8039ca3f22fc94413508570
12:07:34     STOCK_FILE pri podjetju 1: se ni na vrsti po razporedu; preskoceno.
12:07:34     Prebranih zapisov: 1389; SHA-256: 76fcd957387bd2676d26fb696d223bb361c18bb9c8039ca3f22fc94413508570
12:07:35     STOCK_FILE pri podjetju 2: se ni na vrsti po razporedu; preskoceno.
12:07:35     Prebranih zapisov: 1389; SHA-256: 76fcd957387bd2676d26fb696d223bb361c18bb9c8039ca3f22fc94413508570
12:07:36     STOCK_FILE pri podjetju 3: se ni na vrsti po razporedu; preskoceno.
12:07:36     Prebranih zapisov: 1389; SHA-256: 76fcd957387bd2676d26fb696d223bb361c18bb9c8039ca3f22fc94413508570
12:07:37     STOCK_FILE pri podjetju 4: se ni na vrsti po razporedu; preskoceno.
12:07:37     konec: Zaloga BT_STOCK
12:07:37  == Zaloga iz SAOP (kolicine) ==
12:07:38     [1] SAOP_STOCK: se ni na vrsti po razporedu; preskoceno.
12:07:38     [2] SAOP_STOCK: se ni na vrsti po razporedu; preskoceno.
12:07:38     [3] SAOP_STOCK: se ni na vrsti po razporedu; preskoceno.
12:07:38     [4] SAOP_STOCK: se ni na vrsti po razporedu; preskoceno.
12:07:38     konec: Zaloga iz SAOP (kolicine)
12:07:38  == Izvoz cen in zaloge za splet ==
12:07:40     Izvoz profila MAGENTO_STOCK_PRICES končan: 352 vrstic v C:\Users\david\Desktop\PIM\NoviPIM\izvoz\magento\1
12:07:44     Izvoz profila MAGENTO_STOCK_PRICES končan: 2071 vrstic v C:\Users\david\Desktop\PIM\NoviPIM\izvoz\magento\2
12:07:48     Izvoz profila MAGENTO_STOCK_PRICES končan: 2488 vrstic v C:\Users\david\Desktop\PIM\NoviPIM\izvoz\magento\3
12:07:49     Izvoz profila MAGENTO_STOCK_PRICES končan: 0 vrstic v C:\Users\david\Desktop\PIM\NoviPIM\izvoz\magento\4
12:07:49     konec: Izvoz cen in zaloge za splet
12:07:49  Zalogovni cikel koncan; padlih korakov: 0.
12:12:26  == Zaloga NW_STOCK ==
12:12:27     [NW_STOCK] preskoceno: Razmik dobavitelja se tece; naslednji prenos po 3. 09. 2026 13:12.
12:12:27     Prevzem koncan: uspesno 0, neuspesno 0, skupaj virov 1.
12:12:28     Prebranih zapisov: 2763; SHA-256: fd98a98c10560e30c42e6b893ffa836ed1ccfc30cef2860ae275e149879d7ed1
12:12:28     Ta posnetek je ze v bazi; vir=NW_STOCK, podjetje=1, cas posnetka=2026-09-03 09:12:28Z, uporabljenih=2763, v karanteni=0, RunId=7b3e172c-d9a9-4942-8aa6-6868163d491a. Zapisano ni bilo nic.
12:12:29     Prebranih zapisov: 2763; SHA-256: fd98a98c10560e30c42e6b893ffa836ed1ccfc30cef2860ae275e149879d7ed1
12:12:29     Ta posnetek je ze v bazi; vir=NW_STOCK, podjetje=2, cas posnetka=2026-09-03 09:12:28Z, uporabljenih=2763, v karanteni=0, RunId=619eed19-63ee-4120-9e44-ab51084310c0. Zapisano ni bilo nic.
12:12:30     Prebranih zapisov: 2763; SHA-256: fd98a98c10560e30c42e6b893ffa836ed1ccfc30cef2860ae275e149879d7ed1
12:12:30     Ta posnetek je ze v bazi; vir=NW_STOCK, podjetje=3, cas posnetka=2026-09-03 09:12:28Z, uporabljenih=2763, v karanteni=0, RunId=a44d21ad-edf0-4fee-915a-200fa68a752c. Zapisano ni bilo nic.
12:12:31     Prebranih zapisov: 2763; SHA-256: fd98a98c10560e30c42e6b893ffa836ed1ccfc30cef2860ae275e149879d7ed1
12:12:31     Ta posnetek je ze v bazi; vir=NW_STOCK, podjetje=4, cas posnetka=2026-09-03 09:12:28Z, uporabljenih=2763, v karanteni=0, RunId=d44af9c5-e816-4b19-8e66-ed984e14e1a9. Zapisano ni bilo nic.
12:12:31     konec: Zaloga NW_STOCK
12:12:31  == Zaloga BT_STOCK ==
12:12:32     SOURCE_FETCH: se ni na vrsti po razporedu; preskoceno.
12:12:33     Prebranih zapisov: 1389; SHA-256: 76fcd957387bd2676d26fb696d223bb361c18bb9c8039ca3f22fc94413508570
12:12:33     STOCK_FILE pri podjetju 1: se ni na vrsti po razporedu; preskoceno.
12:12:34     Prebranih zapisov: 1389; SHA-256: 76fcd957387bd2676d26fb696d223bb361c18bb9c8039ca3f22fc94413508570
12:12:34     STOCK_FILE pri podjetju 2: se ni na vrsti po razporedu; preskoceno.
12:12:35     Prebranih zapisov: 1389; SHA-256: 76fcd957387bd2676d26fb696d223bb361c18bb9c8039ca3f22fc94413508570
12:12:35     STOCK_FILE pri podjetju 3: se ni na vrsti po razporedu; preskoceno.
12:12:36     Prebranih zapisov: 1389; SHA-256: 76fcd957387bd2676d26fb696d223bb361c18bb9c8039ca3f22fc94413508570
12:12:36     STOCK_FILE pri podjetju 4: se ni na vrsti po razporedu; preskoceno.
12:12:36     konec: Zaloga BT_STOCK
12:12:36  == Zaloga iz SAOP (kolicine) ==
12:12:37     [1] SAOP_STOCK: se ni na vrsti po razporedu; preskoceno.
12:12:37     [2] SAOP_STOCK: se ni na vrsti po razporedu; preskoceno.
12:12:37     [3] SAOP_STOCK: se ni na vrsti po razporedu; preskoceno.
12:12:37     [4] SAOP_STOCK: se ni na vrsti po razporedu; preskoceno.
12:12:37     konec: Zaloga iz SAOP (kolicine)
12:12:37  == Izvoz cen in zaloge za splet ==
12:12:39     Izvoz profila MAGENTO_STOCK_PRICES končan: 352 vrstic v C:\Users\david\Desktop\PIM\NoviPIM\izvoz\magento\1
12:12:43     Izvoz profila MAGENTO_STOCK_PRICES končan: 2071 vrstic v C:\Users\david\Desktop\PIM\NoviPIM\izvoz\magento\2
12:12:46     Izvoz profila MAGENTO_STOCK_PRICES končan: 2488 vrstic v C:\Users\david\Desktop\PIM\NoviPIM\izvoz\magento\3
12:12:47     Izvoz profila MAGENTO_STOCK_PRICES končan: 0 vrstic v C:\Users\david\Desktop\PIM\NoviPIM\izvoz\magento\4
12:12:47     konec: Izvoz cen in zaloge za splet
12:12:47  Zalogovni cikel koncan; padlih korakov: 0.
12:17:26  == Zaloga NW_STOCK ==
12:17:27     SOURCE_FETCH: se ni na vrsti po razporedu; preskoceno.
12:17:28     Prebranih zapisov: 2763; SHA-256: fd98a98c10560e30c42e6b893ffa836ed1ccfc30cef2860ae275e149879d7ed1
12:17:28     STOCK_FILE pri podjetju 1: se ni na vrsti po razporedu; preskoceno.
12:17:29     Prebranih zapisov: 2763; SHA-256: fd98a98c10560e30c42e6b893ffa836ed1ccfc30cef2860ae275e149879d7ed1
12:17:29     STOCK_FILE pri podjetju 2: se ni na vrsti po razporedu; preskoceno.
12:17:30     Prebranih zapisov: 2763; SHA-256: fd98a98c10560e30c42e6b893ffa836ed1ccfc30cef2860ae275e149879d7ed1
12:17:30     STOCK_FILE pri podjetju 3: se ni na vrsti po razporedu; preskoceno.
12:17:31     Prebranih zapisov: 2763; SHA-256: fd98a98c10560e30c42e6b893ffa836ed1ccfc30cef2860ae275e149879d7ed1
12:17:31     STOCK_FILE pri podjetju 4: se ni na vrsti po razporedu; preskoceno.
12:17:31     konec: Zaloga NW_STOCK
12:17:31  == Zaloga BT_STOCK ==
12:17:32     [BT_STOCK] preskoceno: Razmik dobavitelja se tece; naslednji prenos po 3. 09. 2026 13:47.
12:17:32     Prevzem koncan: uspesno 0, neuspesno 0, skupaj virov 1.
12:17:33     Prebranih zapisov: 1389; SHA-256: 76fcd957387bd2676d26fb696d223bb361c18bb9c8039ca3f22fc94413508570
12:17:33     Ta posnetek je ze v bazi; vir=BT_STOCK, podjetje=1, cas posnetka=2026-09-03 08:47:34Z, uporabljenih=1389, v karanteni=0, RunId=75128511-3523-4924-aca8-7798bc6db367. Zapisano ni bilo nic.
12:17:34     Prebranih zapisov: 1389; SHA-256: 76fcd957387bd2676d26fb696d223bb361c18bb9c8039ca3f22fc94413508570
12:17:34     Ta posnetek je ze v bazi; vir=BT_STOCK, podjetje=2, cas posnetka=2026-09-03 08:47:34Z, uporabljenih=1389, v karanteni=0, RunId=a580a851-6660-4a7c-8dde-016cdb2c1391. Zapisano ni bilo nic.
12:17:35     Prebranih zapisov: 1389; SHA-256: 76fcd957387bd2676d26fb696d223bb361c18bb9c8039ca3f22fc94413508570
12:17:35     Ta posnetek je ze v bazi; vir=BT_STOCK, podjetje=3, cas posnetka=2026-09-03 08:47:34Z, uporabljenih=1389, v karanteni=0, RunId=0cc09c38-5c88-41d1-87ff-6ff32c519fa6. Zapisano ni bilo nic.
12:17:36     Prebranih zapisov: 1389; SHA-256: 76fcd957387bd2676d26fb696d223bb361c18bb9c8039ca3f22fc94413508570
12:17:36     Ta posnetek je ze v bazi; vir=BT_STOCK, podjetje=4, cas posnetka=2026-09-03 08:47:34Z, uporabljenih=1389, v karanteni=0, RunId=fa56118f-1cf5-4dbb-992a-6f7114537652. Zapisano ni bilo nic.
12:17:36     konec: Zaloga BT_STOCK
12:17:36  == Zaloga iz SAOP (kolicine) ==
12:17:37     [1] SAOP_STOCK: se ni na vrsti po razporedu; preskoceno.
12:17:37     [2] SAOP_STOCK: se ni na vrsti po razporedu; preskoceno.
12:17:37     [3] SAOP_STOCK: se ni na vrsti po razporedu; preskoceno.
12:17:37     [4] SAOP_STOCK: se ni na vrsti po razporedu; preskoceno.
12:17:37     konec: Zaloga iz SAOP (kolicine)
12:17:37  == Izvoz cen in zaloge za splet ==
12:17:39     Izvoz profila MAGENTO_STOCK_PRICES končan: 352 vrstic v C:\Users\david\Desktop\PIM\NoviPIM\izvoz\magento\1
12:17:43     Izvoz profila MAGENTO_STOCK_PRICES končan: 2071 vrstic v C:\Users\david\Desktop\PIM\NoviPIM\izvoz\magento\2
12:17:47     Izvoz profila MAGENTO_STOCK_PRICES končan: 2488 vrstic v C:\Users\david\Desktop\PIM\NoviPIM\izvoz\magento\3
12:17:48     Izvoz profila MAGENTO_STOCK_PRICES končan: 0 vrstic v C:\Users\david\Desktop\PIM\NoviPIM\izvoz\magento\4
12:17:48     konec: Izvoz cen in zaloge za splet
12:17:48  Zalogovni cikel koncan; padlih korakov: 0.
12:22:27  == Zaloga NW_STOCK ==
12:22:28     SOURCE_FETCH: se ni na vrsti po razporedu; preskoceno.
12:22:28     Prebranih zapisov: 2763; SHA-256: fd98a98c10560e30c42e6b893ffa836ed1ccfc30cef2860ae275e149879d7ed1
12:22:29     STOCK_FILE pri podjetju 1: se ni na vrsti po razporedu; preskoceno.
12:22:29     Prebranih zapisov: 2763; SHA-256: fd98a98c10560e30c42e6b893ffa836ed1ccfc30cef2860ae275e149879d7ed1
12:22:30     STOCK_FILE pri podjetju 2: se ni na vrsti po razporedu; preskoceno.
12:22:30     Prebranih zapisov: 2763; SHA-256: fd98a98c10560e30c42e6b893ffa836ed1ccfc30cef2860ae275e149879d7ed1
12:22:30     STOCK_FILE pri podjetju 3: se ni na vrsti po razporedu; preskoceno.
12:22:31     Prebranih zapisov: 2763; SHA-256: fd98a98c10560e30c42e6b893ffa836ed1ccfc30cef2860ae275e149879d7ed1
12:22:31     STOCK_FILE pri podjetju 4: se ni na vrsti po razporedu; preskoceno.
12:22:31     konec: Zaloga NW_STOCK
12:22:31  == Zaloga BT_STOCK ==
12:22:32     [BT_STOCK] preskoceno: Razmik dobavitelja se tece; naslednji prenos po 3. 09. 2026 13:47.
12:22:32     Prevzem koncan: uspesno 0, neuspesno 0, skupaj virov 1.
12:22:33     Prebranih zapisov: 1389; SHA-256: 76fcd957387bd2676d26fb696d223bb361c18bb9c8039ca3f22fc94413508570
12:22:33     Ta posnetek je ze v bazi; vir=BT_STOCK, podjetje=1, cas posnetka=2026-09-03 08:47:34Z, uporabljenih=1389, v karanteni=0, RunId=75128511-3523-4924-aca8-7798bc6db367. Zapisano ni bilo nic.
12:22:34     Prebranih zapisov: 1389; SHA-256: 76fcd957387bd2676d26fb696d223bb361c18bb9c8039ca3f22fc94413508570
12:22:35     Ta posnetek je ze v bazi; vir=BT_STOCK, podjetje=2, cas posnetka=2026-09-03 08:47:34Z, uporabljenih=1389, v karanteni=0, RunId=a580a851-6660-4a7c-8dde-016cdb2c1391. Zapisano ni bilo nic.
12:22:35     Prebranih zapisov: 1389; SHA-256: 76fcd957387bd2676d26fb696d223bb361c18bb9c8039ca3f22fc94413508570
12:22:36     Ta posnetek je ze v bazi; vir=BT_STOCK, podjetje=3, cas posnetka=2026-09-03 08:47:34Z, uporabljenih=1389, v karanteni=0, RunId=0cc09c38-5c88-41d1-87ff-6ff32c519fa6. Zapisano ni bilo nic.
12:22:36     Prebranih zapisov: 1389; SHA-256: 76fcd957387bd2676d26fb696d223bb361c18bb9c8039ca3f22fc94413508570
12:22:37     Ta posnetek je ze v bazi; vir=BT_STOCK, podjetje=4, cas posnetka=2026-09-03 08:47:34Z, uporabljenih=1389, v karanteni=0, RunId=fa56118f-1cf5-4dbb-992a-6f7114537652. Zapisano ni bilo nic.
12:22:37     konec: Zaloga BT_STOCK
12:22:37  == Zaloga iz SAOP (kolicine) ==
12:22:38     [1] SAOP_STOCK: se ni na vrsti po razporedu; preskoceno.
12:22:38     [2] SAOP_STOCK: se ni na vrsti po razporedu; preskoceno.
12:22:38     [3] SAOP_STOCK: se ni na vrsti po razporedu; preskoceno.
12:22:38     [4] SAOP_STOCK: se ni na vrsti po razporedu; preskoceno.
12:22:38     konec: Zaloga iz SAOP (kolicine)
12:22:38  == Izvoz cen in zaloge za splet ==
12:22:39     Izvoz profila MAGENTO_STOCK_PRICES končan: 352 vrstic v C:\Users\david\Desktop\PIM\NoviPIM\izvoz\magento\1
12:22:43     Izvoz profila MAGENTO_STOCK_PRICES končan: 2071 vrstic v C:\Users\david\Desktop\PIM\NoviPIM\izvoz\magento\2
12:22:47     Izvoz profila MAGENTO_STOCK_PRICES končan: 2488 vrstic v C:\Users\david\Desktop\PIM\NoviPIM\izvoz\magento\3
12:22:48     Izvoz profila MAGENTO_STOCK_PRICES končan: 0 vrstic v C:\Users\david\Desktop\PIM\NoviPIM\izvoz\magento\4
12:22:48     konec: Izvoz cen in zaloge za splet
12:22:48  Zalogovni cikel koncan; padlih korakov: 0.
12:27:26  == Zaloga NW_STOCK ==
12:27:27     SOURCE_FETCH: se ni na vrsti po razporedu; preskoceno.
12:27:28     Prebranih zapisov: 2763; SHA-256: fd98a98c10560e30c42e6b893ffa836ed1ccfc30cef2860ae275e149879d7ed1
12:27:28     STOCK_FILE pri podjetju 1: se ni na vrsti po razporedu; preskoceno.
12:27:29     Prebranih zapisov: 2763; SHA-256: fd98a98c10560e30c42e6b893ffa836ed1ccfc30cef2860ae275e149879d7ed1
12:27:29     STOCK_FILE pri podjetju 2: se ni na vrsti po razporedu; preskoceno.
12:27:30     Prebranih zapisov: 2763; SHA-256: fd98a98c10560e30c42e6b893ffa836ed1ccfc30cef2860ae275e149879d7ed1
12:27:30     STOCK_FILE pri podjetju 3: se ni na vrsti po razporedu; preskoceno.
12:27:31     Prebranih zapisov: 2763; SHA-256: fd98a98c10560e30c42e6b893ffa836ed1ccfc30cef2860ae275e149879d7ed1
12:27:31     STOCK_FILE pri podjetju 4: se ni na vrsti po razporedu; preskoceno.
12:27:31     konec: Zaloga NW_STOCK
12:27:31  == Zaloga BT_STOCK ==
12:27:32     SOURCE_FETCH: se ni na vrsti po razporedu; preskoceno.
12:27:33     Prebranih zapisov: 1389; SHA-256: 76fcd957387bd2676d26fb696d223bb361c18bb9c8039ca3f22fc94413508570
12:27:33     STOCK_FILE pri podjetju 1: se ni na vrsti po razporedu; preskoceno.
12:27:34     Prebranih zapisov: 1389; SHA-256: 76fcd957387bd2676d26fb696d223bb361c18bb9c8039ca3f22fc94413508570
12:27:34     STOCK_FILE pri podjetju 2: se ni na vrsti po razporedu; preskoceno.
12:27:35     Prebranih zapisov: 1389; SHA-256: 76fcd957387bd2676d26fb696d223bb361c18bb9c8039ca3f22fc94413508570
12:27:35     STOCK_FILE pri podjetju 3: se ni na vrsti po razporedu; preskoceno.
12:27:36     Prebranih zapisov: 1389; SHA-256: 76fcd957387bd2676d26fb696d223bb361c18bb9c8039ca3f22fc94413508570
12:27:36     STOCK_FILE pri podjetju 4: se ni na vrsti po razporedu; preskoceno.
12:27:36     konec: Zaloga BT_STOCK
12:27:36  == Zaloga iz SAOP (kolicine) ==
12:27:37     [1] SAOP_STOCK: se ni na vrsti po razporedu; preskoceno.
12:27:37     [2] SAOP_STOCK: se ni na vrsti po razporedu; preskoceno.
12:27:37     [3] SAOP_STOCK: se ni na vrsti po razporedu; preskoceno.
12:27:37     [4] SAOP_STOCK: se ni na vrsti po razporedu; preskoceno.
12:27:37     konec: Zaloga iz SAOP (kolicine)
12:27:37  == Izvoz cen in zaloge za splet ==
12:27:38     Izvoz profila MAGENTO_STOCK_PRICES končan: 352 vrstic v C:\Users\david\Desktop\PIM\NoviPIM\izvoz\magento\1
12:27:42     Izvoz profila MAGENTO_STOCK_PRICES končan: 2071 vrstic v C:\Users\david\Desktop\PIM\NoviPIM\izvoz\magento\2
12:27:46     Izvoz profila MAGENTO_STOCK_PRICES končan: 2488 vrstic v C:\Users\david\Desktop\PIM\NoviPIM\izvoz\magento\3
12:27:47     Izvoz profila MAGENTO_STOCK_PRICES končan: 0 vrstic v C:\Users\david\Desktop\PIM\NoviPIM\izvoz\magento\4
12:27:47     konec: Izvoz cen in zaloge za splet
12:27:47  Zalogovni cikel koncan; padlih korakov: 0.
12:32:26  == Zaloga NW_STOCK ==
12:32:27     [NW_STOCK] preskoceno: Razmik dobavitelja se tece; naslednji prenos po 3. 09. 2026 13:12.
12:32:27     Prevzem koncan: uspesno 0, neuspesno 0, skupaj virov 1.
12:32:28     Prebranih zapisov: 2763; SHA-256: fd98a98c10560e30c42e6b893ffa836ed1ccfc30cef2860ae275e149879d7ed1
12:32:28     Ta posnetek je ze v bazi; vir=NW_STOCK, podjetje=1, cas posnetka=2026-09-03 09:12:28Z, uporabljenih=2763, v karanteni=0, RunId=7b3e172c-d9a9-4942-8aa6-6868163d491a. Zapisano ni bilo nic.
12:32:29     Prebranih zapisov: 2763; SHA-256: fd98a98c10560e30c42e6b893ffa836ed1ccfc30cef2860ae275e149879d7ed1
12:32:29     Ta posnetek je ze v bazi; vir=NW_STOCK, podjetje=2, cas posnetka=2026-09-03 09:12:28Z, uporabljenih=2763, v karanteni=0, RunId=619eed19-63ee-4120-9e44-ab51084310c0. Zapisano ni bilo nic.
12:32:30     Prebranih zapisov: 2763; SHA-256: fd98a98c10560e30c42e6b893ffa836ed1ccfc30cef2860ae275e149879d7ed1
12:32:30     Ta posnetek je ze v bazi; vir=NW_STOCK, podjetje=3, cas posnetka=2026-09-03 09:12:28Z, uporabljenih=2763, v karanteni=0, RunId=a44d21ad-edf0-4fee-915a-200fa68a752c. Zapisano ni bilo nic.
12:32:31     Prebranih zapisov: 2763; SHA-256: fd98a98c10560e30c42e6b893ffa836ed1ccfc30cef2860ae275e149879d7ed1
12:32:31     Ta posnetek je ze v bazi; vir=NW_STOCK, podjetje=4, cas posnetka=2026-09-03 09:12:28Z, uporabljenih=2763, v karanteni=0, RunId=d44af9c5-e816-4b19-8e66-ed984e14e1a9. Zapisano ni bilo nic.
12:32:31     konec: Zaloga NW_STOCK
12:32:31  == Zaloga BT_STOCK ==
12:32:32     SOURCE_FETCH: se ni na vrsti po razporedu; preskoceno.
12:32:33     Prebranih zapisov: 1389; SHA-256: 76fcd957387bd2676d26fb696d223bb361c18bb9c8039ca3f22fc94413508570
12:32:33     STOCK_FILE pri podjetju 1: se ni na vrsti po razporedu; preskoceno.
12:32:34     Prebranih zapisov: 1389; SHA-256: 76fcd957387bd2676d26fb696d223bb361c18bb9c8039ca3f22fc94413508570
12:32:34     STOCK_FILE pri podjetju 2: se ni na vrsti po razporedu; preskoceno.
12:32:35     Prebranih zapisov: 1389; SHA-256: 76fcd957387bd2676d26fb696d223bb361c18bb9c8039ca3f22fc94413508570
12:32:35     STOCK_FILE pri podjetju 3: se ni na vrsti po razporedu; preskoceno.
12:32:36     Prebranih zapisov: 1389; SHA-256: 76fcd957387bd2676d26fb696d223bb361c18bb9c8039ca3f22fc94413508570
12:32:36     STOCK_FILE pri podjetju 4: se ni na vrsti po razporedu; preskoceno.
12:32:36     konec: Zaloga BT_STOCK
12:32:36  == Zaloga iz SAOP (kolicine) ==
12:32:37     [1] SAOP_STOCK: se ni na vrsti po razporedu; preskoceno.
12:32:37     [2] SAOP_STOCK: se ni na vrsti po razporedu; preskoceno.
12:32:37     [3] SAOP_STOCK: se ni na vrsti po razporedu; preskoceno.
12:32:37     [4] SAOP_STOCK: se ni na vrsti po razporedu; preskoceno.
12:32:37     konec: Zaloga iz SAOP (kolicine)
12:32:37  == Izvoz cen in zaloge za splet ==
12:32:39     Izvoz profila MAGENTO_STOCK_PRICES končan: 352 vrstic v C:\Users\david\Desktop\PIM\NoviPIM\izvoz\magento\1
12:32:43     Izvoz profila MAGENTO_STOCK_PRICES končan: 2071 vrstic v C:\Users\david\Desktop\PIM\NoviPIM\izvoz\magento\2
12:32:46     Izvoz profila MAGENTO_STOCK_PRICES končan: 2488 vrstic v C:\Users\david\Desktop\PIM\NoviPIM\izvoz\magento\3
12:32:48     Izvoz profila MAGENTO_STOCK_PRICES končan: 0 vrstic v C:\Users\david\Desktop\PIM\NoviPIM\izvoz\magento\4
12:32:48     konec: Izvoz cen in zaloge za splet
12:32:48  Zalogovni cikel koncan; padlih korakov: 0.
12:37:26  == Zaloga NW_STOCK ==
12:37:28     [NW_STOCK] preskoceno: Razmik dobavitelja se tece; naslednji prenos po 3. 09. 2026 13:12.
12:37:28     Prevzem koncan: uspesno 0, neuspesno 0, skupaj virov 1.
12:37:29     Prebranih zapisov: 2763; SHA-256: fd98a98c10560e30c42e6b893ffa836ed1ccfc30cef2860ae275e149879d7ed1
12:37:30     Ta posnetek je ze v bazi; vir=NW_STOCK, podjetje=1, cas posnetka=2026-09-03 09:12:28Z, uporabljenih=2763, v karanteni=0, RunId=7b3e172c-d9a9-4942-8aa6-6868163d491a. Zapisano ni bilo nic.
12:37:31     Prebranih zapisov: 2763; SHA-256: fd98a98c10560e30c42e6b893ffa836ed1ccfc30cef2860ae275e149879d7ed1
12:37:32     Ta posnetek je ze v bazi; vir=NW_STOCK, podjetje=2, cas posnetka=2026-09-03 09:12:28Z, uporabljenih=2763, v karanteni=0, RunId=619eed19-63ee-4120-9e44-ab51084310c0. Zapisano ni bilo nic.
12:37:33     Prebranih zapisov: 2763; SHA-256: fd98a98c10560e30c42e6b893ffa836ed1ccfc30cef2860ae275e149879d7ed1
12:37:33     Ta posnetek je ze v bazi; vir=NW_STOCK, podjetje=3, cas posnetka=2026-09-03 09:12:28Z, uporabljenih=2763, v karanteni=0, RunId=a44d21ad-edf0-4fee-915a-200fa68a752c. Zapisano ni bilo nic.
12:37:35     Prebranih zapisov: 2763; SHA-256: fd98a98c10560e30c42e6b893ffa836ed1ccfc30cef2860ae275e149879d7ed1
12:37:36     Ta posnetek je ze v bazi; vir=NW_STOCK, podjetje=4, cas posnetka=2026-09-03 09:12:28Z, uporabljenih=2763, v karanteni=0, RunId=d44af9c5-e816-4b19-8e66-ed984e14e1a9. Zapisano ni bilo nic.
12:37:36     konec: Zaloga NW_STOCK
12:37:36  == Zaloga BT_STOCK ==
12:37:38     SOURCE_FETCH: se ni na vrsti po razporedu; preskoceno.
12:37:39     Prebranih zapisov: 1389; SHA-256: 76fcd957387bd2676d26fb696d223bb361c18bb9c8039ca3f22fc94413508570
12:37:39     STOCK_FILE pri podjetju 1: se ni na vrsti po razporedu; preskoceno.
12:37:40     Prebranih zapisov: 1389; SHA-256: 76fcd957387bd2676d26fb696d223bb361c18bb9c8039ca3f22fc94413508570
12:37:40     STOCK_FILE pri podjetju 2: se ni na vrsti po razporedu; preskoceno.
12:37:41     Prebranih zapisov: 1389; SHA-256: 76fcd957387bd2676d26fb696d223bb361c18bb9c8039ca3f22fc94413508570
12:37:42     STOCK_FILE pri podjetju 3: se ni na vrsti po razporedu; preskoceno.
12:37:42     Prebranih zapisov: 1389; SHA-256: 76fcd957387bd2676d26fb696d223bb361c18bb9c8039ca3f22fc94413508570
12:37:43     STOCK_FILE pri podjetju 4: se ni na vrsti po razporedu; preskoceno.
12:37:43     konec: Zaloga BT_STOCK
12:37:43  == Zaloga iz SAOP (kolicine) ==
12:37:44     [1] SAOP_STOCK: se ni na vrsti po razporedu; preskoceno.
12:37:44     [2] SAOP_STOCK: se ni na vrsti po razporedu; preskoceno.
12:37:44     [3] SAOP_STOCK: se ni na vrsti po razporedu; preskoceno.
12:37:44     [4] SAOP_STOCK: se ni na vrsti po razporedu; preskoceno.
12:37:44     konec: Zaloga iz SAOP (kolicine)
12:37:44  == Izvoz cen in zaloge za splet ==
12:38:01     Izvoz profila MAGENTO_STOCK_PRICES končan: 352 vrstic v C:\Users\david\Desktop\PIM\NoviPIM\izvoz\magento\1
12:38:05     Izvoz profila MAGENTO_STOCK_PRICES končan: 2071 vrstic v C:\Users\david\Desktop\PIM\NoviPIM\izvoz\magento\2
12:38:10     Izvoz profila MAGENTO_STOCK_PRICES končan: 2488 vrstic v C:\Users\david\Desktop\PIM\NoviPIM\izvoz\magento\3
12:38:11     Izvoz profila MAGENTO_STOCK_PRICES končan: 0 vrstic v C:\Users\david\Desktop\PIM\NoviPIM\izvoz\magento\4
12:38:11     konec: Izvoz cen in zaloge za splet
12:38:11  Zalogovni cikel koncan; padlih korakov: 0.
12:42:27  == Zaloga NW_STOCK ==
12:42:28     SOURCE_FETCH: se ni na vrsti po razporedu; preskoceno.
12:42:28     Prebranih zapisov: 2763; SHA-256: fd98a98c10560e30c42e6b893ffa836ed1ccfc30cef2860ae275e149879d7ed1
12:42:29     STOCK_FILE pri podjetju 1: se ni na vrsti po razporedu; preskoceno.
12:42:29     Prebranih zapisov: 2763; SHA-256: fd98a98c10560e30c42e6b893ffa836ed1ccfc30cef2860ae275e149879d7ed1
12:42:29     STOCK_FILE pri podjetju 2: se ni na vrsti po razporedu; preskoceno.
12:42:30     Prebranih zapisov: 2763; SHA-256: fd98a98c10560e30c42e6b893ffa836ed1ccfc30cef2860ae275e149879d7ed1
12:42:30     STOCK_FILE pri podjetju 3: se ni na vrsti po razporedu; preskoceno.
12:42:31     Prebranih zapisov: 2763; SHA-256: fd98a98c10560e30c42e6b893ffa836ed1ccfc30cef2860ae275e149879d7ed1
12:42:31     STOCK_FILE pri podjetju 4: se ni na vrsti po razporedu; preskoceno.
12:42:31     konec: Zaloga NW_STOCK
12:42:31  == Zaloga BT_STOCK ==
12:42:32     [BT_STOCK] preskoceno: Razmik dobavitelja se tece; naslednji prenos po 3. 09. 2026 13:47.
12:42:32     Prevzem koncan: uspesno 0, neuspesno 0, skupaj virov 1.
12:42:33     Prebranih zapisov: 1389; SHA-256: 76fcd957387bd2676d26fb696d223bb361c18bb9c8039ca3f22fc94413508570
12:42:33     Ta posnetek je ze v bazi; vir=BT_STOCK, podjetje=1, cas posnetka=2026-09-03 08:47:34Z, uporabljenih=1389, v karanteni=0, RunId=75128511-3523-4924-aca8-7798bc6db367. Zapisano ni bilo nic.
12:42:34     Prebranih zapisov: 1389; SHA-256: 76fcd957387bd2676d26fb696d223bb361c18bb9c8039ca3f22fc94413508570
12:42:34     Ta posnetek je ze v bazi; vir=BT_STOCK, podjetje=2, cas posnetka=2026-09-03 08:47:34Z, uporabljenih=1389, v karanteni=0, RunId=a580a851-6660-4a7c-8dde-016cdb2c1391. Zapisano ni bilo nic.
12:42:35     Prebranih zapisov: 1389; SHA-256: 76fcd957387bd2676d26fb696d223bb361c18bb9c8039ca3f22fc94413508570
12:42:35     Ta posnetek je ze v bazi; vir=BT_STOCK, podjetje=3, cas posnetka=2026-09-03 08:47:34Z, uporabljenih=1389, v karanteni=0, RunId=0cc09c38-5c88-41d1-87ff-6ff32c519fa6. Zapisano ni bilo nic.
12:42:36     Prebranih zapisov: 1389; SHA-256: 76fcd957387bd2676d26fb696d223bb361c18bb9c8039ca3f22fc94413508570
12:42:37     Ta posnetek je ze v bazi; vir=BT_STOCK, podjetje=4, cas posnetka=2026-09-03 08:47:34Z, uporabljenih=1389, v karanteni=0, RunId=fa56118f-1cf5-4dbb-992a-6f7114537652. Zapisano ni bilo nic.
12:42:37     konec: Zaloga BT_STOCK
12:42:37  == Zaloga iz SAOP (kolicine) ==
12:42:38     [1] SAOP_STOCK: se ni na vrsti po razporedu; preskoceno.
12:42:38     [2] SAOP_STOCK: se ni na vrsti po razporedu; preskoceno.
12:42:38     [3] SAOP_STOCK: se ni na vrsti po razporedu; preskoceno.
12:42:38     [4] SAOP_STOCK: se ni na vrsti po razporedu; preskoceno.
12:42:38     konec: Zaloga iz SAOP (kolicine)
12:42:38  == Izvoz cen in zaloge za splet ==
12:42:39     Izvoz profila MAGENTO_STOCK_PRICES končan: 352 vrstic v C:\Users\david\Desktop\PIM\NoviPIM\izvoz\magento\1
12:42:43     Izvoz profila MAGENTO_STOCK_PRICES končan: 2071 vrstic v C:\Users\david\Desktop\PIM\NoviPIM\izvoz\magento\2
12:42:47     Izvoz profila MAGENTO_STOCK_PRICES končan: 2488 vrstic v C:\Users\david\Desktop\PIM\NoviPIM\izvoz\magento\3
12:42:48     Izvoz profila MAGENTO_STOCK_PRICES končan: 0 vrstic v C:\Users\david\Desktop\PIM\NoviPIM\izvoz\magento\4
12:42:48     konec: Izvoz cen in zaloge za splet
12:42:48  Zalogovni cikel koncan; padlih korakov: 0.
12:47:26  == Zaloga NW_STOCK ==
12:47:27     SOURCE_FETCH: se ni na vrsti po razporedu; preskoceno.
12:47:28     Prebranih zapisov: 2763; SHA-256: fd98a98c10560e30c42e6b893ffa836ed1ccfc30cef2860ae275e149879d7ed1
12:47:28     STOCK_FILE pri podjetju 1: se ni na vrsti po razporedu; preskoceno.
12:47:29     Prebranih zapisov: 2763; SHA-256: fd98a98c10560e30c42e6b893ffa836ed1ccfc30cef2860ae275e149879d7ed1
12:47:29     STOCK_FILE pri podjetju 2: se ni na vrsti po razporedu; preskoceno.
12:47:30     Prebranih zapisov: 2763; SHA-256: fd98a98c10560e30c42e6b893ffa836ed1ccfc30cef2860ae275e149879d7ed1
12:47:30     STOCK_FILE pri podjetju 3: se ni na vrsti po razporedu; preskoceno.
12:47:31     Prebranih zapisov: 2763; SHA-256: fd98a98c10560e30c42e6b893ffa836ed1ccfc30cef2860ae275e149879d7ed1
12:47:31     STOCK_FILE pri podjetju 4: se ni na vrsti po razporedu; preskoceno.
12:47:31     konec: Zaloga NW_STOCK
12:47:31  == Zaloga BT_STOCK ==
12:47:32     SOURCE_FETCH: se ni na vrsti po razporedu; preskoceno.
12:47:33     Prebranih zapisov: 1389; SHA-256: 76fcd957387bd2676d26fb696d223bb361c18bb9c8039ca3f22fc94413508570
12:47:33     STOCK_FILE pri podjetju 1: se ni na vrsti po razporedu; preskoceno.
12:47:34     Prebranih zapisov: 1389; SHA-256: 76fcd957387bd2676d26fb696d223bb361c18bb9c8039ca3f22fc94413508570
12:47:34     STOCK_FILE pri podjetju 2: se ni na vrsti po razporedu; preskoceno.
12:47:34     Prebranih zapisov: 1389; SHA-256: 76fcd957387bd2676d26fb696d223bb361c18bb9c8039ca3f22fc94413508570
12:47:35     STOCK_FILE pri podjetju 3: se ni na vrsti po razporedu; preskoceno.
12:47:35     Prebranih zapisov: 1389; SHA-256: 76fcd957387bd2676d26fb696d223bb361c18bb9c8039ca3f22fc94413508570
12:47:36     STOCK_FILE pri podjetju 4: se ni na vrsti po razporedu; preskoceno.
12:47:36     konec: Zaloga BT_STOCK
12:47:36  == Zaloga iz SAOP (kolicine) ==
12:47:37     [1] SAOP_STOCK: se ni na vrsti po razporedu; preskoceno.
12:47:37     [2] SAOP_STOCK: se ni na vrsti po razporedu; preskoceno.
12:47:37     [3] SAOP_STOCK: se ni na vrsti po razporedu; preskoceno.
12:47:37     [4] SAOP_STOCK: se ni na vrsti po razporedu; preskoceno.
12:47:37     konec: Zaloga iz SAOP (kolicine)
12:47:37  == Izvoz cen in zaloge za splet ==
12:47:38     Izvoz profila MAGENTO_STOCK_PRICES končan: 352 vrstic v C:\Users\david\Desktop\PIM\NoviPIM\izvoz\magento\1
12:47:42     Izvoz profila MAGENTO_STOCK_PRICES končan: 2071 vrstic v C:\Users\david\Desktop\PIM\NoviPIM\izvoz\magento\2
12:47:46     Izvoz profila MAGENTO_STOCK_PRICES končan: 2488 vrstic v C:\Users\david\Desktop\PIM\NoviPIM\izvoz\magento\3
12:47:47     Izvoz profila MAGENTO_STOCK_PRICES končan: 0 vrstic v C:\Users\david\Desktop\PIM\NoviPIM\izvoz\magento\4
12:47:47     konec: Izvoz cen in zaloge za splet
12:47:47  Zalogovni cikel koncan; padlih korakov: 0.
12:52:26  == Zaloga NW_STOCK ==
12:52:27     [NW_STOCK] preskoceno: Razmik dobavitelja se tece; naslednji prenos po 3. 09. 2026 13:12.
12:52:27     Prevzem koncan: uspesno 0, neuspesno 0, skupaj virov 1.
12:52:28     Prebranih zapisov: 2763; SHA-256: fd98a98c10560e30c42e6b893ffa836ed1ccfc30cef2860ae275e149879d7ed1
12:52:28     Ta posnetek je ze v bazi; vir=NW_STOCK, podjetje=1, cas posnetka=2026-09-03 09:12:28Z, uporabljenih=2763, v karanteni=0, RunId=7b3e172c-d9a9-4942-8aa6-6868163d491a. Zapisano ni bilo nic.
12:52:29     Prebranih zapisov: 2763; SHA-256: fd98a98c10560e30c42e6b893ffa836ed1ccfc30cef2860ae275e149879d7ed1
12:52:29     Ta posnetek je ze v bazi; vir=NW_STOCK, podjetje=2, cas posnetka=2026-09-03 09:12:28Z, uporabljenih=2763, v karanteni=0, RunId=619eed19-63ee-4120-9e44-ab51084310c0. Zapisano ni bilo nic.
12:52:30     Prebranih zapisov: 2763; SHA-256: fd98a98c10560e30c42e6b893ffa836ed1ccfc30cef2860ae275e149879d7ed1
12:52:30     Ta posnetek je ze v bazi; vir=NW_STOCK, podjetje=3, cas posnetka=2026-09-03 09:12:28Z, uporabljenih=2763, v karanteni=0, RunId=a44d21ad-edf0-4fee-915a-200fa68a752c. Zapisano ni bilo nic.
12:52:31     Prebranih zapisov: 2763; SHA-256: fd98a98c10560e30c42e6b893ffa836ed1ccfc30cef2860ae275e149879d7ed1
12:52:31     Ta posnetek je ze v bazi; vir=NW_STOCK, podjetje=4, cas posnetka=2026-09-03 09:12:28Z, uporabljenih=2763, v karanteni=0, RunId=d44af9c5-e816-4b19-8e66-ed984e14e1a9. Zapisano ni bilo nic.
12:52:31     konec: Zaloga NW_STOCK
12:52:31  == Zaloga BT_STOCK ==
12:52:32     SOURCE_FETCH: se ni na vrsti po razporedu; preskoceno.
12:52:33     Prebranih zapisov: 1389; SHA-256: 76fcd957387bd2676d26fb696d223bb361c18bb9c8039ca3f22fc94413508570
12:52:33     STOCK_FILE pri podjetju 1: se ni na vrsti po razporedu; preskoceno.
12:52:34     Prebranih zapisov: 1389; SHA-256: 76fcd957387bd2676d26fb696d223bb361c18bb9c8039ca3f22fc94413508570
12:52:34     STOCK_FILE pri podjetju 2: se ni na vrsti po razporedu; preskoceno.
12:52:35     Prebranih zapisov: 1389; SHA-256: 76fcd957387bd2676d26fb696d223bb361c18bb9c8039ca3f22fc94413508570
12:52:35     STOCK_FILE pri podjetju 3: se ni na vrsti po razporedu; preskoceno.
12:52:36     Prebranih zapisov: 1389; SHA-256: 76fcd957387bd2676d26fb696d223bb361c18bb9c8039ca3f22fc94413508570
12:52:36     STOCK_FILE pri podjetju 4: se ni na vrsti po razporedu; preskoceno.
12:52:36     konec: Zaloga BT_STOCK
12:52:36  == Zaloga iz SAOP (kolicine) ==
12:52:37     [1] SAOP_STOCK: se ni na vrsti po razporedu; preskoceno.
12:52:37     [2] SAOP_STOCK: se ni na vrsti po razporedu; preskoceno.
12:52:37     [3] SAOP_STOCK: se ni na vrsti po razporedu; preskoceno.
12:52:37     [4] SAOP_STOCK: se ni na vrsti po razporedu; preskoceno.
12:52:37     konec: Zaloga iz SAOP (kolicine)
12:52:37  == Izvoz cen in zaloge za splet ==
12:52:39     Izvoz profila MAGENTO_STOCK_PRICES končan: 352 vrstic v C:\Users\david\Desktop\PIM\NoviPIM\izvoz\magento\1
12:52:42     Izvoz profila MAGENTO_STOCK_PRICES končan: 2071 vrstic v C:\Users\david\Desktop\PIM\NoviPIM\izvoz\magento\2
12:52:46     Izvoz profila MAGENTO_STOCK_PRICES končan: 2488 vrstic v C:\Users\david\Desktop\PIM\NoviPIM\izvoz\magento\3
12:52:47     Izvoz profila MAGENTO_STOCK_PRICES končan: 0 vrstic v C:\Users\david\Desktop\PIM\NoviPIM\izvoz\magento\4
12:52:47     konec: Izvoz cen in zaloge za splet
12:52:47  Zalogovni cikel koncan; padlih korakov: 0.
12:57:26  == Zaloga NW_STOCK ==
12:57:27     SOURCE_FETCH: se ni na vrsti po razporedu; preskoceno.
12:57:28     Prebranih zapisov: 2763; SHA-256: fd98a98c10560e30c42e6b893ffa836ed1ccfc30cef2860ae275e149879d7ed1
12:57:28     STOCK_FILE pri podjetju 1: se ni na vrsti po razporedu; preskoceno.
12:57:29     Prebranih zapisov: 2763; SHA-256: fd98a98c10560e30c42e6b893ffa836ed1ccfc30cef2860ae275e149879d7ed1
12:57:29     STOCK_FILE pri podjetju 2: se ni na vrsti po razporedu; preskoceno.
12:57:30     Prebranih zapisov: 2763; SHA-256: fd98a98c10560e30c42e6b893ffa836ed1ccfc30cef2860ae275e149879d7ed1
12:57:30     STOCK_FILE pri podjetju 3: se ni na vrsti po razporedu; preskoceno.
12:57:31     Prebranih zapisov: 2763; SHA-256: fd98a98c10560e30c42e6b893ffa836ed1ccfc30cef2860ae275e149879d7ed1
12:57:31     STOCK_FILE pri podjetju 4: se ni na vrsti po razporedu; preskoceno.
12:57:31     konec: Zaloga NW_STOCK
12:57:31  == Zaloga BT_STOCK ==
12:57:32     [BT_STOCK] preskoceno: Razmik dobavitelja se tece; naslednji prenos po 3. 09. 2026 13:47.
12:57:32     Prevzem koncan: uspesno 0, neuspesno 0, skupaj virov 1.
12:57:33     Prebranih zapisov: 1389; SHA-256: 76fcd957387bd2676d26fb696d223bb361c18bb9c8039ca3f22fc94413508570
12:57:33     Ta posnetek je ze v bazi; vir=BT_STOCK, podjetje=1, cas posnetka=2026-09-03 08:47:34Z, uporabljenih=1389, v karanteni=0, RunId=75128511-3523-4924-aca8-7798bc6db367. Zapisano ni bilo nic.
12:57:34     Prebranih zapisov: 1389; SHA-256: 76fcd957387bd2676d26fb696d223bb361c18bb9c8039ca3f22fc94413508570
12:57:34     Ta posnetek je ze v bazi; vir=BT_STOCK, podjetje=2, cas posnetka=2026-09-03 08:47:34Z, uporabljenih=1389, v karanteni=0, RunId=a580a851-6660-4a7c-8dde-016cdb2c1391. Zapisano ni bilo nic.
12:57:35     Prebranih zapisov: 1389; SHA-256: 76fcd957387bd2676d26fb696d223bb361c18bb9c8039ca3f22fc94413508570
12:57:35     Ta posnetek je ze v bazi; vir=BT_STOCK, podjetje=3, cas posnetka=2026-09-03 08:47:34Z, uporabljenih=1389, v karanteni=0, RunId=0cc09c38-5c88-41d1-87ff-6ff32c519fa6. Zapisano ni bilo nic.
12:57:36     Prebranih zapisov: 1389; SHA-256: 76fcd957387bd2676d26fb696d223bb361c18bb9c8039ca3f22fc94413508570
12:57:36     Ta posnetek je ze v bazi; vir=BT_STOCK, podjetje=4, cas posnetka=2026-09-03 08:47:34Z, uporabljenih=1389, v karanteni=0, RunId=fa56118f-1cf5-4dbb-992a-6f7114537652. Zapisano ni bilo nic.
12:57:36     konec: Zaloga BT_STOCK
12:57:36  == Zaloga iz SAOP (kolicine) ==
12:57:37     [1] SAOP_STOCK: se ni na vrsti po razporedu; preskoceno.
12:57:37     [2] SAOP_STOCK: se ni na vrsti po razporedu; preskoceno.
12:57:37     [3] SAOP_STOCK: se ni na vrsti po razporedu; preskoceno.
12:57:37     [4] SAOP_STOCK: se ni na vrsti po razporedu; preskoceno.
12:57:37     konec: Zaloga iz SAOP (kolicine)
12:57:37  == Izvoz cen in zaloge za splet ==
12:57:38     Izvoz profila MAGENTO_STOCK_PRICES končan: 352 vrstic v C:\Users\david\Desktop\PIM\NoviPIM\izvoz\magento\1
12:57:42     Izvoz profila MAGENTO_STOCK_PRICES končan: 2071 vrstic v C:\Users\david\Desktop\PIM\NoviPIM\izvoz\magento\2
12:57:46     Izvoz profila MAGENTO_STOCK_PRICES končan: 2488 vrstic v C:\Users\david\Desktop\PIM\NoviPIM\izvoz\magento\3
12:57:47     Izvoz profila MAGENTO_STOCK_PRICES končan: 0 vrstic v C:\Users\david\Desktop\PIM\NoviPIM\izvoz\magento\4
12:57:47     konec: Izvoz cen in zaloge za splet
12:57:47  Zalogovni cikel koncan; padlih korakov: 0.
13:02:26  == Zaloga NW_STOCK ==
13:02:27     SOURCE_FETCH: se ni na vrsti po razporedu; preskoceno.
13:02:28     Prebranih zapisov: 2763; SHA-256: fd98a98c10560e30c42e6b893ffa836ed1ccfc30cef2860ae275e149879d7ed1
13:02:28     STOCK_FILE pri podjetju 1: se ni na vrsti po razporedu; preskoceno.
13:02:29     Prebranih zapisov: 2763; SHA-256: fd98a98c10560e30c42e6b893ffa836ed1ccfc30cef2860ae275e149879d7ed1
13:02:29     STOCK_FILE pri podjetju 2: se ni na vrsti po razporedu; preskoceno.
13:02:30     Prebranih zapisov: 2763; SHA-256: fd98a98c10560e30c42e6b893ffa836ed1ccfc30cef2860ae275e149879d7ed1
13:02:30     STOCK_FILE pri podjetju 3: se ni na vrsti po razporedu; preskoceno.
13:02:31     Prebranih zapisov: 2763; SHA-256: fd98a98c10560e30c42e6b893ffa836ed1ccfc30cef2860ae275e149879d7ed1
13:02:31     STOCK_FILE pri podjetju 4: se ni na vrsti po razporedu; preskoceno.
13:02:31     konec: Zaloga NW_STOCK
13:02:31  == Zaloga BT_STOCK ==
13:02:32     SOURCE_FETCH: se ni na vrsti po razporedu; preskoceno.
13:02:33     Prebranih zapisov: 1389; SHA-256: 76fcd957387bd2676d26fb696d223bb361c18bb9c8039ca3f22fc94413508570
13:02:33     STOCK_FILE pri podjetju 1: se ni na vrsti po razporedu; preskoceno.
13:02:34     Prebranih zapisov: 1389; SHA-256: 76fcd957387bd2676d26fb696d223bb361c18bb9c8039ca3f22fc94413508570
13:02:34     STOCK_FILE pri podjetju 2: se ni na vrsti po razporedu; preskoceno.
13:02:34     Prebranih zapisov: 1389; SHA-256: 76fcd957387bd2676d26fb696d223bb361c18bb9c8039ca3f22fc94413508570
13:02:35     STOCK_FILE pri podjetju 3: se ni na vrsti po razporedu; preskoceno.
13:02:35     Prebranih zapisov: 1389; SHA-256: 76fcd957387bd2676d26fb696d223bb361c18bb9c8039ca3f22fc94413508570
13:02:36     STOCK_FILE pri podjetju 4: se ni na vrsti po razporedu; preskoceno.
13:02:36     konec: Zaloga BT_STOCK
13:02:36  == Zaloga iz SAOP (kolicine) ==
13:02:37     [1] SAOP_STOCK: se ni na vrsti po razporedu; preskoceno.
13:02:37     [2] SAOP_STOCK: se ni na vrsti po razporedu; preskoceno.
13:02:37     [3] SAOP_STOCK: se ni na vrsti po razporedu; preskoceno.
13:02:37     [4] SAOP_STOCK: se ni na vrsti po razporedu; preskoceno.
13:02:37     konec: Zaloga iz SAOP (kolicine)
13:02:37  == Izvoz cen in zaloge za splet ==
13:02:38     Izvoz profila MAGENTO_STOCK_PRICES končan: 352 vrstic v C:\Users\david\Desktop\PIM\NoviPIM\izvoz\magento\1
13:02:42     Izvoz profila MAGENTO_STOCK_PRICES končan: 2071 vrstic v C:\Users\david\Desktop\PIM\NoviPIM\izvoz\magento\2
13:02:46     Izvoz profila MAGENTO_STOCK_PRICES končan: 2488 vrstic v C:\Users\david\Desktop\PIM\NoviPIM\izvoz\magento\3
13:02:47     Izvoz profila MAGENTO_STOCK_PRICES končan: 0 vrstic v C:\Users\david\Desktop\PIM\NoviPIM\izvoz\magento\4
13:02:47     konec: Izvoz cen in zaloge za splet
13:02:47  Zalogovni cikel koncan; padlih korakov: 0.
13:07:26  == Zaloga NW_STOCK ==
13:07:27     [NW_STOCK] preskoceno: Razmik dobavitelja se tece; naslednji prenos po 3. 09. 2026 13:12.
13:07:27     Prevzem koncan: uspesno 0, neuspesno 0, skupaj virov 1.
13:07:28     Prebranih zapisov: 2763; SHA-256: fd98a98c10560e30c42e6b893ffa836ed1ccfc30cef2860ae275e149879d7ed1
13:07:28     Ta posnetek je ze v bazi; vir=NW_STOCK, podjetje=1, cas posnetka=2026-09-03 09:12:28Z, uporabljenih=2763, v karanteni=0, RunId=7b3e172c-d9a9-4942-8aa6-6868163d491a. Zapisano ni bilo nic.
13:07:29     Prebranih zapisov: 2763; SHA-256: fd98a98c10560e30c42e6b893ffa836ed1ccfc30cef2860ae275e149879d7ed1
13:07:29     Ta posnetek je ze v bazi; vir=NW_STOCK, podjetje=2, cas posnetka=2026-09-03 09:12:28Z, uporabljenih=2763, v karanteni=0, RunId=619eed19-63ee-4120-9e44-ab51084310c0. Zapisano ni bilo nic.
13:07:30     Prebranih zapisov: 2763; SHA-256: fd98a98c10560e30c42e6b893ffa836ed1ccfc30cef2860ae275e149879d7ed1
13:07:30     Ta posnetek je ze v bazi; vir=NW_STOCK, podjetje=3, cas posnetka=2026-09-03 09:12:28Z, uporabljenih=2763, v karanteni=0, RunId=a44d21ad-edf0-4fee-915a-200fa68a752c. Zapisano ni bilo nic.
13:07:31     Prebranih zapisov: 2763; SHA-256: fd98a98c10560e30c42e6b893ffa836ed1ccfc30cef2860ae275e149879d7ed1
13:07:31     Ta posnetek je ze v bazi; vir=NW_STOCK, podjetje=4, cas posnetka=2026-09-03 09:12:28Z, uporabljenih=2763, v karanteni=0, RunId=d44af9c5-e816-4b19-8e66-ed984e14e1a9. Zapisano ni bilo nic.
13:07:31     konec: Zaloga NW_STOCK
13:07:31  == Zaloga BT_STOCK ==
13:07:32     SOURCE_FETCH: se ni na vrsti po razporedu; preskoceno.
13:07:33     Prebranih zapisov: 1389; SHA-256: 76fcd957387bd2676d26fb696d223bb361c18bb9c8039ca3f22fc94413508570
13:07:33     STOCK_FILE pri podjetju 1: se ni na vrsti po razporedu; preskoceno.
13:07:34     Prebranih zapisov: 1389; SHA-256: 76fcd957387bd2676d26fb696d223bb361c18bb9c8039ca3f22fc94413508570
13:07:34     STOCK_FILE pri podjetju 2: se ni na vrsti po razporedu; preskoceno.
13:07:35     Prebranih zapisov: 1389; SHA-256: 76fcd957387bd2676d26fb696d223bb361c18bb9c8039ca3f22fc94413508570
13:07:35     STOCK_FILE pri podjetju 3: se ni na vrsti po razporedu; preskoceno.
13:07:36     Prebranih zapisov: 1389; SHA-256: 76fcd957387bd2676d26fb696d223bb361c18bb9c8039ca3f22fc94413508570
13:07:36     STOCK_FILE pri podjetju 4: se ni na vrsti po razporedu; preskoceno.
13:07:36     konec: Zaloga BT_STOCK
13:07:36  == Zaloga iz SAOP (kolicine) ==
13:07:37     [1] SAOP_STOCK: se ni na vrsti po razporedu; preskoceno.
13:07:37     [2] SAOP_STOCK: se ni na vrsti po razporedu; preskoceno.
13:07:37     [3] SAOP_STOCK: se ni na vrsti po razporedu; preskoceno.
13:07:37     [4] SAOP_STOCK: se ni na vrsti po razporedu; preskoceno.
13:07:37     konec: Zaloga iz SAOP (kolicine)
13:07:37  == Izvoz cen in zaloge za splet ==
13:07:38     Izvoz profila MAGENTO_STOCK_PRICES končan: 352 vrstic v C:\Users\david\Desktop\PIM\NoviPIM\izvoz\magento\1
13:07:42     Izvoz profila MAGENTO_STOCK_PRICES končan: 2071 vrstic v C:\Users\david\Desktop\PIM\NoviPIM\izvoz\magento\2
13:07:46     Izvoz profila MAGENTO_STOCK_PRICES končan: 2488 vrstic v C:\Users\david\Desktop\PIM\NoviPIM\izvoz\magento\3
13:07:47     Izvoz profila MAGENTO_STOCK_PRICES končan: 0 vrstic v C:\Users\david\Desktop\PIM\NoviPIM\izvoz\magento\4
13:07:47     konec: Izvoz cen in zaloge za splet
13:07:47  Zalogovni cikel koncan; padlih korakov: 0.
13:12:26  == Zaloga NW_STOCK ==
13:12:27     [NW_STOCK] preskoceno: Razmik dobavitelja se tece; naslednji prenos po 3. 09. 2026 13:12.
13:12:27     Prevzem koncan: uspesno 0, neuspesno 0, skupaj virov 1.
13:12:28     Prebranih zapisov: 2763; SHA-256: fd98a98c10560e30c42e6b893ffa836ed1ccfc30cef2860ae275e149879d7ed1
13:12:28     Ta posnetek je ze v bazi; vir=NW_STOCK, podjetje=1, cas posnetka=2026-09-03 09:12:28Z, uporabljenih=2763, v karanteni=0, RunId=7b3e172c-d9a9-4942-8aa6-6868163d491a. Zapisano ni bilo nic.
13:12:29     Prebranih zapisov: 2763; SHA-256: fd98a98c10560e30c42e6b893ffa836ed1ccfc30cef2860ae275e149879d7ed1
13:12:29     Ta posnetek je ze v bazi; vir=NW_STOCK, podjetje=2, cas posnetka=2026-09-03 09:12:28Z, uporabljenih=2763, v karanteni=0, RunId=619eed19-63ee-4120-9e44-ab51084310c0. Zapisano ni bilo nic.
13:12:30     Prebranih zapisov: 2763; SHA-256: fd98a98c10560e30c42e6b893ffa836ed1ccfc30cef2860ae275e149879d7ed1
13:12:30     Ta posnetek je ze v bazi; vir=NW_STOCK, podjetje=3, cas posnetka=2026-09-03 09:12:28Z, uporabljenih=2763, v karanteni=0, RunId=a44d21ad-edf0-4fee-915a-200fa68a752c. Zapisano ni bilo nic.
13:12:31     Prebranih zapisov: 2763; SHA-256: fd98a98c10560e30c42e6b893ffa836ed1ccfc30cef2860ae275e149879d7ed1
13:12:31     Ta posnetek je ze v bazi; vir=NW_STOCK, podjetje=4, cas posnetka=2026-09-03 09:12:28Z, uporabljenih=2763, v karanteni=0, RunId=d44af9c5-e816-4b19-8e66-ed984e14e1a9. Zapisano ni bilo nic.
13:12:31     konec: Zaloga NW_STOCK
13:12:31  == Zaloga BT_STOCK ==
13:12:32     SOURCE_FETCH: se ni na vrsti po razporedu; preskoceno.
13:12:33     Prebranih zapisov: 1389; SHA-256: 76fcd957387bd2676d26fb696d223bb361c18bb9c8039ca3f22fc94413508570
13:12:33     STOCK_FILE pri podjetju 1: se ni na vrsti po razporedu; preskoceno.
13:12:34     Prebranih zapisov: 1389; SHA-256: 76fcd957387bd2676d26fb696d223bb361c18bb9c8039ca3f22fc94413508570
13:12:34     STOCK_FILE pri podjetju 2: se ni na vrsti po razporedu; preskoceno.
13:12:35     Prebranih zapisov: 1389; SHA-256: 76fcd957387bd2676d26fb696d223bb361c18bb9c8039ca3f22fc94413508570
13:12:35     STOCK_FILE pri podjetju 3: se ni na vrsti po razporedu; preskoceno.
13:12:36     Prebranih zapisov: 1389; SHA-256: 76fcd957387bd2676d26fb696d223bb361c18bb9c8039ca3f22fc94413508570
13:12:36     STOCK_FILE pri podjetju 4: se ni na vrsti po razporedu; preskoceno.
13:12:36     konec: Zaloga BT_STOCK
13:12:36  == Zaloga iz SAOP (kolicine) ==
13:12:37     [1] SAOP_STOCK: se ni na vrsti po razporedu; preskoceno.
13:12:37     [2] SAOP_STOCK: se ni na vrsti po razporedu; preskoceno.
13:12:37     [3] SAOP_STOCK: se ni na vrsti po razporedu; preskoceno.
13:12:37     [4] SAOP_STOCK: se ni na vrsti po razporedu; preskoceno.
13:12:37     konec: Zaloga iz SAOP (kolicine)
13:12:37  == Izvoz cen in zaloge za splet ==
13:12:39     Izvoz profila MAGENTO_STOCK_PRICES končan: 352 vrstic v C:\Users\david\Desktop\PIM\NoviPIM\izvoz\magento\1
13:12:42     Izvoz profila MAGENTO_STOCK_PRICES končan: 2071 vrstic v C:\Users\david\Desktop\PIM\NoviPIM\izvoz\magento\2
13:12:46     Izvoz profila MAGENTO_STOCK_PRICES končan: 2488 vrstic v C:\Users\david\Desktop\PIM\NoviPIM\izvoz\magento\3
13:12:47     Izvoz profila MAGENTO_STOCK_PRICES končan: 0 vrstic v C:\Users\david\Desktop\PIM\NoviPIM\izvoz\magento\4
13:12:47     konec: Izvoz cen in zaloge za splet
13:12:47  Zalogovni cikel koncan; padlih korakov: 0.
13:17:26  == Zaloga NW_STOCK ==
13:17:27     SOURCE_FETCH: se ni na vrsti po razporedu; preskoceno.
13:17:28     Prebranih zapisov: 2763; SHA-256: fd98a98c10560e30c42e6b893ffa836ed1ccfc30cef2860ae275e149879d7ed1
13:17:28     STOCK_FILE pri podjetju 1: se ni na vrsti po razporedu; preskoceno.
13:17:29     Prebranih zapisov: 2763; SHA-256: fd98a98c10560e30c42e6b893ffa836ed1ccfc30cef2860ae275e149879d7ed1
13:17:29     STOCK_FILE pri podjetju 2: se ni na vrsti po razporedu; preskoceno.
13:17:30     Prebranih zapisov: 2763; SHA-256: fd98a98c10560e30c42e6b893ffa836ed1ccfc30cef2860ae275e149879d7ed1
13:17:30     STOCK_FILE pri podjetju 3: se ni na vrsti po razporedu; preskoceno.
13:17:31     Prebranih zapisov: 2763; SHA-256: fd98a98c10560e30c42e6b893ffa836ed1ccfc30cef2860ae275e149879d7ed1
13:17:31     STOCK_FILE pri podjetju 4: se ni na vrsti po razporedu; preskoceno.
13:17:31     konec: Zaloga NW_STOCK
13:17:31  == Zaloga BT_STOCK ==
13:17:32     [BT_STOCK] preskoceno: Razmik dobavitelja se tece; naslednji prenos po 3. 09. 2026 13:47.
13:17:32     Prevzem koncan: uspesno 0, neuspesno 0, skupaj virov 1.
13:17:33     Prebranih zapisov: 1389; SHA-256: 76fcd957387bd2676d26fb696d223bb361c18bb9c8039ca3f22fc94413508570
13:17:33     Ta posnetek je ze v bazi; vir=BT_STOCK, podjetje=1, cas posnetka=2026-09-03 08:47:34Z, uporabljenih=1389, v karanteni=0, RunId=75128511-3523-4924-aca8-7798bc6db367. Zapisano ni bilo nic.
13:17:34     Prebranih zapisov: 1389; SHA-256: 76fcd957387bd2676d26fb696d223bb361c18bb9c8039ca3f22fc94413508570
13:17:34     Ta posnetek je ze v bazi; vir=BT_STOCK, podjetje=2, cas posnetka=2026-09-03 08:47:34Z, uporabljenih=1389, v karanteni=0, RunId=a580a851-6660-4a7c-8dde-016cdb2c1391. Zapisano ni bilo nic.
13:17:35     Prebranih zapisov: 1389; SHA-256: 76fcd957387bd2676d26fb696d223bb361c18bb9c8039ca3f22fc94413508570
13:17:35     Ta posnetek je ze v bazi; vir=BT_STOCK, podjetje=3, cas posnetka=2026-09-03 08:47:34Z, uporabljenih=1389, v karanteni=0, RunId=0cc09c38-5c88-41d1-87ff-6ff32c519fa6. Zapisano ni bilo nic.
13:17:36     Prebranih zapisov: 1389; SHA-256: 76fcd957387bd2676d26fb696d223bb361c18bb9c8039ca3f22fc94413508570
13:17:36     Ta posnetek je ze v bazi; vir=BT_STOCK, podjetje=4, cas posnetka=2026-09-03 08:47:34Z, uporabljenih=1389, v karanteni=0, RunId=fa56118f-1cf5-4dbb-992a-6f7114537652. Zapisano ni bilo nic.
13:17:36     konec: Zaloga BT_STOCK
13:17:36  == Zaloga iz SAOP (kolicine) ==
13:17:37     [1] SAOP_STOCK: se ni na vrsti po razporedu; preskoceno.
13:17:37     [2] SAOP_STOCK: se ni na vrsti po razporedu; preskoceno.
13:17:37     [3] SAOP_STOCK: se ni na vrsti po razporedu; preskoceno.
13:17:37     [4] SAOP_STOCK: se ni na vrsti po razporedu; preskoceno.
13:17:37     konec: Zaloga iz SAOP (kolicine)
13:17:37  == Izvoz cen in zaloge za splet ==
13:17:39     Izvoz profila MAGENTO_STOCK_PRICES končan: 352 vrstic v C:\Users\david\Desktop\PIM\NoviPIM\izvoz\magento\1
13:17:42     Izvoz profila MAGENTO_STOCK_PRICES končan: 2071 vrstic v C:\Users\david\Desktop\PIM\NoviPIM\izvoz\magento\2
13:17:46     Izvoz profila MAGENTO_STOCK_PRICES končan: 2488 vrstic v C:\Users\david\Desktop\PIM\NoviPIM\izvoz\magento\3
13:17:47     Izvoz profila MAGENTO_STOCK_PRICES končan: 0 vrstic v C:\Users\david\Desktop\PIM\NoviPIM\izvoz\magento\4
13:17:47     konec: Izvoz cen in zaloge za splet
13:17:47  Zalogovni cikel koncan; padlih korakov: 0.
13:22:26  == Zaloga NW_STOCK ==
13:22:27     SOURCE_FETCH: se ni na vrsti po razporedu; preskoceno.
13:22:28     Prebranih zapisov: 2763; SHA-256: fd98a98c10560e30c42e6b893ffa836ed1ccfc30cef2860ae275e149879d7ed1
13:22:28     STOCK_FILE pri podjetju 1: se ni na vrsti po razporedu; preskoceno.
13:22:29     Prebranih zapisov: 2763; SHA-256: fd98a98c10560e30c42e6b893ffa836ed1ccfc30cef2860ae275e149879d7ed1
13:22:29     STOCK_FILE pri podjetju 2: se ni na vrsti po razporedu; preskoceno.
13:22:30     Prebranih zapisov: 2763; SHA-256: fd98a98c10560e30c42e6b893ffa836ed1ccfc30cef2860ae275e149879d7ed1
13:22:30     STOCK_FILE pri podjetju 3: se ni na vrsti po razporedu; preskoceno.
13:22:31     Prebranih zapisov: 2763; SHA-256: fd98a98c10560e30c42e6b893ffa836ed1ccfc30cef2860ae275e149879d7ed1
13:22:31     STOCK_FILE pri podjetju 4: se ni na vrsti po razporedu; preskoceno.
13:22:31     konec: Zaloga NW_STOCK
13:22:31  == Zaloga BT_STOCK ==
13:22:32     [BT_STOCK] preskoceno: Razmik dobavitelja se tece; naslednji prenos po 3. 09. 2026 13:47.
13:22:32     Prevzem koncan: uspesno 0, neuspesno 0, skupaj virov 1.
13:22:33     Prebranih zapisov: 1389; SHA-256: 76fcd957387bd2676d26fb696d223bb361c18bb9c8039ca3f22fc94413508570
13:22:33     Ta posnetek je ze v bazi; vir=BT_STOCK, podjetje=1, cas posnetka=2026-09-03 08:47:34Z, uporabljenih=1389, v karanteni=0, RunId=75128511-3523-4924-aca8-7798bc6db367. Zapisano ni bilo nic.
13:22:34     Prebranih zapisov: 1389; SHA-256: 76fcd957387bd2676d26fb696d223bb361c18bb9c8039ca3f22fc94413508570
13:22:34     Ta posnetek je ze v bazi; vir=BT_STOCK, podjetje=2, cas posnetka=2026-09-03 08:47:34Z, uporabljenih=1389, v karanteni=0, RunId=a580a851-6660-4a7c-8dde-016cdb2c1391. Zapisano ni bilo nic.
13:22:35     Prebranih zapisov: 1389; SHA-256: 76fcd957387bd2676d26fb696d223bb361c18bb9c8039ca3f22fc94413508570
13:22:35     Ta posnetek je ze v bazi; vir=BT_STOCK, podjetje=3, cas posnetka=2026-09-03 08:47:34Z, uporabljenih=1389, v karanteni=0, RunId=0cc09c38-5c88-41d1-87ff-6ff32c519fa6. Zapisano ni bilo nic.
13:22:36     Prebranih zapisov: 1389; SHA-256: 76fcd957387bd2676d26fb696d223bb361c18bb9c8039ca3f22fc94413508570
13:22:36     Ta posnetek je ze v bazi; vir=BT_STOCK, podjetje=4, cas posnetka=2026-09-03 08:47:34Z, uporabljenih=1389, v karanteni=0, RunId=fa56118f-1cf5-4dbb-992a-6f7114537652. Zapisano ni bilo nic.
13:22:36     konec: Zaloga BT_STOCK
13:22:36  == Zaloga iz SAOP (kolicine) ==
13:22:37     [1] SAOP_STOCK: se ni na vrsti po razporedu; preskoceno.
13:22:37     [2] SAOP_STOCK: se ni na vrsti po razporedu; preskoceno.
13:22:37     [3] SAOP_STOCK: se ni na vrsti po razporedu; preskoceno.
13:22:37     [4] SAOP_STOCK: se ni na vrsti po razporedu; preskoceno.
13:22:37     konec: Zaloga iz SAOP (kolicine)
13:22:37  == Izvoz cen in zaloge za splet ==
13:22:39     Izvoz profila MAGENTO_STOCK_PRICES končan: 352 vrstic v C:\Users\david\Desktop\PIM\NoviPIM\izvoz\magento\1
13:22:42     Izvoz profila MAGENTO_STOCK_PRICES končan: 2071 vrstic v C:\Users\david\Desktop\PIM\NoviPIM\izvoz\magento\2
13:22:46     Izvoz profila MAGENTO_STOCK_PRICES končan: 2488 vrstic v C:\Users\david\Desktop\PIM\NoviPIM\izvoz\magento\3
13:22:48     Izvoz profila MAGENTO_STOCK_PRICES končan: 0 vrstic v C:\Users\david\Desktop\PIM\NoviPIM\izvoz\magento\4
13:22:48     konec: Izvoz cen in zaloge za splet
13:22:48  Zalogovni cikel koncan; padlih korakov: 0.
13:27:27  == Zaloga NW_STOCK ==
13:27:28     SOURCE_FETCH: se ni na vrsti po razporedu; preskoceno.
13:27:30     Prebranih zapisov: 2763; SHA-256: fd98a98c10560e30c42e6b893ffa836ed1ccfc30cef2860ae275e149879d7ed1
13:27:30     STOCK_FILE pri podjetju 1: se ni na vrsti po razporedu; preskoceno.
13:27:31     Prebranih zapisov: 2763; SHA-256: fd98a98c10560e30c42e6b893ffa836ed1ccfc30cef2860ae275e149879d7ed1
13:27:31     STOCK_FILE pri podjetju 2: se ni na vrsti po razporedu; preskoceno.
13:27:33     Prebranih zapisov: 2763; SHA-256: fd98a98c10560e30c42e6b893ffa836ed1ccfc30cef2860ae275e149879d7ed1
13:27:33     STOCK_FILE pri podjetju 3: se ni na vrsti po razporedu; preskoceno.
13:27:34     Prebranih zapisov: 2763; SHA-256: fd98a98c10560e30c42e6b893ffa836ed1ccfc30cef2860ae275e149879d7ed1
13:27:34     STOCK_FILE pri podjetju 4: se ni na vrsti po razporedu; preskoceno.
13:27:34     konec: Zaloga NW_STOCK
13:27:34  == Zaloga BT_STOCK ==
13:27:35     [BT_STOCK] preskoceno: Razmik dobavitelja se tece; naslednji prenos po 3. 09. 2026 13:47.
13:27:35     Prevzem koncan: uspesno 0, neuspesno 0, skupaj virov 1.
13:27:36     Prebranih zapisov: 1389; SHA-256: 76fcd957387bd2676d26fb696d223bb361c18bb9c8039ca3f22fc94413508570
13:27:37     Ta posnetek je ze v bazi; vir=BT_STOCK, podjetje=1, cas posnetka=2026-09-03 08:47:34Z, uporabljenih=1389, v karanteni=0, RunId=75128511-3523-4924-aca8-7798bc6db367. Zapisano ni bilo nic.
13:27:38     Prebranih zapisov: 1389; SHA-256: 76fcd957387bd2676d26fb696d223bb361c18bb9c8039ca3f22fc94413508570
13:27:38     Ta posnetek je ze v bazi; vir=BT_STOCK, podjetje=2, cas posnetka=2026-09-03 08:47:34Z, uporabljenih=1389, v karanteni=0, RunId=a580a851-6660-4a7c-8dde-016cdb2c1391. Zapisano ni bilo nic.
13:27:39     Prebranih zapisov: 1389; SHA-256: 76fcd957387bd2676d26fb696d223bb361c18bb9c8039ca3f22fc94413508570
13:27:39     Ta posnetek je ze v bazi; vir=BT_STOCK, podjetje=3, cas posnetka=2026-09-03 08:47:34Z, uporabljenih=1389, v karanteni=0, RunId=0cc09c38-5c88-41d1-87ff-6ff32c519fa6. Zapisano ni bilo nic.
13:27:40     Prebranih zapisov: 1389; SHA-256: 76fcd957387bd2676d26fb696d223bb361c18bb9c8039ca3f22fc94413508570
13:27:40     Ta posnetek je ze v bazi; vir=BT_STOCK, podjetje=4, cas posnetka=2026-09-03 08:47:34Z, uporabljenih=1389, v karanteni=0, RunId=fa56118f-1cf5-4dbb-992a-6f7114537652. Zapisano ni bilo nic.
13:27:40     konec: Zaloga BT_STOCK
13:27:40  == Zaloga iz SAOP (kolicine) ==
13:27:41     [1] SAOP_STOCK: se ni na vrsti po razporedu; preskoceno.
13:27:41     [2] SAOP_STOCK: se ni na vrsti po razporedu; preskoceno.
13:27:41     [3] SAOP_STOCK: se ni na vrsti po razporedu; preskoceno.
13:27:41     [4] SAOP_STOCK: se ni na vrsti po razporedu; preskoceno.
13:27:41     konec: Zaloga iz SAOP (kolicine)
13:27:41  == Izvoz cen in zaloge za splet ==
13:27:54     Izvoz profila MAGENTO_STOCK_PRICES končan: 352 vrstic v C:\Users\david\Desktop\PIM\NoviPIM\izvoz\magento\1
13:27:59     Izvoz profila MAGENTO_STOCK_PRICES končan: 2071 vrstic v C:\Users\david\Desktop\PIM\NoviPIM\izvoz\magento\2
13:28:03     Izvoz profila MAGENTO_STOCK_PRICES končan: 2488 vrstic v C:\Users\david\Desktop\PIM\NoviPIM\izvoz\magento\3
13:28:04     Izvoz profila MAGENTO_STOCK_PRICES končan: 0 vrstic v C:\Users\david\Desktop\PIM\NoviPIM\izvoz\magento\4
13:28:04     konec: Izvoz cen in zaloge za splet
13:28:04  Zalogovni cikel koncan; padlih korakov: 0.
13:32:27  == Zaloga NW_STOCK ==
13:32:28     SOURCE_FETCH: se ni na vrsti po razporedu; preskoceno.
13:32:28     Prebranih zapisov: 2763; SHA-256: fd98a98c10560e30c42e6b893ffa836ed1ccfc30cef2860ae275e149879d7ed1
13:32:29     STOCK_FILE pri podjetju 1: se ni na vrsti po razporedu; preskoceno.
13:32:29     Prebranih zapisov: 2763; SHA-256: fd98a98c10560e30c42e6b893ffa836ed1ccfc30cef2860ae275e149879d7ed1
13:32:30     STOCK_FILE pri podjetju 2: se ni na vrsti po razporedu; preskoceno.
13:32:30     Prebranih zapisov: 2763; SHA-256: fd98a98c10560e30c42e6b893ffa836ed1ccfc30cef2860ae275e149879d7ed1
13:32:31     STOCK_FILE pri podjetju 3: se ni na vrsti po razporedu; preskoceno.
13:32:31     Prebranih zapisov: 2763; SHA-256: fd98a98c10560e30c42e6b893ffa836ed1ccfc30cef2860ae275e149879d7ed1
13:32:32     STOCK_FILE pri podjetju 4: se ni na vrsti po razporedu; preskoceno.
13:32:32     konec: Zaloga NW_STOCK
13:32:32  == Zaloga BT_STOCK ==
13:32:33     SOURCE_FETCH: se ni na vrsti po razporedu; preskoceno.
13:32:33     Prebranih zapisov: 1389; SHA-256: 76fcd957387bd2676d26fb696d223bb361c18bb9c8039ca3f22fc94413508570
13:32:33     STOCK_FILE pri podjetju 1: se ni na vrsti po razporedu; preskoceno.
13:32:34     Prebranih zapisov: 1389; SHA-256: 76fcd957387bd2676d26fb696d223bb361c18bb9c8039ca3f22fc94413508570
13:32:34     STOCK_FILE pri podjetju 2: se ni na vrsti po razporedu; preskoceno.
13:32:35     Prebranih zapisov: 1389; SHA-256: 76fcd957387bd2676d26fb696d223bb361c18bb9c8039ca3f22fc94413508570
13:32:35     STOCK_FILE pri podjetju 3: se ni na vrsti po razporedu; preskoceno.
13:32:36     Prebranih zapisov: 1389; SHA-256: 76fcd957387bd2676d26fb696d223bb361c18bb9c8039ca3f22fc94413508570
13:32:36     STOCK_FILE pri podjetju 4: se ni na vrsti po razporedu; preskoceno.
13:32:36     konec: Zaloga BT_STOCK
13:32:36  == Zaloga iz SAOP (kolicine) ==
13:32:37     [1] SAOP_STOCK: se ni na vrsti po razporedu; preskoceno.
13:32:37     [2] SAOP_STOCK: se ni na vrsti po razporedu; preskoceno.
13:32:37     [3] SAOP_STOCK: se ni na vrsti po razporedu; preskoceno.
13:32:37     [4] SAOP_STOCK: se ni na vrsti po razporedu; preskoceno.
13:32:37     konec: Zaloga iz SAOP (kolicine)
13:32:37  == Izvoz cen in zaloge za splet ==
13:32:39     Izvoz profila MAGENTO_STOCK_PRICES končan: 352 vrstic v C:\Users\david\Desktop\PIM\NoviPIM\izvoz\magento\1
13:32:43     Izvoz profila MAGENTO_STOCK_PRICES končan: 2071 vrstic v C:\Users\david\Desktop\PIM\NoviPIM\izvoz\magento\2
13:32:47     Izvoz profila MAGENTO_STOCK_PRICES končan: 2488 vrstic v C:\Users\david\Desktop\PIM\NoviPIM\izvoz\magento\3
13:32:48     Izvoz profila MAGENTO_STOCK_PRICES končan: 0 vrstic v C:\Users\david\Desktop\PIM\NoviPIM\izvoz\magento\4
13:32:48     konec: Izvoz cen in zaloge za splet
13:32:48  Zalogovni cikel koncan; padlih korakov: 0.
13:37:26  == Zaloga NW_STOCK ==
13:37:28     [NW_STOCK] prevzeto 87.405 bajtov -> C:\Users\david\Desktop\PIM\NoviPIM\PIM_Solution\data\prevzem\NW_STOCK\nw-zaloga.csv
13:37:28     Prevzem koncan: uspesno 1, neuspesno 0, skupaj virov 1.
13:37:29     Prebranih zapisov: 2763; SHA-256: be08d8a2d3bee5c693d2163d04052524a53c0bb1b025aab9c01dd7cd913dbf7f
13:37:30     Zaloga zapisana; vir=NW_STOCK, podjetje=1, uporabljenih=2763, v karanteni=0, RunId=79ed261f-7320-4927-86da-73019e4010d4.
13:37:31     Prebranih zapisov: 2763; SHA-256: be08d8a2d3bee5c693d2163d04052524a53c0bb1b025aab9c01dd7cd913dbf7f
13:37:33     Zaloga zapisana; vir=NW_STOCK, podjetje=2, uporabljenih=2763, v karanteni=0, RunId=bca39bd0-919e-4233-a1e7-3a36296cff47.
13:37:33     Prebranih zapisov: 2763; SHA-256: be08d8a2d3bee5c693d2163d04052524a53c0bb1b025aab9c01dd7cd913dbf7f
13:37:35     Zaloga zapisana; vir=NW_STOCK, podjetje=3, uporabljenih=2763, v karanteni=0, RunId=24a0f7fa-e72b-4a55-ba56-9e1a47aa269e.
13:37:36     Prebranih zapisov: 2763; SHA-256: be08d8a2d3bee5c693d2163d04052524a53c0bb1b025aab9c01dd7cd913dbf7f
13:37:37     Zaloga zapisana; vir=NW_STOCK, podjetje=4, uporabljenih=2763, v karanteni=0, RunId=0d4e6e3f-4f9a-491b-8f1e-a6a20ab29e4f.
13:37:37     konec: Zaloga NW_STOCK
13:37:37  == Zaloga BT_STOCK ==
13:37:38     SOURCE_FETCH: se ni na vrsti po razporedu; preskoceno.
13:37:39     Prebranih zapisov: 1389; SHA-256: 76fcd957387bd2676d26fb696d223bb361c18bb9c8039ca3f22fc94413508570
13:37:39     STOCK_FILE pri podjetju 1: se ni na vrsti po razporedu; preskoceno.
13:37:40     Prebranih zapisov: 1389; SHA-256: 76fcd957387bd2676d26fb696d223bb361c18bb9c8039ca3f22fc94413508570
13:37:40     STOCK_FILE pri podjetju 2: se ni na vrsti po razporedu; preskoceno.
13:37:41     Prebranih zapisov: 1389; SHA-256: 76fcd957387bd2676d26fb696d223bb361c18bb9c8039ca3f22fc94413508570
13:37:41     STOCK_FILE pri podjetju 3: se ni na vrsti po razporedu; preskoceno.
13:37:42     Prebranih zapisov: 1389; SHA-256: 76fcd957387bd2676d26fb696d223bb361c18bb9c8039ca3f22fc94413508570
13:37:42     STOCK_FILE pri podjetju 4: se ni na vrsti po razporedu; preskoceno.
13:37:42     konec: Zaloga BT_STOCK
13:37:42  == Zaloga iz SAOP (kolicine) ==
13:37:43     [1] SAOP_STOCK: se ni na vrsti po razporedu; preskoceno.
13:37:43     [2] SAOP_STOCK: se ni na vrsti po razporedu; preskoceno.
13:37:43     [3] SAOP_STOCK: se ni na vrsti po razporedu; preskoceno.
13:37:43     [4] SAOP_STOCK: se ni na vrsti po razporedu; preskoceno.
13:37:43     konec: Zaloga iz SAOP (kolicine)
13:37:43  == Izvoz cen in zaloge za splet ==
13:37:44     Izvoz profila MAGENTO_STOCK_PRICES končan: 352 vrstic v C:\Users\david\Desktop\PIM\NoviPIM\izvoz\magento\1
13:37:48     Izvoz profila MAGENTO_STOCK_PRICES končan: 2071 vrstic v C:\Users\david\Desktop\PIM\NoviPIM\izvoz\magento\2
13:37:52     Izvoz profila MAGENTO_STOCK_PRICES končan: 2488 vrstic v C:\Users\david\Desktop\PIM\NoviPIM\izvoz\magento\3
13:37:53     Izvoz profila MAGENTO_STOCK_PRICES končan: 0 vrstic v C:\Users\david\Desktop\PIM\NoviPIM\izvoz\magento\4
13:37:53     konec: Izvoz cen in zaloge za splet
13:37:53  Zalogovni cikel koncan; padlih korakov: 0.
13:42:27  == Zaloga NW_STOCK ==
13:42:30     [NW_STOCK] preskoceno: Razmik dobavitelja se tece; naslednji prenos po 3. 09. 2026 15:37.
13:42:30     Prevzem koncan: uspesno 0, neuspesno 0, skupaj virov 1.
13:42:31     Prebranih zapisov: 2763; SHA-256: be08d8a2d3bee5c693d2163d04052524a53c0bb1b025aab9c01dd7cd913dbf7f
13:42:31     Ta posnetek je ze v bazi; vir=NW_STOCK, podjetje=1, cas posnetka=2026-09-03 11:37:28Z, uporabljenih=2763, v karanteni=0, RunId=79ed261f-7320-4927-86da-73019e4010d4. Zapisano ni bilo nic.
13:42:32     Prebranih zapisov: 2763; SHA-256: be08d8a2d3bee5c693d2163d04052524a53c0bb1b025aab9c01dd7cd913dbf7f
13:42:32     Ta posnetek je ze v bazi; vir=NW_STOCK, podjetje=2, cas posnetka=2026-09-03 11:37:28Z, uporabljenih=2763, v karanteni=0, RunId=bca39bd0-919e-4233-a1e7-3a36296cff47. Zapisano ni bilo nic.
13:42:33     Prebranih zapisov: 2763; SHA-256: be08d8a2d3bee5c693d2163d04052524a53c0bb1b025aab9c01dd7cd913dbf7f
13:42:33     STOCK_FILE pri podjetju 3: se ni na vrsti po razporedu; preskoceno.
13:42:34     Prebranih zapisov: 2763; SHA-256: be08d8a2d3bee5c693d2163d04052524a53c0bb1b025aab9c01dd7cd913dbf7f
13:42:34     STOCK_FILE pri podjetju 4: se ni na vrsti po razporedu; preskoceno.
13:42:34     konec: Zaloga NW_STOCK
13:42:34  == Zaloga BT_STOCK ==
13:42:35     SOURCE_FETCH: se ni na vrsti po razporedu; preskoceno.
13:42:36     Prebranih zapisov: 1389; SHA-256: 76fcd957387bd2676d26fb696d223bb361c18bb9c8039ca3f22fc94413508570
13:42:36     STOCK_FILE pri podjetju 1: se ni na vrsti po razporedu; preskoceno.
13:42:37     Prebranih zapisov: 1389; SHA-256: 76fcd957387bd2676d26fb696d223bb361c18bb9c8039ca3f22fc94413508570
13:42:37     STOCK_FILE pri podjetju 2: se ni na vrsti po razporedu; preskoceno.
13:42:38     Prebranih zapisov: 1389; SHA-256: 76fcd957387bd2676d26fb696d223bb361c18bb9c8039ca3f22fc94413508570
13:42:38     Ta posnetek je ze v bazi; vir=BT_STOCK, podjetje=3, cas posnetka=2026-09-03 08:47:34Z, uporabljenih=1389, v karanteni=0, RunId=0cc09c38-5c88-41d1-87ff-6ff32c519fa6. Zapisano ni bilo nic.
13:42:39     Prebranih zapisov: 1389; SHA-256: 76fcd957387bd2676d26fb696d223bb361c18bb9c8039ca3f22fc94413508570
13:42:39     Ta posnetek je ze v bazi; vir=BT_STOCK, podjetje=4, cas posnetka=2026-09-03 08:47:34Z, uporabljenih=1389, v karanteni=0, RunId=fa56118f-1cf5-4dbb-992a-6f7114537652. Zapisano ni bilo nic.
13:42:39     konec: Zaloga BT_STOCK
13:42:39  == Zaloga iz SAOP (kolicine) ==
13:42:41     [1] SAOP_STOCK: se ni na vrsti po razporedu; preskoceno.
13:42:41     [2] SAOP_STOCK: se ni na vrsti po razporedu; preskoceno.
13:42:41     [3] SAOP_STOCK: se ni na vrsti po razporedu; preskoceno.
13:42:41     [4] SAOP_STOCK: se ni na vrsti po razporedu; preskoceno.
13:42:41     konec: Zaloga iz SAOP (kolicine)
13:42:41  == Izvoz cen in zaloge za splet ==
13:42:42     Izvoz profila MAGENTO_STOCK_PRICES končan: 352 vrstic v C:\Users\david\Desktop\PIM\NoviPIM\izvoz\magento\1
13:42:46     Izvoz profila MAGENTO_STOCK_PRICES končan: 2071 vrstic v C:\Users\david\Desktop\PIM\NoviPIM\izvoz\magento\2
13:42:50     Izvoz profila MAGENTO_STOCK_PRICES končan: 2488 vrstic v C:\Users\david\Desktop\PIM\NoviPIM\izvoz\magento\3
13:42:51     Izvoz profila MAGENTO_STOCK_PRICES končan: 0 vrstic v C:\Users\david\Desktop\PIM\NoviPIM\izvoz\magento\4
13:42:51     konec: Izvoz cen in zaloge za splet
13:42:51  Zalogovni cikel koncan; padlih korakov: 0.
13:47:26  == Zaloga NW_STOCK ==
13:47:27     SOURCE_FETCH: se ni na vrsti po razporedu; preskoceno.
13:47:28     Prebranih zapisov: 2763; SHA-256: be08d8a2d3bee5c693d2163d04052524a53c0bb1b025aab9c01dd7cd913dbf7f
13:47:28     STOCK_FILE pri podjetju 1: se ni na vrsti po razporedu; preskoceno.
13:47:29     Prebranih zapisov: 2763; SHA-256: be08d8a2d3bee5c693d2163d04052524a53c0bb1b025aab9c01dd7cd913dbf7f
13:47:29     STOCK_FILE pri podjetju 2: se ni na vrsti po razporedu; preskoceno.
13:47:30     Prebranih zapisov: 2763; SHA-256: be08d8a2d3bee5c693d2163d04052524a53c0bb1b025aab9c01dd7cd913dbf7f
13:47:30     STOCK_FILE pri podjetju 3: se ni na vrsti po razporedu; preskoceno.
13:47:31     Prebranih zapisov: 2763; SHA-256: be08d8a2d3bee5c693d2163d04052524a53c0bb1b025aab9c01dd7cd913dbf7f
13:47:31     STOCK_FILE pri podjetju 4: se ni na vrsti po razporedu; preskoceno.
13:47:31     konec: Zaloga NW_STOCK
13:47:31  == Zaloga BT_STOCK ==
13:47:32     [BT_STOCK] preskoceno: Razmik dobavitelja se tece; naslednji prenos po 3. 09. 2026 13:47.
13:47:32     Prevzem koncan: uspesno 0, neuspesno 0, skupaj virov 1.
13:47:33     Prebranih zapisov: 1389; SHA-256: 76fcd957387bd2676d26fb696d223bb361c18bb9c8039ca3f22fc94413508570
13:47:33     Ta posnetek je ze v bazi; vir=BT_STOCK, podjetje=1, cas posnetka=2026-09-03 08:47:34Z, uporabljenih=1389, v karanteni=0, RunId=75128511-3523-4924-aca8-7798bc6db367. Zapisano ni bilo nic.
13:47:34     Prebranih zapisov: 1389; SHA-256: 76fcd957387bd2676d26fb696d223bb361c18bb9c8039ca3f22fc94413508570
13:47:34     Ta posnetek je ze v bazi; vir=BT_STOCK, podjetje=2, cas posnetka=2026-09-03 08:47:34Z, uporabljenih=1389, v karanteni=0, RunId=a580a851-6660-4a7c-8dde-016cdb2c1391. Zapisano ni bilo nic.
13:47:35     Prebranih zapisov: 1389; SHA-256: 76fcd957387bd2676d26fb696d223bb361c18bb9c8039ca3f22fc94413508570
13:47:35     STOCK_FILE pri podjetju 3: se ni na vrsti po razporedu; preskoceno.
13:47:36     Prebranih zapisov: 1389; SHA-256: 76fcd957387bd2676d26fb696d223bb361c18bb9c8039ca3f22fc94413508570
13:47:36     STOCK_FILE pri podjetju 4: se ni na vrsti po razporedu; preskoceno.
13:47:36     konec: Zaloga BT_STOCK
13:47:36  == Zaloga iz SAOP (kolicine) ==
13:47:38     [1] SAOP_STOCK: se ni na vrsti po razporedu; preskoceno.
13:47:38     [2] SAOP_STOCK: se ni na vrsti po razporedu; preskoceno.
13:47:38     [3] SAOP_STOCK: se ni na vrsti po razporedu; preskoceno.
13:47:38     [4] SAOP_STOCK: se ni na vrsti po razporedu; preskoceno.
13:47:38     konec: Zaloga iz SAOP (kolicine)
13:47:38  == Izvoz cen in zaloge za splet ==
13:47:39     Izvoz profila MAGENTO_STOCK_PRICES končan: 352 vrstic v C:\Users\david\Desktop\PIM\NoviPIM\izvoz\magento\1
13:47:43     Izvoz profila MAGENTO_STOCK_PRICES končan: 2071 vrstic v C:\Users\david\Desktop\PIM\NoviPIM\izvoz\magento\2
13:47:47     Izvoz profila MAGENTO_STOCK_PRICES končan: 2488 vrstic v C:\Users\david\Desktop\PIM\NoviPIM\izvoz\magento\3
13:47:48     Izvoz profila MAGENTO_STOCK_PRICES končan: 0 vrstic v C:\Users\david\Desktop\PIM\NoviPIM\izvoz\magento\4
13:47:48     konec: Izvoz cen in zaloge za splet
13:47:48  Zalogovni cikel koncan; padlih korakov: 0.
13:52:26  == Zaloga NW_STOCK ==
13:52:27     SOURCE_FETCH: se ni na vrsti po razporedu; preskoceno.
13:52:28     Prebranih zapisov: 2763; SHA-256: be08d8a2d3bee5c693d2163d04052524a53c0bb1b025aab9c01dd7cd913dbf7f
13:52:28     STOCK_FILE pri podjetju 1: se ni na vrsti po razporedu; preskoceno.
13:52:29     Prebranih zapisov: 2763; SHA-256: be08d8a2d3bee5c693d2163d04052524a53c0bb1b025aab9c01dd7cd913dbf7f
13:52:29     STOCK_FILE pri podjetju 2: se ni na vrsti po razporedu; preskoceno.
13:52:30     Prebranih zapisov: 2763; SHA-256: be08d8a2d3bee5c693d2163d04052524a53c0bb1b025aab9c01dd7cd913dbf7f
13:52:30     Ta posnetek je ze v bazi; vir=NW_STOCK, podjetje=3, cas posnetka=2026-09-03 11:37:28Z, uporabljenih=2763, v karanteni=0, RunId=24a0f7fa-e72b-4a55-ba56-9e1a47aa269e. Zapisano ni bilo nic.
13:52:31     Prebranih zapisov: 2763; SHA-256: be08d8a2d3bee5c693d2163d04052524a53c0bb1b025aab9c01dd7cd913dbf7f
13:52:31     Ta posnetek je ze v bazi; vir=NW_STOCK, podjetje=4, cas posnetka=2026-09-03 11:37:28Z, uporabljenih=2763, v karanteni=0, RunId=0d4e6e3f-4f9a-491b-8f1e-a6a20ab29e4f. Zapisano ni bilo nic.
13:52:31     konec: Zaloga NW_STOCK
13:52:31  == Zaloga BT_STOCK ==
13:52:32     SOURCE_FETCH: se ni na vrsti po razporedu; preskoceno.
13:52:33     Prebranih zapisov: 1389; SHA-256: 76fcd957387bd2676d26fb696d223bb361c18bb9c8039ca3f22fc94413508570
13:52:33     STOCK_FILE pri podjetju 1: se ni na vrsti po razporedu; preskoceno.
13:52:34     Prebranih zapisov: 1389; SHA-256: 76fcd957387bd2676d26fb696d223bb361c18bb9c8039ca3f22fc94413508570
13:52:34     STOCK_FILE pri podjetju 2: se ni na vrsti po razporedu; preskoceno.
13:52:35     Prebranih zapisov: 1389; SHA-256: 76fcd957387bd2676d26fb696d223bb361c18bb9c8039ca3f22fc94413508570
13:52:35     STOCK_FILE pri podjetju 3: se ni na vrsti po razporedu; preskoceno.
13:52:36     Prebranih zapisov: 1389; SHA-256: 76fcd957387bd2676d26fb696d223bb361c18bb9c8039ca3f22fc94413508570
13:52:36     STOCK_FILE pri podjetju 4: se ni na vrsti po razporedu; preskoceno.
13:52:36     konec: Zaloga BT_STOCK
13:52:36  == Zaloga iz SAOP (kolicine) ==
13:52:37     [1] SAOP_STOCK: se ni na vrsti po razporedu; preskoceno.
13:52:37     [2] SAOP_STOCK: se ni na vrsti po razporedu; preskoceno.
13:52:37     [3] SAOP_STOCK: se ni na vrsti po razporedu; preskoceno.
13:52:37     [4] SAOP_STOCK: se ni na vrsti po razporedu; preskoceno.
13:52:37     konec: Zaloga iz SAOP (kolicine)
13:52:37  == Izvoz cen in zaloge za splet ==
13:52:39     Izvoz profila MAGENTO_STOCK_PRICES končan: 352 vrstic v C:\Users\david\Desktop\PIM\NoviPIM\izvoz\magento\1
13:52:42     Izvoz profila MAGENTO_STOCK_PRICES končan: 2071 vrstic v C:\Users\david\Desktop\PIM\NoviPIM\izvoz\magento\2
13:52:46     Izvoz profila MAGENTO_STOCK_PRICES končan: 2488 vrstic v C:\Users\david\Desktop\PIM\NoviPIM\izvoz\magento\3
13:52:47     Izvoz profila MAGENTO_STOCK_PRICES končan: 0 vrstic v C:\Users\david\Desktop\PIM\NoviPIM\izvoz\magento\4
13:52:47     konec: Izvoz cen in zaloge za splet
13:52:47  Zalogovni cikel koncan; padlih korakov: 0.
13:57:26  == Zaloga NW_STOCK ==
13:57:27     [NW_STOCK] preskoceno: Razmik dobavitelja se tece; naslednji prenos po 3. 09. 2026 15:37.
13:57:27     Prevzem koncan: uspesno 0, neuspesno 0, skupaj virov 1.
13:57:28     Prebranih zapisov: 2763; SHA-256: be08d8a2d3bee5c693d2163d04052524a53c0bb1b025aab9c01dd7cd913dbf7f
13:57:28     Ta posnetek je ze v bazi; vir=NW_STOCK, podjetje=1, cas posnetka=2026-09-03 11:37:28Z, uporabljenih=2763, v karanteni=0, RunId=79ed261f-7320-4927-86da-73019e4010d4. Zapisano ni bilo nic.
13:57:29     Prebranih zapisov: 2763; SHA-256: be08d8a2d3bee5c693d2163d04052524a53c0bb1b025aab9c01dd7cd913dbf7f
13:57:29     Ta posnetek je ze v bazi; vir=NW_STOCK, podjetje=2, cas posnetka=2026-09-03 11:37:28Z, uporabljenih=2763, v karanteni=0, RunId=bca39bd0-919e-4233-a1e7-3a36296cff47. Zapisano ni bilo nic.
13:57:30     Prebranih zapisov: 2763; SHA-256: be08d8a2d3bee5c693d2163d04052524a53c0bb1b025aab9c01dd7cd913dbf7f
13:57:30     Ta posnetek je ze v bazi; vir=NW_STOCK, podjetje=3, cas posnetka=2026-09-03 11:37:28Z, uporabljenih=2763, v karanteni=0, RunId=24a0f7fa-e72b-4a55-ba56-9e1a47aa269e. Zapisano ni bilo nic.
13:57:31     Prebranih zapisov: 2763; SHA-256: be08d8a2d3bee5c693d2163d04052524a53c0bb1b025aab9c01dd7cd913dbf7f
13:57:31     Ta posnetek je ze v bazi; vir=NW_STOCK, podjetje=4, cas posnetka=2026-09-03 11:37:28Z, uporabljenih=2763, v karanteni=0, RunId=0d4e6e3f-4f9a-491b-8f1e-a6a20ab29e4f. Zapisano ni bilo nic.
13:57:31     konec: Zaloga NW_STOCK
13:57:31  == Zaloga BT_STOCK ==
13:57:32     SOURCE_FETCH: se ni na vrsti po razporedu; preskoceno.
13:57:33     Prebranih zapisov: 1389; SHA-256: 76fcd957387bd2676d26fb696d223bb361c18bb9c8039ca3f22fc94413508570
13:57:33     STOCK_FILE pri podjetju 1: se ni na vrsti po razporedu; preskoceno.
13:57:34     Prebranih zapisov: 1389; SHA-256: 76fcd957387bd2676d26fb696d223bb361c18bb9c8039ca3f22fc94413508570
13:57:34     STOCK_FILE pri podjetju 2: se ni na vrsti po razporedu; preskoceno.
13:57:35     Prebranih zapisov: 1389; SHA-256: 76fcd957387bd2676d26fb696d223bb361c18bb9c8039ca3f22fc94413508570
13:57:35     STOCK_FILE pri podjetju 3: se ni na vrsti po razporedu; preskoceno.
13:57:36     Prebranih zapisov: 1389; SHA-256: 76fcd957387bd2676d26fb696d223bb361c18bb9c8039ca3f22fc94413508570
13:57:36     STOCK_FILE pri podjetju 4: se ni na vrsti po razporedu; preskoceno.
13:57:36     konec: Zaloga BT_STOCK
13:57:36  == Zaloga iz SAOP (kolicine) ==
13:57:37     [1] SAOP_STOCK: se ni na vrsti po razporedu; preskoceno.
13:57:37     [2] SAOP_STOCK: se ni na vrsti po razporedu; preskoceno.
13:57:37     [3] SAOP_STOCK: se ni na vrsti po razporedu; preskoceno.
13:57:37     [4] SAOP_STOCK: se ni na vrsti po razporedu; preskoceno.
13:57:37     konec: Zaloga iz SAOP (kolicine)
13:57:37  == Izvoz cen in zaloge za splet ==
13:57:39     Izvoz profila MAGENTO_STOCK_PRICES končan: 352 vrstic v C:\Users\david\Desktop\PIM\NoviPIM\izvoz\magento\1
13:57:42     Izvoz profila MAGENTO_STOCK_PRICES končan: 2071 vrstic v C:\Users\david\Desktop\PIM\NoviPIM\izvoz\magento\2
13:57:46     Izvoz profila MAGENTO_STOCK_PRICES končan: 2488 vrstic v C:\Users\david\Desktop\PIM\NoviPIM\izvoz\magento\3
13:57:47     Izvoz profila MAGENTO_STOCK_PRICES končan: 0 vrstic v C:\Users\david\Desktop\PIM\NoviPIM\izvoz\magento\4
13:57:47     konec: Izvoz cen in zaloge za splet
13:57:47  Zalogovni cikel koncan; padlih korakov: 0.
14:02:26  == Zaloga NW_STOCK ==
14:02:27     [NW_STOCK] preskoceno: Razmik dobavitelja se tece; naslednji prenos po 3. 09. 2026 15:37.
14:02:27     Prevzem koncan: uspesno 0, neuspesno 0, skupaj virov 1.
14:02:28     Prebranih zapisov: 2763; SHA-256: be08d8a2d3bee5c693d2163d04052524a53c0bb1b025aab9c01dd7cd913dbf7f
14:02:28     Ta posnetek je ze v bazi; vir=NW_STOCK, podjetje=1, cas posnetka=2026-09-03 11:37:28Z, uporabljenih=2763, v karanteni=0, RunId=79ed261f-7320-4927-86da-73019e4010d4. Zapisano ni bilo nic.
14:02:29     Prebranih zapisov: 2763; SHA-256: be08d8a2d3bee5c693d2163d04052524a53c0bb1b025aab9c01dd7cd913dbf7f
14:02:29     Ta posnetek je ze v bazi; vir=NW_STOCK, podjetje=2, cas posnetka=2026-09-03 11:37:28Z, uporabljenih=2763, v karanteni=0, RunId=bca39bd0-919e-4233-a1e7-3a36296cff47. Zapisano ni bilo nic.
14:02:30     Prebranih zapisov: 2763; SHA-256: be08d8a2d3bee5c693d2163d04052524a53c0bb1b025aab9c01dd7cd913dbf7f
14:02:30     Ta posnetek je ze v bazi; vir=NW_STOCK, podjetje=3, cas posnetka=2026-09-03 11:37:28Z, uporabljenih=2763, v karanteni=0, RunId=24a0f7fa-e72b-4a55-ba56-9e1a47aa269e. Zapisano ni bilo nic.
14:02:31     Prebranih zapisov: 2763; SHA-256: be08d8a2d3bee5c693d2163d04052524a53c0bb1b025aab9c01dd7cd913dbf7f
14:02:31     Ta posnetek je ze v bazi; vir=NW_STOCK, podjetje=4, cas posnetka=2026-09-03 11:37:28Z, uporabljenih=2763, v karanteni=0, RunId=0d4e6e3f-4f9a-491b-8f1e-a6a20ab29e4f. Zapisano ni bilo nic.
14:02:31     konec: Zaloga NW_STOCK
14:02:31  == Zaloga BT_STOCK ==
14:02:32     SOURCE_FETCH: se ni na vrsti po razporedu; preskoceno.
14:02:33     Prebranih zapisov: 1389; SHA-256: 76fcd957387bd2676d26fb696d223bb361c18bb9c8039ca3f22fc94413508570
14:02:33     STOCK_FILE pri podjetju 1: se ni na vrsti po razporedu; preskoceno.
14:02:34     Prebranih zapisov: 1389; SHA-256: 76fcd957387bd2676d26fb696d223bb361c18bb9c8039ca3f22fc94413508570
14:02:34     STOCK_FILE pri podjetju 2: se ni na vrsti po razporedu; preskoceno.
14:02:35     Prebranih zapisov: 1389; SHA-256: 76fcd957387bd2676d26fb696d223bb361c18bb9c8039ca3f22fc94413508570
14:02:35     STOCK_FILE pri podjetju 3: se ni na vrsti po razporedu; preskoceno.
14:02:36     Prebranih zapisov: 1389; SHA-256: 76fcd957387bd2676d26fb696d223bb361c18bb9c8039ca3f22fc94413508570
14:02:36     STOCK_FILE pri podjetju 4: se ni na vrsti po razporedu; preskoceno.
14:02:36     konec: Zaloga BT_STOCK
14:02:36  == Zaloga iz SAOP (kolicine) ==
14:02:37     [1] SAOP_STOCK: se ni na vrsti po razporedu; preskoceno.
14:02:37     [2] SAOP_STOCK: se ni na vrsti po razporedu; preskoceno.
14:02:37     [3] SAOP_STOCK: se ni na vrsti po razporedu; preskoceno.
14:02:37     [4] SAOP_STOCK: se ni na vrsti po razporedu; preskoceno.
14:02:37     konec: Zaloga iz SAOP (kolicine)
14:02:37  == Izvoz cen in zaloge za splet ==
14:02:39     Izvoz profila MAGENTO_STOCK_PRICES končan: 352 vrstic v C:\Users\david\Desktop\PIM\NoviPIM\izvoz\magento\1
14:02:43     Izvoz profila MAGENTO_STOCK_PRICES končan: 2071 vrstic v C:\Users\david\Desktop\PIM\NoviPIM\izvoz\magento\2
14:02:46     Izvoz profila MAGENTO_STOCK_PRICES končan: 2488 vrstic v C:\Users\david\Desktop\PIM\NoviPIM\izvoz\magento\3
14:02:48     Izvoz profila MAGENTO_STOCK_PRICES končan: 0 vrstic v C:\Users\david\Desktop\PIM\NoviPIM\izvoz\magento\4
14:02:48     konec: Izvoz cen in zaloge za splet
14:02:48  Zalogovni cikel koncan; padlih korakov: 0.
14:07:26  == Zaloga NW_STOCK ==
14:07:28     [NW_STOCK] preskoceno: Razmik dobavitelja se tece; naslednji prenos po 3. 09. 2026 15:37.
14:07:28     Prevzem koncan: uspesno 0, neuspesno 0, skupaj virov 1.
14:07:29     Prebranih zapisov: 2763; SHA-256: be08d8a2d3bee5c693d2163d04052524a53c0bb1b025aab9c01dd7cd913dbf7f
14:07:29     Ta posnetek je ze v bazi; vir=NW_STOCK, podjetje=1, cas posnetka=2026-09-03 11:37:28Z, uporabljenih=2763, v karanteni=0, RunId=79ed261f-7320-4927-86da-73019e4010d4. Zapisano ni bilo nic.
14:07:30     Prebranih zapisov: 2763; SHA-256: be08d8a2d3bee5c693d2163d04052524a53c0bb1b025aab9c01dd7cd913dbf7f
14:07:31     Ta posnetek je ze v bazi; vir=NW_STOCK, podjetje=2, cas posnetka=2026-09-03 11:37:28Z, uporabljenih=2763, v karanteni=0, RunId=bca39bd0-919e-4233-a1e7-3a36296cff47. Zapisano ni bilo nic.
14:07:32     Prebranih zapisov: 2763; SHA-256: be08d8a2d3bee5c693d2163d04052524a53c0bb1b025aab9c01dd7cd913dbf7f
14:07:32     Ta posnetek je ze v bazi; vir=NW_STOCK, podjetje=3, cas posnetka=2026-09-03 11:37:28Z, uporabljenih=2763, v karanteni=0, RunId=24a0f7fa-e72b-4a55-ba56-9e1a47aa269e. Zapisano ni bilo nic.
14:07:33     Prebranih zapisov: 2763; SHA-256: be08d8a2d3bee5c693d2163d04052524a53c0bb1b025aab9c01dd7cd913dbf7f
14:07:33     Ta posnetek je ze v bazi; vir=NW_STOCK, podjetje=4, cas posnetka=2026-09-03 11:37:28Z, uporabljenih=2763, v karanteni=0, RunId=0d4e6e3f-4f9a-491b-8f1e-a6a20ab29e4f. Zapisano ni bilo nic.
14:07:33     konec: Zaloga NW_STOCK
14:07:33  == Zaloga BT_STOCK ==
14:07:34     SOURCE_FETCH: se ni na vrsti po razporedu; preskoceno.
14:07:35     Prebranih zapisov: 1389; SHA-256: 76fcd957387bd2676d26fb696d223bb361c18bb9c8039ca3f22fc94413508570
14:07:35     STOCK_FILE pri podjetju 1: se ni na vrsti po razporedu; preskoceno.
14:07:36     Prebranih zapisov: 1389; SHA-256: 76fcd957387bd2676d26fb696d223bb361c18bb9c8039ca3f22fc94413508570
14:07:37     STOCK_FILE pri podjetju 2: se ni na vrsti po razporedu; preskoceno.
14:07:38     Prebranih zapisov: 1389; SHA-256: 76fcd957387bd2676d26fb696d223bb361c18bb9c8039ca3f22fc94413508570
14:07:38     STOCK_FILE pri podjetju 3: se ni na vrsti po razporedu; preskoceno.
14:07:39     Prebranih zapisov: 1389; SHA-256: 76fcd957387bd2676d26fb696d223bb361c18bb9c8039ca3f22fc94413508570
14:07:39     STOCK_FILE pri podjetju 4: se ni na vrsti po razporedu; preskoceno.
14:07:39     konec: Zaloga BT_STOCK
14:07:39  == Zaloga iz SAOP (kolicine) ==
14:07:40     [1] SAOP_STOCK: se ni na vrsti po razporedu; preskoceno.
14:07:40     [2] SAOP_STOCK: se ni na vrsti po razporedu; preskoceno.
14:07:40     [3] SAOP_STOCK: se ni na vrsti po razporedu; preskoceno.
14:07:40     [4] SAOP_STOCK: se ni na vrsti po razporedu; preskoceno.
14:07:40     konec: Zaloga iz SAOP (kolicine)
14:07:40  == Izvoz cen in zaloge za splet ==
14:07:42     Izvoz profila MAGENTO_STOCK_PRICES končan: 352 vrstic v C:\Users\david\Desktop\PIM\NoviPIM\izvoz\magento\1
14:07:46     Izvoz profila MAGENTO_STOCK_PRICES končan: 2071 vrstic v C:\Users\david\Desktop\PIM\NoviPIM\izvoz\magento\2
14:07:50     Izvoz profila MAGENTO_STOCK_PRICES končan: 2488 vrstic v C:\Users\david\Desktop\PIM\NoviPIM\izvoz\magento\3
14:07:52     Izvoz profila MAGENTO_STOCK_PRICES končan: 0 vrstic v C:\Users\david\Desktop\PIM\NoviPIM\izvoz\magento\4
14:07:52     konec: Izvoz cen in zaloge za splet
14:07:52  Zalogovni cikel koncan; padlih korakov: 0.
14:12:27  == Zaloga NW_STOCK ==
14:12:28     SOURCE_FETCH: se ni na vrsti po razporedu; preskoceno.
14:12:28     Prebranih zapisov: 2763; SHA-256: be08d8a2d3bee5c693d2163d04052524a53c0bb1b025aab9c01dd7cd913dbf7f
14:12:29     STOCK_FILE pri podjetju 1: se ni na vrsti po razporedu; preskoceno.
14:12:29     Prebranih zapisov: 2763; SHA-256: be08d8a2d3bee5c693d2163d04052524a53c0bb1b025aab9c01dd7cd913dbf7f
14:12:30     STOCK_FILE pri podjetju 2: se ni na vrsti po razporedu; preskoceno.
14:12:30     Prebranih zapisov: 2763; SHA-256: be08d8a2d3bee5c693d2163d04052524a53c0bb1b025aab9c01dd7cd913dbf7f
14:12:31     STOCK_FILE pri podjetju 3: se ni na vrsti po razporedu; preskoceno.
14:12:31     Prebranih zapisov: 2763; SHA-256: be08d8a2d3bee5c693d2163d04052524a53c0bb1b025aab9c01dd7cd913dbf7f
14:12:32     STOCK_FILE pri podjetju 4: se ni na vrsti po razporedu; preskoceno.
14:12:32     konec: Zaloga NW_STOCK
14:12:32  == Zaloga BT_STOCK ==
14:12:34     [BT_STOCK] prevzeto 1.588.115 bajtov -> C:\Users\david\Desktop\PIM\NoviPIM\PIM_Solution\data\prevzem\BT_STOCK\braytron-zaloga.xml
14:12:34     Prevzem koncan: uspesno 1, neuspesno 0, skupaj virov 1.
14:12:35     Prebranih zapisov: 1389; SHA-256: 4863daf0c583920aed10ab742a795b69b2e8f668e941cd31a8389b001e0d97c1
14:12:36     Zaloga zapisana; vir=BT_STOCK, podjetje=1, uporabljenih=1389, v karanteni=0, RunId=409333a6-91c6-4405-90bf-71d70e6eec02.
14:12:37     Prebranih zapisov: 1389; SHA-256: 4863daf0c583920aed10ab742a795b69b2e8f668e941cd31a8389b001e0d97c1
14:12:38     Zaloga zapisana; vir=BT_STOCK, podjetje=2, uporabljenih=1389, v karanteni=0, RunId=6a7f1372-268f-404d-8847-bff53a2346d4.
14:12:38     Prebranih zapisov: 1389; SHA-256: 4863daf0c583920aed10ab742a795b69b2e8f668e941cd31a8389b001e0d97c1
14:12:39     Zaloga zapisana; vir=BT_STOCK, podjetje=3, uporabljenih=1389, v karanteni=0, RunId=d30a1a92-04cd-4c80-8f67-aea9040292a3.
14:12:40     Prebranih zapisov: 1389; SHA-256: 4863daf0c583920aed10ab742a795b69b2e8f668e941cd31a8389b001e0d97c1
14:12:41     Zaloga zapisana; vir=BT_STOCK, podjetje=4, uporabljenih=1389, v karanteni=0, RunId=cdaa4805-a847-4d0b-9e95-55cce30c58bf.
14:12:41     konec: Zaloga BT_STOCK
14:12:41  == Zaloga iz SAOP (kolicine) ==
14:12:42     [1] SAOP_STOCK: se ni na vrsti po razporedu; preskoceno.
14:12:42     [2] SAOP_STOCK: se ni na vrsti po razporedu; preskoceno.
14:12:42     [3] SAOP_STOCK: se ni na vrsti po razporedu; preskoceno.
14:12:42     [4] SAOP_STOCK: se ni na vrsti po razporedu; preskoceno.
14:12:42     konec: Zaloga iz SAOP (kolicine)
14:12:42  == Izvoz cen in zaloge za splet ==
14:12:44     Izvoz profila MAGENTO_STOCK_PRICES končan: 352 vrstic v C:\Users\david\Desktop\PIM\NoviPIM\izvoz\magento\1
14:12:48     Izvoz profila MAGENTO_STOCK_PRICES končan: 2071 vrstic v C:\Users\david\Desktop\PIM\NoviPIM\izvoz\magento\2
14:12:52     Izvoz profila MAGENTO_STOCK_PRICES končan: 2488 vrstic v C:\Users\david\Desktop\PIM\NoviPIM\izvoz\magento\3
14:12:53     Izvoz profila MAGENTO_STOCK_PRICES končan: 0 vrstic v C:\Users\david\Desktop\PIM\NoviPIM\izvoz\magento\4
14:12:53     konec: Izvoz cen in zaloge za splet
14:12:53  Zalogovni cikel koncan; padlih korakov: 0.
14:17:27  == Zaloga NW_STOCK ==
14:17:28     SOURCE_FETCH: se ni na vrsti po razporedu; preskoceno.
14:17:30     Prebranih zapisov: 2763; SHA-256: be08d8a2d3bee5c693d2163d04052524a53c0bb1b025aab9c01dd7cd913dbf7f
14:17:30     STOCK_FILE pri podjetju 1: se ni na vrsti po razporedu; preskoceno.
14:17:31     Prebranih zapisov: 2763; SHA-256: be08d8a2d3bee5c693d2163d04052524a53c0bb1b025aab9c01dd7cd913dbf7f
14:17:32     STOCK_FILE pri podjetju 2: se ni na vrsti po razporedu; preskoceno.
14:17:33     Prebranih zapisov: 2763; SHA-256: be08d8a2d3bee5c693d2163d04052524a53c0bb1b025aab9c01dd7cd913dbf7f
14:17:33     STOCK_FILE pri podjetju 3: se ni na vrsti po razporedu; preskoceno.
14:17:34     Prebranih zapisov: 2763; SHA-256: be08d8a2d3bee5c693d2163d04052524a53c0bb1b025aab9c01dd7cd913dbf7f
14:17:35     STOCK_FILE pri podjetju 4: se ni na vrsti po razporedu; preskoceno.
14:17:35     konec: Zaloga NW_STOCK
14:17:35  == Zaloga BT_STOCK ==
14:17:36     [BT_STOCK] preskoceno: Razmik dobavitelja se tece; naslednji prenos po 3. 09. 2026 17:12.
14:17:36     Prevzem koncan: uspesno 0, neuspesno 0, skupaj virov 1.
14:17:38     Prebranih zapisov: 1389; SHA-256: 4863daf0c583920aed10ab742a795b69b2e8f668e941cd31a8389b001e0d97c1
14:17:38     Ta posnetek je ze v bazi; vir=BT_STOCK, podjetje=1, cas posnetka=2026-09-03 12:12:34Z, uporabljenih=1389, v karanteni=0, RunId=409333a6-91c6-4405-90bf-71d70e6eec02. Zapisano ni bilo nic.
14:17:39     Prebranih zapisov: 1389; SHA-256: 4863daf0c583920aed10ab742a795b69b2e8f668e941cd31a8389b001e0d97c1
14:17:39     Ta posnetek je ze v bazi; vir=BT_STOCK, podjetje=2, cas posnetka=2026-09-03 12:12:34Z, uporabljenih=1389, v karanteni=0, RunId=6a7f1372-268f-404d-8847-bff53a2346d4. Zapisano ni bilo nic.
14:17:40     Prebranih zapisov: 1389; SHA-256: 4863daf0c583920aed10ab742a795b69b2e8f668e941cd31a8389b001e0d97c1
14:17:41     Ta posnetek je ze v bazi; vir=BT_STOCK, podjetje=3, cas posnetka=2026-09-03 12:12:34Z, uporabljenih=1389, v karanteni=0, RunId=d30a1a92-04cd-4c80-8f67-aea9040292a3. Zapisano ni bilo nic.
14:17:41     Prebranih zapisov: 1389; SHA-256: 4863daf0c583920aed10ab742a795b69b2e8f668e941cd31a8389b001e0d97c1
14:17:42     Ta posnetek je ze v bazi; vir=BT_STOCK, podjetje=4, cas posnetka=2026-09-03 12:12:34Z, uporabljenih=1389, v karanteni=0, RunId=cdaa4805-a847-4d0b-9e95-55cce30c58bf. Zapisano ni bilo nic.
14:17:42     konec: Zaloga BT_STOCK
14:17:42  == Zaloga iz SAOP (kolicine) ==
14:17:43     [1] SAOP_STOCK: se ni na vrsti po razporedu; preskoceno.
14:17:43     [2] SAOP_STOCK: se ni na vrsti po razporedu; preskoceno.
14:17:43     [3] SAOP_STOCK: se ni na vrsti po razporedu; preskoceno.
14:17:43     [4] SAOP_STOCK: se ni na vrsti po razporedu; preskoceno.
14:17:43     konec: Zaloga iz SAOP (kolicine)
14:17:43  == Izvoz cen in zaloge za splet ==
14:18:00     Izvoz profila MAGENTO_STOCK_PRICES končan: 352 vrstic v C:\Users\david\Desktop\PIM\NoviPIM\izvoz\magento\1
14:18:07     Izvoz profila MAGENTO_STOCK_PRICES končan: 2071 vrstic v C:\Users\david\Desktop\PIM\NoviPIM\izvoz\magento\2
14:18:11     Izvoz profila MAGENTO_STOCK_PRICES končan: 2488 vrstic v C:\Users\david\Desktop\PIM\NoviPIM\izvoz\magento\3
14:18:12     Izvoz profila MAGENTO_STOCK_PRICES končan: 0 vrstic v C:\Users\david\Desktop\PIM\NoviPIM\izvoz\magento\4
14:18:12     konec: Izvoz cen in zaloge za splet
14:18:12  Zalogovni cikel koncan; padlih korakov: 0.
14:22:26  == Zaloga NW_STOCK ==
14:22:27     SOURCE_FETCH: se ni na vrsti po razporedu; preskoceno.
14:22:28     Prebranih zapisov: 2763; SHA-256: be08d8a2d3bee5c693d2163d04052524a53c0bb1b025aab9c01dd7cd913dbf7f
14:22:28     STOCK_FILE pri podjetju 1: se ni na vrsti po razporedu; preskoceno.
14:22:29     Prebranih zapisov: 2763; SHA-256: be08d8a2d3bee5c693d2163d04052524a53c0bb1b025aab9c01dd7cd913dbf7f
14:22:29     STOCK_FILE pri podjetju 2: se ni na vrsti po razporedu; preskoceno.
14:22:30     Prebranih zapisov: 2763; SHA-256: be08d8a2d3bee5c693d2163d04052524a53c0bb1b025aab9c01dd7cd913dbf7f
14:22:30     STOCK_FILE pri podjetju 3: se ni na vrsti po razporedu; preskoceno.
14:22:31     Prebranih zapisov: 2763; SHA-256: be08d8a2d3bee5c693d2163d04052524a53c0bb1b025aab9c01dd7cd913dbf7f
14:22:31     STOCK_FILE pri podjetju 4: se ni na vrsti po razporedu; preskoceno.
14:22:31     konec: Zaloga NW_STOCK
14:22:31  == Zaloga BT_STOCK ==
14:22:32     SOURCE_FETCH: se ni na vrsti po razporedu; preskoceno.
14:22:33     Prebranih zapisov: 1389; SHA-256: 4863daf0c583920aed10ab742a795b69b2e8f668e941cd31a8389b001e0d97c1
14:22:33     STOCK_FILE pri podjetju 1: se ni na vrsti po razporedu; preskoceno.
14:22:34     Prebranih zapisov: 1389; SHA-256: 4863daf0c583920aed10ab742a795b69b2e8f668e941cd31a8389b001e0d97c1
14:22:34     STOCK_FILE pri podjetju 2: se ni na vrsti po razporedu; preskoceno.
14:22:35     Prebranih zapisov: 1389; SHA-256: 4863daf0c583920aed10ab742a795b69b2e8f668e941cd31a8389b001e0d97c1
14:22:35     STOCK_FILE pri podjetju 3: se ni na vrsti po razporedu; preskoceno.
14:22:36     Prebranih zapisov: 1389; SHA-256: 4863daf0c583920aed10ab742a795b69b2e8f668e941cd31a8389b001e0d97c1
14:22:36     STOCK_FILE pri podjetju 4: se ni na vrsti po razporedu; preskoceno.
14:22:36     konec: Zaloga BT_STOCK
14:22:36  == Zaloga iz SAOP (kolicine) ==
14:22:37     [1] SAOP_STOCK: se ni na vrsti po razporedu; preskoceno.
14:22:37     [2] SAOP_STOCK: se ni na vrsti po razporedu; preskoceno.
14:22:37     [3] SAOP_STOCK: se ni na vrsti po razporedu; preskoceno.
14:22:37     [4] SAOP_STOCK: se ni na vrsti po razporedu; preskoceno.
14:22:37     konec: Zaloga iz SAOP (kolicine)
14:22:37  == Izvoz cen in zaloge za splet ==
14:22:39     Izvoz profila MAGENTO_STOCK_PRICES končan: 352 vrstic v C:\Users\david\Desktop\PIM\NoviPIM\izvoz\magento\1
14:22:43     Izvoz profila MAGENTO_STOCK_PRICES končan: 2071 vrstic v C:\Users\david\Desktop\PIM\NoviPIM\izvoz\magento\2
14:22:46     Izvoz profila MAGENTO_STOCK_PRICES končan: 2488 vrstic v C:\Users\david\Desktop\PIM\NoviPIM\izvoz\magento\3
14:22:47     Izvoz profila MAGENTO_STOCK_PRICES končan: 0 vrstic v C:\Users\david\Desktop\PIM\NoviPIM\izvoz\magento\4
14:22:47     konec: Izvoz cen in zaloge za splet
14:22:47  Zalogovni cikel koncan; padlih korakov: 0.
14:27:28  == Zaloga NW_STOCK ==
14:27:29     [NW_STOCK] preskoceno: Razmik dobavitelja se tece; naslednji prenos po 3. 09. 2026 15:37.
14:27:29     Prevzem koncan: uspesno 0, neuspesno 0, skupaj virov 1.
14:27:30     Prebranih zapisov: 2763; SHA-256: be08d8a2d3bee5c693d2163d04052524a53c0bb1b025aab9c01dd7cd913dbf7f
14:27:31     Ta posnetek je ze v bazi; vir=NW_STOCK, podjetje=1, cas posnetka=2026-09-03 11:37:28Z, uporabljenih=2763, v karanteni=0, RunId=79ed261f-7320-4927-86da-73019e4010d4. Zapisano ni bilo nic.
14:27:31     Prebranih zapisov: 2763; SHA-256: be08d8a2d3bee5c693d2163d04052524a53c0bb1b025aab9c01dd7cd913dbf7f
14:27:32     Ta posnetek je ze v bazi; vir=NW_STOCK, podjetje=2, cas posnetka=2026-09-03 11:37:28Z, uporabljenih=2763, v karanteni=0, RunId=bca39bd0-919e-4233-a1e7-3a36296cff47. Zapisano ni bilo nic.
14:27:32     Prebranih zapisov: 2763; SHA-256: be08d8a2d3bee5c693d2163d04052524a53c0bb1b025aab9c01dd7cd913dbf7f
14:27:33     Ta posnetek je ze v bazi; vir=NW_STOCK, podjetje=3, cas posnetka=2026-09-03 11:37:28Z, uporabljenih=2763, v karanteni=0, RunId=24a0f7fa-e72b-4a55-ba56-9e1a47aa269e. Zapisano ni bilo nic.
14:27:33     Prebranih zapisov: 2763; SHA-256: be08d8a2d3bee5c693d2163d04052524a53c0bb1b025aab9c01dd7cd913dbf7f
14:27:34     Ta posnetek je ze v bazi; vir=NW_STOCK, podjetje=4, cas posnetka=2026-09-03 11:37:28Z, uporabljenih=2763, v karanteni=0, RunId=0d4e6e3f-4f9a-491b-8f1e-a6a20ab29e4f. Zapisano ni bilo nic.
14:27:34     konec: Zaloga NW_STOCK
14:27:34  == Zaloga BT_STOCK ==
14:27:35     SOURCE_FETCH: se ni na vrsti po razporedu; preskoceno.
14:27:35     Prebranih zapisov: 1389; SHA-256: 4863daf0c583920aed10ab742a795b69b2e8f668e941cd31a8389b001e0d97c1
14:27:36     STOCK_FILE pri podjetju 1: se ni na vrsti po razporedu; preskoceno.
14:27:36     Prebranih zapisov: 1389; SHA-256: 4863daf0c583920aed10ab742a795b69b2e8f668e941cd31a8389b001e0d97c1
14:27:37     STOCK_FILE pri podjetju 2: se ni na vrsti po razporedu; preskoceno.
14:27:37     Prebranih zapisov: 1389; SHA-256: 4863daf0c583920aed10ab742a795b69b2e8f668e941cd31a8389b001e0d97c1
14:27:38     STOCK_FILE pri podjetju 3: se ni na vrsti po razporedu; preskoceno.
14:27:38     Prebranih zapisov: 1389; SHA-256: 4863daf0c583920aed10ab742a795b69b2e8f668e941cd31a8389b001e0d97c1
14:27:39     STOCK_FILE pri podjetju 4: se ni na vrsti po razporedu; preskoceno.
14:27:39     konec: Zaloga BT_STOCK
14:27:39  == Zaloga iz SAOP (kolicine) ==
14:27:40     [1] SAOP_STOCK: se ni na vrsti po razporedu; preskoceno.
14:27:40     [2] SAOP_STOCK: se ni na vrsti po razporedu; preskoceno.
14:27:40     [3] SAOP_STOCK: se ni na vrsti po razporedu; preskoceno.
14:27:40     [4] SAOP_STOCK: se ni na vrsti po razporedu; preskoceno.
14:27:40     konec: Zaloga iz SAOP (kolicine)
14:27:40  == Izvoz cen in zaloge za splet ==
14:27:42     Izvoz profila MAGENTO_STOCK_PRICES končan: 352 vrstic v C:\Users\david\Desktop\PIM\NoviPIM\izvoz\magento\1
14:27:45     Izvoz profila MAGENTO_STOCK_PRICES končan: 2071 vrstic v C:\Users\david\Desktop\PIM\NoviPIM\izvoz\magento\2
14:27:49     Izvoz profila MAGENTO_STOCK_PRICES končan: 2488 vrstic v C:\Users\david\Desktop\PIM\NoviPIM\izvoz\magento\3
14:27:50     Izvoz profila MAGENTO_STOCK_PRICES končan: 0 vrstic v C:\Users\david\Desktop\PIM\NoviPIM\izvoz\magento\4
14:27:50     konec: Izvoz cen in zaloge za splet
14:27:50  Zalogovni cikel koncan; padlih korakov: 0.
14:32:28  == Zaloga NW_STOCK ==
14:32:29     SOURCE_FETCH: se ni na vrsti po razporedu; preskoceno.
14:32:30     Prebranih zapisov: 2763; SHA-256: be08d8a2d3bee5c693d2163d04052524a53c0bb1b025aab9c01dd7cd913dbf7f
14:32:30     STOCK_FILE pri podjetju 1: se ni na vrsti po razporedu; preskoceno.
14:32:31     Prebranih zapisov: 2763; SHA-256: be08d8a2d3bee5c693d2163d04052524a53c0bb1b025aab9c01dd7cd913dbf7f
14:32:31     STOCK_FILE pri podjetju 2: se ni na vrsti po razporedu; preskoceno.
14:32:32     Prebranih zapisov: 2763; SHA-256: be08d8a2d3bee5c693d2163d04052524a53c0bb1b025aab9c01dd7cd913dbf7f
14:32:32     STOCK_FILE pri podjetju 3: se ni na vrsti po razporedu; preskoceno.
14:32:33     Prebranih zapisov: 2763; SHA-256: be08d8a2d3bee5c693d2163d04052524a53c0bb1b025aab9c01dd7cd913dbf7f
14:32:33     STOCK_FILE pri podjetju 4: se ni na vrsti po razporedu; preskoceno.
14:32:33     konec: Zaloga NW_STOCK
14:32:33  == Zaloga BT_STOCK ==
14:32:34     [BT_STOCK] preskoceno: Razmik dobavitelja se tece; naslednji prenos po 3. 09. 2026 17:12.
14:32:34     Prevzem koncan: uspesno 0, neuspesno 0, skupaj virov 1.
14:32:35     Prebranih zapisov: 1389; SHA-256: 4863daf0c583920aed10ab742a795b69b2e8f668e941cd31a8389b001e0d97c1
14:32:35     Ta posnetek je ze v bazi; vir=BT_STOCK, podjetje=1, cas posnetka=2026-09-03 12:12:34Z, uporabljenih=1389, v karanteni=0, RunId=409333a6-91c6-4405-90bf-71d70e6eec02. Zapisano ni bilo nic.
14:32:36     Prebranih zapisov: 1389; SHA-256: 4863daf0c583920aed10ab742a795b69b2e8f668e941cd31a8389b001e0d97c1
14:32:36     Ta posnetek je ze v bazi; vir=BT_STOCK, podjetje=2, cas posnetka=2026-09-03 12:12:34Z, uporabljenih=1389, v karanteni=0, RunId=6a7f1372-268f-404d-8847-bff53a2346d4. Zapisano ni bilo nic.
14:32:37     Prebranih zapisov: 1389; SHA-256: 4863daf0c583920aed10ab742a795b69b2e8f668e941cd31a8389b001e0d97c1
14:32:37     Ta posnetek je ze v bazi; vir=BT_STOCK, podjetje=3, cas posnetka=2026-09-03 12:12:34Z, uporabljenih=1389, v karanteni=0, RunId=d30a1a92-04cd-4c80-8f67-aea9040292a3. Zapisano ni bilo nic.
14:32:38     Prebranih zapisov: 1389; SHA-256: 4863daf0c583920aed10ab742a795b69b2e8f668e941cd31a8389b001e0d97c1
14:32:38     Ta posnetek je ze v bazi; vir=BT_STOCK, podjetje=4, cas posnetka=2026-09-03 12:12:34Z, uporabljenih=1389, v karanteni=0, RunId=cdaa4805-a847-4d0b-9e95-55cce30c58bf. Zapisano ni bilo nic.
14:32:38     konec: Zaloga BT_STOCK
14:32:38  == Zaloga iz SAOP (kolicine) ==
14:32:39     [1] SAOP_STOCK: se ni na vrsti po razporedu; preskoceno.
14:32:39     [2] SAOP_STOCK: se ni na vrsti po razporedu; preskoceno.
14:32:39     [3] SAOP_STOCK: se ni na vrsti po razporedu; preskoceno.
14:32:39     [4] SAOP_STOCK: se ni na vrsti po razporedu; preskoceno.
14:32:39     konec: Zaloga iz SAOP (kolicine)
14:32:39  == Izvoz cen in zaloge za splet ==
14:32:41     Izvoz profila MAGENTO_STOCK_PRICES končan: 352 vrstic v C:\Users\david\Desktop\PIM\NoviPIM\izvoz\magento\1
14:32:45     Izvoz profila MAGENTO_STOCK_PRICES končan: 2071 vrstic v C:\Users\david\Desktop\PIM\NoviPIM\izvoz\magento\2
14:32:49     Izvoz profila MAGENTO_STOCK_PRICES končan: 2488 vrstic v C:\Users\david\Desktop\PIM\NoviPIM\izvoz\magento\3
14:32:50     Izvoz profila MAGENTO_STOCK_PRICES končan: 0 vrstic v C:\Users\david\Desktop\PIM\NoviPIM\izvoz\magento\4
14:32:50     konec: Izvoz cen in zaloge za splet
14:32:50  Zalogovni cikel koncan; padlih korakov: 0.
14:37:27  == Zaloga NW_STOCK ==
14:37:28     SOURCE_FETCH: se ni na vrsti po razporedu; preskoceno.
14:37:29     Prebranih zapisov: 2763; SHA-256: be08d8a2d3bee5c693d2163d04052524a53c0bb1b025aab9c01dd7cd913dbf7f
14:37:29     STOCK_FILE pri podjetju 1: se ni na vrsti po razporedu; preskoceno.
14:37:30     Prebranih zapisov: 2763; SHA-256: be08d8a2d3bee5c693d2163d04052524a53c0bb1b025aab9c01dd7cd913dbf7f
14:37:30     STOCK_FILE pri podjetju 2: se ni na vrsti po razporedu; preskoceno.
14:37:31     Prebranih zapisov: 2763; SHA-256: be08d8a2d3bee5c693d2163d04052524a53c0bb1b025aab9c01dd7cd913dbf7f
14:37:31     STOCK_FILE pri podjetju 3: se ni na vrsti po razporedu; preskoceno.
14:37:31     Prebranih zapisov: 2763; SHA-256: be08d8a2d3bee5c693d2163d04052524a53c0bb1b025aab9c01dd7cd913dbf7f
14:37:32     STOCK_FILE pri podjetju 4: se ni na vrsti po razporedu; preskoceno.
14:37:32     konec: Zaloga NW_STOCK
14:37:32  == Zaloga BT_STOCK ==
14:37:33     SOURCE_FETCH: se ni na vrsti po razporedu; preskoceno.
14:37:33     Prebranih zapisov: 1389; SHA-256: 4863daf0c583920aed10ab742a795b69b2e8f668e941cd31a8389b001e0d97c1
14:37:34     STOCK_FILE pri podjetju 1: se ni na vrsti po razporedu; preskoceno.
14:37:34     Prebranih zapisov: 1389; SHA-256: 4863daf0c583920aed10ab742a795b69b2e8f668e941cd31a8389b001e0d97c1
14:37:35     STOCK_FILE pri podjetju 2: se ni na vrsti po razporedu; preskoceno.
14:37:35     Prebranih zapisov: 1389; SHA-256: 4863daf0c583920aed10ab742a795b69b2e8f668e941cd31a8389b001e0d97c1
14:37:36     STOCK_FILE pri podjetju 3: se ni na vrsti po razporedu; preskoceno.
14:37:36     Prebranih zapisov: 1389; SHA-256: 4863daf0c583920aed10ab742a795b69b2e8f668e941cd31a8389b001e0d97c1
14:37:37     STOCK_FILE pri podjetju 4: se ni na vrsti po razporedu; preskoceno.
14:37:37     konec: Zaloga BT_STOCK
14:37:37  == Zaloga iz SAOP (kolicine) ==
14:37:38     [1] SAOP_STOCK: se ni na vrsti po razporedu; preskoceno.
14:37:38     [2] SAOP_STOCK: se ni na vrsti po razporedu; preskoceno.
14:37:38     [3] SAOP_STOCK: se ni na vrsti po razporedu; preskoceno.
14:37:38     [4] SAOP_STOCK: se ni na vrsti po razporedu; preskoceno.
14:37:38     konec: Zaloga iz SAOP (kolicine)
14:37:38  == Izvoz cen in zaloge za splet ==
14:37:39     Izvoz profila MAGENTO_STOCK_PRICES končan: 352 vrstic v C:\Users\david\Desktop\PIM\NoviPIM\izvoz\magento\1
14:37:43     Izvoz profila MAGENTO_STOCK_PRICES končan: 2071 vrstic v C:\Users\david\Desktop\PIM\NoviPIM\izvoz\magento\2
14:37:47     Izvoz profila MAGENTO_STOCK_PRICES končan: 2488 vrstic v C:\Users\david\Desktop\PIM\NoviPIM\izvoz\magento\3
14:37:48     Izvoz profila MAGENTO_STOCK_PRICES končan: 0 vrstic v C:\Users\david\Desktop\PIM\NoviPIM\izvoz\magento\4
14:37:48     konec: Izvoz cen in zaloge za splet
14:37:48  Zalogovni cikel koncan; padlih korakov: 0.
14:42:26  == Zaloga NW_STOCK ==
14:42:28     [NW_STOCK] preskoceno: Razmik dobavitelja se tece; naslednji prenos po 3. 09. 2026 15:37.
14:42:28     Prevzem koncan: uspesno 0, neuspesno 0, skupaj virov 1.
14:42:28     Prebranih zapisov: 2763; SHA-256: be08d8a2d3bee5c693d2163d04052524a53c0bb1b025aab9c01dd7cd913dbf7f
14:42:29     Ta posnetek je ze v bazi; vir=NW_STOCK, podjetje=1, cas posnetka=2026-09-03 11:37:28Z, uporabljenih=2763, v karanteni=0, RunId=79ed261f-7320-4927-86da-73019e4010d4. Zapisano ni bilo nic.
14:42:29     Prebranih zapisov: 2763; SHA-256: be08d8a2d3bee5c693d2163d04052524a53c0bb1b025aab9c01dd7cd913dbf7f
14:42:30     Ta posnetek je ze v bazi; vir=NW_STOCK, podjetje=2, cas posnetka=2026-09-03 11:37:28Z, uporabljenih=2763, v karanteni=0, RunId=bca39bd0-919e-4233-a1e7-3a36296cff47. Zapisano ni bilo nic.
14:42:30     Prebranih zapisov: 2763; SHA-256: be08d8a2d3bee5c693d2163d04052524a53c0bb1b025aab9c01dd7cd913dbf7f
14:42:31     Ta posnetek je ze v bazi; vir=NW_STOCK, podjetje=3, cas posnetka=2026-09-03 11:37:28Z, uporabljenih=2763, v karanteni=0, RunId=24a0f7fa-e72b-4a55-ba56-9e1a47aa269e. Zapisano ni bilo nic.
14:42:32     Prebranih zapisov: 2763; SHA-256: be08d8a2d3bee5c693d2163d04052524a53c0bb1b025aab9c01dd7cd913dbf7f
14:42:32     Ta posnetek je ze v bazi; vir=NW_STOCK, podjetje=4, cas posnetka=2026-09-03 11:37:28Z, uporabljenih=2763, v karanteni=0, RunId=0d4e6e3f-4f9a-491b-8f1e-a6a20ab29e4f. Zapisano ni bilo nic.
14:42:32     konec: Zaloga NW_STOCK
14:42:32  == Zaloga BT_STOCK ==
14:42:33     SOURCE_FETCH: se ni na vrsti po razporedu; preskoceno.
14:42:34     Prebranih zapisov: 1389; SHA-256: 4863daf0c583920aed10ab742a795b69b2e8f668e941cd31a8389b001e0d97c1
14:42:34     STOCK_FILE pri podjetju 1: se ni na vrsti po razporedu; preskoceno.
14:42:34     Prebranih zapisov: 1389; SHA-256: 4863daf0c583920aed10ab742a795b69b2e8f668e941cd31a8389b001e0d97c1
14:42:35     STOCK_FILE pri podjetju 2: se ni na vrsti po razporedu; preskoceno.
14:42:35     Prebranih zapisov: 1389; SHA-256: 4863daf0c583920aed10ab742a795b69b2e8f668e941cd31a8389b001e0d97c1
14:42:36     STOCK_FILE pri podjetju 3: se ni na vrsti po razporedu; preskoceno.
14:42:36     Prebranih zapisov: 1389; SHA-256: 4863daf0c583920aed10ab742a795b69b2e8f668e941cd31a8389b001e0d97c1
14:42:37     STOCK_FILE pri podjetju 4: se ni na vrsti po razporedu; preskoceno.
14:42:37     konec: Zaloga BT_STOCK
14:42:37  == Zaloga iz SAOP (kolicine) ==
14:42:38     [1] SAOP_STOCK: se ni na vrsti po razporedu; preskoceno.
14:42:38     [2] SAOP_STOCK: se ni na vrsti po razporedu; preskoceno.
14:42:38     [3] SAOP_STOCK: se ni na vrsti po razporedu; preskoceno.
14:42:38     [4] SAOP_STOCK: se ni na vrsti po razporedu; preskoceno.
14:42:38     konec: Zaloga iz SAOP (kolicine)
14:42:38  == Izvoz cen in zaloge za splet ==
14:42:39     Izvoz profila MAGENTO_STOCK_PRICES končan: 352 vrstic v C:\Users\david\Desktop\PIM\NoviPIM\izvoz\magento\1
14:42:43     Izvoz profila MAGENTO_STOCK_PRICES končan: 2071 vrstic v C:\Users\david\Desktop\PIM\NoviPIM\izvoz\magento\2
14:42:47     Izvoz profila MAGENTO_STOCK_PRICES končan: 2488 vrstic v C:\Users\david\Desktop\PIM\NoviPIM\izvoz\magento\3
14:42:48     Izvoz profila MAGENTO_STOCK_PRICES končan: 0 vrstic v C:\Users\david\Desktop\PIM\NoviPIM\izvoz\magento\4
14:42:48     konec: Izvoz cen in zaloge za splet
14:42:48  Zalogovni cikel koncan; padlih korakov: 0.
14:47:26  == Zaloga NW_STOCK ==
14:47:27     SOURCE_FETCH: se ni na vrsti po razporedu; preskoceno.
14:47:28     Prebranih zapisov: 2763; SHA-256: be08d8a2d3bee5c693d2163d04052524a53c0bb1b025aab9c01dd7cd913dbf7f
14:47:28     STOCK_FILE pri podjetju 1: se ni na vrsti po razporedu; preskoceno.
14:47:29     Prebranih zapisov: 2763; SHA-256: be08d8a2d3bee5c693d2163d04052524a53c0bb1b025aab9c01dd7cd913dbf7f
14:47:29     STOCK_FILE pri podjetju 2: se ni na vrsti po razporedu; preskoceno.
14:47:30     Prebranih zapisov: 2763; SHA-256: be08d8a2d3bee5c693d2163d04052524a53c0bb1b025aab9c01dd7cd913dbf7f
14:47:30     STOCK_FILE pri podjetju 3: se ni na vrsti po razporedu; preskoceno.
14:47:31     Prebranih zapisov: 2763; SHA-256: be08d8a2d3bee5c693d2163d04052524a53c0bb1b025aab9c01dd7cd913dbf7f
14:47:31     STOCK_FILE pri podjetju 4: se ni na vrsti po razporedu; preskoceno.
14:47:31     konec: Zaloga NW_STOCK
14:47:31  == Zaloga BT_STOCK ==
14:47:32     [BT_STOCK] preskoceno: Razmik dobavitelja se tece; naslednji prenos po 3. 09. 2026 17:12.
14:47:32     Prevzem koncan: uspesno 0, neuspesno 0, skupaj virov 1.
14:47:33     Prebranih zapisov: 1389; SHA-256: 4863daf0c583920aed10ab742a795b69b2e8f668e941cd31a8389b001e0d97c1
14:47:33     Ta posnetek je ze v bazi; vir=BT_STOCK, podjetje=1, cas posnetka=2026-09-03 12:12:34Z, uporabljenih=1389, v karanteni=0, RunId=409333a6-91c6-4405-90bf-71d70e6eec02. Zapisano ni bilo nic.
14:47:34     Prebranih zapisov: 1389; SHA-256: 4863daf0c583920aed10ab742a795b69b2e8f668e941cd31a8389b001e0d97c1
14:47:34     Ta posnetek je ze v bazi; vir=BT_STOCK, podjetje=2, cas posnetka=2026-09-03 12:12:34Z, uporabljenih=1389, v karanteni=0, RunId=6a7f1372-268f-404d-8847-bff53a2346d4. Zapisano ni bilo nic.
14:47:35     Prebranih zapisov: 1389; SHA-256: 4863daf0c583920aed10ab742a795b69b2e8f668e941cd31a8389b001e0d97c1
14:47:35     Ta posnetek je ze v bazi; vir=BT_STOCK, podjetje=3, cas posnetka=2026-09-03 12:12:34Z, uporabljenih=1389, v karanteni=0, RunId=d30a1a92-04cd-4c80-8f67-aea9040292a3. Zapisano ni bilo nic.
14:47:36     Prebranih zapisov: 1389; SHA-256: 4863daf0c583920aed10ab742a795b69b2e8f668e941cd31a8389b001e0d97c1
14:47:36     Ta posnetek je ze v bazi; vir=BT_STOCK, podjetje=4, cas posnetka=2026-09-03 12:12:34Z, uporabljenih=1389, v karanteni=0, RunId=cdaa4805-a847-4d0b-9e95-55cce30c58bf. Zapisano ni bilo nic.
14:47:36     konec: Zaloga BT_STOCK
14:47:36  == Zaloga iz SAOP (kolicine) ==
14:47:37     [1] SAOP_STOCK: se ni na vrsti po razporedu; preskoceno.
14:47:37     [2] SAOP_STOCK: se ni na vrsti po razporedu; preskoceno.
14:47:37     [3] SAOP_STOCK: se ni na vrsti po razporedu; preskoceno.
14:47:37     [4] SAOP_STOCK: se ni na vrsti po razporedu; preskoceno.
14:47:37     konec: Zaloga iz SAOP (kolicine)
14:47:37  == Izvoz cen in zaloge za splet ==
14:47:39     Izvoz profila MAGENTO_STOCK_PRICES končan: 352 vrstic v C:\Users\david\Desktop\PIM\NoviPIM\izvoz\magento\1
14:47:43     Izvoz profila MAGENTO_STOCK_PRICES končan: 2071 vrstic v C:\Users\david\Desktop\PIM\NoviPIM\izvoz\magento\2
14:47:47     Izvoz profila MAGENTO_STOCK_PRICES končan: 2488 vrstic v C:\Users\david\Desktop\PIM\NoviPIM\izvoz\magento\3
14:47:48     Izvoz profila MAGENTO_STOCK_PRICES končan: 0 vrstic v C:\Users\david\Desktop\PIM\NoviPIM\izvoz\magento\4
14:47:48     konec: Izvoz cen in zaloge za splet
14:47:48  Zalogovni cikel koncan; padlih korakov: 0.
14:52:26  == Zaloga NW_STOCK ==
14:52:27     SOURCE_FETCH: se ni na vrsti po razporedu; preskoceno.
14:52:28     Prebranih zapisov: 2763; SHA-256: be08d8a2d3bee5c693d2163d04052524a53c0bb1b025aab9c01dd7cd913dbf7f
14:52:28     STOCK_FILE pri podjetju 1: se ni na vrsti po razporedu; preskoceno.
14:52:29     Prebranih zapisov: 2763; SHA-256: be08d8a2d3bee5c693d2163d04052524a53c0bb1b025aab9c01dd7cd913dbf7f
14:52:29     STOCK_FILE pri podjetju 2: se ni na vrsti po razporedu; preskoceno.
14:52:30     Prebranih zapisov: 2763; SHA-256: be08d8a2d3bee5c693d2163d04052524a53c0bb1b025aab9c01dd7cd913dbf7f
14:52:30     STOCK_FILE pri podjetju 3: se ni na vrsti po razporedu; preskoceno.
14:52:31     Prebranih zapisov: 2763; SHA-256: be08d8a2d3bee5c693d2163d04052524a53c0bb1b025aab9c01dd7cd913dbf7f
14:52:31     STOCK_FILE pri podjetju 4: se ni na vrsti po razporedu; preskoceno.
14:52:31     konec: Zaloga NW_STOCK
14:52:31  == Zaloga BT_STOCK ==
14:52:32     SOURCE_FETCH: se ni na vrsti po razporedu; preskoceno.
14:52:33     Prebranih zapisov: 1389; SHA-256: 4863daf0c583920aed10ab742a795b69b2e8f668e941cd31a8389b001e0d97c1
14:52:33     STOCK_FILE pri podjetju 1: se ni na vrsti po razporedu; preskoceno.
14:52:34     Prebranih zapisov: 1389; SHA-256: 4863daf0c583920aed10ab742a795b69b2e8f668e941cd31a8389b001e0d97c1
14:52:34     STOCK_FILE pri podjetju 2: se ni na vrsti po razporedu; preskoceno.
14:52:35     Prebranih zapisov: 1389; SHA-256: 4863daf0c583920aed10ab742a795b69b2e8f668e941cd31a8389b001e0d97c1
14:52:35     STOCK_FILE pri podjetju 3: se ni na vrsti po razporedu; preskoceno.
14:52:36     Prebranih zapisov: 1389; SHA-256: 4863daf0c583920aed10ab742a795b69b2e8f668e941cd31a8389b001e0d97c1
14:52:36     STOCK_FILE pri podjetju 4: se ni na vrsti po razporedu; preskoceno.
14:52:36     konec: Zaloga BT_STOCK
14:52:36  == Zaloga iz SAOP (kolicine) ==
14:52:37     [1] SAOP_STOCK: se ni na vrsti po razporedu; preskoceno.
14:52:37     [2] SAOP_STOCK: se ni na vrsti po razporedu; preskoceno.
14:52:37     [3] SAOP_STOCK: se ni na vrsti po razporedu; preskoceno.
14:52:37     [4] SAOP_STOCK: se ni na vrsti po razporedu; preskoceno.
14:52:37     konec: Zaloga iz SAOP (kolicine)
14:52:37  == Izvoz cen in zaloge za splet ==
14:52:39     Izvoz profila MAGENTO_STOCK_PRICES končan: 352 vrstic v C:\Users\david\Desktop\PIM\NoviPIM\izvoz\magento\1
14:52:42     Izvoz profila MAGENTO_STOCK_PRICES končan: 2071 vrstic v C:\Users\david\Desktop\PIM\NoviPIM\izvoz\magento\2
14:52:46     Izvoz profila MAGENTO_STOCK_PRICES končan: 2488 vrstic v C:\Users\david\Desktop\PIM\NoviPIM\izvoz\magento\3
14:52:47     Izvoz profila MAGENTO_STOCK_PRICES končan: 0 vrstic v C:\Users\david\Desktop\PIM\NoviPIM\izvoz\magento\4
14:52:47     konec: Izvoz cen in zaloge za splet
14:52:47  Zalogovni cikel koncan; padlih korakov: 0.
14:57:26  == Zaloga NW_STOCK ==
14:57:27     [NW_STOCK] preskoceno: Razmik dobavitelja se tece; naslednji prenos po 3. 09. 2026 15:37.
14:57:27     Prevzem koncan: uspesno 0, neuspesno 0, skupaj virov 1.
14:57:28     Prebranih zapisov: 2763; SHA-256: be08d8a2d3bee5c693d2163d04052524a53c0bb1b025aab9c01dd7cd913dbf7f
14:57:28     Ta posnetek je ze v bazi; vir=NW_STOCK, podjetje=1, cas posnetka=2026-09-03 11:37:28Z, uporabljenih=2763, v karanteni=0, RunId=79ed261f-7320-4927-86da-73019e4010d4. Zapisano ni bilo nic.
14:57:29     Prebranih zapisov: 2763; SHA-256: be08d8a2d3bee5c693d2163d04052524a53c0bb1b025aab9c01dd7cd913dbf7f
14:57:29     Ta posnetek je ze v bazi; vir=NW_STOCK, podjetje=2, cas posnetka=2026-09-03 11:37:28Z, uporabljenih=2763, v karanteni=0, RunId=bca39bd0-919e-4233-a1e7-3a36296cff47. Zapisano ni bilo nic.
14:57:30     Prebranih zapisov: 2763; SHA-256: be08d8a2d3bee5c693d2163d04052524a53c0bb1b025aab9c01dd7cd913dbf7f
14:57:30     Ta posnetek je ze v bazi; vir=NW_STOCK, podjetje=3, cas posnetka=2026-09-03 11:37:28Z, uporabljenih=2763, v karanteni=0, RunId=24a0f7fa-e72b-4a55-ba56-9e1a47aa269e. Zapisano ni bilo nic.
14:57:31     Prebranih zapisov: 2763; SHA-256: be08d8a2d3bee5c693d2163d04052524a53c0bb1b025aab9c01dd7cd913dbf7f
14:57:31     Ta posnetek je ze v bazi; vir=NW_STOCK, podjetje=4, cas posnetka=2026-09-03 11:37:28Z, uporabljenih=2763, v karanteni=0, RunId=0d4e6e3f-4f9a-491b-8f1e-a6a20ab29e4f. Zapisano ni bilo nic.
14:57:31     konec: Zaloga NW_STOCK
14:57:31  == Zaloga BT_STOCK ==
14:57:32     SOURCE_FETCH: se ni na vrsti po razporedu; preskoceno.
14:57:33     Prebranih zapisov: 1389; SHA-256: 4863daf0c583920aed10ab742a795b69b2e8f668e941cd31a8389b001e0d97c1
14:57:33     STOCK_FILE pri podjetju 1: se ni na vrsti po razporedu; preskoceno.
14:57:34     Prebranih zapisov: 1389; SHA-256: 4863daf0c583920aed10ab742a795b69b2e8f668e941cd31a8389b001e0d97c1
14:57:34     STOCK_FILE pri podjetju 2: se ni na vrsti po razporedu; preskoceno.
14:57:35     Prebranih zapisov: 1389; SHA-256: 4863daf0c583920aed10ab742a795b69b2e8f668e941cd31a8389b001e0d97c1
14:57:35     STOCK_FILE pri podjetju 3: se ni na vrsti po razporedu; preskoceno.
14:57:36     Prebranih zapisov: 1389; SHA-256: 4863daf0c583920aed10ab742a795b69b2e8f668e941cd31a8389b001e0d97c1
14:57:36     STOCK_FILE pri podjetju 4: se ni na vrsti po razporedu; preskoceno.
14:57:36     konec: Zaloga BT_STOCK
14:57:36  == Zaloga iz SAOP (kolicine) ==
14:57:37     [1] SAOP_STOCK: se ni na vrsti po razporedu; preskoceno.
14:57:37     [2] SAOP_STOCK: se ni na vrsti po razporedu; preskoceno.
14:57:37     [3] SAOP_STOCK: se ni na vrsti po razporedu; preskoceno.
14:57:37     [4] SAOP_STOCK: se ni na vrsti po razporedu; preskoceno.
14:57:37     konec: Zaloga iz SAOP (kolicine)
14:57:37  == Izvoz cen in zaloge za splet ==
14:57:39     Izvoz profila MAGENTO_STOCK_PRICES končan: 352 vrstic v C:\Users\david\Desktop\PIM\NoviPIM\izvoz\magento\1
14:57:43     Izvoz profila MAGENTO_STOCK_PRICES končan: 2071 vrstic v C:\Users\david\Desktop\PIM\NoviPIM\izvoz\magento\2
14:57:46     Izvoz profila MAGENTO_STOCK_PRICES končan: 2488 vrstic v C:\Users\david\Desktop\PIM\NoviPIM\izvoz\magento\3
14:57:47     Izvoz profila MAGENTO_STOCK_PRICES končan: 0 vrstic v C:\Users\david\Desktop\PIM\NoviPIM\izvoz\magento\4
14:57:47     konec: Izvoz cen in zaloge za splet
14:57:47  Zalogovni cikel koncan; padlih korakov: 0.
15:02:26  == Zaloga NW_STOCK ==
15:02:27     SOURCE_FETCH: se ni na vrsti po razporedu; preskoceno.
15:02:28     Prebranih zapisov: 2763; SHA-256: be08d8a2d3bee5c693d2163d04052524a53c0bb1b025aab9c01dd7cd913dbf7f
15:02:28     STOCK_FILE pri podjetju 1: se ni na vrsti po razporedu; preskoceno.
15:02:29     Prebranih zapisov: 2763; SHA-256: be08d8a2d3bee5c693d2163d04052524a53c0bb1b025aab9c01dd7cd913dbf7f
15:02:29     STOCK_FILE pri podjetju 2: se ni na vrsti po razporedu; preskoceno.
15:02:30     Prebranih zapisov: 2763; SHA-256: be08d8a2d3bee5c693d2163d04052524a53c0bb1b025aab9c01dd7cd913dbf7f
15:02:30     STOCK_FILE pri podjetju 3: se ni na vrsti po razporedu; preskoceno.
15:02:31     Prebranih zapisov: 2763; SHA-256: be08d8a2d3bee5c693d2163d04052524a53c0bb1b025aab9c01dd7cd913dbf7f
15:02:31     STOCK_FILE pri podjetju 4: se ni na vrsti po razporedu; preskoceno.
15:02:31     konec: Zaloga NW_STOCK
15:02:31  == Zaloga BT_STOCK ==
15:02:32     [BT_STOCK] preskoceno: Razmik dobavitelja se tece; naslednji prenos po 3. 09. 2026 17:12.
15:02:32     Prevzem koncan: uspesno 0, neuspesno 0, skupaj virov 1.
15:02:33     Prebranih zapisov: 1389; SHA-256: 4863daf0c583920aed10ab742a795b69b2e8f668e941cd31a8389b001e0d97c1
15:02:33     Ta posnetek je ze v bazi; vir=BT_STOCK, podjetje=1, cas posnetka=2026-09-03 12:12:34Z, uporabljenih=1389, v karanteni=0, RunId=409333a6-91c6-4405-90bf-71d70e6eec02. Zapisano ni bilo nic.
15:02:34     Prebranih zapisov: 1389; SHA-256: 4863daf0c583920aed10ab742a795b69b2e8f668e941cd31a8389b001e0d97c1
15:02:34     Ta posnetek je ze v bazi; vir=BT_STOCK, podjetje=2, cas posnetka=2026-09-03 12:12:34Z, uporabljenih=1389, v karanteni=0, RunId=6a7f1372-268f-404d-8847-bff53a2346d4. Zapisano ni bilo nic.
15:02:35     Prebranih zapisov: 1389; SHA-256: 4863daf0c583920aed10ab742a795b69b2e8f668e941cd31a8389b001e0d97c1
15:02:35     Ta posnetek je ze v bazi; vir=BT_STOCK, podjetje=3, cas posnetka=2026-09-03 12:12:34Z, uporabljenih=1389, v karanteni=0, RunId=d30a1a92-04cd-4c80-8f67-aea9040292a3. Zapisano ni bilo nic.
15:02:36     Prebranih zapisov: 1389; SHA-256: 4863daf0c583920aed10ab742a795b69b2e8f668e941cd31a8389b001e0d97c1
15:02:36     Ta posnetek je ze v bazi; vir=BT_STOCK, podjetje=4, cas posnetka=2026-09-03 12:12:34Z, uporabljenih=1389, v karanteni=0, RunId=cdaa4805-a847-4d0b-9e95-55cce30c58bf. Zapisano ni bilo nic.
15:02:36     konec: Zaloga BT_STOCK
15:02:36  == Zaloga iz SAOP (kolicine) ==
15:02:37     [1] SAOP_STOCK: se ni na vrsti po razporedu; preskoceno.
15:02:37     [2] SAOP_STOCK: se ni na vrsti po razporedu; preskoceno.
15:02:37     [3] SAOP_STOCK: se ni na vrsti po razporedu; preskoceno.
15:02:37     [4] SAOP_STOCK: se ni na vrsti po razporedu; preskoceno.
15:02:37     konec: Zaloga iz SAOP (kolicine)
15:02:37  == Izvoz cen in zaloge za splet ==
15:02:39     Izvoz profila MAGENTO_STOCK_PRICES končan: 352 vrstic v C:\Users\david\Desktop\PIM\NoviPIM\izvoz\magento\1
15:02:43     Izvoz profila MAGENTO_STOCK_PRICES končan: 2071 vrstic v C:\Users\david\Desktop\PIM\NoviPIM\izvoz\magento\2
15:02:46     Izvoz profila MAGENTO_STOCK_PRICES končan: 2488 vrstic v C:\Users\david\Desktop\PIM\NoviPIM\izvoz\magento\3
15:02:47     Izvoz profila MAGENTO_STOCK_PRICES končan: 0 vrstic v C:\Users\david\Desktop\PIM\NoviPIM\izvoz\magento\4
15:02:47     konec: Izvoz cen in zaloge za splet
15:02:47  Zalogovni cikel koncan; padlih korakov: 0.
15:07:26  == Zaloga NW_STOCK ==
15:07:27     SOURCE_FETCH: se ni na vrsti po razporedu; preskoceno.
15:07:28     Prebranih zapisov: 2763; SHA-256: be08d8a2d3bee5c693d2163d04052524a53c0bb1b025aab9c01dd7cd913dbf7f
15:07:28     STOCK_FILE pri podjetju 1: se ni na vrsti po razporedu; preskoceno.
15:07:29     Prebranih zapisov: 2763; SHA-256: be08d8a2d3bee5c693d2163d04052524a53c0bb1b025aab9c01dd7cd913dbf7f
15:07:29     STOCK_FILE pri podjetju 2: se ni na vrsti po razporedu; preskoceno.
15:07:30     Prebranih zapisov: 2763; SHA-256: be08d8a2d3bee5c693d2163d04052524a53c0bb1b025aab9c01dd7cd913dbf7f
15:07:30     STOCK_FILE pri podjetju 3: se ni na vrsti po razporedu; preskoceno.
15:07:31     Prebranih zapisov: 2763; SHA-256: be08d8a2d3bee5c693d2163d04052524a53c0bb1b025aab9c01dd7cd913dbf7f
15:07:31     STOCK_FILE pri podjetju 4: se ni na vrsti po razporedu; preskoceno.
15:07:31     konec: Zaloga NW_STOCK
15:07:31  == Zaloga BT_STOCK ==
15:07:32     SOURCE_FETCH: se ni na vrsti po razporedu; preskoceno.
15:07:33     Prebranih zapisov: 1389; SHA-256: 4863daf0c583920aed10ab742a795b69b2e8f668e941cd31a8389b001e0d97c1
15:07:33     STOCK_FILE pri podjetju 1: se ni na vrsti po razporedu; preskoceno.
15:07:34     Prebranih zapisov: 1389; SHA-256: 4863daf0c583920aed10ab742a795b69b2e8f668e941cd31a8389b001e0d97c1
15:07:34     STOCK_FILE pri podjetju 2: se ni na vrsti po razporedu; preskoceno.
15:07:35     Prebranih zapisov: 1389; SHA-256: 4863daf0c583920aed10ab742a795b69b2e8f668e941cd31a8389b001e0d97c1
15:07:35     STOCK_FILE pri podjetju 3: se ni na vrsti po razporedu; preskoceno.
15:07:36     Prebranih zapisov: 1389; SHA-256: 4863daf0c583920aed10ab742a795b69b2e8f668e941cd31a8389b001e0d97c1
15:07:36     STOCK_FILE pri podjetju 4: se ni na vrsti po razporedu; preskoceno.
15:07:36     konec: Zaloga BT_STOCK
15:07:36  == Zaloga iz SAOP (kolicine) ==
15:07:37     [1] SAOP_STOCK: se ni na vrsti po razporedu; preskoceno.
15:07:37     [2] SAOP_STOCK: se ni na vrsti po razporedu; preskoceno.
15:07:37     [3] SAOP_STOCK: se ni na vrsti po razporedu; preskoceno.
15:07:37     [4] SAOP_STOCK: se ni na vrsti po razporedu; preskoceno.
15:07:37     konec: Zaloga iz SAOP (kolicine)
15:07:37  == Izvoz cen in zaloge za splet ==
15:07:38     Izvoz profila MAGENTO_STOCK_PRICES končan: 352 vrstic v C:\Users\david\Desktop\PIM\NoviPIM\izvoz\magento\1
15:07:42     Izvoz profila MAGENTO_STOCK_PRICES končan: 2071 vrstic v C:\Users\david\Desktop\PIM\NoviPIM\izvoz\magento\2
15:07:46     Izvoz profila MAGENTO_STOCK_PRICES končan: 2488 vrstic v C:\Users\david\Desktop\PIM\NoviPIM\izvoz\magento\3
15:07:47     Izvoz profila MAGENTO_STOCK_PRICES končan: 0 vrstic v C:\Users\david\Desktop\PIM\NoviPIM\izvoz\magento\4
15:07:47     konec: Izvoz cen in zaloge za splet
15:07:47  Zalogovni cikel koncan; padlih korakov: 0.
15:12:26  == Zaloga NW_STOCK ==
15:12:27     [NW_STOCK] preskoceno: Razmik dobavitelja se tece; naslednji prenos po 3. 09. 2026 15:37.
15:12:27     Prevzem koncan: uspesno 0, neuspesno 0, skupaj virov 1.
15:12:28     Prebranih zapisov: 2763; SHA-256: be08d8a2d3bee5c693d2163d04052524a53c0bb1b025aab9c01dd7cd913dbf7f
15:12:28     Ta posnetek je ze v bazi; vir=NW_STOCK, podjetje=1, cas posnetka=2026-09-03 11:37:28Z, uporabljenih=2763, v karanteni=0, RunId=79ed261f-7320-4927-86da-73019e4010d4. Zapisano ni bilo nic.
15:12:29     Prebranih zapisov: 2763; SHA-256: be08d8a2d3bee5c693d2163d04052524a53c0bb1b025aab9c01dd7cd913dbf7f
15:12:29     Ta posnetek je ze v bazi; vir=NW_STOCK, podjetje=2, cas posnetka=2026-09-03 11:37:28Z, uporabljenih=2763, v karanteni=0, RunId=bca39bd0-919e-4233-a1e7-3a36296cff47. Zapisano ni bilo nic.
15:12:30     Prebranih zapisov: 2763; SHA-256: be08d8a2d3bee5c693d2163d04052524a53c0bb1b025aab9c01dd7cd913dbf7f
15:12:30     Ta posnetek je ze v bazi; vir=NW_STOCK, podjetje=3, cas posnetka=2026-09-03 11:37:28Z, uporabljenih=2763, v karanteni=0, RunId=24a0f7fa-e72b-4a55-ba56-9e1a47aa269e. Zapisano ni bilo nic.
15:12:31     Prebranih zapisov: 2763; SHA-256: be08d8a2d3bee5c693d2163d04052524a53c0bb1b025aab9c01dd7cd913dbf7f
15:12:31     Ta posnetek je ze v bazi; vir=NW_STOCK, podjetje=4, cas posnetka=2026-09-03 11:37:28Z, uporabljenih=2763, v karanteni=0, RunId=0d4e6e3f-4f9a-491b-8f1e-a6a20ab29e4f. Zapisano ni bilo nic.
15:12:31     konec: Zaloga NW_STOCK
15:12:31  == Zaloga BT_STOCK ==
15:12:32     SOURCE_FETCH: se ni na vrsti po razporedu; preskoceno.
15:12:33     Prebranih zapisov: 1389; SHA-256: 4863daf0c583920aed10ab742a795b69b2e8f668e941cd31a8389b001e0d97c1
15:12:33     STOCK_FILE pri podjetju 1: se ni na vrsti po razporedu; preskoceno.
15:12:34     Prebranih zapisov: 1389; SHA-256: 4863daf0c583920aed10ab742a795b69b2e8f668e941cd31a8389b001e0d97c1
15:12:34     STOCK_FILE pri podjetju 2: se ni na vrsti po razporedu; preskoceno.
15:12:35     Prebranih zapisov: 1389; SHA-256: 4863daf0c583920aed10ab742a795b69b2e8f668e941cd31a8389b001e0d97c1
15:12:35     STOCK_FILE pri podjetju 3: se ni na vrsti po razporedu; preskoceno.
15:12:36     Prebranih zapisov: 1389; SHA-256: 4863daf0c583920aed10ab742a795b69b2e8f668e941cd31a8389b001e0d97c1
15:12:36     STOCK_FILE pri podjetju 4: se ni na vrsti po razporedu; preskoceno.
15:12:36     konec: Zaloga BT_STOCK
15:12:36  == Zaloga iz SAOP (kolicine) ==
15:12:37     [1] SAOP_STOCK: se ni na vrsti po razporedu; preskoceno.
15:12:37     [2] SAOP_STOCK: se ni na vrsti po razporedu; preskoceno.
15:12:37     [3] SAOP_STOCK: se ni na vrsti po razporedu; preskoceno.
15:12:37     [4] SAOP_STOCK: se ni na vrsti po razporedu; preskoceno.
15:12:37     konec: Zaloga iz SAOP (kolicine)
15:12:37  == Izvoz cen in zaloge za splet ==
15:12:39     Izvoz profila MAGENTO_STOCK_PRICES končan: 352 vrstic v C:\Users\david\Desktop\PIM\NoviPIM\izvoz\magento\1
15:12:43     Izvoz profila MAGENTO_STOCK_PRICES končan: 2071 vrstic v C:\Users\david\Desktop\PIM\NoviPIM\izvoz\magento\2
15:12:46     Izvoz profila MAGENTO_STOCK_PRICES končan: 2488 vrstic v C:\Users\david\Desktop\PIM\NoviPIM\izvoz\magento\3
15:12:47     Izvoz profila MAGENTO_STOCK_PRICES končan: 0 vrstic v C:\Users\david\Desktop\PIM\NoviPIM\izvoz\magento\4
15:12:47     konec: Izvoz cen in zaloge za splet
15:12:47  Zalogovni cikel koncan; padlih korakov: 0.
15:17:26  == Zaloga NW_STOCK ==
15:17:27     SOURCE_FETCH: se ni na vrsti po razporedu; preskoceno.
15:17:28     Prebranih zapisov: 2763; SHA-256: be08d8a2d3bee5c693d2163d04052524a53c0bb1b025aab9c01dd7cd913dbf7f
15:17:28     STOCK_FILE pri podjetju 1: se ni na vrsti po razporedu; preskoceno.
15:17:29     Prebranih zapisov: 2763; SHA-256: be08d8a2d3bee5c693d2163d04052524a53c0bb1b025aab9c01dd7cd913dbf7f
15:17:29     STOCK_FILE pri podjetju 2: se ni na vrsti po razporedu; preskoceno.
15:17:30     Prebranih zapisov: 2763; SHA-256: be08d8a2d3bee5c693d2163d04052524a53c0bb1b025aab9c01dd7cd913dbf7f
15:17:30     STOCK_FILE pri podjetju 3: se ni na vrsti po razporedu; preskoceno.
15:17:31     Prebranih zapisov: 2763; SHA-256: be08d8a2d3bee5c693d2163d04052524a53c0bb1b025aab9c01dd7cd913dbf7f
15:17:31     STOCK_FILE pri podjetju 4: se ni na vrsti po razporedu; preskoceno.
15:17:31     konec: Zaloga NW_STOCK
15:17:31  == Zaloga BT_STOCK ==
15:17:32     [BT_STOCK] preskoceno: Razmik dobavitelja se tece; naslednji prenos po 3. 09. 2026 17:12.
15:17:32     Prevzem koncan: uspesno 0, neuspesno 0, skupaj virov 1.
15:17:33     Prebranih zapisov: 1389; SHA-256: 4863daf0c583920aed10ab742a795b69b2e8f668e941cd31a8389b001e0d97c1
15:17:33     Ta posnetek je ze v bazi; vir=BT_STOCK, podjetje=1, cas posnetka=2026-09-03 12:12:34Z, uporabljenih=1389, v karanteni=0, RunId=409333a6-91c6-4405-90bf-71d70e6eec02. Zapisano ni bilo nic.
15:17:34     Prebranih zapisov: 1389; SHA-256: 4863daf0c583920aed10ab742a795b69b2e8f668e941cd31a8389b001e0d97c1
15:17:34     Ta posnetek je ze v bazi; vir=BT_STOCK, podjetje=2, cas posnetka=2026-09-03 12:12:34Z, uporabljenih=1389, v karanteni=0, RunId=6a7f1372-268f-404d-8847-bff53a2346d4. Zapisano ni bilo nic.
15:17:35     Prebranih zapisov: 1389; SHA-256: 4863daf0c583920aed10ab742a795b69b2e8f668e941cd31a8389b001e0d97c1
15:17:35     Ta posnetek je ze v bazi; vir=BT_STOCK, podjetje=3, cas posnetka=2026-09-03 12:12:34Z, uporabljenih=1389, v karanteni=0, RunId=d30a1a92-04cd-4c80-8f67-aea9040292a3. Zapisano ni bilo nic.
15:17:36     Prebranih zapisov: 1389; SHA-256: 4863daf0c583920aed10ab742a795b69b2e8f668e941cd31a8389b001e0d97c1
15:17:36     Ta posnetek je ze v bazi; vir=BT_STOCK, podjetje=4, cas posnetka=2026-09-03 12:12:34Z, uporabljenih=1389, v karanteni=0, RunId=cdaa4805-a847-4d0b-9e95-55cce30c58bf. Zapisano ni bilo nic.
15:17:36     konec: Zaloga BT_STOCK
15:17:36  == Zaloga iz SAOP (kolicine) ==
15:17:37     [1] SAOP_STOCK: se ni na vrsti po razporedu; preskoceno.
15:17:37     [2] SAOP_STOCK: se ni na vrsti po razporedu; preskoceno.
15:17:37     [3] SAOP_STOCK: se ni na vrsti po razporedu; preskoceno.
15:17:37     [4] SAOP_STOCK: se ni na vrsti po razporedu; preskoceno.
15:17:37     konec: Zaloga iz SAOP (kolicine)
15:17:37  == Izvoz cen in zaloge za splet ==
15:17:39     Izvoz profila MAGENTO_STOCK_PRICES končan: 352 vrstic v C:\Users\david\Desktop\PIM\NoviPIM\izvoz\magento\1
15:17:43     Izvoz profila MAGENTO_STOCK_PRICES končan: 2071 vrstic v C:\Users\david\Desktop\PIM\NoviPIM\izvoz\magento\2
15:17:46     Izvoz profila MAGENTO_STOCK_PRICES končan: 2488 vrstic v C:\Users\david\Desktop\PIM\NoviPIM\izvoz\magento\3
15:17:48     Izvoz profila MAGENTO_STOCK_PRICES končan: 0 vrstic v C:\Users\david\Desktop\PIM\NoviPIM\izvoz\magento\4
15:17:48     konec: Izvoz cen in zaloge za splet
15:17:48  Zalogovni cikel koncan; padlih korakov: 0.
15:22:26  == Zaloga NW_STOCK ==
15:22:27     SOURCE_FETCH: se ni na vrsti po razporedu; preskoceno.
15:22:28     Prebranih zapisov: 2763; SHA-256: be08d8a2d3bee5c693d2163d04052524a53c0bb1b025aab9c01dd7cd913dbf7f
15:22:28     STOCK_FILE pri podjetju 1: se ni na vrsti po razporedu; preskoceno.
15:22:29     Prebranih zapisov: 2763; SHA-256: be08d8a2d3bee5c693d2163d04052524a53c0bb1b025aab9c01dd7cd913dbf7f
15:22:29     STOCK_FILE pri podjetju 2: se ni na vrsti po razporedu; preskoceno.
15:22:30     Prebranih zapisov: 2763; SHA-256: be08d8a2d3bee5c693d2163d04052524a53c0bb1b025aab9c01dd7cd913dbf7f
15:22:30     STOCK_FILE pri podjetju 3: se ni na vrsti po razporedu; preskoceno.
15:22:31     Prebranih zapisov: 2763; SHA-256: be08d8a2d3bee5c693d2163d04052524a53c0bb1b025aab9c01dd7cd913dbf7f
15:22:31     STOCK_FILE pri podjetju 4: se ni na vrsti po razporedu; preskoceno.
15:22:31     konec: Zaloga NW_STOCK
15:22:31  == Zaloga BT_STOCK ==
15:22:32     SOURCE_FETCH: se ni na vrsti po razporedu; preskoceno.
15:22:33     Prebranih zapisov: 1389; SHA-256: 4863daf0c583920aed10ab742a795b69b2e8f668e941cd31a8389b001e0d97c1
15:22:33     STOCK_FILE pri podjetju 1: se ni na vrsti po razporedu; preskoceno.
15:22:34     Prebranih zapisov: 1389; SHA-256: 4863daf0c583920aed10ab742a795b69b2e8f668e941cd31a8389b001e0d97c1
15:22:34     STOCK_FILE pri podjetju 2: se ni na vrsti po razporedu; preskoceno.
15:22:35     Prebranih zapisov: 1389; SHA-256: 4863daf0c583920aed10ab742a795b69b2e8f668e941cd31a8389b001e0d97c1
15:22:35     STOCK_FILE pri podjetju 3: se ni na vrsti po razporedu; preskoceno.
15:22:36     Prebranih zapisov: 1389; SHA-256: 4863daf0c583920aed10ab742a795b69b2e8f668e941cd31a8389b001e0d97c1
15:22:36     STOCK_FILE pri podjetju 4: se ni na vrsti po razporedu; preskoceno.
15:22:36     konec: Zaloga BT_STOCK
15:22:36  == Zaloga iz SAOP (kolicine) ==
15:22:37     [1] SAOP_STOCK: se ni na vrsti po razporedu; preskoceno.
15:22:37     [2] SAOP_STOCK: se ni na vrsti po razporedu; preskoceno.
15:22:37     [3] SAOP_STOCK: se ni na vrsti po razporedu; preskoceno.
15:22:37     [4] SAOP_STOCK: se ni na vrsti po razporedu; preskoceno.
15:22:37     konec: Zaloga iz SAOP (kolicine)
15:22:37  == Izvoz cen in zaloge za splet ==
15:22:39     Izvoz profila MAGENTO_STOCK_PRICES končan: 352 vrstic v C:\Users\david\Desktop\PIM\NoviPIM\izvoz\magento\1
15:22:42     Izvoz profila MAGENTO_STOCK_PRICES končan: 2071 vrstic v C:\Users\david\Desktop\PIM\NoviPIM\izvoz\magento\2
15:22:46     Izvoz profila MAGENTO_STOCK_PRICES končan: 2488 vrstic v C:\Users\david\Desktop\PIM\NoviPIM\izvoz\magento\3
15:22:47     Izvoz profila MAGENTO_STOCK_PRICES končan: 0 vrstic v C:\Users\david\Desktop\PIM\NoviPIM\izvoz\magento\4
15:22:47     konec: Izvoz cen in zaloge za splet
15:22:47  Zalogovni cikel koncan; padlih korakov: 0.
15:27:26  == Zaloga NW_STOCK ==
15:27:27     [NW_STOCK] preskoceno: Razmik dobavitelja se tece; naslednji prenos po 3. 09. 2026 15:37.
15:27:27     Prevzem koncan: uspesno 0, neuspesno 0, skupaj virov 1.
15:27:28     Prebranih zapisov: 2763; SHA-256: be08d8a2d3bee5c693d2163d04052524a53c0bb1b025aab9c01dd7cd913dbf7f
15:27:28     Ta posnetek je ze v bazi; vir=NW_STOCK, podjetje=1, cas posnetka=2026-09-03 11:37:28Z, uporabljenih=2763, v karanteni=0, RunId=79ed261f-7320-4927-86da-73019e4010d4. Zapisano ni bilo nic.
15:27:29     Prebranih zapisov: 2763; SHA-256: be08d8a2d3bee5c693d2163d04052524a53c0bb1b025aab9c01dd7cd913dbf7f
15:27:29     Ta posnetek je ze v bazi; vir=NW_STOCK, podjetje=2, cas posnetka=2026-09-03 11:37:28Z, uporabljenih=2763, v karanteni=0, RunId=bca39bd0-919e-4233-a1e7-3a36296cff47. Zapisano ni bilo nic.
15:27:30     Prebranih zapisov: 2763; SHA-256: be08d8a2d3bee5c693d2163d04052524a53c0bb1b025aab9c01dd7cd913dbf7f
15:27:30     Ta posnetek je ze v bazi; vir=NW_STOCK, podjetje=3, cas posnetka=2026-09-03 11:37:28Z, uporabljenih=2763, v karanteni=0, RunId=24a0f7fa-e72b-4a55-ba56-9e1a47aa269e. Zapisano ni bilo nic.
15:27:31     Prebranih zapisov: 2763; SHA-256: be08d8a2d3bee5c693d2163d04052524a53c0bb1b025aab9c01dd7cd913dbf7f
15:27:31     Ta posnetek je ze v bazi; vir=NW_STOCK, podjetje=4, cas posnetka=2026-09-03 11:37:28Z, uporabljenih=2763, v karanteni=0, RunId=0d4e6e3f-4f9a-491b-8f1e-a6a20ab29e4f. Zapisano ni bilo nic.
15:27:31     konec: Zaloga NW_STOCK
15:27:31  == Zaloga BT_STOCK ==
15:27:32     SOURCE_FETCH: se ni na vrsti po razporedu; preskoceno.
15:27:33     Prebranih zapisov: 1389; SHA-256: 4863daf0c583920aed10ab742a795b69b2e8f668e941cd31a8389b001e0d97c1
15:27:33     STOCK_FILE pri podjetju 1: se ni na vrsti po razporedu; preskoceno.
15:27:34     Prebranih zapisov: 1389; SHA-256: 4863daf0c583920aed10ab742a795b69b2e8f668e941cd31a8389b001e0d97c1
15:27:34     STOCK_FILE pri podjetju 2: se ni na vrsti po razporedu; preskoceno.
15:27:35     Prebranih zapisov: 1389; SHA-256: 4863daf0c583920aed10ab742a795b69b2e8f668e941cd31a8389b001e0d97c1
15:27:35     STOCK_FILE pri podjetju 3: se ni na vrsti po razporedu; preskoceno.
15:27:36     Prebranih zapisov: 1389; SHA-256: 4863daf0c583920aed10ab742a795b69b2e8f668e941cd31a8389b001e0d97c1
15:27:36     STOCK_FILE pri podjetju 4: se ni na vrsti po razporedu; preskoceno.
15:27:36     konec: Zaloga BT_STOCK
15:27:36  == Zaloga iz SAOP (kolicine) ==
15:27:37     [1] SAOP_STOCK: se ni na vrsti po razporedu; preskoceno.
15:27:37     [2] SAOP_STOCK: se ni na vrsti po razporedu; preskoceno.
15:27:37     [3] SAOP_STOCK: se ni na vrsti po razporedu; preskoceno.
15:27:37     [4] SAOP_STOCK: se ni na vrsti po razporedu; preskoceno.
15:27:37     konec: Zaloga iz SAOP (kolicine)
15:27:37  == Izvoz cen in zaloge za splet ==
15:27:39     Izvoz profila MAGENTO_STOCK_PRICES končan: 352 vrstic v C:\Users\david\Desktop\PIM\NoviPIM\izvoz\magento\1
15:27:43     Izvoz profila MAGENTO_STOCK_PRICES končan: 2071 vrstic v C:\Users\david\Desktop\PIM\NoviPIM\izvoz\magento\2
15:27:46     Izvoz profila MAGENTO_STOCK_PRICES končan: 2488 vrstic v C:\Users\david\Desktop\PIM\NoviPIM\izvoz\magento\3
15:27:47     Izvoz profila MAGENTO_STOCK_PRICES končan: 0 vrstic v C:\Users\david\Desktop\PIM\NoviPIM\izvoz\magento\4
15:27:47     konec: Izvoz cen in zaloge za splet
15:27:47  Zalogovni cikel koncan; padlih korakov: 0.
15:32:26  == Zaloga NW_STOCK ==
15:32:27     SOURCE_FETCH: se ni na vrsti po razporedu; preskoceno.
15:32:28     Prebranih zapisov: 2763; SHA-256: be08d8a2d3bee5c693d2163d04052524a53c0bb1b025aab9c01dd7cd913dbf7f
15:32:28     STOCK_FILE pri podjetju 1: se ni na vrsti po razporedu; preskoceno.
15:32:29     Prebranih zapisov: 2763; SHA-256: be08d8a2d3bee5c693d2163d04052524a53c0bb1b025aab9c01dd7cd913dbf7f
15:32:29     STOCK_FILE pri podjetju 2: se ni na vrsti po razporedu; preskoceno.
15:32:30     Prebranih zapisov: 2763; SHA-256: be08d8a2d3bee5c693d2163d04052524a53c0bb1b025aab9c01dd7cd913dbf7f
15:32:30     STOCK_FILE pri podjetju 3: se ni na vrsti po razporedu; preskoceno.
15:32:31     Prebranih zapisov: 2763; SHA-256: be08d8a2d3bee5c693d2163d04052524a53c0bb1b025aab9c01dd7cd913dbf7f
15:32:31     STOCK_FILE pri podjetju 4: se ni na vrsti po razporedu; preskoceno.
15:32:31     konec: Zaloga NW_STOCK
15:32:31  == Zaloga BT_STOCK ==
15:32:32     [BT_STOCK] preskoceno: Razmik dobavitelja se tece; naslednji prenos po 3. 09. 2026 17:12.
15:32:32     Prevzem koncan: uspesno 0, neuspesno 0, skupaj virov 1.
15:32:33     Prebranih zapisov: 1389; SHA-256: 4863daf0c583920aed10ab742a795b69b2e8f668e941cd31a8389b001e0d97c1
15:32:33     Ta posnetek je ze v bazi; vir=BT_STOCK, podjetje=1, cas posnetka=2026-09-03 12:12:34Z, uporabljenih=1389, v karanteni=0, RunId=409333a6-91c6-4405-90bf-71d70e6eec02. Zapisano ni bilo nic.
15:32:34     Prebranih zapisov: 1389; SHA-256: 4863daf0c583920aed10ab742a795b69b2e8f668e941cd31a8389b001e0d97c1
15:32:34     Ta posnetek je ze v bazi; vir=BT_STOCK, podjetje=2, cas posnetka=2026-09-03 12:12:34Z, uporabljenih=1389, v karanteni=0, RunId=6a7f1372-268f-404d-8847-bff53a2346d4. Zapisano ni bilo nic.
15:32:35     Prebranih zapisov: 1389; SHA-256: 4863daf0c583920aed10ab742a795b69b2e8f668e941cd31a8389b001e0d97c1
15:32:35     Ta posnetek je ze v bazi; vir=BT_STOCK, podjetje=3, cas posnetka=2026-09-03 12:12:34Z, uporabljenih=1389, v karanteni=0, RunId=d30a1a92-04cd-4c80-8f67-aea9040292a3. Zapisano ni bilo nic.
15:32:36     Prebranih zapisov: 1389; SHA-256: 4863daf0c583920aed10ab742a795b69b2e8f668e941cd31a8389b001e0d97c1
15:32:36     Ta posnetek je ze v bazi; vir=BT_STOCK, podjetje=4, cas posnetka=2026-09-03 12:12:34Z, uporabljenih=1389, v karanteni=0, RunId=cdaa4805-a847-4d0b-9e95-55cce30c58bf. Zapisano ni bilo nic.
15:32:36     konec: Zaloga BT_STOCK
15:32:36  == Zaloga iz SAOP (kolicine) ==
15:32:37     [1] SAOP_STOCK: se ni na vrsti po razporedu; preskoceno.
15:32:37     [2] SAOP_STOCK: se ni na vrsti po razporedu; preskoceno.
15:32:37     [3] SAOP_STOCK: se ni na vrsti po razporedu; preskoceno.
15:32:37     [4] SAOP_STOCK: se ni na vrsti po razporedu; preskoceno.
15:32:37     konec: Zaloga iz SAOP (kolicine)
15:32:37  == Izvoz cen in zaloge za splet ==
15:32:39     Izvoz profila MAGENTO_STOCK_PRICES končan: 352 vrstic v C:\Users\david\Desktop\PIM\NoviPIM\izvoz\magento\1
15:32:43     Izvoz profila MAGENTO_STOCK_PRICES končan: 2071 vrstic v C:\Users\david\Desktop\PIM\NoviPIM\izvoz\magento\2
15:32:46     Izvoz profila MAGENTO_STOCK_PRICES končan: 2488 vrstic v C:\Users\david\Desktop\PIM\NoviPIM\izvoz\magento\3
15:32:48     Izvoz profila MAGENTO_STOCK_PRICES končan: 0 vrstic v C:\Users\david\Desktop\PIM\NoviPIM\izvoz\magento\4
15:32:48     konec: Izvoz cen in zaloge za splet
15:32:48  Zalogovni cikel koncan; padlih korakov: 0.
15:37:26  == Zaloga NW_STOCK ==
15:37:27     SOURCE_FETCH: se ni na vrsti po razporedu; preskoceno.
15:37:28     Prebranih zapisov: 2763; SHA-256: be08d8a2d3bee5c693d2163d04052524a53c0bb1b025aab9c01dd7cd913dbf7f
15:37:28     STOCK_FILE pri podjetju 1: se ni na vrsti po razporedu; preskoceno.
15:37:29     Prebranih zapisov: 2763; SHA-256: be08d8a2d3bee5c693d2163d04052524a53c0bb1b025aab9c01dd7cd913dbf7f
15:37:29     STOCK_FILE pri podjetju 2: se ni na vrsti po razporedu; preskoceno.
15:37:30     Prebranih zapisov: 2763; SHA-256: be08d8a2d3bee5c693d2163d04052524a53c0bb1b025aab9c01dd7cd913dbf7f
15:37:30     STOCK_FILE pri podjetju 3: se ni na vrsti po razporedu; preskoceno.
15:37:31     Prebranih zapisov: 2763; SHA-256: be08d8a2d3bee5c693d2163d04052524a53c0bb1b025aab9c01dd7cd913dbf7f
15:37:31     STOCK_FILE pri podjetju 4: se ni na vrsti po razporedu; preskoceno.
15:37:31     konec: Zaloga NW_STOCK
15:37:31  == Zaloga BT_STOCK ==
15:37:32     [BT_STOCK] preskoceno: Razmik dobavitelja se tece; naslednji prenos po 3. 09. 2026 17:12.
15:37:32     Prevzem koncan: uspesno 0, neuspesno 0, skupaj virov 1.
15:37:33     Prebranih zapisov: 1389; SHA-256: 4863daf0c583920aed10ab742a795b69b2e8f668e941cd31a8389b001e0d97c1
15:37:33     STOCK_FILE pri podjetju 1: se ni na vrsti po razporedu; preskoceno.
15:37:34     Prebranih zapisov: 1389; SHA-256: 4863daf0c583920aed10ab742a795b69b2e8f668e941cd31a8389b001e0d97c1
15:37:34     STOCK_FILE pri podjetju 2: se ni na vrsti po razporedu; preskoceno.
15:37:35     Prebranih zapisov: 1389; SHA-256: 4863daf0c583920aed10ab742a795b69b2e8f668e941cd31a8389b001e0d97c1
15:37:35     STOCK_FILE pri podjetju 3: se ni na vrsti po razporedu; preskoceno.
15:37:36     Prebranih zapisov: 1389; SHA-256: 4863daf0c583920aed10ab742a795b69b2e8f668e941cd31a8389b001e0d97c1
15:37:36     STOCK_FILE pri podjetju 4: se ni na vrsti po razporedu; preskoceno.
15:37:36     konec: Zaloga BT_STOCK
15:37:36  == Zaloga iz SAOP (kolicine) ==
15:37:37     [1] SAOP_STOCK: se ni na vrsti po razporedu; preskoceno.
15:37:37     [2] SAOP_STOCK: se ni na vrsti po razporedu; preskoceno.
15:37:37     [3] SAOP_STOCK: se ni na vrsti po razporedu; preskoceno.
15:37:37     [4] SAOP_STOCK: se ni na vrsti po razporedu; preskoceno.
15:37:37     konec: Zaloga iz SAOP (kolicine)
15:37:37  == Izvoz cen in zaloge za splet ==
15:37:39     Izvoz profila MAGENTO_STOCK_PRICES končan: 352 vrstic v C:\Users\david\Desktop\PIM\NoviPIM\izvoz\magento\1
15:37:42     Izvoz profila MAGENTO_STOCK_PRICES končan: 2071 vrstic v C:\Users\david\Desktop\PIM\NoviPIM\izvoz\magento\2
15:37:46     Izvoz profila MAGENTO_STOCK_PRICES končan: 2488 vrstic v C:\Users\david\Desktop\PIM\NoviPIM\izvoz\magento\3
15:37:47     Izvoz profila MAGENTO_STOCK_PRICES končan: 0 vrstic v C:\Users\david\Desktop\PIM\NoviPIM\izvoz\magento\4
15:37:47     konec: Izvoz cen in zaloge za splet
15:37:47  Zalogovni cikel koncan; padlih korakov: 0.
15:42:26  == Zaloga NW_STOCK ==
15:42:27     SOURCE_FETCH: se ni na vrsti po razporedu; preskoceno.
15:42:28     Prebranih zapisov: 2763; SHA-256: be08d8a2d3bee5c693d2163d04052524a53c0bb1b025aab9c01dd7cd913dbf7f
15:42:28     Ta posnetek je ze v bazi; vir=NW_STOCK, podjetje=1, cas posnetka=2026-09-03 11:37:28Z, uporabljenih=2763, v karanteni=0, RunId=79ed261f-7320-4927-86da-73019e4010d4. Zapisano ni bilo nic.
15:42:29     Prebranih zapisov: 2763; SHA-256: be08d8a2d3bee5c693d2163d04052524a53c0bb1b025aab9c01dd7cd913dbf7f
15:42:29     Ta posnetek je ze v bazi; vir=NW_STOCK, podjetje=2, cas posnetka=2026-09-03 11:37:28Z, uporabljenih=2763, v karanteni=0, RunId=bca39bd0-919e-4233-a1e7-3a36296cff47. Zapisano ni bilo nic.
15:42:30     Prebranih zapisov: 2763; SHA-256: be08d8a2d3bee5c693d2163d04052524a53c0bb1b025aab9c01dd7cd913dbf7f
15:42:30     Ta posnetek je ze v bazi; vir=NW_STOCK, podjetje=3, cas posnetka=2026-09-03 11:37:28Z, uporabljenih=2763, v karanteni=0, RunId=24a0f7fa-e72b-4a55-ba56-9e1a47aa269e. Zapisano ni bilo nic.
15:42:31     Prebranih zapisov: 2763; SHA-256: be08d8a2d3bee5c693d2163d04052524a53c0bb1b025aab9c01dd7cd913dbf7f
15:42:31     Ta posnetek je ze v bazi; vir=NW_STOCK, podjetje=4, cas posnetka=2026-09-03 11:37:28Z, uporabljenih=2763, v karanteni=0, RunId=0d4e6e3f-4f9a-491b-8f1e-a6a20ab29e4f. Zapisano ni bilo nic.
15:42:31     konec: Zaloga NW_STOCK
15:42:31  == Zaloga BT_STOCK ==
15:42:32     [BT_STOCK] preskoceno: Razmik dobavitelja se tece; naslednji prenos po 3. 09. 2026 17:12.
15:42:32     Prevzem koncan: uspesno 0, neuspesno 0, skupaj virov 1.
15:42:33     Prebranih zapisov: 1389; SHA-256: 4863daf0c583920aed10ab742a795b69b2e8f668e941cd31a8389b001e0d97c1
15:42:33     STOCK_FILE pri podjetju 1: se ni na vrsti po razporedu; preskoceno.
15:42:34     Prebranih zapisov: 1389; SHA-256: 4863daf0c583920aed10ab742a795b69b2e8f668e941cd31a8389b001e0d97c1
15:42:34     STOCK_FILE pri podjetju 2: se ni na vrsti po razporedu; preskoceno.
15:42:35     Prebranih zapisov: 1389; SHA-256: 4863daf0c583920aed10ab742a795b69b2e8f668e941cd31a8389b001e0d97c1
15:42:35     STOCK_FILE pri podjetju 3: se ni na vrsti po razporedu; preskoceno.
15:42:36     Prebranih zapisov: 1389; SHA-256: 4863daf0c583920aed10ab742a795b69b2e8f668e941cd31a8389b001e0d97c1
15:42:36     STOCK_FILE pri podjetju 4: se ni na vrsti po razporedu; preskoceno.
15:42:36     konec: Zaloga BT_STOCK
15:42:36  == Zaloga iz SAOP (kolicine) ==
15:42:37     [1] SAOP_STOCK: se ni na vrsti po razporedu; preskoceno.
15:42:37     [2] SAOP_STOCK: se ni na vrsti po razporedu; preskoceno.
15:42:37     [3] SAOP_STOCK: se ni na vrsti po razporedu; preskoceno.
15:42:37     [4] SAOP_STOCK: se ni na vrsti po razporedu; preskoceno.
15:42:37     konec: Zaloga iz SAOP (kolicine)
15:42:37  == Izvoz cen in zaloge za splet ==
15:42:39     Izvoz profila MAGENTO_STOCK_PRICES končan: 352 vrstic v C:\Users\david\Desktop\PIM\NoviPIM\izvoz\magento\1
15:42:43     Izvoz profila MAGENTO_STOCK_PRICES končan: 2071 vrstic v C:\Users\david\Desktop\PIM\NoviPIM\izvoz\magento\2
15:42:46     Izvoz profila MAGENTO_STOCK_PRICES končan: 2488 vrstic v C:\Users\david\Desktop\PIM\NoviPIM\izvoz\magento\3
15:42:47     Izvoz profila MAGENTO_STOCK_PRICES končan: 0 vrstic v C:\Users\david\Desktop\PIM\NoviPIM\izvoz\magento\4
15:42:47     konec: Izvoz cen in zaloge za splet
15:42:47  Zalogovni cikel koncan; padlih korakov: 0.
15:47:26  == Zaloga NW_STOCK ==
15:47:27     SOURCE_FETCH: se ni na vrsti po razporedu; preskoceno.
15:47:28     Prebranih zapisov: 2763; SHA-256: be08d8a2d3bee5c693d2163d04052524a53c0bb1b025aab9c01dd7cd913dbf7f
15:47:28     Ta posnetek je ze v bazi; vir=NW_STOCK, podjetje=1, cas posnetka=2026-09-03 11:37:28Z, uporabljenih=2763, v karanteni=0, RunId=79ed261f-7320-4927-86da-73019e4010d4. Zapisano ni bilo nic.
15:47:29     Prebranih zapisov: 2763; SHA-256: be08d8a2d3bee5c693d2163d04052524a53c0bb1b025aab9c01dd7cd913dbf7f
15:47:29     Ta posnetek je ze v bazi; vir=NW_STOCK, podjetje=2, cas posnetka=2026-09-03 11:37:28Z, uporabljenih=2763, v karanteni=0, RunId=bca39bd0-919e-4233-a1e7-3a36296cff47. Zapisano ni bilo nic.
15:47:30     Prebranih zapisov: 2763; SHA-256: be08d8a2d3bee5c693d2163d04052524a53c0bb1b025aab9c01dd7cd913dbf7f
15:47:31     Ta posnetek je ze v bazi; vir=NW_STOCK, podjetje=3, cas posnetka=2026-09-03 11:37:28Z, uporabljenih=2763, v karanteni=0, RunId=24a0f7fa-e72b-4a55-ba56-9e1a47aa269e. Zapisano ni bilo nic.
15:47:31     Prebranih zapisov: 2763; SHA-256: be08d8a2d3bee5c693d2163d04052524a53c0bb1b025aab9c01dd7cd913dbf7f
15:47:32     Ta posnetek je ze v bazi; vir=NW_STOCK, podjetje=4, cas posnetka=2026-09-03 11:37:28Z, uporabljenih=2763, v karanteni=0, RunId=0d4e6e3f-4f9a-491b-8f1e-a6a20ab29e4f. Zapisano ni bilo nic.
15:47:32     konec: Zaloga NW_STOCK
15:47:32  == Zaloga BT_STOCK ==
15:47:33     [BT_STOCK] preskoceno: Razmik dobavitelja se tece; naslednji prenos po 3. 09. 2026 17:12.
15:47:33     Prevzem koncan: uspesno 0, neuspesno 0, skupaj virov 1.
15:47:33     Prebranih zapisov: 1389; SHA-256: 4863daf0c583920aed10ab742a795b69b2e8f668e941cd31a8389b001e0d97c1
15:47:34     STOCK_FILE pri podjetju 1: se ni na vrsti po razporedu; preskoceno.
15:47:34     Prebranih zapisov: 1389; SHA-256: 4863daf0c583920aed10ab742a795b69b2e8f668e941cd31a8389b001e0d97c1
15:47:35     STOCK_FILE pri podjetju 2: se ni na vrsti po razporedu; preskoceno.
15:47:35     Prebranih zapisov: 1389; SHA-256: 4863daf0c583920aed10ab742a795b69b2e8f668e941cd31a8389b001e0d97c1
15:47:36     STOCK_FILE pri podjetju 3: se ni na vrsti po razporedu; preskoceno.
15:47:36     Prebranih zapisov: 1389; SHA-256: 4863daf0c583920aed10ab742a795b69b2e8f668e941cd31a8389b001e0d97c1
15:47:36     STOCK_FILE pri podjetju 4: se ni na vrsti po razporedu; preskoceno.
15:47:37     konec: Zaloga BT_STOCK
15:47:37  == Zaloga iz SAOP (kolicine) ==
15:47:37     [1] SAOP_STOCK: se ni na vrsti po razporedu; preskoceno.
15:47:37     [2] SAOP_STOCK: se ni na vrsti po razporedu; preskoceno.
15:47:37     [3] SAOP_STOCK: se ni na vrsti po razporedu; preskoceno.
15:47:37     [4] SAOP_STOCK: se ni na vrsti po razporedu; preskoceno.
15:47:37     konec: Zaloga iz SAOP (kolicine)
15:47:37  == Izvoz cen in zaloge za splet ==
15:47:39     Izvoz profila MAGENTO_STOCK_PRICES končan: 352 vrstic v C:\Users\david\Desktop\PIM\NoviPIM\izvoz\magento\1
15:47:43     Izvoz profila MAGENTO_STOCK_PRICES končan: 2071 vrstic v C:\Users\david\Desktop\PIM\NoviPIM\izvoz\magento\2
15:47:46     Izvoz profila MAGENTO_STOCK_PRICES končan: 2488 vrstic v C:\Users\david\Desktop\PIM\NoviPIM\izvoz\magento\3
15:47:48     Izvoz profila MAGENTO_STOCK_PRICES končan: 0 vrstic v C:\Users\david\Desktop\PIM\NoviPIM\izvoz\magento\4
15:47:48     konec: Izvoz cen in zaloge za splet
15:47:48  Zalogovni cikel koncan; padlih korakov: 0.
15:52:27  == Zaloga NW_STOCK ==
15:52:29     SOURCE_FETCH: se ni na vrsti po razporedu; preskoceno.
15:52:30     Prebranih zapisov: 2763; SHA-256: be08d8a2d3bee5c693d2163d04052524a53c0bb1b025aab9c01dd7cd913dbf7f
15:52:30     Ta posnetek je ze v bazi; vir=NW_STOCK, podjetje=1, cas posnetka=2026-09-03 11:37:28Z, uporabljenih=2763, v karanteni=0, RunId=79ed261f-7320-4927-86da-73019e4010d4. Zapisano ni bilo nic.
15:52:31     Prebranih zapisov: 2763; SHA-256: be08d8a2d3bee5c693d2163d04052524a53c0bb1b025aab9c01dd7cd913dbf7f
15:52:31     Ta posnetek je ze v bazi; vir=NW_STOCK, podjetje=2, cas posnetka=2026-09-03 11:37:28Z, uporabljenih=2763, v karanteni=0, RunId=bca39bd0-919e-4233-a1e7-3a36296cff47. Zapisano ni bilo nic.
15:52:32     Prebranih zapisov: 2763; SHA-256: be08d8a2d3bee5c693d2163d04052524a53c0bb1b025aab9c01dd7cd913dbf7f
15:52:32     Ta posnetek je ze v bazi; vir=NW_STOCK, podjetje=3, cas posnetka=2026-09-03 11:37:28Z, uporabljenih=2763, v karanteni=0, RunId=24a0f7fa-e72b-4a55-ba56-9e1a47aa269e. Zapisano ni bilo nic.
15:52:33     Prebranih zapisov: 2763; SHA-256: be08d8a2d3bee5c693d2163d04052524a53c0bb1b025aab9c01dd7cd913dbf7f
15:52:33     Ta posnetek je ze v bazi; vir=NW_STOCK, podjetje=4, cas posnetka=2026-09-03 11:37:28Z, uporabljenih=2763, v karanteni=0, RunId=0d4e6e3f-4f9a-491b-8f1e-a6a20ab29e4f. Zapisano ni bilo nic.
15:52:33     konec: Zaloga NW_STOCK
15:52:33  == Zaloga BT_STOCK ==
15:52:34     [BT_STOCK] preskoceno: Razmik dobavitelja se tece; naslednji prenos po 3. 09. 2026 17:12.
15:52:34     Prevzem koncan: uspesno 0, neuspesno 0, skupaj virov 1.
15:52:35     Prebranih zapisov: 1389; SHA-256: 4863daf0c583920aed10ab742a795b69b2e8f668e941cd31a8389b001e0d97c1
15:52:35     STOCK_FILE pri podjetju 1: se ni na vrsti po razporedu; preskoceno.
15:52:36     Prebranih zapisov: 1389; SHA-256: 4863daf0c583920aed10ab742a795b69b2e8f668e941cd31a8389b001e0d97c1
15:52:36     STOCK_FILE pri podjetju 2: se ni na vrsti po razporedu; preskoceno.
15:52:37     Prebranih zapisov: 1389; SHA-256: 4863daf0c583920aed10ab742a795b69b2e8f668e941cd31a8389b001e0d97c1
15:52:37     STOCK_FILE pri podjetju 3: se ni na vrsti po razporedu; preskoceno.
15:52:38     Prebranih zapisov: 1389; SHA-256: 4863daf0c583920aed10ab742a795b69b2e8f668e941cd31a8389b001e0d97c1
15:52:38     STOCK_FILE pri podjetju 4: se ni na vrsti po razporedu; preskoceno.
15:52:38     konec: Zaloga BT_STOCK
15:52:38  == Zaloga iz SAOP (kolicine) ==
15:52:39     [1] SAOP_STOCK: se ni na vrsti po razporedu; preskoceno.
15:52:39     [2] SAOP_STOCK: se ni na vrsti po razporedu; preskoceno.
15:52:39     [3] SAOP_STOCK: se ni na vrsti po razporedu; preskoceno.
15:52:39     [4] SAOP_STOCK: se ni na vrsti po razporedu; preskoceno.
15:52:40     konec: Zaloga iz SAOP (kolicine)
15:52:40  == Izvoz cen in zaloge za splet ==
15:52:41     Izvoz profila MAGENTO_STOCK_PRICES končan: 352 vrstic v C:\Users\david\Desktop\PIM\NoviPIM\izvoz\magento\1
15:52:45     Izvoz profila MAGENTO_STOCK_PRICES končan: 2071 vrstic v C:\Users\david\Desktop\PIM\NoviPIM\izvoz\magento\2
15:52:49     Izvoz profila MAGENTO_STOCK_PRICES končan: 2488 vrstic v C:\Users\david\Desktop\PIM\NoviPIM\izvoz\magento\3
15:52:50     Izvoz profila MAGENTO_STOCK_PRICES končan: 0 vrstic v C:\Users\david\Desktop\PIM\NoviPIM\izvoz\magento\4
15:52:50     konec: Izvoz cen in zaloge za splet
15:52:50  Zalogovni cikel koncan; padlih korakov: 0.
15:57:27  == Zaloga NW_STOCK ==
15:57:28     SOURCE_FETCH: se ni na vrsti po razporedu; preskoceno.
15:57:29     Prebranih zapisov: 2763; SHA-256: be08d8a2d3bee5c693d2163d04052524a53c0bb1b025aab9c01dd7cd913dbf7f
15:57:29     STOCK_FILE pri podjetju 1: se ni na vrsti po razporedu; preskoceno.
15:57:30     Prebranih zapisov: 2763; SHA-256: be08d8a2d3bee5c693d2163d04052524a53c0bb1b025aab9c01dd7cd913dbf7f
15:57:30     STOCK_FILE pri podjetju 2: se ni na vrsti po razporedu; preskoceno.
15:57:31     Prebranih zapisov: 2763; SHA-256: be08d8a2d3bee5c693d2163d04052524a53c0bb1b025aab9c01dd7cd913dbf7f
15:57:31     STOCK_FILE pri podjetju 3: se ni na vrsti po razporedu; preskoceno.
15:57:32     Prebranih zapisov: 2763; SHA-256: be08d8a2d3bee5c693d2163d04052524a53c0bb1b025aab9c01dd7cd913dbf7f
15:57:32     STOCK_FILE pri podjetju 4: se ni na vrsti po razporedu; preskoceno.
15:57:32     konec: Zaloga NW_STOCK
15:57:32  == Zaloga BT_STOCK ==
15:57:33     SOURCE_FETCH: se ni na vrsti po razporedu; preskoceno.
15:57:34     Prebranih zapisov: 1389; SHA-256: 4863daf0c583920aed10ab742a795b69b2e8f668e941cd31a8389b001e0d97c1
15:57:34     Ta posnetek je ze v bazi; vir=BT_STOCK, podjetje=1, cas posnetka=2026-09-03 12:12:34Z, uporabljenih=1389, v karanteni=0, RunId=409333a6-91c6-4405-90bf-71d70e6eec02. Zapisano ni bilo nic.
15:57:35     Prebranih zapisov: 1389; SHA-256: 4863daf0c583920aed10ab742a795b69b2e8f668e941cd31a8389b001e0d97c1
15:57:36     Ta posnetek je ze v bazi; vir=BT_STOCK, podjetje=2, cas posnetka=2026-09-03 12:12:34Z, uporabljenih=1389, v karanteni=0, RunId=6a7f1372-268f-404d-8847-bff53a2346d4. Zapisano ni bilo nic.
15:57:36     Prebranih zapisov: 1389; SHA-256: 4863daf0c583920aed10ab742a795b69b2e8f668e941cd31a8389b001e0d97c1
15:57:37     Ta posnetek je ze v bazi; vir=BT_STOCK, podjetje=3, cas posnetka=2026-09-03 12:12:34Z, uporabljenih=1389, v karanteni=0, RunId=d30a1a92-04cd-4c80-8f67-aea9040292a3. Zapisano ni bilo nic.
15:57:37     Prebranih zapisov: 1389; SHA-256: 4863daf0c583920aed10ab742a795b69b2e8f668e941cd31a8389b001e0d97c1
15:57:38     Ta posnetek je ze v bazi; vir=BT_STOCK, podjetje=4, cas posnetka=2026-09-03 12:12:34Z, uporabljenih=1389, v karanteni=0, RunId=cdaa4805-a847-4d0b-9e95-55cce30c58bf. Zapisano ni bilo nic.
15:57:38     konec: Zaloga BT_STOCK
15:57:38  == Zaloga iz SAOP (kolicine) ==
15:57:39     [1] SAOP_STOCK: se ni na vrsti po razporedu; preskoceno.
15:57:39     [2] SAOP_STOCK: se ni na vrsti po razporedu; preskoceno.
15:57:39     [3] SAOP_STOCK: se ni na vrsti po razporedu; preskoceno.
15:57:39     [4] SAOP_STOCK: se ni na vrsti po razporedu; preskoceno.
15:57:39     konec: Zaloga iz SAOP (kolicine)
15:57:39  == Izvoz cen in zaloge za splet ==
15:57:40     Izvoz profila MAGENTO_STOCK_PRICES končan: 352 vrstic v C:\Users\david\Desktop\PIM\NoviPIM\izvoz\magento\1
15:57:44     Izvoz profila MAGENTO_STOCK_PRICES končan: 2071 vrstic v C:\Users\david\Desktop\PIM\NoviPIM\izvoz\magento\2
15:57:48     Izvoz profila MAGENTO_STOCK_PRICES končan: 2488 vrstic v C:\Users\david\Desktop\PIM\NoviPIM\izvoz\magento\3
15:57:49     Izvoz profila MAGENTO_STOCK_PRICES končan: 0 vrstic v C:\Users\david\Desktop\PIM\NoviPIM\izvoz\magento\4
15:57:49     konec: Izvoz cen in zaloge za splet
15:57:49  Zalogovni cikel koncan; padlih korakov: 0.
16:02:26  == Zaloga NW_STOCK ==
16:02:28     [NW_STOCK] prevzeto 87.301 bajtov -> C:\Users\david\Desktop\PIM\NoviPIM\PIM_Solution\data\prevzem\NW_STOCK\nw-zaloga.csv
16:02:28     Prevzem koncan: uspesno 1, neuspesno 0, skupaj virov 1.
16:02:29     Prebranih zapisov: 2763; SHA-256: 49028f1fb4371c406164b186caf4e299276ea96b2b9dc1f6a7e056a73e5fae18
16:02:29     STOCK_FILE pri podjetju 1: se ni na vrsti po razporedu; preskoceno.
16:02:30     Prebranih zapisov: 2763; SHA-256: 49028f1fb4371c406164b186caf4e299276ea96b2b9dc1f6a7e056a73e5fae18
16:02:31     STOCK_FILE pri podjetju 2: se ni na vrsti po razporedu; preskoceno.
16:02:31     Prebranih zapisov: 2763; SHA-256: 49028f1fb4371c406164b186caf4e299276ea96b2b9dc1f6a7e056a73e5fae18
16:02:32     STOCK_FILE pri podjetju 3: se ni na vrsti po razporedu; preskoceno.
16:02:32     Prebranih zapisov: 2763; SHA-256: 49028f1fb4371c406164b186caf4e299276ea96b2b9dc1f6a7e056a73e5fae18
16:02:33     STOCK_FILE pri podjetju 4: se ni na vrsti po razporedu; preskoceno.
16:02:33     konec: Zaloga NW_STOCK
16:02:33  == Zaloga BT_STOCK ==
16:02:34     SOURCE_FETCH: se ni na vrsti po razporedu; preskoceno.
16:02:34     Prebranih zapisov: 1389; SHA-256: 4863daf0c583920aed10ab742a795b69b2e8f668e941cd31a8389b001e0d97c1
16:02:35     Ta posnetek je ze v bazi; vir=BT_STOCK, podjetje=1, cas posnetka=2026-09-03 12:12:34Z, uporabljenih=1389, v karanteni=0, RunId=409333a6-91c6-4405-90bf-71d70e6eec02. Zapisano ni bilo nic.
16:02:36     Prebranih zapisov: 1389; SHA-256: 4863daf0c583920aed10ab742a795b69b2e8f668e941cd31a8389b001e0d97c1
16:02:36     Ta posnetek je ze v bazi; vir=BT_STOCK, podjetje=2, cas posnetka=2026-09-03 12:12:34Z, uporabljenih=1389, v karanteni=0, RunId=6a7f1372-268f-404d-8847-bff53a2346d4. Zapisano ni bilo nic.
16:02:37     Prebranih zapisov: 1389; SHA-256: 4863daf0c583920aed10ab742a795b69b2e8f668e941cd31a8389b001e0d97c1
16:02:37     Ta posnetek je ze v bazi; vir=BT_STOCK, podjetje=3, cas posnetka=2026-09-03 12:12:34Z, uporabljenih=1389, v karanteni=0, RunId=d30a1a92-04cd-4c80-8f67-aea9040292a3. Zapisano ni bilo nic.
16:02:38     Prebranih zapisov: 1389; SHA-256: 4863daf0c583920aed10ab742a795b69b2e8f668e941cd31a8389b001e0d97c1
16:02:38     Ta posnetek je ze v bazi; vir=BT_STOCK, podjetje=4, cas posnetka=2026-09-03 12:12:34Z, uporabljenih=1389, v karanteni=0, RunId=cdaa4805-a847-4d0b-9e95-55cce30c58bf. Zapisano ni bilo nic.
16:02:38     konec: Zaloga BT_STOCK
16:02:38  == Zaloga iz SAOP (kolicine) ==
16:02:39     [1] SAOP_STOCK: se ni na vrsti po razporedu; preskoceno.
16:02:39     [2] SAOP_STOCK: se ni na vrsti po razporedu; preskoceno.
16:02:39     [3] SAOP_STOCK: se ni na vrsti po razporedu; preskoceno.
16:02:39     [4] SAOP_STOCK: se ni na vrsti po razporedu; preskoceno.
16:02:39     konec: Zaloga iz SAOP (kolicine)
16:02:39  == Izvoz cen in zaloge za splet ==
16:02:41     Izvoz profila MAGENTO_STOCK_PRICES končan: 352 vrstic v C:\Users\david\Desktop\PIM\NoviPIM\izvoz\magento\1
16:02:50     Izvoz profila MAGENTO_STOCK_PRICES končan: 2071 vrstic v C:\Users\david\Desktop\PIM\NoviPIM\izvoz\magento\2
16:02:54     Izvoz profila MAGENTO_STOCK_PRICES končan: 2488 vrstic v C:\Users\david\Desktop\PIM\NoviPIM\izvoz\magento\3
16:02:55     Izvoz profila MAGENTO_STOCK_PRICES končan: 0 vrstic v C:\Users\david\Desktop\PIM\NoviPIM\izvoz\magento\4
16:02:55     konec: Izvoz cen in zaloge za splet
16:02:55  Zalogovni cikel koncan; padlih korakov: 0.
16:07:26  == Zaloga NW_STOCK ==
16:07:27     SOURCE_FETCH: se ni na vrsti po razporedu; preskoceno.
16:07:28     Prebranih zapisov: 2763; SHA-256: 49028f1fb4371c406164b186caf4e299276ea96b2b9dc1f6a7e056a73e5fae18
16:07:28     STOCK_FILE pri podjetju 1: se ni na vrsti po razporedu; preskoceno.
16:07:29     Prebranih zapisov: 2763; SHA-256: 49028f1fb4371c406164b186caf4e299276ea96b2b9dc1f6a7e056a73e5fae18
16:07:29     STOCK_FILE pri podjetju 2: se ni na vrsti po razporedu; preskoceno.
16:07:30     Prebranih zapisov: 2763; SHA-256: 49028f1fb4371c406164b186caf4e299276ea96b2b9dc1f6a7e056a73e5fae18
16:07:30     STOCK_FILE pri podjetju 3: se ni na vrsti po razporedu; preskoceno.
16:07:31     Prebranih zapisov: 2763; SHA-256: 49028f1fb4371c406164b186caf4e299276ea96b2b9dc1f6a7e056a73e5fae18
16:07:31     STOCK_FILE pri podjetju 4: se ni na vrsti po razporedu; preskoceno.
16:07:31     konec: Zaloga NW_STOCK
16:07:31  == Zaloga BT_STOCK ==
16:07:32     [BT_STOCK] preskoceno: Razmik dobavitelja se tece; naslednji prenos po 3. 09. 2026 17:12.
16:07:32     Prevzem koncan: uspesno 0, neuspesno 0, skupaj virov 1.
16:07:33     Prebranih zapisov: 1389; SHA-256: 4863daf0c583920aed10ab742a795b69b2e8f668e941cd31a8389b001e0d97c1
16:07:33     STOCK_FILE pri podjetju 1: se ni na vrsti po razporedu; preskoceno.
16:07:34     Prebranih zapisov: 1389; SHA-256: 4863daf0c583920aed10ab742a795b69b2e8f668e941cd31a8389b001e0d97c1
16:07:34     STOCK_FILE pri podjetju 2: se ni na vrsti po razporedu; preskoceno.
16:07:35     Prebranih zapisov: 1389; SHA-256: 4863daf0c583920aed10ab742a795b69b2e8f668e941cd31a8389b001e0d97c1
16:07:35     STOCK_FILE pri podjetju 3: se ni na vrsti po razporedu; preskoceno.
16:07:36     Prebranih zapisov: 1389; SHA-256: 4863daf0c583920aed10ab742a795b69b2e8f668e941cd31a8389b001e0d97c1
16:07:36     STOCK_FILE pri podjetju 4: se ni na vrsti po razporedu; preskoceno.
16:07:36     konec: Zaloga BT_STOCK
16:07:36  == Zaloga iz SAOP (kolicine) ==
16:07:37     [1] SAOP_STOCK: se ni na vrsti po razporedu; preskoceno.
16:07:37     [2] SAOP_STOCK: se ni na vrsti po razporedu; preskoceno.
16:07:37     [3] SAOP_STOCK: se ni na vrsti po razporedu; preskoceno.
16:07:37     [4] SAOP_STOCK: se ni na vrsti po razporedu; preskoceno.
16:07:37     konec: Zaloga iz SAOP (kolicine)
16:07:37  == Izvoz cen in zaloge za splet ==
16:07:39     Izvoz profila MAGENTO_STOCK_PRICES končan: 352 vrstic v C:\Users\david\Desktop\PIM\NoviPIM\izvoz\magento\1
16:07:43     Izvoz profila MAGENTO_STOCK_PRICES končan: 2071 vrstic v C:\Users\david\Desktop\PIM\NoviPIM\izvoz\magento\2
16:07:46     Izvoz profila MAGENTO_STOCK_PRICES končan: 2488 vrstic v C:\Users\david\Desktop\PIM\NoviPIM\izvoz\magento\3
16:07:47     Izvoz profila MAGENTO_STOCK_PRICES končan: 0 vrstic v C:\Users\david\Desktop\PIM\NoviPIM\izvoz\magento\4
16:07:47     konec: Izvoz cen in zaloge za splet
16:07:47  Zalogovni cikel koncan; padlih korakov: 0.
16:12:26  == Zaloga NW_STOCK ==
16:12:27     SOURCE_FETCH: se ni na vrsti po razporedu; preskoceno.
16:12:28     Prebranih zapisov: 2763; SHA-256: 49028f1fb4371c406164b186caf4e299276ea96b2b9dc1f6a7e056a73e5fae18
16:12:30     Zaloga zapisana; vir=NW_STOCK, podjetje=1, uporabljenih=2763, v karanteni=0, RunId=b69b9e58-0435-4a9c-97cf-379160a236ef.
16:12:31     Prebranih zapisov: 2763; SHA-256: 49028f1fb4371c406164b186caf4e299276ea96b2b9dc1f6a7e056a73e5fae18
16:12:32     Zaloga zapisana; vir=NW_STOCK, podjetje=2, uporabljenih=2763, v karanteni=0, RunId=478cdd22-3568-4989-ae00-4137cc45930d.
16:12:33     Prebranih zapisov: 2763; SHA-256: 49028f1fb4371c406164b186caf4e299276ea96b2b9dc1f6a7e056a73e5fae18
16:12:34     Zaloga zapisana; vir=NW_STOCK, podjetje=3, uporabljenih=2763, v karanteni=0, RunId=cca267a5-819b-4189-ab52-2c943e42400b.
16:12:35     Prebranih zapisov: 2763; SHA-256: 49028f1fb4371c406164b186caf4e299276ea96b2b9dc1f6a7e056a73e5fae18
16:12:36     Zaloga zapisana; vir=NW_STOCK, podjetje=4, uporabljenih=2763, v karanteni=0, RunId=3a914165-c00e-40f4-9d02-1e5dcec3b4d2.
16:12:36     konec: Zaloga NW_STOCK
16:12:36  == Zaloga BT_STOCK ==
16:12:37     [BT_STOCK] preskoceno: Razmik dobavitelja se tece; naslednji prenos po 3. 09. 2026 17:12.
16:12:37     Prevzem koncan: uspesno 0, neuspesno 0, skupaj virov 1.
16:12:38     Prebranih zapisov: 1389; SHA-256: 4863daf0c583920aed10ab742a795b69b2e8f668e941cd31a8389b001e0d97c1
16:12:38     STOCK_FILE pri podjetju 1: se ni na vrsti po razporedu; preskoceno.
16:12:39     Prebranih zapisov: 1389; SHA-256: 4863daf0c583920aed10ab742a795b69b2e8f668e941cd31a8389b001e0d97c1
16:12:39     STOCK_FILE pri podjetju 2: se ni na vrsti po razporedu; preskoceno.
16:12:40     Prebranih zapisov: 1389; SHA-256: 4863daf0c583920aed10ab742a795b69b2e8f668e941cd31a8389b001e0d97c1
16:12:40     STOCK_FILE pri podjetju 3: se ni na vrsti po razporedu; preskoceno.
16:12:41     Prebranih zapisov: 1389; SHA-256: 4863daf0c583920aed10ab742a795b69b2e8f668e941cd31a8389b001e0d97c1
16:12:41     STOCK_FILE pri podjetju 4: se ni na vrsti po razporedu; preskoceno.
16:12:41     konec: Zaloga BT_STOCK
16:12:41  == Zaloga iz SAOP (kolicine) ==
16:12:42     [1] SAOP_STOCK: se ni na vrsti po razporedu; preskoceno.
16:12:42     [2] SAOP_STOCK: se ni na vrsti po razporedu; preskoceno.
16:12:42     [3] SAOP_STOCK: se ni na vrsti po razporedu; preskoceno.
16:12:42     [4] SAOP_STOCK: se ni na vrsti po razporedu; preskoceno.
16:12:42     konec: Zaloga iz SAOP (kolicine)
16:12:42  == Izvoz cen in zaloge za splet ==
16:12:44     Izvoz profila MAGENTO_STOCK_PRICES končan: 352 vrstic v C:\Users\david\Desktop\PIM\NoviPIM\izvoz\magento\1
16:12:48     Izvoz profila MAGENTO_STOCK_PRICES končan: 2071 vrstic v C:\Users\david\Desktop\PIM\NoviPIM\izvoz\magento\2
16:12:51     Izvoz profila MAGENTO_STOCK_PRICES končan: 2488 vrstic v C:\Users\david\Desktop\PIM\NoviPIM\izvoz\magento\3
16:12:52     Izvoz profila MAGENTO_STOCK_PRICES končan: 0 vrstic v C:\Users\david\Desktop\PIM\NoviPIM\izvoz\magento\4
16:12:53     konec: Izvoz cen in zaloge za splet
16:12:53  Zalogovni cikel koncan; padlih korakov: 0.
16:17:26  == Zaloga NW_STOCK ==
16:17:27     SOURCE_FETCH: se ni na vrsti po razporedu; preskoceno.
16:17:28     Prebranih zapisov: 2763; SHA-256: 49028f1fb4371c406164b186caf4e299276ea96b2b9dc1f6a7e056a73e5fae18
16:17:28     STOCK_FILE pri podjetju 1: se ni na vrsti po razporedu; preskoceno.
16:17:29     Prebranih zapisov: 2763; SHA-256: 49028f1fb4371c406164b186caf4e299276ea96b2b9dc1f6a7e056a73e5fae18
16:17:29     STOCK_FILE pri podjetju 2: se ni na vrsti po razporedu; preskoceno.
16:17:30     Prebranih zapisov: 2763; SHA-256: 49028f1fb4371c406164b186caf4e299276ea96b2b9dc1f6a7e056a73e5fae18
16:17:30     STOCK_FILE pri podjetju 3: se ni na vrsti po razporedu; preskoceno.
16:17:31     Prebranih zapisov: 2763; SHA-256: 49028f1fb4371c406164b186caf4e299276ea96b2b9dc1f6a7e056a73e5fae18
16:17:31     STOCK_FILE pri podjetju 4: se ni na vrsti po razporedu; preskoceno.
16:17:31     konec: Zaloga NW_STOCK
16:17:31  == Zaloga BT_STOCK ==
16:17:32     SOURCE_FETCH: se ni na vrsti po razporedu; preskoceno.
16:17:33     Prebranih zapisov: 1389; SHA-256: 4863daf0c583920aed10ab742a795b69b2e8f668e941cd31a8389b001e0d97c1
16:17:33     Ta posnetek je ze v bazi; vir=BT_STOCK, podjetje=1, cas posnetka=2026-09-03 12:12:34Z, uporabljenih=1389, v karanteni=0, RunId=409333a6-91c6-4405-90bf-71d70e6eec02. Zapisano ni bilo nic.
16:17:34     Prebranih zapisov: 1389; SHA-256: 4863daf0c583920aed10ab742a795b69b2e8f668e941cd31a8389b001e0d97c1
16:17:34     Ta posnetek je ze v bazi; vir=BT_STOCK, podjetje=2, cas posnetka=2026-09-03 12:12:34Z, uporabljenih=1389, v karanteni=0, RunId=6a7f1372-268f-404d-8847-bff53a2346d4. Zapisano ni bilo nic.
16:17:35     Prebranih zapisov: 1389; SHA-256: 4863daf0c583920aed10ab742a795b69b2e8f668e941cd31a8389b001e0d97c1
16:17:35     Ta posnetek je ze v bazi; vir=BT_STOCK, podjetje=3, cas posnetka=2026-09-03 12:12:34Z, uporabljenih=1389, v karanteni=0, RunId=d30a1a92-04cd-4c80-8f67-aea9040292a3. Zapisano ni bilo nic.
16:17:36     Prebranih zapisov: 1389; SHA-256: 4863daf0c583920aed10ab742a795b69b2e8f668e941cd31a8389b001e0d97c1
16:17:36     Ta posnetek je ze v bazi; vir=BT_STOCK, podjetje=4, cas posnetka=2026-09-03 12:12:34Z, uporabljenih=1389, v karanteni=0, RunId=cdaa4805-a847-4d0b-9e95-55cce30c58bf. Zapisano ni bilo nic.
16:17:36     konec: Zaloga BT_STOCK
16:17:36  == Zaloga iz SAOP (kolicine) ==
16:17:37     [1] SAOP_STOCK: se ni na vrsti po razporedu; preskoceno.
16:17:37     [2] SAOP_STOCK: se ni na vrsti po razporedu; preskoceno.
16:17:37     [3] SAOP_STOCK: se ni na vrsti po razporedu; preskoceno.
16:17:37     [4] SAOP_STOCK: se ni na vrsti po razporedu; preskoceno.
16:17:37     konec: Zaloga iz SAOP (kolicine)
16:17:37  == Izvoz cen in zaloge za splet ==
16:17:39     Izvoz profila MAGENTO_STOCK_PRICES končan: 352 vrstic v C:\Users\david\Desktop\PIM\NoviPIM\izvoz\magento\1
16:17:43     Izvoz profila MAGENTO_STOCK_PRICES končan: 2071 vrstic v C:\Users\david\Desktop\PIM\NoviPIM\izvoz\magento\2
16:17:46     Izvoz profila MAGENTO_STOCK_PRICES končan: 2488 vrstic v C:\Users\david\Desktop\PIM\NoviPIM\izvoz\magento\3
16:17:47     Izvoz profila MAGENTO_STOCK_PRICES končan: 0 vrstic v C:\Users\david\Desktop\PIM\NoviPIM\izvoz\magento\4
16:17:47     konec: Izvoz cen in zaloge za splet
16:17:47  Zalogovni cikel koncan; padlih korakov: 0.
16:22:26  == Zaloga NW_STOCK ==
16:22:27     [NW_STOCK] preskoceno: Razmik dobavitelja se tece; naslednji prenos po 3. 09. 2026 18:02.
16:22:27     Prevzem koncan: uspesno 0, neuspesno 0, skupaj virov 1.
16:22:28     Prebranih zapisov: 2763; SHA-256: 49028f1fb4371c406164b186caf4e299276ea96b2b9dc1f6a7e056a73e5fae18
16:22:28     STOCK_FILE pri podjetju 1: se ni na vrsti po razporedu; preskoceno.
16:22:29     Prebranih zapisov: 2763; SHA-256: 49028f1fb4371c406164b186caf4e299276ea96b2b9dc1f6a7e056a73e5fae18
16:22:29     STOCK_FILE pri podjetju 2: se ni na vrsti po razporedu; preskoceno.
16:22:30     Prebranih zapisov: 2763; SHA-256: 49028f1fb4371c406164b186caf4e299276ea96b2b9dc1f6a7e056a73e5fae18
16:22:30     STOCK_FILE pri podjetju 3: se ni na vrsti po razporedu; preskoceno.
16:22:31     Prebranih zapisov: 2763; SHA-256: 49028f1fb4371c406164b186caf4e299276ea96b2b9dc1f6a7e056a73e5fae18
16:22:31     STOCK_FILE pri podjetju 4: se ni na vrsti po razporedu; preskoceno.
16:22:31     konec: Zaloga NW_STOCK
16:22:31  == Zaloga BT_STOCK ==
16:22:32     SOURCE_FETCH: se ni na vrsti po razporedu; preskoceno.
16:22:33     Prebranih zapisov: 1389; SHA-256: 4863daf0c583920aed10ab742a795b69b2e8f668e941cd31a8389b001e0d97c1
16:22:33     STOCK_FILE pri podjetju 1: se ni na vrsti po razporedu; preskoceno.
16:22:34     Prebranih zapisov: 1389; SHA-256: 4863daf0c583920aed10ab742a795b69b2e8f668e941cd31a8389b001e0d97c1
16:22:34     STOCK_FILE pri podjetju 2: se ni na vrsti po razporedu; preskoceno.
16:22:35     Prebranih zapisov: 1389; SHA-256: 4863daf0c583920aed10ab742a795b69b2e8f668e941cd31a8389b001e0d97c1
16:22:35     STOCK_FILE pri podjetju 3: se ni na vrsti po razporedu; preskoceno.
16:22:36     Prebranih zapisov: 1389; SHA-256: 4863daf0c583920aed10ab742a795b69b2e8f668e941cd31a8389b001e0d97c1
16:22:36     STOCK_FILE pri podjetju 4: se ni na vrsti po razporedu; preskoceno.
16:22:36     konec: Zaloga BT_STOCK
16:22:36  == Zaloga iz SAOP (kolicine) ==
16:22:37     [1] SAOP_STOCK: se ni na vrsti po razporedu; preskoceno.
16:22:37     [2] SAOP_STOCK: se ni na vrsti po razporedu; preskoceno.
16:22:37     [3] SAOP_STOCK: se ni na vrsti po razporedu; preskoceno.
16:22:37     [4] SAOP_STOCK: se ni na vrsti po razporedu; preskoceno.
16:22:37     konec: Zaloga iz SAOP (kolicine)
16:22:37  == Izvoz cen in zaloge za splet ==
16:22:39     Izvoz profila MAGENTO_STOCK_PRICES končan: 352 vrstic v C:\Users\david\Desktop\PIM\NoviPIM\izvoz\magento\1
16:22:42     Izvoz profila MAGENTO_STOCK_PRICES končan: 2071 vrstic v C:\Users\david\Desktop\PIM\NoviPIM\izvoz\magento\2
16:22:46     Izvoz profila MAGENTO_STOCK_PRICES končan: 2488 vrstic v C:\Users\david\Desktop\PIM\NoviPIM\izvoz\magento\3
16:22:47     Izvoz profila MAGENTO_STOCK_PRICES končan: 0 vrstic v C:\Users\david\Desktop\PIM\NoviPIM\izvoz\magento\4
16:22:47     konec: Izvoz cen in zaloge za splet
16:22:47  Zalogovni cikel koncan; padlih korakov: 0.
16:27:26  == Zaloga NW_STOCK ==
16:27:27     SOURCE_FETCH: se ni na vrsti po razporedu; preskoceno.
16:27:28     Prebranih zapisov: 2763; SHA-256: 49028f1fb4371c406164b186caf4e299276ea96b2b9dc1f6a7e056a73e5fae18
16:27:28     Ta posnetek je ze v bazi; vir=NW_STOCK, podjetje=1, cas posnetka=2026-09-03 14:02:28Z, uporabljenih=2763, v karanteni=0, RunId=b69b9e58-0435-4a9c-97cf-379160a236ef. Zapisano ni bilo nic.
16:27:29     Prebranih zapisov: 2763; SHA-256: 49028f1fb4371c406164b186caf4e299276ea96b2b9dc1f6a7e056a73e5fae18
16:27:29     Ta posnetek je ze v bazi; vir=NW_STOCK, podjetje=2, cas posnetka=2026-09-03 14:02:28Z, uporabljenih=2763, v karanteni=0, RunId=478cdd22-3568-4989-ae00-4137cc45930d. Zapisano ni bilo nic.
16:27:30     Prebranih zapisov: 2763; SHA-256: 49028f1fb4371c406164b186caf4e299276ea96b2b9dc1f6a7e056a73e5fae18
16:27:30     Ta posnetek je ze v bazi; vir=NW_STOCK, podjetje=3, cas posnetka=2026-09-03 14:02:28Z, uporabljenih=2763, v karanteni=0, RunId=cca267a5-819b-4189-ab52-2c943e42400b. Zapisano ni bilo nic.
16:27:31     Prebranih zapisov: 2763; SHA-256: 49028f1fb4371c406164b186caf4e299276ea96b2b9dc1f6a7e056a73e5fae18
16:27:31     Ta posnetek je ze v bazi; vir=NW_STOCK, podjetje=4, cas posnetka=2026-09-03 14:02:28Z, uporabljenih=2763, v karanteni=0, RunId=3a914165-c00e-40f4-9d02-1e5dcec3b4d2. Zapisano ni bilo nic.
16:27:32     konec: Zaloga NW_STOCK
16:27:32  == Zaloga BT_STOCK ==
16:27:32     [BT_STOCK] preskoceno: Razmik dobavitelja se tece; naslednji prenos po 3. 09. 2026 17:12.
16:27:32     Prevzem koncan: uspesno 0, neuspesno 0, skupaj virov 1.
16:27:33     Prebranih zapisov: 1389; SHA-256: 4863daf0c583920aed10ab742a795b69b2e8f668e941cd31a8389b001e0d97c1
16:27:33     STOCK_FILE pri podjetju 1: se ni na vrsti po razporedu; preskoceno.
16:27:34     Prebranih zapisov: 1389; SHA-256: 4863daf0c583920aed10ab742a795b69b2e8f668e941cd31a8389b001e0d97c1
16:27:34     STOCK_FILE pri podjetju 2: se ni na vrsti po razporedu; preskoceno.
16:27:35     Prebranih zapisov: 1389; SHA-256: 4863daf0c583920aed10ab742a795b69b2e8f668e941cd31a8389b001e0d97c1
16:27:35     STOCK_FILE pri podjetju 3: se ni na vrsti po razporedu; preskoceno.
16:27:36     Prebranih zapisov: 1389; SHA-256: 4863daf0c583920aed10ab742a795b69b2e8f668e941cd31a8389b001e0d97c1
16:27:36     STOCK_FILE pri podjetju 4: se ni na vrsti po razporedu; preskoceno.
16:27:36     konec: Zaloga BT_STOCK
16:27:36  == Zaloga iz SAOP (kolicine) ==
16:27:37     [1] SAOP_STOCK: se ni na vrsti po razporedu; preskoceno.
16:27:37     [2] SAOP_STOCK: se ni na vrsti po razporedu; preskoceno.
16:27:37     [3] SAOP_STOCK: se ni na vrsti po razporedu; preskoceno.
16:27:37     [4] SAOP_STOCK: se ni na vrsti po razporedu; preskoceno.
16:27:37     konec: Zaloga iz SAOP (kolicine)
16:27:37  == Izvoz cen in zaloge za splet ==
16:27:39     Izvoz profila MAGENTO_STOCK_PRICES končan: 352 vrstic v C:\Users\david\Desktop\PIM\NoviPIM\izvoz\magento\1
16:27:43     Izvoz profila MAGENTO_STOCK_PRICES končan: 2071 vrstic v C:\Users\david\Desktop\PIM\NoviPIM\izvoz\magento\2
16:27:46     Izvoz profila MAGENTO_STOCK_PRICES končan: 2488 vrstic v C:\Users\david\Desktop\PIM\NoviPIM\izvoz\magento\3
16:27:47     Izvoz profila MAGENTO_STOCK_PRICES končan: 0 vrstic v C:\Users\david\Desktop\PIM\NoviPIM\izvoz\magento\4
16:27:47     konec: Izvoz cen in zaloge za splet
16:27:47  Zalogovni cikel koncan; padlih korakov: 0.
16:32:26  == Zaloga NW_STOCK ==
16:32:27     SOURCE_FETCH: se ni na vrsti po razporedu; preskoceno.
16:32:28     Prebranih zapisov: 2763; SHA-256: 49028f1fb4371c406164b186caf4e299276ea96b2b9dc1f6a7e056a73e5fae18
16:32:28     STOCK_FILE pri podjetju 1: se ni na vrsti po razporedu; preskoceno.
16:32:29     Prebranih zapisov: 2763; SHA-256: 49028f1fb4371c406164b186caf4e299276ea96b2b9dc1f6a7e056a73e5fae18
16:32:29     STOCK_FILE pri podjetju 2: se ni na vrsti po razporedu; preskoceno.
16:32:30     Prebranih zapisov: 2763; SHA-256: 49028f1fb4371c406164b186caf4e299276ea96b2b9dc1f6a7e056a73e5fae18
16:32:30     STOCK_FILE pri podjetju 3: se ni na vrsti po razporedu; preskoceno.
16:32:31     Prebranih zapisov: 2763; SHA-256: 49028f1fb4371c406164b186caf4e299276ea96b2b9dc1f6a7e056a73e5fae18
16:32:31     STOCK_FILE pri podjetju 4: se ni na vrsti po razporedu; preskoceno.
16:32:31     konec: Zaloga NW_STOCK
16:32:31  == Zaloga BT_STOCK ==
16:32:32     SOURCE_FETCH: se ni na vrsti po razporedu; preskoceno.
16:32:33     Prebranih zapisov: 1389; SHA-256: 4863daf0c583920aed10ab742a795b69b2e8f668e941cd31a8389b001e0d97c1
16:32:33     Ta posnetek je ze v bazi; vir=BT_STOCK, podjetje=1, cas posnetka=2026-09-03 12:12:34Z, uporabljenih=1389, v karanteni=0, RunId=409333a6-91c6-4405-90bf-71d70e6eec02. Zapisano ni bilo nic.
16:32:34     Prebranih zapisov: 1389; SHA-256: 4863daf0c583920aed10ab742a795b69b2e8f668e941cd31a8389b001e0d97c1
16:32:34     Ta posnetek je ze v bazi; vir=BT_STOCK, podjetje=2, cas posnetka=2026-09-03 12:12:34Z, uporabljenih=1389, v karanteni=0, RunId=6a7f1372-268f-404d-8847-bff53a2346d4. Zapisano ni bilo nic.
16:32:35     Prebranih zapisov: 1389; SHA-256: 4863daf0c583920aed10ab742a795b69b2e8f668e941cd31a8389b001e0d97c1
16:32:35     Ta posnetek je ze v bazi; vir=BT_STOCK, podjetje=3, cas posnetka=2026-09-03 12:12:34Z, uporabljenih=1389, v karanteni=0, RunId=d30a1a92-04cd-4c80-8f67-aea9040292a3. Zapisano ni bilo nic.
16:32:36     Prebranih zapisov: 1389; SHA-256: 4863daf0c583920aed10ab742a795b69b2e8f668e941cd31a8389b001e0d97c1
16:32:36     Ta posnetek je ze v bazi; vir=BT_STOCK, podjetje=4, cas posnetka=2026-09-03 12:12:34Z, uporabljenih=1389, v karanteni=0, RunId=cdaa4805-a847-4d0b-9e95-55cce30c58bf. Zapisano ni bilo nic.
16:32:36     konec: Zaloga BT_STOCK
16:32:36  == Zaloga iz SAOP (kolicine) ==
16:32:37     [1] SAOP_STOCK: se ni na vrsti po razporedu; preskoceno.
16:32:37     [2] SAOP_STOCK: se ni na vrsti po razporedu; preskoceno.
16:32:37     [3] SAOP_STOCK: se ni na vrsti po razporedu; preskoceno.
16:32:37     [4] SAOP_STOCK: se ni na vrsti po razporedu; preskoceno.
16:32:37     konec: Zaloga iz SAOP (kolicine)
16:32:37  == Izvoz cen in zaloge za splet ==
16:32:39     Izvoz profila MAGENTO_STOCK_PRICES končan: 352 vrstic v C:\Users\david\Desktop\PIM\NoviPIM\izvoz\magento\1
16:32:43     Izvoz profila MAGENTO_STOCK_PRICES končan: 2071 vrstic v C:\Users\david\Desktop\PIM\NoviPIM\izvoz\magento\2
16:32:46     Izvoz profila MAGENTO_STOCK_PRICES končan: 2488 vrstic v C:\Users\david\Desktop\PIM\NoviPIM\izvoz\magento\3
16:32:48     Izvoz profila MAGENTO_STOCK_PRICES končan: 0 vrstic v C:\Users\david\Desktop\PIM\NoviPIM\izvoz\magento\4
16:32:48     konec: Izvoz cen in zaloge za splet
16:32:48  Zalogovni cikel koncan; padlih korakov: 0.
16:37:27  == Zaloga NW_STOCK ==
16:37:27     [NW_STOCK] preskoceno: Razmik dobavitelja se tece; naslednji prenos po 3. 09. 2026 18:02.
16:37:27     Prevzem koncan: uspesno 0, neuspesno 0, skupaj virov 1.
16:37:28     Prebranih zapisov: 2763; SHA-256: 49028f1fb4371c406164b186caf4e299276ea96b2b9dc1f6a7e056a73e5fae18
16:37:28     STOCK_FILE pri podjetju 1: se ni na vrsti po razporedu; preskoceno.
16:37:29     Prebranih zapisov: 2763; SHA-256: 49028f1fb4371c406164b186caf4e299276ea96b2b9dc1f6a7e056a73e5fae18
16:37:29     STOCK_FILE pri podjetju 2: se ni na vrsti po razporedu; preskoceno.
16:37:30     Prebranih zapisov: 2763; SHA-256: 49028f1fb4371c406164b186caf4e299276ea96b2b9dc1f6a7e056a73e5fae18
16:37:30     STOCK_FILE pri podjetju 3: se ni na vrsti po razporedu; preskoceno.
16:37:31     Prebranih zapisov: 2763; SHA-256: 49028f1fb4371c406164b186caf4e299276ea96b2b9dc1f6a7e056a73e5fae18
16:37:31     STOCK_FILE pri podjetju 4: se ni na vrsti po razporedu; preskoceno.
16:37:31     konec: Zaloga NW_STOCK
16:37:31  == Zaloga BT_STOCK ==
16:37:32     SOURCE_FETCH: se ni na vrsti po razporedu; preskoceno.
16:37:33     Prebranih zapisov: 1389; SHA-256: 4863daf0c583920aed10ab742a795b69b2e8f668e941cd31a8389b001e0d97c1
16:37:33     Ta posnetek je ze v bazi; vir=BT_STOCK, podjetje=1, cas posnetka=2026-09-03 12:12:34Z, uporabljenih=1389, v karanteni=0, RunId=409333a6-91c6-4405-90bf-71d70e6eec02. Zapisano ni bilo nic.
16:37:34     Prebranih zapisov: 1389; SHA-256: 4863daf0c583920aed10ab742a795b69b2e8f668e941cd31a8389b001e0d97c1
16:37:34     Ta posnetek je ze v bazi; vir=BT_STOCK, podjetje=2, cas posnetka=2026-09-03 12:12:34Z, uporabljenih=1389, v karanteni=0, RunId=6a7f1372-268f-404d-8847-bff53a2346d4. Zapisano ni bilo nic.
16:37:35     Prebranih zapisov: 1389; SHA-256: 4863daf0c583920aed10ab742a795b69b2e8f668e941cd31a8389b001e0d97c1
16:37:35     Ta posnetek je ze v bazi; vir=BT_STOCK, podjetje=3, cas posnetka=2026-09-03 12:12:34Z, uporabljenih=1389, v karanteni=0, RunId=d30a1a92-04cd-4c80-8f67-aea9040292a3. Zapisano ni bilo nic.
16:37:36     Prebranih zapisov: 1389; SHA-256: 4863daf0c583920aed10ab742a795b69b2e8f668e941cd31a8389b001e0d97c1
16:37:36     Ta posnetek je ze v bazi; vir=BT_STOCK, podjetje=4, cas posnetka=2026-09-03 12:12:34Z, uporabljenih=1389, v karanteni=0, RunId=cdaa4805-a847-4d0b-9e95-55cce30c58bf. Zapisano ni bilo nic.
16:37:36     konec: Zaloga BT_STOCK
16:37:36  == Zaloga iz SAOP (kolicine) ==
16:37:37     [1] SAOP_STOCK: se ni na vrsti po razporedu; preskoceno.
16:37:37     [2] SAOP_STOCK: se ni na vrsti po razporedu; preskoceno.
16:37:37     [3] SAOP_STOCK: se ni na vrsti po razporedu; preskoceno.
16:37:37     [4] SAOP_STOCK: se ni na vrsti po razporedu; preskoceno.
16:37:37     konec: Zaloga iz SAOP (kolicine)
16:37:37  == Izvoz cen in zaloge za splet ==
16:37:39     Izvoz profila MAGENTO_STOCK_PRICES končan: 352 vrstic v C:\Users\david\Desktop\PIM\NoviPIM\izvoz\magento\1
16:37:43     Izvoz profila MAGENTO_STOCK_PRICES končan: 2071 vrstic v C:\Users\david\Desktop\PIM\NoviPIM\izvoz\magento\2
16:37:46     Izvoz profila MAGENTO_STOCK_PRICES končan: 2488 vrstic v C:\Users\david\Desktop\PIM\NoviPIM\izvoz\magento\3
16:37:47     Izvoz profila MAGENTO_STOCK_PRICES končan: 0 vrstic v C:\Users\david\Desktop\PIM\NoviPIM\izvoz\magento\4
16:37:48     konec: Izvoz cen in zaloge za splet
16:37:48  Zalogovni cikel koncan; padlih korakov: 0.
16:42:27  == Zaloga NW_STOCK ==
16:42:27     SOURCE_FETCH: se ni na vrsti po razporedu; preskoceno.
16:42:28     Prebranih zapisov: 2763; SHA-256: 49028f1fb4371c406164b186caf4e299276ea96b2b9dc1f6a7e056a73e5fae18
16:42:28     STOCK_FILE pri podjetju 1: se ni na vrsti po razporedu; preskoceno.
16:42:29     Prebranih zapisov: 2763; SHA-256: 49028f1fb4371c406164b186caf4e299276ea96b2b9dc1f6a7e056a73e5fae18
16:42:29     STOCK_FILE pri podjetju 2: se ni na vrsti po razporedu; preskoceno.
16:42:30     Prebranih zapisov: 2763; SHA-256: 49028f1fb4371c406164b186caf4e299276ea96b2b9dc1f6a7e056a73e5fae18
16:42:30     STOCK_FILE pri podjetju 3: se ni na vrsti po razporedu; preskoceno.
16:42:31     Prebranih zapisov: 2763; SHA-256: 49028f1fb4371c406164b186caf4e299276ea96b2b9dc1f6a7e056a73e5fae18
16:42:31     STOCK_FILE pri podjetju 4: se ni na vrsti po razporedu; preskoceno.
16:42:31     konec: Zaloga NW_STOCK
16:42:31  == Zaloga BT_STOCK ==
16:42:32     [BT_STOCK] preskoceno: Razmik dobavitelja se tece; naslednji prenos po 3. 09. 2026 17:12.
16:42:32     Prevzem koncan: uspesno 0, neuspesno 0, skupaj virov 1.
16:42:33     Prebranih zapisov: 1389; SHA-256: 4863daf0c583920aed10ab742a795b69b2e8f668e941cd31a8389b001e0d97c1
16:42:33     Ta posnetek je ze v bazi; vir=BT_STOCK, podjetje=1, cas posnetka=2026-09-03 12:12:34Z, uporabljenih=1389, v karanteni=0, RunId=409333a6-91c6-4405-90bf-71d70e6eec02. Zapisano ni bilo nic.
16:42:34     Prebranih zapisov: 1389; SHA-256: 4863daf0c583920aed10ab742a795b69b2e8f668e941cd31a8389b001e0d97c1
16:42:34     Ta posnetek je ze v bazi; vir=BT_STOCK, podjetje=2, cas posnetka=2026-09-03 12:12:34Z, uporabljenih=1389, v karanteni=0, RunId=6a7f1372-268f-404d-8847-bff53a2346d4. Zapisano ni bilo nic.
16:42:35     Prebranih zapisov: 1389; SHA-256: 4863daf0c583920aed10ab742a795b69b2e8f668e941cd31a8389b001e0d97c1
16:42:35     Ta posnetek je ze v bazi; vir=BT_STOCK, podjetje=3, cas posnetka=2026-09-03 12:12:34Z, uporabljenih=1389, v karanteni=0, RunId=d30a1a92-04cd-4c80-8f67-aea9040292a3. Zapisano ni bilo nic.
16:42:36     Prebranih zapisov: 1389; SHA-256: 4863daf0c583920aed10ab742a795b69b2e8f668e941cd31a8389b001e0d97c1
16:42:37     Ta posnetek je ze v bazi; vir=BT_STOCK, podjetje=4, cas posnetka=2026-09-03 12:12:34Z, uporabljenih=1389, v karanteni=0, RunId=cdaa4805-a847-4d0b-9e95-55cce30c58bf. Zapisano ni bilo nic.
16:42:37     konec: Zaloga BT_STOCK
16:42:37  == Zaloga iz SAOP (kolicine) ==
16:42:37     [1] SAOP_STOCK: se ni na vrsti po razporedu; preskoceno.
16:42:37     [2] SAOP_STOCK: se ni na vrsti po razporedu; preskoceno.
16:42:37     [3] SAOP_STOCK: se ni na vrsti po razporedu; preskoceno.
16:42:37     [4] SAOP_STOCK: se ni na vrsti po razporedu; preskoceno.
16:42:37     konec: Zaloga iz SAOP (kolicine)
16:42:37  == Izvoz cen in zaloge za splet ==
16:42:39     Izvoz profila MAGENTO_STOCK_PRICES končan: 352 vrstic v C:\Users\david\Desktop\PIM\NoviPIM\izvoz\magento\1
16:42:43     Izvoz profila MAGENTO_STOCK_PRICES končan: 2071 vrstic v C:\Users\david\Desktop\PIM\NoviPIM\izvoz\magento\2
16:42:46     Izvoz profila MAGENTO_STOCK_PRICES končan: 2488 vrstic v C:\Users\david\Desktop\PIM\NoviPIM\izvoz\magento\3
16:42:48     Izvoz profila MAGENTO_STOCK_PRICES končan: 0 vrstic v C:\Users\david\Desktop\PIM\NoviPIM\izvoz\magento\4
16:42:48     konec: Izvoz cen in zaloge za splet
16:42:48  Zalogovni cikel koncan; padlih korakov: 0.
16:47:27  == Zaloga NW_STOCK ==
16:47:28     SOURCE_FETCH: se ni na vrsti po razporedu; preskoceno.
16:47:28     Prebranih zapisov: 2763; SHA-256: 49028f1fb4371c406164b186caf4e299276ea96b2b9dc1f6a7e056a73e5fae18
16:47:28     STOCK_FILE pri podjetju 1: se ni na vrsti po razporedu; preskoceno.
16:47:29     Prebranih zapisov: 2763; SHA-256: 49028f1fb4371c406164b186caf4e299276ea96b2b9dc1f6a7e056a73e5fae18
16:47:29     STOCK_FILE pri podjetju 2: se ni na vrsti po razporedu; preskoceno.
16:47:30     Prebranih zapisov: 2763; SHA-256: 49028f1fb4371c406164b186caf4e299276ea96b2b9dc1f6a7e056a73e5fae18
16:47:30     STOCK_FILE pri podjetju 3: se ni na vrsti po razporedu; preskoceno.
16:47:31     Prebranih zapisov: 2763; SHA-256: 49028f1fb4371c406164b186caf4e299276ea96b2b9dc1f6a7e056a73e5fae18
16:47:31     STOCK_FILE pri podjetju 4: se ni na vrsti po razporedu; preskoceno.
16:47:31     konec: Zaloga NW_STOCK
16:47:31  == Zaloga BT_STOCK ==
16:47:32     SOURCE_FETCH: se ni na vrsti po razporedu; preskoceno.
16:47:33     Prebranih zapisov: 1389; SHA-256: 4863daf0c583920aed10ab742a795b69b2e8f668e941cd31a8389b001e0d97c1
16:47:33     STOCK_FILE pri podjetju 1: se ni na vrsti po razporedu; preskoceno.
16:47:34     Prebranih zapisov: 1389; SHA-256: 4863daf0c583920aed10ab742a795b69b2e8f668e941cd31a8389b001e0d97c1
16:47:34     STOCK_FILE pri podjetju 2: se ni na vrsti po razporedu; preskoceno.
16:47:35     Prebranih zapisov: 1389; SHA-256: 4863daf0c583920aed10ab742a795b69b2e8f668e941cd31a8389b001e0d97c1
16:47:35     STOCK_FILE pri podjetju 3: se ni na vrsti po razporedu; preskoceno.
16:47:36     Prebranih zapisov: 1389; SHA-256: 4863daf0c583920aed10ab742a795b69b2e8f668e941cd31a8389b001e0d97c1
16:47:36     STOCK_FILE pri podjetju 4: se ni na vrsti po razporedu; preskoceno.
16:47:36     konec: Zaloga BT_STOCK
16:47:36  == Zaloga iz SAOP (kolicine) ==
16:47:37     [1] SAOP_STOCK: se ni na vrsti po razporedu; preskoceno.
16:47:37     [2] SAOP_STOCK: se ni na vrsti po razporedu; preskoceno.
16:47:37     [3] SAOP_STOCK: se ni na vrsti po razporedu; preskoceno.
16:47:37     [4] SAOP_STOCK: se ni na vrsti po razporedu; preskoceno.
16:47:37     konec: Zaloga iz SAOP (kolicine)
16:47:37  == Izvoz cen in zaloge za splet ==
16:47:39     Izvoz profila MAGENTO_STOCK_PRICES končan: 352 vrstic v C:\Users\david\Desktop\PIM\NoviPIM\izvoz\magento\1
16:47:43     Izvoz profila MAGENTO_STOCK_PRICES končan: 2071 vrstic v C:\Users\david\Desktop\PIM\NoviPIM\izvoz\magento\2
16:47:46     Izvoz profila MAGENTO_STOCK_PRICES končan: 2488 vrstic v C:\Users\david\Desktop\PIM\NoviPIM\izvoz\magento\3
16:47:47     Izvoz profila MAGENTO_STOCK_PRICES končan: 0 vrstic v C:\Users\david\Desktop\PIM\NoviPIM\izvoz\magento\4
16:47:47     konec: Izvoz cen in zaloge za splet
16:47:47  Zalogovni cikel koncan; padlih korakov: 0.
16:52:27  == Zaloga NW_STOCK ==
16:52:27     [NW_STOCK] preskoceno: Razmik dobavitelja se tece; naslednji prenos po 3. 09. 2026 18:02.
16:52:27     Prevzem koncan: uspesno 0, neuspesno 0, skupaj virov 1.
16:52:28     Prebranih zapisov: 2763; SHA-256: 49028f1fb4371c406164b186caf4e299276ea96b2b9dc1f6a7e056a73e5fae18
16:52:29     Ta posnetek je ze v bazi; vir=NW_STOCK, podjetje=1, cas posnetka=2026-09-03 14:02:28Z, uporabljenih=2763, v karanteni=0, RunId=b69b9e58-0435-4a9c-97cf-379160a236ef. Zapisano ni bilo nic.
16:52:29     Prebranih zapisov: 2763; SHA-256: 49028f1fb4371c406164b186caf4e299276ea96b2b9dc1f6a7e056a73e5fae18
16:52:30     Ta posnetek je ze v bazi; vir=NW_STOCK, podjetje=2, cas posnetka=2026-09-03 14:02:28Z, uporabljenih=2763, v karanteni=0, RunId=478cdd22-3568-4989-ae00-4137cc45930d. Zapisano ni bilo nic.
16:52:30     Prebranih zapisov: 2763; SHA-256: 49028f1fb4371c406164b186caf4e299276ea96b2b9dc1f6a7e056a73e5fae18
16:52:31     Ta posnetek je ze v bazi; vir=NW_STOCK, podjetje=3, cas posnetka=2026-09-03 14:02:28Z, uporabljenih=2763, v karanteni=0, RunId=cca267a5-819b-4189-ab52-2c943e42400b. Zapisano ni bilo nic.
16:52:31     Prebranih zapisov: 2763; SHA-256: 49028f1fb4371c406164b186caf4e299276ea96b2b9dc1f6a7e056a73e5fae18
16:52:32     Ta posnetek je ze v bazi; vir=NW_STOCK, podjetje=4, cas posnetka=2026-09-03 14:02:28Z, uporabljenih=2763, v karanteni=0, RunId=3a914165-c00e-40f4-9d02-1e5dcec3b4d2. Zapisano ni bilo nic.
16:52:32     konec: Zaloga NW_STOCK
16:52:32  == Zaloga BT_STOCK ==
16:52:33     SOURCE_FETCH: se ni na vrsti po razporedu; preskoceno.
16:52:33     Prebranih zapisov: 1389; SHA-256: 4863daf0c583920aed10ab742a795b69b2e8f668e941cd31a8389b001e0d97c1
16:52:34     STOCK_FILE pri podjetju 1: se ni na vrsti po razporedu; preskoceno.
16:52:34     Prebranih zapisov: 1389; SHA-256: 4863daf0c583920aed10ab742a795b69b2e8f668e941cd31a8389b001e0d97c1
16:52:34     STOCK_FILE pri podjetju 2: se ni na vrsti po razporedu; preskoceno.
16:52:35     Prebranih zapisov: 1389; SHA-256: 4863daf0c583920aed10ab742a795b69b2e8f668e941cd31a8389b001e0d97c1
16:52:36     STOCK_FILE pri podjetju 3: se ni na vrsti po razporedu; preskoceno.
16:52:36     Prebranih zapisov: 1389; SHA-256: 4863daf0c583920aed10ab742a795b69b2e8f668e941cd31a8389b001e0d97c1
16:52:37     STOCK_FILE pri podjetju 4: se ni na vrsti po razporedu; preskoceno.
16:52:37     konec: Zaloga BT_STOCK
16:52:37  == Zaloga iz SAOP (kolicine) ==
16:52:37     [1] SAOP_STOCK: se ni na vrsti po razporedu; preskoceno.
16:52:38     [2] SAOP_STOCK: se ni na vrsti po razporedu; preskoceno.
16:52:38     [3] SAOP_STOCK: se ni na vrsti po razporedu; preskoceno.
16:52:38     [4] SAOP_STOCK: se ni na vrsti po razporedu; preskoceno.
16:52:38     konec: Zaloga iz SAOP (kolicine)
16:52:38  == Izvoz cen in zaloge za splet ==
16:52:39     Izvoz profila MAGENTO_STOCK_PRICES končan: 352 vrstic v C:\Users\david\Desktop\PIM\NoviPIM\izvoz\magento\1
16:52:43     Izvoz profila MAGENTO_STOCK_PRICES končan: 2071 vrstic v C:\Users\david\Desktop\PIM\NoviPIM\izvoz\magento\2
16:52:46     Izvoz profila MAGENTO_STOCK_PRICES končan: 2488 vrstic v C:\Users\david\Desktop\PIM\NoviPIM\izvoz\magento\3
16:52:48     Izvoz profila MAGENTO_STOCK_PRICES končan: 0 vrstic v C:\Users\david\Desktop\PIM\NoviPIM\izvoz\magento\4
16:52:48     konec: Izvoz cen in zaloge za splet
16:52:48  Zalogovni cikel koncan; padlih korakov: 0.
16:57:27  == Zaloga NW_STOCK ==
16:57:27     SOURCE_FETCH: se ni na vrsti po razporedu; preskoceno.
16:57:28     Prebranih zapisov: 2763; SHA-256: 49028f1fb4371c406164b186caf4e299276ea96b2b9dc1f6a7e056a73e5fae18
16:57:28     STOCK_FILE pri podjetju 1: se ni na vrsti po razporedu; preskoceno.
16:57:29     Prebranih zapisov: 2763; SHA-256: 49028f1fb4371c406164b186caf4e299276ea96b2b9dc1f6a7e056a73e5fae18
16:57:29     STOCK_FILE pri podjetju 2: se ni na vrsti po razporedu; preskoceno.
16:57:30     Prebranih zapisov: 2763; SHA-256: 49028f1fb4371c406164b186caf4e299276ea96b2b9dc1f6a7e056a73e5fae18
16:57:30     STOCK_FILE pri podjetju 3: se ni na vrsti po razporedu; preskoceno.
16:57:31     Prebranih zapisov: 2763; SHA-256: 49028f1fb4371c406164b186caf4e299276ea96b2b9dc1f6a7e056a73e5fae18
16:57:31     STOCK_FILE pri podjetju 4: se ni na vrsti po razporedu; preskoceno.
16:57:31     konec: Zaloga NW_STOCK
16:57:31  == Zaloga BT_STOCK ==
16:57:32     [BT_STOCK] preskoceno: Razmik dobavitelja se tece; naslednji prenos po 3. 09. 2026 17:12.
16:57:32     Prevzem koncan: uspesno 0, neuspesno 0, skupaj virov 1.
16:57:33     Prebranih zapisov: 1389; SHA-256: 4863daf0c583920aed10ab742a795b69b2e8f668e941cd31a8389b001e0d97c1
16:57:33     Ta posnetek je ze v bazi; vir=BT_STOCK, podjetje=1, cas posnetka=2026-09-03 12:12:34Z, uporabljenih=1389, v karanteni=0, RunId=409333a6-91c6-4405-90bf-71d70e6eec02. Zapisano ni bilo nic.
16:57:34     Prebranih zapisov: 1389; SHA-256: 4863daf0c583920aed10ab742a795b69b2e8f668e941cd31a8389b001e0d97c1
16:57:34     Ta posnetek je ze v bazi; vir=BT_STOCK, podjetje=2, cas posnetka=2026-09-03 12:12:34Z, uporabljenih=1389, v karanteni=0, RunId=6a7f1372-268f-404d-8847-bff53a2346d4. Zapisano ni bilo nic.
16:57:35     Prebranih zapisov: 1389; SHA-256: 4863daf0c583920aed10ab742a795b69b2e8f668e941cd31a8389b001e0d97c1
16:57:35     Ta posnetek je ze v bazi; vir=BT_STOCK, podjetje=3, cas posnetka=2026-09-03 12:12:34Z, uporabljenih=1389, v karanteni=0, RunId=d30a1a92-04cd-4c80-8f67-aea9040292a3. Zapisano ni bilo nic.
16:57:36     Prebranih zapisov: 1389; SHA-256: 4863daf0c583920aed10ab742a795b69b2e8f668e941cd31a8389b001e0d97c1
16:57:36     Ta posnetek je ze v bazi; vir=BT_STOCK, podjetje=4, cas posnetka=2026-09-03 12:12:34Z, uporabljenih=1389, v karanteni=0, RunId=cdaa4805-a847-4d0b-9e95-55cce30c58bf. Zapisano ni bilo nic.
16:57:36     konec: Zaloga BT_STOCK
16:57:36  == Zaloga iz SAOP (kolicine) ==
16:57:37     [1] SAOP_STOCK: se ni na vrsti po razporedu; preskoceno.
16:57:37     [2] SAOP_STOCK: se ni na vrsti po razporedu; preskoceno.
16:57:37     [3] SAOP_STOCK: se ni na vrsti po razporedu; preskoceno.
16:57:37     [4] SAOP_STOCK: se ni na vrsti po razporedu; preskoceno.
16:57:37     konec: Zaloga iz SAOP (kolicine)
16:57:37  == Izvoz cen in zaloge za splet ==
16:57:39     Izvoz profila MAGENTO_STOCK_PRICES končan: 352 vrstic v C:\Users\david\Desktop\PIM\NoviPIM\izvoz\magento\1
16:57:43     Izvoz profila MAGENTO_STOCK_PRICES končan: 2071 vrstic v C:\Users\david\Desktop\PIM\NoviPIM\izvoz\magento\2
16:57:46     Izvoz profila MAGENTO_STOCK_PRICES končan: 2488 vrstic v C:\Users\david\Desktop\PIM\NoviPIM\izvoz\magento\3
16:57:47     Izvoz profila MAGENTO_STOCK_PRICES končan: 0 vrstic v C:\Users\david\Desktop\PIM\NoviPIM\izvoz\magento\4
16:57:48     konec: Izvoz cen in zaloge za splet
16:57:48  Zalogovni cikel koncan; padlih korakov: 0.
17:02:27  == Zaloga NW_STOCK ==
17:02:27     SOURCE_FETCH: se ni na vrsti po razporedu; preskoceno.
17:02:28     Prebranih zapisov: 2763; SHA-256: 49028f1fb4371c406164b186caf4e299276ea96b2b9dc1f6a7e056a73e5fae18
17:02:28     STOCK_FILE pri podjetju 1: se ni na vrsti po razporedu; preskoceno.
17:02:29     Prebranih zapisov: 2763; SHA-256: 49028f1fb4371c406164b186caf4e299276ea96b2b9dc1f6a7e056a73e5fae18
17:02:29     STOCK_FILE pri podjetju 2: se ni na vrsti po razporedu; preskoceno.
17:02:30     Prebranih zapisov: 2763; SHA-256: 49028f1fb4371c406164b186caf4e299276ea96b2b9dc1f6a7e056a73e5fae18
17:02:30     STOCK_FILE pri podjetju 3: se ni na vrsti po razporedu; preskoceno.
17:02:31     Prebranih zapisov: 2763; SHA-256: 49028f1fb4371c406164b186caf4e299276ea96b2b9dc1f6a7e056a73e5fae18
17:02:31     STOCK_FILE pri podjetju 4: se ni na vrsti po razporedu; preskoceno.
17:02:31     konec: Zaloga NW_STOCK
17:02:31  == Zaloga BT_STOCK ==
17:02:32     SOURCE_FETCH: se ni na vrsti po razporedu; preskoceno.
17:02:33     Prebranih zapisov: 1389; SHA-256: 4863daf0c583920aed10ab742a795b69b2e8f668e941cd31a8389b001e0d97c1
17:02:33     STOCK_FILE pri podjetju 1: se ni na vrsti po razporedu; preskoceno.
17:02:34     Prebranih zapisov: 1389; SHA-256: 4863daf0c583920aed10ab742a795b69b2e8f668e941cd31a8389b001e0d97c1
17:02:34     STOCK_FILE pri podjetju 2: se ni na vrsti po razporedu; preskoceno.
17:02:35     Prebranih zapisov: 1389; SHA-256: 4863daf0c583920aed10ab742a795b69b2e8f668e941cd31a8389b001e0d97c1
17:02:35     STOCK_FILE pri podjetju 3: se ni na vrsti po razporedu; preskoceno.
17:02:36     Prebranih zapisov: 1389; SHA-256: 4863daf0c583920aed10ab742a795b69b2e8f668e941cd31a8389b001e0d97c1
17:02:36     STOCK_FILE pri podjetju 4: se ni na vrsti po razporedu; preskoceno.
17:02:36     konec: Zaloga BT_STOCK
17:02:36  == Zaloga iz SAOP (kolicine) ==
17:02:37     [1] SAOP_STOCK: se ni na vrsti po razporedu; preskoceno.
17:02:37     [2] SAOP_STOCK: se ni na vrsti po razporedu; preskoceno.
17:02:37     [3] SAOP_STOCK: se ni na vrsti po razporedu; preskoceno.
17:02:37     [4] SAOP_STOCK: se ni na vrsti po razporedu; preskoceno.
17:02:37     konec: Zaloga iz SAOP (kolicine)
17:02:37  == Izvoz cen in zaloge za splet ==
17:02:39     Izvoz profila MAGENTO_STOCK_PRICES končan: 352 vrstic v C:\Users\david\Desktop\PIM\NoviPIM\izvoz\magento\1
17:02:42     Izvoz profila MAGENTO_STOCK_PRICES končan: 2071 vrstic v C:\Users\david\Desktop\PIM\NoviPIM\izvoz\magento\2
17:02:46     Izvoz profila MAGENTO_STOCK_PRICES končan: 2488 vrstic v C:\Users\david\Desktop\PIM\NoviPIM\izvoz\magento\3
17:02:47     Izvoz profila MAGENTO_STOCK_PRICES končan: 0 vrstic v C:\Users\david\Desktop\PIM\NoviPIM\izvoz\magento\4
17:02:47     konec: Izvoz cen in zaloge za splet
17:02:47  Zalogovni cikel koncan; padlih korakov: 0.
17:07:27  == Zaloga NW_STOCK ==
17:07:28     [NW_STOCK] preskoceno: Razmik dobavitelja se tece; naslednji prenos po 3. 09. 2026 18:02.
17:07:28     Prevzem koncan: uspesno 0, neuspesno 0, skupaj virov 1.
17:07:28     Prebranih zapisov: 2763; SHA-256: 49028f1fb4371c406164b186caf4e299276ea96b2b9dc1f6a7e056a73e5fae18
17:07:29     Ta posnetek je ze v bazi; vir=NW_STOCK, podjetje=1, cas posnetka=2026-09-03 14:02:28Z, uporabljenih=2763, v karanteni=0, RunId=b69b9e58-0435-4a9c-97cf-379160a236ef. Zapisano ni bilo nic.
17:07:29     Prebranih zapisov: 2763; SHA-256: 49028f1fb4371c406164b186caf4e299276ea96b2b9dc1f6a7e056a73e5fae18
17:07:30     Ta posnetek je ze v bazi; vir=NW_STOCK, podjetje=2, cas posnetka=2026-09-03 14:02:28Z, uporabljenih=2763, v karanteni=0, RunId=478cdd22-3568-4989-ae00-4137cc45930d. Zapisano ni bilo nic.
17:07:30     Prebranih zapisov: 2763; SHA-256: 49028f1fb4371c406164b186caf4e299276ea96b2b9dc1f6a7e056a73e5fae18
17:07:31     Ta posnetek je ze v bazi; vir=NW_STOCK, podjetje=3, cas posnetka=2026-09-03 14:02:28Z, uporabljenih=2763, v karanteni=0, RunId=cca267a5-819b-4189-ab52-2c943e42400b. Zapisano ni bilo nic.
17:07:31     Prebranih zapisov: 2763; SHA-256: 49028f1fb4371c406164b186caf4e299276ea96b2b9dc1f6a7e056a73e5fae18
17:07:32     Ta posnetek je ze v bazi; vir=NW_STOCK, podjetje=4, cas posnetka=2026-09-03 14:02:28Z, uporabljenih=2763, v karanteni=0, RunId=3a914165-c00e-40f4-9d02-1e5dcec3b4d2. Zapisano ni bilo nic.
17:07:32     konec: Zaloga NW_STOCK
17:07:32  == Zaloga BT_STOCK ==
17:07:33     SOURCE_FETCH: se ni na vrsti po razporedu; preskoceno.
17:07:33     Prebranih zapisov: 1389; SHA-256: 4863daf0c583920aed10ab742a795b69b2e8f668e941cd31a8389b001e0d97c1
17:07:34     STOCK_FILE pri podjetju 1: se ni na vrsti po razporedu; preskoceno.
17:07:34     Prebranih zapisov: 1389; SHA-256: 4863daf0c583920aed10ab742a795b69b2e8f668e941cd31a8389b001e0d97c1
17:07:35     STOCK_FILE pri podjetju 2: se ni na vrsti po razporedu; preskoceno.
17:07:35     Prebranih zapisov: 1389; SHA-256: 4863daf0c583920aed10ab742a795b69b2e8f668e941cd31a8389b001e0d97c1
17:07:36     STOCK_FILE pri podjetju 3: se ni na vrsti po razporedu; preskoceno.
17:07:36     Prebranih zapisov: 1389; SHA-256: 4863daf0c583920aed10ab742a795b69b2e8f668e941cd31a8389b001e0d97c1
17:07:36     STOCK_FILE pri podjetju 4: se ni na vrsti po razporedu; preskoceno.
17:07:37     konec: Zaloga BT_STOCK
17:07:37  == Zaloga iz SAOP (kolicine) ==
17:07:37     [1] SAOP_STOCK: se ni na vrsti po razporedu; preskoceno.
17:07:37     [2] SAOP_STOCK: se ni na vrsti po razporedu; preskoceno.
17:07:37     [3] SAOP_STOCK: se ni na vrsti po razporedu; preskoceno.
17:07:37     [4] SAOP_STOCK: se ni na vrsti po razporedu; preskoceno.
17:07:37     konec: Zaloga iz SAOP (kolicine)
17:07:37  == Izvoz cen in zaloge za splet ==
17:07:39     Izvoz profila MAGENTO_STOCK_PRICES končan: 352 vrstic v C:\Users\david\Desktop\PIM\NoviPIM\izvoz\magento\1
17:07:43     Izvoz profila MAGENTO_STOCK_PRICES končan: 2071 vrstic v C:\Users\david\Desktop\PIM\NoviPIM\izvoz\magento\2
17:07:46     Izvoz profila MAGENTO_STOCK_PRICES končan: 2488 vrstic v C:\Users\david\Desktop\PIM\NoviPIM\izvoz\magento\3
17:07:47     Izvoz profila MAGENTO_STOCK_PRICES končan: 0 vrstic v C:\Users\david\Desktop\PIM\NoviPIM\izvoz\magento\4
17:07:48     konec: Izvoz cen in zaloge za splet
17:07:48  Zalogovni cikel koncan; padlih korakov: 0.
17:12:27  == Zaloga NW_STOCK ==
17:12:27     SOURCE_FETCH: se ni na vrsti po razporedu; preskoceno.
17:12:28     Prebranih zapisov: 2763; SHA-256: 49028f1fb4371c406164b186caf4e299276ea96b2b9dc1f6a7e056a73e5fae18
17:12:28     STOCK_FILE pri podjetju 1: se ni na vrsti po razporedu; preskoceno.
17:12:29     Prebranih zapisov: 2763; SHA-256: 49028f1fb4371c406164b186caf4e299276ea96b2b9dc1f6a7e056a73e5fae18
17:12:29     STOCK_FILE pri podjetju 2: se ni na vrsti po razporedu; preskoceno.
17:12:30     Prebranih zapisov: 2763; SHA-256: 49028f1fb4371c406164b186caf4e299276ea96b2b9dc1f6a7e056a73e5fae18
17:12:30     STOCK_FILE pri podjetju 3: se ni na vrsti po razporedu; preskoceno.
17:12:31     Prebranih zapisov: 2763; SHA-256: 49028f1fb4371c406164b186caf4e299276ea96b2b9dc1f6a7e056a73e5fae18
17:12:31     STOCK_FILE pri podjetju 4: se ni na vrsti po razporedu; preskoceno.
17:12:31     konec: Zaloga NW_STOCK
17:12:31  == Zaloga BT_STOCK ==
17:12:32     [BT_STOCK] preskoceno: Razmik dobavitelja se tece; naslednji prenos po 3. 09. 2026 17:12.
17:12:32     Prevzem koncan: uspesno 0, neuspesno 0, skupaj virov 1.
17:12:33     Prebranih zapisov: 1389; SHA-256: 4863daf0c583920aed10ab742a795b69b2e8f668e941cd31a8389b001e0d97c1
17:12:33     Ta posnetek je ze v bazi; vir=BT_STOCK, podjetje=1, cas posnetka=2026-09-03 12:12:34Z, uporabljenih=1389, v karanteni=0, RunId=409333a6-91c6-4405-90bf-71d70e6eec02. Zapisano ni bilo nic.
17:12:34     Prebranih zapisov: 1389; SHA-256: 4863daf0c583920aed10ab742a795b69b2e8f668e941cd31a8389b001e0d97c1
17:12:34     Ta posnetek je ze v bazi; vir=BT_STOCK, podjetje=2, cas posnetka=2026-09-03 12:12:34Z, uporabljenih=1389, v karanteni=0, RunId=6a7f1372-268f-404d-8847-bff53a2346d4. Zapisano ni bilo nic.
17:12:35     Prebranih zapisov: 1389; SHA-256: 4863daf0c583920aed10ab742a795b69b2e8f668e941cd31a8389b001e0d97c1
17:12:35     Ta posnetek je ze v bazi; vir=BT_STOCK, podjetje=3, cas posnetka=2026-09-03 12:12:34Z, uporabljenih=1389, v karanteni=0, RunId=d30a1a92-04cd-4c80-8f67-aea9040292a3. Zapisano ni bilo nic.
17:12:36     Prebranih zapisov: 1389; SHA-256: 4863daf0c583920aed10ab742a795b69b2e8f668e941cd31a8389b001e0d97c1
17:12:36     Ta posnetek je ze v bazi; vir=BT_STOCK, podjetje=4, cas posnetka=2026-09-03 12:12:34Z, uporabljenih=1389, v karanteni=0, RunId=cdaa4805-a847-4d0b-9e95-55cce30c58bf. Zapisano ni bilo nic.
17:12:36     konec: Zaloga BT_STOCK
17:12:36  == Zaloga iz SAOP (kolicine) ==
17:12:37     [1] SAOP_STOCK: se ni na vrsti po razporedu; preskoceno.
17:12:37     [2] SAOP_STOCK: se ni na vrsti po razporedu; preskoceno.
17:12:37     [3] SAOP_STOCK: se ni na vrsti po razporedu; preskoceno.
17:12:37     [4] SAOP_STOCK: se ni na vrsti po razporedu; preskoceno.
17:12:37     konec: Zaloga iz SAOP (kolicine)
17:12:37  == Izvoz cen in zaloge za splet ==
17:12:39     Izvoz profila MAGENTO_STOCK_PRICES končan: 352 vrstic v C:\Users\david\Desktop\PIM\NoviPIM\izvoz\magento\1
17:12:43     Izvoz profila MAGENTO_STOCK_PRICES končan: 2071 vrstic v C:\Users\david\Desktop\PIM\NoviPIM\izvoz\magento\2
17:12:46     Izvoz profila MAGENTO_STOCK_PRICES končan: 2488 vrstic v C:\Users\david\Desktop\PIM\NoviPIM\izvoz\magento\3
17:12:47     Izvoz profila MAGENTO_STOCK_PRICES končan: 0 vrstic v C:\Users\david\Desktop\PIM\NoviPIM\izvoz\magento\4
17:12:48     konec: Izvoz cen in zaloge za splet
17:12:48  Zalogovni cikel koncan; padlih korakov: 0.
17:17:27  == Zaloga NW_STOCK ==
17:17:28     SOURCE_FETCH: se ni na vrsti po razporedu; preskoceno.
17:17:28     Prebranih zapisov: 2763; SHA-256: 49028f1fb4371c406164b186caf4e299276ea96b2b9dc1f6a7e056a73e5fae18
17:17:28     STOCK_FILE pri podjetju 1: se ni na vrsti po razporedu; preskoceno.
17:17:29     Prebranih zapisov: 2763; SHA-256: 49028f1fb4371c406164b186caf4e299276ea96b2b9dc1f6a7e056a73e5fae18
17:17:29     STOCK_FILE pri podjetju 2: se ni na vrsti po razporedu; preskoceno.
17:17:30     Prebranih zapisov: 2763; SHA-256: 49028f1fb4371c406164b186caf4e299276ea96b2b9dc1f6a7e056a73e5fae18
17:17:30     STOCK_FILE pri podjetju 3: se ni na vrsti po razporedu; preskoceno.
17:17:31     Prebranih zapisov: 2763; SHA-256: 49028f1fb4371c406164b186caf4e299276ea96b2b9dc1f6a7e056a73e5fae18
17:17:31     STOCK_FILE pri podjetju 4: se ni na vrsti po razporedu; preskoceno.
17:17:31     konec: Zaloga NW_STOCK
17:17:31  == Zaloga BT_STOCK ==
17:17:35     [BT_STOCK] prevzeto 1.588.115 bajtov -> C:\Users\david\Desktop\PIM\NoviPIM\PIM_Solution\data\prevzem\BT_STOCK\braytron-zaloga.xml
17:17:35     Prevzem koncan: uspesno 1, neuspesno 0, skupaj virov 1.
17:17:36     Prebranih zapisov: 1389; SHA-256: 87dc96ff135a90ff21281cf2e3d01cba9b89e36308560bfd15167c9a03d703ba
17:17:37     Zaloga zapisana; vir=BT_STOCK, podjetje=1, uporabljenih=1389, v karanteni=0, RunId=5e288d2d-98ef-40e1-b33c-663e6d513e74.
17:17:37     Prebranih zapisov: 1389; SHA-256: 87dc96ff135a90ff21281cf2e3d01cba9b89e36308560bfd15167c9a03d703ba
17:17:38     Zaloga zapisana; vir=BT_STOCK, podjetje=2, uporabljenih=1389, v karanteni=0, RunId=3496c976-0c49-45c5-9f74-0ffd35e5d443.
17:17:39     Prebranih zapisov: 1389; SHA-256: 87dc96ff135a90ff21281cf2e3d01cba9b89e36308560bfd15167c9a03d703ba
17:17:40     Zaloga zapisana; vir=BT_STOCK, podjetje=3, uporabljenih=1389, v karanteni=0, RunId=3dd9ac1c-09dd-4827-b930-eb014cdb2746.
17:17:41     Prebranih zapisov: 1389; SHA-256: 87dc96ff135a90ff21281cf2e3d01cba9b89e36308560bfd15167c9a03d703ba
17:17:42     Zaloga zapisana; vir=BT_STOCK, podjetje=4, uporabljenih=1389, v karanteni=0, RunId=bec7f147-9b63-48d7-a0cc-8df0cb029c6c.
17:17:42     konec: Zaloga BT_STOCK
17:17:42  == Zaloga iz SAOP (kolicine) ==
17:17:42     [1] SAOP_STOCK: se ni na vrsti po razporedu; preskoceno.
17:17:42     [2] SAOP_STOCK: se ni na vrsti po razporedu; preskoceno.
17:17:42     [3] SAOP_STOCK: se ni na vrsti po razporedu; preskoceno.
17:17:42     [4] SAOP_STOCK: se ni na vrsti po razporedu; preskoceno.
17:17:43     konec: Zaloga iz SAOP (kolicine)
17:17:43  == Izvoz cen in zaloge za splet ==
17:17:44     Izvoz profila MAGENTO_STOCK_PRICES končan: 352 vrstic v C:\Users\david\Desktop\PIM\NoviPIM\izvoz\magento\1
17:17:48     Izvoz profila MAGENTO_STOCK_PRICES končan: 2071 vrstic v C:\Users\david\Desktop\PIM\NoviPIM\izvoz\magento\2
17:17:51     Izvoz profila MAGENTO_STOCK_PRICES končan: 2488 vrstic v C:\Users\david\Desktop\PIM\NoviPIM\izvoz\magento\3
17:17:53     Izvoz profila MAGENTO_STOCK_PRICES končan: 0 vrstic v C:\Users\david\Desktop\PIM\NoviPIM\izvoz\magento\4
17:17:53     konec: Izvoz cen in zaloge za splet
17:17:53  Zalogovni cikel koncan; padlih korakov: 0.
17:22:27  == Zaloga NW_STOCK ==
17:22:28     SOURCE_FETCH: se ni na vrsti po razporedu; preskoceno.
17:22:28     Prebranih zapisov: 2763; SHA-256: 49028f1fb4371c406164b186caf4e299276ea96b2b9dc1f6a7e056a73e5fae18
17:22:28     STOCK_FILE pri podjetju 1: se ni na vrsti po razporedu; preskoceno.
17:22:29     Prebranih zapisov: 2763; SHA-256: 49028f1fb4371c406164b186caf4e299276ea96b2b9dc1f6a7e056a73e5fae18
17:22:29     STOCK_FILE pri podjetju 2: se ni na vrsti po razporedu; preskoceno.
17:22:30     Prebranih zapisov: 2763; SHA-256: 49028f1fb4371c406164b186caf4e299276ea96b2b9dc1f6a7e056a73e5fae18
17:22:30     STOCK_FILE pri podjetju 3: se ni na vrsti po razporedu; preskoceno.
17:22:31     Prebranih zapisov: 2763; SHA-256: 49028f1fb4371c406164b186caf4e299276ea96b2b9dc1f6a7e056a73e5fae18
17:22:31     STOCK_FILE pri podjetju 4: se ni na vrsti po razporedu; preskoceno.
17:22:31     konec: Zaloga NW_STOCK
17:22:31  == Zaloga BT_STOCK ==
17:22:32     SOURCE_FETCH: se ni na vrsti po razporedu; preskoceno.
17:22:33     Prebranih zapisov: 1389; SHA-256: 87dc96ff135a90ff21281cf2e3d01cba9b89e36308560bfd15167c9a03d703ba
17:22:33     STOCK_FILE pri podjetju 1: se ni na vrsti po razporedu; preskoceno.
17:22:34     Prebranih zapisov: 1389; SHA-256: 87dc96ff135a90ff21281cf2e3d01cba9b89e36308560bfd15167c9a03d703ba
17:22:34     STOCK_FILE pri podjetju 2: se ni na vrsti po razporedu; preskoceno.
17:22:35     Prebranih zapisov: 1389; SHA-256: 87dc96ff135a90ff21281cf2e3d01cba9b89e36308560bfd15167c9a03d703ba
17:22:35     STOCK_FILE pri podjetju 3: se ni na vrsti po razporedu; preskoceno.
17:22:36     Prebranih zapisov: 1389; SHA-256: 87dc96ff135a90ff21281cf2e3d01cba9b89e36308560bfd15167c9a03d703ba
17:22:36     STOCK_FILE pri podjetju 4: se ni na vrsti po razporedu; preskoceno.
17:22:36     konec: Zaloga BT_STOCK
17:22:36  == Zaloga iz SAOP (kolicine) ==
17:22:37     [1] SAOP_STOCK: se ni na vrsti po razporedu; preskoceno.
17:22:37     [2] SAOP_STOCK: se ni na vrsti po razporedu; preskoceno.
17:22:37     [3] SAOP_STOCK: se ni na vrsti po razporedu; preskoceno.
17:22:37     [4] SAOP_STOCK: se ni na vrsti po razporedu; preskoceno.
17:22:37     konec: Zaloga iz SAOP (kolicine)
17:22:37  == Izvoz cen in zaloge za splet ==
17:22:39     Izvoz profila MAGENTO_STOCK_PRICES končan: 352 vrstic v C:\Users\david\Desktop\PIM\NoviPIM\izvoz\magento\1
17:22:42     Izvoz profila MAGENTO_STOCK_PRICES končan: 2071 vrstic v C:\Users\david\Desktop\PIM\NoviPIM\izvoz\magento\2
17:22:46     Izvoz profila MAGENTO_STOCK_PRICES končan: 2488 vrstic v C:\Users\david\Desktop\PIM\NoviPIM\izvoz\magento\3
17:22:47     Izvoz profila MAGENTO_STOCK_PRICES končan: 0 vrstic v C:\Users\david\Desktop\PIM\NoviPIM\izvoz\magento\4
17:22:47     konec: Izvoz cen in zaloge za splet
17:22:47  Zalogovni cikel koncan; padlih korakov: 0.
17:27:28  == Zaloga NW_STOCK ==
17:27:32     [NW_STOCK] preskoceno: Razmik dobavitelja se tece; naslednji prenos po 3. 09. 2026 18:02.
17:27:32     Prevzem koncan: uspesno 0, neuspesno 0, skupaj virov 1.
17:27:33     Prebranih zapisov: 2763; SHA-256: 49028f1fb4371c406164b186caf4e299276ea96b2b9dc1f6a7e056a73e5fae18
17:27:34     Ta posnetek je ze v bazi; vir=NW_STOCK, podjetje=1, cas posnetka=2026-09-03 14:02:28Z, uporabljenih=2763, v karanteni=0, RunId=b69b9e58-0435-4a9c-97cf-379160a236ef. Zapisano ni bilo nic.
17:27:35     Prebranih zapisov: 2763; SHA-256: 49028f1fb4371c406164b186caf4e299276ea96b2b9dc1f6a7e056a73e5fae18
17:27:35     Ta posnetek je ze v bazi; vir=NW_STOCK, podjetje=2, cas posnetka=2026-09-03 14:02:28Z, uporabljenih=2763, v karanteni=0, RunId=478cdd22-3568-4989-ae00-4137cc45930d. Zapisano ni bilo nic.
17:27:36     Prebranih zapisov: 2763; SHA-256: 49028f1fb4371c406164b186caf4e299276ea96b2b9dc1f6a7e056a73e5fae18
17:27:36     Ta posnetek je ze v bazi; vir=NW_STOCK, podjetje=3, cas posnetka=2026-09-03 14:02:28Z, uporabljenih=2763, v karanteni=0, RunId=cca267a5-819b-4189-ab52-2c943e42400b. Zapisano ni bilo nic.
17:27:37     Prebranih zapisov: 2763; SHA-256: 49028f1fb4371c406164b186caf4e299276ea96b2b9dc1f6a7e056a73e5fae18
17:27:37     Ta posnetek je ze v bazi; vir=NW_STOCK, podjetje=4, cas posnetka=2026-09-03 14:02:28Z, uporabljenih=2763, v karanteni=0, RunId=3a914165-c00e-40f4-9d02-1e5dcec3b4d2. Zapisano ni bilo nic.
17:27:37     konec: Zaloga NW_STOCK
17:27:37  == Zaloga BT_STOCK ==
17:27:38     SOURCE_FETCH: se ni na vrsti po razporedu; preskoceno.
17:27:39     Prebranih zapisov: 1389; SHA-256: 87dc96ff135a90ff21281cf2e3d01cba9b89e36308560bfd15167c9a03d703ba
17:27:39     STOCK_FILE pri podjetju 1: se ni na vrsti po razporedu; preskoceno.
17:27:40     Prebranih zapisov: 1389; SHA-256: 87dc96ff135a90ff21281cf2e3d01cba9b89e36308560bfd15167c9a03d703ba
17:27:40     STOCK_FILE pri podjetju 2: se ni na vrsti po razporedu; preskoceno.
17:27:41     Prebranih zapisov: 1389; SHA-256: 87dc96ff135a90ff21281cf2e3d01cba9b89e36308560bfd15167c9a03d703ba
17:27:41     STOCK_FILE pri podjetju 3: se ni na vrsti po razporedu; preskoceno.
17:27:42     Prebranih zapisov: 1389; SHA-256: 87dc96ff135a90ff21281cf2e3d01cba9b89e36308560bfd15167c9a03d703ba
17:27:42     STOCK_FILE pri podjetju 4: se ni na vrsti po razporedu; preskoceno.
17:27:42     konec: Zaloga BT_STOCK
17:27:42  == Zaloga iz SAOP (kolicine) ==
17:27:43     [1] SAOP_STOCK: se ni na vrsti po razporedu; preskoceno.
17:27:43     [2] SAOP_STOCK: se ni na vrsti po razporedu; preskoceno.
17:27:43     [3] SAOP_STOCK: se ni na vrsti po razporedu; preskoceno.
17:27:43     [4] SAOP_STOCK: se ni na vrsti po razporedu; preskoceno.
17:27:43     konec: Zaloga iz SAOP (kolicine)
17:27:43  == Izvoz cen in zaloge za splet ==
17:27:45     Izvoz profila MAGENTO_STOCK_PRICES končan: 352 vrstic v C:\Users\david\Desktop\PIM\NoviPIM\izvoz\magento\1
17:27:49     Izvoz profila MAGENTO_STOCK_PRICES končan: 2071 vrstic v C:\Users\david\Desktop\PIM\NoviPIM\izvoz\magento\2
17:27:52     Izvoz profila MAGENTO_STOCK_PRICES končan: 2488 vrstic v C:\Users\david\Desktop\PIM\NoviPIM\izvoz\magento\3
17:27:54     Izvoz profila MAGENTO_STOCK_PRICES končan: 0 vrstic v C:\Users\david\Desktop\PIM\NoviPIM\izvoz\magento\4
17:27:54     konec: Izvoz cen in zaloge za splet
17:27:54  Zalogovni cikel koncan; padlih korakov: 0.
17:32:28  == Zaloga NW_STOCK ==
17:32:31     SOURCE_FETCH: se ni na vrsti po razporedu; preskoceno.
17:32:32     Prebranih zapisov: 2763; SHA-256: 49028f1fb4371c406164b186caf4e299276ea96b2b9dc1f6a7e056a73e5fae18
17:32:33     STOCK_FILE pri podjetju 1: se ni na vrsti po razporedu; preskoceno.
17:32:34     Prebranih zapisov: 2763; SHA-256: 49028f1fb4371c406164b186caf4e299276ea96b2b9dc1f6a7e056a73e5fae18
17:32:34     STOCK_FILE pri podjetju 2: se ni na vrsti po razporedu; preskoceno.
17:32:35     Prebranih zapisov: 2763; SHA-256: 49028f1fb4371c406164b186caf4e299276ea96b2b9dc1f6a7e056a73e5fae18
17:32:35     STOCK_FILE pri podjetju 3: se ni na vrsti po razporedu; preskoceno.
17:32:35     Prebranih zapisov: 2763; SHA-256: 49028f1fb4371c406164b186caf4e299276ea96b2b9dc1f6a7e056a73e5fae18
17:32:36     STOCK_FILE pri podjetju 4: se ni na vrsti po razporedu; preskoceno.
17:32:36     konec: Zaloga NW_STOCK
17:32:36  == Zaloga BT_STOCK ==
17:32:37     [BT_STOCK] preskoceno: Razmik dobavitelja se tece; naslednji prenos po 3. 09. 2026 20:17.
17:32:37     Prevzem koncan: uspesno 0, neuspesno 0, skupaj virov 1.
17:32:37     Prebranih zapisov: 1389; SHA-256: 87dc96ff135a90ff21281cf2e3d01cba9b89e36308560bfd15167c9a03d703ba
17:32:38     Ta posnetek je ze v bazi; vir=BT_STOCK, podjetje=1, cas posnetka=2026-09-03 15:17:35Z, uporabljenih=1389, v karanteni=0, RunId=5e288d2d-98ef-40e1-b33c-663e6d513e74. Zapisano ni bilo nic.
17:32:39     Prebranih zapisov: 1389; SHA-256: 87dc96ff135a90ff21281cf2e3d01cba9b89e36308560bfd15167c9a03d703ba
17:32:39     Ta posnetek je ze v bazi; vir=BT_STOCK, podjetje=2, cas posnetka=2026-09-03 15:17:35Z, uporabljenih=1389, v karanteni=0, RunId=3496c976-0c49-45c5-9f74-0ffd35e5d443. Zapisano ni bilo nic.
17:32:40     Prebranih zapisov: 1389; SHA-256: 87dc96ff135a90ff21281cf2e3d01cba9b89e36308560bfd15167c9a03d703ba
17:32:40     Ta posnetek je ze v bazi; vir=BT_STOCK, podjetje=3, cas posnetka=2026-09-03 15:17:35Z, uporabljenih=1389, v karanteni=0, RunId=3dd9ac1c-09dd-4827-b930-eb014cdb2746. Zapisano ni bilo nic.
17:32:41     Prebranih zapisov: 1389; SHA-256: 87dc96ff135a90ff21281cf2e3d01cba9b89e36308560bfd15167c9a03d703ba
17:32:41     Ta posnetek je ze v bazi; vir=BT_STOCK, podjetje=4, cas posnetka=2026-09-03 15:17:35Z, uporabljenih=1389, v karanteni=0, RunId=bec7f147-9b63-48d7-a0cc-8df0cb029c6c. Zapisano ni bilo nic.
17:32:41     konec: Zaloga BT_STOCK
17:32:41  == Zaloga iz SAOP (kolicine) ==
17:32:42     [1] SAOP_STOCK: se ni na vrsti po razporedu; preskoceno.
17:32:42     [2] SAOP_STOCK: se ni na vrsti po razporedu; preskoceno.
17:32:42     [3] SAOP_STOCK: se ni na vrsti po razporedu; preskoceno.
17:32:42     [4] SAOP_STOCK: se ni na vrsti po razporedu; preskoceno.
17:32:42     konec: Zaloga iz SAOP (kolicine)
17:32:42  == Izvoz cen in zaloge za splet ==
17:32:44     Izvoz profila MAGENTO_STOCK_PRICES končan: 352 vrstic v C:\Users\david\Desktop\PIM\NoviPIM\izvoz\magento\1
17:32:48     Izvoz profila MAGENTO_STOCK_PRICES končan: 2071 vrstic v C:\Users\david\Desktop\PIM\NoviPIM\izvoz\magento\2
17:32:52     Izvoz profila MAGENTO_STOCK_PRICES končan: 2488 vrstic v C:\Users\david\Desktop\PIM\NoviPIM\izvoz\magento\3
17:32:53     Izvoz profila MAGENTO_STOCK_PRICES končan: 0 vrstic v C:\Users\david\Desktop\PIM\NoviPIM\izvoz\magento\4
17:32:53     konec: Izvoz cen in zaloge za splet
17:32:53  Zalogovni cikel koncan; padlih korakov: 0.
17:37:27  == Zaloga NW_STOCK ==
17:37:28     SOURCE_FETCH: se ni na vrsti po razporedu; preskoceno.
17:37:28     Prebranih zapisov: 2763; SHA-256: 49028f1fb4371c406164b186caf4e299276ea96b2b9dc1f6a7e056a73e5fae18
17:37:29     STOCK_FILE pri podjetju 1: se ni na vrsti po razporedu; preskoceno.
17:37:29     Prebranih zapisov: 2763; SHA-256: 49028f1fb4371c406164b186caf4e299276ea96b2b9dc1f6a7e056a73e5fae18
17:37:30     STOCK_FILE pri podjetju 2: se ni na vrsti po razporedu; preskoceno.
17:37:30     Prebranih zapisov: 2763; SHA-256: 49028f1fb4371c406164b186caf4e299276ea96b2b9dc1f6a7e056a73e5fae18
17:37:31     STOCK_FILE pri podjetju 3: se ni na vrsti po razporedu; preskoceno.
17:37:31     Prebranih zapisov: 2763; SHA-256: 49028f1fb4371c406164b186caf4e299276ea96b2b9dc1f6a7e056a73e5fae18
17:37:32     STOCK_FILE pri podjetju 4: se ni na vrsti po razporedu; preskoceno.
17:37:32     konec: Zaloga NW_STOCK
17:37:32  == Zaloga BT_STOCK ==
17:37:32     SOURCE_FETCH: se ni na vrsti po razporedu; preskoceno.
17:37:33     Prebranih zapisov: 1389; SHA-256: 87dc96ff135a90ff21281cf2e3d01cba9b89e36308560bfd15167c9a03d703ba
17:37:34     STOCK_FILE pri podjetju 1: se ni na vrsti po razporedu; preskoceno.
17:37:34     Prebranih zapisov: 1389; SHA-256: 87dc96ff135a90ff21281cf2e3d01cba9b89e36308560bfd15167c9a03d703ba
17:37:34     STOCK_FILE pri podjetju 2: se ni na vrsti po razporedu; preskoceno.
17:37:35     Prebranih zapisov: 1389; SHA-256: 87dc96ff135a90ff21281cf2e3d01cba9b89e36308560bfd15167c9a03d703ba
17:37:35     STOCK_FILE pri podjetju 3: se ni na vrsti po razporedu; preskoceno.
17:37:36     Prebranih zapisov: 1389; SHA-256: 87dc96ff135a90ff21281cf2e3d01cba9b89e36308560bfd15167c9a03d703ba
17:37:36     STOCK_FILE pri podjetju 4: se ni na vrsti po razporedu; preskoceno.
17:37:36     konec: Zaloga BT_STOCK
17:37:36  == Zaloga iz SAOP (kolicine) ==
17:37:37     [1] SAOP_STOCK: se ni na vrsti po razporedu; preskoceno.
17:37:37     [2] SAOP_STOCK: se ni na vrsti po razporedu; preskoceno.
17:37:37     [3] SAOP_STOCK: se ni na vrsti po razporedu; preskoceno.
17:37:37     [4] SAOP_STOCK: se ni na vrsti po razporedu; preskoceno.
17:37:37     konec: Zaloga iz SAOP (kolicine)
17:37:37  == Izvoz cen in zaloge za splet ==
17:37:39     Izvoz profila MAGENTO_STOCK_PRICES končan: 352 vrstic v C:\Users\david\Desktop\PIM\NoviPIM\izvoz\magento\1
17:37:43     Izvoz profila MAGENTO_STOCK_PRICES končan: 2071 vrstic v C:\Users\david\Desktop\PIM\NoviPIM\izvoz\magento\2
17:37:46     Izvoz profila MAGENTO_STOCK_PRICES končan: 2488 vrstic v C:\Users\david\Desktop\PIM\NoviPIM\izvoz\magento\3
17:37:48     Izvoz profila MAGENTO_STOCK_PRICES končan: 0 vrstic v C:\Users\david\Desktop\PIM\NoviPIM\izvoz\magento\4
17:37:48     konec: Izvoz cen in zaloge za splet
17:37:48  Zalogovni cikel koncan; padlih korakov: 0.
17:42:27  == Zaloga NW_STOCK ==
17:42:28     [NW_STOCK] preskoceno: Razmik dobavitelja se tece; naslednji prenos po 3. 09. 2026 18:02.
17:42:28     Prevzem koncan: uspesno 0, neuspesno 0, skupaj virov 1.
17:42:28     Prebranih zapisov: 2763; SHA-256: 49028f1fb4371c406164b186caf4e299276ea96b2b9dc1f6a7e056a73e5fae18
17:42:29     Ta posnetek je ze v bazi; vir=NW_STOCK, podjetje=1, cas posnetka=2026-09-03 14:02:28Z, uporabljenih=2763, v karanteni=0, RunId=b69b9e58-0435-4a9c-97cf-379160a236ef. Zapisano ni bilo nic.
17:42:30     Prebranih zapisov: 2763; SHA-256: 49028f1fb4371c406164b186caf4e299276ea96b2b9dc1f6a7e056a73e5fae18
17:42:30     Ta posnetek je ze v bazi; vir=NW_STOCK, podjetje=2, cas posnetka=2026-09-03 14:02:28Z, uporabljenih=2763, v karanteni=0, RunId=478cdd22-3568-4989-ae00-4137cc45930d. Zapisano ni bilo nic.
17:42:31     Prebranih zapisov: 2763; SHA-256: 49028f1fb4371c406164b186caf4e299276ea96b2b9dc1f6a7e056a73e5fae18
17:42:31     Ta posnetek je ze v bazi; vir=NW_STOCK, podjetje=3, cas posnetka=2026-09-03 14:02:28Z, uporabljenih=2763, v karanteni=0, RunId=cca267a5-819b-4189-ab52-2c943e42400b. Zapisano ni bilo nic.
17:42:32     Prebranih zapisov: 2763; SHA-256: 49028f1fb4371c406164b186caf4e299276ea96b2b9dc1f6a7e056a73e5fae18
17:42:32     Ta posnetek je ze v bazi; vir=NW_STOCK, podjetje=4, cas posnetka=2026-09-03 14:02:28Z, uporabljenih=2763, v karanteni=0, RunId=3a914165-c00e-40f4-9d02-1e5dcec3b4d2. Zapisano ni bilo nic.
17:42:32     konec: Zaloga NW_STOCK
17:42:32  == Zaloga BT_STOCK ==
17:42:33     SOURCE_FETCH: se ni na vrsti po razporedu; preskoceno.
17:42:34     Prebranih zapisov: 1389; SHA-256: 87dc96ff135a90ff21281cf2e3d01cba9b89e36308560bfd15167c9a03d703ba
17:42:34     STOCK_FILE pri podjetju 1: se ni na vrsti po razporedu; preskoceno.
17:42:35     Prebranih zapisov: 1389; SHA-256: 87dc96ff135a90ff21281cf2e3d01cba9b89e36308560bfd15167c9a03d703ba
17:42:35     STOCK_FILE pri podjetju 2: se ni na vrsti po razporedu; preskoceno.
17:42:36     Prebranih zapisov: 1389; SHA-256: 87dc96ff135a90ff21281cf2e3d01cba9b89e36308560bfd15167c9a03d703ba
17:42:36     STOCK_FILE pri podjetju 3: se ni na vrsti po razporedu; preskoceno.
17:42:37     Prebranih zapisov: 1389; SHA-256: 87dc96ff135a90ff21281cf2e3d01cba9b89e36308560bfd15167c9a03d703ba
17:42:37     STOCK_FILE pri podjetju 4: se ni na vrsti po razporedu; preskoceno.
17:42:37     konec: Zaloga BT_STOCK
17:42:37  == Zaloga iz SAOP (kolicine) ==
17:42:38     [1] SAOP_STOCK: se ni na vrsti po razporedu; preskoceno.
17:42:38     [2] SAOP_STOCK: se ni na vrsti po razporedu; preskoceno.
17:42:38     [3] SAOP_STOCK: se ni na vrsti po razporedu; preskoceno.
17:42:38     [4] SAOP_STOCK: se ni na vrsti po razporedu; preskoceno.
17:42:38     konec: Zaloga iz SAOP (kolicine)
17:42:38  == Izvoz cen in zaloge za splet ==
17:42:39     Izvoz profila MAGENTO_STOCK_PRICES končan: 352 vrstic v C:\Users\david\Desktop\PIM\NoviPIM\izvoz\magento\1
17:42:43     Izvoz profila MAGENTO_STOCK_PRICES končan: 2071 vrstic v C:\Users\david\Desktop\PIM\NoviPIM\izvoz\magento\2
17:42:47     Izvoz profila MAGENTO_STOCK_PRICES končan: 2488 vrstic v C:\Users\david\Desktop\PIM\NoviPIM\izvoz\magento\3
17:42:48     Izvoz profila MAGENTO_STOCK_PRICES končan: 0 vrstic v C:\Users\david\Desktop\PIM\NoviPIM\izvoz\magento\4
17:42:48     konec: Izvoz cen in zaloge za splet
17:42:48  Zalogovni cikel koncan; padlih korakov: 0.
17:47:27  == Zaloga NW_STOCK ==
17:47:28     SOURCE_FETCH: se ni na vrsti po razporedu; preskoceno.
17:47:28     Prebranih zapisov: 2763; SHA-256: 49028f1fb4371c406164b186caf4e299276ea96b2b9dc1f6a7e056a73e5fae18
17:47:29     STOCK_FILE pri podjetju 1: se ni na vrsti po razporedu; preskoceno.
17:47:29     Prebranih zapisov: 2763; SHA-256: 49028f1fb4371c406164b186caf4e299276ea96b2b9dc1f6a7e056a73e5fae18
17:47:30     STOCK_FILE pri podjetju 2: se ni na vrsti po razporedu; preskoceno.
17:47:30     Prebranih zapisov: 2763; SHA-256: 49028f1fb4371c406164b186caf4e299276ea96b2b9dc1f6a7e056a73e5fae18
17:47:30     STOCK_FILE pri podjetju 3: se ni na vrsti po razporedu; preskoceno.
17:47:31     Prebranih zapisov: 2763; SHA-256: 49028f1fb4371c406164b186caf4e299276ea96b2b9dc1f6a7e056a73e5fae18
17:47:31     STOCK_FILE pri podjetju 4: se ni na vrsti po razporedu; preskoceno.
17:47:31     konec: Zaloga NW_STOCK
17:47:31  == Zaloga BT_STOCK ==
17:47:32     [BT_STOCK] preskoceno: Razmik dobavitelja se tece; naslednji prenos po 3. 09. 2026 20:17.
17:47:32     Prevzem koncan: uspesno 0, neuspesno 0, skupaj virov 1.
17:47:33     Prebranih zapisov: 1389; SHA-256: 87dc96ff135a90ff21281cf2e3d01cba9b89e36308560bfd15167c9a03d703ba
17:47:33     Ta posnetek je ze v bazi; vir=BT_STOCK, podjetje=1, cas posnetka=2026-09-03 15:17:35Z, uporabljenih=1389, v karanteni=0, RunId=5e288d2d-98ef-40e1-b33c-663e6d513e74. Zapisano ni bilo nic.
17:47:34     Prebranih zapisov: 1389; SHA-256: 87dc96ff135a90ff21281cf2e3d01cba9b89e36308560bfd15167c9a03d703ba
17:47:35     Ta posnetek je ze v bazi; vir=BT_STOCK, podjetje=2, cas posnetka=2026-09-03 15:17:35Z, uporabljenih=1389, v karanteni=0, RunId=3496c976-0c49-45c5-9f74-0ffd35e5d443. Zapisano ni bilo nic.
17:47:35     Prebranih zapisov: 1389; SHA-256: 87dc96ff135a90ff21281cf2e3d01cba9b89e36308560bfd15167c9a03d703ba
17:47:36     Ta posnetek je ze v bazi; vir=BT_STOCK, podjetje=3, cas posnetka=2026-09-03 15:17:35Z, uporabljenih=1389, v karanteni=0, RunId=3dd9ac1c-09dd-4827-b930-eb014cdb2746. Zapisano ni bilo nic.
17:47:36     Prebranih zapisov: 1389; SHA-256: 87dc96ff135a90ff21281cf2e3d01cba9b89e36308560bfd15167c9a03d703ba
17:47:37     Ta posnetek je ze v bazi; vir=BT_STOCK, podjetje=4, cas posnetka=2026-09-03 15:17:35Z, uporabljenih=1389, v karanteni=0, RunId=bec7f147-9b63-48d7-a0cc-8df0cb029c6c. Zapisano ni bilo nic.
17:47:37     konec: Zaloga BT_STOCK
17:47:37  == Zaloga iz SAOP (kolicine) ==
17:47:38     [1] SAOP_STOCK: se ni na vrsti po razporedu; preskoceno.
17:47:38     [2] SAOP_STOCK: se ni na vrsti po razporedu; preskoceno.
17:47:38     [3] SAOP_STOCK: se ni na vrsti po razporedu; preskoceno.
17:47:38     [4] SAOP_STOCK: se ni na vrsti po razporedu; preskoceno.
17:47:38     konec: Zaloga iz SAOP (kolicine)
17:47:38  == Izvoz cen in zaloge za splet ==
17:47:39     Izvoz profila MAGENTO_STOCK_PRICES končan: 352 vrstic v C:\Users\david\Desktop\PIM\NoviPIM\izvoz\magento\1
17:47:43     Izvoz profila MAGENTO_STOCK_PRICES končan: 2071 vrstic v C:\Users\david\Desktop\PIM\NoviPIM\izvoz\magento\2
17:47:46     Izvoz profila MAGENTO_STOCK_PRICES končan: 2488 vrstic v C:\Users\david\Desktop\PIM\NoviPIM\izvoz\magento\3
17:47:48     Izvoz profila MAGENTO_STOCK_PRICES končan: 0 vrstic v C:\Users\david\Desktop\PIM\NoviPIM\izvoz\magento\4
17:47:48     konec: Izvoz cen in zaloge za splet
17:47:48  Zalogovni cikel koncan; padlih korakov: 0.
17:52:27  == Zaloga NW_STOCK ==
17:52:28     SOURCE_FETCH: se ni na vrsti po razporedu; preskoceno.
17:52:28     Prebranih zapisov: 2763; SHA-256: 49028f1fb4371c406164b186caf4e299276ea96b2b9dc1f6a7e056a73e5fae18
17:52:29     STOCK_FILE pri podjetju 1: se ni na vrsti po razporedu; preskoceno.
17:52:29     Prebranih zapisov: 2763; SHA-256: 49028f1fb4371c406164b186caf4e299276ea96b2b9dc1f6a7e056a73e5fae18
17:52:30     STOCK_FILE pri podjetju 2: se ni na vrsti po razporedu; preskoceno.
17:52:30     Prebranih zapisov: 2763; SHA-256: 49028f1fb4371c406164b186caf4e299276ea96b2b9dc1f6a7e056a73e5fae18
17:52:30     STOCK_FILE pri podjetju 3: se ni na vrsti po razporedu; preskoceno.
17:52:31     Prebranih zapisov: 2763; SHA-256: 49028f1fb4371c406164b186caf4e299276ea96b2b9dc1f6a7e056a73e5fae18
17:52:31     STOCK_FILE pri podjetju 4: se ni na vrsti po razporedu; preskoceno.
17:52:31     konec: Zaloga NW_STOCK
17:52:31  == Zaloga BT_STOCK ==
17:52:32     SOURCE_FETCH: se ni na vrsti po razporedu; preskoceno.
17:52:33     Prebranih zapisov: 1389; SHA-256: 87dc96ff135a90ff21281cf2e3d01cba9b89e36308560bfd15167c9a03d703ba
17:52:33     STOCK_FILE pri podjetju 1: se ni na vrsti po razporedu; preskoceno.
17:52:34     Prebranih zapisov: 1389; SHA-256: 87dc96ff135a90ff21281cf2e3d01cba9b89e36308560bfd15167c9a03d703ba
17:52:34     STOCK_FILE pri podjetju 2: se ni na vrsti po razporedu; preskoceno.
17:52:35     Prebranih zapisov: 1389; SHA-256: 87dc96ff135a90ff21281cf2e3d01cba9b89e36308560bfd15167c9a03d703ba
17:52:35     STOCK_FILE pri podjetju 3: se ni na vrsti po razporedu; preskoceno.
17:52:36     Prebranih zapisov: 1389; SHA-256: 87dc96ff135a90ff21281cf2e3d01cba9b89e36308560bfd15167c9a03d703ba
17:52:36     STOCK_FILE pri podjetju 4: se ni na vrsti po razporedu; preskoceno.
17:52:36     konec: Zaloga BT_STOCK
17:52:36  == Zaloga iz SAOP (kolicine) ==
17:52:37     [1] SAOP_STOCK: se ni na vrsti po razporedu; preskoceno.
17:52:37     [2] SAOP_STOCK: se ni na vrsti po razporedu; preskoceno.
17:52:37     [3] SAOP_STOCK: se ni na vrsti po razporedu; preskoceno.
17:52:37     [4] SAOP_STOCK: se ni na vrsti po razporedu; preskoceno.
17:52:37     konec: Zaloga iz SAOP (kolicine)
17:52:37  == Izvoz cen in zaloge za splet ==
17:52:39     Izvoz profila MAGENTO_STOCK_PRICES končan: 352 vrstic v C:\Users\david\Desktop\PIM\NoviPIM\izvoz\magento\1
17:52:43     Izvoz profila MAGENTO_STOCK_PRICES končan: 2071 vrstic v C:\Users\david\Desktop\PIM\NoviPIM\izvoz\magento\2
17:52:46     Izvoz profila MAGENTO_STOCK_PRICES končan: 2488 vrstic v C:\Users\david\Desktop\PIM\NoviPIM\izvoz\magento\3
17:52:47     Izvoz profila MAGENTO_STOCK_PRICES končan: 0 vrstic v C:\Users\david\Desktop\PIM\NoviPIM\izvoz\magento\4
17:52:47     konec: Izvoz cen in zaloge za splet
17:52:47  Zalogovni cikel koncan; padlih korakov: 0.
17:57:27  == Zaloga NW_STOCK ==
17:57:28     [NW_STOCK] preskoceno: Razmik dobavitelja se tece; naslednji prenos po 3. 09. 2026 18:02.
17:57:28     Prevzem koncan: uspesno 0, neuspesno 0, skupaj virov 1.
17:57:28     Prebranih zapisov: 2763; SHA-256: 49028f1fb4371c406164b186caf4e299276ea96b2b9dc1f6a7e056a73e5fae18
17:57:29     Ta posnetek je ze v bazi; vir=NW_STOCK, podjetje=1, cas posnetka=2026-09-03 14:02:28Z, uporabljenih=2763, v karanteni=0, RunId=b69b9e58-0435-4a9c-97cf-379160a236ef. Zapisano ni bilo nic.
17:57:29     Prebranih zapisov: 2763; SHA-256: 49028f1fb4371c406164b186caf4e299276ea96b2b9dc1f6a7e056a73e5fae18
17:57:30     Ta posnetek je ze v bazi; vir=NW_STOCK, podjetje=2, cas posnetka=2026-09-03 14:02:28Z, uporabljenih=2763, v karanteni=0, RunId=478cdd22-3568-4989-ae00-4137cc45930d. Zapisano ni bilo nic.
17:57:30     Prebranih zapisov: 2763; SHA-256: 49028f1fb4371c406164b186caf4e299276ea96b2b9dc1f6a7e056a73e5fae18
17:57:31     Ta posnetek je ze v bazi; vir=NW_STOCK, podjetje=3, cas posnetka=2026-09-03 14:02:28Z, uporabljenih=2763, v karanteni=0, RunId=cca267a5-819b-4189-ab52-2c943e42400b. Zapisano ni bilo nic.
17:57:31     Prebranih zapisov: 2763; SHA-256: 49028f1fb4371c406164b186caf4e299276ea96b2b9dc1f6a7e056a73e5fae18
17:57:32     Ta posnetek je ze v bazi; vir=NW_STOCK, podjetje=4, cas posnetka=2026-09-03 14:02:28Z, uporabljenih=2763, v karanteni=0, RunId=3a914165-c00e-40f4-9d02-1e5dcec3b4d2. Zapisano ni bilo nic.
17:57:32     konec: Zaloga NW_STOCK
17:57:32  == Zaloga BT_STOCK ==
17:57:33     SOURCE_FETCH: se ni na vrsti po razporedu; preskoceno.
17:57:33     Prebranih zapisov: 1389; SHA-256: 87dc96ff135a90ff21281cf2e3d01cba9b89e36308560bfd15167c9a03d703ba
17:57:34     STOCK_FILE pri podjetju 1: se ni na vrsti po razporedu; preskoceno.
17:57:34     Prebranih zapisov: 1389; SHA-256: 87dc96ff135a90ff21281cf2e3d01cba9b89e36308560bfd15167c9a03d703ba
17:57:35     STOCK_FILE pri podjetju 2: se ni na vrsti po razporedu; preskoceno.
17:57:35     Prebranih zapisov: 1389; SHA-256: 87dc96ff135a90ff21281cf2e3d01cba9b89e36308560bfd15167c9a03d703ba
17:57:36     STOCK_FILE pri podjetju 3: se ni na vrsti po razporedu; preskoceno.
17:57:36     Prebranih zapisov: 1389; SHA-256: 87dc96ff135a90ff21281cf2e3d01cba9b89e36308560bfd15167c9a03d703ba
17:57:37     STOCK_FILE pri podjetju 4: se ni na vrsti po razporedu; preskoceno.
17:57:37     konec: Zaloga BT_STOCK
17:57:37  == Zaloga iz SAOP (kolicine) ==
17:57:38     [1] SAOP_STOCK: se ni na vrsti po razporedu; preskoceno.
17:57:38     [2] SAOP_STOCK: se ni na vrsti po razporedu; preskoceno.
17:57:38     [3] SAOP_STOCK: se ni na vrsti po razporedu; preskoceno.
17:57:38     [4] SAOP_STOCK: se ni na vrsti po razporedu; preskoceno.
17:57:38     konec: Zaloga iz SAOP (kolicine)
17:57:38  == Izvoz cen in zaloge za splet ==
17:57:39     Izvoz profila MAGENTO_STOCK_PRICES končan: 352 vrstic v C:\Users\david\Desktop\PIM\NoviPIM\izvoz\magento\1
17:57:43     Izvoz profila MAGENTO_STOCK_PRICES končan: 2071 vrstic v C:\Users\david\Desktop\PIM\NoviPIM\izvoz\magento\2
17:57:47     Izvoz profila MAGENTO_STOCK_PRICES končan: 2488 vrstic v C:\Users\david\Desktop\PIM\NoviPIM\izvoz\magento\3
17:57:48     Izvoz profila MAGENTO_STOCK_PRICES končan: 0 vrstic v C:\Users\david\Desktop\PIM\NoviPIM\izvoz\magento\4
17:57:48     konec: Izvoz cen in zaloge za splet
17:57:48  Zalogovni cikel koncan; padlih korakov: 0.
18:02:27  == Zaloga NW_STOCK ==
18:02:28     SOURCE_FETCH: se ni na vrsti po razporedu; preskoceno.
18:02:28     Prebranih zapisov: 2763; SHA-256: 49028f1fb4371c406164b186caf4e299276ea96b2b9dc1f6a7e056a73e5fae18
18:02:29     STOCK_FILE pri podjetju 1: se ni na vrsti po razporedu; preskoceno.
18:02:29     Prebranih zapisov: 2763; SHA-256: 49028f1fb4371c406164b186caf4e299276ea96b2b9dc1f6a7e056a73e5fae18
18:02:30     STOCK_FILE pri podjetju 2: se ni na vrsti po razporedu; preskoceno.
18:02:30     Prebranih zapisov: 2763; SHA-256: 49028f1fb4371c406164b186caf4e299276ea96b2b9dc1f6a7e056a73e5fae18
18:02:30     STOCK_FILE pri podjetju 3: se ni na vrsti po razporedu; preskoceno.
18:02:31     Prebranih zapisov: 2763; SHA-256: 49028f1fb4371c406164b186caf4e299276ea96b2b9dc1f6a7e056a73e5fae18
18:02:31     STOCK_FILE pri podjetju 4: se ni na vrsti po razporedu; preskoceno.
18:02:32     konec: Zaloga NW_STOCK
18:02:32  == Zaloga BT_STOCK ==
18:02:32     [BT_STOCK] preskoceno: Razmik dobavitelja se tece; naslednji prenos po 3. 09. 2026 20:17.
18:02:32     Prevzem koncan: uspesno 0, neuspesno 0, skupaj virov 1.
18:02:33     Prebranih zapisov: 1389; SHA-256: 87dc96ff135a90ff21281cf2e3d01cba9b89e36308560bfd15167c9a03d703ba
18:02:33     Ta posnetek je ze v bazi; vir=BT_STOCK, podjetje=1, cas posnetka=2026-09-03 15:17:35Z, uporabljenih=1389, v karanteni=0, RunId=5e288d2d-98ef-40e1-b33c-663e6d513e74. Zapisano ni bilo nic.
18:02:34     Prebranih zapisov: 1389; SHA-256: 87dc96ff135a90ff21281cf2e3d01cba9b89e36308560bfd15167c9a03d703ba
18:02:35     Ta posnetek je ze v bazi; vir=BT_STOCK, podjetje=2, cas posnetka=2026-09-03 15:17:35Z, uporabljenih=1389, v karanteni=0, RunId=3496c976-0c49-45c5-9f74-0ffd35e5d443. Zapisano ni bilo nic.
18:02:35     Prebranih zapisov: 1389; SHA-256: 87dc96ff135a90ff21281cf2e3d01cba9b89e36308560bfd15167c9a03d703ba
18:02:36     Ta posnetek je ze v bazi; vir=BT_STOCK, podjetje=3, cas posnetka=2026-09-03 15:17:35Z, uporabljenih=1389, v karanteni=0, RunId=3dd9ac1c-09dd-4827-b930-eb014cdb2746. Zapisano ni bilo nic.
18:02:36     Prebranih zapisov: 1389; SHA-256: 87dc96ff135a90ff21281cf2e3d01cba9b89e36308560bfd15167c9a03d703ba
18:02:37     Ta posnetek je ze v bazi; vir=BT_STOCK, podjetje=4, cas posnetka=2026-09-03 15:17:35Z, uporabljenih=1389, v karanteni=0, RunId=bec7f147-9b63-48d7-a0cc-8df0cb029c6c. Zapisano ni bilo nic.
18:02:37     konec: Zaloga BT_STOCK
18:02:37  == Zaloga iz SAOP (kolicine) ==
18:02:38     [1] SAOP_STOCK: se ni na vrsti po razporedu; preskoceno.
18:02:38     [2] SAOP_STOCK: se ni na vrsti po razporedu; preskoceno.
18:02:38     [3] SAOP_STOCK: se ni na vrsti po razporedu; preskoceno.
18:02:38     [4] SAOP_STOCK: se ni na vrsti po razporedu; preskoceno.
18:02:38     konec: Zaloga iz SAOP (kolicine)
18:02:38  == Izvoz cen in zaloge za splet ==
18:02:39     Izvoz profila MAGENTO_STOCK_PRICES končan: 352 vrstic v C:\Users\david\Desktop\PIM\NoviPIM\izvoz\magento\1
18:02:43     Izvoz profila MAGENTO_STOCK_PRICES končan: 2071 vrstic v C:\Users\david\Desktop\PIM\NoviPIM\izvoz\magento\2
18:02:46     Izvoz profila MAGENTO_STOCK_PRICES končan: 2488 vrstic v C:\Users\david\Desktop\PIM\NoviPIM\izvoz\magento\3
18:02:48     Izvoz profila MAGENTO_STOCK_PRICES končan: 0 vrstic v C:\Users\david\Desktop\PIM\NoviPIM\izvoz\magento\4
18:02:48     konec: Izvoz cen in zaloge za splet
18:02:48  Zalogovni cikel koncan; padlih korakov: 0.
18:07:27  == Zaloga NW_STOCK ==
18:07:28     SOURCE_FETCH: se ni na vrsti po razporedu; preskoceno.
18:07:28     Prebranih zapisov: 2763; SHA-256: 49028f1fb4371c406164b186caf4e299276ea96b2b9dc1f6a7e056a73e5fae18
18:07:29     STOCK_FILE pri podjetju 1: se ni na vrsti po razporedu; preskoceno.
18:07:29     Prebranih zapisov: 2763; SHA-256: 49028f1fb4371c406164b186caf4e299276ea96b2b9dc1f6a7e056a73e5fae18
18:07:30     STOCK_FILE pri podjetju 2: se ni na vrsti po razporedu; preskoceno.
18:07:30     Prebranih zapisov: 2763; SHA-256: 49028f1fb4371c406164b186caf4e299276ea96b2b9dc1f6a7e056a73e5fae18
18:07:30     STOCK_FILE pri podjetju 3: se ni na vrsti po razporedu; preskoceno.
18:07:31     Prebranih zapisov: 2763; SHA-256: 49028f1fb4371c406164b186caf4e299276ea96b2b9dc1f6a7e056a73e5fae18
18:07:31     STOCK_FILE pri podjetju 4: se ni na vrsti po razporedu; preskoceno.
18:07:32     konec: Zaloga NW_STOCK
18:07:32  == Zaloga BT_STOCK ==
18:07:32     SOURCE_FETCH: se ni na vrsti po razporedu; preskoceno.
18:07:33     Prebranih zapisov: 1389; SHA-256: 87dc96ff135a90ff21281cf2e3d01cba9b89e36308560bfd15167c9a03d703ba
18:07:33     STOCK_FILE pri podjetju 1: se ni na vrsti po razporedu; preskoceno.
18:07:34     Prebranih zapisov: 1389; SHA-256: 87dc96ff135a90ff21281cf2e3d01cba9b89e36308560bfd15167c9a03d703ba
18:07:34     STOCK_FILE pri podjetju 2: se ni na vrsti po razporedu; preskoceno.
18:07:35     Prebranih zapisov: 1389; SHA-256: 87dc96ff135a90ff21281cf2e3d01cba9b89e36308560bfd15167c9a03d703ba
18:07:35     STOCK_FILE pri podjetju 3: se ni na vrsti po razporedu; preskoceno.
18:07:36     Prebranih zapisov: 1389; SHA-256: 87dc96ff135a90ff21281cf2e3d01cba9b89e36308560bfd15167c9a03d703ba
18:07:36     STOCK_FILE pri podjetju 4: se ni na vrsti po razporedu; preskoceno.
18:07:36     konec: Zaloga BT_STOCK
18:07:36  == Zaloga iz SAOP (kolicine) ==
18:07:37     [1] SAOP_STOCK: se ni na vrsti po razporedu; preskoceno.
18:07:37     [2] SAOP_STOCK: se ni na vrsti po razporedu; preskoceno.
18:07:37     [3] SAOP_STOCK: se ni na vrsti po razporedu; preskoceno.
18:07:37     [4] SAOP_STOCK: se ni na vrsti po razporedu; preskoceno.
18:07:37     konec: Zaloga iz SAOP (kolicine)
18:07:37  == Izvoz cen in zaloge za splet ==
18:07:39     Izvoz profila MAGENTO_STOCK_PRICES končan: 352 vrstic v C:\Users\david\Desktop\PIM\NoviPIM\izvoz\magento\1
18:07:43     Izvoz profila MAGENTO_STOCK_PRICES končan: 2071 vrstic v C:\Users\david\Desktop\PIM\NoviPIM\izvoz\magento\2
18:07:46     Izvoz profila MAGENTO_STOCK_PRICES končan: 2488 vrstic v C:\Users\david\Desktop\PIM\NoviPIM\izvoz\magento\3
18:07:47     Izvoz profila MAGENTO_STOCK_PRICES končan: 0 vrstic v C:\Users\david\Desktop\PIM\NoviPIM\izvoz\magento\4
18:07:47     konec: Izvoz cen in zaloge za splet
18:07:47  Zalogovni cikel koncan; padlih korakov: 0.
18:12:27  == Zaloga NW_STOCK ==
18:12:28     [NW_STOCK] prevzeto 87.319 bajtov -> C:\Users\david\Desktop\PIM\NoviPIM\PIM_Solution\data\prevzem\NW_STOCK\nw-zaloga.csv
18:12:28     Prevzem koncan: uspesno 1, neuspesno 0, skupaj virov 1.
18:12:29     Prebranih zapisov: 2763; SHA-256: 5c0f9bfaeceba5b02a132cb88030201af8d1873689b00ff7efc34859eafdc8ba
18:12:31     Zaloga zapisana; vir=NW_STOCK, podjetje=1, uporabljenih=2763, v karanteni=0, RunId=9700cd4c-ea71-4c4f-8b44-672b8731ad50.
18:12:31     Prebranih zapisov: 2763; SHA-256: 5c0f9bfaeceba5b02a132cb88030201af8d1873689b00ff7efc34859eafdc8ba
18:12:33     Zaloga zapisana; vir=NW_STOCK, podjetje=2, uporabljenih=2763, v karanteni=0, RunId=a4226cd5-28c3-4fea-b5fb-2d2b6ec7f4b2.
18:12:34     Prebranih zapisov: 2763; SHA-256: 5c0f9bfaeceba5b02a132cb88030201af8d1873689b00ff7efc34859eafdc8ba
18:12:35     Zaloga zapisana; vir=NW_STOCK, podjetje=3, uporabljenih=2763, v karanteni=0, RunId=72df1bad-f803-4918-9817-63d1094c0ba9.
18:12:36     Prebranih zapisov: 2763; SHA-256: 5c0f9bfaeceba5b02a132cb88030201af8d1873689b00ff7efc34859eafdc8ba
18:12:37     Zaloga zapisana; vir=NW_STOCK, podjetje=4, uporabljenih=2763, v karanteni=0, RunId=36e645c1-0464-4ad9-a073-0f78db05659d.
18:12:37     konec: Zaloga NW_STOCK
18:12:37  == Zaloga BT_STOCK ==
18:12:38     SOURCE_FETCH: se ni na vrsti po razporedu; preskoceno.
18:12:39     Prebranih zapisov: 1389; SHA-256: 87dc96ff135a90ff21281cf2e3d01cba9b89e36308560bfd15167c9a03d703ba
18:12:39     STOCK_FILE pri podjetju 1: se ni na vrsti po razporedu; preskoceno.
18:12:40     Prebranih zapisov: 1389; SHA-256: 87dc96ff135a90ff21281cf2e3d01cba9b89e36308560bfd15167c9a03d703ba
18:12:40     STOCK_FILE pri podjetju 2: se ni na vrsti po razporedu; preskoceno.
18:12:41     Prebranih zapisov: 1389; SHA-256: 87dc96ff135a90ff21281cf2e3d01cba9b89e36308560bfd15167c9a03d703ba
18:12:41     STOCK_FILE pri podjetju 3: se ni na vrsti po razporedu; preskoceno.
18:12:42     Prebranih zapisov: 1389; SHA-256: 87dc96ff135a90ff21281cf2e3d01cba9b89e36308560bfd15167c9a03d703ba
18:12:42     STOCK_FILE pri podjetju 4: se ni na vrsti po razporedu; preskoceno.
18:12:42     konec: Zaloga BT_STOCK
18:12:42  == Zaloga iz SAOP (kolicine) ==
18:12:43     [1] SAOP_STOCK: se ni na vrsti po razporedu; preskoceno.
18:12:43     [2] SAOP_STOCK: se ni na vrsti po razporedu; preskoceno.
18:12:43     [3] SAOP_STOCK: se ni na vrsti po razporedu; preskoceno.
18:12:43     [4] SAOP_STOCK: se ni na vrsti po razporedu; preskoceno.
18:12:43     konec: Zaloga iz SAOP (kolicine)
18:12:43  == Izvoz cen in zaloge za splet ==
18:12:45     Izvoz profila MAGENTO_STOCK_PRICES končan: 352 vrstic v C:\Users\david\Desktop\PIM\NoviPIM\izvoz\magento\1
18:12:48     Izvoz profila MAGENTO_STOCK_PRICES končan: 2071 vrstic v C:\Users\david\Desktop\PIM\NoviPIM\izvoz\magento\2
18:12:52     Izvoz profila MAGENTO_STOCK_PRICES končan: 2488 vrstic v C:\Users\david\Desktop\PIM\NoviPIM\izvoz\magento\3
18:12:53     Izvoz profila MAGENTO_STOCK_PRICES končan: 0 vrstic v C:\Users\david\Desktop\PIM\NoviPIM\izvoz\magento\4
18:12:53     konec: Izvoz cen in zaloge za splet
18:12:53  Zalogovni cikel koncan; padlih korakov: 0.
18:17:27  == Zaloga NW_STOCK ==
18:17:28     SOURCE_FETCH: se ni na vrsti po razporedu; preskoceno.
18:17:28     Prebranih zapisov: 2763; SHA-256: 5c0f9bfaeceba5b02a132cb88030201af8d1873689b00ff7efc34859eafdc8ba
18:17:29     STOCK_FILE pri podjetju 1: se ni na vrsti po razporedu; preskoceno.
18:17:29     Prebranih zapisov: 2763; SHA-256: 5c0f9bfaeceba5b02a132cb88030201af8d1873689b00ff7efc34859eafdc8ba
18:17:30     STOCK_FILE pri podjetju 2: se ni na vrsti po razporedu; preskoceno.
18:17:30     Prebranih zapisov: 2763; SHA-256: 5c0f9bfaeceba5b02a132cb88030201af8d1873689b00ff7efc34859eafdc8ba
18:17:31     STOCK_FILE pri podjetju 3: se ni na vrsti po razporedu; preskoceno.
18:17:31     Prebranih zapisov: 2763; SHA-256: 5c0f9bfaeceba5b02a132cb88030201af8d1873689b00ff7efc34859eafdc8ba
18:17:31     STOCK_FILE pri podjetju 4: se ni na vrsti po razporedu; preskoceno.
18:17:32     konec: Zaloga NW_STOCK
18:17:32  == Zaloga BT_STOCK ==
18:17:32     [BT_STOCK] preskoceno: Razmik dobavitelja se tece; naslednji prenos po 3. 09. 2026 20:17.
18:17:32     Prevzem koncan: uspesno 0, neuspesno 0, skupaj virov 1.
18:17:33     Prebranih zapisov: 1389; SHA-256: 87dc96ff135a90ff21281cf2e3d01cba9b89e36308560bfd15167c9a03d703ba
18:17:34     Ta posnetek je ze v bazi; vir=BT_STOCK, podjetje=1, cas posnetka=2026-09-03 15:17:35Z, uporabljenih=1389, v karanteni=0, RunId=5e288d2d-98ef-40e1-b33c-663e6d513e74. Zapisano ni bilo nic.
18:17:34     Prebranih zapisov: 1389; SHA-256: 87dc96ff135a90ff21281cf2e3d01cba9b89e36308560bfd15167c9a03d703ba
18:17:35     Ta posnetek je ze v bazi; vir=BT_STOCK, podjetje=2, cas posnetka=2026-09-03 15:17:35Z, uporabljenih=1389, v karanteni=0, RunId=3496c976-0c49-45c5-9f74-0ffd35e5d443. Zapisano ni bilo nic.
18:17:35     Prebranih zapisov: 1389; SHA-256: 87dc96ff135a90ff21281cf2e3d01cba9b89e36308560bfd15167c9a03d703ba
18:17:36     Ta posnetek je ze v bazi; vir=BT_STOCK, podjetje=3, cas posnetka=2026-09-03 15:17:35Z, uporabljenih=1389, v karanteni=0, RunId=3dd9ac1c-09dd-4827-b930-eb014cdb2746. Zapisano ni bilo nic.
18:17:36     Prebranih zapisov: 1389; SHA-256: 87dc96ff135a90ff21281cf2e3d01cba9b89e36308560bfd15167c9a03d703ba
18:17:37     Ta posnetek je ze v bazi; vir=BT_STOCK, podjetje=4, cas posnetka=2026-09-03 15:17:35Z, uporabljenih=1389, v karanteni=0, RunId=bec7f147-9b63-48d7-a0cc-8df0cb029c6c. Zapisano ni bilo nic.
18:17:37     konec: Zaloga BT_STOCK
18:17:37  == Zaloga iz SAOP (kolicine) ==
18:17:38     [1] SAOP_STOCK: se ni na vrsti po razporedu; preskoceno.
18:17:38     [2] SAOP_STOCK: se ni na vrsti po razporedu; preskoceno.
18:17:38     [3] SAOP_STOCK: se ni na vrsti po razporedu; preskoceno.
18:17:38     [4] SAOP_STOCK: se ni na vrsti po razporedu; preskoceno.
18:17:38     konec: Zaloga iz SAOP (kolicine)
18:17:38  == Izvoz cen in zaloge za splet ==
18:17:39     Izvoz profila MAGENTO_STOCK_PRICES končan: 352 vrstic v C:\Users\david\Desktop\PIM\NoviPIM\izvoz\magento\1
18:17:43     Izvoz profila MAGENTO_STOCK_PRICES končan: 2071 vrstic v C:\Users\david\Desktop\PIM\NoviPIM\izvoz\magento\2
18:17:47     Izvoz profila MAGENTO_STOCK_PRICES končan: 2488 vrstic v C:\Users\david\Desktop\PIM\NoviPIM\izvoz\magento\3
18:17:48     Izvoz profila MAGENTO_STOCK_PRICES končan: 0 vrstic v C:\Users\david\Desktop\PIM\NoviPIM\izvoz\magento\4
18:17:48     konec: Izvoz cen in zaloge za splet
18:17:48  Zalogovni cikel koncan; padlih korakov: 0.
18:22:27  == Zaloga NW_STOCK ==
18:22:28     SOURCE_FETCH: se ni na vrsti po razporedu; preskoceno.
18:22:28     Prebranih zapisov: 2763; SHA-256: 5c0f9bfaeceba5b02a132cb88030201af8d1873689b00ff7efc34859eafdc8ba
18:22:29     STOCK_FILE pri podjetju 1: se ni na vrsti po razporedu; preskoceno.
18:22:29     Prebranih zapisov: 2763; SHA-256: 5c0f9bfaeceba5b02a132cb88030201af8d1873689b00ff7efc34859eafdc8ba
18:22:30     STOCK_FILE pri podjetju 2: se ni na vrsti po razporedu; preskoceno.
18:22:30     Prebranih zapisov: 2763; SHA-256: 5c0f9bfaeceba5b02a132cb88030201af8d1873689b00ff7efc34859eafdc8ba
18:22:31     STOCK_FILE pri podjetju 3: se ni na vrsti po razporedu; preskoceno.
18:22:31     Prebranih zapisov: 2763; SHA-256: 5c0f9bfaeceba5b02a132cb88030201af8d1873689b00ff7efc34859eafdc8ba
18:22:32     STOCK_FILE pri podjetju 4: se ni na vrsti po razporedu; preskoceno.
18:22:32     konec: Zaloga NW_STOCK
18:22:32  == Zaloga BT_STOCK ==
18:22:33     [BT_STOCK] preskoceno: Razmik dobavitelja se tece; naslednji prenos po 3. 09. 2026 20:17.
18:22:33     Prevzem koncan: uspesno 0, neuspesno 0, skupaj virov 1.
18:22:33     Prebranih zapisov: 1389; SHA-256: 87dc96ff135a90ff21281cf2e3d01cba9b89e36308560bfd15167c9a03d703ba
18:22:34     Ta posnetek je ze v bazi; vir=BT_STOCK, podjetje=1, cas posnetka=2026-09-03 15:17:35Z, uporabljenih=1389, v karanteni=0, RunId=5e288d2d-98ef-40e1-b33c-663e6d513e74. Zapisano ni bilo nic.
18:22:34     Prebranih zapisov: 1389; SHA-256: 87dc96ff135a90ff21281cf2e3d01cba9b89e36308560bfd15167c9a03d703ba
18:22:35     Ta posnetek je ze v bazi; vir=BT_STOCK, podjetje=2, cas posnetka=2026-09-03 15:17:35Z, uporabljenih=1389, v karanteni=0, RunId=3496c976-0c49-45c5-9f74-0ffd35e5d443. Zapisano ni bilo nic.
18:22:35     Prebranih zapisov: 1389; SHA-256: 87dc96ff135a90ff21281cf2e3d01cba9b89e36308560bfd15167c9a03d703ba
18:22:36     Ta posnetek je ze v bazi; vir=BT_STOCK, podjetje=3, cas posnetka=2026-09-03 15:17:35Z, uporabljenih=1389, v karanteni=0, RunId=3dd9ac1c-09dd-4827-b930-eb014cdb2746. Zapisano ni bilo nic.
18:22:36     Prebranih zapisov: 1389; SHA-256: 87dc96ff135a90ff21281cf2e3d01cba9b89e36308560bfd15167c9a03d703ba
18:22:37     Ta posnetek je ze v bazi; vir=BT_STOCK, podjetje=4, cas posnetka=2026-09-03 15:17:35Z, uporabljenih=1389, v karanteni=0, RunId=bec7f147-9b63-48d7-a0cc-8df0cb029c6c. Zapisano ni bilo nic.
18:22:37     konec: Zaloga BT_STOCK
18:22:37  == Zaloga iz SAOP (kolicine) ==
18:22:38     [1] SAOP_STOCK: se ni na vrsti po razporedu; preskoceno.
18:22:38     [2] SAOP_STOCK: se ni na vrsti po razporedu; preskoceno.
18:22:38     [3] SAOP_STOCK: se ni na vrsti po razporedu; preskoceno.
18:22:38     [4] SAOP_STOCK: se ni na vrsti po razporedu; preskoceno.
18:22:38     konec: Zaloga iz SAOP (kolicine)
18:22:38  == Izvoz cen in zaloge za splet ==
18:22:39     Izvoz profila MAGENTO_STOCK_PRICES končan: 352 vrstic v C:\Users\david\Desktop\PIM\NoviPIM\izvoz\magento\1
18:22:43     Izvoz profila MAGENTO_STOCK_PRICES končan: 2071 vrstic v C:\Users\david\Desktop\PIM\NoviPIM\izvoz\magento\2
18:22:47     Izvoz profila MAGENTO_STOCK_PRICES končan: 2488 vrstic v C:\Users\david\Desktop\PIM\NoviPIM\izvoz\magento\3
18:22:48     Izvoz profila MAGENTO_STOCK_PRICES končan: 0 vrstic v C:\Users\david\Desktop\PIM\NoviPIM\izvoz\magento\4
18:22:48     konec: Izvoz cen in zaloge za splet
18:22:48  Zalogovni cikel koncan; padlih korakov: 0.
18:27:27  == Zaloga NW_STOCK ==
18:27:28     SOURCE_FETCH: se ni na vrsti po razporedu; preskoceno.
18:27:28     Prebranih zapisov: 2763; SHA-256: 5c0f9bfaeceba5b02a132cb88030201af8d1873689b00ff7efc34859eafdc8ba
18:27:29     STOCK_FILE pri podjetju 1: se ni na vrsti po razporedu; preskoceno.
18:27:29     Prebranih zapisov: 2763; SHA-256: 5c0f9bfaeceba5b02a132cb88030201af8d1873689b00ff7efc34859eafdc8ba
18:27:30     STOCK_FILE pri podjetju 2: se ni na vrsti po razporedu; preskoceno.
18:27:30     Prebranih zapisov: 2763; SHA-256: 5c0f9bfaeceba5b02a132cb88030201af8d1873689b00ff7efc34859eafdc8ba
18:27:31     STOCK_FILE pri podjetju 3: se ni na vrsti po razporedu; preskoceno.
18:27:31     Prebranih zapisov: 2763; SHA-256: 5c0f9bfaeceba5b02a132cb88030201af8d1873689b00ff7efc34859eafdc8ba
18:27:31     STOCK_FILE pri podjetju 4: se ni na vrsti po razporedu; preskoceno.
18:27:32     konec: Zaloga NW_STOCK
18:27:32  == Zaloga BT_STOCK ==
18:27:32     SOURCE_FETCH: se ni na vrsti po razporedu; preskoceno.
18:27:33     Prebranih zapisov: 1389; SHA-256: 87dc96ff135a90ff21281cf2e3d01cba9b89e36308560bfd15167c9a03d703ba
18:27:33     STOCK_FILE pri podjetju 1: se ni na vrsti po razporedu; preskoceno.
18:27:34     Prebranih zapisov: 1389; SHA-256: 87dc96ff135a90ff21281cf2e3d01cba9b89e36308560bfd15167c9a03d703ba
18:27:34     STOCK_FILE pri podjetju 2: se ni na vrsti po razporedu; preskoceno.
18:27:35     Prebranih zapisov: 1389; SHA-256: 87dc96ff135a90ff21281cf2e3d01cba9b89e36308560bfd15167c9a03d703ba
18:27:35     STOCK_FILE pri podjetju 3: se ni na vrsti po razporedu; preskoceno.
18:27:36     Prebranih zapisov: 1389; SHA-256: 87dc96ff135a90ff21281cf2e3d01cba9b89e36308560bfd15167c9a03d703ba
18:27:36     STOCK_FILE pri podjetju 4: se ni na vrsti po razporedu; preskoceno.
18:27:36     konec: Zaloga BT_STOCK
18:27:36  == Zaloga iz SAOP (kolicine) ==
18:27:37     [1] SAOP_STOCK: se ni na vrsti po razporedu; preskoceno.
18:27:37     [2] SAOP_STOCK: se ni na vrsti po razporedu; preskoceno.
18:27:37     [3] SAOP_STOCK: se ni na vrsti po razporedu; preskoceno.
18:27:37     [4] SAOP_STOCK: se ni na vrsti po razporedu; preskoceno.
18:27:37     konec: Zaloga iz SAOP (kolicine)
18:27:37  == Izvoz cen in zaloge za splet ==
18:27:39     Izvoz profila MAGENTO_STOCK_PRICES končan: 352 vrstic v C:\Users\david\Desktop\PIM\NoviPIM\izvoz\magento\1
18:27:43     Izvoz profila MAGENTO_STOCK_PRICES končan: 2071 vrstic v C:\Users\david\Desktop\PIM\NoviPIM\izvoz\magento\2
18:27:46     Izvoz profila MAGENTO_STOCK_PRICES končan: 2488 vrstic v C:\Users\david\Desktop\PIM\NoviPIM\izvoz\magento\3
18:27:47     Izvoz profila MAGENTO_STOCK_PRICES končan: 0 vrstic v C:\Users\david\Desktop\PIM\NoviPIM\izvoz\magento\4
18:27:47     konec: Izvoz cen in zaloge za splet
18:27:47  Zalogovni cikel koncan; padlih korakov: 0.
18:32:27  == Zaloga NW_STOCK ==
18:32:28     [NW_STOCK] preskoceno: Razmik dobavitelja se tece; naslednji prenos po 3. 09. 2026 20:12.
18:32:28     Prevzem koncan: uspesno 0, neuspesno 0, skupaj virov 1.
18:32:29     Prebranih zapisov: 2763; SHA-256: 5c0f9bfaeceba5b02a132cb88030201af8d1873689b00ff7efc34859eafdc8ba
18:32:29     Ta posnetek je ze v bazi; vir=NW_STOCK, podjetje=1, cas posnetka=2026-09-03 16:12:28Z, uporabljenih=2763, v karanteni=0, RunId=9700cd4c-ea71-4c4f-8b44-672b8731ad50. Zapisano ni bilo nic.
18:32:30     Prebranih zapisov: 2763; SHA-256: 5c0f9bfaeceba5b02a132cb88030201af8d1873689b00ff7efc34859eafdc8ba
18:32:30     Ta posnetek je ze v bazi; vir=NW_STOCK, podjetje=2, cas posnetka=2026-09-03 16:12:28Z, uporabljenih=2763, v karanteni=0, RunId=a4226cd5-28c3-4fea-b5fb-2d2b6ec7f4b2. Zapisano ni bilo nic.
18:32:31     Prebranih zapisov: 2763; SHA-256: 5c0f9bfaeceba5b02a132cb88030201af8d1873689b00ff7efc34859eafdc8ba
18:32:31     Ta posnetek je ze v bazi; vir=NW_STOCK, podjetje=3, cas posnetka=2026-09-03 16:12:28Z, uporabljenih=2763, v karanteni=0, RunId=72df1bad-f803-4918-9817-63d1094c0ba9. Zapisano ni bilo nic.
18:32:32     Prebranih zapisov: 2763; SHA-256: 5c0f9bfaeceba5b02a132cb88030201af8d1873689b00ff7efc34859eafdc8ba
18:32:32     Ta posnetek je ze v bazi; vir=NW_STOCK, podjetje=4, cas posnetka=2026-09-03 16:12:28Z, uporabljenih=2763, v karanteni=0, RunId=36e645c1-0464-4ad9-a073-0f78db05659d. Zapisano ni bilo nic.
18:32:32     konec: Zaloga NW_STOCK
18:32:32  == Zaloga BT_STOCK ==
18:32:33     SOURCE_FETCH: se ni na vrsti po razporedu; preskoceno.
18:32:34     Prebranih zapisov: 1389; SHA-256: 87dc96ff135a90ff21281cf2e3d01cba9b89e36308560bfd15167c9a03d703ba
18:32:34     STOCK_FILE pri podjetju 1: se ni na vrsti po razporedu; preskoceno.
18:32:35     Prebranih zapisov: 1389; SHA-256: 87dc96ff135a90ff21281cf2e3d01cba9b89e36308560bfd15167c9a03d703ba
18:32:35     STOCK_FILE pri podjetju 2: se ni na vrsti po razporedu; preskoceno.
18:32:36     Prebranih zapisov: 1389; SHA-256: 87dc96ff135a90ff21281cf2e3d01cba9b89e36308560bfd15167c9a03d703ba
18:32:36     STOCK_FILE pri podjetju 3: se ni na vrsti po razporedu; preskoceno.
18:32:37     Prebranih zapisov: 1389; SHA-256: 87dc96ff135a90ff21281cf2e3d01cba9b89e36308560bfd15167c9a03d703ba
18:32:37     STOCK_FILE pri podjetju 4: se ni na vrsti po razporedu; preskoceno.
18:32:37     konec: Zaloga BT_STOCK
18:32:37  == Zaloga iz SAOP (kolicine) ==
18:32:38     [1] SAOP_STOCK: se ni na vrsti po razporedu; preskoceno.
18:32:38     [2] SAOP_STOCK: se ni na vrsti po razporedu; preskoceno.
18:32:38     [3] SAOP_STOCK: se ni na vrsti po razporedu; preskoceno.
18:32:38     [4] SAOP_STOCK: se ni na vrsti po razporedu; preskoceno.
18:32:38     konec: Zaloga iz SAOP (kolicine)
18:32:38  == Izvoz cen in zaloge za splet ==
18:32:39     Izvoz profila MAGENTO_STOCK_PRICES končan: 352 vrstic v C:\Users\david\Desktop\PIM\NoviPIM\izvoz\magento\1
18:32:43     Izvoz profila MAGENTO_STOCK_PRICES končan: 2071 vrstic v C:\Users\david\Desktop\PIM\NoviPIM\izvoz\magento\2
18:32:47     Izvoz profila MAGENTO_STOCK_PRICES končan: 2488 vrstic v C:\Users\david\Desktop\PIM\NoviPIM\izvoz\magento\3
18:32:48     Izvoz profila MAGENTO_STOCK_PRICES končan: 0 vrstic v C:\Users\david\Desktop\PIM\NoviPIM\izvoz\magento\4
18:32:48     konec: Izvoz cen in zaloge za splet
18:32:48  Zalogovni cikel koncan; padlih korakov: 0.
18:37:27  == Zaloga NW_STOCK ==
18:37:28     SOURCE_FETCH: se ni na vrsti po razporedu; preskoceno.
18:37:28     Prebranih zapisov: 2763; SHA-256: 5c0f9bfaeceba5b02a132cb88030201af8d1873689b00ff7efc34859eafdc8ba
18:37:29     STOCK_FILE pri podjetju 1: se ni na vrsti po razporedu; preskoceno.
18:37:29     Prebranih zapisov: 2763; SHA-256: 5c0f9bfaeceba5b02a132cb88030201af8d1873689b00ff7efc34859eafdc8ba
18:37:30     STOCK_FILE pri podjetju 2: se ni na vrsti po razporedu; preskoceno.
18:37:30     Prebranih zapisov: 2763; SHA-256: 5c0f9bfaeceba5b02a132cb88030201af8d1873689b00ff7efc34859eafdc8ba
18:37:31     STOCK_FILE pri podjetju 3: se ni na vrsti po razporedu; preskoceno.
18:37:31     Prebranih zapisov: 2763; SHA-256: 5c0f9bfaeceba5b02a132cb88030201af8d1873689b00ff7efc34859eafdc8ba
18:37:32     STOCK_FILE pri podjetju 4: se ni na vrsti po razporedu; preskoceno.
18:37:32     konec: Zaloga NW_STOCK
18:37:32  == Zaloga BT_STOCK ==
18:37:32     [BT_STOCK] preskoceno: Razmik dobavitelja se tece; naslednji prenos po 3. 09. 2026 20:17.
18:37:32     Prevzem koncan: uspesno 0, neuspesno 0, skupaj virov 1.
18:37:33     Prebranih zapisov: 1389; SHA-256: 87dc96ff135a90ff21281cf2e3d01cba9b89e36308560bfd15167c9a03d703ba
18:37:34     Ta posnetek je ze v bazi; vir=BT_STOCK, podjetje=1, cas posnetka=2026-09-03 15:17:35Z, uporabljenih=1389, v karanteni=0, RunId=5e288d2d-98ef-40e1-b33c-663e6d513e74. Zapisano ni bilo nic.
18:37:34     Prebranih zapisov: 1389; SHA-256: 87dc96ff135a90ff21281cf2e3d01cba9b89e36308560bfd15167c9a03d703ba
18:37:35     Ta posnetek je ze v bazi; vir=BT_STOCK, podjetje=2, cas posnetka=2026-09-03 15:17:35Z, uporabljenih=1389, v karanteni=0, RunId=3496c976-0c49-45c5-9f74-0ffd35e5d443. Zapisano ni bilo nic.
18:37:35     Prebranih zapisov: 1389; SHA-256: 87dc96ff135a90ff21281cf2e3d01cba9b89e36308560bfd15167c9a03d703ba
18:37:36     Ta posnetek je ze v bazi; vir=BT_STOCK, podjetje=3, cas posnetka=2026-09-03 15:17:35Z, uporabljenih=1389, v karanteni=0, RunId=3dd9ac1c-09dd-4827-b930-eb014cdb2746. Zapisano ni bilo nic.
18:37:36     Prebranih zapisov: 1389; SHA-256: 87dc96ff135a90ff21281cf2e3d01cba9b89e36308560bfd15167c9a03d703ba
18:37:37     Ta posnetek je ze v bazi; vir=BT_STOCK, podjetje=4, cas posnetka=2026-09-03 15:17:35Z, uporabljenih=1389, v karanteni=0, RunId=bec7f147-9b63-48d7-a0cc-8df0cb029c6c. Zapisano ni bilo nic.
18:37:37     konec: Zaloga BT_STOCK
18:37:37  == Zaloga iz SAOP (kolicine) ==
18:37:38     [1] SAOP_STOCK: se ni na vrsti po razporedu; preskoceno.
18:37:38     [2] SAOP_STOCK: se ni na vrsti po razporedu; preskoceno.
18:37:38     [3] SAOP_STOCK: se ni na vrsti po razporedu; preskoceno.
18:37:38     [4] SAOP_STOCK: se ni na vrsti po razporedu; preskoceno.
18:37:38     konec: Zaloga iz SAOP (kolicine)
18:37:38  == Izvoz cen in zaloge za splet ==
18:37:39     Izvoz profila MAGENTO_STOCK_PRICES končan: 352 vrstic v C:\Users\david\Desktop\PIM\NoviPIM\izvoz\magento\1
18:37:43     Izvoz profila MAGENTO_STOCK_PRICES končan: 2071 vrstic v C:\Users\david\Desktop\PIM\NoviPIM\izvoz\magento\2
18:37:47     Izvoz profila MAGENTO_STOCK_PRICES končan: 2488 vrstic v C:\Users\david\Desktop\PIM\NoviPIM\izvoz\magento\3
18:37:48     Izvoz profila MAGENTO_STOCK_PRICES končan: 0 vrstic v C:\Users\david\Desktop\PIM\NoviPIM\izvoz\magento\4
18:37:48     konec: Izvoz cen in zaloge za splet
18:37:48  Zalogovni cikel koncan; padlih korakov: 0.
18:42:27  == Zaloga NW_STOCK ==
18:42:28     SOURCE_FETCH: se ni na vrsti po razporedu; preskoceno.
18:42:28     Prebranih zapisov: 2763; SHA-256: 5c0f9bfaeceba5b02a132cb88030201af8d1873689b00ff7efc34859eafdc8ba
18:42:29     STOCK_FILE pri podjetju 1: se ni na vrsti po razporedu; preskoceno.
18:42:29     Prebranih zapisov: 2763; SHA-256: 5c0f9bfaeceba5b02a132cb88030201af8d1873689b00ff7efc34859eafdc8ba
18:42:30     STOCK_FILE pri podjetju 2: se ni na vrsti po razporedu; preskoceno.
18:42:30     Prebranih zapisov: 2763; SHA-256: 5c0f9bfaeceba5b02a132cb88030201af8d1873689b00ff7efc34859eafdc8ba
18:42:31     STOCK_FILE pri podjetju 3: se ni na vrsti po razporedu; preskoceno.
18:42:31     Prebranih zapisov: 2763; SHA-256: 5c0f9bfaeceba5b02a132cb88030201af8d1873689b00ff7efc34859eafdc8ba
18:42:32     STOCK_FILE pri podjetju 4: se ni na vrsti po razporedu; preskoceno.
18:42:32     konec: Zaloga NW_STOCK
18:42:32  == Zaloga BT_STOCK ==
18:42:32     SOURCE_FETCH: se ni na vrsti po razporedu; preskoceno.
18:42:33     Prebranih zapisov: 1389; SHA-256: 87dc96ff135a90ff21281cf2e3d01cba9b89e36308560bfd15167c9a03d703ba
18:42:34     Ta posnetek je ze v bazi; vir=BT_STOCK, podjetje=1, cas posnetka=2026-09-03 15:17:35Z, uporabljenih=1389, v karanteni=0, RunId=5e288d2d-98ef-40e1-b33c-663e6d513e74. Zapisano ni bilo nic.
18:42:34     Prebranih zapisov: 1389; SHA-256: 87dc96ff135a90ff21281cf2e3d01cba9b89e36308560bfd15167c9a03d703ba
18:42:35     Ta posnetek je ze v bazi; vir=BT_STOCK, podjetje=2, cas posnetka=2026-09-03 15:17:35Z, uporabljenih=1389, v karanteni=0, RunId=3496c976-0c49-45c5-9f74-0ffd35e5d443. Zapisano ni bilo nic.
18:42:35     Prebranih zapisov: 1389; SHA-256: 87dc96ff135a90ff21281cf2e3d01cba9b89e36308560bfd15167c9a03d703ba
18:42:36     Ta posnetek je ze v bazi; vir=BT_STOCK, podjetje=3, cas posnetka=2026-09-03 15:17:35Z, uporabljenih=1389, v karanteni=0, RunId=3dd9ac1c-09dd-4827-b930-eb014cdb2746. Zapisano ni bilo nic.
18:42:36     Prebranih zapisov: 1389; SHA-256: 87dc96ff135a90ff21281cf2e3d01cba9b89e36308560bfd15167c9a03d703ba
18:42:37     STOCK_FILE pri podjetju 4: se ni na vrsti po razporedu; preskoceno.
18:42:37     konec: Zaloga BT_STOCK
18:42:37  == Zaloga iz SAOP (kolicine) ==
18:42:38     [1] SAOP_STOCK: se ni na vrsti po razporedu; preskoceno.
18:42:38     [2] SAOP_STOCK: se ni na vrsti po razporedu; preskoceno.
18:42:38     [3] SAOP_STOCK: se ni na vrsti po razporedu; preskoceno.
18:42:38     [4] SAOP_STOCK: se ni na vrsti po razporedu; preskoceno.
18:42:38     konec: Zaloga iz SAOP (kolicine)
18:42:38  == Izvoz cen in zaloge za splet ==
18:42:39     Izvoz profila MAGENTO_STOCK_PRICES končan: 352 vrstic v C:\Users\david\Desktop\PIM\NoviPIM\izvoz\magento\1
18:42:43     Izvoz profila MAGENTO_STOCK_PRICES končan: 2071 vrstic v C:\Users\david\Desktop\PIM\NoviPIM\izvoz\magento\2
18:42:47     Izvoz profila MAGENTO_STOCK_PRICES končan: 2488 vrstic v C:\Users\david\Desktop\PIM\NoviPIM\izvoz\magento\3
18:42:48     Izvoz profila MAGENTO_STOCK_PRICES končan: 0 vrstic v C:\Users\david\Desktop\PIM\NoviPIM\izvoz\magento\4
18:42:48     konec: Izvoz cen in zaloge za splet
18:42:48  Zalogovni cikel koncan; padlih korakov: 0.
18:47:27  == Zaloga NW_STOCK ==
18:47:28     [NW_STOCK] preskoceno: Razmik dobavitelja se tece; naslednji prenos po 3. 09. 2026 20:12.
18:47:28     Prevzem koncan: uspesno 0, neuspesno 0, skupaj virov 1.
18:47:29     Prebranih zapisov: 2763; SHA-256: 5c0f9bfaeceba5b02a132cb88030201af8d1873689b00ff7efc34859eafdc8ba
18:47:29     STOCK_FILE pri podjetju 1: se ni na vrsti po razporedu; preskoceno.
18:47:30     Prebranih zapisov: 2763; SHA-256: 5c0f9bfaeceba5b02a132cb88030201af8d1873689b00ff7efc34859eafdc8ba
18:47:30     STOCK_FILE pri podjetju 2: se ni na vrsti po razporedu; preskoceno.
18:47:30     Prebranih zapisov: 2763; SHA-256: 5c0f9bfaeceba5b02a132cb88030201af8d1873689b00ff7efc34859eafdc8ba
18:47:31     STOCK_FILE pri podjetju 3: se ni na vrsti po razporedu; preskoceno.
18:47:31     Prebranih zapisov: 2763; SHA-256: 5c0f9bfaeceba5b02a132cb88030201af8d1873689b00ff7efc34859eafdc8ba
18:47:32     Ta posnetek je ze v bazi; vir=NW_STOCK, podjetje=4, cas posnetka=2026-09-03 16:12:28Z, uporabljenih=2763, v karanteni=0, RunId=36e645c1-0464-4ad9-a073-0f78db05659d. Zapisano ni bilo nic.
18:47:32     konec: Zaloga NW_STOCK
18:47:32  == Zaloga BT_STOCK ==
18:47:33     SOURCE_FETCH: se ni na vrsti po razporedu; preskoceno.
18:47:33     Prebranih zapisov: 1389; SHA-256: 87dc96ff135a90ff21281cf2e3d01cba9b89e36308560bfd15167c9a03d703ba
18:47:34     Ta posnetek je ze v bazi; vir=BT_STOCK, podjetje=1, cas posnetka=2026-09-03 15:17:35Z, uporabljenih=1389, v karanteni=0, RunId=5e288d2d-98ef-40e1-b33c-663e6d513e74. Zapisano ni bilo nic.
18:47:34     Prebranih zapisov: 1389; SHA-256: 87dc96ff135a90ff21281cf2e3d01cba9b89e36308560bfd15167c9a03d703ba
18:47:35     Ta posnetek je ze v bazi; vir=BT_STOCK, podjetje=2, cas posnetka=2026-09-03 15:17:35Z, uporabljenih=1389, v karanteni=0, RunId=3496c976-0c49-45c5-9f74-0ffd35e5d443. Zapisano ni bilo nic.
18:47:36     Prebranih zapisov: 1389; SHA-256: 87dc96ff135a90ff21281cf2e3d01cba9b89e36308560bfd15167c9a03d703ba
18:47:36     Ta posnetek je ze v bazi; vir=BT_STOCK, podjetje=3, cas posnetka=2026-09-03 15:17:35Z, uporabljenih=1389, v karanteni=0, RunId=3dd9ac1c-09dd-4827-b930-eb014cdb2746. Zapisano ni bilo nic.
18:47:37     Prebranih zapisov: 1389; SHA-256: 87dc96ff135a90ff21281cf2e3d01cba9b89e36308560bfd15167c9a03d703ba
18:47:37     STOCK_FILE pri podjetju 4: se ni na vrsti po razporedu; preskoceno.
18:47:37     konec: Zaloga BT_STOCK
18:47:37  == Zaloga iz SAOP (kolicine) ==
18:47:38     [1] SAOP_STOCK: se ni na vrsti po razporedu; preskoceno.
18:47:38     [2] SAOP_STOCK: se ni na vrsti po razporedu; preskoceno.
18:47:38     [3] SAOP_STOCK: se ni na vrsti po razporedu; preskoceno.
18:47:38     [4] SAOP_STOCK: se ni na vrsti po razporedu; preskoceno.
18:47:38     konec: Zaloga iz SAOP (kolicine)
18:47:38  == Izvoz cen in zaloge za splet ==
18:47:39     Izvoz profila MAGENTO_STOCK_PRICES končan: 352 vrstic v C:\Users\david\Desktop\PIM\NoviPIM\izvoz\magento\1
18:47:43     Izvoz profila MAGENTO_STOCK_PRICES končan: 2071 vrstic v C:\Users\david\Desktop\PIM\NoviPIM\izvoz\magento\2
18:47:47     Izvoz profila MAGENTO_STOCK_PRICES končan: 2488 vrstic v C:\Users\david\Desktop\PIM\NoviPIM\izvoz\magento\3
18:47:48     Izvoz profila MAGENTO_STOCK_PRICES končan: 0 vrstic v C:\Users\david\Desktop\PIM\NoviPIM\izvoz\magento\4
18:47:48     konec: Izvoz cen in zaloge za splet
18:47:48  Zalogovni cikel koncan; padlih korakov: 0.
18:52:27  == Zaloga NW_STOCK ==
18:52:28     SOURCE_FETCH: se ni na vrsti po razporedu; preskoceno.
18:52:29     Prebranih zapisov: 2763; SHA-256: 5c0f9bfaeceba5b02a132cb88030201af8d1873689b00ff7efc34859eafdc8ba
18:52:29     STOCK_FILE pri podjetju 1: se ni na vrsti po razporedu; preskoceno.
18:52:29     Prebranih zapisov: 2763; SHA-256: 5c0f9bfaeceba5b02a132cb88030201af8d1873689b00ff7efc34859eafdc8ba
18:52:30     STOCK_FILE pri podjetju 2: se ni na vrsti po razporedu; preskoceno.
18:52:30     Prebranih zapisov: 2763; SHA-256: 5c0f9bfaeceba5b02a132cb88030201af8d1873689b00ff7efc34859eafdc8ba
18:52:31     STOCK_FILE pri podjetju 3: se ni na vrsti po razporedu; preskoceno.
18:52:31     Prebranih zapisov: 2763; SHA-256: 5c0f9bfaeceba5b02a132cb88030201af8d1873689b00ff7efc34859eafdc8ba
18:52:32     STOCK_FILE pri podjetju 4: se ni na vrsti po razporedu; preskoceno.
18:52:32     konec: Zaloga NW_STOCK
18:52:32  == Zaloga BT_STOCK ==
18:52:33     [BT_STOCK] preskoceno: Razmik dobavitelja se tece; naslednji prenos po 3. 09. 2026 20:17.
18:52:33     Prevzem koncan: uspesno 0, neuspesno 0, skupaj virov 1.
18:52:33     Prebranih zapisov: 1389; SHA-256: 87dc96ff135a90ff21281cf2e3d01cba9b89e36308560bfd15167c9a03d703ba
18:52:34     STOCK_FILE pri podjetju 1: se ni na vrsti po razporedu; preskoceno.
18:52:34     Prebranih zapisov: 1389; SHA-256: 87dc96ff135a90ff21281cf2e3d01cba9b89e36308560bfd15167c9a03d703ba
18:52:35     STOCK_FILE pri podjetju 2: se ni na vrsti po razporedu; preskoceno.
18:52:35     Prebranih zapisov: 1389; SHA-256: 87dc96ff135a90ff21281cf2e3d01cba9b89e36308560bfd15167c9a03d703ba
18:52:36     STOCK_FILE pri podjetju 3: se ni na vrsti po razporedu; preskoceno.
18:52:36     Prebranih zapisov: 1389; SHA-256: 87dc96ff135a90ff21281cf2e3d01cba9b89e36308560bfd15167c9a03d703ba
18:52:37     Ta posnetek je ze v bazi; vir=BT_STOCK, podjetje=4, cas posnetka=2026-09-03 15:17:35Z, uporabljenih=1389, v karanteni=0, RunId=bec7f147-9b63-48d7-a0cc-8df0cb029c6c. Zapisano ni bilo nic.
18:52:37     konec: Zaloga BT_STOCK
18:52:37  == Zaloga iz SAOP (kolicine) ==
18:52:38     [1] SAOP_STOCK: se ni na vrsti po razporedu; preskoceno.
18:52:38     [2] SAOP_STOCK: se ni na vrsti po razporedu; preskoceno.
18:52:38     [3] SAOP_STOCK: se ni na vrsti po razporedu; preskoceno.
18:52:38     [4] SAOP_STOCK: se ni na vrsti po razporedu; preskoceno.
18:52:38     konec: Zaloga iz SAOP (kolicine)
18:52:38  == Izvoz cen in zaloge za splet ==
18:52:39     Izvoz profila MAGENTO_STOCK_PRICES končan: 352 vrstic v C:\Users\david\Desktop\PIM\NoviPIM\izvoz\magento\1
18:52:43     Izvoz profila MAGENTO_STOCK_PRICES končan: 2071 vrstic v C:\Users\david\Desktop\PIM\NoviPIM\izvoz\magento\2
18:52:46     Izvoz profila MAGENTO_STOCK_PRICES končan: 2488 vrstic v C:\Users\david\Desktop\PIM\NoviPIM\izvoz\magento\3
18:52:48     Izvoz profila MAGENTO_STOCK_PRICES končan: 0 vrstic v C:\Users\david\Desktop\PIM\NoviPIM\izvoz\magento\4
18:52:48     konec: Izvoz cen in zaloge za splet
18:52:48  Zalogovni cikel koncan; padlih korakov: 0.
18:57:27  == Zaloga NW_STOCK ==
18:57:28     SOURCE_FETCH: se ni na vrsti po razporedu; preskoceno.
18:57:29     Prebranih zapisov: 2763; SHA-256: 5c0f9bfaeceba5b02a132cb88030201af8d1873689b00ff7efc34859eafdc8ba
18:57:29     Ta posnetek je ze v bazi; vir=NW_STOCK, podjetje=1, cas posnetka=2026-09-03 16:12:28Z, uporabljenih=2763, v karanteni=0, RunId=9700cd4c-ea71-4c4f-8b44-672b8731ad50. Zapisano ni bilo nic.
18:57:30     Prebranih zapisov: 2763; SHA-256: 5c0f9bfaeceba5b02a132cb88030201af8d1873689b00ff7efc34859eafdc8ba
18:57:30     Ta posnetek je ze v bazi; vir=NW_STOCK, podjetje=2, cas posnetka=2026-09-03 16:12:28Z, uporabljenih=2763, v karanteni=0, RunId=a4226cd5-28c3-4fea-b5fb-2d2b6ec7f4b2. Zapisano ni bilo nic.
18:57:31     Prebranih zapisov: 2763; SHA-256: 5c0f9bfaeceba5b02a132cb88030201af8d1873689b00ff7efc34859eafdc8ba
18:57:31     Ta posnetek je ze v bazi; vir=NW_STOCK, podjetje=3, cas posnetka=2026-09-03 16:12:28Z, uporabljenih=2763, v karanteni=0, RunId=72df1bad-f803-4918-9817-63d1094c0ba9. Zapisano ni bilo nic.
18:57:32     Prebranih zapisov: 2763; SHA-256: 5c0f9bfaeceba5b02a132cb88030201af8d1873689b00ff7efc34859eafdc8ba
18:57:32     STOCK_FILE pri podjetju 4: se ni na vrsti po razporedu; preskoceno.
18:57:32     konec: Zaloga NW_STOCK
18:57:32  == Zaloga BT_STOCK ==
18:57:33     [BT_STOCK] preskoceno: Razmik dobavitelja se tece; naslednji prenos po 3. 09. 2026 20:17.
18:57:33     Prevzem koncan: uspesno 0, neuspesno 0, skupaj virov 1.
18:57:34     Prebranih zapisov: 1389; SHA-256: 87dc96ff135a90ff21281cf2e3d01cba9b89e36308560bfd15167c9a03d703ba
18:57:34     STOCK_FILE pri podjetju 1: se ni na vrsti po razporedu; preskoceno.
18:57:35     Prebranih zapisov: 1389; SHA-256: 87dc96ff135a90ff21281cf2e3d01cba9b89e36308560bfd15167c9a03d703ba
18:57:35     STOCK_FILE pri podjetju 2: se ni na vrsti po razporedu; preskoceno.
18:57:36     Prebranih zapisov: 1389; SHA-256: 87dc96ff135a90ff21281cf2e3d01cba9b89e36308560bfd15167c9a03d703ba
18:57:36     STOCK_FILE pri podjetju 3: se ni na vrsti po razporedu; preskoceno.
18:57:36     Prebranih zapisov: 1389; SHA-256: 87dc96ff135a90ff21281cf2e3d01cba9b89e36308560bfd15167c9a03d703ba
18:57:37     Ta posnetek je ze v bazi; vir=BT_STOCK, podjetje=4, cas posnetka=2026-09-03 15:17:35Z, uporabljenih=1389, v karanteni=0, RunId=bec7f147-9b63-48d7-a0cc-8df0cb029c6c. Zapisano ni bilo nic.
18:57:37     konec: Zaloga BT_STOCK
18:57:37  == Zaloga iz SAOP (kolicine) ==
18:57:38     [1] SAOP_STOCK: se ni na vrsti po razporedu; preskoceno.
18:57:38     [2] SAOP_STOCK: se ni na vrsti po razporedu; preskoceno.
18:57:38     [3] SAOP_STOCK: se ni na vrsti po razporedu; preskoceno.
18:57:38     [4] SAOP_STOCK: se ni na vrsti po razporedu; preskoceno.
18:57:38     konec: Zaloga iz SAOP (kolicine)
18:57:38  == Izvoz cen in zaloge za splet ==
18:57:39     Izvoz profila MAGENTO_STOCK_PRICES končan: 352 vrstic v C:\Users\david\Desktop\PIM\NoviPIM\izvoz\magento\1
18:57:43     Izvoz profila MAGENTO_STOCK_PRICES končan: 2071 vrstic v C:\Users\david\Desktop\PIM\NoviPIM\izvoz\magento\2
18:57:47     Izvoz profila MAGENTO_STOCK_PRICES končan: 2488 vrstic v C:\Users\david\Desktop\PIM\NoviPIM\izvoz\magento\3
18:57:48     Izvoz profila MAGENTO_STOCK_PRICES končan: 0 vrstic v C:\Users\david\Desktop\PIM\NoviPIM\izvoz\magento\4
18:57:48     konec: Izvoz cen in zaloge za splet
18:57:48  Zalogovni cikel koncan; padlih korakov: 0.
19:02:27  == Zaloga NW_STOCK ==
19:02:28     SOURCE_FETCH: se ni na vrsti po razporedu; preskoceno.
19:02:29     Prebranih zapisov: 2763; SHA-256: 5c0f9bfaeceba5b02a132cb88030201af8d1873689b00ff7efc34859eafdc8ba
19:02:29     Ta posnetek je ze v bazi; vir=NW_STOCK, podjetje=1, cas posnetka=2026-09-03 16:12:28Z, uporabljenih=2763, v karanteni=0, RunId=9700cd4c-ea71-4c4f-8b44-672b8731ad50. Zapisano ni bilo nic.
19:02:30     Prebranih zapisov: 2763; SHA-256: 5c0f9bfaeceba5b02a132cb88030201af8d1873689b00ff7efc34859eafdc8ba
19:02:30     Ta posnetek je ze v bazi; vir=NW_STOCK, podjetje=2, cas posnetka=2026-09-03 16:12:28Z, uporabljenih=2763, v karanteni=0, RunId=a4226cd5-28c3-4fea-b5fb-2d2b6ec7f4b2. Zapisano ni bilo nic.
19:02:31     Prebranih zapisov: 2763; SHA-256: 5c0f9bfaeceba5b02a132cb88030201af8d1873689b00ff7efc34859eafdc8ba
19:02:31     Ta posnetek je ze v bazi; vir=NW_STOCK, podjetje=3, cas posnetka=2026-09-03 16:12:28Z, uporabljenih=2763, v karanteni=0, RunId=72df1bad-f803-4918-9817-63d1094c0ba9. Zapisano ni bilo nic.
19:02:32     Prebranih zapisov: 2763; SHA-256: 5c0f9bfaeceba5b02a132cb88030201af8d1873689b00ff7efc34859eafdc8ba
19:02:32     STOCK_FILE pri podjetju 4: se ni na vrsti po razporedu; preskoceno.
19:02:32     konec: Zaloga NW_STOCK
19:02:32  == Zaloga BT_STOCK ==
19:02:33     [BT_STOCK] preskoceno: Razmik dobavitelja se tece; naslednji prenos po 3. 09. 2026 20:17.
19:02:33     Prevzem koncan: uspesno 0, neuspesno 0, skupaj virov 1.
19:02:34     Prebranih zapisov: 1389; SHA-256: 87dc96ff135a90ff21281cf2e3d01cba9b89e36308560bfd15167c9a03d703ba
19:02:34     STOCK_FILE pri podjetju 1: se ni na vrsti po razporedu; preskoceno.
19:02:35     Prebranih zapisov: 1389; SHA-256: 87dc96ff135a90ff21281cf2e3d01cba9b89e36308560bfd15167c9a03d703ba
19:02:35     STOCK_FILE pri podjetju 2: se ni na vrsti po razporedu; preskoceno.
19:02:36     Prebranih zapisov: 1389; SHA-256: 87dc96ff135a90ff21281cf2e3d01cba9b89e36308560bfd15167c9a03d703ba
19:02:36     STOCK_FILE pri podjetju 3: se ni na vrsti po razporedu; preskoceno.
19:02:37     Prebranih zapisov: 1389; SHA-256: 87dc96ff135a90ff21281cf2e3d01cba9b89e36308560bfd15167c9a03d703ba
19:02:37     Ta posnetek je ze v bazi; vir=BT_STOCK, podjetje=4, cas posnetka=2026-09-03 15:17:35Z, uporabljenih=1389, v karanteni=0, RunId=bec7f147-9b63-48d7-a0cc-8df0cb029c6c. Zapisano ni bilo nic.
19:02:37     konec: Zaloga BT_STOCK
19:02:37  == Zaloga iz SAOP (kolicine) ==
19:02:38     [1] SAOP_STOCK: se ni na vrsti po razporedu; preskoceno.
19:02:38     [2] SAOP_STOCK: se ni na vrsti po razporedu; preskoceno.
19:02:38     [3] SAOP_STOCK: se ni na vrsti po razporedu; preskoceno.
19:02:38     [4] SAOP_STOCK: se ni na vrsti po razporedu; preskoceno.
19:02:38     konec: Zaloga iz SAOP (kolicine)
19:02:38  == Izvoz cen in zaloge za splet ==
19:02:39     Izvoz profila MAGENTO_STOCK_PRICES končan: 352 vrstic v C:\Users\david\Desktop\PIM\NoviPIM\izvoz\magento\1
19:02:43     Izvoz profila MAGENTO_STOCK_PRICES končan: 2071 vrstic v C:\Users\david\Desktop\PIM\NoviPIM\izvoz\magento\2
19:02:47     Izvoz profila MAGENTO_STOCK_PRICES končan: 2488 vrstic v C:\Users\david\Desktop\PIM\NoviPIM\izvoz\magento\3
19:02:48     Izvoz profila MAGENTO_STOCK_PRICES končan: 0 vrstic v C:\Users\david\Desktop\PIM\NoviPIM\izvoz\magento\4
19:02:48     konec: Izvoz cen in zaloge za splet
19:02:48  Zalogovni cikel koncan; padlih korakov: 0.
19:07:27  == Zaloga NW_STOCK ==
19:07:28     SOURCE_FETCH: se ni na vrsti po razporedu; preskoceno.
19:07:29     Prebranih zapisov: 2763; SHA-256: 5c0f9bfaeceba5b02a132cb88030201af8d1873689b00ff7efc34859eafdc8ba
19:07:29     Ta posnetek je ze v bazi; vir=NW_STOCK, podjetje=1, cas posnetka=2026-09-03 16:12:28Z, uporabljenih=2763, v karanteni=0, RunId=9700cd4c-ea71-4c4f-8b44-672b8731ad50. Zapisano ni bilo nic.
19:07:30     Prebranih zapisov: 2763; SHA-256: 5c0f9bfaeceba5b02a132cb88030201af8d1873689b00ff7efc34859eafdc8ba
19:07:30     Ta posnetek je ze v bazi; vir=NW_STOCK, podjetje=2, cas posnetka=2026-09-03 16:12:28Z, uporabljenih=2763, v karanteni=0, RunId=a4226cd5-28c3-4fea-b5fb-2d2b6ec7f4b2. Zapisano ni bilo nic.
19:07:31     Prebranih zapisov: 2763; SHA-256: 5c0f9bfaeceba5b02a132cb88030201af8d1873689b00ff7efc34859eafdc8ba
19:07:31     Ta posnetek je ze v bazi; vir=NW_STOCK, podjetje=3, cas posnetka=2026-09-03 16:12:28Z, uporabljenih=2763, v karanteni=0, RunId=72df1bad-f803-4918-9817-63d1094c0ba9. Zapisano ni bilo nic.
19:07:32     Prebranih zapisov: 2763; SHA-256: 5c0f9bfaeceba5b02a132cb88030201af8d1873689b00ff7efc34859eafdc8ba
19:07:32     STOCK_FILE pri podjetju 4: se ni na vrsti po razporedu; preskoceno.
19:07:32     konec: Zaloga NW_STOCK
19:07:32  == Zaloga BT_STOCK ==
19:07:33     [BT_STOCK] preskoceno: Razmik dobavitelja se tece; naslednji prenos po 3. 09. 2026 20:17.
19:07:33     Prevzem koncan: uspesno 0, neuspesno 0, skupaj virov 1.
19:07:34     Prebranih zapisov: 1389; SHA-256: 87dc96ff135a90ff21281cf2e3d01cba9b89e36308560bfd15167c9a03d703ba
19:07:34     STOCK_FILE pri podjetju 1: se ni na vrsti po razporedu; preskoceno.
19:07:35     Prebranih zapisov: 1389; SHA-256: 87dc96ff135a90ff21281cf2e3d01cba9b89e36308560bfd15167c9a03d703ba
19:07:35     STOCK_FILE pri podjetju 2: se ni na vrsti po razporedu; preskoceno.
19:07:36     Prebranih zapisov: 1389; SHA-256: 87dc96ff135a90ff21281cf2e3d01cba9b89e36308560bfd15167c9a03d703ba
19:07:36     STOCK_FILE pri podjetju 3: se ni na vrsti po razporedu; preskoceno.
19:07:37     Prebranih zapisov: 1389; SHA-256: 87dc96ff135a90ff21281cf2e3d01cba9b89e36308560bfd15167c9a03d703ba
19:07:37     Ta posnetek je ze v bazi; vir=BT_STOCK, podjetje=4, cas posnetka=2026-09-03 15:17:35Z, uporabljenih=1389, v karanteni=0, RunId=bec7f147-9b63-48d7-a0cc-8df0cb029c6c. Zapisano ni bilo nic.
19:07:37     konec: Zaloga BT_STOCK
19:07:37  == Zaloga iz SAOP (kolicine) ==
19:07:38     [1] SAOP_STOCK: se ni na vrsti po razporedu; preskoceno.
19:07:38     [2] SAOP_STOCK: se ni na vrsti po razporedu; preskoceno.
19:07:38     [3] SAOP_STOCK: se ni na vrsti po razporedu; preskoceno.
19:07:38     [4] SAOP_STOCK: se ni na vrsti po razporedu; preskoceno.
19:07:38     konec: Zaloga iz SAOP (kolicine)
19:07:38  == Izvoz cen in zaloge za splet ==
19:07:40     Izvoz profila MAGENTO_STOCK_PRICES končan: 352 vrstic v C:\Users\david\Desktop\PIM\NoviPIM\izvoz\magento\1
19:07:43     Izvoz profila MAGENTO_STOCK_PRICES končan: 2071 vrstic v C:\Users\david\Desktop\PIM\NoviPIM\izvoz\magento\2
19:07:47     Izvoz profila MAGENTO_STOCK_PRICES končan: 2488 vrstic v C:\Users\david\Desktop\PIM\NoviPIM\izvoz\magento\3
19:07:48     Izvoz profila MAGENTO_STOCK_PRICES končan: 0 vrstic v C:\Users\david\Desktop\PIM\NoviPIM\izvoz\magento\4
19:07:48     konec: Izvoz cen in zaloge za splet
19:07:48  Zalogovni cikel koncan; padlih korakov: 0.
19:12:27  == Zaloga NW_STOCK ==
19:12:28     SOURCE_FETCH: se ni na vrsti po razporedu; preskoceno.
19:12:29     Prebranih zapisov: 2763; SHA-256: 5c0f9bfaeceba5b02a132cb88030201af8d1873689b00ff7efc34859eafdc8ba
19:12:29     STOCK_FILE pri podjetju 1: se ni na vrsti po razporedu; preskoceno.
19:12:30     Prebranih zapisov: 2763; SHA-256: 5c0f9bfaeceba5b02a132cb88030201af8d1873689b00ff7efc34859eafdc8ba
19:12:30     STOCK_FILE pri podjetju 2: se ni na vrsti po razporedu; preskoceno.
19:12:30     Prebranih zapisov: 2763; SHA-256: 5c0f9bfaeceba5b02a132cb88030201af8d1873689b00ff7efc34859eafdc8ba
19:12:31     STOCK_FILE pri podjetju 3: se ni na vrsti po razporedu; preskoceno.
19:12:31     Prebranih zapisov: 2763; SHA-256: 5c0f9bfaeceba5b02a132cb88030201af8d1873689b00ff7efc34859eafdc8ba
19:12:32     STOCK_FILE pri podjetju 4: se ni na vrsti po razporedu; preskoceno.
19:12:32     konec: Zaloga NW_STOCK
19:12:32  == Zaloga BT_STOCK ==
19:12:33     SOURCE_FETCH: se ni na vrsti po razporedu; preskoceno.
19:12:33     Prebranih zapisov: 1389; SHA-256: 87dc96ff135a90ff21281cf2e3d01cba9b89e36308560bfd15167c9a03d703ba
19:12:34     Ta posnetek je ze v bazi; vir=BT_STOCK, podjetje=1, cas posnetka=2026-09-03 15:17:35Z, uporabljenih=1389, v karanteni=0, RunId=5e288d2d-98ef-40e1-b33c-663e6d513e74. Zapisano ni bilo nic.
19:12:34     Prebranih zapisov: 1389; SHA-256: 87dc96ff135a90ff21281cf2e3d01cba9b89e36308560bfd15167c9a03d703ba
19:12:35     Ta posnetek je ze v bazi; vir=BT_STOCK, podjetje=2, cas posnetka=2026-09-03 15:17:35Z, uporabljenih=1389, v karanteni=0, RunId=3496c976-0c49-45c5-9f74-0ffd35e5d443. Zapisano ni bilo nic.
19:12:35     Prebranih zapisov: 1389; SHA-256: 87dc96ff135a90ff21281cf2e3d01cba9b89e36308560bfd15167c9a03d703ba
19:12:36     Ta posnetek je ze v bazi; vir=BT_STOCK, podjetje=3, cas posnetka=2026-09-03 15:17:35Z, uporabljenih=1389, v karanteni=0, RunId=3dd9ac1c-09dd-4827-b930-eb014cdb2746. Zapisano ni bilo nic.
19:12:37     Prebranih zapisov: 1389; SHA-256: 87dc96ff135a90ff21281cf2e3d01cba9b89e36308560bfd15167c9a03d703ba
19:12:37     STOCK_FILE pri podjetju 4: se ni na vrsti po razporedu; preskoceno.
19:12:37     konec: Zaloga BT_STOCK
19:12:37  == Zaloga iz SAOP (kolicine) ==
19:12:38     [1] SAOP_STOCK: se ni na vrsti po razporedu; preskoceno.
19:12:38     [2] SAOP_STOCK: se ni na vrsti po razporedu; preskoceno.
19:12:38     [3] SAOP_STOCK: se ni na vrsti po razporedu; preskoceno.
19:12:38     [4] SAOP_STOCK: se ni na vrsti po razporedu; preskoceno.
19:12:38     konec: Zaloga iz SAOP (kolicine)
19:12:38  == Izvoz cen in zaloge za splet ==
19:12:39     Izvoz profila MAGENTO_STOCK_PRICES končan: 352 vrstic v C:\Users\david\Desktop\PIM\NoviPIM\izvoz\magento\1
19:12:43     Izvoz profila MAGENTO_STOCK_PRICES končan: 2071 vrstic v C:\Users\david\Desktop\PIM\NoviPIM\izvoz\magento\2
19:12:47     Izvoz profila MAGENTO_STOCK_PRICES končan: 2488 vrstic v C:\Users\david\Desktop\PIM\NoviPIM\izvoz\magento\3
19:12:48     Izvoz profila MAGENTO_STOCK_PRICES končan: 0 vrstic v C:\Users\david\Desktop\PIM\NoviPIM\izvoz\magento\4
19:12:48     konec: Izvoz cen in zaloge za splet
19:12:48  Zalogovni cikel koncan; padlih korakov: 0.
19:17:27  == Zaloga NW_STOCK ==
19:17:28     [NW_STOCK] preskoceno: Razmik dobavitelja se tece; naslednji prenos po 3. 09. 2026 20:12.
19:17:28     Prevzem koncan: uspesno 0, neuspesno 0, skupaj virov 1.
19:17:29     Prebranih zapisov: 2763; SHA-256: 5c0f9bfaeceba5b02a132cb88030201af8d1873689b00ff7efc34859eafdc8ba
19:17:29     STOCK_FILE pri podjetju 1: se ni na vrsti po razporedu; preskoceno.
19:17:30     Prebranih zapisov: 2763; SHA-256: 5c0f9bfaeceba5b02a132cb88030201af8d1873689b00ff7efc34859eafdc8ba
19:17:30     STOCK_FILE pri podjetju 2: se ni na vrsti po razporedu; preskoceno.
19:17:30     Prebranih zapisov: 2763; SHA-256: 5c0f9bfaeceba5b02a132cb88030201af8d1873689b00ff7efc34859eafdc8ba
19:17:31     STOCK_FILE pri podjetju 3: se ni na vrsti po razporedu; preskoceno.
19:17:31     Prebranih zapisov: 2763; SHA-256: 5c0f9bfaeceba5b02a132cb88030201af8d1873689b00ff7efc34859eafdc8ba
19:17:32     Ta posnetek je ze v bazi; vir=NW_STOCK, podjetje=4, cas posnetka=2026-09-03 16:12:28Z, uporabljenih=2763, v karanteni=0, RunId=36e645c1-0464-4ad9-a073-0f78db05659d. Zapisano ni bilo nic.
19:17:32     konec: Zaloga NW_STOCK
19:17:32  == Zaloga BT_STOCK ==
19:17:33     SOURCE_FETCH: se ni na vrsti po razporedu; preskoceno.
19:17:33     Prebranih zapisov: 1389; SHA-256: 87dc96ff135a90ff21281cf2e3d01cba9b89e36308560bfd15167c9a03d703ba
19:17:34     Ta posnetek je ze v bazi; vir=BT_STOCK, podjetje=1, cas posnetka=2026-09-03 15:17:35Z, uporabljenih=1389, v karanteni=0, RunId=5e288d2d-98ef-40e1-b33c-663e6d513e74. Zapisano ni bilo nic.
19:17:34     Prebranih zapisov: 1389; SHA-256: 87dc96ff135a90ff21281cf2e3d01cba9b89e36308560bfd15167c9a03d703ba
19:17:35     Ta posnetek je ze v bazi; vir=BT_STOCK, podjetje=2, cas posnetka=2026-09-03 15:17:35Z, uporabljenih=1389, v karanteni=0, RunId=3496c976-0c49-45c5-9f74-0ffd35e5d443. Zapisano ni bilo nic.
19:17:36     Prebranih zapisov: 1389; SHA-256: 87dc96ff135a90ff21281cf2e3d01cba9b89e36308560bfd15167c9a03d703ba
19:17:36     Ta posnetek je ze v bazi; vir=BT_STOCK, podjetje=3, cas posnetka=2026-09-03 15:17:35Z, uporabljenih=1389, v karanteni=0, RunId=3dd9ac1c-09dd-4827-b930-eb014cdb2746. Zapisano ni bilo nic.
19:17:37     Prebranih zapisov: 1389; SHA-256: 87dc96ff135a90ff21281cf2e3d01cba9b89e36308560bfd15167c9a03d703ba
19:17:37     STOCK_FILE pri podjetju 4: se ni na vrsti po razporedu; preskoceno.
19:17:37     konec: Zaloga BT_STOCK
19:17:37  == Zaloga iz SAOP (kolicine) ==
19:17:38     [1] SAOP_STOCK: se ni na vrsti po razporedu; preskoceno.
19:17:38     [2] SAOP_STOCK: se ni na vrsti po razporedu; preskoceno.
19:17:38     [3] SAOP_STOCK: se ni na vrsti po razporedu; preskoceno.
19:17:38     [4] SAOP_STOCK: se ni na vrsti po razporedu; preskoceno.
19:17:38     konec: Zaloga iz SAOP (kolicine)
19:17:38  == Izvoz cen in zaloge za splet ==
19:17:39     Izvoz profila MAGENTO_STOCK_PRICES končan: 352 vrstic v C:\Users\david\Desktop\PIM\NoviPIM\izvoz\magento\1
19:17:43     Izvoz profila MAGENTO_STOCK_PRICES končan: 2071 vrstic v C:\Users\david\Desktop\PIM\NoviPIM\izvoz\magento\2
19:17:47     Izvoz profila MAGENTO_STOCK_PRICES končan: 2488 vrstic v C:\Users\david\Desktop\PIM\NoviPIM\izvoz\magento\3
19:17:48     Izvoz profila MAGENTO_STOCK_PRICES končan: 0 vrstic v C:\Users\david\Desktop\PIM\NoviPIM\izvoz\magento\4
19:17:48     konec: Izvoz cen in zaloge za splet
19:17:48  Zalogovni cikel koncan; padlih korakov: 0.
19:22:27  == Zaloga NW_STOCK ==
19:22:28     SOURCE_FETCH: se ni na vrsti po razporedu; preskoceno.
19:22:29     Prebranih zapisov: 2763; SHA-256: 5c0f9bfaeceba5b02a132cb88030201af8d1873689b00ff7efc34859eafdc8ba
19:22:29     STOCK_FILE pri podjetju 1: se ni na vrsti po razporedu; preskoceno.
19:22:30     Prebranih zapisov: 2763; SHA-256: 5c0f9bfaeceba5b02a132cb88030201af8d1873689b00ff7efc34859eafdc8ba
19:22:30     STOCK_FILE pri podjetju 2: se ni na vrsti po razporedu; preskoceno.
19:22:30     Prebranih zapisov: 2763; SHA-256: 5c0f9bfaeceba5b02a132cb88030201af8d1873689b00ff7efc34859eafdc8ba
19:22:31     STOCK_FILE pri podjetju 3: se ni na vrsti po razporedu; preskoceno.
19:22:31     Prebranih zapisov: 2763; SHA-256: 5c0f9bfaeceba5b02a132cb88030201af8d1873689b00ff7efc34859eafdc8ba
19:22:32     STOCK_FILE pri podjetju 4: se ni na vrsti po razporedu; preskoceno.
19:22:32     konec: Zaloga NW_STOCK
19:22:32  == Zaloga BT_STOCK ==
19:22:33     [BT_STOCK] preskoceno: Razmik dobavitelja se tece; naslednji prenos po 3. 09. 2026 20:17.
19:22:33     Prevzem koncan: uspesno 0, neuspesno 0, skupaj virov 1.
19:22:33     Prebranih zapisov: 1389; SHA-256: 87dc96ff135a90ff21281cf2e3d01cba9b89e36308560bfd15167c9a03d703ba
19:22:34     STOCK_FILE pri podjetju 1: se ni na vrsti po razporedu; preskoceno.
19:22:34     Prebranih zapisov: 1389; SHA-256: 87dc96ff135a90ff21281cf2e3d01cba9b89e36308560bfd15167c9a03d703ba
19:22:35     STOCK_FILE pri podjetju 2: se ni na vrsti po razporedu; preskoceno.
19:22:35     Prebranih zapisov: 1389; SHA-256: 87dc96ff135a90ff21281cf2e3d01cba9b89e36308560bfd15167c9a03d703ba
19:22:36     STOCK_FILE pri podjetju 3: se ni na vrsti po razporedu; preskoceno.
19:22:36     Prebranih zapisov: 1389; SHA-256: 87dc96ff135a90ff21281cf2e3d01cba9b89e36308560bfd15167c9a03d703ba
19:22:37     Ta posnetek je ze v bazi; vir=BT_STOCK, podjetje=4, cas posnetka=2026-09-03 15:17:35Z, uporabljenih=1389, v karanteni=0, RunId=bec7f147-9b63-48d7-a0cc-8df0cb029c6c. Zapisano ni bilo nic.
19:22:37     konec: Zaloga BT_STOCK
19:22:37  == Zaloga iz SAOP (kolicine) ==
19:22:38     [1] SAOP_STOCK: se ni na vrsti po razporedu; preskoceno.
19:22:38     [2] SAOP_STOCK: se ni na vrsti po razporedu; preskoceno.
19:22:38     [3] SAOP_STOCK: se ni na vrsti po razporedu; preskoceno.
19:22:38     [4] SAOP_STOCK: se ni na vrsti po razporedu; preskoceno.
19:22:38     konec: Zaloga iz SAOP (kolicine)
19:22:38  == Izvoz cen in zaloge za splet ==
19:22:39     Izvoz profila MAGENTO_STOCK_PRICES končan: 352 vrstic v C:\Users\david\Desktop\PIM\NoviPIM\izvoz\magento\1
19:22:43     Izvoz profila MAGENTO_STOCK_PRICES končan: 2071 vrstic v C:\Users\david\Desktop\PIM\NoviPIM\izvoz\magento\2
19:22:47     Izvoz profila MAGENTO_STOCK_PRICES končan: 2488 vrstic v C:\Users\david\Desktop\PIM\NoviPIM\izvoz\magento\3
19:22:48     Izvoz profila MAGENTO_STOCK_PRICES končan: 0 vrstic v C:\Users\david\Desktop\PIM\NoviPIM\izvoz\magento\4
19:22:48     konec: Izvoz cen in zaloge za splet
19:22:48  Zalogovni cikel koncan; padlih korakov: 0.
19:27:27  == Zaloga NW_STOCK ==
19:27:28     SOURCE_FETCH: se ni na vrsti po razporedu; preskoceno.
19:27:29     Prebranih zapisov: 2763; SHA-256: 5c0f9bfaeceba5b02a132cb88030201af8d1873689b00ff7efc34859eafdc8ba
19:27:29     Ta posnetek je ze v bazi; vir=NW_STOCK, podjetje=1, cas posnetka=2026-09-03 16:12:28Z, uporabljenih=2763, v karanteni=0, RunId=9700cd4c-ea71-4c4f-8b44-672b8731ad50. Zapisano ni bilo nic.
19:27:30     Prebranih zapisov: 2763; SHA-256: 5c0f9bfaeceba5b02a132cb88030201af8d1873689b00ff7efc34859eafdc8ba
19:27:30     Ta posnetek je ze v bazi; vir=NW_STOCK, podjetje=2, cas posnetka=2026-09-03 16:12:28Z, uporabljenih=2763, v karanteni=0, RunId=a4226cd5-28c3-4fea-b5fb-2d2b6ec7f4b2. Zapisano ni bilo nic.
19:27:31     Prebranih zapisov: 2763; SHA-256: 5c0f9bfaeceba5b02a132cb88030201af8d1873689b00ff7efc34859eafdc8ba
19:27:31     Ta posnetek je ze v bazi; vir=NW_STOCK, podjetje=3, cas posnetka=2026-09-03 16:12:28Z, uporabljenih=2763, v karanteni=0, RunId=72df1bad-f803-4918-9817-63d1094c0ba9. Zapisano ni bilo nic.
19:27:32     Prebranih zapisov: 2763; SHA-256: 5c0f9bfaeceba5b02a132cb88030201af8d1873689b00ff7efc34859eafdc8ba
19:27:32     STOCK_FILE pri podjetju 4: se ni na vrsti po razporedu; preskoceno.
19:27:32     konec: Zaloga NW_STOCK
19:27:32  == Zaloga BT_STOCK ==
19:27:33     [BT_STOCK] preskoceno: Razmik dobavitelja se tece; naslednji prenos po 3. 09. 2026 20:17.
19:27:33     Prevzem koncan: uspesno 0, neuspesno 0, skupaj virov 1.
19:27:34     Prebranih zapisov: 1389; SHA-256: 87dc96ff135a90ff21281cf2e3d01cba9b89e36308560bfd15167c9a03d703ba
19:27:34     STOCK_FILE pri podjetju 1: se ni na vrsti po razporedu; preskoceno.
19:27:35     Prebranih zapisov: 1389; SHA-256: 87dc96ff135a90ff21281cf2e3d01cba9b89e36308560bfd15167c9a03d703ba
19:27:35     STOCK_FILE pri podjetju 2: se ni na vrsti po razporedu; preskoceno.
19:27:36     Prebranih zapisov: 1389; SHA-256: 87dc96ff135a90ff21281cf2e3d01cba9b89e36308560bfd15167c9a03d703ba
19:27:36     STOCK_FILE pri podjetju 3: se ni na vrsti po razporedu; preskoceno.
19:27:37     Prebranih zapisov: 1389; SHA-256: 87dc96ff135a90ff21281cf2e3d01cba9b89e36308560bfd15167c9a03d703ba
19:27:37     Ta posnetek je ze v bazi; vir=BT_STOCK, podjetje=4, cas posnetka=2026-09-03 15:17:35Z, uporabljenih=1389, v karanteni=0, RunId=bec7f147-9b63-48d7-a0cc-8df0cb029c6c. Zapisano ni bilo nic.
19:27:37     konec: Zaloga BT_STOCK
19:27:37  == Zaloga iz SAOP (kolicine) ==
19:27:38     [1] SAOP_STOCK: se ni na vrsti po razporedu; preskoceno.
19:27:38     [2] SAOP_STOCK: se ni na vrsti po razporedu; preskoceno.
19:27:38     [3] SAOP_STOCK: se ni na vrsti po razporedu; preskoceno.
19:27:38     [4] SAOP_STOCK: se ni na vrsti po razporedu; preskoceno.
19:27:38     konec: Zaloga iz SAOP (kolicine)
19:27:38  == Izvoz cen in zaloge za splet ==
19:27:39     Izvoz profila MAGENTO_STOCK_PRICES končan: 352 vrstic v C:\Users\david\Desktop\PIM\NoviPIM\izvoz\magento\1
19:27:43     Izvoz profila MAGENTO_STOCK_PRICES končan: 2071 vrstic v C:\Users\david\Desktop\PIM\NoviPIM\izvoz\magento\2
19:27:47     Izvoz profila MAGENTO_STOCK_PRICES končan: 2488 vrstic v C:\Users\david\Desktop\PIM\NoviPIM\izvoz\magento\3
19:27:48     Izvoz profila MAGENTO_STOCK_PRICES končan: 0 vrstic v C:\Users\david\Desktop\PIM\NoviPIM\izvoz\magento\4
19:27:48     konec: Izvoz cen in zaloge za splet
19:27:48  Zalogovni cikel koncan; padlih korakov: 0.
19:32:27  == Zaloga NW_STOCK ==
19:32:28     SOURCE_FETCH: se ni na vrsti po razporedu; preskoceno.
19:32:29     Prebranih zapisov: 2763; SHA-256: 5c0f9bfaeceba5b02a132cb88030201af8d1873689b00ff7efc34859eafdc8ba
19:32:29     Ta posnetek je ze v bazi; vir=NW_STOCK, podjetje=1, cas posnetka=2026-09-03 16:12:28Z, uporabljenih=2763, v karanteni=0, RunId=9700cd4c-ea71-4c4f-8b44-672b8731ad50. Zapisano ni bilo nic.
19:32:30     Prebranih zapisov: 2763; SHA-256: 5c0f9bfaeceba5b02a132cb88030201af8d1873689b00ff7efc34859eafdc8ba
19:32:30     Ta posnetek je ze v bazi; vir=NW_STOCK, podjetje=2, cas posnetka=2026-09-03 16:12:28Z, uporabljenih=2763, v karanteni=0, RunId=a4226cd5-28c3-4fea-b5fb-2d2b6ec7f4b2. Zapisano ni bilo nic.
19:32:31     Prebranih zapisov: 2763; SHA-256: 5c0f9bfaeceba5b02a132cb88030201af8d1873689b00ff7efc34859eafdc8ba
19:32:31     Ta posnetek je ze v bazi; vir=NW_STOCK, podjetje=3, cas posnetka=2026-09-03 16:12:28Z, uporabljenih=2763, v karanteni=0, RunId=72df1bad-f803-4918-9817-63d1094c0ba9. Zapisano ni bilo nic.
19:32:32     Prebranih zapisov: 2763; SHA-256: 5c0f9bfaeceba5b02a132cb88030201af8d1873689b00ff7efc34859eafdc8ba
19:32:32     STOCK_FILE pri podjetju 4: se ni na vrsti po razporedu; preskoceno.
19:32:32     konec: Zaloga NW_STOCK
19:32:32  == Zaloga BT_STOCK ==
19:32:33     [BT_STOCK] preskoceno: Razmik dobavitelja se tece; naslednji prenos po 3. 09. 2026 20:17.
19:32:33     Prevzem koncan: uspesno 0, neuspesno 0, skupaj virov 1.
19:32:34     Prebranih zapisov: 1389; SHA-256: 87dc96ff135a90ff21281cf2e3d01cba9b89e36308560bfd15167c9a03d703ba
19:32:34     STOCK_FILE pri podjetju 1: se ni na vrsti po razporedu; preskoceno.
19:32:35     Prebranih zapisov: 1389; SHA-256: 87dc96ff135a90ff21281cf2e3d01cba9b89e36308560bfd15167c9a03d703ba
19:32:35     STOCK_FILE pri podjetju 2: se ni na vrsti po razporedu; preskoceno.
19:32:36     Prebranih zapisov: 1389; SHA-256: 87dc96ff135a90ff21281cf2e3d01cba9b89e36308560bfd15167c9a03d703ba
19:32:36     STOCK_FILE pri podjetju 3: se ni na vrsti po razporedu; preskoceno.
19:32:37     Prebranih zapisov: 1389; SHA-256: 87dc96ff135a90ff21281cf2e3d01cba9b89e36308560bfd15167c9a03d703ba
19:32:37     Ta posnetek je ze v bazi; vir=BT_STOCK, podjetje=4, cas posnetka=2026-09-03 15:17:35Z, uporabljenih=1389, v karanteni=0, RunId=bec7f147-9b63-48d7-a0cc-8df0cb029c6c. Zapisano ni bilo nic.
19:32:37     konec: Zaloga BT_STOCK
19:32:37  == Zaloga iz SAOP (kolicine) ==
19:32:38     [1] SAOP_STOCK: se ni na vrsti po razporedu; preskoceno.
19:32:38     [2] SAOP_STOCK: se ni na vrsti po razporedu; preskoceno.
19:32:38     [3] SAOP_STOCK: se ni na vrsti po razporedu; preskoceno.
19:32:38     [4] SAOP_STOCK: se ni na vrsti po razporedu; preskoceno.
19:32:38     konec: Zaloga iz SAOP (kolicine)
19:32:38  == Izvoz cen in zaloge za splet ==
19:32:40     Izvoz profila MAGENTO_STOCK_PRICES končan: 352 vrstic v C:\Users\david\Desktop\PIM\NoviPIM\izvoz\magento\1
19:32:44     Izvoz profila MAGENTO_STOCK_PRICES končan: 2071 vrstic v C:\Users\david\Desktop\PIM\NoviPIM\izvoz\magento\2
19:32:48     Izvoz profila MAGENTO_STOCK_PRICES končan: 2488 vrstic v C:\Users\david\Desktop\PIM\NoviPIM\izvoz\magento\3
19:32:49     Izvoz profila MAGENTO_STOCK_PRICES končan: 0 vrstic v C:\Users\david\Desktop\PIM\NoviPIM\izvoz\magento\4
19:32:49     konec: Izvoz cen in zaloge za splet
19:32:49  Zalogovni cikel koncan; padlih korakov: 0.
19:37:27  == Zaloga NW_STOCK ==
19:37:29     SOURCE_FETCH: se ni na vrsti po razporedu; preskoceno.
19:37:30     Prebranih zapisov: 2763; SHA-256: 5c0f9bfaeceba5b02a132cb88030201af8d1873689b00ff7efc34859eafdc8ba
19:37:30     Ta posnetek je ze v bazi; vir=NW_STOCK, podjetje=1, cas posnetka=2026-09-03 16:12:28Z, uporabljenih=2763, v karanteni=0, RunId=9700cd4c-ea71-4c4f-8b44-672b8731ad50. Zapisano ni bilo nic.
19:37:31     Prebranih zapisov: 2763; SHA-256: 5c0f9bfaeceba5b02a132cb88030201af8d1873689b00ff7efc34859eafdc8ba
19:37:32     Ta posnetek je ze v bazi; vir=NW_STOCK, podjetje=2, cas posnetka=2026-09-03 16:12:28Z, uporabljenih=2763, v karanteni=0, RunId=a4226cd5-28c3-4fea-b5fb-2d2b6ec7f4b2. Zapisano ni bilo nic.
19:37:32     Prebranih zapisov: 2763; SHA-256: 5c0f9bfaeceba5b02a132cb88030201af8d1873689b00ff7efc34859eafdc8ba
19:37:33     Ta posnetek je ze v bazi; vir=NW_STOCK, podjetje=3, cas posnetka=2026-09-03 16:12:28Z, uporabljenih=2763, v karanteni=0, RunId=72df1bad-f803-4918-9817-63d1094c0ba9. Zapisano ni bilo nic.
19:37:33     Prebranih zapisov: 2763; SHA-256: 5c0f9bfaeceba5b02a132cb88030201af8d1873689b00ff7efc34859eafdc8ba
19:37:34     STOCK_FILE pri podjetju 4: se ni na vrsti po razporedu; preskoceno.
19:37:34     konec: Zaloga NW_STOCK
19:37:34  == Zaloga BT_STOCK ==
19:37:35     [BT_STOCK] preskoceno: Razmik dobavitelja se tece; naslednji prenos po 3. 09. 2026 20:17.
19:37:35     Prevzem koncan: uspesno 0, neuspesno 0, skupaj virov 1.
19:37:35     Prebranih zapisov: 1389; SHA-256: 87dc96ff135a90ff21281cf2e3d01cba9b89e36308560bfd15167c9a03d703ba
19:37:36     STOCK_FILE pri podjetju 1: se ni na vrsti po razporedu; preskoceno.
19:37:36     Prebranih zapisov: 1389; SHA-256: 87dc96ff135a90ff21281cf2e3d01cba9b89e36308560bfd15167c9a03d703ba
19:37:37     STOCK_FILE pri podjetju 2: se ni na vrsti po razporedu; preskoceno.
19:37:37     Prebranih zapisov: 1389; SHA-256: 87dc96ff135a90ff21281cf2e3d01cba9b89e36308560bfd15167c9a03d703ba
19:37:38     STOCK_FILE pri podjetju 3: se ni na vrsti po razporedu; preskoceno.
19:37:38     Prebranih zapisov: 1389; SHA-256: 87dc96ff135a90ff21281cf2e3d01cba9b89e36308560bfd15167c9a03d703ba
19:37:39     Ta posnetek je ze v bazi; vir=BT_STOCK, podjetje=4, cas posnetka=2026-09-03 15:17:35Z, uporabljenih=1389, v karanteni=0, RunId=bec7f147-9b63-48d7-a0cc-8df0cb029c6c. Zapisano ni bilo nic.
19:37:39     konec: Zaloga BT_STOCK
19:37:39  == Zaloga iz SAOP (kolicine) ==
19:37:40     [1] SAOP_STOCK: se ni na vrsti po razporedu; preskoceno.
19:37:40     [2] SAOP_STOCK: se ni na vrsti po razporedu; preskoceno.
19:37:40     [3] SAOP_STOCK: se ni na vrsti po razporedu; preskoceno.
19:37:40     [4] SAOP_STOCK: se ni na vrsti po razporedu; preskoceno.
19:37:40     konec: Zaloga iz SAOP (kolicine)
19:37:40  == Izvoz cen in zaloge za splet ==
19:37:41     Izvoz profila MAGENTO_STOCK_PRICES končan: 352 vrstic v C:\Users\david\Desktop\PIM\NoviPIM\izvoz\magento\1
19:37:45     Izvoz profila MAGENTO_STOCK_PRICES končan: 2071 vrstic v C:\Users\david\Desktop\PIM\NoviPIM\izvoz\magento\2
19:37:48     Izvoz profila MAGENTO_STOCK_PRICES končan: 2488 vrstic v C:\Users\david\Desktop\PIM\NoviPIM\izvoz\magento\3
19:37:50     Izvoz profila MAGENTO_STOCK_PRICES končan: 0 vrstic v C:\Users\david\Desktop\PIM\NoviPIM\izvoz\magento\4
19:37:50     konec: Izvoz cen in zaloge za splet
19:37:50  Zalogovni cikel koncan; padlih korakov: 0.
19:42:27  == Zaloga NW_STOCK ==
19:42:28     SOURCE_FETCH: se ni na vrsti po razporedu; preskoceno.
19:42:29     Prebranih zapisov: 2763; SHA-256: 5c0f9bfaeceba5b02a132cb88030201af8d1873689b00ff7efc34859eafdc8ba
19:42:29     STOCK_FILE pri podjetju 1: se ni na vrsti po razporedu; preskoceno.
19:42:30     Prebranih zapisov: 2763; SHA-256: 5c0f9bfaeceba5b02a132cb88030201af8d1873689b00ff7efc34859eafdc8ba
19:42:30     STOCK_FILE pri podjetju 2: se ni na vrsti po razporedu; preskoceno.
19:42:30     Prebranih zapisov: 2763; SHA-256: 5c0f9bfaeceba5b02a132cb88030201af8d1873689b00ff7efc34859eafdc8ba
19:42:31     STOCK_FILE pri podjetju 3: se ni na vrsti po razporedu; preskoceno.
19:42:31     Prebranih zapisov: 2763; SHA-256: 5c0f9bfaeceba5b02a132cb88030201af8d1873689b00ff7efc34859eafdc8ba
19:42:32     STOCK_FILE pri podjetju 4: se ni na vrsti po razporedu; preskoceno.
19:42:32     konec: Zaloga NW_STOCK
19:42:32  == Zaloga BT_STOCK ==
19:42:33     SOURCE_FETCH: se ni na vrsti po razporedu; preskoceno.
19:42:33     Prebranih zapisov: 1389; SHA-256: 87dc96ff135a90ff21281cf2e3d01cba9b89e36308560bfd15167c9a03d703ba
19:42:34     Ta posnetek je ze v bazi; vir=BT_STOCK, podjetje=1, cas posnetka=2026-09-03 15:17:35Z, uporabljenih=1389, v karanteni=0, RunId=5e288d2d-98ef-40e1-b33c-663e6d513e74. Zapisano ni bilo nic.
19:42:34     Prebranih zapisov: 1389; SHA-256: 87dc96ff135a90ff21281cf2e3d01cba9b89e36308560bfd15167c9a03d703ba
19:42:35     Ta posnetek je ze v bazi; vir=BT_STOCK, podjetje=2, cas posnetka=2026-09-03 15:17:35Z, uporabljenih=1389, v karanteni=0, RunId=3496c976-0c49-45c5-9f74-0ffd35e5d443. Zapisano ni bilo nic.
19:42:35     Prebranih zapisov: 1389; SHA-256: 87dc96ff135a90ff21281cf2e3d01cba9b89e36308560bfd15167c9a03d703ba
19:42:36     Ta posnetek je ze v bazi; vir=BT_STOCK, podjetje=3, cas posnetka=2026-09-03 15:17:35Z, uporabljenih=1389, v karanteni=0, RunId=3dd9ac1c-09dd-4827-b930-eb014cdb2746. Zapisano ni bilo nic.
19:42:37     Prebranih zapisov: 1389; SHA-256: 87dc96ff135a90ff21281cf2e3d01cba9b89e36308560bfd15167c9a03d703ba
19:42:37     STOCK_FILE pri podjetju 4: se ni na vrsti po razporedu; preskoceno.
19:42:37     konec: Zaloga BT_STOCK
19:42:37  == Zaloga iz SAOP (kolicine) ==
19:42:38     [1] SAOP_STOCK: se ni na vrsti po razporedu; preskoceno.
19:42:38     [2] SAOP_STOCK: se ni na vrsti po razporedu; preskoceno.
19:42:38     [3] SAOP_STOCK: se ni na vrsti po razporedu; preskoceno.
19:42:38     [4] SAOP_STOCK: se ni na vrsti po razporedu; preskoceno.
19:42:38     konec: Zaloga iz SAOP (kolicine)
19:42:38  == Izvoz cen in zaloge za splet ==
19:42:39     Izvoz profila MAGENTO_STOCK_PRICES končan: 352 vrstic v C:\Users\david\Desktop\PIM\NoviPIM\izvoz\magento\1
19:42:43     Izvoz profila MAGENTO_STOCK_PRICES končan: 2071 vrstic v C:\Users\david\Desktop\PIM\NoviPIM\izvoz\magento\2
19:42:47     Izvoz profila MAGENTO_STOCK_PRICES končan: 2488 vrstic v C:\Users\david\Desktop\PIM\NoviPIM\izvoz\magento\3
19:42:48     Izvoz profila MAGENTO_STOCK_PRICES končan: 0 vrstic v C:\Users\david\Desktop\PIM\NoviPIM\izvoz\magento\4
19:42:48     konec: Izvoz cen in zaloge za splet
19:42:48  Zalogovni cikel koncan; padlih korakov: 0.
19:47:27  == Zaloga NW_STOCK ==
19:47:28     [NW_STOCK] preskoceno: Razmik dobavitelja se tece; naslednji prenos po 3. 09. 2026 20:12.
19:47:28     Prevzem koncan: uspesno 0, neuspesno 0, skupaj virov 1.
19:47:29     Prebranih zapisov: 2763; SHA-256: 5c0f9bfaeceba5b02a132cb88030201af8d1873689b00ff7efc34859eafdc8ba
19:47:29     STOCK_FILE pri podjetju 1: se ni na vrsti po razporedu; preskoceno.
19:47:30     Prebranih zapisov: 2763; SHA-256: 5c0f9bfaeceba5b02a132cb88030201af8d1873689b00ff7efc34859eafdc8ba
19:47:30     STOCK_FILE pri podjetju 2: se ni na vrsti po razporedu; preskoceno.
19:47:31     Prebranih zapisov: 2763; SHA-256: 5c0f9bfaeceba5b02a132cb88030201af8d1873689b00ff7efc34859eafdc8ba
19:47:31     STOCK_FILE pri podjetju 3: se ni na vrsti po razporedu; preskoceno.
19:47:32     Prebranih zapisov: 2763; SHA-256: 5c0f9bfaeceba5b02a132cb88030201af8d1873689b00ff7efc34859eafdc8ba
19:47:32     Ta posnetek je ze v bazi; vir=NW_STOCK, podjetje=4, cas posnetka=2026-09-03 16:12:28Z, uporabljenih=2763, v karanteni=0, RunId=36e645c1-0464-4ad9-a073-0f78db05659d. Zapisano ni bilo nic.
19:47:32     konec: Zaloga NW_STOCK
19:47:32  == Zaloga BT_STOCK ==
19:47:33     SOURCE_FETCH: se ni na vrsti po razporedu; preskoceno.
19:47:34     Prebranih zapisov: 1389; SHA-256: 87dc96ff135a90ff21281cf2e3d01cba9b89e36308560bfd15167c9a03d703ba
19:47:34     Ta posnetek je ze v bazi; vir=BT_STOCK, podjetje=1, cas posnetka=2026-09-03 15:17:35Z, uporabljenih=1389, v karanteni=0, RunId=5e288d2d-98ef-40e1-b33c-663e6d513e74. Zapisano ni bilo nic.
19:47:35     Prebranih zapisov: 1389; SHA-256: 87dc96ff135a90ff21281cf2e3d01cba9b89e36308560bfd15167c9a03d703ba
19:47:35     Ta posnetek je ze v bazi; vir=BT_STOCK, podjetje=2, cas posnetka=2026-09-03 15:17:35Z, uporabljenih=1389, v karanteni=0, RunId=3496c976-0c49-45c5-9f74-0ffd35e5d443. Zapisano ni bilo nic.
19:47:36     Prebranih zapisov: 1389; SHA-256: 87dc96ff135a90ff21281cf2e3d01cba9b89e36308560bfd15167c9a03d703ba
19:47:36     Ta posnetek je ze v bazi; vir=BT_STOCK, podjetje=3, cas posnetka=2026-09-03 15:17:35Z, uporabljenih=1389, v karanteni=0, RunId=3dd9ac1c-09dd-4827-b930-eb014cdb2746. Zapisano ni bilo nic.
19:47:37     Prebranih zapisov: 1389; SHA-256: 87dc96ff135a90ff21281cf2e3d01cba9b89e36308560bfd15167c9a03d703ba
19:47:37     STOCK_FILE pri podjetju 4: se ni na vrsti po razporedu; preskoceno.
19:47:37     konec: Zaloga BT_STOCK
19:47:37  == Zaloga iz SAOP (kolicine) ==
19:47:38     [1] SAOP_STOCK: se ni na vrsti po razporedu; preskoceno.
19:47:38     [2] SAOP_STOCK: se ni na vrsti po razporedu; preskoceno.
19:47:38     [3] SAOP_STOCK: se ni na vrsti po razporedu; preskoceno.
19:47:38     [4] SAOP_STOCK: se ni na vrsti po razporedu; preskoceno.
19:47:38     konec: Zaloga iz SAOP (kolicine)
19:47:38  == Izvoz cen in zaloge za splet ==
19:47:39     Izvoz profila MAGENTO_STOCK_PRICES končan: 352 vrstic v C:\Users\david\Desktop\PIM\NoviPIM\izvoz\magento\1
19:47:43     Izvoz profila MAGENTO_STOCK_PRICES končan: 2071 vrstic v C:\Users\david\Desktop\PIM\NoviPIM\izvoz\magento\2
19:47:47     Izvoz profila MAGENTO_STOCK_PRICES končan: 2488 vrstic v C:\Users\david\Desktop\PIM\NoviPIM\izvoz\magento\3
19:47:48     Izvoz profila MAGENTO_STOCK_PRICES končan: 0 vrstic v C:\Users\david\Desktop\PIM\NoviPIM\izvoz\magento\4
19:47:48     konec: Izvoz cen in zaloge za splet
19:47:48  Zalogovni cikel koncan; padlih korakov: 0.
19:52:27  == Zaloga NW_STOCK ==
19:52:28     SOURCE_FETCH: se ni na vrsti po razporedu; preskoceno.
19:52:29     Prebranih zapisov: 2763; SHA-256: 5c0f9bfaeceba5b02a132cb88030201af8d1873689b00ff7efc34859eafdc8ba
19:52:29     STOCK_FILE pri podjetju 1: se ni na vrsti po razporedu; preskoceno.
19:52:30     Prebranih zapisov: 2763; SHA-256: 5c0f9bfaeceba5b02a132cb88030201af8d1873689b00ff7efc34859eafdc8ba
19:52:30     STOCK_FILE pri podjetju 2: se ni na vrsti po razporedu; preskoceno.
19:52:31     Prebranih zapisov: 2763; SHA-256: 5c0f9bfaeceba5b02a132cb88030201af8d1873689b00ff7efc34859eafdc8ba
19:52:31     STOCK_FILE pri podjetju 3: se ni na vrsti po razporedu; preskoceno.
19:52:32     Prebranih zapisov: 2763; SHA-256: 5c0f9bfaeceba5b02a132cb88030201af8d1873689b00ff7efc34859eafdc8ba
19:52:32     STOCK_FILE pri podjetju 4: se ni na vrsti po razporedu; preskoceno.
19:52:32     konec: Zaloga NW_STOCK
19:52:32  == Zaloga BT_STOCK ==
19:52:33     [BT_STOCK] preskoceno: Razmik dobavitelja se tece; naslednji prenos po 3. 09. 2026 20:17.
19:52:33     Prevzem koncan: uspesno 0, neuspesno 0, skupaj virov 1.
19:52:33     Prebranih zapisov: 1389; SHA-256: 87dc96ff135a90ff21281cf2e3d01cba9b89e36308560bfd15167c9a03d703ba
19:52:34     STOCK_FILE pri podjetju 1: se ni na vrsti po razporedu; preskoceno.
19:52:34     Prebranih zapisov: 1389; SHA-256: 87dc96ff135a90ff21281cf2e3d01cba9b89e36308560bfd15167c9a03d703ba
19:52:35     STOCK_FILE pri podjetju 2: se ni na vrsti po razporedu; preskoceno.
19:52:35     Prebranih zapisov: 1389; SHA-256: 87dc96ff135a90ff21281cf2e3d01cba9b89e36308560bfd15167c9a03d703ba
19:52:36     STOCK_FILE pri podjetju 3: se ni na vrsti po razporedu; preskoceno.
19:52:36     Prebranih zapisov: 1389; SHA-256: 87dc96ff135a90ff21281cf2e3d01cba9b89e36308560bfd15167c9a03d703ba
19:52:37     Ta posnetek je ze v bazi; vir=BT_STOCK, podjetje=4, cas posnetka=2026-09-03 15:17:35Z, uporabljenih=1389, v karanteni=0, RunId=bec7f147-9b63-48d7-a0cc-8df0cb029c6c. Zapisano ni bilo nic.
19:52:37     konec: Zaloga BT_STOCK
19:52:37  == Zaloga iz SAOP (kolicine) ==
19:52:38     [1] SAOP_STOCK: se ni na vrsti po razporedu; preskoceno.
19:52:38     [2] SAOP_STOCK: se ni na vrsti po razporedu; preskoceno.
19:52:38     [3] SAOP_STOCK: se ni na vrsti po razporedu; preskoceno.
19:52:38     [4] SAOP_STOCK: se ni na vrsti po razporedu; preskoceno.
19:52:38     konec: Zaloga iz SAOP (kolicine)
19:52:38  == Izvoz cen in zaloge za splet ==
19:52:39     Izvoz profila MAGENTO_STOCK_PRICES končan: 352 vrstic v C:\Users\david\Desktop\PIM\NoviPIM\izvoz\magento\1
19:52:43     Izvoz profila MAGENTO_STOCK_PRICES končan: 2071 vrstic v C:\Users\david\Desktop\PIM\NoviPIM\izvoz\magento\2
19:52:46     Izvoz profila MAGENTO_STOCK_PRICES končan: 2488 vrstic v C:\Users\david\Desktop\PIM\NoviPIM\izvoz\magento\3
19:52:48     Izvoz profila MAGENTO_STOCK_PRICES končan: 0 vrstic v C:\Users\david\Desktop\PIM\NoviPIM\izvoz\magento\4
19:52:48     konec: Izvoz cen in zaloge za splet
19:52:48  Zalogovni cikel koncan; padlih korakov: 0.
19:57:26  == Zaloga NW_STOCK ==
19:57:27     SOURCE_FETCH: se ni na vrsti po razporedu; preskoceno.
19:57:28     Prebranih zapisov: 2763; SHA-256: 5c0f9bfaeceba5b02a132cb88030201af8d1873689b00ff7efc34859eafdc8ba
19:57:28     Ta posnetek je ze v bazi; vir=NW_STOCK, podjetje=1, cas posnetka=2026-09-03 16:12:28Z, uporabljenih=2763, v karanteni=0, RunId=9700cd4c-ea71-4c4f-8b44-672b8731ad50. Zapisano ni bilo nic.
19:57:29     Prebranih zapisov: 2763; SHA-256: 5c0f9bfaeceba5b02a132cb88030201af8d1873689b00ff7efc34859eafdc8ba
19:57:29     Ta posnetek je ze v bazi; vir=NW_STOCK, podjetje=2, cas posnetka=2026-09-03 16:12:28Z, uporabljenih=2763, v karanteni=0, RunId=a4226cd5-28c3-4fea-b5fb-2d2b6ec7f4b2. Zapisano ni bilo nic.
19:57:30     Prebranih zapisov: 2763; SHA-256: 5c0f9bfaeceba5b02a132cb88030201af8d1873689b00ff7efc34859eafdc8ba
19:57:30     Ta posnetek je ze v bazi; vir=NW_STOCK, podjetje=3, cas posnetka=2026-09-03 16:12:28Z, uporabljenih=2763, v karanteni=0, RunId=72df1bad-f803-4918-9817-63d1094c0ba9. Zapisano ni bilo nic.
19:57:31     Prebranih zapisov: 2763; SHA-256: 5c0f9bfaeceba5b02a132cb88030201af8d1873689b00ff7efc34859eafdc8ba
19:57:31     STOCK_FILE pri podjetju 4: se ni na vrsti po razporedu; preskoceno.
19:57:31     konec: Zaloga NW_STOCK
19:57:31  == Zaloga BT_STOCK ==
19:57:32     SOURCE_FETCH: se ni na vrsti po razporedu; preskoceno.
19:57:33     Prebranih zapisov: 1389; SHA-256: 87dc96ff135a90ff21281cf2e3d01cba9b89e36308560bfd15167c9a03d703ba
19:57:33     STOCK_FILE pri podjetju 1: se ni na vrsti po razporedu; preskoceno.
19:57:34     Prebranih zapisov: 1389; SHA-256: 87dc96ff135a90ff21281cf2e3d01cba9b89e36308560bfd15167c9a03d703ba
19:57:34     STOCK_FILE pri podjetju 2: se ni na vrsti po razporedu; preskoceno.
19:57:35     Prebranih zapisov: 1389; SHA-256: 87dc96ff135a90ff21281cf2e3d01cba9b89e36308560bfd15167c9a03d703ba
19:57:35     STOCK_FILE pri podjetju 3: se ni na vrsti po razporedu; preskoceno.
19:57:36     Prebranih zapisov: 1389; SHA-256: 87dc96ff135a90ff21281cf2e3d01cba9b89e36308560bfd15167c9a03d703ba
19:57:36     STOCK_FILE pri podjetju 4: se ni na vrsti po razporedu; preskoceno.
19:57:36     konec: Zaloga BT_STOCK
19:57:36  == Zaloga iz SAOP (kolicine) ==
19:57:37     [1] SAOP_STOCK: se ni na vrsti po razporedu; preskoceno.
19:57:37     [2] SAOP_STOCK: se ni na vrsti po razporedu; preskoceno.
19:57:37     [3] SAOP_STOCK: se ni na vrsti po razporedu; preskoceno.
19:57:37     [4] SAOP_STOCK: se ni na vrsti po razporedu; preskoceno.
19:57:37     konec: Zaloga iz SAOP (kolicine)
19:57:37  == Izvoz cen in zaloge za splet ==
19:57:38     Izvoz profila MAGENTO_STOCK_PRICES končan: 352 vrstic v C:\Users\david\Desktop\PIM\NoviPIM\izvoz\magento\1
19:57:42     Izvoz profila MAGENTO_STOCK_PRICES končan: 2071 vrstic v C:\Users\david\Desktop\PIM\NoviPIM\izvoz\magento\2
19:57:46     Izvoz profila MAGENTO_STOCK_PRICES končan: 2488 vrstic v C:\Users\david\Desktop\PIM\NoviPIM\izvoz\magento\3
19:57:47     Izvoz profila MAGENTO_STOCK_PRICES končan: 0 vrstic v C:\Users\david\Desktop\PIM\NoviPIM\izvoz\magento\4
19:57:47     konec: Izvoz cen in zaloge za splet
19:57:47  Zalogovni cikel koncan; padlih korakov: 0.
20:02:26  == Zaloga NW_STOCK ==
20:02:27     [NW_STOCK] preskoceno: Razmik dobavitelja se tece; naslednji prenos po 3. 09. 2026 20:12.
20:02:27     Prevzem koncan: uspesno 0, neuspesno 0, skupaj virov 1.
20:02:28     Prebranih zapisov: 2763; SHA-256: 5c0f9bfaeceba5b02a132cb88030201af8d1873689b00ff7efc34859eafdc8ba
20:02:28     STOCK_FILE pri podjetju 1: se ni na vrsti po razporedu; preskoceno.
20:02:29     Prebranih zapisov: 2763; SHA-256: 5c0f9bfaeceba5b02a132cb88030201af8d1873689b00ff7efc34859eafdc8ba
20:02:29     STOCK_FILE pri podjetju 2: se ni na vrsti po razporedu; preskoceno.
20:02:30     Prebranih zapisov: 2763; SHA-256: 5c0f9bfaeceba5b02a132cb88030201af8d1873689b00ff7efc34859eafdc8ba
20:02:30     STOCK_FILE pri podjetju 3: se ni na vrsti po razporedu; preskoceno.
20:02:31     Prebranih zapisov: 2763; SHA-256: 5c0f9bfaeceba5b02a132cb88030201af8d1873689b00ff7efc34859eafdc8ba
20:02:31     Ta posnetek je ze v bazi; vir=NW_STOCK, podjetje=4, cas posnetka=2026-09-03 16:12:28Z, uporabljenih=2763, v karanteni=0, RunId=36e645c1-0464-4ad9-a073-0f78db05659d. Zapisano ni bilo nic.
20:02:31     konec: Zaloga NW_STOCK
20:02:31  == Zaloga BT_STOCK ==
20:02:32     SOURCE_FETCH: se ni na vrsti po razporedu; preskoceno.
20:02:33     Prebranih zapisov: 1389; SHA-256: 87dc96ff135a90ff21281cf2e3d01cba9b89e36308560bfd15167c9a03d703ba
20:02:33     Ta posnetek je ze v bazi; vir=BT_STOCK, podjetje=1, cas posnetka=2026-09-03 15:17:35Z, uporabljenih=1389, v karanteni=0, RunId=5e288d2d-98ef-40e1-b33c-663e6d513e74. Zapisano ni bilo nic.
20:02:34     Prebranih zapisov: 1389; SHA-256: 87dc96ff135a90ff21281cf2e3d01cba9b89e36308560bfd15167c9a03d703ba
20:02:34     Ta posnetek je ze v bazi; vir=BT_STOCK, podjetje=2, cas posnetka=2026-09-03 15:17:35Z, uporabljenih=1389, v karanteni=0, RunId=3496c976-0c49-45c5-9f74-0ffd35e5d443. Zapisano ni bilo nic.
20:02:35     Prebranih zapisov: 1389; SHA-256: 87dc96ff135a90ff21281cf2e3d01cba9b89e36308560bfd15167c9a03d703ba
20:02:35     Ta posnetek je ze v bazi; vir=BT_STOCK, podjetje=3, cas posnetka=2026-09-03 15:17:35Z, uporabljenih=1389, v karanteni=0, RunId=3dd9ac1c-09dd-4827-b930-eb014cdb2746. Zapisano ni bilo nic.
20:02:36     Prebranih zapisov: 1389; SHA-256: 87dc96ff135a90ff21281cf2e3d01cba9b89e36308560bfd15167c9a03d703ba
20:02:36     STOCK_FILE pri podjetju 4: se ni na vrsti po razporedu; preskoceno.
20:02:36     konec: Zaloga BT_STOCK
20:02:36  == Zaloga iz SAOP (kolicine) ==
20:02:37     [1] SAOP_STOCK: se ni na vrsti po razporedu; preskoceno.
20:02:37     [2] SAOP_STOCK: se ni na vrsti po razporedu; preskoceno.
20:02:37     [3] SAOP_STOCK: se ni na vrsti po razporedu; preskoceno.
20:02:37     [4] SAOP_STOCK: se ni na vrsti po razporedu; preskoceno.
20:02:37     konec: Zaloga iz SAOP (kolicine)
20:02:37  == Izvoz cen in zaloge za splet ==
20:02:38     Izvoz profila MAGENTO_STOCK_PRICES končan: 352 vrstic v C:\Users\david\Desktop\PIM\NoviPIM\izvoz\magento\1
20:02:42     Izvoz profila MAGENTO_STOCK_PRICES končan: 2071 vrstic v C:\Users\david\Desktop\PIM\NoviPIM\izvoz\magento\2
20:02:46     Izvoz profila MAGENTO_STOCK_PRICES končan: 2488 vrstic v C:\Users\david\Desktop\PIM\NoviPIM\izvoz\magento\3
20:02:47     Izvoz profila MAGENTO_STOCK_PRICES končan: 0 vrstic v C:\Users\david\Desktop\PIM\NoviPIM\izvoz\magento\4
20:02:47     konec: Izvoz cen in zaloge za splet
20:02:47  Zalogovni cikel koncan; padlih korakov: 0.
20:07:26  == Zaloga NW_STOCK ==
20:07:27     SOURCE_FETCH: se ni na vrsti po razporedu; preskoceno.
20:07:28     Prebranih zapisov: 2763; SHA-256: 5c0f9bfaeceba5b02a132cb88030201af8d1873689b00ff7efc34859eafdc8ba
20:07:28     STOCK_FILE pri podjetju 1: se ni na vrsti po razporedu; preskoceno.
20:07:29     Prebranih zapisov: 2763; SHA-256: 5c0f9bfaeceba5b02a132cb88030201af8d1873689b00ff7efc34859eafdc8ba
20:07:29     STOCK_FILE pri podjetju 2: se ni na vrsti po razporedu; preskoceno.
20:07:30     Prebranih zapisov: 2763; SHA-256: 5c0f9bfaeceba5b02a132cb88030201af8d1873689b00ff7efc34859eafdc8ba
20:07:30     STOCK_FILE pri podjetju 3: se ni na vrsti po razporedu; preskoceno.
20:07:31     Prebranih zapisov: 2763; SHA-256: 5c0f9bfaeceba5b02a132cb88030201af8d1873689b00ff7efc34859eafdc8ba
20:07:31     STOCK_FILE pri podjetju 4: se ni na vrsti po razporedu; preskoceno.
20:07:31     konec: Zaloga NW_STOCK
20:07:31  == Zaloga BT_STOCK ==
20:07:32     [BT_STOCK] preskoceno: Razmik dobavitelja se tece; naslednji prenos po 3. 09. 2026 20:17.
20:07:32     Prevzem koncan: uspesno 0, neuspesno 0, skupaj virov 1.
20:07:33     Prebranih zapisov: 1389; SHA-256: 87dc96ff135a90ff21281cf2e3d01cba9b89e36308560bfd15167c9a03d703ba
20:07:33     STOCK_FILE pri podjetju 1: se ni na vrsti po razporedu; preskoceno.
20:07:33     Prebranih zapisov: 1389; SHA-256: 87dc96ff135a90ff21281cf2e3d01cba9b89e36308560bfd15167c9a03d703ba
20:07:34     STOCK_FILE pri podjetju 2: se ni na vrsti po razporedu; preskoceno.
20:07:34     Prebranih zapisov: 1389; SHA-256: 87dc96ff135a90ff21281cf2e3d01cba9b89e36308560bfd15167c9a03d703ba
20:07:35     STOCK_FILE pri podjetju 3: se ni na vrsti po razporedu; preskoceno.
20:07:35     Prebranih zapisov: 1389; SHA-256: 87dc96ff135a90ff21281cf2e3d01cba9b89e36308560bfd15167c9a03d703ba
20:07:36     Ta posnetek je ze v bazi; vir=BT_STOCK, podjetje=4, cas posnetka=2026-09-03 15:17:35Z, uporabljenih=1389, v karanteni=0, RunId=bec7f147-9b63-48d7-a0cc-8df0cb029c6c. Zapisano ni bilo nic.
20:07:36     konec: Zaloga BT_STOCK
20:07:36  == Zaloga iz SAOP (kolicine) ==
20:07:37     [1] SAOP_STOCK: se ni na vrsti po razporedu; preskoceno.
20:07:37     [2] SAOP_STOCK: se ni na vrsti po razporedu; preskoceno.
20:07:37     [3] SAOP_STOCK: se ni na vrsti po razporedu; preskoceno.
20:07:37     [4] SAOP_STOCK: se ni na vrsti po razporedu; preskoceno.
20:07:37     konec: Zaloga iz SAOP (kolicine)
20:07:37  == Izvoz cen in zaloge za splet ==
20:07:38     Izvoz profila MAGENTO_STOCK_PRICES končan: 352 vrstic v C:\Users\david\Desktop\PIM\NoviPIM\izvoz\magento\1
20:07:42     Izvoz profila MAGENTO_STOCK_PRICES končan: 2071 vrstic v C:\Users\david\Desktop\PIM\NoviPIM\izvoz\magento\2
20:07:46     Izvoz profila MAGENTO_STOCK_PRICES končan: 2488 vrstic v C:\Users\david\Desktop\PIM\NoviPIM\izvoz\magento\3
20:07:47     Izvoz profila MAGENTO_STOCK_PRICES končan: 0 vrstic v C:\Users\david\Desktop\PIM\NoviPIM\izvoz\magento\4
20:07:47     konec: Izvoz cen in zaloge za splet
20:07:47  Zalogovni cikel koncan; padlih korakov: 0.
20:12:26  == Zaloga NW_STOCK ==
20:12:27     SOURCE_FETCH: se ni na vrsti po razporedu; preskoceno.
20:12:28     Prebranih zapisov: 2763; SHA-256: 5c0f9bfaeceba5b02a132cb88030201af8d1873689b00ff7efc34859eafdc8ba
20:12:28     Ta posnetek je ze v bazi; vir=NW_STOCK, podjetje=1, cas posnetka=2026-09-03 16:12:28Z, uporabljenih=2763, v karanteni=0, RunId=9700cd4c-ea71-4c4f-8b44-672b8731ad50. Zapisano ni bilo nic.
20:12:29     Prebranih zapisov: 2763; SHA-256: 5c0f9bfaeceba5b02a132cb88030201af8d1873689b00ff7efc34859eafdc8ba
20:12:29     Ta posnetek je ze v bazi; vir=NW_STOCK, podjetje=2, cas posnetka=2026-09-03 16:12:28Z, uporabljenih=2763, v karanteni=0, RunId=a4226cd5-28c3-4fea-b5fb-2d2b6ec7f4b2. Zapisano ni bilo nic.
20:12:30     Prebranih zapisov: 2763; SHA-256: 5c0f9bfaeceba5b02a132cb88030201af8d1873689b00ff7efc34859eafdc8ba
20:12:30     Ta posnetek je ze v bazi; vir=NW_STOCK, podjetje=3, cas posnetka=2026-09-03 16:12:28Z, uporabljenih=2763, v karanteni=0, RunId=72df1bad-f803-4918-9817-63d1094c0ba9. Zapisano ni bilo nic.
20:12:31     Prebranih zapisov: 2763; SHA-256: 5c0f9bfaeceba5b02a132cb88030201af8d1873689b00ff7efc34859eafdc8ba
20:12:31     STOCK_FILE pri podjetju 4: se ni na vrsti po razporedu; preskoceno.
20:12:31     konec: Zaloga NW_STOCK
20:12:31  == Zaloga BT_STOCK ==
20:12:32     [BT_STOCK] preskoceno: Razmik dobavitelja se tece; naslednji prenos po 3. 09. 2026 20:17.
20:12:32     Prevzem koncan: uspesno 0, neuspesno 0, skupaj virov 1.
20:12:33     Prebranih zapisov: 1389; SHA-256: 87dc96ff135a90ff21281cf2e3d01cba9b89e36308560bfd15167c9a03d703ba
20:12:33     STOCK_FILE pri podjetju 1: se ni na vrsti po razporedu; preskoceno.
20:12:34     Prebranih zapisov: 1389; SHA-256: 87dc96ff135a90ff21281cf2e3d01cba9b89e36308560bfd15167c9a03d703ba
20:12:34     STOCK_FILE pri podjetju 2: se ni na vrsti po razporedu; preskoceno.
20:12:35     Prebranih zapisov: 1389; SHA-256: 87dc96ff135a90ff21281cf2e3d01cba9b89e36308560bfd15167c9a03d703ba
20:12:35     STOCK_FILE pri podjetju 3: se ni na vrsti po razporedu; preskoceno.
20:12:36     Prebranih zapisov: 1389; SHA-256: 87dc96ff135a90ff21281cf2e3d01cba9b89e36308560bfd15167c9a03d703ba
20:12:36     Ta posnetek je ze v bazi; vir=BT_STOCK, podjetje=4, cas posnetka=2026-09-03 15:17:35Z, uporabljenih=1389, v karanteni=0, RunId=bec7f147-9b63-48d7-a0cc-8df0cb029c6c. Zapisano ni bilo nic.
20:12:36     konec: Zaloga BT_STOCK
20:12:36  == Zaloga iz SAOP (kolicine) ==
20:12:37     [1] SAOP_STOCK: se ni na vrsti po razporedu; preskoceno.
20:12:37     [2] SAOP_STOCK: se ni na vrsti po razporedu; preskoceno.
20:12:37     [3] SAOP_STOCK: se ni na vrsti po razporedu; preskoceno.
20:12:37     [4] SAOP_STOCK: se ni na vrsti po razporedu; preskoceno.
20:12:37     konec: Zaloga iz SAOP (kolicine)
20:12:37  == Izvoz cen in zaloge za splet ==
20:12:38     Izvoz profila MAGENTO_STOCK_PRICES končan: 352 vrstic v C:\Users\david\Desktop\PIM\NoviPIM\izvoz\magento\1
20:12:42     Izvoz profila MAGENTO_STOCK_PRICES končan: 2071 vrstic v C:\Users\david\Desktop\PIM\NoviPIM\izvoz\magento\2
20:12:46     Izvoz profila MAGENTO_STOCK_PRICES končan: 2488 vrstic v C:\Users\david\Desktop\PIM\NoviPIM\izvoz\magento\3
20:12:47     Izvoz profila MAGENTO_STOCK_PRICES končan: 0 vrstic v C:\Users\david\Desktop\PIM\NoviPIM\izvoz\magento\4
20:12:47     konec: Izvoz cen in zaloge za splet
20:12:47  Zalogovni cikel koncan; padlih korakov: 0.
20:17:26  == Zaloga NW_STOCK ==
20:17:27     SOURCE_FETCH: se ni na vrsti po razporedu; preskoceno.
20:17:28     Prebranih zapisov: 2763; SHA-256: 5c0f9bfaeceba5b02a132cb88030201af8d1873689b00ff7efc34859eafdc8ba
20:17:28     Ta posnetek je ze v bazi; vir=NW_STOCK, podjetje=1, cas posnetka=2026-09-03 16:12:28Z, uporabljenih=2763, v karanteni=0, RunId=9700cd4c-ea71-4c4f-8b44-672b8731ad50. Zapisano ni bilo nic.
20:17:29     Prebranih zapisov: 2763; SHA-256: 5c0f9bfaeceba5b02a132cb88030201af8d1873689b00ff7efc34859eafdc8ba
20:17:29     Ta posnetek je ze v bazi; vir=NW_STOCK, podjetje=2, cas posnetka=2026-09-03 16:12:28Z, uporabljenih=2763, v karanteni=0, RunId=a4226cd5-28c3-4fea-b5fb-2d2b6ec7f4b2. Zapisano ni bilo nic.
20:17:30     Prebranih zapisov: 2763; SHA-256: 5c0f9bfaeceba5b02a132cb88030201af8d1873689b00ff7efc34859eafdc8ba
20:17:30     Ta posnetek je ze v bazi; vir=NW_STOCK, podjetje=3, cas posnetka=2026-09-03 16:12:28Z, uporabljenih=2763, v karanteni=0, RunId=72df1bad-f803-4918-9817-63d1094c0ba9. Zapisano ni bilo nic.
20:17:31     Prebranih zapisov: 2763; SHA-256: 5c0f9bfaeceba5b02a132cb88030201af8d1873689b00ff7efc34859eafdc8ba
20:17:31     STOCK_FILE pri podjetju 4: se ni na vrsti po razporedu; preskoceno.
20:17:31     konec: Zaloga NW_STOCK
20:17:31  == Zaloga BT_STOCK ==
20:17:32     [BT_STOCK] preskoceno: Razmik dobavitelja se tece; naslednji prenos po 3. 09. 2026 20:17.
20:17:32     Prevzem koncan: uspesno 0, neuspesno 0, skupaj virov 1.
20:17:33     Prebranih zapisov: 1389; SHA-256: 87dc96ff135a90ff21281cf2e3d01cba9b89e36308560bfd15167c9a03d703ba
20:17:33     STOCK_FILE pri podjetju 1: se ni na vrsti po razporedu; preskoceno.
20:17:34     Prebranih zapisov: 1389; SHA-256: 87dc96ff135a90ff21281cf2e3d01cba9b89e36308560bfd15167c9a03d703ba
20:17:34     STOCK_FILE pri podjetju 2: se ni na vrsti po razporedu; preskoceno.
20:17:35     Prebranih zapisov: 1389; SHA-256: 87dc96ff135a90ff21281cf2e3d01cba9b89e36308560bfd15167c9a03d703ba
20:17:35     STOCK_FILE pri podjetju 3: se ni na vrsti po razporedu; preskoceno.
20:17:36     Prebranih zapisov: 1389; SHA-256: 87dc96ff135a90ff21281cf2e3d01cba9b89e36308560bfd15167c9a03d703ba
20:17:36     Ta posnetek je ze v bazi; vir=BT_STOCK, podjetje=4, cas posnetka=2026-09-03 15:17:35Z, uporabljenih=1389, v karanteni=0, RunId=bec7f147-9b63-48d7-a0cc-8df0cb029c6c. Zapisano ni bilo nic.
20:17:36     konec: Zaloga BT_STOCK
20:17:36  == Zaloga iz SAOP (kolicine) ==
20:17:37     [1] SAOP_STOCK: se ni na vrsti po razporedu; preskoceno.
20:17:37     [2] SAOP_STOCK: se ni na vrsti po razporedu; preskoceno.
20:17:37     [3] SAOP_STOCK: se ni na vrsti po razporedu; preskoceno.
20:17:37     [4] SAOP_STOCK: se ni na vrsti po razporedu; preskoceno.
20:17:37     konec: Zaloga iz SAOP (kolicine)
20:17:37  == Izvoz cen in zaloge za splet ==
20:17:38     Izvoz profila MAGENTO_STOCK_PRICES končan: 352 vrstic v C:\Users\david\Desktop\PIM\NoviPIM\izvoz\magento\1
20:17:42     Izvoz profila MAGENTO_STOCK_PRICES končan: 2071 vrstic v C:\Users\david\Desktop\PIM\NoviPIM\izvoz\magento\2
20:17:46     Izvoz profila MAGENTO_STOCK_PRICES končan: 2488 vrstic v C:\Users\david\Desktop\PIM\NoviPIM\izvoz\magento\3
20:17:47     Izvoz profila MAGENTO_STOCK_PRICES končan: 0 vrstic v C:\Users\david\Desktop\PIM\NoviPIM\izvoz\magento\4
20:17:47     konec: Izvoz cen in zaloge za splet
20:17:47  Zalogovni cikel koncan; padlih korakov: 0.
20:22:26  == Zaloga NW_STOCK ==
20:22:27     SOURCE_FETCH: se ni na vrsti po razporedu; preskoceno.
20:22:28     Prebranih zapisov: 2763; SHA-256: 5c0f9bfaeceba5b02a132cb88030201af8d1873689b00ff7efc34859eafdc8ba
20:22:28     STOCK_FILE pri podjetju 1: se ni na vrsti po razporedu; preskoceno.
20:22:29     Prebranih zapisov: 2763; SHA-256: 5c0f9bfaeceba5b02a132cb88030201af8d1873689b00ff7efc34859eafdc8ba
20:22:29     STOCK_FILE pri podjetju 2: se ni na vrsti po razporedu; preskoceno.
20:22:30     Prebranih zapisov: 2763; SHA-256: 5c0f9bfaeceba5b02a132cb88030201af8d1873689b00ff7efc34859eafdc8ba
20:22:30     STOCK_FILE pri podjetju 3: se ni na vrsti po razporedu; preskoceno.
20:22:31     Prebranih zapisov: 2763; SHA-256: 5c0f9bfaeceba5b02a132cb88030201af8d1873689b00ff7efc34859eafdc8ba
20:22:31     STOCK_FILE pri podjetju 4: se ni na vrsti po razporedu; preskoceno.
20:22:31     konec: Zaloga NW_STOCK
20:22:31  == Zaloga BT_STOCK ==
20:22:32     SOURCE_FETCH: se ni na vrsti po razporedu; preskoceno.
20:22:33     Prebranih zapisov: 1389; SHA-256: 87dc96ff135a90ff21281cf2e3d01cba9b89e36308560bfd15167c9a03d703ba
20:22:33     Ta posnetek je ze v bazi; vir=BT_STOCK, podjetje=1, cas posnetka=2026-09-03 15:17:35Z, uporabljenih=1389, v karanteni=0, RunId=5e288d2d-98ef-40e1-b33c-663e6d513e74. Zapisano ni bilo nic.
20:22:34     Prebranih zapisov: 1389; SHA-256: 87dc96ff135a90ff21281cf2e3d01cba9b89e36308560bfd15167c9a03d703ba
20:22:34     Ta posnetek je ze v bazi; vir=BT_STOCK, podjetje=2, cas posnetka=2026-09-03 15:17:35Z, uporabljenih=1389, v karanteni=0, RunId=3496c976-0c49-45c5-9f74-0ffd35e5d443. Zapisano ni bilo nic.
20:22:35     Prebranih zapisov: 1389; SHA-256: 87dc96ff135a90ff21281cf2e3d01cba9b89e36308560bfd15167c9a03d703ba
20:22:35     Ta posnetek je ze v bazi; vir=BT_STOCK, podjetje=3, cas posnetka=2026-09-03 15:17:35Z, uporabljenih=1389, v karanteni=0, RunId=3dd9ac1c-09dd-4827-b930-eb014cdb2746. Zapisano ni bilo nic.
20:22:36     Prebranih zapisov: 1389; SHA-256: 87dc96ff135a90ff21281cf2e3d01cba9b89e36308560bfd15167c9a03d703ba
20:22:36     STOCK_FILE pri podjetju 4: se ni na vrsti po razporedu; preskoceno.
20:22:36     konec: Zaloga BT_STOCK
20:22:36  == Zaloga iz SAOP (kolicine) ==
20:22:37     [1] SAOP_STOCK: se ni na vrsti po razporedu; preskoceno.
20:22:37     [2] SAOP_STOCK: se ni na vrsti po razporedu; preskoceno.
20:22:37     [3] SAOP_STOCK: se ni na vrsti po razporedu; preskoceno.
20:22:37     [4] SAOP_STOCK: se ni na vrsti po razporedu; preskoceno.
20:22:37     konec: Zaloga iz SAOP (kolicine)
20:22:37  == Izvoz cen in zaloge za splet ==
20:22:38     Izvoz profila MAGENTO_STOCK_PRICES končan: 352 vrstic v C:\Users\david\Desktop\PIM\NoviPIM\izvoz\magento\1
20:22:42     Izvoz profila MAGENTO_STOCK_PRICES končan: 2071 vrstic v C:\Users\david\Desktop\PIM\NoviPIM\izvoz\magento\2
20:22:46     Izvoz profila MAGENTO_STOCK_PRICES končan: 2488 vrstic v C:\Users\david\Desktop\PIM\NoviPIM\izvoz\magento\3
20:22:47     Izvoz profila MAGENTO_STOCK_PRICES končan: 0 vrstic v C:\Users\david\Desktop\PIM\NoviPIM\izvoz\magento\4
20:22:47     konec: Izvoz cen in zaloge za splet
20:22:47  Zalogovni cikel koncan; padlih korakov: 0.
20:27:28  == Zaloga NW_STOCK ==
20:27:32     [NW_STOCK] prevzeto 87.319 bajtov -> C:\Users\david\Desktop\PIM\NoviPIM\PIM_Solution\data\prevzem\NW_STOCK\nw-zaloga.csv
20:27:32     Prevzem koncan: uspesno 1, neuspesno 0, skupaj virov 1.
20:27:33     Prebranih zapisov: 2763; SHA-256: f07ad4561f6d65a8d024bde72367958c638545843f577ea7504877c95686b0db
20:27:35     Zaloga zapisana; vir=NW_STOCK, podjetje=1, uporabljenih=2763, v karanteni=0, RunId=619fa4c6-7aa4-43ad-8265-ddc4c1009c98.
20:27:36     Prebranih zapisov: 2763; SHA-256: f07ad4561f6d65a8d024bde72367958c638545843f577ea7504877c95686b0db
20:27:37     Zaloga zapisana; vir=NW_STOCK, podjetje=2, uporabljenih=2763, v karanteni=0, RunId=56108dde-f6e1-431e-b25f-7d0793736456.
20:27:38     Prebranih zapisov: 2763; SHA-256: f07ad4561f6d65a8d024bde72367958c638545843f577ea7504877c95686b0db
20:27:40     Zaloga zapisana; vir=NW_STOCK, podjetje=3, uporabljenih=2763, v karanteni=0, RunId=d117dbdd-6eed-4a65-a1db-b21dc1a7378f.
20:27:40     Prebranih zapisov: 2763; SHA-256: f07ad4561f6d65a8d024bde72367958c638545843f577ea7504877c95686b0db
20:27:42     Zaloga zapisana; vir=NW_STOCK, podjetje=4, uporabljenih=2763, v karanteni=0, RunId=477b5cae-cc33-4b01-9f31-c7b1a5117324.
20:27:42     konec: Zaloga NW_STOCK
20:27:42  == Zaloga BT_STOCK ==
20:27:43     SOURCE_FETCH: se ni na vrsti po razporedu; preskoceno.
20:27:44     Prebranih zapisov: 1389; SHA-256: 87dc96ff135a90ff21281cf2e3d01cba9b89e36308560bfd15167c9a03d703ba
20:27:44     STOCK_FILE pri podjetju 1: se ni na vrsti po razporedu; preskoceno.
20:27:45     Prebranih zapisov: 1389; SHA-256: 87dc96ff135a90ff21281cf2e3d01cba9b89e36308560bfd15167c9a03d703ba
20:27:45     STOCK_FILE pri podjetju 2: se ni na vrsti po razporedu; preskoceno.
20:27:46     Prebranih zapisov: 1389; SHA-256: 87dc96ff135a90ff21281cf2e3d01cba9b89e36308560bfd15167c9a03d703ba
20:27:46     STOCK_FILE pri podjetju 3: se ni na vrsti po razporedu; preskoceno.
20:27:47     Prebranih zapisov: 1389; SHA-256: 87dc96ff135a90ff21281cf2e3d01cba9b89e36308560bfd15167c9a03d703ba
20:27:47     STOCK_FILE pri podjetju 4: se ni na vrsti po razporedu; preskoceno.
20:27:47     konec: Zaloga BT_STOCK
20:27:47  == Zaloga iz SAOP (kolicine) ==
20:27:48     [1] SAOP_STOCK: se ni na vrsti po razporedu; preskoceno.
20:27:48     [2] SAOP_STOCK: se ni na vrsti po razporedu; preskoceno.
20:27:48     [3] SAOP_STOCK: se ni na vrsti po razporedu; preskoceno.
20:27:48     [4] SAOP_STOCK: se ni na vrsti po razporedu; preskoceno.
20:27:48     konec: Zaloga iz SAOP (kolicine)
20:27:48  == Izvoz cen in zaloge za splet ==
20:27:50     Izvoz profila MAGENTO_STOCK_PRICES končan: 352 vrstic v C:\Users\david\Desktop\PIM\NoviPIM\izvoz\magento\1
20:27:54     Izvoz profila MAGENTO_STOCK_PRICES končan: 2071 vrstic v C:\Users\david\Desktop\PIM\NoviPIM\izvoz\magento\2
20:27:57     Izvoz profila MAGENTO_STOCK_PRICES končan: 2488 vrstic v C:\Users\david\Desktop\PIM\NoviPIM\izvoz\magento\3
20:27:59     Izvoz profila MAGENTO_STOCK_PRICES končan: 0 vrstic v C:\Users\david\Desktop\PIM\NoviPIM\izvoz\magento\4
20:27:59     konec: Izvoz cen in zaloge za splet
20:27:59  Zalogovni cikel koncan; padlih korakov: 0.
20:32:26  == Zaloga NW_STOCK ==
20:32:27     SOURCE_FETCH: se ni na vrsti po razporedu; preskoceno.
20:32:28     Prebranih zapisov: 2763; SHA-256: f07ad4561f6d65a8d024bde72367958c638545843f577ea7504877c95686b0db
20:32:28     STOCK_FILE pri podjetju 1: se ni na vrsti po razporedu; preskoceno.
20:32:29     Prebranih zapisov: 2763; SHA-256: f07ad4561f6d65a8d024bde72367958c638545843f577ea7504877c95686b0db
20:32:29     STOCK_FILE pri podjetju 2: se ni na vrsti po razporedu; preskoceno.
20:32:30     Prebranih zapisov: 2763; SHA-256: f07ad4561f6d65a8d024bde72367958c638545843f577ea7504877c95686b0db
20:32:30     STOCK_FILE pri podjetju 3: se ni na vrsti po razporedu; preskoceno.
20:32:31     Prebranih zapisov: 2763; SHA-256: f07ad4561f6d65a8d024bde72367958c638545843f577ea7504877c95686b0db
20:32:31     STOCK_FILE pri podjetju 4: se ni na vrsti po razporedu; preskoceno.
20:32:31     konec: Zaloga NW_STOCK
20:32:31  == Zaloga BT_STOCK ==
20:32:32     SOURCE_FETCH: se ni na vrsti po razporedu; preskoceno.
20:32:33     Prebranih zapisov: 1389; SHA-256: 87dc96ff135a90ff21281cf2e3d01cba9b89e36308560bfd15167c9a03d703ba
20:32:33     STOCK_FILE pri podjetju 1: se ni na vrsti po razporedu; preskoceno.
20:32:34     Prebranih zapisov: 1389; SHA-256: 87dc96ff135a90ff21281cf2e3d01cba9b89e36308560bfd15167c9a03d703ba
20:32:34     STOCK_FILE pri podjetju 2: se ni na vrsti po razporedu; preskoceno.
20:32:35     Prebranih zapisov: 1389; SHA-256: 87dc96ff135a90ff21281cf2e3d01cba9b89e36308560bfd15167c9a03d703ba
20:32:35     STOCK_FILE pri podjetju 3: se ni na vrsti po razporedu; preskoceno.
20:32:36     Prebranih zapisov: 1389; SHA-256: 87dc96ff135a90ff21281cf2e3d01cba9b89e36308560bfd15167c9a03d703ba
20:32:36     STOCK_FILE pri podjetju 4: se ni na vrsti po razporedu; preskoceno.
20:32:36     konec: Zaloga BT_STOCK
20:32:36  == Zaloga iz SAOP (kolicine) ==
20:32:37     [1] SAOP_STOCK: se ni na vrsti po razporedu; preskoceno.
20:32:37     [2] SAOP_STOCK: se ni na vrsti po razporedu; preskoceno.
20:32:37     [3] SAOP_STOCK: se ni na vrsti po razporedu; preskoceno.
20:32:37     [4] SAOP_STOCK: se ni na vrsti po razporedu; preskoceno.
20:32:37     konec: Zaloga iz SAOP (kolicine)
20:32:37  == Izvoz cen in zaloge za splet ==
20:32:38     Izvoz profila MAGENTO_STOCK_PRICES končan: 352 vrstic v C:\Users\david\Desktop\PIM\NoviPIM\izvoz\magento\1
20:32:42     Izvoz profila MAGENTO_STOCK_PRICES končan: 2071 vrstic v C:\Users\david\Desktop\PIM\NoviPIM\izvoz\magento\2
20:32:46     Izvoz profila MAGENTO_STOCK_PRICES končan: 2488 vrstic v C:\Users\david\Desktop\PIM\NoviPIM\izvoz\magento\3
20:32:47     Izvoz profila MAGENTO_STOCK_PRICES končan: 0 vrstic v C:\Users\david\Desktop\PIM\NoviPIM\izvoz\magento\4
20:32:47     konec: Izvoz cen in zaloge za splet
20:32:47  Zalogovni cikel koncan; padlih korakov: 0.
20:37:26  == Zaloga NW_STOCK ==
20:37:28     [NW_STOCK] preskoceno: Razmik dobavitelja se tece; naslednji prenos po 3. 09. 2026 22:27.
20:37:29     Prevzem koncan: uspesno 0, neuspesno 0, skupaj virov 1.
20:37:30     Prebranih zapisov: 2763; SHA-256: f07ad4561f6d65a8d024bde72367958c638545843f577ea7504877c95686b0db
20:37:30     Ta posnetek je ze v bazi; vir=NW_STOCK, podjetje=1, cas posnetka=2026-09-03 18:27:32Z, uporabljenih=2763, v karanteni=0, RunId=619fa4c6-7aa4-43ad-8265-ddc4c1009c98. Zapisano ni bilo nic.
20:37:31     Prebranih zapisov: 2763; SHA-256: f07ad4561f6d65a8d024bde72367958c638545843f577ea7504877c95686b0db
20:37:31     Ta posnetek je ze v bazi; vir=NW_STOCK, podjetje=2, cas posnetka=2026-09-03 18:27:32Z, uporabljenih=2763, v karanteni=0, RunId=56108dde-f6e1-431e-b25f-7d0793736456. Zapisano ni bilo nic.
20:37:32     Prebranih zapisov: 2763; SHA-256: f07ad4561f6d65a8d024bde72367958c638545843f577ea7504877c95686b0db
20:37:32     Ta posnetek je ze v bazi; vir=NW_STOCK, podjetje=3, cas posnetka=2026-09-03 18:27:32Z, uporabljenih=2763, v karanteni=0, RunId=d117dbdd-6eed-4a65-a1db-b21dc1a7378f. Zapisano ni bilo nic.
20:37:33     Prebranih zapisov: 2763; SHA-256: f07ad4561f6d65a8d024bde72367958c638545843f577ea7504877c95686b0db
20:37:34     Ta posnetek je ze v bazi; vir=NW_STOCK, podjetje=4, cas posnetka=2026-09-03 18:27:32Z, uporabljenih=2763, v karanteni=0, RunId=477b5cae-cc33-4b01-9f31-c7b1a5117324. Zapisano ni bilo nic.
20:37:34     konec: Zaloga NW_STOCK
20:37:34  == Zaloga BT_STOCK ==
20:37:35     SOURCE_FETCH: se ni na vrsti po razporedu; preskoceno.
20:37:35     Prebranih zapisov: 1389; SHA-256: 87dc96ff135a90ff21281cf2e3d01cba9b89e36308560bfd15167c9a03d703ba
20:37:36     STOCK_FILE pri podjetju 1: se ni na vrsti po razporedu; preskoceno.
20:37:37     Prebranih zapisov: 1389; SHA-256: 87dc96ff135a90ff21281cf2e3d01cba9b89e36308560bfd15167c9a03d703ba
20:37:37     STOCK_FILE pri podjetju 2: se ni na vrsti po razporedu; preskoceno.
20:37:40     Prebranih zapisov: 1389; SHA-256: 87dc96ff135a90ff21281cf2e3d01cba9b89e36308560bfd15167c9a03d703ba
20:37:47     STOCK_FILE pri podjetju 3: se ni na vrsti po razporedu; preskoceno.
20:37:49     Prebranih zapisov: 1389; SHA-256: 87dc96ff135a90ff21281cf2e3d01cba9b89e36308560bfd15167c9a03d703ba
20:37:49     STOCK_FILE pri podjetju 4: se ni na vrsti po razporedu; preskoceno.
20:37:49     konec: Zaloga BT_STOCK
20:37:49  == Zaloga iz SAOP (kolicine) ==
20:37:52     [1] SAOP_STOCK: se ni na vrsti po razporedu; preskoceno.
20:37:52     [2] SAOP_STOCK: se ni na vrsti po razporedu; preskoceno.
20:37:52     [3] SAOP_STOCK: se ni na vrsti po razporedu; preskoceno.
20:37:52     [4] SAOP_STOCK: se ni na vrsti po razporedu; preskoceno.
20:37:52     konec: Zaloga iz SAOP (kolicine)
20:37:52  == Izvoz cen in zaloge za splet ==
20:37:55     Izvoz profila MAGENTO_STOCK_PRICES končan: 352 vrstic v C:\Users\david\Desktop\PIM\NoviPIM\izvoz\magento\1
20:38:01     Izvoz profila MAGENTO_STOCK_PRICES končan: 2071 vrstic v C:\Users\david\Desktop\PIM\NoviPIM\izvoz\magento\2
20:38:05     Izvoz profila MAGENTO_STOCK_PRICES končan: 2488 vrstic v C:\Users\david\Desktop\PIM\NoviPIM\izvoz\magento\3
20:38:06     Izvoz profila MAGENTO_STOCK_PRICES končan: 0 vrstic v C:\Users\david\Desktop\PIM\NoviPIM\izvoz\magento\4
20:38:07     konec: Izvoz cen in zaloge za splet
20:38:07  Zalogovni cikel koncan; padlih korakov: 0.
20:42:26  == Zaloga NW_STOCK ==
20:42:27     SOURCE_FETCH: se ni na vrsti po razporedu; preskoceno.
20:42:28     Prebranih zapisov: 2763; SHA-256: f07ad4561f6d65a8d024bde72367958c638545843f577ea7504877c95686b0db
20:42:28     STOCK_FILE pri podjetju 1: se ni na vrsti po razporedu; preskoceno.
20:42:29     Prebranih zapisov: 2763; SHA-256: f07ad4561f6d65a8d024bde72367958c638545843f577ea7504877c95686b0db
20:42:29     STOCK_FILE pri podjetju 2: se ni na vrsti po razporedu; preskoceno.
20:42:30     Prebranih zapisov: 2763; SHA-256: f07ad4561f6d65a8d024bde72367958c638545843f577ea7504877c95686b0db
20:42:30     STOCK_FILE pri podjetju 3: se ni na vrsti po razporedu; preskoceno.
20:42:31     Prebranih zapisov: 2763; SHA-256: f07ad4561f6d65a8d024bde72367958c638545843f577ea7504877c95686b0db
20:42:31     STOCK_FILE pri podjetju 4: se ni na vrsti po razporedu; preskoceno.
20:42:31     konec: Zaloga NW_STOCK
20:42:31  == Zaloga BT_STOCK ==
20:42:34     [BT_STOCK] preskoceno: Dobaviteljeva datoteka je nespremenjena; obdrzimo prejsnjo.
20:42:34     Prevzem koncan: uspesno 0, neuspesno 0, skupaj virov 1.
20:42:35     Prebranih zapisov: 1389; SHA-256: 87dc96ff135a90ff21281cf2e3d01cba9b89e36308560bfd15167c9a03d703ba
20:42:35     Ta posnetek je ze v bazi; vir=BT_STOCK, podjetje=1, cas posnetka=2026-09-03 15:17:35Z, uporabljenih=1389, v karanteni=0, RunId=5e288d2d-98ef-40e1-b33c-663e6d513e74. Zapisano ni bilo nic.
20:42:36     Prebranih zapisov: 1389; SHA-256: 87dc96ff135a90ff21281cf2e3d01cba9b89e36308560bfd15167c9a03d703ba
20:42:36     Ta posnetek je ze v bazi; vir=BT_STOCK, podjetje=2, cas posnetka=2026-09-03 15:17:35Z, uporabljenih=1389, v karanteni=0, RunId=3496c976-0c49-45c5-9f74-0ffd35e5d443. Zapisano ni bilo nic.
20:42:37     Prebranih zapisov: 1389; SHA-256: 87dc96ff135a90ff21281cf2e3d01cba9b89e36308560bfd15167c9a03d703ba
20:42:38     Ta posnetek je ze v bazi; vir=BT_STOCK, podjetje=3, cas posnetka=2026-09-03 15:17:35Z, uporabljenih=1389, v karanteni=0, RunId=3dd9ac1c-09dd-4827-b930-eb014cdb2746. Zapisano ni bilo nic.
20:42:38     Prebranih zapisov: 1389; SHA-256: 87dc96ff135a90ff21281cf2e3d01cba9b89e36308560bfd15167c9a03d703ba
20:42:39     Ta posnetek je ze v bazi; vir=BT_STOCK, podjetje=4, cas posnetka=2026-09-03 15:17:35Z, uporabljenih=1389, v karanteni=0, RunId=bec7f147-9b63-48d7-a0cc-8df0cb029c6c. Zapisano ni bilo nic.
20:42:39     konec: Zaloga BT_STOCK
20:42:39  == Zaloga iz SAOP (kolicine) ==
20:42:40     [1] SAOP_STOCK: se ni na vrsti po razporedu; preskoceno.
20:42:40     [2] SAOP_STOCK: se ni na vrsti po razporedu; preskoceno.
20:42:40     [3] SAOP_STOCK: se ni na vrsti po razporedu; preskoceno.
20:42:40     [4] SAOP_STOCK: se ni na vrsti po razporedu; preskoceno.
20:42:40     konec: Zaloga iz SAOP (kolicine)
20:42:40  == Izvoz cen in zaloge za splet ==
20:42:41     Izvoz profila MAGENTO_STOCK_PRICES končan: 352 vrstic v C:\Users\david\Desktop\PIM\NoviPIM\izvoz\magento\1
20:42:45     Izvoz profila MAGENTO_STOCK_PRICES končan: 2071 vrstic v C:\Users\david\Desktop\PIM\NoviPIM\izvoz\magento\2
20:42:49     Izvoz profila MAGENTO_STOCK_PRICES končan: 2488 vrstic v C:\Users\david\Desktop\PIM\NoviPIM\izvoz\magento\3
20:42:50     Izvoz profila MAGENTO_STOCK_PRICES končan: 0 vrstic v C:\Users\david\Desktop\PIM\NoviPIM\izvoz\magento\4
20:42:50     konec: Izvoz cen in zaloge za splet
20:42:50  Zalogovni cikel koncan; padlih korakov: 0.
20:47:26  == Zaloga NW_STOCK ==
20:47:27     SOURCE_FETCH: se ni na vrsti po razporedu; preskoceno.
20:47:28     Prebranih zapisov: 2763; SHA-256: f07ad4561f6d65a8d024bde72367958c638545843f577ea7504877c95686b0db
20:47:28     STOCK_FILE pri podjetju 1: se ni na vrsti po razporedu; preskoceno.
20:47:29     Prebranih zapisov: 2763; SHA-256: f07ad4561f6d65a8d024bde72367958c638545843f577ea7504877c95686b0db
20:47:29     STOCK_FILE pri podjetju 2: se ni na vrsti po razporedu; preskoceno.
20:47:30     Prebranih zapisov: 2763; SHA-256: f07ad4561f6d65a8d024bde72367958c638545843f577ea7504877c95686b0db
20:47:30     STOCK_FILE pri podjetju 3: se ni na vrsti po razporedu; preskoceno.
20:47:31     Prebranih zapisov: 2763; SHA-256: f07ad4561f6d65a8d024bde72367958c638545843f577ea7504877c95686b0db
20:47:31     STOCK_FILE pri podjetju 4: se ni na vrsti po razporedu; preskoceno.
20:47:31     konec: Zaloga NW_STOCK
20:47:31  == Zaloga BT_STOCK ==
20:47:32     SOURCE_FETCH: se ni na vrsti po razporedu; preskoceno.
20:47:33     Prebranih zapisov: 1389; SHA-256: 87dc96ff135a90ff21281cf2e3d01cba9b89e36308560bfd15167c9a03d703ba
20:47:34     STOCK_FILE pri podjetju 1: se ni na vrsti po razporedu; preskoceno.
20:47:34     Prebranih zapisov: 1389; SHA-256: 87dc96ff135a90ff21281cf2e3d01cba9b89e36308560bfd15167c9a03d703ba
20:47:35     STOCK_FILE pri podjetju 2: se ni na vrsti po razporedu; preskoceno.
20:47:35     Prebranih zapisov: 1389; SHA-256: 87dc96ff135a90ff21281cf2e3d01cba9b89e36308560bfd15167c9a03d703ba
20:47:36     STOCK_FILE pri podjetju 3: se ni na vrsti po razporedu; preskoceno.
20:47:36     Prebranih zapisov: 1389; SHA-256: 87dc96ff135a90ff21281cf2e3d01cba9b89e36308560bfd15167c9a03d703ba
20:47:37     STOCK_FILE pri podjetju 4: se ni na vrsti po razporedu; preskoceno.
20:47:37     konec: Zaloga BT_STOCK
20:47:37  == Zaloga iz SAOP (kolicine) ==
20:47:38     [1] SAOP_STOCK: se ni na vrsti po razporedu; preskoceno.
20:47:38     [2] SAOP_STOCK: se ni na vrsti po razporedu; preskoceno.
20:47:38     [3] SAOP_STOCK: se ni na vrsti po razporedu; preskoceno.
20:47:38     [4] SAOP_STOCK: se ni na vrsti po razporedu; preskoceno.
20:47:38     konec: Zaloga iz SAOP (kolicine)
20:47:38  == Izvoz cen in zaloge za splet ==
20:47:39     Izvoz profila MAGENTO_STOCK_PRICES končan: 352 vrstic v C:\Users\david\Desktop\PIM\NoviPIM\izvoz\magento\1
20:47:43     Izvoz profila MAGENTO_STOCK_PRICES končan: 2071 vrstic v C:\Users\david\Desktop\PIM\NoviPIM\izvoz\magento\2
20:47:46     Izvoz profila MAGENTO_STOCK_PRICES končan: 2488 vrstic v C:\Users\david\Desktop\PIM\NoviPIM\izvoz\magento\3
20:47:48     Izvoz profila MAGENTO_STOCK_PRICES končan: 0 vrstic v C:\Users\david\Desktop\PIM\NoviPIM\izvoz\magento\4
20:47:48     konec: Izvoz cen in zaloge za splet
20:47:48  Zalogovni cikel koncan; padlih korakov: 0.
20:52:26  == Zaloga NW_STOCK ==
20:52:27     [NW_STOCK] preskoceno: Razmik dobavitelja se tece; naslednji prenos po 3. 09. 2026 22:27.
20:52:27     Prevzem koncan: uspesno 0, neuspesno 0, skupaj virov 1.
20:52:28     Prebranih zapisov: 2763; SHA-256: f07ad4561f6d65a8d024bde72367958c638545843f577ea7504877c95686b0db
20:52:28     Ta posnetek je ze v bazi; vir=NW_STOCK, podjetje=1, cas posnetka=2026-09-03 18:27:32Z, uporabljenih=2763, v karanteni=0, RunId=619fa4c6-7aa4-43ad-8265-ddc4c1009c98. Zapisano ni bilo nic.
20:52:29     Prebranih zapisov: 2763; SHA-256: f07ad4561f6d65a8d024bde72367958c638545843f577ea7504877c95686b0db
20:52:29     Ta posnetek je ze v bazi; vir=NW_STOCK, podjetje=2, cas posnetka=2026-09-03 18:27:32Z, uporabljenih=2763, v karanteni=0, RunId=56108dde-f6e1-431e-b25f-7d0793736456. Zapisano ni bilo nic.
20:52:30     Prebranih zapisov: 2763; SHA-256: f07ad4561f6d65a8d024bde72367958c638545843f577ea7504877c95686b0db
20:52:30     Ta posnetek je ze v bazi; vir=NW_STOCK, podjetje=3, cas posnetka=2026-09-03 18:27:32Z, uporabljenih=2763, v karanteni=0, RunId=d117dbdd-6eed-4a65-a1db-b21dc1a7378f. Zapisano ni bilo nic.
20:52:31     Prebranih zapisov: 2763; SHA-256: f07ad4561f6d65a8d024bde72367958c638545843f577ea7504877c95686b0db
20:52:32     Ta posnetek je ze v bazi; vir=NW_STOCK, podjetje=4, cas posnetka=2026-09-03 18:27:32Z, uporabljenih=2763, v karanteni=0, RunId=477b5cae-cc33-4b01-9f31-c7b1a5117324. Zapisano ni bilo nic.
20:52:32     konec: Zaloga NW_STOCK
20:52:32  == Zaloga BT_STOCK ==
20:52:33     SOURCE_FETCH: se ni na vrsti po razporedu; preskoceno.
20:52:33     Prebranih zapisov: 1389; SHA-256: 87dc96ff135a90ff21281cf2e3d01cba9b89e36308560bfd15167c9a03d703ba
20:52:34     STOCK_FILE pri podjetju 1: se ni na vrsti po razporedu; preskoceno.
20:52:35     Prebranih zapisov: 1389; SHA-256: 87dc96ff135a90ff21281cf2e3d01cba9b89e36308560bfd15167c9a03d703ba
20:52:35     STOCK_FILE pri podjetju 2: se ni na vrsti po razporedu; preskoceno.
20:52:36     Prebranih zapisov: 1389; SHA-256: 87dc96ff135a90ff21281cf2e3d01cba9b89e36308560bfd15167c9a03d703ba
20:52:36     STOCK_FILE pri podjetju 3: se ni na vrsti po razporedu; preskoceno.
20:52:37     Prebranih zapisov: 1389; SHA-256: 87dc96ff135a90ff21281cf2e3d01cba9b89e36308560bfd15167c9a03d703ba
20:52:37     STOCK_FILE pri podjetju 4: se ni na vrsti po razporedu; preskoceno.
20:52:37     konec: Zaloga BT_STOCK
20:52:37  == Zaloga iz SAOP (kolicine) ==
20:52:38     [1] SAOP_STOCK: se ni na vrsti po razporedu; preskoceno.
20:52:38     [2] SAOP_STOCK: se ni na vrsti po razporedu; preskoceno.
20:52:38     [3] SAOP_STOCK: se ni na vrsti po razporedu; preskoceno.
20:52:38     [4] SAOP_STOCK: se ni na vrsti po razporedu; preskoceno.
20:52:38     konec: Zaloga iz SAOP (kolicine)
20:52:38  == Izvoz cen in zaloge za splet ==
20:52:40     Izvoz profila MAGENTO_STOCK_PRICES končan: 352 vrstic v C:\Users\david\Desktop\PIM\NoviPIM\izvoz\magento\1
20:52:43     Izvoz profila MAGENTO_STOCK_PRICES končan: 2071 vrstic v C:\Users\david\Desktop\PIM\NoviPIM\izvoz\magento\2
20:52:47     Izvoz profila MAGENTO_STOCK_PRICES končan: 2488 vrstic v C:\Users\david\Desktop\PIM\NoviPIM\izvoz\magento\3
20:52:48     Izvoz profila MAGENTO_STOCK_PRICES končan: 0 vrstic v C:\Users\david\Desktop\PIM\NoviPIM\izvoz\magento\4
20:52:48     konec: Izvoz cen in zaloge za splet
20:52:48  Zalogovni cikel koncan; padlih korakov: 0.
20:57:26  == Zaloga NW_STOCK ==
20:57:27     SOURCE_FETCH: se ni na vrsti po razporedu; preskoceno.
20:57:28     Prebranih zapisov: 2763; SHA-256: f07ad4561f6d65a8d024bde72367958c638545843f577ea7504877c95686b0db
20:57:28     STOCK_FILE pri podjetju 1: se ni na vrsti po razporedu; preskoceno.
20:57:29     Prebranih zapisov: 2763; SHA-256: f07ad4561f6d65a8d024bde72367958c638545843f577ea7504877c95686b0db
20:57:29     STOCK_FILE pri podjetju 2: se ni na vrsti po razporedu; preskoceno.
20:57:30     Prebranih zapisov: 2763; SHA-256: f07ad4561f6d65a8d024bde72367958c638545843f577ea7504877c95686b0db
20:57:30     STOCK_FILE pri podjetju 3: se ni na vrsti po razporedu; preskoceno.
20:57:31     Prebranih zapisov: 2763; SHA-256: f07ad4561f6d65a8d024bde72367958c638545843f577ea7504877c95686b0db
20:57:31     STOCK_FILE pri podjetju 4: se ni na vrsti po razporedu; preskoceno.
20:57:31     konec: Zaloga NW_STOCK
20:57:31  == Zaloga BT_STOCK ==
20:57:32     [BT_STOCK] preskoceno: Razmik dobavitelja se tece; naslednji prenos po 3. 09. 2026 23:42.
20:57:32     Prevzem koncan: uspesno 0, neuspesno 0, skupaj virov 1.
20:57:33     Prebranih zapisov: 1389; SHA-256: 87dc96ff135a90ff21281cf2e3d01cba9b89e36308560bfd15167c9a03d703ba
20:57:33     Ta posnetek je ze v bazi; vir=BT_STOCK, podjetje=1, cas posnetka=2026-09-03 15:17:35Z, uporabljenih=1389, v karanteni=0, RunId=5e288d2d-98ef-40e1-b33c-663e6d513e74. Zapisano ni bilo nic.
20:57:34     Prebranih zapisov: 1389; SHA-256: 87dc96ff135a90ff21281cf2e3d01cba9b89e36308560bfd15167c9a03d703ba
20:57:34     Ta posnetek je ze v bazi; vir=BT_STOCK, podjetje=2, cas posnetka=2026-09-03 15:17:35Z, uporabljenih=1389, v karanteni=0, RunId=3496c976-0c49-45c5-9f74-0ffd35e5d443. Zapisano ni bilo nic.
20:57:35     Prebranih zapisov: 1389; SHA-256: 87dc96ff135a90ff21281cf2e3d01cba9b89e36308560bfd15167c9a03d703ba
20:57:35     Ta posnetek je ze v bazi; vir=BT_STOCK, podjetje=3, cas posnetka=2026-09-03 15:17:35Z, uporabljenih=1389, v karanteni=0, RunId=3dd9ac1c-09dd-4827-b930-eb014cdb2746. Zapisano ni bilo nic.
20:57:36     Prebranih zapisov: 1389; SHA-256: 87dc96ff135a90ff21281cf2e3d01cba9b89e36308560bfd15167c9a03d703ba
20:57:36     Ta posnetek je ze v bazi; vir=BT_STOCK, podjetje=4, cas posnetka=2026-09-03 15:17:35Z, uporabljenih=1389, v karanteni=0, RunId=bec7f147-9b63-48d7-a0cc-8df0cb029c6c. Zapisano ni bilo nic.
20:57:36     konec: Zaloga BT_STOCK
20:57:36  == Zaloga iz SAOP (kolicine) ==
20:57:37     [1] SAOP_STOCK: se ni na vrsti po razporedu; preskoceno.
20:57:37     [2] SAOP_STOCK: se ni na vrsti po razporedu; preskoceno.
20:57:37     [3] SAOP_STOCK: se ni na vrsti po razporedu; preskoceno.
20:57:37     [4] SAOP_STOCK: se ni na vrsti po razporedu; preskoceno.
20:57:37     konec: Zaloga iz SAOP (kolicine)
20:57:37  == Izvoz cen in zaloge za splet ==
20:57:39     Izvoz profila MAGENTO_STOCK_PRICES končan: 352 vrstic v C:\Users\david\Desktop\PIM\NoviPIM\izvoz\magento\1
20:57:42     Izvoz profila MAGENTO_STOCK_PRICES končan: 2071 vrstic v C:\Users\david\Desktop\PIM\NoviPIM\izvoz\magento\2
20:57:46     Izvoz profila MAGENTO_STOCK_PRICES končan: 2488 vrstic v C:\Users\david\Desktop\PIM\NoviPIM\izvoz\magento\3
20:57:47     Izvoz profila MAGENTO_STOCK_PRICES končan: 0 vrstic v C:\Users\david\Desktop\PIM\NoviPIM\izvoz\magento\4
20:57:47     konec: Izvoz cen in zaloge za splet
20:57:47  Zalogovni cikel koncan; padlih korakov: 0.
21:02:26  == Zaloga NW_STOCK ==
21:02:27     SOURCE_FETCH: se ni na vrsti po razporedu; preskoceno.
21:02:28     Prebranih zapisov: 2763; SHA-256: f07ad4561f6d65a8d024bde72367958c638545843f577ea7504877c95686b0db
21:02:28     STOCK_FILE pri podjetju 1: se ni na vrsti po razporedu; preskoceno.
21:02:29     Prebranih zapisov: 2763; SHA-256: f07ad4561f6d65a8d024bde72367958c638545843f577ea7504877c95686b0db
21:02:29     STOCK_FILE pri podjetju 2: se ni na vrsti po razporedu; preskoceno.
21:02:30     Prebranih zapisov: 2763; SHA-256: f07ad4561f6d65a8d024bde72367958c638545843f577ea7504877c95686b0db
21:02:30     STOCK_FILE pri podjetju 3: se ni na vrsti po razporedu; preskoceno.
21:02:31     Prebranih zapisov: 2763; SHA-256: f07ad4561f6d65a8d024bde72367958c638545843f577ea7504877c95686b0db
21:02:31     STOCK_FILE pri podjetju 4: se ni na vrsti po razporedu; preskoceno.
21:02:31     konec: Zaloga NW_STOCK
21:02:31  == Zaloga BT_STOCK ==
21:02:32     [BT_STOCK] preskoceno: Razmik dobavitelja se tece; naslednji prenos po 3. 09. 2026 23:42.
21:02:32     Prevzem koncan: uspesno 0, neuspesno 0, skupaj virov 1.
21:02:33     Prebranih zapisov: 1389; SHA-256: 87dc96ff135a90ff21281cf2e3d01cba9b89e36308560bfd15167c9a03d703ba
21:02:33     Ta posnetek je ze v bazi; vir=BT_STOCK, podjetje=1, cas posnetka=2026-09-03 15:17:35Z, uporabljenih=1389, v karanteni=0, RunId=5e288d2d-98ef-40e1-b33c-663e6d513e74. Zapisano ni bilo nic.
21:02:34     Prebranih zapisov: 1389; SHA-256: 87dc96ff135a90ff21281cf2e3d01cba9b89e36308560bfd15167c9a03d703ba
21:02:35     Ta posnetek je ze v bazi; vir=BT_STOCK, podjetje=2, cas posnetka=2026-09-03 15:17:35Z, uporabljenih=1389, v karanteni=0, RunId=3496c976-0c49-45c5-9f74-0ffd35e5d443. Zapisano ni bilo nic.
21:02:35     Prebranih zapisov: 1389; SHA-256: 87dc96ff135a90ff21281cf2e3d01cba9b89e36308560bfd15167c9a03d703ba
21:02:36     Ta posnetek je ze v bazi; vir=BT_STOCK, podjetje=3, cas posnetka=2026-09-03 15:17:35Z, uporabljenih=1389, v karanteni=0, RunId=3dd9ac1c-09dd-4827-b930-eb014cdb2746. Zapisano ni bilo nic.
21:02:37     Prebranih zapisov: 1389; SHA-256: 87dc96ff135a90ff21281cf2e3d01cba9b89e36308560bfd15167c9a03d703ba
21:02:37     Ta posnetek je ze v bazi; vir=BT_STOCK, podjetje=4, cas posnetka=2026-09-03 15:17:35Z, uporabljenih=1389, v karanteni=0, RunId=bec7f147-9b63-48d7-a0cc-8df0cb029c6c. Zapisano ni bilo nic.
21:02:37     konec: Zaloga BT_STOCK
21:02:37  == Zaloga iz SAOP (kolicine) ==
21:02:38     [1] SAOP_STOCK: se ni na vrsti po razporedu; preskoceno.
21:02:38     [2] SAOP_STOCK: se ni na vrsti po razporedu; preskoceno.
21:02:38     [3] SAOP_STOCK: se ni na vrsti po razporedu; preskoceno.
21:02:38     [4] SAOP_STOCK: se ni na vrsti po razporedu; preskoceno.
21:02:38     konec: Zaloga iz SAOP (kolicine)
21:02:38  == Izvoz cen in zaloge za splet ==
21:02:40     Izvoz profila MAGENTO_STOCK_PRICES končan: 352 vrstic v C:\Users\david\Desktop\PIM\NoviPIM\izvoz\magento\1
21:02:44     Izvoz profila MAGENTO_STOCK_PRICES končan: 2071 vrstic v C:\Users\david\Desktop\PIM\NoviPIM\izvoz\magento\2
21:02:47     Izvoz profila MAGENTO_STOCK_PRICES končan: 2488 vrstic v C:\Users\david\Desktop\PIM\NoviPIM\izvoz\magento\3
21:02:49     Izvoz profila MAGENTO_STOCK_PRICES končan: 0 vrstic v C:\Users\david\Desktop\PIM\NoviPIM\izvoz\magento\4
21:02:49     konec: Izvoz cen in zaloge za splet
21:02:49  Zalogovni cikel koncan; padlih korakov: 0.
21:07:26  == Zaloga NW_STOCK ==
21:07:27     SOURCE_FETCH: se ni na vrsti po razporedu; preskoceno.
21:07:28     Prebranih zapisov: 2763; SHA-256: f07ad4561f6d65a8d024bde72367958c638545843f577ea7504877c95686b0db
21:07:28     STOCK_FILE pri podjetju 1: se ni na vrsti po razporedu; preskoceno.
21:07:29     Prebranih zapisov: 2763; SHA-256: f07ad4561f6d65a8d024bde72367958c638545843f577ea7504877c95686b0db
21:07:29     STOCK_FILE pri podjetju 2: se ni na vrsti po razporedu; preskoceno.
21:07:30     Prebranih zapisov: 2763; SHA-256: f07ad4561f6d65a8d024bde72367958c638545843f577ea7504877c95686b0db
21:07:30     STOCK_FILE pri podjetju 3: se ni na vrsti po razporedu; preskoceno.
21:07:31     Prebranih zapisov: 2763; SHA-256: f07ad4561f6d65a8d024bde72367958c638545843f577ea7504877c95686b0db
21:07:31     STOCK_FILE pri podjetju 4: se ni na vrsti po razporedu; preskoceno.
21:07:31     konec: Zaloga NW_STOCK
21:07:31  == Zaloga BT_STOCK ==
21:07:32     SOURCE_FETCH: se ni na vrsti po razporedu; preskoceno.
21:07:33     Prebranih zapisov: 1389; SHA-256: 87dc96ff135a90ff21281cf2e3d01cba9b89e36308560bfd15167c9a03d703ba
21:07:33     STOCK_FILE pri podjetju 1: se ni na vrsti po razporedu; preskoceno.
21:07:34     Prebranih zapisov: 1389; SHA-256: 87dc96ff135a90ff21281cf2e3d01cba9b89e36308560bfd15167c9a03d703ba
21:07:34     STOCK_FILE pri podjetju 2: se ni na vrsti po razporedu; preskoceno.
21:07:35     Prebranih zapisov: 1389; SHA-256: 87dc96ff135a90ff21281cf2e3d01cba9b89e36308560bfd15167c9a03d703ba
21:07:35     STOCK_FILE pri podjetju 3: se ni na vrsti po razporedu; preskoceno.
21:07:36     Prebranih zapisov: 1389; SHA-256: 87dc96ff135a90ff21281cf2e3d01cba9b89e36308560bfd15167c9a03d703ba
21:07:36     STOCK_FILE pri podjetju 4: se ni na vrsti po razporedu; preskoceno.
21:07:36     konec: Zaloga BT_STOCK
21:07:36  == Zaloga iz SAOP (kolicine) ==
21:07:37     [1] SAOP_STOCK: se ni na vrsti po razporedu; preskoceno.
21:07:37     [2] SAOP_STOCK: se ni na vrsti po razporedu; preskoceno.
21:07:37     [3] SAOP_STOCK: se ni na vrsti po razporedu; preskoceno.
21:07:37     [4] SAOP_STOCK: se ni na vrsti po razporedu; preskoceno.
21:07:37     konec: Zaloga iz SAOP (kolicine)
21:07:37  == Izvoz cen in zaloge za splet ==
21:07:38     Izvoz profila MAGENTO_STOCK_PRICES končan: 352 vrstic v C:\Users\david\Desktop\PIM\NoviPIM\izvoz\magento\1
21:07:42     Izvoz profila MAGENTO_STOCK_PRICES končan: 2071 vrstic v C:\Users\david\Desktop\PIM\NoviPIM\izvoz\magento\2
21:07:46     Izvoz profila MAGENTO_STOCK_PRICES končan: 2488 vrstic v C:\Users\david\Desktop\PIM\NoviPIM\izvoz\magento\3
21:07:47     Izvoz profila MAGENTO_STOCK_PRICES končan: 0 vrstic v C:\Users\david\Desktop\PIM\NoviPIM\izvoz\magento\4
21:07:47     konec: Izvoz cen in zaloge za splet
21:07:47  Zalogovni cikel koncan; padlih korakov: 0.
21:12:26  == Zaloga NW_STOCK ==
21:12:27     [NW_STOCK] preskoceno: Razmik dobavitelja se tece; naslednji prenos po 3. 09. 2026 22:27.
21:12:27     Prevzem koncan: uspesno 0, neuspesno 0, skupaj virov 1.
21:12:28     Prebranih zapisov: 2763; SHA-256: f07ad4561f6d65a8d024bde72367958c638545843f577ea7504877c95686b0db
21:12:28     Ta posnetek je ze v bazi; vir=NW_STOCK, podjetje=1, cas posnetka=2026-09-03 18:27:32Z, uporabljenih=2763, v karanteni=0, RunId=619fa4c6-7aa4-43ad-8265-ddc4c1009c98. Zapisano ni bilo nic.
21:12:29     Prebranih zapisov: 2763; SHA-256: f07ad4561f6d65a8d024bde72367958c638545843f577ea7504877c95686b0db
21:12:29     Ta posnetek je ze v bazi; vir=NW_STOCK, podjetje=2, cas posnetka=2026-09-03 18:27:32Z, uporabljenih=2763, v karanteni=0, RunId=56108dde-f6e1-431e-b25f-7d0793736456. Zapisano ni bilo nic.
21:12:30     Prebranih zapisov: 2763; SHA-256: f07ad4561f6d65a8d024bde72367958c638545843f577ea7504877c95686b0db
21:12:30     Ta posnetek je ze v bazi; vir=NW_STOCK, podjetje=3, cas posnetka=2026-09-03 18:27:32Z, uporabljenih=2763, v karanteni=0, RunId=d117dbdd-6eed-4a65-a1db-b21dc1a7378f. Zapisano ni bilo nic.
21:12:31     Prebranih zapisov: 2763; SHA-256: f07ad4561f6d65a8d024bde72367958c638545843f577ea7504877c95686b0db
21:12:31     Ta posnetek je ze v bazi; vir=NW_STOCK, podjetje=4, cas posnetka=2026-09-03 18:27:32Z, uporabljenih=2763, v karanteni=0, RunId=477b5cae-cc33-4b01-9f31-c7b1a5117324. Zapisano ni bilo nic.
21:12:31     konec: Zaloga NW_STOCK
21:12:31  == Zaloga BT_STOCK ==
21:12:32     SOURCE_FETCH: se ni na vrsti po razporedu; preskoceno.
21:12:33     Prebranih zapisov: 1389; SHA-256: 87dc96ff135a90ff21281cf2e3d01cba9b89e36308560bfd15167c9a03d703ba
21:12:33     STOCK_FILE pri podjetju 1: se ni na vrsti po razporedu; preskoceno.
21:12:34     Prebranih zapisov: 1389; SHA-256: 87dc96ff135a90ff21281cf2e3d01cba9b89e36308560bfd15167c9a03d703ba
21:12:34     STOCK_FILE pri podjetju 2: se ni na vrsti po razporedu; preskoceno.
21:12:35     Prebranih zapisov: 1389; SHA-256: 87dc96ff135a90ff21281cf2e3d01cba9b89e36308560bfd15167c9a03d703ba
21:12:35     STOCK_FILE pri podjetju 3: se ni na vrsti po razporedu; preskoceno.
21:12:36     Prebranih zapisov: 1389; SHA-256: 87dc96ff135a90ff21281cf2e3d01cba9b89e36308560bfd15167c9a03d703ba
21:12:36     STOCK_FILE pri podjetju 4: se ni na vrsti po razporedu; preskoceno.
21:12:36     konec: Zaloga BT_STOCK
21:12:36  == Zaloga iz SAOP (kolicine) ==
21:12:37     [1] SAOP_STOCK: se ni na vrsti po razporedu; preskoceno.
21:12:37     [2] SAOP_STOCK: se ni na vrsti po razporedu; preskoceno.
21:12:37     [3] SAOP_STOCK: se ni na vrsti po razporedu; preskoceno.
21:12:37     [4] SAOP_STOCK: se ni na vrsti po razporedu; preskoceno.
21:12:37     konec: Zaloga iz SAOP (kolicine)
21:12:37  == Izvoz cen in zaloge za splet ==
21:12:39     Izvoz profila MAGENTO_STOCK_PRICES končan: 352 vrstic v C:\Users\david\Desktop\PIM\NoviPIM\izvoz\magento\1
21:12:42     Izvoz profila MAGENTO_STOCK_PRICES končan: 2071 vrstic v C:\Users\david\Desktop\PIM\NoviPIM\izvoz\magento\2
21:12:46     Izvoz profila MAGENTO_STOCK_PRICES končan: 2488 vrstic v C:\Users\david\Desktop\PIM\NoviPIM\izvoz\magento\3
21:12:47     Izvoz profila MAGENTO_STOCK_PRICES končan: 0 vrstic v C:\Users\david\Desktop\PIM\NoviPIM\izvoz\magento\4
21:12:47     konec: Izvoz cen in zaloge za splet
21:12:47  Zalogovni cikel koncan; padlih korakov: 0.
21:17:26  == Zaloga NW_STOCK ==
21:17:27     SOURCE_FETCH: se ni na vrsti po razporedu; preskoceno.
21:17:28     Prebranih zapisov: 2763; SHA-256: f07ad4561f6d65a8d024bde72367958c638545843f577ea7504877c95686b0db
21:17:28     STOCK_FILE pri podjetju 1: se ni na vrsti po razporedu; preskoceno.
21:17:29     Prebranih zapisov: 2763; SHA-256: f07ad4561f6d65a8d024bde72367958c638545843f577ea7504877c95686b0db
21:17:29     STOCK_FILE pri podjetju 2: se ni na vrsti po razporedu; preskoceno.
21:17:30     Prebranih zapisov: 2763; SHA-256: f07ad4561f6d65a8d024bde72367958c638545843f577ea7504877c95686b0db
21:17:30     STOCK_FILE pri podjetju 3: se ni na vrsti po razporedu; preskoceno.
21:17:31     Prebranih zapisov: 2763; SHA-256: f07ad4561f6d65a8d024bde72367958c638545843f577ea7504877c95686b0db
21:17:31     STOCK_FILE pri podjetju 4: se ni na vrsti po razporedu; preskoceno.
21:17:31     konec: Zaloga NW_STOCK
21:17:31  == Zaloga BT_STOCK ==
21:17:32     [BT_STOCK] preskoceno: Razmik dobavitelja se tece; naslednji prenos po 3. 09. 2026 23:42.
21:17:32     Prevzem koncan: uspesno 0, neuspesno 0, skupaj virov 1.
21:17:33     Prebranih zapisov: 1389; SHA-256: 87dc96ff135a90ff21281cf2e3d01cba9b89e36308560bfd15167c9a03d703ba
21:17:33     Ta posnetek je ze v bazi; vir=BT_STOCK, podjetje=1, cas posnetka=2026-09-03 15:17:35Z, uporabljenih=1389, v karanteni=0, RunId=5e288d2d-98ef-40e1-b33c-663e6d513e74. Zapisano ni bilo nic.
21:17:34     Prebranih zapisov: 1389; SHA-256: 87dc96ff135a90ff21281cf2e3d01cba9b89e36308560bfd15167c9a03d703ba
21:17:34     Ta posnetek je ze v bazi; vir=BT_STOCK, podjetje=2, cas posnetka=2026-09-03 15:17:35Z, uporabljenih=1389, v karanteni=0, RunId=3496c976-0c49-45c5-9f74-0ffd35e5d443. Zapisano ni bilo nic.
21:17:35     Prebranih zapisov: 1389; SHA-256: 87dc96ff135a90ff21281cf2e3d01cba9b89e36308560bfd15167c9a03d703ba
21:17:35     Ta posnetek je ze v bazi; vir=BT_STOCK, podjetje=3, cas posnetka=2026-09-03 15:17:35Z, uporabljenih=1389, v karanteni=0, RunId=3dd9ac1c-09dd-4827-b930-eb014cdb2746. Zapisano ni bilo nic.
21:17:36     Prebranih zapisov: 1389; SHA-256: 87dc96ff135a90ff21281cf2e3d01cba9b89e36308560bfd15167c9a03d703ba
21:17:36     Ta posnetek je ze v bazi; vir=BT_STOCK, podjetje=4, cas posnetka=2026-09-03 15:17:35Z, uporabljenih=1389, v karanteni=0, RunId=bec7f147-9b63-48d7-a0cc-8df0cb029c6c. Zapisano ni bilo nic.
21:17:36     konec: Zaloga BT_STOCK
21:17:36  == Zaloga iz SAOP (kolicine) ==
21:17:37     [1] SAOP_STOCK: se ni na vrsti po razporedu; preskoceno.
21:17:37     [2] SAOP_STOCK: se ni na vrsti po razporedu; preskoceno.
21:17:37     [3] SAOP_STOCK: se ni na vrsti po razporedu; preskoceno.
21:17:37     [4] SAOP_STOCK: se ni na vrsti po razporedu; preskoceno.
21:17:37     konec: Zaloga iz SAOP (kolicine)
21:17:37  == Izvoz cen in zaloge za splet ==
21:17:39     Izvoz profila MAGENTO_STOCK_PRICES končan: 352 vrstic v C:\Users\david\Desktop\PIM\NoviPIM\izvoz\magento\1
21:17:42     Izvoz profila MAGENTO_STOCK_PRICES končan: 2071 vrstic v C:\Users\david\Desktop\PIM\NoviPIM\izvoz\magento\2
21:17:46     Izvoz profila MAGENTO_STOCK_PRICES končan: 2488 vrstic v C:\Users\david\Desktop\PIM\NoviPIM\izvoz\magento\3
21:17:47     Izvoz profila MAGENTO_STOCK_PRICES končan: 0 vrstic v C:\Users\david\Desktop\PIM\NoviPIM\izvoz\magento\4
21:17:47     konec: Izvoz cen in zaloge za splet
21:17:47  Zalogovni cikel koncan; padlih korakov: 0.
21:22:26  == Zaloga NW_STOCK ==
21:22:27     SOURCE_FETCH: se ni na vrsti po razporedu; preskoceno.
21:22:28     Prebranih zapisov: 2763; SHA-256: f07ad4561f6d65a8d024bde72367958c638545843f577ea7504877c95686b0db
21:22:28     STOCK_FILE pri podjetju 1: se ni na vrsti po razporedu; preskoceno.
21:22:29     Prebranih zapisov: 2763; SHA-256: f07ad4561f6d65a8d024bde72367958c638545843f577ea7504877c95686b0db
21:22:29     STOCK_FILE pri podjetju 2: se ni na vrsti po razporedu; preskoceno.
21:22:30     Prebranih zapisov: 2763; SHA-256: f07ad4561f6d65a8d024bde72367958c638545843f577ea7504877c95686b0db
21:22:30     STOCK_FILE pri podjetju 3: se ni na vrsti po razporedu; preskoceno.
21:22:31     Prebranih zapisov: 2763; SHA-256: f07ad4561f6d65a8d024bde72367958c638545843f577ea7504877c95686b0db
21:22:31     STOCK_FILE pri podjetju 4: se ni na vrsti po razporedu; preskoceno.
21:22:31     konec: Zaloga NW_STOCK
21:22:31  == Zaloga BT_STOCK ==
21:22:32     SOURCE_FETCH: se ni na vrsti po razporedu; preskoceno.
21:22:33     Prebranih zapisov: 1389; SHA-256: 87dc96ff135a90ff21281cf2e3d01cba9b89e36308560bfd15167c9a03d703ba
21:22:33     STOCK_FILE pri podjetju 1: se ni na vrsti po razporedu; preskoceno.
21:22:34     Prebranih zapisov: 1389; SHA-256: 87dc96ff135a90ff21281cf2e3d01cba9b89e36308560bfd15167c9a03d703ba
21:22:34     STOCK_FILE pri podjetju 2: se ni na vrsti po razporedu; preskoceno.
21:22:35     Prebranih zapisov: 1389; SHA-256: 87dc96ff135a90ff21281cf2e3d01cba9b89e36308560bfd15167c9a03d703ba
21:22:35     STOCK_FILE pri podjetju 3: se ni na vrsti po razporedu; preskoceno.
21:22:36     Prebranih zapisov: 1389; SHA-256: 87dc96ff135a90ff21281cf2e3d01cba9b89e36308560bfd15167c9a03d703ba
21:22:36     STOCK_FILE pri podjetju 4: se ni na vrsti po razporedu; preskoceno.
21:22:36     konec: Zaloga BT_STOCK
21:22:36  == Zaloga iz SAOP (kolicine) ==
21:22:37     [1] SAOP_STOCK: se ni na vrsti po razporedu; preskoceno.
21:22:37     [2] SAOP_STOCK: se ni na vrsti po razporedu; preskoceno.
21:22:37     [3] SAOP_STOCK: se ni na vrsti po razporedu; preskoceno.
21:22:37     [4] SAOP_STOCK: se ni na vrsti po razporedu; preskoceno.
21:22:37     konec: Zaloga iz SAOP (kolicine)
21:22:37  == Izvoz cen in zaloge za splet ==
21:22:38     Izvoz profila MAGENTO_STOCK_PRICES končan: 352 vrstic v C:\Users\david\Desktop\PIM\NoviPIM\izvoz\magento\1
21:22:42     Izvoz profila MAGENTO_STOCK_PRICES končan: 2071 vrstic v C:\Users\david\Desktop\PIM\NoviPIM\izvoz\magento\2
21:22:46     Izvoz profila MAGENTO_STOCK_PRICES končan: 2488 vrstic v C:\Users\david\Desktop\PIM\NoviPIM\izvoz\magento\3
21:22:47     Izvoz profila MAGENTO_STOCK_PRICES končan: 0 vrstic v C:\Users\david\Desktop\PIM\NoviPIM\izvoz\magento\4
21:22:47     konec: Izvoz cen in zaloge za splet
21:22:47  Zalogovni cikel koncan; padlih korakov: 0.
21:27:26  == Zaloga NW_STOCK ==
21:27:27     [NW_STOCK] preskoceno: Razmik dobavitelja se tece; naslednji prenos po 3. 09. 2026 22:27.
21:27:27     Prevzem koncan: uspesno 0, neuspesno 0, skupaj virov 1.
21:27:28     Prebranih zapisov: 2763; SHA-256: f07ad4561f6d65a8d024bde72367958c638545843f577ea7504877c95686b0db
21:27:28     Ta posnetek je ze v bazi; vir=NW_STOCK, podjetje=1, cas posnetka=2026-09-03 18:27:32Z, uporabljenih=2763, v karanteni=0, RunId=619fa4c6-7aa4-43ad-8265-ddc4c1009c98. Zapisano ni bilo nic.
21:27:29     Prebranih zapisov: 2763; SHA-256: f07ad4561f6d65a8d024bde72367958c638545843f577ea7504877c95686b0db
21:27:29     Ta posnetek je ze v bazi; vir=NW_STOCK, podjetje=2, cas posnetka=2026-09-03 18:27:32Z, uporabljenih=2763, v karanteni=0, RunId=56108dde-f6e1-431e-b25f-7d0793736456. Zapisano ni bilo nic.
21:27:30     Prebranih zapisov: 2763; SHA-256: f07ad4561f6d65a8d024bde72367958c638545843f577ea7504877c95686b0db
21:27:30     Ta posnetek je ze v bazi; vir=NW_STOCK, podjetje=3, cas posnetka=2026-09-03 18:27:32Z, uporabljenih=2763, v karanteni=0, RunId=d117dbdd-6eed-4a65-a1db-b21dc1a7378f. Zapisano ni bilo nic.
21:27:31     Prebranih zapisov: 2763; SHA-256: f07ad4561f6d65a8d024bde72367958c638545843f577ea7504877c95686b0db
21:27:31     Ta posnetek je ze v bazi; vir=NW_STOCK, podjetje=4, cas posnetka=2026-09-03 18:27:32Z, uporabljenih=2763, v karanteni=0, RunId=477b5cae-cc33-4b01-9f31-c7b1a5117324. Zapisano ni bilo nic.
21:27:31     konec: Zaloga NW_STOCK
21:27:31  == Zaloga BT_STOCK ==
21:27:32     SOURCE_FETCH: se ni na vrsti po razporedu; preskoceno.
21:27:33     Prebranih zapisov: 1389; SHA-256: 87dc96ff135a90ff21281cf2e3d01cba9b89e36308560bfd15167c9a03d703ba
21:27:33     STOCK_FILE pri podjetju 1: se ni na vrsti po razporedu; preskoceno.
21:27:34     Prebranih zapisov: 1389; SHA-256: 87dc96ff135a90ff21281cf2e3d01cba9b89e36308560bfd15167c9a03d703ba
21:27:34     STOCK_FILE pri podjetju 2: se ni na vrsti po razporedu; preskoceno.
21:27:35     Prebranih zapisov: 1389; SHA-256: 87dc96ff135a90ff21281cf2e3d01cba9b89e36308560bfd15167c9a03d703ba
21:27:35     STOCK_FILE pri podjetju 3: se ni na vrsti po razporedu; preskoceno.
21:27:36     Prebranih zapisov: 1389; SHA-256: 87dc96ff135a90ff21281cf2e3d01cba9b89e36308560bfd15167c9a03d703ba
21:27:36     STOCK_FILE pri podjetju 4: se ni na vrsti po razporedu; preskoceno.
21:27:36     konec: Zaloga BT_STOCK
21:27:36  == Zaloga iz SAOP (kolicine) ==
21:27:37     [1] SAOP_STOCK: se ni na vrsti po razporedu; preskoceno.
21:27:37     [2] SAOP_STOCK: se ni na vrsti po razporedu; preskoceno.
21:27:37     [3] SAOP_STOCK: se ni na vrsti po razporedu; preskoceno.
21:27:37     [4] SAOP_STOCK: se ni na vrsti po razporedu; preskoceno.
21:27:37     konec: Zaloga iz SAOP (kolicine)
21:27:37  == Izvoz cen in zaloge za splet ==
21:27:39     Izvoz profila MAGENTO_STOCK_PRICES končan: 352 vrstic v C:\Users\david\Desktop\PIM\NoviPIM\izvoz\magento\1
21:27:42     Izvoz profila MAGENTO_STOCK_PRICES končan: 2071 vrstic v C:\Users\david\Desktop\PIM\NoviPIM\izvoz\magento\2
21:27:46     Izvoz profila MAGENTO_STOCK_PRICES končan: 2488 vrstic v C:\Users\david\Desktop\PIM\NoviPIM\izvoz\magento\3
21:27:47     Izvoz profila MAGENTO_STOCK_PRICES končan: 0 vrstic v C:\Users\david\Desktop\PIM\NoviPIM\izvoz\magento\4
21:27:47     konec: Izvoz cen in zaloge za splet
21:27:47  Zalogovni cikel koncan; padlih korakov: 0.
21:32:26  == Zaloga NW_STOCK ==
21:32:27     SOURCE_FETCH: se ni na vrsti po razporedu; preskoceno.
21:32:28     Prebranih zapisov: 2763; SHA-256: f07ad4561f6d65a8d024bde72367958c638545843f577ea7504877c95686b0db
21:32:28     STOCK_FILE pri podjetju 1: se ni na vrsti po razporedu; preskoceno.
21:32:29     Prebranih zapisov: 2763; SHA-256: f07ad4561f6d65a8d024bde72367958c638545843f577ea7504877c95686b0db
21:32:29     STOCK_FILE pri podjetju 2: se ni na vrsti po razporedu; preskoceno.
21:32:30     Prebranih zapisov: 2763; SHA-256: f07ad4561f6d65a8d024bde72367958c638545843f577ea7504877c95686b0db
21:32:30     STOCK_FILE pri podjetju 3: se ni na vrsti po razporedu; preskoceno.
21:32:31     Prebranih zapisov: 2763; SHA-256: f07ad4561f6d65a8d024bde72367958c638545843f577ea7504877c95686b0db
21:32:31     STOCK_FILE pri podjetju 4: se ni na vrsti po razporedu; preskoceno.
21:32:31     konec: Zaloga NW_STOCK
21:32:31  == Zaloga BT_STOCK ==
21:32:32     [BT_STOCK] preskoceno: Razmik dobavitelja se tece; naslednji prenos po 3. 09. 2026 23:42.
21:32:32     Prevzem koncan: uspesno 0, neuspesno 0, skupaj virov 1.
21:32:33     Prebranih zapisov: 1389; SHA-256: 87dc96ff135a90ff21281cf2e3d01cba9b89e36308560bfd15167c9a03d703ba
21:32:33     Ta posnetek je ze v bazi; vir=BT_STOCK, podjetje=1, cas posnetka=2026-09-03 15:17:35Z, uporabljenih=1389, v karanteni=0, RunId=5e288d2d-98ef-40e1-b33c-663e6d513e74. Zapisano ni bilo nic.
21:32:34     Prebranih zapisov: 1389; SHA-256: 87dc96ff135a90ff21281cf2e3d01cba9b89e36308560bfd15167c9a03d703ba
21:32:34     Ta posnetek je ze v bazi; vir=BT_STOCK, podjetje=2, cas posnetka=2026-09-03 15:17:35Z, uporabljenih=1389, v karanteni=0, RunId=3496c976-0c49-45c5-9f74-0ffd35e5d443. Zapisano ni bilo nic.
21:32:35     Prebranih zapisov: 1389; SHA-256: 87dc96ff135a90ff21281cf2e3d01cba9b89e36308560bfd15167c9a03d703ba
21:32:35     Ta posnetek je ze v bazi; vir=BT_STOCK, podjetje=3, cas posnetka=2026-09-03 15:17:35Z, uporabljenih=1389, v karanteni=0, RunId=3dd9ac1c-09dd-4827-b930-eb014cdb2746. Zapisano ni bilo nic.
21:32:36     Prebranih zapisov: 1389; SHA-256: 87dc96ff135a90ff21281cf2e3d01cba9b89e36308560bfd15167c9a03d703ba
21:32:36     Ta posnetek je ze v bazi; vir=BT_STOCK, podjetje=4, cas posnetka=2026-09-03 15:17:35Z, uporabljenih=1389, v karanteni=0, RunId=bec7f147-9b63-48d7-a0cc-8df0cb029c6c. Zapisano ni bilo nic.
21:32:36     konec: Zaloga BT_STOCK
21:32:36  == Zaloga iz SAOP (kolicine) ==
21:32:37     [1] SAOP_STOCK: se ni na vrsti po razporedu; preskoceno.
21:32:37     [2] SAOP_STOCK: se ni na vrsti po razporedu; preskoceno.
21:32:37     [3] SAOP_STOCK: se ni na vrsti po razporedu; preskoceno.
21:32:37     [4] SAOP_STOCK: se ni na vrsti po razporedu; preskoceno.
21:32:37     konec: Zaloga iz SAOP (kolicine)
21:32:37  == Izvoz cen in zaloge za splet ==
21:32:39     Izvoz profila MAGENTO_STOCK_PRICES končan: 352 vrstic v C:\Users\david\Desktop\PIM\NoviPIM\izvoz\magento\1
21:32:42     Izvoz profila MAGENTO_STOCK_PRICES končan: 2071 vrstic v C:\Users\david\Desktop\PIM\NoviPIM\izvoz\magento\2
21:32:46     Izvoz profila MAGENTO_STOCK_PRICES končan: 2488 vrstic v C:\Users\david\Desktop\PIM\NoviPIM\izvoz\magento\3
21:32:47     Izvoz profila MAGENTO_STOCK_PRICES končan: 0 vrstic v C:\Users\david\Desktop\PIM\NoviPIM\izvoz\magento\4
21:32:47     konec: Izvoz cen in zaloge za splet
21:32:47  Zalogovni cikel koncan; padlih korakov: 0.
21:37:26  == Zaloga NW_STOCK ==
21:37:27     SOURCE_FETCH: se ni na vrsti po razporedu; preskoceno.
21:37:28     Prebranih zapisov: 2763; SHA-256: f07ad4561f6d65a8d024bde72367958c638545843f577ea7504877c95686b0db
21:37:28     STOCK_FILE pri podjetju 1: se ni na vrsti po razporedu; preskoceno.
21:37:29     Prebranih zapisov: 2763; SHA-256: f07ad4561f6d65a8d024bde72367958c638545843f577ea7504877c95686b0db
21:37:29     STOCK_FILE pri podjetju 2: se ni na vrsti po razporedu; preskoceno.
21:37:30     Prebranih zapisov: 2763; SHA-256: f07ad4561f6d65a8d024bde72367958c638545843f577ea7504877c95686b0db
21:37:30     STOCK_FILE pri podjetju 3: se ni na vrsti po razporedu; preskoceno.
21:37:31     Prebranih zapisov: 2763; SHA-256: f07ad4561f6d65a8d024bde72367958c638545843f577ea7504877c95686b0db
21:37:31     STOCK_FILE pri podjetju 4: se ni na vrsti po razporedu; preskoceno.
21:37:31     konec: Zaloga NW_STOCK
21:37:31  == Zaloga BT_STOCK ==
21:37:32     SOURCE_FETCH: se ni na vrsti po razporedu; preskoceno.
21:37:33     Prebranih zapisov: 1389; SHA-256: 87dc96ff135a90ff21281cf2e3d01cba9b89e36308560bfd15167c9a03d703ba
21:37:33     STOCK_FILE pri podjetju 1: se ni na vrsti po razporedu; preskoceno.
21:37:34     Prebranih zapisov: 1389; SHA-256: 87dc96ff135a90ff21281cf2e3d01cba9b89e36308560bfd15167c9a03d703ba
21:37:34     STOCK_FILE pri podjetju 2: se ni na vrsti po razporedu; preskoceno.
21:37:35     Prebranih zapisov: 1389; SHA-256: 87dc96ff135a90ff21281cf2e3d01cba9b89e36308560bfd15167c9a03d703ba
21:37:35     STOCK_FILE pri podjetju 3: se ni na vrsti po razporedu; preskoceno.
21:37:36     Prebranih zapisov: 1389; SHA-256: 87dc96ff135a90ff21281cf2e3d01cba9b89e36308560bfd15167c9a03d703ba
21:37:36     STOCK_FILE pri podjetju 4: se ni na vrsti po razporedu; preskoceno.
21:37:36     konec: Zaloga BT_STOCK
21:37:36  == Zaloga iz SAOP (kolicine) ==
21:37:37     [1] SAOP_STOCK: se ni na vrsti po razporedu; preskoceno.
21:37:37     [2] SAOP_STOCK: se ni na vrsti po razporedu; preskoceno.
21:37:37     [3] SAOP_STOCK: se ni na vrsti po razporedu; preskoceno.
21:37:37     [4] SAOP_STOCK: se ni na vrsti po razporedu; preskoceno.
21:37:37     konec: Zaloga iz SAOP (kolicine)
21:37:37  == Izvoz cen in zaloge za splet ==
21:37:38     Izvoz profila MAGENTO_STOCK_PRICES končan: 352 vrstic v C:\Users\david\Desktop\PIM\NoviPIM\izvoz\magento\1
21:37:42     Izvoz profila MAGENTO_STOCK_PRICES končan: 2071 vrstic v C:\Users\david\Desktop\PIM\NoviPIM\izvoz\magento\2
21:37:46     Izvoz profila MAGENTO_STOCK_PRICES končan: 2488 vrstic v C:\Users\david\Desktop\PIM\NoviPIM\izvoz\magento\3
21:37:47     Izvoz profila MAGENTO_STOCK_PRICES končan: 0 vrstic v C:\Users\david\Desktop\PIM\NoviPIM\izvoz\magento\4
21:37:47     konec: Izvoz cen in zaloge za splet
21:37:47  Zalogovni cikel koncan; padlih korakov: 0.
21:42:26  == Zaloga NW_STOCK ==
21:42:27     [NW_STOCK] preskoceno: Razmik dobavitelja se tece; naslednji prenos po 3. 09. 2026 22:27.
21:42:27     Prevzem koncan: uspesno 0, neuspesno 0, skupaj virov 1.
21:42:28     Prebranih zapisov: 2763; SHA-256: f07ad4561f6d65a8d024bde72367958c638545843f577ea7504877c95686b0db
21:42:28     Ta posnetek je ze v bazi; vir=NW_STOCK, podjetje=1, cas posnetka=2026-09-03 18:27:32Z, uporabljenih=2763, v karanteni=0, RunId=619fa4c6-7aa4-43ad-8265-ddc4c1009c98. Zapisano ni bilo nic.
21:42:29     Prebranih zapisov: 2763; SHA-256: f07ad4561f6d65a8d024bde72367958c638545843f577ea7504877c95686b0db
21:42:29     Ta posnetek je ze v bazi; vir=NW_STOCK, podjetje=2, cas posnetka=2026-09-03 18:27:32Z, uporabljenih=2763, v karanteni=0, RunId=56108dde-f6e1-431e-b25f-7d0793736456. Zapisano ni bilo nic.
21:42:30     Prebranih zapisov: 2763; SHA-256: f07ad4561f6d65a8d024bde72367958c638545843f577ea7504877c95686b0db
21:42:30     Ta posnetek je ze v bazi; vir=NW_STOCK, podjetje=3, cas posnetka=2026-09-03 18:27:32Z, uporabljenih=2763, v karanteni=0, RunId=d117dbdd-6eed-4a65-a1db-b21dc1a7378f. Zapisano ni bilo nic.
21:42:31     Prebranih zapisov: 2763; SHA-256: f07ad4561f6d65a8d024bde72367958c638545843f577ea7504877c95686b0db
21:42:31     Ta posnetek je ze v bazi; vir=NW_STOCK, podjetje=4, cas posnetka=2026-09-03 18:27:32Z, uporabljenih=2763, v karanteni=0, RunId=477b5cae-cc33-4b01-9f31-c7b1a5117324. Zapisano ni bilo nic.
21:42:31     konec: Zaloga NW_STOCK
21:42:31  == Zaloga BT_STOCK ==
21:42:32     SOURCE_FETCH: se ni na vrsti po razporedu; preskoceno.
21:42:33     Prebranih zapisov: 1389; SHA-256: 87dc96ff135a90ff21281cf2e3d01cba9b89e36308560bfd15167c9a03d703ba
21:42:33     STOCK_FILE pri podjetju 1: se ni na vrsti po razporedu; preskoceno.
21:42:34     Prebranih zapisov: 1389; SHA-256: 87dc96ff135a90ff21281cf2e3d01cba9b89e36308560bfd15167c9a03d703ba
21:42:34     STOCK_FILE pri podjetju 2: se ni na vrsti po razporedu; preskoceno.
21:42:35     Prebranih zapisov: 1389; SHA-256: 87dc96ff135a90ff21281cf2e3d01cba9b89e36308560bfd15167c9a03d703ba
21:42:35     STOCK_FILE pri podjetju 3: se ni na vrsti po razporedu; preskoceno.
21:42:36     Prebranih zapisov: 1389; SHA-256: 87dc96ff135a90ff21281cf2e3d01cba9b89e36308560bfd15167c9a03d703ba
21:42:36     STOCK_FILE pri podjetju 4: se ni na vrsti po razporedu; preskoceno.
21:42:36     konec: Zaloga BT_STOCK
21:42:36  == Zaloga iz SAOP (kolicine) ==
21:42:37     [1] SAOP_STOCK: se ni na vrsti po razporedu; preskoceno.
21:42:37     [2] SAOP_STOCK: se ni na vrsti po razporedu; preskoceno.
21:42:37     [3] SAOP_STOCK: se ni na vrsti po razporedu; preskoceno.
21:42:37     [4] SAOP_STOCK: se ni na vrsti po razporedu; preskoceno.
21:42:37     konec: Zaloga iz SAOP (kolicine)
21:42:37  == Izvoz cen in zaloge za splet ==
21:42:39     Izvoz profila MAGENTO_STOCK_PRICES končan: 352 vrstic v C:\Users\david\Desktop\PIM\NoviPIM\izvoz\magento\1
21:42:42     Izvoz profila MAGENTO_STOCK_PRICES končan: 2071 vrstic v C:\Users\david\Desktop\PIM\NoviPIM\izvoz\magento\2
21:42:46     Izvoz profila MAGENTO_STOCK_PRICES končan: 2488 vrstic v C:\Users\david\Desktop\PIM\NoviPIM\izvoz\magento\3
21:42:47     Izvoz profila MAGENTO_STOCK_PRICES končan: 0 vrstic v C:\Users\david\Desktop\PIM\NoviPIM\izvoz\magento\4
21:42:47     konec: Izvoz cen in zaloge za splet
21:42:47  Zalogovni cikel koncan; padlih korakov: 0.
21:47:26  == Zaloga NW_STOCK ==
21:47:27     SOURCE_FETCH: se ni na vrsti po razporedu; preskoceno.
21:47:28     Prebranih zapisov: 2763; SHA-256: f07ad4561f6d65a8d024bde72367958c638545843f577ea7504877c95686b0db
21:47:28     STOCK_FILE pri podjetju 1: se ni na vrsti po razporedu; preskoceno.
21:47:29     Prebranih zapisov: 2763; SHA-256: f07ad4561f6d65a8d024bde72367958c638545843f577ea7504877c95686b0db
21:47:29     STOCK_FILE pri podjetju 2: se ni na vrsti po razporedu; preskoceno.
21:47:30     Prebranih zapisov: 2763; SHA-256: f07ad4561f6d65a8d024bde72367958c638545843f577ea7504877c95686b0db
21:47:30     STOCK_FILE pri podjetju 3: se ni na vrsti po razporedu; preskoceno.
21:47:31     Prebranih zapisov: 2763; SHA-256: f07ad4561f6d65a8d024bde72367958c638545843f577ea7504877c95686b0db
21:47:31     STOCK_FILE pri podjetju 4: se ni na vrsti po razporedu; preskoceno.
21:47:31     konec: Zaloga NW_STOCK
21:47:31  == Zaloga BT_STOCK ==
21:47:32     [BT_STOCK] preskoceno: Razmik dobavitelja se tece; naslednji prenos po 3. 09. 2026 23:42.
21:47:32     Prevzem koncan: uspesno 0, neuspesno 0, skupaj virov 1.
21:47:33     Prebranih zapisov: 1389; SHA-256: 87dc96ff135a90ff21281cf2e3d01cba9b89e36308560bfd15167c9a03d703ba
21:47:33     Ta posnetek je ze v bazi; vir=BT_STOCK, podjetje=1, cas posnetka=2026-09-03 15:17:35Z, uporabljenih=1389, v karanteni=0, RunId=5e288d2d-98ef-40e1-b33c-663e6d513e74. Zapisano ni bilo nic.
21:47:34     Prebranih zapisov: 1389; SHA-256: 87dc96ff135a90ff21281cf2e3d01cba9b89e36308560bfd15167c9a03d703ba
21:47:34     Ta posnetek je ze v bazi; vir=BT_STOCK, podjetje=2, cas posnetka=2026-09-03 15:17:35Z, uporabljenih=1389, v karanteni=0, RunId=3496c976-0c49-45c5-9f74-0ffd35e5d443. Zapisano ni bilo nic.
21:47:35     Prebranih zapisov: 1389; SHA-256: 87dc96ff135a90ff21281cf2e3d01cba9b89e36308560bfd15167c9a03d703ba
21:47:35     Ta posnetek je ze v bazi; vir=BT_STOCK, podjetje=3, cas posnetka=2026-09-03 15:17:35Z, uporabljenih=1389, v karanteni=0, RunId=3dd9ac1c-09dd-4827-b930-eb014cdb2746. Zapisano ni bilo nic.
21:47:36     Prebranih zapisov: 1389; SHA-256: 87dc96ff135a90ff21281cf2e3d01cba9b89e36308560bfd15167c9a03d703ba
21:47:36     Ta posnetek je ze v bazi; vir=BT_STOCK, podjetje=4, cas posnetka=2026-09-03 15:17:35Z, uporabljenih=1389, v karanteni=0, RunId=bec7f147-9b63-48d7-a0cc-8df0cb029c6c. Zapisano ni bilo nic.
21:47:36     konec: Zaloga BT_STOCK
21:47:36  == Zaloga iz SAOP (kolicine) ==
21:47:37     [1] SAOP_STOCK: se ni na vrsti po razporedu; preskoceno.
21:47:37     [2] SAOP_STOCK: se ni na vrsti po razporedu; preskoceno.
21:47:37     [3] SAOP_STOCK: se ni na vrsti po razporedu; preskoceno.
21:47:37     [4] SAOP_STOCK: se ni na vrsti po razporedu; preskoceno.
21:47:37     konec: Zaloga iz SAOP (kolicine)
21:47:37  == Izvoz cen in zaloge za splet ==
21:47:39     Izvoz profila MAGENTO_STOCK_PRICES končan: 352 vrstic v C:\Users\david\Desktop\PIM\NoviPIM\izvoz\magento\1
21:47:43     Izvoz profila MAGENTO_STOCK_PRICES končan: 2071 vrstic v C:\Users\david\Desktop\PIM\NoviPIM\izvoz\magento\2
21:47:46     Izvoz profila MAGENTO_STOCK_PRICES končan: 2488 vrstic v C:\Users\david\Desktop\PIM\NoviPIM\izvoz\magento\3
21:47:47     Izvoz profila MAGENTO_STOCK_PRICES končan: 0 vrstic v C:\Users\david\Desktop\PIM\NoviPIM\izvoz\magento\4
21:47:47     konec: Izvoz cen in zaloge za splet
21:47:47  Zalogovni cikel koncan; padlih korakov: 0.
21:52:26  == Zaloga NW_STOCK ==
21:52:27     SOURCE_FETCH: se ni na vrsti po razporedu; preskoceno.
21:52:28     Prebranih zapisov: 2763; SHA-256: f07ad4561f6d65a8d024bde72367958c638545843f577ea7504877c95686b0db
21:52:28     STOCK_FILE pri podjetju 1: se ni na vrsti po razporedu; preskoceno.
21:52:29     Prebranih zapisov: 2763; SHA-256: f07ad4561f6d65a8d024bde72367958c638545843f577ea7504877c95686b0db
21:52:29     STOCK_FILE pri podjetju 2: se ni na vrsti po razporedu; preskoceno.
21:52:30     Prebranih zapisov: 2763; SHA-256: f07ad4561f6d65a8d024bde72367958c638545843f577ea7504877c95686b0db
21:52:30     STOCK_FILE pri podjetju 3: se ni na vrsti po razporedu; preskoceno.
21:52:31     Prebranih zapisov: 2763; SHA-256: f07ad4561f6d65a8d024bde72367958c638545843f577ea7504877c95686b0db
21:52:31     STOCK_FILE pri podjetju 4: se ni na vrsti po razporedu; preskoceno.
21:52:31     konec: Zaloga NW_STOCK
21:52:31  == Zaloga BT_STOCK ==
21:52:32     SOURCE_FETCH: se ni na vrsti po razporedu; preskoceno.
21:52:33     Prebranih zapisov: 1389; SHA-256: 87dc96ff135a90ff21281cf2e3d01cba9b89e36308560bfd15167c9a03d703ba
21:52:33     STOCK_FILE pri podjetju 1: se ni na vrsti po razporedu; preskoceno.
21:52:34     Prebranih zapisov: 1389; SHA-256: 87dc96ff135a90ff21281cf2e3d01cba9b89e36308560bfd15167c9a03d703ba
21:52:34     STOCK_FILE pri podjetju 2: se ni na vrsti po razporedu; preskoceno.
21:52:35     Prebranih zapisov: 1389; SHA-256: 87dc96ff135a90ff21281cf2e3d01cba9b89e36308560bfd15167c9a03d703ba
21:52:35     STOCK_FILE pri podjetju 3: se ni na vrsti po razporedu; preskoceno.
21:52:36     Prebranih zapisov: 1389; SHA-256: 87dc96ff135a90ff21281cf2e3d01cba9b89e36308560bfd15167c9a03d703ba
21:52:36     STOCK_FILE pri podjetju 4: se ni na vrsti po razporedu; preskoceno.
21:52:36     konec: Zaloga BT_STOCK
21:52:36  == Zaloga iz SAOP (kolicine) ==
21:52:37     [1] SAOP_STOCK: se ni na vrsti po razporedu; preskoceno.
21:52:37     [2] SAOP_STOCK: se ni na vrsti po razporedu; preskoceno.
21:52:37     [3] SAOP_STOCK: se ni na vrsti po razporedu; preskoceno.
21:52:37     [4] SAOP_STOCK: se ni na vrsti po razporedu; preskoceno.
21:52:37     konec: Zaloga iz SAOP (kolicine)
21:52:37  == Izvoz cen in zaloge za splet ==
21:52:38     Izvoz profila MAGENTO_STOCK_PRICES končan: 352 vrstic v C:\Users\david\Desktop\PIM\NoviPIM\izvoz\magento\1
21:52:42     Izvoz profila MAGENTO_STOCK_PRICES končan: 2071 vrstic v C:\Users\david\Desktop\PIM\NoviPIM\izvoz\magento\2
21:52:46     Izvoz profila MAGENTO_STOCK_PRICES končan: 2488 vrstic v C:\Users\david\Desktop\PIM\NoviPIM\izvoz\magento\3
21:52:47     Izvoz profila MAGENTO_STOCK_PRICES končan: 0 vrstic v C:\Users\david\Desktop\PIM\NoviPIM\izvoz\magento\4
21:52:47     konec: Izvoz cen in zaloge za splet
21:52:47  Zalogovni cikel koncan; padlih korakov: 0.
21:57:26  == Zaloga NW_STOCK ==
21:57:27     [NW_STOCK] preskoceno: Razmik dobavitelja se tece; naslednji prenos po 3. 09. 2026 22:27.
21:57:27     Prevzem koncan: uspesno 0, neuspesno 0, skupaj virov 1.
21:57:28     Prebranih zapisov: 2763; SHA-256: f07ad4561f6d65a8d024bde72367958c638545843f577ea7504877c95686b0db
21:57:28     Ta posnetek je ze v bazi; vir=NW_STOCK, podjetje=1, cas posnetka=2026-09-03 18:27:32Z, uporabljenih=2763, v karanteni=0, RunId=619fa4c6-7aa4-43ad-8265-ddc4c1009c98. Zapisano ni bilo nic.
21:57:29     Prebranih zapisov: 2763; SHA-256: f07ad4561f6d65a8d024bde72367958c638545843f577ea7504877c95686b0db
21:57:29     Ta posnetek je ze v bazi; vir=NW_STOCK, podjetje=2, cas posnetka=2026-09-03 18:27:32Z, uporabljenih=2763, v karanteni=0, RunId=56108dde-f6e1-431e-b25f-7d0793736456. Zapisano ni bilo nic.
21:57:30     Prebranih zapisov: 2763; SHA-256: f07ad4561f6d65a8d024bde72367958c638545843f577ea7504877c95686b0db
21:57:30     Ta posnetek je ze v bazi; vir=NW_STOCK, podjetje=3, cas posnetka=2026-09-03 18:27:32Z, uporabljenih=2763, v karanteni=0, RunId=d117dbdd-6eed-4a65-a1db-b21dc1a7378f. Zapisano ni bilo nic.
21:57:31     Prebranih zapisov: 2763; SHA-256: f07ad4561f6d65a8d024bde72367958c638545843f577ea7504877c95686b0db
21:57:31     Ta posnetek je ze v bazi; vir=NW_STOCK, podjetje=4, cas posnetka=2026-09-03 18:27:32Z, uporabljenih=2763, v karanteni=0, RunId=477b5cae-cc33-4b01-9f31-c7b1a5117324. Zapisano ni bilo nic.
21:57:31     konec: Zaloga NW_STOCK
21:57:31  == Zaloga BT_STOCK ==
21:57:32     SOURCE_FETCH: se ni na vrsti po razporedu; preskoceno.
21:57:33     Prebranih zapisov: 1389; SHA-256: 87dc96ff135a90ff21281cf2e3d01cba9b89e36308560bfd15167c9a03d703ba
21:57:33     STOCK_FILE pri podjetju 1: se ni na vrsti po razporedu; preskoceno.
21:57:34     Prebranih zapisov: 1389; SHA-256: 87dc96ff135a90ff21281cf2e3d01cba9b89e36308560bfd15167c9a03d703ba
21:57:34     STOCK_FILE pri podjetju 2: se ni na vrsti po razporedu; preskoceno.
21:57:35     Prebranih zapisov: 1389; SHA-256: 87dc96ff135a90ff21281cf2e3d01cba9b89e36308560bfd15167c9a03d703ba
21:57:35     STOCK_FILE pri podjetju 3: se ni na vrsti po razporedu; preskoceno.
21:57:36     Prebranih zapisov: 1389; SHA-256: 87dc96ff135a90ff21281cf2e3d01cba9b89e36308560bfd15167c9a03d703ba
21:57:36     STOCK_FILE pri podjetju 4: se ni na vrsti po razporedu; preskoceno.
21:57:36     konec: Zaloga BT_STOCK
21:57:36  == Zaloga iz SAOP (kolicine) ==
21:57:37     [1] SAOP_STOCK: se ni na vrsti po razporedu; preskoceno.
21:57:37     [2] SAOP_STOCK: se ni na vrsti po razporedu; preskoceno.
21:57:37     [3] SAOP_STOCK: se ni na vrsti po razporedu; preskoceno.
21:57:37     [4] SAOP_STOCK: se ni na vrsti po razporedu; preskoceno.
21:57:37     konec: Zaloga iz SAOP (kolicine)
21:57:37  == Izvoz cen in zaloge za splet ==
21:57:39     Izvoz profila MAGENTO_STOCK_PRICES končan: 352 vrstic v C:\Users\david\Desktop\PIM\NoviPIM\izvoz\magento\1
21:57:42     Izvoz profila MAGENTO_STOCK_PRICES končan: 2071 vrstic v C:\Users\david\Desktop\PIM\NoviPIM\izvoz\magento\2
21:57:46     Izvoz profila MAGENTO_STOCK_PRICES končan: 2488 vrstic v C:\Users\david\Desktop\PIM\NoviPIM\izvoz\magento\3
21:57:47     Izvoz profila MAGENTO_STOCK_PRICES končan: 0 vrstic v C:\Users\david\Desktop\PIM\NoviPIM\izvoz\magento\4
21:57:47     konec: Izvoz cen in zaloge za splet
21:57:47  Zalogovni cikel koncan; padlih korakov: 0.
22:02:26  == Zaloga NW_STOCK ==
22:02:27     SOURCE_FETCH: se ni na vrsti po razporedu; preskoceno.
22:02:28     Prebranih zapisov: 2763; SHA-256: f07ad4561f6d65a8d024bde72367958c638545843f577ea7504877c95686b0db
22:02:28     STOCK_FILE pri podjetju 1: se ni na vrsti po razporedu; preskoceno.
22:02:29     Prebranih zapisov: 2763; SHA-256: f07ad4561f6d65a8d024bde72367958c638545843f577ea7504877c95686b0db
22:02:29     STOCK_FILE pri podjetju 2: se ni na vrsti po razporedu; preskoceno.
22:02:30     Prebranih zapisov: 2763; SHA-256: f07ad4561f6d65a8d024bde72367958c638545843f577ea7504877c95686b0db
22:02:30     STOCK_FILE pri podjetju 3: se ni na vrsti po razporedu; preskoceno.
22:02:31     Prebranih zapisov: 2763; SHA-256: f07ad4561f6d65a8d024bde72367958c638545843f577ea7504877c95686b0db
22:02:31     STOCK_FILE pri podjetju 4: se ni na vrsti po razporedu; preskoceno.
22:02:31     konec: Zaloga NW_STOCK
22:02:31  == Zaloga BT_STOCK ==
22:02:32     [BT_STOCK] preskoceno: Razmik dobavitelja se tece; naslednji prenos po 3. 09. 2026 23:42.
22:02:32     Prevzem koncan: uspesno 0, neuspesno 0, skupaj virov 1.
22:02:33     Prebranih zapisov: 1389; SHA-256: 87dc96ff135a90ff21281cf2e3d01cba9b89e36308560bfd15167c9a03d703ba
22:02:33     Ta posnetek je ze v bazi; vir=BT_STOCK, podjetje=1, cas posnetka=2026-09-03 15:17:35Z, uporabljenih=1389, v karanteni=0, RunId=5e288d2d-98ef-40e1-b33c-663e6d513e74. Zapisano ni bilo nic.
22:02:34     Prebranih zapisov: 1389; SHA-256: 87dc96ff135a90ff21281cf2e3d01cba9b89e36308560bfd15167c9a03d703ba
22:02:34     Ta posnetek je ze v bazi; vir=BT_STOCK, podjetje=2, cas posnetka=2026-09-03 15:17:35Z, uporabljenih=1389, v karanteni=0, RunId=3496c976-0c49-45c5-9f74-0ffd35e5d443. Zapisano ni bilo nic.
22:02:35     Prebranih zapisov: 1389; SHA-256: 87dc96ff135a90ff21281cf2e3d01cba9b89e36308560bfd15167c9a03d703ba
22:02:35     Ta posnetek je ze v bazi; vir=BT_STOCK, podjetje=3, cas posnetka=2026-09-03 15:17:35Z, uporabljenih=1389, v karanteni=0, RunId=3dd9ac1c-09dd-4827-b930-eb014cdb2746. Zapisano ni bilo nic.
22:02:36     Prebranih zapisov: 1389; SHA-256: 87dc96ff135a90ff21281cf2e3d01cba9b89e36308560bfd15167c9a03d703ba
22:02:36     Ta posnetek je ze v bazi; vir=BT_STOCK, podjetje=4, cas posnetka=2026-09-03 15:17:35Z, uporabljenih=1389, v karanteni=0, RunId=bec7f147-9b63-48d7-a0cc-8df0cb029c6c. Zapisano ni bilo nic.
22:02:36     konec: Zaloga BT_STOCK
22:02:36  == Zaloga iz SAOP (kolicine) ==
22:02:37     [1] SAOP_STOCK: se ni na vrsti po razporedu; preskoceno.
22:02:37     [2] SAOP_STOCK: se ni na vrsti po razporedu; preskoceno.
22:02:37     [3] SAOP_STOCK: se ni na vrsti po razporedu; preskoceno.
22:02:37     [4] SAOP_STOCK: se ni na vrsti po razporedu; preskoceno.
22:02:37     konec: Zaloga iz SAOP (kolicine)
22:02:37  == Izvoz cen in zaloge za splet ==
22:02:39     Izvoz profila MAGENTO_STOCK_PRICES končan: 352 vrstic v C:\Users\david\Desktop\PIM\NoviPIM\izvoz\magento\1
22:02:42     Izvoz profila MAGENTO_STOCK_PRICES končan: 2071 vrstic v C:\Users\david\Desktop\PIM\NoviPIM\izvoz\magento\2
22:02:46     Izvoz profila MAGENTO_STOCK_PRICES končan: 2488 vrstic v C:\Users\david\Desktop\PIM\NoviPIM\izvoz\magento\3
22:02:47     Izvoz profila MAGENTO_STOCK_PRICES končan: 0 vrstic v C:\Users\david\Desktop\PIM\NoviPIM\izvoz\magento\4
22:02:47     konec: Izvoz cen in zaloge za splet
22:02:47  Zalogovni cikel koncan; padlih korakov: 0.
22:07:26  == Zaloga NW_STOCK ==
22:07:27     SOURCE_FETCH: se ni na vrsti po razporedu; preskoceno.
22:07:28     Prebranih zapisov: 2763; SHA-256: f07ad4561f6d65a8d024bde72367958c638545843f577ea7504877c95686b0db
22:07:28     STOCK_FILE pri podjetju 1: se ni na vrsti po razporedu; preskoceno.
22:07:29     Prebranih zapisov: 2763; SHA-256: f07ad4561f6d65a8d024bde72367958c638545843f577ea7504877c95686b0db
22:07:29     STOCK_FILE pri podjetju 2: se ni na vrsti po razporedu; preskoceno.
22:07:30     Prebranih zapisov: 2763; SHA-256: f07ad4561f6d65a8d024bde72367958c638545843f577ea7504877c95686b0db
22:07:30     STOCK_FILE pri podjetju 3: se ni na vrsti po razporedu; preskoceno.
22:07:31     Prebranih zapisov: 2763; SHA-256: f07ad4561f6d65a8d024bde72367958c638545843f577ea7504877c95686b0db
22:07:31     STOCK_FILE pri podjetju 4: se ni na vrsti po razporedu; preskoceno.
22:07:31     konec: Zaloga NW_STOCK
22:07:31  == Zaloga BT_STOCK ==
22:07:32     [BT_STOCK] preskoceno: Razmik dobavitelja se tece; naslednji prenos po 3. 09. 2026 23:42.
22:07:32     Prevzem koncan: uspesno 0, neuspesno 0, skupaj virov 1.
22:07:33     Prebranih zapisov: 1389; SHA-256: 87dc96ff135a90ff21281cf2e3d01cba9b89e36308560bfd15167c9a03d703ba
22:07:33     Ta posnetek je ze v bazi; vir=BT_STOCK, podjetje=1, cas posnetka=2026-09-03 15:17:35Z, uporabljenih=1389, v karanteni=0, RunId=5e288d2d-98ef-40e1-b33c-663e6d513e74. Zapisano ni bilo nic.
22:07:34     Prebranih zapisov: 1389; SHA-256: 87dc96ff135a90ff21281cf2e3d01cba9b89e36308560bfd15167c9a03d703ba
22:07:34     Ta posnetek je ze v bazi; vir=BT_STOCK, podjetje=2, cas posnetka=2026-09-03 15:17:35Z, uporabljenih=1389, v karanteni=0, RunId=3496c976-0c49-45c5-9f74-0ffd35e5d443. Zapisano ni bilo nic.
22:07:35     Prebranih zapisov: 1389; SHA-256: 87dc96ff135a90ff21281cf2e3d01cba9b89e36308560bfd15167c9a03d703ba
22:07:35     Ta posnetek je ze v bazi; vir=BT_STOCK, podjetje=3, cas posnetka=2026-09-03 15:17:35Z, uporabljenih=1389, v karanteni=0, RunId=3dd9ac1c-09dd-4827-b930-eb014cdb2746. Zapisano ni bilo nic.
22:07:36     Prebranih zapisov: 1389; SHA-256: 87dc96ff135a90ff21281cf2e3d01cba9b89e36308560bfd15167c9a03d703ba
22:07:36     Ta posnetek je ze v bazi; vir=BT_STOCK, podjetje=4, cas posnetka=2026-09-03 15:17:35Z, uporabljenih=1389, v karanteni=0, RunId=bec7f147-9b63-48d7-a0cc-8df0cb029c6c. Zapisano ni bilo nic.
22:07:36     konec: Zaloga BT_STOCK
22:07:36  == Zaloga iz SAOP (kolicine) ==
22:07:37     [1] SAOP_STOCK: se ni na vrsti po razporedu; preskoceno.
22:07:37     [2] SAOP_STOCK: se ni na vrsti po razporedu; preskoceno.
22:07:37     [3] SAOP_STOCK: se ni na vrsti po razporedu; preskoceno.
22:07:37     [4] SAOP_STOCK: se ni na vrsti po razporedu; preskoceno.
22:07:37     konec: Zaloga iz SAOP (kolicine)
22:07:37  == Izvoz cen in zaloge za splet ==
22:07:39     Izvoz profila MAGENTO_STOCK_PRICES končan: 352 vrstic v C:\Users\david\Desktop\PIM\NoviPIM\izvoz\magento\1
22:07:42     Izvoz profila MAGENTO_STOCK_PRICES končan: 2071 vrstic v C:\Users\david\Desktop\PIM\NoviPIM\izvoz\magento\2
22:07:46     Izvoz profila MAGENTO_STOCK_PRICES končan: 2488 vrstic v C:\Users\david\Desktop\PIM\NoviPIM\izvoz\magento\3
22:07:47     Izvoz profila MAGENTO_STOCK_PRICES končan: 0 vrstic v C:\Users\david\Desktop\PIM\NoviPIM\izvoz\magento\4
22:07:47     konec: Izvoz cen in zaloge za splet
22:07:47  Zalogovni cikel koncan; padlih korakov: 0.
22:12:26  == Zaloga NW_STOCK ==
22:12:27     SOURCE_FETCH: se ni na vrsti po razporedu; preskoceno.
22:12:28     Prebranih zapisov: 2763; SHA-256: f07ad4561f6d65a8d024bde72367958c638545843f577ea7504877c95686b0db
22:12:28     STOCK_FILE pri podjetju 1: se ni na vrsti po razporedu; preskoceno.
22:12:29     Prebranih zapisov: 2763; SHA-256: f07ad4561f6d65a8d024bde72367958c638545843f577ea7504877c95686b0db
22:12:29     STOCK_FILE pri podjetju 2: se ni na vrsti po razporedu; preskoceno.
22:12:30     Prebranih zapisov: 2763; SHA-256: f07ad4561f6d65a8d024bde72367958c638545843f577ea7504877c95686b0db
22:12:30     STOCK_FILE pri podjetju 3: se ni na vrsti po razporedu; preskoceno.
22:12:31     Prebranih zapisov: 2763; SHA-256: f07ad4561f6d65a8d024bde72367958c638545843f577ea7504877c95686b0db
22:12:31     STOCK_FILE pri podjetju 4: se ni na vrsti po razporedu; preskoceno.
22:12:31     konec: Zaloga NW_STOCK
22:12:31  == Zaloga BT_STOCK ==
22:12:32     [BT_STOCK] preskoceno: Razmik dobavitelja se tece; naslednji prenos po 3. 09. 2026 23:42.
22:12:32     Prevzem koncan: uspesno 0, neuspesno 0, skupaj virov 1.
22:12:33     Prebranih zapisov: 1389; SHA-256: 87dc96ff135a90ff21281cf2e3d01cba9b89e36308560bfd15167c9a03d703ba
22:12:33     STOCK_FILE pri podjetju 1: se ni na vrsti po razporedu; preskoceno.
22:12:34     Prebranih zapisov: 1389; SHA-256: 87dc96ff135a90ff21281cf2e3d01cba9b89e36308560bfd15167c9a03d703ba
22:12:34     STOCK_FILE pri podjetju 2: se ni na vrsti po razporedu; preskoceno.
22:12:35     Prebranih zapisov: 1389; SHA-256: 87dc96ff135a90ff21281cf2e3d01cba9b89e36308560bfd15167c9a03d703ba
22:12:35     STOCK_FILE pri podjetju 3: se ni na vrsti po razporedu; preskoceno.
22:12:36     Prebranih zapisov: 1389; SHA-256: 87dc96ff135a90ff21281cf2e3d01cba9b89e36308560bfd15167c9a03d703ba
22:12:36     STOCK_FILE pri podjetju 4: se ni na vrsti po razporedu; preskoceno.
22:12:36     konec: Zaloga BT_STOCK
22:12:36  == Zaloga iz SAOP (kolicine) ==
22:12:37     [1] SAOP_STOCK: se ni na vrsti po razporedu; preskoceno.
22:12:37     [2] SAOP_STOCK: se ni na vrsti po razporedu; preskoceno.
22:12:37     [3] SAOP_STOCK: se ni na vrsti po razporedu; preskoceno.
22:12:37     [4] SAOP_STOCK: se ni na vrsti po razporedu; preskoceno.
22:12:37     konec: Zaloga iz SAOP (kolicine)
22:12:37  == Izvoz cen in zaloge za splet ==
22:12:38     Izvoz profila MAGENTO_STOCK_PRICES končan: 352 vrstic v C:\Users\david\Desktop\PIM\NoviPIM\izvoz\magento\1
22:12:42     Izvoz profila MAGENTO_STOCK_PRICES končan: 2071 vrstic v C:\Users\david\Desktop\PIM\NoviPIM\izvoz\magento\2
22:12:46     Izvoz profila MAGENTO_STOCK_PRICES končan: 2488 vrstic v C:\Users\david\Desktop\PIM\NoviPIM\izvoz\magento\3
22:12:47     Izvoz profila MAGENTO_STOCK_PRICES končan: 0 vrstic v C:\Users\david\Desktop\PIM\NoviPIM\izvoz\magento\4
22:12:47     konec: Izvoz cen in zaloge za splet
22:12:47  Zalogovni cikel koncan; padlih korakov: 0.
22:17:26  == Zaloga NW_STOCK ==
22:17:27     SOURCE_FETCH: se ni na vrsti po razporedu; preskoceno.
22:17:28     Prebranih zapisov: 2763; SHA-256: f07ad4561f6d65a8d024bde72367958c638545843f577ea7504877c95686b0db
22:17:28     Ta posnetek je ze v bazi; vir=NW_STOCK, podjetje=1, cas posnetka=2026-09-03 18:27:32Z, uporabljenih=2763, v karanteni=0, RunId=619fa4c6-7aa4-43ad-8265-ddc4c1009c98. Zapisano ni bilo nic.
22:17:29     Prebranih zapisov: 2763; SHA-256: f07ad4561f6d65a8d024bde72367958c638545843f577ea7504877c95686b0db
22:17:29     Ta posnetek je ze v bazi; vir=NW_STOCK, podjetje=2, cas posnetka=2026-09-03 18:27:32Z, uporabljenih=2763, v karanteni=0, RunId=56108dde-f6e1-431e-b25f-7d0793736456. Zapisano ni bilo nic.
22:17:30     Prebranih zapisov: 2763; SHA-256: f07ad4561f6d65a8d024bde72367958c638545843f577ea7504877c95686b0db
22:17:30     Ta posnetek je ze v bazi; vir=NW_STOCK, podjetje=3, cas posnetka=2026-09-03 18:27:32Z, uporabljenih=2763, v karanteni=0, RunId=d117dbdd-6eed-4a65-a1db-b21dc1a7378f. Zapisano ni bilo nic.
22:17:31     Prebranih zapisov: 2763; SHA-256: f07ad4561f6d65a8d024bde72367958c638545843f577ea7504877c95686b0db
22:17:31     Ta posnetek je ze v bazi; vir=NW_STOCK, podjetje=4, cas posnetka=2026-09-03 18:27:32Z, uporabljenih=2763, v karanteni=0, RunId=477b5cae-cc33-4b01-9f31-c7b1a5117324. Zapisano ni bilo nic.
22:17:31     konec: Zaloga NW_STOCK
22:17:31  == Zaloga BT_STOCK ==
22:17:32     [BT_STOCK] preskoceno: Razmik dobavitelja se tece; naslednji prenos po 3. 09. 2026 23:42.
22:17:32     Prevzem koncan: uspesno 0, neuspesno 0, skupaj virov 1.
22:17:33     Prebranih zapisov: 1389; SHA-256: 87dc96ff135a90ff21281cf2e3d01cba9b89e36308560bfd15167c9a03d703ba
22:17:33     STOCK_FILE pri podjetju 1: se ni na vrsti po razporedu; preskoceno.
22:17:34     Prebranih zapisov: 1389; SHA-256: 87dc96ff135a90ff21281cf2e3d01cba9b89e36308560bfd15167c9a03d703ba
22:17:34     STOCK_FILE pri podjetju 2: se ni na vrsti po razporedu; preskoceno.
22:17:35     Prebranih zapisov: 1389; SHA-256: 87dc96ff135a90ff21281cf2e3d01cba9b89e36308560bfd15167c9a03d703ba
22:17:35     STOCK_FILE pri podjetju 3: se ni na vrsti po razporedu; preskoceno.
22:17:36     Prebranih zapisov: 1389; SHA-256: 87dc96ff135a90ff21281cf2e3d01cba9b89e36308560bfd15167c9a03d703ba
22:17:36     STOCK_FILE pri podjetju 4: se ni na vrsti po razporedu; preskoceno.
22:17:36     konec: Zaloga BT_STOCK
22:17:36  == Zaloga iz SAOP (kolicine) ==
22:17:37     [1] SAOP_STOCK: se ni na vrsti po razporedu; preskoceno.
22:17:37     [2] SAOP_STOCK: se ni na vrsti po razporedu; preskoceno.
22:17:37     [3] SAOP_STOCK: se ni na vrsti po razporedu; preskoceno.
22:17:37     [4] SAOP_STOCK: se ni na vrsti po razporedu; preskoceno.
22:17:37     konec: Zaloga iz SAOP (kolicine)
22:17:37  == Izvoz cen in zaloge za splet ==
22:17:39     Izvoz profila MAGENTO_STOCK_PRICES končan: 352 vrstic v C:\Users\david\Desktop\PIM\NoviPIM\izvoz\magento\1
22:17:42     Izvoz profila MAGENTO_STOCK_PRICES končan: 2071 vrstic v C:\Users\david\Desktop\PIM\NoviPIM\izvoz\magento\2
22:17:46     Izvoz profila MAGENTO_STOCK_PRICES končan: 2488 vrstic v C:\Users\david\Desktop\PIM\NoviPIM\izvoz\magento\3
22:17:47     Izvoz profila MAGENTO_STOCK_PRICES končan: 0 vrstic v C:\Users\david\Desktop\PIM\NoviPIM\izvoz\magento\4
22:17:47     konec: Izvoz cen in zaloge za splet
22:17:47  Zalogovni cikel koncan; padlih korakov: 0.
22:22:26  == Zaloga NW_STOCK ==
22:22:27     SOURCE_FETCH: se ni na vrsti po razporedu; preskoceno.
22:22:28     Prebranih zapisov: 2763; SHA-256: f07ad4561f6d65a8d024bde72367958c638545843f577ea7504877c95686b0db
22:22:28     Ta posnetek je ze v bazi; vir=NW_STOCK, podjetje=1, cas posnetka=2026-09-03 18:27:32Z, uporabljenih=2763, v karanteni=0, RunId=619fa4c6-7aa4-43ad-8265-ddc4c1009c98. Zapisano ni bilo nic.
22:22:29     Prebranih zapisov: 2763; SHA-256: f07ad4561f6d65a8d024bde72367958c638545843f577ea7504877c95686b0db
22:22:29     Ta posnetek je ze v bazi; vir=NW_STOCK, podjetje=2, cas posnetka=2026-09-03 18:27:32Z, uporabljenih=2763, v karanteni=0, RunId=56108dde-f6e1-431e-b25f-7d0793736456. Zapisano ni bilo nic.
22:22:30     Prebranih zapisov: 2763; SHA-256: f07ad4561f6d65a8d024bde72367958c638545843f577ea7504877c95686b0db
22:22:30     Ta posnetek je ze v bazi; vir=NW_STOCK, podjetje=3, cas posnetka=2026-09-03 18:27:32Z, uporabljenih=2763, v karanteni=0, RunId=d117dbdd-6eed-4a65-a1db-b21dc1a7378f. Zapisano ni bilo nic.
22:22:31     Prebranih zapisov: 2763; SHA-256: f07ad4561f6d65a8d024bde72367958c638545843f577ea7504877c95686b0db
22:22:31     Ta posnetek je ze v bazi; vir=NW_STOCK, podjetje=4, cas posnetka=2026-09-03 18:27:32Z, uporabljenih=2763, v karanteni=0, RunId=477b5cae-cc33-4b01-9f31-c7b1a5117324. Zapisano ni bilo nic.
22:22:31     konec: Zaloga NW_STOCK
22:22:31  == Zaloga BT_STOCK ==
22:22:32     [BT_STOCK] preskoceno: Razmik dobavitelja se tece; naslednji prenos po 3. 09. 2026 23:42.
22:22:32     Prevzem koncan: uspesno 0, neuspesno 0, skupaj virov 1.
22:22:33     Prebranih zapisov: 1389; SHA-256: 87dc96ff135a90ff21281cf2e3d01cba9b89e36308560bfd15167c9a03d703ba
22:22:33     STOCK_FILE pri podjetju 1: se ni na vrsti po razporedu; preskoceno.
22:22:34     Prebranih zapisov: 1389; SHA-256: 87dc96ff135a90ff21281cf2e3d01cba9b89e36308560bfd15167c9a03d703ba
22:22:34     STOCK_FILE pri podjetju 2: se ni na vrsti po razporedu; preskoceno.
22:22:35     Prebranih zapisov: 1389; SHA-256: 87dc96ff135a90ff21281cf2e3d01cba9b89e36308560bfd15167c9a03d703ba
22:22:35     STOCK_FILE pri podjetju 3: se ni na vrsti po razporedu; preskoceno.
22:22:36     Prebranih zapisov: 1389; SHA-256: 87dc96ff135a90ff21281cf2e3d01cba9b89e36308560bfd15167c9a03d703ba
22:22:36     STOCK_FILE pri podjetju 4: se ni na vrsti po razporedu; preskoceno.
22:22:36     konec: Zaloga BT_STOCK
22:22:36  == Zaloga iz SAOP (kolicine) ==
22:22:37     [1] SAOP_STOCK: se ni na vrsti po razporedu; preskoceno.
22:22:37     [2] SAOP_STOCK: se ni na vrsti po razporedu; preskoceno.
22:22:37     [3] SAOP_STOCK: se ni na vrsti po razporedu; preskoceno.
22:22:37     [4] SAOP_STOCK: se ni na vrsti po razporedu; preskoceno.
22:22:37     konec: Zaloga iz SAOP (kolicine)
22:22:37  == Izvoz cen in zaloge za splet ==
22:22:39     Izvoz profila MAGENTO_STOCK_PRICES končan: 352 vrstic v C:\Users\david\Desktop\PIM\NoviPIM\izvoz\magento\1
22:22:42     Izvoz profila MAGENTO_STOCK_PRICES končan: 2071 vrstic v C:\Users\david\Desktop\PIM\NoviPIM\izvoz\magento\2
22:22:46     Izvoz profila MAGENTO_STOCK_PRICES končan: 2488 vrstic v C:\Users\david\Desktop\PIM\NoviPIM\izvoz\magento\3
22:22:47     Izvoz profila MAGENTO_STOCK_PRICES končan: 0 vrstic v C:\Users\david\Desktop\PIM\NoviPIM\izvoz\magento\4
22:22:47     konec: Izvoz cen in zaloge za splet
22:22:47  Zalogovni cikel koncan; padlih korakov: 0.
22:27:26  == Zaloga NW_STOCK ==
22:27:27     SOURCE_FETCH: se ni na vrsti po razporedu; preskoceno.
22:27:28     Prebranih zapisov: 2763; SHA-256: f07ad4561f6d65a8d024bde72367958c638545843f577ea7504877c95686b0db
22:27:28     STOCK_FILE pri podjetju 1: se ni na vrsti po razporedu; preskoceno.
22:27:29     Prebranih zapisov: 2763; SHA-256: f07ad4561f6d65a8d024bde72367958c638545843f577ea7504877c95686b0db
22:27:29     STOCK_FILE pri podjetju 2: se ni na vrsti po razporedu; preskoceno.
22:27:30     Prebranih zapisov: 2763; SHA-256: f07ad4561f6d65a8d024bde72367958c638545843f577ea7504877c95686b0db
22:27:30     STOCK_FILE pri podjetju 3: se ni na vrsti po razporedu; preskoceno.
22:27:31     Prebranih zapisov: 2763; SHA-256: f07ad4561f6d65a8d024bde72367958c638545843f577ea7504877c95686b0db
22:27:31     STOCK_FILE pri podjetju 4: se ni na vrsti po razporedu; preskoceno.
22:27:31     konec: Zaloga NW_STOCK
22:27:31  == Zaloga BT_STOCK ==
22:27:32     SOURCE_FETCH: se ni na vrsti po razporedu; preskoceno.
22:27:33     Prebranih zapisov: 1389; SHA-256: 87dc96ff135a90ff21281cf2e3d01cba9b89e36308560bfd15167c9a03d703ba
22:27:33     Ta posnetek je ze v bazi; vir=BT_STOCK, podjetje=1, cas posnetka=2026-09-03 15:17:35Z, uporabljenih=1389, v karanteni=0, RunId=5e288d2d-98ef-40e1-b33c-663e6d513e74. Zapisano ni bilo nic.
22:27:34     Prebranih zapisov: 1389; SHA-256: 87dc96ff135a90ff21281cf2e3d01cba9b89e36308560bfd15167c9a03d703ba
22:27:34     Ta posnetek je ze v bazi; vir=BT_STOCK, podjetje=2, cas posnetka=2026-09-03 15:17:35Z, uporabljenih=1389, v karanteni=0, RunId=3496c976-0c49-45c5-9f74-0ffd35e5d443. Zapisano ni bilo nic.
22:27:35     Prebranih zapisov: 1389; SHA-256: 87dc96ff135a90ff21281cf2e3d01cba9b89e36308560bfd15167c9a03d703ba
22:27:35     Ta posnetek je ze v bazi; vir=BT_STOCK, podjetje=3, cas posnetka=2026-09-03 15:17:35Z, uporabljenih=1389, v karanteni=0, RunId=3dd9ac1c-09dd-4827-b930-eb014cdb2746. Zapisano ni bilo nic.
22:27:36     Prebranih zapisov: 1389; SHA-256: 87dc96ff135a90ff21281cf2e3d01cba9b89e36308560bfd15167c9a03d703ba
22:27:36     Ta posnetek je ze v bazi; vir=BT_STOCK, podjetje=4, cas posnetka=2026-09-03 15:17:35Z, uporabljenih=1389, v karanteni=0, RunId=bec7f147-9b63-48d7-a0cc-8df0cb029c6c. Zapisano ni bilo nic.
22:27:36     konec: Zaloga BT_STOCK
22:27:36  == Zaloga iz SAOP (kolicine) ==
22:27:37     [1] SAOP_STOCK: se ni na vrsti po razporedu; preskoceno.
22:27:37     [2] SAOP_STOCK: se ni na vrsti po razporedu; preskoceno.
22:27:37     [3] SAOP_STOCK: se ni na vrsti po razporedu; preskoceno.
22:27:37     [4] SAOP_STOCK: se ni na vrsti po razporedu; preskoceno.
22:27:37     konec: Zaloga iz SAOP (kolicine)
22:27:37  == Izvoz cen in zaloge za splet ==
22:27:39     Izvoz profila MAGENTO_STOCK_PRICES končan: 352 vrstic v C:\Users\david\Desktop\PIM\NoviPIM\izvoz\magento\1
22:27:42     Izvoz profila MAGENTO_STOCK_PRICES končan: 2071 vrstic v C:\Users\david\Desktop\PIM\NoviPIM\izvoz\magento\2
22:27:46     Izvoz profila MAGENTO_STOCK_PRICES končan: 2488 vrstic v C:\Users\david\Desktop\PIM\NoviPIM\izvoz\magento\3
22:27:47     Izvoz profila MAGENTO_STOCK_PRICES končan: 0 vrstic v C:\Users\david\Desktop\PIM\NoviPIM\izvoz\magento\4
22:27:47     konec: Izvoz cen in zaloge za splet
22:27:47  Zalogovni cikel koncan; padlih korakov: 0.
22:32:26  == Zaloga NW_STOCK ==
22:32:28     [NW_STOCK] prevzeto 87.319 bajtov -> C:\Users\david\Desktop\PIM\NoviPIM\PIM_Solution\data\prevzem\NW_STOCK\nw-zaloga.csv
22:32:28     Prevzem koncan: uspesno 1, neuspesno 0, skupaj virov 1.
22:32:29     Prebranih zapisov: 2763; SHA-256: e1ee76c3defb350af2683c6c2839cc48c2025c6056a4fff1656d65428017277b
22:32:29     STOCK_FILE pri podjetju 1: se ni na vrsti po razporedu; preskoceno.
22:32:30     Prebranih zapisov: 2763; SHA-256: e1ee76c3defb350af2683c6c2839cc48c2025c6056a4fff1656d65428017277b
22:32:30     STOCK_FILE pri podjetju 2: se ni na vrsti po razporedu; preskoceno.
22:32:31     Prebranih zapisov: 2763; SHA-256: e1ee76c3defb350af2683c6c2839cc48c2025c6056a4fff1656d65428017277b
22:32:31     STOCK_FILE pri podjetju 3: se ni na vrsti po razporedu; preskoceno.
22:32:32     Prebranih zapisov: 2763; SHA-256: e1ee76c3defb350af2683c6c2839cc48c2025c6056a4fff1656d65428017277b
22:32:32     STOCK_FILE pri podjetju 4: se ni na vrsti po razporedu; preskoceno.
22:32:32     konec: Zaloga NW_STOCK
22:32:32  == Zaloga BT_STOCK ==
22:32:33     SOURCE_FETCH: se ni na vrsti po razporedu; preskoceno.
22:32:34     Prebranih zapisov: 1389; SHA-256: 87dc96ff135a90ff21281cf2e3d01cba9b89e36308560bfd15167c9a03d703ba
22:32:34     Ta posnetek je ze v bazi; vir=BT_STOCK, podjetje=1, cas posnetka=2026-09-03 15:17:35Z, uporabljenih=1389, v karanteni=0, RunId=5e288d2d-98ef-40e1-b33c-663e6d513e74. Zapisano ni bilo nic.
22:32:35     Prebranih zapisov: 1389; SHA-256: 87dc96ff135a90ff21281cf2e3d01cba9b89e36308560bfd15167c9a03d703ba
22:32:35     Ta posnetek je ze v bazi; vir=BT_STOCK, podjetje=2, cas posnetka=2026-09-03 15:17:35Z, uporabljenih=1389, v karanteni=0, RunId=3496c976-0c49-45c5-9f74-0ffd35e5d443. Zapisano ni bilo nic.
22:32:36     Prebranih zapisov: 1389; SHA-256: 87dc96ff135a90ff21281cf2e3d01cba9b89e36308560bfd15167c9a03d703ba
22:32:36     Ta posnetek je ze v bazi; vir=BT_STOCK, podjetje=3, cas posnetka=2026-09-03 15:17:35Z, uporabljenih=1389, v karanteni=0, RunId=3dd9ac1c-09dd-4827-b930-eb014cdb2746. Zapisano ni bilo nic.
22:32:37     Prebranih zapisov: 1389; SHA-256: 87dc96ff135a90ff21281cf2e3d01cba9b89e36308560bfd15167c9a03d703ba
22:32:37     Ta posnetek je ze v bazi; vir=BT_STOCK, podjetje=4, cas posnetka=2026-09-03 15:17:35Z, uporabljenih=1389, v karanteni=0, RunId=bec7f147-9b63-48d7-a0cc-8df0cb029c6c. Zapisano ni bilo nic.
22:32:37     konec: Zaloga BT_STOCK
22:32:37  == Zaloga iz SAOP (kolicine) ==
22:32:38     [1] SAOP_STOCK: se ni na vrsti po razporedu; preskoceno.
22:32:38     [2] SAOP_STOCK: se ni na vrsti po razporedu; preskoceno.
22:32:38     [3] SAOP_STOCK: se ni na vrsti po razporedu; preskoceno.
22:32:38     [4] SAOP_STOCK: se ni na vrsti po razporedu; preskoceno.
22:32:38     konec: Zaloga iz SAOP (kolicine)
22:32:38  == Izvoz cen in zaloge za splet ==
22:32:40     Izvoz profila MAGENTO_STOCK_PRICES končan: 352 vrstic v C:\Users\david\Desktop\PIM\NoviPIM\izvoz\magento\1
22:32:43     Izvoz profila MAGENTO_STOCK_PRICES končan: 2071 vrstic v C:\Users\david\Desktop\PIM\NoviPIM\izvoz\magento\2
22:32:47     Izvoz profila MAGENTO_STOCK_PRICES končan: 2488 vrstic v C:\Users\david\Desktop\PIM\NoviPIM\izvoz\magento\3
22:32:48     Izvoz profila MAGENTO_STOCK_PRICES končan: 0 vrstic v C:\Users\david\Desktop\PIM\NoviPIM\izvoz\magento\4
22:32:48     konec: Izvoz cen in zaloge za splet
22:32:48  Zalogovni cikel koncan; padlih korakov: 0.
22:37:26  == Zaloga NW_STOCK ==
22:37:27     SOURCE_FETCH: se ni na vrsti po razporedu; preskoceno.
22:37:28     Prebranih zapisov: 2763; SHA-256: e1ee76c3defb350af2683c6c2839cc48c2025c6056a4fff1656d65428017277b
22:37:28     STOCK_FILE pri podjetju 1: se ni na vrsti po razporedu; preskoceno.
22:37:29     Prebranih zapisov: 2763; SHA-256: e1ee76c3defb350af2683c6c2839cc48c2025c6056a4fff1656d65428017277b
22:37:29     STOCK_FILE pri podjetju 2: se ni na vrsti po razporedu; preskoceno.
22:37:30     Prebranih zapisov: 2763; SHA-256: e1ee76c3defb350af2683c6c2839cc48c2025c6056a4fff1656d65428017277b
22:37:30     STOCK_FILE pri podjetju 3: se ni na vrsti po razporedu; preskoceno.
22:37:31     Prebranih zapisov: 2763; SHA-256: e1ee76c3defb350af2683c6c2839cc48c2025c6056a4fff1656d65428017277b
22:37:31     STOCK_FILE pri podjetju 4: se ni na vrsti po razporedu; preskoceno.
22:37:31     konec: Zaloga NW_STOCK
22:37:31  == Zaloga BT_STOCK ==
22:37:32     [BT_STOCK] preskoceno: Razmik dobavitelja se tece; naslednji prenos po 3. 09. 2026 23:42.
22:37:32     Prevzem koncan: uspesno 0, neuspesno 0, skupaj virov 1.
22:37:33     Prebranih zapisov: 1389; SHA-256: 87dc96ff135a90ff21281cf2e3d01cba9b89e36308560bfd15167c9a03d703ba
22:37:33     STOCK_FILE pri podjetju 1: se ni na vrsti po razporedu; preskoceno.
22:37:34     Prebranih zapisov: 1389; SHA-256: 87dc96ff135a90ff21281cf2e3d01cba9b89e36308560bfd15167c9a03d703ba
22:37:34     STOCK_FILE pri podjetju 2: se ni na vrsti po razporedu; preskoceno.
22:37:35     Prebranih zapisov: 1389; SHA-256: 87dc96ff135a90ff21281cf2e3d01cba9b89e36308560bfd15167c9a03d703ba
22:37:35     STOCK_FILE pri podjetju 3: se ni na vrsti po razporedu; preskoceno.
22:37:36     Prebranih zapisov: 1389; SHA-256: 87dc96ff135a90ff21281cf2e3d01cba9b89e36308560bfd15167c9a03d703ba
22:37:36     STOCK_FILE pri podjetju 4: se ni na vrsti po razporedu; preskoceno.
22:37:36     konec: Zaloga BT_STOCK
22:37:36  == Zaloga iz SAOP (kolicine) ==
22:37:37     [1] SAOP_STOCK: se ni na vrsti po razporedu; preskoceno.
22:37:37     [2] SAOP_STOCK: se ni na vrsti po razporedu; preskoceno.
22:37:37     [3] SAOP_STOCK: se ni na vrsti po razporedu; preskoceno.
22:37:37     [4] SAOP_STOCK: se ni na vrsti po razporedu; preskoceno.
22:37:37     konec: Zaloga iz SAOP (kolicine)
22:37:37  == Izvoz cen in zaloge za splet ==
22:37:39     Izvoz profila MAGENTO_STOCK_PRICES končan: 352 vrstic v C:\Users\david\Desktop\PIM\NoviPIM\izvoz\magento\1
22:37:42     Izvoz profila MAGENTO_STOCK_PRICES končan: 2071 vrstic v C:\Users\david\Desktop\PIM\NoviPIM\izvoz\magento\2
22:37:46     Izvoz profila MAGENTO_STOCK_PRICES končan: 2488 vrstic v C:\Users\david\Desktop\PIM\NoviPIM\izvoz\magento\3
22:37:47     Izvoz profila MAGENTO_STOCK_PRICES končan: 0 vrstic v C:\Users\david\Desktop\PIM\NoviPIM\izvoz\magento\4
22:37:47     konec: Izvoz cen in zaloge za splet
22:37:47  Zalogovni cikel koncan; padlih korakov: 0.
22:42:26  == Zaloga NW_STOCK ==
22:42:27     SOURCE_FETCH: se ni na vrsti po razporedu; preskoceno.
22:42:28     Prebranih zapisov: 2763; SHA-256: e1ee76c3defb350af2683c6c2839cc48c2025c6056a4fff1656d65428017277b
22:42:29     Zaloga zapisana; vir=NW_STOCK, podjetje=1, uporabljenih=2763, v karanteni=0, RunId=e4fd5233-5a5b-419c-8d16-331b8687da3a.
22:42:30     Prebranih zapisov: 2763; SHA-256: e1ee76c3defb350af2683c6c2839cc48c2025c6056a4fff1656d65428017277b
22:42:32     Zaloga zapisana; vir=NW_STOCK, podjetje=2, uporabljenih=2763, v karanteni=0, RunId=65a3e486-3f4d-43d0-8aad-e407b31555f2.
22:42:32     Prebranih zapisov: 2763; SHA-256: e1ee76c3defb350af2683c6c2839cc48c2025c6056a4fff1656d65428017277b
22:42:34     Zaloga zapisana; vir=NW_STOCK, podjetje=3, uporabljenih=2763, v karanteni=0, RunId=ceb0c0b0-c067-4de6-8157-da9ca9685bbd.
22:42:35     Prebranih zapisov: 2763; SHA-256: e1ee76c3defb350af2683c6c2839cc48c2025c6056a4fff1656d65428017277b
22:42:36     Zaloga zapisana; vir=NW_STOCK, podjetje=4, uporabljenih=2763, v karanteni=0, RunId=0202d45f-f598-4a01-bbe3-6015e2dfbcaa.
22:42:36     konec: Zaloga NW_STOCK
22:42:36  == Zaloga BT_STOCK ==
22:42:37     [BT_STOCK] preskoceno: Razmik dobavitelja se tece; naslednji prenos po 3. 09. 2026 23:42.
22:42:37     Prevzem koncan: uspesno 0, neuspesno 0, skupaj virov 1.
22:42:38     Prebranih zapisov: 1389; SHA-256: 87dc96ff135a90ff21281cf2e3d01cba9b89e36308560bfd15167c9a03d703ba
22:42:38     STOCK_FILE pri podjetju 1: se ni na vrsti po razporedu; preskoceno.
22:42:39     Prebranih zapisov: 1389; SHA-256: 87dc96ff135a90ff21281cf2e3d01cba9b89e36308560bfd15167c9a03d703ba
22:42:39     STOCK_FILE pri podjetju 2: se ni na vrsti po razporedu; preskoceno.
22:42:40     Prebranih zapisov: 1389; SHA-256: 87dc96ff135a90ff21281cf2e3d01cba9b89e36308560bfd15167c9a03d703ba
22:42:40     STOCK_FILE pri podjetju 3: se ni na vrsti po razporedu; preskoceno.
22:42:41     Prebranih zapisov: 1389; SHA-256: 87dc96ff135a90ff21281cf2e3d01cba9b89e36308560bfd15167c9a03d703ba
22:42:41     STOCK_FILE pri podjetju 4: se ni na vrsti po razporedu; preskoceno.
22:42:41     konec: Zaloga BT_STOCK
22:42:41  == Zaloga iz SAOP (kolicine) ==
22:42:42     [1] SAOP_STOCK: se ni na vrsti po razporedu; preskoceno.
22:42:42     [2] SAOP_STOCK: se ni na vrsti po razporedu; preskoceno.
22:42:42     [3] SAOP_STOCK: se ni na vrsti po razporedu; preskoceno.
22:42:42     [4] SAOP_STOCK: se ni na vrsti po razporedu; preskoceno.
22:42:42     konec: Zaloga iz SAOP (kolicine)
22:42:42  == Izvoz cen in zaloge za splet ==
22:42:43     Izvoz profila MAGENTO_STOCK_PRICES končan: 352 vrstic v C:\Users\david\Desktop\PIM\NoviPIM\izvoz\magento\1
22:42:47     Izvoz profila MAGENTO_STOCK_PRICES končan: 2071 vrstic v C:\Users\david\Desktop\PIM\NoviPIM\izvoz\magento\2
22:42:51     Izvoz profila MAGENTO_STOCK_PRICES končan: 2488 vrstic v C:\Users\david\Desktop\PIM\NoviPIM\izvoz\magento\3
22:42:52     Izvoz profila MAGENTO_STOCK_PRICES končan: 0 vrstic v C:\Users\david\Desktop\PIM\NoviPIM\izvoz\magento\4
22:42:52     konec: Izvoz cen in zaloge za splet
22:42:52  Zalogovni cikel koncan; padlih korakov: 0.
22:47:26  == Zaloga NW_STOCK ==
22:47:27     SOURCE_FETCH: se ni na vrsti po razporedu; preskoceno.
22:47:28     Prebranih zapisov: 2763; SHA-256: e1ee76c3defb350af2683c6c2839cc48c2025c6056a4fff1656d65428017277b
22:47:28     Ta posnetek je ze v bazi; vir=NW_STOCK, podjetje=1, cas posnetka=2026-09-03 20:32:28Z, uporabljenih=2763, v karanteni=0, RunId=e4fd5233-5a5b-419c-8d16-331b8687da3a. Zapisano ni bilo nic.
22:47:29     Prebranih zapisov: 2763; SHA-256: e1ee76c3defb350af2683c6c2839cc48c2025c6056a4fff1656d65428017277b
22:47:29     STOCK_FILE pri podjetju 2: se ni na vrsti po razporedu; preskoceno.
22:47:30     Prebranih zapisov: 2763; SHA-256: e1ee76c3defb350af2683c6c2839cc48c2025c6056a4fff1656d65428017277b
22:47:30     STOCK_FILE pri podjetju 3: se ni na vrsti po razporedu; preskoceno.
22:47:31     Prebranih zapisov: 2763; SHA-256: e1ee76c3defb350af2683c6c2839cc48c2025c6056a4fff1656d65428017277b
22:47:31     STOCK_FILE pri podjetju 4: se ni na vrsti po razporedu; preskoceno.
22:47:31     konec: Zaloga NW_STOCK
22:47:31  == Zaloga BT_STOCK ==
22:47:32     SOURCE_FETCH: se ni na vrsti po razporedu; preskoceno.
22:47:33     Prebranih zapisov: 1389; SHA-256: 87dc96ff135a90ff21281cf2e3d01cba9b89e36308560bfd15167c9a03d703ba
22:47:33     STOCK_FILE pri podjetju 1: se ni na vrsti po razporedu; preskoceno.
22:47:34     Prebranih zapisov: 1389; SHA-256: 87dc96ff135a90ff21281cf2e3d01cba9b89e36308560bfd15167c9a03d703ba
22:47:34     Ta posnetek je ze v bazi; vir=BT_STOCK, podjetje=2, cas posnetka=2026-09-03 15:17:35Z, uporabljenih=1389, v karanteni=0, RunId=3496c976-0c49-45c5-9f74-0ffd35e5d443. Zapisano ni bilo nic.
22:47:35     Prebranih zapisov: 1389; SHA-256: 87dc96ff135a90ff21281cf2e3d01cba9b89e36308560bfd15167c9a03d703ba
22:47:35     Ta posnetek je ze v bazi; vir=BT_STOCK, podjetje=3, cas posnetka=2026-09-03 15:17:35Z, uporabljenih=1389, v karanteni=0, RunId=3dd9ac1c-09dd-4827-b930-eb014cdb2746. Zapisano ni bilo nic.
22:47:36     Prebranih zapisov: 1389; SHA-256: 87dc96ff135a90ff21281cf2e3d01cba9b89e36308560bfd15167c9a03d703ba
22:47:37     Ta posnetek je ze v bazi; vir=BT_STOCK, podjetje=4, cas posnetka=2026-09-03 15:17:35Z, uporabljenih=1389, v karanteni=0, RunId=bec7f147-9b63-48d7-a0cc-8df0cb029c6c. Zapisano ni bilo nic.
22:47:37     konec: Zaloga BT_STOCK
22:47:37  == Zaloga iz SAOP (kolicine) ==
22:47:38     [1] SAOP_STOCK: se ni na vrsti po razporedu; preskoceno.
22:47:38     [2] SAOP_STOCK: se ni na vrsti po razporedu; preskoceno.
22:47:38     [3] SAOP_STOCK: se ni na vrsti po razporedu; preskoceno.
22:47:38     [4] SAOP_STOCK: se ni na vrsti po razporedu; preskoceno.
22:47:38     konec: Zaloga iz SAOP (kolicine)
22:47:38  == Izvoz cen in zaloge za splet ==
22:47:39     Izvoz profila MAGENTO_STOCK_PRICES končan: 352 vrstic v C:\Users\david\Desktop\PIM\NoviPIM\izvoz\magento\1
22:47:43     Izvoz profila MAGENTO_STOCK_PRICES končan: 2071 vrstic v C:\Users\david\Desktop\PIM\NoviPIM\izvoz\magento\2
22:47:46     Izvoz profila MAGENTO_STOCK_PRICES končan: 2488 vrstic v C:\Users\david\Desktop\PIM\NoviPIM\izvoz\magento\3
22:47:48     Izvoz profila MAGENTO_STOCK_PRICES končan: 0 vrstic v C:\Users\david\Desktop\PIM\NoviPIM\izvoz\magento\4
22:47:48     konec: Izvoz cen in zaloge za splet
22:47:48  Zalogovni cikel koncan; padlih korakov: 0.
22:52:26  == Zaloga NW_STOCK ==
22:52:27     [NW_STOCK] preskoceno: Razmik dobavitelja se tece; naslednji prenos po 4. 09. 2026 00:32.
22:52:27     Prevzem koncan: uspesno 0, neuspesno 0, skupaj virov 1.
22:52:28     Prebranih zapisov: 2763; SHA-256: e1ee76c3defb350af2683c6c2839cc48c2025c6056a4fff1656d65428017277b
22:52:28     Ta posnetek je ze v bazi; vir=NW_STOCK, podjetje=1, cas posnetka=2026-09-03 20:32:28Z, uporabljenih=2763, v karanteni=0, RunId=e4fd5233-5a5b-419c-8d16-331b8687da3a. Zapisano ni bilo nic.
22:52:29     Prebranih zapisov: 2763; SHA-256: e1ee76c3defb350af2683c6c2839cc48c2025c6056a4fff1656d65428017277b
22:52:29     STOCK_FILE pri podjetju 2: se ni na vrsti po razporedu; preskoceno.
22:52:30     Prebranih zapisov: 2763; SHA-256: e1ee76c3defb350af2683c6c2839cc48c2025c6056a4fff1656d65428017277b
22:52:30     STOCK_FILE pri podjetju 3: se ni na vrsti po razporedu; preskoceno.
22:52:31     Prebranih zapisov: 2763; SHA-256: e1ee76c3defb350af2683c6c2839cc48c2025c6056a4fff1656d65428017277b
22:52:31     STOCK_FILE pri podjetju 4: se ni na vrsti po razporedu; preskoceno.
22:52:31     konec: Zaloga NW_STOCK
22:52:31  == Zaloga BT_STOCK ==
22:52:32     SOURCE_FETCH: se ni na vrsti po razporedu; preskoceno.
22:52:33     Prebranih zapisov: 1389; SHA-256: 87dc96ff135a90ff21281cf2e3d01cba9b89e36308560bfd15167c9a03d703ba
22:52:33     STOCK_FILE pri podjetju 1: se ni na vrsti po razporedu; preskoceno.
22:52:34     Prebranih zapisov: 1389; SHA-256: 87dc96ff135a90ff21281cf2e3d01cba9b89e36308560bfd15167c9a03d703ba
22:52:34     STOCK_FILE pri podjetju 2: se ni na vrsti po razporedu; preskoceno.
22:52:35     Prebranih zapisov: 1389; SHA-256: 87dc96ff135a90ff21281cf2e3d01cba9b89e36308560bfd15167c9a03d703ba
22:52:35     STOCK_FILE pri podjetju 3: se ni na vrsti po razporedu; preskoceno.
22:52:36     Prebranih zapisov: 1389; SHA-256: 87dc96ff135a90ff21281cf2e3d01cba9b89e36308560bfd15167c9a03d703ba
22:52:36     STOCK_FILE pri podjetju 4: se ni na vrsti po razporedu; preskoceno.
22:52:36     konec: Zaloga BT_STOCK
22:52:36  == Zaloga iz SAOP (kolicine) ==
22:52:37     [1] SAOP_STOCK: se ni na vrsti po razporedu; preskoceno.
22:52:37     [2] SAOP_STOCK: se ni na vrsti po razporedu; preskoceno.
22:52:37     [3] SAOP_STOCK: se ni na vrsti po razporedu; preskoceno.
22:52:37     [4] SAOP_STOCK: se ni na vrsti po razporedu; preskoceno.
22:52:37     konec: Zaloga iz SAOP (kolicine)
22:52:37  == Izvoz cen in zaloge za splet ==
22:52:39     Izvoz profila MAGENTO_STOCK_PRICES končan: 352 vrstic v C:\Users\david\Desktop\PIM\NoviPIM\izvoz\magento\1
22:52:42     Izvoz profila MAGENTO_STOCK_PRICES končan: 2071 vrstic v C:\Users\david\Desktop\PIM\NoviPIM\izvoz\magento\2
22:52:46     Izvoz profila MAGENTO_STOCK_PRICES končan: 2488 vrstic v C:\Users\david\Desktop\PIM\NoviPIM\izvoz\magento\3
22:52:47     Izvoz profila MAGENTO_STOCK_PRICES končan: 0 vrstic v C:\Users\david\Desktop\PIM\NoviPIM\izvoz\magento\4
22:52:47     konec: Izvoz cen in zaloge za splet
22:52:47  Zalogovni cikel koncan; padlih korakov: 0.
22:57:26  == Zaloga NW_STOCK ==
22:57:27     SOURCE_FETCH: se ni na vrsti po razporedu; preskoceno.
22:57:28     Prebranih zapisov: 2763; SHA-256: e1ee76c3defb350af2683c6c2839cc48c2025c6056a4fff1656d65428017277b
22:57:28     STOCK_FILE pri podjetju 1: se ni na vrsti po razporedu; preskoceno.
22:57:29     Prebranih zapisov: 2763; SHA-256: e1ee76c3defb350af2683c6c2839cc48c2025c6056a4fff1656d65428017277b
22:57:29     Ta posnetek je ze v bazi; vir=NW_STOCK, podjetje=2, cas posnetka=2026-09-03 20:32:28Z, uporabljenih=2763, v karanteni=0, RunId=65a3e486-3f4d-43d0-8aad-e407b31555f2. Zapisano ni bilo nic.
22:57:30     Prebranih zapisov: 2763; SHA-256: e1ee76c3defb350af2683c6c2839cc48c2025c6056a4fff1656d65428017277b
22:57:30     Ta posnetek je ze v bazi; vir=NW_STOCK, podjetje=3, cas posnetka=2026-09-03 20:32:28Z, uporabljenih=2763, v karanteni=0, RunId=ceb0c0b0-c067-4de6-8157-da9ca9685bbd. Zapisano ni bilo nic.
22:57:31     Prebranih zapisov: 2763; SHA-256: e1ee76c3defb350af2683c6c2839cc48c2025c6056a4fff1656d65428017277b
22:57:31     Ta posnetek je ze v bazi; vir=NW_STOCK, podjetje=4, cas posnetka=2026-09-03 20:32:28Z, uporabljenih=2763, v karanteni=0, RunId=0202d45f-f598-4a01-bbe3-6015e2dfbcaa. Zapisano ni bilo nic.
22:57:31     konec: Zaloga NW_STOCK
22:57:31  == Zaloga BT_STOCK ==
22:57:32     [BT_STOCK] preskoceno: Razmik dobavitelja se tece; naslednji prenos po 3. 09. 2026 23:42.
22:57:32     Prevzem koncan: uspesno 0, neuspesno 0, skupaj virov 1.
22:57:33     Prebranih zapisov: 1389; SHA-256: 87dc96ff135a90ff21281cf2e3d01cba9b89e36308560bfd15167c9a03d703ba
22:57:33     Ta posnetek je ze v bazi; vir=BT_STOCK, podjetje=1, cas posnetka=2026-09-03 15:17:35Z, uporabljenih=1389, v karanteni=0, RunId=5e288d2d-98ef-40e1-b33c-663e6d513e74. Zapisano ni bilo nic.
22:57:34     Prebranih zapisov: 1389; SHA-256: 87dc96ff135a90ff21281cf2e3d01cba9b89e36308560bfd15167c9a03d703ba
22:57:34     STOCK_FILE pri podjetju 2: se ni na vrsti po razporedu; preskoceno.
22:57:35     Prebranih zapisov: 1389; SHA-256: 87dc96ff135a90ff21281cf2e3d01cba9b89e36308560bfd15167c9a03d703ba
22:57:35     STOCK_FILE pri podjetju 3: se ni na vrsti po razporedu; preskoceno.
22:57:36     Prebranih zapisov: 1389; SHA-256: 87dc96ff135a90ff21281cf2e3d01cba9b89e36308560bfd15167c9a03d703ba
22:57:36     STOCK_FILE pri podjetju 4: se ni na vrsti po razporedu; preskoceno.
22:57:36     konec: Zaloga BT_STOCK
22:57:36  == Zaloga iz SAOP (kolicine) ==
22:57:37     [1] SAOP_STOCK: se ni na vrsti po razporedu; preskoceno.
22:57:37     [2] SAOP_STOCK: se ni na vrsti po razporedu; preskoceno.
22:57:37     [3] SAOP_STOCK: se ni na vrsti po razporedu; preskoceno.
22:57:37     [4] SAOP_STOCK: se ni na vrsti po razporedu; preskoceno.
22:57:37     konec: Zaloga iz SAOP (kolicine)
22:57:37  == Izvoz cen in zaloge za splet ==
22:57:39     Izvoz profila MAGENTO_STOCK_PRICES končan: 352 vrstic v C:\Users\david\Desktop\PIM\NoviPIM\izvoz\magento\1
22:57:43     Izvoz profila MAGENTO_STOCK_PRICES končan: 2071 vrstic v C:\Users\david\Desktop\PIM\NoviPIM\izvoz\magento\2
22:57:46     Izvoz profila MAGENTO_STOCK_PRICES končan: 2488 vrstic v C:\Users\david\Desktop\PIM\NoviPIM\izvoz\magento\3
22:57:47     Izvoz profila MAGENTO_STOCK_PRICES končan: 0 vrstic v C:\Users\david\Desktop\PIM\NoviPIM\izvoz\magento\4
22:57:47     konec: Izvoz cen in zaloge za splet
22:57:47  Zalogovni cikel koncan; padlih korakov: 0.
23:02:26  == Zaloga NW_STOCK ==
23:02:27     SOURCE_FETCH: se ni na vrsti po razporedu; preskoceno.
23:02:28     Prebranih zapisov: 2763; SHA-256: e1ee76c3defb350af2683c6c2839cc48c2025c6056a4fff1656d65428017277b
23:02:28     STOCK_FILE pri podjetju 1: se ni na vrsti po razporedu; preskoceno.
23:02:29     Prebranih zapisov: 2763; SHA-256: e1ee76c3defb350af2683c6c2839cc48c2025c6056a4fff1656d65428017277b
23:02:29     STOCK_FILE pri podjetju 2: se ni na vrsti po razporedu; preskoceno.
23:02:30     Prebranih zapisov: 2763; SHA-256: e1ee76c3defb350af2683c6c2839cc48c2025c6056a4fff1656d65428017277b
23:02:30     STOCK_FILE pri podjetju 3: se ni na vrsti po razporedu; preskoceno.
23:02:31     Prebranih zapisov: 2763; SHA-256: e1ee76c3defb350af2683c6c2839cc48c2025c6056a4fff1656d65428017277b
23:02:31     STOCK_FILE pri podjetju 4: se ni na vrsti po razporedu; preskoceno.
23:02:31     konec: Zaloga NW_STOCK
23:02:31  == Zaloga BT_STOCK ==
23:02:32     SOURCE_FETCH: se ni na vrsti po razporedu; preskoceno.
23:02:33     Prebranih zapisov: 1389; SHA-256: 87dc96ff135a90ff21281cf2e3d01cba9b89e36308560bfd15167c9a03d703ba
23:02:33     STOCK_FILE pri podjetju 1: se ni na vrsti po razporedu; preskoceno.
23:02:34     Prebranih zapisov: 1389; SHA-256: 87dc96ff135a90ff21281cf2e3d01cba9b89e36308560bfd15167c9a03d703ba
23:02:34     Ta posnetek je ze v bazi; vir=BT_STOCK, podjetje=2, cas posnetka=2026-09-03 15:17:35Z, uporabljenih=1389, v karanteni=0, RunId=3496c976-0c49-45c5-9f74-0ffd35e5d443. Zapisano ni bilo nic.
23:02:35     Prebranih zapisov: 1389; SHA-256: 87dc96ff135a90ff21281cf2e3d01cba9b89e36308560bfd15167c9a03d703ba
23:02:35     Ta posnetek je ze v bazi; vir=BT_STOCK, podjetje=3, cas posnetka=2026-09-03 15:17:35Z, uporabljenih=1389, v karanteni=0, RunId=3dd9ac1c-09dd-4827-b930-eb014cdb2746. Zapisano ni bilo nic.
23:02:36     Prebranih zapisov: 1389; SHA-256: 87dc96ff135a90ff21281cf2e3d01cba9b89e36308560bfd15167c9a03d703ba
23:02:36     Ta posnetek je ze v bazi; vir=BT_STOCK, podjetje=4, cas posnetka=2026-09-03 15:17:35Z, uporabljenih=1389, v karanteni=0, RunId=bec7f147-9b63-48d7-a0cc-8df0cb029c6c. Zapisano ni bilo nic.
23:02:36     konec: Zaloga BT_STOCK
23:02:36  == Zaloga iz SAOP (kolicine) ==
23:02:37     [1] SAOP_STOCK: se ni na vrsti po razporedu; preskoceno.
23:02:37     [2] SAOP_STOCK: se ni na vrsti po razporedu; preskoceno.
23:02:37     [3] SAOP_STOCK: se ni na vrsti po razporedu; preskoceno.
23:02:37     [4] SAOP_STOCK: se ni na vrsti po razporedu; preskoceno.
23:02:37     konec: Zaloga iz SAOP (kolicine)
23:02:37  == Izvoz cen in zaloge za splet ==
23:02:39     Izvoz profila MAGENTO_STOCK_PRICES končan: 352 vrstic v C:\Users\david\Desktop\PIM\NoviPIM\izvoz\magento\1
23:02:42     Izvoz profila MAGENTO_STOCK_PRICES končan: 2071 vrstic v C:\Users\david\Desktop\PIM\NoviPIM\izvoz\magento\2
23:02:46     Izvoz profila MAGENTO_STOCK_PRICES končan: 2488 vrstic v C:\Users\david\Desktop\PIM\NoviPIM\izvoz\magento\3
23:02:47     Izvoz profila MAGENTO_STOCK_PRICES končan: 0 vrstic v C:\Users\david\Desktop\PIM\NoviPIM\izvoz\magento\4
23:02:47     konec: Izvoz cen in zaloge za splet
23:02:47  Zalogovni cikel koncan; padlih korakov: 0.
23:07:26  == Zaloga NW_STOCK ==
23:07:27     [NW_STOCK] preskoceno: Razmik dobavitelja se tece; naslednji prenos po 4. 09. 2026 00:32.
23:07:27     Prevzem koncan: uspesno 0, neuspesno 0, skupaj virov 1.
23:07:28     Prebranih zapisov: 2763; SHA-256: e1ee76c3defb350af2683c6c2839cc48c2025c6056a4fff1656d65428017277b
23:07:28     Ta posnetek je ze v bazi; vir=NW_STOCK, podjetje=1, cas posnetka=2026-09-03 20:32:28Z, uporabljenih=2763, v karanteni=0, RunId=e4fd5233-5a5b-419c-8d16-331b8687da3a. Zapisano ni bilo nic.
23:07:29     Prebranih zapisov: 2763; SHA-256: e1ee76c3defb350af2683c6c2839cc48c2025c6056a4fff1656d65428017277b
23:07:29     STOCK_FILE pri podjetju 2: se ni na vrsti po razporedu; preskoceno.
23:07:30     Prebranih zapisov: 2763; SHA-256: e1ee76c3defb350af2683c6c2839cc48c2025c6056a4fff1656d65428017277b
23:07:30     STOCK_FILE pri podjetju 3: se ni na vrsti po razporedu; preskoceno.
23:07:31     Prebranih zapisov: 2763; SHA-256: e1ee76c3defb350af2683c6c2839cc48c2025c6056a4fff1656d65428017277b
23:07:31     STOCK_FILE pri podjetju 4: se ni na vrsti po razporedu; preskoceno.
23:07:31     konec: Zaloga NW_STOCK
23:07:31  == Zaloga BT_STOCK ==
23:07:32     SOURCE_FETCH: se ni na vrsti po razporedu; preskoceno.
23:07:33     Prebranih zapisov: 1389; SHA-256: 87dc96ff135a90ff21281cf2e3d01cba9b89e36308560bfd15167c9a03d703ba
23:07:33     STOCK_FILE pri podjetju 1: se ni na vrsti po razporedu; preskoceno.
23:07:34     Prebranih zapisov: 1389; SHA-256: 87dc96ff135a90ff21281cf2e3d01cba9b89e36308560bfd15167c9a03d703ba
23:07:34     Ta posnetek je ze v bazi; vir=BT_STOCK, podjetje=2, cas posnetka=2026-09-03 15:17:35Z, uporabljenih=1389, v karanteni=0, RunId=3496c976-0c49-45c5-9f74-0ffd35e5d443. Zapisano ni bilo nic.
23:07:35     Prebranih zapisov: 1389; SHA-256: 87dc96ff135a90ff21281cf2e3d01cba9b89e36308560bfd15167c9a03d703ba
23:07:35     Ta posnetek je ze v bazi; vir=BT_STOCK, podjetje=3, cas posnetka=2026-09-03 15:17:35Z, uporabljenih=1389, v karanteni=0, RunId=3dd9ac1c-09dd-4827-b930-eb014cdb2746. Zapisano ni bilo nic.
23:07:36     Prebranih zapisov: 1389; SHA-256: 87dc96ff135a90ff21281cf2e3d01cba9b89e36308560bfd15167c9a03d703ba
23:07:36     Ta posnetek je ze v bazi; vir=BT_STOCK, podjetje=4, cas posnetka=2026-09-03 15:17:35Z, uporabljenih=1389, v karanteni=0, RunId=bec7f147-9b63-48d7-a0cc-8df0cb029c6c. Zapisano ni bilo nic.
23:07:36     konec: Zaloga BT_STOCK
23:07:36  == Zaloga iz SAOP (kolicine) ==
23:07:37     [1] SAOP_STOCK: se ni na vrsti po razporedu; preskoceno.
23:07:37     [2] SAOP_STOCK: se ni na vrsti po razporedu; preskoceno.
23:07:37     [3] SAOP_STOCK: se ni na vrsti po razporedu; preskoceno.
23:07:37     [4] SAOP_STOCK: se ni na vrsti po razporedu; preskoceno.
23:07:37     konec: Zaloga iz SAOP (kolicine)
23:07:37  == Izvoz cen in zaloge za splet ==
23:07:39     Izvoz profila MAGENTO_STOCK_PRICES končan: 352 vrstic v C:\Users\david\Desktop\PIM\NoviPIM\izvoz\magento\1
23:07:42     Izvoz profila MAGENTO_STOCK_PRICES končan: 2071 vrstic v C:\Users\david\Desktop\PIM\NoviPIM\izvoz\magento\2
23:07:46     Izvoz profila MAGENTO_STOCK_PRICES končan: 2488 vrstic v C:\Users\david\Desktop\PIM\NoviPIM\izvoz\magento\3
23:07:47     Izvoz profila MAGENTO_STOCK_PRICES končan: 0 vrstic v C:\Users\david\Desktop\PIM\NoviPIM\izvoz\magento\4
23:07:47     konec: Izvoz cen in zaloge za splet
23:07:47  Zalogovni cikel koncan; padlih korakov: 0.
23:12:26  == Zaloga NW_STOCK ==
23:12:27     SOURCE_FETCH: se ni na vrsti po razporedu; preskoceno.
23:12:28     Prebranih zapisov: 2763; SHA-256: e1ee76c3defb350af2683c6c2839cc48c2025c6056a4fff1656d65428017277b
23:12:28     Ta posnetek je ze v bazi; vir=NW_STOCK, podjetje=1, cas posnetka=2026-09-03 20:32:28Z, uporabljenih=2763, v karanteni=0, RunId=e4fd5233-5a5b-419c-8d16-331b8687da3a. Zapisano ni bilo nic.
23:12:29     Prebranih zapisov: 2763; SHA-256: e1ee76c3defb350af2683c6c2839cc48c2025c6056a4fff1656d65428017277b
23:12:29     STOCK_FILE pri podjetju 2: se ni na vrsti po razporedu; preskoceno.
23:12:30     Prebranih zapisov: 2763; SHA-256: e1ee76c3defb350af2683c6c2839cc48c2025c6056a4fff1656d65428017277b
23:12:30     STOCK_FILE pri podjetju 3: se ni na vrsti po razporedu; preskoceno.
23:12:31     Prebranih zapisov: 2763; SHA-256: e1ee76c3defb350af2683c6c2839cc48c2025c6056a4fff1656d65428017277b
23:12:31     STOCK_FILE pri podjetju 4: se ni na vrsti po razporedu; preskoceno.
23:12:31     konec: Zaloga NW_STOCK
23:12:31  == Zaloga BT_STOCK ==
23:12:32     [BT_STOCK] preskoceno: Razmik dobavitelja se tece; naslednji prenos po 3. 09. 2026 23:42.
23:12:32     Prevzem koncan: uspesno 0, neuspesno 0, skupaj virov 1.
23:12:33     Prebranih zapisov: 1389; SHA-256: 87dc96ff135a90ff21281cf2e3d01cba9b89e36308560bfd15167c9a03d703ba
23:12:33     STOCK_FILE pri podjetju 1: se ni na vrsti po razporedu; preskoceno.
23:12:34     Prebranih zapisov: 1389; SHA-256: 87dc96ff135a90ff21281cf2e3d01cba9b89e36308560bfd15167c9a03d703ba
23:12:34     Ta posnetek je ze v bazi; vir=BT_STOCK, podjetje=2, cas posnetka=2026-09-03 15:17:35Z, uporabljenih=1389, v karanteni=0, RunId=3496c976-0c49-45c5-9f74-0ffd35e5d443. Zapisano ni bilo nic.
23:12:35     Prebranih zapisov: 1389; SHA-256: 87dc96ff135a90ff21281cf2e3d01cba9b89e36308560bfd15167c9a03d703ba
23:12:35     Ta posnetek je ze v bazi; vir=BT_STOCK, podjetje=3, cas posnetka=2026-09-03 15:17:35Z, uporabljenih=1389, v karanteni=0, RunId=3dd9ac1c-09dd-4827-b930-eb014cdb2746. Zapisano ni bilo nic.
23:12:36     Prebranih zapisov: 1389; SHA-256: 87dc96ff135a90ff21281cf2e3d01cba9b89e36308560bfd15167c9a03d703ba
23:12:36     Ta posnetek je ze v bazi; vir=BT_STOCK, podjetje=4, cas posnetka=2026-09-03 15:17:35Z, uporabljenih=1389, v karanteni=0, RunId=bec7f147-9b63-48d7-a0cc-8df0cb029c6c. Zapisano ni bilo nic.
23:12:36     konec: Zaloga BT_STOCK
23:12:36  == Zaloga iz SAOP (kolicine) ==
23:12:37     [1] SAOP_STOCK: se ni na vrsti po razporedu; preskoceno.
23:12:37     [2] SAOP_STOCK: se ni na vrsti po razporedu; preskoceno.
23:12:37     [3] SAOP_STOCK: se ni na vrsti po razporedu; preskoceno.
23:12:37     [4] SAOP_STOCK: se ni na vrsti po razporedu; preskoceno.
23:12:37     konec: Zaloga iz SAOP (kolicine)
23:12:37  == Izvoz cen in zaloge za splet ==
23:12:39     Izvoz profila MAGENTO_STOCK_PRICES končan: 352 vrstic v C:\Users\david\Desktop\PIM\NoviPIM\izvoz\magento\1
23:12:43     Izvoz profila MAGENTO_STOCK_PRICES končan: 2071 vrstic v C:\Users\david\Desktop\PIM\NoviPIM\izvoz\magento\2
23:12:46     Izvoz profila MAGENTO_STOCK_PRICES končan: 2488 vrstic v C:\Users\david\Desktop\PIM\NoviPIM\izvoz\magento\3
23:12:47     Izvoz profila MAGENTO_STOCK_PRICES končan: 0 vrstic v C:\Users\david\Desktop\PIM\NoviPIM\izvoz\magento\4
23:12:47     konec: Izvoz cen in zaloge za splet
23:12:47  Zalogovni cikel koncan; padlih korakov: 0.
23:17:26  == Zaloga NW_STOCK ==
23:17:27     SOURCE_FETCH: se ni na vrsti po razporedu; preskoceno.
23:17:28     Prebranih zapisov: 2763; SHA-256: e1ee76c3defb350af2683c6c2839cc48c2025c6056a4fff1656d65428017277b
23:17:28     STOCK_FILE pri podjetju 1: se ni na vrsti po razporedu; preskoceno.
23:17:29     Prebranih zapisov: 2763; SHA-256: e1ee76c3defb350af2683c6c2839cc48c2025c6056a4fff1656d65428017277b
23:17:29     STOCK_FILE pri podjetju 2: se ni na vrsti po razporedu; preskoceno.
23:17:30     Prebranih zapisov: 2763; SHA-256: e1ee76c3defb350af2683c6c2839cc48c2025c6056a4fff1656d65428017277b
23:17:30     STOCK_FILE pri podjetju 3: se ni na vrsti po razporedu; preskoceno.
23:17:31     Prebranih zapisov: 2763; SHA-256: e1ee76c3defb350af2683c6c2839cc48c2025c6056a4fff1656d65428017277b
23:17:31     STOCK_FILE pri podjetju 4: se ni na vrsti po razporedu; preskoceno.
23:17:31     konec: Zaloga NW_STOCK
23:17:31  == Zaloga BT_STOCK ==
23:17:32     SOURCE_FETCH: se ni na vrsti po razporedu; preskoceno.
23:17:33     Prebranih zapisov: 1389; SHA-256: 87dc96ff135a90ff21281cf2e3d01cba9b89e36308560bfd15167c9a03d703ba
23:17:33     Ta posnetek je ze v bazi; vir=BT_STOCK, podjetje=1, cas posnetka=2026-09-03 15:17:35Z, uporabljenih=1389, v karanteni=0, RunId=5e288d2d-98ef-40e1-b33c-663e6d513e74. Zapisano ni bilo nic.
23:17:34     Prebranih zapisov: 1389; SHA-256: 87dc96ff135a90ff21281cf2e3d01cba9b89e36308560bfd15167c9a03d703ba
23:17:34     STOCK_FILE pri podjetju 2: se ni na vrsti po razporedu; preskoceno.
23:17:35     Prebranih zapisov: 1389; SHA-256: 87dc96ff135a90ff21281cf2e3d01cba9b89e36308560bfd15167c9a03d703ba
23:17:35     STOCK_FILE pri podjetju 3: se ni na vrsti po razporedu; preskoceno.
23:17:36     Prebranih zapisov: 1389; SHA-256: 87dc96ff135a90ff21281cf2e3d01cba9b89e36308560bfd15167c9a03d703ba
23:17:36     STOCK_FILE pri podjetju 4: se ni na vrsti po razporedu; preskoceno.
23:17:36     konec: Zaloga BT_STOCK
23:17:36  == Zaloga iz SAOP (kolicine) ==
23:17:37     [1] SAOP_STOCK: se ni na vrsti po razporedu; preskoceno.
23:17:37     [2] SAOP_STOCK: se ni na vrsti po razporedu; preskoceno.
23:17:37     [3] SAOP_STOCK: se ni na vrsti po razporedu; preskoceno.
23:17:37     [4] SAOP_STOCK: se ni na vrsti po razporedu; preskoceno.
23:17:37     konec: Zaloga iz SAOP (kolicine)
23:17:37  == Izvoz cen in zaloge za splet ==
23:17:39     Izvoz profila MAGENTO_STOCK_PRICES končan: 352 vrstic v C:\Users\david\Desktop\PIM\NoviPIM\izvoz\magento\1
23:17:42     Izvoz profila MAGENTO_STOCK_PRICES končan: 2071 vrstic v C:\Users\david\Desktop\PIM\NoviPIM\izvoz\magento\2
23:17:46     Izvoz profila MAGENTO_STOCK_PRICES končan: 2488 vrstic v C:\Users\david\Desktop\PIM\NoviPIM\izvoz\magento\3
23:17:47     Izvoz profila MAGENTO_STOCK_PRICES končan: 0 vrstic v C:\Users\david\Desktop\PIM\NoviPIM\izvoz\magento\4
23:17:47     konec: Izvoz cen in zaloge za splet
23:17:47  Zalogovni cikel koncan; padlih korakov: 0.
23:22:26  == Zaloga NW_STOCK ==
23:22:27     [NW_STOCK] preskoceno: Razmik dobavitelja se tece; naslednji prenos po 4. 09. 2026 00:32.
23:22:27     Prevzem koncan: uspesno 0, neuspesno 0, skupaj virov 1.
23:22:28     Prebranih zapisov: 2763; SHA-256: e1ee76c3defb350af2683c6c2839cc48c2025c6056a4fff1656d65428017277b
23:22:28     STOCK_FILE pri podjetju 1: se ni na vrsti po razporedu; preskoceno.
23:22:29     Prebranih zapisov: 2763; SHA-256: e1ee76c3defb350af2683c6c2839cc48c2025c6056a4fff1656d65428017277b
23:22:29     Ta posnetek je ze v bazi; vir=NW_STOCK, podjetje=2, cas posnetka=2026-09-03 20:32:28Z, uporabljenih=2763, v karanteni=0, RunId=65a3e486-3f4d-43d0-8aad-e407b31555f2. Zapisano ni bilo nic.
23:22:30     Prebranih zapisov: 2763; SHA-256: e1ee76c3defb350af2683c6c2839cc48c2025c6056a4fff1656d65428017277b
23:22:30     Ta posnetek je ze v bazi; vir=NW_STOCK, podjetje=3, cas posnetka=2026-09-03 20:32:28Z, uporabljenih=2763, v karanteni=0, RunId=ceb0c0b0-c067-4de6-8157-da9ca9685bbd. Zapisano ni bilo nic.
23:22:31     Prebranih zapisov: 2763; SHA-256: e1ee76c3defb350af2683c6c2839cc48c2025c6056a4fff1656d65428017277b
23:22:31     Ta posnetek je ze v bazi; vir=NW_STOCK, podjetje=4, cas posnetka=2026-09-03 20:32:28Z, uporabljenih=2763, v karanteni=0, RunId=0202d45f-f598-4a01-bbe3-6015e2dfbcaa. Zapisano ni bilo nic.
23:22:31     konec: Zaloga NW_STOCK
23:22:31  == Zaloga BT_STOCK ==
23:22:32     SOURCE_FETCH: se ni na vrsti po razporedu; preskoceno.
23:22:33     Prebranih zapisov: 1389; SHA-256: 87dc96ff135a90ff21281cf2e3d01cba9b89e36308560bfd15167c9a03d703ba
23:22:33     Ta posnetek je ze v bazi; vir=BT_STOCK, podjetje=1, cas posnetka=2026-09-03 15:17:35Z, uporabljenih=1389, v karanteni=0, RunId=5e288d2d-98ef-40e1-b33c-663e6d513e74. Zapisano ni bilo nic.
23:22:34     Prebranih zapisov: 1389; SHA-256: 87dc96ff135a90ff21281cf2e3d01cba9b89e36308560bfd15167c9a03d703ba
23:22:34     STOCK_FILE pri podjetju 2: se ni na vrsti po razporedu; preskoceno.
23:22:35     Prebranih zapisov: 1389; SHA-256: 87dc96ff135a90ff21281cf2e3d01cba9b89e36308560bfd15167c9a03d703ba
23:22:35     STOCK_FILE pri podjetju 3: se ni na vrsti po razporedu; preskoceno.
23:22:36     Prebranih zapisov: 1389; SHA-256: 87dc96ff135a90ff21281cf2e3d01cba9b89e36308560bfd15167c9a03d703ba
23:22:36     STOCK_FILE pri podjetju 4: se ni na vrsti po razporedu; preskoceno.
23:22:36     konec: Zaloga BT_STOCK
23:22:36  == Zaloga iz SAOP (kolicine) ==
23:22:37     [1] SAOP_STOCK: se ni na vrsti po razporedu; preskoceno.
23:22:37     [2] SAOP_STOCK: se ni na vrsti po razporedu; preskoceno.
23:22:37     [3] SAOP_STOCK: se ni na vrsti po razporedu; preskoceno.
23:22:37     [4] SAOP_STOCK: se ni na vrsti po razporedu; preskoceno.
23:22:37     konec: Zaloga iz SAOP (kolicine)
23:22:37  == Izvoz cen in zaloge za splet ==
23:22:39     Izvoz profila MAGENTO_STOCK_PRICES končan: 352 vrstic v C:\Users\david\Desktop\PIM\NoviPIM\izvoz\magento\1
23:22:43     Izvoz profila MAGENTO_STOCK_PRICES končan: 2071 vrstic v C:\Users\david\Desktop\PIM\NoviPIM\izvoz\magento\2
23:22:46     Izvoz profila MAGENTO_STOCK_PRICES končan: 2488 vrstic v C:\Users\david\Desktop\PIM\NoviPIM\izvoz\magento\3
23:22:47     Izvoz profila MAGENTO_STOCK_PRICES končan: 0 vrstic v C:\Users\david\Desktop\PIM\NoviPIM\izvoz\magento\4
23:22:48     konec: Izvoz cen in zaloge za splet
23:22:48  Zalogovni cikel koncan; padlih korakov: 0.
23:27:28  == Zaloga NW_STOCK ==
23:27:32     [NW_STOCK] preskoceno: Razmik dobavitelja se tece; naslednji prenos po 4. 09. 2026 00:32.
23:27:32     Prevzem koncan: uspesno 0, neuspesno 0, skupaj virov 1.
23:27:34     Prebranih zapisov: 2763; SHA-256: e1ee76c3defb350af2683c6c2839cc48c2025c6056a4fff1656d65428017277b
23:27:35     Ta posnetek je ze v bazi; vir=NW_STOCK, podjetje=1, cas posnetka=2026-09-03 20:32:28Z, uporabljenih=2763, v karanteni=0, RunId=e4fd5233-5a5b-419c-8d16-331b8687da3a. Zapisano ni bilo nic.
23:27:37     Prebranih zapisov: 2763; SHA-256: e1ee76c3defb350af2683c6c2839cc48c2025c6056a4fff1656d65428017277b
23:27:37     Ta posnetek je ze v bazi; vir=NW_STOCK, podjetje=2, cas posnetka=2026-09-03 20:32:28Z, uporabljenih=2763, v karanteni=0, RunId=65a3e486-3f4d-43d0-8aad-e407b31555f2. Zapisano ni bilo nic.
23:27:39     Prebranih zapisov: 2763; SHA-256: e1ee76c3defb350af2683c6c2839cc48c2025c6056a4fff1656d65428017277b
23:27:40     Ta posnetek je ze v bazi; vir=NW_STOCK, podjetje=3, cas posnetka=2026-09-03 20:32:28Z, uporabljenih=2763, v karanteni=0, RunId=ceb0c0b0-c067-4de6-8157-da9ca9685bbd. Zapisano ni bilo nic.
23:27:42     Prebranih zapisov: 2763; SHA-256: e1ee76c3defb350af2683c6c2839cc48c2025c6056a4fff1656d65428017277b
23:27:43     Ta posnetek je ze v bazi; vir=NW_STOCK, podjetje=4, cas posnetka=2026-09-03 20:32:28Z, uporabljenih=2763, v karanteni=0, RunId=0202d45f-f598-4a01-bbe3-6015e2dfbcaa. Zapisano ni bilo nic.
23:27:43     konec: Zaloga NW_STOCK
23:27:43  == Zaloga BT_STOCK ==
23:27:45     SOURCE_FETCH: se ni na vrsti po razporedu; preskoceno.
23:27:46     Prebranih zapisov: 1389; SHA-256: 87dc96ff135a90ff21281cf2e3d01cba9b89e36308560bfd15167c9a03d703ba
23:27:47     STOCK_FILE pri podjetju 1: se ni na vrsti po razporedu; preskoceno.
23:27:49     Prebranih zapisov: 1389; SHA-256: 87dc96ff135a90ff21281cf2e3d01cba9b89e36308560bfd15167c9a03d703ba
23:27:49     STOCK_FILE pri podjetju 2: se ni na vrsti po razporedu; preskoceno.
23:27:51     Prebranih zapisov: 1389; SHA-256: 87dc96ff135a90ff21281cf2e3d01cba9b89e36308560bfd15167c9a03d703ba
23:27:52     STOCK_FILE pri podjetju 3: se ni na vrsti po razporedu; preskoceno.
23:27:54     Prebranih zapisov: 1389; SHA-256: 87dc96ff135a90ff21281cf2e3d01cba9b89e36308560bfd15167c9a03d703ba
23:27:54     STOCK_FILE pri podjetju 4: se ni na vrsti po razporedu; preskoceno.
23:27:54     konec: Zaloga BT_STOCK
23:27:54  == Zaloga iz SAOP (kolicine) ==
23:27:56     [1] SAOP_STOCK: se ni na vrsti po razporedu; preskoceno.
23:27:56     [2] SAOP_STOCK: se ni na vrsti po razporedu; preskoceno.
23:27:56     [3] SAOP_STOCK: se ni na vrsti po razporedu; preskoceno.
23:27:56     [4] SAOP_STOCK: se ni na vrsti po razporedu; preskoceno.
23:27:56     konec: Zaloga iz SAOP (kolicine)
23:27:56  == Izvoz cen in zaloge za splet ==
23:27:58     Izvoz profila MAGENTO_STOCK_PRICES končan: 352 vrstic v C:\Users\david\Desktop\PIM\NoviPIM\izvoz\magento\1
23:28:03     Izvoz profila MAGENTO_STOCK_PRICES končan: 2071 vrstic v C:\Users\david\Desktop\PIM\NoviPIM\izvoz\magento\2
23:28:09     Izvoz profila MAGENTO_STOCK_PRICES končan: 2488 vrstic v C:\Users\david\Desktop\PIM\NoviPIM\izvoz\magento\3
23:28:11     Izvoz profila MAGENTO_STOCK_PRICES končan: 0 vrstic v C:\Users\david\Desktop\PIM\NoviPIM\izvoz\magento\4
23:28:11     konec: Izvoz cen in zaloge za splet
23:28:11  Zalogovni cikel koncan; padlih korakov: 0.
23:32:28  == Zaloga NW_STOCK ==
23:32:32     SOURCE_FETCH: se ni na vrsti po razporedu; preskoceno.
23:32:33     Prebranih zapisov: 2763; SHA-256: e1ee76c3defb350af2683c6c2839cc48c2025c6056a4fff1656d65428017277b
23:32:33     STOCK_FILE pri podjetju 1: se ni na vrsti po razporedu; preskoceno.
23:32:34     Prebranih zapisov: 2763; SHA-256: e1ee76c3defb350af2683c6c2839cc48c2025c6056a4fff1656d65428017277b
23:32:34     STOCK_FILE pri podjetju 2: se ni na vrsti po razporedu; preskoceno.
23:32:35     Prebranih zapisov: 2763; SHA-256: e1ee76c3defb350af2683c6c2839cc48c2025c6056a4fff1656d65428017277b
23:32:35     STOCK_FILE pri podjetju 3: se ni na vrsti po razporedu; preskoceno.
23:32:36     Prebranih zapisov: 2763; SHA-256: e1ee76c3defb350af2683c6c2839cc48c2025c6056a4fff1656d65428017277b
23:32:36     STOCK_FILE pri podjetju 4: se ni na vrsti po razporedu; preskoceno.
23:32:36     konec: Zaloga NW_STOCK
23:32:36  == Zaloga BT_STOCK ==
23:32:37     [BT_STOCK] preskoceno: Razmik dobavitelja se tece; naslednji prenos po 3. 09. 2026 23:42.
23:32:37     Prevzem koncan: uspesno 0, neuspesno 0, skupaj virov 1.
23:32:38     Prebranih zapisov: 1389; SHA-256: 87dc96ff135a90ff21281cf2e3d01cba9b89e36308560bfd15167c9a03d703ba
23:32:38     Ta posnetek je ze v bazi; vir=BT_STOCK, podjetje=1, cas posnetka=2026-09-03 15:17:35Z, uporabljenih=1389, v karanteni=0, RunId=5e288d2d-98ef-40e1-b33c-663e6d513e74. Zapisano ni bilo nic.
23:32:39     Prebranih zapisov: 1389; SHA-256: 87dc96ff135a90ff21281cf2e3d01cba9b89e36308560bfd15167c9a03d703ba
23:32:39     Ta posnetek je ze v bazi; vir=BT_STOCK, podjetje=2, cas posnetka=2026-09-03 15:17:35Z, uporabljenih=1389, v karanteni=0, RunId=3496c976-0c49-45c5-9f74-0ffd35e5d443. Zapisano ni bilo nic.
23:32:40     Prebranih zapisov: 1389; SHA-256: 87dc96ff135a90ff21281cf2e3d01cba9b89e36308560bfd15167c9a03d703ba
23:32:41     Ta posnetek je ze v bazi; vir=BT_STOCK, podjetje=3, cas posnetka=2026-09-03 15:17:35Z, uporabljenih=1389, v karanteni=0, RunId=3dd9ac1c-09dd-4827-b930-eb014cdb2746. Zapisano ni bilo nic.
23:32:41     Prebranih zapisov: 1389; SHA-256: 87dc96ff135a90ff21281cf2e3d01cba9b89e36308560bfd15167c9a03d703ba
23:32:42     STOCK_FILE pri podjetju 4: se ni na vrsti po razporedu; preskoceno.
23:32:42     konec: Zaloga BT_STOCK
23:32:42  == Zaloga iz SAOP (kolicine) ==
23:32:43     [1] SAOP_STOCK: se ni na vrsti po razporedu; preskoceno.
23:32:43     [2] SAOP_STOCK: se ni na vrsti po razporedu; preskoceno.
23:32:43     [3] SAOP_STOCK: se ni na vrsti po razporedu; preskoceno.
23:32:43     [4] SAOP_STOCK: se ni na vrsti po razporedu; preskoceno.
23:32:43     konec: Zaloga iz SAOP (kolicine)
23:32:43  == Izvoz cen in zaloge za splet ==
23:32:45     Izvoz profila MAGENTO_STOCK_PRICES končan: 352 vrstic v C:\Users\david\Desktop\PIM\NoviPIM\izvoz\magento\1
23:32:49     Izvoz profila MAGENTO_STOCK_PRICES končan: 2071 vrstic v C:\Users\david\Desktop\PIM\NoviPIM\izvoz\magento\2
23:32:55     Izvoz profila MAGENTO_STOCK_PRICES končan: 2488 vrstic v C:\Users\david\Desktop\PIM\NoviPIM\izvoz\magento\3
23:32:58     Izvoz profila MAGENTO_STOCK_PRICES končan: 0 vrstic v C:\Users\david\Desktop\PIM\NoviPIM\izvoz\magento\4
23:32:58     konec: Izvoz cen in zaloge za splet
23:32:58  Zalogovni cikel koncan; padlih korakov: 0.
23:37:27  == Zaloga NW_STOCK ==
23:37:28     SOURCE_FETCH: se ni na vrsti po razporedu; preskoceno.
23:37:29     Prebranih zapisov: 2763; SHA-256: e1ee76c3defb350af2683c6c2839cc48c2025c6056a4fff1656d65428017277b
23:37:29     STOCK_FILE pri podjetju 1: se ni na vrsti po razporedu; preskoceno.
23:37:30     Prebranih zapisov: 2763; SHA-256: e1ee76c3defb350af2683c6c2839cc48c2025c6056a4fff1656d65428017277b
23:37:30     STOCK_FILE pri podjetju 2: se ni na vrsti po razporedu; preskoceno.
23:37:31     Prebranih zapisov: 2763; SHA-256: e1ee76c3defb350af2683c6c2839cc48c2025c6056a4fff1656d65428017277b
23:37:31     STOCK_FILE pri podjetju 3: se ni na vrsti po razporedu; preskoceno.
23:37:32     Prebranih zapisov: 2763; SHA-256: e1ee76c3defb350af2683c6c2839cc48c2025c6056a4fff1656d65428017277b
23:37:32     Ta posnetek je ze v bazi; vir=NW_STOCK, podjetje=4, cas posnetka=2026-09-03 20:32:28Z, uporabljenih=2763, v karanteni=0, RunId=0202d45f-f598-4a01-bbe3-6015e2dfbcaa. Zapisano ni bilo nic.
23:37:32     konec: Zaloga NW_STOCK
23:37:32  == Zaloga BT_STOCK ==
23:37:33     SOURCE_FETCH: se ni na vrsti po razporedu; preskoceno.
23:37:34     Prebranih zapisov: 1389; SHA-256: 87dc96ff135a90ff21281cf2e3d01cba9b89e36308560bfd15167c9a03d703ba
23:37:34     STOCK_FILE pri podjetju 1: se ni na vrsti po razporedu; preskoceno.
23:37:35     Prebranih zapisov: 1389; SHA-256: 87dc96ff135a90ff21281cf2e3d01cba9b89e36308560bfd15167c9a03d703ba
23:37:35     STOCK_FILE pri podjetju 2: se ni na vrsti po razporedu; preskoceno.
23:37:36     Prebranih zapisov: 1389; SHA-256: 87dc96ff135a90ff21281cf2e3d01cba9b89e36308560bfd15167c9a03d703ba
23:37:36     STOCK_FILE pri podjetju 3: se ni na vrsti po razporedu; preskoceno.
23:37:37     Prebranih zapisov: 1389; SHA-256: 87dc96ff135a90ff21281cf2e3d01cba9b89e36308560bfd15167c9a03d703ba
23:37:37     STOCK_FILE pri podjetju 4: se ni na vrsti po razporedu; preskoceno.
23:37:37     konec: Zaloga BT_STOCK
23:37:37  == Zaloga iz SAOP (kolicine) ==
23:37:38     [1] SAOP_STOCK: se ni na vrsti po razporedu; preskoceno.
23:37:38     [2] SAOP_STOCK: se ni na vrsti po razporedu; preskoceno.
23:37:38     [3] SAOP_STOCK: se ni na vrsti po razporedu; preskoceno.
23:37:38     [4] SAOP_STOCK: se ni na vrsti po razporedu; preskoceno.
23:37:38     konec: Zaloga iz SAOP (kolicine)
23:37:38  == Izvoz cen in zaloge za splet ==
23:37:40     Izvoz profila MAGENTO_STOCK_PRICES končan: 352 vrstic v C:\Users\david\Desktop\PIM\NoviPIM\izvoz\magento\1
23:37:44     Izvoz profila MAGENTO_STOCK_PRICES končan: 2071 vrstic v C:\Users\david\Desktop\PIM\NoviPIM\izvoz\magento\2
23:37:47     Izvoz profila MAGENTO_STOCK_PRICES končan: 2488 vrstic v C:\Users\david\Desktop\PIM\NoviPIM\izvoz\magento\3
23:37:48     Izvoz profila MAGENTO_STOCK_PRICES končan: 0 vrstic v C:\Users\david\Desktop\PIM\NoviPIM\izvoz\magento\4
23:37:48     konec: Izvoz cen in zaloge za splet
23:37:48  Zalogovni cikel koncan; padlih korakov: 0.
23:42:26  == Zaloga NW_STOCK ==
23:42:27     [NW_STOCK] preskoceno: Razmik dobavitelja se tece; naslednji prenos po 4. 09. 2026 00:32.
23:42:27     Prevzem koncan: uspesno 0, neuspesno 0, skupaj virov 1.
23:42:28     Prebranih zapisov: 2763; SHA-256: e1ee76c3defb350af2683c6c2839cc48c2025c6056a4fff1656d65428017277b
23:42:28     Ta posnetek je ze v bazi; vir=NW_STOCK, podjetje=1, cas posnetka=2026-09-03 20:32:28Z, uporabljenih=2763, v karanteni=0, RunId=e4fd5233-5a5b-419c-8d16-331b8687da3a. Zapisano ni bilo nic.
23:42:29     Prebranih zapisov: 2763; SHA-256: e1ee76c3defb350af2683c6c2839cc48c2025c6056a4fff1656d65428017277b
23:42:29     Ta posnetek je ze v bazi; vir=NW_STOCK, podjetje=2, cas posnetka=2026-09-03 20:32:28Z, uporabljenih=2763, v karanteni=0, RunId=65a3e486-3f4d-43d0-8aad-e407b31555f2. Zapisano ni bilo nic.
23:42:30     Prebranih zapisov: 2763; SHA-256: e1ee76c3defb350af2683c6c2839cc48c2025c6056a4fff1656d65428017277b
23:42:31     Ta posnetek je ze v bazi; vir=NW_STOCK, podjetje=3, cas posnetka=2026-09-03 20:32:28Z, uporabljenih=2763, v karanteni=0, RunId=ceb0c0b0-c067-4de6-8157-da9ca9685bbd. Zapisano ni bilo nic.
23:42:31     Prebranih zapisov: 2763; SHA-256: e1ee76c3defb350af2683c6c2839cc48c2025c6056a4fff1656d65428017277b
23:42:31     STOCK_FILE pri podjetju 4: se ni na vrsti po razporedu; preskoceno.
23:42:31     konec: Zaloga NW_STOCK
23:42:31  == Zaloga BT_STOCK ==
23:42:32     SOURCE_FETCH: se ni na vrsti po razporedu; preskoceno.
23:42:33     Prebranih zapisov: 1389; SHA-256: 87dc96ff135a90ff21281cf2e3d01cba9b89e36308560bfd15167c9a03d703ba
23:42:33     STOCK_FILE pri podjetju 1: se ni na vrsti po razporedu; preskoceno.
23:42:34     Prebranih zapisov: 1389; SHA-256: 87dc96ff135a90ff21281cf2e3d01cba9b89e36308560bfd15167c9a03d703ba
23:42:34     STOCK_FILE pri podjetju 2: se ni na vrsti po razporedu; preskoceno.
23:42:35     Prebranih zapisov: 1389; SHA-256: 87dc96ff135a90ff21281cf2e3d01cba9b89e36308560bfd15167c9a03d703ba
23:42:35     STOCK_FILE pri podjetju 3: se ni na vrsti po razporedu; preskoceno.
23:42:36     Prebranih zapisov: 1389; SHA-256: 87dc96ff135a90ff21281cf2e3d01cba9b89e36308560bfd15167c9a03d703ba
23:42:36     Ta posnetek je ze v bazi; vir=BT_STOCK, podjetje=4, cas posnetka=2026-09-03 15:17:35Z, uporabljenih=1389, v karanteni=0, RunId=bec7f147-9b63-48d7-a0cc-8df0cb029c6c. Zapisano ni bilo nic.
23:42:36     konec: Zaloga BT_STOCK
23:42:36  == Zaloga iz SAOP (kolicine) ==
23:42:37     [1] SAOP_STOCK: se ni na vrsti po razporedu; preskoceno.
23:42:37     [2] SAOP_STOCK: se ni na vrsti po razporedu; preskoceno.
23:42:37     [3] SAOP_STOCK: se ni na vrsti po razporedu; preskoceno.
23:42:37     [4] SAOP_STOCK: se ni na vrsti po razporedu; preskoceno.
23:42:37     konec: Zaloga iz SAOP (kolicine)
23:42:37  == Izvoz cen in zaloge za splet ==
23:42:39     Izvoz profila MAGENTO_STOCK_PRICES končan: 352 vrstic v C:\Users\david\Desktop\PIM\NoviPIM\izvoz\magento\1
23:42:43     Izvoz profila MAGENTO_STOCK_PRICES končan: 2071 vrstic v C:\Users\david\Desktop\PIM\NoviPIM\izvoz\magento\2
23:42:46     Izvoz profila MAGENTO_STOCK_PRICES končan: 2488 vrstic v C:\Users\david\Desktop\PIM\NoviPIM\izvoz\magento\3
23:42:47     Izvoz profila MAGENTO_STOCK_PRICES končan: 0 vrstic v C:\Users\david\Desktop\PIM\NoviPIM\izvoz\magento\4
23:42:47     konec: Izvoz cen in zaloge za splet
23:42:47  Zalogovni cikel koncan; padlih korakov: 0.
23:47:26  == Zaloga NW_STOCK ==
23:47:27     SOURCE_FETCH: se ni na vrsti po razporedu; preskoceno.
23:47:28     Prebranih zapisov: 2763; SHA-256: e1ee76c3defb350af2683c6c2839cc48c2025c6056a4fff1656d65428017277b
23:47:28     STOCK_FILE pri podjetju 1: se ni na vrsti po razporedu; preskoceno.
23:47:29     Prebranih zapisov: 2763; SHA-256: e1ee76c3defb350af2683c6c2839cc48c2025c6056a4fff1656d65428017277b
23:47:29     STOCK_FILE pri podjetju 2: se ni na vrsti po razporedu; preskoceno.
23:47:30     Prebranih zapisov: 2763; SHA-256: e1ee76c3defb350af2683c6c2839cc48c2025c6056a4fff1656d65428017277b
23:47:30     STOCK_FILE pri podjetju 3: se ni na vrsti po razporedu; preskoceno.
23:47:31     Prebranih zapisov: 2763; SHA-256: e1ee76c3defb350af2683c6c2839cc48c2025c6056a4fff1656d65428017277b
23:47:31     STOCK_FILE pri podjetju 4: se ni na vrsti po razporedu; preskoceno.
23:47:31     konec: Zaloga NW_STOCK
23:47:31  == Zaloga BT_STOCK ==
23:47:34     [BT_STOCK] preskoceno: Dobaviteljeva datoteka je nespremenjena; obdrzimo prejsnjo.
23:47:34     Prevzem koncan: uspesno 0, neuspesno 0, skupaj virov 1.
23:47:35     Prebranih zapisov: 1389; SHA-256: 87dc96ff135a90ff21281cf2e3d01cba9b89e36308560bfd15167c9a03d703ba
23:47:35     Ta posnetek je ze v bazi; vir=BT_STOCK, podjetje=1, cas posnetka=2026-09-03 15:17:35Z, uporabljenih=1389, v karanteni=0, RunId=5e288d2d-98ef-40e1-b33c-663e6d513e74. Zapisano ni bilo nic.
23:47:36     Prebranih zapisov: 1389; SHA-256: 87dc96ff135a90ff21281cf2e3d01cba9b89e36308560bfd15167c9a03d703ba
23:47:36     Ta posnetek je ze v bazi; vir=BT_STOCK, podjetje=2, cas posnetka=2026-09-03 15:17:35Z, uporabljenih=1389, v karanteni=0, RunId=3496c976-0c49-45c5-9f74-0ffd35e5d443. Zapisano ni bilo nic.
23:47:37     Prebranih zapisov: 1389; SHA-256: 87dc96ff135a90ff21281cf2e3d01cba9b89e36308560bfd15167c9a03d703ba
23:47:37     Ta posnetek je ze v bazi; vir=BT_STOCK, podjetje=3, cas posnetka=2026-09-03 15:17:35Z, uporabljenih=1389, v karanteni=0, RunId=3dd9ac1c-09dd-4827-b930-eb014cdb2746. Zapisano ni bilo nic.
23:47:38     Prebranih zapisov: 1389; SHA-256: 87dc96ff135a90ff21281cf2e3d01cba9b89e36308560bfd15167c9a03d703ba
23:47:38     Ta posnetek je ze v bazi; vir=BT_STOCK, podjetje=4, cas posnetka=2026-09-03 15:17:35Z, uporabljenih=1389, v karanteni=0, RunId=bec7f147-9b63-48d7-a0cc-8df0cb029c6c. Zapisano ni bilo nic.
23:47:38     konec: Zaloga BT_STOCK
23:47:38  == Zaloga iz SAOP (kolicine) ==
23:47:39     [1] SAOP_STOCK: se ni na vrsti po razporedu; preskoceno.
23:47:39     [2] SAOP_STOCK: se ni na vrsti po razporedu; preskoceno.
23:47:39     [3] SAOP_STOCK: se ni na vrsti po razporedu; preskoceno.
23:47:39     [4] SAOP_STOCK: se ni na vrsti po razporedu; preskoceno.
23:47:39     konec: Zaloga iz SAOP (kolicine)
23:47:39  == Izvoz cen in zaloge za splet ==
23:47:41     Izvoz profila MAGENTO_STOCK_PRICES končan: 352 vrstic v C:\Users\david\Desktop\PIM\NoviPIM\izvoz\magento\1
23:47:44     Izvoz profila MAGENTO_STOCK_PRICES končan: 2071 vrstic v C:\Users\david\Desktop\PIM\NoviPIM\izvoz\magento\2
23:47:48     Izvoz profila MAGENTO_STOCK_PRICES končan: 2488 vrstic v C:\Users\david\Desktop\PIM\NoviPIM\izvoz\magento\3
23:47:49     Izvoz profila MAGENTO_STOCK_PRICES končan: 0 vrstic v C:\Users\david\Desktop\PIM\NoviPIM\izvoz\magento\4
23:47:49     konec: Izvoz cen in zaloge za splet
23:47:49  Zalogovni cikel koncan; padlih korakov: 0.
23:52:26  == Zaloga NW_STOCK ==
23:52:27     SOURCE_FETCH: se ni na vrsti po razporedu; preskoceno.
23:52:28     Prebranih zapisov: 2763; SHA-256: e1ee76c3defb350af2683c6c2839cc48c2025c6056a4fff1656d65428017277b
23:52:28     STOCK_FILE pri podjetju 1: se ni na vrsti po razporedu; preskoceno.
23:52:29     Prebranih zapisov: 2763; SHA-256: e1ee76c3defb350af2683c6c2839cc48c2025c6056a4fff1656d65428017277b
23:52:29     STOCK_FILE pri podjetju 2: se ni na vrsti po razporedu; preskoceno.
23:52:30     Prebranih zapisov: 2763; SHA-256: e1ee76c3defb350af2683c6c2839cc48c2025c6056a4fff1656d65428017277b
23:52:30     STOCK_FILE pri podjetju 3: se ni na vrsti po razporedu; preskoceno.
23:52:31     Prebranih zapisov: 2763; SHA-256: e1ee76c3defb350af2683c6c2839cc48c2025c6056a4fff1656d65428017277b
23:52:31     STOCK_FILE pri podjetju 4: se ni na vrsti po razporedu; preskoceno.
23:52:31     konec: Zaloga NW_STOCK
23:52:31  == Zaloga BT_STOCK ==
23:52:32     SOURCE_FETCH: se ni na vrsti po razporedu; preskoceno.
23:52:33     Prebranih zapisov: 1389; SHA-256: 87dc96ff135a90ff21281cf2e3d01cba9b89e36308560bfd15167c9a03d703ba
23:52:33     STOCK_FILE pri podjetju 1: se ni na vrsti po razporedu; preskoceno.
23:52:34     Prebranih zapisov: 1389; SHA-256: 87dc96ff135a90ff21281cf2e3d01cba9b89e36308560bfd15167c9a03d703ba
23:52:34     STOCK_FILE pri podjetju 2: se ni na vrsti po razporedu; preskoceno.
23:52:35     Prebranih zapisov: 1389; SHA-256: 87dc96ff135a90ff21281cf2e3d01cba9b89e36308560bfd15167c9a03d703ba
23:52:35     STOCK_FILE pri podjetju 3: se ni na vrsti po razporedu; preskoceno.
23:52:36     Prebranih zapisov: 1389; SHA-256: 87dc96ff135a90ff21281cf2e3d01cba9b89e36308560bfd15167c9a03d703ba
23:52:36     STOCK_FILE pri podjetju 4: se ni na vrsti po razporedu; preskoceno.
23:52:36     konec: Zaloga BT_STOCK
23:52:36  == Zaloga iz SAOP (kolicine) ==
23:52:37     [1] SAOP_STOCK: se ni na vrsti po razporedu; preskoceno.
23:52:37     [2] SAOP_STOCK: se ni na vrsti po razporedu; preskoceno.
23:52:37     [3] SAOP_STOCK: se ni na vrsti po razporedu; preskoceno.
23:52:37     [4] SAOP_STOCK: se ni na vrsti po razporedu; preskoceno.
23:52:37     konec: Zaloga iz SAOP (kolicine)
23:52:37  == Izvoz cen in zaloge za splet ==
23:52:39     Izvoz profila MAGENTO_STOCK_PRICES končan: 352 vrstic v C:\Users\david\Desktop\PIM\NoviPIM\izvoz\magento\1
23:52:42     Izvoz profila MAGENTO_STOCK_PRICES končan: 2071 vrstic v C:\Users\david\Desktop\PIM\NoviPIM\izvoz\magento\2
23:52:46     Izvoz profila MAGENTO_STOCK_PRICES končan: 2488 vrstic v C:\Users\david\Desktop\PIM\NoviPIM\izvoz\magento\3
23:52:47     Izvoz profila MAGENTO_STOCK_PRICES končan: 0 vrstic v C:\Users\david\Desktop\PIM\NoviPIM\izvoz\magento\4
23:52:47     konec: Izvoz cen in zaloge za splet
23:52:47  Zalogovni cikel koncan; padlih korakov: 0.
23:57:26  == Zaloga NW_STOCK ==
23:57:27     [NW_STOCK] preskoceno: Razmik dobavitelja se tece; naslednji prenos po 4. 09. 2026 00:32.
23:57:27     Prevzem koncan: uspesno 0, neuspesno 0, skupaj virov 1.
23:57:28     Prebranih zapisov: 2763; SHA-256: e1ee76c3defb350af2683c6c2839cc48c2025c6056a4fff1656d65428017277b
23:57:28     Ta posnetek je ze v bazi; vir=NW_STOCK, podjetje=1, cas posnetka=2026-09-03 20:32:28Z, uporabljenih=2763, v karanteni=0, RunId=e4fd5233-5a5b-419c-8d16-331b8687da3a. Zapisano ni bilo nic.
23:57:29     Prebranih zapisov: 2763; SHA-256: e1ee76c3defb350af2683c6c2839cc48c2025c6056a4fff1656d65428017277b
23:57:29     Ta posnetek je ze v bazi; vir=NW_STOCK, podjetje=2, cas posnetka=2026-09-03 20:32:28Z, uporabljenih=2763, v karanteni=0, RunId=65a3e486-3f4d-43d0-8aad-e407b31555f2. Zapisano ni bilo nic.
23:57:30     Prebranih zapisov: 2763; SHA-256: e1ee76c3defb350af2683c6c2839cc48c2025c6056a4fff1656d65428017277b
23:57:30     Ta posnetek je ze v bazi; vir=NW_STOCK, podjetje=3, cas posnetka=2026-09-03 20:32:28Z, uporabljenih=2763, v karanteni=0, RunId=ceb0c0b0-c067-4de6-8157-da9ca9685bbd. Zapisano ni bilo nic.
23:57:31     Prebranih zapisov: 2763; SHA-256: e1ee76c3defb350af2683c6c2839cc48c2025c6056a4fff1656d65428017277b
23:57:32     Ta posnetek je ze v bazi; vir=NW_STOCK, podjetje=4, cas posnetka=2026-09-03 20:32:28Z, uporabljenih=2763, v karanteni=0, RunId=0202d45f-f598-4a01-bbe3-6015e2dfbcaa. Zapisano ni bilo nic.
23:57:32     konec: Zaloga NW_STOCK
23:57:32  == Zaloga BT_STOCK ==
23:57:32     SOURCE_FETCH: se ni na vrsti po razporedu; preskoceno.
23:57:33     Prebranih zapisov: 1389; SHA-256: 87dc96ff135a90ff21281cf2e3d01cba9b89e36308560bfd15167c9a03d703ba
23:57:34     STOCK_FILE pri podjetju 1: se ni na vrsti po razporedu; preskoceno.
23:57:34     Prebranih zapisov: 1389; SHA-256: 87dc96ff135a90ff21281cf2e3d01cba9b89e36308560bfd15167c9a03d703ba
23:57:34     STOCK_FILE pri podjetju 2: se ni na vrsti po razporedu; preskoceno.
23:57:35     Prebranih zapisov: 1389; SHA-256: 87dc96ff135a90ff21281cf2e3d01cba9b89e36308560bfd15167c9a03d703ba
23:57:35     STOCK_FILE pri podjetju 3: se ni na vrsti po razporedu; preskoceno.
23:57:36     Prebranih zapisov: 1389; SHA-256: 87dc96ff135a90ff21281cf2e3d01cba9b89e36308560bfd15167c9a03d703ba
23:57:36     STOCK_FILE pri podjetju 4: se ni na vrsti po razporedu; preskoceno.
23:57:36     konec: Zaloga BT_STOCK
23:57:36  == Zaloga iz SAOP (kolicine) ==
23:57:37     [1] SAOP_STOCK: se ni na vrsti po razporedu; preskoceno.
23:57:37     [2] SAOP_STOCK: se ni na vrsti po razporedu; preskoceno.
23:57:37     [3] SAOP_STOCK: se ni na vrsti po razporedu; preskoceno.
23:57:37     [4] SAOP_STOCK: se ni na vrsti po razporedu; preskoceno.
23:57:37     konec: Zaloga iz SAOP (kolicine)
23:57:37  == Izvoz cen in zaloge za splet ==
23:57:39     Izvoz profila MAGENTO_STOCK_PRICES končan: 352 vrstic v C:\Users\david\Desktop\PIM\NoviPIM\izvoz\magento\1
23:57:43     Izvoz profila MAGENTO_STOCK_PRICES končan: 2071 vrstic v C:\Users\david\Desktop\PIM\NoviPIM\izvoz\magento\2
23:57:46     Izvoz profila MAGENTO_STOCK_PRICES končan: 2488 vrstic v C:\Users\david\Desktop\PIM\NoviPIM\izvoz\magento\3
23:57:47     Izvoz profila MAGENTO_STOCK_PRICES končan: 0 vrstic v C:\Users\david\Desktop\PIM\NoviPIM\izvoz\magento\4
23:57:47     konec: Izvoz cen in zaloge za splet
23:57:47  Zalogovni cikel koncan; padlih korakov: 0.
