17:00:29  == Zaloga NW_STOCK ==
17:00:39     [NW_STOCK] preskoceno: Poverilnice niso nastavljene — vpisi jih v appsettings.Local.json pod Fetch:NW_STOCK.
17:00:39     Prevzem koncan: uspesno 0, neuspesno 0, skupaj virov 1.
17:00:50     Prebranih zapisov: 2762; SHA-256: 2944665c56c7c06eac4a13061e2d3a8a4dfe61b850297662c855e2c7a7c6435c
17:00:53     Ta posnetek je ze v bazi; vir=NW_STOCK, podjetje=1, cas posnetka=2026-09-15 17:52:43Z, uporabljenih=2762, v karanteni=0, RunId=459c27f4-39c8-4ab1-99d8-8f15b4ff7683. Zapisano ni bilo nic.
17:01:40     Prebranih zapisov: 2762; SHA-256: 2944665c56c7c06eac4a13061e2d3a8a4dfe61b850297662c855e2c7a7c6435c
17:01:42     Ta posnetek je ze v bazi; vir=NW_STOCK, podjetje=2, cas posnetka=2026-09-15 17:52:43Z, uporabljenih=2762, v karanteni=0, RunId=de6757e4-c970-4ca3-8858-d89042caf81f. Zapisano ni bilo nic.
17:01:48     Prebranih zapisov: 2762; SHA-256: 2944665c56c7c06eac4a13061e2d3a8a4dfe61b850297662c855e2c7a7c6435c
17:01:49     Ta posnetek je ze v bazi; vir=NW_STOCK, podjetje=3, cas posnetka=2026-09-15 17:52:43Z, uporabljenih=2762, v karanteni=0, RunId=8a508903-792e-4631-94fe-be541ec5c291. Zapisano ni bilo nic.
17:01:59     Prebranih zapisov: 2762; SHA-256: 2944665c56c7c06eac4a13061e2d3a8a4dfe61b850297662c855e2c7a7c6435c
17:02:01     Ta posnetek je ze v bazi; vir=NW_STOCK, podjetje=4, cas posnetka=2026-09-15 17:52:43Z, uporabljenih=2762, v karanteni=0, RunId=d78dceff-7a9e-427b-bce2-13cf57ed279d. Zapisano ni bilo nic.
17:02:01     konec: Zaloga NW_STOCK
17:02:01  == Zaloga BT_STOCK ==
17:02:04     SOURCE_FETCH: se ni na vrsti po razporedu; preskoceno.
17:02:06     Prebranih zapisov: 1389; SHA-256: 94b795fed5c0e61f34d203f9295b09140639e3376e4e771b86fcc1450fad2c35
17:02:06     STOCK_FILE pri podjetju 1: se ni na vrsti po razporedu; preskoceno.
17:02:08     Prebranih zapisov: 1389; SHA-256: 94b795fed5c0e61f34d203f9295b09140639e3376e4e771b86fcc1450fad2c35
17:02:08     STOCK_FILE pri podjetju 2: se ni na vrsti po razporedu; preskoceno.
17:02:09     Prebranih zapisov: 1389; SHA-256: 94b795fed5c0e61f34d203f9295b09140639e3376e4e771b86fcc1450fad2c35
17:02:09     STOCK_FILE pri podjetju 3: se ni na vrsti po razporedu; preskoceno.
17:02:10     Prebranih zapisov: 1389; SHA-256: 94b795fed5c0e61f34d203f9295b09140639e3376e4e771b86fcc1450fad2c35
17:02:11     STOCK_FILE pri podjetju 4: se ni na vrsti po razporedu; preskoceno.
17:02:11     konec: Zaloga BT_STOCK
17:02:11  == Zaloga iz SAOP (kolicine) ==
17:02:36     STDERR: [1] NAPAKA: A connection attempt failed because the connected party did not properly respond after a period of time, or established connection failed because connected host has failed to respond. (192.168.178.12:81)
17:02:57     STDERR: [2] NAPAKA: A connection attempt failed because the connected party did not properly respond after a period of time, or established connection failed because connected host has failed to respond. (192.168.178.12:81)
17:03:18     STDERR: [3] NAPAKA: A connection attempt failed because the connected party did not properly respond after a period of time, or established connection failed because connected host has failed to respond. (192.168.178.12:81)
17:03:39     STDERR: [4] NAPAKA: A connection attempt failed because the connected party did not properly respond after a period of time, or established connection failed because connected host has failed to respond. (192.168.178.12:81)
17:03:39     NAPAKA: worker workers\PIM.SaopStockWorker je koncal z izhodno kodo 1
17:03:39  == Osvezitev cen kataloga ==
17:03:40     Živ SAOP zajem: podjetij=4, končnih točk=1, delta zajem, razpored=SAOP_PRICES.
17:03:40     [2] IQLighting (SAOP_IQLIGHTING)
17:04:02     STDERR:   Cenikov ni bilo mogoče prebrati (A connection attempt failed because the connected party did not properly respond after a period of time, or established connection failed because connected host has failed to respond. (192.168.178.12:81)); GetPrices bo preskočen.
17:04:02       GetPrices: NAPAKA [0,0 s] — GetPrices: ni razpoložljivih cenikov (api/pricelists je vrnil prazen seznam ali ga ni bilo mogoče doseči) — zajem preskočen, mejnik nespremenjen.
17:04:02       SKUPAJ strani=0 zapisov=0 RunId=41b1df6c-d7e8-498b-bb66-c34693cff598
17:04:02     [3] Vidadria (SAOP_VIDADRIA)
17:04:23     STDERR:   Cenikov ni bilo mogoče prebrati (A connection attempt failed because the connected party did not properly respond after a period of time, or established connection failed because connected host has failed to respond. (192.168.178.12:81)); GetPrices bo preskočen.
17:04:23       GetPrices: NAPAKA [0,0 s] — GetPrices: ni razpoložljivih cenikov (api/pricelists je vrnil prazen seznam ali ga ni bilo mogoče doseči) — zajem preskočen, mejnik nespremenjen.
17:04:23       SKUPAJ strani=0 zapisov=0 RunId=f5203b50-f583-4d3b-961e-70b4b4cd7e82
17:04:23     [4] Ediito (SAOP_EDIITO)
17:04:44     STDERR:   Cenikov ni bilo mogoče prebrati (A connection attempt failed because the connected party did not properly respond after a period of time, or established connection failed because connected host has failed to respond. (192.168.178.12:81)); GetPrices bo preskočen.
17:04:44       GetPrices: NAPAKA [0,0 s] — GetPrices: ni razpoložljivih cenikov (api/pricelists je vrnil prazen seznam ali ga ni bilo mogoče doseči) — zajem preskočen, mejnik nespremenjen.
17:04:44       SKUPAJ strani=0 zapisov=0 RunId=5e30a46e-beb3-42cd-b701-4696f233ba4a
17:04:44     [1] DEMO (SAOP_DEMO)
17:05:05     STDERR:   Cenikov ni bilo mogoče prebrati (A connection attempt failed because the connected party did not properly respond after a period of time, or established connection failed because connected host has failed to respond. (192.168.178.12:81)); GetPrices bo preskočen.
17:05:05       GetPrices: NAPAKA [0,0 s] — GetPrices: ni razpoložljivih cenikov (api/pricelists je vrnil prazen seznam ali ga ni bilo mogoče doseči) — zajem preskočen, mejnik nespremenjen.
17:05:05       SKUPAJ strani=0 zapisov=0 RunId=6b5288bd-dc2d-4b31-8e75-b842b7db4b3d
17:05:06     NAPAKA: worker workers\PIM.KatalogWorker je koncal z izhodno kodo 1
17:05:06  == Izvoz cen in zaloge za splet ==
17:05:12     Izvoz profila MAGENTO_STOCK_PRICES končan: 11435 vrstic v C:\Users\david\Desktop\PIM\NoviPIM\izvoz\magento\1
17:05:34     Izvoz profila MAGENTO_STOCK_PRICES končan: 89652 vrstic v C:\Users\david\Desktop\PIM\NoviPIM\izvoz\magento\2
17:05:43     Izvoz profila MAGENTO_STOCK_PRICES končan: 18683 vrstic v C:\Users\david\Desktop\PIM\NoviPIM\izvoz\magento\3
17:05:53     Izvoz profila MAGENTO_STOCK_PRICES končan: 35650 vrstic v C:\Users\david\Desktop\PIM\NoviPIM\izvoz\magento\4
17:05:54     konec: Izvoz cen in zaloge za splet
17:05:54  == Osvezitev kataloga in strank s cenami in zalogo (podjetje 2) ==
17:07:17     Magento CSV izvoz končan: C:\Users\david\Desktop\PIM\NoviPIM\izvoz\magento
17:07:17     konec: Osvezitev kataloga in strank s cenami in zalogo (podjetje 2)
17:07:17  Zalogovni cikel koncan; padlih korakov: 2.
17:10:17  == Zaloga NW_STOCK ==
17:10:22     SOURCE_FETCH: se ni na vrsti po razporedu; preskoceno.
17:10:23     Prebranih zapisov: 2762; SHA-256: 746092adc9397b309fddffe4f8a1d6469614ce2396ea9838b2db1e1095d41559
17:10:24     STOCK_FILE pri podjetju 1: se ni na vrsti po razporedu; preskoceno.
17:10:25     Prebranih zapisov: 2762; SHA-256: 746092adc9397b309fddffe4f8a1d6469614ce2396ea9838b2db1e1095d41559
17:10:25     STOCK_FILE pri podjetju 2: se ni na vrsti po razporedu; preskoceno.
17:10:26     Prebranih zapisov: 2762; SHA-256: 746092adc9397b309fddffe4f8a1d6469614ce2396ea9838b2db1e1095d41559
17:10:26     STOCK_FILE pri podjetju 3: se ni na vrsti po razporedu; preskoceno.
17:10:27     Prebranih zapisov: 2762; SHA-256: 746092adc9397b309fddffe4f8a1d6469614ce2396ea9838b2db1e1095d41559
17:10:27     STOCK_FILE pri podjetju 4: se ni na vrsti po razporedu; preskoceno.
17:10:27     konec: Zaloga NW_STOCK
17:10:27  == Zaloga BT_STOCK ==
17:10:28     SOURCE_FETCH: se ni na vrsti po razporedu; preskoceno.
17:10:29     Prebranih zapisov: 1389; SHA-256: 6698019c346705d3b9d19eee8d7a34a628cfee93615acac603b2d6f2cb666cdf
17:10:29     STOCK_FILE pri podjetju 1: se ni na vrsti po razporedu; preskoceno.
17:10:30     Prebranih zapisov: 1389; SHA-256: 6698019c346705d3b9d19eee8d7a34a628cfee93615acac603b2d6f2cb666cdf
17:10:30     STOCK_FILE pri podjetju 2: se ni na vrsti po razporedu; preskoceno.
17:10:31     Prebranih zapisov: 1389; SHA-256: 6698019c346705d3b9d19eee8d7a34a628cfee93615acac603b2d6f2cb666cdf
17:10:31     STOCK_FILE pri podjetju 3: se ni na vrsti po razporedu; preskoceno.
17:10:32     Prebranih zapisov: 1389; SHA-256: 6698019c346705d3b9d19eee8d7a34a628cfee93615acac603b2d6f2cb666cdf
17:10:32     STOCK_FILE pri podjetju 4: se ni na vrsti po razporedu; preskoceno.
17:10:32     konec: Zaloga BT_STOCK
17:10:32  == Zaloga iz SAOP (kolicine) ==
17:10:34     [1] SAOP_STOCK: se ni na vrsti po razporedu; preskoceno.
17:10:34     [2] SAOP_STOCK: se ni na vrsti po razporedu; preskoceno.
17:10:34     [3] SAOP_STOCK: se ni na vrsti po razporedu; preskoceno.
17:10:39     STDERR: [4] SAOP_STOCK ze tece; ta zagon se je umaknil.
17:10:39     NAPAKA: worker workers\PIM.SaopStockWorker je koncal z izhodno kodo 1
17:10:39  == Osvezitev cen kataloga ==
17:10:40     Živ SAOP zajem: podjetij=4, končnih točk=1, delta zajem, razpored=SAOP_PRICES.
17:10:40     [2] IQLighting (SAOP_IQLIGHTING)
17:11:01     STDERR:   Cenikov ni bilo mogoče prebrati (A connection attempt failed because the connected party did not properly respond after a period of time, or established connection failed because connected host has failed to respond. (192.168.178.12:81)); GetPrices bo preskočen.
17:11:01       GetPrices: NAPAKA [0,0 s] — GetPrices: ni razpoložljivih cenikov (api/pricelists je vrnil prazen seznam ali ga ni bilo mogoče doseči) — zajem preskočen, mejnik nespremenjen.
17:11:02       SKUPAJ strani=0 zapisov=0 RunId=32d98d5c-3c29-4a52-9448-188f1478c6bb
17:11:02     [3] Vidadria (SAOP_VIDADRIA)
17:11:23     STDERR:   Cenikov ni bilo mogoče prebrati (A connection attempt failed because the connected party did not properly respond after a period of time, or established connection failed because connected host has failed to respond. (192.168.178.12:81)); GetPrices bo preskočen.
17:11:23       GetPrices: NAPAKA [0,0 s] — GetPrices: ni razpoložljivih cenikov (api/pricelists je vrnil prazen seznam ali ga ni bilo mogoče doseči) — zajem preskočen, mejnik nespremenjen.
17:11:23       SKUPAJ strani=0 zapisov=0 RunId=c38caf75-3b8c-490b-9913-1568a4f6e519
17:11:23     [4] Ediito (SAOP_EDIITO)
17:11:44     STDERR:   Cenikov ni bilo mogoče prebrati (A connection attempt failed because the connected party did not properly respond after a period of time, or established connection failed because connected host has failed to respond. (192.168.178.12:81)); GetPrices bo preskočen.
17:11:44       GetPrices: NAPAKA [0,0 s] — GetPrices: ni razpoložljivih cenikov (api/pricelists je vrnil prazen seznam ali ga ni bilo mogoče doseči) — zajem preskočen, mejnik nespremenjen.
17:11:44       SKUPAJ strani=0 zapisov=0 RunId=4a3eda40-5263-48a9-ac17-6dc7dbfba87a
17:11:44     [1] DEMO (SAOP_DEMO)
17:12:05     STDERR:   Cenikov ni bilo mogoče prebrati (A connection attempt failed because the connected party did not properly respond after a period of time, or established connection failed because connected host has failed to respond. (192.168.178.12:81)); GetPrices bo preskočen.
17:12:05       GetPrices: NAPAKA [0,0 s] — GetPrices: ni razpoložljivih cenikov (api/pricelists je vrnil prazen seznam ali ga ni bilo mogoče doseči) — zajem preskočen, mejnik nespremenjen.
17:12:06       SKUPAJ strani=0 zapisov=0 RunId=fff939d5-0b2e-4dee-ac54-f133455654d9
17:12:06     NAPAKA: worker workers\PIM.KatalogWorker je koncal z izhodno kodo 1
17:12:06  == Izvoz cen in zaloge za splet ==
17:12:16     Izvoz profila MAGENTO_STOCK_PRICES končan: 11435 vrstic v C:\Users\david\Desktop\PIM\NoviPIM\izvoz\magento\1
17:12:47     Izvoz profila MAGENTO_STOCK_PRICES končan: 89652 vrstic v C:\Users\david\Desktop\PIM\NoviPIM\izvoz\magento\2
17:12:58     Izvoz profila MAGENTO_STOCK_PRICES končan: 18683 vrstic v C:\Users\david\Desktop\PIM\NoviPIM\izvoz\magento\3
17:13:12     Izvoz profila MAGENTO_STOCK_PRICES končan: 35650 vrstic v C:\Users\david\Desktop\PIM\NoviPIM\izvoz\magento\4
17:13:12     konec: Izvoz cen in zaloge za splet
17:13:12  == Osvezitev kataloga in strank s cenami in zalogo (podjetje 2) ==
17:15:00     Magento CSV izvoz končan: C:\Users\david\Desktop\PIM\NoviPIM\izvoz\magento
17:15:00     konec: Osvezitev kataloga in strank s cenami in zalogo (podjetje 2)
17:15:00  Zalogovni cikel koncan; padlih korakov: 2.
17:15:14  == Zaloga NW_STOCK ==
17:15:16     [NW_STOCK] preskoceno: Razmik dobavitelja se tece; naslednji prenos po 17. 09. 2026 19:08.
17:15:16     Prevzem koncan: uspesno 0, neuspesno 0, skupaj virov 1.
17:15:17     Prebranih zapisov: 2762; SHA-256: 746092adc9397b309fddffe4f8a1d6469614ce2396ea9838b2db1e1095d41559
17:15:18     Ta posnetek je ze v bazi; vir=NW_STOCK, podjetje=1, cas posnetka=2026-09-17 15:08:11Z, uporabljenih=2762, v karanteni=0, RunId=6e357333-48e0-413e-9a6e-6afe2f340d5a. Zapisano ni bilo nic.
17:15:19     Prebranih zapisov: 2762; SHA-256: 746092adc9397b309fddffe4f8a1d6469614ce2396ea9838b2db1e1095d41559
17:15:19     Ta posnetek je ze v bazi; vir=NW_STOCK, podjetje=2, cas posnetka=2026-09-17 15:08:11Z, uporabljenih=2762, v karanteni=0, RunId=d23087be-a838-40b8-b0d7-5077d0ec40a5. Zapisano ni bilo nic.
17:15:20     Prebranih zapisov: 2762; SHA-256: 746092adc9397b309fddffe4f8a1d6469614ce2396ea9838b2db1e1095d41559
17:15:20     Ta posnetek je ze v bazi; vir=NW_STOCK, podjetje=3, cas posnetka=2026-09-17 15:08:11Z, uporabljenih=2762, v karanteni=0, RunId=f2a38d3a-2bb5-4f9d-9f95-ebdfdd5a8a3a. Zapisano ni bilo nic.
17:15:21     Prebranih zapisov: 2762; SHA-256: 746092adc9397b309fddffe4f8a1d6469614ce2396ea9838b2db1e1095d41559
17:15:22     Ta posnetek je ze v bazi; vir=NW_STOCK, podjetje=4, cas posnetka=2026-09-17 15:08:11Z, uporabljenih=2762, v karanteni=0, RunId=67a1ebb2-06b3-4823-a16a-78baeb97eb80. Zapisano ni bilo nic.
17:15:22     konec: Zaloga NW_STOCK
17:15:22  == Zaloga BT_STOCK ==
17:15:25     SOURCE_FETCH: se ni na vrsti po razporedu; preskoceno.
17:15:27     Prebranih zapisov: 1389; SHA-256: 6698019c346705d3b9d19eee8d7a34a628cfee93615acac603b2d6f2cb666cdf
17:15:27     STOCK_FILE pri podjetju 1: se ni na vrsti po razporedu; preskoceno.
17:15:28     Prebranih zapisov: 1389; SHA-256: 6698019c346705d3b9d19eee8d7a34a628cfee93615acac603b2d6f2cb666cdf
17:15:28     STOCK_FILE pri podjetju 2: se ni na vrsti po razporedu; preskoceno.
17:15:29     Prebranih zapisov: 1389; SHA-256: 6698019c346705d3b9d19eee8d7a34a628cfee93615acac603b2d6f2cb666cdf
17:15:29     STOCK_FILE pri podjetju 3: se ni na vrsti po razporedu; preskoceno.
17:15:32     Prebranih zapisov: 1389; SHA-256: 6698019c346705d3b9d19eee8d7a34a628cfee93615acac603b2d6f2cb666cdf
17:15:33     STOCK_FILE pri podjetju 4: se ni na vrsti po razporedu; preskoceno.
17:15:33     konec: Zaloga BT_STOCK
17:15:33  == Zaloga iz SAOP (kolicine) ==
17:15:56     STDERR: [1] NAPAKA: A connection attempt failed because the connected party did not properly respond after a period of time, or established connection failed because connected host has failed to respond. (192.168.178.12:81)
17:16:17     STDERR: [2] NAPAKA: A connection attempt failed because the connected party did not properly respond after a period of time, or established connection failed because connected host has failed to respond. (192.168.178.12:81)
17:16:38     STDERR: [3] NAPAKA: A connection attempt failed because the connected party did not properly respond after a period of time, or established connection failed because connected host has failed to respond. (192.168.178.12:81)
17:16:59     STDERR: [4] NAPAKA: A connection attempt failed because the connected party did not properly respond after a period of time, or established connection failed because connected host has failed to respond. (192.168.178.12:81)
17:17:00     NAPAKA: worker workers\PIM.SaopStockWorker je koncal z izhodno kodo 1
17:17:00  == Osvezitev cen kataloga ==
17:17:02     Živ SAOP zajem: podjetij=4, končnih točk=1, delta zajem, razpored=SAOP_PRICES.
17:17:02     [2] IQLighting (SAOP_IQLIGHTING)
17:17:24     STDERR:   Cenikov ni bilo mogoče prebrati (A connection attempt failed because the connected party did not properly respond after a period of time, or established connection failed because connected host has failed to respond. (192.168.178.12:81)); GetPrices bo preskočen.
17:17:24       GetPrices: NAPAKA [0,0 s] — GetPrices: ni razpoložljivih cenikov (api/pricelists je vrnil prazen seznam ali ga ni bilo mogoče doseči) — zajem preskočen, mejnik nespremenjen.
17:17:24       SKUPAJ strani=0 zapisov=0 RunId=e858de83-24c9-4826-aaf2-616538b70c7a
17:17:24     [3] Vidadria (SAOP_VIDADRIA)
17:17:45     STDERR:   Cenikov ni bilo mogoče prebrati (A connection attempt failed because the connected party did not properly respond after a period of time, or established connection failed because connected host has failed to respond. (192.168.178.12:81)); GetPrices bo preskočen.
17:17:45       GetPrices: NAPAKA [0,0 s] — GetPrices: ni razpoložljivih cenikov (api/pricelists je vrnil prazen seznam ali ga ni bilo mogoče doseči) — zajem preskočen, mejnik nespremenjen.
17:17:45       SKUPAJ strani=0 zapisov=0 RunId=ea22df2e-492b-4731-94f8-169823323a3a
17:17:45     [4] Ediito (SAOP_EDIITO)
17:18:06     STDERR:   Cenikov ni bilo mogoče prebrati (A connection attempt failed because the connected party did not properly respond after a period of time, or established connection failed because connected host has failed to respond. (192.168.178.12:81)); GetPrices bo preskočen.
17:18:06       GetPrices: NAPAKA [0,0 s] — GetPrices: ni razpoložljivih cenikov (api/pricelists je vrnil prazen seznam ali ga ni bilo mogoče doseči) — zajem preskočen, mejnik nespremenjen.
17:18:06       SKUPAJ strani=0 zapisov=0 RunId=26e56120-4a46-4773-b8d9-cc8c15465b12
17:18:06     [1] DEMO (SAOP_DEMO)
17:18:27     STDERR:   Cenikov ni bilo mogoče prebrati (A connection attempt failed because the connected party did not properly respond after a period of time, or established connection failed because connected host has failed to respond. (192.168.178.12:81)); GetPrices bo preskočen.
17:18:27       GetPrices: NAPAKA [0,0 s] — GetPrices: ni razpoložljivih cenikov (api/pricelists je vrnil prazen seznam ali ga ni bilo mogoče doseči) — zajem preskočen, mejnik nespremenjen.
17:18:27       SKUPAJ strani=0 zapisov=0 RunId=436b3b46-5c13-446f-ad66-5724ca7bca92
17:18:27     NAPAKA: worker workers\PIM.KatalogWorker je koncal z izhodno kodo 1
17:18:27  == Izvoz cen in zaloge za splet ==
17:18:33     Izvoz profila MAGENTO_STOCK_PRICES končan: 11435 vrstic v C:\Users\david\Desktop\PIM\NoviPIM\izvoz\magento\1
17:18:54     Izvoz profila MAGENTO_STOCK_PRICES končan: 89652 vrstic v C:\Users\david\Desktop\PIM\NoviPIM\izvoz\magento\2
17:19:02     Izvoz profila MAGENTO_STOCK_PRICES končan: 18683 vrstic v C:\Users\david\Desktop\PIM\NoviPIM\izvoz\magento\3
17:19:11     Izvoz profila MAGENTO_STOCK_PRICES končan: 35650 vrstic v C:\Users\david\Desktop\PIM\NoviPIM\izvoz\magento\4
17:19:12     konec: Izvoz cen in zaloge za splet
17:19:12  == Osvezitev kataloga in strank s cenami in zalogo (podjetje 2) ==
17:20:22     Magento CSV izvoz končan: C:\Users\david\Desktop\PIM\NoviPIM\izvoz\magento
17:20:22     konec: Osvezitev kataloga in strank s cenami in zalogo (podjetje 2)
17:20:22  Zalogovni cikel koncan; padlih korakov: 2.
17:25:17  == Zaloga NW_STOCK ==
17:25:18     [NW_STOCK] preskoceno: Razmik dobavitelja se tece; naslednji prenos po 17. 09. 2026 19:08.
17:25:18     Prevzem koncan: uspesno 0, neuspesno 0, skupaj virov 1.
17:25:19     Prebranih zapisov: 2762; SHA-256: 746092adc9397b309fddffe4f8a1d6469614ce2396ea9838b2db1e1095d41559
17:25:19     Ta posnetek je ze v bazi; vir=NW_STOCK, podjetje=1, cas posnetka=2026-09-17 15:08:11Z, uporabljenih=2762, v karanteni=0, RunId=6e357333-48e0-413e-9a6e-6afe2f340d5a. Zapisano ni bilo nic.
17:25:20     Prebranih zapisov: 2762; SHA-256: 746092adc9397b309fddffe4f8a1d6469614ce2396ea9838b2db1e1095d41559
17:25:20     Ta posnetek je ze v bazi; vir=NW_STOCK, podjetje=2, cas posnetka=2026-09-17 15:08:11Z, uporabljenih=2762, v karanteni=0, RunId=d23087be-a838-40b8-b0d7-5077d0ec40a5. Zapisano ni bilo nic.
17:25:21     Prebranih zapisov: 2762; SHA-256: 746092adc9397b309fddffe4f8a1d6469614ce2396ea9838b2db1e1095d41559
17:25:21     Ta posnetek je ze v bazi; vir=NW_STOCK, podjetje=3, cas posnetka=2026-09-17 15:08:11Z, uporabljenih=2762, v karanteni=0, RunId=f2a38d3a-2bb5-4f9d-9f95-ebdfdd5a8a3a. Zapisano ni bilo nic.
17:25:22     Prebranih zapisov: 2762; SHA-256: 746092adc9397b309fddffe4f8a1d6469614ce2396ea9838b2db1e1095d41559
17:25:23     Ta posnetek je ze v bazi; vir=NW_STOCK, podjetje=4, cas posnetka=2026-09-17 15:08:11Z, uporabljenih=2762, v karanteni=0, RunId=67a1ebb2-06b3-4823-a16a-78baeb97eb80. Zapisano ni bilo nic.
17:25:23     konec: Zaloga NW_STOCK
17:25:23  == Zaloga BT_STOCK ==
17:25:24     SOURCE_FETCH: se ni na vrsti po razporedu; preskoceno.
17:25:24     Prebranih zapisov: 1389; SHA-256: 6698019c346705d3b9d19eee8d7a34a628cfee93615acac603b2d6f2cb666cdf
17:25:25     STOCK_FILE pri podjetju 1: se ni na vrsti po razporedu; preskoceno.
17:25:25     Prebranih zapisov: 1389; SHA-256: 6698019c346705d3b9d19eee8d7a34a628cfee93615acac603b2d6f2cb666cdf
17:25:26     STOCK_FILE pri podjetju 2: se ni na vrsti po razporedu; preskoceno.
17:25:26     Prebranih zapisov: 1389; SHA-256: 6698019c346705d3b9d19eee8d7a34a628cfee93615acac603b2d6f2cb666cdf
17:25:27     STOCK_FILE pri podjetju 3: se ni na vrsti po razporedu; preskoceno.
17:25:27     Prebranih zapisov: 1389; SHA-256: 6698019c346705d3b9d19eee8d7a34a628cfee93615acac603b2d6f2cb666cdf
17:25:28     STOCK_FILE pri podjetju 4: se ni na vrsti po razporedu; preskoceno.
17:25:28     konec: Zaloga BT_STOCK
17:25:28  == Zaloga iz SAOP (kolicine) ==
17:25:50     STDERR: [1] NAPAKA: A connection attempt failed because the connected party did not properly respond after a period of time, or established connection failed because connected host has failed to respond. (192.168.178.12:81)
17:26:11     STDERR: [2] NAPAKA: A connection attempt failed because the connected party did not properly respond after a period of time, or established connection failed because connected host has failed to respond. (192.168.178.12:81)
17:26:32     STDERR: [3] NAPAKA: A connection attempt failed because the connected party did not properly respond after a period of time, or established connection failed because connected host has failed to respond. (192.168.178.12:81)
17:26:53     STDERR: [4] NAPAKA: A connection attempt failed because the connected party did not properly respond after a period of time, or established connection failed because connected host has failed to respond. (192.168.178.12:81)
17:26:53     NAPAKA: worker PIM.SaopStockWorker je koncal z izhodno kodo 1
17:26:53  == Osvezitev cen kataloga ==
17:26:54     Živ SAOP zajem: podjetij=4, končnih točk=1, delta zajem, razpored=SAOP_PRICES.
17:26:54     [2] IQLighting (SAOP_IQLIGHTING)
17:27:15     STDERR:   Cenikov ni bilo mogoče prebrati (A connection attempt failed because the connected party did not properly respond after a period of time, or established connection failed because connected host has failed to respond. (192.168.178.12:81)); GetPrices bo preskočen.
17:27:15       GetPrices: NAPAKA [0,0 s] — GetPrices: ni razpoložljivih cenikov (api/pricelists je vrnil prazen seznam ali ga ni bilo mogoče doseči) — zajem preskočen, mejnik nespremenjen.
17:27:15       SKUPAJ strani=0 zapisov=0 RunId=73e7fef9-0aa7-40dd-a199-52e2eb8e67b1
17:27:15     [3] Vidadria (SAOP_VIDADRIA)
17:27:36     STDERR:   Cenikov ni bilo mogoče prebrati (A connection attempt failed because the connected party did not properly respond after a period of time, or established connection failed because connected host has failed to respond. (192.168.178.12:81)); GetPrices bo preskočen.
17:27:36       GetPrices: NAPAKA [0,0 s] — GetPrices: ni razpoložljivih cenikov (api/pricelists je vrnil prazen seznam ali ga ni bilo mogoče doseči) — zajem preskočen, mejnik nespremenjen.
17:27:36       SKUPAJ strani=0 zapisov=0 RunId=a6dc9674-616d-4205-914c-855fa4e50a5a
17:27:36     [4] Ediito (SAOP_EDIITO)
17:27:57     STDERR:   Cenikov ni bilo mogoče prebrati (A connection attempt failed because the connected party did not properly respond after a period of time, or established connection failed because connected host has failed to respond. (192.168.178.12:81)); GetPrices bo preskočen.
17:27:57       GetPrices: NAPAKA [0,0 s] — GetPrices: ni razpoložljivih cenikov (api/pricelists je vrnil prazen seznam ali ga ni bilo mogoče doseči) — zajem preskočen, mejnik nespremenjen.
17:27:57       SKUPAJ strani=0 zapisov=0 RunId=b9836647-7bcc-403c-b09f-d76944dd868b
17:27:57     [1] DEMO (SAOP_DEMO)
17:28:18     STDERR:   Cenikov ni bilo mogoče prebrati (A connection attempt failed because the connected party did not properly respond after a period of time, or established connection failed because connected host has failed to respond. (192.168.178.12:81)); GetPrices bo preskočen.
17:28:18       GetPrices: NAPAKA [0,0 s] — GetPrices: ni razpoložljivih cenikov (api/pricelists je vrnil prazen seznam ali ga ni bilo mogoče doseči) — zajem preskočen, mejnik nespremenjen.
17:28:18       SKUPAJ strani=0 zapisov=0 RunId=68e0e48f-88bc-4d85-b40c-daa5c6f5b7c2
17:28:19     NAPAKA: worker PIM.KatalogWorker je koncal z izhodno kodo 1
17:28:19  == Izvoz cen in zaloge za splet ==
17:28:24     Izvoz profila MAGENTO_STOCK_PRICES končan: 11435 vrstic v C:\Users\david\Desktop\PIM\NoviPIM\izvoz\magento\1
17:28:44     Izvoz profila MAGENTO_STOCK_PRICES končan: 89652 vrstic v C:\Users\david\Desktop\PIM\NoviPIM\izvoz\magento\2
17:28:52     Izvoz profila MAGENTO_STOCK_PRICES končan: 18683 vrstic v C:\Users\david\Desktop\PIM\NoviPIM\izvoz\magento\3
17:29:01     Izvoz profila MAGENTO_STOCK_PRICES končan: 35650 vrstic v C:\Users\david\Desktop\PIM\NoviPIM\izvoz\magento\4
17:29:01     konec: Izvoz cen in zaloge za splet
17:29:01  == Osvezitev kataloga in strank s cenami in zalogo (podjetje 2) ==
17:29:02     STDERR: Unhandled exception. System.ArgumentException: Manjka --output-dir.
17:29:02     STDERR:    at Program.<<Main>$>g__Required|0_0(String[] args, String name) in C:\Users\david\Desktop\PIM\NoviPIM\PIM_Solution\workers\PIM.B2bWorker\Program.cs:line 87
17:29:02     STDERR:    at Program.<Main>$(String[] args) in C:\Users\david\Desktop\PIM\NoviPIM\PIM_Solution\workers\PIM.B2bWorker\Program.cs:line 17
17:29:02     STDERR:    at Program.<Main>(String[] args)
17:29:03     NAPAKA: worker PIM.B2bWorker je koncal z izhodno kodo -532462766
17:29:03  Zalogovni cikel koncan; padlih korakov: 3.
17:30:15  == Zaloga NW_STOCK ==
17:30:15     SOURCE_FETCH: se ni na vrsti po razporedu; preskoceno.
17:30:16     Prebranih zapisov: 2762; SHA-256: 746092adc9397b309fddffe4f8a1d6469614ce2396ea9838b2db1e1095d41559
17:30:16     STOCK_FILE pri podjetju 1: se ni na vrsti po razporedu; preskoceno.
17:30:17     Prebranih zapisov: 2762; SHA-256: 746092adc9397b309fddffe4f8a1d6469614ce2396ea9838b2db1e1095d41559
17:30:17     STOCK_FILE pri podjetju 2: se ni na vrsti po razporedu; preskoceno.
17:30:18     Prebranih zapisov: 2762; SHA-256: 746092adc9397b309fddffe4f8a1d6469614ce2396ea9838b2db1e1095d41559
17:30:18     STOCK_FILE pri podjetju 3: se ni na vrsti po razporedu; preskoceno.
17:30:19     Prebranih zapisov: 2762; SHA-256: 746092adc9397b309fddffe4f8a1d6469614ce2396ea9838b2db1e1095d41559
17:30:19     STOCK_FILE pri podjetju 4: se ni na vrsti po razporedu; preskoceno.
17:30:19     konec: Zaloga NW_STOCK
17:30:19  == Zaloga BT_STOCK ==
17:30:20     [BT_STOCK] preskoceno: Razmik dobavitelja se tece; naslednji prenos po 17. 09. 2026 20:07.
17:30:20     Prevzem koncan: uspesno 0, neuspesno 0, skupaj virov 1.
17:30:21     Prebranih zapisov: 1389; SHA-256: 6698019c346705d3b9d19eee8d7a34a628cfee93615acac603b2d6f2cb666cdf
17:30:21     Ta posnetek je ze v bazi; vir=BT_STOCK, podjetje=1, cas posnetka=2026-09-17 15:07:47Z, uporabljenih=1389, v karanteni=0, RunId=29a79c20-8f70-4926-adba-027582a5633e. Zapisano ni bilo nic.
17:30:22     Prebranih zapisov: 1389; SHA-256: 6698019c346705d3b9d19eee8d7a34a628cfee93615acac603b2d6f2cb666cdf
17:30:22     Ta posnetek je ze v bazi; vir=BT_STOCK, podjetje=2, cas posnetka=2026-09-17 15:07:47Z, uporabljenih=1389, v karanteni=0, RunId=7f8b9bc6-9c94-4908-8368-ca840e90feb4. Zapisano ni bilo nic.
17:30:23     Prebranih zapisov: 1389; SHA-256: 6698019c346705d3b9d19eee8d7a34a628cfee93615acac603b2d6f2cb666cdf
17:30:23     Ta posnetek je ze v bazi; vir=BT_STOCK, podjetje=3, cas posnetka=2026-09-17 15:07:47Z, uporabljenih=1389, v karanteni=0, RunId=69e4e351-dc8f-4b85-9bd5-72cf28d35906. Zapisano ni bilo nic.
17:30:24     Prebranih zapisov: 1389; SHA-256: 6698019c346705d3b9d19eee8d7a34a628cfee93615acac603b2d6f2cb666cdf
17:30:25     Ta posnetek je ze v bazi; vir=BT_STOCK, podjetje=4, cas posnetka=2026-09-17 15:07:47Z, uporabljenih=1389, v karanteni=0, RunId=4826bbfa-159c-452a-bff7-0b106ff82ed5. Zapisano ni bilo nic.
17:30:25     konec: Zaloga BT_STOCK
17:30:25  == Zaloga iz SAOP (kolicine) ==
17:30:25     [1] SAOP_STOCK: se ni na vrsti po razporedu; preskoceno.
17:30:25     [2] SAOP_STOCK: se ni na vrsti po razporedu; preskoceno.
17:30:25     [3] SAOP_STOCK: se ni na vrsti po razporedu; preskoceno.
17:30:25     [4] SAOP_STOCK: se ni na vrsti po razporedu; preskoceno.
17:30:25     konec: Zaloga iz SAOP (kolicine)
17:30:25  == Osvezitev cen kataloga ==
17:30:26     Živ SAOP zajem: podjetij=4, končnih točk=1, delta zajem, razpored=SAOP_PRICES.
17:30:26     [2] IQLighting (SAOP_IQLIGHTING)
17:30:48     STDERR:   Cenikov ni bilo mogoče prebrati (A connection attempt failed because the connected party did not properly respond after a period of time, or established connection failed because connected host has failed to respond. (192.168.178.12:81)); GetPrices bo preskočen.
17:30:48       GetPrices: NAPAKA [0,0 s] — GetPrices: ni razpoložljivih cenikov (api/pricelists je vrnil prazen seznam ali ga ni bilo mogoče doseči) — zajem preskočen, mejnik nespremenjen.
17:30:48       SKUPAJ strani=0 zapisov=0 RunId=277af2cb-ff34-4489-80cc-1734520de9fb
17:30:48     [3] Vidadria (SAOP_VIDADRIA)
17:31:09     STDERR:   Cenikov ni bilo mogoče prebrati (A connection attempt failed because the connected party did not properly respond after a period of time, or established connection failed because connected host has failed to respond. (192.168.178.12:81)); GetPrices bo preskočen.
17:31:09       GetPrices: NAPAKA [0,0 s] — GetPrices: ni razpoložljivih cenikov (api/pricelists je vrnil prazen seznam ali ga ni bilo mogoče doseči) — zajem preskočen, mejnik nespremenjen.
17:31:09       SKUPAJ strani=0 zapisov=0 RunId=bf8a5a76-9eba-4a49-8895-ed2567b720e7
17:31:09     [4] Ediito (SAOP_EDIITO)
17:31:30     STDERR:   Cenikov ni bilo mogoče prebrati (A connection attempt failed because the connected party did not properly respond after a period of time, or established connection failed because connected host has failed to respond. (192.168.178.12:81)); GetPrices bo preskočen.
17:31:30       GetPrices: NAPAKA [0,0 s] — GetPrices: ni razpoložljivih cenikov (api/pricelists je vrnil prazen seznam ali ga ni bilo mogoče doseči) — zajem preskočen, mejnik nespremenjen.
17:31:30       SKUPAJ strani=0 zapisov=0 RunId=c7a5ae92-da23-40a0-bd86-9ba52e0feee0
17:31:30     [1] DEMO (SAOP_DEMO)
17:31:51     STDERR:   Cenikov ni bilo mogoče prebrati (A connection attempt failed because the connected party did not properly respond after a period of time, or established connection failed because connected host has failed to respond. (192.168.178.12:81)); GetPrices bo preskočen.
17:31:51       GetPrices: NAPAKA [0,0 s] — GetPrices: ni razpoložljivih cenikov (api/pricelists je vrnil prazen seznam ali ga ni bilo mogoče doseči) — zajem preskočen, mejnik nespremenjen.
17:31:51       SKUPAJ strani=0 zapisov=0 RunId=24bc0e42-2b7a-487d-8a52-6ab3126030ae
17:31:51     NAPAKA: worker PIM.KatalogWorker je koncal z izhodno kodo 1
17:31:51  == Izvoz cen in zaloge za splet ==
17:31:56     Izvoz profila MAGENTO_STOCK_PRICES končan: 11435 vrstic v C:\Users\david\Desktop\PIM\NoviPIM\izvoz\magento\1
17:32:16     Izvoz profila MAGENTO_STOCK_PRICES končan: 89652 vrstic v C:\Users\david\Desktop\PIM\NoviPIM\izvoz\magento\2
17:32:24     Izvoz profila MAGENTO_STOCK_PRICES končan: 18683 vrstic v C:\Users\david\Desktop\PIM\NoviPIM\izvoz\magento\3
17:32:34     Izvoz profila MAGENTO_STOCK_PRICES končan: 35650 vrstic v C:\Users\david\Desktop\PIM\NoviPIM\izvoz\magento\4
17:32:34     konec: Izvoz cen in zaloge za splet
17:32:34  == Osvezitev kataloga in strank s cenami in zalogo (podjetje 2) ==
17:32:34     STDERR: Unhandled exception. System.ArgumentException: Manjka --output-dir.
17:32:34     STDERR:    at Program.<<Main>$>g__Required|0_0(String[] args, String name) in C:\Users\david\Desktop\PIM\NoviPIM\PIM_Solution\workers\PIM.B2bWorker\Program.cs:line 87
17:32:34     STDERR:    at Program.<Main>$(String[] args) in C:\Users\david\Desktop\PIM\NoviPIM\PIM_Solution\workers\PIM.B2bWorker\Program.cs:line 17
17:32:34     STDERR:    at Program.<Main>(String[] args)
17:32:35     NAPAKA: worker PIM.B2bWorker je koncal z izhodno kodo -532462766
17:32:35  Zalogovni cikel koncan; padlih korakov: 2.
17:35:15  == Zaloga NW_STOCK ==
17:35:15     SOURCE_FETCH: se ni na vrsti po razporedu; preskoceno.
17:35:16     Prebranih zapisov: 2762; SHA-256: 746092adc9397b309fddffe4f8a1d6469614ce2396ea9838b2db1e1095d41559
17:35:16     STOCK_FILE pri podjetju 1: se ni na vrsti po razporedu; preskoceno.
17:35:17     Prebranih zapisov: 2762; SHA-256: 746092adc9397b309fddffe4f8a1d6469614ce2396ea9838b2db1e1095d41559
17:35:17     STOCK_FILE pri podjetju 2: se ni na vrsti po razporedu; preskoceno.
17:35:18     Prebranih zapisov: 2762; SHA-256: 746092adc9397b309fddffe4f8a1d6469614ce2396ea9838b2db1e1095d41559
17:35:18     STOCK_FILE pri podjetju 3: se ni na vrsti po razporedu; preskoceno.
17:35:19     Prebranih zapisov: 2762; SHA-256: 746092adc9397b309fddffe4f8a1d6469614ce2396ea9838b2db1e1095d41559
17:35:19     STOCK_FILE pri podjetju 4: se ni na vrsti po razporedu; preskoceno.
17:35:19     konec: Zaloga NW_STOCK
17:35:19  == Zaloga BT_STOCK ==
17:35:20     [BT_STOCK] preskoceno: Razmik dobavitelja se tece; naslednji prenos po 17. 09. 2026 20:07.
17:35:20     Prevzem koncan: uspesno 0, neuspesno 0, skupaj virov 1.
17:35:21     Prebranih zapisov: 1389; SHA-256: 6698019c346705d3b9d19eee8d7a34a628cfee93615acac603b2d6f2cb666cdf
17:35:21     Ta posnetek je ze v bazi; vir=BT_STOCK, podjetje=1, cas posnetka=2026-09-17 15:07:47Z, uporabljenih=1389, v karanteni=0, RunId=29a79c20-8f70-4926-adba-027582a5633e. Zapisano ni bilo nic.
17:35:22     Prebranih zapisov: 1389; SHA-256: 6698019c346705d3b9d19eee8d7a34a628cfee93615acac603b2d6f2cb666cdf
17:35:22     STOCK_FILE pri podjetju 2: se ni na vrsti po razporedu; preskoceno.
17:35:23     Prebranih zapisov: 1389; SHA-256: 6698019c346705d3b9d19eee8d7a34a628cfee93615acac603b2d6f2cb666cdf
17:35:23     STOCK_FILE pri podjetju 3: se ni na vrsti po razporedu; preskoceno.
17:35:24     Prebranih zapisov: 1389; SHA-256: 6698019c346705d3b9d19eee8d7a34a628cfee93615acac603b2d6f2cb666cdf
17:35:24     STOCK_FILE pri podjetju 4: se ni na vrsti po razporedu; preskoceno.
17:35:24     konec: Zaloga BT_STOCK
17:35:24  == Zaloga iz SAOP (kolicine) ==
17:35:46     STDERR: [1] NAPAKA: A connection attempt failed because the connected party did not properly respond after a period of time, or established connection failed because connected host has failed to respond. (192.168.178.12:81)
17:36:07     STDERR: [2] NAPAKA: A connection attempt failed because the connected party did not properly respond after a period of time, or established connection failed because connected host has failed to respond. (192.168.178.12:81)
17:36:28     STDERR: [3] NAPAKA: A connection attempt failed because the connected party did not properly respond after a period of time, or established connection failed because connected host has failed to respond. (192.168.178.12:81)
17:36:49     STDERR: [4] NAPAKA: A connection attempt failed because the connected party did not properly respond after a period of time, or established connection failed because connected host has failed to respond. (192.168.178.12:81)
17:36:49     NAPAKA: worker PIM.SaopStockWorker je koncal z izhodno kodo 1
17:36:50  == Osvezitev cen kataloga ==
17:36:50     Živ SAOP zajem: podjetij=4, končnih točk=1, delta zajem, razpored=SAOP_PRICES.
17:36:50     [2] IQLighting (SAOP_IQLIGHTING)
17:37:12     STDERR:   Cenikov ni bilo mogoče prebrati (A connection attempt failed because the connected party did not properly respond after a period of time, or established connection failed because connected host has failed to respond. (192.168.178.12:81)); GetPrices bo preskočen.
17:37:12       GetPrices: NAPAKA [0,0 s] — GetPrices: ni razpoložljivih cenikov (api/pricelists je vrnil prazen seznam ali ga ni bilo mogoče doseči) — zajem preskočen, mejnik nespremenjen.
17:37:12       SKUPAJ strani=0 zapisov=0 RunId=70e13675-f0f9-4c72-bc37-ce2292f454e0
17:37:12     [3] Vidadria (SAOP_VIDADRIA)
17:37:33     STDERR:   Cenikov ni bilo mogoče prebrati (A connection attempt failed because the connected party did not properly respond after a period of time, or established connection failed because connected host has failed to respond. (192.168.178.12:81)); GetPrices bo preskočen.
17:37:33       GetPrices: NAPAKA [0,0 s] — GetPrices: ni razpoložljivih cenikov (api/pricelists je vrnil prazen seznam ali ga ni bilo mogoče doseči) — zajem preskočen, mejnik nespremenjen.
17:37:33       SKUPAJ strani=0 zapisov=0 RunId=000c8d03-31ca-4fca-943a-1526d52d9338
17:37:33     [4] Ediito (SAOP_EDIITO)
17:37:54     STDERR:   Cenikov ni bilo mogoče prebrati (A connection attempt failed because the connected party did not properly respond after a period of time, or established connection failed because connected host has failed to respond. (192.168.178.12:81)); GetPrices bo preskočen.
17:37:54       GetPrices: NAPAKA [0,0 s] — GetPrices: ni razpoložljivih cenikov (api/pricelists je vrnil prazen seznam ali ga ni bilo mogoče doseči) — zajem preskočen, mejnik nespremenjen.
17:37:54       SKUPAJ strani=0 zapisov=0 RunId=4897744d-f813-4926-b7dd-ccd5d346f9c5
17:37:54     [1] DEMO (SAOP_DEMO)
17:38:15     STDERR:   Cenikov ni bilo mogoče prebrati (A connection attempt failed because the connected party did not properly respond after a period of time, or established connection failed because connected host has failed to respond. (192.168.178.12:81)); GetPrices bo preskočen.
17:38:15       GetPrices: NAPAKA [0,0 s] — GetPrices: ni razpoložljivih cenikov (api/pricelists je vrnil prazen seznam ali ga ni bilo mogoče doseči) — zajem preskočen, mejnik nespremenjen.
17:38:15       SKUPAJ strani=0 zapisov=0 RunId=b7a6d282-0e4f-42b8-abb0-0c74388e1a28
17:38:15     NAPAKA: worker PIM.KatalogWorker je koncal z izhodno kodo 1
17:38:15  == Izvoz cen in zaloge za splet ==
17:38:20     Izvoz profila MAGENTO_STOCK_PRICES končan: 11435 vrstic v C:\Users\david\Desktop\PIM\NoviPIM\izvoz\magento\1
17:38:40     Izvoz profila MAGENTO_STOCK_PRICES končan: 89652 vrstic v C:\Users\david\Desktop\PIM\NoviPIM\izvoz\magento\2
17:38:48     Izvoz profila MAGENTO_STOCK_PRICES končan: 18683 vrstic v C:\Users\david\Desktop\PIM\NoviPIM\izvoz\magento\3
17:38:57     Izvoz profila MAGENTO_STOCK_PRICES končan: 35650 vrstic v C:\Users\david\Desktop\PIM\NoviPIM\izvoz\magento\4
17:38:57     konec: Izvoz cen in zaloge za splet
17:38:57  == Osvezitev kataloga in strank s cenami in zalogo (podjetje 2) ==
17:38:58     STDERR: Unhandled exception. System.ArgumentException: Manjka --output-dir.
17:38:58     STDERR:    at Program.<<Main>$>g__Required|0_0(String[] args, String name) in C:\Users\david\Desktop\PIM\NoviPIM\PIM_Solution\workers\PIM.B2bWorker\Program.cs:line 87
17:38:58     STDERR:    at Program.<Main>$(String[] args) in C:\Users\david\Desktop\PIM\NoviPIM\PIM_Solution\workers\PIM.B2bWorker\Program.cs:line 17
17:38:58     STDERR:    at Program.<Main>(String[] args)
17:38:59     NAPAKA: worker PIM.B2bWorker je koncal z izhodno kodo -532462766
17:38:59  Zalogovni cikel koncan; padlih korakov: 3.
17:40:15  == Zaloga NW_STOCK ==
17:40:16     SOURCE_FETCH: se ni na vrsti po razporedu; preskoceno.
17:40:16     Prebranih zapisov: 2762; SHA-256: 746092adc9397b309fddffe4f8a1d6469614ce2396ea9838b2db1e1095d41559
17:40:17     STOCK_FILE pri podjetju 1: se ni na vrsti po razporedu; preskoceno.
17:40:17     Prebranih zapisov: 2762; SHA-256: 746092adc9397b309fddffe4f8a1d6469614ce2396ea9838b2db1e1095d41559
17:40:18     Ta posnetek je ze v bazi; vir=NW_STOCK, podjetje=2, cas posnetka=2026-09-17 15:08:11Z, uporabljenih=2762, v karanteni=0, RunId=d23087be-a838-40b8-b0d7-5077d0ec40a5. Zapisano ni bilo nic.
17:40:18     Prebranih zapisov: 2762; SHA-256: 746092adc9397b309fddffe4f8a1d6469614ce2396ea9838b2db1e1095d41559
17:40:19     Ta posnetek je ze v bazi; vir=NW_STOCK, podjetje=3, cas posnetka=2026-09-17 15:08:11Z, uporabljenih=2762, v karanteni=0, RunId=f2a38d3a-2bb5-4f9d-9f95-ebdfdd5a8a3a. Zapisano ni bilo nic.
17:40:20     Prebranih zapisov: 2762; SHA-256: 746092adc9397b309fddffe4f8a1d6469614ce2396ea9838b2db1e1095d41559
17:40:20     Ta posnetek je ze v bazi; vir=NW_STOCK, podjetje=4, cas posnetka=2026-09-17 15:08:11Z, uporabljenih=2762, v karanteni=0, RunId=67a1ebb2-06b3-4823-a16a-78baeb97eb80. Zapisano ni bilo nic.
17:40:20     konec: Zaloga NW_STOCK
17:40:20  == Zaloga BT_STOCK ==
17:40:21     [BT_STOCK] preskoceno: Razmik dobavitelja se tece; naslednji prenos po 17. 09. 2026 20:07.
17:40:21     Prevzem koncan: uspesno 0, neuspesno 0, skupaj virov 1.
17:40:22     Prebranih zapisov: 1389; SHA-256: 6698019c346705d3b9d19eee8d7a34a628cfee93615acac603b2d6f2cb666cdf
17:40:22     Ta posnetek je ze v bazi; vir=BT_STOCK, podjetje=1, cas posnetka=2026-09-17 15:07:47Z, uporabljenih=1389, v karanteni=0, RunId=29a79c20-8f70-4926-adba-027582a5633e. Zapisano ni bilo nic.
17:40:23     Prebranih zapisov: 1389; SHA-256: 6698019c346705d3b9d19eee8d7a34a628cfee93615acac603b2d6f2cb666cdf
17:40:23     STOCK_FILE pri podjetju 2: se ni na vrsti po razporedu; preskoceno.
17:40:24     Prebranih zapisov: 1389; SHA-256: 6698019c346705d3b9d19eee8d7a34a628cfee93615acac603b2d6f2cb666cdf
17:40:24     STOCK_FILE pri podjetju 3: se ni na vrsti po razporedu; preskoceno.
17:40:25     Prebranih zapisov: 1389; SHA-256: 6698019c346705d3b9d19eee8d7a34a628cfee93615acac603b2d6f2cb666cdf
17:40:25     STOCK_FILE pri podjetju 4: se ni na vrsti po razporedu; preskoceno.
17:40:25     konec: Zaloga BT_STOCK
17:40:25  == Zaloga iz SAOP (kolicine) ==
17:40:26     [1] SAOP_STOCK: se ni na vrsti po razporedu; preskoceno.
17:40:26     [2] SAOP_STOCK: se ni na vrsti po razporedu; preskoceno.
17:40:26     [3] SAOP_STOCK: se ni na vrsti po razporedu; preskoceno.
17:40:26     [4] SAOP_STOCK: se ni na vrsti po razporedu; preskoceno.
17:40:26     konec: Zaloga iz SAOP (kolicine)
17:40:26  == Osvezitev cen kataloga ==
17:40:27     Živ SAOP zajem: podjetij=4, končnih točk=1, delta zajem, razpored=SAOP_PRICES.
17:40:27     [2] IQLighting (SAOP_IQLIGHTING)
17:40:48     STDERR:   Cenikov ni bilo mogoče prebrati (A connection attempt failed because the connected party did not properly respond after a period of time, or established connection failed because connected host has failed to respond. (192.168.178.12:81)); GetPrices bo preskočen.
17:40:48       GetPrices: NAPAKA [0,0 s] — GetPrices: ni razpoložljivih cenikov (api/pricelists je vrnil prazen seznam ali ga ni bilo mogoče doseči) — zajem preskočen, mejnik nespremenjen.
17:40:48       SKUPAJ strani=0 zapisov=0 RunId=3572acdf-48f4-416c-919c-86c07382e6d3
17:40:48     [3] Vidadria (SAOP_VIDADRIA)
17:41:09     STDERR:   Cenikov ni bilo mogoče prebrati (A connection attempt failed because the connected party did not properly respond after a period of time, or established connection failed because connected host has failed to respond. (192.168.178.12:81)); GetPrices bo preskočen.
17:41:09       GetPrices: NAPAKA [0,0 s] — GetPrices: ni razpoložljivih cenikov (api/pricelists je vrnil prazen seznam ali ga ni bilo mogoče doseči) — zajem preskočen, mejnik nespremenjen.
17:41:09       SKUPAJ strani=0 zapisov=0 RunId=901b015b-0bd0-4515-944a-c1290d16cf38
17:41:09     [4] Ediito (SAOP_EDIITO)
17:41:30     STDERR:   Cenikov ni bilo mogoče prebrati (A connection attempt failed because the connected party did not properly respond after a period of time, or established connection failed because connected host has failed to respond. (192.168.178.12:81)); GetPrices bo preskočen.
17:41:30       GetPrices: NAPAKA [0,0 s] — GetPrices: ni razpoložljivih cenikov (api/pricelists je vrnil prazen seznam ali ga ni bilo mogoče doseči) — zajem preskočen, mejnik nespremenjen.
17:41:31       SKUPAJ strani=0 zapisov=0 RunId=9585a7e0-b163-474e-a6f8-d219e957f0b0
17:41:31     [1] DEMO (SAOP_DEMO)
17:41:52     STDERR:   Cenikov ni bilo mogoče prebrati (A connection attempt failed because the connected party did not properly respond after a period of time, or established connection failed because connected host has failed to respond. (192.168.178.12:81)); GetPrices bo preskočen.
17:41:52       GetPrices: NAPAKA [0,0 s] — GetPrices: ni razpoložljivih cenikov (api/pricelists je vrnil prazen seznam ali ga ni bilo mogoče doseči) — zajem preskočen, mejnik nespremenjen.
17:41:52       SKUPAJ strani=0 zapisov=0 RunId=448b33c7-9a91-4505-bac1-4169becb84f5
17:41:52     NAPAKA: worker PIM.KatalogWorker je koncal z izhodno kodo 1
17:41:52  == Izvoz cen in zaloge za splet ==
17:41:57     Izvoz profila MAGENTO_STOCK_PRICES končan: 11435 vrstic v C:\Users\david\Desktop\PIM\NoviPIM\izvoz\magento\1
17:42:18     Izvoz profila MAGENTO_STOCK_PRICES končan: 89652 vrstic v C:\Users\david\Desktop\PIM\NoviPIM\izvoz\magento\2
17:42:26     Izvoz profila MAGENTO_STOCK_PRICES končan: 18683 vrstic v C:\Users\david\Desktop\PIM\NoviPIM\izvoz\magento\3
17:42:36     Izvoz profila MAGENTO_STOCK_PRICES končan: 35650 vrstic v C:\Users\david\Desktop\PIM\NoviPIM\izvoz\magento\4
17:42:36     konec: Izvoz cen in zaloge za splet
17:42:36  == Osvezitev kataloga in strank s cenami in zalogo (podjetje 2) ==
17:42:37     STDERR: Unhandled exception. System.ArgumentException: Manjka --output-dir.
17:42:37     STDERR:    at Program.<<Main>$>g__Required|0_0(String[] args, String name) in C:\Users\david\Desktop\PIM\NoviPIM\PIM_Solution\workers\PIM.B2bWorker\Program.cs:line 87
17:42:37     STDERR:    at Program.<Main>$(String[] args) in C:\Users\david\Desktop\PIM\NoviPIM\PIM_Solution\workers\PIM.B2bWorker\Program.cs:line 17
17:42:37     STDERR:    at Program.<Main>(String[] args)
17:42:37     NAPAKA: worker PIM.B2bWorker je koncal z izhodno kodo -532462766
17:42:37  Zalogovni cikel koncan; padlih korakov: 2.
17:45:15  == Zaloga NW_STOCK ==
17:45:16     SOURCE_FETCH: se ni na vrsti po razporedu; preskoceno.
17:45:16     Prebranih zapisov: 2762; SHA-256: 746092adc9397b309fddffe4f8a1d6469614ce2396ea9838b2db1e1095d41559
17:45:16     STOCK_FILE pri podjetju 1: se ni na vrsti po razporedu; preskoceno.
17:45:17     Prebranih zapisov: 2762; SHA-256: 746092adc9397b309fddffe4f8a1d6469614ce2396ea9838b2db1e1095d41559
17:45:17     STOCK_FILE pri podjetju 2: se ni na vrsti po razporedu; preskoceno.
17:45:18     Prebranih zapisov: 2762; SHA-256: 746092adc9397b309fddffe4f8a1d6469614ce2396ea9838b2db1e1095d41559
17:45:18     STOCK_FILE pri podjetju 3: se ni na vrsti po razporedu; preskoceno.
17:45:19     Prebranih zapisov: 2762; SHA-256: 746092adc9397b309fddffe4f8a1d6469614ce2396ea9838b2db1e1095d41559
17:45:19     STOCK_FILE pri podjetju 4: se ni na vrsti po razporedu; preskoceno.
17:45:19     konec: Zaloga NW_STOCK
17:45:19  == Zaloga BT_STOCK ==
17:45:20     SOURCE_FETCH: se ni na vrsti po razporedu; preskoceno.
17:45:21     Prebranih zapisov: 1389; SHA-256: 6698019c346705d3b9d19eee8d7a34a628cfee93615acac603b2d6f2cb666cdf
17:45:21     STOCK_FILE pri podjetju 1: se ni na vrsti po razporedu; preskoceno.
17:45:22     Prebranih zapisov: 1389; SHA-256: 6698019c346705d3b9d19eee8d7a34a628cfee93615acac603b2d6f2cb666cdf
17:45:23     Ta posnetek je ze v bazi; vir=BT_STOCK, podjetje=2, cas posnetka=2026-09-17 15:07:47Z, uporabljenih=1389, v karanteni=0, RunId=7f8b9bc6-9c94-4908-8368-ca840e90feb4. Zapisano ni bilo nic.
17:45:23     Prebranih zapisov: 1389; SHA-256: 6698019c346705d3b9d19eee8d7a34a628cfee93615acac603b2d6f2cb666cdf
17:45:24     Ta posnetek je ze v bazi; vir=BT_STOCK, podjetje=3, cas posnetka=2026-09-17 15:07:47Z, uporabljenih=1389, v karanteni=0, RunId=69e4e351-dc8f-4b85-9bd5-72cf28d35906. Zapisano ni bilo nic.
17:45:25     Prebranih zapisov: 1389; SHA-256: 6698019c346705d3b9d19eee8d7a34a628cfee93615acac603b2d6f2cb666cdf
17:45:25     Ta posnetek je ze v bazi; vir=BT_STOCK, podjetje=4, cas posnetka=2026-09-17 15:07:47Z, uporabljenih=1389, v karanteni=0, RunId=4826bbfa-159c-452a-bff7-0b106ff82ed5. Zapisano ni bilo nic.
17:45:25     konec: Zaloga BT_STOCK
17:45:25  == Zaloga iz SAOP (kolicine) ==
17:45:26     [1] SAOP_STOCK: se ni na vrsti po razporedu; preskoceno.
17:45:26     [2] SAOP_STOCK: se ni na vrsti po razporedu; preskoceno.
17:45:26     [3] SAOP_STOCK: se ni na vrsti po razporedu; preskoceno.
17:45:26     [4] SAOP_STOCK: se ni na vrsti po razporedu; preskoceno.
17:45:26     konec: Zaloga iz SAOP (kolicine)
17:45:26  == Osvezitev cen kataloga ==
17:45:27     Živ SAOP zajem: podjetij=4, končnih točk=1, delta zajem, razpored=SAOP_PRICES.
17:45:27     [2] IQLighting (SAOP_IQLIGHTING)
17:45:48     STDERR:   Cenikov ni bilo mogoče prebrati (A connection attempt failed because the connected party did not properly respond after a period of time, or established connection failed because connected host has failed to respond. (192.168.178.12:81)); GetPrices bo preskočen.
17:45:48       GetPrices: NAPAKA [0,0 s] — GetPrices: ni razpoložljivih cenikov (api/pricelists je vrnil prazen seznam ali ga ni bilo mogoče doseči) — zajem preskočen, mejnik nespremenjen.
17:45:48       SKUPAJ strani=0 zapisov=0 RunId=260d32bd-65de-453e-9e4d-a5bfad551f13
17:45:48     [3] Vidadria (SAOP_VIDADRIA)
17:46:09     STDERR:   Cenikov ni bilo mogoče prebrati (A connection attempt failed because the connected party did not properly respond after a period of time, or established connection failed because connected host has failed to respond. (192.168.178.12:81)); GetPrices bo preskočen.
17:46:09       GetPrices: NAPAKA [0,0 s] — GetPrices: ni razpoložljivih cenikov (api/pricelists je vrnil prazen seznam ali ga ni bilo mogoče doseči) — zajem preskočen, mejnik nespremenjen.
17:46:09       SKUPAJ strani=0 zapisov=0 RunId=0bb4cbfe-235b-4cce-ba94-bff383b60def
17:46:09     [4] Ediito (SAOP_EDIITO)
17:46:30     STDERR:   Cenikov ni bilo mogoče prebrati (A connection attempt failed because the connected party did not properly respond after a period of time, or established connection failed because connected host has failed to respond. (192.168.178.12:81)); GetPrices bo preskočen.
17:46:30       GetPrices: NAPAKA [0,0 s] — GetPrices: ni razpoložljivih cenikov (api/pricelists je vrnil prazen seznam ali ga ni bilo mogoče doseči) — zajem preskočen, mejnik nespremenjen.
17:46:30       SKUPAJ strani=0 zapisov=0 RunId=0d061c07-a1d5-4cac-9ee7-772a68eeca05
17:46:30     [1] DEMO (SAOP_DEMO)
17:46:51     STDERR:   Cenikov ni bilo mogoče prebrati (A connection attempt failed because the connected party did not properly respond after a period of time, or established connection failed because connected host has failed to respond. (192.168.178.12:81)); GetPrices bo preskočen.
17:46:51       GetPrices: NAPAKA [0,0 s] — GetPrices: ni razpoložljivih cenikov (api/pricelists je vrnil prazen seznam ali ga ni bilo mogoče doseči) — zajem preskočen, mejnik nespremenjen.
17:46:51       SKUPAJ strani=0 zapisov=0 RunId=363aaa55-027d-4c11-9405-2199c91ef163
17:46:52     NAPAKA: worker PIM.KatalogWorker je koncal z izhodno kodo 1
17:46:52  == Izvoz cen in zaloge za splet ==
17:46:57     Izvoz profila MAGENTO_STOCK_PRICES končan: 11435 vrstic v C:\Users\david\Desktop\PIM\NoviPIM\izvoz\magento\1
17:47:18     Izvoz profila MAGENTO_STOCK_PRICES končan: 89652 vrstic v C:\Users\david\Desktop\PIM\NoviPIM\izvoz\magento\2
17:47:26     Izvoz profila MAGENTO_STOCK_PRICES končan: 18683 vrstic v C:\Users\david\Desktop\PIM\NoviPIM\izvoz\magento\3
17:47:36     Izvoz profila MAGENTO_STOCK_PRICES končan: 35650 vrstic v C:\Users\david\Desktop\PIM\NoviPIM\izvoz\magento\4
17:47:36     konec: Izvoz cen in zaloge za splet
17:47:36  == Osvezitev kataloga in strank s cenami in zalogo (podjetje 2) ==
17:47:37     STDERR: Unhandled exception. System.ArgumentException: Manjka --output-dir.
17:47:37     STDERR:    at Program.<<Main>$>g__Required|0_0(String[] args, String name) in C:\Users\david\Desktop\PIM\NoviPIM\PIM_Solution\workers\PIM.B2bWorker\Program.cs:line 87
17:47:37     STDERR:    at Program.<Main>$(String[] args) in C:\Users\david\Desktop\PIM\NoviPIM\PIM_Solution\workers\PIM.B2bWorker\Program.cs:line 17
17:47:37     STDERR:    at Program.<Main>(String[] args)
17:47:38     NAPAKA: worker PIM.B2bWorker je koncal z izhodno kodo -532462766
17:47:38  Zalogovni cikel koncan; padlih korakov: 2.
17:50:15  == Zaloga NW_STOCK ==
17:50:16     [NW_STOCK] preskoceno: Razmik dobavitelja se tece; naslednji prenos po 17. 09. 2026 19:08.
17:50:16     Prevzem koncan: uspesno 0, neuspesno 0, skupaj virov 1.
17:50:16     Prebranih zapisov: 2762; SHA-256: 746092adc9397b309fddffe4f8a1d6469614ce2396ea9838b2db1e1095d41559
17:50:17     Ta posnetek je ze v bazi; vir=NW_STOCK, podjetje=1, cas posnetka=2026-09-17 15:08:11Z, uporabljenih=2762, v karanteni=0, RunId=6e357333-48e0-413e-9a6e-6afe2f340d5a. Zapisano ni bilo nic.
17:50:17     Prebranih zapisov: 2762; SHA-256: 746092adc9397b309fddffe4f8a1d6469614ce2396ea9838b2db1e1095d41559
17:50:18     STOCK_FILE pri podjetju 2: se ni na vrsti po razporedu; preskoceno.
17:50:18     Prebranih zapisov: 2762; SHA-256: 746092adc9397b309fddffe4f8a1d6469614ce2396ea9838b2db1e1095d41559
17:50:19     STOCK_FILE pri podjetju 3: se ni na vrsti po razporedu; preskoceno.
17:50:19     Prebranih zapisov: 2762; SHA-256: 746092adc9397b309fddffe4f8a1d6469614ce2396ea9838b2db1e1095d41559
17:50:20     STOCK_FILE pri podjetju 4: se ni na vrsti po razporedu; preskoceno.
17:50:20     konec: Zaloga NW_STOCK
17:50:20  == Zaloga BT_STOCK ==
17:50:21     SOURCE_FETCH: se ni na vrsti po razporedu; preskoceno.
17:50:21     Prebranih zapisov: 1389; SHA-256: 6698019c346705d3b9d19eee8d7a34a628cfee93615acac603b2d6f2cb666cdf
17:50:22     STOCK_FILE pri podjetju 1: se ni na vrsti po razporedu; preskoceno.
17:50:22     Prebranih zapisov: 1389; SHA-256: 6698019c346705d3b9d19eee8d7a34a628cfee93615acac603b2d6f2cb666cdf
17:50:23     Ta posnetek je ze v bazi; vir=BT_STOCK, podjetje=2, cas posnetka=2026-09-17 15:07:47Z, uporabljenih=1389, v karanteni=0, RunId=7f8b9bc6-9c94-4908-8368-ca840e90feb4. Zapisano ni bilo nic.
17:50:24     Prebranih zapisov: 1389; SHA-256: 6698019c346705d3b9d19eee8d7a34a628cfee93615acac603b2d6f2cb666cdf
17:50:24     Ta posnetek je ze v bazi; vir=BT_STOCK, podjetje=3, cas posnetka=2026-09-17 15:07:47Z, uporabljenih=1389, v karanteni=0, RunId=69e4e351-dc8f-4b85-9bd5-72cf28d35906. Zapisano ni bilo nic.
17:50:25     Prebranih zapisov: 1389; SHA-256: 6698019c346705d3b9d19eee8d7a34a628cfee93615acac603b2d6f2cb666cdf
17:50:25     Ta posnetek je ze v bazi; vir=BT_STOCK, podjetje=4, cas posnetka=2026-09-17 15:07:47Z, uporabljenih=1389, v karanteni=0, RunId=4826bbfa-159c-452a-bff7-0b106ff82ed5. Zapisano ni bilo nic.
17:50:25     konec: Zaloga BT_STOCK
17:50:25  == Zaloga iz SAOP (kolicine) ==
17:50:26     [1] SAOP_STOCK: se ni na vrsti po razporedu; preskoceno.
17:50:26     [2] SAOP_STOCK: se ni na vrsti po razporedu; preskoceno.
17:50:26     [3] SAOP_STOCK: se ni na vrsti po razporedu; preskoceno.
17:50:26     [4] SAOP_STOCK: se ni na vrsti po razporedu; preskoceno.
17:50:26     konec: Zaloga iz SAOP (kolicine)
17:50:26  == Osvezitev cen kataloga ==
17:50:27     Živ SAOP zajem: podjetij=4, končnih točk=1, delta zajem, razpored=SAOP_PRICES.
17:50:27     [2] IQLighting (SAOP_IQLIGHTING)
17:50:48     STDERR:   Cenikov ni bilo mogoče prebrati (A connection attempt failed because the connected party did not properly respond after a period of time, or established connection failed because connected host has failed to respond. (192.168.178.12:81)); GetPrices bo preskočen.
17:50:48       GetPrices: NAPAKA [0,0 s] — GetPrices: ni razpoložljivih cenikov (api/pricelists je vrnil prazen seznam ali ga ni bilo mogoče doseči) — zajem preskočen, mejnik nespremenjen.
17:50:48       SKUPAJ strani=0 zapisov=0 RunId=0444e0d7-c4b7-4db6-9e65-4316acdab5d1
17:50:48     [3] Vidadria (SAOP_VIDADRIA)
17:51:09     STDERR:   Cenikov ni bilo mogoče prebrati (A connection attempt failed because the connected party did not properly respond after a period of time, or established connection failed because connected host has failed to respond. (192.168.178.12:81)); GetPrices bo preskočen.
17:51:09       GetPrices: NAPAKA [0,0 s] — GetPrices: ni razpoložljivih cenikov (api/pricelists je vrnil prazen seznam ali ga ni bilo mogoče doseči) — zajem preskočen, mejnik nespremenjen.
17:51:09       SKUPAJ strani=0 zapisov=0 RunId=9a8adc4b-4cfe-4793-abf1-e3fd4808dd25
17:51:09     [4] Ediito (SAOP_EDIITO)
17:51:30     STDERR:   Cenikov ni bilo mogoče prebrati (A connection attempt failed because the connected party did not properly respond after a period of time, or established connection failed because connected host has failed to respond. (192.168.178.12:81)); GetPrices bo preskočen.
17:51:30       GetPrices: NAPAKA [0,0 s] — GetPrices: ni razpoložljivih cenikov (api/pricelists je vrnil prazen seznam ali ga ni bilo mogoče doseči) — zajem preskočen, mejnik nespremenjen.
17:51:30       SKUPAJ strani=0 zapisov=0 RunId=ccb3d7b7-0d8a-4e0f-9c2e-597cc0f5fd45
17:51:30     [1] DEMO (SAOP_DEMO)
17:51:51     STDERR:   Cenikov ni bilo mogoče prebrati (A connection attempt failed because the connected party did not properly respond after a period of time, or established connection failed because connected host has failed to respond. (192.168.178.12:81)); GetPrices bo preskočen.
17:51:51       GetPrices: NAPAKA [0,0 s] — GetPrices: ni razpoložljivih cenikov (api/pricelists je vrnil prazen seznam ali ga ni bilo mogoče doseči) — zajem preskočen, mejnik nespremenjen.
17:51:52       SKUPAJ strani=0 zapisov=0 RunId=65c14d65-dd1a-4d33-bc83-0605757b9659
17:51:52     NAPAKA: worker PIM.KatalogWorker je koncal z izhodno kodo 1
17:51:52  == Izvoz cen in zaloge za splet ==
17:51:57     Izvoz profila MAGENTO_STOCK_PRICES končan: 11435 vrstic v C:\Users\david\Desktop\PIM\NoviPIM\izvoz\magento\1
17:52:18     Izvoz profila MAGENTO_STOCK_PRICES končan: 89652 vrstic v C:\Users\david\Desktop\PIM\NoviPIM\izvoz\magento\2
17:52:26     Izvoz profila MAGENTO_STOCK_PRICES končan: 18683 vrstic v C:\Users\david\Desktop\PIM\NoviPIM\izvoz\magento\3
17:53:09     Izvoz profila MAGENTO_STOCK_PRICES končan: 35650 vrstic v C:\Users\david\Desktop\PIM\NoviPIM\izvoz\magento\4
17:53:09     konec: Izvoz cen in zaloge za splet
17:53:09  == Osvezitev kataloga in strank s cenami in zalogo (podjetje 2) ==
17:53:09     STDERR: Unhandled exception. System.ArgumentException: Manjka --output-dir.
17:53:09     STDERR:    at Program.<<Main>$>g__Required|0_0(String[] args, String name) in C:\Users\david\Desktop\PIM\NoviPIM\PIM_Solution\workers\PIM.B2bWorker\Program.cs:line 87
17:53:09     STDERR:    at Program.<Main>$(String[] args) in C:\Users\david\Desktop\PIM\NoviPIM\PIM_Solution\workers\PIM.B2bWorker\Program.cs:line 17
17:53:09     STDERR:    at Program.<Main>(String[] args)
17:53:10     NAPAKA: worker PIM.B2bWorker je koncal z izhodno kodo -532462766
17:53:10  Zalogovni cikel koncan; padlih korakov: 2.
17:55:15  == Zaloga NW_STOCK ==
17:55:16     [NW_STOCK] preskoceno: Razmik dobavitelja se tece; naslednji prenos po 17. 09. 2026 19:08.
17:55:16     Prevzem koncan: uspesno 0, neuspesno 0, skupaj virov 1.
17:55:16     Prebranih zapisov: 2762; SHA-256: 746092adc9397b309fddffe4f8a1d6469614ce2396ea9838b2db1e1095d41559
17:55:17     Ta posnetek je ze v bazi; vir=NW_STOCK, podjetje=1, cas posnetka=2026-09-17 15:08:11Z, uporabljenih=2762, v karanteni=0, RunId=6e357333-48e0-413e-9a6e-6afe2f340d5a. Zapisano ni bilo nic.
17:55:17     Prebranih zapisov: 2762; SHA-256: 746092adc9397b309fddffe4f8a1d6469614ce2396ea9838b2db1e1095d41559
17:55:18     STOCK_FILE pri podjetju 2: se ni na vrsti po razporedu; preskoceno.
17:55:18     Prebranih zapisov: 2762; SHA-256: 746092adc9397b309fddffe4f8a1d6469614ce2396ea9838b2db1e1095d41559
17:55:18     STOCK_FILE pri podjetju 3: se ni na vrsti po razporedu; preskoceno.
17:55:19     Prebranih zapisov: 2762; SHA-256: 746092adc9397b309fddffe4f8a1d6469614ce2396ea9838b2db1e1095d41559
17:55:19     STOCK_FILE pri podjetju 4: se ni na vrsti po razporedu; preskoceno.
17:55:19     konec: Zaloga NW_STOCK
17:55:19  == Zaloga BT_STOCK ==
17:55:20     SOURCE_FETCH: se ni na vrsti po razporedu; preskoceno.
17:55:21     Prebranih zapisov: 1389; SHA-256: 6698019c346705d3b9d19eee8d7a34a628cfee93615acac603b2d6f2cb666cdf
17:55:21     STOCK_FILE pri podjetju 1: se ni na vrsti po razporedu; preskoceno.
17:55:22     Prebranih zapisov: 1389; SHA-256: 6698019c346705d3b9d19eee8d7a34a628cfee93615acac603b2d6f2cb666cdf
17:55:22     STOCK_FILE pri podjetju 2: se ni na vrsti po razporedu; preskoceno.
17:55:23     Prebranih zapisov: 1389; SHA-256: 6698019c346705d3b9d19eee8d7a34a628cfee93615acac603b2d6f2cb666cdf
17:55:23     STOCK_FILE pri podjetju 3: se ni na vrsti po razporedu; preskoceno.
17:55:24     Prebranih zapisov: 1389; SHA-256: 6698019c346705d3b9d19eee8d7a34a628cfee93615acac603b2d6f2cb666cdf
17:55:24     STOCK_FILE pri podjetju 4: se ni na vrsti po razporedu; preskoceno.
17:55:24     konec: Zaloga BT_STOCK
17:55:24  == Zaloga iz SAOP (kolicine) ==
17:55:25     [1] SAOP_STOCK: se ni na vrsti po razporedu; preskoceno.
17:55:25     [2] SAOP_STOCK: se ni na vrsti po razporedu; preskoceno.
17:55:25     [3] SAOP_STOCK: se ni na vrsti po razporedu; preskoceno.
17:55:25     [4] SAOP_STOCK: se ni na vrsti po razporedu; preskoceno.
17:55:25     konec: Zaloga iz SAOP (kolicine)
17:55:25  == Osvezitev cen kataloga ==
17:55:26     Živ SAOP zajem: podjetij=4, končnih točk=1, delta zajem, razpored=SAOP_PRICES.
17:55:26     [2] IQLighting (SAOP_IQLIGHTING)
17:55:47     STDERR:   Cenikov ni bilo mogoče prebrati (A connection attempt failed because the connected party did not properly respond after a period of time, or established connection failed because connected host has failed to respond. (192.168.178.12:81)); GetPrices bo preskočen.
17:55:47       GetPrices: NAPAKA [0,0 s] — GetPrices: ni razpoložljivih cenikov (api/pricelists je vrnil prazen seznam ali ga ni bilo mogoče doseči) — zajem preskočen, mejnik nespremenjen.
17:55:48       SKUPAJ strani=0 zapisov=0 RunId=3c77dbe2-afdd-4552-8769-4343429d08bf
17:55:48     [3] Vidadria (SAOP_VIDADRIA)
17:56:09     STDERR:   Cenikov ni bilo mogoče prebrati (A connection attempt failed because the connected party did not properly respond after a period of time, or established connection failed because connected host has failed to respond. (192.168.178.12:81)); GetPrices bo preskočen.
17:56:09       GetPrices: NAPAKA [0,0 s] — GetPrices: ni razpoložljivih cenikov (api/pricelists je vrnil prazen seznam ali ga ni bilo mogoče doseči) — zajem preskočen, mejnik nespremenjen.
17:56:09       SKUPAJ strani=0 zapisov=0 RunId=a6dbbd01-4a80-4f5e-ae95-aa3849048046
17:56:09     [4] Ediito (SAOP_EDIITO)
17:56:30     STDERR:   Cenikov ni bilo mogoče prebrati (A connection attempt failed because the connected party did not properly respond after a period of time, or established connection failed because connected host has failed to respond. (192.168.178.12:81)); GetPrices bo preskočen.
17:56:30       GetPrices: NAPAKA [0,0 s] — GetPrices: ni razpoložljivih cenikov (api/pricelists je vrnil prazen seznam ali ga ni bilo mogoče doseči) — zajem preskočen, mejnik nespremenjen.
17:56:30       SKUPAJ strani=0 zapisov=0 RunId=8c0d0db1-4ec0-47ac-8677-f5600a4e5968
17:56:30     [1] DEMO (SAOP_DEMO)
17:56:51     STDERR:   Cenikov ni bilo mogoče prebrati (A connection attempt failed because the connected party did not properly respond after a period of time, or established connection failed because connected host has failed to respond. (192.168.178.12:81)); GetPrices bo preskočen.
17:56:51       GetPrices: NAPAKA [0,0 s] — GetPrices: ni razpoložljivih cenikov (api/pricelists je vrnil prazen seznam ali ga ni bilo mogoče doseči) — zajem preskočen, mejnik nespremenjen.
17:56:51       SKUPAJ strani=0 zapisov=0 RunId=e5b85d8c-2e1d-47e4-82d1-d26dde87ed99
17:56:51     NAPAKA: worker PIM.KatalogWorker je koncal z izhodno kodo 1
17:56:51  == Izvoz cen in zaloge za splet ==
17:57:00     Izvoz profila MAGENTO_STOCK_PRICES končan: 11435 vrstic v C:\Users\david\Desktop\PIM\NoviPIM\izvoz\magento\1
17:57:52     Izvoz profila MAGENTO_STOCK_PRICES končan: 89652 vrstic v C:\Users\david\Desktop\PIM\NoviPIM\izvoz\magento\2
17:58:09     Izvoz profila MAGENTO_STOCK_PRICES končan: 18683 vrstic v C:\Users\david\Desktop\PIM\NoviPIM\izvoz\magento\3
17:58:37     Izvoz profila MAGENTO_STOCK_PRICES končan: 35650 vrstic v C:\Users\david\Desktop\PIM\NoviPIM\izvoz\magento\4
17:58:37     konec: Izvoz cen in zaloge za splet
17:58:37  == Osvezitev kataloga in strank s cenami in zalogo (podjetje 2) ==
17:58:38     STDERR: Unhandled exception. System.ArgumentException: Manjka --output-dir.
17:58:38     STDERR:    at Program.<<Main>$>g__Required|0_0(String[] args, String name) in C:\Users\david\Desktop\PIM\NoviPIM\PIM_Solution\workers\PIM.B2bWorker\Program.cs:line 87
17:58:38     STDERR:    at Program.<Main>$(String[] args) in C:\Users\david\Desktop\PIM\NoviPIM\PIM_Solution\workers\PIM.B2bWorker\Program.cs:line 17
17:58:38     STDERR:    at Program.<Main>(String[] args)
17:58:38     NAPAKA: worker PIM.B2bWorker je koncal z izhodno kodo -532462766
17:58:38  Zalogovni cikel koncan; padlih korakov: 2.
18:00:15  == Zaloga NW_STOCK ==
18:00:16     [NW_STOCK] preskoceno: Razmik dobavitelja se tece; naslednji prenos po 17. 09. 2026 19:08.
18:00:16     Prevzem koncan: uspesno 0, neuspesno 0, skupaj virov 1.
18:00:16     Prebranih zapisov: 2762; SHA-256: 746092adc9397b309fddffe4f8a1d6469614ce2396ea9838b2db1e1095d41559
18:00:17     Ta posnetek je ze v bazi; vir=NW_STOCK, podjetje=1, cas posnetka=2026-09-17 15:08:11Z, uporabljenih=2762, v karanteni=0, RunId=6e357333-48e0-413e-9a6e-6afe2f340d5a. Zapisano ni bilo nic.
18:00:17     Prebranih zapisov: 2762; SHA-256: 746092adc9397b309fddffe4f8a1d6469614ce2396ea9838b2db1e1095d41559
18:00:18     Ta posnetek je ze v bazi; vir=NW_STOCK, podjetje=2, cas posnetka=2026-09-17 15:08:11Z, uporabljenih=2762, v karanteni=0, RunId=d23087be-a838-40b8-b0d7-5077d0ec40a5. Zapisano ni bilo nic.
18:00:18     Prebranih zapisov: 2762; SHA-256: 746092adc9397b309fddffe4f8a1d6469614ce2396ea9838b2db1e1095d41559
18:00:19     Ta posnetek je ze v bazi; vir=NW_STOCK, podjetje=3, cas posnetka=2026-09-17 15:08:11Z, uporabljenih=2762, v karanteni=0, RunId=f2a38d3a-2bb5-4f9d-9f95-ebdfdd5a8a3a. Zapisano ni bilo nic.
18:00:19     Prebranih zapisov: 2762; SHA-256: 746092adc9397b309fddffe4f8a1d6469614ce2396ea9838b2db1e1095d41559
18:00:20     Ta posnetek je ze v bazi; vir=NW_STOCK, podjetje=4, cas posnetka=2026-09-17 15:08:11Z, uporabljenih=2762, v karanteni=0, RunId=67a1ebb2-06b3-4823-a16a-78baeb97eb80. Zapisano ni bilo nic.
18:00:20     konec: Zaloga NW_STOCK
18:00:20  == Zaloga BT_STOCK ==
18:00:21     SOURCE_FETCH: se ni na vrsti po razporedu; preskoceno.
18:00:21     Prebranih zapisov: 1389; SHA-256: 6698019c346705d3b9d19eee8d7a34a628cfee93615acac603b2d6f2cb666cdf
18:00:22     STOCK_FILE pri podjetju 1: se ni na vrsti po razporedu; preskoceno.
18:00:22     Prebranih zapisov: 1389; SHA-256: 6698019c346705d3b9d19eee8d7a34a628cfee93615acac603b2d6f2cb666cdf
18:00:23     STOCK_FILE pri podjetju 2: se ni na vrsti po razporedu; preskoceno.
18:00:23     Prebranih zapisov: 1389; SHA-256: 6698019c346705d3b9d19eee8d7a34a628cfee93615acac603b2d6f2cb666cdf
18:00:24     STOCK_FILE pri podjetju 3: se ni na vrsti po razporedu; preskoceno.
18:00:24     Prebranih zapisov: 1389; SHA-256: 6698019c346705d3b9d19eee8d7a34a628cfee93615acac603b2d6f2cb666cdf
18:00:25     STOCK_FILE pri podjetju 4: se ni na vrsti po razporedu; preskoceno.
18:00:25     konec: Zaloga BT_STOCK
18:00:25  == Zaloga iz SAOP (kolicine) ==
18:00:26     [1] SAOP_STOCK: se ni na vrsti po razporedu; preskoceno.
18:00:26     [2] SAOP_STOCK: se ni na vrsti po razporedu; preskoceno.
18:00:26     [3] SAOP_STOCK: se ni na vrsti po razporedu; preskoceno.
18:00:26     [4] SAOP_STOCK: se ni na vrsti po razporedu; preskoceno.
18:00:26     konec: Zaloga iz SAOP (kolicine)
18:00:26  == Osvezitev cen kataloga ==
18:00:27     Živ SAOP zajem: podjetij=4, končnih točk=1, delta zajem, razpored=SAOP_PRICES.
18:00:27     [2] IQLighting (SAOP_IQLIGHTING)
18:00:48     STDERR:   Cenikov ni bilo mogoče prebrati (A connection attempt failed because the connected party did not properly respond after a period of time, or established connection failed because connected host has failed to respond. (192.168.178.12:81)); GetPrices bo preskočen.
18:00:48       GetPrices: NAPAKA [0,0 s] — GetPrices: ni razpoložljivih cenikov (api/pricelists je vrnil prazen seznam ali ga ni bilo mogoče doseči) — zajem preskočen, mejnik nespremenjen.
18:00:48       SKUPAJ strani=0 zapisov=0 RunId=3a327421-769a-45eb-93a0-4170a73e7b3e
18:00:48     [3] Vidadria (SAOP_VIDADRIA)
18:01:09     STDERR:   Cenikov ni bilo mogoče prebrati (A connection attempt failed because the connected party did not properly respond after a period of time, or established connection failed because connected host has failed to respond. (192.168.178.12:81)); GetPrices bo preskočen.
18:01:09       GetPrices: NAPAKA [0,0 s] — GetPrices: ni razpoložljivih cenikov (api/pricelists je vrnil prazen seznam ali ga ni bilo mogoče doseči) — zajem preskočen, mejnik nespremenjen.
18:01:09       SKUPAJ strani=0 zapisov=0 RunId=1c7c0033-3f58-4f93-8f6f-06f014d905f6
18:01:09     [4] Ediito (SAOP_EDIITO)
18:01:30     STDERR:   Cenikov ni bilo mogoče prebrati (A connection attempt failed because the connected party did not properly respond after a period of time, or established connection failed because connected host has failed to respond. (192.168.178.12:81)); GetPrices bo preskočen.
18:01:30       GetPrices: NAPAKA [0,0 s] — GetPrices: ni razpoložljivih cenikov (api/pricelists je vrnil prazen seznam ali ga ni bilo mogoče doseči) — zajem preskočen, mejnik nespremenjen.
18:01:30       SKUPAJ strani=0 zapisov=0 RunId=e356c09e-5fa0-4470-8562-20cb41c47a6b
18:01:30     [1] DEMO (SAOP_DEMO)
18:01:51     STDERR:   Cenikov ni bilo mogoče prebrati (A connection attempt failed because the connected party did not properly respond after a period of time, or established connection failed because connected host has failed to respond. (192.168.178.12:81)); GetPrices bo preskočen.
18:01:51       GetPrices: NAPAKA [0,0 s] — GetPrices: ni razpoložljivih cenikov (api/pricelists je vrnil prazen seznam ali ga ni bilo mogoče doseči) — zajem preskočen, mejnik nespremenjen.
18:01:51       SKUPAJ strani=0 zapisov=0 RunId=2ae62b34-c338-46cc-83a4-6624a514b99c
18:01:52     NAPAKA: worker PIM.KatalogWorker je koncal z izhodno kodo 1
18:01:52  == Izvoz cen in zaloge za splet ==
18:02:01     Izvoz profila MAGENTO_STOCK_PRICES končan: 11435 vrstic v C:\Users\david\Desktop\PIM\NoviPIM\izvoz\magento\1
18:02:52     Izvoz profila MAGENTO_STOCK_PRICES končan: 89652 vrstic v C:\Users\david\Desktop\PIM\NoviPIM\izvoz\magento\2
18:03:08     Izvoz profila MAGENTO_STOCK_PRICES končan: 18683 vrstic v C:\Users\david\Desktop\PIM\NoviPIM\izvoz\magento\3
18:03:30     Izvoz profila MAGENTO_STOCK_PRICES končan: 35650 vrstic v C:\Users\david\Desktop\PIM\NoviPIM\izvoz\magento\4
18:03:30     konec: Izvoz cen in zaloge za splet
18:03:30  == Osvezitev kataloga in strank s cenami in zalogo (podjetje 2) ==
18:03:31     STDERR: Unhandled exception. System.ArgumentException: Manjka --output-dir.
18:03:31     STDERR:    at Program.<<Main>$>g__Required|0_0(String[] args, String name) in C:\Users\david\Desktop\PIM\NoviPIM\PIM_Solution\workers\PIM.B2bWorker\Program.cs:line 87
18:03:31     STDERR:    at Program.<Main>$(String[] args) in C:\Users\david\Desktop\PIM\NoviPIM\PIM_Solution\workers\PIM.B2bWorker\Program.cs:line 17
18:03:31     STDERR:    at Program.<Main>(String[] args)
18:03:32     NAPAKA: worker PIM.B2bWorker je koncal z izhodno kodo -532462766
18:03:32  Zalogovni cikel koncan; padlih korakov: 2.
18:05:15  == Zaloga NW_STOCK ==
18:05:16     [NW_STOCK] preskoceno: Razmik dobavitelja se tece; naslednji prenos po 17. 09. 2026 19:08.
18:05:16     Prevzem koncan: uspesno 0, neuspesno 0, skupaj virov 1.
18:05:16     Prebranih zapisov: 2762; SHA-256: 746092adc9397b309fddffe4f8a1d6469614ce2396ea9838b2db1e1095d41559
18:05:17     Ta posnetek je ze v bazi; vir=NW_STOCK, podjetje=1, cas posnetka=2026-09-17 15:08:11Z, uporabljenih=2762, v karanteni=0, RunId=6e357333-48e0-413e-9a6e-6afe2f340d5a. Zapisano ni bilo nic.
18:05:18     Prebranih zapisov: 2762; SHA-256: 746092adc9397b309fddffe4f8a1d6469614ce2396ea9838b2db1e1095d41559
18:05:18     Ta posnetek je ze v bazi; vir=NW_STOCK, podjetje=2, cas posnetka=2026-09-17 15:08:11Z, uporabljenih=2762, v karanteni=0, RunId=d23087be-a838-40b8-b0d7-5077d0ec40a5. Zapisano ni bilo nic.
18:05:19     Prebranih zapisov: 2762; SHA-256: 746092adc9397b309fddffe4f8a1d6469614ce2396ea9838b2db1e1095d41559
18:05:19     Ta posnetek je ze v bazi; vir=NW_STOCK, podjetje=3, cas posnetka=2026-09-17 15:08:11Z, uporabljenih=2762, v karanteni=0, RunId=f2a38d3a-2bb5-4f9d-9f95-ebdfdd5a8a3a. Zapisano ni bilo nic.
18:05:20     Prebranih zapisov: 2762; SHA-256: 746092adc9397b309fddffe4f8a1d6469614ce2396ea9838b2db1e1095d41559
18:05:20     Ta posnetek je ze v bazi; vir=NW_STOCK, podjetje=4, cas posnetka=2026-09-17 15:08:11Z, uporabljenih=2762, v karanteni=0, RunId=67a1ebb2-06b3-4823-a16a-78baeb97eb80. Zapisano ni bilo nic.
18:05:20     konec: Zaloga NW_STOCK
18:05:20  == Zaloga BT_STOCK ==
18:05:21     SOURCE_FETCH: se ni na vrsti po razporedu; preskoceno.
18:05:22     Prebranih zapisov: 1389; SHA-256: 6698019c346705d3b9d19eee8d7a34a628cfee93615acac603b2d6f2cb666cdf
18:05:22     STOCK_FILE pri podjetju 1: se ni na vrsti po razporedu; preskoceno.
18:05:23     Prebranih zapisov: 1389; SHA-256: 6698019c346705d3b9d19eee8d7a34a628cfee93615acac603b2d6f2cb666cdf
18:05:23     STOCK_FILE pri podjetju 2: se ni na vrsti po razporedu; preskoceno.
18:05:24     Prebranih zapisov: 1389; SHA-256: 6698019c346705d3b9d19eee8d7a34a628cfee93615acac603b2d6f2cb666cdf
18:05:24     STOCK_FILE pri podjetju 3: se ni na vrsti po razporedu; preskoceno.
18:05:25     Prebranih zapisov: 1389; SHA-256: 6698019c346705d3b9d19eee8d7a34a628cfee93615acac603b2d6f2cb666cdf
18:05:25     STOCK_FILE pri podjetju 4: se ni na vrsti po razporedu; preskoceno.
18:05:25     konec: Zaloga BT_STOCK
18:05:25  == Zaloga iz SAOP (kolicine) ==
18:05:26     [1] SAOP_STOCK: se ni na vrsti po razporedu; preskoceno.
18:05:26     [2] SAOP_STOCK: se ni na vrsti po razporedu; preskoceno.
18:05:26     [3] SAOP_STOCK: se ni na vrsti po razporedu; preskoceno.
18:05:26     [4] SAOP_STOCK: se ni na vrsti po razporedu; preskoceno.
18:05:26     konec: Zaloga iz SAOP (kolicine)
18:05:26  == Osvezitev cen kataloga ==
18:05:27     Živ SAOP zajem: podjetij=4, končnih točk=1, delta zajem, razpored=SAOP_PRICES.
18:05:27     [2] IQLighting (SAOP_IQLIGHTING)
18:05:48     STDERR:   Cenikov ni bilo mogoče prebrati (A connection attempt failed because the connected party did not properly respond after a period of time, or established connection failed because connected host has failed to respond. (192.168.178.12:81)); GetPrices bo preskočen.
18:05:48       GetPrices: NAPAKA [0,0 s] — GetPrices: ni razpoložljivih cenikov (api/pricelists je vrnil prazen seznam ali ga ni bilo mogoče doseči) — zajem preskočen, mejnik nespremenjen.
18:05:48       SKUPAJ strani=0 zapisov=0 RunId=fe07f1e1-5de0-4f2a-ac4d-4f0378fddba5
18:05:48     [3] Vidadria (SAOP_VIDADRIA)
18:06:09     STDERR:   Cenikov ni bilo mogoče prebrati (A connection attempt failed because the connected party did not properly respond after a period of time, or established connection failed because connected host has failed to respond. (192.168.178.12:81)); GetPrices bo preskočen.
18:06:09       GetPrices: NAPAKA [0,0 s] — GetPrices: ni razpoložljivih cenikov (api/pricelists je vrnil prazen seznam ali ga ni bilo mogoče doseči) — zajem preskočen, mejnik nespremenjen.
18:06:09       SKUPAJ strani=0 zapisov=0 RunId=b3df89ed-9c74-4846-bbda-8d9fa8802d45
18:06:09     [4] Ediito (SAOP_EDIITO)
18:06:30     STDERR:   Cenikov ni bilo mogoče prebrati (A connection attempt failed because the connected party did not properly respond after a period of time, or established connection failed because connected host has failed to respond. (192.168.178.12:81)); GetPrices bo preskočen.
18:06:30       GetPrices: NAPAKA [0,0 s] — GetPrices: ni razpoložljivih cenikov (api/pricelists je vrnil prazen seznam ali ga ni bilo mogoče doseči) — zajem preskočen, mejnik nespremenjen.
18:06:30       SKUPAJ strani=0 zapisov=0 RunId=455b8833-5a0c-480e-8bef-76b63ac5bab3
18:06:30     [1] DEMO (SAOP_DEMO)
18:06:51     STDERR:   Cenikov ni bilo mogoče prebrati (A connection attempt failed because the connected party did not properly respond after a period of time, or established connection failed because connected host has failed to respond. (192.168.178.12:81)); GetPrices bo preskočen.
18:06:51       GetPrices: NAPAKA [0,0 s] — GetPrices: ni razpoložljivih cenikov (api/pricelists je vrnil prazen seznam ali ga ni bilo mogoče doseči) — zajem preskočen, mejnik nespremenjen.
18:06:51       SKUPAJ strani=0 zapisov=0 RunId=bff23ba8-73f8-4692-9a0d-1b9bfda174d2
18:06:51     NAPAKA: worker PIM.KatalogWorker je koncal z izhodno kodo 1
18:06:51  == Izvoz cen in zaloge za splet ==
18:07:01     Izvoz profila MAGENTO_STOCK_PRICES končan: 11435 vrstic v C:\Users\david\Desktop\PIM\NoviPIM\izvoz\magento\1
18:07:54     Izvoz profila MAGENTO_STOCK_PRICES končan: 89652 vrstic v C:\Users\david\Desktop\PIM\NoviPIM\izvoz\magento\2
18:08:10     Izvoz profila MAGENTO_STOCK_PRICES končan: 18683 vrstic v C:\Users\david\Desktop\PIM\NoviPIM\izvoz\magento\3
18:08:33     Izvoz profila MAGENTO_STOCK_PRICES končan: 35650 vrstic v C:\Users\david\Desktop\PIM\NoviPIM\izvoz\magento\4
18:08:33     konec: Izvoz cen in zaloge za splet
18:08:33  == Osvezitev kataloga in strank s cenami in zalogo (podjetje 2) ==
18:08:34     STDERR: Unhandled exception. System.ArgumentException: Manjka --output-dir.
18:08:34     STDERR:    at Program.<<Main>$>g__Required|0_0(String[] args, String name) in C:\Users\david\Desktop\PIM\NoviPIM\PIM_Solution\workers\PIM.B2bWorker\Program.cs:line 87
18:08:34     STDERR:    at Program.<Main>$(String[] args) in C:\Users\david\Desktop\PIM\NoviPIM\PIM_Solution\workers\PIM.B2bWorker\Program.cs:line 17
18:08:34     STDERR:    at Program.<Main>(String[] args)
18:08:35     NAPAKA: worker PIM.B2bWorker je koncal z izhodno kodo -532462766
18:08:35  Zalogovni cikel koncan; padlih korakov: 2.
18:10:15  == Zaloga NW_STOCK ==
18:10:15     SOURCE_FETCH: se ni na vrsti po razporedu; preskoceno.
18:10:16     Prebranih zapisov: 2762; SHA-256: 746092adc9397b309fddffe4f8a1d6469614ce2396ea9838b2db1e1095d41559
18:10:16     STOCK_FILE pri podjetju 1: se ni na vrsti po razporedu; preskoceno.
18:10:17     Prebranih zapisov: 2762; SHA-256: 746092adc9397b309fddffe4f8a1d6469614ce2396ea9838b2db1e1095d41559
18:10:17     STOCK_FILE pri podjetju 2: se ni na vrsti po razporedu; preskoceno.
18:10:18     Prebranih zapisov: 2762; SHA-256: 746092adc9397b309fddffe4f8a1d6469614ce2396ea9838b2db1e1095d41559
18:10:18     STOCK_FILE pri podjetju 3: se ni na vrsti po razporedu; preskoceno.
18:10:19     Prebranih zapisov: 2762; SHA-256: 746092adc9397b309fddffe4f8a1d6469614ce2396ea9838b2db1e1095d41559
18:10:19     STOCK_FILE pri podjetju 4: se ni na vrsti po razporedu; preskoceno.
18:10:19     konec: Zaloga NW_STOCK
18:10:19  == Zaloga BT_STOCK ==
18:10:20     [BT_STOCK] preskoceno: Razmik dobavitelja se tece; naslednji prenos po 17. 09. 2026 20:07.
18:10:20     Prevzem koncan: uspesno 0, neuspesno 0, skupaj virov 1.
18:10:21     Prebranih zapisov: 1389; SHA-256: 6698019c346705d3b9d19eee8d7a34a628cfee93615acac603b2d6f2cb666cdf
18:10:21     Ta posnetek je ze v bazi; vir=BT_STOCK, podjetje=1, cas posnetka=2026-09-17 15:07:47Z, uporabljenih=1389, v karanteni=0, RunId=29a79c20-8f70-4926-adba-027582a5633e. Zapisano ni bilo nic.
18:10:22     Prebranih zapisov: 1389; SHA-256: 6698019c346705d3b9d19eee8d7a34a628cfee93615acac603b2d6f2cb666cdf
18:10:22     Ta posnetek je ze v bazi; vir=BT_STOCK, podjetje=2, cas posnetka=2026-09-17 15:07:47Z, uporabljenih=1389, v karanteni=0, RunId=7f8b9bc6-9c94-4908-8368-ca840e90feb4. Zapisano ni bilo nic.
18:10:23     Prebranih zapisov: 1389; SHA-256: 6698019c346705d3b9d19eee8d7a34a628cfee93615acac603b2d6f2cb666cdf
18:10:23     Ta posnetek je ze v bazi; vir=BT_STOCK, podjetje=3, cas posnetka=2026-09-17 15:07:47Z, uporabljenih=1389, v karanteni=0, RunId=69e4e351-dc8f-4b85-9bd5-72cf28d35906. Zapisano ni bilo nic.
18:10:24     Prebranih zapisov: 1389; SHA-256: 6698019c346705d3b9d19eee8d7a34a628cfee93615acac603b2d6f2cb666cdf
18:10:24     Ta posnetek je ze v bazi; vir=BT_STOCK, podjetje=4, cas posnetka=2026-09-17 15:07:47Z, uporabljenih=1389, v karanteni=0, RunId=4826bbfa-159c-452a-bff7-0b106ff82ed5. Zapisano ni bilo nic.
18:10:24     konec: Zaloga BT_STOCK
18:10:24  == Zaloga iz SAOP (kolicine) ==
18:10:46     STDERR: [1] NAPAKA: A connection attempt failed because the connected party did not properly respond after a period of time, or established connection failed because connected host has failed to respond. (192.168.178.12:81)
18:11:08     STDERR: [2] NAPAKA: A connection attempt failed because the connected party did not properly respond after a period of time, or established connection failed because connected host has failed to respond. (192.168.178.12:81)
18:11:29     STDERR: [3] NAPAKA: A connection attempt failed because the connected party did not properly respond after a period of time, or established connection failed because connected host has failed to respond. (192.168.178.12:81)
18:11:50     STDERR: [4] NAPAKA: A connection attempt failed because the connected party did not properly respond after a period of time, or established connection failed because connected host has failed to respond. (192.168.178.12:81)
18:11:50     NAPAKA: worker PIM.SaopStockWorker je koncal z izhodno kodo 1
18:11:50  == Osvezitev cen kataloga ==
18:11:50     Živ SAOP zajem: podjetij=4, končnih točk=1, delta zajem, razpored=SAOP_PRICES.
18:11:50     [2] IQLighting (SAOP_IQLIGHTING)
18:12:12     STDERR:   Cenikov ni bilo mogoče prebrati (A connection attempt failed because the connected party did not properly respond after a period of time, or established connection failed because connected host has failed to respond. (192.168.178.12:81)); GetPrices bo preskočen.
18:12:12       GetPrices: NAPAKA [0,0 s] — GetPrices: ni razpoložljivih cenikov (api/pricelists je vrnil prazen seznam ali ga ni bilo mogoče doseči) — zajem preskočen, mejnik nespremenjen.
18:12:12       SKUPAJ strani=0 zapisov=0 RunId=e64cad6c-e39f-4943-a05f-c4bed9295bd2
18:12:12     [3] Vidadria (SAOP_VIDADRIA)
18:12:33     STDERR:   Cenikov ni bilo mogoče prebrati (A connection attempt failed because the connected party did not properly respond after a period of time, or established connection failed because connected host has failed to respond. (192.168.178.12:81)); GetPrices bo preskočen.
18:12:33       GetPrices: NAPAKA [0,0 s] — GetPrices: ni razpoložljivih cenikov (api/pricelists je vrnil prazen seznam ali ga ni bilo mogoče doseči) — zajem preskočen, mejnik nespremenjen.
18:12:33       SKUPAJ strani=0 zapisov=0 RunId=54d40ae9-87a3-4e63-bb0d-14d8df79ec2a
18:12:33     [4] Ediito (SAOP_EDIITO)
18:12:54     STDERR:   Cenikov ni bilo mogoče prebrati (A connection attempt failed because the connected party did not properly respond after a period of time, or established connection failed because connected host has failed to respond. (192.168.178.12:81)); GetPrices bo preskočen.
18:12:54       GetPrices: NAPAKA [0,0 s] — GetPrices: ni razpoložljivih cenikov (api/pricelists je vrnil prazen seznam ali ga ni bilo mogoče doseči) — zajem preskočen, mejnik nespremenjen.
18:12:54       SKUPAJ strani=0 zapisov=0 RunId=23ecac38-db54-4783-9540-472da77c5840
18:12:54     [1] DEMO (SAOP_DEMO)
18:13:15     STDERR:   Cenikov ni bilo mogoče prebrati (A connection attempt failed because the connected party did not properly respond after a period of time, or established connection failed because connected host has failed to respond. (192.168.178.12:81)); GetPrices bo preskočen.
18:13:15       GetPrices: NAPAKA [0,0 s] — GetPrices: ni razpoložljivih cenikov (api/pricelists je vrnil prazen seznam ali ga ni bilo mogoče doseči) — zajem preskočen, mejnik nespremenjen.
18:13:15       SKUPAJ strani=0 zapisov=0 RunId=e79bda16-388e-40c5-b353-03962fac2570
18:13:15     NAPAKA: worker PIM.KatalogWorker je koncal z izhodno kodo 1
18:13:15  == Izvoz cen in zaloge za splet ==
18:13:25     Izvoz profila MAGENTO_STOCK_PRICES končan: 11435 vrstic v C:\Users\david\Desktop\PIM\NoviPIM\izvoz\magento\1
18:14:17     Izvoz profila MAGENTO_STOCK_PRICES končan: 89652 vrstic v C:\Users\david\Desktop\PIM\NoviPIM\izvoz\magento\2
18:14:41     Izvoz profila MAGENTO_STOCK_PRICES končan: 18683 vrstic v C:\Users\david\Desktop\PIM\NoviPIM\izvoz\magento\3
18:15:06     Izvoz profila MAGENTO_STOCK_PRICES končan: 35650 vrstic v C:\Users\david\Desktop\PIM\NoviPIM\izvoz\magento\4
18:15:06     konec: Izvoz cen in zaloge za splet
18:15:06  == Osvezitev kataloga in strank s cenami in zalogo (podjetje 2) ==
18:15:07     STDERR: Unhandled exception. System.ArgumentException: Manjka --output-dir.
18:15:07     STDERR:    at Program.<<Main>$>g__Required|0_0(String[] args, String name) in C:\Users\david\Desktop\PIM\NoviPIM\PIM_Solution\workers\PIM.B2bWorker\Program.cs:line 87
18:15:07     STDERR:    at Program.<Main>$(String[] args) in C:\Users\david\Desktop\PIM\NoviPIM\PIM_Solution\workers\PIM.B2bWorker\Program.cs:line 17
18:15:07     STDERR:    at Program.<Main>(String[] args)
18:15:08     NAPAKA: worker PIM.B2bWorker je koncal z izhodno kodo -532462766
18:15:08  Zalogovni cikel koncan; padlih korakov: 3.
18:15:15  == Zaloga NW_STOCK ==
18:15:16     SOURCE_FETCH: se ni na vrsti po razporedu; preskoceno.
18:15:16     Prebranih zapisov: 2762; SHA-256: 746092adc9397b309fddffe4f8a1d6469614ce2396ea9838b2db1e1095d41559
18:15:17     STOCK_FILE pri podjetju 1: se ni na vrsti po razporedu; preskoceno.
18:15:17     Prebranih zapisov: 2762; SHA-256: 746092adc9397b309fddffe4f8a1d6469614ce2396ea9838b2db1e1095d41559
18:15:18     STOCK_FILE pri podjetju 2: se ni na vrsti po razporedu; preskoceno.
18:15:18     Prebranih zapisov: 2762; SHA-256: 746092adc9397b309fddffe4f8a1d6469614ce2396ea9838b2db1e1095d41559
18:15:19     STOCK_FILE pri podjetju 3: se ni na vrsti po razporedu; preskoceno.
18:15:19     Prebranih zapisov: 2762; SHA-256: 746092adc9397b309fddffe4f8a1d6469614ce2396ea9838b2db1e1095d41559
18:15:20     STOCK_FILE pri podjetju 4: se ni na vrsti po razporedu; preskoceno.
18:15:20     konec: Zaloga NW_STOCK
18:15:20  == Zaloga BT_STOCK ==
18:15:21     [BT_STOCK] preskoceno: Razmik dobavitelja se tece; naslednji prenos po 17. 09. 2026 20:07.
18:15:21     Prevzem koncan: uspesno 0, neuspesno 0, skupaj virov 1.
18:15:22     Prebranih zapisov: 1389; SHA-256: 6698019c346705d3b9d19eee8d7a34a628cfee93615acac603b2d6f2cb666cdf
18:15:22     Ta posnetek je ze v bazi; vir=BT_STOCK, podjetje=1, cas posnetka=2026-09-17 15:07:47Z, uporabljenih=1389, v karanteni=0, RunId=29a79c20-8f70-4926-adba-027582a5633e. Zapisano ni bilo nic.
18:15:23     Prebranih zapisov: 1389; SHA-256: 6698019c346705d3b9d19eee8d7a34a628cfee93615acac603b2d6f2cb666cdf
18:15:23     Ta posnetek je ze v bazi; vir=BT_STOCK, podjetje=2, cas posnetka=2026-09-17 15:07:47Z, uporabljenih=1389, v karanteni=0, RunId=7f8b9bc6-9c94-4908-8368-ca840e90feb4. Zapisano ni bilo nic.
18:15:24     Prebranih zapisov: 1389; SHA-256: 6698019c346705d3b9d19eee8d7a34a628cfee93615acac603b2d6f2cb666cdf
18:15:24     Ta posnetek je ze v bazi; vir=BT_STOCK, podjetje=3, cas posnetka=2026-09-17 15:07:47Z, uporabljenih=1389, v karanteni=0, RunId=69e4e351-dc8f-4b85-9bd5-72cf28d35906. Zapisano ni bilo nic.
18:15:25     Prebranih zapisov: 1389; SHA-256: 6698019c346705d3b9d19eee8d7a34a628cfee93615acac603b2d6f2cb666cdf
18:15:25     Ta posnetek je ze v bazi; vir=BT_STOCK, podjetje=4, cas posnetka=2026-09-17 15:07:47Z, uporabljenih=1389, v karanteni=0, RunId=4826bbfa-159c-452a-bff7-0b106ff82ed5. Zapisano ni bilo nic.
18:15:25     konec: Zaloga BT_STOCK
18:15:25  == Zaloga iz SAOP (kolicine) ==
18:15:26     [1] SAOP_STOCK: se ni na vrsti po razporedu; preskoceno.
18:15:26     [2] SAOP_STOCK: se ni na vrsti po razporedu; preskoceno.
18:15:26     [3] SAOP_STOCK: se ni na vrsti po razporedu; preskoceno.
18:15:26     [4] SAOP_STOCK: se ni na vrsti po razporedu; preskoceno.
18:15:26     konec: Zaloga iz SAOP (kolicine)
18:15:26  == Osvezitev cen kataloga ==
18:15:27     Živ SAOP zajem: podjetij=4, končnih točk=1, delta zajem, razpored=SAOP_PRICES.
18:15:27     [2] IQLighting (SAOP_IQLIGHTING)
18:15:49     STDERR:   Cenikov ni bilo mogoče prebrati (A connection attempt failed because the connected party did not properly respond after a period of time, or established connection failed because connected host has failed to respond. (192.168.178.12:81)); GetPrices bo preskočen.
18:15:49       GetPrices: NAPAKA [0,0 s] — GetPrices: ni razpoložljivih cenikov (api/pricelists je vrnil prazen seznam ali ga ni bilo mogoče doseči) — zajem preskočen, mejnik nespremenjen.
18:15:49       SKUPAJ strani=0 zapisov=0 RunId=e0c2dc1a-b222-4bc2-9445-a5d2f198a12a
18:15:49     [3] Vidadria (SAOP_VIDADRIA)
18:16:10     STDERR:   Cenikov ni bilo mogoče prebrati (A connection attempt failed because the connected party did not properly respond after a period of time, or established connection failed because connected host has failed to respond. (192.168.178.12:81)); GetPrices bo preskočen.
18:16:10       GetPrices: NAPAKA [0,0 s] — GetPrices: ni razpoložljivih cenikov (api/pricelists je vrnil prazen seznam ali ga ni bilo mogoče doseči) — zajem preskočen, mejnik nespremenjen.
18:16:10       SKUPAJ strani=0 zapisov=0 RunId=4793345f-3b83-44f0-98df-f57f6883bf59
18:16:10     [4] Ediito (SAOP_EDIITO)
18:16:31     STDERR:   Cenikov ni bilo mogoče prebrati (A connection attempt failed because the connected party did not properly respond after a period of time, or established connection failed because connected host has failed to respond. (192.168.178.12:81)); GetPrices bo preskočen.
18:16:31       GetPrices: NAPAKA [0,0 s] — GetPrices: ni razpoložljivih cenikov (api/pricelists je vrnil prazen seznam ali ga ni bilo mogoče doseči) — zajem preskočen, mejnik nespremenjen.
18:16:31       SKUPAJ strani=0 zapisov=0 RunId=efc9cf82-7e66-47f1-a675-813909998374
18:16:31     [1] DEMO (SAOP_DEMO)
18:16:52     STDERR:   Cenikov ni bilo mogoče prebrati (A connection attempt failed because the connected party did not properly respond after a period of time, or established connection failed because connected host has failed to respond. (192.168.178.12:81)); GetPrices bo preskočen.
18:16:52       GetPrices: NAPAKA [0,0 s] — GetPrices: ni razpoložljivih cenikov (api/pricelists je vrnil prazen seznam ali ga ni bilo mogoče doseči) — zajem preskočen, mejnik nespremenjen.
18:16:52       SKUPAJ strani=0 zapisov=0 RunId=2525231a-1cc1-4d93-b6bc-83fe7428b1a2
18:16:52     NAPAKA: worker PIM.KatalogWorker je koncal z izhodno kodo 1
18:16:52  == Izvoz cen in zaloge za splet ==
18:17:02     Izvoz profila MAGENTO_STOCK_PRICES končan: 11435 vrstic v C:\Users\david\Desktop\PIM\NoviPIM\izvoz\magento\1
18:17:55     Izvoz profila MAGENTO_STOCK_PRICES končan: 89652 vrstic v C:\Users\david\Desktop\PIM\NoviPIM\izvoz\magento\2
18:18:11     Izvoz profila MAGENTO_STOCK_PRICES končan: 18683 vrstic v C:\Users\david\Desktop\PIM\NoviPIM\izvoz\magento\3
18:18:35     Izvoz profila MAGENTO_STOCK_PRICES končan: 35650 vrstic v C:\Users\david\Desktop\PIM\NoviPIM\izvoz\magento\4
18:18:35     konec: Izvoz cen in zaloge za splet
18:18:35  == Osvezitev kataloga in strank s cenami in zalogo (podjetje 2) ==
18:18:35     STDERR: Unhandled exception. System.ArgumentException: Manjka --output-dir.
18:18:35     STDERR:    at Program.<<Main>$>g__Required|0_0(String[] args, String name) in C:\Users\david\Desktop\PIM\NoviPIM\PIM_Solution\workers\PIM.B2bWorker\Program.cs:line 87
18:18:35     STDERR:    at Program.<Main>$(String[] args) in C:\Users\david\Desktop\PIM\NoviPIM\PIM_Solution\workers\PIM.B2bWorker\Program.cs:line 17
18:18:35     STDERR:    at Program.<Main>(String[] args)
18:18:36     NAPAKA: worker PIM.B2bWorker je koncal z izhodno kodo -532462766
18:18:36  Zalogovni cikel koncan; padlih korakov: 2.
18:20:15  == Zaloga NW_STOCK ==
18:20:16     SOURCE_FETCH: se ni na vrsti po razporedu; preskoceno.
18:20:16     Prebranih zapisov: 2762; SHA-256: 746092adc9397b309fddffe4f8a1d6469614ce2396ea9838b2db1e1095d41559
18:20:16     STOCK_FILE pri podjetju 1: se ni na vrsti po razporedu; preskoceno.
18:20:17     Prebranih zapisov: 2762; SHA-256: 746092adc9397b309fddffe4f8a1d6469614ce2396ea9838b2db1e1095d41559
18:20:17     STOCK_FILE pri podjetju 2: se ni na vrsti po razporedu; preskoceno.
18:20:18     Prebranih zapisov: 2762; SHA-256: 746092adc9397b309fddffe4f8a1d6469614ce2396ea9838b2db1e1095d41559
18:20:18     STOCK_FILE pri podjetju 3: se ni na vrsti po razporedu; preskoceno.
18:20:19     Prebranih zapisov: 2762; SHA-256: 746092adc9397b309fddffe4f8a1d6469614ce2396ea9838b2db1e1095d41559
18:20:19     STOCK_FILE pri podjetju 4: se ni na vrsti po razporedu; preskoceno.
18:20:19     konec: Zaloga NW_STOCK
18:20:19  == Zaloga BT_STOCK ==
18:20:20     SOURCE_FETCH: se ni na vrsti po razporedu; preskoceno.
18:20:21     Prebranih zapisov: 1389; SHA-256: 6698019c346705d3b9d19eee8d7a34a628cfee93615acac603b2d6f2cb666cdf
18:20:21     STOCK_FILE pri podjetju 1: se ni na vrsti po razporedu; preskoceno.
18:20:22     Prebranih zapisov: 1389; SHA-256: 6698019c346705d3b9d19eee8d7a34a628cfee93615acac603b2d6f2cb666cdf
18:20:22     STOCK_FILE pri podjetju 2: se ni na vrsti po razporedu; preskoceno.
18:20:23     Prebranih zapisov: 1389; SHA-256: 6698019c346705d3b9d19eee8d7a34a628cfee93615acac603b2d6f2cb666cdf
18:20:23     STOCK_FILE pri podjetju 3: se ni na vrsti po razporedu; preskoceno.
18:20:24     Prebranih zapisov: 1389; SHA-256: 6698019c346705d3b9d19eee8d7a34a628cfee93615acac603b2d6f2cb666cdf
18:20:24     STOCK_FILE pri podjetju 4: se ni na vrsti po razporedu; preskoceno.
18:20:24     konec: Zaloga BT_STOCK
18:20:24  == Zaloga iz SAOP (kolicine) ==
18:20:25     [1] SAOP_STOCK: se ni na vrsti po razporedu; preskoceno.
18:20:25     [2] SAOP_STOCK: se ni na vrsti po razporedu; preskoceno.
18:20:25     [3] SAOP_STOCK: se ni na vrsti po razporedu; preskoceno.
18:20:25     [4] SAOP_STOCK: se ni na vrsti po razporedu; preskoceno.
18:20:25     konec: Zaloga iz SAOP (kolicine)
18:20:25  == Osvezitev cen kataloga ==
18:20:26     Živ SAOP zajem: podjetij=4, končnih točk=1, delta zajem, razpored=SAOP_PRICES.
18:20:26     [2] IQLighting (SAOP_IQLIGHTING)
18:20:47     STDERR:   Cenikov ni bilo mogoče prebrati (A connection attempt failed because the connected party did not properly respond after a period of time, or established connection failed because connected host has failed to respond. (192.168.178.12:81)); GetPrices bo preskočen.
18:20:47       GetPrices: NAPAKA [0,0 s] — GetPrices: ni razpoložljivih cenikov (api/pricelists je vrnil prazen seznam ali ga ni bilo mogoče doseči) — zajem preskočen, mejnik nespremenjen.
18:20:47       SKUPAJ strani=0 zapisov=0 RunId=e2246148-f8ce-471f-b337-311ed2a2ea50
18:20:47     [3] Vidadria (SAOP_VIDADRIA)
18:21:08     STDERR:   Cenikov ni bilo mogoče prebrati (A connection attempt failed because the connected party did not properly respond after a period of time, or established connection failed because connected host has failed to respond. (192.168.178.12:81)); GetPrices bo preskočen.
18:21:08       GetPrices: NAPAKA [0,0 s] — GetPrices: ni razpoložljivih cenikov (api/pricelists je vrnil prazen seznam ali ga ni bilo mogoče doseči) — zajem preskočen, mejnik nespremenjen.
18:21:09       SKUPAJ strani=0 zapisov=0 RunId=3f9d6ff4-ceaa-44c4-85ba-9640d38f0ffc
18:21:09     [4] Ediito (SAOP_EDIITO)
18:21:30     STDERR:   Cenikov ni bilo mogoče prebrati (A connection attempt failed because the connected party did not properly respond after a period of time, or established connection failed because connected host has failed to respond. (192.168.178.12:81)); GetPrices bo preskočen.
18:21:30       GetPrices: NAPAKA [0,0 s] — GetPrices: ni razpoložljivih cenikov (api/pricelists je vrnil prazen seznam ali ga ni bilo mogoče doseči) — zajem preskočen, mejnik nespremenjen.
18:21:30       SKUPAJ strani=0 zapisov=0 RunId=e5ca768f-09d3-40ed-b4ef-62485174343a
18:21:30     [1] DEMO (SAOP_DEMO)
18:21:51     STDERR:   Cenikov ni bilo mogoče prebrati (A connection attempt failed because the connected party did not properly respond after a period of time, or established connection failed because connected host has failed to respond. (192.168.178.12:81)); GetPrices bo preskočen.
18:21:51       GetPrices: NAPAKA [0,0 s] — GetPrices: ni razpoložljivih cenikov (api/pricelists je vrnil prazen seznam ali ga ni bilo mogoče doseči) — zajem preskočen, mejnik nespremenjen.
18:21:51       SKUPAJ strani=0 zapisov=0 RunId=60f60e17-58ec-43dd-9486-6e36f98ac09e
18:21:51     NAPAKA: worker PIM.KatalogWorker je koncal z izhodno kodo 1
18:21:51  == Izvoz cen in zaloge za splet ==
18:22:00     Izvoz profila MAGENTO_STOCK_PRICES končan: 11435 vrstic v C:\Users\david\Desktop\PIM\NoviPIM\izvoz\magento\1
18:22:53     Izvoz profila MAGENTO_STOCK_PRICES končan: 89652 vrstic v C:\Users\david\Desktop\PIM\NoviPIM\izvoz\magento\2
18:23:10     Izvoz profila MAGENTO_STOCK_PRICES končan: 18683 vrstic v C:\Users\david\Desktop\PIM\NoviPIM\izvoz\magento\3
18:23:33     Izvoz profila MAGENTO_STOCK_PRICES končan: 35650 vrstic v C:\Users\david\Desktop\PIM\NoviPIM\izvoz\magento\4
18:23:33     konec: Izvoz cen in zaloge za splet
18:23:33  == Osvezitev kataloga in strank s cenami in zalogo (podjetje 2) ==
18:23:33     STDERR: Unhandled exception. System.ArgumentException: Manjka --output-dir.
18:23:33     STDERR:    at Program.<<Main>$>g__Required|0_0(String[] args, String name) in C:\Users\david\Desktop\PIM\NoviPIM\PIM_Solution\workers\PIM.B2bWorker\Program.cs:line 87
18:23:33     STDERR:    at Program.<Main>$(String[] args) in C:\Users\david\Desktop\PIM\NoviPIM\PIM_Solution\workers\PIM.B2bWorker\Program.cs:line 17
18:23:33     STDERR:    at Program.<Main>(String[] args)
18:23:34     NAPAKA: worker PIM.B2bWorker je koncal z izhodno kodo -532462766
18:23:34  Zalogovni cikel koncan; padlih korakov: 2.
18:25:15  == Zaloga NW_STOCK ==
18:25:16     [NW_STOCK] preskoceno: Razmik dobavitelja se tece; naslednji prenos po 17. 09. 2026 19:08.
18:25:16     Prevzem koncan: uspesno 0, neuspesno 0, skupaj virov 1.
18:25:16     Prebranih zapisov: 2762; SHA-256: 746092adc9397b309fddffe4f8a1d6469614ce2396ea9838b2db1e1095d41559
18:25:17     Ta posnetek je ze v bazi; vir=NW_STOCK, podjetje=1, cas posnetka=2026-09-17 15:08:11Z, uporabljenih=2762, v karanteni=0, RunId=6e357333-48e0-413e-9a6e-6afe2f340d5a. Zapisano ni bilo nic.
18:25:17     Prebranih zapisov: 2762; SHA-256: 746092adc9397b309fddffe4f8a1d6469614ce2396ea9838b2db1e1095d41559
18:25:18     Ta posnetek je ze v bazi; vir=NW_STOCK, podjetje=2, cas posnetka=2026-09-17 15:08:11Z, uporabljenih=2762, v karanteni=0, RunId=d23087be-a838-40b8-b0d7-5077d0ec40a5. Zapisano ni bilo nic.
18:25:18     Prebranih zapisov: 2762; SHA-256: 746092adc9397b309fddffe4f8a1d6469614ce2396ea9838b2db1e1095d41559
18:25:19     Ta posnetek je ze v bazi; vir=NW_STOCK, podjetje=3, cas posnetka=2026-09-17 15:08:11Z, uporabljenih=2762, v karanteni=0, RunId=f2a38d3a-2bb5-4f9d-9f95-ebdfdd5a8a3a. Zapisano ni bilo nic.
18:25:19     Prebranih zapisov: 2762; SHA-256: 746092adc9397b309fddffe4f8a1d6469614ce2396ea9838b2db1e1095d41559
18:25:20     Ta posnetek je ze v bazi; vir=NW_STOCK, podjetje=4, cas posnetka=2026-09-17 15:08:11Z, uporabljenih=2762, v karanteni=0, RunId=67a1ebb2-06b3-4823-a16a-78baeb97eb80. Zapisano ni bilo nic.
18:25:20     konec: Zaloga NW_STOCK
18:25:20  == Zaloga BT_STOCK ==
18:25:21     SOURCE_FETCH: se ni na vrsti po razporedu; preskoceno.
18:25:21     Prebranih zapisov: 1389; SHA-256: 6698019c346705d3b9d19eee8d7a34a628cfee93615acac603b2d6f2cb666cdf
18:25:21     STOCK_FILE pri podjetju 1: se ni na vrsti po razporedu; preskoceno.
18:25:22     Prebranih zapisov: 1389; SHA-256: 6698019c346705d3b9d19eee8d7a34a628cfee93615acac603b2d6f2cb666cdf
18:25:22     STOCK_FILE pri podjetju 2: se ni na vrsti po razporedu; preskoceno.
18:25:23     Prebranih zapisov: 1389; SHA-256: 6698019c346705d3b9d19eee8d7a34a628cfee93615acac603b2d6f2cb666cdf
18:25:23     STOCK_FILE pri podjetju 3: se ni na vrsti po razporedu; preskoceno.
18:25:24     Prebranih zapisov: 1389; SHA-256: 6698019c346705d3b9d19eee8d7a34a628cfee93615acac603b2d6f2cb666cdf
18:25:24     STOCK_FILE pri podjetju 4: se ni na vrsti po razporedu; preskoceno.
18:25:24     konec: Zaloga BT_STOCK
18:25:24  == Zaloga iz SAOP (kolicine) ==
18:25:25     [1] SAOP_STOCK: se ni na vrsti po razporedu; preskoceno.
18:25:25     [2] SAOP_STOCK: se ni na vrsti po razporedu; preskoceno.
18:25:25     [3] SAOP_STOCK: se ni na vrsti po razporedu; preskoceno.
18:25:25     [4] SAOP_STOCK: se ni na vrsti po razporedu; preskoceno.
18:25:25     konec: Zaloga iz SAOP (kolicine)
18:25:25  == Osvezitev cen kataloga ==
18:25:26     Živ SAOP zajem: podjetij=4, končnih točk=1, delta zajem, razpored=SAOP_PRICES.
18:25:26     [2] IQLighting (SAOP_IQLIGHTING)
18:25:47     STDERR:   Cenikov ni bilo mogoče prebrati (A connection attempt failed because the connected party did not properly respond after a period of time, or established connection failed because connected host has failed to respond. (192.168.178.12:81)); GetPrices bo preskočen.
18:25:47       GetPrices: NAPAKA [0,0 s] — GetPrices: ni razpoložljivih cenikov (api/pricelists je vrnil prazen seznam ali ga ni bilo mogoče doseči) — zajem preskočen, mejnik nespremenjen.
18:25:48       SKUPAJ strani=0 zapisov=0 RunId=d52b5856-2e4c-4860-a2e6-3960e70d59e9
18:25:48     [3] Vidadria (SAOP_VIDADRIA)
18:26:09     STDERR:   Cenikov ni bilo mogoče prebrati (A connection attempt failed because the connected party did not properly respond after a period of time, or established connection failed because connected host has failed to respond. (192.168.178.12:81)); GetPrices bo preskočen.
18:26:09       GetPrices: NAPAKA [0,0 s] — GetPrices: ni razpoložljivih cenikov (api/pricelists je vrnil prazen seznam ali ga ni bilo mogoče doseči) — zajem preskočen, mejnik nespremenjen.
18:26:09       SKUPAJ strani=0 zapisov=0 RunId=dd7ab1a4-3c96-4faa-b08f-bfca7871090d
18:26:09     [4] Ediito (SAOP_EDIITO)
18:26:30     STDERR:   Cenikov ni bilo mogoče prebrati (A connection attempt failed because the connected party did not properly respond after a period of time, or established connection failed because connected host has failed to respond. (192.168.178.12:81)); GetPrices bo preskočen.
18:26:30       GetPrices: NAPAKA [0,0 s] — GetPrices: ni razpoložljivih cenikov (api/pricelists je vrnil prazen seznam ali ga ni bilo mogoče doseči) — zajem preskočen, mejnik nespremenjen.
18:26:30       SKUPAJ strani=0 zapisov=0 RunId=ccba93b3-4fc1-42d1-9703-0f76eba22d9c
18:26:30     [1] DEMO (SAOP_DEMO)
18:26:51     STDERR:   Cenikov ni bilo mogoče prebrati (A connection attempt failed because the connected party did not properly respond after a period of time, or established connection failed because connected host has failed to respond. (192.168.178.12:81)); GetPrices bo preskočen.
18:26:51       GetPrices: NAPAKA [0,0 s] — GetPrices: ni razpoložljivih cenikov (api/pricelists je vrnil prazen seznam ali ga ni bilo mogoče doseči) — zajem preskočen, mejnik nespremenjen.
18:26:51       SKUPAJ strani=0 zapisov=0 RunId=b18644ae-216d-4972-8dea-cdb2a886871e
18:26:51     NAPAKA: worker PIM.KatalogWorker je koncal z izhodno kodo 1
18:26:51  == Izvoz cen in zaloge za splet ==
18:27:01     Izvoz profila MAGENTO_STOCK_PRICES končan: 11435 vrstic v C:\Users\david\Desktop\PIM\NoviPIM\izvoz\magento\1
18:27:54     Izvoz profila MAGENTO_STOCK_PRICES končan: 89652 vrstic v C:\Users\david\Desktop\PIM\NoviPIM\izvoz\magento\2
18:28:10     Izvoz profila MAGENTO_STOCK_PRICES končan: 18683 vrstic v C:\Users\david\Desktop\PIM\NoviPIM\izvoz\magento\3
18:28:34     Izvoz profila MAGENTO_STOCK_PRICES končan: 35650 vrstic v C:\Users\david\Desktop\PIM\NoviPIM\izvoz\magento\4
18:28:34     konec: Izvoz cen in zaloge za splet
18:28:34  == Osvezitev kataloga in strank s cenami in zalogo (podjetje 2) ==
18:28:34     STDERR: Unhandled exception. System.ArgumentException: Manjka --output-dir.
18:28:34     STDERR:    at Program.<<Main>$>g__Required|0_0(String[] args, String name) in C:\Users\david\Desktop\PIM\NoviPIM\PIM_Solution\workers\PIM.B2bWorker\Program.cs:line 87
18:28:34     STDERR:    at Program.<Main>$(String[] args) in C:\Users\david\Desktop\PIM\NoviPIM\PIM_Solution\workers\PIM.B2bWorker\Program.cs:line 17
18:28:34     STDERR:    at Program.<Main>(String[] args)
18:28:35     NAPAKA: worker PIM.B2bWorker je koncal z izhodno kodo -532462766
18:28:35  Zalogovni cikel koncan; padlih korakov: 2.
18:30:15  == Zaloga NW_STOCK ==
18:30:16     SOURCE_FETCH: se ni na vrsti po razporedu; preskoceno.
18:30:16     Prebranih zapisov: 2762; SHA-256: 746092adc9397b309fddffe4f8a1d6469614ce2396ea9838b2db1e1095d41559
18:30:17     STOCK_FILE pri podjetju 1: se ni na vrsti po razporedu; preskoceno.
18:30:17     Prebranih zapisov: 2762; SHA-256: 746092adc9397b309fddffe4f8a1d6469614ce2396ea9838b2db1e1095d41559
18:30:17     STOCK_FILE pri podjetju 2: se ni na vrsti po razporedu; preskoceno.
18:30:18     Prebranih zapisov: 2762; SHA-256: 746092adc9397b309fddffe4f8a1d6469614ce2396ea9838b2db1e1095d41559
18:30:19     STOCK_FILE pri podjetju 3: se ni na vrsti po razporedu; preskoceno.
18:30:19     Prebranih zapisov: 2762; SHA-256: 746092adc9397b309fddffe4f8a1d6469614ce2396ea9838b2db1e1095d41559
18:30:20     Ta posnetek je ze v bazi; vir=NW_STOCK, podjetje=4, cas posnetka=2026-09-17 15:08:11Z, uporabljenih=2762, v karanteni=0, RunId=67a1ebb2-06b3-4823-a16a-78baeb97eb80. Zapisano ni bilo nic.
18:30:20     konec: Zaloga NW_STOCK
18:30:20  == Zaloga BT_STOCK ==
18:30:21     [BT_STOCK] preskoceno: Razmik dobavitelja se tece; naslednji prenos po 17. 09. 2026 20:07.
18:30:21     Prevzem koncan: uspesno 0, neuspesno 0, skupaj virov 1.
18:30:21     Prebranih zapisov: 1389; SHA-256: 6698019c346705d3b9d19eee8d7a34a628cfee93615acac603b2d6f2cb666cdf
18:30:22     Ta posnetek je ze v bazi; vir=BT_STOCK, podjetje=1, cas posnetka=2026-09-17 15:07:47Z, uporabljenih=1389, v karanteni=0, RunId=29a79c20-8f70-4926-adba-027582a5633e. Zapisano ni bilo nic.
18:30:22     Prebranih zapisov: 1389; SHA-256: 6698019c346705d3b9d19eee8d7a34a628cfee93615acac603b2d6f2cb666cdf
18:30:23     Ta posnetek je ze v bazi; vir=BT_STOCK, podjetje=2, cas posnetka=2026-09-17 15:07:47Z, uporabljenih=1389, v karanteni=0, RunId=7f8b9bc6-9c94-4908-8368-ca840e90feb4. Zapisano ni bilo nic.
18:30:24     Prebranih zapisov: 1389; SHA-256: 6698019c346705d3b9d19eee8d7a34a628cfee93615acac603b2d6f2cb666cdf
18:30:24     Ta posnetek je ze v bazi; vir=BT_STOCK, podjetje=3, cas posnetka=2026-09-17 15:07:47Z, uporabljenih=1389, v karanteni=0, RunId=69e4e351-dc8f-4b85-9bd5-72cf28d35906. Zapisano ni bilo nic.
18:30:25     Prebranih zapisov: 1389; SHA-256: 6698019c346705d3b9d19eee8d7a34a628cfee93615acac603b2d6f2cb666cdf
18:30:25     STOCK_FILE pri podjetju 4: se ni na vrsti po razporedu; preskoceno.
18:30:25     konec: Zaloga BT_STOCK
18:30:25  == Zaloga iz SAOP (kolicine) ==
18:30:26     [1] SAOP_STOCK: se ni na vrsti po razporedu; preskoceno.
18:30:26     [2] SAOP_STOCK: se ni na vrsti po razporedu; preskoceno.
18:30:26     [3] SAOP_STOCK: se ni na vrsti po razporedu; preskoceno.
18:30:26     [4] SAOP_STOCK: se ni na vrsti po razporedu; preskoceno.
18:30:26     konec: Zaloga iz SAOP (kolicine)
18:30:26  == Osvezitev cen kataloga ==
18:30:27     Živ SAOP zajem: podjetij=4, končnih točk=1, delta zajem, razpored=SAOP_PRICES.
18:30:27     [2] IQLighting (SAOP_IQLIGHTING)
18:30:48     STDERR:   Cenikov ni bilo mogoče prebrati (A connection attempt failed because the connected party did not properly respond after a period of time, or established connection failed because connected host has failed to respond. (192.168.178.12:81)); GetPrices bo preskočen.
18:30:48       GetPrices: NAPAKA [0,0 s] — GetPrices: ni razpoložljivih cenikov (api/pricelists je vrnil prazen seznam ali ga ni bilo mogoče doseči) — zajem preskočen, mejnik nespremenjen.
18:30:48       SKUPAJ strani=0 zapisov=0 RunId=7fd82577-d51a-4b25-8678-cd3ab5da20ac
18:30:48     [3] Vidadria (SAOP_VIDADRIA)
18:31:09     STDERR:   Cenikov ni bilo mogoče prebrati (A connection attempt failed because the connected party did not properly respond after a period of time, or established connection failed because connected host has failed to respond. (192.168.178.12:81)); GetPrices bo preskočen.
18:31:09       GetPrices: NAPAKA [0,0 s] — GetPrices: ni razpoložljivih cenikov (api/pricelists je vrnil prazen seznam ali ga ni bilo mogoče doseči) — zajem preskočen, mejnik nespremenjen.
18:31:09       SKUPAJ strani=0 zapisov=0 RunId=7f2b7429-77c5-4d10-9b11-5326d08dcb3d
18:31:09     [4] Ediito (SAOP_EDIITO)
18:31:30     STDERR:   Cenikov ni bilo mogoče prebrati (A connection attempt failed because the connected party did not properly respond after a period of time, or established connection failed because connected host has failed to respond. (192.168.178.12:81)); GetPrices bo preskočen.
18:31:30       GetPrices: NAPAKA [0,0 s] — GetPrices: ni razpoložljivih cenikov (api/pricelists je vrnil prazen seznam ali ga ni bilo mogoče doseči) — zajem preskočen, mejnik nespremenjen.
18:31:30       SKUPAJ strani=0 zapisov=0 RunId=69646a1a-bc65-4f26-aea9-d0ec7429a5b9
18:31:30     [1] DEMO (SAOP_DEMO)
18:31:51     STDERR:   Cenikov ni bilo mogoče prebrati (A connection attempt failed because the connected party did not properly respond after a period of time, or established connection failed because connected host has failed to respond. (192.168.178.12:81)); GetPrices bo preskočen.
18:31:51       GetPrices: NAPAKA [0,0 s] — GetPrices: ni razpoložljivih cenikov (api/pricelists je vrnil prazen seznam ali ga ni bilo mogoče doseči) — zajem preskočen, mejnik nespremenjen.
18:31:51       SKUPAJ strani=0 zapisov=0 RunId=d245eb78-a135-48c8-b893-5da72ed0f017
18:31:52     NAPAKA: worker PIM.KatalogWorker je koncal z izhodno kodo 1
18:31:52  == Izvoz cen in zaloge za splet ==
18:32:01     Izvoz profila MAGENTO_STOCK_PRICES končan: 11435 vrstic v C:\Users\david\Desktop\PIM\NoviPIM\izvoz\magento\1
18:32:55     Izvoz profila MAGENTO_STOCK_PRICES končan: 89652 vrstic v C:\Users\david\Desktop\PIM\NoviPIM\izvoz\magento\2
18:33:12     Izvoz profila MAGENTO_STOCK_PRICES končan: 18683 vrstic v C:\Users\david\Desktop\PIM\NoviPIM\izvoz\magento\3
18:33:36     Izvoz profila MAGENTO_STOCK_PRICES končan: 35650 vrstic v C:\Users\david\Desktop\PIM\NoviPIM\izvoz\magento\4
18:33:36     konec: Izvoz cen in zaloge za splet
18:33:36  == Osvezitev kataloga in strank s cenami in zalogo (podjetje 2) ==
18:33:37     STDERR: Unhandled exception. System.ArgumentException: Manjka --output-dir.
18:33:37     STDERR:    at Program.<<Main>$>g__Required|0_0(String[] args, String name) in C:\Users\david\Desktop\PIM\NoviPIM\PIM_Solution\workers\PIM.B2bWorker\Program.cs:line 87
18:33:37     STDERR:    at Program.<Main>$(String[] args) in C:\Users\david\Desktop\PIM\NoviPIM\PIM_Solution\workers\PIM.B2bWorker\Program.cs:line 17
18:33:37     STDERR:    at Program.<Main>(String[] args)
18:33:37     NAPAKA: worker PIM.B2bWorker je koncal z izhodno kodo -532462766
18:33:37  Zalogovni cikel koncan; padlih korakov: 2.
18:35:15  == Zaloga NW_STOCK ==
18:35:16     SOURCE_FETCH: se ni na vrsti po razporedu; preskoceno.
18:35:16     Prebranih zapisov: 2762; SHA-256: 746092adc9397b309fddffe4f8a1d6469614ce2396ea9838b2db1e1095d41559
18:35:17     STOCK_FILE pri podjetju 1: se ni na vrsti po razporedu; preskoceno.
18:35:17     Prebranih zapisov: 2762; SHA-256: 746092adc9397b309fddffe4f8a1d6469614ce2396ea9838b2db1e1095d41559
18:35:18     STOCK_FILE pri podjetju 2: se ni na vrsti po razporedu; preskoceno.
18:35:18     Prebranih zapisov: 2762; SHA-256: 746092adc9397b309fddffe4f8a1d6469614ce2396ea9838b2db1e1095d41559
18:35:19     STOCK_FILE pri podjetju 3: se ni na vrsti po razporedu; preskoceno.
18:35:19     Prebranih zapisov: 2762; SHA-256: 746092adc9397b309fddffe4f8a1d6469614ce2396ea9838b2db1e1095d41559
18:35:20     STOCK_FILE pri podjetju 4: se ni na vrsti po razporedu; preskoceno.
18:35:20     konec: Zaloga NW_STOCK
18:35:20  == Zaloga BT_STOCK ==
18:35:21     SOURCE_FETCH: se ni na vrsti po razporedu; preskoceno.
18:35:21     Prebranih zapisov: 1389; SHA-256: 6698019c346705d3b9d19eee8d7a34a628cfee93615acac603b2d6f2cb666cdf
18:35:22     STOCK_FILE pri podjetju 1: se ni na vrsti po razporedu; preskoceno.
18:35:22     Prebranih zapisov: 1389; SHA-256: 6698019c346705d3b9d19eee8d7a34a628cfee93615acac603b2d6f2cb666cdf
18:35:23     STOCK_FILE pri podjetju 2: se ni na vrsti po razporedu; preskoceno.
18:35:23     Prebranih zapisov: 1389; SHA-256: 6698019c346705d3b9d19eee8d7a34a628cfee93615acac603b2d6f2cb666cdf
18:35:24     STOCK_FILE pri podjetju 3: se ni na vrsti po razporedu; preskoceno.
18:35:24     Prebranih zapisov: 1389; SHA-256: 6698019c346705d3b9d19eee8d7a34a628cfee93615acac603b2d6f2cb666cdf
18:35:25     Ta posnetek je ze v bazi; vir=BT_STOCK, podjetje=4, cas posnetka=2026-09-17 15:07:47Z, uporabljenih=1389, v karanteni=0, RunId=4826bbfa-159c-452a-bff7-0b106ff82ed5. Zapisano ni bilo nic.
18:35:25     konec: Zaloga BT_STOCK
18:35:25  == Zaloga iz SAOP (kolicine) ==
18:35:26     [1] SAOP_STOCK: se ni na vrsti po razporedu; preskoceno.
18:35:26     [2] SAOP_STOCK: se ni na vrsti po razporedu; preskoceno.
18:35:26     [3] SAOP_STOCK: se ni na vrsti po razporedu; preskoceno.
18:35:26     [4] SAOP_STOCK: se ni na vrsti po razporedu; preskoceno.
18:35:26     konec: Zaloga iz SAOP (kolicine)
18:35:26  == Osvezitev cen kataloga ==
18:35:26     Živ SAOP zajem: podjetij=4, končnih točk=1, delta zajem, razpored=SAOP_PRICES.
18:35:26     [2] IQLighting (SAOP_IQLIGHTING)
18:35:48     STDERR:   Cenikov ni bilo mogoče prebrati (A connection attempt failed because the connected party did not properly respond after a period of time, or established connection failed because connected host has failed to respond. (192.168.178.12:81)); GetPrices bo preskočen.
18:35:48       GetPrices: NAPAKA [0,0 s] — GetPrices: ni razpoložljivih cenikov (api/pricelists je vrnil prazen seznam ali ga ni bilo mogoče doseči) — zajem preskočen, mejnik nespremenjen.
18:35:48       SKUPAJ strani=0 zapisov=0 RunId=3ebfef87-ca19-42be-8968-cdf5a64d4333
18:35:48     [3] Vidadria (SAOP_VIDADRIA)
18:36:09     STDERR:   Cenikov ni bilo mogoče prebrati (A connection attempt failed because the connected party did not properly respond after a period of time, or established connection failed because connected host has failed to respond. (192.168.178.12:81)); GetPrices bo preskočen.
18:36:09       GetPrices: NAPAKA [0,0 s] — GetPrices: ni razpoložljivih cenikov (api/pricelists je vrnil prazen seznam ali ga ni bilo mogoče doseči) — zajem preskočen, mejnik nespremenjen.
18:36:09       SKUPAJ strani=0 zapisov=0 RunId=99604895-ddee-4f08-ab6d-f14903f33419
18:36:09     [4] Ediito (SAOP_EDIITO)
18:36:30     STDERR:   Cenikov ni bilo mogoče prebrati (A connection attempt failed because the connected party did not properly respond after a period of time, or established connection failed because connected host has failed to respond. (192.168.178.12:81)); GetPrices bo preskočen.
18:36:30       GetPrices: NAPAKA [0,0 s] — GetPrices: ni razpoložljivih cenikov (api/pricelists je vrnil prazen seznam ali ga ni bilo mogoče doseči) — zajem preskočen, mejnik nespremenjen.
18:36:30       SKUPAJ strani=0 zapisov=0 RunId=57041e9e-7835-431f-bbe1-7ae4f92c80dc
18:36:30     [1] DEMO (SAOP_DEMO)
18:36:51     STDERR:   Cenikov ni bilo mogoče prebrati (A connection attempt failed because the connected party did not properly respond after a period of time, or established connection failed because connected host has failed to respond. (192.168.178.12:81)); GetPrices bo preskočen.
18:36:51       GetPrices: NAPAKA [0,0 s] — GetPrices: ni razpoložljivih cenikov (api/pricelists je vrnil prazen seznam ali ga ni bilo mogoče doseči) — zajem preskočen, mejnik nespremenjen.
18:36:51       SKUPAJ strani=0 zapisov=0 RunId=53114e37-0b3c-4751-94eb-4b5036157db3
18:36:51     NAPAKA: worker PIM.KatalogWorker je koncal z izhodno kodo 1
18:36:51  == Izvoz cen in zaloge za splet ==
18:37:01     Izvoz profila MAGENTO_STOCK_PRICES končan: 11435 vrstic v C:\Users\david\Desktop\PIM\NoviPIM\izvoz\magento\1
18:37:55     Izvoz profila MAGENTO_STOCK_PRICES končan: 89652 vrstic v C:\Users\david\Desktop\PIM\NoviPIM\izvoz\magento\2
18:38:11     Izvoz profila MAGENTO_STOCK_PRICES končan: 18683 vrstic v C:\Users\david\Desktop\PIM\NoviPIM\izvoz\magento\3
18:38:35     Izvoz profila MAGENTO_STOCK_PRICES končan: 35650 vrstic v C:\Users\david\Desktop\PIM\NoviPIM\izvoz\magento\4
18:38:35     konec: Izvoz cen in zaloge za splet
18:38:35  == Osvezitev kataloga in strank s cenami in zalogo (podjetje 2) ==
18:38:36     STDERR: Unhandled exception. System.ArgumentException: Manjka --output-dir.
18:38:36     STDERR:    at Program.<<Main>$>g__Required|0_0(String[] args, String name) in C:\Users\david\Desktop\PIM\NoviPIM\PIM_Solution\workers\PIM.B2bWorker\Program.cs:line 87
18:38:36     STDERR:    at Program.<Main>$(String[] args) in C:\Users\david\Desktop\PIM\NoviPIM\PIM_Solution\workers\PIM.B2bWorker\Program.cs:line 17
18:38:36     STDERR:    at Program.<Main>(String[] args)
18:38:36     NAPAKA: worker PIM.B2bWorker je koncal z izhodno kodo -532462766
18:38:36  Zalogovni cikel koncan; padlih korakov: 2.
18:40:15  == Zaloga NW_STOCK ==
18:40:16     [NW_STOCK] preskoceno: Razmik dobavitelja se tece; naslednji prenos po 17. 09. 2026 19:08.
18:40:16     Prevzem koncan: uspesno 0, neuspesno 0, skupaj virov 1.
18:40:16     Prebranih zapisov: 2762; SHA-256: 746092adc9397b309fddffe4f8a1d6469614ce2396ea9838b2db1e1095d41559
18:40:17     Ta posnetek je ze v bazi; vir=NW_STOCK, podjetje=1, cas posnetka=2026-09-17 15:08:11Z, uporabljenih=2762, v karanteni=0, RunId=6e357333-48e0-413e-9a6e-6afe2f340d5a. Zapisano ni bilo nic.
18:40:17     Prebranih zapisov: 2762; SHA-256: 746092adc9397b309fddffe4f8a1d6469614ce2396ea9838b2db1e1095d41559
18:40:18     Ta posnetek je ze v bazi; vir=NW_STOCK, podjetje=2, cas posnetka=2026-09-17 15:08:11Z, uporabljenih=2762, v karanteni=0, RunId=d23087be-a838-40b8-b0d7-5077d0ec40a5. Zapisano ni bilo nic.
18:40:19     Prebranih zapisov: 2762; SHA-256: 746092adc9397b309fddffe4f8a1d6469614ce2396ea9838b2db1e1095d41559
18:40:19     Ta posnetek je ze v bazi; vir=NW_STOCK, podjetje=3, cas posnetka=2026-09-17 15:08:11Z, uporabljenih=2762, v karanteni=0, RunId=f2a38d3a-2bb5-4f9d-9f95-ebdfdd5a8a3a. Zapisano ni bilo nic.
18:40:20     Prebranih zapisov: 2762; SHA-256: 746092adc9397b309fddffe4f8a1d6469614ce2396ea9838b2db1e1095d41559
18:40:20     STOCK_FILE pri podjetju 4: se ni na vrsti po razporedu; preskoceno.
18:40:20     konec: Zaloga NW_STOCK
18:40:20  == Zaloga BT_STOCK ==
18:40:21     SOURCE_FETCH: se ni na vrsti po razporedu; preskoceno.
18:40:22     Prebranih zapisov: 1389; SHA-256: 6698019c346705d3b9d19eee8d7a34a628cfee93615acac603b2d6f2cb666cdf
18:40:22     STOCK_FILE pri podjetju 1: se ni na vrsti po razporedu; preskoceno.
18:40:23     Prebranih zapisov: 1389; SHA-256: 6698019c346705d3b9d19eee8d7a34a628cfee93615acac603b2d6f2cb666cdf
18:40:23     STOCK_FILE pri podjetju 2: se ni na vrsti po razporedu; preskoceno.
18:40:24     Prebranih zapisov: 1389; SHA-256: 6698019c346705d3b9d19eee8d7a34a628cfee93615acac603b2d6f2cb666cdf
18:40:24     STOCK_FILE pri podjetju 3: se ni na vrsti po razporedu; preskoceno.
18:40:25     Prebranih zapisov: 1389; SHA-256: 6698019c346705d3b9d19eee8d7a34a628cfee93615acac603b2d6f2cb666cdf
18:40:25     Ta posnetek je ze v bazi; vir=BT_STOCK, podjetje=4, cas posnetka=2026-09-17 15:07:47Z, uporabljenih=1389, v karanteni=0, RunId=4826bbfa-159c-452a-bff7-0b106ff82ed5. Zapisano ni bilo nic.
18:40:25     konec: Zaloga BT_STOCK
18:40:25  == Zaloga iz SAOP (kolicine) ==
18:40:26     [1] SAOP_STOCK: se ni na vrsti po razporedu; preskoceno.
18:40:26     [2] SAOP_STOCK: se ni na vrsti po razporedu; preskoceno.
18:40:26     [3] SAOP_STOCK: se ni na vrsti po razporedu; preskoceno.
18:40:26     [4] SAOP_STOCK: se ni na vrsti po razporedu; preskoceno.
18:40:26     konec: Zaloga iz SAOP (kolicine)
18:40:26  == Osvezitev cen kataloga ==
18:40:27     Živ SAOP zajem: podjetij=4, končnih točk=1, delta zajem, razpored=SAOP_PRICES.
18:40:27     [2] IQLighting (SAOP_IQLIGHTING)
18:40:48     STDERR:   Cenikov ni bilo mogoče prebrati (A connection attempt failed because the connected party did not properly respond after a period of time, or established connection failed because connected host has failed to respond. (192.168.178.12:81)); GetPrices bo preskočen.
18:40:48       GetPrices: NAPAKA [0,0 s] — GetPrices: ni razpoložljivih cenikov (api/pricelists je vrnil prazen seznam ali ga ni bilo mogoče doseči) — zajem preskočen, mejnik nespremenjen.
18:40:48       SKUPAJ strani=0 zapisov=0 RunId=8879f0c3-33bb-4f29-a9a9-883c227c1bc9
18:40:48     [3] Vidadria (SAOP_VIDADRIA)
18:41:09     STDERR:   Cenikov ni bilo mogoče prebrati (A connection attempt failed because the connected party did not properly respond after a period of time, or established connection failed because connected host has failed to respond. (192.168.178.12:81)); GetPrices bo preskočen.
18:41:09       GetPrices: NAPAKA [0,0 s] — GetPrices: ni razpoložljivih cenikov (api/pricelists je vrnil prazen seznam ali ga ni bilo mogoče doseči) — zajem preskočen, mejnik nespremenjen.
18:41:09       SKUPAJ strani=0 zapisov=0 RunId=5ff58464-cc61-49ee-82a3-f611c7deb780
18:41:09     [4] Ediito (SAOP_EDIITO)
18:41:30     STDERR:   Cenikov ni bilo mogoče prebrati (A connection attempt failed because the connected party did not properly respond after a period of time, or established connection failed because connected host has failed to respond. (192.168.178.12:81)); GetPrices bo preskočen.
18:41:30       GetPrices: NAPAKA [0,0 s] — GetPrices: ni razpoložljivih cenikov (api/pricelists je vrnil prazen seznam ali ga ni bilo mogoče doseči) — zajem preskočen, mejnik nespremenjen.
18:41:30       SKUPAJ strani=0 zapisov=0 RunId=bf3e8019-e023-4a79-8d13-c6a6565964bb
18:41:30     [1] DEMO (SAOP_DEMO)
18:41:52     STDERR:   Cenikov ni bilo mogoče prebrati (A connection attempt failed because the connected party did not properly respond after a period of time, or established connection failed because connected host has failed to respond. (192.168.178.12:81)); GetPrices bo preskočen.
18:41:52       GetPrices: NAPAKA [0,0 s] — GetPrices: ni razpoložljivih cenikov (api/pricelists je vrnil prazen seznam ali ga ni bilo mogoče doseči) — zajem preskočen, mejnik nespremenjen.
18:41:52       SKUPAJ strani=0 zapisov=0 RunId=5c4bf724-eb3c-4029-97f4-f37f6b9583bf
18:41:52     NAPAKA: worker PIM.KatalogWorker je koncal z izhodno kodo 1
18:41:52  == Izvoz cen in zaloge za splet ==
18:42:01     Izvoz profila MAGENTO_STOCK_PRICES končan: 11435 vrstic v C:\Users\david\Desktop\PIM\NoviPIM\izvoz\magento\1
18:42:55     Izvoz profila MAGENTO_STOCK_PRICES končan: 89652 vrstic v C:\Users\david\Desktop\PIM\NoviPIM\izvoz\magento\2
18:43:11     Izvoz profila MAGENTO_STOCK_PRICES končan: 18683 vrstic v C:\Users\david\Desktop\PIM\NoviPIM\izvoz\magento\3
18:43:34     Izvoz profila MAGENTO_STOCK_PRICES končan: 35650 vrstic v C:\Users\david\Desktop\PIM\NoviPIM\izvoz\magento\4
18:43:34     konec: Izvoz cen in zaloge za splet
18:43:34  == Osvezitev kataloga in strank s cenami in zalogo (podjetje 2) ==
18:43:35     STDERR: Unhandled exception. System.ArgumentException: Manjka --output-dir.
18:43:35     STDERR:    at Program.<<Main>$>g__Required|0_0(String[] args, String name) in C:\Users\david\Desktop\PIM\NoviPIM\PIM_Solution\workers\PIM.B2bWorker\Program.cs:line 87
18:43:35     STDERR:    at Program.<Main>$(String[] args) in C:\Users\david\Desktop\PIM\NoviPIM\PIM_Solution\workers\PIM.B2bWorker\Program.cs:line 17
18:43:35     STDERR:    at Program.<Main>(String[] args)
18:43:36     NAPAKA: worker PIM.B2bWorker je koncal z izhodno kodo -532462766
18:43:36  Zalogovni cikel koncan; padlih korakov: 2.
18:45:15  == Zaloga NW_STOCK ==
18:45:16     SOURCE_FETCH: se ni na vrsti po razporedu; preskoceno.
18:45:16     Prebranih zapisov: 2762; SHA-256: 746092adc9397b309fddffe4f8a1d6469614ce2396ea9838b2db1e1095d41559
18:45:17     STOCK_FILE pri podjetju 1: se ni na vrsti po razporedu; preskoceno.
18:45:17     Prebranih zapisov: 2762; SHA-256: 746092adc9397b309fddffe4f8a1d6469614ce2396ea9838b2db1e1095d41559
18:45:18     STOCK_FILE pri podjetju 2: se ni na vrsti po razporedu; preskoceno.
18:45:18     Prebranih zapisov: 2762; SHA-256: 746092adc9397b309fddffe4f8a1d6469614ce2396ea9838b2db1e1095d41559
18:45:19     STOCK_FILE pri podjetju 3: se ni na vrsti po razporedu; preskoceno.
18:45:19     Prebranih zapisov: 2762; SHA-256: 746092adc9397b309fddffe4f8a1d6469614ce2396ea9838b2db1e1095d41559
18:45:20     STOCK_FILE pri podjetju 4: se ni na vrsti po razporedu; preskoceno.
18:45:20     konec: Zaloga NW_STOCK
18:45:20  == Zaloga BT_STOCK ==
18:45:21     [BT_STOCK] preskoceno: Razmik dobavitelja se tece; naslednji prenos po 17. 09. 2026 20:07.
18:45:21     Prevzem koncan: uspesno 0, neuspesno 0, skupaj virov 1.
18:45:22     Prebranih zapisov: 1389; SHA-256: 6698019c346705d3b9d19eee8d7a34a628cfee93615acac603b2d6f2cb666cdf
18:45:22     Ta posnetek je ze v bazi; vir=BT_STOCK, podjetje=1, cas posnetka=2026-09-17 15:07:47Z, uporabljenih=1389, v karanteni=0, RunId=29a79c20-8f70-4926-adba-027582a5633e. Zapisano ni bilo nic.
18:45:23     Prebranih zapisov: 1389; SHA-256: 6698019c346705d3b9d19eee8d7a34a628cfee93615acac603b2d6f2cb666cdf
18:45:23     Ta posnetek je ze v bazi; vir=BT_STOCK, podjetje=2, cas posnetka=2026-09-17 15:07:47Z, uporabljenih=1389, v karanteni=0, RunId=7f8b9bc6-9c94-4908-8368-ca840e90feb4. Zapisano ni bilo nic.
18:45:24     Prebranih zapisov: 1389; SHA-256: 6698019c346705d3b9d19eee8d7a34a628cfee93615acac603b2d6f2cb666cdf
18:45:24     Ta posnetek je ze v bazi; vir=BT_STOCK, podjetje=3, cas posnetka=2026-09-17 15:07:47Z, uporabljenih=1389, v karanteni=0, RunId=69e4e351-dc8f-4b85-9bd5-72cf28d35906. Zapisano ni bilo nic.
18:45:25     Prebranih zapisov: 1389; SHA-256: 6698019c346705d3b9d19eee8d7a34a628cfee93615acac603b2d6f2cb666cdf
18:45:25     Ta posnetek je ze v bazi; vir=BT_STOCK, podjetje=4, cas posnetka=2026-09-17 15:07:47Z, uporabljenih=1389, v karanteni=0, RunId=4826bbfa-159c-452a-bff7-0b106ff82ed5. Zapisano ni bilo nic.
18:45:25     konec: Zaloga BT_STOCK
18:45:25  == Zaloga iz SAOP (kolicine) ==
18:45:47     STDERR: [1] NAPAKA: A connection attempt failed because the connected party did not properly respond after a period of time, or established connection failed because connected host has failed to respond. (192.168.178.12:81)
18:46:08     STDERR: [2] NAPAKA: A connection attempt failed because the connected party did not properly respond after a period of time, or established connection failed because connected host has failed to respond. (192.168.178.12:81)
18:46:29     STDERR: [3] NAPAKA: A connection attempt failed because the connected party did not properly respond after a period of time, or established connection failed because connected host has failed to respond. (192.168.178.12:81)
18:46:50     STDERR: [4] NAPAKA: A connection attempt failed because the connected party did not properly respond after a period of time, or established connection failed because connected host has failed to respond. (192.168.178.12:81)
18:46:50     NAPAKA: worker PIM.SaopStockWorker je koncal z izhodno kodo 1
18:46:50  == Osvezitev cen kataloga ==
18:46:51     Živ SAOP zajem: podjetij=4, končnih točk=1, delta zajem, razpored=SAOP_PRICES.
18:46:51     [2] IQLighting (SAOP_IQLIGHTING)
18:47:12     STDERR:   Cenikov ni bilo mogoče prebrati (A connection attempt failed because the connected party did not properly respond after a period of time, or established connection failed because connected host has failed to respond. (192.168.178.12:81)); GetPrices bo preskočen.
18:47:12       GetPrices: NAPAKA [0,0 s] — GetPrices: ni razpoložljivih cenikov (api/pricelists je vrnil prazen seznam ali ga ni bilo mogoče doseči) — zajem preskočen, mejnik nespremenjen.
18:47:12       SKUPAJ strani=0 zapisov=0 RunId=ef0a5873-cf08-4396-bb53-8d826ed94ada
18:47:12     [3] Vidadria (SAOP_VIDADRIA)
18:47:33     STDERR:   Cenikov ni bilo mogoče prebrati (A connection attempt failed because the connected party did not properly respond after a period of time, or established connection failed because connected host has failed to respond. (192.168.178.12:81)); GetPrices bo preskočen.
18:47:33       GetPrices: NAPAKA [0,0 s] — GetPrices: ni razpoložljivih cenikov (api/pricelists je vrnil prazen seznam ali ga ni bilo mogoče doseči) — zajem preskočen, mejnik nespremenjen.
18:47:34       SKUPAJ strani=0 zapisov=0 RunId=e8debef2-1592-4ec0-9119-cd98677b04bc
18:47:34     [4] Ediito (SAOP_EDIITO)
18:47:55     STDERR:   Cenikov ni bilo mogoče prebrati (A connection attempt failed because the connected party did not properly respond after a period of time, or established connection failed because connected host has failed to respond. (192.168.178.12:81)); GetPrices bo preskočen.
18:47:55       GetPrices: NAPAKA [0,0 s] — GetPrices: ni razpoložljivih cenikov (api/pricelists je vrnil prazen seznam ali ga ni bilo mogoče doseči) — zajem preskočen, mejnik nespremenjen.
18:47:55       SKUPAJ strani=0 zapisov=0 RunId=f18876f6-3189-46ad-b314-9b28adc27a2b
18:47:55     [1] DEMO (SAOP_DEMO)
18:48:16     STDERR:   Cenikov ni bilo mogoče prebrati (A connection attempt failed because the connected party did not properly respond after a period of time, or established connection failed because connected host has failed to respond. (192.168.178.12:81)); GetPrices bo preskočen.
18:48:16       GetPrices: NAPAKA [0,0 s] — GetPrices: ni razpoložljivih cenikov (api/pricelists je vrnil prazen seznam ali ga ni bilo mogoče doseči) — zajem preskočen, mejnik nespremenjen.
18:48:16       SKUPAJ strani=0 zapisov=0 RunId=87c814c6-2be7-42fe-b357-4c5419baff91
18:48:16     NAPAKA: worker PIM.KatalogWorker je koncal z izhodno kodo 1
18:48:16  == Izvoz cen in zaloge za splet ==
18:48:26     Izvoz profila MAGENTO_STOCK_PRICES končan: 11435 vrstic v C:\Users\david\Desktop\PIM\NoviPIM\izvoz\magento\1
18:49:22     Izvoz profila MAGENTO_STOCK_PRICES končan: 89652 vrstic v C:\Users\david\Desktop\PIM\NoviPIM\izvoz\magento\2
18:49:39     Izvoz profila MAGENTO_STOCK_PRICES končan: 18683 vrstic v C:\Users\david\Desktop\PIM\NoviPIM\izvoz\magento\3
18:50:03     Izvoz profila MAGENTO_STOCK_PRICES končan: 35650 vrstic v C:\Users\david\Desktop\PIM\NoviPIM\izvoz\magento\4
18:50:03     konec: Izvoz cen in zaloge za splet
18:50:03  == Osvezitev kataloga in strank s cenami in zalogo (podjetje 2) ==
18:50:04     STDERR: Unhandled exception. System.ArgumentException: Manjka --output-dir.
18:50:04     STDERR:    at Program.<<Main>$>g__Required|0_0(String[] args, String name) in C:\Users\david\Desktop\PIM\NoviPIM\PIM_Solution\workers\PIM.B2bWorker\Program.cs:line 87
18:50:04     STDERR:    at Program.<Main>$(String[] args) in C:\Users\david\Desktop\PIM\NoviPIM\PIM_Solution\workers\PIM.B2bWorker\Program.cs:line 17
18:50:04     STDERR:    at Program.<Main>(String[] args)
18:50:04     NAPAKA: worker PIM.B2bWorker je koncal z izhodno kodo -532462766
18:50:04  Zalogovni cikel koncan; padlih korakov: 3.
18:50:15  == Zaloga NW_STOCK ==
18:50:16     SOURCE_FETCH: se ni na vrsti po razporedu; preskoceno.
18:50:17     Prebranih zapisov: 2762; SHA-256: 746092adc9397b309fddffe4f8a1d6469614ce2396ea9838b2db1e1095d41559
18:50:17     STOCK_FILE pri podjetju 1: se ni na vrsti po razporedu; preskoceno.
18:50:17     Prebranih zapisov: 2762; SHA-256: 746092adc9397b309fddffe4f8a1d6469614ce2396ea9838b2db1e1095d41559
18:50:18     STOCK_FILE pri podjetju 2: se ni na vrsti po razporedu; preskoceno.
18:50:18     Prebranih zapisov: 2762; SHA-256: 746092adc9397b309fddffe4f8a1d6469614ce2396ea9838b2db1e1095d41559
18:50:19     STOCK_FILE pri podjetju 3: se ni na vrsti po razporedu; preskoceno.
18:50:19     Prebranih zapisov: 2762; SHA-256: 746092adc9397b309fddffe4f8a1d6469614ce2396ea9838b2db1e1095d41559
18:50:20     STOCK_FILE pri podjetju 4: se ni na vrsti po razporedu; preskoceno.
18:50:20     konec: Zaloga NW_STOCK
18:50:20  == Zaloga BT_STOCK ==
18:50:21     [BT_STOCK] preskoceno: Razmik dobavitelja se tece; naslednji prenos po 17. 09. 2026 20:07.
18:50:21     Prevzem koncan: uspesno 0, neuspesno 0, skupaj virov 1.
18:50:22     Prebranih zapisov: 1389; SHA-256: 6698019c346705d3b9d19eee8d7a34a628cfee93615acac603b2d6f2cb666cdf
18:50:22     Ta posnetek je ze v bazi; vir=BT_STOCK, podjetje=1, cas posnetka=2026-09-17 15:07:47Z, uporabljenih=1389, v karanteni=0, RunId=29a79c20-8f70-4926-adba-027582a5633e. Zapisano ni bilo nic.
18:50:23     Prebranih zapisov: 1389; SHA-256: 6698019c346705d3b9d19eee8d7a34a628cfee93615acac603b2d6f2cb666cdf
18:50:23     Ta posnetek je ze v bazi; vir=BT_STOCK, podjetje=2, cas posnetka=2026-09-17 15:07:47Z, uporabljenih=1389, v karanteni=0, RunId=7f8b9bc6-9c94-4908-8368-ca840e90feb4. Zapisano ni bilo nic.
18:50:24     Prebranih zapisov: 1389; SHA-256: 6698019c346705d3b9d19eee8d7a34a628cfee93615acac603b2d6f2cb666cdf
18:50:24     Ta posnetek je ze v bazi; vir=BT_STOCK, podjetje=3, cas posnetka=2026-09-17 15:07:47Z, uporabljenih=1389, v karanteni=0, RunId=69e4e351-dc8f-4b85-9bd5-72cf28d35906. Zapisano ni bilo nic.
18:50:25     Prebranih zapisov: 1389; SHA-256: 6698019c346705d3b9d19eee8d7a34a628cfee93615acac603b2d6f2cb666cdf
18:50:25     Ta posnetek je ze v bazi; vir=BT_STOCK, podjetje=4, cas posnetka=2026-09-17 15:07:47Z, uporabljenih=1389, v karanteni=0, RunId=4826bbfa-159c-452a-bff7-0b106ff82ed5. Zapisano ni bilo nic.
18:50:25     konec: Zaloga BT_STOCK
18:50:25  == Zaloga iz SAOP (kolicine) ==
18:50:26     [1] SAOP_STOCK: se ni na vrsti po razporedu; preskoceno.
18:50:26     [2] SAOP_STOCK: se ni na vrsti po razporedu; preskoceno.
18:50:26     [3] SAOP_STOCK: se ni na vrsti po razporedu; preskoceno.
18:50:26     [4] SAOP_STOCK: se ni na vrsti po razporedu; preskoceno.
18:50:26     konec: Zaloga iz SAOP (kolicine)
18:50:26  == Osvezitev cen kataloga ==
18:50:27     Živ SAOP zajem: podjetij=4, končnih točk=1, delta zajem, razpored=SAOP_PRICES.
18:50:27     [2] IQLighting (SAOP_IQLIGHTING)
18:50:48     STDERR:   Cenikov ni bilo mogoče prebrati (A connection attempt failed because the connected party did not properly respond after a period of time, or established connection failed because connected host has failed to respond. (192.168.178.12:81)); GetPrices bo preskočen.
18:50:48       GetPrices: NAPAKA [0,0 s] — GetPrices: ni razpoložljivih cenikov (api/pricelists je vrnil prazen seznam ali ga ni bilo mogoče doseči) — zajem preskočen, mejnik nespremenjen.
18:50:48       SKUPAJ strani=0 zapisov=0 RunId=87a18308-6d50-4a64-bd68-2b74c44ab06a
18:50:48     [3] Vidadria (SAOP_VIDADRIA)
18:51:09     STDERR:   Cenikov ni bilo mogoče prebrati (A connection attempt failed because the connected party did not properly respond after a period of time, or established connection failed because connected host has failed to respond. (192.168.178.12:81)); GetPrices bo preskočen.
18:51:09       GetPrices: NAPAKA [0,0 s] — GetPrices: ni razpoložljivih cenikov (api/pricelists je vrnil prazen seznam ali ga ni bilo mogoče doseči) — zajem preskočen, mejnik nespremenjen.
18:51:09       SKUPAJ strani=0 zapisov=0 RunId=4be64fd1-d318-4bfa-ac60-127860deda93
18:51:10     [4] Ediito (SAOP_EDIITO)
18:51:31     STDERR:   Cenikov ni bilo mogoče prebrati (A connection attempt failed because the connected party did not properly respond after a period of time, or established connection failed because connected host has failed to respond. (192.168.178.12:81)); GetPrices bo preskočen.
18:51:31       GetPrices: NAPAKA [0,0 s] — GetPrices: ni razpoložljivih cenikov (api/pricelists je vrnil prazen seznam ali ga ni bilo mogoče doseči) — zajem preskočen, mejnik nespremenjen.
18:51:31       SKUPAJ strani=0 zapisov=0 RunId=6bb0c3d4-9de1-42ca-9663-fd411342b5d2
18:51:31     [1] DEMO (SAOP_DEMO)
18:51:52     STDERR:   Cenikov ni bilo mogoče prebrati (A connection attempt failed because the connected party did not properly respond after a period of time, or established connection failed because connected host has failed to respond. (192.168.178.12:81)); GetPrices bo preskočen.
18:51:52       GetPrices: NAPAKA [0,0 s] — GetPrices: ni razpoložljivih cenikov (api/pricelists je vrnil prazen seznam ali ga ni bilo mogoče doseči) — zajem preskočen, mejnik nespremenjen.
18:51:52       SKUPAJ strani=0 zapisov=0 RunId=734ce5ee-669c-4635-9092-af191be5751f
18:51:52     NAPAKA: worker PIM.KatalogWorker je koncal z izhodno kodo 1
18:51:52  == Izvoz cen in zaloge za splet ==
18:52:02     Izvoz profila MAGENTO_STOCK_PRICES končan: 11435 vrstic v C:\Users\david\Desktop\PIM\NoviPIM\izvoz\magento\1
18:52:56     Izvoz profila MAGENTO_STOCK_PRICES končan: 89652 vrstic v C:\Users\david\Desktop\PIM\NoviPIM\izvoz\magento\2
18:53:13     Izvoz profila MAGENTO_STOCK_PRICES končan: 18683 vrstic v C:\Users\david\Desktop\PIM\NoviPIM\izvoz\magento\3
18:53:37     Izvoz profila MAGENTO_STOCK_PRICES končan: 35650 vrstic v C:\Users\david\Desktop\PIM\NoviPIM\izvoz\magento\4
18:53:37     konec: Izvoz cen in zaloge za splet
18:53:37  == Osvezitev kataloga in strank s cenami in zalogo (podjetje 2) ==
18:53:38     STDERR: Unhandled exception. System.ArgumentException: Manjka --output-dir.
18:53:38     STDERR:    at Program.<<Main>$>g__Required|0_0(String[] args, String name) in C:\Users\david\Desktop\PIM\NoviPIM\PIM_Solution\workers\PIM.B2bWorker\Program.cs:line 87
18:53:38     STDERR:    at Program.<Main>$(String[] args) in C:\Users\david\Desktop\PIM\NoviPIM\PIM_Solution\workers\PIM.B2bWorker\Program.cs:line 17
18:53:38     STDERR:    at Program.<Main>(String[] args)
18:53:38     NAPAKA: worker PIM.B2bWorker je koncal z izhodno kodo -532462766
18:53:38  Zalogovni cikel koncan; padlih korakov: 2.
18:55:15  == Zaloga NW_STOCK ==
18:55:16     SOURCE_FETCH: se ni na vrsti po razporedu; preskoceno.
18:55:16     Prebranih zapisov: 2762; SHA-256: 746092adc9397b309fddffe4f8a1d6469614ce2396ea9838b2db1e1095d41559
18:55:17     STOCK_FILE pri podjetju 1: se ni na vrsti po razporedu; preskoceno.
18:55:17     Prebranih zapisov: 2762; SHA-256: 746092adc9397b309fddffe4f8a1d6469614ce2396ea9838b2db1e1095d41559
18:55:18     STOCK_FILE pri podjetju 2: se ni na vrsti po razporedu; preskoceno.
18:55:18     Prebranih zapisov: 2762; SHA-256: 746092adc9397b309fddffe4f8a1d6469614ce2396ea9838b2db1e1095d41559
18:55:19     STOCK_FILE pri podjetju 3: se ni na vrsti po razporedu; preskoceno.
18:55:19     Prebranih zapisov: 2762; SHA-256: 746092adc9397b309fddffe4f8a1d6469614ce2396ea9838b2db1e1095d41559
18:55:19     STOCK_FILE pri podjetju 4: se ni na vrsti po razporedu; preskoceno.
18:55:20     konec: Zaloga NW_STOCK
18:55:20  == Zaloga BT_STOCK ==
18:55:20     SOURCE_FETCH: se ni na vrsti po razporedu; preskoceno.
18:55:21     Prebranih zapisov: 1389; SHA-256: 6698019c346705d3b9d19eee8d7a34a628cfee93615acac603b2d6f2cb666cdf
18:55:21     STOCK_FILE pri podjetju 1: se ni na vrsti po razporedu; preskoceno.
18:55:22     Prebranih zapisov: 1389; SHA-256: 6698019c346705d3b9d19eee8d7a34a628cfee93615acac603b2d6f2cb666cdf
18:55:22     STOCK_FILE pri podjetju 2: se ni na vrsti po razporedu; preskoceno.
18:55:23     Prebranih zapisov: 1389; SHA-256: 6698019c346705d3b9d19eee8d7a34a628cfee93615acac603b2d6f2cb666cdf
18:55:23     STOCK_FILE pri podjetju 3: se ni na vrsti po razporedu; preskoceno.
18:55:24     Prebranih zapisov: 1389; SHA-256: 6698019c346705d3b9d19eee8d7a34a628cfee93615acac603b2d6f2cb666cdf
18:55:24     STOCK_FILE pri podjetju 4: se ni na vrsti po razporedu; preskoceno.
18:55:24     konec: Zaloga BT_STOCK
18:55:24  == Zaloga iz SAOP (kolicine) ==
18:55:25     [1] SAOP_STOCK: se ni na vrsti po razporedu; preskoceno.
18:55:25     [2] SAOP_STOCK: se ni na vrsti po razporedu; preskoceno.
18:55:25     [3] SAOP_STOCK: se ni na vrsti po razporedu; preskoceno.
18:55:25     [4] SAOP_STOCK: se ni na vrsti po razporedu; preskoceno.
18:55:25     konec: Zaloga iz SAOP (kolicine)
18:55:25  == Osvezitev cen kataloga ==
18:55:26     Živ SAOP zajem: podjetij=4, končnih točk=1, delta zajem, razpored=SAOP_PRICES.
18:55:26     [2] IQLighting (SAOP_IQLIGHTING)
18:55:48       GetPrices: strani=3 zapisov=182 [20,7 s, 6,90 s/stran]
18:55:49       SKUPAJ strani=3 zapisov=182 RunId=d9501bfe-bd77-40a6-ab44-2bd04cdf1374
18:55:49       OPOZORILO: v raw.Inbox ležijo nepreslikane vrstice iz prejšnjih zagonov: GetPrices=3. Preslikaj jih z --map-run <RunId tistega zagona>; poizvedba: SELECT DISTINCT RunId, EntityType FROM raw.Inbox WHERE Status=N'Pending';
18:55:49     [3] Vidadria (SAOP_VIDADRIA)
18:56:11       GetPrices: strani=5 zapisov=234 [22,2 s, 4,44 s/stran]
18:56:12       SKUPAJ strani=5 zapisov=234 RunId=3fb67d7e-2534-4845-b761-d711950e4955
18:56:12     [4] Ediito (SAOP_EDIITO)
18:56:26       GetPrices: strani=2 zapisov=19 [13,6 s, 6,80 s/stran]
18:56:26       SKUPAJ strani=2 zapisov=19 RunId=697563d1-575d-45c3-999a-e8aea43804e7
18:56:26     [1] DEMO (SAOP_DEMO)
18:56:34       GetPrices: strani=0 zapisov=0 [7,4 s]
18:56:34       SKUPAJ strani=0 zapisov=0 RunId=8a4d999b-58c9-493f-be4f-5f2b52c36198
18:56:35     konec: Osvezitev cen kataloga
18:56:35  == Izvoz cen in zaloge za splet ==
18:56:44     Izvoz profila MAGENTO_STOCK_PRICES končan: 11435 vrstic v C:\Users\david\Desktop\PIM\NoviPIM\izvoz\magento\1
18:57:39     Izvoz profila MAGENTO_STOCK_PRICES končan: 89652 vrstic v C:\Users\david\Desktop\PIM\NoviPIM\izvoz\magento\2
18:57:56     Izvoz profila MAGENTO_STOCK_PRICES končan: 18683 vrstic v C:\Users\david\Desktop\PIM\NoviPIM\izvoz\magento\3
18:58:20     Izvoz profila MAGENTO_STOCK_PRICES končan: 35650 vrstic v C:\Users\david\Desktop\PIM\NoviPIM\izvoz\magento\4
18:58:20     konec: Izvoz cen in zaloge za splet
18:58:20  == Osvezitev kataloga in strank s cenami in zalogo (podjetje 2) ==
18:58:21     STDERR: Unhandled exception. System.ArgumentException: Manjka --output-dir.
18:58:21     STDERR:    at Program.<<Main>$>g__Required|0_0(String[] args, String name) in C:\Users\david\Desktop\PIM\NoviPIM\PIM_Solution\workers\PIM.B2bWorker\Program.cs:line 87
18:58:21     STDERR:    at Program.<Main>$(String[] args) in C:\Users\david\Desktop\PIM\NoviPIM\PIM_Solution\workers\PIM.B2bWorker\Program.cs:line 17
18:58:21     STDERR:    at Program.<Main>(String[] args)
18:58:22     NAPAKA: worker PIM.B2bWorker je koncal z izhodno kodo -532462766
18:58:22  Zalogovni cikel koncan; padlih korakov: 1.
19:00:15  == Zaloga NW_STOCK ==
19:00:16     [NW_STOCK] preskoceno: Razmik dobavitelja se tece; naslednji prenos po 17. 09. 2026 19:08.
19:00:16     Prevzem koncan: uspesno 0, neuspesno 0, skupaj virov 1.
19:00:17     Prebranih zapisov: 2762; SHA-256: 746092adc9397b309fddffe4f8a1d6469614ce2396ea9838b2db1e1095d41559
19:00:17     Ta posnetek je ze v bazi; vir=NW_STOCK, podjetje=1, cas posnetka=2026-09-17 15:08:11Z, uporabljenih=2762, v karanteni=0, RunId=6e357333-48e0-413e-9a6e-6afe2f340d5a. Zapisano ni bilo nic.
19:00:18     Prebranih zapisov: 2762; SHA-256: 746092adc9397b309fddffe4f8a1d6469614ce2396ea9838b2db1e1095d41559
19:00:18     Ta posnetek je ze v bazi; vir=NW_STOCK, podjetje=2, cas posnetka=2026-09-17 15:08:11Z, uporabljenih=2762, v karanteni=0, RunId=d23087be-a838-40b8-b0d7-5077d0ec40a5. Zapisano ni bilo nic.
19:00:19     Prebranih zapisov: 2762; SHA-256: 746092adc9397b309fddffe4f8a1d6469614ce2396ea9838b2db1e1095d41559
19:00:19     Ta posnetek je ze v bazi; vir=NW_STOCK, podjetje=3, cas posnetka=2026-09-17 15:08:11Z, uporabljenih=2762, v karanteni=0, RunId=f2a38d3a-2bb5-4f9d-9f95-ebdfdd5a8a3a. Zapisano ni bilo nic.
19:00:20     Prebranih zapisov: 2762; SHA-256: 746092adc9397b309fddffe4f8a1d6469614ce2396ea9838b2db1e1095d41559
19:00:20     Ta posnetek je ze v bazi; vir=NW_STOCK, podjetje=4, cas posnetka=2026-09-17 15:08:11Z, uporabljenih=2762, v karanteni=0, RunId=67a1ebb2-06b3-4823-a16a-78baeb97eb80. Zapisano ni bilo nic.
19:00:20     konec: Zaloga NW_STOCK
19:00:20  == Zaloga BT_STOCK ==
19:00:21     SOURCE_FETCH: se ni na vrsti po razporedu; preskoceno.
19:00:22     Prebranih zapisov: 1389; SHA-256: 6698019c346705d3b9d19eee8d7a34a628cfee93615acac603b2d6f2cb666cdf
19:00:22     STOCK_FILE pri podjetju 1: se ni na vrsti po razporedu; preskoceno.
19:00:23     Prebranih zapisov: 1389; SHA-256: 6698019c346705d3b9d19eee8d7a34a628cfee93615acac603b2d6f2cb666cdf
19:00:23     STOCK_FILE pri podjetju 2: se ni na vrsti po razporedu; preskoceno.
19:00:24     Prebranih zapisov: 1389; SHA-256: 6698019c346705d3b9d19eee8d7a34a628cfee93615acac603b2d6f2cb666cdf
19:00:24     STOCK_FILE pri podjetju 3: se ni na vrsti po razporedu; preskoceno.
19:00:25     Prebranih zapisov: 1389; SHA-256: 6698019c346705d3b9d19eee8d7a34a628cfee93615acac603b2d6f2cb666cdf
19:00:25     STOCK_FILE pri podjetju 4: se ni na vrsti po razporedu; preskoceno.
19:00:25     konec: Zaloga BT_STOCK
19:00:25  == Zaloga iz SAOP (kolicine) ==
19:00:26     [1] SAOP_STOCK: se ni na vrsti po razporedu; preskoceno.
19:00:26     [2] SAOP_STOCK: se ni na vrsti po razporedu; preskoceno.
19:00:26     [3] SAOP_STOCK: se ni na vrsti po razporedu; preskoceno.
19:00:26     [4] SAOP_STOCK: se ni na vrsti po razporedu; preskoceno.
19:00:26     konec: Zaloga iz SAOP (kolicine)
19:00:26  == Osvezitev cen kataloga ==
19:00:27     Živ SAOP zajem: podjetij=4, končnih točk=1, delta zajem, razpored=SAOP_PRICES.
19:00:27     [2] IQLighting (SAOP_IQLIGHTING)
19:01:02       GetPrices: strani=3 zapisov=149 [34,4 s, 11,48 s/stran]
19:01:03       SKUPAJ strani=3 zapisov=149 RunId=7baa2653-d495-4bd2-9ce1-3ec22bb7c3e5
19:01:03       OPOZORILO: v raw.Inbox ležijo nepreslikane vrstice iz prejšnjih zagonov: GetPrices=3. Preslikaj jih z --map-run <RunId tistega zagona>; poizvedba: SELECT DISTINCT RunId, EntityType FROM raw.Inbox WHERE Status=N'Pending';
19:01:03     [3] Vidadria (SAOP_VIDADRIA)
19:01:36       GetPrices: strani=5 zapisov=206 [32,1 s, 6,41 s/stran]
19:01:36       SKUPAJ strani=5 zapisov=206 RunId=bd5c170c-59f2-4458-94a0-34b5bfa6ae94
19:01:36     [4] Ediito (SAOP_EDIITO)
19:01:47       GetPrices: strani=2 zapisov=17 [9,9 s, 4,96 s/stran]
19:01:47       SKUPAJ strani=2 zapisov=17 RunId=fbf75607-af15-4c95-8e75-bf70c94e6600
19:01:47     [1] DEMO (SAOP_DEMO)
19:01:55       GetPrices: strani=0 zapisov=0 [7,4 s]
19:01:55       SKUPAJ strani=0 zapisov=0 RunId=dd37057e-4692-4b89-b69a-803250e588a9
19:01:55     konec: Osvezitev cen kataloga
19:01:55  == Izvoz cen in zaloge za splet ==
19:02:05     Izvoz profila MAGENTO_STOCK_PRICES končan: 11435 vrstic v C:\Users\david\Desktop\PIM\NoviPIM\izvoz\magento\1
19:03:00     Izvoz profila MAGENTO_STOCK_PRICES končan: 89652 vrstic v C:\Users\david\Desktop\PIM\NoviPIM\izvoz\magento\2
19:03:18     Izvoz profila MAGENTO_STOCK_PRICES končan: 18683 vrstic v C:\Users\david\Desktop\PIM\NoviPIM\izvoz\magento\3
19:03:41     Izvoz profila MAGENTO_STOCK_PRICES končan: 35650 vrstic v C:\Users\david\Desktop\PIM\NoviPIM\izvoz\magento\4
19:03:41     konec: Izvoz cen in zaloge za splet
19:03:41  == Osvezitev kataloga in strank s cenami in zalogo (podjetje 2) ==
19:03:42     STDERR: Unhandled exception. System.ArgumentException: Manjka --output-dir.
19:03:42     STDERR:    at Program.<<Main>$>g__Required|0_0(String[] args, String name) in C:\Users\david\Desktop\PIM\NoviPIM\PIM_Solution\workers\PIM.B2bWorker\Program.cs:line 87
19:03:42     STDERR:    at Program.<Main>$(String[] args) in C:\Users\david\Desktop\PIM\NoviPIM\PIM_Solution\workers\PIM.B2bWorker\Program.cs:line 17
19:03:42     STDERR:    at Program.<Main>(String[] args)
19:03:43     NAPAKA: worker PIM.B2bWorker je koncal z izhodno kodo -532462766
19:03:43  Zalogovni cikel koncan; padlih korakov: 1.
19:05:15  == Zaloga NW_STOCK ==
19:05:16     SOURCE_FETCH: se ni na vrsti po razporedu; preskoceno.
19:05:17     Prebranih zapisov: 2762; SHA-256: 746092adc9397b309fddffe4f8a1d6469614ce2396ea9838b2db1e1095d41559
19:05:17     STOCK_FILE pri podjetju 1: se ni na vrsti po razporedu; preskoceno.
19:05:18     Prebranih zapisov: 2762; SHA-256: 746092adc9397b309fddffe4f8a1d6469614ce2396ea9838b2db1e1095d41559
19:05:18     STOCK_FILE pri podjetju 2: se ni na vrsti po razporedu; preskoceno.
19:05:19     Prebranih zapisov: 2762; SHA-256: 746092adc9397b309fddffe4f8a1d6469614ce2396ea9838b2db1e1095d41559
19:05:19     Ta posnetek je ze v bazi; vir=NW_STOCK, podjetje=3, cas posnetka=2026-09-17 15:08:11Z, uporabljenih=2762, v karanteni=0, RunId=f2a38d3a-2bb5-4f9d-9f95-ebdfdd5a8a3a. Zapisano ni bilo nic.
19:05:20     Prebranih zapisov: 2762; SHA-256: 746092adc9397b309fddffe4f8a1d6469614ce2396ea9838b2db1e1095d41559
19:05:20     Ta posnetek je ze v bazi; vir=NW_STOCK, podjetje=4, cas posnetka=2026-09-17 15:08:11Z, uporabljenih=2762, v karanteni=0, RunId=67a1ebb2-06b3-4823-a16a-78baeb97eb80. Zapisano ni bilo nic.
19:05:20     konec: Zaloga NW_STOCK
19:05:20  == Zaloga BT_STOCK ==
19:05:21     [BT_STOCK] preskoceno: Razmik dobavitelja se tece; naslednji prenos po 17. 09. 2026 20:07.
19:05:21     Prevzem koncan: uspesno 0, neuspesno 0, skupaj virov 1.
19:05:22     Prebranih zapisov: 1389; SHA-256: 6698019c346705d3b9d19eee8d7a34a628cfee93615acac603b2d6f2cb666cdf
19:05:23     Ta posnetek je ze v bazi; vir=BT_STOCK, podjetje=1, cas posnetka=2026-09-17 15:07:47Z, uporabljenih=1389, v karanteni=0, RunId=29a79c20-8f70-4926-adba-027582a5633e. Zapisano ni bilo nic.
19:05:24     Prebranih zapisov: 1389; SHA-256: 6698019c346705d3b9d19eee8d7a34a628cfee93615acac603b2d6f2cb666cdf
19:05:24     Ta posnetek je ze v bazi; vir=BT_STOCK, podjetje=2, cas posnetka=2026-09-17 15:07:47Z, uporabljenih=1389, v karanteni=0, RunId=7f8b9bc6-9c94-4908-8368-ca840e90feb4. Zapisano ni bilo nic.
19:05:25     Prebranih zapisov: 1389; SHA-256: 6698019c346705d3b9d19eee8d7a34a628cfee93615acac603b2d6f2cb666cdf
19:05:25     STOCK_FILE pri podjetju 3: se ni na vrsti po razporedu; preskoceno.
19:05:26     Prebranih zapisov: 1389; SHA-256: 6698019c346705d3b9d19eee8d7a34a628cfee93615acac603b2d6f2cb666cdf
19:05:26     STOCK_FILE pri podjetju 4: se ni na vrsti po razporedu; preskoceno.
19:05:26     konec: Zaloga BT_STOCK
19:05:26  == Zaloga iz SAOP (kolicine) ==
19:05:28     [1] SAOP_STOCK: se ni na vrsti po razporedu; preskoceno.
19:05:28     [2] SAOP_STOCK: se ni na vrsti po razporedu; preskoceno.
19:05:28     [3] SAOP_STOCK: se ni na vrsti po razporedu; preskoceno.
19:05:28     [4] SAOP_STOCK: se ni na vrsti po razporedu; preskoceno.
19:05:28     konec: Zaloga iz SAOP (kolicine)
19:05:28  == Osvezitev cen kataloga ==
19:05:30     Živ SAOP zajem: podjetij=4, končnih točk=1, delta zajem, razpored=SAOP_PRICES.
19:05:30     [2] IQLighting (SAOP_IQLIGHTING)
19:05:51       GetPrices: strani=3 zapisov=149 — MEJNIK STOJI (SAOP je vrnil 149 zapisov, a so bili enaki že zajetim (dedup po hashu) — ta zagon nima česa preslikati); zapisi ostanejo v raw.Inbox in jih bo naslednji zagon zajel znova
19:05:51       SKUPAJ strani=3 zapisov=149 RunId=70b9cb8e-033c-45dd-a47a-f264d0fda67c
19:05:51       OPOZORILO: v raw.Inbox ležijo nepreslikane vrstice iz prejšnjih zagonov: GetPrices=3. Preslikaj jih z --map-run <RunId tistega zagona>; poizvedba: SELECT DISTINCT RunId, EntityType FROM raw.Inbox WHERE Status=N'Pending';
19:05:51       OPOZORILO: pri 1 končnih točkah mejnik stoji. Zajeti podatek leži v raw.Inbox in ga bo naslednji zagon zajel znova; če ga hočeš preslikati brez ponovnega klica, uporabi --map-run 70b9cb8e-033c-45dd-a47a-f264d0fda67c.
19:05:51     [3] Vidadria (SAOP_VIDADRIA)
19:06:13       GetPrices: strani=5 zapisov=206 — MEJNIK STOJI (SAOP je vrnil 206 zapisov, a so bili enaki že zajetim (dedup po hashu) — ta zagon nima česa preslikati); zapisi ostanejo v raw.Inbox in jih bo naslednji zagon zajel znova
19:06:13       SKUPAJ strani=5 zapisov=206 RunId=771e58d5-eec8-4955-9b86-63abb0a3cb1b
19:06:13       OPOZORILO: pri 1 končnih točkah mejnik stoji. Zajeti podatek leži v raw.Inbox in ga bo naslednji zagon zajel znova; če ga hočeš preslikati brez ponovnega klica, uporabi --map-run 771e58d5-eec8-4955-9b86-63abb0a3cb1b.
19:06:13     [4] Ediito (SAOP_EDIITO)
19:06:20       GetPrices: strani=2 zapisov=17 — MEJNIK STOJI (SAOP je vrnil 17 zapisov, a so bili enaki že zajetim (dedup po hashu) — ta zagon nima česa preslikati); zapisi ostanejo v raw.Inbox in jih bo naslednji zagon zajel znova
19:06:20       SKUPAJ strani=2 zapisov=17 RunId=53514228-0143-443f-b321-d9db292e2e71
19:06:20       OPOZORILO: pri 1 končnih točkah mejnik stoji. Zajeti podatek leži v raw.Inbox in ga bo naslednji zagon zajel znova; če ga hočeš preslikati brez ponovnega klica, uporabi --map-run 53514228-0143-443f-b321-d9db292e2e71.
19:06:20     [1] DEMO (SAOP_DEMO)
19:06:24       GetPrices: strani=0 zapisov=0 [4,1 s]
19:06:24       SKUPAJ strani=0 zapisov=0 RunId=e5377cad-a570-42f2-bef7-021a9cd925db
19:06:24     konec: Osvezitev cen kataloga
19:06:24  == Izvoz cen in zaloge za splet ==
19:06:34     Izvoz profila MAGENTO_STOCK_PRICES končan: 11435 vrstic v C:\Users\david\Desktop\PIM\NoviPIM\izvoz\magento\1
19:07:29     Izvoz profila MAGENTO_STOCK_PRICES končan: 89652 vrstic v C:\Users\david\Desktop\PIM\NoviPIM\izvoz\magento\2
19:07:45     Izvoz profila MAGENTO_STOCK_PRICES končan: 18683 vrstic v C:\Users\david\Desktop\PIM\NoviPIM\izvoz\magento\3
19:08:10     Izvoz profila MAGENTO_STOCK_PRICES končan: 35650 vrstic v C:\Users\david\Desktop\PIM\NoviPIM\izvoz\magento\4
19:08:10     konec: Izvoz cen in zaloge za splet
19:08:10  == Osvezitev kataloga in strank s cenami in zalogo (podjetje 2) ==
19:08:11     STDERR: Unhandled exception. System.ArgumentException: Manjka --output-dir.
19:08:11     STDERR:    at Program.<<Main>$>g__Required|0_0(String[] args, String name) in C:\Users\david\Desktop\PIM\NoviPIM\PIM_Solution\workers\PIM.B2bWorker\Program.cs:line 87
19:08:11     STDERR:    at Program.<Main>$(String[] args) in C:\Users\david\Desktop\PIM\NoviPIM\PIM_Solution\workers\PIM.B2bWorker\Program.cs:line 17
19:08:11     STDERR:    at Program.<Main>(String[] args)
19:08:11     NAPAKA: worker PIM.B2bWorker je koncal z izhodno kodo -532462766
19:08:11  Zalogovni cikel koncan; padlih korakov: 1.
19:10:15  == Zaloga NW_STOCK ==
19:10:16     SOURCE_FETCH: se ni na vrsti po razporedu; preskoceno.
19:10:16     Prebranih zapisov: 2762; SHA-256: 746092adc9397b309fddffe4f8a1d6469614ce2396ea9838b2db1e1095d41559
19:10:17     STOCK_FILE pri podjetju 1: se ni na vrsti po razporedu; preskoceno.
19:10:17     Prebranih zapisov: 2762; SHA-256: 746092adc9397b309fddffe4f8a1d6469614ce2396ea9838b2db1e1095d41559
19:10:18     STOCK_FILE pri podjetju 2: se ni na vrsti po razporedu; preskoceno.
19:10:18     Prebranih zapisov: 2762; SHA-256: 746092adc9397b309fddffe4f8a1d6469614ce2396ea9838b2db1e1095d41559
19:10:19     STOCK_FILE pri podjetju 3: se ni na vrsti po razporedu; preskoceno.
19:10:19     Prebranih zapisov: 2762; SHA-256: 746092adc9397b309fddffe4f8a1d6469614ce2396ea9838b2db1e1095d41559
19:10:19     STOCK_FILE pri podjetju 4: se ni na vrsti po razporedu; preskoceno.
19:10:20     konec: Zaloga NW_STOCK
19:10:20  == Zaloga BT_STOCK ==
19:10:20     SOURCE_FETCH: se ni na vrsti po razporedu; preskoceno.
19:10:21     Prebranih zapisov: 1389; SHA-256: 6698019c346705d3b9d19eee8d7a34a628cfee93615acac603b2d6f2cb666cdf
19:10:21     STOCK_FILE pri podjetju 1: se ni na vrsti po razporedu; preskoceno.
19:10:22     Prebranih zapisov: 1389; SHA-256: 6698019c346705d3b9d19eee8d7a34a628cfee93615acac603b2d6f2cb666cdf
19:10:22     STOCK_FILE pri podjetju 2: se ni na vrsti po razporedu; preskoceno.
19:10:23     Prebranih zapisov: 1389; SHA-256: 6698019c346705d3b9d19eee8d7a34a628cfee93615acac603b2d6f2cb666cdf
19:10:23     Ta posnetek je ze v bazi; vir=BT_STOCK, podjetje=3, cas posnetka=2026-09-17 15:07:47Z, uporabljenih=1389, v karanteni=0, RunId=69e4e351-dc8f-4b85-9bd5-72cf28d35906. Zapisano ni bilo nic.
19:10:24     Prebranih zapisov: 1389; SHA-256: 6698019c346705d3b9d19eee8d7a34a628cfee93615acac603b2d6f2cb666cdf
19:10:25     Ta posnetek je ze v bazi; vir=BT_STOCK, podjetje=4, cas posnetka=2026-09-17 15:07:47Z, uporabljenih=1389, v karanteni=0, RunId=4826bbfa-159c-452a-bff7-0b106ff82ed5. Zapisano ni bilo nic.
19:10:25     konec: Zaloga BT_STOCK
19:10:25  == Zaloga iz SAOP (kolicine) ==
19:10:25     [1] SAOP_STOCK: se ni na vrsti po razporedu; preskoceno.
19:10:25     [2] SAOP_STOCK: se ni na vrsti po razporedu; preskoceno.
19:10:25     [3] SAOP_STOCK: se ni na vrsti po razporedu; preskoceno.
19:10:25     [4] SAOP_STOCK: se ni na vrsti po razporedu; preskoceno.
19:10:26     konec: Zaloga iz SAOP (kolicine)
19:10:26  == Osvezitev cen kataloga ==
19:10:26     Živ SAOP zajem: podjetij=4, končnih točk=1, delta zajem, razpored=SAOP_PRICES.
19:10:26     [2] IQLighting (SAOP_IQLIGHTING)
19:10:47       GetPrices: strani=3 zapisov=149 — MEJNIK STOJI (SAOP je vrnil 149 zapisov, a so bili enaki že zajetim (dedup po hashu) — ta zagon nima česa preslikati); zapisi ostanejo v raw.Inbox in jih bo naslednji zagon zajel znova
19:10:48       SKUPAJ strani=3 zapisov=149 RunId=8d1c0e1b-6d15-4f2d-b707-c336447c0295
19:10:48       OPOZORILO: v raw.Inbox ležijo nepreslikane vrstice iz prejšnjih zagonov: GetPrices=3. Preslikaj jih z --map-run <RunId tistega zagona>; poizvedba: SELECT DISTINCT RunId, EntityType FROM raw.Inbox WHERE Status=N'Pending';
19:10:48       OPOZORILO: pri 1 končnih točkah mejnik stoji. Zajeti podatek leži v raw.Inbox in ga bo naslednji zagon zajel znova; če ga hočeš preslikati brez ponovnega klica, uporabi --map-run 8d1c0e1b-6d15-4f2d-b707-c336447c0295.
19:10:48     [3] Vidadria (SAOP_VIDADRIA)
19:11:09       GetPrices: strani=5 zapisov=206 — MEJNIK STOJI (SAOP je vrnil 206 zapisov, a so bili enaki že zajetim (dedup po hashu) — ta zagon nima česa preslikati); zapisi ostanejo v raw.Inbox in jih bo naslednji zagon zajel znova
19:11:09       SKUPAJ strani=5 zapisov=206 RunId=c1ff123f-34df-4d5d-ad58-71f5d654100d
19:11:09       OPOZORILO: pri 1 končnih točkah mejnik stoji. Zajeti podatek leži v raw.Inbox in ga bo naslednji zagon zajel znova; če ga hočeš preslikati brez ponovnega klica, uporabi --map-run c1ff123f-34df-4d5d-ad58-71f5d654100d.
19:11:09     [4] Ediito (SAOP_EDIITO)
19:11:16       GetPrices: strani=2 zapisov=17 — MEJNIK STOJI (SAOP je vrnil 17 zapisov, a so bili enaki že zajetim (dedup po hashu) — ta zagon nima česa preslikati); zapisi ostanejo v raw.Inbox in jih bo naslednji zagon zajel znova
19:11:17       SKUPAJ strani=2 zapisov=17 RunId=8968da85-4f2c-4f9b-9619-43b458c68825
19:11:17       OPOZORILO: pri 1 končnih točkah mejnik stoji. Zajeti podatek leži v raw.Inbox in ga bo naslednji zagon zajel znova; če ga hočeš preslikati brez ponovnega klica, uporabi --map-run 8968da85-4f2c-4f9b-9619-43b458c68825.
19:11:17     [1] DEMO (SAOP_DEMO)
19:11:21       GetPrices: strani=0 zapisov=0 [4,1 s]
19:11:21       SKUPAJ strani=0 zapisov=0 RunId=1a6539ca-ff53-4282-af0d-b091aef0c75b
19:11:21     konec: Osvezitev cen kataloga
19:11:21  == Izvoz cen in zaloge za splet ==
19:11:31     Izvoz profila MAGENTO_STOCK_PRICES končan: 11435 vrstic v C:\Users\david\Desktop\PIM\NoviPIM\izvoz\magento\1
19:12:24     Izvoz profila MAGENTO_STOCK_PRICES končan: 89652 vrstic v C:\Users\david\Desktop\PIM\NoviPIM\izvoz\magento\2
19:12:40     Izvoz profila MAGENTO_STOCK_PRICES končan: 18683 vrstic v C:\Users\david\Desktop\PIM\NoviPIM\izvoz\magento\3
19:13:04     Izvoz profila MAGENTO_STOCK_PRICES končan: 35650 vrstic v C:\Users\david\Desktop\PIM\NoviPIM\izvoz\magento\4
19:13:04     konec: Izvoz cen in zaloge za splet
19:13:04  == Osvezitev kataloga in strank s cenami in zalogo (podjetje 2) ==
19:13:05     STDERR: Unhandled exception. System.ArgumentException: Manjka --output-dir.
19:13:05     STDERR:    at Program.<<Main>$>g__Required|0_0(String[] args, String name) in C:\Users\david\Desktop\PIM\NoviPIM\PIM_Solution\workers\PIM.B2bWorker\Program.cs:line 87
19:13:05     STDERR:    at Program.<Main>$(String[] args) in C:\Users\david\Desktop\PIM\NoviPIM\PIM_Solution\workers\PIM.B2bWorker\Program.cs:line 17
19:13:05     STDERR:    at Program.<Main>(String[] args)
19:13:06     NAPAKA: worker PIM.B2bWorker je koncal z izhodno kodo -532462766
19:13:06  Zalogovni cikel koncan; padlih korakov: 1.
19:15:15  == Zaloga NW_STOCK ==
19:15:17     [NW_STOCK] prevzeto 86.746 bajtov -> C:\Users\david\Desktop\PIM\NoviPIM\PIM_Solution\data\prevzem\NW_STOCK\nw-zaloga.csv; arhiv nw-zaloga_20260917_171517Z.csv.gz
19:15:17     Prevzem koncan: uspesno 1, neuspesno 0, skupaj virov 1.
19:15:18     Prebranih zapisov: 2762; SHA-256: a9949c8d0268b7a86462a81e35eec5b7e4e651a83b46939d71629285af1e289e
19:15:21     Zaloga zapisana; vir=NW_STOCK, podjetje=1, uporabljenih=2762, v karanteni=0, RunId=b3a4118e-59b9-4ada-ab79-e60844329345.
19:15:21     Prebranih zapisov: 2762; SHA-256: a9949c8d0268b7a86462a81e35eec5b7e4e651a83b46939d71629285af1e289e
19:15:24     Zaloga zapisana; vir=NW_STOCK, podjetje=2, uporabljenih=2762, v karanteni=0, RunId=91cd8b3e-2ebb-417e-b490-ee3ecbc7bc47.
19:15:25     Prebranih zapisov: 2762; SHA-256: a9949c8d0268b7a86462a81e35eec5b7e4e651a83b46939d71629285af1e289e
19:15:27     Zaloga zapisana; vir=NW_STOCK, podjetje=3, uporabljenih=2762, v karanteni=0, RunId=2b9413ba-2fef-4e60-9fe2-d1434306ee5a.
19:15:28     Prebranih zapisov: 2762; SHA-256: a9949c8d0268b7a86462a81e35eec5b7e4e651a83b46939d71629285af1e289e
19:15:30     Zaloga zapisana; vir=NW_STOCK, podjetje=4, uporabljenih=2762, v karanteni=0, RunId=9d050312-c012-4986-9325-67e21d009aa7.
19:15:30     konec: Zaloga NW_STOCK
19:15:30  == Zaloga BT_STOCK ==
19:15:31     SOURCE_FETCH: se ni na vrsti po razporedu; preskoceno.
19:15:32     Prebranih zapisov: 1389; SHA-256: 6698019c346705d3b9d19eee8d7a34a628cfee93615acac603b2d6f2cb666cdf
19:15:32     STOCK_FILE pri podjetju 1: se ni na vrsti po razporedu; preskoceno.
19:15:33     Prebranih zapisov: 1389; SHA-256: 6698019c346705d3b9d19eee8d7a34a628cfee93615acac603b2d6f2cb666cdf
19:15:33     STOCK_FILE pri podjetju 2: se ni na vrsti po razporedu; preskoceno.
19:15:34     Prebranih zapisov: 1389; SHA-256: 6698019c346705d3b9d19eee8d7a34a628cfee93615acac603b2d6f2cb666cdf
19:15:34     STOCK_FILE pri podjetju 3: se ni na vrsti po razporedu; preskoceno.
19:15:35     Prebranih zapisov: 1389; SHA-256: 6698019c346705d3b9d19eee8d7a34a628cfee93615acac603b2d6f2cb666cdf
19:15:36     STOCK_FILE pri podjetju 4: se ni na vrsti po razporedu; preskoceno.
19:15:36     konec: Zaloga BT_STOCK
19:15:36  == Zaloga iz SAOP (kolicine) ==
19:15:37     [1] SAOP_STOCK: se ni na vrsti po razporedu; preskoceno.
19:15:37     [2] SAOP_STOCK: se ni na vrsti po razporedu; preskoceno.
19:15:37     [3] SAOP_STOCK: se ni na vrsti po razporedu; preskoceno.
19:15:37     [4] SAOP_STOCK: se ni na vrsti po razporedu; preskoceno.
19:15:37     konec: Zaloga iz SAOP (kolicine)
19:15:37  == Osvezitev cen kataloga ==
19:15:38     Živ SAOP zajem: podjetij=4, končnih točk=1, delta zajem, razpored=SAOP_PRICES.
19:15:38     [2] IQLighting (SAOP_IQLIGHTING)
19:15:58       GetPrices: strani=3 zapisov=149 — MEJNIK STOJI (SAOP je vrnil 149 zapisov, a so bili enaki že zajetim (dedup po hashu) — ta zagon nima česa preslikati); zapisi ostanejo v raw.Inbox in jih bo naslednji zagon zajel znova
19:15:58       SKUPAJ strani=3 zapisov=149 RunId=dd61b76c-f862-42b9-823f-d4fa5bfec37e
19:15:58       OPOZORILO: v raw.Inbox ležijo nepreslikane vrstice iz prejšnjih zagonov: GetPrices=3. Preslikaj jih z --map-run <RunId tistega zagona>; poizvedba: SELECT DISTINCT RunId, EntityType FROM raw.Inbox WHERE Status=N'Pending';
19:15:58       OPOZORILO: pri 1 končnih točkah mejnik stoji. Zajeti podatek leži v raw.Inbox in ga bo naslednji zagon zajel znova; če ga hočeš preslikati brez ponovnega klica, uporabi --map-run dd61b76c-f862-42b9-823f-d4fa5bfec37e.
19:15:58     [3] Vidadria (SAOP_VIDADRIA)
19:16:20       GetPrices: strani=5 zapisov=206 — MEJNIK STOJI (SAOP je vrnil 206 zapisov, a so bili enaki že zajetim (dedup po hashu) — ta zagon nima česa preslikati); zapisi ostanejo v raw.Inbox in jih bo naslednji zagon zajel znova
19:16:20       SKUPAJ strani=5 zapisov=206 RunId=041c95a0-32f8-45b3-9fa2-8b833718aa08
19:16:20       OPOZORILO: pri 1 končnih točkah mejnik stoji. Zajeti podatek leži v raw.Inbox in ga bo naslednji zagon zajel znova; če ga hočeš preslikati brez ponovnega klica, uporabi --map-run 041c95a0-32f8-45b3-9fa2-8b833718aa08.
19:16:20     [4] Ediito (SAOP_EDIITO)
19:16:27       GetPrices: strani=2 zapisov=17 — MEJNIK STOJI (SAOP je vrnil 17 zapisov, a so bili enaki že zajetim (dedup po hashu) — ta zagon nima česa preslikati); zapisi ostanejo v raw.Inbox in jih bo naslednji zagon zajel znova
19:16:27       SKUPAJ strani=2 zapisov=17 RunId=e6fe4cfb-44c2-4d66-98c9-6158230d8fff
19:16:27       OPOZORILO: pri 1 končnih točkah mejnik stoji. Zajeti podatek leži v raw.Inbox in ga bo naslednji zagon zajel znova; če ga hočeš preslikati brez ponovnega klica, uporabi --map-run e6fe4cfb-44c2-4d66-98c9-6158230d8fff.
19:16:27     [1] DEMO (SAOP_DEMO)
19:16:32       GetPrices: strani=0 zapisov=0 [4,1 s]
19:16:32       SKUPAJ strani=0 zapisov=0 RunId=3cb10645-0487-4c9a-9fe4-37068ab9b3e4
19:16:32     konec: Osvezitev cen kataloga
19:16:32  == Izvoz cen in zaloge za splet ==
19:16:42     Izvoz profila MAGENTO_STOCK_PRICES končan: 11435 vrstic v C:\Users\david\Desktop\PIM\NoviPIM\izvoz\magento\1
19:17:36     Izvoz profila MAGENTO_STOCK_PRICES končan: 89652 vrstic v C:\Users\david\Desktop\PIM\NoviPIM\izvoz\magento\2
19:17:53     Izvoz profila MAGENTO_STOCK_PRICES končan: 18683 vrstic v C:\Users\david\Desktop\PIM\NoviPIM\izvoz\magento\3
19:18:17     Izvoz profila MAGENTO_STOCK_PRICES končan: 35650 vrstic v C:\Users\david\Desktop\PIM\NoviPIM\izvoz\magento\4
19:18:17     konec: Izvoz cen in zaloge za splet
19:18:17  == Osvezitev kataloga in strank s cenami in zalogo (podjetje 2) ==
19:18:18     STDERR: Unhandled exception. System.ArgumentException: Manjka --output-dir.
19:18:18     STDERR:    at Program.<<Main>$>g__Required|0_0(String[] args, String name) in C:\Users\david\Desktop\PIM\NoviPIM\PIM_Solution\workers\PIM.B2bWorker\Program.cs:line 87
19:18:18     STDERR:    at Program.<Main>$(String[] args) in C:\Users\david\Desktop\PIM\NoviPIM\PIM_Solution\workers\PIM.B2bWorker\Program.cs:line 17
19:18:18     STDERR:    at Program.<Main>(String[] args)
19:18:18     NAPAKA: worker PIM.B2bWorker je koncal z izhodno kodo -532462766
19:18:18  Zalogovni cikel koncan; padlih korakov: 1.
19:20:15  == Zaloga NW_STOCK ==
19:20:16     SOURCE_FETCH: se ni na vrsti po razporedu; preskoceno.
19:20:17     Prebranih zapisov: 2762; SHA-256: a9949c8d0268b7a86462a81e35eec5b7e4e651a83b46939d71629285af1e289e
19:20:17     STOCK_FILE pri podjetju 1: se ni na vrsti po razporedu; preskoceno.
19:20:18     Prebranih zapisov: 2762; SHA-256: a9949c8d0268b7a86462a81e35eec5b7e4e651a83b46939d71629285af1e289e
19:20:18     STOCK_FILE pri podjetju 2: se ni na vrsti po razporedu; preskoceno.
19:20:19     Prebranih zapisov: 2762; SHA-256: a9949c8d0268b7a86462a81e35eec5b7e4e651a83b46939d71629285af1e289e
19:20:19     STOCK_FILE pri podjetju 3: se ni na vrsti po razporedu; preskoceno.
19:20:20     Prebranih zapisov: 2762; SHA-256: a9949c8d0268b7a86462a81e35eec5b7e4e651a83b46939d71629285af1e289e
19:20:20     STOCK_FILE pri podjetju 4: se ni na vrsti po razporedu; preskoceno.
19:20:20     konec: Zaloga NW_STOCK
19:20:20  == Zaloga BT_STOCK ==
19:20:21     [BT_STOCK] preskoceno: Razmik dobavitelja se tece; naslednji prenos po 17. 09. 2026 20:07.
19:20:21     Prevzem koncan: uspesno 0, neuspesno 0, skupaj virov 1.
19:20:22     Prebranih zapisov: 1389; SHA-256: 6698019c346705d3b9d19eee8d7a34a628cfee93615acac603b2d6f2cb666cdf
19:20:22     Ta posnetek je ze v bazi; vir=BT_STOCK, podjetje=1, cas posnetka=2026-09-17 15:07:47Z, uporabljenih=1389, v karanteni=0, RunId=29a79c20-8f70-4926-adba-027582a5633e. Zapisano ni bilo nic.
19:20:23     Prebranih zapisov: 1389; SHA-256: 6698019c346705d3b9d19eee8d7a34a628cfee93615acac603b2d6f2cb666cdf
19:20:23     Ta posnetek je ze v bazi; vir=BT_STOCK, podjetje=2, cas posnetka=2026-09-17 15:07:47Z, uporabljenih=1389, v karanteni=0, RunId=7f8b9bc6-9c94-4908-8368-ca840e90feb4. Zapisano ni bilo nic.
19:20:24     Prebranih zapisov: 1389; SHA-256: 6698019c346705d3b9d19eee8d7a34a628cfee93615acac603b2d6f2cb666cdf
19:20:24     STOCK_FILE pri podjetju 3: se ni na vrsti po razporedu; preskoceno.
19:20:25     Prebranih zapisov: 1389; SHA-256: 6698019c346705d3b9d19eee8d7a34a628cfee93615acac603b2d6f2cb666cdf
19:20:25     STOCK_FILE pri podjetju 4: se ni na vrsti po razporedu; preskoceno.
19:20:25     konec: Zaloga BT_STOCK
19:20:25  == Zaloga iz SAOP (kolicine) ==
19:20:26     [1] SAOP_GETSTOCKS (GetStocks): skladišč=4, zapisov=16, uporabljenih=16, v karanteni=0, RunId=39eea0f1-b89b-4f5b-9504-e0ed08656378.
19:20:33     [2] SAOP_GETSTOCKS (GetStocks): skladišč=1, zapisov=8774, uporabljenih=8774, v karanteni=0, RunId=2c22c8cf-c0c0-4e08-920f-e138f9890bf9.
19:20:37     [3] SAOP_REGISTERED_VIEW (RegisteredViewData): skladišč=0, zapisov=3073, uporabljenih=3073, v karanteni=0, RunId=016231b3-f244-438c-82bd-16b70f326a6c.
19:20:39     [4] SAOP_GETSTOCKS (GetStocks): skladišč=14, zapisov=3122, uporabljenih=3122, v karanteni=0, RunId=5cf4cc62-05dd-4750-a0d4-7a3ae2b8bc08.
19:20:39     konec: Zaloga iz SAOP (kolicine)
19:20:39  == Osvezitev cen kataloga ==
19:20:40     Živ SAOP zajem: podjetij=4, končnih točk=1, delta zajem, razpored=SAOP_PRICES.
19:20:40     [2] IQLighting (SAOP_IQLIGHTING)
19:21:01       GetPrices: strani=3 zapisov=149 — MEJNIK STOJI (SAOP je vrnil 149 zapisov, a so bili enaki že zajetim (dedup po hashu) — ta zagon nima česa preslikati); zapisi ostanejo v raw.Inbox in jih bo naslednji zagon zajel znova
19:21:01       SKUPAJ strani=3 zapisov=149 RunId=e135daca-1b03-4995-ac00-400bc1872d05
19:21:01       OPOZORILO: v raw.Inbox ležijo nepreslikane vrstice iz prejšnjih zagonov: GetPrices=3. Preslikaj jih z --map-run <RunId tistega zagona>; poizvedba: SELECT DISTINCT RunId, EntityType FROM raw.Inbox WHERE Status=N'Pending';
19:21:01       OPOZORILO: pri 1 končnih točkah mejnik stoji. Zajeti podatek leži v raw.Inbox in ga bo naslednji zagon zajel znova; če ga hočeš preslikati brez ponovnega klica, uporabi --map-run e135daca-1b03-4995-ac00-400bc1872d05.
19:21:01     [3] Vidadria (SAOP_VIDADRIA)
19:21:22       GetPrices: strani=5 zapisov=206 — MEJNIK STOJI (SAOP je vrnil 206 zapisov, a so bili enaki že zajetim (dedup po hashu) — ta zagon nima česa preslikati); zapisi ostanejo v raw.Inbox in jih bo naslednji zagon zajel znova
19:21:22       SKUPAJ strani=5 zapisov=206 RunId=698afa45-ed0d-450a-8a2e-741a6a9a2db1
19:21:22       OPOZORILO: pri 1 končnih točkah mejnik stoji. Zajeti podatek leži v raw.Inbox in ga bo naslednji zagon zajel znova; če ga hočeš preslikati brez ponovnega klica, uporabi --map-run 698afa45-ed0d-450a-8a2e-741a6a9a2db1.
19:21:22     [4] Ediito (SAOP_EDIITO)
19:21:29       GetPrices: strani=2 zapisov=17 — MEJNIK STOJI (SAOP je vrnil 17 zapisov, a so bili enaki že zajetim (dedup po hashu) — ta zagon nima česa preslikati); zapisi ostanejo v raw.Inbox in jih bo naslednji zagon zajel znova
19:21:30       SKUPAJ strani=2 zapisov=17 RunId=12c60352-10c1-469b-9186-80beae434ee8
19:21:30       OPOZORILO: pri 1 končnih točkah mejnik stoji. Zajeti podatek leži v raw.Inbox in ga bo naslednji zagon zajel znova; če ga hočeš preslikati brez ponovnega klica, uporabi --map-run 12c60352-10c1-469b-9186-80beae434ee8.
19:21:30     [1] DEMO (SAOP_DEMO)
19:21:34       GetPrices: strani=0 zapisov=0 [4,1 s]
19:21:34       SKUPAJ strani=0 zapisov=0 RunId=65c04280-7897-434e-96f2-7153b2a109ff
19:21:34     konec: Osvezitev cen kataloga
19:21:34  == Izvoz cen in zaloge za splet ==
19:21:44     Izvoz profila MAGENTO_STOCK_PRICES končan: 11435 vrstic v C:\Users\david\Desktop\PIM\NoviPIM\izvoz\magento\1
19:22:39     Izvoz profila MAGENTO_STOCK_PRICES končan: 89652 vrstic v C:\Users\david\Desktop\PIM\NoviPIM\izvoz\magento\2
19:22:56     Izvoz profila MAGENTO_STOCK_PRICES končan: 18683 vrstic v C:\Users\david\Desktop\PIM\NoviPIM\izvoz\magento\3
19:23:19     Izvoz profila MAGENTO_STOCK_PRICES končan: 35650 vrstic v C:\Users\david\Desktop\PIM\NoviPIM\izvoz\magento\4
19:23:20     konec: Izvoz cen in zaloge za splet
19:23:20  == Osvezitev kataloga in strank s cenami in zalogo (podjetje 2) ==
19:23:20     STDERR: Unhandled exception. System.ArgumentException: Manjka --output-dir.
19:23:20     STDERR:    at Program.<<Main>$>g__Required|0_0(String[] args, String name) in C:\Users\david\Desktop\PIM\NoviPIM\PIM_Solution\workers\PIM.B2bWorker\Program.cs:line 87
19:23:20     STDERR:    at Program.<Main>$(String[] args) in C:\Users\david\Desktop\PIM\NoviPIM\PIM_Solution\workers\PIM.B2bWorker\Program.cs:line 17
19:23:20     STDERR:    at Program.<Main>(String[] args)
19:23:21     NAPAKA: worker PIM.B2bWorker je koncal z izhodno kodo -532462766
19:23:21  Zalogovni cikel koncan; padlih korakov: 1.
19:25:15  == Zaloga NW_STOCK ==
19:25:16     SOURCE_FETCH: se ni na vrsti po razporedu; preskoceno.
19:25:17     Prebranih zapisov: 2762; SHA-256: a9949c8d0268b7a86462a81e35eec5b7e4e651a83b46939d71629285af1e289e
19:25:17     STOCK_FILE pri podjetju 1: se ni na vrsti po razporedu; preskoceno.
19:25:18     Prebranih zapisov: 2762; SHA-256: a9949c8d0268b7a86462a81e35eec5b7e4e651a83b46939d71629285af1e289e
19:25:18     STOCK_FILE pri podjetju 2: se ni na vrsti po razporedu; preskoceno.
19:25:19     Prebranih zapisov: 2762; SHA-256: a9949c8d0268b7a86462a81e35eec5b7e4e651a83b46939d71629285af1e289e
19:25:19     Ta posnetek je ze v bazi; vir=NW_STOCK, podjetje=3, cas posnetka=2026-09-17 17:15:16Z, uporabljenih=2762, v karanteni=0, RunId=2b9413ba-2fef-4e60-9fe2-d1434306ee5a. Zapisano ni bilo nic.
19:25:20     Prebranih zapisov: 2762; SHA-256: a9949c8d0268b7a86462a81e35eec5b7e4e651a83b46939d71629285af1e289e
19:25:20     Ta posnetek je ze v bazi; vir=NW_STOCK, podjetje=4, cas posnetka=2026-09-17 17:15:16Z, uporabljenih=2762, v karanteni=0, RunId=9d050312-c012-4986-9325-67e21d009aa7. Zapisano ni bilo nic.
19:25:20     konec: Zaloga NW_STOCK
19:25:20  == Zaloga BT_STOCK ==
19:25:21     [BT_STOCK] preskoceno: Razmik dobavitelja se tece; naslednji prenos po 17. 09. 2026 20:07.
19:25:21     Prevzem koncan: uspesno 0, neuspesno 0, skupaj virov 1.
19:25:22     Prebranih zapisov: 1389; SHA-256: 6698019c346705d3b9d19eee8d7a34a628cfee93615acac603b2d6f2cb666cdf
19:25:22     Ta posnetek je ze v bazi; vir=BT_STOCK, podjetje=1, cas posnetka=2026-09-17 15:07:47Z, uporabljenih=1389, v karanteni=0, RunId=29a79c20-8f70-4926-adba-027582a5633e. Zapisano ni bilo nic.
19:25:23     Prebranih zapisov: 1389; SHA-256: 6698019c346705d3b9d19eee8d7a34a628cfee93615acac603b2d6f2cb666cdf
19:25:23     Ta posnetek je ze v bazi; vir=BT_STOCK, podjetje=2, cas posnetka=2026-09-17 15:07:47Z, uporabljenih=1389, v karanteni=0, RunId=7f8b9bc6-9c94-4908-8368-ca840e90feb4. Zapisano ni bilo nic.
19:25:24     Prebranih zapisov: 1389; SHA-256: 6698019c346705d3b9d19eee8d7a34a628cfee93615acac603b2d6f2cb666cdf
19:25:24     STOCK_FILE pri podjetju 3: se ni na vrsti po razporedu; preskoceno.
19:25:25     Prebranih zapisov: 1389; SHA-256: 6698019c346705d3b9d19eee8d7a34a628cfee93615acac603b2d6f2cb666cdf
19:25:25     STOCK_FILE pri podjetju 4: se ni na vrsti po razporedu; preskoceno.
19:25:25     konec: Zaloga BT_STOCK
19:25:25  == Zaloga iz SAOP (kolicine) ==
19:25:26     [1] SAOP_STOCK: se ni na vrsti po razporedu; preskoceno.
19:25:26     [2] SAOP_STOCK: se ni na vrsti po razporedu; preskoceno.
19:25:26     [3] SAOP_STOCK: se ni na vrsti po razporedu; preskoceno.
19:25:26     [4] SAOP_STOCK: se ni na vrsti po razporedu; preskoceno.
19:25:26     konec: Zaloga iz SAOP (kolicine)
19:25:26  == Osvezitev cen kataloga ==
19:25:27     Živ SAOP zajem: podjetij=4, končnih točk=1, delta zajem, razpored=SAOP_PRICES.
19:25:27     [2] IQLighting (SAOP_IQLIGHTING)
19:25:48       GetPrices: strani=3 zapisov=149 — MEJNIK STOJI (SAOP je vrnil 149 zapisov, a so bili enaki že zajetim (dedup po hashu) — ta zagon nima česa preslikati); zapisi ostanejo v raw.Inbox in jih bo naslednji zagon zajel znova
19:25:48       SKUPAJ strani=3 zapisov=149 RunId=2f4b75e8-1ccd-458b-abbc-cb08fba504d4
19:25:48       OPOZORILO: v raw.Inbox ležijo nepreslikane vrstice iz prejšnjih zagonov: GetPrices=3. Preslikaj jih z --map-run <RunId tistega zagona>; poizvedba: SELECT DISTINCT RunId, EntityType FROM raw.Inbox WHERE Status=N'Pending';
19:25:48       OPOZORILO: pri 1 končnih točkah mejnik stoji. Zajeti podatek leži v raw.Inbox in ga bo naslednji zagon zajel znova; če ga hočeš preslikati brez ponovnega klica, uporabi --map-run 2f4b75e8-1ccd-458b-abbc-cb08fba504d4.
19:25:48     [3] Vidadria (SAOP_VIDADRIA)
19:26:10       GetPrices: strani=5 zapisov=206 — MEJNIK STOJI (SAOP je vrnil 206 zapisov, a so bili enaki že zajetim (dedup po hashu) — ta zagon nima česa preslikati); zapisi ostanejo v raw.Inbox in jih bo naslednji zagon zajel znova
19:26:10       SKUPAJ strani=5 zapisov=206 RunId=9d95a62f-4fea-4c44-89d9-d6830cbc2d7d
19:26:10       OPOZORILO: pri 1 končnih točkah mejnik stoji. Zajeti podatek leži v raw.Inbox in ga bo naslednji zagon zajel znova; če ga hočeš preslikati brez ponovnega klica, uporabi --map-run 9d95a62f-4fea-4c44-89d9-d6830cbc2d7d.
19:26:10     [4] Ediito (SAOP_EDIITO)
19:26:17       GetPrices: strani=2 zapisov=17 — MEJNIK STOJI (SAOP je vrnil 17 zapisov, a so bili enaki že zajetim (dedup po hashu) — ta zagon nima česa preslikati); zapisi ostanejo v raw.Inbox in jih bo naslednji zagon zajel znova
19:26:17       SKUPAJ strani=2 zapisov=17 RunId=85eadfdb-fed9-4416-a3f9-4a39ce75f29e
19:26:17       OPOZORILO: pri 1 končnih točkah mejnik stoji. Zajeti podatek leži v raw.Inbox in ga bo naslednji zagon zajel znova; če ga hočeš preslikati brez ponovnega klica, uporabi --map-run 85eadfdb-fed9-4416-a3f9-4a39ce75f29e.
19:26:17     [1] DEMO (SAOP_DEMO)
19:26:22       GetPrices: strani=0 zapisov=0 [4,2 s]
19:26:22       SKUPAJ strani=0 zapisov=0 RunId=ccb285de-1d2a-4ec1-b3b7-f3d91e0b73f8
19:26:22     konec: Osvezitev cen kataloga
19:26:22  == Izvoz cen in zaloge za splet ==
19:26:32     Izvoz profila MAGENTO_STOCK_PRICES končan: 11435 vrstic v C:\Users\david\Desktop\PIM\NoviPIM\izvoz\magento\1
19:27:27     Izvoz profila MAGENTO_STOCK_PRICES končan: 89652 vrstic v C:\Users\david\Desktop\PIM\NoviPIM\izvoz\magento\2
19:27:44     Izvoz profila MAGENTO_STOCK_PRICES končan: 18683 vrstic v C:\Users\david\Desktop\PIM\NoviPIM\izvoz\magento\3
19:28:09     Izvoz profila MAGENTO_STOCK_PRICES končan: 35650 vrstic v C:\Users\david\Desktop\PIM\NoviPIM\izvoz\magento\4
19:28:09     konec: Izvoz cen in zaloge za splet
19:28:09  == Osvezitev kataloga in strank s cenami in zalogo (podjetje 2) ==
19:28:10     STDERR: Unhandled exception. System.ArgumentException: Manjka --output-dir.
19:28:10     STDERR:    at Program.<<Main>$>g__Required|0_0(String[] args, String name) in C:\Users\david\Desktop\PIM\NoviPIM\PIM_Solution\workers\PIM.B2bWorker\Program.cs:line 87
19:28:10     STDERR:    at Program.<Main>$(String[] args) in C:\Users\david\Desktop\PIM\NoviPIM\PIM_Solution\workers\PIM.B2bWorker\Program.cs:line 17
19:28:10     STDERR:    at Program.<Main>(String[] args)
19:28:11     NAPAKA: worker PIM.B2bWorker je koncal z izhodno kodo -532462766
19:28:11  Zalogovni cikel koncan; padlih korakov: 1.
19:30:15  == Zaloga NW_STOCK ==
19:30:16     SOURCE_FETCH: se ni na vrsti po razporedu; preskoceno.
19:30:17     Prebranih zapisov: 2762; SHA-256: a9949c8d0268b7a86462a81e35eec5b7e4e651a83b46939d71629285af1e289e
19:30:17     STOCK_FILE pri podjetju 1: se ni na vrsti po razporedu; preskoceno.
19:30:18     Prebranih zapisov: 2762; SHA-256: a9949c8d0268b7a86462a81e35eec5b7e4e651a83b46939d71629285af1e289e
19:30:18     STOCK_FILE pri podjetju 2: se ni na vrsti po razporedu; preskoceno.
19:30:19     Prebranih zapisov: 2762; SHA-256: a9949c8d0268b7a86462a81e35eec5b7e4e651a83b46939d71629285af1e289e
19:30:19     Ta posnetek je ze v bazi; vir=NW_STOCK, podjetje=3, cas posnetka=2026-09-17 17:15:16Z, uporabljenih=2762, v karanteni=0, RunId=2b9413ba-2fef-4e60-9fe2-d1434306ee5a. Zapisano ni bilo nic.
19:30:20     Prebranih zapisov: 2762; SHA-256: a9949c8d0268b7a86462a81e35eec5b7e4e651a83b46939d71629285af1e289e
19:30:20     Ta posnetek je ze v bazi; vir=NW_STOCK, podjetje=4, cas posnetka=2026-09-17 17:15:16Z, uporabljenih=2762, v karanteni=0, RunId=9d050312-c012-4986-9325-67e21d009aa7. Zapisano ni bilo nic.
19:30:20     konec: Zaloga NW_STOCK
19:30:20  == Zaloga BT_STOCK ==
19:30:21     [BT_STOCK] preskoceno: Razmik dobavitelja se tece; naslednji prenos po 17. 09. 2026 20:07.
19:30:21     Prevzem koncan: uspesno 0, neuspesno 0, skupaj virov 1.
19:30:22     Prebranih zapisov: 1389; SHA-256: 6698019c346705d3b9d19eee8d7a34a628cfee93615acac603b2d6f2cb666cdf
19:30:22     Ta posnetek je ze v bazi; vir=BT_STOCK, podjetje=1, cas posnetka=2026-09-17 15:07:47Z, uporabljenih=1389, v karanteni=0, RunId=29a79c20-8f70-4926-adba-027582a5633e. Zapisano ni bilo nic.
19:30:23     Prebranih zapisov: 1389; SHA-256: 6698019c346705d3b9d19eee8d7a34a628cfee93615acac603b2d6f2cb666cdf
19:30:24     Ta posnetek je ze v bazi; vir=BT_STOCK, podjetje=2, cas posnetka=2026-09-17 15:07:47Z, uporabljenih=1389, v karanteni=0, RunId=7f8b9bc6-9c94-4908-8368-ca840e90feb4. Zapisano ni bilo nic.
19:30:24     Prebranih zapisov: 1389; SHA-256: 6698019c346705d3b9d19eee8d7a34a628cfee93615acac603b2d6f2cb666cdf
19:30:25     STOCK_FILE pri podjetju 3: se ni na vrsti po razporedu; preskoceno.
19:30:25     Prebranih zapisov: 1389; SHA-256: 6698019c346705d3b9d19eee8d7a34a628cfee93615acac603b2d6f2cb666cdf
19:30:26     STOCK_FILE pri podjetju 4: se ni na vrsti po razporedu; preskoceno.
19:30:26     konec: Zaloga BT_STOCK
19:30:26  == Zaloga iz SAOP (kolicine) ==
19:30:27     [1] SAOP_GETSTOCKS (GetStocks): skladišč=4, zapisov=16, uporabljenih=16, v karanteni=0, RunId=a94eb4dd-cfd3-4106-8c55-fceb9d4e60fe.
19:30:31     [2] SAOP_GETSTOCKS (GetStocks): skladišč=1, zapisov=8774, uporabljenih=8774, v karanteni=0, RunId=d06ecc95-5274-46d4-882e-896d234a89ae.
19:30:34     [3] SAOP_REGISTERED_VIEW (RegisteredViewData): skladišč=0, zapisov=3073, uporabljenih=3073, v karanteni=0, RunId=a040ca3f-5bf1-4c34-853f-a3df7c2deeb7.
19:30:35     [4] SAOP_GETSTOCKS (GetStocks): skladišč=14, zapisov=3122, uporabljenih=3122, v karanteni=0, RunId=afbf4b42-886d-41af-b25a-85cd46b30238.
19:30:35     konec: Zaloga iz SAOP (kolicine)
19:30:35  == Osvezitev cen kataloga ==
19:30:36     Živ SAOP zajem: podjetij=4, končnih točk=1, delta zajem, razpored=SAOP_PRICES.
19:30:36     [2] IQLighting (SAOP_IQLIGHTING)
19:30:57       GetPrices: strani=3 zapisov=149 — MEJNIK STOJI (SAOP je vrnil 149 zapisov, a so bili enaki že zajetim (dedup po hashu) — ta zagon nima česa preslikati); zapisi ostanejo v raw.Inbox in jih bo naslednji zagon zajel znova
19:30:57       SKUPAJ strani=3 zapisov=149 RunId=bc21b9c2-f235-4f23-a6e6-511661d80412
19:30:57       OPOZORILO: v raw.Inbox ležijo nepreslikane vrstice iz prejšnjih zagonov: GetPrices=3. Preslikaj jih z --map-run <RunId tistega zagona>; poizvedba: SELECT DISTINCT RunId, EntityType FROM raw.Inbox WHERE Status=N'Pending';
19:30:57       OPOZORILO: pri 1 končnih točkah mejnik stoji. Zajeti podatek leži v raw.Inbox in ga bo naslednji zagon zajel znova; če ga hočeš preslikati brez ponovnega klica, uporabi --map-run bc21b9c2-f235-4f23-a6e6-511661d80412.
19:30:57     [3] Vidadria (SAOP_VIDADRIA)
19:31:19       GetPrices: strani=5 zapisov=206 — MEJNIK STOJI (SAOP je vrnil 206 zapisov, a so bili enaki že zajetim (dedup po hashu) — ta zagon nima česa preslikati); zapisi ostanejo v raw.Inbox in jih bo naslednji zagon zajel znova
19:31:19       SKUPAJ strani=5 zapisov=206 RunId=981a702d-d7d4-4127-8e0e-bdad7ab3d6ff
19:31:19       OPOZORILO: pri 1 končnih točkah mejnik stoji. Zajeti podatek leži v raw.Inbox in ga bo naslednji zagon zajel znova; če ga hočeš preslikati brez ponovnega klica, uporabi --map-run 981a702d-d7d4-4127-8e0e-bdad7ab3d6ff.
19:31:19     [4] Ediito (SAOP_EDIITO)
19:31:26       GetPrices: strani=2 zapisov=17 — MEJNIK STOJI (SAOP je vrnil 17 zapisov, a so bili enaki že zajetim (dedup po hashu) — ta zagon nima česa preslikati); zapisi ostanejo v raw.Inbox in jih bo naslednji zagon zajel znova
19:31:26       SKUPAJ strani=2 zapisov=17 RunId=e794a413-655e-4819-9338-3c5bc7481cfc
19:31:26       OPOZORILO: pri 1 končnih točkah mejnik stoji. Zajeti podatek leži v raw.Inbox in ga bo naslednji zagon zajel znova; če ga hočeš preslikati brez ponovnega klica, uporabi --map-run e794a413-655e-4819-9338-3c5bc7481cfc.
19:31:26     [1] DEMO (SAOP_DEMO)
19:31:31       GetPrices: strani=0 zapisov=0 [4,1 s]
19:31:31       SKUPAJ strani=0 zapisov=0 RunId=dbc6d71f-dcf8-4d29-b3d4-5b965b8a6423
19:31:31     konec: Osvezitev cen kataloga
19:31:31  == Izvoz cen in zaloge za splet ==
19:31:41     Izvoz profila MAGENTO_STOCK_PRICES končan: 11435 vrstic v C:\Users\david\Desktop\PIM\NoviPIM\izvoz\magento\1
19:32:37     Izvoz profila MAGENTO_STOCK_PRICES končan: 89652 vrstic v C:\Users\david\Desktop\PIM\NoviPIM\izvoz\magento\2
19:32:54     Izvoz profila MAGENTO_STOCK_PRICES končan: 18683 vrstic v C:\Users\david\Desktop\PIM\NoviPIM\izvoz\magento\3
19:33:19     Izvoz profila MAGENTO_STOCK_PRICES končan: 35650 vrstic v C:\Users\david\Desktop\PIM\NoviPIM\izvoz\magento\4
19:33:19     konec: Izvoz cen in zaloge za splet
19:33:19  == Osvezitev kataloga in strank s cenami in zalogo (podjetje 2) ==
19:33:20     STDERR: Unhandled exception. System.ArgumentException: Manjka --output-dir.
19:33:20     STDERR:    at Program.<<Main>$>g__Required|0_0(String[] args, String name) in C:\Users\david\Desktop\PIM\NoviPIM\PIM_Solution\workers\PIM.B2bWorker\Program.cs:line 87
19:33:20     STDERR:    at Program.<Main>$(String[] args) in C:\Users\david\Desktop\PIM\NoviPIM\PIM_Solution\workers\PIM.B2bWorker\Program.cs:line 17
19:33:20     STDERR:    at Program.<Main>(String[] args)
19:33:21     NAPAKA: worker PIM.B2bWorker je koncal z izhodno kodo -532462766
19:33:21  Zalogovni cikel koncan; padlih korakov: 1.
19:35:15  == Zaloga NW_STOCK ==
19:35:16     SOURCE_FETCH: se ni na vrsti po razporedu; preskoceno.
19:35:17     Prebranih zapisov: 2762; SHA-256: a9949c8d0268b7a86462a81e35eec5b7e4e651a83b46939d71629285af1e289e
19:35:17     STOCK_FILE pri podjetju 1: se ni na vrsti po razporedu; preskoceno.
19:35:18     Prebranih zapisov: 2762; SHA-256: a9949c8d0268b7a86462a81e35eec5b7e4e651a83b46939d71629285af1e289e
19:35:18     STOCK_FILE pri podjetju 2: se ni na vrsti po razporedu; preskoceno.
19:35:19     Prebranih zapisov: 2762; SHA-256: a9949c8d0268b7a86462a81e35eec5b7e4e651a83b46939d71629285af1e289e
19:35:19     STOCK_FILE pri podjetju 3: se ni na vrsti po razporedu; preskoceno.
19:35:20     Prebranih zapisov: 2762; SHA-256: a9949c8d0268b7a86462a81e35eec5b7e4e651a83b46939d71629285af1e289e
19:35:20     STOCK_FILE pri podjetju 4: se ni na vrsti po razporedu; preskoceno.
19:35:20     konec: Zaloga NW_STOCK
19:35:20  == Zaloga BT_STOCK ==
19:35:21     SOURCE_FETCH: se ni na vrsti po razporedu; preskoceno.
19:35:22     Prebranih zapisov: 1389; SHA-256: 6698019c346705d3b9d19eee8d7a34a628cfee93615acac603b2d6f2cb666cdf
19:35:22     STOCK_FILE pri podjetju 1: se ni na vrsti po razporedu; preskoceno.
19:35:23     Prebranih zapisov: 1389; SHA-256: 6698019c346705d3b9d19eee8d7a34a628cfee93615acac603b2d6f2cb666cdf
19:35:23     STOCK_FILE pri podjetju 2: se ni na vrsti po razporedu; preskoceno.
19:35:24     Prebranih zapisov: 1389; SHA-256: 6698019c346705d3b9d19eee8d7a34a628cfee93615acac603b2d6f2cb666cdf
19:35:24     Ta posnetek je ze v bazi; vir=BT_STOCK, podjetje=3, cas posnetka=2026-09-17 15:07:47Z, uporabljenih=1389, v karanteni=0, RunId=69e4e351-dc8f-4b85-9bd5-72cf28d35906. Zapisano ni bilo nic.
19:35:25     Prebranih zapisov: 1389; SHA-256: 6698019c346705d3b9d19eee8d7a34a628cfee93615acac603b2d6f2cb666cdf
19:35:25     Ta posnetek je ze v bazi; vir=BT_STOCK, podjetje=4, cas posnetka=2026-09-17 15:07:47Z, uporabljenih=1389, v karanteni=0, RunId=4826bbfa-159c-452a-bff7-0b106ff82ed5. Zapisano ni bilo nic.
19:35:25     konec: Zaloga BT_STOCK
19:35:25  == Zaloga iz SAOP (kolicine) ==
19:35:26     [1] SAOP_STOCK: se ni na vrsti po razporedu; preskoceno.
19:35:26     [2] SAOP_STOCK: se ni na vrsti po razporedu; preskoceno.
19:35:26     [3] SAOP_STOCK: se ni na vrsti po razporedu; preskoceno.
19:35:26     [4] SAOP_STOCK: se ni na vrsti po razporedu; preskoceno.
19:35:26     konec: Zaloga iz SAOP (kolicine)
19:35:26  == Osvezitev cen kataloga ==
19:35:27     Živ SAOP zajem: podjetij=4, končnih točk=1, delta zajem, razpored=SAOP_PRICES.
19:35:27     [2] IQLighting (SAOP_IQLIGHTING)
19:35:48       GetPrices: strani=3 zapisov=149 — MEJNIK STOJI (SAOP je vrnil 149 zapisov, a so bili enaki že zajetim (dedup po hashu) — ta zagon nima česa preslikati); zapisi ostanejo v raw.Inbox in jih bo naslednji zagon zajel znova
19:35:48       SKUPAJ strani=3 zapisov=149 RunId=ce656baf-9c18-42fd-a5e6-1a845a1d4c87
19:35:48       OPOZORILO: v raw.Inbox ležijo nepreslikane vrstice iz prejšnjih zagonov: GetPrices=3. Preslikaj jih z --map-run <RunId tistega zagona>; poizvedba: SELECT DISTINCT RunId, EntityType FROM raw.Inbox WHERE Status=N'Pending';
19:35:48       OPOZORILO: pri 1 končnih točkah mejnik stoji. Zajeti podatek leži v raw.Inbox in ga bo naslednji zagon zajel znova; če ga hočeš preslikati brez ponovnega klica, uporabi --map-run ce656baf-9c18-42fd-a5e6-1a845a1d4c87.
19:35:48     [3] Vidadria (SAOP_VIDADRIA)
19:36:10       GetPrices: strani=5 zapisov=206 — MEJNIK STOJI (SAOP je vrnil 206 zapisov, a so bili enaki že zajetim (dedup po hashu) — ta zagon nima česa preslikati); zapisi ostanejo v raw.Inbox in jih bo naslednji zagon zajel znova
19:36:10       SKUPAJ strani=5 zapisov=206 RunId=108a9410-5282-4688-a2fe-5c24c378dc4f
19:36:10       OPOZORILO: pri 1 končnih točkah mejnik stoji. Zajeti podatek leži v raw.Inbox in ga bo naslednji zagon zajel znova; če ga hočeš preslikati brez ponovnega klica, uporabi --map-run 108a9410-5282-4688-a2fe-5c24c378dc4f.
19:36:10     [4] Ediito (SAOP_EDIITO)
19:36:17       GetPrices: strani=2 zapisov=17 — MEJNIK STOJI (SAOP je vrnil 17 zapisov, a so bili enaki že zajetim (dedup po hashu) — ta zagon nima česa preslikati); zapisi ostanejo v raw.Inbox in jih bo naslednji zagon zajel znova
19:36:17       SKUPAJ strani=2 zapisov=17 RunId=459f17bc-0db2-4605-8c1b-f97d28ffe83e
19:36:17       OPOZORILO: pri 1 končnih točkah mejnik stoji. Zajeti podatek leži v raw.Inbox in ga bo naslednji zagon zajel znova; če ga hočeš preslikati brez ponovnega klica, uporabi --map-run 459f17bc-0db2-4605-8c1b-f97d28ffe83e.
19:36:17     [1] DEMO (SAOP_DEMO)
19:36:22       GetPrices: strani=0 zapisov=0 [4,1 s]
19:36:22       SKUPAJ strani=0 zapisov=0 RunId=2fc94a75-8ce2-49de-9da6-b2b9d6209762
19:36:22     konec: Osvezitev cen kataloga
19:36:22  == Izvoz cen in zaloge za splet ==
19:36:33     Izvoz profila MAGENTO_STOCK_PRICES končan: 11435 vrstic v C:\Users\david\Desktop\PIM\NoviPIM\izvoz\magento\1
19:37:37     Izvoz profila MAGENTO_STOCK_PRICES končan: 89652 vrstic v C:\Users\david\Desktop\PIM\NoviPIM\izvoz\magento\2
19:37:55     Izvoz profila MAGENTO_STOCK_PRICES končan: 18683 vrstic v C:\Users\david\Desktop\PIM\NoviPIM\izvoz\magento\3
19:38:21     Izvoz profila MAGENTO_STOCK_PRICES končan: 35650 vrstic v C:\Users\david\Desktop\PIM\NoviPIM\izvoz\magento\4
19:38:21     konec: Izvoz cen in zaloge za splet
19:38:21  == Osvezitev kataloga in strank s cenami in zalogo (podjetje 2) ==
19:38:22     STDERR: Unhandled exception. System.ArgumentException: Manjka --output-dir.
19:38:22     STDERR:    at Program.<<Main>$>g__Required|0_0(String[] args, String name) in C:\Users\david\Desktop\PIM\NoviPIM\PIM_Solution\workers\PIM.B2bWorker\Program.cs:line 87
19:38:22     STDERR:    at Program.<Main>$(String[] args) in C:\Users\david\Desktop\PIM\NoviPIM\PIM_Solution\workers\PIM.B2bWorker\Program.cs:line 17
19:38:22     STDERR:    at Program.<Main>(String[] args)
19:38:23     NAPAKA: worker PIM.B2bWorker je koncal z izhodno kodo -532462766
19:38:23  Zalogovni cikel koncan; padlih korakov: 1.
19:40:15  == Zaloga NW_STOCK ==
19:40:16     [NW_STOCK] preskoceno: Razmik dobavitelja se tece; naslednji prenos po 17. 09. 2026 21:15.
19:40:16     Prevzem koncan: uspesno 0, neuspesno 0, skupaj virov 1.
19:40:17     Prebranih zapisov: 2762; SHA-256: a9949c8d0268b7a86462a81e35eec5b7e4e651a83b46939d71629285af1e289e
19:40:17     Ta posnetek je ze v bazi; vir=NW_STOCK, podjetje=1, cas posnetka=2026-09-17 17:15:16Z, uporabljenih=2762, v karanteni=0, RunId=b3a4118e-59b9-4ada-ab79-e60844329345. Zapisano ni bilo nic.
19:40:18     Prebranih zapisov: 2762; SHA-256: a9949c8d0268b7a86462a81e35eec5b7e4e651a83b46939d71629285af1e289e
19:40:18     Ta posnetek je ze v bazi; vir=NW_STOCK, podjetje=2, cas posnetka=2026-09-17 17:15:16Z, uporabljenih=2762, v karanteni=0, RunId=91cd8b3e-2ebb-417e-b490-ee3ecbc7bc47. Zapisano ni bilo nic.
19:40:19     Prebranih zapisov: 2762; SHA-256: a9949c8d0268b7a86462a81e35eec5b7e4e651a83b46939d71629285af1e289e
19:40:19     STOCK_FILE pri podjetju 3: se ni na vrsti po razporedu; preskoceno.
19:40:20     Prebranih zapisov: 2762; SHA-256: a9949c8d0268b7a86462a81e35eec5b7e4e651a83b46939d71629285af1e289e
19:40:20     STOCK_FILE pri podjetju 4: se ni na vrsti po razporedu; preskoceno.
19:40:20     konec: Zaloga NW_STOCK
19:40:20  == Zaloga BT_STOCK ==
19:40:21     SOURCE_FETCH: se ni na vrsti po razporedu; preskoceno.
19:40:22     Prebranih zapisov: 1389; SHA-256: 6698019c346705d3b9d19eee8d7a34a628cfee93615acac603b2d6f2cb666cdf
19:40:22     STOCK_FILE pri podjetju 1: se ni na vrsti po razporedu; preskoceno.
19:40:23     Prebranih zapisov: 1389; SHA-256: 6698019c346705d3b9d19eee8d7a34a628cfee93615acac603b2d6f2cb666cdf
19:40:23     STOCK_FILE pri podjetju 2: se ni na vrsti po razporedu; preskoceno.
19:40:24     Prebranih zapisov: 1389; SHA-256: 6698019c346705d3b9d19eee8d7a34a628cfee93615acac603b2d6f2cb666cdf
19:40:24     STOCK_FILE pri podjetju 3: se ni na vrsti po razporedu; preskoceno.
19:40:25     Prebranih zapisov: 1389; SHA-256: 6698019c346705d3b9d19eee8d7a34a628cfee93615acac603b2d6f2cb666cdf
19:40:25     STOCK_FILE pri podjetju 4: se ni na vrsti po razporedu; preskoceno.
19:40:25     konec: Zaloga BT_STOCK
19:40:25  == Zaloga iz SAOP (kolicine) ==
19:40:26     [1] SAOP_GETSTOCKS (GetStocks): skladišč=4, zapisov=16, uporabljenih=16, v karanteni=0, RunId=d4fd7e71-aed8-49b1-a916-afe1e8d9307d.
19:40:31     [2] SAOP_GETSTOCKS (GetStocks): skladišč=1, zapisov=8774, uporabljenih=8774, v karanteni=0, RunId=580289c2-311f-45d7-bd1c-7a6ae9f4d326.
19:40:33     [3] SAOP_REGISTERED_VIEW (RegisteredViewData): skladišč=0, zapisov=3073, uporabljenih=3073, v karanteni=0, RunId=23069685-165d-4518-ac57-56af875c9ea5.
19:40:34     [4] SAOP_GETSTOCKS (GetStocks): skladišč=14, zapisov=3122, uporabljenih=3122, v karanteni=0, RunId=3c2edebd-6cd1-43b6-90fa-83a831008d86.
19:40:34     konec: Zaloga iz SAOP (kolicine)
19:40:34  == Osvezitev cen kataloga ==
19:40:35     Živ SAOP zajem: podjetij=4, končnih točk=1, delta zajem, razpored=SAOP_PRICES.
19:40:35     [2] IQLighting (SAOP_IQLIGHTING)
19:40:57       GetPrices: strani=3 zapisov=149 — MEJNIK STOJI (SAOP je vrnil 149 zapisov, a so bili enaki že zajetim (dedup po hashu) — ta zagon nima česa preslikati); zapisi ostanejo v raw.Inbox in jih bo naslednji zagon zajel znova
19:40:57       SKUPAJ strani=3 zapisov=149 RunId=2cd256a7-f67e-47ab-a6ab-b447b603deda
19:40:57       OPOZORILO: v raw.Inbox ležijo nepreslikane vrstice iz prejšnjih zagonov: GetPrices=3. Preslikaj jih z --map-run <RunId tistega zagona>; poizvedba: SELECT DISTINCT RunId, EntityType FROM raw.Inbox WHERE Status=N'Pending';
19:40:57       OPOZORILO: pri 1 končnih točkah mejnik stoji. Zajeti podatek leži v raw.Inbox in ga bo naslednji zagon zajel znova; če ga hočeš preslikati brez ponovnega klica, uporabi --map-run 2cd256a7-f67e-47ab-a6ab-b447b603deda.
19:40:57     [3] Vidadria (SAOP_VIDADRIA)
19:41:19       GetPrices: strani=5 zapisov=206 — MEJNIK STOJI (SAOP je vrnil 206 zapisov, a so bili enaki že zajetim (dedup po hashu) — ta zagon nima česa preslikati); zapisi ostanejo v raw.Inbox in jih bo naslednji zagon zajel znova
19:41:19       SKUPAJ strani=5 zapisov=206 RunId=0cc36c26-2e59-4b82-bdfc-df2f8aea2683
19:41:19       OPOZORILO: pri 1 končnih točkah mejnik stoji. Zajeti podatek leži v raw.Inbox in ga bo naslednji zagon zajel znova; če ga hočeš preslikati brez ponovnega klica, uporabi --map-run 0cc36c26-2e59-4b82-bdfc-df2f8aea2683.
19:41:19     [4] Ediito (SAOP_EDIITO)
19:41:26       GetPrices: strani=2 zapisov=17 — MEJNIK STOJI (SAOP je vrnil 17 zapisov, a so bili enaki že zajetim (dedup po hashu) — ta zagon nima česa preslikati); zapisi ostanejo v raw.Inbox in jih bo naslednji zagon zajel znova
19:41:26       SKUPAJ strani=2 zapisov=17 RunId=1eeb18b8-0b39-4b48-bd9e-a04b88735a1c
19:41:26       OPOZORILO: pri 1 končnih točkah mejnik stoji. Zajeti podatek leži v raw.Inbox in ga bo naslednji zagon zajel znova; če ga hočeš preslikati brez ponovnega klica, uporabi --map-run 1eeb18b8-0b39-4b48-bd9e-a04b88735a1c.
19:41:26     [1] DEMO (SAOP_DEMO)
19:41:31       GetPrices: strani=0 zapisov=0 [4,3 s]
19:41:31       SKUPAJ strani=0 zapisov=0 RunId=a90f2876-3fda-46d0-88a6-0300035f086b
19:41:31     konec: Osvezitev cen kataloga
19:41:31  == Izvoz cen in zaloge za splet ==
19:41:40     Izvoz profila MAGENTO_STOCK_PRICES končan: 11435 vrstic v C:\Users\david\Desktop\PIM\NoviPIM\izvoz\magento\1
19:42:33     Izvoz profila MAGENTO_STOCK_PRICES končan: 89652 vrstic v C:\Users\david\Desktop\PIM\NoviPIM\izvoz\magento\2
19:42:49     Izvoz profila MAGENTO_STOCK_PRICES končan: 18683 vrstic v C:\Users\david\Desktop\PIM\NoviPIM\izvoz\magento\3
19:43:12     Izvoz profila MAGENTO_STOCK_PRICES končan: 35650 vrstic v C:\Users\david\Desktop\PIM\NoviPIM\izvoz\magento\4
19:43:12     konec: Izvoz cen in zaloge za splet
19:43:12  == Osvezitev kataloga in strank s cenami in zalogo (podjetje 2) ==
19:43:13     STDERR: Unhandled exception. System.ArgumentException: Manjka --output-dir.
19:43:13     STDERR:    at Program.<<Main>$>g__Required|0_0(String[] args, String name) in C:\Users\david\Desktop\PIM\NoviPIM\PIM_Solution\workers\PIM.B2bWorker\Program.cs:line 87
19:43:13     STDERR:    at Program.<Main>$(String[] args) in C:\Users\david\Desktop\PIM\NoviPIM\PIM_Solution\workers\PIM.B2bWorker\Program.cs:line 17
19:43:13     STDERR:    at Program.<Main>(String[] args)
19:43:14     NAPAKA: worker PIM.B2bWorker je koncal z izhodno kodo -532462766
19:43:14  Zalogovni cikel koncan; padlih korakov: 1.
19:45:15  == Zaloga NW_STOCK ==
19:45:16     SOURCE_FETCH: se ni na vrsti po razporedu; preskoceno.
19:45:17     Prebranih zapisov: 2762; SHA-256: a9949c8d0268b7a86462a81e35eec5b7e4e651a83b46939d71629285af1e289e
19:45:17     STOCK_FILE pri podjetju 1: se ni na vrsti po razporedu; preskoceno.
19:45:18     Prebranih zapisov: 2762; SHA-256: a9949c8d0268b7a86462a81e35eec5b7e4e651a83b46939d71629285af1e289e
19:45:18     STOCK_FILE pri podjetju 2: se ni na vrsti po razporedu; preskoceno.
19:45:19     Prebranih zapisov: 2762; SHA-256: a9949c8d0268b7a86462a81e35eec5b7e4e651a83b46939d71629285af1e289e
19:45:19     Ta posnetek je ze v bazi; vir=NW_STOCK, podjetje=3, cas posnetka=2026-09-17 17:15:16Z, uporabljenih=2762, v karanteni=0, RunId=2b9413ba-2fef-4e60-9fe2-d1434306ee5a. Zapisano ni bilo nic.
19:45:20     Prebranih zapisov: 2762; SHA-256: a9949c8d0268b7a86462a81e35eec5b7e4e651a83b46939d71629285af1e289e
19:45:20     Ta posnetek je ze v bazi; vir=NW_STOCK, podjetje=4, cas posnetka=2026-09-17 17:15:16Z, uporabljenih=2762, v karanteni=0, RunId=9d050312-c012-4986-9325-67e21d009aa7. Zapisano ni bilo nic.
19:45:20     konec: Zaloga NW_STOCK
19:45:20  == Zaloga BT_STOCK ==
19:45:21     [BT_STOCK] preskoceno: Razmik dobavitelja se tece; naslednji prenos po 17. 09. 2026 20:07.
19:45:21     Prevzem koncan: uspesno 0, neuspesno 0, skupaj virov 1.
19:45:22     Prebranih zapisov: 1389; SHA-256: 6698019c346705d3b9d19eee8d7a34a628cfee93615acac603b2d6f2cb666cdf
19:45:22     Ta posnetek je ze v bazi; vir=BT_STOCK, podjetje=1, cas posnetka=2026-09-17 15:07:47Z, uporabljenih=1389, v karanteni=0, RunId=29a79c20-8f70-4926-adba-027582a5633e. Zapisano ni bilo nic.
19:45:23     Prebranih zapisov: 1389; SHA-256: 6698019c346705d3b9d19eee8d7a34a628cfee93615acac603b2d6f2cb666cdf
19:45:23     Ta posnetek je ze v bazi; vir=BT_STOCK, podjetje=2, cas posnetka=2026-09-17 15:07:47Z, uporabljenih=1389, v karanteni=0, RunId=7f8b9bc6-9c94-4908-8368-ca840e90feb4. Zapisano ni bilo nic.
19:45:24     Prebranih zapisov: 1389; SHA-256: 6698019c346705d3b9d19eee8d7a34a628cfee93615acac603b2d6f2cb666cdf
19:45:24     STOCK_FILE pri podjetju 3: se ni na vrsti po razporedu; preskoceno.
19:45:25     Prebranih zapisov: 1389; SHA-256: 6698019c346705d3b9d19eee8d7a34a628cfee93615acac603b2d6f2cb666cdf
19:45:25     STOCK_FILE pri podjetju 4: se ni na vrsti po razporedu; preskoceno.
19:45:25     konec: Zaloga BT_STOCK
19:45:25  == Zaloga iz SAOP (kolicine) ==
19:45:26     [1] SAOP_GETSTOCKS (GetStocks): skladišč=4, zapisov=16, uporabljenih=16, v karanteni=0, RunId=b60e3c6e-14d7-413b-8652-0424cd7478dd.
19:45:31     [2] SAOP_GETSTOCKS (GetStocks): skladišč=1, zapisov=8774, uporabljenih=8774, v karanteni=0, RunId=9c09c642-3502-44db-a660-2804b15d8fe8.
19:45:31     [3] SAOP_STOCK: se ni na vrsti po razporedu; preskoceno.
19:45:31     [4] SAOP_STOCK: se ni na vrsti po razporedu; preskoceno.
19:45:31     konec: Zaloga iz SAOP (kolicine)
19:45:31  == Osvezitev cen kataloga ==
19:45:31     Živ SAOP zajem: podjetij=4, končnih točk=1, delta zajem, razpored=SAOP_PRICES.
19:45:31     [2] IQLighting (SAOP_IQLIGHTING)
19:45:52       GetPrices: strani=3 zapisov=149 — MEJNIK STOJI (SAOP je vrnil 149 zapisov, a so bili enaki že zajetim (dedup po hashu) — ta zagon nima česa preslikati); zapisi ostanejo v raw.Inbox in jih bo naslednji zagon zajel znova
19:45:53       SKUPAJ strani=3 zapisov=149 RunId=4d742ea3-9c53-4795-9ca9-4cb36181db19
19:45:53       OPOZORILO: v raw.Inbox ležijo nepreslikane vrstice iz prejšnjih zagonov: GetPrices=3. Preslikaj jih z --map-run <RunId tistega zagona>; poizvedba: SELECT DISTINCT RunId, EntityType FROM raw.Inbox WHERE Status=N'Pending';
19:45:53       OPOZORILO: pri 1 končnih točkah mejnik stoji. Zajeti podatek leži v raw.Inbox in ga bo naslednji zagon zajel znova; če ga hočeš preslikati brez ponovnega klica, uporabi --map-run 4d742ea3-9c53-4795-9ca9-4cb36181db19.
19:45:53     [3] Vidadria (SAOP_VIDADRIA)
19:46:14       GetPrices: strani=5 zapisov=206 — MEJNIK STOJI (SAOP je vrnil 206 zapisov, a so bili enaki že zajetim (dedup po hashu) — ta zagon nima česa preslikati); zapisi ostanejo v raw.Inbox in jih bo naslednji zagon zajel znova
19:46:14       SKUPAJ strani=5 zapisov=206 RunId=5fea710b-8895-4f05-b604-2d7c0124eab6
19:46:14       OPOZORILO: pri 1 končnih točkah mejnik stoji. Zajeti podatek leži v raw.Inbox in ga bo naslednji zagon zajel znova; če ga hočeš preslikati brez ponovnega klica, uporabi --map-run 5fea710b-8895-4f05-b604-2d7c0124eab6.
19:46:14     [4] Ediito (SAOP_EDIITO)
19:46:21       GetPrices: strani=2 zapisov=17 — MEJNIK STOJI (SAOP je vrnil 17 zapisov, a so bili enaki že zajetim (dedup po hashu) — ta zagon nima česa preslikati); zapisi ostanejo v raw.Inbox in jih bo naslednji zagon zajel znova
19:46:21       SKUPAJ strani=2 zapisov=17 RunId=e914b717-8b45-4f70-bfaa-3284728caa50
19:46:21       OPOZORILO: pri 1 končnih točkah mejnik stoji. Zajeti podatek leži v raw.Inbox in ga bo naslednji zagon zajel znova; če ga hočeš preslikati brez ponovnega klica, uporabi --map-run e914b717-8b45-4f70-bfaa-3284728caa50.
19:46:21     [1] DEMO (SAOP_DEMO)
19:46:26       GetPrices: strani=0 zapisov=0 [4,1 s]
19:46:26       SKUPAJ strani=0 zapisov=0 RunId=82b5b7e4-146a-40df-a018-3333bf6c6f6c
19:46:26     konec: Osvezitev cen kataloga
19:46:26  == Izvoz cen in zaloge za splet ==
19:46:36     Izvoz profila MAGENTO_STOCK_PRICES končan: 11435 vrstic v C:\Users\david\Desktop\PIM\NoviPIM\izvoz\magento\1
19:47:49     Izvoz profila MAGENTO_STOCK_PRICES končan: 89652 vrstic v C:\Users\david\Desktop\PIM\NoviPIM\izvoz\magento\2
19:48:05     Izvoz profila MAGENTO_STOCK_PRICES končan: 18683 vrstic v C:\Users\david\Desktop\PIM\NoviPIM\izvoz\magento\3
19:48:29     Izvoz profila MAGENTO_STOCK_PRICES končan: 35650 vrstic v C:\Users\david\Desktop\PIM\NoviPIM\izvoz\magento\4
19:48:29     konec: Izvoz cen in zaloge za splet
19:48:29  == Osvezitev kataloga in strank s cenami in zalogo (podjetje 2) ==
19:48:30     STDERR: Unhandled exception. System.ArgumentException: Manjka --output-dir.
19:48:30     STDERR:    at Program.<<Main>$>g__Required|0_0(String[] args, String name) in C:\Users\david\Desktop\PIM\NoviPIM\PIM_Solution\workers\PIM.B2bWorker\Program.cs:line 87
19:48:30     STDERR:    at Program.<Main>$(String[] args) in C:\Users\david\Desktop\PIM\NoviPIM\PIM_Solution\workers\PIM.B2bWorker\Program.cs:line 17
19:48:30     STDERR:    at Program.<Main>(String[] args)
19:48:30     NAPAKA: worker PIM.B2bWorker je koncal z izhodno kodo -532462766
19:48:30  Zalogovni cikel koncan; padlih korakov: 1.
19:50:15  == Zaloga NW_STOCK ==
19:50:16     SOURCE_FETCH: se ni na vrsti po razporedu; preskoceno.
19:50:17     Prebranih zapisov: 2762; SHA-256: a9949c8d0268b7a86462a81e35eec5b7e4e651a83b46939d71629285af1e289e
19:50:17     STOCK_FILE pri podjetju 1: se ni na vrsti po razporedu; preskoceno.
19:50:18     Prebranih zapisov: 2762; SHA-256: a9949c8d0268b7a86462a81e35eec5b7e4e651a83b46939d71629285af1e289e
19:50:18     STOCK_FILE pri podjetju 2: se ni na vrsti po razporedu; preskoceno.
19:50:19     Prebranih zapisov: 2762; SHA-256: a9949c8d0268b7a86462a81e35eec5b7e4e651a83b46939d71629285af1e289e
19:50:19     Ta posnetek je ze v bazi; vir=NW_STOCK, podjetje=3, cas posnetka=2026-09-17 17:15:16Z, uporabljenih=2762, v karanteni=0, RunId=2b9413ba-2fef-4e60-9fe2-d1434306ee5a. Zapisano ni bilo nic.
19:50:20     Prebranih zapisov: 2762; SHA-256: a9949c8d0268b7a86462a81e35eec5b7e4e651a83b46939d71629285af1e289e
19:50:20     Ta posnetek je ze v bazi; vir=NW_STOCK, podjetje=4, cas posnetka=2026-09-17 17:15:16Z, uporabljenih=2762, v karanteni=0, RunId=9d050312-c012-4986-9325-67e21d009aa7. Zapisano ni bilo nic.
19:50:20     konec: Zaloga NW_STOCK
19:50:20  == Zaloga BT_STOCK ==
19:50:21     [BT_STOCK] preskoceno: Razmik dobavitelja se tece; naslednji prenos po 17. 09. 2026 20:07.
19:50:21     Prevzem koncan: uspesno 0, neuspesno 0, skupaj virov 1.
19:50:22     Prebranih zapisov: 1389; SHA-256: 6698019c346705d3b9d19eee8d7a34a628cfee93615acac603b2d6f2cb666cdf
19:50:22     Ta posnetek je ze v bazi; vir=BT_STOCK, podjetje=1, cas posnetka=2026-09-17 15:07:47Z, uporabljenih=1389, v karanteni=0, RunId=29a79c20-8f70-4926-adba-027582a5633e. Zapisano ni bilo nic.
19:50:23     Prebranih zapisov: 1389; SHA-256: 6698019c346705d3b9d19eee8d7a34a628cfee93615acac603b2d6f2cb666cdf
19:50:23     Ta posnetek je ze v bazi; vir=BT_STOCK, podjetje=2, cas posnetka=2026-09-17 15:07:47Z, uporabljenih=1389, v karanteni=0, RunId=7f8b9bc6-9c94-4908-8368-ca840e90feb4. Zapisano ni bilo nic.
19:50:24     Prebranih zapisov: 1389; SHA-256: 6698019c346705d3b9d19eee8d7a34a628cfee93615acac603b2d6f2cb666cdf
19:50:24     STOCK_FILE pri podjetju 3: se ni na vrsti po razporedu; preskoceno.
19:50:25     Prebranih zapisov: 1389; SHA-256: 6698019c346705d3b9d19eee8d7a34a628cfee93615acac603b2d6f2cb666cdf
19:50:25     STOCK_FILE pri podjetju 4: se ni na vrsti po razporedu; preskoceno.
19:50:25     konec: Zaloga BT_STOCK
19:50:25  == Zaloga iz SAOP (kolicine) ==
19:50:27     [1] SAOP_GETSTOCKS (GetStocks): skladišč=4, zapisov=16, uporabljenih=16, v karanteni=0, RunId=5bdd0af7-f6cc-4341-a997-239831760b7c.
19:50:31     [2] SAOP_GETSTOCKS (GetStocks): skladišč=1, zapisov=8774, uporabljenih=8774, v karanteni=0, RunId=a43ed913-06da-439b-8ab5-b5cfe06f5ac6.
19:50:34     [3] SAOP_REGISTERED_VIEW (RegisteredViewData): skladišč=0, zapisov=3073, uporabljenih=3073, v karanteni=0, RunId=74a76695-85b8-43a8-bc86-cd9105fb960f.
19:50:35     [4] SAOP_GETSTOCKS (GetStocks): skladišč=14, zapisov=3122, uporabljenih=3122, v karanteni=0, RunId=87ec2adf-c573-44e5-ace9-5f14801a061e.
19:50:36     konec: Zaloga iz SAOP (kolicine)
19:50:36  == Osvezitev cen kataloga ==
19:50:36     Živ SAOP zajem: podjetij=4, končnih točk=1, delta zajem, razpored=SAOP_PRICES.
19:50:36     [2] IQLighting (SAOP_IQLIGHTING)
19:50:58       GetPrices: strani=3 zapisov=149 — MEJNIK STOJI (SAOP je vrnil 149 zapisov, a so bili enaki že zajetim (dedup po hashu) — ta zagon nima česa preslikati); zapisi ostanejo v raw.Inbox in jih bo naslednji zagon zajel znova
19:50:58       SKUPAJ strani=3 zapisov=149 RunId=930e612a-4aeb-441d-931a-4c8451074813
19:50:58       OPOZORILO: v raw.Inbox ležijo nepreslikane vrstice iz prejšnjih zagonov: GetPrices=3. Preslikaj jih z --map-run <RunId tistega zagona>; poizvedba: SELECT DISTINCT RunId, EntityType FROM raw.Inbox WHERE Status=N'Pending';
19:50:58       OPOZORILO: pri 1 končnih točkah mejnik stoji. Zajeti podatek leži v raw.Inbox in ga bo naslednji zagon zajel znova; če ga hočeš preslikati brez ponovnega klica, uporabi --map-run 930e612a-4aeb-441d-931a-4c8451074813.
19:50:58     [3] Vidadria (SAOP_VIDADRIA)
19:51:21       GetPrices: strani=5 zapisov=206 — MEJNIK STOJI (SAOP je vrnil 206 zapisov, a so bili enaki že zajetim (dedup po hashu) — ta zagon nima česa preslikati); zapisi ostanejo v raw.Inbox in jih bo naslednji zagon zajel znova
19:51:21       SKUPAJ strani=5 zapisov=206 RunId=850607a9-b4b4-4221-ba97-421f1d932571
19:51:21       OPOZORILO: pri 1 končnih točkah mejnik stoji. Zajeti podatek leži v raw.Inbox in ga bo naslednji zagon zajel znova; če ga hočeš preslikati brez ponovnega klica, uporabi --map-run 850607a9-b4b4-4221-ba97-421f1d932571.
19:51:21     [4] Ediito (SAOP_EDIITO)
19:51:29       GetPrices: strani=2 zapisov=17 — MEJNIK STOJI (SAOP je vrnil 17 zapisov, a so bili enaki že zajetim (dedup po hashu) — ta zagon nima česa preslikati); zapisi ostanejo v raw.Inbox in jih bo naslednji zagon zajel znova
19:51:29       SKUPAJ strani=2 zapisov=17 RunId=1869d3d3-6918-43e8-a14b-05d189a9727a
19:51:29       OPOZORILO: pri 1 končnih točkah mejnik stoji. Zajeti podatek leži v raw.Inbox in ga bo naslednji zagon zajel znova; če ga hočeš preslikati brez ponovnega klica, uporabi --map-run 1869d3d3-6918-43e8-a14b-05d189a9727a.
19:51:29     [1] DEMO (SAOP_DEMO)
19:51:33       GetPrices: strani=0 zapisov=0 [4,2 s]
19:51:33       SKUPAJ strani=0 zapisov=0 RunId=f3bcd671-0634-46f4-8205-1541db7b1eef
19:51:33     konec: Osvezitev cen kataloga
19:51:33  == Izvoz cen in zaloge za splet ==
19:51:53     Izvoz profila MAGENTO_STOCK_PRICES končan: 11435 vrstic v C:\Users\david\Desktop\PIM\NoviPIM\izvoz\magento\1
19:52:46     Izvoz profila MAGENTO_STOCK_PRICES končan: 89652 vrstic v C:\Users\david\Desktop\PIM\NoviPIM\izvoz\magento\2
19:53:03     Izvoz profila MAGENTO_STOCK_PRICES končan: 18683 vrstic v C:\Users\david\Desktop\PIM\NoviPIM\izvoz\magento\3
19:53:26     Izvoz profila MAGENTO_STOCK_PRICES končan: 35650 vrstic v C:\Users\david\Desktop\PIM\NoviPIM\izvoz\magento\4
19:53:26     konec: Izvoz cen in zaloge za splet
19:53:26  == Osvezitev kataloga in strank s cenami in zalogo (podjetje 2) ==
19:53:27     STDERR: Unhandled exception. System.ArgumentException: Manjka --output-dir.
19:53:27     STDERR:    at Program.<<Main>$>g__Required|0_0(String[] args, String name) in C:\Users\david\Desktop\PIM\NoviPIM\PIM_Solution\workers\PIM.B2bWorker\Program.cs:line 87
19:53:27     STDERR:    at Program.<Main>$(String[] args) in C:\Users\david\Desktop\PIM\NoviPIM\PIM_Solution\workers\PIM.B2bWorker\Program.cs:line 17
19:53:27     STDERR:    at Program.<Main>(String[] args)
19:53:28     NAPAKA: worker PIM.B2bWorker je koncal z izhodno kodo -532462766
19:53:28  Zalogovni cikel koncan; padlih korakov: 1.
19:55:15  PRESKOCENO: cikel poganja razporejevalnik v aplikaciji (DESKTOP-TONVQHJ:1504:dotnet / dotnet). Windows naloga ni vec potrebna - odstrani jo z scripts\Namesti-opravila.ps1 -Odstrani. Za rocni zagon kljub temu dodaj -Vseeno.
20:00:15  PRESKOCENO: cikel poganja razporejevalnik v aplikaciji (DESKTOP-TONVQHJ:25444:dotnet / dotnet). Windows naloga ni vec potrebna - odstrani jo z scripts\Namesti-opravila.ps1 -Odstrani. Za rocni zagon kljub temu dodaj -Vseeno.
20:05:15  PRESKOCENO: cikel poganja razporejevalnik v aplikaciji (DESKTOP-TONVQHJ:25444:dotnet / dotnet). Windows naloga ni vec potrebna - odstrani jo z scripts\Namesti-opravila.ps1 -Odstrani. Za rocni zagon kljub temu dodaj -Vseeno.
20:10:15  PRESKOCENO: cikel poganja razporejevalnik v aplikaciji (DESKTOP-TONVQHJ:43492:dotnet / dotnet). Windows naloga ni vec potrebna - odstrani jo z scripts\Namesti-opravila.ps1 -Odstrani. Za rocni zagon kljub temu dodaj -Vseeno.
20:15:15  PRESKOCENO: cikel poganja razporejevalnik v aplikaciji (DESKTOP-TONVQHJ:43492:dotnet / dotnet). Windows naloga ni vec potrebna - odstrani jo z scripts\Namesti-opravila.ps1 -Odstrani. Za rocni zagon kljub temu dodaj -Vseeno.
20:20:15  PRESKOCENO: cikel poganja razporejevalnik v aplikaciji (DESKTOP-TONVQHJ:43240:dotnet / dotnet). Windows naloga ni vec potrebna - odstrani jo z scripts\Namesti-opravila.ps1 -Odstrani. Za rocni zagon kljub temu dodaj -Vseeno.
20:25:15  PRESKOCENO: cikel poganja razporejevalnik v aplikaciji (DESKTOP-TONVQHJ:37816:dotnet / dotnet). Windows naloga ni vec potrebna - odstrani jo z scripts\Namesti-opravila.ps1 -Odstrani. Za rocni zagon kljub temu dodaj -Vseeno.
20:30:15  PRESKOCENO: cikel poganja razporejevalnik v aplikaciji (DESKTOP-TONVQHJ:37816:dotnet / dotnet). Windows naloga ni vec potrebna - odstrani jo z scripts\Namesti-opravila.ps1 -Odstrani. Za rocni zagon kljub temu dodaj -Vseeno.
20:35:15  PRESKOCENO: cikel poganja razporejevalnik v aplikaciji (DESKTOP-TONVQHJ:37816:dotnet / dotnet). Windows naloga ni vec potrebna - odstrani jo z scripts\Namesti-opravila.ps1 -Odstrani. Za rocni zagon kljub temu dodaj -Vseeno.
20:40:15  PRESKOCENO: cikel poganja razporejevalnik v aplikaciji (DESKTOP-TONVQHJ:37816:dotnet / dotnet). Windows naloga ni vec potrebna - odstrani jo z scripts\Namesti-opravila.ps1 -Odstrani. Za rocni zagon kljub temu dodaj -Vseeno.
20:45:15  PRESKOCENO: cikel poganja razporejevalnik v aplikaciji (DESKTOP-TONVQHJ:37816:dotnet / dotnet). Windows naloga ni vec potrebna - odstrani jo z scripts\Namesti-opravila.ps1 -Odstrani. Za rocni zagon kljub temu dodaj -Vseeno.
20:50:15  PRESKOCENO: cikel poganja razporejevalnik v aplikaciji (DESKTOP-TONVQHJ:37816:dotnet / dotnet). Windows naloga ni vec potrebna - odstrani jo z scripts\Namesti-opravila.ps1 -Odstrani. Za rocni zagon kljub temu dodaj -Vseeno.
20:55:15  PRESKOCENO: cikel poganja razporejevalnik v aplikaciji (DESKTOP-TONVQHJ:37816:dotnet / dotnet). Windows naloga ni vec potrebna - odstrani jo z scripts\Namesti-opravila.ps1 -Odstrani. Za rocni zagon kljub temu dodaj -Vseeno.
21:00:15  PRESKOCENO: cikel poganja razporejevalnik v aplikaciji (DESKTOP-TONVQHJ:12204:dotnet / dotnet). Windows naloga ni vec potrebna - odstrani jo z scripts\Namesti-opravila.ps1 -Odstrani. Za rocni zagon kljub temu dodaj -Vseeno.
21:05:15  == Zaloga NW_STOCK ==
21:05:16     [NW_STOCK] preskoceno: Razmik dobavitelja se tece; naslednji prenos po 17. 09. 2026 21:15.
21:05:16     Prevzem koncan: uspesno 0, neuspesno 0, skupaj virov 1.
21:05:17     Prebranih zapisov: 2762; SHA-256: a9949c8d0268b7a86462a81e35eec5b7e4e651a83b46939d71629285af1e289e
21:05:17     Ta posnetek je ze v bazi; vir=NW_STOCK, podjetje=1, cas posnetka=2026-09-17 17:15:16Z, uporabljenih=2762, v karanteni=0, RunId=b3a4118e-59b9-4ada-ab79-e60844329345. Zapisano ni bilo nic.
21:05:18     Prebranih zapisov: 2762; SHA-256: a9949c8d0268b7a86462a81e35eec5b7e4e651a83b46939d71629285af1e289e
21:05:18     Ta posnetek je ze v bazi; vir=NW_STOCK, podjetje=2, cas posnetka=2026-09-17 17:15:16Z, uporabljenih=2762, v karanteni=0, RunId=91cd8b3e-2ebb-417e-b490-ee3ecbc7bc47. Zapisano ni bilo nic.
21:05:19     Prebranih zapisov: 2762; SHA-256: a9949c8d0268b7a86462a81e35eec5b7e4e651a83b46939d71629285af1e289e
21:05:19     Ta posnetek je ze v bazi; vir=NW_STOCK, podjetje=3, cas posnetka=2026-09-17 17:15:16Z, uporabljenih=2762, v karanteni=0, RunId=2b9413ba-2fef-4e60-9fe2-d1434306ee5a. Zapisano ni bilo nic.
21:05:20     Prebranih zapisov: 2762; SHA-256: a9949c8d0268b7a86462a81e35eec5b7e4e651a83b46939d71629285af1e289e
21:05:20     Ta posnetek je ze v bazi; vir=NW_STOCK, podjetje=4, cas posnetka=2026-09-17 17:15:16Z, uporabljenih=2762, v karanteni=0, RunId=9d050312-c012-4986-9325-67e21d009aa7. Zapisano ni bilo nic.
21:05:20     konec: Zaloga NW_STOCK
21:05:20  == Zaloga BT_STOCK ==
21:05:21     SOURCE_FETCH: se ni na vrsti po razporedu; preskoceno.
21:05:22     Prebranih zapisov: 1389; SHA-256: 6698019c346705d3b9d19eee8d7a34a628cfee93615acac603b2d6f2cb666cdf
21:05:22     STOCK_FILE pri podjetju 1: se ni na vrsti po razporedu; preskoceno.
21:05:23     Prebranih zapisov: 1389; SHA-256: 6698019c346705d3b9d19eee8d7a34a628cfee93615acac603b2d6f2cb666cdf
21:05:23     STOCK_FILE pri podjetju 2: se ni na vrsti po razporedu; preskoceno.
21:05:24     Prebranih zapisov: 1389; SHA-256: 6698019c346705d3b9d19eee8d7a34a628cfee93615acac603b2d6f2cb666cdf
21:05:24     STOCK_FILE pri podjetju 3: se ni na vrsti po razporedu; preskoceno.
21:05:25     Prebranih zapisov: 1389; SHA-256: 6698019c346705d3b9d19eee8d7a34a628cfee93615acac603b2d6f2cb666cdf
21:05:25     STOCK_FILE pri podjetju 4: se ni na vrsti po razporedu; preskoceno.
21:05:25     konec: Zaloga BT_STOCK
21:05:25  == Zaloga iz SAOP (kolicine) ==
21:05:26     [1] SAOP_GETSTOCKS (GetStocks): skladišč=4, zapisov=16, uporabljenih=16, v karanteni=0, RunId=df602874-31f9-4134-bbca-b57bc2cfe44c.
21:05:30     [2] SAOP_GETSTOCKS (GetStocks): skladišč=1, zapisov=8774, uporabljenih=8774, v karanteni=0, RunId=d20c949d-b08d-4410-afb9-4d3770500e82.
21:05:33     [3] SAOP_REGISTERED_VIEW (RegisteredViewData): skladišč=0, zapisov=3073, uporabljenih=3073, v karanteni=0, RunId=37ec86db-97d2-4487-98d5-4e22e6f23b14.
21:05:34     [4] SAOP_GETSTOCKS (GetStocks): skladišč=14, zapisov=3122, uporabljenih=3122, v karanteni=0, RunId=5dfe706e-18f0-4a99-9e68-2214e3664877.
21:05:34     konec: Zaloga iz SAOP (kolicine)
21:05:34  == Osvezitev cen kataloga ==
21:05:35     Živ SAOP zajem: podjetij=4, končnih točk=1, delta zajem, razpored=SAOP_PRICES.
21:05:35     [2] IQLighting (SAOP_IQLIGHTING)
21:05:56       GetPrices: strani=3 zapisov=149 — MEJNIK STOJI (SAOP je vrnil 149 zapisov, a so bili enaki že zajetim (dedup po hashu) — ta zagon nima česa preslikati); zapisi ostanejo v raw.Inbox in jih bo naslednji zagon zajel znova
21:05:56       SKUPAJ strani=3 zapisov=149 RunId=1621f98e-9ca8-4fa0-8b4f-45e21dafd6f2
21:05:56       OPOZORILO: v raw.Inbox ležijo nepreslikane vrstice iz prejšnjih zagonov: GetPrices=3. Preslikaj jih z --map-run <RunId tistega zagona>; poizvedba: SELECT DISTINCT RunId, EntityType FROM raw.Inbox WHERE Status=N'Pending';
21:05:56       OPOZORILO: pri 1 končnih točkah mejnik stoji. Zajeti podatek leži v raw.Inbox in ga bo naslednji zagon zajel znova; če ga hočeš preslikati brez ponovnega klica, uporabi --map-run 1621f98e-9ca8-4fa0-8b4f-45e21dafd6f2.
21:05:56     [3] Vidadria (SAOP_VIDADRIA)
21:06:18       GetPrices: strani=5 zapisov=206 — MEJNIK STOJI (SAOP je vrnil 206 zapisov, a so bili enaki že zajetim (dedup po hashu) — ta zagon nima česa preslikati); zapisi ostanejo v raw.Inbox in jih bo naslednji zagon zajel znova
21:06:18       SKUPAJ strani=5 zapisov=206 RunId=ddabfcd6-9c0b-422f-ba20-03db794c1c6b
21:06:18       OPOZORILO: pri 1 končnih točkah mejnik stoji. Zajeti podatek leži v raw.Inbox in ga bo naslednji zagon zajel znova; če ga hočeš preslikati brez ponovnega klica, uporabi --map-run ddabfcd6-9c0b-422f-ba20-03db794c1c6b.
21:06:18     [4] Ediito (SAOP_EDIITO)
21:06:24       GetPrices: strani=2 zapisov=17 — MEJNIK STOJI (SAOP je vrnil 17 zapisov, a so bili enaki že zajetim (dedup po hashu) — ta zagon nima česa preslikati); zapisi ostanejo v raw.Inbox in jih bo naslednji zagon zajel znova
21:06:25       SKUPAJ strani=2 zapisov=17 RunId=de80b807-adc3-4897-b6ae-363576946b63
21:06:25       OPOZORILO: pri 1 končnih točkah mejnik stoji. Zajeti podatek leži v raw.Inbox in ga bo naslednji zagon zajel znova; če ga hočeš preslikati brez ponovnega klica, uporabi --map-run de80b807-adc3-4897-b6ae-363576946b63.
21:06:25     [1] DEMO (SAOP_DEMO)
21:06:29       GetPrices: strani=0 zapisov=0 [4,1 s]
21:06:29       SKUPAJ strani=0 zapisov=0 RunId=e9452a20-5f88-417b-a60e-ce4635f84592
21:06:29     konec: Osvezitev cen kataloga
21:06:29  == Izvoz cen in zaloge za splet ==
21:06:39     Izvoz profila MAGENTO_STOCK_PRICES končan: 11435 vrstic v C:\Users\david\Desktop\PIM\NoviPIM\izvoz\magento\1
21:07:32     Izvoz profila MAGENTO_STOCK_PRICES končan: 89656 vrstic v C:\Users\david\Desktop\PIM\NoviPIM\izvoz\magento\2
21:07:49     Izvoz profila MAGENTO_STOCK_PRICES končan: 18683 vrstic v C:\Users\david\Desktop\PIM\NoviPIM\izvoz\magento\3
21:08:13     Izvoz profila MAGENTO_STOCK_PRICES končan: 35651 vrstic v C:\Users\david\Desktop\PIM\NoviPIM\izvoz\magento\4
21:08:13     konec: Izvoz cen in zaloge za splet
21:08:13  == Osvezitev kataloga in strank s cenami in zalogo (podjetje 2) ==
21:09:47     Magento CSV izvoz končan: C:\Users\david\Desktop\PIM\NoviPIM\PIM_Solution\izvoz\magento\2
21:09:47     konec: Osvezitev kataloga in strank s cenami in zalogo (podjetje 2)
21:09:47  Zalogovni cikel koncan; padlih korakov: 0.
21:10:15  == Zaloga NW_STOCK ==
21:10:16     SOURCE_FETCH: se ni na vrsti po razporedu; preskoceno.
21:10:17     Prebranih zapisov: 2762; SHA-256: a9949c8d0268b7a86462a81e35eec5b7e4e651a83b46939d71629285af1e289e
21:10:17     STOCK_FILE pri podjetju 1: se ni na vrsti po razporedu; preskoceno.
21:10:18     Prebranih zapisov: 2762; SHA-256: a9949c8d0268b7a86462a81e35eec5b7e4e651a83b46939d71629285af1e289e
21:10:18     STOCK_FILE pri podjetju 2: se ni na vrsti po razporedu; preskoceno.
21:10:19     Prebranih zapisov: 2762; SHA-256: a9949c8d0268b7a86462a81e35eec5b7e4e651a83b46939d71629285af1e289e
21:10:19     STOCK_FILE pri podjetju 3: se ni na vrsti po razporedu; preskoceno.
21:10:20     Prebranih zapisov: 2762; SHA-256: a9949c8d0268b7a86462a81e35eec5b7e4e651a83b46939d71629285af1e289e
21:10:20     STOCK_FILE pri podjetju 4: se ni na vrsti po razporedu; preskoceno.
21:10:20     konec: Zaloga NW_STOCK
21:10:20  == Zaloga BT_STOCK ==
21:10:21     [BT_STOCK] preskoceno: Razmik dobavitelja se tece; naslednji prenos po 17. 09. 2026 23:37.
21:10:21     Prevzem koncan: uspesno 0, neuspesno 0, skupaj virov 1.
21:10:21     Prebranih zapisov: 1389; SHA-256: 6698019c346705d3b9d19eee8d7a34a628cfee93615acac603b2d6f2cb666cdf
21:10:22     Ta posnetek je ze v bazi; vir=BT_STOCK, podjetje=1, cas posnetka=2026-09-17 15:07:47Z, uporabljenih=1389, v karanteni=0, RunId=29a79c20-8f70-4926-adba-027582a5633e. Zapisano ni bilo nic.
21:10:23     Prebranih zapisov: 1389; SHA-256: 6698019c346705d3b9d19eee8d7a34a628cfee93615acac603b2d6f2cb666cdf
21:10:23     Ta posnetek je ze v bazi; vir=BT_STOCK, podjetje=2, cas posnetka=2026-09-17 15:07:47Z, uporabljenih=1389, v karanteni=0, RunId=7f8b9bc6-9c94-4908-8368-ca840e90feb4. Zapisano ni bilo nic.
21:10:24     Prebranih zapisov: 1389; SHA-256: 6698019c346705d3b9d19eee8d7a34a628cfee93615acac603b2d6f2cb666cdf
21:10:24     Ta posnetek je ze v bazi; vir=BT_STOCK, podjetje=3, cas posnetka=2026-09-17 15:07:47Z, uporabljenih=1389, v karanteni=0, RunId=69e4e351-dc8f-4b85-9bd5-72cf28d35906. Zapisano ni bilo nic.
21:10:25     Prebranih zapisov: 1389; SHA-256: 6698019c346705d3b9d19eee8d7a34a628cfee93615acac603b2d6f2cb666cdf
21:10:25     Ta posnetek je ze v bazi; vir=BT_STOCK, podjetje=4, cas posnetka=2026-09-17 15:07:47Z, uporabljenih=1389, v karanteni=0, RunId=4826bbfa-159c-452a-bff7-0b106ff82ed5. Zapisano ni bilo nic.
21:10:25     konec: Zaloga BT_STOCK
21:10:25  == Zaloga iz SAOP (kolicine) ==
21:10:26     [1] SAOP_STOCK: se ni na vrsti po razporedu; preskoceno.
21:10:26     [2] SAOP_STOCK: se ni na vrsti po razporedu; preskoceno.
21:10:26     [3] SAOP_STOCK: se ni na vrsti po razporedu; preskoceno.
21:10:26     [4] SAOP_STOCK: se ni na vrsti po razporedu; preskoceno.
21:10:26     konec: Zaloga iz SAOP (kolicine)
21:10:26  == Osvezitev cen kataloga ==
21:10:26     Živ SAOP zajem: podjetij=4, končnih točk=1, delta zajem, razpored=SAOP_PRICES.
21:10:26     [2] IQLighting (SAOP_IQLIGHTING)
21:10:47       GetPrices: strani=3 zapisov=149 — MEJNIK STOJI (SAOP je vrnil 149 zapisov, a so bili enaki že zajetim (dedup po hashu) — ta zagon nima česa preslikati); zapisi ostanejo v raw.Inbox in jih bo naslednji zagon zajel znova
21:10:48       SKUPAJ strani=3 zapisov=149 RunId=de6d8964-b40d-4cd6-af0a-63fad3d05733
21:10:48       OPOZORILO: v raw.Inbox ležijo nepreslikane vrstice iz prejšnjih zagonov: GetPrices=3. Preslikaj jih z --map-run <RunId tistega zagona>; poizvedba: SELECT DISTINCT RunId, EntityType FROM raw.Inbox WHERE Status=N'Pending';
21:10:48       OPOZORILO: pri 1 končnih točkah mejnik stoji. Zajeti podatek leži v raw.Inbox in ga bo naslednji zagon zajel znova; če ga hočeš preslikati brez ponovnega klica, uporabi --map-run de6d8964-b40d-4cd6-af0a-63fad3d05733.
21:10:48     [3] Vidadria (SAOP_VIDADRIA)
21:11:09       GetPrices: strani=5 zapisov=206 — MEJNIK STOJI (SAOP je vrnil 206 zapisov, a so bili enaki že zajetim (dedup po hashu) — ta zagon nima česa preslikati); zapisi ostanejo v raw.Inbox in jih bo naslednji zagon zajel znova
21:11:09       SKUPAJ strani=5 zapisov=206 RunId=1bf473fc-1468-43a9-835a-6799c96753a7
21:11:09       OPOZORILO: pri 1 končnih točkah mejnik stoji. Zajeti podatek leži v raw.Inbox in ga bo naslednji zagon zajel znova; če ga hočeš preslikati brez ponovnega klica, uporabi --map-run 1bf473fc-1468-43a9-835a-6799c96753a7.
21:11:09     [4] Ediito (SAOP_EDIITO)
21:11:16       GetPrices: strani=2 zapisov=17 — MEJNIK STOJI (SAOP je vrnil 17 zapisov, a so bili enaki že zajetim (dedup po hashu) — ta zagon nima česa preslikati); zapisi ostanejo v raw.Inbox in jih bo naslednji zagon zajel znova
21:11:16       SKUPAJ strani=2 zapisov=17 RunId=c834e9e0-28a6-4ec4-b387-30f06a6bbb9f
21:11:16       OPOZORILO: pri 1 končnih točkah mejnik stoji. Zajeti podatek leži v raw.Inbox in ga bo naslednji zagon zajel znova; če ga hočeš preslikati brez ponovnega klica, uporabi --map-run c834e9e0-28a6-4ec4-b387-30f06a6bbb9f.
21:11:16     [1] DEMO (SAOP_DEMO)
21:11:21       GetPrices: strani=0 zapisov=0 [4,1 s]
21:11:21       SKUPAJ strani=0 zapisov=0 RunId=c6409df6-9d96-4fee-adbc-1ec26e5885ab
21:11:21     konec: Osvezitev cen kataloga
21:11:21  == Izvoz cen in zaloge za splet ==
21:11:30     Izvoz profila MAGENTO_STOCK_PRICES končan: 11435 vrstic v C:\Users\david\Desktop\PIM\NoviPIM\izvoz\magento\1
21:12:22     Izvoz profila MAGENTO_STOCK_PRICES končan: 89656 vrstic v C:\Users\david\Desktop\PIM\NoviPIM\izvoz\magento\2
21:12:38     Izvoz profila MAGENTO_STOCK_PRICES končan: 18683 vrstic v C:\Users\david\Desktop\PIM\NoviPIM\izvoz\magento\3
21:13:00     Izvoz profila MAGENTO_STOCK_PRICES končan: 35651 vrstic v C:\Users\david\Desktop\PIM\NoviPIM\izvoz\magento\4
21:13:00     konec: Izvoz cen in zaloge za splet
21:13:00  == Osvezitev kataloga in strank s cenami in zalogo (podjetje 2) ==
21:14:32     Magento CSV izvoz končan: C:\Users\david\Desktop\PIM\NoviPIM\PIM_Solution\izvoz\magento\2
21:14:32     konec: Osvezitev kataloga in strank s cenami in zalogo (podjetje 2)
21:14:32  Zalogovni cikel koncan; padlih korakov: 0.
21:15:15  == Zaloga NW_STOCK ==
21:15:16     SOURCE_FETCH: se ni na vrsti po razporedu; preskoceno.
21:15:17     Prebranih zapisov: 2762; SHA-256: a9949c8d0268b7a86462a81e35eec5b7e4e651a83b46939d71629285af1e289e
21:15:17     STOCK_FILE pri podjetju 1: se ni na vrsti po razporedu; preskoceno.
21:15:18     Prebranih zapisov: 2762; SHA-256: a9949c8d0268b7a86462a81e35eec5b7e4e651a83b46939d71629285af1e289e
21:15:18     STOCK_FILE pri podjetju 2: se ni na vrsti po razporedu; preskoceno.
21:15:19     Prebranih zapisov: 2762; SHA-256: a9949c8d0268b7a86462a81e35eec5b7e4e651a83b46939d71629285af1e289e
21:15:20     STOCK_FILE pri podjetju 3: se ni na vrsti po razporedu; preskoceno.
21:15:20     Prebranih zapisov: 2762; SHA-256: a9949c8d0268b7a86462a81e35eec5b7e4e651a83b46939d71629285af1e289e
21:15:21     STOCK_FILE pri podjetju 4: se ni na vrsti po razporedu; preskoceno.
21:15:21     konec: Zaloga NW_STOCK
21:15:21  == Zaloga BT_STOCK ==
21:15:22     [BT_STOCK] preskoceno: Razmik dobavitelja se tece; naslednji prenos po 17. 09. 2026 23:37.
21:15:22     Prevzem koncan: uspesno 0, neuspesno 0, skupaj virov 1.
21:15:23     Prebranih zapisov: 1389; SHA-256: 6698019c346705d3b9d19eee8d7a34a628cfee93615acac603b2d6f2cb666cdf
21:15:23     Ta posnetek je ze v bazi; vir=BT_STOCK, podjetje=1, cas posnetka=2026-09-17 15:07:47Z, uporabljenih=1389, v karanteni=0, RunId=29a79c20-8f70-4926-adba-027582a5633e. Zapisano ni bilo nic.
21:15:24     Prebranih zapisov: 1389; SHA-256: 6698019c346705d3b9d19eee8d7a34a628cfee93615acac603b2d6f2cb666cdf
21:15:24     Ta posnetek je ze v bazi; vir=BT_STOCK, podjetje=2, cas posnetka=2026-09-17 15:07:47Z, uporabljenih=1389, v karanteni=0, RunId=7f8b9bc6-9c94-4908-8368-ca840e90feb4. Zapisano ni bilo nic.
21:15:25     Prebranih zapisov: 1389; SHA-256: 6698019c346705d3b9d19eee8d7a34a628cfee93615acac603b2d6f2cb666cdf
21:15:25     Ta posnetek je ze v bazi; vir=BT_STOCK, podjetje=3, cas posnetka=2026-09-17 15:07:47Z, uporabljenih=1389, v karanteni=0, RunId=69e4e351-dc8f-4b85-9bd5-72cf28d35906. Zapisano ni bilo nic.
21:15:26     Prebranih zapisov: 1389; SHA-256: 6698019c346705d3b9d19eee8d7a34a628cfee93615acac603b2d6f2cb666cdf
21:15:27     Ta posnetek je ze v bazi; vir=BT_STOCK, podjetje=4, cas posnetka=2026-09-17 15:07:47Z, uporabljenih=1389, v karanteni=0, RunId=4826bbfa-159c-452a-bff7-0b106ff82ed5. Zapisano ni bilo nic.
21:15:27     konec: Zaloga BT_STOCK
21:15:27  == Zaloga iz SAOP (kolicine) ==
21:15:28     [1] SAOP_GETSTOCKS (GetStocks): skladišč=4, zapisov=16, uporabljenih=16, v karanteni=0, RunId=dfbfb5ab-d420-491c-9ef2-6e0983bd2edc.
21:15:33     [2] SAOP_GETSTOCKS (GetStocks): skladišč=1, zapisov=8774, uporabljenih=8774, v karanteni=0, RunId=7ee39fc5-a302-4d2b-b981-bf7eee71645b.
21:15:36     [3] SAOP_REGISTERED_VIEW (RegisteredViewData): skladišč=0, zapisov=3073, uporabljenih=3073, v karanteni=0, RunId=24bd2eb2-9ceb-40e2-9102-3914a3aacb6f.
21:15:38     [4] SAOP_GETSTOCKS (GetStocks): skladišč=14, zapisov=3122, uporabljenih=3122, v karanteni=0, RunId=6dbd88d0-b19d-4077-8237-f98d85838e44.
21:15:38     konec: Zaloga iz SAOP (kolicine)
21:15:38  == Osvezitev cen kataloga ==
21:15:39     Živ SAOP zajem: podjetij=4, končnih točk=1, delta zajem, razpored=SAOP_PRICES.
21:15:39     [2] IQLighting (SAOP_IQLIGHTING)
21:16:00       GetPrices: strani=3 zapisov=149 — MEJNIK STOJI (SAOP je vrnil 149 zapisov, a so bili enaki že zajetim (dedup po hashu) — ta zagon nima česa preslikati); zapisi ostanejo v raw.Inbox in jih bo naslednji zagon zajel znova
21:16:01       SKUPAJ strani=3 zapisov=149 RunId=af65e730-41ba-43ad-b695-3a78b02f444e
21:16:01       OPOZORILO: v raw.Inbox ležijo nepreslikane vrstice iz prejšnjih zagonov: GetPrices=3. Preslikaj jih z --map-run <RunId tistega zagona>; poizvedba: SELECT DISTINCT RunId, EntityType FROM raw.Inbox WHERE Status=N'Pending';
21:16:01       OPOZORILO: pri 1 končnih točkah mejnik stoji. Zajeti podatek leži v raw.Inbox in ga bo naslednji zagon zajel znova; če ga hočeš preslikati brez ponovnega klica, uporabi --map-run af65e730-41ba-43ad-b695-3a78b02f444e.
21:16:01     [3] Vidadria (SAOP_VIDADRIA)
21:16:22       GetPrices: strani=5 zapisov=206 — MEJNIK STOJI (SAOP je vrnil 206 zapisov, a so bili enaki že zajetim (dedup po hashu) — ta zagon nima česa preslikati); zapisi ostanejo v raw.Inbox in jih bo naslednji zagon zajel znova
21:16:22       SKUPAJ strani=5 zapisov=206 RunId=2ad50ead-1398-4f89-8dde-d219a450b11b
21:16:22       OPOZORILO: pri 1 končnih točkah mejnik stoji. Zajeti podatek leži v raw.Inbox in ga bo naslednji zagon zajel znova; če ga hočeš preslikati brez ponovnega klica, uporabi --map-run 2ad50ead-1398-4f89-8dde-d219a450b11b.
21:16:22     [4] Ediito (SAOP_EDIITO)
21:16:29       GetPrices: strani=2 zapisov=17 — MEJNIK STOJI (SAOP je vrnil 17 zapisov, a so bili enaki že zajetim (dedup po hashu) — ta zagon nima česa preslikati); zapisi ostanejo v raw.Inbox in jih bo naslednji zagon zajel znova
21:16:30       SKUPAJ strani=2 zapisov=17 RunId=1ef1f1ea-2d2f-4fad-904b-60b4706de9b7
21:16:30       OPOZORILO: pri 1 končnih točkah mejnik stoji. Zajeti podatek leži v raw.Inbox in ga bo naslednji zagon zajel znova; če ga hočeš preslikati brez ponovnega klica, uporabi --map-run 1ef1f1ea-2d2f-4fad-904b-60b4706de9b7.
21:16:30     [1] DEMO (SAOP_DEMO)
21:16:35       GetPrices: strani=0 zapisov=0 [4,0 s]
21:16:35       SKUPAJ strani=0 zapisov=0 RunId=27c09bbb-8c50-4c51-be50-16eb43f2ce48
21:16:35     konec: Osvezitev cen kataloga
21:16:35  == Izvoz cen in zaloge za splet ==
21:16:49     Izvoz profila MAGENTO_STOCK_PRICES končan: 11435 vrstic v C:\Users\david\Desktop\PIM\NoviPIM\izvoz\magento\1
21:17:55     Izvoz profila MAGENTO_STOCK_PRICES končan: 89656 vrstic v C:\Users\david\Desktop\PIM\NoviPIM\izvoz\magento\2
21:18:11     Izvoz profila MAGENTO_STOCK_PRICES končan: 18683 vrstic v C:\Users\david\Desktop\PIM\NoviPIM\izvoz\magento\3
21:18:33     Izvoz profila MAGENTO_STOCK_PRICES končan: 35651 vrstic v C:\Users\david\Desktop\PIM\NoviPIM\izvoz\magento\4
21:18:33     konec: Izvoz cen in zaloge za splet
21:18:33  == Osvezitev kataloga in strank s cenami in zalogo (podjetje 2) ==
21:20:04     Magento CSV izvoz končan: C:\Users\david\Desktop\PIM\NoviPIM\PIM_Solution\izvoz\magento\2
21:20:04     konec: Osvezitev kataloga in strank s cenami in zalogo (podjetje 2)
21:20:04  Zalogovni cikel koncan; padlih korakov: 0.
21:20:15  == Zaloga NW_STOCK ==
21:20:16     SOURCE_FETCH: se ni na vrsti po razporedu; preskoceno.
21:20:17     Prebranih zapisov: 2762; SHA-256: a9949c8d0268b7a86462a81e35eec5b7e4e651a83b46939d71629285af1e289e
21:20:17     STOCK_FILE pri podjetju 1: se ni na vrsti po razporedu; preskoceno.
21:20:18     Prebranih zapisov: 2762; SHA-256: a9949c8d0268b7a86462a81e35eec5b7e4e651a83b46939d71629285af1e289e
21:20:18     STOCK_FILE pri podjetju 2: se ni na vrsti po razporedu; preskoceno.
21:20:18     Prebranih zapisov: 2762; SHA-256: a9949c8d0268b7a86462a81e35eec5b7e4e651a83b46939d71629285af1e289e
21:20:19     STOCK_FILE pri podjetju 3: se ni na vrsti po razporedu; preskoceno.
21:20:19     Prebranih zapisov: 2762; SHA-256: a9949c8d0268b7a86462a81e35eec5b7e4e651a83b46939d71629285af1e289e
21:20:20     STOCK_FILE pri podjetju 4: se ni na vrsti po razporedu; preskoceno.
21:20:20     konec: Zaloga NW_STOCK
21:20:20  == Zaloga BT_STOCK ==
21:20:21     SOURCE_FETCH: se ni na vrsti po razporedu; preskoceno.
21:20:21     Prebranih zapisov: 1389; SHA-256: 6698019c346705d3b9d19eee8d7a34a628cfee93615acac603b2d6f2cb666cdf
21:20:22     STOCK_FILE pri podjetju 1: se ni na vrsti po razporedu; preskoceno.
21:20:22     Prebranih zapisov: 1389; SHA-256: 6698019c346705d3b9d19eee8d7a34a628cfee93615acac603b2d6f2cb666cdf
21:20:22     STOCK_FILE pri podjetju 2: se ni na vrsti po razporedu; preskoceno.
21:20:23     Prebranih zapisov: 1389; SHA-256: 6698019c346705d3b9d19eee8d7a34a628cfee93615acac603b2d6f2cb666cdf
21:20:23     STOCK_FILE pri podjetju 3: se ni na vrsti po razporedu; preskoceno.
21:20:24     Prebranih zapisov: 1389; SHA-256: 6698019c346705d3b9d19eee8d7a34a628cfee93615acac603b2d6f2cb666cdf
21:20:24     STOCK_FILE pri podjetju 4: se ni na vrsti po razporedu; preskoceno.
21:20:24     konec: Zaloga BT_STOCK
21:20:24  == Zaloga iz SAOP (kolicine) ==
21:20:25     [1] SAOP_STOCK: se ni na vrsti po razporedu; preskoceno.
21:20:25     [2] SAOP_STOCK: se ni na vrsti po razporedu; preskoceno.
21:20:25     [3] SAOP_STOCK: se ni na vrsti po razporedu; preskoceno.
21:20:25     [4] SAOP_STOCK: se ni na vrsti po razporedu; preskoceno.
21:20:25     konec: Zaloga iz SAOP (kolicine)
21:20:25  == Osvezitev cen kataloga ==
21:20:26     Živ SAOP zajem: podjetij=4, končnih točk=1, delta zajem, razpored=SAOP_PRICES.
21:20:26     [2] IQLighting (SAOP_IQLIGHTING)
21:20:47       GetPrices: strani=3 zapisov=149 — MEJNIK STOJI (SAOP je vrnil 149 zapisov, a so bili enaki že zajetim (dedup po hashu) — ta zagon nima česa preslikati); zapisi ostanejo v raw.Inbox in jih bo naslednji zagon zajel znova
21:20:47       SKUPAJ strani=3 zapisov=149 RunId=30a4853a-2c03-464d-bfed-4f9b81b7253f
21:20:47       OPOZORILO: v raw.Inbox ležijo nepreslikane vrstice iz prejšnjih zagonov: GetPrices=3. Preslikaj jih z --map-run <RunId tistega zagona>; poizvedba: SELECT DISTINCT RunId, EntityType FROM raw.Inbox WHERE Status=N'Pending';
21:20:47       OPOZORILO: pri 1 končnih točkah mejnik stoji. Zajeti podatek leži v raw.Inbox in ga bo naslednji zagon zajel znova; če ga hočeš preslikati brez ponovnega klica, uporabi --map-run 30a4853a-2c03-464d-bfed-4f9b81b7253f.
21:20:47     [3] Vidadria (SAOP_VIDADRIA)
21:21:09       GetPrices: strani=5 zapisov=206 — MEJNIK STOJI (SAOP je vrnil 206 zapisov, a so bili enaki že zajetim (dedup po hashu) — ta zagon nima česa preslikati); zapisi ostanejo v raw.Inbox in jih bo naslednji zagon zajel znova
21:21:09       SKUPAJ strani=5 zapisov=206 RunId=05124a20-3fec-4458-aa55-fb5c18fa0b38
21:21:09       OPOZORILO: pri 1 končnih točkah mejnik stoji. Zajeti podatek leži v raw.Inbox in ga bo naslednji zagon zajel znova; če ga hočeš preslikati brez ponovnega klica, uporabi --map-run 05124a20-3fec-4458-aa55-fb5c18fa0b38.
21:21:09     [4] Ediito (SAOP_EDIITO)
21:21:16       GetPrices: strani=2 zapisov=17 — MEJNIK STOJI (SAOP je vrnil 17 zapisov, a so bili enaki že zajetim (dedup po hashu) — ta zagon nima česa preslikati); zapisi ostanejo v raw.Inbox in jih bo naslednji zagon zajel znova
21:21:16       SKUPAJ strani=2 zapisov=17 RunId=283d6531-a32f-4d8b-843e-acbd2c4a5b14
21:21:16       OPOZORILO: pri 1 končnih točkah mejnik stoji. Zajeti podatek leži v raw.Inbox in ga bo naslednji zagon zajel znova; če ga hočeš preslikati brez ponovnega klica, uporabi --map-run 283d6531-a32f-4d8b-843e-acbd2c4a5b14.
21:21:16     [1] DEMO (SAOP_DEMO)
21:21:21       GetPrices: strani=0 zapisov=0 [4,1 s]
21:21:21       SKUPAJ strani=0 zapisov=0 RunId=b08bf70a-28d2-4ee0-be55-c3f0c708a6c2
21:21:21     konec: Osvezitev cen kataloga
21:21:21  == Izvoz cen in zaloge za splet ==
21:21:30     Izvoz profila MAGENTO_STOCK_PRICES končan: 11435 vrstic v C:\Users\david\Desktop\PIM\NoviPIM\izvoz\magento\1
21:22:21     Izvoz profila MAGENTO_STOCK_PRICES končan: 89656 vrstic v C:\Users\david\Desktop\PIM\NoviPIM\izvoz\magento\2
21:22:37     Izvoz profila MAGENTO_STOCK_PRICES končan: 18683 vrstic v C:\Users\david\Desktop\PIM\NoviPIM\izvoz\magento\3
21:22:59     Izvoz profila MAGENTO_STOCK_PRICES končan: 35651 vrstic v C:\Users\david\Desktop\PIM\NoviPIM\izvoz\magento\4
21:22:59     konec: Izvoz cen in zaloge za splet
21:22:59  == Osvezitev kataloga in strank s cenami in zalogo (podjetje 2) ==
21:24:29     Magento CSV izvoz končan: C:\Users\david\Desktop\PIM\NoviPIM\PIM_Solution\izvoz\magento\2
21:24:29     konec: Osvezitev kataloga in strank s cenami in zalogo (podjetje 2)
21:24:29  Zalogovni cikel koncan; padlih korakov: 0.
21:25:15  == Zaloga NW_STOCK ==
21:25:17     [NW_STOCK] prevzeto 86.746 bajtov -> C:\Users\david\Desktop\PIM\NoviPIM\PIM_Solution\data\prevzem\NW_STOCK\nw-zaloga.csv; arhiv nw-zaloga_20260917_192517Z.csv.gz
21:25:17     Prevzem koncan: uspesno 1, neuspesno 0, skupaj virov 1.
21:25:18     Prebranih zapisov: 2762; SHA-256: e7500a55d7122007b8c59c6ee5daccdf1c1a1b0515869fa8adcb473405d91d1a
21:25:19     Zaloga zapisana; vir=NW_STOCK, podjetje=1, uporabljenih=2762, v karanteni=0, RunId=b36b4d88-2b7e-4425-b658-20dc376c15d1.
21:25:20     Prebranih zapisov: 2762; SHA-256: e7500a55d7122007b8c59c6ee5daccdf1c1a1b0515869fa8adcb473405d91d1a
21:25:22     Zaloga zapisana; vir=NW_STOCK, podjetje=2, uporabljenih=2762, v karanteni=0, RunId=8435aff5-f1fe-45de-a2f8-b7519eb2354d.
21:25:22     Prebranih zapisov: 2762; SHA-256: e7500a55d7122007b8c59c6ee5daccdf1c1a1b0515869fa8adcb473405d91d1a
21:25:24     Zaloga zapisana; vir=NW_STOCK, podjetje=3, uporabljenih=2762, v karanteni=0, RunId=29fd2797-0569-4e5b-9eae-ed265f171fe0.
21:25:25     Prebranih zapisov: 2762; SHA-256: e7500a55d7122007b8c59c6ee5daccdf1c1a1b0515869fa8adcb473405d91d1a
21:25:26     Zaloga zapisana; vir=NW_STOCK, podjetje=4, uporabljenih=2762, v karanteni=0, RunId=007297d1-e0ec-4cf2-820d-4bd3a35699ac.
21:25:26     konec: Zaloga NW_STOCK
21:25:26  == Zaloga BT_STOCK ==
21:25:27     SOURCE_FETCH: se ni na vrsti po razporedu; preskoceno.
21:25:28     Prebranih zapisov: 1389; SHA-256: 6698019c346705d3b9d19eee8d7a34a628cfee93615acac603b2d6f2cb666cdf
21:25:28     STOCK_FILE pri podjetju 1: se ni na vrsti po razporedu; preskoceno.
21:25:29     Prebranih zapisov: 1389; SHA-256: 6698019c346705d3b9d19eee8d7a34a628cfee93615acac603b2d6f2cb666cdf
21:25:29     STOCK_FILE pri podjetju 2: se ni na vrsti po razporedu; preskoceno.
21:25:30     Prebranih zapisov: 1389; SHA-256: 6698019c346705d3b9d19eee8d7a34a628cfee93615acac603b2d6f2cb666cdf
21:25:30     STOCK_FILE pri podjetju 3: se ni na vrsti po razporedu; preskoceno.
21:25:31     Prebranih zapisov: 1389; SHA-256: 6698019c346705d3b9d19eee8d7a34a628cfee93615acac603b2d6f2cb666cdf
21:25:31     STOCK_FILE pri podjetju 4: se ni na vrsti po razporedu; preskoceno.
21:25:31     konec: Zaloga BT_STOCK
21:25:31  == Zaloga iz SAOP (kolicine) ==
21:25:32     [1] SAOP_GETSTOCKS (GetStocks): skladišč=4, zapisov=16, uporabljenih=16, v karanteni=0, RunId=0fec7bca-af81-4160-aa75-0a932e07a157.
21:25:36     [2] SAOP_GETSTOCKS (GetStocks): skladišč=1, zapisov=8774, uporabljenih=8774, v karanteni=0, RunId=9618ba89-e1f2-4fea-81f5-df5d52a5d276.
21:25:38     [3] SAOP_REGISTERED_VIEW (RegisteredViewData): skladišč=0, zapisov=3073, uporabljenih=3073, v karanteni=0, RunId=1bacc14a-c76e-4620-9cdd-969cf4eb692f.
21:25:40     [4] SAOP_GETSTOCKS (GetStocks): skladišč=14, zapisov=3122, uporabljenih=3122, v karanteni=0, RunId=beaa85fc-883a-49ee-af90-0ac0298e72b3.
21:25:40     konec: Zaloga iz SAOP (kolicine)
21:25:40  == Osvezitev cen kataloga ==
21:25:41     Živ SAOP zajem: podjetij=4, končnih točk=1, delta zajem, razpored=SAOP_PRICES.
21:25:41     [2] IQLighting (SAOP_IQLIGHTING)
21:26:02       GetPrices: strani=3 zapisov=149 — MEJNIK STOJI (SAOP je vrnil 149 zapisov, a so bili enaki že zajetim (dedup po hashu) — ta zagon nima česa preslikati); zapisi ostanejo v raw.Inbox in jih bo naslednji zagon zajel znova
21:26:02       SKUPAJ strani=3 zapisov=149 RunId=ee1b04e2-c876-42f2-970d-256541dfb650
21:26:02       OPOZORILO: v raw.Inbox ležijo nepreslikane vrstice iz prejšnjih zagonov: GetPrices=3. Preslikaj jih z --map-run <RunId tistega zagona>; poizvedba: SELECT DISTINCT RunId, EntityType FROM raw.Inbox WHERE Status=N'Pending';
21:26:02       OPOZORILO: pri 1 končnih točkah mejnik stoji. Zajeti podatek leži v raw.Inbox in ga bo naslednji zagon zajel znova; če ga hočeš preslikati brez ponovnega klica, uporabi --map-run ee1b04e2-c876-42f2-970d-256541dfb650.
21:26:02     [3] Vidadria (SAOP_VIDADRIA)
21:26:23       GetPrices: strani=5 zapisov=206 — MEJNIK STOJI (SAOP je vrnil 206 zapisov, a so bili enaki že zajetim (dedup po hashu) — ta zagon nima česa preslikati); zapisi ostanejo v raw.Inbox in jih bo naslednji zagon zajel znova
21:26:23       SKUPAJ strani=5 zapisov=206 RunId=f6e353b9-4bc8-4367-8c77-6763fa0f9641
21:26:23       OPOZORILO: pri 1 končnih točkah mejnik stoji. Zajeti podatek leži v raw.Inbox in ga bo naslednji zagon zajel znova; če ga hočeš preslikati brez ponovnega klica, uporabi --map-run f6e353b9-4bc8-4367-8c77-6763fa0f9641.
21:26:23     [4] Ediito (SAOP_EDIITO)
21:26:30       GetPrices: strani=2 zapisov=17 — MEJNIK STOJI (SAOP je vrnil 17 zapisov, a so bili enaki že zajetim (dedup po hashu) — ta zagon nima česa preslikati); zapisi ostanejo v raw.Inbox in jih bo naslednji zagon zajel znova
21:26:30       SKUPAJ strani=2 zapisov=17 RunId=494471ca-240f-412b-93d4-0ec67b14782f
21:26:30       OPOZORILO: pri 1 končnih točkah mejnik stoji. Zajeti podatek leži v raw.Inbox in ga bo naslednji zagon zajel znova; če ga hočeš preslikati brez ponovnega klica, uporabi --map-run 494471ca-240f-412b-93d4-0ec67b14782f.
21:26:30     [1] DEMO (SAOP_DEMO)
21:26:35       GetPrices: strani=0 zapisov=0 [4,1 s]
21:26:35       SKUPAJ strani=0 zapisov=0 RunId=a1d9ca7a-653b-4d43-80e5-5079b879e988
21:26:35     konec: Osvezitev cen kataloga
21:26:35  == Izvoz cen in zaloge za splet ==
21:26:44     Izvoz profila MAGENTO_STOCK_PRICES končan: 11435 vrstic v C:\Users\david\Desktop\PIM\NoviPIM\izvoz\magento\1
21:27:35     Izvoz profila MAGENTO_STOCK_PRICES končan: 89656 vrstic v C:\Users\david\Desktop\PIM\NoviPIM\izvoz\magento\2
21:27:51     Izvoz profila MAGENTO_STOCK_PRICES končan: 18683 vrstic v C:\Users\david\Desktop\PIM\NoviPIM\izvoz\magento\3
21:28:13     Izvoz profila MAGENTO_STOCK_PRICES končan: 35651 vrstic v C:\Users\david\Desktop\PIM\NoviPIM\izvoz\magento\4
21:28:13     konec: Izvoz cen in zaloge za splet
21:28:13  == Osvezitev kataloga in strank s cenami in zalogo (podjetje 2) ==
21:29:43     Magento CSV izvoz končan: C:\Users\david\Desktop\PIM\NoviPIM\PIM_Solution\izvoz\magento\2
21:29:43     konec: Osvezitev kataloga in strank s cenami in zalogo (podjetje 2)
21:29:43  Zalogovni cikel koncan; padlih korakov: 0.
21:30:15  == Zaloga NW_STOCK ==
21:30:16     SOURCE_FETCH: se ni na vrsti po razporedu; preskoceno.
21:30:17     Prebranih zapisov: 2762; SHA-256: e7500a55d7122007b8c59c6ee5daccdf1c1a1b0515869fa8adcb473405d91d1a
21:30:17     STOCK_FILE pri podjetju 1: se ni na vrsti po razporedu; preskoceno.
21:30:18     Prebranih zapisov: 2762; SHA-256: e7500a55d7122007b8c59c6ee5daccdf1c1a1b0515869fa8adcb473405d91d1a
21:30:18     STOCK_FILE pri podjetju 2: se ni na vrsti po razporedu; preskoceno.
21:30:18     Prebranih zapisov: 2762; SHA-256: e7500a55d7122007b8c59c6ee5daccdf1c1a1b0515869fa8adcb473405d91d1a
21:30:19     STOCK_FILE pri podjetju 3: se ni na vrsti po razporedu; preskoceno.
21:30:19     Prebranih zapisov: 2762; SHA-256: e7500a55d7122007b8c59c6ee5daccdf1c1a1b0515869fa8adcb473405d91d1a
21:30:20     STOCK_FILE pri podjetju 4: se ni na vrsti po razporedu; preskoceno.
21:30:20     konec: Zaloga NW_STOCK
21:30:20  == Zaloga BT_STOCK ==
21:30:21     [BT_STOCK] preskoceno: Razmik dobavitelja se tece; naslednji prenos po 17. 09. 2026 23:37.
21:30:21     Prevzem koncan: uspesno 0, neuspesno 0, skupaj virov 1.
21:30:21     Prebranih zapisov: 1389; SHA-256: 6698019c346705d3b9d19eee8d7a34a628cfee93615acac603b2d6f2cb666cdf
21:30:22     Ta posnetek je ze v bazi; vir=BT_STOCK, podjetje=1, cas posnetka=2026-09-17 15:07:47Z, uporabljenih=1389, v karanteni=0, RunId=29a79c20-8f70-4926-adba-027582a5633e. Zapisano ni bilo nic.
21:30:22     Prebranih zapisov: 1389; SHA-256: 6698019c346705d3b9d19eee8d7a34a628cfee93615acac603b2d6f2cb666cdf
21:30:23     Ta posnetek je ze v bazi; vir=BT_STOCK, podjetje=2, cas posnetka=2026-09-17 15:07:47Z, uporabljenih=1389, v karanteni=0, RunId=7f8b9bc6-9c94-4908-8368-ca840e90feb4. Zapisano ni bilo nic.
21:30:23     Prebranih zapisov: 1389; SHA-256: 6698019c346705d3b9d19eee8d7a34a628cfee93615acac603b2d6f2cb666cdf
21:30:24     Ta posnetek je ze v bazi; vir=BT_STOCK, podjetje=3, cas posnetka=2026-09-17 15:07:47Z, uporabljenih=1389, v karanteni=0, RunId=69e4e351-dc8f-4b85-9bd5-72cf28d35906. Zapisano ni bilo nic.
21:30:24     Prebranih zapisov: 1389; SHA-256: 6698019c346705d3b9d19eee8d7a34a628cfee93615acac603b2d6f2cb666cdf
21:30:25     STOCK_FILE pri podjetju 4: se ni na vrsti po razporedu; preskoceno.
21:30:25     konec: Zaloga BT_STOCK
21:30:25  == Zaloga iz SAOP (kolicine) ==
21:30:26     [1] SAOP_STOCK: se ni na vrsti po razporedu; preskoceno.
21:30:26     [2] SAOP_STOCK: se ni na vrsti po razporedu; preskoceno.
21:30:26     [3] SAOP_STOCK: se ni na vrsti po razporedu; preskoceno.
21:30:26     [4] SAOP_STOCK: se ni na vrsti po razporedu; preskoceno.
21:30:26     konec: Zaloga iz SAOP (kolicine)
21:30:26  == Osvezitev cen kataloga ==
21:30:26     Živ SAOP zajem: podjetij=4, končnih točk=1, delta zajem, razpored=SAOP_PRICES.
21:30:26     [2] IQLighting (SAOP_IQLIGHTING)
21:30:48       GetPrices: strani=3 zapisov=149 — MEJNIK STOJI (SAOP je vrnil 149 zapisov, a so bili enaki že zajetim (dedup po hashu) — ta zagon nima česa preslikati); zapisi ostanejo v raw.Inbox in jih bo naslednji zagon zajel znova
21:30:48       SKUPAJ strani=3 zapisov=149 RunId=35b0f878-f1dc-4724-b779-1a35cf841178
21:30:48       OPOZORILO: v raw.Inbox ležijo nepreslikane vrstice iz prejšnjih zagonov: GetPrices=3. Preslikaj jih z --map-run <RunId tistega zagona>; poizvedba: SELECT DISTINCT RunId, EntityType FROM raw.Inbox WHERE Status=N'Pending';
21:30:48       OPOZORILO: pri 1 končnih točkah mejnik stoji. Zajeti podatek leži v raw.Inbox in ga bo naslednji zagon zajel znova; če ga hočeš preslikati brez ponovnega klica, uporabi --map-run 35b0f878-f1dc-4724-b779-1a35cf841178.
21:30:48     [3] Vidadria (SAOP_VIDADRIA)
21:31:10       GetPrices: strani=5 zapisov=206 — MEJNIK STOJI (SAOP je vrnil 206 zapisov, a so bili enaki že zajetim (dedup po hashu) — ta zagon nima česa preslikati); zapisi ostanejo v raw.Inbox in jih bo naslednji zagon zajel znova
21:31:10       SKUPAJ strani=5 zapisov=206 RunId=4107eb9e-9782-4bcd-a316-cca09eec3e91
21:31:10       OPOZORILO: pri 1 končnih točkah mejnik stoji. Zajeti podatek leži v raw.Inbox in ga bo naslednji zagon zajel znova; če ga hočeš preslikati brez ponovnega klica, uporabi --map-run 4107eb9e-9782-4bcd-a316-cca09eec3e91.
21:31:10     [4] Ediito (SAOP_EDIITO)
21:31:17       GetPrices: strani=2 zapisov=17 — MEJNIK STOJI (SAOP je vrnil 17 zapisov, a so bili enaki že zajetim (dedup po hashu) — ta zagon nima česa preslikati); zapisi ostanejo v raw.Inbox in jih bo naslednji zagon zajel znova
21:31:17       SKUPAJ strani=2 zapisov=17 RunId=15fb57d2-05f2-41ad-ae13-22df27e8ba09
21:31:17       OPOZORILO: pri 1 končnih točkah mejnik stoji. Zajeti podatek leži v raw.Inbox in ga bo naslednji zagon zajel znova; če ga hočeš preslikati brez ponovnega klica, uporabi --map-run 15fb57d2-05f2-41ad-ae13-22df27e8ba09.
21:31:17     [1] DEMO (SAOP_DEMO)
21:31:22       GetPrices: strani=0 zapisov=0 [4,2 s]
21:31:22       SKUPAJ strani=0 zapisov=0 RunId=f2b69057-fb57-48a6-9d68-cf30ad11e966
21:31:22     konec: Osvezitev cen kataloga
21:31:22  == Izvoz cen in zaloge za splet ==
21:31:31     Izvoz profila MAGENTO_STOCK_PRICES končan: 11435 vrstic v C:\Users\david\Desktop\PIM\NoviPIM\izvoz\magento\1
21:32:22     Izvoz profila MAGENTO_STOCK_PRICES končan: 89656 vrstic v C:\Users\david\Desktop\PIM\NoviPIM\izvoz\magento\2
21:32:38     Izvoz profila MAGENTO_STOCK_PRICES končan: 18683 vrstic v C:\Users\david\Desktop\PIM\NoviPIM\izvoz\magento\3
21:33:00     Izvoz profila MAGENTO_STOCK_PRICES končan: 35651 vrstic v C:\Users\david\Desktop\PIM\NoviPIM\izvoz\magento\4
21:33:00     konec: Izvoz cen in zaloge za splet
21:33:00  == Osvezitev kataloga in strank s cenami in zalogo (podjetje 2) ==
21:34:31     Magento CSV izvoz končan: C:\Users\david\Desktop\PIM\NoviPIM\PIM_Solution\izvoz\magento\2
21:34:31     konec: Osvezitev kataloga in strank s cenami in zalogo (podjetje 2)
21:34:31  Zalogovni cikel koncan; padlih korakov: 0.
21:35:15  == Zaloga NW_STOCK ==
21:35:16     SOURCE_FETCH: se ni na vrsti po razporedu; preskoceno.
21:35:17     Prebranih zapisov: 2762; SHA-256: e7500a55d7122007b8c59c6ee5daccdf1c1a1b0515869fa8adcb473405d91d1a
21:35:17     STOCK_FILE pri podjetju 1: se ni na vrsti po razporedu; preskoceno.
21:35:18     Prebranih zapisov: 2762; SHA-256: e7500a55d7122007b8c59c6ee5daccdf1c1a1b0515869fa8adcb473405d91d1a
21:35:18     STOCK_FILE pri podjetju 2: se ni na vrsti po razporedu; preskoceno.
21:35:19     Prebranih zapisov: 2762; SHA-256: e7500a55d7122007b8c59c6ee5daccdf1c1a1b0515869fa8adcb473405d91d1a
21:35:19     STOCK_FILE pri podjetju 3: se ni na vrsti po razporedu; preskoceno.
21:35:19     Prebranih zapisov: 2762; SHA-256: e7500a55d7122007b8c59c6ee5daccdf1c1a1b0515869fa8adcb473405d91d1a
21:35:20     Ta posnetek je ze v bazi; vir=NW_STOCK, podjetje=4, cas posnetka=2026-09-17 19:25:17Z, uporabljenih=2762, v karanteni=0, RunId=007297d1-e0ec-4cf2-820d-4bd3a35699ac. Zapisano ni bilo nic.
21:35:20     konec: Zaloga NW_STOCK
21:35:20  == Zaloga BT_STOCK ==
21:35:21     [BT_STOCK] preskoceno: Razmik dobavitelja se tece; naslednji prenos po 17. 09. 2026 23:37.
21:35:21     Prevzem koncan: uspesno 0, neuspesno 0, skupaj virov 1.
21:35:21     Prebranih zapisov: 1389; SHA-256: 6698019c346705d3b9d19eee8d7a34a628cfee93615acac603b2d6f2cb666cdf
21:35:22     Ta posnetek je ze v bazi; vir=BT_STOCK, podjetje=1, cas posnetka=2026-09-17 15:07:47Z, uporabljenih=1389, v karanteni=0, RunId=29a79c20-8f70-4926-adba-027582a5633e. Zapisano ni bilo nic.
21:35:22     Prebranih zapisov: 1389; SHA-256: 6698019c346705d3b9d19eee8d7a34a628cfee93615acac603b2d6f2cb666cdf
21:35:23     Ta posnetek je ze v bazi; vir=BT_STOCK, podjetje=2, cas posnetka=2026-09-17 15:07:47Z, uporabljenih=1389, v karanteni=0, RunId=7f8b9bc6-9c94-4908-8368-ca840e90feb4. Zapisano ni bilo nic.
21:35:23     Prebranih zapisov: 1389; SHA-256: 6698019c346705d3b9d19eee8d7a34a628cfee93615acac603b2d6f2cb666cdf
21:35:24     Ta posnetek je ze v bazi; vir=BT_STOCK, podjetje=3, cas posnetka=2026-09-17 15:07:47Z, uporabljenih=1389, v karanteni=0, RunId=69e4e351-dc8f-4b85-9bd5-72cf28d35906. Zapisano ni bilo nic.
21:35:24     Prebranih zapisov: 1389; SHA-256: 6698019c346705d3b9d19eee8d7a34a628cfee93615acac603b2d6f2cb666cdf
21:35:25     STOCK_FILE pri podjetju 4: se ni na vrsti po razporedu; preskoceno.
21:35:25     konec: Zaloga BT_STOCK
21:35:25  == Zaloga iz SAOP (kolicine) ==
21:35:26     [1] SAOP_GETSTOCKS (GetStocks): skladišč=4, zapisov=16, uporabljenih=16, v karanteni=0, RunId=3116b45a-0a2e-4739-ad01-6f830b37bca9.
21:35:30     [2] SAOP_GETSTOCKS (GetStocks): skladišč=1, zapisov=8774, uporabljenih=8774, v karanteni=0, RunId=f9b49fdf-f9f6-484d-b3dd-c8efe9a5aab4.
21:35:32     [3] SAOP_REGISTERED_VIEW (RegisteredViewData): skladišč=0, zapisov=3073, uporabljenih=3073, v karanteni=0, RunId=945d6841-9848-4935-85f6-91e7bd469ab1.
21:35:34     [4] SAOP_GETSTOCKS (GetStocks): skladišč=14, zapisov=3122, uporabljenih=3122, v karanteni=0, RunId=0b990508-aab8-4623-b4a7-b5b793355323.
21:35:34     konec: Zaloga iz SAOP (kolicine)
21:35:34  == Osvezitev cen kataloga ==
21:35:34     Živ SAOP zajem: podjetij=4, končnih točk=1, delta zajem, razpored=SAOP_PRICES.
21:35:34     [2] IQLighting (SAOP_IQLIGHTING)
21:35:56       GetPrices: strani=3 zapisov=149 — MEJNIK STOJI (SAOP je vrnil 149 zapisov, a so bili enaki že zajetim (dedup po hashu) — ta zagon nima česa preslikati); zapisi ostanejo v raw.Inbox in jih bo naslednji zagon zajel znova
21:35:56       SKUPAJ strani=3 zapisov=149 RunId=2a1f54d3-6653-40e3-b769-938af60c91ed
21:35:56       OPOZORILO: v raw.Inbox ležijo nepreslikane vrstice iz prejšnjih zagonov: GetPrices=3. Preslikaj jih z --map-run <RunId tistega zagona>; poizvedba: SELECT DISTINCT RunId, EntityType FROM raw.Inbox WHERE Status=N'Pending';
21:35:56       OPOZORILO: pri 1 končnih točkah mejnik stoji. Zajeti podatek leži v raw.Inbox in ga bo naslednji zagon zajel znova; če ga hočeš preslikati brez ponovnega klica, uporabi --map-run 2a1f54d3-6653-40e3-b769-938af60c91ed.
21:35:56     [3] Vidadria (SAOP_VIDADRIA)
21:36:18       GetPrices: strani=5 zapisov=206 — MEJNIK STOJI (SAOP je vrnil 206 zapisov, a so bili enaki že zajetim (dedup po hashu) — ta zagon nima česa preslikati); zapisi ostanejo v raw.Inbox in jih bo naslednji zagon zajel znova
21:36:18       SKUPAJ strani=5 zapisov=206 RunId=4281976c-b841-44ef-9ba3-e69859a05c2b
21:36:18       OPOZORILO: pri 1 končnih točkah mejnik stoji. Zajeti podatek leži v raw.Inbox in ga bo naslednji zagon zajel znova; če ga hočeš preslikati brez ponovnega klica, uporabi --map-run 4281976c-b841-44ef-9ba3-e69859a05c2b.
21:36:18     [4] Ediito (SAOP_EDIITO)
21:36:25       GetPrices: strani=2 zapisov=17 — MEJNIK STOJI (SAOP je vrnil 17 zapisov, a so bili enaki že zajetim (dedup po hashu) — ta zagon nima česa preslikati); zapisi ostanejo v raw.Inbox in jih bo naslednji zagon zajel znova
21:36:25       SKUPAJ strani=2 zapisov=17 RunId=cafdac73-84ca-41eb-a069-6832fba8ea78
21:36:25       OPOZORILO: pri 1 končnih točkah mejnik stoji. Zajeti podatek leži v raw.Inbox in ga bo naslednji zagon zajel znova; če ga hočeš preslikati brez ponovnega klica, uporabi --map-run cafdac73-84ca-41eb-a069-6832fba8ea78.
21:36:25     [1] DEMO (SAOP_DEMO)
21:36:30       GetPrices: strani=0 zapisov=0 [4,2 s]
21:36:30       SKUPAJ strani=0 zapisov=0 RunId=30038e06-d706-4519-98af-acecfd291ece
21:36:30     konec: Osvezitev cen kataloga
21:36:30  == Izvoz cen in zaloge za splet ==
21:36:39     Izvoz profila MAGENTO_STOCK_PRICES končan: 11435 vrstic v C:\Users\david\Desktop\PIM\NoviPIM\izvoz\magento\1
21:37:30     Izvoz profila MAGENTO_STOCK_PRICES končan: 89656 vrstic v C:\Users\david\Desktop\PIM\NoviPIM\izvoz\magento\2
21:37:46     Izvoz profila MAGENTO_STOCK_PRICES končan: 18683 vrstic v C:\Users\david\Desktop\PIM\NoviPIM\izvoz\magento\3
21:38:08     Izvoz profila MAGENTO_STOCK_PRICES končan: 35651 vrstic v C:\Users\david\Desktop\PIM\NoviPIM\izvoz\magento\4
21:38:08     konec: Izvoz cen in zaloge za splet
21:38:08  == Osvezitev kataloga in strank s cenami in zalogo (podjetje 2) ==
21:39:38     Magento CSV izvoz končan: C:\Users\david\Desktop\PIM\NoviPIM\PIM_Solution\izvoz\magento\2
21:39:38     konec: Osvezitev kataloga in strank s cenami in zalogo (podjetje 2)
21:39:38  Zalogovni cikel koncan; padlih korakov: 0.
21:40:15  == Zaloga NW_STOCK ==
21:40:16     SOURCE_FETCH: se ni na vrsti po razporedu; preskoceno.
21:40:17     Prebranih zapisov: 2762; SHA-256: e7500a55d7122007b8c59c6ee5daccdf1c1a1b0515869fa8adcb473405d91d1a
21:40:17     STOCK_FILE pri podjetju 1: se ni na vrsti po razporedu; preskoceno.
21:40:18     Prebranih zapisov: 2762; SHA-256: e7500a55d7122007b8c59c6ee5daccdf1c1a1b0515869fa8adcb473405d91d1a
21:40:18     STOCK_FILE pri podjetju 2: se ni na vrsti po razporedu; preskoceno.
21:40:19     Prebranih zapisov: 2762; SHA-256: e7500a55d7122007b8c59c6ee5daccdf1c1a1b0515869fa8adcb473405d91d1a
21:40:19     STOCK_FILE pri podjetju 3: se ni na vrsti po razporedu; preskoceno.
21:40:19     Prebranih zapisov: 2762; SHA-256: e7500a55d7122007b8c59c6ee5daccdf1c1a1b0515869fa8adcb473405d91d1a
21:40:20     STOCK_FILE pri podjetju 4: se ni na vrsti po razporedu; preskoceno.
21:40:20     konec: Zaloga NW_STOCK
21:40:20  == Zaloga BT_STOCK ==
21:40:21     SOURCE_FETCH: se ni na vrsti po razporedu; preskoceno.
21:40:21     Prebranih zapisov: 1389; SHA-256: 6698019c346705d3b9d19eee8d7a34a628cfee93615acac603b2d6f2cb666cdf
21:40:22     STOCK_FILE pri podjetju 1: se ni na vrsti po razporedu; preskoceno.
21:40:22     Prebranih zapisov: 1389; SHA-256: 6698019c346705d3b9d19eee8d7a34a628cfee93615acac603b2d6f2cb666cdf
21:40:23     STOCK_FILE pri podjetju 2: se ni na vrsti po razporedu; preskoceno.
21:40:23     Prebranih zapisov: 1389; SHA-256: 6698019c346705d3b9d19eee8d7a34a628cfee93615acac603b2d6f2cb666cdf
21:40:24     STOCK_FILE pri podjetju 3: se ni na vrsti po razporedu; preskoceno.
21:40:24     Prebranih zapisov: 1389; SHA-256: 6698019c346705d3b9d19eee8d7a34a628cfee93615acac603b2d6f2cb666cdf
21:40:25     Ta posnetek je ze v bazi; vir=BT_STOCK, podjetje=4, cas posnetka=2026-09-17 15:07:47Z, uporabljenih=1389, v karanteni=0, RunId=4826bbfa-159c-452a-bff7-0b106ff82ed5. Zapisano ni bilo nic.
21:40:25     konec: Zaloga BT_STOCK
21:40:25  == Zaloga iz SAOP (kolicine) ==
21:40:25     [1] SAOP_STOCK: se ni na vrsti po razporedu; preskoceno.
21:40:25     [2] SAOP_STOCK: se ni na vrsti po razporedu; preskoceno.
21:40:25     [3] SAOP_STOCK: se ni na vrsti po razporedu; preskoceno.
21:40:25     [4] SAOP_STOCK: se ni na vrsti po razporedu; preskoceno.
21:40:26     konec: Zaloga iz SAOP (kolicine)
21:40:26  == Osvezitev cen kataloga ==
21:40:26     Živ SAOP zajem: podjetij=4, končnih točk=1, delta zajem, razpored=SAOP_PRICES.
21:40:26     [2] IQLighting (SAOP_IQLIGHTING)
21:40:49       GetPrices: strani=3 zapisov=149 — MEJNIK STOJI (SAOP je vrnil 149 zapisov, a so bili enaki že zajetim (dedup po hashu) — ta zagon nima česa preslikati); zapisi ostanejo v raw.Inbox in jih bo naslednji zagon zajel znova
21:40:49       SKUPAJ strani=3 zapisov=149 RunId=80511681-0184-4575-8b2a-162537c6061c
21:40:49       OPOZORILO: v raw.Inbox ležijo nepreslikane vrstice iz prejšnjih zagonov: GetPrices=3. Preslikaj jih z --map-run <RunId tistega zagona>; poizvedba: SELECT DISTINCT RunId, EntityType FROM raw.Inbox WHERE Status=N'Pending';
21:40:49       OPOZORILO: pri 1 končnih točkah mejnik stoji. Zajeti podatek leži v raw.Inbox in ga bo naslednji zagon zajel znova; če ga hočeš preslikati brez ponovnega klica, uporabi --map-run 80511681-0184-4575-8b2a-162537c6061c.
21:40:49     [3] Vidadria (SAOP_VIDADRIA)
21:41:11       GetPrices: strani=5 zapisov=206 — MEJNIK STOJI (SAOP je vrnil 206 zapisov, a so bili enaki že zajetim (dedup po hashu) — ta zagon nima česa preslikati); zapisi ostanejo v raw.Inbox in jih bo naslednji zagon zajel znova
21:41:11       SKUPAJ strani=5 zapisov=206 RunId=966f05d5-1f59-428a-b158-8de477f9b040
21:41:11       OPOZORILO: pri 1 končnih točkah mejnik stoji. Zajeti podatek leži v raw.Inbox in ga bo naslednji zagon zajel znova; če ga hočeš preslikati brez ponovnega klica, uporabi --map-run 966f05d5-1f59-428a-b158-8de477f9b040.
21:41:11     [4] Ediito (SAOP_EDIITO)
21:41:18       GetPrices: strani=2 zapisov=17 — MEJNIK STOJI (SAOP je vrnil 17 zapisov, a so bili enaki že zajetim (dedup po hashu) — ta zagon nima česa preslikati); zapisi ostanejo v raw.Inbox in jih bo naslednji zagon zajel znova
21:41:18       SKUPAJ strani=2 zapisov=17 RunId=dcf3dd54-b239-4b49-a54e-beab89ce2194
21:41:18       OPOZORILO: pri 1 končnih točkah mejnik stoji. Zajeti podatek leži v raw.Inbox in ga bo naslednji zagon zajel znova; če ga hočeš preslikati brez ponovnega klica, uporabi --map-run dcf3dd54-b239-4b49-a54e-beab89ce2194.
21:41:18     [1] DEMO (SAOP_DEMO)
21:41:23       GetPrices: strani=0 zapisov=0 [4,2 s]
21:41:23       SKUPAJ strani=0 zapisov=0 RunId=1fbfa444-db50-4c1a-9ae4-12a7c042f4d4
21:41:23     konec: Osvezitev cen kataloga
21:41:23  == Izvoz cen in zaloge za splet ==
21:41:32     Izvoz profila MAGENTO_STOCK_PRICES končan: 11435 vrstic v C:\Users\david\Desktop\PIM\NoviPIM\izvoz\magento\1
21:42:23     Izvoz profila MAGENTO_STOCK_PRICES končan: 89656 vrstic v C:\Users\david\Desktop\PIM\NoviPIM\izvoz\magento\2
21:42:39     Izvoz profila MAGENTO_STOCK_PRICES končan: 18683 vrstic v C:\Users\david\Desktop\PIM\NoviPIM\izvoz\magento\3
21:43:01     Izvoz profila MAGENTO_STOCK_PRICES končan: 35651 vrstic v C:\Users\david\Desktop\PIM\NoviPIM\izvoz\magento\4
21:43:01     konec: Izvoz cen in zaloge za splet
21:43:01  == Osvezitev kataloga in strank s cenami in zalogo (podjetje 2) ==
21:44:30     Magento CSV izvoz končan: C:\Users\david\Desktop\PIM\NoviPIM\PIM_Solution\izvoz\magento\2
21:44:30     konec: Osvezitev kataloga in strank s cenami in zalogo (podjetje 2)
21:44:30  Zalogovni cikel koncan; padlih korakov: 0.
21:45:15  == Zaloga NW_STOCK ==
21:45:16     [NW_STOCK] preskoceno: Razmik dobavitelja se tece; naslednji prenos po 17. 09. 2026 23:25.
21:45:16     Prevzem koncan: uspesno 0, neuspesno 0, skupaj virov 1.
21:45:17     Prebranih zapisov: 2762; SHA-256: e7500a55d7122007b8c59c6ee5daccdf1c1a1b0515869fa8adcb473405d91d1a
21:45:17     Ta posnetek je ze v bazi; vir=NW_STOCK, podjetje=1, cas posnetka=2026-09-17 19:25:17Z, uporabljenih=2762, v karanteni=0, RunId=b36b4d88-2b7e-4425-b658-20dc376c15d1. Zapisano ni bilo nic.
21:45:18     Prebranih zapisov: 2762; SHA-256: e7500a55d7122007b8c59c6ee5daccdf1c1a1b0515869fa8adcb473405d91d1a
21:45:18     Ta posnetek je ze v bazi; vir=NW_STOCK, podjetje=2, cas posnetka=2026-09-17 19:25:17Z, uporabljenih=2762, v karanteni=0, RunId=8435aff5-f1fe-45de-a2f8-b7519eb2354d. Zapisano ni bilo nic.
21:45:19     Prebranih zapisov: 2762; SHA-256: e7500a55d7122007b8c59c6ee5daccdf1c1a1b0515869fa8adcb473405d91d1a
21:45:19     Ta posnetek je ze v bazi; vir=NW_STOCK, podjetje=3, cas posnetka=2026-09-17 19:25:17Z, uporabljenih=2762, v karanteni=0, RunId=29fd2797-0569-4e5b-9eae-ed265f171fe0. Zapisano ni bilo nic.
21:45:20     Prebranih zapisov: 2762; SHA-256: e7500a55d7122007b8c59c6ee5daccdf1c1a1b0515869fa8adcb473405d91d1a
21:45:20     STOCK_FILE pri podjetju 4: se ni na vrsti po razporedu; preskoceno.
21:45:20     konec: Zaloga NW_STOCK
21:45:20  == Zaloga BT_STOCK ==
21:45:21     SOURCE_FETCH: se ni na vrsti po razporedu; preskoceno.
21:45:22     Prebranih zapisov: 1389; SHA-256: 6698019c346705d3b9d19eee8d7a34a628cfee93615acac603b2d6f2cb666cdf
21:45:22     STOCK_FILE pri podjetju 1: se ni na vrsti po razporedu; preskoceno.
21:45:23     Prebranih zapisov: 1389; SHA-256: 6698019c346705d3b9d19eee8d7a34a628cfee93615acac603b2d6f2cb666cdf
21:45:23     STOCK_FILE pri podjetju 2: se ni na vrsti po razporedu; preskoceno.
21:45:23     Prebranih zapisov: 1389; SHA-256: 6698019c346705d3b9d19eee8d7a34a628cfee93615acac603b2d6f2cb666cdf
21:45:24     STOCK_FILE pri podjetju 3: se ni na vrsti po razporedu; preskoceno.
21:45:24     Prebranih zapisov: 1389; SHA-256: 6698019c346705d3b9d19eee8d7a34a628cfee93615acac603b2d6f2cb666cdf
21:45:25     Ta posnetek je ze v bazi; vir=BT_STOCK, podjetje=4, cas posnetka=2026-09-17 15:07:47Z, uporabljenih=1389, v karanteni=0, RunId=4826bbfa-159c-452a-bff7-0b106ff82ed5. Zapisano ni bilo nic.
21:45:25     konec: Zaloga BT_STOCK
21:45:25  == Zaloga iz SAOP (kolicine) ==
21:45:26     [1] SAOP_GETSTOCKS (GetStocks): skladišč=4, zapisov=16, uporabljenih=16, v karanteni=0, RunId=7d9e9693-4782-44e4-a29b-66a504b98830.
21:45:30     [2] SAOP_GETSTOCKS (GetStocks): skladišč=1, zapisov=8774, uporabljenih=8774, v karanteni=0, RunId=2e705630-a402-477f-93b8-7ed5ca6c1f13.
21:45:32     [3] SAOP_REGISTERED_VIEW (RegisteredViewData): skladišč=0, zapisov=3073, uporabljenih=3073, v karanteni=0, RunId=e8dd935e-0222-4dfe-9761-eb838855f973.
21:45:34     [4] SAOP_GETSTOCKS (GetStocks): skladišč=14, zapisov=3122, uporabljenih=3122, v karanteni=0, RunId=03816eda-f373-4921-aa05-aaa2cad0fb91.
21:45:34     konec: Zaloga iz SAOP (kolicine)
21:45:34  == Osvezitev cen kataloga ==
21:45:34     Živ SAOP zajem: podjetij=4, končnih točk=1, delta zajem, razpored=SAOP_PRICES.
21:45:34     [2] IQLighting (SAOP_IQLIGHTING)
21:45:56       GetPrices: strani=3 zapisov=149 — MEJNIK STOJI (SAOP je vrnil 149 zapisov, a so bili enaki že zajetim (dedup po hashu) — ta zagon nima česa preslikati); zapisi ostanejo v raw.Inbox in jih bo naslednji zagon zajel znova
21:45:56       SKUPAJ strani=3 zapisov=149 RunId=f9c9b5a6-a610-49f1-b68f-c3e4371338c0
21:45:56       OPOZORILO: v raw.Inbox ležijo nepreslikane vrstice iz prejšnjih zagonov: GetPrices=3. Preslikaj jih z --map-run <RunId tistega zagona>; poizvedba: SELECT DISTINCT RunId, EntityType FROM raw.Inbox WHERE Status=N'Pending';
21:45:56       OPOZORILO: pri 1 končnih točkah mejnik stoji. Zajeti podatek leži v raw.Inbox in ga bo naslednji zagon zajel znova; če ga hočeš preslikati brez ponovnega klica, uporabi --map-run f9c9b5a6-a610-49f1-b68f-c3e4371338c0.
21:45:56     [3] Vidadria (SAOP_VIDADRIA)
21:46:18       GetPrices: strani=5 zapisov=206 — MEJNIK STOJI (SAOP je vrnil 206 zapisov, a so bili enaki že zajetim (dedup po hashu) — ta zagon nima česa preslikati); zapisi ostanejo v raw.Inbox in jih bo naslednji zagon zajel znova
21:46:18       SKUPAJ strani=5 zapisov=206 RunId=c6794131-d605-4b64-a419-602dd6626602
21:46:18       OPOZORILO: pri 1 končnih točkah mejnik stoji. Zajeti podatek leži v raw.Inbox in ga bo naslednji zagon zajel znova; če ga hočeš preslikati brez ponovnega klica, uporabi --map-run c6794131-d605-4b64-a419-602dd6626602.
21:46:18     [4] Ediito (SAOP_EDIITO)
21:46:25       GetPrices: strani=2 zapisov=17 — MEJNIK STOJI (SAOP je vrnil 17 zapisov, a so bili enaki že zajetim (dedup po hashu) — ta zagon nima česa preslikati); zapisi ostanejo v raw.Inbox in jih bo naslednji zagon zajel znova
21:46:25       SKUPAJ strani=2 zapisov=17 RunId=3b2ffc27-8e92-403d-8cb2-daf15d8b0051
21:46:25       OPOZORILO: pri 1 končnih točkah mejnik stoji. Zajeti podatek leži v raw.Inbox in ga bo naslednji zagon zajel znova; če ga hočeš preslikati brez ponovnega klica, uporabi --map-run 3b2ffc27-8e92-403d-8cb2-daf15d8b0051.
21:46:25     [1] DEMO (SAOP_DEMO)
21:46:30       GetPrices: strani=0 zapisov=0 [4,3 s]
21:46:30       SKUPAJ strani=0 zapisov=0 RunId=379a49fc-9334-4b64-931f-95413d5305e5
21:46:30     konec: Osvezitev cen kataloga
21:46:30  == Izvoz cen in zaloge za splet ==
21:46:39     Izvoz profila MAGENTO_STOCK_PRICES končan: 11435 vrstic v C:\Users\david\Desktop\PIM\NoviPIM\izvoz\magento\1
21:47:30     Izvoz profila MAGENTO_STOCK_PRICES končan: 89656 vrstic v C:\Users\david\Desktop\PIM\NoviPIM\izvoz\magento\2
21:47:46     Izvoz profila MAGENTO_STOCK_PRICES končan: 18683 vrstic v C:\Users\david\Desktop\PIM\NoviPIM\izvoz\magento\3
21:48:08     Izvoz profila MAGENTO_STOCK_PRICES končan: 35651 vrstic v C:\Users\david\Desktop\PIM\NoviPIM\izvoz\magento\4
21:48:08     konec: Izvoz cen in zaloge za splet
21:48:08  == Osvezitev kataloga in strank s cenami in zalogo (podjetje 2) ==
21:49:46     Magento CSV izvoz končan: C:\Users\david\Desktop\PIM\NoviPIM\PIM_Solution\izvoz\magento\2
21:49:46     konec: Osvezitev kataloga in strank s cenami in zalogo (podjetje 2)
21:49:46  Zalogovni cikel koncan; padlih korakov: 0.
21:50:15  == Zaloga NW_STOCK ==
21:50:16     SOURCE_FETCH: se ni na vrsti po razporedu; preskoceno.
21:50:17     Prebranih zapisov: 2762; SHA-256: e7500a55d7122007b8c59c6ee5daccdf1c1a1b0515869fa8adcb473405d91d1a
21:50:17     STOCK_FILE pri podjetju 1: se ni na vrsti po razporedu; preskoceno.
21:50:18     Prebranih zapisov: 2762; SHA-256: e7500a55d7122007b8c59c6ee5daccdf1c1a1b0515869fa8adcb473405d91d1a
21:50:18     STOCK_FILE pri podjetju 2: se ni na vrsti po razporedu; preskoceno.
21:50:19     Prebranih zapisov: 2762; SHA-256: e7500a55d7122007b8c59c6ee5daccdf1c1a1b0515869fa8adcb473405d91d1a
21:50:19     STOCK_FILE pri podjetju 3: se ni na vrsti po razporedu; preskoceno.
21:50:20     Prebranih zapisov: 2762; SHA-256: e7500a55d7122007b8c59c6ee5daccdf1c1a1b0515869fa8adcb473405d91d1a
21:50:20     STOCK_FILE pri podjetju 4: se ni na vrsti po razporedu; preskoceno.
21:50:20     konec: Zaloga NW_STOCK
21:50:20  == Zaloga BT_STOCK ==
21:50:21     [BT_STOCK] preskoceno: Razmik dobavitelja se tece; naslednji prenos po 17. 09. 2026 23:37.
21:50:21     Prevzem koncan: uspesno 0, neuspesno 0, skupaj virov 1.
21:50:22     Prebranih zapisov: 1389; SHA-256: 6698019c346705d3b9d19eee8d7a34a628cfee93615acac603b2d6f2cb666cdf
21:50:22     Ta posnetek je ze v bazi; vir=BT_STOCK, podjetje=1, cas posnetka=2026-09-17 15:07:47Z, uporabljenih=1389, v karanteni=0, RunId=29a79c20-8f70-4926-adba-027582a5633e. Zapisano ni bilo nic.
21:50:23     Prebranih zapisov: 1389; SHA-256: 6698019c346705d3b9d19eee8d7a34a628cfee93615acac603b2d6f2cb666cdf
21:50:23     Ta posnetek je ze v bazi; vir=BT_STOCK, podjetje=2, cas posnetka=2026-09-17 15:07:47Z, uporabljenih=1389, v karanteni=0, RunId=7f8b9bc6-9c94-4908-8368-ca840e90feb4. Zapisano ni bilo nic.
21:50:24     Prebranih zapisov: 1389; SHA-256: 6698019c346705d3b9d19eee8d7a34a628cfee93615acac603b2d6f2cb666cdf
21:50:24     Ta posnetek je ze v bazi; vir=BT_STOCK, podjetje=3, cas posnetka=2026-09-17 15:07:47Z, uporabljenih=1389, v karanteni=0, RunId=69e4e351-dc8f-4b85-9bd5-72cf28d35906. Zapisano ni bilo nic.
21:50:25     Prebranih zapisov: 1389; SHA-256: 6698019c346705d3b9d19eee8d7a34a628cfee93615acac603b2d6f2cb666cdf
21:50:25     Ta posnetek je ze v bazi; vir=BT_STOCK, podjetje=4, cas posnetka=2026-09-17 15:07:47Z, uporabljenih=1389, v karanteni=0, RunId=4826bbfa-159c-452a-bff7-0b106ff82ed5. Zapisano ni bilo nic.
21:50:25     konec: Zaloga BT_STOCK
21:50:25  == Zaloga iz SAOP (kolicine) ==
21:50:26     [1] SAOP_GETSTOCKS (GetStocks): skladišč=4, zapisov=16, uporabljenih=16, v karanteni=0, RunId=81377c26-9967-40be-95fc-b39ee92ab7f1.
21:50:30     [2] SAOP_GETSTOCKS (GetStocks): skladišč=1, zapisov=8774, uporabljenih=8774, v karanteni=0, RunId=2582b911-174b-40fb-837c-5e67125513b9.
21:50:33     [3] SAOP_REGISTERED_VIEW (RegisteredViewData): skladišč=0, zapisov=3073, uporabljenih=3073, v karanteni=0, RunId=e0696ad4-01d3-43f6-8808-e60fc5a521c5.
21:50:35     [4] SAOP_GETSTOCKS (GetStocks): skladišč=14, zapisov=3122, uporabljenih=3122, v karanteni=0, RunId=73322cf0-7d74-4a01-a036-d7cc5106772d.
21:50:35     konec: Zaloga iz SAOP (kolicine)
21:50:35  == Osvezitev cen kataloga ==
21:50:35     Živ SAOP zajem: podjetij=4, končnih točk=1, delta zajem, razpored=SAOP_PRICES.
21:50:35     [2] IQLighting (SAOP_IQLIGHTING)
21:50:57       GetPrices: strani=3 zapisov=149 — MEJNIK STOJI (SAOP je vrnil 149 zapisov, a so bili enaki že zajetim (dedup po hashu) — ta zagon nima česa preslikati); zapisi ostanejo v raw.Inbox in jih bo naslednji zagon zajel znova
21:50:57       SKUPAJ strani=3 zapisov=149 RunId=7beab1bf-1d19-430e-b5f6-20fb89b540c2
21:50:57       OPOZORILO: v raw.Inbox ležijo nepreslikane vrstice iz prejšnjih zagonov: GetPrices=3. Preslikaj jih z --map-run <RunId tistega zagona>; poizvedba: SELECT DISTINCT RunId, EntityType FROM raw.Inbox WHERE Status=N'Pending';
21:50:57       OPOZORILO: pri 1 končnih točkah mejnik stoji. Zajeti podatek leži v raw.Inbox in ga bo naslednji zagon zajel znova; če ga hočeš preslikati brez ponovnega klica, uporabi --map-run 7beab1bf-1d19-430e-b5f6-20fb89b540c2.
21:50:57     [3] Vidadria (SAOP_VIDADRIA)
21:51:21       GetPrices: strani=5 zapisov=206 — MEJNIK STOJI (SAOP je vrnil 206 zapisov, a so bili enaki že zajetim (dedup po hashu) — ta zagon nima česa preslikati); zapisi ostanejo v raw.Inbox in jih bo naslednji zagon zajel znova
21:51:21       SKUPAJ strani=5 zapisov=206 RunId=76b49a26-e3d1-4e93-8a31-a09318399b56
21:51:21       OPOZORILO: pri 1 končnih točkah mejnik stoji. Zajeti podatek leži v raw.Inbox in ga bo naslednji zagon zajel znova; če ga hočeš preslikati brez ponovnega klica, uporabi --map-run 76b49a26-e3d1-4e93-8a31-a09318399b56.
21:51:21     [4] Ediito (SAOP_EDIITO)
21:51:28       GetPrices: strani=2 zapisov=17 — MEJNIK STOJI (SAOP je vrnil 17 zapisov, a so bili enaki že zajetim (dedup po hashu) — ta zagon nima česa preslikati); zapisi ostanejo v raw.Inbox in jih bo naslednji zagon zajel znova
21:51:28       SKUPAJ strani=2 zapisov=17 RunId=c0e48d5c-c97b-4068-9fd2-5cfe921098a1
21:51:28       OPOZORILO: pri 1 končnih točkah mejnik stoji. Zajeti podatek leži v raw.Inbox in ga bo naslednji zagon zajel znova; če ga hočeš preslikati brez ponovnega klica, uporabi --map-run c0e48d5c-c97b-4068-9fd2-5cfe921098a1.
21:51:28     [1] DEMO (SAOP_DEMO)
21:51:33       GetPrices: strani=0 zapisov=0 [4,4 s]
21:51:33       SKUPAJ strani=0 zapisov=0 RunId=1f13fc90-a258-453e-8ea2-dc294dae3050
21:51:33     konec: Osvezitev cen kataloga
21:51:33  == Izvoz cen in zaloge za splet ==
21:51:42     Izvoz profila MAGENTO_STOCK_PRICES končan: 11435 vrstic v C:\Users\david\Desktop\PIM\NoviPIM\izvoz\magento\1
21:52:33     Izvoz profila MAGENTO_STOCK_PRICES končan: 89656 vrstic v C:\Users\david\Desktop\PIM\NoviPIM\izvoz\magento\2
21:52:49     Izvoz profila MAGENTO_STOCK_PRICES končan: 18683 vrstic v C:\Users\david\Desktop\PIM\NoviPIM\izvoz\magento\3
21:53:11     Izvoz profila MAGENTO_STOCK_PRICES končan: 35651 vrstic v C:\Users\david\Desktop\PIM\NoviPIM\izvoz\magento\4
21:53:11     konec: Izvoz cen in zaloge za splet
21:53:11  == Osvezitev kataloga in strank s cenami in zalogo (podjetje 2) ==
21:54:42     Magento CSV izvoz končan: C:\Users\david\Desktop\PIM\NoviPIM\PIM_Solution\izvoz\magento\2
21:54:42     konec: Osvezitev kataloga in strank s cenami in zalogo (podjetje 2)
21:54:42  Zalogovni cikel koncan; padlih korakov: 0.
21:55:15  == Zaloga NW_STOCK ==
21:55:16     SOURCE_FETCH: se ni na vrsti po razporedu; preskoceno.
21:55:17     Prebranih zapisov: 2762; SHA-256: e7500a55d7122007b8c59c6ee5daccdf1c1a1b0515869fa8adcb473405d91d1a
21:55:17     STOCK_FILE pri podjetju 1: se ni na vrsti po razporedu; preskoceno.
21:55:18     Prebranih zapisov: 2762; SHA-256: e7500a55d7122007b8c59c6ee5daccdf1c1a1b0515869fa8adcb473405d91d1a
21:55:18     STOCK_FILE pri podjetju 2: se ni na vrsti po razporedu; preskoceno.
21:55:19     Prebranih zapisov: 2762; SHA-256: e7500a55d7122007b8c59c6ee5daccdf1c1a1b0515869fa8adcb473405d91d1a
21:55:19     STOCK_FILE pri podjetju 3: se ni na vrsti po razporedu; preskoceno.
21:55:19     Prebranih zapisov: 2762; SHA-256: e7500a55d7122007b8c59c6ee5daccdf1c1a1b0515869fa8adcb473405d91d1a
21:55:20     STOCK_FILE pri podjetju 4: se ni na vrsti po razporedu; preskoceno.
21:55:20     konec: Zaloga NW_STOCK
21:55:20  == Zaloga BT_STOCK ==
21:55:21     SOURCE_FETCH: se ni na vrsti po razporedu; preskoceno.
21:55:21     Prebranih zapisov: 1389; SHA-256: 6698019c346705d3b9d19eee8d7a34a628cfee93615acac603b2d6f2cb666cdf
21:55:22     STOCK_FILE pri podjetju 1: se ni na vrsti po razporedu; preskoceno.
21:55:22     Prebranih zapisov: 1389; SHA-256: 6698019c346705d3b9d19eee8d7a34a628cfee93615acac603b2d6f2cb666cdf
21:55:23     STOCK_FILE pri podjetju 2: se ni na vrsti po razporedu; preskoceno.
21:55:23     Prebranih zapisov: 1389; SHA-256: 6698019c346705d3b9d19eee8d7a34a628cfee93615acac603b2d6f2cb666cdf
21:55:23     STOCK_FILE pri podjetju 3: se ni na vrsti po razporedu; preskoceno.
21:55:24     Prebranih zapisov: 1389; SHA-256: 6698019c346705d3b9d19eee8d7a34a628cfee93615acac603b2d6f2cb666cdf
21:55:24     STOCK_FILE pri podjetju 4: se ni na vrsti po razporedu; preskoceno.
21:55:25     konec: Zaloga BT_STOCK
21:55:25  == Zaloga iz SAOP (kolicine) ==
21:55:25     [1] SAOP_STOCK: se ni na vrsti po razporedu; preskoceno.
21:55:25     [2] SAOP_STOCK: se ni na vrsti po razporedu; preskoceno.
21:55:25     [3] SAOP_STOCK: se ni na vrsti po razporedu; preskoceno.
21:55:25     [4] SAOP_STOCK: se ni na vrsti po razporedu; preskoceno.
21:55:25     konec: Zaloga iz SAOP (kolicine)
21:55:25  == Osvezitev cen kataloga ==
21:55:26     Živ SAOP zajem: podjetij=4, končnih točk=1, delta zajem, razpored=SAOP_PRICES.
21:55:26     [2] IQLighting (SAOP_IQLIGHTING)
21:55:52       GetPrices: strani=3 zapisov=149 — MEJNIK STOJI (SAOP je vrnil 149 zapisov, a so bili enaki že zajetim (dedup po hashu) — ta zagon nima česa preslikati); zapisi ostanejo v raw.Inbox in jih bo naslednji zagon zajel znova
21:55:52       SKUPAJ strani=3 zapisov=149 RunId=7a46522e-1833-4b78-9dfa-1540edce1605
21:55:52       OPOZORILO: v raw.Inbox ležijo nepreslikane vrstice iz prejšnjih zagonov: GetPrices=3. Preslikaj jih z --map-run <RunId tistega zagona>; poizvedba: SELECT DISTINCT RunId, EntityType FROM raw.Inbox WHERE Status=N'Pending';
21:55:52       OPOZORILO: pri 1 končnih točkah mejnik stoji. Zajeti podatek leži v raw.Inbox in ga bo naslednji zagon zajel znova; če ga hočeš preslikati brez ponovnega klica, uporabi --map-run 7a46522e-1833-4b78-9dfa-1540edce1605.
21:55:52     [3] Vidadria (SAOP_VIDADRIA)
21:56:18       GetPrices: strani=5 zapisov=206 — MEJNIK STOJI (SAOP je vrnil 206 zapisov, a so bili enaki že zajetim (dedup po hashu) — ta zagon nima česa preslikati); zapisi ostanejo v raw.Inbox in jih bo naslednji zagon zajel znova
21:56:19       SKUPAJ strani=5 zapisov=206 RunId=86eb4464-bba8-4a3f-9c0c-01d453f184f9
21:56:19       OPOZORILO: pri 1 končnih točkah mejnik stoji. Zajeti podatek leži v raw.Inbox in ga bo naslednji zagon zajel znova; če ga hočeš preslikati brez ponovnega klica, uporabi --map-run 86eb4464-bba8-4a3f-9c0c-01d453f184f9.
21:56:19     [4] Ediito (SAOP_EDIITO)
21:56:36       GetPrices: strani=2 zapisov=17 — MEJNIK STOJI (SAOP je vrnil 17 zapisov, a so bili enaki že zajetim (dedup po hashu) — ta zagon nima česa preslikati); zapisi ostanejo v raw.Inbox in jih bo naslednji zagon zajel znova
21:56:36       SKUPAJ strani=2 zapisov=17 RunId=6754acd4-2523-4b62-9ccf-0a94026ce2dc
21:56:36       OPOZORILO: pri 1 končnih točkah mejnik stoji. Zajeti podatek leži v raw.Inbox in ga bo naslednji zagon zajel znova; če ga hočeš preslikati brez ponovnega klica, uporabi --map-run 6754acd4-2523-4b62-9ccf-0a94026ce2dc.
21:56:36     [1] DEMO (SAOP_DEMO)
21:56:45       GetPrices: strani=0 zapisov=0 [7,9 s]
21:56:45       SKUPAJ strani=0 zapisov=0 RunId=a7673665-3695-443b-9bb7-b4c5804e22b0
21:56:45     konec: Osvezitev cen kataloga
21:56:45  == Izvoz cen in zaloge za splet ==
21:56:54     Izvoz profila MAGENTO_STOCK_PRICES končan: 11435 vrstic v C:\Users\david\Desktop\PIM\NoviPIM\izvoz\magento\1
21:57:45     Izvoz profila MAGENTO_STOCK_PRICES končan: 89656 vrstic v C:\Users\david\Desktop\PIM\NoviPIM\izvoz\magento\2
21:58:01     Izvoz profila MAGENTO_STOCK_PRICES končan: 18683 vrstic v C:\Users\david\Desktop\PIM\NoviPIM\izvoz\magento\3
21:58:23     Izvoz profila MAGENTO_STOCK_PRICES končan: 35651 vrstic v C:\Users\david\Desktop\PIM\NoviPIM\izvoz\magento\4
21:58:23     konec: Izvoz cen in zaloge za splet
21:58:23  == Osvezitev kataloga in strank s cenami in zalogo (podjetje 2) ==
21:59:54     Magento CSV izvoz končan: C:\Users\david\Desktop\PIM\NoviPIM\PIM_Solution\izvoz\magento\2
21:59:54     konec: Osvezitev kataloga in strank s cenami in zalogo (podjetje 2)
21:59:54  Zalogovni cikel koncan; padlih korakov: 0.
22:00:15  == Zaloga NW_STOCK ==
22:00:16     [NW_STOCK] preskoceno: Razmik dobavitelja se tece; naslednji prenos po 17. 09. 2026 23:25.
22:00:16     Prevzem koncan: uspesno 0, neuspesno 0, skupaj virov 1.
22:00:17     Prebranih zapisov: 2762; SHA-256: e7500a55d7122007b8c59c6ee5daccdf1c1a1b0515869fa8adcb473405d91d1a
22:00:17     Ta posnetek je ze v bazi; vir=NW_STOCK, podjetje=1, cas posnetka=2026-09-17 19:25:17Z, uporabljenih=2762, v karanteni=0, RunId=b36b4d88-2b7e-4425-b658-20dc376c15d1. Zapisano ni bilo nic.
22:00:18     Prebranih zapisov: 2762; SHA-256: e7500a55d7122007b8c59c6ee5daccdf1c1a1b0515869fa8adcb473405d91d1a
22:00:18     Ta posnetek je ze v bazi; vir=NW_STOCK, podjetje=2, cas posnetka=2026-09-17 19:25:17Z, uporabljenih=2762, v karanteni=0, RunId=8435aff5-f1fe-45de-a2f8-b7519eb2354d. Zapisano ni bilo nic.
22:00:19     Prebranih zapisov: 2762; SHA-256: e7500a55d7122007b8c59c6ee5daccdf1c1a1b0515869fa8adcb473405d91d1a
22:00:19     Ta posnetek je ze v bazi; vir=NW_STOCK, podjetje=3, cas posnetka=2026-09-17 19:25:17Z, uporabljenih=2762, v karanteni=0, RunId=29fd2797-0569-4e5b-9eae-ed265f171fe0. Zapisano ni bilo nic.
22:00:20     Prebranih zapisov: 2762; SHA-256: e7500a55d7122007b8c59c6ee5daccdf1c1a1b0515869fa8adcb473405d91d1a
22:00:20     Ta posnetek je ze v bazi; vir=NW_STOCK, podjetje=4, cas posnetka=2026-09-17 19:25:17Z, uporabljenih=2762, v karanteni=0, RunId=007297d1-e0ec-4cf2-820d-4bd3a35699ac. Zapisano ni bilo nic.
22:00:20     konec: Zaloga NW_STOCK
22:00:20  == Zaloga BT_STOCK ==
22:00:21     SOURCE_FETCH: se ni na vrsti po razporedu; preskoceno.
22:00:22     Prebranih zapisov: 1389; SHA-256: 6698019c346705d3b9d19eee8d7a34a628cfee93615acac603b2d6f2cb666cdf
22:00:22     STOCK_FILE pri podjetju 1: se ni na vrsti po razporedu; preskoceno.
22:00:23     Prebranih zapisov: 1389; SHA-256: 6698019c346705d3b9d19eee8d7a34a628cfee93615acac603b2d6f2cb666cdf
22:00:23     STOCK_FILE pri podjetju 2: se ni na vrsti po razporedu; preskoceno.
22:00:24     Prebranih zapisov: 1389; SHA-256: 6698019c346705d3b9d19eee8d7a34a628cfee93615acac603b2d6f2cb666cdf
22:00:24     STOCK_FILE pri podjetju 3: se ni na vrsti po razporedu; preskoceno.
22:00:25     Prebranih zapisov: 1389; SHA-256: 6698019c346705d3b9d19eee8d7a34a628cfee93615acac603b2d6f2cb666cdf
22:00:25     STOCK_FILE pri podjetju 4: se ni na vrsti po razporedu; preskoceno.
22:00:25     konec: Zaloga BT_STOCK
22:00:25  == Zaloga iz SAOP (kolicine) ==
22:00:26     [1] SAOP_GETSTOCKS (GetStocks): skladišč=4, zapisov=16, uporabljenih=16, v karanteni=0, RunId=d4defbc2-b067-4631-ba14-f759a519ebd8.
22:00:31     [2] SAOP_GETSTOCKS (GetStocks): skladišč=1, zapisov=8774, uporabljenih=8774, v karanteni=0, RunId=e58bc033-778e-48a2-8062-39dee22ad110.
22:00:35     [3] SAOP_REGISTERED_VIEW (RegisteredViewData): skladišč=0, zapisov=3073, uporabljenih=3073, v karanteni=0, RunId=9185ea09-f9b3-4237-ab6f-a87d2e079f49.
22:00:37     [4] SAOP_GETSTOCKS (GetStocks): skladišč=14, zapisov=3122, uporabljenih=3122, v karanteni=0, RunId=740ba5a2-a399-4936-bab3-32d4aa022702.
22:00:37     konec: Zaloga iz SAOP (kolicine)
22:00:37  == Osvezitev cen kataloga ==
22:00:38     Živ SAOP zajem: podjetij=4, končnih točk=1, delta zajem, razpored=SAOP_PRICES.
22:00:38     [2] IQLighting (SAOP_IQLIGHTING)
22:01:08       GetPrices: strani=3 zapisov=149 — MEJNIK STOJI (SAOP je vrnil 149 zapisov, a so bili enaki že zajetim (dedup po hashu) — ta zagon nima česa preslikati); zapisi ostanejo v raw.Inbox in jih bo naslednji zagon zajel znova
22:01:08       SKUPAJ strani=3 zapisov=149 RunId=fdd75ee4-2e7f-4943-94c9-29f7978096d6
22:01:08       OPOZORILO: v raw.Inbox ležijo nepreslikane vrstice iz prejšnjih zagonov: GetPrices=3. Preslikaj jih z --map-run <RunId tistega zagona>; poizvedba: SELECT DISTINCT RunId, EntityType FROM raw.Inbox WHERE Status=N'Pending';
22:01:08       OPOZORILO: pri 1 končnih točkah mejnik stoji. Zajeti podatek leži v raw.Inbox in ga bo naslednji zagon zajel znova; če ga hočeš preslikati brez ponovnega klica, uporabi --map-run fdd75ee4-2e7f-4943-94c9-29f7978096d6.
22:01:08     [3] Vidadria (SAOP_VIDADRIA)
22:01:51       GetPrices: strani=5 zapisov=206 — MEJNIK STOJI (SAOP je vrnil 206 zapisov, a so bili enaki že zajetim (dedup po hashu) — ta zagon nima česa preslikati); zapisi ostanejo v raw.Inbox in jih bo naslednji zagon zajel znova
22:01:51       SKUPAJ strani=5 zapisov=206 RunId=f3d5741c-a922-4170-b376-28434cc58a7f
22:01:51       OPOZORILO: pri 1 končnih točkah mejnik stoji. Zajeti podatek leži v raw.Inbox in ga bo naslednji zagon zajel znova; če ga hočeš preslikati brez ponovnega klica, uporabi --map-run f3d5741c-a922-4170-b376-28434cc58a7f.
22:01:51     [4] Ediito (SAOP_EDIITO)
22:02:03       GetPrices: strani=2 zapisov=17 — MEJNIK STOJI (SAOP je vrnil 17 zapisov, a so bili enaki že zajetim (dedup po hashu) — ta zagon nima česa preslikati); zapisi ostanejo v raw.Inbox in jih bo naslednji zagon zajel znova
22:02:03       SKUPAJ strani=2 zapisov=17 RunId=1463737b-4622-446e-af66-eff6b1f955de
22:02:03       OPOZORILO: pri 1 končnih točkah mejnik stoji. Zajeti podatek leži v raw.Inbox in ga bo naslednji zagon zajel znova; če ga hočeš preslikati brez ponovnega klica, uporabi --map-run 1463737b-4622-446e-af66-eff6b1f955de.
22:02:03     [1] DEMO (SAOP_DEMO)
22:02:09       GetPrices: strani=0 zapisov=0 [5,2 s]
22:02:09       SKUPAJ strani=0 zapisov=0 RunId=2df90d1c-8d4d-4148-b5d1-21c55a1f23ec
22:02:09     konec: Osvezitev cen kataloga
22:02:09  == Izvoz cen in zaloge za splet ==
22:02:18     Izvoz profila MAGENTO_STOCK_PRICES končan: 11435 vrstic v C:\Users\david\Desktop\PIM\NoviPIM\izvoz\magento\1
22:03:09     Izvoz profila MAGENTO_STOCK_PRICES končan: 89656 vrstic v C:\Users\david\Desktop\PIM\NoviPIM\izvoz\magento\2
22:03:25     Izvoz profila MAGENTO_STOCK_PRICES končan: 18683 vrstic v C:\Users\david\Desktop\PIM\NoviPIM\izvoz\magento\3
22:03:47     Izvoz profila MAGENTO_STOCK_PRICES končan: 35651 vrstic v C:\Users\david\Desktop\PIM\NoviPIM\izvoz\magento\4
22:03:47     konec: Izvoz cen in zaloge za splet
22:03:47  == Osvezitev kataloga in strank s cenami in zalogo (podjetje 2) ==
22:05:18     Magento CSV izvoz končan: C:\Users\david\Desktop\PIM\NoviPIM\PIM_Solution\izvoz\magento\2
22:05:18     konec: Osvezitev kataloga in strank s cenami in zalogo (podjetje 2)
22:05:18  Zalogovni cikel koncan; padlih korakov: 0.
22:10:15  == Zaloga NW_STOCK ==
22:10:16     [NW_STOCK] preskoceno: Razmik dobavitelja se tece; naslednji prenos po 17. 09. 2026 23:25.
22:10:16     Prevzem koncan: uspesno 0, neuspesno 0, skupaj virov 1.
22:10:17     Prebranih zapisov: 2762; SHA-256: e7500a55d7122007b8c59c6ee5daccdf1c1a1b0515869fa8adcb473405d91d1a
22:10:17     Ta posnetek je ze v bazi; vir=NW_STOCK, podjetje=1, cas posnetka=2026-09-17 19:25:17Z, uporabljenih=2762, v karanteni=0, RunId=b36b4d88-2b7e-4425-b658-20dc376c15d1. Zapisano ni bilo nic.
22:10:18     Prebranih zapisov: 2762; SHA-256: e7500a55d7122007b8c59c6ee5daccdf1c1a1b0515869fa8adcb473405d91d1a
22:10:18     Ta posnetek je ze v bazi; vir=NW_STOCK, podjetje=2, cas posnetka=2026-09-17 19:25:17Z, uporabljenih=2762, v karanteni=0, RunId=8435aff5-f1fe-45de-a2f8-b7519eb2354d. Zapisano ni bilo nic.
22:10:19     Prebranih zapisov: 2762; SHA-256: e7500a55d7122007b8c59c6ee5daccdf1c1a1b0515869fa8adcb473405d91d1a
22:10:19     Ta posnetek je ze v bazi; vir=NW_STOCK, podjetje=3, cas posnetka=2026-09-17 19:25:17Z, uporabljenih=2762, v karanteni=0, RunId=29fd2797-0569-4e5b-9eae-ed265f171fe0. Zapisano ni bilo nic.
22:10:20     Prebranih zapisov: 2762; SHA-256: e7500a55d7122007b8c59c6ee5daccdf1c1a1b0515869fa8adcb473405d91d1a
22:10:20     Ta posnetek je ze v bazi; vir=NW_STOCK, podjetje=4, cas posnetka=2026-09-17 19:25:17Z, uporabljenih=2762, v karanteni=0, RunId=007297d1-e0ec-4cf2-820d-4bd3a35699ac. Zapisano ni bilo nic.
22:10:20     konec: Zaloga NW_STOCK
22:10:20  == Zaloga BT_STOCK ==
22:10:21     SOURCE_FETCH: se ni na vrsti po razporedu; preskoceno.
22:10:22     Prebranih zapisov: 1389; SHA-256: 6698019c346705d3b9d19eee8d7a34a628cfee93615acac603b2d6f2cb666cdf
22:10:22     STOCK_FILE pri podjetju 1: se ni na vrsti po razporedu; preskoceno.
22:10:23     Prebranih zapisov: 1389; SHA-256: 6698019c346705d3b9d19eee8d7a34a628cfee93615acac603b2d6f2cb666cdf
22:10:23     STOCK_FILE pri podjetju 2: se ni na vrsti po razporedu; preskoceno.
22:10:24     Prebranih zapisov: 1389; SHA-256: 6698019c346705d3b9d19eee8d7a34a628cfee93615acac603b2d6f2cb666cdf
22:10:24     STOCK_FILE pri podjetju 3: se ni na vrsti po razporedu; preskoceno.
22:10:24     Prebranih zapisov: 1389; SHA-256: 6698019c346705d3b9d19eee8d7a34a628cfee93615acac603b2d6f2cb666cdf
22:10:25     STOCK_FILE pri podjetju 4: se ni na vrsti po razporedu; preskoceno.
22:10:25     konec: Zaloga BT_STOCK
22:10:25  == Zaloga iz SAOP (kolicine) ==
22:10:26     [1] SAOP_GETSTOCKS (GetStocks): skladišč=4, zapisov=16, uporabljenih=16, v karanteni=0, RunId=2f1279bd-c2dd-417e-b204-9e57e19e9732.
22:10:30     [2] SAOP_GETSTOCKS (GetStocks): skladišč=1, zapisov=8774, uporabljenih=8774, v karanteni=0, RunId=2c1f7e20-fbac-48bc-b394-44492b4afae9.
22:10:32     [3] SAOP_REGISTERED_VIEW (RegisteredViewData): skladišč=0, zapisov=3073, uporabljenih=3073, v karanteni=0, RunId=d69c2a8c-d25b-4588-8fb4-05f05e7f67c3.
22:10:34     [4] SAOP_GETSTOCKS (GetStocks): skladišč=14, zapisov=3122, uporabljenih=3122, v karanteni=0, RunId=02825a9b-710e-41fd-be50-8167243d2c35.
22:10:34     konec: Zaloga iz SAOP (kolicine)
22:10:34  == Osvezitev cen kataloga ==
22:10:35     Živ SAOP zajem: podjetij=4, končnih točk=1, delta zajem, razpored=SAOP_PRICES.
22:10:35     [2] IQLighting (SAOP_IQLIGHTING)
22:10:58       GetPrices: strani=3 zapisov=149 — MEJNIK STOJI (SAOP je vrnil 149 zapisov, a so bili enaki že zajetim (dedup po hashu) — ta zagon nima česa preslikati); zapisi ostanejo v raw.Inbox in jih bo naslednji zagon zajel znova
22:10:58       SKUPAJ strani=3 zapisov=149 RunId=bc3147ae-a9b7-4f02-bbb4-8433fc66435a
22:10:58       OPOZORILO: v raw.Inbox ležijo nepreslikane vrstice iz prejšnjih zagonov: GetPrices=3. Preslikaj jih z --map-run <RunId tistega zagona>; poizvedba: SELECT DISTINCT RunId, EntityType FROM raw.Inbox WHERE Status=N'Pending';
22:10:58       OPOZORILO: pri 1 končnih točkah mejnik stoji. Zajeti podatek leži v raw.Inbox in ga bo naslednji zagon zajel znova; če ga hočeš preslikati brez ponovnega klica, uporabi --map-run bc3147ae-a9b7-4f02-bbb4-8433fc66435a.
22:10:58     [3] Vidadria (SAOP_VIDADRIA)
22:11:21       GetPrices: strani=5 zapisov=206 — MEJNIK STOJI (SAOP je vrnil 206 zapisov, a so bili enaki že zajetim (dedup po hashu) — ta zagon nima česa preslikati); zapisi ostanejo v raw.Inbox in jih bo naslednji zagon zajel znova
22:11:21       SKUPAJ strani=5 zapisov=206 RunId=26b3b794-4dfc-4c55-8381-c469672a7a8f
22:11:21       OPOZORILO: pri 1 končnih točkah mejnik stoji. Zajeti podatek leži v raw.Inbox in ga bo naslednji zagon zajel znova; če ga hočeš preslikati brez ponovnega klica, uporabi --map-run 26b3b794-4dfc-4c55-8381-c469672a7a8f.
22:11:21     [4] Ediito (SAOP_EDIITO)
22:11:29       GetPrices: strani=2 zapisov=17 — MEJNIK STOJI (SAOP je vrnil 17 zapisov, a so bili enaki že zajetim (dedup po hashu) — ta zagon nima česa preslikati); zapisi ostanejo v raw.Inbox in jih bo naslednji zagon zajel znova
22:11:29       SKUPAJ strani=2 zapisov=17 RunId=9ed8b84a-5667-41f9-bc36-47fca822d552
22:11:29       OPOZORILO: pri 1 končnih točkah mejnik stoji. Zajeti podatek leži v raw.Inbox in ga bo naslednji zagon zajel znova; če ga hočeš preslikati brez ponovnega klica, uporabi --map-run 9ed8b84a-5667-41f9-bc36-47fca822d552.
22:11:29     [1] DEMO (SAOP_DEMO)
22:11:34       GetPrices: strani=0 zapisov=0 [4,5 s]
22:11:34       SKUPAJ strani=0 zapisov=0 RunId=6bc14c12-dade-4b8c-a9f6-b8612937fe96
22:11:34     konec: Osvezitev cen kataloga
22:11:34  == Izvoz cen in zaloge za splet ==
22:11:44     Izvoz profila MAGENTO_STOCK_PRICES končan: 11435 vrstic v C:\Users\david\Desktop\PIM\NoviPIM\izvoz\magento\1
22:12:34     Izvoz profila MAGENTO_STOCK_PRICES končan: 89656 vrstic v C:\Users\david\Desktop\PIM\NoviPIM\izvoz\magento\2
22:12:50     Izvoz profila MAGENTO_STOCK_PRICES končan: 18683 vrstic v C:\Users\david\Desktop\PIM\NoviPIM\izvoz\magento\3
22:13:12     Izvoz profila MAGENTO_STOCK_PRICES končan: 35651 vrstic v C:\Users\david\Desktop\PIM\NoviPIM\izvoz\magento\4
22:13:13     konec: Izvoz cen in zaloge za splet
22:13:13  == Osvezitev kataloga in strank s cenami in zalogo (podjetje 2) ==
22:14:50     Magento CSV izvoz končan: C:\Users\david\Desktop\PIM\NoviPIM\PIM_Solution\izvoz\magento\2
22:14:50     konec: Osvezitev kataloga in strank s cenami in zalogo (podjetje 2)
22:14:50  Zalogovni cikel koncan; padlih korakov: 0.
22:15:15  == Zaloga NW_STOCK ==
22:15:16     [NW_STOCK] preskoceno: Razmik dobavitelja se tece; naslednji prenos po 17. 09. 2026 23:25.
22:15:16     Prevzem koncan: uspesno 0, neuspesno 0, skupaj virov 1.
22:15:17     Prebranih zapisov: 2762; SHA-256: e7500a55d7122007b8c59c6ee5daccdf1c1a1b0515869fa8adcb473405d91d1a
22:15:17     Ta posnetek je ze v bazi; vir=NW_STOCK, podjetje=1, cas posnetka=2026-09-17 19:25:17Z, uporabljenih=2762, v karanteni=0, RunId=b36b4d88-2b7e-4425-b658-20dc376c15d1. Zapisano ni bilo nic.
22:15:18     Prebranih zapisov: 2762; SHA-256: e7500a55d7122007b8c59c6ee5daccdf1c1a1b0515869fa8adcb473405d91d1a
22:15:18     Ta posnetek je ze v bazi; vir=NW_STOCK, podjetje=2, cas posnetka=2026-09-17 19:25:17Z, uporabljenih=2762, v karanteni=0, RunId=8435aff5-f1fe-45de-a2f8-b7519eb2354d. Zapisano ni bilo nic.
22:15:19     Prebranih zapisov: 2762; SHA-256: e7500a55d7122007b8c59c6ee5daccdf1c1a1b0515869fa8adcb473405d91d1a
22:15:19     Ta posnetek je ze v bazi; vir=NW_STOCK, podjetje=3, cas posnetka=2026-09-17 19:25:17Z, uporabljenih=2762, v karanteni=0, RunId=29fd2797-0569-4e5b-9eae-ed265f171fe0. Zapisano ni bilo nic.
22:15:20     Prebranih zapisov: 2762; SHA-256: e7500a55d7122007b8c59c6ee5daccdf1c1a1b0515869fa8adcb473405d91d1a
22:15:20     Ta posnetek je ze v bazi; vir=NW_STOCK, podjetje=4, cas posnetka=2026-09-17 19:25:17Z, uporabljenih=2762, v karanteni=0, RunId=007297d1-e0ec-4cf2-820d-4bd3a35699ac. Zapisano ni bilo nic.
22:15:20     konec: Zaloga NW_STOCK
22:15:20  == Zaloga BT_STOCK ==
22:15:21     SOURCE_FETCH: se ni na vrsti po razporedu; preskoceno.
22:15:22     Prebranih zapisov: 1389; SHA-256: 6698019c346705d3b9d19eee8d7a34a628cfee93615acac603b2d6f2cb666cdf
22:15:22     STOCK_FILE pri podjetju 1: se ni na vrsti po razporedu; preskoceno.
22:15:24     Prebranih zapisov: 1389; SHA-256: 6698019c346705d3b9d19eee8d7a34a628cfee93615acac603b2d6f2cb666cdf
22:15:24     STOCK_FILE pri podjetju 2: se ni na vrsti po razporedu; preskoceno.
22:15:25     Prebranih zapisov: 1389; SHA-256: 6698019c346705d3b9d19eee8d7a34a628cfee93615acac603b2d6f2cb666cdf
22:15:25     STOCK_FILE pri podjetju 3: se ni na vrsti po razporedu; preskoceno.
22:15:26     Prebranih zapisov: 1389; SHA-256: 6698019c346705d3b9d19eee8d7a34a628cfee93615acac603b2d6f2cb666cdf
22:15:26     STOCK_FILE pri podjetju 4: se ni na vrsti po razporedu; preskoceno.
22:15:26     konec: Zaloga BT_STOCK
22:15:26  == Zaloga iz SAOP (kolicine) ==
22:15:27     [1] SAOP_GETSTOCKS (GetStocks): skladišč=4, zapisov=16, uporabljenih=16, v karanteni=0, RunId=1623fd86-aaf1-454f-89db-37444c6a9706.
22:15:33     [2] SAOP_GETSTOCKS (GetStocks): skladišč=1, zapisov=8774, uporabljenih=8774, v karanteni=0, RunId=45ff5a02-6a26-457b-b6e7-46460598efdd.
22:15:35     [3] SAOP_REGISTERED_VIEW (RegisteredViewData): skladišč=0, zapisov=3073, uporabljenih=3073, v karanteni=0, RunId=4a784bf8-3db2-44eb-bb49-ab3a7ac93df4.
22:15:37     [4] SAOP_GETSTOCKS (GetStocks): skladišč=14, zapisov=3122, uporabljenih=3122, v karanteni=0, RunId=7b31d619-e092-4950-bc37-e8b100f1377d.
22:15:37     konec: Zaloga iz SAOP (kolicine)
22:15:37  == Osvezitev cen kataloga ==
22:15:38     Živ SAOP zajem: podjetij=4, končnih točk=1, delta zajem, razpored=SAOP_PRICES.
22:15:38     [2] IQLighting (SAOP_IQLIGHTING)
22:16:00       GetPrices: strani=3 zapisov=149 — MEJNIK STOJI (SAOP je vrnil 149 zapisov, a so bili enaki že zajetim (dedup po hashu) — ta zagon nima česa preslikati); zapisi ostanejo v raw.Inbox in jih bo naslednji zagon zajel znova
22:16:01       SKUPAJ strani=3 zapisov=149 RunId=bac1e6db-83a1-4f5f-9f36-395e4facfbac
22:16:01       OPOZORILO: v raw.Inbox ležijo nepreslikane vrstice iz prejšnjih zagonov: GetPrices=3. Preslikaj jih z --map-run <RunId tistega zagona>; poizvedba: SELECT DISTINCT RunId, EntityType FROM raw.Inbox WHERE Status=N'Pending';
22:16:01       OPOZORILO: pri 1 končnih točkah mejnik stoji. Zajeti podatek leži v raw.Inbox in ga bo naslednji zagon zajel znova; če ga hočeš preslikati brez ponovnega klica, uporabi --map-run bac1e6db-83a1-4f5f-9f36-395e4facfbac.
22:16:01     [3] Vidadria (SAOP_VIDADRIA)
22:16:24       GetPrices: strani=5 zapisov=206 — MEJNIK STOJI (SAOP je vrnil 206 zapisov, a so bili enaki že zajetim (dedup po hashu) — ta zagon nima česa preslikati); zapisi ostanejo v raw.Inbox in jih bo naslednji zagon zajel znova
22:16:24       SKUPAJ strani=5 zapisov=206 RunId=f3cb2972-8363-48ad-8282-096d004c7556
22:16:24       OPOZORILO: pri 1 končnih točkah mejnik stoji. Zajeti podatek leži v raw.Inbox in ga bo naslednji zagon zajel znova; če ga hočeš preslikati brez ponovnega klica, uporabi --map-run f3cb2972-8363-48ad-8282-096d004c7556.
22:16:24     [4] Ediito (SAOP_EDIITO)
22:16:32       GetPrices: strani=2 zapisov=17 — MEJNIK STOJI (SAOP je vrnil 17 zapisov, a so bili enaki že zajetim (dedup po hashu) — ta zagon nima česa preslikati); zapisi ostanejo v raw.Inbox in jih bo naslednji zagon zajel znova
22:16:33       SKUPAJ strani=2 zapisov=17 RunId=fc4330a4-f6bc-4832-ba18-09aab09b69c9
22:16:33       OPOZORILO: pri 1 končnih točkah mejnik stoji. Zajeti podatek leži v raw.Inbox in ga bo naslednji zagon zajel znova; če ga hočeš preslikati brez ponovnega klica, uporabi --map-run fc4330a4-f6bc-4832-ba18-09aab09b69c9.
22:16:33     [1] DEMO (SAOP_DEMO)
22:16:37       GetPrices: strani=0 zapisov=0 [4,5 s]
22:16:37       SKUPAJ strani=0 zapisov=0 RunId=43db7552-51b2-4329-bbce-4516a745d7b4
22:16:37     konec: Osvezitev cen kataloga
22:16:37  == Izvoz cen in zaloge za splet ==
22:16:51     Izvoz profila MAGENTO_STOCK_PRICES končan: 11435 vrstic v C:\Users\david\Desktop\PIM\NoviPIM\izvoz\magento\1
22:17:46     Izvoz profila MAGENTO_STOCK_PRICES končan: 89656 vrstic v C:\Users\david\Desktop\PIM\NoviPIM\izvoz\magento\2
22:18:02     Izvoz profila MAGENTO_STOCK_PRICES končan: 18683 vrstic v C:\Users\david\Desktop\PIM\NoviPIM\izvoz\magento\3
22:18:24     Izvoz profila MAGENTO_STOCK_PRICES končan: 35651 vrstic v C:\Users\david\Desktop\PIM\NoviPIM\izvoz\magento\4
22:18:24     konec: Izvoz cen in zaloge za splet
22:18:24  == Osvezitev kataloga in strank s cenami in zalogo (podjetje 2) ==
22:19:55     Magento CSV izvoz končan: C:\Users\david\Desktop\PIM\NoviPIM\PIM_Solution\izvoz\magento\2
22:19:55     konec: Osvezitev kataloga in strank s cenami in zalogo (podjetje 2)
22:19:55  Zalogovni cikel koncan; padlih korakov: 0.
22:20:15  == Zaloga NW_STOCK ==
22:20:16     SOURCE_FETCH: se ni na vrsti po razporedu; preskoceno.
22:20:17     Prebranih zapisov: 2762; SHA-256: e7500a55d7122007b8c59c6ee5daccdf1c1a1b0515869fa8adcb473405d91d1a
22:20:17     STOCK_FILE pri podjetju 1: se ni na vrsti po razporedu; preskoceno.
22:20:18     Prebranih zapisov: 2762; SHA-256: e7500a55d7122007b8c59c6ee5daccdf1c1a1b0515869fa8adcb473405d91d1a
22:20:18     STOCK_FILE pri podjetju 2: se ni na vrsti po razporedu; preskoceno.
22:20:19     Prebranih zapisov: 2762; SHA-256: e7500a55d7122007b8c59c6ee5daccdf1c1a1b0515869fa8adcb473405d91d1a
22:20:19     STOCK_FILE pri podjetju 3: se ni na vrsti po razporedu; preskoceno.
22:20:20     Prebranih zapisov: 2762; SHA-256: e7500a55d7122007b8c59c6ee5daccdf1c1a1b0515869fa8adcb473405d91d1a
22:20:20     STOCK_FILE pri podjetju 4: se ni na vrsti po razporedu; preskoceno.
22:20:20     konec: Zaloga NW_STOCK
22:20:20  == Zaloga BT_STOCK ==
22:20:21     [BT_STOCK] preskoceno: Razmik dobavitelja se tece; naslednji prenos po 17. 09. 2026 23:37.
22:20:21     Prevzem koncan: uspesno 0, neuspesno 0, skupaj virov 1.
22:20:21     Prebranih zapisov: 1389; SHA-256: 6698019c346705d3b9d19eee8d7a34a628cfee93615acac603b2d6f2cb666cdf
22:20:22     Ta posnetek je ze v bazi; vir=BT_STOCK, podjetje=1, cas posnetka=2026-09-17 15:07:47Z, uporabljenih=1389, v karanteni=0, RunId=29a79c20-8f70-4926-adba-027582a5633e. Zapisano ni bilo nic.
22:20:22     Prebranih zapisov: 1389; SHA-256: 6698019c346705d3b9d19eee8d7a34a628cfee93615acac603b2d6f2cb666cdf
22:20:23     Ta posnetek je ze v bazi; vir=BT_STOCK, podjetje=2, cas posnetka=2026-09-17 15:07:47Z, uporabljenih=1389, v karanteni=0, RunId=7f8b9bc6-9c94-4908-8368-ca840e90feb4. Zapisano ni bilo nic.
22:20:23     Prebranih zapisov: 1389; SHA-256: 6698019c346705d3b9d19eee8d7a34a628cfee93615acac603b2d6f2cb666cdf
22:20:24     Ta posnetek je ze v bazi; vir=BT_STOCK, podjetje=3, cas posnetka=2026-09-17 15:07:47Z, uporabljenih=1389, v karanteni=0, RunId=69e4e351-dc8f-4b85-9bd5-72cf28d35906. Zapisano ni bilo nic.
22:20:24     Prebranih zapisov: 1389; SHA-256: 6698019c346705d3b9d19eee8d7a34a628cfee93615acac603b2d6f2cb666cdf
22:20:25     Ta posnetek je ze v bazi; vir=BT_STOCK, podjetje=4, cas posnetka=2026-09-17 15:07:47Z, uporabljenih=1389, v karanteni=0, RunId=4826bbfa-159c-452a-bff7-0b106ff82ed5. Zapisano ni bilo nic.
22:20:25     konec: Zaloga BT_STOCK
22:20:25  == Zaloga iz SAOP (kolicine) ==
22:20:26     [1] SAOP_STOCK: se ni na vrsti po razporedu; preskoceno.
22:20:26     [2] SAOP_STOCK: se ni na vrsti po razporedu; preskoceno.
22:20:26     [3] SAOP_STOCK: se ni na vrsti po razporedu; preskoceno.
22:20:26     [4] SAOP_STOCK: se ni na vrsti po razporedu; preskoceno.
22:20:26     konec: Zaloga iz SAOP (kolicine)
22:20:26  == Osvezitev cen kataloga ==
22:20:26     Živ SAOP zajem: podjetij=4, končnih točk=1, delta zajem, razpored=SAOP_PRICES.
22:20:26     [2] IQLighting (SAOP_IQLIGHTING)
22:20:49       GetPrices: strani=3 zapisov=149 — MEJNIK STOJI (SAOP je vrnil 149 zapisov, a so bili enaki že zajetim (dedup po hashu) — ta zagon nima česa preslikati); zapisi ostanejo v raw.Inbox in jih bo naslednji zagon zajel znova
22:20:49       SKUPAJ strani=3 zapisov=149 RunId=5bbee34c-6bde-4c22-99c8-d4def3194ed8
22:20:49       OPOZORILO: v raw.Inbox ležijo nepreslikane vrstice iz prejšnjih zagonov: GetPrices=3. Preslikaj jih z --map-run <RunId tistega zagona>; poizvedba: SELECT DISTINCT RunId, EntityType FROM raw.Inbox WHERE Status=N'Pending';
22:20:49       OPOZORILO: pri 1 končnih točkah mejnik stoji. Zajeti podatek leži v raw.Inbox in ga bo naslednji zagon zajel znova; če ga hočeš preslikati brez ponovnega klica, uporabi --map-run 5bbee34c-6bde-4c22-99c8-d4def3194ed8.
22:20:49     [3] Vidadria (SAOP_VIDADRIA)
22:21:12       GetPrices: strani=5 zapisov=206 — MEJNIK STOJI (SAOP je vrnil 206 zapisov, a so bili enaki že zajetim (dedup po hashu) — ta zagon nima česa preslikati); zapisi ostanejo v raw.Inbox in jih bo naslednji zagon zajel znova
22:21:12       SKUPAJ strani=5 zapisov=206 RunId=830e9d71-09ca-4caa-92a5-65e5e087bd01
22:21:12       OPOZORILO: pri 1 končnih točkah mejnik stoji. Zajeti podatek leži v raw.Inbox in ga bo naslednji zagon zajel znova; če ga hočeš preslikati brez ponovnega klica, uporabi --map-run 830e9d71-09ca-4caa-92a5-65e5e087bd01.
22:21:12     [4] Ediito (SAOP_EDIITO)
22:21:19       GetPrices: strani=2 zapisov=17 — MEJNIK STOJI (SAOP je vrnil 17 zapisov, a so bili enaki že zajetim (dedup po hashu) — ta zagon nima česa preslikati); zapisi ostanejo v raw.Inbox in jih bo naslednji zagon zajel znova
22:21:19       SKUPAJ strani=2 zapisov=17 RunId=5cae4141-aa57-44bb-a723-6bf7a046ebae
22:21:19       OPOZORILO: pri 1 končnih točkah mejnik stoji. Zajeti podatek leži v raw.Inbox in ga bo naslednji zagon zajel znova; če ga hočeš preslikati brez ponovnega klica, uporabi --map-run 5cae4141-aa57-44bb-a723-6bf7a046ebae.
22:21:19     [1] DEMO (SAOP_DEMO)
22:21:25       GetPrices: strani=0 zapisov=0 [5,2 s]
22:21:25       SKUPAJ strani=0 zapisov=0 RunId=8be63406-09c3-4291-a999-9d6e0616ed29
22:21:25     konec: Osvezitev cen kataloga
22:21:25  == Izvoz cen in zaloge za splet ==
22:21:34     Izvoz profila MAGENTO_STOCK_PRICES končan: 11435 vrstic v C:\Users\david\Desktop\PIM\NoviPIM\izvoz\magento\1
22:22:25     Izvoz profila MAGENTO_STOCK_PRICES končan: 89656 vrstic v C:\Users\david\Desktop\PIM\NoviPIM\izvoz\magento\2
22:22:41     Izvoz profila MAGENTO_STOCK_PRICES končan: 18683 vrstic v C:\Users\david\Desktop\PIM\NoviPIM\izvoz\magento\3
22:23:03     Izvoz profila MAGENTO_STOCK_PRICES končan: 35651 vrstic v C:\Users\david\Desktop\PIM\NoviPIM\izvoz\magento\4
22:23:03     konec: Izvoz cen in zaloge za splet
22:23:03  == Osvezitev kataloga in strank s cenami in zalogo (podjetje 2) ==
22:24:33     Magento CSV izvoz končan: C:\Users\david\Desktop\PIM\NoviPIM\PIM_Solution\izvoz\magento\2
22:24:33     konec: Osvezitev kataloga in strank s cenami in zalogo (podjetje 2)
22:24:33  Zalogovni cikel koncan; padlih korakov: 0.
22:25:15  == Zaloga NW_STOCK ==
22:25:16     SOURCE_FETCH: se ni na vrsti po razporedu; preskoceno.
22:25:17     Prebranih zapisov: 2762; SHA-256: e7500a55d7122007b8c59c6ee5daccdf1c1a1b0515869fa8adcb473405d91d1a
22:25:17     STOCK_FILE pri podjetju 1: se ni na vrsti po razporedu; preskoceno.
22:25:18     Prebranih zapisov: 2762; SHA-256: e7500a55d7122007b8c59c6ee5daccdf1c1a1b0515869fa8adcb473405d91d1a
22:25:18     STOCK_FILE pri podjetju 2: se ni na vrsti po razporedu; preskoceno.
22:25:19     Prebranih zapisov: 2762; SHA-256: e7500a55d7122007b8c59c6ee5daccdf1c1a1b0515869fa8adcb473405d91d1a
22:25:19     STOCK_FILE pri podjetju 3: se ni na vrsti po razporedu; preskoceno.
22:25:20     Prebranih zapisov: 2762; SHA-256: e7500a55d7122007b8c59c6ee5daccdf1c1a1b0515869fa8adcb473405d91d1a
22:25:20     STOCK_FILE pri podjetju 4: se ni na vrsti po razporedu; preskoceno.
22:25:20     konec: Zaloga NW_STOCK
22:25:20  == Zaloga BT_STOCK ==
22:25:21     SOURCE_FETCH: se ni na vrsti po razporedu; preskoceno.
22:25:21     Prebranih zapisov: 1389; SHA-256: 6698019c346705d3b9d19eee8d7a34a628cfee93615acac603b2d6f2cb666cdf
22:25:22     STOCK_FILE pri podjetju 1: se ni na vrsti po razporedu; preskoceno.
22:25:22     Prebranih zapisov: 1389; SHA-256: 6698019c346705d3b9d19eee8d7a34a628cfee93615acac603b2d6f2cb666cdf
22:25:23     STOCK_FILE pri podjetju 2: se ni na vrsti po razporedu; preskoceno.
22:25:23     Prebranih zapisov: 1389; SHA-256: 6698019c346705d3b9d19eee8d7a34a628cfee93615acac603b2d6f2cb666cdf
22:25:24     STOCK_FILE pri podjetju 3: se ni na vrsti po razporedu; preskoceno.
22:25:24     Prebranih zapisov: 1389; SHA-256: 6698019c346705d3b9d19eee8d7a34a628cfee93615acac603b2d6f2cb666cdf
22:25:25     STOCK_FILE pri podjetju 4: se ni na vrsti po razporedu; preskoceno.
22:25:25     konec: Zaloga BT_STOCK
22:25:25  == Zaloga iz SAOP (kolicine) ==
22:25:26     [1] SAOP_GETSTOCKS (GetStocks): skladišč=4, zapisov=16, uporabljenih=16, v karanteni=0, RunId=5b591ea0-6240-464b-9d3e-7fd4d0d5efc2.
22:25:30     [2] SAOP_GETSTOCKS (GetStocks): skladišč=1, zapisov=8774, uporabljenih=8774, v karanteni=0, RunId=0a93d6d2-bd7b-42e9-8519-c9beb4d073c2.
22:25:32     [3] SAOP_REGISTERED_VIEW (RegisteredViewData): skladišč=0, zapisov=3073, uporabljenih=3073, v karanteni=0, RunId=7cf1d9c8-d288-497f-aa48-024366724d42.
22:25:34     [4] SAOP_GETSTOCKS (GetStocks): skladišč=14, zapisov=3122, uporabljenih=3122, v karanteni=0, RunId=cbb47aa1-3029-44e8-a855-4f0fe87f7dc9.
22:25:34     konec: Zaloga iz SAOP (kolicine)
22:25:34  == Osvezitev cen kataloga ==
22:25:34     Živ SAOP zajem: podjetij=4, končnih točk=1, delta zajem, razpored=SAOP_PRICES.
22:25:34     [2] IQLighting (SAOP_IQLIGHTING)
22:25:56       GetPrices: strani=3 zapisov=149 — MEJNIK STOJI (SAOP je vrnil 149 zapisov, a so bili enaki že zajetim (dedup po hashu) — ta zagon nima česa preslikati); zapisi ostanejo v raw.Inbox in jih bo naslednji zagon zajel znova
22:25:56       SKUPAJ strani=3 zapisov=149 RunId=5d69c0ec-d902-4975-91f0-8eb4129950e9
22:25:56       OPOZORILO: v raw.Inbox ležijo nepreslikane vrstice iz prejšnjih zagonov: GetPrices=3. Preslikaj jih z --map-run <RunId tistega zagona>; poizvedba: SELECT DISTINCT RunId, EntityType FROM raw.Inbox WHERE Status=N'Pending';
22:25:56       OPOZORILO: pri 1 končnih točkah mejnik stoji. Zajeti podatek leži v raw.Inbox in ga bo naslednji zagon zajel znova; če ga hočeš preslikati brez ponovnega klica, uporabi --map-run 5d69c0ec-d902-4975-91f0-8eb4129950e9.
22:25:56     [3] Vidadria (SAOP_VIDADRIA)
22:26:18       GetPrices: strani=5 zapisov=206 — MEJNIK STOJI (SAOP je vrnil 206 zapisov, a so bili enaki že zajetim (dedup po hashu) — ta zagon nima česa preslikati); zapisi ostanejo v raw.Inbox in jih bo naslednji zagon zajel znova
22:26:18       SKUPAJ strani=5 zapisov=206 RunId=25c2354c-0a40-44cf-b9e9-e5f0f934eec1
22:26:18       OPOZORILO: pri 1 končnih točkah mejnik stoji. Zajeti podatek leži v raw.Inbox in ga bo naslednji zagon zajel znova; če ga hočeš preslikati brez ponovnega klica, uporabi --map-run 25c2354c-0a40-44cf-b9e9-e5f0f934eec1.
22:26:18     [4] Ediito (SAOP_EDIITO)
22:26:25       GetPrices: strani=2 zapisov=17 — MEJNIK STOJI (SAOP je vrnil 17 zapisov, a so bili enaki že zajetim (dedup po hashu) — ta zagon nima česa preslikati); zapisi ostanejo v raw.Inbox in jih bo naslednji zagon zajel znova
22:26:25       SKUPAJ strani=2 zapisov=17 RunId=ec54a870-f83a-496f-9480-76bc42bcea60
22:26:25       OPOZORILO: pri 1 končnih točkah mejnik stoji. Zajeti podatek leži v raw.Inbox in ga bo naslednji zagon zajel znova; če ga hočeš preslikati brez ponovnega klica, uporabi --map-run ec54a870-f83a-496f-9480-76bc42bcea60.
22:26:25     [1] DEMO (SAOP_DEMO)
22:26:30       GetPrices: strani=0 zapisov=0 [4,1 s]
22:26:30       SKUPAJ strani=0 zapisov=0 RunId=fa13c96f-944f-49e4-9e31-65655a736240
22:26:30     konec: Osvezitev cen kataloga
22:26:30  == Izvoz cen in zaloge za splet ==
22:26:39     Izvoz profila MAGENTO_STOCK_PRICES končan: 11435 vrstic v C:\Users\david\Desktop\PIM\NoviPIM\izvoz\magento\1
22:27:30     Izvoz profila MAGENTO_STOCK_PRICES končan: 89656 vrstic v C:\Users\david\Desktop\PIM\NoviPIM\izvoz\magento\2
22:27:46     Izvoz profila MAGENTO_STOCK_PRICES končan: 18683 vrstic v C:\Users\david\Desktop\PIM\NoviPIM\izvoz\magento\3
22:28:08     Izvoz profila MAGENTO_STOCK_PRICES končan: 35651 vrstic v C:\Users\david\Desktop\PIM\NoviPIM\izvoz\magento\4
22:28:08     konec: Izvoz cen in zaloge za splet
22:28:08  == Osvezitev kataloga in strank s cenami in zalogo (podjetje 2) ==
22:29:38     Magento CSV izvoz končan: C:\Users\david\Desktop\PIM\NoviPIM\PIM_Solution\izvoz\magento\2
22:29:39     konec: Osvezitev kataloga in strank s cenami in zalogo (podjetje 2)
22:29:39  Zalogovni cikel koncan; padlih korakov: 0.
22:30:15  == Zaloga NW_STOCK ==
22:30:16     [NW_STOCK] preskoceno: Razmik dobavitelja se tece; naslednji prenos po 17. 09. 2026 23:25.
22:30:16     Prevzem koncan: uspesno 0, neuspesno 0, skupaj virov 1.
22:30:17     Prebranih zapisov: 2762; SHA-256: e7500a55d7122007b8c59c6ee5daccdf1c1a1b0515869fa8adcb473405d91d1a
22:30:17     Ta posnetek je ze v bazi; vir=NW_STOCK, podjetje=1, cas posnetka=2026-09-17 19:25:17Z, uporabljenih=2762, v karanteni=0, RunId=b36b4d88-2b7e-4425-b658-20dc376c15d1. Zapisano ni bilo nic.
22:30:18     Prebranih zapisov: 2762; SHA-256: e7500a55d7122007b8c59c6ee5daccdf1c1a1b0515869fa8adcb473405d91d1a
22:30:18     Ta posnetek je ze v bazi; vir=NW_STOCK, podjetje=2, cas posnetka=2026-09-17 19:25:17Z, uporabljenih=2762, v karanteni=0, RunId=8435aff5-f1fe-45de-a2f8-b7519eb2354d. Zapisano ni bilo nic.
22:30:19     Prebranih zapisov: 2762; SHA-256: e7500a55d7122007b8c59c6ee5daccdf1c1a1b0515869fa8adcb473405d91d1a
22:30:19     Ta posnetek je ze v bazi; vir=NW_STOCK, podjetje=3, cas posnetka=2026-09-17 19:25:17Z, uporabljenih=2762, v karanteni=0, RunId=29fd2797-0569-4e5b-9eae-ed265f171fe0. Zapisano ni bilo nic.
22:30:20     Prebranih zapisov: 2762; SHA-256: e7500a55d7122007b8c59c6ee5daccdf1c1a1b0515869fa8adcb473405d91d1a
22:30:20     Ta posnetek je ze v bazi; vir=NW_STOCK, podjetje=4, cas posnetka=2026-09-17 19:25:17Z, uporabljenih=2762, v karanteni=0, RunId=007297d1-e0ec-4cf2-820d-4bd3a35699ac. Zapisano ni bilo nic.
22:30:20     konec: Zaloga NW_STOCK
22:30:20  == Zaloga BT_STOCK ==
22:30:21     SOURCE_FETCH: se ni na vrsti po razporedu; preskoceno.
22:30:22     Prebranih zapisov: 1389; SHA-256: 6698019c346705d3b9d19eee8d7a34a628cfee93615acac603b2d6f2cb666cdf
22:30:22     STOCK_FILE pri podjetju 1: se ni na vrsti po razporedu; preskoceno.
22:30:23     Prebranih zapisov: 1389; SHA-256: 6698019c346705d3b9d19eee8d7a34a628cfee93615acac603b2d6f2cb666cdf
22:30:23     STOCK_FILE pri podjetju 2: se ni na vrsti po razporedu; preskoceno.
22:30:24     Prebranih zapisov: 1389; SHA-256: 6698019c346705d3b9d19eee8d7a34a628cfee93615acac603b2d6f2cb666cdf
22:30:24     STOCK_FILE pri podjetju 3: se ni na vrsti po razporedu; preskoceno.
22:30:25     Prebranih zapisov: 1389; SHA-256: 6698019c346705d3b9d19eee8d7a34a628cfee93615acac603b2d6f2cb666cdf
22:30:25     STOCK_FILE pri podjetju 4: se ni na vrsti po razporedu; preskoceno.
22:30:25     konec: Zaloga BT_STOCK
22:30:25  == Zaloga iz SAOP (kolicine) ==
22:30:26     [1] SAOP_GETSTOCKS (GetStocks): skladišč=4, zapisov=16, uporabljenih=16, v karanteni=0, RunId=fa0f2575-e273-4eca-9a6f-a9f45f8b45b3.
22:30:30     [2] SAOP_GETSTOCKS (GetStocks): skladišč=1, zapisov=8774, uporabljenih=8774, v karanteni=0, RunId=5cd85514-3d5f-432f-a29a-3a349f8cc3ae.
22:30:32     [3] SAOP_REGISTERED_VIEW (RegisteredViewData): skladišč=0, zapisov=3073, uporabljenih=3073, v karanteni=0, RunId=298c8a0c-1e28-46c9-948d-1afab005b616.
22:30:34     [4] SAOP_GETSTOCKS (GetStocks): skladišč=14, zapisov=3122, uporabljenih=3122, v karanteni=0, RunId=f7bb296e-7887-458a-8058-fbe4bf84b461.
22:30:34     konec: Zaloga iz SAOP (kolicine)
22:30:34  == Osvezitev cen kataloga ==
22:30:35     Živ SAOP zajem: podjetij=4, končnih točk=1, delta zajem, razpored=SAOP_PRICES.
22:30:35     [2] IQLighting (SAOP_IQLIGHTING)
22:30:56       GetPrices: strani=3 zapisov=149 — MEJNIK STOJI (SAOP je vrnil 149 zapisov, a so bili enaki že zajetim (dedup po hashu) — ta zagon nima česa preslikati); zapisi ostanejo v raw.Inbox in jih bo naslednji zagon zajel znova
22:30:56       SKUPAJ strani=3 zapisov=149 RunId=7c613bea-222c-433c-bbe1-0b1cfe423147
22:30:56       OPOZORILO: v raw.Inbox ležijo nepreslikane vrstice iz prejšnjih zagonov: GetPrices=3. Preslikaj jih z --map-run <RunId tistega zagona>; poizvedba: SELECT DISTINCT RunId, EntityType FROM raw.Inbox WHERE Status=N'Pending';
22:30:56       OPOZORILO: pri 1 končnih točkah mejnik stoji. Zajeti podatek leži v raw.Inbox in ga bo naslednji zagon zajel znova; če ga hočeš preslikati brez ponovnega klica, uporabi --map-run 7c613bea-222c-433c-bbe1-0b1cfe423147.
22:30:56     [3] Vidadria (SAOP_VIDADRIA)
22:31:19       GetPrices: strani=5 zapisov=206 — MEJNIK STOJI (SAOP je vrnil 206 zapisov, a so bili enaki že zajetim (dedup po hashu) — ta zagon nima česa preslikati); zapisi ostanejo v raw.Inbox in jih bo naslednji zagon zajel znova
22:31:19       SKUPAJ strani=5 zapisov=206 RunId=4b576dc2-5cc0-4c5d-a7a5-7b66ddf483be
22:31:19       OPOZORILO: pri 1 končnih točkah mejnik stoji. Zajeti podatek leži v raw.Inbox in ga bo naslednji zagon zajel znova; če ga hočeš preslikati brez ponovnega klica, uporabi --map-run 4b576dc2-5cc0-4c5d-a7a5-7b66ddf483be.
22:31:19     [4] Ediito (SAOP_EDIITO)
22:31:26       GetPrices: strani=2 zapisov=17 — MEJNIK STOJI (SAOP je vrnil 17 zapisov, a so bili enaki že zajetim (dedup po hashu) — ta zagon nima česa preslikati); zapisi ostanejo v raw.Inbox in jih bo naslednji zagon zajel znova
22:31:26       SKUPAJ strani=2 zapisov=17 RunId=53b21acf-aef0-4d6b-9e38-21d3f644f43a
22:31:26       OPOZORILO: pri 1 končnih točkah mejnik stoji. Zajeti podatek leži v raw.Inbox in ga bo naslednji zagon zajel znova; če ga hočeš preslikati brez ponovnega klica, uporabi --map-run 53b21acf-aef0-4d6b-9e38-21d3f644f43a.
22:31:26     [1] DEMO (SAOP_DEMO)
22:31:31       GetPrices: strani=0 zapisov=0 [4,3 s]
22:31:31       SKUPAJ strani=0 zapisov=0 RunId=5188da96-2e55-4705-bbf2-af31f1e5e8a0
22:31:31     konec: Osvezitev cen kataloga
22:31:31  == Izvoz cen in zaloge za splet ==
22:31:40     Izvoz profila MAGENTO_STOCK_PRICES končan: 11435 vrstic v C:\Users\david\Desktop\PIM\NoviPIM\izvoz\magento\1
22:32:31     Izvoz profila MAGENTO_STOCK_PRICES končan: 89656 vrstic v C:\Users\david\Desktop\PIM\NoviPIM\izvoz\magento\2
22:32:46     Izvoz profila MAGENTO_STOCK_PRICES končan: 18683 vrstic v C:\Users\david\Desktop\PIM\NoviPIM\izvoz\magento\3
22:33:09     Izvoz profila MAGENTO_STOCK_PRICES končan: 35651 vrstic v C:\Users\david\Desktop\PIM\NoviPIM\izvoz\magento\4
22:33:09     konec: Izvoz cen in zaloge za splet
22:33:09  == Osvezitev kataloga in strank s cenami in zalogo (podjetje 2) ==
22:34:39     Magento CSV izvoz končan: C:\Users\david\Desktop\PIM\NoviPIM\PIM_Solution\izvoz\magento\2
22:34:39     konec: Osvezitev kataloga in strank s cenami in zalogo (podjetje 2)
22:34:39  Zalogovni cikel koncan; padlih korakov: 0.
22:35:15  == Zaloga NW_STOCK ==
22:35:16     [NW_STOCK] preskoceno: Razmik dobavitelja se tece; naslednji prenos po 17. 09. 2026 23:25.
22:35:16     Prevzem koncan: uspesno 0, neuspesno 0, skupaj virov 1.
22:35:17     Prebranih zapisov: 2762; SHA-256: e7500a55d7122007b8c59c6ee5daccdf1c1a1b0515869fa8adcb473405d91d1a
22:35:17     Ta posnetek je ze v bazi; vir=NW_STOCK, podjetje=1, cas posnetka=2026-09-17 19:25:17Z, uporabljenih=2762, v karanteni=0, RunId=b36b4d88-2b7e-4425-b658-20dc376c15d1. Zapisano ni bilo nic.
22:35:18     Prebranih zapisov: 2762; SHA-256: e7500a55d7122007b8c59c6ee5daccdf1c1a1b0515869fa8adcb473405d91d1a
22:35:18     Ta posnetek je ze v bazi; vir=NW_STOCK, podjetje=2, cas posnetka=2026-09-17 19:25:17Z, uporabljenih=2762, v karanteni=0, RunId=8435aff5-f1fe-45de-a2f8-b7519eb2354d. Zapisano ni bilo nic.
22:35:19     Prebranih zapisov: 2762; SHA-256: e7500a55d7122007b8c59c6ee5daccdf1c1a1b0515869fa8adcb473405d91d1a
22:35:19     Ta posnetek je ze v bazi; vir=NW_STOCK, podjetje=3, cas posnetka=2026-09-17 19:25:17Z, uporabljenih=2762, v karanteni=0, RunId=29fd2797-0569-4e5b-9eae-ed265f171fe0. Zapisano ni bilo nic.
22:35:20     Prebranih zapisov: 2762; SHA-256: e7500a55d7122007b8c59c6ee5daccdf1c1a1b0515869fa8adcb473405d91d1a
22:35:20     Ta posnetek je ze v bazi; vir=NW_STOCK, podjetje=4, cas posnetka=2026-09-17 19:25:17Z, uporabljenih=2762, v karanteni=0, RunId=007297d1-e0ec-4cf2-820d-4bd3a35699ac. Zapisano ni bilo nic.
22:35:20     konec: Zaloga NW_STOCK
22:35:20  == Zaloga BT_STOCK ==
22:35:21     SOURCE_FETCH: se ni na vrsti po razporedu; preskoceno.
22:35:22     Prebranih zapisov: 1389; SHA-256: 6698019c346705d3b9d19eee8d7a34a628cfee93615acac603b2d6f2cb666cdf
22:35:22     STOCK_FILE pri podjetju 1: se ni na vrsti po razporedu; preskoceno.
22:35:23     Prebranih zapisov: 1389; SHA-256: 6698019c346705d3b9d19eee8d7a34a628cfee93615acac603b2d6f2cb666cdf
22:35:23     STOCK_FILE pri podjetju 2: se ni na vrsti po razporedu; preskoceno.
22:35:24     Prebranih zapisov: 1389; SHA-256: 6698019c346705d3b9d19eee8d7a34a628cfee93615acac603b2d6f2cb666cdf
22:35:24     STOCK_FILE pri podjetju 3: se ni na vrsti po razporedu; preskoceno.
22:35:25     Prebranih zapisov: 1389; SHA-256: 6698019c346705d3b9d19eee8d7a34a628cfee93615acac603b2d6f2cb666cdf
22:35:25     STOCK_FILE pri podjetju 4: se ni na vrsti po razporedu; preskoceno.
22:35:25     konec: Zaloga BT_STOCK
22:35:25  == Zaloga iz SAOP (kolicine) ==
22:35:26     [1] SAOP_GETSTOCKS (GetStocks): skladišč=4, zapisov=16, uporabljenih=16, v karanteni=0, RunId=98442ce1-d429-48b2-8c79-8f1350af7bab.
22:35:30     [2] SAOP_GETSTOCKS (GetStocks): skladišč=1, zapisov=8774, uporabljenih=8774, v karanteni=0, RunId=31360a0d-c056-4bcb-9b61-f203128a7860.
22:35:30     [3] SAOP_STOCK: se ni na vrsti po razporedu; preskoceno.
22:35:30     [4] SAOP_STOCK: se ni na vrsti po razporedu; preskoceno.
22:35:30     konec: Zaloga iz SAOP (kolicine)
22:35:30  == Osvezitev cen kataloga ==
22:35:31     Živ SAOP zajem: podjetij=4, končnih točk=1, delta zajem, razpored=SAOP_PRICES.
22:35:31     [2] IQLighting (SAOP_IQLIGHTING)
22:35:52       GetPrices: strani=3 zapisov=149 — MEJNIK STOJI (SAOP je vrnil 149 zapisov, a so bili enaki že zajetim (dedup po hashu) — ta zagon nima česa preslikati); zapisi ostanejo v raw.Inbox in jih bo naslednji zagon zajel znova
22:35:52       SKUPAJ strani=3 zapisov=149 RunId=aa86f98a-85b9-4a43-b2fa-27b5f1d47a2a
22:35:52       OPOZORILO: v raw.Inbox ležijo nepreslikane vrstice iz prejšnjih zagonov: GetPrices=3. Preslikaj jih z --map-run <RunId tistega zagona>; poizvedba: SELECT DISTINCT RunId, EntityType FROM raw.Inbox WHERE Status=N'Pending';
22:35:52       OPOZORILO: pri 1 končnih točkah mejnik stoji. Zajeti podatek leži v raw.Inbox in ga bo naslednji zagon zajel znova; če ga hočeš preslikati brez ponovnega klica, uporabi --map-run aa86f98a-85b9-4a43-b2fa-27b5f1d47a2a.
22:35:52     [3] Vidadria (SAOP_VIDADRIA)
22:36:14       GetPrices: strani=5 zapisov=206 — MEJNIK STOJI (SAOP je vrnil 206 zapisov, a so bili enaki že zajetim (dedup po hashu) — ta zagon nima česa preslikati); zapisi ostanejo v raw.Inbox in jih bo naslednji zagon zajel znova
22:36:14       SKUPAJ strani=5 zapisov=206 RunId=3ec39468-cbfc-414a-b5ab-23d6a815b359
22:36:14       OPOZORILO: pri 1 končnih točkah mejnik stoji. Zajeti podatek leži v raw.Inbox in ga bo naslednji zagon zajel znova; če ga hočeš preslikati brez ponovnega klica, uporabi --map-run 3ec39468-cbfc-414a-b5ab-23d6a815b359.
22:36:14     [4] Ediito (SAOP_EDIITO)
22:36:21       GetPrices: strani=2 zapisov=17 — MEJNIK STOJI (SAOP je vrnil 17 zapisov, a so bili enaki že zajetim (dedup po hashu) — ta zagon nima česa preslikati); zapisi ostanejo v raw.Inbox in jih bo naslednji zagon zajel znova
22:36:22       SKUPAJ strani=2 zapisov=17 RunId=8a5636e6-97c5-4cac-94e2-dd901e62b725
22:36:22       OPOZORILO: pri 1 končnih točkah mejnik stoji. Zajeti podatek leži v raw.Inbox in ga bo naslednji zagon zajel znova; če ga hočeš preslikati brez ponovnega klica, uporabi --map-run 8a5636e6-97c5-4cac-94e2-dd901e62b725.
22:36:22     [1] DEMO (SAOP_DEMO)
22:36:26       GetPrices: strani=0 zapisov=0 [4,3 s]
22:36:26       SKUPAJ strani=0 zapisov=0 RunId=7bc3f5e7-6877-4a26-b65e-43898d762e43
22:36:26     konec: Osvezitev cen kataloga
22:36:26  == Izvoz cen in zaloge za splet ==
22:36:36     Izvoz profila MAGENTO_STOCK_PRICES končan: 11435 vrstic v C:\Users\david\Desktop\PIM\NoviPIM\izvoz\magento\1
22:37:26     Izvoz profila MAGENTO_STOCK_PRICES končan: 89656 vrstic v C:\Users\david\Desktop\PIM\NoviPIM\izvoz\magento\2
22:37:42     Izvoz profila MAGENTO_STOCK_PRICES končan: 18683 vrstic v C:\Users\david\Desktop\PIM\NoviPIM\izvoz\magento\3
22:38:05     Izvoz profila MAGENTO_STOCK_PRICES končan: 35651 vrstic v C:\Users\david\Desktop\PIM\NoviPIM\izvoz\magento\4
22:38:05     konec: Izvoz cen in zaloge za splet
22:38:05  == Osvezitev kataloga in strank s cenami in zalogo (podjetje 2) ==
22:39:35     Magento CSV izvoz končan: C:\Users\david\Desktop\PIM\NoviPIM\PIM_Solution\izvoz\magento\2
22:39:35     konec: Osvezitev kataloga in strank s cenami in zalogo (podjetje 2)
22:39:35  Zalogovni cikel koncan; padlih korakov: 0.
22:40:15  == Zaloga NW_STOCK ==
22:40:16     SOURCE_FETCH: se ni na vrsti po razporedu; preskoceno.
22:40:17     Prebranih zapisov: 2762; SHA-256: e7500a55d7122007b8c59c6ee5daccdf1c1a1b0515869fa8adcb473405d91d1a
22:40:17     STOCK_FILE pri podjetju 1: se ni na vrsti po razporedu; preskoceno.
22:40:18     Prebranih zapisov: 2762; SHA-256: e7500a55d7122007b8c59c6ee5daccdf1c1a1b0515869fa8adcb473405d91d1a
22:40:18     STOCK_FILE pri podjetju 2: se ni na vrsti po razporedu; preskoceno.
22:40:19     Prebranih zapisov: 2762; SHA-256: e7500a55d7122007b8c59c6ee5daccdf1c1a1b0515869fa8adcb473405d91d1a
22:40:19     STOCK_FILE pri podjetju 3: se ni na vrsti po razporedu; preskoceno.
22:40:20     Prebranih zapisov: 2762; SHA-256: e7500a55d7122007b8c59c6ee5daccdf1c1a1b0515869fa8adcb473405d91d1a
22:40:20     STOCK_FILE pri podjetju 4: se ni na vrsti po razporedu; preskoceno.
22:40:20     konec: Zaloga NW_STOCK
22:40:20  == Zaloga BT_STOCK ==
22:40:21     [BT_STOCK] preskoceno: Razmik dobavitelja se tece; naslednji prenos po 17. 09. 2026 23:37.
22:40:21     Prevzem koncan: uspesno 0, neuspesno 0, skupaj virov 1.
22:40:21     Prebranih zapisov: 1389; SHA-256: 6698019c346705d3b9d19eee8d7a34a628cfee93615acac603b2d6f2cb666cdf
22:40:22     Ta posnetek je ze v bazi; vir=BT_STOCK, podjetje=1, cas posnetka=2026-09-17 15:07:47Z, uporabljenih=1389, v karanteni=0, RunId=29a79c20-8f70-4926-adba-027582a5633e. Zapisano ni bilo nic.
22:40:22     Prebranih zapisov: 1389; SHA-256: 6698019c346705d3b9d19eee8d7a34a628cfee93615acac603b2d6f2cb666cdf
22:40:23     Ta posnetek je ze v bazi; vir=BT_STOCK, podjetje=2, cas posnetka=2026-09-17 15:07:47Z, uporabljenih=1389, v karanteni=0, RunId=7f8b9bc6-9c94-4908-8368-ca840e90feb4. Zapisano ni bilo nic.
22:40:23     Prebranih zapisov: 1389; SHA-256: 6698019c346705d3b9d19eee8d7a34a628cfee93615acac603b2d6f2cb666cdf
22:40:24     Ta posnetek je ze v bazi; vir=BT_STOCK, podjetje=3, cas posnetka=2026-09-17 15:07:47Z, uporabljenih=1389, v karanteni=0, RunId=69e4e351-dc8f-4b85-9bd5-72cf28d35906. Zapisano ni bilo nic.
22:40:24     Prebranih zapisov: 1389; SHA-256: 6698019c346705d3b9d19eee8d7a34a628cfee93615acac603b2d6f2cb666cdf
22:40:25     Ta posnetek je ze v bazi; vir=BT_STOCK, podjetje=4, cas posnetka=2026-09-17 15:07:47Z, uporabljenih=1389, v karanteni=0, RunId=4826bbfa-159c-452a-bff7-0b106ff82ed5. Zapisano ni bilo nic.
22:40:25     konec: Zaloga BT_STOCK
22:40:25  == Zaloga iz SAOP (kolicine) ==
22:40:26     [1] SAOP_STOCK: se ni na vrsti po razporedu; preskoceno.
22:40:26     [2] SAOP_STOCK: se ni na vrsti po razporedu; preskoceno.
22:40:29     [3] SAOP_REGISTERED_VIEW (RegisteredViewData): skladišč=0, zapisov=3073, uporabljenih=3073, v karanteni=0, RunId=5bfdb283-7fe9-469c-8de2-efd0bf2feac5.
22:40:30     [4] SAOP_GETSTOCKS (GetStocks): skladišč=14, zapisov=3122, uporabljenih=3122, v karanteni=0, RunId=30b8a6a9-cc9a-4c55-a024-733ee2e53012.
22:40:30     konec: Zaloga iz SAOP (kolicine)
22:40:30  == Osvezitev cen kataloga ==
22:40:31     Živ SAOP zajem: podjetij=4, končnih točk=1, delta zajem, razpored=SAOP_PRICES.
22:40:31     [2] IQLighting (SAOP_IQLIGHTING)
22:40:53       GetPrices: strani=3 zapisov=149 — MEJNIK STOJI (SAOP je vrnil 149 zapisov, a so bili enaki že zajetim (dedup po hashu) — ta zagon nima česa preslikati); zapisi ostanejo v raw.Inbox in jih bo naslednji zagon zajel znova
22:40:53       SKUPAJ strani=3 zapisov=149 RunId=9c5c22f9-daac-4951-892d-8e3c9bc295fe
22:40:53       OPOZORILO: v raw.Inbox ležijo nepreslikane vrstice iz prejšnjih zagonov: GetPrices=3. Preslikaj jih z --map-run <RunId tistega zagona>; poizvedba: SELECT DISTINCT RunId, EntityType FROM raw.Inbox WHERE Status=N'Pending';
22:40:53       OPOZORILO: pri 1 končnih točkah mejnik stoji. Zajeti podatek leži v raw.Inbox in ga bo naslednji zagon zajel znova; če ga hočeš preslikati brez ponovnega klica, uporabi --map-run 9c5c22f9-daac-4951-892d-8e3c9bc295fe.
22:40:53     [3] Vidadria (SAOP_VIDADRIA)
22:41:15       GetPrices: strani=5 zapisov=206 — MEJNIK STOJI (SAOP je vrnil 206 zapisov, a so bili enaki že zajetim (dedup po hashu) — ta zagon nima česa preslikati); zapisi ostanejo v raw.Inbox in jih bo naslednji zagon zajel znova
22:41:15       SKUPAJ strani=5 zapisov=206 RunId=609310f2-d0ff-440f-9a4d-5330a0871e2f
22:41:15       OPOZORILO: pri 1 končnih točkah mejnik stoji. Zajeti podatek leži v raw.Inbox in ga bo naslednji zagon zajel znova; če ga hočeš preslikati brez ponovnega klica, uporabi --map-run 609310f2-d0ff-440f-9a4d-5330a0871e2f.
22:41:15     [4] Ediito (SAOP_EDIITO)
22:41:22       GetPrices: strani=2 zapisov=17 — MEJNIK STOJI (SAOP je vrnil 17 zapisov, a so bili enaki že zajetim (dedup po hashu) — ta zagon nima česa preslikati); zapisi ostanejo v raw.Inbox in jih bo naslednji zagon zajel znova
22:41:22       SKUPAJ strani=2 zapisov=17 RunId=a22e411c-4ce9-4d38-8a49-c588d1e31fa7
22:41:22       OPOZORILO: pri 1 končnih točkah mejnik stoji. Zajeti podatek leži v raw.Inbox in ga bo naslednji zagon zajel znova; če ga hočeš preslikati brez ponovnega klica, uporabi --map-run a22e411c-4ce9-4d38-8a49-c588d1e31fa7.
22:41:22     [1] DEMO (SAOP_DEMO)
22:41:26       GetPrices: strani=0 zapisov=0 [4,1 s]
22:41:26       SKUPAJ strani=0 zapisov=0 RunId=24b33f8a-fa9f-48d5-ad38-35400c4ad845
22:41:26     konec: Osvezitev cen kataloga
22:41:26  == Izvoz cen in zaloge za splet ==
22:41:35     Izvoz profila MAGENTO_STOCK_PRICES končan: 11435 vrstic v C:\Users\david\Desktop\PIM\NoviPIM\izvoz\magento\1
22:42:26     Izvoz profila MAGENTO_STOCK_PRICES končan: 89656 vrstic v C:\Users\david\Desktop\PIM\NoviPIM\izvoz\magento\2
22:42:42     Izvoz profila MAGENTO_STOCK_PRICES končan: 18683 vrstic v C:\Users\david\Desktop\PIM\NoviPIM\izvoz\magento\3
22:43:04     Izvoz profila MAGENTO_STOCK_PRICES končan: 35651 vrstic v C:\Users\david\Desktop\PIM\NoviPIM\izvoz\magento\4
22:43:04     konec: Izvoz cen in zaloge za splet
22:43:04  == Osvezitev kataloga in strank s cenami in zalogo (podjetje 2) ==
22:44:36     Magento CSV izvoz končan: C:\Users\david\Desktop\PIM\NoviPIM\PIM_Solution\izvoz\magento\2
22:44:36     konec: Osvezitev kataloga in strank s cenami in zalogo (podjetje 2)
22:44:36  Zalogovni cikel koncan; padlih korakov: 0.
22:45:15  == Zaloga NW_STOCK ==
22:45:16     SOURCE_FETCH: se ni na vrsti po razporedu; preskoceno.
22:45:17     Prebranih zapisov: 2762; SHA-256: e7500a55d7122007b8c59c6ee5daccdf1c1a1b0515869fa8adcb473405d91d1a
22:45:17     STOCK_FILE pri podjetju 1: se ni na vrsti po razporedu; preskoceno.
22:45:18     Prebranih zapisov: 2762; SHA-256: e7500a55d7122007b8c59c6ee5daccdf1c1a1b0515869fa8adcb473405d91d1a
22:45:18     STOCK_FILE pri podjetju 2: se ni na vrsti po razporedu; preskoceno.
22:45:19     Prebranih zapisov: 2762; SHA-256: e7500a55d7122007b8c59c6ee5daccdf1c1a1b0515869fa8adcb473405d91d1a
22:45:19     STOCK_FILE pri podjetju 3: se ni na vrsti po razporedu; preskoceno.
22:45:20     Prebranih zapisov: 2762; SHA-256: e7500a55d7122007b8c59c6ee5daccdf1c1a1b0515869fa8adcb473405d91d1a
22:45:20     STOCK_FILE pri podjetju 4: se ni na vrsti po razporedu; preskoceno.
22:45:20     konec: Zaloga NW_STOCK
22:45:20  == Zaloga BT_STOCK ==
22:45:21     [BT_STOCK] preskoceno: Razmik dobavitelja se tece; naslednji prenos po 17. 09. 2026 23:37.
22:45:21     Prevzem koncan: uspesno 0, neuspesno 0, skupaj virov 1.
22:45:21     Prebranih zapisov: 1389; SHA-256: 6698019c346705d3b9d19eee8d7a34a628cfee93615acac603b2d6f2cb666cdf
22:45:22     Ta posnetek je ze v bazi; vir=BT_STOCK, podjetje=1, cas posnetka=2026-09-17 15:07:47Z, uporabljenih=1389, v karanteni=0, RunId=29a79c20-8f70-4926-adba-027582a5633e. Zapisano ni bilo nic.
22:45:23     Prebranih zapisov: 1389; SHA-256: 6698019c346705d3b9d19eee8d7a34a628cfee93615acac603b2d6f2cb666cdf
22:45:23     Ta posnetek je ze v bazi; vir=BT_STOCK, podjetje=2, cas posnetka=2026-09-17 15:07:47Z, uporabljenih=1389, v karanteni=0, RunId=7f8b9bc6-9c94-4908-8368-ca840e90feb4. Zapisano ni bilo nic.
22:45:24     Prebranih zapisov: 1389; SHA-256: 6698019c346705d3b9d19eee8d7a34a628cfee93615acac603b2d6f2cb666cdf
22:45:24     Ta posnetek je ze v bazi; vir=BT_STOCK, podjetje=3, cas posnetka=2026-09-17 15:07:47Z, uporabljenih=1389, v karanteni=0, RunId=69e4e351-dc8f-4b85-9bd5-72cf28d35906. Zapisano ni bilo nic.
22:45:25     Prebranih zapisov: 1389; SHA-256: 6698019c346705d3b9d19eee8d7a34a628cfee93615acac603b2d6f2cb666cdf
22:45:25     Ta posnetek je ze v bazi; vir=BT_STOCK, podjetje=4, cas posnetka=2026-09-17 15:07:47Z, uporabljenih=1389, v karanteni=0, RunId=4826bbfa-159c-452a-bff7-0b106ff82ed5. Zapisano ni bilo nic.
22:45:25     konec: Zaloga BT_STOCK
22:45:25  == Zaloga iz SAOP (kolicine) ==
22:45:26     [1] SAOP_GETSTOCKS (GetStocks): skladišč=4, zapisov=16, uporabljenih=16, v karanteni=0, RunId=ce217011-2798-44e6-a026-17d0cc1a1acf.
22:45:30     [2] SAOP_GETSTOCKS (GetStocks): skladišč=1, zapisov=8774, uporabljenih=8774, v karanteni=0, RunId=4bd12775-85f8-42d7-9438-eba147da008a.
22:45:33     [3] SAOP_REGISTERED_VIEW (RegisteredViewData): skladišč=0, zapisov=3073, uporabljenih=3073, v karanteni=0, RunId=dbe1b319-32fb-409d-b0a4-ce4f04d0fea7.
22:45:34     [4] SAOP_GETSTOCKS (GetStocks): skladišč=14, zapisov=3122, uporabljenih=3122, v karanteni=0, RunId=def78d1c-80ea-4965-93ee-a763729764ea.
22:45:34     konec: Zaloga iz SAOP (kolicine)
22:45:34  == Osvezitev cen kataloga ==
22:45:35     Živ SAOP zajem: podjetij=4, končnih točk=1, delta zajem, razpored=SAOP_PRICES.
22:45:35     [2] IQLighting (SAOP_IQLIGHTING)
22:45:56       GetPrices: strani=3 zapisov=149 — MEJNIK STOJI (SAOP je vrnil 149 zapisov, a so bili enaki že zajetim (dedup po hashu) — ta zagon nima česa preslikati); zapisi ostanejo v raw.Inbox in jih bo naslednji zagon zajel znova
22:45:56       SKUPAJ strani=3 zapisov=149 RunId=6910c910-57a9-405e-88fb-ed29d61dc711
22:45:56       OPOZORILO: v raw.Inbox ležijo nepreslikane vrstice iz prejšnjih zagonov: GetPrices=3. Preslikaj jih z --map-run <RunId tistega zagona>; poizvedba: SELECT DISTINCT RunId, EntityType FROM raw.Inbox WHERE Status=N'Pending';
22:45:56       OPOZORILO: pri 1 končnih točkah mejnik stoji. Zajeti podatek leži v raw.Inbox in ga bo naslednji zagon zajel znova; če ga hočeš preslikati brez ponovnega klica, uporabi --map-run 6910c910-57a9-405e-88fb-ed29d61dc711.
22:45:56     [3] Vidadria (SAOP_VIDADRIA)
22:46:18       GetPrices: strani=5 zapisov=206 — MEJNIK STOJI (SAOP je vrnil 206 zapisov, a so bili enaki že zajetim (dedup po hashu) — ta zagon nima česa preslikati); zapisi ostanejo v raw.Inbox in jih bo naslednji zagon zajel znova
22:46:18       SKUPAJ strani=5 zapisov=206 RunId=94b2ce2b-8fd1-4033-9451-343a03dc2acd
22:46:18       OPOZORILO: pri 1 končnih točkah mejnik stoji. Zajeti podatek leži v raw.Inbox in ga bo naslednji zagon zajel znova; če ga hočeš preslikati brez ponovnega klica, uporabi --map-run 94b2ce2b-8fd1-4033-9451-343a03dc2acd.
22:46:18     [4] Ediito (SAOP_EDIITO)
22:46:25       GetPrices: strani=2 zapisov=17 — MEJNIK STOJI (SAOP je vrnil 17 zapisov, a so bili enaki že zajetim (dedup po hashu) — ta zagon nima česa preslikati); zapisi ostanejo v raw.Inbox in jih bo naslednji zagon zajel znova
22:46:25       SKUPAJ strani=2 zapisov=17 RunId=67afcd1d-c56d-49e5-bdda-43b14804d375
22:46:25       OPOZORILO: pri 1 končnih točkah mejnik stoji. Zajeti podatek leži v raw.Inbox in ga bo naslednji zagon zajel znova; če ga hočeš preslikati brez ponovnega klica, uporabi --map-run 67afcd1d-c56d-49e5-bdda-43b14804d375.
22:46:25     [1] DEMO (SAOP_DEMO)
22:46:30       GetPrices: strani=0 zapisov=0 [4,2 s]
22:46:30       SKUPAJ strani=0 zapisov=0 RunId=1187b05d-8d4b-45ea-93c5-f7741ee5a7b8
22:46:30     konec: Osvezitev cen kataloga
22:46:30  == Izvoz cen in zaloge za splet ==
22:46:39     Izvoz profila MAGENTO_STOCK_PRICES končan: 11435 vrstic v C:\Users\david\Desktop\PIM\NoviPIM\izvoz\magento\1
22:47:31     Izvoz profila MAGENTO_STOCK_PRICES končan: 89656 vrstic v C:\Users\david\Desktop\PIM\NoviPIM\izvoz\magento\2
22:47:46     Izvoz profila MAGENTO_STOCK_PRICES končan: 18683 vrstic v C:\Users\david\Desktop\PIM\NoviPIM\izvoz\magento\3
22:48:09     Izvoz profila MAGENTO_STOCK_PRICES končan: 35651 vrstic v C:\Users\david\Desktop\PIM\NoviPIM\izvoz\magento\4
22:48:09     konec: Izvoz cen in zaloge za splet
22:48:09  == Osvezitev kataloga in strank s cenami in zalogo (podjetje 2) ==
22:49:39     Magento CSV izvoz končan: C:\Users\david\Desktop\PIM\NoviPIM\PIM_Solution\izvoz\magento\2
22:49:39     konec: Osvezitev kataloga in strank s cenami in zalogo (podjetje 2)
22:49:39  Zalogovni cikel koncan; padlih korakov: 0.
22:50:15  == Zaloga NW_STOCK ==
22:50:16     SOURCE_FETCH: se ni na vrsti po razporedu; preskoceno.
22:50:17     Prebranih zapisov: 2762; SHA-256: e7500a55d7122007b8c59c6ee5daccdf1c1a1b0515869fa8adcb473405d91d1a
22:50:17     STOCK_FILE pri podjetju 1: se ni na vrsti po razporedu; preskoceno.
22:50:18     Prebranih zapisov: 2762; SHA-256: e7500a55d7122007b8c59c6ee5daccdf1c1a1b0515869fa8adcb473405d91d1a
22:50:18     STOCK_FILE pri podjetju 2: se ni na vrsti po razporedu; preskoceno.
22:50:19     Prebranih zapisov: 2762; SHA-256: e7500a55d7122007b8c59c6ee5daccdf1c1a1b0515869fa8adcb473405d91d1a
22:50:19     STOCK_FILE pri podjetju 3: se ni na vrsti po razporedu; preskoceno.
22:50:20     Prebranih zapisov: 2762; SHA-256: e7500a55d7122007b8c59c6ee5daccdf1c1a1b0515869fa8adcb473405d91d1a
22:50:20     STOCK_FILE pri podjetju 4: se ni na vrsti po razporedu; preskoceno.
22:50:20     konec: Zaloga NW_STOCK
22:50:20  == Zaloga BT_STOCK ==
22:50:21     SOURCE_FETCH: se ni na vrsti po razporedu; preskoceno.
22:50:21     Prebranih zapisov: 1389; SHA-256: 6698019c346705d3b9d19eee8d7a34a628cfee93615acac603b2d6f2cb666cdf
22:50:22     STOCK_FILE pri podjetju 1: se ni na vrsti po razporedu; preskoceno.
22:50:22     Prebranih zapisov: 1389; SHA-256: 6698019c346705d3b9d19eee8d7a34a628cfee93615acac603b2d6f2cb666cdf
22:50:23     STOCK_FILE pri podjetju 2: se ni na vrsti po razporedu; preskoceno.
22:50:23     Prebranih zapisov: 1389; SHA-256: 6698019c346705d3b9d19eee8d7a34a628cfee93615acac603b2d6f2cb666cdf
22:50:24     STOCK_FILE pri podjetju 3: se ni na vrsti po razporedu; preskoceno.
22:50:24     Prebranih zapisov: 1389; SHA-256: 6698019c346705d3b9d19eee8d7a34a628cfee93615acac603b2d6f2cb666cdf
22:50:25     STOCK_FILE pri podjetju 4: se ni na vrsti po razporedu; preskoceno.
22:50:25     konec: Zaloga BT_STOCK
22:50:25  == Zaloga iz SAOP (kolicine) ==
22:50:26     [1] SAOP_STOCK: se ni na vrsti po razporedu; preskoceno.
22:50:26     [2] SAOP_STOCK: se ni na vrsti po razporedu; preskoceno.
22:50:26     [3] SAOP_STOCK: se ni na vrsti po razporedu; preskoceno.
22:50:26     [4] SAOP_STOCK: se ni na vrsti po razporedu; preskoceno.
22:50:26     konec: Zaloga iz SAOP (kolicine)
22:50:26  == Osvezitev cen kataloga ==
22:50:26     Živ SAOP zajem: podjetij=4, končnih točk=1, delta zajem, razpored=SAOP_PRICES.
22:50:26     [2] IQLighting (SAOP_IQLIGHTING)
22:50:47       GetPrices: strani=3 zapisov=149 — MEJNIK STOJI (SAOP je vrnil 149 zapisov, a so bili enaki že zajetim (dedup po hashu) — ta zagon nima česa preslikati); zapisi ostanejo v raw.Inbox in jih bo naslednji zagon zajel znova
22:50:47       SKUPAJ strani=3 zapisov=149 RunId=51795d6d-4fdb-4f09-acf3-543c3b5a76bf
22:50:47       OPOZORILO: v raw.Inbox ležijo nepreslikane vrstice iz prejšnjih zagonov: GetPrices=3. Preslikaj jih z --map-run <RunId tistega zagona>; poizvedba: SELECT DISTINCT RunId, EntityType FROM raw.Inbox WHERE Status=N'Pending';
22:50:47       OPOZORILO: pri 1 končnih točkah mejnik stoji. Zajeti podatek leži v raw.Inbox in ga bo naslednji zagon zajel znova; če ga hočeš preslikati brez ponovnega klica, uporabi --map-run 51795d6d-4fdb-4f09-acf3-543c3b5a76bf.
22:50:47     [3] Vidadria (SAOP_VIDADRIA)
22:51:09       GetPrices: strani=5 zapisov=206 — MEJNIK STOJI (SAOP je vrnil 206 zapisov, a so bili enaki že zajetim (dedup po hashu) — ta zagon nima česa preslikati); zapisi ostanejo v raw.Inbox in jih bo naslednji zagon zajel znova
22:51:09       SKUPAJ strani=5 zapisov=206 RunId=38403778-45aa-4651-87e3-65ea2c5353f6
22:51:09       OPOZORILO: pri 1 končnih točkah mejnik stoji. Zajeti podatek leži v raw.Inbox in ga bo naslednji zagon zajel znova; če ga hočeš preslikati brez ponovnega klica, uporabi --map-run 38403778-45aa-4651-87e3-65ea2c5353f6.
22:51:09     [4] Ediito (SAOP_EDIITO)
22:51:16       GetPrices: strani=2 zapisov=17 — MEJNIK STOJI (SAOP je vrnil 17 zapisov, a so bili enaki že zajetim (dedup po hashu) — ta zagon nima česa preslikati); zapisi ostanejo v raw.Inbox in jih bo naslednji zagon zajel znova
22:51:17       SKUPAJ strani=2 zapisov=17 RunId=a8cf072d-1559-49c8-8e9b-415962734afd
22:51:17       OPOZORILO: pri 1 končnih točkah mejnik stoji. Zajeti podatek leži v raw.Inbox in ga bo naslednji zagon zajel znova; če ga hočeš preslikati brez ponovnega klica, uporabi --map-run a8cf072d-1559-49c8-8e9b-415962734afd.
22:51:17     [1] DEMO (SAOP_DEMO)
22:51:21       GetPrices: strani=0 zapisov=0 [4,1 s]
22:51:21       SKUPAJ strani=0 zapisov=0 RunId=f864fc41-d5c9-463b-8e9f-f73d3b8d374e
22:51:21     konec: Osvezitev cen kataloga
22:51:21  == Izvoz cen in zaloge za splet ==
22:51:30     Izvoz profila MAGENTO_STOCK_PRICES končan: 11435 vrstic v C:\Users\david\Desktop\PIM\NoviPIM\izvoz\magento\1
22:52:21     Izvoz profila MAGENTO_STOCK_PRICES končan: 89656 vrstic v C:\Users\david\Desktop\PIM\NoviPIM\izvoz\magento\2
22:52:37     Izvoz profila MAGENTO_STOCK_PRICES končan: 18683 vrstic v C:\Users\david\Desktop\PIM\NoviPIM\izvoz\magento\3
22:52:59     Izvoz profila MAGENTO_STOCK_PRICES končan: 35651 vrstic v C:\Users\david\Desktop\PIM\NoviPIM\izvoz\magento\4
22:52:59     konec: Izvoz cen in zaloge za splet
22:52:59  == Osvezitev kataloga in strank s cenami in zalogo (podjetje 2) ==
22:54:28     Magento CSV izvoz končan: C:\Users\david\Desktop\PIM\NoviPIM\PIM_Solution\izvoz\magento\2
22:54:28     konec: Osvezitev kataloga in strank s cenami in zalogo (podjetje 2)
22:54:28  Zalogovni cikel koncan; padlih korakov: 0.
22:55:15  == Zaloga NW_STOCK ==
22:55:16     [NW_STOCK] preskoceno: Razmik dobavitelja se tece; naslednji prenos po 17. 09. 2026 23:25.
22:55:16     Prevzem koncan: uspesno 0, neuspesno 0, skupaj virov 1.
22:55:17     Prebranih zapisov: 2762; SHA-256: e7500a55d7122007b8c59c6ee5daccdf1c1a1b0515869fa8adcb473405d91d1a
22:55:17     Ta posnetek je ze v bazi; vir=NW_STOCK, podjetje=1, cas posnetka=2026-09-17 19:25:17Z, uporabljenih=2762, v karanteni=0, RunId=b36b4d88-2b7e-4425-b658-20dc376c15d1. Zapisano ni bilo nic.
22:55:18     Prebranih zapisov: 2762; SHA-256: e7500a55d7122007b8c59c6ee5daccdf1c1a1b0515869fa8adcb473405d91d1a
22:55:18     Ta posnetek je ze v bazi; vir=NW_STOCK, podjetje=2, cas posnetka=2026-09-17 19:25:17Z, uporabljenih=2762, v karanteni=0, RunId=8435aff5-f1fe-45de-a2f8-b7519eb2354d. Zapisano ni bilo nic.
22:55:19     Prebranih zapisov: 2762; SHA-256: e7500a55d7122007b8c59c6ee5daccdf1c1a1b0515869fa8adcb473405d91d1a
22:55:19     Ta posnetek je ze v bazi; vir=NW_STOCK, podjetje=3, cas posnetka=2026-09-17 19:25:17Z, uporabljenih=2762, v karanteni=0, RunId=29fd2797-0569-4e5b-9eae-ed265f171fe0. Zapisano ni bilo nic.
22:55:20     Prebranih zapisov: 2762; SHA-256: e7500a55d7122007b8c59c6ee5daccdf1c1a1b0515869fa8adcb473405d91d1a
22:55:20     Ta posnetek je ze v bazi; vir=NW_STOCK, podjetje=4, cas posnetka=2026-09-17 19:25:17Z, uporabljenih=2762, v karanteni=0, RunId=007297d1-e0ec-4cf2-820d-4bd3a35699ac. Zapisano ni bilo nic.
22:55:20     konec: Zaloga NW_STOCK
22:55:20  == Zaloga BT_STOCK ==
22:55:21     SOURCE_FETCH: se ni na vrsti po razporedu; preskoceno.
22:55:22     Prebranih zapisov: 1389; SHA-256: 6698019c346705d3b9d19eee8d7a34a628cfee93615acac603b2d6f2cb666cdf
22:55:22     STOCK_FILE pri podjetju 1: se ni na vrsti po razporedu; preskoceno.
22:55:23     Prebranih zapisov: 1389; SHA-256: 6698019c346705d3b9d19eee8d7a34a628cfee93615acac603b2d6f2cb666cdf
22:55:23     STOCK_FILE pri podjetju 2: se ni na vrsti po razporedu; preskoceno.
22:55:24     Prebranih zapisov: 1389; SHA-256: 6698019c346705d3b9d19eee8d7a34a628cfee93615acac603b2d6f2cb666cdf
22:55:24     STOCK_FILE pri podjetju 3: se ni na vrsti po razporedu; preskoceno.
22:55:25     Prebranih zapisov: 1389; SHA-256: 6698019c346705d3b9d19eee8d7a34a628cfee93615acac603b2d6f2cb666cdf
22:55:25     STOCK_FILE pri podjetju 4: se ni na vrsti po razporedu; preskoceno.
22:55:25     konec: Zaloga BT_STOCK
22:55:25  == Zaloga iz SAOP (kolicine) ==
22:55:26     [1] SAOP_GETSTOCKS (GetStocks): skladišč=4, zapisov=16, uporabljenih=16, v karanteni=0, RunId=da7266d8-ca4b-4c39-918f-5ada2cf6d052.
22:55:30     [2] SAOP_GETSTOCKS (GetStocks): skladišč=1, zapisov=8774, uporabljenih=8774, v karanteni=0, RunId=8760d90e-f8f0-409f-98e8-4ee763572e5b.
22:55:32     [3] SAOP_REGISTERED_VIEW (RegisteredViewData): skladišč=0, zapisov=3073, uporabljenih=3073, v karanteni=0, RunId=3c14cbd3-8847-4b54-acf4-bc6d743cc769.
22:55:34     [4] SAOP_GETSTOCKS (GetStocks): skladišč=14, zapisov=3122, uporabljenih=3122, v karanteni=0, RunId=e7dfd8c6-83fd-4401-a0f7-7c6f4f3a9840.
22:55:34     konec: Zaloga iz SAOP (kolicine)
22:55:34  == Osvezitev cen kataloga ==
22:55:35     Živ SAOP zajem: podjetij=4, končnih točk=1, delta zajem, razpored=SAOP_PRICES.
22:55:35     [2] IQLighting (SAOP_IQLIGHTING)
22:55:56       GetPrices: strani=3 zapisov=149 — MEJNIK STOJI (SAOP je vrnil 149 zapisov, a so bili enaki že zajetim (dedup po hashu) — ta zagon nima česa preslikati); zapisi ostanejo v raw.Inbox in jih bo naslednji zagon zajel znova
22:55:56       SKUPAJ strani=3 zapisov=149 RunId=d09f4a1e-aac6-4d62-a3b4-1496b9154af9
22:55:56       OPOZORILO: v raw.Inbox ležijo nepreslikane vrstice iz prejšnjih zagonov: GetPrices=3. Preslikaj jih z --map-run <RunId tistega zagona>; poizvedba: SELECT DISTINCT RunId, EntityType FROM raw.Inbox WHERE Status=N'Pending';
22:55:56       OPOZORILO: pri 1 končnih točkah mejnik stoji. Zajeti podatek leži v raw.Inbox in ga bo naslednji zagon zajel znova; če ga hočeš preslikati brez ponovnega klica, uporabi --map-run d09f4a1e-aac6-4d62-a3b4-1496b9154af9.
22:55:56     [3] Vidadria (SAOP_VIDADRIA)
22:56:24       GetPrices: strani=5 zapisov=206 — MEJNIK STOJI (SAOP je vrnil 206 zapisov, a so bili enaki že zajetim (dedup po hashu) — ta zagon nima česa preslikati); zapisi ostanejo v raw.Inbox in jih bo naslednji zagon zajel znova
22:56:24       SKUPAJ strani=5 zapisov=206 RunId=e0a2358c-49f3-466e-b5b5-4a34e2c643ea
22:56:24       OPOZORILO: pri 1 končnih točkah mejnik stoji. Zajeti podatek leži v raw.Inbox in ga bo naslednji zagon zajel znova; če ga hočeš preslikati brez ponovnega klica, uporabi --map-run e0a2358c-49f3-466e-b5b5-4a34e2c643ea.
22:56:24     [4] Ediito (SAOP_EDIITO)
22:56:37       GetPrices: strani=2 zapisov=17 — MEJNIK STOJI (SAOP je vrnil 17 zapisov, a so bili enaki že zajetim (dedup po hashu) — ta zagon nima česa preslikati); zapisi ostanejo v raw.Inbox in jih bo naslednji zagon zajel znova
22:56:37       SKUPAJ strani=2 zapisov=17 RunId=639ce912-29c8-4df8-966f-4242e7546905
22:56:37       OPOZORILO: pri 1 končnih točkah mejnik stoji. Zajeti podatek leži v raw.Inbox in ga bo naslednji zagon zajel znova; če ga hočeš preslikati brez ponovnega klica, uporabi --map-run 639ce912-29c8-4df8-966f-4242e7546905.
22:56:37     [1] DEMO (SAOP_DEMO)
22:56:43       GetPrices: strani=0 zapisov=0 [5,1 s]
22:56:43       SKUPAJ strani=0 zapisov=0 RunId=f368e974-a7b8-4323-9ef3-487efd2638f5
22:56:43     konec: Osvezitev cen kataloga
22:56:43  == Izvoz cen in zaloge za splet ==
22:56:52     Izvoz profila MAGENTO_STOCK_PRICES končan: 11435 vrstic v C:\Users\david\Desktop\PIM\NoviPIM\izvoz\magento\1
22:57:43     Izvoz profila MAGENTO_STOCK_PRICES končan: 89656 vrstic v C:\Users\david\Desktop\PIM\NoviPIM\izvoz\magento\2
22:57:58     Izvoz profila MAGENTO_STOCK_PRICES končan: 18683 vrstic v C:\Users\david\Desktop\PIM\NoviPIM\izvoz\magento\3
22:58:21     Izvoz profila MAGENTO_STOCK_PRICES končan: 35651 vrstic v C:\Users\david\Desktop\PIM\NoviPIM\izvoz\magento\4
22:58:21     konec: Izvoz cen in zaloge za splet
22:58:21  == Osvezitev kataloga in strank s cenami in zalogo (podjetje 2) ==
22:59:52     Magento CSV izvoz končan: C:\Users\david\Desktop\PIM\NoviPIM\PIM_Solution\izvoz\magento\2
22:59:52     konec: Osvezitev kataloga in strank s cenami in zalogo (podjetje 2)
22:59:52  Zalogovni cikel koncan; padlih korakov: 0.
23:00:15  == Zaloga NW_STOCK ==
23:00:16     SOURCE_FETCH: se ni na vrsti po razporedu; preskoceno.
23:00:17     Prebranih zapisov: 2762; SHA-256: e7500a55d7122007b8c59c6ee5daccdf1c1a1b0515869fa8adcb473405d91d1a
23:00:17     STOCK_FILE pri podjetju 1: se ni na vrsti po razporedu; preskoceno.
23:00:18     Prebranih zapisov: 2762; SHA-256: e7500a55d7122007b8c59c6ee5daccdf1c1a1b0515869fa8adcb473405d91d1a
23:00:18     STOCK_FILE pri podjetju 2: se ni na vrsti po razporedu; preskoceno.
23:00:19     Prebranih zapisov: 2762; SHA-256: e7500a55d7122007b8c59c6ee5daccdf1c1a1b0515869fa8adcb473405d91d1a
23:00:19     STOCK_FILE pri podjetju 3: se ni na vrsti po razporedu; preskoceno.
23:00:20     Prebranih zapisov: 2762; SHA-256: e7500a55d7122007b8c59c6ee5daccdf1c1a1b0515869fa8adcb473405d91d1a
23:00:20     STOCK_FILE pri podjetju 4: se ni na vrsti po razporedu; preskoceno.
23:00:20     konec: Zaloga NW_STOCK
23:00:20  == Zaloga BT_STOCK ==
23:00:21     [BT_STOCK] preskoceno: Razmik dobavitelja se tece; naslednji prenos po 17. 09. 2026 23:37.
23:00:21     Prevzem koncan: uspesno 0, neuspesno 0, skupaj virov 1.
23:00:22     Prebranih zapisov: 1389; SHA-256: 6698019c346705d3b9d19eee8d7a34a628cfee93615acac603b2d6f2cb666cdf
23:00:22     Ta posnetek je ze v bazi; vir=BT_STOCK, podjetje=1, cas posnetka=2026-09-17 15:07:47Z, uporabljenih=1389, v karanteni=0, RunId=29a79c20-8f70-4926-adba-027582a5633e. Zapisano ni bilo nic.
23:00:23     Prebranih zapisov: 1389; SHA-256: 6698019c346705d3b9d19eee8d7a34a628cfee93615acac603b2d6f2cb666cdf
23:00:23     Ta posnetek je ze v bazi; vir=BT_STOCK, podjetje=2, cas posnetka=2026-09-17 15:07:47Z, uporabljenih=1389, v karanteni=0, RunId=7f8b9bc6-9c94-4908-8368-ca840e90feb4. Zapisano ni bilo nic.
23:00:24     Prebranih zapisov: 1389; SHA-256: 6698019c346705d3b9d19eee8d7a34a628cfee93615acac603b2d6f2cb666cdf
23:00:24     Ta posnetek je ze v bazi; vir=BT_STOCK, podjetje=3, cas posnetka=2026-09-17 15:07:47Z, uporabljenih=1389, v karanteni=0, RunId=69e4e351-dc8f-4b85-9bd5-72cf28d35906. Zapisano ni bilo nic.
23:00:25     Prebranih zapisov: 1389; SHA-256: 6698019c346705d3b9d19eee8d7a34a628cfee93615acac603b2d6f2cb666cdf
23:00:25     Ta posnetek je ze v bazi; vir=BT_STOCK, podjetje=4, cas posnetka=2026-09-17 15:07:47Z, uporabljenih=1389, v karanteni=0, RunId=4826bbfa-159c-452a-bff7-0b106ff82ed5. Zapisano ni bilo nic.
23:00:25     konec: Zaloga BT_STOCK
23:00:25  == Zaloga iz SAOP (kolicine) ==
23:00:26     [1] SAOP_STOCK: se ni na vrsti po razporedu; preskoceno.
23:00:26     [2] SAOP_STOCK: se ni na vrsti po razporedu; preskoceno.
23:00:26     [3] SAOP_STOCK: se ni na vrsti po razporedu; preskoceno.
23:00:26     [4] SAOP_STOCK: se ni na vrsti po razporedu; preskoceno.
23:00:26     konec: Zaloga iz SAOP (kolicine)
23:00:26  == Osvezitev cen kataloga ==
23:00:26     Živ SAOP zajem: podjetij=4, končnih točk=1, delta zajem, razpored=SAOP_PRICES.
23:00:26     [2] IQLighting (SAOP_IQLIGHTING)
23:00:53       GetPrices: strani=3 zapisov=149 — MEJNIK STOJI (SAOP je vrnil 149 zapisov, a so bili enaki že zajetim (dedup po hashu) — ta zagon nima česa preslikati); zapisi ostanejo v raw.Inbox in jih bo naslednji zagon zajel znova
23:00:53       SKUPAJ strani=3 zapisov=149 RunId=a6bbf900-4923-4ff8-9831-726b6d197181
23:00:53       OPOZORILO: v raw.Inbox ležijo nepreslikane vrstice iz prejšnjih zagonov: GetPrices=3. Preslikaj jih z --map-run <RunId tistega zagona>; poizvedba: SELECT DISTINCT RunId, EntityType FROM raw.Inbox WHERE Status=N'Pending';
23:00:53       OPOZORILO: pri 1 končnih točkah mejnik stoji. Zajeti podatek leži v raw.Inbox in ga bo naslednji zagon zajel znova; če ga hočeš preslikati brez ponovnega klica, uporabi --map-run a6bbf900-4923-4ff8-9831-726b6d197181.
23:00:53     [3] Vidadria (SAOP_VIDADRIA)
23:01:33       GetPrices: strani=5 zapisov=206 — MEJNIK STOJI (SAOP je vrnil 206 zapisov, a so bili enaki že zajetim (dedup po hashu) — ta zagon nima česa preslikati); zapisi ostanejo v raw.Inbox in jih bo naslednji zagon zajel znova
23:01:33       SKUPAJ strani=5 zapisov=206 RunId=10205c22-afdb-4e3d-b757-fbc495295cc7
23:01:33       OPOZORILO: pri 1 končnih točkah mejnik stoji. Zajeti podatek leži v raw.Inbox in ga bo naslednji zagon zajel znova; če ga hočeš preslikati brez ponovnega klica, uporabi --map-run 10205c22-afdb-4e3d-b757-fbc495295cc7.
23:01:33     [4] Ediito (SAOP_EDIITO)
23:01:44       GetPrices: strani=2 zapisov=17 — MEJNIK STOJI (SAOP je vrnil 17 zapisov, a so bili enaki že zajetim (dedup po hashu) — ta zagon nima česa preslikati); zapisi ostanejo v raw.Inbox in jih bo naslednji zagon zajel znova
23:01:44       SKUPAJ strani=2 zapisov=17 RunId=92c408e8-af87-4110-9cd0-1b189f735b24
23:01:44       OPOZORILO: pri 1 končnih točkah mejnik stoji. Zajeti podatek leži v raw.Inbox in ga bo naslednji zagon zajel znova; če ga hočeš preslikati brez ponovnega klica, uporabi --map-run 92c408e8-af87-4110-9cd0-1b189f735b24.
23:01:44     [1] DEMO (SAOP_DEMO)
23:01:53       GetPrices: strani=0 zapisov=0 [8,1 s]
23:01:53       SKUPAJ strani=0 zapisov=0 RunId=4d854287-7dec-4477-978a-d3d5552eebe1
23:01:53     konec: Osvezitev cen kataloga
23:01:53  == Izvoz cen in zaloge za splet ==
23:02:02     Izvoz profila MAGENTO_STOCK_PRICES končan: 11435 vrstic v C:\Users\david\Desktop\PIM\NoviPIM\izvoz\magento\1
23:02:53     Izvoz profila MAGENTO_STOCK_PRICES končan: 89656 vrstic v C:\Users\david\Desktop\PIM\NoviPIM\izvoz\magento\2
23:03:09     Izvoz profila MAGENTO_STOCK_PRICES končan: 18683 vrstic v C:\Users\david\Desktop\PIM\NoviPIM\izvoz\magento\3
23:03:31     Izvoz profila MAGENTO_STOCK_PRICES končan: 35651 vrstic v C:\Users\david\Desktop\PIM\NoviPIM\izvoz\magento\4
23:03:31     konec: Izvoz cen in zaloge za splet
23:03:31  == Osvezitev kataloga in strank s cenami in zalogo (podjetje 2) ==
23:05:02     Magento CSV izvoz končan: C:\Users\david\Desktop\PIM\NoviPIM\PIM_Solution\izvoz\magento\2
23:05:02     konec: Osvezitev kataloga in strank s cenami in zalogo (podjetje 2)
23:05:02  Zalogovni cikel koncan; padlih korakov: 0.
23:05:15  == Zaloga NW_STOCK ==
23:05:16     SOURCE_FETCH: se ni na vrsti po razporedu; preskoceno.
23:05:17     Prebranih zapisov: 2762; SHA-256: e7500a55d7122007b8c59c6ee5daccdf1c1a1b0515869fa8adcb473405d91d1a
23:05:17     STOCK_FILE pri podjetju 1: se ni na vrsti po razporedu; preskoceno.
23:05:18     Prebranih zapisov: 2762; SHA-256: e7500a55d7122007b8c59c6ee5daccdf1c1a1b0515869fa8adcb473405d91d1a
23:05:18     STOCK_FILE pri podjetju 2: se ni na vrsti po razporedu; preskoceno.
23:05:19     Prebranih zapisov: 2762; SHA-256: e7500a55d7122007b8c59c6ee5daccdf1c1a1b0515869fa8adcb473405d91d1a
23:05:19     STOCK_FILE pri podjetju 3: se ni na vrsti po razporedu; preskoceno.
23:05:20     Prebranih zapisov: 2762; SHA-256: e7500a55d7122007b8c59c6ee5daccdf1c1a1b0515869fa8adcb473405d91d1a
23:05:20     STOCK_FILE pri podjetju 4: se ni na vrsti po razporedu; preskoceno.
23:05:20     konec: Zaloga NW_STOCK
23:05:20  == Zaloga BT_STOCK ==
23:05:21     [BT_STOCK] preskoceno: Razmik dobavitelja se tece; naslednji prenos po 17. 09. 2026 23:37.
23:05:21     Prevzem koncan: uspesno 0, neuspesno 0, skupaj virov 1.
23:05:22     Prebranih zapisov: 1389; SHA-256: 6698019c346705d3b9d19eee8d7a34a628cfee93615acac603b2d6f2cb666cdf
23:05:22     Ta posnetek je ze v bazi; vir=BT_STOCK, podjetje=1, cas posnetka=2026-09-17 15:07:47Z, uporabljenih=1389, v karanteni=0, RunId=29a79c20-8f70-4926-adba-027582a5633e. Zapisano ni bilo nic.
23:05:23     Prebranih zapisov: 1389; SHA-256: 6698019c346705d3b9d19eee8d7a34a628cfee93615acac603b2d6f2cb666cdf
23:05:23     Ta posnetek je ze v bazi; vir=BT_STOCK, podjetje=2, cas posnetka=2026-09-17 15:07:47Z, uporabljenih=1389, v karanteni=0, RunId=7f8b9bc6-9c94-4908-8368-ca840e90feb4. Zapisano ni bilo nic.
23:05:24     Prebranih zapisov: 1389; SHA-256: 6698019c346705d3b9d19eee8d7a34a628cfee93615acac603b2d6f2cb666cdf
23:05:24     Ta posnetek je ze v bazi; vir=BT_STOCK, podjetje=3, cas posnetka=2026-09-17 15:07:47Z, uporabljenih=1389, v karanteni=0, RunId=69e4e351-dc8f-4b85-9bd5-72cf28d35906. Zapisano ni bilo nic.
23:05:25     Prebranih zapisov: 1389; SHA-256: 6698019c346705d3b9d19eee8d7a34a628cfee93615acac603b2d6f2cb666cdf
23:05:25     Ta posnetek je ze v bazi; vir=BT_STOCK, podjetje=4, cas posnetka=2026-09-17 15:07:47Z, uporabljenih=1389, v karanteni=0, RunId=4826bbfa-159c-452a-bff7-0b106ff82ed5. Zapisano ni bilo nic.
23:05:25     konec: Zaloga BT_STOCK
23:05:25  == Zaloga iz SAOP (kolicine) ==
23:05:26     [1] SAOP_GETSTOCKS (GetStocks): skladišč=4, zapisov=16, uporabljenih=16, v karanteni=0, RunId=d05f95c8-1f38-46ab-b228-adf5ce8f686a.
23:05:30     [2] SAOP_GETSTOCKS (GetStocks): skladišč=1, zapisov=8774, uporabljenih=8774, v karanteni=0, RunId=2cfc5639-a296-405d-9dd5-75c478c72415.
23:05:33     [3] SAOP_REGISTERED_VIEW (RegisteredViewData): skladišč=0, zapisov=3073, uporabljenih=3073, v karanteni=0, RunId=5e21292a-5d69-41e8-9cad-692ac8cbe2e8.
23:05:34     [4] SAOP_GETSTOCKS (GetStocks): skladišč=14, zapisov=3122, uporabljenih=3122, v karanteni=0, RunId=0b76f385-3db2-4d57-843d-3b865e643524.
23:05:34     konec: Zaloga iz SAOP (kolicine)
23:05:34  == Osvezitev cen kataloga ==
23:05:35     Živ SAOP zajem: podjetij=4, končnih točk=1, delta zajem, razpored=SAOP_PRICES.
23:05:35     [2] IQLighting (SAOP_IQLIGHTING)
23:05:56       GetPrices: strani=3 zapisov=149 — MEJNIK STOJI (SAOP je vrnil 149 zapisov, a so bili enaki že zajetim (dedup po hashu) — ta zagon nima česa preslikati); zapisi ostanejo v raw.Inbox in jih bo naslednji zagon zajel znova
23:05:56       SKUPAJ strani=3 zapisov=149 RunId=9e645ee1-bd8e-44f2-a980-610b87169a6a
23:05:56       OPOZORILO: v raw.Inbox ležijo nepreslikane vrstice iz prejšnjih zagonov: GetPrices=3. Preslikaj jih z --map-run <RunId tistega zagona>; poizvedba: SELECT DISTINCT RunId, EntityType FROM raw.Inbox WHERE Status=N'Pending';
23:05:56       OPOZORILO: pri 1 končnih točkah mejnik stoji. Zajeti podatek leži v raw.Inbox in ga bo naslednji zagon zajel znova; če ga hočeš preslikati brez ponovnega klica, uporabi --map-run 9e645ee1-bd8e-44f2-a980-610b87169a6a.
23:05:56     [3] Vidadria (SAOP_VIDADRIA)
23:06:18       GetPrices: strani=5 zapisov=206 — MEJNIK STOJI (SAOP je vrnil 206 zapisov, a so bili enaki že zajetim (dedup po hashu) — ta zagon nima česa preslikati); zapisi ostanejo v raw.Inbox in jih bo naslednji zagon zajel znova
23:06:18       SKUPAJ strani=5 zapisov=206 RunId=0260018c-e68a-4fa2-ae6e-d02ea3438143
23:06:18       OPOZORILO: pri 1 končnih točkah mejnik stoji. Zajeti podatek leži v raw.Inbox in ga bo naslednji zagon zajel znova; če ga hočeš preslikati brez ponovnega klica, uporabi --map-run 0260018c-e68a-4fa2-ae6e-d02ea3438143.
23:06:18     [4] Ediito (SAOP_EDIITO)
23:06:26       GetPrices: strani=2 zapisov=17 — MEJNIK STOJI (SAOP je vrnil 17 zapisov, a so bili enaki že zajetim (dedup po hashu) — ta zagon nima česa preslikati); zapisi ostanejo v raw.Inbox in jih bo naslednji zagon zajel znova
23:06:26       SKUPAJ strani=2 zapisov=17 RunId=f352a091-cf90-4224-8746-97f5f4177cfe
23:06:26       OPOZORILO: pri 1 končnih točkah mejnik stoji. Zajeti podatek leži v raw.Inbox in ga bo naslednji zagon zajel znova; če ga hočeš preslikati brez ponovnega klica, uporabi --map-run f352a091-cf90-4224-8746-97f5f4177cfe.
23:06:26     [1] DEMO (SAOP_DEMO)
23:06:30       GetPrices: strani=0 zapisov=0 [4,1 s]
23:06:31       SKUPAJ strani=0 zapisov=0 RunId=6f1ff898-6f87-4080-b0e0-bc6cfcf318cc
23:06:31     konec: Osvezitev cen kataloga
23:06:31  == Izvoz cen in zaloge za splet ==
23:06:40     Izvoz profila MAGENTO_STOCK_PRICES končan: 11435 vrstic v C:\Users\david\Desktop\PIM\NoviPIM\izvoz\magento\1
23:07:31     Izvoz profila MAGENTO_STOCK_PRICES končan: 89656 vrstic v C:\Users\david\Desktop\PIM\NoviPIM\izvoz\magento\2
23:07:47     Izvoz profila MAGENTO_STOCK_PRICES končan: 18683 vrstic v C:\Users\david\Desktop\PIM\NoviPIM\izvoz\magento\3
23:08:09     Izvoz profila MAGENTO_STOCK_PRICES končan: 35651 vrstic v C:\Users\david\Desktop\PIM\NoviPIM\izvoz\magento\4
23:08:09     konec: Izvoz cen in zaloge za splet
23:08:09  == Osvezitev kataloga in strank s cenami in zalogo (podjetje 2) ==
23:09:38     Magento CSV izvoz končan: C:\Users\david\Desktop\PIM\NoviPIM\PIM_Solution\izvoz\magento\2
23:09:38     konec: Osvezitev kataloga in strank s cenami in zalogo (podjetje 2)
23:09:38  Zalogovni cikel koncan; padlih korakov: 0.
23:10:14  == Zaloga NW_STOCK ==
23:10:15     SOURCE_FETCH: se ni na vrsti po razporedu; preskoceno.
23:10:16     Prebranih zapisov: 2762; SHA-256: e7500a55d7122007b8c59c6ee5daccdf1c1a1b0515869fa8adcb473405d91d1a
23:10:16     STOCK_FILE pri podjetju 1: se ni na vrsti po razporedu; preskoceno.
23:10:17     Prebranih zapisov: 2762; SHA-256: e7500a55d7122007b8c59c6ee5daccdf1c1a1b0515869fa8adcb473405d91d1a
23:10:17     STOCK_FILE pri podjetju 2: se ni na vrsti po razporedu; preskoceno.
23:10:18     Prebranih zapisov: 2762; SHA-256: e7500a55d7122007b8c59c6ee5daccdf1c1a1b0515869fa8adcb473405d91d1a
23:10:18     STOCK_FILE pri podjetju 3: se ni na vrsti po razporedu; preskoceno.
23:10:19     Prebranih zapisov: 2762; SHA-256: e7500a55d7122007b8c59c6ee5daccdf1c1a1b0515869fa8adcb473405d91d1a
23:10:19     STOCK_FILE pri podjetju 4: se ni na vrsti po razporedu; preskoceno.
23:10:19     konec: Zaloga NW_STOCK
23:10:19  == Zaloga BT_STOCK ==
23:10:20     SOURCE_FETCH: se ni na vrsti po razporedu; preskoceno.
23:10:20     Prebranih zapisov: 1389; SHA-256: 6698019c346705d3b9d19eee8d7a34a628cfee93615acac603b2d6f2cb666cdf
23:10:21     STOCK_FILE pri podjetju 1: se ni na vrsti po razporedu; preskoceno.
23:10:21     Prebranih zapisov: 1389; SHA-256: 6698019c346705d3b9d19eee8d7a34a628cfee93615acac603b2d6f2cb666cdf
23:10:22     STOCK_FILE pri podjetju 2: se ni na vrsti po razporedu; preskoceno.
23:10:22     Prebranih zapisov: 1389; SHA-256: 6698019c346705d3b9d19eee8d7a34a628cfee93615acac603b2d6f2cb666cdf
23:10:23     STOCK_FILE pri podjetju 3: se ni na vrsti po razporedu; preskoceno.
23:10:23     Prebranih zapisov: 1389; SHA-256: 6698019c346705d3b9d19eee8d7a34a628cfee93615acac603b2d6f2cb666cdf
23:10:24     STOCK_FILE pri podjetju 4: se ni na vrsti po razporedu; preskoceno.
23:10:24     konec: Zaloga BT_STOCK
23:10:24  == Zaloga iz SAOP (kolicine) ==
23:10:25     [1] SAOP_STOCK: se ni na vrsti po razporedu; preskoceno.
23:10:25     [2] SAOP_STOCK: se ni na vrsti po razporedu; preskoceno.
23:10:25     [3] SAOP_STOCK: se ni na vrsti po razporedu; preskoceno.
23:10:25     [4] SAOP_STOCK: se ni na vrsti po razporedu; preskoceno.
23:10:25     konec: Zaloga iz SAOP (kolicine)
23:10:25  == Osvezitev cen kataloga ==
23:10:25     Živ SAOP zajem: podjetij=4, končnih točk=1, delta zajem, razpored=SAOP_PRICES.
23:10:25     [2] IQLighting (SAOP_IQLIGHTING)
23:10:53       GetPrices: strani=3 zapisov=149 — MEJNIK STOJI (SAOP je vrnil 149 zapisov, a so bili enaki že zajetim (dedup po hashu) — ta zagon nima česa preslikati); zapisi ostanejo v raw.Inbox in jih bo naslednji zagon zajel znova
23:10:53       SKUPAJ strani=3 zapisov=149 RunId=cdd00d97-9a62-4acd-b567-84914b683605
23:10:53       OPOZORILO: v raw.Inbox ležijo nepreslikane vrstice iz prejšnjih zagonov: GetPrices=3. Preslikaj jih z --map-run <RunId tistega zagona>; poizvedba: SELECT DISTINCT RunId, EntityType FROM raw.Inbox WHERE Status=N'Pending';
23:10:53       OPOZORILO: pri 1 končnih točkah mejnik stoji. Zajeti podatek leži v raw.Inbox in ga bo naslednji zagon zajel znova; če ga hočeš preslikati brez ponovnega klica, uporabi --map-run cdd00d97-9a62-4acd-b567-84914b683605.
23:10:53     [3] Vidadria (SAOP_VIDADRIA)
23:11:17       GetPrices: strani=5 zapisov=206 — MEJNIK STOJI (SAOP je vrnil 206 zapisov, a so bili enaki že zajetim (dedup po hashu) — ta zagon nima česa preslikati); zapisi ostanejo v raw.Inbox in jih bo naslednji zagon zajel znova
23:11:17       SKUPAJ strani=5 zapisov=206 RunId=c7a01734-abe7-456f-a87b-676eedc884b0
23:11:17       OPOZORILO: pri 1 končnih točkah mejnik stoji. Zajeti podatek leži v raw.Inbox in ga bo naslednji zagon zajel znova; če ga hočeš preslikati brez ponovnega klica, uporabi --map-run c7a01734-abe7-456f-a87b-676eedc884b0.
23:11:17     [4] Ediito (SAOP_EDIITO)
23:11:24       GetPrices: strani=2 zapisov=17 — MEJNIK STOJI (SAOP je vrnil 17 zapisov, a so bili enaki že zajetim (dedup po hashu) — ta zagon nima česa preslikati); zapisi ostanejo v raw.Inbox in jih bo naslednji zagon zajel znova
23:11:25       SKUPAJ strani=2 zapisov=17 RunId=f0a3ab2d-f5ab-4c47-91e7-e80676aad9bd
23:11:25       OPOZORILO: pri 1 končnih točkah mejnik stoji. Zajeti podatek leži v raw.Inbox in ga bo naslednji zagon zajel znova; če ga hočeš preslikati brez ponovnega klica, uporabi --map-run f0a3ab2d-f5ab-4c47-91e7-e80676aad9bd.
23:11:25     [1] DEMO (SAOP_DEMO)
23:11:30       GetPrices: strani=0 zapisov=0 [5,2 s]
23:11:30       SKUPAJ strani=0 zapisov=0 RunId=86b9d956-b526-418a-8849-b0f798f47616
23:11:30     konec: Osvezitev cen kataloga
23:11:30  == Izvoz cen in zaloge za splet ==
23:11:39     Izvoz profila MAGENTO_STOCK_PRICES končan: 11435 vrstic v C:\Users\david\Desktop\PIM\NoviPIM\izvoz\magento\1
23:12:30     Izvoz profila MAGENTO_STOCK_PRICES končan: 89656 vrstic v C:\Users\david\Desktop\PIM\NoviPIM\izvoz\magento\2
23:12:46     Izvoz profila MAGENTO_STOCK_PRICES končan: 18683 vrstic v C:\Users\david\Desktop\PIM\NoviPIM\izvoz\magento\3
23:13:08     Izvoz profila MAGENTO_STOCK_PRICES končan: 35651 vrstic v C:\Users\david\Desktop\PIM\NoviPIM\izvoz\magento\4
23:13:08     konec: Izvoz cen in zaloge za splet
23:13:08  == Osvezitev kataloga in strank s cenami in zalogo (podjetje 2) ==
23:14:43     Magento CSV izvoz končan: C:\Users\david\Desktop\PIM\NoviPIM\PIM_Solution\izvoz\magento\2
23:14:43     konec: Osvezitev kataloga in strank s cenami in zalogo (podjetje 2)
23:14:43  Zalogovni cikel koncan; padlih korakov: 0.
23:15:14  == Zaloga NW_STOCK ==
23:15:15     [NW_STOCK] preskoceno: Razmik dobavitelja se tece; naslednji prenos po 17. 09. 2026 23:25.
23:15:15     Prevzem koncan: uspesno 0, neuspesno 0, skupaj virov 1.
23:15:16     Prebranih zapisov: 2762; SHA-256: e7500a55d7122007b8c59c6ee5daccdf1c1a1b0515869fa8adcb473405d91d1a
23:15:16     Ta posnetek je ze v bazi; vir=NW_STOCK, podjetje=1, cas posnetka=2026-09-17 19:25:17Z, uporabljenih=2762, v karanteni=0, RunId=b36b4d88-2b7e-4425-b658-20dc376c15d1. Zapisano ni bilo nic.
23:15:18     Prebranih zapisov: 2762; SHA-256: e7500a55d7122007b8c59c6ee5daccdf1c1a1b0515869fa8adcb473405d91d1a
23:15:18     Ta posnetek je ze v bazi; vir=NW_STOCK, podjetje=2, cas posnetka=2026-09-17 19:25:17Z, uporabljenih=2762, v karanteni=0, RunId=8435aff5-f1fe-45de-a2f8-b7519eb2354d. Zapisano ni bilo nic.
23:15:19     Prebranih zapisov: 2762; SHA-256: e7500a55d7122007b8c59c6ee5daccdf1c1a1b0515869fa8adcb473405d91d1a
23:15:19     Ta posnetek je ze v bazi; vir=NW_STOCK, podjetje=3, cas posnetka=2026-09-17 19:25:17Z, uporabljenih=2762, v karanteni=0, RunId=29fd2797-0569-4e5b-9eae-ed265f171fe0. Zapisano ni bilo nic.
23:15:20     Prebranih zapisov: 2762; SHA-256: e7500a55d7122007b8c59c6ee5daccdf1c1a1b0515869fa8adcb473405d91d1a
23:15:20     Ta posnetek je ze v bazi; vir=NW_STOCK, podjetje=4, cas posnetka=2026-09-17 19:25:17Z, uporabljenih=2762, v karanteni=0, RunId=007297d1-e0ec-4cf2-820d-4bd3a35699ac. Zapisano ni bilo nic.
23:15:20     konec: Zaloga NW_STOCK
23:15:20  == Zaloga BT_STOCK ==
23:15:21     SOURCE_FETCH: se ni na vrsti po razporedu; preskoceno.
23:15:22     Prebranih zapisov: 1389; SHA-256: 6698019c346705d3b9d19eee8d7a34a628cfee93615acac603b2d6f2cb666cdf
23:15:22     STOCK_FILE pri podjetju 1: se ni na vrsti po razporedu; preskoceno.
23:15:23     Prebranih zapisov: 1389; SHA-256: 6698019c346705d3b9d19eee8d7a34a628cfee93615acac603b2d6f2cb666cdf
23:15:23     STOCK_FILE pri podjetju 2: se ni na vrsti po razporedu; preskoceno.
23:15:24     Prebranih zapisov: 1389; SHA-256: 6698019c346705d3b9d19eee8d7a34a628cfee93615acac603b2d6f2cb666cdf
23:15:24     STOCK_FILE pri podjetju 3: se ni na vrsti po razporedu; preskoceno.
23:15:25     Prebranih zapisov: 1389; SHA-256: 6698019c346705d3b9d19eee8d7a34a628cfee93615acac603b2d6f2cb666cdf
23:15:25     STOCK_FILE pri podjetju 4: se ni na vrsti po razporedu; preskoceno.
23:15:25     konec: Zaloga BT_STOCK
23:15:25  == Zaloga iz SAOP (kolicine) ==
23:15:26     [1] SAOP_GETSTOCKS (GetStocks): skladišč=4, zapisov=16, uporabljenih=16, v karanteni=0, RunId=dae39eed-eb94-4388-92cd-4ca2d4058547.
23:15:32     [2] SAOP_GETSTOCKS (GetStocks): skladišč=1, zapisov=8774, uporabljenih=8774, v karanteni=0, RunId=bac68877-bb99-467d-a215-3a32b2857b14.
23:15:35     [3] SAOP_REGISTERED_VIEW (RegisteredViewData): skladišč=0, zapisov=3073, uporabljenih=3073, v karanteni=0, RunId=b24a9880-2be6-4599-9503-652ef3f95fac.
23:15:37     [4] SAOP_GETSTOCKS (GetStocks): skladišč=14, zapisov=3122, uporabljenih=3122, v karanteni=0, RunId=8a7606a2-6fbc-43e1-840a-a73b24aa212b.
23:15:37     konec: Zaloga iz SAOP (kolicine)
23:15:37  == Osvezitev cen kataloga ==
23:15:37     Živ SAOP zajem: podjetij=4, končnih točk=1, delta zajem, razpored=SAOP_PRICES.
23:15:37     [2] IQLighting (SAOP_IQLIGHTING)
23:15:58       GetPrices: strani=3 zapisov=149 — MEJNIK STOJI (SAOP je vrnil 149 zapisov, a so bili enaki že zajetim (dedup po hashu) — ta zagon nima česa preslikati); zapisi ostanejo v raw.Inbox in jih bo naslednji zagon zajel znova
23:15:58       SKUPAJ strani=3 zapisov=149 RunId=8fbf3e13-2eb8-4f3f-b711-2f6c694cb347
23:15:58       OPOZORILO: v raw.Inbox ležijo nepreslikane vrstice iz prejšnjih zagonov: GetPrices=3. Preslikaj jih z --map-run <RunId tistega zagona>; poizvedba: SELECT DISTINCT RunId, EntityType FROM raw.Inbox WHERE Status=N'Pending';
23:15:58       OPOZORILO: pri 1 končnih točkah mejnik stoji. Zajeti podatek leži v raw.Inbox in ga bo naslednji zagon zajel znova; če ga hočeš preslikati brez ponovnega klica, uporabi --map-run 8fbf3e13-2eb8-4f3f-b711-2f6c694cb347.
23:15:58     [3] Vidadria (SAOP_VIDADRIA)
23:16:20       GetPrices: strani=5 zapisov=206 — MEJNIK STOJI (SAOP je vrnil 206 zapisov, a so bili enaki že zajetim (dedup po hashu) — ta zagon nima česa preslikati); zapisi ostanejo v raw.Inbox in jih bo naslednji zagon zajel znova
23:16:21       SKUPAJ strani=5 zapisov=206 RunId=6c8ec6db-8aa6-413d-a71a-11aa6d0aa16b
23:16:21       OPOZORILO: pri 1 končnih točkah mejnik stoji. Zajeti podatek leži v raw.Inbox in ga bo naslednji zagon zajel znova; če ga hočeš preslikati brez ponovnega klica, uporabi --map-run 6c8ec6db-8aa6-413d-a71a-11aa6d0aa16b.
23:16:21     [4] Ediito (SAOP_EDIITO)
23:16:28       GetPrices: strani=2 zapisov=17 — MEJNIK STOJI (SAOP je vrnil 17 zapisov, a so bili enaki že zajetim (dedup po hashu) — ta zagon nima česa preslikati); zapisi ostanejo v raw.Inbox in jih bo naslednji zagon zajel znova
23:16:28       SKUPAJ strani=2 zapisov=17 RunId=80dfd372-ee61-405e-bdce-3e03869ca3b0
23:16:28       OPOZORILO: pri 1 končnih točkah mejnik stoji. Zajeti podatek leži v raw.Inbox in ga bo naslednji zagon zajel znova; če ga hočeš preslikati brez ponovnega klica, uporabi --map-run 80dfd372-ee61-405e-bdce-3e03869ca3b0.
23:16:28     [1] DEMO (SAOP_DEMO)
23:16:32       GetPrices: strani=0 zapisov=0 [4,1 s]
23:16:33       SKUPAJ strani=0 zapisov=0 RunId=cf845702-f148-4cbf-af09-5fb57e61d55b
23:16:33     konec: Osvezitev cen kataloga
23:16:33  == Izvoz cen in zaloge za splet ==
23:16:43     Izvoz profila MAGENTO_STOCK_PRICES končan: 11435 vrstic v C:\Users\david\Desktop\PIM\NoviPIM\izvoz\magento\1
23:17:38     Izvoz profila MAGENTO_STOCK_PRICES končan: 89656 vrstic v C:\Users\david\Desktop\PIM\NoviPIM\izvoz\magento\2
23:17:54     Izvoz profila MAGENTO_STOCK_PRICES končan: 18683 vrstic v C:\Users\david\Desktop\PIM\NoviPIM\izvoz\magento\3
23:18:16     Izvoz profila MAGENTO_STOCK_PRICES končan: 35651 vrstic v C:\Users\david\Desktop\PIM\NoviPIM\izvoz\magento\4
23:18:16     konec: Izvoz cen in zaloge za splet
23:18:16  == Osvezitev kataloga in strank s cenami in zalogo (podjetje 2) ==
23:19:47     Magento CSV izvoz končan: C:\Users\david\Desktop\PIM\NoviPIM\PIM_Solution\izvoz\magento\2
23:19:47     konec: Osvezitev kataloga in strank s cenami in zalogo (podjetje 2)
23:19:47  Zalogovni cikel koncan; padlih korakov: 0.
23:20:14  == Zaloga NW_STOCK ==
23:20:15     SOURCE_FETCH: se ni na vrsti po razporedu; preskoceno.
23:20:16     Prebranih zapisov: 2762; SHA-256: e7500a55d7122007b8c59c6ee5daccdf1c1a1b0515869fa8adcb473405d91d1a
23:20:16     STOCK_FILE pri podjetju 1: se ni na vrsti po razporedu; preskoceno.
23:20:17     Prebranih zapisov: 2762; SHA-256: e7500a55d7122007b8c59c6ee5daccdf1c1a1b0515869fa8adcb473405d91d1a
23:20:17     STOCK_FILE pri podjetju 2: se ni na vrsti po razporedu; preskoceno.
23:20:18     Prebranih zapisov: 2762; SHA-256: e7500a55d7122007b8c59c6ee5daccdf1c1a1b0515869fa8adcb473405d91d1a
23:20:18     STOCK_FILE pri podjetju 3: se ni na vrsti po razporedu; preskoceno.
23:20:19     Prebranih zapisov: 2762; SHA-256: e7500a55d7122007b8c59c6ee5daccdf1c1a1b0515869fa8adcb473405d91d1a
23:20:19     STOCK_FILE pri podjetju 4: se ni na vrsti po razporedu; preskoceno.
23:20:19     konec: Zaloga NW_STOCK
23:20:19  == Zaloga BT_STOCK ==
23:20:20     [BT_STOCK] preskoceno: Razmik dobavitelja se tece; naslednji prenos po 17. 09. 2026 23:37.
23:20:20     Prevzem koncan: uspesno 0, neuspesno 0, skupaj virov 1.
23:20:21     Prebranih zapisov: 1389; SHA-256: 6698019c346705d3b9d19eee8d7a34a628cfee93615acac603b2d6f2cb666cdf
23:20:21     Ta posnetek je ze v bazi; vir=BT_STOCK, podjetje=1, cas posnetka=2026-09-17 15:07:47Z, uporabljenih=1389, v karanteni=0, RunId=29a79c20-8f70-4926-adba-027582a5633e. Zapisano ni bilo nic.
23:20:22     Prebranih zapisov: 1389; SHA-256: 6698019c346705d3b9d19eee8d7a34a628cfee93615acac603b2d6f2cb666cdf
23:20:22     Ta posnetek je ze v bazi; vir=BT_STOCK, podjetje=2, cas posnetka=2026-09-17 15:07:47Z, uporabljenih=1389, v karanteni=0, RunId=7f8b9bc6-9c94-4908-8368-ca840e90feb4. Zapisano ni bilo nic.
23:20:23     Prebranih zapisov: 1389; SHA-256: 6698019c346705d3b9d19eee8d7a34a628cfee93615acac603b2d6f2cb666cdf
23:20:23     Ta posnetek je ze v bazi; vir=BT_STOCK, podjetje=3, cas posnetka=2026-09-17 15:07:47Z, uporabljenih=1389, v karanteni=0, RunId=69e4e351-dc8f-4b85-9bd5-72cf28d35906. Zapisano ni bilo nic.
23:20:24     Prebranih zapisov: 1389; SHA-256: 6698019c346705d3b9d19eee8d7a34a628cfee93615acac603b2d6f2cb666cdf
23:20:24     Ta posnetek je ze v bazi; vir=BT_STOCK, podjetje=4, cas posnetka=2026-09-17 15:07:47Z, uporabljenih=1389, v karanteni=0, RunId=4826bbfa-159c-452a-bff7-0b106ff82ed5. Zapisano ni bilo nic.
23:20:24     konec: Zaloga BT_STOCK
23:20:24  == Zaloga iz SAOP (kolicine) ==
23:20:25     [1] SAOP_STOCK: se ni na vrsti po razporedu; preskoceno.
23:20:25     [2] SAOP_STOCK: se ni na vrsti po razporedu; preskoceno.
23:20:25     [3] SAOP_STOCK: se ni na vrsti po razporedu; preskoceno.
23:20:25     [4] SAOP_STOCK: se ni na vrsti po razporedu; preskoceno.
23:20:25     konec: Zaloga iz SAOP (kolicine)
23:20:25  == Osvezitev cen kataloga ==
23:20:26     Živ SAOP zajem: podjetij=4, končnih točk=1, delta zajem, razpored=SAOP_PRICES.
23:20:26     [2] IQLighting (SAOP_IQLIGHTING)
23:20:47       GetPrices: strani=3 zapisov=149 — MEJNIK STOJI (SAOP je vrnil 149 zapisov, a so bili enaki že zajetim (dedup po hashu) — ta zagon nima česa preslikati); zapisi ostanejo v raw.Inbox in jih bo naslednji zagon zajel znova
23:20:47       SKUPAJ strani=3 zapisov=149 RunId=3a3b5fe4-1ca6-4a28-b745-3e9c3afb8764
23:20:47       OPOZORILO: v raw.Inbox ležijo nepreslikane vrstice iz prejšnjih zagonov: GetPrices=3. Preslikaj jih z --map-run <RunId tistega zagona>; poizvedba: SELECT DISTINCT RunId, EntityType FROM raw.Inbox WHERE Status=N'Pending';
23:20:47       OPOZORILO: pri 1 končnih točkah mejnik stoji. Zajeti podatek leži v raw.Inbox in ga bo naslednji zagon zajel znova; če ga hočeš preslikati brez ponovnega klica, uporabi --map-run 3a3b5fe4-1ca6-4a28-b745-3e9c3afb8764.
23:20:47     [3] Vidadria (SAOP_VIDADRIA)
23:21:09       GetPrices: strani=5 zapisov=206 — MEJNIK STOJI (SAOP je vrnil 206 zapisov, a so bili enaki že zajetim (dedup po hashu) — ta zagon nima česa preslikati); zapisi ostanejo v raw.Inbox in jih bo naslednji zagon zajel znova
23:21:09       SKUPAJ strani=5 zapisov=206 RunId=b19006d0-a371-41c1-8185-16f20c778b76
23:21:09       OPOZORILO: pri 1 končnih točkah mejnik stoji. Zajeti podatek leži v raw.Inbox in ga bo naslednji zagon zajel znova; če ga hočeš preslikati brez ponovnega klica, uporabi --map-run b19006d0-a371-41c1-8185-16f20c778b76.
23:21:09     [4] Ediito (SAOP_EDIITO)
23:21:16       GetPrices: strani=2 zapisov=17 — MEJNIK STOJI (SAOP je vrnil 17 zapisov, a so bili enaki že zajetim (dedup po hashu) — ta zagon nima česa preslikati); zapisi ostanejo v raw.Inbox in jih bo naslednji zagon zajel znova
23:21:16       SKUPAJ strani=2 zapisov=17 RunId=c74bf2bb-2369-49ed-bae6-1000a33c8a79
23:21:16       OPOZORILO: pri 1 končnih točkah mejnik stoji. Zajeti podatek leži v raw.Inbox in ga bo naslednji zagon zajel znova; če ga hočeš preslikati brez ponovnega klica, uporabi --map-run c74bf2bb-2369-49ed-bae6-1000a33c8a79.
23:21:16     [1] DEMO (SAOP_DEMO)
23:21:20       GetPrices: strani=0 zapisov=0 [4,1 s]
23:21:20       SKUPAJ strani=0 zapisov=0 RunId=b4198059-fa75-45c8-a798-c76e2ed9c01f
23:21:20     konec: Osvezitev cen kataloga
23:21:20  == Izvoz cen in zaloge za splet ==
23:21:30     Izvoz profila MAGENTO_STOCK_PRICES končan: 11435 vrstic v C:\Users\david\Desktop\PIM\NoviPIM\izvoz\magento\1
23:22:21     Izvoz profila MAGENTO_STOCK_PRICES končan: 89656 vrstic v C:\Users\david\Desktop\PIM\NoviPIM\izvoz\magento\2
23:22:37     Izvoz profila MAGENTO_STOCK_PRICES končan: 18683 vrstic v C:\Users\david\Desktop\PIM\NoviPIM\izvoz\magento\3
23:22:59     Izvoz profila MAGENTO_STOCK_PRICES končan: 35651 vrstic v C:\Users\david\Desktop\PIM\NoviPIM\izvoz\magento\4
23:22:59     konec: Izvoz cen in zaloge za splet
23:22:59  == Osvezitev kataloga in strank s cenami in zalogo (podjetje 2) ==
23:24:29     Magento CSV izvoz končan: C:\Users\david\Desktop\PIM\NoviPIM\PIM_Solution\izvoz\magento\2
23:24:29     konec: Osvezitev kataloga in strank s cenami in zalogo (podjetje 2)
23:24:29  Zalogovni cikel koncan; padlih korakov: 0.
23:25:14  == Zaloga NW_STOCK ==
23:25:15     SOURCE_FETCH: se ni na vrsti po razporedu; preskoceno.
23:25:16     Prebranih zapisov: 2762; SHA-256: e7500a55d7122007b8c59c6ee5daccdf1c1a1b0515869fa8adcb473405d91d1a
23:25:16     STOCK_FILE pri podjetju 1: se ni na vrsti po razporedu; preskoceno.
23:25:17     Prebranih zapisov: 2762; SHA-256: e7500a55d7122007b8c59c6ee5daccdf1c1a1b0515869fa8adcb473405d91d1a
23:25:17     STOCK_FILE pri podjetju 2: se ni na vrsti po razporedu; preskoceno.
23:25:18     Prebranih zapisov: 2762; SHA-256: e7500a55d7122007b8c59c6ee5daccdf1c1a1b0515869fa8adcb473405d91d1a
23:25:18     STOCK_FILE pri podjetju 3: se ni na vrsti po razporedu; preskoceno.
23:25:19     Prebranih zapisov: 2762; SHA-256: e7500a55d7122007b8c59c6ee5daccdf1c1a1b0515869fa8adcb473405d91d1a
23:25:19     STOCK_FILE pri podjetju 4: se ni na vrsti po razporedu; preskoceno.
23:25:19     konec: Zaloga NW_STOCK
23:25:19  == Zaloga BT_STOCK ==
23:25:20     SOURCE_FETCH: se ni na vrsti po razporedu; preskoceno.
23:25:21     Prebranih zapisov: 1389; SHA-256: 6698019c346705d3b9d19eee8d7a34a628cfee93615acac603b2d6f2cb666cdf
23:25:21     STOCK_FILE pri podjetju 1: se ni na vrsti po razporedu; preskoceno.
23:25:22     Prebranih zapisov: 1389; SHA-256: 6698019c346705d3b9d19eee8d7a34a628cfee93615acac603b2d6f2cb666cdf
23:25:22     STOCK_FILE pri podjetju 2: se ni na vrsti po razporedu; preskoceno.
23:25:23     Prebranih zapisov: 1389; SHA-256: 6698019c346705d3b9d19eee8d7a34a628cfee93615acac603b2d6f2cb666cdf
23:25:23     STOCK_FILE pri podjetju 3: se ni na vrsti po razporedu; preskoceno.
23:25:24     Prebranih zapisov: 1389; SHA-256: 6698019c346705d3b9d19eee8d7a34a628cfee93615acac603b2d6f2cb666cdf
23:25:24     STOCK_FILE pri podjetju 4: se ni na vrsti po razporedu; preskoceno.
23:25:24     konec: Zaloga BT_STOCK
23:25:24  == Zaloga iz SAOP (kolicine) ==
23:25:25     [1] SAOP_GETSTOCKS (GetStocks): skladišč=4, zapisov=16, uporabljenih=16, v karanteni=0, RunId=93799817-6f75-4557-ac0a-6e0bb2f7f0dc.
23:25:29     [2] SAOP_GETSTOCKS (GetStocks): skladišč=1, zapisov=8774, uporabljenih=8774, v karanteni=0, RunId=e4bd2b88-440b-4fce-98ba-76f9b2d2c897.
23:25:31     [3] SAOP_REGISTERED_VIEW (RegisteredViewData): skladišč=0, zapisov=3073, uporabljenih=3073, v karanteni=0, RunId=946a2bca-6479-4036-abf4-5427795c97b9.
23:25:33     [4] SAOP_GETSTOCKS (GetStocks): skladišč=14, zapisov=3122, uporabljenih=3122, v karanteni=0, RunId=fb2f2d95-265a-4e56-a043-6e1df00e9547.
23:25:33     konec: Zaloga iz SAOP (kolicine)
23:25:33  == Osvezitev cen kataloga ==
23:25:34     Živ SAOP zajem: podjetij=4, končnih točk=1, delta zajem, razpored=SAOP_PRICES.
23:25:34     [2] IQLighting (SAOP_IQLIGHTING)
23:25:55       GetPrices: strani=3 zapisov=149 — MEJNIK STOJI (SAOP je vrnil 149 zapisov, a so bili enaki že zajetim (dedup po hashu) — ta zagon nima česa preslikati); zapisi ostanejo v raw.Inbox in jih bo naslednji zagon zajel znova
23:25:55       SKUPAJ strani=3 zapisov=149 RunId=9c169b10-24c1-4b48-a101-2cbff447ec9d
23:25:55       OPOZORILO: v raw.Inbox ležijo nepreslikane vrstice iz prejšnjih zagonov: GetPrices=3. Preslikaj jih z --map-run <RunId tistega zagona>; poizvedba: SELECT DISTINCT RunId, EntityType FROM raw.Inbox WHERE Status=N'Pending';
23:25:55       OPOZORILO: pri 1 končnih točkah mejnik stoji. Zajeti podatek leži v raw.Inbox in ga bo naslednji zagon zajel znova; če ga hočeš preslikati brez ponovnega klica, uporabi --map-run 9c169b10-24c1-4b48-a101-2cbff447ec9d.
23:25:55     [3] Vidadria (SAOP_VIDADRIA)
23:26:17       GetPrices: strani=5 zapisov=206 — MEJNIK STOJI (SAOP je vrnil 206 zapisov, a so bili enaki že zajetim (dedup po hashu) — ta zagon nima česa preslikati); zapisi ostanejo v raw.Inbox in jih bo naslednji zagon zajel znova
23:26:17       SKUPAJ strani=5 zapisov=206 RunId=8a6cd3d7-1b74-49b4-9dd0-2b481f8be2ed
23:26:17       OPOZORILO: pri 1 končnih točkah mejnik stoji. Zajeti podatek leži v raw.Inbox in ga bo naslednji zagon zajel znova; če ga hočeš preslikati brez ponovnega klica, uporabi --map-run 8a6cd3d7-1b74-49b4-9dd0-2b481f8be2ed.
23:26:17     [4] Ediito (SAOP_EDIITO)
23:26:24       GetPrices: strani=2 zapisov=17 — MEJNIK STOJI (SAOP je vrnil 17 zapisov, a so bili enaki že zajetim (dedup po hashu) — ta zagon nima česa preslikati); zapisi ostanejo v raw.Inbox in jih bo naslednji zagon zajel znova
23:26:24       SKUPAJ strani=2 zapisov=17 RunId=db79ed1c-3056-4559-9fac-5ba2c40759a5
23:26:24       OPOZORILO: pri 1 končnih točkah mejnik stoji. Zajeti podatek leži v raw.Inbox in ga bo naslednji zagon zajel znova; če ga hočeš preslikati brez ponovnega klica, uporabi --map-run db79ed1c-3056-4559-9fac-5ba2c40759a5.
23:26:24     [1] DEMO (SAOP_DEMO)
23:26:28       GetPrices: strani=0 zapisov=0 [4,1 s]
23:26:28       SKUPAJ strani=0 zapisov=0 RunId=f0581a60-391d-4377-8a8a-4822b1393b2b
23:26:28     konec: Osvezitev cen kataloga
23:26:28  == Izvoz cen in zaloge za splet ==
23:26:37     Izvoz profila MAGENTO_STOCK_PRICES končan: 11435 vrstic v C:\Users\david\Desktop\PIM\NoviPIM\izvoz\magento\1
23:27:29     Izvoz profila MAGENTO_STOCK_PRICES končan: 89656 vrstic v C:\Users\david\Desktop\PIM\NoviPIM\izvoz\magento\2
23:27:44     Izvoz profila MAGENTO_STOCK_PRICES končan: 18683 vrstic v C:\Users\david\Desktop\PIM\NoviPIM\izvoz\magento\3
23:28:07     Izvoz profila MAGENTO_STOCK_PRICES končan: 35651 vrstic v C:\Users\david\Desktop\PIM\NoviPIM\izvoz\magento\4
23:28:07     konec: Izvoz cen in zaloge za splet
23:28:07  == Osvezitev kataloga in strank s cenami in zalogo (podjetje 2) ==
23:29:37     Magento CSV izvoz končan: C:\Users\david\Desktop\PIM\NoviPIM\PIM_Solution\izvoz\magento\2
23:29:37     konec: Osvezitev kataloga in strank s cenami in zalogo (podjetje 2)
23:29:37  Zalogovni cikel koncan; padlih korakov: 0.
23:30:14  == Zaloga NW_STOCK ==
23:30:16     [NW_STOCK] prevzeto 86.746 bajtov -> C:\Users\david\Desktop\PIM\NoviPIM\PIM_Solution\data\prevzem\NW_STOCK\nw-zaloga.csv; arhiv nw-zaloga_20260917_213016Z.csv.gz
23:30:16     Prevzem koncan: uspesno 1, neuspesno 0, skupaj virov 1.
23:30:17     Prebranih zapisov: 2762; SHA-256: ee84852e4761e9cc0b548b29be15d055c2769024f13c0459e248bfaef1e90ed3
23:30:18     Zaloga zapisana; vir=NW_STOCK, podjetje=1, uporabljenih=2762, v karanteni=0, RunId=8eea3041-b3b1-4961-b31d-9119d447fe64.
23:30:19     Prebranih zapisov: 2762; SHA-256: ee84852e4761e9cc0b548b29be15d055c2769024f13c0459e248bfaef1e90ed3
23:30:20     Zaloga zapisana; vir=NW_STOCK, podjetje=2, uporabljenih=2762, v karanteni=0, RunId=8db0eef6-4362-4cf9-b21d-29ff9dd72216.
23:30:21     Prebranih zapisov: 2762; SHA-256: ee84852e4761e9cc0b548b29be15d055c2769024f13c0459e248bfaef1e90ed3
23:30:23     Zaloga zapisana; vir=NW_STOCK, podjetje=3, uporabljenih=2762, v karanteni=0, RunId=fdade73c-a122-4a39-a31b-f9dc67712f7f.
23:30:23     Prebranih zapisov: 2762; SHA-256: ee84852e4761e9cc0b548b29be15d055c2769024f13c0459e248bfaef1e90ed3
23:30:25     Zaloga zapisana; vir=NW_STOCK, podjetje=4, uporabljenih=2762, v karanteni=0, RunId=9836fe94-2e28-4bb0-b0c2-21489e8118e8.
23:30:25     konec: Zaloga NW_STOCK
23:30:25  == Zaloga BT_STOCK ==
23:30:26     SOURCE_FETCH: se ni na vrsti po razporedu; preskoceno.
23:30:27     Prebranih zapisov: 1389; SHA-256: 6698019c346705d3b9d19eee8d7a34a628cfee93615acac603b2d6f2cb666cdf
23:30:27     STOCK_FILE pri podjetju 1: se ni na vrsti po razporedu; preskoceno.
23:30:28     Prebranih zapisov: 1389; SHA-256: 6698019c346705d3b9d19eee8d7a34a628cfee93615acac603b2d6f2cb666cdf
23:30:28     STOCK_FILE pri podjetju 2: se ni na vrsti po razporedu; preskoceno.
23:30:29     Prebranih zapisov: 1389; SHA-256: 6698019c346705d3b9d19eee8d7a34a628cfee93615acac603b2d6f2cb666cdf
23:30:29     STOCK_FILE pri podjetju 3: se ni na vrsti po razporedu; preskoceno.
23:30:29     Prebranih zapisov: 1389; SHA-256: 6698019c346705d3b9d19eee8d7a34a628cfee93615acac603b2d6f2cb666cdf
23:30:30     STOCK_FILE pri podjetju 4: se ni na vrsti po razporedu; preskoceno.
23:30:30     konec: Zaloga BT_STOCK
23:30:30  == Zaloga iz SAOP (kolicine) ==
23:30:31     [1] SAOP_GETSTOCKS (GetStocks): skladišč=4, zapisov=16, uporabljenih=16, v karanteni=0, RunId=a7b841e3-7c2e-457a-b8f3-1079861a6b66.
23:30:35     [2] SAOP_GETSTOCKS (GetStocks): skladišč=1, zapisov=8774, uporabljenih=8774, v karanteni=0, RunId=0d82d67d-6f0d-4874-9535-37fda23422d1.
23:30:38     [3] SAOP_REGISTERED_VIEW (RegisteredViewData): skladišč=0, zapisov=3073, uporabljenih=3073, v karanteni=0, RunId=e43cda67-c781-460e-af05-368bea578113.
23:30:39     [4] SAOP_GETSTOCKS (GetStocks): skladišč=14, zapisov=3122, uporabljenih=3122, v karanteni=0, RunId=85a1dfd2-1f9d-4e74-bda9-05ad036001ff.
23:30:39     konec: Zaloga iz SAOP (kolicine)
23:30:39  == Osvezitev cen kataloga ==
23:30:40     Živ SAOP zajem: podjetij=4, končnih točk=1, delta zajem, razpored=SAOP_PRICES.
23:30:40     [2] IQLighting (SAOP_IQLIGHTING)
23:31:01       GetPrices: strani=3 zapisov=149 — MEJNIK STOJI (SAOP je vrnil 149 zapisov, a so bili enaki že zajetim (dedup po hashu) — ta zagon nima česa preslikati); zapisi ostanejo v raw.Inbox in jih bo naslednji zagon zajel znova
23:31:01       SKUPAJ strani=3 zapisov=149 RunId=8de63ede-de69-4e75-8496-f4a72529703a
23:31:01       OPOZORILO: v raw.Inbox ležijo nepreslikane vrstice iz prejšnjih zagonov: GetPrices=3. Preslikaj jih z --map-run <RunId tistega zagona>; poizvedba: SELECT DISTINCT RunId, EntityType FROM raw.Inbox WHERE Status=N'Pending';
23:31:01       OPOZORILO: pri 1 končnih točkah mejnik stoji. Zajeti podatek leži v raw.Inbox in ga bo naslednji zagon zajel znova; če ga hočeš preslikati brez ponovnega klica, uporabi --map-run 8de63ede-de69-4e75-8496-f4a72529703a.
23:31:01     [3] Vidadria (SAOP_VIDADRIA)
23:31:23       GetPrices: strani=5 zapisov=206 — MEJNIK STOJI (SAOP je vrnil 206 zapisov, a so bili enaki že zajetim (dedup po hashu) — ta zagon nima česa preslikati); zapisi ostanejo v raw.Inbox in jih bo naslednji zagon zajel znova
23:31:23       SKUPAJ strani=5 zapisov=206 RunId=f7a654a6-7754-4017-aaed-6c82cf2a8325
23:31:23       OPOZORILO: pri 1 končnih točkah mejnik stoji. Zajeti podatek leži v raw.Inbox in ga bo naslednji zagon zajel znova; če ga hočeš preslikati brez ponovnega klica, uporabi --map-run f7a654a6-7754-4017-aaed-6c82cf2a8325.
23:31:23     [4] Ediito (SAOP_EDIITO)
23:31:30       GetPrices: strani=2 zapisov=17 — MEJNIK STOJI (SAOP je vrnil 17 zapisov, a so bili enaki že zajetim (dedup po hashu) — ta zagon nima česa preslikati); zapisi ostanejo v raw.Inbox in jih bo naslednji zagon zajel znova
23:31:30       SKUPAJ strani=2 zapisov=17 RunId=72e090c8-a2cc-4bfc-a982-f97d65fd173b
23:31:30       OPOZORILO: pri 1 končnih točkah mejnik stoji. Zajeti podatek leži v raw.Inbox in ga bo naslednji zagon zajel znova; če ga hočeš preslikati brez ponovnega klica, uporabi --map-run 72e090c8-a2cc-4bfc-a982-f97d65fd173b.
23:31:30     [1] DEMO (SAOP_DEMO)
23:31:35       GetPrices: strani=0 zapisov=0 [4,2 s]
23:31:35       SKUPAJ strani=0 zapisov=0 RunId=36a04444-310f-4089-82a2-506e20bd2e8b
23:31:35     konec: Osvezitev cen kataloga
23:31:35  == Izvoz cen in zaloge za splet ==
23:31:44     Izvoz profila MAGENTO_STOCK_PRICES končan: 11435 vrstic v C:\Users\david\Desktop\PIM\NoviPIM\izvoz\magento\1
23:32:35     Izvoz profila MAGENTO_STOCK_PRICES končan: 89656 vrstic v C:\Users\david\Desktop\PIM\NoviPIM\izvoz\magento\2
23:32:51     Izvoz profila MAGENTO_STOCK_PRICES končan: 18683 vrstic v C:\Users\david\Desktop\PIM\NoviPIM\izvoz\magento\3
23:33:13     Izvoz profila MAGENTO_STOCK_PRICES končan: 35651 vrstic v C:\Users\david\Desktop\PIM\NoviPIM\izvoz\magento\4
23:33:13     konec: Izvoz cen in zaloge za splet
23:33:13  == Osvezitev kataloga in strank s cenami in zalogo (podjetje 2) ==
23:34:45     Magento CSV izvoz končan: C:\Users\david\Desktop\PIM\NoviPIM\PIM_Solution\izvoz\magento\2
23:34:45     konec: Osvezitev kataloga in strank s cenami in zalogo (podjetje 2)
23:34:45  Zalogovni cikel koncan; padlih korakov: 0.
23:35:14  == Zaloga NW_STOCK ==
23:35:15     SOURCE_FETCH: se ni na vrsti po razporedu; preskoceno.
23:35:16     Prebranih zapisov: 2762; SHA-256: ee84852e4761e9cc0b548b29be15d055c2769024f13c0459e248bfaef1e90ed3
23:35:16     STOCK_FILE pri podjetju 1: se ni na vrsti po razporedu; preskoceno.
23:35:17     Prebranih zapisov: 2762; SHA-256: ee84852e4761e9cc0b548b29be15d055c2769024f13c0459e248bfaef1e90ed3
23:35:17     STOCK_FILE pri podjetju 2: se ni na vrsti po razporedu; preskoceno.
23:35:18     Prebranih zapisov: 2762; SHA-256: ee84852e4761e9cc0b548b29be15d055c2769024f13c0459e248bfaef1e90ed3
23:35:18     STOCK_FILE pri podjetju 3: se ni na vrsti po razporedu; preskoceno.
23:35:19     Prebranih zapisov: 2762; SHA-256: ee84852e4761e9cc0b548b29be15d055c2769024f13c0459e248bfaef1e90ed3
23:35:19     STOCK_FILE pri podjetju 4: se ni na vrsti po razporedu; preskoceno.
23:35:19     konec: Zaloga NW_STOCK
23:35:19  == Zaloga BT_STOCK ==
23:35:20     [BT_STOCK] preskoceno: Razmik dobavitelja se tece; naslednji prenos po 17. 09. 2026 23:37.
23:35:20     Prevzem koncan: uspesno 0, neuspesno 0, skupaj virov 1.
23:35:21     Prebranih zapisov: 1389; SHA-256: 6698019c346705d3b9d19eee8d7a34a628cfee93615acac603b2d6f2cb666cdf
23:35:21     Ta posnetek je ze v bazi; vir=BT_STOCK, podjetje=1, cas posnetka=2026-09-17 15:07:47Z, uporabljenih=1389, v karanteni=0, RunId=29a79c20-8f70-4926-adba-027582a5633e. Zapisano ni bilo nic.
23:35:22     Prebranih zapisov: 1389; SHA-256: 6698019c346705d3b9d19eee8d7a34a628cfee93615acac603b2d6f2cb666cdf
23:35:22     Ta posnetek je ze v bazi; vir=BT_STOCK, podjetje=2, cas posnetka=2026-09-17 15:07:47Z, uporabljenih=1389, v karanteni=0, RunId=7f8b9bc6-9c94-4908-8368-ca840e90feb4. Zapisano ni bilo nic.
23:35:23     Prebranih zapisov: 1389; SHA-256: 6698019c346705d3b9d19eee8d7a34a628cfee93615acac603b2d6f2cb666cdf
23:35:23     Ta posnetek je ze v bazi; vir=BT_STOCK, podjetje=3, cas posnetka=2026-09-17 15:07:47Z, uporabljenih=1389, v karanteni=0, RunId=69e4e351-dc8f-4b85-9bd5-72cf28d35906. Zapisano ni bilo nic.
23:35:24     Prebranih zapisov: 1389; SHA-256: 6698019c346705d3b9d19eee8d7a34a628cfee93615acac603b2d6f2cb666cdf
23:35:24     Ta posnetek je ze v bazi; vir=BT_STOCK, podjetje=4, cas posnetka=2026-09-17 15:07:47Z, uporabljenih=1389, v karanteni=0, RunId=4826bbfa-159c-452a-bff7-0b106ff82ed5. Zapisano ni bilo nic.
23:35:24     konec: Zaloga BT_STOCK
23:35:24  == Zaloga iz SAOP (kolicine) ==
23:35:25     [1] SAOP_STOCK: se ni na vrsti po razporedu; preskoceno.
23:35:25     [2] SAOP_STOCK: se ni na vrsti po razporedu; preskoceno.
23:35:25     [3] SAOP_STOCK: se ni na vrsti po razporedu; preskoceno.
23:35:25     [4] SAOP_STOCK: se ni na vrsti po razporedu; preskoceno.
23:35:25     konec: Zaloga iz SAOP (kolicine)
23:35:25  == Osvezitev cen kataloga ==
23:35:26     Živ SAOP zajem: podjetij=4, končnih točk=1, delta zajem, razpored=SAOP_PRICES.
23:35:26     [2] IQLighting (SAOP_IQLIGHTING)
23:35:47       GetPrices: strani=3 zapisov=149 — MEJNIK STOJI (SAOP je vrnil 149 zapisov, a so bili enaki že zajetim (dedup po hashu) — ta zagon nima česa preslikati); zapisi ostanejo v raw.Inbox in jih bo naslednji zagon zajel znova
23:35:47       SKUPAJ strani=3 zapisov=149 RunId=845088e4-b3cd-481e-a0ed-5ee69aaba7a7
23:35:47       OPOZORILO: v raw.Inbox ležijo nepreslikane vrstice iz prejšnjih zagonov: GetPrices=3. Preslikaj jih z --map-run <RunId tistega zagona>; poizvedba: SELECT DISTINCT RunId, EntityType FROM raw.Inbox WHERE Status=N'Pending';
23:35:47       OPOZORILO: pri 1 končnih točkah mejnik stoji. Zajeti podatek leži v raw.Inbox in ga bo naslednji zagon zajel znova; če ga hočeš preslikati brez ponovnega klica, uporabi --map-run 845088e4-b3cd-481e-a0ed-5ee69aaba7a7.
23:35:47     [3] Vidadria (SAOP_VIDADRIA)
23:36:08       GetPrices: strani=5 zapisov=206 — MEJNIK STOJI (SAOP je vrnil 206 zapisov, a so bili enaki že zajetim (dedup po hashu) — ta zagon nima česa preslikati); zapisi ostanejo v raw.Inbox in jih bo naslednji zagon zajel znova
23:36:09       SKUPAJ strani=5 zapisov=206 RunId=8bf80508-d7ea-4ca9-b344-48ac37c3574c
23:36:09       OPOZORILO: pri 1 končnih točkah mejnik stoji. Zajeti podatek leži v raw.Inbox in ga bo naslednji zagon zajel znova; če ga hočeš preslikati brez ponovnega klica, uporabi --map-run 8bf80508-d7ea-4ca9-b344-48ac37c3574c.
23:36:09     [4] Ediito (SAOP_EDIITO)
23:36:16       GetPrices: strani=2 zapisov=17 — MEJNIK STOJI (SAOP je vrnil 17 zapisov, a so bili enaki že zajetim (dedup po hashu) — ta zagon nima česa preslikati); zapisi ostanejo v raw.Inbox in jih bo naslednji zagon zajel znova
23:36:16       SKUPAJ strani=2 zapisov=17 RunId=8d5fc645-e3b2-41da-8f01-d743914904eb
23:36:16       OPOZORILO: pri 1 končnih točkah mejnik stoji. Zajeti podatek leži v raw.Inbox in ga bo naslednji zagon zajel znova; če ga hočeš preslikati brez ponovnega klica, uporabi --map-run 8d5fc645-e3b2-41da-8f01-d743914904eb.
23:36:16     [1] DEMO (SAOP_DEMO)
23:36:20       GetPrices: strani=0 zapisov=0 [4,2 s]
23:36:20       SKUPAJ strani=0 zapisov=0 RunId=7ea4e119-fb06-46fd-88a9-69236c3b686c
23:36:20     konec: Osvezitev cen kataloga
23:36:20  == Izvoz cen in zaloge za splet ==
23:36:30     Izvoz profila MAGENTO_STOCK_PRICES končan: 11435 vrstic v C:\Users\david\Desktop\PIM\NoviPIM\izvoz\magento\1
23:37:21     Izvoz profila MAGENTO_STOCK_PRICES končan: 89656 vrstic v C:\Users\david\Desktop\PIM\NoviPIM\izvoz\magento\2
23:37:37     Izvoz profila MAGENTO_STOCK_PRICES končan: 18683 vrstic v C:\Users\david\Desktop\PIM\NoviPIM\izvoz\magento\3
23:37:59     Izvoz profila MAGENTO_STOCK_PRICES končan: 35651 vrstic v C:\Users\david\Desktop\PIM\NoviPIM\izvoz\magento\4
23:37:59     konec: Izvoz cen in zaloge za splet
23:37:59  == Osvezitev kataloga in strank s cenami in zalogo (podjetje 2) ==
23:39:28     Magento CSV izvoz končan: C:\Users\david\Desktop\PIM\NoviPIM\PIM_Solution\izvoz\magento\2
23:39:28     konec: Osvezitev kataloga in strank s cenami in zalogo (podjetje 2)
23:39:28  Zalogovni cikel koncan; padlih korakov: 0.
23:40:14  == Zaloga NW_STOCK ==
23:40:15     SOURCE_FETCH: se ni na vrsti po razporedu; preskoceno.
23:40:16     Prebranih zapisov: 2762; SHA-256: ee84852e4761e9cc0b548b29be15d055c2769024f13c0459e248bfaef1e90ed3
23:40:16     STOCK_FILE pri podjetju 1: se ni na vrsti po razporedu; preskoceno.
23:40:17     Prebranih zapisov: 2762; SHA-256: ee84852e4761e9cc0b548b29be15d055c2769024f13c0459e248bfaef1e90ed3
23:40:17     STOCK_FILE pri podjetju 2: se ni na vrsti po razporedu; preskoceno.
23:40:18     Prebranih zapisov: 2762; SHA-256: ee84852e4761e9cc0b548b29be15d055c2769024f13c0459e248bfaef1e90ed3
23:40:18     STOCK_FILE pri podjetju 3: se ni na vrsti po razporedu; preskoceno.
23:40:19     Prebranih zapisov: 2762; SHA-256: ee84852e4761e9cc0b548b29be15d055c2769024f13c0459e248bfaef1e90ed3
23:40:19     STOCK_FILE pri podjetju 4: se ni na vrsti po razporedu; preskoceno.
23:40:19     konec: Zaloga NW_STOCK
23:40:19  == Zaloga BT_STOCK ==
23:40:20     SOURCE_FETCH: se ni na vrsti po razporedu; preskoceno.
23:40:21     Prebranih zapisov: 1389; SHA-256: 6698019c346705d3b9d19eee8d7a34a628cfee93615acac603b2d6f2cb666cdf
23:40:21     STOCK_FILE pri podjetju 1: se ni na vrsti po razporedu; preskoceno.
23:40:22     Prebranih zapisov: 1389; SHA-256: 6698019c346705d3b9d19eee8d7a34a628cfee93615acac603b2d6f2cb666cdf
23:40:22     STOCK_FILE pri podjetju 2: se ni na vrsti po razporedu; preskoceno.
23:40:23     Prebranih zapisov: 1389; SHA-256: 6698019c346705d3b9d19eee8d7a34a628cfee93615acac603b2d6f2cb666cdf
23:40:23     STOCK_FILE pri podjetju 3: se ni na vrsti po razporedu; preskoceno.
23:40:24     Prebranih zapisov: 1389; SHA-256: 6698019c346705d3b9d19eee8d7a34a628cfee93615acac603b2d6f2cb666cdf
23:40:24     STOCK_FILE pri podjetju 4: se ni na vrsti po razporedu; preskoceno.
23:40:24     konec: Zaloga BT_STOCK
23:40:24  == Zaloga iz SAOP (kolicine) ==
23:40:25     [1] SAOP_GETSTOCKS (GetStocks): skladišč=4, zapisov=16, uporabljenih=16, v karanteni=0, RunId=7bb806ca-912e-427c-ae00-d1759de9da66.
23:40:29     [2] SAOP_GETSTOCKS (GetStocks): skladišč=1, zapisov=8774, uporabljenih=8774, v karanteni=0, RunId=486794eb-fb04-4fe0-90c2-a4fcc3b2e053.
23:40:31     [3] SAOP_REGISTERED_VIEW (RegisteredViewData): skladišč=0, zapisov=3073, uporabljenih=3073, v karanteni=0, RunId=65000eb1-b0fa-402a-a201-ed5d3852b100.
23:40:33     [4] SAOP_GETSTOCKS (GetStocks): skladišč=14, zapisov=3122, uporabljenih=3122, v karanteni=0, RunId=180c5a18-84d8-417c-b249-573db6369908.
23:40:33     konec: Zaloga iz SAOP (kolicine)
23:40:33  == Osvezitev cen kataloga ==
23:40:33     Živ SAOP zajem: podjetij=4, končnih točk=1, delta zajem, razpored=SAOP_PRICES.
23:40:33     [2] IQLighting (SAOP_IQLIGHTING)
23:40:55       GetPrices: strani=3 zapisov=149 — MEJNIK STOJI (SAOP je vrnil 149 zapisov, a so bili enaki že zajetim (dedup po hashu) — ta zagon nima česa preslikati); zapisi ostanejo v raw.Inbox in jih bo naslednji zagon zajel znova
23:40:55       SKUPAJ strani=3 zapisov=149 RunId=065d4db5-1468-4acf-bcf5-b44c592de238
23:40:55       OPOZORILO: v raw.Inbox ležijo nepreslikane vrstice iz prejšnjih zagonov: GetPrices=3. Preslikaj jih z --map-run <RunId tistega zagona>; poizvedba: SELECT DISTINCT RunId, EntityType FROM raw.Inbox WHERE Status=N'Pending';
23:40:55       OPOZORILO: pri 1 končnih točkah mejnik stoji. Zajeti podatek leži v raw.Inbox in ga bo naslednji zagon zajel znova; če ga hočeš preslikati brez ponovnega klica, uporabi --map-run 065d4db5-1468-4acf-bcf5-b44c592de238.
23:40:55     [3] Vidadria (SAOP_VIDADRIA)
23:41:17       GetPrices: strani=5 zapisov=206 — MEJNIK STOJI (SAOP je vrnil 206 zapisov, a so bili enaki že zajetim (dedup po hashu) — ta zagon nima česa preslikati); zapisi ostanejo v raw.Inbox in jih bo naslednji zagon zajel znova
23:41:17       SKUPAJ strani=5 zapisov=206 RunId=45d5424a-2024-468e-a258-6ed4951be212
23:41:17       OPOZORILO: pri 1 končnih točkah mejnik stoji. Zajeti podatek leži v raw.Inbox in ga bo naslednji zagon zajel znova; če ga hočeš preslikati brez ponovnega klica, uporabi --map-run 45d5424a-2024-468e-a258-6ed4951be212.
23:41:17     [4] Ediito (SAOP_EDIITO)
23:41:24       GetPrices: strani=2 zapisov=17 — MEJNIK STOJI (SAOP je vrnil 17 zapisov, a so bili enaki že zajetim (dedup po hashu) — ta zagon nima česa preslikati); zapisi ostanejo v raw.Inbox in jih bo naslednji zagon zajel znova
23:41:24       SKUPAJ strani=2 zapisov=17 RunId=656967f3-555c-48ad-8986-22f60a23ed23
23:41:24       OPOZORILO: pri 1 končnih točkah mejnik stoji. Zajeti podatek leži v raw.Inbox in ga bo naslednji zagon zajel znova; če ga hočeš preslikati brez ponovnega klica, uporabi --map-run 656967f3-555c-48ad-8986-22f60a23ed23.
23:41:24     [1] DEMO (SAOP_DEMO)
23:41:28       GetPrices: strani=0 zapisov=0 [4,1 s]
23:41:28       SKUPAJ strani=0 zapisov=0 RunId=f77ee113-bd93-4b82-880c-bbbaccbef09c
23:41:28     konec: Osvezitev cen kataloga
23:41:28  == Izvoz cen in zaloge za splet ==
23:41:37     Izvoz profila MAGENTO_STOCK_PRICES končan: 11435 vrstic v C:\Users\david\Desktop\PIM\NoviPIM\izvoz\magento\1
23:42:28     Izvoz profila MAGENTO_STOCK_PRICES končan: 89656 vrstic v C:\Users\david\Desktop\PIM\NoviPIM\izvoz\magento\2
23:42:44     Izvoz profila MAGENTO_STOCK_PRICES končan: 18683 vrstic v C:\Users\david\Desktop\PIM\NoviPIM\izvoz\magento\3
23:43:07     Izvoz profila MAGENTO_STOCK_PRICES končan: 35651 vrstic v C:\Users\david\Desktop\PIM\NoviPIM\izvoz\magento\4
23:43:07     konec: Izvoz cen in zaloge za splet
23:43:07  == Osvezitev kataloga in strank s cenami in zalogo (podjetje 2) ==
23:44:37     Magento CSV izvoz končan: C:\Users\david\Desktop\PIM\NoviPIM\PIM_Solution\izvoz\magento\2
23:44:37     konec: Osvezitev kataloga in strank s cenami in zalogo (podjetje 2)
23:44:37  Zalogovni cikel koncan; padlih korakov: 0.
23:45:14  == Zaloga NW_STOCK ==
23:45:15     [NW_STOCK] preskoceno: Razmik dobavitelja se tece; naslednji prenos po 18. 09. 2026 01:30.
23:45:15     Prevzem koncan: uspesno 0, neuspesno 0, skupaj virov 1.
23:45:16     Prebranih zapisov: 2762; SHA-256: ee84852e4761e9cc0b548b29be15d055c2769024f13c0459e248bfaef1e90ed3
23:45:16     Ta posnetek je ze v bazi; vir=NW_STOCK, podjetje=1, cas posnetka=2026-09-17 21:30:16Z, uporabljenih=2762, v karanteni=0, RunId=8eea3041-b3b1-4961-b31d-9119d447fe64. Zapisano ni bilo nic.
23:45:17     Prebranih zapisov: 2762; SHA-256: ee84852e4761e9cc0b548b29be15d055c2769024f13c0459e248bfaef1e90ed3
23:45:17     Ta posnetek je ze v bazi; vir=NW_STOCK, podjetje=2, cas posnetka=2026-09-17 21:30:16Z, uporabljenih=2762, v karanteni=0, RunId=8db0eef6-4362-4cf9-b21d-29ff9dd72216. Zapisano ni bilo nic.
23:45:18     Prebranih zapisov: 2762; SHA-256: ee84852e4761e9cc0b548b29be15d055c2769024f13c0459e248bfaef1e90ed3
23:45:18     Ta posnetek je ze v bazi; vir=NW_STOCK, podjetje=3, cas posnetka=2026-09-17 21:30:16Z, uporabljenih=2762, v karanteni=0, RunId=fdade73c-a122-4a39-a31b-f9dc67712f7f. Zapisano ni bilo nic.
23:45:19     Prebranih zapisov: 2762; SHA-256: ee84852e4761e9cc0b548b29be15d055c2769024f13c0459e248bfaef1e90ed3
23:45:19     Ta posnetek je ze v bazi; vir=NW_STOCK, podjetje=4, cas posnetka=2026-09-17 21:30:16Z, uporabljenih=2762, v karanteni=0, RunId=9836fe94-2e28-4bb0-b0c2-21489e8118e8. Zapisano ni bilo nic.
23:45:19     konec: Zaloga NW_STOCK
23:45:19  == Zaloga BT_STOCK ==
23:45:20     SOURCE_FETCH: se ni na vrsti po razporedu; preskoceno.
23:45:21     Prebranih zapisov: 1389; SHA-256: 6698019c346705d3b9d19eee8d7a34a628cfee93615acac603b2d6f2cb666cdf
23:45:21     STOCK_FILE pri podjetju 1: se ni na vrsti po razporedu; preskoceno.
23:45:22     Prebranih zapisov: 1389; SHA-256: 6698019c346705d3b9d19eee8d7a34a628cfee93615acac603b2d6f2cb666cdf
23:45:22     STOCK_FILE pri podjetju 2: se ni na vrsti po razporedu; preskoceno.
23:45:23     Prebranih zapisov: 1389; SHA-256: 6698019c346705d3b9d19eee8d7a34a628cfee93615acac603b2d6f2cb666cdf
23:45:23     STOCK_FILE pri podjetju 3: se ni na vrsti po razporedu; preskoceno.
23:45:24     Prebranih zapisov: 1389; SHA-256: 6698019c346705d3b9d19eee8d7a34a628cfee93615acac603b2d6f2cb666cdf
23:45:24     STOCK_FILE pri podjetju 4: se ni na vrsti po razporedu; preskoceno.
23:45:24     konec: Zaloga BT_STOCK
23:45:24  == Zaloga iz SAOP (kolicine) ==
23:45:25     [1] SAOP_GETSTOCKS (GetStocks): skladišč=4, zapisov=16, uporabljenih=16, v karanteni=0, RunId=0254b879-0b1c-415e-989c-2b2f71903a8b.
23:45:29     [2] SAOP_GETSTOCKS (GetStocks): skladišč=1, zapisov=8774, uporabljenih=8774, v karanteni=0, RunId=31f13952-f8e5-4cac-8589-880fdca54e8f.
23:45:31     [3] SAOP_REGISTERED_VIEW (RegisteredViewData): skladišč=0, zapisov=3073, uporabljenih=3073, v karanteni=0, RunId=a35bfbee-99f1-471d-bae4-be99c1849451.
23:45:33     [4] SAOP_GETSTOCKS (GetStocks): skladišč=14, zapisov=3122, uporabljenih=3122, v karanteni=0, RunId=05c03dae-4f80-450f-abc0-cda9bb8e26dd.
23:45:33     konec: Zaloga iz SAOP (kolicine)
23:45:33  == Osvezitev cen kataloga ==
23:45:34     Živ SAOP zajem: podjetij=4, končnih točk=1, delta zajem, razpored=SAOP_PRICES.
23:45:34     [2] IQLighting (SAOP_IQLIGHTING)
23:45:55       GetPrices: strani=3 zapisov=149 — MEJNIK STOJI (SAOP je vrnil 149 zapisov, a so bili enaki že zajetim (dedup po hashu) — ta zagon nima česa preslikati); zapisi ostanejo v raw.Inbox in jih bo naslednji zagon zajel znova
23:45:55       SKUPAJ strani=3 zapisov=149 RunId=70232468-4661-4cae-9032-debdebb37648
23:45:55       OPOZORILO: v raw.Inbox ležijo nepreslikane vrstice iz prejšnjih zagonov: GetPrices=3. Preslikaj jih z --map-run <RunId tistega zagona>; poizvedba: SELECT DISTINCT RunId, EntityType FROM raw.Inbox WHERE Status=N'Pending';
23:45:55       OPOZORILO: pri 1 končnih točkah mejnik stoji. Zajeti podatek leži v raw.Inbox in ga bo naslednji zagon zajel znova; če ga hočeš preslikati brez ponovnega klica, uporabi --map-run 70232468-4661-4cae-9032-debdebb37648.
23:45:55     [3] Vidadria (SAOP_VIDADRIA)
23:46:17       GetPrices: strani=5 zapisov=206 — MEJNIK STOJI (SAOP je vrnil 206 zapisov, a so bili enaki že zajetim (dedup po hashu) — ta zagon nima česa preslikati); zapisi ostanejo v raw.Inbox in jih bo naslednji zagon zajel znova
23:46:17       SKUPAJ strani=5 zapisov=206 RunId=d6730099-371f-40f4-bf79-250a4358efcd
23:46:17       OPOZORILO: pri 1 končnih točkah mejnik stoji. Zajeti podatek leži v raw.Inbox in ga bo naslednji zagon zajel znova; če ga hočeš preslikati brez ponovnega klica, uporabi --map-run d6730099-371f-40f4-bf79-250a4358efcd.
23:46:17     [4] Ediito (SAOP_EDIITO)
23:46:24       GetPrices: strani=2 zapisov=17 — MEJNIK STOJI (SAOP je vrnil 17 zapisov, a so bili enaki že zajetim (dedup po hashu) — ta zagon nima česa preslikati); zapisi ostanejo v raw.Inbox in jih bo naslednji zagon zajel znova
23:46:24       SKUPAJ strani=2 zapisov=17 RunId=5b37b84e-bf5d-410d-bb53-089483414f34
23:46:24       OPOZORILO: pri 1 končnih točkah mejnik stoji. Zajeti podatek leži v raw.Inbox in ga bo naslednji zagon zajel znova; če ga hočeš preslikati brez ponovnega klica, uporabi --map-run 5b37b84e-bf5d-410d-bb53-089483414f34.
23:46:24     [1] DEMO (SAOP_DEMO)
23:46:28       GetPrices: strani=0 zapisov=0 [4,2 s]
23:46:28       SKUPAJ strani=0 zapisov=0 RunId=cb2c1d06-40c9-45a6-938a-2ddf6623e866
23:46:28     konec: Osvezitev cen kataloga
23:46:28  == Izvoz cen in zaloge za splet ==
23:46:38     Izvoz profila MAGENTO_STOCK_PRICES končan: 11435 vrstic v C:\Users\david\Desktop\PIM\NoviPIM\izvoz\magento\1
23:47:29     Izvoz profila MAGENTO_STOCK_PRICES končan: 89656 vrstic v C:\Users\david\Desktop\PIM\NoviPIM\izvoz\magento\2
23:47:45     Izvoz profila MAGENTO_STOCK_PRICES končan: 18683 vrstic v C:\Users\david\Desktop\PIM\NoviPIM\izvoz\magento\3
23:48:07     Izvoz profila MAGENTO_STOCK_PRICES končan: 35651 vrstic v C:\Users\david\Desktop\PIM\NoviPIM\izvoz\magento\4
23:48:07     konec: Izvoz cen in zaloge za splet
23:48:07  == Osvezitev kataloga in strank s cenami in zalogo (podjetje 2) ==
23:49:36     Magento CSV izvoz končan: C:\Users\david\Desktop\PIM\NoviPIM\PIM_Solution\izvoz\magento\2
23:49:36     konec: Osvezitev kataloga in strank s cenami in zalogo (podjetje 2)
23:49:36  Zalogovni cikel koncan; padlih korakov: 0.
23:50:14  == Zaloga NW_STOCK ==
23:50:15     SOURCE_FETCH: se ni na vrsti po razporedu; preskoceno.
23:50:16     Prebranih zapisov: 2762; SHA-256: ee84852e4761e9cc0b548b29be15d055c2769024f13c0459e248bfaef1e90ed3
23:50:16     STOCK_FILE pri podjetju 1: se ni na vrsti po razporedu; preskoceno.
23:50:17     Prebranih zapisov: 2762; SHA-256: ee84852e4761e9cc0b548b29be15d055c2769024f13c0459e248bfaef1e90ed3
23:50:17     STOCK_FILE pri podjetju 2: se ni na vrsti po razporedu; preskoceno.
23:50:18     Prebranih zapisov: 2762; SHA-256: ee84852e4761e9cc0b548b29be15d055c2769024f13c0459e248bfaef1e90ed3
23:50:18     STOCK_FILE pri podjetju 3: se ni na vrsti po razporedu; preskoceno.
23:50:19     Prebranih zapisov: 2762; SHA-256: ee84852e4761e9cc0b548b29be15d055c2769024f13c0459e248bfaef1e90ed3
23:50:19     STOCK_FILE pri podjetju 4: se ni na vrsti po razporedu; preskoceno.
23:50:19     konec: Zaloga NW_STOCK
23:50:19  == Zaloga BT_STOCK ==
23:50:22     [BT_STOCK] preskoceno: Dobaviteljeva datoteka je nespremenjena; obdrzimo prejsnjo.
23:50:22     Prevzem koncan: uspesno 0, neuspesno 0, skupaj virov 1.
23:50:23     Prebranih zapisov: 1389; SHA-256: 6698019c346705d3b9d19eee8d7a34a628cfee93615acac603b2d6f2cb666cdf
23:50:23     Ta posnetek je ze v bazi; vir=BT_STOCK, podjetje=1, cas posnetka=2026-09-17 15:07:47Z, uporabljenih=1389, v karanteni=0, RunId=29a79c20-8f70-4926-adba-027582a5633e. Zapisano ni bilo nic.
23:50:24     Prebranih zapisov: 1389; SHA-256: 6698019c346705d3b9d19eee8d7a34a628cfee93615acac603b2d6f2cb666cdf
23:50:24     Ta posnetek je ze v bazi; vir=BT_STOCK, podjetje=2, cas posnetka=2026-09-17 15:07:47Z, uporabljenih=1389, v karanteni=0, RunId=7f8b9bc6-9c94-4908-8368-ca840e90feb4. Zapisano ni bilo nic.
23:50:25     Prebranih zapisov: 1389; SHA-256: 6698019c346705d3b9d19eee8d7a34a628cfee93615acac603b2d6f2cb666cdf
23:50:25     Ta posnetek je ze v bazi; vir=BT_STOCK, podjetje=3, cas posnetka=2026-09-17 15:07:47Z, uporabljenih=1389, v karanteni=0, RunId=69e4e351-dc8f-4b85-9bd5-72cf28d35906. Zapisano ni bilo nic.
23:50:26     Prebranih zapisov: 1389; SHA-256: 6698019c346705d3b9d19eee8d7a34a628cfee93615acac603b2d6f2cb666cdf
23:50:26     Ta posnetek je ze v bazi; vir=BT_STOCK, podjetje=4, cas posnetka=2026-09-17 15:07:47Z, uporabljenih=1389, v karanteni=0, RunId=4826bbfa-159c-452a-bff7-0b106ff82ed5. Zapisano ni bilo nic.
23:50:26     konec: Zaloga BT_STOCK
23:50:26  == Zaloga iz SAOP (kolicine) ==
23:50:27     [1] SAOP_GETSTOCKS (GetStocks): skladišč=4, zapisov=16, uporabljenih=16, v karanteni=0, RunId=2fd5b232-357f-4b07-bacf-89ebdb32f09e.
23:50:31     [2] SAOP_GETSTOCKS (GetStocks): skladišč=1, zapisov=8774, uporabljenih=8774, v karanteni=0, RunId=3f864f22-497b-4d45-98f4-bb1a6d09df65.
23:50:34     [3] SAOP_REGISTERED_VIEW (RegisteredViewData): skladišč=0, zapisov=3073, uporabljenih=3073, v karanteni=0, RunId=119cb154-0dd1-4d38-81be-ca58ada89103.
23:50:36     [4] SAOP_GETSTOCKS (GetStocks): skladišč=14, zapisov=3122, uporabljenih=3122, v karanteni=0, RunId=94855d51-3bc9-493f-bd25-1442f10b0a91.
23:50:36     konec: Zaloga iz SAOP (kolicine)
23:50:36  == Osvezitev cen kataloga ==
23:50:36     Živ SAOP zajem: podjetij=4, končnih točk=1, delta zajem, razpored=SAOP_PRICES.
23:50:36     [2] IQLighting (SAOP_IQLIGHTING)
23:50:57       GetPrices: strani=3 zapisov=149 — MEJNIK STOJI (SAOP je vrnil 149 zapisov, a so bili enaki že zajetim (dedup po hashu) — ta zagon nima česa preslikati); zapisi ostanejo v raw.Inbox in jih bo naslednji zagon zajel znova
23:50:57       SKUPAJ strani=3 zapisov=149 RunId=5333d059-a1d5-46b9-8137-130cf41d9b0e
23:50:57       OPOZORILO: v raw.Inbox ležijo nepreslikane vrstice iz prejšnjih zagonov: GetPrices=3. Preslikaj jih z --map-run <RunId tistega zagona>; poizvedba: SELECT DISTINCT RunId, EntityType FROM raw.Inbox WHERE Status=N'Pending';
23:50:57       OPOZORILO: pri 1 končnih točkah mejnik stoji. Zajeti podatek leži v raw.Inbox in ga bo naslednji zagon zajel znova; če ga hočeš preslikati brez ponovnega klica, uporabi --map-run 5333d059-a1d5-46b9-8137-130cf41d9b0e.
23:50:57     [3] Vidadria (SAOP_VIDADRIA)
23:51:20       GetPrices: strani=5 zapisov=206 — MEJNIK STOJI (SAOP je vrnil 206 zapisov, a so bili enaki že zajetim (dedup po hashu) — ta zagon nima česa preslikati); zapisi ostanejo v raw.Inbox in jih bo naslednji zagon zajel znova
23:51:20       SKUPAJ strani=5 zapisov=206 RunId=1d906b06-e110-4f72-9f5b-476b89f47a57
23:51:20       OPOZORILO: pri 1 končnih točkah mejnik stoji. Zajeti podatek leži v raw.Inbox in ga bo naslednji zagon zajel znova; če ga hočeš preslikati brez ponovnega klica, uporabi --map-run 1d906b06-e110-4f72-9f5b-476b89f47a57.
23:51:20     [4] Ediito (SAOP_EDIITO)
23:51:25       GetPrices: NAPAKA [5,3 s, 5,34 s/stran] — An error occurred while sending the request.
23:51:26       SKUPAJ strani=1 zapisov=1 RunId=f486e4ef-bcae-4223-b734-4faafb51a9af
23:51:26     [1] DEMO (SAOP_DEMO)
06:02:25     STDERR:   Cenikov ni bilo mogoče prebrati (A connection attempt failed because the connected party did not properly respond after a period of time, or established connection failed because connected host has failed to respond. (192.168.178.12:81)); GetPrices bo preskočen.
06:02:25       GetPrices: NAPAKA [0,0 s] — GetPrices: ni razpoložljivih cenikov (api/pricelists je vrnil prazen seznam ali ga ni bilo mogoče doseči) — zajem preskočen, mejnik nespremenjen.
06:02:26       SKUPAJ strani=0 zapisov=0 RunId=24ff5223-d1d4-472d-98d2-49b78f3a7004
06:02:26     NAPAKA: worker PIM.KatalogWorker je koncal z izhodno kodo 1
06:02:26  == Izvoz cen in zaloge za splet ==
06:02:36     Izvoz profila MAGENTO_STOCK_PRICES končan: 11435 vrstic v C:\Users\david\Desktop\PIM\NoviPIM\izvoz\magento\1
06:03:28     Izvoz profila MAGENTO_STOCK_PRICES končan: 89656 vrstic v C:\Users\david\Desktop\PIM\NoviPIM\izvoz\magento\2
06:03:44     Izvoz profila MAGENTO_STOCK_PRICES končan: 18683 vrstic v C:\Users\david\Desktop\PIM\NoviPIM\izvoz\magento\3
06:04:08     Izvoz profila MAGENTO_STOCK_PRICES končan: 35651 vrstic v C:\Users\david\Desktop\PIM\NoviPIM\izvoz\magento\4
06:04:08     konec: Izvoz cen in zaloge za splet
06:04:08  == Osvezitev kataloga in strank s cenami in zalogo (podjetje 2) ==
06:06:07     Magento CSV izvoz končan: C:\Users\david\Desktop\PIM\NoviPIM\PIM_Solution\izvoz\magento\2
06:06:07     konec: Osvezitev kataloga in strank s cenami in zalogo (podjetje 2)
06:06:07  Zalogovni cikel koncan; padlih korakov: 1.
