06:22:28  == Zaloga NW_STOCK ==
06:22:30     [NW_STOCK] prevzeto 87.634 bajtov -> C:\Users\david\Desktop\PIM\NoviPIM\PIM_Solution\data\prevzem\NW_STOCK\nw-zaloga.csv; arhiv nw-zaloga_20260910_042230Z.csv.gz
06:22:30     Prevzem koncan: uspesno 1, neuspesno 0, skupaj virov 1.
06:22:31     Prebranih zapisov: 2762; SHA-256: 159dda0b43cd7baeafcd7b3c730fe0643f306c2b0fc7f9cf147496eea597a32b
06:22:35     Zaloga zapisana; vir=NW_STOCK, podjetje=1, uporabljenih=2762, v karanteni=0, RunId=82afbd32-721c-4762-9246-6ccbbdda8474.
06:22:36     Prebranih zapisov: 2762; SHA-256: 159dda0b43cd7baeafcd7b3c730fe0643f306c2b0fc7f9cf147496eea597a32b
06:22:38     Zaloga zapisana; vir=NW_STOCK, podjetje=2, uporabljenih=2762, v karanteni=0, RunId=bac8be65-b4f6-48ed-a468-2af66ef32a7d.
06:22:38     Prebranih zapisov: 2762; SHA-256: 159dda0b43cd7baeafcd7b3c730fe0643f306c2b0fc7f9cf147496eea597a32b
06:22:40     Zaloga zapisana; vir=NW_STOCK, podjetje=3, uporabljenih=2762, v karanteni=0, RunId=4742c140-b302-46cc-9f11-028995da04f0.
06:22:41     Prebranih zapisov: 2762; SHA-256: 159dda0b43cd7baeafcd7b3c730fe0643f306c2b0fc7f9cf147496eea597a32b
06:22:42     Zaloga zapisana; vir=NW_STOCK, podjetje=4, uporabljenih=2762, v karanteni=0, RunId=1c0cc982-8b1d-4a4f-af77-eb977eaee352.
06:22:42     konec: Zaloga NW_STOCK
06:22:42  == Zaloga BT_STOCK ==
06:22:43     SOURCE_FETCH: se ni na vrsti po razporedu; preskoceno.
06:22:44     Prebranih zapisov: 1389; SHA-256: 2bdbfb78446329107645fab85139fc737a003dc6895e694160a7b8b24feba921
06:22:44     STOCK_FILE pri podjetju 1: se ni na vrsti po razporedu; preskoceno.
06:22:45     Prebranih zapisov: 1389; SHA-256: 2bdbfb78446329107645fab85139fc737a003dc6895e694160a7b8b24feba921
06:22:45     STOCK_FILE pri podjetju 2: se ni na vrsti po razporedu; preskoceno.
06:22:46     Prebranih zapisov: 1389; SHA-256: 2bdbfb78446329107645fab85139fc737a003dc6895e694160a7b8b24feba921
06:22:46     STOCK_FILE pri podjetju 3: se ni na vrsti po razporedu; preskoceno.
06:22:47     Prebranih zapisov: 1389; SHA-256: 2bdbfb78446329107645fab85139fc737a003dc6895e694160a7b8b24feba921
06:22:47     STOCK_FILE pri podjetju 4: se ni na vrsti po razporedu; preskoceno.
06:22:47     konec: Zaloga BT_STOCK
06:22:47  == Zaloga iz SAOP (kolicine) ==
06:23:09     STDERR: [1] NAPAKA: A connection attempt failed because the connected party did not properly respond after a period of time, or established connection failed because connected host has failed to respond. (192.168.178.12:81)
06:23:30     STDERR: [2] NAPAKA: A connection attempt failed because the connected party did not properly respond after a period of time, or established connection failed because connected host has failed to respond. (192.168.178.12:81)
06:23:52     STDERR: [3] NAPAKA: A connection attempt failed because the connected party did not properly respond after a period of time, or established connection failed because connected host has failed to respond. (192.168.178.12:81)
06:24:13     STDERR: [4] NAPAKA: A connection attempt failed because the connected party did not properly respond after a period of time, or established connection failed because connected host has failed to respond. (192.168.178.12:81)
06:24:13     NAPAKA: worker workers\PIM.SaopStockWorker je koncal z izhodno kodo 1
06:24:13  == Izvoz cen in zaloge za splet ==
06:24:15     Izvoz profila MAGENTO_STOCK_PRICES končan: 352 vrstic v C:\Users\david\Desktop\PIM\NoviPIM\izvoz\magento\1
06:24:19     Izvoz profila MAGENTO_STOCK_PRICES končan: 2071 vrstic v C:\Users\david\Desktop\PIM\NoviPIM\izvoz\magento\2
06:24:22     Izvoz profila MAGENTO_STOCK_PRICES končan: 2488 vrstic v C:\Users\david\Desktop\PIM\NoviPIM\izvoz\magento\3
06:24:23     Izvoz profila MAGENTO_STOCK_PRICES končan: 0 vrstic v C:\Users\david\Desktop\PIM\NoviPIM\izvoz\magento\4
06:24:23     konec: Izvoz cen in zaloge za splet
06:24:23  Zalogovni cikel koncan; padlih korakov: 1.
06:27:27  == Zaloga NW_STOCK ==
06:27:28     SOURCE_FETCH: se ni na vrsti po razporedu; preskoceno.
06:27:29     Prebranih zapisov: 2762; SHA-256: 159dda0b43cd7baeafcd7b3c730fe0643f306c2b0fc7f9cf147496eea597a32b
06:27:29     STOCK_FILE pri podjetju 1: se ni na vrsti po razporedu; preskoceno.
06:27:30     Prebranih zapisov: 2762; SHA-256: 159dda0b43cd7baeafcd7b3c730fe0643f306c2b0fc7f9cf147496eea597a32b
06:27:30     STOCK_FILE pri podjetju 2: se ni na vrsti po razporedu; preskoceno.
06:27:31     Prebranih zapisov: 2762; SHA-256: 159dda0b43cd7baeafcd7b3c730fe0643f306c2b0fc7f9cf147496eea597a32b
06:27:31     STOCK_FILE pri podjetju 3: se ni na vrsti po razporedu; preskoceno.
06:27:32     Prebranih zapisov: 2762; SHA-256: 159dda0b43cd7baeafcd7b3c730fe0643f306c2b0fc7f9cf147496eea597a32b
06:27:32     STOCK_FILE pri podjetju 4: se ni na vrsti po razporedu; preskoceno.
06:27:32     konec: Zaloga NW_STOCK
06:27:32  == Zaloga BT_STOCK ==
06:27:35     [BT_STOCK] prevzeto 1.588.398 bajtov -> C:\Users\david\Desktop\PIM\NoviPIM\PIM_Solution\data\prevzem\BT_STOCK\braytron-zaloga.xml; arhiv braytron-zaloga_20260910_042735Z.xml.gz
06:27:35     Prevzem koncan: uspesno 1, neuspesno 0, skupaj virov 1.
06:27:36     Prebranih zapisov: 1389; SHA-256: 9ce1d9db0059312edfef65a64a5893e7d23591917f0431275cc8801f9ce4e5a9
06:27:37     Zaloga zapisana; vir=BT_STOCK, podjetje=1, uporabljenih=1389, v karanteni=0, RunId=5650a398-ec28-4bf4-85ab-8198ca9829cf.
06:27:38     Prebranih zapisov: 1389; SHA-256: 9ce1d9db0059312edfef65a64a5893e7d23591917f0431275cc8801f9ce4e5a9
06:27:39     Zaloga zapisana; vir=BT_STOCK, podjetje=2, uporabljenih=1389, v karanteni=0, RunId=93f3be1b-9c0e-481c-baed-972a17fc008d.
06:27:40     Prebranih zapisov: 1389; SHA-256: 9ce1d9db0059312edfef65a64a5893e7d23591917f0431275cc8801f9ce4e5a9
06:27:41     Zaloga zapisana; vir=BT_STOCK, podjetje=3, uporabljenih=1389, v karanteni=0, RunId=ebba2baa-7caa-4417-89e2-cd2d99ef442d.
06:27:41     Prebranih zapisov: 1389; SHA-256: 9ce1d9db0059312edfef65a64a5893e7d23591917f0431275cc8801f9ce4e5a9
06:27:42     Zaloga zapisana; vir=BT_STOCK, podjetje=4, uporabljenih=1389, v karanteni=0, RunId=ce7b32c0-029c-435f-a334-eb93110ccf41.
06:27:42     konec: Zaloga BT_STOCK
06:27:42  == Zaloga iz SAOP (kolicine) ==
06:27:43     [1] SAOP_STOCK: se ni na vrsti po razporedu; preskoceno.
06:27:43     [2] SAOP_STOCK: se ni na vrsti po razporedu; preskoceno.
06:27:43     [3] SAOP_STOCK: se ni na vrsti po razporedu; preskoceno.
06:27:43     [4] SAOP_STOCK: se ni na vrsti po razporedu; preskoceno.
06:27:44     konec: Zaloga iz SAOP (kolicine)
06:27:44  == Izvoz cen in zaloge za splet ==
06:27:46     Izvoz profila MAGENTO_STOCK_PRICES končan: 352 vrstic v C:\Users\david\Desktop\PIM\NoviPIM\izvoz\magento\1
06:27:49     Izvoz profila MAGENTO_STOCK_PRICES končan: 2071 vrstic v C:\Users\david\Desktop\PIM\NoviPIM\izvoz\magento\2
06:27:53     Izvoz profila MAGENTO_STOCK_PRICES končan: 2488 vrstic v C:\Users\david\Desktop\PIM\NoviPIM\izvoz\magento\3
06:27:54     Izvoz profila MAGENTO_STOCK_PRICES končan: 0 vrstic v C:\Users\david\Desktop\PIM\NoviPIM\izvoz\magento\4
06:27:54     konec: Izvoz cen in zaloge za splet
06:27:54  Zalogovni cikel koncan; padlih korakov: 0.
06:32:27  == Zaloga NW_STOCK ==
06:32:28     SOURCE_FETCH: se ni na vrsti po razporedu; preskoceno.
06:32:29     Prebranih zapisov: 2762; SHA-256: 159dda0b43cd7baeafcd7b3c730fe0643f306c2b0fc7f9cf147496eea597a32b
06:32:29     STOCK_FILE pri podjetju 1: se ni na vrsti po razporedu; preskoceno.
06:32:30     Prebranih zapisov: 2762; SHA-256: 159dda0b43cd7baeafcd7b3c730fe0643f306c2b0fc7f9cf147496eea597a32b
06:32:31     STOCK_FILE pri podjetju 2: se ni na vrsti po razporedu; preskoceno.
06:32:31     Prebranih zapisov: 2762; SHA-256: 159dda0b43cd7baeafcd7b3c730fe0643f306c2b0fc7f9cf147496eea597a32b
06:32:32     STOCK_FILE pri podjetju 3: se ni na vrsti po razporedu; preskoceno.
06:32:33     Prebranih zapisov: 2762; SHA-256: 159dda0b43cd7baeafcd7b3c730fe0643f306c2b0fc7f9cf147496eea597a32b
06:32:33     STOCK_FILE pri podjetju 4: se ni na vrsti po razporedu; preskoceno.
06:32:33     konec: Zaloga NW_STOCK
06:32:33  == Zaloga BT_STOCK ==
06:32:34     SOURCE_FETCH: se ni na vrsti po razporedu; preskoceno.
06:32:35     Prebranih zapisov: 1389; SHA-256: 9ce1d9db0059312edfef65a64a5893e7d23591917f0431275cc8801f9ce4e5a9
06:32:35     STOCK_FILE pri podjetju 1: se ni na vrsti po razporedu; preskoceno.
06:32:37     Prebranih zapisov: 1389; SHA-256: 9ce1d9db0059312edfef65a64a5893e7d23591917f0431275cc8801f9ce4e5a9
06:32:37     STOCK_FILE pri podjetju 2: se ni na vrsti po razporedu; preskoceno.
06:32:38     Prebranih zapisov: 1389; SHA-256: 9ce1d9db0059312edfef65a64a5893e7d23591917f0431275cc8801f9ce4e5a9
06:32:38     STOCK_FILE pri podjetju 3: se ni na vrsti po razporedu; preskoceno.
06:32:40     Prebranih zapisov: 1389; SHA-256: 9ce1d9db0059312edfef65a64a5893e7d23591917f0431275cc8801f9ce4e5a9
06:32:40     STOCK_FILE pri podjetju 4: se ni na vrsti po razporedu; preskoceno.
06:32:40     konec: Zaloga BT_STOCK
06:32:40  == Zaloga iz SAOP (kolicine) ==
06:32:41     [1] SAOP_STOCK: se ni na vrsti po razporedu; preskoceno.
06:32:41     [2] SAOP_STOCK: se ni na vrsti po razporedu; preskoceno.
06:32:41     [3] SAOP_STOCK: se ni na vrsti po razporedu; preskoceno.
06:32:41     [4] SAOP_STOCK: se ni na vrsti po razporedu; preskoceno.
06:32:41     konec: Zaloga iz SAOP (kolicine)
06:32:41  == Izvoz cen in zaloge za splet ==
06:32:44     Izvoz profila MAGENTO_STOCK_PRICES končan: 352 vrstic v C:\Users\david\Desktop\PIM\NoviPIM\izvoz\magento\1
06:32:48     Izvoz profila MAGENTO_STOCK_PRICES končan: 2071 vrstic v C:\Users\david\Desktop\PIM\NoviPIM\izvoz\magento\2
06:32:51     Izvoz profila MAGENTO_STOCK_PRICES končan: 2488 vrstic v C:\Users\david\Desktop\PIM\NoviPIM\izvoz\magento\3
06:32:52     Izvoz profila MAGENTO_STOCK_PRICES končan: 0 vrstic v C:\Users\david\Desktop\PIM\NoviPIM\izvoz\magento\4
06:32:52     konec: Izvoz cen in zaloge za splet
06:32:52  Zalogovni cikel koncan; padlih korakov: 0.
06:37:27  == Zaloga NW_STOCK ==
06:37:28     [NW_STOCK] preskoceno: Razmik dobavitelja se tece; naslednji prenos po 10. 09. 2026 08:22.
06:37:28     Prevzem koncan: uspesno 0, neuspesno 0, skupaj virov 1.
06:37:29     Prebranih zapisov: 2762; SHA-256: 159dda0b43cd7baeafcd7b3c730fe0643f306c2b0fc7f9cf147496eea597a32b
06:37:29     STOCK_FILE pri podjetju 1: se ni na vrsti po razporedu; preskoceno.
06:37:30     Prebranih zapisov: 2762; SHA-256: 159dda0b43cd7baeafcd7b3c730fe0643f306c2b0fc7f9cf147496eea597a32b
06:37:30     STOCK_FILE pri podjetju 2: se ni na vrsti po razporedu; preskoceno.
06:37:31     Prebranih zapisov: 2762; SHA-256: 159dda0b43cd7baeafcd7b3c730fe0643f306c2b0fc7f9cf147496eea597a32b
06:37:31     STOCK_FILE pri podjetju 3: se ni na vrsti po razporedu; preskoceno.
06:37:32     Prebranih zapisov: 2762; SHA-256: 159dda0b43cd7baeafcd7b3c730fe0643f306c2b0fc7f9cf147496eea597a32b
06:37:32     STOCK_FILE pri podjetju 4: se ni na vrsti po razporedu; preskoceno.
06:37:32     konec: Zaloga NW_STOCK
06:37:32  == Zaloga BT_STOCK ==
06:37:33     SOURCE_FETCH: se ni na vrsti po razporedu; preskoceno.
06:37:34     Prebranih zapisov: 1389; SHA-256: 9ce1d9db0059312edfef65a64a5893e7d23591917f0431275cc8801f9ce4e5a9
06:37:34     STOCK_FILE pri podjetju 1: se ni na vrsti po razporedu; preskoceno.
06:37:35     Prebranih zapisov: 1389; SHA-256: 9ce1d9db0059312edfef65a64a5893e7d23591917f0431275cc8801f9ce4e5a9
06:37:35     STOCK_FILE pri podjetju 2: se ni na vrsti po razporedu; preskoceno.
06:37:36     Prebranih zapisov: 1389; SHA-256: 9ce1d9db0059312edfef65a64a5893e7d23591917f0431275cc8801f9ce4e5a9
06:37:37     STOCK_FILE pri podjetju 3: se ni na vrsti po razporedu; preskoceno.
06:37:38     Prebranih zapisov: 1389; SHA-256: 9ce1d9db0059312edfef65a64a5893e7d23591917f0431275cc8801f9ce4e5a9
06:37:38     STOCK_FILE pri podjetju 4: se ni na vrsti po razporedu; preskoceno.
06:37:38     konec: Zaloga BT_STOCK
06:37:38  == Zaloga iz SAOP (kolicine) ==
06:37:39     [1] SAOP_STOCK: se ni na vrsti po razporedu; preskoceno.
06:37:39     [2] SAOP_STOCK: se ni na vrsti po razporedu; preskoceno.
06:37:39     [3] SAOP_STOCK: se ni na vrsti po razporedu; preskoceno.
06:37:39     [4] SAOP_STOCK: se ni na vrsti po razporedu; preskoceno.
06:37:39     konec: Zaloga iz SAOP (kolicine)
06:37:39  == Izvoz cen in zaloge za splet ==
06:37:41     Izvoz profila MAGENTO_STOCK_PRICES končan: 352 vrstic v C:\Users\david\Desktop\PIM\NoviPIM\izvoz\magento\1
06:37:44     Izvoz profila MAGENTO_STOCK_PRICES končan: 2071 vrstic v C:\Users\david\Desktop\PIM\NoviPIM\izvoz\magento\2
06:37:47     Izvoz profila MAGENTO_STOCK_PRICES končan: 2488 vrstic v C:\Users\david\Desktop\PIM\NoviPIM\izvoz\magento\3
06:37:49     Izvoz profila MAGENTO_STOCK_PRICES končan: 0 vrstic v C:\Users\david\Desktop\PIM\NoviPIM\izvoz\magento\4
06:37:49     konec: Izvoz cen in zaloge za splet
06:37:49  Zalogovni cikel koncan; padlih korakov: 0.
06:42:26  == Zaloga NW_STOCK ==
06:42:27     SOURCE_FETCH: se ni na vrsti po razporedu; preskoceno.
06:42:28     Prebranih zapisov: 2762; SHA-256: 159dda0b43cd7baeafcd7b3c730fe0643f306c2b0fc7f9cf147496eea597a32b
06:42:28     Ta posnetek je ze v bazi; vir=NW_STOCK, podjetje=1, cas posnetka=2026-09-10 04:22:30Z, uporabljenih=2762, v karanteni=0, RunId=82afbd32-721c-4762-9246-6ccbbdda8474. Zapisano ni bilo nic.
06:42:29     Prebranih zapisov: 2762; SHA-256: 159dda0b43cd7baeafcd7b3c730fe0643f306c2b0fc7f9cf147496eea597a32b
06:42:29     Ta posnetek je ze v bazi; vir=NW_STOCK, podjetje=2, cas posnetka=2026-09-10 04:22:30Z, uporabljenih=2762, v karanteni=0, RunId=bac8be65-b4f6-48ed-a468-2af66ef32a7d. Zapisano ni bilo nic.
06:42:30     Prebranih zapisov: 2762; SHA-256: 159dda0b43cd7baeafcd7b3c730fe0643f306c2b0fc7f9cf147496eea597a32b
06:42:30     Ta posnetek je ze v bazi; vir=NW_STOCK, podjetje=3, cas posnetka=2026-09-10 04:22:30Z, uporabljenih=2762, v karanteni=0, RunId=4742c140-b302-46cc-9f11-028995da04f0. Zapisano ni bilo nic.
06:42:31     Prebranih zapisov: 2762; SHA-256: 159dda0b43cd7baeafcd7b3c730fe0643f306c2b0fc7f9cf147496eea597a32b
06:42:31     Ta posnetek je ze v bazi; vir=NW_STOCK, podjetje=4, cas posnetka=2026-09-10 04:22:30Z, uporabljenih=2762, v karanteni=0, RunId=1c0cc982-8b1d-4a4f-af77-eb977eaee352. Zapisano ni bilo nic.
06:42:31     konec: Zaloga NW_STOCK
06:42:31  == Zaloga BT_STOCK ==
06:42:32     [BT_STOCK] preskoceno: Razmik dobavitelja se tece; naslednji prenos po 10. 09. 2026 09:27.
06:42:32     Prevzem koncan: uspesno 0, neuspesno 0, skupaj virov 1.
06:42:33     Prebranih zapisov: 1389; SHA-256: 9ce1d9db0059312edfef65a64a5893e7d23591917f0431275cc8801f9ce4e5a9
06:42:34     STOCK_FILE pri podjetju 1: se ni na vrsti po razporedu; preskoceno.
06:42:34     Prebranih zapisov: 1389; SHA-256: 9ce1d9db0059312edfef65a64a5893e7d23591917f0431275cc8801f9ce4e5a9
06:42:35     STOCK_FILE pri podjetju 2: se ni na vrsti po razporedu; preskoceno.
06:42:36     Prebranih zapisov: 1389; SHA-256: 9ce1d9db0059312edfef65a64a5893e7d23591917f0431275cc8801f9ce4e5a9
06:42:36     STOCK_FILE pri podjetju 3: se ni na vrsti po razporedu; preskoceno.
06:42:37     Prebranih zapisov: 1389; SHA-256: 9ce1d9db0059312edfef65a64a5893e7d23591917f0431275cc8801f9ce4e5a9
06:42:37     STOCK_FILE pri podjetju 4: se ni na vrsti po razporedu; preskoceno.
06:42:37     konec: Zaloga BT_STOCK
06:42:37  == Zaloga iz SAOP (kolicine) ==
06:42:38     [1] SAOP_STOCK: se ni na vrsti po razporedu; preskoceno.
06:42:38     [2] SAOP_STOCK: se ni na vrsti po razporedu; preskoceno.
06:42:38     [3] SAOP_STOCK: se ni na vrsti po razporedu; preskoceno.
06:42:38     [4] SAOP_STOCK: se ni na vrsti po razporedu; preskoceno.
06:42:38     konec: Zaloga iz SAOP (kolicine)
06:42:38  == Izvoz cen in zaloge za splet ==
06:42:40     Izvoz profila MAGENTO_STOCK_PRICES končan: 352 vrstic v C:\Users\david\Desktop\PIM\NoviPIM\izvoz\magento\1
06:42:43     Izvoz profila MAGENTO_STOCK_PRICES končan: 2071 vrstic v C:\Users\david\Desktop\PIM\NoviPIM\izvoz\magento\2
06:42:47     Izvoz profila MAGENTO_STOCK_PRICES končan: 2488 vrstic v C:\Users\david\Desktop\PIM\NoviPIM\izvoz\magento\3
06:42:48     Izvoz profila MAGENTO_STOCK_PRICES končan: 0 vrstic v C:\Users\david\Desktop\PIM\NoviPIM\izvoz\magento\4
06:42:48     konec: Izvoz cen in zaloge za splet
06:42:48  Zalogovni cikel koncan; padlih korakov: 0.
06:47:26  == Zaloga NW_STOCK ==
06:47:27     SOURCE_FETCH: se ni na vrsti po razporedu; preskoceno.
06:47:28     Prebranih zapisov: 2762; SHA-256: 159dda0b43cd7baeafcd7b3c730fe0643f306c2b0fc7f9cf147496eea597a32b
06:47:28     STOCK_FILE pri podjetju 1: se ni na vrsti po razporedu; preskoceno.
06:47:29     Prebranih zapisov: 2762; SHA-256: 159dda0b43cd7baeafcd7b3c730fe0643f306c2b0fc7f9cf147496eea597a32b
06:47:29     STOCK_FILE pri podjetju 2: se ni na vrsti po razporedu; preskoceno.
06:47:30     Prebranih zapisov: 2762; SHA-256: 159dda0b43cd7baeafcd7b3c730fe0643f306c2b0fc7f9cf147496eea597a32b
06:47:30     STOCK_FILE pri podjetju 3: se ni na vrsti po razporedu; preskoceno.
06:47:30     Prebranih zapisov: 2762; SHA-256: 159dda0b43cd7baeafcd7b3c730fe0643f306c2b0fc7f9cf147496eea597a32b
06:47:31     STOCK_FILE pri podjetju 4: se ni na vrsti po razporedu; preskoceno.
06:47:31     konec: Zaloga NW_STOCK
06:47:31  == Zaloga BT_STOCK ==
06:47:32     SOURCE_FETCH: se ni na vrsti po razporedu; preskoceno.
06:47:32     Prebranih zapisov: 1389; SHA-256: 9ce1d9db0059312edfef65a64a5893e7d23591917f0431275cc8801f9ce4e5a9
06:47:33     Ta posnetek je ze v bazi; vir=BT_STOCK, podjetje=1, cas posnetka=2026-09-10 04:27:35Z, uporabljenih=1389, v karanteni=0, RunId=5650a398-ec28-4bf4-85ab-8198ca9829cf. Zapisano ni bilo nic.
06:47:33     Prebranih zapisov: 1389; SHA-256: 9ce1d9db0059312edfef65a64a5893e7d23591917f0431275cc8801f9ce4e5a9
06:47:34     Ta posnetek je ze v bazi; vir=BT_STOCK, podjetje=2, cas posnetka=2026-09-10 04:27:35Z, uporabljenih=1389, v karanteni=0, RunId=93f3be1b-9c0e-481c-baed-972a17fc008d. Zapisano ni bilo nic.
06:47:35     Prebranih zapisov: 1389; SHA-256: 9ce1d9db0059312edfef65a64a5893e7d23591917f0431275cc8801f9ce4e5a9
06:47:35     Ta posnetek je ze v bazi; vir=BT_STOCK, podjetje=3, cas posnetka=2026-09-10 04:27:35Z, uporabljenih=1389, v karanteni=0, RunId=ebba2baa-7caa-4417-89e2-cd2d99ef442d. Zapisano ni bilo nic.
06:47:36     Prebranih zapisov: 1389; SHA-256: 9ce1d9db0059312edfef65a64a5893e7d23591917f0431275cc8801f9ce4e5a9
06:47:36     Ta posnetek je ze v bazi; vir=BT_STOCK, podjetje=4, cas posnetka=2026-09-10 04:27:35Z, uporabljenih=1389, v karanteni=0, RunId=ce7b32c0-029c-435f-a334-eb93110ccf41. Zapisano ni bilo nic.
06:47:36     konec: Zaloga BT_STOCK
06:47:36  == Zaloga iz SAOP (kolicine) ==
06:47:37     [1] SAOP_STOCK: se ni na vrsti po razporedu; preskoceno.
06:47:37     [2] SAOP_STOCK: se ni na vrsti po razporedu; preskoceno.
06:47:37     [3] SAOP_STOCK: se ni na vrsti po razporedu; preskoceno.
06:47:37     [4] SAOP_STOCK: se ni na vrsti po razporedu; preskoceno.
06:47:37     konec: Zaloga iz SAOP (kolicine)
06:47:37  == Izvoz cen in zaloge za splet ==
06:47:39     Izvoz profila MAGENTO_STOCK_PRICES končan: 352 vrstic v C:\Users\david\Desktop\PIM\NoviPIM\izvoz\magento\1
06:47:42     Izvoz profila MAGENTO_STOCK_PRICES končan: 2071 vrstic v C:\Users\david\Desktop\PIM\NoviPIM\izvoz\magento\2
06:47:45     Izvoz profila MAGENTO_STOCK_PRICES končan: 2488 vrstic v C:\Users\david\Desktop\PIM\NoviPIM\izvoz\magento\3
06:47:46     Izvoz profila MAGENTO_STOCK_PRICES končan: 0 vrstic v C:\Users\david\Desktop\PIM\NoviPIM\izvoz\magento\4
06:47:46     konec: Izvoz cen in zaloge za splet
06:47:46  Zalogovni cikel koncan; padlih korakov: 0.
06:52:26  == Zaloga NW_STOCK ==
06:52:27     [NW_STOCK] preskoceno: Razmik dobavitelja se tece; naslednji prenos po 10. 09. 2026 08:22.
06:52:27     Prevzem koncan: uspesno 0, neuspesno 0, skupaj virov 1.
06:52:28     Prebranih zapisov: 2762; SHA-256: 159dda0b43cd7baeafcd7b3c730fe0643f306c2b0fc7f9cf147496eea597a32b
06:52:28     STOCK_FILE pri podjetju 1: se ni na vrsti po razporedu; preskoceno.
06:52:29     Prebranih zapisov: 2762; SHA-256: 159dda0b43cd7baeafcd7b3c730fe0643f306c2b0fc7f9cf147496eea597a32b
06:52:29     STOCK_FILE pri podjetju 2: se ni na vrsti po razporedu; preskoceno.
06:52:30     Prebranih zapisov: 2762; SHA-256: 159dda0b43cd7baeafcd7b3c730fe0643f306c2b0fc7f9cf147496eea597a32b
06:52:30     STOCK_FILE pri podjetju 3: se ni na vrsti po razporedu; preskoceno.
06:52:31     Prebranih zapisov: 2762; SHA-256: 159dda0b43cd7baeafcd7b3c730fe0643f306c2b0fc7f9cf147496eea597a32b
06:52:31     STOCK_FILE pri podjetju 4: se ni na vrsti po razporedu; preskoceno.
06:52:31     konec: Zaloga NW_STOCK
06:52:31  == Zaloga BT_STOCK ==
06:52:32     SOURCE_FETCH: se ni na vrsti po razporedu; preskoceno.
06:52:32     Prebranih zapisov: 1389; SHA-256: 9ce1d9db0059312edfef65a64a5893e7d23591917f0431275cc8801f9ce4e5a9
06:52:33     Ta posnetek je ze v bazi; vir=BT_STOCK, podjetje=1, cas posnetka=2026-09-10 04:27:35Z, uporabljenih=1389, v karanteni=0, RunId=5650a398-ec28-4bf4-85ab-8198ca9829cf. Zapisano ni bilo nic.
06:52:33     Prebranih zapisov: 1389; SHA-256: 9ce1d9db0059312edfef65a64a5893e7d23591917f0431275cc8801f9ce4e5a9
06:52:34     Ta posnetek je ze v bazi; vir=BT_STOCK, podjetje=2, cas posnetka=2026-09-10 04:27:35Z, uporabljenih=1389, v karanteni=0, RunId=93f3be1b-9c0e-481c-baed-972a17fc008d. Zapisano ni bilo nic.
06:52:35     Prebranih zapisov: 1389; SHA-256: 9ce1d9db0059312edfef65a64a5893e7d23591917f0431275cc8801f9ce4e5a9
06:52:35     Ta posnetek je ze v bazi; vir=BT_STOCK, podjetje=3, cas posnetka=2026-09-10 04:27:35Z, uporabljenih=1389, v karanteni=0, RunId=ebba2baa-7caa-4417-89e2-cd2d99ef442d. Zapisano ni bilo nic.
06:52:36     Prebranih zapisov: 1389; SHA-256: 9ce1d9db0059312edfef65a64a5893e7d23591917f0431275cc8801f9ce4e5a9
06:52:36     Ta posnetek je ze v bazi; vir=BT_STOCK, podjetje=4, cas posnetka=2026-09-10 04:27:35Z, uporabljenih=1389, v karanteni=0, RunId=ce7b32c0-029c-435f-a334-eb93110ccf41. Zapisano ni bilo nic.
06:52:36     konec: Zaloga BT_STOCK
06:52:36  == Zaloga iz SAOP (kolicine) ==
06:52:37     [1] SAOP_STOCK: se ni na vrsti po razporedu; preskoceno.
06:52:37     [2] SAOP_STOCK: se ni na vrsti po razporedu; preskoceno.
06:52:37     [3] SAOP_STOCK: se ni na vrsti po razporedu; preskoceno.
06:52:37     [4] SAOP_STOCK: se ni na vrsti po razporedu; preskoceno.
06:52:37     konec: Zaloga iz SAOP (kolicine)
06:52:37  == Izvoz cen in zaloge za splet ==
06:52:39     Izvoz profila MAGENTO_STOCK_PRICES končan: 352 vrstic v C:\Users\david\Desktop\PIM\NoviPIM\izvoz\magento\1
06:52:42     Izvoz profila MAGENTO_STOCK_PRICES končan: 2071 vrstic v C:\Users\david\Desktop\PIM\NoviPIM\izvoz\magento\2
06:52:45     Izvoz profila MAGENTO_STOCK_PRICES končan: 2488 vrstic v C:\Users\david\Desktop\PIM\NoviPIM\izvoz\magento\3
06:52:46     Izvoz profila MAGENTO_STOCK_PRICES končan: 0 vrstic v C:\Users\david\Desktop\PIM\NoviPIM\izvoz\magento\4
06:52:46     konec: Izvoz cen in zaloge za splet
06:52:46  Zalogovni cikel koncan; padlih korakov: 0.
06:57:26  == Zaloga NW_STOCK ==
06:57:27     SOURCE_FETCH: se ni na vrsti po razporedu; preskoceno.
06:57:28     Prebranih zapisov: 2762; SHA-256: 159dda0b43cd7baeafcd7b3c730fe0643f306c2b0fc7f9cf147496eea597a32b
06:57:28     STOCK_FILE pri podjetju 1: se ni na vrsti po razporedu; preskoceno.
06:57:29     Prebranih zapisov: 2762; SHA-256: 159dda0b43cd7baeafcd7b3c730fe0643f306c2b0fc7f9cf147496eea597a32b
06:57:29     STOCK_FILE pri podjetju 2: se ni na vrsti po razporedu; preskoceno.
06:57:30     Prebranih zapisov: 2762; SHA-256: 159dda0b43cd7baeafcd7b3c730fe0643f306c2b0fc7f9cf147496eea597a32b
06:57:30     STOCK_FILE pri podjetju 3: se ni na vrsti po razporedu; preskoceno.
06:57:30     Prebranih zapisov: 2762; SHA-256: 159dda0b43cd7baeafcd7b3c730fe0643f306c2b0fc7f9cf147496eea597a32b
06:57:31     STOCK_FILE pri podjetju 4: se ni na vrsti po razporedu; preskoceno.
06:57:31     konec: Zaloga NW_STOCK
06:57:31  == Zaloga BT_STOCK ==
06:57:32     [BT_STOCK] preskoceno: Razmik dobavitelja se tece; naslednji prenos po 10. 09. 2026 09:27.
06:57:32     Prevzem koncan: uspesno 0, neuspesno 0, skupaj virov 1.
06:57:32     Prebranih zapisov: 1389; SHA-256: 9ce1d9db0059312edfef65a64a5893e7d23591917f0431275cc8801f9ce4e5a9
06:57:33     STOCK_FILE pri podjetju 1: se ni na vrsti po razporedu; preskoceno.
06:57:33     Prebranih zapisov: 1389; SHA-256: 9ce1d9db0059312edfef65a64a5893e7d23591917f0431275cc8801f9ce4e5a9
06:57:34     STOCK_FILE pri podjetju 2: se ni na vrsti po razporedu; preskoceno.
06:57:34     Prebranih zapisov: 1389; SHA-256: 9ce1d9db0059312edfef65a64a5893e7d23591917f0431275cc8801f9ce4e5a9
06:57:35     STOCK_FILE pri podjetju 3: se ni na vrsti po razporedu; preskoceno.
06:57:35     Prebranih zapisov: 1389; SHA-256: 9ce1d9db0059312edfef65a64a5893e7d23591917f0431275cc8801f9ce4e5a9
06:57:36     STOCK_FILE pri podjetju 4: se ni na vrsti po razporedu; preskoceno.
06:57:36     konec: Zaloga BT_STOCK
06:57:36  == Zaloga iz SAOP (kolicine) ==
06:57:37     [1] SAOP_STOCK: se ni na vrsti po razporedu; preskoceno.
06:57:37     [2] SAOP_STOCK: se ni na vrsti po razporedu; preskoceno.
06:57:37     [3] SAOP_STOCK: se ni na vrsti po razporedu; preskoceno.
06:57:37     [4] SAOP_STOCK: se ni na vrsti po razporedu; preskoceno.
06:57:37     konec: Zaloga iz SAOP (kolicine)
06:57:37  == Izvoz cen in zaloge za splet ==
06:57:39     Izvoz profila MAGENTO_STOCK_PRICES končan: 352 vrstic v C:\Users\david\Desktop\PIM\NoviPIM\izvoz\magento\1
06:57:42     Izvoz profila MAGENTO_STOCK_PRICES končan: 2071 vrstic v C:\Users\david\Desktop\PIM\NoviPIM\izvoz\magento\2
06:57:45     Izvoz profila MAGENTO_STOCK_PRICES končan: 2488 vrstic v C:\Users\david\Desktop\PIM\NoviPIM\izvoz\magento\3
06:57:46     Izvoz profila MAGENTO_STOCK_PRICES končan: 0 vrstic v C:\Users\david\Desktop\PIM\NoviPIM\izvoz\magento\4
06:57:46     konec: Izvoz cen in zaloge za splet
06:57:46  Zalogovni cikel koncan; padlih korakov: 0.
07:02:26  == Zaloga NW_STOCK ==
07:02:27     SOURCE_FETCH: se ni na vrsti po razporedu; preskoceno.
07:02:28     Prebranih zapisov: 2762; SHA-256: 159dda0b43cd7baeafcd7b3c730fe0643f306c2b0fc7f9cf147496eea597a32b
07:02:28     Ta posnetek je ze v bazi; vir=NW_STOCK, podjetje=1, cas posnetka=2026-09-10 04:22:30Z, uporabljenih=2762, v karanteni=0, RunId=82afbd32-721c-4762-9246-6ccbbdda8474. Zapisano ni bilo nic.
07:02:29     Prebranih zapisov: 2762; SHA-256: 159dda0b43cd7baeafcd7b3c730fe0643f306c2b0fc7f9cf147496eea597a32b
07:02:29     Ta posnetek je ze v bazi; vir=NW_STOCK, podjetje=2, cas posnetka=2026-09-10 04:22:30Z, uporabljenih=2762, v karanteni=0, RunId=bac8be65-b4f6-48ed-a468-2af66ef32a7d. Zapisano ni bilo nic.
07:02:30     Prebranih zapisov: 2762; SHA-256: 159dda0b43cd7baeafcd7b3c730fe0643f306c2b0fc7f9cf147496eea597a32b
07:02:30     Ta posnetek je ze v bazi; vir=NW_STOCK, podjetje=3, cas posnetka=2026-09-10 04:22:30Z, uporabljenih=2762, v karanteni=0, RunId=4742c140-b302-46cc-9f11-028995da04f0. Zapisano ni bilo nic.
07:02:31     Prebranih zapisov: 2762; SHA-256: 159dda0b43cd7baeafcd7b3c730fe0643f306c2b0fc7f9cf147496eea597a32b
07:02:31     Ta posnetek je ze v bazi; vir=NW_STOCK, podjetje=4, cas posnetka=2026-09-10 04:22:30Z, uporabljenih=2762, v karanteni=0, RunId=1c0cc982-8b1d-4a4f-af77-eb977eaee352. Zapisano ni bilo nic.
07:02:31     konec: Zaloga NW_STOCK
07:02:31  == Zaloga BT_STOCK ==
07:02:32     [BT_STOCK] preskoceno: Razmik dobavitelja se tece; naslednji prenos po 10. 09. 2026 09:27.
07:02:32     Prevzem koncan: uspesno 0, neuspesno 0, skupaj virov 1.
07:02:33     Prebranih zapisov: 1389; SHA-256: 9ce1d9db0059312edfef65a64a5893e7d23591917f0431275cc8801f9ce4e5a9
07:02:33     STOCK_FILE pri podjetju 1: se ni na vrsti po razporedu; preskoceno.
07:02:34     Prebranih zapisov: 1389; SHA-256: 9ce1d9db0059312edfef65a64a5893e7d23591917f0431275cc8801f9ce4e5a9
07:02:34     STOCK_FILE pri podjetju 2: se ni na vrsti po razporedu; preskoceno.
07:02:35     Prebranih zapisov: 1389; SHA-256: 9ce1d9db0059312edfef65a64a5893e7d23591917f0431275cc8801f9ce4e5a9
07:02:35     STOCK_FILE pri podjetju 3: se ni na vrsti po razporedu; preskoceno.
07:02:36     Prebranih zapisov: 1389; SHA-256: 9ce1d9db0059312edfef65a64a5893e7d23591917f0431275cc8801f9ce4e5a9
07:02:36     STOCK_FILE pri podjetju 4: se ni na vrsti po razporedu; preskoceno.
07:02:36     konec: Zaloga BT_STOCK
07:02:36  == Zaloga iz SAOP (kolicine) ==
07:02:37     [1] SAOP_STOCK: se ni na vrsti po razporedu; preskoceno.
07:02:37     [2] SAOP_STOCK: se ni na vrsti po razporedu; preskoceno.
07:02:37     [3] SAOP_STOCK: se ni na vrsti po razporedu; preskoceno.
07:02:37     [4] SAOP_STOCK: se ni na vrsti po razporedu; preskoceno.
07:02:37     konec: Zaloga iz SAOP (kolicine)
07:02:37  == Izvoz cen in zaloge za splet ==
07:02:39     Izvoz profila MAGENTO_STOCK_PRICES končan: 352 vrstic v C:\Users\david\Desktop\PIM\NoviPIM\izvoz\magento\1
07:02:42     Izvoz profila MAGENTO_STOCK_PRICES končan: 2071 vrstic v C:\Users\david\Desktop\PIM\NoviPIM\izvoz\magento\2
07:02:45     Izvoz profila MAGENTO_STOCK_PRICES končan: 2488 vrstic v C:\Users\david\Desktop\PIM\NoviPIM\izvoz\magento\3
07:02:46     Izvoz profila MAGENTO_STOCK_PRICES končan: 0 vrstic v C:\Users\david\Desktop\PIM\NoviPIM\izvoz\magento\4
07:02:46     konec: Izvoz cen in zaloge za splet
07:02:46  Zalogovni cikel koncan; padlih korakov: 0.
07:07:26  == Zaloga NW_STOCK ==
07:07:27     SOURCE_FETCH: se ni na vrsti po razporedu; preskoceno.
07:07:28     Prebranih zapisov: 2762; SHA-256: 159dda0b43cd7baeafcd7b3c730fe0643f306c2b0fc7f9cf147496eea597a32b
07:07:28     STOCK_FILE pri podjetju 1: se ni na vrsti po razporedu; preskoceno.
07:07:29     Prebranih zapisov: 2762; SHA-256: 159dda0b43cd7baeafcd7b3c730fe0643f306c2b0fc7f9cf147496eea597a32b
07:07:29     STOCK_FILE pri podjetju 2: se ni na vrsti po razporedu; preskoceno.
07:07:30     Prebranih zapisov: 2762; SHA-256: 159dda0b43cd7baeafcd7b3c730fe0643f306c2b0fc7f9cf147496eea597a32b
07:07:30     STOCK_FILE pri podjetju 3: se ni na vrsti po razporedu; preskoceno.
07:07:31     Prebranih zapisov: 2762; SHA-256: 159dda0b43cd7baeafcd7b3c730fe0643f306c2b0fc7f9cf147496eea597a32b
07:07:31     STOCK_FILE pri podjetju 4: se ni na vrsti po razporedu; preskoceno.
07:07:31     konec: Zaloga NW_STOCK
07:07:31  == Zaloga BT_STOCK ==
07:07:32     SOURCE_FETCH: se ni na vrsti po razporedu; preskoceno.
07:07:32     Prebranih zapisov: 1389; SHA-256: 9ce1d9db0059312edfef65a64a5893e7d23591917f0431275cc8801f9ce4e5a9
07:07:33     Ta posnetek je ze v bazi; vir=BT_STOCK, podjetje=1, cas posnetka=2026-09-10 04:27:35Z, uporabljenih=1389, v karanteni=0, RunId=5650a398-ec28-4bf4-85ab-8198ca9829cf. Zapisano ni bilo nic.
07:07:34     Prebranih zapisov: 1389; SHA-256: 9ce1d9db0059312edfef65a64a5893e7d23591917f0431275cc8801f9ce4e5a9
07:07:34     Ta posnetek je ze v bazi; vir=BT_STOCK, podjetje=2, cas posnetka=2026-09-10 04:27:35Z, uporabljenih=1389, v karanteni=0, RunId=93f3be1b-9c0e-481c-baed-972a17fc008d. Zapisano ni bilo nic.
07:07:35     Prebranih zapisov: 1389; SHA-256: 9ce1d9db0059312edfef65a64a5893e7d23591917f0431275cc8801f9ce4e5a9
07:07:35     Ta posnetek je ze v bazi; vir=BT_STOCK, podjetje=3, cas posnetka=2026-09-10 04:27:35Z, uporabljenih=1389, v karanteni=0, RunId=ebba2baa-7caa-4417-89e2-cd2d99ef442d. Zapisano ni bilo nic.
07:07:36     Prebranih zapisov: 1389; SHA-256: 9ce1d9db0059312edfef65a64a5893e7d23591917f0431275cc8801f9ce4e5a9
07:07:36     Ta posnetek je ze v bazi; vir=BT_STOCK, podjetje=4, cas posnetka=2026-09-10 04:27:35Z, uporabljenih=1389, v karanteni=0, RunId=ce7b32c0-029c-435f-a334-eb93110ccf41. Zapisano ni bilo nic.
07:07:36     konec: Zaloga BT_STOCK
07:07:36  == Zaloga iz SAOP (kolicine) ==
07:07:58     STDERR: [1] NAPAKA: A connection attempt failed because the connected party did not properly respond after a period of time, or established connection failed because connected host has failed to respond. (192.168.178.12:81)
07:08:19     STDERR: [2] NAPAKA: A connection attempt failed because the connected party did not properly respond after a period of time, or established connection failed because connected host has failed to respond. (192.168.178.12:81)
07:08:40     STDERR: [3] NAPAKA: A connection attempt failed because the connected party did not properly respond after a period of time, or established connection failed because connected host has failed to respond. (192.168.178.12:81)
07:09:01     STDERR: [4] NAPAKA: A connection attempt failed because the connected party did not properly respond after a period of time, or established connection failed because connected host has failed to respond. (192.168.178.12:81)
07:09:01     NAPAKA: worker workers\PIM.SaopStockWorker je koncal z izhodno kodo 1
07:09:01  == Izvoz cen in zaloge za splet ==
07:09:03     Izvoz profila MAGENTO_STOCK_PRICES končan: 352 vrstic v C:\Users\david\Desktop\PIM\NoviPIM\izvoz\magento\1
07:09:06     Izvoz profila MAGENTO_STOCK_PRICES končan: 2071 vrstic v C:\Users\david\Desktop\PIM\NoviPIM\izvoz\magento\2
07:09:09     Izvoz profila MAGENTO_STOCK_PRICES končan: 2488 vrstic v C:\Users\david\Desktop\PIM\NoviPIM\izvoz\magento\3
07:09:11     Izvoz profila MAGENTO_STOCK_PRICES končan: 0 vrstic v C:\Users\david\Desktop\PIM\NoviPIM\izvoz\magento\4
07:09:11     konec: Izvoz cen in zaloge za splet
07:09:11  Zalogovni cikel koncan; padlih korakov: 1.
07:12:26  == Zaloga NW_STOCK ==
07:12:27     [NW_STOCK] preskoceno: Razmik dobavitelja se tece; naslednji prenos po 10. 09. 2026 08:22.
07:12:27     Prevzem koncan: uspesno 0, neuspesno 0, skupaj virov 1.
07:12:28     Prebranih zapisov: 2762; SHA-256: 159dda0b43cd7baeafcd7b3c730fe0643f306c2b0fc7f9cf147496eea597a32b
07:12:28     STOCK_FILE pri podjetju 1: se ni na vrsti po razporedu; preskoceno.
07:12:29     Prebranih zapisov: 2762; SHA-256: 159dda0b43cd7baeafcd7b3c730fe0643f306c2b0fc7f9cf147496eea597a32b
07:12:29     STOCK_FILE pri podjetju 2: se ni na vrsti po razporedu; preskoceno.
07:12:30     Prebranih zapisov: 2762; SHA-256: 159dda0b43cd7baeafcd7b3c730fe0643f306c2b0fc7f9cf147496eea597a32b
07:12:30     STOCK_FILE pri podjetju 3: se ni na vrsti po razporedu; preskoceno.
07:12:31     Prebranih zapisov: 2762; SHA-256: 159dda0b43cd7baeafcd7b3c730fe0643f306c2b0fc7f9cf147496eea597a32b
07:12:31     STOCK_FILE pri podjetju 4: se ni na vrsti po razporedu; preskoceno.
07:12:31     konec: Zaloga NW_STOCK
07:12:31  == Zaloga BT_STOCK ==
07:12:32     SOURCE_FETCH: se ni na vrsti po razporedu; preskoceno.
07:12:33     Prebranih zapisov: 1389; SHA-256: 9ce1d9db0059312edfef65a64a5893e7d23591917f0431275cc8801f9ce4e5a9
07:12:33     Ta posnetek je ze v bazi; vir=BT_STOCK, podjetje=1, cas posnetka=2026-09-10 04:27:35Z, uporabljenih=1389, v karanteni=0, RunId=5650a398-ec28-4bf4-85ab-8198ca9829cf. Zapisano ni bilo nic.
07:12:34     Prebranih zapisov: 1389; SHA-256: 9ce1d9db0059312edfef65a64a5893e7d23591917f0431275cc8801f9ce4e5a9
07:12:34     Ta posnetek je ze v bazi; vir=BT_STOCK, podjetje=2, cas posnetka=2026-09-10 04:27:35Z, uporabljenih=1389, v karanteni=0, RunId=93f3be1b-9c0e-481c-baed-972a17fc008d. Zapisano ni bilo nic.
07:12:35     Prebranih zapisov: 1389; SHA-256: 9ce1d9db0059312edfef65a64a5893e7d23591917f0431275cc8801f9ce4e5a9
07:12:35     Ta posnetek je ze v bazi; vir=BT_STOCK, podjetje=3, cas posnetka=2026-09-10 04:27:35Z, uporabljenih=1389, v karanteni=0, RunId=ebba2baa-7caa-4417-89e2-cd2d99ef442d. Zapisano ni bilo nic.
07:12:36     Prebranih zapisov: 1389; SHA-256: 9ce1d9db0059312edfef65a64a5893e7d23591917f0431275cc8801f9ce4e5a9
07:12:36     Ta posnetek je ze v bazi; vir=BT_STOCK, podjetje=4, cas posnetka=2026-09-10 04:27:35Z, uporabljenih=1389, v karanteni=0, RunId=ce7b32c0-029c-435f-a334-eb93110ccf41. Zapisano ni bilo nic.
07:12:36     konec: Zaloga BT_STOCK
07:12:36  == Zaloga iz SAOP (kolicine) ==
07:12:37     [1] SAOP_STOCK: se ni na vrsti po razporedu; preskoceno.
07:12:37     [2] SAOP_STOCK: se ni na vrsti po razporedu; preskoceno.
07:12:37     [3] SAOP_STOCK: se ni na vrsti po razporedu; preskoceno.
07:12:37     [4] SAOP_STOCK: se ni na vrsti po razporedu; preskoceno.
07:12:37     konec: Zaloga iz SAOP (kolicine)
07:12:37  == Izvoz cen in zaloge za splet ==
07:12:39     Izvoz profila MAGENTO_STOCK_PRICES končan: 352 vrstic v C:\Users\david\Desktop\PIM\NoviPIM\izvoz\magento\1
07:12:42     Izvoz profila MAGENTO_STOCK_PRICES končan: 2071 vrstic v C:\Users\david\Desktop\PIM\NoviPIM\izvoz\magento\2
07:12:45     Izvoz profila MAGENTO_STOCK_PRICES končan: 2488 vrstic v C:\Users\david\Desktop\PIM\NoviPIM\izvoz\magento\3
07:12:46     Izvoz profila MAGENTO_STOCK_PRICES končan: 0 vrstic v C:\Users\david\Desktop\PIM\NoviPIM\izvoz\magento\4
07:12:46     konec: Izvoz cen in zaloge za splet
07:12:46  Zalogovni cikel koncan; padlih korakov: 0.
07:17:26  == Zaloga NW_STOCK ==
07:17:27     SOURCE_FETCH: se ni na vrsti po razporedu; preskoceno.
07:17:28     Prebranih zapisov: 2762; SHA-256: 159dda0b43cd7baeafcd7b3c730fe0643f306c2b0fc7f9cf147496eea597a32b
07:17:28     STOCK_FILE pri podjetju 1: se ni na vrsti po razporedu; preskoceno.
07:17:29     Prebranih zapisov: 2762; SHA-256: 159dda0b43cd7baeafcd7b3c730fe0643f306c2b0fc7f9cf147496eea597a32b
07:17:29     STOCK_FILE pri podjetju 2: se ni na vrsti po razporedu; preskoceno.
07:17:30     Prebranih zapisov: 2762; SHA-256: 159dda0b43cd7baeafcd7b3c730fe0643f306c2b0fc7f9cf147496eea597a32b
07:17:30     STOCK_FILE pri podjetju 3: se ni na vrsti po razporedu; preskoceno.
07:17:31     Prebranih zapisov: 2762; SHA-256: 159dda0b43cd7baeafcd7b3c730fe0643f306c2b0fc7f9cf147496eea597a32b
07:17:31     STOCK_FILE pri podjetju 4: se ni na vrsti po razporedu; preskoceno.
07:17:31     konec: Zaloga NW_STOCK
07:17:31  == Zaloga BT_STOCK ==
07:17:32     [BT_STOCK] preskoceno: Razmik dobavitelja se tece; naslednji prenos po 10. 09. 2026 09:27.
07:17:32     Prevzem koncan: uspesno 0, neuspesno 0, skupaj virov 1.
07:17:32     Prebranih zapisov: 1389; SHA-256: 9ce1d9db0059312edfef65a64a5893e7d23591917f0431275cc8801f9ce4e5a9
07:17:33     STOCK_FILE pri podjetju 1: se ni na vrsti po razporedu; preskoceno.
07:17:33     Prebranih zapisov: 1389; SHA-256: 9ce1d9db0059312edfef65a64a5893e7d23591917f0431275cc8801f9ce4e5a9
07:17:34     STOCK_FILE pri podjetju 2: se ni na vrsti po razporedu; preskoceno.
07:17:34     Prebranih zapisov: 1389; SHA-256: 9ce1d9db0059312edfef65a64a5893e7d23591917f0431275cc8801f9ce4e5a9
07:17:35     STOCK_FILE pri podjetju 3: se ni na vrsti po razporedu; preskoceno.
07:17:36     Prebranih zapisov: 1389; SHA-256: 9ce1d9db0059312edfef65a64a5893e7d23591917f0431275cc8801f9ce4e5a9
07:17:36     STOCK_FILE pri podjetju 4: se ni na vrsti po razporedu; preskoceno.
07:17:36     konec: Zaloga BT_STOCK
07:17:36  == Zaloga iz SAOP (kolicine) ==
07:17:37     [1] SAOP_STOCK: se ni na vrsti po razporedu; preskoceno.
07:17:37     [2] SAOP_STOCK: se ni na vrsti po razporedu; preskoceno.
07:17:37     [3] SAOP_STOCK: se ni na vrsti po razporedu; preskoceno.
07:17:37     [4] SAOP_STOCK: se ni na vrsti po razporedu; preskoceno.
07:17:37     konec: Zaloga iz SAOP (kolicine)
07:17:37  == Izvoz cen in zaloge za splet ==
07:17:39     Izvoz profila MAGENTO_STOCK_PRICES končan: 352 vrstic v C:\Users\david\Desktop\PIM\NoviPIM\izvoz\magento\1
07:17:42     Izvoz profila MAGENTO_STOCK_PRICES končan: 2071 vrstic v C:\Users\david\Desktop\PIM\NoviPIM\izvoz\magento\2
07:17:45     Izvoz profila MAGENTO_STOCK_PRICES končan: 2488 vrstic v C:\Users\david\Desktop\PIM\NoviPIM\izvoz\magento\3
07:17:46     Izvoz profila MAGENTO_STOCK_PRICES končan: 0 vrstic v C:\Users\david\Desktop\PIM\NoviPIM\izvoz\magento\4
07:17:46     konec: Izvoz cen in zaloge za splet
07:17:46  Zalogovni cikel koncan; padlih korakov: 0.
07:22:26  == Zaloga NW_STOCK ==
07:22:27     SOURCE_FETCH: se ni na vrsti po razporedu; preskoceno.
07:22:28     Prebranih zapisov: 2762; SHA-256: 159dda0b43cd7baeafcd7b3c730fe0643f306c2b0fc7f9cf147496eea597a32b
07:22:28     Ta posnetek je ze v bazi; vir=NW_STOCK, podjetje=1, cas posnetka=2026-09-10 04:22:30Z, uporabljenih=2762, v karanteni=0, RunId=82afbd32-721c-4762-9246-6ccbbdda8474. Zapisano ni bilo nic.
07:22:29     Prebranih zapisov: 2762; SHA-256: 159dda0b43cd7baeafcd7b3c730fe0643f306c2b0fc7f9cf147496eea597a32b
07:22:29     Ta posnetek je ze v bazi; vir=NW_STOCK, podjetje=2, cas posnetka=2026-09-10 04:22:30Z, uporabljenih=2762, v karanteni=0, RunId=bac8be65-b4f6-48ed-a468-2af66ef32a7d. Zapisano ni bilo nic.
07:22:30     Prebranih zapisov: 2762; SHA-256: 159dda0b43cd7baeafcd7b3c730fe0643f306c2b0fc7f9cf147496eea597a32b
07:22:30     Ta posnetek je ze v bazi; vir=NW_STOCK, podjetje=3, cas posnetka=2026-09-10 04:22:30Z, uporabljenih=2762, v karanteni=0, RunId=4742c140-b302-46cc-9f11-028995da04f0. Zapisano ni bilo nic.
07:22:31     Prebranih zapisov: 2762; SHA-256: 159dda0b43cd7baeafcd7b3c730fe0643f306c2b0fc7f9cf147496eea597a32b
07:22:31     Ta posnetek je ze v bazi; vir=NW_STOCK, podjetje=4, cas posnetka=2026-09-10 04:22:30Z, uporabljenih=2762, v karanteni=0, RunId=1c0cc982-8b1d-4a4f-af77-eb977eaee352. Zapisano ni bilo nic.
07:22:31     konec: Zaloga NW_STOCK
07:22:31  == Zaloga BT_STOCK ==
07:22:32     [BT_STOCK] preskoceno: Razmik dobavitelja se tece; naslednji prenos po 10. 09. 2026 09:27.
07:22:32     Prevzem koncan: uspesno 0, neuspesno 0, skupaj virov 1.
07:22:33     Prebranih zapisov: 1389; SHA-256: 9ce1d9db0059312edfef65a64a5893e7d23591917f0431275cc8801f9ce4e5a9
07:22:33     STOCK_FILE pri podjetju 1: se ni na vrsti po razporedu; preskoceno.
07:22:34     Prebranih zapisov: 1389; SHA-256: 9ce1d9db0059312edfef65a64a5893e7d23591917f0431275cc8801f9ce4e5a9
07:22:34     STOCK_FILE pri podjetju 2: se ni na vrsti po razporedu; preskoceno.
07:22:35     Prebranih zapisov: 1389; SHA-256: 9ce1d9db0059312edfef65a64a5893e7d23591917f0431275cc8801f9ce4e5a9
07:22:35     STOCK_FILE pri podjetju 3: se ni na vrsti po razporedu; preskoceno.
07:22:36     Prebranih zapisov: 1389; SHA-256: 9ce1d9db0059312edfef65a64a5893e7d23591917f0431275cc8801f9ce4e5a9
07:22:36     STOCK_FILE pri podjetju 4: se ni na vrsti po razporedu; preskoceno.
07:22:36     konec: Zaloga BT_STOCK
07:22:36  == Zaloga iz SAOP (kolicine) ==
07:22:37     [1] SAOP_STOCK: se ni na vrsti po razporedu; preskoceno.
07:22:37     [2] SAOP_STOCK: se ni na vrsti po razporedu; preskoceno.
07:22:37     [3] SAOP_STOCK: se ni na vrsti po razporedu; preskoceno.
07:22:37     [4] SAOP_STOCK: se ni na vrsti po razporedu; preskoceno.
07:22:37     konec: Zaloga iz SAOP (kolicine)
07:22:37  == Izvoz cen in zaloge za splet ==
07:22:39     Izvoz profila MAGENTO_STOCK_PRICES končan: 352 vrstic v C:\Users\david\Desktop\PIM\NoviPIM\izvoz\magento\1
07:22:42     Izvoz profila MAGENTO_STOCK_PRICES končan: 2071 vrstic v C:\Users\david\Desktop\PIM\NoviPIM\izvoz\magento\2
07:22:45     Izvoz profila MAGENTO_STOCK_PRICES končan: 2488 vrstic v C:\Users\david\Desktop\PIM\NoviPIM\izvoz\magento\3
07:22:46     Izvoz profila MAGENTO_STOCK_PRICES končan: 0 vrstic v C:\Users\david\Desktop\PIM\NoviPIM\izvoz\magento\4
07:22:46     konec: Izvoz cen in zaloge za splet
07:22:46  Zalogovni cikel koncan; padlih korakov: 0.
07:27:26  == Zaloga NW_STOCK ==
07:27:27     SOURCE_FETCH: se ni na vrsti po razporedu; preskoceno.
07:27:28     Prebranih zapisov: 2762; SHA-256: 159dda0b43cd7baeafcd7b3c730fe0643f306c2b0fc7f9cf147496eea597a32b
07:27:28     Ta posnetek je ze v bazi; vir=NW_STOCK, podjetje=1, cas posnetka=2026-09-10 04:22:30Z, uporabljenih=2762, v karanteni=0, RunId=82afbd32-721c-4762-9246-6ccbbdda8474. Zapisano ni bilo nic.
07:27:29     Prebranih zapisov: 2762; SHA-256: 159dda0b43cd7baeafcd7b3c730fe0643f306c2b0fc7f9cf147496eea597a32b
07:27:29     Ta posnetek je ze v bazi; vir=NW_STOCK, podjetje=2, cas posnetka=2026-09-10 04:22:30Z, uporabljenih=2762, v karanteni=0, RunId=bac8be65-b4f6-48ed-a468-2af66ef32a7d. Zapisano ni bilo nic.
07:27:30     Prebranih zapisov: 2762; SHA-256: 159dda0b43cd7baeafcd7b3c730fe0643f306c2b0fc7f9cf147496eea597a32b
07:27:30     Ta posnetek je ze v bazi; vir=NW_STOCK, podjetje=3, cas posnetka=2026-09-10 04:22:30Z, uporabljenih=2762, v karanteni=0, RunId=4742c140-b302-46cc-9f11-028995da04f0. Zapisano ni bilo nic.
07:27:31     Prebranih zapisov: 2762; SHA-256: 159dda0b43cd7baeafcd7b3c730fe0643f306c2b0fc7f9cf147496eea597a32b
07:27:31     Ta posnetek je ze v bazi; vir=NW_STOCK, podjetje=4, cas posnetka=2026-09-10 04:22:30Z, uporabljenih=2762, v karanteni=0, RunId=1c0cc982-8b1d-4a4f-af77-eb977eaee352. Zapisano ni bilo nic.
07:27:31     konec: Zaloga NW_STOCK
07:27:31  == Zaloga BT_STOCK ==
07:27:32     [BT_STOCK] preskoceno: Razmik dobavitelja se tece; naslednji prenos po 10. 09. 2026 09:27.
07:27:32     Prevzem koncan: uspesno 0, neuspesno 0, skupaj virov 1.
07:27:33     Prebranih zapisov: 1389; SHA-256: 9ce1d9db0059312edfef65a64a5893e7d23591917f0431275cc8801f9ce4e5a9
07:27:33     STOCK_FILE pri podjetju 1: se ni na vrsti po razporedu; preskoceno.
07:27:34     Prebranih zapisov: 1389; SHA-256: 9ce1d9db0059312edfef65a64a5893e7d23591917f0431275cc8801f9ce4e5a9
07:27:34     STOCK_FILE pri podjetju 2: se ni na vrsti po razporedu; preskoceno.
07:27:35     Prebranih zapisov: 1389; SHA-256: 9ce1d9db0059312edfef65a64a5893e7d23591917f0431275cc8801f9ce4e5a9
07:27:35     STOCK_FILE pri podjetju 3: se ni na vrsti po razporedu; preskoceno.
07:27:36     Prebranih zapisov: 1389; SHA-256: 9ce1d9db0059312edfef65a64a5893e7d23591917f0431275cc8801f9ce4e5a9
07:27:36     STOCK_FILE pri podjetju 4: se ni na vrsti po razporedu; preskoceno.
07:27:36     konec: Zaloga BT_STOCK
07:27:36  == Zaloga iz SAOP (kolicine) ==
07:27:37     [1] SAOP_STOCK: se ni na vrsti po razporedu; preskoceno.
07:27:37     [2] SAOP_STOCK: se ni na vrsti po razporedu; preskoceno.
07:27:37     [3] SAOP_STOCK: se ni na vrsti po razporedu; preskoceno.
07:27:37     [4] SAOP_STOCK: se ni na vrsti po razporedu; preskoceno.
07:27:37     konec: Zaloga iz SAOP (kolicine)
07:27:37  == Izvoz cen in zaloge za splet ==
07:27:39     Izvoz profila MAGENTO_STOCK_PRICES končan: 352 vrstic v C:\Users\david\Desktop\PIM\NoviPIM\izvoz\magento\1
07:27:42     Izvoz profila MAGENTO_STOCK_PRICES končan: 2071 vrstic v C:\Users\david\Desktop\PIM\NoviPIM\izvoz\magento\2
07:27:45     Izvoz profila MAGENTO_STOCK_PRICES končan: 2488 vrstic v C:\Users\david\Desktop\PIM\NoviPIM\izvoz\magento\3
07:27:46     Izvoz profila MAGENTO_STOCK_PRICES končan: 0 vrstic v C:\Users\david\Desktop\PIM\NoviPIM\izvoz\magento\4
07:27:47     konec: Izvoz cen in zaloge za splet
07:27:47  Zalogovni cikel koncan; padlih korakov: 0.
07:32:26  == Zaloga NW_STOCK ==
07:32:27     SOURCE_FETCH: se ni na vrsti po razporedu; preskoceno.
07:32:28     Prebranih zapisov: 2762; SHA-256: 159dda0b43cd7baeafcd7b3c730fe0643f306c2b0fc7f9cf147496eea597a32b
07:32:28     STOCK_FILE pri podjetju 1: se ni na vrsti po razporedu; preskoceno.
07:32:29     Prebranih zapisov: 2762; SHA-256: 159dda0b43cd7baeafcd7b3c730fe0643f306c2b0fc7f9cf147496eea597a32b
07:32:29     STOCK_FILE pri podjetju 2: se ni na vrsti po razporedu; preskoceno.
07:32:30     Prebranih zapisov: 2762; SHA-256: 159dda0b43cd7baeafcd7b3c730fe0643f306c2b0fc7f9cf147496eea597a32b
07:32:30     STOCK_FILE pri podjetju 3: se ni na vrsti po razporedu; preskoceno.
07:32:31     Prebranih zapisov: 2762; SHA-256: 159dda0b43cd7baeafcd7b3c730fe0643f306c2b0fc7f9cf147496eea597a32b
07:32:31     STOCK_FILE pri podjetju 4: se ni na vrsti po razporedu; preskoceno.
07:32:31     konec: Zaloga NW_STOCK
07:32:31  == Zaloga BT_STOCK ==
07:32:32     SOURCE_FETCH: se ni na vrsti po razporedu; preskoceno.
07:32:32     Prebranih zapisov: 1389; SHA-256: 9ce1d9db0059312edfef65a64a5893e7d23591917f0431275cc8801f9ce4e5a9
07:32:33     Ta posnetek je ze v bazi; vir=BT_STOCK, podjetje=1, cas posnetka=2026-09-10 04:27:35Z, uporabljenih=1389, v karanteni=0, RunId=5650a398-ec28-4bf4-85ab-8198ca9829cf. Zapisano ni bilo nic.
07:32:34     Prebranih zapisov: 1389; SHA-256: 9ce1d9db0059312edfef65a64a5893e7d23591917f0431275cc8801f9ce4e5a9
07:32:34     Ta posnetek je ze v bazi; vir=BT_STOCK, podjetje=2, cas posnetka=2026-09-10 04:27:35Z, uporabljenih=1389, v karanteni=0, RunId=93f3be1b-9c0e-481c-baed-972a17fc008d. Zapisano ni bilo nic.
07:32:35     Prebranih zapisov: 1389; SHA-256: 9ce1d9db0059312edfef65a64a5893e7d23591917f0431275cc8801f9ce4e5a9
07:32:35     Ta posnetek je ze v bazi; vir=BT_STOCK, podjetje=3, cas posnetka=2026-09-10 04:27:35Z, uporabljenih=1389, v karanteni=0, RunId=ebba2baa-7caa-4417-89e2-cd2d99ef442d. Zapisano ni bilo nic.
07:32:36     Prebranih zapisov: 1389; SHA-256: 9ce1d9db0059312edfef65a64a5893e7d23591917f0431275cc8801f9ce4e5a9
07:32:36     Ta posnetek je ze v bazi; vir=BT_STOCK, podjetje=4, cas posnetka=2026-09-10 04:27:35Z, uporabljenih=1389, v karanteni=0, RunId=ce7b32c0-029c-435f-a334-eb93110ccf41. Zapisano ni bilo nic.
07:32:36     konec: Zaloga BT_STOCK
07:32:36  == Zaloga iz SAOP (kolicine) ==
07:32:37     [1] SAOP_STOCK: se ni na vrsti po razporedu; preskoceno.
07:32:37     [2] SAOP_STOCK: se ni na vrsti po razporedu; preskoceno.
07:32:37     [3] SAOP_STOCK: se ni na vrsti po razporedu; preskoceno.
07:32:37     [4] SAOP_STOCK: se ni na vrsti po razporedu; preskoceno.
07:32:37     konec: Zaloga iz SAOP (kolicine)
07:32:37  == Izvoz cen in zaloge za splet ==
07:32:39     Izvoz profila MAGENTO_STOCK_PRICES končan: 352 vrstic v C:\Users\david\Desktop\PIM\NoviPIM\izvoz\magento\1
07:32:42     Izvoz profila MAGENTO_STOCK_PRICES končan: 2071 vrstic v C:\Users\david\Desktop\PIM\NoviPIM\izvoz\magento\2
07:32:45     Izvoz profila MAGENTO_STOCK_PRICES končan: 2488 vrstic v C:\Users\david\Desktop\PIM\NoviPIM\izvoz\magento\3
07:32:46     Izvoz profila MAGENTO_STOCK_PRICES končan: 0 vrstic v C:\Users\david\Desktop\PIM\NoviPIM\izvoz\magento\4
07:32:46     konec: Izvoz cen in zaloge za splet
07:32:46  Zalogovni cikel koncan; padlih korakov: 0.
07:37:26  == Zaloga NW_STOCK ==
07:37:27     [NW_STOCK] preskoceno: Razmik dobavitelja se tece; naslednji prenos po 10. 09. 2026 08:22.
07:37:27     Prevzem koncan: uspesno 0, neuspesno 0, skupaj virov 1.
07:37:28     Prebranih zapisov: 2762; SHA-256: 159dda0b43cd7baeafcd7b3c730fe0643f306c2b0fc7f9cf147496eea597a32b
07:37:28     STOCK_FILE pri podjetju 1: se ni na vrsti po razporedu; preskoceno.
07:37:29     Prebranih zapisov: 2762; SHA-256: 159dda0b43cd7baeafcd7b3c730fe0643f306c2b0fc7f9cf147496eea597a32b
07:37:29     STOCK_FILE pri podjetju 2: se ni na vrsti po razporedu; preskoceno.
07:37:30     Prebranih zapisov: 2762; SHA-256: 159dda0b43cd7baeafcd7b3c730fe0643f306c2b0fc7f9cf147496eea597a32b
07:37:30     STOCK_FILE pri podjetju 3: se ni na vrsti po razporedu; preskoceno.
07:37:31     Prebranih zapisov: 2762; SHA-256: 159dda0b43cd7baeafcd7b3c730fe0643f306c2b0fc7f9cf147496eea597a32b
07:37:31     STOCK_FILE pri podjetju 4: se ni na vrsti po razporedu; preskoceno.
07:37:31     konec: Zaloga NW_STOCK
07:37:31  == Zaloga BT_STOCK ==
07:37:32     SOURCE_FETCH: se ni na vrsti po razporedu; preskoceno.
07:37:33     Prebranih zapisov: 1389; SHA-256: 9ce1d9db0059312edfef65a64a5893e7d23591917f0431275cc8801f9ce4e5a9
07:37:33     Ta posnetek je ze v bazi; vir=BT_STOCK, podjetje=1, cas posnetka=2026-09-10 04:27:35Z, uporabljenih=1389, v karanteni=0, RunId=5650a398-ec28-4bf4-85ab-8198ca9829cf. Zapisano ni bilo nic.
07:37:34     Prebranih zapisov: 1389; SHA-256: 9ce1d9db0059312edfef65a64a5893e7d23591917f0431275cc8801f9ce4e5a9
07:37:34     Ta posnetek je ze v bazi; vir=BT_STOCK, podjetje=2, cas posnetka=2026-09-10 04:27:35Z, uporabljenih=1389, v karanteni=0, RunId=93f3be1b-9c0e-481c-baed-972a17fc008d. Zapisano ni bilo nic.
07:37:35     Prebranih zapisov: 1389; SHA-256: 9ce1d9db0059312edfef65a64a5893e7d23591917f0431275cc8801f9ce4e5a9
07:37:35     Ta posnetek je ze v bazi; vir=BT_STOCK, podjetje=3, cas posnetka=2026-09-10 04:27:35Z, uporabljenih=1389, v karanteni=0, RunId=ebba2baa-7caa-4417-89e2-cd2d99ef442d. Zapisano ni bilo nic.
07:37:36     Prebranih zapisov: 1389; SHA-256: 9ce1d9db0059312edfef65a64a5893e7d23591917f0431275cc8801f9ce4e5a9
07:37:36     Ta posnetek je ze v bazi; vir=BT_STOCK, podjetje=4, cas posnetka=2026-09-10 04:27:35Z, uporabljenih=1389, v karanteni=0, RunId=ce7b32c0-029c-435f-a334-eb93110ccf41. Zapisano ni bilo nic.
07:37:36     konec: Zaloga BT_STOCK
07:37:36  == Zaloga iz SAOP (kolicine) ==
07:37:37     [1] SAOP_STOCK: se ni na vrsti po razporedu; preskoceno.
07:37:37     [2] SAOP_STOCK: se ni na vrsti po razporedu; preskoceno.
07:37:37     [3] SAOP_STOCK: se ni na vrsti po razporedu; preskoceno.
07:37:37     [4] SAOP_STOCK: se ni na vrsti po razporedu; preskoceno.
07:37:37     konec: Zaloga iz SAOP (kolicine)
07:37:37  == Izvoz cen in zaloge za splet ==
07:37:39     Izvoz profila MAGENTO_STOCK_PRICES končan: 352 vrstic v C:\Users\david\Desktop\PIM\NoviPIM\izvoz\magento\1
07:37:42     Izvoz profila MAGENTO_STOCK_PRICES končan: 2071 vrstic v C:\Users\david\Desktop\PIM\NoviPIM\izvoz\magento\2
07:37:45     Izvoz profila MAGENTO_STOCK_PRICES končan: 2488 vrstic v C:\Users\david\Desktop\PIM\NoviPIM\izvoz\magento\3
07:37:47     Izvoz profila MAGENTO_STOCK_PRICES končan: 0 vrstic v C:\Users\david\Desktop\PIM\NoviPIM\izvoz\magento\4
07:37:47     konec: Izvoz cen in zaloge za splet
07:37:47  Zalogovni cikel koncan; padlih korakov: 0.
07:42:26  == Zaloga NW_STOCK ==
07:42:27     [NW_STOCK] preskoceno: Razmik dobavitelja se tece; naslednji prenos po 10. 09. 2026 08:22.
07:42:27     Prevzem koncan: uspesno 0, neuspesno 0, skupaj virov 1.
07:42:28     Prebranih zapisov: 2762; SHA-256: 159dda0b43cd7baeafcd7b3c730fe0643f306c2b0fc7f9cf147496eea597a32b
07:42:28     STOCK_FILE pri podjetju 1: se ni na vrsti po razporedu; preskoceno.
07:42:29     Prebranih zapisov: 2762; SHA-256: 159dda0b43cd7baeafcd7b3c730fe0643f306c2b0fc7f9cf147496eea597a32b
07:42:29     STOCK_FILE pri podjetju 2: se ni na vrsti po razporedu; preskoceno.
07:42:30     Prebranih zapisov: 2762; SHA-256: 159dda0b43cd7baeafcd7b3c730fe0643f306c2b0fc7f9cf147496eea597a32b
07:42:30     STOCK_FILE pri podjetju 3: se ni na vrsti po razporedu; preskoceno.
07:42:31     Prebranih zapisov: 2762; SHA-256: 159dda0b43cd7baeafcd7b3c730fe0643f306c2b0fc7f9cf147496eea597a32b
07:42:31     STOCK_FILE pri podjetju 4: se ni na vrsti po razporedu; preskoceno.
07:42:31     konec: Zaloga NW_STOCK
07:42:31  == Zaloga BT_STOCK ==
07:42:32     SOURCE_FETCH: se ni na vrsti po razporedu; preskoceno.
07:42:33     Prebranih zapisov: 1389; SHA-256: 9ce1d9db0059312edfef65a64a5893e7d23591917f0431275cc8801f9ce4e5a9
07:42:33     STOCK_FILE pri podjetju 1: se ni na vrsti po razporedu; preskoceno.
07:42:34     Prebranih zapisov: 1389; SHA-256: 9ce1d9db0059312edfef65a64a5893e7d23591917f0431275cc8801f9ce4e5a9
07:42:34     STOCK_FILE pri podjetju 2: se ni na vrsti po razporedu; preskoceno.
07:42:35     Prebranih zapisov: 1389; SHA-256: 9ce1d9db0059312edfef65a64a5893e7d23591917f0431275cc8801f9ce4e5a9
07:42:35     STOCK_FILE pri podjetju 3: se ni na vrsti po razporedu; preskoceno.
07:42:36     Prebranih zapisov: 1389; SHA-256: 9ce1d9db0059312edfef65a64a5893e7d23591917f0431275cc8801f9ce4e5a9
07:42:36     STOCK_FILE pri podjetju 4: se ni na vrsti po razporedu; preskoceno.
07:42:36     konec: Zaloga BT_STOCK
07:42:36  == Zaloga iz SAOP (kolicine) ==
07:42:58     STDERR: [1] NAPAKA: A connection attempt failed because the connected party did not properly respond after a period of time, or established connection failed because connected host has failed to respond. (192.168.178.12:81)
07:43:19     STDERR: [2] NAPAKA: A connection attempt failed because the connected party did not properly respond after a period of time, or established connection failed because connected host has failed to respond. (192.168.178.12:81)
07:43:40     STDERR: [3] NAPAKA: A connection attempt failed because the connected party did not properly respond after a period of time, or established connection failed because connected host has failed to respond. (192.168.178.12:81)
07:44:01     STDERR: [4] NAPAKA: A connection attempt failed because the connected party did not properly respond after a period of time, or established connection failed because connected host has failed to respond. (192.168.178.12:81)
07:44:01     NAPAKA: worker workers\PIM.SaopStockWorker je koncal z izhodno kodo 1
07:44:01  == Izvoz cen in zaloge za splet ==
07:44:03     Izvoz profila MAGENTO_STOCK_PRICES končan: 352 vrstic v C:\Users\david\Desktop\PIM\NoviPIM\izvoz\magento\1
07:44:06     Izvoz profila MAGENTO_STOCK_PRICES končan: 2071 vrstic v C:\Users\david\Desktop\PIM\NoviPIM\izvoz\magento\2
07:44:09     Izvoz profila MAGENTO_STOCK_PRICES končan: 2488 vrstic v C:\Users\david\Desktop\PIM\NoviPIM\izvoz\magento\3
07:44:10     Izvoz profila MAGENTO_STOCK_PRICES končan: 0 vrstic v C:\Users\david\Desktop\PIM\NoviPIM\izvoz\magento\4
07:44:10     konec: Izvoz cen in zaloge za splet
07:44:10  Zalogovni cikel koncan; padlih korakov: 1.
07:47:26  == Zaloga NW_STOCK ==
07:47:27     SOURCE_FETCH: se ni na vrsti po razporedu; preskoceno.
07:47:28     Prebranih zapisov: 2762; SHA-256: 159dda0b43cd7baeafcd7b3c730fe0643f306c2b0fc7f9cf147496eea597a32b
07:47:28     Ta posnetek je ze v bazi; vir=NW_STOCK, podjetje=1, cas posnetka=2026-09-10 04:22:30Z, uporabljenih=2762, v karanteni=0, RunId=82afbd32-721c-4762-9246-6ccbbdda8474. Zapisano ni bilo nic.
07:47:29     Prebranih zapisov: 2762; SHA-256: 159dda0b43cd7baeafcd7b3c730fe0643f306c2b0fc7f9cf147496eea597a32b
07:47:29     Ta posnetek je ze v bazi; vir=NW_STOCK, podjetje=2, cas posnetka=2026-09-10 04:22:30Z, uporabljenih=2762, v karanteni=0, RunId=bac8be65-b4f6-48ed-a468-2af66ef32a7d. Zapisano ni bilo nic.
07:47:30     Prebranih zapisov: 2762; SHA-256: 159dda0b43cd7baeafcd7b3c730fe0643f306c2b0fc7f9cf147496eea597a32b
07:47:30     Ta posnetek je ze v bazi; vir=NW_STOCK, podjetje=3, cas posnetka=2026-09-10 04:22:30Z, uporabljenih=2762, v karanteni=0, RunId=4742c140-b302-46cc-9f11-028995da04f0. Zapisano ni bilo nic.
07:47:31     Prebranih zapisov: 2762; SHA-256: 159dda0b43cd7baeafcd7b3c730fe0643f306c2b0fc7f9cf147496eea597a32b
07:47:31     Ta posnetek je ze v bazi; vir=NW_STOCK, podjetje=4, cas posnetka=2026-09-10 04:22:30Z, uporabljenih=2762, v karanteni=0, RunId=1c0cc982-8b1d-4a4f-af77-eb977eaee352. Zapisano ni bilo nic.
07:47:31     konec: Zaloga NW_STOCK
07:47:31  == Zaloga BT_STOCK ==
07:47:32     [BT_STOCK] preskoceno: Razmik dobavitelja se tece; naslednji prenos po 10. 09. 2026 09:27.
07:47:32     Prevzem koncan: uspesno 0, neuspesno 0, skupaj virov 1.
07:47:33     Prebranih zapisov: 1389; SHA-256: 9ce1d9db0059312edfef65a64a5893e7d23591917f0431275cc8801f9ce4e5a9
07:47:33     STOCK_FILE pri podjetju 1: se ni na vrsti po razporedu; preskoceno.
07:47:34     Prebranih zapisov: 1389; SHA-256: 9ce1d9db0059312edfef65a64a5893e7d23591917f0431275cc8801f9ce4e5a9
07:47:34     STOCK_FILE pri podjetju 2: se ni na vrsti po razporedu; preskoceno.
07:47:35     Prebranih zapisov: 1389; SHA-256: 9ce1d9db0059312edfef65a64a5893e7d23591917f0431275cc8801f9ce4e5a9
07:47:35     STOCK_FILE pri podjetju 3: se ni na vrsti po razporedu; preskoceno.
07:47:36     Prebranih zapisov: 1389; SHA-256: 9ce1d9db0059312edfef65a64a5893e7d23591917f0431275cc8801f9ce4e5a9
07:47:36     STOCK_FILE pri podjetju 4: se ni na vrsti po razporedu; preskoceno.
07:47:36     konec: Zaloga BT_STOCK
07:47:36  == Zaloga iz SAOP (kolicine) ==
07:47:37     [1] SAOP_STOCK: se ni na vrsti po razporedu; preskoceno.
07:47:37     [2] SAOP_STOCK: se ni na vrsti po razporedu; preskoceno.
07:47:37     [3] SAOP_STOCK: se ni na vrsti po razporedu; preskoceno.
07:47:37     [4] SAOP_STOCK: se ni na vrsti po razporedu; preskoceno.
07:47:37     konec: Zaloga iz SAOP (kolicine)
07:47:37  == Izvoz cen in zaloge za splet ==
07:47:39     Izvoz profila MAGENTO_STOCK_PRICES končan: 352 vrstic v C:\Users\david\Desktop\PIM\NoviPIM\izvoz\magento\1
07:47:42     Izvoz profila MAGENTO_STOCK_PRICES končan: 2071 vrstic v C:\Users\david\Desktop\PIM\NoviPIM\izvoz\magento\2
07:47:45     Izvoz profila MAGENTO_STOCK_PRICES končan: 2488 vrstic v C:\Users\david\Desktop\PIM\NoviPIM\izvoz\magento\3
07:47:47     Izvoz profila MAGENTO_STOCK_PRICES končan: 0 vrstic v C:\Users\david\Desktop\PIM\NoviPIM\izvoz\magento\4
07:47:47     konec: Izvoz cen in zaloge za splet
07:47:47  Zalogovni cikel koncan; padlih korakov: 0.
07:52:26  == Zaloga NW_STOCK ==
07:52:27     SOURCE_FETCH: se ni na vrsti po razporedu; preskoceno.
07:52:28     Prebranih zapisov: 2762; SHA-256: 159dda0b43cd7baeafcd7b3c730fe0643f306c2b0fc7f9cf147496eea597a32b
07:52:28     STOCK_FILE pri podjetju 1: se ni na vrsti po razporedu; preskoceno.
07:52:29     Prebranih zapisov: 2762; SHA-256: 159dda0b43cd7baeafcd7b3c730fe0643f306c2b0fc7f9cf147496eea597a32b
07:52:29     STOCK_FILE pri podjetju 2: se ni na vrsti po razporedu; preskoceno.
07:52:30     Prebranih zapisov: 2762; SHA-256: 159dda0b43cd7baeafcd7b3c730fe0643f306c2b0fc7f9cf147496eea597a32b
07:52:30     STOCK_FILE pri podjetju 3: se ni na vrsti po razporedu; preskoceno.
07:52:31     Prebranih zapisov: 2762; SHA-256: 159dda0b43cd7baeafcd7b3c730fe0643f306c2b0fc7f9cf147496eea597a32b
07:52:31     STOCK_FILE pri podjetju 4: se ni na vrsti po razporedu; preskoceno.
07:52:31     konec: Zaloga NW_STOCK
07:52:31  == Zaloga BT_STOCK ==
07:52:32     SOURCE_FETCH: se ni na vrsti po razporedu; preskoceno.
07:52:33     Prebranih zapisov: 1389; SHA-256: 9ce1d9db0059312edfef65a64a5893e7d23591917f0431275cc8801f9ce4e5a9
07:52:33     Ta posnetek je ze v bazi; vir=BT_STOCK, podjetje=1, cas posnetka=2026-09-10 04:27:35Z, uporabljenih=1389, v karanteni=0, RunId=5650a398-ec28-4bf4-85ab-8198ca9829cf. Zapisano ni bilo nic.
07:52:34     Prebranih zapisov: 1389; SHA-256: 9ce1d9db0059312edfef65a64a5893e7d23591917f0431275cc8801f9ce4e5a9
07:52:34     Ta posnetek je ze v bazi; vir=BT_STOCK, podjetje=2, cas posnetka=2026-09-10 04:27:35Z, uporabljenih=1389, v karanteni=0, RunId=93f3be1b-9c0e-481c-baed-972a17fc008d. Zapisano ni bilo nic.
07:52:35     Prebranih zapisov: 1389; SHA-256: 9ce1d9db0059312edfef65a64a5893e7d23591917f0431275cc8801f9ce4e5a9
07:52:35     Ta posnetek je ze v bazi; vir=BT_STOCK, podjetje=3, cas posnetka=2026-09-10 04:27:35Z, uporabljenih=1389, v karanteni=0, RunId=ebba2baa-7caa-4417-89e2-cd2d99ef442d. Zapisano ni bilo nic.
07:52:36     Prebranih zapisov: 1389; SHA-256: 9ce1d9db0059312edfef65a64a5893e7d23591917f0431275cc8801f9ce4e5a9
07:52:36     Ta posnetek je ze v bazi; vir=BT_STOCK, podjetje=4, cas posnetka=2026-09-10 04:27:35Z, uporabljenih=1389, v karanteni=0, RunId=ce7b32c0-029c-435f-a334-eb93110ccf41. Zapisano ni bilo nic.
07:52:36     konec: Zaloga BT_STOCK
07:52:36  == Zaloga iz SAOP (kolicine) ==
07:52:37     [1] SAOP_STOCK: se ni na vrsti po razporedu; preskoceno.
07:52:37     [2] SAOP_STOCK: se ni na vrsti po razporedu; preskoceno.
07:52:37     [3] SAOP_STOCK: se ni na vrsti po razporedu; preskoceno.
07:52:37     [4] SAOP_STOCK: se ni na vrsti po razporedu; preskoceno.
07:52:37     konec: Zaloga iz SAOP (kolicine)
07:52:37  == Izvoz cen in zaloge za splet ==
07:52:39     Izvoz profila MAGENTO_STOCK_PRICES končan: 352 vrstic v C:\Users\david\Desktop\PIM\NoviPIM\izvoz\magento\1
07:52:42     Izvoz profila MAGENTO_STOCK_PRICES končan: 2071 vrstic v C:\Users\david\Desktop\PIM\NoviPIM\izvoz\magento\2
07:52:45     Izvoz profila MAGENTO_STOCK_PRICES končan: 2488 vrstic v C:\Users\david\Desktop\PIM\NoviPIM\izvoz\magento\3
07:52:46     Izvoz profila MAGENTO_STOCK_PRICES končan: 0 vrstic v C:\Users\david\Desktop\PIM\NoviPIM\izvoz\magento\4
07:52:46     konec: Izvoz cen in zaloge za splet
07:52:46  Zalogovni cikel koncan; padlih korakov: 0.
07:57:26  == Zaloga NW_STOCK ==
07:57:27     [NW_STOCK] preskoceno: Razmik dobavitelja se tece; naslednji prenos po 10. 09. 2026 08:22.
07:57:27     Prevzem koncan: uspesno 0, neuspesno 0, skupaj virov 1.
07:57:28     Prebranih zapisov: 2762; SHA-256: 159dda0b43cd7baeafcd7b3c730fe0643f306c2b0fc7f9cf147496eea597a32b
07:57:28     STOCK_FILE pri podjetju 1: se ni na vrsti po razporedu; preskoceno.
07:57:29     Prebranih zapisov: 2762; SHA-256: 159dda0b43cd7baeafcd7b3c730fe0643f306c2b0fc7f9cf147496eea597a32b
07:57:29     STOCK_FILE pri podjetju 2: se ni na vrsti po razporedu; preskoceno.
07:57:30     Prebranih zapisov: 2762; SHA-256: 159dda0b43cd7baeafcd7b3c730fe0643f306c2b0fc7f9cf147496eea597a32b
07:57:30     STOCK_FILE pri podjetju 3: se ni na vrsti po razporedu; preskoceno.
07:57:31     Prebranih zapisov: 2762; SHA-256: 159dda0b43cd7baeafcd7b3c730fe0643f306c2b0fc7f9cf147496eea597a32b
07:57:31     STOCK_FILE pri podjetju 4: se ni na vrsti po razporedu; preskoceno.
07:57:31     konec: Zaloga NW_STOCK
07:57:31  == Zaloga BT_STOCK ==
07:57:32     SOURCE_FETCH: se ni na vrsti po razporedu; preskoceno.
07:57:33     Prebranih zapisov: 1389; SHA-256: 9ce1d9db0059312edfef65a64a5893e7d23591917f0431275cc8801f9ce4e5a9
07:57:33     Ta posnetek je ze v bazi; vir=BT_STOCK, podjetje=1, cas posnetka=2026-09-10 04:27:35Z, uporabljenih=1389, v karanteni=0, RunId=5650a398-ec28-4bf4-85ab-8198ca9829cf. Zapisano ni bilo nic.
07:57:34     Prebranih zapisov: 1389; SHA-256: 9ce1d9db0059312edfef65a64a5893e7d23591917f0431275cc8801f9ce4e5a9
07:57:34     Ta posnetek je ze v bazi; vir=BT_STOCK, podjetje=2, cas posnetka=2026-09-10 04:27:35Z, uporabljenih=1389, v karanteni=0, RunId=93f3be1b-9c0e-481c-baed-972a17fc008d. Zapisano ni bilo nic.
07:57:35     Prebranih zapisov: 1389; SHA-256: 9ce1d9db0059312edfef65a64a5893e7d23591917f0431275cc8801f9ce4e5a9
07:57:35     STOCK_FILE pri podjetju 3: se ni na vrsti po razporedu; preskoceno.
07:57:36     Prebranih zapisov: 1389; SHA-256: 9ce1d9db0059312edfef65a64a5893e7d23591917f0431275cc8801f9ce4e5a9
07:57:36     STOCK_FILE pri podjetju 4: se ni na vrsti po razporedu; preskoceno.
07:57:36     konec: Zaloga BT_STOCK
07:57:36  == Zaloga iz SAOP (kolicine) ==
07:57:37     [1] SAOP_STOCK: se ni na vrsti po razporedu; preskoceno.
07:57:37     [2] SAOP_STOCK: se ni na vrsti po razporedu; preskoceno.
07:57:37     [3] SAOP_STOCK: se ni na vrsti po razporedu; preskoceno.
07:57:37     [4] SAOP_STOCK: se ni na vrsti po razporedu; preskoceno.
07:57:37     konec: Zaloga iz SAOP (kolicine)
07:57:37  == Izvoz cen in zaloge za splet ==
07:57:39     Izvoz profila MAGENTO_STOCK_PRICES končan: 352 vrstic v C:\Users\david\Desktop\PIM\NoviPIM\izvoz\magento\1
07:57:42     Izvoz profila MAGENTO_STOCK_PRICES končan: 2071 vrstic v C:\Users\david\Desktop\PIM\NoviPIM\izvoz\magento\2
07:57:45     Izvoz profila MAGENTO_STOCK_PRICES končan: 2488 vrstic v C:\Users\david\Desktop\PIM\NoviPIM\izvoz\magento\3
07:57:46     Izvoz profila MAGENTO_STOCK_PRICES končan: 0 vrstic v C:\Users\david\Desktop\PIM\NoviPIM\izvoz\magento\4
07:57:46     konec: Izvoz cen in zaloge za splet
07:57:46  Zalogovni cikel koncan; padlih korakov: 0.
08:02:26  == Zaloga NW_STOCK ==
08:02:27     SOURCE_FETCH: se ni na vrsti po razporedu; preskoceno.
08:02:28     Prebranih zapisov: 2762; SHA-256: 159dda0b43cd7baeafcd7b3c730fe0643f306c2b0fc7f9cf147496eea597a32b
08:02:28     STOCK_FILE pri podjetju 1: se ni na vrsti po razporedu; preskoceno.
08:02:29     Prebranih zapisov: 2762; SHA-256: 159dda0b43cd7baeafcd7b3c730fe0643f306c2b0fc7f9cf147496eea597a32b
08:02:29     STOCK_FILE pri podjetju 2: se ni na vrsti po razporedu; preskoceno.
08:02:30     Prebranih zapisov: 2762; SHA-256: 159dda0b43cd7baeafcd7b3c730fe0643f306c2b0fc7f9cf147496eea597a32b
08:02:30     Ta posnetek je ze v bazi; vir=NW_STOCK, podjetje=3, cas posnetka=2026-09-10 04:22:30Z, uporabljenih=2762, v karanteni=0, RunId=4742c140-b302-46cc-9f11-028995da04f0. Zapisano ni bilo nic.
08:02:31     Prebranih zapisov: 2762; SHA-256: 159dda0b43cd7baeafcd7b3c730fe0643f306c2b0fc7f9cf147496eea597a32b
08:02:31     Ta posnetek je ze v bazi; vir=NW_STOCK, podjetje=4, cas posnetka=2026-09-10 04:22:30Z, uporabljenih=2762, v karanteni=0, RunId=1c0cc982-8b1d-4a4f-af77-eb977eaee352. Zapisano ni bilo nic.
08:02:31     konec: Zaloga NW_STOCK
08:02:31  == Zaloga BT_STOCK ==
08:02:32     [BT_STOCK] preskoceno: Razmik dobavitelja se tece; naslednji prenos po 10. 09. 2026 09:27.
08:02:32     Prevzem koncan: uspesno 0, neuspesno 0, skupaj virov 1.
08:02:33     Prebranih zapisov: 1389; SHA-256: 9ce1d9db0059312edfef65a64a5893e7d23591917f0431275cc8801f9ce4e5a9
08:02:33     Ta posnetek je ze v bazi; vir=BT_STOCK, podjetje=1, cas posnetka=2026-09-10 04:27:35Z, uporabljenih=1389, v karanteni=0, RunId=5650a398-ec28-4bf4-85ab-8198ca9829cf. Zapisano ni bilo nic.
08:02:34     Prebranih zapisov: 1389; SHA-256: 9ce1d9db0059312edfef65a64a5893e7d23591917f0431275cc8801f9ce4e5a9
08:02:34     Ta posnetek je ze v bazi; vir=BT_STOCK, podjetje=2, cas posnetka=2026-09-10 04:27:35Z, uporabljenih=1389, v karanteni=0, RunId=93f3be1b-9c0e-481c-baed-972a17fc008d. Zapisano ni bilo nic.
08:02:35     Prebranih zapisov: 1389; SHA-256: 9ce1d9db0059312edfef65a64a5893e7d23591917f0431275cc8801f9ce4e5a9
08:02:35     STOCK_FILE pri podjetju 3: se ni na vrsti po razporedu; preskoceno.
08:02:36     Prebranih zapisov: 1389; SHA-256: 9ce1d9db0059312edfef65a64a5893e7d23591917f0431275cc8801f9ce4e5a9
08:02:36     STOCK_FILE pri podjetju 4: se ni na vrsti po razporedu; preskoceno.
08:02:36     konec: Zaloga BT_STOCK
08:02:36  == Zaloga iz SAOP (kolicine) ==
08:02:37     [1] SAOP_STOCK: se ni na vrsti po razporedu; preskoceno.
08:02:37     [2] SAOP_STOCK: se ni na vrsti po razporedu; preskoceno.
08:02:37     [3] SAOP_STOCK: se ni na vrsti po razporedu; preskoceno.
08:02:37     [4] SAOP_STOCK: se ni na vrsti po razporedu; preskoceno.
08:02:37     konec: Zaloga iz SAOP (kolicine)
08:02:37  == Izvoz cen in zaloge za splet ==
08:02:39     Izvoz profila MAGENTO_STOCK_PRICES končan: 352 vrstic v C:\Users\david\Desktop\PIM\NoviPIM\izvoz\magento\1
08:02:42     Izvoz profila MAGENTO_STOCK_PRICES končan: 2071 vrstic v C:\Users\david\Desktop\PIM\NoviPIM\izvoz\magento\2
08:02:45     Izvoz profila MAGENTO_STOCK_PRICES končan: 2488 vrstic v C:\Users\david\Desktop\PIM\NoviPIM\izvoz\magento\3
08:02:46     Izvoz profila MAGENTO_STOCK_PRICES končan: 0 vrstic v C:\Users\david\Desktop\PIM\NoviPIM\izvoz\magento\4
08:02:46     konec: Izvoz cen in zaloge za splet
08:02:46  Zalogovni cikel koncan; padlih korakov: 0.
08:07:26  == Zaloga NW_STOCK ==
08:07:27     SOURCE_FETCH: se ni na vrsti po razporedu; preskoceno.
08:07:28     Prebranih zapisov: 2762; SHA-256: 159dda0b43cd7baeafcd7b3c730fe0643f306c2b0fc7f9cf147496eea597a32b
08:07:28     STOCK_FILE pri podjetju 1: se ni na vrsti po razporedu; preskoceno.
08:07:29     Prebranih zapisov: 2762; SHA-256: 159dda0b43cd7baeafcd7b3c730fe0643f306c2b0fc7f9cf147496eea597a32b
08:07:29     STOCK_FILE pri podjetju 2: se ni na vrsti po razporedu; preskoceno.
08:07:30     Prebranih zapisov: 2762; SHA-256: 159dda0b43cd7baeafcd7b3c730fe0643f306c2b0fc7f9cf147496eea597a32b
08:07:30     Ta posnetek je ze v bazi; vir=NW_STOCK, podjetje=3, cas posnetka=2026-09-10 04:22:30Z, uporabljenih=2762, v karanteni=0, RunId=4742c140-b302-46cc-9f11-028995da04f0. Zapisano ni bilo nic.
08:07:31     Prebranih zapisov: 2762; SHA-256: 159dda0b43cd7baeafcd7b3c730fe0643f306c2b0fc7f9cf147496eea597a32b
08:07:31     Ta posnetek je ze v bazi; vir=NW_STOCK, podjetje=4, cas posnetka=2026-09-10 04:22:30Z, uporabljenih=2762, v karanteni=0, RunId=1c0cc982-8b1d-4a4f-af77-eb977eaee352. Zapisano ni bilo nic.
08:07:31     konec: Zaloga NW_STOCK
08:07:31  == Zaloga BT_STOCK ==
08:07:32     [BT_STOCK] preskoceno: Razmik dobavitelja se tece; naslednji prenos po 10. 09. 2026 09:27.
08:07:32     Prevzem koncan: uspesno 0, neuspesno 0, skupaj virov 1.
08:07:33     Prebranih zapisov: 1389; SHA-256: 9ce1d9db0059312edfef65a64a5893e7d23591917f0431275cc8801f9ce4e5a9
08:07:33     STOCK_FILE pri podjetju 1: se ni na vrsti po razporedu; preskoceno.
08:07:34     Prebranih zapisov: 1389; SHA-256: 9ce1d9db0059312edfef65a64a5893e7d23591917f0431275cc8801f9ce4e5a9
08:07:34     STOCK_FILE pri podjetju 2: se ni na vrsti po razporedu; preskoceno.
08:07:35     Prebranih zapisov: 1389; SHA-256: 9ce1d9db0059312edfef65a64a5893e7d23591917f0431275cc8801f9ce4e5a9
08:07:35     STOCK_FILE pri podjetju 3: se ni na vrsti po razporedu; preskoceno.
08:07:36     Prebranih zapisov: 1389; SHA-256: 9ce1d9db0059312edfef65a64a5893e7d23591917f0431275cc8801f9ce4e5a9
08:07:36     STOCK_FILE pri podjetju 4: se ni na vrsti po razporedu; preskoceno.
08:07:36     konec: Zaloga BT_STOCK
08:07:36  == Zaloga iz SAOP (kolicine) ==
08:07:37     [1] SAOP_STOCK: se ni na vrsti po razporedu; preskoceno.
08:07:37     [2] SAOP_STOCK: se ni na vrsti po razporedu; preskoceno.
08:07:37     [3] SAOP_STOCK: se ni na vrsti po razporedu; preskoceno.
08:07:37     [4] SAOP_STOCK: se ni na vrsti po razporedu; preskoceno.
08:07:37     konec: Zaloga iz SAOP (kolicine)
08:07:37  == Izvoz cen in zaloge za splet ==
08:07:39     Izvoz profila MAGENTO_STOCK_PRICES končan: 352 vrstic v C:\Users\david\Desktop\PIM\NoviPIM\izvoz\magento\1
08:07:42     Izvoz profila MAGENTO_STOCK_PRICES končan: 2071 vrstic v C:\Users\david\Desktop\PIM\NoviPIM\izvoz\magento\2
08:07:45     Izvoz profila MAGENTO_STOCK_PRICES končan: 2488 vrstic v C:\Users\david\Desktop\PIM\NoviPIM\izvoz\magento\3
08:07:46     Izvoz profila MAGENTO_STOCK_PRICES končan: 0 vrstic v C:\Users\david\Desktop\PIM\NoviPIM\izvoz\magento\4
08:07:46     konec: Izvoz cen in zaloge za splet
08:07:46  Zalogovni cikel koncan; padlih korakov: 0.
08:12:26  == Zaloga NW_STOCK ==
08:12:27     SOURCE_FETCH: se ni na vrsti po razporedu; preskoceno.
08:12:28     Prebranih zapisov: 2762; SHA-256: 159dda0b43cd7baeafcd7b3c730fe0643f306c2b0fc7f9cf147496eea597a32b
08:12:28     Ta posnetek je ze v bazi; vir=NW_STOCK, podjetje=1, cas posnetka=2026-09-10 04:22:30Z, uporabljenih=2762, v karanteni=0, RunId=82afbd32-721c-4762-9246-6ccbbdda8474. Zapisano ni bilo nic.
08:12:29     Prebranih zapisov: 2762; SHA-256: 159dda0b43cd7baeafcd7b3c730fe0643f306c2b0fc7f9cf147496eea597a32b
08:12:29     Ta posnetek je ze v bazi; vir=NW_STOCK, podjetje=2, cas posnetka=2026-09-10 04:22:30Z, uporabljenih=2762, v karanteni=0, RunId=bac8be65-b4f6-48ed-a468-2af66ef32a7d. Zapisano ni bilo nic.
08:12:30     Prebranih zapisov: 2762; SHA-256: 159dda0b43cd7baeafcd7b3c730fe0643f306c2b0fc7f9cf147496eea597a32b
08:12:30     Ta posnetek je ze v bazi; vir=NW_STOCK, podjetje=3, cas posnetka=2026-09-10 04:22:30Z, uporabljenih=2762, v karanteni=0, RunId=4742c140-b302-46cc-9f11-028995da04f0. Zapisano ni bilo nic.
08:12:31     Prebranih zapisov: 2762; SHA-256: 159dda0b43cd7baeafcd7b3c730fe0643f306c2b0fc7f9cf147496eea597a32b
08:12:31     Ta posnetek je ze v bazi; vir=NW_STOCK, podjetje=4, cas posnetka=2026-09-10 04:22:30Z, uporabljenih=2762, v karanteni=0, RunId=1c0cc982-8b1d-4a4f-af77-eb977eaee352. Zapisano ni bilo nic.
08:12:31     konec: Zaloga NW_STOCK
08:12:31  == Zaloga BT_STOCK ==
08:12:32     [BT_STOCK] preskoceno: Razmik dobavitelja se tece; naslednji prenos po 10. 09. 2026 09:27.
08:12:32     Prevzem koncan: uspesno 0, neuspesno 0, skupaj virov 1.
08:12:33     Prebranih zapisov: 1389; SHA-256: 9ce1d9db0059312edfef65a64a5893e7d23591917f0431275cc8801f9ce4e5a9
08:12:33     STOCK_FILE pri podjetju 1: se ni na vrsti po razporedu; preskoceno.
08:12:34     Prebranih zapisov: 1389; SHA-256: 9ce1d9db0059312edfef65a64a5893e7d23591917f0431275cc8801f9ce4e5a9
08:12:34     STOCK_FILE pri podjetju 2: se ni na vrsti po razporedu; preskoceno.
08:12:35     Prebranih zapisov: 1389; SHA-256: 9ce1d9db0059312edfef65a64a5893e7d23591917f0431275cc8801f9ce4e5a9
08:12:35     STOCK_FILE pri podjetju 3: se ni na vrsti po razporedu; preskoceno.
08:12:36     Prebranih zapisov: 1389; SHA-256: 9ce1d9db0059312edfef65a64a5893e7d23591917f0431275cc8801f9ce4e5a9
08:12:36     STOCK_FILE pri podjetju 4: se ni na vrsti po razporedu; preskoceno.
08:12:36     konec: Zaloga BT_STOCK
08:12:36  == Zaloga iz SAOP (kolicine) ==
08:12:37     [1] SAOP_STOCK: se ni na vrsti po razporedu; preskoceno.
08:12:37     [2] SAOP_STOCK: se ni na vrsti po razporedu; preskoceno.
08:12:37     [3] SAOP_STOCK: se ni na vrsti po razporedu; preskoceno.
08:12:37     [4] SAOP_STOCK: se ni na vrsti po razporedu; preskoceno.
08:12:37     konec: Zaloga iz SAOP (kolicine)
08:12:37  == Izvoz cen in zaloge za splet ==
08:12:39     Izvoz profila MAGENTO_STOCK_PRICES končan: 352 vrstic v C:\Users\david\Desktop\PIM\NoviPIM\izvoz\magento\1
08:12:42     Izvoz profila MAGENTO_STOCK_PRICES končan: 2071 vrstic v C:\Users\david\Desktop\PIM\NoviPIM\izvoz\magento\2
08:12:45     Izvoz profila MAGENTO_STOCK_PRICES končan: 2488 vrstic v C:\Users\david\Desktop\PIM\NoviPIM\izvoz\magento\3
08:12:46     Izvoz profila MAGENTO_STOCK_PRICES končan: 0 vrstic v C:\Users\david\Desktop\PIM\NoviPIM\izvoz\magento\4
08:12:47     konec: Izvoz cen in zaloge za splet
08:12:47  Zalogovni cikel koncan; padlih korakov: 0.
08:17:26  == Zaloga NW_STOCK ==
08:17:27     SOURCE_FETCH: se ni na vrsti po razporedu; preskoceno.
08:17:28     Prebranih zapisov: 2762; SHA-256: 159dda0b43cd7baeafcd7b3c730fe0643f306c2b0fc7f9cf147496eea597a32b
08:17:28     STOCK_FILE pri podjetju 1: se ni na vrsti po razporedu; preskoceno.
08:17:29     Prebranih zapisov: 2762; SHA-256: 159dda0b43cd7baeafcd7b3c730fe0643f306c2b0fc7f9cf147496eea597a32b
08:17:29     STOCK_FILE pri podjetju 2: se ni na vrsti po razporedu; preskoceno.
08:17:30     Prebranih zapisov: 2762; SHA-256: 159dda0b43cd7baeafcd7b3c730fe0643f306c2b0fc7f9cf147496eea597a32b
08:17:30     STOCK_FILE pri podjetju 3: se ni na vrsti po razporedu; preskoceno.
08:17:31     Prebranih zapisov: 2762; SHA-256: 159dda0b43cd7baeafcd7b3c730fe0643f306c2b0fc7f9cf147496eea597a32b
08:17:31     STOCK_FILE pri podjetju 4: se ni na vrsti po razporedu; preskoceno.
08:17:31     konec: Zaloga NW_STOCK
08:17:31  == Zaloga BT_STOCK ==
08:17:32     SOURCE_FETCH: se ni na vrsti po razporedu; preskoceno.
08:17:33     Prebranih zapisov: 1389; SHA-256: 9ce1d9db0059312edfef65a64a5893e7d23591917f0431275cc8801f9ce4e5a9
08:17:33     Ta posnetek je ze v bazi; vir=BT_STOCK, podjetje=1, cas posnetka=2026-09-10 04:27:35Z, uporabljenih=1389, v karanteni=0, RunId=5650a398-ec28-4bf4-85ab-8198ca9829cf. Zapisano ni bilo nic.
08:17:34     Prebranih zapisov: 1389; SHA-256: 9ce1d9db0059312edfef65a64a5893e7d23591917f0431275cc8801f9ce4e5a9
08:17:34     Ta posnetek je ze v bazi; vir=BT_STOCK, podjetje=2, cas posnetka=2026-09-10 04:27:35Z, uporabljenih=1389, v karanteni=0, RunId=93f3be1b-9c0e-481c-baed-972a17fc008d. Zapisano ni bilo nic.
08:17:35     Prebranih zapisov: 1389; SHA-256: 9ce1d9db0059312edfef65a64a5893e7d23591917f0431275cc8801f9ce4e5a9
08:17:35     Ta posnetek je ze v bazi; vir=BT_STOCK, podjetje=3, cas posnetka=2026-09-10 04:27:35Z, uporabljenih=1389, v karanteni=0, RunId=ebba2baa-7caa-4417-89e2-cd2d99ef442d. Zapisano ni bilo nic.
08:17:36     Prebranih zapisov: 1389; SHA-256: 9ce1d9db0059312edfef65a64a5893e7d23591917f0431275cc8801f9ce4e5a9
08:17:36     Ta posnetek je ze v bazi; vir=BT_STOCK, podjetje=4, cas posnetka=2026-09-10 04:27:35Z, uporabljenih=1389, v karanteni=0, RunId=ce7b32c0-029c-435f-a334-eb93110ccf41. Zapisano ni bilo nic.
08:17:36     konec: Zaloga BT_STOCK
08:17:36  == Zaloga iz SAOP (kolicine) ==
08:17:58     STDERR: [1] NAPAKA: A connection attempt failed because the connected party did not properly respond after a period of time, or established connection failed because connected host has failed to respond. (192.168.178.12:81)
08:18:19     STDERR: [2] NAPAKA: A connection attempt failed because the connected party did not properly respond after a period of time, or established connection failed because connected host has failed to respond. (192.168.178.12:81)
08:18:41     STDERR: [3] NAPAKA: A connection attempt failed because the connected party did not properly respond after a period of time, or established connection failed because connected host has failed to respond. (192.168.178.12:81)
08:19:02     STDERR: [4] NAPAKA: A connection attempt failed because the connected party did not properly respond after a period of time, or established connection failed because connected host has failed to respond. (192.168.178.12:81)
08:19:02     NAPAKA: worker workers\PIM.SaopStockWorker je koncal z izhodno kodo 1
08:19:02  == Izvoz cen in zaloge za splet ==
08:19:03     Izvoz profila MAGENTO_STOCK_PRICES končan: 352 vrstic v C:\Users\david\Desktop\PIM\NoviPIM\izvoz\magento\1
08:19:07     Izvoz profila MAGENTO_STOCK_PRICES končan: 2071 vrstic v C:\Users\david\Desktop\PIM\NoviPIM\izvoz\magento\2
08:19:10     Izvoz profila MAGENTO_STOCK_PRICES končan: 2488 vrstic v C:\Users\david\Desktop\PIM\NoviPIM\izvoz\magento\3
08:19:11     Izvoz profila MAGENTO_STOCK_PRICES končan: 0 vrstic v C:\Users\david\Desktop\PIM\NoviPIM\izvoz\magento\4
08:19:11     konec: Izvoz cen in zaloge za splet
08:19:11  Zalogovni cikel koncan; padlih korakov: 1.
08:22:26  == Zaloga NW_STOCK ==
08:22:27     [NW_STOCK] preskoceno: Razmik dobavitelja se tece; naslednji prenos po 10. 09. 2026 08:22.
08:22:27     Prevzem koncan: uspesno 0, neuspesno 0, skupaj virov 1.
08:22:28     Prebranih zapisov: 2762; SHA-256: 159dda0b43cd7baeafcd7b3c730fe0643f306c2b0fc7f9cf147496eea597a32b
08:22:28     STOCK_FILE pri podjetju 1: se ni na vrsti po razporedu; preskoceno.
08:22:29     Prebranih zapisov: 2762; SHA-256: 159dda0b43cd7baeafcd7b3c730fe0643f306c2b0fc7f9cf147496eea597a32b
08:22:29     STOCK_FILE pri podjetju 2: se ni na vrsti po razporedu; preskoceno.
08:22:30     Prebranih zapisov: 2762; SHA-256: 159dda0b43cd7baeafcd7b3c730fe0643f306c2b0fc7f9cf147496eea597a32b
08:22:30     STOCK_FILE pri podjetju 3: se ni na vrsti po razporedu; preskoceno.
08:22:31     Prebranih zapisov: 2762; SHA-256: 159dda0b43cd7baeafcd7b3c730fe0643f306c2b0fc7f9cf147496eea597a32b
08:22:31     STOCK_FILE pri podjetju 4: se ni na vrsti po razporedu; preskoceno.
08:22:31     konec: Zaloga NW_STOCK
08:22:31  == Zaloga BT_STOCK ==
08:22:32     SOURCE_FETCH: se ni na vrsti po razporedu; preskoceno.
08:22:33     Prebranih zapisov: 1389; SHA-256: 9ce1d9db0059312edfef65a64a5893e7d23591917f0431275cc8801f9ce4e5a9
08:22:33     STOCK_FILE pri podjetju 1: se ni na vrsti po razporedu; preskoceno.
08:22:34     Prebranih zapisov: 1389; SHA-256: 9ce1d9db0059312edfef65a64a5893e7d23591917f0431275cc8801f9ce4e5a9
08:22:34     STOCK_FILE pri podjetju 2: se ni na vrsti po razporedu; preskoceno.
08:22:35     Prebranih zapisov: 1389; SHA-256: 9ce1d9db0059312edfef65a64a5893e7d23591917f0431275cc8801f9ce4e5a9
08:22:35     STOCK_FILE pri podjetju 3: se ni na vrsti po razporedu; preskoceno.
08:22:36     Prebranih zapisov: 1389; SHA-256: 9ce1d9db0059312edfef65a64a5893e7d23591917f0431275cc8801f9ce4e5a9
08:22:36     STOCK_FILE pri podjetju 4: se ni na vrsti po razporedu; preskoceno.
08:22:36     konec: Zaloga BT_STOCK
08:22:36  == Zaloga iz SAOP (kolicine) ==
08:22:37     [1] SAOP_STOCK: se ni na vrsti po razporedu; preskoceno.
08:22:37     [2] SAOP_STOCK: se ni na vrsti po razporedu; preskoceno.
08:22:37     [3] SAOP_STOCK: se ni na vrsti po razporedu; preskoceno.
08:22:37     [4] SAOP_STOCK: se ni na vrsti po razporedu; preskoceno.
08:22:37     konec: Zaloga iz SAOP (kolicine)
08:22:37  == Izvoz cen in zaloge za splet ==
08:22:39     Izvoz profila MAGENTO_STOCK_PRICES končan: 352 vrstic v C:\Users\david\Desktop\PIM\NoviPIM\izvoz\magento\1
08:22:42     Izvoz profila MAGENTO_STOCK_PRICES končan: 2071 vrstic v C:\Users\david\Desktop\PIM\NoviPIM\izvoz\magento\2
08:22:45     Izvoz profila MAGENTO_STOCK_PRICES končan: 2488 vrstic v C:\Users\david\Desktop\PIM\NoviPIM\izvoz\magento\3
08:22:46     Izvoz profila MAGENTO_STOCK_PRICES končan: 0 vrstic v C:\Users\david\Desktop\PIM\NoviPIM\izvoz\magento\4
08:22:46     konec: Izvoz cen in zaloge za splet
08:22:46  Zalogovni cikel koncan; padlih korakov: 0.
08:27:26  == Zaloga NW_STOCK ==
08:27:27     SOURCE_FETCH: se ni na vrsti po razporedu; preskoceno.
08:27:28     Prebranih zapisov: 2762; SHA-256: 159dda0b43cd7baeafcd7b3c730fe0643f306c2b0fc7f9cf147496eea597a32b
08:27:28     Ta posnetek je ze v bazi; vir=NW_STOCK, podjetje=1, cas posnetka=2026-09-10 04:22:30Z, uporabljenih=2762, v karanteni=0, RunId=82afbd32-721c-4762-9246-6ccbbdda8474. Zapisano ni bilo nic.
08:27:29     Prebranih zapisov: 2762; SHA-256: 159dda0b43cd7baeafcd7b3c730fe0643f306c2b0fc7f9cf147496eea597a32b
08:27:29     Ta posnetek je ze v bazi; vir=NW_STOCK, podjetje=2, cas posnetka=2026-09-10 04:22:30Z, uporabljenih=2762, v karanteni=0, RunId=bac8be65-b4f6-48ed-a468-2af66ef32a7d. Zapisano ni bilo nic.
08:27:30     Prebranih zapisov: 2762; SHA-256: 159dda0b43cd7baeafcd7b3c730fe0643f306c2b0fc7f9cf147496eea597a32b
08:27:30     Ta posnetek je ze v bazi; vir=NW_STOCK, podjetje=3, cas posnetka=2026-09-10 04:22:30Z, uporabljenih=2762, v karanteni=0, RunId=4742c140-b302-46cc-9f11-028995da04f0. Zapisano ni bilo nic.
08:27:31     Prebranih zapisov: 2762; SHA-256: 159dda0b43cd7baeafcd7b3c730fe0643f306c2b0fc7f9cf147496eea597a32b
08:27:31     Ta posnetek je ze v bazi; vir=NW_STOCK, podjetje=4, cas posnetka=2026-09-10 04:22:30Z, uporabljenih=2762, v karanteni=0, RunId=1c0cc982-8b1d-4a4f-af77-eb977eaee352. Zapisano ni bilo nic.
08:27:31     konec: Zaloga NW_STOCK
08:27:31  == Zaloga BT_STOCK ==
08:27:32     [BT_STOCK] preskoceno: Razmik dobavitelja se tece; naslednji prenos po 10. 09. 2026 09:27.
08:27:32     Prevzem koncan: uspesno 0, neuspesno 0, skupaj virov 1.
08:27:33     Prebranih zapisov: 1389; SHA-256: 9ce1d9db0059312edfef65a64a5893e7d23591917f0431275cc8801f9ce4e5a9
08:27:33     STOCK_FILE pri podjetju 1: se ni na vrsti po razporedu; preskoceno.
08:27:34     Prebranih zapisov: 1389; SHA-256: 9ce1d9db0059312edfef65a64a5893e7d23591917f0431275cc8801f9ce4e5a9
08:27:34     STOCK_FILE pri podjetju 2: se ni na vrsti po razporedu; preskoceno.
08:27:35     Prebranih zapisov: 1389; SHA-256: 9ce1d9db0059312edfef65a64a5893e7d23591917f0431275cc8801f9ce4e5a9
08:27:35     STOCK_FILE pri podjetju 3: se ni na vrsti po razporedu; preskoceno.
08:27:36     Prebranih zapisov: 1389; SHA-256: 9ce1d9db0059312edfef65a64a5893e7d23591917f0431275cc8801f9ce4e5a9
08:27:36     STOCK_FILE pri podjetju 4: se ni na vrsti po razporedu; preskoceno.
08:27:36     konec: Zaloga BT_STOCK
08:27:36  == Zaloga iz SAOP (kolicine) ==
08:27:37     [1] SAOP_STOCK: se ni na vrsti po razporedu; preskoceno.
08:27:37     [2] SAOP_STOCK: se ni na vrsti po razporedu; preskoceno.
08:27:37     [3] SAOP_STOCK: se ni na vrsti po razporedu; preskoceno.
08:27:37     [4] SAOP_STOCK: se ni na vrsti po razporedu; preskoceno.
08:27:37     konec: Zaloga iz SAOP (kolicine)
08:27:37  == Izvoz cen in zaloge za splet ==
08:27:39     Izvoz profila MAGENTO_STOCK_PRICES končan: 352 vrstic v C:\Users\david\Desktop\PIM\NoviPIM\izvoz\magento\1
08:27:42     Izvoz profila MAGENTO_STOCK_PRICES končan: 2071 vrstic v C:\Users\david\Desktop\PIM\NoviPIM\izvoz\magento\2
08:27:45     Izvoz profila MAGENTO_STOCK_PRICES končan: 2488 vrstic v C:\Users\david\Desktop\PIM\NoviPIM\izvoz\magento\3
08:27:47     Izvoz profila MAGENTO_STOCK_PRICES končan: 0 vrstic v C:\Users\david\Desktop\PIM\NoviPIM\izvoz\magento\4
08:27:47     konec: Izvoz cen in zaloge za splet
08:27:47  Zalogovni cikel koncan; padlih korakov: 0.
08:32:26  == Zaloga NW_STOCK ==
08:32:27     SOURCE_FETCH: se ni na vrsti po razporedu; preskoceno.
08:32:28     Prebranih zapisov: 2762; SHA-256: 159dda0b43cd7baeafcd7b3c730fe0643f306c2b0fc7f9cf147496eea597a32b
08:32:28     STOCK_FILE pri podjetju 1: se ni na vrsti po razporedu; preskoceno.
08:32:29     Prebranih zapisov: 2762; SHA-256: 159dda0b43cd7baeafcd7b3c730fe0643f306c2b0fc7f9cf147496eea597a32b
08:32:29     STOCK_FILE pri podjetju 2: se ni na vrsti po razporedu; preskoceno.
08:32:30     Prebranih zapisov: 2762; SHA-256: 159dda0b43cd7baeafcd7b3c730fe0643f306c2b0fc7f9cf147496eea597a32b
08:32:30     STOCK_FILE pri podjetju 3: se ni na vrsti po razporedu; preskoceno.
08:32:31     Prebranih zapisov: 2762; SHA-256: 159dda0b43cd7baeafcd7b3c730fe0643f306c2b0fc7f9cf147496eea597a32b
08:32:31     STOCK_FILE pri podjetju 4: se ni na vrsti po razporedu; preskoceno.
08:32:31     konec: Zaloga NW_STOCK
08:32:31  == Zaloga BT_STOCK ==
08:32:32     SOURCE_FETCH: se ni na vrsti po razporedu; preskoceno.
08:32:33     Prebranih zapisov: 1389; SHA-256: 9ce1d9db0059312edfef65a64a5893e7d23591917f0431275cc8801f9ce4e5a9
08:32:33     Ta posnetek je ze v bazi; vir=BT_STOCK, podjetje=1, cas posnetka=2026-09-10 04:27:35Z, uporabljenih=1389, v karanteni=0, RunId=5650a398-ec28-4bf4-85ab-8198ca9829cf. Zapisano ni bilo nic.
08:32:34     Prebranih zapisov: 1389; SHA-256: 9ce1d9db0059312edfef65a64a5893e7d23591917f0431275cc8801f9ce4e5a9
08:32:34     Ta posnetek je ze v bazi; vir=BT_STOCK, podjetje=2, cas posnetka=2026-09-10 04:27:35Z, uporabljenih=1389, v karanteni=0, RunId=93f3be1b-9c0e-481c-baed-972a17fc008d. Zapisano ni bilo nic.
08:32:35     Prebranih zapisov: 1389; SHA-256: 9ce1d9db0059312edfef65a64a5893e7d23591917f0431275cc8801f9ce4e5a9
08:32:35     Ta posnetek je ze v bazi; vir=BT_STOCK, podjetje=3, cas posnetka=2026-09-10 04:27:35Z, uporabljenih=1389, v karanteni=0, RunId=ebba2baa-7caa-4417-89e2-cd2d99ef442d. Zapisano ni bilo nic.
08:32:36     Prebranih zapisov: 1389; SHA-256: 9ce1d9db0059312edfef65a64a5893e7d23591917f0431275cc8801f9ce4e5a9
08:32:36     Ta posnetek je ze v bazi; vir=BT_STOCK, podjetje=4, cas posnetka=2026-09-10 04:27:35Z, uporabljenih=1389, v karanteni=0, RunId=ce7b32c0-029c-435f-a334-eb93110ccf41. Zapisano ni bilo nic.
08:32:36     konec: Zaloga BT_STOCK
08:32:36  == Zaloga iz SAOP (kolicine) ==
08:32:37     [1] SAOP_STOCK: se ni na vrsti po razporedu; preskoceno.
08:32:37     [2] SAOP_STOCK: se ni na vrsti po razporedu; preskoceno.
08:32:37     [3] SAOP_STOCK: se ni na vrsti po razporedu; preskoceno.
08:32:37     [4] SAOP_STOCK: se ni na vrsti po razporedu; preskoceno.
08:32:37     konec: Zaloga iz SAOP (kolicine)
08:32:37  == Izvoz cen in zaloge za splet ==
08:32:39     Izvoz profila MAGENTO_STOCK_PRICES končan: 352 vrstic v C:\Users\david\Desktop\PIM\NoviPIM\izvoz\magento\1
08:32:42     Izvoz profila MAGENTO_STOCK_PRICES končan: 2071 vrstic v C:\Users\david\Desktop\PIM\NoviPIM\izvoz\magento\2
08:32:45     Izvoz profila MAGENTO_STOCK_PRICES končan: 2488 vrstic v C:\Users\david\Desktop\PIM\NoviPIM\izvoz\magento\3
08:32:47     Izvoz profila MAGENTO_STOCK_PRICES končan: 0 vrstic v C:\Users\david\Desktop\PIM\NoviPIM\izvoz\magento\4
08:32:47     konec: Izvoz cen in zaloge za splet
08:32:47  Zalogovni cikel koncan; padlih korakov: 0.
08:37:26  == Zaloga NW_STOCK ==
08:37:28     [NW_STOCK] prevzeto 87.650 bajtov -> C:\Users\david\Desktop\PIM\NoviPIM\PIM_Solution\data\prevzem\NW_STOCK\nw-zaloga.csv; arhiv nw-zaloga_20260910_063728Z.csv.gz
08:37:28     Prevzem koncan: uspesno 1, neuspesno 0, skupaj virov 1.
08:37:29     Prebranih zapisov: 2762; SHA-256: 90a8e96ca7be21ab172a1e9e959390cc6a1bf77749c4414d6d0c0ced8dcd9df1
08:37:29     STOCK_FILE pri podjetju 1: se ni na vrsti po razporedu; preskoceno.
08:37:30     Prebranih zapisov: 2762; SHA-256: 90a8e96ca7be21ab172a1e9e959390cc6a1bf77749c4414d6d0c0ced8dcd9df1
08:37:30     STOCK_FILE pri podjetju 2: se ni na vrsti po razporedu; preskoceno.
08:37:31     Prebranih zapisov: 2762; SHA-256: 90a8e96ca7be21ab172a1e9e959390cc6a1bf77749c4414d6d0c0ced8dcd9df1
08:37:31     STOCK_FILE pri podjetju 3: se ni na vrsti po razporedu; preskoceno.
08:37:32     Prebranih zapisov: 2762; SHA-256: 90a8e96ca7be21ab172a1e9e959390cc6a1bf77749c4414d6d0c0ced8dcd9df1
08:37:32     STOCK_FILE pri podjetju 4: se ni na vrsti po razporedu; preskoceno.
08:37:32     konec: Zaloga NW_STOCK
08:37:32  == Zaloga BT_STOCK ==
08:37:33     SOURCE_FETCH: se ni na vrsti po razporedu; preskoceno.
08:37:33     Prebranih zapisov: 1389; SHA-256: 9ce1d9db0059312edfef65a64a5893e7d23591917f0431275cc8801f9ce4e5a9
08:37:34     Ta posnetek je ze v bazi; vir=BT_STOCK, podjetje=1, cas posnetka=2026-09-10 04:27:35Z, uporabljenih=1389, v karanteni=0, RunId=5650a398-ec28-4bf4-85ab-8198ca9829cf. Zapisano ni bilo nic.
08:37:35     Prebranih zapisov: 1389; SHA-256: 9ce1d9db0059312edfef65a64a5893e7d23591917f0431275cc8801f9ce4e5a9
08:37:35     Ta posnetek je ze v bazi; vir=BT_STOCK, podjetje=2, cas posnetka=2026-09-10 04:27:35Z, uporabljenih=1389, v karanteni=0, RunId=93f3be1b-9c0e-481c-baed-972a17fc008d. Zapisano ni bilo nic.
08:37:36     Prebranih zapisov: 1389; SHA-256: 9ce1d9db0059312edfef65a64a5893e7d23591917f0431275cc8801f9ce4e5a9
08:37:36     Ta posnetek je ze v bazi; vir=BT_STOCK, podjetje=3, cas posnetka=2026-09-10 04:27:35Z, uporabljenih=1389, v karanteni=0, RunId=ebba2baa-7caa-4417-89e2-cd2d99ef442d. Zapisano ni bilo nic.
08:37:37     Prebranih zapisov: 1389; SHA-256: 9ce1d9db0059312edfef65a64a5893e7d23591917f0431275cc8801f9ce4e5a9
08:37:37     Ta posnetek je ze v bazi; vir=BT_STOCK, podjetje=4, cas posnetka=2026-09-10 04:27:35Z, uporabljenih=1389, v karanteni=0, RunId=ce7b32c0-029c-435f-a334-eb93110ccf41. Zapisano ni bilo nic.
08:37:37     konec: Zaloga BT_STOCK
08:37:37  == Zaloga iz SAOP (kolicine) ==
08:37:38     [1] SAOP_STOCK: se ni na vrsti po razporedu; preskoceno.
08:37:38     [2] SAOP_STOCK: se ni na vrsti po razporedu; preskoceno.
08:37:38     [3] SAOP_STOCK: se ni na vrsti po razporedu; preskoceno.
08:37:38     [4] SAOP_STOCK: se ni na vrsti po razporedu; preskoceno.
08:37:38     konec: Zaloga iz SAOP (kolicine)
08:37:38  == Izvoz cen in zaloge za splet ==
08:37:40     Izvoz profila MAGENTO_STOCK_PRICES končan: 352 vrstic v C:\Users\david\Desktop\PIM\NoviPIM\izvoz\magento\1
08:37:43     Izvoz profila MAGENTO_STOCK_PRICES končan: 2071 vrstic v C:\Users\david\Desktop\PIM\NoviPIM\izvoz\magento\2
08:37:46     Izvoz profila MAGENTO_STOCK_PRICES končan: 2488 vrstic v C:\Users\david\Desktop\PIM\NoviPIM\izvoz\magento\3
08:37:47     Izvoz profila MAGENTO_STOCK_PRICES končan: 0 vrstic v C:\Users\david\Desktop\PIM\NoviPIM\izvoz\magento\4
08:37:47     konec: Izvoz cen in zaloge za splet
08:37:47  Zalogovni cikel koncan; padlih korakov: 0.
08:42:26  == Zaloga NW_STOCK ==
08:42:27     SOURCE_FETCH: se ni na vrsti po razporedu; preskoceno.
08:42:28     Prebranih zapisov: 2762; SHA-256: 90a8e96ca7be21ab172a1e9e959390cc6a1bf77749c4414d6d0c0ced8dcd9df1
08:42:28     STOCK_FILE pri podjetju 1: se ni na vrsti po razporedu; preskoceno.
08:42:29     Prebranih zapisov: 2762; SHA-256: 90a8e96ca7be21ab172a1e9e959390cc6a1bf77749c4414d6d0c0ced8dcd9df1
08:42:29     STOCK_FILE pri podjetju 2: se ni na vrsti po razporedu; preskoceno.
08:42:30     Prebranih zapisov: 2762; SHA-256: 90a8e96ca7be21ab172a1e9e959390cc6a1bf77749c4414d6d0c0ced8dcd9df1
08:42:30     STOCK_FILE pri podjetju 3: se ni na vrsti po razporedu; preskoceno.
08:42:31     Prebranih zapisov: 2762; SHA-256: 90a8e96ca7be21ab172a1e9e959390cc6a1bf77749c4414d6d0c0ced8dcd9df1
08:42:31     STOCK_FILE pri podjetju 4: se ni na vrsti po razporedu; preskoceno.
08:42:31     konec: Zaloga NW_STOCK
08:42:31  == Zaloga BT_STOCK ==
08:42:32     [BT_STOCK] preskoceno: Razmik dobavitelja se tece; naslednji prenos po 10. 09. 2026 09:27.
08:42:32     Prevzem koncan: uspesno 0, neuspesno 0, skupaj virov 1.
08:42:33     Prebranih zapisov: 1389; SHA-256: 9ce1d9db0059312edfef65a64a5893e7d23591917f0431275cc8801f9ce4e5a9
08:42:33     STOCK_FILE pri podjetju 1: se ni na vrsti po razporedu; preskoceno.
08:42:34     Prebranih zapisov: 1389; SHA-256: 9ce1d9db0059312edfef65a64a5893e7d23591917f0431275cc8801f9ce4e5a9
08:42:34     STOCK_FILE pri podjetju 2: se ni na vrsti po razporedu; preskoceno.
08:42:35     Prebranih zapisov: 1389; SHA-256: 9ce1d9db0059312edfef65a64a5893e7d23591917f0431275cc8801f9ce4e5a9
08:42:35     STOCK_FILE pri podjetju 3: se ni na vrsti po razporedu; preskoceno.
08:42:36     Prebranih zapisov: 1389; SHA-256: 9ce1d9db0059312edfef65a64a5893e7d23591917f0431275cc8801f9ce4e5a9
08:42:36     STOCK_FILE pri podjetju 4: se ni na vrsti po razporedu; preskoceno.
08:42:36     konec: Zaloga BT_STOCK
08:42:36  == Zaloga iz SAOP (kolicine) ==
08:42:37     [1] SAOP_STOCK: se ni na vrsti po razporedu; preskoceno.
08:42:37     [2] SAOP_STOCK: se ni na vrsti po razporedu; preskoceno.
08:42:37     [3] SAOP_STOCK: se ni na vrsti po razporedu; preskoceno.
08:42:37     [4] SAOP_STOCK: se ni na vrsti po razporedu; preskoceno.
08:42:37     konec: Zaloga iz SAOP (kolicine)
08:42:37  == Izvoz cen in zaloge za splet ==
08:42:39     Izvoz profila MAGENTO_STOCK_PRICES končan: 352 vrstic v C:\Users\david\Desktop\PIM\NoviPIM\izvoz\magento\1
08:42:42     Izvoz profila MAGENTO_STOCK_PRICES končan: 2071 vrstic v C:\Users\david\Desktop\PIM\NoviPIM\izvoz\magento\2
08:42:45     Izvoz profila MAGENTO_STOCK_PRICES končan: 2488 vrstic v C:\Users\david\Desktop\PIM\NoviPIM\izvoz\magento\3
08:42:46     Izvoz profila MAGENTO_STOCK_PRICES končan: 0 vrstic v C:\Users\david\Desktop\PIM\NoviPIM\izvoz\magento\4
08:42:46     konec: Izvoz cen in zaloge za splet
08:42:46  Zalogovni cikel koncan; padlih korakov: 0.
08:47:26  == Zaloga NW_STOCK ==
08:47:27     SOURCE_FETCH: se ni na vrsti po razporedu; preskoceno.
08:47:28     Prebranih zapisov: 2762; SHA-256: 90a8e96ca7be21ab172a1e9e959390cc6a1bf77749c4414d6d0c0ced8dcd9df1
08:47:29     Zaloga zapisana; vir=NW_STOCK, podjetje=1, uporabljenih=2762, v karanteni=0, RunId=cd91b1bd-6c70-4f99-848e-4e0723a4d4e3.
08:47:30     Prebranih zapisov: 2762; SHA-256: 90a8e96ca7be21ab172a1e9e959390cc6a1bf77749c4414d6d0c0ced8dcd9df1
08:47:32     Zaloga zapisana; vir=NW_STOCK, podjetje=2, uporabljenih=2762, v karanteni=0, RunId=90b43a07-8321-40c5-bcb3-ea2cb63ecba2.
08:47:32     Prebranih zapisov: 2762; SHA-256: 90a8e96ca7be21ab172a1e9e959390cc6a1bf77749c4414d6d0c0ced8dcd9df1
08:47:34     Zaloga zapisana; vir=NW_STOCK, podjetje=3, uporabljenih=2762, v karanteni=0, RunId=bb55c239-8927-47c5-a50c-1ec12ecfacd8.
08:47:35     Prebranih zapisov: 2762; SHA-256: 90a8e96ca7be21ab172a1e9e959390cc6a1bf77749c4414d6d0c0ced8dcd9df1
08:47:36     Zaloga zapisana; vir=NW_STOCK, podjetje=4, uporabljenih=2762, v karanteni=0, RunId=696d7bb6-d7ea-45c9-a935-fe8e50cc797e.
08:47:36     konec: Zaloga NW_STOCK
08:47:36  == Zaloga BT_STOCK ==
08:47:37     [BT_STOCK] preskoceno: Razmik dobavitelja se tece; naslednji prenos po 10. 09. 2026 09:27.
08:47:37     Prevzem koncan: uspesno 0, neuspesno 0, skupaj virov 1.
08:47:38     Prebranih zapisov: 1389; SHA-256: 9ce1d9db0059312edfef65a64a5893e7d23591917f0431275cc8801f9ce4e5a9
08:47:38     STOCK_FILE pri podjetju 1: se ni na vrsti po razporedu; preskoceno.
08:47:39     Prebranih zapisov: 1389; SHA-256: 9ce1d9db0059312edfef65a64a5893e7d23591917f0431275cc8801f9ce4e5a9
08:47:39     STOCK_FILE pri podjetju 2: se ni na vrsti po razporedu; preskoceno.
08:47:40     Prebranih zapisov: 1389; SHA-256: 9ce1d9db0059312edfef65a64a5893e7d23591917f0431275cc8801f9ce4e5a9
08:47:40     STOCK_FILE pri podjetju 3: se ni na vrsti po razporedu; preskoceno.
08:47:41     Prebranih zapisov: 1389; SHA-256: 9ce1d9db0059312edfef65a64a5893e7d23591917f0431275cc8801f9ce4e5a9
08:47:41     STOCK_FILE pri podjetju 4: se ni na vrsti po razporedu; preskoceno.
08:47:41     konec: Zaloga BT_STOCK
08:47:41  == Zaloga iz SAOP (kolicine) ==
08:47:42     [1] SAOP_STOCK: se ni na vrsti po razporedu; preskoceno.
08:47:42     [2] SAOP_STOCK: se ni na vrsti po razporedu; preskoceno.
08:47:42     [3] SAOP_STOCK: se ni na vrsti po razporedu; preskoceno.
08:47:42     [4] SAOP_STOCK: se ni na vrsti po razporedu; preskoceno.
08:47:42     konec: Zaloga iz SAOP (kolicine)
08:47:42  == Izvoz cen in zaloge za splet ==
08:47:44     Izvoz profila MAGENTO_STOCK_PRICES končan: 352 vrstic v C:\Users\david\Desktop\PIM\NoviPIM\izvoz\magento\1
08:47:47     Izvoz profila MAGENTO_STOCK_PRICES končan: 2071 vrstic v C:\Users\david\Desktop\PIM\NoviPIM\izvoz\magento\2
08:47:50     Izvoz profila MAGENTO_STOCK_PRICES končan: 2488 vrstic v C:\Users\david\Desktop\PIM\NoviPIM\izvoz\magento\3
08:47:52     Izvoz profila MAGENTO_STOCK_PRICES končan: 0 vrstic v C:\Users\david\Desktop\PIM\NoviPIM\izvoz\magento\4
08:47:52     konec: Izvoz cen in zaloge za splet
08:47:52  Zalogovni cikel koncan; padlih korakov: 0.
08:52:26  == Zaloga NW_STOCK ==
08:52:27     SOURCE_FETCH: se ni na vrsti po razporedu; preskoceno.
08:52:28     Prebranih zapisov: 2762; SHA-256: 90a8e96ca7be21ab172a1e9e959390cc6a1bf77749c4414d6d0c0ced8dcd9df1
08:52:28     STOCK_FILE pri podjetju 1: se ni na vrsti po razporedu; preskoceno.
08:52:29     Prebranih zapisov: 2762; SHA-256: 90a8e96ca7be21ab172a1e9e959390cc6a1bf77749c4414d6d0c0ced8dcd9df1
08:52:29     STOCK_FILE pri podjetju 2: se ni na vrsti po razporedu; preskoceno.
08:52:30     Prebranih zapisov: 2762; SHA-256: 90a8e96ca7be21ab172a1e9e959390cc6a1bf77749c4414d6d0c0ced8dcd9df1
08:52:30     STOCK_FILE pri podjetju 3: se ni na vrsti po razporedu; preskoceno.
08:52:31     Prebranih zapisov: 2762; SHA-256: 90a8e96ca7be21ab172a1e9e959390cc6a1bf77749c4414d6d0c0ced8dcd9df1
08:52:31     STOCK_FILE pri podjetju 4: se ni na vrsti po razporedu; preskoceno.
08:52:31     konec: Zaloga NW_STOCK
08:52:31  == Zaloga BT_STOCK ==
08:52:32     SOURCE_FETCH: se ni na vrsti po razporedu; preskoceno.
08:52:33     Prebranih zapisov: 1389; SHA-256: 9ce1d9db0059312edfef65a64a5893e7d23591917f0431275cc8801f9ce4e5a9
08:52:33     Ta posnetek je ze v bazi; vir=BT_STOCK, podjetje=1, cas posnetka=2026-09-10 04:27:35Z, uporabljenih=1389, v karanteni=0, RunId=5650a398-ec28-4bf4-85ab-8198ca9829cf. Zapisano ni bilo nic.
08:52:34     Prebranih zapisov: 1389; SHA-256: 9ce1d9db0059312edfef65a64a5893e7d23591917f0431275cc8801f9ce4e5a9
08:52:34     Ta posnetek je ze v bazi; vir=BT_STOCK, podjetje=2, cas posnetka=2026-09-10 04:27:35Z, uporabljenih=1389, v karanteni=0, RunId=93f3be1b-9c0e-481c-baed-972a17fc008d. Zapisano ni bilo nic.
08:52:35     Prebranih zapisov: 1389; SHA-256: 9ce1d9db0059312edfef65a64a5893e7d23591917f0431275cc8801f9ce4e5a9
08:52:35     Ta posnetek je ze v bazi; vir=BT_STOCK, podjetje=3, cas posnetka=2026-09-10 04:27:35Z, uporabljenih=1389, v karanteni=0, RunId=ebba2baa-7caa-4417-89e2-cd2d99ef442d. Zapisano ni bilo nic.
08:52:36     Prebranih zapisov: 1389; SHA-256: 9ce1d9db0059312edfef65a64a5893e7d23591917f0431275cc8801f9ce4e5a9
08:52:36     Ta posnetek je ze v bazi; vir=BT_STOCK, podjetje=4, cas posnetka=2026-09-10 04:27:35Z, uporabljenih=1389, v karanteni=0, RunId=ce7b32c0-029c-435f-a334-eb93110ccf41. Zapisano ni bilo nic.
08:52:36     konec: Zaloga BT_STOCK
08:52:36  == Zaloga iz SAOP (kolicine) ==
08:52:58     STDERR: [1] NAPAKA: A connection attempt failed because the connected party did not properly respond after a period of time, or established connection failed because connected host has failed to respond. (192.168.178.12:81)
08:53:20     STDERR: [2] NAPAKA: A connection attempt failed because the connected party did not properly respond after a period of time, or established connection failed because connected host has failed to respond. (192.168.178.12:81)
08:53:41     STDERR: [3] NAPAKA: A connection attempt failed because the connected party did not properly respond after a period of time, or established connection failed because connected host has failed to respond. (192.168.178.12:81)
08:54:02     STDERR: [4] NAPAKA: A connection attempt failed because the connected party did not properly respond after a period of time, or established connection failed because connected host has failed to respond. (192.168.178.12:81)
08:54:02     NAPAKA: worker workers\PIM.SaopStockWorker je koncal z izhodno kodo 1
08:54:02  == Izvoz cen in zaloge za splet ==
08:54:03     Izvoz profila MAGENTO_STOCK_PRICES končan: 352 vrstic v C:\Users\david\Desktop\PIM\NoviPIM\izvoz\magento\1
08:54:07     Izvoz profila MAGENTO_STOCK_PRICES končan: 2071 vrstic v C:\Users\david\Desktop\PIM\NoviPIM\izvoz\magento\2
08:54:10     Izvoz profila MAGENTO_STOCK_PRICES končan: 2488 vrstic v C:\Users\david\Desktop\PIM\NoviPIM\izvoz\magento\3
08:54:11     Izvoz profila MAGENTO_STOCK_PRICES končan: 0 vrstic v C:\Users\david\Desktop\PIM\NoviPIM\izvoz\magento\4
08:54:11     konec: Izvoz cen in zaloge za splet
08:54:11  Zalogovni cikel koncan; padlih korakov: 1.
08:57:26  == Zaloga NW_STOCK ==
08:57:27     [NW_STOCK] preskoceno: Razmik dobavitelja se tece; naslednji prenos po 10. 09. 2026 10:37.
08:57:27     Prevzem koncan: uspesno 0, neuspesno 0, skupaj virov 1.
08:57:28     Prebranih zapisov: 2762; SHA-256: 90a8e96ca7be21ab172a1e9e959390cc6a1bf77749c4414d6d0c0ced8dcd9df1
08:57:28     STOCK_FILE pri podjetju 1: se ni na vrsti po razporedu; preskoceno.
08:57:29     Prebranih zapisov: 2762; SHA-256: 90a8e96ca7be21ab172a1e9e959390cc6a1bf77749c4414d6d0c0ced8dcd9df1
08:57:29     STOCK_FILE pri podjetju 2: se ni na vrsti po razporedu; preskoceno.
08:57:30     Prebranih zapisov: 2762; SHA-256: 90a8e96ca7be21ab172a1e9e959390cc6a1bf77749c4414d6d0c0ced8dcd9df1
08:57:30     STOCK_FILE pri podjetju 3: se ni na vrsti po razporedu; preskoceno.
08:57:31     Prebranih zapisov: 2762; SHA-256: 90a8e96ca7be21ab172a1e9e959390cc6a1bf77749c4414d6d0c0ced8dcd9df1
08:57:31     STOCK_FILE pri podjetju 4: se ni na vrsti po razporedu; preskoceno.
08:57:31     konec: Zaloga NW_STOCK
08:57:31  == Zaloga BT_STOCK ==
08:57:32     SOURCE_FETCH: se ni na vrsti po razporedu; preskoceno.
08:57:33     Prebranih zapisov: 1389; SHA-256: 9ce1d9db0059312edfef65a64a5893e7d23591917f0431275cc8801f9ce4e5a9
08:57:33     Ta posnetek je ze v bazi; vir=BT_STOCK, podjetje=1, cas posnetka=2026-09-10 04:27:35Z, uporabljenih=1389, v karanteni=0, RunId=5650a398-ec28-4bf4-85ab-8198ca9829cf. Zapisano ni bilo nic.
08:57:34     Prebranih zapisov: 1389; SHA-256: 9ce1d9db0059312edfef65a64a5893e7d23591917f0431275cc8801f9ce4e5a9
08:57:34     Ta posnetek je ze v bazi; vir=BT_STOCK, podjetje=2, cas posnetka=2026-09-10 04:27:35Z, uporabljenih=1389, v karanteni=0, RunId=93f3be1b-9c0e-481c-baed-972a17fc008d. Zapisano ni bilo nic.
08:57:35     Prebranih zapisov: 1389; SHA-256: 9ce1d9db0059312edfef65a64a5893e7d23591917f0431275cc8801f9ce4e5a9
08:57:35     STOCK_FILE pri podjetju 3: se ni na vrsti po razporedu; preskoceno.
08:57:36     Prebranih zapisov: 1389; SHA-256: 9ce1d9db0059312edfef65a64a5893e7d23591917f0431275cc8801f9ce4e5a9
08:57:36     STOCK_FILE pri podjetju 4: se ni na vrsti po razporedu; preskoceno.
08:57:36     konec: Zaloga BT_STOCK
08:57:36  == Zaloga iz SAOP (kolicine) ==
08:57:37     [1] SAOP_STOCK: se ni na vrsti po razporedu; preskoceno.
08:57:37     [2] SAOP_STOCK: se ni na vrsti po razporedu; preskoceno.
08:57:37     [3] SAOP_STOCK: se ni na vrsti po razporedu; preskoceno.
08:57:37     [4] SAOP_STOCK: se ni na vrsti po razporedu; preskoceno.
08:57:37     konec: Zaloga iz SAOP (kolicine)
08:57:37  == Izvoz cen in zaloge za splet ==
08:57:39     Izvoz profila MAGENTO_STOCK_PRICES končan: 352 vrstic v C:\Users\david\Desktop\PIM\NoviPIM\izvoz\magento\1
08:57:42     Izvoz profila MAGENTO_STOCK_PRICES končan: 2071 vrstic v C:\Users\david\Desktop\PIM\NoviPIM\izvoz\magento\2
08:57:45     Izvoz profila MAGENTO_STOCK_PRICES končan: 2488 vrstic v C:\Users\david\Desktop\PIM\NoviPIM\izvoz\magento\3
08:57:46     Izvoz profila MAGENTO_STOCK_PRICES končan: 0 vrstic v C:\Users\david\Desktop\PIM\NoviPIM\izvoz\magento\4
08:57:46     konec: Izvoz cen in zaloge za splet
08:57:46  Zalogovni cikel koncan; padlih korakov: 0.
09:02:26  == Zaloga NW_STOCK ==
09:02:27     SOURCE_FETCH: se ni na vrsti po razporedu; preskoceno.
09:02:28     Prebranih zapisov: 2762; SHA-256: 90a8e96ca7be21ab172a1e9e959390cc6a1bf77749c4414d6d0c0ced8dcd9df1
09:02:28     STOCK_FILE pri podjetju 1: se ni na vrsti po razporedu; preskoceno.
09:02:29     Prebranih zapisov: 2762; SHA-256: 90a8e96ca7be21ab172a1e9e959390cc6a1bf77749c4414d6d0c0ced8dcd9df1
09:02:29     STOCK_FILE pri podjetju 2: se ni na vrsti po razporedu; preskoceno.
09:02:30     Prebranih zapisov: 2762; SHA-256: 90a8e96ca7be21ab172a1e9e959390cc6a1bf77749c4414d6d0c0ced8dcd9df1
09:02:30     Ta posnetek je ze v bazi; vir=NW_STOCK, podjetje=3, cas posnetka=2026-09-10 06:37:28Z, uporabljenih=2762, v karanteni=0, RunId=bb55c239-8927-47c5-a50c-1ec12ecfacd8. Zapisano ni bilo nic.
09:02:31     Prebranih zapisov: 2762; SHA-256: 90a8e96ca7be21ab172a1e9e959390cc6a1bf77749c4414d6d0c0ced8dcd9df1
09:02:31     Ta posnetek je ze v bazi; vir=NW_STOCK, podjetje=4, cas posnetka=2026-09-10 06:37:28Z, uporabljenih=2762, v karanteni=0, RunId=696d7bb6-d7ea-45c9-a935-fe8e50cc797e. Zapisano ni bilo nic.
09:02:31     konec: Zaloga NW_STOCK
09:02:31  == Zaloga BT_STOCK ==
09:02:32     [BT_STOCK] preskoceno: Razmik dobavitelja se tece; naslednji prenos po 10. 09. 2026 09:27.
09:02:32     Prevzem koncan: uspesno 0, neuspesno 0, skupaj virov 1.
09:02:33     Prebranih zapisov: 1389; SHA-256: 9ce1d9db0059312edfef65a64a5893e7d23591917f0431275cc8801f9ce4e5a9
09:02:33     Ta posnetek je ze v bazi; vir=BT_STOCK, podjetje=1, cas posnetka=2026-09-10 04:27:35Z, uporabljenih=1389, v karanteni=0, RunId=5650a398-ec28-4bf4-85ab-8198ca9829cf. Zapisano ni bilo nic.
09:02:34     Prebranih zapisov: 1389; SHA-256: 9ce1d9db0059312edfef65a64a5893e7d23591917f0431275cc8801f9ce4e5a9
09:02:34     Ta posnetek je ze v bazi; vir=BT_STOCK, podjetje=2, cas posnetka=2026-09-10 04:27:35Z, uporabljenih=1389, v karanteni=0, RunId=93f3be1b-9c0e-481c-baed-972a17fc008d. Zapisano ni bilo nic.
09:02:35     Prebranih zapisov: 1389; SHA-256: 9ce1d9db0059312edfef65a64a5893e7d23591917f0431275cc8801f9ce4e5a9
09:02:35     STOCK_FILE pri podjetju 3: se ni na vrsti po razporedu; preskoceno.
09:02:36     Prebranih zapisov: 1389; SHA-256: 9ce1d9db0059312edfef65a64a5893e7d23591917f0431275cc8801f9ce4e5a9
09:02:36     STOCK_FILE pri podjetju 4: se ni na vrsti po razporedu; preskoceno.
09:02:36     konec: Zaloga BT_STOCK
09:02:36  == Zaloga iz SAOP (kolicine) ==
09:02:37     [1] SAOP_STOCK: se ni na vrsti po razporedu; preskoceno.
09:02:37     [2] SAOP_STOCK: se ni na vrsti po razporedu; preskoceno.
09:02:37     [3] SAOP_STOCK: se ni na vrsti po razporedu; preskoceno.
09:02:37     [4] SAOP_STOCK: se ni na vrsti po razporedu; preskoceno.
09:02:37     konec: Zaloga iz SAOP (kolicine)
09:02:37  == Izvoz cen in zaloge za splet ==
09:02:39     Izvoz profila MAGENTO_STOCK_PRICES končan: 352 vrstic v C:\Users\david\Desktop\PIM\NoviPIM\izvoz\magento\1
09:02:42     Izvoz profila MAGENTO_STOCK_PRICES končan: 2071 vrstic v C:\Users\david\Desktop\PIM\NoviPIM\izvoz\magento\2
09:02:45     Izvoz profila MAGENTO_STOCK_PRICES končan: 2488 vrstic v C:\Users\david\Desktop\PIM\NoviPIM\izvoz\magento\3
09:02:47     Izvoz profila MAGENTO_STOCK_PRICES končan: 0 vrstic v C:\Users\david\Desktop\PIM\NoviPIM\izvoz\magento\4
09:02:47     konec: Izvoz cen in zaloge za splet
09:02:47  Zalogovni cikel koncan; padlih korakov: 0.
09:07:26  == Zaloga NW_STOCK ==
09:07:27     SOURCE_FETCH: se ni na vrsti po razporedu; preskoceno.
09:07:28     Prebranih zapisov: 2762; SHA-256: 90a8e96ca7be21ab172a1e9e959390cc6a1bf77749c4414d6d0c0ced8dcd9df1
09:07:28     STOCK_FILE pri podjetju 1: se ni na vrsti po razporedu; preskoceno.
09:07:29     Prebranih zapisov: 2762; SHA-256: 90a8e96ca7be21ab172a1e9e959390cc6a1bf77749c4414d6d0c0ced8dcd9df1
09:07:29     STOCK_FILE pri podjetju 2: se ni na vrsti po razporedu; preskoceno.
09:07:30     Prebranih zapisov: 2762; SHA-256: 90a8e96ca7be21ab172a1e9e959390cc6a1bf77749c4414d6d0c0ced8dcd9df1
09:07:30     STOCK_FILE pri podjetju 3: se ni na vrsti po razporedu; preskoceno.
09:07:31     Prebranih zapisov: 2762; SHA-256: 90a8e96ca7be21ab172a1e9e959390cc6a1bf77749c4414d6d0c0ced8dcd9df1
09:07:31     STOCK_FILE pri podjetju 4: se ni na vrsti po razporedu; preskoceno.
09:07:31     konec: Zaloga NW_STOCK
09:07:31  == Zaloga BT_STOCK ==
09:07:32     SOURCE_FETCH: se ni na vrsti po razporedu; preskoceno.
09:07:33     Prebranih zapisov: 1389; SHA-256: 9ce1d9db0059312edfef65a64a5893e7d23591917f0431275cc8801f9ce4e5a9
09:07:33     STOCK_FILE pri podjetju 1: se ni na vrsti po razporedu; preskoceno.
09:07:34     Prebranih zapisov: 1389; SHA-256: 9ce1d9db0059312edfef65a64a5893e7d23591917f0431275cc8801f9ce4e5a9
09:07:34     STOCK_FILE pri podjetju 2: se ni na vrsti po razporedu; preskoceno.
09:07:35     Prebranih zapisov: 1389; SHA-256: 9ce1d9db0059312edfef65a64a5893e7d23591917f0431275cc8801f9ce4e5a9
09:07:35     Ta posnetek je ze v bazi; vir=BT_STOCK, podjetje=3, cas posnetka=2026-09-10 04:27:35Z, uporabljenih=1389, v karanteni=0, RunId=ebba2baa-7caa-4417-89e2-cd2d99ef442d. Zapisano ni bilo nic.
09:07:36     Prebranih zapisov: 1389; SHA-256: 9ce1d9db0059312edfef65a64a5893e7d23591917f0431275cc8801f9ce4e5a9
09:07:36     Ta posnetek je ze v bazi; vir=BT_STOCK, podjetje=4, cas posnetka=2026-09-10 04:27:35Z, uporabljenih=1389, v karanteni=0, RunId=ce7b32c0-029c-435f-a334-eb93110ccf41. Zapisano ni bilo nic.
09:07:36     konec: Zaloga BT_STOCK
09:07:36  == Zaloga iz SAOP (kolicine) ==
09:07:37     [1] SAOP_STOCK: se ni na vrsti po razporedu; preskoceno.
09:07:37     [2] SAOP_STOCK: se ni na vrsti po razporedu; preskoceno.
09:07:37     [3] SAOP_STOCK: se ni na vrsti po razporedu; preskoceno.
09:07:37     [4] SAOP_STOCK: se ni na vrsti po razporedu; preskoceno.
09:07:37     konec: Zaloga iz SAOP (kolicine)
09:07:37  == Izvoz cen in zaloge za splet ==
09:07:39     Izvoz profila MAGENTO_STOCK_PRICES končan: 352 vrstic v C:\Users\david\Desktop\PIM\NoviPIM\izvoz\magento\1
09:07:42     Izvoz profila MAGENTO_STOCK_PRICES končan: 2071 vrstic v C:\Users\david\Desktop\PIM\NoviPIM\izvoz\magento\2
09:07:45     Izvoz profila MAGENTO_STOCK_PRICES končan: 2488 vrstic v C:\Users\david\Desktop\PIM\NoviPIM\izvoz\magento\3
09:07:46     Izvoz profila MAGENTO_STOCK_PRICES končan: 0 vrstic v C:\Users\david\Desktop\PIM\NoviPIM\izvoz\magento\4
09:07:46     konec: Izvoz cen in zaloge za splet
09:07:46  Zalogovni cikel koncan; padlih korakov: 0.
09:12:26  == Zaloga NW_STOCK ==
09:12:27     [NW_STOCK] preskoceno: Razmik dobavitelja se tece; naslednji prenos po 10. 09. 2026 10:37.
09:12:27     Prevzem koncan: uspesno 0, neuspesno 0, skupaj virov 1.
09:12:28     Prebranih zapisov: 2762; SHA-256: 90a8e96ca7be21ab172a1e9e959390cc6a1bf77749c4414d6d0c0ced8dcd9df1
09:12:28     Ta posnetek je ze v bazi; vir=NW_STOCK, podjetje=1, cas posnetka=2026-09-10 06:37:28Z, uporabljenih=2762, v karanteni=0, RunId=cd91b1bd-6c70-4f99-848e-4e0723a4d4e3. Zapisano ni bilo nic.
09:12:29     Prebranih zapisov: 2762; SHA-256: 90a8e96ca7be21ab172a1e9e959390cc6a1bf77749c4414d6d0c0ced8dcd9df1
09:12:29     Ta posnetek je ze v bazi; vir=NW_STOCK, podjetje=2, cas posnetka=2026-09-10 06:37:28Z, uporabljenih=2762, v karanteni=0, RunId=90b43a07-8321-40c5-bcb3-ea2cb63ecba2. Zapisano ni bilo nic.
09:12:30     Prebranih zapisov: 2762; SHA-256: 90a8e96ca7be21ab172a1e9e959390cc6a1bf77749c4414d6d0c0ced8dcd9df1
09:12:30     STOCK_FILE pri podjetju 3: se ni na vrsti po razporedu; preskoceno.
09:12:31     Prebranih zapisov: 2762; SHA-256: 90a8e96ca7be21ab172a1e9e959390cc6a1bf77749c4414d6d0c0ced8dcd9df1
09:12:31     STOCK_FILE pri podjetju 4: se ni na vrsti po razporedu; preskoceno.
09:12:31     konec: Zaloga NW_STOCK
09:12:31  == Zaloga BT_STOCK ==
09:12:32     SOURCE_FETCH: se ni na vrsti po razporedu; preskoceno.
09:12:33     Prebranih zapisov: 1389; SHA-256: 9ce1d9db0059312edfef65a64a5893e7d23591917f0431275cc8801f9ce4e5a9
09:12:33     STOCK_FILE pri podjetju 1: se ni na vrsti po razporedu; preskoceno.
09:12:34     Prebranih zapisov: 1389; SHA-256: 9ce1d9db0059312edfef65a64a5893e7d23591917f0431275cc8801f9ce4e5a9
09:12:34     STOCK_FILE pri podjetju 2: se ni na vrsti po razporedu; preskoceno.
09:12:35     Prebranih zapisov: 1389; SHA-256: 9ce1d9db0059312edfef65a64a5893e7d23591917f0431275cc8801f9ce4e5a9
09:12:35     Ta posnetek je ze v bazi; vir=BT_STOCK, podjetje=3, cas posnetka=2026-09-10 04:27:35Z, uporabljenih=1389, v karanteni=0, RunId=ebba2baa-7caa-4417-89e2-cd2d99ef442d. Zapisano ni bilo nic.
09:12:36     Prebranih zapisov: 1389; SHA-256: 9ce1d9db0059312edfef65a64a5893e7d23591917f0431275cc8801f9ce4e5a9
09:12:36     Ta posnetek je ze v bazi; vir=BT_STOCK, podjetje=4, cas posnetka=2026-09-10 04:27:35Z, uporabljenih=1389, v karanteni=0, RunId=ce7b32c0-029c-435f-a334-eb93110ccf41. Zapisano ni bilo nic.
09:12:36     konec: Zaloga BT_STOCK
09:12:36  == Zaloga iz SAOP (kolicine) ==
09:12:37     [1] SAOP_STOCK: se ni na vrsti po razporedu; preskoceno.
09:12:37     [2] SAOP_STOCK: se ni na vrsti po razporedu; preskoceno.
09:12:37     [3] SAOP_STOCK: se ni na vrsti po razporedu; preskoceno.
09:12:37     [4] SAOP_STOCK: se ni na vrsti po razporedu; preskoceno.
09:12:37     konec: Zaloga iz SAOP (kolicine)
09:12:37  == Izvoz cen in zaloge za splet ==
09:12:39     Izvoz profila MAGENTO_STOCK_PRICES končan: 352 vrstic v C:\Users\david\Desktop\PIM\NoviPIM\izvoz\magento\1
09:12:42     Izvoz profila MAGENTO_STOCK_PRICES končan: 2071 vrstic v C:\Users\david\Desktop\PIM\NoviPIM\izvoz\magento\2
09:12:45     Izvoz profila MAGENTO_STOCK_PRICES končan: 2488 vrstic v C:\Users\david\Desktop\PIM\NoviPIM\izvoz\magento\3
09:12:47     Izvoz profila MAGENTO_STOCK_PRICES končan: 0 vrstic v C:\Users\david\Desktop\PIM\NoviPIM\izvoz\magento\4
09:12:47     konec: Izvoz cen in zaloge za splet
09:12:47  Zalogovni cikel koncan; padlih korakov: 0.
09:17:26  == Zaloga NW_STOCK ==
09:17:27     [NW_STOCK] preskoceno: Razmik dobavitelja se tece; naslednji prenos po 10. 09. 2026 10:37.
09:17:27     Prevzem koncan: uspesno 0, neuspesno 0, skupaj virov 1.
09:17:28     Prebranih zapisov: 2762; SHA-256: 90a8e96ca7be21ab172a1e9e959390cc6a1bf77749c4414d6d0c0ced8dcd9df1
09:17:28     Ta posnetek je ze v bazi; vir=NW_STOCK, podjetje=1, cas posnetka=2026-09-10 06:37:28Z, uporabljenih=2762, v karanteni=0, RunId=cd91b1bd-6c70-4f99-848e-4e0723a4d4e3. Zapisano ni bilo nic.
09:17:29     Prebranih zapisov: 2762; SHA-256: 90a8e96ca7be21ab172a1e9e959390cc6a1bf77749c4414d6d0c0ced8dcd9df1
09:17:29     Ta posnetek je ze v bazi; vir=NW_STOCK, podjetje=2, cas posnetka=2026-09-10 06:37:28Z, uporabljenih=2762, v karanteni=0, RunId=90b43a07-8321-40c5-bcb3-ea2cb63ecba2. Zapisano ni bilo nic.
09:17:30     Prebranih zapisov: 2762; SHA-256: 90a8e96ca7be21ab172a1e9e959390cc6a1bf77749c4414d6d0c0ced8dcd9df1
09:17:30     STOCK_FILE pri podjetju 3: se ni na vrsti po razporedu; preskoceno.
09:17:31     Prebranih zapisov: 2762; SHA-256: 90a8e96ca7be21ab172a1e9e959390cc6a1bf77749c4414d6d0c0ced8dcd9df1
09:17:31     STOCK_FILE pri podjetju 4: se ni na vrsti po razporedu; preskoceno.
09:17:31     konec: Zaloga NW_STOCK
09:17:31  == Zaloga BT_STOCK ==
09:17:32     SOURCE_FETCH: se ni na vrsti po razporedu; preskoceno.
09:17:33     Prebranih zapisov: 1389; SHA-256: 9ce1d9db0059312edfef65a64a5893e7d23591917f0431275cc8801f9ce4e5a9
09:17:33     STOCK_FILE pri podjetju 1: se ni na vrsti po razporedu; preskoceno.
09:17:34     Prebranih zapisov: 1389; SHA-256: 9ce1d9db0059312edfef65a64a5893e7d23591917f0431275cc8801f9ce4e5a9
09:17:34     STOCK_FILE pri podjetju 2: se ni na vrsti po razporedu; preskoceno.
09:17:35     Prebranih zapisov: 1389; SHA-256: 9ce1d9db0059312edfef65a64a5893e7d23591917f0431275cc8801f9ce4e5a9
09:17:36     Ta posnetek je ze v bazi; vir=BT_STOCK, podjetje=3, cas posnetka=2026-09-10 04:27:35Z, uporabljenih=1389, v karanteni=0, RunId=ebba2baa-7caa-4417-89e2-cd2d99ef442d. Zapisano ni bilo nic.
09:17:37     Prebranih zapisov: 1389; SHA-256: 9ce1d9db0059312edfef65a64a5893e7d23591917f0431275cc8801f9ce4e5a9
09:17:37     Ta posnetek je ze v bazi; vir=BT_STOCK, podjetje=4, cas posnetka=2026-09-10 04:27:35Z, uporabljenih=1389, v karanteni=0, RunId=ce7b32c0-029c-435f-a334-eb93110ccf41. Zapisano ni bilo nic.
09:17:37     konec: Zaloga BT_STOCK
09:17:37  == Zaloga iz SAOP (kolicine) ==
09:17:38     [1] SAOP_STOCK: se ni na vrsti po razporedu; preskoceno.
09:17:38     [2] SAOP_STOCK: se ni na vrsti po razporedu; preskoceno.
09:17:38     [3] SAOP_STOCK: se ni na vrsti po razporedu; preskoceno.
09:17:38     [4] SAOP_STOCK: se ni na vrsti po razporedu; preskoceno.
09:17:38     konec: Zaloga iz SAOP (kolicine)
09:17:38  == Izvoz cen in zaloge za splet ==
09:17:40     Izvoz profila MAGENTO_STOCK_PRICES končan: 352 vrstic v C:\Users\david\Desktop\PIM\NoviPIM\izvoz\magento\1
09:17:43     Izvoz profila MAGENTO_STOCK_PRICES končan: 2071 vrstic v C:\Users\david\Desktop\PIM\NoviPIM\izvoz\magento\2
09:17:46     Izvoz profila MAGENTO_STOCK_PRICES končan: 2488 vrstic v C:\Users\david\Desktop\PIM\NoviPIM\izvoz\magento\3
09:17:48     Izvoz profila MAGENTO_STOCK_PRICES končan: 0 vrstic v C:\Users\david\Desktop\PIM\NoviPIM\izvoz\magento\4
09:17:48     konec: Izvoz cen in zaloge za splet
09:17:48  Zalogovni cikel koncan; padlih korakov: 0.
09:22:26  == Zaloga NW_STOCK ==
09:22:27     SOURCE_FETCH: se ni na vrsti po razporedu; preskoceno.
09:22:28     Prebranih zapisov: 2762; SHA-256: 90a8e96ca7be21ab172a1e9e959390cc6a1bf77749c4414d6d0c0ced8dcd9df1
09:22:28     STOCK_FILE pri podjetju 1: se ni na vrsti po razporedu; preskoceno.
09:22:29     Prebranih zapisov: 2762; SHA-256: 90a8e96ca7be21ab172a1e9e959390cc6a1bf77749c4414d6d0c0ced8dcd9df1
09:22:29     STOCK_FILE pri podjetju 2: se ni na vrsti po razporedu; preskoceno.
09:22:30     Prebranih zapisov: 2762; SHA-256: 90a8e96ca7be21ab172a1e9e959390cc6a1bf77749c4414d6d0c0ced8dcd9df1
09:22:30     STOCK_FILE pri podjetju 3: se ni na vrsti po razporedu; preskoceno.
09:22:31     Prebranih zapisov: 2762; SHA-256: 90a8e96ca7be21ab172a1e9e959390cc6a1bf77749c4414d6d0c0ced8dcd9df1
09:22:31     STOCK_FILE pri podjetju 4: se ni na vrsti po razporedu; preskoceno.
09:22:31     konec: Zaloga NW_STOCK
09:22:31  == Zaloga BT_STOCK ==
09:22:32     [BT_STOCK] preskoceno: Razmik dobavitelja se tece; naslednji prenos po 10. 09. 2026 09:27.
09:22:32     Prevzem koncan: uspesno 0, neuspesno 0, skupaj virov 1.
09:22:33     Prebranih zapisov: 1389; SHA-256: 9ce1d9db0059312edfef65a64a5893e7d23591917f0431275cc8801f9ce4e5a9
09:22:33     Ta posnetek je ze v bazi; vir=BT_STOCK, podjetje=1, cas posnetka=2026-09-10 04:27:35Z, uporabljenih=1389, v karanteni=0, RunId=5650a398-ec28-4bf4-85ab-8198ca9829cf. Zapisano ni bilo nic.
09:22:34     Prebranih zapisov: 1389; SHA-256: 9ce1d9db0059312edfef65a64a5893e7d23591917f0431275cc8801f9ce4e5a9
09:22:34     Ta posnetek je ze v bazi; vir=BT_STOCK, podjetje=2, cas posnetka=2026-09-10 04:27:35Z, uporabljenih=1389, v karanteni=0, RunId=93f3be1b-9c0e-481c-baed-972a17fc008d. Zapisano ni bilo nic.
09:22:35     Prebranih zapisov: 1389; SHA-256: 9ce1d9db0059312edfef65a64a5893e7d23591917f0431275cc8801f9ce4e5a9
09:22:35     STOCK_FILE pri podjetju 3: se ni na vrsti po razporedu; preskoceno.
09:22:36     Prebranih zapisov: 1389; SHA-256: 9ce1d9db0059312edfef65a64a5893e7d23591917f0431275cc8801f9ce4e5a9
09:22:36     STOCK_FILE pri podjetju 4: se ni na vrsti po razporedu; preskoceno.
09:22:36     konec: Zaloga BT_STOCK
09:22:36  == Zaloga iz SAOP (kolicine) ==
09:22:37     [1] SAOP_STOCK: se ni na vrsti po razporedu; preskoceno.
09:22:37     [2] SAOP_STOCK: se ni na vrsti po razporedu; preskoceno.
09:22:37     [3] SAOP_STOCK: se ni na vrsti po razporedu; preskoceno.
09:22:37     [4] SAOP_STOCK: se ni na vrsti po razporedu; preskoceno.
09:22:37     konec: Zaloga iz SAOP (kolicine)
09:22:37  == Izvoz cen in zaloge za splet ==
09:22:39     Izvoz profila MAGENTO_STOCK_PRICES končan: 352 vrstic v C:\Users\david\Desktop\PIM\NoviPIM\izvoz\magento\1
09:22:42     Izvoz profila MAGENTO_STOCK_PRICES končan: 2071 vrstic v C:\Users\david\Desktop\PIM\NoviPIM\izvoz\magento\2
09:22:45     Izvoz profila MAGENTO_STOCK_PRICES končan: 2488 vrstic v C:\Users\david\Desktop\PIM\NoviPIM\izvoz\magento\3
09:22:47     Izvoz profila MAGENTO_STOCK_PRICES končan: 0 vrstic v C:\Users\david\Desktop\PIM\NoviPIM\izvoz\magento\4
09:22:47     konec: Izvoz cen in zaloge za splet
09:22:47  Zalogovni cikel koncan; padlih korakov: 0.
09:27:26  == Zaloga NW_STOCK ==
09:27:27     SOURCE_FETCH: se ni na vrsti po razporedu; preskoceno.
09:27:28     Prebranih zapisov: 2762; SHA-256: 90a8e96ca7be21ab172a1e9e959390cc6a1bf77749c4414d6d0c0ced8dcd9df1
09:27:28     STOCK_FILE pri podjetju 1: se ni na vrsti po razporedu; preskoceno.
09:27:29     Prebranih zapisov: 2762; SHA-256: 90a8e96ca7be21ab172a1e9e959390cc6a1bf77749c4414d6d0c0ced8dcd9df1
09:27:29     STOCK_FILE pri podjetju 2: se ni na vrsti po razporedu; preskoceno.
09:27:30     Prebranih zapisov: 2762; SHA-256: 90a8e96ca7be21ab172a1e9e959390cc6a1bf77749c4414d6d0c0ced8dcd9df1
09:27:30     Ta posnetek je ze v bazi; vir=NW_STOCK, podjetje=3, cas posnetka=2026-09-10 06:37:28Z, uporabljenih=2762, v karanteni=0, RunId=bb55c239-8927-47c5-a50c-1ec12ecfacd8. Zapisano ni bilo nic.
09:27:31     Prebranih zapisov: 2762; SHA-256: 90a8e96ca7be21ab172a1e9e959390cc6a1bf77749c4414d6d0c0ced8dcd9df1
09:27:31     Ta posnetek je ze v bazi; vir=NW_STOCK, podjetje=4, cas posnetka=2026-09-10 06:37:28Z, uporabljenih=2762, v karanteni=0, RunId=696d7bb6-d7ea-45c9-a935-fe8e50cc797e. Zapisano ni bilo nic.
09:27:31     konec: Zaloga NW_STOCK
09:27:31  == Zaloga BT_STOCK ==
09:27:32     [BT_STOCK] preskoceno: Razmik dobavitelja se tece; naslednji prenos po 10. 09. 2026 09:27.
09:27:32     Prevzem koncan: uspesno 0, neuspesno 0, skupaj virov 1.
09:27:33     Prebranih zapisov: 1389; SHA-256: 9ce1d9db0059312edfef65a64a5893e7d23591917f0431275cc8801f9ce4e5a9
09:27:33     Ta posnetek je ze v bazi; vir=BT_STOCK, podjetje=1, cas posnetka=2026-09-10 04:27:35Z, uporabljenih=1389, v karanteni=0, RunId=5650a398-ec28-4bf4-85ab-8198ca9829cf. Zapisano ni bilo nic.
09:27:34     Prebranih zapisov: 1389; SHA-256: 9ce1d9db0059312edfef65a64a5893e7d23591917f0431275cc8801f9ce4e5a9
09:27:34     Ta posnetek je ze v bazi; vir=BT_STOCK, podjetje=2, cas posnetka=2026-09-10 04:27:35Z, uporabljenih=1389, v karanteni=0, RunId=93f3be1b-9c0e-481c-baed-972a17fc008d. Zapisano ni bilo nic.
09:27:35     Prebranih zapisov: 1389; SHA-256: 9ce1d9db0059312edfef65a64a5893e7d23591917f0431275cc8801f9ce4e5a9
09:27:35     STOCK_FILE pri podjetju 3: se ni na vrsti po razporedu; preskoceno.
09:27:36     Prebranih zapisov: 1389; SHA-256: 9ce1d9db0059312edfef65a64a5893e7d23591917f0431275cc8801f9ce4e5a9
09:27:36     STOCK_FILE pri podjetju 4: se ni na vrsti po razporedu; preskoceno.
09:27:36     konec: Zaloga BT_STOCK
09:27:36  == Zaloga iz SAOP (kolicine) ==
09:27:58     STDERR: [1] NAPAKA: A connection attempt failed because the connected party did not properly respond after a period of time, or established connection failed because connected host has failed to respond. (192.168.178.12:81)
09:28:19     STDERR: [2] NAPAKA: A connection attempt failed because the connected party did not properly respond after a period of time, or established connection failed because connected host has failed to respond. (192.168.178.12:81)
09:28:41     STDERR: [3] NAPAKA: A connection attempt failed because the connected party did not properly respond after a period of time, or established connection failed because connected host has failed to respond. (192.168.178.12:81)
09:29:02     STDERR: [4] NAPAKA: A connection attempt failed because the connected party did not properly respond after a period of time, or established connection failed because connected host has failed to respond. (192.168.178.12:81)
09:29:02     NAPAKA: worker workers\PIM.SaopStockWorker je koncal z izhodno kodo 1
09:29:02  == Izvoz cen in zaloge za splet ==
09:29:03     Izvoz profila MAGENTO_STOCK_PRICES končan: 352 vrstic v C:\Users\david\Desktop\PIM\NoviPIM\izvoz\magento\1
09:29:07     Izvoz profila MAGENTO_STOCK_PRICES končan: 2071 vrstic v C:\Users\david\Desktop\PIM\NoviPIM\izvoz\magento\2
09:29:10     Izvoz profila MAGENTO_STOCK_PRICES končan: 2488 vrstic v C:\Users\david\Desktop\PIM\NoviPIM\izvoz\magento\3
09:29:11     Izvoz profila MAGENTO_STOCK_PRICES končan: 0 vrstic v C:\Users\david\Desktop\PIM\NoviPIM\izvoz\magento\4
09:29:11     konec: Izvoz cen in zaloge za splet
09:29:11  Zalogovni cikel koncan; padlih korakov: 1.
09:32:26  == Zaloga NW_STOCK ==
09:32:27     SOURCE_FETCH: se ni na vrsti po razporedu; preskoceno.
09:32:28     Prebranih zapisov: 2762; SHA-256: 90a8e96ca7be21ab172a1e9e959390cc6a1bf77749c4414d6d0c0ced8dcd9df1
09:32:28     STOCK_FILE pri podjetju 1: se ni na vrsti po razporedu; preskoceno.
09:32:29     Prebranih zapisov: 2762; SHA-256: 90a8e96ca7be21ab172a1e9e959390cc6a1bf77749c4414d6d0c0ced8dcd9df1
09:32:29     STOCK_FILE pri podjetju 2: se ni na vrsti po razporedu; preskoceno.
09:32:30     Prebranih zapisov: 2762; SHA-256: 90a8e96ca7be21ab172a1e9e959390cc6a1bf77749c4414d6d0c0ced8dcd9df1
09:32:30     STOCK_FILE pri podjetju 3: se ni na vrsti po razporedu; preskoceno.
09:32:31     Prebranih zapisov: 2762; SHA-256: 90a8e96ca7be21ab172a1e9e959390cc6a1bf77749c4414d6d0c0ced8dcd9df1
09:32:31     STOCK_FILE pri podjetju 4: se ni na vrsti po razporedu; preskoceno.
09:32:31     konec: Zaloga NW_STOCK
09:32:31  == Zaloga BT_STOCK ==
09:32:32     SOURCE_FETCH: se ni na vrsti po razporedu; preskoceno.
09:32:33     Prebranih zapisov: 1389; SHA-256: 9ce1d9db0059312edfef65a64a5893e7d23591917f0431275cc8801f9ce4e5a9
09:32:33     STOCK_FILE pri podjetju 1: se ni na vrsti po razporedu; preskoceno.
09:32:34     Prebranih zapisov: 1389; SHA-256: 9ce1d9db0059312edfef65a64a5893e7d23591917f0431275cc8801f9ce4e5a9
09:32:34     STOCK_FILE pri podjetju 2: se ni na vrsti po razporedu; preskoceno.
09:32:35     Prebranih zapisov: 1389; SHA-256: 9ce1d9db0059312edfef65a64a5893e7d23591917f0431275cc8801f9ce4e5a9
09:32:35     Ta posnetek je ze v bazi; vir=BT_STOCK, podjetje=3, cas posnetka=2026-09-10 04:27:35Z, uporabljenih=1389, v karanteni=0, RunId=ebba2baa-7caa-4417-89e2-cd2d99ef442d. Zapisano ni bilo nic.
09:32:36     Prebranih zapisov: 1389; SHA-256: 9ce1d9db0059312edfef65a64a5893e7d23591917f0431275cc8801f9ce4e5a9
09:32:36     Ta posnetek je ze v bazi; vir=BT_STOCK, podjetje=4, cas posnetka=2026-09-10 04:27:35Z, uporabljenih=1389, v karanteni=0, RunId=ce7b32c0-029c-435f-a334-eb93110ccf41. Zapisano ni bilo nic.
09:32:36     konec: Zaloga BT_STOCK
09:32:36  == Zaloga iz SAOP (kolicine) ==
09:32:37     [1] SAOP_STOCK: se ni na vrsti po razporedu; preskoceno.
09:32:37     [2] SAOP_STOCK: se ni na vrsti po razporedu; preskoceno.
09:32:37     [3] SAOP_STOCK: se ni na vrsti po razporedu; preskoceno.
09:32:37     [4] SAOP_STOCK: se ni na vrsti po razporedu; preskoceno.
09:32:37     konec: Zaloga iz SAOP (kolicine)
09:32:37  == Izvoz cen in zaloge za splet ==
09:32:39     Izvoz profila MAGENTO_STOCK_PRICES končan: 352 vrstic v C:\Users\david\Desktop\PIM\NoviPIM\izvoz\magento\1
09:32:42     Izvoz profila MAGENTO_STOCK_PRICES končan: 2071 vrstic v C:\Users\david\Desktop\PIM\NoviPIM\izvoz\magento\2
09:32:45     Izvoz profila MAGENTO_STOCK_PRICES končan: 2488 vrstic v C:\Users\david\Desktop\PIM\NoviPIM\izvoz\magento\3
09:32:46     Izvoz profila MAGENTO_STOCK_PRICES končan: 0 vrstic v C:\Users\david\Desktop\PIM\NoviPIM\izvoz\magento\4
09:32:46     konec: Izvoz cen in zaloge za splet
09:32:46  Zalogovni cikel koncan; padlih korakov: 0.
09:37:26  == Zaloga NW_STOCK ==
09:37:27     [NW_STOCK] preskoceno: Razmik dobavitelja se tece; naslednji prenos po 10. 09. 2026 10:37.
09:37:27     Prevzem koncan: uspesno 0, neuspesno 0, skupaj virov 1.
09:37:28     Prebranih zapisov: 2762; SHA-256: 90a8e96ca7be21ab172a1e9e959390cc6a1bf77749c4414d6d0c0ced8dcd9df1
09:37:28     Ta posnetek je ze v bazi; vir=NW_STOCK, podjetje=1, cas posnetka=2026-09-10 06:37:28Z, uporabljenih=2762, v karanteni=0, RunId=cd91b1bd-6c70-4f99-848e-4e0723a4d4e3. Zapisano ni bilo nic.
09:37:29     Prebranih zapisov: 2762; SHA-256: 90a8e96ca7be21ab172a1e9e959390cc6a1bf77749c4414d6d0c0ced8dcd9df1
09:37:29     Ta posnetek je ze v bazi; vir=NW_STOCK, podjetje=2, cas posnetka=2026-09-10 06:37:28Z, uporabljenih=2762, v karanteni=0, RunId=90b43a07-8321-40c5-bcb3-ea2cb63ecba2. Zapisano ni bilo nic.
09:37:30     Prebranih zapisov: 2762; SHA-256: 90a8e96ca7be21ab172a1e9e959390cc6a1bf77749c4414d6d0c0ced8dcd9df1
09:37:30     STOCK_FILE pri podjetju 3: se ni na vrsti po razporedu; preskoceno.
09:37:31     Prebranih zapisov: 2762; SHA-256: 90a8e96ca7be21ab172a1e9e959390cc6a1bf77749c4414d6d0c0ced8dcd9df1
09:37:31     STOCK_FILE pri podjetju 4: se ni na vrsti po razporedu; preskoceno.
09:37:31     konec: Zaloga NW_STOCK
09:37:31  == Zaloga BT_STOCK ==
09:37:32     SOURCE_FETCH: se ni na vrsti po razporedu; preskoceno.
09:37:33     Prebranih zapisov: 1389; SHA-256: 9ce1d9db0059312edfef65a64a5893e7d23591917f0431275cc8801f9ce4e5a9
09:37:33     STOCK_FILE pri podjetju 1: se ni na vrsti po razporedu; preskoceno.
09:37:34     Prebranih zapisov: 1389; SHA-256: 9ce1d9db0059312edfef65a64a5893e7d23591917f0431275cc8801f9ce4e5a9
09:37:34     STOCK_FILE pri podjetju 2: se ni na vrsti po razporedu; preskoceno.
09:37:35     Prebranih zapisov: 1389; SHA-256: 9ce1d9db0059312edfef65a64a5893e7d23591917f0431275cc8801f9ce4e5a9
09:37:35     Ta posnetek je ze v bazi; vir=BT_STOCK, podjetje=3, cas posnetka=2026-09-10 04:27:35Z, uporabljenih=1389, v karanteni=0, RunId=ebba2baa-7caa-4417-89e2-cd2d99ef442d. Zapisano ni bilo nic.
09:37:36     Prebranih zapisov: 1389; SHA-256: 9ce1d9db0059312edfef65a64a5893e7d23591917f0431275cc8801f9ce4e5a9
09:37:36     Ta posnetek je ze v bazi; vir=BT_STOCK, podjetje=4, cas posnetka=2026-09-10 04:27:35Z, uporabljenih=1389, v karanteni=0, RunId=ce7b32c0-029c-435f-a334-eb93110ccf41. Zapisano ni bilo nic.
09:37:36     konec: Zaloga BT_STOCK
09:37:36  == Zaloga iz SAOP (kolicine) ==
09:37:37     [1] SAOP_STOCK: se ni na vrsti po razporedu; preskoceno.
09:37:37     [2] SAOP_STOCK: se ni na vrsti po razporedu; preskoceno.
09:37:37     [3] SAOP_STOCK: se ni na vrsti po razporedu; preskoceno.
09:37:37     [4] SAOP_STOCK: se ni na vrsti po razporedu; preskoceno.
09:37:37     konec: Zaloga iz SAOP (kolicine)
09:37:37  == Izvoz cen in zaloge za splet ==
09:37:39     Izvoz profila MAGENTO_STOCK_PRICES končan: 352 vrstic v C:\Users\david\Desktop\PIM\NoviPIM\izvoz\magento\1
09:37:42     Izvoz profila MAGENTO_STOCK_PRICES končan: 2071 vrstic v C:\Users\david\Desktop\PIM\NoviPIM\izvoz\magento\2
09:37:45     Izvoz profila MAGENTO_STOCK_PRICES končan: 2488 vrstic v C:\Users\david\Desktop\PIM\NoviPIM\izvoz\magento\3
09:37:47     Izvoz profila MAGENTO_STOCK_PRICES končan: 0 vrstic v C:\Users\david\Desktop\PIM\NoviPIM\izvoz\magento\4
09:37:47     konec: Izvoz cen in zaloge za splet
09:37:47  Zalogovni cikel koncan; padlih korakov: 0.
09:42:26  == Zaloga NW_STOCK ==
09:42:27     SOURCE_FETCH: se ni na vrsti po razporedu; preskoceno.
09:42:28     Prebranih zapisov: 2762; SHA-256: 90a8e96ca7be21ab172a1e9e959390cc6a1bf77749c4414d6d0c0ced8dcd9df1
09:42:28     STOCK_FILE pri podjetju 1: se ni na vrsti po razporedu; preskoceno.
09:42:29     Prebranih zapisov: 2762; SHA-256: 90a8e96ca7be21ab172a1e9e959390cc6a1bf77749c4414d6d0c0ced8dcd9df1
09:42:29     STOCK_FILE pri podjetju 2: se ni na vrsti po razporedu; preskoceno.
09:42:30     Prebranih zapisov: 2762; SHA-256: 90a8e96ca7be21ab172a1e9e959390cc6a1bf77749c4414d6d0c0ced8dcd9df1
09:42:30     STOCK_FILE pri podjetju 3: se ni na vrsti po razporedu; preskoceno.
09:42:31     Prebranih zapisov: 2762; SHA-256: 90a8e96ca7be21ab172a1e9e959390cc6a1bf77749c4414d6d0c0ced8dcd9df1
09:42:31     STOCK_FILE pri podjetju 4: se ni na vrsti po razporedu; preskoceno.
09:42:31     konec: Zaloga NW_STOCK
09:42:31  == Zaloga BT_STOCK ==
09:42:34     [BT_STOCK] prevzeto 1.588.396 bajtov -> C:\Users\david\Desktop\PIM\NoviPIM\PIM_Solution\data\prevzem\BT_STOCK\braytron-zaloga.xml; arhiv braytron-zaloga_20260910_074234Z.xml.gz
09:42:34     Prevzem koncan: uspesno 1, neuspesno 0, skupaj virov 1.
09:42:35     Prebranih zapisov: 1389; SHA-256: 45be72ee0ed2a2d4ce2be66b7c6bc6e159c33f148269ca109143f1129b83092f
09:42:36     Zaloga zapisana; vir=BT_STOCK, podjetje=1, uporabljenih=1389, v karanteni=0, RunId=bb1f18ae-10d5-4c1e-9991-2967ee4f327f.
09:42:37     Prebranih zapisov: 1389; SHA-256: 45be72ee0ed2a2d4ce2be66b7c6bc6e159c33f148269ca109143f1129b83092f
09:42:38     Zaloga zapisana; vir=BT_STOCK, podjetje=2, uporabljenih=1389, v karanteni=0, RunId=ed1809c5-7568-40cf-8cce-f070cf6c1b6f.
09:42:39     Prebranih zapisov: 1389; SHA-256: 45be72ee0ed2a2d4ce2be66b7c6bc6e159c33f148269ca109143f1129b83092f
09:42:40     Zaloga zapisana; vir=BT_STOCK, podjetje=3, uporabljenih=1389, v karanteni=0, RunId=266bbc02-505f-423a-9e2d-647f9701ad5e.
09:42:40     Prebranih zapisov: 1389; SHA-256: 45be72ee0ed2a2d4ce2be66b7c6bc6e159c33f148269ca109143f1129b83092f
09:42:41     Zaloga zapisana; vir=BT_STOCK, podjetje=4, uporabljenih=1389, v karanteni=0, RunId=f59e7d0d-8246-4c78-8465-3d7a10a9c9bc.
09:42:41     konec: Zaloga BT_STOCK
09:42:41  == Zaloga iz SAOP (kolicine) ==
09:42:42     [1] SAOP_STOCK: se ni na vrsti po razporedu; preskoceno.
09:42:42     [2] SAOP_STOCK: se ni na vrsti po razporedu; preskoceno.
09:42:42     [3] SAOP_STOCK: se ni na vrsti po razporedu; preskoceno.
09:42:42     [4] SAOP_STOCK: se ni na vrsti po razporedu; preskoceno.
09:42:42     konec: Zaloga iz SAOP (kolicine)
09:42:42  == Izvoz cen in zaloge za splet ==
09:42:44     Izvoz profila MAGENTO_STOCK_PRICES končan: 352 vrstic v C:\Users\david\Desktop\PIM\NoviPIM\izvoz\magento\1
09:42:47     Izvoz profila MAGENTO_STOCK_PRICES končan: 2071 vrstic v C:\Users\david\Desktop\PIM\NoviPIM\izvoz\magento\2
09:42:50     Izvoz profila MAGENTO_STOCK_PRICES končan: 2488 vrstic v C:\Users\david\Desktop\PIM\NoviPIM\izvoz\magento\3
09:42:51     Izvoz profila MAGENTO_STOCK_PRICES končan: 0 vrstic v C:\Users\david\Desktop\PIM\NoviPIM\izvoz\magento\4
09:42:51     konec: Izvoz cen in zaloge za splet
09:42:51  Zalogovni cikel koncan; padlih korakov: 0.
09:47:26  == Zaloga NW_STOCK ==
09:47:27     SOURCE_FETCH: se ni na vrsti po razporedu; preskoceno.
09:47:28     Prebranih zapisov: 2762; SHA-256: 90a8e96ca7be21ab172a1e9e959390cc6a1bf77749c4414d6d0c0ced8dcd9df1
09:47:28     STOCK_FILE pri podjetju 1: se ni na vrsti po razporedu; preskoceno.
09:47:29     Prebranih zapisov: 2762; SHA-256: 90a8e96ca7be21ab172a1e9e959390cc6a1bf77749c4414d6d0c0ced8dcd9df1
09:47:29     STOCK_FILE pri podjetju 2: se ni na vrsti po razporedu; preskoceno.
09:47:30     Prebranih zapisov: 2762; SHA-256: 90a8e96ca7be21ab172a1e9e959390cc6a1bf77749c4414d6d0c0ced8dcd9df1
09:47:30     STOCK_FILE pri podjetju 3: se ni na vrsti po razporedu; preskoceno.
09:47:31     Prebranih zapisov: 2762; SHA-256: 90a8e96ca7be21ab172a1e9e959390cc6a1bf77749c4414d6d0c0ced8dcd9df1
09:47:31     STOCK_FILE pri podjetju 4: se ni na vrsti po razporedu; preskoceno.
09:47:31     konec: Zaloga NW_STOCK
09:47:31  == Zaloga BT_STOCK ==
09:47:32     SOURCE_FETCH: se ni na vrsti po razporedu; preskoceno.
09:47:33     Prebranih zapisov: 1389; SHA-256: 45be72ee0ed2a2d4ce2be66b7c6bc6e159c33f148269ca109143f1129b83092f
09:47:33     STOCK_FILE pri podjetju 1: se ni na vrsti po razporedu; preskoceno.
09:47:34     Prebranih zapisov: 1389; SHA-256: 45be72ee0ed2a2d4ce2be66b7c6bc6e159c33f148269ca109143f1129b83092f
09:47:34     STOCK_FILE pri podjetju 2: se ni na vrsti po razporedu; preskoceno.
09:47:35     Prebranih zapisov: 1389; SHA-256: 45be72ee0ed2a2d4ce2be66b7c6bc6e159c33f148269ca109143f1129b83092f
09:47:35     STOCK_FILE pri podjetju 3: se ni na vrsti po razporedu; preskoceno.
09:47:36     Prebranih zapisov: 1389; SHA-256: 45be72ee0ed2a2d4ce2be66b7c6bc6e159c33f148269ca109143f1129b83092f
09:47:36     STOCK_FILE pri podjetju 4: se ni na vrsti po razporedu; preskoceno.
09:47:36     konec: Zaloga BT_STOCK
09:47:36  == Zaloga iz SAOP (kolicine) ==
09:47:37     [1] SAOP_STOCK: se ni na vrsti po razporedu; preskoceno.
09:47:37     [2] SAOP_STOCK: se ni na vrsti po razporedu; preskoceno.
09:47:37     [3] SAOP_STOCK: se ni na vrsti po razporedu; preskoceno.
09:47:37     [4] SAOP_STOCK: se ni na vrsti po razporedu; preskoceno.
09:47:37     konec: Zaloga iz SAOP (kolicine)
09:47:37  == Izvoz cen in zaloge za splet ==
09:47:39     Izvoz profila MAGENTO_STOCK_PRICES končan: 352 vrstic v C:\Users\david\Desktop\PIM\NoviPIM\izvoz\magento\1
09:47:42     Izvoz profila MAGENTO_STOCK_PRICES končan: 2071 vrstic v C:\Users\david\Desktop\PIM\NoviPIM\izvoz\magento\2
09:47:45     Izvoz profila MAGENTO_STOCK_PRICES končan: 2488 vrstic v C:\Users\david\Desktop\PIM\NoviPIM\izvoz\magento\3
09:47:46     Izvoz profila MAGENTO_STOCK_PRICES končan: 0 vrstic v C:\Users\david\Desktop\PIM\NoviPIM\izvoz\magento\4
09:47:47     konec: Izvoz cen in zaloge za splet
09:47:47  Zalogovni cikel koncan; padlih korakov: 0.
09:52:26  == Zaloga NW_STOCK ==
09:52:27     [NW_STOCK] preskoceno: Razmik dobavitelja se tece; naslednji prenos po 10. 09. 2026 10:37.
09:52:27     Prevzem koncan: uspesno 0, neuspesno 0, skupaj virov 1.
09:52:28     Prebranih zapisov: 2762; SHA-256: 90a8e96ca7be21ab172a1e9e959390cc6a1bf77749c4414d6d0c0ced8dcd9df1
09:52:28     Ta posnetek je ze v bazi; vir=NW_STOCK, podjetje=1, cas posnetka=2026-09-10 06:37:28Z, uporabljenih=2762, v karanteni=0, RunId=cd91b1bd-6c70-4f99-848e-4e0723a4d4e3. Zapisano ni bilo nic.
09:52:29     Prebranih zapisov: 2762; SHA-256: 90a8e96ca7be21ab172a1e9e959390cc6a1bf77749c4414d6d0c0ced8dcd9df1
09:52:29     Ta posnetek je ze v bazi; vir=NW_STOCK, podjetje=2, cas posnetka=2026-09-10 06:37:28Z, uporabljenih=2762, v karanteni=0, RunId=90b43a07-8321-40c5-bcb3-ea2cb63ecba2. Zapisano ni bilo nic.
09:52:30     Prebranih zapisov: 2762; SHA-256: 90a8e96ca7be21ab172a1e9e959390cc6a1bf77749c4414d6d0c0ced8dcd9df1
09:52:30     Ta posnetek je ze v bazi; vir=NW_STOCK, podjetje=3, cas posnetka=2026-09-10 06:37:28Z, uporabljenih=2762, v karanteni=0, RunId=bb55c239-8927-47c5-a50c-1ec12ecfacd8. Zapisano ni bilo nic.
09:52:31     Prebranih zapisov: 2762; SHA-256: 90a8e96ca7be21ab172a1e9e959390cc6a1bf77749c4414d6d0c0ced8dcd9df1
09:52:31     Ta posnetek je ze v bazi; vir=NW_STOCK, podjetje=4, cas posnetka=2026-09-10 06:37:28Z, uporabljenih=2762, v karanteni=0, RunId=696d7bb6-d7ea-45c9-a935-fe8e50cc797e. Zapisano ni bilo nic.
09:52:32     konec: Zaloga NW_STOCK
09:52:32  == Zaloga BT_STOCK ==
09:52:32     SOURCE_FETCH: se ni na vrsti po razporedu; preskoceno.
09:52:33     Prebranih zapisov: 1389; SHA-256: 45be72ee0ed2a2d4ce2be66b7c6bc6e159c33f148269ca109143f1129b83092f
09:52:33     STOCK_FILE pri podjetju 1: se ni na vrsti po razporedu; preskoceno.
09:52:34     Prebranih zapisov: 1389; SHA-256: 45be72ee0ed2a2d4ce2be66b7c6bc6e159c33f148269ca109143f1129b83092f
09:52:34     STOCK_FILE pri podjetju 2: se ni na vrsti po razporedu; preskoceno.
09:52:35     Prebranih zapisov: 1389; SHA-256: 45be72ee0ed2a2d4ce2be66b7c6bc6e159c33f148269ca109143f1129b83092f
09:52:35     STOCK_FILE pri podjetju 3: se ni na vrsti po razporedu; preskoceno.
09:52:36     Prebranih zapisov: 1389; SHA-256: 45be72ee0ed2a2d4ce2be66b7c6bc6e159c33f148269ca109143f1129b83092f
09:52:36     STOCK_FILE pri podjetju 4: se ni na vrsti po razporedu; preskoceno.
09:52:36     konec: Zaloga BT_STOCK
09:52:36  == Zaloga iz SAOP (kolicine) ==
09:52:37     [1] SAOP_STOCK: se ni na vrsti po razporedu; preskoceno.
09:52:37     [2] SAOP_STOCK: se ni na vrsti po razporedu; preskoceno.
09:52:37     [3] SAOP_STOCK: se ni na vrsti po razporedu; preskoceno.
09:52:37     [4] SAOP_STOCK: se ni na vrsti po razporedu; preskoceno.
09:52:37     konec: Zaloga iz SAOP (kolicine)
09:52:37  == Izvoz cen in zaloge za splet ==
09:52:39     Izvoz profila MAGENTO_STOCK_PRICES končan: 352 vrstic v C:\Users\david\Desktop\PIM\NoviPIM\izvoz\magento\1
09:52:42     Izvoz profila MAGENTO_STOCK_PRICES končan: 2071 vrstic v C:\Users\david\Desktop\PIM\NoviPIM\izvoz\magento\2
09:52:46     Izvoz profila MAGENTO_STOCK_PRICES končan: 2488 vrstic v C:\Users\david\Desktop\PIM\NoviPIM\izvoz\magento\3
09:52:47     Izvoz profila MAGENTO_STOCK_PRICES končan: 0 vrstic v C:\Users\david\Desktop\PIM\NoviPIM\izvoz\magento\4
09:52:47     konec: Izvoz cen in zaloge za splet
09:52:47  Zalogovni cikel koncan; padlih korakov: 0.
09:57:26  == Zaloga NW_STOCK ==
09:57:27     [NW_STOCK] preskoceno: Razmik dobavitelja se tece; naslednji prenos po 10. 09. 2026 10:37.
09:57:27     Prevzem koncan: uspesno 0, neuspesno 0, skupaj virov 1.
09:57:28     Prebranih zapisov: 2762; SHA-256: 90a8e96ca7be21ab172a1e9e959390cc6a1bf77749c4414d6d0c0ced8dcd9df1
09:57:28     STOCK_FILE pri podjetju 1: se ni na vrsti po razporedu; preskoceno.
09:57:29     Prebranih zapisov: 2762; SHA-256: 90a8e96ca7be21ab172a1e9e959390cc6a1bf77749c4414d6d0c0ced8dcd9df1
09:57:29     STOCK_FILE pri podjetju 2: se ni na vrsti po razporedu; preskoceno.
09:57:30     Prebranih zapisov: 2762; SHA-256: 90a8e96ca7be21ab172a1e9e959390cc6a1bf77749c4414d6d0c0ced8dcd9df1
09:57:30     STOCK_FILE pri podjetju 3: se ni na vrsti po razporedu; preskoceno.
09:57:31     Prebranih zapisov: 2762; SHA-256: 90a8e96ca7be21ab172a1e9e959390cc6a1bf77749c4414d6d0c0ced8dcd9df1
09:57:31     STOCK_FILE pri podjetju 4: se ni na vrsti po razporedu; preskoceno.
09:57:31     konec: Zaloga NW_STOCK
09:57:31  == Zaloga BT_STOCK ==
09:57:32     SOURCE_FETCH: se ni na vrsti po razporedu; preskoceno.
09:57:33     Prebranih zapisov: 1389; SHA-256: 45be72ee0ed2a2d4ce2be66b7c6bc6e159c33f148269ca109143f1129b83092f
09:57:33     Ta posnetek je ze v bazi; vir=BT_STOCK, podjetje=1, cas posnetka=2026-09-10 07:42:34Z, uporabljenih=1389, v karanteni=0, RunId=bb1f18ae-10d5-4c1e-9991-2967ee4f327f. Zapisano ni bilo nic.
09:57:34     Prebranih zapisov: 1389; SHA-256: 45be72ee0ed2a2d4ce2be66b7c6bc6e159c33f148269ca109143f1129b83092f
09:57:34     Ta posnetek je ze v bazi; vir=BT_STOCK, podjetje=2, cas posnetka=2026-09-10 07:42:34Z, uporabljenih=1389, v karanteni=0, RunId=ed1809c5-7568-40cf-8cce-f070cf6c1b6f. Zapisano ni bilo nic.
09:57:35     Prebranih zapisov: 1389; SHA-256: 45be72ee0ed2a2d4ce2be66b7c6bc6e159c33f148269ca109143f1129b83092f
09:57:35     Ta posnetek je ze v bazi; vir=BT_STOCK, podjetje=3, cas posnetka=2026-09-10 07:42:34Z, uporabljenih=1389, v karanteni=0, RunId=266bbc02-505f-423a-9e2d-647f9701ad5e. Zapisano ni bilo nic.
09:57:36     Prebranih zapisov: 1389; SHA-256: 45be72ee0ed2a2d4ce2be66b7c6bc6e159c33f148269ca109143f1129b83092f
09:57:36     Ta posnetek je ze v bazi; vir=BT_STOCK, podjetje=4, cas posnetka=2026-09-10 07:42:34Z, uporabljenih=1389, v karanteni=0, RunId=f59e7d0d-8246-4c78-8465-3d7a10a9c9bc. Zapisano ni bilo nic.
09:57:36     konec: Zaloga BT_STOCK
09:57:36  == Zaloga iz SAOP (kolicine) ==
09:57:37     [1] SAOP_STOCK: se ni na vrsti po razporedu; preskoceno.
09:57:37     [2] SAOP_STOCK: se ni na vrsti po razporedu; preskoceno.
09:57:37     [3] SAOP_STOCK: se ni na vrsti po razporedu; preskoceno.
09:57:37     [4] SAOP_STOCK: se ni na vrsti po razporedu; preskoceno.
09:57:37     konec: Zaloga iz SAOP (kolicine)
09:57:37  == Izvoz cen in zaloge za splet ==
09:57:39     Izvoz profila MAGENTO_STOCK_PRICES končan: 352 vrstic v C:\Users\david\Desktop\PIM\NoviPIM\izvoz\magento\1
09:57:42     Izvoz profila MAGENTO_STOCK_PRICES končan: 2071 vrstic v C:\Users\david\Desktop\PIM\NoviPIM\izvoz\magento\2
09:57:45     Izvoz profila MAGENTO_STOCK_PRICES končan: 2488 vrstic v C:\Users\david\Desktop\PIM\NoviPIM\izvoz\magento\3
09:57:47     Izvoz profila MAGENTO_STOCK_PRICES končan: 0 vrstic v C:\Users\david\Desktop\PIM\NoviPIM\izvoz\magento\4
09:57:47     konec: Izvoz cen in zaloge za splet
09:57:47  Zalogovni cikel koncan; padlih korakov: 0.
10:02:26  == Zaloga NW_STOCK ==
10:02:27     SOURCE_FETCH: se ni na vrsti po razporedu; preskoceno.
10:02:28     Prebranih zapisov: 2762; SHA-256: 90a8e96ca7be21ab172a1e9e959390cc6a1bf77749c4414d6d0c0ced8dcd9df1
10:02:28     STOCK_FILE pri podjetju 1: se ni na vrsti po razporedu; preskoceno.
10:02:29     Prebranih zapisov: 2762; SHA-256: 90a8e96ca7be21ab172a1e9e959390cc6a1bf77749c4414d6d0c0ced8dcd9df1
10:02:29     STOCK_FILE pri podjetju 2: se ni na vrsti po razporedu; preskoceno.
10:02:30     Prebranih zapisov: 2762; SHA-256: 90a8e96ca7be21ab172a1e9e959390cc6a1bf77749c4414d6d0c0ced8dcd9df1
10:02:30     STOCK_FILE pri podjetju 3: se ni na vrsti po razporedu; preskoceno.
10:02:31     Prebranih zapisov: 2762; SHA-256: 90a8e96ca7be21ab172a1e9e959390cc6a1bf77749c4414d6d0c0ced8dcd9df1
10:02:31     STOCK_FILE pri podjetju 4: se ni na vrsti po razporedu; preskoceno.
10:02:31     konec: Zaloga NW_STOCK
10:02:31  == Zaloga BT_STOCK ==
10:02:32     [BT_STOCK] preskoceno: Razmik dobavitelja se tece; naslednji prenos po 10. 09. 2026 12:42.
10:02:32     Prevzem koncan: uspesno 0, neuspesno 0, skupaj virov 1.
10:02:33     Prebranih zapisov: 1389; SHA-256: 45be72ee0ed2a2d4ce2be66b7c6bc6e159c33f148269ca109143f1129b83092f
10:02:33     STOCK_FILE pri podjetju 1: se ni na vrsti po razporedu; preskoceno.
10:02:34     Prebranih zapisov: 1389; SHA-256: 45be72ee0ed2a2d4ce2be66b7c6bc6e159c33f148269ca109143f1129b83092f
10:02:34     STOCK_FILE pri podjetju 2: se ni na vrsti po razporedu; preskoceno.
10:02:35     Prebranih zapisov: 1389; SHA-256: 45be72ee0ed2a2d4ce2be66b7c6bc6e159c33f148269ca109143f1129b83092f
10:02:35     STOCK_FILE pri podjetju 3: se ni na vrsti po razporedu; preskoceno.
10:02:36     Prebranih zapisov: 1389; SHA-256: 45be72ee0ed2a2d4ce2be66b7c6bc6e159c33f148269ca109143f1129b83092f
10:02:36     STOCK_FILE pri podjetju 4: se ni na vrsti po razporedu; preskoceno.
10:02:36     konec: Zaloga BT_STOCK
10:02:36  == Zaloga iz SAOP (kolicine) ==
10:02:58     STDERR: [1] NAPAKA: A connection attempt failed because the connected party did not properly respond after a period of time, or established connection failed because connected host has failed to respond. (192.168.178.12:81)
10:03:19     STDERR: [2] NAPAKA: A connection attempt failed because the connected party did not properly respond after a period of time, or established connection failed because connected host has failed to respond. (192.168.178.12:81)
10:03:40     STDERR: [3] NAPAKA: A connection attempt failed because the connected party did not properly respond after a period of time, or established connection failed because connected host has failed to respond. (192.168.178.12:81)
10:04:01     STDERR: [4] NAPAKA: A connection attempt failed because the connected party did not properly respond after a period of time, or established connection failed because connected host has failed to respond. (192.168.178.12:81)
10:04:01     NAPAKA: worker workers\PIM.SaopStockWorker je koncal z izhodno kodo 1
10:04:01  == Izvoz cen in zaloge za splet ==
10:04:03     Izvoz profila MAGENTO_STOCK_PRICES končan: 352 vrstic v C:\Users\david\Desktop\PIM\NoviPIM\izvoz\magento\1
10:04:07     Izvoz profila MAGENTO_STOCK_PRICES končan: 2071 vrstic v C:\Users\david\Desktop\PIM\NoviPIM\izvoz\magento\2
10:04:10     Izvoz profila MAGENTO_STOCK_PRICES končan: 2488 vrstic v C:\Users\david\Desktop\PIM\NoviPIM\izvoz\magento\3
10:04:11     Izvoz profila MAGENTO_STOCK_PRICES končan: 0 vrstic v C:\Users\david\Desktop\PIM\NoviPIM\izvoz\magento\4
10:04:11     konec: Izvoz cen in zaloge za splet
10:04:11  Zalogovni cikel koncan; padlih korakov: 1.
10:07:26  == Zaloga NW_STOCK ==
10:07:27     SOURCE_FETCH: se ni na vrsti po razporedu; preskoceno.
10:07:28     Prebranih zapisov: 2762; SHA-256: 90a8e96ca7be21ab172a1e9e959390cc6a1bf77749c4414d6d0c0ced8dcd9df1
10:07:28     Ta posnetek je ze v bazi; vir=NW_STOCK, podjetje=1, cas posnetka=2026-09-10 06:37:28Z, uporabljenih=2762, v karanteni=0, RunId=cd91b1bd-6c70-4f99-848e-4e0723a4d4e3. Zapisano ni bilo nic.
10:07:29     Prebranih zapisov: 2762; SHA-256: 90a8e96ca7be21ab172a1e9e959390cc6a1bf77749c4414d6d0c0ced8dcd9df1
10:07:29     Ta posnetek je ze v bazi; vir=NW_STOCK, podjetje=2, cas posnetka=2026-09-10 06:37:28Z, uporabljenih=2762, v karanteni=0, RunId=90b43a07-8321-40c5-bcb3-ea2cb63ecba2. Zapisano ni bilo nic.
10:07:30     Prebranih zapisov: 2762; SHA-256: 90a8e96ca7be21ab172a1e9e959390cc6a1bf77749c4414d6d0c0ced8dcd9df1
10:07:30     Ta posnetek je ze v bazi; vir=NW_STOCK, podjetje=3, cas posnetka=2026-09-10 06:37:28Z, uporabljenih=2762, v karanteni=0, RunId=bb55c239-8927-47c5-a50c-1ec12ecfacd8. Zapisano ni bilo nic.
10:07:31     Prebranih zapisov: 2762; SHA-256: 90a8e96ca7be21ab172a1e9e959390cc6a1bf77749c4414d6d0c0ced8dcd9df1
10:07:31     Ta posnetek je ze v bazi; vir=NW_STOCK, podjetje=4, cas posnetka=2026-09-10 06:37:28Z, uporabljenih=2762, v karanteni=0, RunId=696d7bb6-d7ea-45c9-a935-fe8e50cc797e. Zapisano ni bilo nic.
10:07:31     konec: Zaloga NW_STOCK
10:07:31  == Zaloga BT_STOCK ==
10:07:32     [BT_STOCK] preskoceno: Razmik dobavitelja se tece; naslednji prenos po 10. 09. 2026 12:42.
10:07:32     Prevzem koncan: uspesno 0, neuspesno 0, skupaj virov 1.
10:07:33     Prebranih zapisov: 1389; SHA-256: 45be72ee0ed2a2d4ce2be66b7c6bc6e159c33f148269ca109143f1129b83092f
10:07:33     STOCK_FILE pri podjetju 1: se ni na vrsti po razporedu; preskoceno.
10:07:34     Prebranih zapisov: 1389; SHA-256: 45be72ee0ed2a2d4ce2be66b7c6bc6e159c33f148269ca109143f1129b83092f
10:07:34     STOCK_FILE pri podjetju 2: se ni na vrsti po razporedu; preskoceno.
10:07:35     Prebranih zapisov: 1389; SHA-256: 45be72ee0ed2a2d4ce2be66b7c6bc6e159c33f148269ca109143f1129b83092f
10:07:35     STOCK_FILE pri podjetju 3: se ni na vrsti po razporedu; preskoceno.
10:07:36     Prebranih zapisov: 1389; SHA-256: 45be72ee0ed2a2d4ce2be66b7c6bc6e159c33f148269ca109143f1129b83092f
10:07:36     STOCK_FILE pri podjetju 4: se ni na vrsti po razporedu; preskoceno.
10:07:36     konec: Zaloga BT_STOCK
10:07:36  == Zaloga iz SAOP (kolicine) ==
10:07:37     [1] SAOP_STOCK: se ni na vrsti po razporedu; preskoceno.
10:07:37     [2] SAOP_STOCK: se ni na vrsti po razporedu; preskoceno.
10:07:37     [3] SAOP_STOCK: se ni na vrsti po razporedu; preskoceno.
10:07:37     [4] SAOP_STOCK: se ni na vrsti po razporedu; preskoceno.
10:07:37     konec: Zaloga iz SAOP (kolicine)
10:07:37  == Izvoz cen in zaloge za splet ==
10:07:39     Izvoz profila MAGENTO_STOCK_PRICES končan: 352 vrstic v C:\Users\david\Desktop\PIM\NoviPIM\izvoz\magento\1
10:07:42     Izvoz profila MAGENTO_STOCK_PRICES končan: 2071 vrstic v C:\Users\david\Desktop\PIM\NoviPIM\izvoz\magento\2
10:07:45     Izvoz profila MAGENTO_STOCK_PRICES končan: 2488 vrstic v C:\Users\david\Desktop\PIM\NoviPIM\izvoz\magento\3
10:07:47     Izvoz profila MAGENTO_STOCK_PRICES končan: 0 vrstic v C:\Users\david\Desktop\PIM\NoviPIM\izvoz\magento\4
10:07:47     konec: Izvoz cen in zaloge za splet
10:07:47  Zalogovni cikel koncan; padlih korakov: 0.
10:12:26  == Zaloga NW_STOCK ==
10:12:27     SOURCE_FETCH: se ni na vrsti po razporedu; preskoceno.
10:12:28     Prebranih zapisov: 2762; SHA-256: 90a8e96ca7be21ab172a1e9e959390cc6a1bf77749c4414d6d0c0ced8dcd9df1
10:12:28     STOCK_FILE pri podjetju 1: se ni na vrsti po razporedu; preskoceno.
10:12:29     Prebranih zapisov: 2762; SHA-256: 90a8e96ca7be21ab172a1e9e959390cc6a1bf77749c4414d6d0c0ced8dcd9df1
10:12:29     STOCK_FILE pri podjetju 2: se ni na vrsti po razporedu; preskoceno.
10:12:30     Prebranih zapisov: 2762; SHA-256: 90a8e96ca7be21ab172a1e9e959390cc6a1bf77749c4414d6d0c0ced8dcd9df1
10:12:30     STOCK_FILE pri podjetju 3: se ni na vrsti po razporedu; preskoceno.
10:12:31     Prebranih zapisov: 2762; SHA-256: 90a8e96ca7be21ab172a1e9e959390cc6a1bf77749c4414d6d0c0ced8dcd9df1
10:12:31     STOCK_FILE pri podjetju 4: se ni na vrsti po razporedu; preskoceno.
10:12:31     konec: Zaloga NW_STOCK
10:12:31  == Zaloga BT_STOCK ==
10:12:32     SOURCE_FETCH: se ni na vrsti po razporedu; preskoceno.
10:12:33     Prebranih zapisov: 1389; SHA-256: 45be72ee0ed2a2d4ce2be66b7c6bc6e159c33f148269ca109143f1129b83092f
10:12:33     Ta posnetek je ze v bazi; vir=BT_STOCK, podjetje=1, cas posnetka=2026-09-10 07:42:34Z, uporabljenih=1389, v karanteni=0, RunId=bb1f18ae-10d5-4c1e-9991-2967ee4f327f. Zapisano ni bilo nic.
10:12:34     Prebranih zapisov: 1389; SHA-256: 45be72ee0ed2a2d4ce2be66b7c6bc6e159c33f148269ca109143f1129b83092f
10:12:34     Ta posnetek je ze v bazi; vir=BT_STOCK, podjetje=2, cas posnetka=2026-09-10 07:42:34Z, uporabljenih=1389, v karanteni=0, RunId=ed1809c5-7568-40cf-8cce-f070cf6c1b6f. Zapisano ni bilo nic.
10:12:35     Prebranih zapisov: 1389; SHA-256: 45be72ee0ed2a2d4ce2be66b7c6bc6e159c33f148269ca109143f1129b83092f
10:12:35     Ta posnetek je ze v bazi; vir=BT_STOCK, podjetje=3, cas posnetka=2026-09-10 07:42:34Z, uporabljenih=1389, v karanteni=0, RunId=266bbc02-505f-423a-9e2d-647f9701ad5e. Zapisano ni bilo nic.
10:12:36     Prebranih zapisov: 1389; SHA-256: 45be72ee0ed2a2d4ce2be66b7c6bc6e159c33f148269ca109143f1129b83092f
10:12:36     Ta posnetek je ze v bazi; vir=BT_STOCK, podjetje=4, cas posnetka=2026-09-10 07:42:34Z, uporabljenih=1389, v karanteni=0, RunId=f59e7d0d-8246-4c78-8465-3d7a10a9c9bc. Zapisano ni bilo nic.
10:12:36     konec: Zaloga BT_STOCK
10:12:36  == Zaloga iz SAOP (kolicine) ==
10:12:37     [1] SAOP_STOCK: se ni na vrsti po razporedu; preskoceno.
10:12:37     [2] SAOP_STOCK: se ni na vrsti po razporedu; preskoceno.
10:12:37     [3] SAOP_STOCK: se ni na vrsti po razporedu; preskoceno.
10:12:37     [4] SAOP_STOCK: se ni na vrsti po razporedu; preskoceno.
10:12:37     konec: Zaloga iz SAOP (kolicine)
10:12:37  == Izvoz cen in zaloge za splet ==
10:12:39     Izvoz profila MAGENTO_STOCK_PRICES končan: 352 vrstic v C:\Users\david\Desktop\PIM\NoviPIM\izvoz\magento\1
10:12:42     Izvoz profila MAGENTO_STOCK_PRICES končan: 2071 vrstic v C:\Users\david\Desktop\PIM\NoviPIM\izvoz\magento\2
10:12:45     Izvoz profila MAGENTO_STOCK_PRICES končan: 2488 vrstic v C:\Users\david\Desktop\PIM\NoviPIM\izvoz\magento\3
10:12:47     Izvoz profila MAGENTO_STOCK_PRICES končan: 0 vrstic v C:\Users\david\Desktop\PIM\NoviPIM\izvoz\magento\4
10:12:47     konec: Izvoz cen in zaloge za splet
10:12:47  Zalogovni cikel koncan; padlih korakov: 0.
10:17:26  == Zaloga NW_STOCK ==
10:17:27     [NW_STOCK] preskoceno: Razmik dobavitelja se tece; naslednji prenos po 10. 09. 2026 10:37.
10:17:27     Prevzem koncan: uspesno 0, neuspesno 0, skupaj virov 1.
10:17:28     Prebranih zapisov: 2762; SHA-256: 90a8e96ca7be21ab172a1e9e959390cc6a1bf77749c4414d6d0c0ced8dcd9df1
10:17:28     STOCK_FILE pri podjetju 1: se ni na vrsti po razporedu; preskoceno.
10:17:29     Prebranih zapisov: 2762; SHA-256: 90a8e96ca7be21ab172a1e9e959390cc6a1bf77749c4414d6d0c0ced8dcd9df1
10:17:29     STOCK_FILE pri podjetju 2: se ni na vrsti po razporedu; preskoceno.
10:17:30     Prebranih zapisov: 2762; SHA-256: 90a8e96ca7be21ab172a1e9e959390cc6a1bf77749c4414d6d0c0ced8dcd9df1
10:17:30     STOCK_FILE pri podjetju 3: se ni na vrsti po razporedu; preskoceno.
10:17:31     Prebranih zapisov: 2762; SHA-256: 90a8e96ca7be21ab172a1e9e959390cc6a1bf77749c4414d6d0c0ced8dcd9df1
10:17:31     STOCK_FILE pri podjetju 4: se ni na vrsti po razporedu; preskoceno.
10:17:31     konec: Zaloga NW_STOCK
10:17:31  == Zaloga BT_STOCK ==
10:17:32     SOURCE_FETCH: se ni na vrsti po razporedu; preskoceno.
10:17:33     Prebranih zapisov: 1389; SHA-256: 45be72ee0ed2a2d4ce2be66b7c6bc6e159c33f148269ca109143f1129b83092f
10:17:33     Ta posnetek je ze v bazi; vir=BT_STOCK, podjetje=1, cas posnetka=2026-09-10 07:42:34Z, uporabljenih=1389, v karanteni=0, RunId=bb1f18ae-10d5-4c1e-9991-2967ee4f327f. Zapisano ni bilo nic.
10:17:34     Prebranih zapisov: 1389; SHA-256: 45be72ee0ed2a2d4ce2be66b7c6bc6e159c33f148269ca109143f1129b83092f
10:17:34     Ta posnetek je ze v bazi; vir=BT_STOCK, podjetje=2, cas posnetka=2026-09-10 07:42:34Z, uporabljenih=1389, v karanteni=0, RunId=ed1809c5-7568-40cf-8cce-f070cf6c1b6f. Zapisano ni bilo nic.
10:17:35     Prebranih zapisov: 1389; SHA-256: 45be72ee0ed2a2d4ce2be66b7c6bc6e159c33f148269ca109143f1129b83092f
10:17:35     Ta posnetek je ze v bazi; vir=BT_STOCK, podjetje=3, cas posnetka=2026-09-10 07:42:34Z, uporabljenih=1389, v karanteni=0, RunId=266bbc02-505f-423a-9e2d-647f9701ad5e. Zapisano ni bilo nic.
10:17:36     Prebranih zapisov: 1389; SHA-256: 45be72ee0ed2a2d4ce2be66b7c6bc6e159c33f148269ca109143f1129b83092f
10:17:37     Ta posnetek je ze v bazi; vir=BT_STOCK, podjetje=4, cas posnetka=2026-09-10 07:42:34Z, uporabljenih=1389, v karanteni=0, RunId=f59e7d0d-8246-4c78-8465-3d7a10a9c9bc. Zapisano ni bilo nic.
10:17:37     konec: Zaloga BT_STOCK
10:17:37  == Zaloga iz SAOP (kolicine) ==
10:17:37     [1] SAOP_STOCK: se ni na vrsti po razporedu; preskoceno.
10:17:37     [2] SAOP_STOCK: se ni na vrsti po razporedu; preskoceno.
10:17:37     [3] SAOP_STOCK: se ni na vrsti po razporedu; preskoceno.
10:17:37     [4] SAOP_STOCK: se ni na vrsti po razporedu; preskoceno.
10:17:38     konec: Zaloga iz SAOP (kolicine)
10:17:38  == Izvoz cen in zaloge za splet ==
10:17:39     Izvoz profila MAGENTO_STOCK_PRICES končan: 352 vrstic v C:\Users\david\Desktop\PIM\NoviPIM\izvoz\magento\1
10:17:43     Izvoz profila MAGENTO_STOCK_PRICES končan: 2071 vrstic v C:\Users\david\Desktop\PIM\NoviPIM\izvoz\magento\2
10:17:46     Izvoz profila MAGENTO_STOCK_PRICES končan: 2488 vrstic v C:\Users\david\Desktop\PIM\NoviPIM\izvoz\magento\3
10:17:47     Izvoz profila MAGENTO_STOCK_PRICES končan: 0 vrstic v C:\Users\david\Desktop\PIM\NoviPIM\izvoz\magento\4
10:17:47     konec: Izvoz cen in zaloge za splet
10:17:47  Zalogovni cikel koncan; padlih korakov: 0.
10:22:26  == Zaloga NW_STOCK ==
10:22:27     SOURCE_FETCH: se ni na vrsti po razporedu; preskoceno.
10:22:28     Prebranih zapisov: 2762; SHA-256: 90a8e96ca7be21ab172a1e9e959390cc6a1bf77749c4414d6d0c0ced8dcd9df1
10:22:28     STOCK_FILE pri podjetju 1: se ni na vrsti po razporedu; preskoceno.
10:22:29     Prebranih zapisov: 2762; SHA-256: 90a8e96ca7be21ab172a1e9e959390cc6a1bf77749c4414d6d0c0ced8dcd9df1
10:22:29     STOCK_FILE pri podjetju 2: se ni na vrsti po razporedu; preskoceno.
10:22:30     Prebranih zapisov: 2762; SHA-256: 90a8e96ca7be21ab172a1e9e959390cc6a1bf77749c4414d6d0c0ced8dcd9df1
10:22:30     STOCK_FILE pri podjetju 3: se ni na vrsti po razporedu; preskoceno.
10:22:31     Prebranih zapisov: 2762; SHA-256: 90a8e96ca7be21ab172a1e9e959390cc6a1bf77749c4414d6d0c0ced8dcd9df1
10:22:31     STOCK_FILE pri podjetju 4: se ni na vrsti po razporedu; preskoceno.
10:22:31     konec: Zaloga NW_STOCK
10:22:31  == Zaloga BT_STOCK ==
10:22:32     [BT_STOCK] preskoceno: Razmik dobavitelja se tece; naslednji prenos po 10. 09. 2026 12:42.
10:22:32     Prevzem koncan: uspesno 0, neuspesno 0, skupaj virov 1.
10:22:33     Prebranih zapisov: 1389; SHA-256: 45be72ee0ed2a2d4ce2be66b7c6bc6e159c33f148269ca109143f1129b83092f
10:22:33     STOCK_FILE pri podjetju 1: se ni na vrsti po razporedu; preskoceno.
10:22:34     Prebranih zapisov: 1389; SHA-256: 45be72ee0ed2a2d4ce2be66b7c6bc6e159c33f148269ca109143f1129b83092f
10:22:34     STOCK_FILE pri podjetju 2: se ni na vrsti po razporedu; preskoceno.
10:22:35     Prebranih zapisov: 1389; SHA-256: 45be72ee0ed2a2d4ce2be66b7c6bc6e159c33f148269ca109143f1129b83092f
10:22:35     STOCK_FILE pri podjetju 3: se ni na vrsti po razporedu; preskoceno.
10:22:36     Prebranih zapisov: 1389; SHA-256: 45be72ee0ed2a2d4ce2be66b7c6bc6e159c33f148269ca109143f1129b83092f
10:22:36     STOCK_FILE pri podjetju 4: se ni na vrsti po razporedu; preskoceno.
10:22:36     konec: Zaloga BT_STOCK
10:22:36  == Zaloga iz SAOP (kolicine) ==
10:22:37     [1] SAOP_STOCK: se ni na vrsti po razporedu; preskoceno.
10:22:37     [2] SAOP_STOCK: se ni na vrsti po razporedu; preskoceno.
10:22:37     [3] SAOP_STOCK: se ni na vrsti po razporedu; preskoceno.
10:22:37     [4] SAOP_STOCK: se ni na vrsti po razporedu; preskoceno.
10:22:37     konec: Zaloga iz SAOP (kolicine)
10:22:37  == Izvoz cen in zaloge za splet ==
10:22:39     Izvoz profila MAGENTO_STOCK_PRICES končan: 352 vrstic v C:\Users\david\Desktop\PIM\NoviPIM\izvoz\magento\1
10:22:42     Izvoz profila MAGENTO_STOCK_PRICES končan: 2071 vrstic v C:\Users\david\Desktop\PIM\NoviPIM\izvoz\magento\2
10:22:45     Izvoz profila MAGENTO_STOCK_PRICES končan: 2488 vrstic v C:\Users\david\Desktop\PIM\NoviPIM\izvoz\magento\3
10:22:46     Izvoz profila MAGENTO_STOCK_PRICES končan: 0 vrstic v C:\Users\david\Desktop\PIM\NoviPIM\izvoz\magento\4
10:22:46     konec: Izvoz cen in zaloge za splet
10:22:46  Zalogovni cikel koncan; padlih korakov: 0.
10:27:26  == Zaloga NW_STOCK ==
10:27:27     SOURCE_FETCH: se ni na vrsti po razporedu; preskoceno.
10:27:28     Prebranih zapisov: 2762; SHA-256: 90a8e96ca7be21ab172a1e9e959390cc6a1bf77749c4414d6d0c0ced8dcd9df1
10:27:28     Ta posnetek je ze v bazi; vir=NW_STOCK, podjetje=1, cas posnetka=2026-09-10 06:37:28Z, uporabljenih=2762, v karanteni=0, RunId=cd91b1bd-6c70-4f99-848e-4e0723a4d4e3. Zapisano ni bilo nic.
10:27:29     Prebranih zapisov: 2762; SHA-256: 90a8e96ca7be21ab172a1e9e959390cc6a1bf77749c4414d6d0c0ced8dcd9df1
10:27:29     Ta posnetek je ze v bazi; vir=NW_STOCK, podjetje=2, cas posnetka=2026-09-10 06:37:28Z, uporabljenih=2762, v karanteni=0, RunId=90b43a07-8321-40c5-bcb3-ea2cb63ecba2. Zapisano ni bilo nic.
10:27:30     Prebranih zapisov: 2762; SHA-256: 90a8e96ca7be21ab172a1e9e959390cc6a1bf77749c4414d6d0c0ced8dcd9df1
10:27:30     Ta posnetek je ze v bazi; vir=NW_STOCK, podjetje=3, cas posnetka=2026-09-10 06:37:28Z, uporabljenih=2762, v karanteni=0, RunId=bb55c239-8927-47c5-a50c-1ec12ecfacd8. Zapisano ni bilo nic.
10:27:31     Prebranih zapisov: 2762; SHA-256: 90a8e96ca7be21ab172a1e9e959390cc6a1bf77749c4414d6d0c0ced8dcd9df1
10:27:32     Ta posnetek je ze v bazi; vir=NW_STOCK, podjetje=4, cas posnetka=2026-09-10 06:37:28Z, uporabljenih=2762, v karanteni=0, RunId=696d7bb6-d7ea-45c9-a935-fe8e50cc797e. Zapisano ni bilo nic.
10:27:32     konec: Zaloga NW_STOCK
10:27:32  == Zaloga BT_STOCK ==
10:27:33     [BT_STOCK] preskoceno: Razmik dobavitelja se tece; naslednji prenos po 10. 09. 2026 12:42.
10:27:33     Prevzem koncan: uspesno 0, neuspesno 0, skupaj virov 1.
10:27:33     Prebranih zapisov: 1389; SHA-256: 45be72ee0ed2a2d4ce2be66b7c6bc6e159c33f148269ca109143f1129b83092f
10:27:34     STOCK_FILE pri podjetju 1: se ni na vrsti po razporedu; preskoceno.
10:27:34     Prebranih zapisov: 1389; SHA-256: 45be72ee0ed2a2d4ce2be66b7c6bc6e159c33f148269ca109143f1129b83092f
10:27:35     STOCK_FILE pri podjetju 2: se ni na vrsti po razporedu; preskoceno.
10:27:35     Prebranih zapisov: 1389; SHA-256: 45be72ee0ed2a2d4ce2be66b7c6bc6e159c33f148269ca109143f1129b83092f
10:27:36     STOCK_FILE pri podjetju 3: se ni na vrsti po razporedu; preskoceno.
10:27:36     Prebranih zapisov: 1389; SHA-256: 45be72ee0ed2a2d4ce2be66b7c6bc6e159c33f148269ca109143f1129b83092f
10:27:37     STOCK_FILE pri podjetju 4: se ni na vrsti po razporedu; preskoceno.
10:27:37     konec: Zaloga BT_STOCK
10:27:37  == Zaloga iz SAOP (kolicine) ==
10:27:37     [1] SAOP_STOCK: se ni na vrsti po razporedu; preskoceno.
10:27:37     [2] SAOP_STOCK: se ni na vrsti po razporedu; preskoceno.
10:27:37     [3] SAOP_STOCK: se ni na vrsti po razporedu; preskoceno.
10:27:37     [4] SAOP_STOCK: se ni na vrsti po razporedu; preskoceno.
10:27:38     konec: Zaloga iz SAOP (kolicine)
10:27:38  == Izvoz cen in zaloge za splet ==
10:27:39     Izvoz profila MAGENTO_STOCK_PRICES končan: 352 vrstic v C:\Users\david\Desktop\PIM\NoviPIM\izvoz\magento\1
10:27:43     Izvoz profila MAGENTO_STOCK_PRICES končan: 2071 vrstic v C:\Users\david\Desktop\PIM\NoviPIM\izvoz\magento\2
10:27:46     Izvoz profila MAGENTO_STOCK_PRICES končan: 2488 vrstic v C:\Users\david\Desktop\PIM\NoviPIM\izvoz\magento\3
10:27:47     Izvoz profila MAGENTO_STOCK_PRICES končan: 0 vrstic v C:\Users\david\Desktop\PIM\NoviPIM\izvoz\magento\4
10:27:47     konec: Izvoz cen in zaloge za splet
10:27:47  Zalogovni cikel koncan; padlih korakov: 0.
10:32:26  == Zaloga NW_STOCK ==
10:32:27     SOURCE_FETCH: se ni na vrsti po razporedu; preskoceno.
10:32:28     Prebranih zapisov: 2762; SHA-256: 90a8e96ca7be21ab172a1e9e959390cc6a1bf77749c4414d6d0c0ced8dcd9df1
10:32:28     STOCK_FILE pri podjetju 1: se ni na vrsti po razporedu; preskoceno.
10:32:29     Prebranih zapisov: 2762; SHA-256: 90a8e96ca7be21ab172a1e9e959390cc6a1bf77749c4414d6d0c0ced8dcd9df1
10:32:29     STOCK_FILE pri podjetju 2: se ni na vrsti po razporedu; preskoceno.
10:32:30     Prebranih zapisov: 2762; SHA-256: 90a8e96ca7be21ab172a1e9e959390cc6a1bf77749c4414d6d0c0ced8dcd9df1
10:32:30     STOCK_FILE pri podjetju 3: se ni na vrsti po razporedu; preskoceno.
10:32:31     Prebranih zapisov: 2762; SHA-256: 90a8e96ca7be21ab172a1e9e959390cc6a1bf77749c4414d6d0c0ced8dcd9df1
10:32:31     STOCK_FILE pri podjetju 4: se ni na vrsti po razporedu; preskoceno.
10:32:31     konec: Zaloga NW_STOCK
10:32:31  == Zaloga BT_STOCK ==
10:32:32     SOURCE_FETCH: se ni na vrsti po razporedu; preskoceno.
10:32:33     Prebranih zapisov: 1389; SHA-256: 45be72ee0ed2a2d4ce2be66b7c6bc6e159c33f148269ca109143f1129b83092f
10:32:33     Ta posnetek je ze v bazi; vir=BT_STOCK, podjetje=1, cas posnetka=2026-09-10 07:42:34Z, uporabljenih=1389, v karanteni=0, RunId=bb1f18ae-10d5-4c1e-9991-2967ee4f327f. Zapisano ni bilo nic.
10:32:34     Prebranih zapisov: 1389; SHA-256: 45be72ee0ed2a2d4ce2be66b7c6bc6e159c33f148269ca109143f1129b83092f
10:32:34     Ta posnetek je ze v bazi; vir=BT_STOCK, podjetje=2, cas posnetka=2026-09-10 07:42:34Z, uporabljenih=1389, v karanteni=0, RunId=ed1809c5-7568-40cf-8cce-f070cf6c1b6f. Zapisano ni bilo nic.
10:32:35     Prebranih zapisov: 1389; SHA-256: 45be72ee0ed2a2d4ce2be66b7c6bc6e159c33f148269ca109143f1129b83092f
10:32:35     Ta posnetek je ze v bazi; vir=BT_STOCK, podjetje=3, cas posnetka=2026-09-10 07:42:34Z, uporabljenih=1389, v karanteni=0, RunId=266bbc02-505f-423a-9e2d-647f9701ad5e. Zapisano ni bilo nic.
10:32:36     Prebranih zapisov: 1389; SHA-256: 45be72ee0ed2a2d4ce2be66b7c6bc6e159c33f148269ca109143f1129b83092f
10:32:36     Ta posnetek je ze v bazi; vir=BT_STOCK, podjetje=4, cas posnetka=2026-09-10 07:42:34Z, uporabljenih=1389, v karanteni=0, RunId=f59e7d0d-8246-4c78-8465-3d7a10a9c9bc. Zapisano ni bilo nic.
10:32:36     konec: Zaloga BT_STOCK
10:32:36  == Zaloga iz SAOP (kolicine) ==
10:32:37     [1] SAOP_STOCK: se ni na vrsti po razporedu; preskoceno.
10:32:37     [2] SAOP_STOCK: se ni na vrsti po razporedu; preskoceno.
10:32:37     [3] SAOP_STOCK: se ni na vrsti po razporedu; preskoceno.
10:32:37     [4] SAOP_STOCK: se ni na vrsti po razporedu; preskoceno.
10:32:37     konec: Zaloga iz SAOP (kolicine)
10:32:37  == Izvoz cen in zaloge za splet ==
10:32:39     Izvoz profila MAGENTO_STOCK_PRICES končan: 352 vrstic v C:\Users\david\Desktop\PIM\NoviPIM\izvoz\magento\1
10:32:42     Izvoz profila MAGENTO_STOCK_PRICES končan: 2071 vrstic v C:\Users\david\Desktop\PIM\NoviPIM\izvoz\magento\2
10:32:46     Izvoz profila MAGENTO_STOCK_PRICES končan: 2488 vrstic v C:\Users\david\Desktop\PIM\NoviPIM\izvoz\magento\3
10:32:47     Izvoz profila MAGENTO_STOCK_PRICES končan: 0 vrstic v C:\Users\david\Desktop\PIM\NoviPIM\izvoz\magento\4
10:32:47     konec: Izvoz cen in zaloge za splet
10:32:47  Zalogovni cikel koncan; padlih korakov: 0.
10:37:26  == Zaloga NW_STOCK ==
10:37:27     [NW_STOCK] preskoceno: Razmik dobavitelja se tece; naslednji prenos po 10. 09. 2026 10:37.
10:37:27     Prevzem koncan: uspesno 0, neuspesno 0, skupaj virov 1.
10:37:28     Prebranih zapisov: 2762; SHA-256: 90a8e96ca7be21ab172a1e9e959390cc6a1bf77749c4414d6d0c0ced8dcd9df1
10:37:28     STOCK_FILE pri podjetju 1: se ni na vrsti po razporedu; preskoceno.
10:37:29     Prebranih zapisov: 2762; SHA-256: 90a8e96ca7be21ab172a1e9e959390cc6a1bf77749c4414d6d0c0ced8dcd9df1
10:37:29     STOCK_FILE pri podjetju 2: se ni na vrsti po razporedu; preskoceno.
10:37:30     Prebranih zapisov: 2762; SHA-256: 90a8e96ca7be21ab172a1e9e959390cc6a1bf77749c4414d6d0c0ced8dcd9df1
10:37:30     STOCK_FILE pri podjetju 3: se ni na vrsti po razporedu; preskoceno.
10:37:31     Prebranih zapisov: 2762; SHA-256: 90a8e96ca7be21ab172a1e9e959390cc6a1bf77749c4414d6d0c0ced8dcd9df1
10:37:31     STOCK_FILE pri podjetju 4: se ni na vrsti po razporedu; preskoceno.
10:37:31     konec: Zaloga NW_STOCK
10:37:31  == Zaloga BT_STOCK ==
10:37:32     SOURCE_FETCH: se ni na vrsti po razporedu; preskoceno.
10:37:33     Prebranih zapisov: 1389; SHA-256: 45be72ee0ed2a2d4ce2be66b7c6bc6e159c33f148269ca109143f1129b83092f
10:37:33     Ta posnetek je ze v bazi; vir=BT_STOCK, podjetje=1, cas posnetka=2026-09-10 07:42:34Z, uporabljenih=1389, v karanteni=0, RunId=bb1f18ae-10d5-4c1e-9991-2967ee4f327f. Zapisano ni bilo nic.
10:37:34     Prebranih zapisov: 1389; SHA-256: 45be72ee0ed2a2d4ce2be66b7c6bc6e159c33f148269ca109143f1129b83092f
10:37:34     Ta posnetek je ze v bazi; vir=BT_STOCK, podjetje=2, cas posnetka=2026-09-10 07:42:34Z, uporabljenih=1389, v karanteni=0, RunId=ed1809c5-7568-40cf-8cce-f070cf6c1b6f. Zapisano ni bilo nic.
10:37:35     Prebranih zapisov: 1389; SHA-256: 45be72ee0ed2a2d4ce2be66b7c6bc6e159c33f148269ca109143f1129b83092f
10:37:35     Ta posnetek je ze v bazi; vir=BT_STOCK, podjetje=3, cas posnetka=2026-09-10 07:42:34Z, uporabljenih=1389, v karanteni=0, RunId=266bbc02-505f-423a-9e2d-647f9701ad5e. Zapisano ni bilo nic.
10:37:36     Prebranih zapisov: 1389; SHA-256: 45be72ee0ed2a2d4ce2be66b7c6bc6e159c33f148269ca109143f1129b83092f
10:37:37     Ta posnetek je ze v bazi; vir=BT_STOCK, podjetje=4, cas posnetka=2026-09-10 07:42:34Z, uporabljenih=1389, v karanteni=0, RunId=f59e7d0d-8246-4c78-8465-3d7a10a9c9bc. Zapisano ni bilo nic.
10:37:37     konec: Zaloga BT_STOCK
10:37:37  == Zaloga iz SAOP (kolicine) ==
10:37:59     STDERR: [1] NAPAKA: A connection attempt failed because the connected party did not properly respond after a period of time, or established connection failed because connected host has failed to respond. (192.168.178.12:81)
10:38:20     STDERR: [2] NAPAKA: A connection attempt failed because the connected party did not properly respond after a period of time, or established connection failed because connected host has failed to respond. (192.168.178.12:81)
10:38:41     STDERR: [3] NAPAKA: A connection attempt failed because the connected party did not properly respond after a period of time, or established connection failed because connected host has failed to respond. (192.168.178.12:81)
10:39:02     STDERR: [4] NAPAKA: A connection attempt failed because the connected party did not properly respond after a period of time, or established connection failed because connected host has failed to respond. (192.168.178.12:81)
10:39:02     NAPAKA: worker workers\PIM.SaopStockWorker je koncal z izhodno kodo 1
10:39:02  == Izvoz cen in zaloge za splet ==
10:39:04     Izvoz profila MAGENTO_STOCK_PRICES končan: 352 vrstic v C:\Users\david\Desktop\PIM\NoviPIM\izvoz\magento\1
10:39:07     Izvoz profila MAGENTO_STOCK_PRICES končan: 2071 vrstic v C:\Users\david\Desktop\PIM\NoviPIM\izvoz\magento\2
10:39:10     Izvoz profila MAGENTO_STOCK_PRICES končan: 2488 vrstic v C:\Users\david\Desktop\PIM\NoviPIM\izvoz\magento\3
10:39:11     Izvoz profila MAGENTO_STOCK_PRICES končan: 0 vrstic v C:\Users\david\Desktop\PIM\NoviPIM\izvoz\magento\4
10:39:11     konec: Izvoz cen in zaloge za splet
10:39:11  Zalogovni cikel koncan; padlih korakov: 1.
10:42:26  == Zaloga NW_STOCK ==
10:42:27     SOURCE_FETCH: se ni na vrsti po razporedu; preskoceno.
10:42:28     Prebranih zapisov: 2762; SHA-256: 90a8e96ca7be21ab172a1e9e959390cc6a1bf77749c4414d6d0c0ced8dcd9df1
10:42:28     STOCK_FILE pri podjetju 1: se ni na vrsti po razporedu; preskoceno.
10:42:29     Prebranih zapisov: 2762; SHA-256: 90a8e96ca7be21ab172a1e9e959390cc6a1bf77749c4414d6d0c0ced8dcd9df1
10:42:29     STOCK_FILE pri podjetju 2: se ni na vrsti po razporedu; preskoceno.
10:42:30     Prebranih zapisov: 2762; SHA-256: 90a8e96ca7be21ab172a1e9e959390cc6a1bf77749c4414d6d0c0ced8dcd9df1
10:42:30     STOCK_FILE pri podjetju 3: se ni na vrsti po razporedu; preskoceno.
10:42:31     Prebranih zapisov: 2762; SHA-256: 90a8e96ca7be21ab172a1e9e959390cc6a1bf77749c4414d6d0c0ced8dcd9df1
10:42:31     STOCK_FILE pri podjetju 4: se ni na vrsti po razporedu; preskoceno.
10:42:31     konec: Zaloga NW_STOCK
10:42:31  == Zaloga BT_STOCK ==
10:42:32     [BT_STOCK] preskoceno: Razmik dobavitelja se tece; naslednji prenos po 10. 09. 2026 12:42.
10:42:32     Prevzem koncan: uspesno 0, neuspesno 0, skupaj virov 1.
10:42:33     Prebranih zapisov: 1389; SHA-256: 45be72ee0ed2a2d4ce2be66b7c6bc6e159c33f148269ca109143f1129b83092f
10:42:33     STOCK_FILE pri podjetju 1: se ni na vrsti po razporedu; preskoceno.
10:42:34     Prebranih zapisov: 1389; SHA-256: 45be72ee0ed2a2d4ce2be66b7c6bc6e159c33f148269ca109143f1129b83092f
10:42:34     STOCK_FILE pri podjetju 2: se ni na vrsti po razporedu; preskoceno.
10:42:35     Prebranih zapisov: 1389; SHA-256: 45be72ee0ed2a2d4ce2be66b7c6bc6e159c33f148269ca109143f1129b83092f
10:42:35     STOCK_FILE pri podjetju 3: se ni na vrsti po razporedu; preskoceno.
10:42:36     Prebranih zapisov: 1389; SHA-256: 45be72ee0ed2a2d4ce2be66b7c6bc6e159c33f148269ca109143f1129b83092f
10:42:36     STOCK_FILE pri podjetju 4: se ni na vrsti po razporedu; preskoceno.
10:42:36     konec: Zaloga BT_STOCK
10:42:36  == Zaloga iz SAOP (kolicine) ==
10:42:37     [1] SAOP_STOCK: se ni na vrsti po razporedu; preskoceno.
10:42:37     [2] SAOP_STOCK: se ni na vrsti po razporedu; preskoceno.
10:42:37     [3] SAOP_STOCK: se ni na vrsti po razporedu; preskoceno.
10:42:37     [4] SAOP_STOCK: se ni na vrsti po razporedu; preskoceno.
10:42:37     konec: Zaloga iz SAOP (kolicine)
10:42:37  == Izvoz cen in zaloge za splet ==
10:42:39     Izvoz profila MAGENTO_STOCK_PRICES končan: 352 vrstic v C:\Users\david\Desktop\PIM\NoviPIM\izvoz\magento\1
10:42:42     Izvoz profila MAGENTO_STOCK_PRICES končan: 2071 vrstic v C:\Users\david\Desktop\PIM\NoviPIM\izvoz\magento\2
10:42:45     Izvoz profila MAGENTO_STOCK_PRICES končan: 2488 vrstic v C:\Users\david\Desktop\PIM\NoviPIM\izvoz\magento\3
10:42:46     Izvoz profila MAGENTO_STOCK_PRICES končan: 0 vrstic v C:\Users\david\Desktop\PIM\NoviPIM\izvoz\magento\4
10:42:47     konec: Izvoz cen in zaloge za splet
10:42:47  Zalogovni cikel koncan; padlih korakov: 0.
10:47:26  == Zaloga NW_STOCK ==
10:47:27     SOURCE_FETCH: se ni na vrsti po razporedu; preskoceno.
10:47:28     Prebranih zapisov: 2762; SHA-256: 90a8e96ca7be21ab172a1e9e959390cc6a1bf77749c4414d6d0c0ced8dcd9df1
10:47:28     Ta posnetek je ze v bazi; vir=NW_STOCK, podjetje=1, cas posnetka=2026-09-10 06:37:28Z, uporabljenih=2762, v karanteni=0, RunId=cd91b1bd-6c70-4f99-848e-4e0723a4d4e3. Zapisano ni bilo nic.
10:47:29     Prebranih zapisov: 2762; SHA-256: 90a8e96ca7be21ab172a1e9e959390cc6a1bf77749c4414d6d0c0ced8dcd9df1
10:47:29     Ta posnetek je ze v bazi; vir=NW_STOCK, podjetje=2, cas posnetka=2026-09-10 06:37:28Z, uporabljenih=2762, v karanteni=0, RunId=90b43a07-8321-40c5-bcb3-ea2cb63ecba2. Zapisano ni bilo nic.
10:47:30     Prebranih zapisov: 2762; SHA-256: 90a8e96ca7be21ab172a1e9e959390cc6a1bf77749c4414d6d0c0ced8dcd9df1
10:47:31     Ta posnetek je ze v bazi; vir=NW_STOCK, podjetje=3, cas posnetka=2026-09-10 06:37:28Z, uporabljenih=2762, v karanteni=0, RunId=bb55c239-8927-47c5-a50c-1ec12ecfacd8. Zapisano ni bilo nic.
10:47:31     Prebranih zapisov: 2762; SHA-256: 90a8e96ca7be21ab172a1e9e959390cc6a1bf77749c4414d6d0c0ced8dcd9df1
10:47:32     Ta posnetek je ze v bazi; vir=NW_STOCK, podjetje=4, cas posnetka=2026-09-10 06:37:28Z, uporabljenih=2762, v karanteni=0, RunId=696d7bb6-d7ea-45c9-a935-fe8e50cc797e. Zapisano ni bilo nic.
10:47:32     konec: Zaloga NW_STOCK
10:47:32  == Zaloga BT_STOCK ==
10:47:33     [BT_STOCK] preskoceno: Razmik dobavitelja se tece; naslednji prenos po 10. 09. 2026 12:42.
10:47:33     Prevzem koncan: uspesno 0, neuspesno 0, skupaj virov 1.
10:47:33     Prebranih zapisov: 1389; SHA-256: 45be72ee0ed2a2d4ce2be66b7c6bc6e159c33f148269ca109143f1129b83092f
10:47:34     STOCK_FILE pri podjetju 1: se ni na vrsti po razporedu; preskoceno.
10:47:34     Prebranih zapisov: 1389; SHA-256: 45be72ee0ed2a2d4ce2be66b7c6bc6e159c33f148269ca109143f1129b83092f
10:47:35     STOCK_FILE pri podjetju 2: se ni na vrsti po razporedu; preskoceno.
10:47:35     Prebranih zapisov: 1389; SHA-256: 45be72ee0ed2a2d4ce2be66b7c6bc6e159c33f148269ca109143f1129b83092f
10:47:36     STOCK_FILE pri podjetju 3: se ni na vrsti po razporedu; preskoceno.
10:47:36     Prebranih zapisov: 1389; SHA-256: 45be72ee0ed2a2d4ce2be66b7c6bc6e159c33f148269ca109143f1129b83092f
10:47:37     STOCK_FILE pri podjetju 4: se ni na vrsti po razporedu; preskoceno.
10:47:37     konec: Zaloga BT_STOCK
10:47:37  == Zaloga iz SAOP (kolicine) ==
10:47:37     [1] SAOP_STOCK: se ni na vrsti po razporedu; preskoceno.
10:47:37     [2] SAOP_STOCK: se ni na vrsti po razporedu; preskoceno.
10:47:37     [3] SAOP_STOCK: se ni na vrsti po razporedu; preskoceno.
10:47:37     [4] SAOP_STOCK: se ni na vrsti po razporedu; preskoceno.
10:47:38     konec: Zaloga iz SAOP (kolicine)
10:47:38  == Izvoz cen in zaloge za splet ==
10:47:39     Izvoz profila MAGENTO_STOCK_PRICES končan: 352 vrstic v C:\Users\david\Desktop\PIM\NoviPIM\izvoz\magento\1
10:47:43     Izvoz profila MAGENTO_STOCK_PRICES končan: 2071 vrstic v C:\Users\david\Desktop\PIM\NoviPIM\izvoz\magento\2
10:47:46     Izvoz profila MAGENTO_STOCK_PRICES končan: 2488 vrstic v C:\Users\david\Desktop\PIM\NoviPIM\izvoz\magento\3
10:47:47     Izvoz profila MAGENTO_STOCK_PRICES končan: 0 vrstic v C:\Users\david\Desktop\PIM\NoviPIM\izvoz\magento\4
10:47:47     konec: Izvoz cen in zaloge za splet
10:47:47  Zalogovni cikel koncan; padlih korakov: 0.
10:52:26  == Zaloga NW_STOCK ==
10:52:27     SOURCE_FETCH: se ni na vrsti po razporedu; preskoceno.
10:52:28     Prebranih zapisov: 2762; SHA-256: 90a8e96ca7be21ab172a1e9e959390cc6a1bf77749c4414d6d0c0ced8dcd9df1
10:52:28     STOCK_FILE pri podjetju 1: se ni na vrsti po razporedu; preskoceno.
10:52:29     Prebranih zapisov: 2762; SHA-256: 90a8e96ca7be21ab172a1e9e959390cc6a1bf77749c4414d6d0c0ced8dcd9df1
10:52:29     STOCK_FILE pri podjetju 2: se ni na vrsti po razporedu; preskoceno.
10:52:30     Prebranih zapisov: 2762; SHA-256: 90a8e96ca7be21ab172a1e9e959390cc6a1bf77749c4414d6d0c0ced8dcd9df1
10:52:30     STOCK_FILE pri podjetju 3: se ni na vrsti po razporedu; preskoceno.
10:52:31     Prebranih zapisov: 2762; SHA-256: 90a8e96ca7be21ab172a1e9e959390cc6a1bf77749c4414d6d0c0ced8dcd9df1
10:52:31     STOCK_FILE pri podjetju 4: se ni na vrsti po razporedu; preskoceno.
10:52:31     konec: Zaloga NW_STOCK
10:52:31  == Zaloga BT_STOCK ==
10:52:32     SOURCE_FETCH: se ni na vrsti po razporedu; preskoceno.
10:52:33     Prebranih zapisov: 1389; SHA-256: 45be72ee0ed2a2d4ce2be66b7c6bc6e159c33f148269ca109143f1129b83092f
10:52:33     Ta posnetek je ze v bazi; vir=BT_STOCK, podjetje=1, cas posnetka=2026-09-10 07:42:34Z, uporabljenih=1389, v karanteni=0, RunId=bb1f18ae-10d5-4c1e-9991-2967ee4f327f. Zapisano ni bilo nic.
10:52:34     Prebranih zapisov: 1389; SHA-256: 45be72ee0ed2a2d4ce2be66b7c6bc6e159c33f148269ca109143f1129b83092f
10:52:34     Ta posnetek je ze v bazi; vir=BT_STOCK, podjetje=2, cas posnetka=2026-09-10 07:42:34Z, uporabljenih=1389, v karanteni=0, RunId=ed1809c5-7568-40cf-8cce-f070cf6c1b6f. Zapisano ni bilo nic.
10:52:35     Prebranih zapisov: 1389; SHA-256: 45be72ee0ed2a2d4ce2be66b7c6bc6e159c33f148269ca109143f1129b83092f
10:52:35     Ta posnetek je ze v bazi; vir=BT_STOCK, podjetje=3, cas posnetka=2026-09-10 07:42:34Z, uporabljenih=1389, v karanteni=0, RunId=266bbc02-505f-423a-9e2d-647f9701ad5e. Zapisano ni bilo nic.
10:52:36     Prebranih zapisov: 1389; SHA-256: 45be72ee0ed2a2d4ce2be66b7c6bc6e159c33f148269ca109143f1129b83092f
10:52:37     Ta posnetek je ze v bazi; vir=BT_STOCK, podjetje=4, cas posnetka=2026-09-10 07:42:34Z, uporabljenih=1389, v karanteni=0, RunId=f59e7d0d-8246-4c78-8465-3d7a10a9c9bc. Zapisano ni bilo nic.
10:52:37     konec: Zaloga BT_STOCK
10:52:37  == Zaloga iz SAOP (kolicine) ==
10:52:37     [1] SAOP_STOCK: se ni na vrsti po razporedu; preskoceno.
10:52:37     [2] SAOP_STOCK: se ni na vrsti po razporedu; preskoceno.
10:52:37     [3] SAOP_STOCK: se ni na vrsti po razporedu; preskoceno.
10:52:37     [4] SAOP_STOCK: se ni na vrsti po razporedu; preskoceno.
10:52:38     konec: Zaloga iz SAOP (kolicine)
10:52:38  == Izvoz cen in zaloge za splet ==
10:52:39     Izvoz profila MAGENTO_STOCK_PRICES končan: 352 vrstic v C:\Users\david\Desktop\PIM\NoviPIM\izvoz\magento\1
10:52:43     Izvoz profila MAGENTO_STOCK_PRICES končan: 2071 vrstic v C:\Users\david\Desktop\PIM\NoviPIM\izvoz\magento\2
10:52:46     Izvoz profila MAGENTO_STOCK_PRICES končan: 2488 vrstic v C:\Users\david\Desktop\PIM\NoviPIM\izvoz\magento\3
10:52:47     Izvoz profila MAGENTO_STOCK_PRICES končan: 0 vrstic v C:\Users\david\Desktop\PIM\NoviPIM\izvoz\magento\4
10:52:47     konec: Izvoz cen in zaloge za splet
10:52:47  Zalogovni cikel koncan; padlih korakov: 0.
10:57:26  == Zaloga NW_STOCK ==
10:57:28     [NW_STOCK] prevzeto 87.515 bajtov -> C:\Users\david\Desktop\PIM\NoviPIM\PIM_Solution\data\prevzem\NW_STOCK\nw-zaloga.csv; arhiv nw-zaloga_20260910_085728Z.csv.gz
10:57:28     Prevzem koncan: uspesno 1, neuspesno 0, skupaj virov 1.
10:57:29     Prebranih zapisov: 2762; SHA-256: c8bced6ab9e84fdab9e0f9a573a254d336c7a485e47ff74445d57c10efe9c2a1
10:57:29     STOCK_FILE pri podjetju 1: se ni na vrsti po razporedu; preskoceno.
10:57:30     Prebranih zapisov: 2762; SHA-256: c8bced6ab9e84fdab9e0f9a573a254d336c7a485e47ff74445d57c10efe9c2a1
10:57:30     STOCK_FILE pri podjetju 2: se ni na vrsti po razporedu; preskoceno.
10:57:31     Prebranih zapisov: 2762; SHA-256: c8bced6ab9e84fdab9e0f9a573a254d336c7a485e47ff74445d57c10efe9c2a1
10:57:31     STOCK_FILE pri podjetju 3: se ni na vrsti po razporedu; preskoceno.
10:57:32     Prebranih zapisov: 2762; SHA-256: c8bced6ab9e84fdab9e0f9a573a254d336c7a485e47ff74445d57c10efe9c2a1
10:57:32     STOCK_FILE pri podjetju 4: se ni na vrsti po razporedu; preskoceno.
10:57:32     konec: Zaloga NW_STOCK
10:57:32  == Zaloga BT_STOCK ==
10:57:33     SOURCE_FETCH: se ni na vrsti po razporedu; preskoceno.
10:57:34     Prebranih zapisov: 1389; SHA-256: 45be72ee0ed2a2d4ce2be66b7c6bc6e159c33f148269ca109143f1129b83092f
10:57:34     Ta posnetek je ze v bazi; vir=BT_STOCK, podjetje=1, cas posnetka=2026-09-10 07:42:34Z, uporabljenih=1389, v karanteni=0, RunId=bb1f18ae-10d5-4c1e-9991-2967ee4f327f. Zapisano ni bilo nic.
10:57:35     Prebranih zapisov: 1389; SHA-256: 45be72ee0ed2a2d4ce2be66b7c6bc6e159c33f148269ca109143f1129b83092f
10:57:35     Ta posnetek je ze v bazi; vir=BT_STOCK, podjetje=2, cas posnetka=2026-09-10 07:42:34Z, uporabljenih=1389, v karanteni=0, RunId=ed1809c5-7568-40cf-8cce-f070cf6c1b6f. Zapisano ni bilo nic.
10:57:36     Prebranih zapisov: 1389; SHA-256: 45be72ee0ed2a2d4ce2be66b7c6bc6e159c33f148269ca109143f1129b83092f
10:57:36     Ta posnetek je ze v bazi; vir=BT_STOCK, podjetje=3, cas posnetka=2026-09-10 07:42:34Z, uporabljenih=1389, v karanteni=0, RunId=266bbc02-505f-423a-9e2d-647f9701ad5e. Zapisano ni bilo nic.
10:57:37     Prebranih zapisov: 1389; SHA-256: 45be72ee0ed2a2d4ce2be66b7c6bc6e159c33f148269ca109143f1129b83092f
10:57:38     Ta posnetek je ze v bazi; vir=BT_STOCK, podjetje=4, cas posnetka=2026-09-10 07:42:34Z, uporabljenih=1389, v karanteni=0, RunId=f59e7d0d-8246-4c78-8465-3d7a10a9c9bc. Zapisano ni bilo nic.
10:57:38     konec: Zaloga BT_STOCK
10:57:38  == Zaloga iz SAOP (kolicine) ==
10:57:39     [1] SAOP_STOCK: se ni na vrsti po razporedu; preskoceno.
10:57:39     [2] SAOP_STOCK: se ni na vrsti po razporedu; preskoceno.
10:57:39     [3] SAOP_STOCK: se ni na vrsti po razporedu; preskoceno.
10:57:39     [4] SAOP_STOCK: se ni na vrsti po razporedu; preskoceno.
10:57:39     konec: Zaloga iz SAOP (kolicine)
10:57:39  == Izvoz cen in zaloge za splet ==
10:57:40     Izvoz profila MAGENTO_STOCK_PRICES končan: 352 vrstic v C:\Users\david\Desktop\PIM\NoviPIM\izvoz\magento\1
10:57:44     Izvoz profila MAGENTO_STOCK_PRICES končan: 2071 vrstic v C:\Users\david\Desktop\PIM\NoviPIM\izvoz\magento\2
10:57:47     Izvoz profila MAGENTO_STOCK_PRICES končan: 2488 vrstic v C:\Users\david\Desktop\PIM\NoviPIM\izvoz\magento\3
10:57:48     Izvoz profila MAGENTO_STOCK_PRICES končan: 0 vrstic v C:\Users\david\Desktop\PIM\NoviPIM\izvoz\magento\4
10:57:48     konec: Izvoz cen in zaloge za splet
10:57:48  Zalogovni cikel koncan; padlih korakov: 0.
11:02:26  == Zaloga NW_STOCK ==
11:02:27     SOURCE_FETCH: se ni na vrsti po razporedu; preskoceno.
11:02:28     Prebranih zapisov: 2762; SHA-256: c8bced6ab9e84fdab9e0f9a573a254d336c7a485e47ff74445d57c10efe9c2a1
11:02:28     STOCK_FILE pri podjetju 1: se ni na vrsti po razporedu; preskoceno.
11:02:29     Prebranih zapisov: 2762; SHA-256: c8bced6ab9e84fdab9e0f9a573a254d336c7a485e47ff74445d57c10efe9c2a1
11:02:29     STOCK_FILE pri podjetju 2: se ni na vrsti po razporedu; preskoceno.
11:02:30     Prebranih zapisov: 2762; SHA-256: c8bced6ab9e84fdab9e0f9a573a254d336c7a485e47ff74445d57c10efe9c2a1
11:02:30     STOCK_FILE pri podjetju 3: se ni na vrsti po razporedu; preskoceno.
11:02:31     Prebranih zapisov: 2762; SHA-256: c8bced6ab9e84fdab9e0f9a573a254d336c7a485e47ff74445d57c10efe9c2a1
11:02:31     STOCK_FILE pri podjetju 4: se ni na vrsti po razporedu; preskoceno.
11:02:31     konec: Zaloga NW_STOCK
11:02:31  == Zaloga BT_STOCK ==
11:02:32     [BT_STOCK] preskoceno: Razmik dobavitelja se tece; naslednji prenos po 10. 09. 2026 12:42.
11:02:32     Prevzem koncan: uspesno 0, neuspesno 0, skupaj virov 1.
11:02:33     Prebranih zapisov: 1389; SHA-256: 45be72ee0ed2a2d4ce2be66b7c6bc6e159c33f148269ca109143f1129b83092f
11:02:33     STOCK_FILE pri podjetju 1: se ni na vrsti po razporedu; preskoceno.
11:02:34     Prebranih zapisov: 1389; SHA-256: 45be72ee0ed2a2d4ce2be66b7c6bc6e159c33f148269ca109143f1129b83092f
11:02:34     STOCK_FILE pri podjetju 2: se ni na vrsti po razporedu; preskoceno.
11:02:35     Prebranih zapisov: 1389; SHA-256: 45be72ee0ed2a2d4ce2be66b7c6bc6e159c33f148269ca109143f1129b83092f
11:02:35     STOCK_FILE pri podjetju 3: se ni na vrsti po razporedu; preskoceno.
11:02:36     Prebranih zapisov: 1389; SHA-256: 45be72ee0ed2a2d4ce2be66b7c6bc6e159c33f148269ca109143f1129b83092f
11:02:36     STOCK_FILE pri podjetju 4: se ni na vrsti po razporedu; preskoceno.
11:02:36     konec: Zaloga BT_STOCK
11:02:36  == Zaloga iz SAOP (kolicine) ==
11:02:37     [1] SAOP_STOCK: se ni na vrsti po razporedu; preskoceno.
11:02:37     [2] SAOP_STOCK: se ni na vrsti po razporedu; preskoceno.
11:02:37     [3] SAOP_STOCK: se ni na vrsti po razporedu; preskoceno.
11:02:37     [4] SAOP_STOCK: se ni na vrsti po razporedu; preskoceno.
11:02:37     konec: Zaloga iz SAOP (kolicine)
11:02:37  == Izvoz cen in zaloge za splet ==
11:02:39     Izvoz profila MAGENTO_STOCK_PRICES končan: 352 vrstic v C:\Users\david\Desktop\PIM\NoviPIM\izvoz\magento\1
11:02:42     Izvoz profila MAGENTO_STOCK_PRICES končan: 2071 vrstic v C:\Users\david\Desktop\PIM\NoviPIM\izvoz\magento\2
11:02:45     Izvoz profila MAGENTO_STOCK_PRICES končan: 2488 vrstic v C:\Users\david\Desktop\PIM\NoviPIM\izvoz\magento\3
11:02:47     Izvoz profila MAGENTO_STOCK_PRICES končan: 0 vrstic v C:\Users\david\Desktop\PIM\NoviPIM\izvoz\magento\4
11:02:47     konec: Izvoz cen in zaloge za splet
11:02:47  Zalogovni cikel koncan; padlih korakov: 0.
11:07:26  == Zaloga NW_STOCK ==
11:07:27     SOURCE_FETCH: se ni na vrsti po razporedu; preskoceno.
11:07:28     Prebranih zapisov: 2762; SHA-256: c8bced6ab9e84fdab9e0f9a573a254d336c7a485e47ff74445d57c10efe9c2a1
11:07:30     Zaloga zapisana; vir=NW_STOCK, podjetje=1, uporabljenih=2762, v karanteni=0, RunId=68a815eb-a98c-4789-bd34-daf20a901f19.
11:07:30     Prebranih zapisov: 2762; SHA-256: c8bced6ab9e84fdab9e0f9a573a254d336c7a485e47ff74445d57c10efe9c2a1
11:07:32     Zaloga zapisana; vir=NW_STOCK, podjetje=2, uporabljenih=2762, v karanteni=0, RunId=4eb6de44-2c22-42fb-bf98-f85027e30ac6.
11:07:33     Prebranih zapisov: 2762; SHA-256: c8bced6ab9e84fdab9e0f9a573a254d336c7a485e47ff74445d57c10efe9c2a1
11:07:34     Zaloga zapisana; vir=NW_STOCK, podjetje=3, uporabljenih=2762, v karanteni=0, RunId=65b92f01-fe86-4f0e-864c-9f496a38fee2.
11:07:35     Prebranih zapisov: 2762; SHA-256: c8bced6ab9e84fdab9e0f9a573a254d336c7a485e47ff74445d57c10efe9c2a1
11:07:37     Zaloga zapisana; vir=NW_STOCK, podjetje=4, uporabljenih=2762, v karanteni=0, RunId=fee86cd5-69b9-4409-8629-f60514b0611f.
11:07:37     konec: Zaloga NW_STOCK
11:07:37  == Zaloga BT_STOCK ==
11:07:38     [BT_STOCK] preskoceno: Razmik dobavitelja se tece; naslednji prenos po 10. 09. 2026 12:42.
11:07:38     Prevzem koncan: uspesno 0, neuspesno 0, skupaj virov 1.
11:07:39     Prebranih zapisov: 1389; SHA-256: 45be72ee0ed2a2d4ce2be66b7c6bc6e159c33f148269ca109143f1129b83092f
11:07:39     STOCK_FILE pri podjetju 1: se ni na vrsti po razporedu; preskoceno.
11:07:40     Prebranih zapisov: 1389; SHA-256: 45be72ee0ed2a2d4ce2be66b7c6bc6e159c33f148269ca109143f1129b83092f
11:07:40     STOCK_FILE pri podjetju 2: se ni na vrsti po razporedu; preskoceno.
11:07:41     Prebranih zapisov: 1389; SHA-256: 45be72ee0ed2a2d4ce2be66b7c6bc6e159c33f148269ca109143f1129b83092f
11:07:41     STOCK_FILE pri podjetju 3: se ni na vrsti po razporedu; preskoceno.
11:07:42     Prebranih zapisov: 1389; SHA-256: 45be72ee0ed2a2d4ce2be66b7c6bc6e159c33f148269ca109143f1129b83092f
11:07:42     STOCK_FILE pri podjetju 4: se ni na vrsti po razporedu; preskoceno.
11:07:42     konec: Zaloga BT_STOCK
11:07:42  == Zaloga iz SAOP (kolicine) ==
11:07:43     [1] SAOP_STOCK: se ni na vrsti po razporedu; preskoceno.
11:07:43     [2] SAOP_STOCK: se ni na vrsti po razporedu; preskoceno.
11:07:43     [3] SAOP_STOCK: se ni na vrsti po razporedu; preskoceno.
11:07:43     [4] SAOP_STOCK: se ni na vrsti po razporedu; preskoceno.
11:07:43     konec: Zaloga iz SAOP (kolicine)
11:07:43  == Izvoz cen in zaloge za splet ==
11:07:45     Izvoz profila MAGENTO_STOCK_PRICES končan: 352 vrstic v C:\Users\david\Desktop\PIM\NoviPIM\izvoz\magento\1
11:07:48     Izvoz profila MAGENTO_STOCK_PRICES končan: 2071 vrstic v C:\Users\david\Desktop\PIM\NoviPIM\izvoz\magento\2
11:07:51     Izvoz profila MAGENTO_STOCK_PRICES končan: 2488 vrstic v C:\Users\david\Desktop\PIM\NoviPIM\izvoz\magento\3
11:07:52     Izvoz profila MAGENTO_STOCK_PRICES končan: 0 vrstic v C:\Users\david\Desktop\PIM\NoviPIM\izvoz\magento\4
11:07:52     konec: Izvoz cen in zaloge za splet
11:07:52  Zalogovni cikel koncan; padlih korakov: 0.
11:12:26  == Zaloga NW_STOCK ==
11:12:27     SOURCE_FETCH: se ni na vrsti po razporedu; preskoceno.
11:12:28     Prebranih zapisov: 2762; SHA-256: c8bced6ab9e84fdab9e0f9a573a254d336c7a485e47ff74445d57c10efe9c2a1
11:12:28     STOCK_FILE pri podjetju 1: se ni na vrsti po razporedu; preskoceno.
11:12:29     Prebranih zapisov: 2762; SHA-256: c8bced6ab9e84fdab9e0f9a573a254d336c7a485e47ff74445d57c10efe9c2a1
11:12:29     STOCK_FILE pri podjetju 2: se ni na vrsti po razporedu; preskoceno.
11:12:30     Prebranih zapisov: 2762; SHA-256: c8bced6ab9e84fdab9e0f9a573a254d336c7a485e47ff74445d57c10efe9c2a1
11:12:30     STOCK_FILE pri podjetju 3: se ni na vrsti po razporedu; preskoceno.
11:12:31     Prebranih zapisov: 2762; SHA-256: c8bced6ab9e84fdab9e0f9a573a254d336c7a485e47ff74445d57c10efe9c2a1
11:12:31     STOCK_FILE pri podjetju 4: se ni na vrsti po razporedu; preskoceno.
11:12:31     konec: Zaloga NW_STOCK
11:12:31  == Zaloga BT_STOCK ==
11:12:32     SOURCE_FETCH: se ni na vrsti po razporedu; preskoceno.
11:12:33     Prebranih zapisov: 1389; SHA-256: 45be72ee0ed2a2d4ce2be66b7c6bc6e159c33f148269ca109143f1129b83092f
11:12:33     Ta posnetek je ze v bazi; vir=BT_STOCK, podjetje=1, cas posnetka=2026-09-10 07:42:34Z, uporabljenih=1389, v karanteni=0, RunId=bb1f18ae-10d5-4c1e-9991-2967ee4f327f. Zapisano ni bilo nic.
11:12:34     Prebranih zapisov: 1389; SHA-256: 45be72ee0ed2a2d4ce2be66b7c6bc6e159c33f148269ca109143f1129b83092f
11:12:34     Ta posnetek je ze v bazi; vir=BT_STOCK, podjetje=2, cas posnetka=2026-09-10 07:42:34Z, uporabljenih=1389, v karanteni=0, RunId=ed1809c5-7568-40cf-8cce-f070cf6c1b6f. Zapisano ni bilo nic.
11:12:35     Prebranih zapisov: 1389; SHA-256: 45be72ee0ed2a2d4ce2be66b7c6bc6e159c33f148269ca109143f1129b83092f
11:12:36     Ta posnetek je ze v bazi; vir=BT_STOCK, podjetje=3, cas posnetka=2026-09-10 07:42:34Z, uporabljenih=1389, v karanteni=0, RunId=266bbc02-505f-423a-9e2d-647f9701ad5e. Zapisano ni bilo nic.
11:12:36     Prebranih zapisov: 1389; SHA-256: 45be72ee0ed2a2d4ce2be66b7c6bc6e159c33f148269ca109143f1129b83092f
11:12:37     Ta posnetek je ze v bazi; vir=BT_STOCK, podjetje=4, cas posnetka=2026-09-10 07:42:34Z, uporabljenih=1389, v karanteni=0, RunId=f59e7d0d-8246-4c78-8465-3d7a10a9c9bc. Zapisano ni bilo nic.
11:12:37     konec: Zaloga BT_STOCK
11:12:37  == Zaloga iz SAOP (kolicine) ==
11:12:59     STDERR: [1] NAPAKA: A connection attempt failed because the connected party did not properly respond after a period of time, or established connection failed because connected host has failed to respond. (192.168.178.12:81)
11:13:20     STDERR: [2] NAPAKA: A connection attempt failed because the connected party did not properly respond after a period of time, or established connection failed because connected host has failed to respond. (192.168.178.12:81)
11:13:41     STDERR: [3] NAPAKA: A connection attempt failed because the connected party did not properly respond after a period of time, or established connection failed because connected host has failed to respond. (192.168.178.12:81)
11:14:02     STDERR: [4] NAPAKA: A connection attempt failed because the connected party did not properly respond after a period of time, or established connection failed because connected host has failed to respond. (192.168.178.12:81)
11:14:02     NAPAKA: worker workers\PIM.SaopStockWorker je koncal z izhodno kodo 1
11:14:02  == Izvoz cen in zaloge za splet ==
11:14:04     Izvoz profila MAGENTO_STOCK_PRICES končan: 352 vrstic v C:\Users\david\Desktop\PIM\NoviPIM\izvoz\magento\1
11:14:07     Izvoz profila MAGENTO_STOCK_PRICES končan: 2071 vrstic v C:\Users\david\Desktop\PIM\NoviPIM\izvoz\magento\2
11:14:10     Izvoz profila MAGENTO_STOCK_PRICES končan: 2488 vrstic v C:\Users\david\Desktop\PIM\NoviPIM\izvoz\magento\3
11:14:11     Izvoz profila MAGENTO_STOCK_PRICES končan: 0 vrstic v C:\Users\david\Desktop\PIM\NoviPIM\izvoz\magento\4
11:14:11     konec: Izvoz cen in zaloge za splet
11:14:11  Zalogovni cikel koncan; padlih korakov: 1.
11:17:26  == Zaloga NW_STOCK ==
11:17:27     [NW_STOCK] preskoceno: Razmik dobavitelja se tece; naslednji prenos po 10. 09. 2026 12:57.
11:17:27     Prevzem koncan: uspesno 0, neuspesno 0, skupaj virov 1.
11:17:28     Prebranih zapisov: 2762; SHA-256: c8bced6ab9e84fdab9e0f9a573a254d336c7a485e47ff74445d57c10efe9c2a1
11:17:28     STOCK_FILE pri podjetju 1: se ni na vrsti po razporedu; preskoceno.
11:17:29     Prebranih zapisov: 2762; SHA-256: c8bced6ab9e84fdab9e0f9a573a254d336c7a485e47ff74445d57c10efe9c2a1
11:17:29     STOCK_FILE pri podjetju 2: se ni na vrsti po razporedu; preskoceno.
11:17:30     Prebranih zapisov: 2762; SHA-256: c8bced6ab9e84fdab9e0f9a573a254d336c7a485e47ff74445d57c10efe9c2a1
11:17:30     STOCK_FILE pri podjetju 3: se ni na vrsti po razporedu; preskoceno.
11:17:31     Prebranih zapisov: 2762; SHA-256: c8bced6ab9e84fdab9e0f9a573a254d336c7a485e47ff74445d57c10efe9c2a1
11:17:31     STOCK_FILE pri podjetju 4: se ni na vrsti po razporedu; preskoceno.
11:17:31     konec: Zaloga NW_STOCK
11:17:31  == Zaloga BT_STOCK ==
11:17:32     SOURCE_FETCH: se ni na vrsti po razporedu; preskoceno.
11:17:33     Prebranih zapisov: 1389; SHA-256: 45be72ee0ed2a2d4ce2be66b7c6bc6e159c33f148269ca109143f1129b83092f
11:17:33     Ta posnetek je ze v bazi; vir=BT_STOCK, podjetje=1, cas posnetka=2026-09-10 07:42:34Z, uporabljenih=1389, v karanteni=0, RunId=bb1f18ae-10d5-4c1e-9991-2967ee4f327f. Zapisano ni bilo nic.
11:17:34     Prebranih zapisov: 1389; SHA-256: 45be72ee0ed2a2d4ce2be66b7c6bc6e159c33f148269ca109143f1129b83092f
11:17:34     Ta posnetek je ze v bazi; vir=BT_STOCK, podjetje=2, cas posnetka=2026-09-10 07:42:34Z, uporabljenih=1389, v karanteni=0, RunId=ed1809c5-7568-40cf-8cce-f070cf6c1b6f. Zapisano ni bilo nic.
11:17:35     Prebranih zapisov: 1389; SHA-256: 45be72ee0ed2a2d4ce2be66b7c6bc6e159c33f148269ca109143f1129b83092f
11:17:35     STOCK_FILE pri podjetju 3: se ni na vrsti po razporedu; preskoceno.
11:17:36     Prebranih zapisov: 1389; SHA-256: 45be72ee0ed2a2d4ce2be66b7c6bc6e159c33f148269ca109143f1129b83092f
11:17:37     STOCK_FILE pri podjetju 4: se ni na vrsti po razporedu; preskoceno.
11:17:37     konec: Zaloga BT_STOCK
11:17:37  == Zaloga iz SAOP (kolicine) ==
11:17:38     [1] SAOP_STOCK: se ni na vrsti po razporedu; preskoceno.
11:17:38     [2] SAOP_STOCK: se ni na vrsti po razporedu; preskoceno.
11:17:38     [3] SAOP_STOCK: se ni na vrsti po razporedu; preskoceno.
11:17:38     [4] SAOP_STOCK: se ni na vrsti po razporedu; preskoceno.
11:17:38     konec: Zaloga iz SAOP (kolicine)
11:17:38  == Izvoz cen in zaloge za splet ==
11:17:39     Izvoz profila MAGENTO_STOCK_PRICES končan: 352 vrstic v C:\Users\david\Desktop\PIM\NoviPIM\izvoz\magento\1
11:17:43     Izvoz profila MAGENTO_STOCK_PRICES končan: 2071 vrstic v C:\Users\david\Desktop\PIM\NoviPIM\izvoz\magento\2
11:17:46     Izvoz profila MAGENTO_STOCK_PRICES končan: 2488 vrstic v C:\Users\david\Desktop\PIM\NoviPIM\izvoz\magento\3
11:17:47     Izvoz profila MAGENTO_STOCK_PRICES končan: 0 vrstic v C:\Users\david\Desktop\PIM\NoviPIM\izvoz\magento\4
11:17:47     konec: Izvoz cen in zaloge za splet
11:17:47  Zalogovni cikel koncan; padlih korakov: 0.
11:22:26  == Zaloga NW_STOCK ==
11:22:27     SOURCE_FETCH: se ni na vrsti po razporedu; preskoceno.
11:22:28     Prebranih zapisov: 2762; SHA-256: c8bced6ab9e84fdab9e0f9a573a254d336c7a485e47ff74445d57c10efe9c2a1
11:22:28     STOCK_FILE pri podjetju 1: se ni na vrsti po razporedu; preskoceno.
11:22:29     Prebranih zapisov: 2762; SHA-256: c8bced6ab9e84fdab9e0f9a573a254d336c7a485e47ff74445d57c10efe9c2a1
11:22:29     STOCK_FILE pri podjetju 2: se ni na vrsti po razporedu; preskoceno.
11:22:30     Prebranih zapisov: 2762; SHA-256: c8bced6ab9e84fdab9e0f9a573a254d336c7a485e47ff74445d57c10efe9c2a1
11:22:30     Ta posnetek je ze v bazi; vir=NW_STOCK, podjetje=3, cas posnetka=2026-09-10 08:57:28Z, uporabljenih=2762, v karanteni=0, RunId=65b92f01-fe86-4f0e-864c-9f496a38fee2. Zapisano ni bilo nic.
11:22:31     Prebranih zapisov: 2762; SHA-256: c8bced6ab9e84fdab9e0f9a573a254d336c7a485e47ff74445d57c10efe9c2a1
11:22:31     Ta posnetek je ze v bazi; vir=NW_STOCK, podjetje=4, cas posnetka=2026-09-10 08:57:28Z, uporabljenih=2762, v karanteni=0, RunId=fee86cd5-69b9-4409-8629-f60514b0611f. Zapisano ni bilo nic.
11:22:31     konec: Zaloga NW_STOCK
11:22:31  == Zaloga BT_STOCK ==
11:22:32     [BT_STOCK] preskoceno: Razmik dobavitelja se tece; naslednji prenos po 10. 09. 2026 12:42.
11:22:32     Prevzem koncan: uspesno 0, neuspesno 0, skupaj virov 1.
11:22:33     Prebranih zapisov: 1389; SHA-256: 45be72ee0ed2a2d4ce2be66b7c6bc6e159c33f148269ca109143f1129b83092f
11:22:33     Ta posnetek je ze v bazi; vir=BT_STOCK, podjetje=1, cas posnetka=2026-09-10 07:42:34Z, uporabljenih=1389, v karanteni=0, RunId=bb1f18ae-10d5-4c1e-9991-2967ee4f327f. Zapisano ni bilo nic.
11:22:34     Prebranih zapisov: 1389; SHA-256: 45be72ee0ed2a2d4ce2be66b7c6bc6e159c33f148269ca109143f1129b83092f
11:22:35     Ta posnetek je ze v bazi; vir=BT_STOCK, podjetje=2, cas posnetka=2026-09-10 07:42:34Z, uporabljenih=1389, v karanteni=0, RunId=ed1809c5-7568-40cf-8cce-f070cf6c1b6f. Zapisano ni bilo nic.
11:22:36     Prebranih zapisov: 1389; SHA-256: 45be72ee0ed2a2d4ce2be66b7c6bc6e159c33f148269ca109143f1129b83092f
11:22:36     STOCK_FILE pri podjetju 3: se ni na vrsti po razporedu; preskoceno.
11:22:37     Prebranih zapisov: 1389; SHA-256: 45be72ee0ed2a2d4ce2be66b7c6bc6e159c33f148269ca109143f1129b83092f
11:22:37     STOCK_FILE pri podjetju 4: se ni na vrsti po razporedu; preskoceno.
11:22:37     konec: Zaloga BT_STOCK
11:22:37  == Zaloga iz SAOP (kolicine) ==
11:22:38     [1] SAOP_STOCK: se ni na vrsti po razporedu; preskoceno.
11:22:38     [2] SAOP_STOCK: se ni na vrsti po razporedu; preskoceno.
11:22:38     [3] SAOP_STOCK: se ni na vrsti po razporedu; preskoceno.
11:22:38     [4] SAOP_STOCK: se ni na vrsti po razporedu; preskoceno.
11:22:38     konec: Zaloga iz SAOP (kolicine)
11:22:38  == Izvoz cen in zaloge za splet ==
11:22:40     Izvoz profila MAGENTO_STOCK_PRICES končan: 352 vrstic v C:\Users\david\Desktop\PIM\NoviPIM\izvoz\magento\1
11:22:43     Izvoz profila MAGENTO_STOCK_PRICES končan: 2071 vrstic v C:\Users\david\Desktop\PIM\NoviPIM\izvoz\magento\2
11:22:46     Izvoz profila MAGENTO_STOCK_PRICES končan: 2488 vrstic v C:\Users\david\Desktop\PIM\NoviPIM\izvoz\magento\3
11:22:47     Izvoz profila MAGENTO_STOCK_PRICES končan: 0 vrstic v C:\Users\david\Desktop\PIM\NoviPIM\izvoz\magento\4
11:22:47     konec: Izvoz cen in zaloge za splet
11:22:47  Zalogovni cikel koncan; padlih korakov: 0.
11:27:26  == Zaloga NW_STOCK ==
11:27:27     SOURCE_FETCH: se ni na vrsti po razporedu; preskoceno.
11:27:28     Prebranih zapisov: 2762; SHA-256: c8bced6ab9e84fdab9e0f9a573a254d336c7a485e47ff74445d57c10efe9c2a1
11:27:28     STOCK_FILE pri podjetju 1: se ni na vrsti po razporedu; preskoceno.
11:27:29     Prebranih zapisov: 2762; SHA-256: c8bced6ab9e84fdab9e0f9a573a254d336c7a485e47ff74445d57c10efe9c2a1
11:27:29     STOCK_FILE pri podjetju 2: se ni na vrsti po razporedu; preskoceno.
11:27:30     Prebranih zapisov: 2762; SHA-256: c8bced6ab9e84fdab9e0f9a573a254d336c7a485e47ff74445d57c10efe9c2a1
11:27:30     STOCK_FILE pri podjetju 3: se ni na vrsti po razporedu; preskoceno.
11:27:31     Prebranih zapisov: 2762; SHA-256: c8bced6ab9e84fdab9e0f9a573a254d336c7a485e47ff74445d57c10efe9c2a1
11:27:31     STOCK_FILE pri podjetju 4: se ni na vrsti po razporedu; preskoceno.
11:27:31     konec: Zaloga NW_STOCK
11:27:31  == Zaloga BT_STOCK ==
11:27:32     SOURCE_FETCH: se ni na vrsti po razporedu; preskoceno.
11:27:33     Prebranih zapisov: 1389; SHA-256: 45be72ee0ed2a2d4ce2be66b7c6bc6e159c33f148269ca109143f1129b83092f
11:27:33     STOCK_FILE pri podjetju 1: se ni na vrsti po razporedu; preskoceno.
11:27:34     Prebranih zapisov: 1389; SHA-256: 45be72ee0ed2a2d4ce2be66b7c6bc6e159c33f148269ca109143f1129b83092f
11:27:34     STOCK_FILE pri podjetju 2: se ni na vrsti po razporedu; preskoceno.
11:27:35     Prebranih zapisov: 1389; SHA-256: 45be72ee0ed2a2d4ce2be66b7c6bc6e159c33f148269ca109143f1129b83092f
11:27:35     Ta posnetek je ze v bazi; vir=BT_STOCK, podjetje=3, cas posnetka=2026-09-10 07:42:34Z, uporabljenih=1389, v karanteni=0, RunId=266bbc02-505f-423a-9e2d-647f9701ad5e. Zapisano ni bilo nic.
11:27:36     Prebranih zapisov: 1389; SHA-256: 45be72ee0ed2a2d4ce2be66b7c6bc6e159c33f148269ca109143f1129b83092f
11:27:37     Ta posnetek je ze v bazi; vir=BT_STOCK, podjetje=4, cas posnetka=2026-09-10 07:42:34Z, uporabljenih=1389, v karanteni=0, RunId=f59e7d0d-8246-4c78-8465-3d7a10a9c9bc. Zapisano ni bilo nic.
11:27:37     konec: Zaloga BT_STOCK
11:27:37  == Zaloga iz SAOP (kolicine) ==
11:27:38     [1] SAOP_STOCK: se ni na vrsti po razporedu; preskoceno.
11:27:38     [2] SAOP_STOCK: se ni na vrsti po razporedu; preskoceno.
11:27:38     [3] SAOP_STOCK: se ni na vrsti po razporedu; preskoceno.
11:27:38     [4] SAOP_STOCK: se ni na vrsti po razporedu; preskoceno.
11:27:38     konec: Zaloga iz SAOP (kolicine)
11:27:38  == Izvoz cen in zaloge za splet ==
11:27:39     Izvoz profila MAGENTO_STOCK_PRICES končan: 352 vrstic v C:\Users\david\Desktop\PIM\NoviPIM\izvoz\magento\1
11:27:43     Izvoz profila MAGENTO_STOCK_PRICES končan: 2071 vrstic v C:\Users\david\Desktop\PIM\NoviPIM\izvoz\magento\2
11:27:46     Izvoz profila MAGENTO_STOCK_PRICES končan: 2488 vrstic v C:\Users\david\Desktop\PIM\NoviPIM\izvoz\magento\3
11:27:47     Izvoz profila MAGENTO_STOCK_PRICES končan: 0 vrstic v C:\Users\david\Desktop\PIM\NoviPIM\izvoz\magento\4
11:27:47     konec: Izvoz cen in zaloge za splet
11:27:47  Zalogovni cikel koncan; padlih korakov: 0.
11:32:26  == Zaloga NW_STOCK ==
11:32:27     [NW_STOCK] preskoceno: Razmik dobavitelja se tece; naslednji prenos po 10. 09. 2026 12:57.
11:32:27     Prevzem koncan: uspesno 0, neuspesno 0, skupaj virov 1.
11:32:28     Prebranih zapisov: 2762; SHA-256: c8bced6ab9e84fdab9e0f9a573a254d336c7a485e47ff74445d57c10efe9c2a1
11:32:28     Ta posnetek je ze v bazi; vir=NW_STOCK, podjetje=1, cas posnetka=2026-09-10 08:57:28Z, uporabljenih=2762, v karanteni=0, RunId=68a815eb-a98c-4789-bd34-daf20a901f19. Zapisano ni bilo nic.
11:32:29     Prebranih zapisov: 2762; SHA-256: c8bced6ab9e84fdab9e0f9a573a254d336c7a485e47ff74445d57c10efe9c2a1
11:32:30     Ta posnetek je ze v bazi; vir=NW_STOCK, podjetje=2, cas posnetka=2026-09-10 08:57:28Z, uporabljenih=2762, v karanteni=0, RunId=4eb6de44-2c22-42fb-bf98-f85027e30ac6. Zapisano ni bilo nic.
11:32:30     Prebranih zapisov: 2762; SHA-256: c8bced6ab9e84fdab9e0f9a573a254d336c7a485e47ff74445d57c10efe9c2a1
11:32:30     STOCK_FILE pri podjetju 3: se ni na vrsti po razporedu; preskoceno.
11:32:31     Prebranih zapisov: 2762; SHA-256: c8bced6ab9e84fdab9e0f9a573a254d336c7a485e47ff74445d57c10efe9c2a1
11:32:31     STOCK_FILE pri podjetju 4: se ni na vrsti po razporedu; preskoceno.
11:32:31     konec: Zaloga NW_STOCK
11:32:31  == Zaloga BT_STOCK ==
11:32:32     SOURCE_FETCH: se ni na vrsti po razporedu; preskoceno.
11:32:33     Prebranih zapisov: 1389; SHA-256: 45be72ee0ed2a2d4ce2be66b7c6bc6e159c33f148269ca109143f1129b83092f
11:32:33     STOCK_FILE pri podjetju 1: se ni na vrsti po razporedu; preskoceno.
11:32:34     Prebranih zapisov: 1389; SHA-256: 45be72ee0ed2a2d4ce2be66b7c6bc6e159c33f148269ca109143f1129b83092f
11:32:34     STOCK_FILE pri podjetju 2: se ni na vrsti po razporedu; preskoceno.
11:32:35     Prebranih zapisov: 1389; SHA-256: 45be72ee0ed2a2d4ce2be66b7c6bc6e159c33f148269ca109143f1129b83092f
11:32:36     Ta posnetek je ze v bazi; vir=BT_STOCK, podjetje=3, cas posnetka=2026-09-10 07:42:34Z, uporabljenih=1389, v karanteni=0, RunId=266bbc02-505f-423a-9e2d-647f9701ad5e. Zapisano ni bilo nic.
11:32:36     Prebranih zapisov: 1389; SHA-256: 45be72ee0ed2a2d4ce2be66b7c6bc6e159c33f148269ca109143f1129b83092f
11:32:37     Ta posnetek je ze v bazi; vir=BT_STOCK, podjetje=4, cas posnetka=2026-09-10 07:42:34Z, uporabljenih=1389, v karanteni=0, RunId=f59e7d0d-8246-4c78-8465-3d7a10a9c9bc. Zapisano ni bilo nic.
11:32:37     konec: Zaloga BT_STOCK
11:32:37  == Zaloga iz SAOP (kolicine) ==
11:32:38     [1] SAOP_STOCK: se ni na vrsti po razporedu; preskoceno.
11:32:38     [2] SAOP_STOCK: se ni na vrsti po razporedu; preskoceno.
11:32:38     [3] SAOP_STOCK: se ni na vrsti po razporedu; preskoceno.
11:32:38     [4] SAOP_STOCK: se ni na vrsti po razporedu; preskoceno.
11:32:38     konec: Zaloga iz SAOP (kolicine)
11:32:38  == Izvoz cen in zaloge za splet ==
11:32:40     Izvoz profila MAGENTO_STOCK_PRICES končan: 352 vrstic v C:\Users\david\Desktop\PIM\NoviPIM\izvoz\magento\1
11:32:43     Izvoz profila MAGENTO_STOCK_PRICES končan: 2071 vrstic v C:\Users\david\Desktop\PIM\NoviPIM\izvoz\magento\2
11:32:46     Izvoz profila MAGENTO_STOCK_PRICES končan: 2488 vrstic v C:\Users\david\Desktop\PIM\NoviPIM\izvoz\magento\3
11:32:47     Izvoz profila MAGENTO_STOCK_PRICES končan: 0 vrstic v C:\Users\david\Desktop\PIM\NoviPIM\izvoz\magento\4
11:32:47     konec: Izvoz cen in zaloge za splet
11:32:47  Zalogovni cikel koncan; padlih korakov: 0.
11:37:26  == Zaloga NW_STOCK ==
11:37:27     SOURCE_FETCH: se ni na vrsti po razporedu; preskoceno.
11:37:28     Prebranih zapisov: 2762; SHA-256: c8bced6ab9e84fdab9e0f9a573a254d336c7a485e47ff74445d57c10efe9c2a1
11:37:28     STOCK_FILE pri podjetju 1: se ni na vrsti po razporedu; preskoceno.
11:37:29     Prebranih zapisov: 2762; SHA-256: c8bced6ab9e84fdab9e0f9a573a254d336c7a485e47ff74445d57c10efe9c2a1
11:37:29     STOCK_FILE pri podjetju 2: se ni na vrsti po razporedu; preskoceno.
11:37:30     Prebranih zapisov: 2762; SHA-256: c8bced6ab9e84fdab9e0f9a573a254d336c7a485e47ff74445d57c10efe9c2a1
11:37:30     STOCK_FILE pri podjetju 3: se ni na vrsti po razporedu; preskoceno.
11:37:31     Prebranih zapisov: 2762; SHA-256: c8bced6ab9e84fdab9e0f9a573a254d336c7a485e47ff74445d57c10efe9c2a1
11:37:31     STOCK_FILE pri podjetju 4: se ni na vrsti po razporedu; preskoceno.
11:37:31     konec: Zaloga NW_STOCK
11:37:31  == Zaloga BT_STOCK ==
11:37:32     [BT_STOCK] preskoceno: Razmik dobavitelja se tece; naslednji prenos po 10. 09. 2026 12:42.
11:37:32     Prevzem koncan: uspesno 0, neuspesno 0, skupaj virov 1.
11:37:33     Prebranih zapisov: 1389; SHA-256: 45be72ee0ed2a2d4ce2be66b7c6bc6e159c33f148269ca109143f1129b83092f
11:37:33     Ta posnetek je ze v bazi; vir=BT_STOCK, podjetje=1, cas posnetka=2026-09-10 07:42:34Z, uporabljenih=1389, v karanteni=0, RunId=bb1f18ae-10d5-4c1e-9991-2967ee4f327f. Zapisano ni bilo nic.
11:37:34     Prebranih zapisov: 1389; SHA-256: 45be72ee0ed2a2d4ce2be66b7c6bc6e159c33f148269ca109143f1129b83092f
11:37:34     Ta posnetek je ze v bazi; vir=BT_STOCK, podjetje=2, cas posnetka=2026-09-10 07:42:34Z, uporabljenih=1389, v karanteni=0, RunId=ed1809c5-7568-40cf-8cce-f070cf6c1b6f. Zapisano ni bilo nic.
11:37:35     Prebranih zapisov: 1389; SHA-256: 45be72ee0ed2a2d4ce2be66b7c6bc6e159c33f148269ca109143f1129b83092f
11:37:35     STOCK_FILE pri podjetju 3: se ni na vrsti po razporedu; preskoceno.
11:37:36     Prebranih zapisov: 1389; SHA-256: 45be72ee0ed2a2d4ce2be66b7c6bc6e159c33f148269ca109143f1129b83092f
11:37:37     STOCK_FILE pri podjetju 4: se ni na vrsti po razporedu; preskoceno.
11:37:37     konec: Zaloga BT_STOCK
11:37:37  == Zaloga iz SAOP (kolicine) ==
11:37:38     [1] SAOP_STOCK: se ni na vrsti po razporedu; preskoceno.
11:37:38     [2] SAOP_STOCK: se ni na vrsti po razporedu; preskoceno.
11:37:38     [3] SAOP_STOCK: se ni na vrsti po razporedu; preskoceno.
11:37:38     [4] SAOP_STOCK: se ni na vrsti po razporedu; preskoceno.
11:37:38     konec: Zaloga iz SAOP (kolicine)
11:37:38  == Izvoz cen in zaloge za splet ==
11:37:39     Izvoz profila MAGENTO_STOCK_PRICES končan: 352 vrstic v C:\Users\david\Desktop\PIM\NoviPIM\izvoz\magento\1
11:37:43     Izvoz profila MAGENTO_STOCK_PRICES končan: 2071 vrstic v C:\Users\david\Desktop\PIM\NoviPIM\izvoz\magento\2
11:37:46     Izvoz profila MAGENTO_STOCK_PRICES končan: 2488 vrstic v C:\Users\david\Desktop\PIM\NoviPIM\izvoz\magento\3
11:37:47     Izvoz profila MAGENTO_STOCK_PRICES končan: 0 vrstic v C:\Users\david\Desktop\PIM\NoviPIM\izvoz\magento\4
11:37:47     konec: Izvoz cen in zaloge za splet
11:37:47  Zalogovni cikel koncan; padlih korakov: 0.
11:42:26  == Zaloga NW_STOCK ==
11:42:27     SOURCE_FETCH: se ni na vrsti po razporedu; preskoceno.
11:42:28     Prebranih zapisov: 2762; SHA-256: c8bced6ab9e84fdab9e0f9a573a254d336c7a485e47ff74445d57c10efe9c2a1
11:42:28     STOCK_FILE pri podjetju 1: se ni na vrsti po razporedu; preskoceno.
11:42:29     Prebranih zapisov: 2762; SHA-256: c8bced6ab9e84fdab9e0f9a573a254d336c7a485e47ff74445d57c10efe9c2a1
11:42:29     STOCK_FILE pri podjetju 2: se ni na vrsti po razporedu; preskoceno.
11:42:30     Prebranih zapisov: 2762; SHA-256: c8bced6ab9e84fdab9e0f9a573a254d336c7a485e47ff74445d57c10efe9c2a1
11:42:30     Ta posnetek je ze v bazi; vir=NW_STOCK, podjetje=3, cas posnetka=2026-09-10 08:57:28Z, uporabljenih=2762, v karanteni=0, RunId=65b92f01-fe86-4f0e-864c-9f496a38fee2. Zapisano ni bilo nic.
11:42:31     Prebranih zapisov: 2762; SHA-256: c8bced6ab9e84fdab9e0f9a573a254d336c7a485e47ff74445d57c10efe9c2a1
11:42:31     Ta posnetek je ze v bazi; vir=NW_STOCK, podjetje=4, cas posnetka=2026-09-10 08:57:28Z, uporabljenih=2762, v karanteni=0, RunId=fee86cd5-69b9-4409-8629-f60514b0611f. Zapisano ni bilo nic.
11:42:31     konec: Zaloga NW_STOCK
11:42:31  == Zaloga BT_STOCK ==
11:42:32     [BT_STOCK] preskoceno: Razmik dobavitelja se tece; naslednji prenos po 10. 09. 2026 12:42.
11:42:32     Prevzem koncan: uspesno 0, neuspesno 0, skupaj virov 1.
11:42:33     Prebranih zapisov: 1389; SHA-256: 45be72ee0ed2a2d4ce2be66b7c6bc6e159c33f148269ca109143f1129b83092f
11:42:33     Ta posnetek je ze v bazi; vir=BT_STOCK, podjetje=1, cas posnetka=2026-09-10 07:42:34Z, uporabljenih=1389, v karanteni=0, RunId=bb1f18ae-10d5-4c1e-9991-2967ee4f327f. Zapisano ni bilo nic.
11:42:34     Prebranih zapisov: 1389; SHA-256: 45be72ee0ed2a2d4ce2be66b7c6bc6e159c33f148269ca109143f1129b83092f
11:42:35     Ta posnetek je ze v bazi; vir=BT_STOCK, podjetje=2, cas posnetka=2026-09-10 07:42:34Z, uporabljenih=1389, v karanteni=0, RunId=ed1809c5-7568-40cf-8cce-f070cf6c1b6f. Zapisano ni bilo nic.
11:42:36     Prebranih zapisov: 1389; SHA-256: 45be72ee0ed2a2d4ce2be66b7c6bc6e159c33f148269ca109143f1129b83092f
11:42:36     STOCK_FILE pri podjetju 3: se ni na vrsti po razporedu; preskoceno.
11:42:37     Prebranih zapisov: 1389; SHA-256: 45be72ee0ed2a2d4ce2be66b7c6bc6e159c33f148269ca109143f1129b83092f
11:42:37     STOCK_FILE pri podjetju 4: se ni na vrsti po razporedu; preskoceno.
11:42:37     konec: Zaloga BT_STOCK
11:42:37  == Zaloga iz SAOP (kolicine) ==
11:42:38     [1] SAOP_STOCK: se ni na vrsti po razporedu; preskoceno.
11:42:38     [2] SAOP_STOCK: se ni na vrsti po razporedu; preskoceno.
11:42:38     [3] SAOP_STOCK: se ni na vrsti po razporedu; preskoceno.
11:42:38     [4] SAOP_STOCK: se ni na vrsti po razporedu; preskoceno.
11:42:38     konec: Zaloga iz SAOP (kolicine)
11:42:38  == Izvoz cen in zaloge za splet ==
11:42:40     Izvoz profila MAGENTO_STOCK_PRICES končan: 352 vrstic v C:\Users\david\Desktop\PIM\NoviPIM\izvoz\magento\1
11:42:43     Izvoz profila MAGENTO_STOCK_PRICES končan: 2071 vrstic v C:\Users\david\Desktop\PIM\NoviPIM\izvoz\magento\2
11:42:46     Izvoz profila MAGENTO_STOCK_PRICES končan: 2488 vrstic v C:\Users\david\Desktop\PIM\NoviPIM\izvoz\magento\3
11:42:47     Izvoz profila MAGENTO_STOCK_PRICES končan: 0 vrstic v C:\Users\david\Desktop\PIM\NoviPIM\izvoz\magento\4
11:42:47     konec: Izvoz cen in zaloge za splet
11:42:47  Zalogovni cikel koncan; padlih korakov: 0.
11:47:26  == Zaloga NW_STOCK ==
11:47:27     SOURCE_FETCH: se ni na vrsti po razporedu; preskoceno.
11:47:28     Prebranih zapisov: 2762; SHA-256: c8bced6ab9e84fdab9e0f9a573a254d336c7a485e47ff74445d57c10efe9c2a1
11:47:28     STOCK_FILE pri podjetju 1: se ni na vrsti po razporedu; preskoceno.
11:47:29     Prebranih zapisov: 2762; SHA-256: c8bced6ab9e84fdab9e0f9a573a254d336c7a485e47ff74445d57c10efe9c2a1
11:47:29     STOCK_FILE pri podjetju 2: se ni na vrsti po razporedu; preskoceno.
11:47:30     Prebranih zapisov: 2762; SHA-256: c8bced6ab9e84fdab9e0f9a573a254d336c7a485e47ff74445d57c10efe9c2a1
11:47:30     STOCK_FILE pri podjetju 3: se ni na vrsti po razporedu; preskoceno.
11:47:31     Prebranih zapisov: 2762; SHA-256: c8bced6ab9e84fdab9e0f9a573a254d336c7a485e47ff74445d57c10efe9c2a1
11:47:31     STOCK_FILE pri podjetju 4: se ni na vrsti po razporedu; preskoceno.
11:47:31     konec: Zaloga NW_STOCK
11:47:31  == Zaloga BT_STOCK ==
11:47:32     SOURCE_FETCH: se ni na vrsti po razporedu; preskoceno.
11:47:33     Prebranih zapisov: 1389; SHA-256: 45be72ee0ed2a2d4ce2be66b7c6bc6e159c33f148269ca109143f1129b83092f
11:47:33     STOCK_FILE pri podjetju 1: se ni na vrsti po razporedu; preskoceno.
11:47:34     Prebranih zapisov: 1389; SHA-256: 45be72ee0ed2a2d4ce2be66b7c6bc6e159c33f148269ca109143f1129b83092f
11:47:34     STOCK_FILE pri podjetju 2: se ni na vrsti po razporedu; preskoceno.
11:47:35     Prebranih zapisov: 1389; SHA-256: 45be72ee0ed2a2d4ce2be66b7c6bc6e159c33f148269ca109143f1129b83092f
11:47:35     Ta posnetek je ze v bazi; vir=BT_STOCK, podjetje=3, cas posnetka=2026-09-10 07:42:34Z, uporabljenih=1389, v karanteni=0, RunId=266bbc02-505f-423a-9e2d-647f9701ad5e. Zapisano ni bilo nic.
11:47:36     Prebranih zapisov: 1389; SHA-256: 45be72ee0ed2a2d4ce2be66b7c6bc6e159c33f148269ca109143f1129b83092f
11:47:37     Ta posnetek je ze v bazi; vir=BT_STOCK, podjetje=4, cas posnetka=2026-09-10 07:42:34Z, uporabljenih=1389, v karanteni=0, RunId=f59e7d0d-8246-4c78-8465-3d7a10a9c9bc. Zapisano ni bilo nic.
11:47:37     konec: Zaloga BT_STOCK
11:47:37  == Zaloga iz SAOP (kolicine) ==
11:47:59     STDERR: [1] NAPAKA: A connection attempt failed because the connected party did not properly respond after a period of time, or established connection failed because connected host has failed to respond. (192.168.178.12:81)
11:48:20     STDERR: [2] NAPAKA: A connection attempt failed because the connected party did not properly respond after a period of time, or established connection failed because connected host has failed to respond. (192.168.178.12:81)
11:48:41     STDERR: [3] NAPAKA: A connection attempt failed because the connected party did not properly respond after a period of time, or established connection failed because connected host has failed to respond. (192.168.178.12:81)
11:49:02     STDERR: [4] NAPAKA: A connection attempt failed because the connected party did not properly respond after a period of time, or established connection failed because connected host has failed to respond. (192.168.178.12:81)
11:49:02     NAPAKA: worker workers\PIM.SaopStockWorker je koncal z izhodno kodo 1
11:49:02  == Izvoz cen in zaloge za splet ==
11:49:04     Izvoz profila MAGENTO_STOCK_PRICES končan: 352 vrstic v C:\Users\david\Desktop\PIM\NoviPIM\izvoz\magento\1
11:49:07     Izvoz profila MAGENTO_STOCK_PRICES končan: 2071 vrstic v C:\Users\david\Desktop\PIM\NoviPIM\izvoz\magento\2
11:49:10     Izvoz profila MAGENTO_STOCK_PRICES končan: 2488 vrstic v C:\Users\david\Desktop\PIM\NoviPIM\izvoz\magento\3
11:49:11     Izvoz profila MAGENTO_STOCK_PRICES končan: 0 vrstic v C:\Users\david\Desktop\PIM\NoviPIM\izvoz\magento\4
11:49:11     konec: Izvoz cen in zaloge za splet
11:49:11  Zalogovni cikel koncan; padlih korakov: 1.
11:52:26  == Zaloga NW_STOCK ==
11:52:27     [NW_STOCK] preskoceno: Razmik dobavitelja se tece; naslednji prenos po 10. 09. 2026 12:57.
11:52:27     Prevzem koncan: uspesno 0, neuspesno 0, skupaj virov 1.
11:52:28     Prebranih zapisov: 2762; SHA-256: c8bced6ab9e84fdab9e0f9a573a254d336c7a485e47ff74445d57c10efe9c2a1
11:52:29     Ta posnetek je ze v bazi; vir=NW_STOCK, podjetje=1, cas posnetka=2026-09-10 08:57:28Z, uporabljenih=2762, v karanteni=0, RunId=68a815eb-a98c-4789-bd34-daf20a901f19. Zapisano ni bilo nic.
11:52:29     Prebranih zapisov: 2762; SHA-256: c8bced6ab9e84fdab9e0f9a573a254d336c7a485e47ff74445d57c10efe9c2a1
11:52:30     Ta posnetek je ze v bazi; vir=NW_STOCK, podjetje=2, cas posnetka=2026-09-10 08:57:28Z, uporabljenih=2762, v karanteni=0, RunId=4eb6de44-2c22-42fb-bf98-f85027e30ac6. Zapisano ni bilo nic.
11:52:30     Prebranih zapisov: 2762; SHA-256: c8bced6ab9e84fdab9e0f9a573a254d336c7a485e47ff74445d57c10efe9c2a1
11:52:31     STOCK_FILE pri podjetju 3: se ni na vrsti po razporedu; preskoceno.
11:52:31     Prebranih zapisov: 2762; SHA-256: c8bced6ab9e84fdab9e0f9a573a254d336c7a485e47ff74445d57c10efe9c2a1
11:52:32     STOCK_FILE pri podjetju 4: se ni na vrsti po razporedu; preskoceno.
11:52:32     konec: Zaloga NW_STOCK
11:52:32  == Zaloga BT_STOCK ==
11:52:33     SOURCE_FETCH: se ni na vrsti po razporedu; preskoceno.
11:52:33     Prebranih zapisov: 1389; SHA-256: 45be72ee0ed2a2d4ce2be66b7c6bc6e159c33f148269ca109143f1129b83092f
11:52:34     STOCK_FILE pri podjetju 1: se ni na vrsti po razporedu; preskoceno.
11:52:34     Prebranih zapisov: 1389; SHA-256: 45be72ee0ed2a2d4ce2be66b7c6bc6e159c33f148269ca109143f1129b83092f
11:52:35     STOCK_FILE pri podjetju 2: se ni na vrsti po razporedu; preskoceno.
11:52:35     Prebranih zapisov: 1389; SHA-256: 45be72ee0ed2a2d4ce2be66b7c6bc6e159c33f148269ca109143f1129b83092f
11:52:36     Ta posnetek je ze v bazi; vir=BT_STOCK, podjetje=3, cas posnetka=2026-09-10 07:42:34Z, uporabljenih=1389, v karanteni=0, RunId=266bbc02-505f-423a-9e2d-647f9701ad5e. Zapisano ni bilo nic.
11:52:36     Prebranih zapisov: 1389; SHA-256: 45be72ee0ed2a2d4ce2be66b7c6bc6e159c33f148269ca109143f1129b83092f
11:52:37     Ta posnetek je ze v bazi; vir=BT_STOCK, podjetje=4, cas posnetka=2026-09-10 07:42:34Z, uporabljenih=1389, v karanteni=0, RunId=f59e7d0d-8246-4c78-8465-3d7a10a9c9bc. Zapisano ni bilo nic.
11:52:37     konec: Zaloga BT_STOCK
11:52:37  == Zaloga iz SAOP (kolicine) ==
11:52:38     [1] SAOP_STOCK: se ni na vrsti po razporedu; preskoceno.
11:52:38     [2] SAOP_STOCK: se ni na vrsti po razporedu; preskoceno.
11:52:38     [3] SAOP_STOCK: se ni na vrsti po razporedu; preskoceno.
11:52:38     [4] SAOP_STOCK: se ni na vrsti po razporedu; preskoceno.
11:52:38     konec: Zaloga iz SAOP (kolicine)
11:52:38  == Izvoz cen in zaloge za splet ==
11:52:39     Izvoz profila MAGENTO_STOCK_PRICES končan: 352 vrstic v C:\Users\david\Desktop\PIM\NoviPIM\izvoz\magento\1
11:52:43     Izvoz profila MAGENTO_STOCK_PRICES končan: 2071 vrstic v C:\Users\david\Desktop\PIM\NoviPIM\izvoz\magento\2
11:52:46     Izvoz profila MAGENTO_STOCK_PRICES končan: 2488 vrstic v C:\Users\david\Desktop\PIM\NoviPIM\izvoz\magento\3
11:52:47     Izvoz profila MAGENTO_STOCK_PRICES končan: 0 vrstic v C:\Users\david\Desktop\PIM\NoviPIM\izvoz\magento\4
11:52:47     konec: Izvoz cen in zaloge za splet
11:52:47  Zalogovni cikel koncan; padlih korakov: 0.
11:57:26  == Zaloga NW_STOCK ==
11:57:27     SOURCE_FETCH: se ni na vrsti po razporedu; preskoceno.
11:57:28     Prebranih zapisov: 2762; SHA-256: c8bced6ab9e84fdab9e0f9a573a254d336c7a485e47ff74445d57c10efe9c2a1
11:57:28     STOCK_FILE pri podjetju 1: se ni na vrsti po razporedu; preskoceno.
11:57:29     Prebranih zapisov: 2762; SHA-256: c8bced6ab9e84fdab9e0f9a573a254d336c7a485e47ff74445d57c10efe9c2a1
11:57:29     STOCK_FILE pri podjetju 2: se ni na vrsti po razporedu; preskoceno.
11:57:30     Prebranih zapisov: 2762; SHA-256: c8bced6ab9e84fdab9e0f9a573a254d336c7a485e47ff74445d57c10efe9c2a1
11:57:30     STOCK_FILE pri podjetju 3: se ni na vrsti po razporedu; preskoceno.
11:57:31     Prebranih zapisov: 2762; SHA-256: c8bced6ab9e84fdab9e0f9a573a254d336c7a485e47ff74445d57c10efe9c2a1
11:57:31     STOCK_FILE pri podjetju 4: se ni na vrsti po razporedu; preskoceno.
11:57:31     konec: Zaloga NW_STOCK
11:57:31  == Zaloga BT_STOCK ==
11:57:32     [BT_STOCK] preskoceno: Razmik dobavitelja se tece; naslednji prenos po 10. 09. 2026 12:42.
11:57:32     Prevzem koncan: uspesno 0, neuspesno 0, skupaj virov 1.
11:57:33     Prebranih zapisov: 1389; SHA-256: 45be72ee0ed2a2d4ce2be66b7c6bc6e159c33f148269ca109143f1129b83092f
11:57:33     Ta posnetek je ze v bazi; vir=BT_STOCK, podjetje=1, cas posnetka=2026-09-10 07:42:34Z, uporabljenih=1389, v karanteni=0, RunId=bb1f18ae-10d5-4c1e-9991-2967ee4f327f. Zapisano ni bilo nic.
11:57:34     Prebranih zapisov: 1389; SHA-256: 45be72ee0ed2a2d4ce2be66b7c6bc6e159c33f148269ca109143f1129b83092f
11:57:34     Ta posnetek je ze v bazi; vir=BT_STOCK, podjetje=2, cas posnetka=2026-09-10 07:42:34Z, uporabljenih=1389, v karanteni=0, RunId=ed1809c5-7568-40cf-8cce-f070cf6c1b6f. Zapisano ni bilo nic.
11:57:35     Prebranih zapisov: 1389; SHA-256: 45be72ee0ed2a2d4ce2be66b7c6bc6e159c33f148269ca109143f1129b83092f
11:57:35     STOCK_FILE pri podjetju 3: se ni na vrsti po razporedu; preskoceno.
11:57:36     Prebranih zapisov: 1389; SHA-256: 45be72ee0ed2a2d4ce2be66b7c6bc6e159c33f148269ca109143f1129b83092f
11:57:36     STOCK_FILE pri podjetju 4: se ni na vrsti po razporedu; preskoceno.
11:57:36     konec: Zaloga BT_STOCK
11:57:36  == Zaloga iz SAOP (kolicine) ==
11:57:37     [1] SAOP_STOCK: se ni na vrsti po razporedu; preskoceno.
11:57:37     [2] SAOP_STOCK: se ni na vrsti po razporedu; preskoceno.
11:57:37     [3] SAOP_STOCK: se ni na vrsti po razporedu; preskoceno.
11:57:37     [4] SAOP_STOCK: se ni na vrsti po razporedu; preskoceno.
11:57:37     konec: Zaloga iz SAOP (kolicine)
11:57:37  == Izvoz cen in zaloge za splet ==
11:57:39     Izvoz profila MAGENTO_STOCK_PRICES končan: 352 vrstic v C:\Users\david\Desktop\PIM\NoviPIM\izvoz\magento\1
11:57:42     Izvoz profila MAGENTO_STOCK_PRICES končan: 2071 vrstic v C:\Users\david\Desktop\PIM\NoviPIM\izvoz\magento\2
11:57:46     Izvoz profila MAGENTO_STOCK_PRICES končan: 2488 vrstic v C:\Users\david\Desktop\PIM\NoviPIM\izvoz\magento\3
11:57:47     Izvoz profila MAGENTO_STOCK_PRICES končan: 0 vrstic v C:\Users\david\Desktop\PIM\NoviPIM\izvoz\magento\4
11:57:47     konec: Izvoz cen in zaloge za splet
11:57:47  Zalogovni cikel koncan; padlih korakov: 0.
12:02:26  == Zaloga NW_STOCK ==
12:02:27     SOURCE_FETCH: se ni na vrsti po razporedu; preskoceno.
12:02:28     Prebranih zapisov: 2762; SHA-256: c8bced6ab9e84fdab9e0f9a573a254d336c7a485e47ff74445d57c10efe9c2a1
12:02:28     STOCK_FILE pri podjetju 1: se ni na vrsti po razporedu; preskoceno.
12:02:29     Prebranih zapisov: 2762; SHA-256: c8bced6ab9e84fdab9e0f9a573a254d336c7a485e47ff74445d57c10efe9c2a1
12:02:29     STOCK_FILE pri podjetju 2: se ni na vrsti po razporedu; preskoceno.
12:02:30     Prebranih zapisov: 2762; SHA-256: c8bced6ab9e84fdab9e0f9a573a254d336c7a485e47ff74445d57c10efe9c2a1
12:02:30     Ta posnetek je ze v bazi; vir=NW_STOCK, podjetje=3, cas posnetka=2026-09-10 08:57:28Z, uporabljenih=2762, v karanteni=0, RunId=65b92f01-fe86-4f0e-864c-9f496a38fee2. Zapisano ni bilo nic.
12:02:31     Prebranih zapisov: 2762; SHA-256: c8bced6ab9e84fdab9e0f9a573a254d336c7a485e47ff74445d57c10efe9c2a1
12:02:32     Ta posnetek je ze v bazi; vir=NW_STOCK, podjetje=4, cas posnetka=2026-09-10 08:57:28Z, uporabljenih=2762, v karanteni=0, RunId=fee86cd5-69b9-4409-8629-f60514b0611f. Zapisano ni bilo nic.
12:02:32     konec: Zaloga NW_STOCK
12:02:32  == Zaloga BT_STOCK ==
12:02:32     [BT_STOCK] preskoceno: Razmik dobavitelja se tece; naslednji prenos po 10. 09. 2026 12:42.
12:02:32     Prevzem koncan: uspesno 0, neuspesno 0, skupaj virov 1.
12:02:33     Prebranih zapisov: 1389; SHA-256: 45be72ee0ed2a2d4ce2be66b7c6bc6e159c33f148269ca109143f1129b83092f
12:02:34     Ta posnetek je ze v bazi; vir=BT_STOCK, podjetje=1, cas posnetka=2026-09-10 07:42:34Z, uporabljenih=1389, v karanteni=0, RunId=bb1f18ae-10d5-4c1e-9991-2967ee4f327f. Zapisano ni bilo nic.
12:02:34     Prebranih zapisov: 1389; SHA-256: 45be72ee0ed2a2d4ce2be66b7c6bc6e159c33f148269ca109143f1129b83092f
12:02:35     Ta posnetek je ze v bazi; vir=BT_STOCK, podjetje=2, cas posnetka=2026-09-10 07:42:34Z, uporabljenih=1389, v karanteni=0, RunId=ed1809c5-7568-40cf-8cce-f070cf6c1b6f. Zapisano ni bilo nic.
12:02:35     Prebranih zapisov: 1389; SHA-256: 45be72ee0ed2a2d4ce2be66b7c6bc6e159c33f148269ca109143f1129b83092f
12:02:36     STOCK_FILE pri podjetju 3: se ni na vrsti po razporedu; preskoceno.
12:02:36     Prebranih zapisov: 1389; SHA-256: 45be72ee0ed2a2d4ce2be66b7c6bc6e159c33f148269ca109143f1129b83092f
12:02:37     STOCK_FILE pri podjetju 4: se ni na vrsti po razporedu; preskoceno.
12:02:37     konec: Zaloga BT_STOCK
12:02:37  == Zaloga iz SAOP (kolicine) ==
12:02:38     [1] SAOP_STOCK: se ni na vrsti po razporedu; preskoceno.
12:02:38     [2] SAOP_STOCK: se ni na vrsti po razporedu; preskoceno.
12:02:38     [3] SAOP_STOCK: se ni na vrsti po razporedu; preskoceno.
12:02:38     [4] SAOP_STOCK: se ni na vrsti po razporedu; preskoceno.
12:02:38     konec: Zaloga iz SAOP (kolicine)
12:02:38  == Izvoz cen in zaloge za splet ==
12:02:39     Izvoz profila MAGENTO_STOCK_PRICES končan: 352 vrstic v C:\Users\david\Desktop\PIM\NoviPIM\izvoz\magento\1
12:02:43     Izvoz profila MAGENTO_STOCK_PRICES končan: 2071 vrstic v C:\Users\david\Desktop\PIM\NoviPIM\izvoz\magento\2
12:02:46     Izvoz profila MAGENTO_STOCK_PRICES končan: 2488 vrstic v C:\Users\david\Desktop\PIM\NoviPIM\izvoz\magento\3
12:02:47     Izvoz profila MAGENTO_STOCK_PRICES končan: 0 vrstic v C:\Users\david\Desktop\PIM\NoviPIM\izvoz\magento\4
12:02:47     konec: Izvoz cen in zaloge za splet
12:02:47  Zalogovni cikel koncan; padlih korakov: 0.
12:07:26  == Zaloga NW_STOCK ==
12:07:27     SOURCE_FETCH: se ni na vrsti po razporedu; preskoceno.
12:07:28     Prebranih zapisov: 2762; SHA-256: c8bced6ab9e84fdab9e0f9a573a254d336c7a485e47ff74445d57c10efe9c2a1
12:07:28     STOCK_FILE pri podjetju 1: se ni na vrsti po razporedu; preskoceno.
12:07:29     Prebranih zapisov: 2762; SHA-256: c8bced6ab9e84fdab9e0f9a573a254d336c7a485e47ff74445d57c10efe9c2a1
12:07:29     STOCK_FILE pri podjetju 2: se ni na vrsti po razporedu; preskoceno.
12:07:30     Prebranih zapisov: 2762; SHA-256: c8bced6ab9e84fdab9e0f9a573a254d336c7a485e47ff74445d57c10efe9c2a1
12:07:30     STOCK_FILE pri podjetju 3: se ni na vrsti po razporedu; preskoceno.
12:07:31     Prebranih zapisov: 2762; SHA-256: c8bced6ab9e84fdab9e0f9a573a254d336c7a485e47ff74445d57c10efe9c2a1
12:07:31     STOCK_FILE pri podjetju 4: se ni na vrsti po razporedu; preskoceno.
12:07:31     konec: Zaloga NW_STOCK
12:07:31  == Zaloga BT_STOCK ==
12:07:32     SOURCE_FETCH: se ni na vrsti po razporedu; preskoceno.
12:07:33     Prebranih zapisov: 1389; SHA-256: 45be72ee0ed2a2d4ce2be66b7c6bc6e159c33f148269ca109143f1129b83092f
12:07:33     STOCK_FILE pri podjetju 1: se ni na vrsti po razporedu; preskoceno.
12:07:34     Prebranih zapisov: 1389; SHA-256: 45be72ee0ed2a2d4ce2be66b7c6bc6e159c33f148269ca109143f1129b83092f
12:07:34     STOCK_FILE pri podjetju 2: se ni na vrsti po razporedu; preskoceno.
12:07:35     Prebranih zapisov: 1389; SHA-256: 45be72ee0ed2a2d4ce2be66b7c6bc6e159c33f148269ca109143f1129b83092f
12:07:35     Ta posnetek je ze v bazi; vir=BT_STOCK, podjetje=3, cas posnetka=2026-09-10 07:42:34Z, uporabljenih=1389, v karanteni=0, RunId=266bbc02-505f-423a-9e2d-647f9701ad5e. Zapisano ni bilo nic.
12:07:36     Prebranih zapisov: 1389; SHA-256: 45be72ee0ed2a2d4ce2be66b7c6bc6e159c33f148269ca109143f1129b83092f
12:07:36     Ta posnetek je ze v bazi; vir=BT_STOCK, podjetje=4, cas posnetka=2026-09-10 07:42:34Z, uporabljenih=1389, v karanteni=0, RunId=f59e7d0d-8246-4c78-8465-3d7a10a9c9bc. Zapisano ni bilo nic.
12:07:36     konec: Zaloga BT_STOCK
12:07:36  == Zaloga iz SAOP (kolicine) ==
12:07:37     [1] SAOP_STOCK: se ni na vrsti po razporedu; preskoceno.
12:07:37     [2] SAOP_STOCK: se ni na vrsti po razporedu; preskoceno.
12:07:37     [3] SAOP_STOCK: se ni na vrsti po razporedu; preskoceno.
12:07:37     [4] SAOP_STOCK: se ni na vrsti po razporedu; preskoceno.
12:07:37     konec: Zaloga iz SAOP (kolicine)
12:07:37  == Izvoz cen in zaloge za splet ==
12:07:39     Izvoz profila MAGENTO_STOCK_PRICES končan: 352 vrstic v C:\Users\david\Desktop\PIM\NoviPIM\izvoz\magento\1
12:07:42     Izvoz profila MAGENTO_STOCK_PRICES končan: 2071 vrstic v C:\Users\david\Desktop\PIM\NoviPIM\izvoz\magento\2
12:07:46     Izvoz profila MAGENTO_STOCK_PRICES končan: 2488 vrstic v C:\Users\david\Desktop\PIM\NoviPIM\izvoz\magento\3
12:07:47     Izvoz profila MAGENTO_STOCK_PRICES končan: 0 vrstic v C:\Users\david\Desktop\PIM\NoviPIM\izvoz\magento\4
12:07:47     konec: Izvoz cen in zaloge za splet
12:07:47  Zalogovni cikel koncan; padlih korakov: 0.
12:12:26  == Zaloga NW_STOCK ==
12:12:27     [NW_STOCK] preskoceno: Razmik dobavitelja se tece; naslednji prenos po 10. 09. 2026 12:57.
12:12:27     Prevzem koncan: uspesno 0, neuspesno 0, skupaj virov 1.
12:12:28     Prebranih zapisov: 2762; SHA-256: c8bced6ab9e84fdab9e0f9a573a254d336c7a485e47ff74445d57c10efe9c2a1
12:12:29     Ta posnetek je ze v bazi; vir=NW_STOCK, podjetje=1, cas posnetka=2026-09-10 08:57:28Z, uporabljenih=2762, v karanteni=0, RunId=68a815eb-a98c-4789-bd34-daf20a901f19. Zapisano ni bilo nic.
12:12:29     Prebranih zapisov: 2762; SHA-256: c8bced6ab9e84fdab9e0f9a573a254d336c7a485e47ff74445d57c10efe9c2a1
12:12:30     Ta posnetek je ze v bazi; vir=NW_STOCK, podjetje=2, cas posnetka=2026-09-10 08:57:28Z, uporabljenih=2762, v karanteni=0, RunId=4eb6de44-2c22-42fb-bf98-f85027e30ac6. Zapisano ni bilo nic.
12:12:30     Prebranih zapisov: 2762; SHA-256: c8bced6ab9e84fdab9e0f9a573a254d336c7a485e47ff74445d57c10efe9c2a1
12:12:31     STOCK_FILE pri podjetju 3: se ni na vrsti po razporedu; preskoceno.
12:12:31     Prebranih zapisov: 2762; SHA-256: c8bced6ab9e84fdab9e0f9a573a254d336c7a485e47ff74445d57c10efe9c2a1
12:12:32     STOCK_FILE pri podjetju 4: se ni na vrsti po razporedu; preskoceno.
12:12:32     konec: Zaloga NW_STOCK
12:12:32  == Zaloga BT_STOCK ==
12:12:33     SOURCE_FETCH: se ni na vrsti po razporedu; preskoceno.
12:12:33     Prebranih zapisov: 1389; SHA-256: 45be72ee0ed2a2d4ce2be66b7c6bc6e159c33f148269ca109143f1129b83092f
12:12:34     STOCK_FILE pri podjetju 1: se ni na vrsti po razporedu; preskoceno.
12:12:34     Prebranih zapisov: 1389; SHA-256: 45be72ee0ed2a2d4ce2be66b7c6bc6e159c33f148269ca109143f1129b83092f
12:12:35     STOCK_FILE pri podjetju 2: se ni na vrsti po razporedu; preskoceno.
12:12:35     Prebranih zapisov: 1389; SHA-256: 45be72ee0ed2a2d4ce2be66b7c6bc6e159c33f148269ca109143f1129b83092f
12:12:36     Ta posnetek je ze v bazi; vir=BT_STOCK, podjetje=3, cas posnetka=2026-09-10 07:42:34Z, uporabljenih=1389, v karanteni=0, RunId=266bbc02-505f-423a-9e2d-647f9701ad5e. Zapisano ni bilo nic.
12:12:36     Prebranih zapisov: 1389; SHA-256: 45be72ee0ed2a2d4ce2be66b7c6bc6e159c33f148269ca109143f1129b83092f
12:12:37     Ta posnetek je ze v bazi; vir=BT_STOCK, podjetje=4, cas posnetka=2026-09-10 07:42:34Z, uporabljenih=1389, v karanteni=0, RunId=f59e7d0d-8246-4c78-8465-3d7a10a9c9bc. Zapisano ni bilo nic.
12:12:37     konec: Zaloga BT_STOCK
12:12:37  == Zaloga iz SAOP (kolicine) ==
12:12:38     [1] SAOP_STOCK: se ni na vrsti po razporedu; preskoceno.
12:12:38     [2] SAOP_STOCK: se ni na vrsti po razporedu; preskoceno.
12:12:38     [3] SAOP_STOCK: se ni na vrsti po razporedu; preskoceno.
12:12:38     [4] SAOP_STOCK: se ni na vrsti po razporedu; preskoceno.
12:12:38     konec: Zaloga iz SAOP (kolicine)
12:12:38  == Izvoz cen in zaloge za splet ==
12:12:40     Izvoz profila MAGENTO_STOCK_PRICES končan: 352 vrstic v C:\Users\david\Desktop\PIM\NoviPIM\izvoz\magento\1
12:12:43     Izvoz profila MAGENTO_STOCK_PRICES končan: 2071 vrstic v C:\Users\david\Desktop\PIM\NoviPIM\izvoz\magento\2
12:12:46     Izvoz profila MAGENTO_STOCK_PRICES končan: 2488 vrstic v C:\Users\david\Desktop\PIM\NoviPIM\izvoz\magento\3
12:12:47     Izvoz profila MAGENTO_STOCK_PRICES končan: 0 vrstic v C:\Users\david\Desktop\PIM\NoviPIM\izvoz\magento\4
12:12:47     konec: Izvoz cen in zaloge za splet
12:12:47  Zalogovni cikel koncan; padlih korakov: 0.
12:17:26  == Zaloga NW_STOCK ==
12:17:27     SOURCE_FETCH: se ni na vrsti po razporedu; preskoceno.
12:17:28     Prebranih zapisov: 2762; SHA-256: c8bced6ab9e84fdab9e0f9a573a254d336c7a485e47ff74445d57c10efe9c2a1
12:17:28     STOCK_FILE pri podjetju 1: se ni na vrsti po razporedu; preskoceno.
12:17:29     Prebranih zapisov: 2762; SHA-256: c8bced6ab9e84fdab9e0f9a573a254d336c7a485e47ff74445d57c10efe9c2a1
12:17:29     STOCK_FILE pri podjetju 2: se ni na vrsti po razporedu; preskoceno.
12:17:30     Prebranih zapisov: 2762; SHA-256: c8bced6ab9e84fdab9e0f9a573a254d336c7a485e47ff74445d57c10efe9c2a1
12:17:30     STOCK_FILE pri podjetju 3: se ni na vrsti po razporedu; preskoceno.
12:17:31     Prebranih zapisov: 2762; SHA-256: c8bced6ab9e84fdab9e0f9a573a254d336c7a485e47ff74445d57c10efe9c2a1
12:17:31     STOCK_FILE pri podjetju 4: se ni na vrsti po razporedu; preskoceno.
12:17:31     konec: Zaloga NW_STOCK
12:17:31  == Zaloga BT_STOCK ==
12:17:32     [BT_STOCK] preskoceno: Razmik dobavitelja se tece; naslednji prenos po 10. 09. 2026 12:42.
12:17:32     Prevzem koncan: uspesno 0, neuspesno 0, skupaj virov 1.
12:17:33     Prebranih zapisov: 1389; SHA-256: 45be72ee0ed2a2d4ce2be66b7c6bc6e159c33f148269ca109143f1129b83092f
12:17:33     Ta posnetek je ze v bazi; vir=BT_STOCK, podjetje=1, cas posnetka=2026-09-10 07:42:34Z, uporabljenih=1389, v karanteni=0, RunId=bb1f18ae-10d5-4c1e-9991-2967ee4f327f. Zapisano ni bilo nic.
12:17:34     Prebranih zapisov: 1389; SHA-256: 45be72ee0ed2a2d4ce2be66b7c6bc6e159c33f148269ca109143f1129b83092f
12:17:35     Ta posnetek je ze v bazi; vir=BT_STOCK, podjetje=2, cas posnetka=2026-09-10 07:42:34Z, uporabljenih=1389, v karanteni=0, RunId=ed1809c5-7568-40cf-8cce-f070cf6c1b6f. Zapisano ni bilo nic.
12:17:35     Prebranih zapisov: 1389; SHA-256: 45be72ee0ed2a2d4ce2be66b7c6bc6e159c33f148269ca109143f1129b83092f
12:17:36     STOCK_FILE pri podjetju 3: se ni na vrsti po razporedu; preskoceno.
12:17:36     Prebranih zapisov: 1389; SHA-256: 45be72ee0ed2a2d4ce2be66b7c6bc6e159c33f148269ca109143f1129b83092f
12:17:37     STOCK_FILE pri podjetju 4: se ni na vrsti po razporedu; preskoceno.
12:17:37     konec: Zaloga BT_STOCK
12:17:37  == Zaloga iz SAOP (kolicine) ==
12:17:38     [1] SAOP_STOCK: se ni na vrsti po razporedu; preskoceno.
12:17:38     [2] SAOP_STOCK: se ni na vrsti po razporedu; preskoceno.
12:17:38     [3] SAOP_STOCK: se ni na vrsti po razporedu; preskoceno.
12:17:38     [4] SAOP_STOCK: se ni na vrsti po razporedu; preskoceno.
12:17:38     konec: Zaloga iz SAOP (kolicine)
12:17:38  == Izvoz cen in zaloge za splet ==
12:17:39     Izvoz profila MAGENTO_STOCK_PRICES končan: 352 vrstic v C:\Users\david\Desktop\PIM\NoviPIM\izvoz\magento\1
12:17:43     Izvoz profila MAGENTO_STOCK_PRICES končan: 2071 vrstic v C:\Users\david\Desktop\PIM\NoviPIM\izvoz\magento\2
12:17:46     Izvoz profila MAGENTO_STOCK_PRICES končan: 2488 vrstic v C:\Users\david\Desktop\PIM\NoviPIM\izvoz\magento\3
12:17:47     Izvoz profila MAGENTO_STOCK_PRICES končan: 0 vrstic v C:\Users\david\Desktop\PIM\NoviPIM\izvoz\magento\4
12:17:47     konec: Izvoz cen in zaloge za splet
12:17:47  Zalogovni cikel koncan; padlih korakov: 0.
12:22:26  == Zaloga NW_STOCK ==
12:22:27     SOURCE_FETCH: se ni na vrsti po razporedu; preskoceno.
12:22:28     Prebranih zapisov: 2762; SHA-256: c8bced6ab9e84fdab9e0f9a573a254d336c7a485e47ff74445d57c10efe9c2a1
12:22:28     STOCK_FILE pri podjetju 1: se ni na vrsti po razporedu; preskoceno.
12:22:29     Prebranih zapisov: 2762; SHA-256: c8bced6ab9e84fdab9e0f9a573a254d336c7a485e47ff74445d57c10efe9c2a1
12:22:29     STOCK_FILE pri podjetju 2: se ni na vrsti po razporedu; preskoceno.
12:22:30     Prebranih zapisov: 2762; SHA-256: c8bced6ab9e84fdab9e0f9a573a254d336c7a485e47ff74445d57c10efe9c2a1
12:22:31     Ta posnetek je ze v bazi; vir=NW_STOCK, podjetje=3, cas posnetka=2026-09-10 08:57:28Z, uporabljenih=2762, v karanteni=0, RunId=65b92f01-fe86-4f0e-864c-9f496a38fee2. Zapisano ni bilo nic.
12:22:31     Prebranih zapisov: 2762; SHA-256: c8bced6ab9e84fdab9e0f9a573a254d336c7a485e47ff74445d57c10efe9c2a1
12:22:32     Ta posnetek je ze v bazi; vir=NW_STOCK, podjetje=4, cas posnetka=2026-09-10 08:57:28Z, uporabljenih=2762, v karanteni=0, RunId=fee86cd5-69b9-4409-8629-f60514b0611f. Zapisano ni bilo nic.
12:22:32     konec: Zaloga NW_STOCK
12:22:32  == Zaloga BT_STOCK ==
12:22:33     [BT_STOCK] preskoceno: Razmik dobavitelja se tece; naslednji prenos po 10. 09. 2026 12:42.
12:22:33     Prevzem koncan: uspesno 0, neuspesno 0, skupaj virov 1.
12:22:33     Prebranih zapisov: 1389; SHA-256: 45be72ee0ed2a2d4ce2be66b7c6bc6e159c33f148269ca109143f1129b83092f
12:22:34     Ta posnetek je ze v bazi; vir=BT_STOCK, podjetje=1, cas posnetka=2026-09-10 07:42:34Z, uporabljenih=1389, v karanteni=0, RunId=bb1f18ae-10d5-4c1e-9991-2967ee4f327f. Zapisano ni bilo nic.
12:22:34     Prebranih zapisov: 1389; SHA-256: 45be72ee0ed2a2d4ce2be66b7c6bc6e159c33f148269ca109143f1129b83092f
12:22:35     Ta posnetek je ze v bazi; vir=BT_STOCK, podjetje=2, cas posnetka=2026-09-10 07:42:34Z, uporabljenih=1389, v karanteni=0, RunId=ed1809c5-7568-40cf-8cce-f070cf6c1b6f. Zapisano ni bilo nic.
12:22:36     Prebranih zapisov: 1389; SHA-256: 45be72ee0ed2a2d4ce2be66b7c6bc6e159c33f148269ca109143f1129b83092f
12:22:36     STOCK_FILE pri podjetju 3: se ni na vrsti po razporedu; preskoceno.
12:22:37     Prebranih zapisov: 1389; SHA-256: 45be72ee0ed2a2d4ce2be66b7c6bc6e159c33f148269ca109143f1129b83092f
12:22:37     STOCK_FILE pri podjetju 4: se ni na vrsti po razporedu; preskoceno.
12:22:37     konec: Zaloga BT_STOCK
12:22:37  == Zaloga iz SAOP (kolicine) ==
12:22:59     STDERR: [1] NAPAKA: A connection attempt failed because the connected party did not properly respond after a period of time, or established connection failed because connected host has failed to respond. (192.168.178.12:81)
12:23:20     STDERR: [2] NAPAKA: A connection attempt failed because the connected party did not properly respond after a period of time, or established connection failed because connected host has failed to respond. (192.168.178.12:81)
12:23:41     STDERR: [3] NAPAKA: A connection attempt failed because the connected party did not properly respond after a period of time, or established connection failed because connected host has failed to respond. (192.168.178.12:81)
12:24:02     STDERR: [4] NAPAKA: A connection attempt failed because the connected party did not properly respond after a period of time, or established connection failed because connected host has failed to respond. (192.168.178.12:81)
12:24:02     NAPAKA: worker workers\PIM.SaopStockWorker je koncal z izhodno kodo 1
12:24:02  == Izvoz cen in zaloge za splet ==
12:24:04     Izvoz profila MAGENTO_STOCK_PRICES končan: 352 vrstic v C:\Users\david\Desktop\PIM\NoviPIM\izvoz\magento\1
12:24:07     Izvoz profila MAGENTO_STOCK_PRICES končan: 2071 vrstic v C:\Users\david\Desktop\PIM\NoviPIM\izvoz\magento\2
12:24:10     Izvoz profila MAGENTO_STOCK_PRICES končan: 2488 vrstic v C:\Users\david\Desktop\PIM\NoviPIM\izvoz\magento\3
12:24:12     Izvoz profila MAGENTO_STOCK_PRICES končan: 0 vrstic v C:\Users\david\Desktop\PIM\NoviPIM\izvoz\magento\4
12:24:12     konec: Izvoz cen in zaloge za splet
12:24:12  Zalogovni cikel koncan; padlih korakov: 1.
12:27:27  == Zaloga NW_STOCK ==
12:27:27     SOURCE_FETCH: se ni na vrsti po razporedu; preskoceno.
12:27:28     Prebranih zapisov: 2762; SHA-256: c8bced6ab9e84fdab9e0f9a573a254d336c7a485e47ff74445d57c10efe9c2a1
12:27:28     STOCK_FILE pri podjetju 1: se ni na vrsti po razporedu; preskoceno.
12:27:29     Prebranih zapisov: 2762; SHA-256: c8bced6ab9e84fdab9e0f9a573a254d336c7a485e47ff74445d57c10efe9c2a1
12:27:29     STOCK_FILE pri podjetju 2: se ni na vrsti po razporedu; preskoceno.
12:27:30     Prebranih zapisov: 2762; SHA-256: c8bced6ab9e84fdab9e0f9a573a254d336c7a485e47ff74445d57c10efe9c2a1
12:27:31     Ta posnetek je ze v bazi; vir=NW_STOCK, podjetje=3, cas posnetka=2026-09-10 08:57:28Z, uporabljenih=2762, v karanteni=0, RunId=65b92f01-fe86-4f0e-864c-9f496a38fee2. Zapisano ni bilo nic.
12:27:31     Prebranih zapisov: 2762; SHA-256: c8bced6ab9e84fdab9e0f9a573a254d336c7a485e47ff74445d57c10efe9c2a1
12:27:32     Ta posnetek je ze v bazi; vir=NW_STOCK, podjetje=4, cas posnetka=2026-09-10 08:57:28Z, uporabljenih=2762, v karanteni=0, RunId=fee86cd5-69b9-4409-8629-f60514b0611f. Zapisano ni bilo nic.
12:27:32     konec: Zaloga NW_STOCK
12:27:32  == Zaloga BT_STOCK ==
12:27:33     [BT_STOCK] preskoceno: Razmik dobavitelja se tece; naslednji prenos po 10. 09. 2026 12:42.
12:27:33     Prevzem koncan: uspesno 0, neuspesno 0, skupaj virov 1.
12:27:34     Prebranih zapisov: 1389; SHA-256: 45be72ee0ed2a2d4ce2be66b7c6bc6e159c33f148269ca109143f1129b83092f
12:27:34     Ta posnetek je ze v bazi; vir=BT_STOCK, podjetje=1, cas posnetka=2026-09-10 07:42:34Z, uporabljenih=1389, v karanteni=0, RunId=bb1f18ae-10d5-4c1e-9991-2967ee4f327f. Zapisano ni bilo nic.
12:27:35     Prebranih zapisov: 1389; SHA-256: 45be72ee0ed2a2d4ce2be66b7c6bc6e159c33f148269ca109143f1129b83092f
12:27:35     Ta posnetek je ze v bazi; vir=BT_STOCK, podjetje=2, cas posnetka=2026-09-10 07:42:34Z, uporabljenih=1389, v karanteni=0, RunId=ed1809c5-7568-40cf-8cce-f070cf6c1b6f. Zapisano ni bilo nic.
12:27:36     Prebranih zapisov: 1389; SHA-256: 45be72ee0ed2a2d4ce2be66b7c6bc6e159c33f148269ca109143f1129b83092f
12:27:36     STOCK_FILE pri podjetju 3: se ni na vrsti po razporedu; preskoceno.
12:27:37     Prebranih zapisov: 1389; SHA-256: 45be72ee0ed2a2d4ce2be66b7c6bc6e159c33f148269ca109143f1129b83092f
12:27:37     STOCK_FILE pri podjetju 4: se ni na vrsti po razporedu; preskoceno.
12:27:37     konec: Zaloga BT_STOCK
12:27:37  == Zaloga iz SAOP (kolicine) ==
12:27:38     [1] SAOP_STOCK: se ni na vrsti po razporedu; preskoceno.
12:27:38     [2] SAOP_STOCK: se ni na vrsti po razporedu; preskoceno.
12:27:38     [3] SAOP_STOCK: se ni na vrsti po razporedu; preskoceno.
12:27:38     [4] SAOP_STOCK: se ni na vrsti po razporedu; preskoceno.
12:27:38     konec: Zaloga iz SAOP (kolicine)
12:27:38  == Izvoz cen in zaloge za splet ==
12:27:40     Izvoz profila MAGENTO_STOCK_PRICES končan: 352 vrstic v C:\Users\david\Desktop\PIM\NoviPIM\izvoz\magento\1
12:27:43     Izvoz profila MAGENTO_STOCK_PRICES končan: 2071 vrstic v C:\Users\david\Desktop\PIM\NoviPIM\izvoz\magento\2
12:27:46     Izvoz profila MAGENTO_STOCK_PRICES končan: 2488 vrstic v C:\Users\david\Desktop\PIM\NoviPIM\izvoz\magento\3
12:27:47     Izvoz profila MAGENTO_STOCK_PRICES končan: 0 vrstic v C:\Users\david\Desktop\PIM\NoviPIM\izvoz\magento\4
12:27:47     konec: Izvoz cen in zaloge za splet
12:27:47  Zalogovni cikel koncan; padlih korakov: 0.
12:32:27  == Zaloga NW_STOCK ==
12:32:27     SOURCE_FETCH: se ni na vrsti po razporedu; preskoceno.
12:32:28     Prebranih zapisov: 2762; SHA-256: c8bced6ab9e84fdab9e0f9a573a254d336c7a485e47ff74445d57c10efe9c2a1
12:32:28     STOCK_FILE pri podjetju 1: se ni na vrsti po razporedu; preskoceno.
12:32:29     Prebranih zapisov: 2762; SHA-256: c8bced6ab9e84fdab9e0f9a573a254d336c7a485e47ff74445d57c10efe9c2a1
12:32:29     STOCK_FILE pri podjetju 2: se ni na vrsti po razporedu; preskoceno.
12:32:30     Prebranih zapisov: 2762; SHA-256: c8bced6ab9e84fdab9e0f9a573a254d336c7a485e47ff74445d57c10efe9c2a1
12:32:30     STOCK_FILE pri podjetju 3: se ni na vrsti po razporedu; preskoceno.
12:32:31     Prebranih zapisov: 2762; SHA-256: c8bced6ab9e84fdab9e0f9a573a254d336c7a485e47ff74445d57c10efe9c2a1
12:32:31     STOCK_FILE pri podjetju 4: se ni na vrsti po razporedu; preskoceno.
12:32:31     konec: Zaloga NW_STOCK
12:32:31  == Zaloga BT_STOCK ==
12:32:32     SOURCE_FETCH: se ni na vrsti po razporedu; preskoceno.
12:32:33     Prebranih zapisov: 1389; SHA-256: 45be72ee0ed2a2d4ce2be66b7c6bc6e159c33f148269ca109143f1129b83092f
12:32:33     STOCK_FILE pri podjetju 1: se ni na vrsti po razporedu; preskoceno.
12:32:34     Prebranih zapisov: 1389; SHA-256: 45be72ee0ed2a2d4ce2be66b7c6bc6e159c33f148269ca109143f1129b83092f
12:32:34     STOCK_FILE pri podjetju 2: se ni na vrsti po razporedu; preskoceno.
12:32:35     Prebranih zapisov: 1389; SHA-256: 45be72ee0ed2a2d4ce2be66b7c6bc6e159c33f148269ca109143f1129b83092f
12:32:35     Ta posnetek je ze v bazi; vir=BT_STOCK, podjetje=3, cas posnetka=2026-09-10 07:42:34Z, uporabljenih=1389, v karanteni=0, RunId=266bbc02-505f-423a-9e2d-647f9701ad5e. Zapisano ni bilo nic.
12:32:36     Prebranih zapisov: 1389; SHA-256: 45be72ee0ed2a2d4ce2be66b7c6bc6e159c33f148269ca109143f1129b83092f
12:32:37     Ta posnetek je ze v bazi; vir=BT_STOCK, podjetje=4, cas posnetka=2026-09-10 07:42:34Z, uporabljenih=1389, v karanteni=0, RunId=f59e7d0d-8246-4c78-8465-3d7a10a9c9bc. Zapisano ni bilo nic.
12:32:37     konec: Zaloga BT_STOCK
12:32:37  == Zaloga iz SAOP (kolicine) ==
12:32:38     [1] SAOP_STOCK: se ni na vrsti po razporedu; preskoceno.
12:32:38     [2] SAOP_STOCK: se ni na vrsti po razporedu; preskoceno.
12:32:38     [3] SAOP_STOCK: se ni na vrsti po razporedu; preskoceno.
12:32:38     [4] SAOP_STOCK: se ni na vrsti po razporedu; preskoceno.
12:32:38     konec: Zaloga iz SAOP (kolicine)
12:32:38  == Izvoz cen in zaloge za splet ==
12:32:39     Izvoz profila MAGENTO_STOCK_PRICES končan: 352 vrstic v C:\Users\david\Desktop\PIM\NoviPIM\izvoz\magento\1
12:32:43     Izvoz profila MAGENTO_STOCK_PRICES končan: 2071 vrstic v C:\Users\david\Desktop\PIM\NoviPIM\izvoz\magento\2
12:32:46     Izvoz profila MAGENTO_STOCK_PRICES končan: 2488 vrstic v C:\Users\david\Desktop\PIM\NoviPIM\izvoz\magento\3
12:32:47     Izvoz profila MAGENTO_STOCK_PRICES končan: 0 vrstic v C:\Users\david\Desktop\PIM\NoviPIM\izvoz\magento\4
12:32:47     konec: Izvoz cen in zaloge za splet
12:32:47  Zalogovni cikel koncan; padlih korakov: 0.
12:37:27  == Zaloga NW_STOCK ==
12:37:27     [NW_STOCK] preskoceno: Razmik dobavitelja se tece; naslednji prenos po 10. 09. 2026 12:57.
12:37:27     Prevzem koncan: uspesno 0, neuspesno 0, skupaj virov 1.
12:37:28     Prebranih zapisov: 2762; SHA-256: c8bced6ab9e84fdab9e0f9a573a254d336c7a485e47ff74445d57c10efe9c2a1
12:37:29     Ta posnetek je ze v bazi; vir=NW_STOCK, podjetje=1, cas posnetka=2026-09-10 08:57:28Z, uporabljenih=2762, v karanteni=0, RunId=68a815eb-a98c-4789-bd34-daf20a901f19. Zapisano ni bilo nic.
12:37:29     Prebranih zapisov: 2762; SHA-256: c8bced6ab9e84fdab9e0f9a573a254d336c7a485e47ff74445d57c10efe9c2a1
12:37:30     Ta posnetek je ze v bazi; vir=NW_STOCK, podjetje=2, cas posnetka=2026-09-10 08:57:28Z, uporabljenih=2762, v karanteni=0, RunId=4eb6de44-2c22-42fb-bf98-f85027e30ac6. Zapisano ni bilo nic.
12:37:30     Prebranih zapisov: 2762; SHA-256: c8bced6ab9e84fdab9e0f9a573a254d336c7a485e47ff74445d57c10efe9c2a1
12:37:31     STOCK_FILE pri podjetju 3: se ni na vrsti po razporedu; preskoceno.
12:37:31     Prebranih zapisov: 2762; SHA-256: c8bced6ab9e84fdab9e0f9a573a254d336c7a485e47ff74445d57c10efe9c2a1
12:37:32     STOCK_FILE pri podjetju 4: se ni na vrsti po razporedu; preskoceno.
12:37:32     konec: Zaloga NW_STOCK
12:37:32  == Zaloga BT_STOCK ==
12:37:33     SOURCE_FETCH: se ni na vrsti po razporedu; preskoceno.
12:37:33     Prebranih zapisov: 1389; SHA-256: 45be72ee0ed2a2d4ce2be66b7c6bc6e159c33f148269ca109143f1129b83092f
12:37:34     STOCK_FILE pri podjetju 1: se ni na vrsti po razporedu; preskoceno.
12:37:34     Prebranih zapisov: 1389; SHA-256: 45be72ee0ed2a2d4ce2be66b7c6bc6e159c33f148269ca109143f1129b83092f
12:37:35     STOCK_FILE pri podjetju 2: se ni na vrsti po razporedu; preskoceno.
12:37:35     Prebranih zapisov: 1389; SHA-256: 45be72ee0ed2a2d4ce2be66b7c6bc6e159c33f148269ca109143f1129b83092f
12:37:36     Ta posnetek je ze v bazi; vir=BT_STOCK, podjetje=3, cas posnetka=2026-09-10 07:42:34Z, uporabljenih=1389, v karanteni=0, RunId=266bbc02-505f-423a-9e2d-647f9701ad5e. Zapisano ni bilo nic.
12:37:36     Prebranih zapisov: 1389; SHA-256: 45be72ee0ed2a2d4ce2be66b7c6bc6e159c33f148269ca109143f1129b83092f
12:37:37     Ta posnetek je ze v bazi; vir=BT_STOCK, podjetje=4, cas posnetka=2026-09-10 07:42:34Z, uporabljenih=1389, v karanteni=0, RunId=f59e7d0d-8246-4c78-8465-3d7a10a9c9bc. Zapisano ni bilo nic.
12:37:37     konec: Zaloga BT_STOCK
12:37:37  == Zaloga iz SAOP (kolicine) ==
12:37:38     [1] SAOP_STOCK: se ni na vrsti po razporedu; preskoceno.
12:37:38     [2] SAOP_STOCK: se ni na vrsti po razporedu; preskoceno.
12:37:38     [3] SAOP_STOCK: se ni na vrsti po razporedu; preskoceno.
12:37:38     [4] SAOP_STOCK: se ni na vrsti po razporedu; preskoceno.
12:37:38     konec: Zaloga iz SAOP (kolicine)
12:37:38  == Izvoz cen in zaloge za splet ==
12:37:40     Izvoz profila MAGENTO_STOCK_PRICES končan: 352 vrstic v C:\Users\david\Desktop\PIM\NoviPIM\izvoz\magento\1
12:37:43     Izvoz profila MAGENTO_STOCK_PRICES končan: 2071 vrstic v C:\Users\david\Desktop\PIM\NoviPIM\izvoz\magento\2
12:37:46     Izvoz profila MAGENTO_STOCK_PRICES končan: 2488 vrstic v C:\Users\david\Desktop\PIM\NoviPIM\izvoz\magento\3
12:37:47     Izvoz profila MAGENTO_STOCK_PRICES končan: 0 vrstic v C:\Users\david\Desktop\PIM\NoviPIM\izvoz\magento\4
12:37:47     konec: Izvoz cen in zaloge za splet
12:37:47  Zalogovni cikel koncan; padlih korakov: 0.
12:42:27  == Zaloga NW_STOCK ==
12:42:28     [NW_STOCK] preskoceno: Razmik dobavitelja se tece; naslednji prenos po 10. 09. 2026 12:57.
12:42:28     Prevzem koncan: uspesno 0, neuspesno 0, skupaj virov 1.
12:42:28     Prebranih zapisov: 2762; SHA-256: c8bced6ab9e84fdab9e0f9a573a254d336c7a485e47ff74445d57c10efe9c2a1
12:42:29     Ta posnetek je ze v bazi; vir=NW_STOCK, podjetje=1, cas posnetka=2026-09-10 08:57:28Z, uporabljenih=2762, v karanteni=0, RunId=68a815eb-a98c-4789-bd34-daf20a901f19. Zapisano ni bilo nic.
12:42:29     Prebranih zapisov: 2762; SHA-256: c8bced6ab9e84fdab9e0f9a573a254d336c7a485e47ff74445d57c10efe9c2a1
12:42:30     Ta posnetek je ze v bazi; vir=NW_STOCK, podjetje=2, cas posnetka=2026-09-10 08:57:28Z, uporabljenih=2762, v karanteni=0, RunId=4eb6de44-2c22-42fb-bf98-f85027e30ac6. Zapisano ni bilo nic.
12:42:30     Prebranih zapisov: 2762; SHA-256: c8bced6ab9e84fdab9e0f9a573a254d336c7a485e47ff74445d57c10efe9c2a1
12:42:31     STOCK_FILE pri podjetju 3: se ni na vrsti po razporedu; preskoceno.
12:42:31     Prebranih zapisov: 2762; SHA-256: c8bced6ab9e84fdab9e0f9a573a254d336c7a485e47ff74445d57c10efe9c2a1
12:42:32     STOCK_FILE pri podjetju 4: se ni na vrsti po razporedu; preskoceno.
12:42:32     konec: Zaloga NW_STOCK
12:42:32  == Zaloga BT_STOCK ==
12:42:33     SOURCE_FETCH: se ni na vrsti po razporedu; preskoceno.
12:42:33     Prebranih zapisov: 1389; SHA-256: 45be72ee0ed2a2d4ce2be66b7c6bc6e159c33f148269ca109143f1129b83092f
12:42:34     STOCK_FILE pri podjetju 1: se ni na vrsti po razporedu; preskoceno.
12:42:34     Prebranih zapisov: 1389; SHA-256: 45be72ee0ed2a2d4ce2be66b7c6bc6e159c33f148269ca109143f1129b83092f
12:42:35     STOCK_FILE pri podjetju 2: se ni na vrsti po razporedu; preskoceno.
12:42:35     Prebranih zapisov: 1389; SHA-256: 45be72ee0ed2a2d4ce2be66b7c6bc6e159c33f148269ca109143f1129b83092f
12:42:36     STOCK_FILE pri podjetju 3: se ni na vrsti po razporedu; preskoceno.
12:42:36     Prebranih zapisov: 1389; SHA-256: 45be72ee0ed2a2d4ce2be66b7c6bc6e159c33f148269ca109143f1129b83092f
12:42:37     STOCK_FILE pri podjetju 4: se ni na vrsti po razporedu; preskoceno.
12:42:37     konec: Zaloga BT_STOCK
12:42:37  == Zaloga iz SAOP (kolicine) ==
12:42:38     [1] SAOP_STOCK: se ni na vrsti po razporedu; preskoceno.
12:42:38     [2] SAOP_STOCK: se ni na vrsti po razporedu; preskoceno.
12:42:38     [3] SAOP_STOCK: se ni na vrsti po razporedu; preskoceno.
12:42:38     [4] SAOP_STOCK: se ni na vrsti po razporedu; preskoceno.
12:42:38     konec: Zaloga iz SAOP (kolicine)
12:42:38  == Izvoz cen in zaloge za splet ==
12:42:39     Izvoz profila MAGENTO_STOCK_PRICES končan: 352 vrstic v C:\Users\david\Desktop\PIM\NoviPIM\izvoz\magento\1
12:42:43     Izvoz profila MAGENTO_STOCK_PRICES končan: 2071 vrstic v C:\Users\david\Desktop\PIM\NoviPIM\izvoz\magento\2
12:42:46     Izvoz profila MAGENTO_STOCK_PRICES končan: 2488 vrstic v C:\Users\david\Desktop\PIM\NoviPIM\izvoz\magento\3
12:42:47     Izvoz profila MAGENTO_STOCK_PRICES končan: 0 vrstic v C:\Users\david\Desktop\PIM\NoviPIM\izvoz\magento\4
12:42:47     konec: Izvoz cen in zaloge za splet
12:42:47  Zalogovni cikel koncan; padlih korakov: 0.
12:47:27  == Zaloga NW_STOCK ==
12:47:27     SOURCE_FETCH: se ni na vrsti po razporedu; preskoceno.
12:47:28     Prebranih zapisov: 2762; SHA-256: c8bced6ab9e84fdab9e0f9a573a254d336c7a485e47ff74445d57c10efe9c2a1
12:47:28     STOCK_FILE pri podjetju 1: se ni na vrsti po razporedu; preskoceno.
12:47:29     Prebranih zapisov: 2762; SHA-256: c8bced6ab9e84fdab9e0f9a573a254d336c7a485e47ff74445d57c10efe9c2a1
12:47:29     STOCK_FILE pri podjetju 2: se ni na vrsti po razporedu; preskoceno.
12:47:30     Prebranih zapisov: 2762; SHA-256: c8bced6ab9e84fdab9e0f9a573a254d336c7a485e47ff74445d57c10efe9c2a1
12:47:30     Ta posnetek je ze v bazi; vir=NW_STOCK, podjetje=3, cas posnetka=2026-09-10 08:57:28Z, uporabljenih=2762, v karanteni=0, RunId=65b92f01-fe86-4f0e-864c-9f496a38fee2. Zapisano ni bilo nic.
12:47:31     Prebranih zapisov: 2762; SHA-256: c8bced6ab9e84fdab9e0f9a573a254d336c7a485e47ff74445d57c10efe9c2a1
12:47:32     Ta posnetek je ze v bazi; vir=NW_STOCK, podjetje=4, cas posnetka=2026-09-10 08:57:28Z, uporabljenih=2762, v karanteni=0, RunId=fee86cd5-69b9-4409-8629-f60514b0611f. Zapisano ni bilo nic.
12:47:32     konec: Zaloga NW_STOCK
12:47:32  == Zaloga BT_STOCK ==
12:47:35     [BT_STOCK] prevzeto 1.588.393 bajtov -> C:\Users\david\Desktop\PIM\NoviPIM\PIM_Solution\data\prevzem\BT_STOCK\braytron-zaloga.xml; arhiv braytron-zaloga_20260910_104735Z.xml.gz
12:47:35     Prevzem koncan: uspesno 1, neuspesno 0, skupaj virov 1.
12:47:36     Prebranih zapisov: 1389; SHA-256: 7210ec1f16db2fbae3ae6dc2ff491e42b8d622a7883c0f65286b246b0849be1d
12:47:36     Zaloga zapisana; vir=BT_STOCK, podjetje=1, uporabljenih=1389, v karanteni=0, RunId=4514b45c-98b1-48f9-8a13-e4524d7baeaf.
12:47:37     Prebranih zapisov: 1389; SHA-256: 7210ec1f16db2fbae3ae6dc2ff491e42b8d622a7883c0f65286b246b0849be1d
12:47:38     Zaloga zapisana; vir=BT_STOCK, podjetje=2, uporabljenih=1389, v karanteni=0, RunId=9147ad1a-a465-4e02-969c-2aed97cba97a.
12:47:39     Prebranih zapisov: 1389; SHA-256: 7210ec1f16db2fbae3ae6dc2ff491e42b8d622a7883c0f65286b246b0849be1d
12:47:39     STOCK_FILE pri podjetju 3: se ni na vrsti po razporedu; preskoceno.
12:47:40     Prebranih zapisov: 1389; SHA-256: 7210ec1f16db2fbae3ae6dc2ff491e42b8d622a7883c0f65286b246b0849be1d
12:47:40     STOCK_FILE pri podjetju 4: se ni na vrsti po razporedu; preskoceno.
12:47:40     konec: Zaloga BT_STOCK
12:47:40  == Zaloga iz SAOP (kolicine) ==
12:47:41     [1] SAOP_STOCK: se ni na vrsti po razporedu; preskoceno.
12:47:41     [2] SAOP_STOCK: se ni na vrsti po razporedu; preskoceno.
12:47:41     [3] SAOP_STOCK: se ni na vrsti po razporedu; preskoceno.
12:47:41     [4] SAOP_STOCK: se ni na vrsti po razporedu; preskoceno.
12:47:41     konec: Zaloga iz SAOP (kolicine)
12:47:41  == Izvoz cen in zaloge za splet ==
12:47:43     Izvoz profila MAGENTO_STOCK_PRICES končan: 352 vrstic v C:\Users\david\Desktop\PIM\NoviPIM\izvoz\magento\1
12:47:46     Izvoz profila MAGENTO_STOCK_PRICES končan: 2071 vrstic v C:\Users\david\Desktop\PIM\NoviPIM\izvoz\magento\2
12:47:49     Izvoz profila MAGENTO_STOCK_PRICES končan: 2488 vrstic v C:\Users\david\Desktop\PIM\NoviPIM\izvoz\magento\3
12:47:50     Izvoz profila MAGENTO_STOCK_PRICES končan: 0 vrstic v C:\Users\david\Desktop\PIM\NoviPIM\izvoz\magento\4
12:47:50     konec: Izvoz cen in zaloge za splet
12:47:50  Zalogovni cikel koncan; padlih korakov: 0.
12:52:27  == Zaloga NW_STOCK ==
12:52:28     SOURCE_FETCH: se ni na vrsti po razporedu; preskoceno.
12:52:28     Prebranih zapisov: 2762; SHA-256: c8bced6ab9e84fdab9e0f9a573a254d336c7a485e47ff74445d57c10efe9c2a1
12:52:29     STOCK_FILE pri podjetju 1: se ni na vrsti po razporedu; preskoceno.
12:52:29     Prebranih zapisov: 2762; SHA-256: c8bced6ab9e84fdab9e0f9a573a254d336c7a485e47ff74445d57c10efe9c2a1
12:52:29     STOCK_FILE pri podjetju 2: se ni na vrsti po razporedu; preskoceno.
12:52:30     Prebranih zapisov: 2762; SHA-256: c8bced6ab9e84fdab9e0f9a573a254d336c7a485e47ff74445d57c10efe9c2a1
12:52:31     Ta posnetek je ze v bazi; vir=NW_STOCK, podjetje=3, cas posnetka=2026-09-10 08:57:28Z, uporabljenih=2762, v karanteni=0, RunId=65b92f01-fe86-4f0e-864c-9f496a38fee2. Zapisano ni bilo nic.
12:52:31     Prebranih zapisov: 2762; SHA-256: c8bced6ab9e84fdab9e0f9a573a254d336c7a485e47ff74445d57c10efe9c2a1
12:52:32     Ta posnetek je ze v bazi; vir=NW_STOCK, podjetje=4, cas posnetka=2026-09-10 08:57:28Z, uporabljenih=2762, v karanteni=0, RunId=fee86cd5-69b9-4409-8629-f60514b0611f. Zapisano ni bilo nic.
12:52:32     konec: Zaloga NW_STOCK
12:52:32  == Zaloga BT_STOCK ==
12:52:33     SOURCE_FETCH: se ni na vrsti po razporedu; preskoceno.
12:52:33     Prebranih zapisov: 1389; SHA-256: 7210ec1f16db2fbae3ae6dc2ff491e42b8d622a7883c0f65286b246b0849be1d
12:52:34     STOCK_FILE pri podjetju 1: se ni na vrsti po razporedu; preskoceno.
12:52:34     Prebranih zapisov: 1389; SHA-256: 7210ec1f16db2fbae3ae6dc2ff491e42b8d622a7883c0f65286b246b0849be1d
12:52:35     STOCK_FILE pri podjetju 2: se ni na vrsti po razporedu; preskoceno.
12:52:35     Prebranih zapisov: 1389; SHA-256: 7210ec1f16db2fbae3ae6dc2ff491e42b8d622a7883c0f65286b246b0849be1d
12:52:36     STOCK_FILE pri podjetju 3: se ni na vrsti po razporedu; preskoceno.
12:52:36     Prebranih zapisov: 1389; SHA-256: 7210ec1f16db2fbae3ae6dc2ff491e42b8d622a7883c0f65286b246b0849be1d
12:52:37     STOCK_FILE pri podjetju 4: se ni na vrsti po razporedu; preskoceno.
12:52:37     konec: Zaloga BT_STOCK
12:52:37  == Zaloga iz SAOP (kolicine) ==
12:52:37     [1] SAOP_STOCK: se ni na vrsti po razporedu; preskoceno.
12:52:38     [2] SAOP_STOCK: se ni na vrsti po razporedu; preskoceno.
12:52:38     [3] SAOP_STOCK: se ni na vrsti po razporedu; preskoceno.
12:52:38     [4] SAOP_STOCK: se ni na vrsti po razporedu; preskoceno.
12:52:38     konec: Zaloga iz SAOP (kolicine)
12:52:38  == Izvoz cen in zaloge za splet ==
12:52:39     Izvoz profila MAGENTO_STOCK_PRICES končan: 352 vrstic v C:\Users\david\Desktop\PIM\NoviPIM\izvoz\magento\1
12:52:43     Izvoz profila MAGENTO_STOCK_PRICES končan: 2071 vrstic v C:\Users\david\Desktop\PIM\NoviPIM\izvoz\magento\2
12:52:46     Izvoz profila MAGENTO_STOCK_PRICES končan: 2488 vrstic v C:\Users\david\Desktop\PIM\NoviPIM\izvoz\magento\3
12:52:47     Izvoz profila MAGENTO_STOCK_PRICES končan: 0 vrstic v C:\Users\david\Desktop\PIM\NoviPIM\izvoz\magento\4
12:52:47     konec: Izvoz cen in zaloge za splet
12:52:47  Zalogovni cikel koncan; padlih korakov: 0.
12:57:27  == Zaloga NW_STOCK ==
12:57:28     [NW_STOCK] preskoceno: Razmik dobavitelja se tece; naslednji prenos po 10. 09. 2026 12:57.
12:57:28     Prevzem koncan: uspesno 0, neuspesno 0, skupaj virov 1.
12:57:28     Prebranih zapisov: 2762; SHA-256: c8bced6ab9e84fdab9e0f9a573a254d336c7a485e47ff74445d57c10efe9c2a1
12:57:29     Ta posnetek je ze v bazi; vir=NW_STOCK, podjetje=1, cas posnetka=2026-09-10 08:57:28Z, uporabljenih=2762, v karanteni=0, RunId=68a815eb-a98c-4789-bd34-daf20a901f19. Zapisano ni bilo nic.
12:57:29     Prebranih zapisov: 2762; SHA-256: c8bced6ab9e84fdab9e0f9a573a254d336c7a485e47ff74445d57c10efe9c2a1
12:57:30     Ta posnetek je ze v bazi; vir=NW_STOCK, podjetje=2, cas posnetka=2026-09-10 08:57:28Z, uporabljenih=2762, v karanteni=0, RunId=4eb6de44-2c22-42fb-bf98-f85027e30ac6. Zapisano ni bilo nic.
12:57:30     Prebranih zapisov: 2762; SHA-256: c8bced6ab9e84fdab9e0f9a573a254d336c7a485e47ff74445d57c10efe9c2a1
12:57:31     Ta posnetek je ze v bazi; vir=NW_STOCK, podjetje=3, cas posnetka=2026-09-10 08:57:28Z, uporabljenih=2762, v karanteni=0, RunId=65b92f01-fe86-4f0e-864c-9f496a38fee2. Zapisano ni bilo nic.
12:57:32     Prebranih zapisov: 2762; SHA-256: c8bced6ab9e84fdab9e0f9a573a254d336c7a485e47ff74445d57c10efe9c2a1
12:57:32     Ta posnetek je ze v bazi; vir=NW_STOCK, podjetje=4, cas posnetka=2026-09-10 08:57:28Z, uporabljenih=2762, v karanteni=0, RunId=fee86cd5-69b9-4409-8629-f60514b0611f. Zapisano ni bilo nic.
12:57:32     konec: Zaloga NW_STOCK
12:57:32  == Zaloga BT_STOCK ==
12:57:33     SOURCE_FETCH: se ni na vrsti po razporedu; preskoceno.
12:57:34     Prebranih zapisov: 1389; SHA-256: 7210ec1f16db2fbae3ae6dc2ff491e42b8d622a7883c0f65286b246b0849be1d
12:57:34     STOCK_FILE pri podjetju 1: se ni na vrsti po razporedu; preskoceno.
12:57:35     Prebranih zapisov: 1389; SHA-256: 7210ec1f16db2fbae3ae6dc2ff491e42b8d622a7883c0f65286b246b0849be1d
12:57:35     STOCK_FILE pri podjetju 2: se ni na vrsti po razporedu; preskoceno.
12:57:36     Prebranih zapisov: 1389; SHA-256: 7210ec1f16db2fbae3ae6dc2ff491e42b8d622a7883c0f65286b246b0849be1d
12:57:36     STOCK_FILE pri podjetju 3: se ni na vrsti po razporedu; preskoceno.
12:57:37     Prebranih zapisov: 1389; SHA-256: 7210ec1f16db2fbae3ae6dc2ff491e42b8d622a7883c0f65286b246b0849be1d
12:57:37     STOCK_FILE pri podjetju 4: se ni na vrsti po razporedu; preskoceno.
12:57:37     konec: Zaloga BT_STOCK
12:57:37  == Zaloga iz SAOP (kolicine) ==
12:57:59     STDERR: [1] NAPAKA: A connection attempt failed because the connected party did not properly respond after a period of time, or established connection failed because connected host has failed to respond. (192.168.178.12:81)
12:58:20     STDERR: [2] NAPAKA: A connection attempt failed because the connected party did not properly respond after a period of time, or established connection failed because connected host has failed to respond. (192.168.178.12:81)
12:58:41     STDERR: [3] NAPAKA: A connection attempt failed because the connected party did not properly respond after a period of time, or established connection failed because connected host has failed to respond. (192.168.178.12:81)
12:59:02     STDERR: [4] NAPAKA: A connection attempt failed because the connected party did not properly respond after a period of time, or established connection failed because connected host has failed to respond. (192.168.178.12:81)
12:59:02     NAPAKA: worker workers\PIM.SaopStockWorker je koncal z izhodno kodo 1
12:59:02  == Izvoz cen in zaloge za splet ==
12:59:04     Izvoz profila MAGENTO_STOCK_PRICES končan: 352 vrstic v C:\Users\david\Desktop\PIM\NoviPIM\izvoz\magento\1
12:59:07     Izvoz profila MAGENTO_STOCK_PRICES končan: 2071 vrstic v C:\Users\david\Desktop\PIM\NoviPIM\izvoz\magento\2
12:59:10     Izvoz profila MAGENTO_STOCK_PRICES končan: 2488 vrstic v C:\Users\david\Desktop\PIM\NoviPIM\izvoz\magento\3
12:59:11     Izvoz profila MAGENTO_STOCK_PRICES končan: 0 vrstic v C:\Users\david\Desktop\PIM\NoviPIM\izvoz\magento\4
12:59:12     konec: Izvoz cen in zaloge za splet
12:59:12  Zalogovni cikel koncan; padlih korakov: 1.
13:02:27  == Zaloga NW_STOCK ==
13:02:28     SOURCE_FETCH: se ni na vrsti po razporedu; preskoceno.
13:02:28     Prebranih zapisov: 2762; SHA-256: c8bced6ab9e84fdab9e0f9a573a254d336c7a485e47ff74445d57c10efe9c2a1
13:02:29     STOCK_FILE pri podjetju 1: se ni na vrsti po razporedu; preskoceno.
13:02:29     Prebranih zapisov: 2762; SHA-256: c8bced6ab9e84fdab9e0f9a573a254d336c7a485e47ff74445d57c10efe9c2a1
13:02:29     STOCK_FILE pri podjetju 2: se ni na vrsti po razporedu; preskoceno.
13:02:30     Prebranih zapisov: 2762; SHA-256: c8bced6ab9e84fdab9e0f9a573a254d336c7a485e47ff74445d57c10efe9c2a1
13:02:30     STOCK_FILE pri podjetju 3: se ni na vrsti po razporedu; preskoceno.
13:02:31     Prebranih zapisov: 2762; SHA-256: c8bced6ab9e84fdab9e0f9a573a254d336c7a485e47ff74445d57c10efe9c2a1
13:02:31     STOCK_FILE pri podjetju 4: se ni na vrsti po razporedu; preskoceno.
13:02:31     konec: Zaloga NW_STOCK
13:02:31  == Zaloga BT_STOCK ==
13:02:32     [BT_STOCK] preskoceno: Razmik dobavitelja se tece; naslednji prenos po 10. 09. 2026 15:47.
13:02:32     Prevzem koncan: uspesno 0, neuspesno 0, skupaj virov 1.
13:02:33     Prebranih zapisov: 1389; SHA-256: 7210ec1f16db2fbae3ae6dc2ff491e42b8d622a7883c0f65286b246b0849be1d
13:02:33     Ta posnetek je ze v bazi; vir=BT_STOCK, podjetje=1, cas posnetka=2026-09-10 10:47:35Z, uporabljenih=1389, v karanteni=0, RunId=4514b45c-98b1-48f9-8a13-e4524d7baeaf. Zapisano ni bilo nic.
13:02:34     Prebranih zapisov: 1389; SHA-256: 7210ec1f16db2fbae3ae6dc2ff491e42b8d622a7883c0f65286b246b0849be1d
13:02:35     Ta posnetek je ze v bazi; vir=BT_STOCK, podjetje=2, cas posnetka=2026-09-10 10:47:35Z, uporabljenih=1389, v karanteni=0, RunId=9147ad1a-a465-4e02-969c-2aed97cba97a. Zapisano ni bilo nic.
13:02:35     Prebranih zapisov: 1389; SHA-256: 7210ec1f16db2fbae3ae6dc2ff491e42b8d622a7883c0f65286b246b0849be1d
13:02:36     Zaloga zapisana; vir=BT_STOCK, podjetje=3, uporabljenih=1389, v karanteni=0, RunId=20e88f78-514b-4fd7-8111-efb858ce45f1.
13:02:37     Prebranih zapisov: 1389; SHA-256: 7210ec1f16db2fbae3ae6dc2ff491e42b8d622a7883c0f65286b246b0849be1d
13:02:38     Zaloga zapisana; vir=BT_STOCK, podjetje=4, uporabljenih=1389, v karanteni=0, RunId=70cbb147-1ded-4fb1-9375-02f842152638.
13:02:38     konec: Zaloga BT_STOCK
13:02:38  == Zaloga iz SAOP (kolicine) ==
13:02:39     [1] SAOP_STOCK: se ni na vrsti po razporedu; preskoceno.
13:02:39     [2] SAOP_STOCK: se ni na vrsti po razporedu; preskoceno.
13:02:39     [3] SAOP_STOCK: se ni na vrsti po razporedu; preskoceno.
13:02:39     [4] SAOP_STOCK: se ni na vrsti po razporedu; preskoceno.
13:02:39     konec: Zaloga iz SAOP (kolicine)
13:02:39  == Izvoz cen in zaloge za splet ==
13:02:41     Izvoz profila MAGENTO_STOCK_PRICES končan: 352 vrstic v C:\Users\david\Desktop\PIM\NoviPIM\izvoz\magento\1
13:02:44     Izvoz profila MAGENTO_STOCK_PRICES končan: 2071 vrstic v C:\Users\david\Desktop\PIM\NoviPIM\izvoz\magento\2
13:02:47     Izvoz profila MAGENTO_STOCK_PRICES končan: 2488 vrstic v C:\Users\david\Desktop\PIM\NoviPIM\izvoz\magento\3
13:02:48     Izvoz profila MAGENTO_STOCK_PRICES končan: 0 vrstic v C:\Users\david\Desktop\PIM\NoviPIM\izvoz\magento\4
13:02:48     konec: Izvoz cen in zaloge za splet
13:02:48  Zalogovni cikel koncan; padlih korakov: 0.
13:07:27  == Zaloga NW_STOCK ==
13:07:28     SOURCE_FETCH: se ni na vrsti po razporedu; preskoceno.
13:07:28     Prebranih zapisov: 2762; SHA-256: c8bced6ab9e84fdab9e0f9a573a254d336c7a485e47ff74445d57c10efe9c2a1
13:07:29     STOCK_FILE pri podjetju 1: se ni na vrsti po razporedu; preskoceno.
13:07:29     Prebranih zapisov: 2762; SHA-256: c8bced6ab9e84fdab9e0f9a573a254d336c7a485e47ff74445d57c10efe9c2a1
13:07:30     STOCK_FILE pri podjetju 2: se ni na vrsti po razporedu; preskoceno.
13:07:30     Prebranih zapisov: 2762; SHA-256: c8bced6ab9e84fdab9e0f9a573a254d336c7a485e47ff74445d57c10efe9c2a1
13:07:31     STOCK_FILE pri podjetju 3: se ni na vrsti po razporedu; preskoceno.
13:07:31     Prebranih zapisov: 2762; SHA-256: c8bced6ab9e84fdab9e0f9a573a254d336c7a485e47ff74445d57c10efe9c2a1
13:07:32     STOCK_FILE pri podjetju 4: se ni na vrsti po razporedu; preskoceno.
13:07:32     konec: Zaloga NW_STOCK
13:07:32  == Zaloga BT_STOCK ==
13:07:33     [BT_STOCK] preskoceno: Razmik dobavitelja se tece; naslednji prenos po 10. 09. 2026 15:47.
13:07:33     Prevzem koncan: uspesno 0, neuspesno 0, skupaj virov 1.
13:07:33     Prebranih zapisov: 1389; SHA-256: 7210ec1f16db2fbae3ae6dc2ff491e42b8d622a7883c0f65286b246b0849be1d
13:07:34     Ta posnetek je ze v bazi; vir=BT_STOCK, podjetje=1, cas posnetka=2026-09-10 10:47:35Z, uporabljenih=1389, v karanteni=0, RunId=4514b45c-98b1-48f9-8a13-e4524d7baeaf. Zapisano ni bilo nic.
13:07:35     Prebranih zapisov: 1389; SHA-256: 7210ec1f16db2fbae3ae6dc2ff491e42b8d622a7883c0f65286b246b0849be1d
13:07:35     Ta posnetek je ze v bazi; vir=BT_STOCK, podjetje=2, cas posnetka=2026-09-10 10:47:35Z, uporabljenih=1389, v karanteni=0, RunId=9147ad1a-a465-4e02-969c-2aed97cba97a. Zapisano ni bilo nic.
13:07:36     Prebranih zapisov: 1389; SHA-256: 7210ec1f16db2fbae3ae6dc2ff491e42b8d622a7883c0f65286b246b0849be1d
13:07:36     Ta posnetek je ze v bazi; vir=BT_STOCK, podjetje=3, cas posnetka=2026-09-10 10:47:35Z, uporabljenih=1389, v karanteni=0, RunId=20e88f78-514b-4fd7-8111-efb858ce45f1. Zapisano ni bilo nic.
13:07:37     Prebranih zapisov: 1389; SHA-256: 7210ec1f16db2fbae3ae6dc2ff491e42b8d622a7883c0f65286b246b0849be1d
13:07:37     STOCK_FILE pri podjetju 4: se ni na vrsti po razporedu; preskoceno.
13:07:37     konec: Zaloga BT_STOCK
13:07:37  == Zaloga iz SAOP (kolicine) ==
13:07:38     [1] SAOP_STOCK: se ni na vrsti po razporedu; preskoceno.
13:07:38     [2] SAOP_STOCK: se ni na vrsti po razporedu; preskoceno.
13:07:38     [3] SAOP_STOCK: se ni na vrsti po razporedu; preskoceno.
13:07:38     [4] SAOP_STOCK: se ni na vrsti po razporedu; preskoceno.
13:07:38     konec: Zaloga iz SAOP (kolicine)
13:07:38  == Izvoz cen in zaloge za splet ==
13:07:40     Izvoz profila MAGENTO_STOCK_PRICES končan: 352 vrstic v C:\Users\david\Desktop\PIM\NoviPIM\izvoz\magento\1
13:07:43     Izvoz profila MAGENTO_STOCK_PRICES končan: 2071 vrstic v C:\Users\david\Desktop\PIM\NoviPIM\izvoz\magento\2
13:07:46     Izvoz profila MAGENTO_STOCK_PRICES končan: 2488 vrstic v C:\Users\david\Desktop\PIM\NoviPIM\izvoz\magento\3
13:07:47     Izvoz profila MAGENTO_STOCK_PRICES končan: 0 vrstic v C:\Users\david\Desktop\PIM\NoviPIM\izvoz\magento\4
13:07:47     konec: Izvoz cen in zaloge za splet
13:07:47  Zalogovni cikel koncan; padlih korakov: 0.
13:12:27  == Zaloga NW_STOCK ==
13:12:28     SOURCE_FETCH: se ni na vrsti po razporedu; preskoceno.
13:12:28     Prebranih zapisov: 2762; SHA-256: c8bced6ab9e84fdab9e0f9a573a254d336c7a485e47ff74445d57c10efe9c2a1
13:12:29     STOCK_FILE pri podjetju 1: se ni na vrsti po razporedu; preskoceno.
13:12:29     Prebranih zapisov: 2762; SHA-256: c8bced6ab9e84fdab9e0f9a573a254d336c7a485e47ff74445d57c10efe9c2a1
13:12:30     STOCK_FILE pri podjetju 2: se ni na vrsti po razporedu; preskoceno.
13:12:30     Prebranih zapisov: 2762; SHA-256: c8bced6ab9e84fdab9e0f9a573a254d336c7a485e47ff74445d57c10efe9c2a1
13:12:30     STOCK_FILE pri podjetju 3: se ni na vrsti po razporedu; preskoceno.
13:12:31     Prebranih zapisov: 2762; SHA-256: c8bced6ab9e84fdab9e0f9a573a254d336c7a485e47ff74445d57c10efe9c2a1
13:12:32     Ta posnetek je ze v bazi; vir=NW_STOCK, podjetje=4, cas posnetka=2026-09-10 08:57:28Z, uporabljenih=2762, v karanteni=0, RunId=fee86cd5-69b9-4409-8629-f60514b0611f. Zapisano ni bilo nic.
13:12:32     konec: Zaloga NW_STOCK
13:12:32  == Zaloga BT_STOCK ==
13:12:33     SOURCE_FETCH: se ni na vrsti po razporedu; preskoceno.
13:12:33     Prebranih zapisov: 1389; SHA-256: 7210ec1f16db2fbae3ae6dc2ff491e42b8d622a7883c0f65286b246b0849be1d
13:12:34     STOCK_FILE pri podjetju 1: se ni na vrsti po razporedu; preskoceno.
13:12:34     Prebranih zapisov: 1389; SHA-256: 7210ec1f16db2fbae3ae6dc2ff491e42b8d622a7883c0f65286b246b0849be1d
13:12:35     STOCK_FILE pri podjetju 2: se ni na vrsti po razporedu; preskoceno.
13:12:35     Prebranih zapisov: 1389; SHA-256: 7210ec1f16db2fbae3ae6dc2ff491e42b8d622a7883c0f65286b246b0849be1d
13:12:36     STOCK_FILE pri podjetju 3: se ni na vrsti po razporedu; preskoceno.
13:12:36     Prebranih zapisov: 1389; SHA-256: 7210ec1f16db2fbae3ae6dc2ff491e42b8d622a7883c0f65286b246b0849be1d
13:12:37     STOCK_FILE pri podjetju 4: se ni na vrsti po razporedu; preskoceno.
13:12:37     konec: Zaloga BT_STOCK
13:12:37  == Zaloga iz SAOP (kolicine) ==
13:12:38     [1] SAOP_STOCK: se ni na vrsti po razporedu; preskoceno.
13:12:38     [2] SAOP_STOCK: se ni na vrsti po razporedu; preskoceno.
13:12:38     [3] SAOP_STOCK: se ni na vrsti po razporedu; preskoceno.
13:12:38     [4] SAOP_STOCK: se ni na vrsti po razporedu; preskoceno.
13:12:38     konec: Zaloga iz SAOP (kolicine)
13:12:38  == Izvoz cen in zaloge za splet ==
13:12:40     Izvoz profila MAGENTO_STOCK_PRICES končan: 352 vrstic v C:\Users\david\Desktop\PIM\NoviPIM\izvoz\magento\1
13:12:43     Izvoz profila MAGENTO_STOCK_PRICES končan: 2071 vrstic v C:\Users\david\Desktop\PIM\NoviPIM\izvoz\magento\2
13:12:46     Izvoz profila MAGENTO_STOCK_PRICES končan: 2488 vrstic v C:\Users\david\Desktop\PIM\NoviPIM\izvoz\magento\3
13:12:47     Izvoz profila MAGENTO_STOCK_PRICES končan: 0 vrstic v C:\Users\david\Desktop\PIM\NoviPIM\izvoz\magento\4
13:12:47     konec: Izvoz cen in zaloge za splet
13:12:47  Zalogovni cikel koncan; padlih korakov: 0.
13:17:27  == Zaloga NW_STOCK ==
13:17:28     [NW_STOCK] prevzeto 87.514 bajtov -> C:\Users\david\Desktop\PIM\NoviPIM\PIM_Solution\data\prevzem\NW_STOCK\nw-zaloga.csv; arhiv nw-zaloga_20260910_111728Z.csv.gz
13:17:28     Prevzem koncan: uspesno 1, neuspesno 0, skupaj virov 1.
13:17:29     Prebranih zapisov: 2762; SHA-256: 0acdbbfc56ffc2be199b576748d878bc4194a50e9a09fa1ff255af64438492e6
13:17:31     Zaloga zapisana; vir=NW_STOCK, podjetje=1, uporabljenih=2762, v karanteni=0, RunId=549dad8f-151a-4d60-969f-e0e8bbbb490a.
13:17:32     Prebranih zapisov: 2762; SHA-256: 0acdbbfc56ffc2be199b576748d878bc4194a50e9a09fa1ff255af64438492e6
13:17:33     Zaloga zapisana; vir=NW_STOCK, podjetje=2, uporabljenih=2762, v karanteni=0, RunId=84bd60a7-6a83-4688-ae93-32720e1219e5.
13:17:34     Prebranih zapisov: 2762; SHA-256: 0acdbbfc56ffc2be199b576748d878bc4194a50e9a09fa1ff255af64438492e6
13:17:35     Zaloga zapisana; vir=NW_STOCK, podjetje=3, uporabljenih=2762, v karanteni=0, RunId=70e70274-a43f-4e38-a30e-c6ef671428d2.
13:17:36     Prebranih zapisov: 2762; SHA-256: 0acdbbfc56ffc2be199b576748d878bc4194a50e9a09fa1ff255af64438492e6
13:17:38     Zaloga zapisana; vir=NW_STOCK, podjetje=4, uporabljenih=2762, v karanteni=0, RunId=7091fdff-0012-4484-9b6c-49c1d04c8fe7.
13:17:38     konec: Zaloga NW_STOCK
13:17:38  == Zaloga BT_STOCK ==
13:17:39     SOURCE_FETCH: se ni na vrsti po razporedu; preskoceno.
13:17:39     Prebranih zapisov: 1389; SHA-256: 7210ec1f16db2fbae3ae6dc2ff491e42b8d622a7883c0f65286b246b0849be1d
13:17:40     STOCK_FILE pri podjetju 1: se ni na vrsti po razporedu; preskoceno.
13:17:40     Prebranih zapisov: 1389; SHA-256: 7210ec1f16db2fbae3ae6dc2ff491e42b8d622a7883c0f65286b246b0849be1d
13:17:41     STOCK_FILE pri podjetju 2: se ni na vrsti po razporedu; preskoceno.
13:17:41     Prebranih zapisov: 1389; SHA-256: 7210ec1f16db2fbae3ae6dc2ff491e42b8d622a7883c0f65286b246b0849be1d
13:17:42     STOCK_FILE pri podjetju 3: se ni na vrsti po razporedu; preskoceno.
13:17:42     Prebranih zapisov: 1389; SHA-256: 7210ec1f16db2fbae3ae6dc2ff491e42b8d622a7883c0f65286b246b0849be1d
13:17:43     STOCK_FILE pri podjetju 4: se ni na vrsti po razporedu; preskoceno.
13:17:43     konec: Zaloga BT_STOCK
13:17:43  == Zaloga iz SAOP (kolicine) ==
13:17:44     [1] SAOP_STOCK: se ni na vrsti po razporedu; preskoceno.
13:17:44     [2] SAOP_STOCK: se ni na vrsti po razporedu; preskoceno.
13:17:44     [3] SAOP_STOCK: se ni na vrsti po razporedu; preskoceno.
13:17:44     [4] SAOP_STOCK: se ni na vrsti po razporedu; preskoceno.
13:17:44     konec: Zaloga iz SAOP (kolicine)
13:17:44  == Izvoz cen in zaloge za splet ==
13:17:46     Izvoz profila MAGENTO_STOCK_PRICES končan: 352 vrstic v C:\Users\david\Desktop\PIM\NoviPIM\izvoz\magento\1
13:17:49     Izvoz profila MAGENTO_STOCK_PRICES končan: 2071 vrstic v C:\Users\david\Desktop\PIM\NoviPIM\izvoz\magento\2
13:17:52     Izvoz profila MAGENTO_STOCK_PRICES končan: 2488 vrstic v C:\Users\david\Desktop\PIM\NoviPIM\izvoz\magento\3
13:17:53     Izvoz profila MAGENTO_STOCK_PRICES končan: 0 vrstic v C:\Users\david\Desktop\PIM\NoviPIM\izvoz\magento\4
13:17:53     konec: Izvoz cen in zaloge za splet
13:17:53  Zalogovni cikel koncan; padlih korakov: 0.
13:22:27  == Zaloga NW_STOCK ==
13:22:28     SOURCE_FETCH: se ni na vrsti po razporedu; preskoceno.
13:22:28     Prebranih zapisov: 2762; SHA-256: 0acdbbfc56ffc2be199b576748d878bc4194a50e9a09fa1ff255af64438492e6
13:22:29     STOCK_FILE pri podjetju 1: se ni na vrsti po razporedu; preskoceno.
13:22:29     Prebranih zapisov: 2762; SHA-256: 0acdbbfc56ffc2be199b576748d878bc4194a50e9a09fa1ff255af64438492e6
13:22:30     STOCK_FILE pri podjetju 2: se ni na vrsti po razporedu; preskoceno.
13:22:30     Prebranih zapisov: 2762; SHA-256: 0acdbbfc56ffc2be199b576748d878bc4194a50e9a09fa1ff255af64438492e6
13:22:31     STOCK_FILE pri podjetju 3: se ni na vrsti po razporedu; preskoceno.
13:22:31     Prebranih zapisov: 2762; SHA-256: 0acdbbfc56ffc2be199b576748d878bc4194a50e9a09fa1ff255af64438492e6
13:22:32     STOCK_FILE pri podjetju 4: se ni na vrsti po razporedu; preskoceno.
13:22:32     konec: Zaloga NW_STOCK
13:22:32  == Zaloga BT_STOCK ==
13:22:33     [BT_STOCK] preskoceno: Razmik dobavitelja se tece; naslednji prenos po 10. 09. 2026 15:47.
13:22:33     Prevzem koncan: uspesno 0, neuspesno 0, skupaj virov 1.
13:22:33     Prebranih zapisov: 1389; SHA-256: 7210ec1f16db2fbae3ae6dc2ff491e42b8d622a7883c0f65286b246b0849be1d
13:22:34     Ta posnetek je ze v bazi; vir=BT_STOCK, podjetje=1, cas posnetka=2026-09-10 10:47:35Z, uporabljenih=1389, v karanteni=0, RunId=4514b45c-98b1-48f9-8a13-e4524d7baeaf. Zapisano ni bilo nic.
13:22:35     Prebranih zapisov: 1389; SHA-256: 7210ec1f16db2fbae3ae6dc2ff491e42b8d622a7883c0f65286b246b0849be1d
13:22:35     Ta posnetek je ze v bazi; vir=BT_STOCK, podjetje=2, cas posnetka=2026-09-10 10:47:35Z, uporabljenih=1389, v karanteni=0, RunId=9147ad1a-a465-4e02-969c-2aed97cba97a. Zapisano ni bilo nic.
13:22:36     Prebranih zapisov: 1389; SHA-256: 7210ec1f16db2fbae3ae6dc2ff491e42b8d622a7883c0f65286b246b0849be1d
13:22:36     Ta posnetek je ze v bazi; vir=BT_STOCK, podjetje=3, cas posnetka=2026-09-10 10:47:35Z, uporabljenih=1389, v karanteni=0, RunId=20e88f78-514b-4fd7-8111-efb858ce45f1. Zapisano ni bilo nic.
13:22:37     Prebranih zapisov: 1389; SHA-256: 7210ec1f16db2fbae3ae6dc2ff491e42b8d622a7883c0f65286b246b0849be1d
13:22:37     Ta posnetek je ze v bazi; vir=BT_STOCK, podjetje=4, cas posnetka=2026-09-10 10:47:35Z, uporabljenih=1389, v karanteni=0, RunId=70cbb147-1ded-4fb1-9375-02f842152638. Zapisano ni bilo nic.
13:22:37     konec: Zaloga BT_STOCK
13:22:37  == Zaloga iz SAOP (kolicine) ==
13:22:38     [1] SAOP_STOCK: se ni na vrsti po razporedu; preskoceno.
13:22:38     [2] SAOP_STOCK: se ni na vrsti po razporedu; preskoceno.
13:22:38     [3] SAOP_STOCK: se ni na vrsti po razporedu; preskoceno.
13:22:38     [4] SAOP_STOCK: se ni na vrsti po razporedu; preskoceno.
13:22:38     konec: Zaloga iz SAOP (kolicine)
13:22:38  == Izvoz cen in zaloge za splet ==
13:22:40     Izvoz profila MAGENTO_STOCK_PRICES končan: 352 vrstic v C:\Users\david\Desktop\PIM\NoviPIM\izvoz\magento\1
13:22:43     Izvoz profila MAGENTO_STOCK_PRICES končan: 2071 vrstic v C:\Users\david\Desktop\PIM\NoviPIM\izvoz\magento\2
13:22:46     Izvoz profila MAGENTO_STOCK_PRICES končan: 2488 vrstic v C:\Users\david\Desktop\PIM\NoviPIM\izvoz\magento\3
13:22:47     Izvoz profila MAGENTO_STOCK_PRICES končan: 0 vrstic v C:\Users\david\Desktop\PIM\NoviPIM\izvoz\magento\4
13:22:47     konec: Izvoz cen in zaloge za splet
13:22:47  Zalogovni cikel koncan; padlih korakov: 0.
13:27:27  == Zaloga NW_STOCK ==
13:27:28     SOURCE_FETCH: se ni na vrsti po razporedu; preskoceno.
13:27:28     Prebranih zapisov: 2762; SHA-256: 0acdbbfc56ffc2be199b576748d878bc4194a50e9a09fa1ff255af64438492e6
13:27:29     STOCK_FILE pri podjetju 1: se ni na vrsti po razporedu; preskoceno.
13:27:29     Prebranih zapisov: 2762; SHA-256: 0acdbbfc56ffc2be199b576748d878bc4194a50e9a09fa1ff255af64438492e6
13:27:30     STOCK_FILE pri podjetju 2: se ni na vrsti po razporedu; preskoceno.
13:27:30     Prebranih zapisov: 2762; SHA-256: 0acdbbfc56ffc2be199b576748d878bc4194a50e9a09fa1ff255af64438492e6
13:27:31     STOCK_FILE pri podjetju 3: se ni na vrsti po razporedu; preskoceno.
13:27:31     Prebranih zapisov: 2762; SHA-256: 0acdbbfc56ffc2be199b576748d878bc4194a50e9a09fa1ff255af64438492e6
13:27:31     STOCK_FILE pri podjetju 4: se ni na vrsti po razporedu; preskoceno.
13:27:32     konec: Zaloga NW_STOCK
13:27:32  == Zaloga BT_STOCK ==
13:27:32     SOURCE_FETCH: se ni na vrsti po razporedu; preskoceno.
13:27:33     Prebranih zapisov: 1389; SHA-256: 7210ec1f16db2fbae3ae6dc2ff491e42b8d622a7883c0f65286b246b0849be1d
13:27:33     STOCK_FILE pri podjetju 1: se ni na vrsti po razporedu; preskoceno.
13:27:34     Prebranih zapisov: 1389; SHA-256: 7210ec1f16db2fbae3ae6dc2ff491e42b8d622a7883c0f65286b246b0849be1d
13:27:34     STOCK_FILE pri podjetju 2: se ni na vrsti po razporedu; preskoceno.
13:27:35     Prebranih zapisov: 1389; SHA-256: 7210ec1f16db2fbae3ae6dc2ff491e42b8d622a7883c0f65286b246b0849be1d
13:27:35     STOCK_FILE pri podjetju 3: se ni na vrsti po razporedu; preskoceno.
13:27:36     Prebranih zapisov: 1389; SHA-256: 7210ec1f16db2fbae3ae6dc2ff491e42b8d622a7883c0f65286b246b0849be1d
13:27:36     STOCK_FILE pri podjetju 4: se ni na vrsti po razporedu; preskoceno.
13:27:36     konec: Zaloga BT_STOCK
13:27:36  == Zaloga iz SAOP (kolicine) ==
13:27:37     [1] SAOP_STOCK: se ni na vrsti po razporedu; preskoceno.
13:27:37     [2] SAOP_STOCK: se ni na vrsti po razporedu; preskoceno.
13:27:37     [3] SAOP_STOCK: se ni na vrsti po razporedu; preskoceno.
13:27:37     [4] SAOP_STOCK: se ni na vrsti po razporedu; preskoceno.
13:27:37     konec: Zaloga iz SAOP (kolicine)
13:27:37  == Izvoz cen in zaloge za splet ==
13:27:39     Izvoz profila MAGENTO_STOCK_PRICES končan: 352 vrstic v C:\Users\david\Desktop\PIM\NoviPIM\izvoz\magento\1
13:27:43     Izvoz profila MAGENTO_STOCK_PRICES končan: 2071 vrstic v C:\Users\david\Desktop\PIM\NoviPIM\izvoz\magento\2
13:27:46     Izvoz profila MAGENTO_STOCK_PRICES končan: 2488 vrstic v C:\Users\david\Desktop\PIM\NoviPIM\izvoz\magento\3
13:27:47     Izvoz profila MAGENTO_STOCK_PRICES končan: 0 vrstic v C:\Users\david\Desktop\PIM\NoviPIM\izvoz\magento\4
13:27:47     konec: Izvoz cen in zaloge za splet
13:27:47  Zalogovni cikel koncan; padlih korakov: 0.
13:32:27  == Zaloga NW_STOCK ==
13:32:28     [NW_STOCK] preskoceno: Razmik dobavitelja se tece; naslednji prenos po 10. 09. 2026 15:17.
13:32:28     Prevzem koncan: uspesno 0, neuspesno 0, skupaj virov 1.
13:32:28     Prebranih zapisov: 2762; SHA-256: 0acdbbfc56ffc2be199b576748d878bc4194a50e9a09fa1ff255af64438492e6
13:32:29     Ta posnetek je ze v bazi; vir=NW_STOCK, podjetje=1, cas posnetka=2026-09-10 11:17:28Z, uporabljenih=2762, v karanteni=0, RunId=549dad8f-151a-4d60-969f-e0e8bbbb490a. Zapisano ni bilo nic.
13:32:30     Prebranih zapisov: 2762; SHA-256: 0acdbbfc56ffc2be199b576748d878bc4194a50e9a09fa1ff255af64438492e6
13:32:30     Ta posnetek je ze v bazi; vir=NW_STOCK, podjetje=2, cas posnetka=2026-09-10 11:17:28Z, uporabljenih=2762, v karanteni=0, RunId=84bd60a7-6a83-4688-ae93-32720e1219e5. Zapisano ni bilo nic.
13:32:31     Prebranih zapisov: 2762; SHA-256: 0acdbbfc56ffc2be199b576748d878bc4194a50e9a09fa1ff255af64438492e6
13:32:31     Ta posnetek je ze v bazi; vir=NW_STOCK, podjetje=3, cas posnetka=2026-09-10 11:17:28Z, uporabljenih=2762, v karanteni=0, RunId=70e70274-a43f-4e38-a30e-c6ef671428d2. Zapisano ni bilo nic.
13:32:32     Prebranih zapisov: 2762; SHA-256: 0acdbbfc56ffc2be199b576748d878bc4194a50e9a09fa1ff255af64438492e6
13:32:32     Ta posnetek je ze v bazi; vir=NW_STOCK, podjetje=4, cas posnetka=2026-09-10 11:17:28Z, uporabljenih=2762, v karanteni=0, RunId=7091fdff-0012-4484-9b6c-49c1d04c8fe7. Zapisano ni bilo nic.
13:32:32     konec: Zaloga NW_STOCK
13:32:32  == Zaloga BT_STOCK ==
13:32:33     SOURCE_FETCH: se ni na vrsti po razporedu; preskoceno.
13:32:34     Prebranih zapisov: 1389; SHA-256: 7210ec1f16db2fbae3ae6dc2ff491e42b8d622a7883c0f65286b246b0849be1d
13:32:34     STOCK_FILE pri podjetju 1: se ni na vrsti po razporedu; preskoceno.
13:32:35     Prebranih zapisov: 1389; SHA-256: 7210ec1f16db2fbae3ae6dc2ff491e42b8d622a7883c0f65286b246b0849be1d
13:32:35     STOCK_FILE pri podjetju 2: se ni na vrsti po razporedu; preskoceno.
13:32:36     Prebranih zapisov: 1389; SHA-256: 7210ec1f16db2fbae3ae6dc2ff491e42b8d622a7883c0f65286b246b0849be1d
13:32:36     STOCK_FILE pri podjetju 3: se ni na vrsti po razporedu; preskoceno.
13:32:37     Prebranih zapisov: 1389; SHA-256: 7210ec1f16db2fbae3ae6dc2ff491e42b8d622a7883c0f65286b246b0849be1d
13:32:37     STOCK_FILE pri podjetju 4: se ni na vrsti po razporedu; preskoceno.
13:32:37     konec: Zaloga BT_STOCK
13:32:37  == Zaloga iz SAOP (kolicine) ==
13:32:59     STDERR: [1] NAPAKA: A connection attempt failed because the connected party did not properly respond after a period of time, or established connection failed because connected host has failed to respond. (192.168.178.12:81)
13:33:20     STDERR: [2] NAPAKA: A connection attempt failed because the connected party did not properly respond after a period of time, or established connection failed because connected host has failed to respond. (192.168.178.12:81)
13:33:41     STDERR: [3] NAPAKA: A connection attempt failed because the connected party did not properly respond after a period of time, or established connection failed because connected host has failed to respond. (192.168.178.12:81)
13:34:02     STDERR: [4] NAPAKA: A connection attempt failed because the connected party did not properly respond after a period of time, or established connection failed because connected host has failed to respond. (192.168.178.12:81)
13:34:02     NAPAKA: worker workers\PIM.SaopStockWorker je koncal z izhodno kodo 1
13:34:02  == Izvoz cen in zaloge za splet ==
13:34:04     Izvoz profila MAGENTO_STOCK_PRICES končan: 352 vrstic v C:\Users\david\Desktop\PIM\NoviPIM\izvoz\magento\1
13:34:08     Izvoz profila MAGENTO_STOCK_PRICES končan: 2071 vrstic v C:\Users\david\Desktop\PIM\NoviPIM\izvoz\magento\2
13:34:11     Izvoz profila MAGENTO_STOCK_PRICES končan: 2488 vrstic v C:\Users\david\Desktop\PIM\NoviPIM\izvoz\magento\3
13:34:12     Izvoz profila MAGENTO_STOCK_PRICES končan: 0 vrstic v C:\Users\david\Desktop\PIM\NoviPIM\izvoz\magento\4
13:34:12     konec: Izvoz cen in zaloge za splet
13:34:12  Zalogovni cikel koncan; padlih korakov: 1.
13:37:27  == Zaloga NW_STOCK ==
13:37:28     SOURCE_FETCH: se ni na vrsti po razporedu; preskoceno.
13:37:28     Prebranih zapisov: 2762; SHA-256: 0acdbbfc56ffc2be199b576748d878bc4194a50e9a09fa1ff255af64438492e6
13:37:29     STOCK_FILE pri podjetju 1: se ni na vrsti po razporedu; preskoceno.
13:37:29     Prebranih zapisov: 2762; SHA-256: 0acdbbfc56ffc2be199b576748d878bc4194a50e9a09fa1ff255af64438492e6
13:37:30     STOCK_FILE pri podjetju 2: se ni na vrsti po razporedu; preskoceno.
13:37:30     Prebranih zapisov: 2762; SHA-256: 0acdbbfc56ffc2be199b576748d878bc4194a50e9a09fa1ff255af64438492e6
13:37:31     STOCK_FILE pri podjetju 3: se ni na vrsti po razporedu; preskoceno.
13:37:31     Prebranih zapisov: 2762; SHA-256: 0acdbbfc56ffc2be199b576748d878bc4194a50e9a09fa1ff255af64438492e6
13:37:32     STOCK_FILE pri podjetju 4: se ni na vrsti po razporedu; preskoceno.
13:37:32     konec: Zaloga NW_STOCK
13:37:32  == Zaloga BT_STOCK ==
13:37:33     [BT_STOCK] preskoceno: Razmik dobavitelja se tece; naslednji prenos po 10. 09. 2026 15:47.
13:37:33     Prevzem koncan: uspesno 0, neuspesno 0, skupaj virov 1.
13:37:33     Prebranih zapisov: 1389; SHA-256: 7210ec1f16db2fbae3ae6dc2ff491e42b8d622a7883c0f65286b246b0849be1d
13:37:34     Ta posnetek je ze v bazi; vir=BT_STOCK, podjetje=1, cas posnetka=2026-09-10 10:47:35Z, uporabljenih=1389, v karanteni=0, RunId=4514b45c-98b1-48f9-8a13-e4524d7baeaf. Zapisano ni bilo nic.
13:37:34     Prebranih zapisov: 1389; SHA-256: 7210ec1f16db2fbae3ae6dc2ff491e42b8d622a7883c0f65286b246b0849be1d
13:37:35     Ta posnetek je ze v bazi; vir=BT_STOCK, podjetje=2, cas posnetka=2026-09-10 10:47:35Z, uporabljenih=1389, v karanteni=0, RunId=9147ad1a-a465-4e02-969c-2aed97cba97a. Zapisano ni bilo nic.
13:37:36     Prebranih zapisov: 1389; SHA-256: 7210ec1f16db2fbae3ae6dc2ff491e42b8d622a7883c0f65286b246b0849be1d
13:37:36     Ta posnetek je ze v bazi; vir=BT_STOCK, podjetje=3, cas posnetka=2026-09-10 10:47:35Z, uporabljenih=1389, v karanteni=0, RunId=20e88f78-514b-4fd7-8111-efb858ce45f1. Zapisano ni bilo nic.
13:37:37     Prebranih zapisov: 1389; SHA-256: 7210ec1f16db2fbae3ae6dc2ff491e42b8d622a7883c0f65286b246b0849be1d
13:37:37     Ta posnetek je ze v bazi; vir=BT_STOCK, podjetje=4, cas posnetka=2026-09-10 10:47:35Z, uporabljenih=1389, v karanteni=0, RunId=70cbb147-1ded-4fb1-9375-02f842152638. Zapisano ni bilo nic.
13:37:37     konec: Zaloga BT_STOCK
13:37:37  == Zaloga iz SAOP (kolicine) ==
13:37:38     [1] SAOP_STOCK: se ni na vrsti po razporedu; preskoceno.
13:37:38     [2] SAOP_STOCK: se ni na vrsti po razporedu; preskoceno.
13:37:38     [3] SAOP_STOCK: se ni na vrsti po razporedu; preskoceno.
13:37:38     [4] SAOP_STOCK: se ni na vrsti po razporedu; preskoceno.
13:37:38     konec: Zaloga iz SAOP (kolicine)
13:37:38  == Izvoz cen in zaloge za splet ==
13:37:40     Izvoz profila MAGENTO_STOCK_PRICES končan: 352 vrstic v C:\Users\david\Desktop\PIM\NoviPIM\izvoz\magento\1
13:37:43     Izvoz profila MAGENTO_STOCK_PRICES končan: 2071 vrstic v C:\Users\david\Desktop\PIM\NoviPIM\izvoz\magento\2
13:37:46     Izvoz profila MAGENTO_STOCK_PRICES končan: 2488 vrstic v C:\Users\david\Desktop\PIM\NoviPIM\izvoz\magento\3
13:37:48     Izvoz profila MAGENTO_STOCK_PRICES končan: 0 vrstic v C:\Users\david\Desktop\PIM\NoviPIM\izvoz\magento\4
13:37:48     konec: Izvoz cen in zaloge za splet
13:37:48  Zalogovni cikel koncan; padlih korakov: 0.
13:42:27  == Zaloga NW_STOCK ==
13:42:28     SOURCE_FETCH: se ni na vrsti po razporedu; preskoceno.
13:42:28     Prebranih zapisov: 2762; SHA-256: 0acdbbfc56ffc2be199b576748d878bc4194a50e9a09fa1ff255af64438492e6
13:42:29     STOCK_FILE pri podjetju 1: se ni na vrsti po razporedu; preskoceno.
13:42:29     Prebranih zapisov: 2762; SHA-256: 0acdbbfc56ffc2be199b576748d878bc4194a50e9a09fa1ff255af64438492e6
13:42:30     STOCK_FILE pri podjetju 2: se ni na vrsti po razporedu; preskoceno.
13:42:30     Prebranih zapisov: 2762; SHA-256: 0acdbbfc56ffc2be199b576748d878bc4194a50e9a09fa1ff255af64438492e6
13:42:31     STOCK_FILE pri podjetju 3: se ni na vrsti po razporedu; preskoceno.
13:42:31     Prebranih zapisov: 2762; SHA-256: 0acdbbfc56ffc2be199b576748d878bc4194a50e9a09fa1ff255af64438492e6
13:42:31     STOCK_FILE pri podjetju 4: se ni na vrsti po razporedu; preskoceno.
13:42:32     konec: Zaloga NW_STOCK
13:42:32  == Zaloga BT_STOCK ==
13:42:32     SOURCE_FETCH: se ni na vrsti po razporedu; preskoceno.
13:42:33     Prebranih zapisov: 1389; SHA-256: 7210ec1f16db2fbae3ae6dc2ff491e42b8d622a7883c0f65286b246b0849be1d
13:42:33     STOCK_FILE pri podjetju 1: se ni na vrsti po razporedu; preskoceno.
13:42:34     Prebranih zapisov: 1389; SHA-256: 7210ec1f16db2fbae3ae6dc2ff491e42b8d622a7883c0f65286b246b0849be1d
13:42:34     STOCK_FILE pri podjetju 2: se ni na vrsti po razporedu; preskoceno.
13:42:35     Prebranih zapisov: 1389; SHA-256: 7210ec1f16db2fbae3ae6dc2ff491e42b8d622a7883c0f65286b246b0849be1d
13:42:35     STOCK_FILE pri podjetju 3: se ni na vrsti po razporedu; preskoceno.
13:42:36     Prebranih zapisov: 1389; SHA-256: 7210ec1f16db2fbae3ae6dc2ff491e42b8d622a7883c0f65286b246b0849be1d
13:42:36     STOCK_FILE pri podjetju 4: se ni na vrsti po razporedu; preskoceno.
13:42:36     konec: Zaloga BT_STOCK
13:42:36  == Zaloga iz SAOP (kolicine) ==
13:42:37     [1] SAOP_STOCK: se ni na vrsti po razporedu; preskoceno.
13:42:37     [2] SAOP_STOCK: se ni na vrsti po razporedu; preskoceno.
13:42:37     [3] SAOP_STOCK: se ni na vrsti po razporedu; preskoceno.
13:42:37     [4] SAOP_STOCK: se ni na vrsti po razporedu; preskoceno.
13:42:37     konec: Zaloga iz SAOP (kolicine)
13:42:37  == Izvoz cen in zaloge za splet ==
13:42:39     Izvoz profila MAGENTO_STOCK_PRICES končan: 352 vrstic v C:\Users\david\Desktop\PIM\NoviPIM\izvoz\magento\1
13:42:43     Izvoz profila MAGENTO_STOCK_PRICES končan: 2071 vrstic v C:\Users\david\Desktop\PIM\NoviPIM\izvoz\magento\2
13:42:46     Izvoz profila MAGENTO_STOCK_PRICES končan: 2488 vrstic v C:\Users\david\Desktop\PIM\NoviPIM\izvoz\magento\3
13:42:47     Izvoz profila MAGENTO_STOCK_PRICES končan: 0 vrstic v C:\Users\david\Desktop\PIM\NoviPIM\izvoz\magento\4
13:42:47     konec: Izvoz cen in zaloge za splet
13:42:47  Zalogovni cikel koncan; padlih korakov: 0.
13:47:27  == Zaloga NW_STOCK ==
13:47:28     [NW_STOCK] preskoceno: Razmik dobavitelja se tece; naslednji prenos po 10. 09. 2026 15:17.
13:47:28     Prevzem koncan: uspesno 0, neuspesno 0, skupaj virov 1.
13:47:28     Prebranih zapisov: 2762; SHA-256: 0acdbbfc56ffc2be199b576748d878bc4194a50e9a09fa1ff255af64438492e6
13:47:29     Ta posnetek je ze v bazi; vir=NW_STOCK, podjetje=1, cas posnetka=2026-09-10 11:17:28Z, uporabljenih=2762, v karanteni=0, RunId=549dad8f-151a-4d60-969f-e0e8bbbb490a. Zapisano ni bilo nic.
13:47:30     Prebranih zapisov: 2762; SHA-256: 0acdbbfc56ffc2be199b576748d878bc4194a50e9a09fa1ff255af64438492e6
13:47:30     Ta posnetek je ze v bazi; vir=NW_STOCK, podjetje=2, cas posnetka=2026-09-10 11:17:28Z, uporabljenih=2762, v karanteni=0, RunId=84bd60a7-6a83-4688-ae93-32720e1219e5. Zapisano ni bilo nic.
13:47:31     Prebranih zapisov: 2762; SHA-256: 0acdbbfc56ffc2be199b576748d878bc4194a50e9a09fa1ff255af64438492e6
13:47:31     Ta posnetek je ze v bazi; vir=NW_STOCK, podjetje=3, cas posnetka=2026-09-10 11:17:28Z, uporabljenih=2762, v karanteni=0, RunId=70e70274-a43f-4e38-a30e-c6ef671428d2. Zapisano ni bilo nic.
13:47:32     Prebranih zapisov: 2762; SHA-256: 0acdbbfc56ffc2be199b576748d878bc4194a50e9a09fa1ff255af64438492e6
13:47:32     Ta posnetek je ze v bazi; vir=NW_STOCK, podjetje=4, cas posnetka=2026-09-10 11:17:28Z, uporabljenih=2762, v karanteni=0, RunId=7091fdff-0012-4484-9b6c-49c1d04c8fe7. Zapisano ni bilo nic.
13:47:32     konec: Zaloga NW_STOCK
13:47:32  == Zaloga BT_STOCK ==
13:47:33     SOURCE_FETCH: se ni na vrsti po razporedu; preskoceno.
13:47:34     Prebranih zapisov: 1389; SHA-256: 7210ec1f16db2fbae3ae6dc2ff491e42b8d622a7883c0f65286b246b0849be1d
13:47:34     STOCK_FILE pri podjetju 1: se ni na vrsti po razporedu; preskoceno.
13:47:35     Prebranih zapisov: 1389; SHA-256: 7210ec1f16db2fbae3ae6dc2ff491e42b8d622a7883c0f65286b246b0849be1d
13:47:35     STOCK_FILE pri podjetju 2: se ni na vrsti po razporedu; preskoceno.
13:47:36     Prebranih zapisov: 1389; SHA-256: 7210ec1f16db2fbae3ae6dc2ff491e42b8d622a7883c0f65286b246b0849be1d
13:47:36     STOCK_FILE pri podjetju 3: se ni na vrsti po razporedu; preskoceno.
13:47:37     Prebranih zapisov: 1389; SHA-256: 7210ec1f16db2fbae3ae6dc2ff491e42b8d622a7883c0f65286b246b0849be1d
13:47:37     STOCK_FILE pri podjetju 4: se ni na vrsti po razporedu; preskoceno.
13:47:37     konec: Zaloga BT_STOCK
13:47:37  == Zaloga iz SAOP (kolicine) ==
13:47:38     [1] SAOP_STOCK: se ni na vrsti po razporedu; preskoceno.
13:47:38     [2] SAOP_STOCK: se ni na vrsti po razporedu; preskoceno.
13:47:38     [3] SAOP_STOCK: se ni na vrsti po razporedu; preskoceno.
13:47:38     [4] SAOP_STOCK: se ni na vrsti po razporedu; preskoceno.
13:47:38     konec: Zaloga iz SAOP (kolicine)
13:47:38  == Izvoz cen in zaloge za splet ==
13:47:40     Izvoz profila MAGENTO_STOCK_PRICES končan: 352 vrstic v C:\Users\david\Desktop\PIM\NoviPIM\izvoz\magento\1
13:47:43     Izvoz profila MAGENTO_STOCK_PRICES končan: 2071 vrstic v C:\Users\david\Desktop\PIM\NoviPIM\izvoz\magento\2
13:47:46     Izvoz profila MAGENTO_STOCK_PRICES končan: 2488 vrstic v C:\Users\david\Desktop\PIM\NoviPIM\izvoz\magento\3
13:47:47     Izvoz profila MAGENTO_STOCK_PRICES končan: 0 vrstic v C:\Users\david\Desktop\PIM\NoviPIM\izvoz\magento\4
13:47:48     konec: Izvoz cen in zaloge za splet
13:47:48  Zalogovni cikel koncan; padlih korakov: 0.
13:52:27  == Zaloga NW_STOCK ==
13:52:28     SOURCE_FETCH: se ni na vrsti po razporedu; preskoceno.
13:52:28     Prebranih zapisov: 2762; SHA-256: 0acdbbfc56ffc2be199b576748d878bc4194a50e9a09fa1ff255af64438492e6
13:52:29     STOCK_FILE pri podjetju 1: se ni na vrsti po razporedu; preskoceno.
13:52:29     Prebranih zapisov: 2762; SHA-256: 0acdbbfc56ffc2be199b576748d878bc4194a50e9a09fa1ff255af64438492e6
13:52:30     STOCK_FILE pri podjetju 2: se ni na vrsti po razporedu; preskoceno.
13:52:30     Prebranih zapisov: 2762; SHA-256: 0acdbbfc56ffc2be199b576748d878bc4194a50e9a09fa1ff255af64438492e6
13:52:31     STOCK_FILE pri podjetju 3: se ni na vrsti po razporedu; preskoceno.
13:52:31     Prebranih zapisov: 2762; SHA-256: 0acdbbfc56ffc2be199b576748d878bc4194a50e9a09fa1ff255af64438492e6
13:52:32     STOCK_FILE pri podjetju 4: se ni na vrsti po razporedu; preskoceno.
13:52:32     konec: Zaloga NW_STOCK
13:52:32  == Zaloga BT_STOCK ==
13:52:33     [BT_STOCK] preskoceno: Razmik dobavitelja se tece; naslednji prenos po 10. 09. 2026 15:47.
13:52:33     Prevzem koncan: uspesno 0, neuspesno 0, skupaj virov 1.
13:52:33     Prebranih zapisov: 1389; SHA-256: 7210ec1f16db2fbae3ae6dc2ff491e42b8d622a7883c0f65286b246b0849be1d
13:52:34     Ta posnetek je ze v bazi; vir=BT_STOCK, podjetje=1, cas posnetka=2026-09-10 10:47:35Z, uporabljenih=1389, v karanteni=0, RunId=4514b45c-98b1-48f9-8a13-e4524d7baeaf. Zapisano ni bilo nic.
13:52:34     Prebranih zapisov: 1389; SHA-256: 7210ec1f16db2fbae3ae6dc2ff491e42b8d622a7883c0f65286b246b0849be1d
13:52:35     Ta posnetek je ze v bazi; vir=BT_STOCK, podjetje=2, cas posnetka=2026-09-10 10:47:35Z, uporabljenih=1389, v karanteni=0, RunId=9147ad1a-a465-4e02-969c-2aed97cba97a. Zapisano ni bilo nic.
13:52:36     Prebranih zapisov: 1389; SHA-256: 7210ec1f16db2fbae3ae6dc2ff491e42b8d622a7883c0f65286b246b0849be1d
13:52:36     Ta posnetek je ze v bazi; vir=BT_STOCK, podjetje=3, cas posnetka=2026-09-10 10:47:35Z, uporabljenih=1389, v karanteni=0, RunId=20e88f78-514b-4fd7-8111-efb858ce45f1. Zapisano ni bilo nic.
13:52:37     Prebranih zapisov: 1389; SHA-256: 7210ec1f16db2fbae3ae6dc2ff491e42b8d622a7883c0f65286b246b0849be1d
13:52:37     Ta posnetek je ze v bazi; vir=BT_STOCK, podjetje=4, cas posnetka=2026-09-10 10:47:35Z, uporabljenih=1389, v karanteni=0, RunId=70cbb147-1ded-4fb1-9375-02f842152638. Zapisano ni bilo nic.
13:52:37     konec: Zaloga BT_STOCK
13:52:37  == Zaloga iz SAOP (kolicine) ==
13:52:38     [1] SAOP_STOCK: se ni na vrsti po razporedu; preskoceno.
13:52:38     [2] SAOP_STOCK: se ni na vrsti po razporedu; preskoceno.
13:52:38     [3] SAOP_STOCK: se ni na vrsti po razporedu; preskoceno.
13:52:38     [4] SAOP_STOCK: se ni na vrsti po razporedu; preskoceno.
13:52:38     konec: Zaloga iz SAOP (kolicine)
13:52:38  == Izvoz cen in zaloge za splet ==
13:52:40     Izvoz profila MAGENTO_STOCK_PRICES končan: 352 vrstic v C:\Users\david\Desktop\PIM\NoviPIM\izvoz\magento\1
13:52:43     Izvoz profila MAGENTO_STOCK_PRICES končan: 2071 vrstic v C:\Users\david\Desktop\PIM\NoviPIM\izvoz\magento\2
13:52:46     Izvoz profila MAGENTO_STOCK_PRICES končan: 2488 vrstic v C:\Users\david\Desktop\PIM\NoviPIM\izvoz\magento\3
13:52:47     Izvoz profila MAGENTO_STOCK_PRICES končan: 0 vrstic v C:\Users\david\Desktop\PIM\NoviPIM\izvoz\magento\4
13:52:47     konec: Izvoz cen in zaloge za splet
13:52:47  Zalogovni cikel koncan; padlih korakov: 0.
13:57:27  == Zaloga NW_STOCK ==
13:57:28     SOURCE_FETCH: se ni na vrsti po razporedu; preskoceno.
13:57:29     Prebranih zapisov: 2762; SHA-256: 0acdbbfc56ffc2be199b576748d878bc4194a50e9a09fa1ff255af64438492e6
13:57:29     STOCK_FILE pri podjetju 1: se ni na vrsti po razporedu; preskoceno.
13:57:29     Prebranih zapisov: 2762; SHA-256: 0acdbbfc56ffc2be199b576748d878bc4194a50e9a09fa1ff255af64438492e6
13:57:30     STOCK_FILE pri podjetju 2: se ni na vrsti po razporedu; preskoceno.
13:57:30     Prebranih zapisov: 2762; SHA-256: 0acdbbfc56ffc2be199b576748d878bc4194a50e9a09fa1ff255af64438492e6
13:57:31     STOCK_FILE pri podjetju 3: se ni na vrsti po razporedu; preskoceno.
13:57:31     Prebranih zapisov: 2762; SHA-256: 0acdbbfc56ffc2be199b576748d878bc4194a50e9a09fa1ff255af64438492e6
13:57:32     STOCK_FILE pri podjetju 4: se ni na vrsti po razporedu; preskoceno.
13:57:32     konec: Zaloga NW_STOCK
13:57:32  == Zaloga BT_STOCK ==
13:57:33     [BT_STOCK] preskoceno: Razmik dobavitelja se tece; naslednji prenos po 10. 09. 2026 15:47.
13:57:33     Prevzem koncan: uspesno 0, neuspesno 0, skupaj virov 1.
13:57:33     Prebranih zapisov: 1389; SHA-256: 7210ec1f16db2fbae3ae6dc2ff491e42b8d622a7883c0f65286b246b0849be1d
13:57:34     Ta posnetek je ze v bazi; vir=BT_STOCK, podjetje=1, cas posnetka=2026-09-10 10:47:35Z, uporabljenih=1389, v karanteni=0, RunId=4514b45c-98b1-48f9-8a13-e4524d7baeaf. Zapisano ni bilo nic.
13:57:35     Prebranih zapisov: 1389; SHA-256: 7210ec1f16db2fbae3ae6dc2ff491e42b8d622a7883c0f65286b246b0849be1d
13:57:35     Ta posnetek je ze v bazi; vir=BT_STOCK, podjetje=2, cas posnetka=2026-09-10 10:47:35Z, uporabljenih=1389, v karanteni=0, RunId=9147ad1a-a465-4e02-969c-2aed97cba97a. Zapisano ni bilo nic.
13:57:36     Prebranih zapisov: 1389; SHA-256: 7210ec1f16db2fbae3ae6dc2ff491e42b8d622a7883c0f65286b246b0849be1d
13:57:36     Ta posnetek je ze v bazi; vir=BT_STOCK, podjetje=3, cas posnetka=2026-09-10 10:47:35Z, uporabljenih=1389, v karanteni=0, RunId=20e88f78-514b-4fd7-8111-efb858ce45f1. Zapisano ni bilo nic.
13:57:37     Prebranih zapisov: 1389; SHA-256: 7210ec1f16db2fbae3ae6dc2ff491e42b8d622a7883c0f65286b246b0849be1d
13:57:37     Ta posnetek je ze v bazi; vir=BT_STOCK, podjetje=4, cas posnetka=2026-09-10 10:47:35Z, uporabljenih=1389, v karanteni=0, RunId=70cbb147-1ded-4fb1-9375-02f842152638. Zapisano ni bilo nic.
13:57:37     konec: Zaloga BT_STOCK
13:57:37  == Zaloga iz SAOP (kolicine) ==
13:57:38     [1] SAOP_STOCK: se ni na vrsti po razporedu; preskoceno.
13:57:38     [2] SAOP_STOCK: se ni na vrsti po razporedu; preskoceno.
13:57:38     [3] SAOP_STOCK: se ni na vrsti po razporedu; preskoceno.
13:57:38     [4] SAOP_STOCK: se ni na vrsti po razporedu; preskoceno.
13:57:38     konec: Zaloga iz SAOP (kolicine)
13:57:38  == Izvoz cen in zaloge za splet ==
13:57:40     Izvoz profila MAGENTO_STOCK_PRICES končan: 352 vrstic v C:\Users\david\Desktop\PIM\NoviPIM\izvoz\magento\1
13:57:43     Izvoz profila MAGENTO_STOCK_PRICES končan: 2071 vrstic v C:\Users\david\Desktop\PIM\NoviPIM\izvoz\magento\2
13:57:46     Izvoz profila MAGENTO_STOCK_PRICES končan: 2488 vrstic v C:\Users\david\Desktop\PIM\NoviPIM\izvoz\magento\3
13:57:47     Izvoz profila MAGENTO_STOCK_PRICES končan: 0 vrstic v C:\Users\david\Desktop\PIM\NoviPIM\izvoz\magento\4
13:57:47     konec: Izvoz cen in zaloge za splet
13:57:47  Zalogovni cikel koncan; padlih korakov: 0.
14:02:27  == Zaloga NW_STOCK ==
14:02:28     SOURCE_FETCH: se ni na vrsti po razporedu; preskoceno.
14:02:28     Prebranih zapisov: 2762; SHA-256: 0acdbbfc56ffc2be199b576748d878bc4194a50e9a09fa1ff255af64438492e6
14:02:29     STOCK_FILE pri podjetju 1: se ni na vrsti po razporedu; preskoceno.
14:02:29     Prebranih zapisov: 2762; SHA-256: 0acdbbfc56ffc2be199b576748d878bc4194a50e9a09fa1ff255af64438492e6
14:02:30     STOCK_FILE pri podjetju 2: se ni na vrsti po razporedu; preskoceno.
14:02:30     Prebranih zapisov: 2762; SHA-256: 0acdbbfc56ffc2be199b576748d878bc4194a50e9a09fa1ff255af64438492e6
14:02:31     STOCK_FILE pri podjetju 3: se ni na vrsti po razporedu; preskoceno.
14:02:31     Prebranih zapisov: 2762; SHA-256: 0acdbbfc56ffc2be199b576748d878bc4194a50e9a09fa1ff255af64438492e6
14:02:32     STOCK_FILE pri podjetju 4: se ni na vrsti po razporedu; preskoceno.
14:02:32     konec: Zaloga NW_STOCK
14:02:32  == Zaloga BT_STOCK ==
14:02:33     SOURCE_FETCH: se ni na vrsti po razporedu; preskoceno.
14:02:33     Prebranih zapisov: 1389; SHA-256: 7210ec1f16db2fbae3ae6dc2ff491e42b8d622a7883c0f65286b246b0849be1d
14:02:34     STOCK_FILE pri podjetju 1: se ni na vrsti po razporedu; preskoceno.
14:02:34     Prebranih zapisov: 1389; SHA-256: 7210ec1f16db2fbae3ae6dc2ff491e42b8d622a7883c0f65286b246b0849be1d
14:02:35     STOCK_FILE pri podjetju 2: se ni na vrsti po razporedu; preskoceno.
14:02:35     Prebranih zapisov: 1389; SHA-256: 7210ec1f16db2fbae3ae6dc2ff491e42b8d622a7883c0f65286b246b0849be1d
14:02:35     STOCK_FILE pri podjetju 3: se ni na vrsti po razporedu; preskoceno.
14:02:36     Prebranih zapisov: 1389; SHA-256: 7210ec1f16db2fbae3ae6dc2ff491e42b8d622a7883c0f65286b246b0849be1d
14:02:36     STOCK_FILE pri podjetju 4: se ni na vrsti po razporedu; preskoceno.
14:02:37     konec: Zaloga BT_STOCK
14:02:37  == Zaloga iz SAOP (kolicine) ==
14:02:37     [1] SAOP_STOCK: se ni na vrsti po razporedu; preskoceno.
14:02:37     [2] SAOP_STOCK: se ni na vrsti po razporedu; preskoceno.
14:02:37     [3] SAOP_STOCK: se ni na vrsti po razporedu; preskoceno.
14:02:37     [4] SAOP_STOCK: se ni na vrsti po razporedu; preskoceno.
14:02:37     konec: Zaloga iz SAOP (kolicine)
14:02:37  == Izvoz cen in zaloge za splet ==
14:02:39     Izvoz profila MAGENTO_STOCK_PRICES končan: 352 vrstic v C:\Users\david\Desktop\PIM\NoviPIM\izvoz\magento\1
14:02:43     Izvoz profila MAGENTO_STOCK_PRICES končan: 2071 vrstic v C:\Users\david\Desktop\PIM\NoviPIM\izvoz\magento\2
14:02:46     Izvoz profila MAGENTO_STOCK_PRICES končan: 2488 vrstic v C:\Users\david\Desktop\PIM\NoviPIM\izvoz\magento\3
14:02:47     Izvoz profila MAGENTO_STOCK_PRICES končan: 0 vrstic v C:\Users\david\Desktop\PIM\NoviPIM\izvoz\magento\4
14:02:47     konec: Izvoz cen in zaloge za splet
14:02:47  Zalogovni cikel koncan; padlih korakov: 0.
14:07:27  == Zaloga NW_STOCK ==
14:07:28     [NW_STOCK] preskoceno: Razmik dobavitelja se tece; naslednji prenos po 10. 09. 2026 15:17.
14:07:28     Prevzem koncan: uspesno 0, neuspesno 0, skupaj virov 1.
14:07:29     Prebranih zapisov: 2762; SHA-256: 0acdbbfc56ffc2be199b576748d878bc4194a50e9a09fa1ff255af64438492e6
14:07:29     Ta posnetek je ze v bazi; vir=NW_STOCK, podjetje=1, cas posnetka=2026-09-10 11:17:28Z, uporabljenih=2762, v karanteni=0, RunId=549dad8f-151a-4d60-969f-e0e8bbbb490a. Zapisano ni bilo nic.
14:07:30     Prebranih zapisov: 2762; SHA-256: 0acdbbfc56ffc2be199b576748d878bc4194a50e9a09fa1ff255af64438492e6
14:07:30     Ta posnetek je ze v bazi; vir=NW_STOCK, podjetje=2, cas posnetka=2026-09-10 11:17:28Z, uporabljenih=2762, v karanteni=0, RunId=84bd60a7-6a83-4688-ae93-32720e1219e5. Zapisano ni bilo nic.
14:07:31     Prebranih zapisov: 2762; SHA-256: 0acdbbfc56ffc2be199b576748d878bc4194a50e9a09fa1ff255af64438492e6
14:07:31     Ta posnetek je ze v bazi; vir=NW_STOCK, podjetje=3, cas posnetka=2026-09-10 11:17:28Z, uporabljenih=2762, v karanteni=0, RunId=70e70274-a43f-4e38-a30e-c6ef671428d2. Zapisano ni bilo nic.
14:07:32     Prebranih zapisov: 2762; SHA-256: 0acdbbfc56ffc2be199b576748d878bc4194a50e9a09fa1ff255af64438492e6
14:07:32     Ta posnetek je ze v bazi; vir=NW_STOCK, podjetje=4, cas posnetka=2026-09-10 11:17:28Z, uporabljenih=2762, v karanteni=0, RunId=7091fdff-0012-4484-9b6c-49c1d04c8fe7. Zapisano ni bilo nic.
14:07:32     konec: Zaloga NW_STOCK
14:07:32  == Zaloga BT_STOCK ==
14:07:33     SOURCE_FETCH: se ni na vrsti po razporedu; preskoceno.
14:07:34     Prebranih zapisov: 1389; SHA-256: 7210ec1f16db2fbae3ae6dc2ff491e42b8d622a7883c0f65286b246b0849be1d
14:07:34     STOCK_FILE pri podjetju 1: se ni na vrsti po razporedu; preskoceno.
14:07:35     Prebranih zapisov: 1389; SHA-256: 7210ec1f16db2fbae3ae6dc2ff491e42b8d622a7883c0f65286b246b0849be1d
14:07:35     STOCK_FILE pri podjetju 2: se ni na vrsti po razporedu; preskoceno.
14:07:36     Prebranih zapisov: 1389; SHA-256: 7210ec1f16db2fbae3ae6dc2ff491e42b8d622a7883c0f65286b246b0849be1d
14:07:36     STOCK_FILE pri podjetju 3: se ni na vrsti po razporedu; preskoceno.
14:07:37     Prebranih zapisov: 1389; SHA-256: 7210ec1f16db2fbae3ae6dc2ff491e42b8d622a7883c0f65286b246b0849be1d
14:07:37     STOCK_FILE pri podjetju 4: se ni na vrsti po razporedu; preskoceno.
14:07:37     konec: Zaloga BT_STOCK
14:07:37  == Zaloga iz SAOP (kolicine) ==
14:07:59     STDERR: [1] NAPAKA: A connection attempt failed because the connected party did not properly respond after a period of time, or established connection failed because connected host has failed to respond. (192.168.178.12:81)
14:08:20     STDERR: [2] NAPAKA: A connection attempt failed because the connected party did not properly respond after a period of time, or established connection failed because connected host has failed to respond. (192.168.178.12:81)
14:08:41     STDERR: [3] NAPAKA: A connection attempt failed because the connected party did not properly respond after a period of time, or established connection failed because connected host has failed to respond. (192.168.178.12:81)
14:09:02     STDERR: [4] NAPAKA: A connection attempt failed because the connected party did not properly respond after a period of time, or established connection failed because connected host has failed to respond. (192.168.178.12:81)
14:09:02     NAPAKA: worker workers\PIM.SaopStockWorker je koncal z izhodno kodo 1
14:09:02  == Izvoz cen in zaloge za splet ==
14:09:04     Izvoz profila MAGENTO_STOCK_PRICES končan: 352 vrstic v C:\Users\david\Desktop\PIM\NoviPIM\izvoz\magento\1
14:09:07     Izvoz profila MAGENTO_STOCK_PRICES končan: 2071 vrstic v C:\Users\david\Desktop\PIM\NoviPIM\izvoz\magento\2
14:09:11     Izvoz profila MAGENTO_STOCK_PRICES končan: 2488 vrstic v C:\Users\david\Desktop\PIM\NoviPIM\izvoz\magento\3
14:09:12     Izvoz profila MAGENTO_STOCK_PRICES končan: 0 vrstic v C:\Users\david\Desktop\PIM\NoviPIM\izvoz\magento\4
14:09:12     konec: Izvoz cen in zaloge za splet
14:09:12  Zalogovni cikel koncan; padlih korakov: 1.
14:12:27  == Zaloga NW_STOCK ==
14:12:28     SOURCE_FETCH: se ni na vrsti po razporedu; preskoceno.
14:12:28     Prebranih zapisov: 2762; SHA-256: 0acdbbfc56ffc2be199b576748d878bc4194a50e9a09fa1ff255af64438492e6
14:12:29     STOCK_FILE pri podjetju 1: se ni na vrsti po razporedu; preskoceno.
14:12:29     Prebranih zapisov: 2762; SHA-256: 0acdbbfc56ffc2be199b576748d878bc4194a50e9a09fa1ff255af64438492e6
14:12:30     STOCK_FILE pri podjetju 2: se ni na vrsti po razporedu; preskoceno.
14:12:30     Prebranih zapisov: 2762; SHA-256: 0acdbbfc56ffc2be199b576748d878bc4194a50e9a09fa1ff255af64438492e6
14:12:31     STOCK_FILE pri podjetju 3: se ni na vrsti po razporedu; preskoceno.
14:12:31     Prebranih zapisov: 2762; SHA-256: 0acdbbfc56ffc2be199b576748d878bc4194a50e9a09fa1ff255af64438492e6
14:12:32     STOCK_FILE pri podjetju 4: se ni na vrsti po razporedu; preskoceno.
14:12:32     konec: Zaloga NW_STOCK
14:12:32  == Zaloga BT_STOCK ==
14:12:33     [BT_STOCK] preskoceno: Razmik dobavitelja se tece; naslednji prenos po 10. 09. 2026 15:47.
14:12:33     Prevzem koncan: uspesno 0, neuspesno 0, skupaj virov 1.
14:12:33     Prebranih zapisov: 1389; SHA-256: 7210ec1f16db2fbae3ae6dc2ff491e42b8d622a7883c0f65286b246b0849be1d
14:12:34     Ta posnetek je ze v bazi; vir=BT_STOCK, podjetje=1, cas posnetka=2026-09-10 10:47:35Z, uporabljenih=1389, v karanteni=0, RunId=4514b45c-98b1-48f9-8a13-e4524d7baeaf. Zapisano ni bilo nic.
14:12:34     Prebranih zapisov: 1389; SHA-256: 7210ec1f16db2fbae3ae6dc2ff491e42b8d622a7883c0f65286b246b0849be1d
14:12:35     Ta posnetek je ze v bazi; vir=BT_STOCK, podjetje=2, cas posnetka=2026-09-10 10:47:35Z, uporabljenih=1389, v karanteni=0, RunId=9147ad1a-a465-4e02-969c-2aed97cba97a. Zapisano ni bilo nic.
14:12:36     Prebranih zapisov: 1389; SHA-256: 7210ec1f16db2fbae3ae6dc2ff491e42b8d622a7883c0f65286b246b0849be1d
14:12:36     Ta posnetek je ze v bazi; vir=BT_STOCK, podjetje=3, cas posnetka=2026-09-10 10:47:35Z, uporabljenih=1389, v karanteni=0, RunId=20e88f78-514b-4fd7-8111-efb858ce45f1. Zapisano ni bilo nic.
14:12:37     Prebranih zapisov: 1389; SHA-256: 7210ec1f16db2fbae3ae6dc2ff491e42b8d622a7883c0f65286b246b0849be1d
14:12:37     Ta posnetek je ze v bazi; vir=BT_STOCK, podjetje=4, cas posnetka=2026-09-10 10:47:35Z, uporabljenih=1389, v karanteni=0, RunId=70cbb147-1ded-4fb1-9375-02f842152638. Zapisano ni bilo nic.
14:12:37     konec: Zaloga BT_STOCK
14:12:37  == Zaloga iz SAOP (kolicine) ==
14:12:38     [1] SAOP_STOCK: se ni na vrsti po razporedu; preskoceno.
14:12:38     [2] SAOP_STOCK: se ni na vrsti po razporedu; preskoceno.
14:12:38     [3] SAOP_STOCK: se ni na vrsti po razporedu; preskoceno.
14:12:38     [4] SAOP_STOCK: se ni na vrsti po razporedu; preskoceno.
14:12:38     konec: Zaloga iz SAOP (kolicine)
14:12:38  == Izvoz cen in zaloge za splet ==
14:12:40     Izvoz profila MAGENTO_STOCK_PRICES končan: 352 vrstic v C:\Users\david\Desktop\PIM\NoviPIM\izvoz\magento\1
14:12:43     Izvoz profila MAGENTO_STOCK_PRICES končan: 2071 vrstic v C:\Users\david\Desktop\PIM\NoviPIM\izvoz\magento\2
14:12:47     Izvoz profila MAGENTO_STOCK_PRICES končan: 2488 vrstic v C:\Users\david\Desktop\PIM\NoviPIM\izvoz\magento\3
14:12:48     Izvoz profila MAGENTO_STOCK_PRICES končan: 0 vrstic v C:\Users\david\Desktop\PIM\NoviPIM\izvoz\magento\4
14:12:48     konec: Izvoz cen in zaloge za splet
14:12:48  Zalogovni cikel koncan; padlih korakov: 0.
14:17:27  == Zaloga NW_STOCK ==
14:17:28     SOURCE_FETCH: se ni na vrsti po razporedu; preskoceno.
14:17:28     Prebranih zapisov: 2762; SHA-256: 0acdbbfc56ffc2be199b576748d878bc4194a50e9a09fa1ff255af64438492e6
14:17:29     STOCK_FILE pri podjetju 1: se ni na vrsti po razporedu; preskoceno.
14:17:29     Prebranih zapisov: 2762; SHA-256: 0acdbbfc56ffc2be199b576748d878bc4194a50e9a09fa1ff255af64438492e6
14:17:30     STOCK_FILE pri podjetju 2: se ni na vrsti po razporedu; preskoceno.
14:17:30     Prebranih zapisov: 2762; SHA-256: 0acdbbfc56ffc2be199b576748d878bc4194a50e9a09fa1ff255af64438492e6
14:17:31     STOCK_FILE pri podjetju 3: se ni na vrsti po razporedu; preskoceno.
14:17:31     Prebranih zapisov: 2762; SHA-256: 0acdbbfc56ffc2be199b576748d878bc4194a50e9a09fa1ff255af64438492e6
14:17:32     STOCK_FILE pri podjetju 4: se ni na vrsti po razporedu; preskoceno.
14:17:32     konec: Zaloga NW_STOCK
14:17:32  == Zaloga BT_STOCK ==
14:17:33     SOURCE_FETCH: se ni na vrsti po razporedu; preskoceno.
14:17:33     Prebranih zapisov: 1389; SHA-256: 7210ec1f16db2fbae3ae6dc2ff491e42b8d622a7883c0f65286b246b0849be1d
14:17:34     STOCK_FILE pri podjetju 1: se ni na vrsti po razporedu; preskoceno.
14:17:34     Prebranih zapisov: 1389; SHA-256: 7210ec1f16db2fbae3ae6dc2ff491e42b8d622a7883c0f65286b246b0849be1d
14:17:35     STOCK_FILE pri podjetju 2: se ni na vrsti po razporedu; preskoceno.
14:17:35     Prebranih zapisov: 1389; SHA-256: 7210ec1f16db2fbae3ae6dc2ff491e42b8d622a7883c0f65286b246b0849be1d
14:17:36     STOCK_FILE pri podjetju 3: se ni na vrsti po razporedu; preskoceno.
14:17:36     Prebranih zapisov: 1389; SHA-256: 7210ec1f16db2fbae3ae6dc2ff491e42b8d622a7883c0f65286b246b0849be1d
14:17:36     STOCK_FILE pri podjetju 4: se ni na vrsti po razporedu; preskoceno.
14:17:37     konec: Zaloga BT_STOCK
14:17:37  == Zaloga iz SAOP (kolicine) ==
14:17:37     [1] SAOP_STOCK: se ni na vrsti po razporedu; preskoceno.
14:17:37     [2] SAOP_STOCK: se ni na vrsti po razporedu; preskoceno.
14:17:37     [3] SAOP_STOCK: se ni na vrsti po razporedu; preskoceno.
14:17:37     [4] SAOP_STOCK: se ni na vrsti po razporedu; preskoceno.
14:17:37     konec: Zaloga iz SAOP (kolicine)
14:17:37  == Izvoz cen in zaloge za splet ==
14:17:39     Izvoz profila MAGENTO_STOCK_PRICES končan: 352 vrstic v C:\Users\david\Desktop\PIM\NoviPIM\izvoz\magento\1
14:17:43     Izvoz profila MAGENTO_STOCK_PRICES končan: 2071 vrstic v C:\Users\david\Desktop\PIM\NoviPIM\izvoz\magento\2
14:17:46     Izvoz profila MAGENTO_STOCK_PRICES končan: 2488 vrstic v C:\Users\david\Desktop\PIM\NoviPIM\izvoz\magento\3
14:17:47     Izvoz profila MAGENTO_STOCK_PRICES končan: 0 vrstic v C:\Users\david\Desktop\PIM\NoviPIM\izvoz\magento\4
14:17:47     konec: Izvoz cen in zaloge za splet
14:17:47  Zalogovni cikel koncan; padlih korakov: 0.
14:22:27  == Zaloga NW_STOCK ==
14:22:28     [NW_STOCK] preskoceno: Razmik dobavitelja se tece; naslednji prenos po 10. 09. 2026 15:17.
14:22:28     Prevzem koncan: uspesno 0, neuspesno 0, skupaj virov 1.
14:22:29     Prebranih zapisov: 2762; SHA-256: 0acdbbfc56ffc2be199b576748d878bc4194a50e9a09fa1ff255af64438492e6
14:22:29     Ta posnetek je ze v bazi; vir=NW_STOCK, podjetje=1, cas posnetka=2026-09-10 11:17:28Z, uporabljenih=2762, v karanteni=0, RunId=549dad8f-151a-4d60-969f-e0e8bbbb490a. Zapisano ni bilo nic.
14:22:30     Prebranih zapisov: 2762; SHA-256: 0acdbbfc56ffc2be199b576748d878bc4194a50e9a09fa1ff255af64438492e6
14:22:30     Ta posnetek je ze v bazi; vir=NW_STOCK, podjetje=2, cas posnetka=2026-09-10 11:17:28Z, uporabljenih=2762, v karanteni=0, RunId=84bd60a7-6a83-4688-ae93-32720e1219e5. Zapisano ni bilo nic.
14:22:31     Prebranih zapisov: 2762; SHA-256: 0acdbbfc56ffc2be199b576748d878bc4194a50e9a09fa1ff255af64438492e6
14:22:31     Ta posnetek je ze v bazi; vir=NW_STOCK, podjetje=3, cas posnetka=2026-09-10 11:17:28Z, uporabljenih=2762, v karanteni=0, RunId=70e70274-a43f-4e38-a30e-c6ef671428d2. Zapisano ni bilo nic.
14:22:32     Prebranih zapisov: 2762; SHA-256: 0acdbbfc56ffc2be199b576748d878bc4194a50e9a09fa1ff255af64438492e6
14:22:32     Ta posnetek je ze v bazi; vir=NW_STOCK, podjetje=4, cas posnetka=2026-09-10 11:17:28Z, uporabljenih=2762, v karanteni=0, RunId=7091fdff-0012-4484-9b6c-49c1d04c8fe7. Zapisano ni bilo nic.
14:22:32     konec: Zaloga NW_STOCK
14:22:32  == Zaloga BT_STOCK ==
14:22:33     SOURCE_FETCH: se ni na vrsti po razporedu; preskoceno.
14:22:34     Prebranih zapisov: 1389; SHA-256: 7210ec1f16db2fbae3ae6dc2ff491e42b8d622a7883c0f65286b246b0849be1d
14:22:34     STOCK_FILE pri podjetju 1: se ni na vrsti po razporedu; preskoceno.
14:22:35     Prebranih zapisov: 1389; SHA-256: 7210ec1f16db2fbae3ae6dc2ff491e42b8d622a7883c0f65286b246b0849be1d
14:22:35     STOCK_FILE pri podjetju 2: se ni na vrsti po razporedu; preskoceno.
14:22:36     Prebranih zapisov: 1389; SHA-256: 7210ec1f16db2fbae3ae6dc2ff491e42b8d622a7883c0f65286b246b0849be1d
14:22:36     STOCK_FILE pri podjetju 3: se ni na vrsti po razporedu; preskoceno.
14:22:37     Prebranih zapisov: 1389; SHA-256: 7210ec1f16db2fbae3ae6dc2ff491e42b8d622a7883c0f65286b246b0849be1d
14:22:37     STOCK_FILE pri podjetju 4: se ni na vrsti po razporedu; preskoceno.
14:22:37     konec: Zaloga BT_STOCK
14:22:37  == Zaloga iz SAOP (kolicine) ==
14:22:38     [1] SAOP_STOCK: se ni na vrsti po razporedu; preskoceno.
14:22:38     [2] SAOP_STOCK: se ni na vrsti po razporedu; preskoceno.
14:22:38     [3] SAOP_STOCK: se ni na vrsti po razporedu; preskoceno.
14:22:38     [4] SAOP_STOCK: se ni na vrsti po razporedu; preskoceno.
14:22:38     konec: Zaloga iz SAOP (kolicine)
14:22:38  == Izvoz cen in zaloge za splet ==
14:22:40     Izvoz profila MAGENTO_STOCK_PRICES končan: 352 vrstic v C:\Users\david\Desktop\PIM\NoviPIM\izvoz\magento\1
14:22:43     Izvoz profila MAGENTO_STOCK_PRICES končan: 2071 vrstic v C:\Users\david\Desktop\PIM\NoviPIM\izvoz\magento\2
14:22:47     Izvoz profila MAGENTO_STOCK_PRICES končan: 2488 vrstic v C:\Users\david\Desktop\PIM\NoviPIM\izvoz\magento\3
14:22:48     Izvoz profila MAGENTO_STOCK_PRICES končan: 0 vrstic v C:\Users\david\Desktop\PIM\NoviPIM\izvoz\magento\4
14:22:48     konec: Izvoz cen in zaloge za splet
14:22:48  Zalogovni cikel koncan; padlih korakov: 0.
14:27:27  == Zaloga NW_STOCK ==
14:27:28     SOURCE_FETCH: se ni na vrsti po razporedu; preskoceno.
14:27:28     Prebranih zapisov: 2762; SHA-256: 0acdbbfc56ffc2be199b576748d878bc4194a50e9a09fa1ff255af64438492e6
14:27:29     STOCK_FILE pri podjetju 1: se ni na vrsti po razporedu; preskoceno.
14:27:29     Prebranih zapisov: 2762; SHA-256: 0acdbbfc56ffc2be199b576748d878bc4194a50e9a09fa1ff255af64438492e6
14:27:30     STOCK_FILE pri podjetju 2: se ni na vrsti po razporedu; preskoceno.
14:27:30     Prebranih zapisov: 2762; SHA-256: 0acdbbfc56ffc2be199b576748d878bc4194a50e9a09fa1ff255af64438492e6
14:27:31     STOCK_FILE pri podjetju 3: se ni na vrsti po razporedu; preskoceno.
14:27:31     Prebranih zapisov: 2762; SHA-256: 0acdbbfc56ffc2be199b576748d878bc4194a50e9a09fa1ff255af64438492e6
14:27:32     STOCK_FILE pri podjetju 4: se ni na vrsti po razporedu; preskoceno.
14:27:32     konec: Zaloga NW_STOCK
14:27:32  == Zaloga BT_STOCK ==
14:27:33     [BT_STOCK] preskoceno: Razmik dobavitelja se tece; naslednji prenos po 10. 09. 2026 15:47.
14:27:33     Prevzem koncan: uspesno 0, neuspesno 0, skupaj virov 1.
14:27:33     Prebranih zapisov: 1389; SHA-256: 7210ec1f16db2fbae3ae6dc2ff491e42b8d622a7883c0f65286b246b0849be1d
14:27:34     Ta posnetek je ze v bazi; vir=BT_STOCK, podjetje=1, cas posnetka=2026-09-10 10:47:35Z, uporabljenih=1389, v karanteni=0, RunId=4514b45c-98b1-48f9-8a13-e4524d7baeaf. Zapisano ni bilo nic.
14:27:35     Prebranih zapisov: 1389; SHA-256: 7210ec1f16db2fbae3ae6dc2ff491e42b8d622a7883c0f65286b246b0849be1d
14:27:35     Ta posnetek je ze v bazi; vir=BT_STOCK, podjetje=2, cas posnetka=2026-09-10 10:47:35Z, uporabljenih=1389, v karanteni=0, RunId=9147ad1a-a465-4e02-969c-2aed97cba97a. Zapisano ni bilo nic.
14:27:36     Prebranih zapisov: 1389; SHA-256: 7210ec1f16db2fbae3ae6dc2ff491e42b8d622a7883c0f65286b246b0849be1d
14:27:36     Ta posnetek je ze v bazi; vir=BT_STOCK, podjetje=3, cas posnetka=2026-09-10 10:47:35Z, uporabljenih=1389, v karanteni=0, RunId=20e88f78-514b-4fd7-8111-efb858ce45f1. Zapisano ni bilo nic.
14:27:37     Prebranih zapisov: 1389; SHA-256: 7210ec1f16db2fbae3ae6dc2ff491e42b8d622a7883c0f65286b246b0849be1d
14:27:37     Ta posnetek je ze v bazi; vir=BT_STOCK, podjetje=4, cas posnetka=2026-09-10 10:47:35Z, uporabljenih=1389, v karanteni=0, RunId=70cbb147-1ded-4fb1-9375-02f842152638. Zapisano ni bilo nic.
14:27:37     konec: Zaloga BT_STOCK
14:27:37  == Zaloga iz SAOP (kolicine) ==
14:27:38     [1] SAOP_STOCK: se ni na vrsti po razporedu; preskoceno.
14:27:38     [2] SAOP_STOCK: se ni na vrsti po razporedu; preskoceno.
14:27:38     [3] SAOP_STOCK: se ni na vrsti po razporedu; preskoceno.
14:27:38     [4] SAOP_STOCK: se ni na vrsti po razporedu; preskoceno.
14:27:38     konec: Zaloga iz SAOP (kolicine)
14:27:38  == Izvoz cen in zaloge za splet ==
14:27:40     Izvoz profila MAGENTO_STOCK_PRICES končan: 352 vrstic v C:\Users\david\Desktop\PIM\NoviPIM\izvoz\magento\1
14:27:43     Izvoz profila MAGENTO_STOCK_PRICES končan: 2071 vrstic v C:\Users\david\Desktop\PIM\NoviPIM\izvoz\magento\2
14:27:46     Izvoz profila MAGENTO_STOCK_PRICES končan: 2488 vrstic v C:\Users\david\Desktop\PIM\NoviPIM\izvoz\magento\3
14:27:47     Izvoz profila MAGENTO_STOCK_PRICES končan: 0 vrstic v C:\Users\david\Desktop\PIM\NoviPIM\izvoz\magento\4
14:27:47     konec: Izvoz cen in zaloge za splet
14:27:47  Zalogovni cikel koncan; padlih korakov: 0.
14:32:27  == Zaloga NW_STOCK ==
14:32:28     SOURCE_FETCH: se ni na vrsti po razporedu; preskoceno.
14:32:28     Prebranih zapisov: 2762; SHA-256: 0acdbbfc56ffc2be199b576748d878bc4194a50e9a09fa1ff255af64438492e6
14:32:29     STOCK_FILE pri podjetju 1: se ni na vrsti po razporedu; preskoceno.
14:32:29     Prebranih zapisov: 2762; SHA-256: 0acdbbfc56ffc2be199b576748d878bc4194a50e9a09fa1ff255af64438492e6
14:32:30     STOCK_FILE pri podjetju 2: se ni na vrsti po razporedu; preskoceno.
14:32:30     Prebranih zapisov: 2762; SHA-256: 0acdbbfc56ffc2be199b576748d878bc4194a50e9a09fa1ff255af64438492e6
14:32:31     STOCK_FILE pri podjetju 3: se ni na vrsti po razporedu; preskoceno.
14:32:31     Prebranih zapisov: 2762; SHA-256: 0acdbbfc56ffc2be199b576748d878bc4194a50e9a09fa1ff255af64438492e6
14:32:32     STOCK_FILE pri podjetju 4: se ni na vrsti po razporedu; preskoceno.
14:32:32     konec: Zaloga NW_STOCK
14:32:32  == Zaloga BT_STOCK ==
14:32:33     SOURCE_FETCH: se ni na vrsti po razporedu; preskoceno.
14:32:33     Prebranih zapisov: 1389; SHA-256: 7210ec1f16db2fbae3ae6dc2ff491e42b8d622a7883c0f65286b246b0849be1d
14:32:34     STOCK_FILE pri podjetju 1: se ni na vrsti po razporedu; preskoceno.
14:32:34     Prebranih zapisov: 1389; SHA-256: 7210ec1f16db2fbae3ae6dc2ff491e42b8d622a7883c0f65286b246b0849be1d
14:32:35     STOCK_FILE pri podjetju 2: se ni na vrsti po razporedu; preskoceno.
14:32:35     Prebranih zapisov: 1389; SHA-256: 7210ec1f16db2fbae3ae6dc2ff491e42b8d622a7883c0f65286b246b0849be1d
14:32:36     STOCK_FILE pri podjetju 3: se ni na vrsti po razporedu; preskoceno.
14:32:36     Prebranih zapisov: 1389; SHA-256: 7210ec1f16db2fbae3ae6dc2ff491e42b8d622a7883c0f65286b246b0849be1d
14:32:37     STOCK_FILE pri podjetju 4: se ni na vrsti po razporedu; preskoceno.
14:32:37     konec: Zaloga BT_STOCK
14:32:37  == Zaloga iz SAOP (kolicine) ==
14:32:37     [1] SAOP_STOCK: se ni na vrsti po razporedu; preskoceno.
14:32:37     [2] SAOP_STOCK: se ni na vrsti po razporedu; preskoceno.
14:32:37     [3] SAOP_STOCK: se ni na vrsti po razporedu; preskoceno.
14:32:37     [4] SAOP_STOCK: se ni na vrsti po razporedu; preskoceno.
14:32:38     konec: Zaloga iz SAOP (kolicine)
14:32:38  == Izvoz cen in zaloge za splet ==
14:32:39     Izvoz profila MAGENTO_STOCK_PRICES končan: 352 vrstic v C:\Users\david\Desktop\PIM\NoviPIM\izvoz\magento\1
14:32:43     Izvoz profila MAGENTO_STOCK_PRICES končan: 2071 vrstic v C:\Users\david\Desktop\PIM\NoviPIM\izvoz\magento\2
14:32:46     Izvoz profila MAGENTO_STOCK_PRICES končan: 2488 vrstic v C:\Users\david\Desktop\PIM\NoviPIM\izvoz\magento\3
14:32:47     Izvoz profila MAGENTO_STOCK_PRICES končan: 0 vrstic v C:\Users\david\Desktop\PIM\NoviPIM\izvoz\magento\4
14:32:47     konec: Izvoz cen in zaloge za splet
14:32:47  Zalogovni cikel koncan; padlih korakov: 0.
14:37:27  == Zaloga NW_STOCK ==
14:37:28     [NW_STOCK] preskoceno: Razmik dobavitelja se tece; naslednji prenos po 10. 09. 2026 15:17.
14:37:28     Prevzem koncan: uspesno 0, neuspesno 0, skupaj virov 1.
14:37:29     Prebranih zapisov: 2762; SHA-256: 0acdbbfc56ffc2be199b576748d878bc4194a50e9a09fa1ff255af64438492e6
14:37:29     Ta posnetek je ze v bazi; vir=NW_STOCK, podjetje=1, cas posnetka=2026-09-10 11:17:28Z, uporabljenih=2762, v karanteni=0, RunId=549dad8f-151a-4d60-969f-e0e8bbbb490a. Zapisano ni bilo nic.
14:37:30     Prebranih zapisov: 2762; SHA-256: 0acdbbfc56ffc2be199b576748d878bc4194a50e9a09fa1ff255af64438492e6
14:37:30     Ta posnetek je ze v bazi; vir=NW_STOCK, podjetje=2, cas posnetka=2026-09-10 11:17:28Z, uporabljenih=2762, v karanteni=0, RunId=84bd60a7-6a83-4688-ae93-32720e1219e5. Zapisano ni bilo nic.
14:37:31     Prebranih zapisov: 2762; SHA-256: 0acdbbfc56ffc2be199b576748d878bc4194a50e9a09fa1ff255af64438492e6
14:37:31     Ta posnetek je ze v bazi; vir=NW_STOCK, podjetje=3, cas posnetka=2026-09-10 11:17:28Z, uporabljenih=2762, v karanteni=0, RunId=70e70274-a43f-4e38-a30e-c6ef671428d2. Zapisano ni bilo nic.
14:37:32     Prebranih zapisov: 2762; SHA-256: 0acdbbfc56ffc2be199b576748d878bc4194a50e9a09fa1ff255af64438492e6
14:37:32     Ta posnetek je ze v bazi; vir=NW_STOCK, podjetje=4, cas posnetka=2026-09-10 11:17:28Z, uporabljenih=2762, v karanteni=0, RunId=7091fdff-0012-4484-9b6c-49c1d04c8fe7. Zapisano ni bilo nic.
14:37:32     konec: Zaloga NW_STOCK
14:37:32  == Zaloga BT_STOCK ==
14:37:33     SOURCE_FETCH: se ni na vrsti po razporedu; preskoceno.
14:37:34     Prebranih zapisov: 1389; SHA-256: 7210ec1f16db2fbae3ae6dc2ff491e42b8d622a7883c0f65286b246b0849be1d
14:37:34     STOCK_FILE pri podjetju 1: se ni na vrsti po razporedu; preskoceno.
14:37:35     Prebranih zapisov: 1389; SHA-256: 7210ec1f16db2fbae3ae6dc2ff491e42b8d622a7883c0f65286b246b0849be1d
14:37:35     STOCK_FILE pri podjetju 2: se ni na vrsti po razporedu; preskoceno.
14:37:36     Prebranih zapisov: 1389; SHA-256: 7210ec1f16db2fbae3ae6dc2ff491e42b8d622a7883c0f65286b246b0849be1d
14:37:36     STOCK_FILE pri podjetju 3: se ni na vrsti po razporedu; preskoceno.
14:37:37     Prebranih zapisov: 1389; SHA-256: 7210ec1f16db2fbae3ae6dc2ff491e42b8d622a7883c0f65286b246b0849be1d
14:37:37     STOCK_FILE pri podjetju 4: se ni na vrsti po razporedu; preskoceno.
14:37:37     konec: Zaloga BT_STOCK
14:37:37  == Zaloga iz SAOP (kolicine) ==
14:37:38     [1] SAOP_STOCK: se ni na vrsti po razporedu; preskoceno.
14:37:38     [2] SAOP_STOCK: se ni na vrsti po razporedu; preskoceno.
14:37:38     [3] SAOP_STOCK: se ni na vrsti po razporedu; preskoceno.
14:37:38     [4] SAOP_STOCK: se ni na vrsti po razporedu; preskoceno.
14:37:38     konec: Zaloga iz SAOP (kolicine)
14:37:38  == Izvoz cen in zaloge za splet ==
14:37:40     Izvoz profila MAGENTO_STOCK_PRICES končan: 352 vrstic v C:\Users\david\Desktop\PIM\NoviPIM\izvoz\magento\1
14:37:43     Izvoz profila MAGENTO_STOCK_PRICES končan: 2071 vrstic v C:\Users\david\Desktop\PIM\NoviPIM\izvoz\magento\2
14:37:46     Izvoz profila MAGENTO_STOCK_PRICES končan: 2488 vrstic v C:\Users\david\Desktop\PIM\NoviPIM\izvoz\magento\3
14:37:47     Izvoz profila MAGENTO_STOCK_PRICES končan: 0 vrstic v C:\Users\david\Desktop\PIM\NoviPIM\izvoz\magento\4
14:37:47     konec: Izvoz cen in zaloge za splet
14:37:47  Zalogovni cikel koncan; padlih korakov: 0.
14:42:27  == Zaloga NW_STOCK ==
14:42:28     SOURCE_FETCH: se ni na vrsti po razporedu; preskoceno.
14:42:29     Prebranih zapisov: 2762; SHA-256: 0acdbbfc56ffc2be199b576748d878bc4194a50e9a09fa1ff255af64438492e6
14:42:29     STOCK_FILE pri podjetju 1: se ni na vrsti po razporedu; preskoceno.
14:42:29     Prebranih zapisov: 2762; SHA-256: 0acdbbfc56ffc2be199b576748d878bc4194a50e9a09fa1ff255af64438492e6
14:42:30     STOCK_FILE pri podjetju 2: se ni na vrsti po razporedu; preskoceno.
14:42:30     Prebranih zapisov: 2762; SHA-256: 0acdbbfc56ffc2be199b576748d878bc4194a50e9a09fa1ff255af64438492e6
14:42:31     STOCK_FILE pri podjetju 3: se ni na vrsti po razporedu; preskoceno.
14:42:31     Prebranih zapisov: 2762; SHA-256: 0acdbbfc56ffc2be199b576748d878bc4194a50e9a09fa1ff255af64438492e6
14:42:32     STOCK_FILE pri podjetju 4: se ni na vrsti po razporedu; preskoceno.
14:42:32     konec: Zaloga NW_STOCK
14:42:32  == Zaloga BT_STOCK ==
14:42:33     [BT_STOCK] preskoceno: Razmik dobavitelja se tece; naslednji prenos po 10. 09. 2026 15:47.
14:42:33     Prevzem koncan: uspesno 0, neuspesno 0, skupaj virov 1.
14:42:33     Prebranih zapisov: 1389; SHA-256: 7210ec1f16db2fbae3ae6dc2ff491e42b8d622a7883c0f65286b246b0849be1d
14:42:34     Ta posnetek je ze v bazi; vir=BT_STOCK, podjetje=1, cas posnetka=2026-09-10 10:47:35Z, uporabljenih=1389, v karanteni=0, RunId=4514b45c-98b1-48f9-8a13-e4524d7baeaf. Zapisano ni bilo nic.
14:42:35     Prebranih zapisov: 1389; SHA-256: 7210ec1f16db2fbae3ae6dc2ff491e42b8d622a7883c0f65286b246b0849be1d
14:42:35     Ta posnetek je ze v bazi; vir=BT_STOCK, podjetje=2, cas posnetka=2026-09-10 10:47:35Z, uporabljenih=1389, v karanteni=0, RunId=9147ad1a-a465-4e02-969c-2aed97cba97a. Zapisano ni bilo nic.
14:42:36     Prebranih zapisov: 1389; SHA-256: 7210ec1f16db2fbae3ae6dc2ff491e42b8d622a7883c0f65286b246b0849be1d
14:42:36     Ta posnetek je ze v bazi; vir=BT_STOCK, podjetje=3, cas posnetka=2026-09-10 10:47:35Z, uporabljenih=1389, v karanteni=0, RunId=20e88f78-514b-4fd7-8111-efb858ce45f1. Zapisano ni bilo nic.
14:42:37     Prebranih zapisov: 1389; SHA-256: 7210ec1f16db2fbae3ae6dc2ff491e42b8d622a7883c0f65286b246b0849be1d
14:42:37     Ta posnetek je ze v bazi; vir=BT_STOCK, podjetje=4, cas posnetka=2026-09-10 10:47:35Z, uporabljenih=1389, v karanteni=0, RunId=70cbb147-1ded-4fb1-9375-02f842152638. Zapisano ni bilo nic.
14:42:37     konec: Zaloga BT_STOCK
14:42:37  == Zaloga iz SAOP (kolicine) ==
14:42:59     STDERR: [1] NAPAKA: A connection attempt failed because the connected party did not properly respond after a period of time, or established connection failed because connected host has failed to respond. (192.168.178.12:81)
14:43:20     STDERR: [2] NAPAKA: A connection attempt failed because the connected party did not properly respond after a period of time, or established connection failed because connected host has failed to respond. (192.168.178.12:81)
14:43:41     STDERR: [3] NAPAKA: A connection attempt failed because the connected party did not properly respond after a period of time, or established connection failed because connected host has failed to respond. (192.168.178.12:81)
14:44:02     STDERR: [4] NAPAKA: A connection attempt failed because the connected party did not properly respond after a period of time, or established connection failed because connected host has failed to respond. (192.168.178.12:81)
14:44:02     NAPAKA: worker workers\PIM.SaopStockWorker je koncal z izhodno kodo 1
14:44:02  == Izvoz cen in zaloge za splet ==
14:44:04     Izvoz profila MAGENTO_STOCK_PRICES končan: 352 vrstic v C:\Users\david\Desktop\PIM\NoviPIM\izvoz\magento\1
14:44:08     Izvoz profila MAGENTO_STOCK_PRICES končan: 2071 vrstic v C:\Users\david\Desktop\PIM\NoviPIM\izvoz\magento\2
14:44:11     Izvoz profila MAGENTO_STOCK_PRICES končan: 2488 vrstic v C:\Users\david\Desktop\PIM\NoviPIM\izvoz\magento\3
14:44:12     Izvoz profila MAGENTO_STOCK_PRICES končan: 0 vrstic v C:\Users\david\Desktop\PIM\NoviPIM\izvoz\magento\4
14:44:12     konec: Izvoz cen in zaloge za splet
14:44:12  Zalogovni cikel koncan; padlih korakov: 1.
14:47:27  == Zaloga NW_STOCK ==
14:47:28     SOURCE_FETCH: se ni na vrsti po razporedu; preskoceno.
14:47:28     Prebranih zapisov: 2762; SHA-256: 0acdbbfc56ffc2be199b576748d878bc4194a50e9a09fa1ff255af64438492e6
14:47:29     STOCK_FILE pri podjetju 1: se ni na vrsti po razporedu; preskoceno.
14:47:29     Prebranih zapisov: 2762; SHA-256: 0acdbbfc56ffc2be199b576748d878bc4194a50e9a09fa1ff255af64438492e6
14:47:30     STOCK_FILE pri podjetju 2: se ni na vrsti po razporedu; preskoceno.
14:47:30     Prebranih zapisov: 2762; SHA-256: 0acdbbfc56ffc2be199b576748d878bc4194a50e9a09fa1ff255af64438492e6
14:47:31     STOCK_FILE pri podjetju 3: se ni na vrsti po razporedu; preskoceno.
14:47:31     Prebranih zapisov: 2762; SHA-256: 0acdbbfc56ffc2be199b576748d878bc4194a50e9a09fa1ff255af64438492e6
14:47:32     STOCK_FILE pri podjetju 4: se ni na vrsti po razporedu; preskoceno.
14:47:32     konec: Zaloga NW_STOCK
14:47:32  == Zaloga BT_STOCK ==
14:47:33     SOURCE_FETCH: se ni na vrsti po razporedu; preskoceno.
14:47:33     Prebranih zapisov: 1389; SHA-256: 7210ec1f16db2fbae3ae6dc2ff491e42b8d622a7883c0f65286b246b0849be1d
14:47:34     STOCK_FILE pri podjetju 1: se ni na vrsti po razporedu; preskoceno.
14:47:34     Prebranih zapisov: 1389; SHA-256: 7210ec1f16db2fbae3ae6dc2ff491e42b8d622a7883c0f65286b246b0849be1d
14:47:35     STOCK_FILE pri podjetju 2: se ni na vrsti po razporedu; preskoceno.
14:47:35     Prebranih zapisov: 1389; SHA-256: 7210ec1f16db2fbae3ae6dc2ff491e42b8d622a7883c0f65286b246b0849be1d
14:47:36     STOCK_FILE pri podjetju 3: se ni na vrsti po razporedu; preskoceno.
14:47:36     Prebranih zapisov: 1389; SHA-256: 7210ec1f16db2fbae3ae6dc2ff491e42b8d622a7883c0f65286b246b0849be1d
14:47:37     STOCK_FILE pri podjetju 4: se ni na vrsti po razporedu; preskoceno.
14:47:37     konec: Zaloga BT_STOCK
14:47:37  == Zaloga iz SAOP (kolicine) ==
14:47:38     [1] SAOP_STOCK: se ni na vrsti po razporedu; preskoceno.
14:47:38     [2] SAOP_STOCK: se ni na vrsti po razporedu; preskoceno.
14:47:38     [3] SAOP_STOCK: se ni na vrsti po razporedu; preskoceno.
14:47:38     [4] SAOP_STOCK: se ni na vrsti po razporedu; preskoceno.
14:47:38     konec: Zaloga iz SAOP (kolicine)
14:47:38  == Izvoz cen in zaloge za splet ==
14:47:39     Izvoz profila MAGENTO_STOCK_PRICES končan: 352 vrstic v C:\Users\david\Desktop\PIM\NoviPIM\izvoz\magento\1
14:47:43     Izvoz profila MAGENTO_STOCK_PRICES končan: 2071 vrstic v C:\Users\david\Desktop\PIM\NoviPIM\izvoz\magento\2
14:47:46     Izvoz profila MAGENTO_STOCK_PRICES končan: 2488 vrstic v C:\Users\david\Desktop\PIM\NoviPIM\izvoz\magento\3
14:47:47     Izvoz profila MAGENTO_STOCK_PRICES končan: 0 vrstic v C:\Users\david\Desktop\PIM\NoviPIM\izvoz\magento\4
14:47:47     konec: Izvoz cen in zaloge za splet
14:47:47  Zalogovni cikel koncan; padlih korakov: 0.
14:52:27  == Zaloga NW_STOCK ==
14:52:28     [NW_STOCK] preskoceno: Razmik dobavitelja se tece; naslednji prenos po 10. 09. 2026 15:17.
14:52:28     Prevzem koncan: uspesno 0, neuspesno 0, skupaj virov 1.
14:52:29     Prebranih zapisov: 2762; SHA-256: 0acdbbfc56ffc2be199b576748d878bc4194a50e9a09fa1ff255af64438492e6
14:52:29     Ta posnetek je ze v bazi; vir=NW_STOCK, podjetje=1, cas posnetka=2026-09-10 11:17:28Z, uporabljenih=2762, v karanteni=0, RunId=549dad8f-151a-4d60-969f-e0e8bbbb490a. Zapisano ni bilo nic.
14:52:30     Prebranih zapisov: 2762; SHA-256: 0acdbbfc56ffc2be199b576748d878bc4194a50e9a09fa1ff255af64438492e6
14:52:30     Ta posnetek je ze v bazi; vir=NW_STOCK, podjetje=2, cas posnetka=2026-09-10 11:17:28Z, uporabljenih=2762, v karanteni=0, RunId=84bd60a7-6a83-4688-ae93-32720e1219e5. Zapisano ni bilo nic.
14:52:31     Prebranih zapisov: 2762; SHA-256: 0acdbbfc56ffc2be199b576748d878bc4194a50e9a09fa1ff255af64438492e6
14:52:31     Ta posnetek je ze v bazi; vir=NW_STOCK, podjetje=3, cas posnetka=2026-09-10 11:17:28Z, uporabljenih=2762, v karanteni=0, RunId=70e70274-a43f-4e38-a30e-c6ef671428d2. Zapisano ni bilo nic.
14:52:32     Prebranih zapisov: 2762; SHA-256: 0acdbbfc56ffc2be199b576748d878bc4194a50e9a09fa1ff255af64438492e6
14:52:32     Ta posnetek je ze v bazi; vir=NW_STOCK, podjetje=4, cas posnetka=2026-09-10 11:17:28Z, uporabljenih=2762, v karanteni=0, RunId=7091fdff-0012-4484-9b6c-49c1d04c8fe7. Zapisano ni bilo nic.
14:52:32     konec: Zaloga NW_STOCK
14:52:32  == Zaloga BT_STOCK ==
14:52:33     SOURCE_FETCH: se ni na vrsti po razporedu; preskoceno.
14:52:34     Prebranih zapisov: 1389; SHA-256: 7210ec1f16db2fbae3ae6dc2ff491e42b8d622a7883c0f65286b246b0849be1d
14:52:34     STOCK_FILE pri podjetju 1: se ni na vrsti po razporedu; preskoceno.
14:52:35     Prebranih zapisov: 1389; SHA-256: 7210ec1f16db2fbae3ae6dc2ff491e42b8d622a7883c0f65286b246b0849be1d
14:52:35     STOCK_FILE pri podjetju 2: se ni na vrsti po razporedu; preskoceno.
14:52:36     Prebranih zapisov: 1389; SHA-256: 7210ec1f16db2fbae3ae6dc2ff491e42b8d622a7883c0f65286b246b0849be1d
14:52:36     STOCK_FILE pri podjetju 3: se ni na vrsti po razporedu; preskoceno.
14:52:37     Prebranih zapisov: 1389; SHA-256: 7210ec1f16db2fbae3ae6dc2ff491e42b8d622a7883c0f65286b246b0849be1d
14:52:37     STOCK_FILE pri podjetju 4: se ni na vrsti po razporedu; preskoceno.
14:52:37     konec: Zaloga BT_STOCK
14:52:37  == Zaloga iz SAOP (kolicine) ==
14:52:38     [1] SAOP_STOCK: se ni na vrsti po razporedu; preskoceno.
14:52:38     [2] SAOP_STOCK: se ni na vrsti po razporedu; preskoceno.
14:52:38     [3] SAOP_STOCK: se ni na vrsti po razporedu; preskoceno.
14:52:38     [4] SAOP_STOCK: se ni na vrsti po razporedu; preskoceno.
14:52:38     konec: Zaloga iz SAOP (kolicine)
14:52:38  == Izvoz cen in zaloge za splet ==
14:52:40     Izvoz profila MAGENTO_STOCK_PRICES končan: 352 vrstic v C:\Users\david\Desktop\PIM\NoviPIM\izvoz\magento\1
14:52:43     Izvoz profila MAGENTO_STOCK_PRICES končan: 2071 vrstic v C:\Users\david\Desktop\PIM\NoviPIM\izvoz\magento\2
14:52:46     Izvoz profila MAGENTO_STOCK_PRICES končan: 2488 vrstic v C:\Users\david\Desktop\PIM\NoviPIM\izvoz\magento\3
14:52:47     Izvoz profila MAGENTO_STOCK_PRICES končan: 0 vrstic v C:\Users\david\Desktop\PIM\NoviPIM\izvoz\magento\4
14:52:47     konec: Izvoz cen in zaloge za splet
14:52:47  Zalogovni cikel koncan; padlih korakov: 0.
14:57:27  == Zaloga NW_STOCK ==
14:57:28     SOURCE_FETCH: se ni na vrsti po razporedu; preskoceno.
14:57:28     Prebranih zapisov: 2762; SHA-256: 0acdbbfc56ffc2be199b576748d878bc4194a50e9a09fa1ff255af64438492e6
14:57:29     STOCK_FILE pri podjetju 1: se ni na vrsti po razporedu; preskoceno.
14:57:29     Prebranih zapisov: 2762; SHA-256: 0acdbbfc56ffc2be199b576748d878bc4194a50e9a09fa1ff255af64438492e6
14:57:30     STOCK_FILE pri podjetju 2: se ni na vrsti po razporedu; preskoceno.
14:57:30     Prebranih zapisov: 2762; SHA-256: 0acdbbfc56ffc2be199b576748d878bc4194a50e9a09fa1ff255af64438492e6
14:57:31     STOCK_FILE pri podjetju 3: se ni na vrsti po razporedu; preskoceno.
14:57:31     Prebranih zapisov: 2762; SHA-256: 0acdbbfc56ffc2be199b576748d878bc4194a50e9a09fa1ff255af64438492e6
14:57:32     STOCK_FILE pri podjetju 4: se ni na vrsti po razporedu; preskoceno.
14:57:32     konec: Zaloga NW_STOCK
14:57:32  == Zaloga BT_STOCK ==
14:57:33     [BT_STOCK] preskoceno: Razmik dobavitelja se tece; naslednji prenos po 10. 09. 2026 15:47.
14:57:33     Prevzem koncan: uspesno 0, neuspesno 0, skupaj virov 1.
14:57:34     Prebranih zapisov: 1389; SHA-256: 7210ec1f16db2fbae3ae6dc2ff491e42b8d622a7883c0f65286b246b0849be1d
14:57:34     Ta posnetek je ze v bazi; vir=BT_STOCK, podjetje=1, cas posnetka=2026-09-10 10:47:35Z, uporabljenih=1389, v karanteni=0, RunId=4514b45c-98b1-48f9-8a13-e4524d7baeaf. Zapisano ni bilo nic.
14:57:35     Prebranih zapisov: 1389; SHA-256: 7210ec1f16db2fbae3ae6dc2ff491e42b8d622a7883c0f65286b246b0849be1d
14:57:35     Ta posnetek je ze v bazi; vir=BT_STOCK, podjetje=2, cas posnetka=2026-09-10 10:47:35Z, uporabljenih=1389, v karanteni=0, RunId=9147ad1a-a465-4e02-969c-2aed97cba97a. Zapisano ni bilo nic.
14:57:36     Prebranih zapisov: 1389; SHA-256: 7210ec1f16db2fbae3ae6dc2ff491e42b8d622a7883c0f65286b246b0849be1d
14:57:36     Ta posnetek je ze v bazi; vir=BT_STOCK, podjetje=3, cas posnetka=2026-09-10 10:47:35Z, uporabljenih=1389, v karanteni=0, RunId=20e88f78-514b-4fd7-8111-efb858ce45f1. Zapisano ni bilo nic.
14:57:37     Prebranih zapisov: 1389; SHA-256: 7210ec1f16db2fbae3ae6dc2ff491e42b8d622a7883c0f65286b246b0849be1d
14:57:37     Ta posnetek je ze v bazi; vir=BT_STOCK, podjetje=4, cas posnetka=2026-09-10 10:47:35Z, uporabljenih=1389, v karanteni=0, RunId=70cbb147-1ded-4fb1-9375-02f842152638. Zapisano ni bilo nic.
14:57:37     konec: Zaloga BT_STOCK
14:57:37  == Zaloga iz SAOP (kolicine) ==
14:57:38     [1] SAOP_STOCK: se ni na vrsti po razporedu; preskoceno.
14:57:38     [2] SAOP_STOCK: se ni na vrsti po razporedu; preskoceno.
14:57:38     [3] SAOP_STOCK: se ni na vrsti po razporedu; preskoceno.
14:57:38     [4] SAOP_STOCK: se ni na vrsti po razporedu; preskoceno.
14:57:38     konec: Zaloga iz SAOP (kolicine)
14:57:38  == Izvoz cen in zaloge za splet ==
14:57:40     Izvoz profila MAGENTO_STOCK_PRICES končan: 352 vrstic v C:\Users\david\Desktop\PIM\NoviPIM\izvoz\magento\1
14:57:43     Izvoz profila MAGENTO_STOCK_PRICES končan: 2071 vrstic v C:\Users\david\Desktop\PIM\NoviPIM\izvoz\magento\2
14:57:46     Izvoz profila MAGENTO_STOCK_PRICES končan: 2488 vrstic v C:\Users\david\Desktop\PIM\NoviPIM\izvoz\magento\3
14:57:48     Izvoz profila MAGENTO_STOCK_PRICES končan: 0 vrstic v C:\Users\david\Desktop\PIM\NoviPIM\izvoz\magento\4
14:57:48     konec: Izvoz cen in zaloge za splet
14:57:48  Zalogovni cikel koncan; padlih korakov: 0.
15:02:27  == Zaloga NW_STOCK ==
15:02:28     SOURCE_FETCH: se ni na vrsti po razporedu; preskoceno.
15:02:29     Prebranih zapisov: 2762; SHA-256: 0acdbbfc56ffc2be199b576748d878bc4194a50e9a09fa1ff255af64438492e6
15:02:29     STOCK_FILE pri podjetju 1: se ni na vrsti po razporedu; preskoceno.
15:02:29     Prebranih zapisov: 2762; SHA-256: 0acdbbfc56ffc2be199b576748d878bc4194a50e9a09fa1ff255af64438492e6
15:02:30     STOCK_FILE pri podjetju 2: se ni na vrsti po razporedu; preskoceno.
15:02:30     Prebranih zapisov: 2762; SHA-256: 0acdbbfc56ffc2be199b576748d878bc4194a50e9a09fa1ff255af64438492e6
15:02:31     STOCK_FILE pri podjetju 3: se ni na vrsti po razporedu; preskoceno.
15:02:31     Prebranih zapisov: 2762; SHA-256: 0acdbbfc56ffc2be199b576748d878bc4194a50e9a09fa1ff255af64438492e6
15:02:32     STOCK_FILE pri podjetju 4: se ni na vrsti po razporedu; preskoceno.
15:02:32     konec: Zaloga NW_STOCK
15:02:32  == Zaloga BT_STOCK ==
15:02:33     SOURCE_FETCH: se ni na vrsti po razporedu; preskoceno.
15:02:33     Prebranih zapisov: 1389; SHA-256: 7210ec1f16db2fbae3ae6dc2ff491e42b8d622a7883c0f65286b246b0849be1d
15:02:34     STOCK_FILE pri podjetju 1: se ni na vrsti po razporedu; preskoceno.
15:02:34     Prebranih zapisov: 1389; SHA-256: 7210ec1f16db2fbae3ae6dc2ff491e42b8d622a7883c0f65286b246b0849be1d
15:02:34     STOCK_FILE pri podjetju 2: se ni na vrsti po razporedu; preskoceno.
15:02:35     Prebranih zapisov: 1389; SHA-256: 7210ec1f16db2fbae3ae6dc2ff491e42b8d622a7883c0f65286b246b0849be1d
15:02:35     STOCK_FILE pri podjetju 3: se ni na vrsti po razporedu; preskoceno.
15:02:36     Prebranih zapisov: 1389; SHA-256: 7210ec1f16db2fbae3ae6dc2ff491e42b8d622a7883c0f65286b246b0849be1d
15:02:36     STOCK_FILE pri podjetju 4: se ni na vrsti po razporedu; preskoceno.
15:02:36     konec: Zaloga BT_STOCK
15:02:36  == Zaloga iz SAOP (kolicine) ==
15:02:37     [1] SAOP_STOCK: se ni na vrsti po razporedu; preskoceno.
15:02:37     [2] SAOP_STOCK: se ni na vrsti po razporedu; preskoceno.
15:02:37     [3] SAOP_STOCK: se ni na vrsti po razporedu; preskoceno.
15:02:37     [4] SAOP_STOCK: se ni na vrsti po razporedu; preskoceno.
15:02:37     konec: Zaloga iz SAOP (kolicine)
15:02:37  == Izvoz cen in zaloge za splet ==
15:02:39     Izvoz profila MAGENTO_STOCK_PRICES končan: 352 vrstic v C:\Users\david\Desktop\PIM\NoviPIM\izvoz\magento\1
15:02:42     Izvoz profila MAGENTO_STOCK_PRICES končan: 2071 vrstic v C:\Users\david\Desktop\PIM\NoviPIM\izvoz\magento\2
15:02:45     Izvoz profila MAGENTO_STOCK_PRICES končan: 2488 vrstic v C:\Users\david\Desktop\PIM\NoviPIM\izvoz\magento\3
15:02:47     Izvoz profila MAGENTO_STOCK_PRICES končan: 0 vrstic v C:\Users\david\Desktop\PIM\NoviPIM\izvoz\magento\4
15:02:47     konec: Izvoz cen in zaloge za splet
15:02:47  Zalogovni cikel koncan; padlih korakov: 0.
15:07:27  == Zaloga NW_STOCK ==
15:07:28     [NW_STOCK] preskoceno: Razmik dobavitelja se tece; naslednji prenos po 10. 09. 2026 15:17.
15:07:28     Prevzem koncan: uspesno 0, neuspesno 0, skupaj virov 1.
15:07:29     Prebranih zapisov: 2762; SHA-256: 0acdbbfc56ffc2be199b576748d878bc4194a50e9a09fa1ff255af64438492e6
15:07:29     Ta posnetek je ze v bazi; vir=NW_STOCK, podjetje=1, cas posnetka=2026-09-10 11:17:28Z, uporabljenih=2762, v karanteni=0, RunId=549dad8f-151a-4d60-969f-e0e8bbbb490a. Zapisano ni bilo nic.
15:07:30     Prebranih zapisov: 2762; SHA-256: 0acdbbfc56ffc2be199b576748d878bc4194a50e9a09fa1ff255af64438492e6
15:07:30     Ta posnetek je ze v bazi; vir=NW_STOCK, podjetje=2, cas posnetka=2026-09-10 11:17:28Z, uporabljenih=2762, v karanteni=0, RunId=84bd60a7-6a83-4688-ae93-32720e1219e5. Zapisano ni bilo nic.
15:07:31     Prebranih zapisov: 2762; SHA-256: 0acdbbfc56ffc2be199b576748d878bc4194a50e9a09fa1ff255af64438492e6
15:07:31     Ta posnetek je ze v bazi; vir=NW_STOCK, podjetje=3, cas posnetka=2026-09-10 11:17:28Z, uporabljenih=2762, v karanteni=0, RunId=70e70274-a43f-4e38-a30e-c6ef671428d2. Zapisano ni bilo nic.
15:07:32     Prebranih zapisov: 2762; SHA-256: 0acdbbfc56ffc2be199b576748d878bc4194a50e9a09fa1ff255af64438492e6
15:07:32     Ta posnetek je ze v bazi; vir=NW_STOCK, podjetje=4, cas posnetka=2026-09-10 11:17:28Z, uporabljenih=2762, v karanteni=0, RunId=7091fdff-0012-4484-9b6c-49c1d04c8fe7. Zapisano ni bilo nic.
15:07:32     konec: Zaloga NW_STOCK
15:07:32  == Zaloga BT_STOCK ==
15:07:33     SOURCE_FETCH: se ni na vrsti po razporedu; preskoceno.
15:07:34     Prebranih zapisov: 1389; SHA-256: 7210ec1f16db2fbae3ae6dc2ff491e42b8d622a7883c0f65286b246b0849be1d
15:07:34     STOCK_FILE pri podjetju 1: se ni na vrsti po razporedu; preskoceno.
15:07:35     Prebranih zapisov: 1389; SHA-256: 7210ec1f16db2fbae3ae6dc2ff491e42b8d622a7883c0f65286b246b0849be1d
15:07:35     STOCK_FILE pri podjetju 2: se ni na vrsti po razporedu; preskoceno.
15:07:36     Prebranih zapisov: 1389; SHA-256: 7210ec1f16db2fbae3ae6dc2ff491e42b8d622a7883c0f65286b246b0849be1d
15:07:36     STOCK_FILE pri podjetju 3: se ni na vrsti po razporedu; preskoceno.
15:07:37     Prebranih zapisov: 1389; SHA-256: 7210ec1f16db2fbae3ae6dc2ff491e42b8d622a7883c0f65286b246b0849be1d
15:07:37     STOCK_FILE pri podjetju 4: se ni na vrsti po razporedu; preskoceno.
15:07:37     konec: Zaloga BT_STOCK
15:07:37  == Zaloga iz SAOP (kolicine) ==
15:07:38     [1] SAOP_STOCK: se ni na vrsti po razporedu; preskoceno.
15:07:38     [2] SAOP_STOCK: se ni na vrsti po razporedu; preskoceno.
15:07:38     [3] SAOP_STOCK: se ni na vrsti po razporedu; preskoceno.
15:07:38     [4] SAOP_STOCK: se ni na vrsti po razporedu; preskoceno.
15:07:38     konec: Zaloga iz SAOP (kolicine)
15:07:38  == Izvoz cen in zaloge za splet ==
15:07:40     Izvoz profila MAGENTO_STOCK_PRICES končan: 352 vrstic v C:\Users\david\Desktop\PIM\NoviPIM\izvoz\magento\1
15:07:43     Izvoz profila MAGENTO_STOCK_PRICES končan: 2071 vrstic v C:\Users\david\Desktop\PIM\NoviPIM\izvoz\magento\2
15:07:46     Izvoz profila MAGENTO_STOCK_PRICES končan: 2488 vrstic v C:\Users\david\Desktop\PIM\NoviPIM\izvoz\magento\3
15:07:47     Izvoz profila MAGENTO_STOCK_PRICES končan: 0 vrstic v C:\Users\david\Desktop\PIM\NoviPIM\izvoz\magento\4
15:07:47     konec: Izvoz cen in zaloge za splet
15:07:47  Zalogovni cikel koncan; padlih korakov: 0.
15:12:27  == Zaloga NW_STOCK ==
15:12:28     SOURCE_FETCH: se ni na vrsti po razporedu; preskoceno.
15:12:29     Prebranih zapisov: 2762; SHA-256: 0acdbbfc56ffc2be199b576748d878bc4194a50e9a09fa1ff255af64438492e6
15:12:29     STOCK_FILE pri podjetju 1: se ni na vrsti po razporedu; preskoceno.
15:12:29     Prebranih zapisov: 2762; SHA-256: 0acdbbfc56ffc2be199b576748d878bc4194a50e9a09fa1ff255af64438492e6
15:12:30     STOCK_FILE pri podjetju 2: se ni na vrsti po razporedu; preskoceno.
15:12:30     Prebranih zapisov: 2762; SHA-256: 0acdbbfc56ffc2be199b576748d878bc4194a50e9a09fa1ff255af64438492e6
15:12:31     STOCK_FILE pri podjetju 3: se ni na vrsti po razporedu; preskoceno.
15:12:31     Prebranih zapisov: 2762; SHA-256: 0acdbbfc56ffc2be199b576748d878bc4194a50e9a09fa1ff255af64438492e6
15:12:32     STOCK_FILE pri podjetju 4: se ni na vrsti po razporedu; preskoceno.
15:12:32     konec: Zaloga NW_STOCK
15:12:32  == Zaloga BT_STOCK ==
15:12:33     [BT_STOCK] preskoceno: Razmik dobavitelja se tece; naslednji prenos po 10. 09. 2026 15:47.
15:12:33     Prevzem koncan: uspesno 0, neuspesno 0, skupaj virov 1.
15:12:33     Prebranih zapisov: 1389; SHA-256: 7210ec1f16db2fbae3ae6dc2ff491e42b8d622a7883c0f65286b246b0849be1d
15:12:34     Ta posnetek je ze v bazi; vir=BT_STOCK, podjetje=1, cas posnetka=2026-09-10 10:47:35Z, uporabljenih=1389, v karanteni=0, RunId=4514b45c-98b1-48f9-8a13-e4524d7baeaf. Zapisano ni bilo nic.
15:12:34     Prebranih zapisov: 1389; SHA-256: 7210ec1f16db2fbae3ae6dc2ff491e42b8d622a7883c0f65286b246b0849be1d
15:12:35     Ta posnetek je ze v bazi; vir=BT_STOCK, podjetje=2, cas posnetka=2026-09-10 10:47:35Z, uporabljenih=1389, v karanteni=0, RunId=9147ad1a-a465-4e02-969c-2aed97cba97a. Zapisano ni bilo nic.
15:12:36     Prebranih zapisov: 1389; SHA-256: 7210ec1f16db2fbae3ae6dc2ff491e42b8d622a7883c0f65286b246b0849be1d
15:12:36     Ta posnetek je ze v bazi; vir=BT_STOCK, podjetje=3, cas posnetka=2026-09-10 10:47:35Z, uporabljenih=1389, v karanteni=0, RunId=20e88f78-514b-4fd7-8111-efb858ce45f1. Zapisano ni bilo nic.
15:12:37     Prebranih zapisov: 1389; SHA-256: 7210ec1f16db2fbae3ae6dc2ff491e42b8d622a7883c0f65286b246b0849be1d
15:12:37     Ta posnetek je ze v bazi; vir=BT_STOCK, podjetje=4, cas posnetka=2026-09-10 10:47:35Z, uporabljenih=1389, v karanteni=0, RunId=70cbb147-1ded-4fb1-9375-02f842152638. Zapisano ni bilo nic.
15:12:37     konec: Zaloga BT_STOCK
15:12:37  == Zaloga iz SAOP (kolicine) ==
15:12:38     [1] SAOP_STOCK: se ni na vrsti po razporedu; preskoceno.
15:12:38     [2] SAOP_STOCK: se ni na vrsti po razporedu; preskoceno.
15:12:38     [3] SAOP_STOCK: se ni na vrsti po razporedu; preskoceno.
15:12:38     [4] SAOP_STOCK: se ni na vrsti po razporedu; preskoceno.
15:12:38     konec: Zaloga iz SAOP (kolicine)
15:12:38  == Izvoz cen in zaloge za splet ==
15:12:40     Izvoz profila MAGENTO_STOCK_PRICES končan: 352 vrstic v C:\Users\david\Desktop\PIM\NoviPIM\izvoz\magento\1
15:12:43     Izvoz profila MAGENTO_STOCK_PRICES končan: 2071 vrstic v C:\Users\david\Desktop\PIM\NoviPIM\izvoz\magento\2
15:12:46     Izvoz profila MAGENTO_STOCK_PRICES končan: 2488 vrstic v C:\Users\david\Desktop\PIM\NoviPIM\izvoz\magento\3
15:12:47     Izvoz profila MAGENTO_STOCK_PRICES končan: 0 vrstic v C:\Users\david\Desktop\PIM\NoviPIM\izvoz\magento\4
15:12:47     konec: Izvoz cen in zaloge za splet
15:12:47  Zalogovni cikel koncan; padlih korakov: 0.
15:17:27  == Zaloga NW_STOCK ==
15:17:28     SOURCE_FETCH: se ni na vrsti po razporedu; preskoceno.
15:17:29     Prebranih zapisov: 2762; SHA-256: 0acdbbfc56ffc2be199b576748d878bc4194a50e9a09fa1ff255af64438492e6
15:17:29     STOCK_FILE pri podjetju 1: se ni na vrsti po razporedu; preskoceno.
15:17:29     Prebranih zapisov: 2762; SHA-256: 0acdbbfc56ffc2be199b576748d878bc4194a50e9a09fa1ff255af64438492e6
15:17:30     STOCK_FILE pri podjetju 2: se ni na vrsti po razporedu; preskoceno.
15:17:30     Prebranih zapisov: 2762; SHA-256: 0acdbbfc56ffc2be199b576748d878bc4194a50e9a09fa1ff255af64438492e6
15:17:31     STOCK_FILE pri podjetju 3: se ni na vrsti po razporedu; preskoceno.
15:17:31     Prebranih zapisov: 2762; SHA-256: 0acdbbfc56ffc2be199b576748d878bc4194a50e9a09fa1ff255af64438492e6
15:17:32     STOCK_FILE pri podjetju 4: se ni na vrsti po razporedu; preskoceno.
15:17:32     konec: Zaloga NW_STOCK
15:17:32  == Zaloga BT_STOCK ==
15:17:33     [BT_STOCK] preskoceno: Razmik dobavitelja se tece; naslednji prenos po 10. 09. 2026 15:47.
15:17:33     Prevzem koncan: uspesno 0, neuspesno 0, skupaj virov 1.
15:17:33     Prebranih zapisov: 1389; SHA-256: 7210ec1f16db2fbae3ae6dc2ff491e42b8d622a7883c0f65286b246b0849be1d
15:17:34     Ta posnetek je ze v bazi; vir=BT_STOCK, podjetje=1, cas posnetka=2026-09-10 10:47:35Z, uporabljenih=1389, v karanteni=0, RunId=4514b45c-98b1-48f9-8a13-e4524d7baeaf. Zapisano ni bilo nic.
15:17:34     Prebranih zapisov: 1389; SHA-256: 7210ec1f16db2fbae3ae6dc2ff491e42b8d622a7883c0f65286b246b0849be1d
15:17:35     STOCK_FILE pri podjetju 2: se ni na vrsti po razporedu; preskoceno.
15:17:35     Prebranih zapisov: 1389; SHA-256: 7210ec1f16db2fbae3ae6dc2ff491e42b8d622a7883c0f65286b246b0849be1d
15:17:36     STOCK_FILE pri podjetju 3: se ni na vrsti po razporedu; preskoceno.
15:17:36     Prebranih zapisov: 1389; SHA-256: 7210ec1f16db2fbae3ae6dc2ff491e42b8d622a7883c0f65286b246b0849be1d
15:17:37     STOCK_FILE pri podjetju 4: se ni na vrsti po razporedu; preskoceno.
15:17:37     konec: Zaloga BT_STOCK
15:17:37  == Zaloga iz SAOP (kolicine) ==
15:17:59     STDERR: [1] NAPAKA: A connection attempt failed because the connected party did not properly respond after a period of time, or established connection failed because connected host has failed to respond. (192.168.178.12:81)
15:18:20     STDERR: [2] NAPAKA: A connection attempt failed because the connected party did not properly respond after a period of time, or established connection failed because connected host has failed to respond. (192.168.178.12:81)
15:18:41     STDERR: [3] NAPAKA: A connection attempt failed because the connected party did not properly respond after a period of time, or established connection failed because connected host has failed to respond. (192.168.178.12:81)
15:19:02     STDERR: [4] NAPAKA: A connection attempt failed because the connected party did not properly respond after a period of time, or established connection failed because connected host has failed to respond. (192.168.178.12:81)
15:19:02     NAPAKA: worker workers\PIM.SaopStockWorker je koncal z izhodno kodo 1
15:19:02  == Izvoz cen in zaloge za splet ==
15:19:04     Izvoz profila MAGENTO_STOCK_PRICES končan: 352 vrstic v C:\Users\david\Desktop\PIM\NoviPIM\izvoz\magento\1
15:19:07     Izvoz profila MAGENTO_STOCK_PRICES končan: 2071 vrstic v C:\Users\david\Desktop\PIM\NoviPIM\izvoz\magento\2
15:19:10     Izvoz profila MAGENTO_STOCK_PRICES končan: 2488 vrstic v C:\Users\david\Desktop\PIM\NoviPIM\izvoz\magento\3
15:19:11     Izvoz profila MAGENTO_STOCK_PRICES končan: 0 vrstic v C:\Users\david\Desktop\PIM\NoviPIM\izvoz\magento\4
15:19:11     konec: Izvoz cen in zaloge za splet
15:19:11  Zalogovni cikel koncan; padlih korakov: 1.
15:22:27  == Zaloga NW_STOCK ==
15:22:28     SOURCE_FETCH: se ni na vrsti po razporedu; preskoceno.
15:22:29     Prebranih zapisov: 2762; SHA-256: 0acdbbfc56ffc2be199b576748d878bc4194a50e9a09fa1ff255af64438492e6
15:22:29     STOCK_FILE pri podjetju 1: se ni na vrsti po razporedu; preskoceno.
15:22:29     Prebranih zapisov: 2762; SHA-256: 0acdbbfc56ffc2be199b576748d878bc4194a50e9a09fa1ff255af64438492e6
15:22:30     Ta posnetek je ze v bazi; vir=NW_STOCK, podjetje=2, cas posnetka=2026-09-10 11:17:28Z, uporabljenih=2762, v karanteni=0, RunId=84bd60a7-6a83-4688-ae93-32720e1219e5. Zapisano ni bilo nic.
15:22:31     Prebranih zapisov: 2762; SHA-256: 0acdbbfc56ffc2be199b576748d878bc4194a50e9a09fa1ff255af64438492e6
15:22:31     Ta posnetek je ze v bazi; vir=NW_STOCK, podjetje=3, cas posnetka=2026-09-10 11:17:28Z, uporabljenih=2762, v karanteni=0, RunId=70e70274-a43f-4e38-a30e-c6ef671428d2. Zapisano ni bilo nic.
15:22:32     Prebranih zapisov: 2762; SHA-256: 0acdbbfc56ffc2be199b576748d878bc4194a50e9a09fa1ff255af64438492e6
15:22:32     Ta posnetek je ze v bazi; vir=NW_STOCK, podjetje=4, cas posnetka=2026-09-10 11:17:28Z, uporabljenih=2762, v karanteni=0, RunId=7091fdff-0012-4484-9b6c-49c1d04c8fe7. Zapisano ni bilo nic.
15:22:32     konec: Zaloga NW_STOCK
15:22:32  == Zaloga BT_STOCK ==
15:22:33     [BT_STOCK] preskoceno: Razmik dobavitelja se tece; naslednji prenos po 10. 09. 2026 15:47.
15:22:33     Prevzem koncan: uspesno 0, neuspesno 0, skupaj virov 1.
15:22:34     Prebranih zapisov: 1389; SHA-256: 7210ec1f16db2fbae3ae6dc2ff491e42b8d622a7883c0f65286b246b0849be1d
15:22:34     Ta posnetek je ze v bazi; vir=BT_STOCK, podjetje=1, cas posnetka=2026-09-10 10:47:35Z, uporabljenih=1389, v karanteni=0, RunId=4514b45c-98b1-48f9-8a13-e4524d7baeaf. Zapisano ni bilo nic.
15:22:35     Prebranih zapisov: 1389; SHA-256: 7210ec1f16db2fbae3ae6dc2ff491e42b8d622a7883c0f65286b246b0849be1d
15:22:35     STOCK_FILE pri podjetju 2: se ni na vrsti po razporedu; preskoceno.
15:22:36     Prebranih zapisov: 1389; SHA-256: 7210ec1f16db2fbae3ae6dc2ff491e42b8d622a7883c0f65286b246b0849be1d
15:22:36     STOCK_FILE pri podjetju 3: se ni na vrsti po razporedu; preskoceno.
15:22:37     Prebranih zapisov: 1389; SHA-256: 7210ec1f16db2fbae3ae6dc2ff491e42b8d622a7883c0f65286b246b0849be1d
15:22:37     STOCK_FILE pri podjetju 4: se ni na vrsti po razporedu; preskoceno.
15:22:37     konec: Zaloga BT_STOCK
15:22:37  == Zaloga iz SAOP (kolicine) ==
15:22:38     [1] SAOP_STOCK: se ni na vrsti po razporedu; preskoceno.
15:22:38     [2] SAOP_STOCK: se ni na vrsti po razporedu; preskoceno.
15:22:38     [3] SAOP_STOCK: se ni na vrsti po razporedu; preskoceno.
15:22:38     [4] SAOP_STOCK: se ni na vrsti po razporedu; preskoceno.
15:22:38     konec: Zaloga iz SAOP (kolicine)
15:22:38  == Izvoz cen in zaloge za splet ==
15:22:40     Izvoz profila MAGENTO_STOCK_PRICES končan: 352 vrstic v C:\Users\david\Desktop\PIM\NoviPIM\izvoz\magento\1
15:22:43     Izvoz profila MAGENTO_STOCK_PRICES končan: 2071 vrstic v C:\Users\david\Desktop\PIM\NoviPIM\izvoz\magento\2
15:22:46     Izvoz profila MAGENTO_STOCK_PRICES končan: 2488 vrstic v C:\Users\david\Desktop\PIM\NoviPIM\izvoz\magento\3
15:22:47     Izvoz profila MAGENTO_STOCK_PRICES končan: 0 vrstic v C:\Users\david\Desktop\PIM\NoviPIM\izvoz\magento\4
15:22:47     konec: Izvoz cen in zaloge za splet
15:22:47  Zalogovni cikel koncan; padlih korakov: 0.
15:27:27  == Zaloga NW_STOCK ==
15:27:28     SOURCE_FETCH: se ni na vrsti po razporedu; preskoceno.
15:27:29     Prebranih zapisov: 2762; SHA-256: 0acdbbfc56ffc2be199b576748d878bc4194a50e9a09fa1ff255af64438492e6
15:27:29     STOCK_FILE pri podjetju 1: se ni na vrsti po razporedu; preskoceno.
15:27:30     Prebranih zapisov: 2762; SHA-256: 0acdbbfc56ffc2be199b576748d878bc4194a50e9a09fa1ff255af64438492e6
15:27:30     STOCK_FILE pri podjetju 2: se ni na vrsti po razporedu; preskoceno.
15:27:30     Prebranih zapisov: 2762; SHA-256: 0acdbbfc56ffc2be199b576748d878bc4194a50e9a09fa1ff255af64438492e6
15:27:31     STOCK_FILE pri podjetju 3: se ni na vrsti po razporedu; preskoceno.
15:27:31     Prebranih zapisov: 2762; SHA-256: 0acdbbfc56ffc2be199b576748d878bc4194a50e9a09fa1ff255af64438492e6
15:27:32     STOCK_FILE pri podjetju 4: se ni na vrsti po razporedu; preskoceno.
15:27:32     konec: Zaloga NW_STOCK
15:27:32  == Zaloga BT_STOCK ==
15:27:33     SOURCE_FETCH: se ni na vrsti po razporedu; preskoceno.
15:27:33     Prebranih zapisov: 1389; SHA-256: 7210ec1f16db2fbae3ae6dc2ff491e42b8d622a7883c0f65286b246b0849be1d
15:27:34     STOCK_FILE pri podjetju 1: se ni na vrsti po razporedu; preskoceno.
15:27:34     Prebranih zapisov: 1389; SHA-256: 7210ec1f16db2fbae3ae6dc2ff491e42b8d622a7883c0f65286b246b0849be1d
15:27:35     Ta posnetek je ze v bazi; vir=BT_STOCK, podjetje=2, cas posnetka=2026-09-10 10:47:35Z, uporabljenih=1389, v karanteni=0, RunId=9147ad1a-a465-4e02-969c-2aed97cba97a. Zapisano ni bilo nic.
15:27:35     Prebranih zapisov: 1389; SHA-256: 7210ec1f16db2fbae3ae6dc2ff491e42b8d622a7883c0f65286b246b0849be1d
15:27:36     Ta posnetek je ze v bazi; vir=BT_STOCK, podjetje=3, cas posnetka=2026-09-10 10:47:35Z, uporabljenih=1389, v karanteni=0, RunId=20e88f78-514b-4fd7-8111-efb858ce45f1. Zapisano ni bilo nic.
15:27:37     Prebranih zapisov: 1389; SHA-256: 7210ec1f16db2fbae3ae6dc2ff491e42b8d622a7883c0f65286b246b0849be1d
15:27:37     Ta posnetek je ze v bazi; vir=BT_STOCK, podjetje=4, cas posnetka=2026-09-10 10:47:35Z, uporabljenih=1389, v karanteni=0, RunId=70cbb147-1ded-4fb1-9375-02f842152638. Zapisano ni bilo nic.
15:27:37     konec: Zaloga BT_STOCK
15:27:37  == Zaloga iz SAOP (kolicine) ==
15:27:38     [1] SAOP_STOCK: se ni na vrsti po razporedu; preskoceno.
15:27:38     [2] SAOP_STOCK: se ni na vrsti po razporedu; preskoceno.
15:27:38     [3] SAOP_STOCK: se ni na vrsti po razporedu; preskoceno.
15:27:38     [4] SAOP_STOCK: se ni na vrsti po razporedu; preskoceno.
15:27:38     konec: Zaloga iz SAOP (kolicine)
15:27:38  == Izvoz cen in zaloge za splet ==
15:27:40     Izvoz profila MAGENTO_STOCK_PRICES končan: 352 vrstic v C:\Users\david\Desktop\PIM\NoviPIM\izvoz\magento\1
15:27:43     Izvoz profila MAGENTO_STOCK_PRICES končan: 2071 vrstic v C:\Users\david\Desktop\PIM\NoviPIM\izvoz\magento\2
15:27:46     Izvoz profila MAGENTO_STOCK_PRICES končan: 2488 vrstic v C:\Users\david\Desktop\PIM\NoviPIM\izvoz\magento\3
15:27:47     Izvoz profila MAGENTO_STOCK_PRICES končan: 0 vrstic v C:\Users\david\Desktop\PIM\NoviPIM\izvoz\magento\4
15:27:47     konec: Izvoz cen in zaloge za splet
15:27:47  Zalogovni cikel koncan; padlih korakov: 0.
15:32:27  == Zaloga NW_STOCK ==
15:32:29     [NW_STOCK] prevzeto 87.467 bajtov -> C:\Users\david\Desktop\PIM\NoviPIM\PIM_Solution\data\prevzem\NW_STOCK\nw-zaloga.csv; arhiv nw-zaloga_20260910_133229Z.csv.gz
15:32:29     Prevzem koncan: uspesno 1, neuspesno 0, skupaj virov 1.
15:32:29     Prebranih zapisov: 2762; SHA-256: ed45c6ed4d84180b5ec6d40a738a005b4dc4b8db5e8b370fdabb159a7e78695d
15:32:31     Zaloga zapisana; vir=NW_STOCK, podjetje=1, uporabljenih=2762, v karanteni=0, RunId=6255fffd-3747-4b4b-b586-66f1c29f8327.
15:32:32     Prebranih zapisov: 2762; SHA-256: ed45c6ed4d84180b5ec6d40a738a005b4dc4b8db5e8b370fdabb159a7e78695d
15:32:32     STOCK_FILE pri podjetju 2: se ni na vrsti po razporedu; preskoceno.
15:32:33     Prebranih zapisov: 2762; SHA-256: ed45c6ed4d84180b5ec6d40a738a005b4dc4b8db5e8b370fdabb159a7e78695d
15:32:33     STOCK_FILE pri podjetju 3: se ni na vrsti po razporedu; preskoceno.
15:32:34     Prebranih zapisov: 2762; SHA-256: ed45c6ed4d84180b5ec6d40a738a005b4dc4b8db5e8b370fdabb159a7e78695d
15:32:34     STOCK_FILE pri podjetju 4: se ni na vrsti po razporedu; preskoceno.
15:32:34     konec: Zaloga NW_STOCK
15:32:34  == Zaloga BT_STOCK ==
15:32:35     SOURCE_FETCH: se ni na vrsti po razporedu; preskoceno.
15:32:36     Prebranih zapisov: 1389; SHA-256: 7210ec1f16db2fbae3ae6dc2ff491e42b8d622a7883c0f65286b246b0849be1d
15:32:36     STOCK_FILE pri podjetju 1: se ni na vrsti po razporedu; preskoceno.
15:32:37     Prebranih zapisov: 1389; SHA-256: 7210ec1f16db2fbae3ae6dc2ff491e42b8d622a7883c0f65286b246b0849be1d
15:32:37     Ta posnetek je ze v bazi; vir=BT_STOCK, podjetje=2, cas posnetka=2026-09-10 10:47:35Z, uporabljenih=1389, v karanteni=0, RunId=9147ad1a-a465-4e02-969c-2aed97cba97a. Zapisano ni bilo nic.
15:32:38     Prebranih zapisov: 1389; SHA-256: 7210ec1f16db2fbae3ae6dc2ff491e42b8d622a7883c0f65286b246b0849be1d
15:32:38     Ta posnetek je ze v bazi; vir=BT_STOCK, podjetje=3, cas posnetka=2026-09-10 10:47:35Z, uporabljenih=1389, v karanteni=0, RunId=20e88f78-514b-4fd7-8111-efb858ce45f1. Zapisano ni bilo nic.
15:32:39     Prebranih zapisov: 1389; SHA-256: 7210ec1f16db2fbae3ae6dc2ff491e42b8d622a7883c0f65286b246b0849be1d
15:32:39     Ta posnetek je ze v bazi; vir=BT_STOCK, podjetje=4, cas posnetka=2026-09-10 10:47:35Z, uporabljenih=1389, v karanteni=0, RunId=70cbb147-1ded-4fb1-9375-02f842152638. Zapisano ni bilo nic.
15:32:39     konec: Zaloga BT_STOCK
15:32:39  == Zaloga iz SAOP (kolicine) ==
15:32:40     [1] SAOP_STOCK: se ni na vrsti po razporedu; preskoceno.
15:32:40     [2] SAOP_STOCK: se ni na vrsti po razporedu; preskoceno.
15:32:40     [3] SAOP_STOCK: se ni na vrsti po razporedu; preskoceno.
15:32:40     [4] SAOP_STOCK: se ni na vrsti po razporedu; preskoceno.
15:32:40     konec: Zaloga iz SAOP (kolicine)
15:32:40  == Izvoz cen in zaloge za splet ==
15:32:42     Izvoz profila MAGENTO_STOCK_PRICES končan: 352 vrstic v C:\Users\david\Desktop\PIM\NoviPIM\izvoz\magento\1
15:32:45     Izvoz profila MAGENTO_STOCK_PRICES končan: 2071 vrstic v C:\Users\david\Desktop\PIM\NoviPIM\izvoz\magento\2
15:32:48     Izvoz profila MAGENTO_STOCK_PRICES končan: 2488 vrstic v C:\Users\david\Desktop\PIM\NoviPIM\izvoz\magento\3
15:32:49     Izvoz profila MAGENTO_STOCK_PRICES končan: 0 vrstic v C:\Users\david\Desktop\PIM\NoviPIM\izvoz\magento\4
15:32:50     konec: Izvoz cen in zaloge za splet
15:32:50  Zalogovni cikel koncan; padlih korakov: 0.
15:37:27  == Zaloga NW_STOCK ==
15:37:28     SOURCE_FETCH: se ni na vrsti po razporedu; preskoceno.
15:37:29     Prebranih zapisov: 2762; SHA-256: ed45c6ed4d84180b5ec6d40a738a005b4dc4b8db5e8b370fdabb159a7e78695d
15:37:29     STOCK_FILE pri podjetju 1: se ni na vrsti po razporedu; preskoceno.
15:37:30     Prebranih zapisov: 2762; SHA-256: ed45c6ed4d84180b5ec6d40a738a005b4dc4b8db5e8b370fdabb159a7e78695d
15:37:30     STOCK_FILE pri podjetju 2: se ni na vrsti po razporedu; preskoceno.
15:37:30     Prebranih zapisov: 2762; SHA-256: ed45c6ed4d84180b5ec6d40a738a005b4dc4b8db5e8b370fdabb159a7e78695d
15:37:31     STOCK_FILE pri podjetju 3: se ni na vrsti po razporedu; preskoceno.
15:37:31     Prebranih zapisov: 2762; SHA-256: ed45c6ed4d84180b5ec6d40a738a005b4dc4b8db5e8b370fdabb159a7e78695d
15:37:32     STOCK_FILE pri podjetju 4: se ni na vrsti po razporedu; preskoceno.
15:37:32     konec: Zaloga NW_STOCK
15:37:32  == Zaloga BT_STOCK ==
15:37:33     [BT_STOCK] preskoceno: Razmik dobavitelja se tece; naslednji prenos po 10. 09. 2026 15:47.
15:37:33     Prevzem koncan: uspesno 0, neuspesno 0, skupaj virov 1.
15:37:33     Prebranih zapisov: 1389; SHA-256: 7210ec1f16db2fbae3ae6dc2ff491e42b8d622a7883c0f65286b246b0849be1d
15:37:34     Ta posnetek je ze v bazi; vir=BT_STOCK, podjetje=1, cas posnetka=2026-09-10 10:47:35Z, uporabljenih=1389, v karanteni=0, RunId=4514b45c-98b1-48f9-8a13-e4524d7baeaf. Zapisano ni bilo nic.
15:37:34     Prebranih zapisov: 1389; SHA-256: 7210ec1f16db2fbae3ae6dc2ff491e42b8d622a7883c0f65286b246b0849be1d
15:37:35     STOCK_FILE pri podjetju 2: se ni na vrsti po razporedu; preskoceno.
15:37:35     Prebranih zapisov: 1389; SHA-256: 7210ec1f16db2fbae3ae6dc2ff491e42b8d622a7883c0f65286b246b0849be1d
15:37:36     STOCK_FILE pri podjetju 3: se ni na vrsti po razporedu; preskoceno.
15:37:36     Prebranih zapisov: 1389; SHA-256: 7210ec1f16db2fbae3ae6dc2ff491e42b8d622a7883c0f65286b246b0849be1d
15:37:37     STOCK_FILE pri podjetju 4: se ni na vrsti po razporedu; preskoceno.
15:37:37     konec: Zaloga BT_STOCK
15:37:37  == Zaloga iz SAOP (kolicine) ==
15:37:38     [1] SAOP_STOCK: se ni na vrsti po razporedu; preskoceno.
15:37:38     [2] SAOP_STOCK: se ni na vrsti po razporedu; preskoceno.
15:37:38     [3] SAOP_STOCK: se ni na vrsti po razporedu; preskoceno.
15:37:38     [4] SAOP_STOCK: se ni na vrsti po razporedu; preskoceno.
15:37:38     konec: Zaloga iz SAOP (kolicine)
15:37:38  == Izvoz cen in zaloge za splet ==
15:37:39     Izvoz profila MAGENTO_STOCK_PRICES končan: 352 vrstic v C:\Users\david\Desktop\PIM\NoviPIM\izvoz\magento\1
15:37:43     Izvoz profila MAGENTO_STOCK_PRICES končan: 2071 vrstic v C:\Users\david\Desktop\PIM\NoviPIM\izvoz\magento\2
15:37:46     Izvoz profila MAGENTO_STOCK_PRICES končan: 2488 vrstic v C:\Users\david\Desktop\PIM\NoviPIM\izvoz\magento\3
15:37:47     Izvoz profila MAGENTO_STOCK_PRICES končan: 0 vrstic v C:\Users\david\Desktop\PIM\NoviPIM\izvoz\magento\4
15:37:47     konec: Izvoz cen in zaloge za splet
15:37:47  Zalogovni cikel koncan; padlih korakov: 0.
15:42:27  == Zaloga NW_STOCK ==
15:42:28     SOURCE_FETCH: se ni na vrsti po razporedu; preskoceno.
15:42:29     Prebranih zapisov: 2762; SHA-256: ed45c6ed4d84180b5ec6d40a738a005b4dc4b8db5e8b370fdabb159a7e78695d
15:42:29     STOCK_FILE pri podjetju 1: se ni na vrsti po razporedu; preskoceno.
15:42:30     Prebranih zapisov: 2762; SHA-256: ed45c6ed4d84180b5ec6d40a738a005b4dc4b8db5e8b370fdabb159a7e78695d
15:42:31     Zaloga zapisana; vir=NW_STOCK, podjetje=2, uporabljenih=2762, v karanteni=0, RunId=95026b79-c763-468a-8211-36985f1fcc7f.
15:42:32     Prebranih zapisov: 2762; SHA-256: ed45c6ed4d84180b5ec6d40a738a005b4dc4b8db5e8b370fdabb159a7e78695d
15:42:33     Zaloga zapisana; vir=NW_STOCK, podjetje=3, uporabljenih=2762, v karanteni=0, RunId=41464348-d4c0-4c3a-80dc-8131da68cde0.
15:42:34     Prebranih zapisov: 2762; SHA-256: ed45c6ed4d84180b5ec6d40a738a005b4dc4b8db5e8b370fdabb159a7e78695d
15:42:36     Zaloga zapisana; vir=NW_STOCK, podjetje=4, uporabljenih=2762, v karanteni=0, RunId=bd187295-a63a-4907-8dd4-d4e9643934aa.
15:42:36     konec: Zaloga NW_STOCK
15:42:36  == Zaloga BT_STOCK ==
15:42:37     [BT_STOCK] preskoceno: Razmik dobavitelja se tece; naslednji prenos po 10. 09. 2026 15:47.
15:42:37     Prevzem koncan: uspesno 0, neuspesno 0, skupaj virov 1.
15:42:37     Prebranih zapisov: 1389; SHA-256: 7210ec1f16db2fbae3ae6dc2ff491e42b8d622a7883c0f65286b246b0849be1d
15:42:38     Ta posnetek je ze v bazi; vir=BT_STOCK, podjetje=1, cas posnetka=2026-09-10 10:47:35Z, uporabljenih=1389, v karanteni=0, RunId=4514b45c-98b1-48f9-8a13-e4524d7baeaf. Zapisano ni bilo nic.
15:42:38     Prebranih zapisov: 1389; SHA-256: 7210ec1f16db2fbae3ae6dc2ff491e42b8d622a7883c0f65286b246b0849be1d
15:42:39     STOCK_FILE pri podjetju 2: se ni na vrsti po razporedu; preskoceno.
15:42:39     Prebranih zapisov: 1389; SHA-256: 7210ec1f16db2fbae3ae6dc2ff491e42b8d622a7883c0f65286b246b0849be1d
15:42:40     STOCK_FILE pri podjetju 3: se ni na vrsti po razporedu; preskoceno.
15:42:40     Prebranih zapisov: 1389; SHA-256: 7210ec1f16db2fbae3ae6dc2ff491e42b8d622a7883c0f65286b246b0849be1d
15:42:41     STOCK_FILE pri podjetju 4: se ni na vrsti po razporedu; preskoceno.
15:42:41     konec: Zaloga BT_STOCK
15:42:41  == Zaloga iz SAOP (kolicine) ==
15:42:42     [1] SAOP_STOCK: se ni na vrsti po razporedu; preskoceno.
15:42:42     [2] SAOP_STOCK: se ni na vrsti po razporedu; preskoceno.
15:42:42     [3] SAOP_STOCK: se ni na vrsti po razporedu; preskoceno.
15:42:42     [4] SAOP_STOCK: se ni na vrsti po razporedu; preskoceno.
15:42:42     konec: Zaloga iz SAOP (kolicine)
15:42:42  == Izvoz cen in zaloge za splet ==
15:42:43     Izvoz profila MAGENTO_STOCK_PRICES končan: 352 vrstic v C:\Users\david\Desktop\PIM\NoviPIM\izvoz\magento\1
15:42:47     Izvoz profila MAGENTO_STOCK_PRICES končan: 2071 vrstic v C:\Users\david\Desktop\PIM\NoviPIM\izvoz\magento\2
15:42:50     Izvoz profila MAGENTO_STOCK_PRICES končan: 2488 vrstic v C:\Users\david\Desktop\PIM\NoviPIM\izvoz\magento\3
15:42:51     Izvoz profila MAGENTO_STOCK_PRICES končan: 0 vrstic v C:\Users\david\Desktop\PIM\NoviPIM\izvoz\magento\4
15:42:51     konec: Izvoz cen in zaloge za splet
15:42:51  Zalogovni cikel koncan; padlih korakov: 0.
16:19:45  == Zaloga NW_STOCK ==
16:19:46     [NW_STOCK] preskoceno: Razmik dobavitelja se tece; naslednji prenos po 10. 09. 2026 17:32.
16:19:46     Prevzem koncan: uspesno 0, neuspesno 0, skupaj virov 1.
16:19:46     Prebranih zapisov: 2762; SHA-256: ed45c6ed4d84180b5ec6d40a738a005b4dc4b8db5e8b370fdabb159a7e78695d
16:19:47     Ta posnetek je ze v bazi; vir=NW_STOCK, podjetje=1, cas posnetka=2026-09-10 13:32:28Z, uporabljenih=2762, v karanteni=0, RunId=6255fffd-3747-4b4b-b586-66f1c29f8327. Zapisano ni bilo nic.
16:19:48     Prebranih zapisov: 2762; SHA-256: ed45c6ed4d84180b5ec6d40a738a005b4dc4b8db5e8b370fdabb159a7e78695d
16:19:48     Ta posnetek je ze v bazi; vir=NW_STOCK, podjetje=2, cas posnetka=2026-09-10 13:32:28Z, uporabljenih=2762, v karanteni=0, RunId=95026b79-c763-468a-8211-36985f1fcc7f. Zapisano ni bilo nic.
16:19:49     Prebranih zapisov: 2762; SHA-256: ed45c6ed4d84180b5ec6d40a738a005b4dc4b8db5e8b370fdabb159a7e78695d
16:19:49     Ta posnetek je ze v bazi; vir=NW_STOCK, podjetje=3, cas posnetka=2026-09-10 13:32:28Z, uporabljenih=2762, v karanteni=0, RunId=41464348-d4c0-4c3a-80dc-8131da68cde0. Zapisano ni bilo nic.
16:19:50     Prebranih zapisov: 2762; SHA-256: ed45c6ed4d84180b5ec6d40a738a005b4dc4b8db5e8b370fdabb159a7e78695d
16:19:50     Ta posnetek je ze v bazi; vir=NW_STOCK, podjetje=4, cas posnetka=2026-09-10 13:32:28Z, uporabljenih=2762, v karanteni=0, RunId=bd187295-a63a-4907-8dd4-d4e9643934aa. Zapisano ni bilo nic.
16:19:50     konec: Zaloga NW_STOCK
16:19:50  == Zaloga BT_STOCK ==
16:19:51     SOURCE_FETCH: se ni na vrsti po razporedu; preskoceno.
16:19:52     Prebranih zapisov: 1389; SHA-256: 7210ec1f16db2fbae3ae6dc2ff491e42b8d622a7883c0f65286b246b0849be1d
16:19:52     STOCK_FILE pri podjetju 1: se ni na vrsti po razporedu; preskoceno.
16:19:53     Prebranih zapisov: 1389; SHA-256: 7210ec1f16db2fbae3ae6dc2ff491e42b8d622a7883c0f65286b246b0849be1d
16:19:53     STOCK_FILE pri podjetju 2: se ni na vrsti po razporedu; preskoceno.
16:19:54     Prebranih zapisov: 1389; SHA-256: 7210ec1f16db2fbae3ae6dc2ff491e42b8d622a7883c0f65286b246b0849be1d
16:19:54     STOCK_FILE pri podjetju 3: se ni na vrsti po razporedu; preskoceno.
16:19:55     Prebranih zapisov: 1389; SHA-256: 7210ec1f16db2fbae3ae6dc2ff491e42b8d622a7883c0f65286b246b0849be1d
16:19:55     STOCK_FILE pri podjetju 4: se ni na vrsti po razporedu; preskoceno.
16:19:56     konec: Zaloga BT_STOCK
16:19:56  == Zaloga iz SAOP (kolicine) ==
18:25:08     STDERR: [1] NAPAKA: A connection attempt failed because the connected party did not properly respond after a period of time, or established connection failed because connected host has failed to respond. (192.168.178.12:81)
18:25:29     STDERR: [2] NAPAKA: A connection attempt failed because the connected party did not properly respond after a period of time, or established connection failed because connected host has failed to respond. (192.168.178.12:81)
19:10:00  == Zaloga NW_STOCK ==
19:10:03     [NW_STOCK] prevzeto 87.462 bajtov -> C:\Users\david\Desktop\PIM\NoviPIM\PIM_Solution\data\prevzem\NW_STOCK\nw-zaloga.csv; arhiv nw-zaloga_20260910_171003Z.csv.gz
19:10:03     Prevzem koncan: uspesno 1, neuspesno 0, skupaj virov 1.
19:10:04     Prebranih zapisov: 2762; SHA-256: 948c5bee093658cb92f9c273f2d32ee93e9fc1d0259b89da243a9fca74d4acfd
19:10:05     Zaloga zapisana; vir=NW_STOCK, podjetje=1, uporabljenih=2762, v karanteni=0, RunId=98afb15b-7d87-4e14-ab05-58fca1f53568.
19:10:06     Prebranih zapisov: 2762; SHA-256: 948c5bee093658cb92f9c273f2d32ee93e9fc1d0259b89da243a9fca74d4acfd
19:10:08     Zaloga zapisana; vir=NW_STOCK, podjetje=2, uporabljenih=2762, v karanteni=0, RunId=6c9af13a-181e-4f00-b143-e035c282201f.
19:10:09     Prebranih zapisov: 2762; SHA-256: 948c5bee093658cb92f9c273f2d32ee93e9fc1d0259b89da243a9fca74d4acfd
19:10:10     Zaloga zapisana; vir=NW_STOCK, podjetje=3, uporabljenih=2762, v karanteni=0, RunId=e39caf9a-e732-4876-922c-b09e09a246d3.
19:10:11     Prebranih zapisov: 2762; SHA-256: 948c5bee093658cb92f9c273f2d32ee93e9fc1d0259b89da243a9fca74d4acfd
19:10:13     Zaloga zapisana; vir=NW_STOCK, podjetje=4, uporabljenih=2762, v karanteni=0, RunId=9647b3a5-1abe-421d-ab7a-4bb55979604c.
19:10:13     konec: Zaloga NW_STOCK
19:10:13  == Zaloga BT_STOCK ==
19:10:14     SOURCE_FETCH: se ni na vrsti po razporedu; preskoceno.
19:10:14     Prebranih zapisov: 1389; SHA-256: 7210ec1f16db2fbae3ae6dc2ff491e42b8d622a7883c0f65286b246b0849be1d
19:10:15     STOCK_FILE pri podjetju 1: se ni na vrsti po razporedu; preskoceno.
19:10:15     Prebranih zapisov: 1389; SHA-256: 7210ec1f16db2fbae3ae6dc2ff491e42b8d622a7883c0f65286b246b0849be1d
19:10:16     STOCK_FILE pri podjetju 2: se ni na vrsti po razporedu; preskoceno.
19:10:16     Prebranih zapisov: 1389; SHA-256: 7210ec1f16db2fbae3ae6dc2ff491e42b8d622a7883c0f65286b246b0849be1d
19:10:17     STOCK_FILE pri podjetju 3: se ni na vrsti po razporedu; preskoceno.
19:10:17     Prebranih zapisov: 1389; SHA-256: 7210ec1f16db2fbae3ae6dc2ff491e42b8d622a7883c0f65286b246b0849be1d
19:10:18     STOCK_FILE pri podjetju 4: se ni na vrsti po razporedu; preskoceno.
19:10:18     konec: Zaloga BT_STOCK
19:10:18  == Zaloga iz SAOP (kolicine) ==
19:10:40     STDERR: [1] NAPAKA: A connection attempt failed because the connected party did not properly respond after a period of time, or established connection failed because connected host has failed to respond. (192.168.178.12:81)
19:11:01     STDERR: [2] NAPAKA: A connection attempt failed because the connected party did not properly respond after a period of time, or established connection failed because connected host has failed to respond. (192.168.178.12:81)
19:11:22     STDERR: [3] NAPAKA: A connection attempt failed because the connected party did not properly respond after a period of time, or established connection failed because connected host has failed to respond. (192.168.178.12:81)
19:11:43     STDERR: [4] NAPAKA: A connection attempt failed because the connected party did not properly respond after a period of time, or established connection failed because connected host has failed to respond. (192.168.178.12:81)
19:11:43     NAPAKA: worker workers\PIM.SaopStockWorker je koncal z izhodno kodo 1
19:11:43  == Izvoz cen in zaloge za splet ==
19:11:45     Izvoz profila MAGENTO_STOCK_PRICES končan: 352 vrstic v C:\Users\david\Desktop\PIM\NoviPIM\izvoz\magento\1
19:11:48     Izvoz profila MAGENTO_STOCK_PRICES končan: 2071 vrstic v C:\Users\david\Desktop\PIM\NoviPIM\izvoz\magento\2
19:11:51     Izvoz profila MAGENTO_STOCK_PRICES končan: 2488 vrstic v C:\Users\david\Desktop\PIM\NoviPIM\izvoz\magento\3
19:11:52     Izvoz profila MAGENTO_STOCK_PRICES končan: 0 vrstic v C:\Users\david\Desktop\PIM\NoviPIM\izvoz\magento\4
19:11:53     konec: Izvoz cen in zaloge za splet
19:11:53  Zalogovni cikel koncan; padlih korakov: 1.
19:12:26  == Zaloga NW_STOCK ==
19:12:27     SOURCE_FETCH: se ni na vrsti po razporedu; preskoceno.
19:12:28     Prebranih zapisov: 2762; SHA-256: 948c5bee093658cb92f9c273f2d32ee93e9fc1d0259b89da243a9fca74d4acfd
19:12:28     STOCK_FILE pri podjetju 1: se ni na vrsti po razporedu; preskoceno.
19:12:29     Prebranih zapisov: 2762; SHA-256: 948c5bee093658cb92f9c273f2d32ee93e9fc1d0259b89da243a9fca74d4acfd
19:12:29     STOCK_FILE pri podjetju 2: se ni na vrsti po razporedu; preskoceno.
19:12:30     Prebranih zapisov: 2762; SHA-256: 948c5bee093658cb92f9c273f2d32ee93e9fc1d0259b89da243a9fca74d4acfd
19:12:30     STOCK_FILE pri podjetju 3: se ni na vrsti po razporedu; preskoceno.
19:12:31     Prebranih zapisov: 2762; SHA-256: 948c5bee093658cb92f9c273f2d32ee93e9fc1d0259b89da243a9fca74d4acfd
19:12:31     STOCK_FILE pri podjetju 4: se ni na vrsti po razporedu; preskoceno.
19:12:31     konec: Zaloga NW_STOCK
19:12:31  == Zaloga BT_STOCK ==
19:12:32     SOURCE_FETCH: se ni na vrsti po razporedu; preskoceno.
19:12:33     Prebranih zapisov: 1389; SHA-256: 7210ec1f16db2fbae3ae6dc2ff491e42b8d622a7883c0f65286b246b0849be1d
19:12:33     STOCK_FILE pri podjetju 1: se ni na vrsti po razporedu; preskoceno.
19:12:34     Prebranih zapisov: 1389; SHA-256: 7210ec1f16db2fbae3ae6dc2ff491e42b8d622a7883c0f65286b246b0849be1d
19:12:34     STOCK_FILE pri podjetju 2: se ni na vrsti po razporedu; preskoceno.
19:12:35     Prebranih zapisov: 1389; SHA-256: 7210ec1f16db2fbae3ae6dc2ff491e42b8d622a7883c0f65286b246b0849be1d
19:12:35     STOCK_FILE pri podjetju 3: se ni na vrsti po razporedu; preskoceno.
19:12:36     Prebranih zapisov: 1389; SHA-256: 7210ec1f16db2fbae3ae6dc2ff491e42b8d622a7883c0f65286b246b0849be1d
19:12:36     STOCK_FILE pri podjetju 4: se ni na vrsti po razporedu; preskoceno.
19:12:36     konec: Zaloga BT_STOCK
19:12:36  == Zaloga iz SAOP (kolicine) ==
19:12:37     [1] SAOP_STOCK: se ni na vrsti po razporedu; preskoceno.
19:12:37     [2] SAOP_STOCK: se ni na vrsti po razporedu; preskoceno.
19:12:37     [3] SAOP_STOCK: se ni na vrsti po razporedu; preskoceno.
19:12:37     [4] SAOP_STOCK: se ni na vrsti po razporedu; preskoceno.
19:12:37     konec: Zaloga iz SAOP (kolicine)
19:12:37  == Izvoz cen in zaloge za splet ==
19:12:39     Izvoz profila MAGENTO_STOCK_PRICES končan: 352 vrstic v C:\Users\david\Desktop\PIM\NoviPIM\izvoz\magento\1
19:12:42     Izvoz profila MAGENTO_STOCK_PRICES končan: 2071 vrstic v C:\Users\david\Desktop\PIM\NoviPIM\izvoz\magento\2
19:12:46     Izvoz profila MAGENTO_STOCK_PRICES končan: 2488 vrstic v C:\Users\david\Desktop\PIM\NoviPIM\izvoz\magento\3
19:12:47     Izvoz profila MAGENTO_STOCK_PRICES končan: 0 vrstic v C:\Users\david\Desktop\PIM\NoviPIM\izvoz\magento\4
19:12:47     konec: Izvoz cen in zaloge za splet
19:12:47  Zalogovni cikel koncan; padlih korakov: 0.
19:17:26  == Zaloga NW_STOCK ==
19:17:27     [NW_STOCK] preskoceno: Razmik dobavitelja se tece; naslednji prenos po 10. 09. 2026 21:10.
19:17:27     Prevzem koncan: uspesno 0, neuspesno 0, skupaj virov 1.
19:17:28     Prebranih zapisov: 2762; SHA-256: 948c5bee093658cb92f9c273f2d32ee93e9fc1d0259b89da243a9fca74d4acfd
19:17:28     Ta posnetek je ze v bazi; vir=NW_STOCK, podjetje=1, cas posnetka=2026-09-10 17:10:03Z, uporabljenih=2762, v karanteni=0, RunId=98afb15b-7d87-4e14-ab05-58fca1f53568. Zapisano ni bilo nic.
19:17:29     Prebranih zapisov: 2762; SHA-256: 948c5bee093658cb92f9c273f2d32ee93e9fc1d0259b89da243a9fca74d4acfd
19:17:29     Ta posnetek je ze v bazi; vir=NW_STOCK, podjetje=2, cas posnetka=2026-09-10 17:10:03Z, uporabljenih=2762, v karanteni=0, RunId=6c9af13a-181e-4f00-b143-e035c282201f. Zapisano ni bilo nic.
19:17:30     Prebranih zapisov: 2762; SHA-256: 948c5bee093658cb92f9c273f2d32ee93e9fc1d0259b89da243a9fca74d4acfd
19:17:30     Ta posnetek je ze v bazi; vir=NW_STOCK, podjetje=3, cas posnetka=2026-09-10 17:10:03Z, uporabljenih=2762, v karanteni=0, RunId=e39caf9a-e732-4876-922c-b09e09a246d3. Zapisano ni bilo nic.
19:17:31     Prebranih zapisov: 2762; SHA-256: 948c5bee093658cb92f9c273f2d32ee93e9fc1d0259b89da243a9fca74d4acfd
19:17:31     Ta posnetek je ze v bazi; vir=NW_STOCK, podjetje=4, cas posnetka=2026-09-10 17:10:03Z, uporabljenih=2762, v karanteni=0, RunId=9647b3a5-1abe-421d-ab7a-4bb55979604c. Zapisano ni bilo nic.
19:17:31     konec: Zaloga NW_STOCK
19:17:31  == Zaloga BT_STOCK ==
19:17:32     SOURCE_FETCH: se ni na vrsti po razporedu; preskoceno.
19:17:33     Prebranih zapisov: 1389; SHA-256: 7210ec1f16db2fbae3ae6dc2ff491e42b8d622a7883c0f65286b246b0849be1d
19:17:33     STOCK_FILE pri podjetju 1: se ni na vrsti po razporedu; preskoceno.
19:17:34     Prebranih zapisov: 1389; SHA-256: 7210ec1f16db2fbae3ae6dc2ff491e42b8d622a7883c0f65286b246b0849be1d
19:17:34     STOCK_FILE pri podjetju 2: se ni na vrsti po razporedu; preskoceno.
19:17:35     Prebranih zapisov: 1389; SHA-256: 7210ec1f16db2fbae3ae6dc2ff491e42b8d622a7883c0f65286b246b0849be1d
19:17:35     STOCK_FILE pri podjetju 3: se ni na vrsti po razporedu; preskoceno.
19:17:36     Prebranih zapisov: 1389; SHA-256: 7210ec1f16db2fbae3ae6dc2ff491e42b8d622a7883c0f65286b246b0849be1d
19:17:36     STOCK_FILE pri podjetju 4: se ni na vrsti po razporedu; preskoceno.
19:17:36     konec: Zaloga BT_STOCK
19:17:36  == Zaloga iz SAOP (kolicine) ==
19:17:37     [1] SAOP_STOCK: se ni na vrsti po razporedu; preskoceno.
19:17:37     [2] SAOP_STOCK: se ni na vrsti po razporedu; preskoceno.
19:17:37     [3] SAOP_STOCK: se ni na vrsti po razporedu; preskoceno.
19:17:37     [4] SAOP_STOCK: se ni na vrsti po razporedu; preskoceno.
19:17:37     konec: Zaloga iz SAOP (kolicine)
19:17:37  == Izvoz cen in zaloge za splet ==
19:17:39     Izvoz profila MAGENTO_STOCK_PRICES končan: 352 vrstic v C:\Users\david\Desktop\PIM\NoviPIM\izvoz\magento\1
19:17:42     Izvoz profila MAGENTO_STOCK_PRICES končan: 2071 vrstic v C:\Users\david\Desktop\PIM\NoviPIM\izvoz\magento\2
19:17:45     Izvoz profila MAGENTO_STOCK_PRICES končan: 2488 vrstic v C:\Users\david\Desktop\PIM\NoviPIM\izvoz\magento\3
19:17:47     Izvoz profila MAGENTO_STOCK_PRICES končan: 0 vrstic v C:\Users\david\Desktop\PIM\NoviPIM\izvoz\magento\4
19:17:47     konec: Izvoz cen in zaloge za splet
19:17:47  Zalogovni cikel koncan; padlih korakov: 0.
19:22:26  == Zaloga NW_STOCK ==
19:22:27     [NW_STOCK] preskoceno: Razmik dobavitelja se tece; naslednji prenos po 10. 09. 2026 21:10.
19:22:27     Prevzem koncan: uspesno 0, neuspesno 0, skupaj virov 1.
19:22:28     Prebranih zapisov: 2762; SHA-256: 948c5bee093658cb92f9c273f2d32ee93e9fc1d0259b89da243a9fca74d4acfd
19:22:28     Ta posnetek je ze v bazi; vir=NW_STOCK, podjetje=1, cas posnetka=2026-09-10 17:10:03Z, uporabljenih=2762, v karanteni=0, RunId=98afb15b-7d87-4e14-ab05-58fca1f53568. Zapisano ni bilo nic.
19:22:29     Prebranih zapisov: 2762; SHA-256: 948c5bee093658cb92f9c273f2d32ee93e9fc1d0259b89da243a9fca74d4acfd
19:22:29     Ta posnetek je ze v bazi; vir=NW_STOCK, podjetje=2, cas posnetka=2026-09-10 17:10:03Z, uporabljenih=2762, v karanteni=0, RunId=6c9af13a-181e-4f00-b143-e035c282201f. Zapisano ni bilo nic.
19:22:30     Prebranih zapisov: 2762; SHA-256: 948c5bee093658cb92f9c273f2d32ee93e9fc1d0259b89da243a9fca74d4acfd
19:22:30     Ta posnetek je ze v bazi; vir=NW_STOCK, podjetje=3, cas posnetka=2026-09-10 17:10:03Z, uporabljenih=2762, v karanteni=0, RunId=e39caf9a-e732-4876-922c-b09e09a246d3. Zapisano ni bilo nic.
19:22:31     Prebranih zapisov: 2762; SHA-256: 948c5bee093658cb92f9c273f2d32ee93e9fc1d0259b89da243a9fca74d4acfd
19:22:31     Ta posnetek je ze v bazi; vir=NW_STOCK, podjetje=4, cas posnetka=2026-09-10 17:10:03Z, uporabljenih=2762, v karanteni=0, RunId=9647b3a5-1abe-421d-ab7a-4bb55979604c. Zapisano ni bilo nic.
19:22:31     konec: Zaloga NW_STOCK
19:22:31  == Zaloga BT_STOCK ==
19:22:32     SOURCE_FETCH: se ni na vrsti po razporedu; preskoceno.
19:22:33     Prebranih zapisov: 1389; SHA-256: 7210ec1f16db2fbae3ae6dc2ff491e42b8d622a7883c0f65286b246b0849be1d
19:22:33     STOCK_FILE pri podjetju 1: se ni na vrsti po razporedu; preskoceno.
19:22:34     Prebranih zapisov: 1389; SHA-256: 7210ec1f16db2fbae3ae6dc2ff491e42b8d622a7883c0f65286b246b0849be1d
19:22:34     STOCK_FILE pri podjetju 2: se ni na vrsti po razporedu; preskoceno.
19:22:35     Prebranih zapisov: 1389; SHA-256: 7210ec1f16db2fbae3ae6dc2ff491e42b8d622a7883c0f65286b246b0849be1d
19:22:35     STOCK_FILE pri podjetju 3: se ni na vrsti po razporedu; preskoceno.
19:22:36     Prebranih zapisov: 1389; SHA-256: 7210ec1f16db2fbae3ae6dc2ff491e42b8d622a7883c0f65286b246b0849be1d
19:22:36     STOCK_FILE pri podjetju 4: se ni na vrsti po razporedu; preskoceno.
19:22:36     konec: Zaloga BT_STOCK
19:22:36  == Zaloga iz SAOP (kolicine) ==
19:22:37     [1] SAOP_STOCK: se ni na vrsti po razporedu; preskoceno.
19:22:37     [2] SAOP_STOCK: se ni na vrsti po razporedu; preskoceno.
19:22:37     [3] SAOP_STOCK: se ni na vrsti po razporedu; preskoceno.
19:22:37     [4] SAOP_STOCK: se ni na vrsti po razporedu; preskoceno.
19:22:37     konec: Zaloga iz SAOP (kolicine)
19:22:37  == Izvoz cen in zaloge za splet ==
19:22:39     Izvoz profila MAGENTO_STOCK_PRICES končan: 352 vrstic v C:\Users\david\Desktop\PIM\NoviPIM\izvoz\magento\1
19:22:42     Izvoz profila MAGENTO_STOCK_PRICES končan: 2071 vrstic v C:\Users\david\Desktop\PIM\NoviPIM\izvoz\magento\2
19:22:45     Izvoz profila MAGENTO_STOCK_PRICES končan: 2488 vrstic v C:\Users\david\Desktop\PIM\NoviPIM\izvoz\magento\3
19:22:47     Izvoz profila MAGENTO_STOCK_PRICES končan: 0 vrstic v C:\Users\david\Desktop\PIM\NoviPIM\izvoz\magento\4
19:22:47     konec: Izvoz cen in zaloge za splet
19:22:47  Zalogovni cikel koncan; padlih korakov: 0.
19:27:26  == Zaloga NW_STOCK ==
19:27:27     SOURCE_FETCH: se ni na vrsti po razporedu; preskoceno.
19:27:28     Prebranih zapisov: 2762; SHA-256: 948c5bee093658cb92f9c273f2d32ee93e9fc1d0259b89da243a9fca74d4acfd
19:27:28     STOCK_FILE pri podjetju 1: se ni na vrsti po razporedu; preskoceno.
19:27:29     Prebranih zapisov: 2762; SHA-256: 948c5bee093658cb92f9c273f2d32ee93e9fc1d0259b89da243a9fca74d4acfd
19:27:29     STOCK_FILE pri podjetju 2: se ni na vrsti po razporedu; preskoceno.
19:27:30     Prebranih zapisov: 2762; SHA-256: 948c5bee093658cb92f9c273f2d32ee93e9fc1d0259b89da243a9fca74d4acfd
19:27:30     STOCK_FILE pri podjetju 3: se ni na vrsti po razporedu; preskoceno.
19:27:31     Prebranih zapisov: 2762; SHA-256: 948c5bee093658cb92f9c273f2d32ee93e9fc1d0259b89da243a9fca74d4acfd
19:27:31     STOCK_FILE pri podjetju 4: se ni na vrsti po razporedu; preskoceno.
19:27:31     konec: Zaloga NW_STOCK
19:27:31  == Zaloga BT_STOCK ==
19:27:33     [BT_STOCK] preskoceno: Dobavitelj dovoli prenos na 180 Dk; naslednji mozen 10.09.2026 20:50:09. Prejsnja datoteka je ohranjena.
19:27:33     Prevzem koncan: uspesno 0, neuspesno 0, skupaj virov 1.
19:27:33     Prebranih zapisov: 1389; SHA-256: 7210ec1f16db2fbae3ae6dc2ff491e42b8d622a7883c0f65286b246b0849be1d
19:27:34     Ta posnetek je ze v bazi; vir=BT_STOCK, podjetje=1, cas posnetka=2026-09-10 10:47:35Z, uporabljenih=1389, v karanteni=0, RunId=4514b45c-98b1-48f9-8a13-e4524d7baeaf. Zapisano ni bilo nic.
19:27:35     Prebranih zapisov: 1389; SHA-256: 7210ec1f16db2fbae3ae6dc2ff491e42b8d622a7883c0f65286b246b0849be1d
19:27:35     Ta posnetek je ze v bazi; vir=BT_STOCK, podjetje=2, cas posnetka=2026-09-10 10:47:35Z, uporabljenih=1389, v karanteni=0, RunId=9147ad1a-a465-4e02-969c-2aed97cba97a. Zapisano ni bilo nic.
19:27:36     Prebranih zapisov: 1389; SHA-256: 7210ec1f16db2fbae3ae6dc2ff491e42b8d622a7883c0f65286b246b0849be1d
19:27:36     Ta posnetek je ze v bazi; vir=BT_STOCK, podjetje=3, cas posnetka=2026-09-10 10:47:35Z, uporabljenih=1389, v karanteni=0, RunId=20e88f78-514b-4fd7-8111-efb858ce45f1. Zapisano ni bilo nic.
19:27:37     Prebranih zapisov: 1389; SHA-256: 7210ec1f16db2fbae3ae6dc2ff491e42b8d622a7883c0f65286b246b0849be1d
19:27:37     Ta posnetek je ze v bazi; vir=BT_STOCK, podjetje=4, cas posnetka=2026-09-10 10:47:35Z, uporabljenih=1389, v karanteni=0, RunId=70cbb147-1ded-4fb1-9375-02f842152638. Zapisano ni bilo nic.
19:27:37     konec: Zaloga BT_STOCK
19:27:37  == Zaloga iz SAOP (kolicine) ==
19:27:38     [1] SAOP_STOCK: se ni na vrsti po razporedu; preskoceno.
19:27:38     [2] SAOP_STOCK: se ni na vrsti po razporedu; preskoceno.
19:27:38     [3] SAOP_STOCK: se ni na vrsti po razporedu; preskoceno.
19:27:38     [4] SAOP_STOCK: se ni na vrsti po razporedu; preskoceno.
19:27:38     konec: Zaloga iz SAOP (kolicine)
19:27:38  == Izvoz cen in zaloge za splet ==
19:27:40     Izvoz profila MAGENTO_STOCK_PRICES končan: 352 vrstic v C:\Users\david\Desktop\PIM\NoviPIM\izvoz\magento\1
19:27:43     Izvoz profila MAGENTO_STOCK_PRICES končan: 2071 vrstic v C:\Users\david\Desktop\PIM\NoviPIM\izvoz\magento\2
19:27:46     Izvoz profila MAGENTO_STOCK_PRICES končan: 2488 vrstic v C:\Users\david\Desktop\PIM\NoviPIM\izvoz\magento\3
19:27:48     Izvoz profila MAGENTO_STOCK_PRICES končan: 0 vrstic v C:\Users\david\Desktop\PIM\NoviPIM\izvoz\magento\4
19:27:48     konec: Izvoz cen in zaloge za splet
19:27:48  Zalogovni cikel koncan; padlih korakov: 0.
19:32:26  == Zaloga NW_STOCK ==
19:32:27     SOURCE_FETCH: se ni na vrsti po razporedu; preskoceno.
19:32:28     Prebranih zapisov: 2762; SHA-256: 948c5bee093658cb92f9c273f2d32ee93e9fc1d0259b89da243a9fca74d4acfd
19:32:28     STOCK_FILE pri podjetju 1: se ni na vrsti po razporedu; preskoceno.
19:32:29     Prebranih zapisov: 2762; SHA-256: 948c5bee093658cb92f9c273f2d32ee93e9fc1d0259b89da243a9fca74d4acfd
19:32:29     STOCK_FILE pri podjetju 2: se ni na vrsti po razporedu; preskoceno.
19:32:30     Prebranih zapisov: 2762; SHA-256: 948c5bee093658cb92f9c273f2d32ee93e9fc1d0259b89da243a9fca74d4acfd
19:32:30     STOCK_FILE pri podjetju 3: se ni na vrsti po razporedu; preskoceno.
19:32:31     Prebranih zapisov: 2762; SHA-256: 948c5bee093658cb92f9c273f2d32ee93e9fc1d0259b89da243a9fca74d4acfd
19:32:31     STOCK_FILE pri podjetju 4: se ni na vrsti po razporedu; preskoceno.
19:32:31     konec: Zaloga NW_STOCK
19:32:31  == Zaloga BT_STOCK ==
19:32:32     SOURCE_FETCH: se ni na vrsti po razporedu; preskoceno.
19:32:33     Prebranih zapisov: 1389; SHA-256: 7210ec1f16db2fbae3ae6dc2ff491e42b8d622a7883c0f65286b246b0849be1d
19:32:33     STOCK_FILE pri podjetju 1: se ni na vrsti po razporedu; preskoceno.
19:32:34     Prebranih zapisov: 1389; SHA-256: 7210ec1f16db2fbae3ae6dc2ff491e42b8d622a7883c0f65286b246b0849be1d
19:32:34     STOCK_FILE pri podjetju 2: se ni na vrsti po razporedu; preskoceno.
19:32:35     Prebranih zapisov: 1389; SHA-256: 7210ec1f16db2fbae3ae6dc2ff491e42b8d622a7883c0f65286b246b0849be1d
19:32:35     STOCK_FILE pri podjetju 3: se ni na vrsti po razporedu; preskoceno.
19:32:36     Prebranih zapisov: 1389; SHA-256: 7210ec1f16db2fbae3ae6dc2ff491e42b8d622a7883c0f65286b246b0849be1d
19:32:36     STOCK_FILE pri podjetju 4: se ni na vrsti po razporedu; preskoceno.
19:32:36     konec: Zaloga BT_STOCK
19:32:36  == Zaloga iz SAOP (kolicine) ==
19:32:37     [1] SAOP_STOCK: se ni na vrsti po razporedu; preskoceno.
19:32:37     [2] SAOP_STOCK: se ni na vrsti po razporedu; preskoceno.
19:32:37     [3] SAOP_STOCK: se ni na vrsti po razporedu; preskoceno.
19:32:37     [4] SAOP_STOCK: se ni na vrsti po razporedu; preskoceno.
19:32:37     konec: Zaloga iz SAOP (kolicine)
19:32:37  == Izvoz cen in zaloge za splet ==
19:32:39     Izvoz profila MAGENTO_STOCK_PRICES končan: 352 vrstic v C:\Users\david\Desktop\PIM\NoviPIM\izvoz\magento\1
19:32:42     Izvoz profila MAGENTO_STOCK_PRICES končan: 2071 vrstic v C:\Users\david\Desktop\PIM\NoviPIM\izvoz\magento\2
19:32:45     Izvoz profila MAGENTO_STOCK_PRICES končan: 2488 vrstic v C:\Users\david\Desktop\PIM\NoviPIM\izvoz\magento\3
19:32:47     Izvoz profila MAGENTO_STOCK_PRICES končan: 0 vrstic v C:\Users\david\Desktop\PIM\NoviPIM\izvoz\magento\4
19:32:47     konec: Izvoz cen in zaloge za splet
19:32:47  Zalogovni cikel koncan; padlih korakov: 0.
19:37:26  == Zaloga NW_STOCK ==
19:37:27     [NW_STOCK] preskoceno: Razmik dobavitelja se tece; naslednji prenos po 10. 09. 2026 21:10.
19:37:27     Prevzem koncan: uspesno 0, neuspesno 0, skupaj virov 1.
19:37:28     Prebranih zapisov: 2762; SHA-256: 948c5bee093658cb92f9c273f2d32ee93e9fc1d0259b89da243a9fca74d4acfd
19:37:28     Ta posnetek je ze v bazi; vir=NW_STOCK, podjetje=1, cas posnetka=2026-09-10 17:10:03Z, uporabljenih=2762, v karanteni=0, RunId=98afb15b-7d87-4e14-ab05-58fca1f53568. Zapisano ni bilo nic.
19:37:29     Prebranih zapisov: 2762; SHA-256: 948c5bee093658cb92f9c273f2d32ee93e9fc1d0259b89da243a9fca74d4acfd
19:37:29     Ta posnetek je ze v bazi; vir=NW_STOCK, podjetje=2, cas posnetka=2026-09-10 17:10:03Z, uporabljenih=2762, v karanteni=0, RunId=6c9af13a-181e-4f00-b143-e035c282201f. Zapisano ni bilo nic.
19:37:30     Prebranih zapisov: 2762; SHA-256: 948c5bee093658cb92f9c273f2d32ee93e9fc1d0259b89da243a9fca74d4acfd
19:37:30     Ta posnetek je ze v bazi; vir=NW_STOCK, podjetje=3, cas posnetka=2026-09-10 17:10:03Z, uporabljenih=2762, v karanteni=0, RunId=e39caf9a-e732-4876-922c-b09e09a246d3. Zapisano ni bilo nic.
19:37:31     Prebranih zapisov: 2762; SHA-256: 948c5bee093658cb92f9c273f2d32ee93e9fc1d0259b89da243a9fca74d4acfd
19:37:31     Ta posnetek je ze v bazi; vir=NW_STOCK, podjetje=4, cas posnetka=2026-09-10 17:10:03Z, uporabljenih=2762, v karanteni=0, RunId=9647b3a5-1abe-421d-ab7a-4bb55979604c. Zapisano ni bilo nic.
19:37:31     konec: Zaloga NW_STOCK
19:37:31  == Zaloga BT_STOCK ==
19:37:32     SOURCE_FETCH: se ni na vrsti po razporedu; preskoceno.
19:37:33     Prebranih zapisov: 1389; SHA-256: 7210ec1f16db2fbae3ae6dc2ff491e42b8d622a7883c0f65286b246b0849be1d
19:37:33     STOCK_FILE pri podjetju 1: se ni na vrsti po razporedu; preskoceno.
19:37:34     Prebranih zapisov: 1389; SHA-256: 7210ec1f16db2fbae3ae6dc2ff491e42b8d622a7883c0f65286b246b0849be1d
19:37:34     STOCK_FILE pri podjetju 2: se ni na vrsti po razporedu; preskoceno.
19:37:35     Prebranih zapisov: 1389; SHA-256: 7210ec1f16db2fbae3ae6dc2ff491e42b8d622a7883c0f65286b246b0849be1d
19:37:35     STOCK_FILE pri podjetju 3: se ni na vrsti po razporedu; preskoceno.
19:37:36     Prebranih zapisov: 1389; SHA-256: 7210ec1f16db2fbae3ae6dc2ff491e42b8d622a7883c0f65286b246b0849be1d
19:37:36     STOCK_FILE pri podjetju 4: se ni na vrsti po razporedu; preskoceno.
19:37:37     konec: Zaloga BT_STOCK
19:37:37  == Zaloga iz SAOP (kolicine) ==
19:37:37     [1] SAOP_STOCK: se ni na vrsti po razporedu; preskoceno.
19:37:37     [2] SAOP_STOCK: se ni na vrsti po razporedu; preskoceno.
19:37:37     [3] SAOP_STOCK: se ni na vrsti po razporedu; preskoceno.
19:37:37     [4] SAOP_STOCK: se ni na vrsti po razporedu; preskoceno.
19:37:38     konec: Zaloga iz SAOP (kolicine)
19:37:38  == Izvoz cen in zaloge za splet ==
19:37:39     Izvoz profila MAGENTO_STOCK_PRICES končan: 352 vrstic v C:\Users\david\Desktop\PIM\NoviPIM\izvoz\magento\1
19:37:43     Izvoz profila MAGENTO_STOCK_PRICES končan: 2071 vrstic v C:\Users\david\Desktop\PIM\NoviPIM\izvoz\magento\2
19:37:46     Izvoz profila MAGENTO_STOCK_PRICES končan: 2488 vrstic v C:\Users\david\Desktop\PIM\NoviPIM\izvoz\magento\3
19:37:47     Izvoz profila MAGENTO_STOCK_PRICES končan: 0 vrstic v C:\Users\david\Desktop\PIM\NoviPIM\izvoz\magento\4
19:37:47     konec: Izvoz cen in zaloge za splet
19:37:47  Zalogovni cikel koncan; padlih korakov: 0.
19:42:26  == Zaloga NW_STOCK ==
19:42:27     SOURCE_FETCH: se ni na vrsti po razporedu; preskoceno.
19:42:28     Prebranih zapisov: 2762; SHA-256: 948c5bee093658cb92f9c273f2d32ee93e9fc1d0259b89da243a9fca74d4acfd
19:42:28     STOCK_FILE pri podjetju 1: se ni na vrsti po razporedu; preskoceno.
19:42:29     Prebranih zapisov: 2762; SHA-256: 948c5bee093658cb92f9c273f2d32ee93e9fc1d0259b89da243a9fca74d4acfd
19:42:29     STOCK_FILE pri podjetju 2: se ni na vrsti po razporedu; preskoceno.
19:42:30     Prebranih zapisov: 2762; SHA-256: 948c5bee093658cb92f9c273f2d32ee93e9fc1d0259b89da243a9fca74d4acfd
19:42:30     STOCK_FILE pri podjetju 3: se ni na vrsti po razporedu; preskoceno.
19:42:31     Prebranih zapisov: 2762; SHA-256: 948c5bee093658cb92f9c273f2d32ee93e9fc1d0259b89da243a9fca74d4acfd
19:42:31     STOCK_FILE pri podjetju 4: se ni na vrsti po razporedu; preskoceno.
19:42:31     konec: Zaloga NW_STOCK
19:42:31  == Zaloga BT_STOCK ==
19:42:32     [BT_STOCK] preskoceno: Razmik dobavitelja se tece; naslednji prenos po 10. 09. 2026 22:27.
19:42:32     Prevzem koncan: uspesno 0, neuspesno 0, skupaj virov 1.
19:42:33     Prebranih zapisov: 1389; SHA-256: 7210ec1f16db2fbae3ae6dc2ff491e42b8d622a7883c0f65286b246b0849be1d
19:42:33     Ta posnetek je ze v bazi; vir=BT_STOCK, podjetje=1, cas posnetka=2026-09-10 10:47:35Z, uporabljenih=1389, v karanteni=0, RunId=4514b45c-98b1-48f9-8a13-e4524d7baeaf. Zapisano ni bilo nic.
19:42:34     Prebranih zapisov: 1389; SHA-256: 7210ec1f16db2fbae3ae6dc2ff491e42b8d622a7883c0f65286b246b0849be1d
19:42:34     Ta posnetek je ze v bazi; vir=BT_STOCK, podjetje=2, cas posnetka=2026-09-10 10:47:35Z, uporabljenih=1389, v karanteni=0, RunId=9147ad1a-a465-4e02-969c-2aed97cba97a. Zapisano ni bilo nic.
19:42:35     Prebranih zapisov: 1389; SHA-256: 7210ec1f16db2fbae3ae6dc2ff491e42b8d622a7883c0f65286b246b0849be1d
19:42:35     Ta posnetek je ze v bazi; vir=BT_STOCK, podjetje=3, cas posnetka=2026-09-10 10:47:35Z, uporabljenih=1389, v karanteni=0, RunId=20e88f78-514b-4fd7-8111-efb858ce45f1. Zapisano ni bilo nic.
19:42:36     Prebranih zapisov: 1389; SHA-256: 7210ec1f16db2fbae3ae6dc2ff491e42b8d622a7883c0f65286b246b0849be1d
19:42:36     Ta posnetek je ze v bazi; vir=BT_STOCK, podjetje=4, cas posnetka=2026-09-10 10:47:35Z, uporabljenih=1389, v karanteni=0, RunId=70cbb147-1ded-4fb1-9375-02f842152638. Zapisano ni bilo nic.
19:42:36     konec: Zaloga BT_STOCK
19:42:36  == Zaloga iz SAOP (kolicine) ==
19:42:58     STDERR: [1] NAPAKA: A connection attempt failed because the connected party did not properly respond after a period of time, or established connection failed because connected host has failed to respond. (192.168.178.12:81)
19:43:20     STDERR: [2] NAPAKA: A connection attempt failed because the connected party did not properly respond after a period of time, or established connection failed because connected host has failed to respond. (192.168.178.12:81)
19:43:41     STDERR: [3] NAPAKA: A connection attempt failed because the connected party did not properly respond after a period of time, or established connection failed because connected host has failed to respond. (192.168.178.12:81)
19:44:02     STDERR: [4] NAPAKA: A connection attempt failed because the connected party did not properly respond after a period of time, or established connection failed because connected host has failed to respond. (192.168.178.12:81)
19:44:02     NAPAKA: worker workers\PIM.SaopStockWorker je koncal z izhodno kodo 1
19:44:02  == Izvoz cen in zaloge za splet ==
19:44:04     Izvoz profila MAGENTO_STOCK_PRICES končan: 352 vrstic v C:\Users\david\Desktop\PIM\NoviPIM\izvoz\magento\1
19:44:07     Izvoz profila MAGENTO_STOCK_PRICES končan: 2071 vrstic v C:\Users\david\Desktop\PIM\NoviPIM\izvoz\magento\2
19:44:10     Izvoz profila MAGENTO_STOCK_PRICES končan: 2488 vrstic v C:\Users\david\Desktop\PIM\NoviPIM\izvoz\magento\3
19:44:11     Izvoz profila MAGENTO_STOCK_PRICES končan: 0 vrstic v C:\Users\david\Desktop\PIM\NoviPIM\izvoz\magento\4
19:44:11     konec: Izvoz cen in zaloge za splet
19:44:11  Zalogovni cikel koncan; padlih korakov: 1.
19:47:26  == Zaloga NW_STOCK ==
19:47:28     SOURCE_FETCH: se ni na vrsti po razporedu; preskoceno.
19:47:29     Prebranih zapisov: 2762; SHA-256: 948c5bee093658cb92f9c273f2d32ee93e9fc1d0259b89da243a9fca74d4acfd
19:47:29     STOCK_FILE pri podjetju 1: se ni na vrsti po razporedu; preskoceno.
19:47:30     Prebranih zapisov: 2762; SHA-256: 948c5bee093658cb92f9c273f2d32ee93e9fc1d0259b89da243a9fca74d4acfd
19:47:30     STOCK_FILE pri podjetju 2: se ni na vrsti po razporedu; preskoceno.
19:47:31     Prebranih zapisov: 2762; SHA-256: 948c5bee093658cb92f9c273f2d32ee93e9fc1d0259b89da243a9fca74d4acfd
19:47:31     STOCK_FILE pri podjetju 3: se ni na vrsti po razporedu; preskoceno.
19:47:32     Prebranih zapisov: 2762; SHA-256: 948c5bee093658cb92f9c273f2d32ee93e9fc1d0259b89da243a9fca74d4acfd
19:47:32     STOCK_FILE pri podjetju 4: se ni na vrsti po razporedu; preskoceno.
19:47:32     konec: Zaloga NW_STOCK
19:47:32  == Zaloga BT_STOCK ==
19:47:33     [BT_STOCK] preskoceno: Razmik dobavitelja se tece; naslednji prenos po 10. 09. 2026 22:27.
19:47:33     Prevzem koncan: uspesno 0, neuspesno 0, skupaj virov 1.
19:47:34     Prebranih zapisov: 1389; SHA-256: 7210ec1f16db2fbae3ae6dc2ff491e42b8d622a7883c0f65286b246b0849be1d
19:47:34     Ta posnetek je ze v bazi; vir=BT_STOCK, podjetje=1, cas posnetka=2026-09-10 10:47:35Z, uporabljenih=1389, v karanteni=0, RunId=4514b45c-98b1-48f9-8a13-e4524d7baeaf. Zapisano ni bilo nic.
19:47:35     Prebranih zapisov: 1389; SHA-256: 7210ec1f16db2fbae3ae6dc2ff491e42b8d622a7883c0f65286b246b0849be1d
19:47:35     Ta posnetek je ze v bazi; vir=BT_STOCK, podjetje=2, cas posnetka=2026-09-10 10:47:35Z, uporabljenih=1389, v karanteni=0, RunId=9147ad1a-a465-4e02-969c-2aed97cba97a. Zapisano ni bilo nic.
19:47:36     Prebranih zapisov: 1389; SHA-256: 7210ec1f16db2fbae3ae6dc2ff491e42b8d622a7883c0f65286b246b0849be1d
19:47:36     Ta posnetek je ze v bazi; vir=BT_STOCK, podjetje=3, cas posnetka=2026-09-10 10:47:35Z, uporabljenih=1389, v karanteni=0, RunId=20e88f78-514b-4fd7-8111-efb858ce45f1. Zapisano ni bilo nic.
19:47:37     Prebranih zapisov: 1389; SHA-256: 7210ec1f16db2fbae3ae6dc2ff491e42b8d622a7883c0f65286b246b0849be1d
19:47:38     Ta posnetek je ze v bazi; vir=BT_STOCK, podjetje=4, cas posnetka=2026-09-10 10:47:35Z, uporabljenih=1389, v karanteni=0, RunId=70cbb147-1ded-4fb1-9375-02f842152638. Zapisano ni bilo nic.
19:47:38     konec: Zaloga BT_STOCK
19:47:38  == Zaloga iz SAOP (kolicine) ==
19:47:39     [1] SAOP_STOCK: se ni na vrsti po razporedu; preskoceno.
19:47:39     [2] SAOP_STOCK: se ni na vrsti po razporedu; preskoceno.
19:47:39     [3] SAOP_STOCK: se ni na vrsti po razporedu; preskoceno.
19:47:39     [4] SAOP_STOCK: se ni na vrsti po razporedu; preskoceno.
19:47:39     konec: Zaloga iz SAOP (kolicine)
19:47:39  == Izvoz cen in zaloge za splet ==
19:47:41     Izvoz profila MAGENTO_STOCK_PRICES končan: 352 vrstic v C:\Users\david\Desktop\PIM\NoviPIM\izvoz\magento\1
19:47:44     Izvoz profila MAGENTO_STOCK_PRICES končan: 2071 vrstic v C:\Users\david\Desktop\PIM\NoviPIM\izvoz\magento\2
19:47:47     Izvoz profila MAGENTO_STOCK_PRICES končan: 2488 vrstic v C:\Users\david\Desktop\PIM\NoviPIM\izvoz\magento\3
19:47:48     Izvoz profila MAGENTO_STOCK_PRICES končan: 0 vrstic v C:\Users\david\Desktop\PIM\NoviPIM\izvoz\magento\4
19:47:48     konec: Izvoz cen in zaloge za splet
19:47:48  Zalogovni cikel koncan; padlih korakov: 0.
19:52:26  == Zaloga NW_STOCK ==
19:52:27     SOURCE_FETCH: se ni na vrsti po razporedu; preskoceno.
19:52:28     Prebranih zapisov: 2762; SHA-256: 948c5bee093658cb92f9c273f2d32ee93e9fc1d0259b89da243a9fca74d4acfd
19:52:28     STOCK_FILE pri podjetju 1: se ni na vrsti po razporedu; preskoceno.
19:52:29     Prebranih zapisov: 2762; SHA-256: 948c5bee093658cb92f9c273f2d32ee93e9fc1d0259b89da243a9fca74d4acfd
19:52:29     STOCK_FILE pri podjetju 2: se ni na vrsti po razporedu; preskoceno.
19:52:30     Prebranih zapisov: 2762; SHA-256: 948c5bee093658cb92f9c273f2d32ee93e9fc1d0259b89da243a9fca74d4acfd
19:52:30     STOCK_FILE pri podjetju 3: se ni na vrsti po razporedu; preskoceno.
19:52:31     Prebranih zapisov: 2762; SHA-256: 948c5bee093658cb92f9c273f2d32ee93e9fc1d0259b89da243a9fca74d4acfd
19:52:31     STOCK_FILE pri podjetju 4: se ni na vrsti po razporedu; preskoceno.
19:52:31     konec: Zaloga NW_STOCK
19:52:31  == Zaloga BT_STOCK ==
19:52:32     SOURCE_FETCH: se ni na vrsti po razporedu; preskoceno.
19:52:33     Prebranih zapisov: 1389; SHA-256: 7210ec1f16db2fbae3ae6dc2ff491e42b8d622a7883c0f65286b246b0849be1d
19:52:33     STOCK_FILE pri podjetju 1: se ni na vrsti po razporedu; preskoceno.
19:52:34     Prebranih zapisov: 1389; SHA-256: 7210ec1f16db2fbae3ae6dc2ff491e42b8d622a7883c0f65286b246b0849be1d
19:52:34     STOCK_FILE pri podjetju 2: se ni na vrsti po razporedu; preskoceno.
19:52:35     Prebranih zapisov: 1389; SHA-256: 7210ec1f16db2fbae3ae6dc2ff491e42b8d622a7883c0f65286b246b0849be1d
19:52:35     STOCK_FILE pri podjetju 3: se ni na vrsti po razporedu; preskoceno.
19:52:36     Prebranih zapisov: 1389; SHA-256: 7210ec1f16db2fbae3ae6dc2ff491e42b8d622a7883c0f65286b246b0849be1d
19:52:36     STOCK_FILE pri podjetju 4: se ni na vrsti po razporedu; preskoceno.
19:52:36     konec: Zaloga BT_STOCK
19:52:36  == Zaloga iz SAOP (kolicine) ==
19:52:37     [1] SAOP_STOCK: se ni na vrsti po razporedu; preskoceno.
19:52:37     [2] SAOP_STOCK: se ni na vrsti po razporedu; preskoceno.
19:52:37     [3] SAOP_STOCK: se ni na vrsti po razporedu; preskoceno.
19:52:37     [4] SAOP_STOCK: se ni na vrsti po razporedu; preskoceno.
19:52:37     konec: Zaloga iz SAOP (kolicine)
19:52:37  == Izvoz cen in zaloge za splet ==
19:52:39     Izvoz profila MAGENTO_STOCK_PRICES končan: 352 vrstic v C:\Users\david\Desktop\PIM\NoviPIM\izvoz\magento\1
19:52:42     Izvoz profila MAGENTO_STOCK_PRICES končan: 2071 vrstic v C:\Users\david\Desktop\PIM\NoviPIM\izvoz\magento\2
19:52:45     Izvoz profila MAGENTO_STOCK_PRICES končan: 2488 vrstic v C:\Users\david\Desktop\PIM\NoviPIM\izvoz\magento\3
19:52:47     Izvoz profila MAGENTO_STOCK_PRICES končan: 0 vrstic v C:\Users\david\Desktop\PIM\NoviPIM\izvoz\magento\4
19:52:47     konec: Izvoz cen in zaloge za splet
19:52:47  Zalogovni cikel koncan; padlih korakov: 0.
19:57:26  == Zaloga NW_STOCK ==
19:57:27     [NW_STOCK] preskoceno: Razmik dobavitelja se tece; naslednji prenos po 10. 09. 2026 21:10.
19:57:27     Prevzem koncan: uspesno 0, neuspesno 0, skupaj virov 1.
19:57:28     Prebranih zapisov: 2762; SHA-256: 948c5bee093658cb92f9c273f2d32ee93e9fc1d0259b89da243a9fca74d4acfd
19:57:28     Ta posnetek je ze v bazi; vir=NW_STOCK, podjetje=1, cas posnetka=2026-09-10 17:10:03Z, uporabljenih=2762, v karanteni=0, RunId=98afb15b-7d87-4e14-ab05-58fca1f53568. Zapisano ni bilo nic.
19:57:29     Prebranih zapisov: 2762; SHA-256: 948c5bee093658cb92f9c273f2d32ee93e9fc1d0259b89da243a9fca74d4acfd
19:57:29     Ta posnetek je ze v bazi; vir=NW_STOCK, podjetje=2, cas posnetka=2026-09-10 17:10:03Z, uporabljenih=2762, v karanteni=0, RunId=6c9af13a-181e-4f00-b143-e035c282201f. Zapisano ni bilo nic.
19:57:30     Prebranih zapisov: 2762; SHA-256: 948c5bee093658cb92f9c273f2d32ee93e9fc1d0259b89da243a9fca74d4acfd
19:57:30     Ta posnetek je ze v bazi; vir=NW_STOCK, podjetje=3, cas posnetka=2026-09-10 17:10:03Z, uporabljenih=2762, v karanteni=0, RunId=e39caf9a-e732-4876-922c-b09e09a246d3. Zapisano ni bilo nic.
19:57:31     Prebranih zapisov: 2762; SHA-256: 948c5bee093658cb92f9c273f2d32ee93e9fc1d0259b89da243a9fca74d4acfd
19:57:31     Ta posnetek je ze v bazi; vir=NW_STOCK, podjetje=4, cas posnetka=2026-09-10 17:10:03Z, uporabljenih=2762, v karanteni=0, RunId=9647b3a5-1abe-421d-ab7a-4bb55979604c. Zapisano ni bilo nic.
19:57:32     konec: Zaloga NW_STOCK
19:57:32  == Zaloga BT_STOCK ==
19:57:32     SOURCE_FETCH: se ni na vrsti po razporedu; preskoceno.
19:57:33     Prebranih zapisov: 1389; SHA-256: 7210ec1f16db2fbae3ae6dc2ff491e42b8d622a7883c0f65286b246b0849be1d
19:57:33     STOCK_FILE pri podjetju 1: se ni na vrsti po razporedu; preskoceno.
19:57:34     Prebranih zapisov: 1389; SHA-256: 7210ec1f16db2fbae3ae6dc2ff491e42b8d622a7883c0f65286b246b0849be1d
19:57:34     STOCK_FILE pri podjetju 2: se ni na vrsti po razporedu; preskoceno.
19:57:35     Prebranih zapisov: 1389; SHA-256: 7210ec1f16db2fbae3ae6dc2ff491e42b8d622a7883c0f65286b246b0849be1d
19:57:35     STOCK_FILE pri podjetju 3: se ni na vrsti po razporedu; preskoceno.
19:57:36     Prebranih zapisov: 1389; SHA-256: 7210ec1f16db2fbae3ae6dc2ff491e42b8d622a7883c0f65286b246b0849be1d
19:57:36     STOCK_FILE pri podjetju 4: se ni na vrsti po razporedu; preskoceno.
19:57:37     konec: Zaloga BT_STOCK
19:57:37  == Zaloga iz SAOP (kolicine) ==
19:57:37     [1] SAOP_STOCK: se ni na vrsti po razporedu; preskoceno.
19:57:37     [2] SAOP_STOCK: se ni na vrsti po razporedu; preskoceno.
19:57:37     [3] SAOP_STOCK: se ni na vrsti po razporedu; preskoceno.
19:57:37     [4] SAOP_STOCK: se ni na vrsti po razporedu; preskoceno.
19:57:37     konec: Zaloga iz SAOP (kolicine)
19:57:37  == Izvoz cen in zaloge za splet ==
19:57:39     Izvoz profila MAGENTO_STOCK_PRICES končan: 352 vrstic v C:\Users\david\Desktop\PIM\NoviPIM\izvoz\magento\1
19:57:43     Izvoz profila MAGENTO_STOCK_PRICES končan: 2071 vrstic v C:\Users\david\Desktop\PIM\NoviPIM\izvoz\magento\2
19:57:46     Izvoz profila MAGENTO_STOCK_PRICES končan: 2488 vrstic v C:\Users\david\Desktop\PIM\NoviPIM\izvoz\magento\3
19:57:47     Izvoz profila MAGENTO_STOCK_PRICES končan: 0 vrstic v C:\Users\david\Desktop\PIM\NoviPIM\izvoz\magento\4
19:57:47     konec: Izvoz cen in zaloge za splet
19:57:47  Zalogovni cikel koncan; padlih korakov: 0.
20:02:26  == Zaloga NW_STOCK ==
20:02:27     SOURCE_FETCH: se ni na vrsti po razporedu; preskoceno.
20:02:28     Prebranih zapisov: 2762; SHA-256: 948c5bee093658cb92f9c273f2d32ee93e9fc1d0259b89da243a9fca74d4acfd
20:02:28     STOCK_FILE pri podjetju 1: se ni na vrsti po razporedu; preskoceno.
20:02:29     Prebranih zapisov: 2762; SHA-256: 948c5bee093658cb92f9c273f2d32ee93e9fc1d0259b89da243a9fca74d4acfd
20:02:29     STOCK_FILE pri podjetju 2: se ni na vrsti po razporedu; preskoceno.
20:02:30     Prebranih zapisov: 2762; SHA-256: 948c5bee093658cb92f9c273f2d32ee93e9fc1d0259b89da243a9fca74d4acfd
20:02:30     STOCK_FILE pri podjetju 3: se ni na vrsti po razporedu; preskoceno.
20:02:31     Prebranih zapisov: 2762; SHA-256: 948c5bee093658cb92f9c273f2d32ee93e9fc1d0259b89da243a9fca74d4acfd
20:02:31     STOCK_FILE pri podjetju 4: se ni na vrsti po razporedu; preskoceno.
20:02:31     konec: Zaloga NW_STOCK
20:02:31  == Zaloga BT_STOCK ==
20:02:32     [BT_STOCK] preskoceno: Razmik dobavitelja se tece; naslednji prenos po 10. 09. 2026 22:27.
20:02:32     Prevzem koncan: uspesno 0, neuspesno 0, skupaj virov 1.
20:02:33     Prebranih zapisov: 1389; SHA-256: 7210ec1f16db2fbae3ae6dc2ff491e42b8d622a7883c0f65286b246b0849be1d
20:02:33     Ta posnetek je ze v bazi; vir=BT_STOCK, podjetje=1, cas posnetka=2026-09-10 10:47:35Z, uporabljenih=1389, v karanteni=0, RunId=4514b45c-98b1-48f9-8a13-e4524d7baeaf. Zapisano ni bilo nic.
20:02:34     Prebranih zapisov: 1389; SHA-256: 7210ec1f16db2fbae3ae6dc2ff491e42b8d622a7883c0f65286b246b0849be1d
20:02:34     Ta posnetek je ze v bazi; vir=BT_STOCK, podjetje=2, cas posnetka=2026-09-10 10:47:35Z, uporabljenih=1389, v karanteni=0, RunId=9147ad1a-a465-4e02-969c-2aed97cba97a. Zapisano ni bilo nic.
20:02:35     Prebranih zapisov: 1389; SHA-256: 7210ec1f16db2fbae3ae6dc2ff491e42b8d622a7883c0f65286b246b0849be1d
20:02:35     Ta posnetek je ze v bazi; vir=BT_STOCK, podjetje=3, cas posnetka=2026-09-10 10:47:35Z, uporabljenih=1389, v karanteni=0, RunId=20e88f78-514b-4fd7-8111-efb858ce45f1. Zapisano ni bilo nic.
20:02:36     Prebranih zapisov: 1389; SHA-256: 7210ec1f16db2fbae3ae6dc2ff491e42b8d622a7883c0f65286b246b0849be1d
20:02:36     Ta posnetek je ze v bazi; vir=BT_STOCK, podjetje=4, cas posnetka=2026-09-10 10:47:35Z, uporabljenih=1389, v karanteni=0, RunId=70cbb147-1ded-4fb1-9375-02f842152638. Zapisano ni bilo nic.
20:02:37     konec: Zaloga BT_STOCK
20:02:37  == Zaloga iz SAOP (kolicine) ==
20:02:37     [1] SAOP_STOCK: se ni na vrsti po razporedu; preskoceno.
20:02:37     [2] SAOP_STOCK: se ni na vrsti po razporedu; preskoceno.
20:02:37     [3] SAOP_STOCK: se ni na vrsti po razporedu; preskoceno.
20:02:37     [4] SAOP_STOCK: se ni na vrsti po razporedu; preskoceno.
20:02:37     konec: Zaloga iz SAOP (kolicine)
20:02:37  == Izvoz cen in zaloge za splet ==
20:02:39     Izvoz profila MAGENTO_STOCK_PRICES končan: 352 vrstic v C:\Users\david\Desktop\PIM\NoviPIM\izvoz\magento\1
20:02:43     Izvoz profila MAGENTO_STOCK_PRICES končan: 2071 vrstic v C:\Users\david\Desktop\PIM\NoviPIM\izvoz\magento\2
20:02:46     Izvoz profila MAGENTO_STOCK_PRICES končan: 2488 vrstic v C:\Users\david\Desktop\PIM\NoviPIM\izvoz\magento\3
20:02:47     Izvoz profila MAGENTO_STOCK_PRICES končan: 0 vrstic v C:\Users\david\Desktop\PIM\NoviPIM\izvoz\magento\4
20:02:47     konec: Izvoz cen in zaloge za splet
20:02:47  Zalogovni cikel koncan; padlih korakov: 0.
20:07:26  == Zaloga NW_STOCK ==
20:07:27     SOURCE_FETCH: se ni na vrsti po razporedu; preskoceno.
20:07:28     Prebranih zapisov: 2762; SHA-256: 948c5bee093658cb92f9c273f2d32ee93e9fc1d0259b89da243a9fca74d4acfd
20:07:28     STOCK_FILE pri podjetju 1: se ni na vrsti po razporedu; preskoceno.
20:07:29     Prebranih zapisov: 2762; SHA-256: 948c5bee093658cb92f9c273f2d32ee93e9fc1d0259b89da243a9fca74d4acfd
20:07:29     STOCK_FILE pri podjetju 2: se ni na vrsti po razporedu; preskoceno.
20:07:30     Prebranih zapisov: 2762; SHA-256: 948c5bee093658cb92f9c273f2d32ee93e9fc1d0259b89da243a9fca74d4acfd
20:07:30     STOCK_FILE pri podjetju 3: se ni na vrsti po razporedu; preskoceno.
20:07:31     Prebranih zapisov: 2762; SHA-256: 948c5bee093658cb92f9c273f2d32ee93e9fc1d0259b89da243a9fca74d4acfd
20:07:31     STOCK_FILE pri podjetju 4: se ni na vrsti po razporedu; preskoceno.
20:07:31     konec: Zaloga NW_STOCK
20:07:31  == Zaloga BT_STOCK ==
20:07:32     SOURCE_FETCH: se ni na vrsti po razporedu; preskoceno.
20:07:33     Prebranih zapisov: 1389; SHA-256: 7210ec1f16db2fbae3ae6dc2ff491e42b8d622a7883c0f65286b246b0849be1d
20:07:33     STOCK_FILE pri podjetju 1: se ni na vrsti po razporedu; preskoceno.
20:07:34     Prebranih zapisov: 1389; SHA-256: 7210ec1f16db2fbae3ae6dc2ff491e42b8d622a7883c0f65286b246b0849be1d
20:07:34     STOCK_FILE pri podjetju 2: se ni na vrsti po razporedu; preskoceno.
20:07:35     Prebranih zapisov: 1389; SHA-256: 7210ec1f16db2fbae3ae6dc2ff491e42b8d622a7883c0f65286b246b0849be1d
20:07:35     STOCK_FILE pri podjetju 3: se ni na vrsti po razporedu; preskoceno.
20:07:36     Prebranih zapisov: 1389; SHA-256: 7210ec1f16db2fbae3ae6dc2ff491e42b8d622a7883c0f65286b246b0849be1d
20:07:36     STOCK_FILE pri podjetju 4: se ni na vrsti po razporedu; preskoceno.
20:07:36     konec: Zaloga BT_STOCK
20:07:36  == Zaloga iz SAOP (kolicine) ==
20:07:37     [1] SAOP_STOCK: se ni na vrsti po razporedu; preskoceno.
20:07:37     [2] SAOP_STOCK: se ni na vrsti po razporedu; preskoceno.
20:07:37     [3] SAOP_STOCK: se ni na vrsti po razporedu; preskoceno.
20:07:37     [4] SAOP_STOCK: se ni na vrsti po razporedu; preskoceno.
20:07:37     konec: Zaloga iz SAOP (kolicine)
20:07:37  == Izvoz cen in zaloge za splet ==
20:07:39     Izvoz profila MAGENTO_STOCK_PRICES končan: 352 vrstic v C:\Users\david\Desktop\PIM\NoviPIM\izvoz\magento\1
20:07:42     Izvoz profila MAGENTO_STOCK_PRICES končan: 2071 vrstic v C:\Users\david\Desktop\PIM\NoviPIM\izvoz\magento\2
20:07:45     Izvoz profila MAGENTO_STOCK_PRICES končan: 2488 vrstic v C:\Users\david\Desktop\PIM\NoviPIM\izvoz\magento\3
20:07:47     Izvoz profila MAGENTO_STOCK_PRICES končan: 0 vrstic v C:\Users\david\Desktop\PIM\NoviPIM\izvoz\magento\4
20:07:47     konec: Izvoz cen in zaloge za splet
20:07:47  Zalogovni cikel koncan; padlih korakov: 0.
20:12:26  == Zaloga NW_STOCK ==
20:12:27     [NW_STOCK] preskoceno: Razmik dobavitelja se tece; naslednji prenos po 10. 09. 2026 21:10.
20:12:27     Prevzem koncan: uspesno 0, neuspesno 0, skupaj virov 1.
20:12:28     Prebranih zapisov: 2762; SHA-256: 948c5bee093658cb92f9c273f2d32ee93e9fc1d0259b89da243a9fca74d4acfd
20:12:28     Ta posnetek je ze v bazi; vir=NW_STOCK, podjetje=1, cas posnetka=2026-09-10 17:10:03Z, uporabljenih=2762, v karanteni=0, RunId=98afb15b-7d87-4e14-ab05-58fca1f53568. Zapisano ni bilo nic.
20:12:29     Prebranih zapisov: 2762; SHA-256: 948c5bee093658cb92f9c273f2d32ee93e9fc1d0259b89da243a9fca74d4acfd
20:12:29     Ta posnetek je ze v bazi; vir=NW_STOCK, podjetje=2, cas posnetka=2026-09-10 17:10:03Z, uporabljenih=2762, v karanteni=0, RunId=6c9af13a-181e-4f00-b143-e035c282201f. Zapisano ni bilo nic.
20:12:30     Prebranih zapisov: 2762; SHA-256: 948c5bee093658cb92f9c273f2d32ee93e9fc1d0259b89da243a9fca74d4acfd
20:12:30     Ta posnetek je ze v bazi; vir=NW_STOCK, podjetje=3, cas posnetka=2026-09-10 17:10:03Z, uporabljenih=2762, v karanteni=0, RunId=e39caf9a-e732-4876-922c-b09e09a246d3. Zapisano ni bilo nic.
20:12:31     Prebranih zapisov: 2762; SHA-256: 948c5bee093658cb92f9c273f2d32ee93e9fc1d0259b89da243a9fca74d4acfd
20:12:31     Ta posnetek je ze v bazi; vir=NW_STOCK, podjetje=4, cas posnetka=2026-09-10 17:10:03Z, uporabljenih=2762, v karanteni=0, RunId=9647b3a5-1abe-421d-ab7a-4bb55979604c. Zapisano ni bilo nic.
20:12:32     konec: Zaloga NW_STOCK
20:12:32  == Zaloga BT_STOCK ==
20:12:32     SOURCE_FETCH: se ni na vrsti po razporedu; preskoceno.
20:12:33     Prebranih zapisov: 1389; SHA-256: 7210ec1f16db2fbae3ae6dc2ff491e42b8d622a7883c0f65286b246b0849be1d
20:12:33     STOCK_FILE pri podjetju 1: se ni na vrsti po razporedu; preskoceno.
20:12:34     Prebranih zapisov: 1389; SHA-256: 7210ec1f16db2fbae3ae6dc2ff491e42b8d622a7883c0f65286b246b0849be1d
20:12:34     STOCK_FILE pri podjetju 2: se ni na vrsti po razporedu; preskoceno.
20:12:35     Prebranih zapisov: 1389; SHA-256: 7210ec1f16db2fbae3ae6dc2ff491e42b8d622a7883c0f65286b246b0849be1d
20:12:36     STOCK_FILE pri podjetju 3: se ni na vrsti po razporedu; preskoceno.
20:12:37     Prebranih zapisov: 1389; SHA-256: 7210ec1f16db2fbae3ae6dc2ff491e42b8d622a7883c0f65286b246b0849be1d
20:12:37     STOCK_FILE pri podjetju 4: se ni na vrsti po razporedu; preskoceno.
20:12:37     konec: Zaloga BT_STOCK
20:12:37  == Zaloga iz SAOP (kolicine) ==
20:12:38     [1] SAOP_STOCK: se ni na vrsti po razporedu; preskoceno.
20:12:38     [2] SAOP_STOCK: se ni na vrsti po razporedu; preskoceno.
20:12:38     [3] SAOP_STOCK: se ni na vrsti po razporedu; preskoceno.
20:12:38     [4] SAOP_STOCK: se ni na vrsti po razporedu; preskoceno.
20:12:38     konec: Zaloga iz SAOP (kolicine)
20:12:38  == Izvoz cen in zaloge za splet ==
20:12:40     Izvoz profila MAGENTO_STOCK_PRICES končan: 352 vrstic v C:\Users\david\Desktop\PIM\NoviPIM\izvoz\magento\1
20:12:43     Izvoz profila MAGENTO_STOCK_PRICES končan: 2071 vrstic v C:\Users\david\Desktop\PIM\NoviPIM\izvoz\magento\2
20:12:46     Izvoz profila MAGENTO_STOCK_PRICES končan: 2488 vrstic v C:\Users\david\Desktop\PIM\NoviPIM\izvoz\magento\3
20:12:47     Izvoz profila MAGENTO_STOCK_PRICES končan: 0 vrstic v C:\Users\david\Desktop\PIM\NoviPIM\izvoz\magento\4
20:12:47     konec: Izvoz cen in zaloge za splet
20:12:47  Zalogovni cikel koncan; padlih korakov: 0.
20:17:26  == Zaloga NW_STOCK ==
20:17:27     SOURCE_FETCH: se ni na vrsti po razporedu; preskoceno.
20:17:28     Prebranih zapisov: 2762; SHA-256: 948c5bee093658cb92f9c273f2d32ee93e9fc1d0259b89da243a9fca74d4acfd
20:17:28     STOCK_FILE pri podjetju 1: se ni na vrsti po razporedu; preskoceno.
20:17:29     Prebranih zapisov: 2762; SHA-256: 948c5bee093658cb92f9c273f2d32ee93e9fc1d0259b89da243a9fca74d4acfd
20:17:29     STOCK_FILE pri podjetju 2: se ni na vrsti po razporedu; preskoceno.
20:17:30     Prebranih zapisov: 2762; SHA-256: 948c5bee093658cb92f9c273f2d32ee93e9fc1d0259b89da243a9fca74d4acfd
20:17:30     STOCK_FILE pri podjetju 3: se ni na vrsti po razporedu; preskoceno.
20:17:31     Prebranih zapisov: 2762; SHA-256: 948c5bee093658cb92f9c273f2d32ee93e9fc1d0259b89da243a9fca74d4acfd
20:17:31     STOCK_FILE pri podjetju 4: se ni na vrsti po razporedu; preskoceno.
20:17:31     konec: Zaloga NW_STOCK
20:17:31  == Zaloga BT_STOCK ==
20:17:32     [BT_STOCK] preskoceno: Razmik dobavitelja se tece; naslednji prenos po 10. 09. 2026 22:27.
20:17:32     Prevzem koncan: uspesno 0, neuspesno 0, skupaj virov 1.
20:17:33     Prebranih zapisov: 1389; SHA-256: 7210ec1f16db2fbae3ae6dc2ff491e42b8d622a7883c0f65286b246b0849be1d
20:17:33     Ta posnetek je ze v bazi; vir=BT_STOCK, podjetje=1, cas posnetka=2026-09-10 10:47:35Z, uporabljenih=1389, v karanteni=0, RunId=4514b45c-98b1-48f9-8a13-e4524d7baeaf. Zapisano ni bilo nic.
20:17:34     Prebranih zapisov: 1389; SHA-256: 7210ec1f16db2fbae3ae6dc2ff491e42b8d622a7883c0f65286b246b0849be1d
20:17:34     Ta posnetek je ze v bazi; vir=BT_STOCK, podjetje=2, cas posnetka=2026-09-10 10:47:35Z, uporabljenih=1389, v karanteni=0, RunId=9147ad1a-a465-4e02-969c-2aed97cba97a. Zapisano ni bilo nic.
20:17:35     Prebranih zapisov: 1389; SHA-256: 7210ec1f16db2fbae3ae6dc2ff491e42b8d622a7883c0f65286b246b0849be1d
20:17:35     Ta posnetek je ze v bazi; vir=BT_STOCK, podjetje=3, cas posnetka=2026-09-10 10:47:35Z, uporabljenih=1389, v karanteni=0, RunId=20e88f78-514b-4fd7-8111-efb858ce45f1. Zapisano ni bilo nic.
20:17:36     Prebranih zapisov: 1389; SHA-256: 7210ec1f16db2fbae3ae6dc2ff491e42b8d622a7883c0f65286b246b0849be1d
20:17:37     Ta posnetek je ze v bazi; vir=BT_STOCK, podjetje=4, cas posnetka=2026-09-10 10:47:35Z, uporabljenih=1389, v karanteni=0, RunId=70cbb147-1ded-4fb1-9375-02f842152638. Zapisano ni bilo nic.
20:17:37     konec: Zaloga BT_STOCK
20:17:37  == Zaloga iz SAOP (kolicine) ==
20:17:59     STDERR: [1] NAPAKA: A connection attempt failed because the connected party did not properly respond after a period of time, or established connection failed because connected host has failed to respond. (192.168.178.12:81)
20:18:20     STDERR: [2] NAPAKA: A connection attempt failed because the connected party did not properly respond after a period of time, or established connection failed because connected host has failed to respond. (192.168.178.12:81)
20:18:41     STDERR: [3] NAPAKA: A connection attempt failed because the connected party did not properly respond after a period of time, or established connection failed because connected host has failed to respond. (192.168.178.12:81)
20:19:02     STDERR: [4] NAPAKA: A connection attempt failed because the connected party did not properly respond after a period of time, or established connection failed because connected host has failed to respond. (192.168.178.12:81)
20:19:02     NAPAKA: worker workers\PIM.SaopStockWorker je koncal z izhodno kodo 1
20:19:02  == Izvoz cen in zaloge za splet ==
20:19:04     Izvoz profila MAGENTO_STOCK_PRICES končan: 352 vrstic v C:\Users\david\Desktop\PIM\NoviPIM\izvoz\magento\1
20:19:07     Izvoz profila MAGENTO_STOCK_PRICES končan: 2071 vrstic v C:\Users\david\Desktop\PIM\NoviPIM\izvoz\magento\2
20:19:11     Izvoz profila MAGENTO_STOCK_PRICES končan: 2488 vrstic v C:\Users\david\Desktop\PIM\NoviPIM\izvoz\magento\3
20:19:12     Izvoz profila MAGENTO_STOCK_PRICES končan: 0 vrstic v C:\Users\david\Desktop\PIM\NoviPIM\izvoz\magento\4
20:19:12     konec: Izvoz cen in zaloge za splet
20:19:12  Zalogovni cikel koncan; padlih korakov: 1.
20:22:26  == Zaloga NW_STOCK ==
20:22:27     SOURCE_FETCH: se ni na vrsti po razporedu; preskoceno.
20:22:28     Prebranih zapisov: 2762; SHA-256: 948c5bee093658cb92f9c273f2d32ee93e9fc1d0259b89da243a9fca74d4acfd
20:22:29     STOCK_FILE pri podjetju 1: se ni na vrsti po razporedu; preskoceno.
20:22:29     Prebranih zapisov: 2762; SHA-256: 948c5bee093658cb92f9c273f2d32ee93e9fc1d0259b89da243a9fca74d4acfd
20:22:30     STOCK_FILE pri podjetju 2: se ni na vrsti po razporedu; preskoceno.
20:22:30     Prebranih zapisov: 2762; SHA-256: 948c5bee093658cb92f9c273f2d32ee93e9fc1d0259b89da243a9fca74d4acfd
20:22:30     STOCK_FILE pri podjetju 3: se ni na vrsti po razporedu; preskoceno.
20:22:31     Prebranih zapisov: 2762; SHA-256: 948c5bee093658cb92f9c273f2d32ee93e9fc1d0259b89da243a9fca74d4acfd
20:22:31     STOCK_FILE pri podjetju 4: se ni na vrsti po razporedu; preskoceno.
20:22:31     konec: Zaloga NW_STOCK
20:22:31  == Zaloga BT_STOCK ==
20:22:32     [BT_STOCK] preskoceno: Razmik dobavitelja se tece; naslednji prenos po 10. 09. 2026 22:27.
20:22:32     Prevzem koncan: uspesno 0, neuspesno 0, skupaj virov 1.
20:22:33     Prebranih zapisov: 1389; SHA-256: 7210ec1f16db2fbae3ae6dc2ff491e42b8d622a7883c0f65286b246b0849be1d
20:22:34     Ta posnetek je ze v bazi; vir=BT_STOCK, podjetje=1, cas posnetka=2026-09-10 10:47:35Z, uporabljenih=1389, v karanteni=0, RunId=4514b45c-98b1-48f9-8a13-e4524d7baeaf. Zapisano ni bilo nic.
20:22:34     Prebranih zapisov: 1389; SHA-256: 7210ec1f16db2fbae3ae6dc2ff491e42b8d622a7883c0f65286b246b0849be1d
20:22:35     Ta posnetek je ze v bazi; vir=BT_STOCK, podjetje=2, cas posnetka=2026-09-10 10:47:35Z, uporabljenih=1389, v karanteni=0, RunId=9147ad1a-a465-4e02-969c-2aed97cba97a. Zapisano ni bilo nic.
20:22:36     Prebranih zapisov: 1389; SHA-256: 7210ec1f16db2fbae3ae6dc2ff491e42b8d622a7883c0f65286b246b0849be1d
20:22:36     Ta posnetek je ze v bazi; vir=BT_STOCK, podjetje=3, cas posnetka=2026-09-10 10:47:35Z, uporabljenih=1389, v karanteni=0, RunId=20e88f78-514b-4fd7-8111-efb858ce45f1. Zapisano ni bilo nic.
20:22:37     Prebranih zapisov: 1389; SHA-256: 7210ec1f16db2fbae3ae6dc2ff491e42b8d622a7883c0f65286b246b0849be1d
20:22:37     Ta posnetek je ze v bazi; vir=BT_STOCK, podjetje=4, cas posnetka=2026-09-10 10:47:35Z, uporabljenih=1389, v karanteni=0, RunId=70cbb147-1ded-4fb1-9375-02f842152638. Zapisano ni bilo nic.
20:22:37     konec: Zaloga BT_STOCK
20:22:37  == Zaloga iz SAOP (kolicine) ==
20:22:38     [1] SAOP_STOCK: se ni na vrsti po razporedu; preskoceno.
20:22:38     [2] SAOP_STOCK: se ni na vrsti po razporedu; preskoceno.
20:22:38     [3] SAOP_STOCK: se ni na vrsti po razporedu; preskoceno.
20:22:38     [4] SAOP_STOCK: se ni na vrsti po razporedu; preskoceno.
20:22:38     konec: Zaloga iz SAOP (kolicine)
20:22:38  == Izvoz cen in zaloge za splet ==
20:22:40     Izvoz profila MAGENTO_STOCK_PRICES končan: 352 vrstic v C:\Users\david\Desktop\PIM\NoviPIM\izvoz\magento\1
20:22:43     Izvoz profila MAGENTO_STOCK_PRICES končan: 2071 vrstic v C:\Users\david\Desktop\PIM\NoviPIM\izvoz\magento\2
20:22:46     Izvoz profila MAGENTO_STOCK_PRICES končan: 2488 vrstic v C:\Users\david\Desktop\PIM\NoviPIM\izvoz\magento\3
20:22:47     Izvoz profila MAGENTO_STOCK_PRICES končan: 0 vrstic v C:\Users\david\Desktop\PIM\NoviPIM\izvoz\magento\4
20:22:47     konec: Izvoz cen in zaloge za splet
20:22:47  Zalogovni cikel koncan; padlih korakov: 0.
20:27:26  == Zaloga NW_STOCK ==
20:27:27     SOURCE_FETCH: se ni na vrsti po razporedu; preskoceno.
20:27:28     Prebranih zapisov: 2762; SHA-256: 948c5bee093658cb92f9c273f2d32ee93e9fc1d0259b89da243a9fca74d4acfd
20:27:28     STOCK_FILE pri podjetju 1: se ni na vrsti po razporedu; preskoceno.
20:27:29     Prebranih zapisov: 2762; SHA-256: 948c5bee093658cb92f9c273f2d32ee93e9fc1d0259b89da243a9fca74d4acfd
20:27:29     STOCK_FILE pri podjetju 2: se ni na vrsti po razporedu; preskoceno.
20:27:30     Prebranih zapisov: 2762; SHA-256: 948c5bee093658cb92f9c273f2d32ee93e9fc1d0259b89da243a9fca74d4acfd
20:27:30     STOCK_FILE pri podjetju 3: se ni na vrsti po razporedu; preskoceno.
20:27:31     Prebranih zapisov: 2762; SHA-256: 948c5bee093658cb92f9c273f2d32ee93e9fc1d0259b89da243a9fca74d4acfd
20:27:31     STOCK_FILE pri podjetju 4: se ni na vrsti po razporedu; preskoceno.
20:27:31     konec: Zaloga NW_STOCK
20:27:31  == Zaloga BT_STOCK ==
20:27:32     SOURCE_FETCH: se ni na vrsti po razporedu; preskoceno.
20:27:33     Prebranih zapisov: 1389; SHA-256: 7210ec1f16db2fbae3ae6dc2ff491e42b8d622a7883c0f65286b246b0849be1d
20:27:33     STOCK_FILE pri podjetju 1: se ni na vrsti po razporedu; preskoceno.
20:27:34     Prebranih zapisov: 1389; SHA-256: 7210ec1f16db2fbae3ae6dc2ff491e42b8d622a7883c0f65286b246b0849be1d
20:27:34     STOCK_FILE pri podjetju 2: se ni na vrsti po razporedu; preskoceno.
20:27:35     Prebranih zapisov: 1389; SHA-256: 7210ec1f16db2fbae3ae6dc2ff491e42b8d622a7883c0f65286b246b0849be1d
20:27:35     STOCK_FILE pri podjetju 3: se ni na vrsti po razporedu; preskoceno.
20:27:36     Prebranih zapisov: 1389; SHA-256: 7210ec1f16db2fbae3ae6dc2ff491e42b8d622a7883c0f65286b246b0849be1d
20:27:36     STOCK_FILE pri podjetju 4: se ni na vrsti po razporedu; preskoceno.
20:27:36     konec: Zaloga BT_STOCK
20:27:36  == Zaloga iz SAOP (kolicine) ==
20:27:37     [1] SAOP_STOCK: se ni na vrsti po razporedu; preskoceno.
20:27:37     [2] SAOP_STOCK: se ni na vrsti po razporedu; preskoceno.
20:27:37     [3] SAOP_STOCK: se ni na vrsti po razporedu; preskoceno.
20:27:37     [4] SAOP_STOCK: se ni na vrsti po razporedu; preskoceno.
20:27:37     konec: Zaloga iz SAOP (kolicine)
20:27:37  == Izvoz cen in zaloge za splet ==
20:27:39     Izvoz profila MAGENTO_STOCK_PRICES končan: 352 vrstic v C:\Users\david\Desktop\PIM\NoviPIM\izvoz\magento\1
20:27:42     Izvoz profila MAGENTO_STOCK_PRICES končan: 2071 vrstic v C:\Users\david\Desktop\PIM\NoviPIM\izvoz\magento\2
20:27:45     Izvoz profila MAGENTO_STOCK_PRICES končan: 2488 vrstic v C:\Users\david\Desktop\PIM\NoviPIM\izvoz\magento\3
20:27:46     Izvoz profila MAGENTO_STOCK_PRICES končan: 0 vrstic v C:\Users\david\Desktop\PIM\NoviPIM\izvoz\magento\4
20:27:47     konec: Izvoz cen in zaloge za splet
20:27:47  Zalogovni cikel koncan; padlih korakov: 0.
20:32:26  == Zaloga NW_STOCK ==
20:32:27     [NW_STOCK] preskoceno: Razmik dobavitelja se tece; naslednji prenos po 10. 09. 2026 21:10.
20:32:27     Prevzem koncan: uspesno 0, neuspesno 0, skupaj virov 1.
20:32:28     Prebranih zapisov: 2762; SHA-256: 948c5bee093658cb92f9c273f2d32ee93e9fc1d0259b89da243a9fca74d4acfd
20:32:28     Ta posnetek je ze v bazi; vir=NW_STOCK, podjetje=1, cas posnetka=2026-09-10 17:10:03Z, uporabljenih=2762, v karanteni=0, RunId=98afb15b-7d87-4e14-ab05-58fca1f53568. Zapisano ni bilo nic.
20:32:29     Prebranih zapisov: 2762; SHA-256: 948c5bee093658cb92f9c273f2d32ee93e9fc1d0259b89da243a9fca74d4acfd
20:32:29     Ta posnetek je ze v bazi; vir=NW_STOCK, podjetje=2, cas posnetka=2026-09-10 17:10:03Z, uporabljenih=2762, v karanteni=0, RunId=6c9af13a-181e-4f00-b143-e035c282201f. Zapisano ni bilo nic.
20:32:30     Prebranih zapisov: 2762; SHA-256: 948c5bee093658cb92f9c273f2d32ee93e9fc1d0259b89da243a9fca74d4acfd
20:32:30     Ta posnetek je ze v bazi; vir=NW_STOCK, podjetje=3, cas posnetka=2026-09-10 17:10:03Z, uporabljenih=2762, v karanteni=0, RunId=e39caf9a-e732-4876-922c-b09e09a246d3. Zapisano ni bilo nic.
20:32:31     Prebranih zapisov: 2762; SHA-256: 948c5bee093658cb92f9c273f2d32ee93e9fc1d0259b89da243a9fca74d4acfd
20:32:32     Ta posnetek je ze v bazi; vir=NW_STOCK, podjetje=4, cas posnetka=2026-09-10 17:10:03Z, uporabljenih=2762, v karanteni=0, RunId=9647b3a5-1abe-421d-ab7a-4bb55979604c. Zapisano ni bilo nic.
20:32:32     konec: Zaloga NW_STOCK
20:32:32  == Zaloga BT_STOCK ==
20:32:33     SOURCE_FETCH: se ni na vrsti po razporedu; preskoceno.
20:32:33     Prebranih zapisov: 1389; SHA-256: 7210ec1f16db2fbae3ae6dc2ff491e42b8d622a7883c0f65286b246b0849be1d
20:32:33     STOCK_FILE pri podjetju 1: se ni na vrsti po razporedu; preskoceno.
20:32:34     Prebranih zapisov: 1389; SHA-256: 7210ec1f16db2fbae3ae6dc2ff491e42b8d622a7883c0f65286b246b0849be1d
20:32:34     STOCK_FILE pri podjetju 2: se ni na vrsti po razporedu; preskoceno.
20:32:35     Prebranih zapisov: 1389; SHA-256: 7210ec1f16db2fbae3ae6dc2ff491e42b8d622a7883c0f65286b246b0849be1d
20:32:35     STOCK_FILE pri podjetju 3: se ni na vrsti po razporedu; preskoceno.
20:32:36     Prebranih zapisov: 1389; SHA-256: 7210ec1f16db2fbae3ae6dc2ff491e42b8d622a7883c0f65286b246b0849be1d
20:32:36     STOCK_FILE pri podjetju 4: se ni na vrsti po razporedu; preskoceno.
20:32:37     konec: Zaloga BT_STOCK
20:32:37  == Zaloga iz SAOP (kolicine) ==
20:32:37     [1] SAOP_STOCK: se ni na vrsti po razporedu; preskoceno.
20:32:37     [2] SAOP_STOCK: se ni na vrsti po razporedu; preskoceno.
20:32:37     [3] SAOP_STOCK: se ni na vrsti po razporedu; preskoceno.
20:32:37     [4] SAOP_STOCK: se ni na vrsti po razporedu; preskoceno.
20:32:38     konec: Zaloga iz SAOP (kolicine)
20:32:38  == Izvoz cen in zaloge za splet ==
20:32:39     Izvoz profila MAGENTO_STOCK_PRICES končan: 352 vrstic v C:\Users\david\Desktop\PIM\NoviPIM\izvoz\magento\1
20:32:43     Izvoz profila MAGENTO_STOCK_PRICES končan: 2071 vrstic v C:\Users\david\Desktop\PIM\NoviPIM\izvoz\magento\2
20:32:46     Izvoz profila MAGENTO_STOCK_PRICES končan: 2488 vrstic v C:\Users\david\Desktop\PIM\NoviPIM\izvoz\magento\3
20:32:47     Izvoz profila MAGENTO_STOCK_PRICES končan: 0 vrstic v C:\Users\david\Desktop\PIM\NoviPIM\izvoz\magento\4
20:32:47     konec: Izvoz cen in zaloge za splet
20:32:47  Zalogovni cikel koncan; padlih korakov: 0.
20:37:26  == Zaloga NW_STOCK ==
20:37:27     [NW_STOCK] preskoceno: Razmik dobavitelja se tece; naslednji prenos po 10. 09. 2026 21:10.
20:37:27     Prevzem koncan: uspesno 0, neuspesno 0, skupaj virov 1.
20:37:28     Prebranih zapisov: 2762; SHA-256: 948c5bee093658cb92f9c273f2d32ee93e9fc1d0259b89da243a9fca74d4acfd
20:37:29     Ta posnetek je ze v bazi; vir=NW_STOCK, podjetje=1, cas posnetka=2026-09-10 17:10:03Z, uporabljenih=2762, v karanteni=0, RunId=98afb15b-7d87-4e14-ab05-58fca1f53568. Zapisano ni bilo nic.
20:37:30     Prebranih zapisov: 2762; SHA-256: 948c5bee093658cb92f9c273f2d32ee93e9fc1d0259b89da243a9fca74d4acfd
20:37:30     Ta posnetek je ze v bazi; vir=NW_STOCK, podjetje=2, cas posnetka=2026-09-10 17:10:03Z, uporabljenih=2762, v karanteni=0, RunId=6c9af13a-181e-4f00-b143-e035c282201f. Zapisano ni bilo nic.
20:37:31     Prebranih zapisov: 2762; SHA-256: 948c5bee093658cb92f9c273f2d32ee93e9fc1d0259b89da243a9fca74d4acfd
20:37:31     Ta posnetek je ze v bazi; vir=NW_STOCK, podjetje=3, cas posnetka=2026-09-10 17:10:03Z, uporabljenih=2762, v karanteni=0, RunId=e39caf9a-e732-4876-922c-b09e09a246d3. Zapisano ni bilo nic.
20:37:32     Prebranih zapisov: 2762; SHA-256: 948c5bee093658cb92f9c273f2d32ee93e9fc1d0259b89da243a9fca74d4acfd
20:37:32     Ta posnetek je ze v bazi; vir=NW_STOCK, podjetje=4, cas posnetka=2026-09-10 17:10:03Z, uporabljenih=2762, v karanteni=0, RunId=9647b3a5-1abe-421d-ab7a-4bb55979604c. Zapisano ni bilo nic.
20:37:32     konec: Zaloga NW_STOCK
20:37:32  == Zaloga BT_STOCK ==
20:37:33     SOURCE_FETCH: se ni na vrsti po razporedu; preskoceno.
20:37:34     Prebranih zapisov: 1389; SHA-256: 7210ec1f16db2fbae3ae6dc2ff491e42b8d622a7883c0f65286b246b0849be1d
20:37:34     STOCK_FILE pri podjetju 1: se ni na vrsti po razporedu; preskoceno.
20:37:35     Prebranih zapisov: 1389; SHA-256: 7210ec1f16db2fbae3ae6dc2ff491e42b8d622a7883c0f65286b246b0849be1d
20:37:35     STOCK_FILE pri podjetju 2: se ni na vrsti po razporedu; preskoceno.
20:37:36     Prebranih zapisov: 1389; SHA-256: 7210ec1f16db2fbae3ae6dc2ff491e42b8d622a7883c0f65286b246b0849be1d
20:37:36     STOCK_FILE pri podjetju 3: se ni na vrsti po razporedu; preskoceno.
20:37:37     Prebranih zapisov: 1389; SHA-256: 7210ec1f16db2fbae3ae6dc2ff491e42b8d622a7883c0f65286b246b0849be1d
20:37:37     STOCK_FILE pri podjetju 4: se ni na vrsti po razporedu; preskoceno.
20:37:38     konec: Zaloga BT_STOCK
20:37:38  == Zaloga iz SAOP (kolicine) ==
20:37:39     [1] SAOP_STOCK: se ni na vrsti po razporedu; preskoceno.
20:37:39     [2] SAOP_STOCK: se ni na vrsti po razporedu; preskoceno.
20:37:39     [3] SAOP_STOCK: se ni na vrsti po razporedu; preskoceno.
20:37:39     [4] SAOP_STOCK: se ni na vrsti po razporedu; preskoceno.
20:37:39     konec: Zaloga iz SAOP (kolicine)
20:37:39  == Izvoz cen in zaloge za splet ==
20:37:41     Izvoz profila MAGENTO_STOCK_PRICES končan: 352 vrstic v C:\Users\david\Desktop\PIM\NoviPIM\izvoz\magento\1
20:37:44     Izvoz profila MAGENTO_STOCK_PRICES končan: 2071 vrstic v C:\Users\david\Desktop\PIM\NoviPIM\izvoz\magento\2
20:37:48     Izvoz profila MAGENTO_STOCK_PRICES končan: 2488 vrstic v C:\Users\david\Desktop\PIM\NoviPIM\izvoz\magento\3
20:37:50     Izvoz profila MAGENTO_STOCK_PRICES končan: 0 vrstic v C:\Users\david\Desktop\PIM\NoviPIM\izvoz\magento\4
20:37:50     konec: Izvoz cen in zaloge za splet
20:37:50  Zalogovni cikel koncan; padlih korakov: 0.
20:42:26  == Zaloga NW_STOCK ==
20:42:28     [NW_STOCK] preskoceno: Razmik dobavitelja se tece; naslednji prenos po 10. 09. 2026 21:10.
20:42:28     Prevzem koncan: uspesno 0, neuspesno 0, skupaj virov 1.
20:42:29     Prebranih zapisov: 2762; SHA-256: 948c5bee093658cb92f9c273f2d32ee93e9fc1d0259b89da243a9fca74d4acfd
20:42:29     Ta posnetek je ze v bazi; vir=NW_STOCK, podjetje=1, cas posnetka=2026-09-10 17:10:03Z, uporabljenih=2762, v karanteni=0, RunId=98afb15b-7d87-4e14-ab05-58fca1f53568. Zapisano ni bilo nic.
20:42:30     Prebranih zapisov: 2762; SHA-256: 948c5bee093658cb92f9c273f2d32ee93e9fc1d0259b89da243a9fca74d4acfd
20:42:30     Ta posnetek je ze v bazi; vir=NW_STOCK, podjetje=2, cas posnetka=2026-09-10 17:10:03Z, uporabljenih=2762, v karanteni=0, RunId=6c9af13a-181e-4f00-b143-e035c282201f. Zapisano ni bilo nic.
20:42:31     Prebranih zapisov: 2762; SHA-256: 948c5bee093658cb92f9c273f2d32ee93e9fc1d0259b89da243a9fca74d4acfd
20:42:32     Ta posnetek je ze v bazi; vir=NW_STOCK, podjetje=3, cas posnetka=2026-09-10 17:10:03Z, uporabljenih=2762, v karanteni=0, RunId=e39caf9a-e732-4876-922c-b09e09a246d3. Zapisano ni bilo nic.
20:42:33     Prebranih zapisov: 2762; SHA-256: 948c5bee093658cb92f9c273f2d32ee93e9fc1d0259b89da243a9fca74d4acfd
20:42:33     Ta posnetek je ze v bazi; vir=NW_STOCK, podjetje=4, cas posnetka=2026-09-10 17:10:03Z, uporabljenih=2762, v karanteni=0, RunId=9647b3a5-1abe-421d-ab7a-4bb55979604c. Zapisano ni bilo nic.
20:42:33     konec: Zaloga NW_STOCK
20:42:33  == Zaloga BT_STOCK ==
20:42:34     SOURCE_FETCH: se ni na vrsti po razporedu; preskoceno.
20:42:35     Prebranih zapisov: 1389; SHA-256: 7210ec1f16db2fbae3ae6dc2ff491e42b8d622a7883c0f65286b246b0849be1d
20:42:35     STOCK_FILE pri podjetju 1: se ni na vrsti po razporedu; preskoceno.
20:42:36     Prebranih zapisov: 1389; SHA-256: 7210ec1f16db2fbae3ae6dc2ff491e42b8d622a7883c0f65286b246b0849be1d
20:42:36     STOCK_FILE pri podjetju 2: se ni na vrsti po razporedu; preskoceno.
20:42:37     Prebranih zapisov: 1389; SHA-256: 7210ec1f16db2fbae3ae6dc2ff491e42b8d622a7883c0f65286b246b0849be1d
20:42:37     STOCK_FILE pri podjetju 3: se ni na vrsti po razporedu; preskoceno.
20:42:38     Prebranih zapisov: 1389; SHA-256: 7210ec1f16db2fbae3ae6dc2ff491e42b8d622a7883c0f65286b246b0849be1d
20:42:38     STOCK_FILE pri podjetju 4: se ni na vrsti po razporedu; preskoceno.
20:42:38     konec: Zaloga BT_STOCK
20:42:38  == Zaloga iz SAOP (kolicine) ==
20:42:40     [1] SAOP_STOCK: se ni na vrsti po razporedu; preskoceno.
20:42:40     [2] SAOP_STOCK: se ni na vrsti po razporedu; preskoceno.
20:42:40     [3] SAOP_STOCK: se ni na vrsti po razporedu; preskoceno.
20:42:40     [4] SAOP_STOCK: se ni na vrsti po razporedu; preskoceno.
20:42:40     konec: Zaloga iz SAOP (kolicine)
20:42:40  == Izvoz cen in zaloge za splet ==
20:42:42     Izvoz profila MAGENTO_STOCK_PRICES končan: 352 vrstic v C:\Users\david\Desktop\PIM\NoviPIM\izvoz\magento\1
20:42:45     Izvoz profila MAGENTO_STOCK_PRICES končan: 2071 vrstic v C:\Users\david\Desktop\PIM\NoviPIM\izvoz\magento\2
20:42:49     Izvoz profila MAGENTO_STOCK_PRICES končan: 2488 vrstic v C:\Users\david\Desktop\PIM\NoviPIM\izvoz\magento\3
20:42:50     Izvoz profila MAGENTO_STOCK_PRICES končan: 0 vrstic v C:\Users\david\Desktop\PIM\NoviPIM\izvoz\magento\4
20:42:50     konec: Izvoz cen in zaloge za splet
20:42:50  Zalogovni cikel koncan; padlih korakov: 0.
20:47:26  == Zaloga NW_STOCK ==
20:47:27     SOURCE_FETCH: se ni na vrsti po razporedu; preskoceno.
20:47:28     Prebranih zapisov: 2762; SHA-256: 948c5bee093658cb92f9c273f2d32ee93e9fc1d0259b89da243a9fca74d4acfd
20:47:28     STOCK_FILE pri podjetju 1: se ni na vrsti po razporedu; preskoceno.
20:47:29     Prebranih zapisov: 2762; SHA-256: 948c5bee093658cb92f9c273f2d32ee93e9fc1d0259b89da243a9fca74d4acfd
20:47:29     STOCK_FILE pri podjetju 2: se ni na vrsti po razporedu; preskoceno.
20:47:30     Prebranih zapisov: 2762; SHA-256: 948c5bee093658cb92f9c273f2d32ee93e9fc1d0259b89da243a9fca74d4acfd
20:47:30     STOCK_FILE pri podjetju 3: se ni na vrsti po razporedu; preskoceno.
20:47:31     Prebranih zapisov: 2762; SHA-256: 948c5bee093658cb92f9c273f2d32ee93e9fc1d0259b89da243a9fca74d4acfd
20:47:31     STOCK_FILE pri podjetju 4: se ni na vrsti po razporedu; preskoceno.
20:47:31     konec: Zaloga NW_STOCK
20:47:31  == Zaloga BT_STOCK ==
20:47:32     [BT_STOCK] preskoceno: Razmik dobavitelja se tece; naslednji prenos po 10. 09. 2026 22:27.
20:47:32     Prevzem koncan: uspesno 0, neuspesno 0, skupaj virov 1.
20:47:33     Prebranih zapisov: 1389; SHA-256: 7210ec1f16db2fbae3ae6dc2ff491e42b8d622a7883c0f65286b246b0849be1d
20:47:33     Ta posnetek je ze v bazi; vir=BT_STOCK, podjetje=1, cas posnetka=2026-09-10 10:47:35Z, uporabljenih=1389, v karanteni=0, RunId=4514b45c-98b1-48f9-8a13-e4524d7baeaf. Zapisano ni bilo nic.
20:47:34     Prebranih zapisov: 1389; SHA-256: 7210ec1f16db2fbae3ae6dc2ff491e42b8d622a7883c0f65286b246b0849be1d
20:47:34     Ta posnetek je ze v bazi; vir=BT_STOCK, podjetje=2, cas posnetka=2026-09-10 10:47:35Z, uporabljenih=1389, v karanteni=0, RunId=9147ad1a-a465-4e02-969c-2aed97cba97a. Zapisano ni bilo nic.
20:47:35     Prebranih zapisov: 1389; SHA-256: 7210ec1f16db2fbae3ae6dc2ff491e42b8d622a7883c0f65286b246b0849be1d
20:47:36     Ta posnetek je ze v bazi; vir=BT_STOCK, podjetje=3, cas posnetka=2026-09-10 10:47:35Z, uporabljenih=1389, v karanteni=0, RunId=20e88f78-514b-4fd7-8111-efb858ce45f1. Zapisano ni bilo nic.
20:47:36     Prebranih zapisov: 1389; SHA-256: 7210ec1f16db2fbae3ae6dc2ff491e42b8d622a7883c0f65286b246b0849be1d
20:47:37     Ta posnetek je ze v bazi; vir=BT_STOCK, podjetje=4, cas posnetka=2026-09-10 10:47:35Z, uporabljenih=1389, v karanteni=0, RunId=70cbb147-1ded-4fb1-9375-02f842152638. Zapisano ni bilo nic.
20:47:37     konec: Zaloga BT_STOCK
20:47:37  == Zaloga iz SAOP (kolicine) ==
20:47:38     [1] SAOP_STOCK: se ni na vrsti po razporedu; preskoceno.
20:47:38     [2] SAOP_STOCK: se ni na vrsti po razporedu; preskoceno.
20:47:38     [3] SAOP_STOCK: se ni na vrsti po razporedu; preskoceno.
20:47:38     [4] SAOP_STOCK: se ni na vrsti po razporedu; preskoceno.
20:47:38     konec: Zaloga iz SAOP (kolicine)
20:47:38  == Izvoz cen in zaloge za splet ==
20:47:40     Izvoz profila MAGENTO_STOCK_PRICES končan: 352 vrstic v C:\Users\david\Desktop\PIM\NoviPIM\izvoz\magento\1
20:47:43     Izvoz profila MAGENTO_STOCK_PRICES končan: 2071 vrstic v C:\Users\david\Desktop\PIM\NoviPIM\izvoz\magento\2
20:47:46     Izvoz profila MAGENTO_STOCK_PRICES končan: 2488 vrstic v C:\Users\david\Desktop\PIM\NoviPIM\izvoz\magento\3
20:47:47     Izvoz profila MAGENTO_STOCK_PRICES končan: 0 vrstic v C:\Users\david\Desktop\PIM\NoviPIM\izvoz\magento\4
20:47:47     konec: Izvoz cen in zaloge za splet
20:47:47  Zalogovni cikel koncan; padlih korakov: 0.
20:52:26  == Zaloga NW_STOCK ==
20:52:27     SOURCE_FETCH: se ni na vrsti po razporedu; preskoceno.
20:52:28     Prebranih zapisov: 2762; SHA-256: 948c5bee093658cb92f9c273f2d32ee93e9fc1d0259b89da243a9fca74d4acfd
20:52:28     STOCK_FILE pri podjetju 1: se ni na vrsti po razporedu; preskoceno.
20:52:29     Prebranih zapisov: 2762; SHA-256: 948c5bee093658cb92f9c273f2d32ee93e9fc1d0259b89da243a9fca74d4acfd
20:52:29     STOCK_FILE pri podjetju 2: se ni na vrsti po razporedu; preskoceno.
20:52:30     Prebranih zapisov: 2762; SHA-256: 948c5bee093658cb92f9c273f2d32ee93e9fc1d0259b89da243a9fca74d4acfd
20:52:30     STOCK_FILE pri podjetju 3: se ni na vrsti po razporedu; preskoceno.
20:52:31     Prebranih zapisov: 2762; SHA-256: 948c5bee093658cb92f9c273f2d32ee93e9fc1d0259b89da243a9fca74d4acfd
20:52:31     STOCK_FILE pri podjetju 4: se ni na vrsti po razporedu; preskoceno.
20:52:31     konec: Zaloga NW_STOCK
20:52:31  == Zaloga BT_STOCK ==
20:52:32     SOURCE_FETCH: se ni na vrsti po razporedu; preskoceno.
20:52:33     Prebranih zapisov: 1389; SHA-256: 7210ec1f16db2fbae3ae6dc2ff491e42b8d622a7883c0f65286b246b0849be1d
20:52:33     STOCK_FILE pri podjetju 1: se ni na vrsti po razporedu; preskoceno.
20:52:34     Prebranih zapisov: 1389; SHA-256: 7210ec1f16db2fbae3ae6dc2ff491e42b8d622a7883c0f65286b246b0849be1d
20:52:34     STOCK_FILE pri podjetju 2: se ni na vrsti po razporedu; preskoceno.
20:52:35     Prebranih zapisov: 1389; SHA-256: 7210ec1f16db2fbae3ae6dc2ff491e42b8d622a7883c0f65286b246b0849be1d
20:52:35     STOCK_FILE pri podjetju 3: se ni na vrsti po razporedu; preskoceno.
20:52:36     Prebranih zapisov: 1389; SHA-256: 7210ec1f16db2fbae3ae6dc2ff491e42b8d622a7883c0f65286b246b0849be1d
20:52:36     STOCK_FILE pri podjetju 4: se ni na vrsti po razporedu; preskoceno.
20:52:36     konec: Zaloga BT_STOCK
20:52:36  == Zaloga iz SAOP (kolicine) ==
20:52:58     STDERR: [1] NAPAKA: A connection attempt failed because the connected party did not properly respond after a period of time, or established connection failed because connected host has failed to respond. (192.168.178.12:81)
20:53:19     STDERR: [2] NAPAKA: A connection attempt failed because the connected party did not properly respond after a period of time, or established connection failed because connected host has failed to respond. (192.168.178.12:81)
20:53:40     STDERR: [3] NAPAKA: A connection attempt failed because the connected party did not properly respond after a period of time, or established connection failed because connected host has failed to respond. (192.168.178.12:81)
20:54:01     STDERR: [4] NAPAKA: A connection attempt failed because the connected party did not properly respond after a period of time, or established connection failed because connected host has failed to respond. (192.168.178.12:81)
20:54:01     NAPAKA: worker workers\PIM.SaopStockWorker je koncal z izhodno kodo 1
20:54:01  == Izvoz cen in zaloge za splet ==
20:54:03     Izvoz profila MAGENTO_STOCK_PRICES končan: 352 vrstic v C:\Users\david\Desktop\PIM\NoviPIM\izvoz\magento\1
20:54:07     Izvoz profila MAGENTO_STOCK_PRICES končan: 2071 vrstic v C:\Users\david\Desktop\PIM\NoviPIM\izvoz\magento\2
20:54:10     Izvoz profila MAGENTO_STOCK_PRICES končan: 2488 vrstic v C:\Users\david\Desktop\PIM\NoviPIM\izvoz\magento\3
20:54:12     Izvoz profila MAGENTO_STOCK_PRICES končan: 0 vrstic v C:\Users\david\Desktop\PIM\NoviPIM\izvoz\magento\4
20:54:12     konec: Izvoz cen in zaloge za splet
20:54:12  Zalogovni cikel koncan; padlih korakov: 1.
