00:02:26  == Zaloga NW_STOCK ==
00:02:27     SOURCE_FETCH: se ni na vrsti po razporedu; preskoceno.
00:02:28     Prebranih zapisov: 2763; SHA-256: e1ee76c3defb350af2683c6c2839cc48c2025c6056a4fff1656d65428017277b
00:02:28     STOCK_FILE pri podjetju 1: se ni na vrsti po razporedu; preskoceno.
00:02:29     Prebranih zapisov: 2763; SHA-256: e1ee76c3defb350af2683c6c2839cc48c2025c6056a4fff1656d65428017277b
00:02:29     STOCK_FILE pri podjetju 2: se ni na vrsti po razporedu; preskoceno.
00:02:30     Prebranih zapisov: 2763; SHA-256: e1ee76c3defb350af2683c6c2839cc48c2025c6056a4fff1656d65428017277b
00:02:30     STOCK_FILE pri podjetju 3: se ni na vrsti po razporedu; preskoceno.
00:02:31     Prebranih zapisov: 2763; SHA-256: e1ee76c3defb350af2683c6c2839cc48c2025c6056a4fff1656d65428017277b
00:02:31     STOCK_FILE pri podjetju 4: se ni na vrsti po razporedu; preskoceno.
00:02:31     konec: Zaloga NW_STOCK
00:02:31  == Zaloga BT_STOCK ==
00:02:32     [BT_STOCK] preskoceno: Razmik dobavitelja se tece; naslednji prenos po 4. 09. 2026 02:47.
00:02:32     Prevzem koncan: uspesno 0, neuspesno 0, skupaj virov 1.
00:02:33     Prebranih zapisov: 1389; SHA-256: 87dc96ff135a90ff21281cf2e3d01cba9b89e36308560bfd15167c9a03d703ba
00:02:33     Ta posnetek je ze v bazi; vir=BT_STOCK, podjetje=1, cas posnetka=2026-09-03 15:17:35Z, uporabljenih=1389, v karanteni=0, RunId=5e288d2d-98ef-40e1-b33c-663e6d513e74. Zapisano ni bilo nic.
00:02:34     Prebranih zapisov: 1389; SHA-256: 87dc96ff135a90ff21281cf2e3d01cba9b89e36308560bfd15167c9a03d703ba
00:02:34     Ta posnetek je ze v bazi; vir=BT_STOCK, podjetje=2, cas posnetka=2026-09-03 15:17:35Z, uporabljenih=1389, v karanteni=0, RunId=3496c976-0c49-45c5-9f74-0ffd35e5d443. Zapisano ni bilo nic.
00:02:35     Prebranih zapisov: 1389; SHA-256: 87dc96ff135a90ff21281cf2e3d01cba9b89e36308560bfd15167c9a03d703ba
00:02:35     Ta posnetek je ze v bazi; vir=BT_STOCK, podjetje=3, cas posnetka=2026-09-03 15:17:35Z, uporabljenih=1389, v karanteni=0, RunId=3dd9ac1c-09dd-4827-b930-eb014cdb2746. Zapisano ni bilo nic.
00:02:36     Prebranih zapisov: 1389; SHA-256: 87dc96ff135a90ff21281cf2e3d01cba9b89e36308560bfd15167c9a03d703ba
00:02:36     Ta posnetek je ze v bazi; vir=BT_STOCK, podjetje=4, cas posnetka=2026-09-03 15:17:35Z, uporabljenih=1389, v karanteni=0, RunId=bec7f147-9b63-48d7-a0cc-8df0cb029c6c. Zapisano ni bilo nic.
00:02:36     konec: Zaloga BT_STOCK
00:02:36  == Zaloga iz SAOP (kolicine) ==
00:02:37     [1] SAOP_STOCK: se ni na vrsti po razporedu; preskoceno.
00:02:37     [2] SAOP_STOCK: se ni na vrsti po razporedu; preskoceno.
00:02:37     [3] SAOP_STOCK: se ni na vrsti po razporedu; preskoceno.
00:02:37     [4] SAOP_STOCK: se ni na vrsti po razporedu; preskoceno.
00:02:37     konec: Zaloga iz SAOP (kolicine)
00:02:37  == Izvoz cen in zaloge za splet ==
00:02:39     Izvoz profila MAGENTO_STOCK_PRICES končan: 352 vrstic v C:\Users\david\Desktop\PIM\NoviPIM\izvoz\magento\1
00:02:43     Izvoz profila MAGENTO_STOCK_PRICES končan: 2071 vrstic v C:\Users\david\Desktop\PIM\NoviPIM\izvoz\magento\2
00:02:46     Izvoz profila MAGENTO_STOCK_PRICES končan: 2488 vrstic v C:\Users\david\Desktop\PIM\NoviPIM\izvoz\magento\3
00:02:48     Izvoz profila MAGENTO_STOCK_PRICES končan: 0 vrstic v C:\Users\david\Desktop\PIM\NoviPIM\izvoz\magento\4
00:02:48     konec: Izvoz cen in zaloge za splet
00:02:48  Zalogovni cikel koncan; padlih korakov: 0.
00:07:26  == Zaloga NW_STOCK ==
00:07:27     SOURCE_FETCH: se ni na vrsti po razporedu; preskoceno.
00:07:28     Prebranih zapisov: 2763; SHA-256: e1ee76c3defb350af2683c6c2839cc48c2025c6056a4fff1656d65428017277b
00:07:28     STOCK_FILE pri podjetju 1: se ni na vrsti po razporedu; preskoceno.
00:07:29     Prebranih zapisov: 2763; SHA-256: e1ee76c3defb350af2683c6c2839cc48c2025c6056a4fff1656d65428017277b
00:07:29     STOCK_FILE pri podjetju 2: se ni na vrsti po razporedu; preskoceno.
00:07:30     Prebranih zapisov: 2763; SHA-256: e1ee76c3defb350af2683c6c2839cc48c2025c6056a4fff1656d65428017277b
00:07:30     STOCK_FILE pri podjetju 3: se ni na vrsti po razporedu; preskoceno.
00:07:31     Prebranih zapisov: 2763; SHA-256: e1ee76c3defb350af2683c6c2839cc48c2025c6056a4fff1656d65428017277b
00:07:31     STOCK_FILE pri podjetju 4: se ni na vrsti po razporedu; preskoceno.
00:07:31     konec: Zaloga NW_STOCK
00:07:31  == Zaloga BT_STOCK ==
00:07:32     SOURCE_FETCH: se ni na vrsti po razporedu; preskoceno.
00:07:33     Prebranih zapisov: 1389; SHA-256: 87dc96ff135a90ff21281cf2e3d01cba9b89e36308560bfd15167c9a03d703ba
00:07:33     STOCK_FILE pri podjetju 1: se ni na vrsti po razporedu; preskoceno.
00:07:34     Prebranih zapisov: 1389; SHA-256: 87dc96ff135a90ff21281cf2e3d01cba9b89e36308560bfd15167c9a03d703ba
00:07:34     STOCK_FILE pri podjetju 2: se ni na vrsti po razporedu; preskoceno.
00:07:35     Prebranih zapisov: 1389; SHA-256: 87dc96ff135a90ff21281cf2e3d01cba9b89e36308560bfd15167c9a03d703ba
00:07:35     STOCK_FILE pri podjetju 3: se ni na vrsti po razporedu; preskoceno.
00:07:36     Prebranih zapisov: 1389; SHA-256: 87dc96ff135a90ff21281cf2e3d01cba9b89e36308560bfd15167c9a03d703ba
00:07:36     STOCK_FILE pri podjetju 4: se ni na vrsti po razporedu; preskoceno.
00:07:36     konec: Zaloga BT_STOCK
00:07:36  == Zaloga iz SAOP (kolicine) ==
00:07:37     [1] SAOP_STOCK: se ni na vrsti po razporedu; preskoceno.
00:07:37     [2] SAOP_STOCK: se ni na vrsti po razporedu; preskoceno.
00:07:37     [3] SAOP_STOCK: se ni na vrsti po razporedu; preskoceno.
00:07:37     [4] SAOP_STOCK: se ni na vrsti po razporedu; preskoceno.
00:07:37     konec: Zaloga iz SAOP (kolicine)
00:07:37  == Izvoz cen in zaloge za splet ==
00:07:39     Izvoz profila MAGENTO_STOCK_PRICES končan: 352 vrstic v C:\Users\david\Desktop\PIM\NoviPIM\izvoz\magento\1
00:07:42     Izvoz profila MAGENTO_STOCK_PRICES končan: 2071 vrstic v C:\Users\david\Desktop\PIM\NoviPIM\izvoz\magento\2
00:07:46     Izvoz profila MAGENTO_STOCK_PRICES končan: 2488 vrstic v C:\Users\david\Desktop\PIM\NoviPIM\izvoz\magento\3
00:07:47     Izvoz profila MAGENTO_STOCK_PRICES končan: 0 vrstic v C:\Users\david\Desktop\PIM\NoviPIM\izvoz\magento\4
00:07:47     konec: Izvoz cen in zaloge za splet
00:07:47  Zalogovni cikel koncan; padlih korakov: 0.
00:12:26  == Zaloga NW_STOCK ==
00:12:27     [NW_STOCK] preskoceno: Razmik dobavitelja se tece; naslednji prenos po 4. 09. 2026 00:32.
00:12:27     Prevzem koncan: uspesno 0, neuspesno 0, skupaj virov 1.
00:12:28     Prebranih zapisov: 2763; SHA-256: e1ee76c3defb350af2683c6c2839cc48c2025c6056a4fff1656d65428017277b
00:12:29     Ta posnetek je ze v bazi; vir=NW_STOCK, podjetje=1, cas posnetka=2026-09-03 20:32:28Z, uporabljenih=2763, v karanteni=0, RunId=e4fd5233-5a5b-419c-8d16-331b8687da3a. Zapisano ni bilo nic.
00:12:29     Prebranih zapisov: 2763; SHA-256: e1ee76c3defb350af2683c6c2839cc48c2025c6056a4fff1656d65428017277b
00:12:30     Ta posnetek je ze v bazi; vir=NW_STOCK, podjetje=2, cas posnetka=2026-09-03 20:32:28Z, uporabljenih=2763, v karanteni=0, RunId=65a3e486-3f4d-43d0-8aad-e407b31555f2. Zapisano ni bilo nic.
00:12:30     Prebranih zapisov: 2763; SHA-256: e1ee76c3defb350af2683c6c2839cc48c2025c6056a4fff1656d65428017277b
00:12:31     Ta posnetek je ze v bazi; vir=NW_STOCK, podjetje=3, cas posnetka=2026-09-03 20:32:28Z, uporabljenih=2763, v karanteni=0, RunId=ceb0c0b0-c067-4de6-8157-da9ca9685bbd. Zapisano ni bilo nic.
00:12:31     Prebranih zapisov: 2763; SHA-256: e1ee76c3defb350af2683c6c2839cc48c2025c6056a4fff1656d65428017277b
00:12:32     Ta posnetek je ze v bazi; vir=NW_STOCK, podjetje=4, cas posnetka=2026-09-03 20:32:28Z, uporabljenih=2763, v karanteni=0, RunId=0202d45f-f598-4a01-bbe3-6015e2dfbcaa. Zapisano ni bilo nic.
00:12:32     konec: Zaloga NW_STOCK
00:12:32  == Zaloga BT_STOCK ==
00:12:33     SOURCE_FETCH: se ni na vrsti po razporedu; preskoceno.
00:12:33     Prebranih zapisov: 1389; SHA-256: 87dc96ff135a90ff21281cf2e3d01cba9b89e36308560bfd15167c9a03d703ba
00:12:34     STOCK_FILE pri podjetju 1: se ni na vrsti po razporedu; preskoceno.
00:12:34     Prebranih zapisov: 1389; SHA-256: 87dc96ff135a90ff21281cf2e3d01cba9b89e36308560bfd15167c9a03d703ba
00:12:35     STOCK_FILE pri podjetju 2: se ni na vrsti po razporedu; preskoceno.
00:12:35     Prebranih zapisov: 1389; SHA-256: 87dc96ff135a90ff21281cf2e3d01cba9b89e36308560bfd15167c9a03d703ba
00:12:35     STOCK_FILE pri podjetju 3: se ni na vrsti po razporedu; preskoceno.
00:12:36     Prebranih zapisov: 1389; SHA-256: 87dc96ff135a90ff21281cf2e3d01cba9b89e36308560bfd15167c9a03d703ba
00:12:36     STOCK_FILE pri podjetju 4: se ni na vrsti po razporedu; preskoceno.
00:12:36     konec: Zaloga BT_STOCK
00:12:36  == Zaloga iz SAOP (kolicine) ==
00:12:37     [1] SAOP_STOCK: se ni na vrsti po razporedu; preskoceno.
00:12:37     [2] SAOP_STOCK: se ni na vrsti po razporedu; preskoceno.
00:12:37     [3] SAOP_STOCK: se ni na vrsti po razporedu; preskoceno.
00:12:37     [4] SAOP_STOCK: se ni na vrsti po razporedu; preskoceno.
00:12:37     konec: Zaloga iz SAOP (kolicine)
00:12:37  == Izvoz cen in zaloge za splet ==
00:12:39     Izvoz profila MAGENTO_STOCK_PRICES končan: 352 vrstic v C:\Users\david\Desktop\PIM\NoviPIM\izvoz\magento\1
00:12:43     Izvoz profila MAGENTO_STOCK_PRICES končan: 2071 vrstic v C:\Users\david\Desktop\PIM\NoviPIM\izvoz\magento\2
00:12:46     Izvoz profila MAGENTO_STOCK_PRICES končan: 2488 vrstic v C:\Users\david\Desktop\PIM\NoviPIM\izvoz\magento\3
00:12:48     Izvoz profila MAGENTO_STOCK_PRICES končan: 0 vrstic v C:\Users\david\Desktop\PIM\NoviPIM\izvoz\magento\4
00:12:48     konec: Izvoz cen in zaloge za splet
00:12:48  Zalogovni cikel koncan; padlih korakov: 0.
00:17:27  == Zaloga NW_STOCK ==
00:17:27     SOURCE_FETCH: se ni na vrsti po razporedu; preskoceno.
00:17:28     Prebranih zapisov: 2763; SHA-256: e1ee76c3defb350af2683c6c2839cc48c2025c6056a4fff1656d65428017277b
00:17:28     STOCK_FILE pri podjetju 1: se ni na vrsti po razporedu; preskoceno.
00:17:29     Prebranih zapisov: 2763; SHA-256: e1ee76c3defb350af2683c6c2839cc48c2025c6056a4fff1656d65428017277b
00:17:29     STOCK_FILE pri podjetju 2: se ni na vrsti po razporedu; preskoceno.
00:17:30     Prebranih zapisov: 2763; SHA-256: e1ee76c3defb350af2683c6c2839cc48c2025c6056a4fff1656d65428017277b
00:17:30     STOCK_FILE pri podjetju 3: se ni na vrsti po razporedu; preskoceno.
00:17:31     Prebranih zapisov: 2763; SHA-256: e1ee76c3defb350af2683c6c2839cc48c2025c6056a4fff1656d65428017277b
00:17:31     STOCK_FILE pri podjetju 4: se ni na vrsti po razporedu; preskoceno.
00:17:31     konec: Zaloga NW_STOCK
00:17:31  == Zaloga BT_STOCK ==
00:17:32     [BT_STOCK] preskoceno: Razmik dobavitelja se tece; naslednji prenos po 4. 09. 2026 02:47.
00:17:32     Prevzem koncan: uspesno 0, neuspesno 0, skupaj virov 1.
00:17:33     Prebranih zapisov: 1389; SHA-256: 87dc96ff135a90ff21281cf2e3d01cba9b89e36308560bfd15167c9a03d703ba
00:17:33     Ta posnetek je ze v bazi; vir=BT_STOCK, podjetje=1, cas posnetka=2026-09-03 15:17:35Z, uporabljenih=1389, v karanteni=0, RunId=5e288d2d-98ef-40e1-b33c-663e6d513e74. Zapisano ni bilo nic.
00:17:34     Prebranih zapisov: 1389; SHA-256: 87dc96ff135a90ff21281cf2e3d01cba9b89e36308560bfd15167c9a03d703ba
00:17:34     Ta posnetek je ze v bazi; vir=BT_STOCK, podjetje=2, cas posnetka=2026-09-03 15:17:35Z, uporabljenih=1389, v karanteni=0, RunId=3496c976-0c49-45c5-9f74-0ffd35e5d443. Zapisano ni bilo nic.
00:17:35     Prebranih zapisov: 1389; SHA-256: 87dc96ff135a90ff21281cf2e3d01cba9b89e36308560bfd15167c9a03d703ba
00:17:35     Ta posnetek je ze v bazi; vir=BT_STOCK, podjetje=3, cas posnetka=2026-09-03 15:17:35Z, uporabljenih=1389, v karanteni=0, RunId=3dd9ac1c-09dd-4827-b930-eb014cdb2746. Zapisano ni bilo nic.
00:17:36     Prebranih zapisov: 1389; SHA-256: 87dc96ff135a90ff21281cf2e3d01cba9b89e36308560bfd15167c9a03d703ba
00:17:36     Ta posnetek je ze v bazi; vir=BT_STOCK, podjetje=4, cas posnetka=2026-09-03 15:17:35Z, uporabljenih=1389, v karanteni=0, RunId=bec7f147-9b63-48d7-a0cc-8df0cb029c6c. Zapisano ni bilo nic.
00:17:37     konec: Zaloga BT_STOCK
00:17:37  == Zaloga iz SAOP (kolicine) ==
00:17:37     [1] SAOP_STOCK: se ni na vrsti po razporedu; preskoceno.
00:17:37     [2] SAOP_STOCK: se ni na vrsti po razporedu; preskoceno.
00:17:37     [3] SAOP_STOCK: se ni na vrsti po razporedu; preskoceno.
00:17:37     [4] SAOP_STOCK: se ni na vrsti po razporedu; preskoceno.
00:17:37     konec: Zaloga iz SAOP (kolicine)
00:17:37  == Izvoz cen in zaloge za splet ==
00:17:39     Izvoz profila MAGENTO_STOCK_PRICES končan: 352 vrstic v C:\Users\david\Desktop\PIM\NoviPIM\izvoz\magento\1
00:17:43     Izvoz profila MAGENTO_STOCK_PRICES končan: 2071 vrstic v C:\Users\david\Desktop\PIM\NoviPIM\izvoz\magento\2
00:17:46     Izvoz profila MAGENTO_STOCK_PRICES končan: 2488 vrstic v C:\Users\david\Desktop\PIM\NoviPIM\izvoz\magento\3
00:17:47     Izvoz profila MAGENTO_STOCK_PRICES končan: 0 vrstic v C:\Users\david\Desktop\PIM\NoviPIM\izvoz\magento\4
00:17:48     konec: Izvoz cen in zaloge za splet
00:17:48  Zalogovni cikel koncan; padlih korakov: 0.
00:22:27  == Zaloga NW_STOCK ==
00:22:27     SOURCE_FETCH: se ni na vrsti po razporedu; preskoceno.
00:22:28     Prebranih zapisov: 2763; SHA-256: e1ee76c3defb350af2683c6c2839cc48c2025c6056a4fff1656d65428017277b
00:22:28     STOCK_FILE pri podjetju 1: se ni na vrsti po razporedu; preskoceno.
00:22:29     Prebranih zapisov: 2763; SHA-256: e1ee76c3defb350af2683c6c2839cc48c2025c6056a4fff1656d65428017277b
00:22:29     STOCK_FILE pri podjetju 2: se ni na vrsti po razporedu; preskoceno.
00:22:30     Prebranih zapisov: 2763; SHA-256: e1ee76c3defb350af2683c6c2839cc48c2025c6056a4fff1656d65428017277b
00:22:30     STOCK_FILE pri podjetju 3: se ni na vrsti po razporedu; preskoceno.
00:22:31     Prebranih zapisov: 2763; SHA-256: e1ee76c3defb350af2683c6c2839cc48c2025c6056a4fff1656d65428017277b
00:22:31     STOCK_FILE pri podjetju 4: se ni na vrsti po razporedu; preskoceno.
00:22:31     konec: Zaloga NW_STOCK
00:22:31  == Zaloga BT_STOCK ==
00:22:32     SOURCE_FETCH: se ni na vrsti po razporedu; preskoceno.
00:22:33     Prebranih zapisov: 1389; SHA-256: 87dc96ff135a90ff21281cf2e3d01cba9b89e36308560bfd15167c9a03d703ba
00:22:33     STOCK_FILE pri podjetju 1: se ni na vrsti po razporedu; preskoceno.
00:22:34     Prebranih zapisov: 1389; SHA-256: 87dc96ff135a90ff21281cf2e3d01cba9b89e36308560bfd15167c9a03d703ba
00:22:34     STOCK_FILE pri podjetju 2: se ni na vrsti po razporedu; preskoceno.
00:22:35     Prebranih zapisov: 1389; SHA-256: 87dc96ff135a90ff21281cf2e3d01cba9b89e36308560bfd15167c9a03d703ba
00:22:35     STOCK_FILE pri podjetju 3: se ni na vrsti po razporedu; preskoceno.
00:22:36     Prebranih zapisov: 1389; SHA-256: 87dc96ff135a90ff21281cf2e3d01cba9b89e36308560bfd15167c9a03d703ba
00:22:36     STOCK_FILE pri podjetju 4: se ni na vrsti po razporedu; preskoceno.
00:22:36     konec: Zaloga BT_STOCK
00:22:36  == Zaloga iz SAOP (kolicine) ==
00:22:37     [1] SAOP_STOCK: se ni na vrsti po razporedu; preskoceno.
00:22:37     [2] SAOP_STOCK: se ni na vrsti po razporedu; preskoceno.
00:22:37     [3] SAOP_STOCK: se ni na vrsti po razporedu; preskoceno.
00:22:37     [4] SAOP_STOCK: se ni na vrsti po razporedu; preskoceno.
00:22:37     konec: Zaloga iz SAOP (kolicine)
00:22:37  == Izvoz cen in zaloge za splet ==
00:22:39     Izvoz profila MAGENTO_STOCK_PRICES končan: 352 vrstic v C:\Users\david\Desktop\PIM\NoviPIM\izvoz\magento\1
00:22:42     Izvoz profila MAGENTO_STOCK_PRICES končan: 2071 vrstic v C:\Users\david\Desktop\PIM\NoviPIM\izvoz\magento\2
00:22:46     Izvoz profila MAGENTO_STOCK_PRICES končan: 2488 vrstic v C:\Users\david\Desktop\PIM\NoviPIM\izvoz\magento\3
00:22:47     Izvoz profila MAGENTO_STOCK_PRICES končan: 0 vrstic v C:\Users\david\Desktop\PIM\NoviPIM\izvoz\magento\4
00:22:47     konec: Izvoz cen in zaloge za splet
00:22:47  Zalogovni cikel koncan; padlih korakov: 0.
00:27:27  == Zaloga NW_STOCK ==
00:27:27     [NW_STOCK] preskoceno: Razmik dobavitelja se tece; naslednji prenos po 4. 09. 2026 00:32.
00:27:27     Prevzem koncan: uspesno 0, neuspesno 0, skupaj virov 1.
00:27:28     Prebranih zapisov: 2763; SHA-256: e1ee76c3defb350af2683c6c2839cc48c2025c6056a4fff1656d65428017277b
00:27:29     Ta posnetek je ze v bazi; vir=NW_STOCK, podjetje=1, cas posnetka=2026-09-03 20:32:28Z, uporabljenih=2763, v karanteni=0, RunId=e4fd5233-5a5b-419c-8d16-331b8687da3a. Zapisano ni bilo nic.
00:27:29     Prebranih zapisov: 2763; SHA-256: e1ee76c3defb350af2683c6c2839cc48c2025c6056a4fff1656d65428017277b
00:27:30     Ta posnetek je ze v bazi; vir=NW_STOCK, podjetje=2, cas posnetka=2026-09-03 20:32:28Z, uporabljenih=2763, v karanteni=0, RunId=65a3e486-3f4d-43d0-8aad-e407b31555f2. Zapisano ni bilo nic.
00:27:30     Prebranih zapisov: 2763; SHA-256: e1ee76c3defb350af2683c6c2839cc48c2025c6056a4fff1656d65428017277b
00:27:31     Ta posnetek je ze v bazi; vir=NW_STOCK, podjetje=3, cas posnetka=2026-09-03 20:32:28Z, uporabljenih=2763, v karanteni=0, RunId=ceb0c0b0-c067-4de6-8157-da9ca9685bbd. Zapisano ni bilo nic.
00:27:31     Prebranih zapisov: 2763; SHA-256: e1ee76c3defb350af2683c6c2839cc48c2025c6056a4fff1656d65428017277b
00:27:32     Ta posnetek je ze v bazi; vir=NW_STOCK, podjetje=4, cas posnetka=2026-09-03 20:32:28Z, uporabljenih=2763, v karanteni=0, RunId=0202d45f-f598-4a01-bbe3-6015e2dfbcaa. Zapisano ni bilo nic.
00:27:32     konec: Zaloga NW_STOCK
00:27:32  == Zaloga BT_STOCK ==
00:27:33     SOURCE_FETCH: se ni na vrsti po razporedu; preskoceno.
00:27:33     Prebranih zapisov: 1389; SHA-256: 87dc96ff135a90ff21281cf2e3d01cba9b89e36308560bfd15167c9a03d703ba
00:27:33     STOCK_FILE pri podjetju 1: se ni na vrsti po razporedu; preskoceno.
00:27:34     Prebranih zapisov: 1389; SHA-256: 87dc96ff135a90ff21281cf2e3d01cba9b89e36308560bfd15167c9a03d703ba
00:27:34     STOCK_FILE pri podjetju 2: se ni na vrsti po razporedu; preskoceno.
00:27:35     Prebranih zapisov: 1389; SHA-256: 87dc96ff135a90ff21281cf2e3d01cba9b89e36308560bfd15167c9a03d703ba
00:27:35     STOCK_FILE pri podjetju 3: se ni na vrsti po razporedu; preskoceno.
00:27:36     Prebranih zapisov: 1389; SHA-256: 87dc96ff135a90ff21281cf2e3d01cba9b89e36308560bfd15167c9a03d703ba
00:27:36     STOCK_FILE pri podjetju 4: se ni na vrsti po razporedu; preskoceno.
00:27:36     konec: Zaloga BT_STOCK
00:27:36  == Zaloga iz SAOP (kolicine) ==
00:27:37     [1] SAOP_STOCK: se ni na vrsti po razporedu; preskoceno.
00:27:37     [2] SAOP_STOCK: se ni na vrsti po razporedu; preskoceno.
00:27:37     [3] SAOP_STOCK: se ni na vrsti po razporedu; preskoceno.
00:27:37     [4] SAOP_STOCK: se ni na vrsti po razporedu; preskoceno.
00:27:37     konec: Zaloga iz SAOP (kolicine)
00:27:37  == Izvoz cen in zaloge za splet ==
00:27:39     Izvoz profila MAGENTO_STOCK_PRICES končan: 352 vrstic v C:\Users\david\Desktop\PIM\NoviPIM\izvoz\magento\1
00:27:43     Izvoz profila MAGENTO_STOCK_PRICES končan: 2071 vrstic v C:\Users\david\Desktop\PIM\NoviPIM\izvoz\magento\2
00:27:46     Izvoz profila MAGENTO_STOCK_PRICES končan: 2488 vrstic v C:\Users\david\Desktop\PIM\NoviPIM\izvoz\magento\3
00:27:47     Izvoz profila MAGENTO_STOCK_PRICES končan: 0 vrstic v C:\Users\david\Desktop\PIM\NoviPIM\izvoz\magento\4
00:27:47     konec: Izvoz cen in zaloge za splet
00:27:47  Zalogovni cikel koncan; padlih korakov: 0.
00:32:27  == Zaloga NW_STOCK ==
00:32:27     SOURCE_FETCH: se ni na vrsti po razporedu; preskoceno.
00:32:28     Prebranih zapisov: 2763; SHA-256: e1ee76c3defb350af2683c6c2839cc48c2025c6056a4fff1656d65428017277b
00:32:28     STOCK_FILE pri podjetju 1: se ni na vrsti po razporedu; preskoceno.
00:32:29     Prebranih zapisov: 2763; SHA-256: e1ee76c3defb350af2683c6c2839cc48c2025c6056a4fff1656d65428017277b
00:32:29     STOCK_FILE pri podjetju 2: se ni na vrsti po razporedu; preskoceno.
00:32:30     Prebranih zapisov: 2763; SHA-256: e1ee76c3defb350af2683c6c2839cc48c2025c6056a4fff1656d65428017277b
00:32:30     STOCK_FILE pri podjetju 3: se ni na vrsti po razporedu; preskoceno.
00:32:31     Prebranih zapisov: 2763; SHA-256: e1ee76c3defb350af2683c6c2839cc48c2025c6056a4fff1656d65428017277b
00:32:31     STOCK_FILE pri podjetju 4: se ni na vrsti po razporedu; preskoceno.
00:32:31     konec: Zaloga NW_STOCK
00:32:31  == Zaloga BT_STOCK ==
00:32:32     [BT_STOCK] preskoceno: Razmik dobavitelja se tece; naslednji prenos po 4. 09. 2026 02:47.
00:32:32     Prevzem koncan: uspesno 0, neuspesno 0, skupaj virov 1.
00:32:33     Prebranih zapisov: 1389; SHA-256: 87dc96ff135a90ff21281cf2e3d01cba9b89e36308560bfd15167c9a03d703ba
00:32:33     Ta posnetek je ze v bazi; vir=BT_STOCK, podjetje=1, cas posnetka=2026-09-03 15:17:35Z, uporabljenih=1389, v karanteni=0, RunId=5e288d2d-98ef-40e1-b33c-663e6d513e74. Zapisano ni bilo nic.
00:32:34     Prebranih zapisov: 1389; SHA-256: 87dc96ff135a90ff21281cf2e3d01cba9b89e36308560bfd15167c9a03d703ba
00:32:34     Ta posnetek je ze v bazi; vir=BT_STOCK, podjetje=2, cas posnetka=2026-09-03 15:17:35Z, uporabljenih=1389, v karanteni=0, RunId=3496c976-0c49-45c5-9f74-0ffd35e5d443. Zapisano ni bilo nic.
00:32:35     Prebranih zapisov: 1389; SHA-256: 87dc96ff135a90ff21281cf2e3d01cba9b89e36308560bfd15167c9a03d703ba
00:32:35     Ta posnetek je ze v bazi; vir=BT_STOCK, podjetje=3, cas posnetka=2026-09-03 15:17:35Z, uporabljenih=1389, v karanteni=0, RunId=3dd9ac1c-09dd-4827-b930-eb014cdb2746. Zapisano ni bilo nic.
00:32:36     Prebranih zapisov: 1389; SHA-256: 87dc96ff135a90ff21281cf2e3d01cba9b89e36308560bfd15167c9a03d703ba
00:32:36     Ta posnetek je ze v bazi; vir=BT_STOCK, podjetje=4, cas posnetka=2026-09-03 15:17:35Z, uporabljenih=1389, v karanteni=0, RunId=bec7f147-9b63-48d7-a0cc-8df0cb029c6c. Zapisano ni bilo nic.
00:32:36     konec: Zaloga BT_STOCK
00:32:36  == Zaloga iz SAOP (kolicine) ==
00:32:37     [1] SAOP_STOCK: se ni na vrsti po razporedu; preskoceno.
00:32:37     [2] SAOP_STOCK: se ni na vrsti po razporedu; preskoceno.
00:32:37     [3] SAOP_STOCK: se ni na vrsti po razporedu; preskoceno.
00:32:37     [4] SAOP_STOCK: se ni na vrsti po razporedu; preskoceno.
00:32:37     konec: Zaloga iz SAOP (kolicine)
00:32:37  == Izvoz cen in zaloge za splet ==
00:32:39     Izvoz profila MAGENTO_STOCK_PRICES končan: 352 vrstic v C:\Users\david\Desktop\PIM\NoviPIM\izvoz\magento\1
00:32:43     Izvoz profila MAGENTO_STOCK_PRICES končan: 2071 vrstic v C:\Users\david\Desktop\PIM\NoviPIM\izvoz\magento\2
00:32:46     Izvoz profila MAGENTO_STOCK_PRICES končan: 2488 vrstic v C:\Users\david\Desktop\PIM\NoviPIM\izvoz\magento\3
00:32:48     Izvoz profila MAGENTO_STOCK_PRICES končan: 0 vrstic v C:\Users\david\Desktop\PIM\NoviPIM\izvoz\magento\4
00:32:48     konec: Izvoz cen in zaloge za splet
00:32:48  Zalogovni cikel koncan; padlih korakov: 0.
00:37:27  == Zaloga NW_STOCK ==
00:37:27     SOURCE_FETCH: se ni na vrsti po razporedu; preskoceno.
00:37:28     Prebranih zapisov: 2763; SHA-256: e1ee76c3defb350af2683c6c2839cc48c2025c6056a4fff1656d65428017277b
00:37:28     STOCK_FILE pri podjetju 1: se ni na vrsti po razporedu; preskoceno.
00:37:29     Prebranih zapisov: 2763; SHA-256: e1ee76c3defb350af2683c6c2839cc48c2025c6056a4fff1656d65428017277b
00:37:29     STOCK_FILE pri podjetju 2: se ni na vrsti po razporedu; preskoceno.
00:37:30     Prebranih zapisov: 2763; SHA-256: e1ee76c3defb350af2683c6c2839cc48c2025c6056a4fff1656d65428017277b
00:37:30     STOCK_FILE pri podjetju 3: se ni na vrsti po razporedu; preskoceno.
00:37:31     Prebranih zapisov: 2763; SHA-256: e1ee76c3defb350af2683c6c2839cc48c2025c6056a4fff1656d65428017277b
00:37:31     STOCK_FILE pri podjetju 4: se ni na vrsti po razporedu; preskoceno.
00:37:31     konec: Zaloga NW_STOCK
00:37:31  == Zaloga BT_STOCK ==
00:37:32     SOURCE_FETCH: se ni na vrsti po razporedu; preskoceno.
00:37:33     Prebranih zapisov: 1389; SHA-256: 87dc96ff135a90ff21281cf2e3d01cba9b89e36308560bfd15167c9a03d703ba
00:37:33     STOCK_FILE pri podjetju 1: se ni na vrsti po razporedu; preskoceno.
00:37:34     Prebranih zapisov: 1389; SHA-256: 87dc96ff135a90ff21281cf2e3d01cba9b89e36308560bfd15167c9a03d703ba
00:37:34     STOCK_FILE pri podjetju 2: se ni na vrsti po razporedu; preskoceno.
00:37:35     Prebranih zapisov: 1389; SHA-256: 87dc96ff135a90ff21281cf2e3d01cba9b89e36308560bfd15167c9a03d703ba
00:37:35     STOCK_FILE pri podjetju 3: se ni na vrsti po razporedu; preskoceno.
00:37:36     Prebranih zapisov: 1389; SHA-256: 87dc96ff135a90ff21281cf2e3d01cba9b89e36308560bfd15167c9a03d703ba
00:37:36     STOCK_FILE pri podjetju 4: se ni na vrsti po razporedu; preskoceno.
00:37:36     konec: Zaloga BT_STOCK
00:37:36  == Zaloga iz SAOP (kolicine) ==
00:37:37     [1] SAOP_STOCK: se ni na vrsti po razporedu; preskoceno.
00:37:37     [2] SAOP_STOCK: se ni na vrsti po razporedu; preskoceno.
00:37:37     [3] SAOP_STOCK: se ni na vrsti po razporedu; preskoceno.
00:37:37     [4] SAOP_STOCK: se ni na vrsti po razporedu; preskoceno.
00:37:37     konec: Zaloga iz SAOP (kolicine)
00:37:37  == Izvoz cen in zaloge za splet ==
00:37:39     Izvoz profila MAGENTO_STOCK_PRICES končan: 352 vrstic v C:\Users\david\Desktop\PIM\NoviPIM\izvoz\magento\1
00:37:42     Izvoz profila MAGENTO_STOCK_PRICES končan: 2071 vrstic v C:\Users\david\Desktop\PIM\NoviPIM\izvoz\magento\2
00:37:46     Izvoz profila MAGENTO_STOCK_PRICES končan: 2488 vrstic v C:\Users\david\Desktop\PIM\NoviPIM\izvoz\magento\3
00:37:47     Izvoz profila MAGENTO_STOCK_PRICES končan: 0 vrstic v C:\Users\david\Desktop\PIM\NoviPIM\izvoz\magento\4
00:37:47     konec: Izvoz cen in zaloge za splet
00:37:47  Zalogovni cikel koncan; padlih korakov: 0.
00:42:27  == Zaloga NW_STOCK ==
00:42:28     [NW_STOCK] prevzeto 87.319 bajtov -> C:\Users\david\Desktop\PIM\NoviPIM\PIM_Solution\data\prevzem\NW_STOCK\nw-zaloga.csv
00:42:28     Prevzem koncan: uspesno 1, neuspesno 0, skupaj virov 1.
00:42:29     Prebranih zapisov: 2763; SHA-256: 220c974c90d12f3e3d394ef315c1e20d4af28951792a4b5e186bcd4b74e33254
00:42:31     Zaloga zapisana; vir=NW_STOCK, podjetje=1, uporabljenih=2763, v karanteni=0, RunId=ab077cf4-ce45-4b25-81ce-137c54dff502.
00:42:31     Prebranih zapisov: 2763; SHA-256: 220c974c90d12f3e3d394ef315c1e20d4af28951792a4b5e186bcd4b74e33254
00:42:33     Zaloga zapisana; vir=NW_STOCK, podjetje=2, uporabljenih=2763, v karanteni=0, RunId=f8b92ee0-ede5-4882-9f20-2d2cd2ef743a.
00:42:34     Prebranih zapisov: 2763; SHA-256: 220c974c90d12f3e3d394ef315c1e20d4af28951792a4b5e186bcd4b74e33254
00:42:35     Zaloga zapisana; vir=NW_STOCK, podjetje=3, uporabljenih=2763, v karanteni=0, RunId=0d98199c-37d4-4192-b519-334e62960fc6.
00:42:36     Prebranih zapisov: 2763; SHA-256: 220c974c90d12f3e3d394ef315c1e20d4af28951792a4b5e186bcd4b74e33254
00:42:37     Zaloga zapisana; vir=NW_STOCK, podjetje=4, uporabljenih=2763, v karanteni=0, RunId=2f072eba-799f-4fb5-a11b-725ff0de299f.
00:42:37     konec: Zaloga NW_STOCK
00:42:37  == Zaloga BT_STOCK ==
00:42:38     SOURCE_FETCH: se ni na vrsti po razporedu; preskoceno.
00:42:39     Prebranih zapisov: 1389; SHA-256: 87dc96ff135a90ff21281cf2e3d01cba9b89e36308560bfd15167c9a03d703ba
00:42:39     STOCK_FILE pri podjetju 1: se ni na vrsti po razporedu; preskoceno.
00:42:40     Prebranih zapisov: 1389; SHA-256: 87dc96ff135a90ff21281cf2e3d01cba9b89e36308560bfd15167c9a03d703ba
00:42:40     STOCK_FILE pri podjetju 2: se ni na vrsti po razporedu; preskoceno.
00:42:41     Prebranih zapisov: 1389; SHA-256: 87dc96ff135a90ff21281cf2e3d01cba9b89e36308560bfd15167c9a03d703ba
00:42:41     STOCK_FILE pri podjetju 3: se ni na vrsti po razporedu; preskoceno.
00:42:42     Prebranih zapisov: 1389; SHA-256: 87dc96ff135a90ff21281cf2e3d01cba9b89e36308560bfd15167c9a03d703ba
00:42:42     STOCK_FILE pri podjetju 4: se ni na vrsti po razporedu; preskoceno.
00:42:42     konec: Zaloga BT_STOCK
00:42:42  == Zaloga iz SAOP (kolicine) ==
00:42:43     [1] SAOP_STOCK: se ni na vrsti po razporedu; preskoceno.
00:42:43     [2] SAOP_STOCK: se ni na vrsti po razporedu; preskoceno.
00:42:43     [3] SAOP_STOCK: se ni na vrsti po razporedu; preskoceno.
00:42:43     [4] SAOP_STOCK: se ni na vrsti po razporedu; preskoceno.
00:42:43     konec: Zaloga iz SAOP (kolicine)
00:42:43  == Izvoz cen in zaloge za splet ==
00:42:45     Izvoz profila MAGENTO_STOCK_PRICES končan: 352 vrstic v C:\Users\david\Desktop\PIM\NoviPIM\izvoz\magento\1
00:42:49     Izvoz profila MAGENTO_STOCK_PRICES končan: 2071 vrstic v C:\Users\david\Desktop\PIM\NoviPIM\izvoz\magento\2
00:42:52     Izvoz profila MAGENTO_STOCK_PRICES končan: 2488 vrstic v C:\Users\david\Desktop\PIM\NoviPIM\izvoz\magento\3
00:42:54     Izvoz profila MAGENTO_STOCK_PRICES končan: 0 vrstic v C:\Users\david\Desktop\PIM\NoviPIM\izvoz\magento\4
00:42:54     konec: Izvoz cen in zaloge za splet
00:42:54  Zalogovni cikel koncan; padlih korakov: 0.
00:47:27  == Zaloga NW_STOCK ==
00:47:28     SOURCE_FETCH: se ni na vrsti po razporedu; preskoceno.
00:47:28     Prebranih zapisov: 2763; SHA-256: 220c974c90d12f3e3d394ef315c1e20d4af28951792a4b5e186bcd4b74e33254
00:47:29     STOCK_FILE pri podjetju 1: se ni na vrsti po razporedu; preskoceno.
00:47:29     Prebranih zapisov: 2763; SHA-256: 220c974c90d12f3e3d394ef315c1e20d4af28951792a4b5e186bcd4b74e33254
00:47:30     STOCK_FILE pri podjetju 2: se ni na vrsti po razporedu; preskoceno.
00:47:30     Prebranih zapisov: 2763; SHA-256: 220c974c90d12f3e3d394ef315c1e20d4af28951792a4b5e186bcd4b74e33254
00:47:30     STOCK_FILE pri podjetju 3: se ni na vrsti po razporedu; preskoceno.
00:47:31     Prebranih zapisov: 2763; SHA-256: 220c974c90d12f3e3d394ef315c1e20d4af28951792a4b5e186bcd4b74e33254
00:47:31     STOCK_FILE pri podjetju 4: se ni na vrsti po razporedu; preskoceno.
00:47:31     konec: Zaloga NW_STOCK
00:47:31  == Zaloga BT_STOCK ==
00:47:32     [BT_STOCK] preskoceno: Razmik dobavitelja se tece; naslednji prenos po 4. 09. 2026 02:47.
00:47:32     Prevzem koncan: uspesno 0, neuspesno 0, skupaj virov 1.
00:47:33     Prebranih zapisov: 1389; SHA-256: 87dc96ff135a90ff21281cf2e3d01cba9b89e36308560bfd15167c9a03d703ba
00:47:33     Ta posnetek je ze v bazi; vir=BT_STOCK, podjetje=1, cas posnetka=2026-09-03 15:17:35Z, uporabljenih=1389, v karanteni=0, RunId=5e288d2d-98ef-40e1-b33c-663e6d513e74. Zapisano ni bilo nic.
00:47:34     Prebranih zapisov: 1389; SHA-256: 87dc96ff135a90ff21281cf2e3d01cba9b89e36308560bfd15167c9a03d703ba
00:47:34     Ta posnetek je ze v bazi; vir=BT_STOCK, podjetje=2, cas posnetka=2026-09-03 15:17:35Z, uporabljenih=1389, v karanteni=0, RunId=3496c976-0c49-45c5-9f74-0ffd35e5d443. Zapisano ni bilo nic.
00:47:35     Prebranih zapisov: 1389; SHA-256: 87dc96ff135a90ff21281cf2e3d01cba9b89e36308560bfd15167c9a03d703ba
00:47:36     Ta posnetek je ze v bazi; vir=BT_STOCK, podjetje=3, cas posnetka=2026-09-03 15:17:35Z, uporabljenih=1389, v karanteni=0, RunId=3dd9ac1c-09dd-4827-b930-eb014cdb2746. Zapisano ni bilo nic.
00:47:36     Prebranih zapisov: 1389; SHA-256: 87dc96ff135a90ff21281cf2e3d01cba9b89e36308560bfd15167c9a03d703ba
00:47:37     Ta posnetek je ze v bazi; vir=BT_STOCK, podjetje=4, cas posnetka=2026-09-03 15:17:35Z, uporabljenih=1389, v karanteni=0, RunId=bec7f147-9b63-48d7-a0cc-8df0cb029c6c. Zapisano ni bilo nic.
00:47:37     konec: Zaloga BT_STOCK
00:47:37  == Zaloga iz SAOP (kolicine) ==
00:47:38     [1] SAOP_STOCK: se ni na vrsti po razporedu; preskoceno.
00:47:38     [2] SAOP_STOCK: se ni na vrsti po razporedu; preskoceno.
00:47:38     [3] SAOP_STOCK: se ni na vrsti po razporedu; preskoceno.
00:47:38     [4] SAOP_STOCK: se ni na vrsti po razporedu; preskoceno.
00:47:38     konec: Zaloga iz SAOP (kolicine)
00:47:38  == Izvoz cen in zaloge za splet ==
00:47:39     Izvoz profila MAGENTO_STOCK_PRICES končan: 352 vrstic v C:\Users\david\Desktop\PIM\NoviPIM\izvoz\magento\1
00:47:43     Izvoz profila MAGENTO_STOCK_PRICES končan: 2071 vrstic v C:\Users\david\Desktop\PIM\NoviPIM\izvoz\magento\2
00:47:46     Izvoz profila MAGENTO_STOCK_PRICES končan: 2488 vrstic v C:\Users\david\Desktop\PIM\NoviPIM\izvoz\magento\3
00:47:48     Izvoz profila MAGENTO_STOCK_PRICES končan: 0 vrstic v C:\Users\david\Desktop\PIM\NoviPIM\izvoz\magento\4
00:47:48     konec: Izvoz cen in zaloge za splet
00:47:48  Zalogovni cikel koncan; padlih korakov: 0.
00:52:27  == Zaloga NW_STOCK ==
00:52:27     SOURCE_FETCH: se ni na vrsti po razporedu; preskoceno.
00:52:28     Prebranih zapisov: 2763; SHA-256: 220c974c90d12f3e3d394ef315c1e20d4af28951792a4b5e186bcd4b74e33254
00:52:28     STOCK_FILE pri podjetju 1: se ni na vrsti po razporedu; preskoceno.
00:52:29     Prebranih zapisov: 2763; SHA-256: 220c974c90d12f3e3d394ef315c1e20d4af28951792a4b5e186bcd4b74e33254
00:52:29     STOCK_FILE pri podjetju 2: se ni na vrsti po razporedu; preskoceno.
00:52:30     Prebranih zapisov: 2763; SHA-256: 220c974c90d12f3e3d394ef315c1e20d4af28951792a4b5e186bcd4b74e33254
00:52:30     STOCK_FILE pri podjetju 3: se ni na vrsti po razporedu; preskoceno.
00:52:31     Prebranih zapisov: 2763; SHA-256: 220c974c90d12f3e3d394ef315c1e20d4af28951792a4b5e186bcd4b74e33254
00:52:31     STOCK_FILE pri podjetju 4: se ni na vrsti po razporedu; preskoceno.
00:52:31     konec: Zaloga NW_STOCK
00:52:31  == Zaloga BT_STOCK ==
00:52:32     SOURCE_FETCH: se ni na vrsti po razporedu; preskoceno.
00:52:33     Prebranih zapisov: 1389; SHA-256: 87dc96ff135a90ff21281cf2e3d01cba9b89e36308560bfd15167c9a03d703ba
00:52:33     STOCK_FILE pri podjetju 1: se ni na vrsti po razporedu; preskoceno.
00:52:34     Prebranih zapisov: 1389; SHA-256: 87dc96ff135a90ff21281cf2e3d01cba9b89e36308560bfd15167c9a03d703ba
00:52:34     STOCK_FILE pri podjetju 2: se ni na vrsti po razporedu; preskoceno.
00:52:35     Prebranih zapisov: 1389; SHA-256: 87dc96ff135a90ff21281cf2e3d01cba9b89e36308560bfd15167c9a03d703ba
00:52:35     STOCK_FILE pri podjetju 3: se ni na vrsti po razporedu; preskoceno.
00:52:36     Prebranih zapisov: 1389; SHA-256: 87dc96ff135a90ff21281cf2e3d01cba9b89e36308560bfd15167c9a03d703ba
00:52:36     STOCK_FILE pri podjetju 4: se ni na vrsti po razporedu; preskoceno.
00:52:36     konec: Zaloga BT_STOCK
00:52:36  == Zaloga iz SAOP (kolicine) ==
00:52:37     [1] SAOP_STOCK: se ni na vrsti po razporedu; preskoceno.
00:52:37     [2] SAOP_STOCK: se ni na vrsti po razporedu; preskoceno.
00:52:37     [3] SAOP_STOCK: se ni na vrsti po razporedu; preskoceno.
00:52:37     [4] SAOP_STOCK: se ni na vrsti po razporedu; preskoceno.
00:52:37     konec: Zaloga iz SAOP (kolicine)
00:52:37  == Izvoz cen in zaloge za splet ==
00:52:39     Izvoz profila MAGENTO_STOCK_PRICES končan: 352 vrstic v C:\Users\david\Desktop\PIM\NoviPIM\izvoz\magento\1
00:52:43     Izvoz profila MAGENTO_STOCK_PRICES končan: 2071 vrstic v C:\Users\david\Desktop\PIM\NoviPIM\izvoz\magento\2
00:52:46     Izvoz profila MAGENTO_STOCK_PRICES končan: 2488 vrstic v C:\Users\david\Desktop\PIM\NoviPIM\izvoz\magento\3
00:52:47     Izvoz profila MAGENTO_STOCK_PRICES končan: 0 vrstic v C:\Users\david\Desktop\PIM\NoviPIM\izvoz\magento\4
00:52:47     konec: Izvoz cen in zaloge za splet
00:52:47  Zalogovni cikel koncan; padlih korakov: 0.
00:57:27  == Zaloga NW_STOCK ==
00:57:28     [NW_STOCK] preskoceno: Razmik dobavitelja se tece; naslednji prenos po 4. 09. 2026 02:42.
00:57:28     Prevzem koncan: uspesno 0, neuspesno 0, skupaj virov 1.
00:57:28     Prebranih zapisov: 2763; SHA-256: 220c974c90d12f3e3d394ef315c1e20d4af28951792a4b5e186bcd4b74e33254
00:57:29     Ta posnetek je ze v bazi; vir=NW_STOCK, podjetje=1, cas posnetka=2026-09-03 22:42:28Z, uporabljenih=2763, v karanteni=0, RunId=ab077cf4-ce45-4b25-81ce-137c54dff502. Zapisano ni bilo nic.
00:57:29     Prebranih zapisov: 2763; SHA-256: 220c974c90d12f3e3d394ef315c1e20d4af28951792a4b5e186bcd4b74e33254
00:57:30     Ta posnetek je ze v bazi; vir=NW_STOCK, podjetje=2, cas posnetka=2026-09-03 22:42:28Z, uporabljenih=2763, v karanteni=0, RunId=f8b92ee0-ede5-4882-9f20-2d2cd2ef743a. Zapisano ni bilo nic.
00:57:30     Prebranih zapisov: 2763; SHA-256: 220c974c90d12f3e3d394ef315c1e20d4af28951792a4b5e186bcd4b74e33254
00:57:31     Ta posnetek je ze v bazi; vir=NW_STOCK, podjetje=3, cas posnetka=2026-09-03 22:42:28Z, uporabljenih=2763, v karanteni=0, RunId=0d98199c-37d4-4192-b519-334e62960fc6. Zapisano ni bilo nic.
00:57:31     Prebranih zapisov: 2763; SHA-256: 220c974c90d12f3e3d394ef315c1e20d4af28951792a4b5e186bcd4b74e33254
00:57:32     Ta posnetek je ze v bazi; vir=NW_STOCK, podjetje=4, cas posnetka=2026-09-03 22:42:28Z, uporabljenih=2763, v karanteni=0, RunId=2f072eba-799f-4fb5-a11b-725ff0de299f. Zapisano ni bilo nic.
00:57:32     konec: Zaloga NW_STOCK
00:57:32  == Zaloga BT_STOCK ==
00:57:33     SOURCE_FETCH: se ni na vrsti po razporedu; preskoceno.
00:57:33     Prebranih zapisov: 1389; SHA-256: 87dc96ff135a90ff21281cf2e3d01cba9b89e36308560bfd15167c9a03d703ba
00:57:34     STOCK_FILE pri podjetju 1: se ni na vrsti po razporedu; preskoceno.
00:57:34     Prebranih zapisov: 1389; SHA-256: 87dc96ff135a90ff21281cf2e3d01cba9b89e36308560bfd15167c9a03d703ba
00:57:35     STOCK_FILE pri podjetju 2: se ni na vrsti po razporedu; preskoceno.
00:57:35     Prebranih zapisov: 1389; SHA-256: 87dc96ff135a90ff21281cf2e3d01cba9b89e36308560bfd15167c9a03d703ba
00:57:36     STOCK_FILE pri podjetju 3: se ni na vrsti po razporedu; preskoceno.
00:57:36     Prebranih zapisov: 1389; SHA-256: 87dc96ff135a90ff21281cf2e3d01cba9b89e36308560bfd15167c9a03d703ba
00:57:37     STOCK_FILE pri podjetju 4: se ni na vrsti po razporedu; preskoceno.
00:57:37     konec: Zaloga BT_STOCK
00:57:37  == Zaloga iz SAOP (kolicine) ==
00:57:38     [1] SAOP_STOCK: se ni na vrsti po razporedu; preskoceno.
00:57:38     [2] SAOP_STOCK: se ni na vrsti po razporedu; preskoceno.
00:57:38     [3] SAOP_STOCK: se ni na vrsti po razporedu; preskoceno.
00:57:38     [4] SAOP_STOCK: se ni na vrsti po razporedu; preskoceno.
00:57:38     konec: Zaloga iz SAOP (kolicine)
00:57:38  == Izvoz cen in zaloge za splet ==
00:57:39     Izvoz profila MAGENTO_STOCK_PRICES končan: 352 vrstic v C:\Users\david\Desktop\PIM\NoviPIM\izvoz\magento\1
00:57:43     Izvoz profila MAGENTO_STOCK_PRICES končan: 2071 vrstic v C:\Users\david\Desktop\PIM\NoviPIM\izvoz\magento\2
00:57:46     Izvoz profila MAGENTO_STOCK_PRICES končan: 2488 vrstic v C:\Users\david\Desktop\PIM\NoviPIM\izvoz\magento\3
00:57:48     Izvoz profila MAGENTO_STOCK_PRICES končan: 0 vrstic v C:\Users\david\Desktop\PIM\NoviPIM\izvoz\magento\4
00:57:48     konec: Izvoz cen in zaloge za splet
00:57:48  Zalogovni cikel koncan; padlih korakov: 0.
01:02:27  == Zaloga NW_STOCK ==
01:02:28     [NW_STOCK] preskoceno: Razmik dobavitelja se tece; naslednji prenos po 4. 09. 2026 02:42.
01:02:28     Prevzem koncan: uspesno 0, neuspesno 0, skupaj virov 1.
01:02:28     Prebranih zapisov: 2763; SHA-256: 220c974c90d12f3e3d394ef315c1e20d4af28951792a4b5e186bcd4b74e33254
01:02:29     Ta posnetek je ze v bazi; vir=NW_STOCK, podjetje=1, cas posnetka=2026-09-03 22:42:28Z, uporabljenih=2763, v karanteni=0, RunId=ab077cf4-ce45-4b25-81ce-137c54dff502. Zapisano ni bilo nic.
01:02:29     Prebranih zapisov: 2763; SHA-256: 220c974c90d12f3e3d394ef315c1e20d4af28951792a4b5e186bcd4b74e33254
01:02:30     Ta posnetek je ze v bazi; vir=NW_STOCK, podjetje=2, cas posnetka=2026-09-03 22:42:28Z, uporabljenih=2763, v karanteni=0, RunId=f8b92ee0-ede5-4882-9f20-2d2cd2ef743a. Zapisano ni bilo nic.
01:02:30     Prebranih zapisov: 2763; SHA-256: 220c974c90d12f3e3d394ef315c1e20d4af28951792a4b5e186bcd4b74e33254
01:02:31     Ta posnetek je ze v bazi; vir=NW_STOCK, podjetje=3, cas posnetka=2026-09-03 22:42:28Z, uporabljenih=2763, v karanteni=0, RunId=0d98199c-37d4-4192-b519-334e62960fc6. Zapisano ni bilo nic.
01:02:31     Prebranih zapisov: 2763; SHA-256: 220c974c90d12f3e3d394ef315c1e20d4af28951792a4b5e186bcd4b74e33254
01:02:32     Ta posnetek je ze v bazi; vir=NW_STOCK, podjetje=4, cas posnetka=2026-09-03 22:42:28Z, uporabljenih=2763, v karanteni=0, RunId=2f072eba-799f-4fb5-a11b-725ff0de299f. Zapisano ni bilo nic.
01:02:32     konec: Zaloga NW_STOCK
01:02:32  == Zaloga BT_STOCK ==
01:02:33     SOURCE_FETCH: se ni na vrsti po razporedu; preskoceno.
01:02:33     Prebranih zapisov: 1389; SHA-256: 87dc96ff135a90ff21281cf2e3d01cba9b89e36308560bfd15167c9a03d703ba
01:02:34     STOCK_FILE pri podjetju 1: se ni na vrsti po razporedu; preskoceno.
01:02:34     Prebranih zapisov: 1389; SHA-256: 87dc96ff135a90ff21281cf2e3d01cba9b89e36308560bfd15167c9a03d703ba
01:02:35     STOCK_FILE pri podjetju 2: se ni na vrsti po razporedu; preskoceno.
01:02:35     Prebranih zapisov: 1389; SHA-256: 87dc96ff135a90ff21281cf2e3d01cba9b89e36308560bfd15167c9a03d703ba
01:02:36     STOCK_FILE pri podjetju 3: se ni na vrsti po razporedu; preskoceno.
01:02:36     Prebranih zapisov: 1389; SHA-256: 87dc96ff135a90ff21281cf2e3d01cba9b89e36308560bfd15167c9a03d703ba
01:02:37     STOCK_FILE pri podjetju 4: se ni na vrsti po razporedu; preskoceno.
01:02:37     konec: Zaloga BT_STOCK
01:02:37  == Zaloga iz SAOP (kolicine) ==
01:02:38     [1] SAOP_STOCK: se ni na vrsti po razporedu; preskoceno.
01:02:38     [2] SAOP_STOCK: se ni na vrsti po razporedu; preskoceno.
01:02:38     [3] SAOP_STOCK: se ni na vrsti po razporedu; preskoceno.
01:02:38     [4] SAOP_STOCK: se ni na vrsti po razporedu; preskoceno.
01:02:38     konec: Zaloga iz SAOP (kolicine)
01:02:38  == Izvoz cen in zaloge za splet ==
01:02:39     Izvoz profila MAGENTO_STOCK_PRICES končan: 352 vrstic v C:\Users\david\Desktop\PIM\NoviPIM\izvoz\magento\1
01:02:43     Izvoz profila MAGENTO_STOCK_PRICES končan: 2071 vrstic v C:\Users\david\Desktop\PIM\NoviPIM\izvoz\magento\2
01:02:46     Izvoz profila MAGENTO_STOCK_PRICES končan: 2488 vrstic v C:\Users\david\Desktop\PIM\NoviPIM\izvoz\magento\3
01:02:48     Izvoz profila MAGENTO_STOCK_PRICES končan: 0 vrstic v C:\Users\david\Desktop\PIM\NoviPIM\izvoz\magento\4
01:02:48     konec: Izvoz cen in zaloge za splet
01:02:48  Zalogovni cikel koncan; padlih korakov: 0.
01:07:27  == Zaloga NW_STOCK ==
01:07:27     SOURCE_FETCH: se ni na vrsti po razporedu; preskoceno.
01:07:28     Prebranih zapisov: 2763; SHA-256: 220c974c90d12f3e3d394ef315c1e20d4af28951792a4b5e186bcd4b74e33254
01:07:28     STOCK_FILE pri podjetju 1: se ni na vrsti po razporedu; preskoceno.
01:07:29     Prebranih zapisov: 2763; SHA-256: 220c974c90d12f3e3d394ef315c1e20d4af28951792a4b5e186bcd4b74e33254
01:07:29     STOCK_FILE pri podjetju 2: se ni na vrsti po razporedu; preskoceno.
01:07:30     Prebranih zapisov: 2763; SHA-256: 220c974c90d12f3e3d394ef315c1e20d4af28951792a4b5e186bcd4b74e33254
01:07:30     STOCK_FILE pri podjetju 3: se ni na vrsti po razporedu; preskoceno.
01:07:31     Prebranih zapisov: 2763; SHA-256: 220c974c90d12f3e3d394ef315c1e20d4af28951792a4b5e186bcd4b74e33254
01:07:31     STOCK_FILE pri podjetju 4: se ni na vrsti po razporedu; preskoceno.
01:07:31     konec: Zaloga NW_STOCK
01:07:31  == Zaloga BT_STOCK ==
01:07:32     [BT_STOCK] preskoceno: Razmik dobavitelja se tece; naslednji prenos po 4. 09. 2026 02:47.
01:07:32     Prevzem koncan: uspesno 0, neuspesno 0, skupaj virov 1.
01:07:33     Prebranih zapisov: 1389; SHA-256: 87dc96ff135a90ff21281cf2e3d01cba9b89e36308560bfd15167c9a03d703ba
01:07:33     Ta posnetek je ze v bazi; vir=BT_STOCK, podjetje=1, cas posnetka=2026-09-03 15:17:35Z, uporabljenih=1389, v karanteni=0, RunId=5e288d2d-98ef-40e1-b33c-663e6d513e74. Zapisano ni bilo nic.
01:07:34     Prebranih zapisov: 1389; SHA-256: 87dc96ff135a90ff21281cf2e3d01cba9b89e36308560bfd15167c9a03d703ba
01:07:34     Ta posnetek je ze v bazi; vir=BT_STOCK, podjetje=2, cas posnetka=2026-09-03 15:17:35Z, uporabljenih=1389, v karanteni=0, RunId=3496c976-0c49-45c5-9f74-0ffd35e5d443. Zapisano ni bilo nic.
01:07:35     Prebranih zapisov: 1389; SHA-256: 87dc96ff135a90ff21281cf2e3d01cba9b89e36308560bfd15167c9a03d703ba
01:07:35     Ta posnetek je ze v bazi; vir=BT_STOCK, podjetje=3, cas posnetka=2026-09-03 15:17:35Z, uporabljenih=1389, v karanteni=0, RunId=3dd9ac1c-09dd-4827-b930-eb014cdb2746. Zapisano ni bilo nic.
01:07:36     Prebranih zapisov: 1389; SHA-256: 87dc96ff135a90ff21281cf2e3d01cba9b89e36308560bfd15167c9a03d703ba
01:07:36     Ta posnetek je ze v bazi; vir=BT_STOCK, podjetje=4, cas posnetka=2026-09-03 15:17:35Z, uporabljenih=1389, v karanteni=0, RunId=bec7f147-9b63-48d7-a0cc-8df0cb029c6c. Zapisano ni bilo nic.
01:07:37     konec: Zaloga BT_STOCK
01:07:37  == Zaloga iz SAOP (kolicine) ==
01:07:37     [1] SAOP_STOCK: se ni na vrsti po razporedu; preskoceno.
01:07:37     [2] SAOP_STOCK: se ni na vrsti po razporedu; preskoceno.
01:07:37     [3] SAOP_STOCK: se ni na vrsti po razporedu; preskoceno.
01:07:37     [4] SAOP_STOCK: se ni na vrsti po razporedu; preskoceno.
01:07:37     konec: Zaloga iz SAOP (kolicine)
01:07:37  == Izvoz cen in zaloge za splet ==
01:07:39     Izvoz profila MAGENTO_STOCK_PRICES končan: 352 vrstic v C:\Users\david\Desktop\PIM\NoviPIM\izvoz\magento\1
01:07:43     Izvoz profila MAGENTO_STOCK_PRICES končan: 2071 vrstic v C:\Users\david\Desktop\PIM\NoviPIM\izvoz\magento\2
01:07:46     Izvoz profila MAGENTO_STOCK_PRICES končan: 2488 vrstic v C:\Users\david\Desktop\PIM\NoviPIM\izvoz\magento\3
01:07:48     Izvoz profila MAGENTO_STOCK_PRICES končan: 0 vrstic v C:\Users\david\Desktop\PIM\NoviPIM\izvoz\magento\4
01:07:48     konec: Izvoz cen in zaloge za splet
01:07:48  Zalogovni cikel koncan; padlih korakov: 0.
01:12:27  == Zaloga NW_STOCK ==
01:12:29     SOURCE_FETCH: se ni na vrsti po razporedu; preskoceno.
01:12:30     Prebranih zapisov: 2763; SHA-256: 220c974c90d12f3e3d394ef315c1e20d4af28951792a4b5e186bcd4b74e33254
01:12:30     STOCK_FILE pri podjetju 1: se ni na vrsti po razporedu; preskoceno.
01:12:31     Prebranih zapisov: 2763; SHA-256: 220c974c90d12f3e3d394ef315c1e20d4af28951792a4b5e186bcd4b74e33254
01:12:31     STOCK_FILE pri podjetju 2: se ni na vrsti po razporedu; preskoceno.
01:12:32     Prebranih zapisov: 2763; SHA-256: 220c974c90d12f3e3d394ef315c1e20d4af28951792a4b5e186bcd4b74e33254
01:12:32     STOCK_FILE pri podjetju 3: se ni na vrsti po razporedu; preskoceno.
01:12:33     Prebranih zapisov: 2763; SHA-256: 220c974c90d12f3e3d394ef315c1e20d4af28951792a4b5e186bcd4b74e33254
01:12:33     STOCK_FILE pri podjetju 4: se ni na vrsti po razporedu; preskoceno.
01:12:33     konec: Zaloga NW_STOCK
01:12:33  == Zaloga BT_STOCK ==
01:12:34     [BT_STOCK] preskoceno: Razmik dobavitelja se tece; naslednji prenos po 4. 09. 2026 02:47.
01:12:34     Prevzem koncan: uspesno 0, neuspesno 0, skupaj virov 1.
01:12:35     Prebranih zapisov: 1389; SHA-256: 87dc96ff135a90ff21281cf2e3d01cba9b89e36308560bfd15167c9a03d703ba
01:12:35     Ta posnetek je ze v bazi; vir=BT_STOCK, podjetje=1, cas posnetka=2026-09-03 15:17:35Z, uporabljenih=1389, v karanteni=0, RunId=5e288d2d-98ef-40e1-b33c-663e6d513e74. Zapisano ni bilo nic.
01:12:36     Prebranih zapisov: 1389; SHA-256: 87dc96ff135a90ff21281cf2e3d01cba9b89e36308560bfd15167c9a03d703ba
01:12:36     Ta posnetek je ze v bazi; vir=BT_STOCK, podjetje=2, cas posnetka=2026-09-03 15:17:35Z, uporabljenih=1389, v karanteni=0, RunId=3496c976-0c49-45c5-9f74-0ffd35e5d443. Zapisano ni bilo nic.
01:12:37     Prebranih zapisov: 1389; SHA-256: 87dc96ff135a90ff21281cf2e3d01cba9b89e36308560bfd15167c9a03d703ba
01:12:37     Ta posnetek je ze v bazi; vir=BT_STOCK, podjetje=3, cas posnetka=2026-09-03 15:17:35Z, uporabljenih=1389, v karanteni=0, RunId=3dd9ac1c-09dd-4827-b930-eb014cdb2746. Zapisano ni bilo nic.
01:12:38     Prebranih zapisov: 1389; SHA-256: 87dc96ff135a90ff21281cf2e3d01cba9b89e36308560bfd15167c9a03d703ba
01:12:38     Ta posnetek je ze v bazi; vir=BT_STOCK, podjetje=4, cas posnetka=2026-09-03 15:17:35Z, uporabljenih=1389, v karanteni=0, RunId=bec7f147-9b63-48d7-a0cc-8df0cb029c6c. Zapisano ni bilo nic.
01:12:38     konec: Zaloga BT_STOCK
01:12:38  == Zaloga iz SAOP (kolicine) ==
01:12:39     [1] SAOP_STOCK: se ni na vrsti po razporedu; preskoceno.
01:12:39     [2] SAOP_STOCK: se ni na vrsti po razporedu; preskoceno.
01:12:39     [3] SAOP_STOCK: se ni na vrsti po razporedu; preskoceno.
01:12:39     [4] SAOP_STOCK: se ni na vrsti po razporedu; preskoceno.
01:12:39     konec: Zaloga iz SAOP (kolicine)
01:12:39  == Izvoz cen in zaloge za splet ==
01:12:41     Izvoz profila MAGENTO_STOCK_PRICES končan: 352 vrstic v C:\Users\david\Desktop\PIM\NoviPIM\izvoz\magento\1
01:12:44     Izvoz profila MAGENTO_STOCK_PRICES končan: 2071 vrstic v C:\Users\david\Desktop\PIM\NoviPIM\izvoz\magento\2
01:12:48     Izvoz profila MAGENTO_STOCK_PRICES končan: 2488 vrstic v C:\Users\david\Desktop\PIM\NoviPIM\izvoz\magento\3
01:12:49     Izvoz profila MAGENTO_STOCK_PRICES končan: 0 vrstic v C:\Users\david\Desktop\PIM\NoviPIM\izvoz\magento\4
01:12:49     konec: Izvoz cen in zaloge za splet
01:12:49  Zalogovni cikel koncan; padlih korakov: 0.
01:17:27  == Zaloga NW_STOCK ==
01:17:28     SOURCE_FETCH: se ni na vrsti po razporedu; preskoceno.
01:17:28     Prebranih zapisov: 2763; SHA-256: 220c974c90d12f3e3d394ef315c1e20d4af28951792a4b5e186bcd4b74e33254
01:17:29     STOCK_FILE pri podjetju 1: se ni na vrsti po razporedu; preskoceno.
01:17:29     Prebranih zapisov: 2763; SHA-256: 220c974c90d12f3e3d394ef315c1e20d4af28951792a4b5e186bcd4b74e33254
01:17:30     STOCK_FILE pri podjetju 2: se ni na vrsti po razporedu; preskoceno.
01:17:30     Prebranih zapisov: 2763; SHA-256: 220c974c90d12f3e3d394ef315c1e20d4af28951792a4b5e186bcd4b74e33254
01:17:31     STOCK_FILE pri podjetju 3: se ni na vrsti po razporedu; preskoceno.
01:17:31     Prebranih zapisov: 2763; SHA-256: 220c974c90d12f3e3d394ef315c1e20d4af28951792a4b5e186bcd4b74e33254
01:17:31     STOCK_FILE pri podjetju 4: se ni na vrsti po razporedu; preskoceno.
01:17:32     konec: Zaloga NW_STOCK
01:17:32  == Zaloga BT_STOCK ==
01:17:32     SOURCE_FETCH: se ni na vrsti po razporedu; preskoceno.
01:17:33     Prebranih zapisov: 1389; SHA-256: 87dc96ff135a90ff21281cf2e3d01cba9b89e36308560bfd15167c9a03d703ba
01:17:33     STOCK_FILE pri podjetju 1: se ni na vrsti po razporedu; preskoceno.
01:17:34     Prebranih zapisov: 1389; SHA-256: 87dc96ff135a90ff21281cf2e3d01cba9b89e36308560bfd15167c9a03d703ba
01:17:34     STOCK_FILE pri podjetju 2: se ni na vrsti po razporedu; preskoceno.
01:17:35     Prebranih zapisov: 1389; SHA-256: 87dc96ff135a90ff21281cf2e3d01cba9b89e36308560bfd15167c9a03d703ba
01:17:35     STOCK_FILE pri podjetju 3: se ni na vrsti po razporedu; preskoceno.
01:17:36     Prebranih zapisov: 1389; SHA-256: 87dc96ff135a90ff21281cf2e3d01cba9b89e36308560bfd15167c9a03d703ba
01:17:36     STOCK_FILE pri podjetju 4: se ni na vrsti po razporedu; preskoceno.
01:17:36     konec: Zaloga BT_STOCK
01:17:36  == Zaloga iz SAOP (kolicine) ==
01:17:37     [1] SAOP_STOCK: se ni na vrsti po razporedu; preskoceno.
01:17:37     [2] SAOP_STOCK: se ni na vrsti po razporedu; preskoceno.
01:17:37     [3] SAOP_STOCK: se ni na vrsti po razporedu; preskoceno.
01:17:37     [4] SAOP_STOCK: se ni na vrsti po razporedu; preskoceno.
01:17:37     konec: Zaloga iz SAOP (kolicine)
01:17:37  == Izvoz cen in zaloge za splet ==
01:17:39     Izvoz profila MAGENTO_STOCK_PRICES končan: 352 vrstic v C:\Users\david\Desktop\PIM\NoviPIM\izvoz\magento\1
01:17:43     Izvoz profila MAGENTO_STOCK_PRICES končan: 2071 vrstic v C:\Users\david\Desktop\PIM\NoviPIM\izvoz\magento\2
01:17:46     Izvoz profila MAGENTO_STOCK_PRICES končan: 2488 vrstic v C:\Users\david\Desktop\PIM\NoviPIM\izvoz\magento\3
01:17:47     Izvoz profila MAGENTO_STOCK_PRICES končan: 0 vrstic v C:\Users\david\Desktop\PIM\NoviPIM\izvoz\magento\4
01:17:47     konec: Izvoz cen in zaloge za splet
01:17:47  Zalogovni cikel koncan; padlih korakov: 0.
01:22:27  == Zaloga NW_STOCK ==
01:22:28     [NW_STOCK] preskoceno: Razmik dobavitelja se tece; naslednji prenos po 4. 09. 2026 02:42.
01:22:28     Prevzem koncan: uspesno 0, neuspesno 0, skupaj virov 1.
01:22:28     Prebranih zapisov: 2763; SHA-256: 220c974c90d12f3e3d394ef315c1e20d4af28951792a4b5e186bcd4b74e33254
01:22:29     Ta posnetek je ze v bazi; vir=NW_STOCK, podjetje=1, cas posnetka=2026-09-03 22:42:28Z, uporabljenih=2763, v karanteni=0, RunId=ab077cf4-ce45-4b25-81ce-137c54dff502. Zapisano ni bilo nic.
01:22:29     Prebranih zapisov: 2763; SHA-256: 220c974c90d12f3e3d394ef315c1e20d4af28951792a4b5e186bcd4b74e33254
01:22:30     Ta posnetek je ze v bazi; vir=NW_STOCK, podjetje=2, cas posnetka=2026-09-03 22:42:28Z, uporabljenih=2763, v karanteni=0, RunId=f8b92ee0-ede5-4882-9f20-2d2cd2ef743a. Zapisano ni bilo nic.
01:22:30     Prebranih zapisov: 2763; SHA-256: 220c974c90d12f3e3d394ef315c1e20d4af28951792a4b5e186bcd4b74e33254
01:22:31     Ta posnetek je ze v bazi; vir=NW_STOCK, podjetje=3, cas posnetka=2026-09-03 22:42:28Z, uporabljenih=2763, v karanteni=0, RunId=0d98199c-37d4-4192-b519-334e62960fc6. Zapisano ni bilo nic.
01:22:31     Prebranih zapisov: 2763; SHA-256: 220c974c90d12f3e3d394ef315c1e20d4af28951792a4b5e186bcd4b74e33254
01:22:32     Ta posnetek je ze v bazi; vir=NW_STOCK, podjetje=4, cas posnetka=2026-09-03 22:42:28Z, uporabljenih=2763, v karanteni=0, RunId=2f072eba-799f-4fb5-a11b-725ff0de299f. Zapisano ni bilo nic.
01:22:32     konec: Zaloga NW_STOCK
01:22:32  == Zaloga BT_STOCK ==
01:22:33     SOURCE_FETCH: se ni na vrsti po razporedu; preskoceno.
01:22:33     Prebranih zapisov: 1389; SHA-256: 87dc96ff135a90ff21281cf2e3d01cba9b89e36308560bfd15167c9a03d703ba
01:22:34     STOCK_FILE pri podjetju 1: se ni na vrsti po razporedu; preskoceno.
01:22:34     Prebranih zapisov: 1389; SHA-256: 87dc96ff135a90ff21281cf2e3d01cba9b89e36308560bfd15167c9a03d703ba
01:22:35     STOCK_FILE pri podjetju 2: se ni na vrsti po razporedu; preskoceno.
01:22:35     Prebranih zapisov: 1389; SHA-256: 87dc96ff135a90ff21281cf2e3d01cba9b89e36308560bfd15167c9a03d703ba
01:22:36     STOCK_FILE pri podjetju 3: se ni na vrsti po razporedu; preskoceno.
01:22:36     Prebranih zapisov: 1389; SHA-256: 87dc96ff135a90ff21281cf2e3d01cba9b89e36308560bfd15167c9a03d703ba
01:22:37     STOCK_FILE pri podjetju 4: se ni na vrsti po razporedu; preskoceno.
01:22:37     konec: Zaloga BT_STOCK
01:22:37  == Zaloga iz SAOP (kolicine) ==
01:22:37     [1] SAOP_STOCK: se ni na vrsti po razporedu; preskoceno.
01:22:37     [2] SAOP_STOCK: se ni na vrsti po razporedu; preskoceno.
01:22:37     [3] SAOP_STOCK: se ni na vrsti po razporedu; preskoceno.
01:22:37     [4] SAOP_STOCK: se ni na vrsti po razporedu; preskoceno.
01:22:38     konec: Zaloga iz SAOP (kolicine)
01:22:38  == Izvoz cen in zaloge za splet ==
01:22:39     Izvoz profila MAGENTO_STOCK_PRICES končan: 352 vrstic v C:\Users\david\Desktop\PIM\NoviPIM\izvoz\magento\1
01:22:43     Izvoz profila MAGENTO_STOCK_PRICES končan: 2071 vrstic v C:\Users\david\Desktop\PIM\NoviPIM\izvoz\magento\2
01:22:46     Izvoz profila MAGENTO_STOCK_PRICES končan: 2488 vrstic v C:\Users\david\Desktop\PIM\NoviPIM\izvoz\magento\3
01:22:48     Izvoz profila MAGENTO_STOCK_PRICES končan: 0 vrstic v C:\Users\david\Desktop\PIM\NoviPIM\izvoz\magento\4
01:22:48     konec: Izvoz cen in zaloge za splet
01:22:48  Zalogovni cikel koncan; padlih korakov: 0.
01:27:27  == Zaloga NW_STOCK ==
01:27:28     SOURCE_FETCH: se ni na vrsti po razporedu; preskoceno.
01:27:28     Prebranih zapisov: 2763; SHA-256: 220c974c90d12f3e3d394ef315c1e20d4af28951792a4b5e186bcd4b74e33254
01:27:29     STOCK_FILE pri podjetju 1: se ni na vrsti po razporedu; preskoceno.
01:27:29     Prebranih zapisov: 2763; SHA-256: 220c974c90d12f3e3d394ef315c1e20d4af28951792a4b5e186bcd4b74e33254
01:27:29     STOCK_FILE pri podjetju 2: se ni na vrsti po razporedu; preskoceno.
01:27:30     Prebranih zapisov: 2763; SHA-256: 220c974c90d12f3e3d394ef315c1e20d4af28951792a4b5e186bcd4b74e33254
01:27:30     STOCK_FILE pri podjetju 3: se ni na vrsti po razporedu; preskoceno.
01:27:31     Prebranih zapisov: 2763; SHA-256: 220c974c90d12f3e3d394ef315c1e20d4af28951792a4b5e186bcd4b74e33254
01:27:31     STOCK_FILE pri podjetju 4: se ni na vrsti po razporedu; preskoceno.
01:27:31     konec: Zaloga NW_STOCK
01:27:31  == Zaloga BT_STOCK ==
01:27:32     [BT_STOCK] preskoceno: Razmik dobavitelja se tece; naslednji prenos po 4. 09. 2026 02:47.
01:27:32     Prevzem koncan: uspesno 0, neuspesno 0, skupaj virov 1.
01:27:33     Prebranih zapisov: 1389; SHA-256: 87dc96ff135a90ff21281cf2e3d01cba9b89e36308560bfd15167c9a03d703ba
01:27:33     Ta posnetek je ze v bazi; vir=BT_STOCK, podjetje=1, cas posnetka=2026-09-03 15:17:35Z, uporabljenih=1389, v karanteni=0, RunId=5e288d2d-98ef-40e1-b33c-663e6d513e74. Zapisano ni bilo nic.
01:27:34     Prebranih zapisov: 1389; SHA-256: 87dc96ff135a90ff21281cf2e3d01cba9b89e36308560bfd15167c9a03d703ba
01:27:34     Ta posnetek je ze v bazi; vir=BT_STOCK, podjetje=2, cas posnetka=2026-09-03 15:17:35Z, uporabljenih=1389, v karanteni=0, RunId=3496c976-0c49-45c5-9f74-0ffd35e5d443. Zapisano ni bilo nic.
01:27:35     Prebranih zapisov: 1389; SHA-256: 87dc96ff135a90ff21281cf2e3d01cba9b89e36308560bfd15167c9a03d703ba
01:27:35     Ta posnetek je ze v bazi; vir=BT_STOCK, podjetje=3, cas posnetka=2026-09-03 15:17:35Z, uporabljenih=1389, v karanteni=0, RunId=3dd9ac1c-09dd-4827-b930-eb014cdb2746. Zapisano ni bilo nic.
01:27:36     Prebranih zapisov: 1389; SHA-256: 87dc96ff135a90ff21281cf2e3d01cba9b89e36308560bfd15167c9a03d703ba
01:27:37     Ta posnetek je ze v bazi; vir=BT_STOCK, podjetje=4, cas posnetka=2026-09-03 15:17:35Z, uporabljenih=1389, v karanteni=0, RunId=bec7f147-9b63-48d7-a0cc-8df0cb029c6c. Zapisano ni bilo nic.
01:27:37     konec: Zaloga BT_STOCK
01:27:37  == Zaloga iz SAOP (kolicine) ==
01:27:38     [1] SAOP_STOCK: se ni na vrsti po razporedu; preskoceno.
01:27:38     [2] SAOP_STOCK: se ni na vrsti po razporedu; preskoceno.
01:27:38     [3] SAOP_STOCK: se ni na vrsti po razporedu; preskoceno.
01:27:38     [4] SAOP_STOCK: se ni na vrsti po razporedu; preskoceno.
01:27:38     konec: Zaloga iz SAOP (kolicine)
01:27:38  == Izvoz cen in zaloge za splet ==
01:27:39     Izvoz profila MAGENTO_STOCK_PRICES končan: 352 vrstic v C:\Users\david\Desktop\PIM\NoviPIM\izvoz\magento\1
01:27:43     Izvoz profila MAGENTO_STOCK_PRICES končan: 2071 vrstic v C:\Users\david\Desktop\PIM\NoviPIM\izvoz\magento\2
01:27:46     Izvoz profila MAGENTO_STOCK_PRICES končan: 2488 vrstic v C:\Users\david\Desktop\PIM\NoviPIM\izvoz\magento\3
01:27:48     Izvoz profila MAGENTO_STOCK_PRICES končan: 0 vrstic v C:\Users\david\Desktop\PIM\NoviPIM\izvoz\magento\4
01:27:48     konec: Izvoz cen in zaloge za splet
01:27:48  Zalogovni cikel koncan; padlih korakov: 0.
01:32:27  == Zaloga NW_STOCK ==
01:32:28     SOURCE_FETCH: se ni na vrsti po razporedu; preskoceno.
01:32:28     Prebranih zapisov: 2763; SHA-256: 220c974c90d12f3e3d394ef315c1e20d4af28951792a4b5e186bcd4b74e33254
01:32:29     STOCK_FILE pri podjetju 1: se ni na vrsti po razporedu; preskoceno.
01:32:29     Prebranih zapisov: 2763; SHA-256: 220c974c90d12f3e3d394ef315c1e20d4af28951792a4b5e186bcd4b74e33254
01:32:29     STOCK_FILE pri podjetju 2: se ni na vrsti po razporedu; preskoceno.
01:32:30     Prebranih zapisov: 2763; SHA-256: 220c974c90d12f3e3d394ef315c1e20d4af28951792a4b5e186bcd4b74e33254
01:32:30     STOCK_FILE pri podjetju 3: se ni na vrsti po razporedu; preskoceno.
01:32:31     Prebranih zapisov: 2763; SHA-256: 220c974c90d12f3e3d394ef315c1e20d4af28951792a4b5e186bcd4b74e33254
01:32:31     STOCK_FILE pri podjetju 4: se ni na vrsti po razporedu; preskoceno.
01:32:31     konec: Zaloga NW_STOCK
01:32:31  == Zaloga BT_STOCK ==
01:32:32     [BT_STOCK] preskoceno: Razmik dobavitelja se tece; naslednji prenos po 4. 09. 2026 02:47.
01:32:32     Prevzem koncan: uspesno 0, neuspesno 0, skupaj virov 1.
01:32:33     Prebranih zapisov: 1389; SHA-256: 87dc96ff135a90ff21281cf2e3d01cba9b89e36308560bfd15167c9a03d703ba
01:32:33     STOCK_FILE pri podjetju 1: se ni na vrsti po razporedu; preskoceno.
01:32:34     Prebranih zapisov: 1389; SHA-256: 87dc96ff135a90ff21281cf2e3d01cba9b89e36308560bfd15167c9a03d703ba
01:32:34     STOCK_FILE pri podjetju 2: se ni na vrsti po razporedu; preskoceno.
01:32:35     Prebranih zapisov: 1389; SHA-256: 87dc96ff135a90ff21281cf2e3d01cba9b89e36308560bfd15167c9a03d703ba
01:32:35     STOCK_FILE pri podjetju 3: se ni na vrsti po razporedu; preskoceno.
01:32:36     Prebranih zapisov: 1389; SHA-256: 87dc96ff135a90ff21281cf2e3d01cba9b89e36308560bfd15167c9a03d703ba
01:32:36     STOCK_FILE pri podjetju 4: se ni na vrsti po razporedu; preskoceno.
01:32:36     konec: Zaloga BT_STOCK
01:32:36  == Zaloga iz SAOP (kolicine) ==
01:32:37     [1] SAOP_STOCK: se ni na vrsti po razporedu; preskoceno.
01:32:37     [2] SAOP_STOCK: se ni na vrsti po razporedu; preskoceno.
01:32:37     [3] SAOP_STOCK: se ni na vrsti po razporedu; preskoceno.
01:32:37     [4] SAOP_STOCK: se ni na vrsti po razporedu; preskoceno.
01:32:37     konec: Zaloga iz SAOP (kolicine)
01:32:37  == Izvoz cen in zaloge za splet ==
01:32:39     Izvoz profila MAGENTO_STOCK_PRICES končan: 352 vrstic v C:\Users\david\Desktop\PIM\NoviPIM\izvoz\magento\1
01:32:43     Izvoz profila MAGENTO_STOCK_PRICES končan: 2071 vrstic v C:\Users\david\Desktop\PIM\NoviPIM\izvoz\magento\2
01:32:46     Izvoz profila MAGENTO_STOCK_PRICES končan: 2488 vrstic v C:\Users\david\Desktop\PIM\NoviPIM\izvoz\magento\3
01:32:47     Izvoz profila MAGENTO_STOCK_PRICES končan: 0 vrstic v C:\Users\david\Desktop\PIM\NoviPIM\izvoz\magento\4
01:32:47     konec: Izvoz cen in zaloge za splet
01:32:47  Zalogovni cikel koncan; padlih korakov: 0.
01:37:27  == Zaloga NW_STOCK ==
01:37:28     SOURCE_FETCH: se ni na vrsti po razporedu; preskoceno.
01:37:28     Prebranih zapisov: 2763; SHA-256: 220c974c90d12f3e3d394ef315c1e20d4af28951792a4b5e186bcd4b74e33254
01:37:29     Ta posnetek je ze v bazi; vir=NW_STOCK, podjetje=1, cas posnetka=2026-09-03 22:42:28Z, uporabljenih=2763, v karanteni=0, RunId=ab077cf4-ce45-4b25-81ce-137c54dff502. Zapisano ni bilo nic.
01:37:29     Prebranih zapisov: 2763; SHA-256: 220c974c90d12f3e3d394ef315c1e20d4af28951792a4b5e186bcd4b74e33254
01:37:30     Ta posnetek je ze v bazi; vir=NW_STOCK, podjetje=2, cas posnetka=2026-09-03 22:42:28Z, uporabljenih=2763, v karanteni=0, RunId=f8b92ee0-ede5-4882-9f20-2d2cd2ef743a. Zapisano ni bilo nic.
01:37:30     Prebranih zapisov: 2763; SHA-256: 220c974c90d12f3e3d394ef315c1e20d4af28951792a4b5e186bcd4b74e33254
01:37:31     Ta posnetek je ze v bazi; vir=NW_STOCK, podjetje=3, cas posnetka=2026-09-03 22:42:28Z, uporabljenih=2763, v karanteni=0, RunId=0d98199c-37d4-4192-b519-334e62960fc6. Zapisano ni bilo nic.
01:37:31     Prebranih zapisov: 2763; SHA-256: 220c974c90d12f3e3d394ef315c1e20d4af28951792a4b5e186bcd4b74e33254
01:37:32     Ta posnetek je ze v bazi; vir=NW_STOCK, podjetje=4, cas posnetka=2026-09-03 22:42:28Z, uporabljenih=2763, v karanteni=0, RunId=2f072eba-799f-4fb5-a11b-725ff0de299f. Zapisano ni bilo nic.
01:37:32     konec: Zaloga NW_STOCK
01:37:32  == Zaloga BT_STOCK ==
01:37:33     [BT_STOCK] preskoceno: Razmik dobavitelja se tece; naslednji prenos po 4. 09. 2026 02:47.
01:37:33     Prevzem koncan: uspesno 0, neuspesno 0, skupaj virov 1.
01:37:33     Prebranih zapisov: 1389; SHA-256: 87dc96ff135a90ff21281cf2e3d01cba9b89e36308560bfd15167c9a03d703ba
01:37:34     STOCK_FILE pri podjetju 1: se ni na vrsti po razporedu; preskoceno.
01:37:34     Prebranih zapisov: 1389; SHA-256: 87dc96ff135a90ff21281cf2e3d01cba9b89e36308560bfd15167c9a03d703ba
01:37:35     STOCK_FILE pri podjetju 2: se ni na vrsti po razporedu; preskoceno.
01:37:35     Prebranih zapisov: 1389; SHA-256: 87dc96ff135a90ff21281cf2e3d01cba9b89e36308560bfd15167c9a03d703ba
01:37:36     STOCK_FILE pri podjetju 3: se ni na vrsti po razporedu; preskoceno.
01:37:36     Prebranih zapisov: 1389; SHA-256: 87dc96ff135a90ff21281cf2e3d01cba9b89e36308560bfd15167c9a03d703ba
01:37:37     STOCK_FILE pri podjetju 4: se ni na vrsti po razporedu; preskoceno.
01:37:37     konec: Zaloga BT_STOCK
01:37:37  == Zaloga iz SAOP (kolicine) ==
01:37:38     [1] SAOP_STOCK: se ni na vrsti po razporedu; preskoceno.
01:37:38     [2] SAOP_STOCK: se ni na vrsti po razporedu; preskoceno.
01:37:38     [3] SAOP_STOCK: se ni na vrsti po razporedu; preskoceno.
01:37:38     [4] SAOP_STOCK: se ni na vrsti po razporedu; preskoceno.
01:37:38     konec: Zaloga iz SAOP (kolicine)
01:37:38  == Izvoz cen in zaloge za splet ==
01:37:39     Izvoz profila MAGENTO_STOCK_PRICES končan: 352 vrstic v C:\Users\david\Desktop\PIM\NoviPIM\izvoz\magento\1
01:37:43     Izvoz profila MAGENTO_STOCK_PRICES končan: 2071 vrstic v C:\Users\david\Desktop\PIM\NoviPIM\izvoz\magento\2
01:37:46     Izvoz profila MAGENTO_STOCK_PRICES končan: 2488 vrstic v C:\Users\david\Desktop\PIM\NoviPIM\izvoz\magento\3
01:37:48     Izvoz profila MAGENTO_STOCK_PRICES končan: 0 vrstic v C:\Users\david\Desktop\PIM\NoviPIM\izvoz\magento\4
01:37:48     konec: Izvoz cen in zaloge za splet
01:37:48  Zalogovni cikel koncan; padlih korakov: 0.
01:42:27  == Zaloga NW_STOCK ==
01:42:28     SOURCE_FETCH: se ni na vrsti po razporedu; preskoceno.
01:42:28     Prebranih zapisov: 2763; SHA-256: 220c974c90d12f3e3d394ef315c1e20d4af28951792a4b5e186bcd4b74e33254
01:42:29     STOCK_FILE pri podjetju 1: se ni na vrsti po razporedu; preskoceno.
01:42:29     Prebranih zapisov: 2763; SHA-256: 220c974c90d12f3e3d394ef315c1e20d4af28951792a4b5e186bcd4b74e33254
01:42:30     STOCK_FILE pri podjetju 2: se ni na vrsti po razporedu; preskoceno.
01:42:30     Prebranih zapisov: 2763; SHA-256: 220c974c90d12f3e3d394ef315c1e20d4af28951792a4b5e186bcd4b74e33254
01:42:30     STOCK_FILE pri podjetju 3: se ni na vrsti po razporedu; preskoceno.
01:42:31     Prebranih zapisov: 2763; SHA-256: 220c974c90d12f3e3d394ef315c1e20d4af28951792a4b5e186bcd4b74e33254
01:42:31     STOCK_FILE pri podjetju 4: se ni na vrsti po razporedu; preskoceno.
01:42:31     konec: Zaloga NW_STOCK
01:42:31  == Zaloga BT_STOCK ==
01:42:32     SOURCE_FETCH: se ni na vrsti po razporedu; preskoceno.
01:42:33     Prebranih zapisov: 1389; SHA-256: 87dc96ff135a90ff21281cf2e3d01cba9b89e36308560bfd15167c9a03d703ba
01:42:33     Ta posnetek je ze v bazi; vir=BT_STOCK, podjetje=1, cas posnetka=2026-09-03 15:17:35Z, uporabljenih=1389, v karanteni=0, RunId=5e288d2d-98ef-40e1-b33c-663e6d513e74. Zapisano ni bilo nic.
01:42:34     Prebranih zapisov: 1389; SHA-256: 87dc96ff135a90ff21281cf2e3d01cba9b89e36308560bfd15167c9a03d703ba
01:42:34     Ta posnetek je ze v bazi; vir=BT_STOCK, podjetje=2, cas posnetka=2026-09-03 15:17:35Z, uporabljenih=1389, v karanteni=0, RunId=3496c976-0c49-45c5-9f74-0ffd35e5d443. Zapisano ni bilo nic.
01:42:35     Prebranih zapisov: 1389; SHA-256: 87dc96ff135a90ff21281cf2e3d01cba9b89e36308560bfd15167c9a03d703ba
01:42:36     Ta posnetek je ze v bazi; vir=BT_STOCK, podjetje=3, cas posnetka=2026-09-03 15:17:35Z, uporabljenih=1389, v karanteni=0, RunId=3dd9ac1c-09dd-4827-b930-eb014cdb2746. Zapisano ni bilo nic.
01:42:36     Prebranih zapisov: 1389; SHA-256: 87dc96ff135a90ff21281cf2e3d01cba9b89e36308560bfd15167c9a03d703ba
01:42:37     Ta posnetek je ze v bazi; vir=BT_STOCK, podjetje=4, cas posnetka=2026-09-03 15:17:35Z, uporabljenih=1389, v karanteni=0, RunId=bec7f147-9b63-48d7-a0cc-8df0cb029c6c. Zapisano ni bilo nic.
01:42:37     konec: Zaloga BT_STOCK
01:42:37  == Zaloga iz SAOP (kolicine) ==
01:42:38     [1] SAOP_STOCK: se ni na vrsti po razporedu; preskoceno.
01:42:38     [2] SAOP_STOCK: se ni na vrsti po razporedu; preskoceno.
01:42:38     [3] SAOP_STOCK: se ni na vrsti po razporedu; preskoceno.
01:42:38     [4] SAOP_STOCK: se ni na vrsti po razporedu; preskoceno.
01:42:38     konec: Zaloga iz SAOP (kolicine)
01:42:38  == Izvoz cen in zaloge za splet ==
01:42:39     Izvoz profila MAGENTO_STOCK_PRICES končan: 352 vrstic v C:\Users\david\Desktop\PIM\NoviPIM\izvoz\magento\1
01:42:43     Izvoz profila MAGENTO_STOCK_PRICES končan: 2071 vrstic v C:\Users\david\Desktop\PIM\NoviPIM\izvoz\magento\2
01:42:46     Izvoz profila MAGENTO_STOCK_PRICES končan: 2488 vrstic v C:\Users\david\Desktop\PIM\NoviPIM\izvoz\magento\3
01:42:48     Izvoz profila MAGENTO_STOCK_PRICES končan: 0 vrstic v C:\Users\david\Desktop\PIM\NoviPIM\izvoz\magento\4
01:42:48     konec: Izvoz cen in zaloge za splet
01:42:48  Zalogovni cikel koncan; padlih korakov: 0.
01:47:27  == Zaloga NW_STOCK ==
01:47:28     [NW_STOCK] preskoceno: Razmik dobavitelja se tece; naslednji prenos po 4. 09. 2026 02:42.
01:47:28     Prevzem koncan: uspesno 0, neuspesno 0, skupaj virov 1.
01:47:28     Prebranih zapisov: 2763; SHA-256: 220c974c90d12f3e3d394ef315c1e20d4af28951792a4b5e186bcd4b74e33254
01:47:29     STOCK_FILE pri podjetju 1: se ni na vrsti po razporedu; preskoceno.
01:47:29     Prebranih zapisov: 2763; SHA-256: 220c974c90d12f3e3d394ef315c1e20d4af28951792a4b5e186bcd4b74e33254
01:47:30     STOCK_FILE pri podjetju 2: se ni na vrsti po razporedu; preskoceno.
01:47:30     Prebranih zapisov: 2763; SHA-256: 220c974c90d12f3e3d394ef315c1e20d4af28951792a4b5e186bcd4b74e33254
01:47:31     STOCK_FILE pri podjetju 3: se ni na vrsti po razporedu; preskoceno.
01:47:31     Prebranih zapisov: 2763; SHA-256: 220c974c90d12f3e3d394ef315c1e20d4af28951792a4b5e186bcd4b74e33254
01:47:31     STOCK_FILE pri podjetju 4: se ni na vrsti po razporedu; preskoceno.
01:47:31     konec: Zaloga NW_STOCK
01:47:31  == Zaloga BT_STOCK ==
01:47:32     SOURCE_FETCH: se ni na vrsti po razporedu; preskoceno.
01:47:33     Prebranih zapisov: 1389; SHA-256: 87dc96ff135a90ff21281cf2e3d01cba9b89e36308560bfd15167c9a03d703ba
01:47:33     Ta posnetek je ze v bazi; vir=BT_STOCK, podjetje=1, cas posnetka=2026-09-03 15:17:35Z, uporabljenih=1389, v karanteni=0, RunId=5e288d2d-98ef-40e1-b33c-663e6d513e74. Zapisano ni bilo nic.
01:47:34     Prebranih zapisov: 1389; SHA-256: 87dc96ff135a90ff21281cf2e3d01cba9b89e36308560bfd15167c9a03d703ba
01:47:35     Ta posnetek je ze v bazi; vir=BT_STOCK, podjetje=2, cas posnetka=2026-09-03 15:17:35Z, uporabljenih=1389, v karanteni=0, RunId=3496c976-0c49-45c5-9f74-0ffd35e5d443. Zapisano ni bilo nic.
01:47:35     Prebranih zapisov: 1389; SHA-256: 87dc96ff135a90ff21281cf2e3d01cba9b89e36308560bfd15167c9a03d703ba
01:47:36     Ta posnetek je ze v bazi; vir=BT_STOCK, podjetje=3, cas posnetka=2026-09-03 15:17:35Z, uporabljenih=1389, v karanteni=0, RunId=3dd9ac1c-09dd-4827-b930-eb014cdb2746. Zapisano ni bilo nic.
01:47:36     Prebranih zapisov: 1389; SHA-256: 87dc96ff135a90ff21281cf2e3d01cba9b89e36308560bfd15167c9a03d703ba
01:47:37     Ta posnetek je ze v bazi; vir=BT_STOCK, podjetje=4, cas posnetka=2026-09-03 15:17:35Z, uporabljenih=1389, v karanteni=0, RunId=bec7f147-9b63-48d7-a0cc-8df0cb029c6c. Zapisano ni bilo nic.
01:47:37     konec: Zaloga BT_STOCK
01:47:37  == Zaloga iz SAOP (kolicine) ==
01:47:38     [1] SAOP_STOCK: se ni na vrsti po razporedu; preskoceno.
01:47:38     [2] SAOP_STOCK: se ni na vrsti po razporedu; preskoceno.
01:47:38     [3] SAOP_STOCK: se ni na vrsti po razporedu; preskoceno.
01:47:38     [4] SAOP_STOCK: se ni na vrsti po razporedu; preskoceno.
01:47:38     konec: Zaloga iz SAOP (kolicine)
01:47:38  == Izvoz cen in zaloge za splet ==
01:47:39     Izvoz profila MAGENTO_STOCK_PRICES končan: 352 vrstic v C:\Users\david\Desktop\PIM\NoviPIM\izvoz\magento\1
01:47:43     Izvoz profila MAGENTO_STOCK_PRICES končan: 2071 vrstic v C:\Users\david\Desktop\PIM\NoviPIM\izvoz\magento\2
01:47:46     Izvoz profila MAGENTO_STOCK_PRICES končan: 2488 vrstic v C:\Users\david\Desktop\PIM\NoviPIM\izvoz\magento\3
01:47:48     Izvoz profila MAGENTO_STOCK_PRICES končan: 0 vrstic v C:\Users\david\Desktop\PIM\NoviPIM\izvoz\magento\4
01:47:48     konec: Izvoz cen in zaloge za splet
01:47:48  Zalogovni cikel koncan; padlih korakov: 0.
01:52:27  == Zaloga NW_STOCK ==
01:52:28     SOURCE_FETCH: se ni na vrsti po razporedu; preskoceno.
01:52:28     Prebranih zapisov: 2763; SHA-256: 220c974c90d12f3e3d394ef315c1e20d4af28951792a4b5e186bcd4b74e33254
01:52:29     STOCK_FILE pri podjetju 1: se ni na vrsti po razporedu; preskoceno.
01:52:29     Prebranih zapisov: 2763; SHA-256: 220c974c90d12f3e3d394ef315c1e20d4af28951792a4b5e186bcd4b74e33254
01:52:30     STOCK_FILE pri podjetju 2: se ni na vrsti po razporedu; preskoceno.
01:52:30     Prebranih zapisov: 2763; SHA-256: 220c974c90d12f3e3d394ef315c1e20d4af28951792a4b5e186bcd4b74e33254
01:52:31     STOCK_FILE pri podjetju 3: se ni na vrsti po razporedu; preskoceno.
01:52:31     Prebranih zapisov: 2763; SHA-256: 220c974c90d12f3e3d394ef315c1e20d4af28951792a4b5e186bcd4b74e33254
01:52:31     STOCK_FILE pri podjetju 4: se ni na vrsti po razporedu; preskoceno.
01:52:31     konec: Zaloga NW_STOCK
01:52:31  == Zaloga BT_STOCK ==
01:52:32     [BT_STOCK] preskoceno: Razmik dobavitelja se tece; naslednji prenos po 4. 09. 2026 02:47.
01:52:32     Prevzem koncan: uspesno 0, neuspesno 0, skupaj virov 1.
01:52:33     Prebranih zapisov: 1389; SHA-256: 87dc96ff135a90ff21281cf2e3d01cba9b89e36308560bfd15167c9a03d703ba
01:52:33     STOCK_FILE pri podjetju 1: se ni na vrsti po razporedu; preskoceno.
01:52:34     Prebranih zapisov: 1389; SHA-256: 87dc96ff135a90ff21281cf2e3d01cba9b89e36308560bfd15167c9a03d703ba
01:52:34     STOCK_FILE pri podjetju 2: se ni na vrsti po razporedu; preskoceno.
01:52:35     Prebranih zapisov: 1389; SHA-256: 87dc96ff135a90ff21281cf2e3d01cba9b89e36308560bfd15167c9a03d703ba
01:52:35     STOCK_FILE pri podjetju 3: se ni na vrsti po razporedu; preskoceno.
01:52:36     Prebranih zapisov: 1389; SHA-256: 87dc96ff135a90ff21281cf2e3d01cba9b89e36308560bfd15167c9a03d703ba
01:52:36     STOCK_FILE pri podjetju 4: se ni na vrsti po razporedu; preskoceno.
01:52:36     konec: Zaloga BT_STOCK
01:52:36  == Zaloga iz SAOP (kolicine) ==
01:52:37     [1] SAOP_STOCK: se ni na vrsti po razporedu; preskoceno.
01:52:37     [2] SAOP_STOCK: se ni na vrsti po razporedu; preskoceno.
01:52:37     [3] SAOP_STOCK: se ni na vrsti po razporedu; preskoceno.
01:52:37     [4] SAOP_STOCK: se ni na vrsti po razporedu; preskoceno.
01:52:37     konec: Zaloga iz SAOP (kolicine)
01:52:37  == Izvoz cen in zaloge za splet ==
01:52:39     Izvoz profila MAGENTO_STOCK_PRICES končan: 352 vrstic v C:\Users\david\Desktop\PIM\NoviPIM\izvoz\magento\1
01:52:43     Izvoz profila MAGENTO_STOCK_PRICES končan: 2071 vrstic v C:\Users\david\Desktop\PIM\NoviPIM\izvoz\magento\2
01:52:46     Izvoz profila MAGENTO_STOCK_PRICES končan: 2488 vrstic v C:\Users\david\Desktop\PIM\NoviPIM\izvoz\magento\3
01:52:47     Izvoz profila MAGENTO_STOCK_PRICES končan: 0 vrstic v C:\Users\david\Desktop\PIM\NoviPIM\izvoz\magento\4
01:52:47     konec: Izvoz cen in zaloge za splet
01:52:47  Zalogovni cikel koncan; padlih korakov: 0.
01:57:27  == Zaloga NW_STOCK ==
01:57:28     SOURCE_FETCH: se ni na vrsti po razporedu; preskoceno.
01:57:28     Prebranih zapisov: 2763; SHA-256: 220c974c90d12f3e3d394ef315c1e20d4af28951792a4b5e186bcd4b74e33254
01:57:29     Ta posnetek je ze v bazi; vir=NW_STOCK, podjetje=1, cas posnetka=2026-09-03 22:42:28Z, uporabljenih=2763, v karanteni=0, RunId=ab077cf4-ce45-4b25-81ce-137c54dff502. Zapisano ni bilo nic.
01:57:29     Prebranih zapisov: 2763; SHA-256: 220c974c90d12f3e3d394ef315c1e20d4af28951792a4b5e186bcd4b74e33254
01:57:30     Ta posnetek je ze v bazi; vir=NW_STOCK, podjetje=2, cas posnetka=2026-09-03 22:42:28Z, uporabljenih=2763, v karanteni=0, RunId=f8b92ee0-ede5-4882-9f20-2d2cd2ef743a. Zapisano ni bilo nic.
01:57:30     Prebranih zapisov: 2763; SHA-256: 220c974c90d12f3e3d394ef315c1e20d4af28951792a4b5e186bcd4b74e33254
01:57:31     Ta posnetek je ze v bazi; vir=NW_STOCK, podjetje=3, cas posnetka=2026-09-03 22:42:28Z, uporabljenih=2763, v karanteni=0, RunId=0d98199c-37d4-4192-b519-334e62960fc6. Zapisano ni bilo nic.
01:57:31     Prebranih zapisov: 2763; SHA-256: 220c974c90d12f3e3d394ef315c1e20d4af28951792a4b5e186bcd4b74e33254
01:57:32     Ta posnetek je ze v bazi; vir=NW_STOCK, podjetje=4, cas posnetka=2026-09-03 22:42:28Z, uporabljenih=2763, v karanteni=0, RunId=2f072eba-799f-4fb5-a11b-725ff0de299f. Zapisano ni bilo nic.
01:57:32     konec: Zaloga NW_STOCK
01:57:32  == Zaloga BT_STOCK ==
01:57:33     [BT_STOCK] preskoceno: Razmik dobavitelja se tece; naslednji prenos po 4. 09. 2026 02:47.
01:57:33     Prevzem koncan: uspesno 0, neuspesno 0, skupaj virov 1.
01:57:34     Prebranih zapisov: 1389; SHA-256: 87dc96ff135a90ff21281cf2e3d01cba9b89e36308560bfd15167c9a03d703ba
01:57:34     STOCK_FILE pri podjetju 1: se ni na vrsti po razporedu; preskoceno.
01:57:34     Prebranih zapisov: 1389; SHA-256: 87dc96ff135a90ff21281cf2e3d01cba9b89e36308560bfd15167c9a03d703ba
01:57:35     STOCK_FILE pri podjetju 2: se ni na vrsti po razporedu; preskoceno.
01:57:35     Prebranih zapisov: 1389; SHA-256: 87dc96ff135a90ff21281cf2e3d01cba9b89e36308560bfd15167c9a03d703ba
01:57:36     STOCK_FILE pri podjetju 3: se ni na vrsti po razporedu; preskoceno.
01:57:36     Prebranih zapisov: 1389; SHA-256: 87dc96ff135a90ff21281cf2e3d01cba9b89e36308560bfd15167c9a03d703ba
01:57:37     STOCK_FILE pri podjetju 4: se ni na vrsti po razporedu; preskoceno.
01:57:37     konec: Zaloga BT_STOCK
01:57:37  == Zaloga iz SAOP (kolicine) ==
01:57:38     [1] SAOP_STOCK: se ni na vrsti po razporedu; preskoceno.
01:57:38     [2] SAOP_STOCK: se ni na vrsti po razporedu; preskoceno.
01:57:38     [3] SAOP_STOCK: se ni na vrsti po razporedu; preskoceno.
01:57:38     [4] SAOP_STOCK: se ni na vrsti po razporedu; preskoceno.
01:57:38     konec: Zaloga iz SAOP (kolicine)
01:57:38  == Izvoz cen in zaloge za splet ==
01:57:39     Izvoz profila MAGENTO_STOCK_PRICES končan: 352 vrstic v C:\Users\david\Desktop\PIM\NoviPIM\izvoz\magento\1
01:57:43     Izvoz profila MAGENTO_STOCK_PRICES končan: 2071 vrstic v C:\Users\david\Desktop\PIM\NoviPIM\izvoz\magento\2
01:57:46     Izvoz profila MAGENTO_STOCK_PRICES končan: 2488 vrstic v C:\Users\david\Desktop\PIM\NoviPIM\izvoz\magento\3
01:57:48     Izvoz profila MAGENTO_STOCK_PRICES končan: 0 vrstic v C:\Users\david\Desktop\PIM\NoviPIM\izvoz\magento\4
01:57:48     konec: Izvoz cen in zaloge za splet
01:57:48  Zalogovni cikel koncan; padlih korakov: 0.
02:02:27  == Zaloga NW_STOCK ==
02:02:28     SOURCE_FETCH: se ni na vrsti po razporedu; preskoceno.
02:02:28     Prebranih zapisov: 2763; SHA-256: 220c974c90d12f3e3d394ef315c1e20d4af28951792a4b5e186bcd4b74e33254
02:02:29     Ta posnetek je ze v bazi; vir=NW_STOCK, podjetje=1, cas posnetka=2026-09-03 22:42:28Z, uporabljenih=2763, v karanteni=0, RunId=ab077cf4-ce45-4b25-81ce-137c54dff502. Zapisano ni bilo nic.
02:02:29     Prebranih zapisov: 2763; SHA-256: 220c974c90d12f3e3d394ef315c1e20d4af28951792a4b5e186bcd4b74e33254
02:02:30     Ta posnetek je ze v bazi; vir=NW_STOCK, podjetje=2, cas posnetka=2026-09-03 22:42:28Z, uporabljenih=2763, v karanteni=0, RunId=f8b92ee0-ede5-4882-9f20-2d2cd2ef743a. Zapisano ni bilo nic.
02:02:31     Prebranih zapisov: 2763; SHA-256: 220c974c90d12f3e3d394ef315c1e20d4af28951792a4b5e186bcd4b74e33254
02:02:31     Ta posnetek je ze v bazi; vir=NW_STOCK, podjetje=3, cas posnetka=2026-09-03 22:42:28Z, uporabljenih=2763, v karanteni=0, RunId=0d98199c-37d4-4192-b519-334e62960fc6. Zapisano ni bilo nic.
02:02:32     Prebranih zapisov: 2763; SHA-256: 220c974c90d12f3e3d394ef315c1e20d4af28951792a4b5e186bcd4b74e33254
02:02:32     Ta posnetek je ze v bazi; vir=NW_STOCK, podjetje=4, cas posnetka=2026-09-03 22:42:28Z, uporabljenih=2763, v karanteni=0, RunId=2f072eba-799f-4fb5-a11b-725ff0de299f. Zapisano ni bilo nic.
02:02:32     konec: Zaloga NW_STOCK
02:02:32  == Zaloga BT_STOCK ==
02:02:33     [BT_STOCK] preskoceno: Razmik dobavitelja se tece; naslednji prenos po 4. 09. 2026 02:47.
02:02:33     Prevzem koncan: uspesno 0, neuspesno 0, skupaj virov 1.
02:02:34     Prebranih zapisov: 1389; SHA-256: 87dc96ff135a90ff21281cf2e3d01cba9b89e36308560bfd15167c9a03d703ba
02:02:34     STOCK_FILE pri podjetju 1: se ni na vrsti po razporedu; preskoceno.
02:02:35     Prebranih zapisov: 1389; SHA-256: 87dc96ff135a90ff21281cf2e3d01cba9b89e36308560bfd15167c9a03d703ba
02:02:35     STOCK_FILE pri podjetju 2: se ni na vrsti po razporedu; preskoceno.
02:02:36     Prebranih zapisov: 1389; SHA-256: 87dc96ff135a90ff21281cf2e3d01cba9b89e36308560bfd15167c9a03d703ba
02:02:36     STOCK_FILE pri podjetju 3: se ni na vrsti po razporedu; preskoceno.
02:02:37     Prebranih zapisov: 1389; SHA-256: 87dc96ff135a90ff21281cf2e3d01cba9b89e36308560bfd15167c9a03d703ba
02:02:37     STOCK_FILE pri podjetju 4: se ni na vrsti po razporedu; preskoceno.
02:02:37     konec: Zaloga BT_STOCK
02:02:37  == Zaloga iz SAOP (kolicine) ==
02:02:38     [1] SAOP_STOCK: se ni na vrsti po razporedu; preskoceno.
02:02:38     [2] SAOP_STOCK: se ni na vrsti po razporedu; preskoceno.
02:02:38     [3] SAOP_STOCK: se ni na vrsti po razporedu; preskoceno.
02:02:38     [4] SAOP_STOCK: se ni na vrsti po razporedu; preskoceno.
02:02:38     konec: Zaloga iz SAOP (kolicine)
02:02:38  == Izvoz cen in zaloge za splet ==
02:02:39     Izvoz profila MAGENTO_STOCK_PRICES končan: 352 vrstic v C:\Users\david\Desktop\PIM\NoviPIM\izvoz\magento\1
02:02:43     Izvoz profila MAGENTO_STOCK_PRICES končan: 2071 vrstic v C:\Users\david\Desktop\PIM\NoviPIM\izvoz\magento\2
02:02:47     Izvoz profila MAGENTO_STOCK_PRICES končan: 2488 vrstic v C:\Users\david\Desktop\PIM\NoviPIM\izvoz\magento\3
02:02:48     Izvoz profila MAGENTO_STOCK_PRICES končan: 0 vrstic v C:\Users\david\Desktop\PIM\NoviPIM\izvoz\magento\4
02:02:48     konec: Izvoz cen in zaloge za splet
02:02:48  Zalogovni cikel koncan; padlih korakov: 0.
02:07:27  == Zaloga NW_STOCK ==
02:07:28     SOURCE_FETCH: se ni na vrsti po razporedu; preskoceno.
02:07:28     Prebranih zapisov: 2763; SHA-256: 220c974c90d12f3e3d394ef315c1e20d4af28951792a4b5e186bcd4b74e33254
02:07:29     STOCK_FILE pri podjetju 1: se ni na vrsti po razporedu; preskoceno.
02:07:29     Prebranih zapisov: 2763; SHA-256: 220c974c90d12f3e3d394ef315c1e20d4af28951792a4b5e186bcd4b74e33254
02:07:30     STOCK_FILE pri podjetju 2: se ni na vrsti po razporedu; preskoceno.
02:07:30     Prebranih zapisov: 2763; SHA-256: 220c974c90d12f3e3d394ef315c1e20d4af28951792a4b5e186bcd4b74e33254
02:07:31     STOCK_FILE pri podjetju 3: se ni na vrsti po razporedu; preskoceno.
02:07:31     Prebranih zapisov: 2763; SHA-256: 220c974c90d12f3e3d394ef315c1e20d4af28951792a4b5e186bcd4b74e33254
02:07:31     STOCK_FILE pri podjetju 4: se ni na vrsti po razporedu; preskoceno.
02:07:32     konec: Zaloga NW_STOCK
02:07:32  == Zaloga BT_STOCK ==
02:07:32     SOURCE_FETCH: se ni na vrsti po razporedu; preskoceno.
02:07:33     Prebranih zapisov: 1389; SHA-256: 87dc96ff135a90ff21281cf2e3d01cba9b89e36308560bfd15167c9a03d703ba
02:07:34     Ta posnetek je ze v bazi; vir=BT_STOCK, podjetje=1, cas posnetka=2026-09-03 15:17:35Z, uporabljenih=1389, v karanteni=0, RunId=5e288d2d-98ef-40e1-b33c-663e6d513e74. Zapisano ni bilo nic.
02:07:34     Prebranih zapisov: 1389; SHA-256: 87dc96ff135a90ff21281cf2e3d01cba9b89e36308560bfd15167c9a03d703ba
02:07:35     Ta posnetek je ze v bazi; vir=BT_STOCK, podjetje=2, cas posnetka=2026-09-03 15:17:35Z, uporabljenih=1389, v karanteni=0, RunId=3496c976-0c49-45c5-9f74-0ffd35e5d443. Zapisano ni bilo nic.
02:07:35     Prebranih zapisov: 1389; SHA-256: 87dc96ff135a90ff21281cf2e3d01cba9b89e36308560bfd15167c9a03d703ba
02:07:36     Ta posnetek je ze v bazi; vir=BT_STOCK, podjetje=3, cas posnetka=2026-09-03 15:17:35Z, uporabljenih=1389, v karanteni=0, RunId=3dd9ac1c-09dd-4827-b930-eb014cdb2746. Zapisano ni bilo nic.
02:07:36     Prebranih zapisov: 1389; SHA-256: 87dc96ff135a90ff21281cf2e3d01cba9b89e36308560bfd15167c9a03d703ba
02:07:37     Ta posnetek je ze v bazi; vir=BT_STOCK, podjetje=4, cas posnetka=2026-09-03 15:17:35Z, uporabljenih=1389, v karanteni=0, RunId=bec7f147-9b63-48d7-a0cc-8df0cb029c6c. Zapisano ni bilo nic.
02:07:37     konec: Zaloga BT_STOCK
02:07:37  == Zaloga iz SAOP (kolicine) ==
02:07:38     [1] SAOP_STOCK: se ni na vrsti po razporedu; preskoceno.
02:07:38     [2] SAOP_STOCK: se ni na vrsti po razporedu; preskoceno.
02:07:38     [3] SAOP_STOCK: se ni na vrsti po razporedu; preskoceno.
02:07:38     [4] SAOP_STOCK: se ni na vrsti po razporedu; preskoceno.
02:07:38     konec: Zaloga iz SAOP (kolicine)
02:07:38  == Izvoz cen in zaloge za splet ==
02:07:39     Izvoz profila MAGENTO_STOCK_PRICES končan: 352 vrstic v C:\Users\david\Desktop\PIM\NoviPIM\izvoz\magento\1
02:07:43     Izvoz profila MAGENTO_STOCK_PRICES končan: 2071 vrstic v C:\Users\david\Desktop\PIM\NoviPIM\izvoz\magento\2
02:07:46     Izvoz profila MAGENTO_STOCK_PRICES končan: 2488 vrstic v C:\Users\david\Desktop\PIM\NoviPIM\izvoz\magento\3
02:07:48     Izvoz profila MAGENTO_STOCK_PRICES končan: 0 vrstic v C:\Users\david\Desktop\PIM\NoviPIM\izvoz\magento\4
02:07:48     konec: Izvoz cen in zaloge za splet
02:07:48  Zalogovni cikel koncan; padlih korakov: 0.
02:12:27  == Zaloga NW_STOCK ==
02:12:28     [NW_STOCK] preskoceno: Razmik dobavitelja se tece; naslednji prenos po 4. 09. 2026 02:42.
02:12:28     Prevzem koncan: uspesno 0, neuspesno 0, skupaj virov 1.
02:12:28     Prebranih zapisov: 2763; SHA-256: 220c974c90d12f3e3d394ef315c1e20d4af28951792a4b5e186bcd4b74e33254
02:12:29     STOCK_FILE pri podjetju 1: se ni na vrsti po razporedu; preskoceno.
02:12:29     Prebranih zapisov: 2763; SHA-256: 220c974c90d12f3e3d394ef315c1e20d4af28951792a4b5e186bcd4b74e33254
02:12:30     STOCK_FILE pri podjetju 2: se ni na vrsti po razporedu; preskoceno.
02:12:30     Prebranih zapisov: 2763; SHA-256: 220c974c90d12f3e3d394ef315c1e20d4af28951792a4b5e186bcd4b74e33254
02:12:31     STOCK_FILE pri podjetju 3: se ni na vrsti po razporedu; preskoceno.
02:12:31     Prebranih zapisov: 2763; SHA-256: 220c974c90d12f3e3d394ef315c1e20d4af28951792a4b5e186bcd4b74e33254
02:12:32     STOCK_FILE pri podjetju 4: se ni na vrsti po razporedu; preskoceno.
02:12:32     konec: Zaloga NW_STOCK
02:12:32  == Zaloga BT_STOCK ==
02:12:32     SOURCE_FETCH: se ni na vrsti po razporedu; preskoceno.
02:12:33     Prebranih zapisov: 1389; SHA-256: 87dc96ff135a90ff21281cf2e3d01cba9b89e36308560bfd15167c9a03d703ba
02:12:34     Ta posnetek je ze v bazi; vir=BT_STOCK, podjetje=1, cas posnetka=2026-09-03 15:17:35Z, uporabljenih=1389, v karanteni=0, RunId=5e288d2d-98ef-40e1-b33c-663e6d513e74. Zapisano ni bilo nic.
02:12:34     Prebranih zapisov: 1389; SHA-256: 87dc96ff135a90ff21281cf2e3d01cba9b89e36308560bfd15167c9a03d703ba
02:12:35     Ta posnetek je ze v bazi; vir=BT_STOCK, podjetje=2, cas posnetka=2026-09-03 15:17:35Z, uporabljenih=1389, v karanteni=0, RunId=3496c976-0c49-45c5-9f74-0ffd35e5d443. Zapisano ni bilo nic.
02:12:35     Prebranih zapisov: 1389; SHA-256: 87dc96ff135a90ff21281cf2e3d01cba9b89e36308560bfd15167c9a03d703ba
02:12:36     Ta posnetek je ze v bazi; vir=BT_STOCK, podjetje=3, cas posnetka=2026-09-03 15:17:35Z, uporabljenih=1389, v karanteni=0, RunId=3dd9ac1c-09dd-4827-b930-eb014cdb2746. Zapisano ni bilo nic.
02:12:36     Prebranih zapisov: 1389; SHA-256: 87dc96ff135a90ff21281cf2e3d01cba9b89e36308560bfd15167c9a03d703ba
02:12:37     Ta posnetek je ze v bazi; vir=BT_STOCK, podjetje=4, cas posnetka=2026-09-03 15:17:35Z, uporabljenih=1389, v karanteni=0, RunId=bec7f147-9b63-48d7-a0cc-8df0cb029c6c. Zapisano ni bilo nic.
02:12:37     konec: Zaloga BT_STOCK
02:12:37  == Zaloga iz SAOP (kolicine) ==
02:12:38     [1] SAOP_STOCK: se ni na vrsti po razporedu; preskoceno.
02:12:38     [2] SAOP_STOCK: se ni na vrsti po razporedu; preskoceno.
02:12:38     [3] SAOP_STOCK: se ni na vrsti po razporedu; preskoceno.
02:12:38     [4] SAOP_STOCK: se ni na vrsti po razporedu; preskoceno.
02:12:38     konec: Zaloga iz SAOP (kolicine)
02:12:38  == Izvoz cen in zaloge za splet ==
02:12:39     Izvoz profila MAGENTO_STOCK_PRICES končan: 352 vrstic v C:\Users\david\Desktop\PIM\NoviPIM\izvoz\magento\1
02:12:43     Izvoz profila MAGENTO_STOCK_PRICES končan: 2071 vrstic v C:\Users\david\Desktop\PIM\NoviPIM\izvoz\magento\2
02:12:47     Izvoz profila MAGENTO_STOCK_PRICES končan: 2488 vrstic v C:\Users\david\Desktop\PIM\NoviPIM\izvoz\magento\3
02:12:48     Izvoz profila MAGENTO_STOCK_PRICES končan: 0 vrstic v C:\Users\david\Desktop\PIM\NoviPIM\izvoz\magento\4
02:12:48     konec: Izvoz cen in zaloge za splet
02:12:48  Zalogovni cikel koncan; padlih korakov: 0.
02:17:27  == Zaloga NW_STOCK ==
02:17:28     [NW_STOCK] preskoceno: Razmik dobavitelja se tece; naslednji prenos po 4. 09. 2026 02:42.
02:17:28     Prevzem koncan: uspesno 0, neuspesno 0, skupaj virov 1.
02:17:29     Prebranih zapisov: 2763; SHA-256: 220c974c90d12f3e3d394ef315c1e20d4af28951792a4b5e186bcd4b74e33254
02:17:29     STOCK_FILE pri podjetju 1: se ni na vrsti po razporedu; preskoceno.
02:17:30     Prebranih zapisov: 2763; SHA-256: 220c974c90d12f3e3d394ef315c1e20d4af28951792a4b5e186bcd4b74e33254
02:17:30     STOCK_FILE pri podjetju 2: se ni na vrsti po razporedu; preskoceno.
02:17:31     Prebranih zapisov: 2763; SHA-256: 220c974c90d12f3e3d394ef315c1e20d4af28951792a4b5e186bcd4b74e33254
02:17:31     STOCK_FILE pri podjetju 3: se ni na vrsti po razporedu; preskoceno.
02:17:32     Prebranih zapisov: 2763; SHA-256: 220c974c90d12f3e3d394ef315c1e20d4af28951792a4b5e186bcd4b74e33254
02:17:32     STOCK_FILE pri podjetju 4: se ni na vrsti po razporedu; preskoceno.
02:17:32     konec: Zaloga NW_STOCK
02:17:32  == Zaloga BT_STOCK ==
02:17:33     SOURCE_FETCH: se ni na vrsti po razporedu; preskoceno.
02:17:33     Prebranih zapisov: 1389; SHA-256: 87dc96ff135a90ff21281cf2e3d01cba9b89e36308560bfd15167c9a03d703ba
02:17:34     Ta posnetek je ze v bazi; vir=BT_STOCK, podjetje=1, cas posnetka=2026-09-03 15:17:35Z, uporabljenih=1389, v karanteni=0, RunId=5e288d2d-98ef-40e1-b33c-663e6d513e74. Zapisano ni bilo nic.
02:17:35     Prebranih zapisov: 1389; SHA-256: 87dc96ff135a90ff21281cf2e3d01cba9b89e36308560bfd15167c9a03d703ba
02:17:35     Ta posnetek je ze v bazi; vir=BT_STOCK, podjetje=2, cas posnetka=2026-09-03 15:17:35Z, uporabljenih=1389, v karanteni=0, RunId=3496c976-0c49-45c5-9f74-0ffd35e5d443. Zapisano ni bilo nic.
02:17:36     Prebranih zapisov: 1389; SHA-256: 87dc96ff135a90ff21281cf2e3d01cba9b89e36308560bfd15167c9a03d703ba
02:17:36     Ta posnetek je ze v bazi; vir=BT_STOCK, podjetje=3, cas posnetka=2026-09-03 15:17:35Z, uporabljenih=1389, v karanteni=0, RunId=3dd9ac1c-09dd-4827-b930-eb014cdb2746. Zapisano ni bilo nic.
02:17:37     Prebranih zapisov: 1389; SHA-256: 87dc96ff135a90ff21281cf2e3d01cba9b89e36308560bfd15167c9a03d703ba
02:17:37     Ta posnetek je ze v bazi; vir=BT_STOCK, podjetje=4, cas posnetka=2026-09-03 15:17:35Z, uporabljenih=1389, v karanteni=0, RunId=bec7f147-9b63-48d7-a0cc-8df0cb029c6c. Zapisano ni bilo nic.
02:17:37     konec: Zaloga BT_STOCK
02:17:37  == Zaloga iz SAOP (kolicine) ==
02:17:38     [1] SAOP_STOCK: se ni na vrsti po razporedu; preskoceno.
02:17:38     [2] SAOP_STOCK: se ni na vrsti po razporedu; preskoceno.
02:17:38     [3] SAOP_STOCK: se ni na vrsti po razporedu; preskoceno.
02:17:38     [4] SAOP_STOCK: se ni na vrsti po razporedu; preskoceno.
02:17:38     konec: Zaloga iz SAOP (kolicine)
02:17:38  == Izvoz cen in zaloge za splet ==
02:17:40     Izvoz profila MAGENTO_STOCK_PRICES končan: 352 vrstic v C:\Users\david\Desktop\PIM\NoviPIM\izvoz\magento\1
02:17:44     Izvoz profila MAGENTO_STOCK_PRICES končan: 2071 vrstic v C:\Users\david\Desktop\PIM\NoviPIM\izvoz\magento\2
02:17:47     Izvoz profila MAGENTO_STOCK_PRICES končan: 2488 vrstic v C:\Users\david\Desktop\PIM\NoviPIM\izvoz\magento\3
02:17:48     Izvoz profila MAGENTO_STOCK_PRICES končan: 0 vrstic v C:\Users\david\Desktop\PIM\NoviPIM\izvoz\magento\4
02:17:48     konec: Izvoz cen in zaloge za splet
02:17:48  Zalogovni cikel koncan; padlih korakov: 0.
02:22:27  == Zaloga NW_STOCK ==
02:22:28     SOURCE_FETCH: se ni na vrsti po razporedu; preskoceno.
02:22:29     Prebranih zapisov: 2763; SHA-256: 220c974c90d12f3e3d394ef315c1e20d4af28951792a4b5e186bcd4b74e33254
02:22:29     STOCK_FILE pri podjetju 1: se ni na vrsti po razporedu; preskoceno.
02:22:30     Prebranih zapisov: 2763; SHA-256: 220c974c90d12f3e3d394ef315c1e20d4af28951792a4b5e186bcd4b74e33254
02:22:30     STOCK_FILE pri podjetju 2: se ni na vrsti po razporedu; preskoceno.
02:22:30     Prebranih zapisov: 2763; SHA-256: 220c974c90d12f3e3d394ef315c1e20d4af28951792a4b5e186bcd4b74e33254
02:22:31     STOCK_FILE pri podjetju 3: se ni na vrsti po razporedu; preskoceno.
02:22:31     Prebranih zapisov: 2763; SHA-256: 220c974c90d12f3e3d394ef315c1e20d4af28951792a4b5e186bcd4b74e33254
02:22:32     STOCK_FILE pri podjetju 4: se ni na vrsti po razporedu; preskoceno.
02:22:32     konec: Zaloga NW_STOCK
02:22:32  == Zaloga BT_STOCK ==
02:22:33     [BT_STOCK] preskoceno: Razmik dobavitelja se tece; naslednji prenos po 4. 09. 2026 02:47.
02:22:33     Prevzem koncan: uspesno 0, neuspesno 0, skupaj virov 1.
02:22:33     Prebranih zapisov: 1389; SHA-256: 87dc96ff135a90ff21281cf2e3d01cba9b89e36308560bfd15167c9a03d703ba
02:22:34     STOCK_FILE pri podjetju 1: se ni na vrsti po razporedu; preskoceno.
02:22:34     Prebranih zapisov: 1389; SHA-256: 87dc96ff135a90ff21281cf2e3d01cba9b89e36308560bfd15167c9a03d703ba
02:22:35     STOCK_FILE pri podjetju 2: se ni na vrsti po razporedu; preskoceno.
02:22:35     Prebranih zapisov: 1389; SHA-256: 87dc96ff135a90ff21281cf2e3d01cba9b89e36308560bfd15167c9a03d703ba
02:22:36     STOCK_FILE pri podjetju 3: se ni na vrsti po razporedu; preskoceno.
02:22:36     Prebranih zapisov: 1389; SHA-256: 87dc96ff135a90ff21281cf2e3d01cba9b89e36308560bfd15167c9a03d703ba
02:22:37     STOCK_FILE pri podjetju 4: se ni na vrsti po razporedu; preskoceno.
02:22:37     konec: Zaloga BT_STOCK
02:22:37  == Zaloga iz SAOP (kolicine) ==
02:22:38     [1] SAOP_STOCK: se ni na vrsti po razporedu; preskoceno.
02:22:38     [2] SAOP_STOCK: se ni na vrsti po razporedu; preskoceno.
02:22:38     [3] SAOP_STOCK: se ni na vrsti po razporedu; preskoceno.
02:22:38     [4] SAOP_STOCK: se ni na vrsti po razporedu; preskoceno.
02:22:38     konec: Zaloga iz SAOP (kolicine)
02:22:38  == Izvoz cen in zaloge za splet ==
02:22:39     Izvoz profila MAGENTO_STOCK_PRICES končan: 352 vrstic v C:\Users\david\Desktop\PIM\NoviPIM\izvoz\magento\1
02:22:43     Izvoz profila MAGENTO_STOCK_PRICES končan: 2071 vrstic v C:\Users\david\Desktop\PIM\NoviPIM\izvoz\magento\2
02:22:47     Izvoz profila MAGENTO_STOCK_PRICES končan: 2488 vrstic v C:\Users\david\Desktop\PIM\NoviPIM\izvoz\magento\3
02:22:48     Izvoz profila MAGENTO_STOCK_PRICES končan: 0 vrstic v C:\Users\david\Desktop\PIM\NoviPIM\izvoz\magento\4
02:22:48     konec: Izvoz cen in zaloge za splet
02:22:48  Zalogovni cikel koncan; padlih korakov: 0.
02:27:29  == Zaloga NW_STOCK ==
02:27:32     SOURCE_FETCH: se ni na vrsti po razporedu; preskoceno.
02:27:34     Prebranih zapisov: 2763; SHA-256: 220c974c90d12f3e3d394ef315c1e20d4af28951792a4b5e186bcd4b74e33254
02:27:35     Ta posnetek je ze v bazi; vir=NW_STOCK, podjetje=1, cas posnetka=2026-09-03 22:42:28Z, uporabljenih=2763, v karanteni=0, RunId=ab077cf4-ce45-4b25-81ce-137c54dff502. Zapisano ni bilo nic.
02:27:37     Prebranih zapisov: 2763; SHA-256: 220c974c90d12f3e3d394ef315c1e20d4af28951792a4b5e186bcd4b74e33254
02:27:38     Ta posnetek je ze v bazi; vir=NW_STOCK, podjetje=2, cas posnetka=2026-09-03 22:42:28Z, uporabljenih=2763, v karanteni=0, RunId=f8b92ee0-ede5-4882-9f20-2d2cd2ef743a. Zapisano ni bilo nic.
02:27:39     Prebranih zapisov: 2763; SHA-256: 220c974c90d12f3e3d394ef315c1e20d4af28951792a4b5e186bcd4b74e33254
02:27:39     Ta posnetek je ze v bazi; vir=NW_STOCK, podjetje=3, cas posnetka=2026-09-03 22:42:28Z, uporabljenih=2763, v karanteni=0, RunId=0d98199c-37d4-4192-b519-334e62960fc6. Zapisano ni bilo nic.
02:27:40     Prebranih zapisov: 2763; SHA-256: 220c974c90d12f3e3d394ef315c1e20d4af28951792a4b5e186bcd4b74e33254
02:27:41     Ta posnetek je ze v bazi; vir=NW_STOCK, podjetje=4, cas posnetka=2026-09-03 22:42:28Z, uporabljenih=2763, v karanteni=0, RunId=2f072eba-799f-4fb5-a11b-725ff0de299f. Zapisano ni bilo nic.
02:27:41     konec: Zaloga NW_STOCK
02:27:41  == Zaloga BT_STOCK ==
02:27:42     [BT_STOCK] preskoceno: Razmik dobavitelja se tece; naslednji prenos po 4. 09. 2026 02:47.
02:27:42     Prevzem koncan: uspesno 0, neuspesno 0, skupaj virov 1.
02:27:44     Prebranih zapisov: 1389; SHA-256: 87dc96ff135a90ff21281cf2e3d01cba9b89e36308560bfd15167c9a03d703ba
02:27:44     STOCK_FILE pri podjetju 1: se ni na vrsti po razporedu; preskoceno.
02:27:45     Prebranih zapisov: 1389; SHA-256: 87dc96ff135a90ff21281cf2e3d01cba9b89e36308560bfd15167c9a03d703ba
02:27:46     STOCK_FILE pri podjetju 2: se ni na vrsti po razporedu; preskoceno.
02:27:47     Prebranih zapisov: 1389; SHA-256: 87dc96ff135a90ff21281cf2e3d01cba9b89e36308560bfd15167c9a03d703ba
02:27:48     STOCK_FILE pri podjetju 3: se ni na vrsti po razporedu; preskoceno.
02:27:49     Prebranih zapisov: 1389; SHA-256: 87dc96ff135a90ff21281cf2e3d01cba9b89e36308560bfd15167c9a03d703ba
02:27:50     STOCK_FILE pri podjetju 4: se ni na vrsti po razporedu; preskoceno.
02:27:50     konec: Zaloga BT_STOCK
02:27:50  == Zaloga iz SAOP (kolicine) ==
02:27:51     [1] SAOP_STOCK: se ni na vrsti po razporedu; preskoceno.
02:27:51     [2] SAOP_STOCK: se ni na vrsti po razporedu; preskoceno.
02:27:51     [3] SAOP_STOCK: se ni na vrsti po razporedu; preskoceno.
02:27:51     [4] SAOP_STOCK: se ni na vrsti po razporedu; preskoceno.
02:27:51     konec: Zaloga iz SAOP (kolicine)
02:27:51  == Izvoz cen in zaloge za splet ==
02:27:54     Izvoz profila MAGENTO_STOCK_PRICES končan: 352 vrstic v C:\Users\david\Desktop\PIM\NoviPIM\izvoz\magento\1
02:27:58     Izvoz profila MAGENTO_STOCK_PRICES končan: 2071 vrstic v C:\Users\david\Desktop\PIM\NoviPIM\izvoz\magento\2
02:28:03     Izvoz profila MAGENTO_STOCK_PRICES končan: 2488 vrstic v C:\Users\david\Desktop\PIM\NoviPIM\izvoz\magento\3
02:28:06     Izvoz profila MAGENTO_STOCK_PRICES končan: 0 vrstic v C:\Users\david\Desktop\PIM\NoviPIM\izvoz\magento\4
02:28:06     konec: Izvoz cen in zaloge za splet
02:28:06  Zalogovni cikel koncan; padlih korakov: 0.
02:32:27  == Zaloga NW_STOCK ==
02:32:29     SOURCE_FETCH: se ni na vrsti po razporedu; preskoceno.
02:32:30     Prebranih zapisov: 2763; SHA-256: 220c974c90d12f3e3d394ef315c1e20d4af28951792a4b5e186bcd4b74e33254
02:32:30     STOCK_FILE pri podjetju 1: se ni na vrsti po razporedu; preskoceno.
02:32:31     Prebranih zapisov: 2763; SHA-256: 220c974c90d12f3e3d394ef315c1e20d4af28951792a4b5e186bcd4b74e33254
02:32:31     STOCK_FILE pri podjetju 2: se ni na vrsti po razporedu; preskoceno.
02:32:32     Prebranih zapisov: 2763; SHA-256: 220c974c90d12f3e3d394ef315c1e20d4af28951792a4b5e186bcd4b74e33254
02:32:32     STOCK_FILE pri podjetju 3: se ni na vrsti po razporedu; preskoceno.
02:32:33     Prebranih zapisov: 2763; SHA-256: 220c974c90d12f3e3d394ef315c1e20d4af28951792a4b5e186bcd4b74e33254
02:32:33     STOCK_FILE pri podjetju 4: se ni na vrsti po razporedu; preskoceno.
02:32:33     konec: Zaloga NW_STOCK
02:32:33  == Zaloga BT_STOCK ==
02:32:34     SOURCE_FETCH: se ni na vrsti po razporedu; preskoceno.
02:32:35     Prebranih zapisov: 1389; SHA-256: 87dc96ff135a90ff21281cf2e3d01cba9b89e36308560bfd15167c9a03d703ba
02:32:35     Ta posnetek je ze v bazi; vir=BT_STOCK, podjetje=1, cas posnetka=2026-09-03 15:17:35Z, uporabljenih=1389, v karanteni=0, RunId=5e288d2d-98ef-40e1-b33c-663e6d513e74. Zapisano ni bilo nic.
02:32:36     Prebranih zapisov: 1389; SHA-256: 87dc96ff135a90ff21281cf2e3d01cba9b89e36308560bfd15167c9a03d703ba
02:32:36     STOCK_FILE pri podjetju 2: se ni na vrsti po razporedu; preskoceno.
02:32:37     Prebranih zapisov: 1389; SHA-256: 87dc96ff135a90ff21281cf2e3d01cba9b89e36308560bfd15167c9a03d703ba
02:32:37     STOCK_FILE pri podjetju 3: se ni na vrsti po razporedu; preskoceno.
02:32:38     Prebranih zapisov: 1389; SHA-256: 87dc96ff135a90ff21281cf2e3d01cba9b89e36308560bfd15167c9a03d703ba
02:32:38     STOCK_FILE pri podjetju 4: se ni na vrsti po razporedu; preskoceno.
02:32:38     konec: Zaloga BT_STOCK
02:32:38  == Zaloga iz SAOP (kolicine) ==
02:32:39     [1] SAOP_STOCK: se ni na vrsti po razporedu; preskoceno.
02:32:39     [2] SAOP_STOCK: se ni na vrsti po razporedu; preskoceno.
02:32:39     [3] SAOP_STOCK: se ni na vrsti po razporedu; preskoceno.
02:32:39     [4] SAOP_STOCK: se ni na vrsti po razporedu; preskoceno.
02:32:40     konec: Zaloga iz SAOP (kolicine)
02:32:40  == Izvoz cen in zaloge za splet ==
02:32:41     Izvoz profila MAGENTO_STOCK_PRICES končan: 352 vrstic v C:\Users\david\Desktop\PIM\NoviPIM\izvoz\magento\1
02:32:45     Izvoz profila MAGENTO_STOCK_PRICES končan: 2071 vrstic v C:\Users\david\Desktop\PIM\NoviPIM\izvoz\magento\2
02:32:49     Izvoz profila MAGENTO_STOCK_PRICES končan: 2488 vrstic v C:\Users\david\Desktop\PIM\NoviPIM\izvoz\magento\3
02:32:50     Izvoz profila MAGENTO_STOCK_PRICES končan: 0 vrstic v C:\Users\david\Desktop\PIM\NoviPIM\izvoz\magento\4
02:32:50     konec: Izvoz cen in zaloge za splet
02:32:50  Zalogovni cikel koncan; padlih korakov: 0.
02:37:27  == Zaloga NW_STOCK ==
02:37:28     SOURCE_FETCH: se ni na vrsti po razporedu; preskoceno.
02:37:29     Prebranih zapisov: 2763; SHA-256: 220c974c90d12f3e3d394ef315c1e20d4af28951792a4b5e186bcd4b74e33254
02:37:30     STOCK_FILE pri podjetju 1: se ni na vrsti po razporedu; preskoceno.
02:37:31     Prebranih zapisov: 2763; SHA-256: 220c974c90d12f3e3d394ef315c1e20d4af28951792a4b5e186bcd4b74e33254
02:37:31     STOCK_FILE pri podjetju 2: se ni na vrsti po razporedu; preskoceno.
02:37:31     Prebranih zapisov: 2763; SHA-256: 220c974c90d12f3e3d394ef315c1e20d4af28951792a4b5e186bcd4b74e33254
02:37:32     STOCK_FILE pri podjetju 3: se ni na vrsti po razporedu; preskoceno.
02:37:32     Prebranih zapisov: 2763; SHA-256: 220c974c90d12f3e3d394ef315c1e20d4af28951792a4b5e186bcd4b74e33254
02:37:33     STOCK_FILE pri podjetju 4: se ni na vrsti po razporedu; preskoceno.
02:37:33     konec: Zaloga NW_STOCK
02:37:33  == Zaloga BT_STOCK ==
02:37:34     SOURCE_FETCH: se ni na vrsti po razporedu; preskoceno.
02:37:34     Prebranih zapisov: 1389; SHA-256: 87dc96ff135a90ff21281cf2e3d01cba9b89e36308560bfd15167c9a03d703ba
02:37:35     STOCK_FILE pri podjetju 1: se ni na vrsti po razporedu; preskoceno.
02:37:35     Prebranih zapisov: 1389; SHA-256: 87dc96ff135a90ff21281cf2e3d01cba9b89e36308560bfd15167c9a03d703ba
02:37:36     STOCK_FILE pri podjetju 2: se ni na vrsti po razporedu; preskoceno.
02:37:36     Prebranih zapisov: 1389; SHA-256: 87dc96ff135a90ff21281cf2e3d01cba9b89e36308560bfd15167c9a03d703ba
02:37:37     STOCK_FILE pri podjetju 3: se ni na vrsti po razporedu; preskoceno.
02:37:38     Prebranih zapisov: 1389; SHA-256: 87dc96ff135a90ff21281cf2e3d01cba9b89e36308560bfd15167c9a03d703ba
02:37:38     STOCK_FILE pri podjetju 4: se ni na vrsti po razporedu; preskoceno.
02:37:38     konec: Zaloga BT_STOCK
02:37:38  == Zaloga iz SAOP (kolicine) ==
02:37:40     [1] SAOP_STOCK: se ni na vrsti po razporedu; preskoceno.
02:37:40     [2] SAOP_STOCK: se ni na vrsti po razporedu; preskoceno.
02:37:40     [3] SAOP_STOCK: se ni na vrsti po razporedu; preskoceno.
02:37:40     [4] SAOP_STOCK: se ni na vrsti po razporedu; preskoceno.
02:37:40     konec: Zaloga iz SAOP (kolicine)
02:37:40  == Izvoz cen in zaloge za splet ==
02:37:44     Izvoz profila MAGENTO_STOCK_PRICES končan: 352 vrstic v C:\Users\david\Desktop\PIM\NoviPIM\izvoz\magento\1
02:37:49     Izvoz profila MAGENTO_STOCK_PRICES končan: 2071 vrstic v C:\Users\david\Desktop\PIM\NoviPIM\izvoz\magento\2
02:37:54     Izvoz profila MAGENTO_STOCK_PRICES končan: 2488 vrstic v C:\Users\david\Desktop\PIM\NoviPIM\izvoz\magento\3
02:37:55     Izvoz profila MAGENTO_STOCK_PRICES končan: 0 vrstic v C:\Users\david\Desktop\PIM\NoviPIM\izvoz\magento\4
02:37:55     konec: Izvoz cen in zaloge za splet
02:37:55  Zalogovni cikel koncan; padlih korakov: 0.
02:42:27  == Zaloga NW_STOCK ==
02:42:28     [NW_STOCK] preskoceno: Razmik dobavitelja se tece; naslednji prenos po 4. 09. 2026 02:42.
02:42:28     Prevzem koncan: uspesno 0, neuspesno 0, skupaj virov 1.
02:42:29     Prebranih zapisov: 2763; SHA-256: 220c974c90d12f3e3d394ef315c1e20d4af28951792a4b5e186bcd4b74e33254
02:42:29     Ta posnetek je ze v bazi; vir=NW_STOCK, podjetje=1, cas posnetka=2026-09-03 22:42:28Z, uporabljenih=2763, v karanteni=0, RunId=ab077cf4-ce45-4b25-81ce-137c54dff502. Zapisano ni bilo nic.
02:42:30     Prebranih zapisov: 2763; SHA-256: 220c974c90d12f3e3d394ef315c1e20d4af28951792a4b5e186bcd4b74e33254
02:42:30     Ta posnetek je ze v bazi; vir=NW_STOCK, podjetje=2, cas posnetka=2026-09-03 22:42:28Z, uporabljenih=2763, v karanteni=0, RunId=f8b92ee0-ede5-4882-9f20-2d2cd2ef743a. Zapisano ni bilo nic.
02:42:31     Prebranih zapisov: 2763; SHA-256: 220c974c90d12f3e3d394ef315c1e20d4af28951792a4b5e186bcd4b74e33254
02:42:31     Ta posnetek je ze v bazi; vir=NW_STOCK, podjetje=3, cas posnetka=2026-09-03 22:42:28Z, uporabljenih=2763, v karanteni=0, RunId=0d98199c-37d4-4192-b519-334e62960fc6. Zapisano ni bilo nic.
02:42:32     Prebranih zapisov: 2763; SHA-256: 220c974c90d12f3e3d394ef315c1e20d4af28951792a4b5e186bcd4b74e33254
02:42:32     Ta posnetek je ze v bazi; vir=NW_STOCK, podjetje=4, cas posnetka=2026-09-03 22:42:28Z, uporabljenih=2763, v karanteni=0, RunId=2f072eba-799f-4fb5-a11b-725ff0de299f. Zapisano ni bilo nic.
02:42:32     konec: Zaloga NW_STOCK
02:42:32  == Zaloga BT_STOCK ==
02:42:33     SOURCE_FETCH: se ni na vrsti po razporedu; preskoceno.
02:42:34     Prebranih zapisov: 1389; SHA-256: 87dc96ff135a90ff21281cf2e3d01cba9b89e36308560bfd15167c9a03d703ba
02:42:34     STOCK_FILE pri podjetju 1: se ni na vrsti po razporedu; preskoceno.
02:42:35     Prebranih zapisov: 1389; SHA-256: 87dc96ff135a90ff21281cf2e3d01cba9b89e36308560bfd15167c9a03d703ba
02:42:35     STOCK_FILE pri podjetju 2: se ni na vrsti po razporedu; preskoceno.
02:42:36     Prebranih zapisov: 1389; SHA-256: 87dc96ff135a90ff21281cf2e3d01cba9b89e36308560bfd15167c9a03d703ba
02:42:36     STOCK_FILE pri podjetju 3: se ni na vrsti po razporedu; preskoceno.
02:42:37     Prebranih zapisov: 1389; SHA-256: 87dc96ff135a90ff21281cf2e3d01cba9b89e36308560bfd15167c9a03d703ba
02:42:37     STOCK_FILE pri podjetju 4: se ni na vrsti po razporedu; preskoceno.
02:42:37     konec: Zaloga BT_STOCK
02:42:37  == Zaloga iz SAOP (kolicine) ==
02:42:38     [1] SAOP_STOCK: se ni na vrsti po razporedu; preskoceno.
02:42:38     [2] SAOP_STOCK: se ni na vrsti po razporedu; preskoceno.
02:42:38     [3] SAOP_STOCK: se ni na vrsti po razporedu; preskoceno.
02:42:38     [4] SAOP_STOCK: se ni na vrsti po razporedu; preskoceno.
02:42:38     konec: Zaloga iz SAOP (kolicine)
02:42:38  == Izvoz cen in zaloge za splet ==
02:42:39     Izvoz profila MAGENTO_STOCK_PRICES končan: 352 vrstic v C:\Users\david\Desktop\PIM\NoviPIM\izvoz\magento\1
02:42:43     Izvoz profila MAGENTO_STOCK_PRICES končan: 2071 vrstic v C:\Users\david\Desktop\PIM\NoviPIM\izvoz\magento\2
02:42:47     Izvoz profila MAGENTO_STOCK_PRICES končan: 2488 vrstic v C:\Users\david\Desktop\PIM\NoviPIM\izvoz\magento\3
02:42:48     Izvoz profila MAGENTO_STOCK_PRICES končan: 0 vrstic v C:\Users\david\Desktop\PIM\NoviPIM\izvoz\magento\4
02:42:48     konec: Izvoz cen in zaloge za splet
02:42:48  Zalogovni cikel koncan; padlih korakov: 0.
02:47:27  == Zaloga NW_STOCK ==
02:47:30     [NW_STOCK] preskoceno: Dobaviteljeva datoteka je nespremenjena; obdrzimo prejsnjo.
02:47:30     Prevzem koncan: uspesno 0, neuspesno 0, skupaj virov 1.
02:47:30     Prebranih zapisov: 2763; SHA-256: 220c974c90d12f3e3d394ef315c1e20d4af28951792a4b5e186bcd4b74e33254
02:47:31     Ta posnetek je ze v bazi; vir=NW_STOCK, podjetje=1, cas posnetka=2026-09-03 22:42:28Z, uporabljenih=2763, v karanteni=0, RunId=ab077cf4-ce45-4b25-81ce-137c54dff502. Zapisano ni bilo nic.
02:47:32     Prebranih zapisov: 2763; SHA-256: 220c974c90d12f3e3d394ef315c1e20d4af28951792a4b5e186bcd4b74e33254
02:47:32     Ta posnetek je ze v bazi; vir=NW_STOCK, podjetje=2, cas posnetka=2026-09-03 22:42:28Z, uporabljenih=2763, v karanteni=0, RunId=f8b92ee0-ede5-4882-9f20-2d2cd2ef743a. Zapisano ni bilo nic.
02:47:33     Prebranih zapisov: 2763; SHA-256: 220c974c90d12f3e3d394ef315c1e20d4af28951792a4b5e186bcd4b74e33254
02:47:33     Ta posnetek je ze v bazi; vir=NW_STOCK, podjetje=3, cas posnetka=2026-09-03 22:42:28Z, uporabljenih=2763, v karanteni=0, RunId=0d98199c-37d4-4192-b519-334e62960fc6. Zapisano ni bilo nic.
02:47:34     Prebranih zapisov: 2763; SHA-256: 220c974c90d12f3e3d394ef315c1e20d4af28951792a4b5e186bcd4b74e33254
02:47:34     Ta posnetek je ze v bazi; vir=NW_STOCK, podjetje=4, cas posnetka=2026-09-03 22:42:28Z, uporabljenih=2763, v karanteni=0, RunId=2f072eba-799f-4fb5-a11b-725ff0de299f. Zapisano ni bilo nic.
02:47:34     konec: Zaloga NW_STOCK
02:47:34  == Zaloga BT_STOCK ==
02:47:35     SOURCE_FETCH: se ni na vrsti po razporedu; preskoceno.
02:47:36     Prebranih zapisov: 1389; SHA-256: 87dc96ff135a90ff21281cf2e3d01cba9b89e36308560bfd15167c9a03d703ba
02:47:36     STOCK_FILE pri podjetju 1: se ni na vrsti po razporedu; preskoceno.
02:47:37     Prebranih zapisov: 1389; SHA-256: 87dc96ff135a90ff21281cf2e3d01cba9b89e36308560bfd15167c9a03d703ba
02:47:37     STOCK_FILE pri podjetju 2: se ni na vrsti po razporedu; preskoceno.
02:47:38     Prebranih zapisov: 1389; SHA-256: 87dc96ff135a90ff21281cf2e3d01cba9b89e36308560bfd15167c9a03d703ba
02:47:38     STOCK_FILE pri podjetju 3: se ni na vrsti po razporedu; preskoceno.
02:47:38     Prebranih zapisov: 1389; SHA-256: 87dc96ff135a90ff21281cf2e3d01cba9b89e36308560bfd15167c9a03d703ba
02:47:39     STOCK_FILE pri podjetju 4: se ni na vrsti po razporedu; preskoceno.
02:47:39     konec: Zaloga BT_STOCK
02:47:39  == Zaloga iz SAOP (kolicine) ==
02:47:40     [1] SAOP_STOCK: se ni na vrsti po razporedu; preskoceno.
02:47:40     [2] SAOP_STOCK: se ni na vrsti po razporedu; preskoceno.
02:47:40     [3] SAOP_STOCK: se ni na vrsti po razporedu; preskoceno.
02:47:40     [4] SAOP_STOCK: se ni na vrsti po razporedu; preskoceno.
02:47:40     konec: Zaloga iz SAOP (kolicine)
02:47:40  == Izvoz cen in zaloge za splet ==
02:47:41     Izvoz profila MAGENTO_STOCK_PRICES končan: 352 vrstic v C:\Users\david\Desktop\PIM\NoviPIM\izvoz\magento\1
02:47:45     Izvoz profila MAGENTO_STOCK_PRICES končan: 2071 vrstic v C:\Users\david\Desktop\PIM\NoviPIM\izvoz\magento\2
02:47:49     Izvoz profila MAGENTO_STOCK_PRICES končan: 2488 vrstic v C:\Users\david\Desktop\PIM\NoviPIM\izvoz\magento\3
02:47:50     Izvoz profila MAGENTO_STOCK_PRICES končan: 0 vrstic v C:\Users\david\Desktop\PIM\NoviPIM\izvoz\magento\4
02:47:50     konec: Izvoz cen in zaloge za splet
02:47:50  Zalogovni cikel koncan; padlih korakov: 0.
02:52:27  == Zaloga NW_STOCK ==
02:52:28     SOURCE_FETCH: se ni na vrsti po razporedu; preskoceno.
02:52:29     Prebranih zapisov: 2763; SHA-256: 220c974c90d12f3e3d394ef315c1e20d4af28951792a4b5e186bcd4b74e33254
02:52:29     STOCK_FILE pri podjetju 1: se ni na vrsti po razporedu; preskoceno.
02:52:30     Prebranih zapisov: 2763; SHA-256: 220c974c90d12f3e3d394ef315c1e20d4af28951792a4b5e186bcd4b74e33254
02:52:30     STOCK_FILE pri podjetju 2: se ni na vrsti po razporedu; preskoceno.
02:52:30     Prebranih zapisov: 2763; SHA-256: 220c974c90d12f3e3d394ef315c1e20d4af28951792a4b5e186bcd4b74e33254
02:52:31     STOCK_FILE pri podjetju 3: se ni na vrsti po razporedu; preskoceno.
02:52:31     Prebranih zapisov: 2763; SHA-256: 220c974c90d12f3e3d394ef315c1e20d4af28951792a4b5e186bcd4b74e33254
02:52:32     STOCK_FILE pri podjetju 4: se ni na vrsti po razporedu; preskoceno.
02:52:32     konec: Zaloga NW_STOCK
02:52:32  == Zaloga BT_STOCK ==
02:52:35     [BT_STOCK] preskoceno: Dobaviteljeva datoteka je nespremenjena; obdrzimo prejsnjo.
02:52:35     Prevzem koncan: uspesno 0, neuspesno 0, skupaj virov 1.
02:52:36     Prebranih zapisov: 1389; SHA-256: 87dc96ff135a90ff21281cf2e3d01cba9b89e36308560bfd15167c9a03d703ba
02:52:36     Ta posnetek je ze v bazi; vir=BT_STOCK, podjetje=1, cas posnetka=2026-09-03 15:17:35Z, uporabljenih=1389, v karanteni=0, RunId=5e288d2d-98ef-40e1-b33c-663e6d513e74. Zapisano ni bilo nic.
02:52:37     Prebranih zapisov: 1389; SHA-256: 87dc96ff135a90ff21281cf2e3d01cba9b89e36308560bfd15167c9a03d703ba
02:52:37     Ta posnetek je ze v bazi; vir=BT_STOCK, podjetje=2, cas posnetka=2026-09-03 15:17:35Z, uporabljenih=1389, v karanteni=0, RunId=3496c976-0c49-45c5-9f74-0ffd35e5d443. Zapisano ni bilo nic.
02:52:38     Prebranih zapisov: 1389; SHA-256: 87dc96ff135a90ff21281cf2e3d01cba9b89e36308560bfd15167c9a03d703ba
02:52:38     Ta posnetek je ze v bazi; vir=BT_STOCK, podjetje=3, cas posnetka=2026-09-03 15:17:35Z, uporabljenih=1389, v karanteni=0, RunId=3dd9ac1c-09dd-4827-b930-eb014cdb2746. Zapisano ni bilo nic.
02:52:39     Prebranih zapisov: 1389; SHA-256: 87dc96ff135a90ff21281cf2e3d01cba9b89e36308560bfd15167c9a03d703ba
02:52:39     Ta posnetek je ze v bazi; vir=BT_STOCK, podjetje=4, cas posnetka=2026-09-03 15:17:35Z, uporabljenih=1389, v karanteni=0, RunId=bec7f147-9b63-48d7-a0cc-8df0cb029c6c. Zapisano ni bilo nic.
02:52:39     konec: Zaloga BT_STOCK
02:52:39  == Zaloga iz SAOP (kolicine) ==
02:52:40     [1] SAOP_STOCK: se ni na vrsti po razporedu; preskoceno.
02:52:40     [2] SAOP_STOCK: se ni na vrsti po razporedu; preskoceno.
02:52:40     [3] SAOP_STOCK: se ni na vrsti po razporedu; preskoceno.
02:52:40     [4] SAOP_STOCK: se ni na vrsti po razporedu; preskoceno.
02:52:40     konec: Zaloga iz SAOP (kolicine)
02:52:40  == Izvoz cen in zaloge za splet ==
02:52:42     Izvoz profila MAGENTO_STOCK_PRICES končan: 352 vrstic v C:\Users\david\Desktop\PIM\NoviPIM\izvoz\magento\1
02:52:45     Izvoz profila MAGENTO_STOCK_PRICES končan: 2071 vrstic v C:\Users\david\Desktop\PIM\NoviPIM\izvoz\magento\2
02:52:49     Izvoz profila MAGENTO_STOCK_PRICES končan: 2488 vrstic v C:\Users\david\Desktop\PIM\NoviPIM\izvoz\magento\3
02:52:50     Izvoz profila MAGENTO_STOCK_PRICES končan: 0 vrstic v C:\Users\david\Desktop\PIM\NoviPIM\izvoz\magento\4
02:52:50     konec: Izvoz cen in zaloge za splet
02:52:50  Zalogovni cikel koncan; padlih korakov: 0.
02:57:27  == Zaloga NW_STOCK ==
02:57:28     SOURCE_FETCH: se ni na vrsti po razporedu; preskoceno.
02:57:29     Prebranih zapisov: 2763; SHA-256: 220c974c90d12f3e3d394ef315c1e20d4af28951792a4b5e186bcd4b74e33254
02:57:29     STOCK_FILE pri podjetju 1: se ni na vrsti po razporedu; preskoceno.
02:57:30     Prebranih zapisov: 2763; SHA-256: 220c974c90d12f3e3d394ef315c1e20d4af28951792a4b5e186bcd4b74e33254
02:57:30     STOCK_FILE pri podjetju 2: se ni na vrsti po razporedu; preskoceno.
02:57:31     Prebranih zapisov: 2763; SHA-256: 220c974c90d12f3e3d394ef315c1e20d4af28951792a4b5e186bcd4b74e33254
02:57:31     STOCK_FILE pri podjetju 3: se ni na vrsti po razporedu; preskoceno.
02:57:31     Prebranih zapisov: 2763; SHA-256: 220c974c90d12f3e3d394ef315c1e20d4af28951792a4b5e186bcd4b74e33254
02:57:32     STOCK_FILE pri podjetju 4: se ni na vrsti po razporedu; preskoceno.
02:57:32     konec: Zaloga NW_STOCK
02:57:32  == Zaloga BT_STOCK ==
02:57:33     SOURCE_FETCH: se ni na vrsti po razporedu; preskoceno.
02:57:33     Prebranih zapisov: 1389; SHA-256: 87dc96ff135a90ff21281cf2e3d01cba9b89e36308560bfd15167c9a03d703ba
02:57:34     STOCK_FILE pri podjetju 1: se ni na vrsti po razporedu; preskoceno.
02:57:34     Prebranih zapisov: 1389; SHA-256: 87dc96ff135a90ff21281cf2e3d01cba9b89e36308560bfd15167c9a03d703ba
02:57:35     STOCK_FILE pri podjetju 2: se ni na vrsti po razporedu; preskoceno.
02:57:35     Prebranih zapisov: 1389; SHA-256: 87dc96ff135a90ff21281cf2e3d01cba9b89e36308560bfd15167c9a03d703ba
02:57:36     STOCK_FILE pri podjetju 3: se ni na vrsti po razporedu; preskoceno.
02:57:36     Prebranih zapisov: 1389; SHA-256: 87dc96ff135a90ff21281cf2e3d01cba9b89e36308560bfd15167c9a03d703ba
02:57:36     STOCK_FILE pri podjetju 4: se ni na vrsti po razporedu; preskoceno.
02:57:37     konec: Zaloga BT_STOCK
02:57:37  == Zaloga iz SAOP (kolicine) ==
02:57:37     [1] SAOP_STOCK: se ni na vrsti po razporedu; preskoceno.
02:57:37     [2] SAOP_STOCK: se ni na vrsti po razporedu; preskoceno.
02:57:37     [3] SAOP_STOCK: se ni na vrsti po razporedu; preskoceno.
02:57:37     [4] SAOP_STOCK: se ni na vrsti po razporedu; preskoceno.
02:57:37     konec: Zaloga iz SAOP (kolicine)
02:57:37  == Izvoz cen in zaloge za splet ==
02:57:39     Izvoz profila MAGENTO_STOCK_PRICES končan: 352 vrstic v C:\Users\david\Desktop\PIM\NoviPIM\izvoz\magento\1
02:57:43     Izvoz profila MAGENTO_STOCK_PRICES končan: 2071 vrstic v C:\Users\david\Desktop\PIM\NoviPIM\izvoz\magento\2
02:57:46     Izvoz profila MAGENTO_STOCK_PRICES končan: 2488 vrstic v C:\Users\david\Desktop\PIM\NoviPIM\izvoz\magento\3
02:57:48     Izvoz profila MAGENTO_STOCK_PRICES končan: 0 vrstic v C:\Users\david\Desktop\PIM\NoviPIM\izvoz\magento\4
02:57:48     konec: Izvoz cen in zaloge za splet
02:57:48  Zalogovni cikel koncan; padlih korakov: 0.
03:02:27  == Zaloga NW_STOCK ==
03:02:28     [NW_STOCK] preskoceno: Razmik dobavitelja se tece; naslednji prenos po 4. 09. 2026 04:47.
03:02:28     Prevzem koncan: uspesno 0, neuspesno 0, skupaj virov 1.
03:02:29     Prebranih zapisov: 2763; SHA-256: 220c974c90d12f3e3d394ef315c1e20d4af28951792a4b5e186bcd4b74e33254
03:02:29     Ta posnetek je ze v bazi; vir=NW_STOCK, podjetje=1, cas posnetka=2026-09-03 22:42:28Z, uporabljenih=2763, v karanteni=0, RunId=ab077cf4-ce45-4b25-81ce-137c54dff502. Zapisano ni bilo nic.
03:02:30     Prebranih zapisov: 2763; SHA-256: 220c974c90d12f3e3d394ef315c1e20d4af28951792a4b5e186bcd4b74e33254
03:02:30     Ta posnetek je ze v bazi; vir=NW_STOCK, podjetje=2, cas posnetka=2026-09-03 22:42:28Z, uporabljenih=2763, v karanteni=0, RunId=f8b92ee0-ede5-4882-9f20-2d2cd2ef743a. Zapisano ni bilo nic.
03:02:31     Prebranih zapisov: 2763; SHA-256: 220c974c90d12f3e3d394ef315c1e20d4af28951792a4b5e186bcd4b74e33254
03:02:31     Ta posnetek je ze v bazi; vir=NW_STOCK, podjetje=3, cas posnetka=2026-09-03 22:42:28Z, uporabljenih=2763, v karanteni=0, RunId=0d98199c-37d4-4192-b519-334e62960fc6. Zapisano ni bilo nic.
03:02:32     Prebranih zapisov: 2763; SHA-256: 220c974c90d12f3e3d394ef315c1e20d4af28951792a4b5e186bcd4b74e33254
03:02:32     Ta posnetek je ze v bazi; vir=NW_STOCK, podjetje=4, cas posnetka=2026-09-03 22:42:28Z, uporabljenih=2763, v karanteni=0, RunId=2f072eba-799f-4fb5-a11b-725ff0de299f. Zapisano ni bilo nic.
03:02:32     konec: Zaloga NW_STOCK
03:02:32  == Zaloga BT_STOCK ==
03:02:33     SOURCE_FETCH: se ni na vrsti po razporedu; preskoceno.
03:02:34     Prebranih zapisov: 1389; SHA-256: 87dc96ff135a90ff21281cf2e3d01cba9b89e36308560bfd15167c9a03d703ba
03:02:34     STOCK_FILE pri podjetju 1: se ni na vrsti po razporedu; preskoceno.
03:02:35     Prebranih zapisov: 1389; SHA-256: 87dc96ff135a90ff21281cf2e3d01cba9b89e36308560bfd15167c9a03d703ba
03:02:35     STOCK_FILE pri podjetju 2: se ni na vrsti po razporedu; preskoceno.
03:02:36     Prebranih zapisov: 1389; SHA-256: 87dc96ff135a90ff21281cf2e3d01cba9b89e36308560bfd15167c9a03d703ba
03:02:36     STOCK_FILE pri podjetju 3: se ni na vrsti po razporedu; preskoceno.
03:02:37     Prebranih zapisov: 1389; SHA-256: 87dc96ff135a90ff21281cf2e3d01cba9b89e36308560bfd15167c9a03d703ba
03:02:37     STOCK_FILE pri podjetju 4: se ni na vrsti po razporedu; preskoceno.
03:02:37     konec: Zaloga BT_STOCK
03:02:37  == Zaloga iz SAOP (kolicine) ==
03:02:38     [1] SAOP_STOCK: se ni na vrsti po razporedu; preskoceno.
03:02:38     [2] SAOP_STOCK: se ni na vrsti po razporedu; preskoceno.
03:02:38     [3] SAOP_STOCK: se ni na vrsti po razporedu; preskoceno.
03:02:38     [4] SAOP_STOCK: se ni na vrsti po razporedu; preskoceno.
03:02:38     konec: Zaloga iz SAOP (kolicine)
03:02:38  == Izvoz cen in zaloge za splet ==
03:02:39     Izvoz profila MAGENTO_STOCK_PRICES končan: 352 vrstic v C:\Users\david\Desktop\PIM\NoviPIM\izvoz\magento\1
03:02:43     Izvoz profila MAGENTO_STOCK_PRICES končan: 2071 vrstic v C:\Users\david\Desktop\PIM\NoviPIM\izvoz\magento\2
03:02:47     Izvoz profila MAGENTO_STOCK_PRICES končan: 2488 vrstic v C:\Users\david\Desktop\PIM\NoviPIM\izvoz\magento\3
03:02:48     Izvoz profila MAGENTO_STOCK_PRICES končan: 0 vrstic v C:\Users\david\Desktop\PIM\NoviPIM\izvoz\magento\4
03:02:48     konec: Izvoz cen in zaloge za splet
03:02:48  Zalogovni cikel koncan; padlih korakov: 0.
03:07:27  == Zaloga NW_STOCK ==
03:07:28     SOURCE_FETCH: se ni na vrsti po razporedu; preskoceno.
03:07:29     Prebranih zapisov: 2763; SHA-256: 220c974c90d12f3e3d394ef315c1e20d4af28951792a4b5e186bcd4b74e33254
03:07:29     Ta posnetek je ze v bazi; vir=NW_STOCK, podjetje=1, cas posnetka=2026-09-03 22:42:28Z, uporabljenih=2763, v karanteni=0, RunId=ab077cf4-ce45-4b25-81ce-137c54dff502. Zapisano ni bilo nic.
03:07:30     Prebranih zapisov: 2763; SHA-256: 220c974c90d12f3e3d394ef315c1e20d4af28951792a4b5e186bcd4b74e33254
03:07:30     STOCK_FILE pri podjetju 2: se ni na vrsti po razporedu; preskoceno.
03:07:31     Prebranih zapisov: 2763; SHA-256: 220c974c90d12f3e3d394ef315c1e20d4af28951792a4b5e186bcd4b74e33254
03:07:31     STOCK_FILE pri podjetju 3: se ni na vrsti po razporedu; preskoceno.
03:07:32     Prebranih zapisov: 2763; SHA-256: 220c974c90d12f3e3d394ef315c1e20d4af28951792a4b5e186bcd4b74e33254
03:07:32     STOCK_FILE pri podjetju 4: se ni na vrsti po razporedu; preskoceno.
03:07:32     konec: Zaloga NW_STOCK
03:07:32  == Zaloga BT_STOCK ==
03:07:33     [BT_STOCK] preskoceno: Razmik dobavitelja se tece; naslednji prenos po 4. 09. 2026 05:52.
03:07:33     Prevzem koncan: uspesno 0, neuspesno 0, skupaj virov 1.
03:07:33     Prebranih zapisov: 1389; SHA-256: 87dc96ff135a90ff21281cf2e3d01cba9b89e36308560bfd15167c9a03d703ba
03:07:34     STOCK_FILE pri podjetju 1: se ni na vrsti po razporedu; preskoceno.
03:07:34     Prebranih zapisov: 1389; SHA-256: 87dc96ff135a90ff21281cf2e3d01cba9b89e36308560bfd15167c9a03d703ba
03:07:35     Ta posnetek je ze v bazi; vir=BT_STOCK, podjetje=2, cas posnetka=2026-09-03 15:17:35Z, uporabljenih=1389, v karanteni=0, RunId=3496c976-0c49-45c5-9f74-0ffd35e5d443. Zapisano ni bilo nic.
03:07:36     Prebranih zapisov: 1389; SHA-256: 87dc96ff135a90ff21281cf2e3d01cba9b89e36308560bfd15167c9a03d703ba
03:07:36     Ta posnetek je ze v bazi; vir=BT_STOCK, podjetje=3, cas posnetka=2026-09-03 15:17:35Z, uporabljenih=1389, v karanteni=0, RunId=3dd9ac1c-09dd-4827-b930-eb014cdb2746. Zapisano ni bilo nic.
03:07:37     Prebranih zapisov: 1389; SHA-256: 87dc96ff135a90ff21281cf2e3d01cba9b89e36308560bfd15167c9a03d703ba
03:07:37     Ta posnetek je ze v bazi; vir=BT_STOCK, podjetje=4, cas posnetka=2026-09-03 15:17:35Z, uporabljenih=1389, v karanteni=0, RunId=bec7f147-9b63-48d7-a0cc-8df0cb029c6c. Zapisano ni bilo nic.
03:07:37     konec: Zaloga BT_STOCK
03:07:37  == Zaloga iz SAOP (kolicine) ==
03:07:38     [1] SAOP_STOCK: se ni na vrsti po razporedu; preskoceno.
03:07:38     [2] SAOP_STOCK: se ni na vrsti po razporedu; preskoceno.
03:07:38     [3] SAOP_STOCK: se ni na vrsti po razporedu; preskoceno.
03:07:38     [4] SAOP_STOCK: se ni na vrsti po razporedu; preskoceno.
03:07:38     konec: Zaloga iz SAOP (kolicine)
03:07:38  == Izvoz cen in zaloge za splet ==
03:07:39     Izvoz profila MAGENTO_STOCK_PRICES končan: 352 vrstic v C:\Users\david\Desktop\PIM\NoviPIM\izvoz\magento\1
03:07:43     Izvoz profila MAGENTO_STOCK_PRICES končan: 2071 vrstic v C:\Users\david\Desktop\PIM\NoviPIM\izvoz\magento\2
03:07:47     Izvoz profila MAGENTO_STOCK_PRICES končan: 2488 vrstic v C:\Users\david\Desktop\PIM\NoviPIM\izvoz\magento\3
03:07:48     Izvoz profila MAGENTO_STOCK_PRICES končan: 0 vrstic v C:\Users\david\Desktop\PIM\NoviPIM\izvoz\magento\4
03:07:48     konec: Izvoz cen in zaloge za splet
03:07:48  Zalogovni cikel koncan; padlih korakov: 0.
03:12:27  == Zaloga NW_STOCK ==
03:12:28     SOURCE_FETCH: se ni na vrsti po razporedu; preskoceno.
03:12:29     Prebranih zapisov: 2763; SHA-256: 220c974c90d12f3e3d394ef315c1e20d4af28951792a4b5e186bcd4b74e33254
03:12:29     STOCK_FILE pri podjetju 1: se ni na vrsti po razporedu; preskoceno.
03:12:30     Prebranih zapisov: 2763; SHA-256: 220c974c90d12f3e3d394ef315c1e20d4af28951792a4b5e186bcd4b74e33254
03:12:30     STOCK_FILE pri podjetju 2: se ni na vrsti po razporedu; preskoceno.
03:12:30     Prebranih zapisov: 2763; SHA-256: 220c974c90d12f3e3d394ef315c1e20d4af28951792a4b5e186bcd4b74e33254
03:12:31     STOCK_FILE pri podjetju 3: se ni na vrsti po razporedu; preskoceno.
03:12:31     Prebranih zapisov: 2763; SHA-256: 220c974c90d12f3e3d394ef315c1e20d4af28951792a4b5e186bcd4b74e33254
03:12:32     STOCK_FILE pri podjetju 4: se ni na vrsti po razporedu; preskoceno.
03:12:32     konec: Zaloga NW_STOCK
03:12:32  == Zaloga BT_STOCK ==
03:12:33     SOURCE_FETCH: se ni na vrsti po razporedu; preskoceno.
03:12:33     Prebranih zapisov: 1389; SHA-256: 87dc96ff135a90ff21281cf2e3d01cba9b89e36308560bfd15167c9a03d703ba
03:12:34     Ta posnetek je ze v bazi; vir=BT_STOCK, podjetje=1, cas posnetka=2026-09-03 15:17:35Z, uporabljenih=1389, v karanteni=0, RunId=5e288d2d-98ef-40e1-b33c-663e6d513e74. Zapisano ni bilo nic.
03:12:34     Prebranih zapisov: 1389; SHA-256: 87dc96ff135a90ff21281cf2e3d01cba9b89e36308560bfd15167c9a03d703ba
03:12:35     STOCK_FILE pri podjetju 2: se ni na vrsti po razporedu; preskoceno.
03:12:35     Prebranih zapisov: 1389; SHA-256: 87dc96ff135a90ff21281cf2e3d01cba9b89e36308560bfd15167c9a03d703ba
03:12:36     STOCK_FILE pri podjetju 3: se ni na vrsti po razporedu; preskoceno.
03:12:36     Prebranih zapisov: 1389; SHA-256: 87dc96ff135a90ff21281cf2e3d01cba9b89e36308560bfd15167c9a03d703ba
03:12:37     STOCK_FILE pri podjetju 4: se ni na vrsti po razporedu; preskoceno.
03:12:37     konec: Zaloga BT_STOCK
03:12:37  == Zaloga iz SAOP (kolicine) ==
03:12:38     [1] SAOP_STOCK: se ni na vrsti po razporedu; preskoceno.
03:12:38     [2] SAOP_STOCK: se ni na vrsti po razporedu; preskoceno.
03:12:38     [3] SAOP_STOCK: se ni na vrsti po razporedu; preskoceno.
03:12:38     [4] SAOP_STOCK: se ni na vrsti po razporedu; preskoceno.
03:12:38     konec: Zaloga iz SAOP (kolicine)
03:12:38  == Izvoz cen in zaloge za splet ==
03:12:39     Izvoz profila MAGENTO_STOCK_PRICES končan: 352 vrstic v C:\Users\david\Desktop\PIM\NoviPIM\izvoz\magento\1
03:12:43     Izvoz profila MAGENTO_STOCK_PRICES končan: 2071 vrstic v C:\Users\david\Desktop\PIM\NoviPIM\izvoz\magento\2
03:12:46     Izvoz profila MAGENTO_STOCK_PRICES končan: 2488 vrstic v C:\Users\david\Desktop\PIM\NoviPIM\izvoz\magento\3
03:12:48     Izvoz profila MAGENTO_STOCK_PRICES končan: 0 vrstic v C:\Users\david\Desktop\PIM\NoviPIM\izvoz\magento\4
03:12:48     konec: Izvoz cen in zaloge za splet
03:12:48  Zalogovni cikel koncan; padlih korakov: 0.
03:17:27  == Zaloga NW_STOCK ==
03:17:28     [NW_STOCK] preskoceno: Razmik dobavitelja se tece; naslednji prenos po 4. 09. 2026 04:47.
03:17:28     Prevzem koncan: uspesno 0, neuspesno 0, skupaj virov 1.
03:17:29     Prebranih zapisov: 2763; SHA-256: 220c974c90d12f3e3d394ef315c1e20d4af28951792a4b5e186bcd4b74e33254
03:17:29     STOCK_FILE pri podjetju 1: se ni na vrsti po razporedu; preskoceno.
03:17:30     Prebranih zapisov: 2763; SHA-256: 220c974c90d12f3e3d394ef315c1e20d4af28951792a4b5e186bcd4b74e33254
03:17:30     Ta posnetek je ze v bazi; vir=NW_STOCK, podjetje=2, cas posnetka=2026-09-03 22:42:28Z, uporabljenih=2763, v karanteni=0, RunId=f8b92ee0-ede5-4882-9f20-2d2cd2ef743a. Zapisano ni bilo nic.
03:17:31     Prebranih zapisov: 2763; SHA-256: 220c974c90d12f3e3d394ef315c1e20d4af28951792a4b5e186bcd4b74e33254
03:17:31     Ta posnetek je ze v bazi; vir=NW_STOCK, podjetje=3, cas posnetka=2026-09-03 22:42:28Z, uporabljenih=2763, v karanteni=0, RunId=0d98199c-37d4-4192-b519-334e62960fc6. Zapisano ni bilo nic.
03:17:32     Prebranih zapisov: 2763; SHA-256: 220c974c90d12f3e3d394ef315c1e20d4af28951792a4b5e186bcd4b74e33254
03:17:32     Ta posnetek je ze v bazi; vir=NW_STOCK, podjetje=4, cas posnetka=2026-09-03 22:42:28Z, uporabljenih=2763, v karanteni=0, RunId=2f072eba-799f-4fb5-a11b-725ff0de299f. Zapisano ni bilo nic.
03:17:32     konec: Zaloga NW_STOCK
03:17:32  == Zaloga BT_STOCK ==
03:17:33     SOURCE_FETCH: se ni na vrsti po razporedu; preskoceno.
03:17:34     Prebranih zapisov: 1389; SHA-256: 87dc96ff135a90ff21281cf2e3d01cba9b89e36308560bfd15167c9a03d703ba
03:17:34     Ta posnetek je ze v bazi; vir=BT_STOCK, podjetje=1, cas posnetka=2026-09-03 15:17:35Z, uporabljenih=1389, v karanteni=0, RunId=5e288d2d-98ef-40e1-b33c-663e6d513e74. Zapisano ni bilo nic.
03:17:35     Prebranih zapisov: 1389; SHA-256: 87dc96ff135a90ff21281cf2e3d01cba9b89e36308560bfd15167c9a03d703ba
03:17:35     STOCK_FILE pri podjetju 2: se ni na vrsti po razporedu; preskoceno.
03:17:36     Prebranih zapisov: 1389; SHA-256: 87dc96ff135a90ff21281cf2e3d01cba9b89e36308560bfd15167c9a03d703ba
03:17:36     STOCK_FILE pri podjetju 3: se ni na vrsti po razporedu; preskoceno.
03:17:37     Prebranih zapisov: 1389; SHA-256: 87dc96ff135a90ff21281cf2e3d01cba9b89e36308560bfd15167c9a03d703ba
03:17:37     STOCK_FILE pri podjetju 4: se ni na vrsti po razporedu; preskoceno.
03:17:37     konec: Zaloga BT_STOCK
03:17:37  == Zaloga iz SAOP (kolicine) ==
03:17:38     [1] SAOP_STOCK: se ni na vrsti po razporedu; preskoceno.
03:17:38     [2] SAOP_STOCK: se ni na vrsti po razporedu; preskoceno.
03:17:38     [3] SAOP_STOCK: se ni na vrsti po razporedu; preskoceno.
03:17:38     [4] SAOP_STOCK: se ni na vrsti po razporedu; preskoceno.
03:17:38     konec: Zaloga iz SAOP (kolicine)
03:17:38  == Izvoz cen in zaloge za splet ==
03:17:39     Izvoz profila MAGENTO_STOCK_PRICES končan: 352 vrstic v C:\Users\david\Desktop\PIM\NoviPIM\izvoz\magento\1
03:17:43     Izvoz profila MAGENTO_STOCK_PRICES končan: 2071 vrstic v C:\Users\david\Desktop\PIM\NoviPIM\izvoz\magento\2
03:17:47     Izvoz profila MAGENTO_STOCK_PRICES končan: 2488 vrstic v C:\Users\david\Desktop\PIM\NoviPIM\izvoz\magento\3
03:17:48     Izvoz profila MAGENTO_STOCK_PRICES končan: 0 vrstic v C:\Users\david\Desktop\PIM\NoviPIM\izvoz\magento\4
03:17:48     konec: Izvoz cen in zaloge za splet
03:17:48  Zalogovni cikel koncan; padlih korakov: 0.
03:22:27  == Zaloga NW_STOCK ==
03:22:28     SOURCE_FETCH: se ni na vrsti po razporedu; preskoceno.
03:22:29     Prebranih zapisov: 2763; SHA-256: 220c974c90d12f3e3d394ef315c1e20d4af28951792a4b5e186bcd4b74e33254
03:22:29     STOCK_FILE pri podjetju 1: se ni na vrsti po razporedu; preskoceno.
03:22:30     Prebranih zapisov: 2763; SHA-256: 220c974c90d12f3e3d394ef315c1e20d4af28951792a4b5e186bcd4b74e33254
03:22:30     STOCK_FILE pri podjetju 2: se ni na vrsti po razporedu; preskoceno.
03:22:31     Prebranih zapisov: 2763; SHA-256: 220c974c90d12f3e3d394ef315c1e20d4af28951792a4b5e186bcd4b74e33254
03:22:31     STOCK_FILE pri podjetju 3: se ni na vrsti po razporedu; preskoceno.
03:22:31     Prebranih zapisov: 2763; SHA-256: 220c974c90d12f3e3d394ef315c1e20d4af28951792a4b5e186bcd4b74e33254
03:22:32     STOCK_FILE pri podjetju 4: se ni na vrsti po razporedu; preskoceno.
03:22:32     konec: Zaloga NW_STOCK
03:22:32  == Zaloga BT_STOCK ==
03:22:33     [BT_STOCK] preskoceno: Razmik dobavitelja se tece; naslednji prenos po 4. 09. 2026 05:52.
03:22:33     Prevzem koncan: uspesno 0, neuspesno 0, skupaj virov 1.
03:22:33     Prebranih zapisov: 1389; SHA-256: 87dc96ff135a90ff21281cf2e3d01cba9b89e36308560bfd15167c9a03d703ba
03:22:34     STOCK_FILE pri podjetju 1: se ni na vrsti po razporedu; preskoceno.
03:22:34     Prebranih zapisov: 1389; SHA-256: 87dc96ff135a90ff21281cf2e3d01cba9b89e36308560bfd15167c9a03d703ba
03:22:35     Ta posnetek je ze v bazi; vir=BT_STOCK, podjetje=2, cas posnetka=2026-09-03 15:17:35Z, uporabljenih=1389, v karanteni=0, RunId=3496c976-0c49-45c5-9f74-0ffd35e5d443. Zapisano ni bilo nic.
03:22:35     Prebranih zapisov: 1389; SHA-256: 87dc96ff135a90ff21281cf2e3d01cba9b89e36308560bfd15167c9a03d703ba
03:22:36     Ta posnetek je ze v bazi; vir=BT_STOCK, podjetje=3, cas posnetka=2026-09-03 15:17:35Z, uporabljenih=1389, v karanteni=0, RunId=3dd9ac1c-09dd-4827-b930-eb014cdb2746. Zapisano ni bilo nic.
03:22:36     Prebranih zapisov: 1389; SHA-256: 87dc96ff135a90ff21281cf2e3d01cba9b89e36308560bfd15167c9a03d703ba
03:22:37     Ta posnetek je ze v bazi; vir=BT_STOCK, podjetje=4, cas posnetka=2026-09-03 15:17:35Z, uporabljenih=1389, v karanteni=0, RunId=bec7f147-9b63-48d7-a0cc-8df0cb029c6c. Zapisano ni bilo nic.
03:22:37     konec: Zaloga BT_STOCK
03:22:37  == Zaloga iz SAOP (kolicine) ==
03:22:38     [1] SAOP_STOCK: se ni na vrsti po razporedu; preskoceno.
03:22:38     [2] SAOP_STOCK: se ni na vrsti po razporedu; preskoceno.
03:22:38     [3] SAOP_STOCK: se ni na vrsti po razporedu; preskoceno.
03:22:38     [4] SAOP_STOCK: se ni na vrsti po razporedu; preskoceno.
03:22:38     konec: Zaloga iz SAOP (kolicine)
03:22:38  == Izvoz cen in zaloge za splet ==
03:22:39     Izvoz profila MAGENTO_STOCK_PRICES končan: 352 vrstic v C:\Users\david\Desktop\PIM\NoviPIM\izvoz\magento\1
03:22:43     Izvoz profila MAGENTO_STOCK_PRICES končan: 2071 vrstic v C:\Users\david\Desktop\PIM\NoviPIM\izvoz\magento\2
03:22:47     Izvoz profila MAGENTO_STOCK_PRICES končan: 2488 vrstic v C:\Users\david\Desktop\PIM\NoviPIM\izvoz\magento\3
03:22:48     Izvoz profila MAGENTO_STOCK_PRICES končan: 0 vrstic v C:\Users\david\Desktop\PIM\NoviPIM\izvoz\magento\4
03:22:48     konec: Izvoz cen in zaloge za splet
03:22:48  Zalogovni cikel koncan; padlih korakov: 0.
03:27:27  == Zaloga NW_STOCK ==
03:27:28     SOURCE_FETCH: se ni na vrsti po razporedu; preskoceno.
03:27:29     Prebranih zapisov: 2763; SHA-256: 220c974c90d12f3e3d394ef315c1e20d4af28951792a4b5e186bcd4b74e33254
03:27:29     Ta posnetek je ze v bazi; vir=NW_STOCK, podjetje=1, cas posnetka=2026-09-03 22:42:28Z, uporabljenih=2763, v karanteni=0, RunId=ab077cf4-ce45-4b25-81ce-137c54dff502. Zapisano ni bilo nic.
03:27:30     Prebranih zapisov: 2763; SHA-256: 220c974c90d12f3e3d394ef315c1e20d4af28951792a4b5e186bcd4b74e33254
03:27:30     STOCK_FILE pri podjetju 2: se ni na vrsti po razporedu; preskoceno.
03:27:31     Prebranih zapisov: 2763; SHA-256: 220c974c90d12f3e3d394ef315c1e20d4af28951792a4b5e186bcd4b74e33254
03:27:31     STOCK_FILE pri podjetju 3: se ni na vrsti po razporedu; preskoceno.
03:27:32     Prebranih zapisov: 2763; SHA-256: 220c974c90d12f3e3d394ef315c1e20d4af28951792a4b5e186bcd4b74e33254
03:27:32     STOCK_FILE pri podjetju 4: se ni na vrsti po razporedu; preskoceno.
03:27:32     konec: Zaloga NW_STOCK
03:27:32  == Zaloga BT_STOCK ==
03:27:33     [BT_STOCK] preskoceno: Razmik dobavitelja se tece; naslednji prenos po 4. 09. 2026 05:52.
03:27:33     Prevzem koncan: uspesno 0, neuspesno 0, skupaj virov 1.
03:27:34     Prebranih zapisov: 1389; SHA-256: 87dc96ff135a90ff21281cf2e3d01cba9b89e36308560bfd15167c9a03d703ba
03:27:34     STOCK_FILE pri podjetju 1: se ni na vrsti po razporedu; preskoceno.
03:27:34     Prebranih zapisov: 1389; SHA-256: 87dc96ff135a90ff21281cf2e3d01cba9b89e36308560bfd15167c9a03d703ba
03:27:35     Ta posnetek je ze v bazi; vir=BT_STOCK, podjetje=2, cas posnetka=2026-09-03 15:17:35Z, uporabljenih=1389, v karanteni=0, RunId=3496c976-0c49-45c5-9f74-0ffd35e5d443. Zapisano ni bilo nic.
03:27:36     Prebranih zapisov: 1389; SHA-256: 87dc96ff135a90ff21281cf2e3d01cba9b89e36308560bfd15167c9a03d703ba
03:27:36     Ta posnetek je ze v bazi; vir=BT_STOCK, podjetje=3, cas posnetka=2026-09-03 15:17:35Z, uporabljenih=1389, v karanteni=0, RunId=3dd9ac1c-09dd-4827-b930-eb014cdb2746. Zapisano ni bilo nic.
03:27:37     Prebranih zapisov: 1389; SHA-256: 87dc96ff135a90ff21281cf2e3d01cba9b89e36308560bfd15167c9a03d703ba
03:27:37     Ta posnetek je ze v bazi; vir=BT_STOCK, podjetje=4, cas posnetka=2026-09-03 15:17:35Z, uporabljenih=1389, v karanteni=0, RunId=bec7f147-9b63-48d7-a0cc-8df0cb029c6c. Zapisano ni bilo nic.
03:27:37     konec: Zaloga BT_STOCK
03:27:37  == Zaloga iz SAOP (kolicine) ==
03:27:38     [1] SAOP_STOCK: se ni na vrsti po razporedu; preskoceno.
03:27:38     [2] SAOP_STOCK: se ni na vrsti po razporedu; preskoceno.
03:27:38     [3] SAOP_STOCK: se ni na vrsti po razporedu; preskoceno.
03:27:38     [4] SAOP_STOCK: se ni na vrsti po razporedu; preskoceno.
03:27:38     konec: Zaloga iz SAOP (kolicine)
03:27:38  == Izvoz cen in zaloge za splet ==
03:27:39     Izvoz profila MAGENTO_STOCK_PRICES končan: 352 vrstic v C:\Users\david\Desktop\PIM\NoviPIM\izvoz\magento\1
03:27:43     Izvoz profila MAGENTO_STOCK_PRICES končan: 2071 vrstic v C:\Users\david\Desktop\PIM\NoviPIM\izvoz\magento\2
03:27:47     Izvoz profila MAGENTO_STOCK_PRICES končan: 2488 vrstic v C:\Users\david\Desktop\PIM\NoviPIM\izvoz\magento\3
03:27:48     Izvoz profila MAGENTO_STOCK_PRICES končan: 0 vrstic v C:\Users\david\Desktop\PIM\NoviPIM\izvoz\magento\4
03:27:48     konec: Izvoz cen in zaloge za splet
03:27:48  Zalogovni cikel koncan; padlih korakov: 0.
03:32:26  == Zaloga NW_STOCK ==
03:32:27     SOURCE_FETCH: se ni na vrsti po razporedu; preskoceno.
03:32:28     Prebranih zapisov: 2763; SHA-256: 220c974c90d12f3e3d394ef315c1e20d4af28951792a4b5e186bcd4b74e33254
03:32:28     STOCK_FILE pri podjetju 1: se ni na vrsti po razporedu; preskoceno.
03:32:29     Prebranih zapisov: 2763; SHA-256: 220c974c90d12f3e3d394ef315c1e20d4af28951792a4b5e186bcd4b74e33254
03:32:29     STOCK_FILE pri podjetju 2: se ni na vrsti po razporedu; preskoceno.
03:32:30     Prebranih zapisov: 2763; SHA-256: 220c974c90d12f3e3d394ef315c1e20d4af28951792a4b5e186bcd4b74e33254
03:32:30     STOCK_FILE pri podjetju 3: se ni na vrsti po razporedu; preskoceno.
03:32:31     Prebranih zapisov: 2763; SHA-256: 220c974c90d12f3e3d394ef315c1e20d4af28951792a4b5e186bcd4b74e33254
03:32:31     STOCK_FILE pri podjetju 4: se ni na vrsti po razporedu; preskoceno.
03:32:31     konec: Zaloga NW_STOCK
03:32:31  == Zaloga BT_STOCK ==
03:32:32     SOURCE_FETCH: se ni na vrsti po razporedu; preskoceno.
03:32:32     Prebranih zapisov: 1389; SHA-256: 87dc96ff135a90ff21281cf2e3d01cba9b89e36308560bfd15167c9a03d703ba
03:32:33     Ta posnetek je ze v bazi; vir=BT_STOCK, podjetje=1, cas posnetka=2026-09-03 15:17:35Z, uporabljenih=1389, v karanteni=0, RunId=5e288d2d-98ef-40e1-b33c-663e6d513e74. Zapisano ni bilo nic.
03:32:33     Prebranih zapisov: 1389; SHA-256: 87dc96ff135a90ff21281cf2e3d01cba9b89e36308560bfd15167c9a03d703ba
03:32:34     STOCK_FILE pri podjetju 2: se ni na vrsti po razporedu; preskoceno.
03:32:34     Prebranih zapisov: 1389; SHA-256: 87dc96ff135a90ff21281cf2e3d01cba9b89e36308560bfd15167c9a03d703ba
03:32:35     STOCK_FILE pri podjetju 3: se ni na vrsti po razporedu; preskoceno.
03:32:35     Prebranih zapisov: 1389; SHA-256: 87dc96ff135a90ff21281cf2e3d01cba9b89e36308560bfd15167c9a03d703ba
03:32:36     STOCK_FILE pri podjetju 4: se ni na vrsti po razporedu; preskoceno.
03:32:36     konec: Zaloga BT_STOCK
03:32:36  == Zaloga iz SAOP (kolicine) ==
03:32:37     [1] SAOP_STOCK: se ni na vrsti po razporedu; preskoceno.
03:32:37     [2] SAOP_STOCK: se ni na vrsti po razporedu; preskoceno.
03:32:37     [3] SAOP_STOCK: se ni na vrsti po razporedu; preskoceno.
03:32:37     [4] SAOP_STOCK: se ni na vrsti po razporedu; preskoceno.
03:32:37     konec: Zaloga iz SAOP (kolicine)
03:32:37  == Izvoz cen in zaloge za splet ==
03:32:38     Izvoz profila MAGENTO_STOCK_PRICES končan: 352 vrstic v C:\Users\david\Desktop\PIM\NoviPIM\izvoz\magento\1
03:32:42     Izvoz profila MAGENTO_STOCK_PRICES končan: 2071 vrstic v C:\Users\david\Desktop\PIM\NoviPIM\izvoz\magento\2
03:32:45     Izvoz profila MAGENTO_STOCK_PRICES končan: 2488 vrstic v C:\Users\david\Desktop\PIM\NoviPIM\izvoz\magento\3
03:32:47     Izvoz profila MAGENTO_STOCK_PRICES končan: 0 vrstic v C:\Users\david\Desktop\PIM\NoviPIM\izvoz\magento\4
03:32:47     konec: Izvoz cen in zaloge za splet
03:32:47  Zalogovni cikel koncan; padlih korakov: 0.
03:37:26  == Zaloga NW_STOCK ==
03:37:27     [NW_STOCK] preskoceno: Razmik dobavitelja se tece; naslednji prenos po 4. 09. 2026 04:47.
03:37:27     Prevzem koncan: uspesno 0, neuspesno 0, skupaj virov 1.
03:37:28     Prebranih zapisov: 2763; SHA-256: 220c974c90d12f3e3d394ef315c1e20d4af28951792a4b5e186bcd4b74e33254
03:37:28     STOCK_FILE pri podjetju 1: se ni na vrsti po razporedu; preskoceno.
03:37:29     Prebranih zapisov: 2763; SHA-256: 220c974c90d12f3e3d394ef315c1e20d4af28951792a4b5e186bcd4b74e33254
03:37:29     Ta posnetek je ze v bazi; vir=NW_STOCK, podjetje=2, cas posnetka=2026-09-03 22:42:28Z, uporabljenih=2763, v karanteni=0, RunId=f8b92ee0-ede5-4882-9f20-2d2cd2ef743a. Zapisano ni bilo nic.
03:37:30     Prebranih zapisov: 2763; SHA-256: 220c974c90d12f3e3d394ef315c1e20d4af28951792a4b5e186bcd4b74e33254
03:37:30     Ta posnetek je ze v bazi; vir=NW_STOCK, podjetje=3, cas posnetka=2026-09-03 22:42:28Z, uporabljenih=2763, v karanteni=0, RunId=0d98199c-37d4-4192-b519-334e62960fc6. Zapisano ni bilo nic.
03:37:31     Prebranih zapisov: 2763; SHA-256: 220c974c90d12f3e3d394ef315c1e20d4af28951792a4b5e186bcd4b74e33254
03:37:31     Ta posnetek je ze v bazi; vir=NW_STOCK, podjetje=4, cas posnetka=2026-09-03 22:42:28Z, uporabljenih=2763, v karanteni=0, RunId=2f072eba-799f-4fb5-a11b-725ff0de299f. Zapisano ni bilo nic.
03:37:31     konec: Zaloga NW_STOCK
03:37:31  == Zaloga BT_STOCK ==
03:37:32     SOURCE_FETCH: se ni na vrsti po razporedu; preskoceno.
03:37:33     Prebranih zapisov: 1389; SHA-256: 87dc96ff135a90ff21281cf2e3d01cba9b89e36308560bfd15167c9a03d703ba
03:37:33     Ta posnetek je ze v bazi; vir=BT_STOCK, podjetje=1, cas posnetka=2026-09-03 15:17:35Z, uporabljenih=1389, v karanteni=0, RunId=5e288d2d-98ef-40e1-b33c-663e6d513e74. Zapisano ni bilo nic.
03:37:34     Prebranih zapisov: 1389; SHA-256: 87dc96ff135a90ff21281cf2e3d01cba9b89e36308560bfd15167c9a03d703ba
03:37:34     STOCK_FILE pri podjetju 2: se ni na vrsti po razporedu; preskoceno.
03:37:35     Prebranih zapisov: 1389; SHA-256: 87dc96ff135a90ff21281cf2e3d01cba9b89e36308560bfd15167c9a03d703ba
03:37:35     STOCK_FILE pri podjetju 3: se ni na vrsti po razporedu; preskoceno.
03:37:36     Prebranih zapisov: 1389; SHA-256: 87dc96ff135a90ff21281cf2e3d01cba9b89e36308560bfd15167c9a03d703ba
03:37:36     STOCK_FILE pri podjetju 4: se ni na vrsti po razporedu; preskoceno.
03:37:36     konec: Zaloga BT_STOCK
03:37:36  == Zaloga iz SAOP (kolicine) ==
03:37:37     [1] SAOP_STOCK: se ni na vrsti po razporedu; preskoceno.
03:37:37     [2] SAOP_STOCK: se ni na vrsti po razporedu; preskoceno.
03:37:37     [3] SAOP_STOCK: se ni na vrsti po razporedu; preskoceno.
03:37:37     [4] SAOP_STOCK: se ni na vrsti po razporedu; preskoceno.
03:37:37     konec: Zaloga iz SAOP (kolicine)
03:37:37  == Izvoz cen in zaloge za splet ==
03:37:38     Izvoz profila MAGENTO_STOCK_PRICES končan: 352 vrstic v C:\Users\david\Desktop\PIM\NoviPIM\izvoz\magento\1
03:37:42     Izvoz profila MAGENTO_STOCK_PRICES končan: 2071 vrstic v C:\Users\david\Desktop\PIM\NoviPIM\izvoz\magento\2
03:37:46     Izvoz profila MAGENTO_STOCK_PRICES končan: 2488 vrstic v C:\Users\david\Desktop\PIM\NoviPIM\izvoz\magento\3
03:37:47     Izvoz profila MAGENTO_STOCK_PRICES končan: 0 vrstic v C:\Users\david\Desktop\PIM\NoviPIM\izvoz\magento\4
03:37:47     konec: Izvoz cen in zaloge za splet
03:37:47  Zalogovni cikel koncan; padlih korakov: 0.
03:42:26  == Zaloga NW_STOCK ==
03:42:27     [NW_STOCK] preskoceno: Razmik dobavitelja se tece; naslednji prenos po 4. 09. 2026 04:47.
03:42:27     Prevzem koncan: uspesno 0, neuspesno 0, skupaj virov 1.
03:42:28     Prebranih zapisov: 2763; SHA-256: 220c974c90d12f3e3d394ef315c1e20d4af28951792a4b5e186bcd4b74e33254
03:42:28     STOCK_FILE pri podjetju 1: se ni na vrsti po razporedu; preskoceno.
03:42:29     Prebranih zapisov: 2763; SHA-256: 220c974c90d12f3e3d394ef315c1e20d4af28951792a4b5e186bcd4b74e33254
03:42:29     Ta posnetek je ze v bazi; vir=NW_STOCK, podjetje=2, cas posnetka=2026-09-03 22:42:28Z, uporabljenih=2763, v karanteni=0, RunId=f8b92ee0-ede5-4882-9f20-2d2cd2ef743a. Zapisano ni bilo nic.
03:42:30     Prebranih zapisov: 2763; SHA-256: 220c974c90d12f3e3d394ef315c1e20d4af28951792a4b5e186bcd4b74e33254
03:42:30     Ta posnetek je ze v bazi; vir=NW_STOCK, podjetje=3, cas posnetka=2026-09-03 22:42:28Z, uporabljenih=2763, v karanteni=0, RunId=0d98199c-37d4-4192-b519-334e62960fc6. Zapisano ni bilo nic.
03:42:31     Prebranih zapisov: 2763; SHA-256: 220c974c90d12f3e3d394ef315c1e20d4af28951792a4b5e186bcd4b74e33254
03:42:31     STOCK_FILE pri podjetju 4: se ni na vrsti po razporedu; preskoceno.
03:42:31     konec: Zaloga NW_STOCK
03:42:31  == Zaloga BT_STOCK ==
03:42:32     SOURCE_FETCH: se ni na vrsti po razporedu; preskoceno.
03:42:33     Prebranih zapisov: 1389; SHA-256: 87dc96ff135a90ff21281cf2e3d01cba9b89e36308560bfd15167c9a03d703ba
03:42:33     STOCK_FILE pri podjetju 1: se ni na vrsti po razporedu; preskoceno.
03:42:34     Prebranih zapisov: 1389; SHA-256: 87dc96ff135a90ff21281cf2e3d01cba9b89e36308560bfd15167c9a03d703ba
03:42:34     STOCK_FILE pri podjetju 2: se ni na vrsti po razporedu; preskoceno.
03:42:35     Prebranih zapisov: 1389; SHA-256: 87dc96ff135a90ff21281cf2e3d01cba9b89e36308560bfd15167c9a03d703ba
03:42:35     STOCK_FILE pri podjetju 3: se ni na vrsti po razporedu; preskoceno.
03:42:36     Prebranih zapisov: 1389; SHA-256: 87dc96ff135a90ff21281cf2e3d01cba9b89e36308560bfd15167c9a03d703ba
03:42:36     Ta posnetek je ze v bazi; vir=BT_STOCK, podjetje=4, cas posnetka=2026-09-03 15:17:35Z, uporabljenih=1389, v karanteni=0, RunId=bec7f147-9b63-48d7-a0cc-8df0cb029c6c. Zapisano ni bilo nic.
03:42:36     konec: Zaloga BT_STOCK
03:42:36  == Zaloga iz SAOP (kolicine) ==
03:42:37     [1] SAOP_STOCK: se ni na vrsti po razporedu; preskoceno.
03:42:37     [2] SAOP_STOCK: se ni na vrsti po razporedu; preskoceno.
03:42:37     [3] SAOP_STOCK: se ni na vrsti po razporedu; preskoceno.
03:42:37     [4] SAOP_STOCK: se ni na vrsti po razporedu; preskoceno.
03:42:37     konec: Zaloga iz SAOP (kolicine)
03:42:37  == Izvoz cen in zaloge za splet ==
03:42:38     Izvoz profila MAGENTO_STOCK_PRICES končan: 352 vrstic v C:\Users\david\Desktop\PIM\NoviPIM\izvoz\magento\1
03:42:42     Izvoz profila MAGENTO_STOCK_PRICES končan: 2071 vrstic v C:\Users\david\Desktop\PIM\NoviPIM\izvoz\magento\2
03:42:46     Izvoz profila MAGENTO_STOCK_PRICES končan: 2488 vrstic v C:\Users\david\Desktop\PIM\NoviPIM\izvoz\magento\3
03:42:47     Izvoz profila MAGENTO_STOCK_PRICES končan: 0 vrstic v C:\Users\david\Desktop\PIM\NoviPIM\izvoz\magento\4
03:42:47     konec: Izvoz cen in zaloge za splet
03:42:47  Zalogovni cikel koncan; padlih korakov: 0.
03:47:26  == Zaloga NW_STOCK ==
03:47:27     SOURCE_FETCH: se ni na vrsti po razporedu; preskoceno.
03:47:28     Prebranih zapisov: 2763; SHA-256: 220c974c90d12f3e3d394ef315c1e20d4af28951792a4b5e186bcd4b74e33254
03:47:28     Ta posnetek je ze v bazi; vir=NW_STOCK, podjetje=1, cas posnetka=2026-09-03 22:42:28Z, uporabljenih=2763, v karanteni=0, RunId=ab077cf4-ce45-4b25-81ce-137c54dff502. Zapisano ni bilo nic.
03:47:29     Prebranih zapisov: 2763; SHA-256: 220c974c90d12f3e3d394ef315c1e20d4af28951792a4b5e186bcd4b74e33254
03:47:29     Ta posnetek je ze v bazi; vir=NW_STOCK, podjetje=2, cas posnetka=2026-09-03 22:42:28Z, uporabljenih=2763, v karanteni=0, RunId=f8b92ee0-ede5-4882-9f20-2d2cd2ef743a. Zapisano ni bilo nic.
03:47:30     Prebranih zapisov: 2763; SHA-256: 220c974c90d12f3e3d394ef315c1e20d4af28951792a4b5e186bcd4b74e33254
03:47:30     STOCK_FILE pri podjetju 3: se ni na vrsti po razporedu; preskoceno.
03:47:31     Prebranih zapisov: 2763; SHA-256: 220c974c90d12f3e3d394ef315c1e20d4af28951792a4b5e186bcd4b74e33254
03:47:31     STOCK_FILE pri podjetju 4: se ni na vrsti po razporedu; preskoceno.
03:47:31     konec: Zaloga NW_STOCK
03:47:31  == Zaloga BT_STOCK ==
03:47:32     [BT_STOCK] preskoceno: Razmik dobavitelja se tece; naslednji prenos po 4. 09. 2026 05:52.
03:47:32     Prevzem koncan: uspesno 0, neuspesno 0, skupaj virov 1.
03:47:33     Prebranih zapisov: 1389; SHA-256: 87dc96ff135a90ff21281cf2e3d01cba9b89e36308560bfd15167c9a03d703ba
03:47:33     STOCK_FILE pri podjetju 1: se ni na vrsti po razporedu; preskoceno.
03:47:34     Prebranih zapisov: 1389; SHA-256: 87dc96ff135a90ff21281cf2e3d01cba9b89e36308560bfd15167c9a03d703ba
03:47:34     STOCK_FILE pri podjetju 2: se ni na vrsti po razporedu; preskoceno.
03:47:35     Prebranih zapisov: 1389; SHA-256: 87dc96ff135a90ff21281cf2e3d01cba9b89e36308560bfd15167c9a03d703ba
03:47:35     Ta posnetek je ze v bazi; vir=BT_STOCK, podjetje=3, cas posnetka=2026-09-03 15:17:35Z, uporabljenih=1389, v karanteni=0, RunId=3dd9ac1c-09dd-4827-b930-eb014cdb2746. Zapisano ni bilo nic.
03:47:36     Prebranih zapisov: 1389; SHA-256: 87dc96ff135a90ff21281cf2e3d01cba9b89e36308560bfd15167c9a03d703ba
03:47:36     STOCK_FILE pri podjetju 4: se ni na vrsti po razporedu; preskoceno.
03:47:36     konec: Zaloga BT_STOCK
03:47:36  == Zaloga iz SAOP (kolicine) ==
03:47:37     [1] SAOP_STOCK: se ni na vrsti po razporedu; preskoceno.
03:47:37     [2] SAOP_STOCK: se ni na vrsti po razporedu; preskoceno.
03:47:37     [3] SAOP_STOCK: se ni na vrsti po razporedu; preskoceno.
03:47:37     [4] SAOP_STOCK: se ni na vrsti po razporedu; preskoceno.
03:47:37     konec: Zaloga iz SAOP (kolicine)
03:47:37  == Izvoz cen in zaloge za splet ==
03:47:38     Izvoz profila MAGENTO_STOCK_PRICES končan: 352 vrstic v C:\Users\david\Desktop\PIM\NoviPIM\izvoz\magento\1
03:47:42     Izvoz profila MAGENTO_STOCK_PRICES končan: 2071 vrstic v C:\Users\david\Desktop\PIM\NoviPIM\izvoz\magento\2
03:47:46     Izvoz profila MAGENTO_STOCK_PRICES končan: 2488 vrstic v C:\Users\david\Desktop\PIM\NoviPIM\izvoz\magento\3
03:47:47     Izvoz profila MAGENTO_STOCK_PRICES končan: 0 vrstic v C:\Users\david\Desktop\PIM\NoviPIM\izvoz\magento\4
03:47:47     konec: Izvoz cen in zaloge za splet
03:47:47  Zalogovni cikel koncan; padlih korakov: 0.
03:52:27  == Zaloga NW_STOCK ==
03:52:28     SOURCE_FETCH: se ni na vrsti po razporedu; preskoceno.
03:52:29     Prebranih zapisov: 2763; SHA-256: 220c974c90d12f3e3d394ef315c1e20d4af28951792a4b5e186bcd4b74e33254
03:52:29     Ta posnetek je ze v bazi; vir=NW_STOCK, podjetje=1, cas posnetka=2026-09-03 22:42:28Z, uporabljenih=2763, v karanteni=0, RunId=ab077cf4-ce45-4b25-81ce-137c54dff502. Zapisano ni bilo nic.
03:52:30     Prebranih zapisov: 2763; SHA-256: 220c974c90d12f3e3d394ef315c1e20d4af28951792a4b5e186bcd4b74e33254
03:52:30     Ta posnetek je ze v bazi; vir=NW_STOCK, podjetje=2, cas posnetka=2026-09-03 22:42:28Z, uporabljenih=2763, v karanteni=0, RunId=f8b92ee0-ede5-4882-9f20-2d2cd2ef743a. Zapisano ni bilo nic.
03:52:31     Prebranih zapisov: 2763; SHA-256: 220c974c90d12f3e3d394ef315c1e20d4af28951792a4b5e186bcd4b74e33254
03:52:31     STOCK_FILE pri podjetju 3: se ni na vrsti po razporedu; preskoceno.
03:52:32     Prebranih zapisov: 2763; SHA-256: 220c974c90d12f3e3d394ef315c1e20d4af28951792a4b5e186bcd4b74e33254
03:52:32     Ta posnetek je ze v bazi; vir=NW_STOCK, podjetje=4, cas posnetka=2026-09-03 22:42:28Z, uporabljenih=2763, v karanteni=0, RunId=2f072eba-799f-4fb5-a11b-725ff0de299f. Zapisano ni bilo nic.
03:52:32     konec: Zaloga NW_STOCK
03:52:32  == Zaloga BT_STOCK ==
03:52:33     [BT_STOCK] preskoceno: Razmik dobavitelja se tece; naslednji prenos po 4. 09. 2026 05:52.
03:52:33     Prevzem koncan: uspesno 0, neuspesno 0, skupaj virov 1.
03:52:34     Prebranih zapisov: 1389; SHA-256: 87dc96ff135a90ff21281cf2e3d01cba9b89e36308560bfd15167c9a03d703ba
03:52:34     STOCK_FILE pri podjetju 1: se ni na vrsti po razporedu; preskoceno.
03:52:35     Prebranih zapisov: 1389; SHA-256: 87dc96ff135a90ff21281cf2e3d01cba9b89e36308560bfd15167c9a03d703ba
03:52:35     STOCK_FILE pri podjetju 2: se ni na vrsti po razporedu; preskoceno.
03:52:36     Prebranih zapisov: 1389; SHA-256: 87dc96ff135a90ff21281cf2e3d01cba9b89e36308560bfd15167c9a03d703ba
03:52:36     Ta posnetek je ze v bazi; vir=BT_STOCK, podjetje=3, cas posnetka=2026-09-03 15:17:35Z, uporabljenih=1389, v karanteni=0, RunId=3dd9ac1c-09dd-4827-b930-eb014cdb2746. Zapisano ni bilo nic.
03:52:37     Prebranih zapisov: 1389; SHA-256: 87dc96ff135a90ff21281cf2e3d01cba9b89e36308560bfd15167c9a03d703ba
03:52:37     STOCK_FILE pri podjetju 4: se ni na vrsti po razporedu; preskoceno.
03:52:37     konec: Zaloga BT_STOCK
03:52:37  == Zaloga iz SAOP (kolicine) ==
03:52:38     [1] SAOP_STOCK: se ni na vrsti po razporedu; preskoceno.
03:52:38     [2] SAOP_STOCK: se ni na vrsti po razporedu; preskoceno.
03:52:38     [3] SAOP_STOCK: se ni na vrsti po razporedu; preskoceno.
03:52:38     [4] SAOP_STOCK: se ni na vrsti po razporedu; preskoceno.
03:52:39     konec: Zaloga iz SAOP (kolicine)
03:52:39  == Izvoz cen in zaloge za splet ==
03:52:40     Izvoz profila MAGENTO_STOCK_PRICES končan: 352 vrstic v C:\Users\david\Desktop\PIM\NoviPIM\izvoz\magento\1
03:52:44     Izvoz profila MAGENTO_STOCK_PRICES končan: 2071 vrstic v C:\Users\david\Desktop\PIM\NoviPIM\izvoz\magento\2
03:52:48     Izvoz profila MAGENTO_STOCK_PRICES končan: 2488 vrstic v C:\Users\david\Desktop\PIM\NoviPIM\izvoz\magento\3
03:52:49     Izvoz profila MAGENTO_STOCK_PRICES končan: 0 vrstic v C:\Users\david\Desktop\PIM\NoviPIM\izvoz\magento\4
03:52:49     konec: Izvoz cen in zaloge za splet
03:52:49  Zalogovni cikel koncan; padlih korakov: 0.
03:57:26  == Zaloga NW_STOCK ==
03:57:27     SOURCE_FETCH: se ni na vrsti po razporedu; preskoceno.
03:57:28     Prebranih zapisov: 2763; SHA-256: 220c974c90d12f3e3d394ef315c1e20d4af28951792a4b5e186bcd4b74e33254
03:57:28     STOCK_FILE pri podjetju 1: se ni na vrsti po razporedu; preskoceno.
03:57:29     Prebranih zapisov: 2763; SHA-256: 220c974c90d12f3e3d394ef315c1e20d4af28951792a4b5e186bcd4b74e33254
03:57:29     STOCK_FILE pri podjetju 2: se ni na vrsti po razporedu; preskoceno.
03:57:30     Prebranih zapisov: 2763; SHA-256: 220c974c90d12f3e3d394ef315c1e20d4af28951792a4b5e186bcd4b74e33254
03:57:30     STOCK_FILE pri podjetju 3: se ni na vrsti po razporedu; preskoceno.
03:57:31     Prebranih zapisov: 2763; SHA-256: 220c974c90d12f3e3d394ef315c1e20d4af28951792a4b5e186bcd4b74e33254
03:57:31     STOCK_FILE pri podjetju 4: se ni na vrsti po razporedu; preskoceno.
03:57:31     konec: Zaloga NW_STOCK
03:57:31  == Zaloga BT_STOCK ==
03:57:32     SOURCE_FETCH: se ni na vrsti po razporedu; preskoceno.
03:57:33     Prebranih zapisov: 1389; SHA-256: 87dc96ff135a90ff21281cf2e3d01cba9b89e36308560bfd15167c9a03d703ba
03:57:33     Ta posnetek je ze v bazi; vir=BT_STOCK, podjetje=1, cas posnetka=2026-09-03 15:17:35Z, uporabljenih=1389, v karanteni=0, RunId=5e288d2d-98ef-40e1-b33c-663e6d513e74. Zapisano ni bilo nic.
03:57:34     Prebranih zapisov: 1389; SHA-256: 87dc96ff135a90ff21281cf2e3d01cba9b89e36308560bfd15167c9a03d703ba
03:57:34     Ta posnetek je ze v bazi; vir=BT_STOCK, podjetje=2, cas posnetka=2026-09-03 15:17:35Z, uporabljenih=1389, v karanteni=0, RunId=3496c976-0c49-45c5-9f74-0ffd35e5d443. Zapisano ni bilo nic.
03:57:35     Prebranih zapisov: 1389; SHA-256: 87dc96ff135a90ff21281cf2e3d01cba9b89e36308560bfd15167c9a03d703ba
03:57:35     STOCK_FILE pri podjetju 3: se ni na vrsti po razporedu; preskoceno.
03:57:36     Prebranih zapisov: 1389; SHA-256: 87dc96ff135a90ff21281cf2e3d01cba9b89e36308560bfd15167c9a03d703ba
03:57:36     Ta posnetek je ze v bazi; vir=BT_STOCK, podjetje=4, cas posnetka=2026-09-03 15:17:35Z, uporabljenih=1389, v karanteni=0, RunId=bec7f147-9b63-48d7-a0cc-8df0cb029c6c. Zapisano ni bilo nic.
03:57:36     konec: Zaloga BT_STOCK
03:57:36  == Zaloga iz SAOP (kolicine) ==
03:57:37     [1] SAOP_STOCK: se ni na vrsti po razporedu; preskoceno.
03:57:37     [2] SAOP_STOCK: se ni na vrsti po razporedu; preskoceno.
03:57:37     [3] SAOP_STOCK: se ni na vrsti po razporedu; preskoceno.
03:57:37     [4] SAOP_STOCK: se ni na vrsti po razporedu; preskoceno.
03:57:37     konec: Zaloga iz SAOP (kolicine)
03:57:37  == Izvoz cen in zaloge za splet ==
03:57:39     Izvoz profila MAGENTO_STOCK_PRICES končan: 352 vrstic v C:\Users\david\Desktop\PIM\NoviPIM\izvoz\magento\1
03:57:42     Izvoz profila MAGENTO_STOCK_PRICES končan: 2071 vrstic v C:\Users\david\Desktop\PIM\NoviPIM\izvoz\magento\2
03:57:46     Izvoz profila MAGENTO_STOCK_PRICES končan: 2488 vrstic v C:\Users\david\Desktop\PIM\NoviPIM\izvoz\magento\3
03:57:47     Izvoz profila MAGENTO_STOCK_PRICES končan: 0 vrstic v C:\Users\david\Desktop\PIM\NoviPIM\izvoz\magento\4
03:57:47     konec: Izvoz cen in zaloge za splet
03:57:47  Zalogovni cikel koncan; padlih korakov: 0.
04:02:26  == Zaloga NW_STOCK ==
04:02:27     [NW_STOCK] preskoceno: Razmik dobavitelja se tece; naslednji prenos po 4. 09. 2026 04:47.
04:02:27     Prevzem koncan: uspesno 0, neuspesno 0, skupaj virov 1.
04:02:28     Prebranih zapisov: 2763; SHA-256: 220c974c90d12f3e3d394ef315c1e20d4af28951792a4b5e186bcd4b74e33254
04:02:28     STOCK_FILE pri podjetju 1: se ni na vrsti po razporedu; preskoceno.
04:02:29     Prebranih zapisov: 2763; SHA-256: 220c974c90d12f3e3d394ef315c1e20d4af28951792a4b5e186bcd4b74e33254
04:02:29     STOCK_FILE pri podjetju 2: se ni na vrsti po razporedu; preskoceno.
04:02:30     Prebranih zapisov: 2763; SHA-256: 220c974c90d12f3e3d394ef315c1e20d4af28951792a4b5e186bcd4b74e33254
04:02:30     Ta posnetek je ze v bazi; vir=NW_STOCK, podjetje=3, cas posnetka=2026-09-03 22:42:28Z, uporabljenih=2763, v karanteni=0, RunId=0d98199c-37d4-4192-b519-334e62960fc6. Zapisano ni bilo nic.
04:02:31     Prebranih zapisov: 2763; SHA-256: 220c974c90d12f3e3d394ef315c1e20d4af28951792a4b5e186bcd4b74e33254
04:02:31     STOCK_FILE pri podjetju 4: se ni na vrsti po razporedu; preskoceno.
04:02:31     konec: Zaloga NW_STOCK
04:02:31  == Zaloga BT_STOCK ==
04:02:32     SOURCE_FETCH: se ni na vrsti po razporedu; preskoceno.
04:02:33     Prebranih zapisov: 1389; SHA-256: 87dc96ff135a90ff21281cf2e3d01cba9b89e36308560bfd15167c9a03d703ba
04:02:33     STOCK_FILE pri podjetju 1: se ni na vrsti po razporedu; preskoceno.
04:02:34     Prebranih zapisov: 1389; SHA-256: 87dc96ff135a90ff21281cf2e3d01cba9b89e36308560bfd15167c9a03d703ba
04:02:34     STOCK_FILE pri podjetju 2: se ni na vrsti po razporedu; preskoceno.
04:02:35     Prebranih zapisov: 1389; SHA-256: 87dc96ff135a90ff21281cf2e3d01cba9b89e36308560bfd15167c9a03d703ba
04:02:35     STOCK_FILE pri podjetju 3: se ni na vrsti po razporedu; preskoceno.
04:02:36     Prebranih zapisov: 1389; SHA-256: 87dc96ff135a90ff21281cf2e3d01cba9b89e36308560bfd15167c9a03d703ba
04:02:36     STOCK_FILE pri podjetju 4: se ni na vrsti po razporedu; preskoceno.
04:02:36     konec: Zaloga BT_STOCK
04:02:36  == Zaloga iz SAOP (kolicine) ==
04:02:37     [1] SAOP_STOCK: se ni na vrsti po razporedu; preskoceno.
04:02:37     [2] SAOP_STOCK: se ni na vrsti po razporedu; preskoceno.
04:02:37     [3] SAOP_STOCK: se ni na vrsti po razporedu; preskoceno.
04:02:37     [4] SAOP_STOCK: se ni na vrsti po razporedu; preskoceno.
04:02:37     konec: Zaloga iz SAOP (kolicine)
04:02:37  == Izvoz cen in zaloge za splet ==
04:02:38     Izvoz profila MAGENTO_STOCK_PRICES končan: 352 vrstic v C:\Users\david\Desktop\PIM\NoviPIM\izvoz\magento\1
04:02:42     Izvoz profila MAGENTO_STOCK_PRICES končan: 2071 vrstic v C:\Users\david\Desktop\PIM\NoviPIM\izvoz\magento\2
04:02:46     Izvoz profila MAGENTO_STOCK_PRICES končan: 2488 vrstic v C:\Users\david\Desktop\PIM\NoviPIM\izvoz\magento\3
04:02:47     Izvoz profila MAGENTO_STOCK_PRICES končan: 0 vrstic v C:\Users\david\Desktop\PIM\NoviPIM\izvoz\magento\4
04:02:47     konec: Izvoz cen in zaloge za splet
04:02:47  Zalogovni cikel koncan; padlih korakov: 0.
04:07:26  == Zaloga NW_STOCK ==
04:07:27     SOURCE_FETCH: se ni na vrsti po razporedu; preskoceno.
04:07:28     Prebranih zapisov: 2763; SHA-256: 220c974c90d12f3e3d394ef315c1e20d4af28951792a4b5e186bcd4b74e33254
04:07:28     Ta posnetek je ze v bazi; vir=NW_STOCK, podjetje=1, cas posnetka=2026-09-03 22:42:28Z, uporabljenih=2763, v karanteni=0, RunId=ab077cf4-ce45-4b25-81ce-137c54dff502. Zapisano ni bilo nic.
04:07:29     Prebranih zapisov: 2763; SHA-256: 220c974c90d12f3e3d394ef315c1e20d4af28951792a4b5e186bcd4b74e33254
04:07:29     Ta posnetek je ze v bazi; vir=NW_STOCK, podjetje=2, cas posnetka=2026-09-03 22:42:28Z, uporabljenih=2763, v karanteni=0, RunId=f8b92ee0-ede5-4882-9f20-2d2cd2ef743a. Zapisano ni bilo nic.
04:07:30     Prebranih zapisov: 2763; SHA-256: 220c974c90d12f3e3d394ef315c1e20d4af28951792a4b5e186bcd4b74e33254
04:07:30     Ta posnetek je ze v bazi; vir=NW_STOCK, podjetje=3, cas posnetka=2026-09-03 22:42:28Z, uporabljenih=2763, v karanteni=0, RunId=0d98199c-37d4-4192-b519-334e62960fc6. Zapisano ni bilo nic.
04:07:31     Prebranih zapisov: 2763; SHA-256: 220c974c90d12f3e3d394ef315c1e20d4af28951792a4b5e186bcd4b74e33254
04:07:31     Ta posnetek je ze v bazi; vir=NW_STOCK, podjetje=4, cas posnetka=2026-09-03 22:42:28Z, uporabljenih=2763, v karanteni=0, RunId=2f072eba-799f-4fb5-a11b-725ff0de299f. Zapisano ni bilo nic.
04:07:31     konec: Zaloga NW_STOCK
04:07:31  == Zaloga BT_STOCK ==
04:07:32     [BT_STOCK] preskoceno: Razmik dobavitelja se tece; naslednji prenos po 4. 09. 2026 05:52.
04:07:32     Prevzem koncan: uspesno 0, neuspesno 0, skupaj virov 1.
04:07:33     Prebranih zapisov: 1389; SHA-256: 87dc96ff135a90ff21281cf2e3d01cba9b89e36308560bfd15167c9a03d703ba
04:07:33     STOCK_FILE pri podjetju 1: se ni na vrsti po razporedu; preskoceno.
04:07:34     Prebranih zapisov: 1389; SHA-256: 87dc96ff135a90ff21281cf2e3d01cba9b89e36308560bfd15167c9a03d703ba
04:07:34     STOCK_FILE pri podjetju 2: se ni na vrsti po razporedu; preskoceno.
04:07:35     Prebranih zapisov: 1389; SHA-256: 87dc96ff135a90ff21281cf2e3d01cba9b89e36308560bfd15167c9a03d703ba
04:07:35     STOCK_FILE pri podjetju 3: se ni na vrsti po razporedu; preskoceno.
04:07:36     Prebranih zapisov: 1389; SHA-256: 87dc96ff135a90ff21281cf2e3d01cba9b89e36308560bfd15167c9a03d703ba
04:07:36     STOCK_FILE pri podjetju 4: se ni na vrsti po razporedu; preskoceno.
04:07:36     konec: Zaloga BT_STOCK
04:07:36  == Zaloga iz SAOP (kolicine) ==
04:07:37     [1] SAOP_STOCK: se ni na vrsti po razporedu; preskoceno.
04:07:37     [2] SAOP_STOCK: se ni na vrsti po razporedu; preskoceno.
04:07:37     [3] SAOP_STOCK: se ni na vrsti po razporedu; preskoceno.
04:07:37     [4] SAOP_STOCK: se ni na vrsti po razporedu; preskoceno.
04:07:37     konec: Zaloga iz SAOP (kolicine)
04:07:37  == Izvoz cen in zaloge za splet ==
04:07:38     Izvoz profila MAGENTO_STOCK_PRICES končan: 352 vrstic v C:\Users\david\Desktop\PIM\NoviPIM\izvoz\magento\1
04:07:42     Izvoz profila MAGENTO_STOCK_PRICES končan: 2071 vrstic v C:\Users\david\Desktop\PIM\NoviPIM\izvoz\magento\2
04:07:46     Izvoz profila MAGENTO_STOCK_PRICES končan: 2488 vrstic v C:\Users\david\Desktop\PIM\NoviPIM\izvoz\magento\3
04:07:47     Izvoz profila MAGENTO_STOCK_PRICES končan: 0 vrstic v C:\Users\david\Desktop\PIM\NoviPIM\izvoz\magento\4
04:07:47     konec: Izvoz cen in zaloge za splet
04:07:47  Zalogovni cikel koncan; padlih korakov: 0.
04:12:26  == Zaloga NW_STOCK ==
04:12:27     SOURCE_FETCH: se ni na vrsti po razporedu; preskoceno.
04:12:28     Prebranih zapisov: 2763; SHA-256: 220c974c90d12f3e3d394ef315c1e20d4af28951792a4b5e186bcd4b74e33254
04:12:28     STOCK_FILE pri podjetju 1: se ni na vrsti po razporedu; preskoceno.
04:12:29     Prebranih zapisov: 2763; SHA-256: 220c974c90d12f3e3d394ef315c1e20d4af28951792a4b5e186bcd4b74e33254
04:12:29     STOCK_FILE pri podjetju 2: se ni na vrsti po razporedu; preskoceno.
04:12:30     Prebranih zapisov: 2763; SHA-256: 220c974c90d12f3e3d394ef315c1e20d4af28951792a4b5e186bcd4b74e33254
04:12:30     STOCK_FILE pri podjetju 3: se ni na vrsti po razporedu; preskoceno.
04:12:31     Prebranih zapisov: 2763; SHA-256: 220c974c90d12f3e3d394ef315c1e20d4af28951792a4b5e186bcd4b74e33254
04:12:31     STOCK_FILE pri podjetju 4: se ni na vrsti po razporedu; preskoceno.
04:12:31     konec: Zaloga NW_STOCK
04:12:31  == Zaloga BT_STOCK ==
04:12:32     SOURCE_FETCH: se ni na vrsti po razporedu; preskoceno.
04:12:32     Prebranih zapisov: 1389; SHA-256: 87dc96ff135a90ff21281cf2e3d01cba9b89e36308560bfd15167c9a03d703ba
04:12:33     Ta posnetek je ze v bazi; vir=BT_STOCK, podjetje=1, cas posnetka=2026-09-03 15:17:35Z, uporabljenih=1389, v karanteni=0, RunId=5e288d2d-98ef-40e1-b33c-663e6d513e74. Zapisano ni bilo nic.
04:12:34     Prebranih zapisov: 1389; SHA-256: 87dc96ff135a90ff21281cf2e3d01cba9b89e36308560bfd15167c9a03d703ba
04:12:34     Ta posnetek je ze v bazi; vir=BT_STOCK, podjetje=2, cas posnetka=2026-09-03 15:17:35Z, uporabljenih=1389, v karanteni=0, RunId=3496c976-0c49-45c5-9f74-0ffd35e5d443. Zapisano ni bilo nic.
04:12:35     Prebranih zapisov: 1389; SHA-256: 87dc96ff135a90ff21281cf2e3d01cba9b89e36308560bfd15167c9a03d703ba
04:12:35     Ta posnetek je ze v bazi; vir=BT_STOCK, podjetje=3, cas posnetka=2026-09-03 15:17:35Z, uporabljenih=1389, v karanteni=0, RunId=3dd9ac1c-09dd-4827-b930-eb014cdb2746. Zapisano ni bilo nic.
04:12:36     Prebranih zapisov: 1389; SHA-256: 87dc96ff135a90ff21281cf2e3d01cba9b89e36308560bfd15167c9a03d703ba
04:12:36     Ta posnetek je ze v bazi; vir=BT_STOCK, podjetje=4, cas posnetka=2026-09-03 15:17:35Z, uporabljenih=1389, v karanteni=0, RunId=bec7f147-9b63-48d7-a0cc-8df0cb029c6c. Zapisano ni bilo nic.
04:12:36     konec: Zaloga BT_STOCK
04:12:36  == Zaloga iz SAOP (kolicine) ==
04:12:37     [1] SAOP_STOCK: se ni na vrsti po razporedu; preskoceno.
04:12:37     [2] SAOP_STOCK: se ni na vrsti po razporedu; preskoceno.
04:12:37     [3] SAOP_STOCK: se ni na vrsti po razporedu; preskoceno.
04:12:37     [4] SAOP_STOCK: se ni na vrsti po razporedu; preskoceno.
04:12:37     konec: Zaloga iz SAOP (kolicine)
04:12:37  == Izvoz cen in zaloge za splet ==
04:12:38     Izvoz profila MAGENTO_STOCK_PRICES končan: 352 vrstic v C:\Users\david\Desktop\PIM\NoviPIM\izvoz\magento\1
04:12:42     Izvoz profila MAGENTO_STOCK_PRICES končan: 2071 vrstic v C:\Users\david\Desktop\PIM\NoviPIM\izvoz\magento\2
04:12:46     Izvoz profila MAGENTO_STOCK_PRICES končan: 2488 vrstic v C:\Users\david\Desktop\PIM\NoviPIM\izvoz\magento\3
04:12:47     Izvoz profila MAGENTO_STOCK_PRICES končan: 0 vrstic v C:\Users\david\Desktop\PIM\NoviPIM\izvoz\magento\4
04:12:47     konec: Izvoz cen in zaloge za splet
04:12:47  Zalogovni cikel koncan; padlih korakov: 0.
04:17:26  == Zaloga NW_STOCK ==
04:17:27     [NW_STOCK] preskoceno: Razmik dobavitelja se tece; naslednji prenos po 4. 09. 2026 04:47.
04:17:27     Prevzem koncan: uspesno 0, neuspesno 0, skupaj virov 1.
04:17:28     Prebranih zapisov: 2763; SHA-256: 220c974c90d12f3e3d394ef315c1e20d4af28951792a4b5e186bcd4b74e33254
04:17:28     STOCK_FILE pri podjetju 1: se ni na vrsti po razporedu; preskoceno.
04:17:29     Prebranih zapisov: 2763; SHA-256: 220c974c90d12f3e3d394ef315c1e20d4af28951792a4b5e186bcd4b74e33254
04:17:29     STOCK_FILE pri podjetju 2: se ni na vrsti po razporedu; preskoceno.
04:17:30     Prebranih zapisov: 2763; SHA-256: 220c974c90d12f3e3d394ef315c1e20d4af28951792a4b5e186bcd4b74e33254
04:17:30     STOCK_FILE pri podjetju 3: se ni na vrsti po razporedu; preskoceno.
04:17:31     Prebranih zapisov: 2763; SHA-256: 220c974c90d12f3e3d394ef315c1e20d4af28951792a4b5e186bcd4b74e33254
04:17:31     STOCK_FILE pri podjetju 4: se ni na vrsti po razporedu; preskoceno.
04:17:31     konec: Zaloga NW_STOCK
04:17:31  == Zaloga BT_STOCK ==
04:17:32     SOURCE_FETCH: se ni na vrsti po razporedu; preskoceno.
04:17:33     Prebranih zapisov: 1389; SHA-256: 87dc96ff135a90ff21281cf2e3d01cba9b89e36308560bfd15167c9a03d703ba
04:17:33     Ta posnetek je ze v bazi; vir=BT_STOCK, podjetje=1, cas posnetka=2026-09-03 15:17:35Z, uporabljenih=1389, v karanteni=0, RunId=5e288d2d-98ef-40e1-b33c-663e6d513e74. Zapisano ni bilo nic.
04:17:34     Prebranih zapisov: 1389; SHA-256: 87dc96ff135a90ff21281cf2e3d01cba9b89e36308560bfd15167c9a03d703ba
04:17:34     Ta posnetek je ze v bazi; vir=BT_STOCK, podjetje=2, cas posnetka=2026-09-03 15:17:35Z, uporabljenih=1389, v karanteni=0, RunId=3496c976-0c49-45c5-9f74-0ffd35e5d443. Zapisano ni bilo nic.
04:17:35     Prebranih zapisov: 1389; SHA-256: 87dc96ff135a90ff21281cf2e3d01cba9b89e36308560bfd15167c9a03d703ba
04:17:35     Ta posnetek je ze v bazi; vir=BT_STOCK, podjetje=3, cas posnetka=2026-09-03 15:17:35Z, uporabljenih=1389, v karanteni=0, RunId=3dd9ac1c-09dd-4827-b930-eb014cdb2746. Zapisano ni bilo nic.
04:17:36     Prebranih zapisov: 1389; SHA-256: 87dc96ff135a90ff21281cf2e3d01cba9b89e36308560bfd15167c9a03d703ba
04:17:36     Ta posnetek je ze v bazi; vir=BT_STOCK, podjetje=4, cas posnetka=2026-09-03 15:17:35Z, uporabljenih=1389, v karanteni=0, RunId=bec7f147-9b63-48d7-a0cc-8df0cb029c6c. Zapisano ni bilo nic.
04:17:36     konec: Zaloga BT_STOCK
04:17:36  == Zaloga iz SAOP (kolicine) ==
04:17:37     [1] SAOP_STOCK: se ni na vrsti po razporedu; preskoceno.
04:17:37     [2] SAOP_STOCK: se ni na vrsti po razporedu; preskoceno.
04:17:37     [3] SAOP_STOCK: se ni na vrsti po razporedu; preskoceno.
04:17:37     [4] SAOP_STOCK: se ni na vrsti po razporedu; preskoceno.
04:17:37     konec: Zaloga iz SAOP (kolicine)
04:17:37  == Izvoz cen in zaloge za splet ==
04:17:38     Izvoz profila MAGENTO_STOCK_PRICES končan: 352 vrstic v C:\Users\david\Desktop\PIM\NoviPIM\izvoz\magento\1
04:17:42     Izvoz profila MAGENTO_STOCK_PRICES končan: 2071 vrstic v C:\Users\david\Desktop\PIM\NoviPIM\izvoz\magento\2
04:17:46     Izvoz profila MAGENTO_STOCK_PRICES končan: 2488 vrstic v C:\Users\david\Desktop\PIM\NoviPIM\izvoz\magento\3
04:17:47     Izvoz profila MAGENTO_STOCK_PRICES končan: 0 vrstic v C:\Users\david\Desktop\PIM\NoviPIM\izvoz\magento\4
04:17:47     konec: Izvoz cen in zaloge za splet
04:17:47  Zalogovni cikel koncan; padlih korakov: 0.
04:22:26  == Zaloga NW_STOCK ==
04:22:27     [NW_STOCK] preskoceno: Razmik dobavitelja se tece; naslednji prenos po 4. 09. 2026 04:47.
04:22:27     Prevzem koncan: uspesno 0, neuspesno 0, skupaj virov 1.
04:22:28     Prebranih zapisov: 2763; SHA-256: 220c974c90d12f3e3d394ef315c1e20d4af28951792a4b5e186bcd4b74e33254
04:22:28     STOCK_FILE pri podjetju 1: se ni na vrsti po razporedu; preskoceno.
04:22:29     Prebranih zapisov: 2763; SHA-256: 220c974c90d12f3e3d394ef315c1e20d4af28951792a4b5e186bcd4b74e33254
04:22:29     STOCK_FILE pri podjetju 2: se ni na vrsti po razporedu; preskoceno.
04:22:30     Prebranih zapisov: 2763; SHA-256: 220c974c90d12f3e3d394ef315c1e20d4af28951792a4b5e186bcd4b74e33254
04:22:30     STOCK_FILE pri podjetju 3: se ni na vrsti po razporedu; preskoceno.
04:22:31     Prebranih zapisov: 2763; SHA-256: 220c974c90d12f3e3d394ef315c1e20d4af28951792a4b5e186bcd4b74e33254
04:22:31     STOCK_FILE pri podjetju 4: se ni na vrsti po razporedu; preskoceno.
04:22:31     konec: Zaloga NW_STOCK
04:22:31  == Zaloga BT_STOCK ==
04:22:32     SOURCE_FETCH: se ni na vrsti po razporedu; preskoceno.
04:22:33     Prebranih zapisov: 1389; SHA-256: 87dc96ff135a90ff21281cf2e3d01cba9b89e36308560bfd15167c9a03d703ba
04:22:33     Ta posnetek je ze v bazi; vir=BT_STOCK, podjetje=1, cas posnetka=2026-09-03 15:17:35Z, uporabljenih=1389, v karanteni=0, RunId=5e288d2d-98ef-40e1-b33c-663e6d513e74. Zapisano ni bilo nic.
04:22:34     Prebranih zapisov: 1389; SHA-256: 87dc96ff135a90ff21281cf2e3d01cba9b89e36308560bfd15167c9a03d703ba
04:22:34     Ta posnetek je ze v bazi; vir=BT_STOCK, podjetje=2, cas posnetka=2026-09-03 15:17:35Z, uporabljenih=1389, v karanteni=0, RunId=3496c976-0c49-45c5-9f74-0ffd35e5d443. Zapisano ni bilo nic.
04:22:35     Prebranih zapisov: 1389; SHA-256: 87dc96ff135a90ff21281cf2e3d01cba9b89e36308560bfd15167c9a03d703ba
04:22:35     Ta posnetek je ze v bazi; vir=BT_STOCK, podjetje=3, cas posnetka=2026-09-03 15:17:35Z, uporabljenih=1389, v karanteni=0, RunId=3dd9ac1c-09dd-4827-b930-eb014cdb2746. Zapisano ni bilo nic.
04:22:36     Prebranih zapisov: 1389; SHA-256: 87dc96ff135a90ff21281cf2e3d01cba9b89e36308560bfd15167c9a03d703ba
04:22:36     Ta posnetek je ze v bazi; vir=BT_STOCK, podjetje=4, cas posnetka=2026-09-03 15:17:35Z, uporabljenih=1389, v karanteni=0, RunId=bec7f147-9b63-48d7-a0cc-8df0cb029c6c. Zapisano ni bilo nic.
04:22:36     konec: Zaloga BT_STOCK
04:22:36  == Zaloga iz SAOP (kolicine) ==
04:22:37     [1] SAOP_STOCK: se ni na vrsti po razporedu; preskoceno.
04:22:37     [2] SAOP_STOCK: se ni na vrsti po razporedu; preskoceno.
04:22:37     [3] SAOP_STOCK: se ni na vrsti po razporedu; preskoceno.
04:22:37     [4] SAOP_STOCK: se ni na vrsti po razporedu; preskoceno.
04:22:37     konec: Zaloga iz SAOP (kolicine)
04:22:37  == Izvoz cen in zaloge za splet ==
04:22:39     Izvoz profila MAGENTO_STOCK_PRICES končan: 352 vrstic v C:\Users\david\Desktop\PIM\NoviPIM\izvoz\magento\1
04:22:42     Izvoz profila MAGENTO_STOCK_PRICES končan: 2071 vrstic v C:\Users\david\Desktop\PIM\NoviPIM\izvoz\magento\2
04:22:46     Izvoz profila MAGENTO_STOCK_PRICES končan: 2488 vrstic v C:\Users\david\Desktop\PIM\NoviPIM\izvoz\magento\3
04:22:47     Izvoz profila MAGENTO_STOCK_PRICES končan: 0 vrstic v C:\Users\david\Desktop\PIM\NoviPIM\izvoz\magento\4
04:22:47     konec: Izvoz cen in zaloge za splet
04:22:47  Zalogovni cikel koncan; padlih korakov: 0.
04:27:26  == Zaloga NW_STOCK ==
04:27:27     SOURCE_FETCH: se ni na vrsti po razporedu; preskoceno.
04:27:28     Prebranih zapisov: 2763; SHA-256: 220c974c90d12f3e3d394ef315c1e20d4af28951792a4b5e186bcd4b74e33254
04:27:28     STOCK_FILE pri podjetju 1: se ni na vrsti po razporedu; preskoceno.
04:27:29     Prebranih zapisov: 2763; SHA-256: 220c974c90d12f3e3d394ef315c1e20d4af28951792a4b5e186bcd4b74e33254
04:27:29     STOCK_FILE pri podjetju 2: se ni na vrsti po razporedu; preskoceno.
04:27:30     Prebranih zapisov: 2763; SHA-256: 220c974c90d12f3e3d394ef315c1e20d4af28951792a4b5e186bcd4b74e33254
04:27:30     STOCK_FILE pri podjetju 3: se ni na vrsti po razporedu; preskoceno.
04:27:31     Prebranih zapisov: 2763; SHA-256: 220c974c90d12f3e3d394ef315c1e20d4af28951792a4b5e186bcd4b74e33254
04:27:31     STOCK_FILE pri podjetju 4: se ni na vrsti po razporedu; preskoceno.
04:27:31     konec: Zaloga NW_STOCK
04:27:31  == Zaloga BT_STOCK ==
04:27:32     [BT_STOCK] preskoceno: Razmik dobavitelja se tece; naslednji prenos po 4. 09. 2026 05:52.
04:27:32     Prevzem koncan: uspesno 0, neuspesno 0, skupaj virov 1.
04:27:33     Prebranih zapisov: 1389; SHA-256: 87dc96ff135a90ff21281cf2e3d01cba9b89e36308560bfd15167c9a03d703ba
04:27:33     Ta posnetek je ze v bazi; vir=BT_STOCK, podjetje=1, cas posnetka=2026-09-03 15:17:35Z, uporabljenih=1389, v karanteni=0, RunId=5e288d2d-98ef-40e1-b33c-663e6d513e74. Zapisano ni bilo nic.
04:27:34     Prebranih zapisov: 1389; SHA-256: 87dc96ff135a90ff21281cf2e3d01cba9b89e36308560bfd15167c9a03d703ba
04:27:34     Ta posnetek je ze v bazi; vir=BT_STOCK, podjetje=2, cas posnetka=2026-09-03 15:17:35Z, uporabljenih=1389, v karanteni=0, RunId=3496c976-0c49-45c5-9f74-0ffd35e5d443. Zapisano ni bilo nic.
04:27:35     Prebranih zapisov: 1389; SHA-256: 87dc96ff135a90ff21281cf2e3d01cba9b89e36308560bfd15167c9a03d703ba
04:27:35     Ta posnetek je ze v bazi; vir=BT_STOCK, podjetje=3, cas posnetka=2026-09-03 15:17:35Z, uporabljenih=1389, v karanteni=0, RunId=3dd9ac1c-09dd-4827-b930-eb014cdb2746. Zapisano ni bilo nic.
04:27:36     Prebranih zapisov: 1389; SHA-256: 87dc96ff135a90ff21281cf2e3d01cba9b89e36308560bfd15167c9a03d703ba
04:27:36     Ta posnetek je ze v bazi; vir=BT_STOCK, podjetje=4, cas posnetka=2026-09-03 15:17:35Z, uporabljenih=1389, v karanteni=0, RunId=bec7f147-9b63-48d7-a0cc-8df0cb029c6c. Zapisano ni bilo nic.
04:27:36     konec: Zaloga BT_STOCK
04:27:36  == Zaloga iz SAOP (kolicine) ==
04:27:37     [1] SAOP_STOCK: se ni na vrsti po razporedu; preskoceno.
04:27:37     [2] SAOP_STOCK: se ni na vrsti po razporedu; preskoceno.
04:27:37     [3] SAOP_STOCK: se ni na vrsti po razporedu; preskoceno.
04:27:37     [4] SAOP_STOCK: se ni na vrsti po razporedu; preskoceno.
04:27:37     konec: Zaloga iz SAOP (kolicine)
04:27:37  == Izvoz cen in zaloge za splet ==
04:27:39     Izvoz profila MAGENTO_STOCK_PRICES končan: 352 vrstic v C:\Users\david\Desktop\PIM\NoviPIM\izvoz\magento\1
04:27:42     Izvoz profila MAGENTO_STOCK_PRICES končan: 2071 vrstic v C:\Users\david\Desktop\PIM\NoviPIM\izvoz\magento\2
04:27:46     Izvoz profila MAGENTO_STOCK_PRICES končan: 2488 vrstic v C:\Users\david\Desktop\PIM\NoviPIM\izvoz\magento\3
04:27:47     Izvoz profila MAGENTO_STOCK_PRICES končan: 0 vrstic v C:\Users\david\Desktop\PIM\NoviPIM\izvoz\magento\4
04:27:47     konec: Izvoz cen in zaloge za splet
04:27:47  Zalogovni cikel koncan; padlih korakov: 0.
04:32:26  == Zaloga NW_STOCK ==
04:32:27     SOURCE_FETCH: se ni na vrsti po razporedu; preskoceno.
04:32:28     Prebranih zapisov: 2763; SHA-256: 220c974c90d12f3e3d394ef315c1e20d4af28951792a4b5e186bcd4b74e33254
04:32:28     STOCK_FILE pri podjetju 1: se ni na vrsti po razporedu; preskoceno.
04:32:29     Prebranih zapisov: 2763; SHA-256: 220c974c90d12f3e3d394ef315c1e20d4af28951792a4b5e186bcd4b74e33254
04:32:29     STOCK_FILE pri podjetju 2: se ni na vrsti po razporedu; preskoceno.
04:32:30     Prebranih zapisov: 2763; SHA-256: 220c974c90d12f3e3d394ef315c1e20d4af28951792a4b5e186bcd4b74e33254
04:32:30     STOCK_FILE pri podjetju 3: se ni na vrsti po razporedu; preskoceno.
04:32:31     Prebranih zapisov: 2763; SHA-256: 220c974c90d12f3e3d394ef315c1e20d4af28951792a4b5e186bcd4b74e33254
04:32:31     STOCK_FILE pri podjetju 4: se ni na vrsti po razporedu; preskoceno.
04:32:31     konec: Zaloga NW_STOCK
04:32:31  == Zaloga BT_STOCK ==
04:32:32     SOURCE_FETCH: se ni na vrsti po razporedu; preskoceno.
04:32:33     Prebranih zapisov: 1389; SHA-256: 87dc96ff135a90ff21281cf2e3d01cba9b89e36308560bfd15167c9a03d703ba
04:32:33     STOCK_FILE pri podjetju 1: se ni na vrsti po razporedu; preskoceno.
04:32:34     Prebranih zapisov: 1389; SHA-256: 87dc96ff135a90ff21281cf2e3d01cba9b89e36308560bfd15167c9a03d703ba
04:32:34     STOCK_FILE pri podjetju 2: se ni na vrsti po razporedu; preskoceno.
04:32:35     Prebranih zapisov: 1389; SHA-256: 87dc96ff135a90ff21281cf2e3d01cba9b89e36308560bfd15167c9a03d703ba
04:32:35     STOCK_FILE pri podjetju 3: se ni na vrsti po razporedu; preskoceno.
04:32:36     Prebranih zapisov: 1389; SHA-256: 87dc96ff135a90ff21281cf2e3d01cba9b89e36308560bfd15167c9a03d703ba
04:32:36     STOCK_FILE pri podjetju 4: se ni na vrsti po razporedu; preskoceno.
04:32:36     konec: Zaloga BT_STOCK
04:32:36  == Zaloga iz SAOP (kolicine) ==
04:32:37     [1] SAOP_STOCK: se ni na vrsti po razporedu; preskoceno.
04:32:37     [2] SAOP_STOCK: se ni na vrsti po razporedu; preskoceno.
04:32:37     [3] SAOP_STOCK: se ni na vrsti po razporedu; preskoceno.
04:32:37     [4] SAOP_STOCK: se ni na vrsti po razporedu; preskoceno.
04:32:37     konec: Zaloga iz SAOP (kolicine)
04:32:37  == Izvoz cen in zaloge za splet ==
04:32:38     Izvoz profila MAGENTO_STOCK_PRICES končan: 352 vrstic v C:\Users\david\Desktop\PIM\NoviPIM\izvoz\magento\1
04:32:42     Izvoz profila MAGENTO_STOCK_PRICES končan: 2071 vrstic v C:\Users\david\Desktop\PIM\NoviPIM\izvoz\magento\2
04:32:46     Izvoz profila MAGENTO_STOCK_PRICES končan: 2488 vrstic v C:\Users\david\Desktop\PIM\NoviPIM\izvoz\magento\3
04:32:47     Izvoz profila MAGENTO_STOCK_PRICES končan: 0 vrstic v C:\Users\david\Desktop\PIM\NoviPIM\izvoz\magento\4
04:32:47     konec: Izvoz cen in zaloge za splet
04:32:47  Zalogovni cikel koncan; padlih korakov: 0.
04:37:26  == Zaloga NW_STOCK ==
04:37:27     [NW_STOCK] preskoceno: Razmik dobavitelja se tece; naslednji prenos po 4. 09. 2026 04:47.
04:37:27     Prevzem koncan: uspesno 0, neuspesno 0, skupaj virov 1.
04:37:28     Prebranih zapisov: 2763; SHA-256: 220c974c90d12f3e3d394ef315c1e20d4af28951792a4b5e186bcd4b74e33254
04:37:28     Ta posnetek je ze v bazi; vir=NW_STOCK, podjetje=1, cas posnetka=2026-09-03 22:42:28Z, uporabljenih=2763, v karanteni=0, RunId=ab077cf4-ce45-4b25-81ce-137c54dff502. Zapisano ni bilo nic.
04:37:29     Prebranih zapisov: 2763; SHA-256: 220c974c90d12f3e3d394ef315c1e20d4af28951792a4b5e186bcd4b74e33254
04:37:29     Ta posnetek je ze v bazi; vir=NW_STOCK, podjetje=2, cas posnetka=2026-09-03 22:42:28Z, uporabljenih=2763, v karanteni=0, RunId=f8b92ee0-ede5-4882-9f20-2d2cd2ef743a. Zapisano ni bilo nic.
04:37:30     Prebranih zapisov: 2763; SHA-256: 220c974c90d12f3e3d394ef315c1e20d4af28951792a4b5e186bcd4b74e33254
04:37:30     Ta posnetek je ze v bazi; vir=NW_STOCK, podjetje=3, cas posnetka=2026-09-03 22:42:28Z, uporabljenih=2763, v karanteni=0, RunId=0d98199c-37d4-4192-b519-334e62960fc6. Zapisano ni bilo nic.
04:37:31     Prebranih zapisov: 2763; SHA-256: 220c974c90d12f3e3d394ef315c1e20d4af28951792a4b5e186bcd4b74e33254
04:37:31     Ta posnetek je ze v bazi; vir=NW_STOCK, podjetje=4, cas posnetka=2026-09-03 22:42:28Z, uporabljenih=2763, v karanteni=0, RunId=2f072eba-799f-4fb5-a11b-725ff0de299f. Zapisano ni bilo nic.
04:37:31     konec: Zaloga NW_STOCK
04:37:31  == Zaloga BT_STOCK ==
04:37:32     SOURCE_FETCH: se ni na vrsti po razporedu; preskoceno.
04:37:33     Prebranih zapisov: 1389; SHA-256: 87dc96ff135a90ff21281cf2e3d01cba9b89e36308560bfd15167c9a03d703ba
04:37:33     STOCK_FILE pri podjetju 1: se ni na vrsti po razporedu; preskoceno.
04:37:34     Prebranih zapisov: 1389; SHA-256: 87dc96ff135a90ff21281cf2e3d01cba9b89e36308560bfd15167c9a03d703ba
04:37:34     STOCK_FILE pri podjetju 2: se ni na vrsti po razporedu; preskoceno.
04:37:35     Prebranih zapisov: 1389; SHA-256: 87dc96ff135a90ff21281cf2e3d01cba9b89e36308560bfd15167c9a03d703ba
04:37:35     STOCK_FILE pri podjetju 3: se ni na vrsti po razporedu; preskoceno.
04:37:36     Prebranih zapisov: 1389; SHA-256: 87dc96ff135a90ff21281cf2e3d01cba9b89e36308560bfd15167c9a03d703ba
04:37:36     STOCK_FILE pri podjetju 4: se ni na vrsti po razporedu; preskoceno.
04:37:36     konec: Zaloga BT_STOCK
04:37:36  == Zaloga iz SAOP (kolicine) ==
04:37:37     [1] SAOP_STOCK: se ni na vrsti po razporedu; preskoceno.
04:37:37     [2] SAOP_STOCK: se ni na vrsti po razporedu; preskoceno.
04:37:37     [3] SAOP_STOCK: se ni na vrsti po razporedu; preskoceno.
04:37:37     [4] SAOP_STOCK: se ni na vrsti po razporedu; preskoceno.
04:37:37     konec: Zaloga iz SAOP (kolicine)
04:37:37  == Izvoz cen in zaloge za splet ==
04:37:39     Izvoz profila MAGENTO_STOCK_PRICES končan: 352 vrstic v C:\Users\david\Desktop\PIM\NoviPIM\izvoz\magento\1
04:37:42     Izvoz profila MAGENTO_STOCK_PRICES končan: 2071 vrstic v C:\Users\david\Desktop\PIM\NoviPIM\izvoz\magento\2
04:37:46     Izvoz profila MAGENTO_STOCK_PRICES končan: 2488 vrstic v C:\Users\david\Desktop\PIM\NoviPIM\izvoz\magento\3
04:37:47     Izvoz profila MAGENTO_STOCK_PRICES končan: 0 vrstic v C:\Users\david\Desktop\PIM\NoviPIM\izvoz\magento\4
04:37:47     konec: Izvoz cen in zaloge za splet
04:37:47  Zalogovni cikel koncan; padlih korakov: 0.
04:42:26  == Zaloga NW_STOCK ==
04:42:27     [NW_STOCK] preskoceno: Razmik dobavitelja se tece; naslednji prenos po 4. 09. 2026 04:47.
04:42:27     Prevzem koncan: uspesno 0, neuspesno 0, skupaj virov 1.
04:42:28     Prebranih zapisov: 2763; SHA-256: 220c974c90d12f3e3d394ef315c1e20d4af28951792a4b5e186bcd4b74e33254
04:42:28     Ta posnetek je ze v bazi; vir=NW_STOCK, podjetje=1, cas posnetka=2026-09-03 22:42:28Z, uporabljenih=2763, v karanteni=0, RunId=ab077cf4-ce45-4b25-81ce-137c54dff502. Zapisano ni bilo nic.
04:42:29     Prebranih zapisov: 2763; SHA-256: 220c974c90d12f3e3d394ef315c1e20d4af28951792a4b5e186bcd4b74e33254
04:42:29     Ta posnetek je ze v bazi; vir=NW_STOCK, podjetje=2, cas posnetka=2026-09-03 22:42:28Z, uporabljenih=2763, v karanteni=0, RunId=f8b92ee0-ede5-4882-9f20-2d2cd2ef743a. Zapisano ni bilo nic.
04:42:30     Prebranih zapisov: 2763; SHA-256: 220c974c90d12f3e3d394ef315c1e20d4af28951792a4b5e186bcd4b74e33254
04:42:30     Ta posnetek je ze v bazi; vir=NW_STOCK, podjetje=3, cas posnetka=2026-09-03 22:42:28Z, uporabljenih=2763, v karanteni=0, RunId=0d98199c-37d4-4192-b519-334e62960fc6. Zapisano ni bilo nic.
04:42:31     Prebranih zapisov: 2763; SHA-256: 220c974c90d12f3e3d394ef315c1e20d4af28951792a4b5e186bcd4b74e33254
04:42:31     Ta posnetek je ze v bazi; vir=NW_STOCK, podjetje=4, cas posnetka=2026-09-03 22:42:28Z, uporabljenih=2763, v karanteni=0, RunId=2f072eba-799f-4fb5-a11b-725ff0de299f. Zapisano ni bilo nic.
04:42:31     konec: Zaloga NW_STOCK
04:42:31  == Zaloga BT_STOCK ==
04:42:32     SOURCE_FETCH: se ni na vrsti po razporedu; preskoceno.
04:42:33     Prebranih zapisov: 1389; SHA-256: 87dc96ff135a90ff21281cf2e3d01cba9b89e36308560bfd15167c9a03d703ba
04:42:33     STOCK_FILE pri podjetju 1: se ni na vrsti po razporedu; preskoceno.
04:42:34     Prebranih zapisov: 1389; SHA-256: 87dc96ff135a90ff21281cf2e3d01cba9b89e36308560bfd15167c9a03d703ba
04:42:34     STOCK_FILE pri podjetju 2: se ni na vrsti po razporedu; preskoceno.
04:42:35     Prebranih zapisov: 1389; SHA-256: 87dc96ff135a90ff21281cf2e3d01cba9b89e36308560bfd15167c9a03d703ba
04:42:35     STOCK_FILE pri podjetju 3: se ni na vrsti po razporedu; preskoceno.
04:42:36     Prebranih zapisov: 1389; SHA-256: 87dc96ff135a90ff21281cf2e3d01cba9b89e36308560bfd15167c9a03d703ba
04:42:36     STOCK_FILE pri podjetju 4: se ni na vrsti po razporedu; preskoceno.
04:42:36     konec: Zaloga BT_STOCK
04:42:36  == Zaloga iz SAOP (kolicine) ==
04:42:37     [1] SAOP_STOCK: se ni na vrsti po razporedu; preskoceno.
04:42:37     [2] SAOP_STOCK: se ni na vrsti po razporedu; preskoceno.
04:42:37     [3] SAOP_STOCK: se ni na vrsti po razporedu; preskoceno.
04:42:37     [4] SAOP_STOCK: se ni na vrsti po razporedu; preskoceno.
04:42:37     konec: Zaloga iz SAOP (kolicine)
04:42:37  == Izvoz cen in zaloge za splet ==
04:42:39     Izvoz profila MAGENTO_STOCK_PRICES končan: 352 vrstic v C:\Users\david\Desktop\PIM\NoviPIM\izvoz\magento\1
04:42:42     Izvoz profila MAGENTO_STOCK_PRICES končan: 2071 vrstic v C:\Users\david\Desktop\PIM\NoviPIM\izvoz\magento\2
04:42:46     Izvoz profila MAGENTO_STOCK_PRICES končan: 2488 vrstic v C:\Users\david\Desktop\PIM\NoviPIM\izvoz\magento\3
04:42:47     Izvoz profila MAGENTO_STOCK_PRICES končan: 0 vrstic v C:\Users\david\Desktop\PIM\NoviPIM\izvoz\magento\4
04:42:47     konec: Izvoz cen in zaloge za splet
04:42:47  Zalogovni cikel koncan; padlih korakov: 0.
04:47:26  == Zaloga NW_STOCK ==
04:47:27     SOURCE_FETCH: se ni na vrsti po razporedu; preskoceno.
04:47:28     Prebranih zapisov: 2763; SHA-256: 220c974c90d12f3e3d394ef315c1e20d4af28951792a4b5e186bcd4b74e33254
04:47:28     STOCK_FILE pri podjetju 1: se ni na vrsti po razporedu; preskoceno.
04:47:29     Prebranih zapisov: 2763; SHA-256: 220c974c90d12f3e3d394ef315c1e20d4af28951792a4b5e186bcd4b74e33254
04:47:29     STOCK_FILE pri podjetju 2: se ni na vrsti po razporedu; preskoceno.
04:47:30     Prebranih zapisov: 2763; SHA-256: 220c974c90d12f3e3d394ef315c1e20d4af28951792a4b5e186bcd4b74e33254
04:47:30     STOCK_FILE pri podjetju 3: se ni na vrsti po razporedu; preskoceno.
04:47:31     Prebranih zapisov: 2763; SHA-256: 220c974c90d12f3e3d394ef315c1e20d4af28951792a4b5e186bcd4b74e33254
04:47:31     STOCK_FILE pri podjetju 4: se ni na vrsti po razporedu; preskoceno.
04:47:31     konec: Zaloga NW_STOCK
04:47:31  == Zaloga BT_STOCK ==
04:47:32     [BT_STOCK] preskoceno: Razmik dobavitelja se tece; naslednji prenos po 4. 09. 2026 05:52.
04:47:32     Prevzem koncan: uspesno 0, neuspesno 0, skupaj virov 1.
04:47:33     Prebranih zapisov: 1389; SHA-256: 87dc96ff135a90ff21281cf2e3d01cba9b89e36308560bfd15167c9a03d703ba
04:47:33     Ta posnetek je ze v bazi; vir=BT_STOCK, podjetje=1, cas posnetka=2026-09-03 15:17:35Z, uporabljenih=1389, v karanteni=0, RunId=5e288d2d-98ef-40e1-b33c-663e6d513e74. Zapisano ni bilo nic.
04:47:34     Prebranih zapisov: 1389; SHA-256: 87dc96ff135a90ff21281cf2e3d01cba9b89e36308560bfd15167c9a03d703ba
04:47:34     Ta posnetek je ze v bazi; vir=BT_STOCK, podjetje=2, cas posnetka=2026-09-03 15:17:35Z, uporabljenih=1389, v karanteni=0, RunId=3496c976-0c49-45c5-9f74-0ffd35e5d443. Zapisano ni bilo nic.
04:47:35     Prebranih zapisov: 1389; SHA-256: 87dc96ff135a90ff21281cf2e3d01cba9b89e36308560bfd15167c9a03d703ba
04:47:35     Ta posnetek je ze v bazi; vir=BT_STOCK, podjetje=3, cas posnetka=2026-09-03 15:17:35Z, uporabljenih=1389, v karanteni=0, RunId=3dd9ac1c-09dd-4827-b930-eb014cdb2746. Zapisano ni bilo nic.
04:47:36     Prebranih zapisov: 1389; SHA-256: 87dc96ff135a90ff21281cf2e3d01cba9b89e36308560bfd15167c9a03d703ba
04:47:36     Ta posnetek je ze v bazi; vir=BT_STOCK, podjetje=4, cas posnetka=2026-09-03 15:17:35Z, uporabljenih=1389, v karanteni=0, RunId=bec7f147-9b63-48d7-a0cc-8df0cb029c6c. Zapisano ni bilo nic.
04:47:36     konec: Zaloga BT_STOCK
04:47:36  == Zaloga iz SAOP (kolicine) ==
04:47:37     [1] SAOP_STOCK: se ni na vrsti po razporedu; preskoceno.
04:47:37     [2] SAOP_STOCK: se ni na vrsti po razporedu; preskoceno.
04:47:37     [3] SAOP_STOCK: se ni na vrsti po razporedu; preskoceno.
04:47:37     [4] SAOP_STOCK: se ni na vrsti po razporedu; preskoceno.
04:47:37     konec: Zaloga iz SAOP (kolicine)
04:47:37  == Izvoz cen in zaloge za splet ==
04:47:39     Izvoz profila MAGENTO_STOCK_PRICES končan: 352 vrstic v C:\Users\david\Desktop\PIM\NoviPIM\izvoz\magento\1
04:47:42     Izvoz profila MAGENTO_STOCK_PRICES končan: 2071 vrstic v C:\Users\david\Desktop\PIM\NoviPIM\izvoz\magento\2
04:47:46     Izvoz profila MAGENTO_STOCK_PRICES končan: 2488 vrstic v C:\Users\david\Desktop\PIM\NoviPIM\izvoz\magento\3
04:47:47     Izvoz profila MAGENTO_STOCK_PRICES končan: 0 vrstic v C:\Users\david\Desktop\PIM\NoviPIM\izvoz\magento\4
04:47:47     konec: Izvoz cen in zaloge za splet
04:47:47  Zalogovni cikel koncan; padlih korakov: 0.
04:52:26  == Zaloga NW_STOCK ==
04:52:27     SOURCE_FETCH: se ni na vrsti po razporedu; preskoceno.
04:52:28     Prebranih zapisov: 2763; SHA-256: 220c974c90d12f3e3d394ef315c1e20d4af28951792a4b5e186bcd4b74e33254
04:52:28     STOCK_FILE pri podjetju 1: se ni na vrsti po razporedu; preskoceno.
04:52:29     Prebranih zapisov: 2763; SHA-256: 220c974c90d12f3e3d394ef315c1e20d4af28951792a4b5e186bcd4b74e33254
04:52:29     STOCK_FILE pri podjetju 2: se ni na vrsti po razporedu; preskoceno.
04:52:30     Prebranih zapisov: 2763; SHA-256: 220c974c90d12f3e3d394ef315c1e20d4af28951792a4b5e186bcd4b74e33254
04:52:30     STOCK_FILE pri podjetju 3: se ni na vrsti po razporedu; preskoceno.
04:52:31     Prebranih zapisov: 2763; SHA-256: 220c974c90d12f3e3d394ef315c1e20d4af28951792a4b5e186bcd4b74e33254
04:52:31     STOCK_FILE pri podjetju 4: se ni na vrsti po razporedu; preskoceno.
04:52:31     konec: Zaloga NW_STOCK
04:52:31  == Zaloga BT_STOCK ==
04:52:32     SOURCE_FETCH: se ni na vrsti po razporedu; preskoceno.
04:52:33     Prebranih zapisov: 1389; SHA-256: 87dc96ff135a90ff21281cf2e3d01cba9b89e36308560bfd15167c9a03d703ba
04:52:33     STOCK_FILE pri podjetju 1: se ni na vrsti po razporedu; preskoceno.
04:52:34     Prebranih zapisov: 1389; SHA-256: 87dc96ff135a90ff21281cf2e3d01cba9b89e36308560bfd15167c9a03d703ba
04:52:34     STOCK_FILE pri podjetju 2: se ni na vrsti po razporedu; preskoceno.
04:52:35     Prebranih zapisov: 1389; SHA-256: 87dc96ff135a90ff21281cf2e3d01cba9b89e36308560bfd15167c9a03d703ba
04:52:35     STOCK_FILE pri podjetju 3: se ni na vrsti po razporedu; preskoceno.
04:52:36     Prebranih zapisov: 1389; SHA-256: 87dc96ff135a90ff21281cf2e3d01cba9b89e36308560bfd15167c9a03d703ba
04:52:36     STOCK_FILE pri podjetju 4: se ni na vrsti po razporedu; preskoceno.
04:52:36     konec: Zaloga BT_STOCK
04:52:36  == Zaloga iz SAOP (kolicine) ==
04:52:37     [1] SAOP_STOCK: se ni na vrsti po razporedu; preskoceno.
04:52:37     [2] SAOP_STOCK: se ni na vrsti po razporedu; preskoceno.
04:52:37     [3] SAOP_STOCK: se ni na vrsti po razporedu; preskoceno.
04:52:37     [4] SAOP_STOCK: se ni na vrsti po razporedu; preskoceno.
04:52:37     konec: Zaloga iz SAOP (kolicine)
04:52:37  == Izvoz cen in zaloge za splet ==
04:52:38     Izvoz profila MAGENTO_STOCK_PRICES končan: 352 vrstic v C:\Users\david\Desktop\PIM\NoviPIM\izvoz\magento\1
04:52:42     Izvoz profila MAGENTO_STOCK_PRICES končan: 2071 vrstic v C:\Users\david\Desktop\PIM\NoviPIM\izvoz\magento\2
04:52:46     Izvoz profila MAGENTO_STOCK_PRICES končan: 2488 vrstic v C:\Users\david\Desktop\PIM\NoviPIM\izvoz\magento\3
04:52:47     Izvoz profila MAGENTO_STOCK_PRICES končan: 0 vrstic v C:\Users\david\Desktop\PIM\NoviPIM\izvoz\magento\4
04:52:47     konec: Izvoz cen in zaloge za splet
04:52:47  Zalogovni cikel koncan; padlih korakov: 0.
04:57:26  == Zaloga NW_STOCK ==
04:57:28     [NW_STOCK] preskoceno: Dobaviteljeva datoteka je nespremenjena; obdrzimo prejsnjo.
04:57:28     Prevzem koncan: uspesno 0, neuspesno 0, skupaj virov 1.
04:57:29     Prebranih zapisov: 2763; SHA-256: 220c974c90d12f3e3d394ef315c1e20d4af28951792a4b5e186bcd4b74e33254
04:57:29     Ta posnetek je ze v bazi; vir=NW_STOCK, podjetje=1, cas posnetka=2026-09-03 22:42:28Z, uporabljenih=2763, v karanteni=0, RunId=ab077cf4-ce45-4b25-81ce-137c54dff502. Zapisano ni bilo nic.
04:57:30     Prebranih zapisov: 2763; SHA-256: 220c974c90d12f3e3d394ef315c1e20d4af28951792a4b5e186bcd4b74e33254
04:57:30     Ta posnetek je ze v bazi; vir=NW_STOCK, podjetje=2, cas posnetka=2026-09-03 22:42:28Z, uporabljenih=2763, v karanteni=0, RunId=f8b92ee0-ede5-4882-9f20-2d2cd2ef743a. Zapisano ni bilo nic.
04:57:31     Prebranih zapisov: 2763; SHA-256: 220c974c90d12f3e3d394ef315c1e20d4af28951792a4b5e186bcd4b74e33254
04:57:31     Ta posnetek je ze v bazi; vir=NW_STOCK, podjetje=3, cas posnetka=2026-09-03 22:42:28Z, uporabljenih=2763, v karanteni=0, RunId=0d98199c-37d4-4192-b519-334e62960fc6. Zapisano ni bilo nic.
04:57:32     Prebranih zapisov: 2763; SHA-256: 220c974c90d12f3e3d394ef315c1e20d4af28951792a4b5e186bcd4b74e33254
04:57:32     Ta posnetek je ze v bazi; vir=NW_STOCK, podjetje=4, cas posnetka=2026-09-03 22:42:28Z, uporabljenih=2763, v karanteni=0, RunId=2f072eba-799f-4fb5-a11b-725ff0de299f. Zapisano ni bilo nic.
04:57:32     konec: Zaloga NW_STOCK
04:57:32  == Zaloga BT_STOCK ==
04:57:33     SOURCE_FETCH: se ni na vrsti po razporedu; preskoceno.
04:57:34     Prebranih zapisov: 1389; SHA-256: 87dc96ff135a90ff21281cf2e3d01cba9b89e36308560bfd15167c9a03d703ba
04:57:34     STOCK_FILE pri podjetju 1: se ni na vrsti po razporedu; preskoceno.
04:57:35     Prebranih zapisov: 1389; SHA-256: 87dc96ff135a90ff21281cf2e3d01cba9b89e36308560bfd15167c9a03d703ba
04:57:35     STOCK_FILE pri podjetju 2: se ni na vrsti po razporedu; preskoceno.
04:57:36     Prebranih zapisov: 1389; SHA-256: 87dc96ff135a90ff21281cf2e3d01cba9b89e36308560bfd15167c9a03d703ba
04:57:36     STOCK_FILE pri podjetju 3: se ni na vrsti po razporedu; preskoceno.
04:57:37     Prebranih zapisov: 1389; SHA-256: 87dc96ff135a90ff21281cf2e3d01cba9b89e36308560bfd15167c9a03d703ba
04:57:37     STOCK_FILE pri podjetju 4: se ni na vrsti po razporedu; preskoceno.
04:57:37     konec: Zaloga BT_STOCK
04:57:37  == Zaloga iz SAOP (kolicine) ==
04:57:38     [1] SAOP_STOCK: se ni na vrsti po razporedu; preskoceno.
04:57:38     [2] SAOP_STOCK: se ni na vrsti po razporedu; preskoceno.
04:57:38     [3] SAOP_STOCK: se ni na vrsti po razporedu; preskoceno.
04:57:38     [4] SAOP_STOCK: se ni na vrsti po razporedu; preskoceno.
04:57:38     konec: Zaloga iz SAOP (kolicine)
04:57:38  == Izvoz cen in zaloge za splet ==
04:57:39     Izvoz profila MAGENTO_STOCK_PRICES končan: 352 vrstic v C:\Users\david\Desktop\PIM\NoviPIM\izvoz\magento\1
04:57:43     Izvoz profila MAGENTO_STOCK_PRICES končan: 2071 vrstic v C:\Users\david\Desktop\PIM\NoviPIM\izvoz\magento\2
04:57:47     Izvoz profila MAGENTO_STOCK_PRICES končan: 2488 vrstic v C:\Users\david\Desktop\PIM\NoviPIM\izvoz\magento\3
04:57:48     Izvoz profila MAGENTO_STOCK_PRICES končan: 0 vrstic v C:\Users\david\Desktop\PIM\NoviPIM\izvoz\magento\4
04:57:48     konec: Izvoz cen in zaloge za splet
04:57:48  Zalogovni cikel koncan; padlih korakov: 0.
05:02:26  == Zaloga NW_STOCK ==
05:02:27     SOURCE_FETCH: se ni na vrsti po razporedu; preskoceno.
05:02:28     Prebranih zapisov: 2763; SHA-256: 220c974c90d12f3e3d394ef315c1e20d4af28951792a4b5e186bcd4b74e33254
05:02:28     STOCK_FILE pri podjetju 1: se ni na vrsti po razporedu; preskoceno.
05:02:29     Prebranih zapisov: 2763; SHA-256: 220c974c90d12f3e3d394ef315c1e20d4af28951792a4b5e186bcd4b74e33254
05:02:29     STOCK_FILE pri podjetju 2: se ni na vrsti po razporedu; preskoceno.
05:02:30     Prebranih zapisov: 2763; SHA-256: 220c974c90d12f3e3d394ef315c1e20d4af28951792a4b5e186bcd4b74e33254
05:02:30     STOCK_FILE pri podjetju 3: se ni na vrsti po razporedu; preskoceno.
05:02:31     Prebranih zapisov: 2763; SHA-256: 220c974c90d12f3e3d394ef315c1e20d4af28951792a4b5e186bcd4b74e33254
05:02:31     STOCK_FILE pri podjetju 4: se ni na vrsti po razporedu; preskoceno.
05:02:31     konec: Zaloga NW_STOCK
05:02:31  == Zaloga BT_STOCK ==
05:02:32     [BT_STOCK] preskoceno: Razmik dobavitelja se tece; naslednji prenos po 4. 09. 2026 05:52.
05:02:32     Prevzem koncan: uspesno 0, neuspesno 0, skupaj virov 1.
05:02:33     Prebranih zapisov: 1389; SHA-256: 87dc96ff135a90ff21281cf2e3d01cba9b89e36308560bfd15167c9a03d703ba
05:02:33     Ta posnetek je ze v bazi; vir=BT_STOCK, podjetje=1, cas posnetka=2026-09-03 15:17:35Z, uporabljenih=1389, v karanteni=0, RunId=5e288d2d-98ef-40e1-b33c-663e6d513e74. Zapisano ni bilo nic.
05:02:34     Prebranih zapisov: 1389; SHA-256: 87dc96ff135a90ff21281cf2e3d01cba9b89e36308560bfd15167c9a03d703ba
05:02:34     Ta posnetek je ze v bazi; vir=BT_STOCK, podjetje=2, cas posnetka=2026-09-03 15:17:35Z, uporabljenih=1389, v karanteni=0, RunId=3496c976-0c49-45c5-9f74-0ffd35e5d443. Zapisano ni bilo nic.
05:02:35     Prebranih zapisov: 1389; SHA-256: 87dc96ff135a90ff21281cf2e3d01cba9b89e36308560bfd15167c9a03d703ba
05:02:35     Ta posnetek je ze v bazi; vir=BT_STOCK, podjetje=3, cas posnetka=2026-09-03 15:17:35Z, uporabljenih=1389, v karanteni=0, RunId=3dd9ac1c-09dd-4827-b930-eb014cdb2746. Zapisano ni bilo nic.
05:02:36     Prebranih zapisov: 1389; SHA-256: 87dc96ff135a90ff21281cf2e3d01cba9b89e36308560bfd15167c9a03d703ba
05:02:36     Ta posnetek je ze v bazi; vir=BT_STOCK, podjetje=4, cas posnetka=2026-09-03 15:17:35Z, uporabljenih=1389, v karanteni=0, RunId=bec7f147-9b63-48d7-a0cc-8df0cb029c6c. Zapisano ni bilo nic.
05:02:36     konec: Zaloga BT_STOCK
05:02:36  == Zaloga iz SAOP (kolicine) ==
05:02:37     [1] SAOP_STOCK: se ni na vrsti po razporedu; preskoceno.
05:02:37     [2] SAOP_STOCK: se ni na vrsti po razporedu; preskoceno.
05:02:37     [3] SAOP_STOCK: se ni na vrsti po razporedu; preskoceno.
05:02:37     [4] SAOP_STOCK: se ni na vrsti po razporedu; preskoceno.
05:02:37     konec: Zaloga iz SAOP (kolicine)
05:02:37  == Izvoz cen in zaloge za splet ==
05:02:39     Izvoz profila MAGENTO_STOCK_PRICES končan: 352 vrstic v C:\Users\david\Desktop\PIM\NoviPIM\izvoz\magento\1
05:02:42     Izvoz profila MAGENTO_STOCK_PRICES končan: 2071 vrstic v C:\Users\david\Desktop\PIM\NoviPIM\izvoz\magento\2
05:02:46     Izvoz profila MAGENTO_STOCK_PRICES končan: 2488 vrstic v C:\Users\david\Desktop\PIM\NoviPIM\izvoz\magento\3
05:02:47     Izvoz profila MAGENTO_STOCK_PRICES končan: 0 vrstic v C:\Users\david\Desktop\PIM\NoviPIM\izvoz\magento\4
05:02:47     konec: Izvoz cen in zaloge za splet
05:02:47  Zalogovni cikel koncan; padlih korakov: 0.
05:07:26  == Zaloga NW_STOCK ==
05:07:27     SOURCE_FETCH: se ni na vrsti po razporedu; preskoceno.
05:07:28     Prebranih zapisov: 2763; SHA-256: 220c974c90d12f3e3d394ef315c1e20d4af28951792a4b5e186bcd4b74e33254
05:07:28     STOCK_FILE pri podjetju 1: se ni na vrsti po razporedu; preskoceno.
05:07:29     Prebranih zapisov: 2763; SHA-256: 220c974c90d12f3e3d394ef315c1e20d4af28951792a4b5e186bcd4b74e33254
05:07:29     STOCK_FILE pri podjetju 2: se ni na vrsti po razporedu; preskoceno.
05:07:30     Prebranih zapisov: 2763; SHA-256: 220c974c90d12f3e3d394ef315c1e20d4af28951792a4b5e186bcd4b74e33254
05:07:30     STOCK_FILE pri podjetju 3: se ni na vrsti po razporedu; preskoceno.
05:07:31     Prebranih zapisov: 2763; SHA-256: 220c974c90d12f3e3d394ef315c1e20d4af28951792a4b5e186bcd4b74e33254
05:07:31     STOCK_FILE pri podjetju 4: se ni na vrsti po razporedu; preskoceno.
05:07:31     konec: Zaloga NW_STOCK
05:07:31  == Zaloga BT_STOCK ==
05:07:32     [BT_STOCK] preskoceno: Razmik dobavitelja se tece; naslednji prenos po 4. 09. 2026 05:52.
05:07:32     Prevzem koncan: uspesno 0, neuspesno 0, skupaj virov 1.
05:07:33     Prebranih zapisov: 1389; SHA-256: 87dc96ff135a90ff21281cf2e3d01cba9b89e36308560bfd15167c9a03d703ba
05:07:33     Ta posnetek je ze v bazi; vir=BT_STOCK, podjetje=1, cas posnetka=2026-09-03 15:17:35Z, uporabljenih=1389, v karanteni=0, RunId=5e288d2d-98ef-40e1-b33c-663e6d513e74. Zapisano ni bilo nic.
05:07:34     Prebranih zapisov: 1389; SHA-256: 87dc96ff135a90ff21281cf2e3d01cba9b89e36308560bfd15167c9a03d703ba
05:07:34     Ta posnetek je ze v bazi; vir=BT_STOCK, podjetje=2, cas posnetka=2026-09-03 15:17:35Z, uporabljenih=1389, v karanteni=0, RunId=3496c976-0c49-45c5-9f74-0ffd35e5d443. Zapisano ni bilo nic.
05:07:35     Prebranih zapisov: 1389; SHA-256: 87dc96ff135a90ff21281cf2e3d01cba9b89e36308560bfd15167c9a03d703ba
05:07:35     STOCK_FILE pri podjetju 3: se ni na vrsti po razporedu; preskoceno.
05:07:36     Prebranih zapisov: 1389; SHA-256: 87dc96ff135a90ff21281cf2e3d01cba9b89e36308560bfd15167c9a03d703ba
05:07:36     STOCK_FILE pri podjetju 4: se ni na vrsti po razporedu; preskoceno.
05:07:36     konec: Zaloga BT_STOCK
05:07:36  == Zaloga iz SAOP (kolicine) ==
05:07:37     [1] SAOP_STOCK: se ni na vrsti po razporedu; preskoceno.
05:07:37     [2] SAOP_STOCK: se ni na vrsti po razporedu; preskoceno.
05:07:37     [3] SAOP_STOCK: se ni na vrsti po razporedu; preskoceno.
05:07:37     [4] SAOP_STOCK: se ni na vrsti po razporedu; preskoceno.
05:07:37     konec: Zaloga iz SAOP (kolicine)
05:07:37  == Izvoz cen in zaloge za splet ==
05:07:39     Izvoz profila MAGENTO_STOCK_PRICES končan: 352 vrstic v C:\Users\david\Desktop\PIM\NoviPIM\izvoz\magento\1
05:07:42     Izvoz profila MAGENTO_STOCK_PRICES končan: 2071 vrstic v C:\Users\david\Desktop\PIM\NoviPIM\izvoz\magento\2
05:07:46     Izvoz profila MAGENTO_STOCK_PRICES končan: 2488 vrstic v C:\Users\david\Desktop\PIM\NoviPIM\izvoz\magento\3
05:07:47     Izvoz profila MAGENTO_STOCK_PRICES končan: 0 vrstic v C:\Users\david\Desktop\PIM\NoviPIM\izvoz\magento\4
05:07:47     konec: Izvoz cen in zaloge za splet
05:07:47  Zalogovni cikel koncan; padlih korakov: 0.
05:12:26  == Zaloga NW_STOCK ==
05:12:27     SOURCE_FETCH: se ni na vrsti po razporedu; preskoceno.
05:12:28     Prebranih zapisov: 2763; SHA-256: 220c974c90d12f3e3d394ef315c1e20d4af28951792a4b5e186bcd4b74e33254
05:12:28     STOCK_FILE pri podjetju 1: se ni na vrsti po razporedu; preskoceno.
05:12:29     Prebranih zapisov: 2763; SHA-256: 220c974c90d12f3e3d394ef315c1e20d4af28951792a4b5e186bcd4b74e33254
05:12:29     STOCK_FILE pri podjetju 2: se ni na vrsti po razporedu; preskoceno.
05:12:30     Prebranih zapisov: 2763; SHA-256: 220c974c90d12f3e3d394ef315c1e20d4af28951792a4b5e186bcd4b74e33254
05:12:30     Ta posnetek je ze v bazi; vir=NW_STOCK, podjetje=3, cas posnetka=2026-09-03 22:42:28Z, uporabljenih=2763, v karanteni=0, RunId=0d98199c-37d4-4192-b519-334e62960fc6. Zapisano ni bilo nic.
05:12:31     Prebranih zapisov: 2763; SHA-256: 220c974c90d12f3e3d394ef315c1e20d4af28951792a4b5e186bcd4b74e33254
05:12:31     Ta posnetek je ze v bazi; vir=NW_STOCK, podjetje=4, cas posnetka=2026-09-03 22:42:28Z, uporabljenih=2763, v karanteni=0, RunId=2f072eba-799f-4fb5-a11b-725ff0de299f. Zapisano ni bilo nic.
05:12:31     konec: Zaloga NW_STOCK
05:12:31  == Zaloga BT_STOCK ==
05:12:32     [BT_STOCK] preskoceno: Razmik dobavitelja se tece; naslednji prenos po 4. 09. 2026 05:52.
05:12:32     Prevzem koncan: uspesno 0, neuspesno 0, skupaj virov 1.
05:12:33     Prebranih zapisov: 1389; SHA-256: 87dc96ff135a90ff21281cf2e3d01cba9b89e36308560bfd15167c9a03d703ba
05:12:33     Ta posnetek je ze v bazi; vir=BT_STOCK, podjetje=1, cas posnetka=2026-09-03 15:17:35Z, uporabljenih=1389, v karanteni=0, RunId=5e288d2d-98ef-40e1-b33c-663e6d513e74. Zapisano ni bilo nic.
05:12:34     Prebranih zapisov: 1389; SHA-256: 87dc96ff135a90ff21281cf2e3d01cba9b89e36308560bfd15167c9a03d703ba
05:12:34     Ta posnetek je ze v bazi; vir=BT_STOCK, podjetje=2, cas posnetka=2026-09-03 15:17:35Z, uporabljenih=1389, v karanteni=0, RunId=3496c976-0c49-45c5-9f74-0ffd35e5d443. Zapisano ni bilo nic.
05:12:35     Prebranih zapisov: 1389; SHA-256: 87dc96ff135a90ff21281cf2e3d01cba9b89e36308560bfd15167c9a03d703ba
05:12:35     STOCK_FILE pri podjetju 3: se ni na vrsti po razporedu; preskoceno.
05:12:36     Prebranih zapisov: 1389; SHA-256: 87dc96ff135a90ff21281cf2e3d01cba9b89e36308560bfd15167c9a03d703ba
05:12:36     STOCK_FILE pri podjetju 4: se ni na vrsti po razporedu; preskoceno.
05:12:36     konec: Zaloga BT_STOCK
05:12:36  == Zaloga iz SAOP (kolicine) ==
05:12:37     [1] SAOP_STOCK: se ni na vrsti po razporedu; preskoceno.
05:12:37     [2] SAOP_STOCK: se ni na vrsti po razporedu; preskoceno.
05:12:37     [3] SAOP_STOCK: se ni na vrsti po razporedu; preskoceno.
05:12:37     [4] SAOP_STOCK: se ni na vrsti po razporedu; preskoceno.
05:12:37     konec: Zaloga iz SAOP (kolicine)
05:12:37  == Izvoz cen in zaloge za splet ==
05:12:39     Izvoz profila MAGENTO_STOCK_PRICES končan: 352 vrstic v C:\Users\david\Desktop\PIM\NoviPIM\izvoz\magento\1
05:12:42     Izvoz profila MAGENTO_STOCK_PRICES končan: 2071 vrstic v C:\Users\david\Desktop\PIM\NoviPIM\izvoz\magento\2
05:12:46     Izvoz profila MAGENTO_STOCK_PRICES končan: 2488 vrstic v C:\Users\david\Desktop\PIM\NoviPIM\izvoz\magento\3
05:12:47     Izvoz profila MAGENTO_STOCK_PRICES končan: 0 vrstic v C:\Users\david\Desktop\PIM\NoviPIM\izvoz\magento\4
05:12:47     konec: Izvoz cen in zaloge za splet
05:12:47  Zalogovni cikel koncan; padlih korakov: 0.
05:17:26  == Zaloga NW_STOCK ==
05:17:27     SOURCE_FETCH: se ni na vrsti po razporedu; preskoceno.
05:17:28     Prebranih zapisov: 2763; SHA-256: 220c974c90d12f3e3d394ef315c1e20d4af28951792a4b5e186bcd4b74e33254
05:17:28     STOCK_FILE pri podjetju 1: se ni na vrsti po razporedu; preskoceno.
05:17:29     Prebranih zapisov: 2763; SHA-256: 220c974c90d12f3e3d394ef315c1e20d4af28951792a4b5e186bcd4b74e33254
05:17:29     STOCK_FILE pri podjetju 2: se ni na vrsti po razporedu; preskoceno.
05:17:30     Prebranih zapisov: 2763; SHA-256: 220c974c90d12f3e3d394ef315c1e20d4af28951792a4b5e186bcd4b74e33254
05:17:30     STOCK_FILE pri podjetju 3: se ni na vrsti po razporedu; preskoceno.
05:17:31     Prebranih zapisov: 2763; SHA-256: 220c974c90d12f3e3d394ef315c1e20d4af28951792a4b5e186bcd4b74e33254
05:17:31     STOCK_FILE pri podjetju 4: se ni na vrsti po razporedu; preskoceno.
05:17:31     konec: Zaloga NW_STOCK
05:17:31  == Zaloga BT_STOCK ==
05:17:32     SOURCE_FETCH: se ni na vrsti po razporedu; preskoceno.
05:17:33     Prebranih zapisov: 1389; SHA-256: 87dc96ff135a90ff21281cf2e3d01cba9b89e36308560bfd15167c9a03d703ba
05:17:33     STOCK_FILE pri podjetju 1: se ni na vrsti po razporedu; preskoceno.
05:17:34     Prebranih zapisov: 1389; SHA-256: 87dc96ff135a90ff21281cf2e3d01cba9b89e36308560bfd15167c9a03d703ba
05:17:34     STOCK_FILE pri podjetju 2: se ni na vrsti po razporedu; preskoceno.
05:17:35     Prebranih zapisov: 1389; SHA-256: 87dc96ff135a90ff21281cf2e3d01cba9b89e36308560bfd15167c9a03d703ba
05:17:35     Ta posnetek je ze v bazi; vir=BT_STOCK, podjetje=3, cas posnetka=2026-09-03 15:17:35Z, uporabljenih=1389, v karanteni=0, RunId=3dd9ac1c-09dd-4827-b930-eb014cdb2746. Zapisano ni bilo nic.
05:17:36     Prebranih zapisov: 1389; SHA-256: 87dc96ff135a90ff21281cf2e3d01cba9b89e36308560bfd15167c9a03d703ba
05:17:36     Ta posnetek je ze v bazi; vir=BT_STOCK, podjetje=4, cas posnetka=2026-09-03 15:17:35Z, uporabljenih=1389, v karanteni=0, RunId=bec7f147-9b63-48d7-a0cc-8df0cb029c6c. Zapisano ni bilo nic.
05:17:36     konec: Zaloga BT_STOCK
05:17:36  == Zaloga iz SAOP (kolicine) ==
05:17:37     [1] SAOP_STOCK: se ni na vrsti po razporedu; preskoceno.
05:17:37     [2] SAOP_STOCK: se ni na vrsti po razporedu; preskoceno.
05:17:37     [3] SAOP_STOCK: se ni na vrsti po razporedu; preskoceno.
05:17:37     [4] SAOP_STOCK: se ni na vrsti po razporedu; preskoceno.
05:17:37     konec: Zaloga iz SAOP (kolicine)
05:17:37  == Izvoz cen in zaloge za splet ==
05:17:38     Izvoz profila MAGENTO_STOCK_PRICES končan: 352 vrstic v C:\Users\david\Desktop\PIM\NoviPIM\izvoz\magento\1
05:17:42     Izvoz profila MAGENTO_STOCK_PRICES končan: 2071 vrstic v C:\Users\david\Desktop\PIM\NoviPIM\izvoz\magento\2
05:17:46     Izvoz profila MAGENTO_STOCK_PRICES končan: 2488 vrstic v C:\Users\david\Desktop\PIM\NoviPIM\izvoz\magento\3
05:17:47     Izvoz profila MAGENTO_STOCK_PRICES končan: 0 vrstic v C:\Users\david\Desktop\PIM\NoviPIM\izvoz\magento\4
05:17:47     konec: Izvoz cen in zaloge za splet
05:17:47  Zalogovni cikel koncan; padlih korakov: 0.
05:22:26  == Zaloga NW_STOCK ==
05:22:27     [NW_STOCK] preskoceno: Razmik dobavitelja se tece; naslednji prenos po 4. 09. 2026 06:57.
05:22:27     Prevzem koncan: uspesno 0, neuspesno 0, skupaj virov 1.
05:22:28     Prebranih zapisov: 2763; SHA-256: 220c974c90d12f3e3d394ef315c1e20d4af28951792a4b5e186bcd4b74e33254
05:22:28     Ta posnetek je ze v bazi; vir=NW_STOCK, podjetje=1, cas posnetka=2026-09-03 22:42:28Z, uporabljenih=2763, v karanteni=0, RunId=ab077cf4-ce45-4b25-81ce-137c54dff502. Zapisano ni bilo nic.
05:22:29     Prebranih zapisov: 2763; SHA-256: 220c974c90d12f3e3d394ef315c1e20d4af28951792a4b5e186bcd4b74e33254
05:22:29     Ta posnetek je ze v bazi; vir=NW_STOCK, podjetje=2, cas posnetka=2026-09-03 22:42:28Z, uporabljenih=2763, v karanteni=0, RunId=f8b92ee0-ede5-4882-9f20-2d2cd2ef743a. Zapisano ni bilo nic.
05:22:30     Prebranih zapisov: 2763; SHA-256: 220c974c90d12f3e3d394ef315c1e20d4af28951792a4b5e186bcd4b74e33254
05:22:30     STOCK_FILE pri podjetju 3: se ni na vrsti po razporedu; preskoceno.
05:22:31     Prebranih zapisov: 2763; SHA-256: 220c974c90d12f3e3d394ef315c1e20d4af28951792a4b5e186bcd4b74e33254
05:22:31     STOCK_FILE pri podjetju 4: se ni na vrsti po razporedu; preskoceno.
05:22:31     konec: Zaloga NW_STOCK
05:22:31  == Zaloga BT_STOCK ==
05:22:32     SOURCE_FETCH: se ni na vrsti po razporedu; preskoceno.
05:22:33     Prebranih zapisov: 1389; SHA-256: 87dc96ff135a90ff21281cf2e3d01cba9b89e36308560bfd15167c9a03d703ba
05:22:33     STOCK_FILE pri podjetju 1: se ni na vrsti po razporedu; preskoceno.
05:22:34     Prebranih zapisov: 1389; SHA-256: 87dc96ff135a90ff21281cf2e3d01cba9b89e36308560bfd15167c9a03d703ba
05:22:34     STOCK_FILE pri podjetju 2: se ni na vrsti po razporedu; preskoceno.
05:22:35     Prebranih zapisov: 1389; SHA-256: 87dc96ff135a90ff21281cf2e3d01cba9b89e36308560bfd15167c9a03d703ba
05:22:35     Ta posnetek je ze v bazi; vir=BT_STOCK, podjetje=3, cas posnetka=2026-09-03 15:17:35Z, uporabljenih=1389, v karanteni=0, RunId=3dd9ac1c-09dd-4827-b930-eb014cdb2746. Zapisano ni bilo nic.
05:22:36     Prebranih zapisov: 1389; SHA-256: 87dc96ff135a90ff21281cf2e3d01cba9b89e36308560bfd15167c9a03d703ba
05:22:36     Ta posnetek je ze v bazi; vir=BT_STOCK, podjetje=4, cas posnetka=2026-09-03 15:17:35Z, uporabljenih=1389, v karanteni=0, RunId=bec7f147-9b63-48d7-a0cc-8df0cb029c6c. Zapisano ni bilo nic.
05:22:36     konec: Zaloga BT_STOCK
05:22:36  == Zaloga iz SAOP (kolicine) ==
05:22:37     [1] SAOP_STOCK: se ni na vrsti po razporedu; preskoceno.
05:22:37     [2] SAOP_STOCK: se ni na vrsti po razporedu; preskoceno.
05:22:37     [3] SAOP_STOCK: se ni na vrsti po razporedu; preskoceno.
05:22:37     [4] SAOP_STOCK: se ni na vrsti po razporedu; preskoceno.
05:22:37     konec: Zaloga iz SAOP (kolicine)
05:22:37  == Izvoz cen in zaloge za splet ==
05:22:39     Izvoz profila MAGENTO_STOCK_PRICES končan: 352 vrstic v C:\Users\david\Desktop\PIM\NoviPIM\izvoz\magento\1
05:22:42     Izvoz profila MAGENTO_STOCK_PRICES končan: 2071 vrstic v C:\Users\david\Desktop\PIM\NoviPIM\izvoz\magento\2
05:22:46     Izvoz profila MAGENTO_STOCK_PRICES končan: 2488 vrstic v C:\Users\david\Desktop\PIM\NoviPIM\izvoz\magento\3
05:22:47     Izvoz profila MAGENTO_STOCK_PRICES končan: 0 vrstic v C:\Users\david\Desktop\PIM\NoviPIM\izvoz\magento\4
05:22:47     konec: Izvoz cen in zaloge za splet
05:22:47  Zalogovni cikel koncan; padlih korakov: 0.
05:27:28  == Zaloga NW_STOCK ==
05:27:31     [NW_STOCK] preskoceno: Razmik dobavitelja se tece; naslednji prenos po 4. 09. 2026 06:57.
05:27:31     Prevzem koncan: uspesno 0, neuspesno 0, skupaj virov 1.
05:27:32     Prebranih zapisov: 2763; SHA-256: 220c974c90d12f3e3d394ef315c1e20d4af28951792a4b5e186bcd4b74e33254
05:27:33     Ta posnetek je ze v bazi; vir=NW_STOCK, podjetje=1, cas posnetka=2026-09-03 22:42:28Z, uporabljenih=2763, v karanteni=0, RunId=ab077cf4-ce45-4b25-81ce-137c54dff502. Zapisano ni bilo nic.
05:27:34     Prebranih zapisov: 2763; SHA-256: 220c974c90d12f3e3d394ef315c1e20d4af28951792a4b5e186bcd4b74e33254
05:27:34     Ta posnetek je ze v bazi; vir=NW_STOCK, podjetje=2, cas posnetka=2026-09-03 22:42:28Z, uporabljenih=2763, v karanteni=0, RunId=f8b92ee0-ede5-4882-9f20-2d2cd2ef743a. Zapisano ni bilo nic.
05:27:35     Prebranih zapisov: 2763; SHA-256: 220c974c90d12f3e3d394ef315c1e20d4af28951792a4b5e186bcd4b74e33254
05:27:35     STOCK_FILE pri podjetju 3: se ni na vrsti po razporedu; preskoceno.
05:27:36     Prebranih zapisov: 2763; SHA-256: 220c974c90d12f3e3d394ef315c1e20d4af28951792a4b5e186bcd4b74e33254
05:27:36     STOCK_FILE pri podjetju 4: se ni na vrsti po razporedu; preskoceno.
05:27:36     konec: Zaloga NW_STOCK
05:27:36  == Zaloga BT_STOCK ==
05:27:37     SOURCE_FETCH: se ni na vrsti po razporedu; preskoceno.
05:27:38     Prebranih zapisov: 1389; SHA-256: 87dc96ff135a90ff21281cf2e3d01cba9b89e36308560bfd15167c9a03d703ba
05:27:38     STOCK_FILE pri podjetju 1: se ni na vrsti po razporedu; preskoceno.
05:27:39     Prebranih zapisov: 1389; SHA-256: 87dc96ff135a90ff21281cf2e3d01cba9b89e36308560bfd15167c9a03d703ba
05:27:39     STOCK_FILE pri podjetju 2: se ni na vrsti po razporedu; preskoceno.
05:27:40     Prebranih zapisov: 1389; SHA-256: 87dc96ff135a90ff21281cf2e3d01cba9b89e36308560bfd15167c9a03d703ba
05:27:40     Ta posnetek je ze v bazi; vir=BT_STOCK, podjetje=3, cas posnetka=2026-09-03 15:17:35Z, uporabljenih=1389, v karanteni=0, RunId=3dd9ac1c-09dd-4827-b930-eb014cdb2746. Zapisano ni bilo nic.
05:27:41     Prebranih zapisov: 1389; SHA-256: 87dc96ff135a90ff21281cf2e3d01cba9b89e36308560bfd15167c9a03d703ba
05:27:41     Ta posnetek je ze v bazi; vir=BT_STOCK, podjetje=4, cas posnetka=2026-09-03 15:17:35Z, uporabljenih=1389, v karanteni=0, RunId=bec7f147-9b63-48d7-a0cc-8df0cb029c6c. Zapisano ni bilo nic.
05:27:41     konec: Zaloga BT_STOCK
05:27:41  == Zaloga iz SAOP (kolicine) ==
05:27:42     [1] SAOP_STOCK: se ni na vrsti po razporedu; preskoceno.
05:27:42     [2] SAOP_STOCK: se ni na vrsti po razporedu; preskoceno.
05:27:42     [3] SAOP_STOCK: se ni na vrsti po razporedu; preskoceno.
05:27:42     [4] SAOP_STOCK: se ni na vrsti po razporedu; preskoceno.
05:27:42     konec: Zaloga iz SAOP (kolicine)
05:27:42  == Izvoz cen in zaloge za splet ==
05:27:44     Izvoz profila MAGENTO_STOCK_PRICES končan: 352 vrstic v C:\Users\david\Desktop\PIM\NoviPIM\izvoz\magento\1
05:27:48     Izvoz profila MAGENTO_STOCK_PRICES končan: 2071 vrstic v C:\Users\david\Desktop\PIM\NoviPIM\izvoz\magento\2
05:27:51     Izvoz profila MAGENTO_STOCK_PRICES končan: 2488 vrstic v C:\Users\david\Desktop\PIM\NoviPIM\izvoz\magento\3
05:27:53     Izvoz profila MAGENTO_STOCK_PRICES končan: 0 vrstic v C:\Users\david\Desktop\PIM\NoviPIM\izvoz\magento\4
05:27:53     konec: Izvoz cen in zaloge za splet
05:27:53  Zalogovni cikel koncan; padlih korakov: 0.
05:32:27  == Zaloga NW_STOCK ==
05:32:31     SOURCE_FETCH: se ni na vrsti po razporedu; preskoceno.
05:32:31     Prebranih zapisov: 2763; SHA-256: 220c974c90d12f3e3d394ef315c1e20d4af28951792a4b5e186bcd4b74e33254
05:32:32     STOCK_FILE pri podjetju 1: se ni na vrsti po razporedu; preskoceno.
05:32:33     Prebranih zapisov: 2763; SHA-256: 220c974c90d12f3e3d394ef315c1e20d4af28951792a4b5e186bcd4b74e33254
05:32:33     STOCK_FILE pri podjetju 2: se ni na vrsti po razporedu; preskoceno.
05:32:33     Prebranih zapisov: 2763; SHA-256: 220c974c90d12f3e3d394ef315c1e20d4af28951792a4b5e186bcd4b74e33254
05:32:34     STOCK_FILE pri podjetju 3: se ni na vrsti po razporedu; preskoceno.
05:32:34     Prebranih zapisov: 2763; SHA-256: 220c974c90d12f3e3d394ef315c1e20d4af28951792a4b5e186bcd4b74e33254
05:32:35     STOCK_FILE pri podjetju 4: se ni na vrsti po razporedu; preskoceno.
05:32:35     konec: Zaloga NW_STOCK
05:32:35  == Zaloga BT_STOCK ==
05:32:36     [BT_STOCK] preskoceno: Razmik dobavitelja se tece; naslednji prenos po 4. 09. 2026 05:52.
05:32:36     Prevzem koncan: uspesno 0, neuspesno 0, skupaj virov 1.
05:32:36     Prebranih zapisov: 1389; SHA-256: 87dc96ff135a90ff21281cf2e3d01cba9b89e36308560bfd15167c9a03d703ba
05:32:37     Ta posnetek je ze v bazi; vir=BT_STOCK, podjetje=1, cas posnetka=2026-09-03 15:17:35Z, uporabljenih=1389, v karanteni=0, RunId=5e288d2d-98ef-40e1-b33c-663e6d513e74. Zapisano ni bilo nic.
05:32:38     Prebranih zapisov: 1389; SHA-256: 87dc96ff135a90ff21281cf2e3d01cba9b89e36308560bfd15167c9a03d703ba
05:32:38     Ta posnetek je ze v bazi; vir=BT_STOCK, podjetje=2, cas posnetka=2026-09-03 15:17:35Z, uporabljenih=1389, v karanteni=0, RunId=3496c976-0c49-45c5-9f74-0ffd35e5d443. Zapisano ni bilo nic.
05:32:39     Prebranih zapisov: 1389; SHA-256: 87dc96ff135a90ff21281cf2e3d01cba9b89e36308560bfd15167c9a03d703ba
05:32:39     STOCK_FILE pri podjetju 3: se ni na vrsti po razporedu; preskoceno.
05:32:40     Prebranih zapisov: 1389; SHA-256: 87dc96ff135a90ff21281cf2e3d01cba9b89e36308560bfd15167c9a03d703ba
05:32:40     STOCK_FILE pri podjetju 4: se ni na vrsti po razporedu; preskoceno.
05:32:40     konec: Zaloga BT_STOCK
05:32:40  == Zaloga iz SAOP (kolicine) ==
05:32:41     [1] SAOP_STOCK: se ni na vrsti po razporedu; preskoceno.
05:32:41     [2] SAOP_STOCK: se ni na vrsti po razporedu; preskoceno.
05:32:41     [3] SAOP_STOCK: se ni na vrsti po razporedu; preskoceno.
05:32:41     [4] SAOP_STOCK: se ni na vrsti po razporedu; preskoceno.
05:32:41     konec: Zaloga iz SAOP (kolicine)
05:32:41  == Izvoz cen in zaloge za splet ==
05:32:43     Izvoz profila MAGENTO_STOCK_PRICES končan: 352 vrstic v C:\Users\david\Desktop\PIM\NoviPIM\izvoz\magento\1
05:32:47     Izvoz profila MAGENTO_STOCK_PRICES končan: 2071 vrstic v C:\Users\david\Desktop\PIM\NoviPIM\izvoz\magento\2
05:32:50     Izvoz profila MAGENTO_STOCK_PRICES končan: 2488 vrstic v C:\Users\david\Desktop\PIM\NoviPIM\izvoz\magento\3
05:32:52     Izvoz profila MAGENTO_STOCK_PRICES končan: 0 vrstic v C:\Users\david\Desktop\PIM\NoviPIM\izvoz\magento\4
05:32:52     konec: Izvoz cen in zaloge za splet
05:32:52  Zalogovni cikel koncan; padlih korakov: 0.
05:37:27  == Zaloga NW_STOCK ==
05:37:28     SOURCE_FETCH: se ni na vrsti po razporedu; preskoceno.
05:37:29     Prebranih zapisov: 2763; SHA-256: 220c974c90d12f3e3d394ef315c1e20d4af28951792a4b5e186bcd4b74e33254
05:37:29     STOCK_FILE pri podjetju 1: se ni na vrsti po razporedu; preskoceno.
05:37:30     Prebranih zapisov: 2763; SHA-256: 220c974c90d12f3e3d394ef315c1e20d4af28951792a4b5e186bcd4b74e33254
05:37:30     STOCK_FILE pri podjetju 2: se ni na vrsti po razporedu; preskoceno.
05:37:31     Prebranih zapisov: 2763; SHA-256: 220c974c90d12f3e3d394ef315c1e20d4af28951792a4b5e186bcd4b74e33254
05:37:31     Ta posnetek je ze v bazi; vir=NW_STOCK, podjetje=3, cas posnetka=2026-09-03 22:42:28Z, uporabljenih=2763, v karanteni=0, RunId=0d98199c-37d4-4192-b519-334e62960fc6. Zapisano ni bilo nic.
05:37:32     Prebranih zapisov: 2763; SHA-256: 220c974c90d12f3e3d394ef315c1e20d4af28951792a4b5e186bcd4b74e33254
05:37:32     Ta posnetek je ze v bazi; vir=NW_STOCK, podjetje=4, cas posnetka=2026-09-03 22:42:28Z, uporabljenih=2763, v karanteni=0, RunId=2f072eba-799f-4fb5-a11b-725ff0de299f. Zapisano ni bilo nic.
05:37:32     konec: Zaloga NW_STOCK
05:37:32  == Zaloga BT_STOCK ==
05:37:33     SOURCE_FETCH: se ni na vrsti po razporedu; preskoceno.
05:37:34     Prebranih zapisov: 1389; SHA-256: 87dc96ff135a90ff21281cf2e3d01cba9b89e36308560bfd15167c9a03d703ba
05:37:34     STOCK_FILE pri podjetju 1: se ni na vrsti po razporedu; preskoceno.
05:37:35     Prebranih zapisov: 1389; SHA-256: 87dc96ff135a90ff21281cf2e3d01cba9b89e36308560bfd15167c9a03d703ba
05:37:35     STOCK_FILE pri podjetju 2: se ni na vrsti po razporedu; preskoceno.
05:37:36     Prebranih zapisov: 1389; SHA-256: 87dc96ff135a90ff21281cf2e3d01cba9b89e36308560bfd15167c9a03d703ba
05:37:36     STOCK_FILE pri podjetju 3: se ni na vrsti po razporedu; preskoceno.
05:37:37     Prebranih zapisov: 1389; SHA-256: 87dc96ff135a90ff21281cf2e3d01cba9b89e36308560bfd15167c9a03d703ba
05:37:37     STOCK_FILE pri podjetju 4: se ni na vrsti po razporedu; preskoceno.
05:37:37     konec: Zaloga BT_STOCK
05:37:37  == Zaloga iz SAOP (kolicine) ==
05:37:38     [1] SAOP_STOCK: se ni na vrsti po razporedu; preskoceno.
05:37:38     [2] SAOP_STOCK: se ni na vrsti po razporedu; preskoceno.
05:37:38     [3] SAOP_STOCK: se ni na vrsti po razporedu; preskoceno.
05:37:38     [4] SAOP_STOCK: se ni na vrsti po razporedu; preskoceno.
05:37:38     konec: Zaloga iz SAOP (kolicine)
05:37:38  == Izvoz cen in zaloge za splet ==
05:37:40     Izvoz profila MAGENTO_STOCK_PRICES končan: 352 vrstic v C:\Users\david\Desktop\PIM\NoviPIM\izvoz\magento\1
05:37:43     Izvoz profila MAGENTO_STOCK_PRICES končan: 2071 vrstic v C:\Users\david\Desktop\PIM\NoviPIM\izvoz\magento\2
05:37:47     Izvoz profila MAGENTO_STOCK_PRICES končan: 2488 vrstic v C:\Users\david\Desktop\PIM\NoviPIM\izvoz\magento\3
05:37:48     Izvoz profila MAGENTO_STOCK_PRICES končan: 0 vrstic v C:\Users\david\Desktop\PIM\NoviPIM\izvoz\magento\4
05:37:48     konec: Izvoz cen in zaloge za splet
05:37:48  Zalogovni cikel koncan; padlih korakov: 0.
05:42:26  == Zaloga NW_STOCK ==
05:42:27     [NW_STOCK] preskoceno: Razmik dobavitelja se tece; naslednji prenos po 4. 09. 2026 06:57.
05:42:27     Prevzem koncan: uspesno 0, neuspesno 0, skupaj virov 1.
05:42:28     Prebranih zapisov: 2763; SHA-256: 220c974c90d12f3e3d394ef315c1e20d4af28951792a4b5e186bcd4b74e33254
05:42:28     Ta posnetek je ze v bazi; vir=NW_STOCK, podjetje=1, cas posnetka=2026-09-03 22:42:28Z, uporabljenih=2763, v karanteni=0, RunId=ab077cf4-ce45-4b25-81ce-137c54dff502. Zapisano ni bilo nic.
05:42:29     Prebranih zapisov: 2763; SHA-256: 220c974c90d12f3e3d394ef315c1e20d4af28951792a4b5e186bcd4b74e33254
05:42:29     Ta posnetek je ze v bazi; vir=NW_STOCK, podjetje=2, cas posnetka=2026-09-03 22:42:28Z, uporabljenih=2763, v karanteni=0, RunId=f8b92ee0-ede5-4882-9f20-2d2cd2ef743a. Zapisano ni bilo nic.
05:42:30     Prebranih zapisov: 2763; SHA-256: 220c974c90d12f3e3d394ef315c1e20d4af28951792a4b5e186bcd4b74e33254
05:42:30     STOCK_FILE pri podjetju 3: se ni na vrsti po razporedu; preskoceno.
05:42:31     Prebranih zapisov: 2763; SHA-256: 220c974c90d12f3e3d394ef315c1e20d4af28951792a4b5e186bcd4b74e33254
05:42:31     STOCK_FILE pri podjetju 4: se ni na vrsti po razporedu; preskoceno.
05:42:31     konec: Zaloga NW_STOCK
05:42:31  == Zaloga BT_STOCK ==
05:42:32     SOURCE_FETCH: se ni na vrsti po razporedu; preskoceno.
05:42:33     Prebranih zapisov: 1389; SHA-256: 87dc96ff135a90ff21281cf2e3d01cba9b89e36308560bfd15167c9a03d703ba
05:42:33     STOCK_FILE pri podjetju 1: se ni na vrsti po razporedu; preskoceno.
05:42:34     Prebranih zapisov: 1389; SHA-256: 87dc96ff135a90ff21281cf2e3d01cba9b89e36308560bfd15167c9a03d703ba
05:42:34     STOCK_FILE pri podjetju 2: se ni na vrsti po razporedu; preskoceno.
05:42:35     Prebranih zapisov: 1389; SHA-256: 87dc96ff135a90ff21281cf2e3d01cba9b89e36308560bfd15167c9a03d703ba
05:42:35     Ta posnetek je ze v bazi; vir=BT_STOCK, podjetje=3, cas posnetka=2026-09-03 15:17:35Z, uporabljenih=1389, v karanteni=0, RunId=3dd9ac1c-09dd-4827-b930-eb014cdb2746. Zapisano ni bilo nic.
05:42:36     Prebranih zapisov: 1389; SHA-256: 87dc96ff135a90ff21281cf2e3d01cba9b89e36308560bfd15167c9a03d703ba
05:42:36     Ta posnetek je ze v bazi; vir=BT_STOCK, podjetje=4, cas posnetka=2026-09-03 15:17:35Z, uporabljenih=1389, v karanteni=0, RunId=bec7f147-9b63-48d7-a0cc-8df0cb029c6c. Zapisano ni bilo nic.
05:42:36     konec: Zaloga BT_STOCK
05:42:36  == Zaloga iz SAOP (kolicine) ==
05:42:37     [1] SAOP_STOCK: se ni na vrsti po razporedu; preskoceno.
05:42:37     [2] SAOP_STOCK: se ni na vrsti po razporedu; preskoceno.
05:42:37     [3] SAOP_STOCK: se ni na vrsti po razporedu; preskoceno.
05:42:37     [4] SAOP_STOCK: se ni na vrsti po razporedu; preskoceno.
05:42:37     konec: Zaloga iz SAOP (kolicine)
05:42:37  == Izvoz cen in zaloge za splet ==
05:42:39     Izvoz profila MAGENTO_STOCK_PRICES končan: 352 vrstic v C:\Users\david\Desktop\PIM\NoviPIM\izvoz\magento\1
05:42:42     Izvoz profila MAGENTO_STOCK_PRICES končan: 2071 vrstic v C:\Users\david\Desktop\PIM\NoviPIM\izvoz\magento\2
05:42:46     Izvoz profila MAGENTO_STOCK_PRICES končan: 2488 vrstic v C:\Users\david\Desktop\PIM\NoviPIM\izvoz\magento\3
05:42:47     Izvoz profila MAGENTO_STOCK_PRICES končan: 0 vrstic v C:\Users\david\Desktop\PIM\NoviPIM\izvoz\magento\4
05:42:47     konec: Izvoz cen in zaloge za splet
05:42:47  Zalogovni cikel koncan; padlih korakov: 0.
05:47:26  == Zaloga NW_STOCK ==
05:47:27     SOURCE_FETCH: se ni na vrsti po razporedu; preskoceno.
05:47:28     Prebranih zapisov: 2763; SHA-256: 220c974c90d12f3e3d394ef315c1e20d4af28951792a4b5e186bcd4b74e33254
05:47:28     STOCK_FILE pri podjetju 1: se ni na vrsti po razporedu; preskoceno.
05:47:29     Prebranih zapisov: 2763; SHA-256: 220c974c90d12f3e3d394ef315c1e20d4af28951792a4b5e186bcd4b74e33254
05:47:29     STOCK_FILE pri podjetju 2: se ni na vrsti po razporedu; preskoceno.
05:47:30     Prebranih zapisov: 2763; SHA-256: 220c974c90d12f3e3d394ef315c1e20d4af28951792a4b5e186bcd4b74e33254
05:47:30     STOCK_FILE pri podjetju 3: se ni na vrsti po razporedu; preskoceno.
05:47:31     Prebranih zapisov: 2763; SHA-256: 220c974c90d12f3e3d394ef315c1e20d4af28951792a4b5e186bcd4b74e33254
05:47:31     STOCK_FILE pri podjetju 4: se ni na vrsti po razporedu; preskoceno.
05:47:31     konec: Zaloga NW_STOCK
05:47:31  == Zaloga BT_STOCK ==
05:47:32     [BT_STOCK] preskoceno: Razmik dobavitelja se tece; naslednji prenos po 4. 09. 2026 05:52.
05:47:32     Prevzem koncan: uspesno 0, neuspesno 0, skupaj virov 1.
05:47:33     Prebranih zapisov: 1389; SHA-256: 87dc96ff135a90ff21281cf2e3d01cba9b89e36308560bfd15167c9a03d703ba
05:47:33     Ta posnetek je ze v bazi; vir=BT_STOCK, podjetje=1, cas posnetka=2026-09-03 15:17:35Z, uporabljenih=1389, v karanteni=0, RunId=5e288d2d-98ef-40e1-b33c-663e6d513e74. Zapisano ni bilo nic.
05:47:34     Prebranih zapisov: 1389; SHA-256: 87dc96ff135a90ff21281cf2e3d01cba9b89e36308560bfd15167c9a03d703ba
05:47:34     Ta posnetek je ze v bazi; vir=BT_STOCK, podjetje=2, cas posnetka=2026-09-03 15:17:35Z, uporabljenih=1389, v karanteni=0, RunId=3496c976-0c49-45c5-9f74-0ffd35e5d443. Zapisano ni bilo nic.
05:47:35     Prebranih zapisov: 1389; SHA-256: 87dc96ff135a90ff21281cf2e3d01cba9b89e36308560bfd15167c9a03d703ba
05:47:35     STOCK_FILE pri podjetju 3: se ni na vrsti po razporedu; preskoceno.
05:47:36     Prebranih zapisov: 1389; SHA-256: 87dc96ff135a90ff21281cf2e3d01cba9b89e36308560bfd15167c9a03d703ba
05:47:36     STOCK_FILE pri podjetju 4: se ni na vrsti po razporedu; preskoceno.
05:47:36     konec: Zaloga BT_STOCK
05:47:36  == Zaloga iz SAOP (kolicine) ==
05:47:37     [1] SAOP_STOCK: se ni na vrsti po razporedu; preskoceno.
05:47:37     [2] SAOP_STOCK: se ni na vrsti po razporedu; preskoceno.
05:47:37     [3] SAOP_STOCK: se ni na vrsti po razporedu; preskoceno.
05:47:37     [4] SAOP_STOCK: se ni na vrsti po razporedu; preskoceno.
05:47:37     konec: Zaloga iz SAOP (kolicine)
05:47:37  == Izvoz cen in zaloge za splet ==
05:47:39     Izvoz profila MAGENTO_STOCK_PRICES končan: 352 vrstic v C:\Users\david\Desktop\PIM\NoviPIM\izvoz\magento\1
05:47:42     Izvoz profila MAGENTO_STOCK_PRICES končan: 2071 vrstic v C:\Users\david\Desktop\PIM\NoviPIM\izvoz\magento\2
05:47:46     Izvoz profila MAGENTO_STOCK_PRICES končan: 2488 vrstic v C:\Users\david\Desktop\PIM\NoviPIM\izvoz\magento\3
05:47:47     Izvoz profila MAGENTO_STOCK_PRICES končan: 0 vrstic v C:\Users\david\Desktop\PIM\NoviPIM\izvoz\magento\4
05:47:47     konec: Izvoz cen in zaloge za splet
05:47:47  Zalogovni cikel koncan; padlih korakov: 0.
05:52:26  == Zaloga NW_STOCK ==
05:52:27     SOURCE_FETCH: se ni na vrsti po razporedu; preskoceno.
05:52:28     Prebranih zapisov: 2763; SHA-256: 220c974c90d12f3e3d394ef315c1e20d4af28951792a4b5e186bcd4b74e33254
05:52:28     STOCK_FILE pri podjetju 1: se ni na vrsti po razporedu; preskoceno.
05:52:29     Prebranih zapisov: 2763; SHA-256: 220c974c90d12f3e3d394ef315c1e20d4af28951792a4b5e186bcd4b74e33254
05:52:29     STOCK_FILE pri podjetju 2: se ni na vrsti po razporedu; preskoceno.
05:52:30     Prebranih zapisov: 2763; SHA-256: 220c974c90d12f3e3d394ef315c1e20d4af28951792a4b5e186bcd4b74e33254
05:52:30     Ta posnetek je ze v bazi; vir=NW_STOCK, podjetje=3, cas posnetka=2026-09-03 22:42:28Z, uporabljenih=2763, v karanteni=0, RunId=0d98199c-37d4-4192-b519-334e62960fc6. Zapisano ni bilo nic.
05:52:31     Prebranih zapisov: 2763; SHA-256: 220c974c90d12f3e3d394ef315c1e20d4af28951792a4b5e186bcd4b74e33254
05:52:31     Ta posnetek je ze v bazi; vir=NW_STOCK, podjetje=4, cas posnetka=2026-09-03 22:42:28Z, uporabljenih=2763, v karanteni=0, RunId=2f072eba-799f-4fb5-a11b-725ff0de299f. Zapisano ni bilo nic.
05:52:31     konec: Zaloga NW_STOCK
05:52:31  == Zaloga BT_STOCK ==
05:52:32     [BT_STOCK] preskoceno: Razmik dobavitelja se tece; naslednji prenos po 4. 09. 2026 05:52.
05:52:32     Prevzem koncan: uspesno 0, neuspesno 0, skupaj virov 1.
05:52:33     Prebranih zapisov: 1389; SHA-256: 87dc96ff135a90ff21281cf2e3d01cba9b89e36308560bfd15167c9a03d703ba
05:52:33     Ta posnetek je ze v bazi; vir=BT_STOCK, podjetje=1, cas posnetka=2026-09-03 15:17:35Z, uporabljenih=1389, v karanteni=0, RunId=5e288d2d-98ef-40e1-b33c-663e6d513e74. Zapisano ni bilo nic.
05:52:34     Prebranih zapisov: 1389; SHA-256: 87dc96ff135a90ff21281cf2e3d01cba9b89e36308560bfd15167c9a03d703ba
05:52:34     Ta posnetek je ze v bazi; vir=BT_STOCK, podjetje=2, cas posnetka=2026-09-03 15:17:35Z, uporabljenih=1389, v karanteni=0, RunId=3496c976-0c49-45c5-9f74-0ffd35e5d443. Zapisano ni bilo nic.
05:52:35     Prebranih zapisov: 1389; SHA-256: 87dc96ff135a90ff21281cf2e3d01cba9b89e36308560bfd15167c9a03d703ba
05:52:35     STOCK_FILE pri podjetju 3: se ni na vrsti po razporedu; preskoceno.
05:52:36     Prebranih zapisov: 1389; SHA-256: 87dc96ff135a90ff21281cf2e3d01cba9b89e36308560bfd15167c9a03d703ba
05:52:36     STOCK_FILE pri podjetju 4: se ni na vrsti po razporedu; preskoceno.
05:52:36     konec: Zaloga BT_STOCK
05:52:36  == Zaloga iz SAOP (kolicine) ==
05:52:37     [1] SAOP_STOCK: se ni na vrsti po razporedu; preskoceno.
05:52:37     [2] SAOP_STOCK: se ni na vrsti po razporedu; preskoceno.
05:52:37     [3] SAOP_STOCK: se ni na vrsti po razporedu; preskoceno.
05:52:37     [4] SAOP_STOCK: se ni na vrsti po razporedu; preskoceno.
05:52:37     konec: Zaloga iz SAOP (kolicine)
05:52:37  == Izvoz cen in zaloge za splet ==
05:52:39     Izvoz profila MAGENTO_STOCK_PRICES končan: 352 vrstic v C:\Users\david\Desktop\PIM\NoviPIM\izvoz\magento\1
05:52:42     Izvoz profila MAGENTO_STOCK_PRICES končan: 2071 vrstic v C:\Users\david\Desktop\PIM\NoviPIM\izvoz\magento\2
05:52:46     Izvoz profila MAGENTO_STOCK_PRICES končan: 2488 vrstic v C:\Users\david\Desktop\PIM\NoviPIM\izvoz\magento\3
05:52:47     Izvoz profila MAGENTO_STOCK_PRICES končan: 0 vrstic v C:\Users\david\Desktop\PIM\NoviPIM\izvoz\magento\4
05:52:47     konec: Izvoz cen in zaloge za splet
05:52:47  Zalogovni cikel koncan; padlih korakov: 0.
05:57:26  == Zaloga NW_STOCK ==
05:57:27     SOURCE_FETCH: se ni na vrsti po razporedu; preskoceno.
05:57:28     Prebranih zapisov: 2763; SHA-256: 220c974c90d12f3e3d394ef315c1e20d4af28951792a4b5e186bcd4b74e33254
05:57:28     STOCK_FILE pri podjetju 1: se ni na vrsti po razporedu; preskoceno.
05:57:29     Prebranih zapisov: 2763; SHA-256: 220c974c90d12f3e3d394ef315c1e20d4af28951792a4b5e186bcd4b74e33254
05:57:29     STOCK_FILE pri podjetju 2: se ni na vrsti po razporedu; preskoceno.
05:57:30     Prebranih zapisov: 2763; SHA-256: 220c974c90d12f3e3d394ef315c1e20d4af28951792a4b5e186bcd4b74e33254
05:57:30     STOCK_FILE pri podjetju 3: se ni na vrsti po razporedu; preskoceno.
05:57:31     Prebranih zapisov: 2763; SHA-256: 220c974c90d12f3e3d394ef315c1e20d4af28951792a4b5e186bcd4b74e33254
05:57:31     STOCK_FILE pri podjetju 4: se ni na vrsti po razporedu; preskoceno.
05:57:31     konec: Zaloga NW_STOCK
05:57:31  == Zaloga BT_STOCK ==
05:57:32     SOURCE_FETCH: se ni na vrsti po razporedu; preskoceno.
05:57:33     Prebranih zapisov: 1389; SHA-256: 87dc96ff135a90ff21281cf2e3d01cba9b89e36308560bfd15167c9a03d703ba
05:57:33     STOCK_FILE pri podjetju 1: se ni na vrsti po razporedu; preskoceno.
05:57:34     Prebranih zapisov: 1389; SHA-256: 87dc96ff135a90ff21281cf2e3d01cba9b89e36308560bfd15167c9a03d703ba
05:57:34     STOCK_FILE pri podjetju 2: se ni na vrsti po razporedu; preskoceno.
05:57:35     Prebranih zapisov: 1389; SHA-256: 87dc96ff135a90ff21281cf2e3d01cba9b89e36308560bfd15167c9a03d703ba
05:57:35     Ta posnetek je ze v bazi; vir=BT_STOCK, podjetje=3, cas posnetka=2026-09-03 15:17:35Z, uporabljenih=1389, v karanteni=0, RunId=3dd9ac1c-09dd-4827-b930-eb014cdb2746. Zapisano ni bilo nic.
05:57:36     Prebranih zapisov: 1389; SHA-256: 87dc96ff135a90ff21281cf2e3d01cba9b89e36308560bfd15167c9a03d703ba
05:57:36     Ta posnetek je ze v bazi; vir=BT_STOCK, podjetje=4, cas posnetka=2026-09-03 15:17:35Z, uporabljenih=1389, v karanteni=0, RunId=bec7f147-9b63-48d7-a0cc-8df0cb029c6c. Zapisano ni bilo nic.
05:57:36     konec: Zaloga BT_STOCK
05:57:36  == Zaloga iz SAOP (kolicine) ==
05:57:37     [1] SAOP_STOCK: se ni na vrsti po razporedu; preskoceno.
05:57:37     [2] SAOP_STOCK: se ni na vrsti po razporedu; preskoceno.
05:57:37     [3] SAOP_STOCK: se ni na vrsti po razporedu; preskoceno.
05:57:37     [4] SAOP_STOCK: se ni na vrsti po razporedu; preskoceno.
05:57:37     konec: Zaloga iz SAOP (kolicine)
05:57:37  == Izvoz cen in zaloge za splet ==
05:57:39     Izvoz profila MAGENTO_STOCK_PRICES končan: 352 vrstic v C:\Users\david\Desktop\PIM\NoviPIM\izvoz\magento\1
05:57:42     Izvoz profila MAGENTO_STOCK_PRICES končan: 2071 vrstic v C:\Users\david\Desktop\PIM\NoviPIM\izvoz\magento\2
05:57:46     Izvoz profila MAGENTO_STOCK_PRICES končan: 2488 vrstic v C:\Users\david\Desktop\PIM\NoviPIM\izvoz\magento\3
05:57:47     Izvoz profila MAGENTO_STOCK_PRICES končan: 0 vrstic v C:\Users\david\Desktop\PIM\NoviPIM\izvoz\magento\4
05:57:47     konec: Izvoz cen in zaloge za splet
05:57:47  Zalogovni cikel koncan; padlih korakov: 0.
06:02:26  == Zaloga NW_STOCK ==
06:02:27     [NW_STOCK] preskoceno: Razmik dobavitelja se tece; naslednji prenos po 4. 09. 2026 06:57.
06:02:27     Prevzem koncan: uspesno 0, neuspesno 0, skupaj virov 1.
06:02:28     Prebranih zapisov: 2763; SHA-256: 220c974c90d12f3e3d394ef315c1e20d4af28951792a4b5e186bcd4b74e33254
06:02:28     Ta posnetek je ze v bazi; vir=NW_STOCK, podjetje=1, cas posnetka=2026-09-03 22:42:28Z, uporabljenih=2763, v karanteni=0, RunId=ab077cf4-ce45-4b25-81ce-137c54dff502. Zapisano ni bilo nic.
06:02:29     Prebranih zapisov: 2763; SHA-256: 220c974c90d12f3e3d394ef315c1e20d4af28951792a4b5e186bcd4b74e33254
06:02:29     Ta posnetek je ze v bazi; vir=NW_STOCK, podjetje=2, cas posnetka=2026-09-03 22:42:28Z, uporabljenih=2763, v karanteni=0, RunId=f8b92ee0-ede5-4882-9f20-2d2cd2ef743a. Zapisano ni bilo nic.
06:02:30     Prebranih zapisov: 2763; SHA-256: 220c974c90d12f3e3d394ef315c1e20d4af28951792a4b5e186bcd4b74e33254
06:02:30     STOCK_FILE pri podjetju 3: se ni na vrsti po razporedu; preskoceno.
06:02:31     Prebranih zapisov: 2763; SHA-256: 220c974c90d12f3e3d394ef315c1e20d4af28951792a4b5e186bcd4b74e33254
06:02:31     STOCK_FILE pri podjetju 4: se ni na vrsti po razporedu; preskoceno.
06:02:31     konec: Zaloga NW_STOCK
06:02:31  == Zaloga BT_STOCK ==
06:02:32     SOURCE_FETCH: se ni na vrsti po razporedu; preskoceno.
06:02:33     Prebranih zapisov: 1389; SHA-256: 87dc96ff135a90ff21281cf2e3d01cba9b89e36308560bfd15167c9a03d703ba
06:02:33     STOCK_FILE pri podjetju 1: se ni na vrsti po razporedu; preskoceno.
06:02:34     Prebranih zapisov: 1389; SHA-256: 87dc96ff135a90ff21281cf2e3d01cba9b89e36308560bfd15167c9a03d703ba
06:02:34     STOCK_FILE pri podjetju 2: se ni na vrsti po razporedu; preskoceno.
06:02:35     Prebranih zapisov: 1389; SHA-256: 87dc96ff135a90ff21281cf2e3d01cba9b89e36308560bfd15167c9a03d703ba
06:02:35     Ta posnetek je ze v bazi; vir=BT_STOCK, podjetje=3, cas posnetka=2026-09-03 15:17:35Z, uporabljenih=1389, v karanteni=0, RunId=3dd9ac1c-09dd-4827-b930-eb014cdb2746. Zapisano ni bilo nic.
06:02:36     Prebranih zapisov: 1389; SHA-256: 87dc96ff135a90ff21281cf2e3d01cba9b89e36308560bfd15167c9a03d703ba
06:02:36     Ta posnetek je ze v bazi; vir=BT_STOCK, podjetje=4, cas posnetka=2026-09-03 15:17:35Z, uporabljenih=1389, v karanteni=0, RunId=bec7f147-9b63-48d7-a0cc-8df0cb029c6c. Zapisano ni bilo nic.
06:02:36     konec: Zaloga BT_STOCK
06:02:36  == Zaloga iz SAOP (kolicine) ==
06:02:37     [1] SAOP_STOCK: se ni na vrsti po razporedu; preskoceno.
06:02:37     [2] SAOP_STOCK: se ni na vrsti po razporedu; preskoceno.
06:02:37     [3] SAOP_STOCK: se ni na vrsti po razporedu; preskoceno.
06:02:37     [4] SAOP_STOCK: se ni na vrsti po razporedu; preskoceno.
06:02:37     konec: Zaloga iz SAOP (kolicine)
06:02:37  == Izvoz cen in zaloge za splet ==
06:02:39     Izvoz profila MAGENTO_STOCK_PRICES končan: 352 vrstic v C:\Users\david\Desktop\PIM\NoviPIM\izvoz\magento\1
06:02:42     Izvoz profila MAGENTO_STOCK_PRICES končan: 2071 vrstic v C:\Users\david\Desktop\PIM\NoviPIM\izvoz\magento\2
06:02:46     Izvoz profila MAGENTO_STOCK_PRICES končan: 2488 vrstic v C:\Users\david\Desktop\PIM\NoviPIM\izvoz\magento\3
06:02:47     Izvoz profila MAGENTO_STOCK_PRICES končan: 0 vrstic v C:\Users\david\Desktop\PIM\NoviPIM\izvoz\magento\4
06:02:47     konec: Izvoz cen in zaloge za splet
06:02:47  Zalogovni cikel koncan; padlih korakov: 0.
06:07:26  == Zaloga NW_STOCK ==
06:07:27     SOURCE_FETCH: se ni na vrsti po razporedu; preskoceno.
06:07:28     Prebranih zapisov: 2763; SHA-256: 220c974c90d12f3e3d394ef315c1e20d4af28951792a4b5e186bcd4b74e33254
06:07:28     STOCK_FILE pri podjetju 1: se ni na vrsti po razporedu; preskoceno.
06:07:29     Prebranih zapisov: 2763; SHA-256: 220c974c90d12f3e3d394ef315c1e20d4af28951792a4b5e186bcd4b74e33254
06:07:29     STOCK_FILE pri podjetju 2: se ni na vrsti po razporedu; preskoceno.
06:07:30     Prebranih zapisov: 2763; SHA-256: 220c974c90d12f3e3d394ef315c1e20d4af28951792a4b5e186bcd4b74e33254
06:07:30     STOCK_FILE pri podjetju 3: se ni na vrsti po razporedu; preskoceno.
06:07:31     Prebranih zapisov: 2763; SHA-256: 220c974c90d12f3e3d394ef315c1e20d4af28951792a4b5e186bcd4b74e33254
06:07:31     STOCK_FILE pri podjetju 4: se ni na vrsti po razporedu; preskoceno.
06:07:31     konec: Zaloga NW_STOCK
06:07:31  == Zaloga BT_STOCK ==
06:07:34     [BT_STOCK] preskoceno: Dobaviteljeva datoteka je nespremenjena; obdrzimo prejsnjo.
06:07:34     Prevzem koncan: uspesno 0, neuspesno 0, skupaj virov 1.
06:07:35     Prebranih zapisov: 1389; SHA-256: 87dc96ff135a90ff21281cf2e3d01cba9b89e36308560bfd15167c9a03d703ba
06:07:35     Ta posnetek je ze v bazi; vir=BT_STOCK, podjetje=1, cas posnetka=2026-09-03 15:17:35Z, uporabljenih=1389, v karanteni=0, RunId=5e288d2d-98ef-40e1-b33c-663e6d513e74. Zapisano ni bilo nic.
06:07:36     Prebranih zapisov: 1389; SHA-256: 87dc96ff135a90ff21281cf2e3d01cba9b89e36308560bfd15167c9a03d703ba
06:07:36     Ta posnetek je ze v bazi; vir=BT_STOCK, podjetje=2, cas posnetka=2026-09-03 15:17:35Z, uporabljenih=1389, v karanteni=0, RunId=3496c976-0c49-45c5-9f74-0ffd35e5d443. Zapisano ni bilo nic.
06:07:37     Prebranih zapisov: 1389; SHA-256: 87dc96ff135a90ff21281cf2e3d01cba9b89e36308560bfd15167c9a03d703ba
06:07:37     Ta posnetek je ze v bazi; vir=BT_STOCK, podjetje=3, cas posnetka=2026-09-03 15:17:35Z, uporabljenih=1389, v karanteni=0, RunId=3dd9ac1c-09dd-4827-b930-eb014cdb2746. Zapisano ni bilo nic.
06:07:38     Prebranih zapisov: 1389; SHA-256: 87dc96ff135a90ff21281cf2e3d01cba9b89e36308560bfd15167c9a03d703ba
06:07:38     Ta posnetek je ze v bazi; vir=BT_STOCK, podjetje=4, cas posnetka=2026-09-03 15:17:35Z, uporabljenih=1389, v karanteni=0, RunId=bec7f147-9b63-48d7-a0cc-8df0cb029c6c. Zapisano ni bilo nic.
06:07:38     konec: Zaloga BT_STOCK
06:07:38  == Zaloga iz SAOP (kolicine) ==
06:07:39     [1] SAOP_STOCK: se ni na vrsti po razporedu; preskoceno.
06:07:39     [2] SAOP_STOCK: se ni na vrsti po razporedu; preskoceno.
06:07:39     [3] SAOP_STOCK: se ni na vrsti po razporedu; preskoceno.
06:07:39     [4] SAOP_STOCK: se ni na vrsti po razporedu; preskoceno.
06:07:39     konec: Zaloga iz SAOP (kolicine)
06:07:39  == Izvoz cen in zaloge za splet ==
06:07:41     Izvoz profila MAGENTO_STOCK_PRICES končan: 352 vrstic v C:\Users\david\Desktop\PIM\NoviPIM\izvoz\magento\1
06:07:44     Izvoz profila MAGENTO_STOCK_PRICES končan: 2071 vrstic v C:\Users\david\Desktop\PIM\NoviPIM\izvoz\magento\2
06:07:48     Izvoz profila MAGENTO_STOCK_PRICES končan: 2488 vrstic v C:\Users\david\Desktop\PIM\NoviPIM\izvoz\magento\3
06:07:49     Izvoz profila MAGENTO_STOCK_PRICES končan: 0 vrstic v C:\Users\david\Desktop\PIM\NoviPIM\izvoz\magento\4
06:07:49     konec: Izvoz cen in zaloge za splet
06:07:49  Zalogovni cikel koncan; padlih korakov: 0.
06:12:27  == Zaloga NW_STOCK ==
06:12:28     SOURCE_FETCH: se ni na vrsti po razporedu; preskoceno.
06:12:29     Prebranih zapisov: 2763; SHA-256: 220c974c90d12f3e3d394ef315c1e20d4af28951792a4b5e186bcd4b74e33254
06:12:29     STOCK_FILE pri podjetju 1: se ni na vrsti po razporedu; preskoceno.
06:12:30     Prebranih zapisov: 2763; SHA-256: 220c974c90d12f3e3d394ef315c1e20d4af28951792a4b5e186bcd4b74e33254
06:12:30     STOCK_FILE pri podjetju 2: se ni na vrsti po razporedu; preskoceno.
06:12:31     Prebranih zapisov: 2763; SHA-256: 220c974c90d12f3e3d394ef315c1e20d4af28951792a4b5e186bcd4b74e33254
06:12:31     STOCK_FILE pri podjetju 3: se ni na vrsti po razporedu; preskoceno.
06:12:32     Prebranih zapisov: 2763; SHA-256: 220c974c90d12f3e3d394ef315c1e20d4af28951792a4b5e186bcd4b74e33254
06:12:32     STOCK_FILE pri podjetju 4: se ni na vrsti po razporedu; preskoceno.
06:12:32     konec: Zaloga NW_STOCK
06:12:32  == Zaloga BT_STOCK ==
06:12:33     SOURCE_FETCH: se ni na vrsti po razporedu; preskoceno.
06:12:34     Prebranih zapisov: 1389; SHA-256: 87dc96ff135a90ff21281cf2e3d01cba9b89e36308560bfd15167c9a03d703ba
06:12:34     STOCK_FILE pri podjetju 1: se ni na vrsti po razporedu; preskoceno.
06:12:35     Prebranih zapisov: 1389; SHA-256: 87dc96ff135a90ff21281cf2e3d01cba9b89e36308560bfd15167c9a03d703ba
06:12:35     STOCK_FILE pri podjetju 2: se ni na vrsti po razporedu; preskoceno.
06:12:36     Prebranih zapisov: 1389; SHA-256: 87dc96ff135a90ff21281cf2e3d01cba9b89e36308560bfd15167c9a03d703ba
06:12:36     STOCK_FILE pri podjetju 3: se ni na vrsti po razporedu; preskoceno.
06:12:37     Prebranih zapisov: 1389; SHA-256: 87dc96ff135a90ff21281cf2e3d01cba9b89e36308560bfd15167c9a03d703ba
06:12:37     STOCK_FILE pri podjetju 4: se ni na vrsti po razporedu; preskoceno.
06:12:37     konec: Zaloga BT_STOCK
06:12:37  == Zaloga iz SAOP (kolicine) ==
06:12:38     [1] SAOP_STOCK: se ni na vrsti po razporedu; preskoceno.
06:12:38     [2] SAOP_STOCK: se ni na vrsti po razporedu; preskoceno.
06:12:38     [3] SAOP_STOCK: se ni na vrsti po razporedu; preskoceno.
06:12:38     [4] SAOP_STOCK: se ni na vrsti po razporedu; preskoceno.
06:12:38     konec: Zaloga iz SAOP (kolicine)
06:12:38  == Izvoz cen in zaloge za splet ==
06:12:39     Izvoz profila MAGENTO_STOCK_PRICES končan: 352 vrstic v C:\Users\david\Desktop\PIM\NoviPIM\izvoz\magento\1
06:12:43     Izvoz profila MAGENTO_STOCK_PRICES končan: 2071 vrstic v C:\Users\david\Desktop\PIM\NoviPIM\izvoz\magento\2
06:12:47     Izvoz profila MAGENTO_STOCK_PRICES končan: 2488 vrstic v C:\Users\david\Desktop\PIM\NoviPIM\izvoz\magento\3
06:12:48     Izvoz profila MAGENTO_STOCK_PRICES končan: 0 vrstic v C:\Users\david\Desktop\PIM\NoviPIM\izvoz\magento\4
06:12:48     konec: Izvoz cen in zaloge za splet
06:12:48  Zalogovni cikel koncan; padlih korakov: 0.
06:17:27  == Zaloga NW_STOCK ==
06:17:28     [NW_STOCK] preskoceno: Razmik dobavitelja se tece; naslednji prenos po 4. 09. 2026 06:57.
06:17:28     Prevzem koncan: uspesno 0, neuspesno 0, skupaj virov 1.
06:17:29     Prebranih zapisov: 2763; SHA-256: 220c974c90d12f3e3d394ef315c1e20d4af28951792a4b5e186bcd4b74e33254
06:17:29     Ta posnetek je ze v bazi; vir=NW_STOCK, podjetje=1, cas posnetka=2026-09-03 22:42:28Z, uporabljenih=2763, v karanteni=0, RunId=ab077cf4-ce45-4b25-81ce-137c54dff502. Zapisano ni bilo nic.
06:17:30     Prebranih zapisov: 2763; SHA-256: 220c974c90d12f3e3d394ef315c1e20d4af28951792a4b5e186bcd4b74e33254
06:17:30     Ta posnetek je ze v bazi; vir=NW_STOCK, podjetje=2, cas posnetka=2026-09-03 22:42:28Z, uporabljenih=2763, v karanteni=0, RunId=f8b92ee0-ede5-4882-9f20-2d2cd2ef743a. Zapisano ni bilo nic.
06:17:31     Prebranih zapisov: 2763; SHA-256: 220c974c90d12f3e3d394ef315c1e20d4af28951792a4b5e186bcd4b74e33254
06:17:31     Ta posnetek je ze v bazi; vir=NW_STOCK, podjetje=3, cas posnetka=2026-09-03 22:42:28Z, uporabljenih=2763, v karanteni=0, RunId=0d98199c-37d4-4192-b519-334e62960fc6. Zapisano ni bilo nic.
06:17:32     Prebranih zapisov: 2763; SHA-256: 220c974c90d12f3e3d394ef315c1e20d4af28951792a4b5e186bcd4b74e33254
06:17:33     Ta posnetek je ze v bazi; vir=NW_STOCK, podjetje=4, cas posnetka=2026-09-03 22:42:28Z, uporabljenih=2763, v karanteni=0, RunId=2f072eba-799f-4fb5-a11b-725ff0de299f. Zapisano ni bilo nic.
06:17:33     konec: Zaloga NW_STOCK
06:17:33  == Zaloga BT_STOCK ==
06:17:34     SOURCE_FETCH: se ni na vrsti po razporedu; preskoceno.
06:17:34     Prebranih zapisov: 1389; SHA-256: 87dc96ff135a90ff21281cf2e3d01cba9b89e36308560bfd15167c9a03d703ba
06:17:35     STOCK_FILE pri podjetju 1: se ni na vrsti po razporedu; preskoceno.
06:17:35     Prebranih zapisov: 1389; SHA-256: 87dc96ff135a90ff21281cf2e3d01cba9b89e36308560bfd15167c9a03d703ba
06:17:36     STOCK_FILE pri podjetju 2: se ni na vrsti po razporedu; preskoceno.
06:17:36     Prebranih zapisov: 1389; SHA-256: 87dc96ff135a90ff21281cf2e3d01cba9b89e36308560bfd15167c9a03d703ba
06:17:37     STOCK_FILE pri podjetju 3: se ni na vrsti po razporedu; preskoceno.
06:17:37     Prebranih zapisov: 1389; SHA-256: 87dc96ff135a90ff21281cf2e3d01cba9b89e36308560bfd15167c9a03d703ba
06:17:38     STOCK_FILE pri podjetju 4: se ni na vrsti po razporedu; preskoceno.
06:17:38     konec: Zaloga BT_STOCK
06:17:38  == Zaloga iz SAOP (kolicine) ==
06:17:39     [1] SAOP_STOCK: se ni na vrsti po razporedu; preskoceno.
06:17:39     [2] SAOP_STOCK: se ni na vrsti po razporedu; preskoceno.
06:17:39     [3] SAOP_STOCK: se ni na vrsti po razporedu; preskoceno.
06:17:39     [4] SAOP_STOCK: se ni na vrsti po razporedu; preskoceno.
06:17:39     konec: Zaloga iz SAOP (kolicine)
06:17:39  == Izvoz cen in zaloge za splet ==
06:17:41     Izvoz profila MAGENTO_STOCK_PRICES končan: 352 vrstic v C:\Users\david\Desktop\PIM\NoviPIM\izvoz\magento\1
06:17:45     Izvoz profila MAGENTO_STOCK_PRICES končan: 2071 vrstic v C:\Users\david\Desktop\PIM\NoviPIM\izvoz\magento\2
06:17:48     Izvoz profila MAGENTO_STOCK_PRICES končan: 2488 vrstic v C:\Users\david\Desktop\PIM\NoviPIM\izvoz\magento\3
06:17:49     Izvoz profila MAGENTO_STOCK_PRICES končan: 0 vrstic v C:\Users\david\Desktop\PIM\NoviPIM\izvoz\magento\4
06:17:49     konec: Izvoz cen in zaloge za splet
06:17:49  Zalogovni cikel koncan; padlih korakov: 0.
06:22:26  == Zaloga NW_STOCK ==
06:22:27     SOURCE_FETCH: se ni na vrsti po razporedu; preskoceno.
06:22:28     Prebranih zapisov: 2763; SHA-256: 220c974c90d12f3e3d394ef315c1e20d4af28951792a4b5e186bcd4b74e33254
06:22:28     STOCK_FILE pri podjetju 1: se ni na vrsti po razporedu; preskoceno.
06:22:29     Prebranih zapisov: 2763; SHA-256: 220c974c90d12f3e3d394ef315c1e20d4af28951792a4b5e186bcd4b74e33254
06:22:29     STOCK_FILE pri podjetju 2: se ni na vrsti po razporedu; preskoceno.
06:22:30     Prebranih zapisov: 2763; SHA-256: 220c974c90d12f3e3d394ef315c1e20d4af28951792a4b5e186bcd4b74e33254
06:22:30     STOCK_FILE pri podjetju 3: se ni na vrsti po razporedu; preskoceno.
06:22:31     Prebranih zapisov: 2763; SHA-256: 220c974c90d12f3e3d394ef315c1e20d4af28951792a4b5e186bcd4b74e33254
06:22:31     STOCK_FILE pri podjetju 4: se ni na vrsti po razporedu; preskoceno.
06:22:31     konec: Zaloga NW_STOCK
06:22:31  == Zaloga BT_STOCK ==
06:22:32     [BT_STOCK] preskoceno: Razmik dobavitelja se tece; naslednji prenos po 4. 09. 2026 09:07.
06:22:32     Prevzem koncan: uspesno 0, neuspesno 0, skupaj virov 1.
06:22:33     Prebranih zapisov: 1389; SHA-256: 87dc96ff135a90ff21281cf2e3d01cba9b89e36308560bfd15167c9a03d703ba
06:22:33     Ta posnetek je ze v bazi; vir=BT_STOCK, podjetje=1, cas posnetka=2026-09-03 15:17:35Z, uporabljenih=1389, v karanteni=0, RunId=5e288d2d-98ef-40e1-b33c-663e6d513e74. Zapisano ni bilo nic.
06:22:34     Prebranih zapisov: 1389; SHA-256: 87dc96ff135a90ff21281cf2e3d01cba9b89e36308560bfd15167c9a03d703ba
06:22:34     Ta posnetek je ze v bazi; vir=BT_STOCK, podjetje=2, cas posnetka=2026-09-03 15:17:35Z, uporabljenih=1389, v karanteni=0, RunId=3496c976-0c49-45c5-9f74-0ffd35e5d443. Zapisano ni bilo nic.
06:22:35     Prebranih zapisov: 1389; SHA-256: 87dc96ff135a90ff21281cf2e3d01cba9b89e36308560bfd15167c9a03d703ba
06:22:35     Ta posnetek je ze v bazi; vir=BT_STOCK, podjetje=3, cas posnetka=2026-09-03 15:17:35Z, uporabljenih=1389, v karanteni=0, RunId=3dd9ac1c-09dd-4827-b930-eb014cdb2746. Zapisano ni bilo nic.
06:22:36     Prebranih zapisov: 1389; SHA-256: 87dc96ff135a90ff21281cf2e3d01cba9b89e36308560bfd15167c9a03d703ba
06:22:36     Ta posnetek je ze v bazi; vir=BT_STOCK, podjetje=4, cas posnetka=2026-09-03 15:17:35Z, uporabljenih=1389, v karanteni=0, RunId=bec7f147-9b63-48d7-a0cc-8df0cb029c6c. Zapisano ni bilo nic.
06:22:36     konec: Zaloga BT_STOCK
06:22:36  == Zaloga iz SAOP (kolicine) ==
06:22:37     [1] SAOP_STOCK: se ni na vrsti po razporedu; preskoceno.
06:22:37     [2] SAOP_STOCK: se ni na vrsti po razporedu; preskoceno.
06:22:37     [3] SAOP_STOCK: se ni na vrsti po razporedu; preskoceno.
06:22:37     [4] SAOP_STOCK: se ni na vrsti po razporedu; preskoceno.
06:22:37     konec: Zaloga iz SAOP (kolicine)
06:22:37  == Izvoz cen in zaloge za splet ==
06:22:39     Izvoz profila MAGENTO_STOCK_PRICES končan: 352 vrstic v C:\Users\david\Desktop\PIM\NoviPIM\izvoz\magento\1
06:22:43     Izvoz profila MAGENTO_STOCK_PRICES končan: 2071 vrstic v C:\Users\david\Desktop\PIM\NoviPIM\izvoz\magento\2
06:22:46     Izvoz profila MAGENTO_STOCK_PRICES končan: 2488 vrstic v C:\Users\david\Desktop\PIM\NoviPIM\izvoz\magento\3
06:22:48     Izvoz profila MAGENTO_STOCK_PRICES končan: 0 vrstic v C:\Users\david\Desktop\PIM\NoviPIM\izvoz\magento\4
06:22:48     konec: Izvoz cen in zaloge za splet
06:22:48  Zalogovni cikel koncan; padlih korakov: 0.
06:27:26  == Zaloga NW_STOCK ==
06:27:27     SOURCE_FETCH: se ni na vrsti po razporedu; preskoceno.
06:27:28     Prebranih zapisov: 2763; SHA-256: 220c974c90d12f3e3d394ef315c1e20d4af28951792a4b5e186bcd4b74e33254
06:27:28     STOCK_FILE pri podjetju 1: se ni na vrsti po razporedu; preskoceno.
06:27:29     Prebranih zapisov: 2763; SHA-256: 220c974c90d12f3e3d394ef315c1e20d4af28951792a4b5e186bcd4b74e33254
06:27:29     STOCK_FILE pri podjetju 2: se ni na vrsti po razporedu; preskoceno.
06:27:30     Prebranih zapisov: 2763; SHA-256: 220c974c90d12f3e3d394ef315c1e20d4af28951792a4b5e186bcd4b74e33254
06:27:30     STOCK_FILE pri podjetju 3: se ni na vrsti po razporedu; preskoceno.
06:27:31     Prebranih zapisov: 2763; SHA-256: 220c974c90d12f3e3d394ef315c1e20d4af28951792a4b5e186bcd4b74e33254
06:27:31     STOCK_FILE pri podjetju 4: se ni na vrsti po razporedu; preskoceno.
06:27:31     konec: Zaloga NW_STOCK
06:27:31  == Zaloga BT_STOCK ==
06:27:32     SOURCE_FETCH: se ni na vrsti po razporedu; preskoceno.
06:27:33     Prebranih zapisov: 1389; SHA-256: 87dc96ff135a90ff21281cf2e3d01cba9b89e36308560bfd15167c9a03d703ba
06:27:33     STOCK_FILE pri podjetju 1: se ni na vrsti po razporedu; preskoceno.
06:27:34     Prebranih zapisov: 1389; SHA-256: 87dc96ff135a90ff21281cf2e3d01cba9b89e36308560bfd15167c9a03d703ba
06:27:34     STOCK_FILE pri podjetju 2: se ni na vrsti po razporedu; preskoceno.
06:27:35     Prebranih zapisov: 1389; SHA-256: 87dc96ff135a90ff21281cf2e3d01cba9b89e36308560bfd15167c9a03d703ba
06:27:35     STOCK_FILE pri podjetju 3: se ni na vrsti po razporedu; preskoceno.
06:27:36     Prebranih zapisov: 1389; SHA-256: 87dc96ff135a90ff21281cf2e3d01cba9b89e36308560bfd15167c9a03d703ba
06:27:36     STOCK_FILE pri podjetju 4: se ni na vrsti po razporedu; preskoceno.
06:27:36     konec: Zaloga BT_STOCK
06:27:36  == Zaloga iz SAOP (kolicine) ==
06:27:37     [1] SAOP_STOCK: se ni na vrsti po razporedu; preskoceno.
06:27:37     [2] SAOP_STOCK: se ni na vrsti po razporedu; preskoceno.
06:27:37     [3] SAOP_STOCK: se ni na vrsti po razporedu; preskoceno.
06:27:37     [4] SAOP_STOCK: se ni na vrsti po razporedu; preskoceno.
06:27:37     konec: Zaloga iz SAOP (kolicine)
06:27:37  == Izvoz cen in zaloge za splet ==
06:27:38     Izvoz profila MAGENTO_STOCK_PRICES končan: 352 vrstic v C:\Users\david\Desktop\PIM\NoviPIM\izvoz\magento\1
06:27:42     Izvoz profila MAGENTO_STOCK_PRICES končan: 2071 vrstic v C:\Users\david\Desktop\PIM\NoviPIM\izvoz\magento\2
06:27:46     Izvoz profila MAGENTO_STOCK_PRICES končan: 2488 vrstic v C:\Users\david\Desktop\PIM\NoviPIM\izvoz\magento\3
06:27:47     Izvoz profila MAGENTO_STOCK_PRICES končan: 0 vrstic v C:\Users\david\Desktop\PIM\NoviPIM\izvoz\magento\4
06:27:47     konec: Izvoz cen in zaloge za splet
06:27:47  Zalogovni cikel koncan; padlih korakov: 0.
06:32:26  == Zaloga NW_STOCK ==
06:32:27     [NW_STOCK] preskoceno: Razmik dobavitelja se tece; naslednji prenos po 4. 09. 2026 06:57.
06:32:27     Prevzem koncan: uspesno 0, neuspesno 0, skupaj virov 1.
06:32:28     Prebranih zapisov: 2763; SHA-256: 220c974c90d12f3e3d394ef315c1e20d4af28951792a4b5e186bcd4b74e33254
06:32:28     Ta posnetek je ze v bazi; vir=NW_STOCK, podjetje=1, cas posnetka=2026-09-03 22:42:28Z, uporabljenih=2763, v karanteni=0, RunId=ab077cf4-ce45-4b25-81ce-137c54dff502. Zapisano ni bilo nic.
06:32:29     Prebranih zapisov: 2763; SHA-256: 220c974c90d12f3e3d394ef315c1e20d4af28951792a4b5e186bcd4b74e33254
06:32:29     Ta posnetek je ze v bazi; vir=NW_STOCK, podjetje=2, cas posnetka=2026-09-03 22:42:28Z, uporabljenih=2763, v karanteni=0, RunId=f8b92ee0-ede5-4882-9f20-2d2cd2ef743a. Zapisano ni bilo nic.
06:32:30     Prebranih zapisov: 2763; SHA-256: 220c974c90d12f3e3d394ef315c1e20d4af28951792a4b5e186bcd4b74e33254
06:32:30     Ta posnetek je ze v bazi; vir=NW_STOCK, podjetje=3, cas posnetka=2026-09-03 22:42:28Z, uporabljenih=2763, v karanteni=0, RunId=0d98199c-37d4-4192-b519-334e62960fc6. Zapisano ni bilo nic.
06:32:31     Prebranih zapisov: 2763; SHA-256: 220c974c90d12f3e3d394ef315c1e20d4af28951792a4b5e186bcd4b74e33254
06:32:31     Ta posnetek je ze v bazi; vir=NW_STOCK, podjetje=4, cas posnetka=2026-09-03 22:42:28Z, uporabljenih=2763, v karanteni=0, RunId=2f072eba-799f-4fb5-a11b-725ff0de299f. Zapisano ni bilo nic.
06:32:31     konec: Zaloga NW_STOCK
06:32:31  == Zaloga BT_STOCK ==
06:32:32     SOURCE_FETCH: se ni na vrsti po razporedu; preskoceno.
06:32:33     Prebranih zapisov: 1389; SHA-256: 87dc96ff135a90ff21281cf2e3d01cba9b89e36308560bfd15167c9a03d703ba
06:32:33     STOCK_FILE pri podjetju 1: se ni na vrsti po razporedu; preskoceno.
06:32:34     Prebranih zapisov: 1389; SHA-256: 87dc96ff135a90ff21281cf2e3d01cba9b89e36308560bfd15167c9a03d703ba
06:32:34     STOCK_FILE pri podjetju 2: se ni na vrsti po razporedu; preskoceno.
06:32:35     Prebranih zapisov: 1389; SHA-256: 87dc96ff135a90ff21281cf2e3d01cba9b89e36308560bfd15167c9a03d703ba
06:32:35     STOCK_FILE pri podjetju 3: se ni na vrsti po razporedu; preskoceno.
06:32:36     Prebranih zapisov: 1389; SHA-256: 87dc96ff135a90ff21281cf2e3d01cba9b89e36308560bfd15167c9a03d703ba
06:32:36     STOCK_FILE pri podjetju 4: se ni na vrsti po razporedu; preskoceno.
06:32:36     konec: Zaloga BT_STOCK
06:32:36  == Zaloga iz SAOP (kolicine) ==
06:32:37     [1] SAOP_STOCK: se ni na vrsti po razporedu; preskoceno.
06:32:37     [2] SAOP_STOCK: se ni na vrsti po razporedu; preskoceno.
06:32:37     [3] SAOP_STOCK: se ni na vrsti po razporedu; preskoceno.
06:32:37     [4] SAOP_STOCK: se ni na vrsti po razporedu; preskoceno.
06:32:37     konec: Zaloga iz SAOP (kolicine)
06:32:37  == Izvoz cen in zaloge za splet ==
06:32:39     Izvoz profila MAGENTO_STOCK_PRICES končan: 352 vrstic v C:\Users\david\Desktop\PIM\NoviPIM\izvoz\magento\1
06:32:43     Izvoz profila MAGENTO_STOCK_PRICES končan: 2071 vrstic v C:\Users\david\Desktop\PIM\NoviPIM\izvoz\magento\2
06:32:46     Izvoz profila MAGENTO_STOCK_PRICES končan: 2488 vrstic v C:\Users\david\Desktop\PIM\NoviPIM\izvoz\magento\3
06:32:47     Izvoz profila MAGENTO_STOCK_PRICES končan: 0 vrstic v C:\Users\david\Desktop\PIM\NoviPIM\izvoz\magento\4
06:32:48     konec: Izvoz cen in zaloge za splet
06:32:48  Zalogovni cikel koncan; padlih korakov: 0.
06:37:26  == Zaloga NW_STOCK ==
06:37:27     SOURCE_FETCH: se ni na vrsti po razporedu; preskoceno.
06:37:28     Prebranih zapisov: 2763; SHA-256: 220c974c90d12f3e3d394ef315c1e20d4af28951792a4b5e186bcd4b74e33254
06:37:28     STOCK_FILE pri podjetju 1: se ni na vrsti po razporedu; preskoceno.
06:37:29     Prebranih zapisov: 2763; SHA-256: 220c974c90d12f3e3d394ef315c1e20d4af28951792a4b5e186bcd4b74e33254
06:37:29     STOCK_FILE pri podjetju 2: se ni na vrsti po razporedu; preskoceno.
06:37:30     Prebranih zapisov: 2763; SHA-256: 220c974c90d12f3e3d394ef315c1e20d4af28951792a4b5e186bcd4b74e33254
06:37:30     STOCK_FILE pri podjetju 3: se ni na vrsti po razporedu; preskoceno.
06:37:31     Prebranih zapisov: 2763; SHA-256: 220c974c90d12f3e3d394ef315c1e20d4af28951792a4b5e186bcd4b74e33254
06:37:31     STOCK_FILE pri podjetju 4: se ni na vrsti po razporedu; preskoceno.
06:37:31     konec: Zaloga NW_STOCK
06:37:31  == Zaloga BT_STOCK ==
06:37:32     [BT_STOCK] preskoceno: Razmik dobavitelja se tece; naslednji prenos po 4. 09. 2026 09:07.
06:37:32     Prevzem koncan: uspesno 0, neuspesno 0, skupaj virov 1.
06:37:33     Prebranih zapisov: 1389; SHA-256: 87dc96ff135a90ff21281cf2e3d01cba9b89e36308560bfd15167c9a03d703ba
06:37:33     Ta posnetek je ze v bazi; vir=BT_STOCK, podjetje=1, cas posnetka=2026-09-03 15:17:35Z, uporabljenih=1389, v karanteni=0, RunId=5e288d2d-98ef-40e1-b33c-663e6d513e74. Zapisano ni bilo nic.
06:37:34     Prebranih zapisov: 1389; SHA-256: 87dc96ff135a90ff21281cf2e3d01cba9b89e36308560bfd15167c9a03d703ba
06:37:34     Ta posnetek je ze v bazi; vir=BT_STOCK, podjetje=2, cas posnetka=2026-09-03 15:17:35Z, uporabljenih=1389, v karanteni=0, RunId=3496c976-0c49-45c5-9f74-0ffd35e5d443. Zapisano ni bilo nic.
06:37:35     Prebranih zapisov: 1389; SHA-256: 87dc96ff135a90ff21281cf2e3d01cba9b89e36308560bfd15167c9a03d703ba
06:37:35     Ta posnetek je ze v bazi; vir=BT_STOCK, podjetje=3, cas posnetka=2026-09-03 15:17:35Z, uporabljenih=1389, v karanteni=0, RunId=3dd9ac1c-09dd-4827-b930-eb014cdb2746. Zapisano ni bilo nic.
06:37:36     Prebranih zapisov: 1389; SHA-256: 87dc96ff135a90ff21281cf2e3d01cba9b89e36308560bfd15167c9a03d703ba
06:37:36     Ta posnetek je ze v bazi; vir=BT_STOCK, podjetje=4, cas posnetka=2026-09-03 15:17:35Z, uporabljenih=1389, v karanteni=0, RunId=bec7f147-9b63-48d7-a0cc-8df0cb029c6c. Zapisano ni bilo nic.
06:37:36     konec: Zaloga BT_STOCK
06:37:36  == Zaloga iz SAOP (kolicine) ==
06:37:37     [1] SAOP_STOCK: se ni na vrsti po razporedu; preskoceno.
06:37:37     [2] SAOP_STOCK: se ni na vrsti po razporedu; preskoceno.
06:37:37     [3] SAOP_STOCK: se ni na vrsti po razporedu; preskoceno.
06:37:37     [4] SAOP_STOCK: se ni na vrsti po razporedu; preskoceno.
06:37:37     konec: Zaloga iz SAOP (kolicine)
06:37:37  == Izvoz cen in zaloge za splet ==
06:37:39     Izvoz profila MAGENTO_STOCK_PRICES končan: 352 vrstic v C:\Users\david\Desktop\PIM\NoviPIM\izvoz\magento\1
06:37:43     Izvoz profila MAGENTO_STOCK_PRICES končan: 2071 vrstic v C:\Users\david\Desktop\PIM\NoviPIM\izvoz\magento\2
06:37:46     Izvoz profila MAGENTO_STOCK_PRICES končan: 2488 vrstic v C:\Users\david\Desktop\PIM\NoviPIM\izvoz\magento\3
06:37:47     Izvoz profila MAGENTO_STOCK_PRICES končan: 0 vrstic v C:\Users\david\Desktop\PIM\NoviPIM\izvoz\magento\4
06:37:47     konec: Izvoz cen in zaloge za splet
06:37:47  Zalogovni cikel koncan; padlih korakov: 0.
06:42:26  == Zaloga NW_STOCK ==
06:42:27     SOURCE_FETCH: se ni na vrsti po razporedu; preskoceno.
06:42:28     Prebranih zapisov: 2763; SHA-256: 220c974c90d12f3e3d394ef315c1e20d4af28951792a4b5e186bcd4b74e33254
06:42:28     STOCK_FILE pri podjetju 1: se ni na vrsti po razporedu; preskoceno.
06:42:29     Prebranih zapisov: 2763; SHA-256: 220c974c90d12f3e3d394ef315c1e20d4af28951792a4b5e186bcd4b74e33254
06:42:29     STOCK_FILE pri podjetju 2: se ni na vrsti po razporedu; preskoceno.
06:42:30     Prebranih zapisov: 2763; SHA-256: 220c974c90d12f3e3d394ef315c1e20d4af28951792a4b5e186bcd4b74e33254
06:42:30     STOCK_FILE pri podjetju 3: se ni na vrsti po razporedu; preskoceno.
06:42:31     Prebranih zapisov: 2763; SHA-256: 220c974c90d12f3e3d394ef315c1e20d4af28951792a4b5e186bcd4b74e33254
06:42:31     STOCK_FILE pri podjetju 4: se ni na vrsti po razporedu; preskoceno.
06:42:31     konec: Zaloga NW_STOCK
06:42:31  == Zaloga BT_STOCK ==
06:42:32     SOURCE_FETCH: se ni na vrsti po razporedu; preskoceno.
06:42:33     Prebranih zapisov: 1389; SHA-256: 87dc96ff135a90ff21281cf2e3d01cba9b89e36308560bfd15167c9a03d703ba
06:42:33     STOCK_FILE pri podjetju 1: se ni na vrsti po razporedu; preskoceno.
06:42:34     Prebranih zapisov: 1389; SHA-256: 87dc96ff135a90ff21281cf2e3d01cba9b89e36308560bfd15167c9a03d703ba
06:42:34     STOCK_FILE pri podjetju 2: se ni na vrsti po razporedu; preskoceno.
06:42:35     Prebranih zapisov: 1389; SHA-256: 87dc96ff135a90ff21281cf2e3d01cba9b89e36308560bfd15167c9a03d703ba
06:42:35     STOCK_FILE pri podjetju 3: se ni na vrsti po razporedu; preskoceno.
06:42:36     Prebranih zapisov: 1389; SHA-256: 87dc96ff135a90ff21281cf2e3d01cba9b89e36308560bfd15167c9a03d703ba
06:42:36     STOCK_FILE pri podjetju 4: se ni na vrsti po razporedu; preskoceno.
06:42:36     konec: Zaloga BT_STOCK
06:42:36  == Zaloga iz SAOP (kolicine) ==
06:42:37     [1] SAOP_STOCK: se ni na vrsti po razporedu; preskoceno.
06:42:37     [2] SAOP_STOCK: se ni na vrsti po razporedu; preskoceno.
06:42:37     [3] SAOP_STOCK: se ni na vrsti po razporedu; preskoceno.
06:42:37     [4] SAOP_STOCK: se ni na vrsti po razporedu; preskoceno.
06:42:37     konec: Zaloga iz SAOP (kolicine)
06:42:37  == Izvoz cen in zaloge za splet ==
06:42:38     Izvoz profila MAGENTO_STOCK_PRICES končan: 352 vrstic v C:\Users\david\Desktop\PIM\NoviPIM\izvoz\magento\1
06:42:42     Izvoz profila MAGENTO_STOCK_PRICES končan: 2071 vrstic v C:\Users\david\Desktop\PIM\NoviPIM\izvoz\magento\2
06:42:46     Izvoz profila MAGENTO_STOCK_PRICES končan: 2488 vrstic v C:\Users\david\Desktop\PIM\NoviPIM\izvoz\magento\3
06:42:47     Izvoz profila MAGENTO_STOCK_PRICES končan: 0 vrstic v C:\Users\david\Desktop\PIM\NoviPIM\izvoz\magento\4
06:42:47     konec: Izvoz cen in zaloge za splet
06:42:47  Zalogovni cikel koncan; padlih korakov: 0.
06:47:26  == Zaloga NW_STOCK ==
06:47:27     [NW_STOCK] preskoceno: Razmik dobavitelja se tece; naslednji prenos po 4. 09. 2026 06:57.
06:47:27     Prevzem koncan: uspesno 0, neuspesno 0, skupaj virov 1.
06:47:28     Prebranih zapisov: 2763; SHA-256: 220c974c90d12f3e3d394ef315c1e20d4af28951792a4b5e186bcd4b74e33254
06:47:28     Ta posnetek je ze v bazi; vir=NW_STOCK, podjetje=1, cas posnetka=2026-09-03 22:42:28Z, uporabljenih=2763, v karanteni=0, RunId=ab077cf4-ce45-4b25-81ce-137c54dff502. Zapisano ni bilo nic.
06:47:29     Prebranih zapisov: 2763; SHA-256: 220c974c90d12f3e3d394ef315c1e20d4af28951792a4b5e186bcd4b74e33254
06:47:29     Ta posnetek je ze v bazi; vir=NW_STOCK, podjetje=2, cas posnetka=2026-09-03 22:42:28Z, uporabljenih=2763, v karanteni=0, RunId=f8b92ee0-ede5-4882-9f20-2d2cd2ef743a. Zapisano ni bilo nic.
06:47:30     Prebranih zapisov: 2763; SHA-256: 220c974c90d12f3e3d394ef315c1e20d4af28951792a4b5e186bcd4b74e33254
06:47:30     Ta posnetek je ze v bazi; vir=NW_STOCK, podjetje=3, cas posnetka=2026-09-03 22:42:28Z, uporabljenih=2763, v karanteni=0, RunId=0d98199c-37d4-4192-b519-334e62960fc6. Zapisano ni bilo nic.
06:47:31     Prebranih zapisov: 2763; SHA-256: 220c974c90d12f3e3d394ef315c1e20d4af28951792a4b5e186bcd4b74e33254
06:47:31     Ta posnetek je ze v bazi; vir=NW_STOCK, podjetje=4, cas posnetka=2026-09-03 22:42:28Z, uporabljenih=2763, v karanteni=0, RunId=2f072eba-799f-4fb5-a11b-725ff0de299f. Zapisano ni bilo nic.
06:47:32     konec: Zaloga NW_STOCK
06:47:32  == Zaloga BT_STOCK ==
06:47:32     SOURCE_FETCH: se ni na vrsti po razporedu; preskoceno.
06:47:33     Prebranih zapisov: 1389; SHA-256: 87dc96ff135a90ff21281cf2e3d01cba9b89e36308560bfd15167c9a03d703ba
06:47:33     STOCK_FILE pri podjetju 1: se ni na vrsti po razporedu; preskoceno.
06:47:34     Prebranih zapisov: 1389; SHA-256: 87dc96ff135a90ff21281cf2e3d01cba9b89e36308560bfd15167c9a03d703ba
06:47:34     STOCK_FILE pri podjetju 2: se ni na vrsti po razporedu; preskoceno.
06:47:35     Prebranih zapisov: 1389; SHA-256: 87dc96ff135a90ff21281cf2e3d01cba9b89e36308560bfd15167c9a03d703ba
06:47:35     STOCK_FILE pri podjetju 3: se ni na vrsti po razporedu; preskoceno.
06:47:36     Prebranih zapisov: 1389; SHA-256: 87dc96ff135a90ff21281cf2e3d01cba9b89e36308560bfd15167c9a03d703ba
06:47:36     STOCK_FILE pri podjetju 4: se ni na vrsti po razporedu; preskoceno.
06:47:36     konec: Zaloga BT_STOCK
06:47:36  == Zaloga iz SAOP (kolicine) ==
06:47:37     [1] SAOP_STOCK: se ni na vrsti po razporedu; preskoceno.
06:47:37     [2] SAOP_STOCK: se ni na vrsti po razporedu; preskoceno.
06:47:37     [3] SAOP_STOCK: se ni na vrsti po razporedu; preskoceno.
06:47:37     [4] SAOP_STOCK: se ni na vrsti po razporedu; preskoceno.
06:47:37     konec: Zaloga iz SAOP (kolicine)
06:47:37  == Izvoz cen in zaloge za splet ==
06:47:39     Izvoz profila MAGENTO_STOCK_PRICES končan: 352 vrstic v C:\Users\david\Desktop\PIM\NoviPIM\izvoz\magento\1
06:47:43     Izvoz profila MAGENTO_STOCK_PRICES končan: 2071 vrstic v C:\Users\david\Desktop\PIM\NoviPIM\izvoz\magento\2
06:47:46     Izvoz profila MAGENTO_STOCK_PRICES končan: 2488 vrstic v C:\Users\david\Desktop\PIM\NoviPIM\izvoz\magento\3
06:47:47     Izvoz profila MAGENTO_STOCK_PRICES končan: 0 vrstic v C:\Users\david\Desktop\PIM\NoviPIM\izvoz\magento\4
06:47:47     konec: Izvoz cen in zaloge za splet
06:47:47  Zalogovni cikel koncan; padlih korakov: 0.
06:52:26  == Zaloga NW_STOCK ==
06:52:27     SOURCE_FETCH: se ni na vrsti po razporedu; preskoceno.
06:52:28     Prebranih zapisov: 2763; SHA-256: 220c974c90d12f3e3d394ef315c1e20d4af28951792a4b5e186bcd4b74e33254
06:52:28     STOCK_FILE pri podjetju 1: se ni na vrsti po razporedu; preskoceno.
06:52:29     Prebranih zapisov: 2763; SHA-256: 220c974c90d12f3e3d394ef315c1e20d4af28951792a4b5e186bcd4b74e33254
06:52:29     STOCK_FILE pri podjetju 2: se ni na vrsti po razporedu; preskoceno.
06:52:30     Prebranih zapisov: 2763; SHA-256: 220c974c90d12f3e3d394ef315c1e20d4af28951792a4b5e186bcd4b74e33254
06:52:30     STOCK_FILE pri podjetju 3: se ni na vrsti po razporedu; preskoceno.
06:52:31     Prebranih zapisov: 2763; SHA-256: 220c974c90d12f3e3d394ef315c1e20d4af28951792a4b5e186bcd4b74e33254
06:52:31     STOCK_FILE pri podjetju 4: se ni na vrsti po razporedu; preskoceno.
06:52:31     konec: Zaloga NW_STOCK
06:52:31  == Zaloga BT_STOCK ==
06:52:32     [BT_STOCK] preskoceno: Razmik dobavitelja se tece; naslednji prenos po 4. 09. 2026 09:07.
06:52:32     Prevzem koncan: uspesno 0, neuspesno 0, skupaj virov 1.
06:52:33     Prebranih zapisov: 1389; SHA-256: 87dc96ff135a90ff21281cf2e3d01cba9b89e36308560bfd15167c9a03d703ba
06:52:33     Ta posnetek je ze v bazi; vir=BT_STOCK, podjetje=1, cas posnetka=2026-09-03 15:17:35Z, uporabljenih=1389, v karanteni=0, RunId=5e288d2d-98ef-40e1-b33c-663e6d513e74. Zapisano ni bilo nic.
06:52:34     Prebranih zapisov: 1389; SHA-256: 87dc96ff135a90ff21281cf2e3d01cba9b89e36308560bfd15167c9a03d703ba
06:52:34     Ta posnetek je ze v bazi; vir=BT_STOCK, podjetje=2, cas posnetka=2026-09-03 15:17:35Z, uporabljenih=1389, v karanteni=0, RunId=3496c976-0c49-45c5-9f74-0ffd35e5d443. Zapisano ni bilo nic.
06:52:35     Prebranih zapisov: 1389; SHA-256: 87dc96ff135a90ff21281cf2e3d01cba9b89e36308560bfd15167c9a03d703ba
06:52:35     Ta posnetek je ze v bazi; vir=BT_STOCK, podjetje=3, cas posnetka=2026-09-03 15:17:35Z, uporabljenih=1389, v karanteni=0, RunId=3dd9ac1c-09dd-4827-b930-eb014cdb2746. Zapisano ni bilo nic.
06:52:36     Prebranih zapisov: 1389; SHA-256: 87dc96ff135a90ff21281cf2e3d01cba9b89e36308560bfd15167c9a03d703ba
06:52:36     Ta posnetek je ze v bazi; vir=BT_STOCK, podjetje=4, cas posnetka=2026-09-03 15:17:35Z, uporabljenih=1389, v karanteni=0, RunId=bec7f147-9b63-48d7-a0cc-8df0cb029c6c. Zapisano ni bilo nic.
06:52:36     konec: Zaloga BT_STOCK
06:52:36  == Zaloga iz SAOP (kolicine) ==
06:52:37     [1] SAOP_STOCK: se ni na vrsti po razporedu; preskoceno.
06:52:37     [2] SAOP_STOCK: se ni na vrsti po razporedu; preskoceno.
06:52:37     [3] SAOP_STOCK: se ni na vrsti po razporedu; preskoceno.
06:52:37     [4] SAOP_STOCK: se ni na vrsti po razporedu; preskoceno.
06:52:37     konec: Zaloga iz SAOP (kolicine)
06:52:37  == Izvoz cen in zaloge za splet ==
06:52:39     Izvoz profila MAGENTO_STOCK_PRICES končan: 352 vrstic v C:\Users\david\Desktop\PIM\NoviPIM\izvoz\magento\1
06:52:42     Izvoz profila MAGENTO_STOCK_PRICES končan: 2071 vrstic v C:\Users\david\Desktop\PIM\NoviPIM\izvoz\magento\2
06:52:46     Izvoz profila MAGENTO_STOCK_PRICES končan: 2488 vrstic v C:\Users\david\Desktop\PIM\NoviPIM\izvoz\magento\3
06:52:47     Izvoz profila MAGENTO_STOCK_PRICES končan: 0 vrstic v C:\Users\david\Desktop\PIM\NoviPIM\izvoz\magento\4
06:52:47     konec: Izvoz cen in zaloge za splet
06:52:47  Zalogovni cikel koncan; padlih korakov: 0.
06:57:26  == Zaloga NW_STOCK ==
06:57:27     SOURCE_FETCH: se ni na vrsti po razporedu; preskoceno.
06:57:28     Prebranih zapisov: 2763; SHA-256: 220c974c90d12f3e3d394ef315c1e20d4af28951792a4b5e186bcd4b74e33254
06:57:28     STOCK_FILE pri podjetju 1: se ni na vrsti po razporedu; preskoceno.
06:57:29     Prebranih zapisov: 2763; SHA-256: 220c974c90d12f3e3d394ef315c1e20d4af28951792a4b5e186bcd4b74e33254
06:57:29     STOCK_FILE pri podjetju 2: se ni na vrsti po razporedu; preskoceno.
06:57:30     Prebranih zapisov: 2763; SHA-256: 220c974c90d12f3e3d394ef315c1e20d4af28951792a4b5e186bcd4b74e33254
06:57:30     STOCK_FILE pri podjetju 3: se ni na vrsti po razporedu; preskoceno.
06:57:31     Prebranih zapisov: 2763; SHA-256: 220c974c90d12f3e3d394ef315c1e20d4af28951792a4b5e186bcd4b74e33254
06:57:31     STOCK_FILE pri podjetju 4: se ni na vrsti po razporedu; preskoceno.
06:57:31     konec: Zaloga NW_STOCK
06:57:31  == Zaloga BT_STOCK ==
06:57:32     [BT_STOCK] preskoceno: Razmik dobavitelja se tece; naslednji prenos po 4. 09. 2026 09:07.
06:57:32     Prevzem koncan: uspesno 0, neuspesno 0, skupaj virov 1.
06:57:33     Prebranih zapisov: 1389; SHA-256: 87dc96ff135a90ff21281cf2e3d01cba9b89e36308560bfd15167c9a03d703ba
06:57:33     Ta posnetek je ze v bazi; vir=BT_STOCK, podjetje=1, cas posnetka=2026-09-03 15:17:35Z, uporabljenih=1389, v karanteni=0, RunId=5e288d2d-98ef-40e1-b33c-663e6d513e74. Zapisano ni bilo nic.
06:57:34     Prebranih zapisov: 1389; SHA-256: 87dc96ff135a90ff21281cf2e3d01cba9b89e36308560bfd15167c9a03d703ba
06:57:34     Ta posnetek je ze v bazi; vir=BT_STOCK, podjetje=2, cas posnetka=2026-09-03 15:17:35Z, uporabljenih=1389, v karanteni=0, RunId=3496c976-0c49-45c5-9f74-0ffd35e5d443. Zapisano ni bilo nic.
06:57:35     Prebranih zapisov: 1389; SHA-256: 87dc96ff135a90ff21281cf2e3d01cba9b89e36308560bfd15167c9a03d703ba
06:57:35     Ta posnetek je ze v bazi; vir=BT_STOCK, podjetje=3, cas posnetka=2026-09-03 15:17:35Z, uporabljenih=1389, v karanteni=0, RunId=3dd9ac1c-09dd-4827-b930-eb014cdb2746. Zapisano ni bilo nic.
06:57:36     Prebranih zapisov: 1389; SHA-256: 87dc96ff135a90ff21281cf2e3d01cba9b89e36308560bfd15167c9a03d703ba
06:57:36     Ta posnetek je ze v bazi; vir=BT_STOCK, podjetje=4, cas posnetka=2026-09-03 15:17:35Z, uporabljenih=1389, v karanteni=0, RunId=bec7f147-9b63-48d7-a0cc-8df0cb029c6c. Zapisano ni bilo nic.
06:57:36     konec: Zaloga BT_STOCK
06:57:36  == Zaloga iz SAOP (kolicine) ==
06:57:37     [1] SAOP_STOCK: se ni na vrsti po razporedu; preskoceno.
06:57:37     [2] SAOP_STOCK: se ni na vrsti po razporedu; preskoceno.
06:57:37     [3] SAOP_STOCK: se ni na vrsti po razporedu; preskoceno.
06:57:37     [4] SAOP_STOCK: se ni na vrsti po razporedu; preskoceno.
06:57:37     konec: Zaloga iz SAOP (kolicine)
06:57:37  == Izvoz cen in zaloge za splet ==
06:57:39     Izvoz profila MAGENTO_STOCK_PRICES končan: 352 vrstic v C:\Users\david\Desktop\PIM\NoviPIM\izvoz\magento\1
06:57:43     Izvoz profila MAGENTO_STOCK_PRICES končan: 2071 vrstic v C:\Users\david\Desktop\PIM\NoviPIM\izvoz\magento\2
06:57:46     Izvoz profila MAGENTO_STOCK_PRICES končan: 2488 vrstic v C:\Users\david\Desktop\PIM\NoviPIM\izvoz\magento\3
06:57:47     Izvoz profila MAGENTO_STOCK_PRICES končan: 0 vrstic v C:\Users\david\Desktop\PIM\NoviPIM\izvoz\magento\4
06:57:47     konec: Izvoz cen in zaloge za splet
06:57:47  Zalogovni cikel koncan; padlih korakov: 0.
07:02:26  == Zaloga NW_STOCK ==
07:02:27     SOURCE_FETCH: se ni na vrsti po razporedu; preskoceno.
07:02:28     Prebranih zapisov: 2763; SHA-256: 220c974c90d12f3e3d394ef315c1e20d4af28951792a4b5e186bcd4b74e33254
07:02:28     STOCK_FILE pri podjetju 1: se ni na vrsti po razporedu; preskoceno.
07:02:29     Prebranih zapisov: 2763; SHA-256: 220c974c90d12f3e3d394ef315c1e20d4af28951792a4b5e186bcd4b74e33254
07:02:29     STOCK_FILE pri podjetju 2: se ni na vrsti po razporedu; preskoceno.
07:02:30     Prebranih zapisov: 2763; SHA-256: 220c974c90d12f3e3d394ef315c1e20d4af28951792a4b5e186bcd4b74e33254
07:02:30     STOCK_FILE pri podjetju 3: se ni na vrsti po razporedu; preskoceno.
07:02:31     Prebranih zapisov: 2763; SHA-256: 220c974c90d12f3e3d394ef315c1e20d4af28951792a4b5e186bcd4b74e33254
07:02:31     STOCK_FILE pri podjetju 4: se ni na vrsti po razporedu; preskoceno.
07:02:31     konec: Zaloga NW_STOCK
07:02:31  == Zaloga BT_STOCK ==
07:02:32     SOURCE_FETCH: se ni na vrsti po razporedu; preskoceno.
07:02:33     Prebranih zapisov: 1389; SHA-256: 87dc96ff135a90ff21281cf2e3d01cba9b89e36308560bfd15167c9a03d703ba
07:02:33     STOCK_FILE pri podjetju 1: se ni na vrsti po razporedu; preskoceno.
07:02:34     Prebranih zapisov: 1389; SHA-256: 87dc96ff135a90ff21281cf2e3d01cba9b89e36308560bfd15167c9a03d703ba
07:02:34     STOCK_FILE pri podjetju 2: se ni na vrsti po razporedu; preskoceno.
07:02:35     Prebranih zapisov: 1389; SHA-256: 87dc96ff135a90ff21281cf2e3d01cba9b89e36308560bfd15167c9a03d703ba
07:02:35     STOCK_FILE pri podjetju 3: se ni na vrsti po razporedu; preskoceno.
07:02:36     Prebranih zapisov: 1389; SHA-256: 87dc96ff135a90ff21281cf2e3d01cba9b89e36308560bfd15167c9a03d703ba
07:02:36     STOCK_FILE pri podjetju 4: se ni na vrsti po razporedu; preskoceno.
07:02:36     konec: Zaloga BT_STOCK
07:02:36  == Zaloga iz SAOP (kolicine) ==
07:02:37     [1] SAOP_STOCK: se ni na vrsti po razporedu; preskoceno.
07:02:37     [2] SAOP_STOCK: se ni na vrsti po razporedu; preskoceno.
07:02:37     [3] SAOP_STOCK: se ni na vrsti po razporedu; preskoceno.
07:02:37     [4] SAOP_STOCK: se ni na vrsti po razporedu; preskoceno.
07:02:37     konec: Zaloga iz SAOP (kolicine)
07:02:37  == Izvoz cen in zaloge za splet ==
07:02:39     Izvoz profila MAGENTO_STOCK_PRICES končan: 352 vrstic v C:\Users\david\Desktop\PIM\NoviPIM\izvoz\magento\1
07:02:42     Izvoz profila MAGENTO_STOCK_PRICES končan: 2071 vrstic v C:\Users\david\Desktop\PIM\NoviPIM\izvoz\magento\2
07:02:46     Izvoz profila MAGENTO_STOCK_PRICES končan: 2488 vrstic v C:\Users\david\Desktop\PIM\NoviPIM\izvoz\magento\3
07:02:47     Izvoz profila MAGENTO_STOCK_PRICES končan: 0 vrstic v C:\Users\david\Desktop\PIM\NoviPIM\izvoz\magento\4
07:02:47     konec: Izvoz cen in zaloge za splet
07:02:47  Zalogovni cikel koncan; padlih korakov: 0.
07:07:26  == Zaloga NW_STOCK ==
07:07:28     [NW_STOCK] prevzeto 87.383 bajtov -> C:\Users\david\Desktop\PIM\NoviPIM\PIM_Solution\data\prevzem\NW_STOCK\nw-zaloga.csv
07:07:28     Prevzem koncan: uspesno 1, neuspesno 0, skupaj virov 1.
07:07:29     Prebranih zapisov: 2763; SHA-256: 5428f53533d0710f56fc6068d1e43be3ebc4c7461cb0c8fcc599a23967b0bc44
07:07:30     Zaloga zapisana; vir=NW_STOCK, podjetje=1, uporabljenih=2763, v karanteni=0, RunId=d7dcb689-a2a4-45dc-80e9-1fd73613d935.
07:07:31     Prebranih zapisov: 2763; SHA-256: 5428f53533d0710f56fc6068d1e43be3ebc4c7461cb0c8fcc599a23967b0bc44
07:07:32     Zaloga zapisana; vir=NW_STOCK, podjetje=2, uporabljenih=2763, v karanteni=0, RunId=307ada21-5a68-4fcb-90b2-6c9e62da8422.
07:07:33     Prebranih zapisov: 2763; SHA-256: 5428f53533d0710f56fc6068d1e43be3ebc4c7461cb0c8fcc599a23967b0bc44
07:07:35     Zaloga zapisana; vir=NW_STOCK, podjetje=3, uporabljenih=2763, v karanteni=0, RunId=df9fb592-b786-4f06-a317-390de45785aa.
07:07:35     Prebranih zapisov: 2763; SHA-256: 5428f53533d0710f56fc6068d1e43be3ebc4c7461cb0c8fcc599a23967b0bc44
07:07:37     Zaloga zapisana; vir=NW_STOCK, podjetje=4, uporabljenih=2763, v karanteni=0, RunId=925ee6df-9a06-4706-8ff2-79a19652a2ae.
07:07:37     konec: Zaloga NW_STOCK
07:07:37  == Zaloga BT_STOCK ==
07:07:38     SOURCE_FETCH: se ni na vrsti po razporedu; preskoceno.
07:07:39     Prebranih zapisov: 1389; SHA-256: 87dc96ff135a90ff21281cf2e3d01cba9b89e36308560bfd15167c9a03d703ba
07:07:39     STOCK_FILE pri podjetju 1: se ni na vrsti po razporedu; preskoceno.
07:07:40     Prebranih zapisov: 1389; SHA-256: 87dc96ff135a90ff21281cf2e3d01cba9b89e36308560bfd15167c9a03d703ba
07:07:40     STOCK_FILE pri podjetju 2: se ni na vrsti po razporedu; preskoceno.
07:07:41     Prebranih zapisov: 1389; SHA-256: 87dc96ff135a90ff21281cf2e3d01cba9b89e36308560bfd15167c9a03d703ba
07:07:41     STOCK_FILE pri podjetju 3: se ni na vrsti po razporedu; preskoceno.
07:07:42     Prebranih zapisov: 1389; SHA-256: 87dc96ff135a90ff21281cf2e3d01cba9b89e36308560bfd15167c9a03d703ba
07:07:42     STOCK_FILE pri podjetju 4: se ni na vrsti po razporedu; preskoceno.
07:07:42     konec: Zaloga BT_STOCK
07:07:42  == Zaloga iz SAOP (kolicine) ==
07:07:43     [1] SAOP_STOCK: se ni na vrsti po razporedu; preskoceno.
07:07:43     [2] SAOP_STOCK: se ni na vrsti po razporedu; preskoceno.
07:07:43     [3] SAOP_STOCK: se ni na vrsti po razporedu; preskoceno.
07:07:43     [4] SAOP_STOCK: se ni na vrsti po razporedu; preskoceno.
07:07:43     konec: Zaloga iz SAOP (kolicine)
07:07:43  == Izvoz cen in zaloge za splet ==
07:07:44     Izvoz profila MAGENTO_STOCK_PRICES končan: 352 vrstic v C:\Users\david\Desktop\PIM\NoviPIM\izvoz\magento\1
07:07:48     Izvoz profila MAGENTO_STOCK_PRICES končan: 2071 vrstic v C:\Users\david\Desktop\PIM\NoviPIM\izvoz\magento\2
07:07:52     Izvoz profila MAGENTO_STOCK_PRICES končan: 2488 vrstic v C:\Users\david\Desktop\PIM\NoviPIM\izvoz\magento\3
07:07:53     Izvoz profila MAGENTO_STOCK_PRICES končan: 0 vrstic v C:\Users\david\Desktop\PIM\NoviPIM\izvoz\magento\4
07:07:53     konec: Izvoz cen in zaloge za splet
07:07:53  Zalogovni cikel koncan; padlih korakov: 0.
07:12:26  == Zaloga NW_STOCK ==
07:12:27     SOURCE_FETCH: se ni na vrsti po razporedu; preskoceno.
07:12:28     Prebranih zapisov: 2763; SHA-256: 5428f53533d0710f56fc6068d1e43be3ebc4c7461cb0c8fcc599a23967b0bc44
07:12:28     STOCK_FILE pri podjetju 1: se ni na vrsti po razporedu; preskoceno.
07:12:29     Prebranih zapisov: 2763; SHA-256: 5428f53533d0710f56fc6068d1e43be3ebc4c7461cb0c8fcc599a23967b0bc44
07:12:29     STOCK_FILE pri podjetju 2: se ni na vrsti po razporedu; preskoceno.
07:12:30     Prebranih zapisov: 2763; SHA-256: 5428f53533d0710f56fc6068d1e43be3ebc4c7461cb0c8fcc599a23967b0bc44
07:12:30     STOCK_FILE pri podjetju 3: se ni na vrsti po razporedu; preskoceno.
07:12:31     Prebranih zapisov: 2763; SHA-256: 5428f53533d0710f56fc6068d1e43be3ebc4c7461cb0c8fcc599a23967b0bc44
07:12:31     STOCK_FILE pri podjetju 4: se ni na vrsti po razporedu; preskoceno.
07:12:31     konec: Zaloga NW_STOCK
07:12:31  == Zaloga BT_STOCK ==
07:12:32     [BT_STOCK] preskoceno: Razmik dobavitelja se tece; naslednji prenos po 4. 09. 2026 09:07.
07:12:32     Prevzem koncan: uspesno 0, neuspesno 0, skupaj virov 1.
07:12:33     Prebranih zapisov: 1389; SHA-256: 87dc96ff135a90ff21281cf2e3d01cba9b89e36308560bfd15167c9a03d703ba
07:12:33     Ta posnetek je ze v bazi; vir=BT_STOCK, podjetje=1, cas posnetka=2026-09-03 15:17:35Z, uporabljenih=1389, v karanteni=0, RunId=5e288d2d-98ef-40e1-b33c-663e6d513e74. Zapisano ni bilo nic.
07:12:34     Prebranih zapisov: 1389; SHA-256: 87dc96ff135a90ff21281cf2e3d01cba9b89e36308560bfd15167c9a03d703ba
07:12:34     Ta posnetek je ze v bazi; vir=BT_STOCK, podjetje=2, cas posnetka=2026-09-03 15:17:35Z, uporabljenih=1389, v karanteni=0, RunId=3496c976-0c49-45c5-9f74-0ffd35e5d443. Zapisano ni bilo nic.
07:12:35     Prebranih zapisov: 1389; SHA-256: 87dc96ff135a90ff21281cf2e3d01cba9b89e36308560bfd15167c9a03d703ba
07:12:35     Ta posnetek je ze v bazi; vir=BT_STOCK, podjetje=3, cas posnetka=2026-09-03 15:17:35Z, uporabljenih=1389, v karanteni=0, RunId=3dd9ac1c-09dd-4827-b930-eb014cdb2746. Zapisano ni bilo nic.
07:12:36     Prebranih zapisov: 1389; SHA-256: 87dc96ff135a90ff21281cf2e3d01cba9b89e36308560bfd15167c9a03d703ba
07:12:36     Ta posnetek je ze v bazi; vir=BT_STOCK, podjetje=4, cas posnetka=2026-09-03 15:17:35Z, uporabljenih=1389, v karanteni=0, RunId=bec7f147-9b63-48d7-a0cc-8df0cb029c6c. Zapisano ni bilo nic.
07:12:36     konec: Zaloga BT_STOCK
07:12:36  == Zaloga iz SAOP (kolicine) ==
07:12:37     [1] SAOP_STOCK: se ni na vrsti po razporedu; preskoceno.
07:12:37     [2] SAOP_STOCK: se ni na vrsti po razporedu; preskoceno.
07:12:37     [3] SAOP_STOCK: se ni na vrsti po razporedu; preskoceno.
07:12:37     [4] SAOP_STOCK: se ni na vrsti po razporedu; preskoceno.
07:12:37     konec: Zaloga iz SAOP (kolicine)
07:12:37  == Izvoz cen in zaloge za splet ==
07:12:39     Izvoz profila MAGENTO_STOCK_PRICES končan: 352 vrstic v C:\Users\david\Desktop\PIM\NoviPIM\izvoz\magento\1
07:12:43     Izvoz profila MAGENTO_STOCK_PRICES končan: 2071 vrstic v C:\Users\david\Desktop\PIM\NoviPIM\izvoz\magento\2
07:12:46     Izvoz profila MAGENTO_STOCK_PRICES končan: 2488 vrstic v C:\Users\david\Desktop\PIM\NoviPIM\izvoz\magento\3
07:12:47     Izvoz profila MAGENTO_STOCK_PRICES končan: 0 vrstic v C:\Users\david\Desktop\PIM\NoviPIM\izvoz\magento\4
07:12:47     konec: Izvoz cen in zaloge za splet
07:12:47  Zalogovni cikel koncan; padlih korakov: 0.
07:17:26  == Zaloga NW_STOCK ==
07:17:27     SOURCE_FETCH: se ni na vrsti po razporedu; preskoceno.
07:17:28     Prebranih zapisov: 2763; SHA-256: 5428f53533d0710f56fc6068d1e43be3ebc4c7461cb0c8fcc599a23967b0bc44
07:17:28     STOCK_FILE pri podjetju 1: se ni na vrsti po razporedu; preskoceno.
07:17:29     Prebranih zapisov: 2763; SHA-256: 5428f53533d0710f56fc6068d1e43be3ebc4c7461cb0c8fcc599a23967b0bc44
07:17:29     STOCK_FILE pri podjetju 2: se ni na vrsti po razporedu; preskoceno.
07:17:30     Prebranih zapisov: 2763; SHA-256: 5428f53533d0710f56fc6068d1e43be3ebc4c7461cb0c8fcc599a23967b0bc44
07:17:30     STOCK_FILE pri podjetju 3: se ni na vrsti po razporedu; preskoceno.
07:17:31     Prebranih zapisov: 2763; SHA-256: 5428f53533d0710f56fc6068d1e43be3ebc4c7461cb0c8fcc599a23967b0bc44
07:17:31     STOCK_FILE pri podjetju 4: se ni na vrsti po razporedu; preskoceno.
07:17:31     konec: Zaloga NW_STOCK
07:17:31  == Zaloga BT_STOCK ==
07:17:32     SOURCE_FETCH: se ni na vrsti po razporedu; preskoceno.
07:17:33     Prebranih zapisov: 1389; SHA-256: 87dc96ff135a90ff21281cf2e3d01cba9b89e36308560bfd15167c9a03d703ba
07:17:33     STOCK_FILE pri podjetju 1: se ni na vrsti po razporedu; preskoceno.
07:17:34     Prebranih zapisov: 1389; SHA-256: 87dc96ff135a90ff21281cf2e3d01cba9b89e36308560bfd15167c9a03d703ba
07:17:34     STOCK_FILE pri podjetju 2: se ni na vrsti po razporedu; preskoceno.
07:17:35     Prebranih zapisov: 1389; SHA-256: 87dc96ff135a90ff21281cf2e3d01cba9b89e36308560bfd15167c9a03d703ba
07:17:35     STOCK_FILE pri podjetju 3: se ni na vrsti po razporedu; preskoceno.
07:17:36     Prebranih zapisov: 1389; SHA-256: 87dc96ff135a90ff21281cf2e3d01cba9b89e36308560bfd15167c9a03d703ba
07:17:36     STOCK_FILE pri podjetju 4: se ni na vrsti po razporedu; preskoceno.
07:17:36     konec: Zaloga BT_STOCK
07:17:36  == Zaloga iz SAOP (kolicine) ==
07:17:37     [1] SAOP_STOCK: se ni na vrsti po razporedu; preskoceno.
07:17:37     [2] SAOP_STOCK: se ni na vrsti po razporedu; preskoceno.
07:17:37     [3] SAOP_STOCK: se ni na vrsti po razporedu; preskoceno.
07:17:37     [4] SAOP_STOCK: se ni na vrsti po razporedu; preskoceno.
07:17:37     konec: Zaloga iz SAOP (kolicine)
07:17:37  == Izvoz cen in zaloge za splet ==
07:17:39     Izvoz profila MAGENTO_STOCK_PRICES končan: 352 vrstic v C:\Users\david\Desktop\PIM\NoviPIM\izvoz\magento\1
07:17:42     Izvoz profila MAGENTO_STOCK_PRICES končan: 2071 vrstic v C:\Users\david\Desktop\PIM\NoviPIM\izvoz\magento\2
07:17:46     Izvoz profila MAGENTO_STOCK_PRICES končan: 2488 vrstic v C:\Users\david\Desktop\PIM\NoviPIM\izvoz\magento\3
07:17:47     Izvoz profila MAGENTO_STOCK_PRICES končan: 0 vrstic v C:\Users\david\Desktop\PIM\NoviPIM\izvoz\magento\4
07:17:47     konec: Izvoz cen in zaloge za splet
07:17:47  Zalogovni cikel koncan; padlih korakov: 0.
07:22:26  == Zaloga NW_STOCK ==
07:22:27     [NW_STOCK] preskoceno: Razmik dobavitelja se tece; naslednji prenos po 4. 09. 2026 09:07.
07:22:27     Prevzem koncan: uspesno 0, neuspesno 0, skupaj virov 1.
07:22:28     Prebranih zapisov: 2763; SHA-256: 5428f53533d0710f56fc6068d1e43be3ebc4c7461cb0c8fcc599a23967b0bc44
07:22:28     Ta posnetek je ze v bazi; vir=NW_STOCK, podjetje=1, cas posnetka=2026-09-04 05:07:28Z, uporabljenih=2763, v karanteni=0, RunId=d7dcb689-a2a4-45dc-80e9-1fd73613d935. Zapisano ni bilo nic.
07:22:29     Prebranih zapisov: 2763; SHA-256: 5428f53533d0710f56fc6068d1e43be3ebc4c7461cb0c8fcc599a23967b0bc44
07:22:29     Ta posnetek je ze v bazi; vir=NW_STOCK, podjetje=2, cas posnetka=2026-09-04 05:07:28Z, uporabljenih=2763, v karanteni=0, RunId=307ada21-5a68-4fcb-90b2-6c9e62da8422. Zapisano ni bilo nic.
07:22:30     Prebranih zapisov: 2763; SHA-256: 5428f53533d0710f56fc6068d1e43be3ebc4c7461cb0c8fcc599a23967b0bc44
07:22:30     Ta posnetek je ze v bazi; vir=NW_STOCK, podjetje=3, cas posnetka=2026-09-04 05:07:28Z, uporabljenih=2763, v karanteni=0, RunId=df9fb592-b786-4f06-a317-390de45785aa. Zapisano ni bilo nic.
07:22:31     Prebranih zapisov: 2763; SHA-256: 5428f53533d0710f56fc6068d1e43be3ebc4c7461cb0c8fcc599a23967b0bc44
07:22:31     Ta posnetek je ze v bazi; vir=NW_STOCK, podjetje=4, cas posnetka=2026-09-04 05:07:28Z, uporabljenih=2763, v karanteni=0, RunId=925ee6df-9a06-4706-8ff2-79a19652a2ae. Zapisano ni bilo nic.
07:22:31     konec: Zaloga NW_STOCK
07:22:31  == Zaloga BT_STOCK ==
07:22:32     SOURCE_FETCH: se ni na vrsti po razporedu; preskoceno.
07:22:33     Prebranih zapisov: 1389; SHA-256: 87dc96ff135a90ff21281cf2e3d01cba9b89e36308560bfd15167c9a03d703ba
07:22:33     STOCK_FILE pri podjetju 1: se ni na vrsti po razporedu; preskoceno.
07:22:34     Prebranih zapisov: 1389; SHA-256: 87dc96ff135a90ff21281cf2e3d01cba9b89e36308560bfd15167c9a03d703ba
07:22:34     STOCK_FILE pri podjetju 2: se ni na vrsti po razporedu; preskoceno.
07:22:35     Prebranih zapisov: 1389; SHA-256: 87dc96ff135a90ff21281cf2e3d01cba9b89e36308560bfd15167c9a03d703ba
07:22:35     STOCK_FILE pri podjetju 3: se ni na vrsti po razporedu; preskoceno.
07:22:36     Prebranih zapisov: 1389; SHA-256: 87dc96ff135a90ff21281cf2e3d01cba9b89e36308560bfd15167c9a03d703ba
07:22:36     STOCK_FILE pri podjetju 4: se ni na vrsti po razporedu; preskoceno.
07:22:36     konec: Zaloga BT_STOCK
07:22:36  == Zaloga iz SAOP (kolicine) ==
07:22:37     [1] SAOP_STOCK: se ni na vrsti po razporedu; preskoceno.
07:22:37     [2] SAOP_STOCK: se ni na vrsti po razporedu; preskoceno.
07:22:37     [3] SAOP_STOCK: se ni na vrsti po razporedu; preskoceno.
07:22:37     [4] SAOP_STOCK: se ni na vrsti po razporedu; preskoceno.
07:22:37     konec: Zaloga iz SAOP (kolicine)
07:22:37  == Izvoz cen in zaloge za splet ==
07:22:39     Izvoz profila MAGENTO_STOCK_PRICES končan: 352 vrstic v C:\Users\david\Desktop\PIM\NoviPIM\izvoz\magento\1
07:22:43     Izvoz profila MAGENTO_STOCK_PRICES končan: 2071 vrstic v C:\Users\david\Desktop\PIM\NoviPIM\izvoz\magento\2
07:22:46     Izvoz profila MAGENTO_STOCK_PRICES končan: 2488 vrstic v C:\Users\david\Desktop\PIM\NoviPIM\izvoz\magento\3
07:22:47     Izvoz profila MAGENTO_STOCK_PRICES končan: 0 vrstic v C:\Users\david\Desktop\PIM\NoviPIM\izvoz\magento\4
07:22:47     konec: Izvoz cen in zaloge za splet
07:22:47  Zalogovni cikel koncan; padlih korakov: 0.
07:27:26  == Zaloga NW_STOCK ==
07:27:27     SOURCE_FETCH: se ni na vrsti po razporedu; preskoceno.
07:27:28     Prebranih zapisov: 2763; SHA-256: 5428f53533d0710f56fc6068d1e43be3ebc4c7461cb0c8fcc599a23967b0bc44
07:27:28     STOCK_FILE pri podjetju 1: se ni na vrsti po razporedu; preskoceno.
07:27:29     Prebranih zapisov: 2763; SHA-256: 5428f53533d0710f56fc6068d1e43be3ebc4c7461cb0c8fcc599a23967b0bc44
07:27:29     STOCK_FILE pri podjetju 2: se ni na vrsti po razporedu; preskoceno.
07:27:30     Prebranih zapisov: 2763; SHA-256: 5428f53533d0710f56fc6068d1e43be3ebc4c7461cb0c8fcc599a23967b0bc44
07:27:30     STOCK_FILE pri podjetju 3: se ni na vrsti po razporedu; preskoceno.
07:27:31     Prebranih zapisov: 2763; SHA-256: 5428f53533d0710f56fc6068d1e43be3ebc4c7461cb0c8fcc599a23967b0bc44
07:27:31     STOCK_FILE pri podjetju 4: se ni na vrsti po razporedu; preskoceno.
07:27:31     konec: Zaloga NW_STOCK
07:27:31  == Zaloga BT_STOCK ==
07:27:32     [BT_STOCK] preskoceno: Razmik dobavitelja se tece; naslednji prenos po 4. 09. 2026 09:07.
07:27:32     Prevzem koncan: uspesno 0, neuspesno 0, skupaj virov 1.
07:27:33     Prebranih zapisov: 1389; SHA-256: 87dc96ff135a90ff21281cf2e3d01cba9b89e36308560bfd15167c9a03d703ba
07:27:33     Ta posnetek je ze v bazi; vir=BT_STOCK, podjetje=1, cas posnetka=2026-09-03 15:17:35Z, uporabljenih=1389, v karanteni=0, RunId=5e288d2d-98ef-40e1-b33c-663e6d513e74. Zapisano ni bilo nic.
07:27:34     Prebranih zapisov: 1389; SHA-256: 87dc96ff135a90ff21281cf2e3d01cba9b89e36308560bfd15167c9a03d703ba
07:27:34     Ta posnetek je ze v bazi; vir=BT_STOCK, podjetje=2, cas posnetka=2026-09-03 15:17:35Z, uporabljenih=1389, v karanteni=0, RunId=3496c976-0c49-45c5-9f74-0ffd35e5d443. Zapisano ni bilo nic.
07:27:35     Prebranih zapisov: 1389; SHA-256: 87dc96ff135a90ff21281cf2e3d01cba9b89e36308560bfd15167c9a03d703ba
07:27:36     Ta posnetek je ze v bazi; vir=BT_STOCK, podjetje=3, cas posnetka=2026-09-03 15:17:35Z, uporabljenih=1389, v karanteni=0, RunId=3dd9ac1c-09dd-4827-b930-eb014cdb2746. Zapisano ni bilo nic.
07:27:36     Prebranih zapisov: 1389; SHA-256: 87dc96ff135a90ff21281cf2e3d01cba9b89e36308560bfd15167c9a03d703ba
07:27:37     Ta posnetek je ze v bazi; vir=BT_STOCK, podjetje=4, cas posnetka=2026-09-03 15:17:35Z, uporabljenih=1389, v karanteni=0, RunId=bec7f147-9b63-48d7-a0cc-8df0cb029c6c. Zapisano ni bilo nic.
07:27:37     konec: Zaloga BT_STOCK
07:27:37  == Zaloga iz SAOP (kolicine) ==
07:27:38     [1] SAOP_STOCK: se ni na vrsti po razporedu; preskoceno.
07:27:38     [2] SAOP_STOCK: se ni na vrsti po razporedu; preskoceno.
07:27:38     [3] SAOP_STOCK: se ni na vrsti po razporedu; preskoceno.
07:27:38     [4] SAOP_STOCK: se ni na vrsti po razporedu; preskoceno.
07:27:38     konec: Zaloga iz SAOP (kolicine)
07:27:38  == Izvoz cen in zaloge za splet ==
07:27:39     Izvoz profila MAGENTO_STOCK_PRICES končan: 352 vrstic v C:\Users\david\Desktop\PIM\NoviPIM\izvoz\magento\1
07:27:43     Izvoz profila MAGENTO_STOCK_PRICES končan: 2071 vrstic v C:\Users\david\Desktop\PIM\NoviPIM\izvoz\magento\2
07:27:47     Izvoz profila MAGENTO_STOCK_PRICES končan: 2488 vrstic v C:\Users\david\Desktop\PIM\NoviPIM\izvoz\magento\3
07:27:48     Izvoz profila MAGENTO_STOCK_PRICES končan: 0 vrstic v C:\Users\david\Desktop\PIM\NoviPIM\izvoz\magento\4
07:27:48     konec: Izvoz cen in zaloge za splet
07:27:48  Zalogovni cikel koncan; padlih korakov: 0.
07:32:27  == Zaloga NW_STOCK ==
07:32:28     SOURCE_FETCH: se ni na vrsti po razporedu; preskoceno.
07:32:29     Prebranih zapisov: 2763; SHA-256: 5428f53533d0710f56fc6068d1e43be3ebc4c7461cb0c8fcc599a23967b0bc44
07:32:29     STOCK_FILE pri podjetju 1: se ni na vrsti po razporedu; preskoceno.
07:32:30     Prebranih zapisov: 2763; SHA-256: 5428f53533d0710f56fc6068d1e43be3ebc4c7461cb0c8fcc599a23967b0bc44
07:32:30     STOCK_FILE pri podjetju 2: se ni na vrsti po razporedu; preskoceno.
07:32:31     Prebranih zapisov: 2763; SHA-256: 5428f53533d0710f56fc6068d1e43be3ebc4c7461cb0c8fcc599a23967b0bc44
07:32:31     STOCK_FILE pri podjetju 3: se ni na vrsti po razporedu; preskoceno.
07:32:32     Prebranih zapisov: 2763; SHA-256: 5428f53533d0710f56fc6068d1e43be3ebc4c7461cb0c8fcc599a23967b0bc44
07:32:32     STOCK_FILE pri podjetju 4: se ni na vrsti po razporedu; preskoceno.
07:32:32     konec: Zaloga NW_STOCK
07:32:32  == Zaloga BT_STOCK ==
07:32:33     [BT_STOCK] preskoceno: Razmik dobavitelja se tece; naslednji prenos po 4. 09. 2026 09:07.
07:32:33     Prevzem koncan: uspesno 0, neuspesno 0, skupaj virov 1.
07:32:34     Prebranih zapisov: 1389; SHA-256: 87dc96ff135a90ff21281cf2e3d01cba9b89e36308560bfd15167c9a03d703ba
07:32:34     Ta posnetek je ze v bazi; vir=BT_STOCK, podjetje=1, cas posnetka=2026-09-03 15:17:35Z, uporabljenih=1389, v karanteni=0, RunId=5e288d2d-98ef-40e1-b33c-663e6d513e74. Zapisano ni bilo nic.
07:32:35     Prebranih zapisov: 1389; SHA-256: 87dc96ff135a90ff21281cf2e3d01cba9b89e36308560bfd15167c9a03d703ba
07:32:35     Ta posnetek je ze v bazi; vir=BT_STOCK, podjetje=2, cas posnetka=2026-09-03 15:17:35Z, uporabljenih=1389, v karanteni=0, RunId=3496c976-0c49-45c5-9f74-0ffd35e5d443. Zapisano ni bilo nic.
07:32:36     Prebranih zapisov: 1389; SHA-256: 87dc96ff135a90ff21281cf2e3d01cba9b89e36308560bfd15167c9a03d703ba
07:32:36     Ta posnetek je ze v bazi; vir=BT_STOCK, podjetje=3, cas posnetka=2026-09-03 15:17:35Z, uporabljenih=1389, v karanteni=0, RunId=3dd9ac1c-09dd-4827-b930-eb014cdb2746. Zapisano ni bilo nic.
07:32:37     Prebranih zapisov: 1389; SHA-256: 87dc96ff135a90ff21281cf2e3d01cba9b89e36308560bfd15167c9a03d703ba
07:32:37     Ta posnetek je ze v bazi; vir=BT_STOCK, podjetje=4, cas posnetka=2026-09-03 15:17:35Z, uporabljenih=1389, v karanteni=0, RunId=bec7f147-9b63-48d7-a0cc-8df0cb029c6c. Zapisano ni bilo nic.
07:32:37     konec: Zaloga BT_STOCK
07:32:37  == Zaloga iz SAOP (kolicine) ==
07:32:38     [1] SAOP_STOCK: se ni na vrsti po razporedu; preskoceno.
07:32:38     [2] SAOP_STOCK: se ni na vrsti po razporedu; preskoceno.
07:32:38     [3] SAOP_STOCK: se ni na vrsti po razporedu; preskoceno.
07:32:38     [4] SAOP_STOCK: se ni na vrsti po razporedu; preskoceno.
07:32:38     konec: Zaloga iz SAOP (kolicine)
07:32:38  == Izvoz cen in zaloge za splet ==
07:32:40     Izvoz profila MAGENTO_STOCK_PRICES končan: 352 vrstic v C:\Users\david\Desktop\PIM\NoviPIM\izvoz\magento\1
07:32:44     Izvoz profila MAGENTO_STOCK_PRICES končan: 2071 vrstic v C:\Users\david\Desktop\PIM\NoviPIM\izvoz\magento\2
07:32:47     Izvoz profila MAGENTO_STOCK_PRICES končan: 2488 vrstic v C:\Users\david\Desktop\PIM\NoviPIM\izvoz\magento\3
07:32:49     Izvoz profila MAGENTO_STOCK_PRICES končan: 0 vrstic v C:\Users\david\Desktop\PIM\NoviPIM\izvoz\magento\4
07:32:49     konec: Izvoz cen in zaloge za splet
07:32:49  Zalogovni cikel koncan; padlih korakov: 0.
07:37:26  == Zaloga NW_STOCK ==
07:37:27     SOURCE_FETCH: se ni na vrsti po razporedu; preskoceno.
07:37:28     Prebranih zapisov: 2763; SHA-256: 5428f53533d0710f56fc6068d1e43be3ebc4c7461cb0c8fcc599a23967b0bc44
07:37:28     STOCK_FILE pri podjetju 1: se ni na vrsti po razporedu; preskoceno.
07:37:29     Prebranih zapisov: 2763; SHA-256: 5428f53533d0710f56fc6068d1e43be3ebc4c7461cb0c8fcc599a23967b0bc44
07:37:29     STOCK_FILE pri podjetju 2: se ni na vrsti po razporedu; preskoceno.
07:37:30     Prebranih zapisov: 2763; SHA-256: 5428f53533d0710f56fc6068d1e43be3ebc4c7461cb0c8fcc599a23967b0bc44
07:37:30     STOCK_FILE pri podjetju 3: se ni na vrsti po razporedu; preskoceno.
07:37:31     Prebranih zapisov: 2763; SHA-256: 5428f53533d0710f56fc6068d1e43be3ebc4c7461cb0c8fcc599a23967b0bc44
07:37:31     STOCK_FILE pri podjetju 4: se ni na vrsti po razporedu; preskoceno.
07:37:31     konec: Zaloga NW_STOCK
07:37:31  == Zaloga BT_STOCK ==
07:37:33     SOURCE_FETCH: se ni na vrsti po razporedu; preskoceno.
07:37:34     Prebranih zapisov: 1389; SHA-256: 87dc96ff135a90ff21281cf2e3d01cba9b89e36308560bfd15167c9a03d703ba
07:37:34     Ta posnetek je ze v bazi; vir=BT_STOCK, podjetje=1, cas posnetka=2026-09-03 15:17:35Z, uporabljenih=1389, v karanteni=0, RunId=5e288d2d-98ef-40e1-b33c-663e6d513e74. Zapisano ni bilo nic.
07:37:35     Prebranih zapisov: 1389; SHA-256: 87dc96ff135a90ff21281cf2e3d01cba9b89e36308560bfd15167c9a03d703ba
07:37:35     Ta posnetek je ze v bazi; vir=BT_STOCK, podjetje=2, cas posnetka=2026-09-03 15:17:35Z, uporabljenih=1389, v karanteni=0, RunId=3496c976-0c49-45c5-9f74-0ffd35e5d443. Zapisano ni bilo nic.
07:37:36     Prebranih zapisov: 1389; SHA-256: 87dc96ff135a90ff21281cf2e3d01cba9b89e36308560bfd15167c9a03d703ba
07:37:37     Ta posnetek je ze v bazi; vir=BT_STOCK, podjetje=3, cas posnetka=2026-09-03 15:17:35Z, uporabljenih=1389, v karanteni=0, RunId=3dd9ac1c-09dd-4827-b930-eb014cdb2746. Zapisano ni bilo nic.
07:37:37     Prebranih zapisov: 1389; SHA-256: 87dc96ff135a90ff21281cf2e3d01cba9b89e36308560bfd15167c9a03d703ba
07:37:38     Ta posnetek je ze v bazi; vir=BT_STOCK, podjetje=4, cas posnetka=2026-09-03 15:17:35Z, uporabljenih=1389, v karanteni=0, RunId=bec7f147-9b63-48d7-a0cc-8df0cb029c6c. Zapisano ni bilo nic.
07:37:38     konec: Zaloga BT_STOCK
07:37:38  == Zaloga iz SAOP (kolicine) ==
07:37:39     [1] SAOP_STOCK: se ni na vrsti po razporedu; preskoceno.
07:37:39     [2] SAOP_STOCK: se ni na vrsti po razporedu; preskoceno.
07:37:39     [3] SAOP_STOCK: se ni na vrsti po razporedu; preskoceno.
07:37:39     [4] SAOP_STOCK: se ni na vrsti po razporedu; preskoceno.
07:37:39     konec: Zaloga iz SAOP (kolicine)
07:37:39  == Izvoz cen in zaloge za splet ==
07:37:40     Izvoz profila MAGENTO_STOCK_PRICES končan: 352 vrstic v C:\Users\david\Desktop\PIM\NoviPIM\izvoz\magento\1
07:37:44     Izvoz profila MAGENTO_STOCK_PRICES končan: 2071 vrstic v C:\Users\david\Desktop\PIM\NoviPIM\izvoz\magento\2
07:37:48     Izvoz profila MAGENTO_STOCK_PRICES končan: 2488 vrstic v C:\Users\david\Desktop\PIM\NoviPIM\izvoz\magento\3
07:37:49     Izvoz profila MAGENTO_STOCK_PRICES končan: 0 vrstic v C:\Users\david\Desktop\PIM\NoviPIM\izvoz\magento\4
07:37:49     konec: Izvoz cen in zaloge za splet
07:37:49  Zalogovni cikel koncan; padlih korakov: 0.
07:42:26  == Zaloga NW_STOCK ==
07:42:27     [NW_STOCK] preskoceno: Razmik dobavitelja se tece; naslednji prenos po 4. 09. 2026 09:07.
07:42:27     Prevzem koncan: uspesno 0, neuspesno 0, skupaj virov 1.
07:42:28     Prebranih zapisov: 2763; SHA-256: 5428f53533d0710f56fc6068d1e43be3ebc4c7461cb0c8fcc599a23967b0bc44
07:42:28     STOCK_FILE pri podjetju 1: se ni na vrsti po razporedu; preskoceno.
07:42:29     Prebranih zapisov: 2763; SHA-256: 5428f53533d0710f56fc6068d1e43be3ebc4c7461cb0c8fcc599a23967b0bc44
07:42:29     STOCK_FILE pri podjetju 2: se ni na vrsti po razporedu; preskoceno.
07:42:30     Prebranih zapisov: 2763; SHA-256: 5428f53533d0710f56fc6068d1e43be3ebc4c7461cb0c8fcc599a23967b0bc44
07:42:30     STOCK_FILE pri podjetju 3: se ni na vrsti po razporedu; preskoceno.
07:42:31     Prebranih zapisov: 2763; SHA-256: 5428f53533d0710f56fc6068d1e43be3ebc4c7461cb0c8fcc599a23967b0bc44
07:42:31     STOCK_FILE pri podjetju 4: se ni na vrsti po razporedu; preskoceno.
07:42:31     konec: Zaloga NW_STOCK
07:42:31  == Zaloga BT_STOCK ==
07:42:32     SOURCE_FETCH: se ni na vrsti po razporedu; preskoceno.
07:42:33     Prebranih zapisov: 1389; SHA-256: 87dc96ff135a90ff21281cf2e3d01cba9b89e36308560bfd15167c9a03d703ba
07:42:33     STOCK_FILE pri podjetju 1: se ni na vrsti po razporedu; preskoceno.
07:42:34     Prebranih zapisov: 1389; SHA-256: 87dc96ff135a90ff21281cf2e3d01cba9b89e36308560bfd15167c9a03d703ba
07:42:34     STOCK_FILE pri podjetju 2: se ni na vrsti po razporedu; preskoceno.
07:42:35     Prebranih zapisov: 1389; SHA-256: 87dc96ff135a90ff21281cf2e3d01cba9b89e36308560bfd15167c9a03d703ba
07:42:35     STOCK_FILE pri podjetju 3: se ni na vrsti po razporedu; preskoceno.
07:42:36     Prebranih zapisov: 1389; SHA-256: 87dc96ff135a90ff21281cf2e3d01cba9b89e36308560bfd15167c9a03d703ba
07:42:36     STOCK_FILE pri podjetju 4: se ni na vrsti po razporedu; preskoceno.
07:42:36     konec: Zaloga BT_STOCK
07:42:36  == Zaloga iz SAOP (kolicine) ==
07:42:37     [1] SAOP_STOCK: se ni na vrsti po razporedu; preskoceno.
07:42:37     [2] SAOP_STOCK: se ni na vrsti po razporedu; preskoceno.
07:42:37     [3] SAOP_STOCK: se ni na vrsti po razporedu; preskoceno.
07:42:37     [4] SAOP_STOCK: se ni na vrsti po razporedu; preskoceno.
07:42:37     konec: Zaloga iz SAOP (kolicine)
07:42:37  == Izvoz cen in zaloge za splet ==
07:42:39     Izvoz profila MAGENTO_STOCK_PRICES končan: 352 vrstic v C:\Users\david\Desktop\PIM\NoviPIM\izvoz\magento\1
07:42:43     Izvoz profila MAGENTO_STOCK_PRICES končan: 2071 vrstic v C:\Users\david\Desktop\PIM\NoviPIM\izvoz\magento\2
07:42:46     Izvoz profila MAGENTO_STOCK_PRICES končan: 2488 vrstic v C:\Users\david\Desktop\PIM\NoviPIM\izvoz\magento\3
07:42:47     Izvoz profila MAGENTO_STOCK_PRICES končan: 0 vrstic v C:\Users\david\Desktop\PIM\NoviPIM\izvoz\magento\4
07:42:47     konec: Izvoz cen in zaloge za splet
07:42:47  Zalogovni cikel koncan; padlih korakov: 0.
07:47:26  == Zaloga NW_STOCK ==
07:47:27     SOURCE_FETCH: se ni na vrsti po razporedu; preskoceno.
07:47:28     Prebranih zapisov: 2763; SHA-256: 5428f53533d0710f56fc6068d1e43be3ebc4c7461cb0c8fcc599a23967b0bc44
07:47:28     Ta posnetek je ze v bazi; vir=NW_STOCK, podjetje=1, cas posnetka=2026-09-04 05:07:28Z, uporabljenih=2763, v karanteni=0, RunId=d7dcb689-a2a4-45dc-80e9-1fd73613d935. Zapisano ni bilo nic.
07:47:29     Prebranih zapisov: 2763; SHA-256: 5428f53533d0710f56fc6068d1e43be3ebc4c7461cb0c8fcc599a23967b0bc44
07:47:29     Ta posnetek je ze v bazi; vir=NW_STOCK, podjetje=2, cas posnetka=2026-09-04 05:07:28Z, uporabljenih=2763, v karanteni=0, RunId=307ada21-5a68-4fcb-90b2-6c9e62da8422. Zapisano ni bilo nic.
07:47:30     Prebranih zapisov: 2763; SHA-256: 5428f53533d0710f56fc6068d1e43be3ebc4c7461cb0c8fcc599a23967b0bc44
07:47:31     Ta posnetek je ze v bazi; vir=NW_STOCK, podjetje=3, cas posnetka=2026-09-04 05:07:28Z, uporabljenih=2763, v karanteni=0, RunId=df9fb592-b786-4f06-a317-390de45785aa. Zapisano ni bilo nic.
07:47:31     Prebranih zapisov: 2763; SHA-256: 5428f53533d0710f56fc6068d1e43be3ebc4c7461cb0c8fcc599a23967b0bc44
07:47:32     Ta posnetek je ze v bazi; vir=NW_STOCK, podjetje=4, cas posnetka=2026-09-04 05:07:28Z, uporabljenih=2763, v karanteni=0, RunId=925ee6df-9a06-4706-8ff2-79a19652a2ae. Zapisano ni bilo nic.
07:47:32     konec: Zaloga NW_STOCK
07:47:32  == Zaloga BT_STOCK ==
07:47:33     [BT_STOCK] preskoceno: Razmik dobavitelja se tece; naslednji prenos po 4. 09. 2026 09:07.
07:47:33     Prevzem koncan: uspesno 0, neuspesno 0, skupaj virov 1.
07:47:33     Prebranih zapisov: 1389; SHA-256: 87dc96ff135a90ff21281cf2e3d01cba9b89e36308560bfd15167c9a03d703ba
07:47:33     STOCK_FILE pri podjetju 1: se ni na vrsti po razporedu; preskoceno.
07:47:34     Prebranih zapisov: 1389; SHA-256: 87dc96ff135a90ff21281cf2e3d01cba9b89e36308560bfd15167c9a03d703ba
07:47:34     STOCK_FILE pri podjetju 2: se ni na vrsti po razporedu; preskoceno.
07:47:35     Prebranih zapisov: 1389; SHA-256: 87dc96ff135a90ff21281cf2e3d01cba9b89e36308560bfd15167c9a03d703ba
07:47:35     STOCK_FILE pri podjetju 3: se ni na vrsti po razporedu; preskoceno.
07:47:36     Prebranih zapisov: 1389; SHA-256: 87dc96ff135a90ff21281cf2e3d01cba9b89e36308560bfd15167c9a03d703ba
07:47:36     STOCK_FILE pri podjetju 4: se ni na vrsti po razporedu; preskoceno.
07:47:36     konec: Zaloga BT_STOCK
07:47:36  == Zaloga iz SAOP (kolicine) ==
07:47:37     [1] SAOP_STOCK: se ni na vrsti po razporedu; preskoceno.
07:47:37     [2] SAOP_STOCK: se ni na vrsti po razporedu; preskoceno.
07:47:37     [3] SAOP_STOCK: se ni na vrsti po razporedu; preskoceno.
07:47:37     [4] SAOP_STOCK: se ni na vrsti po razporedu; preskoceno.
07:47:37     konec: Zaloga iz SAOP (kolicine)
07:47:37  == Izvoz cen in zaloge za splet ==
07:47:39     Izvoz profila MAGENTO_STOCK_PRICES končan: 352 vrstic v C:\Users\david\Desktop\PIM\NoviPIM\izvoz\magento\1
07:47:43     Izvoz profila MAGENTO_STOCK_PRICES končan: 2071 vrstic v C:\Users\david\Desktop\PIM\NoviPIM\izvoz\magento\2
07:47:46     Izvoz profila MAGENTO_STOCK_PRICES končan: 2488 vrstic v C:\Users\david\Desktop\PIM\NoviPIM\izvoz\magento\3
07:47:48     Izvoz profila MAGENTO_STOCK_PRICES končan: 0 vrstic v C:\Users\david\Desktop\PIM\NoviPIM\izvoz\magento\4
07:47:48     konec: Izvoz cen in zaloge za splet
07:47:48  Zalogovni cikel koncan; padlih korakov: 0.
07:52:26  == Zaloga NW_STOCK ==
07:52:27     SOURCE_FETCH: se ni na vrsti po razporedu; preskoceno.
07:52:28     Prebranih zapisov: 2763; SHA-256: 5428f53533d0710f56fc6068d1e43be3ebc4c7461cb0c8fcc599a23967b0bc44
07:52:28     STOCK_FILE pri podjetju 1: se ni na vrsti po razporedu; preskoceno.
07:52:29     Prebranih zapisov: 2763; SHA-256: 5428f53533d0710f56fc6068d1e43be3ebc4c7461cb0c8fcc599a23967b0bc44
07:52:29     STOCK_FILE pri podjetju 2: se ni na vrsti po razporedu; preskoceno.
07:52:30     Prebranih zapisov: 2763; SHA-256: 5428f53533d0710f56fc6068d1e43be3ebc4c7461cb0c8fcc599a23967b0bc44
07:52:30     STOCK_FILE pri podjetju 3: se ni na vrsti po razporedu; preskoceno.
07:52:31     Prebranih zapisov: 2763; SHA-256: 5428f53533d0710f56fc6068d1e43be3ebc4c7461cb0c8fcc599a23967b0bc44
07:52:31     STOCK_FILE pri podjetju 4: se ni na vrsti po razporedu; preskoceno.
07:52:31     konec: Zaloga NW_STOCK
07:52:31  == Zaloga BT_STOCK ==
07:52:32     SOURCE_FETCH: se ni na vrsti po razporedu; preskoceno.
07:52:33     Prebranih zapisov: 1389; SHA-256: 87dc96ff135a90ff21281cf2e3d01cba9b89e36308560bfd15167c9a03d703ba
07:52:33     Ta posnetek je ze v bazi; vir=BT_STOCK, podjetje=1, cas posnetka=2026-09-03 15:17:35Z, uporabljenih=1389, v karanteni=0, RunId=5e288d2d-98ef-40e1-b33c-663e6d513e74. Zapisano ni bilo nic.
07:52:34     Prebranih zapisov: 1389; SHA-256: 87dc96ff135a90ff21281cf2e3d01cba9b89e36308560bfd15167c9a03d703ba
07:52:34     Ta posnetek je ze v bazi; vir=BT_STOCK, podjetje=2, cas posnetka=2026-09-03 15:17:35Z, uporabljenih=1389, v karanteni=0, RunId=3496c976-0c49-45c5-9f74-0ffd35e5d443. Zapisano ni bilo nic.
07:52:35     Prebranih zapisov: 1389; SHA-256: 87dc96ff135a90ff21281cf2e3d01cba9b89e36308560bfd15167c9a03d703ba
07:52:35     Ta posnetek je ze v bazi; vir=BT_STOCK, podjetje=3, cas posnetka=2026-09-03 15:17:35Z, uporabljenih=1389, v karanteni=0, RunId=3dd9ac1c-09dd-4827-b930-eb014cdb2746. Zapisano ni bilo nic.
07:52:36     Prebranih zapisov: 1389; SHA-256: 87dc96ff135a90ff21281cf2e3d01cba9b89e36308560bfd15167c9a03d703ba
07:52:36     Ta posnetek je ze v bazi; vir=BT_STOCK, podjetje=4, cas posnetka=2026-09-03 15:17:35Z, uporabljenih=1389, v karanteni=0, RunId=bec7f147-9b63-48d7-a0cc-8df0cb029c6c. Zapisano ni bilo nic.
07:52:37     konec: Zaloga BT_STOCK
07:52:37  == Zaloga iz SAOP (kolicine) ==
07:52:37     [1] SAOP_STOCK: se ni na vrsti po razporedu; preskoceno.
07:52:37     [2] SAOP_STOCK: se ni na vrsti po razporedu; preskoceno.
07:52:37     [3] SAOP_STOCK: se ni na vrsti po razporedu; preskoceno.
07:52:37     [4] SAOP_STOCK: se ni na vrsti po razporedu; preskoceno.
07:52:37     konec: Zaloga iz SAOP (kolicine)
07:52:37  == Izvoz cen in zaloge za splet ==
07:52:39     Izvoz profila MAGENTO_STOCK_PRICES končan: 352 vrstic v C:\Users\david\Desktop\PIM\NoviPIM\izvoz\magento\1
07:52:43     Izvoz profila MAGENTO_STOCK_PRICES končan: 2071 vrstic v C:\Users\david\Desktop\PIM\NoviPIM\izvoz\magento\2
07:52:46     Izvoz profila MAGENTO_STOCK_PRICES končan: 2488 vrstic v C:\Users\david\Desktop\PIM\NoviPIM\izvoz\magento\3
07:52:48     Izvoz profila MAGENTO_STOCK_PRICES končan: 0 vrstic v C:\Users\david\Desktop\PIM\NoviPIM\izvoz\magento\4
07:52:48     konec: Izvoz cen in zaloge za splet
07:52:48  Zalogovni cikel koncan; padlih korakov: 0.
07:57:26  == Zaloga NW_STOCK ==
07:57:27     [NW_STOCK] preskoceno: Razmik dobavitelja se tece; naslednji prenos po 4. 09. 2026 09:07.
07:57:27     Prevzem koncan: uspesno 0, neuspesno 0, skupaj virov 1.
07:57:28     Prebranih zapisov: 2763; SHA-256: 5428f53533d0710f56fc6068d1e43be3ebc4c7461cb0c8fcc599a23967b0bc44
07:57:28     STOCK_FILE pri podjetju 1: se ni na vrsti po razporedu; preskoceno.
07:57:29     Prebranih zapisov: 2763; SHA-256: 5428f53533d0710f56fc6068d1e43be3ebc4c7461cb0c8fcc599a23967b0bc44
07:57:29     STOCK_FILE pri podjetju 2: se ni na vrsti po razporedu; preskoceno.
07:57:30     Prebranih zapisov: 2763; SHA-256: 5428f53533d0710f56fc6068d1e43be3ebc4c7461cb0c8fcc599a23967b0bc44
07:57:30     STOCK_FILE pri podjetju 3: se ni na vrsti po razporedu; preskoceno.
07:57:31     Prebranih zapisov: 2763; SHA-256: 5428f53533d0710f56fc6068d1e43be3ebc4c7461cb0c8fcc599a23967b0bc44
07:57:31     STOCK_FILE pri podjetju 4: se ni na vrsti po razporedu; preskoceno.
07:57:31     konec: Zaloga NW_STOCK
07:57:31  == Zaloga BT_STOCK ==
07:57:32     SOURCE_FETCH: se ni na vrsti po razporedu; preskoceno.
07:57:33     Prebranih zapisov: 1389; SHA-256: 87dc96ff135a90ff21281cf2e3d01cba9b89e36308560bfd15167c9a03d703ba
07:57:33     Ta posnetek je ze v bazi; vir=BT_STOCK, podjetje=1, cas posnetka=2026-09-03 15:17:35Z, uporabljenih=1389, v karanteni=0, RunId=5e288d2d-98ef-40e1-b33c-663e6d513e74. Zapisano ni bilo nic.
07:57:34     Prebranih zapisov: 1389; SHA-256: 87dc96ff135a90ff21281cf2e3d01cba9b89e36308560bfd15167c9a03d703ba
07:57:34     STOCK_FILE pri podjetju 2: se ni na vrsti po razporedu; preskoceno.
07:57:35     Prebranih zapisov: 1389; SHA-256: 87dc96ff135a90ff21281cf2e3d01cba9b89e36308560bfd15167c9a03d703ba
07:57:35     STOCK_FILE pri podjetju 3: se ni na vrsti po razporedu; preskoceno.
07:57:36     Prebranih zapisov: 1389; SHA-256: 87dc96ff135a90ff21281cf2e3d01cba9b89e36308560bfd15167c9a03d703ba
07:57:36     STOCK_FILE pri podjetju 4: se ni na vrsti po razporedu; preskoceno.
07:57:36     konec: Zaloga BT_STOCK
07:57:36  == Zaloga iz SAOP (kolicine) ==
07:57:37     [1] SAOP_STOCK: se ni na vrsti po razporedu; preskoceno.
07:57:37     [2] SAOP_STOCK: se ni na vrsti po razporedu; preskoceno.
07:57:37     [3] SAOP_STOCK: se ni na vrsti po razporedu; preskoceno.
07:57:37     [4] SAOP_STOCK: se ni na vrsti po razporedu; preskoceno.
07:57:37     konec: Zaloga iz SAOP (kolicine)
07:57:37  == Izvoz cen in zaloge za splet ==
07:57:39     Izvoz profila MAGENTO_STOCK_PRICES končan: 352 vrstic v C:\Users\david\Desktop\PIM\NoviPIM\izvoz\magento\1
07:57:43     Izvoz profila MAGENTO_STOCK_PRICES končan: 2071 vrstic v C:\Users\david\Desktop\PIM\NoviPIM\izvoz\magento\2
07:57:46     Izvoz profila MAGENTO_STOCK_PRICES končan: 2488 vrstic v C:\Users\david\Desktop\PIM\NoviPIM\izvoz\magento\3
07:57:47     Izvoz profila MAGENTO_STOCK_PRICES končan: 0 vrstic v C:\Users\david\Desktop\PIM\NoviPIM\izvoz\magento\4
07:57:47     konec: Izvoz cen in zaloge za splet
07:57:47  Zalogovni cikel koncan; padlih korakov: 0.
08:02:26  == Zaloga NW_STOCK ==
08:02:27     [NW_STOCK] preskoceno: Razmik dobavitelja se tece; naslednji prenos po 4. 09. 2026 09:07.
08:02:27     Prevzem koncan: uspesno 0, neuspesno 0, skupaj virov 1.
08:02:28     Prebranih zapisov: 2763; SHA-256: 5428f53533d0710f56fc6068d1e43be3ebc4c7461cb0c8fcc599a23967b0bc44
08:02:28     STOCK_FILE pri podjetju 1: se ni na vrsti po razporedu; preskoceno.
08:02:29     Prebranih zapisov: 2763; SHA-256: 5428f53533d0710f56fc6068d1e43be3ebc4c7461cb0c8fcc599a23967b0bc44
08:02:30     Ta posnetek je ze v bazi; vir=NW_STOCK, podjetje=2, cas posnetka=2026-09-04 05:07:28Z, uporabljenih=2763, v karanteni=0, RunId=307ada21-5a68-4fcb-90b2-6c9e62da8422. Zapisano ni bilo nic.
08:02:30     Prebranih zapisov: 2763; SHA-256: 5428f53533d0710f56fc6068d1e43be3ebc4c7461cb0c8fcc599a23967b0bc44
08:02:31     Ta posnetek je ze v bazi; vir=NW_STOCK, podjetje=3, cas posnetka=2026-09-04 05:07:28Z, uporabljenih=2763, v karanteni=0, RunId=df9fb592-b786-4f06-a317-390de45785aa. Zapisano ni bilo nic.
08:02:31     Prebranih zapisov: 2763; SHA-256: 5428f53533d0710f56fc6068d1e43be3ebc4c7461cb0c8fcc599a23967b0bc44
08:02:32     Ta posnetek je ze v bazi; vir=NW_STOCK, podjetje=4, cas posnetka=2026-09-04 05:07:28Z, uporabljenih=2763, v karanteni=0, RunId=925ee6df-9a06-4706-8ff2-79a19652a2ae. Zapisano ni bilo nic.
08:02:32     konec: Zaloga NW_STOCK
08:02:32  == Zaloga BT_STOCK ==
08:02:33     SOURCE_FETCH: se ni na vrsti po razporedu; preskoceno.
08:02:33     Prebranih zapisov: 1389; SHA-256: 87dc96ff135a90ff21281cf2e3d01cba9b89e36308560bfd15167c9a03d703ba
08:02:34     Ta posnetek je ze v bazi; vir=BT_STOCK, podjetje=1, cas posnetka=2026-09-03 15:17:35Z, uporabljenih=1389, v karanteni=0, RunId=5e288d2d-98ef-40e1-b33c-663e6d513e74. Zapisano ni bilo nic.
08:02:35     Prebranih zapisov: 1389; SHA-256: 87dc96ff135a90ff21281cf2e3d01cba9b89e36308560bfd15167c9a03d703ba
08:02:35     STOCK_FILE pri podjetju 2: se ni na vrsti po razporedu; preskoceno.
08:02:36     Prebranih zapisov: 1389; SHA-256: 87dc96ff135a90ff21281cf2e3d01cba9b89e36308560bfd15167c9a03d703ba
08:02:36     STOCK_FILE pri podjetju 3: se ni na vrsti po razporedu; preskoceno.
08:02:37     Prebranih zapisov: 1389; SHA-256: 87dc96ff135a90ff21281cf2e3d01cba9b89e36308560bfd15167c9a03d703ba
08:02:37     STOCK_FILE pri podjetju 4: se ni na vrsti po razporedu; preskoceno.
08:02:37     konec: Zaloga BT_STOCK
08:02:37  == Zaloga iz SAOP (kolicine) ==
08:02:38     [1] SAOP_STOCK: se ni na vrsti po razporedu; preskoceno.
08:02:38     [2] SAOP_STOCK: se ni na vrsti po razporedu; preskoceno.
08:02:38     [3] SAOP_STOCK: se ni na vrsti po razporedu; preskoceno.
08:02:38     [4] SAOP_STOCK: se ni na vrsti po razporedu; preskoceno.
08:02:38     konec: Zaloga iz SAOP (kolicine)
08:02:38  == Izvoz cen in zaloge za splet ==
08:02:39     Izvoz profila MAGENTO_STOCK_PRICES končan: 352 vrstic v C:\Users\david\Desktop\PIM\NoviPIM\izvoz\magento\1
08:02:43     Izvoz profila MAGENTO_STOCK_PRICES končan: 2071 vrstic v C:\Users\david\Desktop\PIM\NoviPIM\izvoz\magento\2
08:02:47     Izvoz profila MAGENTO_STOCK_PRICES končan: 2488 vrstic v C:\Users\david\Desktop\PIM\NoviPIM\izvoz\magento\3
08:02:48     Izvoz profila MAGENTO_STOCK_PRICES končan: 0 vrstic v C:\Users\david\Desktop\PIM\NoviPIM\izvoz\magento\4
08:02:48     konec: Izvoz cen in zaloge za splet
08:02:48  Zalogovni cikel koncan; padlih korakov: 0.
08:07:26  == Zaloga NW_STOCK ==
08:07:27     SOURCE_FETCH: se ni na vrsti po razporedu; preskoceno.
08:07:28     Prebranih zapisov: 2763; SHA-256: 5428f53533d0710f56fc6068d1e43be3ebc4c7461cb0c8fcc599a23967b0bc44
08:07:28     STOCK_FILE pri podjetju 1: se ni na vrsti po razporedu; preskoceno.
08:07:29     Prebranih zapisov: 2763; SHA-256: 5428f53533d0710f56fc6068d1e43be3ebc4c7461cb0c8fcc599a23967b0bc44
08:07:29     STOCK_FILE pri podjetju 2: se ni na vrsti po razporedu; preskoceno.
08:07:30     Prebranih zapisov: 2763; SHA-256: 5428f53533d0710f56fc6068d1e43be3ebc4c7461cb0c8fcc599a23967b0bc44
08:07:30     STOCK_FILE pri podjetju 3: se ni na vrsti po razporedu; preskoceno.
08:07:31     Prebranih zapisov: 2763; SHA-256: 5428f53533d0710f56fc6068d1e43be3ebc4c7461cb0c8fcc599a23967b0bc44
08:07:31     STOCK_FILE pri podjetju 4: se ni na vrsti po razporedu; preskoceno.
08:07:31     konec: Zaloga NW_STOCK
08:07:31  == Zaloga BT_STOCK ==
08:07:32     [BT_STOCK] preskoceno: Razmik dobavitelja se tece; naslednji prenos po 4. 09. 2026 09:07.
08:07:32     Prevzem koncan: uspesno 0, neuspesno 0, skupaj virov 1.
08:07:33     Prebranih zapisov: 1389; SHA-256: 87dc96ff135a90ff21281cf2e3d01cba9b89e36308560bfd15167c9a03d703ba
08:07:33     STOCK_FILE pri podjetju 1: se ni na vrsti po razporedu; preskoceno.
08:07:34     Prebranih zapisov: 1389; SHA-256: 87dc96ff135a90ff21281cf2e3d01cba9b89e36308560bfd15167c9a03d703ba
08:07:34     Ta posnetek je ze v bazi; vir=BT_STOCK, podjetje=2, cas posnetka=2026-09-03 15:17:35Z, uporabljenih=1389, v karanteni=0, RunId=3496c976-0c49-45c5-9f74-0ffd35e5d443. Zapisano ni bilo nic.
08:07:35     Prebranih zapisov: 1389; SHA-256: 87dc96ff135a90ff21281cf2e3d01cba9b89e36308560bfd15167c9a03d703ba
08:07:35     Ta posnetek je ze v bazi; vir=BT_STOCK, podjetje=3, cas posnetka=2026-09-03 15:17:35Z, uporabljenih=1389, v karanteni=0, RunId=3dd9ac1c-09dd-4827-b930-eb014cdb2746. Zapisano ni bilo nic.
08:07:36     Prebranih zapisov: 1389; SHA-256: 87dc96ff135a90ff21281cf2e3d01cba9b89e36308560bfd15167c9a03d703ba
08:07:37     Ta posnetek je ze v bazi; vir=BT_STOCK, podjetje=4, cas posnetka=2026-09-03 15:17:35Z, uporabljenih=1389, v karanteni=0, RunId=bec7f147-9b63-48d7-a0cc-8df0cb029c6c. Zapisano ni bilo nic.
08:07:37     konec: Zaloga BT_STOCK
08:07:37  == Zaloga iz SAOP (kolicine) ==
08:07:38     [1] SAOP_STOCK: se ni na vrsti po razporedu; preskoceno.
08:07:38     [2] SAOP_STOCK: se ni na vrsti po razporedu; preskoceno.
08:07:38     [3] SAOP_STOCK: se ni na vrsti po razporedu; preskoceno.
08:07:38     [4] SAOP_STOCK: se ni na vrsti po razporedu; preskoceno.
08:07:38     konec: Zaloga iz SAOP (kolicine)
08:07:38  == Izvoz cen in zaloge za splet ==
08:07:39     Izvoz profila MAGENTO_STOCK_PRICES končan: 352 vrstic v C:\Users\david\Desktop\PIM\NoviPIM\izvoz\magento\1
08:07:43     Izvoz profila MAGENTO_STOCK_PRICES končan: 2071 vrstic v C:\Users\david\Desktop\PIM\NoviPIM\izvoz\magento\2
08:07:47     Izvoz profila MAGENTO_STOCK_PRICES končan: 2488 vrstic v C:\Users\david\Desktop\PIM\NoviPIM\izvoz\magento\3
08:07:48     Izvoz profila MAGENTO_STOCK_PRICES končan: 0 vrstic v C:\Users\david\Desktop\PIM\NoviPIM\izvoz\magento\4
08:07:48     konec: Izvoz cen in zaloge za splet
08:07:48  Zalogovni cikel koncan; padlih korakov: 0.
08:12:26  == Zaloga NW_STOCK ==
08:12:27     SOURCE_FETCH: se ni na vrsti po razporedu; preskoceno.
08:12:28     Prebranih zapisov: 2763; SHA-256: 5428f53533d0710f56fc6068d1e43be3ebc4c7461cb0c8fcc599a23967b0bc44
08:12:28     Ta posnetek je ze v bazi; vir=NW_STOCK, podjetje=1, cas posnetka=2026-09-04 05:07:28Z, uporabljenih=2763, v karanteni=0, RunId=d7dcb689-a2a4-45dc-80e9-1fd73613d935. Zapisano ni bilo nic.
08:12:29     Prebranih zapisov: 2763; SHA-256: 5428f53533d0710f56fc6068d1e43be3ebc4c7461cb0c8fcc599a23967b0bc44
08:12:29     STOCK_FILE pri podjetju 2: se ni na vrsti po razporedu; preskoceno.
08:12:30     Prebranih zapisov: 2763; SHA-256: 5428f53533d0710f56fc6068d1e43be3ebc4c7461cb0c8fcc599a23967b0bc44
08:12:30     STOCK_FILE pri podjetju 3: se ni na vrsti po razporedu; preskoceno.
08:12:31     Prebranih zapisov: 2763; SHA-256: 5428f53533d0710f56fc6068d1e43be3ebc4c7461cb0c8fcc599a23967b0bc44
08:12:31     STOCK_FILE pri podjetju 4: se ni na vrsti po razporedu; preskoceno.
08:12:31     konec: Zaloga NW_STOCK
08:12:31  == Zaloga BT_STOCK ==
08:12:32     SOURCE_FETCH: se ni na vrsti po razporedu; preskoceno.
08:12:33     Prebranih zapisov: 1389; SHA-256: 87dc96ff135a90ff21281cf2e3d01cba9b89e36308560bfd15167c9a03d703ba
08:12:33     STOCK_FILE pri podjetju 1: se ni na vrsti po razporedu; preskoceno.
08:12:34     Prebranih zapisov: 1389; SHA-256: 87dc96ff135a90ff21281cf2e3d01cba9b89e36308560bfd15167c9a03d703ba
08:12:34     STOCK_FILE pri podjetju 2: se ni na vrsti po razporedu; preskoceno.
08:12:35     Prebranih zapisov: 1389; SHA-256: 87dc96ff135a90ff21281cf2e3d01cba9b89e36308560bfd15167c9a03d703ba
08:12:35     STOCK_FILE pri podjetju 3: se ni na vrsti po razporedu; preskoceno.
08:12:36     Prebranih zapisov: 1389; SHA-256: 87dc96ff135a90ff21281cf2e3d01cba9b89e36308560bfd15167c9a03d703ba
08:12:36     STOCK_FILE pri podjetju 4: se ni na vrsti po razporedu; preskoceno.
08:12:36     konec: Zaloga BT_STOCK
08:12:36  == Zaloga iz SAOP (kolicine) ==
08:12:37     [1] SAOP_STOCK: se ni na vrsti po razporedu; preskoceno.
08:12:37     [2] SAOP_STOCK: se ni na vrsti po razporedu; preskoceno.
08:12:37     [3] SAOP_STOCK: se ni na vrsti po razporedu; preskoceno.
08:12:37     [4] SAOP_STOCK: se ni na vrsti po razporedu; preskoceno.
08:12:37     konec: Zaloga iz SAOP (kolicine)
08:12:37  == Izvoz cen in zaloge za splet ==
08:12:39     Izvoz profila MAGENTO_STOCK_PRICES končan: 352 vrstic v C:\Users\david\Desktop\PIM\NoviPIM\izvoz\magento\1
08:12:43     Izvoz profila MAGENTO_STOCK_PRICES končan: 2071 vrstic v C:\Users\david\Desktop\PIM\NoviPIM\izvoz\magento\2
08:12:46     Izvoz profila MAGENTO_STOCK_PRICES končan: 2488 vrstic v C:\Users\david\Desktop\PIM\NoviPIM\izvoz\magento\3
08:12:48     Izvoz profila MAGENTO_STOCK_PRICES končan: 0 vrstic v C:\Users\david\Desktop\PIM\NoviPIM\izvoz\magento\4
08:12:48     konec: Izvoz cen in zaloge za splet
08:12:48  Zalogovni cikel koncan; padlih korakov: 0.
08:17:26  == Zaloga NW_STOCK ==
08:17:27     [NW_STOCK] preskoceno: Razmik dobavitelja se tece; naslednji prenos po 4. 09. 2026 09:07.
08:17:27     Prevzem koncan: uspesno 0, neuspesno 0, skupaj virov 1.
08:17:28     Prebranih zapisov: 2763; SHA-256: 5428f53533d0710f56fc6068d1e43be3ebc4c7461cb0c8fcc599a23967b0bc44
08:17:29     Ta posnetek je ze v bazi; vir=NW_STOCK, podjetje=1, cas posnetka=2026-09-04 05:07:28Z, uporabljenih=2763, v karanteni=0, RunId=d7dcb689-a2a4-45dc-80e9-1fd73613d935. Zapisano ni bilo nic.
08:17:29     Prebranih zapisov: 2763; SHA-256: 5428f53533d0710f56fc6068d1e43be3ebc4c7461cb0c8fcc599a23967b0bc44
08:17:30     Ta posnetek je ze v bazi; vir=NW_STOCK, podjetje=2, cas posnetka=2026-09-04 05:07:28Z, uporabljenih=2763, v karanteni=0, RunId=307ada21-5a68-4fcb-90b2-6c9e62da8422. Zapisano ni bilo nic.
08:17:30     Prebranih zapisov: 2763; SHA-256: 5428f53533d0710f56fc6068d1e43be3ebc4c7461cb0c8fcc599a23967b0bc44
08:17:31     Ta posnetek je ze v bazi; vir=NW_STOCK, podjetje=3, cas posnetka=2026-09-04 05:07:28Z, uporabljenih=2763, v karanteni=0, RunId=df9fb592-b786-4f06-a317-390de45785aa. Zapisano ni bilo nic.
08:17:32     Prebranih zapisov: 2763; SHA-256: 5428f53533d0710f56fc6068d1e43be3ebc4c7461cb0c8fcc599a23967b0bc44
08:17:32     Ta posnetek je ze v bazi; vir=NW_STOCK, podjetje=4, cas posnetka=2026-09-04 05:07:28Z, uporabljenih=2763, v karanteni=0, RunId=925ee6df-9a06-4706-8ff2-79a19652a2ae. Zapisano ni bilo nic.
08:17:32     konec: Zaloga NW_STOCK
08:17:32  == Zaloga BT_STOCK ==
08:17:33     SOURCE_FETCH: se ni na vrsti po razporedu; preskoceno.
08:17:34     Prebranih zapisov: 1389; SHA-256: 87dc96ff135a90ff21281cf2e3d01cba9b89e36308560bfd15167c9a03d703ba
08:17:34     STOCK_FILE pri podjetju 1: se ni na vrsti po razporedu; preskoceno.
08:17:35     Prebranih zapisov: 1389; SHA-256: 87dc96ff135a90ff21281cf2e3d01cba9b89e36308560bfd15167c9a03d703ba
08:17:35     STOCK_FILE pri podjetju 2: se ni na vrsti po razporedu; preskoceno.
08:17:36     Prebranih zapisov: 1389; SHA-256: 87dc96ff135a90ff21281cf2e3d01cba9b89e36308560bfd15167c9a03d703ba
08:17:36     STOCK_FILE pri podjetju 3: se ni na vrsti po razporedu; preskoceno.
08:17:37     Prebranih zapisov: 1389; SHA-256: 87dc96ff135a90ff21281cf2e3d01cba9b89e36308560bfd15167c9a03d703ba
08:17:37     STOCK_FILE pri podjetju 4: se ni na vrsti po razporedu; preskoceno.
08:17:37     konec: Zaloga BT_STOCK
08:17:37  == Zaloga iz SAOP (kolicine) ==
08:17:38     [1] SAOP_STOCK: se ni na vrsti po razporedu; preskoceno.
08:17:38     [2] SAOP_STOCK: se ni na vrsti po razporedu; preskoceno.
08:17:38     [3] SAOP_STOCK: se ni na vrsti po razporedu; preskoceno.
08:17:38     [4] SAOP_STOCK: se ni na vrsti po razporedu; preskoceno.
08:17:38     konec: Zaloga iz SAOP (kolicine)
08:17:38  == Izvoz cen in zaloge za splet ==
08:17:39     Izvoz profila MAGENTO_STOCK_PRICES končan: 352 vrstic v C:\Users\david\Desktop\PIM\NoviPIM\izvoz\magento\1
08:17:43     Izvoz profila MAGENTO_STOCK_PRICES končan: 2071 vrstic v C:\Users\david\Desktop\PIM\NoviPIM\izvoz\magento\2
08:17:47     Izvoz profila MAGENTO_STOCK_PRICES končan: 2488 vrstic v C:\Users\david\Desktop\PIM\NoviPIM\izvoz\magento\3
08:17:48     Izvoz profila MAGENTO_STOCK_PRICES končan: 0 vrstic v C:\Users\david\Desktop\PIM\NoviPIM\izvoz\magento\4
08:17:48     konec: Izvoz cen in zaloge za splet
08:17:48  Zalogovni cikel koncan; padlih korakov: 0.
08:22:26  == Zaloga NW_STOCK ==
08:22:27     SOURCE_FETCH: se ni na vrsti po razporedu; preskoceno.
08:22:28     Prebranih zapisov: 2763; SHA-256: 5428f53533d0710f56fc6068d1e43be3ebc4c7461cb0c8fcc599a23967b0bc44
08:22:28     STOCK_FILE pri podjetju 1: se ni na vrsti po razporedu; preskoceno.
08:22:29     Prebranih zapisov: 2763; SHA-256: 5428f53533d0710f56fc6068d1e43be3ebc4c7461cb0c8fcc599a23967b0bc44
08:22:29     STOCK_FILE pri podjetju 2: se ni na vrsti po razporedu; preskoceno.
08:22:30     Prebranih zapisov: 2763; SHA-256: 5428f53533d0710f56fc6068d1e43be3ebc4c7461cb0c8fcc599a23967b0bc44
08:22:30     STOCK_FILE pri podjetju 3: se ni na vrsti po razporedu; preskoceno.
08:22:31     Prebranih zapisov: 2763; SHA-256: 5428f53533d0710f56fc6068d1e43be3ebc4c7461cb0c8fcc599a23967b0bc44
08:22:31     STOCK_FILE pri podjetju 4: se ni na vrsti po razporedu; preskoceno.
08:22:31     konec: Zaloga NW_STOCK
08:22:31  == Zaloga BT_STOCK ==
08:22:32     [BT_STOCK] preskoceno: Razmik dobavitelja se tece; naslednji prenos po 4. 09. 2026 09:07.
08:22:32     Prevzem koncan: uspesno 0, neuspesno 0, skupaj virov 1.
08:22:33     Prebranih zapisov: 1389; SHA-256: 87dc96ff135a90ff21281cf2e3d01cba9b89e36308560bfd15167c9a03d703ba
08:22:33     Ta posnetek je ze v bazi; vir=BT_STOCK, podjetje=1, cas posnetka=2026-09-03 15:17:35Z, uporabljenih=1389, v karanteni=0, RunId=5e288d2d-98ef-40e1-b33c-663e6d513e74. Zapisano ni bilo nic.
08:22:34     Prebranih zapisov: 1389; SHA-256: 87dc96ff135a90ff21281cf2e3d01cba9b89e36308560bfd15167c9a03d703ba
08:22:34     Ta posnetek je ze v bazi; vir=BT_STOCK, podjetje=2, cas posnetka=2026-09-03 15:17:35Z, uporabljenih=1389, v karanteni=0, RunId=3496c976-0c49-45c5-9f74-0ffd35e5d443. Zapisano ni bilo nic.
08:22:35     Prebranih zapisov: 1389; SHA-256: 87dc96ff135a90ff21281cf2e3d01cba9b89e36308560bfd15167c9a03d703ba
08:22:36     Ta posnetek je ze v bazi; vir=BT_STOCK, podjetje=3, cas posnetka=2026-09-03 15:17:35Z, uporabljenih=1389, v karanteni=0, RunId=3dd9ac1c-09dd-4827-b930-eb014cdb2746. Zapisano ni bilo nic.
08:22:36     Prebranih zapisov: 1389; SHA-256: 87dc96ff135a90ff21281cf2e3d01cba9b89e36308560bfd15167c9a03d703ba
08:22:37     Ta posnetek je ze v bazi; vir=BT_STOCK, podjetje=4, cas posnetka=2026-09-03 15:17:35Z, uporabljenih=1389, v karanteni=0, RunId=bec7f147-9b63-48d7-a0cc-8df0cb029c6c. Zapisano ni bilo nic.
08:22:37     konec: Zaloga BT_STOCK
08:22:37  == Zaloga iz SAOP (kolicine) ==
08:22:38     [1] SAOP_STOCK: se ni na vrsti po razporedu; preskoceno.
08:22:38     [2] SAOP_STOCK: se ni na vrsti po razporedu; preskoceno.
08:22:38     [3] SAOP_STOCK: se ni na vrsti po razporedu; preskoceno.
08:22:38     [4] SAOP_STOCK: se ni na vrsti po razporedu; preskoceno.
08:22:38     konec: Zaloga iz SAOP (kolicine)
08:22:38  == Izvoz cen in zaloge za splet ==
08:22:39     Izvoz profila MAGENTO_STOCK_PRICES končan: 352 vrstic v C:\Users\david\Desktop\PIM\NoviPIM\izvoz\magento\1
08:22:43     Izvoz profila MAGENTO_STOCK_PRICES končan: 2071 vrstic v C:\Users\david\Desktop\PIM\NoviPIM\izvoz\magento\2
08:22:47     Izvoz profila MAGENTO_STOCK_PRICES končan: 2488 vrstic v C:\Users\david\Desktop\PIM\NoviPIM\izvoz\magento\3
08:22:49     Izvoz profila MAGENTO_STOCK_PRICES končan: 0 vrstic v C:\Users\david\Desktop\PIM\NoviPIM\izvoz\magento\4
08:22:49     konec: Izvoz cen in zaloge za splet
08:22:49  Zalogovni cikel koncan; padlih korakov: 0.
08:27:26  == Zaloga NW_STOCK ==
08:27:27     SOURCE_FETCH: se ni na vrsti po razporedu; preskoceno.
08:27:28     Prebranih zapisov: 2763; SHA-256: 5428f53533d0710f56fc6068d1e43be3ebc4c7461cb0c8fcc599a23967b0bc44
08:27:28     STOCK_FILE pri podjetju 1: se ni na vrsti po razporedu; preskoceno.
08:27:29     Prebranih zapisov: 2763; SHA-256: 5428f53533d0710f56fc6068d1e43be3ebc4c7461cb0c8fcc599a23967b0bc44
08:27:29     STOCK_FILE pri podjetju 2: se ni na vrsti po razporedu; preskoceno.
08:27:30     Prebranih zapisov: 2763; SHA-256: 5428f53533d0710f56fc6068d1e43be3ebc4c7461cb0c8fcc599a23967b0bc44
08:27:31     STOCK_FILE pri podjetju 3: se ni na vrsti po razporedu; preskoceno.
08:27:31     Prebranih zapisov: 2763; SHA-256: 5428f53533d0710f56fc6068d1e43be3ebc4c7461cb0c8fcc599a23967b0bc44
08:27:32     STOCK_FILE pri podjetju 4: se ni na vrsti po razporedu; preskoceno.
08:27:32     konec: Zaloga NW_STOCK
08:27:32  == Zaloga BT_STOCK ==
08:27:33     [BT_STOCK] preskoceno: Razmik dobavitelja se tece; naslednji prenos po 4. 09. 2026 09:07.
08:27:33     Prevzem koncan: uspesno 0, neuspesno 0, skupaj virov 1.
08:27:33     Prebranih zapisov: 1389; SHA-256: 87dc96ff135a90ff21281cf2e3d01cba9b89e36308560bfd15167c9a03d703ba
08:27:34     Ta posnetek je ze v bazi; vir=BT_STOCK, podjetje=1, cas posnetka=2026-09-03 15:17:35Z, uporabljenih=1389, v karanteni=0, RunId=5e288d2d-98ef-40e1-b33c-663e6d513e74. Zapisano ni bilo nic.
08:27:35     Prebranih zapisov: 1389; SHA-256: 87dc96ff135a90ff21281cf2e3d01cba9b89e36308560bfd15167c9a03d703ba
08:27:35     Ta posnetek je ze v bazi; vir=BT_STOCK, podjetje=2, cas posnetka=2026-09-03 15:17:35Z, uporabljenih=1389, v karanteni=0, RunId=3496c976-0c49-45c5-9f74-0ffd35e5d443. Zapisano ni bilo nic.
08:27:36     Prebranih zapisov: 1389; SHA-256: 87dc96ff135a90ff21281cf2e3d01cba9b89e36308560bfd15167c9a03d703ba
08:27:36     Ta posnetek je ze v bazi; vir=BT_STOCK, podjetje=3, cas posnetka=2026-09-03 15:17:35Z, uporabljenih=1389, v karanteni=0, RunId=3dd9ac1c-09dd-4827-b930-eb014cdb2746. Zapisano ni bilo nic.
08:27:37     Prebranih zapisov: 1389; SHA-256: 87dc96ff135a90ff21281cf2e3d01cba9b89e36308560bfd15167c9a03d703ba
08:27:37     Ta posnetek je ze v bazi; vir=BT_STOCK, podjetje=4, cas posnetka=2026-09-03 15:17:35Z, uporabljenih=1389, v karanteni=0, RunId=bec7f147-9b63-48d7-a0cc-8df0cb029c6c. Zapisano ni bilo nic.
08:27:37     konec: Zaloga BT_STOCK
08:27:37  == Zaloga iz SAOP (kolicine) ==
08:27:38     [1] SAOP_STOCK: se ni na vrsti po razporedu; preskoceno.
08:27:38     [2] SAOP_STOCK: se ni na vrsti po razporedu; preskoceno.
08:27:38     [3] SAOP_STOCK: se ni na vrsti po razporedu; preskoceno.
08:27:38     [4] SAOP_STOCK: se ni na vrsti po razporedu; preskoceno.
08:27:38     konec: Zaloga iz SAOP (kolicine)
08:27:38  == Izvoz cen in zaloge za splet ==
08:27:40     Izvoz profila MAGENTO_STOCK_PRICES končan: 352 vrstic v C:\Users\david\Desktop\PIM\NoviPIM\izvoz\magento\1
08:27:44     Izvoz profila MAGENTO_STOCK_PRICES končan: 2071 vrstic v C:\Users\david\Desktop\PIM\NoviPIM\izvoz\magento\2
08:27:48     Izvoz profila MAGENTO_STOCK_PRICES končan: 2488 vrstic v C:\Users\david\Desktop\PIM\NoviPIM\izvoz\magento\3
08:27:49     Izvoz profila MAGENTO_STOCK_PRICES končan: 0 vrstic v C:\Users\david\Desktop\PIM\NoviPIM\izvoz\magento\4
08:27:49     konec: Izvoz cen in zaloge za splet
08:27:49  Zalogovni cikel koncan; padlih korakov: 0.
08:32:27  == Zaloga NW_STOCK ==
08:32:28     SOURCE_FETCH: se ni na vrsti po razporedu; preskoceno.
08:32:29     Prebranih zapisov: 2763; SHA-256: 5428f53533d0710f56fc6068d1e43be3ebc4c7461cb0c8fcc599a23967b0bc44
08:32:29     STOCK_FILE pri podjetju 1: se ni na vrsti po razporedu; preskoceno.
08:32:30     Prebranih zapisov: 2763; SHA-256: 5428f53533d0710f56fc6068d1e43be3ebc4c7461cb0c8fcc599a23967b0bc44
08:32:30     STOCK_FILE pri podjetju 2: se ni na vrsti po razporedu; preskoceno.
08:32:31     Prebranih zapisov: 2763; SHA-256: 5428f53533d0710f56fc6068d1e43be3ebc4c7461cb0c8fcc599a23967b0bc44
08:32:31     STOCK_FILE pri podjetju 3: se ni na vrsti po razporedu; preskoceno.
08:32:32     Prebranih zapisov: 2763; SHA-256: 5428f53533d0710f56fc6068d1e43be3ebc4c7461cb0c8fcc599a23967b0bc44
08:32:32     STOCK_FILE pri podjetju 4: se ni na vrsti po razporedu; preskoceno.
08:32:32     konec: Zaloga NW_STOCK
08:32:32  == Zaloga BT_STOCK ==
08:32:33     [BT_STOCK] preskoceno: Razmik dobavitelja se tece; naslednji prenos po 4. 09. 2026 09:07.
08:32:33     Prevzem koncan: uspesno 0, neuspesno 0, skupaj virov 1.
08:32:34     Prebranih zapisov: 1389; SHA-256: 87dc96ff135a90ff21281cf2e3d01cba9b89e36308560bfd15167c9a03d703ba
08:32:35     Ta posnetek je ze v bazi; vir=BT_STOCK, podjetje=1, cas posnetka=2026-09-03 15:17:35Z, uporabljenih=1389, v karanteni=0, RunId=5e288d2d-98ef-40e1-b33c-663e6d513e74. Zapisano ni bilo nic.
08:32:36     Prebranih zapisov: 1389; SHA-256: 87dc96ff135a90ff21281cf2e3d01cba9b89e36308560bfd15167c9a03d703ba
08:32:36     Ta posnetek je ze v bazi; vir=BT_STOCK, podjetje=2, cas posnetka=2026-09-03 15:17:35Z, uporabljenih=1389, v karanteni=0, RunId=3496c976-0c49-45c5-9f74-0ffd35e5d443. Zapisano ni bilo nic.
08:32:37     Prebranih zapisov: 1389; SHA-256: 87dc96ff135a90ff21281cf2e3d01cba9b89e36308560bfd15167c9a03d703ba
08:32:37     Ta posnetek je ze v bazi; vir=BT_STOCK, podjetje=3, cas posnetka=2026-09-03 15:17:35Z, uporabljenih=1389, v karanteni=0, RunId=3dd9ac1c-09dd-4827-b930-eb014cdb2746. Zapisano ni bilo nic.
08:32:38     Prebranih zapisov: 1389; SHA-256: 87dc96ff135a90ff21281cf2e3d01cba9b89e36308560bfd15167c9a03d703ba
08:32:38     Ta posnetek je ze v bazi; vir=BT_STOCK, podjetje=4, cas posnetka=2026-09-03 15:17:35Z, uporabljenih=1389, v karanteni=0, RunId=bec7f147-9b63-48d7-a0cc-8df0cb029c6c. Zapisano ni bilo nic.
08:32:39     konec: Zaloga BT_STOCK
08:32:39  == Zaloga iz SAOP (kolicine) ==
08:32:40     [1] SAOP_STOCK: se ni na vrsti po razporedu; preskoceno.
08:32:40     [2] SAOP_STOCK: se ni na vrsti po razporedu; preskoceno.
08:32:40     [3] SAOP_STOCK: se ni na vrsti po razporedu; preskoceno.
08:32:40     [4] SAOP_STOCK: se ni na vrsti po razporedu; preskoceno.
08:32:40     konec: Zaloga iz SAOP (kolicine)
08:32:40  == Izvoz cen in zaloge za splet ==
08:32:42     Izvoz profila MAGENTO_STOCK_PRICES končan: 352 vrstic v C:\Users\david\Desktop\PIM\NoviPIM\izvoz\magento\1
08:32:46     Izvoz profila MAGENTO_STOCK_PRICES končan: 2071 vrstic v C:\Users\david\Desktop\PIM\NoviPIM\izvoz\magento\2
08:32:50     Izvoz profila MAGENTO_STOCK_PRICES končan: 2488 vrstic v C:\Users\david\Desktop\PIM\NoviPIM\izvoz\magento\3
08:32:52     Izvoz profila MAGENTO_STOCK_PRICES končan: 0 vrstic v C:\Users\david\Desktop\PIM\NoviPIM\izvoz\magento\4
08:32:52     konec: Izvoz cen in zaloge za splet
08:32:52  Zalogovni cikel koncan; padlih korakov: 0.
08:37:26  == Zaloga NW_STOCK ==
08:37:27     SOURCE_FETCH: se ni na vrsti po razporedu; preskoceno.
08:37:28     Prebranih zapisov: 2763; SHA-256: 5428f53533d0710f56fc6068d1e43be3ebc4c7461cb0c8fcc599a23967b0bc44
08:37:28     STOCK_FILE pri podjetju 1: se ni na vrsti po razporedu; preskoceno.
08:37:29     Prebranih zapisov: 2763; SHA-256: 5428f53533d0710f56fc6068d1e43be3ebc4c7461cb0c8fcc599a23967b0bc44
08:37:29     STOCK_FILE pri podjetju 2: se ni na vrsti po razporedu; preskoceno.
08:37:30     Prebranih zapisov: 2763; SHA-256: 5428f53533d0710f56fc6068d1e43be3ebc4c7461cb0c8fcc599a23967b0bc44
08:37:30     STOCK_FILE pri podjetju 3: se ni na vrsti po razporedu; preskoceno.
08:37:31     Prebranih zapisov: 2763; SHA-256: 5428f53533d0710f56fc6068d1e43be3ebc4c7461cb0c8fcc599a23967b0bc44
08:37:32     STOCK_FILE pri podjetju 4: se ni na vrsti po razporedu; preskoceno.
08:37:32     konec: Zaloga NW_STOCK
08:37:32  == Zaloga BT_STOCK ==
08:37:33     SOURCE_FETCH: se ni na vrsti po razporedu; preskoceno.
08:37:33     Prebranih zapisov: 1389; SHA-256: 87dc96ff135a90ff21281cf2e3d01cba9b89e36308560bfd15167c9a03d703ba
08:37:34     STOCK_FILE pri podjetju 1: se ni na vrsti po razporedu; preskoceno.
08:37:34     Prebranih zapisov: 1389; SHA-256: 87dc96ff135a90ff21281cf2e3d01cba9b89e36308560bfd15167c9a03d703ba
08:37:35     STOCK_FILE pri podjetju 2: se ni na vrsti po razporedu; preskoceno.
08:37:35     Prebranih zapisov: 1389; SHA-256: 87dc96ff135a90ff21281cf2e3d01cba9b89e36308560bfd15167c9a03d703ba
08:37:36     STOCK_FILE pri podjetju 3: se ni na vrsti po razporedu; preskoceno.
08:37:36     Prebranih zapisov: 1389; SHA-256: 87dc96ff135a90ff21281cf2e3d01cba9b89e36308560bfd15167c9a03d703ba
08:37:37     STOCK_FILE pri podjetju 4: se ni na vrsti po razporedu; preskoceno.
08:37:37     konec: Zaloga BT_STOCK
08:37:37  == Zaloga iz SAOP (kolicine) ==
08:37:38     [1] SAOP_STOCK: se ni na vrsti po razporedu; preskoceno.
08:37:38     [2] SAOP_STOCK: se ni na vrsti po razporedu; preskoceno.
08:37:38     [3] SAOP_STOCK: se ni na vrsti po razporedu; preskoceno.
08:37:38     [4] SAOP_STOCK: se ni na vrsti po razporedu; preskoceno.
08:37:38     konec: Zaloga iz SAOP (kolicine)
08:37:38  == Izvoz cen in zaloge za splet ==
08:37:40     Izvoz profila MAGENTO_STOCK_PRICES končan: 352 vrstic v C:\Users\david\Desktop\PIM\NoviPIM\izvoz\magento\1
08:37:44     Izvoz profila MAGENTO_STOCK_PRICES končan: 2071 vrstic v C:\Users\david\Desktop\PIM\NoviPIM\izvoz\magento\2
08:37:48     Izvoz profila MAGENTO_STOCK_PRICES končan: 2488 vrstic v C:\Users\david\Desktop\PIM\NoviPIM\izvoz\magento\3
08:37:49     Izvoz profila MAGENTO_STOCK_PRICES končan: 0 vrstic v C:\Users\david\Desktop\PIM\NoviPIM\izvoz\magento\4
08:37:49     konec: Izvoz cen in zaloge za splet
08:37:49  Zalogovni cikel koncan; padlih korakov: 0.
08:42:27  == Zaloga NW_STOCK ==
08:42:28     [NW_STOCK] preskoceno: Razmik dobavitelja se tece; naslednji prenos po 4. 09. 2026 09:07.
08:42:28     Prevzem koncan: uspesno 0, neuspesno 0, skupaj virov 1.
08:42:29     Prebranih zapisov: 2763; SHA-256: 5428f53533d0710f56fc6068d1e43be3ebc4c7461cb0c8fcc599a23967b0bc44
08:42:29     Ta posnetek je ze v bazi; vir=NW_STOCK, podjetje=1, cas posnetka=2026-09-04 05:07:28Z, uporabljenih=2763, v karanteni=0, RunId=d7dcb689-a2a4-45dc-80e9-1fd73613d935. Zapisano ni bilo nic.
08:42:30     Prebranih zapisov: 2763; SHA-256: 5428f53533d0710f56fc6068d1e43be3ebc4c7461cb0c8fcc599a23967b0bc44
08:42:30     Ta posnetek je ze v bazi; vir=NW_STOCK, podjetje=2, cas posnetka=2026-09-04 05:07:28Z, uporabljenih=2763, v karanteni=0, RunId=307ada21-5a68-4fcb-90b2-6c9e62da8422. Zapisano ni bilo nic.
08:42:31     Prebranih zapisov: 2763; SHA-256: 5428f53533d0710f56fc6068d1e43be3ebc4c7461cb0c8fcc599a23967b0bc44
08:42:31     Ta posnetek je ze v bazi; vir=NW_STOCK, podjetje=3, cas posnetka=2026-09-04 05:07:28Z, uporabljenih=2763, v karanteni=0, RunId=df9fb592-b786-4f06-a317-390de45785aa. Zapisano ni bilo nic.
08:42:32     Prebranih zapisov: 2763; SHA-256: 5428f53533d0710f56fc6068d1e43be3ebc4c7461cb0c8fcc599a23967b0bc44
08:42:32     Ta posnetek je ze v bazi; vir=NW_STOCK, podjetje=4, cas posnetka=2026-09-04 05:07:28Z, uporabljenih=2763, v karanteni=0, RunId=925ee6df-9a06-4706-8ff2-79a19652a2ae. Zapisano ni bilo nic.
08:42:33     konec: Zaloga NW_STOCK
08:42:33  == Zaloga BT_STOCK ==
08:42:34     SOURCE_FETCH: se ni na vrsti po razporedu; preskoceno.
08:42:35     Prebranih zapisov: 1389; SHA-256: 87dc96ff135a90ff21281cf2e3d01cba9b89e36308560bfd15167c9a03d703ba
08:42:35     STOCK_FILE pri podjetju 1: se ni na vrsti po razporedu; preskoceno.
08:42:36     Prebranih zapisov: 1389; SHA-256: 87dc96ff135a90ff21281cf2e3d01cba9b89e36308560bfd15167c9a03d703ba
08:42:36     STOCK_FILE pri podjetju 2: se ni na vrsti po razporedu; preskoceno.
08:42:37     Prebranih zapisov: 1389; SHA-256: 87dc96ff135a90ff21281cf2e3d01cba9b89e36308560bfd15167c9a03d703ba
08:42:37     STOCK_FILE pri podjetju 3: se ni na vrsti po razporedu; preskoceno.
08:42:38     Prebranih zapisov: 1389; SHA-256: 87dc96ff135a90ff21281cf2e3d01cba9b89e36308560bfd15167c9a03d703ba
08:42:39     STOCK_FILE pri podjetju 4: se ni na vrsti po razporedu; preskoceno.
08:42:39     konec: Zaloga BT_STOCK
08:42:39  == Zaloga iz SAOP (kolicine) ==
08:42:40     [1] SAOP_STOCK: se ni na vrsti po razporedu; preskoceno.
08:42:40     [2] SAOP_STOCK: se ni na vrsti po razporedu; preskoceno.
08:42:40     [3] SAOP_STOCK: se ni na vrsti po razporedu; preskoceno.
08:42:40     [4] SAOP_STOCK: se ni na vrsti po razporedu; preskoceno.
08:42:40     konec: Zaloga iz SAOP (kolicine)
08:42:40  == Izvoz cen in zaloge za splet ==
08:42:41     Izvoz profila MAGENTO_STOCK_PRICES končan: 352 vrstic v C:\Users\david\Desktop\PIM\NoviPIM\izvoz\magento\1
08:42:45     Izvoz profila MAGENTO_STOCK_PRICES končan: 2071 vrstic v C:\Users\david\Desktop\PIM\NoviPIM\izvoz\magento\2
08:42:49     Izvoz profila MAGENTO_STOCK_PRICES končan: 2488 vrstic v C:\Users\david\Desktop\PIM\NoviPIM\izvoz\magento\3
08:42:50     Izvoz profila MAGENTO_STOCK_PRICES končan: 0 vrstic v C:\Users\david\Desktop\PIM\NoviPIM\izvoz\magento\4
08:42:50     konec: Izvoz cen in zaloge za splet
08:42:50  Zalogovni cikel koncan; padlih korakov: 0.
08:47:27  == Zaloga NW_STOCK ==
08:47:27     SOURCE_FETCH: se ni na vrsti po razporedu; preskoceno.
08:47:28     Prebranih zapisov: 2763; SHA-256: 5428f53533d0710f56fc6068d1e43be3ebc4c7461cb0c8fcc599a23967b0bc44
08:47:28     STOCK_FILE pri podjetju 1: se ni na vrsti po razporedu; preskoceno.
08:47:29     Prebranih zapisov: 2763; SHA-256: 5428f53533d0710f56fc6068d1e43be3ebc4c7461cb0c8fcc599a23967b0bc44
08:47:29     STOCK_FILE pri podjetju 2: se ni na vrsti po razporedu; preskoceno.
08:47:30     Prebranih zapisov: 2763; SHA-256: 5428f53533d0710f56fc6068d1e43be3ebc4c7461cb0c8fcc599a23967b0bc44
08:47:30     STOCK_FILE pri podjetju 3: se ni na vrsti po razporedu; preskoceno.
08:47:31     Prebranih zapisov: 2763; SHA-256: 5428f53533d0710f56fc6068d1e43be3ebc4c7461cb0c8fcc599a23967b0bc44
08:47:31     STOCK_FILE pri podjetju 4: se ni na vrsti po razporedu; preskoceno.
08:47:31     konec: Zaloga NW_STOCK
08:47:31  == Zaloga BT_STOCK ==
08:47:32     [BT_STOCK] preskoceno: Razmik dobavitelja se tece; naslednji prenos po 4. 09. 2026 09:07.
08:47:32     Prevzem koncan: uspesno 0, neuspesno 0, skupaj virov 1.
08:47:33     Prebranih zapisov: 1389; SHA-256: 87dc96ff135a90ff21281cf2e3d01cba9b89e36308560bfd15167c9a03d703ba
08:47:33     Ta posnetek je ze v bazi; vir=BT_STOCK, podjetje=1, cas posnetka=2026-09-03 15:17:35Z, uporabljenih=1389, v karanteni=0, RunId=5e288d2d-98ef-40e1-b33c-663e6d513e74. Zapisano ni bilo nic.
08:47:34     Prebranih zapisov: 1389; SHA-256: 87dc96ff135a90ff21281cf2e3d01cba9b89e36308560bfd15167c9a03d703ba
08:47:34     Ta posnetek je ze v bazi; vir=BT_STOCK, podjetje=2, cas posnetka=2026-09-03 15:17:35Z, uporabljenih=1389, v karanteni=0, RunId=3496c976-0c49-45c5-9f74-0ffd35e5d443. Zapisano ni bilo nic.
08:47:35     Prebranih zapisov: 1389; SHA-256: 87dc96ff135a90ff21281cf2e3d01cba9b89e36308560bfd15167c9a03d703ba
08:47:35     Ta posnetek je ze v bazi; vir=BT_STOCK, podjetje=3, cas posnetka=2026-09-03 15:17:35Z, uporabljenih=1389, v karanteni=0, RunId=3dd9ac1c-09dd-4827-b930-eb014cdb2746. Zapisano ni bilo nic.
08:47:36     Prebranih zapisov: 1389; SHA-256: 87dc96ff135a90ff21281cf2e3d01cba9b89e36308560bfd15167c9a03d703ba
08:47:36     Ta posnetek je ze v bazi; vir=BT_STOCK, podjetje=4, cas posnetka=2026-09-03 15:17:35Z, uporabljenih=1389, v karanteni=0, RunId=bec7f147-9b63-48d7-a0cc-8df0cb029c6c. Zapisano ni bilo nic.
08:47:37     konec: Zaloga BT_STOCK
08:47:37  == Zaloga iz SAOP (kolicine) ==
08:47:37     [1] SAOP_STOCK: se ni na vrsti po razporedu; preskoceno.
08:47:37     [2] SAOP_STOCK: se ni na vrsti po razporedu; preskoceno.
08:47:37     [3] SAOP_STOCK: se ni na vrsti po razporedu; preskoceno.
08:47:37     [4] SAOP_STOCK: se ni na vrsti po razporedu; preskoceno.
08:47:37     konec: Zaloga iz SAOP (kolicine)
08:47:37  == Izvoz cen in zaloge za splet ==
08:47:39     Izvoz profila MAGENTO_STOCK_PRICES končan: 352 vrstic v C:\Users\david\Desktop\PIM\NoviPIM\izvoz\magento\1
08:47:43     Izvoz profila MAGENTO_STOCK_PRICES končan: 2071 vrstic v C:\Users\david\Desktop\PIM\NoviPIM\izvoz\magento\2
08:47:46     Izvoz profila MAGENTO_STOCK_PRICES končan: 2488 vrstic v C:\Users\david\Desktop\PIM\NoviPIM\izvoz\magento\3
08:47:47     Izvoz profila MAGENTO_STOCK_PRICES končan: 0 vrstic v C:\Users\david\Desktop\PIM\NoviPIM\izvoz\magento\4
08:47:47     konec: Izvoz cen in zaloge za splet
08:47:47  Zalogovni cikel koncan; padlih korakov: 0.
08:52:27  == Zaloga NW_STOCK ==
08:52:27     SOURCE_FETCH: se ni na vrsti po razporedu; preskoceno.
08:52:28     Prebranih zapisov: 2763; SHA-256: 5428f53533d0710f56fc6068d1e43be3ebc4c7461cb0c8fcc599a23967b0bc44
08:52:28     STOCK_FILE pri podjetju 1: se ni na vrsti po razporedu; preskoceno.
08:52:29     Prebranih zapisov: 2763; SHA-256: 5428f53533d0710f56fc6068d1e43be3ebc4c7461cb0c8fcc599a23967b0bc44
08:52:29     STOCK_FILE pri podjetju 2: se ni na vrsti po razporedu; preskoceno.
08:52:30     Prebranih zapisov: 2763; SHA-256: 5428f53533d0710f56fc6068d1e43be3ebc4c7461cb0c8fcc599a23967b0bc44
08:52:30     STOCK_FILE pri podjetju 3: se ni na vrsti po razporedu; preskoceno.
08:52:31     Prebranih zapisov: 2763; SHA-256: 5428f53533d0710f56fc6068d1e43be3ebc4c7461cb0c8fcc599a23967b0bc44
08:52:31     STOCK_FILE pri podjetju 4: se ni na vrsti po razporedu; preskoceno.
08:52:31     konec: Zaloga NW_STOCK
08:52:31  == Zaloga BT_STOCK ==
08:52:32     SOURCE_FETCH: se ni na vrsti po razporedu; preskoceno.
08:52:33     Prebranih zapisov: 1389; SHA-256: 87dc96ff135a90ff21281cf2e3d01cba9b89e36308560bfd15167c9a03d703ba
08:52:33     STOCK_FILE pri podjetju 1: se ni na vrsti po razporedu; preskoceno.
08:52:34     Prebranih zapisov: 1389; SHA-256: 87dc96ff135a90ff21281cf2e3d01cba9b89e36308560bfd15167c9a03d703ba
08:52:34     STOCK_FILE pri podjetju 2: se ni na vrsti po razporedu; preskoceno.
08:52:35     Prebranih zapisov: 1389; SHA-256: 87dc96ff135a90ff21281cf2e3d01cba9b89e36308560bfd15167c9a03d703ba
08:52:35     STOCK_FILE pri podjetju 3: se ni na vrsti po razporedu; preskoceno.
08:52:36     Prebranih zapisov: 1389; SHA-256: 87dc96ff135a90ff21281cf2e3d01cba9b89e36308560bfd15167c9a03d703ba
08:52:36     STOCK_FILE pri podjetju 4: se ni na vrsti po razporedu; preskoceno.
08:52:36     konec: Zaloga BT_STOCK
08:52:36  == Zaloga iz SAOP (kolicine) ==
08:52:37     [1] SAOP_STOCK: se ni na vrsti po razporedu; preskoceno.
08:52:37     [2] SAOP_STOCK: se ni na vrsti po razporedu; preskoceno.
08:52:37     [3] SAOP_STOCK: se ni na vrsti po razporedu; preskoceno.
08:52:37     [4] SAOP_STOCK: se ni na vrsti po razporedu; preskoceno.
08:52:37     konec: Zaloga iz SAOP (kolicine)
08:52:37  == Izvoz cen in zaloge za splet ==
08:52:39     Izvoz profila MAGENTO_STOCK_PRICES končan: 352 vrstic v C:\Users\david\Desktop\PIM\NoviPIM\izvoz\magento\1
08:52:42     Izvoz profila MAGENTO_STOCK_PRICES končan: 2071 vrstic v C:\Users\david\Desktop\PIM\NoviPIM\izvoz\magento\2
08:52:46     Izvoz profila MAGENTO_STOCK_PRICES končan: 2488 vrstic v C:\Users\david\Desktop\PIM\NoviPIM\izvoz\magento\3
08:52:47     Izvoz profila MAGENTO_STOCK_PRICES končan: 0 vrstic v C:\Users\david\Desktop\PIM\NoviPIM\izvoz\magento\4
08:52:47     konec: Izvoz cen in zaloge za splet
08:52:47  Zalogovni cikel koncan; padlih korakov: 0.
08:57:27  == Zaloga NW_STOCK ==
08:57:28     [NW_STOCK] preskoceno: Razmik dobavitelja se tece; naslednji prenos po 4. 09. 2026 09:07.
08:57:28     Prevzem koncan: uspesno 0, neuspesno 0, skupaj virov 1.
08:57:28     Prebranih zapisov: 2763; SHA-256: 5428f53533d0710f56fc6068d1e43be3ebc4c7461cb0c8fcc599a23967b0bc44
08:57:29     Ta posnetek je ze v bazi; vir=NW_STOCK, podjetje=1, cas posnetka=2026-09-04 05:07:28Z, uporabljenih=2763, v karanteni=0, RunId=d7dcb689-a2a4-45dc-80e9-1fd73613d935. Zapisano ni bilo nic.
08:57:29     Prebranih zapisov: 2763; SHA-256: 5428f53533d0710f56fc6068d1e43be3ebc4c7461cb0c8fcc599a23967b0bc44
08:57:30     Ta posnetek je ze v bazi; vir=NW_STOCK, podjetje=2, cas posnetka=2026-09-04 05:07:28Z, uporabljenih=2763, v karanteni=0, RunId=307ada21-5a68-4fcb-90b2-6c9e62da8422. Zapisano ni bilo nic.
08:57:30     Prebranih zapisov: 2763; SHA-256: 5428f53533d0710f56fc6068d1e43be3ebc4c7461cb0c8fcc599a23967b0bc44
08:57:31     Ta posnetek je ze v bazi; vir=NW_STOCK, podjetje=3, cas posnetka=2026-09-04 05:07:28Z, uporabljenih=2763, v karanteni=0, RunId=df9fb592-b786-4f06-a317-390de45785aa. Zapisano ni bilo nic.
08:57:31     Prebranih zapisov: 2763; SHA-256: 5428f53533d0710f56fc6068d1e43be3ebc4c7461cb0c8fcc599a23967b0bc44
08:57:32     Ta posnetek je ze v bazi; vir=NW_STOCK, podjetje=4, cas posnetka=2026-09-04 05:07:28Z, uporabljenih=2763, v karanteni=0, RunId=925ee6df-9a06-4706-8ff2-79a19652a2ae. Zapisano ni bilo nic.
08:57:32     konec: Zaloga NW_STOCK
08:57:32  == Zaloga BT_STOCK ==
08:57:33     SOURCE_FETCH: se ni na vrsti po razporedu; preskoceno.
08:57:33     Prebranih zapisov: 1389; SHA-256: 87dc96ff135a90ff21281cf2e3d01cba9b89e36308560bfd15167c9a03d703ba
08:57:34     STOCK_FILE pri podjetju 1: se ni na vrsti po razporedu; preskoceno.
08:57:34     Prebranih zapisov: 1389; SHA-256: 87dc96ff135a90ff21281cf2e3d01cba9b89e36308560bfd15167c9a03d703ba
08:57:35     STOCK_FILE pri podjetju 2: se ni na vrsti po razporedu; preskoceno.
08:57:35     Prebranih zapisov: 1389; SHA-256: 87dc96ff135a90ff21281cf2e3d01cba9b89e36308560bfd15167c9a03d703ba
08:57:36     STOCK_FILE pri podjetju 3: se ni na vrsti po razporedu; preskoceno.
08:57:36     Prebranih zapisov: 1389; SHA-256: 87dc96ff135a90ff21281cf2e3d01cba9b89e36308560bfd15167c9a03d703ba
08:57:37     STOCK_FILE pri podjetju 4: se ni na vrsti po razporedu; preskoceno.
08:57:37     konec: Zaloga BT_STOCK
08:57:37  == Zaloga iz SAOP (kolicine) ==
08:57:37     [1] SAOP_STOCK: se ni na vrsti po razporedu; preskoceno.
08:57:37     [2] SAOP_STOCK: se ni na vrsti po razporedu; preskoceno.
08:57:37     [3] SAOP_STOCK: se ni na vrsti po razporedu; preskoceno.
08:57:37     [4] SAOP_STOCK: se ni na vrsti po razporedu; preskoceno.
08:57:38     konec: Zaloga iz SAOP (kolicine)
08:57:38  == Izvoz cen in zaloge za splet ==
08:57:39     Izvoz profila MAGENTO_STOCK_PRICES končan: 352 vrstic v C:\Users\david\Desktop\PIM\NoviPIM\izvoz\magento\1
08:57:43     Izvoz profila MAGENTO_STOCK_PRICES končan: 2071 vrstic v C:\Users\david\Desktop\PIM\NoviPIM\izvoz\magento\2
08:57:46     Izvoz profila MAGENTO_STOCK_PRICES končan: 2488 vrstic v C:\Users\david\Desktop\PIM\NoviPIM\izvoz\magento\3
08:57:47     Izvoz profila MAGENTO_STOCK_PRICES končan: 0 vrstic v C:\Users\david\Desktop\PIM\NoviPIM\izvoz\magento\4
08:57:47     konec: Izvoz cen in zaloge za splet
08:57:47  Zalogovni cikel koncan; padlih korakov: 0.
09:02:27  == Zaloga NW_STOCK ==
09:02:28     SOURCE_FETCH: se ni na vrsti po razporedu; preskoceno.
09:02:28     Prebranih zapisov: 2763; SHA-256: 5428f53533d0710f56fc6068d1e43be3ebc4c7461cb0c8fcc599a23967b0bc44
09:02:28     STOCK_FILE pri podjetju 1: se ni na vrsti po razporedu; preskoceno.
09:02:29     Prebranih zapisov: 2763; SHA-256: 5428f53533d0710f56fc6068d1e43be3ebc4c7461cb0c8fcc599a23967b0bc44
09:02:29     STOCK_FILE pri podjetju 2: se ni na vrsti po razporedu; preskoceno.
09:02:30     Prebranih zapisov: 2763; SHA-256: 5428f53533d0710f56fc6068d1e43be3ebc4c7461cb0c8fcc599a23967b0bc44
09:02:30     STOCK_FILE pri podjetju 3: se ni na vrsti po razporedu; preskoceno.
09:02:31     Prebranih zapisov: 2763; SHA-256: 5428f53533d0710f56fc6068d1e43be3ebc4c7461cb0c8fcc599a23967b0bc44
09:02:31     STOCK_FILE pri podjetju 4: se ni na vrsti po razporedu; preskoceno.
09:02:31     konec: Zaloga NW_STOCK
09:02:31  == Zaloga BT_STOCK ==
09:02:32     [BT_STOCK] preskoceno: Razmik dobavitelja se tece; naslednji prenos po 4. 09. 2026 09:07.
09:02:32     Prevzem koncan: uspesno 0, neuspesno 0, skupaj virov 1.
09:02:33     Prebranih zapisov: 1389; SHA-256: 87dc96ff135a90ff21281cf2e3d01cba9b89e36308560bfd15167c9a03d703ba
09:02:33     Ta posnetek je ze v bazi; vir=BT_STOCK, podjetje=1, cas posnetka=2026-09-03 15:17:35Z, uporabljenih=1389, v karanteni=0, RunId=5e288d2d-98ef-40e1-b33c-663e6d513e74. Zapisano ni bilo nic.
09:02:34     Prebranih zapisov: 1389; SHA-256: 87dc96ff135a90ff21281cf2e3d01cba9b89e36308560bfd15167c9a03d703ba
09:02:34     Ta posnetek je ze v bazi; vir=BT_STOCK, podjetje=2, cas posnetka=2026-09-03 15:17:35Z, uporabljenih=1389, v karanteni=0, RunId=3496c976-0c49-45c5-9f74-0ffd35e5d443. Zapisano ni bilo nic.
09:02:35     Prebranih zapisov: 1389; SHA-256: 87dc96ff135a90ff21281cf2e3d01cba9b89e36308560bfd15167c9a03d703ba
09:02:36     Ta posnetek je ze v bazi; vir=BT_STOCK, podjetje=3, cas posnetka=2026-09-03 15:17:35Z, uporabljenih=1389, v karanteni=0, RunId=3dd9ac1c-09dd-4827-b930-eb014cdb2746. Zapisano ni bilo nic.
09:02:36     Prebranih zapisov: 1389; SHA-256: 87dc96ff135a90ff21281cf2e3d01cba9b89e36308560bfd15167c9a03d703ba
09:02:37     Ta posnetek je ze v bazi; vir=BT_STOCK, podjetje=4, cas posnetka=2026-09-03 15:17:35Z, uporabljenih=1389, v karanteni=0, RunId=bec7f147-9b63-48d7-a0cc-8df0cb029c6c. Zapisano ni bilo nic.
09:02:37     konec: Zaloga BT_STOCK
09:02:37  == Zaloga iz SAOP (kolicine) ==
09:02:38     [1] SAOP_STOCK: se ni na vrsti po razporedu; preskoceno.
09:02:38     [2] SAOP_STOCK: se ni na vrsti po razporedu; preskoceno.
09:02:38     [3] SAOP_STOCK: se ni na vrsti po razporedu; preskoceno.
09:02:38     [4] SAOP_STOCK: se ni na vrsti po razporedu; preskoceno.
09:02:38     konec: Zaloga iz SAOP (kolicine)
09:02:38  == Izvoz cen in zaloge za splet ==
09:02:39     Izvoz profila MAGENTO_STOCK_PRICES končan: 352 vrstic v C:\Users\david\Desktop\PIM\NoviPIM\izvoz\magento\1
09:02:43     Izvoz profila MAGENTO_STOCK_PRICES končan: 2071 vrstic v C:\Users\david\Desktop\PIM\NoviPIM\izvoz\magento\2
09:02:46     Izvoz profila MAGENTO_STOCK_PRICES končan: 2488 vrstic v C:\Users\david\Desktop\PIM\NoviPIM\izvoz\magento\3
09:02:48     Izvoz profila MAGENTO_STOCK_PRICES končan: 0 vrstic v C:\Users\david\Desktop\PIM\NoviPIM\izvoz\magento\4
09:02:48     konec: Izvoz cen in zaloge za splet
09:02:48  Zalogovni cikel koncan; padlih korakov: 0.
09:07:27  == Zaloga NW_STOCK ==
09:07:28     SOURCE_FETCH: se ni na vrsti po razporedu; preskoceno.
09:07:28     Prebranih zapisov: 2763; SHA-256: 5428f53533d0710f56fc6068d1e43be3ebc4c7461cb0c8fcc599a23967b0bc44
09:07:28     STOCK_FILE pri podjetju 1: se ni na vrsti po razporedu; preskoceno.
09:07:29     Prebranih zapisov: 2763; SHA-256: 5428f53533d0710f56fc6068d1e43be3ebc4c7461cb0c8fcc599a23967b0bc44
09:07:29     STOCK_FILE pri podjetju 2: se ni na vrsti po razporedu; preskoceno.
09:07:30     Prebranih zapisov: 2763; SHA-256: 5428f53533d0710f56fc6068d1e43be3ebc4c7461cb0c8fcc599a23967b0bc44
09:07:30     STOCK_FILE pri podjetju 3: se ni na vrsti po razporedu; preskoceno.
09:07:31     Prebranih zapisov: 2763; SHA-256: 5428f53533d0710f56fc6068d1e43be3ebc4c7461cb0c8fcc599a23967b0bc44
09:07:31     STOCK_FILE pri podjetju 4: se ni na vrsti po razporedu; preskoceno.
09:07:31     konec: Zaloga NW_STOCK
09:07:31  == Zaloga BT_STOCK ==
09:07:32     [BT_STOCK] preskoceno: Razmik dobavitelja se tece; naslednji prenos po 4. 09. 2026 09:07.
09:07:32     Prevzem koncan: uspesno 0, neuspesno 0, skupaj virov 1.
09:07:33     Prebranih zapisov: 1389; SHA-256: 87dc96ff135a90ff21281cf2e3d01cba9b89e36308560bfd15167c9a03d703ba
09:07:34     Ta posnetek je ze v bazi; vir=BT_STOCK, podjetje=1, cas posnetka=2026-09-03 15:17:35Z, uporabljenih=1389, v karanteni=0, RunId=5e288d2d-98ef-40e1-b33c-663e6d513e74. Zapisano ni bilo nic.
09:07:34     Prebranih zapisov: 1389; SHA-256: 87dc96ff135a90ff21281cf2e3d01cba9b89e36308560bfd15167c9a03d703ba
09:07:35     Ta posnetek je ze v bazi; vir=BT_STOCK, podjetje=2, cas posnetka=2026-09-03 15:17:35Z, uporabljenih=1389, v karanteni=0, RunId=3496c976-0c49-45c5-9f74-0ffd35e5d443. Zapisano ni bilo nic.
09:07:35     Prebranih zapisov: 1389; SHA-256: 87dc96ff135a90ff21281cf2e3d01cba9b89e36308560bfd15167c9a03d703ba
09:07:36     Ta posnetek je ze v bazi; vir=BT_STOCK, podjetje=3, cas posnetka=2026-09-03 15:17:35Z, uporabljenih=1389, v karanteni=0, RunId=3dd9ac1c-09dd-4827-b930-eb014cdb2746. Zapisano ni bilo nic.
09:07:36     Prebranih zapisov: 1389; SHA-256: 87dc96ff135a90ff21281cf2e3d01cba9b89e36308560bfd15167c9a03d703ba
09:07:37     Ta posnetek je ze v bazi; vir=BT_STOCK, podjetje=4, cas posnetka=2026-09-03 15:17:35Z, uporabljenih=1389, v karanteni=0, RunId=bec7f147-9b63-48d7-a0cc-8df0cb029c6c. Zapisano ni bilo nic.
09:07:37     konec: Zaloga BT_STOCK
09:07:37  == Zaloga iz SAOP (kolicine) ==
09:07:38     [1] SAOP_STOCK: se ni na vrsti po razporedu; preskoceno.
09:07:38     [2] SAOP_STOCK: se ni na vrsti po razporedu; preskoceno.
09:07:38     [3] SAOP_STOCK: se ni na vrsti po razporedu; preskoceno.
09:07:38     [4] SAOP_STOCK: se ni na vrsti po razporedu; preskoceno.
09:07:38     konec: Zaloga iz SAOP (kolicine)
09:07:38  == Izvoz cen in zaloge za splet ==
09:07:39     Izvoz profila MAGENTO_STOCK_PRICES končan: 352 vrstic v C:\Users\david\Desktop\PIM\NoviPIM\izvoz\magento\1
09:07:43     Izvoz profila MAGENTO_STOCK_PRICES končan: 2071 vrstic v C:\Users\david\Desktop\PIM\NoviPIM\izvoz\magento\2
09:07:47     Izvoz profila MAGENTO_STOCK_PRICES končan: 2488 vrstic v C:\Users\david\Desktop\PIM\NoviPIM\izvoz\magento\3
09:07:48     Izvoz profila MAGENTO_STOCK_PRICES končan: 0 vrstic v C:\Users\david\Desktop\PIM\NoviPIM\izvoz\magento\4
09:07:48     konec: Izvoz cen in zaloge za splet
09:07:48  Zalogovni cikel koncan; padlih korakov: 0.
09:12:27  == Zaloga NW_STOCK ==
09:12:28     SOURCE_FETCH: se ni na vrsti po razporedu; preskoceno.
09:12:28     Prebranih zapisov: 2763; SHA-256: 5428f53533d0710f56fc6068d1e43be3ebc4c7461cb0c8fcc599a23967b0bc44
09:12:28     STOCK_FILE pri podjetju 1: se ni na vrsti po razporedu; preskoceno.
09:12:29     Prebranih zapisov: 2763; SHA-256: 5428f53533d0710f56fc6068d1e43be3ebc4c7461cb0c8fcc599a23967b0bc44
09:12:29     STOCK_FILE pri podjetju 2: se ni na vrsti po razporedu; preskoceno.
09:12:30     Prebranih zapisov: 2763; SHA-256: 5428f53533d0710f56fc6068d1e43be3ebc4c7461cb0c8fcc599a23967b0bc44
09:12:30     STOCK_FILE pri podjetju 3: se ni na vrsti po razporedu; preskoceno.
09:12:31     Prebranih zapisov: 2763; SHA-256: 5428f53533d0710f56fc6068d1e43be3ebc4c7461cb0c8fcc599a23967b0bc44
09:12:31     STOCK_FILE pri podjetju 4: se ni na vrsti po razporedu; preskoceno.
09:12:31     konec: Zaloga NW_STOCK
09:12:31  == Zaloga BT_STOCK ==
09:12:32     SOURCE_FETCH: se ni na vrsti po razporedu; preskoceno.
09:12:33     Prebranih zapisov: 1389; SHA-256: 87dc96ff135a90ff21281cf2e3d01cba9b89e36308560bfd15167c9a03d703ba
09:12:33     STOCK_FILE pri podjetju 1: se ni na vrsti po razporedu; preskoceno.
09:12:34     Prebranih zapisov: 1389; SHA-256: 87dc96ff135a90ff21281cf2e3d01cba9b89e36308560bfd15167c9a03d703ba
09:12:34     STOCK_FILE pri podjetju 2: se ni na vrsti po razporedu; preskoceno.
09:12:35     Prebranih zapisov: 1389; SHA-256: 87dc96ff135a90ff21281cf2e3d01cba9b89e36308560bfd15167c9a03d703ba
09:12:35     STOCK_FILE pri podjetju 3: se ni na vrsti po razporedu; preskoceno.
09:12:36     Prebranih zapisov: 1389; SHA-256: 87dc96ff135a90ff21281cf2e3d01cba9b89e36308560bfd15167c9a03d703ba
09:12:36     STOCK_FILE pri podjetju 4: se ni na vrsti po razporedu; preskoceno.
09:12:36     konec: Zaloga BT_STOCK
09:12:36  == Zaloga iz SAOP (kolicine) ==
09:12:37     [1] SAOP_STOCK: se ni na vrsti po razporedu; preskoceno.
09:12:37     [2] SAOP_STOCK: se ni na vrsti po razporedu; preskoceno.
09:12:37     [3] SAOP_STOCK: se ni na vrsti po razporedu; preskoceno.
09:12:37     [4] SAOP_STOCK: se ni na vrsti po razporedu; preskoceno.
09:12:37     konec: Zaloga iz SAOP (kolicine)
09:12:37  == Izvoz cen in zaloge za splet ==
09:12:39     Izvoz profila MAGENTO_STOCK_PRICES končan: 352 vrstic v C:\Users\david\Desktop\PIM\NoviPIM\izvoz\magento\1
09:12:42     Izvoz profila MAGENTO_STOCK_PRICES končan: 2071 vrstic v C:\Users\david\Desktop\PIM\NoviPIM\izvoz\magento\2
09:12:46     Izvoz profila MAGENTO_STOCK_PRICES končan: 2488 vrstic v C:\Users\david\Desktop\PIM\NoviPIM\izvoz\magento\3
09:12:47     Izvoz profila MAGENTO_STOCK_PRICES končan: 0 vrstic v C:\Users\david\Desktop\PIM\NoviPIM\izvoz\magento\4
09:12:47     konec: Izvoz cen in zaloge za splet
09:12:47  Zalogovni cikel koncan; padlih korakov: 0.
09:17:27  == Zaloga NW_STOCK ==
09:17:29     [NW_STOCK] prevzeto 87.484 bajtov -> C:\Users\david\Desktop\PIM\NoviPIM\PIM_Solution\data\prevzem\NW_STOCK\nw-zaloga.csv
09:17:29     Prevzem koncan: uspesno 1, neuspesno 0, skupaj virov 1.
09:17:30     Prebranih zapisov: 2763; SHA-256: 30877b5630abf2a21129403c95ce14ed990ecf76c1a2c101841b52c4357fd8b1
09:17:31     Zaloga zapisana; vir=NW_STOCK, podjetje=1, uporabljenih=2763, v karanteni=0, RunId=1cbe70d9-5586-4377-8b8f-467aa217838b.
09:17:32     Prebranih zapisov: 2763; SHA-256: 30877b5630abf2a21129403c95ce14ed990ecf76c1a2c101841b52c4357fd8b1
09:17:33     Zaloga zapisana; vir=NW_STOCK, podjetje=2, uporabljenih=2763, v karanteni=0, RunId=d7e432fc-25c9-4298-8b66-8d0c079ca57b.
09:17:34     Prebranih zapisov: 2763; SHA-256: 30877b5630abf2a21129403c95ce14ed990ecf76c1a2c101841b52c4357fd8b1
09:17:35     Zaloga zapisana; vir=NW_STOCK, podjetje=3, uporabljenih=2763, v karanteni=0, RunId=88dca92b-d380-4fcb-8015-e7fef1c29f29.
09:17:36     Prebranih zapisov: 2763; SHA-256: 30877b5630abf2a21129403c95ce14ed990ecf76c1a2c101841b52c4357fd8b1
09:17:38     Zaloga zapisana; vir=NW_STOCK, podjetje=4, uporabljenih=2763, v karanteni=0, RunId=18256a20-8338-4b54-8ac9-5ba13a719185.
09:17:38     konec: Zaloga NW_STOCK
09:17:38  == Zaloga BT_STOCK ==
09:17:39     SOURCE_FETCH: se ni na vrsti po razporedu; preskoceno.
09:17:39     Prebranih zapisov: 1389; SHA-256: 87dc96ff135a90ff21281cf2e3d01cba9b89e36308560bfd15167c9a03d703ba
09:17:40     STOCK_FILE pri podjetju 1: se ni na vrsti po razporedu; preskoceno.
09:17:40     Prebranih zapisov: 1389; SHA-256: 87dc96ff135a90ff21281cf2e3d01cba9b89e36308560bfd15167c9a03d703ba
09:17:40     STOCK_FILE pri podjetju 2: se ni na vrsti po razporedu; preskoceno.
09:17:41     Prebranih zapisov: 1389; SHA-256: 87dc96ff135a90ff21281cf2e3d01cba9b89e36308560bfd15167c9a03d703ba
09:17:41     STOCK_FILE pri podjetju 3: se ni na vrsti po razporedu; preskoceno.
09:17:42     Prebranih zapisov: 1389; SHA-256: 87dc96ff135a90ff21281cf2e3d01cba9b89e36308560bfd15167c9a03d703ba
09:17:42     STOCK_FILE pri podjetju 4: se ni na vrsti po razporedu; preskoceno.
09:17:42     konec: Zaloga BT_STOCK
09:17:42  == Zaloga iz SAOP (kolicine) ==
09:17:43     [1] SAOP_STOCK: se ni na vrsti po razporedu; preskoceno.
09:17:43     [2] SAOP_STOCK: se ni na vrsti po razporedu; preskoceno.
09:17:43     [3] SAOP_STOCK: se ni na vrsti po razporedu; preskoceno.
09:17:43     [4] SAOP_STOCK: se ni na vrsti po razporedu; preskoceno.
09:17:43     konec: Zaloga iz SAOP (kolicine)
09:17:43  == Izvoz cen in zaloge za splet ==
09:17:45     Izvoz profila MAGENTO_STOCK_PRICES končan: 352 vrstic v C:\Users\david\Desktop\PIM\NoviPIM\izvoz\magento\1
09:17:49     Izvoz profila MAGENTO_STOCK_PRICES končan: 2071 vrstic v C:\Users\david\Desktop\PIM\NoviPIM\izvoz\magento\2
09:17:53     Izvoz profila MAGENTO_STOCK_PRICES končan: 2488 vrstic v C:\Users\david\Desktop\PIM\NoviPIM\izvoz\magento\3
09:17:54     Izvoz profila MAGENTO_STOCK_PRICES končan: 0 vrstic v C:\Users\david\Desktop\PIM\NoviPIM\izvoz\magento\4
09:17:54     konec: Izvoz cen in zaloge za splet
09:17:54  Zalogovni cikel koncan; padlih korakov: 0.
09:22:27  == Zaloga NW_STOCK ==
09:22:28     SOURCE_FETCH: se ni na vrsti po razporedu; preskoceno.
09:22:28     Prebranih zapisov: 2763; SHA-256: 30877b5630abf2a21129403c95ce14ed990ecf76c1a2c101841b52c4357fd8b1
09:22:29     STOCK_FILE pri podjetju 1: se ni na vrsti po razporedu; preskoceno.
09:22:29     Prebranih zapisov: 2763; SHA-256: 30877b5630abf2a21129403c95ce14ed990ecf76c1a2c101841b52c4357fd8b1
09:22:29     STOCK_FILE pri podjetju 2: se ni na vrsti po razporedu; preskoceno.
09:22:30     Prebranih zapisov: 2763; SHA-256: 30877b5630abf2a21129403c95ce14ed990ecf76c1a2c101841b52c4357fd8b1
09:22:30     STOCK_FILE pri podjetju 3: se ni na vrsti po razporedu; preskoceno.
09:22:31     Prebranih zapisov: 2763; SHA-256: 30877b5630abf2a21129403c95ce14ed990ecf76c1a2c101841b52c4357fd8b1
09:22:31     STOCK_FILE pri podjetju 4: se ni na vrsti po razporedu; preskoceno.
09:22:31     konec: Zaloga NW_STOCK
09:22:31  == Zaloga BT_STOCK ==
09:22:34     [BT_STOCK] prevzeto 1.588.115 bajtov -> C:\Users\david\Desktop\PIM\NoviPIM\PIM_Solution\data\prevzem\BT_STOCK\braytron-zaloga.xml
09:22:34     Prevzem koncan: uspesno 1, neuspesno 0, skupaj virov 1.
09:22:35     Prebranih zapisov: 1389; SHA-256: e375c736f43e1da4c901bd138af09a23ddbcad82ef8f971e39c98b41293df126
09:22:37     Zaloga zapisana; vir=BT_STOCK, podjetje=1, uporabljenih=1389, v karanteni=0, RunId=c01771dc-357f-4a28-8f7d-f535a3d075ed.
09:22:38     Prebranih zapisov: 1389; SHA-256: e375c736f43e1da4c901bd138af09a23ddbcad82ef8f971e39c98b41293df126
09:22:39     Zaloga zapisana; vir=BT_STOCK, podjetje=2, uporabljenih=1389, v karanteni=0, RunId=75524a0a-1a23-402f-8bb1-afa0910b31c8.
09:22:40     Prebranih zapisov: 1389; SHA-256: e375c736f43e1da4c901bd138af09a23ddbcad82ef8f971e39c98b41293df126
09:22:41     Zaloga zapisana; vir=BT_STOCK, podjetje=3, uporabljenih=1389, v karanteni=0, RunId=fc90fa6d-6afd-41c8-a348-4a9c1170dea6.
09:22:41     Prebranih zapisov: 1389; SHA-256: e375c736f43e1da4c901bd138af09a23ddbcad82ef8f971e39c98b41293df126
09:22:42     Zaloga zapisana; vir=BT_STOCK, podjetje=4, uporabljenih=1389, v karanteni=0, RunId=9f07fcaf-5204-49d7-badc-55e30335d6f3.
09:22:42     konec: Zaloga BT_STOCK
09:22:42  == Zaloga iz SAOP (kolicine) ==
09:22:43     [1] SAOP_STOCK: se ni na vrsti po razporedu; preskoceno.
09:22:43     [2] SAOP_STOCK: se ni na vrsti po razporedu; preskoceno.
09:22:43     [3] SAOP_STOCK: se ni na vrsti po razporedu; preskoceno.
09:22:43     [4] SAOP_STOCK: se ni na vrsti po razporedu; preskoceno.
09:22:43     konec: Zaloga iz SAOP (kolicine)
09:22:43  == Izvoz cen in zaloge za splet ==
09:22:45     Izvoz profila MAGENTO_STOCK_PRICES končan: 352 vrstic v C:\Users\david\Desktop\PIM\NoviPIM\izvoz\magento\1
09:22:48     Izvoz profila MAGENTO_STOCK_PRICES končan: 2071 vrstic v C:\Users\david\Desktop\PIM\NoviPIM\izvoz\magento\2
09:22:52     Izvoz profila MAGENTO_STOCK_PRICES končan: 2488 vrstic v C:\Users\david\Desktop\PIM\NoviPIM\izvoz\magento\3
09:22:53     Izvoz profila MAGENTO_STOCK_PRICES končan: 0 vrstic v C:\Users\david\Desktop\PIM\NoviPIM\izvoz\magento\4
09:22:53     konec: Izvoz cen in zaloge za splet
09:22:53  Zalogovni cikel koncan; padlih korakov: 0.
09:27:27  == Zaloga NW_STOCK ==
09:27:28     SOURCE_FETCH: se ni na vrsti po razporedu; preskoceno.
09:27:28     Prebranih zapisov: 2763; SHA-256: 30877b5630abf2a21129403c95ce14ed990ecf76c1a2c101841b52c4357fd8b1
09:27:28     STOCK_FILE pri podjetju 1: se ni na vrsti po razporedu; preskoceno.
09:27:29     Prebranih zapisov: 2763; SHA-256: 30877b5630abf2a21129403c95ce14ed990ecf76c1a2c101841b52c4357fd8b1
09:27:29     STOCK_FILE pri podjetju 2: se ni na vrsti po razporedu; preskoceno.
09:27:30     Prebranih zapisov: 2763; SHA-256: 30877b5630abf2a21129403c95ce14ed990ecf76c1a2c101841b52c4357fd8b1
09:27:30     STOCK_FILE pri podjetju 3: se ni na vrsti po razporedu; preskoceno.
09:27:31     Prebranih zapisov: 2763; SHA-256: 30877b5630abf2a21129403c95ce14ed990ecf76c1a2c101841b52c4357fd8b1
09:27:31     STOCK_FILE pri podjetju 4: se ni na vrsti po razporedu; preskoceno.
09:27:31     konec: Zaloga NW_STOCK
09:27:31  == Zaloga BT_STOCK ==
09:27:32     SOURCE_FETCH: se ni na vrsti po razporedu; preskoceno.
09:27:33     Prebranih zapisov: 1389; SHA-256: e375c736f43e1da4c901bd138af09a23ddbcad82ef8f971e39c98b41293df126
09:27:33     STOCK_FILE pri podjetju 1: se ni na vrsti po razporedu; preskoceno.
09:27:34     Prebranih zapisov: 1389; SHA-256: e375c736f43e1da4c901bd138af09a23ddbcad82ef8f971e39c98b41293df126
09:27:34     STOCK_FILE pri podjetju 2: se ni na vrsti po razporedu; preskoceno.
09:27:35     Prebranih zapisov: 1389; SHA-256: e375c736f43e1da4c901bd138af09a23ddbcad82ef8f971e39c98b41293df126
09:27:35     STOCK_FILE pri podjetju 3: se ni na vrsti po razporedu; preskoceno.
09:27:36     Prebranih zapisov: 1389; SHA-256: e375c736f43e1da4c901bd138af09a23ddbcad82ef8f971e39c98b41293df126
09:27:37     STOCK_FILE pri podjetju 4: se ni na vrsti po razporedu; preskoceno.
09:27:37     konec: Zaloga BT_STOCK
09:27:37  == Zaloga iz SAOP (kolicine) ==
09:27:38     [1] SAOP_STOCK: se ni na vrsti po razporedu; preskoceno.
09:27:38     [2] SAOP_STOCK: se ni na vrsti po razporedu; preskoceno.
09:27:38     [3] SAOP_STOCK: se ni na vrsti po razporedu; preskoceno.
09:27:38     [4] SAOP_STOCK: se ni na vrsti po razporedu; preskoceno.
09:27:38     konec: Zaloga iz SAOP (kolicine)
09:27:38  == Izvoz cen in zaloge za splet ==
09:27:40     Izvoz profila MAGENTO_STOCK_PRICES končan: 352 vrstic v C:\Users\david\Desktop\PIM\NoviPIM\izvoz\magento\1
09:27:43     Izvoz profila MAGENTO_STOCK_PRICES končan: 2071 vrstic v C:\Users\david\Desktop\PIM\NoviPIM\izvoz\magento\2
09:27:47     Izvoz profila MAGENTO_STOCK_PRICES končan: 2488 vrstic v C:\Users\david\Desktop\PIM\NoviPIM\izvoz\magento\3
09:27:48     Izvoz profila MAGENTO_STOCK_PRICES končan: 0 vrstic v C:\Users\david\Desktop\PIM\NoviPIM\izvoz\magento\4
09:27:48     konec: Izvoz cen in zaloge za splet
09:27:48  Zalogovni cikel koncan; padlih korakov: 0.
09:32:27  == Zaloga NW_STOCK ==
09:32:28     [NW_STOCK] preskoceno: Razmik dobavitelja se tece; naslednji prenos po 4. 09. 2026 11:17.
09:32:28     Prevzem koncan: uspesno 0, neuspesno 0, skupaj virov 1.
09:32:28     Prebranih zapisov: 2763; SHA-256: 30877b5630abf2a21129403c95ce14ed990ecf76c1a2c101841b52c4357fd8b1
09:32:30     Ta posnetek je ze v bazi; vir=NW_STOCK, podjetje=1, cas posnetka=2026-09-04 07:17:29Z, uporabljenih=2763, v karanteni=0, RunId=1cbe70d9-5586-4377-8b8f-467aa217838b. Zapisano ni bilo nic.
09:32:30     Prebranih zapisov: 2763; SHA-256: 30877b5630abf2a21129403c95ce14ed990ecf76c1a2c101841b52c4357fd8b1
09:32:31     Ta posnetek je ze v bazi; vir=NW_STOCK, podjetje=2, cas posnetka=2026-09-04 07:17:29Z, uporabljenih=2763, v karanteni=0, RunId=d7e432fc-25c9-4298-8b66-8d0c079ca57b. Zapisano ni bilo nic.
09:32:31     Prebranih zapisov: 2763; SHA-256: 30877b5630abf2a21129403c95ce14ed990ecf76c1a2c101841b52c4357fd8b1
09:32:32     Ta posnetek je ze v bazi; vir=NW_STOCK, podjetje=3, cas posnetka=2026-09-04 07:17:29Z, uporabljenih=2763, v karanteni=0, RunId=88dca92b-d380-4fcb-8015-e7fef1c29f29. Zapisano ni bilo nic.
09:32:32     Prebranih zapisov: 2763; SHA-256: 30877b5630abf2a21129403c95ce14ed990ecf76c1a2c101841b52c4357fd8b1
09:32:33     Ta posnetek je ze v bazi; vir=NW_STOCK, podjetje=4, cas posnetka=2026-09-04 07:17:29Z, uporabljenih=2763, v karanteni=0, RunId=18256a20-8338-4b54-8ac9-5ba13a719185. Zapisano ni bilo nic.
09:32:33     konec: Zaloga NW_STOCK
09:32:33  == Zaloga BT_STOCK ==
09:32:34     SOURCE_FETCH: se ni na vrsti po razporedu; preskoceno.
09:32:34     Prebranih zapisov: 1389; SHA-256: e375c736f43e1da4c901bd138af09a23ddbcad82ef8f971e39c98b41293df126
09:32:35     STOCK_FILE pri podjetju 1: se ni na vrsti po razporedu; preskoceno.
09:32:35     Prebranih zapisov: 1389; SHA-256: e375c736f43e1da4c901bd138af09a23ddbcad82ef8f971e39c98b41293df126
09:32:36     STOCK_FILE pri podjetju 2: se ni na vrsti po razporedu; preskoceno.
09:32:36     Prebranih zapisov: 1389; SHA-256: e375c736f43e1da4c901bd138af09a23ddbcad82ef8f971e39c98b41293df126
09:32:37     STOCK_FILE pri podjetju 3: se ni na vrsti po razporedu; preskoceno.
09:32:37     Prebranih zapisov: 1389; SHA-256: e375c736f43e1da4c901bd138af09a23ddbcad82ef8f971e39c98b41293df126
09:32:38     STOCK_FILE pri podjetju 4: se ni na vrsti po razporedu; preskoceno.
09:32:38     konec: Zaloga BT_STOCK
09:32:38  == Zaloga iz SAOP (kolicine) ==
09:32:38     [1] SAOP_STOCK: se ni na vrsti po razporedu; preskoceno.
09:32:38     [2] SAOP_STOCK: se ni na vrsti po razporedu; preskoceno.
09:32:38     [3] SAOP_STOCK: se ni na vrsti po razporedu; preskoceno.
09:32:38     [4] SAOP_STOCK: se ni na vrsti po razporedu; preskoceno.
09:32:39     konec: Zaloga iz SAOP (kolicine)
09:32:39  == Izvoz cen in zaloge za splet ==
09:32:40     Izvoz profila MAGENTO_STOCK_PRICES končan: 352 vrstic v C:\Users\david\Desktop\PIM\NoviPIM\izvoz\magento\1
09:32:44     Izvoz profila MAGENTO_STOCK_PRICES končan: 2071 vrstic v C:\Users\david\Desktop\PIM\NoviPIM\izvoz\magento\2
09:32:47     Izvoz profila MAGENTO_STOCK_PRICES končan: 2488 vrstic v C:\Users\david\Desktop\PIM\NoviPIM\izvoz\magento\3
09:32:48     Izvoz profila MAGENTO_STOCK_PRICES končan: 0 vrstic v C:\Users\david\Desktop\PIM\NoviPIM\izvoz\magento\4
09:32:48     konec: Izvoz cen in zaloge za splet
09:32:48  Zalogovni cikel koncan; padlih korakov: 0.
09:37:27  == Zaloga NW_STOCK ==
09:37:28     SOURCE_FETCH: se ni na vrsti po razporedu; preskoceno.
09:37:28     Prebranih zapisov: 2763; SHA-256: 30877b5630abf2a21129403c95ce14ed990ecf76c1a2c101841b52c4357fd8b1
09:37:29     STOCK_FILE pri podjetju 1: se ni na vrsti po razporedu; preskoceno.
09:37:29     Prebranih zapisov: 2763; SHA-256: 30877b5630abf2a21129403c95ce14ed990ecf76c1a2c101841b52c4357fd8b1
09:37:29     STOCK_FILE pri podjetju 2: se ni na vrsti po razporedu; preskoceno.
09:37:30     Prebranih zapisov: 2763; SHA-256: 30877b5630abf2a21129403c95ce14ed990ecf76c1a2c101841b52c4357fd8b1
09:37:30     STOCK_FILE pri podjetju 3: se ni na vrsti po razporedu; preskoceno.
09:37:31     Prebranih zapisov: 2763; SHA-256: 30877b5630abf2a21129403c95ce14ed990ecf76c1a2c101841b52c4357fd8b1
09:37:31     STOCK_FILE pri podjetju 4: se ni na vrsti po razporedu; preskoceno.
09:37:31     konec: Zaloga NW_STOCK
09:37:31  == Zaloga BT_STOCK ==
09:37:32     [BT_STOCK] preskoceno: Razmik dobavitelja se tece; naslednji prenos po 4. 09. 2026 12:22.
09:37:32     Prevzem koncan: uspesno 0, neuspesno 0, skupaj virov 1.
09:37:33     Prebranih zapisov: 1389; SHA-256: e375c736f43e1da4c901bd138af09a23ddbcad82ef8f971e39c98b41293df126
09:37:34     Ta posnetek je ze v bazi; vir=BT_STOCK, podjetje=1, cas posnetka=2026-09-04 07:22:34Z, uporabljenih=1389, v karanteni=0, RunId=c01771dc-357f-4a28-8f7d-f535a3d075ed. Zapisano ni bilo nic.
09:37:34     Prebranih zapisov: 1389; SHA-256: e375c736f43e1da4c901bd138af09a23ddbcad82ef8f971e39c98b41293df126
09:37:35     Ta posnetek je ze v bazi; vir=BT_STOCK, podjetje=2, cas posnetka=2026-09-04 07:22:34Z, uporabljenih=1389, v karanteni=0, RunId=75524a0a-1a23-402f-8bb1-afa0910b31c8. Zapisano ni bilo nic.
09:37:35     Prebranih zapisov: 1389; SHA-256: e375c736f43e1da4c901bd138af09a23ddbcad82ef8f971e39c98b41293df126
09:37:36     Ta posnetek je ze v bazi; vir=BT_STOCK, podjetje=3, cas posnetka=2026-09-04 07:22:34Z, uporabljenih=1389, v karanteni=0, RunId=fc90fa6d-6afd-41c8-a348-4a9c1170dea6. Zapisano ni bilo nic.
09:37:36     Prebranih zapisov: 1389; SHA-256: e375c736f43e1da4c901bd138af09a23ddbcad82ef8f971e39c98b41293df126
09:37:37     Ta posnetek je ze v bazi; vir=BT_STOCK, podjetje=4, cas posnetka=2026-09-04 07:22:34Z, uporabljenih=1389, v karanteni=0, RunId=9f07fcaf-5204-49d7-badc-55e30335d6f3. Zapisano ni bilo nic.
09:37:37     konec: Zaloga BT_STOCK
09:37:37  == Zaloga iz SAOP (kolicine) ==
09:37:59     STDERR: [1] NAPAKA: A connection attempt failed because the connected party did not properly respond after a period of time, or established connection failed because connected host has failed to respond. (192.168.178.12:81)
09:38:20     STDERR: [2] NAPAKA: A connection attempt failed because the connected party did not properly respond after a period of time, or established connection failed because connected host has failed to respond. (192.168.178.12:81)
09:38:41     STDERR: [3] NAPAKA: A connection attempt failed because the connected party did not properly respond after a period of time, or established connection failed because connected host has failed to respond. (192.168.178.12:81)
09:39:02     STDERR: [4] NAPAKA: A connection attempt failed because the connected party did not properly respond after a period of time, or established connection failed because connected host has failed to respond. (192.168.178.12:81)
09:39:02     NAPAKA: worker workers\PIM.SaopStockWorker je koncal z izhodno kodo 1
09:39:02  == Izvoz cen in zaloge za splet ==
09:39:04     Izvoz profila MAGENTO_STOCK_PRICES končan: 352 vrstic v C:\Users\david\Desktop\PIM\NoviPIM\izvoz\magento\1
09:39:07     Izvoz profila MAGENTO_STOCK_PRICES končan: 2071 vrstic v C:\Users\david\Desktop\PIM\NoviPIM\izvoz\magento\2
09:39:11     Izvoz profila MAGENTO_STOCK_PRICES končan: 2488 vrstic v C:\Users\david\Desktop\PIM\NoviPIM\izvoz\magento\3
09:39:12     Izvoz profila MAGENTO_STOCK_PRICES končan: 0 vrstic v C:\Users\david\Desktop\PIM\NoviPIM\izvoz\magento\4
09:39:12     konec: Izvoz cen in zaloge za splet
09:39:12  Zalogovni cikel koncan; padlih korakov: 1.
09:42:27  == Zaloga NW_STOCK ==
09:42:28     SOURCE_FETCH: se ni na vrsti po razporedu; preskoceno.
09:42:28     Prebranih zapisov: 2763; SHA-256: 30877b5630abf2a21129403c95ce14ed990ecf76c1a2c101841b52c4357fd8b1
09:42:29     STOCK_FILE pri podjetju 1: se ni na vrsti po razporedu; preskoceno.
09:42:29     Prebranih zapisov: 2763; SHA-256: 30877b5630abf2a21129403c95ce14ed990ecf76c1a2c101841b52c4357fd8b1
09:42:30     STOCK_FILE pri podjetju 2: se ni na vrsti po razporedu; preskoceno.
09:42:30     Prebranih zapisov: 2763; SHA-256: 30877b5630abf2a21129403c95ce14ed990ecf76c1a2c101841b52c4357fd8b1
09:42:31     STOCK_FILE pri podjetju 3: se ni na vrsti po razporedu; preskoceno.
09:42:31     Prebranih zapisov: 2763; SHA-256: 30877b5630abf2a21129403c95ce14ed990ecf76c1a2c101841b52c4357fd8b1
09:42:31     STOCK_FILE pri podjetju 4: se ni na vrsti po razporedu; preskoceno.
09:42:32     konec: Zaloga NW_STOCK
09:42:32  == Zaloga BT_STOCK ==
09:42:32     [BT_STOCK] preskoceno: Razmik dobavitelja se tece; naslednji prenos po 4. 09. 2026 12:22.
09:42:32     Prevzem koncan: uspesno 0, neuspesno 0, skupaj virov 1.
09:42:33     Prebranih zapisov: 1389; SHA-256: e375c736f43e1da4c901bd138af09a23ddbcad82ef8f971e39c98b41293df126
09:42:34     Ta posnetek je ze v bazi; vir=BT_STOCK, podjetje=1, cas posnetka=2026-09-04 07:22:34Z, uporabljenih=1389, v karanteni=0, RunId=c01771dc-357f-4a28-8f7d-f535a3d075ed. Zapisano ni bilo nic.
09:42:34     Prebranih zapisov: 1389; SHA-256: e375c736f43e1da4c901bd138af09a23ddbcad82ef8f971e39c98b41293df126
09:42:35     Ta posnetek je ze v bazi; vir=BT_STOCK, podjetje=2, cas posnetka=2026-09-04 07:22:34Z, uporabljenih=1389, v karanteni=0, RunId=75524a0a-1a23-402f-8bb1-afa0910b31c8. Zapisano ni bilo nic.
09:42:35     Prebranih zapisov: 1389; SHA-256: e375c736f43e1da4c901bd138af09a23ddbcad82ef8f971e39c98b41293df126
09:42:36     Ta posnetek je ze v bazi; vir=BT_STOCK, podjetje=3, cas posnetka=2026-09-04 07:22:34Z, uporabljenih=1389, v karanteni=0, RunId=fc90fa6d-6afd-41c8-a348-4a9c1170dea6. Zapisano ni bilo nic.
09:42:37     Prebranih zapisov: 1389; SHA-256: e375c736f43e1da4c901bd138af09a23ddbcad82ef8f971e39c98b41293df126
09:42:37     Ta posnetek je ze v bazi; vir=BT_STOCK, podjetje=4, cas posnetka=2026-09-04 07:22:34Z, uporabljenih=1389, v karanteni=0, RunId=9f07fcaf-5204-49d7-badc-55e30335d6f3. Zapisano ni bilo nic.
09:42:37     konec: Zaloga BT_STOCK
09:42:37  == Zaloga iz SAOP (kolicine) ==
09:42:59     STDERR: [1] NAPAKA: A connection attempt failed because the connected party did not properly respond after a period of time, or established connection failed because connected host has failed to respond. (192.168.178.12:81)
09:43:20     STDERR: [2] NAPAKA: A connection attempt failed because the connected party did not properly respond after a period of time, or established connection failed because connected host has failed to respond. (192.168.178.12:81)
09:43:41     STDERR: [3] NAPAKA: A connection attempt failed because the connected party did not properly respond after a period of time, or established connection failed because connected host has failed to respond. (192.168.178.12:81)
09:44:03     STDERR: [4] NAPAKA: A connection attempt failed because the connected party did not properly respond after a period of time, or established connection failed because connected host has failed to respond. (192.168.178.12:81)
09:44:03     NAPAKA: worker workers\PIM.SaopStockWorker je koncal z izhodno kodo 1
09:44:03  == Izvoz cen in zaloge za splet ==
09:44:04     Izvoz profila MAGENTO_STOCK_PRICES končan: 352 vrstic v C:\Users\david\Desktop\PIM\NoviPIM\izvoz\magento\1
09:44:08     Izvoz profila MAGENTO_STOCK_PRICES končan: 2071 vrstic v C:\Users\david\Desktop\PIM\NoviPIM\izvoz\magento\2
09:44:11     Izvoz profila MAGENTO_STOCK_PRICES končan: 2488 vrstic v C:\Users\david\Desktop\PIM\NoviPIM\izvoz\magento\3
09:44:13     Izvoz profila MAGENTO_STOCK_PRICES končan: 0 vrstic v C:\Users\david\Desktop\PIM\NoviPIM\izvoz\magento\4
09:44:13     konec: Izvoz cen in zaloge za splet
09:44:13  Zalogovni cikel koncan; padlih korakov: 1.
09:47:27  == Zaloga NW_STOCK ==
09:47:28     SOURCE_FETCH: se ni na vrsti po razporedu; preskoceno.
09:47:29     Prebranih zapisov: 2763; SHA-256: 30877b5630abf2a21129403c95ce14ed990ecf76c1a2c101841b52c4357fd8b1
09:47:30     STOCK_FILE pri podjetju 1: se ni na vrsti po razporedu; preskoceno.
09:47:31     Prebranih zapisov: 2763; SHA-256: 30877b5630abf2a21129403c95ce14ed990ecf76c1a2c101841b52c4357fd8b1
09:47:31     STOCK_FILE pri podjetju 2: se ni na vrsti po razporedu; preskoceno.
09:47:32     Prebranih zapisov: 2763; SHA-256: 30877b5630abf2a21129403c95ce14ed990ecf76c1a2c101841b52c4357fd8b1
09:47:32     STOCK_FILE pri podjetju 3: se ni na vrsti po razporedu; preskoceno.
09:47:33     Prebranih zapisov: 2763; SHA-256: 30877b5630abf2a21129403c95ce14ed990ecf76c1a2c101841b52c4357fd8b1
09:47:33     STOCK_FILE pri podjetju 4: se ni na vrsti po razporedu; preskoceno.
09:47:33     konec: Zaloga NW_STOCK
09:47:33  == Zaloga BT_STOCK ==
09:47:34     [BT_STOCK] preskoceno: Razmik dobavitelja se tece; naslednji prenos po 4. 09. 2026 12:22.
09:47:34     Prevzem koncan: uspesno 0, neuspesno 0, skupaj virov 1.
09:47:35     Prebranih zapisov: 1389; SHA-256: e375c736f43e1da4c901bd138af09a23ddbcad82ef8f971e39c98b41293df126
09:47:36     Ta posnetek je ze v bazi; vir=BT_STOCK, podjetje=1, cas posnetka=2026-09-04 07:22:34Z, uporabljenih=1389, v karanteni=0, RunId=c01771dc-357f-4a28-8f7d-f535a3d075ed. Zapisano ni bilo nic.
09:47:36     Prebranih zapisov: 1389; SHA-256: e375c736f43e1da4c901bd138af09a23ddbcad82ef8f971e39c98b41293df126
09:47:37     Ta posnetek je ze v bazi; vir=BT_STOCK, podjetje=2, cas posnetka=2026-09-04 07:22:34Z, uporabljenih=1389, v karanteni=0, RunId=75524a0a-1a23-402f-8bb1-afa0910b31c8. Zapisano ni bilo nic.
09:47:37     Prebranih zapisov: 1389; SHA-256: e375c736f43e1da4c901bd138af09a23ddbcad82ef8f971e39c98b41293df126
09:47:38     Ta posnetek je ze v bazi; vir=BT_STOCK, podjetje=3, cas posnetka=2026-09-04 07:22:34Z, uporabljenih=1389, v karanteni=0, RunId=fc90fa6d-6afd-41c8-a348-4a9c1170dea6. Zapisano ni bilo nic.
09:47:39     Prebranih zapisov: 1389; SHA-256: e375c736f43e1da4c901bd138af09a23ddbcad82ef8f971e39c98b41293df126
09:47:39     Ta posnetek je ze v bazi; vir=BT_STOCK, podjetje=4, cas posnetka=2026-09-04 07:22:34Z, uporabljenih=1389, v karanteni=0, RunId=9f07fcaf-5204-49d7-badc-55e30335d6f3. Zapisano ni bilo nic.
09:47:39     konec: Zaloga BT_STOCK
09:47:39  == Zaloga iz SAOP (kolicine) ==
09:48:01     STDERR: [1] NAPAKA: A connection attempt failed because the connected party did not properly respond after a period of time, or established connection failed because connected host has failed to respond. (192.168.178.12:81)
09:48:22     STDERR: [2] NAPAKA: A connection attempt failed because the connected party did not properly respond after a period of time, or established connection failed because connected host has failed to respond. (192.168.178.12:81)
09:48:43     STDERR: [3] NAPAKA: A connection attempt failed because the connected party did not properly respond after a period of time, or established connection failed because connected host has failed to respond. (192.168.178.12:81)
09:49:04     STDERR: [4] NAPAKA: A connection attempt failed because the connected party did not properly respond after a period of time, or established connection failed because connected host has failed to respond. (192.168.178.12:81)
09:49:04     NAPAKA: worker workers\PIM.SaopStockWorker je koncal z izhodno kodo 1
09:49:04  == Izvoz cen in zaloge za splet ==
09:49:06     Izvoz profila MAGENTO_STOCK_PRICES končan: 352 vrstic v C:\Users\david\Desktop\PIM\NoviPIM\izvoz\magento\1
09:49:10     Izvoz profila MAGENTO_STOCK_PRICES končan: 2071 vrstic v C:\Users\david\Desktop\PIM\NoviPIM\izvoz\magento\2
09:49:15     Izvoz profila MAGENTO_STOCK_PRICES končan: 2488 vrstic v C:\Users\david\Desktop\PIM\NoviPIM\izvoz\magento\3
09:49:16     Izvoz profila MAGENTO_STOCK_PRICES končan: 0 vrstic v C:\Users\david\Desktop\PIM\NoviPIM\izvoz\magento\4
09:49:16     konec: Izvoz cen in zaloge za splet
09:49:16  Zalogovni cikel koncan; padlih korakov: 1.
09:52:27  == Zaloga NW_STOCK ==
09:52:28     SOURCE_FETCH: se ni na vrsti po razporedu; preskoceno.
09:52:29     Prebranih zapisov: 2763; SHA-256: 30877b5630abf2a21129403c95ce14ed990ecf76c1a2c101841b52c4357fd8b1
09:52:29     STOCK_FILE pri podjetju 1: se ni na vrsti po razporedu; preskoceno.
09:52:30     Prebranih zapisov: 2763; SHA-256: 30877b5630abf2a21129403c95ce14ed990ecf76c1a2c101841b52c4357fd8b1
09:52:30     STOCK_FILE pri podjetju 2: se ni na vrsti po razporedu; preskoceno.
09:52:31     Prebranih zapisov: 2763; SHA-256: 30877b5630abf2a21129403c95ce14ed990ecf76c1a2c101841b52c4357fd8b1
09:52:31     STOCK_FILE pri podjetju 3: se ni na vrsti po razporedu; preskoceno.
09:52:32     Prebranih zapisov: 2763; SHA-256: 30877b5630abf2a21129403c95ce14ed990ecf76c1a2c101841b52c4357fd8b1
09:52:32     STOCK_FILE pri podjetju 4: se ni na vrsti po razporedu; preskoceno.
09:52:32     konec: Zaloga NW_STOCK
09:52:32  == Zaloga BT_STOCK ==
09:52:33     SOURCE_FETCH: se ni na vrsti po razporedu; preskoceno.
09:52:34     Prebranih zapisov: 1389; SHA-256: e375c736f43e1da4c901bd138af09a23ddbcad82ef8f971e39c98b41293df126
09:52:34     STOCK_FILE pri podjetju 1: se ni na vrsti po razporedu; preskoceno.
09:52:35     Prebranih zapisov: 1389; SHA-256: e375c736f43e1da4c901bd138af09a23ddbcad82ef8f971e39c98b41293df126
09:52:35     STOCK_FILE pri podjetju 2: se ni na vrsti po razporedu; preskoceno.
09:52:36     Prebranih zapisov: 1389; SHA-256: e375c736f43e1da4c901bd138af09a23ddbcad82ef8f971e39c98b41293df126
09:52:36     STOCK_FILE pri podjetju 3: se ni na vrsti po razporedu; preskoceno.
09:52:37     Prebranih zapisov: 1389; SHA-256: e375c736f43e1da4c901bd138af09a23ddbcad82ef8f971e39c98b41293df126
09:52:37     STOCK_FILE pri podjetju 4: se ni na vrsti po razporedu; preskoceno.
09:52:37     konec: Zaloga BT_STOCK
09:52:37  == Zaloga iz SAOP (kolicine) ==
09:52:38     [1] SAOP_STOCK: se ni na vrsti po razporedu; preskoceno.
09:52:38     [2] SAOP_STOCK: se ni na vrsti po razporedu; preskoceno.
09:52:38     [3] SAOP_STOCK: se ni na vrsti po razporedu; preskoceno.
09:52:38     [4] SAOP_STOCK: se ni na vrsti po razporedu; preskoceno.
09:52:38     konec: Zaloga iz SAOP (kolicine)
09:52:38  == Izvoz cen in zaloge za splet ==
09:52:41     Izvoz profila MAGENTO_STOCK_PRICES končan: 352 vrstic v C:\Users\david\Desktop\PIM\NoviPIM\izvoz\magento\1
09:52:45     Izvoz profila MAGENTO_STOCK_PRICES končan: 2071 vrstic v C:\Users\david\Desktop\PIM\NoviPIM\izvoz\magento\2
09:52:49     Izvoz profila MAGENTO_STOCK_PRICES končan: 2488 vrstic v C:\Users\david\Desktop\PIM\NoviPIM\izvoz\magento\3
09:52:50     Izvoz profila MAGENTO_STOCK_PRICES končan: 0 vrstic v C:\Users\david\Desktop\PIM\NoviPIM\izvoz\magento\4
09:52:50     konec: Izvoz cen in zaloge za splet
09:52:50  Zalogovni cikel koncan; padlih korakov: 0.
09:57:27  == Zaloga NW_STOCK ==
09:57:28     [NW_STOCK] preskoceno: Razmik dobavitelja se tece; naslednji prenos po 4. 09. 2026 11:17.
09:57:28     Prevzem koncan: uspesno 0, neuspesno 0, skupaj virov 1.
09:57:28     Prebranih zapisov: 2763; SHA-256: 30877b5630abf2a21129403c95ce14ed990ecf76c1a2c101841b52c4357fd8b1
09:57:29     Ta posnetek je ze v bazi; vir=NW_STOCK, podjetje=1, cas posnetka=2026-09-04 07:17:29Z, uporabljenih=2763, v karanteni=0, RunId=1cbe70d9-5586-4377-8b8f-467aa217838b. Zapisano ni bilo nic.
09:57:30     Prebranih zapisov: 2763; SHA-256: 30877b5630abf2a21129403c95ce14ed990ecf76c1a2c101841b52c4357fd8b1
09:57:30     Ta posnetek je ze v bazi; vir=NW_STOCK, podjetje=2, cas posnetka=2026-09-04 07:17:29Z, uporabljenih=2763, v karanteni=0, RunId=d7e432fc-25c9-4298-8b66-8d0c079ca57b. Zapisano ni bilo nic.
09:57:31     Prebranih zapisov: 2763; SHA-256: 30877b5630abf2a21129403c95ce14ed990ecf76c1a2c101841b52c4357fd8b1
09:57:31     Ta posnetek je ze v bazi; vir=NW_STOCK, podjetje=3, cas posnetka=2026-09-04 07:17:29Z, uporabljenih=2763, v karanteni=0, RunId=88dca92b-d380-4fcb-8015-e7fef1c29f29. Zapisano ni bilo nic.
09:57:32     Prebranih zapisov: 2763; SHA-256: 30877b5630abf2a21129403c95ce14ed990ecf76c1a2c101841b52c4357fd8b1
09:57:32     Ta posnetek je ze v bazi; vir=NW_STOCK, podjetje=4, cas posnetka=2026-09-04 07:17:29Z, uporabljenih=2763, v karanteni=0, RunId=18256a20-8338-4b54-8ac9-5ba13a719185. Zapisano ni bilo nic.
09:57:32     konec: Zaloga NW_STOCK
09:57:32  == Zaloga BT_STOCK ==
09:57:33     SOURCE_FETCH: se ni na vrsti po razporedu; preskoceno.
09:57:34     Prebranih zapisov: 1389; SHA-256: e375c736f43e1da4c901bd138af09a23ddbcad82ef8f971e39c98b41293df126
09:57:34     STOCK_FILE pri podjetju 1: se ni na vrsti po razporedu; preskoceno.
09:57:35     Prebranih zapisov: 1389; SHA-256: e375c736f43e1da4c901bd138af09a23ddbcad82ef8f971e39c98b41293df126
09:57:35     STOCK_FILE pri podjetju 2: se ni na vrsti po razporedu; preskoceno.
09:57:36     Prebranih zapisov: 1389; SHA-256: e375c736f43e1da4c901bd138af09a23ddbcad82ef8f971e39c98b41293df126
09:57:36     STOCK_FILE pri podjetju 3: se ni na vrsti po razporedu; preskoceno.
09:57:36     Prebranih zapisov: 1389; SHA-256: e375c736f43e1da4c901bd138af09a23ddbcad82ef8f971e39c98b41293df126
09:57:37     STOCK_FILE pri podjetju 4: se ni na vrsti po razporedu; preskoceno.
09:57:37     konec: Zaloga BT_STOCK
09:57:37  == Zaloga iz SAOP (kolicine) ==
09:57:59     STDERR: [1] NAPAKA: A connection attempt failed because the connected party did not properly respond after a period of time, or established connection failed because connected host has failed to respond. (192.168.178.12:81)
09:58:20     STDERR: [2] NAPAKA: A connection attempt failed because the connected party did not properly respond after a period of time, or established connection failed because connected host has failed to respond. (192.168.178.12:81)
09:58:41     STDERR: [3] NAPAKA: A connection attempt failed because the connected party did not properly respond after a period of time, or established connection failed because connected host has failed to respond. (192.168.178.12:81)
09:59:02     STDERR: [4] NAPAKA: A connection attempt failed because the connected party did not properly respond after a period of time, or established connection failed because connected host has failed to respond. (192.168.178.12:81)
09:59:02     NAPAKA: worker workers\PIM.SaopStockWorker je koncal z izhodno kodo 1
09:59:02  == Izvoz cen in zaloge za splet ==
09:59:04     Izvoz profila MAGENTO_STOCK_PRICES končan: 352 vrstic v C:\Users\david\Desktop\PIM\NoviPIM\izvoz\magento\1
09:59:07     Izvoz profila MAGENTO_STOCK_PRICES končan: 2071 vrstic v C:\Users\david\Desktop\PIM\NoviPIM\izvoz\magento\2
09:59:11     Izvoz profila MAGENTO_STOCK_PRICES končan: 2488 vrstic v C:\Users\david\Desktop\PIM\NoviPIM\izvoz\magento\3
09:59:12     Izvoz profila MAGENTO_STOCK_PRICES končan: 0 vrstic v C:\Users\david\Desktop\PIM\NoviPIM\izvoz\magento\4
09:59:12     konec: Izvoz cen in zaloge za splet
09:59:12  Zalogovni cikel koncan; padlih korakov: 1.
10:02:27  == Zaloga NW_STOCK ==
10:02:28     SOURCE_FETCH: se ni na vrsti po razporedu; preskoceno.
10:02:28     Prebranih zapisov: 2763; SHA-256: 30877b5630abf2a21129403c95ce14ed990ecf76c1a2c101841b52c4357fd8b1
10:02:29     STOCK_FILE pri podjetju 1: se ni na vrsti po razporedu; preskoceno.
10:02:29     Prebranih zapisov: 2763; SHA-256: 30877b5630abf2a21129403c95ce14ed990ecf76c1a2c101841b52c4357fd8b1
10:02:30     STOCK_FILE pri podjetju 2: se ni na vrsti po razporedu; preskoceno.
10:02:30     Prebranih zapisov: 2763; SHA-256: 30877b5630abf2a21129403c95ce14ed990ecf76c1a2c101841b52c4357fd8b1
10:02:30     STOCK_FILE pri podjetju 3: se ni na vrsti po razporedu; preskoceno.
10:02:31     Prebranih zapisov: 2763; SHA-256: 30877b5630abf2a21129403c95ce14ed990ecf76c1a2c101841b52c4357fd8b1
10:02:31     STOCK_FILE pri podjetju 4: se ni na vrsti po razporedu; preskoceno.
10:02:31     konec: Zaloga NW_STOCK
10:02:31  == Zaloga BT_STOCK ==
10:02:32     [BT_STOCK] preskoceno: Razmik dobavitelja se tece; naslednji prenos po 4. 09. 2026 12:22.
10:02:32     Prevzem koncan: uspesno 0, neuspesno 0, skupaj virov 1.
10:02:33     Prebranih zapisov: 1389; SHA-256: e375c736f43e1da4c901bd138af09a23ddbcad82ef8f971e39c98b41293df126
10:02:33     Ta posnetek je ze v bazi; vir=BT_STOCK, podjetje=1, cas posnetka=2026-09-04 07:22:34Z, uporabljenih=1389, v karanteni=0, RunId=c01771dc-357f-4a28-8f7d-f535a3d075ed. Zapisano ni bilo nic.
10:02:34     Prebranih zapisov: 1389; SHA-256: e375c736f43e1da4c901bd138af09a23ddbcad82ef8f971e39c98b41293df126
10:02:34     Ta posnetek je ze v bazi; vir=BT_STOCK, podjetje=2, cas posnetka=2026-09-04 07:22:34Z, uporabljenih=1389, v karanteni=0, RunId=75524a0a-1a23-402f-8bb1-afa0910b31c8. Zapisano ni bilo nic.
10:02:35     Prebranih zapisov: 1389; SHA-256: e375c736f43e1da4c901bd138af09a23ddbcad82ef8f971e39c98b41293df126
10:02:36     Ta posnetek je ze v bazi; vir=BT_STOCK, podjetje=3, cas posnetka=2026-09-04 07:22:34Z, uporabljenih=1389, v karanteni=0, RunId=fc90fa6d-6afd-41c8-a348-4a9c1170dea6. Zapisano ni bilo nic.
10:02:36     Prebranih zapisov: 1389; SHA-256: e375c736f43e1da4c901bd138af09a23ddbcad82ef8f971e39c98b41293df126
10:02:37     Ta posnetek je ze v bazi; vir=BT_STOCK, podjetje=4, cas posnetka=2026-09-04 07:22:34Z, uporabljenih=1389, v karanteni=0, RunId=9f07fcaf-5204-49d7-badc-55e30335d6f3. Zapisano ni bilo nic.
10:02:37     konec: Zaloga BT_STOCK
10:02:37  == Zaloga iz SAOP (kolicine) ==
10:02:38     [1] SAOP_STOCK: se ni na vrsti po razporedu; preskoceno.
10:02:38     [2] SAOP_STOCK: se ni na vrsti po razporedu; preskoceno.
10:02:38     [3] SAOP_STOCK: se ni na vrsti po razporedu; preskoceno.
10:02:38     [4] SAOP_STOCK: se ni na vrsti po razporedu; preskoceno.
10:02:38     konec: Zaloga iz SAOP (kolicine)
10:02:38  == Izvoz cen in zaloge za splet ==
10:02:39     Izvoz profila MAGENTO_STOCK_PRICES končan: 352 vrstic v C:\Users\david\Desktop\PIM\NoviPIM\izvoz\magento\1
10:02:43     Izvoz profila MAGENTO_STOCK_PRICES končan: 2071 vrstic v C:\Users\david\Desktop\PIM\NoviPIM\izvoz\magento\2
10:02:47     Izvoz profila MAGENTO_STOCK_PRICES končan: 2488 vrstic v C:\Users\david\Desktop\PIM\NoviPIM\izvoz\magento\3
10:02:48     Izvoz profila MAGENTO_STOCK_PRICES končan: 0 vrstic v C:\Users\david\Desktop\PIM\NoviPIM\izvoz\magento\4
10:02:48     konec: Izvoz cen in zaloge za splet
10:02:48  Zalogovni cikel koncan; padlih korakov: 0.
10:07:27  == Zaloga NW_STOCK ==
10:07:28     SOURCE_FETCH: se ni na vrsti po razporedu; preskoceno.
10:07:28     Prebranih zapisov: 2763; SHA-256: 30877b5630abf2a21129403c95ce14ed990ecf76c1a2c101841b52c4357fd8b1
10:07:29     STOCK_FILE pri podjetju 1: se ni na vrsti po razporedu; preskoceno.
10:07:29     Prebranih zapisov: 2763; SHA-256: 30877b5630abf2a21129403c95ce14ed990ecf76c1a2c101841b52c4357fd8b1
10:07:30     STOCK_FILE pri podjetju 2: se ni na vrsti po razporedu; preskoceno.
10:07:30     Prebranih zapisov: 2763; SHA-256: 30877b5630abf2a21129403c95ce14ed990ecf76c1a2c101841b52c4357fd8b1
10:07:30     STOCK_FILE pri podjetju 3: se ni na vrsti po razporedu; preskoceno.
10:07:31     Prebranih zapisov: 2763; SHA-256: 30877b5630abf2a21129403c95ce14ed990ecf76c1a2c101841b52c4357fd8b1
10:07:31     STOCK_FILE pri podjetju 4: se ni na vrsti po razporedu; preskoceno.
10:07:31     konec: Zaloga NW_STOCK
10:07:31  == Zaloga BT_STOCK ==
10:07:32     SOURCE_FETCH: se ni na vrsti po razporedu; preskoceno.
10:07:33     Prebranih zapisov: 1389; SHA-256: e375c736f43e1da4c901bd138af09a23ddbcad82ef8f971e39c98b41293df126
10:07:33     STOCK_FILE pri podjetju 1: se ni na vrsti po razporedu; preskoceno.
10:07:34     Prebranih zapisov: 1389; SHA-256: e375c736f43e1da4c901bd138af09a23ddbcad82ef8f971e39c98b41293df126
10:07:34     STOCK_FILE pri podjetju 2: se ni na vrsti po razporedu; preskoceno.
10:07:35     Prebranih zapisov: 1389; SHA-256: e375c736f43e1da4c901bd138af09a23ddbcad82ef8f971e39c98b41293df126
10:07:35     STOCK_FILE pri podjetju 3: se ni na vrsti po razporedu; preskoceno.
10:07:36     Prebranih zapisov: 1389; SHA-256: e375c736f43e1da4c901bd138af09a23ddbcad82ef8f971e39c98b41293df126
10:07:36     STOCK_FILE pri podjetju 4: se ni na vrsti po razporedu; preskoceno.
10:07:36     konec: Zaloga BT_STOCK
10:07:36  == Zaloga iz SAOP (kolicine) ==
10:07:58     STDERR: [1] NAPAKA: A connection attempt failed because the connected party did not properly respond after a period of time, or established connection failed because connected host has failed to respond. (192.168.178.12:81)
10:08:19     STDERR: [2] NAPAKA: A connection attempt failed because the connected party did not properly respond after a period of time, or established connection failed because connected host has failed to respond. (192.168.178.12:81)
10:08:40     STDERR: [3] NAPAKA: A connection attempt failed because the connected party did not properly respond after a period of time, or established connection failed because connected host has failed to respond. (192.168.178.12:81)
10:09:01     STDERR: [4] NAPAKA: A connection attempt failed because the connected party did not properly respond after a period of time, or established connection failed because connected host has failed to respond. (192.168.178.12:81)
10:09:02     NAPAKA: worker workers\PIM.SaopStockWorker je koncal z izhodno kodo 1
10:09:02  == Izvoz cen in zaloge za splet ==
10:09:03     Izvoz profila MAGENTO_STOCK_PRICES končan: 352 vrstic v C:\Users\david\Desktop\PIM\NoviPIM\izvoz\magento\1
10:09:07     Izvoz profila MAGENTO_STOCK_PRICES končan: 2071 vrstic v C:\Users\david\Desktop\PIM\NoviPIM\izvoz\magento\2
10:09:10     Izvoz profila MAGENTO_STOCK_PRICES končan: 2488 vrstic v C:\Users\david\Desktop\PIM\NoviPIM\izvoz\magento\3
10:09:12     Izvoz profila MAGENTO_STOCK_PRICES končan: 0 vrstic v C:\Users\david\Desktop\PIM\NoviPIM\izvoz\magento\4
10:09:12     konec: Izvoz cen in zaloge za splet
10:09:12  Zalogovni cikel koncan; padlih korakov: 1.
10:12:27  == Zaloga NW_STOCK ==
10:12:28     [NW_STOCK] preskoceno: Razmik dobavitelja se tece; naslednji prenos po 4. 09. 2026 11:17.
10:12:28     Prevzem koncan: uspesno 0, neuspesno 0, skupaj virov 1.
10:12:28     Prebranih zapisov: 2763; SHA-256: 30877b5630abf2a21129403c95ce14ed990ecf76c1a2c101841b52c4357fd8b1
10:12:29     Ta posnetek je ze v bazi; vir=NW_STOCK, podjetje=1, cas posnetka=2026-09-04 07:17:29Z, uporabljenih=2763, v karanteni=0, RunId=1cbe70d9-5586-4377-8b8f-467aa217838b. Zapisano ni bilo nic.
10:12:29     Prebranih zapisov: 2763; SHA-256: 30877b5630abf2a21129403c95ce14ed990ecf76c1a2c101841b52c4357fd8b1
10:12:30     Ta posnetek je ze v bazi; vir=NW_STOCK, podjetje=2, cas posnetka=2026-09-04 07:17:29Z, uporabljenih=2763, v karanteni=0, RunId=d7e432fc-25c9-4298-8b66-8d0c079ca57b. Zapisano ni bilo nic.
10:12:31     Prebranih zapisov: 2763; SHA-256: 30877b5630abf2a21129403c95ce14ed990ecf76c1a2c101841b52c4357fd8b1
10:12:31     Ta posnetek je ze v bazi; vir=NW_STOCK, podjetje=3, cas posnetka=2026-09-04 07:17:29Z, uporabljenih=2763, v karanteni=0, RunId=88dca92b-d380-4fcb-8015-e7fef1c29f29. Zapisano ni bilo nic.
10:12:32     Prebranih zapisov: 2763; SHA-256: 30877b5630abf2a21129403c95ce14ed990ecf76c1a2c101841b52c4357fd8b1
10:12:32     Ta posnetek je ze v bazi; vir=NW_STOCK, podjetje=4, cas posnetka=2026-09-04 07:17:29Z, uporabljenih=2763, v karanteni=0, RunId=18256a20-8338-4b54-8ac9-5ba13a719185. Zapisano ni bilo nic.
10:12:32     konec: Zaloga NW_STOCK
10:12:32  == Zaloga BT_STOCK ==
10:12:33     SOURCE_FETCH: se ni na vrsti po razporedu; preskoceno.
10:12:34     Prebranih zapisov: 1389; SHA-256: e375c736f43e1da4c901bd138af09a23ddbcad82ef8f971e39c98b41293df126
10:12:34     STOCK_FILE pri podjetju 1: se ni na vrsti po razporedu; preskoceno.
10:12:35     Prebranih zapisov: 1389; SHA-256: e375c736f43e1da4c901bd138af09a23ddbcad82ef8f971e39c98b41293df126
10:12:35     STOCK_FILE pri podjetju 2: se ni na vrsti po razporedu; preskoceno.
10:12:36     Prebranih zapisov: 1389; SHA-256: e375c736f43e1da4c901bd138af09a23ddbcad82ef8f971e39c98b41293df126
10:12:36     STOCK_FILE pri podjetju 3: se ni na vrsti po razporedu; preskoceno.
10:12:37     Prebranih zapisov: 1389; SHA-256: e375c736f43e1da4c901bd138af09a23ddbcad82ef8f971e39c98b41293df126
10:12:37     STOCK_FILE pri podjetju 4: se ni na vrsti po razporedu; preskoceno.
10:12:37     konec: Zaloga BT_STOCK
10:12:37  == Zaloga iz SAOP (kolicine) ==
10:12:38     [1] SAOP_STOCK: se ni na vrsti po razporedu; preskoceno.
10:12:38     [2] SAOP_STOCK: se ni na vrsti po razporedu; preskoceno.
10:12:38     [3] SAOP_STOCK: se ni na vrsti po razporedu; preskoceno.
10:12:38     [4] SAOP_STOCK: se ni na vrsti po razporedu; preskoceno.
10:12:38     konec: Zaloga iz SAOP (kolicine)
10:12:38  == Izvoz cen in zaloge za splet ==
10:12:39     Izvoz profila MAGENTO_STOCK_PRICES končan: 352 vrstic v C:\Users\david\Desktop\PIM\NoviPIM\izvoz\magento\1
10:12:43     Izvoz profila MAGENTO_STOCK_PRICES končan: 2071 vrstic v C:\Users\david\Desktop\PIM\NoviPIM\izvoz\magento\2
10:12:47     Izvoz profila MAGENTO_STOCK_PRICES končan: 2488 vrstic v C:\Users\david\Desktop\PIM\NoviPIM\izvoz\magento\3
10:12:48     Izvoz profila MAGENTO_STOCK_PRICES končan: 0 vrstic v C:\Users\david\Desktop\PIM\NoviPIM\izvoz\magento\4
10:12:48     konec: Izvoz cen in zaloge za splet
10:12:48  Zalogovni cikel koncan; padlih korakov: 0.
10:17:27  == Zaloga NW_STOCK ==
10:17:28     SOURCE_FETCH: se ni na vrsti po razporedu; preskoceno.
10:17:28     Prebranih zapisov: 2763; SHA-256: 30877b5630abf2a21129403c95ce14ed990ecf76c1a2c101841b52c4357fd8b1
10:17:29     STOCK_FILE pri podjetju 1: se ni na vrsti po razporedu; preskoceno.
10:17:29     Prebranih zapisov: 2763; SHA-256: 30877b5630abf2a21129403c95ce14ed990ecf76c1a2c101841b52c4357fd8b1
10:17:30     STOCK_FILE pri podjetju 2: se ni na vrsti po razporedu; preskoceno.
10:17:30     Prebranih zapisov: 2763; SHA-256: 30877b5630abf2a21129403c95ce14ed990ecf76c1a2c101841b52c4357fd8b1
10:17:30     STOCK_FILE pri podjetju 3: se ni na vrsti po razporedu; preskoceno.
10:17:31     Prebranih zapisov: 2763; SHA-256: 30877b5630abf2a21129403c95ce14ed990ecf76c1a2c101841b52c4357fd8b1
10:17:31     STOCK_FILE pri podjetju 4: se ni na vrsti po razporedu; preskoceno.
10:17:31     konec: Zaloga NW_STOCK
10:17:31  == Zaloga BT_STOCK ==
10:17:32     [BT_STOCK] preskoceno: Razmik dobavitelja se tece; naslednji prenos po 4. 09. 2026 12:22.
10:17:32     Prevzem koncan: uspesno 0, neuspesno 0, skupaj virov 1.
10:17:33     Prebranih zapisov: 1389; SHA-256: e375c736f43e1da4c901bd138af09a23ddbcad82ef8f971e39c98b41293df126
10:17:33     Ta posnetek je ze v bazi; vir=BT_STOCK, podjetje=1, cas posnetka=2026-09-04 07:22:34Z, uporabljenih=1389, v karanteni=0, RunId=c01771dc-357f-4a28-8f7d-f535a3d075ed. Zapisano ni bilo nic.
10:17:34     Prebranih zapisov: 1389; SHA-256: e375c736f43e1da4c901bd138af09a23ddbcad82ef8f971e39c98b41293df126
10:17:35     Ta posnetek je ze v bazi; vir=BT_STOCK, podjetje=2, cas posnetka=2026-09-04 07:22:34Z, uporabljenih=1389, v karanteni=0, RunId=75524a0a-1a23-402f-8bb1-afa0910b31c8. Zapisano ni bilo nic.
10:17:35     Prebranih zapisov: 1389; SHA-256: e375c736f43e1da4c901bd138af09a23ddbcad82ef8f971e39c98b41293df126
10:17:36     Ta posnetek je ze v bazi; vir=BT_STOCK, podjetje=3, cas posnetka=2026-09-04 07:22:34Z, uporabljenih=1389, v karanteni=0, RunId=fc90fa6d-6afd-41c8-a348-4a9c1170dea6. Zapisano ni bilo nic.
10:17:36     Prebranih zapisov: 1389; SHA-256: e375c736f43e1da4c901bd138af09a23ddbcad82ef8f971e39c98b41293df126
10:17:37     Ta posnetek je ze v bazi; vir=BT_STOCK, podjetje=4, cas posnetka=2026-09-04 07:22:34Z, uporabljenih=1389, v karanteni=0, RunId=9f07fcaf-5204-49d7-badc-55e30335d6f3. Zapisano ni bilo nic.
10:17:37     konec: Zaloga BT_STOCK
10:17:37  == Zaloga iz SAOP (kolicine) ==
10:17:38     [1] SAOP_STOCK: se ni na vrsti po razporedu; preskoceno.
10:17:38     [2] SAOP_STOCK: se ni na vrsti po razporedu; preskoceno.
10:17:38     [3] SAOP_STOCK: se ni na vrsti po razporedu; preskoceno.
10:17:38     [4] SAOP_STOCK: se ni na vrsti po razporedu; preskoceno.
10:17:38     konec: Zaloga iz SAOP (kolicine)
10:17:38  == Izvoz cen in zaloge za splet ==
10:17:39     Izvoz profila MAGENTO_STOCK_PRICES končan: 352 vrstic v C:\Users\david\Desktop\PIM\NoviPIM\izvoz\magento\1
10:17:43     Izvoz profila MAGENTO_STOCK_PRICES končan: 2071 vrstic v C:\Users\david\Desktop\PIM\NoviPIM\izvoz\magento\2
10:17:47     Izvoz profila MAGENTO_STOCK_PRICES končan: 2488 vrstic v C:\Users\david\Desktop\PIM\NoviPIM\izvoz\magento\3
10:17:48     Izvoz profila MAGENTO_STOCK_PRICES končan: 0 vrstic v C:\Users\david\Desktop\PIM\NoviPIM\izvoz\magento\4
10:17:48     konec: Izvoz cen in zaloge za splet
10:17:48  Zalogovni cikel koncan; padlih korakov: 0.
10:22:27  == Zaloga NW_STOCK ==
10:22:28     SOURCE_FETCH: se ni na vrsti po razporedu; preskoceno.
10:22:28     Prebranih zapisov: 2763; SHA-256: 30877b5630abf2a21129403c95ce14ed990ecf76c1a2c101841b52c4357fd8b1
10:22:29     STOCK_FILE pri podjetju 1: se ni na vrsti po razporedu; preskoceno.
10:22:29     Prebranih zapisov: 2763; SHA-256: 30877b5630abf2a21129403c95ce14ed990ecf76c1a2c101841b52c4357fd8b1
10:22:30     STOCK_FILE pri podjetju 2: se ni na vrsti po razporedu; preskoceno.
10:22:30     Prebranih zapisov: 2763; SHA-256: 30877b5630abf2a21129403c95ce14ed990ecf76c1a2c101841b52c4357fd8b1
10:22:30     STOCK_FILE pri podjetju 3: se ni na vrsti po razporedu; preskoceno.
10:22:31     Prebranih zapisov: 2763; SHA-256: 30877b5630abf2a21129403c95ce14ed990ecf76c1a2c101841b52c4357fd8b1
10:22:31     STOCK_FILE pri podjetju 4: se ni na vrsti po razporedu; preskoceno.
10:22:31     konec: Zaloga NW_STOCK
10:22:31  == Zaloga BT_STOCK ==
10:22:32     SOURCE_FETCH: se ni na vrsti po razporedu; preskoceno.
10:22:33     Prebranih zapisov: 1389; SHA-256: e375c736f43e1da4c901bd138af09a23ddbcad82ef8f971e39c98b41293df126
10:22:33     STOCK_FILE pri podjetju 1: se ni na vrsti po razporedu; preskoceno.
10:22:34     Prebranih zapisov: 1389; SHA-256: e375c736f43e1da4c901bd138af09a23ddbcad82ef8f971e39c98b41293df126
10:22:34     STOCK_FILE pri podjetju 2: se ni na vrsti po razporedu; preskoceno.
10:22:35     Prebranih zapisov: 1389; SHA-256: e375c736f43e1da4c901bd138af09a23ddbcad82ef8f971e39c98b41293df126
10:22:35     STOCK_FILE pri podjetju 3: se ni na vrsti po razporedu; preskoceno.
10:22:36     Prebranih zapisov: 1389; SHA-256: e375c736f43e1da4c901bd138af09a23ddbcad82ef8f971e39c98b41293df126
10:22:36     STOCK_FILE pri podjetju 4: se ni na vrsti po razporedu; preskoceno.
10:22:36     konec: Zaloga BT_STOCK
10:22:36  == Zaloga iz SAOP (kolicine) ==
10:22:37     [1] SAOP_STOCK: se ni na vrsti po razporedu; preskoceno.
10:22:37     [2] SAOP_STOCK: se ni na vrsti po razporedu; preskoceno.
10:22:37     [3] SAOP_STOCK: se ni na vrsti po razporedu; preskoceno.
10:22:37     [4] SAOP_STOCK: se ni na vrsti po razporedu; preskoceno.
10:22:37     konec: Zaloga iz SAOP (kolicine)
10:22:37  == Izvoz cen in zaloge za splet ==
10:22:39     Izvoz profila MAGENTO_STOCK_PRICES končan: 352 vrstic v C:\Users\david\Desktop\PIM\NoviPIM\izvoz\magento\1
10:22:43     Izvoz profila MAGENTO_STOCK_PRICES končan: 2071 vrstic v C:\Users\david\Desktop\PIM\NoviPIM\izvoz\magento\2
10:22:46     Izvoz profila MAGENTO_STOCK_PRICES končan: 2488 vrstic v C:\Users\david\Desktop\PIM\NoviPIM\izvoz\magento\3
10:22:47     Izvoz profila MAGENTO_STOCK_PRICES končan: 0 vrstic v C:\Users\david\Desktop\PIM\NoviPIM\izvoz\magento\4
10:22:47     konec: Izvoz cen in zaloge za splet
10:22:47  Zalogovni cikel koncan; padlih korakov: 0.
10:27:27  == Zaloga NW_STOCK ==
10:27:28     [NW_STOCK] preskoceno: Razmik dobavitelja se tece; naslednji prenos po 4. 09. 2026 11:17.
10:27:28     Prevzem koncan: uspesno 0, neuspesno 0, skupaj virov 1.
10:27:28     Prebranih zapisov: 2763; SHA-256: 30877b5630abf2a21129403c95ce14ed990ecf76c1a2c101841b52c4357fd8b1
10:27:29     Ta posnetek je ze v bazi; vir=NW_STOCK, podjetje=1, cas posnetka=2026-09-04 07:17:29Z, uporabljenih=2763, v karanteni=0, RunId=1cbe70d9-5586-4377-8b8f-467aa217838b. Zapisano ni bilo nic.
10:27:29     Prebranih zapisov: 2763; SHA-256: 30877b5630abf2a21129403c95ce14ed990ecf76c1a2c101841b52c4357fd8b1
10:27:30     Ta posnetek je ze v bazi; vir=NW_STOCK, podjetje=2, cas posnetka=2026-09-04 07:17:29Z, uporabljenih=2763, v karanteni=0, RunId=d7e432fc-25c9-4298-8b66-8d0c079ca57b. Zapisano ni bilo nic.
10:27:31     Prebranih zapisov: 2763; SHA-256: 30877b5630abf2a21129403c95ce14ed990ecf76c1a2c101841b52c4357fd8b1
10:27:31     Ta posnetek je ze v bazi; vir=NW_STOCK, podjetje=3, cas posnetka=2026-09-04 07:17:29Z, uporabljenih=2763, v karanteni=0, RunId=88dca92b-d380-4fcb-8015-e7fef1c29f29. Zapisano ni bilo nic.
10:27:32     Prebranih zapisov: 2763; SHA-256: 30877b5630abf2a21129403c95ce14ed990ecf76c1a2c101841b52c4357fd8b1
10:27:32     Ta posnetek je ze v bazi; vir=NW_STOCK, podjetje=4, cas posnetka=2026-09-04 07:17:29Z, uporabljenih=2763, v karanteni=0, RunId=18256a20-8338-4b54-8ac9-5ba13a719185. Zapisano ni bilo nic.
10:27:32     konec: Zaloga NW_STOCK
10:27:32  == Zaloga BT_STOCK ==
10:27:33     SOURCE_FETCH: se ni na vrsti po razporedu; preskoceno.
10:27:34     Prebranih zapisov: 1389; SHA-256: e375c736f43e1da4c901bd138af09a23ddbcad82ef8f971e39c98b41293df126
10:27:34     STOCK_FILE pri podjetju 1: se ni na vrsti po razporedu; preskoceno.
10:27:35     Prebranih zapisov: 1389; SHA-256: e375c736f43e1da4c901bd138af09a23ddbcad82ef8f971e39c98b41293df126
10:27:35     STOCK_FILE pri podjetju 2: se ni na vrsti po razporedu; preskoceno.
10:27:36     Prebranih zapisov: 1389; SHA-256: e375c736f43e1da4c901bd138af09a23ddbcad82ef8f971e39c98b41293df126
10:27:36     STOCK_FILE pri podjetju 3: se ni na vrsti po razporedu; preskoceno.
10:27:36     Prebranih zapisov: 1389; SHA-256: e375c736f43e1da4c901bd138af09a23ddbcad82ef8f971e39c98b41293df126
10:27:37     STOCK_FILE pri podjetju 4: se ni na vrsti po razporedu; preskoceno.
10:27:37     konec: Zaloga BT_STOCK
10:27:37  == Zaloga iz SAOP (kolicine) ==
10:27:38     [1] SAOP_STOCK: se ni na vrsti po razporedu; preskoceno.
10:27:38     [2] SAOP_STOCK: se ni na vrsti po razporedu; preskoceno.
10:27:38     [3] SAOP_STOCK: se ni na vrsti po razporedu; preskoceno.
10:27:38     [4] SAOP_STOCK: se ni na vrsti po razporedu; preskoceno.
10:27:38     konec: Zaloga iz SAOP (kolicine)
10:27:38  == Izvoz cen in zaloge za splet ==
10:27:39     Izvoz profila MAGENTO_STOCK_PRICES končan: 352 vrstic v C:\Users\david\Desktop\PIM\NoviPIM\izvoz\magento\1
10:27:43     Izvoz profila MAGENTO_STOCK_PRICES končan: 2071 vrstic v C:\Users\david\Desktop\PIM\NoviPIM\izvoz\magento\2
10:27:47     Izvoz profila MAGENTO_STOCK_PRICES končan: 2488 vrstic v C:\Users\david\Desktop\PIM\NoviPIM\izvoz\magento\3
10:27:48     Izvoz profila MAGENTO_STOCK_PRICES končan: 0 vrstic v C:\Users\david\Desktop\PIM\NoviPIM\izvoz\magento\4
10:27:48     konec: Izvoz cen in zaloge za splet
10:27:48  Zalogovni cikel koncan; padlih korakov: 0.
10:32:27  == Zaloga NW_STOCK ==
10:32:28     SOURCE_FETCH: se ni na vrsti po razporedu; preskoceno.
10:32:28     Prebranih zapisov: 2763; SHA-256: 30877b5630abf2a21129403c95ce14ed990ecf76c1a2c101841b52c4357fd8b1
10:32:29     STOCK_FILE pri podjetju 1: se ni na vrsti po razporedu; preskoceno.
10:32:29     Prebranih zapisov: 2763; SHA-256: 30877b5630abf2a21129403c95ce14ed990ecf76c1a2c101841b52c4357fd8b1
10:32:30     STOCK_FILE pri podjetju 2: se ni na vrsti po razporedu; preskoceno.
10:32:30     Prebranih zapisov: 2763; SHA-256: 30877b5630abf2a21129403c95ce14ed990ecf76c1a2c101841b52c4357fd8b1
10:32:31     STOCK_FILE pri podjetju 3: se ni na vrsti po razporedu; preskoceno.
10:32:31     Prebranih zapisov: 2763; SHA-256: 30877b5630abf2a21129403c95ce14ed990ecf76c1a2c101841b52c4357fd8b1
10:32:31     STOCK_FILE pri podjetju 4: se ni na vrsti po razporedu; preskoceno.
10:32:32     konec: Zaloga NW_STOCK
10:32:32  == Zaloga BT_STOCK ==
10:32:32     [BT_STOCK] preskoceno: Razmik dobavitelja se tece; naslednji prenos po 4. 09. 2026 12:22.
10:32:32     Prevzem koncan: uspesno 0, neuspesno 0, skupaj virov 1.
10:32:33     Prebranih zapisov: 1389; SHA-256: e375c736f43e1da4c901bd138af09a23ddbcad82ef8f971e39c98b41293df126
10:32:34     Ta posnetek je ze v bazi; vir=BT_STOCK, podjetje=1, cas posnetka=2026-09-04 07:22:34Z, uporabljenih=1389, v karanteni=0, RunId=c01771dc-357f-4a28-8f7d-f535a3d075ed. Zapisano ni bilo nic.
10:32:34     Prebranih zapisov: 1389; SHA-256: e375c736f43e1da4c901bd138af09a23ddbcad82ef8f971e39c98b41293df126
10:32:35     Ta posnetek je ze v bazi; vir=BT_STOCK, podjetje=2, cas posnetka=2026-09-04 07:22:34Z, uporabljenih=1389, v karanteni=0, RunId=75524a0a-1a23-402f-8bb1-afa0910b31c8. Zapisano ni bilo nic.
10:32:35     Prebranih zapisov: 1389; SHA-256: e375c736f43e1da4c901bd138af09a23ddbcad82ef8f971e39c98b41293df126
10:32:36     Ta posnetek je ze v bazi; vir=BT_STOCK, podjetje=3, cas posnetka=2026-09-04 07:22:34Z, uporabljenih=1389, v karanteni=0, RunId=fc90fa6d-6afd-41c8-a348-4a9c1170dea6. Zapisano ni bilo nic.
10:32:36     Prebranih zapisov: 1389; SHA-256: e375c736f43e1da4c901bd138af09a23ddbcad82ef8f971e39c98b41293df126
10:32:37     Ta posnetek je ze v bazi; vir=BT_STOCK, podjetje=4, cas posnetka=2026-09-04 07:22:34Z, uporabljenih=1389, v karanteni=0, RunId=9f07fcaf-5204-49d7-badc-55e30335d6f3. Zapisano ni bilo nic.
10:32:37     konec: Zaloga BT_STOCK
10:32:37  == Zaloga iz SAOP (kolicine) ==
10:32:38     [1] SAOP_STOCK: se ni na vrsti po razporedu; preskoceno.
10:32:38     [2] SAOP_STOCK: se ni na vrsti po razporedu; preskoceno.
10:32:38     [3] SAOP_STOCK: se ni na vrsti po razporedu; preskoceno.
10:32:38     [4] SAOP_STOCK: se ni na vrsti po razporedu; preskoceno.
10:32:38     konec: Zaloga iz SAOP (kolicine)
10:32:38  == Izvoz cen in zaloge za splet ==
10:32:39     Izvoz profila MAGENTO_STOCK_PRICES končan: 352 vrstic v C:\Users\david\Desktop\PIM\NoviPIM\izvoz\magento\1
10:32:43     Izvoz profila MAGENTO_STOCK_PRICES končan: 2071 vrstic v C:\Users\david\Desktop\PIM\NoviPIM\izvoz\magento\2
10:32:47     Izvoz profila MAGENTO_STOCK_PRICES končan: 2488 vrstic v C:\Users\david\Desktop\PIM\NoviPIM\izvoz\magento\3
10:32:48     Izvoz profila MAGENTO_STOCK_PRICES končan: 0 vrstic v C:\Users\david\Desktop\PIM\NoviPIM\izvoz\magento\4
10:32:48     konec: Izvoz cen in zaloge za splet
10:32:48  Zalogovni cikel koncan; padlih korakov: 0.
10:37:27  == Zaloga NW_STOCK ==
10:37:28     SOURCE_FETCH: se ni na vrsti po razporedu; preskoceno.
10:37:28     Prebranih zapisov: 2763; SHA-256: 30877b5630abf2a21129403c95ce14ed990ecf76c1a2c101841b52c4357fd8b1
10:37:29     STOCK_FILE pri podjetju 1: se ni na vrsti po razporedu; preskoceno.
10:37:29     Prebranih zapisov: 2763; SHA-256: 30877b5630abf2a21129403c95ce14ed990ecf76c1a2c101841b52c4357fd8b1
10:37:30     STOCK_FILE pri podjetju 2: se ni na vrsti po razporedu; preskoceno.
10:37:30     Prebranih zapisov: 2763; SHA-256: 30877b5630abf2a21129403c95ce14ed990ecf76c1a2c101841b52c4357fd8b1
10:37:31     STOCK_FILE pri podjetju 3: se ni na vrsti po razporedu; preskoceno.
10:37:31     Prebranih zapisov: 2763; SHA-256: 30877b5630abf2a21129403c95ce14ed990ecf76c1a2c101841b52c4357fd8b1
10:37:32     STOCK_FILE pri podjetju 4: se ni na vrsti po razporedu; preskoceno.
10:37:32     konec: Zaloga NW_STOCK
10:37:32  == Zaloga BT_STOCK ==
10:37:32     [BT_STOCK] preskoceno: Razmik dobavitelja se tece; naslednji prenos po 4. 09. 2026 12:22.
10:37:32     Prevzem koncan: uspesno 0, neuspesno 0, skupaj virov 1.
10:37:33     Prebranih zapisov: 1389; SHA-256: e375c736f43e1da4c901bd138af09a23ddbcad82ef8f971e39c98b41293df126
10:37:34     Ta posnetek je ze v bazi; vir=BT_STOCK, podjetje=1, cas posnetka=2026-09-04 07:22:34Z, uporabljenih=1389, v karanteni=0, RunId=c01771dc-357f-4a28-8f7d-f535a3d075ed. Zapisano ni bilo nic.
10:37:34     Prebranih zapisov: 1389; SHA-256: e375c736f43e1da4c901bd138af09a23ddbcad82ef8f971e39c98b41293df126
10:37:35     Ta posnetek je ze v bazi; vir=BT_STOCK, podjetje=2, cas posnetka=2026-09-04 07:22:34Z, uporabljenih=1389, v karanteni=0, RunId=75524a0a-1a23-402f-8bb1-afa0910b31c8. Zapisano ni bilo nic.
10:37:35     Prebranih zapisov: 1389; SHA-256: e375c736f43e1da4c901bd138af09a23ddbcad82ef8f971e39c98b41293df126
10:37:36     Ta posnetek je ze v bazi; vir=BT_STOCK, podjetje=3, cas posnetka=2026-09-04 07:22:34Z, uporabljenih=1389, v karanteni=0, RunId=fc90fa6d-6afd-41c8-a348-4a9c1170dea6. Zapisano ni bilo nic.
10:37:36     Prebranih zapisov: 1389; SHA-256: e375c736f43e1da4c901bd138af09a23ddbcad82ef8f971e39c98b41293df126
10:37:37     Ta posnetek je ze v bazi; vir=BT_STOCK, podjetje=4, cas posnetka=2026-09-04 07:22:34Z, uporabljenih=1389, v karanteni=0, RunId=9f07fcaf-5204-49d7-badc-55e30335d6f3. Zapisano ni bilo nic.
10:37:37     konec: Zaloga BT_STOCK
10:37:37  == Zaloga iz SAOP (kolicine) ==
10:37:38     [1] SAOP_STOCK: se ni na vrsti po razporedu; preskoceno.
10:37:38     [2] SAOP_STOCK: se ni na vrsti po razporedu; preskoceno.
10:37:38     [3] SAOP_STOCK: se ni na vrsti po razporedu; preskoceno.
10:37:38     [4] SAOP_STOCK: se ni na vrsti po razporedu; preskoceno.
10:37:38     konec: Zaloga iz SAOP (kolicine)
10:37:38  == Izvoz cen in zaloge za splet ==
10:37:39     Izvoz profila MAGENTO_STOCK_PRICES končan: 352 vrstic v C:\Users\david\Desktop\PIM\NoviPIM\izvoz\magento\1
10:37:43     Izvoz profila MAGENTO_STOCK_PRICES končan: 2071 vrstic v C:\Users\david\Desktop\PIM\NoviPIM\izvoz\magento\2
10:37:47     Izvoz profila MAGENTO_STOCK_PRICES končan: 2488 vrstic v C:\Users\david\Desktop\PIM\NoviPIM\izvoz\magento\3
10:37:48     Izvoz profila MAGENTO_STOCK_PRICES končan: 0 vrstic v C:\Users\david\Desktop\PIM\NoviPIM\izvoz\magento\4
10:37:48     konec: Izvoz cen in zaloge za splet
10:37:48  Zalogovni cikel koncan; padlih korakov: 0.
10:42:30  == Zaloga NW_STOCK ==
10:42:31     SOURCE_FETCH: se ni na vrsti po razporedu; preskoceno.
10:42:32     Prebranih zapisov: 2763; SHA-256: 30877b5630abf2a21129403c95ce14ed990ecf76c1a2c101841b52c4357fd8b1
10:42:32     STOCK_FILE pri podjetju 1: se ni na vrsti po razporedu; preskoceno.
10:42:33     Prebranih zapisov: 2763; SHA-256: 30877b5630abf2a21129403c95ce14ed990ecf76c1a2c101841b52c4357fd8b1
10:42:33     STOCK_FILE pri podjetju 2: se ni na vrsti po razporedu; preskoceno.
10:42:34     Prebranih zapisov: 2763; SHA-256: 30877b5630abf2a21129403c95ce14ed990ecf76c1a2c101841b52c4357fd8b1
10:42:34     STOCK_FILE pri podjetju 3: se ni na vrsti po razporedu; preskoceno.
10:42:34     Prebranih zapisov: 2763; SHA-256: 30877b5630abf2a21129403c95ce14ed990ecf76c1a2c101841b52c4357fd8b1
10:42:35     STOCK_FILE pri podjetju 4: se ni na vrsti po razporedu; preskoceno.
10:42:35     konec: Zaloga NW_STOCK
10:42:35  == Zaloga BT_STOCK ==
10:42:36     [BT_STOCK] preskoceno: Razmik dobavitelja se tece; naslednji prenos po 4. 09. 2026 12:22.
10:42:36     Prevzem koncan: uspesno 0, neuspesno 0, skupaj virov 1.
10:42:37     Prebranih zapisov: 1389; SHA-256: e375c736f43e1da4c901bd138af09a23ddbcad82ef8f971e39c98b41293df126
10:42:37     Ta posnetek je ze v bazi; vir=BT_STOCK, podjetje=1, cas posnetka=2026-09-04 07:22:34Z, uporabljenih=1389, v karanteni=0, RunId=c01771dc-357f-4a28-8f7d-f535a3d075ed. Zapisano ni bilo nic.
10:42:38     Prebranih zapisov: 1389; SHA-256: e375c736f43e1da4c901bd138af09a23ddbcad82ef8f971e39c98b41293df126
10:42:38     Ta posnetek je ze v bazi; vir=BT_STOCK, podjetje=2, cas posnetka=2026-09-04 07:22:34Z, uporabljenih=1389, v karanteni=0, RunId=75524a0a-1a23-402f-8bb1-afa0910b31c8. Zapisano ni bilo nic.
10:42:39     Prebranih zapisov: 1389; SHA-256: e375c736f43e1da4c901bd138af09a23ddbcad82ef8f971e39c98b41293df126
10:42:39     Ta posnetek je ze v bazi; vir=BT_STOCK, podjetje=3, cas posnetka=2026-09-04 07:22:34Z, uporabljenih=1389, v karanteni=0, RunId=fc90fa6d-6afd-41c8-a348-4a9c1170dea6. Zapisano ni bilo nic.
10:42:40     Prebranih zapisov: 1389; SHA-256: e375c736f43e1da4c901bd138af09a23ddbcad82ef8f971e39c98b41293df126
10:42:40     Ta posnetek je ze v bazi; vir=BT_STOCK, podjetje=4, cas posnetka=2026-09-04 07:22:34Z, uporabljenih=1389, v karanteni=0, RunId=9f07fcaf-5204-49d7-badc-55e30335d6f3. Zapisano ni bilo nic.
10:42:40     konec: Zaloga BT_STOCK
10:42:40  == Zaloga iz SAOP (kolicine) ==
10:43:02     STDERR: [1] NAPAKA: A connection attempt failed because the connected party did not properly respond after a period of time, or established connection failed because connected host has failed to respond. (192.168.178.12:81)
10:43:23     STDERR: [2] NAPAKA: A connection attempt failed because the connected party did not properly respond after a period of time, or established connection failed because connected host has failed to respond. (192.168.178.12:81)
10:43:44     STDERR: [3] NAPAKA: A connection attempt failed because the connected party did not properly respond after a period of time, or established connection failed because connected host has failed to respond. (192.168.178.12:81)
10:44:05     STDERR: [4] NAPAKA: A connection attempt failed because the connected party did not properly respond after a period of time, or established connection failed because connected host has failed to respond. (192.168.178.12:81)
10:44:05     NAPAKA: worker workers\PIM.SaopStockWorker je koncal z izhodno kodo 1
10:44:05  == Izvoz cen in zaloge za splet ==
10:44:07     Izvoz profila MAGENTO_STOCK_PRICES končan: 352 vrstic v C:\Users\david\Desktop\PIM\NoviPIM\izvoz\magento\1
10:44:11     Izvoz profila MAGENTO_STOCK_PRICES končan: 2071 vrstic v C:\Users\david\Desktop\PIM\NoviPIM\izvoz\magento\2
10:44:14     Izvoz profila MAGENTO_STOCK_PRICES končan: 2488 vrstic v C:\Users\david\Desktop\PIM\NoviPIM\izvoz\magento\3
10:44:16     Izvoz profila MAGENTO_STOCK_PRICES končan: 0 vrstic v C:\Users\david\Desktop\PIM\NoviPIM\izvoz\magento\4
10:44:16     konec: Izvoz cen in zaloge za splet
10:44:16  Zalogovni cikel koncan; padlih korakov: 1.
10:47:27  == Zaloga NW_STOCK ==
10:47:28     SOURCE_FETCH: se ni na vrsti po razporedu; preskoceno.
10:47:29     Prebranih zapisov: 2763; SHA-256: 30877b5630abf2a21129403c95ce14ed990ecf76c1a2c101841b52c4357fd8b1
10:47:29     STOCK_FILE pri podjetju 1: se ni na vrsti po razporedu; preskoceno.
10:47:30     Prebranih zapisov: 2763; SHA-256: 30877b5630abf2a21129403c95ce14ed990ecf76c1a2c101841b52c4357fd8b1
10:47:30     STOCK_FILE pri podjetju 2: se ni na vrsti po razporedu; preskoceno.
10:47:31     Prebranih zapisov: 2763; SHA-256: 30877b5630abf2a21129403c95ce14ed990ecf76c1a2c101841b52c4357fd8b1
10:47:31     STOCK_FILE pri podjetju 3: se ni na vrsti po razporedu; preskoceno.
10:47:32     Prebranih zapisov: 2763; SHA-256: 30877b5630abf2a21129403c95ce14ed990ecf76c1a2c101841b52c4357fd8b1
10:47:32     STOCK_FILE pri podjetju 4: se ni na vrsti po razporedu; preskoceno.
10:47:32     konec: Zaloga NW_STOCK
10:47:32  == Zaloga BT_STOCK ==
10:47:33     SOURCE_FETCH: se ni na vrsti po razporedu; preskoceno.
10:47:34     Prebranih zapisov: 1389; SHA-256: e375c736f43e1da4c901bd138af09a23ddbcad82ef8f971e39c98b41293df126
10:47:34     STOCK_FILE pri podjetju 1: se ni na vrsti po razporedu; preskoceno.
10:47:35     Prebranih zapisov: 1389; SHA-256: e375c736f43e1da4c901bd138af09a23ddbcad82ef8f971e39c98b41293df126
10:47:35     STOCK_FILE pri podjetju 2: se ni na vrsti po razporedu; preskoceno.
10:47:35     Prebranih zapisov: 1389; SHA-256: e375c736f43e1da4c901bd138af09a23ddbcad82ef8f971e39c98b41293df126
10:47:36     STOCK_FILE pri podjetju 3: se ni na vrsti po razporedu; preskoceno.
10:47:36     Prebranih zapisov: 1389; SHA-256: e375c736f43e1da4c901bd138af09a23ddbcad82ef8f971e39c98b41293df126
10:47:37     STOCK_FILE pri podjetju 4: se ni na vrsti po razporedu; preskoceno.
10:47:37     konec: Zaloga BT_STOCK
10:47:37  == Zaloga iz SAOP (kolicine) ==
10:47:38     [1] SAOP_STOCK: se ni na vrsti po razporedu; preskoceno.
10:47:38     [2] SAOP_STOCK: se ni na vrsti po razporedu; preskoceno.
10:47:38     [3] SAOP_STOCK: se ni na vrsti po razporedu; preskoceno.
10:47:38     [4] SAOP_STOCK: se ni na vrsti po razporedu; preskoceno.
10:47:38     konec: Zaloga iz SAOP (kolicine)
10:47:38  == Izvoz cen in zaloge za splet ==
10:47:39     Izvoz profila MAGENTO_STOCK_PRICES končan: 352 vrstic v C:\Users\david\Desktop\PIM\NoviPIM\izvoz\magento\1
10:47:43     Izvoz profila MAGENTO_STOCK_PRICES končan: 2071 vrstic v C:\Users\david\Desktop\PIM\NoviPIM\izvoz\magento\2
10:47:47     Izvoz profila MAGENTO_STOCK_PRICES končan: 2488 vrstic v C:\Users\david\Desktop\PIM\NoviPIM\izvoz\magento\3
10:47:48     Izvoz profila MAGENTO_STOCK_PRICES končan: 0 vrstic v C:\Users\david\Desktop\PIM\NoviPIM\izvoz\magento\4
10:47:48     konec: Izvoz cen in zaloge za splet
10:47:48  Zalogovni cikel koncan; padlih korakov: 0.
10:52:27  == Zaloga NW_STOCK ==
10:52:28     [NW_STOCK] preskoceno: Razmik dobavitelja se tece; naslednji prenos po 4. 09. 2026 11:17.
10:52:28     Prevzem koncan: uspesno 0, neuspesno 0, skupaj virov 1.
10:52:29     Prebranih zapisov: 2763; SHA-256: 30877b5630abf2a21129403c95ce14ed990ecf76c1a2c101841b52c4357fd8b1
10:52:29     Ta posnetek je ze v bazi; vir=NW_STOCK, podjetje=1, cas posnetka=2026-09-04 07:17:29Z, uporabljenih=2763, v karanteni=0, RunId=1cbe70d9-5586-4377-8b8f-467aa217838b. Zapisano ni bilo nic.
10:52:30     Prebranih zapisov: 2763; SHA-256: 30877b5630abf2a21129403c95ce14ed990ecf76c1a2c101841b52c4357fd8b1
10:52:30     Ta posnetek je ze v bazi; vir=NW_STOCK, podjetje=2, cas posnetka=2026-09-04 07:17:29Z, uporabljenih=2763, v karanteni=0, RunId=d7e432fc-25c9-4298-8b66-8d0c079ca57b. Zapisano ni bilo nic.
10:52:31     Prebranih zapisov: 2763; SHA-256: 30877b5630abf2a21129403c95ce14ed990ecf76c1a2c101841b52c4357fd8b1
10:52:31     Ta posnetek je ze v bazi; vir=NW_STOCK, podjetje=3, cas posnetka=2026-09-04 07:17:29Z, uporabljenih=2763, v karanteni=0, RunId=88dca92b-d380-4fcb-8015-e7fef1c29f29. Zapisano ni bilo nic.
10:52:32     Prebranih zapisov: 2763; SHA-256: 30877b5630abf2a21129403c95ce14ed990ecf76c1a2c101841b52c4357fd8b1
10:52:32     Ta posnetek je ze v bazi; vir=NW_STOCK, podjetje=4, cas posnetka=2026-09-04 07:17:29Z, uporabljenih=2763, v karanteni=0, RunId=18256a20-8338-4b54-8ac9-5ba13a719185. Zapisano ni bilo nic.
10:52:32     konec: Zaloga NW_STOCK
10:52:32  == Zaloga BT_STOCK ==
10:52:33     SOURCE_FETCH: se ni na vrsti po razporedu; preskoceno.
10:52:34     Prebranih zapisov: 1389; SHA-256: e375c736f43e1da4c901bd138af09a23ddbcad82ef8f971e39c98b41293df126
10:52:34     STOCK_FILE pri podjetju 1: se ni na vrsti po razporedu; preskoceno.
10:52:35     Prebranih zapisov: 1389; SHA-256: e375c736f43e1da4c901bd138af09a23ddbcad82ef8f971e39c98b41293df126
10:52:35     STOCK_FILE pri podjetju 2: se ni na vrsti po razporedu; preskoceno.
10:52:36     Prebranih zapisov: 1389; SHA-256: e375c736f43e1da4c901bd138af09a23ddbcad82ef8f971e39c98b41293df126
10:52:36     STOCK_FILE pri podjetju 3: se ni na vrsti po razporedu; preskoceno.
10:52:37     Prebranih zapisov: 1389; SHA-256: e375c736f43e1da4c901bd138af09a23ddbcad82ef8f971e39c98b41293df126
10:52:37     STOCK_FILE pri podjetju 4: se ni na vrsti po razporedu; preskoceno.
10:52:37     konec: Zaloga BT_STOCK
10:52:37  == Zaloga iz SAOP (kolicine) ==
10:52:38     [1] SAOP_STOCK: se ni na vrsti po razporedu; preskoceno.
10:52:38     [2] SAOP_STOCK: se ni na vrsti po razporedu; preskoceno.
10:52:38     [3] SAOP_STOCK: se ni na vrsti po razporedu; preskoceno.
10:52:38     [4] SAOP_STOCK: se ni na vrsti po razporedu; preskoceno.
10:52:38     konec: Zaloga iz SAOP (kolicine)
10:52:38  == Izvoz cen in zaloge za splet ==
10:52:39     Izvoz profila MAGENTO_STOCK_PRICES končan: 352 vrstic v C:\Users\david\Desktop\PIM\NoviPIM\izvoz\magento\1
10:52:43     Izvoz profila MAGENTO_STOCK_PRICES končan: 2071 vrstic v C:\Users\david\Desktop\PIM\NoviPIM\izvoz\magento\2
10:52:47     Izvoz profila MAGENTO_STOCK_PRICES končan: 2488 vrstic v C:\Users\david\Desktop\PIM\NoviPIM\izvoz\magento\3
10:52:48     Izvoz profila MAGENTO_STOCK_PRICES končan: 0 vrstic v C:\Users\david\Desktop\PIM\NoviPIM\izvoz\magento\4
10:52:48     konec: Izvoz cen in zaloge za splet
10:52:48  Zalogovni cikel koncan; padlih korakov: 0.
10:57:27  == Zaloga NW_STOCK ==
10:57:28     SOURCE_FETCH: se ni na vrsti po razporedu; preskoceno.
10:57:28     Prebranih zapisov: 2763; SHA-256: 30877b5630abf2a21129403c95ce14ed990ecf76c1a2c101841b52c4357fd8b1
10:57:29     STOCK_FILE pri podjetju 1: se ni na vrsti po razporedu; preskoceno.
10:57:29     Prebranih zapisov: 2763; SHA-256: 30877b5630abf2a21129403c95ce14ed990ecf76c1a2c101841b52c4357fd8b1
10:57:30     STOCK_FILE pri podjetju 2: se ni na vrsti po razporedu; preskoceno.
10:57:30     Prebranih zapisov: 2763; SHA-256: 30877b5630abf2a21129403c95ce14ed990ecf76c1a2c101841b52c4357fd8b1
10:57:31     STOCK_FILE pri podjetju 3: se ni na vrsti po razporedu; preskoceno.
10:57:31     Prebranih zapisov: 2763; SHA-256: 30877b5630abf2a21129403c95ce14ed990ecf76c1a2c101841b52c4357fd8b1
10:57:32     STOCK_FILE pri podjetju 4: se ni na vrsti po razporedu; preskoceno.
10:57:32     konec: Zaloga NW_STOCK
10:57:32  == Zaloga BT_STOCK ==
10:57:33     [BT_STOCK] preskoceno: Razmik dobavitelja se tece; naslednji prenos po 4. 09. 2026 12:22.
10:57:33     Prevzem koncan: uspesno 0, neuspesno 0, skupaj virov 1.
10:57:33     Prebranih zapisov: 1389; SHA-256: e375c736f43e1da4c901bd138af09a23ddbcad82ef8f971e39c98b41293df126
10:57:34     Ta posnetek je ze v bazi; vir=BT_STOCK, podjetje=1, cas posnetka=2026-09-04 07:22:34Z, uporabljenih=1389, v karanteni=0, RunId=c01771dc-357f-4a28-8f7d-f535a3d075ed. Zapisano ni bilo nic.
10:57:34     Prebranih zapisov: 1389; SHA-256: e375c736f43e1da4c901bd138af09a23ddbcad82ef8f971e39c98b41293df126
10:57:35     Ta posnetek je ze v bazi; vir=BT_STOCK, podjetje=2, cas posnetka=2026-09-04 07:22:34Z, uporabljenih=1389, v karanteni=0, RunId=75524a0a-1a23-402f-8bb1-afa0910b31c8. Zapisano ni bilo nic.
10:57:35     Prebranih zapisov: 1389; SHA-256: e375c736f43e1da4c901bd138af09a23ddbcad82ef8f971e39c98b41293df126
10:57:36     Ta posnetek je ze v bazi; vir=BT_STOCK, podjetje=3, cas posnetka=2026-09-04 07:22:34Z, uporabljenih=1389, v karanteni=0, RunId=fc90fa6d-6afd-41c8-a348-4a9c1170dea6. Zapisano ni bilo nic.
10:57:36     Prebranih zapisov: 1389; SHA-256: e375c736f43e1da4c901bd138af09a23ddbcad82ef8f971e39c98b41293df126
10:57:37     Ta posnetek je ze v bazi; vir=BT_STOCK, podjetje=4, cas posnetka=2026-09-04 07:22:34Z, uporabljenih=1389, v karanteni=0, RunId=9f07fcaf-5204-49d7-badc-55e30335d6f3. Zapisano ni bilo nic.
10:57:37     konec: Zaloga BT_STOCK
10:57:37  == Zaloga iz SAOP (kolicine) ==
10:57:38     [1] SAOP_STOCK: se ni na vrsti po razporedu; preskoceno.
10:57:38     [2] SAOP_STOCK: se ni na vrsti po razporedu; preskoceno.
10:57:38     [3] SAOP_STOCK: se ni na vrsti po razporedu; preskoceno.
10:57:38     [4] SAOP_STOCK: se ni na vrsti po razporedu; preskoceno.
10:57:38     konec: Zaloga iz SAOP (kolicine)
10:57:38  == Izvoz cen in zaloge za splet ==
10:57:39     Izvoz profila MAGENTO_STOCK_PRICES končan: 352 vrstic v C:\Users\david\Desktop\PIM\NoviPIM\izvoz\magento\1
10:57:43     Izvoz profila MAGENTO_STOCK_PRICES končan: 2071 vrstic v C:\Users\david\Desktop\PIM\NoviPIM\izvoz\magento\2
10:57:47     Izvoz profila MAGENTO_STOCK_PRICES končan: 2488 vrstic v C:\Users\david\Desktop\PIM\NoviPIM\izvoz\magento\3
10:57:48     Izvoz profila MAGENTO_STOCK_PRICES končan: 0 vrstic v C:\Users\david\Desktop\PIM\NoviPIM\izvoz\magento\4
10:57:48     konec: Izvoz cen in zaloge za splet
10:57:48  Zalogovni cikel koncan; padlih korakov: 0.
11:02:27  == Zaloga NW_STOCK ==
11:02:28     SOURCE_FETCH: se ni na vrsti po razporedu; preskoceno.
11:02:28     Prebranih zapisov: 2763; SHA-256: 30877b5630abf2a21129403c95ce14ed990ecf76c1a2c101841b52c4357fd8b1
11:02:29     STOCK_FILE pri podjetju 1: se ni na vrsti po razporedu; preskoceno.
11:02:29     Prebranih zapisov: 2763; SHA-256: 30877b5630abf2a21129403c95ce14ed990ecf76c1a2c101841b52c4357fd8b1
11:02:30     STOCK_FILE pri podjetju 2: se ni na vrsti po razporedu; preskoceno.
11:02:30     Prebranih zapisov: 2763; SHA-256: 30877b5630abf2a21129403c95ce14ed990ecf76c1a2c101841b52c4357fd8b1
11:02:31     STOCK_FILE pri podjetju 3: se ni na vrsti po razporedu; preskoceno.
11:02:31     Prebranih zapisov: 2763; SHA-256: 30877b5630abf2a21129403c95ce14ed990ecf76c1a2c101841b52c4357fd8b1
11:02:32     STOCK_FILE pri podjetju 4: se ni na vrsti po razporedu; preskoceno.
11:02:32     konec: Zaloga NW_STOCK
11:02:32  == Zaloga BT_STOCK ==
11:02:32     SOURCE_FETCH: se ni na vrsti po razporedu; preskoceno.
11:02:33     Prebranih zapisov: 1389; SHA-256: e375c736f43e1da4c901bd138af09a23ddbcad82ef8f971e39c98b41293df126
11:02:33     STOCK_FILE pri podjetju 1: se ni na vrsti po razporedu; preskoceno.
11:02:34     Prebranih zapisov: 1389; SHA-256: e375c736f43e1da4c901bd138af09a23ddbcad82ef8f971e39c98b41293df126
11:02:34     STOCK_FILE pri podjetju 2: se ni na vrsti po razporedu; preskoceno.
11:02:35     Prebranih zapisov: 1389; SHA-256: e375c736f43e1da4c901bd138af09a23ddbcad82ef8f971e39c98b41293df126
11:02:35     STOCK_FILE pri podjetju 3: se ni na vrsti po razporedu; preskoceno.
11:02:36     Prebranih zapisov: 1389; SHA-256: e375c736f43e1da4c901bd138af09a23ddbcad82ef8f971e39c98b41293df126
11:02:36     STOCK_FILE pri podjetju 4: se ni na vrsti po razporedu; preskoceno.
11:02:36     konec: Zaloga BT_STOCK
11:02:36  == Zaloga iz SAOP (kolicine) ==
11:02:37     [1] SAOP_STOCK: se ni na vrsti po razporedu; preskoceno.
11:02:37     [2] SAOP_STOCK: se ni na vrsti po razporedu; preskoceno.
11:02:37     [3] SAOP_STOCK: se ni na vrsti po razporedu; preskoceno.
11:02:37     [4] SAOP_STOCK: se ni na vrsti po razporedu; preskoceno.
11:02:37     konec: Zaloga iz SAOP (kolicine)
11:02:37  == Izvoz cen in zaloge za splet ==
11:02:39     Izvoz profila MAGENTO_STOCK_PRICES končan: 352 vrstic v C:\Users\david\Desktop\PIM\NoviPIM\izvoz\magento\1
11:02:43     Izvoz profila MAGENTO_STOCK_PRICES končan: 2071 vrstic v C:\Users\david\Desktop\PIM\NoviPIM\izvoz\magento\2
11:02:46     Izvoz profila MAGENTO_STOCK_PRICES končan: 2488 vrstic v C:\Users\david\Desktop\PIM\NoviPIM\izvoz\magento\3
11:02:48     Izvoz profila MAGENTO_STOCK_PRICES končan: 0 vrstic v C:\Users\david\Desktop\PIM\NoviPIM\izvoz\magento\4
11:02:48     konec: Izvoz cen in zaloge za splet
11:02:48  Zalogovni cikel koncan; padlih korakov: 0.
11:07:27  == Zaloga NW_STOCK ==
11:07:28     [NW_STOCK] preskoceno: Razmik dobavitelja se tece; naslednji prenos po 4. 09. 2026 11:17.
11:07:28     Prevzem koncan: uspesno 0, neuspesno 0, skupaj virov 1.
11:07:29     Prebranih zapisov: 2763; SHA-256: 30877b5630abf2a21129403c95ce14ed990ecf76c1a2c101841b52c4357fd8b1
11:07:29     Ta posnetek je ze v bazi; vir=NW_STOCK, podjetje=1, cas posnetka=2026-09-04 07:17:29Z, uporabljenih=2763, v karanteni=0, RunId=1cbe70d9-5586-4377-8b8f-467aa217838b. Zapisano ni bilo nic.
11:07:30     Prebranih zapisov: 2763; SHA-256: 30877b5630abf2a21129403c95ce14ed990ecf76c1a2c101841b52c4357fd8b1
11:07:30     Ta posnetek je ze v bazi; vir=NW_STOCK, podjetje=2, cas posnetka=2026-09-04 07:17:29Z, uporabljenih=2763, v karanteni=0, RunId=d7e432fc-25c9-4298-8b66-8d0c079ca57b. Zapisano ni bilo nic.
11:07:31     Prebranih zapisov: 2763; SHA-256: 30877b5630abf2a21129403c95ce14ed990ecf76c1a2c101841b52c4357fd8b1
11:07:31     Ta posnetek je ze v bazi; vir=NW_STOCK, podjetje=3, cas posnetka=2026-09-04 07:17:29Z, uporabljenih=2763, v karanteni=0, RunId=88dca92b-d380-4fcb-8015-e7fef1c29f29. Zapisano ni bilo nic.
11:07:32     Prebranih zapisov: 2763; SHA-256: 30877b5630abf2a21129403c95ce14ed990ecf76c1a2c101841b52c4357fd8b1
11:07:32     Ta posnetek je ze v bazi; vir=NW_STOCK, podjetje=4, cas posnetka=2026-09-04 07:17:29Z, uporabljenih=2763, v karanteni=0, RunId=18256a20-8338-4b54-8ac9-5ba13a719185. Zapisano ni bilo nic.
11:07:32     konec: Zaloga NW_STOCK
11:07:32  == Zaloga BT_STOCK ==
11:07:33     SOURCE_FETCH: se ni na vrsti po razporedu; preskoceno.
11:07:34     Prebranih zapisov: 1389; SHA-256: e375c736f43e1da4c901bd138af09a23ddbcad82ef8f971e39c98b41293df126
11:07:34     STOCK_FILE pri podjetju 1: se ni na vrsti po razporedu; preskoceno.
11:07:35     Prebranih zapisov: 1389; SHA-256: e375c736f43e1da4c901bd138af09a23ddbcad82ef8f971e39c98b41293df126
11:07:35     STOCK_FILE pri podjetju 2: se ni na vrsti po razporedu; preskoceno.
11:07:36     Prebranih zapisov: 1389; SHA-256: e375c736f43e1da4c901bd138af09a23ddbcad82ef8f971e39c98b41293df126
11:07:36     STOCK_FILE pri podjetju 3: se ni na vrsti po razporedu; preskoceno.
11:07:36     Prebranih zapisov: 1389; SHA-256: e375c736f43e1da4c901bd138af09a23ddbcad82ef8f971e39c98b41293df126
11:07:37     STOCK_FILE pri podjetju 4: se ni na vrsti po razporedu; preskoceno.
11:07:37     konec: Zaloga BT_STOCK
11:07:37  == Zaloga iz SAOP (kolicine) ==
11:07:38     [1] SAOP_STOCK: se ni na vrsti po razporedu; preskoceno.
11:07:38     [2] SAOP_STOCK: se ni na vrsti po razporedu; preskoceno.
11:07:38     [3] SAOP_STOCK: se ni na vrsti po razporedu; preskoceno.
11:07:38     [4] SAOP_STOCK: se ni na vrsti po razporedu; preskoceno.
11:07:38     konec: Zaloga iz SAOP (kolicine)
11:07:38  == Izvoz cen in zaloge za splet ==
11:07:39     Izvoz profila MAGENTO_STOCK_PRICES končan: 352 vrstic v C:\Users\david\Desktop\PIM\NoviPIM\izvoz\magento\1
11:07:43     Izvoz profila MAGENTO_STOCK_PRICES končan: 2071 vrstic v C:\Users\david\Desktop\PIM\NoviPIM\izvoz\magento\2
11:07:47     Izvoz profila MAGENTO_STOCK_PRICES končan: 2488 vrstic v C:\Users\david\Desktop\PIM\NoviPIM\izvoz\magento\3
11:07:48     Izvoz profila MAGENTO_STOCK_PRICES končan: 0 vrstic v C:\Users\david\Desktop\PIM\NoviPIM\izvoz\magento\4
11:07:48     konec: Izvoz cen in zaloge za splet
11:07:48  Zalogovni cikel koncan; padlih korakov: 0.
11:12:27  == Zaloga NW_STOCK ==
11:12:28     SOURCE_FETCH: se ni na vrsti po razporedu; preskoceno.
11:12:28     Prebranih zapisov: 2763; SHA-256: 30877b5630abf2a21129403c95ce14ed990ecf76c1a2c101841b52c4357fd8b1
11:12:29     STOCK_FILE pri podjetju 1: se ni na vrsti po razporedu; preskoceno.
11:12:29     Prebranih zapisov: 2763; SHA-256: 30877b5630abf2a21129403c95ce14ed990ecf76c1a2c101841b52c4357fd8b1
11:12:30     STOCK_FILE pri podjetju 2: se ni na vrsti po razporedu; preskoceno.
11:12:30     Prebranih zapisov: 2763; SHA-256: 30877b5630abf2a21129403c95ce14ed990ecf76c1a2c101841b52c4357fd8b1
11:12:31     STOCK_FILE pri podjetju 3: se ni na vrsti po razporedu; preskoceno.
11:12:31     Prebranih zapisov: 2763; SHA-256: 30877b5630abf2a21129403c95ce14ed990ecf76c1a2c101841b52c4357fd8b1
11:12:32     STOCK_FILE pri podjetju 4: se ni na vrsti po razporedu; preskoceno.
11:12:32     konec: Zaloga NW_STOCK
11:12:32  == Zaloga BT_STOCK ==
11:12:32     [BT_STOCK] preskoceno: Razmik dobavitelja se tece; naslednji prenos po 4. 09. 2026 12:22.
11:12:32     Prevzem koncan: uspesno 0, neuspesno 0, skupaj virov 1.
11:12:33     Prebranih zapisov: 1389; SHA-256: e375c736f43e1da4c901bd138af09a23ddbcad82ef8f971e39c98b41293df126
11:12:34     Ta posnetek je ze v bazi; vir=BT_STOCK, podjetje=1, cas posnetka=2026-09-04 07:22:34Z, uporabljenih=1389, v karanteni=0, RunId=c01771dc-357f-4a28-8f7d-f535a3d075ed. Zapisano ni bilo nic.
11:12:34     Prebranih zapisov: 1389; SHA-256: e375c736f43e1da4c901bd138af09a23ddbcad82ef8f971e39c98b41293df126
11:12:35     Ta posnetek je ze v bazi; vir=BT_STOCK, podjetje=2, cas posnetka=2026-09-04 07:22:34Z, uporabljenih=1389, v karanteni=0, RunId=75524a0a-1a23-402f-8bb1-afa0910b31c8. Zapisano ni bilo nic.
11:12:35     Prebranih zapisov: 1389; SHA-256: e375c736f43e1da4c901bd138af09a23ddbcad82ef8f971e39c98b41293df126
11:12:36     Ta posnetek je ze v bazi; vir=BT_STOCK, podjetje=3, cas posnetka=2026-09-04 07:22:34Z, uporabljenih=1389, v karanteni=0, RunId=fc90fa6d-6afd-41c8-a348-4a9c1170dea6. Zapisano ni bilo nic.
11:12:36     Prebranih zapisov: 1389; SHA-256: e375c736f43e1da4c901bd138af09a23ddbcad82ef8f971e39c98b41293df126
11:12:37     Ta posnetek je ze v bazi; vir=BT_STOCK, podjetje=4, cas posnetka=2026-09-04 07:22:34Z, uporabljenih=1389, v karanteni=0, RunId=9f07fcaf-5204-49d7-badc-55e30335d6f3. Zapisano ni bilo nic.
11:12:37     konec: Zaloga BT_STOCK
11:12:37  == Zaloga iz SAOP (kolicine) ==
11:12:38     [1] SAOP_STOCK: se ni na vrsti po razporedu; preskoceno.
11:12:38     [2] SAOP_STOCK: se ni na vrsti po razporedu; preskoceno.
11:12:38     [3] SAOP_STOCK: se ni na vrsti po razporedu; preskoceno.
11:12:38     [4] SAOP_STOCK: se ni na vrsti po razporedu; preskoceno.
11:12:38     konec: Zaloga iz SAOP (kolicine)
11:12:38  == Izvoz cen in zaloge za splet ==
11:12:39     Izvoz profila MAGENTO_STOCK_PRICES končan: 352 vrstic v C:\Users\david\Desktop\PIM\NoviPIM\izvoz\magento\1
11:12:43     Izvoz profila MAGENTO_STOCK_PRICES končan: 2071 vrstic v C:\Users\david\Desktop\PIM\NoviPIM\izvoz\magento\2
11:12:47     Izvoz profila MAGENTO_STOCK_PRICES končan: 2488 vrstic v C:\Users\david\Desktop\PIM\NoviPIM\izvoz\magento\3
11:12:48     Izvoz profila MAGENTO_STOCK_PRICES končan: 0 vrstic v C:\Users\david\Desktop\PIM\NoviPIM\izvoz\magento\4
11:12:48     konec: Izvoz cen in zaloge za splet
11:12:48  Zalogovni cikel koncan; padlih korakov: 0.
11:17:27  == Zaloga NW_STOCK ==
11:17:28     SOURCE_FETCH: se ni na vrsti po razporedu; preskoceno.
11:17:28     Prebranih zapisov: 2763; SHA-256: 30877b5630abf2a21129403c95ce14ed990ecf76c1a2c101841b52c4357fd8b1
11:17:29     STOCK_FILE pri podjetju 1: se ni na vrsti po razporedu; preskoceno.
11:17:29     Prebranih zapisov: 2763; SHA-256: 30877b5630abf2a21129403c95ce14ed990ecf76c1a2c101841b52c4357fd8b1
11:17:30     STOCK_FILE pri podjetju 2: se ni na vrsti po razporedu; preskoceno.
11:17:30     Prebranih zapisov: 2763; SHA-256: 30877b5630abf2a21129403c95ce14ed990ecf76c1a2c101841b52c4357fd8b1
11:17:31     STOCK_FILE pri podjetju 3: se ni na vrsti po razporedu; preskoceno.
11:17:31     Prebranih zapisov: 2763; SHA-256: 30877b5630abf2a21129403c95ce14ed990ecf76c1a2c101841b52c4357fd8b1
11:17:32     STOCK_FILE pri podjetju 4: se ni na vrsti po razporedu; preskoceno.
11:17:32     konec: Zaloga NW_STOCK
11:17:32  == Zaloga BT_STOCK ==
11:17:32     SOURCE_FETCH: se ni na vrsti po razporedu; preskoceno.
11:17:33     Prebranih zapisov: 1389; SHA-256: e375c736f43e1da4c901bd138af09a23ddbcad82ef8f971e39c98b41293df126
11:17:33     STOCK_FILE pri podjetju 1: se ni na vrsti po razporedu; preskoceno.
11:17:34     Prebranih zapisov: 1389; SHA-256: e375c736f43e1da4c901bd138af09a23ddbcad82ef8f971e39c98b41293df126
11:17:34     STOCK_FILE pri podjetju 2: se ni na vrsti po razporedu; preskoceno.
11:17:35     Prebranih zapisov: 1389; SHA-256: e375c736f43e1da4c901bd138af09a23ddbcad82ef8f971e39c98b41293df126
11:17:35     STOCK_FILE pri podjetju 3: se ni na vrsti po razporedu; preskoceno.
11:17:36     Prebranih zapisov: 1389; SHA-256: e375c736f43e1da4c901bd138af09a23ddbcad82ef8f971e39c98b41293df126
11:17:36     STOCK_FILE pri podjetju 4: se ni na vrsti po razporedu; preskoceno.
11:17:36     konec: Zaloga BT_STOCK
11:17:36  == Zaloga iz SAOP (kolicine) ==
11:17:58     STDERR: [1] NAPAKA: A connection attempt failed because the connected party did not properly respond after a period of time, or established connection failed because connected host has failed to respond. (192.168.178.12:81)
11:18:20     STDERR: [2] NAPAKA: A connection attempt failed because the connected party did not properly respond after a period of time, or established connection failed because connected host has failed to respond. (192.168.178.12:81)
11:18:41     STDERR: [3] NAPAKA: A connection attempt failed because the connected party did not properly respond after a period of time, or established connection failed because connected host has failed to respond. (192.168.178.12:81)
11:19:02     STDERR: [4] NAPAKA: A connection attempt failed because the connected party did not properly respond after a period of time, or established connection failed because connected host has failed to respond. (192.168.178.12:81)
11:19:02     NAPAKA: worker workers\PIM.SaopStockWorker je koncal z izhodno kodo 1
11:19:02  == Izvoz cen in zaloge za splet ==
11:19:03     Izvoz profila MAGENTO_STOCK_PRICES končan: 352 vrstic v C:\Users\david\Desktop\PIM\NoviPIM\izvoz\magento\1
11:19:07     Izvoz profila MAGENTO_STOCK_PRICES končan: 2071 vrstic v C:\Users\david\Desktop\PIM\NoviPIM\izvoz\magento\2
11:19:11     Izvoz profila MAGENTO_STOCK_PRICES končan: 2488 vrstic v C:\Users\david\Desktop\PIM\NoviPIM\izvoz\magento\3
11:19:12     Izvoz profila MAGENTO_STOCK_PRICES končan: 0 vrstic v C:\Users\david\Desktop\PIM\NoviPIM\izvoz\magento\4
11:19:12     konec: Izvoz cen in zaloge za splet
11:19:12  Zalogovni cikel koncan; padlih korakov: 1.
11:22:27  == Zaloga NW_STOCK ==
11:22:29     [NW_STOCK] prevzeto 87.441 bajtov -> C:\Users\david\Desktop\PIM\NoviPIM\PIM_Solution\data\prevzem\NW_STOCK\nw-zaloga.csv
11:22:29     Prevzem koncan: uspesno 1, neuspesno 0, skupaj virov 1.
11:22:30     Prebranih zapisov: 2763; SHA-256: d49f1c51a716a29aca38b14df779ff9ab645b129ebb64a775920985eca879b1a
11:22:31     Zaloga zapisana; vir=NW_STOCK, podjetje=1, uporabljenih=2763, v karanteni=0, RunId=23b712e2-9403-4016-bcfb-fa79d3c7b7f6.
11:22:32     Prebranih zapisov: 2763; SHA-256: d49f1c51a716a29aca38b14df779ff9ab645b129ebb64a775920985eca879b1a
11:22:33     Zaloga zapisana; vir=NW_STOCK, podjetje=2, uporabljenih=2763, v karanteni=0, RunId=4a97d99d-4103-4795-bc22-3eeaa5af9e35.
11:22:34     Prebranih zapisov: 2763; SHA-256: d49f1c51a716a29aca38b14df779ff9ab645b129ebb64a775920985eca879b1a
11:22:36     Zaloga zapisana; vir=NW_STOCK, podjetje=3, uporabljenih=2763, v karanteni=0, RunId=8d91278e-657c-41b7-a286-fe99d4875e9a.
11:22:36     Prebranih zapisov: 2763; SHA-256: d49f1c51a716a29aca38b14df779ff9ab645b129ebb64a775920985eca879b1a
11:22:38     Zaloga zapisana; vir=NW_STOCK, podjetje=4, uporabljenih=2763, v karanteni=0, RunId=3d5976a3-454a-4a1a-91cd-48a3920dbe02.
11:22:38     konec: Zaloga NW_STOCK
11:22:38  == Zaloga BT_STOCK ==
11:22:39     SOURCE_FETCH: se ni na vrsti po razporedu; preskoceno.
11:22:39     Prebranih zapisov: 1389; SHA-256: e375c736f43e1da4c901bd138af09a23ddbcad82ef8f971e39c98b41293df126
11:22:40     STOCK_FILE pri podjetju 1: se ni na vrsti po razporedu; preskoceno.
11:22:40     Prebranih zapisov: 1389; SHA-256: e375c736f43e1da4c901bd138af09a23ddbcad82ef8f971e39c98b41293df126
11:22:41     STOCK_FILE pri podjetju 2: se ni na vrsti po razporedu; preskoceno.
11:22:41     Prebranih zapisov: 1389; SHA-256: e375c736f43e1da4c901bd138af09a23ddbcad82ef8f971e39c98b41293df126
11:22:42     STOCK_FILE pri podjetju 3: se ni na vrsti po razporedu; preskoceno.
11:22:42     Prebranih zapisov: 1389; SHA-256: e375c736f43e1da4c901bd138af09a23ddbcad82ef8f971e39c98b41293df126
11:22:42     STOCK_FILE pri podjetju 4: se ni na vrsti po razporedu; preskoceno.
11:22:43     konec: Zaloga BT_STOCK
11:22:43  == Zaloga iz SAOP (kolicine) ==
11:22:44     [1] SAOP_STOCK: se ni na vrsti po razporedu; preskoceno.
11:22:44     [2] SAOP_STOCK: se ni na vrsti po razporedu; preskoceno.
11:22:44     [3] SAOP_STOCK: se ni na vrsti po razporedu; preskoceno.
11:22:44     [4] SAOP_STOCK: se ni na vrsti po razporedu; preskoceno.
11:22:44     konec: Zaloga iz SAOP (kolicine)
11:22:44  == Izvoz cen in zaloge za splet ==
11:22:45     Izvoz profila MAGENTO_STOCK_PRICES končan: 352 vrstic v C:\Users\david\Desktop\PIM\NoviPIM\izvoz\magento\1
11:22:49     Izvoz profila MAGENTO_STOCK_PRICES končan: 2071 vrstic v C:\Users\david\Desktop\PIM\NoviPIM\izvoz\magento\2
11:22:52     Izvoz profila MAGENTO_STOCK_PRICES končan: 2488 vrstic v C:\Users\david\Desktop\PIM\NoviPIM\izvoz\magento\3
11:22:54     Izvoz profila MAGENTO_STOCK_PRICES končan: 0 vrstic v C:\Users\david\Desktop\PIM\NoviPIM\izvoz\magento\4
11:22:54     konec: Izvoz cen in zaloge za splet
11:22:54  Zalogovni cikel koncan; padlih korakov: 0.
11:27:28  == Zaloga NW_STOCK ==
11:27:30     [NW_STOCK] preskoceno: Razmik dobavitelja se tece; naslednji prenos po 4. 09. 2026 13:22.
11:27:30     Prevzem koncan: uspesno 0, neuspesno 0, skupaj virov 1.
11:27:31     Prebranih zapisov: 2763; SHA-256: d49f1c51a716a29aca38b14df779ff9ab645b129ebb64a775920985eca879b1a
11:27:31     Ta posnetek je ze v bazi; vir=NW_STOCK, podjetje=1, cas posnetka=2026-09-04 09:22:29Z, uporabljenih=2763, v karanteni=0, RunId=23b712e2-9403-4016-bcfb-fa79d3c7b7f6. Zapisano ni bilo nic.
11:27:32     Prebranih zapisov: 2763; SHA-256: d49f1c51a716a29aca38b14df779ff9ab645b129ebb64a775920985eca879b1a
11:27:32     Ta posnetek je ze v bazi; vir=NW_STOCK, podjetje=2, cas posnetka=2026-09-04 09:22:29Z, uporabljenih=2763, v karanteni=0, RunId=4a97d99d-4103-4795-bc22-3eeaa5af9e35. Zapisano ni bilo nic.
11:27:33     Prebranih zapisov: 2763; SHA-256: d49f1c51a716a29aca38b14df779ff9ab645b129ebb64a775920985eca879b1a
11:27:33     STOCK_FILE pri podjetju 3: se ni na vrsti po razporedu; preskoceno.
11:27:34     Prebranih zapisov: 2763; SHA-256: d49f1c51a716a29aca38b14df779ff9ab645b129ebb64a775920985eca879b1a
11:27:35     STOCK_FILE pri podjetju 4: se ni na vrsti po razporedu; preskoceno.
11:27:35     konec: Zaloga NW_STOCK
11:27:35  == Zaloga BT_STOCK ==
11:27:36     SOURCE_FETCH: se ni na vrsti po razporedu; preskoceno.
11:27:37     Prebranih zapisov: 1389; SHA-256: e375c736f43e1da4c901bd138af09a23ddbcad82ef8f971e39c98b41293df126
11:27:37     STOCK_FILE pri podjetju 1: se ni na vrsti po razporedu; preskoceno.
11:27:38     Prebranih zapisov: 1389; SHA-256: e375c736f43e1da4c901bd138af09a23ddbcad82ef8f971e39c98b41293df126
11:27:38     STOCK_FILE pri podjetju 2: se ni na vrsti po razporedu; preskoceno.
11:27:39     Prebranih zapisov: 1389; SHA-256: e375c736f43e1da4c901bd138af09a23ddbcad82ef8f971e39c98b41293df126
11:27:40     Ta posnetek je ze v bazi; vir=BT_STOCK, podjetje=3, cas posnetka=2026-09-04 07:22:34Z, uporabljenih=1389, v karanteni=0, RunId=fc90fa6d-6afd-41c8-a348-4a9c1170dea6. Zapisano ni bilo nic.
11:27:40     Prebranih zapisov: 1389; SHA-256: e375c736f43e1da4c901bd138af09a23ddbcad82ef8f971e39c98b41293df126
11:27:41     Ta posnetek je ze v bazi; vir=BT_STOCK, podjetje=4, cas posnetka=2026-09-04 07:22:34Z, uporabljenih=1389, v karanteni=0, RunId=9f07fcaf-5204-49d7-badc-55e30335d6f3. Zapisano ni bilo nic.
11:27:41     konec: Zaloga BT_STOCK
11:27:41  == Zaloga iz SAOP (kolicine) ==
11:27:42     [1] SAOP_STOCK: se ni na vrsti po razporedu; preskoceno.
11:27:42     [2] SAOP_STOCK: se ni na vrsti po razporedu; preskoceno.
11:27:42     [3] SAOP_STOCK: se ni na vrsti po razporedu; preskoceno.
11:27:42     [4] SAOP_STOCK: se ni na vrsti po razporedu; preskoceno.
11:27:42     konec: Zaloga iz SAOP (kolicine)
11:27:42  == Izvoz cen in zaloge za splet ==
11:27:44     Izvoz profila MAGENTO_STOCK_PRICES končan: 352 vrstic v C:\Users\david\Desktop\PIM\NoviPIM\izvoz\magento\1
11:27:48     Izvoz profila MAGENTO_STOCK_PRICES končan: 2071 vrstic v C:\Users\david\Desktop\PIM\NoviPIM\izvoz\magento\2
11:27:52     Izvoz profila MAGENTO_STOCK_PRICES končan: 2488 vrstic v C:\Users\david\Desktop\PIM\NoviPIM\izvoz\magento\3
11:27:53     Izvoz profila MAGENTO_STOCK_PRICES končan: 0 vrstic v C:\Users\david\Desktop\PIM\NoviPIM\izvoz\magento\4
11:27:53     konec: Izvoz cen in zaloge za splet
11:27:53  Zalogovni cikel koncan; padlih korakov: 0.
11:32:28  == Zaloga NW_STOCK ==
11:32:30     [NW_STOCK] preskoceno: Razmik dobavitelja se tece; naslednji prenos po 4. 09. 2026 13:22.
11:32:30     Prevzem koncan: uspesno 0, neuspesno 0, skupaj virov 1.
11:32:31     Prebranih zapisov: 2763; SHA-256: d49f1c51a716a29aca38b14df779ff9ab645b129ebb64a775920985eca879b1a
11:32:31     STOCK_FILE pri podjetju 1: se ni na vrsti po razporedu; preskoceno.
11:32:32     Prebranih zapisov: 2763; SHA-256: d49f1c51a716a29aca38b14df779ff9ab645b129ebb64a775920985eca879b1a
11:32:32     STOCK_FILE pri podjetju 2: se ni na vrsti po razporedu; preskoceno.
11:32:33     Prebranih zapisov: 2763; SHA-256: d49f1c51a716a29aca38b14df779ff9ab645b129ebb64a775920985eca879b1a
11:32:33     STOCK_FILE pri podjetju 3: se ni na vrsti po razporedu; preskoceno.
11:32:34     Prebranih zapisov: 2763; SHA-256: d49f1c51a716a29aca38b14df779ff9ab645b129ebb64a775920985eca879b1a
11:32:34     STOCK_FILE pri podjetju 4: se ni na vrsti po razporedu; preskoceno.
11:32:34     konec: Zaloga NW_STOCK
11:32:34  == Zaloga BT_STOCK ==
11:32:35     SOURCE_FETCH: se ni na vrsti po razporedu; preskoceno.
11:32:36     Prebranih zapisov: 1389; SHA-256: e375c736f43e1da4c901bd138af09a23ddbcad82ef8f971e39c98b41293df126
11:32:37     Ta posnetek je ze v bazi; vir=BT_STOCK, podjetje=1, cas posnetka=2026-09-04 07:22:34Z, uporabljenih=1389, v karanteni=0, RunId=c01771dc-357f-4a28-8f7d-f535a3d075ed. Zapisano ni bilo nic.
11:32:38     Prebranih zapisov: 1389; SHA-256: e375c736f43e1da4c901bd138af09a23ddbcad82ef8f971e39c98b41293df126
11:32:38     Ta posnetek je ze v bazi; vir=BT_STOCK, podjetje=2, cas posnetka=2026-09-04 07:22:34Z, uporabljenih=1389, v karanteni=0, RunId=75524a0a-1a23-402f-8bb1-afa0910b31c8. Zapisano ni bilo nic.
11:32:39     Prebranih zapisov: 1389; SHA-256: e375c736f43e1da4c901bd138af09a23ddbcad82ef8f971e39c98b41293df126
11:32:39     STOCK_FILE pri podjetju 3: se ni na vrsti po razporedu; preskoceno.
11:32:40     Prebranih zapisov: 1389; SHA-256: e375c736f43e1da4c901bd138af09a23ddbcad82ef8f971e39c98b41293df126
11:32:40     STOCK_FILE pri podjetju 4: se ni na vrsti po razporedu; preskoceno.
11:32:40     konec: Zaloga BT_STOCK
11:32:40  == Zaloga iz SAOP (kolicine) ==
11:32:41     [1] SAOP_STOCK: se ni na vrsti po razporedu; preskoceno.
11:32:41     [2] SAOP_STOCK: se ni na vrsti po razporedu; preskoceno.
11:32:41     [3] SAOP_STOCK: se ni na vrsti po razporedu; preskoceno.
11:32:41     [4] SAOP_STOCK: se ni na vrsti po razporedu; preskoceno.
11:32:42     konec: Zaloga iz SAOP (kolicine)
11:32:42  == Izvoz cen in zaloge za splet ==
11:32:43     Izvoz profila MAGENTO_STOCK_PRICES končan: 352 vrstic v C:\Users\david\Desktop\PIM\NoviPIM\izvoz\magento\1
11:32:47     Izvoz profila MAGENTO_STOCK_PRICES končan: 2071 vrstic v C:\Users\david\Desktop\PIM\NoviPIM\izvoz\magento\2
11:32:51     Izvoz profila MAGENTO_STOCK_PRICES končan: 2488 vrstic v C:\Users\david\Desktop\PIM\NoviPIM\izvoz\magento\3
11:32:52     Izvoz profila MAGENTO_STOCK_PRICES končan: 0 vrstic v C:\Users\david\Desktop\PIM\NoviPIM\izvoz\magento\4
11:32:52     konec: Izvoz cen in zaloge za splet
11:32:52  Zalogovni cikel koncan; padlih korakov: 0.
11:37:27  == Zaloga NW_STOCK ==
11:37:28     SOURCE_FETCH: se ni na vrsti po razporedu; preskoceno.
11:37:29     Prebranih zapisov: 2763; SHA-256: d49f1c51a716a29aca38b14df779ff9ab645b129ebb64a775920985eca879b1a
11:37:29     STOCK_FILE pri podjetju 1: se ni na vrsti po razporedu; preskoceno.
11:37:30     Prebranih zapisov: 2763; SHA-256: d49f1c51a716a29aca38b14df779ff9ab645b129ebb64a775920985eca879b1a
11:37:30     STOCK_FILE pri podjetju 2: se ni na vrsti po razporedu; preskoceno.
11:37:31     Prebranih zapisov: 2763; SHA-256: d49f1c51a716a29aca38b14df779ff9ab645b129ebb64a775920985eca879b1a
11:37:31     Ta posnetek je ze v bazi; vir=NW_STOCK, podjetje=3, cas posnetka=2026-09-04 09:22:29Z, uporabljenih=2763, v karanteni=0, RunId=8d91278e-657c-41b7-a286-fe99d4875e9a. Zapisano ni bilo nic.
11:37:32     Prebranih zapisov: 2763; SHA-256: d49f1c51a716a29aca38b14df779ff9ab645b129ebb64a775920985eca879b1a
11:37:32     Ta posnetek je ze v bazi; vir=NW_STOCK, podjetje=4, cas posnetka=2026-09-04 09:22:29Z, uporabljenih=2763, v karanteni=0, RunId=3d5976a3-454a-4a1a-91cd-48a3920dbe02. Zapisano ni bilo nic.
11:37:32     konec: Zaloga NW_STOCK
11:37:32  == Zaloga BT_STOCK ==
11:37:33     [BT_STOCK] preskoceno: Razmik dobavitelja se tece; naslednji prenos po 4. 09. 2026 12:22.
11:37:33     Prevzem koncan: uspesno 0, neuspesno 0, skupaj virov 1.
11:37:34     Prebranih zapisov: 1389; SHA-256: e375c736f43e1da4c901bd138af09a23ddbcad82ef8f971e39c98b41293df126
11:37:34     STOCK_FILE pri podjetju 1: se ni na vrsti po razporedu; preskoceno.
11:37:35     Prebranih zapisov: 1389; SHA-256: e375c736f43e1da4c901bd138af09a23ddbcad82ef8f971e39c98b41293df126
11:37:35     STOCK_FILE pri podjetju 2: se ni na vrsti po razporedu; preskoceno.
11:37:36     Prebranih zapisov: 1389; SHA-256: e375c736f43e1da4c901bd138af09a23ddbcad82ef8f971e39c98b41293df126
11:37:36     STOCK_FILE pri podjetju 3: se ni na vrsti po razporedu; preskoceno.
11:37:37     Prebranih zapisov: 1389; SHA-256: e375c736f43e1da4c901bd138af09a23ddbcad82ef8f971e39c98b41293df126
11:37:37     STOCK_FILE pri podjetju 4: se ni na vrsti po razporedu; preskoceno.
11:37:37     konec: Zaloga BT_STOCK
11:37:37  == Zaloga iz SAOP (kolicine) ==
11:37:38     [1] SAOP_STOCK: se ni na vrsti po razporedu; preskoceno.
11:37:38     [2] SAOP_STOCK: se ni na vrsti po razporedu; preskoceno.
11:37:38     [3] SAOP_STOCK: se ni na vrsti po razporedu; preskoceno.
11:37:38     [4] SAOP_STOCK: se ni na vrsti po razporedu; preskoceno.
11:37:38     konec: Zaloga iz SAOP (kolicine)
11:37:38  == Izvoz cen in zaloge za splet ==
11:37:40     Izvoz profila MAGENTO_STOCK_PRICES končan: 352 vrstic v C:\Users\david\Desktop\PIM\NoviPIM\izvoz\magento\1
11:37:44     Izvoz profila MAGENTO_STOCK_PRICES končan: 2071 vrstic v C:\Users\david\Desktop\PIM\NoviPIM\izvoz\magento\2
11:37:47     Izvoz profila MAGENTO_STOCK_PRICES končan: 2488 vrstic v C:\Users\david\Desktop\PIM\NoviPIM\izvoz\magento\3
11:37:48     Izvoz profila MAGENTO_STOCK_PRICES končan: 0 vrstic v C:\Users\david\Desktop\PIM\NoviPIM\izvoz\magento\4
11:37:48     konec: Izvoz cen in zaloge za splet
11:37:48  Zalogovni cikel koncan; padlih korakov: 0.
11:42:27  == Zaloga NW_STOCK ==
11:42:28     SOURCE_FETCH: se ni na vrsti po razporedu; preskoceno.
11:42:29     Prebranih zapisov: 2763; SHA-256: d49f1c51a716a29aca38b14df779ff9ab645b129ebb64a775920985eca879b1a
11:42:29     Ta posnetek je ze v bazi; vir=NW_STOCK, podjetje=1, cas posnetka=2026-09-04 09:22:29Z, uporabljenih=2763, v karanteni=0, RunId=23b712e2-9403-4016-bcfb-fa79d3c7b7f6. Zapisano ni bilo nic.
11:42:30     Prebranih zapisov: 2763; SHA-256: d49f1c51a716a29aca38b14df779ff9ab645b129ebb64a775920985eca879b1a
11:42:30     Ta posnetek je ze v bazi; vir=NW_STOCK, podjetje=2, cas posnetka=2026-09-04 09:22:29Z, uporabljenih=2763, v karanteni=0, RunId=4a97d99d-4103-4795-bc22-3eeaa5af9e35. Zapisano ni bilo nic.
11:42:31     Prebranih zapisov: 2763; SHA-256: d49f1c51a716a29aca38b14df779ff9ab645b129ebb64a775920985eca879b1a
11:42:31     STOCK_FILE pri podjetju 3: se ni na vrsti po razporedu; preskoceno.
11:42:32     Prebranih zapisov: 2763; SHA-256: d49f1c51a716a29aca38b14df779ff9ab645b129ebb64a775920985eca879b1a
11:42:32     STOCK_FILE pri podjetju 4: se ni na vrsti po razporedu; preskoceno.
11:42:32     konec: Zaloga NW_STOCK
11:42:32  == Zaloga BT_STOCK ==
11:42:33     SOURCE_FETCH: se ni na vrsti po razporedu; preskoceno.
11:42:34     Prebranih zapisov: 1389; SHA-256: e375c736f43e1da4c901bd138af09a23ddbcad82ef8f971e39c98b41293df126
11:42:34     STOCK_FILE pri podjetju 1: se ni na vrsti po razporedu; preskoceno.
11:42:35     Prebranih zapisov: 1389; SHA-256: e375c736f43e1da4c901bd138af09a23ddbcad82ef8f971e39c98b41293df126
11:42:35     STOCK_FILE pri podjetju 2: se ni na vrsti po razporedu; preskoceno.
11:42:36     Prebranih zapisov: 1389; SHA-256: e375c736f43e1da4c901bd138af09a23ddbcad82ef8f971e39c98b41293df126
11:42:36     Ta posnetek je ze v bazi; vir=BT_STOCK, podjetje=3, cas posnetka=2026-09-04 07:22:34Z, uporabljenih=1389, v karanteni=0, RunId=fc90fa6d-6afd-41c8-a348-4a9c1170dea6. Zapisano ni bilo nic.
11:42:37     Prebranih zapisov: 1389; SHA-256: e375c736f43e1da4c901bd138af09a23ddbcad82ef8f971e39c98b41293df126
11:42:37     Ta posnetek je ze v bazi; vir=BT_STOCK, podjetje=4, cas posnetka=2026-09-04 07:22:34Z, uporabljenih=1389, v karanteni=0, RunId=9f07fcaf-5204-49d7-badc-55e30335d6f3. Zapisano ni bilo nic.
11:42:37     konec: Zaloga BT_STOCK
11:42:37  == Zaloga iz SAOP (kolicine) ==
11:42:38     [1] SAOP_STOCK: se ni na vrsti po razporedu; preskoceno.
11:42:38     [2] SAOP_STOCK: se ni na vrsti po razporedu; preskoceno.
11:42:38     [3] SAOP_STOCK: se ni na vrsti po razporedu; preskoceno.
11:42:38     [4] SAOP_STOCK: se ni na vrsti po razporedu; preskoceno.
11:42:38     konec: Zaloga iz SAOP (kolicine)
11:42:38  == Izvoz cen in zaloge za splet ==
11:42:39     Izvoz profila MAGENTO_STOCK_PRICES končan: 352 vrstic v C:\Users\david\Desktop\PIM\NoviPIM\izvoz\magento\1
11:42:43     Izvoz profila MAGENTO_STOCK_PRICES končan: 2071 vrstic v C:\Users\david\Desktop\PIM\NoviPIM\izvoz\magento\2
11:42:47     Izvoz profila MAGENTO_STOCK_PRICES končan: 2488 vrstic v C:\Users\david\Desktop\PIM\NoviPIM\izvoz\magento\3
11:42:48     Izvoz profila MAGENTO_STOCK_PRICES končan: 0 vrstic v C:\Users\david\Desktop\PIM\NoviPIM\izvoz\magento\4
11:42:48     konec: Izvoz cen in zaloge za splet
11:42:48  Zalogovni cikel koncan; padlih korakov: 0.
11:47:27  == Zaloga NW_STOCK ==
11:47:28     [NW_STOCK] preskoceno: Razmik dobavitelja se tece; naslednji prenos po 4. 09. 2026 13:22.
11:47:28     Prevzem koncan: uspesno 0, neuspesno 0, skupaj virov 1.
11:47:29     Prebranih zapisov: 2763; SHA-256: d49f1c51a716a29aca38b14df779ff9ab645b129ebb64a775920985eca879b1a
11:47:29     Ta posnetek je ze v bazi; vir=NW_STOCK, podjetje=1, cas posnetka=2026-09-04 09:22:29Z, uporabljenih=2763, v karanteni=0, RunId=23b712e2-9403-4016-bcfb-fa79d3c7b7f6. Zapisano ni bilo nic.
11:47:30     Prebranih zapisov: 2763; SHA-256: d49f1c51a716a29aca38b14df779ff9ab645b129ebb64a775920985eca879b1a
11:47:30     Ta posnetek je ze v bazi; vir=NW_STOCK, podjetje=2, cas posnetka=2026-09-04 09:22:29Z, uporabljenih=2763, v karanteni=0, RunId=4a97d99d-4103-4795-bc22-3eeaa5af9e35. Zapisano ni bilo nic.
11:47:31     Prebranih zapisov: 2763; SHA-256: d49f1c51a716a29aca38b14df779ff9ab645b129ebb64a775920985eca879b1a
11:47:31     STOCK_FILE pri podjetju 3: se ni na vrsti po razporedu; preskoceno.
11:47:32     Prebranih zapisov: 2763; SHA-256: d49f1c51a716a29aca38b14df779ff9ab645b129ebb64a775920985eca879b1a
11:47:32     STOCK_FILE pri podjetju 4: se ni na vrsti po razporedu; preskoceno.
11:47:32     konec: Zaloga NW_STOCK
11:47:32  == Zaloga BT_STOCK ==
11:47:33     SOURCE_FETCH: se ni na vrsti po razporedu; preskoceno.
11:47:34     Prebranih zapisov: 1389; SHA-256: e375c736f43e1da4c901bd138af09a23ddbcad82ef8f971e39c98b41293df126
11:47:34     STOCK_FILE pri podjetju 1: se ni na vrsti po razporedu; preskoceno.
11:47:35     Prebranih zapisov: 1389; SHA-256: e375c736f43e1da4c901bd138af09a23ddbcad82ef8f971e39c98b41293df126
11:47:35     STOCK_FILE pri podjetju 2: se ni na vrsti po razporedu; preskoceno.
11:47:36     Prebranih zapisov: 1389; SHA-256: e375c736f43e1da4c901bd138af09a23ddbcad82ef8f971e39c98b41293df126
11:47:36     Ta posnetek je ze v bazi; vir=BT_STOCK, podjetje=3, cas posnetka=2026-09-04 07:22:34Z, uporabljenih=1389, v karanteni=0, RunId=fc90fa6d-6afd-41c8-a348-4a9c1170dea6. Zapisano ni bilo nic.
11:47:37     Prebranih zapisov: 1389; SHA-256: e375c736f43e1da4c901bd138af09a23ddbcad82ef8f971e39c98b41293df126
11:47:37     Ta posnetek je ze v bazi; vir=BT_STOCK, podjetje=4, cas posnetka=2026-09-04 07:22:34Z, uporabljenih=1389, v karanteni=0, RunId=9f07fcaf-5204-49d7-badc-55e30335d6f3. Zapisano ni bilo nic.
11:47:37     konec: Zaloga BT_STOCK
11:47:37  == Zaloga iz SAOP (kolicine) ==
11:47:38     [1] SAOP_STOCK: se ni na vrsti po razporedu; preskoceno.
11:47:38     [2] SAOP_STOCK: se ni na vrsti po razporedu; preskoceno.
11:47:38     [3] SAOP_STOCK: se ni na vrsti po razporedu; preskoceno.
11:47:38     [4] SAOP_STOCK: se ni na vrsti po razporedu; preskoceno.
11:47:38     konec: Zaloga iz SAOP (kolicine)
11:47:38  == Izvoz cen in zaloge za splet ==
11:47:40     Izvoz profila MAGENTO_STOCK_PRICES končan: 352 vrstic v C:\Users\david\Desktop\PIM\NoviPIM\izvoz\magento\1
11:47:43     Izvoz profila MAGENTO_STOCK_PRICES končan: 2071 vrstic v C:\Users\david\Desktop\PIM\NoviPIM\izvoz\magento\2
11:47:47     Izvoz profila MAGENTO_STOCK_PRICES končan: 2488 vrstic v C:\Users\david\Desktop\PIM\NoviPIM\izvoz\magento\3
11:47:48     Izvoz profila MAGENTO_STOCK_PRICES končan: 0 vrstic v C:\Users\david\Desktop\PIM\NoviPIM\izvoz\magento\4
11:47:48     konec: Izvoz cen in zaloge za splet
11:47:48  Zalogovni cikel koncan; padlih korakov: 0.
11:52:27  == Zaloga NW_STOCK ==
11:52:28     SOURCE_FETCH: se ni na vrsti po razporedu; preskoceno.
11:52:29     Prebranih zapisov: 2763; SHA-256: d49f1c51a716a29aca38b14df779ff9ab645b129ebb64a775920985eca879b1a
11:52:29     STOCK_FILE pri podjetju 1: se ni na vrsti po razporedu; preskoceno.
11:52:30     Prebranih zapisov: 2763; SHA-256: d49f1c51a716a29aca38b14df779ff9ab645b129ebb64a775920985eca879b1a
11:52:30     STOCK_FILE pri podjetju 2: se ni na vrsti po razporedu; preskoceno.
11:52:31     Prebranih zapisov: 2763; SHA-256: d49f1c51a716a29aca38b14df779ff9ab645b129ebb64a775920985eca879b1a
11:52:31     STOCK_FILE pri podjetju 3: se ni na vrsti po razporedu; preskoceno.
11:52:32     Prebranih zapisov: 2763; SHA-256: d49f1c51a716a29aca38b14df779ff9ab645b129ebb64a775920985eca879b1a
11:52:32     STOCK_FILE pri podjetju 4: se ni na vrsti po razporedu; preskoceno.
11:52:32     konec: Zaloga NW_STOCK
11:52:32  == Zaloga BT_STOCK ==
11:52:33     [BT_STOCK] preskoceno: Razmik dobavitelja se tece; naslednji prenos po 4. 09. 2026 12:22.
11:52:33     Prevzem koncan: uspesno 0, neuspesno 0, skupaj virov 1.
11:52:34     Prebranih zapisov: 1389; SHA-256: e375c736f43e1da4c901bd138af09a23ddbcad82ef8f971e39c98b41293df126
11:52:34     Ta posnetek je ze v bazi; vir=BT_STOCK, podjetje=1, cas posnetka=2026-09-04 07:22:34Z, uporabljenih=1389, v karanteni=0, RunId=c01771dc-357f-4a28-8f7d-f535a3d075ed. Zapisano ni bilo nic.
11:52:35     Prebranih zapisov: 1389; SHA-256: e375c736f43e1da4c901bd138af09a23ddbcad82ef8f971e39c98b41293df126
11:52:35     Ta posnetek je ze v bazi; vir=BT_STOCK, podjetje=2, cas posnetka=2026-09-04 07:22:34Z, uporabljenih=1389, v karanteni=0, RunId=75524a0a-1a23-402f-8bb1-afa0910b31c8. Zapisano ni bilo nic.
11:52:36     Prebranih zapisov: 1389; SHA-256: e375c736f43e1da4c901bd138af09a23ddbcad82ef8f971e39c98b41293df126
11:52:36     STOCK_FILE pri podjetju 3: se ni na vrsti po razporedu; preskoceno.
11:52:37     Prebranih zapisov: 1389; SHA-256: e375c736f43e1da4c901bd138af09a23ddbcad82ef8f971e39c98b41293df126
11:52:37     STOCK_FILE pri podjetju 4: se ni na vrsti po razporedu; preskoceno.
11:52:37     konec: Zaloga BT_STOCK
11:52:37  == Zaloga iz SAOP (kolicine) ==
11:52:59     STDERR: [1] NAPAKA: A connection attempt failed because the connected party did not properly respond after a period of time, or established connection failed because connected host has failed to respond. (192.168.178.12:81)
11:53:20     STDERR: [2] NAPAKA: A connection attempt failed because the connected party did not properly respond after a period of time, or established connection failed because connected host has failed to respond. (192.168.178.12:81)
11:53:41     STDERR: [3] NAPAKA: A connection attempt failed because the connected party did not properly respond after a period of time, or established connection failed because connected host has failed to respond. (192.168.178.12:81)
11:54:02     STDERR: [4] NAPAKA: A connection attempt failed because the connected party did not properly respond after a period of time, or established connection failed because connected host has failed to respond. (192.168.178.12:81)
11:54:02     NAPAKA: worker workers\PIM.SaopStockWorker je koncal z izhodno kodo 1
11:54:02  == Izvoz cen in zaloge za splet ==
11:54:04     Izvoz profila MAGENTO_STOCK_PRICES končan: 352 vrstic v C:\Users\david\Desktop\PIM\NoviPIM\izvoz\magento\1
11:54:08     Izvoz profila MAGENTO_STOCK_PRICES končan: 2071 vrstic v C:\Users\david\Desktop\PIM\NoviPIM\izvoz\magento\2
11:54:11     Izvoz profila MAGENTO_STOCK_PRICES končan: 2488 vrstic v C:\Users\david\Desktop\PIM\NoviPIM\izvoz\magento\3
11:54:12     Izvoz profila MAGENTO_STOCK_PRICES končan: 0 vrstic v C:\Users\david\Desktop\PIM\NoviPIM\izvoz\magento\4
11:54:12     konec: Izvoz cen in zaloge za splet
11:54:12  Zalogovni cikel koncan; padlih korakov: 1.
11:57:27  == Zaloga NW_STOCK ==
11:57:28     SOURCE_FETCH: se ni na vrsti po razporedu; preskoceno.
11:57:29     Prebranih zapisov: 2763; SHA-256: d49f1c51a716a29aca38b14df779ff9ab645b129ebb64a775920985eca879b1a
11:57:29     STOCK_FILE pri podjetju 1: se ni na vrsti po razporedu; preskoceno.
11:57:30     Prebranih zapisov: 2763; SHA-256: d49f1c51a716a29aca38b14df779ff9ab645b129ebb64a775920985eca879b1a
11:57:30     STOCK_FILE pri podjetju 2: se ni na vrsti po razporedu; preskoceno.
11:57:31     Prebranih zapisov: 2763; SHA-256: d49f1c51a716a29aca38b14df779ff9ab645b129ebb64a775920985eca879b1a
11:57:31     Ta posnetek je ze v bazi; vir=NW_STOCK, podjetje=3, cas posnetka=2026-09-04 09:22:29Z, uporabljenih=2763, v karanteni=0, RunId=8d91278e-657c-41b7-a286-fe99d4875e9a. Zapisano ni bilo nic.
11:57:32     Prebranih zapisov: 2763; SHA-256: d49f1c51a716a29aca38b14df779ff9ab645b129ebb64a775920985eca879b1a
11:57:32     Ta posnetek je ze v bazi; vir=NW_STOCK, podjetje=4, cas posnetka=2026-09-04 09:22:29Z, uporabljenih=2763, v karanteni=0, RunId=3d5976a3-454a-4a1a-91cd-48a3920dbe02. Zapisano ni bilo nic.
11:57:32     konec: Zaloga NW_STOCK
11:57:32  == Zaloga BT_STOCK ==
11:57:33     [BT_STOCK] preskoceno: Razmik dobavitelja se tece; naslednji prenos po 4. 09. 2026 12:22.
11:57:33     Prevzem koncan: uspesno 0, neuspesno 0, skupaj virov 1.
11:57:34     Prebranih zapisov: 1389; SHA-256: e375c736f43e1da4c901bd138af09a23ddbcad82ef8f971e39c98b41293df126
11:57:34     Ta posnetek je ze v bazi; vir=BT_STOCK, podjetje=1, cas posnetka=2026-09-04 07:22:34Z, uporabljenih=1389, v karanteni=0, RunId=c01771dc-357f-4a28-8f7d-f535a3d075ed. Zapisano ni bilo nic.
11:57:35     Prebranih zapisov: 1389; SHA-256: e375c736f43e1da4c901bd138af09a23ddbcad82ef8f971e39c98b41293df126
11:57:35     Ta posnetek je ze v bazi; vir=BT_STOCK, podjetje=2, cas posnetka=2026-09-04 07:22:34Z, uporabljenih=1389, v karanteni=0, RunId=75524a0a-1a23-402f-8bb1-afa0910b31c8. Zapisano ni bilo nic.
11:57:36     Prebranih zapisov: 1389; SHA-256: e375c736f43e1da4c901bd138af09a23ddbcad82ef8f971e39c98b41293df126
11:57:36     STOCK_FILE pri podjetju 3: se ni na vrsti po razporedu; preskoceno.
11:57:37     Prebranih zapisov: 1389; SHA-256: e375c736f43e1da4c901bd138af09a23ddbcad82ef8f971e39c98b41293df126
11:57:37     STOCK_FILE pri podjetju 4: se ni na vrsti po razporedu; preskoceno.
11:57:37     konec: Zaloga BT_STOCK
11:57:37  == Zaloga iz SAOP (kolicine) ==
11:57:38     [1] SAOP_STOCK: se ni na vrsti po razporedu; preskoceno.
11:57:38     [2] SAOP_STOCK: se ni na vrsti po razporedu; preskoceno.
11:57:38     [3] SAOP_STOCK: se ni na vrsti po razporedu; preskoceno.
11:57:38     [4] SAOP_STOCK: se ni na vrsti po razporedu; preskoceno.
11:57:38     konec: Zaloga iz SAOP (kolicine)
11:57:38  == Izvoz cen in zaloge za splet ==
11:57:40     Izvoz profila MAGENTO_STOCK_PRICES končan: 352 vrstic v C:\Users\david\Desktop\PIM\NoviPIM\izvoz\magento\1
11:57:43     Izvoz profila MAGENTO_STOCK_PRICES končan: 2071 vrstic v C:\Users\david\Desktop\PIM\NoviPIM\izvoz\magento\2
11:57:47     Izvoz profila MAGENTO_STOCK_PRICES končan: 2488 vrstic v C:\Users\david\Desktop\PIM\NoviPIM\izvoz\magento\3
11:57:48     Izvoz profila MAGENTO_STOCK_PRICES končan: 0 vrstic v C:\Users\david\Desktop\PIM\NoviPIM\izvoz\magento\4
11:57:48     konec: Izvoz cen in zaloge za splet
11:57:48  Zalogovni cikel koncan; padlih korakov: 0.
12:02:27  == Zaloga NW_STOCK ==
12:02:28     SOURCE_FETCH: se ni na vrsti po razporedu; preskoceno.
12:02:29     Prebranih zapisov: 2763; SHA-256: d49f1c51a716a29aca38b14df779ff9ab645b129ebb64a775920985eca879b1a
12:02:29     STOCK_FILE pri podjetju 1: se ni na vrsti po razporedu; preskoceno.
12:02:30     Prebranih zapisov: 2763; SHA-256: d49f1c51a716a29aca38b14df779ff9ab645b129ebb64a775920985eca879b1a
12:02:30     STOCK_FILE pri podjetju 2: se ni na vrsti po razporedu; preskoceno.
12:02:31     Prebranih zapisov: 2763; SHA-256: d49f1c51a716a29aca38b14df779ff9ab645b129ebb64a775920985eca879b1a
12:02:31     STOCK_FILE pri podjetju 3: se ni na vrsti po razporedu; preskoceno.
12:02:32     Prebranih zapisov: 2763; SHA-256: d49f1c51a716a29aca38b14df779ff9ab645b129ebb64a775920985eca879b1a
12:02:32     STOCK_FILE pri podjetju 4: se ni na vrsti po razporedu; preskoceno.
12:02:32     konec: Zaloga NW_STOCK
12:02:32  == Zaloga BT_STOCK ==
12:02:33     SOURCE_FETCH: se ni na vrsti po razporedu; preskoceno.
12:02:34     Prebranih zapisov: 1389; SHA-256: e375c736f43e1da4c901bd138af09a23ddbcad82ef8f971e39c98b41293df126
12:02:34     STOCK_FILE pri podjetju 1: se ni na vrsti po razporedu; preskoceno.
12:02:35     Prebranih zapisov: 1389; SHA-256: e375c736f43e1da4c901bd138af09a23ddbcad82ef8f971e39c98b41293df126
12:02:35     STOCK_FILE pri podjetju 2: se ni na vrsti po razporedu; preskoceno.
12:02:36     Prebranih zapisov: 1389; SHA-256: e375c736f43e1da4c901bd138af09a23ddbcad82ef8f971e39c98b41293df126
12:02:36     Ta posnetek je ze v bazi; vir=BT_STOCK, podjetje=3, cas posnetka=2026-09-04 07:22:34Z, uporabljenih=1389, v karanteni=0, RunId=fc90fa6d-6afd-41c8-a348-4a9c1170dea6. Zapisano ni bilo nic.
12:02:37     Prebranih zapisov: 1389; SHA-256: e375c736f43e1da4c901bd138af09a23ddbcad82ef8f971e39c98b41293df126
12:02:37     Ta posnetek je ze v bazi; vir=BT_STOCK, podjetje=4, cas posnetka=2026-09-04 07:22:34Z, uporabljenih=1389, v karanteni=0, RunId=9f07fcaf-5204-49d7-badc-55e30335d6f3. Zapisano ni bilo nic.
12:02:37     konec: Zaloga BT_STOCK
12:02:37  == Zaloga iz SAOP (kolicine) ==
12:02:38     [1] SAOP_STOCK: se ni na vrsti po razporedu; preskoceno.
12:02:38     [2] SAOP_STOCK: se ni na vrsti po razporedu; preskoceno.
12:02:38     [3] SAOP_STOCK: se ni na vrsti po razporedu; preskoceno.
12:02:38     [4] SAOP_STOCK: se ni na vrsti po razporedu; preskoceno.
12:02:38     konec: Zaloga iz SAOP (kolicine)
12:02:38  == Izvoz cen in zaloge za splet ==
12:02:39     Izvoz profila MAGENTO_STOCK_PRICES končan: 352 vrstic v C:\Users\david\Desktop\PIM\NoviPIM\izvoz\magento\1
12:02:43     Izvoz profila MAGENTO_STOCK_PRICES končan: 2071 vrstic v C:\Users\david\Desktop\PIM\NoviPIM\izvoz\magento\2
12:02:47     Izvoz profila MAGENTO_STOCK_PRICES končan: 2488 vrstic v C:\Users\david\Desktop\PIM\NoviPIM\izvoz\magento\3
12:02:48     Izvoz profila MAGENTO_STOCK_PRICES končan: 0 vrstic v C:\Users\david\Desktop\PIM\NoviPIM\izvoz\magento\4
12:02:48     konec: Izvoz cen in zaloge za splet
12:02:48  Zalogovni cikel koncan; padlih korakov: 0.
12:07:27  == Zaloga NW_STOCK ==
12:07:28     [NW_STOCK] preskoceno: Razmik dobavitelja se tece; naslednji prenos po 4. 09. 2026 13:22.
12:07:28     Prevzem koncan: uspesno 0, neuspesno 0, skupaj virov 1.
12:07:29     Prebranih zapisov: 2763; SHA-256: d49f1c51a716a29aca38b14df779ff9ab645b129ebb64a775920985eca879b1a
12:07:29     Ta posnetek je ze v bazi; vir=NW_STOCK, podjetje=1, cas posnetka=2026-09-04 09:22:29Z, uporabljenih=2763, v karanteni=0, RunId=23b712e2-9403-4016-bcfb-fa79d3c7b7f6. Zapisano ni bilo nic.
12:07:30     Prebranih zapisov: 2763; SHA-256: d49f1c51a716a29aca38b14df779ff9ab645b129ebb64a775920985eca879b1a
12:07:30     Ta posnetek je ze v bazi; vir=NW_STOCK, podjetje=2, cas posnetka=2026-09-04 09:22:29Z, uporabljenih=2763, v karanteni=0, RunId=4a97d99d-4103-4795-bc22-3eeaa5af9e35. Zapisano ni bilo nic.
12:07:31     Prebranih zapisov: 2763; SHA-256: d49f1c51a716a29aca38b14df779ff9ab645b129ebb64a775920985eca879b1a
12:07:31     STOCK_FILE pri podjetju 3: se ni na vrsti po razporedu; preskoceno.
12:07:32     Prebranih zapisov: 2763; SHA-256: d49f1c51a716a29aca38b14df779ff9ab645b129ebb64a775920985eca879b1a
12:07:32     STOCK_FILE pri podjetju 4: se ni na vrsti po razporedu; preskoceno.
12:07:32     konec: Zaloga NW_STOCK
12:07:32  == Zaloga BT_STOCK ==
12:07:33     SOURCE_FETCH: se ni na vrsti po razporedu; preskoceno.
12:07:34     Prebranih zapisov: 1389; SHA-256: e375c736f43e1da4c901bd138af09a23ddbcad82ef8f971e39c98b41293df126
12:07:34     STOCK_FILE pri podjetju 1: se ni na vrsti po razporedu; preskoceno.
12:07:35     Prebranih zapisov: 1389; SHA-256: e375c736f43e1da4c901bd138af09a23ddbcad82ef8f971e39c98b41293df126
12:07:35     STOCK_FILE pri podjetju 2: se ni na vrsti po razporedu; preskoceno.
12:07:36     Prebranih zapisov: 1389; SHA-256: e375c736f43e1da4c901bd138af09a23ddbcad82ef8f971e39c98b41293df126
12:07:36     Ta posnetek je ze v bazi; vir=BT_STOCK, podjetje=3, cas posnetka=2026-09-04 07:22:34Z, uporabljenih=1389, v karanteni=0, RunId=fc90fa6d-6afd-41c8-a348-4a9c1170dea6. Zapisano ni bilo nic.
12:07:37     Prebranih zapisov: 1389; SHA-256: e375c736f43e1da4c901bd138af09a23ddbcad82ef8f971e39c98b41293df126
12:07:37     Ta posnetek je ze v bazi; vir=BT_STOCK, podjetje=4, cas posnetka=2026-09-04 07:22:34Z, uporabljenih=1389, v karanteni=0, RunId=9f07fcaf-5204-49d7-badc-55e30335d6f3. Zapisano ni bilo nic.
12:07:37     konec: Zaloga BT_STOCK
12:07:37  == Zaloga iz SAOP (kolicine) ==
12:07:38     [1] SAOP_STOCK: se ni na vrsti po razporedu; preskoceno.
12:07:38     [2] SAOP_STOCK: se ni na vrsti po razporedu; preskoceno.
12:07:38     [3] SAOP_STOCK: se ni na vrsti po razporedu; preskoceno.
12:07:38     [4] SAOP_STOCK: se ni na vrsti po razporedu; preskoceno.
12:07:38     konec: Zaloga iz SAOP (kolicine)
12:07:38  == Izvoz cen in zaloge za splet ==
12:07:40     Izvoz profila MAGENTO_STOCK_PRICES končan: 352 vrstic v C:\Users\david\Desktop\PIM\NoviPIM\izvoz\magento\1
12:07:43     Izvoz profila MAGENTO_STOCK_PRICES končan: 2071 vrstic v C:\Users\david\Desktop\PIM\NoviPIM\izvoz\magento\2
12:07:47     Izvoz profila MAGENTO_STOCK_PRICES končan: 2488 vrstic v C:\Users\david\Desktop\PIM\NoviPIM\izvoz\magento\3
12:07:48     Izvoz profila MAGENTO_STOCK_PRICES končan: 0 vrstic v C:\Users\david\Desktop\PIM\NoviPIM\izvoz\magento\4
12:07:48     konec: Izvoz cen in zaloge za splet
12:07:48  Zalogovni cikel koncan; padlih korakov: 0.
12:12:27  == Zaloga NW_STOCK ==
12:12:28     [NW_STOCK] preskoceno: Razmik dobavitelja se tece; naslednji prenos po 4. 09. 2026 13:22.
12:12:28     Prevzem koncan: uspesno 0, neuspesno 0, skupaj virov 1.
12:12:29     Prebranih zapisov: 2763; SHA-256: d49f1c51a716a29aca38b14df779ff9ab645b129ebb64a775920985eca879b1a
12:12:29     Ta posnetek je ze v bazi; vir=NW_STOCK, podjetje=1, cas posnetka=2026-09-04 09:22:29Z, uporabljenih=2763, v karanteni=0, RunId=23b712e2-9403-4016-bcfb-fa79d3c7b7f6. Zapisano ni bilo nic.
12:12:30     Prebranih zapisov: 2763; SHA-256: d49f1c51a716a29aca38b14df779ff9ab645b129ebb64a775920985eca879b1a
12:12:30     Ta posnetek je ze v bazi; vir=NW_STOCK, podjetje=2, cas posnetka=2026-09-04 09:22:29Z, uporabljenih=2763, v karanteni=0, RunId=4a97d99d-4103-4795-bc22-3eeaa5af9e35. Zapisano ni bilo nic.
12:12:31     Prebranih zapisov: 2763; SHA-256: d49f1c51a716a29aca38b14df779ff9ab645b129ebb64a775920985eca879b1a
12:12:31     STOCK_FILE pri podjetju 3: se ni na vrsti po razporedu; preskoceno.
12:12:32     Prebranih zapisov: 2763; SHA-256: d49f1c51a716a29aca38b14df779ff9ab645b129ebb64a775920985eca879b1a
12:12:32     STOCK_FILE pri podjetju 4: se ni na vrsti po razporedu; preskoceno.
12:12:32     konec: Zaloga NW_STOCK
12:12:32  == Zaloga BT_STOCK ==
12:12:33     SOURCE_FETCH: se ni na vrsti po razporedu; preskoceno.
12:12:34     Prebranih zapisov: 1389; SHA-256: e375c736f43e1da4c901bd138af09a23ddbcad82ef8f971e39c98b41293df126
12:12:34     STOCK_FILE pri podjetju 1: se ni na vrsti po razporedu; preskoceno.
12:12:35     Prebranih zapisov: 1389; SHA-256: e375c736f43e1da4c901bd138af09a23ddbcad82ef8f971e39c98b41293df126
12:12:35     STOCK_FILE pri podjetju 2: se ni na vrsti po razporedu; preskoceno.
12:12:36     Prebranih zapisov: 1389; SHA-256: e375c736f43e1da4c901bd138af09a23ddbcad82ef8f971e39c98b41293df126
12:12:36     STOCK_FILE pri podjetju 3: se ni na vrsti po razporedu; preskoceno.
12:12:37     Prebranih zapisov: 1389; SHA-256: e375c736f43e1da4c901bd138af09a23ddbcad82ef8f971e39c98b41293df126
12:12:37     STOCK_FILE pri podjetju 4: se ni na vrsti po razporedu; preskoceno.
12:12:37     konec: Zaloga BT_STOCK
12:12:37  == Zaloga iz SAOP (kolicine) ==
12:12:38     [1] SAOP_STOCK: se ni na vrsti po razporedu; preskoceno.
12:12:38     [2] SAOP_STOCK: se ni na vrsti po razporedu; preskoceno.
12:12:38     [3] SAOP_STOCK: se ni na vrsti po razporedu; preskoceno.
12:12:38     [4] SAOP_STOCK: se ni na vrsti po razporedu; preskoceno.
12:12:38     konec: Zaloga iz SAOP (kolicine)
12:12:38  == Izvoz cen in zaloge za splet ==
12:12:39     Izvoz profila MAGENTO_STOCK_PRICES končan: 352 vrstic v C:\Users\david\Desktop\PIM\NoviPIM\izvoz\magento\1
12:12:43     Izvoz profila MAGENTO_STOCK_PRICES končan: 2071 vrstic v C:\Users\david\Desktop\PIM\NoviPIM\izvoz\magento\2
12:12:47     Izvoz profila MAGENTO_STOCK_PRICES končan: 2488 vrstic v C:\Users\david\Desktop\PIM\NoviPIM\izvoz\magento\3
12:12:48     Izvoz profila MAGENTO_STOCK_PRICES končan: 0 vrstic v C:\Users\david\Desktop\PIM\NoviPIM\izvoz\magento\4
12:12:48     konec: Izvoz cen in zaloge za splet
12:12:48  Zalogovni cikel koncan; padlih korakov: 0.
12:17:27  == Zaloga NW_STOCK ==
12:17:28     SOURCE_FETCH: se ni na vrsti po razporedu; preskoceno.
12:17:29     Prebranih zapisov: 2763; SHA-256: d49f1c51a716a29aca38b14df779ff9ab645b129ebb64a775920985eca879b1a
12:17:29     STOCK_FILE pri podjetju 1: se ni na vrsti po razporedu; preskoceno.
12:17:30     Prebranih zapisov: 2763; SHA-256: d49f1c51a716a29aca38b14df779ff9ab645b129ebb64a775920985eca879b1a
12:17:30     STOCK_FILE pri podjetju 2: se ni na vrsti po razporedu; preskoceno.
12:17:31     Prebranih zapisov: 2763; SHA-256: d49f1c51a716a29aca38b14df779ff9ab645b129ebb64a775920985eca879b1a
12:17:31     Ta posnetek je ze v bazi; vir=NW_STOCK, podjetje=3, cas posnetka=2026-09-04 09:22:29Z, uporabljenih=2763, v karanteni=0, RunId=8d91278e-657c-41b7-a286-fe99d4875e9a. Zapisano ni bilo nic.
12:17:32     Prebranih zapisov: 2763; SHA-256: d49f1c51a716a29aca38b14df779ff9ab645b129ebb64a775920985eca879b1a
12:17:32     Ta posnetek je ze v bazi; vir=NW_STOCK, podjetje=4, cas posnetka=2026-09-04 09:22:29Z, uporabljenih=2763, v karanteni=0, RunId=3d5976a3-454a-4a1a-91cd-48a3920dbe02. Zapisano ni bilo nic.
12:17:32     konec: Zaloga NW_STOCK
12:17:32  == Zaloga BT_STOCK ==
12:17:33     [BT_STOCK] preskoceno: Razmik dobavitelja se tece; naslednji prenos po 4. 09. 2026 12:22.
12:17:33     Prevzem koncan: uspesno 0, neuspesno 0, skupaj virov 1.
12:17:34     Prebranih zapisov: 1389; SHA-256: e375c736f43e1da4c901bd138af09a23ddbcad82ef8f971e39c98b41293df126
12:17:34     Ta posnetek je ze v bazi; vir=BT_STOCK, podjetje=1, cas posnetka=2026-09-04 07:22:34Z, uporabljenih=1389, v karanteni=0, RunId=c01771dc-357f-4a28-8f7d-f535a3d075ed. Zapisano ni bilo nic.
12:17:35     Prebranih zapisov: 1389; SHA-256: e375c736f43e1da4c901bd138af09a23ddbcad82ef8f971e39c98b41293df126
12:17:35     Ta posnetek je ze v bazi; vir=BT_STOCK, podjetje=2, cas posnetka=2026-09-04 07:22:34Z, uporabljenih=1389, v karanteni=0, RunId=75524a0a-1a23-402f-8bb1-afa0910b31c8. Zapisano ni bilo nic.
12:17:36     Prebranih zapisov: 1389; SHA-256: e375c736f43e1da4c901bd138af09a23ddbcad82ef8f971e39c98b41293df126
12:17:36     STOCK_FILE pri podjetju 3: se ni na vrsti po razporedu; preskoceno.
12:17:37     Prebranih zapisov: 1389; SHA-256: e375c736f43e1da4c901bd138af09a23ddbcad82ef8f971e39c98b41293df126
12:17:37     STOCK_FILE pri podjetju 4: se ni na vrsti po razporedu; preskoceno.
12:17:37     konec: Zaloga BT_STOCK
12:17:37  == Zaloga iz SAOP (kolicine) ==
12:17:38     [1] SAOP_STOCK: se ni na vrsti po razporedu; preskoceno.
12:17:38     [2] SAOP_STOCK: se ni na vrsti po razporedu; preskoceno.
12:17:38     [3] SAOP_STOCK: se ni na vrsti po razporedu; preskoceno.
12:17:38     [4] SAOP_STOCK: se ni na vrsti po razporedu; preskoceno.
12:17:38     konec: Zaloga iz SAOP (kolicine)
12:17:38  == Izvoz cen in zaloge za splet ==
12:17:40     Izvoz profila MAGENTO_STOCK_PRICES končan: 352 vrstic v C:\Users\david\Desktop\PIM\NoviPIM\izvoz\magento\1
12:17:43     Izvoz profila MAGENTO_STOCK_PRICES končan: 2071 vrstic v C:\Users\david\Desktop\PIM\NoviPIM\izvoz\magento\2
12:17:47     Izvoz profila MAGENTO_STOCK_PRICES končan: 2488 vrstic v C:\Users\david\Desktop\PIM\NoviPIM\izvoz\magento\3
12:17:48     Izvoz profila MAGENTO_STOCK_PRICES končan: 0 vrstic v C:\Users\david\Desktop\PIM\NoviPIM\izvoz\magento\4
12:17:48     konec: Izvoz cen in zaloge za splet
12:17:48  Zalogovni cikel koncan; padlih korakov: 0.
12:22:27  == Zaloga NW_STOCK ==
12:22:28     SOURCE_FETCH: se ni na vrsti po razporedu; preskoceno.
12:22:29     Prebranih zapisov: 2763; SHA-256: d49f1c51a716a29aca38b14df779ff9ab645b129ebb64a775920985eca879b1a
12:22:29     STOCK_FILE pri podjetju 1: se ni na vrsti po razporedu; preskoceno.
12:22:30     Prebranih zapisov: 2763; SHA-256: d49f1c51a716a29aca38b14df779ff9ab645b129ebb64a775920985eca879b1a
12:22:30     STOCK_FILE pri podjetju 2: se ni na vrsti po razporedu; preskoceno.
12:22:31     Prebranih zapisov: 2763; SHA-256: d49f1c51a716a29aca38b14df779ff9ab645b129ebb64a775920985eca879b1a
12:22:31     STOCK_FILE pri podjetju 3: se ni na vrsti po razporedu; preskoceno.
12:22:32     Prebranih zapisov: 2763; SHA-256: d49f1c51a716a29aca38b14df779ff9ab645b129ebb64a775920985eca879b1a
12:22:32     STOCK_FILE pri podjetju 4: se ni na vrsti po razporedu; preskoceno.
12:22:32     konec: Zaloga NW_STOCK
12:22:32  == Zaloga BT_STOCK ==
12:22:33     SOURCE_FETCH: se ni na vrsti po razporedu; preskoceno.
12:22:34     Prebranih zapisov: 1389; SHA-256: e375c736f43e1da4c901bd138af09a23ddbcad82ef8f971e39c98b41293df126
12:22:34     STOCK_FILE pri podjetju 1: se ni na vrsti po razporedu; preskoceno.
12:22:34     Prebranih zapisov: 1389; SHA-256: e375c736f43e1da4c901bd138af09a23ddbcad82ef8f971e39c98b41293df126
12:22:35     STOCK_FILE pri podjetju 2: se ni na vrsti po razporedu; preskoceno.
12:22:35     Prebranih zapisov: 1389; SHA-256: e375c736f43e1da4c901bd138af09a23ddbcad82ef8f971e39c98b41293df126
12:22:36     Ta posnetek je ze v bazi; vir=BT_STOCK, podjetje=3, cas posnetka=2026-09-04 07:22:34Z, uporabljenih=1389, v karanteni=0, RunId=fc90fa6d-6afd-41c8-a348-4a9c1170dea6. Zapisano ni bilo nic.
12:22:37     Prebranih zapisov: 1389; SHA-256: e375c736f43e1da4c901bd138af09a23ddbcad82ef8f971e39c98b41293df126
12:22:37     Ta posnetek je ze v bazi; vir=BT_STOCK, podjetje=4, cas posnetka=2026-09-04 07:22:34Z, uporabljenih=1389, v karanteni=0, RunId=9f07fcaf-5204-49d7-badc-55e30335d6f3. Zapisano ni bilo nic.
12:22:37     konec: Zaloga BT_STOCK
12:22:37  == Zaloga iz SAOP (kolicine) ==
12:22:38     [1] SAOP_STOCK: se ni na vrsti po razporedu; preskoceno.
12:22:38     [2] SAOP_STOCK: se ni na vrsti po razporedu; preskoceno.
12:22:38     [3] SAOP_STOCK: se ni na vrsti po razporedu; preskoceno.
12:22:38     [4] SAOP_STOCK: se ni na vrsti po razporedu; preskoceno.
12:22:38     konec: Zaloga iz SAOP (kolicine)
12:22:38  == Izvoz cen in zaloge za splet ==
12:22:39     Izvoz profila MAGENTO_STOCK_PRICES končan: 352 vrstic v C:\Users\david\Desktop\PIM\NoviPIM\izvoz\magento\1
12:22:43     Izvoz profila MAGENTO_STOCK_PRICES končan: 2071 vrstic v C:\Users\david\Desktop\PIM\NoviPIM\izvoz\magento\2
12:22:47     Izvoz profila MAGENTO_STOCK_PRICES končan: 2488 vrstic v C:\Users\david\Desktop\PIM\NoviPIM\izvoz\magento\3
12:22:48     Izvoz profila MAGENTO_STOCK_PRICES končan: 0 vrstic v C:\Users\david\Desktop\PIM\NoviPIM\izvoz\magento\4
12:22:48     konec: Izvoz cen in zaloge za splet
12:22:48  Zalogovni cikel koncan; padlih korakov: 0.
12:27:27  == Zaloga NW_STOCK ==
12:27:28     [NW_STOCK] preskoceno: Razmik dobavitelja se tece; naslednji prenos po 4. 09. 2026 13:22.
12:27:28     Prevzem koncan: uspesno 0, neuspesno 0, skupaj virov 1.
12:27:29     Prebranih zapisov: 2763; SHA-256: d49f1c51a716a29aca38b14df779ff9ab645b129ebb64a775920985eca879b1a
12:27:29     Ta posnetek je ze v bazi; vir=NW_STOCK, podjetje=1, cas posnetka=2026-09-04 09:22:29Z, uporabljenih=2763, v karanteni=0, RunId=23b712e2-9403-4016-bcfb-fa79d3c7b7f6. Zapisano ni bilo nic.
12:27:30     Prebranih zapisov: 2763; SHA-256: d49f1c51a716a29aca38b14df779ff9ab645b129ebb64a775920985eca879b1a
12:27:30     Ta posnetek je ze v bazi; vir=NW_STOCK, podjetje=2, cas posnetka=2026-09-04 09:22:29Z, uporabljenih=2763, v karanteni=0, RunId=4a97d99d-4103-4795-bc22-3eeaa5af9e35. Zapisano ni bilo nic.
12:27:31     Prebranih zapisov: 2763; SHA-256: d49f1c51a716a29aca38b14df779ff9ab645b129ebb64a775920985eca879b1a
12:27:31     STOCK_FILE pri podjetju 3: se ni na vrsti po razporedu; preskoceno.
12:27:32     Prebranih zapisov: 2763; SHA-256: d49f1c51a716a29aca38b14df779ff9ab645b129ebb64a775920985eca879b1a
12:27:32     STOCK_FILE pri podjetju 4: se ni na vrsti po razporedu; preskoceno.
12:27:32     konec: Zaloga NW_STOCK
12:27:32  == Zaloga BT_STOCK ==
12:27:33     SOURCE_FETCH: se ni na vrsti po razporedu; preskoceno.
12:27:34     Prebranih zapisov: 1389; SHA-256: e375c736f43e1da4c901bd138af09a23ddbcad82ef8f971e39c98b41293df126
12:27:34     STOCK_FILE pri podjetju 1: se ni na vrsti po razporedu; preskoceno.
12:27:35     Prebranih zapisov: 1389; SHA-256: e375c736f43e1da4c901bd138af09a23ddbcad82ef8f971e39c98b41293df126
12:27:35     STOCK_FILE pri podjetju 2: se ni na vrsti po razporedu; preskoceno.
12:27:36     Prebranih zapisov: 1389; SHA-256: e375c736f43e1da4c901bd138af09a23ddbcad82ef8f971e39c98b41293df126
12:27:36     Ta posnetek je ze v bazi; vir=BT_STOCK, podjetje=3, cas posnetka=2026-09-04 07:22:34Z, uporabljenih=1389, v karanteni=0, RunId=fc90fa6d-6afd-41c8-a348-4a9c1170dea6. Zapisano ni bilo nic.
12:27:37     Prebranih zapisov: 1389; SHA-256: e375c736f43e1da4c901bd138af09a23ddbcad82ef8f971e39c98b41293df126
12:27:37     Ta posnetek je ze v bazi; vir=BT_STOCK, podjetje=4, cas posnetka=2026-09-04 07:22:34Z, uporabljenih=1389, v karanteni=0, RunId=9f07fcaf-5204-49d7-badc-55e30335d6f3. Zapisano ni bilo nic.
12:27:37     konec: Zaloga BT_STOCK
12:27:37  == Zaloga iz SAOP (kolicine) ==
12:27:59     STDERR: [1] NAPAKA: A connection attempt failed because the connected party did not properly respond after a period of time, or established connection failed because connected host has failed to respond. (192.168.178.12:81)
12:28:20     STDERR: [2] NAPAKA: A connection attempt failed because the connected party did not properly respond after a period of time, or established connection failed because connected host has failed to respond. (192.168.178.12:81)
12:28:41     STDERR: [3] NAPAKA: A connection attempt failed because the connected party did not properly respond after a period of time, or established connection failed because connected host has failed to respond. (192.168.178.12:81)
12:29:02     STDERR: [4] NAPAKA: A connection attempt failed because the connected party did not properly respond after a period of time, or established connection failed because connected host has failed to respond. (192.168.178.12:81)
12:29:02     NAPAKA: worker workers\PIM.SaopStockWorker je koncal z izhodno kodo 1
12:29:02  == Izvoz cen in zaloge za splet ==
12:29:04     Izvoz profila MAGENTO_STOCK_PRICES končan: 352 vrstic v C:\Users\david\Desktop\PIM\NoviPIM\izvoz\magento\1
12:29:08     Izvoz profila MAGENTO_STOCK_PRICES končan: 2071 vrstic v C:\Users\david\Desktop\PIM\NoviPIM\izvoz\magento\2
12:29:11     Izvoz profila MAGENTO_STOCK_PRICES končan: 2488 vrstic v C:\Users\david\Desktop\PIM\NoviPIM\izvoz\magento\3
12:29:13     Izvoz profila MAGENTO_STOCK_PRICES končan: 0 vrstic v C:\Users\david\Desktop\PIM\NoviPIM\izvoz\magento\4
12:29:13     konec: Izvoz cen in zaloge za splet
12:29:13  Zalogovni cikel koncan; padlih korakov: 1.
12:32:27  == Zaloga NW_STOCK ==
12:32:28     [NW_STOCK] preskoceno: Razmik dobavitelja se tece; naslednji prenos po 4. 09. 2026 13:22.
12:32:28     Prevzem koncan: uspesno 0, neuspesno 0, skupaj virov 1.
12:32:29     Prebranih zapisov: 2763; SHA-256: d49f1c51a716a29aca38b14df779ff9ab645b129ebb64a775920985eca879b1a
12:32:29     Ta posnetek je ze v bazi; vir=NW_STOCK, podjetje=1, cas posnetka=2026-09-04 09:22:29Z, uporabljenih=2763, v karanteni=0, RunId=23b712e2-9403-4016-bcfb-fa79d3c7b7f6. Zapisano ni bilo nic.
12:32:30     Prebranih zapisov: 2763; SHA-256: d49f1c51a716a29aca38b14df779ff9ab645b129ebb64a775920985eca879b1a
12:32:30     Ta posnetek je ze v bazi; vir=NW_STOCK, podjetje=2, cas posnetka=2026-09-04 09:22:29Z, uporabljenih=2763, v karanteni=0, RunId=4a97d99d-4103-4795-bc22-3eeaa5af9e35. Zapisano ni bilo nic.
12:32:31     Prebranih zapisov: 2763; SHA-256: d49f1c51a716a29aca38b14df779ff9ab645b129ebb64a775920985eca879b1a
12:32:31     STOCK_FILE pri podjetju 3: se ni na vrsti po razporedu; preskoceno.
12:32:32     Prebranih zapisov: 2763; SHA-256: d49f1c51a716a29aca38b14df779ff9ab645b129ebb64a775920985eca879b1a
12:32:32     STOCK_FILE pri podjetju 4: se ni na vrsti po razporedu; preskoceno.
12:32:32     konec: Zaloga NW_STOCK
12:32:32  == Zaloga BT_STOCK ==
12:32:33     SOURCE_FETCH: se ni na vrsti po razporedu; preskoceno.
12:32:34     Prebranih zapisov: 1389; SHA-256: e375c736f43e1da4c901bd138af09a23ddbcad82ef8f971e39c98b41293df126
12:32:34     STOCK_FILE pri podjetju 1: se ni na vrsti po razporedu; preskoceno.
12:32:35     Prebranih zapisov: 1389; SHA-256: e375c736f43e1da4c901bd138af09a23ddbcad82ef8f971e39c98b41293df126
12:32:35     STOCK_FILE pri podjetju 2: se ni na vrsti po razporedu; preskoceno.
12:32:36     Prebranih zapisov: 1389; SHA-256: e375c736f43e1da4c901bd138af09a23ddbcad82ef8f971e39c98b41293df126
12:32:36     Ta posnetek je ze v bazi; vir=BT_STOCK, podjetje=3, cas posnetka=2026-09-04 07:22:34Z, uporabljenih=1389, v karanteni=0, RunId=fc90fa6d-6afd-41c8-a348-4a9c1170dea6. Zapisano ni bilo nic.
12:32:37     Prebranih zapisov: 1389; SHA-256: e375c736f43e1da4c901bd138af09a23ddbcad82ef8f971e39c98b41293df126
12:32:37     Ta posnetek je ze v bazi; vir=BT_STOCK, podjetje=4, cas posnetka=2026-09-04 07:22:34Z, uporabljenih=1389, v karanteni=0, RunId=9f07fcaf-5204-49d7-badc-55e30335d6f3. Zapisano ni bilo nic.
12:32:37     konec: Zaloga BT_STOCK
12:32:37  == Zaloga iz SAOP (kolicine) ==
12:32:38     [1] SAOP_STOCK: se ni na vrsti po razporedu; preskoceno.
12:32:38     [2] SAOP_STOCK: se ni na vrsti po razporedu; preskoceno.
12:32:38     [3] SAOP_STOCK: se ni na vrsti po razporedu; preskoceno.
12:32:38     [4] SAOP_STOCK: se ni na vrsti po razporedu; preskoceno.
12:32:38     konec: Zaloga iz SAOP (kolicine)
12:32:38  == Izvoz cen in zaloge za splet ==
12:32:40     Izvoz profila MAGENTO_STOCK_PRICES končan: 352 vrstic v C:\Users\david\Desktop\PIM\NoviPIM\izvoz\magento\1
12:32:44     Izvoz profila MAGENTO_STOCK_PRICES končan: 2071 vrstic v C:\Users\david\Desktop\PIM\NoviPIM\izvoz\magento\2
12:32:47     Izvoz profila MAGENTO_STOCK_PRICES končan: 2488 vrstic v C:\Users\david\Desktop\PIM\NoviPIM\izvoz\magento\3
12:32:48     Izvoz profila MAGENTO_STOCK_PRICES končan: 0 vrstic v C:\Users\david\Desktop\PIM\NoviPIM\izvoz\magento\4
12:32:48     konec: Izvoz cen in zaloge za splet
12:32:48  Zalogovni cikel koncan; padlih korakov: 0.
12:37:26  == Zaloga NW_STOCK ==
12:37:27     SOURCE_FETCH: se ni na vrsti po razporedu; preskoceno.
12:37:28     Prebranih zapisov: 2763; SHA-256: d49f1c51a716a29aca38b14df779ff9ab645b129ebb64a775920985eca879b1a
12:37:28     STOCK_FILE pri podjetju 1: se ni na vrsti po razporedu; preskoceno.
12:37:29     Prebranih zapisov: 2763; SHA-256: d49f1c51a716a29aca38b14df779ff9ab645b129ebb64a775920985eca879b1a
12:37:29     STOCK_FILE pri podjetju 2: se ni na vrsti po razporedu; preskoceno.
12:37:30     Prebranih zapisov: 2763; SHA-256: d49f1c51a716a29aca38b14df779ff9ab645b129ebb64a775920985eca879b1a
12:37:30     STOCK_FILE pri podjetju 3: se ni na vrsti po razporedu; preskoceno.
12:37:31     Prebranih zapisov: 2763; SHA-256: d49f1c51a716a29aca38b14df779ff9ab645b129ebb64a775920985eca879b1a
12:37:31     STOCK_FILE pri podjetju 4: se ni na vrsti po razporedu; preskoceno.
12:37:31     konec: Zaloga NW_STOCK
12:37:31  == Zaloga BT_STOCK ==
12:37:34     [BT_STOCK] prevzeto 1.588.113 bajtov -> C:\Users\david\Desktop\PIM\NoviPIM\PIM_Solution\data\prevzem\BT_STOCK\braytron-zaloga.xml
12:37:34     Prevzem koncan: uspesno 1, neuspesno 0, skupaj virov 1.
12:37:35     Prebranih zapisov: 1389; SHA-256: dfe24a95501a90f6401459b4aae346cac88affcc26983e955cf6ba781ff6ab40
12:37:35     Zaloga zapisana; vir=BT_STOCK, podjetje=1, uporabljenih=1389, v karanteni=0, RunId=e705b902-5b08-472e-8a3c-d8b76d964199.
12:37:36     Prebranih zapisov: 1389; SHA-256: dfe24a95501a90f6401459b4aae346cac88affcc26983e955cf6ba781ff6ab40
12:37:37     Zaloga zapisana; vir=BT_STOCK, podjetje=2, uporabljenih=1389, v karanteni=0, RunId=2a953daf-d67c-4ca2-9562-b19bce69f12f.
12:37:38     Prebranih zapisov: 1389; SHA-256: dfe24a95501a90f6401459b4aae346cac88affcc26983e955cf6ba781ff6ab40
12:37:39     Zaloga zapisana; vir=BT_STOCK, podjetje=3, uporabljenih=1389, v karanteni=0, RunId=f51ccdea-5b91-4b53-baf5-c361f00df689.
12:37:39     Prebranih zapisov: 1389; SHA-256: dfe24a95501a90f6401459b4aae346cac88affcc26983e955cf6ba781ff6ab40
12:37:40     Zaloga zapisana; vir=BT_STOCK, podjetje=4, uporabljenih=1389, v karanteni=0, RunId=e4d31ad2-87a1-4877-ac45-2d49864d0a96.
12:37:40     konec: Zaloga BT_STOCK
12:37:40  == Zaloga iz SAOP (kolicine) ==
12:37:41     [1] SAOP_STOCK: se ni na vrsti po razporedu; preskoceno.
12:37:41     [2] SAOP_STOCK: se ni na vrsti po razporedu; preskoceno.
12:37:41     [3] SAOP_STOCK: se ni na vrsti po razporedu; preskoceno.
12:37:41     [4] SAOP_STOCK: se ni na vrsti po razporedu; preskoceno.
12:37:41     konec: Zaloga iz SAOP (kolicine)
12:37:41  == Izvoz cen in zaloge za splet ==
12:37:43     Izvoz profila MAGENTO_STOCK_PRICES končan: 352 vrstic v C:\Users\david\Desktop\PIM\NoviPIM\izvoz\magento\1
12:37:47     Izvoz profila MAGENTO_STOCK_PRICES končan: 2071 vrstic v C:\Users\david\Desktop\PIM\NoviPIM\izvoz\magento\2
12:37:51     Izvoz profila MAGENTO_STOCK_PRICES končan: 2488 vrstic v C:\Users\david\Desktop\PIM\NoviPIM\izvoz\magento\3
12:37:52     Izvoz profila MAGENTO_STOCK_PRICES končan: 0 vrstic v C:\Users\david\Desktop\PIM\NoviPIM\izvoz\magento\4
12:37:52     konec: Izvoz cen in zaloge za splet
12:37:52  Zalogovni cikel koncan; padlih korakov: 0.
12:42:26  == Zaloga NW_STOCK ==
12:42:27     SOURCE_FETCH: se ni na vrsti po razporedu; preskoceno.
12:42:28     Prebranih zapisov: 2763; SHA-256: d49f1c51a716a29aca38b14df779ff9ab645b129ebb64a775920985eca879b1a
12:42:28     STOCK_FILE pri podjetju 1: se ni na vrsti po razporedu; preskoceno.
12:42:29     Prebranih zapisov: 2763; SHA-256: d49f1c51a716a29aca38b14df779ff9ab645b129ebb64a775920985eca879b1a
12:42:29     STOCK_FILE pri podjetju 2: se ni na vrsti po razporedu; preskoceno.
12:42:30     Prebranih zapisov: 2763; SHA-256: d49f1c51a716a29aca38b14df779ff9ab645b129ebb64a775920985eca879b1a
12:42:30     STOCK_FILE pri podjetju 3: se ni na vrsti po razporedu; preskoceno.
12:42:31     Prebranih zapisov: 2763; SHA-256: d49f1c51a716a29aca38b14df779ff9ab645b129ebb64a775920985eca879b1a
12:42:31     STOCK_FILE pri podjetju 4: se ni na vrsti po razporedu; preskoceno.
12:42:31     konec: Zaloga NW_STOCK
12:42:31  == Zaloga BT_STOCK ==
12:42:32     SOURCE_FETCH: se ni na vrsti po razporedu; preskoceno.
12:42:33     Prebranih zapisov: 1389; SHA-256: dfe24a95501a90f6401459b4aae346cac88affcc26983e955cf6ba781ff6ab40
12:42:33     STOCK_FILE pri podjetju 1: se ni na vrsti po razporedu; preskoceno.
12:42:34     Prebranih zapisov: 1389; SHA-256: dfe24a95501a90f6401459b4aae346cac88affcc26983e955cf6ba781ff6ab40
12:42:34     STOCK_FILE pri podjetju 2: se ni na vrsti po razporedu; preskoceno.
12:42:35     Prebranih zapisov: 1389; SHA-256: dfe24a95501a90f6401459b4aae346cac88affcc26983e955cf6ba781ff6ab40
12:42:35     STOCK_FILE pri podjetju 3: se ni na vrsti po razporedu; preskoceno.
12:42:36     Prebranih zapisov: 1389; SHA-256: dfe24a95501a90f6401459b4aae346cac88affcc26983e955cf6ba781ff6ab40
12:42:36     STOCK_FILE pri podjetju 4: se ni na vrsti po razporedu; preskoceno.
12:42:36     konec: Zaloga BT_STOCK
12:42:36  == Zaloga iz SAOP (kolicine) ==
12:42:37     [1] SAOP_STOCK: se ni na vrsti po razporedu; preskoceno.
12:42:37     [2] SAOP_STOCK: se ni na vrsti po razporedu; preskoceno.
12:42:37     [3] SAOP_STOCK: se ni na vrsti po razporedu; preskoceno.
12:42:37     [4] SAOP_STOCK: se ni na vrsti po razporedu; preskoceno.
12:42:37     konec: Zaloga iz SAOP (kolicine)
12:42:37  == Izvoz cen in zaloge za splet ==
12:42:39     Izvoz profila MAGENTO_STOCK_PRICES končan: 352 vrstic v C:\Users\david\Desktop\PIM\NoviPIM\izvoz\magento\1
12:42:42     Izvoz profila MAGENTO_STOCK_PRICES končan: 2071 vrstic v C:\Users\david\Desktop\PIM\NoviPIM\izvoz\magento\2
12:42:46     Izvoz profila MAGENTO_STOCK_PRICES končan: 2488 vrstic v C:\Users\david\Desktop\PIM\NoviPIM\izvoz\magento\3
12:42:47     Izvoz profila MAGENTO_STOCK_PRICES končan: 0 vrstic v C:\Users\david\Desktop\PIM\NoviPIM\izvoz\magento\4
12:42:47     konec: Izvoz cen in zaloge za splet
12:42:47  Zalogovni cikel koncan; padlih korakov: 0.
12:47:26  == Zaloga NW_STOCK ==
12:47:27     [NW_STOCK] preskoceno: Razmik dobavitelja se tece; naslednji prenos po 4. 09. 2026 13:22.
12:47:27     Prevzem koncan: uspesno 0, neuspesno 0, skupaj virov 1.
12:47:28     Prebranih zapisov: 2763; SHA-256: d49f1c51a716a29aca38b14df779ff9ab645b129ebb64a775920985eca879b1a
12:47:28     Ta posnetek je ze v bazi; vir=NW_STOCK, podjetje=1, cas posnetka=2026-09-04 09:22:29Z, uporabljenih=2763, v karanteni=0, RunId=23b712e2-9403-4016-bcfb-fa79d3c7b7f6. Zapisano ni bilo nic.
12:47:29     Prebranih zapisov: 2763; SHA-256: d49f1c51a716a29aca38b14df779ff9ab645b129ebb64a775920985eca879b1a
12:47:29     Ta posnetek je ze v bazi; vir=NW_STOCK, podjetje=2, cas posnetka=2026-09-04 09:22:29Z, uporabljenih=2763, v karanteni=0, RunId=4a97d99d-4103-4795-bc22-3eeaa5af9e35. Zapisano ni bilo nic.
12:47:30     Prebranih zapisov: 2763; SHA-256: d49f1c51a716a29aca38b14df779ff9ab645b129ebb64a775920985eca879b1a
12:47:30     Ta posnetek je ze v bazi; vir=NW_STOCK, podjetje=3, cas posnetka=2026-09-04 09:22:29Z, uporabljenih=2763, v karanteni=0, RunId=8d91278e-657c-41b7-a286-fe99d4875e9a. Zapisano ni bilo nic.
12:47:31     Prebranih zapisov: 2763; SHA-256: d49f1c51a716a29aca38b14df779ff9ab645b129ebb64a775920985eca879b1a
12:47:31     Ta posnetek je ze v bazi; vir=NW_STOCK, podjetje=4, cas posnetka=2026-09-04 09:22:29Z, uporabljenih=2763, v karanteni=0, RunId=3d5976a3-454a-4a1a-91cd-48a3920dbe02. Zapisano ni bilo nic.
12:47:31     konec: Zaloga NW_STOCK
12:47:31  == Zaloga BT_STOCK ==
12:47:32     SOURCE_FETCH: se ni na vrsti po razporedu; preskoceno.
12:47:33     Prebranih zapisov: 1389; SHA-256: dfe24a95501a90f6401459b4aae346cac88affcc26983e955cf6ba781ff6ab40
12:47:33     STOCK_FILE pri podjetju 1: se ni na vrsti po razporedu; preskoceno.
12:47:34     Prebranih zapisov: 1389; SHA-256: dfe24a95501a90f6401459b4aae346cac88affcc26983e955cf6ba781ff6ab40
12:47:34     STOCK_FILE pri podjetju 2: se ni na vrsti po razporedu; preskoceno.
12:47:35     Prebranih zapisov: 1389; SHA-256: dfe24a95501a90f6401459b4aae346cac88affcc26983e955cf6ba781ff6ab40
12:47:35     STOCK_FILE pri podjetju 3: se ni na vrsti po razporedu; preskoceno.
12:47:36     Prebranih zapisov: 1389; SHA-256: dfe24a95501a90f6401459b4aae346cac88affcc26983e955cf6ba781ff6ab40
12:47:36     STOCK_FILE pri podjetju 4: se ni na vrsti po razporedu; preskoceno.
12:47:36     konec: Zaloga BT_STOCK
12:47:36  == Zaloga iz SAOP (kolicine) ==
12:47:37     [1] SAOP_STOCK: se ni na vrsti po razporedu; preskoceno.
12:47:37     [2] SAOP_STOCK: se ni na vrsti po razporedu; preskoceno.
12:47:37     [3] SAOP_STOCK: se ni na vrsti po razporedu; preskoceno.
12:47:37     [4] SAOP_STOCK: se ni na vrsti po razporedu; preskoceno.
12:47:37     konec: Zaloga iz SAOP (kolicine)
12:47:37  == Izvoz cen in zaloge za splet ==
12:47:39     Izvoz profila MAGENTO_STOCK_PRICES končan: 352 vrstic v C:\Users\david\Desktop\PIM\NoviPIM\izvoz\magento\1
12:47:42     Izvoz profila MAGENTO_STOCK_PRICES končan: 2071 vrstic v C:\Users\david\Desktop\PIM\NoviPIM\izvoz\magento\2
12:47:46     Izvoz profila MAGENTO_STOCK_PRICES končan: 2488 vrstic v C:\Users\david\Desktop\PIM\NoviPIM\izvoz\magento\3
12:47:47     Izvoz profila MAGENTO_STOCK_PRICES končan: 0 vrstic v C:\Users\david\Desktop\PIM\NoviPIM\izvoz\magento\4
12:47:47     konec: Izvoz cen in zaloge za splet
12:47:47  Zalogovni cikel koncan; padlih korakov: 0.
12:52:26  == Zaloga NW_STOCK ==
12:52:27     [NW_STOCK] preskoceno: Razmik dobavitelja se tece; naslednji prenos po 4. 09. 2026 13:22.
12:52:27     Prevzem koncan: uspesno 0, neuspesno 0, skupaj virov 1.
12:52:28     Prebranih zapisov: 2763; SHA-256: d49f1c51a716a29aca38b14df779ff9ab645b129ebb64a775920985eca879b1a
12:52:28     Ta posnetek je ze v bazi; vir=NW_STOCK, podjetje=1, cas posnetka=2026-09-04 09:22:29Z, uporabljenih=2763, v karanteni=0, RunId=23b712e2-9403-4016-bcfb-fa79d3c7b7f6. Zapisano ni bilo nic.
12:52:29     Prebranih zapisov: 2763; SHA-256: d49f1c51a716a29aca38b14df779ff9ab645b129ebb64a775920985eca879b1a
12:52:29     Ta posnetek je ze v bazi; vir=NW_STOCK, podjetje=2, cas posnetka=2026-09-04 09:22:29Z, uporabljenih=2763, v karanteni=0, RunId=4a97d99d-4103-4795-bc22-3eeaa5af9e35. Zapisano ni bilo nic.
12:52:30     Prebranih zapisov: 2763; SHA-256: d49f1c51a716a29aca38b14df779ff9ab645b129ebb64a775920985eca879b1a
12:52:30     Ta posnetek je ze v bazi; vir=NW_STOCK, podjetje=3, cas posnetka=2026-09-04 09:22:29Z, uporabljenih=2763, v karanteni=0, RunId=8d91278e-657c-41b7-a286-fe99d4875e9a. Zapisano ni bilo nic.
12:52:31     Prebranih zapisov: 2763; SHA-256: d49f1c51a716a29aca38b14df779ff9ab645b129ebb64a775920985eca879b1a
12:52:31     Ta posnetek je ze v bazi; vir=NW_STOCK, podjetje=4, cas posnetka=2026-09-04 09:22:29Z, uporabljenih=2763, v karanteni=0, RunId=3d5976a3-454a-4a1a-91cd-48a3920dbe02. Zapisano ni bilo nic.
12:52:31     konec: Zaloga NW_STOCK
12:52:31  == Zaloga BT_STOCK ==
12:52:32     SOURCE_FETCH: se ni na vrsti po razporedu; preskoceno.
12:52:33     Prebranih zapisov: 1389; SHA-256: dfe24a95501a90f6401459b4aae346cac88affcc26983e955cf6ba781ff6ab40
12:52:33     STOCK_FILE pri podjetju 1: se ni na vrsti po razporedu; preskoceno.
12:52:34     Prebranih zapisov: 1389; SHA-256: dfe24a95501a90f6401459b4aae346cac88affcc26983e955cf6ba781ff6ab40
12:52:34     STOCK_FILE pri podjetju 2: se ni na vrsti po razporedu; preskoceno.
12:52:35     Prebranih zapisov: 1389; SHA-256: dfe24a95501a90f6401459b4aae346cac88affcc26983e955cf6ba781ff6ab40
12:52:35     STOCK_FILE pri podjetju 3: se ni na vrsti po razporedu; preskoceno.
12:52:36     Prebranih zapisov: 1389; SHA-256: dfe24a95501a90f6401459b4aae346cac88affcc26983e955cf6ba781ff6ab40
12:52:36     STOCK_FILE pri podjetju 4: se ni na vrsti po razporedu; preskoceno.
12:52:36     konec: Zaloga BT_STOCK
12:52:36  == Zaloga iz SAOP (kolicine) ==
12:52:37     [1] SAOP_STOCK: se ni na vrsti po razporedu; preskoceno.
12:52:37     [2] SAOP_STOCK: se ni na vrsti po razporedu; preskoceno.
12:52:37     [3] SAOP_STOCK: se ni na vrsti po razporedu; preskoceno.
12:52:37     [4] SAOP_STOCK: se ni na vrsti po razporedu; preskoceno.
12:52:37     konec: Zaloga iz SAOP (kolicine)
12:52:37  == Izvoz cen in zaloge za splet ==
12:52:39     Izvoz profila MAGENTO_STOCK_PRICES končan: 352 vrstic v C:\Users\david\Desktop\PIM\NoviPIM\izvoz\magento\1
12:52:42     Izvoz profila MAGENTO_STOCK_PRICES končan: 2071 vrstic v C:\Users\david\Desktop\PIM\NoviPIM\izvoz\magento\2
12:52:46     Izvoz profila MAGENTO_STOCK_PRICES končan: 2488 vrstic v C:\Users\david\Desktop\PIM\NoviPIM\izvoz\magento\3
12:52:47     Izvoz profila MAGENTO_STOCK_PRICES končan: 0 vrstic v C:\Users\david\Desktop\PIM\NoviPIM\izvoz\magento\4
12:52:47     konec: Izvoz cen in zaloge za splet
12:52:47  Zalogovni cikel koncan; padlih korakov: 0.
12:57:26  == Zaloga NW_STOCK ==
12:57:27     SOURCE_FETCH: se ni na vrsti po razporedu; preskoceno.
12:57:28     Prebranih zapisov: 2763; SHA-256: d49f1c51a716a29aca38b14df779ff9ab645b129ebb64a775920985eca879b1a
12:57:28     STOCK_FILE pri podjetju 1: se ni na vrsti po razporedu; preskoceno.
12:57:29     Prebranih zapisov: 2763; SHA-256: d49f1c51a716a29aca38b14df779ff9ab645b129ebb64a775920985eca879b1a
12:57:29     STOCK_FILE pri podjetju 2: se ni na vrsti po razporedu; preskoceno.
12:57:30     Prebranih zapisov: 2763; SHA-256: d49f1c51a716a29aca38b14df779ff9ab645b129ebb64a775920985eca879b1a
12:57:30     STOCK_FILE pri podjetju 3: se ni na vrsti po razporedu; preskoceno.
12:57:31     Prebranih zapisov: 2763; SHA-256: d49f1c51a716a29aca38b14df779ff9ab645b129ebb64a775920985eca879b1a
12:57:31     STOCK_FILE pri podjetju 4: se ni na vrsti po razporedu; preskoceno.
12:57:31     konec: Zaloga NW_STOCK
12:57:31  == Zaloga BT_STOCK ==
12:57:32     [BT_STOCK] preskoceno: Razmik dobavitelja se tece; naslednji prenos po 4. 09. 2026 15:37.
12:57:32     Prevzem koncan: uspesno 0, neuspesno 0, skupaj virov 1.
12:57:33     Prebranih zapisov: 1389; SHA-256: dfe24a95501a90f6401459b4aae346cac88affcc26983e955cf6ba781ff6ab40
12:57:33     Ta posnetek je ze v bazi; vir=BT_STOCK, podjetje=1, cas posnetka=2026-09-04 10:37:34Z, uporabljenih=1389, v karanteni=0, RunId=e705b902-5b08-472e-8a3c-d8b76d964199. Zapisano ni bilo nic.
12:57:34     Prebranih zapisov: 1389; SHA-256: dfe24a95501a90f6401459b4aae346cac88affcc26983e955cf6ba781ff6ab40
12:57:34     Ta posnetek je ze v bazi; vir=BT_STOCK, podjetje=2, cas posnetka=2026-09-04 10:37:34Z, uporabljenih=1389, v karanteni=0, RunId=2a953daf-d67c-4ca2-9562-b19bce69f12f. Zapisano ni bilo nic.
12:57:35     Prebranih zapisov: 1389; SHA-256: dfe24a95501a90f6401459b4aae346cac88affcc26983e955cf6ba781ff6ab40
12:57:35     Ta posnetek je ze v bazi; vir=BT_STOCK, podjetje=3, cas posnetka=2026-09-04 10:37:34Z, uporabljenih=1389, v karanteni=0, RunId=f51ccdea-5b91-4b53-baf5-c361f00df689. Zapisano ni bilo nic.
12:57:36     Prebranih zapisov: 1389; SHA-256: dfe24a95501a90f6401459b4aae346cac88affcc26983e955cf6ba781ff6ab40
12:57:36     Ta posnetek je ze v bazi; vir=BT_STOCK, podjetje=4, cas posnetka=2026-09-04 10:37:34Z, uporabljenih=1389, v karanteni=0, RunId=e4d31ad2-87a1-4877-ac45-2d49864d0a96. Zapisano ni bilo nic.
12:57:36     konec: Zaloga BT_STOCK
12:57:36  == Zaloga iz SAOP (kolicine) ==
12:57:37     [1] SAOP_STOCK: se ni na vrsti po razporedu; preskoceno.
12:57:37     [2] SAOP_STOCK: se ni na vrsti po razporedu; preskoceno.
12:57:37     [3] SAOP_STOCK: se ni na vrsti po razporedu; preskoceno.
12:57:37     [4] SAOP_STOCK: se ni na vrsti po razporedu; preskoceno.
12:57:37     konec: Zaloga iz SAOP (kolicine)
12:57:37  == Izvoz cen in zaloge za splet ==
12:57:39     Izvoz profila MAGENTO_STOCK_PRICES končan: 352 vrstic v C:\Users\david\Desktop\PIM\NoviPIM\izvoz\magento\1
12:57:43     Izvoz profila MAGENTO_STOCK_PRICES končan: 2071 vrstic v C:\Users\david\Desktop\PIM\NoviPIM\izvoz\magento\2
12:57:46     Izvoz profila MAGENTO_STOCK_PRICES končan: 2488 vrstic v C:\Users\david\Desktop\PIM\NoviPIM\izvoz\magento\3
12:57:48     Izvoz profila MAGENTO_STOCK_PRICES končan: 0 vrstic v C:\Users\david\Desktop\PIM\NoviPIM\izvoz\magento\4
12:57:48     konec: Izvoz cen in zaloge za splet
12:57:48  Zalogovni cikel koncan; padlih korakov: 0.
13:02:26  == Zaloga NW_STOCK ==
13:02:27     SOURCE_FETCH: se ni na vrsti po razporedu; preskoceno.
13:02:28     Prebranih zapisov: 2763; SHA-256: d49f1c51a716a29aca38b14df779ff9ab645b129ebb64a775920985eca879b1a
13:02:28     STOCK_FILE pri podjetju 1: se ni na vrsti po razporedu; preskoceno.
13:02:29     Prebranih zapisov: 2763; SHA-256: d49f1c51a716a29aca38b14df779ff9ab645b129ebb64a775920985eca879b1a
13:02:29     STOCK_FILE pri podjetju 2: se ni na vrsti po razporedu; preskoceno.
13:02:30     Prebranih zapisov: 2763; SHA-256: d49f1c51a716a29aca38b14df779ff9ab645b129ebb64a775920985eca879b1a
13:02:30     STOCK_FILE pri podjetju 3: se ni na vrsti po razporedu; preskoceno.
13:02:31     Prebranih zapisov: 2763; SHA-256: d49f1c51a716a29aca38b14df779ff9ab645b129ebb64a775920985eca879b1a
13:02:31     STOCK_FILE pri podjetju 4: se ni na vrsti po razporedu; preskoceno.
13:02:31     konec: Zaloga NW_STOCK
13:02:31  == Zaloga BT_STOCK ==
13:02:32     SOURCE_FETCH: se ni na vrsti po razporedu; preskoceno.
13:02:33     Prebranih zapisov: 1389; SHA-256: dfe24a95501a90f6401459b4aae346cac88affcc26983e955cf6ba781ff6ab40
13:02:33     STOCK_FILE pri podjetju 1: se ni na vrsti po razporedu; preskoceno.
13:02:34     Prebranih zapisov: 1389; SHA-256: dfe24a95501a90f6401459b4aae346cac88affcc26983e955cf6ba781ff6ab40
13:02:34     STOCK_FILE pri podjetju 2: se ni na vrsti po razporedu; preskoceno.
13:02:35     Prebranih zapisov: 1389; SHA-256: dfe24a95501a90f6401459b4aae346cac88affcc26983e955cf6ba781ff6ab40
13:02:35     STOCK_FILE pri podjetju 3: se ni na vrsti po razporedu; preskoceno.
13:02:36     Prebranih zapisov: 1389; SHA-256: dfe24a95501a90f6401459b4aae346cac88affcc26983e955cf6ba781ff6ab40
13:02:36     STOCK_FILE pri podjetju 4: se ni na vrsti po razporedu; preskoceno.
13:02:36     konec: Zaloga BT_STOCK
13:02:36  == Zaloga iz SAOP (kolicine) ==
13:02:58     STDERR: [1] NAPAKA: A connection attempt failed because the connected party did not properly respond after a period of time, or established connection failed because connected host has failed to respond. (192.168.178.12:81)
13:03:19     STDERR: [2] NAPAKA: A connection attempt failed because the connected party did not properly respond after a period of time, or established connection failed because connected host has failed to respond. (192.168.178.12:81)
13:03:40     STDERR: [3] NAPAKA: A connection attempt failed because the connected party did not properly respond after a period of time, or established connection failed because connected host has failed to respond. (192.168.178.12:81)
13:04:01     STDERR: [4] NAPAKA: A connection attempt failed because the connected party did not properly respond after a period of time, or established connection failed because connected host has failed to respond. (192.168.178.12:81)
13:04:01     NAPAKA: worker workers\PIM.SaopStockWorker je koncal z izhodno kodo 1
13:04:01  == Izvoz cen in zaloge za splet ==
13:04:03     Izvoz profila MAGENTO_STOCK_PRICES končan: 352 vrstic v C:\Users\david\Desktop\PIM\NoviPIM\izvoz\magento\1
13:04:06     Izvoz profila MAGENTO_STOCK_PRICES končan: 2071 vrstic v C:\Users\david\Desktop\PIM\NoviPIM\izvoz\magento\2
13:04:10     Izvoz profila MAGENTO_STOCK_PRICES končan: 2488 vrstic v C:\Users\david\Desktop\PIM\NoviPIM\izvoz\magento\3
13:04:11     Izvoz profila MAGENTO_STOCK_PRICES končan: 0 vrstic v C:\Users\david\Desktop\PIM\NoviPIM\izvoz\magento\4
13:04:11     konec: Izvoz cen in zaloge za splet
13:04:11  Zalogovni cikel koncan; padlih korakov: 1.
13:07:26  == Zaloga NW_STOCK ==
13:07:27     [NW_STOCK] preskoceno: Razmik dobavitelja se tece; naslednji prenos po 4. 09. 2026 13:22.
13:07:27     Prevzem koncan: uspesno 0, neuspesno 0, skupaj virov 1.
13:07:28     Prebranih zapisov: 2763; SHA-256: d49f1c51a716a29aca38b14df779ff9ab645b129ebb64a775920985eca879b1a
13:07:28     Ta posnetek je ze v bazi; vir=NW_STOCK, podjetje=1, cas posnetka=2026-09-04 09:22:29Z, uporabljenih=2763, v karanteni=0, RunId=23b712e2-9403-4016-bcfb-fa79d3c7b7f6. Zapisano ni bilo nic.
13:07:29     Prebranih zapisov: 2763; SHA-256: d49f1c51a716a29aca38b14df779ff9ab645b129ebb64a775920985eca879b1a
13:07:29     Ta posnetek je ze v bazi; vir=NW_STOCK, podjetje=2, cas posnetka=2026-09-04 09:22:29Z, uporabljenih=2763, v karanteni=0, RunId=4a97d99d-4103-4795-bc22-3eeaa5af9e35. Zapisano ni bilo nic.
13:07:30     Prebranih zapisov: 2763; SHA-256: d49f1c51a716a29aca38b14df779ff9ab645b129ebb64a775920985eca879b1a
13:07:30     Ta posnetek je ze v bazi; vir=NW_STOCK, podjetje=3, cas posnetka=2026-09-04 09:22:29Z, uporabljenih=2763, v karanteni=0, RunId=8d91278e-657c-41b7-a286-fe99d4875e9a. Zapisano ni bilo nic.
13:07:31     Prebranih zapisov: 2763; SHA-256: d49f1c51a716a29aca38b14df779ff9ab645b129ebb64a775920985eca879b1a
13:07:31     Ta posnetek je ze v bazi; vir=NW_STOCK, podjetje=4, cas posnetka=2026-09-04 09:22:29Z, uporabljenih=2763, v karanteni=0, RunId=3d5976a3-454a-4a1a-91cd-48a3920dbe02. Zapisano ni bilo nic.
13:07:31     konec: Zaloga NW_STOCK
13:07:31  == Zaloga BT_STOCK ==
13:07:32     SOURCE_FETCH: se ni na vrsti po razporedu; preskoceno.
13:07:33     Prebranih zapisov: 1389; SHA-256: dfe24a95501a90f6401459b4aae346cac88affcc26983e955cf6ba781ff6ab40
13:07:33     STOCK_FILE pri podjetju 1: se ni na vrsti po razporedu; preskoceno.
13:07:34     Prebranih zapisov: 1389; SHA-256: dfe24a95501a90f6401459b4aae346cac88affcc26983e955cf6ba781ff6ab40
13:07:34     STOCK_FILE pri podjetju 2: se ni na vrsti po razporedu; preskoceno.
13:07:35     Prebranih zapisov: 1389; SHA-256: dfe24a95501a90f6401459b4aae346cac88affcc26983e955cf6ba781ff6ab40
13:07:35     STOCK_FILE pri podjetju 3: se ni na vrsti po razporedu; preskoceno.
13:07:36     Prebranih zapisov: 1389; SHA-256: dfe24a95501a90f6401459b4aae346cac88affcc26983e955cf6ba781ff6ab40
13:07:36     STOCK_FILE pri podjetju 4: se ni na vrsti po razporedu; preskoceno.
13:07:36     konec: Zaloga BT_STOCK
13:07:36  == Zaloga iz SAOP (kolicine) ==
13:07:37     [1] SAOP_STOCK: se ni na vrsti po razporedu; preskoceno.
13:07:37     [2] SAOP_STOCK: se ni na vrsti po razporedu; preskoceno.
13:07:37     [3] SAOP_STOCK: se ni na vrsti po razporedu; preskoceno.
13:07:37     [4] SAOP_STOCK: se ni na vrsti po razporedu; preskoceno.
13:07:37     konec: Zaloga iz SAOP (kolicine)
13:07:37  == Izvoz cen in zaloge za splet ==
13:07:39     Izvoz profila MAGENTO_STOCK_PRICES končan: 352 vrstic v C:\Users\david\Desktop\PIM\NoviPIM\izvoz\magento\1
13:07:43     Izvoz profila MAGENTO_STOCK_PRICES končan: 2071 vrstic v C:\Users\david\Desktop\PIM\NoviPIM\izvoz\magento\2
13:07:46     Izvoz profila MAGENTO_STOCK_PRICES končan: 2488 vrstic v C:\Users\david\Desktop\PIM\NoviPIM\izvoz\magento\3
13:07:47     Izvoz profila MAGENTO_STOCK_PRICES končan: 0 vrstic v C:\Users\david\Desktop\PIM\NoviPIM\izvoz\magento\4
13:07:47     konec: Izvoz cen in zaloge za splet
13:07:47  Zalogovni cikel koncan; padlih korakov: 0.
13:12:26  == Zaloga NW_STOCK ==
13:12:27     SOURCE_FETCH: se ni na vrsti po razporedu; preskoceno.
13:12:28     Prebranih zapisov: 2763; SHA-256: d49f1c51a716a29aca38b14df779ff9ab645b129ebb64a775920985eca879b1a
13:12:28     STOCK_FILE pri podjetju 1: se ni na vrsti po razporedu; preskoceno.
13:12:29     Prebranih zapisov: 2763; SHA-256: d49f1c51a716a29aca38b14df779ff9ab645b129ebb64a775920985eca879b1a
13:12:29     STOCK_FILE pri podjetju 2: se ni na vrsti po razporedu; preskoceno.
13:12:30     Prebranih zapisov: 2763; SHA-256: d49f1c51a716a29aca38b14df779ff9ab645b129ebb64a775920985eca879b1a
13:12:30     STOCK_FILE pri podjetju 3: se ni na vrsti po razporedu; preskoceno.
13:12:31     Prebranih zapisov: 2763; SHA-256: d49f1c51a716a29aca38b14df779ff9ab645b129ebb64a775920985eca879b1a
13:12:31     STOCK_FILE pri podjetju 4: se ni na vrsti po razporedu; preskoceno.
13:12:31     konec: Zaloga NW_STOCK
13:12:31  == Zaloga BT_STOCK ==
13:12:32     [BT_STOCK] preskoceno: Razmik dobavitelja se tece; naslednji prenos po 4. 09. 2026 15:37.
13:12:32     Prevzem koncan: uspesno 0, neuspesno 0, skupaj virov 1.
13:12:33     Prebranih zapisov: 1389; SHA-256: dfe24a95501a90f6401459b4aae346cac88affcc26983e955cf6ba781ff6ab40
13:12:33     Ta posnetek je ze v bazi; vir=BT_STOCK, podjetje=1, cas posnetka=2026-09-04 10:37:34Z, uporabljenih=1389, v karanteni=0, RunId=e705b902-5b08-472e-8a3c-d8b76d964199. Zapisano ni bilo nic.
13:12:34     Prebranih zapisov: 1389; SHA-256: dfe24a95501a90f6401459b4aae346cac88affcc26983e955cf6ba781ff6ab40
13:12:34     Ta posnetek je ze v bazi; vir=BT_STOCK, podjetje=2, cas posnetka=2026-09-04 10:37:34Z, uporabljenih=1389, v karanteni=0, RunId=2a953daf-d67c-4ca2-9562-b19bce69f12f. Zapisano ni bilo nic.
13:12:35     Prebranih zapisov: 1389; SHA-256: dfe24a95501a90f6401459b4aae346cac88affcc26983e955cf6ba781ff6ab40
13:12:35     Ta posnetek je ze v bazi; vir=BT_STOCK, podjetje=3, cas posnetka=2026-09-04 10:37:34Z, uporabljenih=1389, v karanteni=0, RunId=f51ccdea-5b91-4b53-baf5-c361f00df689. Zapisano ni bilo nic.
13:12:36     Prebranih zapisov: 1389; SHA-256: dfe24a95501a90f6401459b4aae346cac88affcc26983e955cf6ba781ff6ab40
13:12:36     Ta posnetek je ze v bazi; vir=BT_STOCK, podjetje=4, cas posnetka=2026-09-04 10:37:34Z, uporabljenih=1389, v karanteni=0, RunId=e4d31ad2-87a1-4877-ac45-2d49864d0a96. Zapisano ni bilo nic.
13:12:36     konec: Zaloga BT_STOCK
13:12:36  == Zaloga iz SAOP (kolicine) ==
13:12:37     [1] SAOP_STOCK: se ni na vrsti po razporedu; preskoceno.
13:12:37     [2] SAOP_STOCK: se ni na vrsti po razporedu; preskoceno.
13:12:37     [3] SAOP_STOCK: se ni na vrsti po razporedu; preskoceno.
13:12:37     [4] SAOP_STOCK: se ni na vrsti po razporedu; preskoceno.
13:12:37     konec: Zaloga iz SAOP (kolicine)
13:12:37  == Izvoz cen in zaloge za splet ==
13:12:39     Izvoz profila MAGENTO_STOCK_PRICES končan: 352 vrstic v C:\Users\david\Desktop\PIM\NoviPIM\izvoz\magento\1
13:12:43     Izvoz profila MAGENTO_STOCK_PRICES končan: 2071 vrstic v C:\Users\david\Desktop\PIM\NoviPIM\izvoz\magento\2
13:12:46     Izvoz profila MAGENTO_STOCK_PRICES končan: 2488 vrstic v C:\Users\david\Desktop\PIM\NoviPIM\izvoz\magento\3
13:12:47     Izvoz profila MAGENTO_STOCK_PRICES končan: 0 vrstic v C:\Users\david\Desktop\PIM\NoviPIM\izvoz\magento\4
13:12:47     konec: Izvoz cen in zaloge za splet
13:12:47  Zalogovni cikel koncan; padlih korakov: 0.
13:17:26  == Zaloga NW_STOCK ==
13:17:27     SOURCE_FETCH: se ni na vrsti po razporedu; preskoceno.
13:17:28     Prebranih zapisov: 2763; SHA-256: d49f1c51a716a29aca38b14df779ff9ab645b129ebb64a775920985eca879b1a
13:17:28     STOCK_FILE pri podjetju 1: se ni na vrsti po razporedu; preskoceno.
13:17:29     Prebranih zapisov: 2763; SHA-256: d49f1c51a716a29aca38b14df779ff9ab645b129ebb64a775920985eca879b1a
13:17:29     STOCK_FILE pri podjetju 2: se ni na vrsti po razporedu; preskoceno.
13:17:30     Prebranih zapisov: 2763; SHA-256: d49f1c51a716a29aca38b14df779ff9ab645b129ebb64a775920985eca879b1a
13:17:30     STOCK_FILE pri podjetju 3: se ni na vrsti po razporedu; preskoceno.
13:17:31     Prebranih zapisov: 2763; SHA-256: d49f1c51a716a29aca38b14df779ff9ab645b129ebb64a775920985eca879b1a
13:17:31     STOCK_FILE pri podjetju 4: se ni na vrsti po razporedu; preskoceno.
13:17:31     konec: Zaloga NW_STOCK
13:17:31  == Zaloga BT_STOCK ==
13:17:32     SOURCE_FETCH: se ni na vrsti po razporedu; preskoceno.
13:17:33     Prebranih zapisov: 1389; SHA-256: dfe24a95501a90f6401459b4aae346cac88affcc26983e955cf6ba781ff6ab40
13:17:33     STOCK_FILE pri podjetju 1: se ni na vrsti po razporedu; preskoceno.
13:17:34     Prebranih zapisov: 1389; SHA-256: dfe24a95501a90f6401459b4aae346cac88affcc26983e955cf6ba781ff6ab40
13:17:34     STOCK_FILE pri podjetju 2: se ni na vrsti po razporedu; preskoceno.
13:17:35     Prebranih zapisov: 1389; SHA-256: dfe24a95501a90f6401459b4aae346cac88affcc26983e955cf6ba781ff6ab40
13:17:35     STOCK_FILE pri podjetju 3: se ni na vrsti po razporedu; preskoceno.
13:17:36     Prebranih zapisov: 1389; SHA-256: dfe24a95501a90f6401459b4aae346cac88affcc26983e955cf6ba781ff6ab40
13:17:36     STOCK_FILE pri podjetju 4: se ni na vrsti po razporedu; preskoceno.
13:17:36     konec: Zaloga BT_STOCK
13:17:36  == Zaloga iz SAOP (kolicine) ==
13:17:37     [1] SAOP_STOCK: se ni na vrsti po razporedu; preskoceno.
13:17:37     [2] SAOP_STOCK: se ni na vrsti po razporedu; preskoceno.
13:17:37     [3] SAOP_STOCK: se ni na vrsti po razporedu; preskoceno.
13:17:37     [4] SAOP_STOCK: se ni na vrsti po razporedu; preskoceno.
13:17:37     konec: Zaloga iz SAOP (kolicine)
13:17:37  == Izvoz cen in zaloge za splet ==
13:17:38     Izvoz profila MAGENTO_STOCK_PRICES končan: 352 vrstic v C:\Users\david\Desktop\PIM\NoviPIM\izvoz\magento\1
13:17:42     Izvoz profila MAGENTO_STOCK_PRICES končan: 2071 vrstic v C:\Users\david\Desktop\PIM\NoviPIM\izvoz\magento\2
13:17:46     Izvoz profila MAGENTO_STOCK_PRICES končan: 2488 vrstic v C:\Users\david\Desktop\PIM\NoviPIM\izvoz\magento\3
13:17:47     Izvoz profila MAGENTO_STOCK_PRICES končan: 0 vrstic v C:\Users\david\Desktop\PIM\NoviPIM\izvoz\magento\4
13:17:47     konec: Izvoz cen in zaloge za splet
13:17:47  Zalogovni cikel koncan; padlih korakov: 0.
13:22:26  == Zaloga NW_STOCK ==
13:22:27     [NW_STOCK] preskoceno: Razmik dobavitelja se tece; naslednji prenos po 4. 09. 2026 13:22.
13:22:27     Prevzem koncan: uspesno 0, neuspesno 0, skupaj virov 1.
13:22:28     Prebranih zapisov: 2763; SHA-256: d49f1c51a716a29aca38b14df779ff9ab645b129ebb64a775920985eca879b1a
13:22:28     Ta posnetek je ze v bazi; vir=NW_STOCK, podjetje=1, cas posnetka=2026-09-04 09:22:29Z, uporabljenih=2763, v karanteni=0, RunId=23b712e2-9403-4016-bcfb-fa79d3c7b7f6. Zapisano ni bilo nic.
13:22:29     Prebranih zapisov: 2763; SHA-256: d49f1c51a716a29aca38b14df779ff9ab645b129ebb64a775920985eca879b1a
13:22:29     Ta posnetek je ze v bazi; vir=NW_STOCK, podjetje=2, cas posnetka=2026-09-04 09:22:29Z, uporabljenih=2763, v karanteni=0, RunId=4a97d99d-4103-4795-bc22-3eeaa5af9e35. Zapisano ni bilo nic.
13:22:30     Prebranih zapisov: 2763; SHA-256: d49f1c51a716a29aca38b14df779ff9ab645b129ebb64a775920985eca879b1a
13:22:30     Ta posnetek je ze v bazi; vir=NW_STOCK, podjetje=3, cas posnetka=2026-09-04 09:22:29Z, uporabljenih=2763, v karanteni=0, RunId=8d91278e-657c-41b7-a286-fe99d4875e9a. Zapisano ni bilo nic.
13:22:31     Prebranih zapisov: 2763; SHA-256: d49f1c51a716a29aca38b14df779ff9ab645b129ebb64a775920985eca879b1a
13:22:31     Ta posnetek je ze v bazi; vir=NW_STOCK, podjetje=4, cas posnetka=2026-09-04 09:22:29Z, uporabljenih=2763, v karanteni=0, RunId=3d5976a3-454a-4a1a-91cd-48a3920dbe02. Zapisano ni bilo nic.
13:22:31     konec: Zaloga NW_STOCK
13:22:31  == Zaloga BT_STOCK ==
13:22:32     SOURCE_FETCH: se ni na vrsti po razporedu; preskoceno.
13:22:33     Prebranih zapisov: 1389; SHA-256: dfe24a95501a90f6401459b4aae346cac88affcc26983e955cf6ba781ff6ab40
13:22:33     STOCK_FILE pri podjetju 1: se ni na vrsti po razporedu; preskoceno.
13:22:34     Prebranih zapisov: 1389; SHA-256: dfe24a95501a90f6401459b4aae346cac88affcc26983e955cf6ba781ff6ab40
13:22:34     STOCK_FILE pri podjetju 2: se ni na vrsti po razporedu; preskoceno.
13:22:35     Prebranih zapisov: 1389; SHA-256: dfe24a95501a90f6401459b4aae346cac88affcc26983e955cf6ba781ff6ab40
13:22:35     STOCK_FILE pri podjetju 3: se ni na vrsti po razporedu; preskoceno.
13:22:36     Prebranih zapisov: 1389; SHA-256: dfe24a95501a90f6401459b4aae346cac88affcc26983e955cf6ba781ff6ab40
13:22:36     STOCK_FILE pri podjetju 4: se ni na vrsti po razporedu; preskoceno.
13:22:36     konec: Zaloga BT_STOCK
13:22:36  == Zaloga iz SAOP (kolicine) ==
13:22:37     [1] SAOP_STOCK: se ni na vrsti po razporedu; preskoceno.
13:22:37     [2] SAOP_STOCK: se ni na vrsti po razporedu; preskoceno.
13:22:37     [3] SAOP_STOCK: se ni na vrsti po razporedu; preskoceno.
13:22:37     [4] SAOP_STOCK: se ni na vrsti po razporedu; preskoceno.
13:22:37     konec: Zaloga iz SAOP (kolicine)
13:22:37  == Izvoz cen in zaloge za splet ==
13:22:39     Izvoz profila MAGENTO_STOCK_PRICES končan: 352 vrstic v C:\Users\david\Desktop\PIM\NoviPIM\izvoz\magento\1
13:22:42     Izvoz profila MAGENTO_STOCK_PRICES končan: 2071 vrstic v C:\Users\david\Desktop\PIM\NoviPIM\izvoz\magento\2
13:22:46     Izvoz profila MAGENTO_STOCK_PRICES končan: 2488 vrstic v C:\Users\david\Desktop\PIM\NoviPIM\izvoz\magento\3
13:22:47     Izvoz profila MAGENTO_STOCK_PRICES končan: 0 vrstic v C:\Users\david\Desktop\PIM\NoviPIM\izvoz\magento\4
13:22:47     konec: Izvoz cen in zaloge za splet
13:22:47  Zalogovni cikel koncan; padlih korakov: 0.
13:27:26  == Zaloga NW_STOCK ==
13:27:27     SOURCE_FETCH: se ni na vrsti po razporedu; preskoceno.
13:27:28     Prebranih zapisov: 2763; SHA-256: d49f1c51a716a29aca38b14df779ff9ab645b129ebb64a775920985eca879b1a
13:27:28     STOCK_FILE pri podjetju 1: se ni na vrsti po razporedu; preskoceno.
13:27:29     Prebranih zapisov: 2763; SHA-256: d49f1c51a716a29aca38b14df779ff9ab645b129ebb64a775920985eca879b1a
13:27:29     STOCK_FILE pri podjetju 2: se ni na vrsti po razporedu; preskoceno.
13:27:30     Prebranih zapisov: 2763; SHA-256: d49f1c51a716a29aca38b14df779ff9ab645b129ebb64a775920985eca879b1a
13:27:30     STOCK_FILE pri podjetju 3: se ni na vrsti po razporedu; preskoceno.
13:27:31     Prebranih zapisov: 2763; SHA-256: d49f1c51a716a29aca38b14df779ff9ab645b129ebb64a775920985eca879b1a
13:27:31     STOCK_FILE pri podjetju 4: se ni na vrsti po razporedu; preskoceno.
13:27:31     konec: Zaloga NW_STOCK
13:27:31  == Zaloga BT_STOCK ==
13:27:32     [BT_STOCK] preskoceno: Razmik dobavitelja se tece; naslednji prenos po 4. 09. 2026 15:37.
13:27:32     Prevzem koncan: uspesno 0, neuspesno 0, skupaj virov 1.
13:27:33     Prebranih zapisov: 1389; SHA-256: dfe24a95501a90f6401459b4aae346cac88affcc26983e955cf6ba781ff6ab40
13:27:33     Ta posnetek je ze v bazi; vir=BT_STOCK, podjetje=1, cas posnetka=2026-09-04 10:37:34Z, uporabljenih=1389, v karanteni=0, RunId=e705b902-5b08-472e-8a3c-d8b76d964199. Zapisano ni bilo nic.
13:27:34     Prebranih zapisov: 1389; SHA-256: dfe24a95501a90f6401459b4aae346cac88affcc26983e955cf6ba781ff6ab40
13:27:34     Ta posnetek je ze v bazi; vir=BT_STOCK, podjetje=2, cas posnetka=2026-09-04 10:37:34Z, uporabljenih=1389, v karanteni=0, RunId=2a953daf-d67c-4ca2-9562-b19bce69f12f. Zapisano ni bilo nic.
13:27:35     Prebranih zapisov: 1389; SHA-256: dfe24a95501a90f6401459b4aae346cac88affcc26983e955cf6ba781ff6ab40
13:27:35     Ta posnetek je ze v bazi; vir=BT_STOCK, podjetje=3, cas posnetka=2026-09-04 10:37:34Z, uporabljenih=1389, v karanteni=0, RunId=f51ccdea-5b91-4b53-baf5-c361f00df689. Zapisano ni bilo nic.
13:27:36     Prebranih zapisov: 1389; SHA-256: dfe24a95501a90f6401459b4aae346cac88affcc26983e955cf6ba781ff6ab40
13:27:36     Ta posnetek je ze v bazi; vir=BT_STOCK, podjetje=4, cas posnetka=2026-09-04 10:37:34Z, uporabljenih=1389, v karanteni=0, RunId=e4d31ad2-87a1-4877-ac45-2d49864d0a96. Zapisano ni bilo nic.
13:27:36     konec: Zaloga BT_STOCK
13:27:36  == Zaloga iz SAOP (kolicine) ==
13:27:37     [1] SAOP_STOCK: se ni na vrsti po razporedu; preskoceno.
13:27:37     [2] SAOP_STOCK: se ni na vrsti po razporedu; preskoceno.
13:27:37     [3] SAOP_STOCK: se ni na vrsti po razporedu; preskoceno.
13:27:37     [4] SAOP_STOCK: se ni na vrsti po razporedu; preskoceno.
13:27:37     konec: Zaloga iz SAOP (kolicine)
13:27:37  == Izvoz cen in zaloge za splet ==
13:27:39     Izvoz profila MAGENTO_STOCK_PRICES končan: 352 vrstic v C:\Users\david\Desktop\PIM\NoviPIM\izvoz\magento\1
13:27:42     Izvoz profila MAGENTO_STOCK_PRICES končan: 2071 vrstic v C:\Users\david\Desktop\PIM\NoviPIM\izvoz\magento\2
13:27:46     Izvoz profila MAGENTO_STOCK_PRICES končan: 2488 vrstic v C:\Users\david\Desktop\PIM\NoviPIM\izvoz\magento\3
13:27:47     Izvoz profila MAGENTO_STOCK_PRICES končan: 0 vrstic v C:\Users\david\Desktop\PIM\NoviPIM\izvoz\magento\4
13:27:47     konec: Izvoz cen in zaloge za splet
13:27:47  Zalogovni cikel koncan; padlih korakov: 0.
13:32:26  == Zaloga NW_STOCK ==
13:32:27     SOURCE_FETCH: se ni na vrsti po razporedu; preskoceno.
13:32:28     Prebranih zapisov: 2763; SHA-256: d49f1c51a716a29aca38b14df779ff9ab645b129ebb64a775920985eca879b1a
13:32:28     STOCK_FILE pri podjetju 1: se ni na vrsti po razporedu; preskoceno.
13:32:29     Prebranih zapisov: 2763; SHA-256: d49f1c51a716a29aca38b14df779ff9ab645b129ebb64a775920985eca879b1a
13:32:29     STOCK_FILE pri podjetju 2: se ni na vrsti po razporedu; preskoceno.
13:32:30     Prebranih zapisov: 2763; SHA-256: d49f1c51a716a29aca38b14df779ff9ab645b129ebb64a775920985eca879b1a
13:32:30     STOCK_FILE pri podjetju 3: se ni na vrsti po razporedu; preskoceno.
13:32:31     Prebranih zapisov: 2763; SHA-256: d49f1c51a716a29aca38b14df779ff9ab645b129ebb64a775920985eca879b1a
13:32:31     STOCK_FILE pri podjetju 4: se ni na vrsti po razporedu; preskoceno.
13:32:31     konec: Zaloga NW_STOCK
13:32:31  == Zaloga BT_STOCK ==
13:32:32     [BT_STOCK] preskoceno: Razmik dobavitelja se tece; naslednji prenos po 4. 09. 2026 15:37.
13:32:32     Prevzem koncan: uspesno 0, neuspesno 0, skupaj virov 1.
13:32:33     Prebranih zapisov: 1389; SHA-256: dfe24a95501a90f6401459b4aae346cac88affcc26983e955cf6ba781ff6ab40
13:32:33     STOCK_FILE pri podjetju 1: se ni na vrsti po razporedu; preskoceno.
13:32:34     Prebranih zapisov: 1389; SHA-256: dfe24a95501a90f6401459b4aae346cac88affcc26983e955cf6ba781ff6ab40
13:32:34     STOCK_FILE pri podjetju 2: se ni na vrsti po razporedu; preskoceno.
13:32:35     Prebranih zapisov: 1389; SHA-256: dfe24a95501a90f6401459b4aae346cac88affcc26983e955cf6ba781ff6ab40
13:32:35     STOCK_FILE pri podjetju 3: se ni na vrsti po razporedu; preskoceno.
13:32:36     Prebranih zapisov: 1389; SHA-256: dfe24a95501a90f6401459b4aae346cac88affcc26983e955cf6ba781ff6ab40
13:32:36     STOCK_FILE pri podjetju 4: se ni na vrsti po razporedu; preskoceno.
13:32:36     konec: Zaloga BT_STOCK
13:32:36  == Zaloga iz SAOP (kolicine) ==
13:32:37     [1] SAOP_STOCK: se ni na vrsti po razporedu; preskoceno.
13:32:37     [2] SAOP_STOCK: se ni na vrsti po razporedu; preskoceno.
13:32:37     [3] SAOP_STOCK: se ni na vrsti po razporedu; preskoceno.
13:32:37     [4] SAOP_STOCK: se ni na vrsti po razporedu; preskoceno.
13:32:37     konec: Zaloga iz SAOP (kolicine)
13:32:37  == Izvoz cen in zaloge za splet ==
13:32:38     Izvoz profila MAGENTO_STOCK_PRICES končan: 352 vrstic v C:\Users\david\Desktop\PIM\NoviPIM\izvoz\magento\1
13:32:42     Izvoz profila MAGENTO_STOCK_PRICES končan: 2071 vrstic v C:\Users\david\Desktop\PIM\NoviPIM\izvoz\magento\2
13:32:46     Izvoz profila MAGENTO_STOCK_PRICES končan: 2488 vrstic v C:\Users\david\Desktop\PIM\NoviPIM\izvoz\magento\3
13:32:47     Izvoz profila MAGENTO_STOCK_PRICES končan: 0 vrstic v C:\Users\david\Desktop\PIM\NoviPIM\izvoz\magento\4
13:32:47     konec: Izvoz cen in zaloge za splet
13:32:47  Zalogovni cikel koncan; padlih korakov: 0.
13:37:26  == Zaloga NW_STOCK ==
13:37:27     SOURCE_FETCH: se ni na vrsti po razporedu; preskoceno.
13:37:28     Prebranih zapisov: 2763; SHA-256: d49f1c51a716a29aca38b14df779ff9ab645b129ebb64a775920985eca879b1a
13:37:28     Ta posnetek je ze v bazi; vir=NW_STOCK, podjetje=1, cas posnetka=2026-09-04 09:22:29Z, uporabljenih=2763, v karanteni=0, RunId=23b712e2-9403-4016-bcfb-fa79d3c7b7f6. Zapisano ni bilo nic.
13:37:29     Prebranih zapisov: 2763; SHA-256: d49f1c51a716a29aca38b14df779ff9ab645b129ebb64a775920985eca879b1a
13:37:29     Ta posnetek je ze v bazi; vir=NW_STOCK, podjetje=2, cas posnetka=2026-09-04 09:22:29Z, uporabljenih=2763, v karanteni=0, RunId=4a97d99d-4103-4795-bc22-3eeaa5af9e35. Zapisano ni bilo nic.
13:37:30     Prebranih zapisov: 2763; SHA-256: d49f1c51a716a29aca38b14df779ff9ab645b129ebb64a775920985eca879b1a
13:37:30     Ta posnetek je ze v bazi; vir=NW_STOCK, podjetje=3, cas posnetka=2026-09-04 09:22:29Z, uporabljenih=2763, v karanteni=0, RunId=8d91278e-657c-41b7-a286-fe99d4875e9a. Zapisano ni bilo nic.
13:37:31     Prebranih zapisov: 2763; SHA-256: d49f1c51a716a29aca38b14df779ff9ab645b129ebb64a775920985eca879b1a
13:37:31     Ta posnetek je ze v bazi; vir=NW_STOCK, podjetje=4, cas posnetka=2026-09-04 09:22:29Z, uporabljenih=2763, v karanteni=0, RunId=3d5976a3-454a-4a1a-91cd-48a3920dbe02. Zapisano ni bilo nic.
13:37:31     konec: Zaloga NW_STOCK
13:37:31  == Zaloga BT_STOCK ==
13:37:32     [BT_STOCK] preskoceno: Razmik dobavitelja se tece; naslednji prenos po 4. 09. 2026 15:37.
13:37:32     Prevzem koncan: uspesno 0, neuspesno 0, skupaj virov 1.
13:37:33     Prebranih zapisov: 1389; SHA-256: dfe24a95501a90f6401459b4aae346cac88affcc26983e955cf6ba781ff6ab40
13:37:33     STOCK_FILE pri podjetju 1: se ni na vrsti po razporedu; preskoceno.
13:37:34     Prebranih zapisov: 1389; SHA-256: dfe24a95501a90f6401459b4aae346cac88affcc26983e955cf6ba781ff6ab40
13:37:34     STOCK_FILE pri podjetju 2: se ni na vrsti po razporedu; preskoceno.
13:37:35     Prebranih zapisov: 1389; SHA-256: dfe24a95501a90f6401459b4aae346cac88affcc26983e955cf6ba781ff6ab40
13:37:35     STOCK_FILE pri podjetju 3: se ni na vrsti po razporedu; preskoceno.
13:37:36     Prebranih zapisov: 1389; SHA-256: dfe24a95501a90f6401459b4aae346cac88affcc26983e955cf6ba781ff6ab40
13:37:36     STOCK_FILE pri podjetju 4: se ni na vrsti po razporedu; preskoceno.
13:37:36     konec: Zaloga BT_STOCK
13:37:36  == Zaloga iz SAOP (kolicine) ==
13:37:58     STDERR: [1] NAPAKA: A connection attempt failed because the connected party did not properly respond after a period of time, or established connection failed because connected host has failed to respond. (192.168.178.12:81)
13:38:19     STDERR: [2] NAPAKA: A connection attempt failed because the connected party did not properly respond after a period of time, or established connection failed because connected host has failed to respond. (192.168.178.12:81)
13:38:40     STDERR: [3] NAPAKA: A connection attempt failed because the connected party did not properly respond after a period of time, or established connection failed because connected host has failed to respond. (192.168.178.12:81)
13:39:01     STDERR: [4] NAPAKA: A connection attempt failed because the connected party did not properly respond after a period of time, or established connection failed because connected host has failed to respond. (192.168.178.12:81)
13:39:01     NAPAKA: worker workers\PIM.SaopStockWorker je koncal z izhodno kodo 1
13:39:01  == Izvoz cen in zaloge za splet ==
13:39:03     Izvoz profila MAGENTO_STOCK_PRICES končan: 352 vrstic v C:\Users\david\Desktop\PIM\NoviPIM\izvoz\magento\1
13:39:07     Izvoz profila MAGENTO_STOCK_PRICES končan: 2071 vrstic v C:\Users\david\Desktop\PIM\NoviPIM\izvoz\magento\2
13:39:10     Izvoz profila MAGENTO_STOCK_PRICES končan: 2488 vrstic v C:\Users\david\Desktop\PIM\NoviPIM\izvoz\magento\3
13:39:12     Izvoz profila MAGENTO_STOCK_PRICES končan: 0 vrstic v C:\Users\david\Desktop\PIM\NoviPIM\izvoz\magento\4
13:39:12     konec: Izvoz cen in zaloge za splet
13:39:12  Zalogovni cikel koncan; padlih korakov: 1.
13:42:26  == Zaloga NW_STOCK ==
13:42:27     SOURCE_FETCH: se ni na vrsti po razporedu; preskoceno.
13:42:28     Prebranih zapisov: 2763; SHA-256: d49f1c51a716a29aca38b14df779ff9ab645b129ebb64a775920985eca879b1a
13:42:28     STOCK_FILE pri podjetju 1: se ni na vrsti po razporedu; preskoceno.
13:42:29     Prebranih zapisov: 2763; SHA-256: d49f1c51a716a29aca38b14df779ff9ab645b129ebb64a775920985eca879b1a
13:42:29     STOCK_FILE pri podjetju 2: se ni na vrsti po razporedu; preskoceno.
13:42:30     Prebranih zapisov: 2763; SHA-256: d49f1c51a716a29aca38b14df779ff9ab645b129ebb64a775920985eca879b1a
13:42:30     STOCK_FILE pri podjetju 3: se ni na vrsti po razporedu; preskoceno.
13:42:31     Prebranih zapisov: 2763; SHA-256: d49f1c51a716a29aca38b14df779ff9ab645b129ebb64a775920985eca879b1a
13:42:31     STOCK_FILE pri podjetju 4: se ni na vrsti po razporedu; preskoceno.
13:42:31     konec: Zaloga NW_STOCK
13:42:31  == Zaloga BT_STOCK ==
13:42:32     SOURCE_FETCH: se ni na vrsti po razporedu; preskoceno.
13:42:33     Prebranih zapisov: 1389; SHA-256: dfe24a95501a90f6401459b4aae346cac88affcc26983e955cf6ba781ff6ab40
13:42:33     Ta posnetek je ze v bazi; vir=BT_STOCK, podjetje=1, cas posnetka=2026-09-04 10:37:34Z, uporabljenih=1389, v karanteni=0, RunId=e705b902-5b08-472e-8a3c-d8b76d964199. Zapisano ni bilo nic.
13:42:34     Prebranih zapisov: 1389; SHA-256: dfe24a95501a90f6401459b4aae346cac88affcc26983e955cf6ba781ff6ab40
13:42:34     Ta posnetek je ze v bazi; vir=BT_STOCK, podjetje=2, cas posnetka=2026-09-04 10:37:34Z, uporabljenih=1389, v karanteni=0, RunId=2a953daf-d67c-4ca2-9562-b19bce69f12f. Zapisano ni bilo nic.
13:42:35     Prebranih zapisov: 1389; SHA-256: dfe24a95501a90f6401459b4aae346cac88affcc26983e955cf6ba781ff6ab40
13:42:35     Ta posnetek je ze v bazi; vir=BT_STOCK, podjetje=3, cas posnetka=2026-09-04 10:37:34Z, uporabljenih=1389, v karanteni=0, RunId=f51ccdea-5b91-4b53-baf5-c361f00df689. Zapisano ni bilo nic.
13:42:36     Prebranih zapisov: 1389; SHA-256: dfe24a95501a90f6401459b4aae346cac88affcc26983e955cf6ba781ff6ab40
13:42:36     Ta posnetek je ze v bazi; vir=BT_STOCK, podjetje=4, cas posnetka=2026-09-04 10:37:34Z, uporabljenih=1389, v karanteni=0, RunId=e4d31ad2-87a1-4877-ac45-2d49864d0a96. Zapisano ni bilo nic.
13:42:36     konec: Zaloga BT_STOCK
13:42:36  == Zaloga iz SAOP (kolicine) ==
13:42:37     [1] SAOP_STOCK: se ni na vrsti po razporedu; preskoceno.
13:42:37     [2] SAOP_STOCK: se ni na vrsti po razporedu; preskoceno.
13:42:37     [3] SAOP_STOCK: se ni na vrsti po razporedu; preskoceno.
13:42:37     [4] SAOP_STOCK: se ni na vrsti po razporedu; preskoceno.
13:42:37     konec: Zaloga iz SAOP (kolicine)
13:42:37  == Izvoz cen in zaloge za splet ==
13:42:39     Izvoz profila MAGENTO_STOCK_PRICES končan: 352 vrstic v C:\Users\david\Desktop\PIM\NoviPIM\izvoz\magento\1
13:42:42     Izvoz profila MAGENTO_STOCK_PRICES končan: 2071 vrstic v C:\Users\david\Desktop\PIM\NoviPIM\izvoz\magento\2
13:42:46     Izvoz profila MAGENTO_STOCK_PRICES končan: 2488 vrstic v C:\Users\david\Desktop\PIM\NoviPIM\izvoz\magento\3
13:42:47     Izvoz profila MAGENTO_STOCK_PRICES končan: 0 vrstic v C:\Users\david\Desktop\PIM\NoviPIM\izvoz\magento\4
13:42:47     konec: Izvoz cen in zaloge za splet
13:42:47  Zalogovni cikel koncan; padlih korakov: 0.
13:47:26  == Zaloga NW_STOCK ==
13:47:28     [NW_STOCK] prevzeto 87.446 bajtov -> C:\Users\david\Desktop\PIM\NoviPIM\PIM_Solution\data\prevzem\NW_STOCK\nw-zaloga.csv
13:47:28     Prevzem koncan: uspesno 1, neuspesno 0, skupaj virov 1.
13:47:29     Prebranih zapisov: 2763; SHA-256: deb4ab5cce5b155d4993a8a03e075d2b2573ebffcc43690b5e99d755133b1868
13:47:29     STOCK_FILE pri podjetju 1: se ni na vrsti po razporedu; preskoceno.
13:47:30     Prebranih zapisov: 2763; SHA-256: deb4ab5cce5b155d4993a8a03e075d2b2573ebffcc43690b5e99d755133b1868
13:47:30     STOCK_FILE pri podjetju 2: se ni na vrsti po razporedu; preskoceno.
13:47:31     Prebranih zapisov: 2763; SHA-256: deb4ab5cce5b155d4993a8a03e075d2b2573ebffcc43690b5e99d755133b1868
13:47:31     STOCK_FILE pri podjetju 3: se ni na vrsti po razporedu; preskoceno.
13:47:32     Prebranih zapisov: 2763; SHA-256: deb4ab5cce5b155d4993a8a03e075d2b2573ebffcc43690b5e99d755133b1868
13:47:32     STOCK_FILE pri podjetju 4: se ni na vrsti po razporedu; preskoceno.
13:47:32     konec: Zaloga NW_STOCK
13:47:32  == Zaloga BT_STOCK ==
13:47:33     SOURCE_FETCH: se ni na vrsti po razporedu; preskoceno.
13:47:33     Prebranih zapisov: 1389; SHA-256: dfe24a95501a90f6401459b4aae346cac88affcc26983e955cf6ba781ff6ab40
13:47:34     Ta posnetek je ze v bazi; vir=BT_STOCK, podjetje=1, cas posnetka=2026-09-04 10:37:34Z, uporabljenih=1389, v karanteni=0, RunId=e705b902-5b08-472e-8a3c-d8b76d964199. Zapisano ni bilo nic.
13:47:35     Prebranih zapisov: 1389; SHA-256: dfe24a95501a90f6401459b4aae346cac88affcc26983e955cf6ba781ff6ab40
13:47:35     Ta posnetek je ze v bazi; vir=BT_STOCK, podjetje=2, cas posnetka=2026-09-04 10:37:34Z, uporabljenih=1389, v karanteni=0, RunId=2a953daf-d67c-4ca2-9562-b19bce69f12f. Zapisano ni bilo nic.
13:47:36     Prebranih zapisov: 1389; SHA-256: dfe24a95501a90f6401459b4aae346cac88affcc26983e955cf6ba781ff6ab40
13:47:36     Ta posnetek je ze v bazi; vir=BT_STOCK, podjetje=3, cas posnetka=2026-09-04 10:37:34Z, uporabljenih=1389, v karanteni=0, RunId=f51ccdea-5b91-4b53-baf5-c361f00df689. Zapisano ni bilo nic.
13:47:37     Prebranih zapisov: 1389; SHA-256: dfe24a95501a90f6401459b4aae346cac88affcc26983e955cf6ba781ff6ab40
13:47:37     Ta posnetek je ze v bazi; vir=BT_STOCK, podjetje=4, cas posnetka=2026-09-04 10:37:34Z, uporabljenih=1389, v karanteni=0, RunId=e4d31ad2-87a1-4877-ac45-2d49864d0a96. Zapisano ni bilo nic.
13:47:37     konec: Zaloga BT_STOCK
13:47:37  == Zaloga iz SAOP (kolicine) ==
13:47:38     [1] SAOP_STOCK: se ni na vrsti po razporedu; preskoceno.
13:47:38     [2] SAOP_STOCK: se ni na vrsti po razporedu; preskoceno.
13:47:38     [3] SAOP_STOCK: se ni na vrsti po razporedu; preskoceno.
13:47:38     [4] SAOP_STOCK: se ni na vrsti po razporedu; preskoceno.
13:47:38     konec: Zaloga iz SAOP (kolicine)
13:47:38  == Izvoz cen in zaloge za splet ==
13:47:40     Izvoz profila MAGENTO_STOCK_PRICES končan: 352 vrstic v C:\Users\david\Desktop\PIM\NoviPIM\izvoz\magento\1
13:47:44     Izvoz profila MAGENTO_STOCK_PRICES končan: 2071 vrstic v C:\Users\david\Desktop\PIM\NoviPIM\izvoz\magento\2
13:47:48     Izvoz profila MAGENTO_STOCK_PRICES končan: 2488 vrstic v C:\Users\david\Desktop\PIM\NoviPIM\izvoz\magento\3
13:47:49     Izvoz profila MAGENTO_STOCK_PRICES končan: 0 vrstic v C:\Users\david\Desktop\PIM\NoviPIM\izvoz\magento\4
13:47:49     konec: Izvoz cen in zaloge za splet
13:47:49  Zalogovni cikel koncan; padlih korakov: 0.
13:52:26  == Zaloga NW_STOCK ==
13:52:27     SOURCE_FETCH: se ni na vrsti po razporedu; preskoceno.
13:52:28     Prebranih zapisov: 2763; SHA-256: deb4ab5cce5b155d4993a8a03e075d2b2573ebffcc43690b5e99d755133b1868
13:52:28     STOCK_FILE pri podjetju 1: se ni na vrsti po razporedu; preskoceno.
13:52:29     Prebranih zapisov: 2763; SHA-256: deb4ab5cce5b155d4993a8a03e075d2b2573ebffcc43690b5e99d755133b1868
13:52:29     STOCK_FILE pri podjetju 2: se ni na vrsti po razporedu; preskoceno.
13:52:30     Prebranih zapisov: 2763; SHA-256: deb4ab5cce5b155d4993a8a03e075d2b2573ebffcc43690b5e99d755133b1868
13:52:30     STOCK_FILE pri podjetju 3: se ni na vrsti po razporedu; preskoceno.
13:52:31     Prebranih zapisov: 2763; SHA-256: deb4ab5cce5b155d4993a8a03e075d2b2573ebffcc43690b5e99d755133b1868
13:52:31     STOCK_FILE pri podjetju 4: se ni na vrsti po razporedu; preskoceno.
13:52:31     konec: Zaloga NW_STOCK
13:52:31  == Zaloga BT_STOCK ==
13:52:32     [BT_STOCK] preskoceno: Razmik dobavitelja se tece; naslednji prenos po 4. 09. 2026 15:37.
13:52:32     Prevzem koncan: uspesno 0, neuspesno 0, skupaj virov 1.
13:52:33     Prebranih zapisov: 1389; SHA-256: dfe24a95501a90f6401459b4aae346cac88affcc26983e955cf6ba781ff6ab40
13:52:33     STOCK_FILE pri podjetju 1: se ni na vrsti po razporedu; preskoceno.
13:52:34     Prebranih zapisov: 1389; SHA-256: dfe24a95501a90f6401459b4aae346cac88affcc26983e955cf6ba781ff6ab40
13:52:34     STOCK_FILE pri podjetju 2: se ni na vrsti po razporedu; preskoceno.
13:52:35     Prebranih zapisov: 1389; SHA-256: dfe24a95501a90f6401459b4aae346cac88affcc26983e955cf6ba781ff6ab40
13:52:35     STOCK_FILE pri podjetju 3: se ni na vrsti po razporedu; preskoceno.
13:52:36     Prebranih zapisov: 1389; SHA-256: dfe24a95501a90f6401459b4aae346cac88affcc26983e955cf6ba781ff6ab40
13:52:36     STOCK_FILE pri podjetju 4: se ni na vrsti po razporedu; preskoceno.
13:52:36     konec: Zaloga BT_STOCK
13:52:36  == Zaloga iz SAOP (kolicine) ==
13:52:37     [1] SAOP_STOCK: se ni na vrsti po razporedu; preskoceno.
13:52:37     [2] SAOP_STOCK: se ni na vrsti po razporedu; preskoceno.
13:52:37     [3] SAOP_STOCK: se ni na vrsti po razporedu; preskoceno.
13:52:37     [4] SAOP_STOCK: se ni na vrsti po razporedu; preskoceno.
13:52:37     konec: Zaloga iz SAOP (kolicine)
13:52:37  == Izvoz cen in zaloge za splet ==
13:52:39     Izvoz profila MAGENTO_STOCK_PRICES končan: 352 vrstic v C:\Users\david\Desktop\PIM\NoviPIM\izvoz\magento\1
13:52:42     Izvoz profila MAGENTO_STOCK_PRICES končan: 2071 vrstic v C:\Users\david\Desktop\PIM\NoviPIM\izvoz\magento\2
13:52:46     Izvoz profila MAGENTO_STOCK_PRICES končan: 2488 vrstic v C:\Users\david\Desktop\PIM\NoviPIM\izvoz\magento\3
13:52:47     Izvoz profila MAGENTO_STOCK_PRICES končan: 0 vrstic v C:\Users\david\Desktop\PIM\NoviPIM\izvoz\magento\4
13:52:47     konec: Izvoz cen in zaloge za splet
13:52:47  Zalogovni cikel koncan; padlih korakov: 0.
13:57:26  == Zaloga NW_STOCK ==
13:57:27     SOURCE_FETCH: se ni na vrsti po razporedu; preskoceno.
13:57:28     Prebranih zapisov: 2763; SHA-256: deb4ab5cce5b155d4993a8a03e075d2b2573ebffcc43690b5e99d755133b1868
13:57:29     Zaloga zapisana; vir=NW_STOCK, podjetje=1, uporabljenih=2763, v karanteni=0, RunId=2d40c254-8ac1-4f03-a79b-2d8317fdceb4.
13:57:30     Prebranih zapisov: 2763; SHA-256: deb4ab5cce5b155d4993a8a03e075d2b2573ebffcc43690b5e99d755133b1868
13:57:31     Zaloga zapisana; vir=NW_STOCK, podjetje=2, uporabljenih=2763, v karanteni=0, RunId=5982d3f3-93ac-48f0-8dd9-ddb64cd5ec0a.
13:57:32     Prebranih zapisov: 2763; SHA-256: deb4ab5cce5b155d4993a8a03e075d2b2573ebffcc43690b5e99d755133b1868
13:57:34     Zaloga zapisana; vir=NW_STOCK, podjetje=3, uporabljenih=2763, v karanteni=0, RunId=c1156a58-2f39-4164-89ea-c29df397a237.
13:57:34     Prebranih zapisov: 2763; SHA-256: deb4ab5cce5b155d4993a8a03e075d2b2573ebffcc43690b5e99d755133b1868
13:57:36     Zaloga zapisana; vir=NW_STOCK, podjetje=4, uporabljenih=2763, v karanteni=0, RunId=1ae953f7-084e-42d8-b4c1-88f9c140ef64.
13:57:36     konec: Zaloga NW_STOCK
13:57:36  == Zaloga BT_STOCK ==
13:57:37     [BT_STOCK] preskoceno: Razmik dobavitelja se tece; naslednji prenos po 4. 09. 2026 15:37.
13:57:37     Prevzem koncan: uspesno 0, neuspesno 0, skupaj virov 1.
13:57:37     Prebranih zapisov: 1389; SHA-256: dfe24a95501a90f6401459b4aae346cac88affcc26983e955cf6ba781ff6ab40
13:57:38     STOCK_FILE pri podjetju 1: se ni na vrsti po razporedu; preskoceno.
13:57:38     Prebranih zapisov: 1389; SHA-256: dfe24a95501a90f6401459b4aae346cac88affcc26983e955cf6ba781ff6ab40
13:57:39     STOCK_FILE pri podjetju 2: se ni na vrsti po razporedu; preskoceno.
13:57:39     Prebranih zapisov: 1389; SHA-256: dfe24a95501a90f6401459b4aae346cac88affcc26983e955cf6ba781ff6ab40
13:57:40     STOCK_FILE pri podjetju 3: se ni na vrsti po razporedu; preskoceno.
13:57:40     Prebranih zapisov: 1389; SHA-256: dfe24a95501a90f6401459b4aae346cac88affcc26983e955cf6ba781ff6ab40
13:57:41     STOCK_FILE pri podjetju 4: se ni na vrsti po razporedu; preskoceno.
13:57:41     konec: Zaloga BT_STOCK
13:57:41  == Zaloga iz SAOP (kolicine) ==
13:57:42     [1] SAOP_STOCK: se ni na vrsti po razporedu; preskoceno.
13:57:42     [2] SAOP_STOCK: se ni na vrsti po razporedu; preskoceno.
13:57:42     [3] SAOP_STOCK: se ni na vrsti po razporedu; preskoceno.
13:57:42     [4] SAOP_STOCK: se ni na vrsti po razporedu; preskoceno.
13:57:42     konec: Zaloga iz SAOP (kolicine)
13:57:42  == Izvoz cen in zaloge za splet ==
13:57:43     Izvoz profila MAGENTO_STOCK_PRICES končan: 352 vrstic v C:\Users\david\Desktop\PIM\NoviPIM\izvoz\magento\1
13:57:47     Izvoz profila MAGENTO_STOCK_PRICES končan: 2071 vrstic v C:\Users\david\Desktop\PIM\NoviPIM\izvoz\magento\2
13:57:51     Izvoz profila MAGENTO_STOCK_PRICES končan: 2488 vrstic v C:\Users\david\Desktop\PIM\NoviPIM\izvoz\magento\3
13:57:52     Izvoz profila MAGENTO_STOCK_PRICES končan: 0 vrstic v C:\Users\david\Desktop\PIM\NoviPIM\izvoz\magento\4
13:57:52     konec: Izvoz cen in zaloge za splet
13:57:52  Zalogovni cikel koncan; padlih korakov: 0.
14:02:26  == Zaloga NW_STOCK ==
14:02:27     SOURCE_FETCH: se ni na vrsti po razporedu; preskoceno.
14:02:28     Prebranih zapisov: 2763; SHA-256: deb4ab5cce5b155d4993a8a03e075d2b2573ebffcc43690b5e99d755133b1868
14:02:28     STOCK_FILE pri podjetju 1: se ni na vrsti po razporedu; preskoceno.
14:02:29     Prebranih zapisov: 2763; SHA-256: deb4ab5cce5b155d4993a8a03e075d2b2573ebffcc43690b5e99d755133b1868
14:02:29     STOCK_FILE pri podjetju 2: se ni na vrsti po razporedu; preskoceno.
14:02:30     Prebranih zapisov: 2763; SHA-256: deb4ab5cce5b155d4993a8a03e075d2b2573ebffcc43690b5e99d755133b1868
14:02:30     STOCK_FILE pri podjetju 3: se ni na vrsti po razporedu; preskoceno.
14:02:31     Prebranih zapisov: 2763; SHA-256: deb4ab5cce5b155d4993a8a03e075d2b2573ebffcc43690b5e99d755133b1868
14:02:31     STOCK_FILE pri podjetju 4: se ni na vrsti po razporedu; preskoceno.
14:02:31     konec: Zaloga NW_STOCK
14:02:31  == Zaloga BT_STOCK ==
14:02:32     SOURCE_FETCH: se ni na vrsti po razporedu; preskoceno.
14:02:33     Prebranih zapisov: 1389; SHA-256: dfe24a95501a90f6401459b4aae346cac88affcc26983e955cf6ba781ff6ab40
14:02:33     Ta posnetek je ze v bazi; vir=BT_STOCK, podjetje=1, cas posnetka=2026-09-04 10:37:34Z, uporabljenih=1389, v karanteni=0, RunId=e705b902-5b08-472e-8a3c-d8b76d964199. Zapisano ni bilo nic.
14:02:34     Prebranih zapisov: 1389; SHA-256: dfe24a95501a90f6401459b4aae346cac88affcc26983e955cf6ba781ff6ab40
14:02:34     Ta posnetek je ze v bazi; vir=BT_STOCK, podjetje=2, cas posnetka=2026-09-04 10:37:34Z, uporabljenih=1389, v karanteni=0, RunId=2a953daf-d67c-4ca2-9562-b19bce69f12f. Zapisano ni bilo nic.
14:02:35     Prebranih zapisov: 1389; SHA-256: dfe24a95501a90f6401459b4aae346cac88affcc26983e955cf6ba781ff6ab40
14:02:35     Ta posnetek je ze v bazi; vir=BT_STOCK, podjetje=3, cas posnetka=2026-09-04 10:37:34Z, uporabljenih=1389, v karanteni=0, RunId=f51ccdea-5b91-4b53-baf5-c361f00df689. Zapisano ni bilo nic.
14:02:36     Prebranih zapisov: 1389; SHA-256: dfe24a95501a90f6401459b4aae346cac88affcc26983e955cf6ba781ff6ab40
14:02:36     Ta posnetek je ze v bazi; vir=BT_STOCK, podjetje=4, cas posnetka=2026-09-04 10:37:34Z, uporabljenih=1389, v karanteni=0, RunId=e4d31ad2-87a1-4877-ac45-2d49864d0a96. Zapisano ni bilo nic.
14:02:36     konec: Zaloga BT_STOCK
14:02:36  == Zaloga iz SAOP (kolicine) ==
14:02:37     [1] SAOP_STOCK: se ni na vrsti po razporedu; preskoceno.
14:02:37     [2] SAOP_STOCK: se ni na vrsti po razporedu; preskoceno.
14:02:37     [3] SAOP_STOCK: se ni na vrsti po razporedu; preskoceno.
14:02:37     [4] SAOP_STOCK: se ni na vrsti po razporedu; preskoceno.
14:02:37     konec: Zaloga iz SAOP (kolicine)
14:02:37  == Izvoz cen in zaloge za splet ==
14:02:39     Izvoz profila MAGENTO_STOCK_PRICES končan: 352 vrstic v C:\Users\david\Desktop\PIM\NoviPIM\izvoz\magento\1
14:02:42     Izvoz profila MAGENTO_STOCK_PRICES končan: 2071 vrstic v C:\Users\david\Desktop\PIM\NoviPIM\izvoz\magento\2
14:02:46     Izvoz profila MAGENTO_STOCK_PRICES končan: 2488 vrstic v C:\Users\david\Desktop\PIM\NoviPIM\izvoz\magento\3
14:02:47     Izvoz profila MAGENTO_STOCK_PRICES končan: 0 vrstic v C:\Users\david\Desktop\PIM\NoviPIM\izvoz\magento\4
14:02:47     konec: Izvoz cen in zaloge za splet
14:02:47  Zalogovni cikel koncan; padlih korakov: 0.
14:07:26  == Zaloga NW_STOCK ==
14:07:27     [NW_STOCK] preskoceno: Razmik dobavitelja se tece; naslednji prenos po 4. 09. 2026 15:47.
14:07:27     Prevzem koncan: uspesno 0, neuspesno 0, skupaj virov 1.
14:07:28     Prebranih zapisov: 2763; SHA-256: deb4ab5cce5b155d4993a8a03e075d2b2573ebffcc43690b5e99d755133b1868
14:07:28     STOCK_FILE pri podjetju 1: se ni na vrsti po razporedu; preskoceno.
14:07:29     Prebranih zapisov: 2763; SHA-256: deb4ab5cce5b155d4993a8a03e075d2b2573ebffcc43690b5e99d755133b1868
14:07:29     STOCK_FILE pri podjetju 2: se ni na vrsti po razporedu; preskoceno.
14:07:30     Prebranih zapisov: 2763; SHA-256: deb4ab5cce5b155d4993a8a03e075d2b2573ebffcc43690b5e99d755133b1868
14:07:30     STOCK_FILE pri podjetju 3: se ni na vrsti po razporedu; preskoceno.
14:07:31     Prebranih zapisov: 2763; SHA-256: deb4ab5cce5b155d4993a8a03e075d2b2573ebffcc43690b5e99d755133b1868
14:07:31     STOCK_FILE pri podjetju 4: se ni na vrsti po razporedu; preskoceno.
14:07:31     konec: Zaloga NW_STOCK
14:07:31  == Zaloga BT_STOCK ==
14:07:32     SOURCE_FETCH: se ni na vrsti po razporedu; preskoceno.
14:07:33     Prebranih zapisov: 1389; SHA-256: dfe24a95501a90f6401459b4aae346cac88affcc26983e955cf6ba781ff6ab40
14:07:33     Ta posnetek je ze v bazi; vir=BT_STOCK, podjetje=1, cas posnetka=2026-09-04 10:37:34Z, uporabljenih=1389, v karanteni=0, RunId=e705b902-5b08-472e-8a3c-d8b76d964199. Zapisano ni bilo nic.
14:07:34     Prebranih zapisov: 1389; SHA-256: dfe24a95501a90f6401459b4aae346cac88affcc26983e955cf6ba781ff6ab40
14:07:34     Ta posnetek je ze v bazi; vir=BT_STOCK, podjetje=2, cas posnetka=2026-09-04 10:37:34Z, uporabljenih=1389, v karanteni=0, RunId=2a953daf-d67c-4ca2-9562-b19bce69f12f. Zapisano ni bilo nic.
14:07:35     Prebranih zapisov: 1389; SHA-256: dfe24a95501a90f6401459b4aae346cac88affcc26983e955cf6ba781ff6ab40
14:07:35     Ta posnetek je ze v bazi; vir=BT_STOCK, podjetje=3, cas posnetka=2026-09-04 10:37:34Z, uporabljenih=1389, v karanteni=0, RunId=f51ccdea-5b91-4b53-baf5-c361f00df689. Zapisano ni bilo nic.
14:07:36     Prebranih zapisov: 1389; SHA-256: dfe24a95501a90f6401459b4aae346cac88affcc26983e955cf6ba781ff6ab40
14:07:36     Ta posnetek je ze v bazi; vir=BT_STOCK, podjetje=4, cas posnetka=2026-09-04 10:37:34Z, uporabljenih=1389, v karanteni=0, RunId=e4d31ad2-87a1-4877-ac45-2d49864d0a96. Zapisano ni bilo nic.
14:07:36     konec: Zaloga BT_STOCK
14:07:36  == Zaloga iz SAOP (kolicine) ==
14:07:37     [1] SAOP_STOCK: se ni na vrsti po razporedu; preskoceno.
14:07:37     [2] SAOP_STOCK: se ni na vrsti po razporedu; preskoceno.
14:07:37     [3] SAOP_STOCK: se ni na vrsti po razporedu; preskoceno.
14:07:37     [4] SAOP_STOCK: se ni na vrsti po razporedu; preskoceno.
14:07:37     konec: Zaloga iz SAOP (kolicine)
14:07:37  == Izvoz cen in zaloge za splet ==
14:07:39     Izvoz profila MAGENTO_STOCK_PRICES končan: 352 vrstic v C:\Users\david\Desktop\PIM\NoviPIM\izvoz\magento\1
14:07:42     Izvoz profila MAGENTO_STOCK_PRICES končan: 2071 vrstic v C:\Users\david\Desktop\PIM\NoviPIM\izvoz\magento\2
14:07:46     Izvoz profila MAGENTO_STOCK_PRICES končan: 2488 vrstic v C:\Users\david\Desktop\PIM\NoviPIM\izvoz\magento\3
14:07:47     Izvoz profila MAGENTO_STOCK_PRICES končan: 0 vrstic v C:\Users\david\Desktop\PIM\NoviPIM\izvoz\magento\4
14:07:47     konec: Izvoz cen in zaloge za splet
14:07:47  Zalogovni cikel koncan; padlih korakov: 0.
14:12:26  == Zaloga NW_STOCK ==
14:12:27     [NW_STOCK] preskoceno: Razmik dobavitelja se tece; naslednji prenos po 4. 09. 2026 15:47.
14:12:27     Prevzem koncan: uspesno 0, neuspesno 0, skupaj virov 1.
14:12:28     Prebranih zapisov: 2763; SHA-256: deb4ab5cce5b155d4993a8a03e075d2b2573ebffcc43690b5e99d755133b1868
14:12:28     STOCK_FILE pri podjetju 1: se ni na vrsti po razporedu; preskoceno.
14:12:29     Prebranih zapisov: 2763; SHA-256: deb4ab5cce5b155d4993a8a03e075d2b2573ebffcc43690b5e99d755133b1868
14:12:29     STOCK_FILE pri podjetju 2: se ni na vrsti po razporedu; preskoceno.
14:12:30     Prebranih zapisov: 2763; SHA-256: deb4ab5cce5b155d4993a8a03e075d2b2573ebffcc43690b5e99d755133b1868
14:12:30     STOCK_FILE pri podjetju 3: se ni na vrsti po razporedu; preskoceno.
14:12:31     Prebranih zapisov: 2763; SHA-256: deb4ab5cce5b155d4993a8a03e075d2b2573ebffcc43690b5e99d755133b1868
14:12:31     STOCK_FILE pri podjetju 4: se ni na vrsti po razporedu; preskoceno.
14:12:31     konec: Zaloga NW_STOCK
14:12:31  == Zaloga BT_STOCK ==
14:12:32     SOURCE_FETCH: se ni na vrsti po razporedu; preskoceno.
14:12:33     Prebranih zapisov: 1389; SHA-256: dfe24a95501a90f6401459b4aae346cac88affcc26983e955cf6ba781ff6ab40
14:12:33     Ta posnetek je ze v bazi; vir=BT_STOCK, podjetje=1, cas posnetka=2026-09-04 10:37:34Z, uporabljenih=1389, v karanteni=0, RunId=e705b902-5b08-472e-8a3c-d8b76d964199. Zapisano ni bilo nic.
14:12:34     Prebranih zapisov: 1389; SHA-256: dfe24a95501a90f6401459b4aae346cac88affcc26983e955cf6ba781ff6ab40
14:12:34     Ta posnetek je ze v bazi; vir=BT_STOCK, podjetje=2, cas posnetka=2026-09-04 10:37:34Z, uporabljenih=1389, v karanteni=0, RunId=2a953daf-d67c-4ca2-9562-b19bce69f12f. Zapisano ni bilo nic.
14:12:35     Prebranih zapisov: 1389; SHA-256: dfe24a95501a90f6401459b4aae346cac88affcc26983e955cf6ba781ff6ab40
14:12:35     Ta posnetek je ze v bazi; vir=BT_STOCK, podjetje=3, cas posnetka=2026-09-04 10:37:34Z, uporabljenih=1389, v karanteni=0, RunId=f51ccdea-5b91-4b53-baf5-c361f00df689. Zapisano ni bilo nic.
14:12:36     Prebranih zapisov: 1389; SHA-256: dfe24a95501a90f6401459b4aae346cac88affcc26983e955cf6ba781ff6ab40
14:12:36     Ta posnetek je ze v bazi; vir=BT_STOCK, podjetje=4, cas posnetka=2026-09-04 10:37:34Z, uporabljenih=1389, v karanteni=0, RunId=e4d31ad2-87a1-4877-ac45-2d49864d0a96. Zapisano ni bilo nic.
14:12:36     konec: Zaloga BT_STOCK
14:12:36  == Zaloga iz SAOP (kolicine) ==
14:12:58     STDERR: [1] NAPAKA: A connection attempt failed because the connected party did not properly respond after a period of time, or established connection failed because connected host has failed to respond. (192.168.178.12:81)
14:13:19     STDERR: [2] NAPAKA: A connection attempt failed because the connected party did not properly respond after a period of time, or established connection failed because connected host has failed to respond. (192.168.178.12:81)
14:13:40     STDERR: [3] NAPAKA: A connection attempt failed because the connected party did not properly respond after a period of time, or established connection failed because connected host has failed to respond. (192.168.178.12:81)
14:14:01     STDERR: [4] NAPAKA: A connection attempt failed because the connected party did not properly respond after a period of time, or established connection failed because connected host has failed to respond. (192.168.178.12:81)
14:14:01     NAPAKA: worker workers\PIM.SaopStockWorker je koncal z izhodno kodo 1
14:14:01  == Izvoz cen in zaloge za splet ==
14:14:03     Izvoz profila MAGENTO_STOCK_PRICES končan: 352 vrstic v C:\Users\david\Desktop\PIM\NoviPIM\izvoz\magento\1
14:14:07     Izvoz profila MAGENTO_STOCK_PRICES končan: 2071 vrstic v C:\Users\david\Desktop\PIM\NoviPIM\izvoz\magento\2
14:14:10     Izvoz profila MAGENTO_STOCK_PRICES končan: 2488 vrstic v C:\Users\david\Desktop\PIM\NoviPIM\izvoz\magento\3
14:14:11     Izvoz profila MAGENTO_STOCK_PRICES končan: 0 vrstic v C:\Users\david\Desktop\PIM\NoviPIM\izvoz\magento\4
14:14:11     konec: Izvoz cen in zaloge za splet
14:14:11  Zalogovni cikel koncan; padlih korakov: 1.
14:17:26  == Zaloga NW_STOCK ==
14:17:27     SOURCE_FETCH: se ni na vrsti po razporedu; preskoceno.
14:17:28     Prebranih zapisov: 2763; SHA-256: deb4ab5cce5b155d4993a8a03e075d2b2573ebffcc43690b5e99d755133b1868
14:17:28     STOCK_FILE pri podjetju 1: se ni na vrsti po razporedu; preskoceno.
14:17:29     Prebranih zapisov: 2763; SHA-256: deb4ab5cce5b155d4993a8a03e075d2b2573ebffcc43690b5e99d755133b1868
14:17:29     STOCK_FILE pri podjetju 2: se ni na vrsti po razporedu; preskoceno.
14:17:30     Prebranih zapisov: 2763; SHA-256: deb4ab5cce5b155d4993a8a03e075d2b2573ebffcc43690b5e99d755133b1868
14:17:30     STOCK_FILE pri podjetju 3: se ni na vrsti po razporedu; preskoceno.
14:17:31     Prebranih zapisov: 2763; SHA-256: deb4ab5cce5b155d4993a8a03e075d2b2573ebffcc43690b5e99d755133b1868
14:17:31     STOCK_FILE pri podjetju 4: se ni na vrsti po razporedu; preskoceno.
14:17:31     konec: Zaloga NW_STOCK
14:17:31  == Zaloga BT_STOCK ==
14:17:32     [BT_STOCK] preskoceno: Razmik dobavitelja se tece; naslednji prenos po 4. 09. 2026 15:37.
14:17:32     Prevzem koncan: uspesno 0, neuspesno 0, skupaj virov 1.
14:17:33     Prebranih zapisov: 1389; SHA-256: dfe24a95501a90f6401459b4aae346cac88affcc26983e955cf6ba781ff6ab40
14:17:33     Ta posnetek je ze v bazi; vir=BT_STOCK, podjetje=1, cas posnetka=2026-09-04 10:37:34Z, uporabljenih=1389, v karanteni=0, RunId=e705b902-5b08-472e-8a3c-d8b76d964199. Zapisano ni bilo nic.
14:17:34     Prebranih zapisov: 1389; SHA-256: dfe24a95501a90f6401459b4aae346cac88affcc26983e955cf6ba781ff6ab40
14:17:34     Ta posnetek je ze v bazi; vir=BT_STOCK, podjetje=2, cas posnetka=2026-09-04 10:37:34Z, uporabljenih=1389, v karanteni=0, RunId=2a953daf-d67c-4ca2-9562-b19bce69f12f. Zapisano ni bilo nic.
14:17:35     Prebranih zapisov: 1389; SHA-256: dfe24a95501a90f6401459b4aae346cac88affcc26983e955cf6ba781ff6ab40
14:17:35     Ta posnetek je ze v bazi; vir=BT_STOCK, podjetje=3, cas posnetka=2026-09-04 10:37:34Z, uporabljenih=1389, v karanteni=0, RunId=f51ccdea-5b91-4b53-baf5-c361f00df689. Zapisano ni bilo nic.
14:17:36     Prebranih zapisov: 1389; SHA-256: dfe24a95501a90f6401459b4aae346cac88affcc26983e955cf6ba781ff6ab40
14:17:36     Ta posnetek je ze v bazi; vir=BT_STOCK, podjetje=4, cas posnetka=2026-09-04 10:37:34Z, uporabljenih=1389, v karanteni=0, RunId=e4d31ad2-87a1-4877-ac45-2d49864d0a96. Zapisano ni bilo nic.
14:17:36     konec: Zaloga BT_STOCK
14:17:36  == Zaloga iz SAOP (kolicine) ==
14:17:37     [1] SAOP_STOCK: se ni na vrsti po razporedu; preskoceno.
14:17:37     [2] SAOP_STOCK: se ni na vrsti po razporedu; preskoceno.
14:17:37     [3] SAOP_STOCK: se ni na vrsti po razporedu; preskoceno.
14:17:37     [4] SAOP_STOCK: se ni na vrsti po razporedu; preskoceno.
14:17:37     konec: Zaloga iz SAOP (kolicine)
14:17:37  == Izvoz cen in zaloge za splet ==
14:17:39     Izvoz profila MAGENTO_STOCK_PRICES končan: 352 vrstic v C:\Users\david\Desktop\PIM\NoviPIM\izvoz\magento\1
14:17:43     Izvoz profila MAGENTO_STOCK_PRICES končan: 2071 vrstic v C:\Users\david\Desktop\PIM\NoviPIM\izvoz\magento\2
14:17:46     Izvoz profila MAGENTO_STOCK_PRICES končan: 2488 vrstic v C:\Users\david\Desktop\PIM\NoviPIM\izvoz\magento\3
14:17:47     Izvoz profila MAGENTO_STOCK_PRICES končan: 0 vrstic v C:\Users\david\Desktop\PIM\NoviPIM\izvoz\magento\4
14:17:47     konec: Izvoz cen in zaloge za splet
14:17:47  Zalogovni cikel koncan; padlih korakov: 0.
14:22:26  == Zaloga NW_STOCK ==
14:22:27     SOURCE_FETCH: se ni na vrsti po razporedu; preskoceno.
14:22:28     Prebranih zapisov: 2763; SHA-256: deb4ab5cce5b155d4993a8a03e075d2b2573ebffcc43690b5e99d755133b1868
14:22:28     STOCK_FILE pri podjetju 1: se ni na vrsti po razporedu; preskoceno.
14:22:29     Prebranih zapisov: 2763; SHA-256: deb4ab5cce5b155d4993a8a03e075d2b2573ebffcc43690b5e99d755133b1868
14:22:29     STOCK_FILE pri podjetju 2: se ni na vrsti po razporedu; preskoceno.
14:22:30     Prebranih zapisov: 2763; SHA-256: deb4ab5cce5b155d4993a8a03e075d2b2573ebffcc43690b5e99d755133b1868
14:22:30     STOCK_FILE pri podjetju 3: se ni na vrsti po razporedu; preskoceno.
14:22:31     Prebranih zapisov: 2763; SHA-256: deb4ab5cce5b155d4993a8a03e075d2b2573ebffcc43690b5e99d755133b1868
14:22:31     STOCK_FILE pri podjetju 4: se ni na vrsti po razporedu; preskoceno.
14:22:31     konec: Zaloga NW_STOCK
14:22:31  == Zaloga BT_STOCK ==
14:22:32     SOURCE_FETCH: se ni na vrsti po razporedu; preskoceno.
14:22:33     Prebranih zapisov: 1389; SHA-256: dfe24a95501a90f6401459b4aae346cac88affcc26983e955cf6ba781ff6ab40
14:22:33     STOCK_FILE pri podjetju 1: se ni na vrsti po razporedu; preskoceno.
14:22:34     Prebranih zapisov: 1389; SHA-256: dfe24a95501a90f6401459b4aae346cac88affcc26983e955cf6ba781ff6ab40
14:22:34     STOCK_FILE pri podjetju 2: se ni na vrsti po razporedu; preskoceno.
14:22:35     Prebranih zapisov: 1389; SHA-256: dfe24a95501a90f6401459b4aae346cac88affcc26983e955cf6ba781ff6ab40
14:22:35     STOCK_FILE pri podjetju 3: se ni na vrsti po razporedu; preskoceno.
14:22:36     Prebranih zapisov: 1389; SHA-256: dfe24a95501a90f6401459b4aae346cac88affcc26983e955cf6ba781ff6ab40
14:22:36     STOCK_FILE pri podjetju 4: se ni na vrsti po razporedu; preskoceno.
14:22:36     konec: Zaloga BT_STOCK
14:22:36  == Zaloga iz SAOP (kolicine) ==
14:22:37     [1] SAOP_STOCK: se ni na vrsti po razporedu; preskoceno.
14:22:37     [2] SAOP_STOCK: se ni na vrsti po razporedu; preskoceno.
14:22:37     [3] SAOP_STOCK: se ni na vrsti po razporedu; preskoceno.
14:22:37     [4] SAOP_STOCK: se ni na vrsti po razporedu; preskoceno.
14:22:37     konec: Zaloga iz SAOP (kolicine)
14:22:37  == Izvoz cen in zaloge za splet ==
14:22:38     Izvoz profila MAGENTO_STOCK_PRICES končan: 352 vrstic v C:\Users\david\Desktop\PIM\NoviPIM\izvoz\magento\1
14:22:42     Izvoz profila MAGENTO_STOCK_PRICES končan: 2071 vrstic v C:\Users\david\Desktop\PIM\NoviPIM\izvoz\magento\2
14:22:46     Izvoz profila MAGENTO_STOCK_PRICES končan: 2488 vrstic v C:\Users\david\Desktop\PIM\NoviPIM\izvoz\magento\3
14:22:47     Izvoz profila MAGENTO_STOCK_PRICES končan: 0 vrstic v C:\Users\david\Desktop\PIM\NoviPIM\izvoz\magento\4
14:22:47     konec: Izvoz cen in zaloge za splet
14:22:47  Zalogovni cikel koncan; padlih korakov: 0.
14:27:28  == Zaloga NW_STOCK ==
14:27:29     [NW_STOCK] preskoceno: Razmik dobavitelja se tece; naslednji prenos po 4. 09. 2026 15:47.
14:27:29     Prevzem koncan: uspesno 0, neuspesno 0, skupaj virov 1.
14:27:30     Prebranih zapisov: 2763; SHA-256: deb4ab5cce5b155d4993a8a03e075d2b2573ebffcc43690b5e99d755133b1868
14:27:30     Ta posnetek je ze v bazi; vir=NW_STOCK, podjetje=1, cas posnetka=2026-09-04 11:47:28Z, uporabljenih=2763, v karanteni=0, RunId=2d40c254-8ac1-4f03-a79b-2d8317fdceb4. Zapisano ni bilo nic.
14:27:31     Prebranih zapisov: 2763; SHA-256: deb4ab5cce5b155d4993a8a03e075d2b2573ebffcc43690b5e99d755133b1868
14:27:32     Ta posnetek je ze v bazi; vir=NW_STOCK, podjetje=2, cas posnetka=2026-09-04 11:47:28Z, uporabljenih=2763, v karanteni=0, RunId=5982d3f3-93ac-48f0-8dd9-ddb64cd5ec0a. Zapisano ni bilo nic.
14:27:32     Prebranih zapisov: 2763; SHA-256: deb4ab5cce5b155d4993a8a03e075d2b2573ebffcc43690b5e99d755133b1868
14:27:33     Ta posnetek je ze v bazi; vir=NW_STOCK, podjetje=3, cas posnetka=2026-09-04 11:47:28Z, uporabljenih=2763, v karanteni=0, RunId=c1156a58-2f39-4164-89ea-c29df397a237. Zapisano ni bilo nic.
14:27:34     Prebranih zapisov: 2763; SHA-256: deb4ab5cce5b155d4993a8a03e075d2b2573ebffcc43690b5e99d755133b1868
14:27:34     Ta posnetek je ze v bazi; vir=NW_STOCK, podjetje=4, cas posnetka=2026-09-04 11:47:28Z, uporabljenih=2763, v karanteni=0, RunId=1ae953f7-084e-42d8-b4c1-88f9c140ef64. Zapisano ni bilo nic.
14:27:34     konec: Zaloga NW_STOCK
14:27:34  == Zaloga BT_STOCK ==
14:27:35     SOURCE_FETCH: se ni na vrsti po razporedu; preskoceno.
14:27:36     Prebranih zapisov: 1389; SHA-256: dfe24a95501a90f6401459b4aae346cac88affcc26983e955cf6ba781ff6ab40
14:27:37     STOCK_FILE pri podjetju 1: se ni na vrsti po razporedu; preskoceno.
14:27:37     Prebranih zapisov: 1389; SHA-256: dfe24a95501a90f6401459b4aae346cac88affcc26983e955cf6ba781ff6ab40
14:27:38     STOCK_FILE pri podjetju 2: se ni na vrsti po razporedu; preskoceno.
14:27:39     Prebranih zapisov: 1389; SHA-256: dfe24a95501a90f6401459b4aae346cac88affcc26983e955cf6ba781ff6ab40
14:27:39     STOCK_FILE pri podjetju 3: se ni na vrsti po razporedu; preskoceno.
14:27:40     Prebranih zapisov: 1389; SHA-256: dfe24a95501a90f6401459b4aae346cac88affcc26983e955cf6ba781ff6ab40
14:27:40     STOCK_FILE pri podjetju 4: se ni na vrsti po razporedu; preskoceno.
14:27:40     konec: Zaloga BT_STOCK
14:27:40  == Zaloga iz SAOP (kolicine) ==
14:27:41     [1] SAOP_STOCK: se ni na vrsti po razporedu; preskoceno.
14:27:41     [2] SAOP_STOCK: se ni na vrsti po razporedu; preskoceno.
14:27:41     [3] SAOP_STOCK: se ni na vrsti po razporedu; preskoceno.
14:27:41     [4] SAOP_STOCK: se ni na vrsti po razporedu; preskoceno.
14:27:41     konec: Zaloga iz SAOP (kolicine)
14:27:41  == Izvoz cen in zaloge za splet ==
14:27:43     Izvoz profila MAGENTO_STOCK_PRICES končan: 352 vrstic v C:\Users\david\Desktop\PIM\NoviPIM\izvoz\magento\1
14:27:47     Izvoz profila MAGENTO_STOCK_PRICES končan: 2071 vrstic v C:\Users\david\Desktop\PIM\NoviPIM\izvoz\magento\2
14:27:51     Izvoz profila MAGENTO_STOCK_PRICES končan: 2488 vrstic v C:\Users\david\Desktop\PIM\NoviPIM\izvoz\magento\3
14:27:52     Izvoz profila MAGENTO_STOCK_PRICES končan: 0 vrstic v C:\Users\david\Desktop\PIM\NoviPIM\izvoz\magento\4
14:27:52     konec: Izvoz cen in zaloge za splet
14:27:52  Zalogovni cikel koncan; padlih korakov: 0.
14:32:28  == Zaloga NW_STOCK ==
14:32:29     SOURCE_FETCH: se ni na vrsti po razporedu; preskoceno.
14:32:30     Prebranih zapisov: 2763; SHA-256: deb4ab5cce5b155d4993a8a03e075d2b2573ebffcc43690b5e99d755133b1868
14:32:30     STOCK_FILE pri podjetju 1: se ni na vrsti po razporedu; preskoceno.
14:32:31     Prebranih zapisov: 2763; SHA-256: deb4ab5cce5b155d4993a8a03e075d2b2573ebffcc43690b5e99d755133b1868
14:32:31     STOCK_FILE pri podjetju 2: se ni na vrsti po razporedu; preskoceno.
14:32:32     Prebranih zapisov: 2763; SHA-256: deb4ab5cce5b155d4993a8a03e075d2b2573ebffcc43690b5e99d755133b1868
14:32:32     STOCK_FILE pri podjetju 3: se ni na vrsti po razporedu; preskoceno.
14:32:33     Prebranih zapisov: 2763; SHA-256: deb4ab5cce5b155d4993a8a03e075d2b2573ebffcc43690b5e99d755133b1868
14:32:33     STOCK_FILE pri podjetju 4: se ni na vrsti po razporedu; preskoceno.
14:32:33     konec: Zaloga NW_STOCK
14:32:33  == Zaloga BT_STOCK ==
14:32:34     [BT_STOCK] preskoceno: Razmik dobavitelja se tece; naslednji prenos po 4. 09. 2026 15:37.
14:32:34     Prevzem koncan: uspesno 0, neuspesno 0, skupaj virov 1.
14:32:35     Prebranih zapisov: 1389; SHA-256: dfe24a95501a90f6401459b4aae346cac88affcc26983e955cf6ba781ff6ab40
14:32:35     Ta posnetek je ze v bazi; vir=BT_STOCK, podjetje=1, cas posnetka=2026-09-04 10:37:34Z, uporabljenih=1389, v karanteni=0, RunId=e705b902-5b08-472e-8a3c-d8b76d964199. Zapisano ni bilo nic.
14:32:36     Prebranih zapisov: 1389; SHA-256: dfe24a95501a90f6401459b4aae346cac88affcc26983e955cf6ba781ff6ab40
14:32:37     Ta posnetek je ze v bazi; vir=BT_STOCK, podjetje=2, cas posnetka=2026-09-04 10:37:34Z, uporabljenih=1389, v karanteni=0, RunId=2a953daf-d67c-4ca2-9562-b19bce69f12f. Zapisano ni bilo nic.
14:32:37     Prebranih zapisov: 1389; SHA-256: dfe24a95501a90f6401459b4aae346cac88affcc26983e955cf6ba781ff6ab40
14:32:38     Ta posnetek je ze v bazi; vir=BT_STOCK, podjetje=3, cas posnetka=2026-09-04 10:37:34Z, uporabljenih=1389, v karanteni=0, RunId=f51ccdea-5b91-4b53-baf5-c361f00df689. Zapisano ni bilo nic.
14:32:38     Prebranih zapisov: 1389; SHA-256: dfe24a95501a90f6401459b4aae346cac88affcc26983e955cf6ba781ff6ab40
14:32:39     Ta posnetek je ze v bazi; vir=BT_STOCK, podjetje=4, cas posnetka=2026-09-04 10:37:34Z, uporabljenih=1389, v karanteni=0, RunId=e4d31ad2-87a1-4877-ac45-2d49864d0a96. Zapisano ni bilo nic.
14:32:39     konec: Zaloga BT_STOCK
14:32:39  == Zaloga iz SAOP (kolicine) ==
14:32:40     [1] SAOP_STOCK: se ni na vrsti po razporedu; preskoceno.
14:32:40     [2] SAOP_STOCK: se ni na vrsti po razporedu; preskoceno.
14:32:40     [3] SAOP_STOCK: se ni na vrsti po razporedu; preskoceno.
14:32:40     [4] SAOP_STOCK: se ni na vrsti po razporedu; preskoceno.
14:32:40     konec: Zaloga iz SAOP (kolicine)
14:32:40  == Izvoz cen in zaloge za splet ==
14:32:42     Izvoz profila MAGENTO_STOCK_PRICES končan: 352 vrstic v C:\Users\david\Desktop\PIM\NoviPIM\izvoz\magento\1
14:32:46     Izvoz profila MAGENTO_STOCK_PRICES končan: 2071 vrstic v C:\Users\david\Desktop\PIM\NoviPIM\izvoz\magento\2
14:32:50     Izvoz profila MAGENTO_STOCK_PRICES končan: 2488 vrstic v C:\Users\david\Desktop\PIM\NoviPIM\izvoz\magento\3
14:32:51     Izvoz profila MAGENTO_STOCK_PRICES končan: 0 vrstic v C:\Users\david\Desktop\PIM\NoviPIM\izvoz\magento\4
14:32:51     konec: Izvoz cen in zaloge za splet
14:32:51  Zalogovni cikel koncan; padlih korakov: 0.
14:37:27  == Zaloga NW_STOCK ==
14:37:28     SOURCE_FETCH: se ni na vrsti po razporedu; preskoceno.
14:37:28     Prebranih zapisov: 2763; SHA-256: deb4ab5cce5b155d4993a8a03e075d2b2573ebffcc43690b5e99d755133b1868
14:37:29     STOCK_FILE pri podjetju 1: se ni na vrsti po razporedu; preskoceno.
14:37:29     Prebranih zapisov: 2763; SHA-256: deb4ab5cce5b155d4993a8a03e075d2b2573ebffcc43690b5e99d755133b1868
14:37:30     STOCK_FILE pri podjetju 2: se ni na vrsti po razporedu; preskoceno.
14:37:30     Prebranih zapisov: 2763; SHA-256: deb4ab5cce5b155d4993a8a03e075d2b2573ebffcc43690b5e99d755133b1868
14:37:31     STOCK_FILE pri podjetju 3: se ni na vrsti po razporedu; preskoceno.
14:37:31     Prebranih zapisov: 2763; SHA-256: deb4ab5cce5b155d4993a8a03e075d2b2573ebffcc43690b5e99d755133b1868
14:37:31     STOCK_FILE pri podjetju 4: se ni na vrsti po razporedu; preskoceno.
14:37:31     konec: Zaloga NW_STOCK
14:37:31  == Zaloga BT_STOCK ==
14:37:32     SOURCE_FETCH: se ni na vrsti po razporedu; preskoceno.
14:37:33     Prebranih zapisov: 1389; SHA-256: dfe24a95501a90f6401459b4aae346cac88affcc26983e955cf6ba781ff6ab40
14:37:33     STOCK_FILE pri podjetju 1: se ni na vrsti po razporedu; preskoceno.
14:37:34     Prebranih zapisov: 1389; SHA-256: dfe24a95501a90f6401459b4aae346cac88affcc26983e955cf6ba781ff6ab40
14:37:34     STOCK_FILE pri podjetju 2: se ni na vrsti po razporedu; preskoceno.
14:37:35     Prebranih zapisov: 1389; SHA-256: dfe24a95501a90f6401459b4aae346cac88affcc26983e955cf6ba781ff6ab40
14:37:35     STOCK_FILE pri podjetju 3: se ni na vrsti po razporedu; preskoceno.
14:37:36     Prebranih zapisov: 1389; SHA-256: dfe24a95501a90f6401459b4aae346cac88affcc26983e955cf6ba781ff6ab40
14:37:36     STOCK_FILE pri podjetju 4: se ni na vrsti po razporedu; preskoceno.
14:37:36     konec: Zaloga BT_STOCK
14:37:36  == Zaloga iz SAOP (kolicine) ==
14:37:37     [1] SAOP_STOCK: se ni na vrsti po razporedu; preskoceno.
14:37:37     [2] SAOP_STOCK: se ni na vrsti po razporedu; preskoceno.
14:37:37     [3] SAOP_STOCK: se ni na vrsti po razporedu; preskoceno.
14:37:37     [4] SAOP_STOCK: se ni na vrsti po razporedu; preskoceno.
14:37:37     konec: Zaloga iz SAOP (kolicine)
14:37:37  == Izvoz cen in zaloge za splet ==
14:37:39     Izvoz profila MAGENTO_STOCK_PRICES končan: 352 vrstic v C:\Users\david\Desktop\PIM\NoviPIM\izvoz\magento\1
14:37:43     Izvoz profila MAGENTO_STOCK_PRICES končan: 2071 vrstic v C:\Users\david\Desktop\PIM\NoviPIM\izvoz\magento\2
14:37:46     Izvoz profila MAGENTO_STOCK_PRICES končan: 2488 vrstic v C:\Users\david\Desktop\PIM\NoviPIM\izvoz\magento\3
14:37:48     Izvoz profila MAGENTO_STOCK_PRICES končan: 0 vrstic v C:\Users\david\Desktop\PIM\NoviPIM\izvoz\magento\4
14:37:48     konec: Izvoz cen in zaloge za splet
14:37:48  Zalogovni cikel koncan; padlih korakov: 0.
14:42:26  == Zaloga NW_STOCK ==
14:42:27     [NW_STOCK] preskoceno: Razmik dobavitelja se tece; naslednji prenos po 4. 09. 2026 15:47.
14:42:27     Prevzem koncan: uspesno 0, neuspesno 0, skupaj virov 1.
14:42:28     Prebranih zapisov: 2763; SHA-256: deb4ab5cce5b155d4993a8a03e075d2b2573ebffcc43690b5e99d755133b1868
14:42:28     Ta posnetek je ze v bazi; vir=NW_STOCK, podjetje=1, cas posnetka=2026-09-04 11:47:28Z, uporabljenih=2763, v karanteni=0, RunId=2d40c254-8ac1-4f03-a79b-2d8317fdceb4. Zapisano ni bilo nic.
14:42:29     Prebranih zapisov: 2763; SHA-256: deb4ab5cce5b155d4993a8a03e075d2b2573ebffcc43690b5e99d755133b1868
14:42:29     Ta posnetek je ze v bazi; vir=NW_STOCK, podjetje=2, cas posnetka=2026-09-04 11:47:28Z, uporabljenih=2763, v karanteni=0, RunId=5982d3f3-93ac-48f0-8dd9-ddb64cd5ec0a. Zapisano ni bilo nic.
14:42:30     Prebranih zapisov: 2763; SHA-256: deb4ab5cce5b155d4993a8a03e075d2b2573ebffcc43690b5e99d755133b1868
14:42:30     Ta posnetek je ze v bazi; vir=NW_STOCK, podjetje=3, cas posnetka=2026-09-04 11:47:28Z, uporabljenih=2763, v karanteni=0, RunId=c1156a58-2f39-4164-89ea-c29df397a237. Zapisano ni bilo nic.
14:42:31     Prebranih zapisov: 2763; SHA-256: deb4ab5cce5b155d4993a8a03e075d2b2573ebffcc43690b5e99d755133b1868
14:42:31     Ta posnetek je ze v bazi; vir=NW_STOCK, podjetje=4, cas posnetka=2026-09-04 11:47:28Z, uporabljenih=2763, v karanteni=0, RunId=1ae953f7-084e-42d8-b4c1-88f9c140ef64. Zapisano ni bilo nic.
14:42:31     konec: Zaloga NW_STOCK
14:42:31  == Zaloga BT_STOCK ==
14:42:32     SOURCE_FETCH: se ni na vrsti po razporedu; preskoceno.
14:42:33     Prebranih zapisov: 1389; SHA-256: dfe24a95501a90f6401459b4aae346cac88affcc26983e955cf6ba781ff6ab40
14:42:33     STOCK_FILE pri podjetju 1: se ni na vrsti po razporedu; preskoceno.
14:42:34     Prebranih zapisov: 1389; SHA-256: dfe24a95501a90f6401459b4aae346cac88affcc26983e955cf6ba781ff6ab40
14:42:34     STOCK_FILE pri podjetju 2: se ni na vrsti po razporedu; preskoceno.
14:42:35     Prebranih zapisov: 1389; SHA-256: dfe24a95501a90f6401459b4aae346cac88affcc26983e955cf6ba781ff6ab40
14:42:35     STOCK_FILE pri podjetju 3: se ni na vrsti po razporedu; preskoceno.
14:42:36     Prebranih zapisov: 1389; SHA-256: dfe24a95501a90f6401459b4aae346cac88affcc26983e955cf6ba781ff6ab40
14:42:36     STOCK_FILE pri podjetju 4: se ni na vrsti po razporedu; preskoceno.
14:42:36     konec: Zaloga BT_STOCK
14:42:36  == Zaloga iz SAOP (kolicine) ==
14:42:37     [1] SAOP_STOCK: se ni na vrsti po razporedu; preskoceno.
14:42:37     [2] SAOP_STOCK: se ni na vrsti po razporedu; preskoceno.
14:42:37     [3] SAOP_STOCK: se ni na vrsti po razporedu; preskoceno.
14:42:37     [4] SAOP_STOCK: se ni na vrsti po razporedu; preskoceno.
14:42:37     konec: Zaloga iz SAOP (kolicine)
14:42:37  == Izvoz cen in zaloge za splet ==
14:42:39     Izvoz profila MAGENTO_STOCK_PRICES končan: 352 vrstic v C:\Users\david\Desktop\PIM\NoviPIM\izvoz\magento\1
14:42:42     Izvoz profila MAGENTO_STOCK_PRICES končan: 2071 vrstic v C:\Users\david\Desktop\PIM\NoviPIM\izvoz\magento\2
14:42:46     Izvoz profila MAGENTO_STOCK_PRICES končan: 2488 vrstic v C:\Users\david\Desktop\PIM\NoviPIM\izvoz\magento\3
14:42:47     Izvoz profila MAGENTO_STOCK_PRICES končan: 0 vrstic v C:\Users\david\Desktop\PIM\NoviPIM\izvoz\magento\4
14:42:47     konec: Izvoz cen in zaloge za splet
14:42:47  Zalogovni cikel koncan; padlih korakov: 0.
14:47:26  == Zaloga NW_STOCK ==
14:47:27     SOURCE_FETCH: se ni na vrsti po razporedu; preskoceno.
14:47:28     Prebranih zapisov: 2763; SHA-256: deb4ab5cce5b155d4993a8a03e075d2b2573ebffcc43690b5e99d755133b1868
14:47:28     STOCK_FILE pri podjetju 1: se ni na vrsti po razporedu; preskoceno.
14:47:29     Prebranih zapisov: 2763; SHA-256: deb4ab5cce5b155d4993a8a03e075d2b2573ebffcc43690b5e99d755133b1868
14:47:29     STOCK_FILE pri podjetju 2: se ni na vrsti po razporedu; preskoceno.
14:47:30     Prebranih zapisov: 2763; SHA-256: deb4ab5cce5b155d4993a8a03e075d2b2573ebffcc43690b5e99d755133b1868
14:47:30     STOCK_FILE pri podjetju 3: se ni na vrsti po razporedu; preskoceno.
14:47:31     Prebranih zapisov: 2763; SHA-256: deb4ab5cce5b155d4993a8a03e075d2b2573ebffcc43690b5e99d755133b1868
14:47:31     STOCK_FILE pri podjetju 4: se ni na vrsti po razporedu; preskoceno.
14:47:31     konec: Zaloga NW_STOCK
14:47:31  == Zaloga BT_STOCK ==
14:47:32     [BT_STOCK] preskoceno: Razmik dobavitelja se tece; naslednji prenos po 4. 09. 2026 15:37.
14:47:32     Prevzem koncan: uspesno 0, neuspesno 0, skupaj virov 1.
14:47:33     Prebranih zapisov: 1389; SHA-256: dfe24a95501a90f6401459b4aae346cac88affcc26983e955cf6ba781ff6ab40
14:47:33     Ta posnetek je ze v bazi; vir=BT_STOCK, podjetje=1, cas posnetka=2026-09-04 10:37:34Z, uporabljenih=1389, v karanteni=0, RunId=e705b902-5b08-472e-8a3c-d8b76d964199. Zapisano ni bilo nic.
14:47:34     Prebranih zapisov: 1389; SHA-256: dfe24a95501a90f6401459b4aae346cac88affcc26983e955cf6ba781ff6ab40
14:47:34     Ta posnetek je ze v bazi; vir=BT_STOCK, podjetje=2, cas posnetka=2026-09-04 10:37:34Z, uporabljenih=1389, v karanteni=0, RunId=2a953daf-d67c-4ca2-9562-b19bce69f12f. Zapisano ni bilo nic.
14:47:35     Prebranih zapisov: 1389; SHA-256: dfe24a95501a90f6401459b4aae346cac88affcc26983e955cf6ba781ff6ab40
14:47:35     Ta posnetek je ze v bazi; vir=BT_STOCK, podjetje=3, cas posnetka=2026-09-04 10:37:34Z, uporabljenih=1389, v karanteni=0, RunId=f51ccdea-5b91-4b53-baf5-c361f00df689. Zapisano ni bilo nic.
14:47:36     Prebranih zapisov: 1389; SHA-256: dfe24a95501a90f6401459b4aae346cac88affcc26983e955cf6ba781ff6ab40
14:47:36     Ta posnetek je ze v bazi; vir=BT_STOCK, podjetje=4, cas posnetka=2026-09-04 10:37:34Z, uporabljenih=1389, v karanteni=0, RunId=e4d31ad2-87a1-4877-ac45-2d49864d0a96. Zapisano ni bilo nic.
14:47:36     konec: Zaloga BT_STOCK
14:47:36  == Zaloga iz SAOP (kolicine) ==
14:47:58     STDERR: [1] NAPAKA: A connection attempt failed because the connected party did not properly respond after a period of time, or established connection failed because connected host has failed to respond. (192.168.178.12:81)
14:48:19     STDERR: [2] NAPAKA: A connection attempt failed because the connected party did not properly respond after a period of time, or established connection failed because connected host has failed to respond. (192.168.178.12:81)
14:48:40     STDERR: [3] NAPAKA: A connection attempt failed because the connected party did not properly respond after a period of time, or established connection failed because connected host has failed to respond. (192.168.178.12:81)
14:49:01     STDERR: [4] NAPAKA: A connection attempt failed because the connected party did not properly respond after a period of time, or established connection failed because connected host has failed to respond. (192.168.178.12:81)
14:49:01     NAPAKA: worker workers\PIM.SaopStockWorker je koncal z izhodno kodo 1
14:49:01  == Izvoz cen in zaloge za splet ==
14:49:03     Izvoz profila MAGENTO_STOCK_PRICES končan: 352 vrstic v C:\Users\david\Desktop\PIM\NoviPIM\izvoz\magento\1
14:49:07     Izvoz profila MAGENTO_STOCK_PRICES končan: 2071 vrstic v C:\Users\david\Desktop\PIM\NoviPIM\izvoz\magento\2
14:49:10     Izvoz profila MAGENTO_STOCK_PRICES končan: 2488 vrstic v C:\Users\david\Desktop\PIM\NoviPIM\izvoz\magento\3
14:49:11     Izvoz profila MAGENTO_STOCK_PRICES končan: 0 vrstic v C:\Users\david\Desktop\PIM\NoviPIM\izvoz\magento\4
14:49:11     konec: Izvoz cen in zaloge za splet
14:49:11  Zalogovni cikel koncan; padlih korakov: 1.
14:52:26  == Zaloga NW_STOCK ==
14:52:27     SOURCE_FETCH: se ni na vrsti po razporedu; preskoceno.
14:52:28     Prebranih zapisov: 2763; SHA-256: deb4ab5cce5b155d4993a8a03e075d2b2573ebffcc43690b5e99d755133b1868
14:52:28     STOCK_FILE pri podjetju 1: se ni na vrsti po razporedu; preskoceno.
14:52:29     Prebranih zapisov: 2763; SHA-256: deb4ab5cce5b155d4993a8a03e075d2b2573ebffcc43690b5e99d755133b1868
14:52:29     STOCK_FILE pri podjetju 2: se ni na vrsti po razporedu; preskoceno.
14:52:30     Prebranih zapisov: 2763; SHA-256: deb4ab5cce5b155d4993a8a03e075d2b2573ebffcc43690b5e99d755133b1868
14:52:30     STOCK_FILE pri podjetju 3: se ni na vrsti po razporedu; preskoceno.
14:52:31     Prebranih zapisov: 2763; SHA-256: deb4ab5cce5b155d4993a8a03e075d2b2573ebffcc43690b5e99d755133b1868
14:52:31     STOCK_FILE pri podjetju 4: se ni na vrsti po razporedu; preskoceno.
14:52:31     konec: Zaloga NW_STOCK
14:52:31  == Zaloga BT_STOCK ==
14:52:32     SOURCE_FETCH: se ni na vrsti po razporedu; preskoceno.
14:52:33     Prebranih zapisov: 1389; SHA-256: dfe24a95501a90f6401459b4aae346cac88affcc26983e955cf6ba781ff6ab40
14:52:33     STOCK_FILE pri podjetju 1: se ni na vrsti po razporedu; preskoceno.
14:52:34     Prebranih zapisov: 1389; SHA-256: dfe24a95501a90f6401459b4aae346cac88affcc26983e955cf6ba781ff6ab40
14:52:34     STOCK_FILE pri podjetju 2: se ni na vrsti po razporedu; preskoceno.
14:52:35     Prebranih zapisov: 1389; SHA-256: dfe24a95501a90f6401459b4aae346cac88affcc26983e955cf6ba781ff6ab40
14:52:35     STOCK_FILE pri podjetju 3: se ni na vrsti po razporedu; preskoceno.
14:52:36     Prebranih zapisov: 1389; SHA-256: dfe24a95501a90f6401459b4aae346cac88affcc26983e955cf6ba781ff6ab40
14:52:36     STOCK_FILE pri podjetju 4: se ni na vrsti po razporedu; preskoceno.
14:52:36     konec: Zaloga BT_STOCK
14:52:36  == Zaloga iz SAOP (kolicine) ==
14:52:37     [1] SAOP_STOCK: se ni na vrsti po razporedu; preskoceno.
14:52:37     [2] SAOP_STOCK: se ni na vrsti po razporedu; preskoceno.
14:52:37     [3] SAOP_STOCK: se ni na vrsti po razporedu; preskoceno.
14:52:37     [4] SAOP_STOCK: se ni na vrsti po razporedu; preskoceno.
14:52:37     konec: Zaloga iz SAOP (kolicine)
14:52:37  == Izvoz cen in zaloge za splet ==
14:52:38     Izvoz profila MAGENTO_STOCK_PRICES končan: 352 vrstic v C:\Users\david\Desktop\PIM\NoviPIM\izvoz\magento\1
14:52:42     Izvoz profila MAGENTO_STOCK_PRICES končan: 2071 vrstic v C:\Users\david\Desktop\PIM\NoviPIM\izvoz\magento\2
14:52:46     Izvoz profila MAGENTO_STOCK_PRICES končan: 2488 vrstic v C:\Users\david\Desktop\PIM\NoviPIM\izvoz\magento\3
14:52:47     Izvoz profila MAGENTO_STOCK_PRICES končan: 0 vrstic v C:\Users\david\Desktop\PIM\NoviPIM\izvoz\magento\4
14:52:47     konec: Izvoz cen in zaloge za splet
14:52:47  Zalogovni cikel koncan; padlih korakov: 0.
14:57:26  == Zaloga NW_STOCK ==
14:57:27     [NW_STOCK] preskoceno: Razmik dobavitelja se tece; naslednji prenos po 4. 09. 2026 15:47.
14:57:27     Prevzem koncan: uspesno 0, neuspesno 0, skupaj virov 1.
14:57:28     Prebranih zapisov: 2763; SHA-256: deb4ab5cce5b155d4993a8a03e075d2b2573ebffcc43690b5e99d755133b1868
14:57:28     Ta posnetek je ze v bazi; vir=NW_STOCK, podjetje=1, cas posnetka=2026-09-04 11:47:28Z, uporabljenih=2763, v karanteni=0, RunId=2d40c254-8ac1-4f03-a79b-2d8317fdceb4. Zapisano ni bilo nic.
14:57:29     Prebranih zapisov: 2763; SHA-256: deb4ab5cce5b155d4993a8a03e075d2b2573ebffcc43690b5e99d755133b1868
14:57:29     Ta posnetek je ze v bazi; vir=NW_STOCK, podjetje=2, cas posnetka=2026-09-04 11:47:28Z, uporabljenih=2763, v karanteni=0, RunId=5982d3f3-93ac-48f0-8dd9-ddb64cd5ec0a. Zapisano ni bilo nic.
14:57:30     Prebranih zapisov: 2763; SHA-256: deb4ab5cce5b155d4993a8a03e075d2b2573ebffcc43690b5e99d755133b1868
14:57:30     Ta posnetek je ze v bazi; vir=NW_STOCK, podjetje=3, cas posnetka=2026-09-04 11:47:28Z, uporabljenih=2763, v karanteni=0, RunId=c1156a58-2f39-4164-89ea-c29df397a237. Zapisano ni bilo nic.
14:57:31     Prebranih zapisov: 2763; SHA-256: deb4ab5cce5b155d4993a8a03e075d2b2573ebffcc43690b5e99d755133b1868
14:57:31     Ta posnetek je ze v bazi; vir=NW_STOCK, podjetje=4, cas posnetka=2026-09-04 11:47:28Z, uporabljenih=2763, v karanteni=0, RunId=1ae953f7-084e-42d8-b4c1-88f9c140ef64. Zapisano ni bilo nic.
14:57:31     konec: Zaloga NW_STOCK
14:57:31  == Zaloga BT_STOCK ==
14:57:32     SOURCE_FETCH: se ni na vrsti po razporedu; preskoceno.
14:57:33     Prebranih zapisov: 1389; SHA-256: dfe24a95501a90f6401459b4aae346cac88affcc26983e955cf6ba781ff6ab40
14:57:33     STOCK_FILE pri podjetju 1: se ni na vrsti po razporedu; preskoceno.
14:57:34     Prebranih zapisov: 1389; SHA-256: dfe24a95501a90f6401459b4aae346cac88affcc26983e955cf6ba781ff6ab40
14:57:34     STOCK_FILE pri podjetju 2: se ni na vrsti po razporedu; preskoceno.
14:57:35     Prebranih zapisov: 1389; SHA-256: dfe24a95501a90f6401459b4aae346cac88affcc26983e955cf6ba781ff6ab40
14:57:35     STOCK_FILE pri podjetju 3: se ni na vrsti po razporedu; preskoceno.
14:57:36     Prebranih zapisov: 1389; SHA-256: dfe24a95501a90f6401459b4aae346cac88affcc26983e955cf6ba781ff6ab40
14:57:36     STOCK_FILE pri podjetju 4: se ni na vrsti po razporedu; preskoceno.
14:57:36     konec: Zaloga BT_STOCK
14:57:36  == Zaloga iz SAOP (kolicine) ==
14:57:37     [1] SAOP_STOCK: se ni na vrsti po razporedu; preskoceno.
14:57:37     [2] SAOP_STOCK: se ni na vrsti po razporedu; preskoceno.
14:57:37     [3] SAOP_STOCK: se ni na vrsti po razporedu; preskoceno.
14:57:37     [4] SAOP_STOCK: se ni na vrsti po razporedu; preskoceno.
14:57:37     konec: Zaloga iz SAOP (kolicine)
14:57:37  == Izvoz cen in zaloge za splet ==
14:57:39     Izvoz profila MAGENTO_STOCK_PRICES končan: 352 vrstic v C:\Users\david\Desktop\PIM\NoviPIM\izvoz\magento\1
14:57:42     Izvoz profila MAGENTO_STOCK_PRICES končan: 2071 vrstic v C:\Users\david\Desktop\PIM\NoviPIM\izvoz\magento\2
14:57:46     Izvoz profila MAGENTO_STOCK_PRICES končan: 2488 vrstic v C:\Users\david\Desktop\PIM\NoviPIM\izvoz\magento\3
14:57:47     Izvoz profila MAGENTO_STOCK_PRICES končan: 0 vrstic v C:\Users\david\Desktop\PIM\NoviPIM\izvoz\magento\4
14:57:47     konec: Izvoz cen in zaloge za splet
14:57:47  Zalogovni cikel koncan; padlih korakov: 0.
15:02:26  == Zaloga NW_STOCK ==
15:02:27     SOURCE_FETCH: se ni na vrsti po razporedu; preskoceno.
15:02:28     Prebranih zapisov: 2763; SHA-256: deb4ab5cce5b155d4993a8a03e075d2b2573ebffcc43690b5e99d755133b1868
15:02:28     STOCK_FILE pri podjetju 1: se ni na vrsti po razporedu; preskoceno.
15:02:29     Prebranih zapisov: 2763; SHA-256: deb4ab5cce5b155d4993a8a03e075d2b2573ebffcc43690b5e99d755133b1868
15:02:29     STOCK_FILE pri podjetju 2: se ni na vrsti po razporedu; preskoceno.
15:02:30     Prebranih zapisov: 2763; SHA-256: deb4ab5cce5b155d4993a8a03e075d2b2573ebffcc43690b5e99d755133b1868
15:02:30     STOCK_FILE pri podjetju 3: se ni na vrsti po razporedu; preskoceno.
15:02:31     Prebranih zapisov: 2763; SHA-256: deb4ab5cce5b155d4993a8a03e075d2b2573ebffcc43690b5e99d755133b1868
15:02:31     STOCK_FILE pri podjetju 4: se ni na vrsti po razporedu; preskoceno.
15:02:31     konec: Zaloga NW_STOCK
15:02:31  == Zaloga BT_STOCK ==
15:02:32     [BT_STOCK] preskoceno: Razmik dobavitelja se tece; naslednji prenos po 4. 09. 2026 15:37.
15:02:32     Prevzem koncan: uspesno 0, neuspesno 0, skupaj virov 1.
15:02:33     Prebranih zapisov: 1389; SHA-256: dfe24a95501a90f6401459b4aae346cac88affcc26983e955cf6ba781ff6ab40
15:02:33     Ta posnetek je ze v bazi; vir=BT_STOCK, podjetje=1, cas posnetka=2026-09-04 10:37:34Z, uporabljenih=1389, v karanteni=0, RunId=e705b902-5b08-472e-8a3c-d8b76d964199. Zapisano ni bilo nic.
15:02:34     Prebranih zapisov: 1389; SHA-256: dfe24a95501a90f6401459b4aae346cac88affcc26983e955cf6ba781ff6ab40
15:02:34     Ta posnetek je ze v bazi; vir=BT_STOCK, podjetje=2, cas posnetka=2026-09-04 10:37:34Z, uporabljenih=1389, v karanteni=0, RunId=2a953daf-d67c-4ca2-9562-b19bce69f12f. Zapisano ni bilo nic.
15:02:35     Prebranih zapisov: 1389; SHA-256: dfe24a95501a90f6401459b4aae346cac88affcc26983e955cf6ba781ff6ab40
15:02:35     Ta posnetek je ze v bazi; vir=BT_STOCK, podjetje=3, cas posnetka=2026-09-04 10:37:34Z, uporabljenih=1389, v karanteni=0, RunId=f51ccdea-5b91-4b53-baf5-c361f00df689. Zapisano ni bilo nic.
15:02:36     Prebranih zapisov: 1389; SHA-256: dfe24a95501a90f6401459b4aae346cac88affcc26983e955cf6ba781ff6ab40
15:02:36     Ta posnetek je ze v bazi; vir=BT_STOCK, podjetje=4, cas posnetka=2026-09-04 10:37:34Z, uporabljenih=1389, v karanteni=0, RunId=e4d31ad2-87a1-4877-ac45-2d49864d0a96. Zapisano ni bilo nic.
15:02:36     konec: Zaloga BT_STOCK
15:02:36  == Zaloga iz SAOP (kolicine) ==
15:02:37     [1] SAOP_STOCK: se ni na vrsti po razporedu; preskoceno.
15:02:37     [2] SAOP_STOCK: se ni na vrsti po razporedu; preskoceno.
15:02:37     [3] SAOP_STOCK: se ni na vrsti po razporedu; preskoceno.
15:02:37     [4] SAOP_STOCK: se ni na vrsti po razporedu; preskoceno.
15:02:37     konec: Zaloga iz SAOP (kolicine)
15:02:37  == Izvoz cen in zaloge za splet ==
15:02:39     Izvoz profila MAGENTO_STOCK_PRICES končan: 352 vrstic v C:\Users\david\Desktop\PIM\NoviPIM\izvoz\magento\1
15:02:42     Izvoz profila MAGENTO_STOCK_PRICES končan: 2071 vrstic v C:\Users\david\Desktop\PIM\NoviPIM\izvoz\magento\2
15:02:46     Izvoz profila MAGENTO_STOCK_PRICES končan: 2488 vrstic v C:\Users\david\Desktop\PIM\NoviPIM\izvoz\magento\3
15:02:47     Izvoz profila MAGENTO_STOCK_PRICES končan: 0 vrstic v C:\Users\david\Desktop\PIM\NoviPIM\izvoz\magento\4
15:02:47     konec: Izvoz cen in zaloge za splet
15:02:47  Zalogovni cikel koncan; padlih korakov: 0.
15:07:26  == Zaloga NW_STOCK ==
15:07:27     SOURCE_FETCH: se ni na vrsti po razporedu; preskoceno.
15:07:28     Prebranih zapisov: 2763; SHA-256: deb4ab5cce5b155d4993a8a03e075d2b2573ebffcc43690b5e99d755133b1868
15:07:28     STOCK_FILE pri podjetju 1: se ni na vrsti po razporedu; preskoceno.
15:07:29     Prebranih zapisov: 2763; SHA-256: deb4ab5cce5b155d4993a8a03e075d2b2573ebffcc43690b5e99d755133b1868
15:07:29     STOCK_FILE pri podjetju 2: se ni na vrsti po razporedu; preskoceno.
15:07:30     Prebranih zapisov: 2763; SHA-256: deb4ab5cce5b155d4993a8a03e075d2b2573ebffcc43690b5e99d755133b1868
15:07:30     STOCK_FILE pri podjetju 3: se ni na vrsti po razporedu; preskoceno.
15:07:31     Prebranih zapisov: 2763; SHA-256: deb4ab5cce5b155d4993a8a03e075d2b2573ebffcc43690b5e99d755133b1868
15:07:31     STOCK_FILE pri podjetju 4: se ni na vrsti po razporedu; preskoceno.
15:07:31     konec: Zaloga NW_STOCK
15:07:31  == Zaloga BT_STOCK ==
15:07:32     [BT_STOCK] preskoceno: Razmik dobavitelja se tece; naslednji prenos po 4. 09. 2026 15:37.
15:07:32     Prevzem koncan: uspesno 0, neuspesno 0, skupaj virov 1.
15:07:33     Prebranih zapisov: 1389; SHA-256: dfe24a95501a90f6401459b4aae346cac88affcc26983e955cf6ba781ff6ab40
15:07:33     Ta posnetek je ze v bazi; vir=BT_STOCK, podjetje=1, cas posnetka=2026-09-04 10:37:34Z, uporabljenih=1389, v karanteni=0, RunId=e705b902-5b08-472e-8a3c-d8b76d964199. Zapisano ni bilo nic.
15:07:34     Prebranih zapisov: 1389; SHA-256: dfe24a95501a90f6401459b4aae346cac88affcc26983e955cf6ba781ff6ab40
15:07:34     Ta posnetek je ze v bazi; vir=BT_STOCK, podjetje=2, cas posnetka=2026-09-04 10:37:34Z, uporabljenih=1389, v karanteni=0, RunId=2a953daf-d67c-4ca2-9562-b19bce69f12f. Zapisano ni bilo nic.
15:07:35     Prebranih zapisov: 1389; SHA-256: dfe24a95501a90f6401459b4aae346cac88affcc26983e955cf6ba781ff6ab40
15:07:35     Ta posnetek je ze v bazi; vir=BT_STOCK, podjetje=3, cas posnetka=2026-09-04 10:37:34Z, uporabljenih=1389, v karanteni=0, RunId=f51ccdea-5b91-4b53-baf5-c361f00df689. Zapisano ni bilo nic.
15:07:36     Prebranih zapisov: 1389; SHA-256: dfe24a95501a90f6401459b4aae346cac88affcc26983e955cf6ba781ff6ab40
15:07:36     Ta posnetek je ze v bazi; vir=BT_STOCK, podjetje=4, cas posnetka=2026-09-04 10:37:34Z, uporabljenih=1389, v karanteni=0, RunId=e4d31ad2-87a1-4877-ac45-2d49864d0a96. Zapisano ni bilo nic.
15:07:36     konec: Zaloga BT_STOCK
15:07:36  == Zaloga iz SAOP (kolicine) ==
15:07:37     [1] SAOP_STOCK: se ni na vrsti po razporedu; preskoceno.
15:07:37     [2] SAOP_STOCK: se ni na vrsti po razporedu; preskoceno.
15:07:37     [3] SAOP_STOCK: se ni na vrsti po razporedu; preskoceno.
15:07:37     [4] SAOP_STOCK: se ni na vrsti po razporedu; preskoceno.
15:07:37     konec: Zaloga iz SAOP (kolicine)
15:07:37  == Izvoz cen in zaloge za splet ==
15:07:39     Izvoz profila MAGENTO_STOCK_PRICES končan: 352 vrstic v C:\Users\david\Desktop\PIM\NoviPIM\izvoz\magento\1
15:07:42     Izvoz profila MAGENTO_STOCK_PRICES končan: 2071 vrstic v C:\Users\david\Desktop\PIM\NoviPIM\izvoz\magento\2
15:07:46     Izvoz profila MAGENTO_STOCK_PRICES končan: 2488 vrstic v C:\Users\david\Desktop\PIM\NoviPIM\izvoz\magento\3
15:07:47     Izvoz profila MAGENTO_STOCK_PRICES končan: 0 vrstic v C:\Users\david\Desktop\PIM\NoviPIM\izvoz\magento\4
15:07:47     konec: Izvoz cen in zaloge za splet
15:07:47  Zalogovni cikel koncan; padlih korakov: 0.
15:12:26  == Zaloga NW_STOCK ==
15:12:27     SOURCE_FETCH: se ni na vrsti po razporedu; preskoceno.
15:12:28     Prebranih zapisov: 2763; SHA-256: deb4ab5cce5b155d4993a8a03e075d2b2573ebffcc43690b5e99d755133b1868
15:12:28     STOCK_FILE pri podjetju 1: se ni na vrsti po razporedu; preskoceno.
15:12:29     Prebranih zapisov: 2763; SHA-256: deb4ab5cce5b155d4993a8a03e075d2b2573ebffcc43690b5e99d755133b1868
15:12:29     STOCK_FILE pri podjetju 2: se ni na vrsti po razporedu; preskoceno.
15:12:30     Prebranih zapisov: 2763; SHA-256: deb4ab5cce5b155d4993a8a03e075d2b2573ebffcc43690b5e99d755133b1868
15:12:30     STOCK_FILE pri podjetju 3: se ni na vrsti po razporedu; preskoceno.
15:12:31     Prebranih zapisov: 2763; SHA-256: deb4ab5cce5b155d4993a8a03e075d2b2573ebffcc43690b5e99d755133b1868
15:12:31     STOCK_FILE pri podjetju 4: se ni na vrsti po razporedu; preskoceno.
15:12:31     konec: Zaloga NW_STOCK
15:12:31  == Zaloga BT_STOCK ==
15:12:32     SOURCE_FETCH: se ni na vrsti po razporedu; preskoceno.
15:12:33     Prebranih zapisov: 1389; SHA-256: dfe24a95501a90f6401459b4aae346cac88affcc26983e955cf6ba781ff6ab40
15:12:33     STOCK_FILE pri podjetju 1: se ni na vrsti po razporedu; preskoceno.
15:12:34     Prebranih zapisov: 1389; SHA-256: dfe24a95501a90f6401459b4aae346cac88affcc26983e955cf6ba781ff6ab40
15:12:34     STOCK_FILE pri podjetju 2: se ni na vrsti po razporedu; preskoceno.
15:12:35     Prebranih zapisov: 1389; SHA-256: dfe24a95501a90f6401459b4aae346cac88affcc26983e955cf6ba781ff6ab40
15:12:35     STOCK_FILE pri podjetju 3: se ni na vrsti po razporedu; preskoceno.
15:12:36     Prebranih zapisov: 1389; SHA-256: dfe24a95501a90f6401459b4aae346cac88affcc26983e955cf6ba781ff6ab40
15:12:36     STOCK_FILE pri podjetju 4: se ni na vrsti po razporedu; preskoceno.
15:12:36     konec: Zaloga BT_STOCK
15:12:36  == Zaloga iz SAOP (kolicine) ==
15:12:37     [1] SAOP_STOCK: se ni na vrsti po razporedu; preskoceno.
15:12:37     [2] SAOP_STOCK: se ni na vrsti po razporedu; preskoceno.
15:12:37     [3] SAOP_STOCK: se ni na vrsti po razporedu; preskoceno.
15:12:37     [4] SAOP_STOCK: se ni na vrsti po razporedu; preskoceno.
15:12:37     konec: Zaloga iz SAOP (kolicine)
15:12:37  == Izvoz cen in zaloge za splet ==
15:12:38     Izvoz profila MAGENTO_STOCK_PRICES končan: 352 vrstic v C:\Users\david\Desktop\PIM\NoviPIM\izvoz\magento\1
15:12:42     Izvoz profila MAGENTO_STOCK_PRICES končan: 2071 vrstic v C:\Users\david\Desktop\PIM\NoviPIM\izvoz\magento\2
15:12:46     Izvoz profila MAGENTO_STOCK_PRICES končan: 2488 vrstic v C:\Users\david\Desktop\PIM\NoviPIM\izvoz\magento\3
15:12:47     Izvoz profila MAGENTO_STOCK_PRICES končan: 0 vrstic v C:\Users\david\Desktop\PIM\NoviPIM\izvoz\magento\4
15:12:47     konec: Izvoz cen in zaloge za splet
15:12:47  Zalogovni cikel koncan; padlih korakov: 0.
15:17:27  == Zaloga NW_STOCK ==
15:17:28     [NW_STOCK] preskoceno: Razmik dobavitelja se tece; naslednji prenos po 4. 09. 2026 15:47.
15:17:28     Prevzem koncan: uspesno 0, neuspesno 0, skupaj virov 1.
15:17:29     Prebranih zapisov: 2763; SHA-256: deb4ab5cce5b155d4993a8a03e075d2b2573ebffcc43690b5e99d755133b1868
15:17:29     Ta posnetek je ze v bazi; vir=NW_STOCK, podjetje=1, cas posnetka=2026-09-04 11:47:28Z, uporabljenih=2763, v karanteni=0, RunId=2d40c254-8ac1-4f03-a79b-2d8317fdceb4. Zapisano ni bilo nic.
15:17:30     Prebranih zapisov: 2763; SHA-256: deb4ab5cce5b155d4993a8a03e075d2b2573ebffcc43690b5e99d755133b1868
15:17:30     Ta posnetek je ze v bazi; vir=NW_STOCK, podjetje=2, cas posnetka=2026-09-04 11:47:28Z, uporabljenih=2763, v karanteni=0, RunId=5982d3f3-93ac-48f0-8dd9-ddb64cd5ec0a. Zapisano ni bilo nic.
15:17:31     Prebranih zapisov: 2763; SHA-256: deb4ab5cce5b155d4993a8a03e075d2b2573ebffcc43690b5e99d755133b1868
15:17:31     Ta posnetek je ze v bazi; vir=NW_STOCK, podjetje=3, cas posnetka=2026-09-04 11:47:28Z, uporabljenih=2763, v karanteni=0, RunId=c1156a58-2f39-4164-89ea-c29df397a237. Zapisano ni bilo nic.
15:17:32     Prebranih zapisov: 2763; SHA-256: deb4ab5cce5b155d4993a8a03e075d2b2573ebffcc43690b5e99d755133b1868
15:17:32     Ta posnetek je ze v bazi; vir=NW_STOCK, podjetje=4, cas posnetka=2026-09-04 11:47:28Z, uporabljenih=2763, v karanteni=0, RunId=1ae953f7-084e-42d8-b4c1-88f9c140ef64. Zapisano ni bilo nic.
15:17:32     konec: Zaloga NW_STOCK
15:17:32  == Zaloga BT_STOCK ==
15:17:33     SOURCE_FETCH: se ni na vrsti po razporedu; preskoceno.
15:17:34     Prebranih zapisov: 1389; SHA-256: dfe24a95501a90f6401459b4aae346cac88affcc26983e955cf6ba781ff6ab40
15:17:34     STOCK_FILE pri podjetju 1: se ni na vrsti po razporedu; preskoceno.
15:17:35     Prebranih zapisov: 1389; SHA-256: dfe24a95501a90f6401459b4aae346cac88affcc26983e955cf6ba781ff6ab40
15:17:35     STOCK_FILE pri podjetju 2: se ni na vrsti po razporedu; preskoceno.
15:17:36     Prebranih zapisov: 1389; SHA-256: dfe24a95501a90f6401459b4aae346cac88affcc26983e955cf6ba781ff6ab40
15:17:36     STOCK_FILE pri podjetju 3: se ni na vrsti po razporedu; preskoceno.
15:17:37     Prebranih zapisov: 1389; SHA-256: dfe24a95501a90f6401459b4aae346cac88affcc26983e955cf6ba781ff6ab40
15:17:37     STOCK_FILE pri podjetju 4: se ni na vrsti po razporedu; preskoceno.
15:17:37     konec: Zaloga BT_STOCK
15:17:37  == Zaloga iz SAOP (kolicine) ==
15:17:38     [1] SAOP_STOCK: se ni na vrsti po razporedu; preskoceno.
15:17:38     [2] SAOP_STOCK: se ni na vrsti po razporedu; preskoceno.
15:17:38     [3] SAOP_STOCK: se ni na vrsti po razporedu; preskoceno.
15:17:38     [4] SAOP_STOCK: se ni na vrsti po razporedu; preskoceno.
15:17:38     konec: Zaloga iz SAOP (kolicine)
15:17:38  == Izvoz cen in zaloge za splet ==
15:17:40     Izvoz profila MAGENTO_STOCK_PRICES končan: 352 vrstic v C:\Users\david\Desktop\PIM\NoviPIM\izvoz\magento\1
15:17:43     Izvoz profila MAGENTO_STOCK_PRICES končan: 2071 vrstic v C:\Users\david\Desktop\PIM\NoviPIM\izvoz\magento\2
15:17:47     Izvoz profila MAGENTO_STOCK_PRICES končan: 2488 vrstic v C:\Users\david\Desktop\PIM\NoviPIM\izvoz\magento\3
15:17:48     Izvoz profila MAGENTO_STOCK_PRICES končan: 0 vrstic v C:\Users\david\Desktop\PIM\NoviPIM\izvoz\magento\4
15:17:48     konec: Izvoz cen in zaloge za splet
15:17:48  Zalogovni cikel koncan; padlih korakov: 0.
15:22:26  == Zaloga NW_STOCK ==
15:22:27     SOURCE_FETCH: se ni na vrsti po razporedu; preskoceno.
15:22:28     Prebranih zapisov: 2763; SHA-256: deb4ab5cce5b155d4993a8a03e075d2b2573ebffcc43690b5e99d755133b1868
15:22:28     STOCK_FILE pri podjetju 1: se ni na vrsti po razporedu; preskoceno.
15:22:29     Prebranih zapisov: 2763; SHA-256: deb4ab5cce5b155d4993a8a03e075d2b2573ebffcc43690b5e99d755133b1868
15:22:29     STOCK_FILE pri podjetju 2: se ni na vrsti po razporedu; preskoceno.
15:22:30     Prebranih zapisov: 2763; SHA-256: deb4ab5cce5b155d4993a8a03e075d2b2573ebffcc43690b5e99d755133b1868
15:22:30     STOCK_FILE pri podjetju 3: se ni na vrsti po razporedu; preskoceno.
15:22:31     Prebranih zapisov: 2763; SHA-256: deb4ab5cce5b155d4993a8a03e075d2b2573ebffcc43690b5e99d755133b1868
15:22:31     STOCK_FILE pri podjetju 4: se ni na vrsti po razporedu; preskoceno.
15:22:31     konec: Zaloga NW_STOCK
15:22:31  == Zaloga BT_STOCK ==
15:22:32     [BT_STOCK] preskoceno: Razmik dobavitelja se tece; naslednji prenos po 4. 09. 2026 15:37.
15:22:32     Prevzem koncan: uspesno 0, neuspesno 0, skupaj virov 1.
15:22:33     Prebranih zapisov: 1389; SHA-256: dfe24a95501a90f6401459b4aae346cac88affcc26983e955cf6ba781ff6ab40
15:22:33     Ta posnetek je ze v bazi; vir=BT_STOCK, podjetje=1, cas posnetka=2026-09-04 10:37:34Z, uporabljenih=1389, v karanteni=0, RunId=e705b902-5b08-472e-8a3c-d8b76d964199. Zapisano ni bilo nic.
15:22:34     Prebranih zapisov: 1389; SHA-256: dfe24a95501a90f6401459b4aae346cac88affcc26983e955cf6ba781ff6ab40
15:22:34     Ta posnetek je ze v bazi; vir=BT_STOCK, podjetje=2, cas posnetka=2026-09-04 10:37:34Z, uporabljenih=1389, v karanteni=0, RunId=2a953daf-d67c-4ca2-9562-b19bce69f12f. Zapisano ni bilo nic.
15:22:35     Prebranih zapisov: 1389; SHA-256: dfe24a95501a90f6401459b4aae346cac88affcc26983e955cf6ba781ff6ab40
15:22:35     Ta posnetek je ze v bazi; vir=BT_STOCK, podjetje=3, cas posnetka=2026-09-04 10:37:34Z, uporabljenih=1389, v karanteni=0, RunId=f51ccdea-5b91-4b53-baf5-c361f00df689. Zapisano ni bilo nic.
15:22:36     Prebranih zapisov: 1389; SHA-256: dfe24a95501a90f6401459b4aae346cac88affcc26983e955cf6ba781ff6ab40
15:22:36     Ta posnetek je ze v bazi; vir=BT_STOCK, podjetje=4, cas posnetka=2026-09-04 10:37:34Z, uporabljenih=1389, v karanteni=0, RunId=e4d31ad2-87a1-4877-ac45-2d49864d0a96. Zapisano ni bilo nic.
15:22:36     konec: Zaloga BT_STOCK
15:22:36  == Zaloga iz SAOP (kolicine) ==
15:22:58     STDERR: [1] NAPAKA: A connection attempt failed because the connected party did not properly respond after a period of time, or established connection failed because connected host has failed to respond. (192.168.178.12:81)
15:23:19     STDERR: [2] NAPAKA: A connection attempt failed because the connected party did not properly respond after a period of time, or established connection failed because connected host has failed to respond. (192.168.178.12:81)
15:23:40     STDERR: [3] NAPAKA: A connection attempt failed because the connected party did not properly respond after a period of time, or established connection failed because connected host has failed to respond. (192.168.178.12:81)
15:24:02     STDERR: [4] NAPAKA: A connection attempt failed because the connected party did not properly respond after a period of time, or established connection failed because connected host has failed to respond. (192.168.178.12:81)
15:24:02     NAPAKA: worker workers\PIM.SaopStockWorker je koncal z izhodno kodo 1
15:24:02  == Izvoz cen in zaloge za splet ==
15:24:03     Izvoz profila MAGENTO_STOCK_PRICES končan: 352 vrstic v C:\Users\david\Desktop\PIM\NoviPIM\izvoz\magento\1
15:24:07     Izvoz profila MAGENTO_STOCK_PRICES končan: 2071 vrstic v C:\Users\david\Desktop\PIM\NoviPIM\izvoz\magento\2
15:24:11     Izvoz profila MAGENTO_STOCK_PRICES končan: 2488 vrstic v C:\Users\david\Desktop\PIM\NoviPIM\izvoz\magento\3
15:24:12     Izvoz profila MAGENTO_STOCK_PRICES končan: 0 vrstic v C:\Users\david\Desktop\PIM\NoviPIM\izvoz\magento\4
15:24:12     konec: Izvoz cen in zaloge za splet
15:24:12  Zalogovni cikel koncan; padlih korakov: 1.
15:27:26  == Zaloga NW_STOCK ==
15:27:27     SOURCE_FETCH: se ni na vrsti po razporedu; preskoceno.
15:27:28     Prebranih zapisov: 2763; SHA-256: deb4ab5cce5b155d4993a8a03e075d2b2573ebffcc43690b5e99d755133b1868
15:27:28     STOCK_FILE pri podjetju 1: se ni na vrsti po razporedu; preskoceno.
15:27:29     Prebranih zapisov: 2763; SHA-256: deb4ab5cce5b155d4993a8a03e075d2b2573ebffcc43690b5e99d755133b1868
15:27:29     STOCK_FILE pri podjetju 2: se ni na vrsti po razporedu; preskoceno.
15:27:30     Prebranih zapisov: 2763; SHA-256: deb4ab5cce5b155d4993a8a03e075d2b2573ebffcc43690b5e99d755133b1868
15:27:30     STOCK_FILE pri podjetju 3: se ni na vrsti po razporedu; preskoceno.
15:27:31     Prebranih zapisov: 2763; SHA-256: deb4ab5cce5b155d4993a8a03e075d2b2573ebffcc43690b5e99d755133b1868
15:27:31     STOCK_FILE pri podjetju 4: se ni na vrsti po razporedu; preskoceno.
15:27:31     konec: Zaloga NW_STOCK
15:27:31  == Zaloga BT_STOCK ==
15:27:32     SOURCE_FETCH: se ni na vrsti po razporedu; preskoceno.
15:27:33     Prebranih zapisov: 1389; SHA-256: dfe24a95501a90f6401459b4aae346cac88affcc26983e955cf6ba781ff6ab40
15:27:33     STOCK_FILE pri podjetju 1: se ni na vrsti po razporedu; preskoceno.
15:27:34     Prebranih zapisov: 1389; SHA-256: dfe24a95501a90f6401459b4aae346cac88affcc26983e955cf6ba781ff6ab40
15:27:34     STOCK_FILE pri podjetju 2: se ni na vrsti po razporedu; preskoceno.
15:27:35     Prebranih zapisov: 1389; SHA-256: dfe24a95501a90f6401459b4aae346cac88affcc26983e955cf6ba781ff6ab40
15:27:35     STOCK_FILE pri podjetju 3: se ni na vrsti po razporedu; preskoceno.
15:27:36     Prebranih zapisov: 1389; SHA-256: dfe24a95501a90f6401459b4aae346cac88affcc26983e955cf6ba781ff6ab40
15:27:36     STOCK_FILE pri podjetju 4: se ni na vrsti po razporedu; preskoceno.
15:27:36     konec: Zaloga BT_STOCK
15:27:36  == Zaloga iz SAOP (kolicine) ==
15:27:37     [1] SAOP_STOCK: se ni na vrsti po razporedu; preskoceno.
15:27:37     [2] SAOP_STOCK: se ni na vrsti po razporedu; preskoceno.
15:27:37     [3] SAOP_STOCK: se ni na vrsti po razporedu; preskoceno.
15:27:37     [4] SAOP_STOCK: se ni na vrsti po razporedu; preskoceno.
15:27:37     konec: Zaloga iz SAOP (kolicine)
15:27:37  == Izvoz cen in zaloge za splet ==
15:27:38     Izvoz profila MAGENTO_STOCK_PRICES končan: 352 vrstic v C:\Users\david\Desktop\PIM\NoviPIM\izvoz\magento\1
15:27:42     Izvoz profila MAGENTO_STOCK_PRICES končan: 2071 vrstic v C:\Users\david\Desktop\PIM\NoviPIM\izvoz\magento\2
15:27:46     Izvoz profila MAGENTO_STOCK_PRICES končan: 2488 vrstic v C:\Users\david\Desktop\PIM\NoviPIM\izvoz\magento\3
15:27:47     Izvoz profila MAGENTO_STOCK_PRICES končan: 0 vrstic v C:\Users\david\Desktop\PIM\NoviPIM\izvoz\magento\4
15:27:47     konec: Izvoz cen in zaloge za splet
15:27:47  Zalogovni cikel koncan; padlih korakov: 0.
15:32:26  == Zaloga NW_STOCK ==
15:32:27     [NW_STOCK] preskoceno: Razmik dobavitelja se tece; naslednji prenos po 4. 09. 2026 15:47.
15:32:27     Prevzem koncan: uspesno 0, neuspesno 0, skupaj virov 1.
15:32:28     Prebranih zapisov: 2763; SHA-256: deb4ab5cce5b155d4993a8a03e075d2b2573ebffcc43690b5e99d755133b1868
15:32:28     Ta posnetek je ze v bazi; vir=NW_STOCK, podjetje=1, cas posnetka=2026-09-04 11:47:28Z, uporabljenih=2763, v karanteni=0, RunId=2d40c254-8ac1-4f03-a79b-2d8317fdceb4. Zapisano ni bilo nic.
15:32:29     Prebranih zapisov: 2763; SHA-256: deb4ab5cce5b155d4993a8a03e075d2b2573ebffcc43690b5e99d755133b1868
15:32:29     Ta posnetek je ze v bazi; vir=NW_STOCK, podjetje=2, cas posnetka=2026-09-04 11:47:28Z, uporabljenih=2763, v karanteni=0, RunId=5982d3f3-93ac-48f0-8dd9-ddb64cd5ec0a. Zapisano ni bilo nic.
15:32:30     Prebranih zapisov: 2763; SHA-256: deb4ab5cce5b155d4993a8a03e075d2b2573ebffcc43690b5e99d755133b1868
15:32:30     Ta posnetek je ze v bazi; vir=NW_STOCK, podjetje=3, cas posnetka=2026-09-04 11:47:28Z, uporabljenih=2763, v karanteni=0, RunId=c1156a58-2f39-4164-89ea-c29df397a237. Zapisano ni bilo nic.
15:32:31     Prebranih zapisov: 2763; SHA-256: deb4ab5cce5b155d4993a8a03e075d2b2573ebffcc43690b5e99d755133b1868
15:32:31     Ta posnetek je ze v bazi; vir=NW_STOCK, podjetje=4, cas posnetka=2026-09-04 11:47:28Z, uporabljenih=2763, v karanteni=0, RunId=1ae953f7-084e-42d8-b4c1-88f9c140ef64. Zapisano ni bilo nic.
15:32:31     konec: Zaloga NW_STOCK
15:32:31  == Zaloga BT_STOCK ==
15:32:32     SOURCE_FETCH: se ni na vrsti po razporedu; preskoceno.
15:32:33     Prebranih zapisov: 1389; SHA-256: dfe24a95501a90f6401459b4aae346cac88affcc26983e955cf6ba781ff6ab40
15:32:33     STOCK_FILE pri podjetju 1: se ni na vrsti po razporedu; preskoceno.
15:32:34     Prebranih zapisov: 1389; SHA-256: dfe24a95501a90f6401459b4aae346cac88affcc26983e955cf6ba781ff6ab40
15:32:34     STOCK_FILE pri podjetju 2: se ni na vrsti po razporedu; preskoceno.
15:32:35     Prebranih zapisov: 1389; SHA-256: dfe24a95501a90f6401459b4aae346cac88affcc26983e955cf6ba781ff6ab40
15:32:35     STOCK_FILE pri podjetju 3: se ni na vrsti po razporedu; preskoceno.
15:32:36     Prebranih zapisov: 1389; SHA-256: dfe24a95501a90f6401459b4aae346cac88affcc26983e955cf6ba781ff6ab40
15:32:36     STOCK_FILE pri podjetju 4: se ni na vrsti po razporedu; preskoceno.
15:32:36     konec: Zaloga BT_STOCK
15:32:36  == Zaloga iz SAOP (kolicine) ==
15:32:37     [1] SAOP_STOCK: se ni na vrsti po razporedu; preskoceno.
15:32:37     [2] SAOP_STOCK: se ni na vrsti po razporedu; preskoceno.
15:32:37     [3] SAOP_STOCK: se ni na vrsti po razporedu; preskoceno.
15:32:37     [4] SAOP_STOCK: se ni na vrsti po razporedu; preskoceno.
15:32:37     konec: Zaloga iz SAOP (kolicine)
15:32:37  == Izvoz cen in zaloge za splet ==
15:32:39     Izvoz profila MAGENTO_STOCK_PRICES končan: 352 vrstic v C:\Users\david\Desktop\PIM\NoviPIM\izvoz\magento\1
15:32:42     Izvoz profila MAGENTO_STOCK_PRICES končan: 2071 vrstic v C:\Users\david\Desktop\PIM\NoviPIM\izvoz\magento\2
15:32:46     Izvoz profila MAGENTO_STOCK_PRICES končan: 2488 vrstic v C:\Users\david\Desktop\PIM\NoviPIM\izvoz\magento\3
15:32:47     Izvoz profila MAGENTO_STOCK_PRICES končan: 0 vrstic v C:\Users\david\Desktop\PIM\NoviPIM\izvoz\magento\4
15:32:47     konec: Izvoz cen in zaloge za splet
15:32:47  Zalogovni cikel koncan; padlih korakov: 0.
15:37:26  == Zaloga NW_STOCK ==
15:37:27     [NW_STOCK] preskoceno: Razmik dobavitelja se tece; naslednji prenos po 4. 09. 2026 15:47.
15:37:27     Prevzem koncan: uspesno 0, neuspesno 0, skupaj virov 1.
15:37:28     Prebranih zapisov: 2763; SHA-256: deb4ab5cce5b155d4993a8a03e075d2b2573ebffcc43690b5e99d755133b1868
15:37:28     Ta posnetek je ze v bazi; vir=NW_STOCK, podjetje=1, cas posnetka=2026-09-04 11:47:28Z, uporabljenih=2763, v karanteni=0, RunId=2d40c254-8ac1-4f03-a79b-2d8317fdceb4. Zapisano ni bilo nic.
15:37:29     Prebranih zapisov: 2763; SHA-256: deb4ab5cce5b155d4993a8a03e075d2b2573ebffcc43690b5e99d755133b1868
15:37:29     Ta posnetek je ze v bazi; vir=NW_STOCK, podjetje=2, cas posnetka=2026-09-04 11:47:28Z, uporabljenih=2763, v karanteni=0, RunId=5982d3f3-93ac-48f0-8dd9-ddb64cd5ec0a. Zapisano ni bilo nic.
15:37:30     Prebranih zapisov: 2763; SHA-256: deb4ab5cce5b155d4993a8a03e075d2b2573ebffcc43690b5e99d755133b1868
15:37:30     Ta posnetek je ze v bazi; vir=NW_STOCK, podjetje=3, cas posnetka=2026-09-04 11:47:28Z, uporabljenih=2763, v karanteni=0, RunId=c1156a58-2f39-4164-89ea-c29df397a237. Zapisano ni bilo nic.
15:37:31     Prebranih zapisov: 2763; SHA-256: deb4ab5cce5b155d4993a8a03e075d2b2573ebffcc43690b5e99d755133b1868
15:37:31     Ta posnetek je ze v bazi; vir=NW_STOCK, podjetje=4, cas posnetka=2026-09-04 11:47:28Z, uporabljenih=2763, v karanteni=0, RunId=1ae953f7-084e-42d8-b4c1-88f9c140ef64. Zapisano ni bilo nic.
15:37:31     konec: Zaloga NW_STOCK
15:37:31  == Zaloga BT_STOCK ==
15:37:32     SOURCE_FETCH: se ni na vrsti po razporedu; preskoceno.
15:37:33     Prebranih zapisov: 1389; SHA-256: dfe24a95501a90f6401459b4aae346cac88affcc26983e955cf6ba781ff6ab40
15:37:33     STOCK_FILE pri podjetju 1: se ni na vrsti po razporedu; preskoceno.
15:37:34     Prebranih zapisov: 1389; SHA-256: dfe24a95501a90f6401459b4aae346cac88affcc26983e955cf6ba781ff6ab40
15:37:34     STOCK_FILE pri podjetju 2: se ni na vrsti po razporedu; preskoceno.
15:37:35     Prebranih zapisov: 1389; SHA-256: dfe24a95501a90f6401459b4aae346cac88affcc26983e955cf6ba781ff6ab40
15:37:35     STOCK_FILE pri podjetju 3: se ni na vrsti po razporedu; preskoceno.
15:37:36     Prebranih zapisov: 1389; SHA-256: dfe24a95501a90f6401459b4aae346cac88affcc26983e955cf6ba781ff6ab40
15:37:36     STOCK_FILE pri podjetju 4: se ni na vrsti po razporedu; preskoceno.
15:37:36     konec: Zaloga BT_STOCK
15:37:36  == Zaloga iz SAOP (kolicine) ==
15:37:37     [1] SAOP_STOCK: se ni na vrsti po razporedu; preskoceno.
15:37:37     [2] SAOP_STOCK: se ni na vrsti po razporedu; preskoceno.
15:37:37     [3] SAOP_STOCK: se ni na vrsti po razporedu; preskoceno.
15:37:37     [4] SAOP_STOCK: se ni na vrsti po razporedu; preskoceno.
15:37:37     konec: Zaloga iz SAOP (kolicine)
15:37:37  == Izvoz cen in zaloge za splet ==
15:37:39     Izvoz profila MAGENTO_STOCK_PRICES končan: 352 vrstic v C:\Users\david\Desktop\PIM\NoviPIM\izvoz\magento\1
15:37:43     Izvoz profila MAGENTO_STOCK_PRICES končan: 2071 vrstic v C:\Users\david\Desktop\PIM\NoviPIM\izvoz\magento\2
15:37:46     Izvoz profila MAGENTO_STOCK_PRICES končan: 2488 vrstic v C:\Users\david\Desktop\PIM\NoviPIM\izvoz\magento\3
15:37:48     Izvoz profila MAGENTO_STOCK_PRICES končan: 0 vrstic v C:\Users\david\Desktop\PIM\NoviPIM\izvoz\magento\4
15:37:48     konec: Izvoz cen in zaloge za splet
15:37:48  Zalogovni cikel koncan; padlih korakov: 0.
15:42:26  == Zaloga NW_STOCK ==
15:42:27     SOURCE_FETCH: se ni na vrsti po razporedu; preskoceno.
15:42:28     Prebranih zapisov: 2763; SHA-256: deb4ab5cce5b155d4993a8a03e075d2b2573ebffcc43690b5e99d755133b1868
15:42:28     STOCK_FILE pri podjetju 1: se ni na vrsti po razporedu; preskoceno.
15:42:29     Prebranih zapisov: 2763; SHA-256: deb4ab5cce5b155d4993a8a03e075d2b2573ebffcc43690b5e99d755133b1868
15:42:29     STOCK_FILE pri podjetju 2: se ni na vrsti po razporedu; preskoceno.
15:42:30     Prebranih zapisov: 2763; SHA-256: deb4ab5cce5b155d4993a8a03e075d2b2573ebffcc43690b5e99d755133b1868
15:42:30     STOCK_FILE pri podjetju 3: se ni na vrsti po razporedu; preskoceno.
15:42:31     Prebranih zapisov: 2763; SHA-256: deb4ab5cce5b155d4993a8a03e075d2b2573ebffcc43690b5e99d755133b1868
15:42:31     STOCK_FILE pri podjetju 4: se ni na vrsti po razporedu; preskoceno.
15:42:31     konec: Zaloga NW_STOCK
15:42:31  == Zaloga BT_STOCK ==
15:42:34     [BT_STOCK] prevzeto 1.588.410 bajtov -> C:\Users\david\Desktop\PIM\NoviPIM\PIM_Solution\data\prevzem\BT_STOCK\braytron-zaloga.xml
15:42:34     Prevzem koncan: uspesno 1, neuspesno 0, skupaj virov 1.
15:42:35     Prebranih zapisov: 1389; SHA-256: da9818c5c6dfd021970c3c526b502e911a5ec7eb32fa266f2eb907376ee50d3d
15:42:36     Zaloga zapisana; vir=BT_STOCK, podjetje=1, uporabljenih=1389, v karanteni=0, RunId=29328099-eebb-4ae4-8cdf-5612f2bdfbef.
15:42:37     Prebranih zapisov: 1389; SHA-256: da9818c5c6dfd021970c3c526b502e911a5ec7eb32fa266f2eb907376ee50d3d
15:42:37     Zaloga zapisana; vir=BT_STOCK, podjetje=2, uporabljenih=1389, v karanteni=0, RunId=14edf1e4-d31c-4fab-8148-5de6ad057ba7.
15:42:38     Prebranih zapisov: 1389; SHA-256: da9818c5c6dfd021970c3c526b502e911a5ec7eb32fa266f2eb907376ee50d3d
15:42:39     Zaloga zapisana; vir=BT_STOCK, podjetje=3, uporabljenih=1389, v karanteni=0, RunId=f6de9c9b-ac5e-4f15-83f7-b4996db78622.
15:42:40     Prebranih zapisov: 1389; SHA-256: da9818c5c6dfd021970c3c526b502e911a5ec7eb32fa266f2eb907376ee50d3d
15:42:41     Zaloga zapisana; vir=BT_STOCK, podjetje=4, uporabljenih=1389, v karanteni=0, RunId=f04274fb-6ddd-4185-ade9-af1b8313d14d.
15:42:41     konec: Zaloga BT_STOCK
15:42:41  == Zaloga iz SAOP (kolicine) ==
15:42:42     [1] SAOP_STOCK: se ni na vrsti po razporedu; preskoceno.
15:42:42     [2] SAOP_STOCK: se ni na vrsti po razporedu; preskoceno.
15:42:42     [3] SAOP_STOCK: se ni na vrsti po razporedu; preskoceno.
15:42:42     [4] SAOP_STOCK: se ni na vrsti po razporedu; preskoceno.
15:42:42     konec: Zaloga iz SAOP (kolicine)
15:42:42  == Izvoz cen in zaloge za splet ==
15:42:43     Izvoz profila MAGENTO_STOCK_PRICES končan: 352 vrstic v C:\Users\david\Desktop\PIM\NoviPIM\izvoz\magento\1
15:42:47     Izvoz profila MAGENTO_STOCK_PRICES končan: 2071 vrstic v C:\Users\david\Desktop\PIM\NoviPIM\izvoz\magento\2
15:42:51     Izvoz profila MAGENTO_STOCK_PRICES končan: 2488 vrstic v C:\Users\david\Desktop\PIM\NoviPIM\izvoz\magento\3
15:42:52     Izvoz profila MAGENTO_STOCK_PRICES končan: 0 vrstic v C:\Users\david\Desktop\PIM\NoviPIM\izvoz\magento\4
15:42:52     konec: Izvoz cen in zaloge za splet
15:42:52  Zalogovni cikel koncan; padlih korakov: 0.
15:47:26  == Zaloga NW_STOCK ==
15:47:27     SOURCE_FETCH: se ni na vrsti po razporedu; preskoceno.
15:47:28     Prebranih zapisov: 2763; SHA-256: deb4ab5cce5b155d4993a8a03e075d2b2573ebffcc43690b5e99d755133b1868
15:47:28     STOCK_FILE pri podjetju 1: se ni na vrsti po razporedu; preskoceno.
15:47:29     Prebranih zapisov: 2763; SHA-256: deb4ab5cce5b155d4993a8a03e075d2b2573ebffcc43690b5e99d755133b1868
15:47:29     STOCK_FILE pri podjetju 2: se ni na vrsti po razporedu; preskoceno.
15:47:30     Prebranih zapisov: 2763; SHA-256: deb4ab5cce5b155d4993a8a03e075d2b2573ebffcc43690b5e99d755133b1868
15:47:30     STOCK_FILE pri podjetju 3: se ni na vrsti po razporedu; preskoceno.
15:47:31     Prebranih zapisov: 2763; SHA-256: deb4ab5cce5b155d4993a8a03e075d2b2573ebffcc43690b5e99d755133b1868
15:47:31     STOCK_FILE pri podjetju 4: se ni na vrsti po razporedu; preskoceno.
15:47:31     konec: Zaloga NW_STOCK
15:47:31  == Zaloga BT_STOCK ==
15:47:32     SOURCE_FETCH: se ni na vrsti po razporedu; preskoceno.
15:47:33     Prebranih zapisov: 1389; SHA-256: da9818c5c6dfd021970c3c526b502e911a5ec7eb32fa266f2eb907376ee50d3d
15:47:33     STOCK_FILE pri podjetju 1: se ni na vrsti po razporedu; preskoceno.
15:47:34     Prebranih zapisov: 1389; SHA-256: da9818c5c6dfd021970c3c526b502e911a5ec7eb32fa266f2eb907376ee50d3d
15:47:34     STOCK_FILE pri podjetju 2: se ni na vrsti po razporedu; preskoceno.
15:47:35     Prebranih zapisov: 1389; SHA-256: da9818c5c6dfd021970c3c526b502e911a5ec7eb32fa266f2eb907376ee50d3d
15:47:35     STOCK_FILE pri podjetju 3: se ni na vrsti po razporedu; preskoceno.
15:47:36     Prebranih zapisov: 1389; SHA-256: da9818c5c6dfd021970c3c526b502e911a5ec7eb32fa266f2eb907376ee50d3d
15:47:36     STOCK_FILE pri podjetju 4: se ni na vrsti po razporedu; preskoceno.
15:47:36     konec: Zaloga BT_STOCK
15:47:36  == Zaloga iz SAOP (kolicine) ==
15:47:37     [1] SAOP_STOCK: se ni na vrsti po razporedu; preskoceno.
15:47:37     [2] SAOP_STOCK: se ni na vrsti po razporedu; preskoceno.
15:47:37     [3] SAOP_STOCK: se ni na vrsti po razporedu; preskoceno.
15:47:37     [4] SAOP_STOCK: se ni na vrsti po razporedu; preskoceno.
15:47:37     konec: Zaloga iz SAOP (kolicine)
15:47:37  == Izvoz cen in zaloge za splet ==
15:47:39     Izvoz profila MAGENTO_STOCK_PRICES končan: 352 vrstic v C:\Users\david\Desktop\PIM\NoviPIM\izvoz\magento\1
15:47:42     Izvoz profila MAGENTO_STOCK_PRICES končan: 2071 vrstic v C:\Users\david\Desktop\PIM\NoviPIM\izvoz\magento\2
15:47:46     Izvoz profila MAGENTO_STOCK_PRICES končan: 2488 vrstic v C:\Users\david\Desktop\PIM\NoviPIM\izvoz\magento\3
15:47:47     Izvoz profila MAGENTO_STOCK_PRICES končan: 0 vrstic v C:\Users\david\Desktop\PIM\NoviPIM\izvoz\magento\4
15:47:47     konec: Izvoz cen in zaloge za splet
15:47:47  Zalogovni cikel koncan; padlih korakov: 0.
15:52:26  == Zaloga NW_STOCK ==
15:52:28     [NW_STOCK] prevzeto 87.349 bajtov -> C:\Users\david\Desktop\PIM\NoviPIM\PIM_Solution\data\prevzem\NW_STOCK\nw-zaloga.csv
15:52:28     Prevzem koncan: uspesno 1, neuspesno 0, skupaj virov 1.
15:52:29     Prebranih zapisov: 2763; SHA-256: 22d6c82248e2dfed476df7e40ca1309ecd4f6d3c004bc4c30771efd3a9938f7c
15:52:30     Zaloga zapisana; vir=NW_STOCK, podjetje=1, uporabljenih=2763, v karanteni=0, RunId=f75986ca-5672-48fa-af34-b1c26b9aa2bc.
15:52:31     Prebranih zapisov: 2763; SHA-256: 22d6c82248e2dfed476df7e40ca1309ecd4f6d3c004bc4c30771efd3a9938f7c
15:52:33     Zaloga zapisana; vir=NW_STOCK, podjetje=2, uporabljenih=2763, v karanteni=0, RunId=70bee31d-7e24-4dd5-a23d-14ffb54daf18.
15:52:33     Prebranih zapisov: 2763; SHA-256: 22d6c82248e2dfed476df7e40ca1309ecd4f6d3c004bc4c30771efd3a9938f7c
15:52:35     Zaloga zapisana; vir=NW_STOCK, podjetje=3, uporabljenih=2763, v karanteni=0, RunId=c0663b6a-8779-4482-b5ba-0dd620e567f8.
15:52:36     Prebranih zapisov: 2763; SHA-256: 22d6c82248e2dfed476df7e40ca1309ecd4f6d3c004bc4c30771efd3a9938f7c
15:52:37     Zaloga zapisana; vir=NW_STOCK, podjetje=4, uporabljenih=2763, v karanteni=0, RunId=10eb86f6-e12d-4d5c-a881-006977fcb522.
15:52:37     konec: Zaloga NW_STOCK
15:52:37  == Zaloga BT_STOCK ==
15:52:38     SOURCE_FETCH: se ni na vrsti po razporedu; preskoceno.
15:52:39     Prebranih zapisov: 1389; SHA-256: da9818c5c6dfd021970c3c526b502e911a5ec7eb32fa266f2eb907376ee50d3d
15:52:39     STOCK_FILE pri podjetju 1: se ni na vrsti po razporedu; preskoceno.
15:52:40     Prebranih zapisov: 1389; SHA-256: da9818c5c6dfd021970c3c526b502e911a5ec7eb32fa266f2eb907376ee50d3d
15:52:40     STOCK_FILE pri podjetju 2: se ni na vrsti po razporedu; preskoceno.
15:52:41     Prebranih zapisov: 1389; SHA-256: da9818c5c6dfd021970c3c526b502e911a5ec7eb32fa266f2eb907376ee50d3d
15:52:41     STOCK_FILE pri podjetju 3: se ni na vrsti po razporedu; preskoceno.
15:52:42     Prebranih zapisov: 1389; SHA-256: da9818c5c6dfd021970c3c526b502e911a5ec7eb32fa266f2eb907376ee50d3d
15:52:42     STOCK_FILE pri podjetju 4: se ni na vrsti po razporedu; preskoceno.
15:52:42     konec: Zaloga BT_STOCK
15:52:42  == Zaloga iz SAOP (kolicine) ==
15:52:43     [1] SAOP_STOCK: se ni na vrsti po razporedu; preskoceno.
15:52:43     [2] SAOP_STOCK: se ni na vrsti po razporedu; preskoceno.
15:52:43     [3] SAOP_STOCK: se ni na vrsti po razporedu; preskoceno.
15:52:43     [4] SAOP_STOCK: se ni na vrsti po razporedu; preskoceno.
15:52:43     konec: Zaloga iz SAOP (kolicine)
15:52:43  == Izvoz cen in zaloge za splet ==
15:52:45     Izvoz profila MAGENTO_STOCK_PRICES končan: 352 vrstic v C:\Users\david\Desktop\PIM\NoviPIM\izvoz\magento\1
15:52:48     Izvoz profila MAGENTO_STOCK_PRICES končan: 2071 vrstic v C:\Users\david\Desktop\PIM\NoviPIM\izvoz\magento\2
15:52:52     Izvoz profila MAGENTO_STOCK_PRICES končan: 2488 vrstic v C:\Users\david\Desktop\PIM\NoviPIM\izvoz\magento\3
15:52:53     Izvoz profila MAGENTO_STOCK_PRICES končan: 0 vrstic v C:\Users\david\Desktop\PIM\NoviPIM\izvoz\magento\4
15:52:53     konec: Izvoz cen in zaloge za splet
15:52:53  Zalogovni cikel koncan; padlih korakov: 0.
15:57:26  == Zaloga NW_STOCK ==
15:57:27     SOURCE_FETCH: se ni na vrsti po razporedu; preskoceno.
15:57:28     Prebranih zapisov: 2763; SHA-256: 22d6c82248e2dfed476df7e40ca1309ecd4f6d3c004bc4c30771efd3a9938f7c
15:57:28     STOCK_FILE pri podjetju 1: se ni na vrsti po razporedu; preskoceno.
15:57:29     Prebranih zapisov: 2763; SHA-256: 22d6c82248e2dfed476df7e40ca1309ecd4f6d3c004bc4c30771efd3a9938f7c
15:57:29     STOCK_FILE pri podjetju 2: se ni na vrsti po razporedu; preskoceno.
15:57:30     Prebranih zapisov: 2763; SHA-256: 22d6c82248e2dfed476df7e40ca1309ecd4f6d3c004bc4c30771efd3a9938f7c
15:57:30     STOCK_FILE pri podjetju 3: se ni na vrsti po razporedu; preskoceno.
15:57:31     Prebranih zapisov: 2763; SHA-256: 22d6c82248e2dfed476df7e40ca1309ecd4f6d3c004bc4c30771efd3a9938f7c
15:57:31     STOCK_FILE pri podjetju 4: se ni na vrsti po razporedu; preskoceno.
15:57:31     konec: Zaloga NW_STOCK
15:57:31  == Zaloga BT_STOCK ==
15:57:32     [BT_STOCK] preskoceno: Razmik dobavitelja se tece; naslednji prenos po 4. 09. 2026 18:42.
15:57:32     Prevzem koncan: uspesno 0, neuspesno 0, skupaj virov 1.
15:57:33     Prebranih zapisov: 1389; SHA-256: da9818c5c6dfd021970c3c526b502e911a5ec7eb32fa266f2eb907376ee50d3d
15:57:33     Ta posnetek je ze v bazi; vir=BT_STOCK, podjetje=1, cas posnetka=2026-09-04 13:42:34Z, uporabljenih=1389, v karanteni=0, RunId=29328099-eebb-4ae4-8cdf-5612f2bdfbef. Zapisano ni bilo nic.
15:57:34     Prebranih zapisov: 1389; SHA-256: da9818c5c6dfd021970c3c526b502e911a5ec7eb32fa266f2eb907376ee50d3d
15:57:34     Ta posnetek je ze v bazi; vir=BT_STOCK, podjetje=2, cas posnetka=2026-09-04 13:42:34Z, uporabljenih=1389, v karanteni=0, RunId=14edf1e4-d31c-4fab-8148-5de6ad057ba7. Zapisano ni bilo nic.
15:57:35     Prebranih zapisov: 1389; SHA-256: da9818c5c6dfd021970c3c526b502e911a5ec7eb32fa266f2eb907376ee50d3d
15:57:35     Ta posnetek je ze v bazi; vir=BT_STOCK, podjetje=3, cas posnetka=2026-09-04 13:42:34Z, uporabljenih=1389, v karanteni=0, RunId=f6de9c9b-ac5e-4f15-83f7-b4996db78622. Zapisano ni bilo nic.
15:57:36     Prebranih zapisov: 1389; SHA-256: da9818c5c6dfd021970c3c526b502e911a5ec7eb32fa266f2eb907376ee50d3d
15:57:36     Ta posnetek je ze v bazi; vir=BT_STOCK, podjetje=4, cas posnetka=2026-09-04 13:42:34Z, uporabljenih=1389, v karanteni=0, RunId=f04274fb-6ddd-4185-ade9-af1b8313d14d. Zapisano ni bilo nic.
15:57:36     konec: Zaloga BT_STOCK
15:57:36  == Zaloga iz SAOP (kolicine) ==
15:57:58     STDERR: [1] NAPAKA: A connection attempt failed because the connected party did not properly respond after a period of time, or established connection failed because connected host has failed to respond. (192.168.178.12:81)
15:58:20     STDERR: [2] NAPAKA: A connection attempt failed because the connected party did not properly respond after a period of time, or established connection failed because connected host has failed to respond. (192.168.178.12:81)
15:58:41     STDERR: [3] NAPAKA: A connection attempt failed because the connected party did not properly respond after a period of time, or established connection failed because connected host has failed to respond. (192.168.178.12:81)
15:59:02     STDERR: [4] NAPAKA: A connection attempt failed because the connected party did not properly respond after a period of time, or established connection failed because connected host has failed to respond. (192.168.178.12:81)
15:59:02     NAPAKA: worker workers\PIM.SaopStockWorker je koncal z izhodno kodo 1
15:59:02  == Izvoz cen in zaloge za splet ==
15:59:03     Izvoz profila MAGENTO_STOCK_PRICES končan: 352 vrstic v C:\Users\david\Desktop\PIM\NoviPIM\izvoz\magento\1
15:59:07     Izvoz profila MAGENTO_STOCK_PRICES končan: 2071 vrstic v C:\Users\david\Desktop\PIM\NoviPIM\izvoz\magento\2
15:59:11     Izvoz profila MAGENTO_STOCK_PRICES končan: 2488 vrstic v C:\Users\david\Desktop\PIM\NoviPIM\izvoz\magento\3
15:59:12     Izvoz profila MAGENTO_STOCK_PRICES končan: 0 vrstic v C:\Users\david\Desktop\PIM\NoviPIM\izvoz\magento\4
15:59:12     konec: Izvoz cen in zaloge za splet
15:59:12  Zalogovni cikel koncan; padlih korakov: 1.
16:02:26  == Zaloga NW_STOCK ==
16:02:27     SOURCE_FETCH: se ni na vrsti po razporedu; preskoceno.
16:02:28     Prebranih zapisov: 2763; SHA-256: 22d6c82248e2dfed476df7e40ca1309ecd4f6d3c004bc4c30771efd3a9938f7c
16:02:28     STOCK_FILE pri podjetju 1: se ni na vrsti po razporedu; preskoceno.
16:02:29     Prebranih zapisov: 2763; SHA-256: 22d6c82248e2dfed476df7e40ca1309ecd4f6d3c004bc4c30771efd3a9938f7c
16:02:29     STOCK_FILE pri podjetju 2: se ni na vrsti po razporedu; preskoceno.
16:02:30     Prebranih zapisov: 2763; SHA-256: 22d6c82248e2dfed476df7e40ca1309ecd4f6d3c004bc4c30771efd3a9938f7c
16:02:30     STOCK_FILE pri podjetju 3: se ni na vrsti po razporedu; preskoceno.
16:02:31     Prebranih zapisov: 2763; SHA-256: 22d6c82248e2dfed476df7e40ca1309ecd4f6d3c004bc4c30771efd3a9938f7c
16:02:31     STOCK_FILE pri podjetju 4: se ni na vrsti po razporedu; preskoceno.
16:02:31     konec: Zaloga NW_STOCK
16:02:31  == Zaloga BT_STOCK ==
16:02:32     SOURCE_FETCH: se ni na vrsti po razporedu; preskoceno.
16:02:33     Prebranih zapisov: 1389; SHA-256: da9818c5c6dfd021970c3c526b502e911a5ec7eb32fa266f2eb907376ee50d3d
16:02:33     STOCK_FILE pri podjetju 1: se ni na vrsti po razporedu; preskoceno.
16:02:34     Prebranih zapisov: 1389; SHA-256: da9818c5c6dfd021970c3c526b502e911a5ec7eb32fa266f2eb907376ee50d3d
16:02:34     STOCK_FILE pri podjetju 2: se ni na vrsti po razporedu; preskoceno.
16:02:35     Prebranih zapisov: 1389; SHA-256: da9818c5c6dfd021970c3c526b502e911a5ec7eb32fa266f2eb907376ee50d3d
16:02:35     STOCK_FILE pri podjetju 3: se ni na vrsti po razporedu; preskoceno.
16:02:36     Prebranih zapisov: 1389; SHA-256: da9818c5c6dfd021970c3c526b502e911a5ec7eb32fa266f2eb907376ee50d3d
16:02:36     STOCK_FILE pri podjetju 4: se ni na vrsti po razporedu; preskoceno.
16:02:36     konec: Zaloga BT_STOCK
16:02:36  == Zaloga iz SAOP (kolicine) ==
16:02:37     [1] SAOP_STOCK: se ni na vrsti po razporedu; preskoceno.
16:02:37     [2] SAOP_STOCK: se ni na vrsti po razporedu; preskoceno.
16:02:37     [3] SAOP_STOCK: se ni na vrsti po razporedu; preskoceno.
16:02:37     [4] SAOP_STOCK: se ni na vrsti po razporedu; preskoceno.
16:02:37     konec: Zaloga iz SAOP (kolicine)
16:02:37  == Izvoz cen in zaloge za splet ==
16:02:39     Izvoz profila MAGENTO_STOCK_PRICES končan: 352 vrstic v C:\Users\david\Desktop\PIM\NoviPIM\izvoz\magento\1
16:02:42     Izvoz profila MAGENTO_STOCK_PRICES končan: 2071 vrstic v C:\Users\david\Desktop\PIM\NoviPIM\izvoz\magento\2
16:02:46     Izvoz profila MAGENTO_STOCK_PRICES končan: 2488 vrstic v C:\Users\david\Desktop\PIM\NoviPIM\izvoz\magento\3
16:02:47     Izvoz profila MAGENTO_STOCK_PRICES končan: 0 vrstic v C:\Users\david\Desktop\PIM\NoviPIM\izvoz\magento\4
16:02:47     konec: Izvoz cen in zaloge za splet
16:02:47  Zalogovni cikel koncan; padlih korakov: 0.
16:07:26  == Zaloga NW_STOCK ==
16:07:27     [NW_STOCK] preskoceno: Razmik dobavitelja se tece; naslednji prenos po 4. 09. 2026 17:52.
16:07:27     Prevzem koncan: uspesno 0, neuspesno 0, skupaj virov 1.
16:07:28     Prebranih zapisov: 2763; SHA-256: 22d6c82248e2dfed476df7e40ca1309ecd4f6d3c004bc4c30771efd3a9938f7c
16:07:28     Ta posnetek je ze v bazi; vir=NW_STOCK, podjetje=1, cas posnetka=2026-09-04 13:52:28Z, uporabljenih=2763, v karanteni=0, RunId=f75986ca-5672-48fa-af34-b1c26b9aa2bc. Zapisano ni bilo nic.
16:07:29     Prebranih zapisov: 2763; SHA-256: 22d6c82248e2dfed476df7e40ca1309ecd4f6d3c004bc4c30771efd3a9938f7c
16:07:29     Ta posnetek je ze v bazi; vir=NW_STOCK, podjetje=2, cas posnetka=2026-09-04 13:52:28Z, uporabljenih=2763, v karanteni=0, RunId=70bee31d-7e24-4dd5-a23d-14ffb54daf18. Zapisano ni bilo nic.
16:07:30     Prebranih zapisov: 2763; SHA-256: 22d6c82248e2dfed476df7e40ca1309ecd4f6d3c004bc4c30771efd3a9938f7c
16:07:30     Ta posnetek je ze v bazi; vir=NW_STOCK, podjetje=3, cas posnetka=2026-09-04 13:52:28Z, uporabljenih=2763, v karanteni=0, RunId=c0663b6a-8779-4482-b5ba-0dd620e567f8. Zapisano ni bilo nic.
16:07:31     Prebranih zapisov: 2763; SHA-256: 22d6c82248e2dfed476df7e40ca1309ecd4f6d3c004bc4c30771efd3a9938f7c
16:07:31     Ta posnetek je ze v bazi; vir=NW_STOCK, podjetje=4, cas posnetka=2026-09-04 13:52:28Z, uporabljenih=2763, v karanteni=0, RunId=10eb86f6-e12d-4d5c-a881-006977fcb522. Zapisano ni bilo nic.
16:07:31     konec: Zaloga NW_STOCK
16:07:31  == Zaloga BT_STOCK ==
16:07:32     SOURCE_FETCH: se ni na vrsti po razporedu; preskoceno.
16:07:33     Prebranih zapisov: 1389; SHA-256: da9818c5c6dfd021970c3c526b502e911a5ec7eb32fa266f2eb907376ee50d3d
16:07:33     STOCK_FILE pri podjetju 1: se ni na vrsti po razporedu; preskoceno.
16:07:34     Prebranih zapisov: 1389; SHA-256: da9818c5c6dfd021970c3c526b502e911a5ec7eb32fa266f2eb907376ee50d3d
16:07:34     STOCK_FILE pri podjetju 2: se ni na vrsti po razporedu; preskoceno.
16:07:35     Prebranih zapisov: 1389; SHA-256: da9818c5c6dfd021970c3c526b502e911a5ec7eb32fa266f2eb907376ee50d3d
16:07:35     STOCK_FILE pri podjetju 3: se ni na vrsti po razporedu; preskoceno.
16:07:36     Prebranih zapisov: 1389; SHA-256: da9818c5c6dfd021970c3c526b502e911a5ec7eb32fa266f2eb907376ee50d3d
16:07:36     STOCK_FILE pri podjetju 4: se ni na vrsti po razporedu; preskoceno.
16:07:36     konec: Zaloga BT_STOCK
16:07:36  == Zaloga iz SAOP (kolicine) ==
16:07:37     [1] SAOP_STOCK: se ni na vrsti po razporedu; preskoceno.
16:07:37     [2] SAOP_STOCK: se ni na vrsti po razporedu; preskoceno.
16:07:37     [3] SAOP_STOCK: se ni na vrsti po razporedu; preskoceno.
16:07:37     [4] SAOP_STOCK: se ni na vrsti po razporedu; preskoceno.
16:07:37     konec: Zaloga iz SAOP (kolicine)
16:07:37  == Izvoz cen in zaloge za splet ==
16:07:39     Izvoz profila MAGENTO_STOCK_PRICES končan: 352 vrstic v C:\Users\david\Desktop\PIM\NoviPIM\izvoz\magento\1
16:07:43     Izvoz profila MAGENTO_STOCK_PRICES končan: 2071 vrstic v C:\Users\david\Desktop\PIM\NoviPIM\izvoz\magento\2
16:07:46     Izvoz profila MAGENTO_STOCK_PRICES končan: 2488 vrstic v C:\Users\david\Desktop\PIM\NoviPIM\izvoz\magento\3
16:07:47     Izvoz profila MAGENTO_STOCK_PRICES končan: 0 vrstic v C:\Users\david\Desktop\PIM\NoviPIM\izvoz\magento\4
16:07:47     konec: Izvoz cen in zaloge za splet
16:07:47  Zalogovni cikel koncan; padlih korakov: 0.
16:12:26  == Zaloga NW_STOCK ==
16:12:27     SOURCE_FETCH: se ni na vrsti po razporedu; preskoceno.
16:12:28     Prebranih zapisov: 2763; SHA-256: 22d6c82248e2dfed476df7e40ca1309ecd4f6d3c004bc4c30771efd3a9938f7c
16:12:28     STOCK_FILE pri podjetju 1: se ni na vrsti po razporedu; preskoceno.
16:12:29     Prebranih zapisov: 2763; SHA-256: 22d6c82248e2dfed476df7e40ca1309ecd4f6d3c004bc4c30771efd3a9938f7c
16:12:29     STOCK_FILE pri podjetju 2: se ni na vrsti po razporedu; preskoceno.
16:12:30     Prebranih zapisov: 2763; SHA-256: 22d6c82248e2dfed476df7e40ca1309ecd4f6d3c004bc4c30771efd3a9938f7c
16:12:30     STOCK_FILE pri podjetju 3: se ni na vrsti po razporedu; preskoceno.
16:12:31     Prebranih zapisov: 2763; SHA-256: 22d6c82248e2dfed476df7e40ca1309ecd4f6d3c004bc4c30771efd3a9938f7c
16:12:31     STOCK_FILE pri podjetju 4: se ni na vrsti po razporedu; preskoceno.
16:12:31     konec: Zaloga NW_STOCK
16:12:31  == Zaloga BT_STOCK ==
16:12:32     [BT_STOCK] preskoceno: Razmik dobavitelja se tece; naslednji prenos po 4. 09. 2026 18:42.
16:12:32     Prevzem koncan: uspesno 0, neuspesno 0, skupaj virov 1.
16:12:33     Prebranih zapisov: 1389; SHA-256: da9818c5c6dfd021970c3c526b502e911a5ec7eb32fa266f2eb907376ee50d3d
16:12:33     Ta posnetek je ze v bazi; vir=BT_STOCK, podjetje=1, cas posnetka=2026-09-04 13:42:34Z, uporabljenih=1389, v karanteni=0, RunId=29328099-eebb-4ae4-8cdf-5612f2bdfbef. Zapisano ni bilo nic.
16:12:34     Prebranih zapisov: 1389; SHA-256: da9818c5c6dfd021970c3c526b502e911a5ec7eb32fa266f2eb907376ee50d3d
16:12:34     Ta posnetek je ze v bazi; vir=BT_STOCK, podjetje=2, cas posnetka=2026-09-04 13:42:34Z, uporabljenih=1389, v karanteni=0, RunId=14edf1e4-d31c-4fab-8148-5de6ad057ba7. Zapisano ni bilo nic.
16:12:35     Prebranih zapisov: 1389; SHA-256: da9818c5c6dfd021970c3c526b502e911a5ec7eb32fa266f2eb907376ee50d3d
16:12:35     Ta posnetek je ze v bazi; vir=BT_STOCK, podjetje=3, cas posnetka=2026-09-04 13:42:34Z, uporabljenih=1389, v karanteni=0, RunId=f6de9c9b-ac5e-4f15-83f7-b4996db78622. Zapisano ni bilo nic.
16:12:36     Prebranih zapisov: 1389; SHA-256: da9818c5c6dfd021970c3c526b502e911a5ec7eb32fa266f2eb907376ee50d3d
16:12:36     Ta posnetek je ze v bazi; vir=BT_STOCK, podjetje=4, cas posnetka=2026-09-04 13:42:34Z, uporabljenih=1389, v karanteni=0, RunId=f04274fb-6ddd-4185-ade9-af1b8313d14d. Zapisano ni bilo nic.
16:12:36     konec: Zaloga BT_STOCK
16:12:36  == Zaloga iz SAOP (kolicine) ==
16:12:37     [1] SAOP_STOCK: se ni na vrsti po razporedu; preskoceno.
16:12:37     [2] SAOP_STOCK: se ni na vrsti po razporedu; preskoceno.
16:12:37     [3] SAOP_STOCK: se ni na vrsti po razporedu; preskoceno.
16:12:37     [4] SAOP_STOCK: se ni na vrsti po razporedu; preskoceno.
16:12:37     konec: Zaloga iz SAOP (kolicine)
16:12:37  == Izvoz cen in zaloge za splet ==
16:12:39     Izvoz profila MAGENTO_STOCK_PRICES končan: 352 vrstic v C:\Users\david\Desktop\PIM\NoviPIM\izvoz\magento\1
16:12:43     Izvoz profila MAGENTO_STOCK_PRICES končan: 2071 vrstic v C:\Users\david\Desktop\PIM\NoviPIM\izvoz\magento\2
16:12:46     Izvoz profila MAGENTO_STOCK_PRICES končan: 2488 vrstic v C:\Users\david\Desktop\PIM\NoviPIM\izvoz\magento\3
16:12:48     Izvoz profila MAGENTO_STOCK_PRICES končan: 0 vrstic v C:\Users\david\Desktop\PIM\NoviPIM\izvoz\magento\4
16:12:48     konec: Izvoz cen in zaloge za splet
16:12:48  Zalogovni cikel koncan; padlih korakov: 0.
16:17:26  == Zaloga NW_STOCK ==
16:17:27     SOURCE_FETCH: se ni na vrsti po razporedu; preskoceno.
16:17:28     Prebranih zapisov: 2763; SHA-256: 22d6c82248e2dfed476df7e40ca1309ecd4f6d3c004bc4c30771efd3a9938f7c
16:17:28     STOCK_FILE pri podjetju 1: se ni na vrsti po razporedu; preskoceno.
16:17:29     Prebranih zapisov: 2763; SHA-256: 22d6c82248e2dfed476df7e40ca1309ecd4f6d3c004bc4c30771efd3a9938f7c
16:17:29     STOCK_FILE pri podjetju 2: se ni na vrsti po razporedu; preskoceno.
16:17:30     Prebranih zapisov: 2763; SHA-256: 22d6c82248e2dfed476df7e40ca1309ecd4f6d3c004bc4c30771efd3a9938f7c
16:17:30     STOCK_FILE pri podjetju 3: se ni na vrsti po razporedu; preskoceno.
16:17:31     Prebranih zapisov: 2763; SHA-256: 22d6c82248e2dfed476df7e40ca1309ecd4f6d3c004bc4c30771efd3a9938f7c
16:17:31     STOCK_FILE pri podjetju 4: se ni na vrsti po razporedu; preskoceno.
16:17:31     konec: Zaloga NW_STOCK
16:17:31  == Zaloga BT_STOCK ==
16:17:32     [BT_STOCK] preskoceno: Razmik dobavitelja se tece; naslednji prenos po 4. 09. 2026 18:42.
16:17:32     Prevzem koncan: uspesno 0, neuspesno 0, skupaj virov 1.
16:17:33     Prebranih zapisov: 1389; SHA-256: da9818c5c6dfd021970c3c526b502e911a5ec7eb32fa266f2eb907376ee50d3d
16:17:33     Ta posnetek je ze v bazi; vir=BT_STOCK, podjetje=1, cas posnetka=2026-09-04 13:42:34Z, uporabljenih=1389, v karanteni=0, RunId=29328099-eebb-4ae4-8cdf-5612f2bdfbef. Zapisano ni bilo nic.
16:17:34     Prebranih zapisov: 1389; SHA-256: da9818c5c6dfd021970c3c526b502e911a5ec7eb32fa266f2eb907376ee50d3d
16:17:34     Ta posnetek je ze v bazi; vir=BT_STOCK, podjetje=2, cas posnetka=2026-09-04 13:42:34Z, uporabljenih=1389, v karanteni=0, RunId=14edf1e4-d31c-4fab-8148-5de6ad057ba7. Zapisano ni bilo nic.
16:17:35     Prebranih zapisov: 1389; SHA-256: da9818c5c6dfd021970c3c526b502e911a5ec7eb32fa266f2eb907376ee50d3d
16:17:35     Ta posnetek je ze v bazi; vir=BT_STOCK, podjetje=3, cas posnetka=2026-09-04 13:42:34Z, uporabljenih=1389, v karanteni=0, RunId=f6de9c9b-ac5e-4f15-83f7-b4996db78622. Zapisano ni bilo nic.
16:17:36     Prebranih zapisov: 1389; SHA-256: da9818c5c6dfd021970c3c526b502e911a5ec7eb32fa266f2eb907376ee50d3d
16:17:36     Ta posnetek je ze v bazi; vir=BT_STOCK, podjetje=4, cas posnetka=2026-09-04 13:42:34Z, uporabljenih=1389, v karanteni=0, RunId=f04274fb-6ddd-4185-ade9-af1b8313d14d. Zapisano ni bilo nic.
16:17:37     konec: Zaloga BT_STOCK
16:17:37  == Zaloga iz SAOP (kolicine) ==
16:17:37     [1] SAOP_STOCK: se ni na vrsti po razporedu; preskoceno.
16:17:37     [2] SAOP_STOCK: se ni na vrsti po razporedu; preskoceno.
16:17:37     [3] SAOP_STOCK: se ni na vrsti po razporedu; preskoceno.
16:17:37     [4] SAOP_STOCK: se ni na vrsti po razporedu; preskoceno.
16:17:38     konec: Zaloga iz SAOP (kolicine)
16:17:38  == Izvoz cen in zaloge za splet ==
16:17:39     Izvoz profila MAGENTO_STOCK_PRICES končan: 352 vrstic v C:\Users\david\Desktop\PIM\NoviPIM\izvoz\magento\1
16:17:43     Izvoz profila MAGENTO_STOCK_PRICES končan: 2071 vrstic v C:\Users\david\Desktop\PIM\NoviPIM\izvoz\magento\2
16:17:46     Izvoz profila MAGENTO_STOCK_PRICES končan: 2488 vrstic v C:\Users\david\Desktop\PIM\NoviPIM\izvoz\magento\3
16:17:48     Izvoz profila MAGENTO_STOCK_PRICES končan: 0 vrstic v C:\Users\david\Desktop\PIM\NoviPIM\izvoz\magento\4
16:17:48     konec: Izvoz cen in zaloge za splet
16:17:48  Zalogovni cikel koncan; padlih korakov: 0.
16:22:26  == Zaloga NW_STOCK ==
16:22:27     SOURCE_FETCH: se ni na vrsti po razporedu; preskoceno.
16:22:28     Prebranih zapisov: 2763; SHA-256: 22d6c82248e2dfed476df7e40ca1309ecd4f6d3c004bc4c30771efd3a9938f7c
16:22:28     STOCK_FILE pri podjetju 1: se ni na vrsti po razporedu; preskoceno.
16:22:29     Prebranih zapisov: 2763; SHA-256: 22d6c82248e2dfed476df7e40ca1309ecd4f6d3c004bc4c30771efd3a9938f7c
16:22:29     STOCK_FILE pri podjetju 2: se ni na vrsti po razporedu; preskoceno.
16:22:30     Prebranih zapisov: 2763; SHA-256: 22d6c82248e2dfed476df7e40ca1309ecd4f6d3c004bc4c30771efd3a9938f7c
16:22:30     STOCK_FILE pri podjetju 3: se ni na vrsti po razporedu; preskoceno.
16:22:31     Prebranih zapisov: 2763; SHA-256: 22d6c82248e2dfed476df7e40ca1309ecd4f6d3c004bc4c30771efd3a9938f7c
16:22:31     STOCK_FILE pri podjetju 4: se ni na vrsti po razporedu; preskoceno.
16:22:31     konec: Zaloga NW_STOCK
16:22:31  == Zaloga BT_STOCK ==
16:22:32     SOURCE_FETCH: se ni na vrsti po razporedu; preskoceno.
16:22:33     Prebranih zapisov: 1389; SHA-256: da9818c5c6dfd021970c3c526b502e911a5ec7eb32fa266f2eb907376ee50d3d
16:22:33     STOCK_FILE pri podjetju 1: se ni na vrsti po razporedu; preskoceno.
16:22:34     Prebranih zapisov: 1389; SHA-256: da9818c5c6dfd021970c3c526b502e911a5ec7eb32fa266f2eb907376ee50d3d
16:22:34     STOCK_FILE pri podjetju 2: se ni na vrsti po razporedu; preskoceno.
16:22:35     Prebranih zapisov: 1389; SHA-256: da9818c5c6dfd021970c3c526b502e911a5ec7eb32fa266f2eb907376ee50d3d
16:22:35     STOCK_FILE pri podjetju 3: se ni na vrsti po razporedu; preskoceno.
16:22:36     Prebranih zapisov: 1389; SHA-256: da9818c5c6dfd021970c3c526b502e911a5ec7eb32fa266f2eb907376ee50d3d
16:22:36     STOCK_FILE pri podjetju 4: se ni na vrsti po razporedu; preskoceno.
16:22:36     konec: Zaloga BT_STOCK
16:22:36  == Zaloga iz SAOP (kolicine) ==
16:22:37     [1] SAOP_STOCK: se ni na vrsti po razporedu; preskoceno.
16:22:37     [2] SAOP_STOCK: se ni na vrsti po razporedu; preskoceno.
16:22:37     [3] SAOP_STOCK: se ni na vrsti po razporedu; preskoceno.
16:22:37     [4] SAOP_STOCK: se ni na vrsti po razporedu; preskoceno.
16:22:37     konec: Zaloga iz SAOP (kolicine)
16:22:37  == Izvoz cen in zaloge za splet ==
16:22:39     Izvoz profila MAGENTO_STOCK_PRICES končan: 352 vrstic v C:\Users\david\Desktop\PIM\NoviPIM\izvoz\magento\1
16:22:42     Izvoz profila MAGENTO_STOCK_PRICES končan: 2071 vrstic v C:\Users\david\Desktop\PIM\NoviPIM\izvoz\magento\2
16:22:46     Izvoz profila MAGENTO_STOCK_PRICES končan: 2488 vrstic v C:\Users\david\Desktop\PIM\NoviPIM\izvoz\magento\3
16:22:47     Izvoz profila MAGENTO_STOCK_PRICES končan: 0 vrstic v C:\Users\david\Desktop\PIM\NoviPIM\izvoz\magento\4
16:22:47     konec: Izvoz cen in zaloge za splet
16:22:47  Zalogovni cikel koncan; padlih korakov: 0.
16:27:26  == Zaloga NW_STOCK ==
16:27:27     [NW_STOCK] preskoceno: Razmik dobavitelja se tece; naslednji prenos po 4. 09. 2026 17:52.
16:27:27     Prevzem koncan: uspesno 0, neuspesno 0, skupaj virov 1.
16:27:28     Prebranih zapisov: 2763; SHA-256: 22d6c82248e2dfed476df7e40ca1309ecd4f6d3c004bc4c30771efd3a9938f7c
16:27:28     Ta posnetek je ze v bazi; vir=NW_STOCK, podjetje=1, cas posnetka=2026-09-04 13:52:28Z, uporabljenih=2763, v karanteni=0, RunId=f75986ca-5672-48fa-af34-b1c26b9aa2bc. Zapisano ni bilo nic.
16:27:29     Prebranih zapisov: 2763; SHA-256: 22d6c82248e2dfed476df7e40ca1309ecd4f6d3c004bc4c30771efd3a9938f7c
16:27:29     Ta posnetek je ze v bazi; vir=NW_STOCK, podjetje=2, cas posnetka=2026-09-04 13:52:28Z, uporabljenih=2763, v karanteni=0, RunId=70bee31d-7e24-4dd5-a23d-14ffb54daf18. Zapisano ni bilo nic.
16:27:30     Prebranih zapisov: 2763; SHA-256: 22d6c82248e2dfed476df7e40ca1309ecd4f6d3c004bc4c30771efd3a9938f7c
16:27:30     Ta posnetek je ze v bazi; vir=NW_STOCK, podjetje=3, cas posnetka=2026-09-04 13:52:28Z, uporabljenih=2763, v karanteni=0, RunId=c0663b6a-8779-4482-b5ba-0dd620e567f8. Zapisano ni bilo nic.
16:27:31     Prebranih zapisov: 2763; SHA-256: 22d6c82248e2dfed476df7e40ca1309ecd4f6d3c004bc4c30771efd3a9938f7c
16:27:31     Ta posnetek je ze v bazi; vir=NW_STOCK, podjetje=4, cas posnetka=2026-09-04 13:52:28Z, uporabljenih=2763, v karanteni=0, RunId=10eb86f6-e12d-4d5c-a881-006977fcb522. Zapisano ni bilo nic.
16:27:31     konec: Zaloga NW_STOCK
16:27:31  == Zaloga BT_STOCK ==
16:27:32     SOURCE_FETCH: se ni na vrsti po razporedu; preskoceno.
16:27:33     Prebranih zapisov: 1389; SHA-256: da9818c5c6dfd021970c3c526b502e911a5ec7eb32fa266f2eb907376ee50d3d
16:27:33     STOCK_FILE pri podjetju 1: se ni na vrsti po razporedu; preskoceno.
16:27:34     Prebranih zapisov: 1389; SHA-256: da9818c5c6dfd021970c3c526b502e911a5ec7eb32fa266f2eb907376ee50d3d
16:27:34     STOCK_FILE pri podjetju 2: se ni na vrsti po razporedu; preskoceno.
16:27:35     Prebranih zapisov: 1389; SHA-256: da9818c5c6dfd021970c3c526b502e911a5ec7eb32fa266f2eb907376ee50d3d
16:27:35     STOCK_FILE pri podjetju 3: se ni na vrsti po razporedu; preskoceno.
16:27:36     Prebranih zapisov: 1389; SHA-256: da9818c5c6dfd021970c3c526b502e911a5ec7eb32fa266f2eb907376ee50d3d
16:27:36     STOCK_FILE pri podjetju 4: se ni na vrsti po razporedu; preskoceno.
16:27:36     konec: Zaloga BT_STOCK
16:27:36  == Zaloga iz SAOP (kolicine) ==
16:27:37     [1] SAOP_STOCK: se ni na vrsti po razporedu; preskoceno.
16:27:37     [2] SAOP_STOCK: se ni na vrsti po razporedu; preskoceno.
16:27:37     [3] SAOP_STOCK: se ni na vrsti po razporedu; preskoceno.
16:27:37     [4] SAOP_STOCK: se ni na vrsti po razporedu; preskoceno.
16:27:37     konec: Zaloga iz SAOP (kolicine)
16:27:37  == Izvoz cen in zaloge za splet ==
16:27:39     Izvoz profila MAGENTO_STOCK_PRICES končan: 352 vrstic v C:\Users\david\Desktop\PIM\NoviPIM\izvoz\magento\1
16:27:42     Izvoz profila MAGENTO_STOCK_PRICES končan: 2071 vrstic v C:\Users\david\Desktop\PIM\NoviPIM\izvoz\magento\2
16:27:46     Izvoz profila MAGENTO_STOCK_PRICES končan: 2488 vrstic v C:\Users\david\Desktop\PIM\NoviPIM\izvoz\magento\3
16:27:47     Izvoz profila MAGENTO_STOCK_PRICES končan: 0 vrstic v C:\Users\david\Desktop\PIM\NoviPIM\izvoz\magento\4
16:27:47     konec: Izvoz cen in zaloge za splet
16:27:47  Zalogovni cikel koncan; padlih korakov: 0.
16:32:26  == Zaloga NW_STOCK ==
16:32:27     [NW_STOCK] preskoceno: Razmik dobavitelja se tece; naslednji prenos po 4. 09. 2026 17:52.
16:32:27     Prevzem koncan: uspesno 0, neuspesno 0, skupaj virov 1.
16:32:28     Prebranih zapisov: 2763; SHA-256: 22d6c82248e2dfed476df7e40ca1309ecd4f6d3c004bc4c30771efd3a9938f7c
16:32:28     Ta posnetek je ze v bazi; vir=NW_STOCK, podjetje=1, cas posnetka=2026-09-04 13:52:28Z, uporabljenih=2763, v karanteni=0, RunId=f75986ca-5672-48fa-af34-b1c26b9aa2bc. Zapisano ni bilo nic.
16:32:29     Prebranih zapisov: 2763; SHA-256: 22d6c82248e2dfed476df7e40ca1309ecd4f6d3c004bc4c30771efd3a9938f7c
16:32:29     Ta posnetek je ze v bazi; vir=NW_STOCK, podjetje=2, cas posnetka=2026-09-04 13:52:28Z, uporabljenih=2763, v karanteni=0, RunId=70bee31d-7e24-4dd5-a23d-14ffb54daf18. Zapisano ni bilo nic.
16:32:30     Prebranih zapisov: 2763; SHA-256: 22d6c82248e2dfed476df7e40ca1309ecd4f6d3c004bc4c30771efd3a9938f7c
16:32:30     Ta posnetek je ze v bazi; vir=NW_STOCK, podjetje=3, cas posnetka=2026-09-04 13:52:28Z, uporabljenih=2763, v karanteni=0, RunId=c0663b6a-8779-4482-b5ba-0dd620e567f8. Zapisano ni bilo nic.
16:32:31     Prebranih zapisov: 2763; SHA-256: 22d6c82248e2dfed476df7e40ca1309ecd4f6d3c004bc4c30771efd3a9938f7c
16:32:32     Ta posnetek je ze v bazi; vir=NW_STOCK, podjetje=4, cas posnetka=2026-09-04 13:52:28Z, uporabljenih=2763, v karanteni=0, RunId=10eb86f6-e12d-4d5c-a881-006977fcb522. Zapisano ni bilo nic.
16:32:32     konec: Zaloga NW_STOCK
16:32:32  == Zaloga BT_STOCK ==
16:32:33     SOURCE_FETCH: se ni na vrsti po razporedu; preskoceno.
16:32:33     Prebranih zapisov: 1389; SHA-256: da9818c5c6dfd021970c3c526b502e911a5ec7eb32fa266f2eb907376ee50d3d
16:32:34     STOCK_FILE pri podjetju 1: se ni na vrsti po razporedu; preskoceno.
16:32:34     Prebranih zapisov: 1389; SHA-256: da9818c5c6dfd021970c3c526b502e911a5ec7eb32fa266f2eb907376ee50d3d
16:32:35     STOCK_FILE pri podjetju 2: se ni na vrsti po razporedu; preskoceno.
16:32:35     Prebranih zapisov: 1389; SHA-256: da9818c5c6dfd021970c3c526b502e911a5ec7eb32fa266f2eb907376ee50d3d
16:32:36     STOCK_FILE pri podjetju 3: se ni na vrsti po razporedu; preskoceno.
16:32:36     Prebranih zapisov: 1389; SHA-256: da9818c5c6dfd021970c3c526b502e911a5ec7eb32fa266f2eb907376ee50d3d
16:32:36     STOCK_FILE pri podjetju 4: se ni na vrsti po razporedu; preskoceno.
16:32:37     konec: Zaloga BT_STOCK
16:32:37  == Zaloga iz SAOP (kolicine) ==
16:32:59     STDERR: [1] NAPAKA: A connection attempt failed because the connected party did not properly respond after a period of time, or established connection failed because connected host has failed to respond. (192.168.178.12:81)
16:33:20     STDERR: [2] NAPAKA: A connection attempt failed because the connected party did not properly respond after a period of time, or established connection failed because connected host has failed to respond. (192.168.178.12:81)
16:33:41     STDERR: [3] NAPAKA: A connection attempt failed because the connected party did not properly respond after a period of time, or established connection failed because connected host has failed to respond. (192.168.178.12:81)
16:34:02     STDERR: [4] NAPAKA: A connection attempt failed because the connected party did not properly respond after a period of time, or established connection failed because connected host has failed to respond. (192.168.178.12:81)
16:34:02     NAPAKA: worker workers\PIM.SaopStockWorker je koncal z izhodno kodo 1
16:34:02  == Izvoz cen in zaloge za splet ==
16:34:03     Izvoz profila MAGENTO_STOCK_PRICES končan: 352 vrstic v C:\Users\david\Desktop\PIM\NoviPIM\izvoz\magento\1
16:34:07     Izvoz profila MAGENTO_STOCK_PRICES končan: 2071 vrstic v C:\Users\david\Desktop\PIM\NoviPIM\izvoz\magento\2
16:34:11     Izvoz profila MAGENTO_STOCK_PRICES končan: 2488 vrstic v C:\Users\david\Desktop\PIM\NoviPIM\izvoz\magento\3
16:34:12     Izvoz profila MAGENTO_STOCK_PRICES končan: 0 vrstic v C:\Users\david\Desktop\PIM\NoviPIM\izvoz\magento\4
16:34:12     konec: Izvoz cen in zaloge za splet
16:34:12  Zalogovni cikel koncan; padlih korakov: 1.
16:37:26  == Zaloga NW_STOCK ==
16:37:27     SOURCE_FETCH: se ni na vrsti po razporedu; preskoceno.
16:37:28     Prebranih zapisov: 2763; SHA-256: 22d6c82248e2dfed476df7e40ca1309ecd4f6d3c004bc4c30771efd3a9938f7c
16:37:28     STOCK_FILE pri podjetju 1: se ni na vrsti po razporedu; preskoceno.
16:37:29     Prebranih zapisov: 2763; SHA-256: 22d6c82248e2dfed476df7e40ca1309ecd4f6d3c004bc4c30771efd3a9938f7c
16:37:29     STOCK_FILE pri podjetju 2: se ni na vrsti po razporedu; preskoceno.
16:37:30     Prebranih zapisov: 2763; SHA-256: 22d6c82248e2dfed476df7e40ca1309ecd4f6d3c004bc4c30771efd3a9938f7c
16:37:30     STOCK_FILE pri podjetju 3: se ni na vrsti po razporedu; preskoceno.
16:37:31     Prebranih zapisov: 2763; SHA-256: 22d6c82248e2dfed476df7e40ca1309ecd4f6d3c004bc4c30771efd3a9938f7c
16:37:31     STOCK_FILE pri podjetju 4: se ni na vrsti po razporedu; preskoceno.
16:37:31     konec: Zaloga NW_STOCK
16:37:31  == Zaloga BT_STOCK ==
16:37:32     [BT_STOCK] preskoceno: Razmik dobavitelja se tece; naslednji prenos po 4. 09. 2026 18:42.
16:37:32     Prevzem koncan: uspesno 0, neuspesno 0, skupaj virov 1.
16:37:33     Prebranih zapisov: 1389; SHA-256: da9818c5c6dfd021970c3c526b502e911a5ec7eb32fa266f2eb907376ee50d3d
16:37:33     Ta posnetek je ze v bazi; vir=BT_STOCK, podjetje=1, cas posnetka=2026-09-04 13:42:34Z, uporabljenih=1389, v karanteni=0, RunId=29328099-eebb-4ae4-8cdf-5612f2bdfbef. Zapisano ni bilo nic.
16:37:34     Prebranih zapisov: 1389; SHA-256: da9818c5c6dfd021970c3c526b502e911a5ec7eb32fa266f2eb907376ee50d3d
16:37:34     Ta posnetek je ze v bazi; vir=BT_STOCK, podjetje=2, cas posnetka=2026-09-04 13:42:34Z, uporabljenih=1389, v karanteni=0, RunId=14edf1e4-d31c-4fab-8148-5de6ad057ba7. Zapisano ni bilo nic.
16:37:35     Prebranih zapisov: 1389; SHA-256: da9818c5c6dfd021970c3c526b502e911a5ec7eb32fa266f2eb907376ee50d3d
16:37:35     Ta posnetek je ze v bazi; vir=BT_STOCK, podjetje=3, cas posnetka=2026-09-04 13:42:34Z, uporabljenih=1389, v karanteni=0, RunId=f6de9c9b-ac5e-4f15-83f7-b4996db78622. Zapisano ni bilo nic.
16:37:36     Prebranih zapisov: 1389; SHA-256: da9818c5c6dfd021970c3c526b502e911a5ec7eb32fa266f2eb907376ee50d3d
16:37:36     Ta posnetek je ze v bazi; vir=BT_STOCK, podjetje=4, cas posnetka=2026-09-04 13:42:34Z, uporabljenih=1389, v karanteni=0, RunId=f04274fb-6ddd-4185-ade9-af1b8313d14d. Zapisano ni bilo nic.
16:37:36     konec: Zaloga BT_STOCK
16:37:36  == Zaloga iz SAOP (kolicine) ==
16:37:37     [1] SAOP_STOCK: se ni na vrsti po razporedu; preskoceno.
16:37:37     [2] SAOP_STOCK: se ni na vrsti po razporedu; preskoceno.
16:37:37     [3] SAOP_STOCK: se ni na vrsti po razporedu; preskoceno.
16:37:37     [4] SAOP_STOCK: se ni na vrsti po razporedu; preskoceno.
16:37:37     konec: Zaloga iz SAOP (kolicine)
16:37:37  == Izvoz cen in zaloge za splet ==
16:37:39     Izvoz profila MAGENTO_STOCK_PRICES končan: 352 vrstic v C:\Users\david\Desktop\PIM\NoviPIM\izvoz\magento\1
16:37:43     Izvoz profila MAGENTO_STOCK_PRICES končan: 2071 vrstic v C:\Users\david\Desktop\PIM\NoviPIM\izvoz\magento\2
16:37:46     Izvoz profila MAGENTO_STOCK_PRICES končan: 2488 vrstic v C:\Users\david\Desktop\PIM\NoviPIM\izvoz\magento\3
16:37:47     Izvoz profila MAGENTO_STOCK_PRICES končan: 0 vrstic v C:\Users\david\Desktop\PIM\NoviPIM\izvoz\magento\4
16:37:47     konec: Izvoz cen in zaloge za splet
16:37:47  Zalogovni cikel koncan; padlih korakov: 0.
16:42:26  == Zaloga NW_STOCK ==
16:42:27     SOURCE_FETCH: se ni na vrsti po razporedu; preskoceno.
16:42:28     Prebranih zapisov: 2763; SHA-256: 22d6c82248e2dfed476df7e40ca1309ecd4f6d3c004bc4c30771efd3a9938f7c
16:42:28     STOCK_FILE pri podjetju 1: se ni na vrsti po razporedu; preskoceno.
16:42:29     Prebranih zapisov: 2763; SHA-256: 22d6c82248e2dfed476df7e40ca1309ecd4f6d3c004bc4c30771efd3a9938f7c
16:42:29     STOCK_FILE pri podjetju 2: se ni na vrsti po razporedu; preskoceno.
16:42:30     Prebranih zapisov: 2763; SHA-256: 22d6c82248e2dfed476df7e40ca1309ecd4f6d3c004bc4c30771efd3a9938f7c
16:42:30     STOCK_FILE pri podjetju 3: se ni na vrsti po razporedu; preskoceno.
16:42:31     Prebranih zapisov: 2763; SHA-256: 22d6c82248e2dfed476df7e40ca1309ecd4f6d3c004bc4c30771efd3a9938f7c
16:42:31     STOCK_FILE pri podjetju 4: se ni na vrsti po razporedu; preskoceno.
16:42:31     konec: Zaloga NW_STOCK
16:42:31  == Zaloga BT_STOCK ==
16:42:32     SOURCE_FETCH: se ni na vrsti po razporedu; preskoceno.
16:42:33     Prebranih zapisov: 1389; SHA-256: da9818c5c6dfd021970c3c526b502e911a5ec7eb32fa266f2eb907376ee50d3d
16:42:33     STOCK_FILE pri podjetju 1: se ni na vrsti po razporedu; preskoceno.
16:42:34     Prebranih zapisov: 1389; SHA-256: da9818c5c6dfd021970c3c526b502e911a5ec7eb32fa266f2eb907376ee50d3d
16:42:34     STOCK_FILE pri podjetju 2: se ni na vrsti po razporedu; preskoceno.
16:42:35     Prebranih zapisov: 1389; SHA-256: da9818c5c6dfd021970c3c526b502e911a5ec7eb32fa266f2eb907376ee50d3d
16:42:35     STOCK_FILE pri podjetju 3: se ni na vrsti po razporedu; preskoceno.
16:42:36     Prebranih zapisov: 1389; SHA-256: da9818c5c6dfd021970c3c526b502e911a5ec7eb32fa266f2eb907376ee50d3d
16:42:36     STOCK_FILE pri podjetju 4: se ni na vrsti po razporedu; preskoceno.
16:42:36     konec: Zaloga BT_STOCK
16:42:36  == Zaloga iz SAOP (kolicine) ==
16:42:37     [1] SAOP_STOCK: se ni na vrsti po razporedu; preskoceno.
16:42:37     [2] SAOP_STOCK: se ni na vrsti po razporedu; preskoceno.
16:42:37     [3] SAOP_STOCK: se ni na vrsti po razporedu; preskoceno.
16:42:37     [4] SAOP_STOCK: se ni na vrsti po razporedu; preskoceno.
16:42:37     konec: Zaloga iz SAOP (kolicine)
16:42:37  == Izvoz cen in zaloge za splet ==
16:42:38     Izvoz profila MAGENTO_STOCK_PRICES končan: 352 vrstic v C:\Users\david\Desktop\PIM\NoviPIM\izvoz\magento\1
16:42:42     Izvoz profila MAGENTO_STOCK_PRICES končan: 2071 vrstic v C:\Users\david\Desktop\PIM\NoviPIM\izvoz\magento\2
16:42:46     Izvoz profila MAGENTO_STOCK_PRICES končan: 2488 vrstic v C:\Users\david\Desktop\PIM\NoviPIM\izvoz\magento\3
16:42:47     Izvoz profila MAGENTO_STOCK_PRICES končan: 0 vrstic v C:\Users\david\Desktop\PIM\NoviPIM\izvoz\magento\4
16:42:47     konec: Izvoz cen in zaloge za splet
16:42:47  Zalogovni cikel koncan; padlih korakov: 0.
16:47:26  == Zaloga NW_STOCK ==
16:47:27     [NW_STOCK] preskoceno: Razmik dobavitelja se tece; naslednji prenos po 4. 09. 2026 17:52.
16:47:27     Prevzem koncan: uspesno 0, neuspesno 0, skupaj virov 1.
16:47:28     Prebranih zapisov: 2763; SHA-256: 22d6c82248e2dfed476df7e40ca1309ecd4f6d3c004bc4c30771efd3a9938f7c
16:47:28     Ta posnetek je ze v bazi; vir=NW_STOCK, podjetje=1, cas posnetka=2026-09-04 13:52:28Z, uporabljenih=2763, v karanteni=0, RunId=f75986ca-5672-48fa-af34-b1c26b9aa2bc. Zapisano ni bilo nic.
16:47:29     Prebranih zapisov: 2763; SHA-256: 22d6c82248e2dfed476df7e40ca1309ecd4f6d3c004bc4c30771efd3a9938f7c
16:47:29     Ta posnetek je ze v bazi; vir=NW_STOCK, podjetje=2, cas posnetka=2026-09-04 13:52:28Z, uporabljenih=2763, v karanteni=0, RunId=70bee31d-7e24-4dd5-a23d-14ffb54daf18. Zapisano ni bilo nic.
16:47:30     Prebranih zapisov: 2763; SHA-256: 22d6c82248e2dfed476df7e40ca1309ecd4f6d3c004bc4c30771efd3a9938f7c
16:47:30     Ta posnetek je ze v bazi; vir=NW_STOCK, podjetje=3, cas posnetka=2026-09-04 13:52:28Z, uporabljenih=2763, v karanteni=0, RunId=c0663b6a-8779-4482-b5ba-0dd620e567f8. Zapisano ni bilo nic.
16:47:31     Prebranih zapisov: 2763; SHA-256: 22d6c82248e2dfed476df7e40ca1309ecd4f6d3c004bc4c30771efd3a9938f7c
16:47:31     Ta posnetek je ze v bazi; vir=NW_STOCK, podjetje=4, cas posnetka=2026-09-04 13:52:28Z, uporabljenih=2763, v karanteni=0, RunId=10eb86f6-e12d-4d5c-a881-006977fcb522. Zapisano ni bilo nic.
16:47:31     konec: Zaloga NW_STOCK
16:47:31  == Zaloga BT_STOCK ==
16:47:32     SOURCE_FETCH: se ni na vrsti po razporedu; preskoceno.
16:47:33     Prebranih zapisov: 1389; SHA-256: da9818c5c6dfd021970c3c526b502e911a5ec7eb32fa266f2eb907376ee50d3d
16:47:33     STOCK_FILE pri podjetju 1: se ni na vrsti po razporedu; preskoceno.
16:47:34     Prebranih zapisov: 1389; SHA-256: da9818c5c6dfd021970c3c526b502e911a5ec7eb32fa266f2eb907376ee50d3d
16:47:34     STOCK_FILE pri podjetju 2: se ni na vrsti po razporedu; preskoceno.
16:47:35     Prebranih zapisov: 1389; SHA-256: da9818c5c6dfd021970c3c526b502e911a5ec7eb32fa266f2eb907376ee50d3d
16:47:35     STOCK_FILE pri podjetju 3: se ni na vrsti po razporedu; preskoceno.
16:47:36     Prebranih zapisov: 1389; SHA-256: da9818c5c6dfd021970c3c526b502e911a5ec7eb32fa266f2eb907376ee50d3d
16:47:36     STOCK_FILE pri podjetju 4: se ni na vrsti po razporedu; preskoceno.
16:47:36     konec: Zaloga BT_STOCK
16:47:36  == Zaloga iz SAOP (kolicine) ==
16:47:37     [1] SAOP_STOCK: se ni na vrsti po razporedu; preskoceno.
16:47:37     [2] SAOP_STOCK: se ni na vrsti po razporedu; preskoceno.
16:47:37     [3] SAOP_STOCK: se ni na vrsti po razporedu; preskoceno.
16:47:37     [4] SAOP_STOCK: se ni na vrsti po razporedu; preskoceno.
16:47:37     konec: Zaloga iz SAOP (kolicine)
16:47:37  == Izvoz cen in zaloge za splet ==
16:47:39     Izvoz profila MAGENTO_STOCK_PRICES končan: 352 vrstic v C:\Users\david\Desktop\PIM\NoviPIM\izvoz\magento\1
16:47:42     Izvoz profila MAGENTO_STOCK_PRICES končan: 2071 vrstic v C:\Users\david\Desktop\PIM\NoviPIM\izvoz\magento\2
16:47:46     Izvoz profila MAGENTO_STOCK_PRICES končan: 2488 vrstic v C:\Users\david\Desktop\PIM\NoviPIM\izvoz\magento\3
16:47:47     Izvoz profila MAGENTO_STOCK_PRICES končan: 0 vrstic v C:\Users\david\Desktop\PIM\NoviPIM\izvoz\magento\4
16:47:47     konec: Izvoz cen in zaloge za splet
16:47:47  Zalogovni cikel koncan; padlih korakov: 0.
16:52:26  == Zaloga NW_STOCK ==
16:52:27     [NW_STOCK] preskoceno: Razmik dobavitelja se tece; naslednji prenos po 4. 09. 2026 17:52.
16:52:27     Prevzem koncan: uspesno 0, neuspesno 0, skupaj virov 1.
16:52:28     Prebranih zapisov: 2763; SHA-256: 22d6c82248e2dfed476df7e40ca1309ecd4f6d3c004bc4c30771efd3a9938f7c
16:52:28     Ta posnetek je ze v bazi; vir=NW_STOCK, podjetje=1, cas posnetka=2026-09-04 13:52:28Z, uporabljenih=2763, v karanteni=0, RunId=f75986ca-5672-48fa-af34-b1c26b9aa2bc. Zapisano ni bilo nic.
16:52:29     Prebranih zapisov: 2763; SHA-256: 22d6c82248e2dfed476df7e40ca1309ecd4f6d3c004bc4c30771efd3a9938f7c
16:52:29     Ta posnetek je ze v bazi; vir=NW_STOCK, podjetje=2, cas posnetka=2026-09-04 13:52:28Z, uporabljenih=2763, v karanteni=0, RunId=70bee31d-7e24-4dd5-a23d-14ffb54daf18. Zapisano ni bilo nic.
16:52:30     Prebranih zapisov: 2763; SHA-256: 22d6c82248e2dfed476df7e40ca1309ecd4f6d3c004bc4c30771efd3a9938f7c
16:52:30     Ta posnetek je ze v bazi; vir=NW_STOCK, podjetje=3, cas posnetka=2026-09-04 13:52:28Z, uporabljenih=2763, v karanteni=0, RunId=c0663b6a-8779-4482-b5ba-0dd620e567f8. Zapisano ni bilo nic.
16:52:31     Prebranih zapisov: 2763; SHA-256: 22d6c82248e2dfed476df7e40ca1309ecd4f6d3c004bc4c30771efd3a9938f7c
16:52:31     Ta posnetek je ze v bazi; vir=NW_STOCK, podjetje=4, cas posnetka=2026-09-04 13:52:28Z, uporabljenih=2763, v karanteni=0, RunId=10eb86f6-e12d-4d5c-a881-006977fcb522. Zapisano ni bilo nic.
16:52:31     konec: Zaloga NW_STOCK
16:52:31  == Zaloga BT_STOCK ==
16:52:32     SOURCE_FETCH: se ni na vrsti po razporedu; preskoceno.
16:52:33     Prebranih zapisov: 1389; SHA-256: da9818c5c6dfd021970c3c526b502e911a5ec7eb32fa266f2eb907376ee50d3d
16:52:33     STOCK_FILE pri podjetju 1: se ni na vrsti po razporedu; preskoceno.
16:52:34     Prebranih zapisov: 1389; SHA-256: da9818c5c6dfd021970c3c526b502e911a5ec7eb32fa266f2eb907376ee50d3d
16:52:34     STOCK_FILE pri podjetju 2: se ni na vrsti po razporedu; preskoceno.
16:52:35     Prebranih zapisov: 1389; SHA-256: da9818c5c6dfd021970c3c526b502e911a5ec7eb32fa266f2eb907376ee50d3d
16:52:35     STOCK_FILE pri podjetju 3: se ni na vrsti po razporedu; preskoceno.
16:52:36     Prebranih zapisov: 1389; SHA-256: da9818c5c6dfd021970c3c526b502e911a5ec7eb32fa266f2eb907376ee50d3d
16:52:36     STOCK_FILE pri podjetju 4: se ni na vrsti po razporedu; preskoceno.
16:52:36     konec: Zaloga BT_STOCK
16:52:36  == Zaloga iz SAOP (kolicine) ==
16:52:37     [1] SAOP_STOCK: se ni na vrsti po razporedu; preskoceno.
16:52:37     [2] SAOP_STOCK: se ni na vrsti po razporedu; preskoceno.
16:52:37     [3] SAOP_STOCK: se ni na vrsti po razporedu; preskoceno.
16:52:37     [4] SAOP_STOCK: se ni na vrsti po razporedu; preskoceno.
16:52:37     konec: Zaloga iz SAOP (kolicine)
16:52:37  == Izvoz cen in zaloge za splet ==
16:52:39     Izvoz profila MAGENTO_STOCK_PRICES končan: 352 vrstic v C:\Users\david\Desktop\PIM\NoviPIM\izvoz\magento\1
16:52:42     Izvoz profila MAGENTO_STOCK_PRICES končan: 2071 vrstic v C:\Users\david\Desktop\PIM\NoviPIM\izvoz\magento\2
16:52:46     Izvoz profila MAGENTO_STOCK_PRICES končan: 2488 vrstic v C:\Users\david\Desktop\PIM\NoviPIM\izvoz\magento\3
16:52:47     Izvoz profila MAGENTO_STOCK_PRICES končan: 0 vrstic v C:\Users\david\Desktop\PIM\NoviPIM\izvoz\magento\4
16:52:47     konec: Izvoz cen in zaloge za splet
16:52:47  Zalogovni cikel koncan; padlih korakov: 0.
16:57:26  == Zaloga NW_STOCK ==
16:57:27     SOURCE_FETCH: se ni na vrsti po razporedu; preskoceno.
16:57:28     Prebranih zapisov: 2763; SHA-256: 22d6c82248e2dfed476df7e40ca1309ecd4f6d3c004bc4c30771efd3a9938f7c
16:57:28     STOCK_FILE pri podjetju 1: se ni na vrsti po razporedu; preskoceno.
16:57:29     Prebranih zapisov: 2763; SHA-256: 22d6c82248e2dfed476df7e40ca1309ecd4f6d3c004bc4c30771efd3a9938f7c
16:57:29     STOCK_FILE pri podjetju 2: se ni na vrsti po razporedu; preskoceno.
16:57:30     Prebranih zapisov: 2763; SHA-256: 22d6c82248e2dfed476df7e40ca1309ecd4f6d3c004bc4c30771efd3a9938f7c
16:57:30     STOCK_FILE pri podjetju 3: se ni na vrsti po razporedu; preskoceno.
16:57:31     Prebranih zapisov: 2763; SHA-256: 22d6c82248e2dfed476df7e40ca1309ecd4f6d3c004bc4c30771efd3a9938f7c
16:57:31     STOCK_FILE pri podjetju 4: se ni na vrsti po razporedu; preskoceno.
16:57:31     konec: Zaloga NW_STOCK
16:57:31  == Zaloga BT_STOCK ==
16:57:32     [BT_STOCK] preskoceno: Razmik dobavitelja se tece; naslednji prenos po 4. 09. 2026 18:42.
16:57:32     Prevzem koncan: uspesno 0, neuspesno 0, skupaj virov 1.
16:57:33     Prebranih zapisov: 1389; SHA-256: da9818c5c6dfd021970c3c526b502e911a5ec7eb32fa266f2eb907376ee50d3d
16:57:33     Ta posnetek je ze v bazi; vir=BT_STOCK, podjetje=1, cas posnetka=2026-09-04 13:42:34Z, uporabljenih=1389, v karanteni=0, RunId=29328099-eebb-4ae4-8cdf-5612f2bdfbef. Zapisano ni bilo nic.
16:57:34     Prebranih zapisov: 1389; SHA-256: da9818c5c6dfd021970c3c526b502e911a5ec7eb32fa266f2eb907376ee50d3d
16:57:34     Ta posnetek je ze v bazi; vir=BT_STOCK, podjetje=2, cas posnetka=2026-09-04 13:42:34Z, uporabljenih=1389, v karanteni=0, RunId=14edf1e4-d31c-4fab-8148-5de6ad057ba7. Zapisano ni bilo nic.
16:57:35     Prebranih zapisov: 1389; SHA-256: da9818c5c6dfd021970c3c526b502e911a5ec7eb32fa266f2eb907376ee50d3d
16:57:35     Ta posnetek je ze v bazi; vir=BT_STOCK, podjetje=3, cas posnetka=2026-09-04 13:42:34Z, uporabljenih=1389, v karanteni=0, RunId=f6de9c9b-ac5e-4f15-83f7-b4996db78622. Zapisano ni bilo nic.
16:57:36     Prebranih zapisov: 1389; SHA-256: da9818c5c6dfd021970c3c526b502e911a5ec7eb32fa266f2eb907376ee50d3d
16:57:36     Ta posnetek je ze v bazi; vir=BT_STOCK, podjetje=4, cas posnetka=2026-09-04 13:42:34Z, uporabljenih=1389, v karanteni=0, RunId=f04274fb-6ddd-4185-ade9-af1b8313d14d. Zapisano ni bilo nic.
16:57:36     konec: Zaloga BT_STOCK
16:57:36  == Zaloga iz SAOP (kolicine) ==
16:57:37     [1] SAOP_STOCK: se ni na vrsti po razporedu; preskoceno.
16:57:37     [2] SAOP_STOCK: se ni na vrsti po razporedu; preskoceno.
16:57:37     [3] SAOP_STOCK: se ni na vrsti po razporedu; preskoceno.
16:57:37     [4] SAOP_STOCK: se ni na vrsti po razporedu; preskoceno.
16:57:37     konec: Zaloga iz SAOP (kolicine)
16:57:37  == Izvoz cen in zaloge za splet ==
16:57:39     Izvoz profila MAGENTO_STOCK_PRICES končan: 352 vrstic v C:\Users\david\Desktop\PIM\NoviPIM\izvoz\magento\1
16:57:43     Izvoz profila MAGENTO_STOCK_PRICES končan: 2071 vrstic v C:\Users\david\Desktop\PIM\NoviPIM\izvoz\magento\2
16:57:46     Izvoz profila MAGENTO_STOCK_PRICES končan: 2488 vrstic v C:\Users\david\Desktop\PIM\NoviPIM\izvoz\magento\3
16:57:47     Izvoz profila MAGENTO_STOCK_PRICES končan: 0 vrstic v C:\Users\david\Desktop\PIM\NoviPIM\izvoz\magento\4
16:57:47     konec: Izvoz cen in zaloge za splet
16:57:47  Zalogovni cikel koncan; padlih korakov: 0.
17:02:26  == Zaloga NW_STOCK ==
17:02:27     SOURCE_FETCH: se ni na vrsti po razporedu; preskoceno.
17:02:28     Prebranih zapisov: 2763; SHA-256: 22d6c82248e2dfed476df7e40ca1309ecd4f6d3c004bc4c30771efd3a9938f7c
17:02:28     STOCK_FILE pri podjetju 1: se ni na vrsti po razporedu; preskoceno.
17:02:29     Prebranih zapisov: 2763; SHA-256: 22d6c82248e2dfed476df7e40ca1309ecd4f6d3c004bc4c30771efd3a9938f7c
17:02:29     STOCK_FILE pri podjetju 2: se ni na vrsti po razporedu; preskoceno.
17:02:30     Prebranih zapisov: 2763; SHA-256: 22d6c82248e2dfed476df7e40ca1309ecd4f6d3c004bc4c30771efd3a9938f7c
17:02:30     STOCK_FILE pri podjetju 3: se ni na vrsti po razporedu; preskoceno.
17:02:31     Prebranih zapisov: 2763; SHA-256: 22d6c82248e2dfed476df7e40ca1309ecd4f6d3c004bc4c30771efd3a9938f7c
17:02:31     STOCK_FILE pri podjetju 4: se ni na vrsti po razporedu; preskoceno.
17:02:31     konec: Zaloga NW_STOCK
17:02:31  == Zaloga BT_STOCK ==
17:02:32     SOURCE_FETCH: se ni na vrsti po razporedu; preskoceno.
17:02:33     Prebranih zapisov: 1389; SHA-256: da9818c5c6dfd021970c3c526b502e911a5ec7eb32fa266f2eb907376ee50d3d
17:02:33     STOCK_FILE pri podjetju 1: se ni na vrsti po razporedu; preskoceno.
17:02:34     Prebranih zapisov: 1389; SHA-256: da9818c5c6dfd021970c3c526b502e911a5ec7eb32fa266f2eb907376ee50d3d
17:02:34     STOCK_FILE pri podjetju 2: se ni na vrsti po razporedu; preskoceno.
17:02:35     Prebranih zapisov: 1389; SHA-256: da9818c5c6dfd021970c3c526b502e911a5ec7eb32fa266f2eb907376ee50d3d
17:02:35     STOCK_FILE pri podjetju 3: se ni na vrsti po razporedu; preskoceno.
17:02:36     Prebranih zapisov: 1389; SHA-256: da9818c5c6dfd021970c3c526b502e911a5ec7eb32fa266f2eb907376ee50d3d
17:02:36     STOCK_FILE pri podjetju 4: se ni na vrsti po razporedu; preskoceno.
17:02:36     konec: Zaloga BT_STOCK
17:02:36  == Zaloga iz SAOP (kolicine) ==
17:02:37     [1] SAOP_STOCK: se ni na vrsti po razporedu; preskoceno.
17:02:37     [2] SAOP_STOCK: se ni na vrsti po razporedu; preskoceno.
17:02:37     [3] SAOP_STOCK: se ni na vrsti po razporedu; preskoceno.
17:02:37     [4] SAOP_STOCK: se ni na vrsti po razporedu; preskoceno.
17:02:37     konec: Zaloga iz SAOP (kolicine)
17:02:37  == Izvoz cen in zaloge za splet ==
17:02:39     Izvoz profila MAGENTO_STOCK_PRICES končan: 352 vrstic v C:\Users\david\Desktop\PIM\NoviPIM\izvoz\magento\1
17:02:42     Izvoz profila MAGENTO_STOCK_PRICES končan: 2071 vrstic v C:\Users\david\Desktop\PIM\NoviPIM\izvoz\magento\2
17:02:46     Izvoz profila MAGENTO_STOCK_PRICES končan: 2488 vrstic v C:\Users\david\Desktop\PIM\NoviPIM\izvoz\magento\3
17:02:47     Izvoz profila MAGENTO_STOCK_PRICES končan: 0 vrstic v C:\Users\david\Desktop\PIM\NoviPIM\izvoz\magento\4
17:02:47     konec: Izvoz cen in zaloge za splet
17:02:47  Zalogovni cikel koncan; padlih korakov: 0.
17:07:27  == Zaloga NW_STOCK ==
17:07:28     [NW_STOCK] preskoceno: Razmik dobavitelja se tece; naslednji prenos po 4. 09. 2026 17:52.
17:07:28     Prevzem koncan: uspesno 0, neuspesno 0, skupaj virov 1.
17:07:29     Prebranih zapisov: 2763; SHA-256: 22d6c82248e2dfed476df7e40ca1309ecd4f6d3c004bc4c30771efd3a9938f7c
17:07:29     Ta posnetek je ze v bazi; vir=NW_STOCK, podjetje=1, cas posnetka=2026-09-04 13:52:28Z, uporabljenih=2763, v karanteni=0, RunId=f75986ca-5672-48fa-af34-b1c26b9aa2bc. Zapisano ni bilo nic.
17:07:30     Prebranih zapisov: 2763; SHA-256: 22d6c82248e2dfed476df7e40ca1309ecd4f6d3c004bc4c30771efd3a9938f7c
17:07:30     Ta posnetek je ze v bazi; vir=NW_STOCK, podjetje=2, cas posnetka=2026-09-04 13:52:28Z, uporabljenih=2763, v karanteni=0, RunId=70bee31d-7e24-4dd5-a23d-14ffb54daf18. Zapisano ni bilo nic.
17:07:31     Prebranih zapisov: 2763; SHA-256: 22d6c82248e2dfed476df7e40ca1309ecd4f6d3c004bc4c30771efd3a9938f7c
17:07:31     Ta posnetek je ze v bazi; vir=NW_STOCK, podjetje=3, cas posnetka=2026-09-04 13:52:28Z, uporabljenih=2763, v karanteni=0, RunId=c0663b6a-8779-4482-b5ba-0dd620e567f8. Zapisano ni bilo nic.
17:07:32     Prebranih zapisov: 2763; SHA-256: 22d6c82248e2dfed476df7e40ca1309ecd4f6d3c004bc4c30771efd3a9938f7c
17:07:32     Ta posnetek je ze v bazi; vir=NW_STOCK, podjetje=4, cas posnetka=2026-09-04 13:52:28Z, uporabljenih=2763, v karanteni=0, RunId=10eb86f6-e12d-4d5c-a881-006977fcb522. Zapisano ni bilo nic.
17:07:32     konec: Zaloga NW_STOCK
17:07:32  == Zaloga BT_STOCK ==
17:07:33     SOURCE_FETCH: se ni na vrsti po razporedu; preskoceno.
17:07:34     Prebranih zapisov: 1389; SHA-256: da9818c5c6dfd021970c3c526b502e911a5ec7eb32fa266f2eb907376ee50d3d
17:07:34     STOCK_FILE pri podjetju 1: se ni na vrsti po razporedu; preskoceno.
17:07:35     Prebranih zapisov: 1389; SHA-256: da9818c5c6dfd021970c3c526b502e911a5ec7eb32fa266f2eb907376ee50d3d
17:07:35     STOCK_FILE pri podjetju 2: se ni na vrsti po razporedu; preskoceno.
17:07:36     Prebranih zapisov: 1389; SHA-256: da9818c5c6dfd021970c3c526b502e911a5ec7eb32fa266f2eb907376ee50d3d
17:07:36     STOCK_FILE pri podjetju 3: se ni na vrsti po razporedu; preskoceno.
17:07:37     Prebranih zapisov: 1389; SHA-256: da9818c5c6dfd021970c3c526b502e911a5ec7eb32fa266f2eb907376ee50d3d
17:07:37     STOCK_FILE pri podjetju 4: se ni na vrsti po razporedu; preskoceno.
17:07:37     konec: Zaloga BT_STOCK
17:07:37  == Zaloga iz SAOP (kolicine) ==
17:07:59     STDERR: [1] NAPAKA: A connection attempt failed because the connected party did not properly respond after a period of time, or established connection failed because connected host has failed to respond. (192.168.178.12:81)
17:08:20     STDERR: [2] NAPAKA: A connection attempt failed because the connected party did not properly respond after a period of time, or established connection failed because connected host has failed to respond. (192.168.178.12:81)
17:08:41     STDERR: [3] NAPAKA: A connection attempt failed because the connected party did not properly respond after a period of time, or established connection failed because connected host has failed to respond. (192.168.178.12:81)
17:09:02     STDERR: [4] NAPAKA: A connection attempt failed because the connected party did not properly respond after a period of time, or established connection failed because connected host has failed to respond. (192.168.178.12:81)
17:09:02     NAPAKA: worker workers\PIM.SaopStockWorker je koncal z izhodno kodo 1
17:09:02  == Izvoz cen in zaloge za splet ==
17:09:04     Izvoz profila MAGENTO_STOCK_PRICES končan: 352 vrstic v C:\Users\david\Desktop\PIM\NoviPIM\izvoz\magento\1
17:09:07     Izvoz profila MAGENTO_STOCK_PRICES končan: 2071 vrstic v C:\Users\david\Desktop\PIM\NoviPIM\izvoz\magento\2
17:09:11     Izvoz profila MAGENTO_STOCK_PRICES končan: 2488 vrstic v C:\Users\david\Desktop\PIM\NoviPIM\izvoz\magento\3
17:09:12     Izvoz profila MAGENTO_STOCK_PRICES končan: 0 vrstic v C:\Users\david\Desktop\PIM\NoviPIM\izvoz\magento\4
17:09:12     konec: Izvoz cen in zaloge za splet
17:09:12  Zalogovni cikel koncan; padlih korakov: 1.
17:12:26  == Zaloga NW_STOCK ==
17:12:27     SOURCE_FETCH: se ni na vrsti po razporedu; preskoceno.
17:12:28     Prebranih zapisov: 2763; SHA-256: 22d6c82248e2dfed476df7e40ca1309ecd4f6d3c004bc4c30771efd3a9938f7c
17:12:28     STOCK_FILE pri podjetju 1: se ni na vrsti po razporedu; preskoceno.
17:12:29     Prebranih zapisov: 2763; SHA-256: 22d6c82248e2dfed476df7e40ca1309ecd4f6d3c004bc4c30771efd3a9938f7c
17:12:29     STOCK_FILE pri podjetju 2: se ni na vrsti po razporedu; preskoceno.
17:12:30     Prebranih zapisov: 2763; SHA-256: 22d6c82248e2dfed476df7e40ca1309ecd4f6d3c004bc4c30771efd3a9938f7c
17:12:30     STOCK_FILE pri podjetju 3: se ni na vrsti po razporedu; preskoceno.
17:12:31     Prebranih zapisov: 2763; SHA-256: 22d6c82248e2dfed476df7e40ca1309ecd4f6d3c004bc4c30771efd3a9938f7c
17:12:31     STOCK_FILE pri podjetju 4: se ni na vrsti po razporedu; preskoceno.
17:12:31     konec: Zaloga NW_STOCK
17:12:31  == Zaloga BT_STOCK ==
17:12:32     [BT_STOCK] preskoceno: Razmik dobavitelja se tece; naslednji prenos po 4. 09. 2026 18:42.
17:12:32     Prevzem koncan: uspesno 0, neuspesno 0, skupaj virov 1.
17:12:33     Prebranih zapisov: 1389; SHA-256: da9818c5c6dfd021970c3c526b502e911a5ec7eb32fa266f2eb907376ee50d3d
17:12:33     Ta posnetek je ze v bazi; vir=BT_STOCK, podjetje=1, cas posnetka=2026-09-04 13:42:34Z, uporabljenih=1389, v karanteni=0, RunId=29328099-eebb-4ae4-8cdf-5612f2bdfbef. Zapisano ni bilo nic.
17:12:34     Prebranih zapisov: 1389; SHA-256: da9818c5c6dfd021970c3c526b502e911a5ec7eb32fa266f2eb907376ee50d3d
17:12:34     Ta posnetek je ze v bazi; vir=BT_STOCK, podjetje=2, cas posnetka=2026-09-04 13:42:34Z, uporabljenih=1389, v karanteni=0, RunId=14edf1e4-d31c-4fab-8148-5de6ad057ba7. Zapisano ni bilo nic.
17:12:35     Prebranih zapisov: 1389; SHA-256: da9818c5c6dfd021970c3c526b502e911a5ec7eb32fa266f2eb907376ee50d3d
17:12:35     Ta posnetek je ze v bazi; vir=BT_STOCK, podjetje=3, cas posnetka=2026-09-04 13:42:34Z, uporabljenih=1389, v karanteni=0, RunId=f6de9c9b-ac5e-4f15-83f7-b4996db78622. Zapisano ni bilo nic.
17:12:36     Prebranih zapisov: 1389; SHA-256: da9818c5c6dfd021970c3c526b502e911a5ec7eb32fa266f2eb907376ee50d3d
17:12:36     Ta posnetek je ze v bazi; vir=BT_STOCK, podjetje=4, cas posnetka=2026-09-04 13:42:34Z, uporabljenih=1389, v karanteni=0, RunId=f04274fb-6ddd-4185-ade9-af1b8313d14d. Zapisano ni bilo nic.
17:12:36     konec: Zaloga BT_STOCK
17:12:36  == Zaloga iz SAOP (kolicine) ==
17:12:37     [1] SAOP_STOCK: se ni na vrsti po razporedu; preskoceno.
17:12:37     [2] SAOP_STOCK: se ni na vrsti po razporedu; preskoceno.
17:12:37     [3] SAOP_STOCK: se ni na vrsti po razporedu; preskoceno.
17:12:37     [4] SAOP_STOCK: se ni na vrsti po razporedu; preskoceno.
17:12:37     konec: Zaloga iz SAOP (kolicine)
17:12:37  == Izvoz cen in zaloge za splet ==
17:12:39     Izvoz profila MAGENTO_STOCK_PRICES končan: 352 vrstic v C:\Users\david\Desktop\PIM\NoviPIM\izvoz\magento\1
17:12:43     Izvoz profila MAGENTO_STOCK_PRICES končan: 2071 vrstic v C:\Users\david\Desktop\PIM\NoviPIM\izvoz\magento\2
17:12:46     Izvoz profila MAGENTO_STOCK_PRICES končan: 2488 vrstic v C:\Users\david\Desktop\PIM\NoviPIM\izvoz\magento\3
17:12:47     Izvoz profila MAGENTO_STOCK_PRICES končan: 0 vrstic v C:\Users\david\Desktop\PIM\NoviPIM\izvoz\magento\4
17:12:47     konec: Izvoz cen in zaloge za splet
17:12:47  Zalogovni cikel koncan; padlih korakov: 0.
17:17:26  == Zaloga NW_STOCK ==
17:17:27     SOURCE_FETCH: se ni na vrsti po razporedu; preskoceno.
17:17:28     Prebranih zapisov: 2763; SHA-256: 22d6c82248e2dfed476df7e40ca1309ecd4f6d3c004bc4c30771efd3a9938f7c
17:17:28     STOCK_FILE pri podjetju 1: se ni na vrsti po razporedu; preskoceno.
17:17:29     Prebranih zapisov: 2763; SHA-256: 22d6c82248e2dfed476df7e40ca1309ecd4f6d3c004bc4c30771efd3a9938f7c
17:17:29     STOCK_FILE pri podjetju 2: se ni na vrsti po razporedu; preskoceno.
17:17:30     Prebranih zapisov: 2763; SHA-256: 22d6c82248e2dfed476df7e40ca1309ecd4f6d3c004bc4c30771efd3a9938f7c
17:17:30     STOCK_FILE pri podjetju 3: se ni na vrsti po razporedu; preskoceno.
17:17:31     Prebranih zapisov: 2763; SHA-256: 22d6c82248e2dfed476df7e40ca1309ecd4f6d3c004bc4c30771efd3a9938f7c
17:17:31     STOCK_FILE pri podjetju 4: se ni na vrsti po razporedu; preskoceno.
17:17:31     konec: Zaloga NW_STOCK
17:17:31  == Zaloga BT_STOCK ==
17:17:32     [BT_STOCK] preskoceno: Razmik dobavitelja se tece; naslednji prenos po 4. 09. 2026 18:42.
17:17:32     Prevzem koncan: uspesno 0, neuspesno 0, skupaj virov 1.
17:17:33     Prebranih zapisov: 1389; SHA-256: da9818c5c6dfd021970c3c526b502e911a5ec7eb32fa266f2eb907376ee50d3d
17:17:33     Ta posnetek je ze v bazi; vir=BT_STOCK, podjetje=1, cas posnetka=2026-09-04 13:42:34Z, uporabljenih=1389, v karanteni=0, RunId=29328099-eebb-4ae4-8cdf-5612f2bdfbef. Zapisano ni bilo nic.
17:17:34     Prebranih zapisov: 1389; SHA-256: da9818c5c6dfd021970c3c526b502e911a5ec7eb32fa266f2eb907376ee50d3d
17:17:34     Ta posnetek je ze v bazi; vir=BT_STOCK, podjetje=2, cas posnetka=2026-09-04 13:42:34Z, uporabljenih=1389, v karanteni=0, RunId=14edf1e4-d31c-4fab-8148-5de6ad057ba7. Zapisano ni bilo nic.
17:17:35     Prebranih zapisov: 1389; SHA-256: da9818c5c6dfd021970c3c526b502e911a5ec7eb32fa266f2eb907376ee50d3d
17:17:35     Ta posnetek je ze v bazi; vir=BT_STOCK, podjetje=3, cas posnetka=2026-09-04 13:42:34Z, uporabljenih=1389, v karanteni=0, RunId=f6de9c9b-ac5e-4f15-83f7-b4996db78622. Zapisano ni bilo nic.
17:17:36     Prebranih zapisov: 1389; SHA-256: da9818c5c6dfd021970c3c526b502e911a5ec7eb32fa266f2eb907376ee50d3d
17:17:36     Ta posnetek je ze v bazi; vir=BT_STOCK, podjetje=4, cas posnetka=2026-09-04 13:42:34Z, uporabljenih=1389, v karanteni=0, RunId=f04274fb-6ddd-4185-ade9-af1b8313d14d. Zapisano ni bilo nic.
17:17:36     konec: Zaloga BT_STOCK
17:17:36  == Zaloga iz SAOP (kolicine) ==
17:17:37     [1] SAOP_STOCK: se ni na vrsti po razporedu; preskoceno.
17:17:37     [2] SAOP_STOCK: se ni na vrsti po razporedu; preskoceno.
17:17:37     [3] SAOP_STOCK: se ni na vrsti po razporedu; preskoceno.
17:17:37     [4] SAOP_STOCK: se ni na vrsti po razporedu; preskoceno.
17:17:37     konec: Zaloga iz SAOP (kolicine)
17:17:37  == Izvoz cen in zaloge za splet ==
17:17:39     Izvoz profila MAGENTO_STOCK_PRICES končan: 352 vrstic v C:\Users\david\Desktop\PIM\NoviPIM\izvoz\magento\1
17:17:43     Izvoz profila MAGENTO_STOCK_PRICES končan: 2071 vrstic v C:\Users\david\Desktop\PIM\NoviPIM\izvoz\magento\2
17:17:46     Izvoz profila MAGENTO_STOCK_PRICES končan: 2488 vrstic v C:\Users\david\Desktop\PIM\NoviPIM\izvoz\magento\3
17:17:47     Izvoz profila MAGENTO_STOCK_PRICES končan: 0 vrstic v C:\Users\david\Desktop\PIM\NoviPIM\izvoz\magento\4
17:17:48     konec: Izvoz cen in zaloge za splet
17:17:48  Zalogovni cikel koncan; padlih korakov: 0.
17:22:26  == Zaloga NW_STOCK ==
17:22:27     SOURCE_FETCH: se ni na vrsti po razporedu; preskoceno.
17:22:28     Prebranih zapisov: 2763; SHA-256: 22d6c82248e2dfed476df7e40ca1309ecd4f6d3c004bc4c30771efd3a9938f7c
17:22:28     STOCK_FILE pri podjetju 1: se ni na vrsti po razporedu; preskoceno.
17:22:29     Prebranih zapisov: 2763; SHA-256: 22d6c82248e2dfed476df7e40ca1309ecd4f6d3c004bc4c30771efd3a9938f7c
17:22:29     STOCK_FILE pri podjetju 2: se ni na vrsti po razporedu; preskoceno.
17:22:30     Prebranih zapisov: 2763; SHA-256: 22d6c82248e2dfed476df7e40ca1309ecd4f6d3c004bc4c30771efd3a9938f7c
17:22:30     STOCK_FILE pri podjetju 3: se ni na vrsti po razporedu; preskoceno.
17:22:31     Prebranih zapisov: 2763; SHA-256: 22d6c82248e2dfed476df7e40ca1309ecd4f6d3c004bc4c30771efd3a9938f7c
17:22:31     STOCK_FILE pri podjetju 4: se ni na vrsti po razporedu; preskoceno.
17:22:31     konec: Zaloga NW_STOCK
17:22:31  == Zaloga BT_STOCK ==
17:22:32     SOURCE_FETCH: se ni na vrsti po razporedu; preskoceno.
17:22:33     Prebranih zapisov: 1389; SHA-256: da9818c5c6dfd021970c3c526b502e911a5ec7eb32fa266f2eb907376ee50d3d
17:22:33     STOCK_FILE pri podjetju 1: se ni na vrsti po razporedu; preskoceno.
17:22:34     Prebranih zapisov: 1389; SHA-256: da9818c5c6dfd021970c3c526b502e911a5ec7eb32fa266f2eb907376ee50d3d
17:22:34     STOCK_FILE pri podjetju 2: se ni na vrsti po razporedu; preskoceno.
17:22:35     Prebranih zapisov: 1389; SHA-256: da9818c5c6dfd021970c3c526b502e911a5ec7eb32fa266f2eb907376ee50d3d
17:22:35     STOCK_FILE pri podjetju 3: se ni na vrsti po razporedu; preskoceno.
17:22:36     Prebranih zapisov: 1389; SHA-256: da9818c5c6dfd021970c3c526b502e911a5ec7eb32fa266f2eb907376ee50d3d
17:22:36     STOCK_FILE pri podjetju 4: se ni na vrsti po razporedu; preskoceno.
17:22:36     konec: Zaloga BT_STOCK
17:22:36  == Zaloga iz SAOP (kolicine) ==
17:22:37     [1] SAOP_STOCK: se ni na vrsti po razporedu; preskoceno.
17:22:37     [2] SAOP_STOCK: se ni na vrsti po razporedu; preskoceno.
17:22:37     [3] SAOP_STOCK: se ni na vrsti po razporedu; preskoceno.
17:22:37     [4] SAOP_STOCK: se ni na vrsti po razporedu; preskoceno.
17:22:37     konec: Zaloga iz SAOP (kolicine)
17:22:37  == Izvoz cen in zaloge za splet ==
17:22:39     Izvoz profila MAGENTO_STOCK_PRICES končan: 352 vrstic v C:\Users\david\Desktop\PIM\NoviPIM\izvoz\magento\1
17:22:42     Izvoz profila MAGENTO_STOCK_PRICES končan: 2071 vrstic v C:\Users\david\Desktop\PIM\NoviPIM\izvoz\magento\2
17:22:46     Izvoz profila MAGENTO_STOCK_PRICES končan: 2488 vrstic v C:\Users\david\Desktop\PIM\NoviPIM\izvoz\magento\3
17:22:47     Izvoz profila MAGENTO_STOCK_PRICES končan: 0 vrstic v C:\Users\david\Desktop\PIM\NoviPIM\izvoz\magento\4
17:22:47     konec: Izvoz cen in zaloge za splet
17:22:47  Zalogovni cikel koncan; padlih korakov: 0.
17:27:28  == Zaloga NW_STOCK ==
17:27:29     [NW_STOCK] preskoceno: Razmik dobavitelja se tece; naslednji prenos po 4. 09. 2026 17:52.
17:27:29     Prevzem koncan: uspesno 0, neuspesno 0, skupaj virov 1.
17:27:30     Prebranih zapisov: 2763; SHA-256: 22d6c82248e2dfed476df7e40ca1309ecd4f6d3c004bc4c30771efd3a9938f7c
17:27:31     Ta posnetek je ze v bazi; vir=NW_STOCK, podjetje=1, cas posnetka=2026-09-04 13:52:28Z, uporabljenih=2763, v karanteni=0, RunId=f75986ca-5672-48fa-af34-b1c26b9aa2bc. Zapisano ni bilo nic.
17:27:31     Prebranih zapisov: 2763; SHA-256: 22d6c82248e2dfed476df7e40ca1309ecd4f6d3c004bc4c30771efd3a9938f7c
17:27:32     Ta posnetek je ze v bazi; vir=NW_STOCK, podjetje=2, cas posnetka=2026-09-04 13:52:28Z, uporabljenih=2763, v karanteni=0, RunId=70bee31d-7e24-4dd5-a23d-14ffb54daf18. Zapisano ni bilo nic.
17:27:33     Prebranih zapisov: 2763; SHA-256: 22d6c82248e2dfed476df7e40ca1309ecd4f6d3c004bc4c30771efd3a9938f7c
17:27:33     Ta posnetek je ze v bazi; vir=NW_STOCK, podjetje=3, cas posnetka=2026-09-04 13:52:28Z, uporabljenih=2763, v karanteni=0, RunId=c0663b6a-8779-4482-b5ba-0dd620e567f8. Zapisano ni bilo nic.
17:27:34     Prebranih zapisov: 2763; SHA-256: 22d6c82248e2dfed476df7e40ca1309ecd4f6d3c004bc4c30771efd3a9938f7c
17:27:34     Ta posnetek je ze v bazi; vir=NW_STOCK, podjetje=4, cas posnetka=2026-09-04 13:52:28Z, uporabljenih=2763, v karanteni=0, RunId=10eb86f6-e12d-4d5c-a881-006977fcb522. Zapisano ni bilo nic.
17:27:34     konec: Zaloga NW_STOCK
17:27:34  == Zaloga BT_STOCK ==
17:27:35     SOURCE_FETCH: se ni na vrsti po razporedu; preskoceno.
17:27:36     Prebranih zapisov: 1389; SHA-256: da9818c5c6dfd021970c3c526b502e911a5ec7eb32fa266f2eb907376ee50d3d
17:27:37     STOCK_FILE pri podjetju 1: se ni na vrsti po razporedu; preskoceno.
17:27:38     Prebranih zapisov: 1389; SHA-256: da9818c5c6dfd021970c3c526b502e911a5ec7eb32fa266f2eb907376ee50d3d
17:27:38     STOCK_FILE pri podjetju 2: se ni na vrsti po razporedu; preskoceno.
17:27:39     Prebranih zapisov: 1389; SHA-256: da9818c5c6dfd021970c3c526b502e911a5ec7eb32fa266f2eb907376ee50d3d
17:27:39     STOCK_FILE pri podjetju 3: se ni na vrsti po razporedu; preskoceno.
17:27:40     Prebranih zapisov: 1389; SHA-256: da9818c5c6dfd021970c3c526b502e911a5ec7eb32fa266f2eb907376ee50d3d
17:27:40     STOCK_FILE pri podjetju 4: se ni na vrsti po razporedu; preskoceno.
17:27:40     konec: Zaloga BT_STOCK
17:27:40  == Zaloga iz SAOP (kolicine) ==
17:27:41     [1] SAOP_STOCK: se ni na vrsti po razporedu; preskoceno.
17:27:41     [2] SAOP_STOCK: se ni na vrsti po razporedu; preskoceno.
17:27:41     [3] SAOP_STOCK: se ni na vrsti po razporedu; preskoceno.
17:27:41     [4] SAOP_STOCK: se ni na vrsti po razporedu; preskoceno.
17:27:42     konec: Zaloga iz SAOP (kolicine)
17:27:42  == Izvoz cen in zaloge za splet ==
17:27:43     Izvoz profila MAGENTO_STOCK_PRICES končan: 352 vrstic v C:\Users\david\Desktop\PIM\NoviPIM\izvoz\magento\1
17:27:47     Izvoz profila MAGENTO_STOCK_PRICES končan: 2071 vrstic v C:\Users\david\Desktop\PIM\NoviPIM\izvoz\magento\2
17:27:51     Izvoz profila MAGENTO_STOCK_PRICES končan: 2488 vrstic v C:\Users\david\Desktop\PIM\NoviPIM\izvoz\magento\3
17:27:52     Izvoz profila MAGENTO_STOCK_PRICES končan: 0 vrstic v C:\Users\david\Desktop\PIM\NoviPIM\izvoz\magento\4
17:27:52     konec: Izvoz cen in zaloge za splet
17:27:52  Zalogovni cikel koncan; padlih korakov: 0.
17:32:28  == Zaloga NW_STOCK ==
17:32:29     [NW_STOCK] preskoceno: Razmik dobavitelja se tece; naslednji prenos po 4. 09. 2026 17:52.
17:32:29     Prevzem koncan: uspesno 0, neuspesno 0, skupaj virov 1.
17:32:30     Prebranih zapisov: 2763; SHA-256: 22d6c82248e2dfed476df7e40ca1309ecd4f6d3c004bc4c30771efd3a9938f7c
17:32:31     Ta posnetek je ze v bazi; vir=NW_STOCK, podjetje=1, cas posnetka=2026-09-04 13:52:28Z, uporabljenih=2763, v karanteni=0, RunId=f75986ca-5672-48fa-af34-b1c26b9aa2bc. Zapisano ni bilo nic.
17:32:31     Prebranih zapisov: 2763; SHA-256: 22d6c82248e2dfed476df7e40ca1309ecd4f6d3c004bc4c30771efd3a9938f7c
17:32:32     STOCK_FILE pri podjetju 2: se ni na vrsti po razporedu; preskoceno.
17:32:32     Prebranih zapisov: 2763; SHA-256: 22d6c82248e2dfed476df7e40ca1309ecd4f6d3c004bc4c30771efd3a9938f7c
17:32:33     STOCK_FILE pri podjetju 3: se ni na vrsti po razporedu; preskoceno.
17:32:33     Prebranih zapisov: 2763; SHA-256: 22d6c82248e2dfed476df7e40ca1309ecd4f6d3c004bc4c30771efd3a9938f7c
17:32:34     STOCK_FILE pri podjetju 4: se ni na vrsti po razporedu; preskoceno.
17:32:34     konec: Zaloga NW_STOCK
17:32:34  == Zaloga BT_STOCK ==
17:32:35     SOURCE_FETCH: se ni na vrsti po razporedu; preskoceno.
17:32:36     Prebranih zapisov: 1389; SHA-256: da9818c5c6dfd021970c3c526b502e911a5ec7eb32fa266f2eb907376ee50d3d
17:32:36     STOCK_FILE pri podjetju 1: se ni na vrsti po razporedu; preskoceno.
17:32:37     Prebranih zapisov: 1389; SHA-256: da9818c5c6dfd021970c3c526b502e911a5ec7eb32fa266f2eb907376ee50d3d
17:32:37     Ta posnetek je ze v bazi; vir=BT_STOCK, podjetje=2, cas posnetka=2026-09-04 13:42:34Z, uporabljenih=1389, v karanteni=0, RunId=14edf1e4-d31c-4fab-8148-5de6ad057ba7. Zapisano ni bilo nic.
17:32:38     Prebranih zapisov: 1389; SHA-256: da9818c5c6dfd021970c3c526b502e911a5ec7eb32fa266f2eb907376ee50d3d
17:32:38     Ta posnetek je ze v bazi; vir=BT_STOCK, podjetje=3, cas posnetka=2026-09-04 13:42:34Z, uporabljenih=1389, v karanteni=0, RunId=f6de9c9b-ac5e-4f15-83f7-b4996db78622. Zapisano ni bilo nic.
17:32:39     Prebranih zapisov: 1389; SHA-256: da9818c5c6dfd021970c3c526b502e911a5ec7eb32fa266f2eb907376ee50d3d
17:32:39     Ta posnetek je ze v bazi; vir=BT_STOCK, podjetje=4, cas posnetka=2026-09-04 13:42:34Z, uporabljenih=1389, v karanteni=0, RunId=f04274fb-6ddd-4185-ade9-af1b8313d14d. Zapisano ni bilo nic.
17:32:39     konec: Zaloga BT_STOCK
17:32:39  == Zaloga iz SAOP (kolicine) ==
17:32:40     [1] SAOP_STOCK: se ni na vrsti po razporedu; preskoceno.
17:32:40     [2] SAOP_STOCK: se ni na vrsti po razporedu; preskoceno.
17:32:40     [3] SAOP_STOCK: se ni na vrsti po razporedu; preskoceno.
17:32:40     [4] SAOP_STOCK: se ni na vrsti po razporedu; preskoceno.
17:32:40     konec: Zaloga iz SAOP (kolicine)
17:32:40  == Izvoz cen in zaloge za splet ==
17:32:42     Izvoz profila MAGENTO_STOCK_PRICES končan: 352 vrstic v C:\Users\david\Desktop\PIM\NoviPIM\izvoz\magento\1
17:32:46     Izvoz profila MAGENTO_STOCK_PRICES končan: 2071 vrstic v C:\Users\david\Desktop\PIM\NoviPIM\izvoz\magento\2
17:32:50     Izvoz profila MAGENTO_STOCK_PRICES končan: 2488 vrstic v C:\Users\david\Desktop\PIM\NoviPIM\izvoz\magento\3
17:32:51     Izvoz profila MAGENTO_STOCK_PRICES končan: 0 vrstic v C:\Users\david\Desktop\PIM\NoviPIM\izvoz\magento\4
17:32:51     konec: Izvoz cen in zaloge za splet
17:32:51  Zalogovni cikel koncan; padlih korakov: 0.
17:37:27  == Zaloga NW_STOCK ==
17:37:28     SOURCE_FETCH: se ni na vrsti po razporedu; preskoceno.
17:37:29     Prebranih zapisov: 2763; SHA-256: 22d6c82248e2dfed476df7e40ca1309ecd4f6d3c004bc4c30771efd3a9938f7c
17:37:29     STOCK_FILE pri podjetju 1: se ni na vrsti po razporedu; preskoceno.
17:37:30     Prebranih zapisov: 2763; SHA-256: 22d6c82248e2dfed476df7e40ca1309ecd4f6d3c004bc4c30771efd3a9938f7c
17:37:30     STOCK_FILE pri podjetju 2: se ni na vrsti po razporedu; preskoceno.
17:37:30     Prebranih zapisov: 2763; SHA-256: 22d6c82248e2dfed476df7e40ca1309ecd4f6d3c004bc4c30771efd3a9938f7c
17:37:31     STOCK_FILE pri podjetju 3: se ni na vrsti po razporedu; preskoceno.
17:37:31     Prebranih zapisov: 2763; SHA-256: 22d6c82248e2dfed476df7e40ca1309ecd4f6d3c004bc4c30771efd3a9938f7c
17:37:32     STOCK_FILE pri podjetju 4: se ni na vrsti po razporedu; preskoceno.
17:37:32     konec: Zaloga NW_STOCK
17:37:32  == Zaloga BT_STOCK ==
17:37:33     [BT_STOCK] preskoceno: Razmik dobavitelja se tece; naslednji prenos po 4. 09. 2026 18:42.
17:37:33     Prevzem koncan: uspesno 0, neuspesno 0, skupaj virov 1.
17:37:33     Prebranih zapisov: 1389; SHA-256: da9818c5c6dfd021970c3c526b502e911a5ec7eb32fa266f2eb907376ee50d3d
17:37:34     Ta posnetek je ze v bazi; vir=BT_STOCK, podjetje=1, cas posnetka=2026-09-04 13:42:34Z, uporabljenih=1389, v karanteni=0, RunId=29328099-eebb-4ae4-8cdf-5612f2bdfbef. Zapisano ni bilo nic.
17:37:34     Prebranih zapisov: 1389; SHA-256: da9818c5c6dfd021970c3c526b502e911a5ec7eb32fa266f2eb907376ee50d3d
17:37:35     STOCK_FILE pri podjetju 2: se ni na vrsti po razporedu; preskoceno.
17:37:35     Prebranih zapisov: 1389; SHA-256: da9818c5c6dfd021970c3c526b502e911a5ec7eb32fa266f2eb907376ee50d3d
17:37:36     STOCK_FILE pri podjetju 3: se ni na vrsti po razporedu; preskoceno.
17:37:36     Prebranih zapisov: 1389; SHA-256: da9818c5c6dfd021970c3c526b502e911a5ec7eb32fa266f2eb907376ee50d3d
17:37:37     STOCK_FILE pri podjetju 4: se ni na vrsti po razporedu; preskoceno.
17:37:37     konec: Zaloga BT_STOCK
17:37:37  == Zaloga iz SAOP (kolicine) ==
17:37:38     [1] SAOP_STOCK: se ni na vrsti po razporedu; preskoceno.
17:37:38     [2] SAOP_STOCK: se ni na vrsti po razporedu; preskoceno.
17:37:38     [3] SAOP_STOCK: se ni na vrsti po razporedu; preskoceno.
17:37:38     [4] SAOP_STOCK: se ni na vrsti po razporedu; preskoceno.
17:37:38     konec: Zaloga iz SAOP (kolicine)
17:37:38  == Izvoz cen in zaloge za splet ==
17:37:39     Izvoz profila MAGENTO_STOCK_PRICES končan: 352 vrstic v C:\Users\david\Desktop\PIM\NoviPIM\izvoz\magento\1
17:37:43     Izvoz profila MAGENTO_STOCK_PRICES končan: 2071 vrstic v C:\Users\david\Desktop\PIM\NoviPIM\izvoz\magento\2
17:37:47     Izvoz profila MAGENTO_STOCK_PRICES končan: 2488 vrstic v C:\Users\david\Desktop\PIM\NoviPIM\izvoz\magento\3
17:37:48     Izvoz profila MAGENTO_STOCK_PRICES končan: 0 vrstic v C:\Users\david\Desktop\PIM\NoviPIM\izvoz\magento\4
17:37:48     konec: Izvoz cen in zaloge za splet
17:37:48  Zalogovni cikel koncan; padlih korakov: 0.
17:42:26  == Zaloga NW_STOCK ==
17:42:27     SOURCE_FETCH: se ni na vrsti po razporedu; preskoceno.
17:42:28     Prebranih zapisov: 2763; SHA-256: 22d6c82248e2dfed476df7e40ca1309ecd4f6d3c004bc4c30771efd3a9938f7c
17:42:28     STOCK_FILE pri podjetju 1: se ni na vrsti po razporedu; preskoceno.
17:42:29     Prebranih zapisov: 2763; SHA-256: 22d6c82248e2dfed476df7e40ca1309ecd4f6d3c004bc4c30771efd3a9938f7c
17:42:29     Ta posnetek je ze v bazi; vir=NW_STOCK, podjetje=2, cas posnetka=2026-09-04 13:52:28Z, uporabljenih=2763, v karanteni=0, RunId=70bee31d-7e24-4dd5-a23d-14ffb54daf18. Zapisano ni bilo nic.
17:42:30     Prebranih zapisov: 2763; SHA-256: 22d6c82248e2dfed476df7e40ca1309ecd4f6d3c004bc4c30771efd3a9938f7c
17:42:30     Ta posnetek je ze v bazi; vir=NW_STOCK, podjetje=3, cas posnetka=2026-09-04 13:52:28Z, uporabljenih=2763, v karanteni=0, RunId=c0663b6a-8779-4482-b5ba-0dd620e567f8. Zapisano ni bilo nic.
17:42:31     Prebranih zapisov: 2763; SHA-256: 22d6c82248e2dfed476df7e40ca1309ecd4f6d3c004bc4c30771efd3a9938f7c
17:42:31     Ta posnetek je ze v bazi; vir=NW_STOCK, podjetje=4, cas posnetka=2026-09-04 13:52:28Z, uporabljenih=2763, v karanteni=0, RunId=10eb86f6-e12d-4d5c-a881-006977fcb522. Zapisano ni bilo nic.
17:42:31     konec: Zaloga NW_STOCK
17:42:31  == Zaloga BT_STOCK ==
17:42:32     SOURCE_FETCH: se ni na vrsti po razporedu; preskoceno.
17:42:33     Prebranih zapisov: 1389; SHA-256: da9818c5c6dfd021970c3c526b502e911a5ec7eb32fa266f2eb907376ee50d3d
17:42:33     STOCK_FILE pri podjetju 1: se ni na vrsti po razporedu; preskoceno.
17:42:34     Prebranih zapisov: 1389; SHA-256: da9818c5c6dfd021970c3c526b502e911a5ec7eb32fa266f2eb907376ee50d3d
17:42:34     STOCK_FILE pri podjetju 2: se ni na vrsti po razporedu; preskoceno.
17:42:35     Prebranih zapisov: 1389; SHA-256: da9818c5c6dfd021970c3c526b502e911a5ec7eb32fa266f2eb907376ee50d3d
17:42:35     STOCK_FILE pri podjetju 3: se ni na vrsti po razporedu; preskoceno.
17:42:36     Prebranih zapisov: 1389; SHA-256: da9818c5c6dfd021970c3c526b502e911a5ec7eb32fa266f2eb907376ee50d3d
17:42:36     STOCK_FILE pri podjetju 4: se ni na vrsti po razporedu; preskoceno.
17:42:36     konec: Zaloga BT_STOCK
17:42:36  == Zaloga iz SAOP (kolicine) ==
17:42:58     STDERR: [1] NAPAKA: A connection attempt failed because the connected party did not properly respond after a period of time, or established connection failed because connected host has failed to respond. (192.168.178.12:81)
17:43:19     STDERR: [2] NAPAKA: A connection attempt failed because the connected party did not properly respond after a period of time, or established connection failed because connected host has failed to respond. (192.168.178.12:81)
17:43:40     STDERR: [3] NAPAKA: A connection attempt failed because the connected party did not properly respond after a period of time, or established connection failed because connected host has failed to respond. (192.168.178.12:81)
17:44:01     STDERR: [4] NAPAKA: A connection attempt failed because the connected party did not properly respond after a period of time, or established connection failed because connected host has failed to respond. (192.168.178.12:81)
17:44:01     NAPAKA: worker workers\PIM.SaopStockWorker je koncal z izhodno kodo 1
17:44:01  == Izvoz cen in zaloge za splet ==
17:44:03     Izvoz profila MAGENTO_STOCK_PRICES končan: 352 vrstic v C:\Users\david\Desktop\PIM\NoviPIM\izvoz\magento\1
17:44:07     Izvoz profila MAGENTO_STOCK_PRICES končan: 2071 vrstic v C:\Users\david\Desktop\PIM\NoviPIM\izvoz\magento\2
17:44:10     Izvoz profila MAGENTO_STOCK_PRICES končan: 2488 vrstic v C:\Users\david\Desktop\PIM\NoviPIM\izvoz\magento\3
17:44:12     Izvoz profila MAGENTO_STOCK_PRICES končan: 0 vrstic v C:\Users\david\Desktop\PIM\NoviPIM\izvoz\magento\4
17:44:12     konec: Izvoz cen in zaloge za splet
17:44:12  Zalogovni cikel koncan; padlih korakov: 1.
17:47:26  == Zaloga NW_STOCK ==
17:47:27     [NW_STOCK] preskoceno: Razmik dobavitelja se tece; naslednji prenos po 4. 09. 2026 17:52.
17:47:27     Prevzem koncan: uspesno 0, neuspesno 0, skupaj virov 1.
17:47:28     Prebranih zapisov: 2763; SHA-256: 22d6c82248e2dfed476df7e40ca1309ecd4f6d3c004bc4c30771efd3a9938f7c
17:47:28     Ta posnetek je ze v bazi; vir=NW_STOCK, podjetje=1, cas posnetka=2026-09-04 13:52:28Z, uporabljenih=2763, v karanteni=0, RunId=f75986ca-5672-48fa-af34-b1c26b9aa2bc. Zapisano ni bilo nic.
17:47:29     Prebranih zapisov: 2763; SHA-256: 22d6c82248e2dfed476df7e40ca1309ecd4f6d3c004bc4c30771efd3a9938f7c
17:47:29     Ta posnetek je ze v bazi; vir=NW_STOCK, podjetje=2, cas posnetka=2026-09-04 13:52:28Z, uporabljenih=2763, v karanteni=0, RunId=70bee31d-7e24-4dd5-a23d-14ffb54daf18. Zapisano ni bilo nic.
17:47:30     Prebranih zapisov: 2763; SHA-256: 22d6c82248e2dfed476df7e40ca1309ecd4f6d3c004bc4c30771efd3a9938f7c
17:47:30     Ta posnetek je ze v bazi; vir=NW_STOCK, podjetje=3, cas posnetka=2026-09-04 13:52:28Z, uporabljenih=2763, v karanteni=0, RunId=c0663b6a-8779-4482-b5ba-0dd620e567f8. Zapisano ni bilo nic.
17:47:31     Prebranih zapisov: 2763; SHA-256: 22d6c82248e2dfed476df7e40ca1309ecd4f6d3c004bc4c30771efd3a9938f7c
17:47:31     Ta posnetek je ze v bazi; vir=NW_STOCK, podjetje=4, cas posnetka=2026-09-04 13:52:28Z, uporabljenih=2763, v karanteni=0, RunId=10eb86f6-e12d-4d5c-a881-006977fcb522. Zapisano ni bilo nic.
17:47:31     konec: Zaloga NW_STOCK
17:47:31  == Zaloga BT_STOCK ==
17:47:32     SOURCE_FETCH: se ni na vrsti po razporedu; preskoceno.
17:47:33     Prebranih zapisov: 1389; SHA-256: da9818c5c6dfd021970c3c526b502e911a5ec7eb32fa266f2eb907376ee50d3d
17:47:33     STOCK_FILE pri podjetju 1: se ni na vrsti po razporedu; preskoceno.
17:47:34     Prebranih zapisov: 1389; SHA-256: da9818c5c6dfd021970c3c526b502e911a5ec7eb32fa266f2eb907376ee50d3d
17:47:34     STOCK_FILE pri podjetju 2: se ni na vrsti po razporedu; preskoceno.
17:47:35     Prebranih zapisov: 1389; SHA-256: da9818c5c6dfd021970c3c526b502e911a5ec7eb32fa266f2eb907376ee50d3d
17:47:35     STOCK_FILE pri podjetju 3: se ni na vrsti po razporedu; preskoceno.
17:47:36     Prebranih zapisov: 1389; SHA-256: da9818c5c6dfd021970c3c526b502e911a5ec7eb32fa266f2eb907376ee50d3d
17:47:36     STOCK_FILE pri podjetju 4: se ni na vrsti po razporedu; preskoceno.
17:47:36     konec: Zaloga BT_STOCK
17:47:36  == Zaloga iz SAOP (kolicine) ==
17:47:37     [1] SAOP_STOCK: se ni na vrsti po razporedu; preskoceno.
17:47:37     [2] SAOP_STOCK: se ni na vrsti po razporedu; preskoceno.
17:47:37     [3] SAOP_STOCK: se ni na vrsti po razporedu; preskoceno.
17:47:37     [4] SAOP_STOCK: se ni na vrsti po razporedu; preskoceno.
17:47:37     konec: Zaloga iz SAOP (kolicine)
17:47:37  == Izvoz cen in zaloge za splet ==
17:47:39     Izvoz profila MAGENTO_STOCK_PRICES končan: 352 vrstic v C:\Users\david\Desktop\PIM\NoviPIM\izvoz\magento\1
17:47:42     Izvoz profila MAGENTO_STOCK_PRICES končan: 2071 vrstic v C:\Users\david\Desktop\PIM\NoviPIM\izvoz\magento\2
17:47:46     Izvoz profila MAGENTO_STOCK_PRICES končan: 2488 vrstic v C:\Users\david\Desktop\PIM\NoviPIM\izvoz\magento\3
17:47:47     Izvoz profila MAGENTO_STOCK_PRICES končan: 0 vrstic v C:\Users\david\Desktop\PIM\NoviPIM\izvoz\magento\4
17:47:47     konec: Izvoz cen in zaloge za splet
17:47:47  Zalogovni cikel koncan; padlih korakov: 0.
17:52:26  == Zaloga NW_STOCK ==
17:52:27     [NW_STOCK] preskoceno: Razmik dobavitelja se tece; naslednji prenos po 4. 09. 2026 17:52.
17:52:27     Prevzem koncan: uspesno 0, neuspesno 0, skupaj virov 1.
17:52:28     Prebranih zapisov: 2763; SHA-256: 22d6c82248e2dfed476df7e40ca1309ecd4f6d3c004bc4c30771efd3a9938f7c
17:52:28     Ta posnetek je ze v bazi; vir=NW_STOCK, podjetje=1, cas posnetka=2026-09-04 13:52:28Z, uporabljenih=2763, v karanteni=0, RunId=f75986ca-5672-48fa-af34-b1c26b9aa2bc. Zapisano ni bilo nic.
17:52:29     Prebranih zapisov: 2763; SHA-256: 22d6c82248e2dfed476df7e40ca1309ecd4f6d3c004bc4c30771efd3a9938f7c
17:52:29     Ta posnetek je ze v bazi; vir=NW_STOCK, podjetje=2, cas posnetka=2026-09-04 13:52:28Z, uporabljenih=2763, v karanteni=0, RunId=70bee31d-7e24-4dd5-a23d-14ffb54daf18. Zapisano ni bilo nic.
17:52:30     Prebranih zapisov: 2763; SHA-256: 22d6c82248e2dfed476df7e40ca1309ecd4f6d3c004bc4c30771efd3a9938f7c
17:52:30     Ta posnetek je ze v bazi; vir=NW_STOCK, podjetje=3, cas posnetka=2026-09-04 13:52:28Z, uporabljenih=2763, v karanteni=0, RunId=c0663b6a-8779-4482-b5ba-0dd620e567f8. Zapisano ni bilo nic.
17:52:31     Prebranih zapisov: 2763; SHA-256: 22d6c82248e2dfed476df7e40ca1309ecd4f6d3c004bc4c30771efd3a9938f7c
17:52:31     Ta posnetek je ze v bazi; vir=NW_STOCK, podjetje=4, cas posnetka=2026-09-04 13:52:28Z, uporabljenih=2763, v karanteni=0, RunId=10eb86f6-e12d-4d5c-a881-006977fcb522. Zapisano ni bilo nic.
17:52:32     konec: Zaloga NW_STOCK
17:52:32  == Zaloga BT_STOCK ==
17:52:32     SOURCE_FETCH: se ni na vrsti po razporedu; preskoceno.
17:52:33     Prebranih zapisov: 1389; SHA-256: da9818c5c6dfd021970c3c526b502e911a5ec7eb32fa266f2eb907376ee50d3d
17:52:33     STOCK_FILE pri podjetju 1: se ni na vrsti po razporedu; preskoceno.
17:52:34     Prebranih zapisov: 1389; SHA-256: da9818c5c6dfd021970c3c526b502e911a5ec7eb32fa266f2eb907376ee50d3d
17:52:34     STOCK_FILE pri podjetju 2: se ni na vrsti po razporedu; preskoceno.
17:52:35     Prebranih zapisov: 1389; SHA-256: da9818c5c6dfd021970c3c526b502e911a5ec7eb32fa266f2eb907376ee50d3d
17:52:35     STOCK_FILE pri podjetju 3: se ni na vrsti po razporedu; preskoceno.
17:52:36     Prebranih zapisov: 1389; SHA-256: da9818c5c6dfd021970c3c526b502e911a5ec7eb32fa266f2eb907376ee50d3d
17:52:36     STOCK_FILE pri podjetju 4: se ni na vrsti po razporedu; preskoceno.
17:52:36     konec: Zaloga BT_STOCK
17:52:36  == Zaloga iz SAOP (kolicine) ==
17:52:37     [1] SAOP_STOCK: se ni na vrsti po razporedu; preskoceno.
17:52:37     [2] SAOP_STOCK: se ni na vrsti po razporedu; preskoceno.
17:52:37     [3] SAOP_STOCK: se ni na vrsti po razporedu; preskoceno.
17:52:37     [4] SAOP_STOCK: se ni na vrsti po razporedu; preskoceno.
17:52:37     konec: Zaloga iz SAOP (kolicine)
17:52:37  == Izvoz cen in zaloge za splet ==
17:52:39     Izvoz profila MAGENTO_STOCK_PRICES končan: 352 vrstic v C:\Users\david\Desktop\PIM\NoviPIM\izvoz\magento\1
17:52:43     Izvoz profila MAGENTO_STOCK_PRICES končan: 2071 vrstic v C:\Users\david\Desktop\PIM\NoviPIM\izvoz\magento\2
17:52:46     Izvoz profila MAGENTO_STOCK_PRICES končan: 2488 vrstic v C:\Users\david\Desktop\PIM\NoviPIM\izvoz\magento\3
17:52:48     Izvoz profila MAGENTO_STOCK_PRICES končan: 0 vrstic v C:\Users\david\Desktop\PIM\NoviPIM\izvoz\magento\4
17:52:48     konec: Izvoz cen in zaloge za splet
17:52:48  Zalogovni cikel koncan; padlih korakov: 0.
17:57:26  == Zaloga NW_STOCK ==
17:57:27     SOURCE_FETCH: se ni na vrsti po razporedu; preskoceno.
17:57:28     Prebranih zapisov: 2763; SHA-256: 22d6c82248e2dfed476df7e40ca1309ecd4f6d3c004bc4c30771efd3a9938f7c
17:57:28     STOCK_FILE pri podjetju 1: se ni na vrsti po razporedu; preskoceno.
17:57:29     Prebranih zapisov: 2763; SHA-256: 22d6c82248e2dfed476df7e40ca1309ecd4f6d3c004bc4c30771efd3a9938f7c
17:57:29     STOCK_FILE pri podjetju 2: se ni na vrsti po razporedu; preskoceno.
17:57:30     Prebranih zapisov: 2763; SHA-256: 22d6c82248e2dfed476df7e40ca1309ecd4f6d3c004bc4c30771efd3a9938f7c
17:57:30     STOCK_FILE pri podjetju 3: se ni na vrsti po razporedu; preskoceno.
17:57:31     Prebranih zapisov: 2763; SHA-256: 22d6c82248e2dfed476df7e40ca1309ecd4f6d3c004bc4c30771efd3a9938f7c
17:57:31     STOCK_FILE pri podjetju 4: se ni na vrsti po razporedu; preskoceno.
17:57:31     konec: Zaloga NW_STOCK
17:57:31  == Zaloga BT_STOCK ==
17:57:32     [BT_STOCK] preskoceno: Razmik dobavitelja se tece; naslednji prenos po 4. 09. 2026 18:42.
17:57:32     Prevzem koncan: uspesno 0, neuspesno 0, skupaj virov 1.
17:57:33     Prebranih zapisov: 1389; SHA-256: da9818c5c6dfd021970c3c526b502e911a5ec7eb32fa266f2eb907376ee50d3d
17:57:33     Ta posnetek je ze v bazi; vir=BT_STOCK, podjetje=1, cas posnetka=2026-09-04 13:42:34Z, uporabljenih=1389, v karanteni=0, RunId=29328099-eebb-4ae4-8cdf-5612f2bdfbef. Zapisano ni bilo nic.
17:57:34     Prebranih zapisov: 1389; SHA-256: da9818c5c6dfd021970c3c526b502e911a5ec7eb32fa266f2eb907376ee50d3d
17:57:34     Ta posnetek je ze v bazi; vir=BT_STOCK, podjetje=2, cas posnetka=2026-09-04 13:42:34Z, uporabljenih=1389, v karanteni=0, RunId=14edf1e4-d31c-4fab-8148-5de6ad057ba7. Zapisano ni bilo nic.
17:57:35     Prebranih zapisov: 1389; SHA-256: da9818c5c6dfd021970c3c526b502e911a5ec7eb32fa266f2eb907376ee50d3d
17:57:35     Ta posnetek je ze v bazi; vir=BT_STOCK, podjetje=3, cas posnetka=2026-09-04 13:42:34Z, uporabljenih=1389, v karanteni=0, RunId=f6de9c9b-ac5e-4f15-83f7-b4996db78622. Zapisano ni bilo nic.
17:57:36     Prebranih zapisov: 1389; SHA-256: da9818c5c6dfd021970c3c526b502e911a5ec7eb32fa266f2eb907376ee50d3d
17:57:36     Ta posnetek je ze v bazi; vir=BT_STOCK, podjetje=4, cas posnetka=2026-09-04 13:42:34Z, uporabljenih=1389, v karanteni=0, RunId=f04274fb-6ddd-4185-ade9-af1b8313d14d. Zapisano ni bilo nic.
17:57:36     konec: Zaloga BT_STOCK
17:57:36  == Zaloga iz SAOP (kolicine) ==
17:57:37     [1] SAOP_STOCK: se ni na vrsti po razporedu; preskoceno.
17:57:37     [2] SAOP_STOCK: se ni na vrsti po razporedu; preskoceno.
17:57:37     [3] SAOP_STOCK: se ni na vrsti po razporedu; preskoceno.
17:57:37     [4] SAOP_STOCK: se ni na vrsti po razporedu; preskoceno.
17:57:37     konec: Zaloga iz SAOP (kolicine)
17:57:37  == Izvoz cen in zaloge za splet ==
17:57:39     Izvoz profila MAGENTO_STOCK_PRICES končan: 352 vrstic v C:\Users\david\Desktop\PIM\NoviPIM\izvoz\magento\1
17:57:43     Izvoz profila MAGENTO_STOCK_PRICES končan: 2071 vrstic v C:\Users\david\Desktop\PIM\NoviPIM\izvoz\magento\2
17:57:46     Izvoz profila MAGENTO_STOCK_PRICES končan: 2488 vrstic v C:\Users\david\Desktop\PIM\NoviPIM\izvoz\magento\3
17:57:47     Izvoz profila MAGENTO_STOCK_PRICES končan: 0 vrstic v C:\Users\david\Desktop\PIM\NoviPIM\izvoz\magento\4
17:57:47     konec: Izvoz cen in zaloge za splet
17:57:47  Zalogovni cikel koncan; padlih korakov: 0.
18:02:26  == Zaloga NW_STOCK ==
18:02:27     SOURCE_FETCH: se ni na vrsti po razporedu; preskoceno.
18:02:28     Prebranih zapisov: 2763; SHA-256: 22d6c82248e2dfed476df7e40ca1309ecd4f6d3c004bc4c30771efd3a9938f7c
18:02:28     STOCK_FILE pri podjetju 1: se ni na vrsti po razporedu; preskoceno.
18:02:29     Prebranih zapisov: 2763; SHA-256: 22d6c82248e2dfed476df7e40ca1309ecd4f6d3c004bc4c30771efd3a9938f7c
18:02:29     STOCK_FILE pri podjetju 2: se ni na vrsti po razporedu; preskoceno.
18:02:30     Prebranih zapisov: 2763; SHA-256: 22d6c82248e2dfed476df7e40ca1309ecd4f6d3c004bc4c30771efd3a9938f7c
18:02:30     STOCK_FILE pri podjetju 3: se ni na vrsti po razporedu; preskoceno.
18:02:31     Prebranih zapisov: 2763; SHA-256: 22d6c82248e2dfed476df7e40ca1309ecd4f6d3c004bc4c30771efd3a9938f7c
18:02:31     STOCK_FILE pri podjetju 4: se ni na vrsti po razporedu; preskoceno.
18:02:31     konec: Zaloga NW_STOCK
18:02:31  == Zaloga BT_STOCK ==
18:02:32     [BT_STOCK] preskoceno: Razmik dobavitelja se tece; naslednji prenos po 4. 09. 2026 18:42.
18:02:32     Prevzem koncan: uspesno 0, neuspesno 0, skupaj virov 1.
18:02:33     Prebranih zapisov: 1389; SHA-256: da9818c5c6dfd021970c3c526b502e911a5ec7eb32fa266f2eb907376ee50d3d
18:02:33     STOCK_FILE pri podjetju 1: se ni na vrsti po razporedu; preskoceno.
18:02:34     Prebranih zapisov: 1389; SHA-256: da9818c5c6dfd021970c3c526b502e911a5ec7eb32fa266f2eb907376ee50d3d
18:02:34     STOCK_FILE pri podjetju 2: se ni na vrsti po razporedu; preskoceno.
18:02:35     Prebranih zapisov: 1389; SHA-256: da9818c5c6dfd021970c3c526b502e911a5ec7eb32fa266f2eb907376ee50d3d
18:02:35     STOCK_FILE pri podjetju 3: se ni na vrsti po razporedu; preskoceno.
18:02:36     Prebranih zapisov: 1389; SHA-256: da9818c5c6dfd021970c3c526b502e911a5ec7eb32fa266f2eb907376ee50d3d
18:02:36     STOCK_FILE pri podjetju 4: se ni na vrsti po razporedu; preskoceno.
18:02:36     konec: Zaloga BT_STOCK
18:02:36  == Zaloga iz SAOP (kolicine) ==
18:02:37     [1] SAOP_STOCK: se ni na vrsti po razporedu; preskoceno.
18:02:37     [2] SAOP_STOCK: se ni na vrsti po razporedu; preskoceno.
18:02:37     [3] SAOP_STOCK: se ni na vrsti po razporedu; preskoceno.
18:02:37     [4] SAOP_STOCK: se ni na vrsti po razporedu; preskoceno.
18:02:37     konec: Zaloga iz SAOP (kolicine)
18:02:37  == Izvoz cen in zaloge za splet ==
18:02:39     Izvoz profila MAGENTO_STOCK_PRICES končan: 352 vrstic v C:\Users\david\Desktop\PIM\NoviPIM\izvoz\magento\1
18:02:42     Izvoz profila MAGENTO_STOCK_PRICES končan: 2071 vrstic v C:\Users\david\Desktop\PIM\NoviPIM\izvoz\magento\2
18:02:46     Izvoz profila MAGENTO_STOCK_PRICES končan: 2488 vrstic v C:\Users\david\Desktop\PIM\NoviPIM\izvoz\magento\3
18:02:47     Izvoz profila MAGENTO_STOCK_PRICES končan: 0 vrstic v C:\Users\david\Desktop\PIM\NoviPIM\izvoz\magento\4
18:02:47     konec: Izvoz cen in zaloge za splet
18:02:47  Zalogovni cikel koncan; padlih korakov: 0.
18:07:26  == Zaloga NW_STOCK ==
18:07:27     SOURCE_FETCH: se ni na vrsti po razporedu; preskoceno.
18:07:28     Prebranih zapisov: 2763; SHA-256: 22d6c82248e2dfed476df7e40ca1309ecd4f6d3c004bc4c30771efd3a9938f7c
18:07:28     Ta posnetek je ze v bazi; vir=NW_STOCK, podjetje=1, cas posnetka=2026-09-04 13:52:28Z, uporabljenih=2763, v karanteni=0, RunId=f75986ca-5672-48fa-af34-b1c26b9aa2bc. Zapisano ni bilo nic.
18:07:29     Prebranih zapisov: 2763; SHA-256: 22d6c82248e2dfed476df7e40ca1309ecd4f6d3c004bc4c30771efd3a9938f7c
18:07:29     Ta posnetek je ze v bazi; vir=NW_STOCK, podjetje=2, cas posnetka=2026-09-04 13:52:28Z, uporabljenih=2763, v karanteni=0, RunId=70bee31d-7e24-4dd5-a23d-14ffb54daf18. Zapisano ni bilo nic.
18:07:30     Prebranih zapisov: 2763; SHA-256: 22d6c82248e2dfed476df7e40ca1309ecd4f6d3c004bc4c30771efd3a9938f7c
18:07:30     Ta posnetek je ze v bazi; vir=NW_STOCK, podjetje=3, cas posnetka=2026-09-04 13:52:28Z, uporabljenih=2763, v karanteni=0, RunId=c0663b6a-8779-4482-b5ba-0dd620e567f8. Zapisano ni bilo nic.
18:07:31     Prebranih zapisov: 2763; SHA-256: 22d6c82248e2dfed476df7e40ca1309ecd4f6d3c004bc4c30771efd3a9938f7c
18:07:31     Ta posnetek je ze v bazi; vir=NW_STOCK, podjetje=4, cas posnetka=2026-09-04 13:52:28Z, uporabljenih=2763, v karanteni=0, RunId=10eb86f6-e12d-4d5c-a881-006977fcb522. Zapisano ni bilo nic.
18:07:32     konec: Zaloga NW_STOCK
18:07:32  == Zaloga BT_STOCK ==
18:07:32     [BT_STOCK] preskoceno: Razmik dobavitelja se tece; naslednji prenos po 4. 09. 2026 18:42.
18:07:32     Prevzem koncan: uspesno 0, neuspesno 0, skupaj virov 1.
18:07:33     Prebranih zapisov: 1389; SHA-256: da9818c5c6dfd021970c3c526b502e911a5ec7eb32fa266f2eb907376ee50d3d
18:07:33     STOCK_FILE pri podjetju 1: se ni na vrsti po razporedu; preskoceno.
18:07:34     Prebranih zapisov: 1389; SHA-256: da9818c5c6dfd021970c3c526b502e911a5ec7eb32fa266f2eb907376ee50d3d
18:07:34     STOCK_FILE pri podjetju 2: se ni na vrsti po razporedu; preskoceno.
18:07:35     Prebranih zapisov: 1389; SHA-256: da9818c5c6dfd021970c3c526b502e911a5ec7eb32fa266f2eb907376ee50d3d
18:07:35     STOCK_FILE pri podjetju 3: se ni na vrsti po razporedu; preskoceno.
18:07:36     Prebranih zapisov: 1389; SHA-256: da9818c5c6dfd021970c3c526b502e911a5ec7eb32fa266f2eb907376ee50d3d
18:07:36     STOCK_FILE pri podjetju 4: se ni na vrsti po razporedu; preskoceno.
18:07:36     konec: Zaloga BT_STOCK
18:07:36  == Zaloga iz SAOP (kolicine) ==
18:07:37     [1] SAOP_STOCK: se ni na vrsti po razporedu; preskoceno.
18:07:37     [2] SAOP_STOCK: se ni na vrsti po razporedu; preskoceno.
18:07:37     [3] SAOP_STOCK: se ni na vrsti po razporedu; preskoceno.
18:07:37     [4] SAOP_STOCK: se ni na vrsti po razporedu; preskoceno.
18:07:37     konec: Zaloga iz SAOP (kolicine)
18:07:37  == Izvoz cen in zaloge za splet ==
18:07:39     Izvoz profila MAGENTO_STOCK_PRICES končan: 352 vrstic v C:\Users\david\Desktop\PIM\NoviPIM\izvoz\magento\1
18:07:43     Izvoz profila MAGENTO_STOCK_PRICES končan: 2071 vrstic v C:\Users\david\Desktop\PIM\NoviPIM\izvoz\magento\2
18:07:46     Izvoz profila MAGENTO_STOCK_PRICES končan: 2488 vrstic v C:\Users\david\Desktop\PIM\NoviPIM\izvoz\magento\3
18:07:47     Izvoz profila MAGENTO_STOCK_PRICES končan: 0 vrstic v C:\Users\david\Desktop\PIM\NoviPIM\izvoz\magento\4
18:07:47     konec: Izvoz cen in zaloge za splet
18:07:47  Zalogovni cikel koncan; padlih korakov: 0.
18:12:26  == Zaloga NW_STOCK ==
18:12:27     SOURCE_FETCH: se ni na vrsti po razporedu; preskoceno.
18:12:28     Prebranih zapisov: 2763; SHA-256: 22d6c82248e2dfed476df7e40ca1309ecd4f6d3c004bc4c30771efd3a9938f7c
18:12:28     STOCK_FILE pri podjetju 1: se ni na vrsti po razporedu; preskoceno.
18:12:29     Prebranih zapisov: 2763; SHA-256: 22d6c82248e2dfed476df7e40ca1309ecd4f6d3c004bc4c30771efd3a9938f7c
18:12:29     STOCK_FILE pri podjetju 2: se ni na vrsti po razporedu; preskoceno.
18:12:30     Prebranih zapisov: 2763; SHA-256: 22d6c82248e2dfed476df7e40ca1309ecd4f6d3c004bc4c30771efd3a9938f7c
18:12:30     STOCK_FILE pri podjetju 3: se ni na vrsti po razporedu; preskoceno.
18:12:31     Prebranih zapisov: 2763; SHA-256: 22d6c82248e2dfed476df7e40ca1309ecd4f6d3c004bc4c30771efd3a9938f7c
18:12:31     STOCK_FILE pri podjetju 4: se ni na vrsti po razporedu; preskoceno.
18:12:31     konec: Zaloga NW_STOCK
18:12:31  == Zaloga BT_STOCK ==
18:12:32     SOURCE_FETCH: se ni na vrsti po razporedu; preskoceno.
18:12:33     Prebranih zapisov: 1389; SHA-256: da9818c5c6dfd021970c3c526b502e911a5ec7eb32fa266f2eb907376ee50d3d
18:12:33     Ta posnetek je ze v bazi; vir=BT_STOCK, podjetje=1, cas posnetka=2026-09-04 13:42:34Z, uporabljenih=1389, v karanteni=0, RunId=29328099-eebb-4ae4-8cdf-5612f2bdfbef. Zapisano ni bilo nic.
18:12:34     Prebranih zapisov: 1389; SHA-256: da9818c5c6dfd021970c3c526b502e911a5ec7eb32fa266f2eb907376ee50d3d
18:12:34     Ta posnetek je ze v bazi; vir=BT_STOCK, podjetje=2, cas posnetka=2026-09-04 13:42:34Z, uporabljenih=1389, v karanteni=0, RunId=14edf1e4-d31c-4fab-8148-5de6ad057ba7. Zapisano ni bilo nic.
18:12:35     Prebranih zapisov: 1389; SHA-256: da9818c5c6dfd021970c3c526b502e911a5ec7eb32fa266f2eb907376ee50d3d
18:12:35     Ta posnetek je ze v bazi; vir=BT_STOCK, podjetje=3, cas posnetka=2026-09-04 13:42:34Z, uporabljenih=1389, v karanteni=0, RunId=f6de9c9b-ac5e-4f15-83f7-b4996db78622. Zapisano ni bilo nic.
18:12:36     Prebranih zapisov: 1389; SHA-256: da9818c5c6dfd021970c3c526b502e911a5ec7eb32fa266f2eb907376ee50d3d
18:12:36     Ta posnetek je ze v bazi; vir=BT_STOCK, podjetje=4, cas posnetka=2026-09-04 13:42:34Z, uporabljenih=1389, v karanteni=0, RunId=f04274fb-6ddd-4185-ade9-af1b8313d14d. Zapisano ni bilo nic.
18:12:36     konec: Zaloga BT_STOCK
18:12:36  == Zaloga iz SAOP (kolicine) ==
18:12:37     [1] SAOP_STOCK: se ni na vrsti po razporedu; preskoceno.
18:12:37     [2] SAOP_STOCK: se ni na vrsti po razporedu; preskoceno.
18:12:37     [3] SAOP_STOCK: se ni na vrsti po razporedu; preskoceno.
18:12:37     [4] SAOP_STOCK: se ni na vrsti po razporedu; preskoceno.
18:12:37     konec: Zaloga iz SAOP (kolicine)
18:12:37  == Izvoz cen in zaloge za splet ==
18:12:39     Izvoz profila MAGENTO_STOCK_PRICES končan: 352 vrstic v C:\Users\david\Desktop\PIM\NoviPIM\izvoz\magento\1
18:12:43     Izvoz profila MAGENTO_STOCK_PRICES končan: 2071 vrstic v C:\Users\david\Desktop\PIM\NoviPIM\izvoz\magento\2
18:12:46     Izvoz profila MAGENTO_STOCK_PRICES končan: 2488 vrstic v C:\Users\david\Desktop\PIM\NoviPIM\izvoz\magento\3
18:12:47     Izvoz profila MAGENTO_STOCK_PRICES končan: 0 vrstic v C:\Users\david\Desktop\PIM\NoviPIM\izvoz\magento\4
18:12:48     konec: Izvoz cen in zaloge za splet
18:12:48  Zalogovni cikel koncan; padlih korakov: 0.
18:17:26  == Zaloga NW_STOCK ==
18:17:28     [NW_STOCK] prevzeto 87.339 bajtov -> C:\Users\david\Desktop\PIM\NoviPIM\PIM_Solution\data\prevzem\NW_STOCK\nw-zaloga.csv
18:17:28     Prevzem koncan: uspesno 1, neuspesno 0, skupaj virov 1.
18:17:29     Prebranih zapisov: 2763; SHA-256: 9e9d824e401b9c0ee2303895bb29d4ad77ac090b4f958f7bbb99c965a2da6ebd
18:17:29     STOCK_FILE pri podjetju 1: se ni na vrsti po razporedu; preskoceno.
18:17:30     Prebranih zapisov: 2763; SHA-256: 9e9d824e401b9c0ee2303895bb29d4ad77ac090b4f958f7bbb99c965a2da6ebd
18:17:30     STOCK_FILE pri podjetju 2: se ni na vrsti po razporedu; preskoceno.
18:17:31     Prebranih zapisov: 2763; SHA-256: 9e9d824e401b9c0ee2303895bb29d4ad77ac090b4f958f7bbb99c965a2da6ebd
18:17:31     STOCK_FILE pri podjetju 3: se ni na vrsti po razporedu; preskoceno.
18:17:32     Prebranih zapisov: 2763; SHA-256: 9e9d824e401b9c0ee2303895bb29d4ad77ac090b4f958f7bbb99c965a2da6ebd
18:17:32     STOCK_FILE pri podjetju 4: se ni na vrsti po razporedu; preskoceno.
18:17:32     konec: Zaloga NW_STOCK
18:17:32  == Zaloga BT_STOCK ==
18:17:33     SOURCE_FETCH: se ni na vrsti po razporedu; preskoceno.
18:17:34     Prebranih zapisov: 1389; SHA-256: da9818c5c6dfd021970c3c526b502e911a5ec7eb32fa266f2eb907376ee50d3d
18:17:34     Ta posnetek je ze v bazi; vir=BT_STOCK, podjetje=1, cas posnetka=2026-09-04 13:42:34Z, uporabljenih=1389, v karanteni=0, RunId=29328099-eebb-4ae4-8cdf-5612f2bdfbef. Zapisano ni bilo nic.
18:17:35     Prebranih zapisov: 1389; SHA-256: da9818c5c6dfd021970c3c526b502e911a5ec7eb32fa266f2eb907376ee50d3d
18:17:35     Ta posnetek je ze v bazi; vir=BT_STOCK, podjetje=2, cas posnetka=2026-09-04 13:42:34Z, uporabljenih=1389, v karanteni=0, RunId=14edf1e4-d31c-4fab-8148-5de6ad057ba7. Zapisano ni bilo nic.
18:17:36     Prebranih zapisov: 1389; SHA-256: da9818c5c6dfd021970c3c526b502e911a5ec7eb32fa266f2eb907376ee50d3d
18:17:36     Ta posnetek je ze v bazi; vir=BT_STOCK, podjetje=3, cas posnetka=2026-09-04 13:42:34Z, uporabljenih=1389, v karanteni=0, RunId=f6de9c9b-ac5e-4f15-83f7-b4996db78622. Zapisano ni bilo nic.
18:17:37     Prebranih zapisov: 1389; SHA-256: da9818c5c6dfd021970c3c526b502e911a5ec7eb32fa266f2eb907376ee50d3d
18:17:37     Ta posnetek je ze v bazi; vir=BT_STOCK, podjetje=4, cas posnetka=2026-09-04 13:42:34Z, uporabljenih=1389, v karanteni=0, RunId=f04274fb-6ddd-4185-ade9-af1b8313d14d. Zapisano ni bilo nic.
18:17:37     konec: Zaloga BT_STOCK
18:17:37  == Zaloga iz SAOP (kolicine) ==
18:17:59     STDERR: [1] NAPAKA: A connection attempt failed because the connected party did not properly respond after a period of time, or established connection failed because connected host has failed to respond. (192.168.178.12:81)
18:18:20     STDERR: [2] NAPAKA: A connection attempt failed because the connected party did not properly respond after a period of time, or established connection failed because connected host has failed to respond. (192.168.178.12:81)
18:18:41     STDERR: [3] NAPAKA: A connection attempt failed because the connected party did not properly respond after a period of time, or established connection failed because connected host has failed to respond. (192.168.178.12:81)
18:19:02     STDERR: [4] NAPAKA: A connection attempt failed because the connected party did not properly respond after a period of time, or established connection failed because connected host has failed to respond. (192.168.178.12:81)
18:19:02     NAPAKA: worker workers\PIM.SaopStockWorker je koncal z izhodno kodo 1
18:19:02  == Izvoz cen in zaloge za splet ==
18:19:04     Izvoz profila MAGENTO_STOCK_PRICES končan: 352 vrstic v C:\Users\david\Desktop\PIM\NoviPIM\izvoz\magento\1
18:19:08     Izvoz profila MAGENTO_STOCK_PRICES končan: 2071 vrstic v C:\Users\david\Desktop\PIM\NoviPIM\izvoz\magento\2
18:19:11     Izvoz profila MAGENTO_STOCK_PRICES končan: 2488 vrstic v C:\Users\david\Desktop\PIM\NoviPIM\izvoz\magento\3
18:19:13     Izvoz profila MAGENTO_STOCK_PRICES končan: 0 vrstic v C:\Users\david\Desktop\PIM\NoviPIM\izvoz\magento\4
18:19:13     konec: Izvoz cen in zaloge za splet
18:19:13  Zalogovni cikel koncan; padlih korakov: 1.
18:22:26  == Zaloga NW_STOCK ==
18:22:27     SOURCE_FETCH: se ni na vrsti po razporedu; preskoceno.
18:22:28     Prebranih zapisov: 2763; SHA-256: 9e9d824e401b9c0ee2303895bb29d4ad77ac090b4f958f7bbb99c965a2da6ebd
18:22:28     STOCK_FILE pri podjetju 1: se ni na vrsti po razporedu; preskoceno.
18:22:29     Prebranih zapisov: 2763; SHA-256: 9e9d824e401b9c0ee2303895bb29d4ad77ac090b4f958f7bbb99c965a2da6ebd
18:22:29     STOCK_FILE pri podjetju 2: se ni na vrsti po razporedu; preskoceno.
18:22:30     Prebranih zapisov: 2763; SHA-256: 9e9d824e401b9c0ee2303895bb29d4ad77ac090b4f958f7bbb99c965a2da6ebd
18:22:30     STOCK_FILE pri podjetju 3: se ni na vrsti po razporedu; preskoceno.
18:22:31     Prebranih zapisov: 2763; SHA-256: 9e9d824e401b9c0ee2303895bb29d4ad77ac090b4f958f7bbb99c965a2da6ebd
18:22:31     STOCK_FILE pri podjetju 4: se ni na vrsti po razporedu; preskoceno.
18:22:31     konec: Zaloga NW_STOCK
18:22:31  == Zaloga BT_STOCK ==
18:22:32     [BT_STOCK] preskoceno: Razmik dobavitelja se tece; naslednji prenos po 4. 09. 2026 18:42.
18:22:32     Prevzem koncan: uspesno 0, neuspesno 0, skupaj virov 1.
18:22:33     Prebranih zapisov: 1389; SHA-256: da9818c5c6dfd021970c3c526b502e911a5ec7eb32fa266f2eb907376ee50d3d
18:22:33     STOCK_FILE pri podjetju 1: se ni na vrsti po razporedu; preskoceno.
18:22:34     Prebranih zapisov: 1389; SHA-256: da9818c5c6dfd021970c3c526b502e911a5ec7eb32fa266f2eb907376ee50d3d
18:22:34     STOCK_FILE pri podjetju 2: se ni na vrsti po razporedu; preskoceno.
18:22:35     Prebranih zapisov: 1389; SHA-256: da9818c5c6dfd021970c3c526b502e911a5ec7eb32fa266f2eb907376ee50d3d
18:22:35     STOCK_FILE pri podjetju 3: se ni na vrsti po razporedu; preskoceno.
18:22:36     Prebranih zapisov: 1389; SHA-256: da9818c5c6dfd021970c3c526b502e911a5ec7eb32fa266f2eb907376ee50d3d
18:22:36     STOCK_FILE pri podjetju 4: se ni na vrsti po razporedu; preskoceno.
18:22:36     konec: Zaloga BT_STOCK
18:22:36  == Zaloga iz SAOP (kolicine) ==
18:22:37     [1] SAOP_STOCK: se ni na vrsti po razporedu; preskoceno.
18:22:37     [2] SAOP_STOCK: se ni na vrsti po razporedu; preskoceno.
18:22:37     [3] SAOP_STOCK: se ni na vrsti po razporedu; preskoceno.
18:22:37     [4] SAOP_STOCK: se ni na vrsti po razporedu; preskoceno.
18:22:37     konec: Zaloga iz SAOP (kolicine)
18:22:37  == Izvoz cen in zaloge za splet ==
18:22:39     Izvoz profila MAGENTO_STOCK_PRICES končan: 352 vrstic v C:\Users\david\Desktop\PIM\NoviPIM\izvoz\magento\1
18:22:43     Izvoz profila MAGENTO_STOCK_PRICES končan: 2071 vrstic v C:\Users\david\Desktop\PIM\NoviPIM\izvoz\magento\2
18:22:46     Izvoz profila MAGENTO_STOCK_PRICES končan: 2488 vrstic v C:\Users\david\Desktop\PIM\NoviPIM\izvoz\magento\3
18:22:47     Izvoz profila MAGENTO_STOCK_PRICES končan: 0 vrstic v C:\Users\david\Desktop\PIM\NoviPIM\izvoz\magento\4
18:22:47     konec: Izvoz cen in zaloge za splet
18:22:47  Zalogovni cikel koncan; padlih korakov: 0.
18:27:26  == Zaloga NW_STOCK ==
18:27:27     SOURCE_FETCH: se ni na vrsti po razporedu; preskoceno.
18:27:28     Prebranih zapisov: 2763; SHA-256: 9e9d824e401b9c0ee2303895bb29d4ad77ac090b4f958f7bbb99c965a2da6ebd
18:27:30     Zaloga zapisana; vir=NW_STOCK, podjetje=1, uporabljenih=2763, v karanteni=0, RunId=d33150ba-038b-4bb1-a66b-a4edd0edda2b.
18:27:30     Prebranih zapisov: 2763; SHA-256: 9e9d824e401b9c0ee2303895bb29d4ad77ac090b4f958f7bbb99c965a2da6ebd
18:27:32     Zaloga zapisana; vir=NW_STOCK, podjetje=2, uporabljenih=2763, v karanteni=0, RunId=415b79b7-9713-45b8-8215-f75500340368.
18:27:33     Prebranih zapisov: 2763; SHA-256: 9e9d824e401b9c0ee2303895bb29d4ad77ac090b4f958f7bbb99c965a2da6ebd
18:27:34     Zaloga zapisana; vir=NW_STOCK, podjetje=3, uporabljenih=2763, v karanteni=0, RunId=a9fb0655-32cd-4a5e-a383-eddb4ad030c8.
18:27:35     Prebranih zapisov: 2763; SHA-256: 9e9d824e401b9c0ee2303895bb29d4ad77ac090b4f958f7bbb99c965a2da6ebd
18:27:36     Zaloga zapisana; vir=NW_STOCK, podjetje=4, uporabljenih=2763, v karanteni=0, RunId=3e720034-f3bd-4b37-9a33-91bc089a5735.
18:27:36     konec: Zaloga NW_STOCK
18:27:36  == Zaloga BT_STOCK ==
18:27:37     [BT_STOCK] preskoceno: Razmik dobavitelja se tece; naslednji prenos po 4. 09. 2026 18:42.
18:27:37     Prevzem koncan: uspesno 0, neuspesno 0, skupaj virov 1.
18:27:38     Prebranih zapisov: 1389; SHA-256: da9818c5c6dfd021970c3c526b502e911a5ec7eb32fa266f2eb907376ee50d3d
18:27:38     STOCK_FILE pri podjetju 1: se ni na vrsti po razporedu; preskoceno.
18:27:39     Prebranih zapisov: 1389; SHA-256: da9818c5c6dfd021970c3c526b502e911a5ec7eb32fa266f2eb907376ee50d3d
18:27:39     STOCK_FILE pri podjetju 2: se ni na vrsti po razporedu; preskoceno.
18:27:40     Prebranih zapisov: 1389; SHA-256: da9818c5c6dfd021970c3c526b502e911a5ec7eb32fa266f2eb907376ee50d3d
18:27:40     STOCK_FILE pri podjetju 3: se ni na vrsti po razporedu; preskoceno.
18:27:41     Prebranih zapisov: 1389; SHA-256: da9818c5c6dfd021970c3c526b502e911a5ec7eb32fa266f2eb907376ee50d3d
18:27:41     STOCK_FILE pri podjetju 4: se ni na vrsti po razporedu; preskoceno.
18:27:41     konec: Zaloga BT_STOCK
18:27:41  == Zaloga iz SAOP (kolicine) ==
18:27:42     [1] SAOP_STOCK: se ni na vrsti po razporedu; preskoceno.
18:27:42     [2] SAOP_STOCK: se ni na vrsti po razporedu; preskoceno.
18:27:42     [3] SAOP_STOCK: se ni na vrsti po razporedu; preskoceno.
18:27:42     [4] SAOP_STOCK: se ni na vrsti po razporedu; preskoceno.
18:27:42     konec: Zaloga iz SAOP (kolicine)
18:27:42  == Izvoz cen in zaloge za splet ==
18:27:44     Izvoz profila MAGENTO_STOCK_PRICES končan: 352 vrstic v C:\Users\david\Desktop\PIM\NoviPIM\izvoz\magento\1
18:27:47     Izvoz profila MAGENTO_STOCK_PRICES končan: 2071 vrstic v C:\Users\david\Desktop\PIM\NoviPIM\izvoz\magento\2
18:27:51     Izvoz profila MAGENTO_STOCK_PRICES končan: 2488 vrstic v C:\Users\david\Desktop\PIM\NoviPIM\izvoz\magento\3
18:27:52     Izvoz profila MAGENTO_STOCK_PRICES končan: 0 vrstic v C:\Users\david\Desktop\PIM\NoviPIM\izvoz\magento\4
18:27:52     konec: Izvoz cen in zaloge za splet
18:27:52  Zalogovni cikel koncan; padlih korakov: 0.
18:32:26  == Zaloga NW_STOCK ==
18:32:27     SOURCE_FETCH: se ni na vrsti po razporedu; preskoceno.
18:32:28     Prebranih zapisov: 2763; SHA-256: 9e9d824e401b9c0ee2303895bb29d4ad77ac090b4f958f7bbb99c965a2da6ebd
18:32:28     STOCK_FILE pri podjetju 1: se ni na vrsti po razporedu; preskoceno.
18:32:29     Prebranih zapisov: 2763; SHA-256: 9e9d824e401b9c0ee2303895bb29d4ad77ac090b4f958f7bbb99c965a2da6ebd
18:32:29     STOCK_FILE pri podjetju 2: se ni na vrsti po razporedu; preskoceno.
18:32:30     Prebranih zapisov: 2763; SHA-256: 9e9d824e401b9c0ee2303895bb29d4ad77ac090b4f958f7bbb99c965a2da6ebd
18:32:30     STOCK_FILE pri podjetju 3: se ni na vrsti po razporedu; preskoceno.
18:32:31     Prebranih zapisov: 2763; SHA-256: 9e9d824e401b9c0ee2303895bb29d4ad77ac090b4f958f7bbb99c965a2da6ebd
18:32:31     STOCK_FILE pri podjetju 4: se ni na vrsti po razporedu; preskoceno.
18:32:31     konec: Zaloga NW_STOCK
18:32:31  == Zaloga BT_STOCK ==
18:32:32     SOURCE_FETCH: se ni na vrsti po razporedu; preskoceno.
18:32:33     Prebranih zapisov: 1389; SHA-256: da9818c5c6dfd021970c3c526b502e911a5ec7eb32fa266f2eb907376ee50d3d
18:32:33     Ta posnetek je ze v bazi; vir=BT_STOCK, podjetje=1, cas posnetka=2026-09-04 13:42:34Z, uporabljenih=1389, v karanteni=0, RunId=29328099-eebb-4ae4-8cdf-5612f2bdfbef. Zapisano ni bilo nic.
18:32:34     Prebranih zapisov: 1389; SHA-256: da9818c5c6dfd021970c3c526b502e911a5ec7eb32fa266f2eb907376ee50d3d
18:32:34     Ta posnetek je ze v bazi; vir=BT_STOCK, podjetje=2, cas posnetka=2026-09-04 13:42:34Z, uporabljenih=1389, v karanteni=0, RunId=14edf1e4-d31c-4fab-8148-5de6ad057ba7. Zapisano ni bilo nic.
18:32:35     Prebranih zapisov: 1389; SHA-256: da9818c5c6dfd021970c3c526b502e911a5ec7eb32fa266f2eb907376ee50d3d
18:32:35     Ta posnetek je ze v bazi; vir=BT_STOCK, podjetje=3, cas posnetka=2026-09-04 13:42:34Z, uporabljenih=1389, v karanteni=0, RunId=f6de9c9b-ac5e-4f15-83f7-b4996db78622. Zapisano ni bilo nic.
18:32:36     Prebranih zapisov: 1389; SHA-256: da9818c5c6dfd021970c3c526b502e911a5ec7eb32fa266f2eb907376ee50d3d
18:32:37     Ta posnetek je ze v bazi; vir=BT_STOCK, podjetje=4, cas posnetka=2026-09-04 13:42:34Z, uporabljenih=1389, v karanteni=0, RunId=f04274fb-6ddd-4185-ade9-af1b8313d14d. Zapisano ni bilo nic.
18:32:37     konec: Zaloga BT_STOCK
18:32:37  == Zaloga iz SAOP (kolicine) ==
18:32:37     [1] SAOP_STOCK: se ni na vrsti po razporedu; preskoceno.
18:32:37     [2] SAOP_STOCK: se ni na vrsti po razporedu; preskoceno.
18:32:37     [3] SAOP_STOCK: se ni na vrsti po razporedu; preskoceno.
18:32:37     [4] SAOP_STOCK: se ni na vrsti po razporedu; preskoceno.
18:32:37     konec: Zaloga iz SAOP (kolicine)
18:32:38  == Izvoz cen in zaloge za splet ==
18:32:39     Izvoz profila MAGENTO_STOCK_PRICES končan: 352 vrstic v C:\Users\david\Desktop\PIM\NoviPIM\izvoz\magento\1
18:32:43     Izvoz profila MAGENTO_STOCK_PRICES končan: 2071 vrstic v C:\Users\david\Desktop\PIM\NoviPIM\izvoz\magento\2
18:32:46     Izvoz profila MAGENTO_STOCK_PRICES končan: 2488 vrstic v C:\Users\david\Desktop\PIM\NoviPIM\izvoz\magento\3
18:32:48     Izvoz profila MAGENTO_STOCK_PRICES končan: 0 vrstic v C:\Users\david\Desktop\PIM\NoviPIM\izvoz\magento\4
18:32:48     konec: Izvoz cen in zaloge za splet
18:32:48  Zalogovni cikel koncan; padlih korakov: 0.
18:37:26  == Zaloga NW_STOCK ==
18:37:27     [NW_STOCK] preskoceno: Razmik dobavitelja se tece; naslednji prenos po 4. 09. 2026 20:17.
18:37:27     Prevzem koncan: uspesno 0, neuspesno 0, skupaj virov 1.
18:37:28     Prebranih zapisov: 2763; SHA-256: 9e9d824e401b9c0ee2303895bb29d4ad77ac090b4f958f7bbb99c965a2da6ebd
18:37:28     STOCK_FILE pri podjetju 1: se ni na vrsti po razporedu; preskoceno.
18:37:29     Prebranih zapisov: 2763; SHA-256: 9e9d824e401b9c0ee2303895bb29d4ad77ac090b4f958f7bbb99c965a2da6ebd
18:37:29     STOCK_FILE pri podjetju 2: se ni na vrsti po razporedu; preskoceno.
18:37:30     Prebranih zapisov: 2763; SHA-256: 9e9d824e401b9c0ee2303895bb29d4ad77ac090b4f958f7bbb99c965a2da6ebd
18:37:30     STOCK_FILE pri podjetju 3: se ni na vrsti po razporedu; preskoceno.
18:37:31     Prebranih zapisov: 2763; SHA-256: 9e9d824e401b9c0ee2303895bb29d4ad77ac090b4f958f7bbb99c965a2da6ebd
18:37:31     STOCK_FILE pri podjetju 4: se ni na vrsti po razporedu; preskoceno.
18:37:31     konec: Zaloga NW_STOCK
18:37:31  == Zaloga BT_STOCK ==
18:37:32     SOURCE_FETCH: se ni na vrsti po razporedu; preskoceno.
18:37:33     Prebranih zapisov: 1389; SHA-256: da9818c5c6dfd021970c3c526b502e911a5ec7eb32fa266f2eb907376ee50d3d
18:37:33     STOCK_FILE pri podjetju 1: se ni na vrsti po razporedu; preskoceno.
18:37:34     Prebranih zapisov: 1389; SHA-256: da9818c5c6dfd021970c3c526b502e911a5ec7eb32fa266f2eb907376ee50d3d
18:37:34     STOCK_FILE pri podjetju 2: se ni na vrsti po razporedu; preskoceno.
18:37:35     Prebranih zapisov: 1389; SHA-256: da9818c5c6dfd021970c3c526b502e911a5ec7eb32fa266f2eb907376ee50d3d
18:37:35     STOCK_FILE pri podjetju 3: se ni na vrsti po razporedu; preskoceno.
18:37:36     Prebranih zapisov: 1389; SHA-256: da9818c5c6dfd021970c3c526b502e911a5ec7eb32fa266f2eb907376ee50d3d
18:37:36     STOCK_FILE pri podjetju 4: se ni na vrsti po razporedu; preskoceno.
18:37:36     konec: Zaloga BT_STOCK
18:37:36  == Zaloga iz SAOP (kolicine) ==
18:37:37     [1] SAOP_STOCK: se ni na vrsti po razporedu; preskoceno.
18:37:37     [2] SAOP_STOCK: se ni na vrsti po razporedu; preskoceno.
18:37:37     [3] SAOP_STOCK: se ni na vrsti po razporedu; preskoceno.
18:37:37     [4] SAOP_STOCK: se ni na vrsti po razporedu; preskoceno.
18:37:37     konec: Zaloga iz SAOP (kolicine)
18:37:37  == Izvoz cen in zaloge za splet ==
18:37:39     Izvoz profila MAGENTO_STOCK_PRICES končan: 352 vrstic v C:\Users\david\Desktop\PIM\NoviPIM\izvoz\magento\1
18:37:42     Izvoz profila MAGENTO_STOCK_PRICES končan: 2071 vrstic v C:\Users\david\Desktop\PIM\NoviPIM\izvoz\magento\2
18:37:46     Izvoz profila MAGENTO_STOCK_PRICES končan: 2488 vrstic v C:\Users\david\Desktop\PIM\NoviPIM\izvoz\magento\3
18:37:47     Izvoz profila MAGENTO_STOCK_PRICES končan: 0 vrstic v C:\Users\david\Desktop\PIM\NoviPIM\izvoz\magento\4
18:37:47     konec: Izvoz cen in zaloge za splet
18:37:47  Zalogovni cikel koncan; padlih korakov: 0.
18:42:26  == Zaloga NW_STOCK ==
18:42:27     SOURCE_FETCH: se ni na vrsti po razporedu; preskoceno.
18:42:28     Prebranih zapisov: 2763; SHA-256: 9e9d824e401b9c0ee2303895bb29d4ad77ac090b4f958f7bbb99c965a2da6ebd
18:42:28     Ta posnetek je ze v bazi; vir=NW_STOCK, podjetje=1, cas posnetka=2026-09-04 16:17:28Z, uporabljenih=2763, v karanteni=0, RunId=d33150ba-038b-4bb1-a66b-a4edd0edda2b. Zapisano ni bilo nic.
18:42:29     Prebranih zapisov: 2763; SHA-256: 9e9d824e401b9c0ee2303895bb29d4ad77ac090b4f958f7bbb99c965a2da6ebd
18:42:29     Ta posnetek je ze v bazi; vir=NW_STOCK, podjetje=2, cas posnetka=2026-09-04 16:17:28Z, uporabljenih=2763, v karanteni=0, RunId=415b79b7-9713-45b8-8215-f75500340368. Zapisano ni bilo nic.
18:42:30     Prebranih zapisov: 2763; SHA-256: 9e9d824e401b9c0ee2303895bb29d4ad77ac090b4f958f7bbb99c965a2da6ebd
18:42:31     Ta posnetek je ze v bazi; vir=NW_STOCK, podjetje=3, cas posnetka=2026-09-04 16:17:28Z, uporabljenih=2763, v karanteni=0, RunId=a9fb0655-32cd-4a5e-a383-eddb4ad030c8. Zapisano ni bilo nic.
18:42:31     Prebranih zapisov: 2763; SHA-256: 9e9d824e401b9c0ee2303895bb29d4ad77ac090b4f958f7bbb99c965a2da6ebd
18:42:32     Ta posnetek je ze v bazi; vir=NW_STOCK, podjetje=4, cas posnetka=2026-09-04 16:17:28Z, uporabljenih=2763, v karanteni=0, RunId=3e720034-f3bd-4b37-9a33-91bc089a5735. Zapisano ni bilo nic.
18:42:32     konec: Zaloga NW_STOCK
18:42:32  == Zaloga BT_STOCK ==
18:42:32     [BT_STOCK] preskoceno: Razmik dobavitelja se tece; naslednji prenos po 4. 09. 2026 18:42.
18:42:32     Prevzem koncan: uspesno 0, neuspesno 0, skupaj virov 1.
18:42:33     Prebranih zapisov: 1389; SHA-256: da9818c5c6dfd021970c3c526b502e911a5ec7eb32fa266f2eb907376ee50d3d
18:42:33     STOCK_FILE pri podjetju 1: se ni na vrsti po razporedu; preskoceno.
18:42:34     Prebranih zapisov: 1389; SHA-256: da9818c5c6dfd021970c3c526b502e911a5ec7eb32fa266f2eb907376ee50d3d
18:42:34     STOCK_FILE pri podjetju 2: se ni na vrsti po razporedu; preskoceno.
18:42:35     Prebranih zapisov: 1389; SHA-256: da9818c5c6dfd021970c3c526b502e911a5ec7eb32fa266f2eb907376ee50d3d
18:42:35     STOCK_FILE pri podjetju 3: se ni na vrsti po razporedu; preskoceno.
18:42:36     Prebranih zapisov: 1389; SHA-256: da9818c5c6dfd021970c3c526b502e911a5ec7eb32fa266f2eb907376ee50d3d
18:42:36     STOCK_FILE pri podjetju 4: se ni na vrsti po razporedu; preskoceno.
18:42:36     konec: Zaloga BT_STOCK
18:42:36  == Zaloga iz SAOP (kolicine) ==
18:42:37     [1] SAOP_STOCK: se ni na vrsti po razporedu; preskoceno.
18:42:37     [2] SAOP_STOCK: se ni na vrsti po razporedu; preskoceno.
18:42:37     [3] SAOP_STOCK: se ni na vrsti po razporedu; preskoceno.
18:42:37     [4] SAOP_STOCK: se ni na vrsti po razporedu; preskoceno.
18:42:37     konec: Zaloga iz SAOP (kolicine)
18:42:37  == Izvoz cen in zaloge za splet ==
18:42:39     Izvoz profila MAGENTO_STOCK_PRICES končan: 352 vrstic v C:\Users\david\Desktop\PIM\NoviPIM\izvoz\magento\1
18:42:43     Izvoz profila MAGENTO_STOCK_PRICES končan: 2071 vrstic v C:\Users\david\Desktop\PIM\NoviPIM\izvoz\magento\2
18:42:46     Izvoz profila MAGENTO_STOCK_PRICES končan: 2488 vrstic v C:\Users\david\Desktop\PIM\NoviPIM\izvoz\magento\3
18:42:47     Izvoz profila MAGENTO_STOCK_PRICES končan: 0 vrstic v C:\Users\david\Desktop\PIM\NoviPIM\izvoz\magento\4
18:42:48     konec: Izvoz cen in zaloge za splet
18:42:48  Zalogovni cikel koncan; padlih korakov: 0.
18:47:26  == Zaloga NW_STOCK ==
18:47:27     SOURCE_FETCH: se ni na vrsti po razporedu; preskoceno.
18:47:28     Prebranih zapisov: 2763; SHA-256: 9e9d824e401b9c0ee2303895bb29d4ad77ac090b4f958f7bbb99c965a2da6ebd
18:47:28     STOCK_FILE pri podjetju 1: se ni na vrsti po razporedu; preskoceno.
18:47:29     Prebranih zapisov: 2763; SHA-256: 9e9d824e401b9c0ee2303895bb29d4ad77ac090b4f958f7bbb99c965a2da6ebd
18:47:29     STOCK_FILE pri podjetju 2: se ni na vrsti po razporedu; preskoceno.
18:47:30     Prebranih zapisov: 2763; SHA-256: 9e9d824e401b9c0ee2303895bb29d4ad77ac090b4f958f7bbb99c965a2da6ebd
18:47:30     STOCK_FILE pri podjetju 3: se ni na vrsti po razporedu; preskoceno.
18:47:31     Prebranih zapisov: 2763; SHA-256: 9e9d824e401b9c0ee2303895bb29d4ad77ac090b4f958f7bbb99c965a2da6ebd
18:47:31     STOCK_FILE pri podjetju 4: se ni na vrsti po razporedu; preskoceno.
18:47:31     konec: Zaloga NW_STOCK
18:47:31  == Zaloga BT_STOCK ==
18:47:32     SOURCE_FETCH: se ni na vrsti po razporedu; preskoceno.
18:47:33     Prebranih zapisov: 1389; SHA-256: da9818c5c6dfd021970c3c526b502e911a5ec7eb32fa266f2eb907376ee50d3d
18:47:33     Ta posnetek je ze v bazi; vir=BT_STOCK, podjetje=1, cas posnetka=2026-09-04 13:42:34Z, uporabljenih=1389, v karanteni=0, RunId=29328099-eebb-4ae4-8cdf-5612f2bdfbef. Zapisano ni bilo nic.
18:47:34     Prebranih zapisov: 1389; SHA-256: da9818c5c6dfd021970c3c526b502e911a5ec7eb32fa266f2eb907376ee50d3d
18:47:34     Ta posnetek je ze v bazi; vir=BT_STOCK, podjetje=2, cas posnetka=2026-09-04 13:42:34Z, uporabljenih=1389, v karanteni=0, RunId=14edf1e4-d31c-4fab-8148-5de6ad057ba7. Zapisano ni bilo nic.
18:47:35     Prebranih zapisov: 1389; SHA-256: da9818c5c6dfd021970c3c526b502e911a5ec7eb32fa266f2eb907376ee50d3d
18:47:35     Ta posnetek je ze v bazi; vir=BT_STOCK, podjetje=3, cas posnetka=2026-09-04 13:42:34Z, uporabljenih=1389, v karanteni=0, RunId=f6de9c9b-ac5e-4f15-83f7-b4996db78622. Zapisano ni bilo nic.
18:47:36     Prebranih zapisov: 1389; SHA-256: da9818c5c6dfd021970c3c526b502e911a5ec7eb32fa266f2eb907376ee50d3d
18:47:36     Ta posnetek je ze v bazi; vir=BT_STOCK, podjetje=4, cas posnetka=2026-09-04 13:42:34Z, uporabljenih=1389, v karanteni=0, RunId=f04274fb-6ddd-4185-ade9-af1b8313d14d. Zapisano ni bilo nic.
18:47:37     konec: Zaloga BT_STOCK
18:47:37  == Zaloga iz SAOP (kolicine) ==
18:47:37     [1] SAOP_STOCK: se ni na vrsti po razporedu; preskoceno.
18:47:37     [2] SAOP_STOCK: se ni na vrsti po razporedu; preskoceno.
18:47:37     [3] SAOP_STOCK: se ni na vrsti po razporedu; preskoceno.
18:47:37     [4] SAOP_STOCK: se ni na vrsti po razporedu; preskoceno.
18:47:37     konec: Zaloga iz SAOP (kolicine)
18:47:37  == Izvoz cen in zaloge za splet ==
18:47:39     Izvoz profila MAGENTO_STOCK_PRICES končan: 352 vrstic v C:\Users\david\Desktop\PIM\NoviPIM\izvoz\magento\1
18:47:43     Izvoz profila MAGENTO_STOCK_PRICES končan: 2071 vrstic v C:\Users\david\Desktop\PIM\NoviPIM\izvoz\magento\2
18:47:46     Izvoz profila MAGENTO_STOCK_PRICES končan: 2488 vrstic v C:\Users\david\Desktop\PIM\NoviPIM\izvoz\magento\3
18:47:48     Izvoz profila MAGENTO_STOCK_PRICES končan: 0 vrstic v C:\Users\david\Desktop\PIM\NoviPIM\izvoz\magento\4
18:47:48     konec: Izvoz cen in zaloge za splet
18:47:48  Zalogovni cikel koncan; padlih korakov: 0.
18:52:26  == Zaloga NW_STOCK ==
18:52:27     [NW_STOCK] preskoceno: Razmik dobavitelja se tece; naslednji prenos po 4. 09. 2026 20:17.
18:52:27     Prevzem koncan: uspesno 0, neuspesno 0, skupaj virov 1.
18:52:28     Prebranih zapisov: 2763; SHA-256: 9e9d824e401b9c0ee2303895bb29d4ad77ac090b4f958f7bbb99c965a2da6ebd
18:52:28     STOCK_FILE pri podjetju 1: se ni na vrsti po razporedu; preskoceno.
18:52:29     Prebranih zapisov: 2763; SHA-256: 9e9d824e401b9c0ee2303895bb29d4ad77ac090b4f958f7bbb99c965a2da6ebd
18:52:29     STOCK_FILE pri podjetju 2: se ni na vrsti po razporedu; preskoceno.
18:52:30     Prebranih zapisov: 2763; SHA-256: 9e9d824e401b9c0ee2303895bb29d4ad77ac090b4f958f7bbb99c965a2da6ebd
18:52:30     STOCK_FILE pri podjetju 3: se ni na vrsti po razporedu; preskoceno.
18:52:31     Prebranih zapisov: 2763; SHA-256: 9e9d824e401b9c0ee2303895bb29d4ad77ac090b4f958f7bbb99c965a2da6ebd
18:52:31     STOCK_FILE pri podjetju 4: se ni na vrsti po razporedu; preskoceno.
18:52:31     konec: Zaloga NW_STOCK
18:52:31  == Zaloga BT_STOCK ==
18:52:32     SOURCE_FETCH: se ni na vrsti po razporedu; preskoceno.
18:52:33     Prebranih zapisov: 1389; SHA-256: da9818c5c6dfd021970c3c526b502e911a5ec7eb32fa266f2eb907376ee50d3d
18:52:33     Ta posnetek je ze v bazi; vir=BT_STOCK, podjetje=1, cas posnetka=2026-09-04 13:42:34Z, uporabljenih=1389, v karanteni=0, RunId=29328099-eebb-4ae4-8cdf-5612f2bdfbef. Zapisano ni bilo nic.
18:52:34     Prebranih zapisov: 1389; SHA-256: da9818c5c6dfd021970c3c526b502e911a5ec7eb32fa266f2eb907376ee50d3d
18:52:34     STOCK_FILE pri podjetju 2: se ni na vrsti po razporedu; preskoceno.
18:52:35     Prebranih zapisov: 1389; SHA-256: da9818c5c6dfd021970c3c526b502e911a5ec7eb32fa266f2eb907376ee50d3d
18:52:35     STOCK_FILE pri podjetju 3: se ni na vrsti po razporedu; preskoceno.
18:52:36     Prebranih zapisov: 1389; SHA-256: da9818c5c6dfd021970c3c526b502e911a5ec7eb32fa266f2eb907376ee50d3d
18:52:36     STOCK_FILE pri podjetju 4: se ni na vrsti po razporedu; preskoceno.
18:52:36     konec: Zaloga BT_STOCK
18:52:36  == Zaloga iz SAOP (kolicine) ==
18:52:58     STDERR: [1] NAPAKA: A connection attempt failed because the connected party did not properly respond after a period of time, or established connection failed because connected host has failed to respond. (192.168.178.12:81)
18:53:19     STDERR: [2] NAPAKA: A connection attempt failed because the connected party did not properly respond after a period of time, or established connection failed because connected host has failed to respond. (192.168.178.12:81)
18:53:40     STDERR: [3] NAPAKA: A connection attempt failed because the connected party did not properly respond after a period of time, or established connection failed because connected host has failed to respond. (192.168.178.12:81)
18:54:01     STDERR: [4] NAPAKA: A connection attempt failed because the connected party did not properly respond after a period of time, or established connection failed because connected host has failed to respond. (192.168.178.12:81)
18:54:01     NAPAKA: worker workers\PIM.SaopStockWorker je koncal z izhodno kodo 1
18:54:01  == Izvoz cen in zaloge za splet ==
18:54:03     Izvoz profila MAGENTO_STOCK_PRICES končan: 352 vrstic v C:\Users\david\Desktop\PIM\NoviPIM\izvoz\magento\1
18:54:07     Izvoz profila MAGENTO_STOCK_PRICES končan: 2071 vrstic v C:\Users\david\Desktop\PIM\NoviPIM\izvoz\magento\2
18:54:10     Izvoz profila MAGENTO_STOCK_PRICES končan: 2488 vrstic v C:\Users\david\Desktop\PIM\NoviPIM\izvoz\magento\3
18:54:12     Izvoz profila MAGENTO_STOCK_PRICES končan: 0 vrstic v C:\Users\david\Desktop\PIM\NoviPIM\izvoz\magento\4
18:54:12     konec: Izvoz cen in zaloge za splet
18:54:12  Zalogovni cikel koncan; padlih korakov: 1.
18:57:26  == Zaloga NW_STOCK ==
18:57:27     SOURCE_FETCH: se ni na vrsti po razporedu; preskoceno.
18:57:28     Prebranih zapisov: 2763; SHA-256: 9e9d824e401b9c0ee2303895bb29d4ad77ac090b4f958f7bbb99c965a2da6ebd
18:57:28     STOCK_FILE pri podjetju 1: se ni na vrsti po razporedu; preskoceno.
18:57:29     Prebranih zapisov: 2763; SHA-256: 9e9d824e401b9c0ee2303895bb29d4ad77ac090b4f958f7bbb99c965a2da6ebd
18:57:29     Ta posnetek je ze v bazi; vir=NW_STOCK, podjetje=2, cas posnetka=2026-09-04 16:17:28Z, uporabljenih=2763, v karanteni=0, RunId=415b79b7-9713-45b8-8215-f75500340368. Zapisano ni bilo nic.
18:57:30     Prebranih zapisov: 2763; SHA-256: 9e9d824e401b9c0ee2303895bb29d4ad77ac090b4f958f7bbb99c965a2da6ebd
18:57:30     Ta posnetek je ze v bazi; vir=NW_STOCK, podjetje=3, cas posnetka=2026-09-04 16:17:28Z, uporabljenih=2763, v karanteni=0, RunId=a9fb0655-32cd-4a5e-a383-eddb4ad030c8. Zapisano ni bilo nic.
18:57:31     Prebranih zapisov: 2763; SHA-256: 9e9d824e401b9c0ee2303895bb29d4ad77ac090b4f958f7bbb99c965a2da6ebd
18:57:31     Ta posnetek je ze v bazi; vir=NW_STOCK, podjetje=4, cas posnetka=2026-09-04 16:17:28Z, uporabljenih=2763, v karanteni=0, RunId=3e720034-f3bd-4b37-9a33-91bc089a5735. Zapisano ni bilo nic.
18:57:32     konec: Zaloga NW_STOCK
18:57:32  == Zaloga BT_STOCK ==
18:57:35     [BT_STOCK] prevzeto 1.588.410 bajtov -> C:\Users\david\Desktop\PIM\NoviPIM\PIM_Solution\data\prevzem\BT_STOCK\braytron-zaloga.xml
18:57:35     Prevzem koncan: uspesno 1, neuspesno 0, skupaj virov 1.
18:57:36     Prebranih zapisov: 1389; SHA-256: a2517b7733d27b59d8188eb1951be99010b20e4977c0b3dab7f5d75170a16581
18:57:37     Zaloga zapisana; vir=BT_STOCK, podjetje=1, uporabljenih=1389, v karanteni=0, RunId=02c1acb6-b45d-4d9c-9682-2034b21811c8.
18:57:37     Prebranih zapisov: 1389; SHA-256: a2517b7733d27b59d8188eb1951be99010b20e4977c0b3dab7f5d75170a16581
18:57:38     STOCK_FILE pri podjetju 2: se ni na vrsti po razporedu; preskoceno.
18:57:38     Prebranih zapisov: 1389; SHA-256: a2517b7733d27b59d8188eb1951be99010b20e4977c0b3dab7f5d75170a16581
18:57:38     STOCK_FILE pri podjetju 3: se ni na vrsti po razporedu; preskoceno.
18:57:39     Prebranih zapisov: 1389; SHA-256: a2517b7733d27b59d8188eb1951be99010b20e4977c0b3dab7f5d75170a16581
18:57:39     STOCK_FILE pri podjetju 4: se ni na vrsti po razporedu; preskoceno.
18:57:40     konec: Zaloga BT_STOCK
18:57:40  == Zaloga iz SAOP (kolicine) ==
18:57:40     [1] SAOP_STOCK: se ni na vrsti po razporedu; preskoceno.
18:57:40     [2] SAOP_STOCK: se ni na vrsti po razporedu; preskoceno.
18:57:40     [3] SAOP_STOCK: se ni na vrsti po razporedu; preskoceno.
18:57:40     [4] SAOP_STOCK: se ni na vrsti po razporedu; preskoceno.
18:57:40     konec: Zaloga iz SAOP (kolicine)
18:57:40  == Izvoz cen in zaloge za splet ==
18:57:42     Izvoz profila MAGENTO_STOCK_PRICES končan: 352 vrstic v C:\Users\david\Desktop\PIM\NoviPIM\izvoz\magento\1
18:57:46     Izvoz profila MAGENTO_STOCK_PRICES končan: 2071 vrstic v C:\Users\david\Desktop\PIM\NoviPIM\izvoz\magento\2
18:57:49     Izvoz profila MAGENTO_STOCK_PRICES končan: 2488 vrstic v C:\Users\david\Desktop\PIM\NoviPIM\izvoz\magento\3
18:57:51     Izvoz profila MAGENTO_STOCK_PRICES končan: 0 vrstic v C:\Users\david\Desktop\PIM\NoviPIM\izvoz\magento\4
18:57:51     konec: Izvoz cen in zaloge za splet
18:57:51  Zalogovni cikel koncan; padlih korakov: 0.
19:02:26  == Zaloga NW_STOCK ==
19:02:27     SOURCE_FETCH: se ni na vrsti po razporedu; preskoceno.
19:02:28     Prebranih zapisov: 2763; SHA-256: 9e9d824e401b9c0ee2303895bb29d4ad77ac090b4f958f7bbb99c965a2da6ebd
19:02:28     STOCK_FILE pri podjetju 1: se ni na vrsti po razporedu; preskoceno.
19:02:29     Prebranih zapisov: 2763; SHA-256: 9e9d824e401b9c0ee2303895bb29d4ad77ac090b4f958f7bbb99c965a2da6ebd
19:02:29     STOCK_FILE pri podjetju 2: se ni na vrsti po razporedu; preskoceno.
19:02:30     Prebranih zapisov: 2763; SHA-256: 9e9d824e401b9c0ee2303895bb29d4ad77ac090b4f958f7bbb99c965a2da6ebd
19:02:30     STOCK_FILE pri podjetju 3: se ni na vrsti po razporedu; preskoceno.
19:02:31     Prebranih zapisov: 2763; SHA-256: 9e9d824e401b9c0ee2303895bb29d4ad77ac090b4f958f7bbb99c965a2da6ebd
19:02:31     STOCK_FILE pri podjetju 4: se ni na vrsti po razporedu; preskoceno.
19:02:31     konec: Zaloga NW_STOCK
19:02:31  == Zaloga BT_STOCK ==
19:02:32     SOURCE_FETCH: se ni na vrsti po razporedu; preskoceno.
19:02:33     Prebranih zapisov: 1389; SHA-256: a2517b7733d27b59d8188eb1951be99010b20e4977c0b3dab7f5d75170a16581
19:02:33     STOCK_FILE pri podjetju 1: se ni na vrsti po razporedu; preskoceno.
19:02:34     Prebranih zapisov: 1389; SHA-256: a2517b7733d27b59d8188eb1951be99010b20e4977c0b3dab7f5d75170a16581
19:02:35     Zaloga zapisana; vir=BT_STOCK, podjetje=2, uporabljenih=1389, v karanteni=0, RunId=3a1137a0-e3ae-48a4-8b13-e2b133d3dc39.
19:02:36     Prebranih zapisov: 1389; SHA-256: a2517b7733d27b59d8188eb1951be99010b20e4977c0b3dab7f5d75170a16581
19:02:36     Zaloga zapisana; vir=BT_STOCK, podjetje=3, uporabljenih=1389, v karanteni=0, RunId=1b118a62-f11d-4131-acf8-e876eb3ac649.
19:02:37     Prebranih zapisov: 1389; SHA-256: a2517b7733d27b59d8188eb1951be99010b20e4977c0b3dab7f5d75170a16581
19:02:38     Zaloga zapisana; vir=BT_STOCK, podjetje=4, uporabljenih=1389, v karanteni=0, RunId=1aa614a3-d639-482b-bde2-25a56612ca47.
19:02:38     konec: Zaloga BT_STOCK
19:02:38  == Zaloga iz SAOP (kolicine) ==
19:02:39     [1] SAOP_STOCK: se ni na vrsti po razporedu; preskoceno.
19:02:39     [2] SAOP_STOCK: se ni na vrsti po razporedu; preskoceno.
19:02:39     [3] SAOP_STOCK: se ni na vrsti po razporedu; preskoceno.
19:02:39     [4] SAOP_STOCK: se ni na vrsti po razporedu; preskoceno.
19:02:39     konec: Zaloga iz SAOP (kolicine)
19:02:39  == Izvoz cen in zaloge za splet ==
19:02:41     Izvoz profila MAGENTO_STOCK_PRICES končan: 352 vrstic v C:\Users\david\Desktop\PIM\NoviPIM\izvoz\magento\1
19:02:44     Izvoz profila MAGENTO_STOCK_PRICES končan: 2071 vrstic v C:\Users\david\Desktop\PIM\NoviPIM\izvoz\magento\2
19:02:48     Izvoz profila MAGENTO_STOCK_PRICES končan: 2488 vrstic v C:\Users\david\Desktop\PIM\NoviPIM\izvoz\magento\3
19:02:49     Izvoz profila MAGENTO_STOCK_PRICES končan: 0 vrstic v C:\Users\david\Desktop\PIM\NoviPIM\izvoz\magento\4
19:02:49     konec: Izvoz cen in zaloge za splet
19:02:49  Zalogovni cikel koncan; padlih korakov: 0.
19:07:27  == Zaloga NW_STOCK ==
19:07:28     [NW_STOCK] preskoceno: Razmik dobavitelja se tece; naslednji prenos po 4. 09. 2026 20:17.
19:07:28     Prevzem koncan: uspesno 0, neuspesno 0, skupaj virov 1.
19:07:29     Prebranih zapisov: 2763; SHA-256: 9e9d824e401b9c0ee2303895bb29d4ad77ac090b4f958f7bbb99c965a2da6ebd
19:07:29     Ta posnetek je ze v bazi; vir=NW_STOCK, podjetje=1, cas posnetka=2026-09-04 16:17:28Z, uporabljenih=2763, v karanteni=0, RunId=d33150ba-038b-4bb1-a66b-a4edd0edda2b. Zapisano ni bilo nic.
19:07:30     Prebranih zapisov: 2763; SHA-256: 9e9d824e401b9c0ee2303895bb29d4ad77ac090b4f958f7bbb99c965a2da6ebd
19:07:30     STOCK_FILE pri podjetju 2: se ni na vrsti po razporedu; preskoceno.
19:07:31     Prebranih zapisov: 2763; SHA-256: 9e9d824e401b9c0ee2303895bb29d4ad77ac090b4f958f7bbb99c965a2da6ebd
19:07:31     STOCK_FILE pri podjetju 3: se ni na vrsti po razporedu; preskoceno.
19:07:32     Prebranih zapisov: 2763; SHA-256: 9e9d824e401b9c0ee2303895bb29d4ad77ac090b4f958f7bbb99c965a2da6ebd
19:07:32     STOCK_FILE pri podjetju 4: se ni na vrsti po razporedu; preskoceno.
19:07:32     konec: Zaloga NW_STOCK
19:07:32  == Zaloga BT_STOCK ==
19:07:33     SOURCE_FETCH: se ni na vrsti po razporedu; preskoceno.
19:07:34     Prebranih zapisov: 1389; SHA-256: a2517b7733d27b59d8188eb1951be99010b20e4977c0b3dab7f5d75170a16581
19:07:34     STOCK_FILE pri podjetju 1: se ni na vrsti po razporedu; preskoceno.
19:07:35     Prebranih zapisov: 1389; SHA-256: a2517b7733d27b59d8188eb1951be99010b20e4977c0b3dab7f5d75170a16581
19:07:35     Ta posnetek je ze v bazi; vir=BT_STOCK, podjetje=2, cas posnetka=2026-09-04 16:57:35Z, uporabljenih=1389, v karanteni=0, RunId=3a1137a0-e3ae-48a4-8b13-e2b133d3dc39. Zapisano ni bilo nic.
19:07:36     Prebranih zapisov: 1389; SHA-256: a2517b7733d27b59d8188eb1951be99010b20e4977c0b3dab7f5d75170a16581
19:07:36     Ta posnetek je ze v bazi; vir=BT_STOCK, podjetje=3, cas posnetka=2026-09-04 16:57:35Z, uporabljenih=1389, v karanteni=0, RunId=1b118a62-f11d-4131-acf8-e876eb3ac649. Zapisano ni bilo nic.
19:07:37     Prebranih zapisov: 1389; SHA-256: a2517b7733d27b59d8188eb1951be99010b20e4977c0b3dab7f5d75170a16581
19:07:37     STOCK_FILE pri podjetju 4: se ni na vrsti po razporedu; preskoceno.
19:07:37     konec: Zaloga BT_STOCK
19:07:37  == Zaloga iz SAOP (kolicine) ==
19:07:38     [1] SAOP_STOCK: se ni na vrsti po razporedu; preskoceno.
19:07:38     [2] SAOP_STOCK: se ni na vrsti po razporedu; preskoceno.
19:07:38     [3] SAOP_STOCK: se ni na vrsti po razporedu; preskoceno.
19:07:38     [4] SAOP_STOCK: se ni na vrsti po razporedu; preskoceno.
19:07:38     konec: Zaloga iz SAOP (kolicine)
19:07:38  == Izvoz cen in zaloge za splet ==
19:07:40     Izvoz profila MAGENTO_STOCK_PRICES končan: 352 vrstic v C:\Users\david\Desktop\PIM\NoviPIM\izvoz\magento\1
19:07:43     Izvoz profila MAGENTO_STOCK_PRICES končan: 2071 vrstic v C:\Users\david\Desktop\PIM\NoviPIM\izvoz\magento\2
19:07:47     Izvoz profila MAGENTO_STOCK_PRICES končan: 2488 vrstic v C:\Users\david\Desktop\PIM\NoviPIM\izvoz\magento\3
19:07:48     Izvoz profila MAGENTO_STOCK_PRICES končan: 0 vrstic v C:\Users\david\Desktop\PIM\NoviPIM\izvoz\magento\4
19:07:48     konec: Izvoz cen in zaloge za splet
19:07:48  Zalogovni cikel koncan; padlih korakov: 0.
19:12:27  == Zaloga NW_STOCK ==
19:12:27     SOURCE_FETCH: se ni na vrsti po razporedu; preskoceno.
19:12:28     Prebranih zapisov: 2763; SHA-256: 9e9d824e401b9c0ee2303895bb29d4ad77ac090b4f958f7bbb99c965a2da6ebd
19:12:28     STOCK_FILE pri podjetju 1: se ni na vrsti po razporedu; preskoceno.
19:12:29     Prebranih zapisov: 2763; SHA-256: 9e9d824e401b9c0ee2303895bb29d4ad77ac090b4f958f7bbb99c965a2da6ebd
19:12:29     STOCK_FILE pri podjetju 2: se ni na vrsti po razporedu; preskoceno.
19:12:30     Prebranih zapisov: 2763; SHA-256: 9e9d824e401b9c0ee2303895bb29d4ad77ac090b4f958f7bbb99c965a2da6ebd
19:12:30     STOCK_FILE pri podjetju 3: se ni na vrsti po razporedu; preskoceno.
19:12:31     Prebranih zapisov: 2763; SHA-256: 9e9d824e401b9c0ee2303895bb29d4ad77ac090b4f958f7bbb99c965a2da6ebd
19:12:31     Ta posnetek je ze v bazi; vir=NW_STOCK, podjetje=4, cas posnetka=2026-09-04 16:17:28Z, uporabljenih=2763, v karanteni=0, RunId=3e720034-f3bd-4b37-9a33-91bc089a5735. Zapisano ni bilo nic.
19:12:31     konec: Zaloga NW_STOCK
19:12:31  == Zaloga BT_STOCK ==
19:12:32     [BT_STOCK] preskoceno: Razmik dobavitelja se tece; naslednji prenos po 4. 09. 2026 21:57.
19:12:32     Prevzem koncan: uspesno 0, neuspesno 0, skupaj virov 1.
19:12:33     Prebranih zapisov: 1389; SHA-256: a2517b7733d27b59d8188eb1951be99010b20e4977c0b3dab7f5d75170a16581
19:12:33     Ta posnetek je ze v bazi; vir=BT_STOCK, podjetje=1, cas posnetka=2026-09-04 16:57:35Z, uporabljenih=1389, v karanteni=0, RunId=02c1acb6-b45d-4d9c-9682-2034b21811c8. Zapisano ni bilo nic.
19:12:34     Prebranih zapisov: 1389; SHA-256: a2517b7733d27b59d8188eb1951be99010b20e4977c0b3dab7f5d75170a16581
19:12:34     STOCK_FILE pri podjetju 2: se ni na vrsti po razporedu; preskoceno.
19:12:35     Prebranih zapisov: 1389; SHA-256: a2517b7733d27b59d8188eb1951be99010b20e4977c0b3dab7f5d75170a16581
19:12:35     STOCK_FILE pri podjetju 3: se ni na vrsti po razporedu; preskoceno.
19:12:36     Prebranih zapisov: 1389; SHA-256: a2517b7733d27b59d8188eb1951be99010b20e4977c0b3dab7f5d75170a16581
19:12:36     STOCK_FILE pri podjetju 4: se ni na vrsti po razporedu; preskoceno.
19:12:36     konec: Zaloga BT_STOCK
19:12:36  == Zaloga iz SAOP (kolicine) ==
19:12:37     [1] SAOP_STOCK: se ni na vrsti po razporedu; preskoceno.
19:12:37     [2] SAOP_STOCK: se ni na vrsti po razporedu; preskoceno.
19:12:37     [3] SAOP_STOCK: se ni na vrsti po razporedu; preskoceno.
19:12:37     [4] SAOP_STOCK: se ni na vrsti po razporedu; preskoceno.
19:12:37     konec: Zaloga iz SAOP (kolicine)
19:12:37  == Izvoz cen in zaloge za splet ==
19:12:39     Izvoz profila MAGENTO_STOCK_PRICES končan: 352 vrstic v C:\Users\david\Desktop\PIM\NoviPIM\izvoz\magento\1
19:12:43     Izvoz profila MAGENTO_STOCK_PRICES končan: 2071 vrstic v C:\Users\david\Desktop\PIM\NoviPIM\izvoz\magento\2
19:12:46     Izvoz profila MAGENTO_STOCK_PRICES končan: 2488 vrstic v C:\Users\david\Desktop\PIM\NoviPIM\izvoz\magento\3
19:12:48     Izvoz profila MAGENTO_STOCK_PRICES končan: 0 vrstic v C:\Users\david\Desktop\PIM\NoviPIM\izvoz\magento\4
19:12:48     konec: Izvoz cen in zaloge za splet
19:12:48  Zalogovni cikel koncan; padlih korakov: 0.
19:17:27  == Zaloga NW_STOCK ==
19:17:28     SOURCE_FETCH: se ni na vrsti po razporedu; preskoceno.
19:17:28     Prebranih zapisov: 2763; SHA-256: 9e9d824e401b9c0ee2303895bb29d4ad77ac090b4f958f7bbb99c965a2da6ebd
19:17:29     STOCK_FILE pri podjetju 1: se ni na vrsti po razporedu; preskoceno.
19:17:29     Prebranih zapisov: 2763; SHA-256: 9e9d824e401b9c0ee2303895bb29d4ad77ac090b4f958f7bbb99c965a2da6ebd
19:17:30     Ta posnetek je ze v bazi; vir=NW_STOCK, podjetje=2, cas posnetka=2026-09-04 16:17:28Z, uporabljenih=2763, v karanteni=0, RunId=415b79b7-9713-45b8-8215-f75500340368. Zapisano ni bilo nic.
19:17:30     Prebranih zapisov: 2763; SHA-256: 9e9d824e401b9c0ee2303895bb29d4ad77ac090b4f958f7bbb99c965a2da6ebd
19:17:31     Ta posnetek je ze v bazi; vir=NW_STOCK, podjetje=3, cas posnetka=2026-09-04 16:17:28Z, uporabljenih=2763, v karanteni=0, RunId=a9fb0655-32cd-4a5e-a383-eddb4ad030c8. Zapisano ni bilo nic.
19:17:31     Prebranih zapisov: 2763; SHA-256: 9e9d824e401b9c0ee2303895bb29d4ad77ac090b4f958f7bbb99c965a2da6ebd
19:17:32     Ta posnetek je ze v bazi; vir=NW_STOCK, podjetje=4, cas posnetka=2026-09-04 16:17:28Z, uporabljenih=2763, v karanteni=0, RunId=3e720034-f3bd-4b37-9a33-91bc089a5735. Zapisano ni bilo nic.
19:17:32     konec: Zaloga NW_STOCK
19:17:32  == Zaloga BT_STOCK ==
19:17:33     [BT_STOCK] preskoceno: Razmik dobavitelja se tece; naslednji prenos po 4. 09. 2026 21:57.
19:17:33     Prevzem koncan: uspesno 0, neuspesno 0, skupaj virov 1.
19:17:34     Prebranih zapisov: 1389; SHA-256: a2517b7733d27b59d8188eb1951be99010b20e4977c0b3dab7f5d75170a16581
19:17:34     Ta posnetek je ze v bazi; vir=BT_STOCK, podjetje=1, cas posnetka=2026-09-04 16:57:35Z, uporabljenih=1389, v karanteni=0, RunId=02c1acb6-b45d-4d9c-9682-2034b21811c8. Zapisano ni bilo nic.
19:17:35     Prebranih zapisov: 1389; SHA-256: a2517b7733d27b59d8188eb1951be99010b20e4977c0b3dab7f5d75170a16581
19:17:35     STOCK_FILE pri podjetju 2: se ni na vrsti po razporedu; preskoceno.
19:17:36     Prebranih zapisov: 1389; SHA-256: a2517b7733d27b59d8188eb1951be99010b20e4977c0b3dab7f5d75170a16581
19:17:36     STOCK_FILE pri podjetju 3: se ni na vrsti po razporedu; preskoceno.
19:17:37     Prebranih zapisov: 1389; SHA-256: a2517b7733d27b59d8188eb1951be99010b20e4977c0b3dab7f5d75170a16581
19:17:37     STOCK_FILE pri podjetju 4: se ni na vrsti po razporedu; preskoceno.
19:17:37     konec: Zaloga BT_STOCK
19:17:37  == Zaloga iz SAOP (kolicine) ==
19:17:38     [1] SAOP_STOCK: se ni na vrsti po razporedu; preskoceno.
19:17:38     [2] SAOP_STOCK: se ni na vrsti po razporedu; preskoceno.
19:17:38     [3] SAOP_STOCK: se ni na vrsti po razporedu; preskoceno.
19:17:38     [4] SAOP_STOCK: se ni na vrsti po razporedu; preskoceno.
19:17:38     konec: Zaloga iz SAOP (kolicine)
19:17:38  == Izvoz cen in zaloge za splet ==
19:17:39     Izvoz profila MAGENTO_STOCK_PRICES končan: 352 vrstic v C:\Users\david\Desktop\PIM\NoviPIM\izvoz\magento\1
19:17:43     Izvoz profila MAGENTO_STOCK_PRICES končan: 2071 vrstic v C:\Users\david\Desktop\PIM\NoviPIM\izvoz\magento\2
19:17:47     Izvoz profila MAGENTO_STOCK_PRICES končan: 2488 vrstic v C:\Users\david\Desktop\PIM\NoviPIM\izvoz\magento\3
19:17:48     Izvoz profila MAGENTO_STOCK_PRICES končan: 0 vrstic v C:\Users\david\Desktop\PIM\NoviPIM\izvoz\magento\4
19:17:48     konec: Izvoz cen in zaloge za splet
19:17:48  Zalogovni cikel koncan; padlih korakov: 0.
19:22:27  == Zaloga NW_STOCK ==
19:22:28     SOURCE_FETCH: se ni na vrsti po razporedu; preskoceno.
19:22:28     Prebranih zapisov: 2763; SHA-256: 9e9d824e401b9c0ee2303895bb29d4ad77ac090b4f958f7bbb99c965a2da6ebd
19:22:29     STOCK_FILE pri podjetju 1: se ni na vrsti po razporedu; preskoceno.
19:22:29     Prebranih zapisov: 2763; SHA-256: 9e9d824e401b9c0ee2303895bb29d4ad77ac090b4f958f7bbb99c965a2da6ebd
19:22:30     STOCK_FILE pri podjetju 2: se ni na vrsti po razporedu; preskoceno.
19:22:30     Prebranih zapisov: 2763; SHA-256: 9e9d824e401b9c0ee2303895bb29d4ad77ac090b4f958f7bbb99c965a2da6ebd
19:22:30     STOCK_FILE pri podjetju 3: se ni na vrsti po razporedu; preskoceno.
19:22:31     Prebranih zapisov: 2763; SHA-256: 9e9d824e401b9c0ee2303895bb29d4ad77ac090b4f958f7bbb99c965a2da6ebd
19:22:31     STOCK_FILE pri podjetju 4: se ni na vrsti po razporedu; preskoceno.
19:22:31     konec: Zaloga NW_STOCK
19:22:31  == Zaloga BT_STOCK ==
19:22:32     SOURCE_FETCH: se ni na vrsti po razporedu; preskoceno.
19:22:33     Prebranih zapisov: 1389; SHA-256: a2517b7733d27b59d8188eb1951be99010b20e4977c0b3dab7f5d75170a16581
19:22:33     STOCK_FILE pri podjetju 1: se ni na vrsti po razporedu; preskoceno.
19:22:34     Prebranih zapisov: 1389; SHA-256: a2517b7733d27b59d8188eb1951be99010b20e4977c0b3dab7f5d75170a16581
19:22:34     Ta posnetek je ze v bazi; vir=BT_STOCK, podjetje=2, cas posnetka=2026-09-04 16:57:35Z, uporabljenih=1389, v karanteni=0, RunId=3a1137a0-e3ae-48a4-8b13-e2b133d3dc39. Zapisano ni bilo nic.
19:22:35     Prebranih zapisov: 1389; SHA-256: a2517b7733d27b59d8188eb1951be99010b20e4977c0b3dab7f5d75170a16581
19:22:35     Ta posnetek je ze v bazi; vir=BT_STOCK, podjetje=3, cas posnetka=2026-09-04 16:57:35Z, uporabljenih=1389, v karanteni=0, RunId=1b118a62-f11d-4131-acf8-e876eb3ac649. Zapisano ni bilo nic.
19:22:36     Prebranih zapisov: 1389; SHA-256: a2517b7733d27b59d8188eb1951be99010b20e4977c0b3dab7f5d75170a16581
19:22:37     Ta posnetek je ze v bazi; vir=BT_STOCK, podjetje=4, cas posnetka=2026-09-04 16:57:35Z, uporabljenih=1389, v karanteni=0, RunId=1aa614a3-d639-482b-bde2-25a56612ca47. Zapisano ni bilo nic.
19:22:37     konec: Zaloga BT_STOCK
19:22:37  == Zaloga iz SAOP (kolicine) ==
19:22:38     [1] SAOP_STOCK: se ni na vrsti po razporedu; preskoceno.
19:22:38     [2] SAOP_STOCK: se ni na vrsti po razporedu; preskoceno.
19:22:38     [3] SAOP_STOCK: se ni na vrsti po razporedu; preskoceno.
19:22:38     [4] SAOP_STOCK: se ni na vrsti po razporedu; preskoceno.
19:22:38     konec: Zaloga iz SAOP (kolicine)
19:22:38  == Izvoz cen in zaloge za splet ==
19:22:39     Izvoz profila MAGENTO_STOCK_PRICES končan: 352 vrstic v C:\Users\david\Desktop\PIM\NoviPIM\izvoz\magento\1
19:22:43     Izvoz profila MAGENTO_STOCK_PRICES končan: 2071 vrstic v C:\Users\david\Desktop\PIM\NoviPIM\izvoz\magento\2
19:22:46     Izvoz profila MAGENTO_STOCK_PRICES končan: 2488 vrstic v C:\Users\david\Desktop\PIM\NoviPIM\izvoz\magento\3
19:22:48     Izvoz profila MAGENTO_STOCK_PRICES končan: 0 vrstic v C:\Users\david\Desktop\PIM\NoviPIM\izvoz\magento\4
19:22:48     konec: Izvoz cen in zaloge za splet
19:22:48  Zalogovni cikel koncan; padlih korakov: 0.
19:27:27  == Zaloga NW_STOCK ==
19:27:28     [NW_STOCK] preskoceno: Razmik dobavitelja se tece; naslednji prenos po 4. 09. 2026 20:17.
19:27:28     Prevzem koncan: uspesno 0, neuspesno 0, skupaj virov 1.
19:27:28     Prebranih zapisov: 2763; SHA-256: 9e9d824e401b9c0ee2303895bb29d4ad77ac090b4f958f7bbb99c965a2da6ebd
19:27:29     Ta posnetek je ze v bazi; vir=NW_STOCK, podjetje=1, cas posnetka=2026-09-04 16:17:28Z, uporabljenih=2763, v karanteni=0, RunId=d33150ba-038b-4bb1-a66b-a4edd0edda2b. Zapisano ni bilo nic.
19:27:29     Prebranih zapisov: 2763; SHA-256: 9e9d824e401b9c0ee2303895bb29d4ad77ac090b4f958f7bbb99c965a2da6ebd
19:27:30     STOCK_FILE pri podjetju 2: se ni na vrsti po razporedu; preskoceno.
19:27:30     Prebranih zapisov: 2763; SHA-256: 9e9d824e401b9c0ee2303895bb29d4ad77ac090b4f958f7bbb99c965a2da6ebd
19:27:31     STOCK_FILE pri podjetju 3: se ni na vrsti po razporedu; preskoceno.
19:27:31     Prebranih zapisov: 2763; SHA-256: 9e9d824e401b9c0ee2303895bb29d4ad77ac090b4f958f7bbb99c965a2da6ebd
19:27:32     STOCK_FILE pri podjetju 4: se ni na vrsti po razporedu; preskoceno.
19:27:32     konec: Zaloga NW_STOCK
19:27:32  == Zaloga BT_STOCK ==
19:27:32     SOURCE_FETCH: se ni na vrsti po razporedu; preskoceno.
19:27:33     Prebranih zapisov: 1389; SHA-256: a2517b7733d27b59d8188eb1951be99010b20e4977c0b3dab7f5d75170a16581
19:27:33     STOCK_FILE pri podjetju 1: se ni na vrsti po razporedu; preskoceno.
19:27:34     Prebranih zapisov: 1389; SHA-256: a2517b7733d27b59d8188eb1951be99010b20e4977c0b3dab7f5d75170a16581
19:27:35     Ta posnetek je ze v bazi; vir=BT_STOCK, podjetje=2, cas posnetka=2026-09-04 16:57:35Z, uporabljenih=1389, v karanteni=0, RunId=3a1137a0-e3ae-48a4-8b13-e2b133d3dc39. Zapisano ni bilo nic.
19:27:35     Prebranih zapisov: 1389; SHA-256: a2517b7733d27b59d8188eb1951be99010b20e4977c0b3dab7f5d75170a16581
19:27:36     Ta posnetek je ze v bazi; vir=BT_STOCK, podjetje=3, cas posnetka=2026-09-04 16:57:35Z, uporabljenih=1389, v karanteni=0, RunId=1b118a62-f11d-4131-acf8-e876eb3ac649. Zapisano ni bilo nic.
19:27:36     Prebranih zapisov: 1389; SHA-256: a2517b7733d27b59d8188eb1951be99010b20e4977c0b3dab7f5d75170a16581
19:27:37     Ta posnetek je ze v bazi; vir=BT_STOCK, podjetje=4, cas posnetka=2026-09-04 16:57:35Z, uporabljenih=1389, v karanteni=0, RunId=1aa614a3-d639-482b-bde2-25a56612ca47. Zapisano ni bilo nic.
19:27:37     konec: Zaloga BT_STOCK
19:27:37  == Zaloga iz SAOP (kolicine) ==
19:27:59     STDERR: [1] NAPAKA: A connection attempt failed because the connected party did not properly respond after a period of time, or established connection failed because connected host has failed to respond. (192.168.178.12:81)
19:28:20     STDERR: [2] NAPAKA: A connection attempt failed because the connected party did not properly respond after a period of time, or established connection failed because connected host has failed to respond. (192.168.178.12:81)
19:28:41     STDERR: [3] NAPAKA: A connection attempt failed because the connected party did not properly respond after a period of time, or established connection failed because connected host has failed to respond. (192.168.178.12:81)
19:29:02     STDERR: [4] NAPAKA: A connection attempt failed because the connected party did not properly respond after a period of time, or established connection failed because connected host has failed to respond. (192.168.178.12:81)
19:29:02     NAPAKA: worker workers\PIM.SaopStockWorker je koncal z izhodno kodo 1
19:29:02  == Izvoz cen in zaloge za splet ==
19:29:04     Izvoz profila MAGENTO_STOCK_PRICES končan: 352 vrstic v C:\Users\david\Desktop\PIM\NoviPIM\izvoz\magento\1
19:29:07     Izvoz profila MAGENTO_STOCK_PRICES končan: 2071 vrstic v C:\Users\david\Desktop\PIM\NoviPIM\izvoz\magento\2
19:29:11     Izvoz profila MAGENTO_STOCK_PRICES končan: 2488 vrstic v C:\Users\david\Desktop\PIM\NoviPIM\izvoz\magento\3
19:29:12     Izvoz profila MAGENTO_STOCK_PRICES končan: 0 vrstic v C:\Users\david\Desktop\PIM\NoviPIM\izvoz\magento\4
19:29:12     konec: Izvoz cen in zaloge za splet
19:29:12  Zalogovni cikel koncan; padlih korakov: 1.
19:32:27  == Zaloga NW_STOCK ==
19:32:27     SOURCE_FETCH: se ni na vrsti po razporedu; preskoceno.
19:32:28     Prebranih zapisov: 2763; SHA-256: 9e9d824e401b9c0ee2303895bb29d4ad77ac090b4f958f7bbb99c965a2da6ebd
19:32:28     STOCK_FILE pri podjetju 1: se ni na vrsti po razporedu; preskoceno.
19:32:29     Prebranih zapisov: 2763; SHA-256: 9e9d824e401b9c0ee2303895bb29d4ad77ac090b4f958f7bbb99c965a2da6ebd
19:32:29     STOCK_FILE pri podjetju 2: se ni na vrsti po razporedu; preskoceno.
19:32:30     Prebranih zapisov: 2763; SHA-256: 9e9d824e401b9c0ee2303895bb29d4ad77ac090b4f958f7bbb99c965a2da6ebd
19:32:30     STOCK_FILE pri podjetju 3: se ni na vrsti po razporedu; preskoceno.
19:32:31     Prebranih zapisov: 2763; SHA-256: 9e9d824e401b9c0ee2303895bb29d4ad77ac090b4f958f7bbb99c965a2da6ebd
19:32:31     STOCK_FILE pri podjetju 4: se ni na vrsti po razporedu; preskoceno.
19:32:31     konec: Zaloga NW_STOCK
19:32:31  == Zaloga BT_STOCK ==
19:32:32     [BT_STOCK] preskoceno: Razmik dobavitelja se tece; naslednji prenos po 4. 09. 2026 21:57.
19:32:32     Prevzem koncan: uspesno 0, neuspesno 0, skupaj virov 1.
19:32:33     Prebranih zapisov: 1389; SHA-256: a2517b7733d27b59d8188eb1951be99010b20e4977c0b3dab7f5d75170a16581
19:32:33     Ta posnetek je ze v bazi; vir=BT_STOCK, podjetje=1, cas posnetka=2026-09-04 16:57:35Z, uporabljenih=1389, v karanteni=0, RunId=02c1acb6-b45d-4d9c-9682-2034b21811c8. Zapisano ni bilo nic.
19:32:34     Prebranih zapisov: 1389; SHA-256: a2517b7733d27b59d8188eb1951be99010b20e4977c0b3dab7f5d75170a16581
19:32:34     STOCK_FILE pri podjetju 2: se ni na vrsti po razporedu; preskoceno.
19:32:35     Prebranih zapisov: 1389; SHA-256: a2517b7733d27b59d8188eb1951be99010b20e4977c0b3dab7f5d75170a16581
19:32:35     STOCK_FILE pri podjetju 3: se ni na vrsti po razporedu; preskoceno.
19:32:36     Prebranih zapisov: 1389; SHA-256: a2517b7733d27b59d8188eb1951be99010b20e4977c0b3dab7f5d75170a16581
19:32:36     STOCK_FILE pri podjetju 4: se ni na vrsti po razporedu; preskoceno.
19:32:36     konec: Zaloga BT_STOCK
19:32:36  == Zaloga iz SAOP (kolicine) ==
19:32:37     [1] SAOP_STOCK: se ni na vrsti po razporedu; preskoceno.
19:32:37     [2] SAOP_STOCK: se ni na vrsti po razporedu; preskoceno.
19:32:37     [3] SAOP_STOCK: se ni na vrsti po razporedu; preskoceno.
19:32:37     [4] SAOP_STOCK: se ni na vrsti po razporedu; preskoceno.
19:32:37     konec: Zaloga iz SAOP (kolicine)
19:32:37  == Izvoz cen in zaloge za splet ==
19:32:39     Izvoz profila MAGENTO_STOCK_PRICES končan: 352 vrstic v C:\Users\david\Desktop\PIM\NoviPIM\izvoz\magento\1
19:32:43     Izvoz profila MAGENTO_STOCK_PRICES končan: 2071 vrstic v C:\Users\david\Desktop\PIM\NoviPIM\izvoz\magento\2
19:32:46     Izvoz profila MAGENTO_STOCK_PRICES končan: 2488 vrstic v C:\Users\david\Desktop\PIM\NoviPIM\izvoz\magento\3
19:32:48     Izvoz profila MAGENTO_STOCK_PRICES končan: 0 vrstic v C:\Users\david\Desktop\PIM\NoviPIM\izvoz\magento\4
19:32:48     konec: Izvoz cen in zaloge za splet
19:32:48  Zalogovni cikel koncan; padlih korakov: 0.
19:37:27  == Zaloga NW_STOCK ==
19:37:28     SOURCE_FETCH: se ni na vrsti po razporedu; preskoceno.
19:37:28     Prebranih zapisov: 2763; SHA-256: 9e9d824e401b9c0ee2303895bb29d4ad77ac090b4f958f7bbb99c965a2da6ebd
19:37:29     STOCK_FILE pri podjetju 1: se ni na vrsti po razporedu; preskoceno.
19:37:29     Prebranih zapisov: 2763; SHA-256: 9e9d824e401b9c0ee2303895bb29d4ad77ac090b4f958f7bbb99c965a2da6ebd
19:37:30     Ta posnetek je ze v bazi; vir=NW_STOCK, podjetje=2, cas posnetka=2026-09-04 16:17:28Z, uporabljenih=2763, v karanteni=0, RunId=415b79b7-9713-45b8-8215-f75500340368. Zapisano ni bilo nic.
19:37:30     Prebranih zapisov: 2763; SHA-256: 9e9d824e401b9c0ee2303895bb29d4ad77ac090b4f958f7bbb99c965a2da6ebd
19:37:31     Ta posnetek je ze v bazi; vir=NW_STOCK, podjetje=3, cas posnetka=2026-09-04 16:17:28Z, uporabljenih=2763, v karanteni=0, RunId=a9fb0655-32cd-4a5e-a383-eddb4ad030c8. Zapisano ni bilo nic.
19:37:31     Prebranih zapisov: 2763; SHA-256: 9e9d824e401b9c0ee2303895bb29d4ad77ac090b4f958f7bbb99c965a2da6ebd
19:37:32     Ta posnetek je ze v bazi; vir=NW_STOCK, podjetje=4, cas posnetka=2026-09-04 16:17:28Z, uporabljenih=2763, v karanteni=0, RunId=3e720034-f3bd-4b37-9a33-91bc089a5735. Zapisano ni bilo nic.
19:37:32     konec: Zaloga NW_STOCK
19:37:32  == Zaloga BT_STOCK ==
19:37:33     [BT_STOCK] preskoceno: Razmik dobavitelja se tece; naslednji prenos po 4. 09. 2026 21:57.
19:37:33     Prevzem koncan: uspesno 0, neuspesno 0, skupaj virov 1.
19:37:33     Prebranih zapisov: 1389; SHA-256: a2517b7733d27b59d8188eb1951be99010b20e4977c0b3dab7f5d75170a16581
19:37:34     Ta posnetek je ze v bazi; vir=BT_STOCK, podjetje=1, cas posnetka=2026-09-04 16:57:35Z, uporabljenih=1389, v karanteni=0, RunId=02c1acb6-b45d-4d9c-9682-2034b21811c8. Zapisano ni bilo nic.
19:37:35     Prebranih zapisov: 1389; SHA-256: a2517b7733d27b59d8188eb1951be99010b20e4977c0b3dab7f5d75170a16581
19:37:35     STOCK_FILE pri podjetju 2: se ni na vrsti po razporedu; preskoceno.
19:37:35     Prebranih zapisov: 1389; SHA-256: a2517b7733d27b59d8188eb1951be99010b20e4977c0b3dab7f5d75170a16581
19:37:36     STOCK_FILE pri podjetju 3: se ni na vrsti po razporedu; preskoceno.
19:37:36     Prebranih zapisov: 1389; SHA-256: a2517b7733d27b59d8188eb1951be99010b20e4977c0b3dab7f5d75170a16581
19:37:37     STOCK_FILE pri podjetju 4: se ni na vrsti po razporedu; preskoceno.
19:37:37     konec: Zaloga BT_STOCK
19:37:37  == Zaloga iz SAOP (kolicine) ==
19:37:38     [1] SAOP_STOCK: se ni na vrsti po razporedu; preskoceno.
19:37:38     [2] SAOP_STOCK: se ni na vrsti po razporedu; preskoceno.
19:37:38     [3] SAOP_STOCK: se ni na vrsti po razporedu; preskoceno.
19:37:38     [4] SAOP_STOCK: se ni na vrsti po razporedu; preskoceno.
19:37:38     konec: Zaloga iz SAOP (kolicine)
19:37:38  == Izvoz cen in zaloge za splet ==
19:37:39     Izvoz profila MAGENTO_STOCK_PRICES končan: 352 vrstic v C:\Users\david\Desktop\PIM\NoviPIM\izvoz\magento\1
19:37:43     Izvoz profila MAGENTO_STOCK_PRICES končan: 2071 vrstic v C:\Users\david\Desktop\PIM\NoviPIM\izvoz\magento\2
19:37:47     Izvoz profila MAGENTO_STOCK_PRICES končan: 2488 vrstic v C:\Users\david\Desktop\PIM\NoviPIM\izvoz\magento\3
19:37:48     Izvoz profila MAGENTO_STOCK_PRICES končan: 0 vrstic v C:\Users\david\Desktop\PIM\NoviPIM\izvoz\magento\4
19:37:48     konec: Izvoz cen in zaloge za splet
19:37:48  Zalogovni cikel koncan; padlih korakov: 0.
19:42:27  == Zaloga NW_STOCK ==
19:42:28     SOURCE_FETCH: se ni na vrsti po razporedu; preskoceno.
19:42:28     Prebranih zapisov: 2763; SHA-256: 9e9d824e401b9c0ee2303895bb29d4ad77ac090b4f958f7bbb99c965a2da6ebd
19:42:28     STOCK_FILE pri podjetju 1: se ni na vrsti po razporedu; preskoceno.
19:42:29     Prebranih zapisov: 2763; SHA-256: 9e9d824e401b9c0ee2303895bb29d4ad77ac090b4f958f7bbb99c965a2da6ebd
19:42:29     STOCK_FILE pri podjetju 2: se ni na vrsti po razporedu; preskoceno.
19:42:30     Prebranih zapisov: 2763; SHA-256: 9e9d824e401b9c0ee2303895bb29d4ad77ac090b4f958f7bbb99c965a2da6ebd
19:42:30     STOCK_FILE pri podjetju 3: se ni na vrsti po razporedu; preskoceno.
19:42:31     Prebranih zapisov: 2763; SHA-256: 9e9d824e401b9c0ee2303895bb29d4ad77ac090b4f958f7bbb99c965a2da6ebd
19:42:31     STOCK_FILE pri podjetju 4: se ni na vrsti po razporedu; preskoceno.
19:42:31     konec: Zaloga NW_STOCK
19:42:31  == Zaloga BT_STOCK ==
19:42:32     SOURCE_FETCH: se ni na vrsti po razporedu; preskoceno.
19:42:33     Prebranih zapisov: 1389; SHA-256: a2517b7733d27b59d8188eb1951be99010b20e4977c0b3dab7f5d75170a16581
19:42:33     STOCK_FILE pri podjetju 1: se ni na vrsti po razporedu; preskoceno.
19:42:34     Prebranih zapisov: 1389; SHA-256: a2517b7733d27b59d8188eb1951be99010b20e4977c0b3dab7f5d75170a16581
19:42:34     Ta posnetek je ze v bazi; vir=BT_STOCK, podjetje=2, cas posnetka=2026-09-04 16:57:35Z, uporabljenih=1389, v karanteni=0, RunId=3a1137a0-e3ae-48a4-8b13-e2b133d3dc39. Zapisano ni bilo nic.
19:42:35     Prebranih zapisov: 1389; SHA-256: a2517b7733d27b59d8188eb1951be99010b20e4977c0b3dab7f5d75170a16581
19:42:35     Ta posnetek je ze v bazi; vir=BT_STOCK, podjetje=3, cas posnetka=2026-09-04 16:57:35Z, uporabljenih=1389, v karanteni=0, RunId=1b118a62-f11d-4131-acf8-e876eb3ac649. Zapisano ni bilo nic.
19:42:36     Prebranih zapisov: 1389; SHA-256: a2517b7733d27b59d8188eb1951be99010b20e4977c0b3dab7f5d75170a16581
19:42:37     Ta posnetek je ze v bazi; vir=BT_STOCK, podjetje=4, cas posnetka=2026-09-04 16:57:35Z, uporabljenih=1389, v karanteni=0, RunId=1aa614a3-d639-482b-bde2-25a56612ca47. Zapisano ni bilo nic.
19:42:37     konec: Zaloga BT_STOCK
19:42:37  == Zaloga iz SAOP (kolicine) ==
19:42:37     [1] SAOP_STOCK: se ni na vrsti po razporedu; preskoceno.
19:42:37     [2] SAOP_STOCK: se ni na vrsti po razporedu; preskoceno.
19:42:37     [3] SAOP_STOCK: se ni na vrsti po razporedu; preskoceno.
19:42:37     [4] SAOP_STOCK: se ni na vrsti po razporedu; preskoceno.
19:42:38     konec: Zaloga iz SAOP (kolicine)
19:42:38  == Izvoz cen in zaloge za splet ==
19:42:39     Izvoz profila MAGENTO_STOCK_PRICES končan: 352 vrstic v C:\Users\david\Desktop\PIM\NoviPIM\izvoz\magento\1
19:42:43     Izvoz profila MAGENTO_STOCK_PRICES končan: 2071 vrstic v C:\Users\david\Desktop\PIM\NoviPIM\izvoz\magento\2
19:42:46     Izvoz profila MAGENTO_STOCK_PRICES končan: 2488 vrstic v C:\Users\david\Desktop\PIM\NoviPIM\izvoz\magento\3
19:42:48     Izvoz profila MAGENTO_STOCK_PRICES končan: 0 vrstic v C:\Users\david\Desktop\PIM\NoviPIM\izvoz\magento\4
19:42:48     konec: Izvoz cen in zaloge za splet
19:42:48  Zalogovni cikel koncan; padlih korakov: 0.
19:47:27  == Zaloga NW_STOCK ==
19:47:28     [NW_STOCK] preskoceno: Razmik dobavitelja se tece; naslednji prenos po 4. 09. 2026 20:17.
19:47:28     Prevzem koncan: uspesno 0, neuspesno 0, skupaj virov 1.
19:47:28     Prebranih zapisov: 2763; SHA-256: 9e9d824e401b9c0ee2303895bb29d4ad77ac090b4f958f7bbb99c965a2da6ebd
19:47:29     Ta posnetek je ze v bazi; vir=NW_STOCK, podjetje=1, cas posnetka=2026-09-04 16:17:28Z, uporabljenih=2763, v karanteni=0, RunId=d33150ba-038b-4bb1-a66b-a4edd0edda2b. Zapisano ni bilo nic.
19:47:29     Prebranih zapisov: 2763; SHA-256: 9e9d824e401b9c0ee2303895bb29d4ad77ac090b4f958f7bbb99c965a2da6ebd
19:47:30     STOCK_FILE pri podjetju 2: se ni na vrsti po razporedu; preskoceno.
19:47:30     Prebranih zapisov: 2763; SHA-256: 9e9d824e401b9c0ee2303895bb29d4ad77ac090b4f958f7bbb99c965a2da6ebd
19:47:30     STOCK_FILE pri podjetju 3: se ni na vrsti po razporedu; preskoceno.
19:47:31     Prebranih zapisov: 2763; SHA-256: 9e9d824e401b9c0ee2303895bb29d4ad77ac090b4f958f7bbb99c965a2da6ebd
19:47:31     STOCK_FILE pri podjetju 4: se ni na vrsti po razporedu; preskoceno.
19:47:31     konec: Zaloga NW_STOCK
19:47:31  == Zaloga BT_STOCK ==
19:47:32     SOURCE_FETCH: se ni na vrsti po razporedu; preskoceno.
19:47:33     Prebranih zapisov: 1389; SHA-256: a2517b7733d27b59d8188eb1951be99010b20e4977c0b3dab7f5d75170a16581
19:47:33     STOCK_FILE pri podjetju 1: se ni na vrsti po razporedu; preskoceno.
19:47:34     Prebranih zapisov: 1389; SHA-256: a2517b7733d27b59d8188eb1951be99010b20e4977c0b3dab7f5d75170a16581
19:47:34     STOCK_FILE pri podjetju 2: se ni na vrsti po razporedu; preskoceno.
19:47:35     Prebranih zapisov: 1389; SHA-256: a2517b7733d27b59d8188eb1951be99010b20e4977c0b3dab7f5d75170a16581
19:47:35     STOCK_FILE pri podjetju 3: se ni na vrsti po razporedu; preskoceno.
19:47:36     Prebranih zapisov: 1389; SHA-256: a2517b7733d27b59d8188eb1951be99010b20e4977c0b3dab7f5d75170a16581
19:47:36     STOCK_FILE pri podjetju 4: se ni na vrsti po razporedu; preskoceno.
19:47:36     konec: Zaloga BT_STOCK
19:47:36  == Zaloga iz SAOP (kolicine) ==
19:47:37     [1] SAOP_STOCK: se ni na vrsti po razporedu; preskoceno.
19:47:37     [2] SAOP_STOCK: se ni na vrsti po razporedu; preskoceno.
19:47:37     [3] SAOP_STOCK: se ni na vrsti po razporedu; preskoceno.
19:47:37     [4] SAOP_STOCK: se ni na vrsti po razporedu; preskoceno.
19:47:37     konec: Zaloga iz SAOP (kolicine)
19:47:37  == Izvoz cen in zaloge za splet ==
19:47:39     Izvoz profila MAGENTO_STOCK_PRICES končan: 352 vrstic v C:\Users\david\Desktop\PIM\NoviPIM\izvoz\magento\1
19:47:43     Izvoz profila MAGENTO_STOCK_PRICES končan: 2071 vrstic v C:\Users\david\Desktop\PIM\NoviPIM\izvoz\magento\2
19:47:46     Izvoz profila MAGENTO_STOCK_PRICES končan: 2488 vrstic v C:\Users\david\Desktop\PIM\NoviPIM\izvoz\magento\3
19:47:47     Izvoz profila MAGENTO_STOCK_PRICES končan: 0 vrstic v C:\Users\david\Desktop\PIM\NoviPIM\izvoz\magento\4
19:47:47     konec: Izvoz cen in zaloge za splet
19:47:47  Zalogovni cikel koncan; padlih korakov: 0.
19:52:27  == Zaloga NW_STOCK ==
19:52:28     SOURCE_FETCH: se ni na vrsti po razporedu; preskoceno.
19:52:28     Prebranih zapisov: 2763; SHA-256: 9e9d824e401b9c0ee2303895bb29d4ad77ac090b4f958f7bbb99c965a2da6ebd
19:52:28     STOCK_FILE pri podjetju 1: se ni na vrsti po razporedu; preskoceno.
19:52:29     Prebranih zapisov: 2763; SHA-256: 9e9d824e401b9c0ee2303895bb29d4ad77ac090b4f958f7bbb99c965a2da6ebd
19:52:30     Ta posnetek je ze v bazi; vir=NW_STOCK, podjetje=2, cas posnetka=2026-09-04 16:17:28Z, uporabljenih=2763, v karanteni=0, RunId=415b79b7-9713-45b8-8215-f75500340368. Zapisano ni bilo nic.
19:52:30     Prebranih zapisov: 2763; SHA-256: 9e9d824e401b9c0ee2303895bb29d4ad77ac090b4f958f7bbb99c965a2da6ebd
19:52:31     Ta posnetek je ze v bazi; vir=NW_STOCK, podjetje=3, cas posnetka=2026-09-04 16:17:28Z, uporabljenih=2763, v karanteni=0, RunId=a9fb0655-32cd-4a5e-a383-eddb4ad030c8. Zapisano ni bilo nic.
19:52:31     Prebranih zapisov: 2763; SHA-256: 9e9d824e401b9c0ee2303895bb29d4ad77ac090b4f958f7bbb99c965a2da6ebd
19:52:32     Ta posnetek je ze v bazi; vir=NW_STOCK, podjetje=4, cas posnetka=2026-09-04 16:17:28Z, uporabljenih=2763, v karanteni=0, RunId=3e720034-f3bd-4b37-9a33-91bc089a5735. Zapisano ni bilo nic.
19:52:32     konec: Zaloga NW_STOCK
19:52:32  == Zaloga BT_STOCK ==
19:52:33     [BT_STOCK] preskoceno: Razmik dobavitelja se tece; naslednji prenos po 4. 09. 2026 21:57.
19:52:33     Prevzem koncan: uspesno 0, neuspesno 0, skupaj virov 1.
19:52:33     Prebranih zapisov: 1389; SHA-256: a2517b7733d27b59d8188eb1951be99010b20e4977c0b3dab7f5d75170a16581
19:52:34     Ta posnetek je ze v bazi; vir=BT_STOCK, podjetje=1, cas posnetka=2026-09-04 16:57:35Z, uporabljenih=1389, v karanteni=0, RunId=02c1acb6-b45d-4d9c-9682-2034b21811c8. Zapisano ni bilo nic.
19:52:34     Prebranih zapisov: 1389; SHA-256: a2517b7733d27b59d8188eb1951be99010b20e4977c0b3dab7f5d75170a16581
19:52:35     STOCK_FILE pri podjetju 2: se ni na vrsti po razporedu; preskoceno.
19:52:35     Prebranih zapisov: 1389; SHA-256: a2517b7733d27b59d8188eb1951be99010b20e4977c0b3dab7f5d75170a16581
19:52:36     STOCK_FILE pri podjetju 3: se ni na vrsti po razporedu; preskoceno.
19:52:36     Prebranih zapisov: 1389; SHA-256: a2517b7733d27b59d8188eb1951be99010b20e4977c0b3dab7f5d75170a16581
19:52:37     STOCK_FILE pri podjetju 4: se ni na vrsti po razporedu; preskoceno.
19:52:37     konec: Zaloga BT_STOCK
19:52:37  == Zaloga iz SAOP (kolicine) ==
19:52:37     [1] SAOP_STOCK: se ni na vrsti po razporedu; preskoceno.
19:52:37     [2] SAOP_STOCK: se ni na vrsti po razporedu; preskoceno.
19:52:37     [3] SAOP_STOCK: se ni na vrsti po razporedu; preskoceno.
19:52:37     [4] SAOP_STOCK: se ni na vrsti po razporedu; preskoceno.
19:52:38     konec: Zaloga iz SAOP (kolicine)
19:52:38  == Izvoz cen in zaloge za splet ==
19:52:39     Izvoz profila MAGENTO_STOCK_PRICES končan: 352 vrstic v C:\Users\david\Desktop\PIM\NoviPIM\izvoz\magento\1
19:52:43     Izvoz profila MAGENTO_STOCK_PRICES končan: 2071 vrstic v C:\Users\david\Desktop\PIM\NoviPIM\izvoz\magento\2
19:52:46     Izvoz profila MAGENTO_STOCK_PRICES končan: 2488 vrstic v C:\Users\david\Desktop\PIM\NoviPIM\izvoz\magento\3
19:52:48     Izvoz profila MAGENTO_STOCK_PRICES končan: 0 vrstic v C:\Users\david\Desktop\PIM\NoviPIM\izvoz\magento\4
19:52:48     konec: Izvoz cen in zaloge za splet
19:52:48  Zalogovni cikel koncan; padlih korakov: 0.
19:57:27  == Zaloga NW_STOCK ==
19:57:28     SOURCE_FETCH: se ni na vrsti po razporedu; preskoceno.
19:57:28     Prebranih zapisov: 2763; SHA-256: 9e9d824e401b9c0ee2303895bb29d4ad77ac090b4f958f7bbb99c965a2da6ebd
19:57:28     STOCK_FILE pri podjetju 1: se ni na vrsti po razporedu; preskoceno.
19:57:29     Prebranih zapisov: 2763; SHA-256: 9e9d824e401b9c0ee2303895bb29d4ad77ac090b4f958f7bbb99c965a2da6ebd
19:57:29     STOCK_FILE pri podjetju 2: se ni na vrsti po razporedu; preskoceno.
19:57:30     Prebranih zapisov: 2763; SHA-256: 9e9d824e401b9c0ee2303895bb29d4ad77ac090b4f958f7bbb99c965a2da6ebd
19:57:30     STOCK_FILE pri podjetju 3: se ni na vrsti po razporedu; preskoceno.
19:57:31     Prebranih zapisov: 2763; SHA-256: 9e9d824e401b9c0ee2303895bb29d4ad77ac090b4f958f7bbb99c965a2da6ebd
19:57:31     STOCK_FILE pri podjetju 4: se ni na vrsti po razporedu; preskoceno.
19:57:31     konec: Zaloga NW_STOCK
19:57:31  == Zaloga BT_STOCK ==
19:57:32     SOURCE_FETCH: se ni na vrsti po razporedu; preskoceno.
19:57:33     Prebranih zapisov: 1389; SHA-256: a2517b7733d27b59d8188eb1951be99010b20e4977c0b3dab7f5d75170a16581
19:57:33     STOCK_FILE pri podjetju 1: se ni na vrsti po razporedu; preskoceno.
19:57:34     Prebranih zapisov: 1389; SHA-256: a2517b7733d27b59d8188eb1951be99010b20e4977c0b3dab7f5d75170a16581
19:57:34     Ta posnetek je ze v bazi; vir=BT_STOCK, podjetje=2, cas posnetka=2026-09-04 16:57:35Z, uporabljenih=1389, v karanteni=0, RunId=3a1137a0-e3ae-48a4-8b13-e2b133d3dc39. Zapisano ni bilo nic.
19:57:35     Prebranih zapisov: 1389; SHA-256: a2517b7733d27b59d8188eb1951be99010b20e4977c0b3dab7f5d75170a16581
19:57:35     Ta posnetek je ze v bazi; vir=BT_STOCK, podjetje=3, cas posnetka=2026-09-04 16:57:35Z, uporabljenih=1389, v karanteni=0, RunId=1b118a62-f11d-4131-acf8-e876eb3ac649. Zapisano ni bilo nic.
19:57:36     Prebranih zapisov: 1389; SHA-256: a2517b7733d27b59d8188eb1951be99010b20e4977c0b3dab7f5d75170a16581
19:57:36     Ta posnetek je ze v bazi; vir=BT_STOCK, podjetje=4, cas posnetka=2026-09-04 16:57:35Z, uporabljenih=1389, v karanteni=0, RunId=1aa614a3-d639-482b-bde2-25a56612ca47. Zapisano ni bilo nic.
19:57:36     konec: Zaloga BT_STOCK
19:57:36  == Zaloga iz SAOP (kolicine) ==
19:57:37     [1] SAOP_STOCK: se ni na vrsti po razporedu; preskoceno.
19:57:37     [2] SAOP_STOCK: se ni na vrsti po razporedu; preskoceno.
19:57:37     [3] SAOP_STOCK: se ni na vrsti po razporedu; preskoceno.
19:57:37     [4] SAOP_STOCK: se ni na vrsti po razporedu; preskoceno.
19:57:37     konec: Zaloga iz SAOP (kolicine)
19:57:37  == Izvoz cen in zaloge za splet ==
19:57:39     Izvoz profila MAGENTO_STOCK_PRICES končan: 352 vrstic v C:\Users\david\Desktop\PIM\NoviPIM\izvoz\magento\1
19:57:43     Izvoz profila MAGENTO_STOCK_PRICES končan: 2071 vrstic v C:\Users\david\Desktop\PIM\NoviPIM\izvoz\magento\2
19:57:46     Izvoz profila MAGENTO_STOCK_PRICES končan: 2488 vrstic v C:\Users\david\Desktop\PIM\NoviPIM\izvoz\magento\3
19:57:48     Izvoz profila MAGENTO_STOCK_PRICES končan: 0 vrstic v C:\Users\david\Desktop\PIM\NoviPIM\izvoz\magento\4
19:57:48     konec: Izvoz cen in zaloge za splet
19:57:48  Zalogovni cikel koncan; padlih korakov: 0.
20:02:27  == Zaloga NW_STOCK ==
20:02:28     [NW_STOCK] preskoceno: Razmik dobavitelja se tece; naslednji prenos po 4. 09. 2026 20:17.
20:02:28     Prevzem koncan: uspesno 0, neuspesno 0, skupaj virov 1.
20:02:28     Prebranih zapisov: 2763; SHA-256: 9e9d824e401b9c0ee2303895bb29d4ad77ac090b4f958f7bbb99c965a2da6ebd
20:02:29     Ta posnetek je ze v bazi; vir=NW_STOCK, podjetje=1, cas posnetka=2026-09-04 16:17:28Z, uporabljenih=2763, v karanteni=0, RunId=d33150ba-038b-4bb1-a66b-a4edd0edda2b. Zapisano ni bilo nic.
20:02:29     Prebranih zapisov: 2763; SHA-256: 9e9d824e401b9c0ee2303895bb29d4ad77ac090b4f958f7bbb99c965a2da6ebd
20:02:30     STOCK_FILE pri podjetju 2: se ni na vrsti po razporedu; preskoceno.
20:02:30     Prebranih zapisov: 2763; SHA-256: 9e9d824e401b9c0ee2303895bb29d4ad77ac090b4f958f7bbb99c965a2da6ebd
20:02:31     STOCK_FILE pri podjetju 3: se ni na vrsti po razporedu; preskoceno.
20:02:31     Prebranih zapisov: 2763; SHA-256: 9e9d824e401b9c0ee2303895bb29d4ad77ac090b4f958f7bbb99c965a2da6ebd
20:02:31     STOCK_FILE pri podjetju 4: se ni na vrsti po razporedu; preskoceno.
20:02:31     konec: Zaloga NW_STOCK
20:02:32  == Zaloga BT_STOCK ==
20:02:32     SOURCE_FETCH: se ni na vrsti po razporedu; preskoceno.
20:02:33     Prebranih zapisov: 1389; SHA-256: a2517b7733d27b59d8188eb1951be99010b20e4977c0b3dab7f5d75170a16581
20:02:33     STOCK_FILE pri podjetju 1: se ni na vrsti po razporedu; preskoceno.
20:02:34     Prebranih zapisov: 1389; SHA-256: a2517b7733d27b59d8188eb1951be99010b20e4977c0b3dab7f5d75170a16581
20:02:34     Ta posnetek je ze v bazi; vir=BT_STOCK, podjetje=2, cas posnetka=2026-09-04 16:57:35Z, uporabljenih=1389, v karanteni=0, RunId=3a1137a0-e3ae-48a4-8b13-e2b133d3dc39. Zapisano ni bilo nic.
20:02:35     Prebranih zapisov: 1389; SHA-256: a2517b7733d27b59d8188eb1951be99010b20e4977c0b3dab7f5d75170a16581
20:02:36     Ta posnetek je ze v bazi; vir=BT_STOCK, podjetje=3, cas posnetka=2026-09-04 16:57:35Z, uporabljenih=1389, v karanteni=0, RunId=1b118a62-f11d-4131-acf8-e876eb3ac649. Zapisano ni bilo nic.
20:02:36     Prebranih zapisov: 1389; SHA-256: a2517b7733d27b59d8188eb1951be99010b20e4977c0b3dab7f5d75170a16581
20:02:37     Ta posnetek je ze v bazi; vir=BT_STOCK, podjetje=4, cas posnetka=2026-09-04 16:57:35Z, uporabljenih=1389, v karanteni=0, RunId=1aa614a3-d639-482b-bde2-25a56612ca47. Zapisano ni bilo nic.
20:02:37     konec: Zaloga BT_STOCK
20:02:37  == Zaloga iz SAOP (kolicine) ==
20:02:59     STDERR: [1] NAPAKA: A connection attempt failed because the connected party did not properly respond after a period of time, or established connection failed because connected host has failed to respond. (192.168.178.12:81)
20:03:20     STDERR: [2] NAPAKA: A connection attempt failed because the connected party did not properly respond after a period of time, or established connection failed because connected host has failed to respond. (192.168.178.12:81)
20:03:41     STDERR: [3] NAPAKA: A connection attempt failed because the connected party did not properly respond after a period of time, or established connection failed because connected host has failed to respond. (192.168.178.12:81)
20:04:02     STDERR: [4] NAPAKA: A connection attempt failed because the connected party did not properly respond after a period of time, or established connection failed because connected host has failed to respond. (192.168.178.12:81)
20:04:02     NAPAKA: worker workers\PIM.SaopStockWorker je koncal z izhodno kodo 1
20:04:02  == Izvoz cen in zaloge za splet ==
20:04:03     Izvoz profila MAGENTO_STOCK_PRICES končan: 352 vrstic v C:\Users\david\Desktop\PIM\NoviPIM\izvoz\magento\1
20:04:07     Izvoz profila MAGENTO_STOCK_PRICES končan: 2071 vrstic v C:\Users\david\Desktop\PIM\NoviPIM\izvoz\magento\2
20:04:11     Izvoz profila MAGENTO_STOCK_PRICES končan: 2488 vrstic v C:\Users\david\Desktop\PIM\NoviPIM\izvoz\magento\3
20:04:12     Izvoz profila MAGENTO_STOCK_PRICES končan: 0 vrstic v C:\Users\david\Desktop\PIM\NoviPIM\izvoz\magento\4
20:04:12     konec: Izvoz cen in zaloge za splet
20:04:12  Zalogovni cikel koncan; padlih korakov: 1.
20:07:27  == Zaloga NW_STOCK ==
20:07:28     [NW_STOCK] preskoceno: Razmik dobavitelja se tece; naslednji prenos po 4. 09. 2026 20:17.
20:07:28     Prevzem koncan: uspesno 0, neuspesno 0, skupaj virov 1.
20:07:28     Prebranih zapisov: 2763; SHA-256: 9e9d824e401b9c0ee2303895bb29d4ad77ac090b4f958f7bbb99c965a2da6ebd
20:07:29     Ta posnetek je ze v bazi; vir=NW_STOCK, podjetje=1, cas posnetka=2026-09-04 16:17:28Z, uporabljenih=2763, v karanteni=0, RunId=d33150ba-038b-4bb1-a66b-a4edd0edda2b. Zapisano ni bilo nic.
20:07:29     Prebranih zapisov: 2763; SHA-256: 9e9d824e401b9c0ee2303895bb29d4ad77ac090b4f958f7bbb99c965a2da6ebd
20:07:30     STOCK_FILE pri podjetju 2: se ni na vrsti po razporedu; preskoceno.
20:07:30     Prebranih zapisov: 2763; SHA-256: 9e9d824e401b9c0ee2303895bb29d4ad77ac090b4f958f7bbb99c965a2da6ebd
20:07:31     STOCK_FILE pri podjetju 3: se ni na vrsti po razporedu; preskoceno.
20:07:31     Prebranih zapisov: 2763; SHA-256: 9e9d824e401b9c0ee2303895bb29d4ad77ac090b4f958f7bbb99c965a2da6ebd
20:07:32     STOCK_FILE pri podjetju 4: se ni na vrsti po razporedu; preskoceno.
20:07:32     konec: Zaloga NW_STOCK
20:07:32  == Zaloga BT_STOCK ==
20:07:33     SOURCE_FETCH: se ni na vrsti po razporedu; preskoceno.
20:07:33     Prebranih zapisov: 1389; SHA-256: a2517b7733d27b59d8188eb1951be99010b20e4977c0b3dab7f5d75170a16581
20:07:34     STOCK_FILE pri podjetju 1: se ni na vrsti po razporedu; preskoceno.
20:07:34     Prebranih zapisov: 1389; SHA-256: a2517b7733d27b59d8188eb1951be99010b20e4977c0b3dab7f5d75170a16581
20:07:35     Ta posnetek je ze v bazi; vir=BT_STOCK, podjetje=2, cas posnetka=2026-09-04 16:57:35Z, uporabljenih=1389, v karanteni=0, RunId=3a1137a0-e3ae-48a4-8b13-e2b133d3dc39. Zapisano ni bilo nic.
20:07:36     Prebranih zapisov: 1389; SHA-256: a2517b7733d27b59d8188eb1951be99010b20e4977c0b3dab7f5d75170a16581
20:07:36     Ta posnetek je ze v bazi; vir=BT_STOCK, podjetje=3, cas posnetka=2026-09-04 16:57:35Z, uporabljenih=1389, v karanteni=0, RunId=1b118a62-f11d-4131-acf8-e876eb3ac649. Zapisano ni bilo nic.
20:07:37     Prebranih zapisov: 1389; SHA-256: a2517b7733d27b59d8188eb1951be99010b20e4977c0b3dab7f5d75170a16581
20:07:37     Ta posnetek je ze v bazi; vir=BT_STOCK, podjetje=4, cas posnetka=2026-09-04 16:57:35Z, uporabljenih=1389, v karanteni=0, RunId=1aa614a3-d639-482b-bde2-25a56612ca47. Zapisano ni bilo nic.
20:07:37     konec: Zaloga BT_STOCK
20:07:37  == Zaloga iz SAOP (kolicine) ==
20:07:38     [1] SAOP_STOCK: se ni na vrsti po razporedu; preskoceno.
20:07:38     [2] SAOP_STOCK: se ni na vrsti po razporedu; preskoceno.
20:07:38     [3] SAOP_STOCK: se ni na vrsti po razporedu; preskoceno.
20:07:38     [4] SAOP_STOCK: se ni na vrsti po razporedu; preskoceno.
20:07:38     konec: Zaloga iz SAOP (kolicine)
20:07:38  == Izvoz cen in zaloge za splet ==
20:07:39     Izvoz profila MAGENTO_STOCK_PRICES končan: 352 vrstic v C:\Users\david\Desktop\PIM\NoviPIM\izvoz\magento\1
20:07:43     Izvoz profila MAGENTO_STOCK_PRICES končan: 2071 vrstic v C:\Users\david\Desktop\PIM\NoviPIM\izvoz\magento\2
20:07:47     Izvoz profila MAGENTO_STOCK_PRICES končan: 2488 vrstic v C:\Users\david\Desktop\PIM\NoviPIM\izvoz\magento\3
20:07:48     Izvoz profila MAGENTO_STOCK_PRICES končan: 0 vrstic v C:\Users\david\Desktop\PIM\NoviPIM\izvoz\magento\4
20:07:48     konec: Izvoz cen in zaloge za splet
20:07:48  Zalogovni cikel koncan; padlih korakov: 0.
20:12:27  == Zaloga NW_STOCK ==
20:12:28     [NW_STOCK] preskoceno: Razmik dobavitelja se tece; naslednji prenos po 4. 09. 2026 20:17.
20:12:28     Prevzem koncan: uspesno 0, neuspesno 0, skupaj virov 1.
20:12:28     Prebranih zapisov: 2763; SHA-256: 9e9d824e401b9c0ee2303895bb29d4ad77ac090b4f958f7bbb99c965a2da6ebd
20:12:29     STOCK_FILE pri podjetju 1: se ni na vrsti po razporedu; preskoceno.
20:12:29     Prebranih zapisov: 2763; SHA-256: 9e9d824e401b9c0ee2303895bb29d4ad77ac090b4f958f7bbb99c965a2da6ebd
20:12:30     STOCK_FILE pri podjetju 2: se ni na vrsti po razporedu; preskoceno.
20:12:30     Prebranih zapisov: 2763; SHA-256: 9e9d824e401b9c0ee2303895bb29d4ad77ac090b4f958f7bbb99c965a2da6ebd
20:12:31     STOCK_FILE pri podjetju 3: se ni na vrsti po razporedu; preskoceno.
20:12:31     Prebranih zapisov: 2763; SHA-256: 9e9d824e401b9c0ee2303895bb29d4ad77ac090b4f958f7bbb99c965a2da6ebd
20:12:32     STOCK_FILE pri podjetju 4: se ni na vrsti po razporedu; preskoceno.
20:12:32     konec: Zaloga NW_STOCK
20:12:32  == Zaloga BT_STOCK ==
20:12:32     SOURCE_FETCH: se ni na vrsti po razporedu; preskoceno.
20:12:33     Prebranih zapisov: 1389; SHA-256: a2517b7733d27b59d8188eb1951be99010b20e4977c0b3dab7f5d75170a16581
20:12:34     Ta posnetek je ze v bazi; vir=BT_STOCK, podjetje=1, cas posnetka=2026-09-04 16:57:35Z, uporabljenih=1389, v karanteni=0, RunId=02c1acb6-b45d-4d9c-9682-2034b21811c8. Zapisano ni bilo nic.
20:12:34     Prebranih zapisov: 1389; SHA-256: a2517b7733d27b59d8188eb1951be99010b20e4977c0b3dab7f5d75170a16581
20:12:34     STOCK_FILE pri podjetju 2: se ni na vrsti po razporedu; preskoceno.
20:12:35     Prebranih zapisov: 1389; SHA-256: a2517b7733d27b59d8188eb1951be99010b20e4977c0b3dab7f5d75170a16581
20:12:35     STOCK_FILE pri podjetju 3: se ni na vrsti po razporedu; preskoceno.
20:12:36     Prebranih zapisov: 1389; SHA-256: a2517b7733d27b59d8188eb1951be99010b20e4977c0b3dab7f5d75170a16581
20:12:36     STOCK_FILE pri podjetju 4: se ni na vrsti po razporedu; preskoceno.
20:12:36     konec: Zaloga BT_STOCK
20:12:36  == Zaloga iz SAOP (kolicine) ==
20:12:37     [1] SAOP_STOCK: se ni na vrsti po razporedu; preskoceno.
20:12:37     [2] SAOP_STOCK: se ni na vrsti po razporedu; preskoceno.
20:12:37     [3] SAOP_STOCK: se ni na vrsti po razporedu; preskoceno.
20:12:37     [4] SAOP_STOCK: se ni na vrsti po razporedu; preskoceno.
20:12:37     konec: Zaloga iz SAOP (kolicine)
20:12:37  == Izvoz cen in zaloge za splet ==
20:12:39     Izvoz profila MAGENTO_STOCK_PRICES končan: 352 vrstic v C:\Users\david\Desktop\PIM\NoviPIM\izvoz\magento\1
20:12:43     Izvoz profila MAGENTO_STOCK_PRICES končan: 2071 vrstic v C:\Users\david\Desktop\PIM\NoviPIM\izvoz\magento\2
20:12:46     Izvoz profila MAGENTO_STOCK_PRICES končan: 2488 vrstic v C:\Users\david\Desktop\PIM\NoviPIM\izvoz\magento\3
20:12:48     Izvoz profila MAGENTO_STOCK_PRICES končan: 0 vrstic v C:\Users\david\Desktop\PIM\NoviPIM\izvoz\magento\4
20:12:48     konec: Izvoz cen in zaloge za splet
20:12:48  Zalogovni cikel koncan; padlih korakov: 0.
20:17:27  == Zaloga NW_STOCK ==
20:17:28     SOURCE_FETCH: se ni na vrsti po razporedu; preskoceno.
20:17:28     Prebranih zapisov: 2763; SHA-256: 9e9d824e401b9c0ee2303895bb29d4ad77ac090b4f958f7bbb99c965a2da6ebd
20:17:29     STOCK_FILE pri podjetju 1: se ni na vrsti po razporedu; preskoceno.
20:17:29     Prebranih zapisov: 2763; SHA-256: 9e9d824e401b9c0ee2303895bb29d4ad77ac090b4f958f7bbb99c965a2da6ebd
20:17:30     Ta posnetek je ze v bazi; vir=NW_STOCK, podjetje=2, cas posnetka=2026-09-04 16:17:28Z, uporabljenih=2763, v karanteni=0, RunId=415b79b7-9713-45b8-8215-f75500340368. Zapisano ni bilo nic.
20:17:30     Prebranih zapisov: 2763; SHA-256: 9e9d824e401b9c0ee2303895bb29d4ad77ac090b4f958f7bbb99c965a2da6ebd
20:17:31     Ta posnetek je ze v bazi; vir=NW_STOCK, podjetje=3, cas posnetka=2026-09-04 16:17:28Z, uporabljenih=2763, v karanteni=0, RunId=a9fb0655-32cd-4a5e-a383-eddb4ad030c8. Zapisano ni bilo nic.
20:17:31     Prebranih zapisov: 2763; SHA-256: 9e9d824e401b9c0ee2303895bb29d4ad77ac090b4f958f7bbb99c965a2da6ebd
20:17:32     Ta posnetek je ze v bazi; vir=NW_STOCK, podjetje=4, cas posnetka=2026-09-04 16:17:28Z, uporabljenih=2763, v karanteni=0, RunId=3e720034-f3bd-4b37-9a33-91bc089a5735. Zapisano ni bilo nic.
20:17:32     konec: Zaloga NW_STOCK
20:17:32  == Zaloga BT_STOCK ==
20:17:33     [BT_STOCK] preskoceno: Razmik dobavitelja se tece; naslednji prenos po 4. 09. 2026 21:57.
20:17:33     Prevzem koncan: uspesno 0, neuspesno 0, skupaj virov 1.
20:17:34     Prebranih zapisov: 1389; SHA-256: a2517b7733d27b59d8188eb1951be99010b20e4977c0b3dab7f5d75170a16581
20:17:34     Ta posnetek je ze v bazi; vir=BT_STOCK, podjetje=1, cas posnetka=2026-09-04 16:57:35Z, uporabljenih=1389, v karanteni=0, RunId=02c1acb6-b45d-4d9c-9682-2034b21811c8. Zapisano ni bilo nic.
20:17:35     Prebranih zapisov: 1389; SHA-256: a2517b7733d27b59d8188eb1951be99010b20e4977c0b3dab7f5d75170a16581
20:17:35     STOCK_FILE pri podjetju 2: se ni na vrsti po razporedu; preskoceno.
20:17:36     Prebranih zapisov: 1389; SHA-256: a2517b7733d27b59d8188eb1951be99010b20e4977c0b3dab7f5d75170a16581
20:17:36     STOCK_FILE pri podjetju 3: se ni na vrsti po razporedu; preskoceno.
20:17:37     Prebranih zapisov: 1389; SHA-256: a2517b7733d27b59d8188eb1951be99010b20e4977c0b3dab7f5d75170a16581
20:17:37     STOCK_FILE pri podjetju 4: se ni na vrsti po razporedu; preskoceno.
20:17:37     konec: Zaloga BT_STOCK
20:17:37  == Zaloga iz SAOP (kolicine) ==
20:17:38     [1] SAOP_STOCK: se ni na vrsti po razporedu; preskoceno.
20:17:38     [2] SAOP_STOCK: se ni na vrsti po razporedu; preskoceno.
20:17:38     [3] SAOP_STOCK: se ni na vrsti po razporedu; preskoceno.
20:17:38     [4] SAOP_STOCK: se ni na vrsti po razporedu; preskoceno.
20:17:38     konec: Zaloga iz SAOP (kolicine)
20:17:38  == Izvoz cen in zaloge za splet ==
20:17:39     Izvoz profila MAGENTO_STOCK_PRICES končan: 352 vrstic v C:\Users\david\Desktop\PIM\NoviPIM\izvoz\magento\1
20:17:43     Izvoz profila MAGENTO_STOCK_PRICES končan: 2071 vrstic v C:\Users\david\Desktop\PIM\NoviPIM\izvoz\magento\2
20:17:47     Izvoz profila MAGENTO_STOCK_PRICES končan: 2488 vrstic v C:\Users\david\Desktop\PIM\NoviPIM\izvoz\magento\3
20:17:48     Izvoz profila MAGENTO_STOCK_PRICES končan: 0 vrstic v C:\Users\david\Desktop\PIM\NoviPIM\izvoz\magento\4
20:17:48     konec: Izvoz cen in zaloge za splet
20:17:48  Zalogovni cikel koncan; padlih korakov: 0.
20:22:27  == Zaloga NW_STOCK ==
20:22:28     SOURCE_FETCH: se ni na vrsti po razporedu; preskoceno.
20:22:28     Prebranih zapisov: 2763; SHA-256: 9e9d824e401b9c0ee2303895bb29d4ad77ac090b4f958f7bbb99c965a2da6ebd
20:22:29     STOCK_FILE pri podjetju 1: se ni na vrsti po razporedu; preskoceno.
20:22:29     Prebranih zapisov: 2763; SHA-256: 9e9d824e401b9c0ee2303895bb29d4ad77ac090b4f958f7bbb99c965a2da6ebd
20:22:30     Ta posnetek je ze v bazi; vir=NW_STOCK, podjetje=2, cas posnetka=2026-09-04 16:17:28Z, uporabljenih=2763, v karanteni=0, RunId=415b79b7-9713-45b8-8215-f75500340368. Zapisano ni bilo nic.
20:22:30     Prebranih zapisov: 2763; SHA-256: 9e9d824e401b9c0ee2303895bb29d4ad77ac090b4f958f7bbb99c965a2da6ebd
20:22:31     STOCK_FILE pri podjetju 3: se ni na vrsti po razporedu; preskoceno.
20:22:31     Prebranih zapisov: 2763; SHA-256: 9e9d824e401b9c0ee2303895bb29d4ad77ac090b4f958f7bbb99c965a2da6ebd
20:22:32     STOCK_FILE pri podjetju 4: se ni na vrsti po razporedu; preskoceno.
20:22:32     konec: Zaloga NW_STOCK
20:22:32  == Zaloga BT_STOCK ==
20:22:33     SOURCE_FETCH: se ni na vrsti po razporedu; preskoceno.
20:22:33     Prebranih zapisov: 1389; SHA-256: a2517b7733d27b59d8188eb1951be99010b20e4977c0b3dab7f5d75170a16581
20:22:34     STOCK_FILE pri podjetju 1: se ni na vrsti po razporedu; preskoceno.
20:22:34     Prebranih zapisov: 1389; SHA-256: a2517b7733d27b59d8188eb1951be99010b20e4977c0b3dab7f5d75170a16581
20:22:35     STOCK_FILE pri podjetju 2: se ni na vrsti po razporedu; preskoceno.
20:22:35     Prebranih zapisov: 1389; SHA-256: a2517b7733d27b59d8188eb1951be99010b20e4977c0b3dab7f5d75170a16581
20:22:36     Ta posnetek je ze v bazi; vir=BT_STOCK, podjetje=3, cas posnetka=2026-09-04 16:57:35Z, uporabljenih=1389, v karanteni=0, RunId=1b118a62-f11d-4131-acf8-e876eb3ac649. Zapisano ni bilo nic.
20:22:36     Prebranih zapisov: 1389; SHA-256: a2517b7733d27b59d8188eb1951be99010b20e4977c0b3dab7f5d75170a16581
20:22:37     Ta posnetek je ze v bazi; vir=BT_STOCK, podjetje=4, cas posnetka=2026-09-04 16:57:35Z, uporabljenih=1389, v karanteni=0, RunId=1aa614a3-d639-482b-bde2-25a56612ca47. Zapisano ni bilo nic.
20:22:37     konec: Zaloga BT_STOCK
20:22:37  == Zaloga iz SAOP (kolicine) ==
20:22:38     [1] SAOP_STOCK: se ni na vrsti po razporedu; preskoceno.
20:22:38     [2] SAOP_STOCK: se ni na vrsti po razporedu; preskoceno.
20:22:38     [3] SAOP_STOCK: se ni na vrsti po razporedu; preskoceno.
20:22:38     [4] SAOP_STOCK: se ni na vrsti po razporedu; preskoceno.
20:22:38     konec: Zaloga iz SAOP (kolicine)
20:22:38  == Izvoz cen in zaloge za splet ==
20:22:39     Izvoz profila MAGENTO_STOCK_PRICES končan: 352 vrstic v C:\Users\david\Desktop\PIM\NoviPIM\izvoz\magento\1
20:22:43     Izvoz profila MAGENTO_STOCK_PRICES končan: 2071 vrstic v C:\Users\david\Desktop\PIM\NoviPIM\izvoz\magento\2
20:22:47     Izvoz profila MAGENTO_STOCK_PRICES končan: 2488 vrstic v C:\Users\david\Desktop\PIM\NoviPIM\izvoz\magento\3
20:22:48     Izvoz profila MAGENTO_STOCK_PRICES končan: 0 vrstic v C:\Users\david\Desktop\PIM\NoviPIM\izvoz\magento\4
20:22:48     konec: Izvoz cen in zaloge za splet
20:22:48  Zalogovni cikel koncan; padlih korakov: 0.
20:27:28  == Zaloga NW_STOCK ==
20:27:30     [NW_STOCK] prevzeto 87.339 bajtov -> C:\Users\david\Desktop\PIM\NoviPIM\PIM_Solution\data\prevzem\NW_STOCK\nw-zaloga.csv
20:27:30     Prevzem koncan: uspesno 1, neuspesno 0, skupaj virov 1.
20:27:31     Prebranih zapisov: 2763; SHA-256: 5115c0c40c197563cc37b961ecdc5469cb9973b4b1d258ced8e837a9d104d9ca
20:27:33     Zaloga zapisana; vir=NW_STOCK, podjetje=1, uporabljenih=2763, v karanteni=0, RunId=046da7a9-b3bb-4206-b315-184b4cf77f80.
20:27:34     Prebranih zapisov: 2763; SHA-256: 5115c0c40c197563cc37b961ecdc5469cb9973b4b1d258ced8e837a9d104d9ca
20:27:35     Zaloga zapisana; vir=NW_STOCK, podjetje=2, uporabljenih=2763, v karanteni=0, RunId=9e04c6b5-4bc9-47be-ab2d-c7056f297283.
20:27:36     Prebranih zapisov: 2763; SHA-256: 5115c0c40c197563cc37b961ecdc5469cb9973b4b1d258ced8e837a9d104d9ca
20:27:38     Zaloga zapisana; vir=NW_STOCK, podjetje=3, uporabljenih=2763, v karanteni=0, RunId=48cca651-c8c1-44e6-91de-479693ad3311.
20:27:38     Prebranih zapisov: 2763; SHA-256: 5115c0c40c197563cc37b961ecdc5469cb9973b4b1d258ced8e837a9d104d9ca
20:27:40     Zaloga zapisana; vir=NW_STOCK, podjetje=4, uporabljenih=2763, v karanteni=0, RunId=a51e8fc6-7b1f-4aa8-88a1-9ce6be1b73fd.
20:27:40     konec: Zaloga NW_STOCK
20:27:40  == Zaloga BT_STOCK ==
20:27:41     SOURCE_FETCH: se ni na vrsti po razporedu; preskoceno.
20:27:42     Prebranih zapisov: 1389; SHA-256: a2517b7733d27b59d8188eb1951be99010b20e4977c0b3dab7f5d75170a16581
20:27:42     STOCK_FILE pri podjetju 1: se ni na vrsti po razporedu; preskoceno.
20:27:43     Prebranih zapisov: 1389; SHA-256: a2517b7733d27b59d8188eb1951be99010b20e4977c0b3dab7f5d75170a16581
20:27:44     STOCK_FILE pri podjetju 2: se ni na vrsti po razporedu; preskoceno.
20:27:44     Prebranih zapisov: 1389; SHA-256: a2517b7733d27b59d8188eb1951be99010b20e4977c0b3dab7f5d75170a16581
20:27:45     STOCK_FILE pri podjetju 3: se ni na vrsti po razporedu; preskoceno.
20:27:46     Prebranih zapisov: 1389; SHA-256: a2517b7733d27b59d8188eb1951be99010b20e4977c0b3dab7f5d75170a16581
20:27:46     STOCK_FILE pri podjetju 4: se ni na vrsti po razporedu; preskoceno.
20:27:46     konec: Zaloga BT_STOCK
20:27:46  == Zaloga iz SAOP (kolicine) ==
20:27:47     [1] SAOP_STOCK: se ni na vrsti po razporedu; preskoceno.
20:27:47     [2] SAOP_STOCK: se ni na vrsti po razporedu; preskoceno.
20:27:47     [3] SAOP_STOCK: se ni na vrsti po razporedu; preskoceno.
20:27:47     [4] SAOP_STOCK: se ni na vrsti po razporedu; preskoceno.
20:27:47     konec: Zaloga iz SAOP (kolicine)
20:27:47  == Izvoz cen in zaloge za splet ==
20:27:49     Izvoz profila MAGENTO_STOCK_PRICES končan: 352 vrstic v C:\Users\david\Desktop\PIM\NoviPIM\izvoz\magento\1
20:27:54     Izvoz profila MAGENTO_STOCK_PRICES končan: 2071 vrstic v C:\Users\david\Desktop\PIM\NoviPIM\izvoz\magento\2
20:27:58     Izvoz profila MAGENTO_STOCK_PRICES končan: 2488 vrstic v C:\Users\david\Desktop\PIM\NoviPIM\izvoz\magento\3
20:27:59     Izvoz profila MAGENTO_STOCK_PRICES končan: 0 vrstic v C:\Users\david\Desktop\PIM\NoviPIM\izvoz\magento\4
20:27:59     konec: Izvoz cen in zaloge za splet
20:27:59  Zalogovni cikel koncan; padlih korakov: 0.
20:32:28  == Zaloga NW_STOCK ==
20:32:30     SOURCE_FETCH: se ni na vrsti po razporedu; preskoceno.
20:32:30     Prebranih zapisov: 2763; SHA-256: 5115c0c40c197563cc37b961ecdc5469cb9973b4b1d258ced8e837a9d104d9ca
20:32:31     STOCK_FILE pri podjetju 1: se ni na vrsti po razporedu; preskoceno.
20:32:32     Prebranih zapisov: 2763; SHA-256: 5115c0c40c197563cc37b961ecdc5469cb9973b4b1d258ced8e837a9d104d9ca
20:32:32     STOCK_FILE pri podjetju 2: se ni na vrsti po razporedu; preskoceno.
20:32:33     Prebranih zapisov: 2763; SHA-256: 5115c0c40c197563cc37b961ecdc5469cb9973b4b1d258ced8e837a9d104d9ca
20:32:33     STOCK_FILE pri podjetju 3: se ni na vrsti po razporedu; preskoceno.
20:32:34     Prebranih zapisov: 2763; SHA-256: 5115c0c40c197563cc37b961ecdc5469cb9973b4b1d258ced8e837a9d104d9ca
20:32:34     STOCK_FILE pri podjetju 4: se ni na vrsti po razporedu; preskoceno.
20:32:34     konec: Zaloga NW_STOCK
20:32:34  == Zaloga BT_STOCK ==
20:32:35     [BT_STOCK] preskoceno: Razmik dobavitelja se tece; naslednji prenos po 4. 09. 2026 21:57.
20:32:35     Prevzem koncan: uspesno 0, neuspesno 0, skupaj virov 1.
20:32:36     Prebranih zapisov: 1389; SHA-256: a2517b7733d27b59d8188eb1951be99010b20e4977c0b3dab7f5d75170a16581
20:32:36     Ta posnetek je ze v bazi; vir=BT_STOCK, podjetje=1, cas posnetka=2026-09-04 16:57:35Z, uporabljenih=1389, v karanteni=0, RunId=02c1acb6-b45d-4d9c-9682-2034b21811c8. Zapisano ni bilo nic.
20:32:37     Prebranih zapisov: 1389; SHA-256: a2517b7733d27b59d8188eb1951be99010b20e4977c0b3dab7f5d75170a16581
20:32:37     Ta posnetek je ze v bazi; vir=BT_STOCK, podjetje=2, cas posnetka=2026-09-04 16:57:35Z, uporabljenih=1389, v karanteni=0, RunId=3a1137a0-e3ae-48a4-8b13-e2b133d3dc39. Zapisano ni bilo nic.
20:32:38     Prebranih zapisov: 1389; SHA-256: a2517b7733d27b59d8188eb1951be99010b20e4977c0b3dab7f5d75170a16581
20:32:38     Ta posnetek je ze v bazi; vir=BT_STOCK, podjetje=3, cas posnetka=2026-09-04 16:57:35Z, uporabljenih=1389, v karanteni=0, RunId=1b118a62-f11d-4131-acf8-e876eb3ac649. Zapisano ni bilo nic.
20:32:39     Prebranih zapisov: 1389; SHA-256: a2517b7733d27b59d8188eb1951be99010b20e4977c0b3dab7f5d75170a16581
20:32:39     Ta posnetek je ze v bazi; vir=BT_STOCK, podjetje=4, cas posnetka=2026-09-04 16:57:35Z, uporabljenih=1389, v karanteni=0, RunId=1aa614a3-d639-482b-bde2-25a56612ca47. Zapisano ni bilo nic.
20:32:39     konec: Zaloga BT_STOCK
20:32:39  == Zaloga iz SAOP (kolicine) ==
20:32:41     [1] SAOP_STOCK: se ni na vrsti po razporedu; preskoceno.
20:32:41     [2] SAOP_STOCK: se ni na vrsti po razporedu; preskoceno.
20:32:41     [3] SAOP_STOCK: se ni na vrsti po razporedu; preskoceno.
20:32:41     [4] SAOP_STOCK: se ni na vrsti po razporedu; preskoceno.
20:32:41     konec: Zaloga iz SAOP (kolicine)
20:32:41  == Izvoz cen in zaloge za splet ==
20:32:43     Izvoz profila MAGENTO_STOCK_PRICES končan: 352 vrstic v C:\Users\david\Desktop\PIM\NoviPIM\izvoz\magento\1
20:32:46     Izvoz profila MAGENTO_STOCK_PRICES končan: 2071 vrstic v C:\Users\david\Desktop\PIM\NoviPIM\izvoz\magento\2
20:32:50     Izvoz profila MAGENTO_STOCK_PRICES končan: 2488 vrstic v C:\Users\david\Desktop\PIM\NoviPIM\izvoz\magento\3
20:32:52     Izvoz profila MAGENTO_STOCK_PRICES končan: 0 vrstic v C:\Users\david\Desktop\PIM\NoviPIM\izvoz\magento\4
20:32:52     konec: Izvoz cen in zaloge za splet
20:32:52  Zalogovni cikel koncan; padlih korakov: 0.
20:37:41  == Zaloga NW_STOCK ==
20:37:50     [NW_STOCK] preskoceno: Razmik dobavitelja se tece; naslednji prenos po 4. 09. 2026 22:27.
20:37:50     Prevzem koncan: uspesno 0, neuspesno 0, skupaj virov 1.
20:37:52     Prebranih zapisov: 2763; SHA-256: 5115c0c40c197563cc37b961ecdc5469cb9973b4b1d258ced8e837a9d104d9ca
20:37:52     Ta posnetek je ze v bazi; vir=NW_STOCK, podjetje=1, cas posnetka=2026-09-04 18:27:30Z, uporabljenih=2763, v karanteni=0, RunId=046da7a9-b3bb-4206-b315-184b4cf77f80. Zapisano ni bilo nic.
20:37:55     Prebranih zapisov: 2763; SHA-256: 5115c0c40c197563cc37b961ecdc5469cb9973b4b1d258ced8e837a9d104d9ca
20:37:55     Ta posnetek je ze v bazi; vir=NW_STOCK, podjetje=2, cas posnetka=2026-09-04 18:27:30Z, uporabljenih=2763, v karanteni=0, RunId=9e04c6b5-4bc9-47be-ab2d-c7056f297283. Zapisano ni bilo nic.
20:37:56     Prebranih zapisov: 2763; SHA-256: 5115c0c40c197563cc37b961ecdc5469cb9973b4b1d258ced8e837a9d104d9ca
20:37:56     Ta posnetek je ze v bazi; vir=NW_STOCK, podjetje=3, cas posnetka=2026-09-04 18:27:30Z, uporabljenih=2763, v karanteni=0, RunId=48cca651-c8c1-44e6-91de-479693ad3311. Zapisano ni bilo nic.
20:37:57     Prebranih zapisov: 2763; SHA-256: 5115c0c40c197563cc37b961ecdc5469cb9973b4b1d258ced8e837a9d104d9ca
20:37:57     Ta posnetek je ze v bazi; vir=NW_STOCK, podjetje=4, cas posnetka=2026-09-04 18:27:30Z, uporabljenih=2763, v karanteni=0, RunId=a51e8fc6-7b1f-4aa8-88a1-9ce6be1b73fd. Zapisano ni bilo nic.
20:37:58     konec: Zaloga NW_STOCK
20:37:58  == Zaloga BT_STOCK ==
20:37:58     SOURCE_FETCH: se ni na vrsti po razporedu; preskoceno.
20:37:59     Prebranih zapisov: 1389; SHA-256: a2517b7733d27b59d8188eb1951be99010b20e4977c0b3dab7f5d75170a16581
20:38:00     STOCK_FILE pri podjetju 1: se ni na vrsti po razporedu; preskoceno.
20:38:00     Prebranih zapisov: 1389; SHA-256: a2517b7733d27b59d8188eb1951be99010b20e4977c0b3dab7f5d75170a16581
20:38:01     STOCK_FILE pri podjetju 2: se ni na vrsti po razporedu; preskoceno.
20:38:01     Prebranih zapisov: 1389; SHA-256: a2517b7733d27b59d8188eb1951be99010b20e4977c0b3dab7f5d75170a16581
20:38:01     STOCK_FILE pri podjetju 3: se ni na vrsti po razporedu; preskoceno.
20:38:02     Prebranih zapisov: 1389; SHA-256: a2517b7733d27b59d8188eb1951be99010b20e4977c0b3dab7f5d75170a16581
20:38:02     STOCK_FILE pri podjetju 4: se ni na vrsti po razporedu; preskoceno.
20:38:02     konec: Zaloga BT_STOCK
20:38:02  == Zaloga iz SAOP (kolicine) ==
20:38:25     STDERR: [1] NAPAKA: A connection attempt failed because the connected party did not properly respond after a period of time, or established connection failed because connected host has failed to respond. (192.168.178.12:81)
20:38:46     STDERR: [2] NAPAKA: A connection attempt failed because the connected party did not properly respond after a period of time, or established connection failed because connected host has failed to respond. (192.168.178.12:81)
20:39:07     STDERR: [3] NAPAKA: A connection attempt failed because the connected party did not properly respond after a period of time, or established connection failed because connected host has failed to respond. (192.168.178.12:81)
20:39:28     STDERR: [4] NAPAKA: A connection attempt failed because the connected party did not properly respond after a period of time, or established connection failed because connected host has failed to respond. (192.168.178.12:81)
20:39:28     NAPAKA: worker workers\PIM.SaopStockWorker je koncal z izhodno kodo 1
20:39:28  == Izvoz cen in zaloge za splet ==
20:39:30     Izvoz profila MAGENTO_STOCK_PRICES končan: 352 vrstic v C:\Users\david\Desktop\PIM\NoviPIM\izvoz\magento\1
20:39:34     Izvoz profila MAGENTO_STOCK_PRICES končan: 2071 vrstic v C:\Users\david\Desktop\PIM\NoviPIM\izvoz\magento\2
20:39:37     Izvoz profila MAGENTO_STOCK_PRICES končan: 2488 vrstic v C:\Users\david\Desktop\PIM\NoviPIM\izvoz\magento\3
20:39:39     Izvoz profila MAGENTO_STOCK_PRICES končan: 0 vrstic v C:\Users\david\Desktop\PIM\NoviPIM\izvoz\magento\4
20:39:39     konec: Izvoz cen in zaloge za splet
20:39:39  Zalogovni cikel koncan; padlih korakov: 1.
20:42:27  == Zaloga NW_STOCK ==
20:42:28     SOURCE_FETCH: se ni na vrsti po razporedu; preskoceno.
20:42:28     Prebranih zapisov: 2763; SHA-256: 5115c0c40c197563cc37b961ecdc5469cb9973b4b1d258ced8e837a9d104d9ca
20:42:29     STOCK_FILE pri podjetju 1: se ni na vrsti po razporedu; preskoceno.
20:42:30     Prebranih zapisov: 2763; SHA-256: 5115c0c40c197563cc37b961ecdc5469cb9973b4b1d258ced8e837a9d104d9ca
20:42:30     STOCK_FILE pri podjetju 2: se ni na vrsti po razporedu; preskoceno.
20:42:30     Prebranih zapisov: 2763; SHA-256: 5115c0c40c197563cc37b961ecdc5469cb9973b4b1d258ced8e837a9d104d9ca
20:42:31     STOCK_FILE pri podjetju 3: se ni na vrsti po razporedu; preskoceno.
20:42:31     Prebranih zapisov: 2763; SHA-256: 5115c0c40c197563cc37b961ecdc5469cb9973b4b1d258ced8e837a9d104d9ca
20:42:32     STOCK_FILE pri podjetju 4: se ni na vrsti po razporedu; preskoceno.
20:42:32     konec: Zaloga NW_STOCK
20:42:32  == Zaloga BT_STOCK ==
20:42:33     SOURCE_FETCH: se ni na vrsti po razporedu; preskoceno.
20:42:33     Prebranih zapisov: 1389; SHA-256: a2517b7733d27b59d8188eb1951be99010b20e4977c0b3dab7f5d75170a16581
20:42:34     STOCK_FILE pri podjetju 1: se ni na vrsti po razporedu; preskoceno.
20:42:34     Prebranih zapisov: 1389; SHA-256: a2517b7733d27b59d8188eb1951be99010b20e4977c0b3dab7f5d75170a16581
20:42:35     STOCK_FILE pri podjetju 2: se ni na vrsti po razporedu; preskoceno.
20:42:35     Prebranih zapisov: 1389; SHA-256: a2517b7733d27b59d8188eb1951be99010b20e4977c0b3dab7f5d75170a16581
20:42:36     STOCK_FILE pri podjetju 3: se ni na vrsti po razporedu; preskoceno.
20:42:36     Prebranih zapisov: 1389; SHA-256: a2517b7733d27b59d8188eb1951be99010b20e4977c0b3dab7f5d75170a16581
20:42:37     STOCK_FILE pri podjetju 4: se ni na vrsti po razporedu; preskoceno.
20:42:37     konec: Zaloga BT_STOCK
20:42:37  == Zaloga iz SAOP (kolicine) ==
20:42:38     [1] SAOP_STOCK: se ni na vrsti po razporedu; preskoceno.
20:42:38     [2] SAOP_STOCK: se ni na vrsti po razporedu; preskoceno.
20:42:38     [3] SAOP_STOCK: se ni na vrsti po razporedu; preskoceno.
20:42:38     [4] SAOP_STOCK: se ni na vrsti po razporedu; preskoceno.
20:42:38     konec: Zaloga iz SAOP (kolicine)
20:42:38  == Izvoz cen in zaloge za splet ==
20:42:39     Izvoz profila MAGENTO_STOCK_PRICES končan: 352 vrstic v C:\Users\david\Desktop\PIM\NoviPIM\izvoz\magento\1
20:42:43     Izvoz profila MAGENTO_STOCK_PRICES končan: 2071 vrstic v C:\Users\david\Desktop\PIM\NoviPIM\izvoz\magento\2
20:42:46     Izvoz profila MAGENTO_STOCK_PRICES končan: 2488 vrstic v C:\Users\david\Desktop\PIM\NoviPIM\izvoz\magento\3
20:42:48     Izvoz profila MAGENTO_STOCK_PRICES končan: 0 vrstic v C:\Users\david\Desktop\PIM\NoviPIM\izvoz\magento\4
20:42:48     konec: Izvoz cen in zaloge za splet
20:42:48  Zalogovni cikel koncan; padlih korakov: 0.
20:47:27  == Zaloga NW_STOCK ==
20:47:28     [NW_STOCK] preskoceno: Razmik dobavitelja se tece; naslednji prenos po 4. 09. 2026 22:27.
20:47:28     Prevzem koncan: uspesno 0, neuspesno 0, skupaj virov 1.
20:47:28     Prebranih zapisov: 2763; SHA-256: 5115c0c40c197563cc37b961ecdc5469cb9973b4b1d258ced8e837a9d104d9ca
20:47:29     Ta posnetek je ze v bazi; vir=NW_STOCK, podjetje=1, cas posnetka=2026-09-04 18:27:30Z, uporabljenih=2763, v karanteni=0, RunId=046da7a9-b3bb-4206-b315-184b4cf77f80. Zapisano ni bilo nic.
20:47:29     Prebranih zapisov: 2763; SHA-256: 5115c0c40c197563cc37b961ecdc5469cb9973b4b1d258ced8e837a9d104d9ca
20:47:30     Ta posnetek je ze v bazi; vir=NW_STOCK, podjetje=2, cas posnetka=2026-09-04 18:27:30Z, uporabljenih=2763, v karanteni=0, RunId=9e04c6b5-4bc9-47be-ab2d-c7056f297283. Zapisano ni bilo nic.
20:47:30     Prebranih zapisov: 2763; SHA-256: 5115c0c40c197563cc37b961ecdc5469cb9973b4b1d258ced8e837a9d104d9ca
20:47:31     Ta posnetek je ze v bazi; vir=NW_STOCK, podjetje=3, cas posnetka=2026-09-04 18:27:30Z, uporabljenih=2763, v karanteni=0, RunId=48cca651-c8c1-44e6-91de-479693ad3311. Zapisano ni bilo nic.
20:47:32     Prebranih zapisov: 2763; SHA-256: 5115c0c40c197563cc37b961ecdc5469cb9973b4b1d258ced8e837a9d104d9ca
20:47:32     Ta posnetek je ze v bazi; vir=NW_STOCK, podjetje=4, cas posnetka=2026-09-04 18:27:30Z, uporabljenih=2763, v karanteni=0, RunId=a51e8fc6-7b1f-4aa8-88a1-9ce6be1b73fd. Zapisano ni bilo nic.
20:47:32     konec: Zaloga NW_STOCK
20:47:32  == Zaloga BT_STOCK ==
20:47:33     SOURCE_FETCH: se ni na vrsti po razporedu; preskoceno.
20:47:34     Prebranih zapisov: 1389; SHA-256: a2517b7733d27b59d8188eb1951be99010b20e4977c0b3dab7f5d75170a16581
20:47:34     STOCK_FILE pri podjetju 1: se ni na vrsti po razporedu; preskoceno.
20:47:35     Prebranih zapisov: 1389; SHA-256: a2517b7733d27b59d8188eb1951be99010b20e4977c0b3dab7f5d75170a16581
20:47:35     STOCK_FILE pri podjetju 2: se ni na vrsti po razporedu; preskoceno.
20:47:36     Prebranih zapisov: 1389; SHA-256: a2517b7733d27b59d8188eb1951be99010b20e4977c0b3dab7f5d75170a16581
20:47:36     STOCK_FILE pri podjetju 3: se ni na vrsti po razporedu; preskoceno.
20:47:36     Prebranih zapisov: 1389; SHA-256: a2517b7733d27b59d8188eb1951be99010b20e4977c0b3dab7f5d75170a16581
20:47:37     STOCK_FILE pri podjetju 4: se ni na vrsti po razporedu; preskoceno.
20:47:37     konec: Zaloga BT_STOCK
20:47:37  == Zaloga iz SAOP (kolicine) ==
20:47:38     [1] SAOP_STOCK: se ni na vrsti po razporedu; preskoceno.
20:47:38     [2] SAOP_STOCK: se ni na vrsti po razporedu; preskoceno.
20:47:38     [3] SAOP_STOCK: se ni na vrsti po razporedu; preskoceno.
20:47:38     [4] SAOP_STOCK: se ni na vrsti po razporedu; preskoceno.
20:47:38     konec: Zaloga iz SAOP (kolicine)
20:47:38  == Izvoz cen in zaloge za splet ==
20:47:39     Izvoz profila MAGENTO_STOCK_PRICES končan: 352 vrstic v C:\Users\david\Desktop\PIM\NoviPIM\izvoz\magento\1
20:47:43     Izvoz profila MAGENTO_STOCK_PRICES končan: 2071 vrstic v C:\Users\david\Desktop\PIM\NoviPIM\izvoz\magento\2
20:47:47     Izvoz profila MAGENTO_STOCK_PRICES končan: 2488 vrstic v C:\Users\david\Desktop\PIM\NoviPIM\izvoz\magento\3
20:47:48     Izvoz profila MAGENTO_STOCK_PRICES končan: 0 vrstic v C:\Users\david\Desktop\PIM\NoviPIM\izvoz\magento\4
20:47:48     konec: Izvoz cen in zaloge za splet
20:47:48  Zalogovni cikel koncan; padlih korakov: 0.
20:52:27  == Zaloga NW_STOCK ==
20:52:28     SOURCE_FETCH: se ni na vrsti po razporedu; preskoceno.
20:52:28     Prebranih zapisov: 2763; SHA-256: 5115c0c40c197563cc37b961ecdc5469cb9973b4b1d258ced8e837a9d104d9ca
20:52:29     STOCK_FILE pri podjetju 1: se ni na vrsti po razporedu; preskoceno.
20:52:29     Prebranih zapisov: 2763; SHA-256: 5115c0c40c197563cc37b961ecdc5469cb9973b4b1d258ced8e837a9d104d9ca
20:52:30     STOCK_FILE pri podjetju 2: se ni na vrsti po razporedu; preskoceno.
20:52:30     Prebranih zapisov: 2763; SHA-256: 5115c0c40c197563cc37b961ecdc5469cb9973b4b1d258ced8e837a9d104d9ca
20:52:30     STOCK_FILE pri podjetju 3: se ni na vrsti po razporedu; preskoceno.
20:52:31     Prebranih zapisov: 2763; SHA-256: 5115c0c40c197563cc37b961ecdc5469cb9973b4b1d258ced8e837a9d104d9ca
20:52:31     STOCK_FILE pri podjetju 4: se ni na vrsti po razporedu; preskoceno.
20:52:31     konec: Zaloga NW_STOCK
20:52:31  == Zaloga BT_STOCK ==
20:52:32     [BT_STOCK] preskoceno: Razmik dobavitelja se tece; naslednji prenos po 4. 09. 2026 21:57.
20:52:32     Prevzem koncan: uspesno 0, neuspesno 0, skupaj virov 1.
20:52:33     Prebranih zapisov: 1389; SHA-256: a2517b7733d27b59d8188eb1951be99010b20e4977c0b3dab7f5d75170a16581
20:52:33     Ta posnetek je ze v bazi; vir=BT_STOCK, podjetje=1, cas posnetka=2026-09-04 16:57:35Z, uporabljenih=1389, v karanteni=0, RunId=02c1acb6-b45d-4d9c-9682-2034b21811c8. Zapisano ni bilo nic.
20:52:34     Prebranih zapisov: 1389; SHA-256: a2517b7733d27b59d8188eb1951be99010b20e4977c0b3dab7f5d75170a16581
20:52:35     Ta posnetek je ze v bazi; vir=BT_STOCK, podjetje=2, cas posnetka=2026-09-04 16:57:35Z, uporabljenih=1389, v karanteni=0, RunId=3a1137a0-e3ae-48a4-8b13-e2b133d3dc39. Zapisano ni bilo nic.
20:52:35     Prebranih zapisov: 1389; SHA-256: a2517b7733d27b59d8188eb1951be99010b20e4977c0b3dab7f5d75170a16581
20:52:36     Ta posnetek je ze v bazi; vir=BT_STOCK, podjetje=3, cas posnetka=2026-09-04 16:57:35Z, uporabljenih=1389, v karanteni=0, RunId=1b118a62-f11d-4131-acf8-e876eb3ac649. Zapisano ni bilo nic.
20:52:36     Prebranih zapisov: 1389; SHA-256: a2517b7733d27b59d8188eb1951be99010b20e4977c0b3dab7f5d75170a16581
20:52:37     Ta posnetek je ze v bazi; vir=BT_STOCK, podjetje=4, cas posnetka=2026-09-04 16:57:35Z, uporabljenih=1389, v karanteni=0, RunId=1aa614a3-d639-482b-bde2-25a56612ca47. Zapisano ni bilo nic.
20:52:37     konec: Zaloga BT_STOCK
20:52:37  == Zaloga iz SAOP (kolicine) ==
20:52:38     [1] SAOP_STOCK: se ni na vrsti po razporedu; preskoceno.
20:52:38     [2] SAOP_STOCK: se ni na vrsti po razporedu; preskoceno.
20:52:38     [3] SAOP_STOCK: se ni na vrsti po razporedu; preskoceno.
20:52:38     [4] SAOP_STOCK: se ni na vrsti po razporedu; preskoceno.
20:52:38     konec: Zaloga iz SAOP (kolicine)
20:52:38  == Izvoz cen in zaloge za splet ==
20:52:39     Izvoz profila MAGENTO_STOCK_PRICES končan: 352 vrstic v C:\Users\david\Desktop\PIM\NoviPIM\izvoz\magento\1
20:52:43     Izvoz profila MAGENTO_STOCK_PRICES končan: 2071 vrstic v C:\Users\david\Desktop\PIM\NoviPIM\izvoz\magento\2
20:52:47     Izvoz profila MAGENTO_STOCK_PRICES končan: 2488 vrstic v C:\Users\david\Desktop\PIM\NoviPIM\izvoz\magento\3
20:52:48     Izvoz profila MAGENTO_STOCK_PRICES končan: 0 vrstic v C:\Users\david\Desktop\PIM\NoviPIM\izvoz\magento\4
20:52:48     konec: Izvoz cen in zaloge za splet
20:52:48  Zalogovni cikel koncan; padlih korakov: 0.
20:57:27  == Zaloga NW_STOCK ==
20:57:28     SOURCE_FETCH: se ni na vrsti po razporedu; preskoceno.
20:57:28     Prebranih zapisov: 2763; SHA-256: 5115c0c40c197563cc37b961ecdc5469cb9973b4b1d258ced8e837a9d104d9ca
20:57:29     STOCK_FILE pri podjetju 1: se ni na vrsti po razporedu; preskoceno.
20:57:29     Prebranih zapisov: 2763; SHA-256: 5115c0c40c197563cc37b961ecdc5469cb9973b4b1d258ced8e837a9d104d9ca
20:57:30     STOCK_FILE pri podjetju 2: se ni na vrsti po razporedu; preskoceno.
20:57:30     Prebranih zapisov: 2763; SHA-256: 5115c0c40c197563cc37b961ecdc5469cb9973b4b1d258ced8e837a9d104d9ca
20:57:30     STOCK_FILE pri podjetju 3: se ni na vrsti po razporedu; preskoceno.
20:57:31     Prebranih zapisov: 2763; SHA-256: 5115c0c40c197563cc37b961ecdc5469cb9973b4b1d258ced8e837a9d104d9ca
20:57:31     STOCK_FILE pri podjetju 4: se ni na vrsti po razporedu; preskoceno.
20:57:31     konec: Zaloga NW_STOCK
20:57:31  == Zaloga BT_STOCK ==
20:57:32     SOURCE_FETCH: se ni na vrsti po razporedu; preskoceno.
20:57:33     Prebranih zapisov: 1389; SHA-256: a2517b7733d27b59d8188eb1951be99010b20e4977c0b3dab7f5d75170a16581
20:57:33     STOCK_FILE pri podjetju 1: se ni na vrsti po razporedu; preskoceno.
20:57:34     Prebranih zapisov: 1389; SHA-256: a2517b7733d27b59d8188eb1951be99010b20e4977c0b3dab7f5d75170a16581
20:57:34     STOCK_FILE pri podjetju 2: se ni na vrsti po razporedu; preskoceno.
20:57:35     Prebranih zapisov: 1389; SHA-256: a2517b7733d27b59d8188eb1951be99010b20e4977c0b3dab7f5d75170a16581
20:57:35     STOCK_FILE pri podjetju 3: se ni na vrsti po razporedu; preskoceno.
20:57:36     Prebranih zapisov: 1389; SHA-256: a2517b7733d27b59d8188eb1951be99010b20e4977c0b3dab7f5d75170a16581
20:57:36     STOCK_FILE pri podjetju 4: se ni na vrsti po razporedu; preskoceno.
20:57:36     konec: Zaloga BT_STOCK
20:57:36  == Zaloga iz SAOP (kolicine) ==
20:57:37     [1] SAOP_STOCK: se ni na vrsti po razporedu; preskoceno.
20:57:37     [2] SAOP_STOCK: se ni na vrsti po razporedu; preskoceno.
20:57:37     [3] SAOP_STOCK: se ni na vrsti po razporedu; preskoceno.
20:57:37     [4] SAOP_STOCK: se ni na vrsti po razporedu; preskoceno.
20:57:37     konec: Zaloga iz SAOP (kolicine)
20:57:37  == Izvoz cen in zaloge za splet ==
20:57:39     Izvoz profila MAGENTO_STOCK_PRICES končan: 352 vrstic v C:\Users\david\Desktop\PIM\NoviPIM\izvoz\magento\1
20:57:43     Izvoz profila MAGENTO_STOCK_PRICES končan: 2071 vrstic v C:\Users\david\Desktop\PIM\NoviPIM\izvoz\magento\2
20:57:46     Izvoz profila MAGENTO_STOCK_PRICES končan: 2488 vrstic v C:\Users\david\Desktop\PIM\NoviPIM\izvoz\magento\3
20:57:47     Izvoz profila MAGENTO_STOCK_PRICES končan: 0 vrstic v C:\Users\david\Desktop\PIM\NoviPIM\izvoz\magento\4
20:57:47     konec: Izvoz cen in zaloge za splet
20:57:47  Zalogovni cikel koncan; padlih korakov: 0.
21:02:27  == Zaloga NW_STOCK ==
21:02:28     [NW_STOCK] preskoceno: Razmik dobavitelja se tece; naslednji prenos po 4. 09. 2026 22:27.
21:02:28     Prevzem koncan: uspesno 0, neuspesno 0, skupaj virov 1.
21:02:29     Prebranih zapisov: 2763; SHA-256: 5115c0c40c197563cc37b961ecdc5469cb9973b4b1d258ced8e837a9d104d9ca
21:02:29     Ta posnetek je ze v bazi; vir=NW_STOCK, podjetje=1, cas posnetka=2026-09-04 18:27:30Z, uporabljenih=2763, v karanteni=0, RunId=046da7a9-b3bb-4206-b315-184b4cf77f80. Zapisano ni bilo nic.
21:02:30     Prebranih zapisov: 2763; SHA-256: 5115c0c40c197563cc37b961ecdc5469cb9973b4b1d258ced8e837a9d104d9ca
21:02:30     Ta posnetek je ze v bazi; vir=NW_STOCK, podjetje=2, cas posnetka=2026-09-04 18:27:30Z, uporabljenih=2763, v karanteni=0, RunId=9e04c6b5-4bc9-47be-ab2d-c7056f297283. Zapisano ni bilo nic.
21:02:31     Prebranih zapisov: 2763; SHA-256: 5115c0c40c197563cc37b961ecdc5469cb9973b4b1d258ced8e837a9d104d9ca
21:02:31     Ta posnetek je ze v bazi; vir=NW_STOCK, podjetje=3, cas posnetka=2026-09-04 18:27:30Z, uporabljenih=2763, v karanteni=0, RunId=48cca651-c8c1-44e6-91de-479693ad3311. Zapisano ni bilo nic.
21:02:32     Prebranih zapisov: 2763; SHA-256: 5115c0c40c197563cc37b961ecdc5469cb9973b4b1d258ced8e837a9d104d9ca
21:02:32     Ta posnetek je ze v bazi; vir=NW_STOCK, podjetje=4, cas posnetka=2026-09-04 18:27:30Z, uporabljenih=2763, v karanteni=0, RunId=a51e8fc6-7b1f-4aa8-88a1-9ce6be1b73fd. Zapisano ni bilo nic.
21:02:32     konec: Zaloga NW_STOCK
21:02:32  == Zaloga BT_STOCK ==
21:02:33     SOURCE_FETCH: se ni na vrsti po razporedu; preskoceno.
21:02:34     Prebranih zapisov: 1389; SHA-256: a2517b7733d27b59d8188eb1951be99010b20e4977c0b3dab7f5d75170a16581
21:02:34     STOCK_FILE pri podjetju 1: se ni na vrsti po razporedu; preskoceno.
21:02:35     Prebranih zapisov: 1389; SHA-256: a2517b7733d27b59d8188eb1951be99010b20e4977c0b3dab7f5d75170a16581
21:02:35     STOCK_FILE pri podjetju 2: se ni na vrsti po razporedu; preskoceno.
21:02:36     Prebranih zapisov: 1389; SHA-256: a2517b7733d27b59d8188eb1951be99010b20e4977c0b3dab7f5d75170a16581
21:02:36     STOCK_FILE pri podjetju 3: se ni na vrsti po razporedu; preskoceno.
21:02:37     Prebranih zapisov: 1389; SHA-256: a2517b7733d27b59d8188eb1951be99010b20e4977c0b3dab7f5d75170a16581
21:02:37     STOCK_FILE pri podjetju 4: se ni na vrsti po razporedu; preskoceno.
21:02:37     konec: Zaloga BT_STOCK
21:02:37  == Zaloga iz SAOP (kolicine) ==
21:02:38     [1] SAOP_STOCK: se ni na vrsti po razporedu; preskoceno.
21:02:38     [2] SAOP_STOCK: se ni na vrsti po razporedu; preskoceno.
21:02:38     [3] SAOP_STOCK: se ni na vrsti po razporedu; preskoceno.
21:02:38     [4] SAOP_STOCK: se ni na vrsti po razporedu; preskoceno.
21:02:38     konec: Zaloga iz SAOP (kolicine)
21:02:38  == Izvoz cen in zaloge za splet ==
21:02:39     Izvoz profila MAGENTO_STOCK_PRICES končan: 352 vrstic v C:\Users\david\Desktop\PIM\NoviPIM\izvoz\magento\1
21:02:43     Izvoz profila MAGENTO_STOCK_PRICES končan: 2071 vrstic v C:\Users\david\Desktop\PIM\NoviPIM\izvoz\magento\2
21:02:47     Izvoz profila MAGENTO_STOCK_PRICES končan: 2488 vrstic v C:\Users\david\Desktop\PIM\NoviPIM\izvoz\magento\3
21:02:48     Izvoz profila MAGENTO_STOCK_PRICES končan: 0 vrstic v C:\Users\david\Desktop\PIM\NoviPIM\izvoz\magento\4
21:02:48     konec: Izvoz cen in zaloge za splet
21:02:48  Zalogovni cikel koncan; padlih korakov: 0.
21:07:27  == Zaloga NW_STOCK ==
21:07:28     SOURCE_FETCH: se ni na vrsti po razporedu; preskoceno.
21:07:28     Prebranih zapisov: 2763; SHA-256: 5115c0c40c197563cc37b961ecdc5469cb9973b4b1d258ced8e837a9d104d9ca
21:07:29     STOCK_FILE pri podjetju 1: se ni na vrsti po razporedu; preskoceno.
21:07:29     Prebranih zapisov: 2763; SHA-256: 5115c0c40c197563cc37b961ecdc5469cb9973b4b1d258ced8e837a9d104d9ca
21:07:30     STOCK_FILE pri podjetju 2: se ni na vrsti po razporedu; preskoceno.
21:07:30     Prebranih zapisov: 2763; SHA-256: 5115c0c40c197563cc37b961ecdc5469cb9973b4b1d258ced8e837a9d104d9ca
21:07:31     STOCK_FILE pri podjetju 3: se ni na vrsti po razporedu; preskoceno.
21:07:31     Prebranih zapisov: 2763; SHA-256: 5115c0c40c197563cc37b961ecdc5469cb9973b4b1d258ced8e837a9d104d9ca
21:07:32     STOCK_FILE pri podjetju 4: se ni na vrsti po razporedu; preskoceno.
21:07:32     konec: Zaloga NW_STOCK
21:07:32  == Zaloga BT_STOCK ==
21:07:33     [BT_STOCK] preskoceno: Razmik dobavitelja se tece; naslednji prenos po 4. 09. 2026 21:57.
21:07:33     Prevzem koncan: uspesno 0, neuspesno 0, skupaj virov 1.
21:07:33     Prebranih zapisov: 1389; SHA-256: a2517b7733d27b59d8188eb1951be99010b20e4977c0b3dab7f5d75170a16581
21:07:34     Ta posnetek je ze v bazi; vir=BT_STOCK, podjetje=1, cas posnetka=2026-09-04 16:57:35Z, uporabljenih=1389, v karanteni=0, RunId=02c1acb6-b45d-4d9c-9682-2034b21811c8. Zapisano ni bilo nic.
21:07:34     Prebranih zapisov: 1389; SHA-256: a2517b7733d27b59d8188eb1951be99010b20e4977c0b3dab7f5d75170a16581
21:07:35     Ta posnetek je ze v bazi; vir=BT_STOCK, podjetje=2, cas posnetka=2026-09-04 16:57:35Z, uporabljenih=1389, v karanteni=0, RunId=3a1137a0-e3ae-48a4-8b13-e2b133d3dc39. Zapisano ni bilo nic.
21:07:35     Prebranih zapisov: 1389; SHA-256: a2517b7733d27b59d8188eb1951be99010b20e4977c0b3dab7f5d75170a16581
21:07:36     Ta posnetek je ze v bazi; vir=BT_STOCK, podjetje=3, cas posnetka=2026-09-04 16:57:35Z, uporabljenih=1389, v karanteni=0, RunId=1b118a62-f11d-4131-acf8-e876eb3ac649. Zapisano ni bilo nic.
21:07:37     Prebranih zapisov: 1389; SHA-256: a2517b7733d27b59d8188eb1951be99010b20e4977c0b3dab7f5d75170a16581
21:07:37     Ta posnetek je ze v bazi; vir=BT_STOCK, podjetje=4, cas posnetka=2026-09-04 16:57:35Z, uporabljenih=1389, v karanteni=0, RunId=1aa614a3-d639-482b-bde2-25a56612ca47. Zapisano ni bilo nic.
21:07:37     konec: Zaloga BT_STOCK
21:07:37  == Zaloga iz SAOP (kolicine) ==
21:07:38     [1] SAOP_STOCK: se ni na vrsti po razporedu; preskoceno.
21:07:38     [2] SAOP_STOCK: se ni na vrsti po razporedu; preskoceno.
21:07:38     [3] SAOP_STOCK: se ni na vrsti po razporedu; preskoceno.
21:07:38     [4] SAOP_STOCK: se ni na vrsti po razporedu; preskoceno.
21:07:38     konec: Zaloga iz SAOP (kolicine)
21:07:38  == Izvoz cen in zaloge za splet ==
21:07:39     Izvoz profila MAGENTO_STOCK_PRICES končan: 352 vrstic v C:\Users\david\Desktop\PIM\NoviPIM\izvoz\magento\1
21:07:43     Izvoz profila MAGENTO_STOCK_PRICES končan: 2071 vrstic v C:\Users\david\Desktop\PIM\NoviPIM\izvoz\magento\2
21:07:47     Izvoz profila MAGENTO_STOCK_PRICES končan: 2488 vrstic v C:\Users\david\Desktop\PIM\NoviPIM\izvoz\magento\3
21:07:48     Izvoz profila MAGENTO_STOCK_PRICES končan: 0 vrstic v C:\Users\david\Desktop\PIM\NoviPIM\izvoz\magento\4
21:07:48     konec: Izvoz cen in zaloge za splet
21:07:48  Zalogovni cikel koncan; padlih korakov: 0.
21:12:27  == Zaloga NW_STOCK ==
21:12:28     SOURCE_FETCH: se ni na vrsti po razporedu; preskoceno.
21:12:28     Prebranih zapisov: 2763; SHA-256: 5115c0c40c197563cc37b961ecdc5469cb9973b4b1d258ced8e837a9d104d9ca
21:12:29     STOCK_FILE pri podjetju 1: se ni na vrsti po razporedu; preskoceno.
21:12:29     Prebranih zapisov: 2763; SHA-256: 5115c0c40c197563cc37b961ecdc5469cb9973b4b1d258ced8e837a9d104d9ca
21:12:30     STOCK_FILE pri podjetju 2: se ni na vrsti po razporedu; preskoceno.
21:12:30     Prebranih zapisov: 2763; SHA-256: 5115c0c40c197563cc37b961ecdc5469cb9973b4b1d258ced8e837a9d104d9ca
21:12:31     STOCK_FILE pri podjetju 3: se ni na vrsti po razporedu; preskoceno.
21:12:31     Prebranih zapisov: 2763; SHA-256: 5115c0c40c197563cc37b961ecdc5469cb9973b4b1d258ced8e837a9d104d9ca
21:12:31     STOCK_FILE pri podjetju 4: se ni na vrsti po razporedu; preskoceno.
21:12:32     konec: Zaloga NW_STOCK
21:12:32  == Zaloga BT_STOCK ==
21:12:32     SOURCE_FETCH: se ni na vrsti po razporedu; preskoceno.
21:12:33     Prebranih zapisov: 1389; SHA-256: a2517b7733d27b59d8188eb1951be99010b20e4977c0b3dab7f5d75170a16581
21:12:33     STOCK_FILE pri podjetju 1: se ni na vrsti po razporedu; preskoceno.
21:12:34     Prebranih zapisov: 1389; SHA-256: a2517b7733d27b59d8188eb1951be99010b20e4977c0b3dab7f5d75170a16581
21:12:34     STOCK_FILE pri podjetju 2: se ni na vrsti po razporedu; preskoceno.
21:12:35     Prebranih zapisov: 1389; SHA-256: a2517b7733d27b59d8188eb1951be99010b20e4977c0b3dab7f5d75170a16581
21:12:35     STOCK_FILE pri podjetju 3: se ni na vrsti po razporedu; preskoceno.
21:12:36     Prebranih zapisov: 1389; SHA-256: a2517b7733d27b59d8188eb1951be99010b20e4977c0b3dab7f5d75170a16581
21:12:36     STOCK_FILE pri podjetju 4: se ni na vrsti po razporedu; preskoceno.
21:12:36     konec: Zaloga BT_STOCK
21:12:36  == Zaloga iz SAOP (kolicine) ==
21:12:58     STDERR: [1] NAPAKA: A connection attempt failed because the connected party did not properly respond after a period of time, or established connection failed because connected host has failed to respond. (192.168.178.12:81)
21:13:19     STDERR: [2] NAPAKA: A connection attempt failed because the connected party did not properly respond after a period of time, or established connection failed because connected host has failed to respond. (192.168.178.12:81)
21:13:41     STDERR: [3] NAPAKA: A connection attempt failed because the connected party did not properly respond after a period of time, or established connection failed because connected host has failed to respond. (192.168.178.12:81)
21:14:02     STDERR: [4] NAPAKA: A connection attempt failed because the connected party did not properly respond after a period of time, or established connection failed because connected host has failed to respond. (192.168.178.12:81)
21:14:02     NAPAKA: worker workers\PIM.SaopStockWorker je koncal z izhodno kodo 1
21:14:02  == Izvoz cen in zaloge za splet ==
21:14:03     Izvoz profila MAGENTO_STOCK_PRICES končan: 352 vrstic v C:\Users\david\Desktop\PIM\NoviPIM\izvoz\magento\1
21:14:07     Izvoz profila MAGENTO_STOCK_PRICES končan: 2071 vrstic v C:\Users\david\Desktop\PIM\NoviPIM\izvoz\magento\2
21:14:11     Izvoz profila MAGENTO_STOCK_PRICES končan: 2488 vrstic v C:\Users\david\Desktop\PIM\NoviPIM\izvoz\magento\3
21:14:12     Izvoz profila MAGENTO_STOCK_PRICES končan: 0 vrstic v C:\Users\david\Desktop\PIM\NoviPIM\izvoz\magento\4
21:14:12     konec: Izvoz cen in zaloge za splet
21:14:12  Zalogovni cikel koncan; padlih korakov: 1.
21:17:27  == Zaloga NW_STOCK ==
21:17:28     [NW_STOCK] preskoceno: Razmik dobavitelja se tece; naslednji prenos po 4. 09. 2026 22:27.
21:17:28     Prevzem koncan: uspesno 0, neuspesno 0, skupaj virov 1.
21:17:29     Prebranih zapisov: 2763; SHA-256: 5115c0c40c197563cc37b961ecdc5469cb9973b4b1d258ced8e837a9d104d9ca
21:17:29     Ta posnetek je ze v bazi; vir=NW_STOCK, podjetje=1, cas posnetka=2026-09-04 18:27:30Z, uporabljenih=2763, v karanteni=0, RunId=046da7a9-b3bb-4206-b315-184b4cf77f80. Zapisano ni bilo nic.
21:17:30     Prebranih zapisov: 2763; SHA-256: 5115c0c40c197563cc37b961ecdc5469cb9973b4b1d258ced8e837a9d104d9ca
21:17:30     Ta posnetek je ze v bazi; vir=NW_STOCK, podjetje=2, cas posnetka=2026-09-04 18:27:30Z, uporabljenih=2763, v karanteni=0, RunId=9e04c6b5-4bc9-47be-ab2d-c7056f297283. Zapisano ni bilo nic.
21:17:31     Prebranih zapisov: 2763; SHA-256: 5115c0c40c197563cc37b961ecdc5469cb9973b4b1d258ced8e837a9d104d9ca
21:17:31     Ta posnetek je ze v bazi; vir=NW_STOCK, podjetje=3, cas posnetka=2026-09-04 18:27:30Z, uporabljenih=2763, v karanteni=0, RunId=48cca651-c8c1-44e6-91de-479693ad3311. Zapisano ni bilo nic.
21:17:32     Prebranih zapisov: 2763; SHA-256: 5115c0c40c197563cc37b961ecdc5469cb9973b4b1d258ced8e837a9d104d9ca
21:17:32     Ta posnetek je ze v bazi; vir=NW_STOCK, podjetje=4, cas posnetka=2026-09-04 18:27:30Z, uporabljenih=2763, v karanteni=0, RunId=a51e8fc6-7b1f-4aa8-88a1-9ce6be1b73fd. Zapisano ni bilo nic.
21:17:32     konec: Zaloga NW_STOCK
21:17:32  == Zaloga BT_STOCK ==
21:17:33     SOURCE_FETCH: se ni na vrsti po razporedu; preskoceno.
21:17:34     Prebranih zapisov: 1389; SHA-256: a2517b7733d27b59d8188eb1951be99010b20e4977c0b3dab7f5d75170a16581
21:17:34     STOCK_FILE pri podjetju 1: se ni na vrsti po razporedu; preskoceno.
21:17:35     Prebranih zapisov: 1389; SHA-256: a2517b7733d27b59d8188eb1951be99010b20e4977c0b3dab7f5d75170a16581
21:17:35     STOCK_FILE pri podjetju 2: se ni na vrsti po razporedu; preskoceno.
21:17:36     Prebranih zapisov: 1389; SHA-256: a2517b7733d27b59d8188eb1951be99010b20e4977c0b3dab7f5d75170a16581
21:17:36     STOCK_FILE pri podjetju 3: se ni na vrsti po razporedu; preskoceno.
21:17:37     Prebranih zapisov: 1389; SHA-256: a2517b7733d27b59d8188eb1951be99010b20e4977c0b3dab7f5d75170a16581
21:17:37     STOCK_FILE pri podjetju 4: se ni na vrsti po razporedu; preskoceno.
21:17:38     konec: Zaloga BT_STOCK
21:17:38  == Zaloga iz SAOP (kolicine) ==
21:17:39     [1] SAOP_STOCK: se ni na vrsti po razporedu; preskoceno.
21:17:39     [2] SAOP_STOCK: se ni na vrsti po razporedu; preskoceno.
21:17:39     [3] SAOP_STOCK: se ni na vrsti po razporedu; preskoceno.
21:17:39     [4] SAOP_STOCK: se ni na vrsti po razporedu; preskoceno.
21:17:39     konec: Zaloga iz SAOP (kolicine)
21:17:39  == Izvoz cen in zaloge za splet ==
21:17:40     Izvoz profila MAGENTO_STOCK_PRICES končan: 352 vrstic v C:\Users\david\Desktop\PIM\NoviPIM\izvoz\magento\1
21:17:44     Izvoz profila MAGENTO_STOCK_PRICES končan: 2071 vrstic v C:\Users\david\Desktop\PIM\NoviPIM\izvoz\magento\2
21:17:48     Izvoz profila MAGENTO_STOCK_PRICES končan: 2488 vrstic v C:\Users\david\Desktop\PIM\NoviPIM\izvoz\magento\3
21:17:49     Izvoz profila MAGENTO_STOCK_PRICES končan: 0 vrstic v C:\Users\david\Desktop\PIM\NoviPIM\izvoz\magento\4
21:17:49     konec: Izvoz cen in zaloge za splet
21:17:49  Zalogovni cikel koncan; padlih korakov: 0.
21:22:27  == Zaloga NW_STOCK ==
21:22:28     SOURCE_FETCH: se ni na vrsti po razporedu; preskoceno.
21:22:29     Prebranih zapisov: 2763; SHA-256: 5115c0c40c197563cc37b961ecdc5469cb9973b4b1d258ced8e837a9d104d9ca
21:22:29     STOCK_FILE pri podjetju 1: se ni na vrsti po razporedu; preskoceno.
21:22:30     Prebranih zapisov: 2763; SHA-256: 5115c0c40c197563cc37b961ecdc5469cb9973b4b1d258ced8e837a9d104d9ca
21:22:30     STOCK_FILE pri podjetju 2: se ni na vrsti po razporedu; preskoceno.
21:22:30     Prebranih zapisov: 2763; SHA-256: 5115c0c40c197563cc37b961ecdc5469cb9973b4b1d258ced8e837a9d104d9ca
21:22:31     STOCK_FILE pri podjetju 3: se ni na vrsti po razporedu; preskoceno.
21:22:31     Prebranih zapisov: 2763; SHA-256: 5115c0c40c197563cc37b961ecdc5469cb9973b4b1d258ced8e837a9d104d9ca
21:22:32     STOCK_FILE pri podjetju 4: se ni na vrsti po razporedu; preskoceno.
21:22:32     konec: Zaloga NW_STOCK
21:22:32  == Zaloga BT_STOCK ==
21:22:33     [BT_STOCK] preskoceno: Razmik dobavitelja se tece; naslednji prenos po 4. 09. 2026 21:57.
21:22:33     Prevzem koncan: uspesno 0, neuspesno 0, skupaj virov 1.
21:22:33     Prebranih zapisov: 1389; SHA-256: a2517b7733d27b59d8188eb1951be99010b20e4977c0b3dab7f5d75170a16581
21:22:34     Ta posnetek je ze v bazi; vir=BT_STOCK, podjetje=1, cas posnetka=2026-09-04 16:57:35Z, uporabljenih=1389, v karanteni=0, RunId=02c1acb6-b45d-4d9c-9682-2034b21811c8. Zapisano ni bilo nic.
21:22:34     Prebranih zapisov: 1389; SHA-256: a2517b7733d27b59d8188eb1951be99010b20e4977c0b3dab7f5d75170a16581
21:22:35     Ta posnetek je ze v bazi; vir=BT_STOCK, podjetje=2, cas posnetka=2026-09-04 16:57:35Z, uporabljenih=1389, v karanteni=0, RunId=3a1137a0-e3ae-48a4-8b13-e2b133d3dc39. Zapisano ni bilo nic.
21:22:36     Prebranih zapisov: 1389; SHA-256: a2517b7733d27b59d8188eb1951be99010b20e4977c0b3dab7f5d75170a16581
21:22:36     Ta posnetek je ze v bazi; vir=BT_STOCK, podjetje=3, cas posnetka=2026-09-04 16:57:35Z, uporabljenih=1389, v karanteni=0, RunId=1b118a62-f11d-4131-acf8-e876eb3ac649. Zapisano ni bilo nic.
21:22:37     Prebranih zapisov: 1389; SHA-256: a2517b7733d27b59d8188eb1951be99010b20e4977c0b3dab7f5d75170a16581
21:22:37     Ta posnetek je ze v bazi; vir=BT_STOCK, podjetje=4, cas posnetka=2026-09-04 16:57:35Z, uporabljenih=1389, v karanteni=0, RunId=1aa614a3-d639-482b-bde2-25a56612ca47. Zapisano ni bilo nic.
21:22:37     konec: Zaloga BT_STOCK
21:22:37  == Zaloga iz SAOP (kolicine) ==
21:22:38     [1] SAOP_STOCK: se ni na vrsti po razporedu; preskoceno.
21:22:38     [2] SAOP_STOCK: se ni na vrsti po razporedu; preskoceno.
21:22:38     [3] SAOP_STOCK: se ni na vrsti po razporedu; preskoceno.
21:22:38     [4] SAOP_STOCK: se ni na vrsti po razporedu; preskoceno.
21:22:38     konec: Zaloga iz SAOP (kolicine)
21:22:38  == Izvoz cen in zaloge za splet ==
21:22:39     Izvoz profila MAGENTO_STOCK_PRICES končan: 352 vrstic v C:\Users\david\Desktop\PIM\NoviPIM\izvoz\magento\1
21:22:43     Izvoz profila MAGENTO_STOCK_PRICES končan: 2071 vrstic v C:\Users\david\Desktop\PIM\NoviPIM\izvoz\magento\2
21:22:47     Izvoz profila MAGENTO_STOCK_PRICES končan: 2488 vrstic v C:\Users\david\Desktop\PIM\NoviPIM\izvoz\magento\3
21:22:48     Izvoz profila MAGENTO_STOCK_PRICES končan: 0 vrstic v C:\Users\david\Desktop\PIM\NoviPIM\izvoz\magento\4
21:22:48     konec: Izvoz cen in zaloge za splet
21:22:48  Zalogovni cikel koncan; padlih korakov: 0.
21:27:27  == Zaloga NW_STOCK ==
21:27:28     SOURCE_FETCH: se ni na vrsti po razporedu; preskoceno.
21:27:29     Prebranih zapisov: 2763; SHA-256: 5115c0c40c197563cc37b961ecdc5469cb9973b4b1d258ced8e837a9d104d9ca
21:27:30     STOCK_FILE pri podjetju 1: se ni na vrsti po razporedu; preskoceno.
21:27:31     Prebranih zapisov: 2763; SHA-256: 5115c0c40c197563cc37b961ecdc5469cb9973b4b1d258ced8e837a9d104d9ca
21:27:31     STOCK_FILE pri podjetju 2: se ni na vrsti po razporedu; preskoceno.
21:27:32     Prebranih zapisov: 2763; SHA-256: 5115c0c40c197563cc37b961ecdc5469cb9973b4b1d258ced8e837a9d104d9ca
21:27:32     STOCK_FILE pri podjetju 3: se ni na vrsti po razporedu; preskoceno.
21:27:33     Prebranih zapisov: 2763; SHA-256: 5115c0c40c197563cc37b961ecdc5469cb9973b4b1d258ced8e837a9d104d9ca
21:27:33     STOCK_FILE pri podjetju 4: se ni na vrsti po razporedu; preskoceno.
21:27:33     konec: Zaloga NW_STOCK
21:27:33  == Zaloga BT_STOCK ==
21:27:34     [BT_STOCK] preskoceno: Razmik dobavitelja se tece; naslednji prenos po 4. 09. 2026 21:57.
21:27:34     Prevzem koncan: uspesno 0, neuspesno 0, skupaj virov 1.
21:27:35     Prebranih zapisov: 1389; SHA-256: a2517b7733d27b59d8188eb1951be99010b20e4977c0b3dab7f5d75170a16581
21:27:35     Ta posnetek je ze v bazi; vir=BT_STOCK, podjetje=1, cas posnetka=2026-09-04 16:57:35Z, uporabljenih=1389, v karanteni=0, RunId=02c1acb6-b45d-4d9c-9682-2034b21811c8. Zapisano ni bilo nic.
21:27:36     Prebranih zapisov: 1389; SHA-256: a2517b7733d27b59d8188eb1951be99010b20e4977c0b3dab7f5d75170a16581
21:27:36     Ta posnetek je ze v bazi; vir=BT_STOCK, podjetje=2, cas posnetka=2026-09-04 16:57:35Z, uporabljenih=1389, v karanteni=0, RunId=3a1137a0-e3ae-48a4-8b13-e2b133d3dc39. Zapisano ni bilo nic.
21:27:37     Prebranih zapisov: 1389; SHA-256: a2517b7733d27b59d8188eb1951be99010b20e4977c0b3dab7f5d75170a16581
21:27:37     Ta posnetek je ze v bazi; vir=BT_STOCK, podjetje=3, cas posnetka=2026-09-04 16:57:35Z, uporabljenih=1389, v karanteni=0, RunId=1b118a62-f11d-4131-acf8-e876eb3ac649. Zapisano ni bilo nic.
21:27:38     Prebranih zapisov: 1389; SHA-256: a2517b7733d27b59d8188eb1951be99010b20e4977c0b3dab7f5d75170a16581
21:27:38     Ta posnetek je ze v bazi; vir=BT_STOCK, podjetje=4, cas posnetka=2026-09-04 16:57:35Z, uporabljenih=1389, v karanteni=0, RunId=1aa614a3-d639-482b-bde2-25a56612ca47. Zapisano ni bilo nic.
21:27:38     konec: Zaloga BT_STOCK
21:27:38  == Zaloga iz SAOP (kolicine) ==
21:27:39     [1] SAOP_STOCK: se ni na vrsti po razporedu; preskoceno.
21:27:39     [2] SAOP_STOCK: se ni na vrsti po razporedu; preskoceno.
21:27:39     [3] SAOP_STOCK: se ni na vrsti po razporedu; preskoceno.
21:27:39     [4] SAOP_STOCK: se ni na vrsti po razporedu; preskoceno.
21:27:39     konec: Zaloga iz SAOP (kolicine)
21:27:39  == Izvoz cen in zaloge za splet ==
21:27:41     Izvoz profila MAGENTO_STOCK_PRICES končan: 352 vrstic v C:\Users\david\Desktop\PIM\NoviPIM\izvoz\magento\1
21:27:45     Izvoz profila MAGENTO_STOCK_PRICES končan: 2071 vrstic v C:\Users\david\Desktop\PIM\NoviPIM\izvoz\magento\2
21:27:49     Izvoz profila MAGENTO_STOCK_PRICES končan: 2488 vrstic v C:\Users\david\Desktop\PIM\NoviPIM\izvoz\magento\3
21:27:50     Izvoz profila MAGENTO_STOCK_PRICES končan: 0 vrstic v C:\Users\david\Desktop\PIM\NoviPIM\izvoz\magento\4
21:27:50     konec: Izvoz cen in zaloge za splet
21:27:50  Zalogovni cikel koncan; padlih korakov: 0.
21:32:27  == Zaloga NW_STOCK ==
21:32:28     SOURCE_FETCH: se ni na vrsti po razporedu; preskoceno.
21:32:29     Prebranih zapisov: 2763; SHA-256: 5115c0c40c197563cc37b961ecdc5469cb9973b4b1d258ced8e837a9d104d9ca
21:32:29     STOCK_FILE pri podjetju 1: se ni na vrsti po razporedu; preskoceno.
21:32:30     Prebranih zapisov: 2763; SHA-256: 5115c0c40c197563cc37b961ecdc5469cb9973b4b1d258ced8e837a9d104d9ca
21:32:30     STOCK_FILE pri podjetju 2: se ni na vrsti po razporedu; preskoceno.
21:32:30     Prebranih zapisov: 2763; SHA-256: 5115c0c40c197563cc37b961ecdc5469cb9973b4b1d258ced8e837a9d104d9ca
21:32:31     STOCK_FILE pri podjetju 3: se ni na vrsti po razporedu; preskoceno.
21:32:31     Prebranih zapisov: 2763; SHA-256: 5115c0c40c197563cc37b961ecdc5469cb9973b4b1d258ced8e837a9d104d9ca
21:32:32     STOCK_FILE pri podjetju 4: se ni na vrsti po razporedu; preskoceno.
21:32:32     konec: Zaloga NW_STOCK
21:32:32  == Zaloga BT_STOCK ==
21:32:33     SOURCE_FETCH: se ni na vrsti po razporedu; preskoceno.
21:32:33     Prebranih zapisov: 1389; SHA-256: a2517b7733d27b59d8188eb1951be99010b20e4977c0b3dab7f5d75170a16581
21:32:34     STOCK_FILE pri podjetju 1: se ni na vrsti po razporedu; preskoceno.
21:32:34     Prebranih zapisov: 1389; SHA-256: a2517b7733d27b59d8188eb1951be99010b20e4977c0b3dab7f5d75170a16581
21:32:35     STOCK_FILE pri podjetju 2: se ni na vrsti po razporedu; preskoceno.
21:32:35     Prebranih zapisov: 1389; SHA-256: a2517b7733d27b59d8188eb1951be99010b20e4977c0b3dab7f5d75170a16581
21:32:36     STOCK_FILE pri podjetju 3: se ni na vrsti po razporedu; preskoceno.
21:32:36     Prebranih zapisov: 1389; SHA-256: a2517b7733d27b59d8188eb1951be99010b20e4977c0b3dab7f5d75170a16581
21:32:37     STOCK_FILE pri podjetju 4: se ni na vrsti po razporedu; preskoceno.
21:32:37     konec: Zaloga BT_STOCK
21:32:37  == Zaloga iz SAOP (kolicine) ==
21:32:38     [1] SAOP_STOCK: se ni na vrsti po razporedu; preskoceno.
21:32:38     [2] SAOP_STOCK: se ni na vrsti po razporedu; preskoceno.
21:32:38     [3] SAOP_STOCK: se ni na vrsti po razporedu; preskoceno.
21:32:38     [4] SAOP_STOCK: se ni na vrsti po razporedu; preskoceno.
21:32:38     konec: Zaloga iz SAOP (kolicine)
21:32:38  == Izvoz cen in zaloge za splet ==
21:32:39     Izvoz profila MAGENTO_STOCK_PRICES končan: 352 vrstic v C:\Users\david\Desktop\PIM\NoviPIM\izvoz\magento\1
21:32:43     Izvoz profila MAGENTO_STOCK_PRICES končan: 2071 vrstic v C:\Users\david\Desktop\PIM\NoviPIM\izvoz\magento\2
21:32:47     Izvoz profila MAGENTO_STOCK_PRICES končan: 2488 vrstic v C:\Users\david\Desktop\PIM\NoviPIM\izvoz\magento\3
21:32:48     Izvoz profila MAGENTO_STOCK_PRICES končan: 0 vrstic v C:\Users\david\Desktop\PIM\NoviPIM\izvoz\magento\4
21:32:48     konec: Izvoz cen in zaloge za splet
21:32:48  Zalogovni cikel koncan; padlih korakov: 0.
21:37:27  == Zaloga NW_STOCK ==
21:37:28     [NW_STOCK] preskoceno: Razmik dobavitelja se tece; naslednji prenos po 4. 09. 2026 22:27.
21:37:28     Prevzem koncan: uspesno 0, neuspesno 0, skupaj virov 1.
21:37:29     Prebranih zapisov: 2763; SHA-256: 5115c0c40c197563cc37b961ecdc5469cb9973b4b1d258ced8e837a9d104d9ca
21:37:29     Ta posnetek je ze v bazi; vir=NW_STOCK, podjetje=1, cas posnetka=2026-09-04 18:27:30Z, uporabljenih=2763, v karanteni=0, RunId=046da7a9-b3bb-4206-b315-184b4cf77f80. Zapisano ni bilo nic.
21:37:30     Prebranih zapisov: 2763; SHA-256: 5115c0c40c197563cc37b961ecdc5469cb9973b4b1d258ced8e837a9d104d9ca
21:37:30     Ta posnetek je ze v bazi; vir=NW_STOCK, podjetje=2, cas posnetka=2026-09-04 18:27:30Z, uporabljenih=2763, v karanteni=0, RunId=9e04c6b5-4bc9-47be-ab2d-c7056f297283. Zapisano ni bilo nic.
21:37:31     Prebranih zapisov: 2763; SHA-256: 5115c0c40c197563cc37b961ecdc5469cb9973b4b1d258ced8e837a9d104d9ca
21:37:31     Ta posnetek je ze v bazi; vir=NW_STOCK, podjetje=3, cas posnetka=2026-09-04 18:27:30Z, uporabljenih=2763, v karanteni=0, RunId=48cca651-c8c1-44e6-91de-479693ad3311. Zapisano ni bilo nic.
21:37:32     Prebranih zapisov: 2763; SHA-256: 5115c0c40c197563cc37b961ecdc5469cb9973b4b1d258ced8e837a9d104d9ca
21:37:32     Ta posnetek je ze v bazi; vir=NW_STOCK, podjetje=4, cas posnetka=2026-09-04 18:27:30Z, uporabljenih=2763, v karanteni=0, RunId=a51e8fc6-7b1f-4aa8-88a1-9ce6be1b73fd. Zapisano ni bilo nic.
21:37:32     konec: Zaloga NW_STOCK
21:37:32  == Zaloga BT_STOCK ==
21:37:33     SOURCE_FETCH: se ni na vrsti po razporedu; preskoceno.
21:37:34     Prebranih zapisov: 1389; SHA-256: a2517b7733d27b59d8188eb1951be99010b20e4977c0b3dab7f5d75170a16581
21:37:34     STOCK_FILE pri podjetju 1: se ni na vrsti po razporedu; preskoceno.
21:37:35     Prebranih zapisov: 1389; SHA-256: a2517b7733d27b59d8188eb1951be99010b20e4977c0b3dab7f5d75170a16581
21:37:35     STOCK_FILE pri podjetju 2: se ni na vrsti po razporedu; preskoceno.
21:37:36     Prebranih zapisov: 1389; SHA-256: a2517b7733d27b59d8188eb1951be99010b20e4977c0b3dab7f5d75170a16581
21:37:36     STOCK_FILE pri podjetju 3: se ni na vrsti po razporedu; preskoceno.
21:37:37     Prebranih zapisov: 1389; SHA-256: a2517b7733d27b59d8188eb1951be99010b20e4977c0b3dab7f5d75170a16581
21:37:37     STOCK_FILE pri podjetju 4: se ni na vrsti po razporedu; preskoceno.
21:37:37     konec: Zaloga BT_STOCK
21:37:37  == Zaloga iz SAOP (kolicine) ==
21:37:38     [1] SAOP_STOCK: se ni na vrsti po razporedu; preskoceno.
21:37:38     [2] SAOP_STOCK: se ni na vrsti po razporedu; preskoceno.
21:37:38     [3] SAOP_STOCK: se ni na vrsti po razporedu; preskoceno.
21:37:38     [4] SAOP_STOCK: se ni na vrsti po razporedu; preskoceno.
21:37:38     konec: Zaloga iz SAOP (kolicine)
21:37:38  == Izvoz cen in zaloge za splet ==
21:37:40     Izvoz profila MAGENTO_STOCK_PRICES končan: 352 vrstic v C:\Users\david\Desktop\PIM\NoviPIM\izvoz\magento\1
21:37:43     Izvoz profila MAGENTO_STOCK_PRICES končan: 2071 vrstic v C:\Users\david\Desktop\PIM\NoviPIM\izvoz\magento\2
21:37:47     Izvoz profila MAGENTO_STOCK_PRICES končan: 2488 vrstic v C:\Users\david\Desktop\PIM\NoviPIM\izvoz\magento\3
21:37:48     Izvoz profila MAGENTO_STOCK_PRICES končan: 0 vrstic v C:\Users\david\Desktop\PIM\NoviPIM\izvoz\magento\4
21:37:48     konec: Izvoz cen in zaloge za splet
21:37:48  Zalogovni cikel koncan; padlih korakov: 0.
21:42:27  == Zaloga NW_STOCK ==
21:42:28     SOURCE_FETCH: se ni na vrsti po razporedu; preskoceno.
21:42:29     Prebranih zapisov: 2763; SHA-256: 5115c0c40c197563cc37b961ecdc5469cb9973b4b1d258ced8e837a9d104d9ca
21:42:29     STOCK_FILE pri podjetju 1: se ni na vrsti po razporedu; preskoceno.
21:42:29     Prebranih zapisov: 2763; SHA-256: 5115c0c40c197563cc37b961ecdc5469cb9973b4b1d258ced8e837a9d104d9ca
21:42:30     STOCK_FILE pri podjetju 2: se ni na vrsti po razporedu; preskoceno.
21:42:30     Prebranih zapisov: 2763; SHA-256: 5115c0c40c197563cc37b961ecdc5469cb9973b4b1d258ced8e837a9d104d9ca
21:42:31     STOCK_FILE pri podjetju 3: se ni na vrsti po razporedu; preskoceno.
21:42:31     Prebranih zapisov: 2763; SHA-256: 5115c0c40c197563cc37b961ecdc5469cb9973b4b1d258ced8e837a9d104d9ca
21:42:32     STOCK_FILE pri podjetju 4: se ni na vrsti po razporedu; preskoceno.
21:42:32     konec: Zaloga NW_STOCK
21:42:32  == Zaloga BT_STOCK ==
21:42:33     [BT_STOCK] preskoceno: Razmik dobavitelja se tece; naslednji prenos po 4. 09. 2026 21:57.
21:42:33     Prevzem koncan: uspesno 0, neuspesno 0, skupaj virov 1.
21:42:33     Prebranih zapisov: 1389; SHA-256: a2517b7733d27b59d8188eb1951be99010b20e4977c0b3dab7f5d75170a16581
21:42:34     Ta posnetek je ze v bazi; vir=BT_STOCK, podjetje=1, cas posnetka=2026-09-04 16:57:35Z, uporabljenih=1389, v karanteni=0, RunId=02c1acb6-b45d-4d9c-9682-2034b21811c8. Zapisano ni bilo nic.
21:42:34     Prebranih zapisov: 1389; SHA-256: a2517b7733d27b59d8188eb1951be99010b20e4977c0b3dab7f5d75170a16581
21:42:35     Ta posnetek je ze v bazi; vir=BT_STOCK, podjetje=2, cas posnetka=2026-09-04 16:57:35Z, uporabljenih=1389, v karanteni=0, RunId=3a1137a0-e3ae-48a4-8b13-e2b133d3dc39. Zapisano ni bilo nic.
21:42:35     Prebranih zapisov: 1389; SHA-256: a2517b7733d27b59d8188eb1951be99010b20e4977c0b3dab7f5d75170a16581
21:42:36     Ta posnetek je ze v bazi; vir=BT_STOCK, podjetje=3, cas posnetka=2026-09-04 16:57:35Z, uporabljenih=1389, v karanteni=0, RunId=1b118a62-f11d-4131-acf8-e876eb3ac649. Zapisano ni bilo nic.
21:42:36     Prebranih zapisov: 1389; SHA-256: a2517b7733d27b59d8188eb1951be99010b20e4977c0b3dab7f5d75170a16581
21:42:37     Ta posnetek je ze v bazi; vir=BT_STOCK, podjetje=4, cas posnetka=2026-09-04 16:57:35Z, uporabljenih=1389, v karanteni=0, RunId=1aa614a3-d639-482b-bde2-25a56612ca47. Zapisano ni bilo nic.
21:42:37     konec: Zaloga BT_STOCK
21:42:37  == Zaloga iz SAOP (kolicine) ==
21:42:38     [1] SAOP_STOCK: se ni na vrsti po razporedu; preskoceno.
21:42:38     [2] SAOP_STOCK: se ni na vrsti po razporedu; preskoceno.
21:42:38     [3] SAOP_STOCK: se ni na vrsti po razporedu; preskoceno.
21:42:38     [4] SAOP_STOCK: se ni na vrsti po razporedu; preskoceno.
21:42:38     konec: Zaloga iz SAOP (kolicine)
21:42:38  == Izvoz cen in zaloge za splet ==
21:42:39     Izvoz profila MAGENTO_STOCK_PRICES končan: 352 vrstic v C:\Users\david\Desktop\PIM\NoviPIM\izvoz\magento\1
21:42:43     Izvoz profila MAGENTO_STOCK_PRICES končan: 2071 vrstic v C:\Users\david\Desktop\PIM\NoviPIM\izvoz\magento\2
21:42:47     Izvoz profila MAGENTO_STOCK_PRICES končan: 2488 vrstic v C:\Users\david\Desktop\PIM\NoviPIM\izvoz\magento\3
21:42:48     Izvoz profila MAGENTO_STOCK_PRICES končan: 0 vrstic v C:\Users\david\Desktop\PIM\NoviPIM\izvoz\magento\4
21:42:48     konec: Izvoz cen in zaloge za splet
21:42:48  Zalogovni cikel koncan; padlih korakov: 0.
21:47:27  == Zaloga NW_STOCK ==
21:47:28     SOURCE_FETCH: se ni na vrsti po razporedu; preskoceno.
21:47:29     Prebranih zapisov: 2763; SHA-256: 5115c0c40c197563cc37b961ecdc5469cb9973b4b1d258ced8e837a9d104d9ca
21:47:29     STOCK_FILE pri podjetju 1: se ni na vrsti po razporedu; preskoceno.
21:47:29     Prebranih zapisov: 2763; SHA-256: 5115c0c40c197563cc37b961ecdc5469cb9973b4b1d258ced8e837a9d104d9ca
21:47:30     STOCK_FILE pri podjetju 2: se ni na vrsti po razporedu; preskoceno.
21:47:30     Prebranih zapisov: 2763; SHA-256: 5115c0c40c197563cc37b961ecdc5469cb9973b4b1d258ced8e837a9d104d9ca
21:47:31     STOCK_FILE pri podjetju 3: se ni na vrsti po razporedu; preskoceno.
21:47:31     Prebranih zapisov: 2763; SHA-256: 5115c0c40c197563cc37b961ecdc5469cb9973b4b1d258ced8e837a9d104d9ca
21:47:32     STOCK_FILE pri podjetju 4: se ni na vrsti po razporedu; preskoceno.
21:47:32     konec: Zaloga NW_STOCK
21:47:32  == Zaloga BT_STOCK ==
21:47:33     [BT_STOCK] preskoceno: Razmik dobavitelja se tece; naslednji prenos po 4. 09. 2026 21:57.
21:47:33     Prevzem koncan: uspesno 0, neuspesno 0, skupaj virov 1.
21:47:33     Prebranih zapisov: 1389; SHA-256: a2517b7733d27b59d8188eb1951be99010b20e4977c0b3dab7f5d75170a16581
21:47:34     Ta posnetek je ze v bazi; vir=BT_STOCK, podjetje=1, cas posnetka=2026-09-04 16:57:35Z, uporabljenih=1389, v karanteni=0, RunId=02c1acb6-b45d-4d9c-9682-2034b21811c8. Zapisano ni bilo nic.
21:47:34     Prebranih zapisov: 1389; SHA-256: a2517b7733d27b59d8188eb1951be99010b20e4977c0b3dab7f5d75170a16581
21:47:35     STOCK_FILE pri podjetju 2: se ni na vrsti po razporedu; preskoceno.
21:47:35     Prebranih zapisov: 1389; SHA-256: a2517b7733d27b59d8188eb1951be99010b20e4977c0b3dab7f5d75170a16581
21:47:36     STOCK_FILE pri podjetju 3: se ni na vrsti po razporedu; preskoceno.
21:47:36     Prebranih zapisov: 1389; SHA-256: a2517b7733d27b59d8188eb1951be99010b20e4977c0b3dab7f5d75170a16581
21:47:37     STOCK_FILE pri podjetju 4: se ni na vrsti po razporedu; preskoceno.
21:47:37     konec: Zaloga BT_STOCK
21:47:37  == Zaloga iz SAOP (kolicine) ==
21:47:59     STDERR: [1] NAPAKA: A connection attempt failed because the connected party did not properly respond after a period of time, or established connection failed because connected host has failed to respond. (192.168.178.12:81)
21:48:20     STDERR: [2] NAPAKA: A connection attempt failed because the connected party did not properly respond after a period of time, or established connection failed because connected host has failed to respond. (192.168.178.12:81)
21:48:41     STDERR: [3] NAPAKA: A connection attempt failed because the connected party did not properly respond after a period of time, or established connection failed because connected host has failed to respond. (192.168.178.12:81)
21:49:02     STDERR: [4] NAPAKA: A connection attempt failed because the connected party did not properly respond after a period of time, or established connection failed because connected host has failed to respond. (192.168.178.12:81)
21:49:02     NAPAKA: worker workers\PIM.SaopStockWorker je koncal z izhodno kodo 1
21:49:02  == Izvoz cen in zaloge za splet ==
21:49:04     Izvoz profila MAGENTO_STOCK_PRICES končan: 352 vrstic v C:\Users\david\Desktop\PIM\NoviPIM\izvoz\magento\1
21:49:07     Izvoz profila MAGENTO_STOCK_PRICES končan: 2071 vrstic v C:\Users\david\Desktop\PIM\NoviPIM\izvoz\magento\2
21:49:11     Izvoz profila MAGENTO_STOCK_PRICES končan: 2488 vrstic v C:\Users\david\Desktop\PIM\NoviPIM\izvoz\magento\3
21:49:13     Izvoz profila MAGENTO_STOCK_PRICES končan: 0 vrstic v C:\Users\david\Desktop\PIM\NoviPIM\izvoz\magento\4
21:49:13     konec: Izvoz cen in zaloge za splet
21:49:13  Zalogovni cikel koncan; padlih korakov: 1.
21:52:27  == Zaloga NW_STOCK ==
21:52:28     SOURCE_FETCH: se ni na vrsti po razporedu; preskoceno.
21:52:29     Prebranih zapisov: 2763; SHA-256: 5115c0c40c197563cc37b961ecdc5469cb9973b4b1d258ced8e837a9d104d9ca
21:52:29     STOCK_FILE pri podjetju 1: se ni na vrsti po razporedu; preskoceno.
21:52:30     Prebranih zapisov: 2763; SHA-256: 5115c0c40c197563cc37b961ecdc5469cb9973b4b1d258ced8e837a9d104d9ca
21:52:30     Ta posnetek je ze v bazi; vir=NW_STOCK, podjetje=2, cas posnetka=2026-09-04 18:27:30Z, uporabljenih=2763, v karanteni=0, RunId=9e04c6b5-4bc9-47be-ab2d-c7056f297283. Zapisano ni bilo nic.
21:52:31     Prebranih zapisov: 2763; SHA-256: 5115c0c40c197563cc37b961ecdc5469cb9973b4b1d258ced8e837a9d104d9ca
21:52:31     Ta posnetek je ze v bazi; vir=NW_STOCK, podjetje=3, cas posnetka=2026-09-04 18:27:30Z, uporabljenih=2763, v karanteni=0, RunId=48cca651-c8c1-44e6-91de-479693ad3311. Zapisano ni bilo nic.
21:52:32     Prebranih zapisov: 2763; SHA-256: 5115c0c40c197563cc37b961ecdc5469cb9973b4b1d258ced8e837a9d104d9ca
21:52:32     Ta posnetek je ze v bazi; vir=NW_STOCK, podjetje=4, cas posnetka=2026-09-04 18:27:30Z, uporabljenih=2763, v karanteni=0, RunId=a51e8fc6-7b1f-4aa8-88a1-9ce6be1b73fd. Zapisano ni bilo nic.
21:52:32     konec: Zaloga NW_STOCK
21:52:32  == Zaloga BT_STOCK ==
21:52:33     [BT_STOCK] preskoceno: Razmik dobavitelja se tece; naslednji prenos po 4. 09. 2026 21:57.
21:52:33     Prevzem koncan: uspesno 0, neuspesno 0, skupaj virov 1.
21:52:34     Prebranih zapisov: 1389; SHA-256: a2517b7733d27b59d8188eb1951be99010b20e4977c0b3dab7f5d75170a16581
21:52:34     Ta posnetek je ze v bazi; vir=BT_STOCK, podjetje=1, cas posnetka=2026-09-04 16:57:35Z, uporabljenih=1389, v karanteni=0, RunId=02c1acb6-b45d-4d9c-9682-2034b21811c8. Zapisano ni bilo nic.
21:52:35     Prebranih zapisov: 1389; SHA-256: a2517b7733d27b59d8188eb1951be99010b20e4977c0b3dab7f5d75170a16581
21:52:35     STOCK_FILE pri podjetju 2: se ni na vrsti po razporedu; preskoceno.
21:52:36     Prebranih zapisov: 1389; SHA-256: a2517b7733d27b59d8188eb1951be99010b20e4977c0b3dab7f5d75170a16581
21:52:36     STOCK_FILE pri podjetju 3: se ni na vrsti po razporedu; preskoceno.
21:52:37     Prebranih zapisov: 1389; SHA-256: a2517b7733d27b59d8188eb1951be99010b20e4977c0b3dab7f5d75170a16581
21:52:37     STOCK_FILE pri podjetju 4: se ni na vrsti po razporedu; preskoceno.
21:52:37     konec: Zaloga BT_STOCK
21:52:37  == Zaloga iz SAOP (kolicine) ==
21:52:38     [1] SAOP_STOCK: se ni na vrsti po razporedu; preskoceno.
21:52:38     [2] SAOP_STOCK: se ni na vrsti po razporedu; preskoceno.
21:52:38     [3] SAOP_STOCK: se ni na vrsti po razporedu; preskoceno.
21:52:38     [4] SAOP_STOCK: se ni na vrsti po razporedu; preskoceno.
21:52:38     konec: Zaloga iz SAOP (kolicine)
21:52:38  == Izvoz cen in zaloge za splet ==
21:52:39     Izvoz profila MAGENTO_STOCK_PRICES končan: 352 vrstic v C:\Users\david\Desktop\PIM\NoviPIM\izvoz\magento\1
21:52:43     Izvoz profila MAGENTO_STOCK_PRICES končan: 2071 vrstic v C:\Users\david\Desktop\PIM\NoviPIM\izvoz\magento\2
21:52:47     Izvoz profila MAGENTO_STOCK_PRICES končan: 2488 vrstic v C:\Users\david\Desktop\PIM\NoviPIM\izvoz\magento\3
21:52:48     Izvoz profila MAGENTO_STOCK_PRICES končan: 0 vrstic v C:\Users\david\Desktop\PIM\NoviPIM\izvoz\magento\4
21:52:48     konec: Izvoz cen in zaloge za splet
21:52:48  Zalogovni cikel koncan; padlih korakov: 0.
21:57:27  == Zaloga NW_STOCK ==
21:57:28     SOURCE_FETCH: se ni na vrsti po razporedu; preskoceno.
21:57:29     Prebranih zapisov: 2763; SHA-256: 5115c0c40c197563cc37b961ecdc5469cb9973b4b1d258ced8e837a9d104d9ca
21:57:29     STOCK_FILE pri podjetju 1: se ni na vrsti po razporedu; preskoceno.
21:57:30     Prebranih zapisov: 2763; SHA-256: 5115c0c40c197563cc37b961ecdc5469cb9973b4b1d258ced8e837a9d104d9ca
21:57:30     STOCK_FILE pri podjetju 2: se ni na vrsti po razporedu; preskoceno.
21:57:31     Prebranih zapisov: 2763; SHA-256: 5115c0c40c197563cc37b961ecdc5469cb9973b4b1d258ced8e837a9d104d9ca
21:57:31     STOCK_FILE pri podjetju 3: se ni na vrsti po razporedu; preskoceno.
21:57:32     Prebranih zapisov: 2763; SHA-256: 5115c0c40c197563cc37b961ecdc5469cb9973b4b1d258ced8e837a9d104d9ca
21:57:32     STOCK_FILE pri podjetju 4: se ni na vrsti po razporedu; preskoceno.
21:57:32     konec: Zaloga NW_STOCK
21:57:32  == Zaloga BT_STOCK ==
21:57:33     SOURCE_FETCH: se ni na vrsti po razporedu; preskoceno.
21:57:33     Prebranih zapisov: 1389; SHA-256: a2517b7733d27b59d8188eb1951be99010b20e4977c0b3dab7f5d75170a16581
21:57:34     STOCK_FILE pri podjetju 1: se ni na vrsti po razporedu; preskoceno.
21:57:34     Prebranih zapisov: 1389; SHA-256: a2517b7733d27b59d8188eb1951be99010b20e4977c0b3dab7f5d75170a16581
21:57:35     Ta posnetek je ze v bazi; vir=BT_STOCK, podjetje=2, cas posnetka=2026-09-04 16:57:35Z, uporabljenih=1389, v karanteni=0, RunId=3a1137a0-e3ae-48a4-8b13-e2b133d3dc39. Zapisano ni bilo nic.
21:57:36     Prebranih zapisov: 1389; SHA-256: a2517b7733d27b59d8188eb1951be99010b20e4977c0b3dab7f5d75170a16581
21:57:36     Ta posnetek je ze v bazi; vir=BT_STOCK, podjetje=3, cas posnetka=2026-09-04 16:57:35Z, uporabljenih=1389, v karanteni=0, RunId=1b118a62-f11d-4131-acf8-e876eb3ac649. Zapisano ni bilo nic.
21:57:37     Prebranih zapisov: 1389; SHA-256: a2517b7733d27b59d8188eb1951be99010b20e4977c0b3dab7f5d75170a16581
21:57:37     Ta posnetek je ze v bazi; vir=BT_STOCK, podjetje=4, cas posnetka=2026-09-04 16:57:35Z, uporabljenih=1389, v karanteni=0, RunId=1aa614a3-d639-482b-bde2-25a56612ca47. Zapisano ni bilo nic.
21:57:37     konec: Zaloga BT_STOCK
21:57:37  == Zaloga iz SAOP (kolicine) ==
21:57:38     [1] SAOP_STOCK: se ni na vrsti po razporedu; preskoceno.
21:57:38     [2] SAOP_STOCK: se ni na vrsti po razporedu; preskoceno.
21:57:38     [3] SAOP_STOCK: se ni na vrsti po razporedu; preskoceno.
21:57:38     [4] SAOP_STOCK: se ni na vrsti po razporedu; preskoceno.
21:57:38     konec: Zaloga iz SAOP (kolicine)
21:57:38  == Izvoz cen in zaloge za splet ==
21:57:40     Izvoz profila MAGENTO_STOCK_PRICES končan: 352 vrstic v C:\Users\david\Desktop\PIM\NoviPIM\izvoz\magento\1
21:57:44     Izvoz profila MAGENTO_STOCK_PRICES končan: 2071 vrstic v C:\Users\david\Desktop\PIM\NoviPIM\izvoz\magento\2
21:57:47     Izvoz profila MAGENTO_STOCK_PRICES končan: 2488 vrstic v C:\Users\david\Desktop\PIM\NoviPIM\izvoz\magento\3
21:57:49     Izvoz profila MAGENTO_STOCK_PRICES končan: 0 vrstic v C:\Users\david\Desktop\PIM\NoviPIM\izvoz\magento\4
21:57:49     konec: Izvoz cen in zaloge za splet
21:57:49  Zalogovni cikel koncan; padlih korakov: 0.
22:02:27  == Zaloga NW_STOCK ==
22:02:28     [NW_STOCK] preskoceno: Razmik dobavitelja se tece; naslednji prenos po 4. 09. 2026 22:27.
22:02:28     Prevzem koncan: uspesno 0, neuspesno 0, skupaj virov 1.
22:02:29     Prebranih zapisov: 2763; SHA-256: 5115c0c40c197563cc37b961ecdc5469cb9973b4b1d258ced8e837a9d104d9ca
22:02:29     Ta posnetek je ze v bazi; vir=NW_STOCK, podjetje=1, cas posnetka=2026-09-04 18:27:30Z, uporabljenih=2763, v karanteni=0, RunId=046da7a9-b3bb-4206-b315-184b4cf77f80. Zapisano ni bilo nic.
22:02:30     Prebranih zapisov: 2763; SHA-256: 5115c0c40c197563cc37b961ecdc5469cb9973b4b1d258ced8e837a9d104d9ca
22:02:30     STOCK_FILE pri podjetju 2: se ni na vrsti po razporedu; preskoceno.
22:02:31     Prebranih zapisov: 2763; SHA-256: 5115c0c40c197563cc37b961ecdc5469cb9973b4b1d258ced8e837a9d104d9ca
22:02:31     STOCK_FILE pri podjetju 3: se ni na vrsti po razporedu; preskoceno.
22:02:32     Prebranih zapisov: 2763; SHA-256: 5115c0c40c197563cc37b961ecdc5469cb9973b4b1d258ced8e837a9d104d9ca
22:02:32     STOCK_FILE pri podjetju 4: se ni na vrsti po razporedu; preskoceno.
22:02:32     konec: Zaloga NW_STOCK
22:02:32  == Zaloga BT_STOCK ==
22:02:33     SOURCE_FETCH: se ni na vrsti po razporedu; preskoceno.
22:02:34     Prebranih zapisov: 1389; SHA-256: a2517b7733d27b59d8188eb1951be99010b20e4977c0b3dab7f5d75170a16581
22:02:34     STOCK_FILE pri podjetju 1: se ni na vrsti po razporedu; preskoceno.
22:02:34     Prebranih zapisov: 1389; SHA-256: a2517b7733d27b59d8188eb1951be99010b20e4977c0b3dab7f5d75170a16581
22:02:35     STOCK_FILE pri podjetju 2: se ni na vrsti po razporedu; preskoceno.
22:02:35     Prebranih zapisov: 1389; SHA-256: a2517b7733d27b59d8188eb1951be99010b20e4977c0b3dab7f5d75170a16581
22:02:36     STOCK_FILE pri podjetju 3: se ni na vrsti po razporedu; preskoceno.
22:02:37     Prebranih zapisov: 1389; SHA-256: a2517b7733d27b59d8188eb1951be99010b20e4977c0b3dab7f5d75170a16581
22:02:37     STOCK_FILE pri podjetju 4: se ni na vrsti po razporedu; preskoceno.
22:02:37     konec: Zaloga BT_STOCK
22:02:37  == Zaloga iz SAOP (kolicine) ==
22:02:38     [1] SAOP_STOCK: se ni na vrsti po razporedu; preskoceno.
22:02:38     [2] SAOP_STOCK: se ni na vrsti po razporedu; preskoceno.
22:02:38     [3] SAOP_STOCK: se ni na vrsti po razporedu; preskoceno.
22:02:38     [4] SAOP_STOCK: se ni na vrsti po razporedu; preskoceno.
22:02:38     konec: Zaloga iz SAOP (kolicine)
22:02:38  == Izvoz cen in zaloge za splet ==
22:02:39     Izvoz profila MAGENTO_STOCK_PRICES končan: 352 vrstic v C:\Users\david\Desktop\PIM\NoviPIM\izvoz\magento\1
22:02:43     Izvoz profila MAGENTO_STOCK_PRICES končan: 2071 vrstic v C:\Users\david\Desktop\PIM\NoviPIM\izvoz\magento\2
22:02:47     Izvoz profila MAGENTO_STOCK_PRICES končan: 2488 vrstic v C:\Users\david\Desktop\PIM\NoviPIM\izvoz\magento\3
22:02:48     Izvoz profila MAGENTO_STOCK_PRICES končan: 0 vrstic v C:\Users\david\Desktop\PIM\NoviPIM\izvoz\magento\4
22:02:48     konec: Izvoz cen in zaloge za splet
22:02:48  Zalogovni cikel koncan; padlih korakov: 0.
22:07:27  == Zaloga NW_STOCK ==
22:07:28     SOURCE_FETCH: se ni na vrsti po razporedu; preskoceno.
22:07:29     Prebranih zapisov: 2763; SHA-256: 5115c0c40c197563cc37b961ecdc5469cb9973b4b1d258ced8e837a9d104d9ca
22:07:29     STOCK_FILE pri podjetju 1: se ni na vrsti po razporedu; preskoceno.
22:07:30     Prebranih zapisov: 2763; SHA-256: 5115c0c40c197563cc37b961ecdc5469cb9973b4b1d258ced8e837a9d104d9ca
22:07:30     Ta posnetek je ze v bazi; vir=NW_STOCK, podjetje=2, cas posnetka=2026-09-04 18:27:30Z, uporabljenih=2763, v karanteni=0, RunId=9e04c6b5-4bc9-47be-ab2d-c7056f297283. Zapisano ni bilo nic.
22:07:31     Prebranih zapisov: 2763; SHA-256: 5115c0c40c197563cc37b961ecdc5469cb9973b4b1d258ced8e837a9d104d9ca
22:07:31     Ta posnetek je ze v bazi; vir=NW_STOCK, podjetje=3, cas posnetka=2026-09-04 18:27:30Z, uporabljenih=2763, v karanteni=0, RunId=48cca651-c8c1-44e6-91de-479693ad3311. Zapisano ni bilo nic.
22:07:32     Prebranih zapisov: 2763; SHA-256: 5115c0c40c197563cc37b961ecdc5469cb9973b4b1d258ced8e837a9d104d9ca
22:07:32     Ta posnetek je ze v bazi; vir=NW_STOCK, podjetje=4, cas posnetka=2026-09-04 18:27:30Z, uporabljenih=2763, v karanteni=0, RunId=a51e8fc6-7b1f-4aa8-88a1-9ce6be1b73fd. Zapisano ni bilo nic.
22:07:32     konec: Zaloga NW_STOCK
22:07:32  == Zaloga BT_STOCK ==
22:07:35     [BT_STOCK] preskoceno: Dobaviteljeva datoteka je nespremenjena; obdrzimo prejsnjo.
22:07:35     Prevzem koncan: uspesno 0, neuspesno 0, skupaj virov 1.
22:07:36     Prebranih zapisov: 1389; SHA-256: a2517b7733d27b59d8188eb1951be99010b20e4977c0b3dab7f5d75170a16581
22:07:36     Ta posnetek je ze v bazi; vir=BT_STOCK, podjetje=1, cas posnetka=2026-09-04 16:57:35Z, uporabljenih=1389, v karanteni=0, RunId=02c1acb6-b45d-4d9c-9682-2034b21811c8. Zapisano ni bilo nic.
22:07:37     Prebranih zapisov: 1389; SHA-256: a2517b7733d27b59d8188eb1951be99010b20e4977c0b3dab7f5d75170a16581
22:07:37     STOCK_FILE pri podjetju 2: se ni na vrsti po razporedu; preskoceno.
22:07:38     Prebranih zapisov: 1389; SHA-256: a2517b7733d27b59d8188eb1951be99010b20e4977c0b3dab7f5d75170a16581
22:07:38     STOCK_FILE pri podjetju 3: se ni na vrsti po razporedu; preskoceno.
22:07:39     Prebranih zapisov: 1389; SHA-256: a2517b7733d27b59d8188eb1951be99010b20e4977c0b3dab7f5d75170a16581
22:07:39     STOCK_FILE pri podjetju 4: se ni na vrsti po razporedu; preskoceno.
22:07:39     konec: Zaloga BT_STOCK
22:07:39  == Zaloga iz SAOP (kolicine) ==
22:07:40     [1] SAOP_STOCK: se ni na vrsti po razporedu; preskoceno.
22:07:40     [2] SAOP_STOCK: se ni na vrsti po razporedu; preskoceno.
22:07:40     [3] SAOP_STOCK: se ni na vrsti po razporedu; preskoceno.
22:07:40     [4] SAOP_STOCK: se ni na vrsti po razporedu; preskoceno.
22:07:40     konec: Zaloga iz SAOP (kolicine)
22:07:40  == Izvoz cen in zaloge za splet ==
22:07:41     Izvoz profila MAGENTO_STOCK_PRICES končan: 352 vrstic v C:\Users\david\Desktop\PIM\NoviPIM\izvoz\magento\1
22:07:45     Izvoz profila MAGENTO_STOCK_PRICES končan: 2071 vrstic v C:\Users\david\Desktop\PIM\NoviPIM\izvoz\magento\2
22:07:49     Izvoz profila MAGENTO_STOCK_PRICES končan: 2488 vrstic v C:\Users\david\Desktop\PIM\NoviPIM\izvoz\magento\3
22:07:50     Izvoz profila MAGENTO_STOCK_PRICES končan: 0 vrstic v C:\Users\david\Desktop\PIM\NoviPIM\izvoz\magento\4
22:07:50     konec: Izvoz cen in zaloge za splet
22:07:50  Zalogovni cikel koncan; padlih korakov: 0.
22:12:27  == Zaloga NW_STOCK ==
22:12:28     SOURCE_FETCH: se ni na vrsti po razporedu; preskoceno.
22:12:29     Prebranih zapisov: 2763; SHA-256: 5115c0c40c197563cc37b961ecdc5469cb9973b4b1d258ced8e837a9d104d9ca
22:12:29     STOCK_FILE pri podjetju 1: se ni na vrsti po razporedu; preskoceno.
22:12:30     Prebranih zapisov: 2763; SHA-256: 5115c0c40c197563cc37b961ecdc5469cb9973b4b1d258ced8e837a9d104d9ca
22:12:30     STOCK_FILE pri podjetju 2: se ni na vrsti po razporedu; preskoceno.
22:12:30     Prebranih zapisov: 2763; SHA-256: 5115c0c40c197563cc37b961ecdc5469cb9973b4b1d258ced8e837a9d104d9ca
22:12:31     STOCK_FILE pri podjetju 3: se ni na vrsti po razporedu; preskoceno.
22:12:31     Prebranih zapisov: 2763; SHA-256: 5115c0c40c197563cc37b961ecdc5469cb9973b4b1d258ced8e837a9d104d9ca
22:12:32     STOCK_FILE pri podjetju 4: se ni na vrsti po razporedu; preskoceno.
22:12:32     konec: Zaloga NW_STOCK
22:12:32  == Zaloga BT_STOCK ==
22:12:33     SOURCE_FETCH: se ni na vrsti po razporedu; preskoceno.
22:12:33     Prebranih zapisov: 1389; SHA-256: a2517b7733d27b59d8188eb1951be99010b20e4977c0b3dab7f5d75170a16581
22:12:34     STOCK_FILE pri podjetju 1: se ni na vrsti po razporedu; preskoceno.
22:12:34     Prebranih zapisov: 1389; SHA-256: a2517b7733d27b59d8188eb1951be99010b20e4977c0b3dab7f5d75170a16581
22:12:35     Ta posnetek je ze v bazi; vir=BT_STOCK, podjetje=2, cas posnetka=2026-09-04 16:57:35Z, uporabljenih=1389, v karanteni=0, RunId=3a1137a0-e3ae-48a4-8b13-e2b133d3dc39. Zapisano ni bilo nic.
22:12:35     Prebranih zapisov: 1389; SHA-256: a2517b7733d27b59d8188eb1951be99010b20e4977c0b3dab7f5d75170a16581
22:12:36     Ta posnetek je ze v bazi; vir=BT_STOCK, podjetje=3, cas posnetka=2026-09-04 16:57:35Z, uporabljenih=1389, v karanteni=0, RunId=1b118a62-f11d-4131-acf8-e876eb3ac649. Zapisano ni bilo nic.
22:12:36     Prebranih zapisov: 1389; SHA-256: a2517b7733d27b59d8188eb1951be99010b20e4977c0b3dab7f5d75170a16581
22:12:37     Ta posnetek je ze v bazi; vir=BT_STOCK, podjetje=4, cas posnetka=2026-09-04 16:57:35Z, uporabljenih=1389, v karanteni=0, RunId=1aa614a3-d639-482b-bde2-25a56612ca47. Zapisano ni bilo nic.
22:12:37     konec: Zaloga BT_STOCK
22:12:37  == Zaloga iz SAOP (kolicine) ==
22:12:38     [1] SAOP_STOCK: se ni na vrsti po razporedu; preskoceno.
22:12:38     [2] SAOP_STOCK: se ni na vrsti po razporedu; preskoceno.
22:12:38     [3] SAOP_STOCK: se ni na vrsti po razporedu; preskoceno.
22:12:38     [4] SAOP_STOCK: se ni na vrsti po razporedu; preskoceno.
22:12:38     konec: Zaloga iz SAOP (kolicine)
22:12:38  == Izvoz cen in zaloge za splet ==
22:12:39     Izvoz profila MAGENTO_STOCK_PRICES končan: 352 vrstic v C:\Users\david\Desktop\PIM\NoviPIM\izvoz\magento\1
22:12:43     Izvoz profila MAGENTO_STOCK_PRICES končan: 2071 vrstic v C:\Users\david\Desktop\PIM\NoviPIM\izvoz\magento\2
22:12:47     Izvoz profila MAGENTO_STOCK_PRICES končan: 2488 vrstic v C:\Users\david\Desktop\PIM\NoviPIM\izvoz\magento\3
22:12:48     Izvoz profila MAGENTO_STOCK_PRICES končan: 0 vrstic v C:\Users\david\Desktop\PIM\NoviPIM\izvoz\magento\4
22:12:48     konec: Izvoz cen in zaloge za splet
22:12:48  Zalogovni cikel koncan; padlih korakov: 0.
22:17:27  == Zaloga NW_STOCK ==
22:17:28     [NW_STOCK] preskoceno: Razmik dobavitelja se tece; naslednji prenos po 4. 09. 2026 22:27.
22:17:28     Prevzem koncan: uspesno 0, neuspesno 0, skupaj virov 1.
22:17:29     Prebranih zapisov: 2763; SHA-256: 5115c0c40c197563cc37b961ecdc5469cb9973b4b1d258ced8e837a9d104d9ca
22:17:29     Ta posnetek je ze v bazi; vir=NW_STOCK, podjetje=1, cas posnetka=2026-09-04 18:27:30Z, uporabljenih=2763, v karanteni=0, RunId=046da7a9-b3bb-4206-b315-184b4cf77f80. Zapisano ni bilo nic.
22:17:30     Prebranih zapisov: 2763; SHA-256: 5115c0c40c197563cc37b961ecdc5469cb9973b4b1d258ced8e837a9d104d9ca
22:17:30     STOCK_FILE pri podjetju 2: se ni na vrsti po razporedu; preskoceno.
22:17:31     Prebranih zapisov: 2763; SHA-256: 5115c0c40c197563cc37b961ecdc5469cb9973b4b1d258ced8e837a9d104d9ca
22:17:31     STOCK_FILE pri podjetju 3: se ni na vrsti po razporedu; preskoceno.
22:17:32     Prebranih zapisov: 2763; SHA-256: 5115c0c40c197563cc37b961ecdc5469cb9973b4b1d258ced8e837a9d104d9ca
22:17:32     STOCK_FILE pri podjetju 4: se ni na vrsti po razporedu; preskoceno.
22:17:32     konec: Zaloga NW_STOCK
22:17:32  == Zaloga BT_STOCK ==
22:17:33     SOURCE_FETCH: se ni na vrsti po razporedu; preskoceno.
22:17:34     Prebranih zapisov: 1389; SHA-256: a2517b7733d27b59d8188eb1951be99010b20e4977c0b3dab7f5d75170a16581
22:17:34     STOCK_FILE pri podjetju 1: se ni na vrsti po razporedu; preskoceno.
22:17:35     Prebranih zapisov: 1389; SHA-256: a2517b7733d27b59d8188eb1951be99010b20e4977c0b3dab7f5d75170a16581
22:17:35     Ta posnetek je ze v bazi; vir=BT_STOCK, podjetje=2, cas posnetka=2026-09-04 16:57:35Z, uporabljenih=1389, v karanteni=0, RunId=3a1137a0-e3ae-48a4-8b13-e2b133d3dc39. Zapisano ni bilo nic.
22:17:36     Prebranih zapisov: 1389; SHA-256: a2517b7733d27b59d8188eb1951be99010b20e4977c0b3dab7f5d75170a16581
22:17:36     Ta posnetek je ze v bazi; vir=BT_STOCK, podjetje=3, cas posnetka=2026-09-04 16:57:35Z, uporabljenih=1389, v karanteni=0, RunId=1b118a62-f11d-4131-acf8-e876eb3ac649. Zapisano ni bilo nic.
22:17:37     Prebranih zapisov: 1389; SHA-256: a2517b7733d27b59d8188eb1951be99010b20e4977c0b3dab7f5d75170a16581
22:17:37     Ta posnetek je ze v bazi; vir=BT_STOCK, podjetje=4, cas posnetka=2026-09-04 16:57:35Z, uporabljenih=1389, v karanteni=0, RunId=1aa614a3-d639-482b-bde2-25a56612ca47. Zapisano ni bilo nic.
22:17:37     konec: Zaloga BT_STOCK
22:17:37  == Zaloga iz SAOP (kolicine) ==
22:17:38     [1] SAOP_STOCK: se ni na vrsti po razporedu; preskoceno.
22:17:38     [2] SAOP_STOCK: se ni na vrsti po razporedu; preskoceno.
22:17:38     [3] SAOP_STOCK: se ni na vrsti po razporedu; preskoceno.
22:17:38     [4] SAOP_STOCK: se ni na vrsti po razporedu; preskoceno.
22:17:39     konec: Zaloga iz SAOP (kolicine)
22:17:39  == Izvoz cen in zaloge za splet ==
22:17:40     Izvoz profila MAGENTO_STOCK_PRICES končan: 352 vrstic v C:\Users\david\Desktop\PIM\NoviPIM\izvoz\magento\1
22:17:44     Izvoz profila MAGENTO_STOCK_PRICES končan: 2071 vrstic v C:\Users\david\Desktop\PIM\NoviPIM\izvoz\magento\2
22:17:48     Izvoz profila MAGENTO_STOCK_PRICES končan: 2488 vrstic v C:\Users\david\Desktop\PIM\NoviPIM\izvoz\magento\3
22:17:49     Izvoz profila MAGENTO_STOCK_PRICES končan: 0 vrstic v C:\Users\david\Desktop\PIM\NoviPIM\izvoz\magento\4
22:17:49     konec: Izvoz cen in zaloge za splet
22:17:49  Zalogovni cikel koncan; padlih korakov: 0.
22:22:27  == Zaloga NW_STOCK ==
22:22:28     SOURCE_FETCH: se ni na vrsti po razporedu; preskoceno.
22:22:29     Prebranih zapisov: 2763; SHA-256: 5115c0c40c197563cc37b961ecdc5469cb9973b4b1d258ced8e837a9d104d9ca
22:22:29     STOCK_FILE pri podjetju 1: se ni na vrsti po razporedu; preskoceno.
22:22:30     Prebranih zapisov: 2763; SHA-256: 5115c0c40c197563cc37b961ecdc5469cb9973b4b1d258ced8e837a9d104d9ca
22:22:30     STOCK_FILE pri podjetju 2: se ni na vrsti po razporedu; preskoceno.
22:22:31     Prebranih zapisov: 2763; SHA-256: 5115c0c40c197563cc37b961ecdc5469cb9973b4b1d258ced8e837a9d104d9ca
22:22:31     STOCK_FILE pri podjetju 3: se ni na vrsti po razporedu; preskoceno.
22:22:32     Prebranih zapisov: 2763; SHA-256: 5115c0c40c197563cc37b961ecdc5469cb9973b4b1d258ced8e837a9d104d9ca
22:22:32     STOCK_FILE pri podjetju 4: se ni na vrsti po razporedu; preskoceno.
22:22:32     konec: Zaloga NW_STOCK
22:22:32  == Zaloga BT_STOCK ==
22:22:33     [BT_STOCK] preskoceno: Razmik dobavitelja se tece; naslednji prenos po 5. 09. 2026 01:07.
22:22:33     Prevzem koncan: uspesno 0, neuspesno 0, skupaj virov 1.
22:22:33     Prebranih zapisov: 1389; SHA-256: a2517b7733d27b59d8188eb1951be99010b20e4977c0b3dab7f5d75170a16581
22:22:34     Ta posnetek je ze v bazi; vir=BT_STOCK, podjetje=1, cas posnetka=2026-09-04 16:57:35Z, uporabljenih=1389, v karanteni=0, RunId=02c1acb6-b45d-4d9c-9682-2034b21811c8. Zapisano ni bilo nic.
22:22:35     Prebranih zapisov: 1389; SHA-256: a2517b7733d27b59d8188eb1951be99010b20e4977c0b3dab7f5d75170a16581
22:22:35     STOCK_FILE pri podjetju 2: se ni na vrsti po razporedu; preskoceno.
22:22:36     Prebranih zapisov: 1389; SHA-256: a2517b7733d27b59d8188eb1951be99010b20e4977c0b3dab7f5d75170a16581
22:22:36     STOCK_FILE pri podjetju 3: se ni na vrsti po razporedu; preskoceno.
22:22:36     Prebranih zapisov: 1389; SHA-256: a2517b7733d27b59d8188eb1951be99010b20e4977c0b3dab7f5d75170a16581
22:22:37     STOCK_FILE pri podjetju 4: se ni na vrsti po razporedu; preskoceno.
22:22:37     konec: Zaloga BT_STOCK
22:22:37  == Zaloga iz SAOP (kolicine) ==
22:22:59     STDERR: [1] NAPAKA: A connection attempt failed because the connected party did not properly respond after a period of time, or established connection failed because connected host has failed to respond. (192.168.178.12:81)
22:23:20     STDERR: [2] NAPAKA: A connection attempt failed because the connected party did not properly respond after a period of time, or established connection failed because connected host has failed to respond. (192.168.178.12:81)
22:23:41     STDERR: [3] NAPAKA: A connection attempt failed because the connected party did not properly respond after a period of time, or established connection failed because connected host has failed to respond. (192.168.178.12:81)
22:24:02     STDERR: [4] NAPAKA: A connection attempt failed because the connected party did not properly respond after a period of time, or established connection failed because connected host has failed to respond. (192.168.178.12:81)
22:24:02     NAPAKA: worker workers\PIM.SaopStockWorker je koncal z izhodno kodo 1
22:24:02  == Izvoz cen in zaloge za splet ==
22:24:04     Izvoz profila MAGENTO_STOCK_PRICES končan: 352 vrstic v C:\Users\david\Desktop\PIM\NoviPIM\izvoz\magento\1
22:24:07     Izvoz profila MAGENTO_STOCK_PRICES končan: 2071 vrstic v C:\Users\david\Desktop\PIM\NoviPIM\izvoz\magento\2
22:24:11     Izvoz profila MAGENTO_STOCK_PRICES končan: 2488 vrstic v C:\Users\david\Desktop\PIM\NoviPIM\izvoz\magento\3
22:24:12     Izvoz profila MAGENTO_STOCK_PRICES končan: 0 vrstic v C:\Users\david\Desktop\PIM\NoviPIM\izvoz\magento\4
22:24:12     konec: Izvoz cen in zaloge za splet
22:24:12  Zalogovni cikel koncan; padlih korakov: 1.
22:27:27  == Zaloga NW_STOCK ==
22:27:28     SOURCE_FETCH: se ni na vrsti po razporedu; preskoceno.
22:27:29     Prebranih zapisov: 2763; SHA-256: 5115c0c40c197563cc37b961ecdc5469cb9973b4b1d258ced8e837a9d104d9ca
22:27:29     STOCK_FILE pri podjetju 1: se ni na vrsti po razporedu; preskoceno.
22:27:30     Prebranih zapisov: 2763; SHA-256: 5115c0c40c197563cc37b961ecdc5469cb9973b4b1d258ced8e837a9d104d9ca
22:27:30     Ta posnetek je ze v bazi; vir=NW_STOCK, podjetje=2, cas posnetka=2026-09-04 18:27:30Z, uporabljenih=2763, v karanteni=0, RunId=9e04c6b5-4bc9-47be-ab2d-c7056f297283. Zapisano ni bilo nic.
22:27:31     Prebranih zapisov: 2763; SHA-256: 5115c0c40c197563cc37b961ecdc5469cb9973b4b1d258ced8e837a9d104d9ca
22:27:31     Ta posnetek je ze v bazi; vir=NW_STOCK, podjetje=3, cas posnetka=2026-09-04 18:27:30Z, uporabljenih=2763, v karanteni=0, RunId=48cca651-c8c1-44e6-91de-479693ad3311. Zapisano ni bilo nic.
22:27:32     Prebranih zapisov: 2763; SHA-256: 5115c0c40c197563cc37b961ecdc5469cb9973b4b1d258ced8e837a9d104d9ca
22:27:32     Ta posnetek je ze v bazi; vir=NW_STOCK, podjetje=4, cas posnetka=2026-09-04 18:27:30Z, uporabljenih=2763, v karanteni=0, RunId=a51e8fc6-7b1f-4aa8-88a1-9ce6be1b73fd. Zapisano ni bilo nic.
22:27:32     konec: Zaloga NW_STOCK
22:27:32  == Zaloga BT_STOCK ==
22:27:33     [BT_STOCK] preskoceno: Razmik dobavitelja se tece; naslednji prenos po 5. 09. 2026 01:07.
22:27:33     Prevzem koncan: uspesno 0, neuspesno 0, skupaj virov 1.
22:27:34     Prebranih zapisov: 1389; SHA-256: a2517b7733d27b59d8188eb1951be99010b20e4977c0b3dab7f5d75170a16581
22:27:34     Ta posnetek je ze v bazi; vir=BT_STOCK, podjetje=1, cas posnetka=2026-09-04 16:57:35Z, uporabljenih=1389, v karanteni=0, RunId=02c1acb6-b45d-4d9c-9682-2034b21811c8. Zapisano ni bilo nic.
22:27:35     Prebranih zapisov: 1389; SHA-256: a2517b7733d27b59d8188eb1951be99010b20e4977c0b3dab7f5d75170a16581
22:27:35     STOCK_FILE pri podjetju 2: se ni na vrsti po razporedu; preskoceno.
22:27:36     Prebranih zapisov: 1389; SHA-256: a2517b7733d27b59d8188eb1951be99010b20e4977c0b3dab7f5d75170a16581
22:27:36     STOCK_FILE pri podjetju 3: se ni na vrsti po razporedu; preskoceno.
22:27:37     Prebranih zapisov: 1389; SHA-256: a2517b7733d27b59d8188eb1951be99010b20e4977c0b3dab7f5d75170a16581
22:27:37     STOCK_FILE pri podjetju 4: se ni na vrsti po razporedu; preskoceno.
22:27:37     konec: Zaloga BT_STOCK
22:27:37  == Zaloga iz SAOP (kolicine) ==
22:27:38     [1] SAOP_STOCK: se ni na vrsti po razporedu; preskoceno.
22:27:38     [2] SAOP_STOCK: se ni na vrsti po razporedu; preskoceno.
22:27:38     [3] SAOP_STOCK: se ni na vrsti po razporedu; preskoceno.
22:27:38     [4] SAOP_STOCK: se ni na vrsti po razporedu; preskoceno.
22:27:38     konec: Zaloga iz SAOP (kolicine)
22:27:38  == Izvoz cen in zaloge za splet ==
22:27:39     Izvoz profila MAGENTO_STOCK_PRICES končan: 352 vrstic v C:\Users\david\Desktop\PIM\NoviPIM\izvoz\magento\1
22:27:43     Izvoz profila MAGENTO_STOCK_PRICES končan: 2071 vrstic v C:\Users\david\Desktop\PIM\NoviPIM\izvoz\magento\2
22:27:47     Izvoz profila MAGENTO_STOCK_PRICES končan: 2488 vrstic v C:\Users\david\Desktop\PIM\NoviPIM\izvoz\magento\3
22:27:48     Izvoz profila MAGENTO_STOCK_PRICES končan: 0 vrstic v C:\Users\david\Desktop\PIM\NoviPIM\izvoz\magento\4
22:27:48     konec: Izvoz cen in zaloge za splet
22:27:48  Zalogovni cikel koncan; padlih korakov: 0.
22:32:27  == Zaloga NW_STOCK ==
22:32:28     SOURCE_FETCH: se ni na vrsti po razporedu; preskoceno.
22:32:29     Prebranih zapisov: 2763; SHA-256: 5115c0c40c197563cc37b961ecdc5469cb9973b4b1d258ced8e837a9d104d9ca
22:32:29     STOCK_FILE pri podjetju 1: se ni na vrsti po razporedu; preskoceno.
22:32:30     Prebranih zapisov: 2763; SHA-256: 5115c0c40c197563cc37b961ecdc5469cb9973b4b1d258ced8e837a9d104d9ca
22:32:30     STOCK_FILE pri podjetju 2: se ni na vrsti po razporedu; preskoceno.
22:32:30     Prebranih zapisov: 2763; SHA-256: 5115c0c40c197563cc37b961ecdc5469cb9973b4b1d258ced8e837a9d104d9ca
22:32:31     STOCK_FILE pri podjetju 3: se ni na vrsti po razporedu; preskoceno.
22:32:31     Prebranih zapisov: 2763; SHA-256: 5115c0c40c197563cc37b961ecdc5469cb9973b4b1d258ced8e837a9d104d9ca
22:32:32     STOCK_FILE pri podjetju 4: se ni na vrsti po razporedu; preskoceno.
22:32:32     konec: Zaloga NW_STOCK
22:32:32  == Zaloga BT_STOCK ==
22:32:33     SOURCE_FETCH: se ni na vrsti po razporedu; preskoceno.
22:32:33     Prebranih zapisov: 1389; SHA-256: a2517b7733d27b59d8188eb1951be99010b20e4977c0b3dab7f5d75170a16581
22:32:34     STOCK_FILE pri podjetju 1: se ni na vrsti po razporedu; preskoceno.
22:32:34     Prebranih zapisov: 1389; SHA-256: a2517b7733d27b59d8188eb1951be99010b20e4977c0b3dab7f5d75170a16581
22:32:35     Ta posnetek je ze v bazi; vir=BT_STOCK, podjetje=2, cas posnetka=2026-09-04 16:57:35Z, uporabljenih=1389, v karanteni=0, RunId=3a1137a0-e3ae-48a4-8b13-e2b133d3dc39. Zapisano ni bilo nic.
22:32:35     Prebranih zapisov: 1389; SHA-256: a2517b7733d27b59d8188eb1951be99010b20e4977c0b3dab7f5d75170a16581
22:32:36     Ta posnetek je ze v bazi; vir=BT_STOCK, podjetje=3, cas posnetka=2026-09-04 16:57:35Z, uporabljenih=1389, v karanteni=0, RunId=1b118a62-f11d-4131-acf8-e876eb3ac649. Zapisano ni bilo nic.
22:32:36     Prebranih zapisov: 1389; SHA-256: a2517b7733d27b59d8188eb1951be99010b20e4977c0b3dab7f5d75170a16581
22:32:37     Ta posnetek je ze v bazi; vir=BT_STOCK, podjetje=4, cas posnetka=2026-09-04 16:57:35Z, uporabljenih=1389, v karanteni=0, RunId=1aa614a3-d639-482b-bde2-25a56612ca47. Zapisano ni bilo nic.
22:32:37     konec: Zaloga BT_STOCK
22:32:37  == Zaloga iz SAOP (kolicine) ==
22:32:38     [1] SAOP_STOCK: se ni na vrsti po razporedu; preskoceno.
22:32:38     [2] SAOP_STOCK: se ni na vrsti po razporedu; preskoceno.
22:32:38     [3] SAOP_STOCK: se ni na vrsti po razporedu; preskoceno.
22:32:38     [4] SAOP_STOCK: se ni na vrsti po razporedu; preskoceno.
22:32:38     konec: Zaloga iz SAOP (kolicine)
22:32:38  == Izvoz cen in zaloge za splet ==
22:32:39     Izvoz profila MAGENTO_STOCK_PRICES končan: 352 vrstic v C:\Users\david\Desktop\PIM\NoviPIM\izvoz\magento\1
22:32:43     Izvoz profila MAGENTO_STOCK_PRICES končan: 2071 vrstic v C:\Users\david\Desktop\PIM\NoviPIM\izvoz\magento\2
22:32:47     Izvoz profila MAGENTO_STOCK_PRICES končan: 2488 vrstic v C:\Users\david\Desktop\PIM\NoviPIM\izvoz\magento\3
22:32:48     Izvoz profila MAGENTO_STOCK_PRICES končan: 0 vrstic v C:\Users\david\Desktop\PIM\NoviPIM\izvoz\magento\4
22:32:48     konec: Izvoz cen in zaloge za splet
22:32:48  Zalogovni cikel koncan; padlih korakov: 0.
22:37:27  == Zaloga NW_STOCK ==
22:37:29     [NW_STOCK] prevzeto 87.339 bajtov -> C:\Users\david\Desktop\PIM\NoviPIM\PIM_Solution\data\prevzem\NW_STOCK\nw-zaloga.csv
22:37:29     Prevzem koncan: uspesno 1, neuspesno 0, skupaj virov 1.
22:37:29     Prebranih zapisov: 2763; SHA-256: d94f9096cafd75dea6eafce1205c75f569b74011b8dccca3c466fee3d9835b42
22:37:31     Zaloga zapisana; vir=NW_STOCK, podjetje=1, uporabljenih=2763, v karanteni=0, RunId=4e5d56b4-9a48-409b-b3e5-0557e64fd568.
22:37:32     Prebranih zapisov: 2763; SHA-256: d94f9096cafd75dea6eafce1205c75f569b74011b8dccca3c466fee3d9835b42
22:37:32     STOCK_FILE pri podjetju 2: se ni na vrsti po razporedu; preskoceno.
22:37:33     Prebranih zapisov: 2763; SHA-256: d94f9096cafd75dea6eafce1205c75f569b74011b8dccca3c466fee3d9835b42
22:37:33     STOCK_FILE pri podjetju 3: se ni na vrsti po razporedu; preskoceno.
22:37:34     Prebranih zapisov: 2763; SHA-256: d94f9096cafd75dea6eafce1205c75f569b74011b8dccca3c466fee3d9835b42
22:37:34     STOCK_FILE pri podjetju 4: se ni na vrsti po razporedu; preskoceno.
22:37:34     konec: Zaloga NW_STOCK
22:37:34  == Zaloga BT_STOCK ==
22:37:35     SOURCE_FETCH: se ni na vrsti po razporedu; preskoceno.
22:37:35     Prebranih zapisov: 1389; SHA-256: a2517b7733d27b59d8188eb1951be99010b20e4977c0b3dab7f5d75170a16581
22:37:36     STOCK_FILE pri podjetju 1: se ni na vrsti po razporedu; preskoceno.
22:37:36     Prebranih zapisov: 1389; SHA-256: a2517b7733d27b59d8188eb1951be99010b20e4977c0b3dab7f5d75170a16581
22:37:37     Ta posnetek je ze v bazi; vir=BT_STOCK, podjetje=2, cas posnetka=2026-09-04 16:57:35Z, uporabljenih=1389, v karanteni=0, RunId=3a1137a0-e3ae-48a4-8b13-e2b133d3dc39. Zapisano ni bilo nic.
22:37:37     Prebranih zapisov: 1389; SHA-256: a2517b7733d27b59d8188eb1951be99010b20e4977c0b3dab7f5d75170a16581
22:37:38     Ta posnetek je ze v bazi; vir=BT_STOCK, podjetje=3, cas posnetka=2026-09-04 16:57:35Z, uporabljenih=1389, v karanteni=0, RunId=1b118a62-f11d-4131-acf8-e876eb3ac649. Zapisano ni bilo nic.
22:37:39     Prebranih zapisov: 1389; SHA-256: a2517b7733d27b59d8188eb1951be99010b20e4977c0b3dab7f5d75170a16581
22:37:39     Ta posnetek je ze v bazi; vir=BT_STOCK, podjetje=4, cas posnetka=2026-09-04 16:57:35Z, uporabljenih=1389, v karanteni=0, RunId=1aa614a3-d639-482b-bde2-25a56612ca47. Zapisano ni bilo nic.
22:37:39     konec: Zaloga BT_STOCK
22:37:39  == Zaloga iz SAOP (kolicine) ==
22:37:40     [1] SAOP_STOCK: se ni na vrsti po razporedu; preskoceno.
22:37:40     [2] SAOP_STOCK: se ni na vrsti po razporedu; preskoceno.
22:37:40     [3] SAOP_STOCK: se ni na vrsti po razporedu; preskoceno.
22:37:40     [4] SAOP_STOCK: se ni na vrsti po razporedu; preskoceno.
22:37:40     konec: Zaloga iz SAOP (kolicine)
22:37:40  == Izvoz cen in zaloge za splet ==
22:37:41     Izvoz profila MAGENTO_STOCK_PRICES končan: 352 vrstic v C:\Users\david\Desktop\PIM\NoviPIM\izvoz\magento\1
22:37:45     Izvoz profila MAGENTO_STOCK_PRICES končan: 2071 vrstic v C:\Users\david\Desktop\PIM\NoviPIM\izvoz\magento\2
22:37:49     Izvoz profila MAGENTO_STOCK_PRICES končan: 2488 vrstic v C:\Users\david\Desktop\PIM\NoviPIM\izvoz\magento\3
22:37:50     Izvoz profila MAGENTO_STOCK_PRICES končan: 0 vrstic v C:\Users\david\Desktop\PIM\NoviPIM\izvoz\magento\4
22:37:50     konec: Izvoz cen in zaloge za splet
22:37:50  Zalogovni cikel koncan; padlih korakov: 0.
22:42:27  == Zaloga NW_STOCK ==
22:42:28     SOURCE_FETCH: se ni na vrsti po razporedu; preskoceno.
22:42:29     Prebranih zapisov: 2763; SHA-256: d94f9096cafd75dea6eafce1205c75f569b74011b8dccca3c466fee3d9835b42
22:42:29     STOCK_FILE pri podjetju 1: se ni na vrsti po razporedu; preskoceno.
22:42:30     Prebranih zapisov: 2763; SHA-256: d94f9096cafd75dea6eafce1205c75f569b74011b8dccca3c466fee3d9835b42
22:42:30     STOCK_FILE pri podjetju 2: se ni na vrsti po razporedu; preskoceno.
22:42:31     Prebranih zapisov: 2763; SHA-256: d94f9096cafd75dea6eafce1205c75f569b74011b8dccca3c466fee3d9835b42
22:42:31     STOCK_FILE pri podjetju 3: se ni na vrsti po razporedu; preskoceno.
22:42:31     Prebranih zapisov: 2763; SHA-256: d94f9096cafd75dea6eafce1205c75f569b74011b8dccca3c466fee3d9835b42
22:42:32     STOCK_FILE pri podjetju 4: se ni na vrsti po razporedu; preskoceno.
22:42:32     konec: Zaloga NW_STOCK
22:42:32  == Zaloga BT_STOCK ==
22:42:33     [BT_STOCK] preskoceno: Razmik dobavitelja se tece; naslednji prenos po 5. 09. 2026 01:07.
22:42:33     Prevzem koncan: uspesno 0, neuspesno 0, skupaj virov 1.
22:42:33     Prebranih zapisov: 1389; SHA-256: a2517b7733d27b59d8188eb1951be99010b20e4977c0b3dab7f5d75170a16581
22:42:34     Ta posnetek je ze v bazi; vir=BT_STOCK, podjetje=1, cas posnetka=2026-09-04 16:57:35Z, uporabljenih=1389, v karanteni=0, RunId=02c1acb6-b45d-4d9c-9682-2034b21811c8. Zapisano ni bilo nic.
22:42:35     Prebranih zapisov: 1389; SHA-256: a2517b7733d27b59d8188eb1951be99010b20e4977c0b3dab7f5d75170a16581
22:42:35     STOCK_FILE pri podjetju 2: se ni na vrsti po razporedu; preskoceno.
22:42:36     Prebranih zapisov: 1389; SHA-256: a2517b7733d27b59d8188eb1951be99010b20e4977c0b3dab7f5d75170a16581
22:42:36     STOCK_FILE pri podjetju 3: se ni na vrsti po razporedu; preskoceno.
22:42:36     Prebranih zapisov: 1389; SHA-256: a2517b7733d27b59d8188eb1951be99010b20e4977c0b3dab7f5d75170a16581
22:42:37     STOCK_FILE pri podjetju 4: se ni na vrsti po razporedu; preskoceno.
22:42:37     konec: Zaloga BT_STOCK
22:42:37  == Zaloga iz SAOP (kolicine) ==
22:42:38     [1] SAOP_STOCK: se ni na vrsti po razporedu; preskoceno.
22:42:38     [2] SAOP_STOCK: se ni na vrsti po razporedu; preskoceno.
22:42:38     [3] SAOP_STOCK: se ni na vrsti po razporedu; preskoceno.
22:42:38     [4] SAOP_STOCK: se ni na vrsti po razporedu; preskoceno.
22:42:38     konec: Zaloga iz SAOP (kolicine)
22:42:38  == Izvoz cen in zaloge za splet ==
22:42:39     Izvoz profila MAGENTO_STOCK_PRICES končan: 352 vrstic v C:\Users\david\Desktop\PIM\NoviPIM\izvoz\magento\1
22:42:43     Izvoz profila MAGENTO_STOCK_PRICES končan: 2071 vrstic v C:\Users\david\Desktop\PIM\NoviPIM\izvoz\magento\2
22:42:47     Izvoz profila MAGENTO_STOCK_PRICES končan: 2488 vrstic v C:\Users\david\Desktop\PIM\NoviPIM\izvoz\magento\3
22:42:48     Izvoz profila MAGENTO_STOCK_PRICES končan: 0 vrstic v C:\Users\david\Desktop\PIM\NoviPIM\izvoz\magento\4
22:42:48     konec: Izvoz cen in zaloge za splet
22:42:48  Zalogovni cikel koncan; padlih korakov: 0.
22:47:27  == Zaloga NW_STOCK ==
22:47:28     SOURCE_FETCH: se ni na vrsti po razporedu; preskoceno.
22:47:29     Prebranih zapisov: 2763; SHA-256: d94f9096cafd75dea6eafce1205c75f569b74011b8dccca3c466fee3d9835b42
22:47:29     STOCK_FILE pri podjetju 1: se ni na vrsti po razporedu; preskoceno.
22:47:30     Prebranih zapisov: 2763; SHA-256: d94f9096cafd75dea6eafce1205c75f569b74011b8dccca3c466fee3d9835b42
22:47:31     Zaloga zapisana; vir=NW_STOCK, podjetje=2, uporabljenih=2763, v karanteni=0, RunId=3f9c63b5-c618-4717-8202-d321d779dd89.
22:47:32     Prebranih zapisov: 2763; SHA-256: d94f9096cafd75dea6eafce1205c75f569b74011b8dccca3c466fee3d9835b42
22:47:33     Zaloga zapisana; vir=NW_STOCK, podjetje=3, uporabljenih=2763, v karanteni=0, RunId=80cd800c-5226-42aa-8c61-6969bcef24b3.
22:47:34     Prebranih zapisov: 2763; SHA-256: d94f9096cafd75dea6eafce1205c75f569b74011b8dccca3c466fee3d9835b42
22:47:35     Zaloga zapisana; vir=NW_STOCK, podjetje=4, uporabljenih=2763, v karanteni=0, RunId=34b46091-ace6-417c-a6e0-0a1ba0306270.
22:47:35     konec: Zaloga NW_STOCK
22:47:35  == Zaloga BT_STOCK ==
22:47:36     [BT_STOCK] preskoceno: Razmik dobavitelja se tece; naslednji prenos po 5. 09. 2026 01:07.
22:47:36     Prevzem koncan: uspesno 0, neuspesno 0, skupaj virov 1.
22:47:37     Prebranih zapisov: 1389; SHA-256: a2517b7733d27b59d8188eb1951be99010b20e4977c0b3dab7f5d75170a16581
22:47:37     Ta posnetek je ze v bazi; vir=BT_STOCK, podjetje=1, cas posnetka=2026-09-04 16:57:35Z, uporabljenih=1389, v karanteni=0, RunId=02c1acb6-b45d-4d9c-9682-2034b21811c8. Zapisano ni bilo nic.
22:47:38     Prebranih zapisov: 1389; SHA-256: a2517b7733d27b59d8188eb1951be99010b20e4977c0b3dab7f5d75170a16581
22:47:38     STOCK_FILE pri podjetju 2: se ni na vrsti po razporedu; preskoceno.
22:47:39     Prebranih zapisov: 1389; SHA-256: a2517b7733d27b59d8188eb1951be99010b20e4977c0b3dab7f5d75170a16581
22:47:39     STOCK_FILE pri podjetju 3: se ni na vrsti po razporedu; preskoceno.
22:47:40     Prebranih zapisov: 1389; SHA-256: a2517b7733d27b59d8188eb1951be99010b20e4977c0b3dab7f5d75170a16581
22:47:40     STOCK_FILE pri podjetju 4: se ni na vrsti po razporedu; preskoceno.
22:47:40     konec: Zaloga BT_STOCK
22:47:40  == Zaloga iz SAOP (kolicine) ==
22:47:41     [1] SAOP_STOCK: se ni na vrsti po razporedu; preskoceno.
22:47:41     [2] SAOP_STOCK: se ni na vrsti po razporedu; preskoceno.
22:47:41     [3] SAOP_STOCK: se ni na vrsti po razporedu; preskoceno.
22:47:41     [4] SAOP_STOCK: se ni na vrsti po razporedu; preskoceno.
22:47:41     konec: Zaloga iz SAOP (kolicine)
22:47:41  == Izvoz cen in zaloge za splet ==
22:47:43     Izvoz profila MAGENTO_STOCK_PRICES končan: 352 vrstic v C:\Users\david\Desktop\PIM\NoviPIM\izvoz\magento\1
22:47:47     Izvoz profila MAGENTO_STOCK_PRICES končan: 2071 vrstic v C:\Users\david\Desktop\PIM\NoviPIM\izvoz\magento\2
22:47:50     Izvoz profila MAGENTO_STOCK_PRICES končan: 2488 vrstic v C:\Users\david\Desktop\PIM\NoviPIM\izvoz\magento\3
22:47:52     Izvoz profila MAGENTO_STOCK_PRICES končan: 0 vrstic v C:\Users\david\Desktop\PIM\NoviPIM\izvoz\magento\4
22:47:52     konec: Izvoz cen in zaloge za splet
22:47:52  Zalogovni cikel koncan; padlih korakov: 0.
