06:46:34  == Zaloga NW_STOCK ==
06:46:38     [NW_STOCK] prevzeto 87.221 bajtov -> C:\Users\david\Desktop\PIM\NoviPIM\PIM_Solution\data\prevzem\NW_STOCK\nw-zaloga.csv
06:46:38     Prevzem koncan: uspesno 1, neuspesno 0, skupaj virov 1.
06:46:41     Prebranih zapisov: 2762; SHA-256: be479bca3a8f651480e5b5c3cabeb3d0a530ee57842f16105f91e3c22c24b888
06:46:51     Zaloga zapisana; vir=NW_STOCK, podjetje=1, uporabljenih=2762, v karanteni=0, RunId=4629ea72-debe-4607-baa8-10e3e645a5e5.
06:47:03     Prebranih zapisov: 2762; SHA-256: be479bca3a8f651480e5b5c3cabeb3d0a530ee57842f16105f91e3c22c24b888
06:47:05     Zaloga zapisana; vir=NW_STOCK, podjetje=2, uporabljenih=2762, v karanteni=0, RunId=de032466-b73e-43c5-b42b-62dcf37ab70e.
06:47:07     Prebranih zapisov: 2762; SHA-256: be479bca3a8f651480e5b5c3cabeb3d0a530ee57842f16105f91e3c22c24b888
06:47:09     Zaloga zapisana; vir=NW_STOCK, podjetje=3, uporabljenih=2762, v karanteni=0, RunId=bc54a8bd-280e-411e-b044-bbdf3703e8c6.
06:47:10     Prebranih zapisov: 2762; SHA-256: be479bca3a8f651480e5b5c3cabeb3d0a530ee57842f16105f91e3c22c24b888
06:47:11     Zaloga zapisana; vir=NW_STOCK, podjetje=4, uporabljenih=2762, v karanteni=0, RunId=3899899a-bb74-4c42-81a2-17f214358937.
06:47:11     konec: Zaloga NW_STOCK
06:47:11  == Zaloga BT_STOCK ==
06:47:14     SOURCE_FETCH: se ni na vrsti po razporedu; preskoceno.
06:47:15     Prebranih zapisov: 1393; SHA-256: 43562ec0addc4906d1df226953be10a30cf258e308286ee3476aa6d7afa53b24
06:47:15     STOCK_FILE pri podjetju 1: se ni na vrsti po razporedu; preskoceno.
06:47:16     Prebranih zapisov: 1393; SHA-256: 43562ec0addc4906d1df226953be10a30cf258e308286ee3476aa6d7afa53b24
06:47:16     STOCK_FILE pri podjetju 2: se ni na vrsti po razporedu; preskoceno.
06:47:17     Prebranih zapisov: 1393; SHA-256: 43562ec0addc4906d1df226953be10a30cf258e308286ee3476aa6d7afa53b24
06:47:17     STOCK_FILE pri podjetju 3: se ni na vrsti po razporedu; preskoceno.
06:47:18     Prebranih zapisov: 1393; SHA-256: 43562ec0addc4906d1df226953be10a30cf258e308286ee3476aa6d7afa53b24
06:47:18     STOCK_FILE pri podjetju 4: se ni na vrsti po razporedu; preskoceno.
06:47:18     konec: Zaloga BT_STOCK
06:47:18  == Zaloga iz SAOP (kolicine) ==
06:47:20     [1] SAOP_STOCK: se ni na vrsti po razporedu; preskoceno.
06:47:20     [2] SAOP_STOCK: se ni na vrsti po razporedu; preskoceno.
06:47:20     [3] SAOP_STOCK: se ni na vrsti po razporedu; preskoceno.
06:47:20     [4] SAOP_STOCK: se ni na vrsti po razporedu; preskoceno.
06:47:20     konec: Zaloga iz SAOP (kolicine)
06:47:20  Zalogovni cikel koncan; padlih korakov: 0.
06:49:49  == Zaloga NW_STOCK ==
06:49:51     SOURCE_FETCH: se ni na vrsti po razporedu; preskoceno.
06:49:53     Prebranih zapisov: 2762; SHA-256: be479bca3a8f651480e5b5c3cabeb3d0a530ee57842f16105f91e3c22c24b888
06:49:53     STOCK_FILE pri podjetju 1: se ni na vrsti po razporedu; preskoceno.
06:49:55     Prebranih zapisov: 2762; SHA-256: be479bca3a8f651480e5b5c3cabeb3d0a530ee57842f16105f91e3c22c24b888
06:49:56     STOCK_FILE pri podjetju 2: se ni na vrsti po razporedu; preskoceno.
06:49:57     Prebranih zapisov: 2762; SHA-256: be479bca3a8f651480e5b5c3cabeb3d0a530ee57842f16105f91e3c22c24b888
06:49:57     STOCK_FILE pri podjetju 3: se ni na vrsti po razporedu; preskoceno.
06:49:58     Prebranih zapisov: 2762; SHA-256: be479bca3a8f651480e5b5c3cabeb3d0a530ee57842f16105f91e3c22c24b888
06:49:59     STOCK_FILE pri podjetju 4: se ni na vrsti po razporedu; preskoceno.
06:49:59     konec: Zaloga NW_STOCK
06:49:59  == Zaloga BT_STOCK ==
06:50:01     SOURCE_FETCH: se ni na vrsti po razporedu; preskoceno.
06:50:02     Prebranih zapisov: 1393; SHA-256: 43562ec0addc4906d1df226953be10a30cf258e308286ee3476aa6d7afa53b24
06:50:03     STOCK_FILE pri podjetju 1: se ni na vrsti po razporedu; preskoceno.
06:50:04     Prebranih zapisov: 1393; SHA-256: 43562ec0addc4906d1df226953be10a30cf258e308286ee3476aa6d7afa53b24
06:50:04     STOCK_FILE pri podjetju 2: se ni na vrsti po razporedu; preskoceno.
06:50:07     Prebranih zapisov: 1393; SHA-256: 43562ec0addc4906d1df226953be10a30cf258e308286ee3476aa6d7afa53b24
06:50:07     STOCK_FILE pri podjetju 3: se ni na vrsti po razporedu; preskoceno.
06:50:09     Prebranih zapisov: 1393; SHA-256: 43562ec0addc4906d1df226953be10a30cf258e308286ee3476aa6d7afa53b24
06:50:09     STOCK_FILE pri podjetju 4: se ni na vrsti po razporedu; preskoceno.
06:50:09     konec: Zaloga BT_STOCK
06:50:09  == Zaloga iz SAOP (kolicine) ==
06:50:11     [1] SAOP_STOCK: se ni na vrsti po razporedu; preskoceno.
06:50:11     [2] SAOP_STOCK: se ni na vrsti po razporedu; preskoceno.
06:50:11     [3] SAOP_STOCK: se ni na vrsti po razporedu; preskoceno.
06:50:11     [4] SAOP_STOCK: se ni na vrsti po razporedu; preskoceno.
06:50:11     konec: Zaloga iz SAOP (kolicine)
06:50:11  Zalogovni cikel koncan; padlih korakov: 0.
06:54:48  == Zaloga NW_STOCK ==
06:54:50     [NW_STOCK] preskoceno: Razmik dobavitelja se tece; naslednji prenos po 31. 08. 2026 08:46.
06:54:50     Prevzem koncan: uspesno 0, neuspesno 0, skupaj virov 1.
06:54:51     Prebranih zapisov: 2762; SHA-256: be479bca3a8f651480e5b5c3cabeb3d0a530ee57842f16105f91e3c22c24b888
06:54:52     Ta posnetek je ze v bazi; vir=NW_STOCK, podjetje=1, cas posnetka=2026-08-31 04:46:38Z, uporabljenih=2762, v karanteni=0, RunId=4629ea72-debe-4607-baa8-10e3e645a5e5. Zapisano ni bilo nic.
06:54:53     Prebranih zapisov: 2762; SHA-256: be479bca3a8f651480e5b5c3cabeb3d0a530ee57842f16105f91e3c22c24b888
06:54:53     Ta posnetek je ze v bazi; vir=NW_STOCK, podjetje=2, cas posnetka=2026-08-31 04:46:38Z, uporabljenih=2762, v karanteni=0, RunId=de032466-b73e-43c5-b42b-62dcf37ab70e. Zapisano ni bilo nic.
06:54:54     Prebranih zapisov: 2762; SHA-256: be479bca3a8f651480e5b5c3cabeb3d0a530ee57842f16105f91e3c22c24b888
06:54:54     Ta posnetek je ze v bazi; vir=NW_STOCK, podjetje=3, cas posnetka=2026-08-31 04:46:38Z, uporabljenih=2762, v karanteni=0, RunId=bc54a8bd-280e-411e-b044-bbdf3703e8c6. Zapisano ni bilo nic.
06:54:55     Prebranih zapisov: 2762; SHA-256: be479bca3a8f651480e5b5c3cabeb3d0a530ee57842f16105f91e3c22c24b888
06:54:55     Ta posnetek je ze v bazi; vir=NW_STOCK, podjetje=4, cas posnetka=2026-08-31 04:46:38Z, uporabljenih=2762, v karanteni=0, RunId=3899899a-bb74-4c42-81a2-17f214358937. Zapisano ni bilo nic.
06:54:55     konec: Zaloga NW_STOCK
06:54:55  == Zaloga BT_STOCK ==
06:54:56     SOURCE_FETCH: se ni na vrsti po razporedu; preskoceno.
06:54:57     Prebranih zapisov: 1393; SHA-256: 43562ec0addc4906d1df226953be10a30cf258e308286ee3476aa6d7afa53b24
06:54:57     STOCK_FILE pri podjetju 1: se ni na vrsti po razporedu; preskoceno.
06:54:58     Prebranih zapisov: 1393; SHA-256: 43562ec0addc4906d1df226953be10a30cf258e308286ee3476aa6d7afa53b24
06:54:58     STOCK_FILE pri podjetju 2: se ni na vrsti po razporedu; preskoceno.
06:54:59     Prebranih zapisov: 1393; SHA-256: 43562ec0addc4906d1df226953be10a30cf258e308286ee3476aa6d7afa53b24
06:54:59     STOCK_FILE pri podjetju 3: se ni na vrsti po razporedu; preskoceno.
06:55:00     Prebranih zapisov: 1393; SHA-256: 43562ec0addc4906d1df226953be10a30cf258e308286ee3476aa6d7afa53b24
06:55:00     STOCK_FILE pri podjetju 4: se ni na vrsti po razporedu; preskoceno.
06:55:00     konec: Zaloga BT_STOCK
06:55:00  == Zaloga iz SAOP (kolicine) ==
06:55:02     [1] SAOP_STOCK: se ni na vrsti po razporedu; preskoceno.
06:55:02     [2] SAOP_STOCK: se ni na vrsti po razporedu; preskoceno.
06:55:02     [3] SAOP_STOCK: se ni na vrsti po razporedu; preskoceno.
06:55:02     [4] SAOP_STOCK: se ni na vrsti po razporedu; preskoceno.
06:55:02     konec: Zaloga iz SAOP (kolicine)
06:55:02  Zalogovni cikel koncan; padlih korakov: 0.
06:59:47  == Zaloga NW_STOCK ==
06:59:48     SOURCE_FETCH: se ni na vrsti po razporedu; preskoceno.
06:59:49     Prebranih zapisov: 2762; SHA-256: be479bca3a8f651480e5b5c3cabeb3d0a530ee57842f16105f91e3c22c24b888
06:59:49     STOCK_FILE pri podjetju 1: se ni na vrsti po razporedu; preskoceno.
06:59:50     Prebranih zapisov: 2762; SHA-256: be479bca3a8f651480e5b5c3cabeb3d0a530ee57842f16105f91e3c22c24b888
06:59:50     STOCK_FILE pri podjetju 2: se ni na vrsti po razporedu; preskoceno.
06:59:51     Prebranih zapisov: 2762; SHA-256: be479bca3a8f651480e5b5c3cabeb3d0a530ee57842f16105f91e3c22c24b888
06:59:51     STOCK_FILE pri podjetju 3: se ni na vrsti po razporedu; preskoceno.
06:59:52     Prebranih zapisov: 2762; SHA-256: be479bca3a8f651480e5b5c3cabeb3d0a530ee57842f16105f91e3c22c24b888
06:59:52     STOCK_FILE pri podjetju 4: se ni na vrsti po razporedu; preskoceno.
06:59:52     konec: Zaloga NW_STOCK
06:59:52  == Zaloga BT_STOCK ==
06:59:55     [BT_STOCK] preskoceno: Dobaviteljeva datoteka je nespremenjena; obdrzimo prejsnjo.
06:59:55     Prevzem koncan: uspesno 0, neuspesno 0, skupaj virov 1.
06:59:56     Prebranih zapisov: 1393; SHA-256: 43562ec0addc4906d1df226953be10a30cf258e308286ee3476aa6d7afa53b24
06:59:56     Ta posnetek je ze v bazi; vir=BT_STOCK, podjetje=1, cas posnetka=2026-08-28 13:59:55Z, uporabljenih=1393, v karanteni=0, RunId=2b4ca138-9931-470a-84a3-8aa684ceb0cd. Zapisano ni bilo nic.
06:59:57     Prebranih zapisov: 1393; SHA-256: 43562ec0addc4906d1df226953be10a30cf258e308286ee3476aa6d7afa53b24
06:59:57     Ta posnetek je ze v bazi; vir=BT_STOCK, podjetje=2, cas posnetka=2026-08-28 13:59:55Z, uporabljenih=1393, v karanteni=0, RunId=8027e44a-b929-4555-806a-108aed5ca4b7. Zapisano ni bilo nic.
06:59:58     Prebranih zapisov: 1393; SHA-256: 43562ec0addc4906d1df226953be10a30cf258e308286ee3476aa6d7afa53b24
06:59:58     Ta posnetek je ze v bazi; vir=BT_STOCK, podjetje=3, cas posnetka=2026-08-28 13:59:55Z, uporabljenih=1393, v karanteni=0, RunId=64e9167c-24e2-4187-9972-619ca03ed99a. Zapisano ni bilo nic.
06:59:59     Prebranih zapisov: 1393; SHA-256: 43562ec0addc4906d1df226953be10a30cf258e308286ee3476aa6d7afa53b24
06:59:59     Ta posnetek je ze v bazi; vir=BT_STOCK, podjetje=4, cas posnetka=2026-08-28 13:59:55Z, uporabljenih=1393, v karanteni=0, RunId=b4c5c4f9-00b6-4352-9463-04d73f7fdd1f. Zapisano ni bilo nic.
07:00:00     konec: Zaloga BT_STOCK
07:00:00  == Zaloga iz SAOP (kolicine) ==
07:00:01     [1] SAOP_STOCK: se ni na vrsti po razporedu; preskoceno.
07:00:01     [2] SAOP_STOCK: se ni na vrsti po razporedu; preskoceno.
07:00:01     [3] SAOP_STOCK: se ni na vrsti po razporedu; preskoceno.
07:00:01     [4] SAOP_STOCK: se ni na vrsti po razporedu; preskoceno.
07:00:01     konec: Zaloga iz SAOP (kolicine)
07:00:01  Zalogovni cikel koncan; padlih korakov: 0.
07:04:47  == Zaloga NW_STOCK ==
07:04:48     SOURCE_FETCH: se ni na vrsti po razporedu; preskoceno.
07:04:48     Prebranih zapisov: 2762; SHA-256: be479bca3a8f651480e5b5c3cabeb3d0a530ee57842f16105f91e3c22c24b888
07:04:49     STOCK_FILE pri podjetju 1: se ni na vrsti po razporedu; preskoceno.
07:04:49     Prebranih zapisov: 2762; SHA-256: be479bca3a8f651480e5b5c3cabeb3d0a530ee57842f16105f91e3c22c24b888
07:04:49     STOCK_FILE pri podjetju 2: se ni na vrsti po razporedu; preskoceno.
07:04:50     Prebranih zapisov: 2762; SHA-256: be479bca3a8f651480e5b5c3cabeb3d0a530ee57842f16105f91e3c22c24b888
07:04:50     STOCK_FILE pri podjetju 3: se ni na vrsti po razporedu; preskoceno.
07:04:51     Prebranih zapisov: 2762; SHA-256: be479bca3a8f651480e5b5c3cabeb3d0a530ee57842f16105f91e3c22c24b888
07:04:51     STOCK_FILE pri podjetju 4: se ni na vrsti po razporedu; preskoceno.
07:04:51     konec: Zaloga NW_STOCK
07:04:51  == Zaloga BT_STOCK ==
07:04:52     SOURCE_FETCH: se ni na vrsti po razporedu; preskoceno.
07:04:53     Prebranih zapisov: 1393; SHA-256: 43562ec0addc4906d1df226953be10a30cf258e308286ee3476aa6d7afa53b24
07:04:53     STOCK_FILE pri podjetju 1: se ni na vrsti po razporedu; preskoceno.
07:04:54     Prebranih zapisov: 1393; SHA-256: 43562ec0addc4906d1df226953be10a30cf258e308286ee3476aa6d7afa53b24
07:04:54     STOCK_FILE pri podjetju 2: se ni na vrsti po razporedu; preskoceno.
07:04:55     Prebranih zapisov: 1393; SHA-256: 43562ec0addc4906d1df226953be10a30cf258e308286ee3476aa6d7afa53b24
07:04:55     STOCK_FILE pri podjetju 3: se ni na vrsti po razporedu; preskoceno.
07:04:56     Prebranih zapisov: 1393; SHA-256: 43562ec0addc4906d1df226953be10a30cf258e308286ee3476aa6d7afa53b24
07:04:56     STOCK_FILE pri podjetju 4: se ni na vrsti po razporedu; preskoceno.
07:04:56     konec: Zaloga BT_STOCK
07:04:56  == Zaloga iz SAOP (kolicine) ==
07:04:57     [1] SAOP_STOCK: se ni na vrsti po razporedu; preskoceno.
07:04:57     [2] SAOP_STOCK: se ni na vrsti po razporedu; preskoceno.
07:04:57     [3] SAOP_STOCK: se ni na vrsti po razporedu; preskoceno.
07:04:57     [4] SAOP_STOCK: se ni na vrsti po razporedu; preskoceno.
07:04:57     konec: Zaloga iz SAOP (kolicine)
07:04:57  Zalogovni cikel koncan; padlih korakov: 0.
07:09:47  == Zaloga NW_STOCK ==
07:09:48     [NW_STOCK] preskoceno: Razmik dobavitelja se tece; naslednji prenos po 31. 08. 2026 08:46.
07:09:48     Prevzem koncan: uspesno 0, neuspesno 0, skupaj virov 1.
07:09:48     Prebranih zapisov: 2762; SHA-256: be479bca3a8f651480e5b5c3cabeb3d0a530ee57842f16105f91e3c22c24b888
07:09:49     Ta posnetek je ze v bazi; vir=NW_STOCK, podjetje=1, cas posnetka=2026-08-31 04:46:38Z, uporabljenih=2762, v karanteni=0, RunId=4629ea72-debe-4607-baa8-10e3e645a5e5. Zapisano ni bilo nic.
07:09:49     Prebranih zapisov: 2762; SHA-256: be479bca3a8f651480e5b5c3cabeb3d0a530ee57842f16105f91e3c22c24b888
07:09:50     Ta posnetek je ze v bazi; vir=NW_STOCK, podjetje=2, cas posnetka=2026-08-31 04:46:38Z, uporabljenih=2762, v karanteni=0, RunId=de032466-b73e-43c5-b42b-62dcf37ab70e. Zapisano ni bilo nic.
07:09:50     Prebranih zapisov: 2762; SHA-256: be479bca3a8f651480e5b5c3cabeb3d0a530ee57842f16105f91e3c22c24b888
07:09:51     Ta posnetek je ze v bazi; vir=NW_STOCK, podjetje=3, cas posnetka=2026-08-31 04:46:38Z, uporabljenih=2762, v karanteni=0, RunId=bc54a8bd-280e-411e-b044-bbdf3703e8c6. Zapisano ni bilo nic.
07:09:51     Prebranih zapisov: 2762; SHA-256: be479bca3a8f651480e5b5c3cabeb3d0a530ee57842f16105f91e3c22c24b888
07:09:52     Ta posnetek je ze v bazi; vir=NW_STOCK, podjetje=4, cas posnetka=2026-08-31 04:46:38Z, uporabljenih=2762, v karanteni=0, RunId=3899899a-bb74-4c42-81a2-17f214358937. Zapisano ni bilo nic.
07:09:52     konec: Zaloga NW_STOCK
07:09:52  == Zaloga BT_STOCK ==
07:09:53     SOURCE_FETCH: se ni na vrsti po razporedu; preskoceno.
07:09:53     Prebranih zapisov: 1393; SHA-256: 43562ec0addc4906d1df226953be10a30cf258e308286ee3476aa6d7afa53b24
07:09:54     STOCK_FILE pri podjetju 1: se ni na vrsti po razporedu; preskoceno.
07:09:54     Prebranih zapisov: 1393; SHA-256: 43562ec0addc4906d1df226953be10a30cf258e308286ee3476aa6d7afa53b24
07:09:55     STOCK_FILE pri podjetju 2: se ni na vrsti po razporedu; preskoceno.
07:09:55     Prebranih zapisov: 1393; SHA-256: 43562ec0addc4906d1df226953be10a30cf258e308286ee3476aa6d7afa53b24
07:09:56     STOCK_FILE pri podjetju 3: se ni na vrsti po razporedu; preskoceno.
07:09:56     Prebranih zapisov: 1393; SHA-256: 43562ec0addc4906d1df226953be10a30cf258e308286ee3476aa6d7afa53b24
07:09:56     STOCK_FILE pri podjetju 4: se ni na vrsti po razporedu; preskoceno.
07:09:57     konec: Zaloga BT_STOCK
07:09:57  == Zaloga iz SAOP (kolicine) ==
07:09:58     [1] SAOP_STOCK: se ni na vrsti po razporedu; preskoceno.
07:09:58     [2] SAOP_STOCK: se ni na vrsti po razporedu; preskoceno.
07:09:58     [3] SAOP_STOCK: se ni na vrsti po razporedu; preskoceno.
07:09:58     [4] SAOP_STOCK: se ni na vrsti po razporedu; preskoceno.
07:09:58     konec: Zaloga iz SAOP (kolicine)
07:09:58  Zalogovni cikel koncan; padlih korakov: 0.
07:14:47  == Zaloga NW_STOCK ==
07:14:48     SOURCE_FETCH: se ni na vrsti po razporedu; preskoceno.
07:14:48     Prebranih zapisov: 2762; SHA-256: be479bca3a8f651480e5b5c3cabeb3d0a530ee57842f16105f91e3c22c24b888
07:14:49     STOCK_FILE pri podjetju 1: se ni na vrsti po razporedu; preskoceno.
07:14:49     Prebranih zapisov: 2762; SHA-256: be479bca3a8f651480e5b5c3cabeb3d0a530ee57842f16105f91e3c22c24b888
07:14:49     STOCK_FILE pri podjetju 2: se ni na vrsti po razporedu; preskoceno.
07:14:50     Prebranih zapisov: 2762; SHA-256: be479bca3a8f651480e5b5c3cabeb3d0a530ee57842f16105f91e3c22c24b888
07:14:50     STOCK_FILE pri podjetju 3: se ni na vrsti po razporedu; preskoceno.
07:14:51     Prebranih zapisov: 2762; SHA-256: be479bca3a8f651480e5b5c3cabeb3d0a530ee57842f16105f91e3c22c24b888
07:14:51     STOCK_FILE pri podjetju 4: se ni na vrsti po razporedu; preskoceno.
07:14:51     konec: Zaloga NW_STOCK
07:14:51  == Zaloga BT_STOCK ==
07:14:52     [BT_STOCK] preskoceno: Razmik dobavitelja se tece; naslednji prenos po 31. 08. 2026 09:59.
07:14:52     Prevzem koncan: uspesno 0, neuspesno 0, skupaj virov 1.
07:14:53     Prebranih zapisov: 1393; SHA-256: 43562ec0addc4906d1df226953be10a30cf258e308286ee3476aa6d7afa53b24
07:14:53     Ta posnetek je ze v bazi; vir=BT_STOCK, podjetje=1, cas posnetka=2026-08-28 13:59:55Z, uporabljenih=1393, v karanteni=0, RunId=2b4ca138-9931-470a-84a3-8aa684ceb0cd. Zapisano ni bilo nic.
07:14:54     Prebranih zapisov: 1393; SHA-256: 43562ec0addc4906d1df226953be10a30cf258e308286ee3476aa6d7afa53b24
07:14:54     Ta posnetek je ze v bazi; vir=BT_STOCK, podjetje=2, cas posnetka=2026-08-28 13:59:55Z, uporabljenih=1393, v karanteni=0, RunId=8027e44a-b929-4555-806a-108aed5ca4b7. Zapisano ni bilo nic.
07:14:55     Prebranih zapisov: 1393; SHA-256: 43562ec0addc4906d1df226953be10a30cf258e308286ee3476aa6d7afa53b24
07:14:55     Ta posnetek je ze v bazi; vir=BT_STOCK, podjetje=3, cas posnetka=2026-08-28 13:59:55Z, uporabljenih=1393, v karanteni=0, RunId=64e9167c-24e2-4187-9972-619ca03ed99a. Zapisano ni bilo nic.
07:14:56     Prebranih zapisov: 1393; SHA-256: 43562ec0addc4906d1df226953be10a30cf258e308286ee3476aa6d7afa53b24
07:14:56     Ta posnetek je ze v bazi; vir=BT_STOCK, podjetje=4, cas posnetka=2026-08-28 13:59:55Z, uporabljenih=1393, v karanteni=0, RunId=b4c5c4f9-00b6-4352-9463-04d73f7fdd1f. Zapisano ni bilo nic.
07:14:56     konec: Zaloga BT_STOCK
07:14:56  == Zaloga iz SAOP (kolicine) ==
07:14:57     [1] SAOP_STOCK: se ni na vrsti po razporedu; preskoceno.
07:14:57     [2] SAOP_STOCK: se ni na vrsti po razporedu; preskoceno.
07:14:57     [3] SAOP_STOCK: se ni na vrsti po razporedu; preskoceno.
07:14:57     [4] SAOP_STOCK: se ni na vrsti po razporedu; preskoceno.
07:14:57     konec: Zaloga iz SAOP (kolicine)
07:14:57  Zalogovni cikel koncan; padlih korakov: 0.
07:19:47  == Zaloga NW_STOCK ==
07:19:48     SOURCE_FETCH: se ni na vrsti po razporedu; preskoceno.
07:19:48     Prebranih zapisov: 2762; SHA-256: be479bca3a8f651480e5b5c3cabeb3d0a530ee57842f16105f91e3c22c24b888
07:19:49     STOCK_FILE pri podjetju 1: se ni na vrsti po razporedu; preskoceno.
07:19:49     Prebranih zapisov: 2762; SHA-256: be479bca3a8f651480e5b5c3cabeb3d0a530ee57842f16105f91e3c22c24b888
07:19:49     STOCK_FILE pri podjetju 2: se ni na vrsti po razporedu; preskoceno.
07:19:50     Prebranih zapisov: 2762; SHA-256: be479bca3a8f651480e5b5c3cabeb3d0a530ee57842f16105f91e3c22c24b888
07:19:50     STOCK_FILE pri podjetju 3: se ni na vrsti po razporedu; preskoceno.
07:19:51     Prebranih zapisov: 2762; SHA-256: be479bca3a8f651480e5b5c3cabeb3d0a530ee57842f16105f91e3c22c24b888
07:19:51     STOCK_FILE pri podjetju 4: se ni na vrsti po razporedu; preskoceno.
07:19:51     konec: Zaloga NW_STOCK
07:19:51  == Zaloga BT_STOCK ==
07:19:52     SOURCE_FETCH: se ni na vrsti po razporedu; preskoceno.
07:19:53     Prebranih zapisov: 1393; SHA-256: 43562ec0addc4906d1df226953be10a30cf258e308286ee3476aa6d7afa53b24
07:19:53     STOCK_FILE pri podjetju 1: se ni na vrsti po razporedu; preskoceno.
07:19:54     Prebranih zapisov: 1393; SHA-256: 43562ec0addc4906d1df226953be10a30cf258e308286ee3476aa6d7afa53b24
07:19:54     STOCK_FILE pri podjetju 2: se ni na vrsti po razporedu; preskoceno.
07:19:55     Prebranih zapisov: 1393; SHA-256: 43562ec0addc4906d1df226953be10a30cf258e308286ee3476aa6d7afa53b24
07:19:55     STOCK_FILE pri podjetju 3: se ni na vrsti po razporedu; preskoceno.
07:19:56     Prebranih zapisov: 1393; SHA-256: 43562ec0addc4906d1df226953be10a30cf258e308286ee3476aa6d7afa53b24
07:19:56     STOCK_FILE pri podjetju 4: se ni na vrsti po razporedu; preskoceno.
07:19:56     konec: Zaloga BT_STOCK
07:19:56  == Zaloga iz SAOP (kolicine) ==
07:19:57     [1] SAOP_STOCK: se ni na vrsti po razporedu; preskoceno.
07:19:57     [2] SAOP_STOCK: se ni na vrsti po razporedu; preskoceno.
07:19:57     [3] SAOP_STOCK: se ni na vrsti po razporedu; preskoceno.
07:19:57     [4] SAOP_STOCK: se ni na vrsti po razporedu; preskoceno.
07:19:57     konec: Zaloga iz SAOP (kolicine)
07:19:57  Zalogovni cikel koncan; padlih korakov: 0.
07:24:47  == Zaloga NW_STOCK ==
07:24:48     [NW_STOCK] preskoceno: Razmik dobavitelja se tece; naslednji prenos po 31. 08. 2026 08:46.
07:24:48     Prevzem koncan: uspesno 0, neuspesno 0, skupaj virov 1.
07:24:48     Prebranih zapisov: 2762; SHA-256: be479bca3a8f651480e5b5c3cabeb3d0a530ee57842f16105f91e3c22c24b888
07:24:49     Ta posnetek je ze v bazi; vir=NW_STOCK, podjetje=1, cas posnetka=2026-08-31 04:46:38Z, uporabljenih=2762, v karanteni=0, RunId=4629ea72-debe-4607-baa8-10e3e645a5e5. Zapisano ni bilo nic.
07:24:49     Prebranih zapisov: 2762; SHA-256: be479bca3a8f651480e5b5c3cabeb3d0a530ee57842f16105f91e3c22c24b888
07:24:50     Ta posnetek je ze v bazi; vir=NW_STOCK, podjetje=2, cas posnetka=2026-08-31 04:46:38Z, uporabljenih=2762, v karanteni=0, RunId=de032466-b73e-43c5-b42b-62dcf37ab70e. Zapisano ni bilo nic.
07:24:50     Prebranih zapisov: 2762; SHA-256: be479bca3a8f651480e5b5c3cabeb3d0a530ee57842f16105f91e3c22c24b888
07:24:51     Ta posnetek je ze v bazi; vir=NW_STOCK, podjetje=3, cas posnetka=2026-08-31 04:46:38Z, uporabljenih=2762, v karanteni=0, RunId=bc54a8bd-280e-411e-b044-bbdf3703e8c6. Zapisano ni bilo nic.
07:24:51     Prebranih zapisov: 2762; SHA-256: be479bca3a8f651480e5b5c3cabeb3d0a530ee57842f16105f91e3c22c24b888
07:24:52     Ta posnetek je ze v bazi; vir=NW_STOCK, podjetje=4, cas posnetka=2026-08-31 04:46:38Z, uporabljenih=2762, v karanteni=0, RunId=3899899a-bb74-4c42-81a2-17f214358937. Zapisano ni bilo nic.
07:24:52     konec: Zaloga NW_STOCK
07:24:52  == Zaloga BT_STOCK ==
07:24:53     SOURCE_FETCH: se ni na vrsti po razporedu; preskoceno.
07:24:53     Prebranih zapisov: 1393; SHA-256: 43562ec0addc4906d1df226953be10a30cf258e308286ee3476aa6d7afa53b24
07:24:54     STOCK_FILE pri podjetju 1: se ni na vrsti po razporedu; preskoceno.
07:24:54     Prebranih zapisov: 1393; SHA-256: 43562ec0addc4906d1df226953be10a30cf258e308286ee3476aa6d7afa53b24
07:24:55     STOCK_FILE pri podjetju 2: se ni na vrsti po razporedu; preskoceno.
07:24:55     Prebranih zapisov: 1393; SHA-256: 43562ec0addc4906d1df226953be10a30cf258e308286ee3476aa6d7afa53b24
07:24:56     STOCK_FILE pri podjetju 3: se ni na vrsti po razporedu; preskoceno.
07:24:56     Prebranih zapisov: 1393; SHA-256: 43562ec0addc4906d1df226953be10a30cf258e308286ee3476aa6d7afa53b24
07:24:56     STOCK_FILE pri podjetju 4: se ni na vrsti po razporedu; preskoceno.
07:24:57     konec: Zaloga BT_STOCK
07:24:57  == Zaloga iz SAOP (kolicine) ==
07:24:57     [1] SAOP_STOCK: se ni na vrsti po razporedu; preskoceno.
07:24:57     [2] SAOP_STOCK: se ni na vrsti po razporedu; preskoceno.
07:24:57     [3] SAOP_STOCK: se ni na vrsti po razporedu; preskoceno.
07:24:57     [4] SAOP_STOCK: se ni na vrsti po razporedu; preskoceno.
07:24:57     konec: Zaloga iz SAOP (kolicine)
07:24:57  Zalogovni cikel koncan; padlih korakov: 0.
07:29:47  == Zaloga NW_STOCK ==
07:29:48     [NW_STOCK] preskoceno: Razmik dobavitelja se tece; naslednji prenos po 31. 08. 2026 08:46.
07:29:48     Prevzem koncan: uspesno 0, neuspesno 0, skupaj virov 1.
07:29:48     Prebranih zapisov: 2762; SHA-256: be479bca3a8f651480e5b5c3cabeb3d0a530ee57842f16105f91e3c22c24b888
07:29:49     Ta posnetek je ze v bazi; vir=NW_STOCK, podjetje=1, cas posnetka=2026-08-31 04:46:38Z, uporabljenih=2762, v karanteni=0, RunId=4629ea72-debe-4607-baa8-10e3e645a5e5. Zapisano ni bilo nic.
07:29:49     Prebranih zapisov: 2762; SHA-256: be479bca3a8f651480e5b5c3cabeb3d0a530ee57842f16105f91e3c22c24b888
07:29:50     Ta posnetek je ze v bazi; vir=NW_STOCK, podjetje=2, cas posnetka=2026-08-31 04:46:38Z, uporabljenih=2762, v karanteni=0, RunId=de032466-b73e-43c5-b42b-62dcf37ab70e. Zapisano ni bilo nic.
07:29:50     Prebranih zapisov: 2762; SHA-256: be479bca3a8f651480e5b5c3cabeb3d0a530ee57842f16105f91e3c22c24b888
07:29:51     Ta posnetek je ze v bazi; vir=NW_STOCK, podjetje=3, cas posnetka=2026-08-31 04:46:38Z, uporabljenih=2762, v karanteni=0, RunId=bc54a8bd-280e-411e-b044-bbdf3703e8c6. Zapisano ni bilo nic.
07:29:51     Prebranih zapisov: 2762; SHA-256: be479bca3a8f651480e5b5c3cabeb3d0a530ee57842f16105f91e3c22c24b888
07:29:52     Ta posnetek je ze v bazi; vir=NW_STOCK, podjetje=4, cas posnetka=2026-08-31 04:46:38Z, uporabljenih=2762, v karanteni=0, RunId=3899899a-bb74-4c42-81a2-17f214358937. Zapisano ni bilo nic.
07:29:52     konec: Zaloga NW_STOCK
07:29:52  == Zaloga BT_STOCK ==
07:29:53     SOURCE_FETCH: se ni na vrsti po razporedu; preskoceno.
07:29:53     Prebranih zapisov: 1393; SHA-256: 43562ec0addc4906d1df226953be10a30cf258e308286ee3476aa6d7afa53b24
07:29:54     STOCK_FILE pri podjetju 1: se ni na vrsti po razporedu; preskoceno.
07:29:54     Prebranih zapisov: 1393; SHA-256: 43562ec0addc4906d1df226953be10a30cf258e308286ee3476aa6d7afa53b24
07:29:55     STOCK_FILE pri podjetju 2: se ni na vrsti po razporedu; preskoceno.
07:29:55     Prebranih zapisov: 1393; SHA-256: 43562ec0addc4906d1df226953be10a30cf258e308286ee3476aa6d7afa53b24
07:29:56     STOCK_FILE pri podjetju 3: se ni na vrsti po razporedu; preskoceno.
07:29:56     Prebranih zapisov: 1393; SHA-256: 43562ec0addc4906d1df226953be10a30cf258e308286ee3476aa6d7afa53b24
07:29:57     STOCK_FILE pri podjetju 4: se ni na vrsti po razporedu; preskoceno.
07:29:57     konec: Zaloga BT_STOCK
07:29:57  == Zaloga iz SAOP (kolicine) ==
07:29:58     [1] SAOP_STOCK: se ni na vrsti po razporedu; preskoceno.
07:29:58     [2] SAOP_STOCK: se ni na vrsti po razporedu; preskoceno.
07:29:58     [3] SAOP_STOCK: se ni na vrsti po razporedu; preskoceno.
07:29:58     [4] SAOP_STOCK: se ni na vrsti po razporedu; preskoceno.
07:29:58     konec: Zaloga iz SAOP (kolicine)
07:29:58  Zalogovni cikel koncan; padlih korakov: 0.
07:34:47  == Zaloga NW_STOCK ==
07:34:48     [NW_STOCK] preskoceno: Razmik dobavitelja se tece; naslednji prenos po 31. 08. 2026 08:46.
07:34:49     Prevzem koncan: uspesno 0, neuspesno 0, skupaj virov 1.
07:34:50     Prebranih zapisov: 2762; SHA-256: be479bca3a8f651480e5b5c3cabeb3d0a530ee57842f16105f91e3c22c24b888
07:34:50     Ta posnetek je ze v bazi; vir=NW_STOCK, podjetje=1, cas posnetka=2026-08-31 04:46:38Z, uporabljenih=2762, v karanteni=0, RunId=4629ea72-debe-4607-baa8-10e3e645a5e5. Zapisano ni bilo nic.
07:34:51     Prebranih zapisov: 2762; SHA-256: be479bca3a8f651480e5b5c3cabeb3d0a530ee57842f16105f91e3c22c24b888
07:34:51     Ta posnetek je ze v bazi; vir=NW_STOCK, podjetje=2, cas posnetka=2026-08-31 04:46:38Z, uporabljenih=2762, v karanteni=0, RunId=de032466-b73e-43c5-b42b-62dcf37ab70e. Zapisano ni bilo nic.
07:34:53     Prebranih zapisov: 2762; SHA-256: be479bca3a8f651480e5b5c3cabeb3d0a530ee57842f16105f91e3c22c24b888
07:34:53     Ta posnetek je ze v bazi; vir=NW_STOCK, podjetje=3, cas posnetka=2026-08-31 04:46:38Z, uporabljenih=2762, v karanteni=0, RunId=bc54a8bd-280e-411e-b044-bbdf3703e8c6. Zapisano ni bilo nic.
07:34:54     Prebranih zapisov: 2762; SHA-256: be479bca3a8f651480e5b5c3cabeb3d0a530ee57842f16105f91e3c22c24b888
07:34:54     Ta posnetek je ze v bazi; vir=NW_STOCK, podjetje=4, cas posnetka=2026-08-31 04:46:38Z, uporabljenih=2762, v karanteni=0, RunId=3899899a-bb74-4c42-81a2-17f214358937. Zapisano ni bilo nic.
07:34:54     konec: Zaloga NW_STOCK
07:34:54  == Zaloga BT_STOCK ==
07:34:55     SOURCE_FETCH: se ni na vrsti po razporedu; preskoceno.
07:34:56     Prebranih zapisov: 1393; SHA-256: 43562ec0addc4906d1df226953be10a30cf258e308286ee3476aa6d7afa53b24
07:34:56     STOCK_FILE pri podjetju 1: se ni na vrsti po razporedu; preskoceno.
07:34:57     Prebranih zapisov: 1393; SHA-256: 43562ec0addc4906d1df226953be10a30cf258e308286ee3476aa6d7afa53b24
07:34:57     STOCK_FILE pri podjetju 2: se ni na vrsti po razporedu; preskoceno.
07:34:58     Prebranih zapisov: 1393; SHA-256: 43562ec0addc4906d1df226953be10a30cf258e308286ee3476aa6d7afa53b24
07:34:58     STOCK_FILE pri podjetju 3: se ni na vrsti po razporedu; preskoceno.
07:34:59     Prebranih zapisov: 1393; SHA-256: 43562ec0addc4906d1df226953be10a30cf258e308286ee3476aa6d7afa53b24
07:34:59     STOCK_FILE pri podjetju 4: se ni na vrsti po razporedu; preskoceno.
07:34:59     konec: Zaloga BT_STOCK
07:34:59  == Zaloga iz SAOP (kolicine) ==
07:35:00     [1] SAOP_STOCK: se ni na vrsti po razporedu; preskoceno.
07:35:00     [2] SAOP_STOCK: se ni na vrsti po razporedu; preskoceno.
07:35:00     [3] SAOP_STOCK: se ni na vrsti po razporedu; preskoceno.
07:35:00     [4] SAOP_STOCK: se ni na vrsti po razporedu; preskoceno.
07:35:00     konec: Zaloga iz SAOP (kolicine)
07:35:00  Zalogovni cikel koncan; padlih korakov: 0.
07:39:47  == Zaloga NW_STOCK ==
07:39:48     SOURCE_FETCH: se ni na vrsti po razporedu; preskoceno.
07:39:49     Prebranih zapisov: 2762; SHA-256: be479bca3a8f651480e5b5c3cabeb3d0a530ee57842f16105f91e3c22c24b888
07:39:49     STOCK_FILE pri podjetju 1: se ni na vrsti po razporedu; preskoceno.
07:39:50     Prebranih zapisov: 2762; SHA-256: be479bca3a8f651480e5b5c3cabeb3d0a530ee57842f16105f91e3c22c24b888
07:39:51     STOCK_FILE pri podjetju 2: se ni na vrsti po razporedu; preskoceno.
07:39:52     Prebranih zapisov: 2762; SHA-256: be479bca3a8f651480e5b5c3cabeb3d0a530ee57842f16105f91e3c22c24b888
07:39:52     STOCK_FILE pri podjetju 3: se ni na vrsti po razporedu; preskoceno.
07:39:52     Prebranih zapisov: 2762; SHA-256: be479bca3a8f651480e5b5c3cabeb3d0a530ee57842f16105f91e3c22c24b888
07:39:53     STOCK_FILE pri podjetju 4: se ni na vrsti po razporedu; preskoceno.
07:39:53     konec: Zaloga NW_STOCK
07:39:53  == Zaloga BT_STOCK ==
07:39:54     [BT_STOCK] preskoceno: Razmik dobavitelja se tece; naslednji prenos po 31. 08. 2026 09:59.
07:39:54     Prevzem koncan: uspesno 0, neuspesno 0, skupaj virov 1.
07:39:55     Prebranih zapisov: 1393; SHA-256: 43562ec0addc4906d1df226953be10a30cf258e308286ee3476aa6d7afa53b24
07:39:55     Ta posnetek je ze v bazi; vir=BT_STOCK, podjetje=1, cas posnetka=2026-08-28 13:59:55Z, uporabljenih=1393, v karanteni=0, RunId=2b4ca138-9931-470a-84a3-8aa684ceb0cd. Zapisano ni bilo nic.
07:39:56     Prebranih zapisov: 1393; SHA-256: 43562ec0addc4906d1df226953be10a30cf258e308286ee3476aa6d7afa53b24
07:39:56     Ta posnetek je ze v bazi; vir=BT_STOCK, podjetje=2, cas posnetka=2026-08-28 13:59:55Z, uporabljenih=1393, v karanteni=0, RunId=8027e44a-b929-4555-806a-108aed5ca4b7. Zapisano ni bilo nic.
07:39:57     Prebranih zapisov: 1393; SHA-256: 43562ec0addc4906d1df226953be10a30cf258e308286ee3476aa6d7afa53b24
07:39:57     Ta posnetek je ze v bazi; vir=BT_STOCK, podjetje=3, cas posnetka=2026-08-28 13:59:55Z, uporabljenih=1393, v karanteni=0, RunId=64e9167c-24e2-4187-9972-619ca03ed99a. Zapisano ni bilo nic.
07:39:58     Prebranih zapisov: 1393; SHA-256: 43562ec0addc4906d1df226953be10a30cf258e308286ee3476aa6d7afa53b24
07:39:58     Ta posnetek je ze v bazi; vir=BT_STOCK, podjetje=4, cas posnetka=2026-08-28 13:59:55Z, uporabljenih=1393, v karanteni=0, RunId=b4c5c4f9-00b6-4352-9463-04d73f7fdd1f. Zapisano ni bilo nic.
07:39:58     konec: Zaloga BT_STOCK
07:39:58  == Zaloga iz SAOP (kolicine) ==
07:39:59     [1] SAOP_STOCK: se ni na vrsti po razporedu; preskoceno.
07:39:59     [2] SAOP_STOCK: se ni na vrsti po razporedu; preskoceno.
07:39:59     [3] SAOP_STOCK: se ni na vrsti po razporedu; preskoceno.
07:39:59     [4] SAOP_STOCK: se ni na vrsti po razporedu; preskoceno.
07:39:59     konec: Zaloga iz SAOP (kolicine)
07:39:59  Zalogovni cikel koncan; padlih korakov: 0.
07:44:47  == Zaloga NW_STOCK ==
07:44:48     SOURCE_FETCH: se ni na vrsti po razporedu; preskoceno.
07:44:49     Prebranih zapisov: 2762; SHA-256: be479bca3a8f651480e5b5c3cabeb3d0a530ee57842f16105f91e3c22c24b888
07:44:49     STOCK_FILE pri podjetju 1: se ni na vrsti po razporedu; preskoceno.
07:44:50     Prebranih zapisov: 2762; SHA-256: be479bca3a8f651480e5b5c3cabeb3d0a530ee57842f16105f91e3c22c24b888
07:44:50     STOCK_FILE pri podjetju 2: se ni na vrsti po razporedu; preskoceno.
07:44:51     Prebranih zapisov: 2762; SHA-256: be479bca3a8f651480e5b5c3cabeb3d0a530ee57842f16105f91e3c22c24b888
07:44:51     STOCK_FILE pri podjetju 3: se ni na vrsti po razporedu; preskoceno.
07:44:52     Prebranih zapisov: 2762; SHA-256: be479bca3a8f651480e5b5c3cabeb3d0a530ee57842f16105f91e3c22c24b888
07:44:52     STOCK_FILE pri podjetju 4: se ni na vrsti po razporedu; preskoceno.
07:44:52     konec: Zaloga NW_STOCK
07:44:52  == Zaloga BT_STOCK ==
07:44:53     SOURCE_FETCH: se ni na vrsti po razporedu; preskoceno.
07:44:54     Prebranih zapisov: 1393; SHA-256: 43562ec0addc4906d1df226953be10a30cf258e308286ee3476aa6d7afa53b24
07:44:54     STOCK_FILE pri podjetju 1: se ni na vrsti po razporedu; preskoceno.
07:44:55     Prebranih zapisov: 1393; SHA-256: 43562ec0addc4906d1df226953be10a30cf258e308286ee3476aa6d7afa53b24
07:44:55     STOCK_FILE pri podjetju 2: se ni na vrsti po razporedu; preskoceno.
07:44:56     Prebranih zapisov: 1393; SHA-256: 43562ec0addc4906d1df226953be10a30cf258e308286ee3476aa6d7afa53b24
07:44:56     STOCK_FILE pri podjetju 3: se ni na vrsti po razporedu; preskoceno.
07:44:57     Prebranih zapisov: 1393; SHA-256: 43562ec0addc4906d1df226953be10a30cf258e308286ee3476aa6d7afa53b24
07:44:57     STOCK_FILE pri podjetju 4: se ni na vrsti po razporedu; preskoceno.
07:44:57     konec: Zaloga BT_STOCK
07:44:57  == Zaloga iz SAOP (kolicine) ==
07:44:58     [1] SAOP_STOCK: se ni na vrsti po razporedu; preskoceno.
07:44:58     [2] SAOP_STOCK: se ni na vrsti po razporedu; preskoceno.
07:44:58     [3] SAOP_STOCK: se ni na vrsti po razporedu; preskoceno.
07:44:58     [4] SAOP_STOCK: se ni na vrsti po razporedu; preskoceno.
07:44:58     konec: Zaloga iz SAOP (kolicine)
07:44:58  Zalogovni cikel koncan; padlih korakov: 0.
07:49:47  == Zaloga NW_STOCK ==
07:49:48     [NW_STOCK] preskoceno: Razmik dobavitelja se tece; naslednji prenos po 31. 08. 2026 08:46.
07:49:48     Prevzem koncan: uspesno 0, neuspesno 0, skupaj virov 1.
07:49:49     Prebranih zapisov: 2762; SHA-256: be479bca3a8f651480e5b5c3cabeb3d0a530ee57842f16105f91e3c22c24b888
07:49:49     Ta posnetek je ze v bazi; vir=NW_STOCK, podjetje=1, cas posnetka=2026-08-31 04:46:38Z, uporabljenih=2762, v karanteni=0, RunId=4629ea72-debe-4607-baa8-10e3e645a5e5. Zapisano ni bilo nic.
07:49:50     Prebranih zapisov: 2762; SHA-256: be479bca3a8f651480e5b5c3cabeb3d0a530ee57842f16105f91e3c22c24b888
07:49:50     Ta posnetek je ze v bazi; vir=NW_STOCK, podjetje=2, cas posnetka=2026-08-31 04:46:38Z, uporabljenih=2762, v karanteni=0, RunId=de032466-b73e-43c5-b42b-62dcf37ab70e. Zapisano ni bilo nic.
07:49:51     Prebranih zapisov: 2762; SHA-256: be479bca3a8f651480e5b5c3cabeb3d0a530ee57842f16105f91e3c22c24b888
07:49:51     Ta posnetek je ze v bazi; vir=NW_STOCK, podjetje=3, cas posnetka=2026-08-31 04:46:38Z, uporabljenih=2762, v karanteni=0, RunId=bc54a8bd-280e-411e-b044-bbdf3703e8c6. Zapisano ni bilo nic.
07:49:52     Prebranih zapisov: 2762; SHA-256: be479bca3a8f651480e5b5c3cabeb3d0a530ee57842f16105f91e3c22c24b888
07:49:52     Ta posnetek je ze v bazi; vir=NW_STOCK, podjetje=4, cas posnetka=2026-08-31 04:46:38Z, uporabljenih=2762, v karanteni=0, RunId=3899899a-bb74-4c42-81a2-17f214358937. Zapisano ni bilo nic.
07:49:52     konec: Zaloga NW_STOCK
07:49:52  == Zaloga BT_STOCK ==
07:49:53     SOURCE_FETCH: se ni na vrsti po razporedu; preskoceno.
07:49:54     Prebranih zapisov: 1393; SHA-256: 43562ec0addc4906d1df226953be10a30cf258e308286ee3476aa6d7afa53b24
07:49:54     STOCK_FILE pri podjetju 1: se ni na vrsti po razporedu; preskoceno.
07:49:55     Prebranih zapisov: 1393; SHA-256: 43562ec0addc4906d1df226953be10a30cf258e308286ee3476aa6d7afa53b24
07:49:55     STOCK_FILE pri podjetju 2: se ni na vrsti po razporedu; preskoceno.
07:49:56     Prebranih zapisov: 1393; SHA-256: 43562ec0addc4906d1df226953be10a30cf258e308286ee3476aa6d7afa53b24
07:49:56     STOCK_FILE pri podjetju 3: se ni na vrsti po razporedu; preskoceno.
07:49:57     Prebranih zapisov: 1393; SHA-256: 43562ec0addc4906d1df226953be10a30cf258e308286ee3476aa6d7afa53b24
07:49:57     STOCK_FILE pri podjetju 4: se ni na vrsti po razporedu; preskoceno.
07:49:57     konec: Zaloga BT_STOCK
07:49:57  == Zaloga iz SAOP (kolicine) ==
07:49:58     [1] SAOP_STOCK: se ni na vrsti po razporedu; preskoceno.
07:49:58     [2] SAOP_STOCK: se ni na vrsti po razporedu; preskoceno.
07:49:58     [3] SAOP_STOCK: se ni na vrsti po razporedu; preskoceno.
07:49:58     [4] SAOP_STOCK: se ni na vrsti po razporedu; preskoceno.
07:49:58     konec: Zaloga iz SAOP (kolicine)
07:49:58  Zalogovni cikel koncan; padlih korakov: 0.
07:54:47  == Zaloga NW_STOCK ==
07:54:48     [NW_STOCK] preskoceno: Razmik dobavitelja se tece; naslednji prenos po 31. 08. 2026 08:46.
07:54:48     Prevzem koncan: uspesno 0, neuspesno 0, skupaj virov 1.
07:54:49     Prebranih zapisov: 2762; SHA-256: be479bca3a8f651480e5b5c3cabeb3d0a530ee57842f16105f91e3c22c24b888
07:54:49     Ta posnetek je ze v bazi; vir=NW_STOCK, podjetje=1, cas posnetka=2026-08-31 04:46:38Z, uporabljenih=2762, v karanteni=0, RunId=4629ea72-debe-4607-baa8-10e3e645a5e5. Zapisano ni bilo nic.
07:54:50     Prebranih zapisov: 2762; SHA-256: be479bca3a8f651480e5b5c3cabeb3d0a530ee57842f16105f91e3c22c24b888
07:54:50     Ta posnetek je ze v bazi; vir=NW_STOCK, podjetje=2, cas posnetka=2026-08-31 04:46:38Z, uporabljenih=2762, v karanteni=0, RunId=de032466-b73e-43c5-b42b-62dcf37ab70e. Zapisano ni bilo nic.
07:54:51     Prebranih zapisov: 2762; SHA-256: be479bca3a8f651480e5b5c3cabeb3d0a530ee57842f16105f91e3c22c24b888
07:54:51     Ta posnetek je ze v bazi; vir=NW_STOCK, podjetje=3, cas posnetka=2026-08-31 04:46:38Z, uporabljenih=2762, v karanteni=0, RunId=bc54a8bd-280e-411e-b044-bbdf3703e8c6. Zapisano ni bilo nic.
07:54:52     Prebranih zapisov: 2762; SHA-256: be479bca3a8f651480e5b5c3cabeb3d0a530ee57842f16105f91e3c22c24b888
07:54:52     Ta posnetek je ze v bazi; vir=NW_STOCK, podjetje=4, cas posnetka=2026-08-31 04:46:38Z, uporabljenih=2762, v karanteni=0, RunId=3899899a-bb74-4c42-81a2-17f214358937. Zapisano ni bilo nic.
07:54:53     konec: Zaloga NW_STOCK
07:54:53  == Zaloga BT_STOCK ==
07:54:54     SOURCE_FETCH: se ni na vrsti po razporedu; preskoceno.
07:54:54     Prebranih zapisov: 1393; SHA-256: 43562ec0addc4906d1df226953be10a30cf258e308286ee3476aa6d7afa53b24
07:54:55     STOCK_FILE pri podjetju 1: se ni na vrsti po razporedu; preskoceno.
07:54:55     Prebranih zapisov: 1393; SHA-256: 43562ec0addc4906d1df226953be10a30cf258e308286ee3476aa6d7afa53b24
07:54:56     STOCK_FILE pri podjetju 2: se ni na vrsti po razporedu; preskoceno.
07:54:56     Prebranih zapisov: 1393; SHA-256: 43562ec0addc4906d1df226953be10a30cf258e308286ee3476aa6d7afa53b24
07:54:57     STOCK_FILE pri podjetju 3: se ni na vrsti po razporedu; preskoceno.
07:54:57     Prebranih zapisov: 1393; SHA-256: 43562ec0addc4906d1df226953be10a30cf258e308286ee3476aa6d7afa53b24
07:54:58     STOCK_FILE pri podjetju 4: se ni na vrsti po razporedu; preskoceno.
07:54:58     konec: Zaloga BT_STOCK
07:54:58  == Zaloga iz SAOP (kolicine) ==
07:54:59     [1] SAOP_STOCK: se ni na vrsti po razporedu; preskoceno.
07:54:59     [2] SAOP_STOCK: se ni na vrsti po razporedu; preskoceno.
07:54:59     [3] SAOP_STOCK: se ni na vrsti po razporedu; preskoceno.
07:54:59     [4] SAOP_STOCK: se ni na vrsti po razporedu; preskoceno.
07:54:59     konec: Zaloga iz SAOP (kolicine)
07:54:59  Zalogovni cikel koncan; padlih korakov: 0.
07:59:47  == Zaloga NW_STOCK ==
07:59:48     SOURCE_FETCH: se ni na vrsti po razporedu; preskoceno.
07:59:48     Prebranih zapisov: 2762; SHA-256: be479bca3a8f651480e5b5c3cabeb3d0a530ee57842f16105f91e3c22c24b888
07:59:49     STOCK_FILE pri podjetju 1: se ni na vrsti po razporedu; preskoceno.
07:59:49     Prebranih zapisov: 2762; SHA-256: be479bca3a8f651480e5b5c3cabeb3d0a530ee57842f16105f91e3c22c24b888
07:59:50     STOCK_FILE pri podjetju 2: se ni na vrsti po razporedu; preskoceno.
07:59:50     Prebranih zapisov: 2762; SHA-256: be479bca3a8f651480e5b5c3cabeb3d0a530ee57842f16105f91e3c22c24b888
07:59:51     STOCK_FILE pri podjetju 3: se ni na vrsti po razporedu; preskoceno.
07:59:51     Prebranih zapisov: 2762; SHA-256: be479bca3a8f651480e5b5c3cabeb3d0a530ee57842f16105f91e3c22c24b888
07:59:52     STOCK_FILE pri podjetju 4: se ni na vrsti po razporedu; preskoceno.
07:59:52     konec: Zaloga NW_STOCK
07:59:52  == Zaloga BT_STOCK ==
07:59:53     [BT_STOCK] preskoceno: Razmik dobavitelja se tece; naslednji prenos po 31. 08. 2026 09:59.
07:59:53     Prevzem koncan: uspesno 0, neuspesno 0, skupaj virov 1.
07:59:53     Prebranih zapisov: 1393; SHA-256: 43562ec0addc4906d1df226953be10a30cf258e308286ee3476aa6d7afa53b24
07:59:54     Ta posnetek je ze v bazi; vir=BT_STOCK, podjetje=1, cas posnetka=2026-08-28 13:59:55Z, uporabljenih=1393, v karanteni=0, RunId=2b4ca138-9931-470a-84a3-8aa684ceb0cd. Zapisano ni bilo nic.
07:59:54     Prebranih zapisov: 1393; SHA-256: 43562ec0addc4906d1df226953be10a30cf258e308286ee3476aa6d7afa53b24
07:59:55     Ta posnetek je ze v bazi; vir=BT_STOCK, podjetje=2, cas posnetka=2026-08-28 13:59:55Z, uporabljenih=1393, v karanteni=0, RunId=8027e44a-b929-4555-806a-108aed5ca4b7. Zapisano ni bilo nic.
07:59:55     Prebranih zapisov: 1393; SHA-256: 43562ec0addc4906d1df226953be10a30cf258e308286ee3476aa6d7afa53b24
07:59:56     Ta posnetek je ze v bazi; vir=BT_STOCK, podjetje=3, cas posnetka=2026-08-28 13:59:55Z, uporabljenih=1393, v karanteni=0, RunId=64e9167c-24e2-4187-9972-619ca03ed99a. Zapisano ni bilo nic.
07:59:56     Prebranih zapisov: 1393; SHA-256: 43562ec0addc4906d1df226953be10a30cf258e308286ee3476aa6d7afa53b24
07:59:57     Ta posnetek je ze v bazi; vir=BT_STOCK, podjetje=4, cas posnetka=2026-08-28 13:59:55Z, uporabljenih=1393, v karanteni=0, RunId=b4c5c4f9-00b6-4352-9463-04d73f7fdd1f. Zapisano ni bilo nic.
07:59:57     konec: Zaloga BT_STOCK
07:59:57  == Zaloga iz SAOP (kolicine) ==
07:59:58     [1] SAOP_STOCK: se ni na vrsti po razporedu; preskoceno.
07:59:58     [2] SAOP_STOCK: se ni na vrsti po razporedu; preskoceno.
07:59:58     [3] SAOP_STOCK: se ni na vrsti po razporedu; preskoceno.
07:59:58     [4] SAOP_STOCK: se ni na vrsti po razporedu; preskoceno.
07:59:58     konec: Zaloga iz SAOP (kolicine)
07:59:58  Zalogovni cikel koncan; padlih korakov: 0.
08:04:47  == Zaloga NW_STOCK ==
08:04:48     SOURCE_FETCH: se ni na vrsti po razporedu; preskoceno.
08:04:49     Prebranih zapisov: 2762; SHA-256: be479bca3a8f651480e5b5c3cabeb3d0a530ee57842f16105f91e3c22c24b888
08:04:49     STOCK_FILE pri podjetju 1: se ni na vrsti po razporedu; preskoceno.
08:04:50     Prebranih zapisov: 2762; SHA-256: be479bca3a8f651480e5b5c3cabeb3d0a530ee57842f16105f91e3c22c24b888
08:04:50     STOCK_FILE pri podjetju 2: se ni na vrsti po razporedu; preskoceno.
08:04:51     Prebranih zapisov: 2762; SHA-256: be479bca3a8f651480e5b5c3cabeb3d0a530ee57842f16105f91e3c22c24b888
08:04:51     STOCK_FILE pri podjetju 3: se ni na vrsti po razporedu; preskoceno.
08:04:52     Prebranih zapisov: 2762; SHA-256: be479bca3a8f651480e5b5c3cabeb3d0a530ee57842f16105f91e3c22c24b888
08:04:52     STOCK_FILE pri podjetju 4: se ni na vrsti po razporedu; preskoceno.
08:04:52     konec: Zaloga NW_STOCK
08:04:52  == Zaloga BT_STOCK ==
08:04:53     [BT_STOCK] preskoceno: Razmik dobavitelja se tece; naslednji prenos po 31. 08. 2026 09:59.
08:04:53     Prevzem koncan: uspesno 0, neuspesno 0, skupaj virov 1.
08:04:54     Prebranih zapisov: 1393; SHA-256: 43562ec0addc4906d1df226953be10a30cf258e308286ee3476aa6d7afa53b24
08:04:54     Ta posnetek je ze v bazi; vir=BT_STOCK, podjetje=1, cas posnetka=2026-08-28 13:59:55Z, uporabljenih=1393, v karanteni=0, RunId=2b4ca138-9931-470a-84a3-8aa684ceb0cd. Zapisano ni bilo nic.
08:04:55     Prebranih zapisov: 1393; SHA-256: 43562ec0addc4906d1df226953be10a30cf258e308286ee3476aa6d7afa53b24
08:04:55     Ta posnetek je ze v bazi; vir=BT_STOCK, podjetje=2, cas posnetka=2026-08-28 13:59:55Z, uporabljenih=1393, v karanteni=0, RunId=8027e44a-b929-4555-806a-108aed5ca4b7. Zapisano ni bilo nic.
08:04:56     Prebranih zapisov: 1393; SHA-256: 43562ec0addc4906d1df226953be10a30cf258e308286ee3476aa6d7afa53b24
08:04:56     Ta posnetek je ze v bazi; vir=BT_STOCK, podjetje=3, cas posnetka=2026-08-28 13:59:55Z, uporabljenih=1393, v karanteni=0, RunId=64e9167c-24e2-4187-9972-619ca03ed99a. Zapisano ni bilo nic.
08:04:57     Prebranih zapisov: 1393; SHA-256: 43562ec0addc4906d1df226953be10a30cf258e308286ee3476aa6d7afa53b24
08:04:57     Ta posnetek je ze v bazi; vir=BT_STOCK, podjetje=4, cas posnetka=2026-08-28 13:59:55Z, uporabljenih=1393, v karanteni=0, RunId=b4c5c4f9-00b6-4352-9463-04d73f7fdd1f. Zapisano ni bilo nic.
08:04:57     konec: Zaloga BT_STOCK
08:04:57  == Zaloga iz SAOP (kolicine) ==
08:04:58     [1] SAOP_STOCK: se ni na vrsti po razporedu; preskoceno.
08:04:58     [2] SAOP_STOCK: se ni na vrsti po razporedu; preskoceno.
08:04:58     [3] SAOP_STOCK: se ni na vrsti po razporedu; preskoceno.
08:04:58     [4] SAOP_STOCK: se ni na vrsti po razporedu; preskoceno.
08:04:58     konec: Zaloga iz SAOP (kolicine)
08:04:58  Zalogovni cikel koncan; padlih korakov: 0.
08:09:47  == Zaloga NW_STOCK ==
08:09:48     SOURCE_FETCH: se ni na vrsti po razporedu; preskoceno.
08:09:49     Prebranih zapisov: 2762; SHA-256: be479bca3a8f651480e5b5c3cabeb3d0a530ee57842f16105f91e3c22c24b888
08:09:49     STOCK_FILE pri podjetju 1: se ni na vrsti po razporedu; preskoceno.
08:09:50     Prebranih zapisov: 2762; SHA-256: be479bca3a8f651480e5b5c3cabeb3d0a530ee57842f16105f91e3c22c24b888
08:09:50     STOCK_FILE pri podjetju 2: se ni na vrsti po razporedu; preskoceno.
08:09:50     Prebranih zapisov: 2762; SHA-256: be479bca3a8f651480e5b5c3cabeb3d0a530ee57842f16105f91e3c22c24b888
08:09:51     STOCK_FILE pri podjetju 3: se ni na vrsti po razporedu; preskoceno.
08:09:51     Prebranih zapisov: 2762; SHA-256: be479bca3a8f651480e5b5c3cabeb3d0a530ee57842f16105f91e3c22c24b888
08:09:52     STOCK_FILE pri podjetju 4: se ni na vrsti po razporedu; preskoceno.
08:09:52     konec: Zaloga NW_STOCK
08:09:52  == Zaloga BT_STOCK ==
08:09:53     SOURCE_FETCH: se ni na vrsti po razporedu; preskoceno.
08:09:53     Prebranih zapisov: 1393; SHA-256: 43562ec0addc4906d1df226953be10a30cf258e308286ee3476aa6d7afa53b24
08:09:54     STOCK_FILE pri podjetju 1: se ni na vrsti po razporedu; preskoceno.
08:09:54     Prebranih zapisov: 1393; SHA-256: 43562ec0addc4906d1df226953be10a30cf258e308286ee3476aa6d7afa53b24
08:09:55     STOCK_FILE pri podjetju 2: se ni na vrsti po razporedu; preskoceno.
08:09:55     Prebranih zapisov: 1393; SHA-256: 43562ec0addc4906d1df226953be10a30cf258e308286ee3476aa6d7afa53b24
08:09:56     STOCK_FILE pri podjetju 3: se ni na vrsti po razporedu; preskoceno.
08:09:56     Prebranih zapisov: 1393; SHA-256: 43562ec0addc4906d1df226953be10a30cf258e308286ee3476aa6d7afa53b24
08:09:57     STOCK_FILE pri podjetju 4: se ni na vrsti po razporedu; preskoceno.
08:09:57     konec: Zaloga BT_STOCK
08:09:57  == Zaloga iz SAOP (kolicine) ==
08:09:58     [1] SAOP_STOCK: se ni na vrsti po razporedu; preskoceno.
08:09:58     [2] SAOP_STOCK: se ni na vrsti po razporedu; preskoceno.
08:09:58     [3] SAOP_STOCK: se ni na vrsti po razporedu; preskoceno.
08:09:58     [4] SAOP_STOCK: se ni na vrsti po razporedu; preskoceno.
08:09:58     konec: Zaloga iz SAOP (kolicine)
08:09:58  Zalogovni cikel koncan; padlih korakov: 0.
08:14:47  == Zaloga NW_STOCK ==
08:14:48     [NW_STOCK] preskoceno: Razmik dobavitelja se tece; naslednji prenos po 31. 08. 2026 08:46.
08:14:48     Prevzem koncan: uspesno 0, neuspesno 0, skupaj virov 1.
08:14:49     Prebranih zapisov: 2762; SHA-256: be479bca3a8f651480e5b5c3cabeb3d0a530ee57842f16105f91e3c22c24b888
08:14:49     Ta posnetek je ze v bazi; vir=NW_STOCK, podjetje=1, cas posnetka=2026-08-31 04:46:38Z, uporabljenih=2762, v karanteni=0, RunId=4629ea72-debe-4607-baa8-10e3e645a5e5. Zapisano ni bilo nic.
08:14:50     Prebranih zapisov: 2762; SHA-256: be479bca3a8f651480e5b5c3cabeb3d0a530ee57842f16105f91e3c22c24b888
08:14:50     Ta posnetek je ze v bazi; vir=NW_STOCK, podjetje=2, cas posnetka=2026-08-31 04:46:38Z, uporabljenih=2762, v karanteni=0, RunId=de032466-b73e-43c5-b42b-62dcf37ab70e. Zapisano ni bilo nic.
08:14:51     Prebranih zapisov: 2762; SHA-256: be479bca3a8f651480e5b5c3cabeb3d0a530ee57842f16105f91e3c22c24b888
08:14:51     Ta posnetek je ze v bazi; vir=NW_STOCK, podjetje=3, cas posnetka=2026-08-31 04:46:38Z, uporabljenih=2762, v karanteni=0, RunId=bc54a8bd-280e-411e-b044-bbdf3703e8c6. Zapisano ni bilo nic.
08:14:52     Prebranih zapisov: 2762; SHA-256: be479bca3a8f651480e5b5c3cabeb3d0a530ee57842f16105f91e3c22c24b888
08:14:52     Ta posnetek je ze v bazi; vir=NW_STOCK, podjetje=4, cas posnetka=2026-08-31 04:46:38Z, uporabljenih=2762, v karanteni=0, RunId=3899899a-bb74-4c42-81a2-17f214358937. Zapisano ni bilo nic.
08:14:52     konec: Zaloga NW_STOCK
08:14:52  == Zaloga BT_STOCK ==
08:14:53     SOURCE_FETCH: se ni na vrsti po razporedu; preskoceno.
08:14:54     Prebranih zapisov: 1393; SHA-256: 43562ec0addc4906d1df226953be10a30cf258e308286ee3476aa6d7afa53b24
08:14:54     STOCK_FILE pri podjetju 1: se ni na vrsti po razporedu; preskoceno.
08:14:55     Prebranih zapisov: 1393; SHA-256: 43562ec0addc4906d1df226953be10a30cf258e308286ee3476aa6d7afa53b24
08:14:55     STOCK_FILE pri podjetju 2: se ni na vrsti po razporedu; preskoceno.
08:14:56     Prebranih zapisov: 1393; SHA-256: 43562ec0addc4906d1df226953be10a30cf258e308286ee3476aa6d7afa53b24
08:14:56     STOCK_FILE pri podjetju 3: se ni na vrsti po razporedu; preskoceno.
08:14:57     Prebranih zapisov: 1393; SHA-256: 43562ec0addc4906d1df226953be10a30cf258e308286ee3476aa6d7afa53b24
08:14:57     STOCK_FILE pri podjetju 4: se ni na vrsti po razporedu; preskoceno.
08:14:57     konec: Zaloga BT_STOCK
08:14:57  == Zaloga iz SAOP (kolicine) ==
08:14:58     [1] SAOP_STOCK: se ni na vrsti po razporedu; preskoceno.
08:14:58     [2] SAOP_STOCK: se ni na vrsti po razporedu; preskoceno.
08:14:58     [3] SAOP_STOCK: se ni na vrsti po razporedu; preskoceno.
08:14:58     [4] SAOP_STOCK: se ni na vrsti po razporedu; preskoceno.
08:14:58     konec: Zaloga iz SAOP (kolicine)
08:14:58  Zalogovni cikel koncan; padlih korakov: 0.
08:19:47  == Zaloga NW_STOCK ==
08:19:48     SOURCE_FETCH: se ni na vrsti po razporedu; preskoceno.
08:19:49     Prebranih zapisov: 2762; SHA-256: be479bca3a8f651480e5b5c3cabeb3d0a530ee57842f16105f91e3c22c24b888
08:19:49     STOCK_FILE pri podjetju 1: se ni na vrsti po razporedu; preskoceno.
08:19:49     Prebranih zapisov: 2762; SHA-256: be479bca3a8f651480e5b5c3cabeb3d0a530ee57842f16105f91e3c22c24b888
08:19:50     STOCK_FILE pri podjetju 2: se ni na vrsti po razporedu; preskoceno.
08:19:50     Prebranih zapisov: 2762; SHA-256: be479bca3a8f651480e5b5c3cabeb3d0a530ee57842f16105f91e3c22c24b888
08:19:51     STOCK_FILE pri podjetju 3: se ni na vrsti po razporedu; preskoceno.
08:19:51     Prebranih zapisov: 2762; SHA-256: be479bca3a8f651480e5b5c3cabeb3d0a530ee57842f16105f91e3c22c24b888
08:19:52     STOCK_FILE pri podjetju 4: se ni na vrsti po razporedu; preskoceno.
08:19:52     konec: Zaloga NW_STOCK
08:19:52  == Zaloga BT_STOCK ==
08:19:53     [BT_STOCK] preskoceno: Razmik dobavitelja se tece; naslednji prenos po 31. 08. 2026 09:59.
08:19:53     Prevzem koncan: uspesno 0, neuspesno 0, skupaj virov 1.
08:19:53     Prebranih zapisov: 1393; SHA-256: 43562ec0addc4906d1df226953be10a30cf258e308286ee3476aa6d7afa53b24
08:19:54     Ta posnetek je ze v bazi; vir=BT_STOCK, podjetje=1, cas posnetka=2026-08-28 13:59:55Z, uporabljenih=1393, v karanteni=0, RunId=2b4ca138-9931-470a-84a3-8aa684ceb0cd. Zapisano ni bilo nic.
08:19:54     Prebranih zapisov: 1393; SHA-256: 43562ec0addc4906d1df226953be10a30cf258e308286ee3476aa6d7afa53b24
08:19:55     Ta posnetek je ze v bazi; vir=BT_STOCK, podjetje=2, cas posnetka=2026-08-28 13:59:55Z, uporabljenih=1393, v karanteni=0, RunId=8027e44a-b929-4555-806a-108aed5ca4b7. Zapisano ni bilo nic.
08:19:55     Prebranih zapisov: 1393; SHA-256: 43562ec0addc4906d1df226953be10a30cf258e308286ee3476aa6d7afa53b24
08:19:56     Ta posnetek je ze v bazi; vir=BT_STOCK, podjetje=3, cas posnetka=2026-08-28 13:59:55Z, uporabljenih=1393, v karanteni=0, RunId=64e9167c-24e2-4187-9972-619ca03ed99a. Zapisano ni bilo nic.
08:19:57     Prebranih zapisov: 1393; SHA-256: 43562ec0addc4906d1df226953be10a30cf258e308286ee3476aa6d7afa53b24
08:19:57     Ta posnetek je ze v bazi; vir=BT_STOCK, podjetje=4, cas posnetka=2026-08-28 13:59:55Z, uporabljenih=1393, v karanteni=0, RunId=b4c5c4f9-00b6-4352-9463-04d73f7fdd1f. Zapisano ni bilo nic.
08:19:57     konec: Zaloga BT_STOCK
08:19:57  == Zaloga iz SAOP (kolicine) ==
08:19:58     [1] SAOP_STOCK: se ni na vrsti po razporedu; preskoceno.
08:19:58     [2] SAOP_STOCK: se ni na vrsti po razporedu; preskoceno.
08:19:58     [3] SAOP_STOCK: se ni na vrsti po razporedu; preskoceno.
08:19:58     [4] SAOP_STOCK: se ni na vrsti po razporedu; preskoceno.
08:19:58     konec: Zaloga iz SAOP (kolicine)
08:19:58  Zalogovni cikel koncan; padlih korakov: 0.
08:24:47  == Zaloga NW_STOCK ==
08:24:48     SOURCE_FETCH: se ni na vrsti po razporedu; preskoceno.
08:24:49     Prebranih zapisov: 2762; SHA-256: be479bca3a8f651480e5b5c3cabeb3d0a530ee57842f16105f91e3c22c24b888
08:24:49     STOCK_FILE pri podjetju 1: se ni na vrsti po razporedu; preskoceno.
08:24:49     Prebranih zapisov: 2762; SHA-256: be479bca3a8f651480e5b5c3cabeb3d0a530ee57842f16105f91e3c22c24b888
08:24:50     STOCK_FILE pri podjetju 2: se ni na vrsti po razporedu; preskoceno.
08:24:50     Prebranih zapisov: 2762; SHA-256: be479bca3a8f651480e5b5c3cabeb3d0a530ee57842f16105f91e3c22c24b888
08:24:51     STOCK_FILE pri podjetju 3: se ni na vrsti po razporedu; preskoceno.
08:24:51     Prebranih zapisov: 2762; SHA-256: be479bca3a8f651480e5b5c3cabeb3d0a530ee57842f16105f91e3c22c24b888
08:24:52     STOCK_FILE pri podjetju 4: se ni na vrsti po razporedu; preskoceno.
08:24:52     konec: Zaloga NW_STOCK
08:24:52  == Zaloga BT_STOCK ==
08:24:53     SOURCE_FETCH: se ni na vrsti po razporedu; preskoceno.
08:24:53     Prebranih zapisov: 1393; SHA-256: 43562ec0addc4906d1df226953be10a30cf258e308286ee3476aa6d7afa53b24
08:24:54     STOCK_FILE pri podjetju 1: se ni na vrsti po razporedu; preskoceno.
08:24:54     Prebranih zapisov: 1393; SHA-256: 43562ec0addc4906d1df226953be10a30cf258e308286ee3476aa6d7afa53b24
08:24:55     STOCK_FILE pri podjetju 2: se ni na vrsti po razporedu; preskoceno.
08:24:55     Prebranih zapisov: 1393; SHA-256: 43562ec0addc4906d1df226953be10a30cf258e308286ee3476aa6d7afa53b24
08:24:56     STOCK_FILE pri podjetju 3: se ni na vrsti po razporedu; preskoceno.
08:24:56     Prebranih zapisov: 1393; SHA-256: 43562ec0addc4906d1df226953be10a30cf258e308286ee3476aa6d7afa53b24
08:24:57     STOCK_FILE pri podjetju 4: se ni na vrsti po razporedu; preskoceno.
08:24:57     konec: Zaloga BT_STOCK
08:24:57  == Zaloga iz SAOP (kolicine) ==
08:24:58     [1] SAOP_STOCK: se ni na vrsti po razporedu; preskoceno.
08:24:58     [2] SAOP_STOCK: se ni na vrsti po razporedu; preskoceno.
08:24:58     [3] SAOP_STOCK: se ni na vrsti po razporedu; preskoceno.
08:24:58     [4] SAOP_STOCK: se ni na vrsti po razporedu; preskoceno.
08:24:58     konec: Zaloga iz SAOP (kolicine)
08:24:58  Zalogovni cikel koncan; padlih korakov: 0.
08:29:47  == Zaloga NW_STOCK ==
08:29:48     [NW_STOCK] preskoceno: Razmik dobavitelja se tece; naslednji prenos po 31. 08. 2026 08:46.
08:29:48     Prevzem koncan: uspesno 0, neuspesno 0, skupaj virov 1.
08:29:49     Prebranih zapisov: 2762; SHA-256: be479bca3a8f651480e5b5c3cabeb3d0a530ee57842f16105f91e3c22c24b888
08:29:49     Ta posnetek je ze v bazi; vir=NW_STOCK, podjetje=1, cas posnetka=2026-08-31 04:46:38Z, uporabljenih=2762, v karanteni=0, RunId=4629ea72-debe-4607-baa8-10e3e645a5e5. Zapisano ni bilo nic.
08:29:50     Prebranih zapisov: 2762; SHA-256: be479bca3a8f651480e5b5c3cabeb3d0a530ee57842f16105f91e3c22c24b888
08:29:50     Ta posnetek je ze v bazi; vir=NW_STOCK, podjetje=2, cas posnetka=2026-08-31 04:46:38Z, uporabljenih=2762, v karanteni=0, RunId=de032466-b73e-43c5-b42b-62dcf37ab70e. Zapisano ni bilo nic.
08:29:51     Prebranih zapisov: 2762; SHA-256: be479bca3a8f651480e5b5c3cabeb3d0a530ee57842f16105f91e3c22c24b888
08:29:51     Ta posnetek je ze v bazi; vir=NW_STOCK, podjetje=3, cas posnetka=2026-08-31 04:46:38Z, uporabljenih=2762, v karanteni=0, RunId=bc54a8bd-280e-411e-b044-bbdf3703e8c6. Zapisano ni bilo nic.
08:29:52     Prebranih zapisov: 2762; SHA-256: be479bca3a8f651480e5b5c3cabeb3d0a530ee57842f16105f91e3c22c24b888
08:29:52     Ta posnetek je ze v bazi; vir=NW_STOCK, podjetje=4, cas posnetka=2026-08-31 04:46:38Z, uporabljenih=2762, v karanteni=0, RunId=3899899a-bb74-4c42-81a2-17f214358937. Zapisano ni bilo nic.
08:29:52     konec: Zaloga NW_STOCK
08:29:52  == Zaloga BT_STOCK ==
08:29:53     SOURCE_FETCH: se ni na vrsti po razporedu; preskoceno.
08:29:54     Prebranih zapisov: 1393; SHA-256: 43562ec0addc4906d1df226953be10a30cf258e308286ee3476aa6d7afa53b24
08:29:54     STOCK_FILE pri podjetju 1: se ni na vrsti po razporedu; preskoceno.
08:29:55     Prebranih zapisov: 1393; SHA-256: 43562ec0addc4906d1df226953be10a30cf258e308286ee3476aa6d7afa53b24
08:29:55     STOCK_FILE pri podjetju 2: se ni na vrsti po razporedu; preskoceno.
08:29:56     Prebranih zapisov: 1393; SHA-256: 43562ec0addc4906d1df226953be10a30cf258e308286ee3476aa6d7afa53b24
08:29:56     STOCK_FILE pri podjetju 3: se ni na vrsti po razporedu; preskoceno.
08:29:57     Prebranih zapisov: 1393; SHA-256: 43562ec0addc4906d1df226953be10a30cf258e308286ee3476aa6d7afa53b24
08:29:57     STOCK_FILE pri podjetju 4: se ni na vrsti po razporedu; preskoceno.
08:29:57     konec: Zaloga BT_STOCK
08:29:57  == Zaloga iz SAOP (kolicine) ==
08:29:58     [1] SAOP_STOCK: se ni na vrsti po razporedu; preskoceno.
08:29:58     [2] SAOP_STOCK: se ni na vrsti po razporedu; preskoceno.
08:29:58     [3] SAOP_STOCK: se ni na vrsti po razporedu; preskoceno.
08:29:58     [4] SAOP_STOCK: se ni na vrsti po razporedu; preskoceno.
08:29:58     konec: Zaloga iz SAOP (kolicine)
08:29:58  Zalogovni cikel koncan; padlih korakov: 0.
08:34:47  == Zaloga NW_STOCK ==
08:34:48     [NW_STOCK] preskoceno: Razmik dobavitelja se tece; naslednji prenos po 31. 08. 2026 08:46.
08:34:48     Prevzem koncan: uspesno 0, neuspesno 0, skupaj virov 1.
08:34:49     Prebranih zapisov: 2762; SHA-256: be479bca3a8f651480e5b5c3cabeb3d0a530ee57842f16105f91e3c22c24b888
08:34:49     Ta posnetek je ze v bazi; vir=NW_STOCK, podjetje=1, cas posnetka=2026-08-31 04:46:38Z, uporabljenih=2762, v karanteni=0, RunId=4629ea72-debe-4607-baa8-10e3e645a5e5. Zapisano ni bilo nic.
08:34:50     Prebranih zapisov: 2762; SHA-256: be479bca3a8f651480e5b5c3cabeb3d0a530ee57842f16105f91e3c22c24b888
08:34:50     Ta posnetek je ze v bazi; vir=NW_STOCK, podjetje=2, cas posnetka=2026-08-31 04:46:38Z, uporabljenih=2762, v karanteni=0, RunId=de032466-b73e-43c5-b42b-62dcf37ab70e. Zapisano ni bilo nic.
08:34:51     Prebranih zapisov: 2762; SHA-256: be479bca3a8f651480e5b5c3cabeb3d0a530ee57842f16105f91e3c22c24b888
08:34:51     Ta posnetek je ze v bazi; vir=NW_STOCK, podjetje=3, cas posnetka=2026-08-31 04:46:38Z, uporabljenih=2762, v karanteni=0, RunId=bc54a8bd-280e-411e-b044-bbdf3703e8c6. Zapisano ni bilo nic.
08:34:52     Prebranih zapisov: 2762; SHA-256: be479bca3a8f651480e5b5c3cabeb3d0a530ee57842f16105f91e3c22c24b888
08:34:52     Ta posnetek je ze v bazi; vir=NW_STOCK, podjetje=4, cas posnetka=2026-08-31 04:46:38Z, uporabljenih=2762, v karanteni=0, RunId=3899899a-bb74-4c42-81a2-17f214358937. Zapisano ni bilo nic.
08:34:52     konec: Zaloga NW_STOCK
08:34:52  == Zaloga BT_STOCK ==
08:34:53     SOURCE_FETCH: se ni na vrsti po razporedu; preskoceno.
08:34:54     Prebranih zapisov: 1393; SHA-256: 43562ec0addc4906d1df226953be10a30cf258e308286ee3476aa6d7afa53b24
08:34:54     STOCK_FILE pri podjetju 1: se ni na vrsti po razporedu; preskoceno.
08:34:55     Prebranih zapisov: 1393; SHA-256: 43562ec0addc4906d1df226953be10a30cf258e308286ee3476aa6d7afa53b24
08:34:55     STOCK_FILE pri podjetju 2: se ni na vrsti po razporedu; preskoceno.
08:34:56     Prebranih zapisov: 1393; SHA-256: 43562ec0addc4906d1df226953be10a30cf258e308286ee3476aa6d7afa53b24
08:34:56     STOCK_FILE pri podjetju 3: se ni na vrsti po razporedu; preskoceno.
08:34:57     Prebranih zapisov: 1393; SHA-256: 43562ec0addc4906d1df226953be10a30cf258e308286ee3476aa6d7afa53b24
08:34:57     STOCK_FILE pri podjetju 4: se ni na vrsti po razporedu; preskoceno.
08:34:57     konec: Zaloga BT_STOCK
08:34:57  == Zaloga iz SAOP (kolicine) ==
08:34:58     [1] SAOP_STOCK: se ni na vrsti po razporedu; preskoceno.
08:34:58     [2] SAOP_STOCK: se ni na vrsti po razporedu; preskoceno.
08:34:58     [3] SAOP_STOCK: se ni na vrsti po razporedu; preskoceno.
08:34:58     [4] SAOP_STOCK: se ni na vrsti po razporedu; preskoceno.
08:34:58     konec: Zaloga iz SAOP (kolicine)
08:34:58  Zalogovni cikel koncan; padlih korakov: 0.
08:39:47  == Zaloga NW_STOCK ==
08:39:48     SOURCE_FETCH: se ni na vrsti po razporedu; preskoceno.
08:39:49     Prebranih zapisov: 2762; SHA-256: be479bca3a8f651480e5b5c3cabeb3d0a530ee57842f16105f91e3c22c24b888
08:39:49     STOCK_FILE pri podjetju 1: se ni na vrsti po razporedu; preskoceno.
08:39:50     Prebranih zapisov: 2762; SHA-256: be479bca3a8f651480e5b5c3cabeb3d0a530ee57842f16105f91e3c22c24b888
08:39:50     STOCK_FILE pri podjetju 2: se ni na vrsti po razporedu; preskoceno.
08:39:51     Prebranih zapisov: 2762; SHA-256: be479bca3a8f651480e5b5c3cabeb3d0a530ee57842f16105f91e3c22c24b888
08:39:51     STOCK_FILE pri podjetju 3: se ni na vrsti po razporedu; preskoceno.
08:39:52     Prebranih zapisov: 2762; SHA-256: be479bca3a8f651480e5b5c3cabeb3d0a530ee57842f16105f91e3c22c24b888
08:39:52     STOCK_FILE pri podjetju 4: se ni na vrsti po razporedu; preskoceno.
08:39:52     konec: Zaloga NW_STOCK
08:39:52  == Zaloga BT_STOCK ==
08:39:53     [BT_STOCK] preskoceno: Razmik dobavitelja se tece; naslednji prenos po 31. 08. 2026 09:59.
08:39:53     Prevzem koncan: uspesno 0, neuspesno 0, skupaj virov 1.
08:39:54     Prebranih zapisov: 1393; SHA-256: 43562ec0addc4906d1df226953be10a30cf258e308286ee3476aa6d7afa53b24
08:39:54     Ta posnetek je ze v bazi; vir=BT_STOCK, podjetje=1, cas posnetka=2026-08-28 13:59:55Z, uporabljenih=1393, v karanteni=0, RunId=2b4ca138-9931-470a-84a3-8aa684ceb0cd. Zapisano ni bilo nic.
08:39:55     Prebranih zapisov: 1393; SHA-256: 43562ec0addc4906d1df226953be10a30cf258e308286ee3476aa6d7afa53b24
08:39:55     Ta posnetek je ze v bazi; vir=BT_STOCK, podjetje=2, cas posnetka=2026-08-28 13:59:55Z, uporabljenih=1393, v karanteni=0, RunId=8027e44a-b929-4555-806a-108aed5ca4b7. Zapisano ni bilo nic.
08:39:56     Prebranih zapisov: 1393; SHA-256: 43562ec0addc4906d1df226953be10a30cf258e308286ee3476aa6d7afa53b24
08:39:56     Ta posnetek je ze v bazi; vir=BT_STOCK, podjetje=3, cas posnetka=2026-08-28 13:59:55Z, uporabljenih=1393, v karanteni=0, RunId=64e9167c-24e2-4187-9972-619ca03ed99a. Zapisano ni bilo nic.
08:39:57     Prebranih zapisov: 1393; SHA-256: 43562ec0addc4906d1df226953be10a30cf258e308286ee3476aa6d7afa53b24
08:39:57     Ta posnetek je ze v bazi; vir=BT_STOCK, podjetje=4, cas posnetka=2026-08-28 13:59:55Z, uporabljenih=1393, v karanteni=0, RunId=b4c5c4f9-00b6-4352-9463-04d73f7fdd1f. Zapisano ni bilo nic.
08:39:57     konec: Zaloga BT_STOCK
08:39:57  == Zaloga iz SAOP (kolicine) ==
08:39:58     [1] SAOP_STOCK: se ni na vrsti po razporedu; preskoceno.
08:39:58     [2] SAOP_STOCK: se ni na vrsti po razporedu; preskoceno.
08:39:58     [3] SAOP_STOCK: se ni na vrsti po razporedu; preskoceno.
08:39:58     [4] SAOP_STOCK: se ni na vrsti po razporedu; preskoceno.
08:39:58     konec: Zaloga iz SAOP (kolicine)
08:39:58  Zalogovni cikel koncan; padlih korakov: 0.
08:44:47  == Zaloga NW_STOCK ==
08:44:48     SOURCE_FETCH: se ni na vrsti po razporedu; preskoceno.
08:44:49     Prebranih zapisov: 2762; SHA-256: be479bca3a8f651480e5b5c3cabeb3d0a530ee57842f16105f91e3c22c24b888
08:44:49     STOCK_FILE pri podjetju 1: se ni na vrsti po razporedu; preskoceno.
08:44:50     Prebranih zapisov: 2762; SHA-256: be479bca3a8f651480e5b5c3cabeb3d0a530ee57842f16105f91e3c22c24b888
08:44:50     STOCK_FILE pri podjetju 2: se ni na vrsti po razporedu; preskoceno.
08:44:51     Prebranih zapisov: 2762; SHA-256: be479bca3a8f651480e5b5c3cabeb3d0a530ee57842f16105f91e3c22c24b888
08:44:51     STOCK_FILE pri podjetju 3: se ni na vrsti po razporedu; preskoceno.
08:44:52     Prebranih zapisov: 2762; SHA-256: be479bca3a8f651480e5b5c3cabeb3d0a530ee57842f16105f91e3c22c24b888
08:44:52     STOCK_FILE pri podjetju 4: se ni na vrsti po razporedu; preskoceno.
08:44:52     konec: Zaloga NW_STOCK
08:44:52  == Zaloga BT_STOCK ==
08:44:53     [BT_STOCK] preskoceno: Razmik dobavitelja se tece; naslednji prenos po 31. 08. 2026 09:59.
08:44:53     Prevzem koncan: uspesno 0, neuspesno 0, skupaj virov 1.
08:44:54     Prebranih zapisov: 1393; SHA-256: 43562ec0addc4906d1df226953be10a30cf258e308286ee3476aa6d7afa53b24
08:44:54     Ta posnetek je ze v bazi; vir=BT_STOCK, podjetje=1, cas posnetka=2026-08-28 13:59:55Z, uporabljenih=1393, v karanteni=0, RunId=2b4ca138-9931-470a-84a3-8aa684ceb0cd. Zapisano ni bilo nic.
08:44:55     Prebranih zapisov: 1393; SHA-256: 43562ec0addc4906d1df226953be10a30cf258e308286ee3476aa6d7afa53b24
08:44:55     Ta posnetek je ze v bazi; vir=BT_STOCK, podjetje=2, cas posnetka=2026-08-28 13:59:55Z, uporabljenih=1393, v karanteni=0, RunId=8027e44a-b929-4555-806a-108aed5ca4b7. Zapisano ni bilo nic.
08:44:56     Prebranih zapisov: 1393; SHA-256: 43562ec0addc4906d1df226953be10a30cf258e308286ee3476aa6d7afa53b24
08:44:56     Ta posnetek je ze v bazi; vir=BT_STOCK, podjetje=3, cas posnetka=2026-08-28 13:59:55Z, uporabljenih=1393, v karanteni=0, RunId=64e9167c-24e2-4187-9972-619ca03ed99a. Zapisano ni bilo nic.
08:44:57     Prebranih zapisov: 1393; SHA-256: 43562ec0addc4906d1df226953be10a30cf258e308286ee3476aa6d7afa53b24
08:44:57     Ta posnetek je ze v bazi; vir=BT_STOCK, podjetje=4, cas posnetka=2026-08-28 13:59:55Z, uporabljenih=1393, v karanteni=0, RunId=b4c5c4f9-00b6-4352-9463-04d73f7fdd1f. Zapisano ni bilo nic.
08:44:57     konec: Zaloga BT_STOCK
08:44:57  == Zaloga iz SAOP (kolicine) ==
08:44:58     [1] SAOP_STOCK: se ni na vrsti po razporedu; preskoceno.
08:44:58     [2] SAOP_STOCK: se ni na vrsti po razporedu; preskoceno.
08:44:58     [3] SAOP_STOCK: se ni na vrsti po razporedu; preskoceno.
08:44:58     [4] SAOP_STOCK: se ni na vrsti po razporedu; preskoceno.
08:44:58     konec: Zaloga iz SAOP (kolicine)
08:44:58  Zalogovni cikel koncan; padlih korakov: 0.
08:49:47  == Zaloga NW_STOCK ==
08:49:48     SOURCE_FETCH: se ni na vrsti po razporedu; preskoceno.
08:49:49     Prebranih zapisov: 2762; SHA-256: be479bca3a8f651480e5b5c3cabeb3d0a530ee57842f16105f91e3c22c24b888
08:49:49     STOCK_FILE pri podjetju 1: se ni na vrsti po razporedu; preskoceno.
08:49:50     Prebranih zapisov: 2762; SHA-256: be479bca3a8f651480e5b5c3cabeb3d0a530ee57842f16105f91e3c22c24b888
08:49:50     STOCK_FILE pri podjetju 2: se ni na vrsti po razporedu; preskoceno.
08:49:50     Prebranih zapisov: 2762; SHA-256: be479bca3a8f651480e5b5c3cabeb3d0a530ee57842f16105f91e3c22c24b888
08:49:51     STOCK_FILE pri podjetju 3: se ni na vrsti po razporedu; preskoceno.
08:49:51     Prebranih zapisov: 2762; SHA-256: be479bca3a8f651480e5b5c3cabeb3d0a530ee57842f16105f91e3c22c24b888
08:49:52     STOCK_FILE pri podjetju 4: se ni na vrsti po razporedu; preskoceno.
08:49:52     konec: Zaloga NW_STOCK
08:49:52  == Zaloga BT_STOCK ==
08:49:53     SOURCE_FETCH: se ni na vrsti po razporedu; preskoceno.
08:49:53     Prebranih zapisov: 1393; SHA-256: 43562ec0addc4906d1df226953be10a30cf258e308286ee3476aa6d7afa53b24
08:49:54     STOCK_FILE pri podjetju 1: se ni na vrsti po razporedu; preskoceno.
08:49:54     Prebranih zapisov: 1393; SHA-256: 43562ec0addc4906d1df226953be10a30cf258e308286ee3476aa6d7afa53b24
08:49:55     STOCK_FILE pri podjetju 2: se ni na vrsti po razporedu; preskoceno.
08:49:55     Prebranih zapisov: 1393; SHA-256: 43562ec0addc4906d1df226953be10a30cf258e308286ee3476aa6d7afa53b24
08:49:56     STOCK_FILE pri podjetju 3: se ni na vrsti po razporedu; preskoceno.
08:49:56     Prebranih zapisov: 1393; SHA-256: 43562ec0addc4906d1df226953be10a30cf258e308286ee3476aa6d7afa53b24
08:49:57     STOCK_FILE pri podjetju 4: se ni na vrsti po razporedu; preskoceno.
08:49:57     konec: Zaloga BT_STOCK
08:49:57  == Zaloga iz SAOP (kolicine) ==
08:49:58     [1] SAOP_STOCK: se ni na vrsti po razporedu; preskoceno.
08:49:58     [2] SAOP_STOCK: se ni na vrsti po razporedu; preskoceno.
08:49:58     [3] SAOP_STOCK: se ni na vrsti po razporedu; preskoceno.
08:49:58     [4] SAOP_STOCK: se ni na vrsti po razporedu; preskoceno.
08:49:58     konec: Zaloga iz SAOP (kolicine)
08:49:58  Zalogovni cikel koncan; padlih korakov: 0.
08:54:47  == Zaloga NW_STOCK ==
08:54:49     [NW_STOCK] prevzeto 87.321 bajtov -> C:\Users\david\Desktop\PIM\NoviPIM\PIM_Solution\data\prevzem\NW_STOCK\nw-zaloga.csv
08:54:49     Prevzem koncan: uspesno 1, neuspesno 0, skupaj virov 1.
08:54:49     Prebranih zapisov: 2762; SHA-256: 49d35c648fe105f37f30b6c95f5b7de7a6f311267c30c78b7c93d3a79e404342
08:54:51     Zaloga zapisana; vir=NW_STOCK, podjetje=1, uporabljenih=2762, v karanteni=0, RunId=038bb8de-608e-4402-bf79-f9495e403db9.
08:54:52     Prebranih zapisov: 2762; SHA-256: 49d35c648fe105f37f30b6c95f5b7de7a6f311267c30c78b7c93d3a79e404342
08:54:53     Zaloga zapisana; vir=NW_STOCK, podjetje=2, uporabljenih=2762, v karanteni=0, RunId=8ac5f5ad-7065-4208-aa1a-a170d609ac96.
08:54:54     Prebranih zapisov: 2762; SHA-256: 49d35c648fe105f37f30b6c95f5b7de7a6f311267c30c78b7c93d3a79e404342
08:54:56     Zaloga zapisana; vir=NW_STOCK, podjetje=3, uporabljenih=2762, v karanteni=0, RunId=876828b7-be3d-47cd-99a4-ecb1edcf5206.
08:54:56     Prebranih zapisov: 2762; SHA-256: 49d35c648fe105f37f30b6c95f5b7de7a6f311267c30c78b7c93d3a79e404342
08:54:58     Zaloga zapisana; vir=NW_STOCK, podjetje=4, uporabljenih=2762, v karanteni=0, RunId=4105b2c0-8c42-4f1f-a2cd-5c0565270c7d.
08:54:58     konec: Zaloga NW_STOCK
08:54:58  == Zaloga BT_STOCK ==
08:54:59     SOURCE_FETCH: se ni na vrsti po razporedu; preskoceno.
08:55:00     Prebranih zapisov: 1393; SHA-256: 43562ec0addc4906d1df226953be10a30cf258e308286ee3476aa6d7afa53b24
08:55:00     STOCK_FILE pri podjetju 1: se ni na vrsti po razporedu; preskoceno.
08:55:01     Prebranih zapisov: 1393; SHA-256: 43562ec0addc4906d1df226953be10a30cf258e308286ee3476aa6d7afa53b24
08:55:01     STOCK_FILE pri podjetju 2: se ni na vrsti po razporedu; preskoceno.
08:55:02     Prebranih zapisov: 1393; SHA-256: 43562ec0addc4906d1df226953be10a30cf258e308286ee3476aa6d7afa53b24
08:55:02     STOCK_FILE pri podjetju 3: se ni na vrsti po razporedu; preskoceno.
08:55:03     Prebranih zapisov: 1393; SHA-256: 43562ec0addc4906d1df226953be10a30cf258e308286ee3476aa6d7afa53b24
08:55:03     STOCK_FILE pri podjetju 4: se ni na vrsti po razporedu; preskoceno.
08:55:03     konec: Zaloga BT_STOCK
08:55:03  == Zaloga iz SAOP (kolicine) ==
08:55:04     [1] SAOP_STOCK: se ni na vrsti po razporedu; preskoceno.
08:55:04     [2] SAOP_STOCK: se ni na vrsti po razporedu; preskoceno.
08:55:04     [3] SAOP_STOCK: se ni na vrsti po razporedu; preskoceno.
08:55:04     [4] SAOP_STOCK: se ni na vrsti po razporedu; preskoceno.
08:55:04     konec: Zaloga iz SAOP (kolicine)
08:55:04  Zalogovni cikel koncan; padlih korakov: 0.
08:59:47  == Zaloga NW_STOCK ==
08:59:48     SOURCE_FETCH: se ni na vrsti po razporedu; preskoceno.
08:59:49     Prebranih zapisov: 2762; SHA-256: 49d35c648fe105f37f30b6c95f5b7de7a6f311267c30c78b7c93d3a79e404342
08:59:49     STOCK_FILE pri podjetju 1: se ni na vrsti po razporedu; preskoceno.
08:59:50     Prebranih zapisov: 2762; SHA-256: 49d35c648fe105f37f30b6c95f5b7de7a6f311267c30c78b7c93d3a79e404342
08:59:50     STOCK_FILE pri podjetju 2: se ni na vrsti po razporedu; preskoceno.
08:59:51     Prebranih zapisov: 2762; SHA-256: 49d35c648fe105f37f30b6c95f5b7de7a6f311267c30c78b7c93d3a79e404342
08:59:51     STOCK_FILE pri podjetju 3: se ni na vrsti po razporedu; preskoceno.
08:59:52     Prebranih zapisov: 2762; SHA-256: 49d35c648fe105f37f30b6c95f5b7de7a6f311267c30c78b7c93d3a79e404342
08:59:52     STOCK_FILE pri podjetju 4: se ni na vrsti po razporedu; preskoceno.
08:59:52     konec: Zaloga NW_STOCK
08:59:52  == Zaloga BT_STOCK ==
08:59:53     [BT_STOCK] preskoceno: Razmik dobavitelja se tece; naslednji prenos po 31. 08. 2026 09:59.
08:59:53     Prevzem koncan: uspesno 0, neuspesno 0, skupaj virov 1.
08:59:54     Prebranih zapisov: 1393; SHA-256: 43562ec0addc4906d1df226953be10a30cf258e308286ee3476aa6d7afa53b24
08:59:54     Ta posnetek je ze v bazi; vir=BT_STOCK, podjetje=1, cas posnetka=2026-08-28 13:59:55Z, uporabljenih=1393, v karanteni=0, RunId=2b4ca138-9931-470a-84a3-8aa684ceb0cd. Zapisano ni bilo nic.
08:59:55     Prebranih zapisov: 1393; SHA-256: 43562ec0addc4906d1df226953be10a30cf258e308286ee3476aa6d7afa53b24
08:59:56     Ta posnetek je ze v bazi; vir=BT_STOCK, podjetje=2, cas posnetka=2026-08-28 13:59:55Z, uporabljenih=1393, v karanteni=0, RunId=8027e44a-b929-4555-806a-108aed5ca4b7. Zapisano ni bilo nic.
08:59:56     Prebranih zapisov: 1393; SHA-256: 43562ec0addc4906d1df226953be10a30cf258e308286ee3476aa6d7afa53b24
08:59:57     Ta posnetek je ze v bazi; vir=BT_STOCK, podjetje=3, cas posnetka=2026-08-28 13:59:55Z, uporabljenih=1393, v karanteni=0, RunId=64e9167c-24e2-4187-9972-619ca03ed99a. Zapisano ni bilo nic.
08:59:58     Prebranih zapisov: 1393; SHA-256: 43562ec0addc4906d1df226953be10a30cf258e308286ee3476aa6d7afa53b24
08:59:58     Ta posnetek je ze v bazi; vir=BT_STOCK, podjetje=4, cas posnetka=2026-08-28 13:59:55Z, uporabljenih=1393, v karanteni=0, RunId=b4c5c4f9-00b6-4352-9463-04d73f7fdd1f. Zapisano ni bilo nic.
08:59:58     konec: Zaloga BT_STOCK
08:59:58  == Zaloga iz SAOP (kolicine) ==
08:59:59     [1] SAOP_STOCK: se ni na vrsti po razporedu; preskoceno.
08:59:59     [2] SAOP_STOCK: se ni na vrsti po razporedu; preskoceno.
08:59:59     [3] SAOP_STOCK: se ni na vrsti po razporedu; preskoceno.
08:59:59     [4] SAOP_STOCK: se ni na vrsti po razporedu; preskoceno.
08:59:59     konec: Zaloga iz SAOP (kolicine)
08:59:59  Zalogovni cikel koncan; padlih korakov: 0.
09:04:47  == Zaloga NW_STOCK ==
09:04:48     SOURCE_FETCH: se ni na vrsti po razporedu; preskoceno.
09:04:49     Prebranih zapisov: 2762; SHA-256: 49d35c648fe105f37f30b6c95f5b7de7a6f311267c30c78b7c93d3a79e404342
09:04:50     STOCK_FILE pri podjetju 1: se ni na vrsti po razporedu; preskoceno.
09:04:50     Prebranih zapisov: 2762; SHA-256: 49d35c648fe105f37f30b6c95f5b7de7a6f311267c30c78b7c93d3a79e404342
09:04:51     STOCK_FILE pri podjetju 2: se ni na vrsti po razporedu; preskoceno.
09:04:51     Prebranih zapisov: 2762; SHA-256: 49d35c648fe105f37f30b6c95f5b7de7a6f311267c30c78b7c93d3a79e404342
09:04:52     STOCK_FILE pri podjetju 3: se ni na vrsti po razporedu; preskoceno.
09:04:52     Prebranih zapisov: 2762; SHA-256: 49d35c648fe105f37f30b6c95f5b7de7a6f311267c30c78b7c93d3a79e404342
09:04:53     STOCK_FILE pri podjetju 4: se ni na vrsti po razporedu; preskoceno.
09:04:53     konec: Zaloga NW_STOCK
09:04:53  == Zaloga BT_STOCK ==
09:04:55     [BT_STOCK] preskoceno: Razmik dobavitelja se tece; naslednji prenos po 31. 08. 2026 09:59.
09:04:55     Prevzem koncan: uspesno 0, neuspesno 0, skupaj virov 1.
09:04:56     Prebranih zapisov: 1393; SHA-256: 43562ec0addc4906d1df226953be10a30cf258e308286ee3476aa6d7afa53b24
09:04:56     Ta posnetek je ze v bazi; vir=BT_STOCK, podjetje=1, cas posnetka=2026-08-28 13:59:55Z, uporabljenih=1393, v karanteni=0, RunId=2b4ca138-9931-470a-84a3-8aa684ceb0cd. Zapisano ni bilo nic.
09:04:57     Prebranih zapisov: 1393; SHA-256: 43562ec0addc4906d1df226953be10a30cf258e308286ee3476aa6d7afa53b24
09:04:58     Ta posnetek je ze v bazi; vir=BT_STOCK, podjetje=2, cas posnetka=2026-08-28 13:59:55Z, uporabljenih=1393, v karanteni=0, RunId=8027e44a-b929-4555-806a-108aed5ca4b7. Zapisano ni bilo nic.
09:04:58     Prebranih zapisov: 1393; SHA-256: 43562ec0addc4906d1df226953be10a30cf258e308286ee3476aa6d7afa53b24
09:04:59     Ta posnetek je ze v bazi; vir=BT_STOCK, podjetje=3, cas posnetka=2026-08-28 13:59:55Z, uporabljenih=1393, v karanteni=0, RunId=64e9167c-24e2-4187-9972-619ca03ed99a. Zapisano ni bilo nic.
09:05:00     Prebranih zapisov: 1393; SHA-256: 43562ec0addc4906d1df226953be10a30cf258e308286ee3476aa6d7afa53b24
09:05:00     Ta posnetek je ze v bazi; vir=BT_STOCK, podjetje=4, cas posnetka=2026-08-28 13:59:55Z, uporabljenih=1393, v karanteni=0, RunId=b4c5c4f9-00b6-4352-9463-04d73f7fdd1f. Zapisano ni bilo nic.
09:05:00     konec: Zaloga BT_STOCK
09:05:00  == Zaloga iz SAOP (kolicine) ==
09:05:01     [1] SAOP_STOCK: se ni na vrsti po razporedu; preskoceno.
09:05:01     [2] SAOP_STOCK: se ni na vrsti po razporedu; preskoceno.
09:05:01     [3] SAOP_STOCK: se ni na vrsti po razporedu; preskoceno.
09:05:01     [4] SAOP_STOCK: se ni na vrsti po razporedu; preskoceno.
09:05:01     konec: Zaloga iz SAOP (kolicine)
09:05:01  Zalogovni cikel koncan; padlih korakov: 0.
09:09:47  == Zaloga NW_STOCK ==
09:09:49     SOURCE_FETCH: se ni na vrsti po razporedu; preskoceno.
09:09:51     Prebranih zapisov: 2762; SHA-256: 49d35c648fe105f37f30b6c95f5b7de7a6f311267c30c78b7c93d3a79e404342
09:09:51     STOCK_FILE pri podjetju 1: se ni na vrsti po razporedu; preskoceno.
09:09:53     Prebranih zapisov: 2762; SHA-256: 49d35c648fe105f37f30b6c95f5b7de7a6f311267c30c78b7c93d3a79e404342
09:09:53     STOCK_FILE pri podjetju 2: se ni na vrsti po razporedu; preskoceno.
09:09:54     Prebranih zapisov: 2762; SHA-256: 49d35c648fe105f37f30b6c95f5b7de7a6f311267c30c78b7c93d3a79e404342
09:09:54     STOCK_FILE pri podjetju 3: se ni na vrsti po razporedu; preskoceno.
09:09:56     Prebranih zapisov: 2762; SHA-256: 49d35c648fe105f37f30b6c95f5b7de7a6f311267c30c78b7c93d3a79e404342
09:09:56     STOCK_FILE pri podjetju 4: se ni na vrsti po razporedu; preskoceno.
09:09:56     konec: Zaloga NW_STOCK
09:09:56  == Zaloga BT_STOCK ==
09:09:58     [BT_STOCK] preskoceno: Razmik dobavitelja se tece; naslednji prenos po 31. 08. 2026 09:59.
09:09:58     Prevzem koncan: uspesno 0, neuspesno 0, skupaj virov 1.
09:09:59     Prebranih zapisov: 1393; SHA-256: 43562ec0addc4906d1df226953be10a30cf258e308286ee3476aa6d7afa53b24
09:09:59     Ta posnetek je ze v bazi; vir=BT_STOCK, podjetje=1, cas posnetka=2026-08-28 13:59:55Z, uporabljenih=1393, v karanteni=0, RunId=2b4ca138-9931-470a-84a3-8aa684ceb0cd. Zapisano ni bilo nic.
09:10:01     Prebranih zapisov: 1393; SHA-256: 43562ec0addc4906d1df226953be10a30cf258e308286ee3476aa6d7afa53b24
09:10:01     Ta posnetek je ze v bazi; vir=BT_STOCK, podjetje=2, cas posnetka=2026-08-28 13:59:55Z, uporabljenih=1393, v karanteni=0, RunId=8027e44a-b929-4555-806a-108aed5ca4b7. Zapisano ni bilo nic.
09:10:03     Prebranih zapisov: 1393; SHA-256: 43562ec0addc4906d1df226953be10a30cf258e308286ee3476aa6d7afa53b24
09:10:03     Ta posnetek je ze v bazi; vir=BT_STOCK, podjetje=3, cas posnetka=2026-08-28 13:59:55Z, uporabljenih=1393, v karanteni=0, RunId=64e9167c-24e2-4187-9972-619ca03ed99a. Zapisano ni bilo nic.
09:10:04     Prebranih zapisov: 1393; SHA-256: 43562ec0addc4906d1df226953be10a30cf258e308286ee3476aa6d7afa53b24
09:10:04     Ta posnetek je ze v bazi; vir=BT_STOCK, podjetje=4, cas posnetka=2026-08-28 13:59:55Z, uporabljenih=1393, v karanteni=0, RunId=b4c5c4f9-00b6-4352-9463-04d73f7fdd1f. Zapisano ni bilo nic.
09:10:04     konec: Zaloga BT_STOCK
09:10:04  == Zaloga iz SAOP (kolicine) ==
09:10:06     [1] SAOP_STOCK: se ni na vrsti po razporedu; preskoceno.
09:10:06     [2] SAOP_STOCK: se ni na vrsti po razporedu; preskoceno.
09:10:06     [3] SAOP_STOCK: se ni na vrsti po razporedu; preskoceno.
09:10:06     [4] SAOP_STOCK: se ni na vrsti po razporedu; preskoceno.
09:10:06     konec: Zaloga iz SAOP (kolicine)
09:10:06  Zalogovni cikel koncan; padlih korakov: 0.
09:14:47  == Zaloga NW_STOCK ==
09:14:49     SOURCE_FETCH: se ni na vrsti po razporedu; preskoceno.
09:14:49     Prebranih zapisov: 2762; SHA-256: 49d35c648fe105f37f30b6c95f5b7de7a6f311267c30c78b7c93d3a79e404342
09:14:50     STOCK_FILE pri podjetju 1: se ni na vrsti po razporedu; preskoceno.
09:14:51     Prebranih zapisov: 2762; SHA-256: 49d35c648fe105f37f30b6c95f5b7de7a6f311267c30c78b7c93d3a79e404342
09:14:51     STOCK_FILE pri podjetju 2: se ni na vrsti po razporedu; preskoceno.
09:14:52     Prebranih zapisov: 2762; SHA-256: 49d35c648fe105f37f30b6c95f5b7de7a6f311267c30c78b7c93d3a79e404342
09:14:52     STOCK_FILE pri podjetju 3: se ni na vrsti po razporedu; preskoceno.
09:14:53     Prebranih zapisov: 2762; SHA-256: 49d35c648fe105f37f30b6c95f5b7de7a6f311267c30c78b7c93d3a79e404342
09:14:53     STOCK_FILE pri podjetju 4: se ni na vrsti po razporedu; preskoceno.
09:14:53     konec: Zaloga NW_STOCK
09:14:53  == Zaloga BT_STOCK ==
09:14:54     SOURCE_FETCH: se ni na vrsti po razporedu; preskoceno.
09:14:55     Prebranih zapisov: 1393; SHA-256: 43562ec0addc4906d1df226953be10a30cf258e308286ee3476aa6d7afa53b24
09:14:55     STOCK_FILE pri podjetju 1: se ni na vrsti po razporedu; preskoceno.
09:14:56     Prebranih zapisov: 1393; SHA-256: 43562ec0addc4906d1df226953be10a30cf258e308286ee3476aa6d7afa53b24
09:14:56     STOCK_FILE pri podjetju 2: se ni na vrsti po razporedu; preskoceno.
09:14:57     Prebranih zapisov: 1393; SHA-256: 43562ec0addc4906d1df226953be10a30cf258e308286ee3476aa6d7afa53b24
09:14:57     STOCK_FILE pri podjetju 3: se ni na vrsti po razporedu; preskoceno.
09:14:58     Prebranih zapisov: 1393; SHA-256: 43562ec0addc4906d1df226953be10a30cf258e308286ee3476aa6d7afa53b24
09:14:58     STOCK_FILE pri podjetju 4: se ni na vrsti po razporedu; preskoceno.
09:14:58     konec: Zaloga BT_STOCK
09:14:58  == Zaloga iz SAOP (kolicine) ==
09:14:59     [1] SAOP_STOCK: se ni na vrsti po razporedu; preskoceno.
09:14:59     [2] SAOP_STOCK: se ni na vrsti po razporedu; preskoceno.
09:14:59     [3] SAOP_STOCK: se ni na vrsti po razporedu; preskoceno.
09:14:59     [4] SAOP_STOCK: se ni na vrsti po razporedu; preskoceno.
09:14:59     konec: Zaloga iz SAOP (kolicine)
09:14:59  Zalogovni cikel koncan; padlih korakov: 0.
09:19:47  == Zaloga NW_STOCK ==
09:19:49     [NW_STOCK] preskoceno: Razmik dobavitelja se tece; naslednji prenos po 31. 08. 2026 10:54.
09:19:49     Prevzem koncan: uspesno 0, neuspesno 0, skupaj virov 1.
09:19:50     Prebranih zapisov: 2762; SHA-256: 49d35c648fe105f37f30b6c95f5b7de7a6f311267c30c78b7c93d3a79e404342
09:19:50     Ta posnetek je ze v bazi; vir=NW_STOCK, podjetje=1, cas posnetka=2026-08-31 06:54:48Z, uporabljenih=2762, v karanteni=0, RunId=038bb8de-608e-4402-bf79-f9495e403db9. Zapisano ni bilo nic.
09:19:52     Prebranih zapisov: 2762; SHA-256: 49d35c648fe105f37f30b6c95f5b7de7a6f311267c30c78b7c93d3a79e404342
09:19:52     Ta posnetek je ze v bazi; vir=NW_STOCK, podjetje=2, cas posnetka=2026-08-31 06:54:48Z, uporabljenih=2762, v karanteni=0, RunId=8ac5f5ad-7065-4208-aa1a-a170d609ac96. Zapisano ni bilo nic.
09:19:53     Prebranih zapisov: 2762; SHA-256: 49d35c648fe105f37f30b6c95f5b7de7a6f311267c30c78b7c93d3a79e404342
09:19:54     Ta posnetek je ze v bazi; vir=NW_STOCK, podjetje=3, cas posnetka=2026-08-31 06:54:48Z, uporabljenih=2762, v karanteni=0, RunId=876828b7-be3d-47cd-99a4-ecb1edcf5206. Zapisano ni bilo nic.
09:19:55     Prebranih zapisov: 2762; SHA-256: 49d35c648fe105f37f30b6c95f5b7de7a6f311267c30c78b7c93d3a79e404342
09:19:55     Ta posnetek je ze v bazi; vir=NW_STOCK, podjetje=4, cas posnetka=2026-08-31 06:54:48Z, uporabljenih=2762, v karanteni=0, RunId=4105b2c0-8c42-4f1f-a2cd-5c0565270c7d. Zapisano ni bilo nic.
09:19:55     konec: Zaloga NW_STOCK
09:19:55  == Zaloga BT_STOCK ==
09:19:56     SOURCE_FETCH: se ni na vrsti po razporedu; preskoceno.
09:19:57     Prebranih zapisov: 1393; SHA-256: 43562ec0addc4906d1df226953be10a30cf258e308286ee3476aa6d7afa53b24
09:19:58     STOCK_FILE pri podjetju 1: se ni na vrsti po razporedu; preskoceno.
09:19:58     Prebranih zapisov: 1393; SHA-256: 43562ec0addc4906d1df226953be10a30cf258e308286ee3476aa6d7afa53b24
09:19:59     STOCK_FILE pri podjetju 2: se ni na vrsti po razporedu; preskoceno.
09:19:59     Prebranih zapisov: 1393; SHA-256: 43562ec0addc4906d1df226953be10a30cf258e308286ee3476aa6d7afa53b24
09:20:00     STOCK_FILE pri podjetju 3: se ni na vrsti po razporedu; preskoceno.
09:20:01     Prebranih zapisov: 1393; SHA-256: 43562ec0addc4906d1df226953be10a30cf258e308286ee3476aa6d7afa53b24
09:20:01     STOCK_FILE pri podjetju 4: se ni na vrsti po razporedu; preskoceno.
09:20:01     konec: Zaloga BT_STOCK
09:20:01  == Zaloga iz SAOP (kolicine) ==
09:20:02     [1] SAOP_STOCK: se ni na vrsti po razporedu; preskoceno.
09:20:02     [2] SAOP_STOCK: se ni na vrsti po razporedu; preskoceno.
09:20:02     [3] SAOP_STOCK: se ni na vrsti po razporedu; preskoceno.
09:20:02     [4] SAOP_STOCK: se ni na vrsti po razporedu; preskoceno.
09:20:02     konec: Zaloga iz SAOP (kolicine)
09:20:02  Zalogovni cikel koncan; padlih korakov: 0.
09:24:47  == Zaloga NW_STOCK ==
09:24:48     SOURCE_FETCH: se ni na vrsti po razporedu; preskoceno.
09:24:49     Prebranih zapisov: 2762; SHA-256: 49d35c648fe105f37f30b6c95f5b7de7a6f311267c30c78b7c93d3a79e404342
09:24:49     STOCK_FILE pri podjetju 1: se ni na vrsti po razporedu; preskoceno.
09:24:50     Prebranih zapisov: 2762; SHA-256: 49d35c648fe105f37f30b6c95f5b7de7a6f311267c30c78b7c93d3a79e404342
09:24:50     STOCK_FILE pri podjetju 2: se ni na vrsti po razporedu; preskoceno.
09:24:51     Prebranih zapisov: 2762; SHA-256: 49d35c648fe105f37f30b6c95f5b7de7a6f311267c30c78b7c93d3a79e404342
09:24:51     STOCK_FILE pri podjetju 3: se ni na vrsti po razporedu; preskoceno.
09:24:52     Prebranih zapisov: 2762; SHA-256: 49d35c648fe105f37f30b6c95f5b7de7a6f311267c30c78b7c93d3a79e404342
09:24:52     STOCK_FILE pri podjetju 4: se ni na vrsti po razporedu; preskoceno.
09:24:52     konec: Zaloga NW_STOCK
09:24:52  == Zaloga BT_STOCK ==
09:24:53     [BT_STOCK] preskoceno: Razmik dobavitelja se tece; naslednji prenos po 31. 08. 2026 09:59.
09:24:53     Prevzem koncan: uspesno 0, neuspesno 0, skupaj virov 1.
09:24:54     Prebranih zapisov: 1393; SHA-256: 43562ec0addc4906d1df226953be10a30cf258e308286ee3476aa6d7afa53b24
09:24:55     Ta posnetek je ze v bazi; vir=BT_STOCK, podjetje=1, cas posnetka=2026-08-28 13:59:55Z, uporabljenih=1393, v karanteni=0, RunId=2b4ca138-9931-470a-84a3-8aa684ceb0cd. Zapisano ni bilo nic.
09:24:55     Prebranih zapisov: 1393; SHA-256: 43562ec0addc4906d1df226953be10a30cf258e308286ee3476aa6d7afa53b24
09:24:56     Ta posnetek je ze v bazi; vir=BT_STOCK, podjetje=2, cas posnetka=2026-08-28 13:59:55Z, uporabljenih=1393, v karanteni=0, RunId=8027e44a-b929-4555-806a-108aed5ca4b7. Zapisano ni bilo nic.
09:24:57     Prebranih zapisov: 1393; SHA-256: 43562ec0addc4906d1df226953be10a30cf258e308286ee3476aa6d7afa53b24
09:24:57     Ta posnetek je ze v bazi; vir=BT_STOCK, podjetje=3, cas posnetka=2026-08-28 13:59:55Z, uporabljenih=1393, v karanteni=0, RunId=64e9167c-24e2-4187-9972-619ca03ed99a. Zapisano ni bilo nic.
09:24:58     Prebranih zapisov: 1393; SHA-256: 43562ec0addc4906d1df226953be10a30cf258e308286ee3476aa6d7afa53b24
09:24:58     Ta posnetek je ze v bazi; vir=BT_STOCK, podjetje=4, cas posnetka=2026-08-28 13:59:55Z, uporabljenih=1393, v karanteni=0, RunId=b4c5c4f9-00b6-4352-9463-04d73f7fdd1f. Zapisano ni bilo nic.
09:24:58     konec: Zaloga BT_STOCK
09:24:58  == Zaloga iz SAOP (kolicine) ==
09:24:59     [1] SAOP_STOCK: se ni na vrsti po razporedu; preskoceno.
09:24:59     [2] SAOP_STOCK: se ni na vrsti po razporedu; preskoceno.
09:24:59     [3] SAOP_STOCK: se ni na vrsti po razporedu; preskoceno.
09:24:59     [4] SAOP_STOCK: se ni na vrsti po razporedu; preskoceno.
09:24:59     konec: Zaloga iz SAOP (kolicine)
09:24:59  Zalogovni cikel koncan; padlih korakov: 0.
09:29:48  == Zaloga NW_STOCK ==
09:29:49     SOURCE_FETCH: se ni na vrsti po razporedu; preskoceno.
09:29:50     Prebranih zapisov: 2762; SHA-256: 49d35c648fe105f37f30b6c95f5b7de7a6f311267c30c78b7c93d3a79e404342
09:29:50     STOCK_FILE pri podjetju 1: se ni na vrsti po razporedu; preskoceno.
09:29:51     Prebranih zapisov: 2762; SHA-256: 49d35c648fe105f37f30b6c95f5b7de7a6f311267c30c78b7c93d3a79e404342
09:29:51     STOCK_FILE pri podjetju 2: se ni na vrsti po razporedu; preskoceno.
09:29:52     Prebranih zapisov: 2762; SHA-256: 49d35c648fe105f37f30b6c95f5b7de7a6f311267c30c78b7c93d3a79e404342
09:29:52     STOCK_FILE pri podjetju 3: se ni na vrsti po razporedu; preskoceno.
09:29:53     Prebranih zapisov: 2762; SHA-256: 49d35c648fe105f37f30b6c95f5b7de7a6f311267c30c78b7c93d3a79e404342
09:29:53     STOCK_FILE pri podjetju 4: se ni na vrsti po razporedu; preskoceno.
09:29:53     konec: Zaloga NW_STOCK
09:29:53  == Zaloga BT_STOCK ==
09:29:54     [BT_STOCK] preskoceno: Razmik dobavitelja se tece; naslednji prenos po 31. 08. 2026 09:59.
09:29:54     Prevzem koncan: uspesno 0, neuspesno 0, skupaj virov 1.
09:29:55     Prebranih zapisov: 1393; SHA-256: 43562ec0addc4906d1df226953be10a30cf258e308286ee3476aa6d7afa53b24
09:29:56     Ta posnetek je ze v bazi; vir=BT_STOCK, podjetje=1, cas posnetka=2026-08-28 13:59:55Z, uporabljenih=1393, v karanteni=0, RunId=2b4ca138-9931-470a-84a3-8aa684ceb0cd. Zapisano ni bilo nic.
09:29:56     Prebranih zapisov: 1393; SHA-256: 43562ec0addc4906d1df226953be10a30cf258e308286ee3476aa6d7afa53b24
09:29:57     Ta posnetek je ze v bazi; vir=BT_STOCK, podjetje=2, cas posnetka=2026-08-28 13:59:55Z, uporabljenih=1393, v karanteni=0, RunId=8027e44a-b929-4555-806a-108aed5ca4b7. Zapisano ni bilo nic.
09:29:58     Prebranih zapisov: 1393; SHA-256: 43562ec0addc4906d1df226953be10a30cf258e308286ee3476aa6d7afa53b24
09:29:58     Ta posnetek je ze v bazi; vir=BT_STOCK, podjetje=3, cas posnetka=2026-08-28 13:59:55Z, uporabljenih=1393, v karanteni=0, RunId=64e9167c-24e2-4187-9972-619ca03ed99a. Zapisano ni bilo nic.
09:29:59     Prebranih zapisov: 1393; SHA-256: 43562ec0addc4906d1df226953be10a30cf258e308286ee3476aa6d7afa53b24
09:30:00     Ta posnetek je ze v bazi; vir=BT_STOCK, podjetje=4, cas posnetka=2026-08-28 13:59:55Z, uporabljenih=1393, v karanteni=0, RunId=b4c5c4f9-00b6-4352-9463-04d73f7fdd1f. Zapisano ni bilo nic.
09:30:00     konec: Zaloga BT_STOCK
09:30:00  == Zaloga iz SAOP (kolicine) ==
09:30:01     [1] SAOP_STOCK: se ni na vrsti po razporedu; preskoceno.
09:30:01     [2] SAOP_STOCK: se ni na vrsti po razporedu; preskoceno.
09:30:01     [3] SAOP_STOCK: se ni na vrsti po razporedu; preskoceno.
09:30:01     [4] SAOP_STOCK: se ni na vrsti po razporedu; preskoceno.
09:30:01     konec: Zaloga iz SAOP (kolicine)
09:30:01  Zalogovni cikel koncan; padlih korakov: 0.
09:34:46  == Zaloga NW_STOCK ==
09:34:47     SOURCE_FETCH: se ni na vrsti po razporedu; preskoceno.
09:34:48     Prebranih zapisov: 2762; SHA-256: 49d35c648fe105f37f30b6c95f5b7de7a6f311267c30c78b7c93d3a79e404342
09:34:48     STOCK_FILE pri podjetju 1: se ni na vrsti po razporedu; preskoceno.
09:34:49     Prebranih zapisov: 2762; SHA-256: 49d35c648fe105f37f30b6c95f5b7de7a6f311267c30c78b7c93d3a79e404342
09:34:49     STOCK_FILE pri podjetju 2: se ni na vrsti po razporedu; preskoceno.
09:34:49     Prebranih zapisov: 2762; SHA-256: 49d35c648fe105f37f30b6c95f5b7de7a6f311267c30c78b7c93d3a79e404342
09:34:50     STOCK_FILE pri podjetju 3: se ni na vrsti po razporedu; preskoceno.
09:34:50     Prebranih zapisov: 2762; SHA-256: 49d35c648fe105f37f30b6c95f5b7de7a6f311267c30c78b7c93d3a79e404342
09:34:51     STOCK_FILE pri podjetju 4: se ni na vrsti po razporedu; preskoceno.
09:34:51     konec: Zaloga NW_STOCK
09:34:51  == Zaloga BT_STOCK ==
09:34:52     SOURCE_FETCH: se ni na vrsti po razporedu; preskoceno.
09:34:52     Prebranih zapisov: 1393; SHA-256: 43562ec0addc4906d1df226953be10a30cf258e308286ee3476aa6d7afa53b24
09:34:53     STOCK_FILE pri podjetju 1: se ni na vrsti po razporedu; preskoceno.
09:34:53     Prebranih zapisov: 1393; SHA-256: 43562ec0addc4906d1df226953be10a30cf258e308286ee3476aa6d7afa53b24
09:34:54     STOCK_FILE pri podjetju 2: se ni na vrsti po razporedu; preskoceno.
09:34:54     Prebranih zapisov: 1393; SHA-256: 43562ec0addc4906d1df226953be10a30cf258e308286ee3476aa6d7afa53b24
09:34:55     STOCK_FILE pri podjetju 3: se ni na vrsti po razporedu; preskoceno.
09:34:55     Prebranih zapisov: 1393; SHA-256: 43562ec0addc4906d1df226953be10a30cf258e308286ee3476aa6d7afa53b24
09:34:55     STOCK_FILE pri podjetju 4: se ni na vrsti po razporedu; preskoceno.
09:34:56     konec: Zaloga BT_STOCK
09:34:56  == Zaloga iz SAOP (kolicine) ==
09:34:56     [1] SAOP_STOCK: se ni na vrsti po razporedu; preskoceno.
09:34:56     [2] SAOP_STOCK: se ni na vrsti po razporedu; preskoceno.
09:34:56     [3] SAOP_STOCK: se ni na vrsti po razporedu; preskoceno.
09:34:56     [4] SAOP_STOCK: se ni na vrsti po razporedu; preskoceno.
09:34:56     konec: Zaloga iz SAOP (kolicine)
09:34:57  Zalogovni cikel koncan; padlih korakov: 0.
09:39:46  == Zaloga NW_STOCK ==
09:39:48     [NW_STOCK] preskoceno: Razmik dobavitelja se tece; naslednji prenos po 31. 08. 2026 10:54.
09:39:48     Prevzem koncan: uspesno 0, neuspesno 0, skupaj virov 1.
09:39:48     Prebranih zapisov: 2762; SHA-256: 49d35c648fe105f37f30b6c95f5b7de7a6f311267c30c78b7c93d3a79e404342
09:39:49     Ta posnetek je ze v bazi; vir=NW_STOCK, podjetje=1, cas posnetka=2026-08-31 06:54:48Z, uporabljenih=2762, v karanteni=0, RunId=038bb8de-608e-4402-bf79-f9495e403db9. Zapisano ni bilo nic.
09:39:49     Prebranih zapisov: 2762; SHA-256: 49d35c648fe105f37f30b6c95f5b7de7a6f311267c30c78b7c93d3a79e404342
09:39:50     Ta posnetek je ze v bazi; vir=NW_STOCK, podjetje=2, cas posnetka=2026-08-31 06:54:48Z, uporabljenih=2762, v karanteni=0, RunId=8ac5f5ad-7065-4208-aa1a-a170d609ac96. Zapisano ni bilo nic.
09:39:50     Prebranih zapisov: 2762; SHA-256: 49d35c648fe105f37f30b6c95f5b7de7a6f311267c30c78b7c93d3a79e404342
09:39:51     Ta posnetek je ze v bazi; vir=NW_STOCK, podjetje=3, cas posnetka=2026-08-31 06:54:48Z, uporabljenih=2762, v karanteni=0, RunId=876828b7-be3d-47cd-99a4-ecb1edcf5206. Zapisano ni bilo nic.
09:39:52     Prebranih zapisov: 2762; SHA-256: 49d35c648fe105f37f30b6c95f5b7de7a6f311267c30c78b7c93d3a79e404342
09:39:52     Ta posnetek je ze v bazi; vir=NW_STOCK, podjetje=4, cas posnetka=2026-08-31 06:54:48Z, uporabljenih=2762, v karanteni=0, RunId=4105b2c0-8c42-4f1f-a2cd-5c0565270c7d. Zapisano ni bilo nic.
09:39:52     konec: Zaloga NW_STOCK
09:39:52  == Zaloga BT_STOCK ==
09:39:53     SOURCE_FETCH: se ni na vrsti po razporedu; preskoceno.
09:39:54     Prebranih zapisov: 1393; SHA-256: 43562ec0addc4906d1df226953be10a30cf258e308286ee3476aa6d7afa53b24
09:39:54     STOCK_FILE pri podjetju 1: se ni na vrsti po razporedu; preskoceno.
09:39:55     Prebranih zapisov: 1393; SHA-256: 43562ec0addc4906d1df226953be10a30cf258e308286ee3476aa6d7afa53b24
09:39:55     STOCK_FILE pri podjetju 2: se ni na vrsti po razporedu; preskoceno.
09:39:56     Prebranih zapisov: 1393; SHA-256: 43562ec0addc4906d1df226953be10a30cf258e308286ee3476aa6d7afa53b24
09:39:56     STOCK_FILE pri podjetju 3: se ni na vrsti po razporedu; preskoceno.
09:39:57     Prebranih zapisov: 1393; SHA-256: 43562ec0addc4906d1df226953be10a30cf258e308286ee3476aa6d7afa53b24
09:39:57     STOCK_FILE pri podjetju 4: se ni na vrsti po razporedu; preskoceno.
09:39:57     konec: Zaloga BT_STOCK
09:39:57  == Zaloga iz SAOP (kolicine) ==
09:39:58     [1] SAOP_STOCK: se ni na vrsti po razporedu; preskoceno.
09:39:58     [2] SAOP_STOCK: se ni na vrsti po razporedu; preskoceno.
09:39:58     [3] SAOP_STOCK: se ni na vrsti po razporedu; preskoceno.
09:39:58     [4] SAOP_STOCK: se ni na vrsti po razporedu; preskoceno.
09:39:58     konec: Zaloga iz SAOP (kolicine)
09:39:58  Zalogovni cikel koncan; padlih korakov: 0.
09:44:46  == Zaloga NW_STOCK ==
09:44:47     SOURCE_FETCH: se ni na vrsti po razporedu; preskoceno.
09:44:48     Prebranih zapisov: 2762; SHA-256: 49d35c648fe105f37f30b6c95f5b7de7a6f311267c30c78b7c93d3a79e404342
09:44:48     STOCK_FILE pri podjetju 1: se ni na vrsti po razporedu; preskoceno.
09:44:49     Prebranih zapisov: 2762; SHA-256: 49d35c648fe105f37f30b6c95f5b7de7a6f311267c30c78b7c93d3a79e404342
09:44:49     STOCK_FILE pri podjetju 2: se ni na vrsti po razporedu; preskoceno.
09:44:50     Prebranih zapisov: 2762; SHA-256: 49d35c648fe105f37f30b6c95f5b7de7a6f311267c30c78b7c93d3a79e404342
09:44:50     STOCK_FILE pri podjetju 3: se ni na vrsti po razporedu; preskoceno.
09:44:50     Prebranih zapisov: 2762; SHA-256: 49d35c648fe105f37f30b6c95f5b7de7a6f311267c30c78b7c93d3a79e404342
09:44:51     STOCK_FILE pri podjetju 4: se ni na vrsti po razporedu; preskoceno.
09:44:51     konec: Zaloga NW_STOCK
09:44:51  == Zaloga BT_STOCK ==
09:44:52     [BT_STOCK] preskoceno: Razmik dobavitelja se tece; naslednji prenos po 31. 08. 2026 09:59.
09:44:52     Prevzem koncan: uspesno 0, neuspesno 0, skupaj virov 1.
09:44:52     Prebranih zapisov: 1393; SHA-256: 43562ec0addc4906d1df226953be10a30cf258e308286ee3476aa6d7afa53b24
09:44:53     Ta posnetek je ze v bazi; vir=BT_STOCK, podjetje=1, cas posnetka=2026-08-28 13:59:55Z, uporabljenih=1393, v karanteni=0, RunId=2b4ca138-9931-470a-84a3-8aa684ceb0cd. Zapisano ni bilo nic.
09:44:54     Prebranih zapisov: 1393; SHA-256: 43562ec0addc4906d1df226953be10a30cf258e308286ee3476aa6d7afa53b24
09:44:54     Ta posnetek je ze v bazi; vir=BT_STOCK, podjetje=2, cas posnetka=2026-08-28 13:59:55Z, uporabljenih=1393, v karanteni=0, RunId=8027e44a-b929-4555-806a-108aed5ca4b7. Zapisano ni bilo nic.
09:44:55     Prebranih zapisov: 1393; SHA-256: 43562ec0addc4906d1df226953be10a30cf258e308286ee3476aa6d7afa53b24
09:44:55     Ta posnetek je ze v bazi; vir=BT_STOCK, podjetje=3, cas posnetka=2026-08-28 13:59:55Z, uporabljenih=1393, v karanteni=0, RunId=64e9167c-24e2-4187-9972-619ca03ed99a. Zapisano ni bilo nic.
09:44:56     Prebranih zapisov: 1393; SHA-256: 43562ec0addc4906d1df226953be10a30cf258e308286ee3476aa6d7afa53b24
09:44:56     Ta posnetek je ze v bazi; vir=BT_STOCK, podjetje=4, cas posnetka=2026-08-28 13:59:55Z, uporabljenih=1393, v karanteni=0, RunId=b4c5c4f9-00b6-4352-9463-04d73f7fdd1f. Zapisano ni bilo nic.
09:44:56     konec: Zaloga BT_STOCK
09:44:56  == Zaloga iz SAOP (kolicine) ==
09:44:57     [1] SAOP_STOCK: se ni na vrsti po razporedu; preskoceno.
09:44:57     [2] SAOP_STOCK: se ni na vrsti po razporedu; preskoceno.
09:44:57     [3] SAOP_STOCK: se ni na vrsti po razporedu; preskoceno.
09:44:57     [4] SAOP_STOCK: se ni na vrsti po razporedu; preskoceno.
09:44:57     konec: Zaloga iz SAOP (kolicine)
09:44:57  Zalogovni cikel koncan; padlih korakov: 0.
09:49:46  == Zaloga NW_STOCK ==
09:49:47     SOURCE_FETCH: se ni na vrsti po razporedu; preskoceno.
09:49:48     Prebranih zapisov: 2762; SHA-256: 49d35c648fe105f37f30b6c95f5b7de7a6f311267c30c78b7c93d3a79e404342
09:49:48     STOCK_FILE pri podjetju 1: se ni na vrsti po razporedu; preskoceno.
09:49:49     Prebranih zapisov: 2762; SHA-256: 49d35c648fe105f37f30b6c95f5b7de7a6f311267c30c78b7c93d3a79e404342
09:49:49     STOCK_FILE pri podjetju 2: se ni na vrsti po razporedu; preskoceno.
09:49:50     Prebranih zapisov: 2762; SHA-256: 49d35c648fe105f37f30b6c95f5b7de7a6f311267c30c78b7c93d3a79e404342
09:49:50     STOCK_FILE pri podjetju 3: se ni na vrsti po razporedu; preskoceno.
09:49:51     Prebranih zapisov: 2762; SHA-256: 49d35c648fe105f37f30b6c95f5b7de7a6f311267c30c78b7c93d3a79e404342
09:49:51     STOCK_FILE pri podjetju 4: se ni na vrsti po razporedu; preskoceno.
09:49:51     konec: Zaloga NW_STOCK
09:49:51  == Zaloga BT_STOCK ==
09:49:52     [BT_STOCK] preskoceno: Razmik dobavitelja se tece; naslednji prenos po 31. 08. 2026 09:59.
09:49:52     Prevzem koncan: uspesno 0, neuspesno 0, skupaj virov 1.
09:49:53     Prebranih zapisov: 1393; SHA-256: 43562ec0addc4906d1df226953be10a30cf258e308286ee3476aa6d7afa53b24
09:49:53     Ta posnetek je ze v bazi; vir=BT_STOCK, podjetje=1, cas posnetka=2026-08-28 13:59:55Z, uporabljenih=1393, v karanteni=0, RunId=2b4ca138-9931-470a-84a3-8aa684ceb0cd. Zapisano ni bilo nic.
09:49:54     Prebranih zapisov: 1393; SHA-256: 43562ec0addc4906d1df226953be10a30cf258e308286ee3476aa6d7afa53b24
09:49:54     Ta posnetek je ze v bazi; vir=BT_STOCK, podjetje=2, cas posnetka=2026-08-28 13:59:55Z, uporabljenih=1393, v karanteni=0, RunId=8027e44a-b929-4555-806a-108aed5ca4b7. Zapisano ni bilo nic.
09:49:55     Prebranih zapisov: 1393; SHA-256: 43562ec0addc4906d1df226953be10a30cf258e308286ee3476aa6d7afa53b24
09:49:55     Ta posnetek je ze v bazi; vir=BT_STOCK, podjetje=3, cas posnetka=2026-08-28 13:59:55Z, uporabljenih=1393, v karanteni=0, RunId=64e9167c-24e2-4187-9972-619ca03ed99a. Zapisano ni bilo nic.
09:49:56     Prebranih zapisov: 1393; SHA-256: 43562ec0addc4906d1df226953be10a30cf258e308286ee3476aa6d7afa53b24
09:49:56     Ta posnetek je ze v bazi; vir=BT_STOCK, podjetje=4, cas posnetka=2026-08-28 13:59:55Z, uporabljenih=1393, v karanteni=0, RunId=b4c5c4f9-00b6-4352-9463-04d73f7fdd1f. Zapisano ni bilo nic.
09:49:56     konec: Zaloga BT_STOCK
09:49:56  == Zaloga iz SAOP (kolicine) ==
09:49:57     [1] SAOP_STOCK: se ni na vrsti po razporedu; preskoceno.
09:49:57     [2] SAOP_STOCK: se ni na vrsti po razporedu; preskoceno.
09:49:57     [3] SAOP_STOCK: se ni na vrsti po razporedu; preskoceno.
09:49:57     [4] SAOP_STOCK: se ni na vrsti po razporedu; preskoceno.
09:49:57     konec: Zaloga iz SAOP (kolicine)
09:49:57  Zalogovni cikel koncan; padlih korakov: 0.
09:54:46  == Zaloga NW_STOCK ==
09:54:47     SOURCE_FETCH: se ni na vrsti po razporedu; preskoceno.
09:54:48     Prebranih zapisov: 2762; SHA-256: 49d35c648fe105f37f30b6c95f5b7de7a6f311267c30c78b7c93d3a79e404342
09:54:48     STOCK_FILE pri podjetju 1: se ni na vrsti po razporedu; preskoceno.
09:54:49     Prebranih zapisov: 2762; SHA-256: 49d35c648fe105f37f30b6c95f5b7de7a6f311267c30c78b7c93d3a79e404342
09:54:49     STOCK_FILE pri podjetju 2: se ni na vrsti po razporedu; preskoceno.
09:54:50     Prebranih zapisov: 2762; SHA-256: 49d35c648fe105f37f30b6c95f5b7de7a6f311267c30c78b7c93d3a79e404342
09:54:50     STOCK_FILE pri podjetju 3: se ni na vrsti po razporedu; preskoceno.
09:54:50     Prebranih zapisov: 2762; SHA-256: 49d35c648fe105f37f30b6c95f5b7de7a6f311267c30c78b7c93d3a79e404342
09:54:51     STOCK_FILE pri podjetju 4: se ni na vrsti po razporedu; preskoceno.
09:54:51     konec: Zaloga NW_STOCK
09:54:51  == Zaloga BT_STOCK ==
09:54:52     SOURCE_FETCH: se ni na vrsti po razporedu; preskoceno.
09:54:52     Prebranih zapisov: 1393; SHA-256: 43562ec0addc4906d1df226953be10a30cf258e308286ee3476aa6d7afa53b24
09:54:53     STOCK_FILE pri podjetju 1: se ni na vrsti po razporedu; preskoceno.
09:54:53     Prebranih zapisov: 1393; SHA-256: 43562ec0addc4906d1df226953be10a30cf258e308286ee3476aa6d7afa53b24
09:54:54     STOCK_FILE pri podjetju 2: se ni na vrsti po razporedu; preskoceno.
09:54:54     Prebranih zapisov: 1393; SHA-256: 43562ec0addc4906d1df226953be10a30cf258e308286ee3476aa6d7afa53b24
09:54:55     STOCK_FILE pri podjetju 3: se ni na vrsti po razporedu; preskoceno.
09:54:55     Prebranih zapisov: 1393; SHA-256: 43562ec0addc4906d1df226953be10a30cf258e308286ee3476aa6d7afa53b24
09:54:56     STOCK_FILE pri podjetju 4: se ni na vrsti po razporedu; preskoceno.
09:54:56     konec: Zaloga BT_STOCK
09:54:56  == Zaloga iz SAOP (kolicine) ==
09:54:57     [1] SAOP_STOCK: se ni na vrsti po razporedu; preskoceno.
09:54:57     [2] SAOP_STOCK: se ni na vrsti po razporedu; preskoceno.
09:54:57     [3] SAOP_STOCK: se ni na vrsti po razporedu; preskoceno.
09:54:57     [4] SAOP_STOCK: se ni na vrsti po razporedu; preskoceno.
09:54:57     konec: Zaloga iz SAOP (kolicine)
09:54:57  Zalogovni cikel koncan; padlih korakov: 0.
09:59:46  == Zaloga NW_STOCK ==
09:59:47     [NW_STOCK] preskoceno: Razmik dobavitelja se tece; naslednji prenos po 31. 08. 2026 10:54.
09:59:47     Prevzem koncan: uspesno 0, neuspesno 0, skupaj virov 1.
09:59:48     Prebranih zapisov: 2762; SHA-256: 49d35c648fe105f37f30b6c95f5b7de7a6f311267c30c78b7c93d3a79e404342
09:59:48     Ta posnetek je ze v bazi; vir=NW_STOCK, podjetje=1, cas posnetka=2026-08-31 06:54:48Z, uporabljenih=2762, v karanteni=0, RunId=038bb8de-608e-4402-bf79-f9495e403db9. Zapisano ni bilo nic.
09:59:49     Prebranih zapisov: 2762; SHA-256: 49d35c648fe105f37f30b6c95f5b7de7a6f311267c30c78b7c93d3a79e404342
09:59:49     Ta posnetek je ze v bazi; vir=NW_STOCK, podjetje=2, cas posnetka=2026-08-31 06:54:48Z, uporabljenih=2762, v karanteni=0, RunId=8ac5f5ad-7065-4208-aa1a-a170d609ac96. Zapisano ni bilo nic.
09:59:50     Prebranih zapisov: 2762; SHA-256: 49d35c648fe105f37f30b6c95f5b7de7a6f311267c30c78b7c93d3a79e404342
09:59:50     Ta posnetek je ze v bazi; vir=NW_STOCK, podjetje=3, cas posnetka=2026-08-31 06:54:48Z, uporabljenih=2762, v karanteni=0, RunId=876828b7-be3d-47cd-99a4-ecb1edcf5206. Zapisano ni bilo nic.
09:59:51     Prebranih zapisov: 2762; SHA-256: 49d35c648fe105f37f30b6c95f5b7de7a6f311267c30c78b7c93d3a79e404342
09:59:51     Ta posnetek je ze v bazi; vir=NW_STOCK, podjetje=4, cas posnetka=2026-08-31 06:54:48Z, uporabljenih=2762, v karanteni=0, RunId=4105b2c0-8c42-4f1f-a2cd-5c0565270c7d. Zapisano ni bilo nic.
09:59:51     konec: Zaloga NW_STOCK
09:59:51  == Zaloga BT_STOCK ==
09:59:52     SOURCE_FETCH: se ni na vrsti po razporedu; preskoceno.
09:59:53     Prebranih zapisov: 1393; SHA-256: 43562ec0addc4906d1df226953be10a30cf258e308286ee3476aa6d7afa53b24
09:59:53     STOCK_FILE pri podjetju 1: se ni na vrsti po razporedu; preskoceno.
09:59:54     Prebranih zapisov: 1393; SHA-256: 43562ec0addc4906d1df226953be10a30cf258e308286ee3476aa6d7afa53b24
09:59:54     STOCK_FILE pri podjetju 2: se ni na vrsti po razporedu; preskoceno.
09:59:55     Prebranih zapisov: 1393; SHA-256: 43562ec0addc4906d1df226953be10a30cf258e308286ee3476aa6d7afa53b24
09:59:55     STOCK_FILE pri podjetju 3: se ni na vrsti po razporedu; preskoceno.
09:59:56     Prebranih zapisov: 1393; SHA-256: 43562ec0addc4906d1df226953be10a30cf258e308286ee3476aa6d7afa53b24
09:59:56     STOCK_FILE pri podjetju 4: se ni na vrsti po razporedu; preskoceno.
09:59:56     konec: Zaloga BT_STOCK
09:59:56  == Zaloga iz SAOP (kolicine) ==
09:59:57     [1] SAOP_STOCK: se ni na vrsti po razporedu; preskoceno.
09:59:57     [2] SAOP_STOCK: se ni na vrsti po razporedu; preskoceno.
09:59:57     [3] SAOP_STOCK: se ni na vrsti po razporedu; preskoceno.
09:59:57     [4] SAOP_STOCK: se ni na vrsti po razporedu; preskoceno.
09:59:57     konec: Zaloga iz SAOP (kolicine)
09:59:57  Zalogovni cikel koncan; padlih korakov: 0.
10:04:46  == Zaloga NW_STOCK ==
10:04:47     SOURCE_FETCH: se ni na vrsti po razporedu; preskoceno.
10:04:48     Prebranih zapisov: 2762; SHA-256: 49d35c648fe105f37f30b6c95f5b7de7a6f311267c30c78b7c93d3a79e404342
10:04:48     STOCK_FILE pri podjetju 1: se ni na vrsti po razporedu; preskoceno.
10:04:49     Prebranih zapisov: 2762; SHA-256: 49d35c648fe105f37f30b6c95f5b7de7a6f311267c30c78b7c93d3a79e404342
10:04:49     STOCK_FILE pri podjetju 2: se ni na vrsti po razporedu; preskoceno.
10:04:50     Prebranih zapisov: 2762; SHA-256: 49d35c648fe105f37f30b6c95f5b7de7a6f311267c30c78b7c93d3a79e404342
10:04:50     STOCK_FILE pri podjetju 3: se ni na vrsti po razporedu; preskoceno.
10:04:50     Prebranih zapisov: 2762; SHA-256: 49d35c648fe105f37f30b6c95f5b7de7a6f311267c30c78b7c93d3a79e404342
10:04:51     STOCK_FILE pri podjetju 4: se ni na vrsti po razporedu; preskoceno.
10:04:51     konec: Zaloga NW_STOCK
10:04:51  == Zaloga BT_STOCK ==
10:04:54     [BT_STOCK] prevzeto 1.587.994 bajtov -> C:\Users\david\Desktop\PIM\NoviPIM\PIM_Solution\data\prevzem\BT_STOCK\braytron-zaloga.xml
10:04:54     Prevzem koncan: uspesno 1, neuspesno 0, skupaj virov 1.
10:04:54     Prebranih zapisov: 1389; SHA-256: 058682715bffd19fff2b9f495b58263f25db718d52ac3bd0d3ec24e51395e264
10:04:56     Zaloga zapisana; vir=BT_STOCK, podjetje=1, uporabljenih=1389, v karanteni=0, RunId=04a5862b-816c-4776-a3e4-24380a64cd63.
10:04:56     Prebranih zapisov: 1389; SHA-256: 058682715bffd19fff2b9f495b58263f25db718d52ac3bd0d3ec24e51395e264
10:04:57     Zaloga zapisana; vir=BT_STOCK, podjetje=2, uporabljenih=1389, v karanteni=0, RunId=b2fddda4-27c9-44b5-b466-cc8c4679b4c5.
10:04:58     Prebranih zapisov: 1389; SHA-256: 058682715bffd19fff2b9f495b58263f25db718d52ac3bd0d3ec24e51395e264
10:04:59     Zaloga zapisana; vir=BT_STOCK, podjetje=3, uporabljenih=1389, v karanteni=0, RunId=88dc0c88-681f-4593-bc53-e5b382d183b5.
10:05:00     Prebranih zapisov: 1389; SHA-256: 058682715bffd19fff2b9f495b58263f25db718d52ac3bd0d3ec24e51395e264
10:05:00     Zaloga zapisana; vir=BT_STOCK, podjetje=4, uporabljenih=1389, v karanteni=0, RunId=93c4f991-28ff-4038-934f-758421a7eaf4.
10:05:00     konec: Zaloga BT_STOCK
10:05:00  == Zaloga iz SAOP (kolicine) ==
10:05:01     [1] SAOP_STOCK: se ni na vrsti po razporedu; preskoceno.
10:05:01     [2] SAOP_STOCK: se ni na vrsti po razporedu; preskoceno.
10:05:01     [3] SAOP_STOCK: se ni na vrsti po razporedu; preskoceno.
10:05:01     [4] SAOP_STOCK: se ni na vrsti po razporedu; preskoceno.
10:05:01     konec: Zaloga iz SAOP (kolicine)
10:05:01  Zalogovni cikel koncan; padlih korakov: 0.
10:09:46  == Zaloga NW_STOCK ==
10:09:47     SOURCE_FETCH: se ni na vrsti po razporedu; preskoceno.
10:09:48     Prebranih zapisov: 2762; SHA-256: 49d35c648fe105f37f30b6c95f5b7de7a6f311267c30c78b7c93d3a79e404342
10:09:48     STOCK_FILE pri podjetju 1: se ni na vrsti po razporedu; preskoceno.
10:09:49     Prebranih zapisov: 2762; SHA-256: 49d35c648fe105f37f30b6c95f5b7de7a6f311267c30c78b7c93d3a79e404342
10:09:49     STOCK_FILE pri podjetju 2: se ni na vrsti po razporedu; preskoceno.
10:09:50     Prebranih zapisov: 2762; SHA-256: 49d35c648fe105f37f30b6c95f5b7de7a6f311267c30c78b7c93d3a79e404342
10:09:50     STOCK_FILE pri podjetju 3: se ni na vrsti po razporedu; preskoceno.
10:09:50     Prebranih zapisov: 2762; SHA-256: 49d35c648fe105f37f30b6c95f5b7de7a6f311267c30c78b7c93d3a79e404342
10:09:51     STOCK_FILE pri podjetju 4: se ni na vrsti po razporedu; preskoceno.
10:09:51     konec: Zaloga NW_STOCK
10:09:51  == Zaloga BT_STOCK ==
10:09:52     SOURCE_FETCH: se ni na vrsti po razporedu; preskoceno.
10:09:52     Prebranih zapisov: 1389; SHA-256: 058682715bffd19fff2b9f495b58263f25db718d52ac3bd0d3ec24e51395e264
10:09:53     STOCK_FILE pri podjetju 1: se ni na vrsti po razporedu; preskoceno.
10:09:53     Prebranih zapisov: 1389; SHA-256: 058682715bffd19fff2b9f495b58263f25db718d52ac3bd0d3ec24e51395e264
10:09:54     STOCK_FILE pri podjetju 2: se ni na vrsti po razporedu; preskoceno.
10:09:54     Prebranih zapisov: 1389; SHA-256: 058682715bffd19fff2b9f495b58263f25db718d52ac3bd0d3ec24e51395e264
10:09:55     STOCK_FILE pri podjetju 3: se ni na vrsti po razporedu; preskoceno.
10:09:55     Prebranih zapisov: 1389; SHA-256: 058682715bffd19fff2b9f495b58263f25db718d52ac3bd0d3ec24e51395e264
10:09:56     STOCK_FILE pri podjetju 4: se ni na vrsti po razporedu; preskoceno.
10:09:56     konec: Zaloga BT_STOCK
10:09:56  == Zaloga iz SAOP (kolicine) ==
10:09:57     [1] SAOP_STOCK: se ni na vrsti po razporedu; preskoceno.
10:09:57     [2] SAOP_STOCK: se ni na vrsti po razporedu; preskoceno.
10:09:57     [3] SAOP_STOCK: se ni na vrsti po razporedu; preskoceno.
10:09:57     [4] SAOP_STOCK: se ni na vrsti po razporedu; preskoceno.
10:09:57     konec: Zaloga iz SAOP (kolicine)
10:09:57  Zalogovni cikel koncan; padlih korakov: 0.
10:14:46  == Zaloga NW_STOCK ==
10:14:47     [NW_STOCK] preskoceno: Razmik dobavitelja se tece; naslednji prenos po 31. 08. 2026 10:54.
10:14:47     Prevzem koncan: uspesno 0, neuspesno 0, skupaj virov 1.
10:14:48     Prebranih zapisov: 2762; SHA-256: 49d35c648fe105f37f30b6c95f5b7de7a6f311267c30c78b7c93d3a79e404342
10:14:48     Ta posnetek je ze v bazi; vir=NW_STOCK, podjetje=1, cas posnetka=2026-08-31 06:54:48Z, uporabljenih=2762, v karanteni=0, RunId=038bb8de-608e-4402-bf79-f9495e403db9. Zapisano ni bilo nic.
10:14:49     Prebranih zapisov: 2762; SHA-256: 49d35c648fe105f37f30b6c95f5b7de7a6f311267c30c78b7c93d3a79e404342
10:14:49     Ta posnetek je ze v bazi; vir=NW_STOCK, podjetje=2, cas posnetka=2026-08-31 06:54:48Z, uporabljenih=2762, v karanteni=0, RunId=8ac5f5ad-7065-4208-aa1a-a170d609ac96. Zapisano ni bilo nic.
10:14:50     Prebranih zapisov: 2762; SHA-256: 49d35c648fe105f37f30b6c95f5b7de7a6f311267c30c78b7c93d3a79e404342
10:14:50     Ta posnetek je ze v bazi; vir=NW_STOCK, podjetje=3, cas posnetka=2026-08-31 06:54:48Z, uporabljenih=2762, v karanteni=0, RunId=876828b7-be3d-47cd-99a4-ecb1edcf5206. Zapisano ni bilo nic.
10:14:51     Prebranih zapisov: 2762; SHA-256: 49d35c648fe105f37f30b6c95f5b7de7a6f311267c30c78b7c93d3a79e404342
10:14:51     Ta posnetek je ze v bazi; vir=NW_STOCK, podjetje=4, cas posnetka=2026-08-31 06:54:48Z, uporabljenih=2762, v karanteni=0, RunId=4105b2c0-8c42-4f1f-a2cd-5c0565270c7d. Zapisano ni bilo nic.
10:14:51     konec: Zaloga NW_STOCK
10:14:51  == Zaloga BT_STOCK ==
10:14:52     SOURCE_FETCH: se ni na vrsti po razporedu; preskoceno.
10:14:53     Prebranih zapisov: 1389; SHA-256: 058682715bffd19fff2b9f495b58263f25db718d52ac3bd0d3ec24e51395e264
10:14:53     STOCK_FILE pri podjetju 1: se ni na vrsti po razporedu; preskoceno.
10:14:54     Prebranih zapisov: 1389; SHA-256: 058682715bffd19fff2b9f495b58263f25db718d52ac3bd0d3ec24e51395e264
10:14:54     STOCK_FILE pri podjetju 2: se ni na vrsti po razporedu; preskoceno.
10:14:55     Prebranih zapisov: 1389; SHA-256: 058682715bffd19fff2b9f495b58263f25db718d52ac3bd0d3ec24e51395e264
10:14:55     STOCK_FILE pri podjetju 3: se ni na vrsti po razporedu; preskoceno.
10:14:56     Prebranih zapisov: 1389; SHA-256: 058682715bffd19fff2b9f495b58263f25db718d52ac3bd0d3ec24e51395e264
10:14:56     STOCK_FILE pri podjetju 4: se ni na vrsti po razporedu; preskoceno.
10:14:56     konec: Zaloga BT_STOCK
10:14:56  == Zaloga iz SAOP (kolicine) ==
10:14:57     [1] SAOP_STOCK: se ni na vrsti po razporedu; preskoceno.
10:14:57     [2] SAOP_STOCK: se ni na vrsti po razporedu; preskoceno.
10:14:57     [3] SAOP_STOCK: se ni na vrsti po razporedu; preskoceno.
10:14:57     [4] SAOP_STOCK: se ni na vrsti po razporedu; preskoceno.
10:14:57     konec: Zaloga iz SAOP (kolicine)
10:14:57  Zalogovni cikel koncan; padlih korakov: 0.
10:19:46  == Zaloga NW_STOCK ==
10:19:47     SOURCE_FETCH: se ni na vrsti po razporedu; preskoceno.
10:19:48     Prebranih zapisov: 2762; SHA-256: 49d35c648fe105f37f30b6c95f5b7de7a6f311267c30c78b7c93d3a79e404342
10:19:48     STOCK_FILE pri podjetju 1: se ni na vrsti po razporedu; preskoceno.
10:19:49     Prebranih zapisov: 2762; SHA-256: 49d35c648fe105f37f30b6c95f5b7de7a6f311267c30c78b7c93d3a79e404342
10:19:49     STOCK_FILE pri podjetju 2: se ni na vrsti po razporedu; preskoceno.
10:19:50     Prebranih zapisov: 2762; SHA-256: 49d35c648fe105f37f30b6c95f5b7de7a6f311267c30c78b7c93d3a79e404342
10:19:50     STOCK_FILE pri podjetju 3: se ni na vrsti po razporedu; preskoceno.
10:19:51     Prebranih zapisov: 2762; SHA-256: 49d35c648fe105f37f30b6c95f5b7de7a6f311267c30c78b7c93d3a79e404342
10:19:51     STOCK_FILE pri podjetju 4: se ni na vrsti po razporedu; preskoceno.
10:19:51     konec: Zaloga NW_STOCK
10:19:51  == Zaloga BT_STOCK ==
10:19:52     [BT_STOCK] preskoceno: Razmik dobavitelja se tece; naslednji prenos po 31. 08. 2026 13:04.
10:19:52     Prevzem koncan: uspesno 0, neuspesno 0, skupaj virov 1.
10:19:52     Prebranih zapisov: 1389; SHA-256: 058682715bffd19fff2b9f495b58263f25db718d52ac3bd0d3ec24e51395e264
10:19:53     Ta posnetek je ze v bazi; vir=BT_STOCK, podjetje=1, cas posnetka=2026-08-31 08:04:54Z, uporabljenih=1389, v karanteni=0, RunId=04a5862b-816c-4776-a3e4-24380a64cd63. Zapisano ni bilo nic.
10:19:54     Prebranih zapisov: 1389; SHA-256: 058682715bffd19fff2b9f495b58263f25db718d52ac3bd0d3ec24e51395e264
10:19:54     Ta posnetek je ze v bazi; vir=BT_STOCK, podjetje=2, cas posnetka=2026-08-31 08:04:54Z, uporabljenih=1389, v karanteni=0, RunId=b2fddda4-27c9-44b5-b466-cc8c4679b4c5. Zapisano ni bilo nic.
10:19:55     Prebranih zapisov: 1389; SHA-256: 058682715bffd19fff2b9f495b58263f25db718d52ac3bd0d3ec24e51395e264
10:19:55     Ta posnetek je ze v bazi; vir=BT_STOCK, podjetje=3, cas posnetka=2026-08-31 08:04:54Z, uporabljenih=1389, v karanteni=0, RunId=88dc0c88-681f-4593-bc53-e5b382d183b5. Zapisano ni bilo nic.
10:19:56     Prebranih zapisov: 1389; SHA-256: 058682715bffd19fff2b9f495b58263f25db718d52ac3bd0d3ec24e51395e264
10:19:56     Ta posnetek je ze v bazi; vir=BT_STOCK, podjetje=4, cas posnetka=2026-08-31 08:04:54Z, uporabljenih=1389, v karanteni=0, RunId=93c4f991-28ff-4038-934f-758421a7eaf4. Zapisano ni bilo nic.
10:19:56     konec: Zaloga BT_STOCK
10:19:56  == Zaloga iz SAOP (kolicine) ==
10:19:57     [1] SAOP_STOCK: se ni na vrsti po razporedu; preskoceno.
10:19:57     [2] SAOP_STOCK: se ni na vrsti po razporedu; preskoceno.
10:19:57     [3] SAOP_STOCK: se ni na vrsti po razporedu; preskoceno.
10:19:57     [4] SAOP_STOCK: se ni na vrsti po razporedu; preskoceno.
10:19:57     konec: Zaloga iz SAOP (kolicine)
10:19:57  Zalogovni cikel koncan; padlih korakov: 0.
10:24:46  == Zaloga NW_STOCK ==
10:24:47     SOURCE_FETCH: se ni na vrsti po razporedu; preskoceno.
10:24:48     Prebranih zapisov: 2762; SHA-256: 49d35c648fe105f37f30b6c95f5b7de7a6f311267c30c78b7c93d3a79e404342
10:24:48     STOCK_FILE pri podjetju 1: se ni na vrsti po razporedu; preskoceno.
10:24:49     Prebranih zapisov: 2762; SHA-256: 49d35c648fe105f37f30b6c95f5b7de7a6f311267c30c78b7c93d3a79e404342
10:24:49     STOCK_FILE pri podjetju 2: se ni na vrsti po razporedu; preskoceno.
10:24:50     Prebranih zapisov: 2762; SHA-256: 49d35c648fe105f37f30b6c95f5b7de7a6f311267c30c78b7c93d3a79e404342
10:24:50     STOCK_FILE pri podjetju 3: se ni na vrsti po razporedu; preskoceno.
10:24:51     Prebranih zapisov: 2762; SHA-256: 49d35c648fe105f37f30b6c95f5b7de7a6f311267c30c78b7c93d3a79e404342
10:24:51     STOCK_FILE pri podjetju 4: se ni na vrsti po razporedu; preskoceno.
10:24:51     konec: Zaloga NW_STOCK
10:24:51  == Zaloga BT_STOCK ==
10:24:52     SOURCE_FETCH: se ni na vrsti po razporedu; preskoceno.
10:24:52     Prebranih zapisov: 1389; SHA-256: 058682715bffd19fff2b9f495b58263f25db718d52ac3bd0d3ec24e51395e264
10:24:53     STOCK_FILE pri podjetju 1: se ni na vrsti po razporedu; preskoceno.
10:24:53     Prebranih zapisov: 1389; SHA-256: 058682715bffd19fff2b9f495b58263f25db718d52ac3bd0d3ec24e51395e264
10:24:54     STOCK_FILE pri podjetju 2: se ni na vrsti po razporedu; preskoceno.
10:24:54     Prebranih zapisov: 1389; SHA-256: 058682715bffd19fff2b9f495b58263f25db718d52ac3bd0d3ec24e51395e264
10:24:55     STOCK_FILE pri podjetju 3: se ni na vrsti po razporedu; preskoceno.
10:24:55     Prebranih zapisov: 1389; SHA-256: 058682715bffd19fff2b9f495b58263f25db718d52ac3bd0d3ec24e51395e264
10:24:56     STOCK_FILE pri podjetju 4: se ni na vrsti po razporedu; preskoceno.
10:24:56     konec: Zaloga BT_STOCK
10:24:56  == Zaloga iz SAOP (kolicine) ==
10:24:57     [1] SAOP_STOCK: se ni na vrsti po razporedu; preskoceno.
10:24:57     [2] SAOP_STOCK: se ni na vrsti po razporedu; preskoceno.
10:24:57     [3] SAOP_STOCK: se ni na vrsti po razporedu; preskoceno.
10:24:57     [4] SAOP_STOCK: se ni na vrsti po razporedu; preskoceno.
10:24:57     konec: Zaloga iz SAOP (kolicine)
10:24:57  Zalogovni cikel koncan; padlih korakov: 0.
10:29:46  == Zaloga NW_STOCK ==
10:29:47     [NW_STOCK] preskoceno: Razmik dobavitelja se tece; naslednji prenos po 31. 08. 2026 10:54.
10:29:47     Prevzem koncan: uspesno 0, neuspesno 0, skupaj virov 1.
10:29:48     Prebranih zapisov: 2762; SHA-256: 49d35c648fe105f37f30b6c95f5b7de7a6f311267c30c78b7c93d3a79e404342
10:29:48     Ta posnetek je ze v bazi; vir=NW_STOCK, podjetje=1, cas posnetka=2026-08-31 06:54:48Z, uporabljenih=2762, v karanteni=0, RunId=038bb8de-608e-4402-bf79-f9495e403db9. Zapisano ni bilo nic.
10:29:49     Prebranih zapisov: 2762; SHA-256: 49d35c648fe105f37f30b6c95f5b7de7a6f311267c30c78b7c93d3a79e404342
10:29:49     Ta posnetek je ze v bazi; vir=NW_STOCK, podjetje=2, cas posnetka=2026-08-31 06:54:48Z, uporabljenih=2762, v karanteni=0, RunId=8ac5f5ad-7065-4208-aa1a-a170d609ac96. Zapisano ni bilo nic.
10:29:50     Prebranih zapisov: 2762; SHA-256: 49d35c648fe105f37f30b6c95f5b7de7a6f311267c30c78b7c93d3a79e404342
10:29:50     Ta posnetek je ze v bazi; vir=NW_STOCK, podjetje=3, cas posnetka=2026-08-31 06:54:48Z, uporabljenih=2762, v karanteni=0, RunId=876828b7-be3d-47cd-99a4-ecb1edcf5206. Zapisano ni bilo nic.
10:29:51     Prebranih zapisov: 2762; SHA-256: 49d35c648fe105f37f30b6c95f5b7de7a6f311267c30c78b7c93d3a79e404342
10:29:51     Ta posnetek je ze v bazi; vir=NW_STOCK, podjetje=4, cas posnetka=2026-08-31 06:54:48Z, uporabljenih=2762, v karanteni=0, RunId=4105b2c0-8c42-4f1f-a2cd-5c0565270c7d. Zapisano ni bilo nic.
10:29:51     konec: Zaloga NW_STOCK
10:29:51  == Zaloga BT_STOCK ==
10:29:52     SOURCE_FETCH: se ni na vrsti po razporedu; preskoceno.
10:29:53     Prebranih zapisov: 1389; SHA-256: 058682715bffd19fff2b9f495b58263f25db718d52ac3bd0d3ec24e51395e264
10:29:53     STOCK_FILE pri podjetju 1: se ni na vrsti po razporedu; preskoceno.
10:29:54     Prebranih zapisov: 1389; SHA-256: 058682715bffd19fff2b9f495b58263f25db718d52ac3bd0d3ec24e51395e264
10:29:54     STOCK_FILE pri podjetju 2: se ni na vrsti po razporedu; preskoceno.
10:29:55     Prebranih zapisov: 1389; SHA-256: 058682715bffd19fff2b9f495b58263f25db718d52ac3bd0d3ec24e51395e264
10:29:55     STOCK_FILE pri podjetju 3: se ni na vrsti po razporedu; preskoceno.
10:29:56     Prebranih zapisov: 1389; SHA-256: 058682715bffd19fff2b9f495b58263f25db718d52ac3bd0d3ec24e51395e264
10:29:56     STOCK_FILE pri podjetju 4: se ni na vrsti po razporedu; preskoceno.
10:29:56     konec: Zaloga BT_STOCK
10:29:56  == Zaloga iz SAOP (kolicine) ==
10:29:57     [1] SAOP_STOCK: se ni na vrsti po razporedu; preskoceno.
10:29:57     [2] SAOP_STOCK: se ni na vrsti po razporedu; preskoceno.
10:29:57     [3] SAOP_STOCK: se ni na vrsti po razporedu; preskoceno.
10:29:57     [4] SAOP_STOCK: se ni na vrsti po razporedu; preskoceno.
10:29:57     konec: Zaloga iz SAOP (kolicine)
10:29:57  Zalogovni cikel koncan; padlih korakov: 0.
10:34:46  == Zaloga NW_STOCK ==
10:34:47     [NW_STOCK] preskoceno: Razmik dobavitelja se tece; naslednji prenos po 31. 08. 2026 10:54.
10:34:47     Prevzem koncan: uspesno 0, neuspesno 0, skupaj virov 1.
10:34:48     Prebranih zapisov: 2762; SHA-256: 49d35c648fe105f37f30b6c95f5b7de7a6f311267c30c78b7c93d3a79e404342
10:34:48     Ta posnetek je ze v bazi; vir=NW_STOCK, podjetje=1, cas posnetka=2026-08-31 06:54:48Z, uporabljenih=2762, v karanteni=0, RunId=038bb8de-608e-4402-bf79-f9495e403db9. Zapisano ni bilo nic.
10:34:49     Prebranih zapisov: 2762; SHA-256: 49d35c648fe105f37f30b6c95f5b7de7a6f311267c30c78b7c93d3a79e404342
10:34:49     Ta posnetek je ze v bazi; vir=NW_STOCK, podjetje=2, cas posnetka=2026-08-31 06:54:48Z, uporabljenih=2762, v karanteni=0, RunId=8ac5f5ad-7065-4208-aa1a-a170d609ac96. Zapisano ni bilo nic.
10:34:50     Prebranih zapisov: 2762; SHA-256: 49d35c648fe105f37f30b6c95f5b7de7a6f311267c30c78b7c93d3a79e404342
10:34:50     Ta posnetek je ze v bazi; vir=NW_STOCK, podjetje=3, cas posnetka=2026-08-31 06:54:48Z, uporabljenih=2762, v karanteni=0, RunId=876828b7-be3d-47cd-99a4-ecb1edcf5206. Zapisano ni bilo nic.
10:34:51     Prebranih zapisov: 2762; SHA-256: 49d35c648fe105f37f30b6c95f5b7de7a6f311267c30c78b7c93d3a79e404342
10:34:51     STOCK_FILE pri podjetju 4: se ni na vrsti po razporedu; preskoceno.
10:34:51     konec: Zaloga NW_STOCK
10:34:51  == Zaloga BT_STOCK ==
10:34:52     SOURCE_FETCH: se ni na vrsti po razporedu; preskoceno.
10:34:53     Prebranih zapisov: 1389; SHA-256: 058682715bffd19fff2b9f495b58263f25db718d52ac3bd0d3ec24e51395e264
10:34:53     STOCK_FILE pri podjetju 1: se ni na vrsti po razporedu; preskoceno.
10:34:54     Prebranih zapisov: 1389; SHA-256: 058682715bffd19fff2b9f495b58263f25db718d52ac3bd0d3ec24e51395e264
10:34:54     STOCK_FILE pri podjetju 2: se ni na vrsti po razporedu; preskoceno.
10:34:55     Prebranih zapisov: 1389; SHA-256: 058682715bffd19fff2b9f495b58263f25db718d52ac3bd0d3ec24e51395e264
10:34:55     STOCK_FILE pri podjetju 3: se ni na vrsti po razporedu; preskoceno.
10:34:56     Prebranih zapisov: 1389; SHA-256: 058682715bffd19fff2b9f495b58263f25db718d52ac3bd0d3ec24e51395e264
10:34:56     Ta posnetek je ze v bazi; vir=BT_STOCK, podjetje=4, cas posnetka=2026-08-31 08:04:54Z, uporabljenih=1389, v karanteni=0, RunId=93c4f991-28ff-4038-934f-758421a7eaf4. Zapisano ni bilo nic.
10:34:56     konec: Zaloga BT_STOCK
10:34:56  == Zaloga iz SAOP (kolicine) ==
10:34:57     [1] SAOP_STOCK: se ni na vrsti po razporedu; preskoceno.
10:34:57     [2] SAOP_STOCK: se ni na vrsti po razporedu; preskoceno.
10:34:57     [3] SAOP_STOCK: se ni na vrsti po razporedu; preskoceno.
10:34:57     [4] SAOP_STOCK: se ni na vrsti po razporedu; preskoceno.
10:34:57     konec: Zaloga iz SAOP (kolicine)
10:34:57  Zalogovni cikel koncan; padlih korakov: 0.
10:39:46  == Zaloga NW_STOCK ==
10:39:47     SOURCE_FETCH: se ni na vrsti po razporedu; preskoceno.
10:39:48     Prebranih zapisov: 2762; SHA-256: 49d35c648fe105f37f30b6c95f5b7de7a6f311267c30c78b7c93d3a79e404342
10:39:48     STOCK_FILE pri podjetju 1: se ni na vrsti po razporedu; preskoceno.
10:39:49     Prebranih zapisov: 2762; SHA-256: 49d35c648fe105f37f30b6c95f5b7de7a6f311267c30c78b7c93d3a79e404342
10:39:49     STOCK_FILE pri podjetju 2: se ni na vrsti po razporedu; preskoceno.
10:39:50     Prebranih zapisov: 2762; SHA-256: 49d35c648fe105f37f30b6c95f5b7de7a6f311267c30c78b7c93d3a79e404342
10:39:50     STOCK_FILE pri podjetju 3: se ni na vrsti po razporedu; preskoceno.
10:39:51     Prebranih zapisov: 2762; SHA-256: 49d35c648fe105f37f30b6c95f5b7de7a6f311267c30c78b7c93d3a79e404342
10:39:51     STOCK_FILE pri podjetju 4: se ni na vrsti po razporedu; preskoceno.
10:39:51     konec: Zaloga NW_STOCK
10:39:51  == Zaloga BT_STOCK ==
10:39:52     [BT_STOCK] preskoceno: Razmik dobavitelja se tece; naslednji prenos po 31. 08. 2026 13:04.
10:39:52     Prevzem koncan: uspesno 0, neuspesno 0, skupaj virov 1.
10:39:52     Prebranih zapisov: 1389; SHA-256: 058682715bffd19fff2b9f495b58263f25db718d52ac3bd0d3ec24e51395e264
10:39:53     Ta posnetek je ze v bazi; vir=BT_STOCK, podjetje=1, cas posnetka=2026-08-31 08:04:54Z, uporabljenih=1389, v karanteni=0, RunId=04a5862b-816c-4776-a3e4-24380a64cd63. Zapisano ni bilo nic.
10:39:54     Prebranih zapisov: 1389; SHA-256: 058682715bffd19fff2b9f495b58263f25db718d52ac3bd0d3ec24e51395e264
10:39:54     Ta posnetek je ze v bazi; vir=BT_STOCK, podjetje=2, cas posnetka=2026-08-31 08:04:54Z, uporabljenih=1389, v karanteni=0, RunId=b2fddda4-27c9-44b5-b466-cc8c4679b4c5. Zapisano ni bilo nic.
10:39:55     Prebranih zapisov: 1389; SHA-256: 058682715bffd19fff2b9f495b58263f25db718d52ac3bd0d3ec24e51395e264
10:39:55     Ta posnetek je ze v bazi; vir=BT_STOCK, podjetje=3, cas posnetka=2026-08-31 08:04:54Z, uporabljenih=1389, v karanteni=0, RunId=88dc0c88-681f-4593-bc53-e5b382d183b5. Zapisano ni bilo nic.
10:39:56     Prebranih zapisov: 1389; SHA-256: 058682715bffd19fff2b9f495b58263f25db718d52ac3bd0d3ec24e51395e264
10:39:56     Ta posnetek je ze v bazi; vir=BT_STOCK, podjetje=4, cas posnetka=2026-08-31 08:04:54Z, uporabljenih=1389, v karanteni=0, RunId=93c4f991-28ff-4038-934f-758421a7eaf4. Zapisano ni bilo nic.
10:39:56     konec: Zaloga BT_STOCK
10:39:56  == Zaloga iz SAOP (kolicine) ==
10:39:57     [1] SAOP_STOCK: se ni na vrsti po razporedu; preskoceno.
10:39:57     [2] SAOP_STOCK: se ni na vrsti po razporedu; preskoceno.
10:39:57     [3] SAOP_STOCK: se ni na vrsti po razporedu; preskoceno.
10:39:57     [4] SAOP_STOCK: se ni na vrsti po razporedu; preskoceno.
10:39:57     konec: Zaloga iz SAOP (kolicine)
10:39:57  Zalogovni cikel koncan; padlih korakov: 0.
10:44:46  == Zaloga NW_STOCK ==
10:44:47     SOURCE_FETCH: se ni na vrsti po razporedu; preskoceno.
10:44:48     Prebranih zapisov: 2762; SHA-256: 49d35c648fe105f37f30b6c95f5b7de7a6f311267c30c78b7c93d3a79e404342
10:44:48     STOCK_FILE pri podjetju 1: se ni na vrsti po razporedu; preskoceno.
10:44:49     Prebranih zapisov: 2762; SHA-256: 49d35c648fe105f37f30b6c95f5b7de7a6f311267c30c78b7c93d3a79e404342
10:44:49     STOCK_FILE pri podjetju 2: se ni na vrsti po razporedu; preskoceno.
10:44:50     Prebranih zapisov: 2762; SHA-256: 49d35c648fe105f37f30b6c95f5b7de7a6f311267c30c78b7c93d3a79e404342
10:44:50     STOCK_FILE pri podjetju 3: se ni na vrsti po razporedu; preskoceno.
10:44:51     Prebranih zapisov: 2762; SHA-256: 49d35c648fe105f37f30b6c95f5b7de7a6f311267c30c78b7c93d3a79e404342
10:44:51     STOCK_FILE pri podjetju 4: se ni na vrsti po razporedu; preskoceno.
10:44:51     konec: Zaloga NW_STOCK
10:44:51  == Zaloga BT_STOCK ==
10:44:52     [BT_STOCK] preskoceno: Razmik dobavitelja se tece; naslednji prenos po 31. 08. 2026 13:04.
10:44:52     Prevzem koncan: uspesno 0, neuspesno 0, skupaj virov 1.
10:44:53     Prebranih zapisov: 1389; SHA-256: 058682715bffd19fff2b9f495b58263f25db718d52ac3bd0d3ec24e51395e264
10:44:53     STOCK_FILE pri podjetju 1: se ni na vrsti po razporedu; preskoceno.
10:44:53     Prebranih zapisov: 1389; SHA-256: 058682715bffd19fff2b9f495b58263f25db718d52ac3bd0d3ec24e51395e264
10:44:54     STOCK_FILE pri podjetju 2: se ni na vrsti po razporedu; preskoceno.
10:44:54     Prebranih zapisov: 1389; SHA-256: 058682715bffd19fff2b9f495b58263f25db718d52ac3bd0d3ec24e51395e264
10:44:55     STOCK_FILE pri podjetju 3: se ni na vrsti po razporedu; preskoceno.
10:44:55     Prebranih zapisov: 1389; SHA-256: 058682715bffd19fff2b9f495b58263f25db718d52ac3bd0d3ec24e51395e264
10:44:56     STOCK_FILE pri podjetju 4: se ni na vrsti po razporedu; preskoceno.
10:44:56     konec: Zaloga BT_STOCK
10:44:56  == Zaloga iz SAOP (kolicine) ==
10:44:57     [1] SAOP_STOCK: se ni na vrsti po razporedu; preskoceno.
10:44:57     [2] SAOP_STOCK: se ni na vrsti po razporedu; preskoceno.
10:44:57     [3] SAOP_STOCK: se ni na vrsti po razporedu; preskoceno.
10:44:57     [4] SAOP_STOCK: se ni na vrsti po razporedu; preskoceno.
10:44:57     konec: Zaloga iz SAOP (kolicine)
10:44:57  Zalogovni cikel koncan; padlih korakov: 0.
10:49:46  == Zaloga NW_STOCK ==
10:49:47     SOURCE_FETCH: se ni na vrsti po razporedu; preskoceno.
10:49:48     Prebranih zapisov: 2762; SHA-256: 49d35c648fe105f37f30b6c95f5b7de7a6f311267c30c78b7c93d3a79e404342
10:49:48     Ta posnetek je ze v bazi; vir=NW_STOCK, podjetje=1, cas posnetka=2026-08-31 06:54:48Z, uporabljenih=2762, v karanteni=0, RunId=038bb8de-608e-4402-bf79-f9495e403db9. Zapisano ni bilo nic.
10:49:49     Prebranih zapisov: 2762; SHA-256: 49d35c648fe105f37f30b6c95f5b7de7a6f311267c30c78b7c93d3a79e404342
10:49:49     Ta posnetek je ze v bazi; vir=NW_STOCK, podjetje=2, cas posnetka=2026-08-31 06:54:48Z, uporabljenih=2762, v karanteni=0, RunId=8ac5f5ad-7065-4208-aa1a-a170d609ac96. Zapisano ni bilo nic.
10:49:50     Prebranih zapisov: 2762; SHA-256: 49d35c648fe105f37f30b6c95f5b7de7a6f311267c30c78b7c93d3a79e404342
10:49:50     Ta posnetek je ze v bazi; vir=NW_STOCK, podjetje=3, cas posnetka=2026-08-31 06:54:48Z, uporabljenih=2762, v karanteni=0, RunId=876828b7-be3d-47cd-99a4-ecb1edcf5206. Zapisano ni bilo nic.
10:49:51     Prebranih zapisov: 2762; SHA-256: 49d35c648fe105f37f30b6c95f5b7de7a6f311267c30c78b7c93d3a79e404342
10:49:51     Ta posnetek je ze v bazi; vir=NW_STOCK, podjetje=4, cas posnetka=2026-08-31 06:54:48Z, uporabljenih=2762, v karanteni=0, RunId=4105b2c0-8c42-4f1f-a2cd-5c0565270c7d. Zapisano ni bilo nic.
10:49:51     konec: Zaloga NW_STOCK
10:49:51  == Zaloga BT_STOCK ==
10:49:52     [BT_STOCK] preskoceno: Razmik dobavitelja se tece; naslednji prenos po 31. 08. 2026 13:04.
10:49:52     Prevzem koncan: uspesno 0, neuspesno 0, skupaj virov 1.
10:49:53     Prebranih zapisov: 1389; SHA-256: 058682715bffd19fff2b9f495b58263f25db718d52ac3bd0d3ec24e51395e264
10:49:53     STOCK_FILE pri podjetju 1: se ni na vrsti po razporedu; preskoceno.
10:49:54     Prebranih zapisov: 1389; SHA-256: 058682715bffd19fff2b9f495b58263f25db718d52ac3bd0d3ec24e51395e264
10:49:54     STOCK_FILE pri podjetju 2: se ni na vrsti po razporedu; preskoceno.
10:49:55     Prebranih zapisov: 1389; SHA-256: 058682715bffd19fff2b9f495b58263f25db718d52ac3bd0d3ec24e51395e264
10:49:55     STOCK_FILE pri podjetju 3: se ni na vrsti po razporedu; preskoceno.
10:49:56     Prebranih zapisov: 1389; SHA-256: 058682715bffd19fff2b9f495b58263f25db718d52ac3bd0d3ec24e51395e264
10:49:56     STOCK_FILE pri podjetju 4: se ni na vrsti po razporedu; preskoceno.
10:49:56     konec: Zaloga BT_STOCK
10:49:56  == Zaloga iz SAOP (kolicine) ==
10:49:57     [1] SAOP_STOCK: se ni na vrsti po razporedu; preskoceno.
10:49:57     [2] SAOP_STOCK: se ni na vrsti po razporedu; preskoceno.
10:49:57     [3] SAOP_STOCK: se ni na vrsti po razporedu; preskoceno.
10:49:57     [4] SAOP_STOCK: se ni na vrsti po razporedu; preskoceno.
10:49:57     konec: Zaloga iz SAOP (kolicine)
10:49:57  Zalogovni cikel koncan; padlih korakov: 0.
10:54:46  == Zaloga NW_STOCK ==
10:54:47     SOURCE_FETCH: se ni na vrsti po razporedu; preskoceno.
10:54:48     Prebranih zapisov: 2762; SHA-256: 49d35c648fe105f37f30b6c95f5b7de7a6f311267c30c78b7c93d3a79e404342
10:54:48     STOCK_FILE pri podjetju 1: se ni na vrsti po razporedu; preskoceno.
10:54:49     Prebranih zapisov: 2762; SHA-256: 49d35c648fe105f37f30b6c95f5b7de7a6f311267c30c78b7c93d3a79e404342
10:54:49     STOCK_FILE pri podjetju 2: se ni na vrsti po razporedu; preskoceno.
10:54:50     Prebranih zapisov: 2762; SHA-256: 49d35c648fe105f37f30b6c95f5b7de7a6f311267c30c78b7c93d3a79e404342
10:54:50     STOCK_FILE pri podjetju 3: se ni na vrsti po razporedu; preskoceno.
10:54:51     Prebranih zapisov: 2762; SHA-256: 49d35c648fe105f37f30b6c95f5b7de7a6f311267c30c78b7c93d3a79e404342
10:54:51     STOCK_FILE pri podjetju 4: se ni na vrsti po razporedu; preskoceno.
10:54:51     konec: Zaloga NW_STOCK
10:54:51  == Zaloga BT_STOCK ==
10:54:52     SOURCE_FETCH: se ni na vrsti po razporedu; preskoceno.
10:54:52     Prebranih zapisov: 1389; SHA-256: 058682715bffd19fff2b9f495b58263f25db718d52ac3bd0d3ec24e51395e264
10:54:53     Ta posnetek je ze v bazi; vir=BT_STOCK, podjetje=1, cas posnetka=2026-08-31 08:04:54Z, uporabljenih=1389, v karanteni=0, RunId=04a5862b-816c-4776-a3e4-24380a64cd63. Zapisano ni bilo nic.
10:54:54     Prebranih zapisov: 1389; SHA-256: 058682715bffd19fff2b9f495b58263f25db718d52ac3bd0d3ec24e51395e264
10:54:54     Ta posnetek je ze v bazi; vir=BT_STOCK, podjetje=2, cas posnetka=2026-08-31 08:04:54Z, uporabljenih=1389, v karanteni=0, RunId=b2fddda4-27c9-44b5-b466-cc8c4679b4c5. Zapisano ni bilo nic.
10:54:55     Prebranih zapisov: 1389; SHA-256: 058682715bffd19fff2b9f495b58263f25db718d52ac3bd0d3ec24e51395e264
10:54:55     Ta posnetek je ze v bazi; vir=BT_STOCK, podjetje=3, cas posnetka=2026-08-31 08:04:54Z, uporabljenih=1389, v karanteni=0, RunId=88dc0c88-681f-4593-bc53-e5b382d183b5. Zapisano ni bilo nic.
10:54:56     Prebranih zapisov: 1389; SHA-256: 058682715bffd19fff2b9f495b58263f25db718d52ac3bd0d3ec24e51395e264
10:54:56     Ta posnetek je ze v bazi; vir=BT_STOCK, podjetje=4, cas posnetka=2026-08-31 08:04:54Z, uporabljenih=1389, v karanteni=0, RunId=93c4f991-28ff-4038-934f-758421a7eaf4. Zapisano ni bilo nic.
10:54:56     konec: Zaloga BT_STOCK
10:54:56  == Zaloga iz SAOP (kolicine) ==
10:54:57     [1] SAOP_STOCK: se ni na vrsti po razporedu; preskoceno.
10:54:57     [2] SAOP_STOCK: se ni na vrsti po razporedu; preskoceno.
10:54:57     [3] SAOP_STOCK: se ni na vrsti po razporedu; preskoceno.
10:54:57     [4] SAOP_STOCK: se ni na vrsti po razporedu; preskoceno.
10:54:57     konec: Zaloga iz SAOP (kolicine)
10:54:57  Zalogovni cikel koncan; padlih korakov: 0.
10:59:46  == Zaloga NW_STOCK ==
10:59:48     [NW_STOCK] prevzeto 87.180 bajtov -> C:\Users\david\Desktop\PIM\NoviPIM\PIM_Solution\data\prevzem\NW_STOCK\nw-zaloga.csv
10:59:48     Prevzem koncan: uspesno 1, neuspesno 0, skupaj virov 1.
10:59:49     Prebranih zapisov: 2762; SHA-256: a01bf1d5b7184cf901ee78b0e2d3dbfb44a5def1453d19ae7204a070cb3c160c
10:59:49     STOCK_FILE pri podjetju 1: se ni na vrsti po razporedu; preskoceno.
10:59:50     Prebranih zapisov: 2762; SHA-256: a01bf1d5b7184cf901ee78b0e2d3dbfb44a5def1453d19ae7204a070cb3c160c
10:59:50     STOCK_FILE pri podjetju 2: se ni na vrsti po razporedu; preskoceno.
10:59:51     Prebranih zapisov: 2762; SHA-256: a01bf1d5b7184cf901ee78b0e2d3dbfb44a5def1453d19ae7204a070cb3c160c
10:59:51     STOCK_FILE pri podjetju 3: se ni na vrsti po razporedu; preskoceno.
10:59:52     Prebranih zapisov: 2762; SHA-256: a01bf1d5b7184cf901ee78b0e2d3dbfb44a5def1453d19ae7204a070cb3c160c
10:59:52     STOCK_FILE pri podjetju 4: se ni na vrsti po razporedu; preskoceno.
10:59:52     konec: Zaloga NW_STOCK
10:59:52  == Zaloga BT_STOCK ==
10:59:53     SOURCE_FETCH: se ni na vrsti po razporedu; preskoceno.
10:59:53     Prebranih zapisov: 1389; SHA-256: 058682715bffd19fff2b9f495b58263f25db718d52ac3bd0d3ec24e51395e264
10:59:54     Ta posnetek je ze v bazi; vir=BT_STOCK, podjetje=1, cas posnetka=2026-08-31 08:04:54Z, uporabljenih=1389, v karanteni=0, RunId=04a5862b-816c-4776-a3e4-24380a64cd63. Zapisano ni bilo nic.
10:59:54     Prebranih zapisov: 1389; SHA-256: 058682715bffd19fff2b9f495b58263f25db718d52ac3bd0d3ec24e51395e264
10:59:55     Ta posnetek je ze v bazi; vir=BT_STOCK, podjetje=2, cas posnetka=2026-08-31 08:04:54Z, uporabljenih=1389, v karanteni=0, RunId=b2fddda4-27c9-44b5-b466-cc8c4679b4c5. Zapisano ni bilo nic.
10:59:56     Prebranih zapisov: 1389; SHA-256: 058682715bffd19fff2b9f495b58263f25db718d52ac3bd0d3ec24e51395e264
10:59:56     Ta posnetek je ze v bazi; vir=BT_STOCK, podjetje=3, cas posnetka=2026-08-31 08:04:54Z, uporabljenih=1389, v karanteni=0, RunId=88dc0c88-681f-4593-bc53-e5b382d183b5. Zapisano ni bilo nic.
10:59:57     Prebranih zapisov: 1389; SHA-256: 058682715bffd19fff2b9f495b58263f25db718d52ac3bd0d3ec24e51395e264
10:59:57     Ta posnetek je ze v bazi; vir=BT_STOCK, podjetje=4, cas posnetka=2026-08-31 08:04:54Z, uporabljenih=1389, v karanteni=0, RunId=93c4f991-28ff-4038-934f-758421a7eaf4. Zapisano ni bilo nic.
10:59:57     konec: Zaloga BT_STOCK
10:59:57  == Zaloga iz SAOP (kolicine) ==
10:59:58     [1] SAOP_STOCK: se ni na vrsti po razporedu; preskoceno.
10:59:58     [2] SAOP_STOCK: se ni na vrsti po razporedu; preskoceno.
10:59:58     [3] SAOP_STOCK: se ni na vrsti po razporedu; preskoceno.
10:59:58     [4] SAOP_STOCK: se ni na vrsti po razporedu; preskoceno.
10:59:58     konec: Zaloga iz SAOP (kolicine)
10:59:58  Zalogovni cikel koncan; padlih korakov: 0.
11:04:46  == Zaloga NW_STOCK ==
11:04:47     SOURCE_FETCH: se ni na vrsti po razporedu; preskoceno.
11:04:48     Prebranih zapisov: 2762; SHA-256: a01bf1d5b7184cf901ee78b0e2d3dbfb44a5def1453d19ae7204a070cb3c160c
11:04:48     STOCK_FILE pri podjetju 1: se ni na vrsti po razporedu; preskoceno.
11:04:49     Prebranih zapisov: 2762; SHA-256: a01bf1d5b7184cf901ee78b0e2d3dbfb44a5def1453d19ae7204a070cb3c160c
11:04:49     STOCK_FILE pri podjetju 2: se ni na vrsti po razporedu; preskoceno.
11:04:50     Prebranih zapisov: 2762; SHA-256: a01bf1d5b7184cf901ee78b0e2d3dbfb44a5def1453d19ae7204a070cb3c160c
11:04:50     STOCK_FILE pri podjetju 3: se ni na vrsti po razporedu; preskoceno.
11:04:51     Prebranih zapisov: 2762; SHA-256: a01bf1d5b7184cf901ee78b0e2d3dbfb44a5def1453d19ae7204a070cb3c160c
11:04:51     STOCK_FILE pri podjetju 4: se ni na vrsti po razporedu; preskoceno.
11:04:51     konec: Zaloga NW_STOCK
11:04:51  == Zaloga BT_STOCK ==
11:04:52     [BT_STOCK] preskoceno: Razmik dobavitelja se tece; naslednji prenos po 31. 08. 2026 13:04.
11:04:52     Prevzem koncan: uspesno 0, neuspesno 0, skupaj virov 1.
11:04:53     Prebranih zapisov: 1389; SHA-256: 058682715bffd19fff2b9f495b58263f25db718d52ac3bd0d3ec24e51395e264
11:04:53     STOCK_FILE pri podjetju 1: se ni na vrsti po razporedu; preskoceno.
11:04:54     Prebranih zapisov: 1389; SHA-256: 058682715bffd19fff2b9f495b58263f25db718d52ac3bd0d3ec24e51395e264
11:04:54     STOCK_FILE pri podjetju 2: se ni na vrsti po razporedu; preskoceno.
11:04:55     Prebranih zapisov: 1389; SHA-256: 058682715bffd19fff2b9f495b58263f25db718d52ac3bd0d3ec24e51395e264
11:04:55     STOCK_FILE pri podjetju 3: se ni na vrsti po razporedu; preskoceno.
11:04:55     Prebranih zapisov: 1389; SHA-256: 058682715bffd19fff2b9f495b58263f25db718d52ac3bd0d3ec24e51395e264
11:04:56     STOCK_FILE pri podjetju 4: se ni na vrsti po razporedu; preskoceno.
11:04:56     konec: Zaloga BT_STOCK
11:04:56  == Zaloga iz SAOP (kolicine) ==
11:04:57     [1] SAOP_STOCK: se ni na vrsti po razporedu; preskoceno.
11:04:57     [2] SAOP_STOCK: se ni na vrsti po razporedu; preskoceno.
11:04:57     [3] SAOP_STOCK: se ni na vrsti po razporedu; preskoceno.
11:04:57     [4] SAOP_STOCK: se ni na vrsti po razporedu; preskoceno.
11:04:57     konec: Zaloga iz SAOP (kolicine)
11:04:57  Zalogovni cikel koncan; padlih korakov: 0.
11:09:46  == Zaloga NW_STOCK ==
11:09:47     SOURCE_FETCH: se ni na vrsti po razporedu; preskoceno.
11:09:48     Prebranih zapisov: 2762; SHA-256: a01bf1d5b7184cf901ee78b0e2d3dbfb44a5def1453d19ae7204a070cb3c160c
11:09:50     Zaloga zapisana; vir=NW_STOCK, podjetje=1, uporabljenih=2762, v karanteni=0, RunId=dcb10be3-f869-4a67-9172-af6d63be92c3.
11:09:50     Prebranih zapisov: 2762; SHA-256: a01bf1d5b7184cf901ee78b0e2d3dbfb44a5def1453d19ae7204a070cb3c160c
11:09:52     Zaloga zapisana; vir=NW_STOCK, podjetje=2, uporabljenih=2762, v karanteni=0, RunId=e546c352-0634-43b8-b1c4-46668ca5cc38.
11:09:53     Prebranih zapisov: 2762; SHA-256: a01bf1d5b7184cf901ee78b0e2d3dbfb44a5def1453d19ae7204a070cb3c160c
11:09:54     Zaloga zapisana; vir=NW_STOCK, podjetje=3, uporabljenih=2762, v karanteni=0, RunId=4f35a5aa-0842-4e2e-b4b4-4606b0f2f2ec.
11:09:55     Prebranih zapisov: 2762; SHA-256: a01bf1d5b7184cf901ee78b0e2d3dbfb44a5def1453d19ae7204a070cb3c160c
11:09:56     Zaloga zapisana; vir=NW_STOCK, podjetje=4, uporabljenih=2762, v karanteni=0, RunId=8c4415c2-464f-4cca-9f8e-6115ac3c8c76.
11:09:56     konec: Zaloga NW_STOCK
11:09:56  == Zaloga BT_STOCK ==
11:09:57     [BT_STOCK] preskoceno: Razmik dobavitelja se tece; naslednji prenos po 31. 08. 2026 13:04.
11:09:57     Prevzem koncan: uspesno 0, neuspesno 0, skupaj virov 1.
11:09:58     Prebranih zapisov: 1389; SHA-256: 058682715bffd19fff2b9f495b58263f25db718d52ac3bd0d3ec24e51395e264
11:09:58     STOCK_FILE pri podjetju 1: se ni na vrsti po razporedu; preskoceno.
11:09:59     Prebranih zapisov: 1389; SHA-256: 058682715bffd19fff2b9f495b58263f25db718d52ac3bd0d3ec24e51395e264
11:09:59     STOCK_FILE pri podjetju 2: se ni na vrsti po razporedu; preskoceno.
11:10:00     Prebranih zapisov: 1389; SHA-256: 058682715bffd19fff2b9f495b58263f25db718d52ac3bd0d3ec24e51395e264
11:10:00     STOCK_FILE pri podjetju 3: se ni na vrsti po razporedu; preskoceno.
11:10:01     Prebranih zapisov: 1389; SHA-256: 058682715bffd19fff2b9f495b58263f25db718d52ac3bd0d3ec24e51395e264
11:10:01     STOCK_FILE pri podjetju 4: se ni na vrsti po razporedu; preskoceno.
11:10:01     konec: Zaloga BT_STOCK
11:10:01  == Zaloga iz SAOP (kolicine) ==
11:10:02     [1] SAOP_STOCK: se ni na vrsti po razporedu; preskoceno.
11:10:02     [2] SAOP_STOCK: se ni na vrsti po razporedu; preskoceno.
11:10:02     [3] SAOP_STOCK: se ni na vrsti po razporedu; preskoceno.
11:10:02     [4] SAOP_STOCK: se ni na vrsti po razporedu; preskoceno.
11:10:02     konec: Zaloga iz SAOP (kolicine)
11:10:02  Zalogovni cikel koncan; padlih korakov: 0.
11:14:46  == Zaloga NW_STOCK ==
11:14:47     SOURCE_FETCH: se ni na vrsti po razporedu; preskoceno.
11:14:48     Prebranih zapisov: 2762; SHA-256: a01bf1d5b7184cf901ee78b0e2d3dbfb44a5def1453d19ae7204a070cb3c160c
11:14:48     STOCK_FILE pri podjetju 1: se ni na vrsti po razporedu; preskoceno.
11:14:49     Prebranih zapisov: 2762; SHA-256: a01bf1d5b7184cf901ee78b0e2d3dbfb44a5def1453d19ae7204a070cb3c160c
11:14:49     STOCK_FILE pri podjetju 2: se ni na vrsti po razporedu; preskoceno.
11:14:50     Prebranih zapisov: 2762; SHA-256: a01bf1d5b7184cf901ee78b0e2d3dbfb44a5def1453d19ae7204a070cb3c160c
11:14:50     STOCK_FILE pri podjetju 3: se ni na vrsti po razporedu; preskoceno.
11:14:51     Prebranih zapisov: 2762; SHA-256: a01bf1d5b7184cf901ee78b0e2d3dbfb44a5def1453d19ae7204a070cb3c160c
11:14:51     STOCK_FILE pri podjetju 4: se ni na vrsti po razporedu; preskoceno.
11:14:51     konec: Zaloga NW_STOCK
11:14:51  == Zaloga BT_STOCK ==
11:14:52     SOURCE_FETCH: se ni na vrsti po razporedu; preskoceno.
11:14:53     Prebranih zapisov: 1389; SHA-256: 058682715bffd19fff2b9f495b58263f25db718d52ac3bd0d3ec24e51395e264
11:14:53     Ta posnetek je ze v bazi; vir=BT_STOCK, podjetje=1, cas posnetka=2026-08-31 08:04:54Z, uporabljenih=1389, v karanteni=0, RunId=04a5862b-816c-4776-a3e4-24380a64cd63. Zapisano ni bilo nic.
11:14:54     Prebranih zapisov: 1389; SHA-256: 058682715bffd19fff2b9f495b58263f25db718d52ac3bd0d3ec24e51395e264
11:14:54     Ta posnetek je ze v bazi; vir=BT_STOCK, podjetje=2, cas posnetka=2026-08-31 08:04:54Z, uporabljenih=1389, v karanteni=0, RunId=b2fddda4-27c9-44b5-b466-cc8c4679b4c5. Zapisano ni bilo nic.
11:14:55     Prebranih zapisov: 1389; SHA-256: 058682715bffd19fff2b9f495b58263f25db718d52ac3bd0d3ec24e51395e264
11:14:55     Ta posnetek je ze v bazi; vir=BT_STOCK, podjetje=3, cas posnetka=2026-08-31 08:04:54Z, uporabljenih=1389, v karanteni=0, RunId=88dc0c88-681f-4593-bc53-e5b382d183b5. Zapisano ni bilo nic.
11:14:56     Prebranih zapisov: 1389; SHA-256: 058682715bffd19fff2b9f495b58263f25db718d52ac3bd0d3ec24e51395e264
11:14:56     Ta posnetek je ze v bazi; vir=BT_STOCK, podjetje=4, cas posnetka=2026-08-31 08:04:54Z, uporabljenih=1389, v karanteni=0, RunId=93c4f991-28ff-4038-934f-758421a7eaf4. Zapisano ni bilo nic.
11:14:56     konec: Zaloga BT_STOCK
11:14:56  == Zaloga iz SAOP (kolicine) ==
11:14:57     [1] SAOP_STOCK: se ni na vrsti po razporedu; preskoceno.
11:14:57     [2] SAOP_STOCK: se ni na vrsti po razporedu; preskoceno.
11:14:57     [3] SAOP_STOCK: se ni na vrsti po razporedu; preskoceno.
11:14:57     [4] SAOP_STOCK: se ni na vrsti po razporedu; preskoceno.
11:14:57     konec: Zaloga iz SAOP (kolicine)
11:14:57  Zalogovni cikel koncan; padlih korakov: 0.
11:19:46  == Zaloga NW_STOCK ==
11:19:47     [NW_STOCK] preskoceno: Razmik dobavitelja se tece; naslednji prenos po 31. 08. 2026 12:59.
11:19:47     Prevzem koncan: uspesno 0, neuspesno 0, skupaj virov 1.
11:19:48     Prebranih zapisov: 2762; SHA-256: a01bf1d5b7184cf901ee78b0e2d3dbfb44a5def1453d19ae7204a070cb3c160c
11:19:48     STOCK_FILE pri podjetju 1: se ni na vrsti po razporedu; preskoceno.
11:19:49     Prebranih zapisov: 2762; SHA-256: a01bf1d5b7184cf901ee78b0e2d3dbfb44a5def1453d19ae7204a070cb3c160c
11:19:49     STOCK_FILE pri podjetju 2: se ni na vrsti po razporedu; preskoceno.
11:19:50     Prebranih zapisov: 2762; SHA-256: a01bf1d5b7184cf901ee78b0e2d3dbfb44a5def1453d19ae7204a070cb3c160c
11:19:50     STOCK_FILE pri podjetju 3: se ni na vrsti po razporedu; preskoceno.
11:19:51     Prebranih zapisov: 2762; SHA-256: a01bf1d5b7184cf901ee78b0e2d3dbfb44a5def1453d19ae7204a070cb3c160c
11:19:51     STOCK_FILE pri podjetju 4: se ni na vrsti po razporedu; preskoceno.
11:19:51     konec: Zaloga NW_STOCK
11:19:51  == Zaloga BT_STOCK ==
11:19:52     SOURCE_FETCH: se ni na vrsti po razporedu; preskoceno.
11:19:53     Prebranih zapisov: 1389; SHA-256: 058682715bffd19fff2b9f495b58263f25db718d52ac3bd0d3ec24e51395e264
11:19:53     Ta posnetek je ze v bazi; vir=BT_STOCK, podjetje=1, cas posnetka=2026-08-31 08:04:54Z, uporabljenih=1389, v karanteni=0, RunId=04a5862b-816c-4776-a3e4-24380a64cd63. Zapisano ni bilo nic.
11:19:54     Prebranih zapisov: 1389; SHA-256: 058682715bffd19fff2b9f495b58263f25db718d52ac3bd0d3ec24e51395e264
11:19:54     Ta posnetek je ze v bazi; vir=BT_STOCK, podjetje=2, cas posnetka=2026-08-31 08:04:54Z, uporabljenih=1389, v karanteni=0, RunId=b2fddda4-27c9-44b5-b466-cc8c4679b4c5. Zapisano ni bilo nic.
11:19:55     Prebranih zapisov: 1389; SHA-256: 058682715bffd19fff2b9f495b58263f25db718d52ac3bd0d3ec24e51395e264
11:19:55     Ta posnetek je ze v bazi; vir=BT_STOCK, podjetje=3, cas posnetka=2026-08-31 08:04:54Z, uporabljenih=1389, v karanteni=0, RunId=88dc0c88-681f-4593-bc53-e5b382d183b5. Zapisano ni bilo nic.
11:19:56     Prebranih zapisov: 1389; SHA-256: 058682715bffd19fff2b9f495b58263f25db718d52ac3bd0d3ec24e51395e264
11:19:56     Ta posnetek je ze v bazi; vir=BT_STOCK, podjetje=4, cas posnetka=2026-08-31 08:04:54Z, uporabljenih=1389, v karanteni=0, RunId=93c4f991-28ff-4038-934f-758421a7eaf4. Zapisano ni bilo nic.
11:19:56     konec: Zaloga BT_STOCK
11:19:56  == Zaloga iz SAOP (kolicine) ==
11:19:57     [1] SAOP_STOCK: se ni na vrsti po razporedu; preskoceno.
11:19:57     [2] SAOP_STOCK: se ni na vrsti po razporedu; preskoceno.
11:19:57     [3] SAOP_STOCK: se ni na vrsti po razporedu; preskoceno.
11:19:57     [4] SAOP_STOCK: se ni na vrsti po razporedu; preskoceno.
11:19:57     konec: Zaloga iz SAOP (kolicine)
11:19:57  Zalogovni cikel koncan; padlih korakov: 0.
11:24:46  == Zaloga NW_STOCK ==
11:24:47     SOURCE_FETCH: se ni na vrsti po razporedu; preskoceno.
11:24:48     Prebranih zapisov: 2762; SHA-256: a01bf1d5b7184cf901ee78b0e2d3dbfb44a5def1453d19ae7204a070cb3c160c
11:24:48     STOCK_FILE pri podjetju 1: se ni na vrsti po razporedu; preskoceno.
11:24:49     Prebranih zapisov: 2762; SHA-256: a01bf1d5b7184cf901ee78b0e2d3dbfb44a5def1453d19ae7204a070cb3c160c
11:24:49     STOCK_FILE pri podjetju 2: se ni na vrsti po razporedu; preskoceno.
11:24:50     Prebranih zapisov: 2762; SHA-256: a01bf1d5b7184cf901ee78b0e2d3dbfb44a5def1453d19ae7204a070cb3c160c
11:24:50     STOCK_FILE pri podjetju 3: se ni na vrsti po razporedu; preskoceno.
11:24:51     Prebranih zapisov: 2762; SHA-256: a01bf1d5b7184cf901ee78b0e2d3dbfb44a5def1453d19ae7204a070cb3c160c
11:24:51     STOCK_FILE pri podjetju 4: se ni na vrsti po razporedu; preskoceno.
11:24:51     konec: Zaloga NW_STOCK
11:24:51  == Zaloga BT_STOCK ==
11:24:52     [BT_STOCK] preskoceno: Razmik dobavitelja se tece; naslednji prenos po 31. 08. 2026 13:04.
11:24:52     Prevzem koncan: uspesno 0, neuspesno 0, skupaj virov 1.
11:24:53     Prebranih zapisov: 1389; SHA-256: 058682715bffd19fff2b9f495b58263f25db718d52ac3bd0d3ec24e51395e264
11:24:53     STOCK_FILE pri podjetju 1: se ni na vrsti po razporedu; preskoceno.
11:24:54     Prebranih zapisov: 1389; SHA-256: 058682715bffd19fff2b9f495b58263f25db718d52ac3bd0d3ec24e51395e264
11:24:54     STOCK_FILE pri podjetju 2: se ni na vrsti po razporedu; preskoceno.
11:24:55     Prebranih zapisov: 1389; SHA-256: 058682715bffd19fff2b9f495b58263f25db718d52ac3bd0d3ec24e51395e264
11:24:55     STOCK_FILE pri podjetju 3: se ni na vrsti po razporedu; preskoceno.
11:24:56     Prebranih zapisov: 1389; SHA-256: 058682715bffd19fff2b9f495b58263f25db718d52ac3bd0d3ec24e51395e264
11:24:56     STOCK_FILE pri podjetju 4: se ni na vrsti po razporedu; preskoceno.
11:24:56     konec: Zaloga BT_STOCK
11:24:56  == Zaloga iz SAOP (kolicine) ==
11:24:57     [1] SAOP_STOCK: se ni na vrsti po razporedu; preskoceno.
11:24:57     [2] SAOP_STOCK: se ni na vrsti po razporedu; preskoceno.
11:24:57     [3] SAOP_STOCK: se ni na vrsti po razporedu; preskoceno.
11:24:57     [4] SAOP_STOCK: se ni na vrsti po razporedu; preskoceno.
11:24:57     konec: Zaloga iz SAOP (kolicine)
11:24:57  Zalogovni cikel koncan; padlih korakov: 0.
11:29:46  == Zaloga NW_STOCK ==
11:29:47     SOURCE_FETCH: se ni na vrsti po razporedu; preskoceno.
11:29:48     Prebranih zapisov: 2762; SHA-256: a01bf1d5b7184cf901ee78b0e2d3dbfb44a5def1453d19ae7204a070cb3c160c
11:29:48     Ta posnetek je ze v bazi; vir=NW_STOCK, podjetje=1, cas posnetka=2026-08-31 08:59:48Z, uporabljenih=2762, v karanteni=0, RunId=dcb10be3-f869-4a67-9172-af6d63be92c3. Zapisano ni bilo nic.
11:29:49     Prebranih zapisov: 2762; SHA-256: a01bf1d5b7184cf901ee78b0e2d3dbfb44a5def1453d19ae7204a070cb3c160c
11:29:49     Ta posnetek je ze v bazi; vir=NW_STOCK, podjetje=2, cas posnetka=2026-08-31 08:59:48Z, uporabljenih=2762, v karanteni=0, RunId=e546c352-0634-43b8-b1c4-46668ca5cc38. Zapisano ni bilo nic.
11:29:50     Prebranih zapisov: 2762; SHA-256: a01bf1d5b7184cf901ee78b0e2d3dbfb44a5def1453d19ae7204a070cb3c160c
11:29:50     Ta posnetek je ze v bazi; vir=NW_STOCK, podjetje=3, cas posnetka=2026-08-31 08:59:48Z, uporabljenih=2762, v karanteni=0, RunId=4f35a5aa-0842-4e2e-b4b4-4606b0f2f2ec. Zapisano ni bilo nic.
11:29:51     Prebranih zapisov: 2762; SHA-256: a01bf1d5b7184cf901ee78b0e2d3dbfb44a5def1453d19ae7204a070cb3c160c
11:29:51     Ta posnetek je ze v bazi; vir=NW_STOCK, podjetje=4, cas posnetka=2026-08-31 08:59:48Z, uporabljenih=2762, v karanteni=0, RunId=8c4415c2-464f-4cca-9f8e-6115ac3c8c76. Zapisano ni bilo nic.
11:29:51     konec: Zaloga NW_STOCK
11:29:51  == Zaloga BT_STOCK ==
11:29:52     [BT_STOCK] preskoceno: Razmik dobavitelja se tece; naslednji prenos po 31. 08. 2026 13:04.
11:29:52     Prevzem koncan: uspesno 0, neuspesno 0, skupaj virov 1.
11:29:53     Prebranih zapisov: 1389; SHA-256: 058682715bffd19fff2b9f495b58263f25db718d52ac3bd0d3ec24e51395e264
11:29:53     STOCK_FILE pri podjetju 1: se ni na vrsti po razporedu; preskoceno.
11:29:54     Prebranih zapisov: 1389; SHA-256: 058682715bffd19fff2b9f495b58263f25db718d52ac3bd0d3ec24e51395e264
11:29:54     STOCK_FILE pri podjetju 2: se ni na vrsti po razporedu; preskoceno.
11:29:55     Prebranih zapisov: 1389; SHA-256: 058682715bffd19fff2b9f495b58263f25db718d52ac3bd0d3ec24e51395e264
11:29:55     STOCK_FILE pri podjetju 3: se ni na vrsti po razporedu; preskoceno.
11:29:56     Prebranih zapisov: 1389; SHA-256: 058682715bffd19fff2b9f495b58263f25db718d52ac3bd0d3ec24e51395e264
11:29:56     STOCK_FILE pri podjetju 4: se ni na vrsti po razporedu; preskoceno.
11:29:56     konec: Zaloga BT_STOCK
11:29:56  == Zaloga iz SAOP (kolicine) ==
11:29:57     [1] SAOP_STOCK: se ni na vrsti po razporedu; preskoceno.
11:29:57     [2] SAOP_STOCK: se ni na vrsti po razporedu; preskoceno.
11:29:57     [3] SAOP_STOCK: se ni na vrsti po razporedu; preskoceno.
11:29:57     [4] SAOP_STOCK: se ni na vrsti po razporedu; preskoceno.
11:29:57     konec: Zaloga iz SAOP (kolicine)
11:29:57  Zalogovni cikel koncan; padlih korakov: 0.
11:34:46  == Zaloga NW_STOCK ==
11:34:47     SOURCE_FETCH: se ni na vrsti po razporedu; preskoceno.
11:34:48     Prebranih zapisov: 2762; SHA-256: a01bf1d5b7184cf901ee78b0e2d3dbfb44a5def1453d19ae7204a070cb3c160c
11:34:48     STOCK_FILE pri podjetju 1: se ni na vrsti po razporedu; preskoceno.
11:34:49     Prebranih zapisov: 2762; SHA-256: a01bf1d5b7184cf901ee78b0e2d3dbfb44a5def1453d19ae7204a070cb3c160c
11:34:49     STOCK_FILE pri podjetju 2: se ni na vrsti po razporedu; preskoceno.
11:34:50     Prebranih zapisov: 2762; SHA-256: a01bf1d5b7184cf901ee78b0e2d3dbfb44a5def1453d19ae7204a070cb3c160c
11:34:50     STOCK_FILE pri podjetju 3: se ni na vrsti po razporedu; preskoceno.
11:34:51     Prebranih zapisov: 2762; SHA-256: a01bf1d5b7184cf901ee78b0e2d3dbfb44a5def1453d19ae7204a070cb3c160c
11:34:51     STOCK_FILE pri podjetju 4: se ni na vrsti po razporedu; preskoceno.
11:34:51     konec: Zaloga NW_STOCK
11:34:51  == Zaloga BT_STOCK ==
11:34:52     SOURCE_FETCH: se ni na vrsti po razporedu; preskoceno.
11:34:53     Prebranih zapisov: 1389; SHA-256: 058682715bffd19fff2b9f495b58263f25db718d52ac3bd0d3ec24e51395e264
11:34:53     Ta posnetek je ze v bazi; vir=BT_STOCK, podjetje=1, cas posnetka=2026-08-31 08:04:54Z, uporabljenih=1389, v karanteni=0, RunId=04a5862b-816c-4776-a3e4-24380a64cd63. Zapisano ni bilo nic.
11:34:54     Prebranih zapisov: 1389; SHA-256: 058682715bffd19fff2b9f495b58263f25db718d52ac3bd0d3ec24e51395e264
11:34:54     Ta posnetek je ze v bazi; vir=BT_STOCK, podjetje=2, cas posnetka=2026-08-31 08:04:54Z, uporabljenih=1389, v karanteni=0, RunId=b2fddda4-27c9-44b5-b466-cc8c4679b4c5. Zapisano ni bilo nic.
11:34:55     Prebranih zapisov: 1389; SHA-256: 058682715bffd19fff2b9f495b58263f25db718d52ac3bd0d3ec24e51395e264
11:34:55     Ta posnetek je ze v bazi; vir=BT_STOCK, podjetje=3, cas posnetka=2026-08-31 08:04:54Z, uporabljenih=1389, v karanteni=0, RunId=88dc0c88-681f-4593-bc53-e5b382d183b5. Zapisano ni bilo nic.
11:34:56     Prebranih zapisov: 1389; SHA-256: 058682715bffd19fff2b9f495b58263f25db718d52ac3bd0d3ec24e51395e264
11:34:56     Ta posnetek je ze v bazi; vir=BT_STOCK, podjetje=4, cas posnetka=2026-08-31 08:04:54Z, uporabljenih=1389, v karanteni=0, RunId=93c4f991-28ff-4038-934f-758421a7eaf4. Zapisano ni bilo nic.
11:34:56     konec: Zaloga BT_STOCK
11:34:56  == Zaloga iz SAOP (kolicine) ==
11:34:57     [1] SAOP_STOCK: se ni na vrsti po razporedu; preskoceno.
11:34:57     [2] SAOP_STOCK: se ni na vrsti po razporedu; preskoceno.
11:34:57     [3] SAOP_STOCK: se ni na vrsti po razporedu; preskoceno.
11:34:57     [4] SAOP_STOCK: se ni na vrsti po razporedu; preskoceno.
11:34:57     konec: Zaloga iz SAOP (kolicine)
11:34:57  Zalogovni cikel koncan; padlih korakov: 0.
11:39:46  == Zaloga NW_STOCK ==
11:39:47     [NW_STOCK] preskoceno: Razmik dobavitelja se tece; naslednji prenos po 31. 08. 2026 12:59.
11:39:47     Prevzem koncan: uspesno 0, neuspesno 0, skupaj virov 1.
11:39:48     Prebranih zapisov: 2762; SHA-256: a01bf1d5b7184cf901ee78b0e2d3dbfb44a5def1453d19ae7204a070cb3c160c
11:39:48     STOCK_FILE pri podjetju 1: se ni na vrsti po razporedu; preskoceno.
11:39:49     Prebranih zapisov: 2762; SHA-256: a01bf1d5b7184cf901ee78b0e2d3dbfb44a5def1453d19ae7204a070cb3c160c
11:39:49     STOCK_FILE pri podjetju 2: se ni na vrsti po razporedu; preskoceno.
11:39:50     Prebranih zapisov: 2762; SHA-256: a01bf1d5b7184cf901ee78b0e2d3dbfb44a5def1453d19ae7204a070cb3c160c
11:39:50     STOCK_FILE pri podjetju 3: se ni na vrsti po razporedu; preskoceno.
11:39:51     Prebranih zapisov: 2762; SHA-256: a01bf1d5b7184cf901ee78b0e2d3dbfb44a5def1453d19ae7204a070cb3c160c
11:39:51     STOCK_FILE pri podjetju 4: se ni na vrsti po razporedu; preskoceno.
11:39:51     konec: Zaloga NW_STOCK
11:39:51  == Zaloga BT_STOCK ==
11:39:52     SOURCE_FETCH: se ni na vrsti po razporedu; preskoceno.
11:39:53     Prebranih zapisov: 1389; SHA-256: 058682715bffd19fff2b9f495b58263f25db718d52ac3bd0d3ec24e51395e264
11:39:53     STOCK_FILE pri podjetju 1: se ni na vrsti po razporedu; preskoceno.
11:39:54     Prebranih zapisov: 1389; SHA-256: 058682715bffd19fff2b9f495b58263f25db718d52ac3bd0d3ec24e51395e264
11:39:54     STOCK_FILE pri podjetju 2: se ni na vrsti po razporedu; preskoceno.
11:39:55     Prebranih zapisov: 1389; SHA-256: 058682715bffd19fff2b9f495b58263f25db718d52ac3bd0d3ec24e51395e264
11:39:55     STOCK_FILE pri podjetju 3: se ni na vrsti po razporedu; preskoceno.
11:39:56     Prebranih zapisov: 1389; SHA-256: 058682715bffd19fff2b9f495b58263f25db718d52ac3bd0d3ec24e51395e264
11:39:56     STOCK_FILE pri podjetju 4: se ni na vrsti po razporedu; preskoceno.
11:39:56     konec: Zaloga BT_STOCK
11:39:56  == Zaloga iz SAOP (kolicine) ==
11:39:57     [1] SAOP_STOCK: se ni na vrsti po razporedu; preskoceno.
11:39:57     [2] SAOP_STOCK: se ni na vrsti po razporedu; preskoceno.
11:39:57     [3] SAOP_STOCK: se ni na vrsti po razporedu; preskoceno.
11:39:57     [4] SAOP_STOCK: se ni na vrsti po razporedu; preskoceno.
11:39:57     konec: Zaloga iz SAOP (kolicine)
11:39:57  Zalogovni cikel koncan; padlih korakov: 0.
11:44:46  == Zaloga NW_STOCK ==
11:44:47     [NW_STOCK] preskoceno: Razmik dobavitelja se tece; naslednji prenos po 31. 08. 2026 12:59.
11:44:47     Prevzem koncan: uspesno 0, neuspesno 0, skupaj virov 1.
11:44:48     Prebranih zapisov: 2762; SHA-256: a01bf1d5b7184cf901ee78b0e2d3dbfb44a5def1453d19ae7204a070cb3c160c
11:44:48     Ta posnetek je ze v bazi; vir=NW_STOCK, podjetje=1, cas posnetka=2026-08-31 08:59:48Z, uporabljenih=2762, v karanteni=0, RunId=dcb10be3-f869-4a67-9172-af6d63be92c3. Zapisano ni bilo nic.
11:44:49     Prebranih zapisov: 2762; SHA-256: a01bf1d5b7184cf901ee78b0e2d3dbfb44a5def1453d19ae7204a070cb3c160c
11:44:49     Ta posnetek je ze v bazi; vir=NW_STOCK, podjetje=2, cas posnetka=2026-08-31 08:59:48Z, uporabljenih=2762, v karanteni=0, RunId=e546c352-0634-43b8-b1c4-46668ca5cc38. Zapisano ni bilo nic.
11:44:50     Prebranih zapisov: 2762; SHA-256: a01bf1d5b7184cf901ee78b0e2d3dbfb44a5def1453d19ae7204a070cb3c160c
11:44:50     Ta posnetek je ze v bazi; vir=NW_STOCK, podjetje=3, cas posnetka=2026-08-31 08:59:48Z, uporabljenih=2762, v karanteni=0, RunId=4f35a5aa-0842-4e2e-b4b4-4606b0f2f2ec. Zapisano ni bilo nic.
11:44:51     Prebranih zapisov: 2762; SHA-256: a01bf1d5b7184cf901ee78b0e2d3dbfb44a5def1453d19ae7204a070cb3c160c
11:44:51     Ta posnetek je ze v bazi; vir=NW_STOCK, podjetje=4, cas posnetka=2026-08-31 08:59:48Z, uporabljenih=2762, v karanteni=0, RunId=8c4415c2-464f-4cca-9f8e-6115ac3c8c76. Zapisano ni bilo nic.
11:44:51     konec: Zaloga NW_STOCK
11:44:51  == Zaloga BT_STOCK ==
11:44:52     SOURCE_FETCH: se ni na vrsti po razporedu; preskoceno.
11:44:53     Prebranih zapisov: 1389; SHA-256: 058682715bffd19fff2b9f495b58263f25db718d52ac3bd0d3ec24e51395e264
11:44:53     STOCK_FILE pri podjetju 1: se ni na vrsti po razporedu; preskoceno.
11:44:54     Prebranih zapisov: 1389; SHA-256: 058682715bffd19fff2b9f495b58263f25db718d52ac3bd0d3ec24e51395e264
11:44:54     STOCK_FILE pri podjetju 2: se ni na vrsti po razporedu; preskoceno.
11:44:55     Prebranih zapisov: 1389; SHA-256: 058682715bffd19fff2b9f495b58263f25db718d52ac3bd0d3ec24e51395e264
11:44:55     STOCK_FILE pri podjetju 3: se ni na vrsti po razporedu; preskoceno.
11:44:56     Prebranih zapisov: 1389; SHA-256: 058682715bffd19fff2b9f495b58263f25db718d52ac3bd0d3ec24e51395e264
11:44:56     STOCK_FILE pri podjetju 4: se ni na vrsti po razporedu; preskoceno.
11:44:56     konec: Zaloga BT_STOCK
11:44:56  == Zaloga iz SAOP (kolicine) ==
11:44:57     [1] SAOP_STOCK: se ni na vrsti po razporedu; preskoceno.
11:44:57     [2] SAOP_STOCK: se ni na vrsti po razporedu; preskoceno.
11:44:57     [3] SAOP_STOCK: se ni na vrsti po razporedu; preskoceno.
11:44:57     [4] SAOP_STOCK: se ni na vrsti po razporedu; preskoceno.
11:44:57     konec: Zaloga iz SAOP (kolicine)
11:44:57  Zalogovni cikel koncan; padlih korakov: 0.
11:49:46  == Zaloga NW_STOCK ==
11:49:47     SOURCE_FETCH: se ni na vrsti po razporedu; preskoceno.
11:49:48     Prebranih zapisov: 2762; SHA-256: a01bf1d5b7184cf901ee78b0e2d3dbfb44a5def1453d19ae7204a070cb3c160c
11:49:48     STOCK_FILE pri podjetju 1: se ni na vrsti po razporedu; preskoceno.
11:49:49     Prebranih zapisov: 2762; SHA-256: a01bf1d5b7184cf901ee78b0e2d3dbfb44a5def1453d19ae7204a070cb3c160c
11:49:49     STOCK_FILE pri podjetju 2: se ni na vrsti po razporedu; preskoceno.
11:49:50     Prebranih zapisov: 2762; SHA-256: a01bf1d5b7184cf901ee78b0e2d3dbfb44a5def1453d19ae7204a070cb3c160c
11:49:50     STOCK_FILE pri podjetju 3: se ni na vrsti po razporedu; preskoceno.
11:49:51     Prebranih zapisov: 2762; SHA-256: a01bf1d5b7184cf901ee78b0e2d3dbfb44a5def1453d19ae7204a070cb3c160c
11:49:51     STOCK_FILE pri podjetju 4: se ni na vrsti po razporedu; preskoceno.
11:49:51     konec: Zaloga NW_STOCK
11:49:51  == Zaloga BT_STOCK ==
11:49:52     [BT_STOCK] preskoceno: Razmik dobavitelja se tece; naslednji prenos po 31. 08. 2026 13:04.
11:49:52     Prevzem koncan: uspesno 0, neuspesno 0, skupaj virov 1.
11:49:53     Prebranih zapisov: 1389; SHA-256: 058682715bffd19fff2b9f495b58263f25db718d52ac3bd0d3ec24e51395e264
11:49:53     Ta posnetek je ze v bazi; vir=BT_STOCK, podjetje=1, cas posnetka=2026-08-31 08:04:54Z, uporabljenih=1389, v karanteni=0, RunId=04a5862b-816c-4776-a3e4-24380a64cd63. Zapisano ni bilo nic.
11:49:54     Prebranih zapisov: 1389; SHA-256: 058682715bffd19fff2b9f495b58263f25db718d52ac3bd0d3ec24e51395e264
11:49:54     Ta posnetek je ze v bazi; vir=BT_STOCK, podjetje=2, cas posnetka=2026-08-31 08:04:54Z, uporabljenih=1389, v karanteni=0, RunId=b2fddda4-27c9-44b5-b466-cc8c4679b4c5. Zapisano ni bilo nic.
11:49:55     Prebranih zapisov: 1389; SHA-256: 058682715bffd19fff2b9f495b58263f25db718d52ac3bd0d3ec24e51395e264
11:49:55     Ta posnetek je ze v bazi; vir=BT_STOCK, podjetje=3, cas posnetka=2026-08-31 08:04:54Z, uporabljenih=1389, v karanteni=0, RunId=88dc0c88-681f-4593-bc53-e5b382d183b5. Zapisano ni bilo nic.
11:49:56     Prebranih zapisov: 1389; SHA-256: 058682715bffd19fff2b9f495b58263f25db718d52ac3bd0d3ec24e51395e264
11:49:56     Ta posnetek je ze v bazi; vir=BT_STOCK, podjetje=4, cas posnetka=2026-08-31 08:04:54Z, uporabljenih=1389, v karanteni=0, RunId=93c4f991-28ff-4038-934f-758421a7eaf4. Zapisano ni bilo nic.
11:49:56     konec: Zaloga BT_STOCK
11:49:56  == Zaloga iz SAOP (kolicine) ==
11:49:57     [1] SAOP_STOCK: se ni na vrsti po razporedu; preskoceno.
11:49:57     [2] SAOP_STOCK: se ni na vrsti po razporedu; preskoceno.
11:49:57     [3] SAOP_STOCK: se ni na vrsti po razporedu; preskoceno.
11:49:57     [4] SAOP_STOCK: se ni na vrsti po razporedu; preskoceno.
11:49:57     konec: Zaloga iz SAOP (kolicine)
11:49:57  Zalogovni cikel koncan; padlih korakov: 0.
11:50:45  == Zaloga iz SAOP (kolicine) ==
11:50:46     STDERR: [1] Razpored za SAOP_STOCK ni omogocen; podjetje je preskoceno.
11:50:46     STDERR: [2] Razpored za SAOP_STOCK ni omogocen; podjetje je preskoceno.
11:50:46     STDERR: [3] Razpored za SAOP_STOCK ni omogocen; podjetje je preskoceno.
11:50:46     STDERR: [4] Razpored za SAOP_STOCK ni omogocen; podjetje je preskoceno.
11:50:46     NAPAKA: worker workers\PIM.SaopStockWorker je koncal z izhodno kodo 1
11:50:46  Zalogovni cikel koncan; padlih korakov: 1.
11:50:46  == Zaloga iz SAOP (kolicine) ==
11:50:47     [1] SAOP_STOCK: se ni na vrsti po razporedu; preskoceno.
11:50:47     [2] SAOP_STOCK: se ni na vrsti po razporedu; preskoceno.
11:50:47     [3] SAOP_STOCK: se ni na vrsti po razporedu; preskoceno.
11:50:47     [4] SAOP_STOCK: se ni na vrsti po razporedu; preskoceno.
11:50:47     konec: Zaloga iz SAOP (kolicine)
11:50:47  Zalogovni cikel koncan; padlih korakov: 0.
11:54:46  == Zaloga NW_STOCK ==
11:54:47     [NW_STOCK] preskoceno: Razmik dobavitelja se tece; naslednji prenos po 31. 08. 2026 12:59.
11:54:47     Prevzem koncan: uspesno 0, neuspesno 0, skupaj virov 1.
11:54:48     Prebranih zapisov: 2762; SHA-256: a01bf1d5b7184cf901ee78b0e2d3dbfb44a5def1453d19ae7204a070cb3c160c
11:54:48     Ta posnetek je ze v bazi; vir=NW_STOCK, podjetje=1, cas posnetka=2026-08-31 08:59:48Z, uporabljenih=2762, v karanteni=0, RunId=dcb10be3-f869-4a67-9172-af6d63be92c3. Zapisano ni bilo nic.
11:54:49     Prebranih zapisov: 2762; SHA-256: a01bf1d5b7184cf901ee78b0e2d3dbfb44a5def1453d19ae7204a070cb3c160c
11:54:49     Ta posnetek je ze v bazi; vir=NW_STOCK, podjetje=2, cas posnetka=2026-08-31 08:59:48Z, uporabljenih=2762, v karanteni=0, RunId=e546c352-0634-43b8-b1c4-46668ca5cc38. Zapisano ni bilo nic.
11:54:50     Prebranih zapisov: 2762; SHA-256: a01bf1d5b7184cf901ee78b0e2d3dbfb44a5def1453d19ae7204a070cb3c160c
11:54:50     Ta posnetek je ze v bazi; vir=NW_STOCK, podjetje=3, cas posnetka=2026-08-31 08:59:48Z, uporabljenih=2762, v karanteni=0, RunId=4f35a5aa-0842-4e2e-b4b4-4606b0f2f2ec. Zapisano ni bilo nic.
11:54:51     Prebranih zapisov: 2762; SHA-256: a01bf1d5b7184cf901ee78b0e2d3dbfb44a5def1453d19ae7204a070cb3c160c
11:54:51     Ta posnetek je ze v bazi; vir=NW_STOCK, podjetje=4, cas posnetka=2026-08-31 08:59:48Z, uporabljenih=2762, v karanteni=0, RunId=8c4415c2-464f-4cca-9f8e-6115ac3c8c76. Zapisano ni bilo nic.
11:54:51     konec: Zaloga NW_STOCK
11:54:51  == Zaloga BT_STOCK ==
11:54:52     [BT_STOCK] preskoceno: Razmik dobavitelja se tece; naslednji prenos po 31. 08. 2026 13:04.
11:54:52     Prevzem koncan: uspesno 0, neuspesno 0, skupaj virov 1.
11:54:53     Prebranih zapisov: 1389; SHA-256: 058682715bffd19fff2b9f495b58263f25db718d52ac3bd0d3ec24e51395e264
11:54:53     Ta posnetek je ze v bazi; vir=BT_STOCK, podjetje=1, cas posnetka=2026-08-31 08:04:54Z, uporabljenih=1389, v karanteni=0, RunId=04a5862b-816c-4776-a3e4-24380a64cd63. Zapisano ni bilo nic.
11:54:54     Prebranih zapisov: 1389; SHA-256: 058682715bffd19fff2b9f495b58263f25db718d52ac3bd0d3ec24e51395e264
11:54:54     Ta posnetek je ze v bazi; vir=BT_STOCK, podjetje=2, cas posnetka=2026-08-31 08:04:54Z, uporabljenih=1389, v karanteni=0, RunId=b2fddda4-27c9-44b5-b466-cc8c4679b4c5. Zapisano ni bilo nic.
11:54:55     Prebranih zapisov: 1389; SHA-256: 058682715bffd19fff2b9f495b58263f25db718d52ac3bd0d3ec24e51395e264
11:54:55     Ta posnetek je ze v bazi; vir=BT_STOCK, podjetje=3, cas posnetka=2026-08-31 08:04:54Z, uporabljenih=1389, v karanteni=0, RunId=88dc0c88-681f-4593-bc53-e5b382d183b5. Zapisano ni bilo nic.
11:54:56     Prebranih zapisov: 1389; SHA-256: 058682715bffd19fff2b9f495b58263f25db718d52ac3bd0d3ec24e51395e264
11:54:56     Ta posnetek je ze v bazi; vir=BT_STOCK, podjetje=4, cas posnetka=2026-08-31 08:04:54Z, uporabljenih=1389, v karanteni=0, RunId=93c4f991-28ff-4038-934f-758421a7eaf4. Zapisano ni bilo nic.
11:54:56     konec: Zaloga BT_STOCK
11:54:56  == Zaloga iz SAOP (kolicine) ==
11:54:57     STDERR: [1] Razpored za SAOP_STOCK ni omogocen; podjetje je preskoceno.
11:54:57     STDERR: [2] Razpored za SAOP_STOCK ni omogocen; podjetje je preskoceno.
11:54:57     STDERR: [3] Razpored za SAOP_STOCK ni omogocen; podjetje je preskoceno.
11:54:57     STDERR: [4] Razpored za SAOP_STOCK ni omogocen; podjetje je preskoceno.
11:54:57     NAPAKA: worker workers\PIM.SaopStockWorker je koncal z izhodno kodo 1
11:54:57  Zalogovni cikel koncan; padlih korakov: 1.
11:59:46  == Zaloga NW_STOCK ==
11:59:47     [NW_STOCK] preskoceno: Razmik dobavitelja se tece; naslednji prenos po 31. 08. 2026 12:59.
11:59:47     Prevzem koncan: uspesno 0, neuspesno 0, skupaj virov 1.
11:59:48     Prebranih zapisov: 2762; SHA-256: a01bf1d5b7184cf901ee78b0e2d3dbfb44a5def1453d19ae7204a070cb3c160c
11:59:48     Ta posnetek je ze v bazi; vir=NW_STOCK, podjetje=1, cas posnetka=2026-08-31 08:59:48Z, uporabljenih=2762, v karanteni=0, RunId=dcb10be3-f869-4a67-9172-af6d63be92c3. Zapisano ni bilo nic.
11:59:49     Prebranih zapisov: 2762; SHA-256: a01bf1d5b7184cf901ee78b0e2d3dbfb44a5def1453d19ae7204a070cb3c160c
11:59:49     Ta posnetek je ze v bazi; vir=NW_STOCK, podjetje=2, cas posnetka=2026-08-31 08:59:48Z, uporabljenih=2762, v karanteni=0, RunId=e546c352-0634-43b8-b1c4-46668ca5cc38. Zapisano ni bilo nic.
11:59:50     Prebranih zapisov: 2762; SHA-256: a01bf1d5b7184cf901ee78b0e2d3dbfb44a5def1453d19ae7204a070cb3c160c
11:59:50     Ta posnetek je ze v bazi; vir=NW_STOCK, podjetje=3, cas posnetka=2026-08-31 08:59:48Z, uporabljenih=2762, v karanteni=0, RunId=4f35a5aa-0842-4e2e-b4b4-4606b0f2f2ec. Zapisano ni bilo nic.
11:59:51     Prebranih zapisov: 2762; SHA-256: a01bf1d5b7184cf901ee78b0e2d3dbfb44a5def1453d19ae7204a070cb3c160c
11:59:51     Ta posnetek je ze v bazi; vir=NW_STOCK, podjetje=4, cas posnetka=2026-08-31 08:59:48Z, uporabljenih=2762, v karanteni=0, RunId=8c4415c2-464f-4cca-9f8e-6115ac3c8c76. Zapisano ni bilo nic.
11:59:51     konec: Zaloga NW_STOCK
11:59:51  == Zaloga BT_STOCK ==
11:59:52     [BT_STOCK] preskoceno: Razmik dobavitelja se tece; naslednji prenos po 31. 08. 2026 13:04.
11:59:52     Prevzem koncan: uspesno 0, neuspesno 0, skupaj virov 1.
11:59:53     Prebranih zapisov: 1389; SHA-256: 058682715bffd19fff2b9f495b58263f25db718d52ac3bd0d3ec24e51395e264
11:59:53     Ta posnetek je ze v bazi; vir=BT_STOCK, podjetje=1, cas posnetka=2026-08-31 08:04:54Z, uporabljenih=1389, v karanteni=0, RunId=04a5862b-816c-4776-a3e4-24380a64cd63. Zapisano ni bilo nic.
11:59:54     Prebranih zapisov: 1389; SHA-256: 058682715bffd19fff2b9f495b58263f25db718d52ac3bd0d3ec24e51395e264
11:59:54     Ta posnetek je ze v bazi; vir=BT_STOCK, podjetje=2, cas posnetka=2026-08-31 08:04:54Z, uporabljenih=1389, v karanteni=0, RunId=b2fddda4-27c9-44b5-b466-cc8c4679b4c5. Zapisano ni bilo nic.
11:59:55     Prebranih zapisov: 1389; SHA-256: 058682715bffd19fff2b9f495b58263f25db718d52ac3bd0d3ec24e51395e264
11:59:55     Ta posnetek je ze v bazi; vir=BT_STOCK, podjetje=3, cas posnetka=2026-08-31 08:04:54Z, uporabljenih=1389, v karanteni=0, RunId=88dc0c88-681f-4593-bc53-e5b382d183b5. Zapisano ni bilo nic.
11:59:56     Prebranih zapisov: 1389; SHA-256: 058682715bffd19fff2b9f495b58263f25db718d52ac3bd0d3ec24e51395e264
11:59:56     Ta posnetek je ze v bazi; vir=BT_STOCK, podjetje=4, cas posnetka=2026-08-31 08:04:54Z, uporabljenih=1389, v karanteni=0, RunId=93c4f991-28ff-4038-934f-758421a7eaf4. Zapisano ni bilo nic.
11:59:56     konec: Zaloga BT_STOCK
11:59:56  == Zaloga iz SAOP (kolicine) ==
11:59:57     STDERR: [1] Razpored za SAOP_STOCK ni omogocen; podjetje je preskoceno.
11:59:57     STDERR: [2] Razpored za SAOP_STOCK ni omogocen; podjetje je preskoceno.
11:59:57     STDERR: [3] Razpored za SAOP_STOCK ni omogocen; podjetje je preskoceno.
11:59:57     STDERR: [4] Razpored za SAOP_STOCK ni omogocen; podjetje je preskoceno.
11:59:57     NAPAKA: worker workers\PIM.SaopStockWorker je koncal z izhodno kodo 1
11:59:57  Zalogovni cikel koncan; padlih korakov: 1.
12:04:46  == Zaloga NW_STOCK ==
12:04:47     [NW_STOCK] preskoceno: Razmik dobavitelja se tece; naslednji prenos po 31. 08. 2026 12:59.
12:04:47     Prevzem koncan: uspesno 0, neuspesno 0, skupaj virov 1.
12:04:48     Prebranih zapisov: 2762; SHA-256: a01bf1d5b7184cf901ee78b0e2d3dbfb44a5def1453d19ae7204a070cb3c160c
12:04:48     Ta posnetek je ze v bazi; vir=NW_STOCK, podjetje=1, cas posnetka=2026-08-31 08:59:48Z, uporabljenih=2762, v karanteni=0, RunId=dcb10be3-f869-4a67-9172-af6d63be92c3. Zapisano ni bilo nic.
12:04:49     Prebranih zapisov: 2762; SHA-256: a01bf1d5b7184cf901ee78b0e2d3dbfb44a5def1453d19ae7204a070cb3c160c
12:04:49     Ta posnetek je ze v bazi; vir=NW_STOCK, podjetje=2, cas posnetka=2026-08-31 08:59:48Z, uporabljenih=2762, v karanteni=0, RunId=e546c352-0634-43b8-b1c4-46668ca5cc38. Zapisano ni bilo nic.
12:04:50     Prebranih zapisov: 2762; SHA-256: a01bf1d5b7184cf901ee78b0e2d3dbfb44a5def1453d19ae7204a070cb3c160c
12:04:50     Ta posnetek je ze v bazi; vir=NW_STOCK, podjetje=3, cas posnetka=2026-08-31 08:59:48Z, uporabljenih=2762, v karanteni=0, RunId=4f35a5aa-0842-4e2e-b4b4-4606b0f2f2ec. Zapisano ni bilo nic.
12:04:51     Prebranih zapisov: 2762; SHA-256: a01bf1d5b7184cf901ee78b0e2d3dbfb44a5def1453d19ae7204a070cb3c160c
12:04:51     Ta posnetek je ze v bazi; vir=NW_STOCK, podjetje=4, cas posnetka=2026-08-31 08:59:48Z, uporabljenih=2762, v karanteni=0, RunId=8c4415c2-464f-4cca-9f8e-6115ac3c8c76. Zapisano ni bilo nic.
12:04:51     konec: Zaloga NW_STOCK
12:04:51  == Zaloga BT_STOCK ==
12:04:52     [BT_STOCK] preskoceno: Razmik dobavitelja se tece; naslednji prenos po 31. 08. 2026 13:04.
12:04:52     Prevzem koncan: uspesno 0, neuspesno 0, skupaj virov 1.
12:04:53     Prebranih zapisov: 1389; SHA-256: 058682715bffd19fff2b9f495b58263f25db718d52ac3bd0d3ec24e51395e264
12:04:53     Ta posnetek je ze v bazi; vir=BT_STOCK, podjetje=1, cas posnetka=2026-08-31 08:04:54Z, uporabljenih=1389, v karanteni=0, RunId=04a5862b-816c-4776-a3e4-24380a64cd63. Zapisano ni bilo nic.
12:04:54     Prebranih zapisov: 1389; SHA-256: 058682715bffd19fff2b9f495b58263f25db718d52ac3bd0d3ec24e51395e264
12:04:54     Ta posnetek je ze v bazi; vir=BT_STOCK, podjetje=2, cas posnetka=2026-08-31 08:04:54Z, uporabljenih=1389, v karanteni=0, RunId=b2fddda4-27c9-44b5-b466-cc8c4679b4c5. Zapisano ni bilo nic.
12:04:55     Prebranih zapisov: 1389; SHA-256: 058682715bffd19fff2b9f495b58263f25db718d52ac3bd0d3ec24e51395e264
12:04:55     Ta posnetek je ze v bazi; vir=BT_STOCK, podjetje=3, cas posnetka=2026-08-31 08:04:54Z, uporabljenih=1389, v karanteni=0, RunId=88dc0c88-681f-4593-bc53-e5b382d183b5. Zapisano ni bilo nic.
12:04:56     Prebranih zapisov: 1389; SHA-256: 058682715bffd19fff2b9f495b58263f25db718d52ac3bd0d3ec24e51395e264
12:04:56     Ta posnetek je ze v bazi; vir=BT_STOCK, podjetje=4, cas posnetka=2026-08-31 08:04:54Z, uporabljenih=1389, v karanteni=0, RunId=93c4f991-28ff-4038-934f-758421a7eaf4. Zapisano ni bilo nic.
12:04:56     konec: Zaloga BT_STOCK
12:04:56  == Zaloga iz SAOP (kolicine) ==
12:04:57     STDERR: [1] Razpored za SAOP_STOCK ni omogocen; podjetje je preskoceno.
12:04:57     STDERR: [2] Razpored za SAOP_STOCK ni omogocen; podjetje je preskoceno.
12:04:57     STDERR: [3] Razpored za SAOP_STOCK ni omogocen; podjetje je preskoceno.
12:04:57     STDERR: [4] Razpored za SAOP_STOCK ni omogocen; podjetje je preskoceno.
12:04:57     NAPAKA: worker workers\PIM.SaopStockWorker je koncal z izhodno kodo 1
12:04:57  Zalogovni cikel koncan; padlih korakov: 1.
12:09:46  == Zaloga NW_STOCK ==
12:09:47     [NW_STOCK] preskoceno: Razmik dobavitelja se tece; naslednji prenos po 31. 08. 2026 12:59.
12:09:47     Prevzem koncan: uspesno 0, neuspesno 0, skupaj virov 1.
12:09:48     Prebranih zapisov: 2762; SHA-256: a01bf1d5b7184cf901ee78b0e2d3dbfb44a5def1453d19ae7204a070cb3c160c
12:09:48     Ta posnetek je ze v bazi; vir=NW_STOCK, podjetje=1, cas posnetka=2026-08-31 08:59:48Z, uporabljenih=2762, v karanteni=0, RunId=dcb10be3-f869-4a67-9172-af6d63be92c3. Zapisano ni bilo nic.
12:09:49     Prebranih zapisov: 2762; SHA-256: a01bf1d5b7184cf901ee78b0e2d3dbfb44a5def1453d19ae7204a070cb3c160c
12:09:49     Ta posnetek je ze v bazi; vir=NW_STOCK, podjetje=2, cas posnetka=2026-08-31 08:59:48Z, uporabljenih=2762, v karanteni=0, RunId=e546c352-0634-43b8-b1c4-46668ca5cc38. Zapisano ni bilo nic.
12:09:50     Prebranih zapisov: 2762; SHA-256: a01bf1d5b7184cf901ee78b0e2d3dbfb44a5def1453d19ae7204a070cb3c160c
12:09:50     Ta posnetek je ze v bazi; vir=NW_STOCK, podjetje=3, cas posnetka=2026-08-31 08:59:48Z, uporabljenih=2762, v karanteni=0, RunId=4f35a5aa-0842-4e2e-b4b4-4606b0f2f2ec. Zapisano ni bilo nic.
12:09:51     Prebranih zapisov: 2762; SHA-256: a01bf1d5b7184cf901ee78b0e2d3dbfb44a5def1453d19ae7204a070cb3c160c
12:09:51     Ta posnetek je ze v bazi; vir=NW_STOCK, podjetje=4, cas posnetka=2026-08-31 08:59:48Z, uporabljenih=2762, v karanteni=0, RunId=8c4415c2-464f-4cca-9f8e-6115ac3c8c76. Zapisano ni bilo nic.
12:09:51     konec: Zaloga NW_STOCK
12:09:51  == Zaloga BT_STOCK ==
12:09:52     [BT_STOCK] preskoceno: Razmik dobavitelja se tece; naslednji prenos po 31. 08. 2026 13:04.
12:09:52     Prevzem koncan: uspesno 0, neuspesno 0, skupaj virov 1.
12:09:53     Prebranih zapisov: 1389; SHA-256: 058682715bffd19fff2b9f495b58263f25db718d52ac3bd0d3ec24e51395e264
12:09:53     Ta posnetek je ze v bazi; vir=BT_STOCK, podjetje=1, cas posnetka=2026-08-31 08:04:54Z, uporabljenih=1389, v karanteni=0, RunId=04a5862b-816c-4776-a3e4-24380a64cd63. Zapisano ni bilo nic.
12:09:54     Prebranih zapisov: 1389; SHA-256: 058682715bffd19fff2b9f495b58263f25db718d52ac3bd0d3ec24e51395e264
12:09:54     Ta posnetek je ze v bazi; vir=BT_STOCK, podjetje=2, cas posnetka=2026-08-31 08:04:54Z, uporabljenih=1389, v karanteni=0, RunId=b2fddda4-27c9-44b5-b466-cc8c4679b4c5. Zapisano ni bilo nic.
12:09:55     Prebranih zapisov: 1389; SHA-256: 058682715bffd19fff2b9f495b58263f25db718d52ac3bd0d3ec24e51395e264
12:09:55     Ta posnetek je ze v bazi; vir=BT_STOCK, podjetje=3, cas posnetka=2026-08-31 08:04:54Z, uporabljenih=1389, v karanteni=0, RunId=88dc0c88-681f-4593-bc53-e5b382d183b5. Zapisano ni bilo nic.
12:09:56     Prebranih zapisov: 1389; SHA-256: 058682715bffd19fff2b9f495b58263f25db718d52ac3bd0d3ec24e51395e264
12:09:56     Ta posnetek je ze v bazi; vir=BT_STOCK, podjetje=4, cas posnetka=2026-08-31 08:04:54Z, uporabljenih=1389, v karanteni=0, RunId=93c4f991-28ff-4038-934f-758421a7eaf4. Zapisano ni bilo nic.
12:09:56     konec: Zaloga BT_STOCK
12:09:56  == Zaloga iz SAOP (kolicine) ==
12:09:57     STDERR: [1] Razpored za SAOP_STOCK ni omogocen; podjetje je preskoceno.
12:09:57     STDERR: [2] Razpored za SAOP_STOCK ni omogocen; podjetje je preskoceno.
12:09:57     STDERR: [3] Razpored za SAOP_STOCK ni omogocen; podjetje je preskoceno.
12:09:57     STDERR: [4] Razpored za SAOP_STOCK ni omogocen; podjetje je preskoceno.
12:09:57     NAPAKA: worker workers\PIM.SaopStockWorker je koncal z izhodno kodo 1
12:09:57  Zalogovni cikel koncan; padlih korakov: 1.
12:14:46  == Zaloga NW_STOCK ==
12:14:47     [NW_STOCK] preskoceno: Razmik dobavitelja se tece; naslednji prenos po 31. 08. 2026 12:59.
12:14:47     Prevzem koncan: uspesno 0, neuspesno 0, skupaj virov 1.
12:14:48     Prebranih zapisov: 2762; SHA-256: a01bf1d5b7184cf901ee78b0e2d3dbfb44a5def1453d19ae7204a070cb3c160c
12:14:48     Ta posnetek je ze v bazi; vir=NW_STOCK, podjetje=1, cas posnetka=2026-08-31 08:59:48Z, uporabljenih=2762, v karanteni=0, RunId=dcb10be3-f869-4a67-9172-af6d63be92c3. Zapisano ni bilo nic.
12:14:49     Prebranih zapisov: 2762; SHA-256: a01bf1d5b7184cf901ee78b0e2d3dbfb44a5def1453d19ae7204a070cb3c160c
12:14:49     Ta posnetek je ze v bazi; vir=NW_STOCK, podjetje=2, cas posnetka=2026-08-31 08:59:48Z, uporabljenih=2762, v karanteni=0, RunId=e546c352-0634-43b8-b1c4-46668ca5cc38. Zapisano ni bilo nic.
12:14:50     Prebranih zapisov: 2762; SHA-256: a01bf1d5b7184cf901ee78b0e2d3dbfb44a5def1453d19ae7204a070cb3c160c
12:14:50     Ta posnetek je ze v bazi; vir=NW_STOCK, podjetje=3, cas posnetka=2026-08-31 08:59:48Z, uporabljenih=2762, v karanteni=0, RunId=4f35a5aa-0842-4e2e-b4b4-4606b0f2f2ec. Zapisano ni bilo nic.
12:14:51     Prebranih zapisov: 2762; SHA-256: a01bf1d5b7184cf901ee78b0e2d3dbfb44a5def1453d19ae7204a070cb3c160c
12:14:51     Ta posnetek je ze v bazi; vir=NW_STOCK, podjetje=4, cas posnetka=2026-08-31 08:59:48Z, uporabljenih=2762, v karanteni=0, RunId=8c4415c2-464f-4cca-9f8e-6115ac3c8c76. Zapisano ni bilo nic.
12:14:51     konec: Zaloga NW_STOCK
12:14:51  == Zaloga BT_STOCK ==
12:14:52     [BT_STOCK] preskoceno: Razmik dobavitelja se tece; naslednji prenos po 31. 08. 2026 13:04.
12:14:52     Prevzem koncan: uspesno 0, neuspesno 0, skupaj virov 1.
12:14:53     Prebranih zapisov: 1389; SHA-256: 058682715bffd19fff2b9f495b58263f25db718d52ac3bd0d3ec24e51395e264
12:14:53     Ta posnetek je ze v bazi; vir=BT_STOCK, podjetje=1, cas posnetka=2026-08-31 08:04:54Z, uporabljenih=1389, v karanteni=0, RunId=04a5862b-816c-4776-a3e4-24380a64cd63. Zapisano ni bilo nic.
12:14:54     Prebranih zapisov: 1389; SHA-256: 058682715bffd19fff2b9f495b58263f25db718d52ac3bd0d3ec24e51395e264
12:14:54     Ta posnetek je ze v bazi; vir=BT_STOCK, podjetje=2, cas posnetka=2026-08-31 08:04:54Z, uporabljenih=1389, v karanteni=0, RunId=b2fddda4-27c9-44b5-b466-cc8c4679b4c5. Zapisano ni bilo nic.
12:14:55     Prebranih zapisov: 1389; SHA-256: 058682715bffd19fff2b9f495b58263f25db718d52ac3bd0d3ec24e51395e264
12:14:55     Ta posnetek je ze v bazi; vir=BT_STOCK, podjetje=3, cas posnetka=2026-08-31 08:04:54Z, uporabljenih=1389, v karanteni=0, RunId=88dc0c88-681f-4593-bc53-e5b382d183b5. Zapisano ni bilo nic.
12:14:56     Prebranih zapisov: 1389; SHA-256: 058682715bffd19fff2b9f495b58263f25db718d52ac3bd0d3ec24e51395e264
12:14:56     Ta posnetek je ze v bazi; vir=BT_STOCK, podjetje=4, cas posnetka=2026-08-31 08:04:54Z, uporabljenih=1389, v karanteni=0, RunId=93c4f991-28ff-4038-934f-758421a7eaf4. Zapisano ni bilo nic.
12:14:56     konec: Zaloga BT_STOCK
12:14:56  == Zaloga iz SAOP (kolicine) ==
12:14:57     STDERR: [1] Razpored za SAOP_STOCK ni omogocen; podjetje je preskoceno.
12:14:57     STDERR: [2] Razpored za SAOP_STOCK ni omogocen; podjetje je preskoceno.
12:14:57     STDERR: [3] Razpored za SAOP_STOCK ni omogocen; podjetje je preskoceno.
12:14:57     STDERR: [4] Razpored za SAOP_STOCK ni omogocen; podjetje je preskoceno.
12:14:57     NAPAKA: worker workers\PIM.SaopStockWorker je koncal z izhodno kodo 1
12:14:57  Zalogovni cikel koncan; padlih korakov: 1.
12:19:46  == Zaloga NW_STOCK ==
12:19:47     [NW_STOCK] preskoceno: Razmik dobavitelja se tece; naslednji prenos po 31. 08. 2026 12:59.
12:19:47     Prevzem koncan: uspesno 0, neuspesno 0, skupaj virov 1.
12:19:48     Prebranih zapisov: 2762; SHA-256: a01bf1d5b7184cf901ee78b0e2d3dbfb44a5def1453d19ae7204a070cb3c160c
12:19:48     Ta posnetek je ze v bazi; vir=NW_STOCK, podjetje=1, cas posnetka=2026-08-31 08:59:48Z, uporabljenih=2762, v karanteni=0, RunId=dcb10be3-f869-4a67-9172-af6d63be92c3. Zapisano ni bilo nic.
12:19:49     Prebranih zapisov: 2762; SHA-256: a01bf1d5b7184cf901ee78b0e2d3dbfb44a5def1453d19ae7204a070cb3c160c
12:19:49     Ta posnetek je ze v bazi; vir=NW_STOCK, podjetje=2, cas posnetka=2026-08-31 08:59:48Z, uporabljenih=2762, v karanteni=0, RunId=e546c352-0634-43b8-b1c4-46668ca5cc38. Zapisano ni bilo nic.
12:19:50     Prebranih zapisov: 2762; SHA-256: a01bf1d5b7184cf901ee78b0e2d3dbfb44a5def1453d19ae7204a070cb3c160c
12:19:50     Ta posnetek je ze v bazi; vir=NW_STOCK, podjetje=3, cas posnetka=2026-08-31 08:59:48Z, uporabljenih=2762, v karanteni=0, RunId=4f35a5aa-0842-4e2e-b4b4-4606b0f2f2ec. Zapisano ni bilo nic.
12:19:51     Prebranih zapisov: 2762; SHA-256: a01bf1d5b7184cf901ee78b0e2d3dbfb44a5def1453d19ae7204a070cb3c160c
12:19:51     Ta posnetek je ze v bazi; vir=NW_STOCK, podjetje=4, cas posnetka=2026-08-31 08:59:48Z, uporabljenih=2762, v karanteni=0, RunId=8c4415c2-464f-4cca-9f8e-6115ac3c8c76. Zapisano ni bilo nic.
12:19:51     konec: Zaloga NW_STOCK
12:19:51  == Zaloga BT_STOCK ==
12:19:52     [BT_STOCK] preskoceno: Razmik dobavitelja se tece; naslednji prenos po 31. 08. 2026 13:04.
12:19:52     Prevzem koncan: uspesno 0, neuspesno 0, skupaj virov 1.
12:19:53     Prebranih zapisov: 1389; SHA-256: 058682715bffd19fff2b9f495b58263f25db718d52ac3bd0d3ec24e51395e264
12:19:53     Ta posnetek je ze v bazi; vir=BT_STOCK, podjetje=1, cas posnetka=2026-08-31 08:04:54Z, uporabljenih=1389, v karanteni=0, RunId=04a5862b-816c-4776-a3e4-24380a64cd63. Zapisano ni bilo nic.
12:19:54     Prebranih zapisov: 1389; SHA-256: 058682715bffd19fff2b9f495b58263f25db718d52ac3bd0d3ec24e51395e264
12:19:54     Ta posnetek je ze v bazi; vir=BT_STOCK, podjetje=2, cas posnetka=2026-08-31 08:04:54Z, uporabljenih=1389, v karanteni=0, RunId=b2fddda4-27c9-44b5-b466-cc8c4679b4c5. Zapisano ni bilo nic.
12:19:55     Prebranih zapisov: 1389; SHA-256: 058682715bffd19fff2b9f495b58263f25db718d52ac3bd0d3ec24e51395e264
12:19:55     Ta posnetek je ze v bazi; vir=BT_STOCK, podjetje=3, cas posnetka=2026-08-31 08:04:54Z, uporabljenih=1389, v karanteni=0, RunId=88dc0c88-681f-4593-bc53-e5b382d183b5. Zapisano ni bilo nic.
12:19:56     Prebranih zapisov: 1389; SHA-256: 058682715bffd19fff2b9f495b58263f25db718d52ac3bd0d3ec24e51395e264
12:19:56     Ta posnetek je ze v bazi; vir=BT_STOCK, podjetje=4, cas posnetka=2026-08-31 08:04:54Z, uporabljenih=1389, v karanteni=0, RunId=93c4f991-28ff-4038-934f-758421a7eaf4. Zapisano ni bilo nic.
12:19:56     konec: Zaloga BT_STOCK
12:19:56  == Zaloga iz SAOP (kolicine) ==
12:19:57     STDERR: [1] Razpored za SAOP_STOCK ni omogocen; podjetje je preskoceno.
12:19:57     STDERR: [2] Razpored za SAOP_STOCK ni omogocen; podjetje je preskoceno.
12:19:57     STDERR: [3] Razpored za SAOP_STOCK ni omogocen; podjetje je preskoceno.
12:19:57     STDERR: [4] Razpored za SAOP_STOCK ni omogocen; podjetje je preskoceno.
12:19:57     NAPAKA: worker workers\PIM.SaopStockWorker je koncal z izhodno kodo 1
12:19:57  Zalogovni cikel koncan; padlih korakov: 1.
12:24:46  == Zaloga NW_STOCK ==
12:24:47     [NW_STOCK] preskoceno: Razmik dobavitelja se tece; naslednji prenos po 31. 08. 2026 12:59.
12:24:47     Prevzem koncan: uspesno 0, neuspesno 0, skupaj virov 1.
12:24:48     Prebranih zapisov: 2762; SHA-256: a01bf1d5b7184cf901ee78b0e2d3dbfb44a5def1453d19ae7204a070cb3c160c
12:24:48     Ta posnetek je ze v bazi; vir=NW_STOCK, podjetje=1, cas posnetka=2026-08-31 08:59:48Z, uporabljenih=2762, v karanteni=0, RunId=dcb10be3-f869-4a67-9172-af6d63be92c3. Zapisano ni bilo nic.
12:24:49     Prebranih zapisov: 2762; SHA-256: a01bf1d5b7184cf901ee78b0e2d3dbfb44a5def1453d19ae7204a070cb3c160c
12:24:49     Ta posnetek je ze v bazi; vir=NW_STOCK, podjetje=2, cas posnetka=2026-08-31 08:59:48Z, uporabljenih=2762, v karanteni=0, RunId=e546c352-0634-43b8-b1c4-46668ca5cc38. Zapisano ni bilo nic.
12:24:50     Prebranih zapisov: 2762; SHA-256: a01bf1d5b7184cf901ee78b0e2d3dbfb44a5def1453d19ae7204a070cb3c160c
12:24:50     Ta posnetek je ze v bazi; vir=NW_STOCK, podjetje=3, cas posnetka=2026-08-31 08:59:48Z, uporabljenih=2762, v karanteni=0, RunId=4f35a5aa-0842-4e2e-b4b4-4606b0f2f2ec. Zapisano ni bilo nic.
12:24:51     Prebranih zapisov: 2762; SHA-256: a01bf1d5b7184cf901ee78b0e2d3dbfb44a5def1453d19ae7204a070cb3c160c
12:24:51     Ta posnetek je ze v bazi; vir=NW_STOCK, podjetje=4, cas posnetka=2026-08-31 08:59:48Z, uporabljenih=2762, v karanteni=0, RunId=8c4415c2-464f-4cca-9f8e-6115ac3c8c76. Zapisano ni bilo nic.
12:24:51     konec: Zaloga NW_STOCK
12:24:51  == Zaloga BT_STOCK ==
12:24:52     [BT_STOCK] preskoceno: Razmik dobavitelja se tece; naslednji prenos po 31. 08. 2026 13:04.
12:24:52     Prevzem koncan: uspesno 0, neuspesno 0, skupaj virov 1.
12:24:53     Prebranih zapisov: 1389; SHA-256: 058682715bffd19fff2b9f495b58263f25db718d52ac3bd0d3ec24e51395e264
12:24:53     Ta posnetek je ze v bazi; vir=BT_STOCK, podjetje=1, cas posnetka=2026-08-31 08:04:54Z, uporabljenih=1389, v karanteni=0, RunId=04a5862b-816c-4776-a3e4-24380a64cd63. Zapisano ni bilo nic.
12:24:54     Prebranih zapisov: 1389; SHA-256: 058682715bffd19fff2b9f495b58263f25db718d52ac3bd0d3ec24e51395e264
12:24:54     Ta posnetek je ze v bazi; vir=BT_STOCK, podjetje=2, cas posnetka=2026-08-31 08:04:54Z, uporabljenih=1389, v karanteni=0, RunId=b2fddda4-27c9-44b5-b466-cc8c4679b4c5. Zapisano ni bilo nic.
12:24:55     Prebranih zapisov: 1389; SHA-256: 058682715bffd19fff2b9f495b58263f25db718d52ac3bd0d3ec24e51395e264
12:24:55     Ta posnetek je ze v bazi; vir=BT_STOCK, podjetje=3, cas posnetka=2026-08-31 08:04:54Z, uporabljenih=1389, v karanteni=0, RunId=88dc0c88-681f-4593-bc53-e5b382d183b5. Zapisano ni bilo nic.
12:24:56     Prebranih zapisov: 1389; SHA-256: 058682715bffd19fff2b9f495b58263f25db718d52ac3bd0d3ec24e51395e264
12:24:56     Ta posnetek je ze v bazi; vir=BT_STOCK, podjetje=4, cas posnetka=2026-08-31 08:04:54Z, uporabljenih=1389, v karanteni=0, RunId=93c4f991-28ff-4038-934f-758421a7eaf4. Zapisano ni bilo nic.
12:24:56     konec: Zaloga BT_STOCK
12:24:56  == Zaloga iz SAOP (kolicine) ==
12:24:57     STDERR: [1] Razpored za SAOP_STOCK ni omogocen; podjetje je preskoceno.
12:24:57     STDERR: [2] Razpored za SAOP_STOCK ni omogocen; podjetje je preskoceno.
12:24:57     STDERR: [3] Razpored za SAOP_STOCK ni omogocen; podjetje je preskoceno.
12:24:57     STDERR: [4] Razpored za SAOP_STOCK ni omogocen; podjetje je preskoceno.
12:24:57     NAPAKA: worker workers\PIM.SaopStockWorker je koncal z izhodno kodo 1
12:24:57  Zalogovni cikel koncan; padlih korakov: 1.
12:29:46  == Zaloga NW_STOCK ==
12:29:47     [NW_STOCK] preskoceno: Razmik dobavitelja se tece; naslednji prenos po 31. 08. 2026 12:59.
12:29:47     Prevzem koncan: uspesno 0, neuspesno 0, skupaj virov 1.
12:29:48     Prebranih zapisov: 2762; SHA-256: a01bf1d5b7184cf901ee78b0e2d3dbfb44a5def1453d19ae7204a070cb3c160c
12:29:48     Ta posnetek je ze v bazi; vir=NW_STOCK, podjetje=1, cas posnetka=2026-08-31 08:59:48Z, uporabljenih=2762, v karanteni=0, RunId=dcb10be3-f869-4a67-9172-af6d63be92c3. Zapisano ni bilo nic.
12:29:49     Prebranih zapisov: 2762; SHA-256: a01bf1d5b7184cf901ee78b0e2d3dbfb44a5def1453d19ae7204a070cb3c160c
12:29:49     Ta posnetek je ze v bazi; vir=NW_STOCK, podjetje=2, cas posnetka=2026-08-31 08:59:48Z, uporabljenih=2762, v karanteni=0, RunId=e546c352-0634-43b8-b1c4-46668ca5cc38. Zapisano ni bilo nic.
12:29:50     Prebranih zapisov: 2762; SHA-256: a01bf1d5b7184cf901ee78b0e2d3dbfb44a5def1453d19ae7204a070cb3c160c
12:29:50     Ta posnetek je ze v bazi; vir=NW_STOCK, podjetje=3, cas posnetka=2026-08-31 08:59:48Z, uporabljenih=2762, v karanteni=0, RunId=4f35a5aa-0842-4e2e-b4b4-4606b0f2f2ec. Zapisano ni bilo nic.
12:29:51     Prebranih zapisov: 2762; SHA-256: a01bf1d5b7184cf901ee78b0e2d3dbfb44a5def1453d19ae7204a070cb3c160c
12:29:51     Ta posnetek je ze v bazi; vir=NW_STOCK, podjetje=4, cas posnetka=2026-08-31 08:59:48Z, uporabljenih=2762, v karanteni=0, RunId=8c4415c2-464f-4cca-9f8e-6115ac3c8c76. Zapisano ni bilo nic.
12:29:51     konec: Zaloga NW_STOCK
12:29:51  == Zaloga BT_STOCK ==
12:29:52     [BT_STOCK] preskoceno: Razmik dobavitelja se tece; naslednji prenos po 31. 08. 2026 13:04.
12:29:52     Prevzem koncan: uspesno 0, neuspesno 0, skupaj virov 1.
12:29:53     Prebranih zapisov: 1389; SHA-256: 058682715bffd19fff2b9f495b58263f25db718d52ac3bd0d3ec24e51395e264
12:29:53     Ta posnetek je ze v bazi; vir=BT_STOCK, podjetje=1, cas posnetka=2026-08-31 08:04:54Z, uporabljenih=1389, v karanteni=0, RunId=04a5862b-816c-4776-a3e4-24380a64cd63. Zapisano ni bilo nic.
12:29:54     Prebranih zapisov: 1389; SHA-256: 058682715bffd19fff2b9f495b58263f25db718d52ac3bd0d3ec24e51395e264
12:29:54     Ta posnetek je ze v bazi; vir=BT_STOCK, podjetje=2, cas posnetka=2026-08-31 08:04:54Z, uporabljenih=1389, v karanteni=0, RunId=b2fddda4-27c9-44b5-b466-cc8c4679b4c5. Zapisano ni bilo nic.
12:29:55     Prebranih zapisov: 1389; SHA-256: 058682715bffd19fff2b9f495b58263f25db718d52ac3bd0d3ec24e51395e264
12:29:55     Ta posnetek je ze v bazi; vir=BT_STOCK, podjetje=3, cas posnetka=2026-08-31 08:04:54Z, uporabljenih=1389, v karanteni=0, RunId=88dc0c88-681f-4593-bc53-e5b382d183b5. Zapisano ni bilo nic.
12:29:56     Prebranih zapisov: 1389; SHA-256: 058682715bffd19fff2b9f495b58263f25db718d52ac3bd0d3ec24e51395e264
12:29:56     Ta posnetek je ze v bazi; vir=BT_STOCK, podjetje=4, cas posnetka=2026-08-31 08:04:54Z, uporabljenih=1389, v karanteni=0, RunId=93c4f991-28ff-4038-934f-758421a7eaf4. Zapisano ni bilo nic.
12:29:56     konec: Zaloga BT_STOCK
12:29:56  == Zaloga iz SAOP (kolicine) ==
12:29:57     STDERR: [1] Razpored za SAOP_STOCK ni omogocen; podjetje je preskoceno.
12:29:57     STDERR: [2] Razpored za SAOP_STOCK ni omogocen; podjetje je preskoceno.
12:29:57     STDERR: [3] Razpored za SAOP_STOCK ni omogocen; podjetje je preskoceno.
12:29:57     STDERR: [4] Razpored za SAOP_STOCK ni omogocen; podjetje je preskoceno.
12:29:57     NAPAKA: worker workers\PIM.SaopStockWorker je koncal z izhodno kodo 1
12:29:57  Zalogovni cikel koncan; padlih korakov: 1.
12:34:46  == Zaloga NW_STOCK ==
12:34:47     [NW_STOCK] preskoceno: Razmik dobavitelja se tece; naslednji prenos po 31. 08. 2026 12:59.
12:34:47     Prevzem koncan: uspesno 0, neuspesno 0, skupaj virov 1.
12:34:48     Prebranih zapisov: 2762; SHA-256: a01bf1d5b7184cf901ee78b0e2d3dbfb44a5def1453d19ae7204a070cb3c160c
12:34:48     Ta posnetek je ze v bazi; vir=NW_STOCK, podjetje=1, cas posnetka=2026-08-31 08:59:48Z, uporabljenih=2762, v karanteni=0, RunId=dcb10be3-f869-4a67-9172-af6d63be92c3. Zapisano ni bilo nic.
12:34:49     Prebranih zapisov: 2762; SHA-256: a01bf1d5b7184cf901ee78b0e2d3dbfb44a5def1453d19ae7204a070cb3c160c
12:34:49     Ta posnetek je ze v bazi; vir=NW_STOCK, podjetje=2, cas posnetka=2026-08-31 08:59:48Z, uporabljenih=2762, v karanteni=0, RunId=e546c352-0634-43b8-b1c4-46668ca5cc38. Zapisano ni bilo nic.
12:34:50     Prebranih zapisov: 2762; SHA-256: a01bf1d5b7184cf901ee78b0e2d3dbfb44a5def1453d19ae7204a070cb3c160c
12:34:50     Ta posnetek je ze v bazi; vir=NW_STOCK, podjetje=3, cas posnetka=2026-08-31 08:59:48Z, uporabljenih=2762, v karanteni=0, RunId=4f35a5aa-0842-4e2e-b4b4-4606b0f2f2ec. Zapisano ni bilo nic.
12:34:51     Prebranih zapisov: 2762; SHA-256: a01bf1d5b7184cf901ee78b0e2d3dbfb44a5def1453d19ae7204a070cb3c160c
12:34:51     Ta posnetek je ze v bazi; vir=NW_STOCK, podjetje=4, cas posnetka=2026-08-31 08:59:48Z, uporabljenih=2762, v karanteni=0, RunId=8c4415c2-464f-4cca-9f8e-6115ac3c8c76. Zapisano ni bilo nic.
12:34:51     konec: Zaloga NW_STOCK
12:34:51  == Zaloga BT_STOCK ==
12:34:52     [BT_STOCK] preskoceno: Razmik dobavitelja se tece; naslednji prenos po 31. 08. 2026 13:04.
12:34:52     Prevzem koncan: uspesno 0, neuspesno 0, skupaj virov 1.
12:34:53     Prebranih zapisov: 1389; SHA-256: 058682715bffd19fff2b9f495b58263f25db718d52ac3bd0d3ec24e51395e264
12:34:53     Ta posnetek je ze v bazi; vir=BT_STOCK, podjetje=1, cas posnetka=2026-08-31 08:04:54Z, uporabljenih=1389, v karanteni=0, RunId=04a5862b-816c-4776-a3e4-24380a64cd63. Zapisano ni bilo nic.
12:34:54     Prebranih zapisov: 1389; SHA-256: 058682715bffd19fff2b9f495b58263f25db718d52ac3bd0d3ec24e51395e264
12:34:54     Ta posnetek je ze v bazi; vir=BT_STOCK, podjetje=2, cas posnetka=2026-08-31 08:04:54Z, uporabljenih=1389, v karanteni=0, RunId=b2fddda4-27c9-44b5-b466-cc8c4679b4c5. Zapisano ni bilo nic.
12:34:55     Prebranih zapisov: 1389; SHA-256: 058682715bffd19fff2b9f495b58263f25db718d52ac3bd0d3ec24e51395e264
12:34:55     Ta posnetek je ze v bazi; vir=BT_STOCK, podjetje=3, cas posnetka=2026-08-31 08:04:54Z, uporabljenih=1389, v karanteni=0, RunId=88dc0c88-681f-4593-bc53-e5b382d183b5. Zapisano ni bilo nic.
12:34:56     Prebranih zapisov: 1389; SHA-256: 058682715bffd19fff2b9f495b58263f25db718d52ac3bd0d3ec24e51395e264
12:34:56     Ta posnetek je ze v bazi; vir=BT_STOCK, podjetje=4, cas posnetka=2026-08-31 08:04:54Z, uporabljenih=1389, v karanteni=0, RunId=93c4f991-28ff-4038-934f-758421a7eaf4. Zapisano ni bilo nic.
12:34:56     konec: Zaloga BT_STOCK
12:34:56  == Zaloga iz SAOP (kolicine) ==
12:34:57     STDERR: [1] Razpored za SAOP_STOCK ni omogocen; podjetje je preskoceno.
12:34:57     STDERR: [2] Razpored za SAOP_STOCK ni omogocen; podjetje je preskoceno.
12:34:57     STDERR: [3] Razpored za SAOP_STOCK ni omogocen; podjetje je preskoceno.
12:34:57     STDERR: [4] Razpored za SAOP_STOCK ni omogocen; podjetje je preskoceno.
12:34:57     NAPAKA: worker workers\PIM.SaopStockWorker je koncal z izhodno kodo 1
12:34:57  Zalogovni cikel koncan; padlih korakov: 1.
12:39:46  == Zaloga NW_STOCK ==
12:39:47     [NW_STOCK] preskoceno: Razmik dobavitelja se tece; naslednji prenos po 31. 08. 2026 12:59.
12:39:47     Prevzem koncan: uspesno 0, neuspesno 0, skupaj virov 1.
12:39:48     Prebranih zapisov: 2762; SHA-256: a01bf1d5b7184cf901ee78b0e2d3dbfb44a5def1453d19ae7204a070cb3c160c
12:39:48     Ta posnetek je ze v bazi; vir=NW_STOCK, podjetje=1, cas posnetka=2026-08-31 08:59:48Z, uporabljenih=2762, v karanteni=0, RunId=dcb10be3-f869-4a67-9172-af6d63be92c3. Zapisano ni bilo nic.
12:39:49     Prebranih zapisov: 2762; SHA-256: a01bf1d5b7184cf901ee78b0e2d3dbfb44a5def1453d19ae7204a070cb3c160c
12:39:49     Ta posnetek je ze v bazi; vir=NW_STOCK, podjetje=2, cas posnetka=2026-08-31 08:59:48Z, uporabljenih=2762, v karanteni=0, RunId=e546c352-0634-43b8-b1c4-46668ca5cc38. Zapisano ni bilo nic.
12:39:50     Prebranih zapisov: 2762; SHA-256: a01bf1d5b7184cf901ee78b0e2d3dbfb44a5def1453d19ae7204a070cb3c160c
12:39:50     Ta posnetek je ze v bazi; vir=NW_STOCK, podjetje=3, cas posnetka=2026-08-31 08:59:48Z, uporabljenih=2762, v karanteni=0, RunId=4f35a5aa-0842-4e2e-b4b4-4606b0f2f2ec. Zapisano ni bilo nic.
12:39:51     Prebranih zapisov: 2762; SHA-256: a01bf1d5b7184cf901ee78b0e2d3dbfb44a5def1453d19ae7204a070cb3c160c
12:39:51     Ta posnetek je ze v bazi; vir=NW_STOCK, podjetje=4, cas posnetka=2026-08-31 08:59:48Z, uporabljenih=2762, v karanteni=0, RunId=8c4415c2-464f-4cca-9f8e-6115ac3c8c76. Zapisano ni bilo nic.
12:39:51     konec: Zaloga NW_STOCK
12:39:51  == Zaloga BT_STOCK ==
12:39:52     [BT_STOCK] preskoceno: Razmik dobavitelja se tece; naslednji prenos po 31. 08. 2026 13:04.
12:39:52     Prevzem koncan: uspesno 0, neuspesno 0, skupaj virov 1.
12:39:53     Prebranih zapisov: 1389; SHA-256: 058682715bffd19fff2b9f495b58263f25db718d52ac3bd0d3ec24e51395e264
12:39:53     Ta posnetek je ze v bazi; vir=BT_STOCK, podjetje=1, cas posnetka=2026-08-31 08:04:54Z, uporabljenih=1389, v karanteni=0, RunId=04a5862b-816c-4776-a3e4-24380a64cd63. Zapisano ni bilo nic.
12:39:54     Prebranih zapisov: 1389; SHA-256: 058682715bffd19fff2b9f495b58263f25db718d52ac3bd0d3ec24e51395e264
12:39:54     Ta posnetek je ze v bazi; vir=BT_STOCK, podjetje=2, cas posnetka=2026-08-31 08:04:54Z, uporabljenih=1389, v karanteni=0, RunId=b2fddda4-27c9-44b5-b466-cc8c4679b4c5. Zapisano ni bilo nic.
12:39:55     Prebranih zapisov: 1389; SHA-256: 058682715bffd19fff2b9f495b58263f25db718d52ac3bd0d3ec24e51395e264
12:39:55     Ta posnetek je ze v bazi; vir=BT_STOCK, podjetje=3, cas posnetka=2026-08-31 08:04:54Z, uporabljenih=1389, v karanteni=0, RunId=88dc0c88-681f-4593-bc53-e5b382d183b5. Zapisano ni bilo nic.
12:39:56     Prebranih zapisov: 1389; SHA-256: 058682715bffd19fff2b9f495b58263f25db718d52ac3bd0d3ec24e51395e264
12:39:56     Ta posnetek je ze v bazi; vir=BT_STOCK, podjetje=4, cas posnetka=2026-08-31 08:04:54Z, uporabljenih=1389, v karanteni=0, RunId=93c4f991-28ff-4038-934f-758421a7eaf4. Zapisano ni bilo nic.
12:39:56     konec: Zaloga BT_STOCK
12:39:56  == Zaloga iz SAOP (kolicine) ==
12:39:57     STDERR: [1] Razpored za SAOP_STOCK ni omogocen; podjetje je preskoceno.
12:39:57     STDERR: [2] Razpored za SAOP_STOCK ni omogocen; podjetje je preskoceno.
12:39:57     STDERR: [3] Razpored za SAOP_STOCK ni omogocen; podjetje je preskoceno.
12:39:57     STDERR: [4] Razpored za SAOP_STOCK ni omogocen; podjetje je preskoceno.
12:39:57     NAPAKA: worker workers\PIM.SaopStockWorker je koncal z izhodno kodo 1
12:39:57  Zalogovni cikel koncan; padlih korakov: 1.
12:44:46  == Zaloga NW_STOCK ==
12:44:47     [NW_STOCK] preskoceno: Razmik dobavitelja se tece; naslednji prenos po 31. 08. 2026 12:59.
12:44:47     Prevzem koncan: uspesno 0, neuspesno 0, skupaj virov 1.
12:44:48     Prebranih zapisov: 2762; SHA-256: a01bf1d5b7184cf901ee78b0e2d3dbfb44a5def1453d19ae7204a070cb3c160c
12:44:48     Ta posnetek je ze v bazi; vir=NW_STOCK, podjetje=1, cas posnetka=2026-08-31 08:59:48Z, uporabljenih=2762, v karanteni=0, RunId=dcb10be3-f869-4a67-9172-af6d63be92c3. Zapisano ni bilo nic.
12:44:49     Prebranih zapisov: 2762; SHA-256: a01bf1d5b7184cf901ee78b0e2d3dbfb44a5def1453d19ae7204a070cb3c160c
12:44:49     Ta posnetek je ze v bazi; vir=NW_STOCK, podjetje=2, cas posnetka=2026-08-31 08:59:48Z, uporabljenih=2762, v karanteni=0, RunId=e546c352-0634-43b8-b1c4-46668ca5cc38. Zapisano ni bilo nic.
12:44:50     Prebranih zapisov: 2762; SHA-256: a01bf1d5b7184cf901ee78b0e2d3dbfb44a5def1453d19ae7204a070cb3c160c
12:44:50     Ta posnetek je ze v bazi; vir=NW_STOCK, podjetje=3, cas posnetka=2026-08-31 08:59:48Z, uporabljenih=2762, v karanteni=0, RunId=4f35a5aa-0842-4e2e-b4b4-4606b0f2f2ec. Zapisano ni bilo nic.
12:44:51     Prebranih zapisov: 2762; SHA-256: a01bf1d5b7184cf901ee78b0e2d3dbfb44a5def1453d19ae7204a070cb3c160c
12:44:51     Ta posnetek je ze v bazi; vir=NW_STOCK, podjetje=4, cas posnetka=2026-08-31 08:59:48Z, uporabljenih=2762, v karanteni=0, RunId=8c4415c2-464f-4cca-9f8e-6115ac3c8c76. Zapisano ni bilo nic.
12:44:51     konec: Zaloga NW_STOCK
12:44:51  == Zaloga BT_STOCK ==
12:44:52     [BT_STOCK] preskoceno: Razmik dobavitelja se tece; naslednji prenos po 31. 08. 2026 13:04.
12:44:52     Prevzem koncan: uspesno 0, neuspesno 0, skupaj virov 1.
12:44:53     Prebranih zapisov: 1389; SHA-256: 058682715bffd19fff2b9f495b58263f25db718d52ac3bd0d3ec24e51395e264
12:44:53     Ta posnetek je ze v bazi; vir=BT_STOCK, podjetje=1, cas posnetka=2026-08-31 08:04:54Z, uporabljenih=1389, v karanteni=0, RunId=04a5862b-816c-4776-a3e4-24380a64cd63. Zapisano ni bilo nic.
12:44:54     Prebranih zapisov: 1389; SHA-256: 058682715bffd19fff2b9f495b58263f25db718d52ac3bd0d3ec24e51395e264
12:44:54     Ta posnetek je ze v bazi; vir=BT_STOCK, podjetje=2, cas posnetka=2026-08-31 08:04:54Z, uporabljenih=1389, v karanteni=0, RunId=b2fddda4-27c9-44b5-b466-cc8c4679b4c5. Zapisano ni bilo nic.
12:44:55     Prebranih zapisov: 1389; SHA-256: 058682715bffd19fff2b9f495b58263f25db718d52ac3bd0d3ec24e51395e264
12:44:55     Ta posnetek je ze v bazi; vir=BT_STOCK, podjetje=3, cas posnetka=2026-08-31 08:04:54Z, uporabljenih=1389, v karanteni=0, RunId=88dc0c88-681f-4593-bc53-e5b382d183b5. Zapisano ni bilo nic.
12:44:56     Prebranih zapisov: 1389; SHA-256: 058682715bffd19fff2b9f495b58263f25db718d52ac3bd0d3ec24e51395e264
12:44:56     Ta posnetek je ze v bazi; vir=BT_STOCK, podjetje=4, cas posnetka=2026-08-31 08:04:54Z, uporabljenih=1389, v karanteni=0, RunId=93c4f991-28ff-4038-934f-758421a7eaf4. Zapisano ni bilo nic.
12:44:56     konec: Zaloga BT_STOCK
12:44:56  == Zaloga iz SAOP (kolicine) ==
12:44:57     STDERR: [1] Razpored za SAOP_STOCK ni omogocen; podjetje je preskoceno.
12:44:57     STDERR: [2] Razpored za SAOP_STOCK ni omogocen; podjetje je preskoceno.
12:44:57     STDERR: [3] Razpored za SAOP_STOCK ni omogocen; podjetje je preskoceno.
12:44:57     STDERR: [4] Razpored za SAOP_STOCK ni omogocen; podjetje je preskoceno.
12:44:57     NAPAKA: worker workers\PIM.SaopStockWorker je koncal z izhodno kodo 1
12:44:57  Zalogovni cikel koncan; padlih korakov: 1.
12:49:46  == Zaloga NW_STOCK ==
12:49:47     [NW_STOCK] preskoceno: Razmik dobavitelja se tece; naslednji prenos po 31. 08. 2026 12:59.
12:49:47     Prevzem koncan: uspesno 0, neuspesno 0, skupaj virov 1.
12:49:48     Prebranih zapisov: 2762; SHA-256: a01bf1d5b7184cf901ee78b0e2d3dbfb44a5def1453d19ae7204a070cb3c160c
12:49:48     Ta posnetek je ze v bazi; vir=NW_STOCK, podjetje=1, cas posnetka=2026-08-31 08:59:48Z, uporabljenih=2762, v karanteni=0, RunId=dcb10be3-f869-4a67-9172-af6d63be92c3. Zapisano ni bilo nic.
12:49:49     Prebranih zapisov: 2762; SHA-256: a01bf1d5b7184cf901ee78b0e2d3dbfb44a5def1453d19ae7204a070cb3c160c
12:49:49     Ta posnetek je ze v bazi; vir=NW_STOCK, podjetje=2, cas posnetka=2026-08-31 08:59:48Z, uporabljenih=2762, v karanteni=0, RunId=e546c352-0634-43b8-b1c4-46668ca5cc38. Zapisano ni bilo nic.
12:49:50     Prebranih zapisov: 2762; SHA-256: a01bf1d5b7184cf901ee78b0e2d3dbfb44a5def1453d19ae7204a070cb3c160c
12:49:50     Ta posnetek je ze v bazi; vir=NW_STOCK, podjetje=3, cas posnetka=2026-08-31 08:59:48Z, uporabljenih=2762, v karanteni=0, RunId=4f35a5aa-0842-4e2e-b4b4-4606b0f2f2ec. Zapisano ni bilo nic.
12:49:51     Prebranih zapisov: 2762; SHA-256: a01bf1d5b7184cf901ee78b0e2d3dbfb44a5def1453d19ae7204a070cb3c160c
12:49:51     Ta posnetek je ze v bazi; vir=NW_STOCK, podjetje=4, cas posnetka=2026-08-31 08:59:48Z, uporabljenih=2762, v karanteni=0, RunId=8c4415c2-464f-4cca-9f8e-6115ac3c8c76. Zapisano ni bilo nic.
12:49:51     konec: Zaloga NW_STOCK
12:49:51  == Zaloga BT_STOCK ==
12:49:52     [BT_STOCK] preskoceno: Razmik dobavitelja se tece; naslednji prenos po 31. 08. 2026 13:04.
12:49:52     Prevzem koncan: uspesno 0, neuspesno 0, skupaj virov 1.
12:49:53     Prebranih zapisov: 1389; SHA-256: 058682715bffd19fff2b9f495b58263f25db718d52ac3bd0d3ec24e51395e264
12:49:53     Ta posnetek je ze v bazi; vir=BT_STOCK, podjetje=1, cas posnetka=2026-08-31 08:04:54Z, uporabljenih=1389, v karanteni=0, RunId=04a5862b-816c-4776-a3e4-24380a64cd63. Zapisano ni bilo nic.
12:49:54     Prebranih zapisov: 1389; SHA-256: 058682715bffd19fff2b9f495b58263f25db718d52ac3bd0d3ec24e51395e264
12:49:54     Ta posnetek je ze v bazi; vir=BT_STOCK, podjetje=2, cas posnetka=2026-08-31 08:04:54Z, uporabljenih=1389, v karanteni=0, RunId=b2fddda4-27c9-44b5-b466-cc8c4679b4c5. Zapisano ni bilo nic.
12:49:55     Prebranih zapisov: 1389; SHA-256: 058682715bffd19fff2b9f495b58263f25db718d52ac3bd0d3ec24e51395e264
12:49:55     Ta posnetek je ze v bazi; vir=BT_STOCK, podjetje=3, cas posnetka=2026-08-31 08:04:54Z, uporabljenih=1389, v karanteni=0, RunId=88dc0c88-681f-4593-bc53-e5b382d183b5. Zapisano ni bilo nic.
12:49:56     Prebranih zapisov: 1389; SHA-256: 058682715bffd19fff2b9f495b58263f25db718d52ac3bd0d3ec24e51395e264
12:49:56     Ta posnetek je ze v bazi; vir=BT_STOCK, podjetje=4, cas posnetka=2026-08-31 08:04:54Z, uporabljenih=1389, v karanteni=0, RunId=93c4f991-28ff-4038-934f-758421a7eaf4. Zapisano ni bilo nic.
12:49:56     konec: Zaloga BT_STOCK
12:49:56  == Zaloga iz SAOP (kolicine) ==
12:49:57     STDERR: [1] Razpored za SAOP_STOCK ni omogocen; podjetje je preskoceno.
12:49:57     STDERR: [2] Razpored za SAOP_STOCK ni omogocen; podjetje je preskoceno.
12:49:57     STDERR: [3] Razpored za SAOP_STOCK ni omogocen; podjetje je preskoceno.
12:49:57     STDERR: [4] Razpored za SAOP_STOCK ni omogocen; podjetje je preskoceno.
12:49:57     NAPAKA: worker workers\PIM.SaopStockWorker je koncal z izhodno kodo 1
12:49:57  Zalogovni cikel koncan; padlih korakov: 1.
12:54:46  == Zaloga NW_STOCK ==
12:54:47     [NW_STOCK] preskoceno: Razmik dobavitelja se tece; naslednji prenos po 31. 08. 2026 12:59.
12:54:47     Prevzem koncan: uspesno 0, neuspesno 0, skupaj virov 1.
12:54:48     Prebranih zapisov: 2762; SHA-256: a01bf1d5b7184cf901ee78b0e2d3dbfb44a5def1453d19ae7204a070cb3c160c
12:54:48     Ta posnetek je ze v bazi; vir=NW_STOCK, podjetje=1, cas posnetka=2026-08-31 08:59:48Z, uporabljenih=2762, v karanteni=0, RunId=dcb10be3-f869-4a67-9172-af6d63be92c3. Zapisano ni bilo nic.
12:54:49     Prebranih zapisov: 2762; SHA-256: a01bf1d5b7184cf901ee78b0e2d3dbfb44a5def1453d19ae7204a070cb3c160c
12:54:49     Ta posnetek je ze v bazi; vir=NW_STOCK, podjetje=2, cas posnetka=2026-08-31 08:59:48Z, uporabljenih=2762, v karanteni=0, RunId=e546c352-0634-43b8-b1c4-46668ca5cc38. Zapisano ni bilo nic.
12:54:50     Prebranih zapisov: 2762; SHA-256: a01bf1d5b7184cf901ee78b0e2d3dbfb44a5def1453d19ae7204a070cb3c160c
12:54:50     Ta posnetek je ze v bazi; vir=NW_STOCK, podjetje=3, cas posnetka=2026-08-31 08:59:48Z, uporabljenih=2762, v karanteni=0, RunId=4f35a5aa-0842-4e2e-b4b4-4606b0f2f2ec. Zapisano ni bilo nic.
12:54:51     Prebranih zapisov: 2762; SHA-256: a01bf1d5b7184cf901ee78b0e2d3dbfb44a5def1453d19ae7204a070cb3c160c
12:54:51     Ta posnetek je ze v bazi; vir=NW_STOCK, podjetje=4, cas posnetka=2026-08-31 08:59:48Z, uporabljenih=2762, v karanteni=0, RunId=8c4415c2-464f-4cca-9f8e-6115ac3c8c76. Zapisano ni bilo nic.
12:54:51     konec: Zaloga NW_STOCK
12:54:51  == Zaloga BT_STOCK ==
12:54:52     [BT_STOCK] preskoceno: Razmik dobavitelja se tece; naslednji prenos po 31. 08. 2026 13:04.
12:54:52     Prevzem koncan: uspesno 0, neuspesno 0, skupaj virov 1.
12:54:53     Prebranih zapisov: 1389; SHA-256: 058682715bffd19fff2b9f495b58263f25db718d52ac3bd0d3ec24e51395e264
12:54:53     Ta posnetek je ze v bazi; vir=BT_STOCK, podjetje=1, cas posnetka=2026-08-31 08:04:54Z, uporabljenih=1389, v karanteni=0, RunId=04a5862b-816c-4776-a3e4-24380a64cd63. Zapisano ni bilo nic.
12:54:54     Prebranih zapisov: 1389; SHA-256: 058682715bffd19fff2b9f495b58263f25db718d52ac3bd0d3ec24e51395e264
12:54:54     Ta posnetek je ze v bazi; vir=BT_STOCK, podjetje=2, cas posnetka=2026-08-31 08:04:54Z, uporabljenih=1389, v karanteni=0, RunId=b2fddda4-27c9-44b5-b466-cc8c4679b4c5. Zapisano ni bilo nic.
12:54:55     Prebranih zapisov: 1389; SHA-256: 058682715bffd19fff2b9f495b58263f25db718d52ac3bd0d3ec24e51395e264
12:54:55     Ta posnetek je ze v bazi; vir=BT_STOCK, podjetje=3, cas posnetka=2026-08-31 08:04:54Z, uporabljenih=1389, v karanteni=0, RunId=88dc0c88-681f-4593-bc53-e5b382d183b5. Zapisano ni bilo nic.
12:54:56     Prebranih zapisov: 1389; SHA-256: 058682715bffd19fff2b9f495b58263f25db718d52ac3bd0d3ec24e51395e264
12:54:56     Ta posnetek je ze v bazi; vir=BT_STOCK, podjetje=4, cas posnetka=2026-08-31 08:04:54Z, uporabljenih=1389, v karanteni=0, RunId=93c4f991-28ff-4038-934f-758421a7eaf4. Zapisano ni bilo nic.
12:54:56     konec: Zaloga BT_STOCK
12:54:56  == Zaloga iz SAOP (kolicine) ==
12:54:57     STDERR: [1] Razpored za SAOP_STOCK ni omogocen; podjetje je preskoceno.
12:54:57     STDERR: [2] Razpored za SAOP_STOCK ni omogocen; podjetje je preskoceno.
12:54:57     STDERR: [3] Razpored za SAOP_STOCK ni omogocen; podjetje je preskoceno.
12:54:57     STDERR: [4] Razpored za SAOP_STOCK ni omogocen; podjetje je preskoceno.
12:54:57     NAPAKA: worker workers\PIM.SaopStockWorker je koncal z izhodno kodo 1
12:54:57  Zalogovni cikel koncan; padlih korakov: 1.
12:59:46  == Zaloga NW_STOCK ==
12:59:47     [NW_STOCK] preskoceno: Razmik dobavitelja se tece; naslednji prenos po 31. 08. 2026 12:59.
12:59:47     Prevzem koncan: uspesno 0, neuspesno 0, skupaj virov 1.
12:59:48     Prebranih zapisov: 2762; SHA-256: a01bf1d5b7184cf901ee78b0e2d3dbfb44a5def1453d19ae7204a070cb3c160c
12:59:48     Ta posnetek je ze v bazi; vir=NW_STOCK, podjetje=1, cas posnetka=2026-08-31 08:59:48Z, uporabljenih=2762, v karanteni=0, RunId=dcb10be3-f869-4a67-9172-af6d63be92c3. Zapisano ni bilo nic.
12:59:49     Prebranih zapisov: 2762; SHA-256: a01bf1d5b7184cf901ee78b0e2d3dbfb44a5def1453d19ae7204a070cb3c160c
12:59:49     Ta posnetek je ze v bazi; vir=NW_STOCK, podjetje=2, cas posnetka=2026-08-31 08:59:48Z, uporabljenih=2762, v karanteni=0, RunId=e546c352-0634-43b8-b1c4-46668ca5cc38. Zapisano ni bilo nic.
12:59:50     Prebranih zapisov: 2762; SHA-256: a01bf1d5b7184cf901ee78b0e2d3dbfb44a5def1453d19ae7204a070cb3c160c
12:59:50     Ta posnetek je ze v bazi; vir=NW_STOCK, podjetje=3, cas posnetka=2026-08-31 08:59:48Z, uporabljenih=2762, v karanteni=0, RunId=4f35a5aa-0842-4e2e-b4b4-4606b0f2f2ec. Zapisano ni bilo nic.
12:59:51     Prebranih zapisov: 2762; SHA-256: a01bf1d5b7184cf901ee78b0e2d3dbfb44a5def1453d19ae7204a070cb3c160c
12:59:51     Ta posnetek je ze v bazi; vir=NW_STOCK, podjetje=4, cas posnetka=2026-08-31 08:59:48Z, uporabljenih=2762, v karanteni=0, RunId=8c4415c2-464f-4cca-9f8e-6115ac3c8c76. Zapisano ni bilo nic.
12:59:51     konec: Zaloga NW_STOCK
12:59:51  == Zaloga BT_STOCK ==
12:59:52     [BT_STOCK] preskoceno: Razmik dobavitelja se tece; naslednji prenos po 31. 08. 2026 13:04.
12:59:52     Prevzem koncan: uspesno 0, neuspesno 0, skupaj virov 1.
12:59:53     Prebranih zapisov: 1389; SHA-256: 058682715bffd19fff2b9f495b58263f25db718d52ac3bd0d3ec24e51395e264
12:59:53     Ta posnetek je ze v bazi; vir=BT_STOCK, podjetje=1, cas posnetka=2026-08-31 08:04:54Z, uporabljenih=1389, v karanteni=0, RunId=04a5862b-816c-4776-a3e4-24380a64cd63. Zapisano ni bilo nic.
12:59:54     Prebranih zapisov: 1389; SHA-256: 058682715bffd19fff2b9f495b58263f25db718d52ac3bd0d3ec24e51395e264
12:59:54     Ta posnetek je ze v bazi; vir=BT_STOCK, podjetje=2, cas posnetka=2026-08-31 08:04:54Z, uporabljenih=1389, v karanteni=0, RunId=b2fddda4-27c9-44b5-b466-cc8c4679b4c5. Zapisano ni bilo nic.
12:59:55     Prebranih zapisov: 1389; SHA-256: 058682715bffd19fff2b9f495b58263f25db718d52ac3bd0d3ec24e51395e264
12:59:55     Ta posnetek je ze v bazi; vir=BT_STOCK, podjetje=3, cas posnetka=2026-08-31 08:04:54Z, uporabljenih=1389, v karanteni=0, RunId=88dc0c88-681f-4593-bc53-e5b382d183b5. Zapisano ni bilo nic.
12:59:56     Prebranih zapisov: 1389; SHA-256: 058682715bffd19fff2b9f495b58263f25db718d52ac3bd0d3ec24e51395e264
12:59:56     Ta posnetek je ze v bazi; vir=BT_STOCK, podjetje=4, cas posnetka=2026-08-31 08:04:54Z, uporabljenih=1389, v karanteni=0, RunId=93c4f991-28ff-4038-934f-758421a7eaf4. Zapisano ni bilo nic.
12:59:56     konec: Zaloga BT_STOCK
12:59:56  == Zaloga iz SAOP (kolicine) ==
12:59:57     STDERR: [1] Razpored za SAOP_STOCK ni omogocen; podjetje je preskoceno.
12:59:57     STDERR: [2] Razpored za SAOP_STOCK ni omogocen; podjetje je preskoceno.
12:59:57     STDERR: [3] Razpored za SAOP_STOCK ni omogocen; podjetje je preskoceno.
12:59:57     STDERR: [4] Razpored za SAOP_STOCK ni omogocen; podjetje je preskoceno.
12:59:57     NAPAKA: worker workers\PIM.SaopStockWorker je koncal z izhodno kodo 1
12:59:57  Zalogovni cikel koncan; padlih korakov: 1.
13:04:46  == Zaloga NW_STOCK ==
13:04:48     [NW_STOCK] prevzeto 87.098 bajtov -> C:\Users\david\Desktop\PIM\NoviPIM\PIM_Solution\data\prevzem\NW_STOCK\nw-zaloga.csv
13:04:48     Prevzem koncan: uspesno 1, neuspesno 0, skupaj virov 1.
13:04:49     Prebranih zapisov: 2759; SHA-256: f14370075e0a0bffda011f058c6c14bebfb04150930cb8ec299839e2559b4fa9
13:04:50     Zaloga zapisana; vir=NW_STOCK, podjetje=1, uporabljenih=2759, v karanteni=0, RunId=38f13b45-9822-417d-932d-471dc8dc2226.
13:04:51     Prebranih zapisov: 2759; SHA-256: f14370075e0a0bffda011f058c6c14bebfb04150930cb8ec299839e2559b4fa9
13:04:52     Zaloga zapisana; vir=NW_STOCK, podjetje=2, uporabljenih=2759, v karanteni=0, RunId=a0942d2f-d7f2-4cd3-8bd8-a8ce53431a18.
13:04:53     Prebranih zapisov: 2759; SHA-256: f14370075e0a0bffda011f058c6c14bebfb04150930cb8ec299839e2559b4fa9
13:04:55     Zaloga zapisana; vir=NW_STOCK, podjetje=3, uporabljenih=2759, v karanteni=0, RunId=94de628a-9af0-4517-9ba3-83ccede7ffc0.
13:04:55     Prebranih zapisov: 2759; SHA-256: f14370075e0a0bffda011f058c6c14bebfb04150930cb8ec299839e2559b4fa9
13:04:57     Zaloga zapisana; vir=NW_STOCK, podjetje=4, uporabljenih=2759, v karanteni=0, RunId=db4a9914-c6ee-4ed7-9cb3-d42aa67c341c.
13:04:57     konec: Zaloga NW_STOCK
13:04:57  == Zaloga BT_STOCK ==
13:05:00     [BT_STOCK] prevzeto 1.588.081 bajtov -> C:\Users\david\Desktop\PIM\NoviPIM\PIM_Solution\data\prevzem\BT_STOCK\braytron-zaloga.xml
13:05:00     Prevzem koncan: uspesno 1, neuspesno 0, skupaj virov 1.
13:05:01     Prebranih zapisov: 1389; SHA-256: b5e58b00d97d3a86abd9c759e81992d460fcbfb627258e06e4a6adf09b1bf6cf
13:05:01     Zaloga zapisana; vir=BT_STOCK, podjetje=1, uporabljenih=1389, v karanteni=0, RunId=1fe73126-89d2-4496-8230-03352ad46969.
13:05:02     Prebranih zapisov: 1389; SHA-256: b5e58b00d97d3a86abd9c759e81992d460fcbfb627258e06e4a6adf09b1bf6cf
13:05:03     Zaloga zapisana; vir=BT_STOCK, podjetje=2, uporabljenih=1389, v karanteni=0, RunId=f496222c-4285-46c1-9d57-a25b46ec24a9.
13:05:04     Prebranih zapisov: 1389; SHA-256: b5e58b00d97d3a86abd9c759e81992d460fcbfb627258e06e4a6adf09b1bf6cf
13:05:05     Zaloga zapisana; vir=BT_STOCK, podjetje=3, uporabljenih=1389, v karanteni=0, RunId=9d047ae1-f437-4ea6-8ada-c87aaed01386.
13:05:05     Prebranih zapisov: 1389; SHA-256: b5e58b00d97d3a86abd9c759e81992d460fcbfb627258e06e4a6adf09b1bf6cf
13:05:06     Zaloga zapisana; vir=BT_STOCK, podjetje=4, uporabljenih=1389, v karanteni=0, RunId=2f8b0220-b477-4459-863d-13c2a74fbc34.
13:05:06     konec: Zaloga BT_STOCK
13:05:06  == Zaloga iz SAOP (kolicine) ==
13:05:07     STDERR: [1] Razpored za SAOP_STOCK ni omogocen; podjetje je preskoceno.
13:05:07     STDERR: [2] Razpored za SAOP_STOCK ni omogocen; podjetje je preskoceno.
13:05:07     STDERR: [3] Razpored za SAOP_STOCK ni omogocen; podjetje je preskoceno.
13:05:07     STDERR: [4] Razpored za SAOP_STOCK ni omogocen; podjetje je preskoceno.
13:05:07     NAPAKA: worker workers\PIM.SaopStockWorker je koncal z izhodno kodo 1
13:05:07  Zalogovni cikel koncan; padlih korakov: 1.
13:09:46  == Zaloga NW_STOCK ==
13:09:47     [NW_STOCK] preskoceno: Razmik dobavitelja se tece; naslednji prenos po 31. 08. 2026 15:04.
13:09:47     Prevzem koncan: uspesno 0, neuspesno 0, skupaj virov 1.
13:09:48     Prebranih zapisov: 2759; SHA-256: f14370075e0a0bffda011f058c6c14bebfb04150930cb8ec299839e2559b4fa9
13:09:48     Ta posnetek je ze v bazi; vir=NW_STOCK, podjetje=1, cas posnetka=2026-08-31 11:04:48Z, uporabljenih=2759, v karanteni=0, RunId=38f13b45-9822-417d-932d-471dc8dc2226. Zapisano ni bilo nic.
13:09:49     Prebranih zapisov: 2759; SHA-256: f14370075e0a0bffda011f058c6c14bebfb04150930cb8ec299839e2559b4fa9
13:09:49     Ta posnetek je ze v bazi; vir=NW_STOCK, podjetje=2, cas posnetka=2026-08-31 11:04:48Z, uporabljenih=2759, v karanteni=0, RunId=a0942d2f-d7f2-4cd3-8bd8-a8ce53431a18. Zapisano ni bilo nic.
13:09:50     Prebranih zapisov: 2759; SHA-256: f14370075e0a0bffda011f058c6c14bebfb04150930cb8ec299839e2559b4fa9
13:09:50     Ta posnetek je ze v bazi; vir=NW_STOCK, podjetje=3, cas posnetka=2026-08-31 11:04:48Z, uporabljenih=2759, v karanteni=0, RunId=94de628a-9af0-4517-9ba3-83ccede7ffc0. Zapisano ni bilo nic.
13:09:51     Prebranih zapisov: 2759; SHA-256: f14370075e0a0bffda011f058c6c14bebfb04150930cb8ec299839e2559b4fa9
13:09:51     Ta posnetek je ze v bazi; vir=NW_STOCK, podjetje=4, cas posnetka=2026-08-31 11:04:48Z, uporabljenih=2759, v karanteni=0, RunId=db4a9914-c6ee-4ed7-9cb3-d42aa67c341c. Zapisano ni bilo nic.
13:09:51     konec: Zaloga NW_STOCK
13:09:51  == Zaloga BT_STOCK ==
13:09:52     [BT_STOCK] preskoceno: Razmik dobavitelja se tece; naslednji prenos po 31. 08. 2026 16:05.
13:09:52     Prevzem koncan: uspesno 0, neuspesno 0, skupaj virov 1.
13:09:53     Prebranih zapisov: 1389; SHA-256: b5e58b00d97d3a86abd9c759e81992d460fcbfb627258e06e4a6adf09b1bf6cf
13:09:53     Ta posnetek je ze v bazi; vir=BT_STOCK, podjetje=1, cas posnetka=2026-08-31 11:05:00Z, uporabljenih=1389, v karanteni=0, RunId=1fe73126-89d2-4496-8230-03352ad46969. Zapisano ni bilo nic.
13:09:54     Prebranih zapisov: 1389; SHA-256: b5e58b00d97d3a86abd9c759e81992d460fcbfb627258e06e4a6adf09b1bf6cf
13:09:54     Ta posnetek je ze v bazi; vir=BT_STOCK, podjetje=2, cas posnetka=2026-08-31 11:05:00Z, uporabljenih=1389, v karanteni=0, RunId=f496222c-4285-46c1-9d57-a25b46ec24a9. Zapisano ni bilo nic.
13:09:55     Prebranih zapisov: 1389; SHA-256: b5e58b00d97d3a86abd9c759e81992d460fcbfb627258e06e4a6adf09b1bf6cf
13:09:55     Ta posnetek je ze v bazi; vir=BT_STOCK, podjetje=3, cas posnetka=2026-08-31 11:05:00Z, uporabljenih=1389, v karanteni=0, RunId=9d047ae1-f437-4ea6-8ada-c87aaed01386. Zapisano ni bilo nic.
13:09:56     Prebranih zapisov: 1389; SHA-256: b5e58b00d97d3a86abd9c759e81992d460fcbfb627258e06e4a6adf09b1bf6cf
13:09:56     Ta posnetek je ze v bazi; vir=BT_STOCK, podjetje=4, cas posnetka=2026-08-31 11:05:00Z, uporabljenih=1389, v karanteni=0, RunId=2f8b0220-b477-4459-863d-13c2a74fbc34. Zapisano ni bilo nic.
13:09:56     konec: Zaloga BT_STOCK
13:09:56  == Zaloga iz SAOP (kolicine) ==
13:09:57     STDERR: [1] Razpored za SAOP_STOCK ni omogocen; podjetje je preskoceno.
13:09:57     STDERR: [2] Razpored za SAOP_STOCK ni omogocen; podjetje je preskoceno.
13:09:57     STDERR: [3] Razpored za SAOP_STOCK ni omogocen; podjetje je preskoceno.
13:09:57     STDERR: [4] Razpored za SAOP_STOCK ni omogocen; podjetje je preskoceno.
13:09:57     NAPAKA: worker workers\PIM.SaopStockWorker je koncal z izhodno kodo 1
13:09:57  Zalogovni cikel koncan; padlih korakov: 1.
13:14:46  == Zaloga NW_STOCK ==
13:14:47     [NW_STOCK] preskoceno: Razmik dobavitelja se tece; naslednji prenos po 31. 08. 2026 15:04.
13:14:47     Prevzem koncan: uspesno 0, neuspesno 0, skupaj virov 1.
13:14:48     Prebranih zapisov: 2759; SHA-256: f14370075e0a0bffda011f058c6c14bebfb04150930cb8ec299839e2559b4fa9
13:14:48     Ta posnetek je ze v bazi; vir=NW_STOCK, podjetje=1, cas posnetka=2026-08-31 11:04:48Z, uporabljenih=2759, v karanteni=0, RunId=38f13b45-9822-417d-932d-471dc8dc2226. Zapisano ni bilo nic.
13:14:49     Prebranih zapisov: 2759; SHA-256: f14370075e0a0bffda011f058c6c14bebfb04150930cb8ec299839e2559b4fa9
13:14:49     Ta posnetek je ze v bazi; vir=NW_STOCK, podjetje=2, cas posnetka=2026-08-31 11:04:48Z, uporabljenih=2759, v karanteni=0, RunId=a0942d2f-d7f2-4cd3-8bd8-a8ce53431a18. Zapisano ni bilo nic.
13:14:50     Prebranih zapisov: 2759; SHA-256: f14370075e0a0bffda011f058c6c14bebfb04150930cb8ec299839e2559b4fa9
13:14:50     Ta posnetek je ze v bazi; vir=NW_STOCK, podjetje=3, cas posnetka=2026-08-31 11:04:48Z, uporabljenih=2759, v karanteni=0, RunId=94de628a-9af0-4517-9ba3-83ccede7ffc0. Zapisano ni bilo nic.
13:14:51     Prebranih zapisov: 2759; SHA-256: f14370075e0a0bffda011f058c6c14bebfb04150930cb8ec299839e2559b4fa9
13:14:51     Ta posnetek je ze v bazi; vir=NW_STOCK, podjetje=4, cas posnetka=2026-08-31 11:04:48Z, uporabljenih=2759, v karanteni=0, RunId=db4a9914-c6ee-4ed7-9cb3-d42aa67c341c. Zapisano ni bilo nic.
13:14:51     konec: Zaloga NW_STOCK
13:14:51  == Zaloga BT_STOCK ==
13:14:52     [BT_STOCK] preskoceno: Razmik dobavitelja se tece; naslednji prenos po 31. 08. 2026 16:05.
13:14:52     Prevzem koncan: uspesno 0, neuspesno 0, skupaj virov 1.
13:14:53     Prebranih zapisov: 1389; SHA-256: b5e58b00d97d3a86abd9c759e81992d460fcbfb627258e06e4a6adf09b1bf6cf
13:14:53     Ta posnetek je ze v bazi; vir=BT_STOCK, podjetje=1, cas posnetka=2026-08-31 11:05:00Z, uporabljenih=1389, v karanteni=0, RunId=1fe73126-89d2-4496-8230-03352ad46969. Zapisano ni bilo nic.
13:14:54     Prebranih zapisov: 1389; SHA-256: b5e58b00d97d3a86abd9c759e81992d460fcbfb627258e06e4a6adf09b1bf6cf
13:14:54     Ta posnetek je ze v bazi; vir=BT_STOCK, podjetje=2, cas posnetka=2026-08-31 11:05:00Z, uporabljenih=1389, v karanteni=0, RunId=f496222c-4285-46c1-9d57-a25b46ec24a9. Zapisano ni bilo nic.
13:14:55     Prebranih zapisov: 1389; SHA-256: b5e58b00d97d3a86abd9c759e81992d460fcbfb627258e06e4a6adf09b1bf6cf
13:14:56     Ta posnetek je ze v bazi; vir=BT_STOCK, podjetje=3, cas posnetka=2026-08-31 11:05:00Z, uporabljenih=1389, v karanteni=0, RunId=9d047ae1-f437-4ea6-8ada-c87aaed01386. Zapisano ni bilo nic.
13:14:56     Prebranih zapisov: 1389; SHA-256: b5e58b00d97d3a86abd9c759e81992d460fcbfb627258e06e4a6adf09b1bf6cf
13:14:57     Ta posnetek je ze v bazi; vir=BT_STOCK, podjetje=4, cas posnetka=2026-08-31 11:05:00Z, uporabljenih=1389, v karanteni=0, RunId=2f8b0220-b477-4459-863d-13c2a74fbc34. Zapisano ni bilo nic.
13:14:57     konec: Zaloga BT_STOCK
13:14:57  == Zaloga iz SAOP (kolicine) ==
13:14:58     STDERR: [1] Razpored za SAOP_STOCK ni omogocen; podjetje je preskoceno.
13:14:58     STDERR: [2] Razpored za SAOP_STOCK ni omogocen; podjetje je preskoceno.
13:14:58     STDERR: [3] Razpored za SAOP_STOCK ni omogocen; podjetje je preskoceno.
13:14:58     STDERR: [4] Razpored za SAOP_STOCK ni omogocen; podjetje je preskoceno.
13:14:58     NAPAKA: worker workers\PIM.SaopStockWorker je koncal z izhodno kodo 1
13:14:58  Zalogovni cikel koncan; padlih korakov: 1.
13:19:46  == Zaloga NW_STOCK ==
13:19:47     [NW_STOCK] preskoceno: Razmik dobavitelja se tece; naslednji prenos po 31. 08. 2026 15:04.
13:19:47     Prevzem koncan: uspesno 0, neuspesno 0, skupaj virov 1.
13:19:48     Prebranih zapisov: 2759; SHA-256: f14370075e0a0bffda011f058c6c14bebfb04150930cb8ec299839e2559b4fa9
13:19:48     Ta posnetek je ze v bazi; vir=NW_STOCK, podjetje=1, cas posnetka=2026-08-31 11:04:48Z, uporabljenih=2759, v karanteni=0, RunId=38f13b45-9822-417d-932d-471dc8dc2226. Zapisano ni bilo nic.
13:19:49     Prebranih zapisov: 2759; SHA-256: f14370075e0a0bffda011f058c6c14bebfb04150930cb8ec299839e2559b4fa9
13:19:49     Ta posnetek je ze v bazi; vir=NW_STOCK, podjetje=2, cas posnetka=2026-08-31 11:04:48Z, uporabljenih=2759, v karanteni=0, RunId=a0942d2f-d7f2-4cd3-8bd8-a8ce53431a18. Zapisano ni bilo nic.
13:19:50     Prebranih zapisov: 2759; SHA-256: f14370075e0a0bffda011f058c6c14bebfb04150930cb8ec299839e2559b4fa9
13:19:50     Ta posnetek je ze v bazi; vir=NW_STOCK, podjetje=3, cas posnetka=2026-08-31 11:04:48Z, uporabljenih=2759, v karanteni=0, RunId=94de628a-9af0-4517-9ba3-83ccede7ffc0. Zapisano ni bilo nic.
13:19:51     Prebranih zapisov: 2759; SHA-256: f14370075e0a0bffda011f058c6c14bebfb04150930cb8ec299839e2559b4fa9
13:19:51     Ta posnetek je ze v bazi; vir=NW_STOCK, podjetje=4, cas posnetka=2026-08-31 11:04:48Z, uporabljenih=2759, v karanteni=0, RunId=db4a9914-c6ee-4ed7-9cb3-d42aa67c341c. Zapisano ni bilo nic.
13:19:51     konec: Zaloga NW_STOCK
13:19:51  == Zaloga BT_STOCK ==
13:19:52     [BT_STOCK] preskoceno: Razmik dobavitelja se tece; naslednji prenos po 31. 08. 2026 16:05.
13:19:52     Prevzem koncan: uspesno 0, neuspesno 0, skupaj virov 1.
13:19:53     Prebranih zapisov: 1389; SHA-256: b5e58b00d97d3a86abd9c759e81992d460fcbfb627258e06e4a6adf09b1bf6cf
13:19:53     Ta posnetek je ze v bazi; vir=BT_STOCK, podjetje=1, cas posnetka=2026-08-31 11:05:00Z, uporabljenih=1389, v karanteni=0, RunId=1fe73126-89d2-4496-8230-03352ad46969. Zapisano ni bilo nic.
13:19:54     Prebranih zapisov: 1389; SHA-256: b5e58b00d97d3a86abd9c759e81992d460fcbfb627258e06e4a6adf09b1bf6cf
13:19:54     Ta posnetek je ze v bazi; vir=BT_STOCK, podjetje=2, cas posnetka=2026-08-31 11:05:00Z, uporabljenih=1389, v karanteni=0, RunId=f496222c-4285-46c1-9d57-a25b46ec24a9. Zapisano ni bilo nic.
13:19:55     Prebranih zapisov: 1389; SHA-256: b5e58b00d97d3a86abd9c759e81992d460fcbfb627258e06e4a6adf09b1bf6cf
13:19:55     Ta posnetek je ze v bazi; vir=BT_STOCK, podjetje=3, cas posnetka=2026-08-31 11:05:00Z, uporabljenih=1389, v karanteni=0, RunId=9d047ae1-f437-4ea6-8ada-c87aaed01386. Zapisano ni bilo nic.
13:19:56     Prebranih zapisov: 1389; SHA-256: b5e58b00d97d3a86abd9c759e81992d460fcbfb627258e06e4a6adf09b1bf6cf
13:19:56     Ta posnetek je ze v bazi; vir=BT_STOCK, podjetje=4, cas posnetka=2026-08-31 11:05:00Z, uporabljenih=1389, v karanteni=0, RunId=2f8b0220-b477-4459-863d-13c2a74fbc34. Zapisano ni bilo nic.
13:19:56     konec: Zaloga BT_STOCK
13:19:56  == Zaloga iz SAOP (kolicine) ==
13:19:57     STDERR: [1] Razpored za SAOP_STOCK ni omogocen; podjetje je preskoceno.
13:19:57     STDERR: [2] Razpored za SAOP_STOCK ni omogocen; podjetje je preskoceno.
13:19:57     STDERR: [3] Razpored za SAOP_STOCK ni omogocen; podjetje je preskoceno.
13:19:57     STDERR: [4] Razpored za SAOP_STOCK ni omogocen; podjetje je preskoceno.
13:19:57     NAPAKA: worker workers\PIM.SaopStockWorker je koncal z izhodno kodo 1
13:19:57  Zalogovni cikel koncan; padlih korakov: 1.
13:24:46  == Zaloga NW_STOCK ==
13:24:47     [NW_STOCK] preskoceno: Razmik dobavitelja se tece; naslednji prenos po 31. 08. 2026 15:04.
13:24:47     Prevzem koncan: uspesno 0, neuspesno 0, skupaj virov 1.
13:24:48     Prebranih zapisov: 2759; SHA-256: f14370075e0a0bffda011f058c6c14bebfb04150930cb8ec299839e2559b4fa9
13:24:48     Ta posnetek je ze v bazi; vir=NW_STOCK, podjetje=1, cas posnetka=2026-08-31 11:04:48Z, uporabljenih=2759, v karanteni=0, RunId=38f13b45-9822-417d-932d-471dc8dc2226. Zapisano ni bilo nic.
13:24:49     Prebranih zapisov: 2759; SHA-256: f14370075e0a0bffda011f058c6c14bebfb04150930cb8ec299839e2559b4fa9
13:24:49     Ta posnetek je ze v bazi; vir=NW_STOCK, podjetje=2, cas posnetka=2026-08-31 11:04:48Z, uporabljenih=2759, v karanteni=0, RunId=a0942d2f-d7f2-4cd3-8bd8-a8ce53431a18. Zapisano ni bilo nic.
13:24:50     Prebranih zapisov: 2759; SHA-256: f14370075e0a0bffda011f058c6c14bebfb04150930cb8ec299839e2559b4fa9
13:24:50     Ta posnetek je ze v bazi; vir=NW_STOCK, podjetje=3, cas posnetka=2026-08-31 11:04:48Z, uporabljenih=2759, v karanteni=0, RunId=94de628a-9af0-4517-9ba3-83ccede7ffc0. Zapisano ni bilo nic.
13:24:51     Prebranih zapisov: 2759; SHA-256: f14370075e0a0bffda011f058c6c14bebfb04150930cb8ec299839e2559b4fa9
13:24:51     Ta posnetek je ze v bazi; vir=NW_STOCK, podjetje=4, cas posnetka=2026-08-31 11:04:48Z, uporabljenih=2759, v karanteni=0, RunId=db4a9914-c6ee-4ed7-9cb3-d42aa67c341c. Zapisano ni bilo nic.
13:24:51     konec: Zaloga NW_STOCK
13:24:51  == Zaloga BT_STOCK ==
13:24:52     [BT_STOCK] preskoceno: Razmik dobavitelja se tece; naslednji prenos po 31. 08. 2026 16:05.
13:24:52     Prevzem koncan: uspesno 0, neuspesno 0, skupaj virov 1.
13:24:53     Prebranih zapisov: 1389; SHA-256: b5e58b00d97d3a86abd9c759e81992d460fcbfb627258e06e4a6adf09b1bf6cf
13:24:53     Ta posnetek je ze v bazi; vir=BT_STOCK, podjetje=1, cas posnetka=2026-08-31 11:05:00Z, uporabljenih=1389, v karanteni=0, RunId=1fe73126-89d2-4496-8230-03352ad46969. Zapisano ni bilo nic.
13:24:54     Prebranih zapisov: 1389; SHA-256: b5e58b00d97d3a86abd9c759e81992d460fcbfb627258e06e4a6adf09b1bf6cf
13:24:54     Ta posnetek je ze v bazi; vir=BT_STOCK, podjetje=2, cas posnetka=2026-08-31 11:05:00Z, uporabljenih=1389, v karanteni=0, RunId=f496222c-4285-46c1-9d57-a25b46ec24a9. Zapisano ni bilo nic.
13:24:55     Prebranih zapisov: 1389; SHA-256: b5e58b00d97d3a86abd9c759e81992d460fcbfb627258e06e4a6adf09b1bf6cf
13:24:55     Ta posnetek je ze v bazi; vir=BT_STOCK, podjetje=3, cas posnetka=2026-08-31 11:05:00Z, uporabljenih=1389, v karanteni=0, RunId=9d047ae1-f437-4ea6-8ada-c87aaed01386. Zapisano ni bilo nic.
13:24:56     Prebranih zapisov: 1389; SHA-256: b5e58b00d97d3a86abd9c759e81992d460fcbfb627258e06e4a6adf09b1bf6cf
13:24:56     Ta posnetek je ze v bazi; vir=BT_STOCK, podjetje=4, cas posnetka=2026-08-31 11:05:00Z, uporabljenih=1389, v karanteni=0, RunId=2f8b0220-b477-4459-863d-13c2a74fbc34. Zapisano ni bilo nic.
13:24:57     konec: Zaloga BT_STOCK
13:24:57  == Zaloga iz SAOP (kolicine) ==
13:24:57     STDERR: [1] Razpored za SAOP_STOCK ni omogocen; podjetje je preskoceno.
13:24:57     STDERR: [2] Razpored za SAOP_STOCK ni omogocen; podjetje je preskoceno.
13:24:57     STDERR: [3] Razpored za SAOP_STOCK ni omogocen; podjetje je preskoceno.
13:24:57     STDERR: [4] Razpored za SAOP_STOCK ni omogocen; podjetje je preskoceno.
13:24:57     NAPAKA: worker workers\PIM.SaopStockWorker je koncal z izhodno kodo 1
13:24:57  Zalogovni cikel koncan; padlih korakov: 1.
13:29:46  == Zaloga NW_STOCK ==
13:29:47     [NW_STOCK] preskoceno: Razmik dobavitelja se tece; naslednji prenos po 31. 08. 2026 15:04.
13:29:47     Prevzem koncan: uspesno 0, neuspesno 0, skupaj virov 1.
13:29:48     Prebranih zapisov: 2759; SHA-256: f14370075e0a0bffda011f058c6c14bebfb04150930cb8ec299839e2559b4fa9
13:29:48     Ta posnetek je ze v bazi; vir=NW_STOCK, podjetje=1, cas posnetka=2026-08-31 11:04:48Z, uporabljenih=2759, v karanteni=0, RunId=38f13b45-9822-417d-932d-471dc8dc2226. Zapisano ni bilo nic.
13:29:49     Prebranih zapisov: 2759; SHA-256: f14370075e0a0bffda011f058c6c14bebfb04150930cb8ec299839e2559b4fa9
13:29:49     Ta posnetek je ze v bazi; vir=NW_STOCK, podjetje=2, cas posnetka=2026-08-31 11:04:48Z, uporabljenih=2759, v karanteni=0, RunId=a0942d2f-d7f2-4cd3-8bd8-a8ce53431a18. Zapisano ni bilo nic.
13:29:50     Prebranih zapisov: 2759; SHA-256: f14370075e0a0bffda011f058c6c14bebfb04150930cb8ec299839e2559b4fa9
13:29:50     Ta posnetek je ze v bazi; vir=NW_STOCK, podjetje=3, cas posnetka=2026-08-31 11:04:48Z, uporabljenih=2759, v karanteni=0, RunId=94de628a-9af0-4517-9ba3-83ccede7ffc0. Zapisano ni bilo nic.
13:29:51     Prebranih zapisov: 2759; SHA-256: f14370075e0a0bffda011f058c6c14bebfb04150930cb8ec299839e2559b4fa9
13:29:51     Ta posnetek je ze v bazi; vir=NW_STOCK, podjetje=4, cas posnetka=2026-08-31 11:04:48Z, uporabljenih=2759, v karanteni=0, RunId=db4a9914-c6ee-4ed7-9cb3-d42aa67c341c. Zapisano ni bilo nic.
13:29:51     konec: Zaloga NW_STOCK
13:29:51  == Zaloga BT_STOCK ==
13:29:52     [BT_STOCK] preskoceno: Razmik dobavitelja se tece; naslednji prenos po 31. 08. 2026 16:05.
13:29:52     Prevzem koncan: uspesno 0, neuspesno 0, skupaj virov 1.
13:29:53     Prebranih zapisov: 1389; SHA-256: b5e58b00d97d3a86abd9c759e81992d460fcbfb627258e06e4a6adf09b1bf6cf
13:29:53     Ta posnetek je ze v bazi; vir=BT_STOCK, podjetje=1, cas posnetka=2026-08-31 11:05:00Z, uporabljenih=1389, v karanteni=0, RunId=1fe73126-89d2-4496-8230-03352ad46969. Zapisano ni bilo nic.
13:29:54     Prebranih zapisov: 1389; SHA-256: b5e58b00d97d3a86abd9c759e81992d460fcbfb627258e06e4a6adf09b1bf6cf
13:29:54     Ta posnetek je ze v bazi; vir=BT_STOCK, podjetje=2, cas posnetka=2026-08-31 11:05:00Z, uporabljenih=1389, v karanteni=0, RunId=f496222c-4285-46c1-9d57-a25b46ec24a9. Zapisano ni bilo nic.
13:29:55     Prebranih zapisov: 1389; SHA-256: b5e58b00d97d3a86abd9c759e81992d460fcbfb627258e06e4a6adf09b1bf6cf
13:29:55     Ta posnetek je ze v bazi; vir=BT_STOCK, podjetje=3, cas posnetka=2026-08-31 11:05:00Z, uporabljenih=1389, v karanteni=0, RunId=9d047ae1-f437-4ea6-8ada-c87aaed01386. Zapisano ni bilo nic.
13:29:56     Prebranih zapisov: 1389; SHA-256: b5e58b00d97d3a86abd9c759e81992d460fcbfb627258e06e4a6adf09b1bf6cf
13:29:56     Ta posnetek je ze v bazi; vir=BT_STOCK, podjetje=4, cas posnetka=2026-08-31 11:05:00Z, uporabljenih=1389, v karanteni=0, RunId=2f8b0220-b477-4459-863d-13c2a74fbc34. Zapisano ni bilo nic.
13:29:56     konec: Zaloga BT_STOCK
13:29:56  == Zaloga iz SAOP (kolicine) ==
13:29:57     STDERR: [1] Razpored za SAOP_STOCK ni omogocen; podjetje je preskoceno.
13:29:57     STDERR: [2] Razpored za SAOP_STOCK ni omogocen; podjetje je preskoceno.
13:29:57     STDERR: [3] Razpored za SAOP_STOCK ni omogocen; podjetje je preskoceno.
13:29:57     STDERR: [4] Razpored za SAOP_STOCK ni omogocen; podjetje je preskoceno.
13:29:57     NAPAKA: worker workers\PIM.SaopStockWorker je koncal z izhodno kodo 1
13:29:57  Zalogovni cikel koncan; padlih korakov: 1.
13:34:46  == Zaloga NW_STOCK ==
13:34:47     [NW_STOCK] preskoceno: Razmik dobavitelja se tece; naslednji prenos po 31. 08. 2026 15:04.
13:34:47     Prevzem koncan: uspesno 0, neuspesno 0, skupaj virov 1.
13:34:48     Prebranih zapisov: 2759; SHA-256: f14370075e0a0bffda011f058c6c14bebfb04150930cb8ec299839e2559b4fa9
13:34:48     Ta posnetek je ze v bazi; vir=NW_STOCK, podjetje=1, cas posnetka=2026-08-31 11:04:48Z, uporabljenih=2759, v karanteni=0, RunId=38f13b45-9822-417d-932d-471dc8dc2226. Zapisano ni bilo nic.
13:34:49     Prebranih zapisov: 2759; SHA-256: f14370075e0a0bffda011f058c6c14bebfb04150930cb8ec299839e2559b4fa9
13:34:49     Ta posnetek je ze v bazi; vir=NW_STOCK, podjetje=2, cas posnetka=2026-08-31 11:04:48Z, uporabljenih=2759, v karanteni=0, RunId=a0942d2f-d7f2-4cd3-8bd8-a8ce53431a18. Zapisano ni bilo nic.
13:34:50     Prebranih zapisov: 2759; SHA-256: f14370075e0a0bffda011f058c6c14bebfb04150930cb8ec299839e2559b4fa9
13:34:50     Ta posnetek je ze v bazi; vir=NW_STOCK, podjetje=3, cas posnetka=2026-08-31 11:04:48Z, uporabljenih=2759, v karanteni=0, RunId=94de628a-9af0-4517-9ba3-83ccede7ffc0. Zapisano ni bilo nic.
13:34:51     Prebranih zapisov: 2759; SHA-256: f14370075e0a0bffda011f058c6c14bebfb04150930cb8ec299839e2559b4fa9
13:34:51     Ta posnetek je ze v bazi; vir=NW_STOCK, podjetje=4, cas posnetka=2026-08-31 11:04:48Z, uporabljenih=2759, v karanteni=0, RunId=db4a9914-c6ee-4ed7-9cb3-d42aa67c341c. Zapisano ni bilo nic.
13:34:51     konec: Zaloga NW_STOCK
13:34:51  == Zaloga BT_STOCK ==
13:34:52     [BT_STOCK] preskoceno: Razmik dobavitelja se tece; naslednji prenos po 31. 08. 2026 16:05.
13:34:52     Prevzem koncan: uspesno 0, neuspesno 0, skupaj virov 1.
13:34:53     Prebranih zapisov: 1389; SHA-256: b5e58b00d97d3a86abd9c759e81992d460fcbfb627258e06e4a6adf09b1bf6cf
13:34:53     Ta posnetek je ze v bazi; vir=BT_STOCK, podjetje=1, cas posnetka=2026-08-31 11:05:00Z, uporabljenih=1389, v karanteni=0, RunId=1fe73126-89d2-4496-8230-03352ad46969. Zapisano ni bilo nic.
13:34:54     Prebranih zapisov: 1389; SHA-256: b5e58b00d97d3a86abd9c759e81992d460fcbfb627258e06e4a6adf09b1bf6cf
13:34:54     Ta posnetek je ze v bazi; vir=BT_STOCK, podjetje=2, cas posnetka=2026-08-31 11:05:00Z, uporabljenih=1389, v karanteni=0, RunId=f496222c-4285-46c1-9d57-a25b46ec24a9. Zapisano ni bilo nic.
13:34:55     Prebranih zapisov: 1389; SHA-256: b5e58b00d97d3a86abd9c759e81992d460fcbfb627258e06e4a6adf09b1bf6cf
13:34:55     Ta posnetek je ze v bazi; vir=BT_STOCK, podjetje=3, cas posnetka=2026-08-31 11:05:00Z, uporabljenih=1389, v karanteni=0, RunId=9d047ae1-f437-4ea6-8ada-c87aaed01386. Zapisano ni bilo nic.
13:34:56     Prebranih zapisov: 1389; SHA-256: b5e58b00d97d3a86abd9c759e81992d460fcbfb627258e06e4a6adf09b1bf6cf
13:34:56     Ta posnetek je ze v bazi; vir=BT_STOCK, podjetje=4, cas posnetka=2026-08-31 11:05:00Z, uporabljenih=1389, v karanteni=0, RunId=2f8b0220-b477-4459-863d-13c2a74fbc34. Zapisano ni bilo nic.
13:34:56     konec: Zaloga BT_STOCK
13:34:56  == Zaloga iz SAOP (kolicine) ==
13:34:57     STDERR: [1] Razpored za SAOP_STOCK ni omogocen; podjetje je preskoceno.
13:34:57     STDERR: [2] Razpored za SAOP_STOCK ni omogocen; podjetje je preskoceno.
13:34:57     STDERR: [3] Razpored za SAOP_STOCK ni omogocen; podjetje je preskoceno.
13:34:57     STDERR: [4] Razpored za SAOP_STOCK ni omogocen; podjetje je preskoceno.
13:34:57     NAPAKA: worker workers\PIM.SaopStockWorker je koncal z izhodno kodo 1
13:34:57  Zalogovni cikel koncan; padlih korakov: 1.
13:39:46  == Zaloga NW_STOCK ==
13:39:47     [NW_STOCK] preskoceno: Razmik dobavitelja se tece; naslednji prenos po 31. 08. 2026 15:04.
13:39:47     Prevzem koncan: uspesno 0, neuspesno 0, skupaj virov 1.
13:39:48     Prebranih zapisov: 2759; SHA-256: f14370075e0a0bffda011f058c6c14bebfb04150930cb8ec299839e2559b4fa9
13:39:48     Ta posnetek je ze v bazi; vir=NW_STOCK, podjetje=1, cas posnetka=2026-08-31 11:04:48Z, uporabljenih=2759, v karanteni=0, RunId=38f13b45-9822-417d-932d-471dc8dc2226. Zapisano ni bilo nic.
13:39:49     Prebranih zapisov: 2759; SHA-256: f14370075e0a0bffda011f058c6c14bebfb04150930cb8ec299839e2559b4fa9
13:39:49     Ta posnetek je ze v bazi; vir=NW_STOCK, podjetje=2, cas posnetka=2026-08-31 11:04:48Z, uporabljenih=2759, v karanteni=0, RunId=a0942d2f-d7f2-4cd3-8bd8-a8ce53431a18. Zapisano ni bilo nic.
13:39:50     Prebranih zapisov: 2759; SHA-256: f14370075e0a0bffda011f058c6c14bebfb04150930cb8ec299839e2559b4fa9
13:39:50     Ta posnetek je ze v bazi; vir=NW_STOCK, podjetje=3, cas posnetka=2026-08-31 11:04:48Z, uporabljenih=2759, v karanteni=0, RunId=94de628a-9af0-4517-9ba3-83ccede7ffc0. Zapisano ni bilo nic.
13:39:51     Prebranih zapisov: 2759; SHA-256: f14370075e0a0bffda011f058c6c14bebfb04150930cb8ec299839e2559b4fa9
13:39:51     Ta posnetek je ze v bazi; vir=NW_STOCK, podjetje=4, cas posnetka=2026-08-31 11:04:48Z, uporabljenih=2759, v karanteni=0, RunId=db4a9914-c6ee-4ed7-9cb3-d42aa67c341c. Zapisano ni bilo nic.
13:39:51     konec: Zaloga NW_STOCK
13:39:51  == Zaloga BT_STOCK ==
13:39:52     [BT_STOCK] preskoceno: Razmik dobavitelja se tece; naslednji prenos po 31. 08. 2026 16:05.
13:39:52     Prevzem koncan: uspesno 0, neuspesno 0, skupaj virov 1.
13:39:53     Prebranih zapisov: 1389; SHA-256: b5e58b00d97d3a86abd9c759e81992d460fcbfb627258e06e4a6adf09b1bf6cf
13:39:53     Ta posnetek je ze v bazi; vir=BT_STOCK, podjetje=1, cas posnetka=2026-08-31 11:05:00Z, uporabljenih=1389, v karanteni=0, RunId=1fe73126-89d2-4496-8230-03352ad46969. Zapisano ni bilo nic.
13:39:54     Prebranih zapisov: 1389; SHA-256: b5e58b00d97d3a86abd9c759e81992d460fcbfb627258e06e4a6adf09b1bf6cf
13:39:54     Ta posnetek je ze v bazi; vir=BT_STOCK, podjetje=2, cas posnetka=2026-08-31 11:05:00Z, uporabljenih=1389, v karanteni=0, RunId=f496222c-4285-46c1-9d57-a25b46ec24a9. Zapisano ni bilo nic.
13:39:55     Prebranih zapisov: 1389; SHA-256: b5e58b00d97d3a86abd9c759e81992d460fcbfb627258e06e4a6adf09b1bf6cf
13:39:55     Ta posnetek je ze v bazi; vir=BT_STOCK, podjetje=3, cas posnetka=2026-08-31 11:05:00Z, uporabljenih=1389, v karanteni=0, RunId=9d047ae1-f437-4ea6-8ada-c87aaed01386. Zapisano ni bilo nic.
13:39:56     Prebranih zapisov: 1389; SHA-256: b5e58b00d97d3a86abd9c759e81992d460fcbfb627258e06e4a6adf09b1bf6cf
13:39:56     Ta posnetek je ze v bazi; vir=BT_STOCK, podjetje=4, cas posnetka=2026-08-31 11:05:00Z, uporabljenih=1389, v karanteni=0, RunId=2f8b0220-b477-4459-863d-13c2a74fbc34. Zapisano ni bilo nic.
13:39:56     konec: Zaloga BT_STOCK
13:39:56  == Zaloga iz SAOP (kolicine) ==
13:39:57     STDERR: [1] Razpored za SAOP_STOCK ni omogocen; podjetje je preskoceno.
13:39:57     STDERR: [2] Razpored za SAOP_STOCK ni omogocen; podjetje je preskoceno.
13:39:57     STDERR: [3] Razpored za SAOP_STOCK ni omogocen; podjetje je preskoceno.
13:39:57     STDERR: [4] Razpored za SAOP_STOCK ni omogocen; podjetje je preskoceno.
13:39:57     NAPAKA: worker workers\PIM.SaopStockWorker je koncal z izhodno kodo 1
13:39:57  Zalogovni cikel koncan; padlih korakov: 1.
13:44:46  == Zaloga NW_STOCK ==
13:44:47     [NW_STOCK] preskoceno: Razmik dobavitelja se tece; naslednji prenos po 31. 08. 2026 15:04.
13:44:47     Prevzem koncan: uspesno 0, neuspesno 0, skupaj virov 1.
13:44:48     Prebranih zapisov: 2759; SHA-256: f14370075e0a0bffda011f058c6c14bebfb04150930cb8ec299839e2559b4fa9
13:44:48     Ta posnetek je ze v bazi; vir=NW_STOCK, podjetje=1, cas posnetka=2026-08-31 11:04:48Z, uporabljenih=2759, v karanteni=0, RunId=38f13b45-9822-417d-932d-471dc8dc2226. Zapisano ni bilo nic.
13:44:49     Prebranih zapisov: 2759; SHA-256: f14370075e0a0bffda011f058c6c14bebfb04150930cb8ec299839e2559b4fa9
13:44:49     Ta posnetek je ze v bazi; vir=NW_STOCK, podjetje=2, cas posnetka=2026-08-31 11:04:48Z, uporabljenih=2759, v karanteni=0, RunId=a0942d2f-d7f2-4cd3-8bd8-a8ce53431a18. Zapisano ni bilo nic.
13:44:50     Prebranih zapisov: 2759; SHA-256: f14370075e0a0bffda011f058c6c14bebfb04150930cb8ec299839e2559b4fa9
13:44:50     Ta posnetek je ze v bazi; vir=NW_STOCK, podjetje=3, cas posnetka=2026-08-31 11:04:48Z, uporabljenih=2759, v karanteni=0, RunId=94de628a-9af0-4517-9ba3-83ccede7ffc0. Zapisano ni bilo nic.
13:44:51     Prebranih zapisov: 2759; SHA-256: f14370075e0a0bffda011f058c6c14bebfb04150930cb8ec299839e2559b4fa9
13:44:51     Ta posnetek je ze v bazi; vir=NW_STOCK, podjetje=4, cas posnetka=2026-08-31 11:04:48Z, uporabljenih=2759, v karanteni=0, RunId=db4a9914-c6ee-4ed7-9cb3-d42aa67c341c. Zapisano ni bilo nic.
13:44:51     konec: Zaloga NW_STOCK
13:44:51  == Zaloga BT_STOCK ==
13:44:52     [BT_STOCK] preskoceno: Razmik dobavitelja se tece; naslednji prenos po 31. 08. 2026 16:05.
13:44:52     Prevzem koncan: uspesno 0, neuspesno 0, skupaj virov 1.
13:44:53     Prebranih zapisov: 1389; SHA-256: b5e58b00d97d3a86abd9c759e81992d460fcbfb627258e06e4a6adf09b1bf6cf
13:44:53     Ta posnetek je ze v bazi; vir=BT_STOCK, podjetje=1, cas posnetka=2026-08-31 11:05:00Z, uporabljenih=1389, v karanteni=0, RunId=1fe73126-89d2-4496-8230-03352ad46969. Zapisano ni bilo nic.
13:44:54     Prebranih zapisov: 1389; SHA-256: b5e58b00d97d3a86abd9c759e81992d460fcbfb627258e06e4a6adf09b1bf6cf
13:44:54     Ta posnetek je ze v bazi; vir=BT_STOCK, podjetje=2, cas posnetka=2026-08-31 11:05:00Z, uporabljenih=1389, v karanteni=0, RunId=f496222c-4285-46c1-9d57-a25b46ec24a9. Zapisano ni bilo nic.
13:44:55     Prebranih zapisov: 1389; SHA-256: b5e58b00d97d3a86abd9c759e81992d460fcbfb627258e06e4a6adf09b1bf6cf
13:44:55     Ta posnetek je ze v bazi; vir=BT_STOCK, podjetje=3, cas posnetka=2026-08-31 11:05:00Z, uporabljenih=1389, v karanteni=0, RunId=9d047ae1-f437-4ea6-8ada-c87aaed01386. Zapisano ni bilo nic.
13:44:56     Prebranih zapisov: 1389; SHA-256: b5e58b00d97d3a86abd9c759e81992d460fcbfb627258e06e4a6adf09b1bf6cf
13:44:56     Ta posnetek je ze v bazi; vir=BT_STOCK, podjetje=4, cas posnetka=2026-08-31 11:05:00Z, uporabljenih=1389, v karanteni=0, RunId=2f8b0220-b477-4459-863d-13c2a74fbc34. Zapisano ni bilo nic.
13:44:56     konec: Zaloga BT_STOCK
13:44:56  == Zaloga iz SAOP (kolicine) ==
13:44:57     STDERR: [1] Razpored za SAOP_STOCK ni omogocen; podjetje je preskoceno.
13:44:57     STDERR: [2] Razpored za SAOP_STOCK ni omogocen; podjetje je preskoceno.
13:44:57     STDERR: [3] Razpored za SAOP_STOCK ni omogocen; podjetje je preskoceno.
13:44:57     STDERR: [4] Razpored za SAOP_STOCK ni omogocen; podjetje je preskoceno.
13:44:57     NAPAKA: worker workers\PIM.SaopStockWorker je koncal z izhodno kodo 1
13:44:57  Zalogovni cikel koncan; padlih korakov: 1.
13:49:46  == Zaloga NW_STOCK ==
13:49:47     [NW_STOCK] preskoceno: Razmik dobavitelja se tece; naslednji prenos po 31. 08. 2026 15:04.
13:49:47     Prevzem koncan: uspesno 0, neuspesno 0, skupaj virov 1.
13:49:48     Prebranih zapisov: 2759; SHA-256: f14370075e0a0bffda011f058c6c14bebfb04150930cb8ec299839e2559b4fa9
13:49:48     Ta posnetek je ze v bazi; vir=NW_STOCK, podjetje=1, cas posnetka=2026-08-31 11:04:48Z, uporabljenih=2759, v karanteni=0, RunId=38f13b45-9822-417d-932d-471dc8dc2226. Zapisano ni bilo nic.
13:49:49     Prebranih zapisov: 2759; SHA-256: f14370075e0a0bffda011f058c6c14bebfb04150930cb8ec299839e2559b4fa9
13:49:49     Ta posnetek je ze v bazi; vir=NW_STOCK, podjetje=2, cas posnetka=2026-08-31 11:04:48Z, uporabljenih=2759, v karanteni=0, RunId=a0942d2f-d7f2-4cd3-8bd8-a8ce53431a18. Zapisano ni bilo nic.
13:49:50     Prebranih zapisov: 2759; SHA-256: f14370075e0a0bffda011f058c6c14bebfb04150930cb8ec299839e2559b4fa9
13:49:50     Ta posnetek je ze v bazi; vir=NW_STOCK, podjetje=3, cas posnetka=2026-08-31 11:04:48Z, uporabljenih=2759, v karanteni=0, RunId=94de628a-9af0-4517-9ba3-83ccede7ffc0. Zapisano ni bilo nic.
13:49:51     Prebranih zapisov: 2759; SHA-256: f14370075e0a0bffda011f058c6c14bebfb04150930cb8ec299839e2559b4fa9
13:49:51     Ta posnetek je ze v bazi; vir=NW_STOCK, podjetje=4, cas posnetka=2026-08-31 11:04:48Z, uporabljenih=2759, v karanteni=0, RunId=db4a9914-c6ee-4ed7-9cb3-d42aa67c341c. Zapisano ni bilo nic.
13:49:51     konec: Zaloga NW_STOCK
13:49:51  == Zaloga BT_STOCK ==
13:49:52     [BT_STOCK] preskoceno: Razmik dobavitelja se tece; naslednji prenos po 31. 08. 2026 16:05.
13:49:52     Prevzem koncan: uspesno 0, neuspesno 0, skupaj virov 1.
13:49:53     Prebranih zapisov: 1389; SHA-256: b5e58b00d97d3a86abd9c759e81992d460fcbfb627258e06e4a6adf09b1bf6cf
13:49:53     Ta posnetek je ze v bazi; vir=BT_STOCK, podjetje=1, cas posnetka=2026-08-31 11:05:00Z, uporabljenih=1389, v karanteni=0, RunId=1fe73126-89d2-4496-8230-03352ad46969. Zapisano ni bilo nic.
13:49:54     Prebranih zapisov: 1389; SHA-256: b5e58b00d97d3a86abd9c759e81992d460fcbfb627258e06e4a6adf09b1bf6cf
13:49:54     Ta posnetek je ze v bazi; vir=BT_STOCK, podjetje=2, cas posnetka=2026-08-31 11:05:00Z, uporabljenih=1389, v karanteni=0, RunId=f496222c-4285-46c1-9d57-a25b46ec24a9. Zapisano ni bilo nic.
13:49:55     Prebranih zapisov: 1389; SHA-256: b5e58b00d97d3a86abd9c759e81992d460fcbfb627258e06e4a6adf09b1bf6cf
13:49:55     Ta posnetek je ze v bazi; vir=BT_STOCK, podjetje=3, cas posnetka=2026-08-31 11:05:00Z, uporabljenih=1389, v karanteni=0, RunId=9d047ae1-f437-4ea6-8ada-c87aaed01386. Zapisano ni bilo nic.
13:49:56     Prebranih zapisov: 1389; SHA-256: b5e58b00d97d3a86abd9c759e81992d460fcbfb627258e06e4a6adf09b1bf6cf
13:49:56     Ta posnetek je ze v bazi; vir=BT_STOCK, podjetje=4, cas posnetka=2026-08-31 11:05:00Z, uporabljenih=1389, v karanteni=0, RunId=2f8b0220-b477-4459-863d-13c2a74fbc34. Zapisano ni bilo nic.
13:49:56     konec: Zaloga BT_STOCK
13:49:56  == Zaloga iz SAOP (kolicine) ==
13:49:57     STDERR: [1] Razpored za SAOP_STOCK ni omogocen; podjetje je preskoceno.
13:49:57     STDERR: [2] Razpored za SAOP_STOCK ni omogocen; podjetje je preskoceno.
13:49:57     STDERR: [3] Razpored za SAOP_STOCK ni omogocen; podjetje je preskoceno.
13:49:57     STDERR: [4] Razpored za SAOP_STOCK ni omogocen; podjetje je preskoceno.
13:49:57     NAPAKA: worker workers\PIM.SaopStockWorker je koncal z izhodno kodo 1
13:49:57  Zalogovni cikel koncan; padlih korakov: 1.
13:54:46  == Zaloga NW_STOCK ==
13:54:47     [NW_STOCK] preskoceno: Razmik dobavitelja se tece; naslednji prenos po 31. 08. 2026 15:04.
13:54:47     Prevzem koncan: uspesno 0, neuspesno 0, skupaj virov 1.
13:54:48     Prebranih zapisov: 2759; SHA-256: f14370075e0a0bffda011f058c6c14bebfb04150930cb8ec299839e2559b4fa9
13:54:48     Ta posnetek je ze v bazi; vir=NW_STOCK, podjetje=1, cas posnetka=2026-08-31 11:04:48Z, uporabljenih=2759, v karanteni=0, RunId=38f13b45-9822-417d-932d-471dc8dc2226. Zapisano ni bilo nic.
13:54:49     Prebranih zapisov: 2759; SHA-256: f14370075e0a0bffda011f058c6c14bebfb04150930cb8ec299839e2559b4fa9
13:54:49     Ta posnetek je ze v bazi; vir=NW_STOCK, podjetje=2, cas posnetka=2026-08-31 11:04:48Z, uporabljenih=2759, v karanteni=0, RunId=a0942d2f-d7f2-4cd3-8bd8-a8ce53431a18. Zapisano ni bilo nic.
13:54:50     Prebranih zapisov: 2759; SHA-256: f14370075e0a0bffda011f058c6c14bebfb04150930cb8ec299839e2559b4fa9
13:54:50     Ta posnetek je ze v bazi; vir=NW_STOCK, podjetje=3, cas posnetka=2026-08-31 11:04:48Z, uporabljenih=2759, v karanteni=0, RunId=94de628a-9af0-4517-9ba3-83ccede7ffc0. Zapisano ni bilo nic.
13:54:51     Prebranih zapisov: 2759; SHA-256: f14370075e0a0bffda011f058c6c14bebfb04150930cb8ec299839e2559b4fa9
13:54:51     Ta posnetek je ze v bazi; vir=NW_STOCK, podjetje=4, cas posnetka=2026-08-31 11:04:48Z, uporabljenih=2759, v karanteni=0, RunId=db4a9914-c6ee-4ed7-9cb3-d42aa67c341c. Zapisano ni bilo nic.
13:54:51     konec: Zaloga NW_STOCK
13:54:51  == Zaloga BT_STOCK ==
13:54:52     [BT_STOCK] preskoceno: Razmik dobavitelja se tece; naslednji prenos po 31. 08. 2026 16:05.
13:54:52     Prevzem koncan: uspesno 0, neuspesno 0, skupaj virov 1.
13:54:53     Prebranih zapisov: 1389; SHA-256: b5e58b00d97d3a86abd9c759e81992d460fcbfb627258e06e4a6adf09b1bf6cf
13:54:53     Ta posnetek je ze v bazi; vir=BT_STOCK, podjetje=1, cas posnetka=2026-08-31 11:05:00Z, uporabljenih=1389, v karanteni=0, RunId=1fe73126-89d2-4496-8230-03352ad46969. Zapisano ni bilo nic.
13:54:54     Prebranih zapisov: 1389; SHA-256: b5e58b00d97d3a86abd9c759e81992d460fcbfb627258e06e4a6adf09b1bf6cf
13:54:54     Ta posnetek je ze v bazi; vir=BT_STOCK, podjetje=2, cas posnetka=2026-08-31 11:05:00Z, uporabljenih=1389, v karanteni=0, RunId=f496222c-4285-46c1-9d57-a25b46ec24a9. Zapisano ni bilo nic.
13:54:55     Prebranih zapisov: 1389; SHA-256: b5e58b00d97d3a86abd9c759e81992d460fcbfb627258e06e4a6adf09b1bf6cf
13:54:55     Ta posnetek je ze v bazi; vir=BT_STOCK, podjetje=3, cas posnetka=2026-08-31 11:05:00Z, uporabljenih=1389, v karanteni=0, RunId=9d047ae1-f437-4ea6-8ada-c87aaed01386. Zapisano ni bilo nic.
13:54:56     Prebranih zapisov: 1389; SHA-256: b5e58b00d97d3a86abd9c759e81992d460fcbfb627258e06e4a6adf09b1bf6cf
13:54:56     Ta posnetek je ze v bazi; vir=BT_STOCK, podjetje=4, cas posnetka=2026-08-31 11:05:00Z, uporabljenih=1389, v karanteni=0, RunId=2f8b0220-b477-4459-863d-13c2a74fbc34. Zapisano ni bilo nic.
13:54:56     konec: Zaloga BT_STOCK
13:54:56  == Zaloga iz SAOP (kolicine) ==
13:54:57     STDERR: [1] Razpored za SAOP_STOCK ni omogocen; podjetje je preskoceno.
13:54:57     STDERR: [2] Razpored za SAOP_STOCK ni omogocen; podjetje je preskoceno.
13:54:57     STDERR: [3] Razpored za SAOP_STOCK ni omogocen; podjetje je preskoceno.
13:54:57     STDERR: [4] Razpored za SAOP_STOCK ni omogocen; podjetje je preskoceno.
13:54:57     NAPAKA: worker workers\PIM.SaopStockWorker je koncal z izhodno kodo 1
13:54:57  Zalogovni cikel koncan; padlih korakov: 1.
13:59:46  == Zaloga NW_STOCK ==
13:59:47     [NW_STOCK] preskoceno: Razmik dobavitelja se tece; naslednji prenos po 31. 08. 2026 15:04.
13:59:47     Prevzem koncan: uspesno 0, neuspesno 0, skupaj virov 1.
13:59:48     Prebranih zapisov: 2759; SHA-256: f14370075e0a0bffda011f058c6c14bebfb04150930cb8ec299839e2559b4fa9
13:59:48     Ta posnetek je ze v bazi; vir=NW_STOCK, podjetje=1, cas posnetka=2026-08-31 11:04:48Z, uporabljenih=2759, v karanteni=0, RunId=38f13b45-9822-417d-932d-471dc8dc2226. Zapisano ni bilo nic.
13:59:49     Prebranih zapisov: 2759; SHA-256: f14370075e0a0bffda011f058c6c14bebfb04150930cb8ec299839e2559b4fa9
13:59:49     Ta posnetek je ze v bazi; vir=NW_STOCK, podjetje=2, cas posnetka=2026-08-31 11:04:48Z, uporabljenih=2759, v karanteni=0, RunId=a0942d2f-d7f2-4cd3-8bd8-a8ce53431a18. Zapisano ni bilo nic.
13:59:50     Prebranih zapisov: 2759; SHA-256: f14370075e0a0bffda011f058c6c14bebfb04150930cb8ec299839e2559b4fa9
13:59:50     Ta posnetek je ze v bazi; vir=NW_STOCK, podjetje=3, cas posnetka=2026-08-31 11:04:48Z, uporabljenih=2759, v karanteni=0, RunId=94de628a-9af0-4517-9ba3-83ccede7ffc0. Zapisano ni bilo nic.
13:59:51     Prebranih zapisov: 2759; SHA-256: f14370075e0a0bffda011f058c6c14bebfb04150930cb8ec299839e2559b4fa9
13:59:51     Ta posnetek je ze v bazi; vir=NW_STOCK, podjetje=4, cas posnetka=2026-08-31 11:04:48Z, uporabljenih=2759, v karanteni=0, RunId=db4a9914-c6ee-4ed7-9cb3-d42aa67c341c. Zapisano ni bilo nic.
13:59:51     konec: Zaloga NW_STOCK
13:59:51  == Zaloga BT_STOCK ==
13:59:52     [BT_STOCK] preskoceno: Razmik dobavitelja se tece; naslednji prenos po 31. 08. 2026 16:05.
13:59:52     Prevzem koncan: uspesno 0, neuspesno 0, skupaj virov 1.
13:59:53     Prebranih zapisov: 1389; SHA-256: b5e58b00d97d3a86abd9c759e81992d460fcbfb627258e06e4a6adf09b1bf6cf
13:59:53     Ta posnetek je ze v bazi; vir=BT_STOCK, podjetje=1, cas posnetka=2026-08-31 11:05:00Z, uporabljenih=1389, v karanteni=0, RunId=1fe73126-89d2-4496-8230-03352ad46969. Zapisano ni bilo nic.
13:59:54     Prebranih zapisov: 1389; SHA-256: b5e58b00d97d3a86abd9c759e81992d460fcbfb627258e06e4a6adf09b1bf6cf
13:59:54     Ta posnetek je ze v bazi; vir=BT_STOCK, podjetje=2, cas posnetka=2026-08-31 11:05:00Z, uporabljenih=1389, v karanteni=0, RunId=f496222c-4285-46c1-9d57-a25b46ec24a9. Zapisano ni bilo nic.
13:59:55     Prebranih zapisov: 1389; SHA-256: b5e58b00d97d3a86abd9c759e81992d460fcbfb627258e06e4a6adf09b1bf6cf
13:59:55     Ta posnetek je ze v bazi; vir=BT_STOCK, podjetje=3, cas posnetka=2026-08-31 11:05:00Z, uporabljenih=1389, v karanteni=0, RunId=9d047ae1-f437-4ea6-8ada-c87aaed01386. Zapisano ni bilo nic.
13:59:56     Prebranih zapisov: 1389; SHA-256: b5e58b00d97d3a86abd9c759e81992d460fcbfb627258e06e4a6adf09b1bf6cf
13:59:56     Ta posnetek je ze v bazi; vir=BT_STOCK, podjetje=4, cas posnetka=2026-08-31 11:05:00Z, uporabljenih=1389, v karanteni=0, RunId=2f8b0220-b477-4459-863d-13c2a74fbc34. Zapisano ni bilo nic.
13:59:56     konec: Zaloga BT_STOCK
13:59:57  == Zaloga iz SAOP (kolicine) ==
13:59:57     STDERR: [1] Razpored za SAOP_STOCK ni omogocen; podjetje je preskoceno.
13:59:57     STDERR: [2] Razpored za SAOP_STOCK ni omogocen; podjetje je preskoceno.
13:59:57     STDERR: [3] Razpored za SAOP_STOCK ni omogocen; podjetje je preskoceno.
13:59:57     STDERR: [4] Razpored za SAOP_STOCK ni omogocen; podjetje je preskoceno.
13:59:57     NAPAKA: worker workers\PIM.SaopStockWorker je koncal z izhodno kodo 1
13:59:57  Zalogovni cikel koncan; padlih korakov: 1.
14:04:46  == Zaloga NW_STOCK ==
14:04:47     [NW_STOCK] preskoceno: Razmik dobavitelja se tece; naslednji prenos po 31. 08. 2026 15:04.
14:04:47     Prevzem koncan: uspesno 0, neuspesno 0, skupaj virov 1.
14:04:48     Prebranih zapisov: 2759; SHA-256: f14370075e0a0bffda011f058c6c14bebfb04150930cb8ec299839e2559b4fa9
14:04:48     Ta posnetek je ze v bazi; vir=NW_STOCK, podjetje=1, cas posnetka=2026-08-31 11:04:48Z, uporabljenih=2759, v karanteni=0, RunId=38f13b45-9822-417d-932d-471dc8dc2226. Zapisano ni bilo nic.
14:04:49     Prebranih zapisov: 2759; SHA-256: f14370075e0a0bffda011f058c6c14bebfb04150930cb8ec299839e2559b4fa9
14:04:49     Ta posnetek je ze v bazi; vir=NW_STOCK, podjetje=2, cas posnetka=2026-08-31 11:04:48Z, uporabljenih=2759, v karanteni=0, RunId=a0942d2f-d7f2-4cd3-8bd8-a8ce53431a18. Zapisano ni bilo nic.
14:04:50     Prebranih zapisov: 2759; SHA-256: f14370075e0a0bffda011f058c6c14bebfb04150930cb8ec299839e2559b4fa9
14:04:50     Ta posnetek je ze v bazi; vir=NW_STOCK, podjetje=3, cas posnetka=2026-08-31 11:04:48Z, uporabljenih=2759, v karanteni=0, RunId=94de628a-9af0-4517-9ba3-83ccede7ffc0. Zapisano ni bilo nic.
14:04:51     Prebranih zapisov: 2759; SHA-256: f14370075e0a0bffda011f058c6c14bebfb04150930cb8ec299839e2559b4fa9
14:04:51     Ta posnetek je ze v bazi; vir=NW_STOCK, podjetje=4, cas posnetka=2026-08-31 11:04:48Z, uporabljenih=2759, v karanteni=0, RunId=db4a9914-c6ee-4ed7-9cb3-d42aa67c341c. Zapisano ni bilo nic.
14:04:51     konec: Zaloga NW_STOCK
14:04:51  == Zaloga BT_STOCK ==
14:04:52     [BT_STOCK] preskoceno: Razmik dobavitelja se tece; naslednji prenos po 31. 08. 2026 16:05.
14:04:52     Prevzem koncan: uspesno 0, neuspesno 0, skupaj virov 1.
14:04:53     Prebranih zapisov: 1389; SHA-256: b5e58b00d97d3a86abd9c759e81992d460fcbfb627258e06e4a6adf09b1bf6cf
14:04:53     Ta posnetek je ze v bazi; vir=BT_STOCK, podjetje=1, cas posnetka=2026-08-31 11:05:00Z, uporabljenih=1389, v karanteni=0, RunId=1fe73126-89d2-4496-8230-03352ad46969. Zapisano ni bilo nic.
14:04:54     Prebranih zapisov: 1389; SHA-256: b5e58b00d97d3a86abd9c759e81992d460fcbfb627258e06e4a6adf09b1bf6cf
14:04:54     Ta posnetek je ze v bazi; vir=BT_STOCK, podjetje=2, cas posnetka=2026-08-31 11:05:00Z, uporabljenih=1389, v karanteni=0, RunId=f496222c-4285-46c1-9d57-a25b46ec24a9. Zapisano ni bilo nic.
14:04:55     Prebranih zapisov: 1389; SHA-256: b5e58b00d97d3a86abd9c759e81992d460fcbfb627258e06e4a6adf09b1bf6cf
14:04:55     Ta posnetek je ze v bazi; vir=BT_STOCK, podjetje=3, cas posnetka=2026-08-31 11:05:00Z, uporabljenih=1389, v karanteni=0, RunId=9d047ae1-f437-4ea6-8ada-c87aaed01386. Zapisano ni bilo nic.
14:04:56     Prebranih zapisov: 1389; SHA-256: b5e58b00d97d3a86abd9c759e81992d460fcbfb627258e06e4a6adf09b1bf6cf
14:04:56     Ta posnetek je ze v bazi; vir=BT_STOCK, podjetje=4, cas posnetka=2026-08-31 11:05:00Z, uporabljenih=1389, v karanteni=0, RunId=2f8b0220-b477-4459-863d-13c2a74fbc34. Zapisano ni bilo nic.
14:04:56     konec: Zaloga BT_STOCK
14:04:56  == Zaloga iz SAOP (kolicine) ==
14:04:57     STDERR: [1] Razpored za SAOP_STOCK ni omogocen; podjetje je preskoceno.
14:04:57     STDERR: [2] Razpored za SAOP_STOCK ni omogocen; podjetje je preskoceno.
14:04:57     STDERR: [3] Razpored za SAOP_STOCK ni omogocen; podjetje je preskoceno.
14:04:57     STDERR: [4] Razpored za SAOP_STOCK ni omogocen; podjetje je preskoceno.
14:04:57     NAPAKA: worker workers\PIM.SaopStockWorker je koncal z izhodno kodo 1
14:04:57  Zalogovni cikel koncan; padlih korakov: 1.
14:09:46  == Zaloga NW_STOCK ==
14:09:47     [NW_STOCK] preskoceno: Razmik dobavitelja se tece; naslednji prenos po 31. 08. 2026 15:04.
14:09:47     Prevzem koncan: uspesno 0, neuspesno 0, skupaj virov 1.
14:09:48     Prebranih zapisov: 2759; SHA-256: f14370075e0a0bffda011f058c6c14bebfb04150930cb8ec299839e2559b4fa9
14:09:48     Ta posnetek je ze v bazi; vir=NW_STOCK, podjetje=1, cas posnetka=2026-08-31 11:04:48Z, uporabljenih=2759, v karanteni=0, RunId=38f13b45-9822-417d-932d-471dc8dc2226. Zapisano ni bilo nic.
14:09:49     Prebranih zapisov: 2759; SHA-256: f14370075e0a0bffda011f058c6c14bebfb04150930cb8ec299839e2559b4fa9
14:09:49     Ta posnetek je ze v bazi; vir=NW_STOCK, podjetje=2, cas posnetka=2026-08-31 11:04:48Z, uporabljenih=2759, v karanteni=0, RunId=a0942d2f-d7f2-4cd3-8bd8-a8ce53431a18. Zapisano ni bilo nic.
14:09:50     Prebranih zapisov: 2759; SHA-256: f14370075e0a0bffda011f058c6c14bebfb04150930cb8ec299839e2559b4fa9
14:09:50     Ta posnetek je ze v bazi; vir=NW_STOCK, podjetje=3, cas posnetka=2026-08-31 11:04:48Z, uporabljenih=2759, v karanteni=0, RunId=94de628a-9af0-4517-9ba3-83ccede7ffc0. Zapisano ni bilo nic.
14:09:51     Prebranih zapisov: 2759; SHA-256: f14370075e0a0bffda011f058c6c14bebfb04150930cb8ec299839e2559b4fa9
14:09:51     Ta posnetek je ze v bazi; vir=NW_STOCK, podjetje=4, cas posnetka=2026-08-31 11:04:48Z, uporabljenih=2759, v karanteni=0, RunId=db4a9914-c6ee-4ed7-9cb3-d42aa67c341c. Zapisano ni bilo nic.
14:09:51     konec: Zaloga NW_STOCK
14:09:51  == Zaloga BT_STOCK ==
14:09:52     [BT_STOCK] preskoceno: Razmik dobavitelja se tece; naslednji prenos po 31. 08. 2026 16:05.
14:09:52     Prevzem koncan: uspesno 0, neuspesno 0, skupaj virov 1.
14:09:53     Prebranih zapisov: 1389; SHA-256: b5e58b00d97d3a86abd9c759e81992d460fcbfb627258e06e4a6adf09b1bf6cf
14:09:53     Ta posnetek je ze v bazi; vir=BT_STOCK, podjetje=1, cas posnetka=2026-08-31 11:05:00Z, uporabljenih=1389, v karanteni=0, RunId=1fe73126-89d2-4496-8230-03352ad46969. Zapisano ni bilo nic.
14:09:54     Prebranih zapisov: 1389; SHA-256: b5e58b00d97d3a86abd9c759e81992d460fcbfb627258e06e4a6adf09b1bf6cf
14:09:54     Ta posnetek je ze v bazi; vir=BT_STOCK, podjetje=2, cas posnetka=2026-08-31 11:05:00Z, uporabljenih=1389, v karanteni=0, RunId=f496222c-4285-46c1-9d57-a25b46ec24a9. Zapisano ni bilo nic.
14:09:55     Prebranih zapisov: 1389; SHA-256: b5e58b00d97d3a86abd9c759e81992d460fcbfb627258e06e4a6adf09b1bf6cf
14:09:55     Ta posnetek je ze v bazi; vir=BT_STOCK, podjetje=3, cas posnetka=2026-08-31 11:05:00Z, uporabljenih=1389, v karanteni=0, RunId=9d047ae1-f437-4ea6-8ada-c87aaed01386. Zapisano ni bilo nic.
14:09:56     Prebranih zapisov: 1389; SHA-256: b5e58b00d97d3a86abd9c759e81992d460fcbfb627258e06e4a6adf09b1bf6cf
14:09:56     Ta posnetek je ze v bazi; vir=BT_STOCK, podjetje=4, cas posnetka=2026-08-31 11:05:00Z, uporabljenih=1389, v karanteni=0, RunId=2f8b0220-b477-4459-863d-13c2a74fbc34. Zapisano ni bilo nic.
14:09:56     konec: Zaloga BT_STOCK
14:09:56  == Zaloga iz SAOP (kolicine) ==
14:09:57     STDERR: [1] Razpored za SAOP_STOCK ni omogocen; podjetje je preskoceno.
14:09:57     STDERR: [2] Razpored za SAOP_STOCK ni omogocen; podjetje je preskoceno.
14:09:57     STDERR: [3] Razpored za SAOP_STOCK ni omogocen; podjetje je preskoceno.
14:09:57     STDERR: [4] Razpored za SAOP_STOCK ni omogocen; podjetje je preskoceno.
14:09:57     NAPAKA: worker workers\PIM.SaopStockWorker je koncal z izhodno kodo 1
14:09:57  Zalogovni cikel koncan; padlih korakov: 1.
14:14:46  == Zaloga NW_STOCK ==
14:14:47     [NW_STOCK] preskoceno: Razmik dobavitelja se tece; naslednji prenos po 31. 08. 2026 15:04.
14:14:47     Prevzem koncan: uspesno 0, neuspesno 0, skupaj virov 1.
14:14:48     Prebranih zapisov: 2759; SHA-256: f14370075e0a0bffda011f058c6c14bebfb04150930cb8ec299839e2559b4fa9
14:14:48     Ta posnetek je ze v bazi; vir=NW_STOCK, podjetje=1, cas posnetka=2026-08-31 11:04:48Z, uporabljenih=2759, v karanteni=0, RunId=38f13b45-9822-417d-932d-471dc8dc2226. Zapisano ni bilo nic.
14:14:49     Prebranih zapisov: 2759; SHA-256: f14370075e0a0bffda011f058c6c14bebfb04150930cb8ec299839e2559b4fa9
14:14:49     Ta posnetek je ze v bazi; vir=NW_STOCK, podjetje=2, cas posnetka=2026-08-31 11:04:48Z, uporabljenih=2759, v karanteni=0, RunId=a0942d2f-d7f2-4cd3-8bd8-a8ce53431a18. Zapisano ni bilo nic.
14:14:50     Prebranih zapisov: 2759; SHA-256: f14370075e0a0bffda011f058c6c14bebfb04150930cb8ec299839e2559b4fa9
14:14:50     Ta posnetek je ze v bazi; vir=NW_STOCK, podjetje=3, cas posnetka=2026-08-31 11:04:48Z, uporabljenih=2759, v karanteni=0, RunId=94de628a-9af0-4517-9ba3-83ccede7ffc0. Zapisano ni bilo nic.
14:14:51     Prebranih zapisov: 2759; SHA-256: f14370075e0a0bffda011f058c6c14bebfb04150930cb8ec299839e2559b4fa9
14:14:51     Ta posnetek je ze v bazi; vir=NW_STOCK, podjetje=4, cas posnetka=2026-08-31 11:04:48Z, uporabljenih=2759, v karanteni=0, RunId=db4a9914-c6ee-4ed7-9cb3-d42aa67c341c. Zapisano ni bilo nic.
14:14:51     konec: Zaloga NW_STOCK
14:14:51  == Zaloga BT_STOCK ==
14:14:52     [BT_STOCK] preskoceno: Razmik dobavitelja se tece; naslednji prenos po 31. 08. 2026 16:05.
14:14:52     Prevzem koncan: uspesno 0, neuspesno 0, skupaj virov 1.
14:14:53     Prebranih zapisov: 1389; SHA-256: b5e58b00d97d3a86abd9c759e81992d460fcbfb627258e06e4a6adf09b1bf6cf
14:14:53     Ta posnetek je ze v bazi; vir=BT_STOCK, podjetje=1, cas posnetka=2026-08-31 11:05:00Z, uporabljenih=1389, v karanteni=0, RunId=1fe73126-89d2-4496-8230-03352ad46969. Zapisano ni bilo nic.
14:14:54     Prebranih zapisov: 1389; SHA-256: b5e58b00d97d3a86abd9c759e81992d460fcbfb627258e06e4a6adf09b1bf6cf
14:14:54     Ta posnetek je ze v bazi; vir=BT_STOCK, podjetje=2, cas posnetka=2026-08-31 11:05:00Z, uporabljenih=1389, v karanteni=0, RunId=f496222c-4285-46c1-9d57-a25b46ec24a9. Zapisano ni bilo nic.
14:14:55     Prebranih zapisov: 1389; SHA-256: b5e58b00d97d3a86abd9c759e81992d460fcbfb627258e06e4a6adf09b1bf6cf
14:14:55     Ta posnetek je ze v bazi; vir=BT_STOCK, podjetje=3, cas posnetka=2026-08-31 11:05:00Z, uporabljenih=1389, v karanteni=0, RunId=9d047ae1-f437-4ea6-8ada-c87aaed01386. Zapisano ni bilo nic.
14:14:56     Prebranih zapisov: 1389; SHA-256: b5e58b00d97d3a86abd9c759e81992d460fcbfb627258e06e4a6adf09b1bf6cf
14:14:56     Ta posnetek je ze v bazi; vir=BT_STOCK, podjetje=4, cas posnetka=2026-08-31 11:05:00Z, uporabljenih=1389, v karanteni=0, RunId=2f8b0220-b477-4459-863d-13c2a74fbc34. Zapisano ni bilo nic.
14:14:57     konec: Zaloga BT_STOCK
14:14:57  == Zaloga iz SAOP (kolicine) ==
14:14:57     STDERR: [1] Razpored za SAOP_STOCK ni omogocen; podjetje je preskoceno.
14:14:57     STDERR: [2] Razpored za SAOP_STOCK ni omogocen; podjetje je preskoceno.
14:14:57     STDERR: [3] Razpored za SAOP_STOCK ni omogocen; podjetje je preskoceno.
14:14:57     STDERR: [4] Razpored za SAOP_STOCK ni omogocen; podjetje je preskoceno.
14:14:57     NAPAKA: worker workers\PIM.SaopStockWorker je koncal z izhodno kodo 1
14:14:58  Zalogovni cikel koncan; padlih korakov: 1.
14:19:46  == Zaloga NW_STOCK ==
14:19:47     [NW_STOCK] preskoceno: Razmik dobavitelja se tece; naslednji prenos po 31. 08. 2026 15:04.
14:19:47     Prevzem koncan: uspesno 0, neuspesno 0, skupaj virov 1.
14:19:48     Prebranih zapisov: 2759; SHA-256: f14370075e0a0bffda011f058c6c14bebfb04150930cb8ec299839e2559b4fa9
14:19:48     Ta posnetek je ze v bazi; vir=NW_STOCK, podjetje=1, cas posnetka=2026-08-31 11:04:48Z, uporabljenih=2759, v karanteni=0, RunId=38f13b45-9822-417d-932d-471dc8dc2226. Zapisano ni bilo nic.
14:19:49     Prebranih zapisov: 2759; SHA-256: f14370075e0a0bffda011f058c6c14bebfb04150930cb8ec299839e2559b4fa9
14:19:49     Ta posnetek je ze v bazi; vir=NW_STOCK, podjetje=2, cas posnetka=2026-08-31 11:04:48Z, uporabljenih=2759, v karanteni=0, RunId=a0942d2f-d7f2-4cd3-8bd8-a8ce53431a18. Zapisano ni bilo nic.
14:19:50     Prebranih zapisov: 2759; SHA-256: f14370075e0a0bffda011f058c6c14bebfb04150930cb8ec299839e2559b4fa9
14:19:50     Ta posnetek je ze v bazi; vir=NW_STOCK, podjetje=3, cas posnetka=2026-08-31 11:04:48Z, uporabljenih=2759, v karanteni=0, RunId=94de628a-9af0-4517-9ba3-83ccede7ffc0. Zapisano ni bilo nic.
14:19:51     Prebranih zapisov: 2759; SHA-256: f14370075e0a0bffda011f058c6c14bebfb04150930cb8ec299839e2559b4fa9
14:19:51     Ta posnetek je ze v bazi; vir=NW_STOCK, podjetje=4, cas posnetka=2026-08-31 11:04:48Z, uporabljenih=2759, v karanteni=0, RunId=db4a9914-c6ee-4ed7-9cb3-d42aa67c341c. Zapisano ni bilo nic.
14:19:51     konec: Zaloga NW_STOCK
14:19:51  == Zaloga BT_STOCK ==
14:19:52     [BT_STOCK] preskoceno: Razmik dobavitelja se tece; naslednji prenos po 31. 08. 2026 16:05.
14:19:52     Prevzem koncan: uspesno 0, neuspesno 0, skupaj virov 1.
14:19:53     Prebranih zapisov: 1389; SHA-256: b5e58b00d97d3a86abd9c759e81992d460fcbfb627258e06e4a6adf09b1bf6cf
14:19:53     Ta posnetek je ze v bazi; vir=BT_STOCK, podjetje=1, cas posnetka=2026-08-31 11:05:00Z, uporabljenih=1389, v karanteni=0, RunId=1fe73126-89d2-4496-8230-03352ad46969. Zapisano ni bilo nic.
14:19:54     Prebranih zapisov: 1389; SHA-256: b5e58b00d97d3a86abd9c759e81992d460fcbfb627258e06e4a6adf09b1bf6cf
14:19:54     Ta posnetek je ze v bazi; vir=BT_STOCK, podjetje=2, cas posnetka=2026-08-31 11:05:00Z, uporabljenih=1389, v karanteni=0, RunId=f496222c-4285-46c1-9d57-a25b46ec24a9. Zapisano ni bilo nic.
14:19:55     Prebranih zapisov: 1389; SHA-256: b5e58b00d97d3a86abd9c759e81992d460fcbfb627258e06e4a6adf09b1bf6cf
14:19:55     Ta posnetek je ze v bazi; vir=BT_STOCK, podjetje=3, cas posnetka=2026-08-31 11:05:00Z, uporabljenih=1389, v karanteni=0, RunId=9d047ae1-f437-4ea6-8ada-c87aaed01386. Zapisano ni bilo nic.
14:19:56     Prebranih zapisov: 1389; SHA-256: b5e58b00d97d3a86abd9c759e81992d460fcbfb627258e06e4a6adf09b1bf6cf
14:19:56     Ta posnetek je ze v bazi; vir=BT_STOCK, podjetje=4, cas posnetka=2026-08-31 11:05:00Z, uporabljenih=1389, v karanteni=0, RunId=2f8b0220-b477-4459-863d-13c2a74fbc34. Zapisano ni bilo nic.
14:19:56     konec: Zaloga BT_STOCK
14:19:56  == Zaloga iz SAOP (kolicine) ==
14:19:57     STDERR: [1] Razpored za SAOP_STOCK ni omogocen; podjetje je preskoceno.
14:19:57     STDERR: [2] Razpored za SAOP_STOCK ni omogocen; podjetje je preskoceno.
14:19:57     STDERR: [3] Razpored za SAOP_STOCK ni omogocen; podjetje je preskoceno.
14:19:57     STDERR: [4] Razpored za SAOP_STOCK ni omogocen; podjetje je preskoceno.
14:19:57     NAPAKA: worker workers\PIM.SaopStockWorker je koncal z izhodno kodo 1
14:19:57  Zalogovni cikel koncan; padlih korakov: 1.
14:24:46  == Zaloga NW_STOCK ==
14:24:47     [NW_STOCK] preskoceno: Razmik dobavitelja se tece; naslednji prenos po 31. 08. 2026 15:04.
14:24:47     Prevzem koncan: uspesno 0, neuspesno 0, skupaj virov 1.
14:24:48     Prebranih zapisov: 2759; SHA-256: f14370075e0a0bffda011f058c6c14bebfb04150930cb8ec299839e2559b4fa9
14:24:48     Ta posnetek je ze v bazi; vir=NW_STOCK, podjetje=1, cas posnetka=2026-08-31 11:04:48Z, uporabljenih=2759, v karanteni=0, RunId=38f13b45-9822-417d-932d-471dc8dc2226. Zapisano ni bilo nic.
14:24:49     Prebranih zapisov: 2759; SHA-256: f14370075e0a0bffda011f058c6c14bebfb04150930cb8ec299839e2559b4fa9
14:24:49     Ta posnetek je ze v bazi; vir=NW_STOCK, podjetje=2, cas posnetka=2026-08-31 11:04:48Z, uporabljenih=2759, v karanteni=0, RunId=a0942d2f-d7f2-4cd3-8bd8-a8ce53431a18. Zapisano ni bilo nic.
14:24:50     Prebranih zapisov: 2759; SHA-256: f14370075e0a0bffda011f058c6c14bebfb04150930cb8ec299839e2559b4fa9
14:24:50     Ta posnetek je ze v bazi; vir=NW_STOCK, podjetje=3, cas posnetka=2026-08-31 11:04:48Z, uporabljenih=2759, v karanteni=0, RunId=94de628a-9af0-4517-9ba3-83ccede7ffc0. Zapisano ni bilo nic.
14:24:51     Prebranih zapisov: 2759; SHA-256: f14370075e0a0bffda011f058c6c14bebfb04150930cb8ec299839e2559b4fa9
14:24:51     Ta posnetek je ze v bazi; vir=NW_STOCK, podjetje=4, cas posnetka=2026-08-31 11:04:48Z, uporabljenih=2759, v karanteni=0, RunId=db4a9914-c6ee-4ed7-9cb3-d42aa67c341c. Zapisano ni bilo nic.
14:24:51     konec: Zaloga NW_STOCK
14:24:51  == Zaloga BT_STOCK ==
14:24:52     [BT_STOCK] preskoceno: Razmik dobavitelja se tece; naslednji prenos po 31. 08. 2026 16:05.
14:24:52     Prevzem koncan: uspesno 0, neuspesno 0, skupaj virov 1.
14:24:53     Prebranih zapisov: 1389; SHA-256: b5e58b00d97d3a86abd9c759e81992d460fcbfb627258e06e4a6adf09b1bf6cf
14:24:53     Ta posnetek je ze v bazi; vir=BT_STOCK, podjetje=1, cas posnetka=2026-08-31 11:05:00Z, uporabljenih=1389, v karanteni=0, RunId=1fe73126-89d2-4496-8230-03352ad46969. Zapisano ni bilo nic.
14:24:54     Prebranih zapisov: 1389; SHA-256: b5e58b00d97d3a86abd9c759e81992d460fcbfb627258e06e4a6adf09b1bf6cf
14:24:54     Ta posnetek je ze v bazi; vir=BT_STOCK, podjetje=2, cas posnetka=2026-08-31 11:05:00Z, uporabljenih=1389, v karanteni=0, RunId=f496222c-4285-46c1-9d57-a25b46ec24a9. Zapisano ni bilo nic.
14:24:55     Prebranih zapisov: 1389; SHA-256: b5e58b00d97d3a86abd9c759e81992d460fcbfb627258e06e4a6adf09b1bf6cf
14:24:55     Ta posnetek je ze v bazi; vir=BT_STOCK, podjetje=3, cas posnetka=2026-08-31 11:05:00Z, uporabljenih=1389, v karanteni=0, RunId=9d047ae1-f437-4ea6-8ada-c87aaed01386. Zapisano ni bilo nic.
14:24:56     Prebranih zapisov: 1389; SHA-256: b5e58b00d97d3a86abd9c759e81992d460fcbfb627258e06e4a6adf09b1bf6cf
14:24:56     Ta posnetek je ze v bazi; vir=BT_STOCK, podjetje=4, cas posnetka=2026-08-31 11:05:00Z, uporabljenih=1389, v karanteni=0, RunId=2f8b0220-b477-4459-863d-13c2a74fbc34. Zapisano ni bilo nic.
14:24:56     konec: Zaloga BT_STOCK
14:24:56  == Zaloga iz SAOP (kolicine) ==
14:24:57     STDERR: [1] Razpored za SAOP_STOCK ni omogocen; podjetje je preskoceno.
14:24:57     STDERR: [2] Razpored za SAOP_STOCK ni omogocen; podjetje je preskoceno.
14:24:57     STDERR: [3] Razpored za SAOP_STOCK ni omogocen; podjetje je preskoceno.
14:24:57     STDERR: [4] Razpored za SAOP_STOCK ni omogocen; podjetje je preskoceno.
14:24:57     NAPAKA: worker workers\PIM.SaopStockWorker je koncal z izhodno kodo 1
14:24:57  Zalogovni cikel koncan; padlih korakov: 1.
14:29:46  == Zaloga NW_STOCK ==
14:29:47     [NW_STOCK] preskoceno: Razmik dobavitelja se tece; naslednji prenos po 31. 08. 2026 15:04.
14:29:47     Prevzem koncan: uspesno 0, neuspesno 0, skupaj virov 1.
14:29:48     Prebranih zapisov: 2759; SHA-256: f14370075e0a0bffda011f058c6c14bebfb04150930cb8ec299839e2559b4fa9
14:29:48     Ta posnetek je ze v bazi; vir=NW_STOCK, podjetje=1, cas posnetka=2026-08-31 11:04:48Z, uporabljenih=2759, v karanteni=0, RunId=38f13b45-9822-417d-932d-471dc8dc2226. Zapisano ni bilo nic.
14:29:49     Prebranih zapisov: 2759; SHA-256: f14370075e0a0bffda011f058c6c14bebfb04150930cb8ec299839e2559b4fa9
14:29:49     Ta posnetek je ze v bazi; vir=NW_STOCK, podjetje=2, cas posnetka=2026-08-31 11:04:48Z, uporabljenih=2759, v karanteni=0, RunId=a0942d2f-d7f2-4cd3-8bd8-a8ce53431a18. Zapisano ni bilo nic.
14:29:50     Prebranih zapisov: 2759; SHA-256: f14370075e0a0bffda011f058c6c14bebfb04150930cb8ec299839e2559b4fa9
14:29:50     Ta posnetek je ze v bazi; vir=NW_STOCK, podjetje=3, cas posnetka=2026-08-31 11:04:48Z, uporabljenih=2759, v karanteni=0, RunId=94de628a-9af0-4517-9ba3-83ccede7ffc0. Zapisano ni bilo nic.
14:29:51     Prebranih zapisov: 2759; SHA-256: f14370075e0a0bffda011f058c6c14bebfb04150930cb8ec299839e2559b4fa9
14:29:51     Ta posnetek je ze v bazi; vir=NW_STOCK, podjetje=4, cas posnetka=2026-08-31 11:04:48Z, uporabljenih=2759, v karanteni=0, RunId=db4a9914-c6ee-4ed7-9cb3-d42aa67c341c. Zapisano ni bilo nic.
14:29:51     konec: Zaloga NW_STOCK
14:29:51  == Zaloga BT_STOCK ==
14:29:52     [BT_STOCK] preskoceno: Razmik dobavitelja se tece; naslednji prenos po 31. 08. 2026 16:05.
14:29:52     Prevzem koncan: uspesno 0, neuspesno 0, skupaj virov 1.
14:29:53     Prebranih zapisov: 1389; SHA-256: b5e58b00d97d3a86abd9c759e81992d460fcbfb627258e06e4a6adf09b1bf6cf
14:29:53     Ta posnetek je ze v bazi; vir=BT_STOCK, podjetje=1, cas posnetka=2026-08-31 11:05:00Z, uporabljenih=1389, v karanteni=0, RunId=1fe73126-89d2-4496-8230-03352ad46969. Zapisano ni bilo nic.
14:29:54     Prebranih zapisov: 1389; SHA-256: b5e58b00d97d3a86abd9c759e81992d460fcbfb627258e06e4a6adf09b1bf6cf
14:29:54     Ta posnetek je ze v bazi; vir=BT_STOCK, podjetje=2, cas posnetka=2026-08-31 11:05:00Z, uporabljenih=1389, v karanteni=0, RunId=f496222c-4285-46c1-9d57-a25b46ec24a9. Zapisano ni bilo nic.
14:29:55     Prebranih zapisov: 1389; SHA-256: b5e58b00d97d3a86abd9c759e81992d460fcbfb627258e06e4a6adf09b1bf6cf
14:29:55     Ta posnetek je ze v bazi; vir=BT_STOCK, podjetje=3, cas posnetka=2026-08-31 11:05:00Z, uporabljenih=1389, v karanteni=0, RunId=9d047ae1-f437-4ea6-8ada-c87aaed01386. Zapisano ni bilo nic.
14:29:56     Prebranih zapisov: 1389; SHA-256: b5e58b00d97d3a86abd9c759e81992d460fcbfb627258e06e4a6adf09b1bf6cf
14:29:56     Ta posnetek je ze v bazi; vir=BT_STOCK, podjetje=4, cas posnetka=2026-08-31 11:05:00Z, uporabljenih=1389, v karanteni=0, RunId=2f8b0220-b477-4459-863d-13c2a74fbc34. Zapisano ni bilo nic.
14:29:56     konec: Zaloga BT_STOCK
14:29:56  == Zaloga iz SAOP (kolicine) ==
14:29:57     STDERR: [1] Razpored za SAOP_STOCK ni omogocen; podjetje je preskoceno.
14:29:57     STDERR: [2] Razpored za SAOP_STOCK ni omogocen; podjetje je preskoceno.
14:29:57     STDERR: [3] Razpored za SAOP_STOCK ni omogocen; podjetje je preskoceno.
14:29:57     STDERR: [4] Razpored za SAOP_STOCK ni omogocen; podjetje je preskoceno.
14:29:57     NAPAKA: worker workers\PIM.SaopStockWorker je koncal z izhodno kodo 1
14:29:57  Zalogovni cikel koncan; padlih korakov: 1.
14:34:46  == Zaloga NW_STOCK ==
14:34:47     [NW_STOCK] preskoceno: Razmik dobavitelja se tece; naslednji prenos po 31. 08. 2026 15:04.
14:34:47     Prevzem koncan: uspesno 0, neuspesno 0, skupaj virov 1.
14:34:48     Prebranih zapisov: 2759; SHA-256: f14370075e0a0bffda011f058c6c14bebfb04150930cb8ec299839e2559b4fa9
14:34:48     Ta posnetek je ze v bazi; vir=NW_STOCK, podjetje=1, cas posnetka=2026-08-31 11:04:48Z, uporabljenih=2759, v karanteni=0, RunId=38f13b45-9822-417d-932d-471dc8dc2226. Zapisano ni bilo nic.
14:34:49     Prebranih zapisov: 2759; SHA-256: f14370075e0a0bffda011f058c6c14bebfb04150930cb8ec299839e2559b4fa9
14:34:49     Ta posnetek je ze v bazi; vir=NW_STOCK, podjetje=2, cas posnetka=2026-08-31 11:04:48Z, uporabljenih=2759, v karanteni=0, RunId=a0942d2f-d7f2-4cd3-8bd8-a8ce53431a18. Zapisano ni bilo nic.
14:34:50     Prebranih zapisov: 2759; SHA-256: f14370075e0a0bffda011f058c6c14bebfb04150930cb8ec299839e2559b4fa9
14:34:50     Ta posnetek je ze v bazi; vir=NW_STOCK, podjetje=3, cas posnetka=2026-08-31 11:04:48Z, uporabljenih=2759, v karanteni=0, RunId=94de628a-9af0-4517-9ba3-83ccede7ffc0. Zapisano ni bilo nic.
14:34:51     Prebranih zapisov: 2759; SHA-256: f14370075e0a0bffda011f058c6c14bebfb04150930cb8ec299839e2559b4fa9
14:34:51     Ta posnetek je ze v bazi; vir=NW_STOCK, podjetje=4, cas posnetka=2026-08-31 11:04:48Z, uporabljenih=2759, v karanteni=0, RunId=db4a9914-c6ee-4ed7-9cb3-d42aa67c341c. Zapisano ni bilo nic.
14:34:51     konec: Zaloga NW_STOCK
14:34:51  == Zaloga BT_STOCK ==
14:34:52     [BT_STOCK] preskoceno: Razmik dobavitelja se tece; naslednji prenos po 31. 08. 2026 16:05.
14:34:52     Prevzem koncan: uspesno 0, neuspesno 0, skupaj virov 1.
14:34:53     Prebranih zapisov: 1389; SHA-256: b5e58b00d97d3a86abd9c759e81992d460fcbfb627258e06e4a6adf09b1bf6cf
14:34:53     Ta posnetek je ze v bazi; vir=BT_STOCK, podjetje=1, cas posnetka=2026-08-31 11:05:00Z, uporabljenih=1389, v karanteni=0, RunId=1fe73126-89d2-4496-8230-03352ad46969. Zapisano ni bilo nic.
14:34:54     Prebranih zapisov: 1389; SHA-256: b5e58b00d97d3a86abd9c759e81992d460fcbfb627258e06e4a6adf09b1bf6cf
14:34:54     Ta posnetek je ze v bazi; vir=BT_STOCK, podjetje=2, cas posnetka=2026-08-31 11:05:00Z, uporabljenih=1389, v karanteni=0, RunId=f496222c-4285-46c1-9d57-a25b46ec24a9. Zapisano ni bilo nic.
14:34:55     Prebranih zapisov: 1389; SHA-256: b5e58b00d97d3a86abd9c759e81992d460fcbfb627258e06e4a6adf09b1bf6cf
14:34:55     Ta posnetek je ze v bazi; vir=BT_STOCK, podjetje=3, cas posnetka=2026-08-31 11:05:00Z, uporabljenih=1389, v karanteni=0, RunId=9d047ae1-f437-4ea6-8ada-c87aaed01386. Zapisano ni bilo nic.
14:34:56     Prebranih zapisov: 1389; SHA-256: b5e58b00d97d3a86abd9c759e81992d460fcbfb627258e06e4a6adf09b1bf6cf
14:34:56     Ta posnetek je ze v bazi; vir=BT_STOCK, podjetje=4, cas posnetka=2026-08-31 11:05:00Z, uporabljenih=1389, v karanteni=0, RunId=2f8b0220-b477-4459-863d-13c2a74fbc34. Zapisano ni bilo nic.
14:34:56     konec: Zaloga BT_STOCK
14:34:57  == Zaloga iz SAOP (kolicine) ==
14:34:57     STDERR: [1] Razpored za SAOP_STOCK ni omogocen; podjetje je preskoceno.
14:34:57     STDERR: [2] Razpored za SAOP_STOCK ni omogocen; podjetje je preskoceno.
14:34:57     STDERR: [3] Razpored za SAOP_STOCK ni omogocen; podjetje je preskoceno.
14:34:57     STDERR: [4] Razpored za SAOP_STOCK ni omogocen; podjetje je preskoceno.
14:34:57     NAPAKA: worker workers\PIM.SaopStockWorker je koncal z izhodno kodo 1
14:34:57  Zalogovni cikel koncan; padlih korakov: 1.
14:39:46  == Zaloga NW_STOCK ==
14:39:47     [NW_STOCK] preskoceno: Razmik dobavitelja se tece; naslednji prenos po 31. 08. 2026 15:04.
14:39:47     Prevzem koncan: uspesno 0, neuspesno 0, skupaj virov 1.
14:39:48     Prebranih zapisov: 2759; SHA-256: f14370075e0a0bffda011f058c6c14bebfb04150930cb8ec299839e2559b4fa9
14:39:48     Ta posnetek je ze v bazi; vir=NW_STOCK, podjetje=1, cas posnetka=2026-08-31 11:04:48Z, uporabljenih=2759, v karanteni=0, RunId=38f13b45-9822-417d-932d-471dc8dc2226. Zapisano ni bilo nic.
14:39:49     Prebranih zapisov: 2759; SHA-256: f14370075e0a0bffda011f058c6c14bebfb04150930cb8ec299839e2559b4fa9
14:39:49     Ta posnetek je ze v bazi; vir=NW_STOCK, podjetje=2, cas posnetka=2026-08-31 11:04:48Z, uporabljenih=2759, v karanteni=0, RunId=a0942d2f-d7f2-4cd3-8bd8-a8ce53431a18. Zapisano ni bilo nic.
14:39:50     Prebranih zapisov: 2759; SHA-256: f14370075e0a0bffda011f058c6c14bebfb04150930cb8ec299839e2559b4fa9
14:39:50     Ta posnetek je ze v bazi; vir=NW_STOCK, podjetje=3, cas posnetka=2026-08-31 11:04:48Z, uporabljenih=2759, v karanteni=0, RunId=94de628a-9af0-4517-9ba3-83ccede7ffc0. Zapisano ni bilo nic.
14:39:51     Prebranih zapisov: 2759; SHA-256: f14370075e0a0bffda011f058c6c14bebfb04150930cb8ec299839e2559b4fa9
14:39:51     Ta posnetek je ze v bazi; vir=NW_STOCK, podjetje=4, cas posnetka=2026-08-31 11:04:48Z, uporabljenih=2759, v karanteni=0, RunId=db4a9914-c6ee-4ed7-9cb3-d42aa67c341c. Zapisano ni bilo nic.
14:39:51     konec: Zaloga NW_STOCK
14:39:51  == Zaloga BT_STOCK ==
14:39:52     [BT_STOCK] preskoceno: Razmik dobavitelja se tece; naslednji prenos po 31. 08. 2026 16:05.
14:39:52     Prevzem koncan: uspesno 0, neuspesno 0, skupaj virov 1.
14:39:53     Prebranih zapisov: 1389; SHA-256: b5e58b00d97d3a86abd9c759e81992d460fcbfb627258e06e4a6adf09b1bf6cf
14:39:53     Ta posnetek je ze v bazi; vir=BT_STOCK, podjetje=1, cas posnetka=2026-08-31 11:05:00Z, uporabljenih=1389, v karanteni=0, RunId=1fe73126-89d2-4496-8230-03352ad46969. Zapisano ni bilo nic.
14:39:54     Prebranih zapisov: 1389; SHA-256: b5e58b00d97d3a86abd9c759e81992d460fcbfb627258e06e4a6adf09b1bf6cf
14:39:54     Ta posnetek je ze v bazi; vir=BT_STOCK, podjetje=2, cas posnetka=2026-08-31 11:05:00Z, uporabljenih=1389, v karanteni=0, RunId=f496222c-4285-46c1-9d57-a25b46ec24a9. Zapisano ni bilo nic.
14:39:55     Prebranih zapisov: 1389; SHA-256: b5e58b00d97d3a86abd9c759e81992d460fcbfb627258e06e4a6adf09b1bf6cf
14:39:55     Ta posnetek je ze v bazi; vir=BT_STOCK, podjetje=3, cas posnetka=2026-08-31 11:05:00Z, uporabljenih=1389, v karanteni=0, RunId=9d047ae1-f437-4ea6-8ada-c87aaed01386. Zapisano ni bilo nic.
14:39:56     Prebranih zapisov: 1389; SHA-256: b5e58b00d97d3a86abd9c759e81992d460fcbfb627258e06e4a6adf09b1bf6cf
14:39:56     Ta posnetek je ze v bazi; vir=BT_STOCK, podjetje=4, cas posnetka=2026-08-31 11:05:00Z, uporabljenih=1389, v karanteni=0, RunId=2f8b0220-b477-4459-863d-13c2a74fbc34. Zapisano ni bilo nic.
14:39:57     konec: Zaloga BT_STOCK
14:39:57  == Zaloga iz SAOP (kolicine) ==
14:39:57     STDERR: [1] Razpored za SAOP_STOCK ni omogocen; podjetje je preskoceno.
14:39:57     STDERR: [2] Razpored za SAOP_STOCK ni omogocen; podjetje je preskoceno.
14:39:57     STDERR: [3] Razpored za SAOP_STOCK ni omogocen; podjetje je preskoceno.
14:39:57     STDERR: [4] Razpored za SAOP_STOCK ni omogocen; podjetje je preskoceno.
14:39:57     NAPAKA: worker workers\PIM.SaopStockWorker je koncal z izhodno kodo 1
14:39:57  Zalogovni cikel koncan; padlih korakov: 1.
14:44:46  == Zaloga NW_STOCK ==
14:44:47     [NW_STOCK] preskoceno: Razmik dobavitelja se tece; naslednji prenos po 31. 08. 2026 15:04.
14:44:47     Prevzem koncan: uspesno 0, neuspesno 0, skupaj virov 1.
14:44:48     Prebranih zapisov: 2759; SHA-256: f14370075e0a0bffda011f058c6c14bebfb04150930cb8ec299839e2559b4fa9
14:44:48     Ta posnetek je ze v bazi; vir=NW_STOCK, podjetje=1, cas posnetka=2026-08-31 11:04:48Z, uporabljenih=2759, v karanteni=0, RunId=38f13b45-9822-417d-932d-471dc8dc2226. Zapisano ni bilo nic.
14:44:49     Prebranih zapisov: 2759; SHA-256: f14370075e0a0bffda011f058c6c14bebfb04150930cb8ec299839e2559b4fa9
14:44:49     Ta posnetek je ze v bazi; vir=NW_STOCK, podjetje=2, cas posnetka=2026-08-31 11:04:48Z, uporabljenih=2759, v karanteni=0, RunId=a0942d2f-d7f2-4cd3-8bd8-a8ce53431a18. Zapisano ni bilo nic.
14:44:50     Prebranih zapisov: 2759; SHA-256: f14370075e0a0bffda011f058c6c14bebfb04150930cb8ec299839e2559b4fa9
14:44:50     Ta posnetek je ze v bazi; vir=NW_STOCK, podjetje=3, cas posnetka=2026-08-31 11:04:48Z, uporabljenih=2759, v karanteni=0, RunId=94de628a-9af0-4517-9ba3-83ccede7ffc0. Zapisano ni bilo nic.
14:44:51     Prebranih zapisov: 2759; SHA-256: f14370075e0a0bffda011f058c6c14bebfb04150930cb8ec299839e2559b4fa9
14:44:51     Ta posnetek je ze v bazi; vir=NW_STOCK, podjetje=4, cas posnetka=2026-08-31 11:04:48Z, uporabljenih=2759, v karanteni=0, RunId=db4a9914-c6ee-4ed7-9cb3-d42aa67c341c. Zapisano ni bilo nic.
14:44:51     konec: Zaloga NW_STOCK
14:44:51  == Zaloga BT_STOCK ==
14:44:52     [BT_STOCK] preskoceno: Razmik dobavitelja se tece; naslednji prenos po 31. 08. 2026 16:05.
14:44:52     Prevzem koncan: uspesno 0, neuspesno 0, skupaj virov 1.
14:44:53     Prebranih zapisov: 1389; SHA-256: b5e58b00d97d3a86abd9c759e81992d460fcbfb627258e06e4a6adf09b1bf6cf
14:44:53     Ta posnetek je ze v bazi; vir=BT_STOCK, podjetje=1, cas posnetka=2026-08-31 11:05:00Z, uporabljenih=1389, v karanteni=0, RunId=1fe73126-89d2-4496-8230-03352ad46969. Zapisano ni bilo nic.
14:44:54     Prebranih zapisov: 1389; SHA-256: b5e58b00d97d3a86abd9c759e81992d460fcbfb627258e06e4a6adf09b1bf6cf
14:44:54     Ta posnetek je ze v bazi; vir=BT_STOCK, podjetje=2, cas posnetka=2026-08-31 11:05:00Z, uporabljenih=1389, v karanteni=0, RunId=f496222c-4285-46c1-9d57-a25b46ec24a9. Zapisano ni bilo nic.
14:44:55     Prebranih zapisov: 1389; SHA-256: b5e58b00d97d3a86abd9c759e81992d460fcbfb627258e06e4a6adf09b1bf6cf
14:44:55     Ta posnetek je ze v bazi; vir=BT_STOCK, podjetje=3, cas posnetka=2026-08-31 11:05:00Z, uporabljenih=1389, v karanteni=0, RunId=9d047ae1-f437-4ea6-8ada-c87aaed01386. Zapisano ni bilo nic.
14:44:56     Prebranih zapisov: 1389; SHA-256: b5e58b00d97d3a86abd9c759e81992d460fcbfb627258e06e4a6adf09b1bf6cf
14:44:57     Ta posnetek je ze v bazi; vir=BT_STOCK, podjetje=4, cas posnetka=2026-08-31 11:05:00Z, uporabljenih=1389, v karanteni=0, RunId=2f8b0220-b477-4459-863d-13c2a74fbc34. Zapisano ni bilo nic.
14:44:57     konec: Zaloga BT_STOCK
14:44:57  == Zaloga iz SAOP (kolicine) ==
14:44:57     STDERR: [1] Razpored za SAOP_STOCK ni omogocen; podjetje je preskoceno.
14:44:57     STDERR: [2] Razpored za SAOP_STOCK ni omogocen; podjetje je preskoceno.
14:44:57     STDERR: [3] Razpored za SAOP_STOCK ni omogocen; podjetje je preskoceno.
14:44:57     STDERR: [4] Razpored za SAOP_STOCK ni omogocen; podjetje je preskoceno.
14:44:58     NAPAKA: worker workers\PIM.SaopStockWorker je koncal z izhodno kodo 1
14:44:58  Zalogovni cikel koncan; padlih korakov: 1.
14:49:46  == Zaloga NW_STOCK ==
14:49:47     [NW_STOCK] preskoceno: Razmik dobavitelja se tece; naslednji prenos po 31. 08. 2026 15:04.
14:49:47     Prevzem koncan: uspesno 0, neuspesno 0, skupaj virov 1.
14:49:48     Prebranih zapisov: 2759; SHA-256: f14370075e0a0bffda011f058c6c14bebfb04150930cb8ec299839e2559b4fa9
14:49:48     Ta posnetek je ze v bazi; vir=NW_STOCK, podjetje=1, cas posnetka=2026-08-31 11:04:48Z, uporabljenih=2759, v karanteni=0, RunId=38f13b45-9822-417d-932d-471dc8dc2226. Zapisano ni bilo nic.
14:49:49     Prebranih zapisov: 2759; SHA-256: f14370075e0a0bffda011f058c6c14bebfb04150930cb8ec299839e2559b4fa9
14:49:49     Ta posnetek je ze v bazi; vir=NW_STOCK, podjetje=2, cas posnetka=2026-08-31 11:04:48Z, uporabljenih=2759, v karanteni=0, RunId=a0942d2f-d7f2-4cd3-8bd8-a8ce53431a18. Zapisano ni bilo nic.
14:49:50     Prebranih zapisov: 2759; SHA-256: f14370075e0a0bffda011f058c6c14bebfb04150930cb8ec299839e2559b4fa9
14:49:50     Ta posnetek je ze v bazi; vir=NW_STOCK, podjetje=3, cas posnetka=2026-08-31 11:04:48Z, uporabljenih=2759, v karanteni=0, RunId=94de628a-9af0-4517-9ba3-83ccede7ffc0. Zapisano ni bilo nic.
14:49:51     Prebranih zapisov: 2759; SHA-256: f14370075e0a0bffda011f058c6c14bebfb04150930cb8ec299839e2559b4fa9
14:49:51     Ta posnetek je ze v bazi; vir=NW_STOCK, podjetje=4, cas posnetka=2026-08-31 11:04:48Z, uporabljenih=2759, v karanteni=0, RunId=db4a9914-c6ee-4ed7-9cb3-d42aa67c341c. Zapisano ni bilo nic.
14:49:51     konec: Zaloga NW_STOCK
14:49:51  == Zaloga BT_STOCK ==
14:49:52     [BT_STOCK] preskoceno: Razmik dobavitelja se tece; naslednji prenos po 31. 08. 2026 16:05.
14:49:52     Prevzem koncan: uspesno 0, neuspesno 0, skupaj virov 1.
14:49:53     Prebranih zapisov: 1389; SHA-256: b5e58b00d97d3a86abd9c759e81992d460fcbfb627258e06e4a6adf09b1bf6cf
14:49:53     Ta posnetek je ze v bazi; vir=BT_STOCK, podjetje=1, cas posnetka=2026-08-31 11:05:00Z, uporabljenih=1389, v karanteni=0, RunId=1fe73126-89d2-4496-8230-03352ad46969. Zapisano ni bilo nic.
14:49:54     Prebranih zapisov: 1389; SHA-256: b5e58b00d97d3a86abd9c759e81992d460fcbfb627258e06e4a6adf09b1bf6cf
14:49:54     Ta posnetek je ze v bazi; vir=BT_STOCK, podjetje=2, cas posnetka=2026-08-31 11:05:00Z, uporabljenih=1389, v karanteni=0, RunId=f496222c-4285-46c1-9d57-a25b46ec24a9. Zapisano ni bilo nic.
14:49:55     Prebranih zapisov: 1389; SHA-256: b5e58b00d97d3a86abd9c759e81992d460fcbfb627258e06e4a6adf09b1bf6cf
14:49:55     Ta posnetek je ze v bazi; vir=BT_STOCK, podjetje=3, cas posnetka=2026-08-31 11:05:00Z, uporabljenih=1389, v karanteni=0, RunId=9d047ae1-f437-4ea6-8ada-c87aaed01386. Zapisano ni bilo nic.
14:49:56     Prebranih zapisov: 1389; SHA-256: b5e58b00d97d3a86abd9c759e81992d460fcbfb627258e06e4a6adf09b1bf6cf
14:49:56     Ta posnetek je ze v bazi; vir=BT_STOCK, podjetje=4, cas posnetka=2026-08-31 11:05:00Z, uporabljenih=1389, v karanteni=0, RunId=2f8b0220-b477-4459-863d-13c2a74fbc34. Zapisano ni bilo nic.
14:49:56     konec: Zaloga BT_STOCK
14:49:56  == Zaloga iz SAOP (kolicine) ==
14:49:57     STDERR: [1] Razpored za SAOP_STOCK ni omogocen; podjetje je preskoceno.
14:49:57     STDERR: [2] Razpored za SAOP_STOCK ni omogocen; podjetje je preskoceno.
14:49:57     STDERR: [3] Razpored za SAOP_STOCK ni omogocen; podjetje je preskoceno.
14:49:57     STDERR: [4] Razpored za SAOP_STOCK ni omogocen; podjetje je preskoceno.
14:49:57     NAPAKA: worker workers\PIM.SaopStockWorker je koncal z izhodno kodo 1
14:49:57  Zalogovni cikel koncan; padlih korakov: 1.
14:54:46  == Zaloga NW_STOCK ==
14:54:47     [NW_STOCK] preskoceno: Razmik dobavitelja se tece; naslednji prenos po 31. 08. 2026 15:04.
14:54:47     Prevzem koncan: uspesno 0, neuspesno 0, skupaj virov 1.
14:54:48     Prebranih zapisov: 2759; SHA-256: f14370075e0a0bffda011f058c6c14bebfb04150930cb8ec299839e2559b4fa9
14:54:48     Ta posnetek je ze v bazi; vir=NW_STOCK, podjetje=1, cas posnetka=2026-08-31 11:04:48Z, uporabljenih=2759, v karanteni=0, RunId=38f13b45-9822-417d-932d-471dc8dc2226. Zapisano ni bilo nic.
14:54:49     Prebranih zapisov: 2759; SHA-256: f14370075e0a0bffda011f058c6c14bebfb04150930cb8ec299839e2559b4fa9
14:54:49     Ta posnetek je ze v bazi; vir=NW_STOCK, podjetje=2, cas posnetka=2026-08-31 11:04:48Z, uporabljenih=2759, v karanteni=0, RunId=a0942d2f-d7f2-4cd3-8bd8-a8ce53431a18. Zapisano ni bilo nic.
14:54:50     Prebranih zapisov: 2759; SHA-256: f14370075e0a0bffda011f058c6c14bebfb04150930cb8ec299839e2559b4fa9
14:54:50     Ta posnetek je ze v bazi; vir=NW_STOCK, podjetje=3, cas posnetka=2026-08-31 11:04:48Z, uporabljenih=2759, v karanteni=0, RunId=94de628a-9af0-4517-9ba3-83ccede7ffc0. Zapisano ni bilo nic.
14:54:51     Prebranih zapisov: 2759; SHA-256: f14370075e0a0bffda011f058c6c14bebfb04150930cb8ec299839e2559b4fa9
14:54:51     Ta posnetek je ze v bazi; vir=NW_STOCK, podjetje=4, cas posnetka=2026-08-31 11:04:48Z, uporabljenih=2759, v karanteni=0, RunId=db4a9914-c6ee-4ed7-9cb3-d42aa67c341c. Zapisano ni bilo nic.
14:54:51     konec: Zaloga NW_STOCK
14:54:51  == Zaloga BT_STOCK ==
14:54:52     [BT_STOCK] preskoceno: Razmik dobavitelja se tece; naslednji prenos po 31. 08. 2026 16:05.
14:54:52     Prevzem koncan: uspesno 0, neuspesno 0, skupaj virov 1.
14:54:53     Prebranih zapisov: 1389; SHA-256: b5e58b00d97d3a86abd9c759e81992d460fcbfb627258e06e4a6adf09b1bf6cf
14:54:53     Ta posnetek je ze v bazi; vir=BT_STOCK, podjetje=1, cas posnetka=2026-08-31 11:05:00Z, uporabljenih=1389, v karanteni=0, RunId=1fe73126-89d2-4496-8230-03352ad46969. Zapisano ni bilo nic.
14:54:54     Prebranih zapisov: 1389; SHA-256: b5e58b00d97d3a86abd9c759e81992d460fcbfb627258e06e4a6adf09b1bf6cf
14:54:54     Ta posnetek je ze v bazi; vir=BT_STOCK, podjetje=2, cas posnetka=2026-08-31 11:05:00Z, uporabljenih=1389, v karanteni=0, RunId=f496222c-4285-46c1-9d57-a25b46ec24a9. Zapisano ni bilo nic.
14:54:55     Prebranih zapisov: 1389; SHA-256: b5e58b00d97d3a86abd9c759e81992d460fcbfb627258e06e4a6adf09b1bf6cf
14:54:55     Ta posnetek je ze v bazi; vir=BT_STOCK, podjetje=3, cas posnetka=2026-08-31 11:05:00Z, uporabljenih=1389, v karanteni=0, RunId=9d047ae1-f437-4ea6-8ada-c87aaed01386. Zapisano ni bilo nic.
14:54:56     Prebranih zapisov: 1389; SHA-256: b5e58b00d97d3a86abd9c759e81992d460fcbfb627258e06e4a6adf09b1bf6cf
14:54:56     Ta posnetek je ze v bazi; vir=BT_STOCK, podjetje=4, cas posnetka=2026-08-31 11:05:00Z, uporabljenih=1389, v karanteni=0, RunId=2f8b0220-b477-4459-863d-13c2a74fbc34. Zapisano ni bilo nic.
14:54:57     konec: Zaloga BT_STOCK
14:54:57  == Zaloga iz SAOP (kolicine) ==
14:54:57     STDERR: [1] Razpored za SAOP_STOCK ni omogocen; podjetje je preskoceno.
14:54:57     STDERR: [2] Razpored za SAOP_STOCK ni omogocen; podjetje je preskoceno.
14:54:58     STDERR: [3] Razpored za SAOP_STOCK ni omogocen; podjetje je preskoceno.
14:54:58     STDERR: [4] Razpored za SAOP_STOCK ni omogocen; podjetje je preskoceno.
14:54:58     NAPAKA: worker workers\PIM.SaopStockWorker je koncal z izhodno kodo 1
14:54:58  Zalogovni cikel koncan; padlih korakov: 1.
14:59:46  == Zaloga NW_STOCK ==
14:59:47     [NW_STOCK] preskoceno: Razmik dobavitelja se tece; naslednji prenos po 31. 08. 2026 15:04.
14:59:47     Prevzem koncan: uspesno 0, neuspesno 0, skupaj virov 1.
14:59:48     Prebranih zapisov: 2759; SHA-256: f14370075e0a0bffda011f058c6c14bebfb04150930cb8ec299839e2559b4fa9
14:59:48     Ta posnetek je ze v bazi; vir=NW_STOCK, podjetje=1, cas posnetka=2026-08-31 11:04:48Z, uporabljenih=2759, v karanteni=0, RunId=38f13b45-9822-417d-932d-471dc8dc2226. Zapisano ni bilo nic.
14:59:49     Prebranih zapisov: 2759; SHA-256: f14370075e0a0bffda011f058c6c14bebfb04150930cb8ec299839e2559b4fa9
14:59:49     Ta posnetek je ze v bazi; vir=NW_STOCK, podjetje=2, cas posnetka=2026-08-31 11:04:48Z, uporabljenih=2759, v karanteni=0, RunId=a0942d2f-d7f2-4cd3-8bd8-a8ce53431a18. Zapisano ni bilo nic.
14:59:50     Prebranih zapisov: 2759; SHA-256: f14370075e0a0bffda011f058c6c14bebfb04150930cb8ec299839e2559b4fa9
14:59:50     Ta posnetek je ze v bazi; vir=NW_STOCK, podjetje=3, cas posnetka=2026-08-31 11:04:48Z, uporabljenih=2759, v karanteni=0, RunId=94de628a-9af0-4517-9ba3-83ccede7ffc0. Zapisano ni bilo nic.
14:59:51     Prebranih zapisov: 2759; SHA-256: f14370075e0a0bffda011f058c6c14bebfb04150930cb8ec299839e2559b4fa9
14:59:51     Ta posnetek je ze v bazi; vir=NW_STOCK, podjetje=4, cas posnetka=2026-08-31 11:04:48Z, uporabljenih=2759, v karanteni=0, RunId=db4a9914-c6ee-4ed7-9cb3-d42aa67c341c. Zapisano ni bilo nic.
14:59:51     konec: Zaloga NW_STOCK
14:59:51  == Zaloga BT_STOCK ==
14:59:52     [BT_STOCK] preskoceno: Razmik dobavitelja se tece; naslednji prenos po 31. 08. 2026 16:05.
14:59:52     Prevzem koncan: uspesno 0, neuspesno 0, skupaj virov 1.
14:59:53     Prebranih zapisov: 1389; SHA-256: b5e58b00d97d3a86abd9c759e81992d460fcbfb627258e06e4a6adf09b1bf6cf
14:59:53     Ta posnetek je ze v bazi; vir=BT_STOCK, podjetje=1, cas posnetka=2026-08-31 11:05:00Z, uporabljenih=1389, v karanteni=0, RunId=1fe73126-89d2-4496-8230-03352ad46969. Zapisano ni bilo nic.
14:59:54     Prebranih zapisov: 1389; SHA-256: b5e58b00d97d3a86abd9c759e81992d460fcbfb627258e06e4a6adf09b1bf6cf
14:59:54     Ta posnetek je ze v bazi; vir=BT_STOCK, podjetje=2, cas posnetka=2026-08-31 11:05:00Z, uporabljenih=1389, v karanteni=0, RunId=f496222c-4285-46c1-9d57-a25b46ec24a9. Zapisano ni bilo nic.
14:59:55     Prebranih zapisov: 1389; SHA-256: b5e58b00d97d3a86abd9c759e81992d460fcbfb627258e06e4a6adf09b1bf6cf
14:59:55     Ta posnetek je ze v bazi; vir=BT_STOCK, podjetje=3, cas posnetka=2026-08-31 11:05:00Z, uporabljenih=1389, v karanteni=0, RunId=9d047ae1-f437-4ea6-8ada-c87aaed01386. Zapisano ni bilo nic.
14:59:56     Prebranih zapisov: 1389; SHA-256: b5e58b00d97d3a86abd9c759e81992d460fcbfb627258e06e4a6adf09b1bf6cf
14:59:56     Ta posnetek je ze v bazi; vir=BT_STOCK, podjetje=4, cas posnetka=2026-08-31 11:05:00Z, uporabljenih=1389, v karanteni=0, RunId=2f8b0220-b477-4459-863d-13c2a74fbc34. Zapisano ni bilo nic.
14:59:57     konec: Zaloga BT_STOCK
14:59:57  == Zaloga iz SAOP (kolicine) ==
14:59:57     STDERR: [1] Razpored za SAOP_STOCK ni omogocen; podjetje je preskoceno.
14:59:57     STDERR: [2] Razpored za SAOP_STOCK ni omogocen; podjetje je preskoceno.
14:59:57     STDERR: [3] Razpored za SAOP_STOCK ni omogocen; podjetje je preskoceno.
14:59:57     STDERR: [4] Razpored za SAOP_STOCK ni omogocen; podjetje je preskoceno.
14:59:57     NAPAKA: worker workers\PIM.SaopStockWorker je koncal z izhodno kodo 1
14:59:57  Zalogovni cikel koncan; padlih korakov: 1.
15:04:46  == Zaloga NW_STOCK ==
15:04:47     [NW_STOCK] preskoceno: Razmik dobavitelja se tece; naslednji prenos po 31. 08. 2026 15:04.
15:04:47     Prevzem koncan: uspesno 0, neuspesno 0, skupaj virov 1.
15:04:48     Prebranih zapisov: 2759; SHA-256: f14370075e0a0bffda011f058c6c14bebfb04150930cb8ec299839e2559b4fa9
15:04:48     Ta posnetek je ze v bazi; vir=NW_STOCK, podjetje=1, cas posnetka=2026-08-31 11:04:48Z, uporabljenih=2759, v karanteni=0, RunId=38f13b45-9822-417d-932d-471dc8dc2226. Zapisano ni bilo nic.
15:04:49     Prebranih zapisov: 2759; SHA-256: f14370075e0a0bffda011f058c6c14bebfb04150930cb8ec299839e2559b4fa9
15:04:49     Ta posnetek je ze v bazi; vir=NW_STOCK, podjetje=2, cas posnetka=2026-08-31 11:04:48Z, uporabljenih=2759, v karanteni=0, RunId=a0942d2f-d7f2-4cd3-8bd8-a8ce53431a18. Zapisano ni bilo nic.
15:04:50     Prebranih zapisov: 2759; SHA-256: f14370075e0a0bffda011f058c6c14bebfb04150930cb8ec299839e2559b4fa9
15:04:50     Ta posnetek je ze v bazi; vir=NW_STOCK, podjetje=3, cas posnetka=2026-08-31 11:04:48Z, uporabljenih=2759, v karanteni=0, RunId=94de628a-9af0-4517-9ba3-83ccede7ffc0. Zapisano ni bilo nic.
15:04:51     Prebranih zapisov: 2759; SHA-256: f14370075e0a0bffda011f058c6c14bebfb04150930cb8ec299839e2559b4fa9
15:04:51     Ta posnetek je ze v bazi; vir=NW_STOCK, podjetje=4, cas posnetka=2026-08-31 11:04:48Z, uporabljenih=2759, v karanteni=0, RunId=db4a9914-c6ee-4ed7-9cb3-d42aa67c341c. Zapisano ni bilo nic.
15:04:51     konec: Zaloga NW_STOCK
15:04:51  == Zaloga BT_STOCK ==
15:04:52     [BT_STOCK] preskoceno: Razmik dobavitelja se tece; naslednji prenos po 31. 08. 2026 16:05.
15:04:52     Prevzem koncan: uspesno 0, neuspesno 0, skupaj virov 1.
15:04:53     Prebranih zapisov: 1389; SHA-256: b5e58b00d97d3a86abd9c759e81992d460fcbfb627258e06e4a6adf09b1bf6cf
15:04:53     Ta posnetek je ze v bazi; vir=BT_STOCK, podjetje=1, cas posnetka=2026-08-31 11:05:00Z, uporabljenih=1389, v karanteni=0, RunId=1fe73126-89d2-4496-8230-03352ad46969. Zapisano ni bilo nic.
15:04:54     Prebranih zapisov: 1389; SHA-256: b5e58b00d97d3a86abd9c759e81992d460fcbfb627258e06e4a6adf09b1bf6cf
15:04:54     Ta posnetek je ze v bazi; vir=BT_STOCK, podjetje=2, cas posnetka=2026-08-31 11:05:00Z, uporabljenih=1389, v karanteni=0, RunId=f496222c-4285-46c1-9d57-a25b46ec24a9. Zapisano ni bilo nic.
15:04:55     Prebranih zapisov: 1389; SHA-256: b5e58b00d97d3a86abd9c759e81992d460fcbfb627258e06e4a6adf09b1bf6cf
15:04:55     Ta posnetek je ze v bazi; vir=BT_STOCK, podjetje=3, cas posnetka=2026-08-31 11:05:00Z, uporabljenih=1389, v karanteni=0, RunId=9d047ae1-f437-4ea6-8ada-c87aaed01386. Zapisano ni bilo nic.
15:04:56     Prebranih zapisov: 1389; SHA-256: b5e58b00d97d3a86abd9c759e81992d460fcbfb627258e06e4a6adf09b1bf6cf
15:04:56     Ta posnetek je ze v bazi; vir=BT_STOCK, podjetje=4, cas posnetka=2026-08-31 11:05:00Z, uporabljenih=1389, v karanteni=0, RunId=2f8b0220-b477-4459-863d-13c2a74fbc34. Zapisano ni bilo nic.
15:04:57     konec: Zaloga BT_STOCK
15:04:57  == Zaloga iz SAOP (kolicine) ==
15:04:57     STDERR: [1] Razpored za SAOP_STOCK ni omogocen; podjetje je preskoceno.
15:04:57     STDERR: [2] Razpored za SAOP_STOCK ni omogocen; podjetje je preskoceno.
15:04:57     STDERR: [3] Razpored za SAOP_STOCK ni omogocen; podjetje je preskoceno.
15:04:57     STDERR: [4] Razpored za SAOP_STOCK ni omogocen; podjetje je preskoceno.
15:04:57     NAPAKA: worker workers\PIM.SaopStockWorker je koncal z izhodno kodo 1
15:04:57  Zalogovni cikel koncan; padlih korakov: 1.
15:09:46  == Zaloga NW_STOCK ==
15:09:48     [NW_STOCK] prevzeto 87.026 bajtov -> C:\Users\david\Desktop\PIM\NoviPIM\PIM_Solution\data\prevzem\NW_STOCK\nw-zaloga.csv
15:09:48     Prevzem koncan: uspesno 1, neuspesno 0, skupaj virov 1.
15:09:49     Prebranih zapisov: 2759; SHA-256: db4b1d1189d6e3dce64b848a85d7b929fbd51564b0fb01bc10b9a5672b2b7b9c
15:09:51     Zaloga zapisana; vir=NW_STOCK, podjetje=1, uporabljenih=2759, v karanteni=0, RunId=94997a94-698b-4746-b3e5-7cab4538091e.
15:09:51     Prebranih zapisov: 2759; SHA-256: db4b1d1189d6e3dce64b848a85d7b929fbd51564b0fb01bc10b9a5672b2b7b9c
15:09:53     Zaloga zapisana; vir=NW_STOCK, podjetje=2, uporabljenih=2759, v karanteni=0, RunId=b1103401-6e61-423a-89b9-ef44f2e9f35b.
15:09:54     Prebranih zapisov: 2759; SHA-256: db4b1d1189d6e3dce64b848a85d7b929fbd51564b0fb01bc10b9a5672b2b7b9c
15:09:55     Zaloga zapisana; vir=NW_STOCK, podjetje=3, uporabljenih=2759, v karanteni=0, RunId=8768706f-fd91-4a33-8bf6-67e6c577bfa6.
15:09:56     Prebranih zapisov: 2759; SHA-256: db4b1d1189d6e3dce64b848a85d7b929fbd51564b0fb01bc10b9a5672b2b7b9c
15:09:57     Zaloga zapisana; vir=NW_STOCK, podjetje=4, uporabljenih=2759, v karanteni=0, RunId=93f7e026-ad8a-4192-aa9c-8f3d85d9f4f4.
15:09:57     konec: Zaloga NW_STOCK
15:09:57  == Zaloga BT_STOCK ==
15:09:58     [BT_STOCK] preskoceno: Razmik dobavitelja se tece; naslednji prenos po 31. 08. 2026 16:05.
15:09:58     Prevzem koncan: uspesno 0, neuspesno 0, skupaj virov 1.
15:09:59     Prebranih zapisov: 1389; SHA-256: b5e58b00d97d3a86abd9c759e81992d460fcbfb627258e06e4a6adf09b1bf6cf
15:09:59     Ta posnetek je ze v bazi; vir=BT_STOCK, podjetje=1, cas posnetka=2026-08-31 11:05:00Z, uporabljenih=1389, v karanteni=0, RunId=1fe73126-89d2-4496-8230-03352ad46969. Zapisano ni bilo nic.
15:10:00     Prebranih zapisov: 1389; SHA-256: b5e58b00d97d3a86abd9c759e81992d460fcbfb627258e06e4a6adf09b1bf6cf
15:10:00     Ta posnetek je ze v bazi; vir=BT_STOCK, podjetje=2, cas posnetka=2026-08-31 11:05:00Z, uporabljenih=1389, v karanteni=0, RunId=f496222c-4285-46c1-9d57-a25b46ec24a9. Zapisano ni bilo nic.
15:10:01     Prebranih zapisov: 1389; SHA-256: b5e58b00d97d3a86abd9c759e81992d460fcbfb627258e06e4a6adf09b1bf6cf
15:10:01     Ta posnetek je ze v bazi; vir=BT_STOCK, podjetje=3, cas posnetka=2026-08-31 11:05:00Z, uporabljenih=1389, v karanteni=0, RunId=9d047ae1-f437-4ea6-8ada-c87aaed01386. Zapisano ni bilo nic.
15:10:02     Prebranih zapisov: 1389; SHA-256: b5e58b00d97d3a86abd9c759e81992d460fcbfb627258e06e4a6adf09b1bf6cf
15:10:02     Ta posnetek je ze v bazi; vir=BT_STOCK, podjetje=4, cas posnetka=2026-08-31 11:05:00Z, uporabljenih=1389, v karanteni=0, RunId=2f8b0220-b477-4459-863d-13c2a74fbc34. Zapisano ni bilo nic.
15:10:02     konec: Zaloga BT_STOCK
15:10:02  == Zaloga iz SAOP (kolicine) ==
15:10:03     STDERR: [1] Razpored za SAOP_STOCK ni omogocen; podjetje je preskoceno.
15:10:03     STDERR: [2] Razpored za SAOP_STOCK ni omogocen; podjetje je preskoceno.
15:10:03     STDERR: [3] Razpored za SAOP_STOCK ni omogocen; podjetje je preskoceno.
15:10:03     STDERR: [4] Razpored za SAOP_STOCK ni omogocen; podjetje je preskoceno.
15:10:03     NAPAKA: worker workers\PIM.SaopStockWorker je koncal z izhodno kodo 1
15:10:03  Zalogovni cikel koncan; padlih korakov: 1.
15:14:46  == Zaloga NW_STOCK ==
15:14:47     [NW_STOCK] preskoceno: Razmik dobavitelja se tece; naslednji prenos po 31. 08. 2026 17:09.
15:14:47     Prevzem koncan: uspesno 0, neuspesno 0, skupaj virov 1.
15:14:48     Prebranih zapisov: 2759; SHA-256: db4b1d1189d6e3dce64b848a85d7b929fbd51564b0fb01bc10b9a5672b2b7b9c
15:14:48     Ta posnetek je ze v bazi; vir=NW_STOCK, podjetje=1, cas posnetka=2026-08-31 13:09:48Z, uporabljenih=2759, v karanteni=0, RunId=94997a94-698b-4746-b3e5-7cab4538091e. Zapisano ni bilo nic.
15:14:49     Prebranih zapisov: 2759; SHA-256: db4b1d1189d6e3dce64b848a85d7b929fbd51564b0fb01bc10b9a5672b2b7b9c
15:14:49     Ta posnetek je ze v bazi; vir=NW_STOCK, podjetje=2, cas posnetka=2026-08-31 13:09:48Z, uporabljenih=2759, v karanteni=0, RunId=b1103401-6e61-423a-89b9-ef44f2e9f35b. Zapisano ni bilo nic.
15:14:50     Prebranih zapisov: 2759; SHA-256: db4b1d1189d6e3dce64b848a85d7b929fbd51564b0fb01bc10b9a5672b2b7b9c
15:14:50     Ta posnetek je ze v bazi; vir=NW_STOCK, podjetje=3, cas posnetka=2026-08-31 13:09:48Z, uporabljenih=2759, v karanteni=0, RunId=8768706f-fd91-4a33-8bf6-67e6c577bfa6. Zapisano ni bilo nic.
15:14:51     Prebranih zapisov: 2759; SHA-256: db4b1d1189d6e3dce64b848a85d7b929fbd51564b0fb01bc10b9a5672b2b7b9c
15:14:51     Ta posnetek je ze v bazi; vir=NW_STOCK, podjetje=4, cas posnetka=2026-08-31 13:09:48Z, uporabljenih=2759, v karanteni=0, RunId=93f7e026-ad8a-4192-aa9c-8f3d85d9f4f4. Zapisano ni bilo nic.
15:14:51     konec: Zaloga NW_STOCK
15:14:51  == Zaloga BT_STOCK ==
15:14:52     [BT_STOCK] preskoceno: Razmik dobavitelja se tece; naslednji prenos po 31. 08. 2026 16:05.
15:14:52     Prevzem koncan: uspesno 0, neuspesno 0, skupaj virov 1.
15:14:53     Prebranih zapisov: 1389; SHA-256: b5e58b00d97d3a86abd9c759e81992d460fcbfb627258e06e4a6adf09b1bf6cf
15:14:53     Ta posnetek je ze v bazi; vir=BT_STOCK, podjetje=1, cas posnetka=2026-08-31 11:05:00Z, uporabljenih=1389, v karanteni=0, RunId=1fe73126-89d2-4496-8230-03352ad46969. Zapisano ni bilo nic.
15:14:54     Prebranih zapisov: 1389; SHA-256: b5e58b00d97d3a86abd9c759e81992d460fcbfb627258e06e4a6adf09b1bf6cf
15:14:54     Ta posnetek je ze v bazi; vir=BT_STOCK, podjetje=2, cas posnetka=2026-08-31 11:05:00Z, uporabljenih=1389, v karanteni=0, RunId=f496222c-4285-46c1-9d57-a25b46ec24a9. Zapisano ni bilo nic.
15:14:55     Prebranih zapisov: 1389; SHA-256: b5e58b00d97d3a86abd9c759e81992d460fcbfb627258e06e4a6adf09b1bf6cf
15:14:56     Ta posnetek je ze v bazi; vir=BT_STOCK, podjetje=3, cas posnetka=2026-08-31 11:05:00Z, uporabljenih=1389, v karanteni=0, RunId=9d047ae1-f437-4ea6-8ada-c87aaed01386. Zapisano ni bilo nic.
15:14:56     Prebranih zapisov: 1389; SHA-256: b5e58b00d97d3a86abd9c759e81992d460fcbfb627258e06e4a6adf09b1bf6cf
15:14:57     Ta posnetek je ze v bazi; vir=BT_STOCK, podjetje=4, cas posnetka=2026-08-31 11:05:00Z, uporabljenih=1389, v karanteni=0, RunId=2f8b0220-b477-4459-863d-13c2a74fbc34. Zapisano ni bilo nic.
15:14:57     konec: Zaloga BT_STOCK
15:14:57  == Zaloga iz SAOP (kolicine) ==
15:14:57     STDERR: [1] Razpored za SAOP_STOCK ni omogocen; podjetje je preskoceno.
15:14:57     STDERR: [2] Razpored za SAOP_STOCK ni omogocen; podjetje je preskoceno.
15:14:58     STDERR: [3] Razpored za SAOP_STOCK ni omogocen; podjetje je preskoceno.
15:14:58     STDERR: [4] Razpored za SAOP_STOCK ni omogocen; podjetje je preskoceno.
15:14:58     NAPAKA: worker workers\PIM.SaopStockWorker je koncal z izhodno kodo 1
15:14:58  Zalogovni cikel koncan; padlih korakov: 1.
15:19:46  == Zaloga NW_STOCK ==
15:19:47     [NW_STOCK] preskoceno: Razmik dobavitelja se tece; naslednji prenos po 31. 08. 2026 17:09.
15:19:47     Prevzem koncan: uspesno 0, neuspesno 0, skupaj virov 1.
15:19:48     Prebranih zapisov: 2759; SHA-256: db4b1d1189d6e3dce64b848a85d7b929fbd51564b0fb01bc10b9a5672b2b7b9c
15:19:48     Ta posnetek je ze v bazi; vir=NW_STOCK, podjetje=1, cas posnetka=2026-08-31 13:09:48Z, uporabljenih=2759, v karanteni=0, RunId=94997a94-698b-4746-b3e5-7cab4538091e. Zapisano ni bilo nic.
15:19:49     Prebranih zapisov: 2759; SHA-256: db4b1d1189d6e3dce64b848a85d7b929fbd51564b0fb01bc10b9a5672b2b7b9c
15:19:49     Ta posnetek je ze v bazi; vir=NW_STOCK, podjetje=2, cas posnetka=2026-08-31 13:09:48Z, uporabljenih=2759, v karanteni=0, RunId=b1103401-6e61-423a-89b9-ef44f2e9f35b. Zapisano ni bilo nic.
15:19:50     Prebranih zapisov: 2759; SHA-256: db4b1d1189d6e3dce64b848a85d7b929fbd51564b0fb01bc10b9a5672b2b7b9c
15:19:50     Ta posnetek je ze v bazi; vir=NW_STOCK, podjetje=3, cas posnetka=2026-08-31 13:09:48Z, uporabljenih=2759, v karanteni=0, RunId=8768706f-fd91-4a33-8bf6-67e6c577bfa6. Zapisano ni bilo nic.
15:19:51     Prebranih zapisov: 2759; SHA-256: db4b1d1189d6e3dce64b848a85d7b929fbd51564b0fb01bc10b9a5672b2b7b9c
15:19:51     Ta posnetek je ze v bazi; vir=NW_STOCK, podjetje=4, cas posnetka=2026-08-31 13:09:48Z, uporabljenih=2759, v karanteni=0, RunId=93f7e026-ad8a-4192-aa9c-8f3d85d9f4f4. Zapisano ni bilo nic.
15:19:51     konec: Zaloga NW_STOCK
15:19:51  == Zaloga BT_STOCK ==
15:19:52     [BT_STOCK] preskoceno: Razmik dobavitelja se tece; naslednji prenos po 31. 08. 2026 16:05.
15:19:52     Prevzem koncan: uspesno 0, neuspesno 0, skupaj virov 1.
15:19:53     Prebranih zapisov: 1389; SHA-256: b5e58b00d97d3a86abd9c759e81992d460fcbfb627258e06e4a6adf09b1bf6cf
15:19:53     Ta posnetek je ze v bazi; vir=BT_STOCK, podjetje=1, cas posnetka=2026-08-31 11:05:00Z, uporabljenih=1389, v karanteni=0, RunId=1fe73126-89d2-4496-8230-03352ad46969. Zapisano ni bilo nic.
15:19:54     Prebranih zapisov: 1389; SHA-256: b5e58b00d97d3a86abd9c759e81992d460fcbfb627258e06e4a6adf09b1bf6cf
15:19:54     Ta posnetek je ze v bazi; vir=BT_STOCK, podjetje=2, cas posnetka=2026-08-31 11:05:00Z, uporabljenih=1389, v karanteni=0, RunId=f496222c-4285-46c1-9d57-a25b46ec24a9. Zapisano ni bilo nic.
15:19:55     Prebranih zapisov: 1389; SHA-256: b5e58b00d97d3a86abd9c759e81992d460fcbfb627258e06e4a6adf09b1bf6cf
15:19:55     Ta posnetek je ze v bazi; vir=BT_STOCK, podjetje=3, cas posnetka=2026-08-31 11:05:00Z, uporabljenih=1389, v karanteni=0, RunId=9d047ae1-f437-4ea6-8ada-c87aaed01386. Zapisano ni bilo nic.
15:19:56     Prebranih zapisov: 1389; SHA-256: b5e58b00d97d3a86abd9c759e81992d460fcbfb627258e06e4a6adf09b1bf6cf
15:19:56     Ta posnetek je ze v bazi; vir=BT_STOCK, podjetje=4, cas posnetka=2026-08-31 11:05:00Z, uporabljenih=1389, v karanteni=0, RunId=2f8b0220-b477-4459-863d-13c2a74fbc34. Zapisano ni bilo nic.
15:19:57     konec: Zaloga BT_STOCK
15:19:57  == Zaloga iz SAOP (kolicine) ==
15:19:57     STDERR: [1] Razpored za SAOP_STOCK ni omogocen; podjetje je preskoceno.
15:19:57     STDERR: [2] Razpored za SAOP_STOCK ni omogocen; podjetje je preskoceno.
15:19:57     STDERR: [3] Razpored za SAOP_STOCK ni omogocen; podjetje je preskoceno.
15:19:57     STDERR: [4] Razpored za SAOP_STOCK ni omogocen; podjetje je preskoceno.
15:19:57     NAPAKA: worker workers\PIM.SaopStockWorker je koncal z izhodno kodo 1
15:19:57  Zalogovni cikel koncan; padlih korakov: 1.
15:24:46  == Zaloga NW_STOCK ==
15:24:47     [NW_STOCK] preskoceno: Razmik dobavitelja se tece; naslednji prenos po 31. 08. 2026 17:09.
15:24:47     Prevzem koncan: uspesno 0, neuspesno 0, skupaj virov 1.
15:24:48     Prebranih zapisov: 2759; SHA-256: db4b1d1189d6e3dce64b848a85d7b929fbd51564b0fb01bc10b9a5672b2b7b9c
15:24:48     Ta posnetek je ze v bazi; vir=NW_STOCK, podjetje=1, cas posnetka=2026-08-31 13:09:48Z, uporabljenih=2759, v karanteni=0, RunId=94997a94-698b-4746-b3e5-7cab4538091e. Zapisano ni bilo nic.
15:24:49     Prebranih zapisov: 2759; SHA-256: db4b1d1189d6e3dce64b848a85d7b929fbd51564b0fb01bc10b9a5672b2b7b9c
15:24:49     Ta posnetek je ze v bazi; vir=NW_STOCK, podjetje=2, cas posnetka=2026-08-31 13:09:48Z, uporabljenih=2759, v karanteni=0, RunId=b1103401-6e61-423a-89b9-ef44f2e9f35b. Zapisano ni bilo nic.
15:24:50     Prebranih zapisov: 2759; SHA-256: db4b1d1189d6e3dce64b848a85d7b929fbd51564b0fb01bc10b9a5672b2b7b9c
15:24:50     Ta posnetek je ze v bazi; vir=NW_STOCK, podjetje=3, cas posnetka=2026-08-31 13:09:48Z, uporabljenih=2759, v karanteni=0, RunId=8768706f-fd91-4a33-8bf6-67e6c577bfa6. Zapisano ni bilo nic.
15:24:51     Prebranih zapisov: 2759; SHA-256: db4b1d1189d6e3dce64b848a85d7b929fbd51564b0fb01bc10b9a5672b2b7b9c
15:24:51     Ta posnetek je ze v bazi; vir=NW_STOCK, podjetje=4, cas posnetka=2026-08-31 13:09:48Z, uporabljenih=2759, v karanteni=0, RunId=93f7e026-ad8a-4192-aa9c-8f3d85d9f4f4. Zapisano ni bilo nic.
15:24:51     konec: Zaloga NW_STOCK
15:24:51  == Zaloga BT_STOCK ==
15:24:52     [BT_STOCK] preskoceno: Razmik dobavitelja se tece; naslednji prenos po 31. 08. 2026 16:05.
15:24:52     Prevzem koncan: uspesno 0, neuspesno 0, skupaj virov 1.
15:24:53     Prebranih zapisov: 1389; SHA-256: b5e58b00d97d3a86abd9c759e81992d460fcbfb627258e06e4a6adf09b1bf6cf
15:24:53     Ta posnetek je ze v bazi; vir=BT_STOCK, podjetje=1, cas posnetka=2026-08-31 11:05:00Z, uporabljenih=1389, v karanteni=0, RunId=1fe73126-89d2-4496-8230-03352ad46969. Zapisano ni bilo nic.
15:24:54     Prebranih zapisov: 1389; SHA-256: b5e58b00d97d3a86abd9c759e81992d460fcbfb627258e06e4a6adf09b1bf6cf
15:24:54     Ta posnetek je ze v bazi; vir=BT_STOCK, podjetje=2, cas posnetka=2026-08-31 11:05:00Z, uporabljenih=1389, v karanteni=0, RunId=f496222c-4285-46c1-9d57-a25b46ec24a9. Zapisano ni bilo nic.
15:24:55     Prebranih zapisov: 1389; SHA-256: b5e58b00d97d3a86abd9c759e81992d460fcbfb627258e06e4a6adf09b1bf6cf
15:24:55     Ta posnetek je ze v bazi; vir=BT_STOCK, podjetje=3, cas posnetka=2026-08-31 11:05:00Z, uporabljenih=1389, v karanteni=0, RunId=9d047ae1-f437-4ea6-8ada-c87aaed01386. Zapisano ni bilo nic.
15:24:56     Prebranih zapisov: 1389; SHA-256: b5e58b00d97d3a86abd9c759e81992d460fcbfb627258e06e4a6adf09b1bf6cf
15:24:56     Ta posnetek je ze v bazi; vir=BT_STOCK, podjetje=4, cas posnetka=2026-08-31 11:05:00Z, uporabljenih=1389, v karanteni=0, RunId=2f8b0220-b477-4459-863d-13c2a74fbc34. Zapisano ni bilo nic.
15:24:57     konec: Zaloga BT_STOCK
15:24:57  == Zaloga iz SAOP (kolicine) ==
15:24:57     STDERR: [1] Razpored za SAOP_STOCK ni omogocen; podjetje je preskoceno.
15:24:57     STDERR: [2] Razpored za SAOP_STOCK ni omogocen; podjetje je preskoceno.
15:24:57     STDERR: [3] Razpored za SAOP_STOCK ni omogocen; podjetje je preskoceno.
15:24:57     STDERR: [4] Razpored za SAOP_STOCK ni omogocen; podjetje je preskoceno.
15:24:57     NAPAKA: worker workers\PIM.SaopStockWorker je koncal z izhodno kodo 1
15:24:57  Zalogovni cikel koncan; padlih korakov: 1.
15:29:46  == Zaloga NW_STOCK ==
15:29:47     [NW_STOCK] preskoceno: Razmik dobavitelja se tece; naslednji prenos po 31. 08. 2026 17:09.
15:29:47     Prevzem koncan: uspesno 0, neuspesno 0, skupaj virov 1.
15:29:48     Prebranih zapisov: 2759; SHA-256: db4b1d1189d6e3dce64b848a85d7b929fbd51564b0fb01bc10b9a5672b2b7b9c
15:29:48     Ta posnetek je ze v bazi; vir=NW_STOCK, podjetje=1, cas posnetka=2026-08-31 13:09:48Z, uporabljenih=2759, v karanteni=0, RunId=94997a94-698b-4746-b3e5-7cab4538091e. Zapisano ni bilo nic.
15:29:49     Prebranih zapisov: 2759; SHA-256: db4b1d1189d6e3dce64b848a85d7b929fbd51564b0fb01bc10b9a5672b2b7b9c
15:29:49     Ta posnetek je ze v bazi; vir=NW_STOCK, podjetje=2, cas posnetka=2026-08-31 13:09:48Z, uporabljenih=2759, v karanteni=0, RunId=b1103401-6e61-423a-89b9-ef44f2e9f35b. Zapisano ni bilo nic.
15:29:50     Prebranih zapisov: 2759; SHA-256: db4b1d1189d6e3dce64b848a85d7b929fbd51564b0fb01bc10b9a5672b2b7b9c
15:29:50     Ta posnetek je ze v bazi; vir=NW_STOCK, podjetje=3, cas posnetka=2026-08-31 13:09:48Z, uporabljenih=2759, v karanteni=0, RunId=8768706f-fd91-4a33-8bf6-67e6c577bfa6. Zapisano ni bilo nic.
15:29:51     Prebranih zapisov: 2759; SHA-256: db4b1d1189d6e3dce64b848a85d7b929fbd51564b0fb01bc10b9a5672b2b7b9c
15:29:51     Ta posnetek je ze v bazi; vir=NW_STOCK, podjetje=4, cas posnetka=2026-08-31 13:09:48Z, uporabljenih=2759, v karanteni=0, RunId=93f7e026-ad8a-4192-aa9c-8f3d85d9f4f4. Zapisano ni bilo nic.
15:29:51     konec: Zaloga NW_STOCK
15:29:51  == Zaloga BT_STOCK ==
15:29:52     [BT_STOCK] preskoceno: Razmik dobavitelja se tece; naslednji prenos po 31. 08. 2026 16:05.
15:29:52     Prevzem koncan: uspesno 0, neuspesno 0, skupaj virov 1.
15:29:53     Prebranih zapisov: 1389; SHA-256: b5e58b00d97d3a86abd9c759e81992d460fcbfb627258e06e4a6adf09b1bf6cf
15:29:53     Ta posnetek je ze v bazi; vir=BT_STOCK, podjetje=1, cas posnetka=2026-08-31 11:05:00Z, uporabljenih=1389, v karanteni=0, RunId=1fe73126-89d2-4496-8230-03352ad46969. Zapisano ni bilo nic.
15:29:54     Prebranih zapisov: 1389; SHA-256: b5e58b00d97d3a86abd9c759e81992d460fcbfb627258e06e4a6adf09b1bf6cf
15:29:54     Ta posnetek je ze v bazi; vir=BT_STOCK, podjetje=2, cas posnetka=2026-08-31 11:05:00Z, uporabljenih=1389, v karanteni=0, RunId=f496222c-4285-46c1-9d57-a25b46ec24a9. Zapisano ni bilo nic.
15:29:55     Prebranih zapisov: 1389; SHA-256: b5e58b00d97d3a86abd9c759e81992d460fcbfb627258e06e4a6adf09b1bf6cf
15:29:55     Ta posnetek je ze v bazi; vir=BT_STOCK, podjetje=3, cas posnetka=2026-08-31 11:05:00Z, uporabljenih=1389, v karanteni=0, RunId=9d047ae1-f437-4ea6-8ada-c87aaed01386. Zapisano ni bilo nic.
15:29:56     Prebranih zapisov: 1389; SHA-256: b5e58b00d97d3a86abd9c759e81992d460fcbfb627258e06e4a6adf09b1bf6cf
15:29:57     Ta posnetek je ze v bazi; vir=BT_STOCK, podjetje=4, cas posnetka=2026-08-31 11:05:00Z, uporabljenih=1389, v karanteni=0, RunId=2f8b0220-b477-4459-863d-13c2a74fbc34. Zapisano ni bilo nic.
15:29:57     konec: Zaloga BT_STOCK
15:29:57  == Zaloga iz SAOP (kolicine) ==
15:29:57     STDERR: [1] Razpored za SAOP_STOCK ni omogocen; podjetje je preskoceno.
15:29:57     STDERR: [2] Razpored za SAOP_STOCK ni omogocen; podjetje je preskoceno.
15:29:57     STDERR: [3] Razpored za SAOP_STOCK ni omogocen; podjetje je preskoceno.
15:29:57     STDERR: [4] Razpored za SAOP_STOCK ni omogocen; podjetje je preskoceno.
15:29:58     NAPAKA: worker workers\PIM.SaopStockWorker je koncal z izhodno kodo 1
15:29:58  Zalogovni cikel koncan; padlih korakov: 1.
15:34:47  == Zaloga NW_STOCK ==
15:34:47     [NW_STOCK] preskoceno: Razmik dobavitelja se tece; naslednji prenos po 31. 08. 2026 17:09.
15:34:47     Prevzem koncan: uspesno 0, neuspesno 0, skupaj virov 1.
15:34:48     Prebranih zapisov: 2759; SHA-256: db4b1d1189d6e3dce64b848a85d7b929fbd51564b0fb01bc10b9a5672b2b7b9c
15:34:48     Ta posnetek je ze v bazi; vir=NW_STOCK, podjetje=1, cas posnetka=2026-08-31 13:09:48Z, uporabljenih=2759, v karanteni=0, RunId=94997a94-698b-4746-b3e5-7cab4538091e. Zapisano ni bilo nic.
15:34:49     Prebranih zapisov: 2759; SHA-256: db4b1d1189d6e3dce64b848a85d7b929fbd51564b0fb01bc10b9a5672b2b7b9c
15:34:49     Ta posnetek je ze v bazi; vir=NW_STOCK, podjetje=2, cas posnetka=2026-08-31 13:09:48Z, uporabljenih=2759, v karanteni=0, RunId=b1103401-6e61-423a-89b9-ef44f2e9f35b. Zapisano ni bilo nic.
15:34:50     Prebranih zapisov: 2759; SHA-256: db4b1d1189d6e3dce64b848a85d7b929fbd51564b0fb01bc10b9a5672b2b7b9c
15:34:50     Ta posnetek je ze v bazi; vir=NW_STOCK, podjetje=3, cas posnetka=2026-08-31 13:09:48Z, uporabljenih=2759, v karanteni=0, RunId=8768706f-fd91-4a33-8bf6-67e6c577bfa6. Zapisano ni bilo nic.
15:34:51     Prebranih zapisov: 2759; SHA-256: db4b1d1189d6e3dce64b848a85d7b929fbd51564b0fb01bc10b9a5672b2b7b9c
15:34:51     Ta posnetek je ze v bazi; vir=NW_STOCK, podjetje=4, cas posnetka=2026-08-31 13:09:48Z, uporabljenih=2759, v karanteni=0, RunId=93f7e026-ad8a-4192-aa9c-8f3d85d9f4f4. Zapisano ni bilo nic.
15:34:51     konec: Zaloga NW_STOCK
15:34:51  == Zaloga BT_STOCK ==
15:34:52     [BT_STOCK] preskoceno: Razmik dobavitelja se tece; naslednji prenos po 31. 08. 2026 16:05.
15:34:52     Prevzem koncan: uspesno 0, neuspesno 0, skupaj virov 1.
15:34:53     Prebranih zapisov: 1389; SHA-256: b5e58b00d97d3a86abd9c759e81992d460fcbfb627258e06e4a6adf09b1bf6cf
15:34:53     Ta posnetek je ze v bazi; vir=BT_STOCK, podjetje=1, cas posnetka=2026-08-31 11:05:00Z, uporabljenih=1389, v karanteni=0, RunId=1fe73126-89d2-4496-8230-03352ad46969. Zapisano ni bilo nic.
15:34:54     Prebranih zapisov: 1389; SHA-256: b5e58b00d97d3a86abd9c759e81992d460fcbfb627258e06e4a6adf09b1bf6cf
15:34:54     Ta posnetek je ze v bazi; vir=BT_STOCK, podjetje=2, cas posnetka=2026-08-31 11:05:00Z, uporabljenih=1389, v karanteni=0, RunId=f496222c-4285-46c1-9d57-a25b46ec24a9. Zapisano ni bilo nic.
15:34:55     Prebranih zapisov: 1389; SHA-256: b5e58b00d97d3a86abd9c759e81992d460fcbfb627258e06e4a6adf09b1bf6cf
15:34:55     Ta posnetek je ze v bazi; vir=BT_STOCK, podjetje=3, cas posnetka=2026-08-31 11:05:00Z, uporabljenih=1389, v karanteni=0, RunId=9d047ae1-f437-4ea6-8ada-c87aaed01386. Zapisano ni bilo nic.
15:34:56     Prebranih zapisov: 1389; SHA-256: b5e58b00d97d3a86abd9c759e81992d460fcbfb627258e06e4a6adf09b1bf6cf
15:34:57     Ta posnetek je ze v bazi; vir=BT_STOCK, podjetje=4, cas posnetka=2026-08-31 11:05:00Z, uporabljenih=1389, v karanteni=0, RunId=2f8b0220-b477-4459-863d-13c2a74fbc34. Zapisano ni bilo nic.
15:34:57     konec: Zaloga BT_STOCK
15:34:57  == Zaloga iz SAOP (kolicine) ==
15:34:57     STDERR: [1] Razpored za SAOP_STOCK ni omogocen; podjetje je preskoceno.
15:34:57     STDERR: [2] Razpored za SAOP_STOCK ni omogocen; podjetje je preskoceno.
15:34:57     STDERR: [3] Razpored za SAOP_STOCK ni omogocen; podjetje je preskoceno.
15:34:57     STDERR: [4] Razpored za SAOP_STOCK ni omogocen; podjetje je preskoceno.
15:34:58     NAPAKA: worker workers\PIM.SaopStockWorker je koncal z izhodno kodo 1
15:34:58  Zalogovni cikel koncan; padlih korakov: 1.
